phase1 acc_mag=9.134 gravity=9.522 motion=0.388 moving_avg=0.605 rms=0.819 mean_rms=0.961 max_rms=1.042 min_rms=0.804 std=0.080 var=0.006 state=standing thr=1.121/1.321/1.821
9.94,0.25,98.69,0.6508,-0.0683,-0.0536,-0.7543,1.32,1.93,8.57,-11.69,-0.25,28.75,8.88,0,1.70,0.0066,0.0340,1,0.675,0.000,0.00,0.00,0.675,0
10.12,1.50,98.00,0.6533,-0.0755,-0.0477,-0.7518,1.59,-0.11,9.39,-8.50,-1.38,-4.94,9.52,0,1.70,0.0102,0.0341,1,0.675,0.000,0.00,0.00,0.675,0
10.25,1.75,98.00,0.6534,-0.0783,-0.0470,-0.7515,1.37,-0.13,9.28,-5.00,-3.25,6.56,9.38,0,1.70,0.0113,0.0346,1,0.675,0.000,0.00,0.00,0.675,0
phase1 acc_mag=9.420 gravity=9.518 motion=0.098 moving_avg=0.532 rms=0.774 mean_rms=0.921 max_rms=1.042 min_rms=0.774 std=0.100 var=0.010 state=standing thr=1.120/1.320/1.820
10.19,2.12,97.62,0.6555,-0.0790,-0.0446,-0.7497,0.91,-0.33,9.37,-9.25,-3.81,13.50,9.42,0,1.70,0.0120,0.0341,1,0.675,0.000,0.00,0.00,0.675,0
10.50,3.88,95.50,0.6691,-0.0903,-0.0367,-0.7368,2.17,-0.82,9.10,-29.50,-4.94,26.62,9.39,0,1.70,0.0168,0.0350,1,0.675,0.000,0.00,0.00,0.675,0
10.44,5.56,94.69,0.6736,-0.0999,-0.0264,-0.7319,2.30,-0.90,9.23,-16.25,3.56,-10.31,9.55,0,1.70,0.0221,0.0346,1,0.675,0.000,0.00,0.00,0.675,0
10.06,6.19,95.75,0.6663,-0.1021,-0.0178,-0.7385,1.22,-1.22,8.88,-20.81,8.19,-5.81,9.05,0,1.70,0.0254,0.0324,1,0.675,0.000,0.00,0.00,0.675,0
phase1 acc_mag=9.956 gravity=9.498 motion=0.458 moving_avg=0.460 rms=0.707 mean_rms=0.869 max_rms=1.039 min_rms=0.707 std=0.103 var=0.011 state=standing thr=1.075/1.275/1.775
9.62,7.38,95.44,0.6689,-0.1057,-0.0095,-0.7358,1.51,-1.49,9.65,-13.75,2.69,6.38,9.88,0,1.70,0.0286,0.0311,1,0.675,0.000,0.00,0.00,0.675,0
9.50,7.75,96.81,0.6598,-0.1069,-0.0053,-0.7438,0.88,-1.54,9.97,-3.06,5.19,-34.50,10.13,0,1.70,0.0304,0.0298,1,0.675,0.000,0.00,0.00,0.675,0
9.38,6.69,98.94,0.6459,-0.0994,-0.0105,-0.7569,0.84,-0.59,9.15,16.06,-0.12,-7.62,9.21,0,1.70,0.0274,0.0288,1,0.675,0.000,0.00,0.00,0.675,0
9.12,5.81,99.31,0.6442,-0.0936,-0.0135,-0.7590,0.83,-0.79,9.48,-0.06,-1.56,2.88,9.55,0,1.70,0.0249,0.0282,1,0.675,0.000,0.00,0.00,0.675,0
phase1 acc_mag=9.731 gravity=9.539 motion=0.192 moving_avg=0.385 rms=0.626 mean_rms=0.796 max_rms=1.029 min_rms=0.626 std=0.090 var=0.008 state=standing thr=0.977/1.177/1.677
9.31,5.62,98.44,0.6513,-0.0938,-0.0173,-0.7528,2.02,-0.54,8.90,9.62,-8.00,18.31,9.14,0,1.70,0.0237,0.0296,1,0.675,0.000,0.00,0.00,0.675,0
9.62,5.25,96.00,0.6658,-0.0932,-0.0224,-0.7399,1.79,-1.23,9.56,20.06,-9.38,38.31,9.80,0,1.70,0.0216,0.0315,1,0.675,0.000,0.00,0.00,0.675,0
10.00,4.06,94.06,0.6804,-0.0862,-0.0366,-0.7268,3.51,0.82,8.76,47.50,-8.62,41.06,9.47,0,1.70,0.0151,0.0341,1,0.675,0.000,0.00,0.00,0.675,0
phase1 acc_mag=9.853 gravity=9.609 motion=0.244 moving_avg=0.271 rms=0.433 mean_rms=0.720 max_rms=0.886 min_rms=0.433 std=0.115 var=0.013 state=standing thr=0.950/1.150/1.650
10.12,3.81,94.00,0.6787,-0.0870,-0.0361,-0.7283,1.25,-0.67,9.75,-8.94,-0.88,-9.88,9.85,0,1.70,0.0155,0.0342,1,0.675,0.000,0.00,0.00,0.675,0
10.38,2.94,93.12,0.6844,-0.0835,-0.0438,-0.7230,1.76,-0.50,9.23,4.56,-3.06,11.69,9.41,0,1.70,0.0122,0.0355,1,0.675,0.000,0.00,0.00,0.675,0
10.50,3.00,92.12,0.6907,-0.0843,-0.0450,-0.7169,1.85,-0.71,9.36,-8.06,-3.81,13.25,9.57,0,1.70,0.0117,0.0362,1,0.675,0.000,0.00,0.00,0.675,0
10.69,3.06,91.12,0.6964,-0.0856,-0.0465,-0.7110,1.87,-0.66,9.31,-5.38,-0.56,-1.94,9.52,0,1.70,0.0114,0.0371,1,0.675,0.000,0.00,0.00,0.675,0
phase1 acc_mag=9.398 gravity=9.502 motion=0.105 moving_avg=0.176 rms=0.231 mean_rms=0.613 max_rms=0.820 min_rms=0.231 std=0.184 var=0.034 state=standing thr=0.981/1.181/1.681
10.62,2.69,91.75,0.6926,-0.0833,-0.0477,-0.7149,1.73,-0.44,9.27,2.19,3.56,-8.38,9.44,0,1.70,0.0106,0.0367,1,0.675,0.000,0.00,0.00,0.675,0
10.44,2.56,91.62,0.6940,-0.0809,-0.0476,-0.7137,1.87,-0.60,9.34,4.25,2.44,5.69,9.54,0,1.70,0.0099,0.0361,1,0.675,0.000,0.00,0.00,0.675,0
10.31,2.38,91.56,0.6942,-0.0790,-0.0479,-0.7139,1.83,-0.36,9.27,4.12,2.94,-3.56,9.46,0,1.70,0.0093,0.0356,1,0.675,0.000,0.00,0.00,0.675,0
10.00,1.38,92.88,0.6839,-0.0708,-0.0511,-0.7243,1.44,-0.15,9.36,3.19,10.88,-45.50,9.47,0,1.70,0.0065,0.0342,1,0.675,0.000,0.00,0.00,0.675,0
phase1 acc_mag=9.591 gravity=9.498 motion=0.093 moving_avg=0.170 rms=0.224 mean_rms=0.493 max_rms=0.774 min_rms=0.220 std=0.211 var=0.044 state=standing thr=0.914/1.114/1.614
9.75,0.75,94.31,0.6772,-0.0671,-0.0527,-0.7308,0.82,0.42,8.74,15.19,5.62,-24.62,8.79,0,1.70,0.0053,0.0336,1,0.675,0.000,0.00,0.00,0.675,0
9.69,0.62,94.25,0.6776,-0.0660,-0.0535,-0.7305,1.82,0.12,9.48,-1.50,0.06,4.56,9.65,0,1.70,0.0048,0.0335,1,0.675,0.000,0.00,0.00,0.675,0
9.94,0.94,93.69,0.6816,-0.0692,-0.0532,-0.7264,1.82,-0.13,9.21,-2.75,-2.12,5.56,9.39,0,1.70,0.0056,0.0343,1,0.675,0.000,0.00,0.00,0.675,0
10.06,0.94,93.44,0.6829,-0.0698,-0.0540,-0.7252,1.63,0.10,9.26,1.25,-2.31,4.44,9.40,0,1.70,0.0055,0.0347,1,0.675,0.000,0.00,0.00,0.675,0
phase1 acc_mag=9.408 gravity=9.483 motion=0.075 moving_avg=0.166 rms=0.242 mean_rms=0.380 max_rms=0.681 min_rms=0.220 std=0.177 var=0.031 state=standing thr=0.734/0.934/1.434
10.19,1.12,93.12,0.6847,-0.0717,-0.0538,-0.7233,1.69,-0.23,9.38,-1.88,-2.25,2.94,9.53,0,1.70,0.0060,0.0352,1,0.675,0.000,0.00,0.00,0.675,0
10.19,1.25,92.50,0.6884,-0.0721,-0.0538,-0.7197,1.22,0.08,9.15,-2.06,-1.38,21.50,9.23,0,1.70,0.0059,0.0353,1,0.675,0.000,0.00,0.00,0.675,0
10.25,2.00,90.56,0.7023,-0.0767,-0.0500,-0.7059,2.05,-0.04,9.48,-7.81,-4.06,29.88,9.70,0,1.70,0.0076,0.0357,1,0.675,0.000,0.00,0.00,0.675,0
10.25,2.62,89.00,0.7101,-0.0793,-0.0480,-0.6980,1.89,-0.21,9.58,-1.69,-0.31,13.12,9.77,0,1.70,0.0085,0.0359,1,0.675,0.000,0.00,0.00,0.675,0
phase1 acc_mag=9.815 gravity=9.491 motion=0.324 moving_avg=0.166 rms=0.238 mean_rms=0.293 max_rms=0.596 min_rms=0.218 std=0.115 var=0.013 state=standing thr=0.523/0.723/1.223
10.25,2.44,88.69,0.7125,-0.0776,-0.0495,-0.6956,1.96,-0.32,9.50,1.25,1.19,1.94,9.71,0,1.70,0.0075,0.0359,1,0.675,0.000,0.00,0.00,0.675,0
10.12,2.31,88.44,0.7136,-0.0765,-0.0494,-0.6946,1.93,-0.23,9.45,-5.44,0.31,9.25,9.65,0,1.70,0.0072,0.0356,1,0.675,0.000,0.00,0.00,0.675,0
10.19,2.62,88.06,0.7158,-0.0786,-0.0480,-0.6923,1.90,-0.26,9.46,-4.31,-0.25,9.88,9.65,0,1.70,0.0080,0.0358,1,0.675,0.000,0.00,0.00,0.675,0
10.31,2.94,87.50,0.7191,-0.0808,-0.0475,-0.6886,1.91,-0.19,9.39,-0.12,-0.81,2.19,9.58,0,1.70,0.0086,0.0363,1,0.675,0.000,0.00,0.00,0.675,0
phase1 acc_mag=9.732 gravity=9.510 motion=0.222 moving_avg=0.158 rms=0.228 mean_rms=0.237 max_rms=0.400 min_rms=0.218 std=0.027 var=0.001 state=standing thr=0.291/0.491/0.991
10.31,2.88,87.75,0.7177,-0.0804,-0.0478,-0.6901,1.77,-0.23,9.51,-0.69,1.56,-4.69,9.68,0,1.70,0.0085,0.0363,1,0.675,0.000,0.00,0.00,0.675,0
10.31,2.88,87.69,0.7177,-0.0808,-0.0477,-0.6900,1.82,-0.30,9.47,-1.31,-0.50,0.69,9.65,0,1.70,0.0086,0.0364,1,0.675,0.000,0.00,0.00,0.675,0
10.38,2.94,87.75,0.7177,-0.0813,-0.0475,-0.6899,1.81,-0.36,9.47,-1.12,-1.12,1.62,9.65,0,1.70,0.0088,0.0364,1,0.675,0.000,0.00,0.00,0.675,0
10.44,3.06,87.69,0.7177,-0.0822,-0.0473,-0.6898,1.74,-0.33,9.57,-2.31,-0.44,1.38,9.73,0,1.70,0.0091,0.0366,1,0.675,0.000,0.00,0.00,0.675,0
phase1 acc_mag=9.677 gravity=9.553 motion=0.124 moving_avg=0.174 rms=0.235 mean_rms=0.232 max_rms=0.256 min_rms=0.218 std=0.008 var=0.000 state=standing thr=0.248/0.448/0.948
10.44,3.12,87.56,0.7186,-0.0828,-0.0469,-0.6890,1.69,-0.37,9.48,-1.88,-0.31,2.88,9.64,0,1.70,0.0093,0.0367,1,0.675,0.000,0.00,0.00,0.675,0
10.38,3.25,87.00,0.7219,-0.0831,-0.0464,-0.6855,1.81,-0.53,9.45,-1.12,-0.31,5.31,9.64,0,1.70,0.0094,0.0367,1,0.675,0.000,0.00,0.00,0.675,0
10.25,3.25,87.31,0.7202,-0.0823,-0.0455,-0.6874,1.79,-0.48,9.41,-1.19,4.44,-14.19,9.59,0,1.70,0.0095,0.0362,1,0.675,0.000,0.00,0.00,0.675,0
10.06,3.44,88.06,0.7150,-0.0831,-0.0416,-0.6929,1.65,-0.47,9.66,-11.62,6.12,-7.31,9.81,0,1.70,0.0111,0.0353,1,0.675,0.000,0.00,0.00,0.675,0
phase1 acc_mag=9.796 gravity=9.616 motion=0.180 moving_avg=0.167 rms=0.221 mean_rms=0.234 max_rms=0.256 min_rms=0.218 std=0.006 var=0.000 state=standing thr=0.247/0.447/0.947
9.69,3.88,88.88,0.7107,-0.0835,-0.0369,-0.6975,1.64,-0.64,9.50,-4.81,5.44,-9.94,9.66,0,1.70,0.0128,0.0340,1,0.675,0.000,0.00,0.00,0.675,0
9.62,4.06,89.00,0.7103,-0.0847,-0.0348,-0.6979,1.78,-0.74,9.40,-3.38,-1.56,4.12,9.60,0,1.70,0.0137,0.0338,1,0.675,0.000,0.00,0.00,0.675,0
9.69,4.12,89.19,0.7090,-0.0850,-0.0355,-0.6991,1.71,-0.66,9.75,5.50,0.44,-9.31,9.92,0,1.70,0.0137,0.0340,1,0.675,0.000,0.00,0.00,0.675,0
9.69,3.38,90.44,0.7003,-0.0804,-0.0395,-0.7082,1.33,-0.36,9.71,6.69,1.06,-21.94,9.81,0,1.70,0.0117,0.0337,1,0.675,0.000,0.00,0.00,0.675,0
phase1 acc_mag=9.773 gravity=9.674 motion=0.098 moving_avg=0.160 rms=0.194 mean_rms=0.226 max_rms=0.238 min_rms=0.188 std=0.015 var=0.000 state=standing thr=0.255/0.455/0.955
9.88,3.00,90.94,0.6984,-0.0798,-0.0417,-0.7101,1.71,-0.42,9.46,1.69,-4.88,3.06,9.62,0,1.70,0.0110,0.0341,1,0.675,0.000,0.00,0.00,0.675,0
10.19,3.06,90.38,0.7014,-0.0820,-0.0442,-0.7067,1.84,-0.46,9.58,0.50,-5.44,6.88,9.77,0,1.70,0.0108,0.0355,1,0.675,0.000,0.00,0.00,0.675,0
10.50,3.00,90.44,0.7003,-0.0834,-0.0462,-0.7075,1.83,-0.56,9.84,3.00,-1.75,-9.38,10.02,0,1.70,0.0107,0.0364,1,0.675,0.000,0.00,0.00,0.675,0
10.62,2.50,91.31,0.6945,-0.0810,-0.0500,-0.7133,2.02,-0.60,9.83,10.00,-0.94,-17.44,10.05,0,1.70,0.0092,0.0368,1,0.675,0.000,0.00,0.00,0.675,0
phase1 acc_mag=9.784 gravity=9.714 motion=0.071 moving_avg=0.129 rms=0.153 mean_rms=0.211 max_rms=0.238 min_rms=0.151 std=0.029 var=0.001 state=standing thr=0.269/0.469/0.969
10.75,1.44,92.44,0.6884,-0.0761,-0.0564,-0.7191,2.14,-0.07,9.21,8.56,-2.62,-5.62,9.46,0,1.70,0.0064,0.0372,1,0.675,0.000,0.00,0.00,0.675,0
10.94,0.62,92.00,0.6914,-0.0713,-0.0640,-0.7161,2.36,-0.19,9.67,28.81,-2.50,0.25,9.96,0,1.70,0.0027,0.0380,1,0.675,0.000,0.00,0.00,0.675,0
11.00,-3.62,90.88,0.6977,-0.0463,-0.0901,-0.7092,2.44,0.85,10.63,90.12,0.75,9.00,10.94,0,1.70,-0.0120,0.0385,1,0.675,0.000,0.00,0.00,0.675,0
10.56,-9.19,90.62,0.6977,-0.0103,-0.1215,-0.7059,1.02,2.55,9.92,83.81,7.12,-14.38,10.29,0,1.70,-0.0310,0.0372,1,0.675,0.000,0.00,0.00,0.675,0
phase1 acc_mag=10.866 gravity=9.786 motion=1.079 moving_avg=0.198 rms=0.321 mean_rms=0.203 max_rms=0.321 min_rms=0.151 std=0.039 var=0.002 state=slow thr=0.281/0.481/0.981
9.81,-15.12,90.50,0.6948,0.0341,-0.1566,-0.7012,2.08,3.41,8.08,60.06,6.56,-3.75,9.01,0,1.70,-0.0531,0.0344,1,0.675,0.000,0.00,0.00,0.675,0
10.25,-18.25,89.81,0.6965,0.0473,-0.1752,-0.6943,2.18,2.97,8.92,38.38,-8.94,11.25,9.65,0,1.70,-0.0619,0.0355,1,0.675,0.000,0.00,0.00,0.675,0
11.00,-19.75,89.88,0.6935,0.0509,-0.1898,-0.6932,2.53,3.75,7.57,9.31,-13.75,-3.25,8.82,0,1.70,-0.0668,0.0385,1,0.675,0.000,0.00,0.00,0.675,0
11.06,-20.00,91.31,0.6852,0.0494,-0.1910,-0.7011,2.21,4.13,7.20,-16.19,-1.56,-25.81,8.59,0,1.70,-0.0662,0.0400,1,0.675,0.000,0.00,0.00,0.675,0
phase1 acc_mag=8.866 gravity=9.608 motion=0.743 moving_avg=0.358 rms=0.538 mean_rms=0.248 max_rms=0.538 min_rms=0.151 std=0.110 var=0.012 state=slow thr=0.469/0.669/1.169
10.19,-18.62,93.88,0.6709,0.0432,-0.1786,-0.7184,1.82,3.91,7.78,-49.81,6.12,-49.81,8.90,0,1.70,-0.0603,0.0397,1,0.675,0.000,0.00,0.00,0.675,0
8.25,-14.62,98.25,0.6432,0.0246,-0.1364,-0.7530,1.47,4.04,8.28,-94.38,16.31,-70.44,9.33,0,1.70,-0.0425,0.0347,1,0.675,0.000,0.00,0.00,0.675,0
6.50,-10.31,102.94,0.6142,0.0094,-0.1015,-0.7825,0.80,2.32,7.73,-52.12,11.88,-70.06,8.11,0,1.70,-0.0279,0.0295,1,0.675,0.000,0.00,0.00,0.675,0
5.00,-3.62,105.94,0.6013,-0.0159,-0.0518,-0.7972,-1.78,-2.53,12.64,-151.44,24.56,-39.38,13.01,0,1.70,-0.0074,0.0204,1,0.675,0.000,0.00,0.00,0.675,0
phase1 acc_mag=10.720 gravity=9.760 motion=0.960 moving_avg=0.690 rms=1.364 mean_rms=0.351 max_rms=1.364 min_rms=0.151 std=0.256 var=0.066 state=walking thr=0.864/1.064/1.564
4.44,-1.31,109.00,0.5800,-0.0250,-0.0322,-0.8136,0.82,-0.48,8.32,46.88,-21.88,-37.00,8.37,0,1.70,0.0007,0.0163,1,0.675,0.000,0.00,0.00,0.675,0
5.50,-3.25,111.88,0.5560,-0.0246,-0.0500,-0.8293,-1.03,-0.69,8.08,2.56,-7.50,-55.38,8.17,0,1.70,-0.0030,0.0221,1,0.675,0.000,0.00,0.00,0.675,0
5.12,-1.31,112.25,0.5583,-0.0321,-0.0317,-0.8284,0.50,-0.30,9.52,-37.75,10.56,28.38,9.54,0,1.70,0.0036,0.0177,1,0.675,0.000,0.00,0.00,0.675,0
4.56,2.62,110.38,0.5699,-0.0458,-0.0039,-0.8204,1.73,-1.78,10.30,-56.75,-2.88,33.06,10.59,0,1.70,0.0141,0.0117,1,0.675,0.000,0.00,0.00,0.675,0
phase1 acc_mag=10.630 gravity=9.680 motion=0.949 moving_avg=0.852 rms=1.475 mean_rms=0.604 max_rms=1.475 min_rms=0.151 std=0.488 var=0.238 state=standing thr=1.579/1.779/2.279
5.12,4.88,109.25,0.5767,-0.0623,0.0100,-0.8145,-0.03,-0.62,9.94,-16.00,0.81,-16.06,9.96,0,1.70,0.0226,0.0111,1,0.675,0.000,0.00,0.00,0.675,0
4.94,5.50,110.94,0.5656,-0.0628,0.0151,-0.8221,-0.47,-0.11,9.12,-5.81,-1.06,0.81,9.13,0,1.70,0.0241,0.0092,1,0.675,0.000,0.00,0.00,0.675,0
5.38,6.81,108.38,0.5832,-0.0731,0.0208,-0.8088,0.83,-0.30,9.58,5.44,-15.19,49.31,9.62,0,1.70,0.0285,0.0103,1,0.675,0.000,0.00,0.00,0.675,0
6.06,7.12,105.50,0.6040,-0.0811,0.0175,-0.7926,0.70,-0.60,9.46,-11.44,-9.81,18.50,9.50,0,1.70,0.0299,0.0140,1,0.675,0.000,0.00,0.00,0.675,0
phase1 acc_mag=9.820 gravity=9.668 motion=0.152 moving_avg=0.893 rms=1.483 mean_rms=0.895 max_rms=1.483 min_rms=0.152 std=0.527 var=0.278 state=standing thr=1.949/2.149/2.649
6.62,8.62,105.56,0.6018,-0.0917,0.0245,-0.7930,0.13,-0.57,10.22,-21.38,-6.19,-7.19,10.24,0,1.70,0.0350,0.0143,1,0.675,0.000,0.00,0.00,0.675,0
7.19,9.44,105.50,0.5986,-0.0996,0.0248,-0.7944,0.71,-0.59,9.88,22.94,-6.38,-46.19,9.92,0,1.70,0.0376,0.0160,1,0.675,0.000,0.00,0.00,0.675,0
8.56,6.44,110.75,0.5656,-0.0936,0.0034,-0.8194,0.01,-1.96,10.15,49.94,-13.25,-102.31,10.34,0,1.70,0.0314,0.0201,1,0.675,0.000,0.00,0.00,0.675,0
8.19,4.81,111.94,0.5629,-0.0809,-0.0061,-0.8226,2.01,-2.54,12.87,13.56,16.50,62.25,13.27,0,1.70,0.0253,0.0202,1,0.675,0.000,0.00,0.00,0.675,0
phase1 acc_mag=12.222 gravity=9.823 motion=2.398 moving_avg=0.967 rms=1.583 mean_rms=1.155 max_rms=1.583 min_rms=0.393 std=0.446 var=0.199 state=standing thr=2.046/2.246/2.746
9.06,0.00,110.62,0.5670,-0.0653,-0.0446,-0.8199,3.43,0.42,7.18,129.56,-16.25,-84.38,7.97,0,1.70,0.0113,0.0294,1,0.675,0.000,0.00,0.00,0.675,0
10.12,-7.75,115.19,0.5308,-0.0385,-0.1084,-0.8397,1.23,1.65,10.29,45.50,-20.81,-23.12,10.49,0,1.70,-0.0101,0.0446,1,0.675,0.000,0.00,0.00,0.675,0
11.56,-9.50,114.69,0.5350,-0.0411,-0.1234,-0.8348,2.17,1.69,9.23,27.00,-11.19,24.69,9.63,0,1.70,-0.0127,0.0500,1,0.675,0.000,0.00,0.00,0.675,0
phase1 acc_mag=7.725 gravity=9.963 motion=2.238 moving_avg=1.007 rms=1.642 mean_rms=1.390 max_rms=1.642 min_rms=0.557 std=0.302 var=0.091 state=standing thr=1.994/2.194/2.694
11.44,-14.00,115.38,0.5286,-0.0176,-0.1612,-0.8333,2.15,3.25,6.67,80.94,-2.81,9.88,7.72,0,1.70,-0.0282,0.0575,1,0.675,0.000,0.00,0.00,0.675,0
12.69,-16.81,113.31,0.5403,-0.0143,-0.1816,-0.8215,2.22,2.93,7.64,6.12,-4.75,24.38,8.48,0,1.70,-0.0346,0.0628,2,0.749,0.000,0.00,0.00,1.423,0
13.12,-16.88,113.19,0.5408,-0.0173,-0.1837,-0.8207,1.92,3.03,7.97,-21.69,3.31,-17.19,8.74,0,1.70,-0.0340,0.0641,2,0.749,0.000,0.00,0.00,1.423,0
12.56,-15.75,115.00,0.5289,-0.0215,-0.1712,-0.8310,1.09,4.21,8.36,-22.62,5.31,-2.25,9.42,0,1.70,-0.0291,0.0615,2,0.749,0.000,0.00,0.00,1.423,0
phase1 acc_mag=9.653 gravity=9.629 motion=0.023 moving_avg=0.813 rms=1.120 mean_rms=1.508 max_rms=1.697 min_rms=1.120 std=0.117 var=0.014 state=standing thr=1.743/1.943/2.443
11.81,-14.12,115.00,0.5302,-0.0227,-0.1582,-0.8326,0.97,3.86,8.48,-14.12,11.88,5.62,9.37,0,1.70,-0.0260,0.0575,2,0.749,0.000,0.00,0.00,1.423,0
10.81,-12.19,115.38,0.5273,-0.0243,-0.1364,-0.8383,0.95,3.91,8.61,-30.56,17.62,-15.44,9.50,0,1.70,-0.0206,0.0508,2,0.749,0.000,0.00,0.00,1.423,0
8.69,-7.88,117.00,0.5195,-0.0292,-0.0983,-0.8483,2.84,-0.76,12.54,-86.69,32.38,25.75,12.88,0,1.70,-0.0105,0.0394,2,0.749,0.000,0.00,0.00,1.423,0
phase1 acc_mag=11.459 gravity=9.929 motion=1.530 moving_avg=0.978 rms=1.447 mean_rms=1.445 max_rms=1.697 min_rms=1.062 std=0.196 var=0.039 state=standing thr=1.838/2.038/2.538
8.44,-1.19,112.00,0.5620,-0.0569,-0.0493,-0.8237,0.96,-2.01,11.24,-41.44,-10.75,88.75,11.46,0,1.70,0.0077,0.0290,2,0.749,0.000,0.00,0.00,1.423,0
9.94,-4.62,110.31,0.5687,-0.0484,-0.0828,-0.8170,2.65,-0.24,7.64,40.50,-13.75,-24.31,8.09,0,1.70,-0.0030,0.0381,3,0.732,1.333,109.29,1.82,2.155,1
8.56,-2.81,110.19,0.5700,-0.0475,-0.0632,-0.8178,0.42,-0.44,9.85,-42.94,20.38,27.31,9.87,0,1.70,0.0011,0.0315,3,0.732,1.333,109.29,1.82,2.155,0
8.88,-0.94,107.19,0.5917,-0.0574,-0.0527,-0.8024,1.92,-0.80,9.45,-28.88,-7.06,60.75,9.68,0,1.70,0.0059,0.0305,3,0.732,1.333,109.29,1.82,2.155,0
phase1 acc_mag=9.793 gravity=9.813 motion=0.020 moving_avg=1.087 rms=1.551 mean_rms=1.457 max_rms=1.697 min_rms=1.062 std=0.200 var=0.040 state=standing thr=1.858/2.058/2.558
8.81,0.25,107.06,0.5926,-0.0634,-0.0437,-0.8018,0.83,-0.80,9.75,-3.62,1.50,-8.81,9.82,0,1.70,0.0100,0.0290,3,0.732,1.333,109.29,1.82,2.155,0
9.06,1.00,106.12,0.5989,-0.0684,-0.0405,-0.7969,0.81,-0.34,9.35,-15.38,-0.12,24.31,9.39,0,1.70,0.0121,0.0293,3,0.732,1.333,109.29,1.82,2.155,0
9.50,1.44,105.19,0.6055,-0.0743,-0.0413,-0.7913,0.64,-0.23,9.37,3.50,-14.25,4.50,9.39,0,1.70,0.0135,0.0311,3,0.732,1.333,109.29,1.82,2.155,0
10.38,0.50,106.12,0.5964,-0.0745,-0.0511,-0.7976,0.83,-0.35,9.19,17.88,-6.12,-33.25,9.23,0,1.70,0.0116,0.0341,3,0.732,1.333,109.29,1.82,2.155,0
phase1 acc_mag=8.748 gravity=9.582 motion=0.834 moving_avg=0.952 rms=1.421 mean_rms=1.459 max_rms=1.697 min_rms=1.062 std=0.201 var=0.040 state=standing thr=1.862/2.062/2.562
11.31,0.62,107.19,0.5904,-0.0828,-0.0541,-0.8010,1.25,-0.40,10.19,-16.38,-23.81,21.94,10.27,0,1.70,0.0137,0.0369,3,0.732,1.333,109.29,1.82,2.155,0
11.88,0.75,107.38,0.5869,-0.0869,-0.0564,-0.8030,1.33,-0.15,10.31,7.69,-2.25,-27.31,10.40,0,1.70,0.0147,0.0385,3,0.732,1.333,109.29,1.82,2.155,0
10.94,-1.81,109.06,0.5773,-0.0689,-0.0684,-0.8107,1.69,-1.30,10.03,49.31,25.19,7.69,10.25,0,1.70,0.0065,0.0381,3,0.732,1.333,109.29,1.82,2.155,0
10.19,-6.56,103.38,0.6249,-0.0336,-0.1073,-0.7725,3.81,-1.15,8.33,89.38,-14.25,141.00,9.23,0,1.70,-0.0164,0.0415,3,0.732,1.333,109.29,1.82,2.155,0
phase1 acc_mag=11.434 gravity=9.751 motion=1.683 moving_avg=0.871 rms=1.328 mean_rms=1.410 max_rms=1.697 min_rms=1.062 std=0.186 var=0.035 state=standing thr=1.781/1.981/2.481
10.38,-11.06,104.31,0.6078,-0.0133,-0.1314,-0.7830,3.26,2.19,11.33,34.50,23.94,-130.12,11.99,0,1.70,-0.0278,0.0444,3,0.732,1.333,109.29,1.82,2.155,0
6.31,-17.50,110.12,0.5693,0.0466,-0.1612,-0.8049,-0.87,2.39,10.02,97.56,36.94,-2.62,10.34,0,1.70,-0.0517,0.0413,3,0.732,1.333,109.29,1.82,2.155,0
8.31,-21.38,101.69,0.6185,0.0585,-0.1896,-0.7603,3.98,1.99,7.26,27.81,2.38,72.00,8.52,0,1.70,-0.0647,0.0432,3,0.732,1.333,109.29,1.82,2.155,0
phase1 acc_mag=7.838 gravity=9.897 motion=2.058 moving_avg=1.082 rms=1.509 mean_rms=1.411 max_rms=1.555 min_rms=1.062 std=0.141 var=0.020 state=standing thr=1.693/1.893/2.393
8.31,-21.31,101.44,0.6205,0.0591,-0.1888,-0.7588,1.59,3.17,6.99,-13.81,10.19,-21.44,7.84,0,1.70,-0.0648,0.0426,4,0.670,0.690,61.79,1.03,2.825,0
8.00,-18.44,102.50,0.6160,0.0427,-0.1661,-0.7689,0.63,3.95,9.46,-39.31,2.38,-6.25,10.27,0,1.70,-0.0541,0.0406,4,0.670,0.690,61.79,1.03,2.825,0
8.06,-16.25,101.69,0.6232,0.0331,-0.1540,-0.7660,1.26,3.60,10.09,-23.56,4.88,36.19,10.79,0,1.70,-0.0485,0.0389,4,0.670,0.690,61.79,1.03,2.825,0
7.31,-15.00,100.12,0.6317,0.0338,-0.1400,-0.7617,0.49,3.66,9.84,-5.50,15.00,-3.75,10.51,0,1.70,-0.0457,0.0341,4,0.670,0.690,61.79,1.03,2.825,0
phase1 acc_mag=9.332 gravity=9.739 motion=0.406 moving_avg=0.912 rms=1.156 mean_rms=1.444 max_rms=1.555 min_rms=1.156 std=0.103 var=0.011 state=standing thr=1.650/1.850/2.350
5.94,-14.94,101.19,0.6285,0.0415,-0.1336,-0.7651,-0.34,4.27,7.98,2.75,18.75,-8.56,9.06,0,1.70,-0.0463,0.0305,4,0.670,0.690,61.79,1.03,2.825,0
5.31,-13.88,99.50,0.6479,0.0402,-0.1198,-0.7511,4.10,-0.86,11.62,-33.38,14.88,113.00,12.35,0,1.70,-0.0431,0.0256,4,0.670,0.690,61.79,1.03,2.825,0
6.12,-9.25,91.88,0.6920,0.0172,-0.0952,-0.7154,1.18,-0.43,9.62,-10.69,3.12,3.12,9.70,0,1.70,-0.0313,0.0225,4,0.670,0.690,61.79,1.03,2.825,0
6.25,-12.12,94.50,0.6722,0.0319,-0.1144,-0.7308,1.32,-0.44,8.17,1.12,6.00,-25.06,8.29,0,1.70,-0.0401,0.0249,4,0.670,0.690,61.79,1.03,2.825,0
phase1 acc_mag=9.639 gravity=9.895 motion=0.256 moving_avg=1.005 rms=1.260 mean_rms=1.374 max_rms=1.548 min_rms=1.088 std=0.128 var=0.016 state=standing thr=1.629/1.829/2.329
5.31,-10.25,93.81,0.6793,0.0266,-0.0972,-0.7269,0.58,0.48,9.14,-35.06,24.69,46.88,9.17,0,1.70,-0.0341,0.0210,4,0.670,0.690,61.79,1.03,2.825,0
5.75,-8.31,92.31,0.6896,0.0120,-0.0867,-0.7189,1.95,-0.14,9.10,-16.50,-7.19,0.50,9.31,0,1.70,-0.0274,0.0216,4,0.670,0.690,61.79,1.03,2.825,0
6.44,-7.25,93.19,0.6844,0.0024,-0.0845,-0.7242,0.10,0.74,9.17,-17.38,-27.19,-6.50,9.20,0,1.70,-0.0238,0.0238,4,0.670,0.690,61.79,1.03,2.825,0
7.00,-5.88,94.00,0.6756,-0.0118,-0.0788,-0.7330,0.08,1.09,9.68,-23.31,-7.94,-8.06,9.74,0,1.70,-0.0178,0.0263,4,0.670,0.690,61.79,1.03,2.825,0
phase1 acc_mag=9.531 gravity=9.844 motion=0.313 moving_avg=1.024 rms=1.265 mean_rms=1.330 max_rms=1.548 min_rms=1.088 std=0.113 var=0.013 state=standing thr=1.556/1.756/2.256
7.50,-4.00,93.88,0.6807,-0.0243,-0.0705,-0.7288,0.29,0.71,9.56,-24.69,-1.75,34.62,9.59,0,1.70,-0.0121,0.0272,4,0.670,0.690,61.79,1.03,2.825,0
7.50,-3.38,92.00,0.6938,-0.0268,-0.0654,-0.7167,1.14,0.13,9.96,-10.69,9.56,16.88,10.03,0,1.70,-0.0105,0.0262,4,0.670,0.690,61.79,1.03,2.825,0
7.38,-2.38,92.62,0.6890,-0.0325,-0.0596,-0.7216,0.41,0.00,9.92,-2.62,-14.12,-16.00,9.93,0,1.70,-0.0071,0.0262,4,0.670,0.690,61.79,1.03,2.825,0
8.00,-3.00,94.00,0.6790,-0.0330,-0.0681,-0.7302,0.10,-0.12,10.05,8.69,-4.88,-17.38,10.05,0,1.70,-0.0088,0.0288,4,0.670,0.690,61.79,1.03,2.825,0
phase1 acc_mag=10.770 gravity=9.746 motion=1.024 moving_avg=0.894 rms=1.182 mean_rms=1.304 max_rms=1.548 min_rms=1.088 std=0.116 var=0.014 state=standing thr=1.537/1.737/2.237
7.38,-3.94,94.00,0.6813,-0.0211,-0.0703,-0.7283,1.51,-1.48,11.63,26.94,25.81,14.38,11.82,0,1.70,-0.0130,0.0262,4,0.670,0.690,61.79,1.03,2.825,0
7.31,-9.19,92.50,0.6875,0.0091,-0.1021,-0.7189,1.34,-0.02,7.40,91.81,3.88,3.00,7.52,0,1.70,-0.0307,0.0269,4,0.670,0.690,61.79,1.03,2.825,0
6.81,-13.81,90.69,0.6996,0.0448,-0.1284,-0.7015,2.50,2.78,10.37,43.75,27.69,38.31,11.02,0,1.70,-0.0485,0.0235,5,0.668,0.511,45.91,0.77,3.492,0
phase1 acc_mag=10.797 gravity=9.962 motion=0.835 moving_avg=0.819 rms=1.111 mean_rms=1.250 max_rms=1.548 min_rms=1.088 std=0.105 var=0.011 state=standing thr=1.461/1.661/2.161
6.19,-16.38,86.62,0.7189,0.0657,-0.1373,-0.6782,2.38,1.89,10.36,58.62,19.12,47.50,10.80,0,1.70,-0.0573,0.0184,5,0.668,0.511,45.91,0.77,3.492,0
6.75,-19.19,84.12,0.7305,0.0829,-0.1559,-0.6596,1.97,2.80,8.20,19.25,-7.81,19.25,8.89,0,1.70,-0.0674,0.0169,5,0.668,0.511,45.91,0.77,3.492,0
7.25,-19.75,81.88,0.7451,0.0858,-0.1590,-0.6421,1.19,3.45,7.77,-16.75,10.31,36.81,8.58,0,1.70,-0.0694,0.0153,5,0.668,0.511,45.91,0.77,3.492,0
7.56,-18.25,79.25,0.7586,0.0785,-0.1523,-0.6287,1.04,2.74,8.33,-12.06,-0.12,53.81,8.83,0,1.70,-0.0659,0.0145,5,0.668,0.511,45.91,0.77,3.492,0
phase1 acc_mag=9.209 gravity=9.704 motion=0.494 moving_avg=0.857 rms=1.137 mean_rms=1.203 max_rms=1.289 min_rms=1.088 std=0.062 var=0.004 state=standing thr=1.328/1.528/2.028
8.12,-16.75,76.50,0.7748,0.0692,-0.1458,-0.6112,1.15,2.91,8.95,-13.44,5.00,21.31,9.48,0,1.70,-0.0621,0.0142,5,0.668,0.511,45.91,0.77,3.492,0
8.38,-14.81,74.38,0.7878,0.0574,-0.1365,-0.5978,0.51,2.33,9.47,-15.50,8.31,31.25,9.77,0,1.70,-0.0567,0.0146,5,0.668,0.511,45.91,0.77,3.492,0
7.88,-12.50,71.62,0.8041,0.0475,-0.1197,-0.5803,-0.41,3.39,9.46,-20.62,12.19,28.75,10.06,0,1.70,-0.0495,0.0125,5,0.668,0.511,45.91,0.77,3.492,0
7.31,-11.94,69.38,0.8158,0.0487,-0.1120,-0.5652,-0.62,2.72,8.56,-12.44,8.19,27.06,9.00,0,1.70,-0.0476,0.0094,5,0.668,0.511,45.91,0.77,3.492,0
phase1 acc_mag=8.689 gravity=9.574 motion=0.885 moving_avg=0.717 rms=0.946 mean_rms=1.160 max_rms=1.289 min_rms=0.944 std=0.103 var=0.011 state=standing thr=1.366/1.566/2.066
6.38,-10.69,68.19,0.8231,0.0455,-0.0988,-0.5573,0.56,3.00,7.64,-30.38,19.00,4.25,8.23,0,1.70,-0.0427,0.0071,5,0.668,0.511,45.91,0.77,3.492,0
5.25,-7.69,67.56,0.8313,0.0258,-0.0717,-0.5505,2.34,-1.89,14.10,-68.19,16.75,58.25,14.42,0,1.70,-0.0295,0.0072,5,0.668,0.511,45.91,0.77,3.492,0
5.31,-4.25,63.50,0.8488,0.0069,-0.0591,-0.5255,1.17,-1.07,9.86,44.62,-2.75,22.19,9.99,0,1.70,-0.0215,0.0101,5,0.668,0.511,45.91,0.77,3.492,0
6.31,-6.31,63.25,0.8505,0.0177,-0.0743,-0.5204,1.80,0.03,8.87,-11.06,16.50,34.12,9.05,0,1.70,-0.0290,0.0095,5,0.668,0.511,45.91,0.77,3.492,0
phase1 acc_mag=9.170 gravity=9.739 motion=0.569 moving_avg=0.991 rms=1.380 mean_rms=1.143 max_rms=1.380 min_rms=0.944 std=0.119 var=0.014 state=standing thr=1.381/1.581/2.081
5.38,-3.06,59.50,0.8702,-0.0035,-0.0516,-0.4899,1.05,-0.52,10.17,-48.25,13.69,80.19,10.24,0,1.70,-0.0173,0.0113,5,0.668,0.511,45.91,0.77,3.492,0
5.56,-1.00,56.19,0.8810,-0.0153,-0.0472,-0.4704,0.80,0.18,8.98,-12.44,-5.50,18.50,9.02,0,1.70,-0.0138,0.0143,5,0.668,0.511,45.91,0.77,3.492,0
5.88,-0.44,54.31,0.8884,-0.0200,-0.0475,-0.4561,-0.75,0.26,9.08,-6.75,-6.62,40.69,9.11,0,1.70,-0.0133,0.0158,5,0.668,0.511,45.91,0.77,3.492,0
phase1 acc_mag=9.451 gravity=9.591 motion=0.141 moving_avg=0.951 rms=1.326 mean_rms=1.174 max_rms=1.387 min_rms=0.944 std=0.151 var=0.023 state=standing thr=1.477/1.677/2.177
6.69,0.50,49.50,0.9064,-0.0289,-0.0511,-0.4183,0.39,-0.22,9.44,-9.19,-2.50,75.00,9.45,0,1.70,-0.0137,0.0190,5,0.668,0.511,45.91,0.77,3.492,0
8.38,1.44,43.62,0.9258,-0.0388,-0.0632,-0.3707,1.42,-0.17,10.22,-14.12,-28.12,48.00,10.32,0,1.70,-0.0176,0.0237,5,0.668,0.511,45.91,0.77,3.492,0
9.88,1.38,40.62,0.9354,-0.0421,-0.0786,-0.3422,1.32,-1.51,11.06,1.75,-25.44,45.62,11.24,0,1.70,-0.0237,0.0265,5,0.668,0.511,45.91,0.77,3.492,0
10.69,2.12,39.06,0.9380,-0.0485,-0.0818,-0.3331,1.09,0.58,9.42,-4.50,-11.31,-21.81,9.50,0,1.70,-0.0242,0.0291,5,0.668,0.511,45.91,0.77,3.492,0
phase1 acc_mag=8.482 gravity=9.671 motion=1.189 moving_avg=0.883 rms=1.246 mean_rms=1.200 max_rms=1.387 min_rms=0.944 std=0.157 var=0.025 state=standing thr=1.513/1.713/2.213
11.56,-0.06,42.50,0.9250,-0.0305,-0.0983,-0.3658,-0.68,0.45,7.79,46.75,-12.94,-77.81,7.83,0,1.70,-0.0319,0.0257,5,0.668,0.511,45.91,0.77,3.492,0
11.12,-5.50,44.12,0.9211,0.0074,-0.1081,-0.3739,4.36,-1.13,11.08,20.00,40.69,37.56,11.96,0,1.70,-0.0409,0.0134,5,0.668,0.511,45.91,0.77,3.492,0
11.06,-6.25,39.75,0.9344,0.0225,-0.1122,-0.3374,6.45,0.11,11.83,60.75,-14.75,4.00,13.47,0,1.70,-0.0450,0.0067,5,0.668,0.511,45.91,0.77,3.492,0
10.75,-12.44,44.19,0.9171,0.0637,-0.1277,-0.3723,0.29,3.36,7.64,73.88,9.56,-75.50,8.35,0,1.70,-0.0563,-0.0043,5,0.668,0.511,45.91,0.77,3.492,0
phase1 acc_mag=8.142 gravity=10.044 motion=1.903 moving_avg=1.085 rms=1.600 mean_rms=1.262 max_rms=1.600 min_rms=0.944 std=0.189 var=0.036 state=standing thr=1.640/1.840/2.340
10.12,-16.75,43.75,0.9170,0.1049,-0.1382,-0.3592,1.37,2.53,6.86,57.62,16.00,82.06,7.44,0,1.70,-0.0658,-0.0186,5,0.668,0.511,45.91,0.77,3.492,0
11.00,-18.81,37.38,0.9302,0.1217,-0.1439,-0.3149,3.02,2.60,8.82,16.62,5.00,50.81,9.68,0,1.70,-0.0689,-0.0272,6,0.734,0.402,32.89,0.55,4.226,0
11.06,-18.56,35.25,0.9361,0.1221,-0.1419,-0.2978,2.19,3.72,7.22,-16.62,0.12,7.31,8.41,0,1.70,-0.0677,-0.0288,6,0.734,0.402,32.89,0.55,4.226,0
10.62,-17.25,36.19,0.9358,0.1116,-0.1350,-0.3059,0.68,2.75,8.01,-32.38,-6.00,-14.00,8.50,0,1.70,-0.0642,-0.0253,6,0.734,0.402,32.89,0.55,4.226,0
phase1 acc_mag=9.083 gravity=9.863 motion=0.780 moving_avg=1.273 rms=1.714 mean_rms=1.409 max_rms=1.717 min_rms=0.969 std=0.182 var=0.033 state=standing thr=1.774/1.974/2.474
10.56,-14.81,35.94,0.9393,0.0925,-0.1277,-0.3046,2.39,2.99,8.86,-24.06,14.62,21.06,9.65,0,1.70,-0.0593,-0.0192,6,0.734,0.402,32.89,0.55,4.226,0
8.88,-13.00,34.88,0.9450,0.0841,-0.1082,-0.2970,0.19,3.96,11.48,-14.88,19.00,1.00,12.15,0,1.70,-0.0509,-0.0189,6,0.734,0.402,32.89,0.55,4.226,0
7.75,-13.56,34.31,0.9465,0.0924,-0.0999,-0.2927,0.19,4.40,7.79,25.94,14.12,11.94,8.95,0,1.70,-0.0486,-0.0233,6,0.734,0.402,32.89,0.55,4.226,0
phase1 acc_mag=8.784 gravity=9.806 motion=1.023 moving_avg=1.139 rms=1.497 mean_rms=1.470 max_rms=1.717 min_rms=1.246 std=0.158 var=0.025 state=standing thr=1.787/1.987/2.487
7.50,-12.69,32.31,0.9542,0.0843,-0.0919,-0.2719,2.73,3.96,7.35,-19.00,17.50,48.25,8.78,0,1.70,-0.0442,-0.0222,6,0.734,0.402,32.89,0.55,4.226,0
6.81,-7.88,25.88,0.9704,0.0538,-0.0824,-0.2206,0.35,-2.75,15.35,31.75,-97.31,35.06,15.60,0,1.70,-0.0367,-0.0136,6,0.734,0.402,32.89,0.55,4.226,0
9.19,-10.50,26.44,0.9662,0.0698,-0.0992,-0.2274,4.33,2.13,6.19,83.69,-4.25,-87.00,7.85,0,1.70,-0.0447,-0.0180,6,0.734,0.402,32.89,0.55,4.226,0
5.88,-11.25,34.12,0.9500,0.0785,-0.0782,-0.2919,0.09,-0.27,11.53,-47.38,17.62,-98.50,11.53,0,1.70,-0.0389,-0.0207,6,0.734,0.402,32.89,0.55,4.226,0
phase1 acc_mag=11.397 gravity=10.066 motion=1.332 moving_avg=1.521 rms=1.926 mean_rms=1.558 max_rms=1.926 min_rms=1.246 std=0.205 var=0.042 state=standing thr=1.967/2.167/2.667
5.75,-9.50,35.38,0.9482,0.0636,-0.0734,-0.3025,2.15,-0.15,8.91,-21.31,-12.31,7.94,9.17,0,1.70,-0.0355,-0.0152,6,0.734,0.402,32.89,0.55,4.226,0
6.75,-8.31,35.44,0.9483,0.0506,-0.0786,-0.3033,1.92,0.14,8.73,-24.81,-18.38,-10.31,8.94,0,1.70,-0.0360,-0.0097,6,0.734,0.402,32.89,0.55,4.226,0
7.81,-6.94,32.12,0.9564,0.0371,-0.0829,-0.2776,1.81,0.41,8.68,-23.44,-14.75,-21.31,8.88,0,1.70,-0.0359,-0.0050,6,0.734,0.402,32.89,0.55,4.226,0
8.62,-5.81,33.00,0.9548,0.0272,-0.0867,-0.2832,1.34,0.56,9.76,-16.00,-17.00,-53.94,9.87,0,1.70,-0.0362,-0.0006,6,0.734,0.402,32.89,0.55,4.226,0
phase1 acc_mag=9.997 gravity=9.911 motion=0.087 moving_avg=1.469 rms=1.900 mean_rms=1.686 max_rms=1.930 min_rms=1.248 std=0.190 var=0.036 state=standing thr=2.066/2.266/2.766
9.44,-5.56,35.19,0.9511,0.0221,-0.0938,-0.2935,2.46,0.23,9.23,-7.81,-13.69,-62.25,9.55,0,1.70,-0.0383,0.0026,6,0.734,0.402,32.89,0.55,4.226,0
10.38,-4.81,38.31,0.9398,0.0098,-0.0994,-0.3269,1.14,-0.39,10.34,-31.62,-23.56,-90.25,10.41,0,1.70,-0.0387,0.0093,6,0.734,0.402,32.89,0.55,4.226,0
11.31,-5.75,43.62,0.9227,0.0115,-0.1125,-0.3687,0.26,0.00,9.69,10.19,-27.81,-107.06,9.69,0,1.70,-0.0432,0.0124,6,0.734,0.402,32.89,0.55,4.226,0
phase1 acc_mag=9.358 gravity=9.689 motion=0.331 moving_avg=1.180 rms=1.558 mean_rms=1.729 max_rms=1.930 min_rms=1.477 std=0.158 var=0.025 state=standing thr=2.045/2.245/2.745
12.75,-8.88,49.88,0.8982,0.0219,-0.1336,-0.4182,4.59,0.86,8.11,16.62,-33.75,-89.62,9.36,0,1.70,-0.0517,0.0145,6,0.734,0.402,32.89,0.55,4.226,0
10.00,-7.25,61.19,0.8499,0.0103,-0.1107,-0.5151,1.69,0.61,13.21,-6.75,-24.56,-129.88,13.33,0,1.70,-0.0397,0.0193,6,0.734,0.402,32.89,0.55,4.226,0
11.69,-12.94,68.75,0.8158,0.0336,-0.1476,-0.5582,1.60,3.43,6.54,50.06,-33.88,-78.56,7.56,0,1.70,-0.0557,0.0220,6,0.734,0.402,32.89,0.55,4.226,0
13.81,-15.06,73.94,0.7822,0.0266,-0.1768,-0.5969,2.36,2.76,6.71,-29.12,-61.38,-77.31,7.63,0,1.70,-0.0617,0.0339,7,0.757,0.503,39.89,0.66,4.983,0
phase1 acc_mag=8.150 gravity=9.943 motion=1.793 moving_avg=1.462 rms=1.914 mean_rms=1.750 max_rms=1.930 min_rms=1.477 std=0.163 var=0.026 state=standing thr=2.076/2.276/2.776
15.00,-13.62,79.50,0.7568,0.0051,-0.1752,-0.6296,3.32,2.16,9.18,-48.62,-33.75,-81.31,10.00,0,1.70,-0.0543,0.0426,7,0.757,0.503,39.89,0.66,4.983,0
15.44,-11.94,85.06,0.7208,-0.0182,-0.1678,-0.6722,2.71,2.63,9.70,-30.88,-16.12,-86.00,10.41,0,1.70,-0.0435,0.0504,7,0.757,0.503,39.89,0.66,4.983,0
15.50,-12.00,91.50,0.6874,-0.0262,-0.1678,-0.7062,2.14,1.54,9.56,-4.12,-28.38,-117.25,9.92,0,1.70,-0.0387,0.0546,7,0.757,0.503,39.89,0.66,4.983,0
14.94,-13.81,100.81,0.6201,-0.0280,-0.1742,-0.7644,1.88,2.86,9.13,-12.69,-24.19,-102.50,9.75,0,1.70,-0.0347,0.0602,7,0.757,0.503,39.89,0.66,4.983,0
phase1 acc_mag=9.972 gravity=9.906 motion=0.066 moving_avg=1.289 rms=1.819 mean_rms=1.819 max_rms=1.930 min_rms=1.516 std=0.118 var=0.014 state=standing thr=2.055/2.255/2.755
15.19,-14.56,107.56,0.5810,-0.0347,-0.1783,-0.7933,2.73,2.83,8.64,-14.00,-25.06,-86.75,9.49,0,1.70,-0.0304,0.0647,7,0.757,0.503,39.89,0.66,4.983,0
15.12,-14.62,114.00,0.5296,-0.0443,-0.1764,-0.8285,2.12,3.05,8.70,-15.88,-14.50,-77.19,9.46,0,1.70,-0.0227,0.0678,7,0.757,0.503,39.89,0.66,4.983,0
15.06,-14.88,120.69,0.4862,-0.0526,-0.1752,-0.8545,2.27,3.36,8.18,-17.62,-26.19,-73.00,9.13,0,1.70,-0.0161,0.0701,7,0.757,0.503,39.89,0.66,4.983,0
phase1 acc_mag=8.898 gravity=9.613 motion=0.715 moving_avg=0.929 rms=1.370 mean_rms=1.744 max_rms=1.930 min_rms=1.370 std=0.184 var=0.034 state=standing thr=2.111/2.311/2.811
14.62,-14.38,126.88,0.4397,-0.0604,-0.1671,-0.8804,1.86,3.23,8.08,-40.44,-12.94,-61.50,8.90,0,1.70,-0.0081,0.0695,7,0.757,0.503,39.89,0.66,4.983,0
15.12,-12.94,132.56,0.3961,-0.0771,-0.1539,-0.9019,1.56,3.89,9.09,-29.75,-20.12,-52.19,10.01,0,1.70,0.0034,0.0678,7,0.757,0.503,39.89,0.66,4.983,0
14.62,-11.88,135.50,0.3735,-0.0803,-0.1425,-0.9131,2.53,3.76,7.99,-34.00,6.62,-37.31,9.19,0,1.70,0.0081,0.0640,7,0.757,0.503,39.89,0.66,4.983,0
13.25,-9.75,137.12,0.3572,-0.0757,-0.1162,-0.9236,2.21,3.91,6.75,-41.56,35.44,-52.44,8.11,0,1.70,0.0114,0.0538,7,0.757,0.503,39.89,0.66,4.983,0
phase1 acc_mag=8.791 gravity=9.614 motion=0.823 moving_avg=0.929 rms=1.368 mean_rms=1.630 max_rms=1.915 min_rms=1.335 std=0.214 var=0.046 state=standing thr=2.058/2.258/2.758
10.00,-6.88,139.56,0.3431,-0.0614,-0.0861,-0.9333,5.38,-1.02,14.06,-60.50,41.56,10.31,15.09,0,1.70,0.0111,0.0406,7,0.757,0.503,39.89,0.66,4.983,0
8.25,-6.12,143.19,0.3092,-0.0502,-0.0764,-0.9466,2.01,-0.03,10.89,38.44,1.25,-64.56,11.07,0,1.70,0.0096,0.0351,7,0.757,0.503,39.89,0.66,4.983,0
6.62,-5.44,147.31,0.2803,-0.0423,-0.0620,-0.9570,0.21,-1.27,8.75,-38.81,19.38,-38.06,8.84,0,1.70,0.0092,0.0285,7,0.757,0.503,39.89,0.66,4.983,0
phase1 acc_mag=7.900 gravity=9.708 motion=1.809 moving_avg=1.069 rms=1.567 mean_rms=1.613 max_rms=1.915 min_rms=1.335 std=0.210 var=0.044 state=standing thr=2.033/2.233/2.733
7.56,-3.25,146.75,0.2864,-0.0582,-0.0436,-0.9553,2.54,-0.67,7.45,-39.19,-23.06,20.25,7.90,0,1.70,0.0172,0.0233,8,0.698,0.608,52.26,0.87,5.681,1
7.94,2.44,146.94,0.2833,-0.0728,0.0007,-0.9562,-0.20,-0.51,11.82,-79.94,29.00,-53.06,11.83,0,1.70,0.0279,0.0080,8,0.698,0.608,52.26,0.87,5.681,0
7.44,3.19,151.88,0.2356,-0.0708,0.0104,-0.9692,0.96,-0.35,10.07,0.88,-2.88,-91.56,10.12,0,1.70,0.0284,0.0026,8,0.698,0.608,52.26,0.87,5.681,0
8.50,2.81,157.12,0.1873,-0.0792,0.0098,-0.9791,1.40,-0.17,8.58,-16.25,-11.19,-119.81,8.70,0,1.70,0.0318,0.0021,8,0.698,0.608,52.26,0.87,5.681,0
phase1 acc_mag=9.278 gravity=9.761 motion=0.483 moving_avg=0.797 rms=1.163 mean_rms=1.505 max_rms=1.914 min_rms=1.160 std=0.210 var=0.044 state=standing thr=1.925/2.125/2.625
9.44,3.19,164.31,0.1316,-0.0867,0.0180,-0.9874,0.23,-0.31,9.44,-17.38,-8.69,-72.38,9.45,0,1.70,0.0352,-0.0025,8,0.698,0.608,52.26,0.87,5.681,0
10.38,4.81,165.69,0.1235,-0.0953,0.0302,-0.9873,1.85,0.37,9.74,-22.31,-7.56,-4.88,9.92,0,1.70,0.0391,-0.0072,8,0.698,0.608,52.26,0.87,5.681,0
10.88,5.38,168.06,0.0978,-0.1002,0.0361,-0.9895,1.92,0.61,10.32,4.00,-3.38,-76.62,10.51,0,1.70,0.0411,-0.0104,8,0.698,0.608,52.26,0.87,5.681,0
12.19,4.12,173.62,0.0550,-0.1086,0.0297,-0.9921,0.44,0.13,9.62,11.69,-8.31,-74.00,9.63,0,1.70,0.0437,-0.0094,8,0.698,0.608,52.26,0.87,5.681,0
phase1 acc_mag=9.925 gravity=9.751 motion=0.174 moving_avg=0.800 rms=1.165 mean_rms=1.368 max_rms=1.692 min_rms=1.158 std=0.158 var=0.025 state=standing thr=1.684/1.884/2.384
12.25,0.62,176.94,0.0281,-0.1042,-0.0026,-0.9941,0.92,-3.59,9.40,64.31,26.94,-19.38,10.10,0,1.70,0.0414,0.0022,8,0.698,0.608,52.26,0.87,5.681,0
11.75,-3.94,170.50,0.0822,-0.0994,-0.0424,-0.9907,4.39,0.69,9.82,72.62,-14.50,44.88,10.78,0,1.70,0.0380,0.0201,8,0.698,0.608,52.26,0.87,5.681,0
10.75,-5.31,174.25,0.0496,-0.0916,-0.0508,-0.9933,2.04,1.87,11.33,15.38,23.06,-78.44,11.66,0,1.70,0.0354,0.0220,8,0.698,0.608,52.26,0.87,5.681,0
8.25,-10.44,180.81,-0.0054,-0.0735,-0.0955,-0.9927,-0.06,2.03,9.59,70.12,-3.88,15.00,9.80,0,1.70,0.0294,0.0378,8,0.698,0.608,52.26,0.87,5.681,0
phase1 acc_mag=8.156 gravity=10.093 motion=1.936 moving_avg=0.954 rms=1.353 mean_rms=1.331 max_rms=1.619 min_rms=1.158 std=0.158 var=0.025 state=standing thr=1.646/1.846/2.346
8.94,-14.25,178.75,0.0106,-0.0773,-0.1242,-0.9892,2.78,2.23,7.48,-1.88,6.50,5.00,8.29,0,1.70,0.0301,0.0495,8,0.698,0.608,52.26,0.87,5.681,0
9.50,-13.62,178.00,0.0176,-0.0825,-0.1179,-0.9894,2.96,1.55,7.06,-14.50,-10.69,8.69,7.81,0,1.70,0.0318,0.0472,9,0.675,0.747,66.45,1.11,6.356,0
9.69,-11.94,178.94,0.0089,-0.0844,-0.1038,-0.9910,1.41,2.10,8.73,-29.38,-6.88,-21.94,9.09,0,1.70,0.0331,0.0414,9,0.675,0.747,66.45,1.11,6.356,0
phase1 acc_mag=9.826 gravity=9.881 motion=0.055 moving_avg=0.981 rms=1.294 mean_rms=1.347 max_rms=1.619 min_rms=1.158 std=0.164 var=0.027 state=standing thr=1.675/1.875/2.375
9.81,-10.81,181.19,-0.0140,-0.0873,-0.0906,-0.9919,1.34,2.53,9.40,-18.50,-9.44,-29.62,9.83,0,1.70,0.0351,0.0355,9,0.675,0.747,66.45,1.11,6.356,0
9.00,-8.00,185.56,-0.0505,-0.0818,-0.0617,-0.9935,0.74,3.00,9.21,-44.12,2.75,-23.19,9.71,0,1.70,0.0338,0.0229,9,0.675,0.747,66.45,1.11,6.356,0
8.38,-6.25,187.06,-0.0637,-0.0755,-0.0477,-0.9940,1.07,2.82,8.90,-22.56,6.88,-25.94,9.40,0,1.70,0.0312,0.0171,9,0.675,0.747,66.45,1.11,6.356,0
7.88,-4.25,188.69,-0.0755,-0.0718,-0.0319,-0.9940,1.00,3.03,8.00,-41.44,10.94,-2.12,8.61,0,1.70,0.0295,0.0105,9,0.675,0.747,66.45,1.11,6.356,0
phase1 acc_mag=10.656 gravity=9.810 motion=0.846 moving_avg=0.847 rms=1.134 mean_rms=1.265 max_rms=1.482 min_rms=1.131 std=0.117 var=0.014 state=standing thr=1.499/1.699/2.199
7.12,-1.75,188.56,-0.0782,-0.0628,-0.0025,-0.9949,5.18,-4.39,13.25,-98.00,1.50,-37.56,14.89,0,1.70,0.0251,-0.0010,9,0.675,0.747,66.45,1.11,6.356,0
7.81,0.44,191.94,-0.1039,-0.0676,0.0112,-0.9922,0.74,-1.60,9.36,14.62,-6.25,-29.62,9.52,0,1.70,0.0264,-0.0072,9,0.675,0.747,66.45,1.11,6.356,0
7.12,0.25,191.31,-0.0958,-0.0607,0.0114,-0.9935,3.82,-1.96,5.71,-32.75,16.12,22.81,7.14,0,1.70,0.0237,-0.0068,10,0.763,1.213,95.39,1.59,7.119,0
5.69,4.69,191.69,-0.1017,-0.0454,0.0457,-0.9927,-0.55,-0.43,10.18,-37.31,15.50,-16.50,10.20,0,1.70,0.0162,-0.0200,10,0.763,1.213,95.39,1.59,7.119,0
phase1 acc_mag=9.896 gravity=9.876 motion=0.020 moving_avg=1.143 rms=1.679 mean_rms=1.326 max_rms=1.681 min_rms=1.131 std=0.174 var=0.030 state=slow thr=1.673/1.873/2.373
5.38,4.38,194.75,-0.1332,-0.0414,0.0432,-0.9893,-0.20,-1.05,9.95,5.50,7.94,-55.06,10.01,0,1.70,0.0141,-0.0193,10,0.763,1.213,95.39,1.59,7.119,0
5.50,3.88,197.94,-0.1559,-0.0422,0.0411,-0.9860,0.01,-0.93,9.32,6.75,-1.50,-49.44,9.37,0,1.70,0.0141,-0.0189,10,0.763,1.213,95.39,1.59,7.119,0
6.19,3.94,199.62,-0.1721,-0.0484,0.0431,-0.9830,1.11,-1.09,8.99,3.50,-10.56,-19.62,9.12,0,1.70,0.0161,-0.0203,10,0.763,1.213,95.39,1.59,7.119,0
6.81,3.88,201.69,-0.1879,-0.0524,0.0447,-0.9798,1.03,-1.13,9.60,-8.31,-5.50,-27.81,9.72,0,1.70,0.0172,-0.0214,10,0.763,1.213,95.39,1.59,7.119,0
phase1 acc_mag=9.639 gravity=9.778 motion=0.139 moving_avg=1.168 rms=1.685 mean_rms=1.429 max_rms=1.685 min_rms=1.131 std=0.199 var=0.039 state=standing thr=1.827/2.027/2.527
7.12,4.81,202.31,-0.1934,-0.0532,0.0535,-0.9782,1.31,-0.83,10.00,-12.06,-11.44,-6.88,10.12,0,1.70,0.0167,-0.0251,10,0.763,1.213,95.39,1.59,7.119,0
7.94,5.25,205.94,-0.2240,-0.0573,0.0602,-0.9710,1.32,-0.88,9.63,1.25,-7.44,-22.94,9.76,0,1.70,0.0169,-0.0285,10,0.763,1.213,95.39,1.59,7.119,0
8.94,3.75,211.81,-0.2731,-0.0665,0.0527,-0.9583,1.17,-0.26,9.71,15.88,-9.94,-65.19,9.78,0,1.70,0.0197,-0.0275,10,0.763,1.213,95.39,1.59,7.119,0
phase1 acc_mag=9.829 gravity=9.584 motion=0.245 moving_avg=0.919 rms=1.499 mean_rms=1.495 max_rms=1.686 min_rms=1.131 std=0.188 var=0.035 state=standing thr=1.872/2.072/2.572
9.69,1.06,219.88,-0.3400,-0.0764,0.0380,-0.9365,0.71,-1.42,9.70,50.19,-2.00,-63.44,9.83,0,1.70,0.0234,-0.0246,10,0.763,1.213,95.39,1.59,7.119,0
11.50,-3.38,218.88,-0.3314,-0.1044,0.0056,-0.9377,2.47,-0.42,10.82,49.31,-62.50,18.38,11.11,0,1.70,0.0384,-0.0159,10,0.763,1.213,95.39,1.59,7.119,0
12.62,-5.56,229.19,-0.4136,-0.1202,0.0021,-0.9025,3.02,1.95,10.87,2.50,20.12,-190.44,11.45,0,1.70,0.0430,-0.0207,10,0.763,1.213,95.39,1.59,7.119,0
9.38,-8.00,236.69,-0.4720,-0.1052,-0.0222,-0.8750,1.79,1.19,10.11,13.06,11.31,-36.44,10.34,0,1.70,0.0410,-0.0121,10,0.763,1.213,95.39,1.59,7.119,0
phase1 acc_mag=7.918 gravity=9.862 motion=1.944 moving_avg=0.914 rms=1.498 mean_rms=1.496 max_rms=1.686 min_rms=1.131 std=0.187 var=0.035 state=standing thr=1.871/2.071/2.571
10.06,-9.06,235.94,-0.4674,-0.1168,-0.0280,-0.8759,3.64,1.44,8.35,10.19,-24.44,-22.56,9.22,0,1.70,0.0461,-0.0120,10,0.763,1.213,95.39,1.59,7.119,0
10.69,-9.25,239.06,-0.4892,-0.1208,-0.0234,-0.8635,2.01,1.47,7.44,-18.38,-7.94,-55.81,7.85,0,1.70,0.0463,-0.0156,10,0.763,1.213,95.39,1.59,7.119,0
10.62,-8.94,242.38,-0.5141,-0.1195,-0.0179,-0.8492,1.99,2.40,8.80,-18.50,0.50,-56.50,9.34,0,1.70,0.0443,-0.0185,10,0.763,1.213,95.39,1.59,7.119,0
9.69,-8.62,249.56,-0.5671,-0.1121,-0.0129,-0.8159,1.28,2.93,9.62,-33.50,-4.62,-52.19,10.14,0,1.70,0.0395,-0.0212,10,0.763,1.213,95.39,1.59,7.119,0
phase1 acc_mag=9.284 gravity=9.728 motion=0.445 moving_avg=0.979 rms=1.545 mean_rms=1.577 max_rms=1.686 min_rms=1.277 std=0.094 var=0.009 state=standing thr=1.765/1.965/2.465
10.38,-6.81,252.69,-0.5889,-0.1079,0.0076,-0.8009,2.63,2.38,8.79,-12.44,-8.56,7.19,9.48,0,1.70,0.0328,-0.0279,10,0.763,1.213,95.39,1.59,7.119,0
10.69,-5.00,254.94,-0.6053,-0.1008,0.0225,-0.7892,1.36,1.46,10.69,-28.25,2.25,-8.19,10.87,0,1.70,0.0264,-0.0315,10,0.763,1.213,95.39,1.59,7.119,0
9.12,-4.88,259.38,-0.6399,-0.0853,0.0168,-0.7635,1.77,4.83,9.23,-12.31,38.94,-53.94,10.57,0,1.70,0.0217,-0.0270,10,0.763,1.213,95.39,1.59,7.119,0
7.81,-1.31,258.31,-0.6302,-0.0602,0.0342,-0.7734,3.90,-1.40,11.85,-60.62,0.25,81.44,12.55,0,1.70,0.0100,-0.0258,10,0.763,1.213,95.39,1.59,7.119,0
phase1 acc_mag=11.695 gravity=9.876 motion=1.818 moving_avg=0.775 rms=1.103 mean_rms=1.476 max_rms=1.686 min_rms=0.921 std=0.217 var=0.047 state=standing thr=1.911/2.111/2.611
8.00,-0.38,259.00,-0.6349,-0.0563,0.0417,-0.7694,2.45,-1.43,8.63,10.81,-9.31,-40.19,9.08,0,1.70,0.0067,-0.0272,10,0.763,1.213,95.39,1.59,7.119,0
8.25,0.50,260.94,-0.6478,-0.0519,0.0502,-0.7584,1.81,-1.66,8.42,-53.44,-2.12,-1.88,8.77,0,1.70,0.0027,-0.0287,10,0.763,1.213,95.39,1.59,7.119,0
8.12,3.62,259.12,-0.6302,-0.0317,0.0726,-0.7723,1.34,-2.29,9.69,-44.50,-0.12,81.56,10.05,0,1.70,-0.0085,-0.0304,10,0.763,1.213,95.39,1.59,7.119,0
8.69,5.62,253.69,-0.5975,-0.0316,0.0846,-0.7968,1.43,-2.06,9.14,-10.44,-23.31,77.06,9.48,0,1.70,-0.0101,-0.0345,10,0.763,1.213,95.39,1.59,7.119,0
phase1 acc_mag=9.154 gravity=9.809 motion=0.654 moving_avg=0.842 rms=1.183 mean_rms=1.373 max_rms=1.686 min_rms=0.921 std=0.218 var=0.047 state=standing thr=1.808/2.008/2.508
8.69,7.12,255.75,-0.6111,-0.0221,0.0955,-0.7855,1.23,-1.09,9.36,-28.62,11.81,-81.06,9.50,0,1.70,-0.0164,-0.0354,10,0.763,1.213,95.39,1.59,7.119,0
8.38,7.81,260.94,-0.6520,-0.0112,0.0992,-0.7516,0.69,-1.45,9.72,-29.50,5.00,-132.62,9.85,0,1.70,-0.0225,-0.0328,10,0.763,1.213,95.39,1.59,7.119,0
8.56,8.75,268.50,-0.6939,-0.0008,0.1067,-0.7121,1.13,-1.11,9.22,-14.25,2.50,-98.75,9.36,0,1.70,-0.0294,-0.0306,10,0.763,1.213,95.39,1.59,7.119,0
phase1 acc_mag=9.956 gravity=9.740 motion=0.217 moving_avg=0.871 rms=1.191 mean_rms=1.290 max_rms=1.598 min_rms=0.921 std=0.194 var=0.038 state=standing thr=1.678/1.878/2.378
9.12,8.62,276.56,-0.7477,0.0029,0.1091,-0.6550,0.83,-1.27,9.84,-16.75,11.69,-97.19,9.96,0,1.70,-0.0334,-0.0277,10,0.763,0.000,0.00,0.00,7.119,0
9.12,7.88,282.38,-0.7751,0.0031,0.1053,-0.6229,1.80,-1.17,9.99,-1.50,5.38,-14.00,10.22,0,1.70,-0.0334,-0.0253,10,0.763,0.000,0.00,0.00,7.119,0
8.81,6.94,283.75,-0.7856,-0.0018,0.0955,-0.6113,1.24,-0.57,9.58,25.81,12.31,-48.75,9.68,0,1.70,-0.0295,-0.0239,10,0.763,0.000,0.00,0.00,7.119,0
8.19,4.50,288.88,-0.8108,-0.0098,0.0813,-0.5795,0.68,-0.85,8.79,29.62,15.00,-81.69,8.86,0,1.70,-0.0241,-0.0220,10,0.763,0.000,0.00,0.00,7.119,0
phase1 acc_mag=10.182 gravity=9.659 motion=0.524 moving_avg=0.699 rms=1.003 mean_rms=1.223 max_rms=1.598 min_rms=0.921 std=0.185 var=0.034 state=standing thr=1.592/1.792/2.292
6.31,0.88,291.12,-0.8228,-0.0234,0.0436,-0.5662,4.39,-2.98,9.39,31.50,75.50,20.75,10.79,0,1.70,-0.0090,-0.0176,10,0.763,0.000,0.00,0.00,7.119,0
3.38,-1.25,291.06,-0.8243,-0.0261,0.0180,-0.5652,2.16,0.14,13.53,49.06,18.62,-68.31,13.70,0,1.70,-0.0000,-0.0127,10,0.763,0.000,0.00,0.00,7.119,0
2.00,-6.06,295.75,-0.8472,-0.0564,-0.0187,-0.5279,-0.83,1.55,8.98,52.69,41.19,-42.12,9.15,0,1.70,0.0183,-0.0152,10,0.763,0.000,0.00,0.00,7.119,0
0.00,-8.94,294.81,-0.8401,-0.0659,-0.0419,-0.5368,1.49,0.62,9.15,40.56,3.00,51.81,9.29,0,1.70,0.0282,-0.0131,10,0.763,0.000,0.00,0.00,7.119,0
phase1 acc_mag=9.180 gravity=9.965 motion=0.786 moving_avg=0.838 rms=1.235 mean_rms=1.141 max_rms=1.235 min_rms=0.921 std=0.079 var=0.006 state=standing thr=1.299/1.499/1.999
1.19,-10.69,291.81,-0.8240,-0.0845,-0.0434,-0.5586,1.83,1.50,8.77,9.56,-6.75,15.00,9.08,0,1.70,0.0332,-0.0182,10,0.763,0.000,0.00,0.00,7.119,0
1.69,-11.12,291.62,-0.8232,-0.0891,-0.0422,-0.5591,0.00,1.99,8.87,1.88,-6.50,3.00,9.09,0,1.70,0.0338,-0.0199,10,0.763,0.000,0.00,0.00,7.119,0
2.44,-10.19,291.06,-0.8212,-0.0859,-0.0325,-0.5632,0.78,1.37,8.75,-15.62,-12.94,10.94,8.89,0,1.70,0.0300,-0.0209,10,0.763,0.000,0.00,0.00,7.119,0
3.19,-8.50,291.00,-0.8217,-0.0757,-0.0170,-0.5645,0.86,3.38,9.37,-24.06,-8.06,1.25,10.00,0,1.70,0.0227,-0.0211,10,0.763,0.000,0.00,0.00,7.119,0
phase1 acc_mag=9.887 gravity=9.601 motion=0.287 moving_avg=0.755 rms=1.094 mean_rms=1.167 max_rms=1.246 min_rms=0.964 std=0.065 var=0.004 state=standing thr=1.298/1.498/1.998
2.69,-7.25,291.56,-0.8253,-0.0659,-0.0158,-0.5606,-0.44,1.21,9.44,-22.31,12.81,-2.25,9.53,0,1.70,0.0200,-0.0182,10,0.763,0.000,0.00,0.00,7.119,0
2.62,-4.56,291.00,-0.8206,-0.0435,-0.0013,-0.5698,0.55,2.14,9.90,-43.88,-3.88,-1.00,10.14,0,1.70,0.0104,-0.0140,10,0.763,0.000,0.00,0.00,7.119,0
2.38,-1.94,291.56,-0.8267,-0.0259,0.0076,-0.5620,-0.55,2.62,8.58,-50.06,10.06,-62.50,8.99,0,1.70,0.0033,-0.0103,10,0.763,0.000,0.00,0.00,7.119,0
1.62,-0.56,288.44,-0.8114,-0.0130,0.0087,-0.5843,2.12,-4.71,12.97,-25.06,10.81,118.62,13.96,0,1.70,0.0002,-0.0063,10,0.763,0.000,0.00,0.00,7.119,0
phase1 acc_mag=10.755 gravity=9.886 motion=0.869 moving_avg=0.874 rms=1.360 mean_rms=1.146 max_rms=1.360 min_rms=0.964 std=0.091 var=0.008 state=slow thr=1.328/1.528/2.028
2.25,0.00,284.44,-0.7904,-0.0120,0.0156,-0.6122,0.83,-0.96,7.56,12.56,-3.00,-19.75,7.67,0,1.70,-0.0020,-0.0076,10,0.763,0.000,0.00,0.00,7.119,0
0.81,-1.94,290.81,-0.8271,-0.0154,-0.0038,-0.5618,0.70,-1.28,10.97,-28.75,21.06,-80.69,11.07,0,1.70,0.0047,-0.0042,10,0.763,0.000,0.00,0.00,7.119,0
0.94,-0.81,294.00,-0.8389,-0.0107,0.0031,-0.5443,-0.06,-0.30,7.89,-3.25,-15.75,-12.44,7.90,0,1.70,0.0013,-0.0043,10,0.763,0.000,0.00,0.00,7.119,0
1.19,0.00,295.50,-0.8481,-0.0029,0.0102,-0.5297,-0.29,-0.60,8.98,-25.81,2.75,-51.69,9.00,0,1.70,-0.0028,-0.0032,11,0.718,0.000,0.00,0.00,7.837,0
phase1 acc_mag=9.484 gravity=9.771 motion=0.287 moving_avg=1.015 rms=1.455 mean_rms=1.192 max_rms=1.455 min_rms=0.964 std=0.142 var=0.020 state=standing thr=1.476/1.676/2.176
1.25,2.19,297.31,-0.8541,0.0107,0.0195,-0.5197,-0.37,-0.86,10.22,-24.69,-4.12,-12.31,10.26,0,1.70,-0.0089,-0.0004,11,0.718,0.000,0.00,0.00,7.837,0
2.19,2.88,297.00,-0.8538,0.0116,0.0317,-0.5195,0.00,-0.18,8.84,-12.56,-18.00,-32.12,8.84,0,1.70,-0.0132,-0.0026,11,0.718,0.000,0.00,0.00,7.837,0
3.06,3.94,297.31,-0.8535,0.0155,0.0409,-0.5192,0.03,-1.62,10.10,-16.25,-8.81,7.69,10.23,0,1.70,-0.0172,-0.0032,11,0.718,0.000,0.00,0.00,7.837,0
3.25,5.38,295.50,-0.8414,0.0259,0.0502,-0.5375,0.84,-1.24,10.09,-18.38,3.75,-4.38,10.20,0,1.70,-0.0225,-0.0021,11,0.718,0.000,0.00,0.00,7.837,0
phase1 acc_mag=9.988 gravity=9.765 motion=0.223 moving_avg=0.968 rms=1.406 mean_rms=1.270 max_rms=1.461 min_rms=1.002 std=0.157 var=0.025 state=standing thr=1.585/1.785/2.285
3.38,5.81,295.06,-0.8424,0.0272,0.0522,-0.5356,0.33,-0.54,10.17,-2.25,-0.12,-33.00,10.19,0,1.70,-0.0234,-0.0020,11,0.718,0.000,0.00,0.00,7.837,0
3.88,5.31,297.50,-0.8536,0.0223,0.0532,-0.5177,-0.65,-0.88,9.74,14.38,0.00,-54.19,9.80,0,1.70,-0.0228,-0.0034,11,0.718,0.000,0.00,0.00,7.837,0
4.06,2.62,298.69,-0.8597,0.0017,0.0428,-0.5090,-0.59,-2.67,7.67,50.06,-2.25,-1.25,8.14,0,1.70,-0.0151,-0.0081,11,0.718,0.000,0.00,0.00,7.837,0
5.19,-0.69,295.00,-0.8395,-0.0307,0.0352,-0.5413,5.00,-0.38,8.16,15.12,-6.38,69.44,9.58,0,1.70,-0.0052,-0.0179,11,0.718,0.000,0.00,0.00,7.837,0
phase1 acc_mag=15.024 gravity=9.635 motion=5.389 moving_avg=0.902 rms=1.352 mean_rms=1.275 max_rms=1.461 min_rms=1.002 std=0.156 var=0.024 state=standing thr=1.587/1.787/2.287
2.56,0.25,297.50,-0.8547,-0.0099,0.0206,-0.5186,0.24,-0.03,15.74,-1.62,47.00,-66.56,15.74,0,1.70,-0.0050,-0.0076,11,0.718,0.000,0.00,0.00,7.837,0
2.69,-7.00,301.31,-0.8701,-0.0705,-0.0106,-0.4877,0.81,1.74,6.69,66.81,-18.75,-13.31,6.96,0,1.70,0.0174,-0.0225,11,0.718,0.000,0.00,0.00,7.837,0
3.56,-9.81,301.38,-0.8685,-0.0901,-0.0144,-0.4873,0.29,0.68,7.99,39.31,-2.25,-2.50,8.02,0,1.70,0.0226,-0.0285,12,0.806,1.074,79.89,1.33,8.643,0
4.44,-11.00,300.88,-0.8635,-0.1029,-0.0121,-0.4937,1.65,0.62,8.82,1.62,-19.12,16.88,8.99,0,1.70,0.0245,-0.0332,12,0.806,1.074,79.89,1.33,8.643,0
phase1 acc_mag=8.944 gravity=9.799 motion=0.855 moving_avg=1.384 rms=2.187 mean_rms=1.463 max_rms=2.187 min_rms=1.002 std=0.348 var=0.121 state=slow thr=2.160/2.360/2.860
4.38,-10.19,301.38,-0.8679,-0.0966,-0.0099,-0.4872,2.19,2.01,8.59,-21.81,11.06,-42.25,9.09,0,1.70,0.0223,-0.0316,12,0.806,1.074,79.89,1.33,8.643,0
3.75,-9.00,303.06,-0.8760,-0.0848,-0.0085,-0.4748,-0.44,2.55,9.44,-14.38,-0.50,11.19,9.79,0,1.70,0.0191,-0.0281,12,0.806,1.074,79.89,1.33,8.643,0
3.88,-8.94,301.56,-0.8696,-0.0833,-0.0085,-0.4866,1.15,2.37,9.30,-13.06,8.69,5.50,9.67,0,1.70,0.0192,-0.0273,12,0.806,1.074,79.89,1.33,8.643,0
2.56,-7.12,301.38,-0.8702,-0.0655,-0.0110,-0.4882,-0.21,1.31,9.59,-29.25,14.00,-15.50,9.68,0,1.70,0.0166,-0.0206,12,0.806,1.074,79.89,1.33,8.643,0
phase1 acc_mag=8.921 gravity=9.633 motion=0.712 moving_avg=1.137 rms=1.968 mean_rms=1.669 max_rms=2.188 min_rms=1.191 std=0.375 var=0.141 state=standing thr=2.419/2.619/3.119
1.94,-5.38,301.50,-0.8712,-0.0465,-0.0059,-0.4888,2.11,3.09,8.39,-41.44,-1.25,14.12,9.19,0,1.70,0.0112,-0.0150,12,0.806,1.074,79.89,1.33,8.643,0
1.00,0.00,297.62,-0.8555,-0.0050,0.0074,-0.5177,-2.72,-0.61,12.49,-57.75,21.31,45.50,12.80,0,1.70,-0.0015,-0.0033,12,0.806,1.074,79.89,1.33,8.643,0
1.62,-0.94,297.81,-0.8552,-0.0198,0.0095,-0.5178,1.03,-1.70,6.69,41.69,-44.75,24.19,6.98,0,1.70,0.0008,-0.0087,12,0.806,1.074,79.89,1.33,8.643,0
phase1 acc_mag=8.344 gravity=9.851 motion=1.507 moving_avg=1.481 rms=2.378 mean_rms=1.836 max_rms=2.378 min_rms=1.191 std=0.411 var=0.169 state=standing thr=2.657/2.857/3.357
3.88,-0.12,292.56,-0.8270,-0.0166,0.0300,-0.5611,1.42,-1.16,8.14,-48.88,-16.50,102.75,8.34,0,1.70,-0.0062,-0.0122,13,0.759,1.161,91.74,1.53,9.403,0
4.00,4.06,282.88,-0.7811,0.0061,0.0497,-0.6224,-0.35,-2.09,10.17,-6.75,-10.81,92.81,10.39,0,1.70,-0.0170,-0.0105,13,0.759,1.161,91.74,1.53,9.403,0
4.50,4.25,279.31,-0.7613,0.0024,0.0543,-0.6462,-0.46,-1.03,9.06,0.88,-14.00,37.44,9.13,0,1.70,-0.0172,-0.0133,13,0.759,1.161,91.74,1.53,9.403,0
4.94,5.06,275.12,-0.7296,0.0037,0.0632,-0.6809,-0.31,-1.51,9.48,-6.88,-15.62,120.69,9.60,0,1.70,-0.0195,-0.0162,13,0.759,1.161,91.74,1.53,9.403,0
phase1 acc_mag=10.060 gravity=9.857 motion=0.203 moving_avg=1.499 rms=2.388 mean_rms=2.028 max_rms=2.391 min_rms=1.191 std=0.398 var=0.159 state=standing thr=2.824/3.024/3.524
5.69,5.12,266.81,-0.6793,-0.0073,0.0669,-0.7307,0.53,-1.29,9.56,13.69,-19.38,113.38,9.66,0,1.70,-0.0160,-0.0215,13,0.759,1.161,91.74,1.53,9.403,0
6.50,3.81,261.06,-0.6429,-0.0244,0.0604,-0.7632,-0.38,-0.97,10.02,40.94,-12.06,78.94,10.07,0,1.70,-0.0081,-0.0247,13,0.759,1.161,91.74,1.53,9.403,0
7.81,0.94,253.19,-0.5948,-0.0500,0.0477,-0.8008,0.67,-1.53,9.76,61.62,-21.19,124.19,9.90,0,1.70,0.0047,-0.0272,13,0.759,1.161,91.74,1.53,9.403,0
9.25,0.00,242.69,-0.5095,-0.0689,0.0411,-0.8567,1.13,-2.75,9.73,17.50,5.88,132.75,10.17,0,1.70,0.0152,-0.0281,13,0.759,1.161,91.74,1.53,9.403,0
phase1 acc_mag=10.761 gravity=9.732 motion=1.029 moving_avg=1.172 rms=1.952 mean_rms=2.234 max_rms=2.391 min_rms=1.952 std=0.149 var=0.022 state=standing thr=2.532/2.732/3.232
8.81,-1.12,235.50,-0.4645,-0.0728,0.0271,-0.8821,0.78,-1.54,9.02,39.19,4.62,94.31,9.18,0,1.70,0.0207,-0.0231,13,0.759,1.161,91.74,1.53,9.403,0
9.56,-2.50,227.06,-0.3871,-0.0840,0.0138,-0.9181,3.08,0.26,9.56,1.62,16.38,142.38,10.05,0,1.70,0.0287,-0.0181,13,0.759,1.161,91.74,1.53,9.403,0
9.62,-0.50,215.56,-0.3044,-0.0815,0.0215,-0.9488,1.95,-0.48,11.66,18.38,-13.56,142.88,11.83,0,1.70,0.0283,-0.0181,13,0.759,1.161,91.74,1.53,9.403,0
10.25,-2.44,208.56,-0.2457,-0.0921,0.0014,-0.9650,1.97,0.52,8.49,41.56,1.00,72.00,8.73,0,1.70,0.0354,-0.0096,13,0.759,1.161,91.74,1.53,9.403,0
phase1 acc_mag=7.890 gravity=10.015 motion=2.125 moving_avg=1.014 rms=1.660 mean_rms=2.131 max_rms=2.391 min_rms=1.553 std=0.287 var=0.083 state=standing thr=2.706/2.906/3.406
10.69,-4.19,201.12,-0.1826,-0.0988,-0.0188,-0.9780,1.17,0.54,8.12,44.25,-2.62,117.25,8.22,0,1.70,0.0400,0.0001,14,0.683,0.744,65.36,1.09,10.085,1
10.19,-4.81,190.81,-0.0942,-0.0930,-0.0330,-0.9907,0.92,0.61,9.27,36.31,23.69,115.50,9.34,0,1.70,0.0381,0.0096,14,0.683,0.744,65.36,1.09,10.085,0
8.50,-5.25,184.44,-0.0389,-0.0762,-0.0427,-0.9954,0.99,-0.02,9.69,2.12,31.62,80.56,9.74,0,1.70,0.0310,0.0158,14,0.683,0.744,65.36,1.09,10.085,0
phase1 acc_mag=9.112 gravity=9.893 motion=0.781 moving_avg=1.169 rms=1.741 mean_rms=2.058 max_rms=2.391 min_rms=1.553 std=0.328 var=0.108 state=standing thr=2.715/2.915/3.415
7.94,-3.69,177.62,0.0350,-0.0692,-0.0317,-0.9965,2.00,-1.19,8.81,-11.94,-1.25,171.12,9.11,0,1.70,0.0271,0.0136,14,0.683,0.744,65.36,1.09,10.085,0
8.81,1.62,162.88,0.1517,-0.0760,0.0112,-0.9855,-2.17,-1.93,14.95,-95.31,40.19,47.00,15.23,0,1.70,0.0306,0.0002,14,0.683,0.744,65.36,1.09,10.085,0
7.81,1.94,158.94,0.1818,-0.0704,0.0045,-0.9808,-0.54,-0.20,7.84,63.56,-20.38,102.50,7.86,0,1.70,0.0280,0.0034,14,0.683,0.744,65.36,1.09,10.085,0
7.25,2.06,150.06,0.2689,-0.0656,0.0023,-0.9609,-0.18,-0.82,8.97,-3.12,7.06,141.38,9.01,0,1.70,0.0255,0.0062,14,0.683,0.744,65.36,1.09,10.085,0
phase1 acc_mag=9.355 gravity=9.884 motion=0.529 moving_avg=1.018 rms=1.442 mean_rms=1.912 max_rms=2.391 min_rms=1.440 std=0.360 var=0.129 state=standing thr=2.632/2.832/3.332
6.62,3.38,142.06,0.3242,-0.0645,0.0091,-0.9437,0.76,-0.62,9.73,2.88,7.94,109.56,9.78,0,1.70,0.0255,0.0049,14,0.683,0.744,65.36,1.09,10.085,0
6.62,3.56,135.38,0.3859,-0.0656,0.0070,-0.9202,0.52,0.03,9.42,7.19,-4.75,100.62,9.43,0,1.70,0.0252,0.0076,14,0.683,0.744,65.36,1.09,10.085,0
6.19,3.50,129.50,0.4255,-0.0621,0.0049,-0.9028,-0.29,-0.91,9.95,11.94,11.31,78.69,10.00,0,1.70,0.0233,0.0088,14,0.683,0.744,65.36,1.09,10.085,0
5.31,4.19,124.88,0.4617,-0.0583,0.0108,-0.8850,0.36,-1.16,9.87,4.88,2.75,85.00,9.94,0,1.70,0.0227,0.0070,14,0.683,0.744,65.36,1.09,10.085,0
phase1 acc_mag=8.922 gravity=9.853 motion=0.932 moving_avg=0.970 rms=1.420 mean_rms=1.718 max_rms=2.387 min_rms=1.414 std=0.308 var=0.095 state=standing thr=2.335/2.535/3.035
4.81,5.12,119.12,0.5052,-0.0593,0.0175,-0.8608,0.42,-1.86,9.58,-2.25,-3.62,87.75,9.77,0,1.70,0.0240,0.0060,14,0.683,0.744,65.36,1.09,10.085,0
4.88,5.88,112.44,0.5545,-0.0640,0.0189,-0.8295,0.99,-1.47,9.51,-4.88,-8.69,80.31,9.67,0,1.70,0.0254,0.0079,14,0.683,0.744,65.36,1.09,10.085,0
4.94,6.38,109.25,0.5773,-0.0677,0.0201,-0.8135,1.26,-1.28,9.96,-8.56,-6.12,33.88,10.12,0,1.70,0.0267,0.0091,14,0.683,0.744,65.36,1.09,10.085,0
5.06,6.19,108.62,0.5800,-0.0668,0.0184,-0.8117,1.25,-1.39,9.93,3.38,14.75,-22.44,10.10,0,1.70,0.0260,0.0095,14,0.683,0.744,65.36,1.09,10.085,0
phase1 acc_mag=9.971 gravity=9.859 motion=0.111 moving_avg=0.928 rms=1.406 mean_rms=1.550 max_rms=1.759 min_rms=1.406 std=0.133 var=0.018 state=standing thr=1.816/2.016/2.516
4.94,6.00,109.88,0.5728,-0.0655,0.0182,-0.8169,1.24,-1.32,9.46,-0.38,-3.12,-22.94,9.63,0,1.70,0.0256,0.0090,14,0.683,0.744,65.36,1.09,10.085,0
4.94,5.56,111.25,0.5615,-0.0628,0.0153,-0.8250,1.18,-1.12,9.39,6.25,5.75,-23.94,9.53,0,1.70,0.0242,0.0091,14,0.683,0.744,65.36,1.09,10.085,0
5.00,5.62,112.19,0.5565,-0.0637,0.0164,-0.8282,1.07,-1.03,9.56,-7.06,3.75,-5.88,9.67,0,1.70,0.0248,0.0088,14,0.683,0.744,65.36,1.09,10.085,0
5.12,5.88,112.31,0.5540,-0.0656,0.0175,-0.8297,1.18,-1.28,9.44,3.38,5.75,-19.62,9.60,0,1.70,0.0256,0.0087,14,0.683,0.744,65.36,1.09,10.085,0
phase1 acc_mag=9.507 gravity=9.776 motion=0.269 moving_avg=0.662 rms=1.142 mean_rms=1.476 max_rms=1.759 min_rms=1.142 std=0.162 var=0.026 state=standing thr=1.800/2.000/2.500
5.31,6.19,112.62,0.5530,-0.0690,0.0190,-0.8301,1.26,-1.09,9.56,-8.94,0.25,0.12,9.70,0,1.70,0.0271,0.0089,14,0.683,0.744,65.36,1.09,10.085,0
5.56,6.38,113.19,0.5477,-0.0724,0.0200,-0.8333,1.39,-1.26,9.47,-6.62,-3.25,-14.12,9.65,0,1.70,0.0285,0.0092,14,0.683,0.744,65.36,1.09,10.085,0
6.12,6.81,113.19,0.5485,-0.0776,0.0201,-0.8323,1.27,-1.14,9.70,-1.50,0.88,6.50,9.85,0,1.70,0.0303,0.0103,14,0.683,0.744,65.36,1.09,10.085,0
6.62,6.88,113.75,0.5426,-0.0815,0.0183,-0.8358,1.52,-1.10,9.50,-6.75,-1.38,-22.69,9.68,0,1.70,0.0312,0.0116,14,0.683,0.744,65.36,1.09,10.085,0
phase1 acc_mag=9.818 gravity=9.900 motion=0.082 moving_avg=0.492 rms=1.020 mean_rms=1.333 max_rms=1.680 min_rms=1.020 std=0.165 var=0.027 state=standing thr=1.664/1.864/2.364
7.06,6.62,115.69,0.5299,-0.0831,0.0162,-0.8438,1.29,-1.13,9.55,-2.88,-9.81,-25.94,9.70,0,1.70,0.0315,0.0121,14,0.683,0.744,65.36,1.09,10.085,0
7.06,6.38,116.81,0.5218,-0.0818,0.0147,-0.8490,1.24,-1.02,9.53,-4.00,-3.62,-9.94,9.66,0,1.70,0.0308,0.0121,14,0.683,0.744,65.36,1.09,10.085,0
7.06,6.00,117.56,0.5159,-0.0804,0.0126,-0.8528,1.23,-0.91,9.50,6.00,-1.25,-18.12,9.62,0,1.70,0.0300,0.0123,14,0.683,0.744,65.36,1.09,10.085,0
7.25,5.88,118.25,0.5110,-0.0809,0.0102,-0.8557,1.18,-0.94,9.58,0.38,-5.75,-15.62,9.70,0,1.70,0.0298,0.0131,14,0.683,0.744,65.36,1.09,10.085,0
phase1 acc_mag=9.645 gravity=9.745 motion=0.100 moving_avg=0.174 rms=0.235 mean_rms=1.104 max_rms=1.421 min_rms=0.235 std=0.396 var=0.157 state=standing thr=1.895/2.095/2.595
7.62,5.69,118.44,0.5098,-0.0831,0.0084,-0.8562,1.24,-0.88,9.53,-0.50,-8.31,8.31,9.65,0,1.70,0.0302,0.0141,14,0.683,0.744,65.36,1.09,10.085,0
7.94,5.69,117.88,0.5148,-0.0854,0.0070,-0.8530,1.28,-1.03,9.71,-1.75,-3.00,16.25,9.85,0,1.70,0.0306,0.0152,14,0.683,0.744,65.36,1.09,10.085,0
8.19,5.94,116.88,0.5214,-0.0881,0.0063,-0.8488,1.41,-0.96,9.54,-0.38,-6.38,5.38,9.69,0,1.70,0.0312,0.0162,14,0.683,0.000,0.00,0.00,10.085,0
8.44,6.06,116.88,0.5204,-0.0911,0.0064,-0.8490,1.21,-1.00,9.40,-0.12,-4.88,-2.38,9.53,0,1.70,0.0323,0.0168,14,0.683,0.000,0.00,0.00,10.085,0
phase1 acc_mag=9.665 gravity=9.731 motion=0.066 moving_avg=0.133 rms=0.167 mean_rms=0.850 max_rms=1.420 min_rms=0.165 std=0.491 var=0.241 state=standing thr=1.831/2.031/2.531
8.62,6.50,116.62,0.5225,-0.0941,0.0082,-0.8474,1.23,-0.88,9.62,-5.75,-2.38,11.94,9.74,0,1.70,0.0336,0.0169,14,0.683,0.000,0.00,0.00,10.085,0
8.69,6.56,115.81,0.5289,-0.0947,0.0077,-0.8434,1.39,-0.99,9.65,7.81,-1.25,10.81,9.80,0,1.70,0.0336,0.0174,14,0.683,0.000,0.00,0.00,10.085,0
8.88,6.69,115.06,0.5345,-0.0961,0.0071,-0.8397,1.58,-0.98,9.48,4.25,3.25,6.50,9.66,0,1.70,0.0338,0.0181,14,0.683,0.000,0.00,0.00,10.085,0
8.94,6.56,114.50,0.5381,-0.0966,0.0057,-0.8373,1.84,-1.17,9.58,7.06,-5.62,2.50,9.83,0,1.70,0.0336,0.0189,14,0.683,0.000,0.00,0.00,10.085,0
phase1 acc_mag=9.696 gravity=9.705 motion=0.009 moving_avg=0.105 rms=0.141 mean_rms=0.586 max_rms=1.396 min_rms=0.141 std=0.454 var=0.206 state=standing thr=1.493/1.693/2.193
9.00,6.62,114.19,0.5398,-0.0972,0.0063,-0.8361,1.73,-1.14,9.55,-6.38,11.06,-10.44,9.77,0,1.70,0.0339,0.0189,14,0.683,0.000,0.00,0.00,10.085,0
8.94,6.44,114.31,0.5394,-0.0960,0.0044,-0.8365,1.58,-1.13,9.46,-0.75,-2.38,-0.62,9.66,0,1.70,0.0331,0.0192,14,0.683,0.000,0.00,0.00,10.085,0
9.06,6.31,114.56,0.5377,-0.0964,0.0040,-0.8376,1.52,-1.13,9.55,-7.56,2.62,-2.50,9.74,0,1.70,0.0332,0.0194,14,0.683,0.000,0.00,0.00,10.085,0
9.06,6.38,114.44,0.5386,-0.0967,0.0033,-0.8370,1.37,-1.17,9.58,0.88,0.12,3.62,9.75,0,1.70,0.0331,0.0197,14,0.683,0.000,0.00,0.00,10.085,0
phase1 acc_mag=9.720 gravity=9.712 motion=0.008 moving_avg=0.079 rms=0.110 mean_rms=0.355 max_rms=1.079 min_rms=0.110 std=0.336 var=0.113 state=standing thr=1.027/1.227/1.727
8.94,6.38,114.31,0.5397,-0.0958,0.0042,-0.8364,1.41,-1.16,9.58,-2.50,-1.88,-4.38,9.75,0,1.70,0.0329,0.0193,14,0.683,0.000,0.00,0.00,10.085,0
8.62,6.06,114.44,0.5395,-0.0916,0.0035,-0.8370,1.34,-1.07,9.59,5.25,4.00,10.94,9.74,0,1.70,0.0314,0.0186,14,0.683,0.000,0.00,0.00,10.085,0
8.50,6.31,113.00,0.5493,-0.0923,0.0047,-0.8305,1.42,-1.07,9.57,-0.75,-2.38,5.00,9.73,0,1.70,0.0317,0.0187,14,0.683,0.000,0.00,0.00,10.085,0
8.38,6.44,112.25,0.5563,-0.0922,0.0056,-0.8258,1.41,-1.12,9.60,-3.88,5.00,16.00,9.77,0,1.70,0.0317,0.0187,14,0.683,0.000,0.00,0.00,10.085,0
phase1 acc_mag=9.798 gravity=9.708 motion=0.091 moving_avg=0.051 rms=0.073 mean_rms=0.164 max_rms=0.423 min_rms=0.072 std=0.075 var=0.006 state=standing thr=0.314/0.514/1.014
8.25,6.69,111.00,0.5636,-0.0925,0.0072,-0.8208,1.57,-1.14,9.53,0.62,2.12,15.50,9.73,0,1.70,0.0320,0.0185,14,0.683,0.000,0.00,0.00,10.085,0
8.12,6.62,110.88,0.5646,-0.0914,0.0073,-0.8203,1.61,-0.94,9.41,6.00,5.75,0.50,9.59,0,1.70,0.0317,0.0182,14,0.683,0.000,0.00,0.00,10.085,0
7.88,5.75,113.38,0.5433,-0.0841,0.0042,-0.8353,1.80,-0.94,9.46,1.00,15.25,-55.06,9.68,0,1.70,0.0290,0.0169,14,0.683,0.000,0.00,0.00,10.085,0
7.50,5.62,116.75,0.5223,-0.0814,0.0072,-0.8488,1.16,-1.31,9.83,1.75,-1.12,-32.12,9.98,0,1.70,0.0291,0.0146,14,0.683,0.000,0.00,0.00,10.085,0
phase1 acc_mag=9.659 gravity=9.716 motion=0.057 moving_avg=0.051 rms=0.076 mean_rms=0.120 max_rms=0.220 min_rms=0.072 std=0.045 var=0.002 state=standing thr=0.209/0.409/0.909
7.31,6.00,117.31,0.5181,-0.0821,0.0115,-0.8513,1.26,-1.15,9.65,-5.38,6.62,-5.38,9.80,0,1.70,0.0303,0.0131,14,0.683,0.000,0.00,0.00,10.085,0
7.44,6.12,117.44,0.5172,-0.0834,0.0121,-0.8517,1.24,-1.04,9.54,-0.25,-6.00,-6.25,9.68,0,1.70,0.0309,0.0131,14,0.683,0.000,0.00,0.00,10.085,0
7.38,5.94,117.56,0.5157,-0.0817,0.0107,-0.8528,1.26,-0.96,9.61,0.25,-1.00,-18.12,9.74,0,1.70,0.0301,0.0132,14,0.683,0.000,0.00,0.00,10.085,0
phase1 acc_mag=9.780 gravity=9.720 motion=0.059 moving_avg=0.042 rms=0.059 mean_rms=0.095 max_rms=0.159 min_rms=0.057 std=0.030 var=0.001 state=standing thr=0.155/0.355/0.855
7.25,6.06,117.88,0.5138,-0.0816,0.0126,-0.8539,1.38,-1.00,9.63,-2.50,7.69,-8.81,9.78,0,1.70,0.0305,0.0125,14,0.683,0.000,0.00,0.00,10.085,0
7.12,6.06,117.88,0.5141,-0.0807,0.0132,-0.8538,1.19,-1.05,9.56,9.81,5.62,-9.31,9.69,0,1.70,0.0303,0.0121,14,0.683,0.000,0.00,0.00,10.085,0
7.12,5.94,117.88,0.5142,-0.0801,0.0119,-0.8538,1.24,-1.06,9.77,3.75,-1.00,-0.25,9.91,0,1.70,0.0298,0.0124,14,0.683,0.000,0.00,0.00,10.085,0
7.12,5.69,118.25,0.5112,-0.0799,0.0104,-0.8557,1.18,-0.87,9.55,-3.75,-6.38,-0.38,9.66,0,1.70,0.0295,0.0128,14,0.683,0.000,0.00,0.00,10.085,0
phase1 acc_mag=9.526 gravity=9.718 motion=0.192 moving_avg=0.046 rms=0.066 mean_rms=0.078 max_rms=0.119 min_rms=0.057 std=0.019 var=0.000 state=standing thr=0.116/0.350/0.850
7.25,5.69,118.25,0.5114,-0.0803,0.0099,-0.8555,1.17,-0.97,9.61,-2.12,2.50,-3.75,9.73,0,1.70,0.0295,0.0130,14,0.683,0.000,0.00,0.00,10.085,0
7.25,6.06,118.62,0.5071,-0.0816,0.0132,-0.8579,1.29,-0.91,9.57,-14.38,-4.88,-3.88,9.70,0,1.70,0.0307,0.0120,14,0.683,0.000,0.00,0.00,10.085,0
7.19,6.06,119.12,0.5048,-0.0810,0.0135,-0.8593,1.10,-1.04,9.65,2.50,-0.62,-2.62,9.77,0,1.70,0.0306,0.0117,14,0.683,0.000,0.00,0.00,10.085,0
7.25,5.88,119.38,0.5030,-0.0807,0.0118,-0.8604,1.21,-0.96,9.54,3.12,2.00,-8.69,9.66,0,1.70,0.0302,0.0122,14,0.683,0.000,0.00,0.00,10.085,0
phase1 acc_mag=9.635 gravity=9.720 motion=0.086 moving_avg=0.054 rms=0.072 mean_rms=0.069 max_rms=0.088 min_rms=0.057 std=0.008 var=0.000 state=standing thr=0.084/0.350/0.850
7.12,5.88,119.62,0.5010,-0.0800,0.0131,-0.8617,1.06,-0.99,9.56,-4.00,3.88,-6.38,9.67,0,1.70,0.0302,0.0115,14,0.683,0.000,0.00,0.00,10.085,0
7.00,5.81,119.50,0.5021,-0.0793,0.0134,-0.8611,1.11,-1.03,9.61,-6.75,-3.38,5.25,9.73,0,1.70,0.0300,0.0113,14,0.683,0.000,0.00,0.00,10.085,0
7.06,5.88,119.50,0.5017,-0.0794,0.0131,-0.8613,1.12,-0.95,9.64,5.00,0.38,-5.62,9.75,0,1.70,0.0300,0.0114,14,0.683,0.000,0.00,0.00,10.085,0
phase1 acc_mag=9.731 gravity=9.717 motion=0.014 moving_avg=0.055 rms=0.073 mean_rms=0.068 max_rms=0.079 min_rms=0.057 std=0.006 var=0.000 state=standing thr=0.080/0.350/0.850
7.06,5.88,119.75,0.5003,-0.0791,0.0129,-0.8621,1.18,-0.97,9.61,4.62,-1.88,1.75,9.73,0,1.70,0.0299,0.0114,14,0.683,0.000,0.00,0.00,10.085,0
7.06,5.69,120.06,0.4971,-0.0786,0.0120,-0.8641,1.09,-0.88,9.57,1.50,-2.00,-6.50,9.67,0,1.70,0.0295,0.0115,14,0.683,0.000,0.00,0.00,10.085,0
7.19,5.44,120.06,0.4979,-0.0781,0.0096,-0.8636,1.05,-0.89,9.60,9.56,-3.75,-2.00,9.70,0,1.70,0.0289,0.0122,14,0.683,0.000,0.00,0.00,10.085,0
7.25,5.56,119.62,0.5011,-0.0795,0.0098,-0.8617,1.09,-0.92,9.64,0.50,-5.12,6.12,9.74,0,1.70,0.0294,0.0125,14,0.683,0.000,0.00,0.00,10.085,0
phase1 acc_mag=9.640 gravity=9.711 motion=0.071 moving_avg=0.049 rms=0.062 mean_rms=0.067 max_rms=0.075 min_rms=0.057 std=0.006 var=0.000 state=standing thr=0.080/0.350/0.850
7.44,5.75,119.25,0.5035,-0.0816,0.0101,-0.8600,1.04,-0.88,9.60,-2.38,-5.38,-0.75,9.70,0,1.70,0.0301,0.0130,14,0.683,0.000,0.00,0.00,10.085,0
7.44,5.75,119.25,0.5037,-0.0819,0.0103,-0.8599,1.04,-1.01,9.63,-3.50,-1.88,-7.94,9.74,0,1.70,0.0303,0.0130,14,0.683,0.000,0.00,0.00,10.085,0
7.31,6.12,119.19,0.5036,-0.0828,0.0142,-0.8598,1.05,-0.92,9.51,-9.19,-0.88,-5.00,9.61,0,1.70,0.0313,0.0118,14,0.683,0.000,0.00,0.00,10.085,0
7.50,6.25,119.19,0.5039,-0.0841,0.0139,-0.8596,0.99,-1.08,9.61,-2.88,-3.25,4.50,9.72,0,1.70,0.0317,0.0122,14,0.683,0.000,0.00,0.00,10.085,0
phase1 acc_mag=9.685 gravity=9.704 motion=0.019 moving_avg=0.047 rms=0.061 mean_rms=0.066 max_rms=0.074 min_rms=0.057 std=0.005 var=0.000 state=standing thr=0.080/0.350/0.850
7.44,6.25,119.19,0.5041,-0.0839,0.0137,-0.8594,1.04,-1.05,9.56,3.88,-3.62,-1.62,9.67,0,1.70,0.0316,0.0122,14,0.683,0.000,0.00,0.00,10.085,0
7.62,6.31,118.81,0.5069,-0.0852,0.0133,-0.8577,1.21,-1.12,9.67,0.75,0.00,1.75,9.81,0,1.70,0.0319,0.0127,14,0.683,0.000,0.00,0.00,10.085,0
7.75,6.12,118.44,0.5095,-0.0855,0.0109,-0.8561,1.32,-1.10,9.63,9.81,2.50,0.50,9.78,0,1.70,0.0315,0.0137,14,0.683,0.000,0.00,0.00,10.085,0
7.81,6.00,118.81,0.5070,-0.0858,0.0102,-0.8576,1.22,-1.03,9.46,-4.62,-2.50,-0.88,9.59,0,1.70,0.0315,0.0139,14,0.683,0.000,0.00,0.00,10.085,0
phase1 acc_mag=9.570 gravity=9.706 motion=0.136 moving_avg=0.048 rms=0.060 mean_rms=0.066 max_rms=0.074 min_rms=0.055 std=0.005 var=0.000 state=standing thr=0.080/0.350/0.850
8.00,6.12,118.31,0.5118,-0.0870,0.0093,-0.8546,1.15,-1.14,9.58,9.19,-0.50,19.75,9.72,0,1.70,0.0316,0.0146,14,0.683,0.000,0.00,0.00,10.085,0
8.00,6.19,117.75,0.5147,-0.0877,0.0100,-0.8528,1.22,-0.99,9.61,-0.25,-4.50,3.50,9.74,0,1.70,0.0320,0.0146,14,0.683,0.000,0.00,0.00,10.085,0
8.00,6.31,118.06,0.5112,-0.0881,0.0117,-0.8549,0.90,-1.12,9.74,-4.88,3.50,-14.75,9.85,0,1.70,0.0325,0.0140,14,0.683,0.000,0.00,0.00,10.085,0
7.69,6.56,118.50,0.5092,-0.0869,0.0145,-0.8561,0.83,-1.16,9.62,-2.38,3.62,4.62,9.73,0,1.70,0.0327,0.0127,14,0.683,0.000,0.00,0.00,10.085,0
phase1 acc_mag=9.643 gravity=9.714 motion=0.071 moving_avg=0.048 rms=0.061 mean_rms=0.064 max_rms=0.074 min_rms=0.055 std=0.005 var=0.000 state=standing thr=0.080/0.350/0.850
7.75,6.50,118.12,0.5124,-0.0878,0.0144,-0.8541,1.34,-0.93,9.33,-4.88,-4.62,15.12,9.47,0,1.70,0.0330,0.0131,14,0.683,0.000,0.00,0.00,10.085,0
7.88,7.12,118.06,0.5122,-0.0911,0.0176,-0.8538,1.28,-1.08,9.69,-6.50,-6.00,-3.25,9.83,0,1.70,0.0347,0.0127,14,0.683,0.000,0.00,0.00,10.085,0
8.06,7.31,117.75,0.5142,-0.0936,0.0181,-0.8524,1.19,-1.09,9.58,6.88,-6.12,13.06,9.71,0,1.70,0.0356,0.0131,14,0.683,0.000,0.00,0.00,10.085,0
8.12,7.44,117.44,0.5168,-0.0944,0.0180,-0.8507,1.22,-0.96,9.55,4.75,-2.00,6.00,9.68,0,1.70,0.0359,0.0134,14,0.683,0.000,0.00,0.00,10.085,0
phase1 acc_mag=9.604 gravity=9.712 motion=0.108 moving_avg=0.063 rms=0.081 mean_rms=0.065 max_rms=0.081 min_rms=0.055 std=0.007 var=0.000 state=slow thr=0.080/0.350/0.850
8.12,7.56,116.81,0.5211,-0.0952,0.0185,-0.8480,1.39,-1.10,9.51,-5.00,-2.75,7.81,9.67,0,1.70,0.0361,0.0136,14,0.683,0.000,0.00,0.00,10.085,0
8.06,7.31,116.56,0.5231,-0.0935,0.0167,-0.8470,1.36,-1.13,9.67,14.00,-3.00,8.19,9.83,0,1.70,0.0352,0.0139,14,0.683,0.000,0.00,0.00,10.085,0
7.88,7.00,116.50,0.5235,-0.0904,0.0142,-0.8471,1.28,-1.24,9.53,12.56,-5.50,-7.19,9.70,0,1.70,0.0336,0.0141,14,0.683,0.000,0.00,0.00,10.085,0
8.00,6.62,116.62,0.5230,-0.0897,0.0122,-0.8475,1.24,-1.11,9.53,14.75,-2.50,3.25,9.67,0,1.70,0.0329,0.0146,14,0.683,0.000,0.00,0.00,10.085,0
phase1 acc_mag=9.625 gravity=9.711 motion=0.086 moving_avg=0.066 rms=0.083 mean_rms=0.069 max_rms=0.084 min_rms=0.055 std=0.010 var=0.000 state=standing thr=0.089/0.350/0.850
7.94,6.75,116.38,0.5259,-0.0905,0.0138,-0.8456,1.33,-1.21,9.66,-7.56,-3.75,13.56,9.83,0,1.70,0.0335,0.0144,14,0.683,0.000,0.00,0.00,10.085,0
7.88,7.06,115.94,0.5279,-0.0912,0.0154,-0.8443,1.53,-1.09,9.50,-3.25,1.25,2.50,9.68,0,1.70,0.0341,0.0140,14,0.683,0.000,0.00,0.00,10.085,0
7.62,6.88,115.88,0.5283,-0.0886,0.0154,-0.8442,1.17,-1.14,9.57,4.12,2.00,3.38,9.71,0,1.70,0.0332,0.0135,14,0.683,0.000,0.00,0.00,10.085,0
7.50,7.12,115.69,0.5302,-0.0882,0.0167,-0.8431,1.21,-1.22,9.57,9.94,2.62,0.75,9.72,0,1.70,0.0333,0.0131,14,0.683,0.000,0.00,0.00,10.085,0
phase1 acc_mag=9.743 gravity=9.716 motion=0.027 moving_avg=0.066 rms=0.083 mean_rms=0.074 max_rms=0.084 min_rms=0.055 std=0.011 var=0.000 state=standing thr=0.095/0.350/0.850
7.50,6.94,115.88,0.5285,-0.0879,0.0165,-0.8442,1.11,-1.23,9.63,4.50,-1.75,1.12,9.77,0,1.70,0.0332,0.0130,14,0.683,0.000,0.00,0.00,10.085,0
7.44,7.00,116.38,0.5253,-0.0876,0.0172,-0.8463,1.18,-1.12,9.58,2.88,-4.88,7.19,9.72,0,1.70,0.0333,0.0126,14,0.683,0.000,0.00,0.00,10.085,0
7.50,6.94,116.50,0.5239,-0.0875,0.0168,-0.8471,1.20,-1.14,9.53,0.00,4.12,-1.00,9.67,0,1.70,0.0332,0.0127,14,0.683,0.000,0.00,0.00,10.085,0
7.50,6.81,116.62,0.5231,-0.0870,0.0162,-0.8477,1.24,-1.08,9.50,0.75,0.88,5.62,9.64,0,1.70,0.0329,0.0127,14,0.683,0.000,0.00,0.00,10.085,0
phase1 acc_mag=9.618 gravity=9.714 motion=0.096 moving_avg=0.057 rms=0.076 mean_rms=0.078 max_rms=0.084 min_rms=0.060 std=0.007 var=0.000 state=standing thr=0.093/0.350/0.850
7.62,6.81,116.62,0.5230,-0.0880,0.0153,-0.8476,1.27,-1.04,9.58,-2.00,-4.50,2.75,9.72,0,1.70,0.0330,0.0132,14,0.683,0.000,0.00,0.00,10.085,0
7.62,6.75,116.56,0.5232,-0.0878,0.0147,-0.8475,1.30,-1.02,9.52,-6.50,-2.75,4.38,9.66,0,1.70,0.0329,0.0134,14,0.683,0.000,0.00,0.00,10.085,0
7.75,7.12,116.56,0.5238,-0.0910,0.0166,-0.8468,1.17,-1.07,9.59,-0.38,-6.25,9.06,9.72,0,1.70,0.0343,0.0134,14,0.683,0.000,0.00,0.00,10.085,0
7.75,7.00,116.19,0.5259,-0.0898,0.0160,-0.8456,1.24,-1.05,9.64,9.69,-2.25,0.12,9.78,0,1.70,0.0337,0.0135,14,0.683,0.000,0.00,0.00,10.085,0
phase1 acc_mag=9.802 gravity=9.715 motion=0.087 moving_avg=0.043 rms=0.055 mean_rms=0.078 max_rms=0.084 min_rms=0.055 std=0.007 var=0.000 state=standing thr=0.092/0.350/0.850
7.75,6.81,116.50,0.5242,-0.0892,0.0146,-0.8467,1.25,-0.98,9.51,-1.00,-2.75,4.88,9.64,0,1.70,0.0333,0.0138,14,0.683,0.000,0.00,0.00,10.085,0
7.75,6.69,116.75,0.5219,-0.0884,0.0142,-0.8483,1.21,-1.00,9.56,1.88,0.00,-1.75,9.69,0,1.70,0.0329,0.0136,14,0.683,0.000,0.00,0.00,10.085,0
8.00,6.62,116.81,0.5207,-0.0889,0.0111,-0.8490,1.26,-1.04,9.61,15.12,0.12,-10.19,9.75,0,1.70,0.0325,0.0147,14,0.683,0.000,0.00,0.00,10.085,0
8.12,6.31,117.25,0.5184,-0.0894,0.0099,-0.8503,1.18,-1.01,9.56,-5.38,-4.00,-4.00,9.69,0,1.70,0.0325,0.0152,14,0.683,0.000,0.00,0.00,10.085,0
phase1 acc_mag=9.745 gravity=9.709 motion=0.036 moving_avg=0.037 rms=0.047 mean_rms=0.072 max_rms=0.084 min_rms=0.047 std=0.013 var=0.000 state=standing thr=0.098/0.350/0.850
8.00,6.25,117.75,0.5146,-0.0880,0.0102,-0.8528,1.15,-1.04,9.62,3.12,-0.25,-5.88,9.74,0,1.70,0.0321,0.0146,14,0.683,0.000,0.00,0.00,10.085,0
8.00,6.25,117.75,0.5145,-0.0883,0.0103,-0.8528,1.13,-0.90,9.50,-0.50,4.12,-1.62,9.61,0,1.70,0.0323,0.0147,14,0.683,0.000,0.00,0.00,10.085,0
8.06,6.25,118.12,0.5118,-0.0888,0.0103,-0.8544,1.17,-0.89,9.64,10.19,-4.00,-7.06,9.75,0,1.70,0.0325,0.0147,14,0.683,0.000,0.00,0.00,10.085,0
phase1 acc_mag=9.731 gravity=9.704 motion=0.028 moving_avg=0.035 rms=0.043 mean_rms=0.064 max_rms=0.084 min_rms=0.043 std=0.015 var=0.000 state=standing thr=0.094/0.350/0.850
7.94,6.31,117.81,0.5142,-0.0880,0.0112,-0.8531,1.24,-0.90,9.61,-1.50,2.62,5.38,9.73,0,1.70,0.0323,0.0143,14,0.683,0.000,0.00,0.00,10.085,0
7.94,6.44,117.25,0.5182,-0.0889,0.0117,-0.8506,1.32,-0.93,9.50,-1.12,0.50,10.56,9.64,0,1.70,0.0327,0.0144,14,0.683,0.000,0.00,0.00,10.085,0
7.88,6.31,116.94,0.5219,-0.0884,0.0104,-0.8484,1.31,-1.06,9.61,10.81,4.62,6.50,9.76,0,1.70,0.0322,0.0149,14,0.683,0.000,0.00,0.00,10.085,0
7.88,6.62,116.62,0.5229,-0.0893,0.0129,-0.8476,1.26,-1.15,9.57,-7.56,-8.69,-0.88,9.72,0,1.70,0.0330,0.0143,14,0.683,0.000,0.00,0.00,10.085,0
phase1 acc_mag=9.717 gravity=9.702 motion=0.016 moving_avg=0.037 rms=0.047 mean_rms=0.056 max_rms=0.080 min_rms=0.043 std=0.013 var=0.000 state=standing thr=0.083/0.350/0.850
7.62,6.94,116.56,0.5235,-0.0885,0.0161,-0.8473,1.13,-1.15,9.65,-1.62,-0.25,0.88,9.78,0,1.70,0.0334,0.0131,14,0.683,0.000,0.00,0.00,10.085,0
7.62,7.00,116.69,0.5225,-0.0888,0.0165,-0.8478,1.20,-1.13,9.55,10.31,-4.62,-16.25,9.69,0,1.70,0.0336,0.0130,14,0.683,0.000,0.00,0.00,10.085,0
7.62,6.81,116.44,0.5244,-0.0884,0.0153,-0.8467,1.27,-1.10,9.59,4.38,-0.75,10.69,9.74,0,1.70,0.0331,0.0134,14,0.683,0.000,0.00,0.00,10.085,0
7.56,6.50,116.38,0.5263,-0.0864,0.0135,-0.8458,1.49,-1.01,9.52,-0.38,2.50,-3.50,9.69,0,1.70,0.0321,0.0136,14,0.683,0.000,0.00,0.00,10.085,0
phase1 acc_mag=9.699 gravity=9.702 motion=0.003 moving_avg=0.036 rms=0.046 mean_rms=0.050 max_rms=0.073 min_rms=0.043 std=0.008 var=0.000 state=standing thr=0.080/0.350/0.850
7.44,6.69,116.00,0.5275,-0.0862,0.0145,-0.8451,1.45,-1.07,9.52,-8.19,2.50,8.44,9.69,0,1.70,0.0322,0.0133,14,0.683,0.000,0.00,0.00,10.085,0
7.38,6.88,116.19,0.5259,-0.0869,0.0165,-0.8459,1.34,-1.09,9.60,-8.94,-2.38,8.19,9.75,0,1.70,0.0329,0.0127,14,0.683,0.000,0.00,0.00,10.085,0
7.31,6.75,116.19,0.5264,-0.0853,0.0159,-0.8458,1.30,-1.14,9.60,9.19,0.62,-4.88,9.75,0,1.70,0.0322,0.0126,14,0.683,0.000,0.00,0.00,10.085,0
7.38,6.62,116.19,0.5269,-0.0856,0.0152,-0.8455,1.34,-0.98,9.50,-6.88,-1.12,-1.00,9.64,0,1.70,0.0321,0.0129,14,0.683,0.000,0.00,0.00,10.085,0
phase1 acc_mag=9.824 gravity=9.703 motion=0.122 moving_avg=0.034 rms=0.045 mean_rms=0.046 max_rms=0.050 min_rms=0.042 std=0.002 var=0.000 state=standing thr=0.080/0.350/0.850
7.31,6.56,116.38,0.5248,-0.0845,0.0149,-0.8469,1.18,-0.98,9.59,-1.88,0.38,-5.12,9.71,0,1.70,0.0318,0.0127,14,0.683,0.000,0.00,0.00,10.085,0
7.38,6.56,116.88,0.5211,-0.0849,0.0146,-0.8492,1.18,-1.04,9.62,-1.62,1.75,-6.12,9.75,0,1.70,0.0319,0.0127,14,0.683,0.000,0.00,0.00,10.085,0
7.44,6.56,116.94,0.5203,-0.0856,0.0150,-0.8496,1.21,-1.06,9.51,-6.50,0.62,-4.50,9.65,0,1.70,0.0322,0.0127,14,0.683,0.000,0.00,0.00,10.085,0
7.44,6.44,117.19,0.5192,-0.0843,0.0131,-0.8504,1.16,-1.03,9.57,11.19,-1.12,-0.62,9.69,0,1.70,0.0314,0.0131,14,0.683,0.000,0.00,0.00,10.085,0
phase1 acc_mag=9.649 gravity=9.703 motion=0.054 moving_avg=0.033 rms=0.044 mean_rms=0.045 max_rms=0.049 min_rms=0.042 std=0.001 var=0.000 state=standing thr=0.080/0.350/0.850
7.38,6.44,117.06,0.5201,-0.0844,0.0142,-0.8498,1.21,-1.06,9.58,1.25,6.38,4.12,9.71,0,1.70,0.0316,0.0127,14,0.683,0.000,0.00,0.00,10.085,0
7.44,6.75,116.81,0.5216,-0.0865,0.0165,-0.8486,1.27,-0.99,9.56,-5.62,1.50,1.38,9.69,0,1.70,0.0328,0.0125,14,0.683,0.000,0.00,0.00,10.085,0
7.25,7.00,116.81,0.5217,-0.0864,0.0185,-0.8486,1.22,-1.04,9.55,0.38,2.50,3.12,9.68,0,1.70,0.0332,0.0117,14,0.683,0.000,0.00,0.00,10.085,0
phase1 acc_mag=9.715 gravity=9.707 motion=0.008 moving_avg=0.031 rms=0.042 mean_rms=0.045 max_rms=0.049 min_rms=0.041 std=0.002 var=0.000 state=standing thr=0.080/0.350/0.850
7.25,7.12,116.50,0.5239,-0.0870,0.0193,-0.8471,1.24,-1.03,9.58,2.00,3.00,-2.75,9.71,0,1.70,0.0335,0.0117,14,0.683,0.000,0.00,0.00,10.085,0
7.25,6.88,116.94,0.5206,-0.0856,0.0180,-0.8493,1.20,-1.10,9.59,12.44,2.88,-3.12,9.73,0,1.70,0.0328,0.0117,14,0.683,0.000,0.00,0.00,10.085,0
7.12,6.88,116.94,0.5209,-0.0843,0.0182,-0.8492,1.25,-1.03,9.48,-0.88,6.88,-1.00,9.62,0,1.70,0.0324,0.0114,14,0.683,0.000,0.00,0.00,10.085,0
7.25,6.81,116.81,0.5217,-0.0856,0.0173,-0.8486,1.28,-1.06,9.56,-1.50,-4.25,-1.25,9.70,0,1.70,0.0327,0.0120,14,0.683,0.000,0.00,0.00,10.085,0
phase1 acc_mag=9.762 gravity=9.705 motion=0.057 moving_avg=0.028 rms=0.037 mean_rms=0.043 max_rms=0.049 min_rms=0.035 std=0.003 var=0.000 state=standing thr=0.080/0.350/0.850
7.62,6.75,116.75,0.5219,-0.0878,0.0147,-0.8483,1.21,-1.08,9.56,-3.25,-4.38,-6.12,9.70,0,1.70,0.0329,0.0133,14,0.683,0.000,0.00,0.00,10.085,0
7.56,6.94,116.44,0.5241,-0.0881,0.0165,-0.8469,1.19,-1.06,9.58,2.62,-4.25,2.12,9.71,0,1.70,0.0333,0.0129,14,0.683,0.000,0.00,0.00,10.085,0
7.44,7.00,116.44,0.5243,-0.0876,0.0173,-0.8469,1.26,-1.10,9.55,3.88,0.75,0.62,9.70,0,1.70,0.0333,0.0125,14,0.683,0.000,0.00,0.00,10.085,0
7.44,6.75,116.38,0.5256,-0.0867,0.0157,-0.8461,1.24,-1.05,9.52,-4.00,-4.88,2.62,9.66,0,1.70,0.0327,0.0129,14,0.683,0.000,0.00,0.00,10.085,0
phase1 acc_mag=9.719 gravity=9.704 motion=0.014 moving_avg=0.029 rms=0.037 mean_rms=0.041 max_rms=0.045 min_rms=0.035 std=0.003 var=0.000 state=standing thr=0.080/0.350/0.850
7.56,6.69,116.25,0.5259,-0.0870,0.0146,-0.8459,1.23,-1.09,9.62,5.88,-2.38,5.50,9.76,0,1.70,0.0325,0.0134,14,0.683,0.000,0.00,0.00,10.085,0
7.56,6.75,116.25,0.5259,-0.0875,0.0148,-0.8459,1.23,-1.06,9.54,3.12,-3.25,-6.75,9.68,0,1.70,0.0327,0.0134,14,0.683,0.000,0.00,0.00,10.085,0
7.56,6.88,116.06,0.5277,-0.0881,0.0162,-0.8447,1.24,-1.06,9.53,-7.44,2.75,7.19,9.67,0,1.70,0.0332,0.0131,14,0.683,0.000,0.00,0.00,10.085,0
7.44,7.06,115.94,0.5279,-0.0880,0.0173,-0.8446,1.27,-1.04,9.56,-3.75,2.88,-2.38,9.70,0,1.70,0.0334,0.0127,14,0.683,0.000,0.00,0.00,10.085,0
phase1 acc_mag=9.698 gravity=9.704 motion=0.006 moving_avg=0.025 rms=0.031 mean_rms=0.039 max_rms=0.045 min_rms=0.031 std=0.003 var=0.000 state=standing thr=0.080/0.350/0.850
7.50,7.06,116.06,0.5270,-0.0884,0.0172,-0.8451,1.21,-1.09,9.56,3.00,-1.62,-1.38,9.70,0,1.70,0.0335,0.0128,14,0.683,0.000,0.00,0.00,10.085,0
7.31,7.00,116.38,0.5251,-0.0867,0.0181,-0.8464,1.22,-1.11,9.56,1.25,4.25,-2.12,9.70,0,1.70,0.0332,0.0121,14,0.683,0.000,0.00,0.00,10.085,0
7.25,6.94,116.56,0.5231,-0.0863,0.0178,-0.8477,1.20,-1.11,9.58,-3.25,-6.38,-3.25,9.72,0,1.70,0.0330,0.0120,14,0.683,0.000,0.00,0.00,10.085,0
7.31,7.06,116.25,0.5255,-0.0871,0.0181,-0.8461,1.25,-1.08,9.57,-5.62,-3.88,8.56,9.71,0,1.70,0.0333,0.0122,14,0.683,0.000,0.00,0.00,10.085,0
phase1 acc_mag=9.662 gravity=9.707 motion=0.045 moving_avg=0.025 rms=0.031 mean_rms=0.036 max_rms=0.042 min_rms=0.030 std=0.003 var=0.000 state=standing thr=0.080/0.350/0.850
7.31,7.00,116.62,0.5241,-0.0865,0.0178,-0.8470,1.23,-1.11,9.62,1.00,0.38,-0.38,9.76,0,1.70,0.0330,0.0121,14,0.683,0.000,0.00,0.00,10.085,0
7.31,6.88,116.81,0.5216,-0.0862,0.0173,-0.8486,1.23,-1.06,9.58,4.50,-5.12,-3.00,9.72,0,1.70,0.0329,0.0121,14,0.683,0.000,0.00,0.00,10.085,0
7.38,7.06,116.94,0.5205,-0.0872,0.0187,-0.8492,1.22,-1.09,9.56,-4.62,1.75,-0.38,9.70,0,1.70,0.0335,0.0118,14,0.683,0.000,0.00,0.00,10.085,0
phase1 acc_mag=9.694 gravity=9.710 motion=0.016 moving_avg=0.024 rms=0.030 mean_rms=0.034 max_rms=0.039 min_rms=0.030 std=0.003 var=0.000 state=standing thr=0.080/0.350/0.850
7.38,6.94,117.00,0.5203,-0.0861,0.0178,-0.8494,1.20,-1.07,9.56,0.88,5.00,-1.62,9.69,0,1.70,0.0330,0.0119,14,0.683,0.000,0.00,0.00,10.085,0
7.25,6.88,117.12,0.5193,-0.0854,0.0176,-0.8501,1.18,-1.12,9.61,4.25,-1.12,-1.88,9.75,0,1.70,0.0327,0.0118,14,0.683,0.000,0.00,0.00,10.085,0
7.12,6.94,116.94,0.5207,-0.0847,0.0189,-0.8493,1.22,-1.10,9.56,-1.12,2.50,2.00,9.70,0,1.70,0.0327,0.0112,14,0.683,0.000,0.00,0.00,10.085,0
7.19,7.12,117.00,0.5200,-0.0858,0.0199,-0.8496,1.22,-1.14,9.57,0.00,0.38,-0.75,9.71,0,1.70,0.0333,0.0111,14,0.683,0.000,0.00,0.00,10.085,0
phase1 acc_mag=9.671 gravity=9.709 motion=0.038 moving_avg=0.023 rms=0.028 mean_rms=0.033 max_rms=0.038 min_rms=0.028 std=0.003 var=0.000 state=standing thr=0.080/0.350/0.850
7.12,7.25,117.00,0.5203,-0.0865,0.0210,-0.8493,1.19,-1.11,9.58,4.12,-2.88,6.12,9.72,0,1.70,0.0338,0.0109,14,0.683,0.000,0.00,0.00,10.085,0
7.19,7.31,117.31,0.5179,-0.0868,0.0214,-0.8508,1.22,-1.10,9.56,3.88,1.50,-1.88,9.70,0,1.70,0.0340,0.0107,14,0.683,0.000,0.00,0.00,10.085,0
7.31,7.50,117.19,0.5192,-0.0891,0.0231,-0.8497,1.21,-1.06,9.52,-7.94,-0.62,5.62,9.65,0,1.70,0.0351,0.0106,14,0.683,0.000,0.00,0.00,10.085,0
7.25,7.38,117.19,0.5189,-0.0879,0.0218,-0.8500,1.19,-1.07,9.58,2.50,2.50,-0.62,9.71,0,1.70,0.0344,0.0108,14,0.683,0.000,0.00,0.00,10.085,0
phase1 acc_mag=9.728 gravity=9.711 motion=0.018 moving_avg=0.025 rms=0.031 mean_rms=0.031 max_rms=0.037 min_rms=0.027 std=0.002 var=0.000 state=standing thr=0.080/0.350/0.850
7.19,7.31,117.12,0.5194,-0.0870,0.0214,-0.8498,1.21,-1.09,9.57,-2.12,2.12,0.12,9.71,0,1.70,0.0340,0.0108,14,0.683,0.000,0.00,0.00,10.085,0
7.12,6.94,117.00,0.5201,-0.0851,0.0190,-0.8497,1.18,-1.09,9.56,2.50,-0.62,4.25,9.69,0,1.70,0.0329,0.0112,14,0.683,0.000,0.00,0.00,10.085,0
7.19,7.12,116.69,0.5226,-0.0861,0.0190,-0.8480,1.19,-1.11,9.57,-1.50,0.62,-5.12,9.71,0,1.70,0.0332,0.0115,14,0.683,0.000,0.00,0.00,10.085,0
7.12,7.06,116.62,0.5231,-0.0855,0.0197,-0.8477,1.22,-1.06,9.55,1.75,5.62,-3.75,9.69,0,1.70,0.0331,0.0112,14,0.683,0.000,0.00,0.00,10.085,0
phase1 acc_mag=9.695 gravity=9.711 motion=0.016 moving_avg=0.024 rms=0.031 mean_rms=0.030 max_rms=0.032 min_rms=0.027 std=0.001 var=0.000 state=standing thr=0.080/0.350/0.850
7.06,7.00,116.56,0.5234,-0.0848,0.0195,-0.8477,1.21,-1.10,9.58,5.12,1.75,-1.88,9.72,0,1.70,0.0328,0.0111,14,0.683,0.000,0.00,0.00,10.085,0
7.12,7.25,116.56,0.5236,-0.0861,0.0207,-0.8474,1.17,-1.11,9.60,-5.75,-8.81,4.50,9.73,0,1.70,0.0335,0.0110,14,0.683,0.000,0.00,0.00,10.085,0
7.12,7.19,116.62,0.5229,-0.0858,0.0204,-0.8478,1.24,-1.12,9.59,-5.12,-3.12,4.00,9.73,0,1.70,0.0334,0.0110,14,0.683,0.000,0.00,0.00,10.085,0
7.38,7.25,116.56,0.5234,-0.0882,0.0198,-0.8473,1.22,-1.08,9.55,3.00,-5.12,-3.62,9.69,0,1.70,0.0340,0.0118,14,0.683,0.000,0.00,0.00,10.085,0
phase1 acc_mag=9.665 gravity=9.708 motion=0.043 moving_avg=0.023 rms=0.030 mean_rms=0.030 max_rms=0.032 min_rms=0.027 std=0.000 var=0.000 state=standing thr=0.080/0.350/0.850
7.50,7.44,116.94,0.5203,-0.0898,0.0206,-0.8490,1.20,-1.12,9.60,-4.12,-0.62,11.19,9.74,0,1.70,0.0348,0.0117,14,0.683,0.000,0.00,0.00,10.085,0
7.38,7.31,117.38,0.5168,-0.0878,0.0204,-0.8513,1.22,-1.06,9.59,3.25,3.88,-6.25,9.73,0,1.70,0.0341,0.0112,14,0.683,0.000,0.00,0.00,10.085,0
7.38,7.19,117.62,0.5154,-0.0877,0.0200,-0.8522,1.22,-1.05,9.57,-4.12,-6.38,-0.25,9.70,0,1.70,0.0340,0.0113,14,0.683,0.000,0.00,0.00,10.085,0
phase1 acc_mag=9.710 gravity=9.710 motion=0.000 moving_avg=0.023 rms=0.029 mean_rms=0.030 max_rms=0.032 min_rms=0.027 std=0.000 var=0.000 state=standing thr=0.080/0.350/0.850
7.38,7.25,117.62,0.5156,-0.0883,0.0204,-0.8520,1.24,-1.08,9.57,1.00,3.88,5.88,9.71,0,1.70,0.0343,0.0113,14,0.683,0.000,0.00,0.00,10.085,0
7.50,7.38,117.56,0.5157,-0.0894,0.0208,-0.8518,1.23,-1.08,9.55,5.00,2.50,0.12,9.69,0,1.70,0.0348,0.0114,14,0.683,0.000,0.00,0.00,10.085,0
7.38,7.19,117.62,0.5159,-0.0873,0.0201,-0.8519,1.20,-1.07,9.59,2.50,2.00,3.50,9.72,0,1.70,0.0339,0.0112,14,0.683,0.000,0.00,0.00,10.085,0
7.50,7.25,117.62,0.5156,-0.0889,0.0198,-0.8520,1.20,-1.11,9.59,-1.62,-3.25,-1.62,9.73,0,1.70,0.0344,0.0116,14,0.683,0.000,0.00,0.00,10.085,0
phase1 acc_mag=9.747 gravity=9.710 motion=0.037 moving_avg=0.022 rms=0.028 mean_rms=0.030 max_rms=0.032 min_rms=0.028 std=0.000 var=0.000 state=standing thr=0.080/0.350/0.850
7.50,7.12,117.44,0.5163,-0.0884,0.0190,-0.8516,1.29,-1.06,9.56,-1.00,-1.00,-8.44,9.70,0,1.70,0.0340,0.0118,14,0.683,0.000,0.00,0.00,10.085,0
7.75,7.00,117.50,0.5161,-0.0892,0.0174,-0.8517,1.29,-1.09,9.60,8.56,-4.38,3.00,9.75,0,1.70,0.0340,0.0125,14,0.683,0.000,0.00,0.00,10.085,0
7.56,6.75,118.00,0.5122,-0.0870,0.0164,-0.8543,1.23,-1.03,9.60,0.00,-0.50,-5.25,9.73,0,1.70,0.0331,0.0122,14,0.683,0.000,0.00,0.00,10.085,0
7.88,6.50,118.44,0.5096,-0.0881,0.0132,-0.8558,1.20,-1.03,9.61,3.25,-6.12,-5.75,9.74,0,1.70,0.0329,0.0134,14,0.683,0.000,0.00,0.00,10.085,0
phase1 acc_mag=9.729 gravity=9.712 motion=0.017 moving_avg=0.020 rms=0.025 mean_rms=0.029 max_rms=0.031 min_rms=0.024 std=0.002 var=0.000 state=standing thr=0.080/0.350/0.850
8.00,6.31,118.81,0.5067,-0.0885,0.0118,-0.8575,1.24,-0.95,9.54,2.62,-1.50,-15.38,9.67,0,1.70,0.0327,0.0139,14,0.683,0.000,0.00,0.00,10.085,0
8.00,6.56,119.00,0.5052,-0.0891,0.0135,-0.8583,1.24,-1.03,9.54,-12.06,6.38,-9.44,9.68,0,1.70,0.0333,0.0134,14,0.683,0.000,0.00,0.00,10.085,0
8.00,6.69,118.94,0.5054,-0.0900,0.0143,-0.8580,1.19,-0.96,9.59,3.88,-1.75,7.06,9.71,0,1.70,0.0338,0.0133,14,0.683,0.000,0.00,0.00,10.085,0
7.94,6.62,119.00,0.5051,-0.0889,0.0145,-0.8583,1.20,-0.98,9.60,4.25,-3.88,-9.19,9.72,0,1.70,0.0335,0.0130,14,0.683,0.000,0.00,0.00,10.085,0
phase1 acc_mag=9.695 gravity=9.707 motion=0.012 moving_avg=0.023 rms=0.028 mean_rms=0.028 max_rms=0.031 min_rms=0.024 std=0.002 var=0.000 state=standing thr=0.080/0.350/0.850
7.88,6.69,119.12,0.5042,-0.0891,0.0153,-0.8588,1.24,-0.96,9.59,-3.25,2.38,-0.50,9.72,0,1.70,0.0337,0.0127,14,0.683,0.000,0.00,0.00,10.085,0
7.88,6.56,119.31,0.5029,-0.0883,0.0144,-0.8597,1.17,-1.05,9.58,-0.75,5.50,-0.25,9.71,0,1.70,0.0332,0.0128,14,0.683,0.000,0.00,0.00,10.085,0
7.75,6.50,119.25,0.5037,-0.0869,0.0151,-0.8593,1.23,-0.97,9.54,-1.88,-3.50,9.56,9.67,0,1.70,0.0329,0.0123,14,0.683,0.000,0.00,0.00,10.085,0
7.50,6.56,118.81,0.5068,-0.0856,0.0157,-0.8577,1.31,-1.06,9.54,-5.00,-0.25,16.50,9.69,0,1.70,0.0326,0.0120,14,0.683,0.000,0.00,0.00,10.085,0
phase1 acc_mag=9.666 gravity=9.708 motion=0.043 moving_avg=0.024 rms=0.030 mean_rms=0.028 max_rms=0.030 min_rms=0.024 std=0.002 var=0.000 state=standing thr=0.080/0.350/0.850
7.56,6.62,118.56,0.5087,-0.0870,0.0163,-0.8564,1.25,-1.02,9.58,-6.75,-1.38,4.50,9.71,0,1.70,0.0331,0.0121,14,0.683,0.000,0.00,0.00,10.085,0
7.50,6.56,118.81,0.5070,-0.0860,0.0158,-0.8575,1.26,-1.03,9.57,-2.38,-0.62,-5.50,9.71,0,1.70,0.0327,0.0120,14,0.683,0.000,0.00,0.00,10.085,0
7.62,6.62,118.81,0.5067,-0.0869,0.0158,-0.8576,1.29,-1.08,9.57,5.62,4.38,9.31,9.72,0,1.70,0.0330,0.0122,14,0.683,0.000,0.00,0.00,10.085,0
phase1 acc_mag=9.735 gravity=9.709 motion=0.026 moving_avg=0.025 rms=0.031 mean_rms=0.028 max_rms=0.031 min_rms=0.024 std=0.002 var=0.000 state=standing thr=0.080/0.350/0.850
7.81,6.56,119.25,0.5033,-0.0878,0.0147,-0.8596,1.19,-1.09,9.60,6.50,-6.62,-6.88,9.73,0,1.70,0.0331,0.0126,14,0.683,0.000,0.00,0.00,10.085,0
7.75,6.25,119.25,0.5036,-0.0861,0.0126,-0.8596,1.23,-1.06,9.51,4.12,-3.12,0.62,9.65,0,1.70,0.0321,0.0130,14,0.683,0.000,0.00,0.00,10.085,0
7.88,6.38,119.25,0.5037,-0.0876,0.0132,-0.8594,1.22,-1.08,9.62,-2.00,-0.38,12.44,9.76,0,1.70,0.0328,0.0131,14,0.683,0.000,0.00,0.00,10.085,0
7.81,6.44,119.12,0.5042,-0.0877,0.0137,-0.8590,1.21,-1.02,9.55,-3.88,-0.38,1.75,9.68,0,1.70,0.0329,0.0130,14,0.683,0.000,0.00,0.00,10.085,0
phase1 acc_mag=9.714 gravity=9.709 motion=0.005 moving_avg=0.027 rms=0.033 mean_rms=0.029 max_rms=0.034 min_rms=0.024 std=0.003 var=0.000 state=standing thr=0.080/0.350/0.850
7.88,6.50,119.31,0.5031,-0.0884,0.0140,-0.8596,1.16,-1.02,9.55,2.38,-0.38,0.25,9.67,0,1.70,0.0332,0.0130,14,0.683,0.000,0.00,0.00,10.085,0
7.81,6.50,119.56,0.5010,-0.0875,0.0142,-0.8609,1.16,-1.03,9.58,-1.75,4.38,-0.88,9.70,0,1.70,0.0330,0.0126,14,0.683,0.000,0.00,0.00,10.085,0
7.75,6.50,119.38,0.5027,-0.0875,0.0146,-0.8599,1.26,-1.06,9.58,-3.25,-4.88,3.12,9.72,0,1.70,0.0330,0.0126,14,0.683,0.000,0.00,0.00,10.085,0
7.75,6.56,119.31,0.5030,-0.0873,0.0150,-0.8597,1.24,-1.08,9.55,3.00,-2.25,-3.12,9.69,0,1.70,0.0330,0.0124,14,0.683,0.000,0.00,0.00,10.085,0
phase1 acc_mag=9.661 gravity=9.707 motion=0.046 moving_avg=0.026 rms=0.032 mean_rms=0.031 max_rms=0.034 min_rms=0.026 std=0.002 var=0.000 state=standing thr=0.080/0.350/0.850
7.75,6.38,119.25,0.5036,-0.0868,0.0134,-0.8594,1.24,-1.05,9.59,6.12,-3.75,7.56,9.73,0,1.70,0.0325,0.0129,14,0.683,0.000,0.00,0.00,10.085,0
7.69,6.50,119.06,0.5047,-0.0865,0.0146,-0.8588,1.19,-1.04,9.57,4.25,1.50,-11.94,9.70,0,1.70,0.0327,0.0125,14,0.683,0.000,0.00,0.00,10.085,0
7.75,6.62,118.94,0.5058,-0.0878,0.0153,-0.8580,1.19,-1.02,9.54,-1.38,1.25,-2.00,9.67,0,1.70,0.0332,0.0125,14,0.683,0.000,0.00,0.00,10.085,0
7.62,6.50,118.94,0.5060,-0.0865,0.0150,-0.8580,1.22,-1.05,9.49,4.38,-3.88,-4.12,9.63,0,1.70,0.0327,0.0124,14,0.683,0.000,0.00,0.00,10.085,0
phase1 acc_mag=9.680 gravity=9.708 motion=0.029 moving_avg=0.025 rms=0.032 mean_rms=0.032 max_rms=0.034 min_rms=0.029 std=0.001 var=0.000 state=standing thr=0.080/0.350/0.850
7.50,6.69,118.94,0.5056,-0.0865,0.0164,-0.8583,1.23,-1.06,9.60,-2.25,0.00,-1.75,9.74,0,1.70,0.0330,0.0119,14,0.683,0.000,0.00,0.00,10.085,0
7.69,6.88,118.88,0.5061,-0.0884,0.0175,-0.8577,1.16,-1.09,9.60,-7.69,-0.75,-4.38,9.73,0,1.70,0.0339,0.0119,14,0.683,0.000,0.00,0.00,10.085,0
7.88,6.94,118.69,0.5075,-0.0901,0.0170,-0.8568,1.24,-1.06,9.51,-4.88,-7.69,4.75,9.65,0,1.70,0.0344,0.0125,14,0.683,0.000,0.00,0.00,10.085,0
7.94,7.00,118.62,0.5084,-0.0911,0.0168,-0.8561,1.21,-1.06,9.58,0.75,-2.12,-0.62,9.71,0,1.70,0.0346,0.0128,14,0.683,0.000,0.00,0.00,10.085,0
phase1 acc_mag=9.815 gravity=9.709 motion=0.106 moving_avg=0.026 rms=0.034 mean_rms=0.032 max_rms=0.034 min_rms=0.030 std=0.000 var=0.000 state=standing thr=0.080/0.350/0.850
7.94,7.25,118.50,0.5090,-0.0919,0.0187,-0.8557,1.18,-1.12,9.59,-2.12,2.00,0.62,9.73,0,1.70,0.0352,0.0123,14,0.683,0.000,0.00,0.00,10.085,0
8.00,7.31,118.44,0.5096,-0.0933,0.0187,-0.8551,1.17,-1.08,9.59,-0.88,-4.88,4.50,9.72,0,1.70,0.0357,0.0126,14,0.683,0.000,0.00,0.00,10.085,0
7.88,7.19,118.19,0.5112,-0.0911,0.0181,-0.8544,1.26,-1.06,9.52,-3.00,-1.00,-2.50,9.66,0,1.70,0.0348,0.0124,14,0.683,0.000,0.00,0.00,10.085,0
8.06,7.06,118.25,0.5105,-0.0922,0.0164,-0.8547,1.25,-1.07,9.59,-2.50,-1.62,-0.38,9.73,0,1.70,0.0349,0.0132,14,0.683,0.000,0.00,0.00,10.085,0
phase1 acc_mag=9.681 gravity=9.707 motion=0.026 moving_avg=0.026 rms=0.034 mean_rms=0.033 max_rms=0.036 min_rms=0.031 std=0.001 var=0.000 state=standing thr=0.080/0.350/0.850
8.00,7.00,118.50,0.5090,-0.0912,0.0165,-0.8558,1.19,-1.09,9.56,3.88,1.38,3.50,9.70,0,1.70,0.0346,0.0129,14,0.683,0.000,0.00,0.00,10.085,0
7.81,7.00,118.56,0.5085,-0.0903,0.0172,-0.8561,1.21,-1.06,9.55,-5.62,-5.25,-6.00,9.68,0,1.70,0.0344,0.0125,14,0.683,0.000,0.00,0.00,10.085,0
7.81,7.00,118.69,0.5079,-0.0901,0.0173,-0.8565,1.23,-1.09,9.55,3.38,0.00,5.75,9.69,0,1.70,0.0344,0.0124,14,0.683,0.000,0.00,0.00,10.085,0
7.62,6.94,118.56,0.5087,-0.0880,0.0176,-0.8563,1.18,-1.11,9.59,9.31,1.12,-0.12,9.73,0,1.70,0.0337,0.0119,14,0.683,0.000,0.00,0.00,10.085,0
phase1 acc_mag=9.732 gravity=9.709 motion=0.023 moving_avg=0.026 rms=0.033 mean_rms=0.033 max_rms=0.036 min_rms=0.031 std=0.000 var=0.000 state=standing thr=0.080/0.350/0.850
7.56,7.00,118.62,0.5082,-0.0880,0.0185,-0.8565,1.18,-1.09,9.54,3.38,9.69,-11.56,9.67,0,1.70,0.0339,0.0115,14,0.683,0.000,0.00,0.00,10.085,0
7.50,7.00,118.56,0.5085,-0.0881,0.0193,-0.8563,1.18,-1.13,9.59,-4.38,-2.75,2.38,9.73,0,1.70,0.0341,0.0113,14,0.683,0.000,0.00,0.00,10.085,0
7.75,7.06,119.00,0.5050,-0.0897,0.0187,-0.8583,1.17,-1.08,9.57,-3.00,-0.75,-10.94,9.70,0,1.70,0.0346,0.0117,14,0.683,0.000,0.00,0.00,10.085,0
7.69,7.19,119.06,0.5038,-0.0894,0.0195,-0.8589,1.15,-1.20,9.69,1.50,0.62,-5.38,9.83,0,1.70,0.0347,0.0113,14,0.683,0.000,0.00,0.00,10.085,0
phase1 acc_mag=9.748 gravity=9.713 motion=0.035 moving_avg=0.028 rms=0.037 mean_rms=0.033 max_rms=0.037 min_rms=0.031 std=0.001 var=0.000 state=standing thr=0.080/0.350/0.850
7.69,7.00,119.31,0.5029,-0.0890,0.0187,-0.8596,1.18,-1.14,9.55,1.75,1.62,4.00,9.69,0,1.70,0.0344,0.0115,14,0.683,0.000,0.00,0.00,10.085,0
7.62,7.00,119.38,0.5022,-0.0885,0.0189,-0.8600,1.18,-1.10,9.51,2.38,0.88,4.88,9.65,0,1.70,0.0342,0.0113,14,0.683,0.000,0.00,0.00,10.085,0
7.56,6.88,119.50,0.5019,-0.0875,0.0183,-0.8603,1.24,-1.13,9.60,1.00,2.12,6.75,9.75,0,1.70,0.0338,0.0113,14,0.683,0.000,0.00,0.00,10.085,0
7.62,6.81,119.50,0.5012,-0.0880,0.0172,-0.8607,1.23,-1.07,9.54,1.50,-5.25,-6.62,9.68,0,1.70,0.0337,0.0117,14,0.683,0.000,0.00,0.00,10.085,0
phase1 acc_mag=9.723 gravity=9.709 motion=0.015 moving_avg=0.029 rms=0.038 mean_rms=0.035 max_rms=0.038 min_rms=0.032 std=0.001 var=0.000 state=standing thr=0.080/0.350/0.850
7.75,6.75,119.62,0.5005,-0.0881,0.0167,-0.8611,1.24,-1.10,9.58,5.25,-2.62,-1.50,9.72,0,1.70,0.0337,0.0119,14,0.683,0.000,0.00,0.00,10.085,0
7.62,6.75,119.88,0.4988,-0.0876,0.0175,-0.8621,1.22,-1.09,9.55,-3.25,-0.75,0.75,9.69,0,1.70,0.0337,0.0115,14,0.683,0.000,0.00,0.00,10.085,0
7.69,6.94,119.88,0.4988,-0.0884,0.0184,-0.8620,1.24,-1.15,9.57,-1.50,-3.00,-4.38,9.72,0,1.70,0.0342,0.0113,14,0.683,0.000,0.00,0.00,10.085,0
7.56,6.81,119.94,0.4996,-0.0873,0.0187,-0.8616,1.19,-1.11,9.57,-7.31,0.62,16.38,9.71,0,1.70,0.0338,0.0110,14,0.683,0.000,0.00,0.00,10.085,0
phase1 acc_mag=9.704 gravity=9.709 motion=0.005 moving_avg=0.025 rms=0.033 mean_rms=0.035 max_rms=0.038 min_rms=0.033 std=0.001 var=0.000 state=standing thr=0.080/0.350/0.850
7.50,6.94,119.50,0.5015,-0.0871,0.0189,-0.8605,1.26,-1.10,9.57,-4.00,8.06,5.62,9.72,0,1.70,0.0338,0.0110,14,0.683,0.000,0.00,0.00,10.085,0
7.69,6.88,119.31,0.5027,-0.0882,0.0174,-0.8598,1.28,-1.13,9.53,0.00,-6.12,0.75,9.68,0,1.70,0.0338,0.0118,14,0.683,0.000,0.00,0.00,10.085,0
7.56,6.75,119.44,0.5022,-0.0869,0.0175,-0.8602,1.22,-1.04,9.56,0.62,-1.38,4.62,9.69,0,1.70,0.0334,0.0114,14,0.683,0.000,0.00,0.00,10.085,0
phase1 acc_mag=9.690 gravity=9.706 motion=0.016 moving_avg=0.022 rms=0.030 mean_rms=0.034 max_rms=0.038 min_rms=0.030 std=0.002 var=0.000 state=standing thr=0.080/0.350/0.850
7.50,6.88,119.38,0.5023,-0.0867,0.0190,-0.8602,1.23,-1.09,9.55,-9.56,2.12,-0.62,9.69,0,1.70,0.0337,0.0109,14,0.683,0.000,0.00,0.00,10.085,0
7.38,6.94,119.31,0.5020,-0.0866,0.0191,-0.8604,1.23,-1.09,9.55,1.75,-3.50,-11.31,9.69,0,1.70,0.0336,0.0108,14,0.683,0.000,0.00,0.00,10.085,0
7.50,6.81,119.56,0.5010,-0.0867,0.0182,-0.8609,1.18,-1.08,9.59,1.88,0.12,-6.25,9.72,0,1.70,0.0335,0.0111,14,0.683,0.000,0.00,0.00,10.085,0
7.69,6.88,119.50,0.5016,-0.0883,0.0177,-0.8604,1.16,-1.13,9.60,1.88,-5.50,-8.81,9.74,0,1.70,0.0339,0.0116,14,0.683,0.000,0.00,0.00,10.085,0
phase1 acc_mag=9.715 gravity=9.707 motion=0.008 moving_avg=0.023 rms=0.032 mean_rms=0.034 max_rms=0.038 min_rms=0.030 std=0.002 var=0.000 state=standing thr=0.080/0.350/0.850
7.69,6.81,119.62,0.4999,-0.0872,0.0175,-0.8615,1.21,-1.03,9.56,6.38,7.56,-9.69,9.69,0,1.70,0.0335,0.0114,14,0.683,0.000,0.00,0.00,10.085,0
7.56,6.62,119.75,0.4999,-0.0865,0.0167,-0.8616,1.20,-1.01,9.57,2.75,-1.12,6.62,9.70,0,1.70,0.0332,0.0115,14,0.683,0.000,0.00,0.00,10.085,0
7.62,6.44,119.81,0.4996,-0.0861,0.0148,-0.8618,1.29,-1.03,9.53,-0.88,-2.88,3.62,9.67,0,1.70,0.0326,0.0121,14,0.683,0.000,0.00,0.00,10.085,0
7.75,6.69,119.69,0.5002,-0.0879,0.0161,-0.8613,1.22,-1.00,9.61,-4.12,-6.12,-1.25,9.74,0,1.70,0.0335,0.0120,14,0.683,0.000,0.00,0.00,10.085,0
phase1 acc_mag=9.712 gravity=9.702 motion=0.010 moving_avg=0.021 rms=0.027 mean_rms=0.033 max_rms=0.038 min_rms=0.027 std=0.003 var=0.000 state=standing thr=0.080/0.350/0.850
7.75,6.69,119.81,0.4998,-0.0877,0.0153,-0.8616,1.21,-0.97,9.53,9.69,-4.62,4.00,9.66,0,1.70,0.0333,0.0123,14,0.683,0.000,0.00,0.00,10.085,0
7.69,6.56,119.94,0.4984,-0.0873,0.0158,-0.8624,1.21,-1.00,9.57,-6.38,-1.38,0.38,9.70,0,1.70,0.0333,0.0119,14,0.683,0.000,0.00,0.00,10.085,0
7.62,6.44,119.94,0.4984,-0.0858,0.0154,-0.8626,1.25,-1.04,9.62,-8.06,3.50,-0.75,9.76,0,1.70,0.0327,0.0118,14,0.683,0.000,0.00,0.00,10.085,0
7.56,6.38,119.88,0.4987,-0.0852,0.0146,-0.8624,1.23,-0.93,9.56,3.38,0.62,3.12,9.68,0,1.70,0.0323,0.0120,14,0.683,0.000,0.00,0.00,10.085,0
phase1 acc_mag=9.681 gravity=9.703 motion=0.022 moving_avg=0.022 rms=0.028 mean_rms=0.030 max_rms=0.036 min_rms=0.026 std=0.002 var=0.000 state=standing thr=0.080/0.350/0.850
7.56,6.50,119.81,0.4994,-0.0858,0.0154,-0.8620,1.26,-0.99,9.63,-3.75,1.50,-7.69,9.76,0,1.70,0.0327,0.0118,14,0.683,0.000,0.00,0.00,10.085,0
7.75,6.44,119.81,0.4991,-0.0867,0.0147,-0.8620,1.26,-0.94,9.56,-4.75,-4.50,10.19,9.69,0,1.70,0.0328,0.0122,14,0.683,0.000,0.00,0.00,10.085,0
7.56,6.25,119.81,0.4987,-0.0839,0.0138,-0.8626,1.28,-0.99,9.51,2.62,6.00,-7.31,9.65,0,1.70,0.0317,0.0120,14,0.683,0.000,0.00,0.00,10.085,0
7.44,6.06,120.12,0.4972,-0.0828,0.0134,-0.8636,1.26,-0.94,9.62,2.12,-0.50,0.50,9.75,0,1.70,0.0313,0.0118,14,0.683,0.000,0.00,0.00,10.085,0
phase1 acc_mag=9.660 gravity=9.703 motion=0.043 moving_avg=0.025 rms=0.031 mean_rms=0.030 max_rms=0.032 min_rms=0.026 std=0.002 var=0.000 state=standing thr=0.080/0.350/0.850
7.38,5.94,120.38,0.4954,-0.0823,0.0130,-0.8647,1.23,-0.89,9.53,-6.50,-2.38,5.50,9.65,0,1.70,0.0310,0.0118,14,0.683,0.000,0.00,0.00,10.085,0
7.44,5.88,120.50,0.4944,-0.0822,0.0123,-0.8652,1.19,-0.88,9.56,3.38,-3.62,-9.69,9.67,0,1.70,0.0309,0.0120,14,0.683,0.000,0.00,0.00,10.085,0
7.31,5.94,120.62,0.4936,-0.0809,0.0135,-0.8658,1.22,-0.94,9.61,5.62,3.12,5.75,9.73,0,1.70,0.0307,0.0113,14,0.683,0.000,0.00,0.00,10.085,0
phase1 acc_mag=9.773 gravity=9.706 motion=0.068 moving_avg=0.025 rms=0.031 mean_rms=0.030 max_rms=0.033 min_rms=0.026 std=0.002 var=0.000 state=standing thr=0.080/0.350/0.850
7.19,6.06,120.69,0.4927,-0.0811,0.0150,-0.8663,1.19,-0.99,9.65,-6.75,-2.25,1.75,9.77,0,1.70,0.0310,0.0108,14,0.683,0.000,0.00,0.00,10.085,0
7.31,6.31,120.69,0.4927,-0.0832,0.0161,-0.8661,1.19,-0.94,9.62,-6.75,-4.38,3.25,9.74,0,1.70,0.0320,0.0108,14,0.683,0.000,0.00,0.00,10.085,0
7.44,6.31,120.88,0.4913,-0.0837,0.0157,-0.8668,1.22,-0.90,9.59,0.50,-0.50,-0.25,9.71,0,1.70,0.0321,0.0110,14,0.683,0.000,0.00,0.00,10.085,0
7.38,6.19,120.62,0.4933,-0.0831,0.0148,-0.8657,1.23,-0.94,9.56,7.56,6.75,10.94,9.68,0,1.70,0.0317,0.0113,14,0.683,0.000,0.00,0.00,10.085,0
phase1 acc_mag=9.693 gravity=9.704 motion=0.011 moving_avg=0.027 rms=0.033 mean_rms=0.030 max_rms=0.033 min_rms=0.026 std=0.002 var=0.000 state=standing thr=0.080/0.350/0.850
7.56,6.06,120.75,0.4921,-0.0842,0.0130,-0.8663,1.28,-0.91,9.54,0.00,-0.38,-1.25,9.67,0,1.70,0.0317,0.0121,14,0.683,0.000,0.00,0.00,10.085,0
7.81,6.00,121.06,0.4897,-0.0853,0.0119,-0.8676,1.22,-0.92,9.58,11.31,-0.50,1.62,9.70,0,1.70,0.0319,0.0126,14,0.683,0.000,0.00,0.00,10.085,0
7.81,5.88,121.19,0.4891,-0.0847,0.0109,-0.8680,1.24,-0.94,9.60,4.88,5.50,-1.75,9.73,0,1.70,0.0315,0.0128,14,0.683,0.000,0.00,0.00,10.085,0
7.75,5.75,121.44,0.4866,-0.0840,0.0104,-0.8695,1.19,-0.90,9.57,4.25,-0.38,-5.12,9.69,0,1.70,0.0312,0.0127,14,0.683,0.000,0.00,0.00,10.085,0
phase1 acc_mag=9.689 gravity=9.704 motion=0.015 moving_avg=0.026 rms=0.032 mean_rms=0.031 max_rms=0.033 min_rms=0.026 std=0.002 var=0.000 state=standing thr=0.080/0.350/0.850
7.94,5.94,121.44,0.4869,-0.0862,0.0111,-0.8691,1.23,-0.95,9.53,-6.25,-7.44,10.69,9.66,0,1.70,0.0321,0.0129,14,0.683,0.000,0.00,0.00,10.085,0
8.12,6.06,121.25,0.4883,-0.0883,0.0112,-0.8681,1.24,-0.96,9.60,0.38,0.00,2.25,9.73,0,1.70,0.0328,0.0134,14,0.683,0.000,0.00,0.00,10.085,0
8.19,6.19,121.00,0.4901,-0.0889,0.0121,-0.8670,1.29,-1.02,9.59,-3.38,4.00,-1.38,9.73,0,1.70,0.0332,0.0132,14,0.683,0.000,0.00,0.00,10.085,0
phase1 acc_mag=9.655 gravity=9.704 motion=0.049 moving_avg=0.022 rms=0.029 mean_rms=0.032 max_rms=0.033 min_rms=0.028 std=0.001 var=0.000 state=standing thr=0.080/0.350/0.850
8.12,6.19,121.00,0.4901,-0.0886,0.0118,-0.8671,1.40,-1.00,9.50,1.12,4.12,6.00,9.65,0,1.70,0.0331,0.0133,14,0.683,0.000,0.00,0.00,10.085,0
8.56,6.00,121.31,0.4879,-0.0909,0.0090,-0.8681,1.31,-0.95,9.56,-4.38,-7.06,-7.69,9.70,0,1.70,0.0333,0.0146,14,0.683,0.000,0.00,0.00,10.085,0
8.56,6.12,121.62,0.4852,-0.0912,0.0104,-0.8696,1.39,-0.79,9.44,-6.00,-2.38,-0.12,9.57,0,1.70,0.0337,0.0141,14,0.683,0.000,0.00,0.00,10.085,0
8.69,6.25,121.94,0.4828,-0.0928,0.0106,-0.8707,1.41,-1.09,9.57,-4.62,-3.62,4.25,9.73,0,1.70,0.0344,0.0142,14,0.683,0.000,0.00,0.00,10.085,0
phase1 acc_mag=9.705 gravity=9.707 motion=0.002 moving_avg=0.028 rms=0.039 mean_rms=0.032 max_rms=0.039 min_rms=0.028 std=0.002 var=0.000 state=standing thr=0.080/0.350/0.850
8.94,6.19,122.06,0.4821,-0.0949,0.0086,-0.8709,1.40,-1.05,9.59,4.88,-12.06,-1.62,9.75,0,1.70,0.0347,0.0153,14,0.683,0.000,0.00,0.00,10.085,0
9.12,6.00,122.38,0.4794,-0.0950,0.0074,-0.8724,1.59,-0.94,9.55,-0.25,4.88,-5.00,9.73,0,1.70,0.0346,0.0156,14,0.683,0.000,0.00,0.00,10.085,0
9.25,6.19,121.94,0.4828,-0.0967,0.0079,-0.8703,1.36,-0.97,9.57,0.38,-2.00,6.12,9.71,0,1.70,0.0352,0.0159,14,0.683,0.000,0.00,0.00,10.085,0
9.25,6.12,121.44,0.4865,-0.0965,0.0063,-0.8683,1.49,-0.92,9.48,6.25,2.00,-2.25,9.64,0,1.70,0.0347,0.0166,14,0.683,0.000,0.00,0.00,10.085,0
phase1 acc_mag=9.681 gravity=9.702 motion=0.021 moving_avg=0.029 rms=0.040 mean_rms=0.034 max_rms=0.041 min_rms=0.028 std=0.004 var=0.000 state=standing thr=0.080/0.350/0.850
9.12,5.94,121.69,0.4849,-0.0948,0.0062,-0.8694,1.32,-0.88,9.58,-0.75,4.38,4.25,9.71,0,1.70,0.0342,0.0163,14,0.683,0.000,0.00,0.00,10.085,0
9.06,5.69,121.75,0.4842,-0.0931,0.0038,-0.8700,1.29,-0.81,9.51,8.56,-0.62,-0.75,9.63,0,1.70,0.0331,0.0167,14,0.683,0.000,0.00,0.00,10.085,0
8.94,5.44,121.81,0.4840,-0.0915,0.0034,-0.8703,1.71,-1.15,9.60,-4.12,1.25,-0.75,9.82,0,1.70,0.0325,0.0165,14,0.683,0.000,0.00,0.00,10.085,0
phase1 acc_mag=9.771 gravity=9.704 motion=0.067 moving_avg=0.034 rms=0.046 mean_rms=0.036 max_rms=0.046 min_rms=0.028 std=0.005 var=0.000 state=standing thr=0.080/0.350/0.850
8.88,5.38,121.88,0.4828,-0.0907,0.0031,-0.8710,1.60,-1.07,9.58,-0.75,-2.38,-2.00,9.77,0,1.70,0.0322,0.0165,14,0.683,0.000,0.00,0.00,10.085,0
8.94,5.12,122.25,0.4803,-0.0900,0.0013,-0.8724,1.48,-0.94,9.52,-0.88,2.12,-1.88,9.68,0,1.70,0.0317,0.0169,14,0.683,0.000,0.00,0.00,10.085,0
8.88,5.06,122.56,0.4783,-0.0891,0.0012,-0.8737,1.49,-0.86,9.49,2.62,4.50,-8.69,9.64,0,1.70,0.0313,0.0166,14,0.683,0.000,0.00,0.00,10.085,0
8.94,5.00,122.75,0.4763,-0.0902,0.0009,-0.8747,1.57,-0.92,9.57,1.62,0.50,-11.19,9.74,0,1.70,0.0317,0.0169,14,0.683,0.000,0.00,0.00,10.085,0
phase1 acc_mag=9.591 gravity=9.706 motion=0.115 moving_avg=0.038 rms=0.051 mean_rms=0.039 max_rms=0.051 min_rms=0.028 std=0.006 var=0.000 state=standing thr=0.080/0.350/0.850
9.06,5.06,122.88,0.4758,-0.0907,0.0009,-0.8749,1.53,-0.90,9.66,2.75,3.38,-5.25,9.82,0,1.70,0.0319,0.0170,14,0.683,0.000,0.00,0.00,10.085,0
9.12,4.56,123.44,0.4716,-0.0891,-0.0026,-0.8773,1.60,-0.98,9.54,0.12,0.62,-10.56,9.72,0,1.70,0.0308,0.0177,14,0.683,0.000,0.00,0.00,10.085,0
9.06,4.62,124.00,0.4672,-0.0881,-0.0016,-0.8798,1.33,-0.90,9.77,0.88,7.94,-4.62,9.90,0,1.70,0.0307,0.0170,14,0.683,0.000,0.00,0.00,10.085,0
phase1 acc_mag=9.702 gravity=9.709 motion=0.007 moving_avg=0.047 rms=0.063 mean_rms=0.045 max_rms=0.063 min_rms=0.029 std=0.008 var=0.000 state=standing thr=0.080/0.350/0.850
9.06,4.31,124.50,0.4636,-0.0876,-0.0034,-0.8817,1.48,-0.86,9.55,4.75,-2.38,-20.88,9.70,0,1.70,0.0303,0.0174,14,0.683,0.000,0.00,0.00,10.085,0
8.88,4.25,125.69,0.4545,-0.0860,-0.0027,-0.8866,1.51,-0.82,9.61,-0.62,1.12,-16.25,9.76,0,1.70,0.0300,0.0166,14,0.683,0.000,0.00,0.00,10.085,0
8.75,4.06,126.00,0.4517,-0.0847,-0.0034,-0.8881,1.62,-0.73,9.43,-1.88,-6.25,-8.19,9.60,0,1.70,0.0295,0.0165,14,0.683,0.000,0.00,0.00,10.085,0
8.94,4.12,125.75,0.4542,-0.0860,-0.0035,-0.8867,1.64,-0.83,9.51,-5.25,2.25,6.00,9.69,0,1.70,0.0299,0.0169,14,0.683,0.000,0.00,0.00,10.085,0
phase1 acc_mag=9.785 gravity=9.709 motion=0.076 moving_avg=0.047 rms=0.062 mean_rms=0.050 max_rms=0.065 min_rms=0.040 std=0.009 var=0.000 state=standing thr=0.080/0.350/0.850
9.19,4.00,125.56,0.4559,-0.0877,-0.0060,-0.8857,1.56,-0.78,9.60,6.38,-13.06,-4.38,9.76,0,1.70,0.0300,0.0181,14,0.683,0.000,0.00,0.00,10.085,0
9.25,3.88,125.62,0.4550,-0.0872,-0.0071,-0.8862,1.48,-0.68,9.50,-5.12,-0.75,-2.25,9.64,0,1.70,0.0296,0.0184,14,0.683,0.000,0.00,0.00,10.085,0
9.38,3.88,125.69,0.4546,-0.0884,-0.0076,-0.8863,1.47,-0.67,9.47,5.12,5.12,-6.12,9.61,0,1.70,0.0300,0.0188,14,0.683,0.000,0.00,0.00,10.085,0
9.25,3.88,125.44,0.4562,-0.0873,-0.0070,-0.8856,1.55,-0.73,9.54,5.12,3.12,11.81,9.69,0,1.70,0.0296,0.0184,14,0.683,0.000,0.00,0.00,10.085,0
phase1 acc_mag=9.625 gravity=9.704 motion=0.079 moving_avg=0.053 rms=0.068 mean_rms=0.056 max_rms=0.068 min_rms=0.040 std=0.009 var=0.000 state=standing thr=0.080/0.350/0.850
9.19,4.00,125.19,0.4581,-0.0873,-0.0060,-0.8846,1.53,-0.75,9.51,-2.38,2.62,-1.62,9.66,0,1.70,0.0298,0.0181,14,0.683,0.000,0.00,0.00,10.085,0
9.19,4.25,124.69,0.4623,-0.0884,-0.0040,-0.8823,1.71,-0.81,9.54,-2.38,3.50,3.50,9.73,0,1.70,0.0304,0.0178,14,0.683,0.000,0.00,0.00,10.085,0
9.12,4.50,124.31,0.4651,-0.0891,-0.0026,-0.8807,1.65,-0.91,9.56,4.00,8.31,8.44,9.74,0,1.70,0.0309,0.0175,14,0.683,0.000,0.00,0.00,10.085,0
9.00,4.44,123.94,0.4683,-0.0875,-0.0027,-0.8793,1.60,-0.76,9.50,-1.12,5.62,5.25,9.66,0,1.70,0.0302,0.0173,14,0.683,0.000,0.00,0.00,10.085,0
phase1 acc_mag=9.709 gravity=9.700 motion=0.009 moving_avg=0.050 rms=0.066 mean_rms=0.061 max_rms=0.069 min_rms=0.046 std=0.007 var=0.000 state=standing thr=0.080/0.350/0.850
8.75,4.50,123.62,0.4705,-0.0861,-0.0013,-0.8782,1.55,-0.86,9.54,1.38,5.00,8.19,9.70,0,1.70,0.0300,0.0167,14,0.683,0.000,0.00,0.00,10.085,0
8.69,4.50,123.25,0.4741,-0.0858,-0.0012,-0.8763,1.56,-0.89,9.54,-5.50,-1.50,11.44,9.71,0,1.70,0.0298,0.0167,14,0.683,0.000,0.00,0.00,10.085,0
8.69,4.50,122.56,0.4788,-0.0858,-0.0021,-0.8738,1.54,-0.92,9.50,2.12,2.12,7.94,9.67,0,1.70,0.0296,0.0172,14,0.683,0.000,0.00,0.00,10.085,0
8.69,4.62,122.19,0.4816,-0.0862,-0.0018,-0.8721,1.40,-0.81,9.55,-0.75,-0.25,3.88,9.69,0,1.70,0.0297,0.0172,14,0.683,0.000,0.00,0.00,10.085,0
phase1 acc_mag=9.729 gravity=9.697 motion=0.032 moving_avg=0.045 rms=0.060 mean_rms=0.064 max_rms=0.069 min_rms=0.054 std=0.003 var=0.000 state=standing thr=0.080/0.350/0.850
8.56,4.50,122.00,0.4829,-0.0847,-0.0019,-0.8716,1.38,-0.88,9.55,6.25,2.62,1.25,9.69,0,1.70,0.0291,0.0170,14,0.683,0.000,0.00,0.00,10.085,0
8.44,4.69,121.56,0.4863,-0.0845,-0.0007,-0.8697,1.60,-0.81,9.58,-0.50,5.88,0.38,9.75,0,1.70,0.0293,0.0167,14,0.683,0.000,0.00,0.00,10.085,0
8.44,4.69,121.31,0.4880,-0.0851,-0.0002,-0.8687,1.52,-0.83,9.52,-7.44,-3.38,2.62,9.68,0,1.70,0.0295,0.0167,14,0.683,0.000,0.00,0.00,10.085,0
8.25,4.94,121.12,0.4896,-0.0838,0.0019,-0.8679,1.45,-0.88,9.59,-7.06,0.62,3.00,9.74,0,1.70,0.0295,0.0158,14,0.683,0.000,0.00,0.00,10.085,0
phase1 acc_mag=9.716 gravity=9.700 motion=0.016 moving_avg=0.038 rms=0.049 mean_rms=0.063 max_rms=0.069 min_rms=0.049 std=0.005 var=0.000 state=standing thr=0.080/0.350/0.850
8.00,4.88,120.38,0.4951,-0.0818,0.0019,-0.8650,1.38,-0.92,9.59,8.94,8.56,7.31,9.73,0,1.70,0.0287,0.0155,14,0.683,0.000,0.00,0.00,10.085,0
8.00,4.94,120.00,0.4980,-0.0820,0.0025,-0.8633,1.43,-0.81,9.50,0.88,6.75,-2.75,9.64,0,1.70,0.0288,0.0155,14,0.683,0.000,0.00,0.00,10.085,0
7.75,4.69,120.38,0.4954,-0.0793,0.0015,-0.8651,1.32,-0.95,9.61,1.00,-0.75,-5.50,9.75,0,1.70,0.0278,0.0152,14,0.683,0.000,0.00,0.00,10.085,0
phase1 acc_mag=9.660 gravity=9.698 motion=0.038 moving_avg=0.034 rms=0.043 mean_rms=0.059 max_rms=0.069 min_rms=0.043 std=0.008 var=0.000 state=standing thr=0.080/0.350/0.850
7.69,4.75,120.25,0.4965,-0.0792,0.0015,-0.8644,1.26,-0.85,9.54,-9.69,-0.75,15.88,9.66,0,1.70,0.0277,0.0152,14,0.683,0.000,0.00,0.00,10.085,0
7.75,4.75,120.19,0.4963,-0.0790,0.0025,-0.8646,1.21,-0.82,9.56,-3.50,5.62,-3.00,9.67,0,1.70,0.0278,0.0148,14,0.683,0.000,0.00,0.00,10.085,0
7.50,4.69,120.25,0.4963,-0.0773,0.0026,-0.8647,1.26,-0.84,9.58,4.38,0.38,2.88,9.70,0,1.70,0.0273,0.0144,14,0.683,0.000,0.00,0.00,10.085,0
7.50,4.56,120.19,0.4966,-0.0767,0.0022,-0.8646,1.23,-0.81,9.59,-5.00,1.12,1.75,9.70,0,1.70,0.0270,0.0145,14,0.683,0.000,0.00,0.00,10.085,0
phase1 acc_mag=9.687 gravity=9.708 motion=0.021 moving_avg=0.030 rms=0.036 mean_rms=0.054 max_rms=0.068 min_rms=0.036 std=0.011 var=0.000 state=standing thr=0.080/0.350/0.850
7.19,4.69,120.06,0.4979,-0.0751,0.0042,-0.8640,1.32,-0.88,9.62,0.25,7.19,5.25,9.75,0,1.70,0.0268,0.0135,14,0.683,0.000,0.00,0.00,10.085,0
7.25,4.75,120.06,0.4975,-0.0753,0.0044,-0.8642,1.28,-0.87,9.62,9.56,5.00,-0.38,9.74,0,1.70,0.0269,0.0135,14,0.683,0.000,0.00,0.00,10.085,0
7.12,4.81,120.19,0.4969,-0.0750,0.0052,-0.8646,1.25,-0.87,9.59,-0.25,-5.88,-6.75,9.71,0,1.70,0.0270,0.0131,14,0.683,0.000,0.00,0.00,10.085,0
7.19,4.75,120.19,0.4968,-0.0751,0.0048,-0.8646,1.29,-0.85,9.60,2.50,-1.00,-3.38,9.72,0,1.70,0.0269,0.0133,14,0.683,0.000,0.00,0.00,10.085,0
phase1 acc_mag=9.743 gravity=9.708 motion=0.035 moving_avg=0.029 rms=0.036 mean_rms=0.047 max_rms=0.067 min_rms=0.036 std=0.010 var=0.000 state=standing thr=0.080/0.350/0.850
7.25,4.81,120.25,0.4966,-0.0762,0.0048,-0.8646,1.21,-0.90,9.58,-1.38,-7.56,5.75,9.70,0,1.70,0.0273,0.0135,14,0.683,0.000,0.00,0.00,10.085,0
7.12,4.75,120.06,0.4973,-0.0743,0.0048,-0.8644,1.29,-0.85,9.56,5.50,0.38,-1.88,9.68,0,1.70,0.0266,0.0131,14,0.683,0.000,0.00,0.00,10.085,0
7.12,4.75,120.12,0.4968,-0.0749,0.0049,-0.8646,1.32,-0.90,9.60,0.25,-3.00,-2.62,9.73,0,1.70,0.0269,0.0132,14,0.683,0.000,0.00,0.00,10.085,0
7.12,4.75,120.12,0.4976,-0.0746,0.0049,-0.8642,1.32,-0.85,9.55,-0.75,-1.88,3.12,9.68,0,1.70,0.0268,0.0131,14,0.683,0.000,0.00,0.00,10.085,0
phase1 acc_mag=9.721 gravity=9.706 motion=0.015 moving_avg=0.029 rms=0.036 mean_rms=0.042 max_rms=0.057 min_rms=0.035 std=0.007 var=0.000 state=standing thr=0.080/0.350/0.850
7.19,4.81,120.38,0.4955,-0.0754,0.0051,-0.8654,1.35,-0.85,9.53,-7.69,-0.25,0.62,9.66,0,1.70,0.0271,0.0132,14,0.683,0.000,0.00,0.00,10.085,0
7.12,5.06,120.44,0.4948,-0.0763,0.0076,-0.8656,1.36,-0.88,9.54,-6.50,1.62,-1.62,9.68,0,1.70,0.0279,0.0125,14,0.683,0.000,0.00,0.00,10.085,0
7.12,5.31,120.75,0.4927,-0.0773,0.0094,-0.8667,1.18,-0.83,9.63,-6.50,2.25,0.62,9.74,0,1.70,0.0287,0.0120,14,0.683,0.000,0.00,0.00,10.085,0
phase1 acc_mag=9.656 gravity=9.704 motion=0.048 moving_avg=0.026 rms=0.033 mean_rms=0.038 max_rms=0.047 min_rms=0.033 std=0.004 var=0.000 state=standing thr=0.080/0.350/0.850
6.94,5.12,120.88,0.4919,-0.0749,0.0090,-0.8674,1.18,-0.80,9.55,-4.75,-2.75,5.00,9.66,0,1.70,0.0277,0.0116,14,0.683,0.000,0.00,0.00,10.085,0
6.94,5.25,120.81,0.4929,-0.0765,0.0105,-0.8666,1.44,-0.89,9.52,-2.62,-1.12,1.75,9.67,0,1.70,0.0286,0.0114,14,0.683,0.000,0.00,0.00,10.085,0
7.00,5.50,120.31,0.4960,-0.0773,0.0109,-0.8648,1.37,-0.90,9.58,-4.62,1.00,4.00,9.72,0,1.70,0.0289,0.0116,14,0.683,0.000,0.00,0.00,10.085,0
7.00,5.31,120.50,0.4938,-0.0754,0.0098,-0.8662,1.22,-0.83,9.55,-2.88,-4.12,5.25,9.66,0,1.70,0.0281,0.0115,14,0.683,0.000,0.00,0.00,10.085,0
phase1 acc_mag=9.696 gravity=9.706 motion=0.011 moving_avg=0.027 rms=0.034 mean_rms=0.035 max_rms=0.041 min_rms=0.033 std=0.001 var=0.000 state=standing thr=0.080/0.350/0.850
7.00,5.31,120.38,0.4952,-0.0762,0.0099,-0.8654,1.34,-0.85,9.54,-0.38,-3.38,9.94,9.67,0,1.70,0.0283,0.0117,14,0.683,0.000,0.00,0.00,10.085,0
6.81,5.19,120.19,0.4969,-0.0745,0.0092,-0.8645,1.33,-0.91,9.61,4.12,-2.88,3.38,9.74,0,1.70,0.0276,0.0116,14,0.683,0.000,0.00,0.00,10.085,0
6.81,5.12,120.38,0.4953,-0.0739,0.0095,-0.8655,1.22,-0.89,9.58,-0.88,2.12,-1.38,9.70,0,1.70,0.0275,0.0113,14,0.683,0.000,0.00,0.00,10.085,0
phase1 acc_mag=9.707 gravity=9.708 motion=0.002 moving_avg=0.026 rms=0.033 mean_rms=0.035 max_rms=0.038 min_rms=0.033 std=0.001 var=0.000 state=standing thr=0.080/0.350/0.850
6.94,5.19,120.56,0.4940,-0.0753,0.0093,-0.8661,1.25,-0.83,9.59,0.62,-8.19,1.75,9.71,0,1.70,0.0279,0.0117,14,0.683,0.000,0.00,0.00,10.085,0
6.94,5.06,120.56,0.4942,-0.0745,0.0081,-0.8661,1.29,-0.92,9.55,2.25,5.25,-2.50,9.68,0,1.70,0.0274,0.0119,14,0.683,0.000,0.00,0.00,10.085,0
7.00,5.06,120.62,0.4929,-0.0745,0.0075,-0.8669,1.26,-0.82,9.58,6.88,2.62,-8.19,9.70,0,1.70,0.0273,0.0121,14,0.683,0.000,0.00,0.00,10.085,0
7.00,4.88,121.00,0.4910,-0.0743,0.0066,-0.8680,1.22,-0.84,9.62,1.25,1.75,-7.69,9.73,0,1.70,0.0271,0.0123,14,0.683,0.000,0.00,0.00,10.085,0
phase1 acc_mag=9.690 gravity=9.706 motion=0.015 moving_avg=0.026 rms=0.033 mean_rms=0.034 max_rms=0.036 min_rms=0.032 std=0.000 var=0.000 state=standing thr=0.080/0.350/0.850
7.12,5.12,120.81,0.4925,-0.0759,0.0081,-0.8669,1.21,-0.94,9.60,1.50,3.00,3.25,9.72,0,1.70,0.0279,0.0121,14,0.683,0.000,0.00,0.00,10.085,0
7.25,5.00,120.62,0.4937,-0.0768,0.0065,-0.8663,1.29,-0.89,9.62,-4.50,-7.69,2.38,9.75,0,1.70,0.0279,0.0129,14,0.683,0.000,0.00,0.00,10.085,0
7.00,4.81,120.81,0.4924,-0.0742,0.0060,-0.8672,1.34,-0.86,9.60,5.12,12.44,-14.25,9.73,0,1.70,0.0269,0.0125,14,0.683,0.000,0.00,0.00,10.085,0
7.12,4.62,121.75,0.4849,-0.0742,0.0049,-0.8714,1.23,-0.69,9.61,-0.25,-0.75,-9.19,9.71,0,1.70,0.0268,0.0127,14,0.683,0.000,0.00,0.00,10.085,0
phase1 acc_mag=9.633 gravity=9.710 motion=0.076 moving_avg=0.032 rms=0.042 mean_rms=0.034 max_rms=0.042 min_rms=0.032 std=0.002 var=0.000 state=standing thr=0.080/0.350/0.850
7.06,4.56,122.19,0.4805,-0.0734,0.0052,-0.8739,1.23,-0.72,9.54,-4.62,1.50,-18.50,9.65,0,1.70,0.0267,0.0123,14,0.683,0.000,0.00,0.00,10.085,0
7.00,4.69,122.50,0.4793,-0.0738,0.0064,-0.8745,1.31,-0.78,9.64,-2.38,3.88,-3.38,9.76,0,1.70,0.0270,0.0119,14,0.683,0.000,0.00,0.00,10.085,0
7.12,5.06,122.44,0.4797,-0.0762,0.0086,-0.8741,1.21,-0.85,9.57,-1.75,0.75,0.12,9.68,0,1.70,0.0283,0.0116,14,0.683,0.000,0.00,0.00,10.085,0
phase1 acc_mag=9.678 gravity=9.707 motion=0.030 moving_avg=0.033 rms=0.043 mean_rms=0.036 max_rms=0.044 min_rms=0.032 std=0.004 var=0.000 state=standing thr=0.080/0.350/0.850
7.06,5.31,122.44,0.4796,-0.0767,0.0106,-0.8741,1.19,-0.81,9.57,-11.94,-1.00,13.69,9.68,0,1.70,0.0288,0.0110,14,0.683,0.000,0.00,0.00,10.085,0
6.94,5.38,122.44,0.4800,-0.0760,0.0116,-0.8739,1.19,-0.87,9.58,0.75,-0.12,-6.25,9.69,0,1.70,0.0288,0.0105,14,0.683,0.000,0.00,0.00,10.085,0
6.88,5.31,122.38,0.4804,-0.0752,0.0115,-0.8737,1.18,-0.84,9.60,-1.62,7.06,3.38,9.71,0,1.70,0.0285,0.0104,14,0.683,0.000,0.00,0.00,10.085,0
6.75,5.31,122.25,0.4811,-0.0742,0.0118,-0.8734,1.22,-0.81,9.54,3.38,0.75,-0.75,9.65,0,1.70,0.0282,0.0102,14,0.683,0.000,0.00,0.00,10.085,0
phase1 acc_mag=9.636 gravity=9.710 motion=0.074 moving_avg=0.035 rms=0.045 mean_rms=0.038 max_rms=0.045 min_rms=0.032 std=0.004 var=0.000 state=standing thr=0.080/0.350/0.850
6.62,5.19,122.06,0.4828,-0.0726,0.0117,-0.8726,1.23,-0.89,9.64,0.00,2.00,-4.25,9.76,0,1.70,0.0276,0.0099,14,0.683,0.000,0.00,0.00,10.085,0
6.44,5.19,121.94,0.4837,-0.0716,0.0121,-0.8722,1.21,-0.87,9.61,2.25,-0.50,-2.12,9.72,0,1.70,0.0273,0.0096,14,0.683,0.000,0.00,0.00,10.085,0
6.62,5.12,121.69,0.4857,-0.0726,0.0109,-0.8710,1.23,-0.85,9.54,-1.75,-1.25,4.62,9.66,0,1.70,0.0274,0.0103,14,0.683,0.000,0.00,0.00,10.085,0
phase1 acc_mag=9.661 gravity=9.711 motion=0.050 moving_avg=0.036 rms=0.046 mean_rms=0.041 max_rms=0.046 min_rms=0.032 std=0.005 var=0.000 state=standing thr=0.080/0.350/0.850
6.56,5.25,121.94,0.4837,-0.0725,0.0120,-0.8721,1.19,-0.85,9.55,2.62,5.25,-1.25,9.66,0,1.70,0.0276,0.0098,14,0.683,0.000,0.00,0.00,10.085,0
6.62,5.44,122.06,0.4827,-0.0739,0.0134,-0.8726,1.15,-0.85,9.65,-4.50,-3.75,-5.25,9.76,0,1.70,0.0284,0.0096,14,0.683,0.000,0.00,0.00,10.085,0
6.50,5.25,121.88,0.4849,-0.0723,0.0128,-0.8715,1.15,-0.80,9.59,-1.62,0.88,10.56,9.69,0,1.70,0.0277,0.0096,14,0.683,0.000,0.00,0.00,10.085,0
6.56,5.12,121.88,0.4843,-0.0720,0.0110,-0.8719,1.19,-0.90,9.63,-5.12,5.12,9.31,9.74,0,1.70,0.0272,0.0101,14,0.683,0.000,0.00,0.00,10.085,0
phase1 acc_mag=9.688 gravity=9.712 motion=0.024 moving_avg=0.035 rms=0.045 mean_rms=0.043 max_rms=0.047 min_rms=0.035 std=0.003 var=0.000 state=standing thr=0.080/0.350/0.850
6.44,5.12,121.62,0.4858,-0.0707,0.0116,-0.8712,1.19,-0.83,9.54,1.00,2.62,-3.75,9.65,0,1.70,0.0269,0.0097,14,0.683,0.000,0.00,0.00,10.085,0
6.31,5.06,121.56,0.4865,-0.0700,0.0117,-0.8708,1.15,-0.93,9.64,6.62,1.12,1.75,9.75,0,1.70,0.0267,0.0096,14,0.683,0.000,0.00,0.00,10.085,0
6.19,5.06,121.62,0.4866,-0.0697,0.0129,-0.8707,1.12,-0.85,9.58,-11.81,-2.12,3.38,9.68,0,1.70,0.0268,0.0091,14,0.683,0.000,0.00,0.00,10.085,0
6.25,5.00,121.62,0.4861,-0.0690,0.0114,-0.8711,1.11,-0.72,9.59,5.50,-0.88,-1.88,9.68,0,1.70,0.0263,0.0094,14,0.683,0.000,0.00,0.00,10.085,0
phase1 acc_mag=9.677 gravity=9.711 motion=0.033 moving_avg=0.031 rms=0.039 mean_rms=0.044 max_rms=0.047 min_rms=0.039 std=0.002 var=0.000 state=standing thr=0.080/0.350/0.850
6.31,5.19,121.25,0.4895,-0.0706,0.0117,-0.8691,1.15,-0.93,9.68,4.12,-5.00,0.38,9.79,0,1.70,0.0268,0.0098,14,0.683,0.000,0.00,0.00,10.085,0
6.25,5.06,121.50,0.4874,-0.0693,0.0117,-0.8704,1.10,-0.80,9.55,0.75,0.38,-10.56,9.65,0,1.70,0.0264,0.0094,14,0.683,0.000,0.00,0.00,10.085,0
6.38,5.06,121.25,0.4890,-0.0704,0.0114,-0.8694,1.14,-0.84,9.61,1.38,-10.81,6.62,9.71,0,1.70,0.0267,0.0098,14,0.683,0.000,0.00,0.00,10.085,0
6.19,4.81,120.94,0.4916,-0.0682,0.0099,-0.8681,1.14,-0.81,9.70,13.81,1.25,3.38,9.80,0,1.70,0.0256,0.0100,14,0.683,0.000,0.00,0.00,10.085,0
phase1 acc_mag=9.753 gravity=9.715 motion=0.038 moving_avg=0.032 rms=0.040 mean_rms=0.043 max_rms=0.047 min_rms=0.038 std=0.003 var=0.000 state=standing thr=0.080/0.350/0.850
6.06,4.94,121.19,0.4897,-0.0676,0.0117,-0.8691,1.07,-0.68,9.62,-4.12,8.31,-2.50,9.70,0,1.70,0.0258,0.0092,14,0.683,0.000,0.00,0.00,10.085,0
6.12,5.00,121.00,0.4905,-0.0681,0.0113,-0.8687,1.13,-0.75,9.60,6.38,0.50,-7.56,9.70,0,1.70,0.0259,0.0094,14,0.683,0.000,0.00,0.00,10.085,0
6.19,5.06,120.81,0.4922,-0.0690,0.0115,-0.8676,1.13,-0.83,9.60,-3.88,-2.62,1.25,9.70,0,1.70,0.0262,0.0096,14,0.683,0.000,0.00,0.00,10.085,0
phase1 acc_mag=9.724 gravity=9.713 motion=0.011 moving_avg=0.031 rms=0.039 mean_rms=0.042 max_rms=0.047 min_rms=0.038 std=0.003 var=0.000 state=standing thr=0.080/0.350/0.850
6.06,5.06,120.38,0.4957,-0.0682,0.0117,-0.8657,1.20,-0.76,9.62,1.88,6.75,3.12,9.72,0,1.70,0.0260,0.0095,14,0.683,0.000,0.00,0.00,10.085,0
6.25,5.25,119.88,0.5002,-0.0704,0.0128,-0.8630,1.03,-0.72,9.57,-3.75,0.00,2.75,9.65,0,1.70,0.0269,0.0097,14,0.683,0.000,0.00,0.00,10.085,0
6.31,5.56,119.38,0.5037,-0.0723,0.0138,-0.8608,1.16,-0.84,9.71,0.88,-2.88,7.19,9.82,0,1.70,0.0277,0.0098,14,0.683,0.000,0.00,0.00,10.085,0
6.38,5.50,119.81,0.4998,-0.0725,0.0136,-0.8630,1.15,-0.80,9.58,1.75,2.88,-7.44,9.68,0,1.70,0.0278,0.0098,14,0.683,0.000,0.00,0.00,10.085,0
phase1 acc_mag=9.672 gravity=9.713 motion=0.041 moving_avg=0.036 rms=0.046 mean_rms=0.042 max_rms=0.047 min_rms=0.038 std=0.003 var=0.000 state=standing thr=0.080/0.350/0.850
6.31,5.31,120.19,0.4967,-0.0707,0.0128,-0.8649,1.06,-0.69,9.54,-2.38,4.62,-4.88,9.62,0,1.70,0.0270,0.0096,14,0.683,0.000,0.00,0.00,10.085,0
6.38,5.12,120.19,0.4970,-0.0709,0.0107,-0.8648,1.16,-0.71,9.63,3.12,-6.50,-8.56,9.73,0,1.70,0.0267,0.0104,14,0.683,0.000,0.00,0.00,10.085,0
6.50,5.00,120.44,0.4958,-0.0713,0.0096,-0.8655,1.12,-0.89,9.63,0.62,-2.88,8.44,9.74,0,1.70,0.0266,0.0108,14,0.683,0.000,0.00,0.00,10.085,0
6.81,4.94,120.31,0.4962,-0.0735,0.0078,-0.8651,1.21,-0.81,9.54,-7.31,-6.50,7.31,9.65,0,1.70,0.0270,0.0119,14,0.683,0.000,0.00,0.00,10.085,0
phase1 acc_mag=9.623 gravity=9.711 motion=0.087 moving_avg=0.038 rms=0.048 mean_rms=0.042 max_rms=0.048 min_rms=0.038 std=0.003 var=0.000 state=standing thr=0.080/0.350/0.850
6.94,5.00,120.19,0.4969,-0.0750,0.0079,-0.8645,1.21,-0.73,9.66,-6.25,-5.50,-1.50,9.76,0,1.70,0.0275,0.0122,14,0.683,0.000,0.00,0.00,10.085,0
7.12,5.12,120.31,0.4961,-0.0765,0.0075,-0.8649,1.22,-0.77,9.63,3.00,-3.00,-6.00,9.74,0,1.70,0.0280,0.0126,14,0.683,0.000,0.00,0.00,10.085,0
7.06,5.00,120.56,0.4943,-0.0757,0.0073,-0.8660,1.25,-0.75,9.55,-0.50,6.50,-4.38,9.66,0,1.70,0.0277,0.0124,14,0.683,0.000,0.00,0.00,10.085,0
7.25,5.00,120.50,0.4951,-0.0770,0.0063,-0.8654,1.20,-0.76,9.60,5.75,-0.88,8.94,9.70,0,1.70,0.0279,0.0130,14,0.683,0.000,0.00,0.00,10.085,0
phase1 acc_mag=9.624 gravity=9.710 motion=0.086 moving_avg=0.038 rms=0.048 mean_rms=0.043 max_rms=0.048 min_rms=0.038 std=0.004 var=0.000 state=standing thr=0.080/0.350/0.850
7.12,5.00,120.38,0.4954,-0.0756,0.0068,-0.8654,1.25,-0.82,9.61,4.75,0.00,4.25,9.73,0,1.70,0.0275,0.0126,14,0.683,0.000,0.00,0.00,10.085,0
6.94,4.88,120.25,0.4962,-0.0742,0.0068,-0.8650,1.28,-0.77,9.61,-3.75,1.25,-5.25,9.73,0,1.70,0.0270,0.0124,14,0.683,0.000,0.00,0.00,10.085,0
6.94,4.69,120.00,0.4983,-0.0732,0.0053,-0.8639,1.21,-0.75,9.65,5.25,-2.50,10.56,9.75,0,1.70,0.0264,0.0128,14,0.683,0.000,0.00,0.00,10.085,0
7.00,4.44,120.00,0.4982,-0.0726,0.0025,-0.8640,1.28,-0.69,9.59,3.00,-4.75,-10.81,9.70,0,1.70,0.0256,0.0136,14,0.683,0.000,0.00,0.00,10.085,0
phase1 acc_mag=9.638 gravity=9.708 motion=0.069 moving_avg=0.037 rms=0.047 mean_rms=0.045 max_rms=0.048 min_rms=0.038 std=0.003 var=0.000 state=standing thr=0.080/0.350/0.850
7.00,4.44,119.94,0.4990,-0.0728,0.0029,-0.8635,1.21,-0.68,9.55,-0.75,3.62,3.50,9.65,0,1.70,0.0257,0.0135,14,0.683,0.000,0.00,0.00,10.085,0
7.12,4.38,120.06,0.4975,-0.0727,0.0017,-0.8644,1.22,-0.80,9.69,5.50,2.12,-4.38,9.80,0,1.70,0.0255,0.0139,14,0.683,0.000,0.00,0.00,10.085,0
7.06,4.25,120.31,0.4960,-0.0720,0.0012,-0.8653,1.21,-0.74,9.60,-0.25,1.88,-1.38,9.70,0,1.70,0.0252,0.0139,14,0.683,0.000,0.00,0.00,10.085,0
7.06,4.31,120.19,0.4971,-0.0723,0.0021,-0.8647,1.19,-0.71,9.65,-6.00,-5.00,-2.62,9.75,0,1.70,0.0254,0.0137,14,0.683,0.000,0.00,0.00,10.085,0
phase1 acc_mag=9.769 gravity=9.704 motion=0.065 moving_avg=0.036 rms=0.046 mean_rms=0.047 max_rms=0.048 min_rms=0.041 std=0.001 var=0.000 state=standing thr=0.080/0.350/0.850
7.12,4.31,120.31,0.4960,-0.0732,0.0018,-0.8652,1.26,-0.76,9.60,0.12,4.88,-1.25,9.71,0,1.70,0.0257,0.0139,14,0.683,0.000,0.00,0.00,10.085,0
7.06,4.38,120.44,0.4952,-0.0728,0.0025,-0.8657,1.20,-0.72,9.58,-12.44,-3.62,1.25,9.68,0,1.70,0.0257,0.0136,14,0.683,0.000,0.00,0.00,10.085,0
6.94,4.62,120.19,0.4970,-0.0725,0.0049,-0.8647,1.19,-0.75,9.58,0.25,2.38,0.50,9.68,0,1.70,0.0260,0.0127,14,0.683,0.000,0.00,0.00,10.085,0
6.94,4.62,120.00,0.4984,-0.0726,0.0046,-0.8639,1.19,-0.79,9.61,1.00,5.88,7.19,9.72,0,1.70,0.0260,0.0129,14,0.683,0.000,0.00,0.00,10.085,0
phase1 acc_mag=9.659 gravity=9.703 motion=0.044 moving_avg=0.030 rms=0.039 mean_rms=0.046 max_rms=0.048 min_rms=0.038 std=0.002 var=0.000 state=standing thr=0.080/0.350/0.850
6.81,4.88,120.00,0.4984,-0.0728,0.0069,-0.8639,1.17,-0.76,9.63,-2.88,-1.12,-5.12,9.73,0,1.70,0.0265,0.0121,14,0.683,0.000,0.00,0.00,10.085,0
6.81,4.88,119.75,0.5009,-0.0727,0.0067,-0.8624,1.19,-0.80,9.62,2.75,3.12,7.44,9.73,0,1.70,0.0264,0.0122,14,0.683,0.000,0.00,0.00,10.085,0
6.81,4.81,119.88,0.4993,-0.0725,0.0064,-0.8633,1.19,-0.79,9.63,3.38,5.75,-5.00,9.74,0,1.70,0.0263,0.0123,14,0.683,0.000,0.00,0.00,10.085,0
6.75,4.56,119.81,0.5001,-0.0719,0.0052,-0.8630,1.21,-0.89,9.63,3.62,9.94,-7.56,9.75,0,1.70,0.0259,0.0126,14,0.683,0.000,0.00,0.00,10.085,0
phase1 acc_mag=9.672 gravity=9.703 motion=0.031 moving_avg=0.031 rms=0.039 mean_rms=0.044 max_rms=0.048 min_rms=0.038 std=0.004 var=0.000 state=standing thr=0.080/0.350/0.850
6.56,4.62,119.69,0.5009,-0.0703,0.0060,-0.8627,1.22,-0.70,9.55,-3.25,2.25,3.38,9.65,0,1.70,0.0255,0.0120,14,0.683,0.000,0.00,0.00,10.085,0
6.38,4.69,119.50,0.5022,-0.0686,0.0071,-0.8620,1.17,-0.74,9.68,-2.50,0.00,-5.88,9.78,0,1.70,0.0251,0.0113,14,0.683,0.000,0.00,0.00,10.085,0
6.06,4.62,119.19,0.5043,-0.0665,0.0082,-0.8609,1.18,-0.73,9.60,-5.38,2.00,-4.88,9.70,0,1.70,0.0245,0.0106,14,0.683,0.000,0.00,0.00,10.085,0
6.12,4.56,119.19,0.5046,-0.0663,0.0073,-0.8608,1.16,-0.78,9.66,6.38,0.12,2.88,9.76,0,1.70,0.0243,0.0109,14,0.683,0.000,0.00,0.00,10.085,0
phase1 acc_mag=9.756 gravity=9.706 motion=0.051 moving_avg=0.034 rms=0.041 mean_rms=0.043 max_rms=0.048 min_rms=0.038 std=0.003 var=0.000 state=standing thr=0.080/0.350/0.850
6.06,4.50,119.12,0.5059,-0.0658,0.0071,-0.8600,1.21,-0.75,9.57,-1.88,2.25,7.81,9.68,0,1.70,0.0241,0.0109,14,0.683,0.000,0.00,0.00,10.085,0
6.00,4.25,119.12,0.5054,-0.0644,0.0056,-0.8605,1.21,-0.74,9.64,0.38,5.00,-6.88,9.74,0,1.70,0.0233,0.0111,14,0.683,0.000,0.00,0.00,10.085,0
6.19,4.19,119.25,0.5036,-0.0652,0.0041,-0.8615,1.17,-0.74,9.55,0.00,0.25,-8.19,9.65,0,1.70,0.0233,0.0117,14,0.683,0.000,0.00,0.00,10.085,0
6.19,4.25,119.25,0.5043,-0.0654,0.0047,-0.8611,1.17,-0.71,9.53,-3.50,4.88,1.62,9.63,0,1.70,0.0235,0.0116,14,0.683,0.000,0.00,0.00,10.085,0
phase1 acc_mag=9.837 gravity=9.705 motion=0.132 moving_avg=0.037 rms=0.046 mean_rms=0.042 max_rms=0.048 min_rms=0.038 std=0.003 var=0.000 state=standing thr=0.080/0.350/0.850
6.25,4.44,119.25,0.5043,-0.0675,0.0056,-0.8609,1.14,-0.73,9.64,-2.62,-3.50,2.12,9.73,0,1.70,0.0244,0.0117,14,0.683,0.000,0.00,0.00,10.085,0
6.31,4.31,119.25,0.5045,-0.0668,0.0045,-0.8608,1.19,-0.78,9.63,-1.38,-1.00,4.25,9.73,0,1.70,0.0239,0.0119,14,0.683,0.000,0.00,0.00,10.085,0
6.38,4.19,119.25,0.5041,-0.0669,0.0031,-0.8610,1.25,-0.72,9.63,-0.75,-0.12,6.12,9.74,0,1.70,0.0237,0.0124,14,0.683,0.000,0.00,0.00,10.085,0
6.25,4.19,119.38,0.5032,-0.0660,0.0037,-0.8616,1.11,-0.79,9.59,-1.50,-3.00,-1.88,9.69,0,1.70,0.0235,0.0120,14,0.683,0.000,0.00,0.00,10.085,0
phase1 acc_mag=9.711 gravity=9.706 motion=0.005 moving_avg=0.035 rms=0.043 mean_rms=0.041 max_rms=0.046 min_rms=0.038 std=0.002 var=0.000 state=standing thr=0.080/0.350/0.850
6.38,4.25,119.56,0.5019,-0.0670,0.0040,-0.8623,1.07,-0.72,9.66,-6.25,8.06,-7.56,9.75,0,1.70,0.0239,0.0121,14,0.683,0.000,0.00,0.00,10.085,0
6.69,4.00,119.44,0.5029,-0.0682,0.0009,-0.8617,1.14,-0.65,9.58,2.62,-3.62,4.38,9.67,0,1.70,0.0237,0.0134,14,0.683,0.000,0.00,0.00,10.085,0
6.75,4.06,119.56,0.5020,-0.0689,0.0008,-0.8622,1.11,-0.66,9.60,-1.38,0.00,10.19,9.69,0,1.70,0.0239,0.0136,14,0.683,0.000,0.00,0.00,10.085,0
6.75,3.94,119.75,0.5005,-0.0683,0.0003,-0.8630,1.13,-0.69,9.62,3.00,0.88,-1.50,9.71,0,1.70,0.0236,0.0136,14,0.683,0.000,0.00,0.00,10.085,0
phase1 acc_mag=9.721 gravity=9.708 motion=0.013 moving_avg=0.033 rms=0.042 mean_rms=0.042 max_rms=0.046 min_rms=0.038 std=0.002 var=0.000 state=standing thr=0.080/0.350/0.850
6.94,3.88,119.75,0.4998,-0.0695,-0.0015,-0.8633,1.21,-0.72,9.58,7.69,-1.25,-5.62,9.68,0,1.70,0.0237,0.0144,14,0.683,0.000,0.00,0.00,10.085,0
6.88,3.81,119.62,0.5015,-0.0688,-0.0016,-0.8624,1.21,-0.69,9.60,-2.50,-1.12,7.56,9.70,0,1.70,0.0234,0.0143,14,0.683,0.000,0.00,0.00,10.085,0
7.00,3.81,119.56,0.5018,-0.0695,-0.0020,-0.8622,1.22,-0.65,9.62,0.12,-0.38,-5.88,9.72,0,1.70,0.0236,0.0146,14,0.683,0.000,0.00,0.00,10.085,0
phase1 acc_mag=9.643 gravity=9.704 motion=0.061 moving_avg=0.030 rms=0.039 mean_rms=0.042 max_rms=0.046 min_rms=0.038 std=0.001 var=0.000 state=standing thr=0.080/0.350/0.850
7.00,3.88,119.50,0.5027,-0.0701,-0.0021,-0.8616,1.16,-0.66,9.55,6.75,-0.75,4.00,9.64,0,1.70,0.0237,0.0148,14,0.683,0.000,0.00,0.00,10.085,0
7.06,3.88,119.94,0.4990,-0.0709,-0.0015,-0.8637,1.18,-0.63,9.70,-2.00,-3.62,-1.25,9.79,0,1.70,0.0242,0.0147,14,0.683,0.000,0.00,0.00,10.085,0
7.25,4.00,120.12,0.4973,-0.0724,-0.0012,-0.8645,1.13,-0.64,9.63,-5.12,-4.38,-2.00,9.72,0,1.70,0.0248,0.0148,14,0.683,0.000,0.00,0.00,10.085,0
7.25,4.00,120.00,0.4988,-0.0726,-0.0007,-0.8636,1.21,-0.61,9.55,-6.25,1.62,4.75,9.65,0,1.70,0.0249,0.0147,14,0.683,0.000,0.00,0.00,10.085,0
phase1 acc_mag=9.661 gravity=9.700 motion=0.038 moving_avg=0.030 rms=0.039 mean_rms=0.042 max_rms=0.046 min_rms=0.038 std=0.002 var=0.000 state=standing thr=0.080/0.350/0.850
7.19,4.06,119.62,0.5014,-0.0726,-0.0009,-0.8622,1.40,-0.66,9.59,-4.88,-0.50,-1.88,9.71,0,1.70,0.0249,0.0149,14,0.683,0.000,0.00,0.00,10.085,0
7.00,4.00,119.56,0.5018,-0.0706,-0.0007,-0.8621,1.33,-0.63,9.58,8.06,7.69,-6.00,9.69,0,1.70,0.0242,0.0144,14,0.683,0.000,0.00,0.00,10.085,0
7.00,3.88,119.62,0.5016,-0.0697,-0.0017,-0.8623,1.24,-0.60,9.57,6.12,3.12,3.38,9.67,0,1.70,0.0237,0.0146,14,0.683,0.000,0.00,0.00,10.085,0
6.94,3.62,119.75,0.5006,-0.0685,-0.0031,-0.8630,1.19,-0.66,9.63,4.38,6.12,-3.38,9.73,0,1.70,0.0230,0.0148,14,0.683,0.000,0.00,0.00,10.085,0
phase1 acc_mag=9.718 gravity=9.698 motion=0.020 moving_avg=0.027 rms=0.033 mean_rms=0.040 max_rms=0.045 min_rms=0.032 std=0.003 var=0.000 state=standing thr=0.080/0.350/0.850
7.06,3.62,119.75,0.5006,-0.0692,-0.0035,-0.8629,1.20,-0.65,9.58,-3.25,-2.50,0.62,9.68,0,1.70,0.0232,0.0151,14,0.683,0.000,0.00,0.00,10.085,0
7.00,3.88,119.88,0.4997,-0.0701,-0.0016,-0.8633,1.20,-0.67,9.61,-3.00,-6.88,4.38,9.71,0,1.70,0.0239,0.0146,14,0.683,0.000,0.00,0.00,10.085,0
7.00,4.00,119.75,0.5005,-0.0706,-0.0004,-0.8629,1.32,-0.61,9.60,-1.88,-1.50,5.25,9.71,0,1.70,0.0243,0.0143,14,0.683,0.000,0.00,0.00,10.085,0
7.06,4.00,120.12,0.4976,-0.0716,-0.0007,-0.8644,1.26,-0.66,9.57,-0.38,-3.38,3.00,9.68,0,1.70,0.0246,0.0145,14,0.683,0.000,0.00,0.00,10.085,0
phase1 acc_mag=9.694 gravity=9.697 motion=0.002 moving_avg=0.025 rms=0.032 mean_rms=0.038 max_rms=0.043 min_rms=0.032 std=0.004 var=0.000 state=standing thr=0.080/0.350/0.850
7.19,4.00,120.12,0.4976,-0.0718,-0.0012,-0.8644,1.26,-0.63,9.60,7.56,-2.50,-10.69,9.70,0,1.70,0.0246,0.0147,14,0.683,0.000,0.00,0.00,10.085,0
7.25,3.88,120.19,0.4969,-0.0715,-0.0027,-0.8649,1.23,-0.69,9.62,4.50,-0.75,0.25,9.72,0,1.70,0.0242,0.0151,14,0.683,0.000,0.00,0.00,10.085,0
7.12,3.88,120.31,0.4960,-0.0710,-0.0016,-0.8654,1.22,-0.66,9.69,-4.50,3.75,2.88,9.79,0,1.70,0.0242,0.0147,14,0.683,0.000,0.00,0.00,10.085,0
7.06,3.94,120.62,0.4937,-0.0708,-0.0009,-0.8668,1.19,-0.63,9.53,-4.75,1.25,4.38,9.62,0,1.70,0.0244,0.0143,14,0.683,0.000,0.00,0.00,10.085,0
phase1 acc_mag=9.686 gravity=9.696 motion=0.010 moving_avg=0.027 rms=0.034 mean_rms=0.036 max_rms=0.041 min_rms=0.031 std=0.003 var=0.000 state=standing thr=0.080/0.350/0.850
7.06,4.00,120.88,0.4919,-0.0709,-0.0002,-0.8677,1.21,-0.61,9.56,-7.69,4.75,-4.75,9.66,0,1.70,0.0246,0.0140,14,0.683,0.000,0.00,0.00,10.085,0
7.06,3.88,121.19,0.4893,-0.0710,-0.0007,-0.8693,1.15,-0.52,9.56,-5.50,-2.62,-3.12,9.64,0,1.70,0.0246,0.0141,14,0.683,0.000,0.00,0.00,10.085,0
7.19,3.94,121.38,0.4882,-0.0717,-0.0007,-0.8698,1.23,-0.69,9.61,-4.88,2.12,-4.38,9.71,0,1.70,0.0248,0.0142,14,0.683,0.000,0.00,0.00,10.085,0
phase1 acc_mag=9.753 gravity=9.698 motion=0.054 moving_avg=0.027 rms=0.035 mean_rms=0.035 max_rms=0.041 min_rms=0.031 std=0.003 var=0.000 state=standing thr=0.080/0.350/0.850
6.88,3.94,121.62,0.4863,-0.0693,0.0008,-0.8710,1.28,-0.74,9.64,0.12,8.69,-8.31,9.75,0,1.70,0.0243,0.0132,14,0.683,0.000,0.00,0.00,10.085,0
6.75,4.06,121.62,0.4856,-0.0696,0.0027,-0.8714,1.33,-0.68,9.63,-10.69,4.50,-1.12,9.75,0,1.70,0.0248,0.0126,14,0.683,0.000,0.00,0.00,10.085,0
6.94,4.25,121.50,0.4861,-0.0709,0.0029,-0.8710,1.20,-0.65,9.64,-2.38,7.31,-15.12,9.74,0,1.70,0.0253,0.0128,14,0.683,0.000,0.00,0.00,10.085,0
6.94,4.25,122.12,0.4823,-0.0710,0.0032,-0.8731,1.17,-0.80,9.67,1.25,3.62,-3.75,9.77,0,1.70,0.0254,0.0126,14,0.683,0.000,0.00,0.00,10.085,0
phase1 acc_mag=9.784 gravity=9.702 motion=0.082 moving_avg=0.029 rms=0.037 mean_rms=0.034 max_rms=0.039 min_rms=0.031 std=0.002 var=0.000 state=standing thr=0.080/0.350/0.850
6.94,4.31,122.38,0.4810,-0.0714,0.0034,-0.8738,1.19,-0.65,9.64,5.12,-1.00,4.50,9.73,0,1.70,0.0256,0.0126,14,0.683,0.000,0.00,0.00,10.085,0
6.88,4.38,122.25,0.4815,-0.0712,0.0042,-0.8735,1.20,-0.72,9.65,0.38,-2.75,3.00,9.75,0,1.70,0.0257,0.0122,14,0.683,0.000,0.00,0.00,10.085,0
6.88,4.44,122.06,0.4827,-0.0718,0.0048,-0.8729,1.16,-0.62,9.61,4.25,0.38,11.19,9.70,0,1.70,0.0260,0.0122,14,0.683,0.000,0.00,0.00,10.085,0
6.94,4.81,122.00,0.4831,-0.0733,0.0073,-0.8725,1.24,-0.94,9.76,2.50,3.75,-1.88,9.88,0,1.70,0.0270,0.0116,14,0.683,0.000,0.00,0.00,10.085,0
phase1 acc_mag=9.654 gravity=9.704 motion=0.049 moving_avg=0.035 rms=0.045 mean_rms=0.035 max_rms=0.045 min_rms=0.031 std=0.003 var=0.000 state=standing thr=0.080/0.350/0.850
6.88,4.88,121.94,0.4836,-0.0732,0.0079,-0.8722,1.15,-0.70,9.62,-5.88,1.25,-3.38,9.71,0,1.70,0.0271,0.0114,14,0.683,0.000,0.00,0.00,10.085,0
6.81,4.94,121.75,0.4850,-0.0732,0.0087,-0.8714,1.22,-0.69,9.53,5.00,0.25,0.50,9.63,0,1.70,0.0272,0.0112,14,0.683,0.000,0.00,0.00,10.085,0
6.81,4.81,121.88,0.4847,-0.0728,0.0076,-0.8716,1.22,-0.81,9.66,2.12,-2.12,4.88,9.77,0,1.70,0.0269,0.0115,14,0.683,0.000,0.00,0.00,10.085,0
6.88,4.81,121.50,0.4871,-0.0731,0.0071,-0.8702,1.15,-0.64,9.57,1.00,-8.56,6.12,9.66,0,1.70,0.0268,0.0117,14,0.683,0.000,0.00,0.00,10.085,0
phase1 acc_mag=9.621 gravity=9.702 motion=0.081 moving_avg=0.038 rms=0.047 mean_rms=0.038 max_rms=0.047 min_rms=0.031 std=0.005 var=0.000 state=standing thr=0.080/0.350/0.850
6.88,4.75,121.31,0.4890,-0.0726,0.0067,-0.8693,1.19,-0.71,9.65,-0.75,3.25,3.88,9.75,0,1.70,0.0266,0.0119,14,0.683,0.000,0.00,0.00,10.085,0
6.69,4.62,121.44,0.4877,-0.0709,0.0063,-0.8701,1.18,-0.76,9.65,0.38,7.19,-3.50,9.75,0,1.70,0.0259,0.0116,14,0.683,0.000,0.00,0.00,10.085,0
6.69,4.44,121.62,0.4863,-0.0700,0.0052,-0.8710,1.19,-0.63,9.52,-5.00,0.62,0.62,9.61,0,1.70,0.0254,0.0118,14,0.683,0.000,0.00,0.00,10.085,0
6.62,4.38,121.69,0.4857,-0.0692,0.0046,-0.8714,1.15,-0.71,9.62,3.38,0.25,-3.25,9.71,0,1.70,0.0250,0.0119,14,0.683,0.000,0.00,0.00,10.085,0
phase1 acc_mag=9.735 gravity=9.707 motion=0.028 moving_avg=0.039 rms=0.048 mean_rms=0.041 max_rms=0.049 min_rms=0.034 std=0.005 var=0.000 state=standing thr=0.080/0.350/0.850
6.62,4.38,121.50,0.4872,-0.0695,0.0049,-0.8705,1.16,-0.72,9.62,-3.12,-8.19,-3.00,9.72,0,1.70,0.0251,0.0118,14,0.683,0.000,0.00,0.00,10.085,0
6.62,4.38,121.62,0.4862,-0.0689,0.0056,-0.8711,1.16,-0.64,9.57,-2.00,7.81,1.62,9.66,0,1.70,0.0251,0.0114,14,0.683,0.000,0.00,0.00,10.085,0
6.44,4.25,121.62,0.4864,-0.0678,0.0050,-0.8711,1.16,-0.68,9.63,-0.38,-2.75,3.38,9.72,0,1.70,0.0246,0.0114,14,0.683,0.000,0.00,0.00,10.085,0
phase1 acc_mag=9.670 gravity=9.707 motion=0.037 moving_avg=0.036 rms=0.046 mean_rms=0.044 max_rms=0.049 min_rms=0.035 std=0.005 var=0.000 state=standing thr=0.080/0.350/0.850
6.50,4.50,121.50,0.4871,-0.0692,0.0063,-0.8706,1.20,-0.70,9.57,-9.44,1.00,4.00,9.67,0,1.70,0.0253,0.0113,14,0.683,0.000,0.00,0.00,10.085,0
6.75,4.62,121.31,0.4891,-0.0714,0.0063,-0.8693,1.14,-0.74,9.63,0.88,-0.38,7.19,9.73,0,1.70,0.0261,0.0118,14,0.683,0.000,0.00,0.00,10.085,0
6.62,4.56,121.06,0.4903,-0.0699,0.0061,-0.8687,1.17,-0.58,9.53,-3.38,-0.62,9.56,9.62,0,1.70,0.0255,0.0116,14,0.683,0.000,0.00,0.00,10.085,0
6.69,4.50,121.06,0.4903,-0.0706,0.0053,-0.8687,1.21,-0.78,9.68,5.00,-0.12,-7.56,9.79,0,1.70,0.0256,0.0120,14,0.683,0.000,0.00,0.00,10.085,0
phase1 acc_mag=9.656 gravity=9.706 motion=0.050 moving_avg=0.036 rms=0.046 mean_rms=0.045 max_rms=0.049 min_rms=0.038 std=0.003 var=0.000 state=standing thr=0.080/0.350/0.850
6.81,4.50,121.00,0.4907,-0.0715,0.0046,-0.8683,1.21,-0.78,9.59,-9.56,-13.81,2.12,9.70,0,1.70,0.0257,0.0124,14,0.683,0.000,0.00,0.00,10.085,0
6.81,4.25,121.25,0.4891,-0.0703,0.0029,-0.8694,1.20,-0.68,9.58,5.88,3.25,-1.25,9.68,0,1.70,0.0250,0.0128,14,0.683,0.000,0.00,0.00,10.085,0
6.75,4.12,121.62,0.4868,-0.0693,0.0024,-0.8708,1.19,-0.80,9.66,1.88,-4.88,3.25,9.77,0,1.70,0.0246,0.0126,14,0.683,0.000,0.00,0.00,10.085,0
6.81,3.88,121.69,0.4858,-0.0688,0.0006,-0.8713,1.17,-0.68,9.54,-2.75,-6.25,-3.12,9.64,0,1.70,0.0241,0.0132,14,0.683,0.000,0.00,0.00,10.085,0
phase1 acc_mag=9.707 gravity=9.702 motion=0.005 moving_avg=0.035 rms=0.042 mean_rms=0.046 max_rms=0.049 min_rms=0.041 std=0.001 var=0.000 state=standing thr=0.080/0.350/0.850
6.75,3.88,121.75,0.4853,-0.0681,0.0006,-0.8717,1.18,-0.74,9.60,2.50,4.38,-3.62,9.70,0,1.70,0.0238,0.0130,14,0.683,0.000,0.00,0.00,10.085,0
6.81,3.81,121.75,0.4851,-0.0682,0.0001,-0.8718,1.17,-0.78,9.66,0.00,-1.38,-0.88,9.76,0,1.70,0.0238,0.0132,14,0.683,0.000,0.00,0.00,10.085,0
6.69,3.88,121.81,0.4850,-0.0677,0.0009,-0.8718,1.13,-0.70,9.61,-0.38,2.88,5.88,9.70,0,1.70,0.0238,0.0128,14,0.683,0.000,0.00,0.00,10.085,0
6.94,4.06,121.56,0.4870,-0.0706,0.0018,-0.8705,1.17,-0.77,9.66,-5.50,-2.38,3.38,9.76,0,1.70,0.0249,0.0131,14,0.683,0.000,0.00,0.00,10.085,0
phase1 acc_mag=9.701 gravity=9.704 motion=0.003 moving_avg=0.033 rms=0.040 mean_rms=0.045 max_rms=0.049 min_rms=0.040 std=0.002 var=0.000 state=standing thr=0.080/0.350/0.850
7.00,4.12,121.62,0.4863,-0.0710,0.0018,-0.8709,1.26,-0.77,9.63,-2.12,2.50,-0.88,9.74,0,1.70,0.0251,0.0132,14,0.683,0.000,0.00,0.00,10.085,0
7.19,4.06,121.69,0.4859,-0.0720,0.0005,-0.8710,1.18,-0.68,9.58,0.62,4.12,2.38,9.68,0,1.70,0.0252,0.0138,14,0.683,0.000,0.00,0.00,10.085,0
7.06,3.88,121.81,0.4849,-0.0704,-0.0005,-0.8717,1.18,-0.71,9.62,1.12,-2.62,4.75,9.72,0,1.70,0.0245,0.0139,14,0.683,0.000,0.00,0.00,10.085,0
7.00,3.88,122.06,0.4830,-0.0704,-0.0006,-0.8728,1.24,-0.86,9.64,1.12,-3.50,1.62,9.76,0,1.70,0.0245,0.0138,14,0.683,0.000,0.00,0.00,10.085,0
phase1 acc_mag=9.611 gravity=9.702 motion=0.091 moving_avg=0.034 rms=0.041 mean_rms=0.043 max_rms=0.047 min_rms=0.038 std=0.002 var=0.000 state=standing thr=0.080/0.350/0.850
7.12,4.06,121.94,0.4837,-0.0718,0.0005,-0.8723,1.18,-0.73,9.61,-0.12,-6.00,-0.75,9.71,0,1.70,0.0252,0.0137,14,0.683,0.000,0.00,0.00,10.085,0
7.12,4.00,122.00,0.4836,-0.0723,0.0003,-0.8723,1.18,-0.74,9.62,-1.00,-6.75,6.88,9.72,0,1.70,0.0253,0.0139,14,0.683,0.000,0.00,0.00,10.085,0
7.19,4.00,122.06,0.4827,-0.0720,0.0004,-0.8728,1.19,-0.72,9.61,-5.12,-4.62,-2.62,9.71,0,1.70,0.0252,0.0138,14,0.683,0.000,0.00,0.00,10.085,0
phase1 acc_mag=9.665 gravity=9.702 motion=0.037 moving_avg=0.035 rms=0.042 mean_rms=0.042 max_rms=0.046 min_rms=0.038 std=0.002 var=0.000 state=standing thr=0.080/0.350/0.850
7.12,3.88,122.38,0.4794,-0.0709,0.0001,-0.8747,1.16,-0.69,9.57,-2.38,4.25,-11.06,9.66,0,1.70,0.0248,0.0136,14,0.683,0.000,0.00,0.00,10.085,0
6.88,3.75,122.69,0.4782,-0.0684,-0.0002,-0.8755,1.24,-0.68,9.59,-0.38,3.50,-3.50,9.69,0,1.70,0.0239,0.0132,14,0.683,0.000,0.00,0.00,10.085,0
6.88,3.75,122.56,0.4792,-0.0686,-0.0004,-0.8750,1.21,-0.70,9.60,2.50,-4.88,4.12,9.70,0,1.70,0.0239,0.0133,14,0.683,0.000,0.00,0.00,10.085,0
6.94,3.62,122.69,0.4780,-0.0687,-0.0017,-0.8757,1.18,-0.71,9.55,4.00,0.62,-3.25,9.65,0,1.70,0.0237,0.0137,14,0.683,0.000,0.00,0.00,10.085,0
phase1 acc_mag=9.774 gravity=9.702 motion=0.072 moving_avg=0.034 rms=0.040 mean_rms=0.041 max_rms=0.046 min_rms=0.038 std=0.001 var=0.000 state=standing thr=0.080/0.350/0.850
7.12,3.44,122.38,0.4805,-0.0693,-0.0040,-0.8743,1.21,-0.68,9.58,-1.38,-1.38,-0.88,9.68,0,1.70,0.0235,0.0147,14,0.683,0.000,0.00,0.00,10.085,0
7.25,3.50,122.31,0.4811,-0.0707,-0.0037,-0.8738,1.16,-0.83,9.69,-5.50,-7.69,0.00,9.79,0,1.70,0.0240,0.0149,14,0.683,0.000,0.00,0.00,10.085,0
7.38,3.62,122.31,0.4810,-0.0724,-0.0037,-0.8737,1.19,-0.74,9.59,2.00,-4.25,1.12,9.69,0,1.70,0.0246,0.0152,14,0.683,0.000,0.00,0.00,10.085,0
7.31,3.75,122.19,0.4820,-0.0718,-0.0024,-0.8732,1.22,-0.78,9.60,-4.75,4.75,3.50,9.71,0,1.70,0.0246,0.0147,14,0.683,0.000,0.00,0.00,10.085,0
phase1 acc_mag=9.729 gravity=9.702 motion=0.027 moving_avg=0.030 rms=0.038 mean_rms=0.041 max_rms=0.043 min_rms=0.038 std=0.001 var=0.000 state=standing thr=0.080/0.350/0.850
7.50,3.88,122.06,0.4829,-0.0739,-0.0021,-0.8726,1.19,-0.73,9.58,-5.62,1.38,1.38,9.68,0,1.70,0.0254,0.0150,14,0.683,0.000,0.00,0.00,10.085,0
7.44,4.12,121.94,0.4836,-0.0746,0.0000,-0.8721,1.20,-0.80,9.63,-9.06,-1.12,-6.25,9.74,0,1.70,0.0260,0.0144,14,0.683,0.000,0.00,0.00,10.085,0
7.56,4.25,121.88,0.4843,-0.0760,0.0005,-0.8716,1.17,-0.74,9.61,-4.62,0.00,-5.12,9.71,0,1.70,0.0266,0.0146,14,0.683,0.000,0.00,0.00,10.085,0
7.44,4.50,121.69,0.4855,-0.0763,0.0026,-0.8708,1.20,-0.80,9.60,-1.88,1.25,-8.19,9.71,0,1.70,0.0271,0.0139,14,0.683,0.000,0.00,0.00,10.085,0
phase1 acc_mag=9.786 gravity=9.700 motion=0.087 moving_avg=0.028 rms=0.036 mean_rms=0.039 max_rms=0.043 min_rms=0.035 std=0.002 var=0.000 state=standing thr=0.080/0.350/0.850
7.38,4.56,121.12,0.4892,-0.0760,0.0029,-0.8688,1.16,-0.76,9.58,1.12,-0.75,8.19,9.68,0,1.70,0.0270,0.0139,14,0.683,0.000,0.00,0.00,10.085,0
7.50,4.69,121.12,0.4900,-0.0773,0.0035,-0.8683,1.18,-0.72,9.58,0.62,-3.12,-2.62,9.68,0,1.70,0.0276,0.0139,14,0.683,0.000,0.00,0.00,10.085,0
7.56,4.75,121.00,0.4906,-0.0780,0.0037,-0.8679,1.17,-0.74,9.63,1.00,-4.88,1.50,9.73,0,1.70,0.0278,0.0140,14,0.683,0.000,0.00,0.00,10.085,0
phase1 acc_mag=9.703 gravity=9.702 motion=0.002 moving_avg=0.024 rms=0.031 mean_rms=0.038 max_rms=0.043 min_rms=0.031 std=0.003 var=0.000 state=standing thr=0.080/0.350/0.850
7.50,4.88,120.88,0.4914,-0.0782,0.0043,-0.8674,1.19,-0.76,9.60,0.00,-3.00,-4.25,9.70,0,1.70,0.0280,0.0139,14,0.683,0.000,0.00,0.00,10.085,0
7.50,4.94,120.94,0.4914,-0.0783,0.0048,-0.8674,1.19,-0.81,9.57,3.00,-2.88,4.25,9.68,0,1.70,0.0281,0.0137,14,0.683,0.000,0.00,0.00,10.085,0
7.56,4.94,121.00,0.4908,-0.0789,0.0051,-0.8677,1.21,-0.75,9.60,-4.25,-4.88,4.62,9.70,0,1.70,0.0284,0.0137,14,0.683,0.000,0.00,0.00,10.085,0
7.38,4.94,121.12,0.4896,-0.0776,0.0057,-0.8685,1.20,-0.80,9.59,-2.25,2.88,-6.88,9.70,0,1.70,0.0281,0.0132,14,0.683,0.000,0.00,0.00,10.085,0
phase1 acc_mag=9.654 gravity=9.703 motion=0.049 moving_avg=0.023 rms=0.031 mean_rms=0.036 max_rms=0.042 min_rms=0.031 std=0.003 var=0.000 state=standing thr=0.080/0.350/0.850
7.50,5.19,120.94,0.4916,-0.0795,0.0071,-0.8671,1.20,-0.80,9.64,-2.38,0.88,8.44,9.75,0,1.70,0.0290,0.0132,14,0.683,0.000,0.00,0.00,10.085,0
7.44,5.38,120.75,0.4933,-0.0793,0.0089,-0.8662,1.23,-0.88,9.64,0.00,6.38,8.31,9.76,0,1.70,0.0292,0.0126,14,0.683,0.000,0.00,0.00,10.085,0
7.25,5.38,120.69,0.4929,-0.0785,0.0093,-0.8665,1.23,-0.77,9.55,-6.00,2.38,-5.00,9.66,0,1.70,0.0290,0.0122,14,0.683,0.000,0.00,0.00,10.085,0
7.25,5.25,121.00,0.4912,-0.0778,0.0092,-0.8675,1.19,-0.77,9.59,-5.62,1.25,6.75,9.69,0,1.70,0.0288,0.0121,14,0.683,0.000,0.00,0.00,10.085,0
phase1 acc_mag=9.695 gravity=9.704 motion=0.009 moving_avg=0.024 rms=0.031 mean_rms=0.034 max_rms=0.040 min_rms=0.031 std=0.003 var=0.000 state=standing thr=0.080/0.350/0.850
7.31,5.31,120.81,0.4922,-0.0786,0.0085,-0.8669,1.19,-0.72,9.64,-2.38,-3.62,7.56,9.74,0,1.70,0.0289,0.0125,14,0.683,0.000,0.00,0.00,10.085,0
7.25,5.62,120.69,0.4921,-0.0796,0.0114,-0.8668,1.17,-0.78,9.67,-1.50,-2.38,-7.44,9.77,0,1.70,0.0298,0.0117,14,0.683,0.000,0.00,0.00,10.085,0
7.38,5.56,120.94,0.4913,-0.0801,0.0103,-0.8672,1.15,-0.72,9.54,3.25,0.88,-9.06,9.64,0,1.70,0.0298,0.0122,14,0.683,0.000,0.00,0.00,10.085,0
phase1 acc_mag=9.677 gravity=9.702 motion=0.026 moving_avg=0.027 rms=0.034 mean_rms=0.033 max_rms=0.037 min_rms=0.029 std=0.002 var=0.000 state=standing thr=0.080/0.350/0.850
7.44,5.62,121.06,0.4902,-0.0807,0.0107,-0.8678,1.12,-0.78,9.58,-1.00,-2.62,-5.00,9.68,0,1.70,0.0301,0.0121,14,0.683,0.000,0.00,0.00,10.085,0
7.25,5.56,121.19,0.4895,-0.0800,0.0108,-0.8682,1.19,-0.80,9.57,0.62,-6.12,2.62,9.68,0,1.70,0.0299,0.0119,14,0.683,0.000,0.00,0.00,10.085,0
7.44,5.56,121.19,0.4894,-0.0807,0.0103,-0.8683,1.20,-0.81,9.60,-2.50,3.00,0.00,9.71,0,1.70,0.0301,0.0122,14,0.683,0.000,0.00,0.00,10.085,0
7.44,5.69,121.06,0.4902,-0.0818,0.0112,-0.8677,1.19,-0.83,9.58,-2.25,-3.75,3.62,9.69,0,1.70,0.0306,0.0122,14,0.683,0.000,0.00,0.00,10.085,0
phase1 acc_mag=9.740 gravity=9.702 motion=0.038 moving_avg=0.028 rms=0.035 mean_rms=0.033 max_rms=0.036 min_rms=0.029 std=0.001 var=0.000 state=standing thr=0.080/0.350/0.850
7.50,5.75,121.06,0.4901,-0.0817,0.0115,-0.8678,1.19,-0.80,9.56,-1.12,-8.69,5.88,9.67,0,1.70,0.0306,0.0120,14,0.683,0.000,0.00,0.00,10.085,0
7.44,5.88,120.81,0.4917,-0.0809,0.0126,-0.8669,1.22,-0.85,9.62,3.88,11.69,-1.00,9.73,0,1.70,0.0306,0.0115,14,0.683,0.000,0.00,0.00,10.085,0
7.38,5.94,120.50,0.4943,-0.0820,0.0127,-0.8653,1.23,-0.82,9.64,0.75,-5.62,-2.00,9.75,0,1.70,0.0309,0.0118,14,0.683,0.000,0.00,0.00,10.085,0
7.44,5.81,120.56,0.4940,-0.0818,0.0115,-0.8655,1.18,-0.62,9.56,-1.62,-1.00,-2.12,9.65,0,1.70,0.0306,0.0122,14,0.683,0.000,0.00,0.00,10.085,0
phase1 acc_mag=9.681 gravity=9.705 motion=0.024 moving_avg=0.035 rms=0.044 mean_rms=0.033 max_rms=0.044 min_rms=0.029 std=0.003 var=0.000 state=standing thr=0.080/0.350/0.850
7.56,5.50,120.69,0.4929,-0.0813,0.0092,-0.8663,1.18,-0.84,9.51,-0.88,4.50,3.38,9.62,0,1.70,0.0300,0.0128,14,0.683,0.000,0.00,0.00,10.085,0
7.38,5.38,120.62,0.4933,-0.0795,0.0089,-0.8661,1.12,-0.85,9.63,8.94,6.25,-4.00,9.73,0,1.70,0.0293,0.0126,14,0.683,0.000,0.00,0.00,10.085,0
7.25,5.31,120.56,0.4938,-0.0781,0.0080,-0.8660,1.14,-0.85,9.61,7.06,-4.62,0.00,9.71,0,1.70,0.0286,0.0127,14,0.683,0.000,0.00,0.00,10.085,0
7.31,5.44,120.75,0.4924,-0.0790,0.0098,-0.8667,1.18,-0.78,9.56,-8.19,-5.62,-8.81,9.66,0,1.70,0.0293,0.0122,14,0.683,0.000,0.00,0.00,10.085,0
phase1 acc_mag=9.692 gravity=9.704 motion=0.012 moving_avg=0.035 rms=0.045 mean_rms=0.037 max_rms=0.046 min_rms=0.029 std=0.005 var=0.000 state=standing thr=0.080/0.350/0.850
7.31,5.69,120.69,0.4930,-0.0802,0.0114,-0.8663,1.17,-0.83,9.57,-2.50,-3.62,-5.75,9.68,0,1.70,0.0300,0.0119,14,0.683,0.000,0.00,0.00,10.085,0
7.25,5.62,120.94,0.4911,-0.0792,0.0116,-0.8674,1.16,-0.83,9.65,-1.50,2.50,0.75,9.75,0,1.70,0.0298,0.0115,14,0.683,0.000,0.00,0.00,10.085,0
7.25,5.62,120.56,0.4940,-0.0798,0.0112,-0.8657,1.26,-0.88,9.55,1.62,-4.00,13.81,9.67,0,1.70,0.0298,0.0119,14,0.683,0.000,0.00,0.00,10.085,0
phase1 acc_mag=9.755 gravity=9.705 motion=0.051 moving_avg=0.037 rms=0.046 mean_rms=0.039 max_rms=0.046 min_rms=0.029 std=0.006 var=0.000 state=standing thr=0.080/0.350/0.850
7.31,5.50,120.38,0.4961,-0.0796,0.0099,-0.8646,1.28,-0.89,9.63,0.88,-5.12,-1.88,9.76,0,1.70,0.0295,0.0124,14,0.683,0.000,0.00,0.00,10.085,0
7.25,5.38,120.31,0.4960,-0.0786,0.0087,-0.8647,1.14,-0.85,9.65,-2.25,0.50,12.44,9.75,0,1.70,0.0289,0.0126,14,0.683,0.000,0.00,0.00,10.085,0
7.38,5.19,120.56,0.4941,-0.0784,0.0071,-0.8658,1.16,-0.81,9.59,1.12,5.50,-8.81,9.69,0,1.70,0.0286,0.0131,14,0.683,0.000,0.00,0.00,10.085,0
7.31,5.06,120.69,0.4937,-0.0777,0.0065,-0.8661,1.14,-0.78,9.63,-0.38,0.75,0.00,9.73,0,1.70,0.0282,0.0131,14,0.683,0.000,0.00,0.00,10.085,0
phase1 acc_mag=9.714 gravity=9.705 motion=0.009 moving_avg=0.034 rms=0.043 mean_rms=0.042 max_rms=0.046 min_rms=0.034 std=0.004 var=0.000 state=standing thr=0.080/0.350/0.850
7.25,4.88,120.50,0.4946,-0.0764,0.0051,-0.8658,1.20,-0.82,9.60,-3.75,1.88,-2.38,9.71,0,1.70,0.0275,0.0133,14,0.683,0.000,0.00,0.00,10.085,0
7.31,4.69,120.94,0.4913,-0.0759,0.0040,-0.8677,1.20,-0.77,9.55,1.62,-2.38,-5.38,9.66,0,1.70,0.0271,0.0135,14,0.683,0.000,0.00,0.00,10.085,0
7.50,4.75,120.88,0.4923,-0.0767,0.0036,-0.8671,1.17,-0.57,9.55,-3.00,-4.25,3.00,9.64,0,1.70,0.0273,0.0139,14,0.683,0.000,0.00,0.00,10.085,0
7.31,4.81,120.62,0.4933,-0.0762,0.0046,-0.8665,1.19,-0.72,9.60,-7.31,1.12,11.69,9.70,0,1.70,0.0273,0.0134,14,0.683,0.000,0.00,0.00,10.085,0
phase1 acc_mag=9.729 gravity=9.708 motion=0.020 moving_avg=0.037 rms=0.047 mean_rms=0.044 max_rms=0.047 min_rms=0.035 std=0.003 var=0.000 state=standing thr=0.080/0.350/0.850
7.38,4.75,120.75,0.4923,-0.0765,0.0042,-0.8670,1.17,-0.71,9.56,-0.38,-0.75,-3.12,9.66,0,1.70,0.0274,0.0136,14,0.683,0.000,0.00,0.00,10.085,0
7.25,4.75,120.69,0.4930,-0.0756,0.0048,-0.8668,1.18,-0.76,9.64,1.38,4.75,5.38,9.74,0,1.70,0.0271,0.0132,14,0.683,0.000,0.00,0.00,10.085,0
7.38,4.56,121.00,0.4907,-0.0760,0.0028,-0.8680,1.17,-0.74,9.58,-5.12,-3.12,-1.88,9.68,0,1.70,0.0270,0.0140,14,0.683,0.000,0.00,0.00,10.085,0
7.31,4.62,121.38,0.4888,-0.0760,0.0035,-0.8691,1.18,-0.70,9.58,2.38,-3.88,11.19,9.68,0,1.70,0.0271,0.0136,14,0.683,0.000,0.00,0.00,10.085,0
phase1 acc_mag=9.720 gravity=9.703 motion=0.018 moving_avg=0.029 rms=0.036 mean_rms=0.044 max_rms=0.047 min_rms=0.036 std=0.002 var=0.000 state=standing thr=0.080/0.350/0.850
7.12,4.69,120.81,0.4920,-0.0743,0.0046,-0.8674,1.22,-0.73,9.61,-4.00,3.75,6.75,9.71,0,1.70,0.0267,0.0130,14,0.683,0.000,0.00,0.00,10.085,0
7.06,4.38,120.75,0.4927,-0.0724,0.0026,-0.8672,1.23,-0.67,9.60,-1.38,3.62,1.00,9.70,0,1.70,0.0256,0.0134,14,0.683,0.000,0.00,0.00,10.085,0
6.88,4.25,120.69,0.4930,-0.0709,0.0027,-0.8671,1.24,-0.68,9.58,0.25,0.00,-1.25,9.68,0,1.70,0.0251,0.0130,14,0.683,0.000,0.00,0.00,10.085,0
6.81,4.06,120.88,0.4916,-0.0701,0.0011,-0.8680,1.20,-0.73,9.65,1.75,-4.88,-3.12,9.75,0,1.70,0.0245,0.0134,14,0.683,0.000,0.00,0.00,10.085,0
phase1 acc_mag=9.677 gravity=9.703 motion=0.026 moving_avg=0.029 rms=0.036 mean_rms=0.042 max_rms=0.047 min_rms=0.036 std=0.004 var=0.000 state=standing thr=0.080/0.350/0.850
6.88,3.94,121.12,0.4900,-0.0696,0.0002,-0.8690,1.18,-0.72,9.57,1.50,-6.00,-0.62,9.67,0,1.70,0.0242,0.0136,14,0.683,0.000,0.00,0.00,10.085,0
7.00,3.88,121.19,0.4899,-0.0709,-0.0009,-0.8689,1.15,-0.69,9.61,-3.75,-9.56,2.50,9.70,0,1.70,0.0244,0.0142,14,0.683,0.000,0.00,0.00,10.085,0
7.19,3.88,121.50,0.4871,-0.0714,-0.0013,-0.8704,1.11,-0.71,9.65,5.00,-7.44,-2.12,9.74,0,1.70,0.0246,0.0144,14,0.683,0.000,0.00,0.00,10.085,0
7.25,3.75,121.62,0.4865,-0.0710,-0.0029,-0.8708,1.16,-0.68,9.60,8.31,0.00,1.75,9.69,0,1.70,0.0242,0.0148,14,0.683,0.000,0.00,0.00,10.085,0
phase1 acc_mag=9.713 gravity=9.701 motion=0.011 moving_avg=0.027 rms=0.034 mean_rms=0.040 max_rms=0.047 min_rms=0.034 std=0.004 var=0.000 state=standing thr=0.080/0.350/0.850
7.25,3.44,121.75,0.4855,-0.0703,-0.0048,-0.8714,1.19,-0.65,9.60,4.25,-1.12,-1.00,9.70,0,1.70,0.0236,0.0153,14,0.683,0.000,0.00,0.00,10.085,0
7.31,3.31,121.75,0.4854,-0.0703,-0.0060,-0.8715,1.17,-0.65,9.61,-2.38,2.38,-1.12,9.70,0,1.70,0.0233,0.0157,14,0.683,0.000,0.00,0.00,10.085,0
7.38,3.25,121.81,0.4835,-0.0703,-0.0063,-0.8725,1.19,-0.62,9.55,-0.62,1.75,-16.62,9.64,0,1.70,0.0233,0.0158,14,0.683,0.000,0.00,0.00,10.085,0
7.50,3.50,121.81,0.4849,-0.0723,-0.0054,-0.8716,1.19,-0.66,9.57,2.00,-5.50,3.00,9.67,0,1.70,0.0242,0.0159,14,0.683,0.000,0.00,0.00,10.085,0
phase1 acc_mag=9.690 gravity=9.701 motion=0.011 moving_avg=0.026 rms=0.034 mean_rms=0.038 max_rms=0.047 min_rms=0.033 std=0.004 var=0.000 state=standing thr=0.080/0.350/0.850
7.50,3.25,121.88,0.4845,-0.0714,-0.0070,-0.8718,1.22,-0.62,9.59,0.38,-1.88,0.25,9.69,0,1.70,0.0235,0.0163,14,0.683,0.000,0.00,0.00,10.085,0
7.44,3.25,121.81,0.4849,-0.0708,-0.0067,-0.8717,1.23,-0.71,9.58,-3.25,10.06,-0.75,9.68,0,1.70,0.0234,0.0161,14,0.683,0.000,0.00,0.00,10.085,0
7.56,3.50,121.75,0.4852,-0.0721,-0.0054,-0.8715,1.17,-0.69,9.60,2.50,4.38,2.25,9.70,0,1.70,0.0241,0.0159,14,0.683,0.000,0.00,0.00,10.085,0
7.56,3.50,121.56,0.4865,-0.0727,-0.0057,-0.8706,1.22,-0.66,9.59,4.62,-8.31,5.50,9.69,0,1.70,0.0242,0.0161,14,0.683,0.000,0.00,0.00,10.085,0
phase1 acc_mag=9.636 gravity=9.700 motion=0.064 moving_avg=0.027 rms=0.037 mean_rms=0.036 max_rms=0.046 min_rms=0.030 std=0.003 var=0.000 state=standing thr=0.080/0.350/0.850
7.56,3.69,121.69,0.4854,-0.0734,-0.0043,-0.8712,1.24,-0.81,9.60,2.50,5.50,-5.88,9.71,0,1.70,0.0247,0.0158,14,0.683,0.000,0.00,0.00,10.085,0
7.62,3.81,121.56,0.4867,-0.0747,-0.0035,-0.8704,1.20,-0.79,9.65,1.50,-2.75,-0.75,9.76,0,1.70,0.0253,0.0158,14,0.683,0.000,0.00,0.00,10.085,0
7.75,4.00,121.44,0.4872,-0.0765,-0.0027,-0.8699,1.21,-0.69,9.59,-9.69,-3.62,12.56,9.69,0,1.70,0.0261,0.0159,14,0.683,0.000,0.00,0.00,10.085,0
phase1 acc_mag=9.734 gravity=9.701 motion=0.033 moving_avg=0.031 rms=0.042 mean_rms=0.035 max_rms=0.042 min_rms=0.030 std=0.002 var=0.000 state=standing thr=0.080/0.350/0.850
7.75,4.12,121.44,0.4882,-0.0765,-0.0024,-0.8694,1.22,-0.73,9.63,-0.75,1.00,-4.62,9.73,0,1.70,0.0261,0.0158,14,0.683,0.000,0.00,0.00,10.085,0
7.69,4.25,121.12,0.4895,-0.0768,-0.0007,-0.8686,1.26,-0.78,9.61,0.00,0.25,-1.88,9.72,0,1.70,0.0265,0.0153,14,0.683,0.000,0.00,0.00,10.085,0
7.75,4.38,121.31,0.4885,-0.0779,-0.0003,-0.8691,1.20,-0.81,9.63,-6.50,-6.75,2.50,9.74,0,1.70,0.0270,0.0153,14,0.683,0.000,0.00,0.00,10.085,0
7.56,4.00,121.38,0.4880,-0.0750,-0.0018,-0.8696,1.20,-0.80,9.61,10.69,0.38,0.00,9.72,0,1.70,0.0257,0.0153,14,0.683,0.000,0.00,0.00,10.085,0
phase1 acc_mag=9.736 gravity=9.701 motion=0.035 moving_avg=0.030 rms=0.041 mean_rms=0.036 max_rms=0.042 min_rms=0.030 std=0.003 var=0.000 state=standing thr=0.080/0.350/0.850
7.44,4.12,121.50,0.4871,-0.0746,0.0002,-0.8702,1.16,-0.75,9.60,-9.56,2.50,3.00,9.70,0,1.70,0.0260,0.0144,14,0.683,0.000,0.00,0.00,10.085,0
7.38,4.06,121.44,0.4873,-0.0737,-0.0004,-0.8701,1.19,-0.75,9.57,0.00,5.00,-3.62,9.67,0,1.70,0.0256,0.0145,14,0.683,0.000,0.00,0.00,10.085,0
7.12,4.19,121.25,0.4895,-0.0729,0.0012,-0.8690,1.20,-0.86,9.60,-2.38,-6.75,7.19,9.71,0,1.70,0.0256,0.0139,14,0.683,0.000,0.00,0.00,10.085,0
7.25,4.25,121.00,0.4910,-0.0739,0.0010,-0.8680,1.21,-0.80,9.63,-1.00,-7.06,11.06,9.74,0,1.70,0.0258,0.0142,14,0.683,0.000,0.00,0.00,10.085,0
phase1 acc_mag=9.727 gravity=9.702 motion=0.025 moving_avg=0.031 rms=0.041 mean_rms=0.038 max_rms=0.042 min_rms=0.030 std=0.004 var=0.000 state=standing thr=0.080/0.350/0.850
7.38,4.38,121.00,0.4902,-0.0740,0.0016,-0.8685,1.18,-0.79,9.56,4.75,0.88,-10.56,9.66,0,1.70,0.0260,0.0140,14,0.683,0.000,0.00,0.00,10.085,0
7.19,4.25,121.31,0.4886,-0.0735,0.0008,-0.8694,1.13,-0.84,9.64,6.25,-5.62,-0.38,9.74,0,1.70,0.0257,0.0141,14,0.683,0.000,0.00,0.00,10.085,0
7.25,4.12,120.88,0.4918,-0.0730,0.0001,-0.8676,1.19,-0.83,9.58,-7.56,-4.88,3.00,9.69,0,1.70,0.0253,0.0143,14,0.683,0.000,0.00,0.00,10.085,0
7.25,4.00,120.69,0.4935,-0.0725,-0.0009,-0.8667,1.24,-0.81,9.62,-3.50,2.38,2.00,9.73,0,1.70,0.0250,0.0146,14,0.683,0.000,0.00,0.00,10.085,0
phase1 acc_mag=9.698 gravity=9.704 motion=0.006 moving_avg=0.030 rms=0.040 mean_rms=0.039 max_rms=0.042 min_rms=0.030 std=0.003 var=0.000 state=standing thr=0.080/0.350/0.850
7.31,4.06,120.50,0.4944,-0.0732,-0.0009,-0.8661,1.16,-0.76,9.56,-3.12,-1.12,5.12,9.66,0,1.70,0.0252,0.0148,14,0.683,0.000,0.00,0.00,10.085,0
7.31,4.06,120.25,0.4964,-0.0732,-0.0011,-0.8650,1.18,-0.79,9.61,1.00,1.12,10.31,9.71,0,1.70,0.0251,0.0149,14,0.683,0.000,0.00,0.00,10.085,0
7.50,4.00,120.31,0.4958,-0.0746,-0.0023,-0.8652,1.17,-0.76,9.64,0.25,1.25,0.00,9.74,0,1.70,0.0254,0.0156,14,0.683,0.000,0.00,0.00,10.085,0
phase1 acc_mag=9.608 gravity=9.702 motion=0.094 moving_avg=0.030 rms=0.038 mean_rms=0.040 max_rms=0.042 min_rms=0.034 std=0.002 var=0.000 state=standing thr=0.080/0.350/0.850
7.50,4.06,120.50,0.4948,-0.0747,-0.0020,-0.8658,1.16,-0.72,9.51,0.00,-0.75,6.75,9.61,0,1.70,0.0255,0.0155,14,0.683,0.000,0.00,0.00,10.085,0
7.38,4.31,120.25,0.4963,-0.0747,0.0002,-0.8649,1.19,-0.74,9.54,1.38,-3.88,8.31,9.64,0,1.70,0.0259,0.0147,14,0.683,0.000,0.00,0.00,10.085,0
7.44,4.38,120.25,0.4963,-0.0757,-0.0004,-0.8649,1.17,-0.77,9.62,-2.12,-3.25,-2.00,9.72,0,1.70,0.0261,0.0152,14,0.683,0.000,0.00,0.00,10.085,0
7.44,4.19,120.31,0.4960,-0.0746,-0.0007,-0.8651,1.15,-0.84,9.61,-4.38,-1.00,7.31,9.71,0,1.70,0.0257,0.0151,14,0.683,0.000,0.00,0.00,10.085,0
phase1 acc_mag=9.728 gravity=9.704 motion=0.024 moving_avg=0.028 rms=0.037 mean_rms=0.040 max_rms=0.042 min_rms=0.034 std=0.002 var=0.000 state=standing thr=0.080/0.350/0.850
7.50,4.25,120.31,0.4960,-0.0754,-0.0007,-0.8651,1.20,-0.77,9.56,-2.25,-1.62,-4.38,9.67,0,1.70,0.0259,0.0152,14,0.683,0.000,0.00,0.00,10.085,0
7.44,4.25,120.44,0.4949,-0.0746,-0.0002,-0.8658,1.18,-0.79,9.56,4.88,7.19,-5.38,9.66,0,1.70,0.0258,0.0148,14,0.683,0.000,0.00,0.00,10.085,0
7.44,4.25,120.50,0.4944,-0.0749,-0.0002,-0.8660,1.20,-0.76,9.58,-3.75,-2.75,6.75,9.68,0,1.70,0.0259,0.0149,14,0.683,0.000,0.00,0.00,10.085,0
7.31,4.12,120.75,0.4929,-0.0735,-0.0001,-0.8670,1.15,-0.80,9.66,-3.25,-3.12,6.75,9.76,0,1.70,0.0255,0.0145,14,0.683,0.000,0.00,0.00,10.085,0
phase1 acc_mag=9.679 gravity=9.704 motion=0.024 moving_avg=0.030 rms=0.038 mean_rms=0.039 max_rms=0.042 min_rms=0.034 std=0.002 var=0.000 state=standing thr=0.080/0.350/0.850
7.38,4.12,120.88,0.4916,-0.0737,-0.0004,-0.8677,1.17,-0.80,9.61,1.88,-0.88,-0.38,9.71,0,1.70,0.0255,0.0146,14,0.683,0.000,0.00,0.00,10.085,0
7.44,4.25,120.62,0.4941,-0.0750,0.0003,-0.8661,1.19,-0.85,9.62,-4.38,3.88,9.56,9.73,0,1.70,0.0260,0.0147,14,0.683,0.000,0.00,0.00,10.085,0
7.38,4.25,120.75,0.4927,-0.0744,0.0006,-0.8670,1.17,-0.79,9.54,-9.69,-0.12,-7.44,9.64,0,1.70,0.0259,0.0145,14,0.683,0.000,0.00,0.00,10.085,0
7.19,4.44,121.06,0.4904,-0.0748,0.0032,-0.8683,1.16,-0.75,9.62,-6.62,-9.06,2.25,9.72,0,1.70,0.0266,0.0136,14,0.683,0.000,0.00,0.00,10.085,0
phase1 acc_mag=9.696 gravity=9.705 motion=0.009 moving_avg=0.030 rms=0.039 mean_rms=0.038 max_rms=0.042 min_rms=0.034 std=0.001 var=0.000 state=standing thr=0.080/0.350/0.850
7.06,4.38,120.88,0.4917,-0.0730,0.0028,-0.8677,1.19,-0.83,9.61,0.75,-2.25,8.06,9.72,0,1.70,0.0259,0.0134,14,0.683,0.000,0.00,0.00,10.085,0
7.19,4.50,121.12,0.4904,-0.0745,0.0032,-0.8683,1.16,-0.81,9.62,-2.25,-2.88,4.25,9.72,0,1.70,0.0265,0.0135,14,0.683,0.000,0.00,0.00,10.085,0
7.19,4.50,121.12,0.4899,-0.0744,0.0032,-0.8686,1.16,-0.78,9.62,-3.00,-5.50,-6.62,9.72,0,1.70,0.0265,0.0135,14,0.683,0.000,0.00,0.00,10.085,0
7.19,4.56,121.06,0.4905,-0.0746,0.0042,-0.8683,1.19,-0.81,9.63,-0.75,0.88,2.25,9.74,0,1.70,0.0267,0.0132,14,0.683,0.000,0.00,0.00,10.085,0
phase1 acc_mag=9.746 gravity=9.703 motion=0.044 moving_avg=0.029 rms=0.037 mean_rms=0.038 max_rms=0.040 min_rms=0.034 std=0.000 var=0.000 state=standing thr=0.080/0.350/0.850
7.12,4.94,121.00,0.4906,-0.0758,0.0068,-0.8680,1.21,-1.05,9.63,-1.62,9.81,-1.25,9.76,0,1.70,0.0277,0.0125,14,0.683,0.000,0.00,0.00,10.085,0
6.94,4.94,120.94,0.4911,-0.0743,0.0076,-0.8679,1.16,-0.81,9.63,-0.12,0.62,2.25,9.73,0,1.70,0.0273,0.0120,14,0.683,0.000,0.00,0.00,10.085,0
7.06,5.06,120.75,0.4920,-0.0753,0.0076,-0.8673,1.23,-0.86,9.61,3.38,0.75,-8.81,9.73,0,1.70,0.0276,0.0122,14,0.683,0.000,0.00,0.00,10.085,0
7.00,5.06,120.94,0.4912,-0.0755,0.0083,-0.8677,1.19,-0.89,9.60,-10.44,0.12,0.50,9.71,0,1.70,0.0278,0.0120,14,0.683,0.000,0.00,0.00,10.085,0
phase1 acc_mag=9.636 gravity=9.705 motion=0.069 moving_avg=0.028 rms=0.033 mean_rms=0.038 max_rms=0.039 min_rms=0.032 std=0.000 var=0.000 state=standing thr=0.080/0.350/0.850
7.00,5.12,121.12,0.4901,-0.0751,0.0089,-0.8684,1.17,-0.81,9.59,-1.75,3.12,3.25,9.70,0,1.70,0.0278,0.0117,14,0.683,0.000,0.00,0.00,10.085,0
7.00,4.94,121.25,0.4891,-0.0749,0.0075,-0.8690,1.21,-0.80,9.59,6.38,-3.00,-2.00,9.70,0,1.70,0.0275,0.0120,14,0.683,0.000,0.00,0.00,10.085,0
7.06,5.12,121.19,0.4894,-0.0757,0.0081,-0.8687,1.19,-0.83,9.60,5.50,-1.12,-1.38,9.71,0,1.70,0.0279,0.0120,14,0.683,0.000,0.00,0.00,10.085,0
7.06,5.06,121.19,0.4891,-0.0755,0.0080,-0.8689,1.18,-0.81,9.55,0.12,-1.12,4.88,9.66,0,1.70,0.0278,0.0120,14,0.683,0.000,0.00,0.00,10.085,0
phase1 acc_mag=9.611 gravity=9.707 motion=0.096 moving_avg=0.029 rms=0.035 mean_rms=0.037 max_rms=0.039 min_rms=0.032 std=0.002 var=0.000 state=standing thr=0.080/0.350/0.850
7.06,5.06,121.19,0.4892,-0.0760,0.0077,-0.8688,1.15,-0.86,9.59,-1.62,-1.88,7.06,9.70,0,1.70,0.0279,0.0122,14,0.683,0.000,0.00,0.00,10.085,0
7.25,5.12,121.25,0.4886,-0.0775,0.0075,-0.8690,1.18,-0.90,9.61,8.19,-2.62,-6.75,9.72,0,1.70,0.0284,0.0125,14,0.683,0.000,0.00,0.00,10.085,0
7.50,5.00,121.19,0.4894,-0.0787,0.0059,-0.8685,1.18,-0.82,9.57,-0.62,-1.50,1.75,9.68,0,1.70,0.0285,0.0134,14,0.683,0.000,0.00,0.00,10.085,0
7.38,4.94,121.00,0.4908,-0.0778,0.0057,-0.8677,1.19,-0.82,9.59,-0.50,-0.75,3.50,9.70,0,1.70,0.0281,0.0133,14,0.683,0.000,0.00,0.00,10.085,0
phase1 acc_mag=9.728 gravity=9.705 motion=0.022 moving_avg=0.027 rms=0.033 mean_rms=0.036 max_rms=0.039 min_rms=0.032 std=0.003 var=0.000 state=standing thr=0.080/0.350/0.850
7.31,5.00,121.06,0.4902,-0.0772,0.0065,-0.8681,1.20,-0.87,9.61,2.62,0.00,0.00,9.72,0,1.70,0.0281,0.0129,14,0.683,0.000,0.00,0.00,10.085,0
7.38,4.94,121.12,0.4893,-0.0774,0.0065,-0.8687,1.19,-0.89,9.61,-7.19,3.88,-2.62,9.72,0,1.70,0.0282,0.0129,14,0.683,0.000,0.00,0.00,10.085,0
7.31,5.00,121.56,0.4865,-0.0771,0.0070,-0.8702,1.18,-0.84,9.59,-0.12,-5.38,-7.56,9.70,0,1.70,0.0282,0.0126,14,0.683,0.000,0.00,0.00,10.085,0
7.31,5.06,121.50,0.4871,-0.0773,0.0081,-0.8699,1.19,-0.79,9.55,-8.44,4.38,1.00,9.66,0,1.70,0.0285,0.0123,14,0.683,0.000,0.00,0.00,10.085,0
phase1 acc_mag=9.723 gravity=9.707 motion=0.017 moving_avg=0.026 rms=0.032 mean_rms=0.034 max_rms=0.039 min_rms=0.032 std=0.002 var=0.000 state=standing thr=0.080/0.350/0.850
7.19,4.94,121.31,0.4883,-0.0762,0.0067,-0.8693,1.19,-0.82,9.58,-4.62,-0.38,7.81,9.69,0,1.70,0.0278,0.0126,14,0.683,0.000,0.00,0.00,10.085,0
7.31,4.94,121.62,0.4856,-0.0766,0.0065,-0.8708,1.18,-0.87,9.63,-6.38,-7.19,1.38,9.74,0,1.70,0.0279,0.0126,14,0.683,0.000,0.00,0.00,10.085,0
7.31,5.25,121.56,0.4863,-0.0781,0.0085,-0.8702,1.14,-0.80,9.61,0.50,-0.38,-0.75,9.71,0,1.70,0.0288,0.0122,14,0.683,0.000,0.00,0.00,10.085,0
7.38,5.25,121.56,0.4865,-0.0789,0.0085,-0.8701,1.16,-0.85,9.64,-1.00,-4.38,-8.81,9.75,0,1.70,0.0291,0.0124,14,0.683,0.000,0.00,0.00,10.085,0
phase1 acc_mag=9.713 gravity=9.706 motion=0.007 moving_avg=0.025 rms=0.031 mean_rms=0.033 max_rms=0.039 min_rms=0.031 std=0.001 var=0.000 state=standing thr=0.080/0.350/0.850
7.50,5.31,121.31,0.4884,-0.0800,0.0082,-0.8689,1.17,-0.88,9.62,5.62,4.50,4.88,9.73,0,1.70,0.0294,0.0128,14,0.683,0.000,0.00,0.00,10.085,0
7.44,5.06,121.50,0.4870,-0.0784,0.0068,-0.8698,1.18,-0.77,9.58,-0.38,3.50,-0.25,9.68,0,1.70,0.0286,0.0129,14,0.683,0.000,0.00,0.00,10.085,0
7.38,5.06,121.19,0.4886,-0.0778,0.0068,-0.8690,1.18,-0.83,9.59,2.38,2.12,-5.50,9.70,0,1.70,0.0284,0.0129,14,0.683,0.000,0.00,0.00,10.085,0
7.44,4.94,121.06,0.4901,-0.0780,0.0056,-0.8681,1.19,-0.76,9.59,-0.25,-1.88,6.00,9.69,0,1.70,0.0282,0.0134,14,0.683,0.000,0.00,0.00,10.085,0
phase1 acc_mag=9.685 gravity=9.705 motion=0.020 moving_avg=0.024 rms=0.030 mean_rms=0.032 max_rms=0.035 min_rms=0.030 std=0.000 var=0.000 state=standing thr=0.080/0.350/0.850
7.38,5.00,120.88,0.4917,-0.0782,0.0062,-0.8672,1.17,-0.80,9.58,-2.88,-3.50,1.50,9.68,0,1.70,0.0284,0.0132,14,0.683,0.000,0.00,0.00,10.085,0
7.25,4.88,120.75,0.4928,-0.0764,0.0057,-0.8668,1.20,-0.76,9.65,2.25,2.50,2.38,9.75,0,1.70,0.0276,0.0131,14,0.683,0.000,0.00,0.00,10.085,0
7.44,4.94,120.69,0.4930,-0.0781,0.0050,-0.8665,1.21,-0.71,9.58,1.62,-3.12,-3.62,9.68,0,1.70,0.0281,0.0137,14,0.683,0.000,0.00,0.00,10.085,0
phase1 acc_mag=9.698 gravity=9.707 motion=0.009 moving_avg=0.023 rms=0.028 mean_rms=0.031 max_rms=0.034 min_rms=0.028 std=0.001 var=0.000 state=standing thr=0.080/0.350/0.850
7.19,4.69,120.62,0.4937,-0.0745,0.0048,-0.8664,1.19,-0.82,9.59,-3.50,10.94,0.62,9.70,0,1.70,0.0267,0.0131,14,0.683,0.000,0.00,0.00,10.085,0
7.06,4.56,120.25,0.4966,-0.0739,0.0037,-0.8648,1.21,-0.77,9.55,6.62,-4.00,2.25,9.66,0,1.70,0.0263,0.0134,14,0.683,0.000,0.00,0.00,10.085,0
7.19,4.50,120.31,0.4961,-0.0744,0.0028,-0.8651,1.20,-0.75,9.60,-1.88,-4.62,-2.38,9.70,0,1.70,0.0263,0.0138,14,0.683,0.000,0.00,0.00,10.085,0
7.25,4.50,120.31,0.4963,-0.0744,0.0024,-0.8650,1.17,-0.80,9.63,1.62,0.38,3.75,9.73,0,1.70,0.0262,0.0139,14,0.683,0.000,0.00,0.00,10.085,0
phase1 acc_mag=9.705 gravity=9.705 motion=0.000 moving_avg=0.025 rms=0.032 mean_rms=0.031 max_rms=0.033 min_rms=0.028 std=0.001 var=0.000 state=standing thr=0.080/0.350/0.850
7.38,4.44,120.50,0.4944,-0.0754,0.0017,-0.8660,1.18,-0.78,9.55,2.38,0.50,-8.94,9.65,0,1.70,0.0264,0.0143,14,0.683,0.000,0.00,0.00,10.085,0
7.38,4.56,120.44,0.4950,-0.0756,0.0021,-0.8656,1.18,-0.75,9.59,5.25,0.62,0.62,9.69,0,1.70,0.0266,0.0142,14,0.683,0.000,0.00,0.00,10.085,0
7.69,4.44,120.25,0.4963,-0.0775,0.0000,-0.8647,1.18,-0.78,9.60,0.50,-2.88,-0.25,9.70,0,1.70,0.0268,0.0154,14,0.683,0.000,0.00,0.00,10.085,0
7.75,4.69,120.31,0.4958,-0.0791,0.0019,-0.8648,1.18,-0.77,9.62,-1.50,4.88,0.88,9.72,0,1.70,0.0277,0.0150,14,0.683,0.000,0.00,0.00,10.085,0
phase1 acc_mag=9.682 gravity=9.703 motion=0.021 moving_avg=0.025 rms=0.033 mean_rms=0.031 max_rms=0.033 min_rms=0.028 std=0.001 var=0.000 state=standing thr=0.080/0.350/0.850
7.81,4.88,120.06,0.4978,-0.0807,0.0028,-0.8635,1.19,-0.86,9.64,1.75,-2.00,0.00,9.75,0,1.70,0.0284,0.0151,14,0.683,0.000,0.00,0.00,10.085,0
7.69,4.88,120.19,0.4969,-0.0795,0.0025,-0.8642,1.19,-0.77,9.58,0.00,0.12,-5.62,9.68,0,1.70,0.0280,0.0149,14,0.683,0.000,0.00,0.00,10.085,0
7.50,4.81,120.00,0.4982,-0.0781,0.0033,-0.8635,1.18,-0.74,9.64,0.00,0.00,1.50,9.74,0,1.70,0.0276,0.0144,14,0.683,0.000,0.00,0.00,10.085,0
7.56,4.88,120.00,0.4980,-0.0787,0.0037,-0.8636,1.20,-0.81,9.59,-2.88,-5.50,-6.75,9.70,0,1.70,0.0279,0.0144,14,0.683,0.000,0.00,0.00,10.085,0
phase1 acc_mag=9.684 gravity=9.704 motion=0.020 moving_avg=0.025 rms=0.032 mean_rms=0.031 max_rms=0.033 min_rms=0.028 std=0.001 var=0.000 state=standing thr=0.080/0.350/0.850
7.56,4.94,120.19,0.4969,-0.0789,0.0040,-0.8642,1.20,-0.83,9.66,4.00,-4.12,0.38,9.77,0,1.70,0.0281,0.0143,14,0.683,0.000,0.00,0.00,10.085,0
7.50,4.81,120.25,0.4962,-0.0777,0.0035,-0.8647,1.22,-0.79,9.58,3.50,0.88,-2.50,9.69,0,1.70,0.0276,0.0142,14,0.683,0.000,0.00,0.00,10.085,0
7.56,4.69,120.19,0.4966,-0.0778,0.0024,-0.8644,1.17,-0.78,9.60,-3.25,4.62,-2.38,9.70,0,1.70,0.0274,0.0146,14,0.683,0.000,0.00,0.00,10.085,0
7.62,4.56,120.12,0.4972,-0.0787,0.0012,-0.8641,1.18,-0.72,9.60,7.44,-1.00,-1.50,9.70,0,1.70,0.0274,0.0152,14,0.683,0.000,0.00,0.00,10.085,0
phase1 acc_mag=9.732 gravity=9.707 motion=0.025 moving_avg=0.026 rms=0.033 mean_rms=0.032 max_rms=0.033 min_rms=0.028 std=0.001 var=0.000 state=standing thr=0.080/0.350/0.850
7.56,4.62,120.19,0.4967,-0.0775,0.0022,-0.8644,1.21,-0.80,9.58,-1.62,3.50,0.25,9.69,0,1.70,0.0272,0.0146,14,0.683,0.000,0.00,0.00,10.085,0
7.50,4.62,120.25,0.4963,-0.0772,0.0023,-0.8647,1.19,-0.78,9.61,1.00,-8.94,-1.50,9.71,0,1.70,0.0272,0.0145,14,0.683,0.000,0.00,0.00,10.085,0
7.56,4.81,120.31,0.4963,-0.0784,0.0031,-0.8646,1.16,-0.76,9.58,5.75,-2.75,6.88,9.68,0,1.70,0.0277,0.0145,14,0.683,0.000,0.00,0.00,10.085,0
7.88,4.88,119.88,0.4991,-0.0812,0.0022,-0.8627,1.23,-0.82,9.61,1.75,-6.12,12.06,9.72,0,1.70,0.0285,0.0155,14,0.683,0.000,0.00,0.00,10.085,0
phase1 acc_mag=9.708 gravity=9.707 motion=0.001 moving_avg=0.025 rms=0.032 mean_rms=0.033 max_rms=0.034 min_rms=0.029 std=0.000 var=0.000 state=standing thr=0.080/0.350/0.850
7.81,5.06,119.94,0.4987,-0.0817,0.0035,-0.8629,1.16,-0.81,9.54,4.25,-6.00,4.00,9.64,0,1.70,0.0289,0.0151,14,0.683,0.000,0.00,0.00,10.085,0
7.94,4.94,119.81,0.4995,-0.0818,0.0024,-0.8625,1.20,-0.83,9.61,2.88,-2.75,-2.88,9.72,0,1.70,0.0287,0.0155,14,0.683,0.000,0.00,0.00,10.085,0
7.94,5.06,119.94,0.4992,-0.0826,0.0040,-0.8625,1.17,-0.85,9.61,2.62,-3.62,4.00,9.72,0,1.70,0.0293,0.0151,14,0.683,0.000,0.00,0.00,10.085,0
phase1 acc_mag=9.681 gravity=9.709 motion=0.028 moving_avg=0.023 rms=0.029 mean_rms=0.032 max_rms=0.034 min_rms=0.028 std=0.001 var=0.000 state=standing thr=0.080/0.350/0.850
8.00,5.06,119.44,0.5021,-0.0829,0.0026,-0.8608,1.31,-0.78,9.56,5.75,5.38,0.75,9.68,0,1.70,0.0291,0.0158,14,0.683,0.000,0.00,0.00,10.085,0
8.00,4.62,119.62,0.5010,-0.0808,-0.0004,-0.8616,1.22,-0.72,9.59,4.50,4.12,-6.38,9.69,0,1.70,0.0278,0.0163,14,0.683,0.000,0.00,0.00,10.085,0
7.81,4.38,119.94,0.4989,-0.0784,-0.0014,-0.8631,1.22,-0.71,9.60,9.94,1.00,-10.19,9.70,0,1.70,0.0268,0.0161,14,0.683,0.000,0.00,0.00,10.085,0
8.06,4.25,120.19,0.4971,-0.0794,-0.0036,-0.8641,1.20,-0.70,9.53,5.00,2.50,3.12,9.63,0,1.70,0.0267,0.0170,14,0.683,0.000,0.00,0.00,10.085,0
phase1 acc_mag=9.714 gravity=9.710 motion=0.004 moving_avg=0.028 rms=0.036 mean_rms=0.032 max_rms=0.036 min_rms=0.028 std=0.001 var=0.000 state=standing thr=0.080/0.350/0.850
7.94,4.19,120.38,0.4956,-0.0782,-0.0028,-0.8650,1.13,-0.83,9.65,-4.88,-2.88,-4.88,9.75,0,1.70,0.0265,0.0165,14,0.683,0.000,0.00,0.00,10.085,0
7.94,4.38,120.19,0.4967,-0.0792,-0.0017,-0.8643,1.01,-0.82,9.59,2.50,-1.38,3.62,9.68,0,1.70,0.0270,0.0163,14,0.683,0.000,0.00,0.00,10.085,0
7.81,3.88,119.94,0.4988,-0.0764,-0.0049,-0.8633,1.07,-0.55,9.69,7.56,2.50,-1.25,9.76,0,1.70,0.0254,0.0169,14,0.683,0.000,0.00,0.00,10.085,0
7.75,3.94,119.81,0.4993,-0.0757,-0.0045,-0.8631,1.22,-0.83,9.71,2.50,-5.12,9.94,9.82,0,1.70,0.0253,0.0167,14,0.683,0.000,0.00,0.00,10.085,0
phase1 acc_mag=9.653 gravity=9.716 motion=0.063 moving_avg=0.035 rms=0.046 mean_rms=0.034 max_rms=0.046 min_rms=0.028 std=0.003 var=0.000 state=standing thr=0.080/0.350/0.850
7.56,3.94,120.06,0.4979,-0.0746,-0.0034,-0.8640,1.24,-0.65,9.58,-4.88,5.38,-9.94,9.68,0,1.70,0.0251,0.0160,14,0.683,0.000,0.00,0.00,10.085,0
7.50,3.81,120.25,0.4966,-0.0735,-0.0035,-0.8648,1.20,-0.61,9.61,-1.50,1.00,3.62,9.70,0,1.70,0.0247,0.0158,14,0.683,0.000,0.00,0.00,10.085,0
7.31,3.88,120.31,0.4961,-0.0724,-0.0024,-0.8652,1.21,-0.65,9.63,4.88,3.75,-1.88,9.73,0,1.70,0.0246,0.0152,14,0.683,0.000,0.00,0.00,10.085,0
phase1 acc_mag=9.674 gravity=9.716 motion=0.042 moving_avg=0.039 rms=0.050 mean_rms=0.037 max_rms=0.051 min_rms=0.028 std=0.007 var=0.000 state=standing thr=0.080/0.350/0.850
7.38,4.12,120.31,0.4961,-0.0740,-0.0009,-0.8651,1.14,-0.71,9.58,2.12,3.50,2.12,9.67,0,1.70,0.0254,0.0150,14,0.683,0.000,0.00,0.00,10.085,0
7.44,4.12,120.00,0.4985,-0.0745,-0.0016,-0.8637,1.13,-0.71,9.60,0.25,-0.88,13.69,9.69,0,1.70,0.0254,0.0154,14,0.683,0.000,0.00,0.00,10.085,0
7.38,4.12,119.88,0.4998,-0.0743,-0.0015,-0.8629,1.07,-0.68,9.62,5.25,-5.00,6.25,9.70,0,1.70,0.0253,0.0154,14,0.683,0.000,0.00,0.00,10.085,0
7.50,4.12,119.81,0.4996,-0.0746,-0.0018,-0.8630,1.13,-0.74,9.66,3.25,5.12,0.50,9.75,0,1.70,0.0254,0.0155,14,0.683,0.000,0.00,0.00,10.085,0
phase1 acc_mag=9.739 gravity=9.717 motion=0.022 moving_avg=0.040 rms=0.051 mean_rms=0.040 max_rms=0.051 min_rms=0.028 std=0.008 var=0.000 state=standing thr=0.080/0.350/0.850
7.38,4.12,120.12,0.4974,-0.0740,-0.0009,-0.8644,1.14,-0.82,9.63,-0.62,3.62,0.12,9.73,0,1.70,0.0254,0.0150,14,0.683,0.000,0.00,0.00,10.085,0
7.25,4.06,120.38,0.4960,-0.0731,-0.0009,-0.8652,1.15,-0.68,9.55,-1.62,4.75,4.38,9.64,0,1.70,0.0251,0.0148,14,0.683,0.000,0.00,0.00,10.085,0
7.25,4.12,120.50,0.4946,-0.0729,-0.0001,-0.8661,1.16,-0.70,9.65,-3.88,-5.50,-0.38,9.74,0,1.70,0.0252,0.0144,14,0.683,0.000,0.00,0.00,10.085,0
7.31,4.19,120.44,0.4946,-0.0735,-0.0001,-0.8660,1.11,-0.73,9.64,1.75,-2.75,-7.56,9.73,0,1.70,0.0254,0.0146,14,0.683,0.000,0.00,0.00,10.085,0
phase1 acc_mag=9.754 gravity=9.715 motion=0.039 moving_avg=0.041 rms=0.050 mean_rms=0.044 max_rms=0.051 min_rms=0.032 std=0.007 var=0.000 state=standing thr=0.080/0.350/0.850
7.44,4.25,120.31,0.4958,-0.0751,-0.0001,-0.8652,1.12,-0.66,9.61,-1.62,-4.00,9.81,9.70,0,1.70,0.0260,0.0149,14,0.683,0.000,0.00,0.00,10.085,0
7.38,4.12,120.25,0.4967,-0.0740,-0.0012,-0.8647,1.13,-0.69,9.58,3.88,1.12,4.50,9.67,0,1.70,0.0253,0.0151,14,0.683,0.000,0.00,0.00,10.085,0
7.44,4.06,120.00,0.4990,-0.0747,-0.0016,-0.8634,1.15,-0.73,9.64,-6.50,-2.38,10.44,9.74,0,1.70,0.0255,0.0155,14,0.683,0.000,0.00,0.00,10.085,0
phase1 acc_mag=9.736 gravity=9.717 motion=0.019 moving_avg=0.035 rms=0.046 mean_rms=0.047 max_rms=0.051 min_rms=0.035 std=0.004 var=0.000 state=standing thr=0.080/0.350/0.850
7.62,4.44,119.94,0.4987,-0.0774,0.0001,-0.8633,1.14,-0.75,9.64,-6.50,-1.25,16.12,9.74,0,1.70,0.0267,0.0154,14,0.683,0.000,0.00,0.00,10.085,0
7.75,4.44,119.94,0.4987,-0.0785,-0.0004,-0.8632,1.20,-0.76,9.55,-1.75,-1.25,9.06,9.66,0,1.70,0.0270,0.0158,14,0.683,0.000,0.00,0.00,10.085,0
7.75,4.50,120.12,0.4971,-0.0787,0.0007,-0.8641,1.13,-0.84,9.64,-6.62,2.88,-3.00,9.74,0,1.70,0.0273,0.0154,14,0.683,0.000,0.00,0.00,10.085,0
7.75,4.56,120.31,0.4957,-0.0789,0.0007,-0.8649,1.09,-0.74,9.59,4.38,2.50,3.50,9.68,0,1.70,0.0274,0.0154,14,0.683,0.000,0.00,0.00,10.085,0
phase1 acc_mag=9.722 gravity=9.711 motion=0.011 moving_avg=0.030 rms=0.039 mean_rms=0.048 max_rms=0.051 min_rms=0.039 std=0.002 var=0.000 state=standing thr=0.080/0.350/0.850
7.81,4.62,120.56,0.4937,-0.0795,0.0013,-0.8660,1.11,-0.75,9.61,-1.00,-0.62,-1.62,9.70,0,1.70,0.0278,0.0152,14,0.683,0.000,0.00,0.00,10.085,0
7.69,4.81,120.81,0.4919,-0.0793,0.0031,-0.8670,1.09,-0.76,9.65,0.25,-6.00,-8.81,9.74,0,1.70,0.0281,0.0145,14,0.683,0.000,0.00,0.00,10.085,0
7.50,4.88,121.06,0.4907,-0.0782,0.0057,-0.8678,1.10,-0.77,9.60,1.38,0.50,-8.31,9.69,0,1.70,0.0283,0.0134,14,0.683,0.000,0.00,0.00,10.085,0
7.50,5.00,120.81,0.4923,-0.0788,0.0052,-0.8668,1.15,-0.80,9.61,-7.56,5.00,8.06,9.71,0,1.70,0.0283,0.0137,14,0.683,0.000,0.00,0.00,10.085,0
phase1 acc_mag=9.711 gravity=9.710 motion=0.001 moving_avg=0.026 rms=0.034 mean_rms=0.046 max_rms=0.051 min_rms=0.034 std=0.006 var=0.000 state=standing thr=0.080/0.350/0.850
7.31,5.19,120.75,0.4926,-0.0789,0.0081,-0.8666,1.17,-0.84,9.58,-11.19,-4.25,3.00,9.69,0,1.70,0.0289,0.0127,14,0.683,0.000,0.00,0.00,10.085,0
7.50,5.19,120.75,0.4927,-0.0797,0.0065,-0.8665,1.15,-0.81,9.62,-9.19,-5.62,12.44,9.72,0,1.70,0.0289,0.0134,14,0.683,0.000,0.00,0.00,10.085,0
7.50,5.12,120.62,0.4935,-0.0793,0.0063,-0.8661,1.14,-0.84,9.70,4.25,2.12,1.62,9.80,0,1.70,0.0287,0.0135,14,0.683,0.000,0.00,0.00,10.085,0
phase1 acc_mag=9.688 gravity=9.712 motion=0.024 moving_avg=0.027 rms=0.035 mean_rms=0.042 max_rms=0.051 min_rms=0.033 std=0.007 var=0.000 state=standing thr=0.080/0.350/0.850
7.50,5.19,120.44,0.4944,-0.0802,0.0064,-0.8655,1.19,-0.82,9.58,-4.12,-5.75,-2.50,9.69,0,1.70,0.0290,0.0136,14,0.683,0.000,0.00,0.00,10.085,0
7.56,5.19,120.81,0.4918,-0.0803,0.0068,-0.8670,1.18,-0.75,9.58,-2.62,1.25,-7.19,9.68,0,1.70,0.0292,0.0134,14,0.683,0.000,0.00,0.00,10.085,0
7.44,5.00,121.12,0.4896,-0.0782,0.0061,-0.8685,1.15,-0.81,9.62,-4.25,3.75,-6.12,9.72,0,1.70,0.0284,0.0132,14,0.683,0.000,0.00,0.00,10.085,0
7.25,4.81,121.44,0.4876,-0.0757,0.0055,-0.8698,1.14,-0.86,9.65,5.88,4.62,7.81,9.76,0,1.70,0.0274,0.0129,14,0.683,0.000,0.00,0.00,10.085,0
phase1 acc_mag=9.625 gravity=9.713 motion=0.089 moving_avg=0.028 rms=0.036 mean_rms=0.039 max_rms=0.049 min_rms=0.033 std=0.006 var=0.000 state=standing thr=0.080/0.350/0.850
7.06,4.56,121.38,0.4879,-0.0731,0.0041,-0.8699,1.10,-0.82,9.66,3.75,4.38,-1.75,9.76,0,1.70,0.0262,0.0128,14,0.683,0.000,0.00,0.00,10.085,0
7.06,4.50,121.75,0.4849,-0.0735,0.0040,-0.8715,1.16,-0.80,9.60,-0.75,-6.75,-5.75,9.70,0,1.70,0.0264,0.0128,14,0.683,0.000,0.00,0.00,10.085,0
7.12,4.56,122.12,0.4822,-0.0740,0.0046,-0.8729,1.12,-0.75,9.59,-3.25,-3.25,0.50,9.68,0,1.70,0.0267,0.0126,14,0.683,0.000,0.00,0.00,10.085,0
7.06,4.50,121.94,0.4831,-0.0733,0.0048,-0.8725,1.19,-0.80,9.58,-2.25,3.75,-6.88,9.69,0,1.70,0.0265,0.0125,14,0.683,0.000,0.00,0.00,10.085,0
phase1 acc_mag=9.721 gravity=9.714 motion=0.008 moving_avg=0.028 rms=0.037 mean_rms=0.037 max_rms=0.049 min_rms=0.033 std=0.004 var=0.000 state=standing thr=0.080/0.350/0.850
7.25,4.56,121.25,0.4888,-0.0748,0.0038,-0.8692,1.15,-0.81,9.59,-6.88,0.12,1.50,9.69,0,1.70,0.0268,0.0133,14,0.683,0.000,0.00,0.00,10.085,0
7.19,4.62,121.00,0.4904,-0.0748,0.0038,-0.8682,1.10,-0.88,9.59,1.12,-0.12,-4.12,9.69,0,1.70,0.0267,0.0134,14,0.683,0.000,0.00,0.00,10.085,0
7.12,4.56,120.81,0.4921,-0.0742,0.0039,-0.8674,1.17,-0.78,9.58,-5.12,-0.12,-2.38,9.68,0,1.70,0.0265,0.0132,14,0.683,0.000,0.00,0.00,10.085,0
7.19,4.75,120.75,0.4926,-0.0755,0.0048,-0.8670,1.07,-0.80,9.59,-3.25,-3.62,-2.50,9.68,0,1.70,0.0271,0.0132,14,0.683,0.000,0.00,0.00,10.085,0
phase1 acc_mag=9.771 gravity=9.715 motion=0.056 moving_avg=0.027 rms=0.033 mean_rms=0.034 max_rms=0.038 min_rms=0.032 std=0.001 var=0.000 state=standing thr=0.080/0.350/0.850
7.19,4.94,120.25,0.4962,-0.0762,0.0062,-0.8649,1.15,-0.80,9.61,5.75,-2.88,0.62,9.71,0,1.70,0.0276,0.0130,14,0.683,0.000,0.00,0.00,10.085,0
7.31,4.94,120.38,0.4953,-0.0763,0.0056,-0.8654,1.22,-0.90,9.58,-4.00,-5.88,-1.25,9.70,0,1.70,0.0275,0.0132,14,0.683,0.000,0.00,0.00,10.085,0
7.38,5.06,120.50,0.4944,-0.0778,0.0063,-0.8657,1.28,-0.77,9.59,-1.62,3.75,0.00,9.71,0,1.70,0.0282,0.0132,14,0.683,0.000,0.00,0.00,10.085,0
phase1 acc_mag=9.812 gravity=9.713 motion=0.099 moving_avg=0.030 rms=0.037 mean_rms=0.034 max_rms=0.037 min_rms=0.032 std=0.001 var=0.000 state=standing thr=0.080/0.350/0.850
7.38,5.12,120.88,0.4911,-0.0787,0.0077,-0.8675,1.11,-0.75,9.72,-4.12,-0.25,-12.31,9.81,0,1.70,0.0288,0.0128,14,0.683,0.000,0.00,0.00,10.085,0
7.25,5.06,121.38,0.4878,-0.0778,0.0076,-0.8694,1.04,-0.87,9.54,-3.62,-8.31,-0.50,9.64,0,1.70,0.0285,0.0126,14,0.683,0.000,0.00,0.00,10.085,0
7.12,5.19,121.06,0.4902,-0.0766,0.0086,-0.8682,1.10,-0.96,9.58,2.50,2.12,7.31,9.69,0,1.70,0.0283,0.0120,14,0.683,0.000,0.00,0.00,10.085,0
7.06,5.19,120.19,0.4971,-0.0762,0.0084,-0.8643,1.22,-0.93,9.58,1.12,0.38,11.31,9.70,0,1.70,0.0280,0.0123,14,0.683,0.000,0.00,0.00,10.085,0
phase1 acc_mag=9.765 gravity=9.713 motion=0.053 moving_avg=0.033 rms=0.043 mean_rms=0.036 max_rms=0.043 min_rms=0.032 std=0.003 var=0.000 state=standing thr=0.080/0.350/0.850
7.25,5.38,119.88,0.4993,-0.0783,0.0089,-0.8628,1.22,-0.84,9.56,0.50,1.62,-6.88,9.67,0,1.70,0.0288,0.0126,14,0.683,0.000,0.00,0.00,10.085,0
7.38,5.50,119.94,0.4984,-0.0798,0.0092,-0.8632,1.21,-0.81,9.57,-0.25,-7.56,-4.75,9.68,0,1.70,0.0294,0.0127,14,0.683,0.000,0.00,0.00,10.085,0
7.38,5.75,120.00,0.4977,-0.0809,0.0104,-0.8635,1.12,-0.94,9.59,8.19,-1.75,-5.75,9.70,0,1.70,0.0300,0.0125,14,0.683,0.000,0.00,0.00,10.085,0
7.38,5.69,120.06,0.4977,-0.0811,0.0107,-0.8635,1.20,-0.91,9.59,3.75,2.38,-22.19,9.71,0,1.70,0.0301,0.0124,14,0.683,0.000,0.00,0.00,10.085,0
phase1 acc_mag=9.793 gravity=9.709 motion=0.084 moving_avg=0.033 rms=0.043 mean_rms=0.037 max_rms=0.043 min_rms=0.032 std=0.004 var=0.000 state=standing thr=0.080/0.350/0.850
7.44,5.94,120.25,0.4969,-0.0827,0.0131,-0.8637,1.13,-1.00,9.71,-4.88,8.44,-8.69,9.83,0,1.70,0.0312,0.0119,14,0.683,0.000,0.00,0.00,10.085,0
7.50,6.38,119.94,0.4984,-0.0846,0.0154,-0.8627,1.17,-0.96,9.56,-4.12,2.50,-3.12,9.68,0,1.70,0.0323,0.0115,14,0.683,0.000,0.00,0.00,10.085,0
7.56,6.50,119.75,0.4998,-0.0858,0.0160,-0.8618,1.21,-1.03,9.62,8.56,-6.38,8.69,9.75,0,1.70,0.0328,0.0116,14,0.683,0.000,0.00,0.00,10.085,0
7.56,6.50,119.69,0.5004,-0.0863,0.0154,-0.8613,1.22,-0.97,9.58,3.00,4.88,1.00,9.71,0,1.70,0.0328,0.0120,14,0.683,0.000,0.00,0.00,10.085,0
phase1 acc_mag=9.716 gravity=9.711 motion=0.005 moving_avg=0.034 rms=0.044 mean_rms=0.039 max_rms=0.045 min_rms=0.032 std=0.004 var=0.000 state=standing thr=0.080/0.350/0.850
7.56,6.44,119.88,0.4988,-0.0853,0.0153,-0.8624,1.23,-0.97,9.57,1.25,4.25,-5.62,9.70,0,1.70,0.0325,0.0117,14,0.683,0.000,0.00,0.00,10.085,0
7.69,6.50,119.94,0.4979,-0.0863,0.0148,-0.8629,1.13,-1.07,9.58,8.44,2.38,-5.25,9.71,0,1.70,0.0327,0.0121,14,0.683,0.000,0.00,0.00,10.085,0
7.56,6.56,119.94,0.4985,-0.0859,0.0161,-0.8625,1.16,-0.95,9.57,3.62,5.00,1.12,9.69,0,1.70,0.0328,0.0116,14,0.683,0.000,0.00,0.00,10.085,0
phase1 acc_mag=9.708 gravity=9.709 motion=0.001 moving_avg=0.035 rms=0.045 mean_rms=0.042 max_rms=0.045 min_rms=0.034 std=0.003 var=0.000 state=standing thr=0.080/0.350/0.850
7.75,6.38,119.94,0.4980,-0.0867,0.0138,-0.8627,1.21,-1.00,9.58,5.00,-5.62,-1.88,9.71,0,1.70,0.0327,0.0125,14,0.683,0.000,0.00,0.00,10.085,0
7.62,6.31,119.94,0.4974,-0.0855,0.0142,-0.8632,1.20,-0.92,9.55,-0.12,5.25,-2.38,9.67,0,1.70,0.0324,0.0121,14,0.683,0.000,0.00,0.00,10.085,0
7.62,5.94,120.19,0.4970,-0.0836,0.0117,-0.8636,1.17,-0.89,9.55,-1.88,2.50,4.38,9.66,0,1.70,0.0312,0.0126,14,0.683,0.000,0.00,0.00,10.085,0
7.56,5.88,120.00,0.4981,-0.0833,0.0113,-0.8630,1.16,-0.89,9.65,1.12,-2.38,-3.12,9.76,0,1.70,0.0310,0.0127,14,0.683,0.000,0.00,0.00,10.085,0
phase1 acc_mag=9.696 gravity=9.709 motion=0.013 moving_avg=0.033 rms=0.041 mean_rms=0.043 max_rms=0.045 min_rms=0.040 std=0.001 var=0.000 state=standing thr=0.080/0.350/0.850
7.62,5.88,120.00,0.4981,-0.0836,0.0110,-0.8630,1.15,-0.87,9.59,-0.62,-2.25,-6.25,9.70,0,1.70,0.0310,0.0128,14,0.683,0.000,0.00,0.00,10.085,0
7.94,5.94,119.94,0.4982,-0.0860,0.0100,-0.8627,1.17,-0.94,9.60,-5.25,-8.69,-9.31,9.72,0,1.70,0.0317,0.0137,14,0.683,0.000,0.00,0.00,10.085,0
8.12,5.88,120.12,0.4971,-0.0870,0.0088,-0.8633,1.19,-0.94,9.54,-0.62,3.38,2.50,9.66,0,1.70,0.0318,0.0143,14,0.683,0.000,0.00,0.00,10.085,0
8.06,5.81,120.38,0.4951,-0.0867,0.0079,-0.8644,1.21,-0.87,9.62,4.50,-4.88,1.00,9.73,0,1.70,0.0315,0.0145,14,0.683,0.000,0.00,0.00,10.085,0
phase1 acc_mag=9.710 gravity=9.707 motion=0.003 moving_avg=0.030 rms=0.038 mean_rms=0.043 max_rms=0.045 min_rms=0.037 std=0.002 var=0.000 state=standing thr=0.080/0.350/0.850
8.06,5.88,120.62,0.4931,-0.0870,0.0095,-0.8655,1.19,-0.93,9.58,-5.75,-0.12,1.12,9.70,0,1.70,0.0320,0.0139,14,0.683,0.000,0.00,0.00,10.085,0
7.88,5.75,120.44,0.4946,-0.0846,0.0092,-0.8649,1.11,-0.91,9.65,4.12,-2.75,-5.38,9.76,0,1.70,0.0311,0.0136,14,0.683,0.000,0.00,0.00,10.085,0
7.75,5.56,120.25,0.4966,-0.0834,0.0082,-0.8640,1.20,-0.94,9.56,0.75,-4.38,7.19,9.68,0,1.70,0.0304,0.0137,14,0.683,0.000,0.00,0.00,10.085,0
7.81,5.69,120.00,0.4969,-0.0844,0.0084,-0.8636,1.17,-0.92,9.61,-2.00,-5.00,-11.94,9.72,0,1.70,0.0308,0.0139,14,0.683,0.000,0.00,0.00,10.085,0
phase1 acc_mag=9.673 gravity=9.706 motion=0.033 moving_avg=0.026 rms=0.033 mean_rms=0.041 max_rms=0.045 min_rms=0.033 std=0.003 var=0.000 state=standing thr=0.080/0.350/0.850
7.81,5.69,120.25,0.4960,-0.0840,0.0086,-0.8642,1.12,-0.84,9.55,1.00,2.00,3.88,9.65,0,1.70,0.0308,0.0137,14,0.683,0.000,0.00,0.00,10.085,0
7.88,5.62,120.06,0.4985,-0.0847,0.0085,-0.8627,1.19,-0.95,9.67,-4.38,-4.88,13.69,9.79,0,1.70,0.0309,0.0139,14,0.683,0.000,0.00,0.00,10.085,0
7.88,5.69,119.88,0.4990,-0.0845,0.0082,-0.8624,1.20,-0.96,9.63,2.75,-6.50,-2.25,9.75,0,1.70,0.0308,0.0140,14,0.683,0.000,0.00,0.00,10.085,0
7.94,5.75,119.88,0.4991,-0.0851,0.0087,-0.8623,1.20,-0.90,9.55,1.25,1.62,-3.00,9.67,0,1.70,0.0311,0.0140,14,0.683,0.000,0.00,0.00,10.085,0
phase1 acc_mag=9.642 gravity=9.703 motion=0.061 moving_avg=0.030 rms=0.037 mean_rms=0.039 max_rms=0.045 min_rms=0.033 std=0.004 var=0.000 state=standing thr=0.080/0.350/0.850
7.81,5.62,119.75,0.4998,-0.0840,0.0080,-0.8621,1.22,-0.93,9.57,-2.62,3.25,10.56,9.69,0,1.70,0.0306,0.0140,14,0.683,0.000,0.00,0.00,10.085,0
7.69,5.69,119.62,0.5010,-0.0831,0.0092,-0.8615,1.12,-0.93,9.63,3.12,2.38,-0.75,9.74,0,1.70,0.0305,0.0135,14,0.683,0.000,0.00,0.00,10.085,0
7.56,5.50,119.38,0.5027,-0.0815,0.0079,-0.8606,1.11,-1.03,9.66,6.12,5.25,-6.50,9.78,0,1.70,0.0297,0.0137,14,0.683,0.000,0.00,0.00,10.085,0
7.50,5.88,118.94,0.5059,-0.0826,0.0109,-0.8586,1.22,-0.86,9.50,-12.69,0.12,9.31,9.62,0,1.70,0.0306,0.0130,14,0.683,0.000,0.00,0.00,10.085,0
phase1 acc_mag=9.739 gravity=9.701 motion=0.038 moving_avg=0.034 rms=0.045 mean_rms=0.038 max_rms=0.045 min_rms=0.033 std=0.003 var=0.000 state=standing thr=0.080/0.350/0.850
7.50,6.06,118.88,0.5067,-0.0833,0.0120,-0.8580,1.40,-1.14,9.74,-7.81,-2.88,2.25,9.91,0,1.70,0.0310,0.0128,14,0.683,0.000,0.00,0.00,10.085,0
7.44,5.88,118.81,0.5067,-0.0820,0.0117,-0.8582,1.19,-0.92,9.56,-6.38,5.50,-4.12,9.68,0,1.70,0.0305,0.0126,14,0.683,0.000,0.00,0.00,10.085,0
7.50,6.12,119.06,0.5048,-0.0838,0.0126,-0.8591,1.05,-0.98,9.65,1.62,-0.62,-0.88,9.76,0,1.70,0.0313,0.0126,14,0.683,0.000,0.00,0.00,10.085,0
7.38,6.25,118.94,0.5062,-0.0833,0.0141,-0.8583,1.06,-1.03,9.56,-0.25,4.12,-0.38,9.67,0,1.70,0.0315,0.0120,14,0.683,0.000,0.00,0.00,10.085,0
phase1 acc_mag=9.728 gravity=9.703 motion=0.025 moving_avg=0.041 rms=0.056 mean_rms=0.040 max_rms=0.056 min_rms=0.033 std=0.007 var=0.000 state=standing thr=0.080/0.350/0.850
7.25,6.50,118.62,0.5082,-0.0836,0.0164,-0.8571,1.16,-1.09,9.60,-1.62,-3.62,9.44,9.73,0,1.70,0.0320,0.0114,14,0.683,0.000,0.00,0.00,10.085,0
7.25,6.38,118.44,0.5090,-0.0823,0.0154,-0.8567,1.26,-0.95,9.56,3.50,-1.75,7.94,9.69,0,1.70,0.0314,0.0115,14,0.683,0.000,0.00,0.00,10.085,0
7.12,6.38,118.50,0.5094,-0.0823,0.0165,-0.8564,1.19,-0.99,9.57,-11.06,0.12,2.50,9.69,0,1.70,0.0316,0.0111,14,0.683,0.000,0.00,0.00,10.085,0
7.06,6.44,118.56,0.5086,-0.0820,0.0167,-0.8569,1.15,-0.96,9.59,5.88,3.38,-3.12,9.71,0,1.70,0.0315,0.0110,14,0.683,0.000,0.00,0.00,10.085,0
phase1 acc_mag=9.752 gravity=9.705 motion=0.047 moving_avg=0.043 rms=0.056 mean_rms=0.044 max_rms=0.057 min_rms=0.033 std=0.009 var=0.000 state=standing thr=0.080/0.350/0.850
6.81,6.62,118.50,0.5096,-0.0814,0.0195,-0.8563,1.19,-1.12,9.62,-5.62,1.50,3.12,9.76,0,1.70,0.0318,0.0099,14,0.683,0.000,0.00,0.00,10.085,0
6.94,6.56,118.75,0.5073,-0.0817,0.0182,-0.8577,1.20,-1.01,9.53,6.88,-1.38,-12.56,9.66,0,1.70,0.0317,0.0103,14,0.683,0.000,0.00,0.00,10.085,0
7.12,6.00,119.12,0.5046,-0.0804,0.0134,-0.8595,1.34,-1.14,9.58,2.88,-2.38,-15.38,9.74,0,1.70,0.0304,0.0116,14,0.683,0.000,0.00,0.00,10.085,0
phase1 acc_mag=9.692 gravity=9.710 motion=0.019 moving_avg=0.048 rms=0.062 mean_rms=0.050 max_rms=0.063 min_rms=0.035 std=0.010 var=0.000 state=standing thr=0.080/0.350/0.850
7.12,6.00,119.38,0.5023,-0.0800,0.0139,-0.8609,1.16,-1.00,9.57,1.75,4.00,-6.50,9.69,0,1.70,0.0303,0.0113,14,0.683,0.000,0.00,0.00,10.085,0
7.00,5.81,119.62,0.5010,-0.0788,0.0131,-0.8618,1.17,-0.91,9.52,-8.06,-2.38,3.50,9.63,0,1.70,0.0298,0.0113,14,0.683,0.000,0.00,0.00,10.085,0
6.94,5.75,119.69,0.5004,-0.0775,0.0127,-0.8622,1.17,-1.00,9.58,3.62,6.38,-3.62,9.70,0,1.70,0.0293,0.0111,14,0.683,0.000,0.00,0.00,10.085,0
6.81,5.75,119.88,0.4991,-0.0770,0.0136,-0.8630,0.99,-1.14,9.68,-0.50,6.00,-4.00,9.80,0,1.70,0.0293,0.0107,14,0.683,0.000,0.00,0.00,10.085,0
phase1 acc_mag=9.677 gravity=9.708 motion=0.031 moving_avg=0.050 rms=0.064 mean_rms=0.055 max_rms=0.064 min_rms=0.036 std=0.007 var=0.000 state=standing thr=0.080/0.350/0.850
6.62,5.50,119.81,0.5007,-0.0745,0.0124,-0.8624,1.09,-1.01,9.62,-1.12,0.12,15.88,9.73,0,1.70,0.0282,0.0106,14,0.683,0.000,0.00,0.00,10.085,0
6.69,5.44,119.88,0.4991,-0.0745,0.0118,-0.8633,1.16,-0.96,9.61,10.94,-8.56,-8.81,9.73,0,1.70,0.0281,0.0108,14,0.683,0.000,0.00,0.00,10.085,0
6.81,5.44,120.00,0.4977,-0.0757,0.0110,-0.8640,1.17,-0.98,9.64,-7.56,-3.38,-2.38,9.76,0,1.70,0.0284,0.0113,14,0.683,0.000,0.00,0.00,10.085,0
6.75,5.31,120.38,0.4955,-0.0746,0.0109,-0.8654,1.13,-0.98,9.61,2.50,4.00,-11.56,9.73,0,1.70,0.0280,0.0110,14,0.683,0.000,0.00,0.00,10.085,0
phase1 acc_mag=9.691 gravity=9.709 motion=0.018 moving_avg=0.039 rms=0.051 mean_rms=0.058 max_rms=0.064 min_rms=0.051 std=0.003 var=0.000 state=standing thr=0.080/0.350/0.850
6.75,5.38,120.50,0.4946,-0.0746,0.0113,-0.8658,1.17,-0.97,9.59,-1.50,2.00,1.88,9.71,0,1.70,0.0281,0.0109,14,0.683,0.000,0.00,0.00,10.085,0
6.69,5.31,120.31,0.4960,-0.0738,0.0110,-0.8651,1.19,-0.95,9.58,-3.75,5.38,-10.31,9.70,0,1.70,0.0277,0.0108,14,0.683,0.000,0.00,0.00,10.085,0
6.56,5.31,120.06,0.4977,-0.0731,0.0116,-0.8641,1.19,-0.95,9.57,0.00,4.88,-1.12,9.69,0,1.70,0.0276,0.0105,14,0.683,0.000,0.00,0.00,10.085,0
6.50,5.44,119.75,0.4996,-0.0739,0.0120,-0.8630,1.14,-0.93,9.64,-2.12,-7.44,-7.44,9.75,0,1.70,0.0279,0.0106,14,0.683,0.000,0.00,0.00,10.085,0
phase1 acc_mag=9.754 gravity=9.712 motion=0.042 moving_avg=0.039 rms=0.050 mean_rms=0.057 max_rms=0.064 min_rms=0.048 std=0.005 var=0.000 state=standing thr=0.080/0.350/0.850
6.81,5.25,119.50,0.5022,-0.0745,0.0095,-0.8615,1.15,-0.90,9.61,-5.38,3.50,5.25,9.72,0,1.70,0.0276,0.0117,14,0.683,0.000,0.00,0.00,10.085,0
6.81,5.31,119.75,0.5006,-0.0750,0.0104,-0.8624,1.12,-0.93,9.57,1.88,2.00,2.88,9.68,0,1.70,0.0280,0.0114,14,0.683,0.000,0.00,0.00,10.085,0
6.75,5.31,119.44,0.5024,-0.0745,0.0101,-0.8614,1.17,-0.92,9.62,1.50,4.12,-5.25,9.73,0,1.70,0.0277,0.0115,14,0.683,0.000,0.00,0.00,10.085,0
6.75,5.44,119.50,0.5020,-0.0753,0.0110,-0.8615,1.10,-0.92,9.62,0.00,0.38,-5.75,9.73,0,1.70,0.0281,0.0113,14,0.683,0.000,0.00,0.00,10.085,0
phase1 acc_mag=9.625 gravity=9.710 motion=0.085 moving_avg=0.038 rms=0.049 mean_rms=0.056 max_rms=0.064 min_rms=0.048 std=0.006 var=0.000 state=standing thr=0.080/0.350/0.850
6.69,5.56,119.25,0.5038,-0.0753,0.0121,-0.8604,1.15,-0.88,9.59,-0.75,2.50,3.38,9.70,0,1.70,0.0283,0.0110,14,0.683,0.000,0.00,0.00,10.085,0
6.62,5.56,119.19,0.5042,-0.0753,0.0121,-0.8602,1.14,-0.94,9.59,0.25,-6.50,-1.25,9.70,0,1.70,0.0284,0.0110,14,0.683,0.000,0.00,0.00,10.085,0
6.81,5.50,118.88,0.5067,-0.0759,0.0109,-0.8588,1.17,-0.93,9.58,-2.88,-3.38,7.81,9.70,0,1.70,0.0283,0.0116,14,0.683,0.000,0.00,0.00,10.085,0
6.75,5.38,119.00,0.5058,-0.0753,0.0109,-0.8593,1.15,-0.89,9.58,-5.88,-3.25,1.00,9.69,0,1.70,0.0281,0.0115,14,0.683,0.000,0.00,0.00,10.085,0
phase1 acc_mag=9.694 gravity=9.705 motion=0.011 moving_avg=0.032 rms=0.043 mean_rms=0.053 max_rms=0.064 min_rms=0.043 std=0.006 var=0.000 state=standing thr=0.080/0.350/0.850
6.81,5.50,118.62,0.5086,-0.0760,0.0107,-0.8575,1.19,-0.88,9.59,3.12,-1.12,4.12,9.70,0,1.70,0.0283,0.0118,14,0.683,0.000,0.00,0.00,10.085,0
6.94,5.62,118.50,0.5087,-0.0773,0.0107,-0.8574,1.19,-0.92,9.56,-4.00,4.12,8.06,9.68,0,1.70,0.0287,0.0120,14,0.683,0.000,0.00,0.00,10.085,0
7.00,5.62,118.50,0.5096,-0.0777,0.0109,-0.8568,1.20,-0.89,9.56,-8.56,-1.38,-2.75,9.68,0,1.70,0.0289,0.0121,14,0.683,0.000,0.00,0.00,10.085,0
phase1 acc_mag=9.720 gravity=9.707 motion=0.013 moving_avg=0.029 rms=0.039 mean_rms=0.049 max_rms=0.063 min_rms=0.038 std=0.006 var=0.000 state=standing thr=0.080/0.350/0.850
7.00,5.88,118.56,0.5093,-0.0792,0.0124,-0.8568,1.18,-0.96,9.60,1.25,-4.75,6.75,9.72,0,1.70,0.0297,0.0119,14,0.683,0.000,0.00,0.00,10.085,0
7.25,5.88,118.50,0.5092,-0.0807,0.0118,-0.8568,1.19,-0.98,9.61,0.50,-6.25,-4.12,9.73,0,1.70,0.0301,0.0124,14,0.683,0.000,0.00,0.00,10.085,0
7.19,5.81,118.25,0.5115,-0.0795,0.0112,-0.8555,1.21,-0.93,9.53,1.88,3.38,3.88,9.65,0,1.70,0.0295,0.0124,14,0.683,0.000,0.00,0.00,10.085,0
7.19,5.81,118.06,0.5127,-0.0800,0.0110,-0.8548,1.20,-0.92,9.59,-2.12,-3.50,-1.00,9.71,0,1.70,0.0296,0.0127,14,0.683,0.000,0.00,0.00,10.085,0
phase1 acc_mag=9.699 gravity=9.707 motion=0.008 moving_avg=0.029 rms=0.040 mean_rms=0.045 max_rms=0.051 min_rms=0.038 std=0.005 var=0.000 state=standing thr=0.080/0.350/0.850
7.19,5.56,118.25,0.5115,-0.0787,0.0090,-0.8557,1.22,-0.97,9.59,4.62,2.62,2.50,9.72,0,1.70,0.0288,0.0130,14,0.683,0.000,0.00,0.00,10.085,0
7.06,5.69,118.06,0.5127,-0.0785,0.0108,-0.8549,1.19,-0.91,9.60,-2.38,-2.00,-2.62,9.72,0,1.70,0.0291,0.0124,14,0.683,0.000,0.00,0.00,10.085,0
7.12,5.81,118.00,0.5131,-0.0798,0.0115,-0.8545,1.19,-0.95,9.58,-5.62,-1.38,0.50,9.70,0,1.70,0.0296,0.0125,14,0.683,0.000,0.00,0.00,10.085,0
7.00,5.75,118.00,0.5132,-0.0787,0.0114,-0.8546,1.17,-0.94,9.61,5.75,7.19,-1.50,9.73,0,1.70,0.0292,0.0123,14,0.683,0.000,0.00,0.00,10.085,0
phase1 acc_mag=9.699 gravity=9.705 motion=0.006 moving_avg=0.024 rms=0.033 mean_rms=0.042 max_rms=0.051 min_rms=0.033 std=0.005 var=0.000 state=standing thr=0.080/0.350/0.850
7.06,5.62,117.88,0.5140,-0.0786,0.0095,-0.8541,1.15,-0.91,9.58,2.25,-7.56,0.38,9.69,0,1.70,0.0288,0.0129,14,0.683,0.000,0.00,0.00,10.085,0
7.12,5.62,117.62,0.5158,-0.0788,0.0097,-0.8530,1.15,-0.91,9.67,0.00,4.25,-5.12,9.78,0,1.70,0.0289,0.0129,14,0.683,0.000,0.00,0.00,10.085,0
7.19,5.75,117.69,0.5156,-0.0796,0.0101,-0.8531,1.12,-0.87,9.59,-3.75,-8.69,4.25,9.69,0,1.70,0.0292,0.0130,14,0.683,0.000,0.00,0.00,10.085,0
7.12,5.69,117.88,0.5138,-0.0792,0.0107,-0.8542,1.16,-0.94,9.62,-2.75,-1.75,-1.38,9.74,0,1.70,0.0293,0.0126,14,0.683,0.000,0.00,0.00,10.085,0
phase1 acc_mag=9.702 gravity=9.707 motion=0.005 moving_avg=0.021 rms=0.028 mean_rms=0.038 max_rms=0.049 min_rms=0.028 std=0.005 var=0.000 state=standing thr=0.080/0.350/0.850
7.06,5.69,118.00,0.5132,-0.0784,0.0106,-0.8546,1.14,-0.87,9.61,-0.12,0.00,-4.88,9.72,0,1.70,0.0290,0.0125,14,0.683,0.000,0.00,0.00,10.085,0
7.06,5.81,117.81,0.5141,-0.0782,0.0115,-0.8541,1.16,-0.86,9.59,2.38,1.12,1.00,9.70,0,1.70,0.0291,0.0122,14,0.683,0.000,0.00,0.00,10.085,0
6.88,5.94,117.62,0.5161,-0.0785,0.0128,-0.8528,1.19,-0.94,9.61,-7.56,1.38,1.62,9.73,0,1.70,0.0294,0.0119,14,0.683,0.000,0.00,0.00,10.085,0
6.81,5.88,117.75,0.5151,-0.0775,0.0131,-0.8535,1.15,-0.86,9.60,-0.88,1.88,-0.62,9.71,0,1.70,0.0291,0.0115,14,0.683,0.000,0.00,0.00,10.085,0
phase1 acc_mag=9.707 gravity=9.706 motion=0.001 moving_avg=0.021 rms=0.028 mean_rms=0.035 max_rms=0.043 min_rms=0.028 std=0.005 var=0.000 state=standing thr=0.080/0.350/0.850
6.69,5.69,117.94,0.5136,-0.0759,0.0128,-0.8546,1.13,-0.74,9.57,-1.62,-0.12,-1.38,9.66,0,1.70,0.0286,0.0112,14,0.683,0.000,0.00,0.00,10.085,0

===== Disconnected =====
