===== Connected at 115200 baud =====
BNO055 detected! Chip ID: 0xA0
BNO055 initialized successfully!
roll,pitch,yaw,qw,qx,qy,qz,accx,accy,accz,gyrox,gyroy,gyroz,svm,state,z_v,lever_offx,lever_offy,steps,stride_m,velocity_mps,cadence_spm,cadence_sps,distance_m,step_flag
phase1 acc_mag=9.530 gravity=9.530 motion=0.000 moving_avg=0.000 rms=0.000 mean_rms=0.000 max_rms=0.000 min_rms=0.000 std=0.000 var=0.000 state=standing thr=0.080/0.350/0.850
0.00,0.00,0.00,0.0000,0.0000,0.0000,0.0000,-1.87,-2.88,8.89,0.88,-0.50,-3.62,9.53,0,1.70,0.0000,0.0000,0,0.000,0.000,0.00,0.00,0.000,0
0.00,-0.06,0.44,1.0000,0.0005,0.0004,-0.0042,-2.17,-2.65,8.78,-0.38,2.25,-3.12,9.42,0,1.70,0.0001,-0.0002,0,0.000,0.000,0.00,0.00,0.000,0
-12.69,15.81,0.50,0.9844,-0.1348,0.1126,-0.0046,-2.17,-2.71,8.84,-2.19,3.81,3.06,9.50,0,1.70,0.0446,0.0529,0,0.000,0.000,0.00,0.00,0.000,0
-12.88,15.75,359.62,0.9844,-0.1349,0.1127,0.0048,-1.92,-2.72,8.97,-2.06,-6.31,21.88,9.57,0,1.70,0.0441,0.0534,0,0.000,0.000,0.00,0.00,0.000,0
phase1 acc_mag=9.479 gravity=9.498 motion=0.018 moving_avg=0.081 rms=0.104 mean_rms=0.102 max_rms=0.127 min_rms=0.000 std=0.032 var=0.001 state=standing thr=0.165/0.365/0.865
-12.94,15.50,357.81,0.9845,-0.1346,0.1112,0.0184,-1.50,-2.83,8.97,-1.62,-4.25,19.81,9.52,0,1.70,0.0428,0.0538,0,0.000,0.000,0.00,0.00,0.000,0
-12.44,15.56,356.88,0.9846,-0.1364,0.1061,0.0268,-1.59,-2.58,8.98,-0.12,-4.50,14.00,9.48,0,1.70,0.0403,0.0548,0,0.000,0.000,0.00,0.00,0.000,0
-12.25,15.19,355.88,0.9850,-0.1338,0.1029,0.0354,-1.58,-2.27,8.52,3.75,-7.81,15.12,8.96,0,1.70,0.0387,0.0542,0,0.000,0.000,0.00,0.00,0.000,0
-11.94,14.94,355.00,0.9852,-0.1326,0.0994,0.0425,-1.48,-2.66,8.89,2.25,-1.56,7.06,9.40,0,1.70,0.0369,0.0539,0,0.000,0.000,0.00,0.00,0.000,0
phase1 acc_mag=9.451 gravity=9.473 motion=0.021 moving_avg=0.098 rms=0.140 mean_rms=0.106 max_rms=0.143 min_rms=0.000 std=0.028 var=0.001 state=standing thr=0.162/0.362/0.862
-12.00,15.06,355.31,0.9852,-0.1332,0.1006,0.0403,-1.97,-2.36,9.02,-0.12,5.62,-8.62,9.53,0,1.70,0.0375,0.0541,0,0.000,0.000,0.00,0.00,0.000,0
-12.25,15.25,355.88,0.9849,-0.1343,0.1033,0.0353,-2.02,-2.60,8.89,-1.00,5.88,-6.69,9.48,0,1.70,0.0388,0.0544,0,0.000,0.000,0.00,0.00,0.000,0
-12.50,15.38,356.06,0.9846,-0.1354,0.1058,0.0336,-2.09,-2.42,8.96,-0.88,3.88,-1.12,9.51,0,1.70,0.0398,0.0548,0,0.000,0.000,0.00,0.00,0.000,0
-12.69,15.56,356.00,0.9842,-0.1368,0.1072,0.0344,-1.96,-2.45,8.98,-0.94,0.62,2.88,9.51,0,1.70,0.0403,0.0553,0,0.000,0.000,0.00,0.00,0.000,0
phase1 acc_mag=9.537 gravity=9.493 motion=0.044 moving_avg=0.084 rms=0.121 mean_rms=0.114 max_rms=0.143 min_rms=0.000 std=0.025 var=0.001 state=standing thr=0.164/0.364/0.864
-12.81,15.62,355.75,0.9839,-0.1379,0.1081,0.0364,-1.97,-2.68,8.94,-0.75,2.38,2.44,9.54,0,1.70,0.0405,0.0558,0,0.000,0.000,0.00,0.00,0.000,0
-12.94,15.69,355.62,0.9836,-0.1384,0.1089,0.0374,-2.12,-2.54,9.02,-0.31,0.75,2.25,9.61,0,1.70,0.0408,0.0561,0,0.000,0.000,0.00,0.00,0.000,0
-12.94,15.69,355.50,0.9836,-0.1387,0.1086,0.0383,-1.97,-2.74,8.85,0.06,-0.69,1.00,9.47,0,1.70,0.0406,0.0562,0,0.000,0.000,0.00,0.00,0.000,0
-12.94,15.75,355.50,0.9836,-0.1387,0.1088,0.0382,-2.03,-2.57,8.88,-0.31,1.88,-0.81,9.46,0,1.70,0.0407,0.0562,0,0.000,0.000,0.00,0.00,0.000,0
phase1 acc_mag=9.472 gravity=9.497 motion=0.025 moving_avg=0.074 rms=0.108 mean_rms=0.114 max_rms=0.143 min_rms=0.000 std=0.022 var=0.000 state=standing thr=0.158/0.358/0.858
-13.00,15.81,355.56,0.9835,-0.1392,0.1093,0.0378,-2.02,-2.72,8.94,0.31,0.69,-0.81,9.56,0,1.70,0.0409,0.0564,0,0.000,0.000,0.00,0.00,0.000,0
-13.00,15.81,355.62,0.9835,-0.1396,0.1090,0.0375,-2.14,-2.76,9.16,-0.44,0.06,0.12,9.80,0,1.70,0.0408,0.0565,0,0.000,0.000,0.00,0.00,0.000,0
-12.94,15.81,355.62,0.9835,-0.1396,0.1085,0.0375,-2.16,-2.86,9.30,0.81,-1.69,-0.56,9.97,0,1.70,0.0406,0.0565,0,0.000,0.000,0.00,0.00,0.000,0
-12.62,15.81,355.69,0.9838,-0.1394,0.1061,0.0367,-2.08,-2.60,8.98,1.00,-3.25,-1.62,9.58,0,1.70,0.0397,0.0564,0,0.000,0.000,0.00,0.00,0.000,0
phase1 acc_mag=9.554 gravity=9.556 motion=0.002 moving_avg=0.102 rms=0.147 mean_rms=0.120 max_rms=0.148 min_rms=0.090 std=0.015 var=0.000 state=standing thr=0.150/0.350/0.850
-12.50,15.75,355.88,0.9841,-0.1384,0.1054,0.0352,-1.94,-2.53,9.22,2.19,0.94,-3.88,9.76,0,1.70,0.0395,0.0560,0,0.000,0.000,0.00,0.00,0.000,0
-12.56,15.69,355.88,0.9841,-0.1381,0.1058,0.0352,-1.95,-2.69,9.06,1.44,1.56,-2.94,9.65,0,1.70,0.0397,0.0559,0,0.000,0.000,0.00,0.00,0.000,0
-12.62,15.75,355.94,0.9840,-0.1385,0.1062,0.0352,-2.09,-2.64,9.23,-1.69,-1.44,2.88,9.82,0,1.70,0.0399,0.0560,0,0.000,0.000,0.00,0.00,0.000,0
-12.56,15.69,355.69,0.9841,-0.1382,0.1053,0.0369,-2.03,-2.52,9.09,0.69,-1.12,1.94,9.65,0,1.70,0.0394,0.0559,0,0.000,0.000,0.00,0.00,0.000,0
phase1 acc_mag=9.799 gravity=9.589 motion=0.210 moving_avg=0.135 rms=0.215 mean_rms=0.139 max_rms=0.215 min_rms=0.090 std=0.035 var=0.001 state=slow thr=0.209/0.409/0.909
-12.44,15.62,355.50,0.9842,-0.1377,0.1044,0.0383,-1.96,-2.66,9.17,1.75,-0.81,1.56,9.75,0,1.70,0.0390,0.0558,0,0.000,0.000,0.00,0.00,0.000,0
-12.44,15.50,355.50,0.9843,-0.1371,0.1044,0.0384,-2.05,-2.65,9.04,0.56,1.06,-0.75,9.64,0,1.70,0.0390,0.0556,0,0.000,0.000,0.00,0.00,0.000,0
-12.44,15.56,355.56,0.9843,-0.1373,0.1046,0.0377,-2.05,-2.72,9.17,-0.50,0.12,-1.06,9.78,0,1.70,0.0391,0.0556,0,0.000,0.000,0.00,0.00,0.000,0
phase1 acc_mag=9.691 gravity=9.652 motion=0.040 moving_avg=0.134 rms=0.208 mean_rms=0.158 max_rms=0.217 min_rms=0.108 std=0.043 var=0.002 state=standing thr=0.244/0.444/0.944
-12.44,15.50,355.56,0.9843,-0.1370,0.1044,0.0378,-2.00,-2.49,9.15,0.88,-0.75,1.06,9.69,0,1.70,0.0390,0.0555,0,0.000,0.000,0.00,0.00,0.000,0
-12.44,15.50,355.50,0.9843,-0.1370,0.1041,0.0387,-1.99,-2.56,9.25,-0.44,-0.69,0.81,9.80,0,1.70,0.0389,0.0555,0,0.000,0.000,0.00,0.00,0.000,0
-12.38,15.50,355.44,0.9844,-0.1368,0.1035,0.0387,-2.06,-2.54,9.24,1.25,-0.94,0.31,9.80,0,1.70,0.0386,0.0555,0,0.000,0.000,0.00,0.00,0.000,0
-12.31,15.44,355.38,0.9845,-0.1366,0.1028,0.0398,-1.95,-2.69,8.99,0.12,-1.06,1.88,9.58,0,1.70,0.0383,0.0554,0,0.000,0.000,0.00,0.00,0.000,0
phase1 acc_mag=9.696 gravity=9.688 motion=0.008 moving_avg=0.135 rms=0.208 mean_rms=0.175 max_rms=0.217 min_rms=0.108 std=0.043 var=0.002 state=standing thr=0.261/0.461/0.961
-12.25,15.50,355.31,0.9844,-0.1370,0.1024,0.0401,-2.01,-2.56,9.11,-1.50,-0.12,0.38,9.67,0,1.70,0.0381,0.0556,0,0.000,0.000,0.00,0.00,0.000,0
-12.25,15.56,355.31,0.9844,-0.1375,0.1022,0.0402,-2.04,-2.76,9.20,-1.38,-1.00,-0.25,9.82,0,1.70,0.0380,0.0558,0,0.000,0.000,0.00,0.00,0.000,0
-12.12,15.50,355.25,0.9845,-0.1370,0.1013,0.0408,-2.07,-2.55,9.12,0.88,-1.31,1.88,9.69,0,1.70,0.0377,0.0556,0,0.000,0.000,0.00,0.00,0.000,0
-12.06,15.50,355.12,0.9846,-0.1372,0.1006,0.0418,-1.86,-2.59,9.18,-1.56,-1.25,2.06,9.72,0,1.70,0.0373,0.0557,0,0.000,0.000,0.00,0.00,0.000,0
phase1 acc_mag=9.738 gravity=9.729 motion=0.010 moving_avg=0.135 rms=0.208 mean_rms=0.195 max_rms=0.217 min_rms=0.113 std=0.029 var=0.001 state=standing thr=0.254/0.454/0.954
-12.06,15.56,355.06,0.9844,-0.1377,0.1005,0.0421,-1.88,-2.65,9.24,-0.75,0.81,-1.25,9.79,0,1.70,0.0373,0.0559,0,0.000,0.000,0.00,0.00,0.000,0
-12.06,15.62,355.25,0.9845,-0.1379,0.1009,0.0401,-1.98,-2.43,9.21,0.75,0.81,-3.44,9.73,0,1.70,0.0375,0.0559,0,0.000,0.000,0.00,0.00,0.000,0
-12.00,15.62,355.38,0.9845,-0.1384,0.1003,0.0397,-1.95,-2.64,9.13,-1.94,-1.88,-0.50,9.70,0,1.70,0.0373,0.0561,0,0.000,0.000,0.00,0.00,0.000,0
-11.94,15.75,355.44,0.9844,-0.1392,0.0996,0.0392,-1.88,-2.81,9.06,-0.88,-1.06,-1.88,9.67,0,1.70,0.0370,0.0564,0,0.000,0.000,0.00,0.00,0.000,0
phase1 acc_mag=9.723 gravity=9.736 motion=0.013 moving_avg=0.094 rms=0.156 mean_rms=0.205 max_rms=0.217 min_rms=0.156 std=0.010 var=0.000 state=standing thr=0.226/0.426/0.926
-11.81,15.88,355.56,0.9845,-0.1399,0.0991,0.0380,-1.86,-2.70,9.05,-2.12,0.06,-2.19,9.63,0,1.70,0.0369,0.0566,0,0.000,0.000,0.00,0.00,0.000,0
-11.81,16.06,355.75,0.9844,-0.1413,0.0989,0.0356,-1.96,-2.68,9.14,0.88,1.44,-5.56,9.72,0,1.70,0.0369,0.0570,0,0.000,0.000,0.00,0.00,0.000,0
-11.75,16.12,356.12,0.9844,-0.1416,0.0989,0.0330,-2.07,-2.66,9.14,-0.75,0.12,-2.75,9.74,0,1.70,0.0371,0.0571,0,0.000,0.000,0.00,0.00,0.000,0
phase1 acc_mag=9.776 gravity=9.730 motion=0.046 moving_avg=0.063 rms=0.080 mean_rms=0.180 max_rms=0.217 min_rms=0.080 std=0.046 var=0.002 state=standing thr=0.272/0.472/0.972
-11.69,16.12,356.12,0.9844,-0.1417,0.0985,0.0331,-2.06,-2.69,9.17,-1.12,-1.94,2.88,9.78,0,1.70,0.0369,0.0571,0,0.000,0.000,0.00,0.00,0.000,0
-11.62,16.12,355.75,0.9844,-0.1421,0.0974,0.0361,-1.85,-2.59,9.15,-1.19,-2.12,3.38,9.69,0,1.70,0.0363,0.0574,0,0.000,0.000,0.00,0.00,0.000,0
-11.56,16.19,355.69,0.9843,-0.1426,0.0969,0.0369,-1.86,-2.63,9.27,1.00,0.19,-1.00,9.81,0,1.70,0.0361,0.0576,0,0.000,0.000,0.00,0.00,0.000,0
-11.56,16.25,355.75,0.9843,-0.1429,0.0969,0.0362,-1.96,-2.62,9.15,0.12,-0.06,-0.62,9.72,0,1.70,0.0361,0.0577,0,0.000,0.000,0.00,0.00,0.000,0
phase1 acc_mag=9.713 gravity=9.731 motion=0.018 moving_avg=0.051 rms=0.067 mean_rms=0.153 max_rms=0.211 min_rms=0.067 std=0.060 var=0.004 state=standing thr=0.273/0.473/0.973
-11.56,16.31,355.75,0.9843,-0.1436,0.0966,0.0365,-1.80,-2.68,9.11,-0.50,-0.31,-0.44,9.67,0,1.70,0.0359,0.0579,0,0.000,0.000,0.00,0.00,0.000,0
-11.50,16.31,355.75,0.9843,-0.1438,0.0965,0.0361,-1.89,-2.65,9.19,-0.69,0.44,-0.75,9.75,0,1.70,0.0359,0.0580,0,0.000,0.000,0.00,0.00,0.000,0
-11.50,16.38,355.81,0.9842,-0.1440,0.0966,0.0356,-1.92,-2.59,9.21,1.06,-0.69,-1.19,9.76,0,1.70,0.0360,0.0581,0,0.000,0.000,0.00,0.00,0.000,0
-11.44,16.38,355.75,0.9843,-0.1440,0.0958,0.0364,-1.89,-2.57,9.15,1.44,-2.06,1.00,9.69,0,1.70,0.0356,0.0581,0,0.000,0.000,0.00,0.00,0.000,0
phase1 acc_mag=9.714 gravity=9.739 motion=0.025 moving_avg=0.049 rms=0.066 mean_rms=0.123 max_rms=0.211 min_rms=0.063 std=0.060 var=0.004 state=standing thr=0.244/0.444/0.944
-11.38,16.38,355.62,0.9843,-0.1444,0.0948,0.0375,-1.90,-2.66,9.21,-0.69,-2.12,2.25,9.77,0,1.70,0.0351,0.0583,0,0.000,0.000,0.00,0.00,0.000,0
-11.19,16.31,355.12,0.9843,-0.1442,0.0925,0.0418,-1.88,-2.78,9.12,-0.38,-7.94,8.12,9.72,0,1.70,0.0340,0.0583,0,0.000,0.000,0.00,0.00,0.000,0
-10.75,16.19,354.44,0.9846,-0.1436,0.0879,0.0480,-1.63,-2.66,9.17,0.00,-6.19,7.19,9.69,0,1.70,0.0319,0.0582,0,0.000,0.000,0.00,0.00,0.000,0
phase1 acc_mag=9.724 gravity=9.737 motion=0.012 moving_avg=0.049 rms=0.066 mean_rms=0.093 max_rms=0.200 min_rms=0.061 std=0.044 var=0.002 state=standing thr=0.180/0.380/0.880
-10.62,16.19,354.19,0.9846,-0.1437,0.0869,0.0497,-1.61,-2.84,9.16,-2.38,1.38,-0.31,9.72,0,1.70,0.0314,0.0583,0,0.000,0.000,0.00,0.00,0.000,0
-10.88,16.38,354.75,0.9844,-0.1450,0.0895,0.0447,-1.87,-2.68,9.09,-1.75,5.50,-9.38,9.66,0,1.70,0.0326,0.0587,0,0.000,0.000,0.00,0.00,0.000,0
-11.00,16.56,355.31,0.9843,-0.1462,0.0914,0.0395,-1.86,-2.88,9.15,-0.56,3.19,-4.06,9.77,0,1.70,0.0337,0.0590,0,0.000,0.000,0.00,0.00,0.000,0
-11.00,16.62,355.56,0.9843,-0.1463,0.0917,0.0378,-1.85,-2.73,9.15,-1.50,-0.88,-0.75,9.73,0,1.70,0.0339,0.0590,0,0.000,0.000,0.00,0.00,0.000,0
phase1 acc_mag=9.727 gravity=9.741 motion=0.014 moving_avg=0.049 rms=0.065 mean_rms=0.071 max_rms=0.106 min_rms=0.061 std=0.011 var=0.000 state=standing thr=0.093/0.350/0.850
-10.94,16.69,355.62,0.9843,-0.1470,0.0908,0.0373,-1.63,-2.79,9.14,-1.50,0.19,-3.06,9.69,0,1.70,0.0336,0.0592,0,0.000,0.000,0.00,0.00,0.000,0
-10.94,16.88,356.06,0.9841,-0.1483,0.0914,0.0335,-1.80,-2.87,9.34,-1.19,3.44,-7.50,9.94,0,1.70,0.0340,0.0596,0,0.000,0.000,0.00,0.00,0.000,0
-10.88,17.00,356.62,0.9842,-0.1488,0.0919,0.0282,-1.85,-2.81,9.04,-0.12,1.38,-6.62,9.65,0,1.70,0.0345,0.0596,0,0.000,0.000,0.00,0.00,0.000,0
-10.88,17.25,357.00,0.9840,-0.1505,0.0921,0.0256,-1.79,-2.64,9.24,-2.38,0.06,-3.25,9.78,0,1.70,0.0347,0.0602,0,0.000,0.000,0.00,0.00,0.000,0
phase1 acc_mag=9.792 gravity=9.744 motion=0.049 moving_avg=0.051 rms=0.067 mean_rms=0.066 max_rms=0.075 min_rms=0.061 std=0.002 var=0.000 state=standing thr=0.080/0.350/0.850
-10.81,17.38,357.25,0.9839,-0.1517,0.0920,0.0224,-1.79,-2.81,9.11,-1.44,2.06,-7.88,9.70,0,1.70,0.0348,0.0605,0,0.000,0.000,0.00,0.00,0.000,0
-10.88,17.69,357.94,0.9835,-0.1537,0.0934,0.0176,-1.88,-3.09,9.11,-2.88,4.31,-7.06,9.80,0,1.70,0.0357,0.0611,0,0.000,0.000,0.00,0.00,0.000,0
-10.94,17.88,358.44,0.9833,-0.1550,0.0946,0.0131,-1.87,-2.98,9.17,-1.44,2.44,-7.12,9.82,0,1.70,0.0364,0.0614,0,0.000,0.000,0.00,0.00,0.000,0
phase1 acc_mag=9.711 gravity=9.749 motion=0.038 moving_avg=0.058 rms=0.074 mean_rms=0.067 max_rms=0.074 min_rms=0.061 std=0.003 var=0.000 state=standing thr=0.080/0.350/0.850
-10.88,17.94,358.75,0.9833,-0.1549,0.0946,0.0099,-1.89,-2.88,9.08,0.62,-0.31,-3.88,9.71,0,1.70,0.0366,0.0613,0,0.000,0.000,0.00,0.00,0.000,0
-10.75,17.94,359.06,0.9834,-0.1550,0.0939,0.0076,-1.91,-2.83,9.19,0.50,-2.50,-0.75,9.80,0,1.70,0.0365,0.0613,0,0.000,0.000,0.00,0.00,0.000,0
-10.56,17.81,358.81,0.9837,-0.1542,0.0920,0.0098,-1.80,-2.93,9.17,0.88,-5.06,5.19,9.79,0,1.70,0.0356,0.0610,0,0.000,0.000,0.00,0.00,0.000,0
-10.31,17.75,358.69,0.9839,-0.1537,0.0898,0.0106,-1.61,-2.80,9.02,1.69,1.88,-4.31,9.58,0,1.70,0.0347,0.0609,0,0.000,0.000,0.00,0.00,0.000,0
phase1 acc_mag=9.707 gravity=9.751 motion=0.043 moving_avg=0.058 rms=0.072 mean_rms=0.068 max_rms=0.075 min_rms=0.061 std=0.003 var=0.000 state=standing thr=0.080/0.350/0.850
-10.50,17.75,359.44,0.9839,-0.1532,0.0920,0.0045,-1.82,-2.80,9.14,2.25,6.12,-11.50,9.73,0,1.70,0.0359,0.0605,0,0.000,0.000,0.00,0.00,0.000,0
-10.62,17.75,359.94,0.9838,-0.1525,0.0938,0.0005,-1.94,-2.86,9.21,1.00,0.94,-2.44,9.84,0,1.70,0.0369,0.0600,0,0.000,0.000,0.00,0.00,0.000,0
-10.56,17.69,359.81,0.9839,-0.1520,0.0933,0.0013,-1.79,-2.79,9.10,0.06,-1.12,2.38,9.68,0,1.70,0.0367,0.0599,0,0.000,0.000,0.00,0.00,0.000,0
-10.56,17.62,359.69,0.9840,-0.1518,0.0930,0.0023,-1.70,-2.84,9.12,0.12,-0.38,0.00,9.70,0,1.70,0.0364,0.0598,0,0.000,0.000,0.00,0.00,0.000,0
phase1 acc_mag=9.815 gravity=9.753 motion=0.062 moving_avg=0.054 rms=0.065 mean_rms=0.068 max_rms=0.075 min_rms=0.063 std=0.003 var=0.000 state=standing thr=0.080/0.350/0.850
-10.56,17.69,359.75,0.9839,-0.1521,0.0932,0.0020,-1.70,-2.95,9.06,-0.69,1.56,-1.06,9.68,0,1.70,0.0366,0.0599,0,0.000,0.000,0.00,0.00,0.000,0
-10.62,17.69,359.81,0.9839,-0.1522,0.0936,0.0014,-1.84,-2.96,9.19,1.44,-0.44,-0.88,9.83,0,1.70,0.0367,0.0600,0,0.000,0.000,0.00,0.00,0.000,0
-10.44,17.62,359.75,0.9841,-0.1516,0.0921,0.0020,-1.76,-3.04,9.12,0.75,-3.38,0.88,9.77,0,1.70,0.0361,0.0598,0,0.000,0.000,0.00,0.00,0.000,0
phase1 acc_mag=9.693 gravity=9.757 motion=0.064 moving_avg=0.055 rms=0.066 mean_rms=0.068 max_rms=0.075 min_rms=0.064 std=0.003 var=0.000 state=standing thr=0.080/0.350/0.850
-10.25,17.50,359.75,0.9844,-0.1508,0.0902,0.0018,-1.69,-2.91,9.09,1.94,-2.06,-2.38,9.69,0,1.70,0.0354,0.0595,0,0.000,0.000,0.00,0.00,0.000,0
-10.12,17.56,359.88,0.9845,-0.1511,0.0893,0.0007,-1.68,-2.84,9.05,-0.06,-0.56,-0.50,9.63,0,1.70,0.0351,0.0595,0,0.000,0.000,0.00,0.00,0.000,0
-10.00,17.50,359.88,0.9846,-0.1508,0.0883,0.0012,-1.70,-2.75,9.15,0.94,-3.44,1.56,9.70,0,1.70,0.0347,0.0594,0,0.000,0.000,0.00,0.00,0.000,0
-9.81,17.50,359.62,0.9847,-0.1508,0.0866,0.0028,-1.60,-2.87,9.18,0.25,-2.69,1.06,9.75,0,1.70,0.0339,0.0595,0,0.000,0.000,0.00,0.00,0.000,0
phase1 acc_mag=9.724 gravity=9.750 motion=0.026 moving_avg=0.053 rms=0.064 mean_rms=0.068 max_rms=0.075 min_rms=0.063 std=0.003 var=0.000 state=standing thr=0.080/0.350/0.850
-9.75,17.50,359.69,0.9848,-0.1511,0.0856,0.0023,-1.50,-2.86,9.16,-0.69,-0.62,-2.31,9.71,0,1.70,0.0336,0.0596,0,0.000,0.000,0.00,0.00,0.000,0
-9.69,17.56,359.94,0.9847,-0.1514,0.0856,-0.0002,-1.62,-2.82,9.22,-0.50,1.44,-4.31,9.78,0,1.70,0.0337,0.0596,0,0.000,0.000,0.00,0.00,0.000,0
-9.62,17.69,0.25,0.9847,-0.1520,0.0854,-0.0021,-1.60,-2.87,9.11,-1.62,0.31,-2.38,9.68,0,1.70,0.0338,0.0598,0,0.000,0.000,0.00,0.00,0.000,0
-9.56,17.69,0.25,0.9847,-0.1523,0.0850,-0.0026,-1.56,-2.88,9.09,-0.94,-1.38,0.38,9.66,0,1.70,0.0336,0.0599,0,0.000,0.000,0.00,0.00,0.000,0
phase1 acc_mag=9.741 gravity=9.744 motion=0.003 moving_avg=0.047 rms=0.057 mean_rms=0.065 max_rms=0.075 min_rms=0.056 std=0.004 var=0.000 state=standing thr=0.080/0.350/0.850
-9.50,17.75,0.31,0.9846,-0.1528,0.0847,-0.0031,-1.61,-2.92,9.14,-1.88,0.56,-2.19,9.73,0,1.70,0.0336,0.0601,0,0.000,0.000,0.00,0.00,0.000,0
-9.50,17.81,0.50,0.9846,-0.1531,0.0845,-0.0047,-1.59,-3.01,9.19,0.69,0.12,-3.56,9.80,0,1.70,0.0336,0.0602,0,0.000,0.000,0.00,0.00,0.000,0
-9.38,17.81,0.75,0.9846,-0.1533,0.0842,-0.0070,-1.59,-2.93,9.11,-0.69,0.00,-1.94,9.70,0,1.70,0.0336,0.0601,0,0.000,0.000,0.00,0.00,0.000,0
-9.38,17.94,0.94,0.9845,-0.1537,0.0840,-0.0082,-1.62,-2.87,9.15,0.00,0.12,-2.50,9.73,0,1.70,0.0336,0.0602,0,0.000,0.000,0.00,0.00,0.000,0
phase1 acc_mag=9.776 gravity=9.744 motion=0.032 moving_avg=0.044 rms=0.054 mean_rms=0.062 max_rms=0.067 min_rms=0.053 std=0.005 var=0.000 state=standing thr=0.080/0.350/0.850
-9.31,17.94,1.06,0.9846,-0.1536,0.0836,-0.0095,-1.59,-2.97,9.08,0.19,-0.31,-2.12,9.68,0,1.70,0.0335,0.0602,0,0.000,0.000,0.00,0.00,0.000,0
-9.25,17.94,1.12,0.9845,-0.1538,0.0835,-0.0102,-1.61,-3.08,9.18,-0.88,0.00,-1.00,9.82,0,1.70,0.0335,0.0602,0,0.000,0.000,0.00,0.00,0.000,0
-9.19,17.94,1.19,0.9846,-0.1538,0.0831,-0.0107,-1.61,-2.97,9.19,0.06,-0.75,-0.88,9.79,0,1.70,0.0334,0.0602,0,0.000,0.000,0.00,0.00,0.000,0
phase1 acc_mag=9.740 gravity=9.742 motion=0.002 moving_avg=0.042 rms=0.052 mean_rms=0.059 max_rms=0.066 min_rms=0.051 std=0.005 var=0.000 state=standing thr=0.080/0.350/0.850
-9.12,17.88,1.25,0.9846,-0.1534,0.0825,-0.0107,-1.44,-2.98,9.16,-0.31,-1.00,0.75,9.74,0,1.70,0.0332,0.0601,0,0.000,0.000,0.00,0.00,0.000,0
-9.12,17.94,1.56,0.9846,-0.1536,0.0827,-0.0135,-1.56,-2.95,9.20,0.69,2.06,-5.44,9.79,0,1.70,0.0334,0.0600,0,0.000,0.000,0.00,0.00,0.000,0
-9.12,17.88,1.94,0.9846,-0.1526,0.0835,-0.0176,-1.62,-2.88,9.12,2.00,2.00,-5.56,9.70,0,1.70,0.0340,0.0595,0,0.000,0.000,0.00,0.00,0.000,0
-9.12,17.88,2.25,0.9846,-0.1525,0.0840,-0.0197,-1.61,-2.87,9.14,-0.38,1.12,-1.38,9.71,0,1.70,0.0343,0.0594,0,0.000,0.000,0.00,0.00,0.000,0
phase1 acc_mag=9.719 gravity=9.737 motion=0.018 moving_avg=0.039 rms=0.049 mean_rms=0.055 max_rms=0.065 min_rms=0.049 std=0.005 var=0.000 state=standing thr=0.080/0.350/0.850
-9.12,17.88,2.25,0.9846,-0.1523,0.0839,-0.0198,-1.59,-2.83,9.17,-0.25,-1.00,1.12,9.73,0,1.70,0.0342,0.0593,0,0.000,0.000,0.00,0.00,0.000,0
-9.12,17.88,2.19,0.9846,-0.1524,0.0837,-0.0193,-1.57,-2.89,9.18,0.06,-0.44,-0.31,9.75,0,1.70,0.0342,0.0594,0,0.000,0.000,0.00,0.00,0.000,0
-9.06,17.88,2.19,0.9846,-0.1523,0.0833,-0.0191,-1.57,-2.85,9.15,0.44,-1.00,0.81,9.71,0,1.70,0.0340,0.0593,0,0.000,0.000,0.00,0.00,0.000,0
-9.06,17.88,2.06,0.9846,-0.1525,0.0830,-0.0181,-1.57,-3.01,9.27,0.25,-0.50,1.38,9.87,0,1.70,0.0338,0.0595,0,0.000,0.000,0.00,0.00,0.000,0
phase1 acc_mag=9.698 gravity=9.734 motion=0.037 moving_avg=0.036 rms=0.047 mean_rms=0.051 max_rms=0.060 min_rms=0.043 std=0.004 var=0.000 state=standing thr=0.080/0.350/0.850
-9.06,17.88,1.94,0.9847,-0.1526,0.0828,-0.0168,-1.51,-3.05,9.16,-0.75,-0.44,1.94,9.77,0,1.70,0.0336,0.0595,0,0.000,0.000,0.00,0.00,0.000,0
-9.06,17.88,1.94,0.9846,-0.1526,0.0830,-0.0168,-1.53,-2.70,9.16,0.94,-0.06,-0.12,9.67,0,1.70,0.0337,0.0596,0,0.000,0.000,0.00,0.00,0.000,0
-9.12,17.88,1.88,0.9847,-0.1526,0.0830,-0.0161,-1.56,-2.99,9.15,0.12,-0.69,1.19,9.75,0,1.70,0.0337,0.0596,0,0.000,0.000,0.00,0.00,0.000,0
-9.06,17.88,1.75,0.9847,-0.1528,0.0827,-0.0151,-1.54,-2.91,9.15,-0.75,-0.81,1.75,9.72,0,1.70,0.0335,0.0597,0,0.000,0.000,0.00,0.00,0.000,0
phase1 acc_mag=9.718 gravity=9.738 motion=0.020 moving_avg=0.036 rms=0.045 mean_rms=0.049 max_rms=0.056 min_rms=0.043 std=0.004 var=0.000 state=standing thr=0.080/0.350/0.850
-9.12,17.88,1.62,0.9846,-0.1531,0.0828,-0.0142,-1.58,-2.87,9.19,-0.56,0.12,1.56,9.76,0,1.70,0.0335,0.0598,0,0.000,0.000,0.00,0.00,0.000,0
-9.12,17.94,1.50,0.9846,-0.1533,0.0829,-0.0134,-1.59,-2.98,9.14,-0.19,0.19,0.62,9.74,0,1.70,0.0335,0.0599,0,0.000,0.000,0.00,0.00,0.000,0
-9.12,17.94,1.44,0.9846,-0.1535,0.0829,-0.0126,-1.59,-2.98,9.18,-0.44,-0.88,1.88,9.78,0,1.70,0.0334,0.0600,0,0.000,0.000,0.00,0.00,0.000,0
phase1 acc_mag=9.761 gravity=9.739 motion=0.022 moving_avg=0.036 rms=0.045 mean_rms=0.047 max_rms=0.052 min_rms=0.043 std=0.003 var=0.000 state=standing thr=0.080/0.350/0.850
-9.12,17.94,1.31,0.9846,-0.1537,0.0827,-0.0114,-1.58,-3.04,9.14,-1.56,-0.50,2.12,9.76,0,1.70,0.0333,0.0602,0,0.000,0.000,0.00,0.00,0.000,0
-9.12,17.94,1.06,0.9846,-0.1539,0.0822,-0.0093,-1.56,-3.18,9.05,-0.12,-1.38,2.12,9.72,0,1.70,0.0329,0.0603,0,0.000,0.000,0.00,0.00,0.000,0
-9.12,17.94,1.06,0.9846,-0.1541,0.0820,-0.0092,-1.50,-2.83,9.17,-1.00,0.62,0.69,9.71,0,1.70,0.0329,0.0604,0,0.000,0.000,0.00,0.00,0.000,0
-9.12,18.00,0.94,0.9846,-0.1542,0.0823,-0.0087,-1.59,-2.93,9.15,1.25,-0.06,-0.81,9.74,0,1.70,0.0330,0.0605,0,0.000,0.000,0.00,0.00,0.000,0
phase1 acc_mag=9.719 gravity=9.738 motion=0.020 moving_avg=0.037 rms=0.047 mean_rms=0.046 max_rms=0.050 min_rms=0.043 std=0.002 var=0.000 state=standing thr=0.080/0.350/0.850
-9.12,18.00,1.00,0.9846,-0.1543,0.0823,-0.0086,-1.57,-2.99,9.15,-1.06,-0.56,1.12,9.75,0,1.70,0.0329,0.0605,0,0.000,0.000,0.00,0.00,0.000,0
-9.12,18.00,0.94,0.9845,-0.1545,0.0823,-0.0084,-1.56,-2.95,9.16,-0.75,0.00,0.81,9.75,0,1.70,0.0329,0.0606,0,0.000,0.000,0.00,0.00,0.000,0
-9.12,18.00,0.94,0.9846,-0.1542,0.0822,-0.0083,-1.51,-2.90,9.19,-0.12,-0.50,0.06,9.75,0,1.70,0.0329,0.0605,0,0.000,0.000,0.00,0.00,0.000,0
-9.12,18.00,0.94,0.9846,-0.1544,0.0822,-0.0084,-1.60,-2.96,9.16,-0.31,0.12,0.06,9.76,0,1.70,0.0329,0.0605,0,0.000,0.000,0.00,0.00,0.000,0
phase1 acc_mag=9.706 gravity=9.740 motion=0.034 moving_avg=0.036 rms=0.047 mean_rms=0.045 max_rms=0.048 min_rms=0.043 std=0.002 var=0.000 state=standing thr=0.080/0.350/0.850
-9.06,18.00,0.88,0.9846,-0.1544,0.0817,-0.0081,-1.58,-2.82,9.16,-0.75,-1.69,1.12,9.71,0,1.70,0.0327,0.0606,0,0.000,0.000,0.00,0.00,0.000,0
-9.00,18.06,0.81,0.9846,-0.1550,0.0810,-0.0071,-1.53,-2.89,9.21,-0.06,-1.38,0.06,9.77,0,1.70,0.0323,0.0608,0,0.000,0.000,0.00,0.00,0.000,0
-9.00,18.12,0.88,0.9844,-0.1557,0.0811,-0.0080,-1.36,-2.94,9.16,0.44,1.94,-5.12,9.72,0,1.70,0.0324,0.0611,0,0.000,0.000,0.00,0.00,0.000,0
-9.19,18.25,1.38,0.9841,-0.1561,0.0837,-0.0125,-1.68,-3.15,9.22,0.50,4.62,-4.75,9.89,0,1.70,0.0337,0.0610,0,0.000,0.000,0.00,0.00,0.000,0
phase1 acc_mag=9.842 gravity=9.741 motion=0.100 moving_avg=0.036 rms=0.047 mean_rms=0.046 max_rms=0.048 min_rms=0.043 std=0.002 var=0.000 state=standing thr=0.080/0.350/0.850
-9.25,18.19,1.56,0.9841,-0.1555,0.0842,-0.0135,-1.68,-2.86,9.15,-0.38,-0.38,1.94,9.73,0,1.70,0.0340,0.0607,0,0.000,0.000,0.00,0.00,0.000,0
-9.19,18.12,1.31,0.9843,-0.1553,0.0834,-0.0115,-1.49,-2.93,9.15,-0.06,-1.12,2.31,9.72,0,1.70,0.0336,0.0608,0,0.000,0.000,0.00,0.00,0.000,0
-9.19,18.12,1.31,0.9843,-0.1550,0.0833,-0.0118,-1.54,-2.92,9.17,1.00,-0.25,-2.00,9.75,0,1.70,0.0335,0.0606,0,0.000,0.000,0.00,0.00,0.000,0
-9.12,18.00,1.44,0.9844,-0.1544,0.0827,-0.0128,-1.56,-2.86,9.20,1.75,-1.94,-1.06,9.76,0,1.70,0.0334,0.0604,0,0.000,0.000,0.00,0.00,0.000,0
phase1 acc_mag=9.779 gravity=9.742 motion=0.037 moving_avg=0.039 rms=0.051 mean_rms=0.047 max_rms=0.051 min_rms=0.043 std=0.002 var=0.000 state=standing thr=0.080/0.350/0.850
-8.94,18.00,1.38,0.9846,-0.1542,0.0811,-0.0118,-1.49,-2.90,9.09,-0.06,-2.88,2.25,9.66,0,1.70,0.0327,0.0604,0,0.000,0.000,0.00,0.00,0.000,0
-8.88,17.94,1.19,0.9847,-0.1542,0.0801,-0.0104,-1.46,-3.06,9.06,-0.44,-1.50,1.88,9.67,0,1.70,0.0322,0.0604,0,0.000,0.000,0.00,0.00,0.000,0
-8.88,17.94,1.12,0.9848,-0.1539,0.0801,-0.0097,-1.49,-2.82,9.18,-1.19,-0.56,2.38,9.72,0,1.70,0.0321,0.0603,0,0.000,0.000,0.00,0.00,0.000,0
-8.88,18.00,1.06,0.9847,-0.1544,0.0802,-0.0096,-1.41,-2.84,9.23,-0.94,1.06,-2.25,9.76,0,1.70,0.0322,0.0605,0,0.000,0.000,0.00,0.00,0.000,0
phase1 acc_mag=9.699 gravity=9.739 motion=0.040 moving_avg=0.037 rms=0.050 mean_rms=0.048 max_rms=0.053 min_rms=0.044 std=0.002 var=0.000 state=standing thr=0.080/0.350/0.850
-9.00,18.12,1.25,0.9845,-0.1552,0.0812,-0.0109,-1.49,-2.89,9.20,1.06,2.38,-3.50,9.76,0,1.70,0.0327,0.0608,0,0.000,0.000,0.00,0.00,0.000,0
-9.06,18.12,1.44,0.9844,-0.1552,0.0822,-0.0128,-1.55,-3.01,9.11,0.31,1.81,-2.69,9.72,0,1.70,0.0331,0.0607,0,0.000,0.000,0.00,0.00,0.000,0
-9.06,18.12,1.62,0.9843,-0.1553,0.0823,-0.0144,-1.47,-2.82,9.21,0.62,0.50,-2.94,9.74,0,1.70,0.0333,0.0607,0,0.000,0.000,0.00,0.00,0.000,0
-9.06,18.19,1.81,0.9843,-0.1556,0.0825,-0.0157,-1.50,-2.95,9.18,0.44,0.69,-2.69,9.76,0,1.70,0.0335,0.0607,0,0.000,0.000,0.00,0.00,0.000,0
phase1 acc_mag=9.732 gravity=9.737 motion=0.005 moving_avg=0.034 rms=0.046 mean_rms=0.048 max_rms=0.053 min_rms=0.044 std=0.002 var=0.000 state=standing thr=0.080/0.350/0.850
-9.00,18.19,2.00,0.9842,-0.1555,0.0827,-0.0176,-1.59,-3.09,9.11,-0.38,1.12,-3.12,9.75,0,1.70,0.0337,0.0606,0,0.000,0.000,0.00,0.00,0.000,0
-9.06,18.19,2.25,0.9841,-0.1553,0.0833,-0.0198,-1.62,-2.98,9.16,0.75,2.31,-3.50,9.77,0,1.70,0.0340,0.0605,0,0.000,0.000,0.00,0.00,0.000,0
-9.12,18.25,2.50,0.9839,-0.1557,0.0844,-0.0217,-1.63,-2.96,9.22,0.81,1.06,-1.50,9.82,0,1.70,0.0346,0.0605,0,0.000,0.000,0.00,0.00,0.000,0
-9.12,18.25,2.50,0.9839,-0.1558,0.0845,-0.0219,-1.54,-3.01,9.26,-0.19,0.25,-0.62,9.86,0,1.70,0.0346,0.0606,0,0.000,0.000,0.00,0.00,0.000,0
phase1 acc_mag=9.637 gravity=9.736 motion=0.098 moving_avg=0.040 rms=0.052 mean_rms=0.048 max_rms=0.053 min_rms=0.044 std=0.002 var=0.000 state=standing thr=0.080/0.350/0.850
-9.19,18.38,2.56,0.9838,-0.1564,0.0848,-0.0223,-1.63,-2.88,9.18,-2.94,1.31,0.75,9.76,0,1.70,0.0348,0.0608,0,0.000,0.000,0.00,0.00,0.000,0
-9.19,18.44,2.56,0.9837,-0.1570,0.0850,-0.0224,-1.58,-3.03,9.22,-0.25,0.06,-1.00,9.83,0,1.70,0.0349,0.0610,0,0.000,0.000,0.00,0.00,0.000,0
-9.19,18.44,2.62,0.9836,-0.1572,0.0849,-0.0229,-1.57,-3.09,9.08,-2.06,-0.06,-0.06,9.72,0,1.70,0.0348,0.0611,0,0.000,0.000,0.00,0.00,0.000,0
-9.19,18.50,2.75,0.9836,-0.1572,0.0852,-0.0237,-1.57,-3.00,9.19,0.00,1.25,-1.25,9.79,0,1.70,0.0350,0.0610,0,0.000,0.000,0.00,0.00,0.000,0
phase1 acc_mag=9.691 gravity=9.736 motion=0.045 moving_avg=0.042 rms=0.056 mean_rms=0.051 max_rms=0.060 min_rms=0.046 std=0.004 var=0.000 state=standing thr=0.080/0.350/0.850
-9.25,18.44,2.81,0.9836,-0.1569,0.0860,-0.0243,-1.58,-3.10,9.13,-0.81,1.81,-0.06,9.77,0,1.70,0.0354,0.0609,0,0.000,0.000,0.00,0.00,0.000,0
-9.38,18.44,2.94,0.9835,-0.1567,0.0869,-0.0254,-1.66,-3.16,9.09,-0.06,1.94,-2.12,9.77,0,1.70,0.0358,0.0608,0,0.000,0.000,0.00,0.00,0.000,0
-9.38,18.38,3.06,0.9835,-0.1564,0.0875,-0.0267,-1.61,-2.91,9.11,-1.88,0.94,-0.06,9.70,0,1.70,0.0361,0.0606,0,0.000,0.000,0.00,0.00,0.000,0
-9.50,18.38,3.12,0.9835,-0.1556,0.0884,-0.0275,-1.73,-2.79,9.01,3.62,1.81,-1.00,9.59,0,1.70,0.0365,0.0602,0,0.000,0.000,0.00,0.00,0.000,0
phase1 acc_mag=11.504 gravity=9.754 motion=1.750 moving_avg=0.063 rms=0.185 mean_rms=0.054 max_rms=0.185 min_rms=0.046 std=0.014 var=0.000 state=slow thr=0.082/0.350/0.850
-9.44,17.31,3.06,0.9849,-0.1470,0.0876,-0.0268,-1.79,-2.78,9.34,13.19,-3.81,12.88,9.91,0,1.70,0.0361,0.0570,0,0.000,0.000,0.00,0.00,0.000,0
-9.69,17.44,1.94,0.9847,-0.1487,0.0885,-0.0173,-1.58,-2.87,9.21,-0.12,1.19,-2.81,9.78,0,1.70,0.0359,0.0580,0,0.000,0.000,0.00,0.00,0.000,0
-9.62,17.50,2.62,0.9846,-0.1489,0.0889,-0.0241,-1.70,-2.44,8.95,-0.44,2.19,-13.25,9.43,0,1.70,0.0364,0.0578,0,0.000,0.000,0.00,0.00,0.000,0
-9.50,17.38,3.19,0.9847,-0.1472,0.0885,-0.0278,-1.62,-2.67,9.21,2.50,-0.38,-3.00,9.73,0,1.70,0.0365,0.0570,0,0.000,0.000,0.00,0.00,0.000,0
phase1 acc_mag=9.756 gravity=9.757 motion=0.001 moving_avg=0.084 rms=0.200 mean_rms=0.085 max_rms=0.200 min_rms=0.046 std=0.059 var=0.004 state=standing thr=0.204/0.404/0.904
-9.56,17.31,3.25,0.9847,-0.1469,0.0888,-0.0283,-1.54,-2.73,9.10,0.69,1.25,0.56,9.62,0,1.70,0.0366,0.0568,0,0.000,0.000,0.00,0.00,0.000,0
-9.56,17.31,3.56,0.9847,-0.1460,0.0893,-0.0310,-1.59,-2.67,9.25,3.75,-0.88,-3.94,9.76,0,1.70,0.0370,0.0564,0,0.000,0.000,0.00,0.00,0.000,0
-9.50,17.06,3.69,0.9850,-0.1445,0.0888,-0.0319,-1.59,-2.68,9.17,0.81,0.50,-0.44,9.69,0,1.70,0.0368,0.0558,0,0.000,0.000,0.00,0.00,0.000,0
-9.50,16.88,3.81,0.9854,-0.1422,0.0884,-0.0334,-1.72,-2.72,9.05,6.44,-2.94,-1.94,9.61,0,1.70,0.0368,0.0548,0,0.000,0.000,0.00,0.00,0.000,0
phase1 acc_mag=9.414 gravity=9.763 motion=0.349 moving_avg=0.112 rms=0.225 mean_rms=0.120 max_rms=0.225 min_rms=0.046 std=0.072 var=0.005 state=standing thr=0.264/0.464/0.964
-9.25,16.25,3.50,0.9863,-0.1374,0.0862,-0.0306,-1.38,-1.04,8.09,2.75,-4.00,9.62,8.27,0,1.70,0.0357,0.0531,0,0.000,0.000,0.00,0.00,0.000,0
-9.06,16.62,3.50,0.9860,-0.1411,0.0840,-0.0308,-1.68,-2.82,9.32,-1.81,-4.75,-3.12,9.88,0,1.70,0.0349,0.0546,0,0.000,0.000,0.00,0.00,0.000,0
-8.69,16.56,3.69,0.9861,-0.1406,0.0815,-0.0322,-1.22,-2.30,9.38,-1.56,-0.25,-3.44,9.73,0,1.70,0.0340,0.0544,0,0.000,0.000,0.00,0.00,0.000,0
phase1 acc_mag=9.105 gravity=9.756 motion=0.651 moving_avg=0.169 rms=0.348 mean_rms=0.170 max_rms=0.348 min_rms=0.055 std=0.088 var=0.008 state=slow thr=0.347/0.547/1.047
-8.75,16.88,2.94,0.9860,-0.1437,0.0814,-0.0254,-1.62,-2.95,8.46,13.38,-9.38,4.50,9.10,0,1.70,0.0335,0.0558,0,0.000,0.000,0.00,0.00,0.000,0
-8.44,16.00,2.94,0.9874,-0.1357,0.0779,-0.0258,-1.32,-3.02,9.46,5.06,-3.38,2.19,10.02,0,1.70,0.0322,0.0528,0,0.000,0.000,0.00,0.00,0.000,0
-7.50,14.94,2.19,0.9894,-0.1266,0.0673,-0.0198,-1.19,-2.46,9.40,17.38,-13.25,-11.25,9.79,0,1.70,0.0276,0.0496,0,0.000,0.000,0.00,0.00,0.000,0
-6.81,14.75,2.38,0.9897,-0.1265,0.0629,-0.0209,-0.84,-2.51,9.21,-7.06,-4.88,-12.00,9.58,0,1.70,0.0259,0.0495,0,0.000,0.000,0.00,0.00,0.000,0
phase1 acc_mag=10.572 gravity=9.747 motion=0.826 moving_avg=0.220 rms=0.384 mean_rms=0.232 max_rms=0.384 min_rms=0.058 std=0.095 var=0.009 state=standing thr=0.421/0.621/1.121
-6.50,14.94,5.56,0.9882,-0.1274,0.0648,-0.0547,-2.30,-3.68,10.14,-6.88,23.62,-77.12,11.03,0,1.70,0.0284,0.0490,0,0.000,0.000,0.00,0.00,0.000,0
-6.44,15.50,11.00,0.9847,-0.1282,0.0694,-0.0950,2.11,-2.82,10.56,1.81,23.00,-79.38,11.13,0,1.70,0.0322,0.0479,0,0.000,0.000,0.00,0.00,0.000,0
-6.38,16.38,15.12,0.9797,-0.1332,0.0749,-0.1301,2.48,-1.91,9.29,-3.94,5.19,-29.56,9.80,0,1.70,0.0363,0.0483,0,0.000,0.000,0.00,0.00,0.000,0
-5.75,16.50,18.88,0.9742,-0.1335,0.0740,-0.1663,0.50,-2.33,9.26,-2.50,5.31,-44.50,9.56,0,1.70,0.0377,0.0471,0,0.000,0.000,0.00,0.00,0.000,0
phase1 acc_mag=9.777 gravity=9.901 motion=0.125 moving_avg=0.370 rms=0.693 mean_rms=0.334 max_rms=0.712 min_rms=0.192 std=0.157 var=0.025 state=slow thr=0.649/0.849/1.349
-5.44,16.62,20.56,0.9724,-0.1335,0.0734,-0.1769,-1.04,-2.65,9.14,1.75,1.31,-21.38,9.57,0,1.70,0.0380,0.0467,0,0.000,0.000,0.00,0.00,0.000,0
-5.12,16.88,21.62,0.9705,-0.1357,0.0721,-0.1860,-0.88,-2.81,9.50,-5.12,-2.12,-7.06,9.95,0,1.70,0.0381,0.0473,0,0.000,0.000,0.00,0.00,0.000,0
-4.94,16.88,20.69,0.9720,-0.1366,0.0694,-0.1778,-0.79,-2.87,9.44,-0.62,-9.31,18.94,9.90,0,1.70,0.0367,0.0482,0,0.000,0.000,0.00,0.00,0.000,0
phase1 acc_mag=10.114 gravity=9.907 motion=0.208 moving_avg=0.390 rms=0.699 mean_rms=0.439 max_rms=0.712 min_rms=0.201 std=0.193 var=0.037 state=standing thr=0.824/1.024/1.524
-4.75,17.06,19.19,0.9749,-0.1401,0.0655,-0.1604,-3.10,-2.67,9.25,-8.56,-7.94,16.56,10.11,0,1.70,0.0345,0.0504,0,0.000,0.000,0.00,0.00,0.000,0
-4.75,17.62,15.38,0.9788,-0.1470,0.0618,-0.1288,-0.49,-3.12,9.12,-14.25,-12.94,41.81,9.65,0,1.70,0.0318,0.0544,0,0.000,0.000,0.00,0.00,0.000,0
-4.75,18.19,12.00,0.9811,-0.1524,0.0588,-0.1035,-2.51,-3.02,8.81,-14.44,-18.62,59.19,9.65,0,1.70,0.0294,0.0574,0,0.000,0.000,0.00,0.00,0.000,0
-5.12,19.00,8.69,0.9825,-0.1606,0.0582,-0.0746,-1.09,-2.98,9.15,-2.44,-0.25,7.56,9.68,0,1.70,0.0277,0.0614,0,0.000,0.000,0.00,0.00,0.000,0
phase1 acc_mag=9.882 gravity=9.953 motion=0.071 moving_avg=0.432 rms=0.752 mean_rms=0.542 max_rms=0.771 min_rms=0.277 std=0.182 var=0.033 state=standing thr=0.906/1.106/1.606
-5.25,19.19,8.31,0.9824,-0.1624,0.0587,-0.0714,-0.91,-3.24,9.18,-0.56,0.12,4.88,9.78,0,1.70,0.0277,0.0621,0,0.000,0.000,0.00,0.00,0.000,0
-5.31,19.06,8.00,0.9827,-0.1614,0.0589,-0.0691,-1.03,-3.52,9.55,4.69,-0.81,1.44,10.23,0,1.70,0.0276,0.0618,0,0.000,0.000,0.00,0.00,0.000,0
-4.94,18.06,8.62,0.9839,-0.1516,0.0551,-0.0761,-0.54,-3.31,9.56,16.12,-1.19,-19.75,10.13,0,1.70,0.0263,0.0580,0,0.000,0.000,0.00,0.00,0.000,0
-4.69,17.44,10.00,0.9838,-0.1473,0.0547,-0.0865,-0.79,-2.82,9.30,1.12,3.69,-13.75,9.75,0,1.70,0.0266,0.0561,0,0.000,0.000,0.00,0.00,0.000,0
phase1 acc_mag=10.214 gravity=9.953 motion=0.261 moving_avg=0.433 rms=0.736 mean_rms=0.635 max_rms=0.771 min_rms=0.350 std=0.146 var=0.021 state=standing thr=0.928/1.128/1.628
-4.50,17.31,12.56,0.9814,-0.1441,0.0560,-0.1136,-2.15,-2.64,9.26,14.31,11.88,-63.44,9.87,0,1.70,0.0285,0.0540,0,0.000,0.000,0.00,0.00,0.000,0
-4.19,17.19,17.19,0.9769,-0.1422,0.0591,-0.1479,-0.42,-2.85,9.50,-3.56,11.00,-37.75,9.93,0,1.70,0.0315,0.0521,0,0.000,0.000,0.00,0.00,0.000,0
-4.31,17.31,18.19,0.9755,-0.1426,0.0615,-0.1562,-0.86,-2.88,9.32,2.81,4.00,-2.81,9.79,0,1.70,0.0329,0.0518,0,0.000,0.000,0.00,0.00,0.000,0
-4.56,17.12,18.00,0.9760,-0.1409,0.0635,-0.1537,-1.01,-2.64,9.17,-2.06,0.62,12.62,9.60,0,1.70,0.0334,0.0511,0,0.000,0.000,0.00,0.00,0.000,0
phase1 acc_mag=9.610 gravity=9.918 motion=0.308 moving_avg=0.395 rms=0.711 mean_rms=0.713 max_rms=0.771 min_rms=0.424 std=0.052 var=0.003 state=standing thr=0.816/1.016/1.516
-4.62,17.06,17.44,0.9766,-0.1400,0.0633,-0.1503,-0.81,-2.74,9.22,1.69,-2.44,7.38,9.65,0,1.70,0.0331,0.0509,0,0.000,0.000,0.00,0.00,0.000,0
-4.62,17.06,17.12,0.9770,-0.1406,0.0629,-0.1473,-0.90,-2.80,9.26,-1.31,0.25,1.00,9.72,0,1.70,0.0329,0.0512,0,0.000,0.000,0.00,0.00,0.000,0
-4.62,17.00,17.56,0.9766,-0.1396,0.0630,-0.1511,-0.97,-2.78,9.30,1.75,-0.06,-4.31,9.75,0,1.70,0.0330,0.0507,0,0.000,0.000,0.00,0.00,0.000,0
phase1 acc_mag=9.620 gravity=9.753 motion=0.134 moving_avg=0.271 rms=0.421 mean_rms=0.674 max_rms=0.771 min_rms=0.421 std=0.114 var=0.013 state=standing thr=0.903/1.103/1.603
-4.44,17.00,17.88,0.9762,-0.1395,0.0621,-0.1540,-0.94,-2.75,9.17,-3.06,-1.31,-3.50,9.62,0,1.70,0.0329,0.0507,0,0.000,0.000,0.00,0.00,0.000,0
-4.31,17.06,18.06,0.9758,-0.1406,0.0615,-0.1555,-0.83,-2.63,9.22,-1.31,0.12,1.50,9.62,0,1.70,0.0327,0.0510,0,0.000,0.000,0.00,0.00,0.000,0
-4.50,17.06,17.56,0.9766,-0.1400,0.0622,-0.1509,-0.70,-2.89,9.25,2.69,-0.06,4.69,9.72,0,1.70,0.0327,0.0509,0,0.000,0.000,0.00,0.00,0.000,0
-4.38,16.81,17.62,0.9768,-0.1385,0.0610,-0.1515,-1.01,-2.82,9.11,5.06,-3.12,-8.31,9.59,0,1.70,0.0322,0.0504,0,0.000,0.000,0.00,0.00,0.000,0
phase1 acc_mag=9.526 gravity=9.753 motion=0.227 moving_avg=0.246 rms=0.406 mean_rms=0.618 max_rms=0.771 min_rms=0.406 std=0.153 var=0.023 state=standing thr=0.923/1.123/1.623
-4.25,16.94,17.69,0.9764,-0.1401,0.0600,-0.1527,-0.69,-2.77,9.29,-2.88,-0.06,-2.88,9.72,0,1.70,0.0320,0.0511,0,0.000,0.000,0.00,0.00,0.000,0
-4.44,17.12,17.81,0.9761,-0.1407,0.0621,-0.1535,-0.55,-2.92,9.55,1.62,5.50,0.75,10.00,0,1.70,0.0329,0.0511,0,0.000,0.000,0.00,0.00,0.000,0
-4.62,17.00,18.00,0.9760,-0.1397,0.0638,-0.1547,-1.01,-2.74,9.08,-0.81,1.69,-2.25,9.54,0,1.70,0.0335,0.0506,0,0.000,0.000,0.00,0.00,0.000,0
-4.69,17.19,17.62,0.9762,-0.1412,0.0642,-0.1514,-0.84,-2.75,9.17,0.56,-1.38,-0.56,9.61,0,1.70,0.0336,0.0513,0,0.000,0.000,0.00,0.00,0.000,0
phase1 acc_mag=9.602 gravity=9.710 motion=0.107 moving_avg=0.176 rms=0.238 mean_rms=0.532 max_rms=0.756 min_rms=0.238 std=0.182 var=0.033 state=standing thr=0.896/1.096/1.596
-4.88,17.38,17.50,0.9761,-0.1425,0.0659,-0.1505,-1.10,-2.54,9.14,-6.56,3.19,4.69,9.55,0,1.70,0.0343,0.0517,0,0.000,0.000,0.00,0.00,0.000,0
-5.06,17.56,17.19,0.9762,-0.1443,0.0672,-0.1475,-1.04,-2.74,9.22,-2.62,-1.12,5.81,9.67,0,1.70,0.0348,0.0524,0,0.000,0.000,0.00,0.00,0.000,0
-5.00,17.56,16.88,0.9766,-0.1442,0.0662,-0.1453,-0.90,-2.72,9.14,1.56,-3.06,4.12,9.58,0,1.70,0.0342,0.0525,0,0.000,0.000,0.00,0.00,0.000,0
phase1 acc_mag=9.676 gravity=9.699 motion=0.023 moving_avg=0.150 rms=0.196 mean_rms=0.421 max_rms=0.739 min_rms=0.196 std=0.179 var=0.032 state=standing thr=0.779/0.979/1.479
-4.88,17.56,16.81,0.9767,-0.1444,0.0652,-0.1449,-1.06,-2.67,9.24,-0.50,-0.19,-4.06,9.68,0,1.70,0.0339,0.0526,0,0.000,0.000,0.00,0.00,0.000,0
-4.62,17.56,16.25,0.9776,-0.1446,0.0619,-0.1398,-0.63,-2.89,9.54,4.31,-4.50,2.94,9.99,0,1.70,0.0323,0.0531,0,0.000,0.000,0.00,0.00,0.000,0
-4.50,17.06,16.19,0.9783,-0.1411,0.0602,-0.1392,-0.74,-2.59,9.23,7.50,-1.31,-0.19,9.62,0,1.70,0.0314,0.0519,0,0.000,0.000,0.00,0.00,0.000,0
-4.44,16.81,15.62,0.9792,-0.1396,0.0590,-0.1345,-0.51,-2.76,9.52,3.38,-3.31,13.50,9.93,0,1.70,0.0306,0.0515,0,0.000,0.000,0.00,0.00,0.000,0
phase1 acc_mag=9.933 gravity=9.701 motion=0.232 moving_avg=0.127 rms=0.158 mean_rms=0.309 max_rms=0.619 min_rms=0.158 std=0.116 var=0.013 state=standing thr=0.541/0.741/1.241
-4.38,16.69,15.81,0.9792,-0.1381,0.0587,-0.1365,-0.99,-2.52,8.90,4.12,1.38,-10.00,9.30,0,1.70,0.0305,0.0509,0,0.000,0.000,0.00,0.00,0.000,0
-4.44,16.75,16.06,0.9788,-0.1389,0.0593,-0.1384,-0.75,-2.80,9.44,0.62,2.38,-6.25,9.88,0,1.70,0.0309,0.0511,0,0.000,0.000,0.00,0.00,0.000,0
-4.12,16.75,16.56,0.9781,-0.1387,0.0573,-0.1437,-0.49,-2.78,9.07,0.81,-1.50,-11.75,9.50,0,1.70,0.0304,0.0510,0,0.000,0.000,0.00,0.00,0.000,0
-4.00,16.62,17.06,0.9779,-0.1374,0.0568,-0.1468,-0.62,-2.95,9.23,-0.38,1.75,-7.25,9.71,0,1.70,0.0303,0.0504,0,0.000,0.000,0.00,0.00,0.000,0
phase1 acc_mag=9.662 gravity=9.712 motion=0.050 moving_avg=0.141 rms=0.184 mean_rms=0.254 max_rms=0.420 min_rms=0.157 std=0.099 var=0.010 state=standing thr=0.452/0.652/1.152
-4.25,16.56,17.19,0.9778,-0.1365,0.0588,-0.1479,-0.57,-2.80,7.82,-5.06,2.50,-2.44,8.33,0,1.70,0.0311,0.0499,0,0.000,0.000,0.00,0.00,0.000,0
-4.38,16.06,18.19,0.9770,-0.1318,0.0605,-0.1566,-4.36,-2.51,7.41,-137.00,-4.69,66.25,8.96,0,1.70,0.0319,0.0477,0,0.000,0.000,0.00,0.00,0.000,0
-4.31,16.81,17.62,0.9768,-0.1387,0.0602,-0.1517,-0.93,-2.68,9.28,-2.75,-3.38,-3.38,9.70,0,1.70,0.0320,0.0505,0,0.000,0.000,0.00,0.00,0.000,0
-4.19,16.88,17.56,0.9769,-0.1392,0.0593,-0.1507,-0.86,-2.72,9.33,-0.38,-1.38,3.56,9.76,0,1.70,0.0316,0.0508,0,0.000,0.000,0.00,0.00,0.000,0
phase1 acc_mag=9.679 gravity=9.647 motion=0.032 moving_avg=0.232 rms=0.486 mean_rms=0.253 max_rms=0.488 min_rms=0.157 std=0.113 var=0.013 state=slow thr=0.480/0.680/1.180
-4.19,16.88,17.56,0.9769,-0.1392,0.0593,-0.1512,-0.78,-2.84,9.26,-0.19,0.69,-0.56,9.72,0,1.70,0.0316,0.0508,0,0.000,0.000,0.00,0.00,0.000,0
-4.31,16.81,17.75,0.9766,-0.1385,0.0603,-0.1530,-0.82,-2.71,9.16,-1.06,2.50,-1.88,9.59,0,1.70,0.0320,0.0504,0,0.000,0.000,0.00,0.00,0.000,0
-4.19,16.88,17.88,0.9765,-0.1384,0.0593,-0.1541,-0.75,-2.76,9.30,6.31,-1.19,-1.50,9.73,0,1.70,0.0317,0.0504,0,0.000,0.000,0.00,0.00,0.000,0
-4.12,16.56,17.94,0.9768,-0.1366,0.0588,-0.1542,-0.77,-2.53,9.56,4.25,0.31,-0.06,9.92,0,1.70,0.0314,0.0497,0,0.000,0.000,0.00,0.00,0.000,0
phase1 acc_mag=9.712 gravity=9.642 motion=0.070 moving_avg=0.228 rms=0.485 mean_rms=0.299 max_rms=0.488 min_rms=0.157 std=0.147 var=0.022 state=standing thr=0.592/0.792/1.292
-4.06,16.38,18.12,0.9767,-0.1351,0.0583,-0.1564,-0.54,-2.54,9.14,0.00,0.12,-5.00,9.50,0,1.70,0.0312,0.0491,0,0.000,0.000,0.00,0.00,0.000,0
-4.06,16.62,18.38,0.9761,-0.1367,0.0590,-0.1583,-0.91,-2.82,9.53,0.50,2.50,-2.00,9.98,0,1.70,0.0317,0.0496,0,0.000,0.000,0.00,0.00,0.000,0
-4.12,16.56,18.44,0.9761,-0.1363,0.0594,-0.1587,-0.78,-2.70,9.19,0.75,-0.62,-0.19,9.61,0,1.70,0.0318,0.0494,0,0.000,0.000,0.00,0.00,0.000,0
-4.06,16.62,18.31,0.9762,-0.1370,0.0589,-0.1577,-0.71,-2.74,9.35,-2.25,-0.06,2.06,9.77,0,1.70,0.0316,0.0498,0,0.000,0.000,0.00,0.00,0.000,0
phase1 acc_mag=9.733 gravity=9.634 motion=0.098 moving_avg=0.227 rms=0.485 mean_rms=0.361 max_rms=0.488 min_rms=0.157 std=0.152 var=0.023 state=standing thr=0.666/0.866/1.366
-4.12,16.75,18.12,0.9763,-0.1378,0.0590,-0.1561,-0.76,-2.68,9.17,-0.06,-1.31,3.56,9.58,0,1.70,0.0316,0.0501,0,0.000,0.000,0.00,0.00,0.000,0
-4.12,16.69,17.94,0.9766,-0.1379,0.0588,-0.1544,-0.65,-2.74,9.25,-2.06,0.12,2.50,9.67,0,1.70,0.0315,0.0502,0,0.000,0.000,0.00,0.00,0.000,0
-4.25,16.81,17.75,0.9767,-0.1384,0.0599,-0.1529,-0.83,-2.65,9.23,-1.38,1.56,1.94,9.64,0,1.70,0.0319,0.0504,0,0.000,0.000,0.00,0.00,0.000,0
phase1 acc_mag=9.718 gravity=9.628 motion=0.090 moving_avg=0.204 rms=0.477 mean_rms=0.428 max_rms=0.488 min_rms=0.163 std=0.117 var=0.014 state=standing thr=0.661/0.861/1.361
-4.31,16.81,17.75,0.9766,-0.1387,0.0603,-0.1527,-0.76,-2.75,9.29,-1.50,0.50,-1.06,9.72,0,1.70,0.0320,0.0505,0,0.000,0.000,0.00,0.00,0.000,0
-4.31,16.81,17.62,0.9769,-0.1384,0.0600,-0.1516,-0.76,-2.78,9.33,0.94,-0.50,1.62,9.76,0,1.70,0.0318,0.0504,0,0.000,0.000,0.00,0.00,0.000,0
-4.25,16.69,17.56,0.9771,-0.1377,0.0595,-0.1508,-0.70,-2.75,9.31,1.94,-2.12,1.94,9.73,0,1.70,0.0316,0.0502,0,0.000,0.000,0.00,0.00,0.000,0
-4.25,16.69,17.44,0.9773,-0.1376,0.0591,-0.1500,-0.52,-2.68,9.26,-0.81,0.44,0.00,9.65,0,1.70,0.0314,0.0502,0,0.000,0.000,0.00,0.00,0.000,0
phase1 acc_mag=9.681 gravity=9.672 motion=0.009 moving_avg=0.126 rms=0.187 mean_rms=0.476 max_rms=0.488 min_rms=0.187 std=0.041 var=0.002 state=standing thr=0.558/0.758/1.258
-4.31,16.81,17.56,0.9769,-0.1384,0.0599,-0.1512,-0.86,-2.65,9.34,-1.19,3.50,-3.19,9.75,0,1.70,0.0318,0.0505,0,0.000,0.000,0.00,0.00,0.000,0
-4.38,16.88,17.88,0.9763,-0.1390,0.0611,-0.1544,-0.55,-2.69,9.36,-0.88,1.00,-5.25,9.75,0,1.70,0.0324,0.0505,0,0.000,0.000,0.00,0.00,0.000,0
-4.44,17.00,18.38,0.9755,-0.1396,0.0626,-0.1582,-0.84,-2.83,9.18,-3.31,3.62,-6.31,9.64,0,1.70,0.0333,0.0505,0,0.000,0.000,0.00,0.00,0.000,0
-4.44,17.19,18.81,0.9747,-0.1406,0.0635,-0.1618,-0.86,-2.73,9.38,-0.06,1.81,-7.62,9.81,0,1.70,0.0339,0.0507,0,0.000,0.000,0.00,0.00,0.000,0
phase1 acc_mag=9.668 gravity=9.692 motion=0.025 moving_avg=0.095 rms=0.127 mean_rms=0.405 max_rms=0.487 min_rms=0.126 std=0.142 var=0.020 state=standing thr=0.690/0.890/1.390
-4.50,17.00,19.31,0.9741,-0.1387,0.0646,-0.1666,-0.81,-2.74,9.13,3.75,3.75,-6.12,9.57,0,1.70,0.0344,0.0497,0,0.000,0.000,0.00,0.00,0.000,0
-4.69,16.94,19.81,0.9734,-0.1380,0.0661,-0.1700,-1.10,-2.77,9.07,-0.31,2.44,-2.88,9.55,0,1.70,0.0351,0.0492,0,0.000,0.000,0.00,0.00,0.000,0
-4.75,16.94,19.94,0.9733,-0.1372,0.0673,-0.1716,-0.96,-2.99,9.27,0.50,2.69,-2.12,9.79,0,1.70,0.0356,0.0488,0,0.000,0.000,0.00,0.00,0.000,0
-4.88,16.88,20.12,0.9730,-0.1367,0.0681,-0.1729,-0.96,-2.62,9.15,3.06,1.56,-1.62,9.57,0,1.70,0.0360,0.0485,0,0.000,0.000,0.00,0.00,0.000,0
phase1 acc_mag=9.611 gravity=9.699 motion=0.088 moving_avg=0.087 rms=0.115 mean_rms=0.329 max_rms=0.487 min_rms=0.114 std=0.173 var=0.030 state=standing thr=0.675/0.875/1.375
-4.94,16.81,20.19,0.9729,-0.1362,0.0688,-0.1736,-0.89,-2.76,9.36,1.88,1.75,-2.00,9.80,0,1.70,0.0362,0.0482,0,0.000,0.000,0.00,0.00,0.000,0
-5.00,16.62,20.56,0.9726,-0.1342,0.0697,-0.1766,-0.99,-2.56,9.10,2.62,5.25,-2.88,9.50,0,1.70,0.0366,0.0473,0,0.000,0.000,0.00,0.00,0.000,0
-5.44,16.31,20.56,0.9729,-0.1304,0.0729,-0.1765,-1.04,-2.66,9.44,1.69,2.38,2.50,9.86,0,1.70,0.0376,0.0456,0,0.000,0.000,0.00,0.00,0.000,0
phase1 acc_mag=9.843 gravity=9.692 motion=0.151 moving_avg=0.084 rms=0.111 mean_rms=0.244 max_rms=0.485 min_rms=0.094 std=0.170 var=0.029 state=standing thr=0.584/0.784/1.284
-5.62,16.44,20.31,0.9730,-0.1323,0.0743,-0.1740,-0.89,-2.78,9.40,-7.06,0.19,4.25,9.84,0,1.70,0.0381,0.0463,0,0.000,0.000,0.00,0.00,0.000,0
-5.69,16.75,20.31,0.9725,-0.1345,0.0753,-0.1745,-1.01,-2.79,9.28,-3.44,2.38,-3.00,9.74,0,1.70,0.0387,0.0471,0,0.000,0.000,0.00,0.00,0.000,0
-5.81,16.94,20.56,0.9719,-0.1355,0.0768,-0.1764,-1.08,-3.07,9.44,0.19,2.12,-1.00,9.99,0,1.70,0.0394,0.0473,0,0.000,0.000,0.00,0.00,0.000,0
-6.06,16.69,20.56,0.9720,-0.1327,0.0789,-0.1768,-1.04,-2.72,9.29,5.50,4.50,0.06,9.74,0,1.70,0.0400,0.0460,0,0.000,0.000,0.00,0.00,0.000,0
phase1 acc_mag=9.607 gravity=9.703 motion=0.096 moving_avg=0.090 rms=0.117 mean_rms=0.174 max_rms=0.474 min_rms=0.094 std=0.129 var=0.017 state=standing thr=0.432/0.632/1.132
-6.12,16.62,20.69,0.9719,-0.1321,0.0793,-0.1779,-1.01,-2.78,9.23,-0.88,0.00,-2.00,9.69,0,1.70,0.0403,0.0457,0,0.000,0.000,0.00,0.00,0.000,0
-6.12,16.62,20.88,0.9717,-0.1318,0.0795,-0.1790,-1.14,-2.70,9.19,-0.44,1.62,-1.50,9.65,0,1.70,0.0403,0.0455,0,0.000,0.000,0.00,0.00,0.000,0
-6.25,16.56,20.75,0.9720,-0.1312,0.0801,-0.1779,-1.17,-2.86,9.33,3.19,-0.75,4.06,9.83,0,1.70,0.0405,0.0453,0,0.000,0.000,0.00,0.00,0.000,0
-6.31,16.25,20.38,0.9728,-0.1288,0.0801,-0.1749,-1.09,-2.57,9.26,5.69,-0.25,4.25,9.67,0,1.70,0.0402,0.0445,0,0.000,0.000,0.00,0.00,0.000,0
phase1 acc_mag=9.516 gravity=9.709 motion=0.193 moving_avg=0.089 rms=0.113 mean_rms=0.114 max_rms=0.148 min_rms=0.094 std=0.010 var=0.000 state=standing thr=0.135/0.350/0.850
-6.38,16.00,20.25,0.9733,-0.1266,0.0801,-0.1740,-1.05,-2.61,9.26,5.44,1.50,1.50,9.68,0,1.70,0.0400,0.0437,0,0.000,0.000,0.00,0.00,0.000,0
-6.44,15.50,20.38,0.9737,-0.1218,0.0795,-0.1754,-1.14,-2.61,9.39,8.06,-0.69,-3.56,9.81,0,1.70,0.0395,0.0418,0,0.000,0.000,0.00,0.00,0.000,0
-6.44,14.88,20.69,0.9739,-0.1168,0.0793,-0.1779,-1.19,-2.38,9.29,6.06,2.56,-2.50,9.66,0,1.70,0.0392,0.0399,0,0.000,0.000,0.00,0.00,0.000,0
-6.50,14.25,20.88,0.9742,-0.1112,0.0791,-0.1797,-1.18,-2.13,9.28,17.56,1.38,-2.81,9.59,0,1.70,0.0388,0.0377,0,0.000,0.000,0.00,0.00,0.000,0
phase1 acc_mag=9.655 gravity=9.710 motion=0.055 moving_avg=0.095 rms=0.121 mean_rms=0.111 max_rms=0.126 min_rms=0.094 std=0.007 var=0.000 state=standing thr=0.126/0.350/0.850
-6.56,13.44,21.00,0.9749,-0.1040,0.0782,-0.1810,-1.14,-2.11,9.29,8.25,-0.62,-2.19,9.59,0,1.70,0.0380,0.0349,0,0.000,0.000,0.00,0.00,0.000,0
-6.19,13.50,21.00,0.9749,-0.1054,0.0751,-0.1809,-1.09,-2.09,9.41,3.88,0.69,1.62,9.70,0,1.70,0.0369,0.0357,0,0.000,0.000,0.00,0.00,0.000,0
-6.19,13.12,21.00,0.9753,-0.1022,0.0744,-0.1813,-1.15,-2.05,9.34,0.81,-0.44,-0.94,9.63,0,1.70,0.0364,0.0345,0,0.000,0.000,0.00,0.00,0.000,0
-6.25,12.94,21.06,0.9754,-0.1006,0.0748,-0.1813,-1.14,-2.03,9.33,4.38,1.56,0.69,9.62,0,1.70,0.0365,0.0338,0,0.000,0.000,0.00,0.00,0.000,0
phase1 acc_mag=9.690 gravity=9.699 motion=0.009 moving_avg=0.095 rms=0.125 mean_rms=0.113 max_rms=0.128 min_rms=0.094 std=0.009 var=0.000 state=standing thr=0.131/0.350/0.850
-6.38,12.62,21.00,0.9756,-0.0978,0.0754,-0.1812,-1.19,-2.00,9.34,1.38,1.44,1.00,9.63,0,1.70,0.0365,0.0327,0,0.000,0.000,0.00,0.00,0.000,0
-6.44,12.69,20.88,0.9758,-0.0980,0.0759,-0.1798,-1.11,-2.01,9.39,-2.00,1.12,3.75,9.67,0,1.70,0.0367,0.0328,0,0.000,0.000,0.00,0.00,0.000,0
-6.50,12.81,20.69,0.9760,-0.0993,0.0765,-0.1782,-1.14,-2.00,9.32,-6.44,-0.19,2.25,9.60,0,1.70,0.0370,0.0333,0,0.000,0.000,0.00,0.00,0.000,0
-6.56,13.31,20.56,0.9756,-0.1043,0.0776,-0.1769,-1.15,-2.04,9.31,-7.69,0.50,0.81,9.60,0,1.70,0.0377,0.0352,0,0.000,0.000,0.00,0.00,0.000,0
phase1 acc_mag=9.691 gravity=9.696 motion=0.005 moving_avg=0.078 rms=0.105 mean_rms=0.117 max_rms=0.128 min_rms=0.105 std=0.006 var=0.000 state=standing thr=0.130/0.350/0.850
-6.62,14.19,20.38,0.9750,-0.1110,0.0793,-0.1755,-1.13,-2.30,9.36,-13.62,-0.12,1.69,9.70,0,1.70,0.0387,0.0377,0,0.000,0.000,0.00,0.00,0.000,0
-6.56,14.94,20.19,0.9744,-0.1174,0.0801,-0.1740,-1.27,-2.40,9.29,-9.44,-1.88,1.31,9.68,0,1.70,0.0394,0.0402,0,0.000,0.000,0.00,0.00,0.000,0
-6.50,15.62,19.94,0.9741,-0.1240,0.0804,-0.1713,-1.08,-2.56,9.25,-6.12,-1.00,2.94,9.66,0,1.70,0.0398,0.0428,0,0.000,0.000,0.00,0.00,0.000,0
-6.50,16.06,19.81,0.9739,-0.1270,0.0809,-0.1702,-1.20,-2.59,9.26,-5.94,-0.75,1.12,9.69,0,1.70,0.0401,0.0440,0,0.000,0.000,0.00,0.00,0.000,0
phase1 acc_mag=9.770 gravity=9.699 motion=0.071 moving_avg=0.069 rms=0.096 mean_rms=0.114 max_rms=0.128 min_rms=0.096 std=0.009 var=0.000 state=standing thr=0.133/0.350/0.850
-6.56,16.31,19.69,0.9736,-0.1293,0.0814,-0.1693,-1.22,-2.58,9.23,-1.69,0.75,1.00,9.66,0,1.70,0.0405,0.0448,0,0.000,0.000,0.00,0.00,0.000,0
-6.62,16.50,19.56,0.9736,-0.1312,0.0819,-0.1679,-1.13,-2.75,9.27,-4.94,-0.06,3.19,9.74,0,1.70,0.0407,0.0456,0,0.000,0.000,0.00,0.00,0.000,0
-6.62,16.62,19.38,0.9736,-0.1324,0.0823,-0.1663,-1.16,-2.78,9.23,-1.75,-0.69,0.94,9.71,0,1.70,0.0409,0.0461,0,0.000,0.000,0.00,0.00,0.000,0
-6.62,16.75,19.25,0.9737,-0.1333,0.0821,-0.1656,-1.17,-2.68,9.24,-1.62,-0.88,1.31,9.69,0,1.70,0.0408,0.0465,0,0.000,0.000,0.00,0.00,0.000,0
phase1 acc_mag=9.641 gravity=9.701 motion=0.061 moving_avg=0.063 rms=0.092 mean_rms=0.110 max_rms=0.128 min_rms=0.092 std=0.013 var=0.000 state=standing thr=0.135/0.350/0.850
-6.56,16.88,19.19,0.9737,-0.1345,0.0818,-0.1648,-1.15,-2.77,9.19,-0.81,-1.50,-0.19,9.67,0,1.70,0.0407,0.0470,0,0.000,0.000,0.00,0.00,0.000,0
-6.44,17.00,19.25,0.9735,-0.1357,0.0805,-0.1653,-1.09,-2.71,9.21,-1.81,-1.75,-1.69,9.66,0,1.70,0.0403,0.0475,0,0.000,0.000,0.00,0.00,0.000,0
-6.25,17.19,19.31,0.9731,-0.1377,0.0799,-0.1661,-1.15,-2.85,9.24,-1.38,-0.06,-1.69,9.74,0,1.70,0.0403,0.0483,0,0.000,0.000,0.00,0.00,0.000,0
-6.25,17.25,19.38,0.9731,-0.1381,0.0799,-0.1664,-1.12,-2.86,9.27,-0.62,-0.75,0.31,9.77,0,1.70,0.0403,0.0484,0,0.000,0.000,0.00,0.00,0.000,0
phase1 acc_mag=9.623 gravity=9.700 motion=0.077 moving_avg=0.049 rms=0.066 mean_rms=0.103 max_rms=0.128 min_rms=0.065 std=0.016 var=0.000 state=standing thr=0.135/0.350/0.850
-6.31,17.31,19.25,0.9731,-0.1387,0.0801,-0.1655,-1.12,-3.02,9.30,-2.50,-0.44,2.25,9.84,0,1.70,0.0403,0.0487,0,0.000,0.000,0.00,0.00,0.000,0
-6.25,17.31,19.12,0.9733,-0.1390,0.0795,-0.1645,-1.13,-2.84,9.22,-2.00,-2.00,2.00,9.71,0,1.70,0.0401,0.0489,0,0.000,0.000,0.00,0.00,0.000,0
-6.12,17.31,19.19,0.9733,-0.1391,0.0787,-0.1646,-1.05,-2.71,9.14,0.75,-0.44,-1.31,9.59,0,1.70,0.0398,0.0490,0,0.000,0.000,0.00,0.00,0.000,0
-6.12,17.31,19.19,0.9733,-0.1392,0.0784,-0.1650,-1.04,-2.88,9.20,-0.44,-0.69,-0.88,9.70,0,1.70,0.0397,0.0490,0,0.000,0.000,0.00,0.00,0.000,0
phase1 acc_mag=9.608 gravity=9.713 motion=0.105 moving_avg=0.047 rms=0.065 mean_rms=0.089 max_rms=0.123 min_rms=0.064 std=0.017 var=0.000 state=standing thr=0.122/0.350/0.850
-6.06,17.38,19.31,0.9731,-0.1393,0.0783,-0.1658,-0.87,-2.59,9.12,-0.25,0.62,-1.94,9.52,0,1.70,0.0397,0.0490,0,0.000,0.000,0.00,0.00,0.000,0
-6.12,17.44,19.50,0.9727,-0.1400,0.0792,-0.1672,-1.35,-2.84,9.17,-1.44,-0.25,-2.06,9.69,0,1.70,0.0402,0.0492,0,0.000,0.000,0.00,0.00,0.000,0
-5.94,17.62,19.56,0.9725,-0.1415,0.0780,-0.1680,-1.05,-2.96,9.27,-1.31,-2.81,-0.81,9.79,0,1.70,0.0399,0.0498,0,0.000,0.000,0.00,0.00,0.000,0
-5.81,17.69,19.75,0.9721,-0.1423,0.0773,-0.1697,-1.05,-2.95,9.17,-0.31,0.12,-4.62,9.69,0,1.70,0.0397,0.0501,0,0.000,0.000,0.00,0.00,0.000,0
phase1 acc_mag=9.884 gravity=9.722 motion=0.161 moving_avg=0.053 rms=0.071 mean_rms=0.081 max_rms=0.102 min_rms=0.064 std=0.014 var=0.000 state=standing thr=0.108/0.350/0.850
-5.69,17.75,20.00,0.9717,-0.1427,0.0767,-0.1718,-0.94,-2.80,9.24,-0.44,-1.06,-3.62,9.70,0,1.70,0.0396,0.0502,0,0.000,0.000,0.00,0.00,0.000,0
-5.69,17.88,20.19,0.9713,-0.1436,0.0767,-0.1735,-1.05,-3.10,9.31,-1.50,0.12,-1.94,9.87,0,1.70,0.0398,0.0505,0,0.000,0.000,0.00,0.00,0.000,0
-5.50,17.81,20.12,0.9716,-0.1434,0.0751,-0.1728,-0.96,-3.09,9.36,1.69,-3.75,1.12,9.90,0,1.70,0.0391,0.0505,0,0.000,0.000,0.00,0.00,0.000,0
phase1 acc_mag=9.648 gravity=9.726 motion=0.078 moving_avg=0.060 rms=0.085 mean_rms=0.076 max_rms=0.096 min_rms=0.064 std=0.011 var=0.000 state=standing thr=0.098/0.350/0.850
-5.31,17.75,20.06,0.9718,-0.1432,0.0731,-0.1724,-0.78,-2.80,9.20,1.19,-2.19,-0.38,9.65,0,1.70,0.0383,0.0506,0,0.000,0.000,0.00,0.00,0.000,0
-5.31,17.69,20.19,0.9717,-0.1429,0.0732,-0.1733,-1.00,-2.87,9.22,-0.44,0.62,-0.81,9.71,0,1.70,0.0384,0.0505,0,0.000,0.000,0.00,0.00,0.000,0
-5.31,17.75,20.19,0.9716,-0.1434,0.0734,-0.1733,-0.92,-2.95,9.26,-0.81,0.56,1.06,9.76,0,1.70,0.0385,0.0507,0,0.000,0.000,0.00,0.00,0.000,0
-5.25,17.88,20.12,0.9716,-0.1443,0.0731,-0.1727,-0.90,-3.01,9.29,0.31,-2.19,-0.94,9.81,0,1.70,0.0384,0.0510,0,0.000,0.000,0.00,0.00,0.000,0
phase1 acc_mag=9.663 gravity=9.726 motion=0.063 moving_avg=0.062 rms=0.086 mean_rms=0.075 max_rms=0.091 min_rms=0.064 std=0.009 var=0.000 state=standing thr=0.093/0.350/0.850
-5.19,17.75,20.25,0.9715,-0.1433,0.0726,-0.1744,-0.72,-2.65,9.24,1.69,2.81,-4.44,9.64,0,1.70,0.0382,0.0506,0,0.000,0.000,0.00,0.00,0.000,0
-5.31,17.75,20.50,0.9711,-0.1429,0.0740,-0.1761,-1.06,-2.86,9.17,2.31,2.19,-1.75,9.66,0,1.70,0.0388,0.0503,0,0.000,0.000,0.00,0.00,0.000,0
-5.38,17.69,20.50,0.9713,-0.1423,0.0740,-0.1760,-1.01,-3.06,9.26,0.62,-0.31,-0.56,9.80,0,1.70,0.0388,0.0501,0,0.000,0.000,0.00,0.00,0.000,0
-5.31,17.69,20.50,0.9712,-0.1428,0.0739,-0.1758,-0.84,-3.19,9.34,-1.75,1.12,-0.69,9.91,0,1.70,0.0387,0.0503,0,0.000,0.000,0.00,0.00,0.000,0
phase1 acc_mag=9.554 gravity=9.728 motion=0.174 moving_avg=0.068 rms=0.093 mean_rms=0.077 max_rms=0.093 min_rms=0.064 std=0.010 var=0.000 state=standing thr=0.096/0.350/0.850
-5.38,17.81,20.56,0.9709,-0.1432,0.0746,-0.1765,-0.96,-2.94,9.28,-2.50,0.62,-0.75,9.78,0,1.70,0.0391,0.0504,0,0.000,0.000,0.00,0.00,0.000,0
-5.50,17.81,20.62,0.9708,-0.1432,0.0756,-0.1768,-1.06,-2.92,9.17,-1.00,0.56,1.38,9.68,0,1.70,0.0395,0.0503,0,0.000,0.000,0.00,0.00,0.000,0
-5.44,17.81,20.56,0.9709,-0.1433,0.0752,-0.1763,-0.95,-2.97,9.30,0.75,-0.88,1.25,9.81,0,1.70,0.0393,0.0504,0,0.000,0.000,0.00,0.00,0.000,0
phase1 acc_mag=9.682 gravity=9.734 motion=0.052 moving_avg=0.069 rms=0.093 mean_rms=0.083 max_rms=0.096 min_rms=0.067 std=0.010 var=0.000 state=standing thr=0.103/0.350/0.850
-5.44,17.75,20.50,0.9711,-0.1430,0.0752,-0.1758,-0.96,-2.86,9.20,-1.19,-0.25,1.06,9.68,0,1.70,0.0393,0.0503,0,0.000,0.000,0.00,0.00,0.000,0
-5.50,17.81,20.50,0.9709,-0.1434,0.0755,-0.1760,-0.99,-2.84,9.25,-0.94,1.00,-1.75,9.73,0,1.70,0.0394,0.0504,0,0.000,0.000,0.00,0.00,0.000,0
-5.50,17.88,20.62,0.9708,-0.1437,0.0757,-0.1768,-0.84,-2.97,9.30,-1.31,-0.25,-1.00,9.80,0,1.70,0.0396,0.0505,0,0.000,0.000,0.00,0.00,0.000,0
-5.56,17.88,20.69,0.9706,-0.1439,0.0764,-0.1772,-0.96,-2.99,9.20,-2.38,2.38,0.12,9.72,0,1.70,0.0399,0.0504,0,0.000,0.000,0.00,0.00,0.000,0
phase1 acc_mag=9.524 gravity=9.724 motion=0.200 moving_avg=0.070 rms=0.092 mean_rms=0.088 max_rms=0.096 min_rms=0.067 std=0.007 var=0.000 state=standing thr=0.102/0.350/0.850
-5.69,18.12,20.81,0.9700,-0.1456,0.0783,-0.1782,-1.09,-3.03,9.17,-7.00,2.00,-2.31,9.72,0,1.70,0.0408,0.0509,0,0.000,0.000,0.00,0.00,0.000,0
-5.75,18.75,20.88,0.9691,-0.1504,0.0795,-0.1790,-0.85,-2.82,9.21,-8.19,1.38,-0.81,9.67,0,1.70,0.0416,0.0526,0,0.000,0.000,0.00,0.00,0.000,0
-6.00,19.25,20.88,0.9681,-0.1549,0.0828,-0.1785,-1.16,-3.20,9.24,-6.12,2.69,1.50,9.85,0,1.70,0.0431,0.0541,0,0.000,0.000,0.00,0.00,0.000,0
-6.06,19.50,20.62,0.9683,-0.1562,0.0834,-0.1765,-1.07,-2.85,9.07,-1.31,-0.44,5.19,9.57,0,1.70,0.0433,0.0546,0,0.000,0.000,0.00,0.00,0.000,0
phase1 acc_mag=9.716 gravity=9.722 motion=0.007 moving_avg=0.068 rms=0.086 mean_rms=0.089 max_rms=0.096 min_rms=0.079 std=0.005 var=0.000 state=standing thr=0.099/0.350/0.850
-6.06,19.56,20.25,0.9686,-0.1575,0.0830,-0.1733,-1.10,-3.32,9.17,0.38,-2.12,1.00,9.81,0,1.70,0.0431,0.0553,0,0.000,0.000,0.00,0.00,0.000,0
-5.88,19.56,20.19,0.9689,-0.1573,0.0812,-0.1729,-1.02,-3.12,9.07,2.31,-6.69,0.19,9.65,0,1.70,0.0424,0.0554,0,0.000,0.000,0.00,0.00,0.000,0
-5.75,19.50,19.94,0.9695,-0.1572,0.0797,-0.1705,-0.85,-2.97,9.22,-0.69,0.31,1.81,9.72,0,1.70,0.0416,0.0555,0,0.000,0.000,0.00,0.00,0.000,0
phase1 acc_mag=9.781 gravity=9.738 motion=0.043 moving_avg=0.074 rms=0.095 mean_rms=0.091 max_rms=0.096 min_rms=0.079 std=0.004 var=0.000 state=standing thr=0.100/0.350/0.850
-5.81,19.38,19.94,0.9695,-0.1566,0.0800,-0.1708,-1.11,-3.13,9.20,1.75,0.00,-0.19,9.78,0,1.70,0.0417,0.0552,0,0.000,0.000,0.00,0.00,0.000,0
-5.62,19.00,19.69,0.9706,-0.1536,0.0772,-0.1687,-0.86,-3.04,9.22,4.69,-6.38,4.25,9.75,0,1.70,0.0403,0.0544,0,0.000,0.000,0.00,0.00,0.000,0
-5.44,18.75,19.56,0.9711,-0.1522,0.0756,-0.1678,-0.90,-3.16,9.10,0.81,-0.81,0.12,9.67,0,1.70,0.0396,0.0540,0,0.000,0.000,0.00,0.00,0.000,0
-5.44,18.81,19.69,0.9709,-0.1525,0.0757,-0.1685,-1.03,-3.07,9.27,0.12,1.31,-2.75,9.82,0,1.70,0.0397,0.0541,0,0.000,0.000,0.00,0.00,0.000,0
phase1 acc_mag=9.716 gravity=9.734 motion=0.018 moving_avg=0.070 rms=0.089 mean_rms=0.092 max_rms=0.096 min_rms=0.079 std=0.004 var=0.000 state=standing thr=0.100/0.350/0.850
-5.50,18.88,19.75,0.9706,-0.1530,0.0761,-0.1691,-0.97,-3.15,9.14,-2.31,0.50,-1.12,9.72,0,1.70,0.0399,0.0543,0,0.000,0.000,0.00,0.00,0.000,0
-5.44,18.88,19.94,0.9703,-0.1528,0.0761,-0.1713,-0.94,-2.85,9.16,1.56,1.25,-4.06,9.64,0,1.70,0.0400,0.0541,0,0.000,0.000,0.00,0.00,0.000,0
-5.50,19.00,20.25,0.9697,-0.1537,0.0771,-0.1736,-0.96,-3.05,9.14,-0.19,2.00,-3.38,9.68,0,1.70,0.0406,0.0543,0,0.000,0.000,0.00,0.00,0.000,0
-5.50,19.06,20.56,0.9692,-0.1540,0.0777,-0.1759,-0.97,-3.16,9.17,-1.25,1.31,-4.19,9.75,0,1.70,0.0410,0.0542,0,0.000,0.000,0.00,0.00,0.000,0
phase1 acc_mag=9.708 gravity=9.735 motion=0.027 moving_avg=0.072 rms=0.091 mean_rms=0.091 max_rms=0.096 min_rms=0.079 std=0.004 var=0.000 state=standing thr=0.099/0.350/0.850
-5.50,19.25,20.94,0.9683,-0.1554,0.0785,-0.1794,-0.87,-3.11,9.16,-4.06,2.44,-8.25,9.71,0,1.70,0.0416,0.0546,0,0.000,0.000,0.00,0.00,0.000,0
-5.62,19.50,21.31,0.9673,-0.1566,0.0806,-0.1823,-1.04,-3.26,9.16,-2.12,3.00,-0.94,9.78,0,1.70,0.0426,0.0547,0,0.000,0.000,0.00,0.00,0.000,0
-5.69,19.62,21.44,0.9669,-0.1574,0.0816,-0.1837,-0.99,-3.22,9.14,-0.94,0.81,-3.00,9.74,0,1.70,0.0431,0.0549,0,0.000,0.000,0.00,0.00,0.000,0
-5.69,19.62,21.62,0.9666,-0.1580,0.0815,-0.1848,-0.97,-3.27,9.12,-1.81,-0.25,-1.12,9.74,0,1.70,0.0432,0.0550,0,0.000,0.000,0.00,0.00,0.000,0
phase1 acc_mag=9.738 gravity=9.742 motion=0.004 moving_avg=0.068 rms=0.088 mean_rms=0.091 max_rms=0.096 min_rms=0.079 std=0.004 var=0.000 state=standing thr=0.098/0.350/0.850
-5.62,19.81,21.75,0.9661,-0.1589,0.0815,-0.1861,-0.90,-3.30,9.12,-1.12,0.25,-3.44,9.74,0,1.70,0.0433,0.0554,0,0.000,0.000,0.00,0.00,0.000,0
-5.56,19.69,22.00,0.9659,-0.1575,0.0809,-0.1888,-0.98,-3.44,9.12,8.00,1.19,-8.69,9.80,0,1.70,0.0432,0.0548,0,0.000,0.000,0.00,0.00,0.000,0
-5.56,19.25,22.56,0.9657,-0.1540,0.0810,-0.1927,-1.15,-3.10,8.98,1.44,1.12,1.31,9.57,0,1.70,0.0432,0.0532,0,0.000,0.000,0.00,0.00,0.000,0
phase1 acc_mag=9.821 gravity=9.737 motion=0.084 moving_avg=0.066 rms=0.085 mean_rms=0.091 max_rms=0.096 min_rms=0.085 std=0.003 var=0.000 state=standing thr=0.096/0.350/0.850
-5.56,19.25,22.38,0.9659,-0.1541,0.0810,-0.1915,-0.95,-3.10,9.27,-0.50,-0.88,1.62,9.82,0,1.70,0.0431,0.0533,0,0.000,0.000,0.00,0.00,0.000,0
-5.50,19.19,22.50,0.9659,-0.1534,0.0804,-0.1924,-0.97,-3.21,9.18,2.38,0.44,-2.38,9.77,0,1.70,0.0429,0.0531,0,0.000,0.000,0.00,0.00,0.000,0
-5.38,19.06,22.75,0.9657,-0.1523,0.0790,-0.1949,-1.03,-3.17,9.10,2.69,-1.25,-6.38,9.69,0,1.70,0.0424,0.0527,0,0.000,0.000,0.00,0.00,0.000,0
-5.06,19.00,23.38,0.9648,-0.1522,0.0774,-0.1999,-0.98,-2.98,9.15,1.50,-1.62,-8.31,9.67,0,1.70,0.0420,0.0526,0,0.000,0.000,0.00,0.00,0.000,0
phase1 acc_mag=9.696 gravity=9.728 motion=0.031 moving_avg=0.064 rms=0.081 mean_rms=0.089 max_rms=0.096 min_rms=0.079 std=0.004 var=0.000 state=standing thr=0.097/0.350/0.850
-4.94,18.94,23.56,0.9647,-0.1517,0.0768,-0.2010,-0.90,-2.98,9.20,0.25,-1.00,2.50,9.71,0,1.70,0.0418,0.0524,0,0.000,0.000,0.00,0.00,0.000,0
-4.94,18.81,23.38,0.9651,-0.1506,0.0762,-0.2001,-0.91,-3.10,9.06,1.75,-0.94,-1.00,9.62,0,1.70,0.0415,0.0521,0,0.000,0.000,0.00,0.00,0.000,0
-4.94,18.88,23.69,0.9645,-0.1511,0.0768,-0.2025,-0.96,-3.01,9.08,2.94,2.12,-10.12,9.61,0,1.70,0.0419,0.0521,0,0.000,0.000,0.00,0.00,0.000,0
-4.94,19.00,24.25,0.9631,-0.1521,0.0782,-0.2076,-0.90,-2.88,9.19,-1.31,4.50,-5.69,9.67,0,1.70,0.0428,0.0521,0,0.000,0.000,0.00,0.00,0.000,0
phase1 acc_mag=9.773 gravity=9.722 motion=0.051 moving_avg=0.066 rms=0.084 mean_rms=0.086 max_rms=0.093 min_rms=0.078 std=0.004 var=0.000 state=standing thr=0.095/0.350/0.850
0.00,0.00,0.00,0.0000,0.0000,0.0000,0.0000,0.00,0.00,0.00,0.00,0.00,0.00,0.00,2,0.20,0.0000,0.0000,1,0.733,0.000,0.00,0.00,0.733,0
0.00,0.00,0.00,0.0000,0.0000,0.0000,0.0000,0.00,0.00,0.00,0.00,0.00,0.00,0.00,2,0.20,0.0000,0.0000,1,0.733,0.000,0.00,0.00,0.733,0
0.00,0.00,0.00,0.0000,0.0000,0.0000,0.0000,0.00,0.00,0.00,0.00,0.00,0.00,0.00,2,0.20,0.0000,0.0000,1,0.733,0.000,0.00,0.00,0.733,0
0.00,0.00,0.00,0.0000,0.0000,0.0000,0.0000,0.00,0.00,0.00,0.00,0.00,0.00,0.00,2,0.20,0.0000,0.0000,1,0.733,0.000,0.00,0.00,0.733,0
phase1 acc_mag=0.000 gravity=7.877 motion=7.877 moving_avg=1.717 rms=3.823 mean_rms=0.590 max_rms=3.823 min_rms=0.078 std=1.103 var=1.216 state=running thr=2.796/2.996/3.496
0.00,0.00,0.00,0.0000,0.0000,0.0000,0.0000,0.00,0.00,0.00,0.00,0.00,0.00,0.00,2,0.20,0.0000,0.0000,1,0.733,0.000,0.00,0.00,0.733,0
0.00,0.00,0.00,0.0000,0.0000,0.0000,0.0000,0.00,0.00,0.00,0.00,0.00,0.00,0.00,2,0.20,0.0000,0.0000,1,0.733,0.000,0.00,0.00,0.733,0
0.00,0.00,0.00,0.0000,0.0000,0.0000,0.0000,0.00,0.00,0.00,0.00,0.00,0.00,0.00,2,0.20,0.0000,0.0000,1,0.733,0.000,0.00,0.00,0.733,0
0.00,0.00,0.00,0.0000,0.0000,0.0000,0.0000,0.00,0.00,0.00,0.00,0.00,0.00,0.00,2,0.20,0.0000,0.0000,1,0.733,0.000,0.00,0.00,0.733,0
phase1 acc_mag=0.000 gravity=6.031 motion=6.031 moving_avg=3.020 rms=4.871 mean_rms=1.417 max_rms=4.871 min_rms=0.078 std=1.822 var=3.320 state=standing thr=5.061/5.261/5.761
0.00,0.00,0.00,0.0000,0.0000,0.0000,0.0000,0.00,0.00,0.00,0.00,0.00,0.00,0.00,2,0.20,0.0000,0.0000,1,0.733,0.000,0.00,0.00,0.733,0
0.00,0.00,0.00,0.0000,0.0000,0.0000,0.0000,0.00,0.00,0.00,0.00,0.00,0.00,0.00,2,0.20,0.0000,0.0000,1,0.733,0.000,0.00,0.00,0.733,0
0.00,0.00,0.00,0.0000,0.0000,0.0000,0.0000,0.00,0.00,0.00,0.00,0.00,0.00,0.00,2,0.20,0.0000,0.0000,1,0.733,0.000,0.00,0.00,0.733,0
0.00,0.00,0.00,0.0000,0.0000,0.0000,0.0000,0.00,0.00,0.00,0.00,0.00,0.00,0.00,2,0.20,0.0000,0.0000,1,0.733,0.000,0.00,0.00,0.733,0
phase1 acc_mag=0.000 gravity=4.178 motion=4.178 moving_avg=3.962 rms=5.351 mean_rms=2.380 max_rms=5.351 min_rms=0.078 std=2.172 var=4.716 state=standing thr=6.724/6.924/7.424
0.00,0.00,0.00,0.0000,0.0000,0.0000,0.0000,0.00,0.00,0.00,0.00,0.00,0.00,0.00,2,0.20,0.0000,0.0000,1,0.733,0.000,0.00,0.00,0.733,0
0.00,0.00,0.00,0.0000,0.0000,0.0000,0.0000,0.00,0.00,0.00,0.00,0.00,0.00,0.00,2,0.20,0.0000,0.0000,1,0.733,0.000,0.00,0.00,0.733,0
0.00,0.00,0.00,0.0000,0.0000,0.0000,0.0000,0.00,0.00,0.00,0.00,0.00,0.00,0.00,2,0.20,0.0000,0.0000,1,0.733,0.000,0.00,0.00,0.733,0
0.00,0.00,0.00,0.0000,0.0000,0.0000,0.0000,0.00,0.00,0.00,0.00,0.00,0.00,0.00,2,0.20,0.0000,0.0000,1,0.733,0.000,0.00,0.00,0.733,0
phase1 acc_mag=0.000 gravity=2.330 motion=2.330 moving_avg=4.561 rms=5.535 mean_rms=3.403 max_rms=5.535 min_rms=0.078 std=2.115 var=4.475 state=standing thr=7.634/7.834/8.334
0.00,0.00,0.00,0.0000,0.0000,0.0000,0.0000,0.00,0.00,0.00,0.00,0.00,0.00,0.00,2,0.20,0.0000,0.0000,1,0.733,0.000,0.00,0.00,0.733,0
0.00,0.00,0.00,0.0000,0.0000,0.0000,0.0000,0.00,0.00,0.00,0.00,0.00,0.00,0.00,2,0.20,0.0000,0.0000,1,0.733,0.000,0.00,0.00,0.733,0
0.00,0.00,0.00,0.0000,0.0000,0.0000,0.0000,0.00,0.00,0.00,0.00,0.00,0.00,0.00,2,0.20,0.0000,0.0000,1,0.733,0.000,0.00,0.00,0.733,0
0.00,0.00,0.00,0.0000,0.0000,0.0000,0.0000,0.00,0.00,0.00,0.00,0.00,0.00,0.00,2,0.20,0.0000,0.0000,1,0.733,0.000,0.00,0.00,0.733,0
phase1 acc_mag=0.000 gravity=0.485 motion=0.485 moving_avg=4.805 rms=5.571 mean_rms=4.444 max_rms=5.571 min_rms=0.084 std=1.476 var=2.180 state=standing thr=7.397/7.597/8.097
0.00,0.00,0.00,0.0000,0.0000,0.0000,0.0000,0.00,0.00,0.00,0.00,0.00,0.00,0.00,2,0.20,0.0000,0.0000,1,0.733,0.000,0.00,0.00,0.733,0
0.00,0.00,0.00,0.0000,0.0000,0.0000,0.0000,0.00,0.00,0.00,0.00,0.00,0.00,0.00,2,0.20,0.0000,0.0000,1,0.733,0.000,0.00,0.00,0.733,0
0.00,0.00,0.00,0.0000,0.0000,0.0000,0.0000,0.00,0.00,0.00,0.00,0.00,0.00,0.00,2,0.20,0.0000,0.0000,1,0.733,0.000,0.00,0.00,0.733,0
0.00,0.00,0.00,0.0000,0.0000,0.0000,0.0000,0.00,0.00,0.00,0.00,0.00,0.00,0.00,2,0.20,0.0000,0.0000,1,0.733,0.000,0.00,0.00,0.733,0
phase1 acc_mag=0.000 gravity=0.000 motion=0.000 moving_avg=3.552 rms=4.438 mean_rms=5.074 max_rms=5.571 min_rms=3.470 std=0.551 var=0.303 state=standing thr=6.175/6.375/6.875
0.00,0.00,0.00,0.0000,0.0000,0.0000,0.0000,0.00,0.00,0.00,0.00,0.00,0.00,0.00,2,0.20,0.0000,0.0000,1,0.733,0.000,0.00,0.00,0.733,0
0.00,0.00,0.00,0.0000,0.0000,0.0000,0.0000,0.00,0.00,0.00,0.00,0.00,0.00,0.00,2,0.20,0.0000,0.0000,1,0.733,0.000,0.00,0.00,0.733,0
0.00,0.00,0.00,0.0000,0.0000,0.0000,0.0000,0.00,0.00,0.00,0.00,0.00,0.00,0.00,2,0.20,0.0000,0.0000,1,0.733,0.000,0.00,0.00,0.733,0
0.00,0.00,0.00,0.0000,0.0000,0.0000,0.0000,0.00,0.00,0.00,0.00,0.00,0.00,0.00,2,0.20,0.0000,0.0000,1,0.733,0.000,0.00,0.00,0.733,0
phase1 acc_mag=0.000 gravity=0.000 motion=0.000 moving_avg=2.084 rms=2.974 mean_rms=4.971 max_rms=5.571 min_rms=2.974 std=0.735 var=0.540 state=standing thr=6.440/6.640/7.140
0.00,0.00,0.00,0.0000,0.0000,0.0000,0.0000,0.00,0.00,0.00,0.00,0.00,0.00,0.00,2,0.20,0.0000,0.0000,1,0.733,0.000,0.00,0.00,0.733,0
0.00,0.00,0.00,0.0000,0.0000,0.0000,0.0000,0.00,0.00,0.00,0.00,0.00,0.00,0.00,2,0.20,0.0000,0.0000,1,0.733,0.000,0.00,0.00,0.733,0
0.00,0.00,0.00,0.0000,0.0000,0.0000,0.0000,0.00,0.00,0.00,0.00,0.00,0.00,0.00,2,0.20,0.0000,0.0000,1,0.733,0.000,0.00,0.00,0.733,0
0.00,0.00,0.00,0.0000,0.0000,0.0000,0.0000,0.00,0.00,0.00,0.00,0.00,0.00,0.00,2,0.20,0.0000,0.0000,1,0.733,0.000,0.00,0.00,0.733,0
phase1 acc_mag=0.000 gravity=0.000 motion=0.000 moving_avg=1.005 rms=1.720 mean_rms=4.418 max_rms=5.571 min_rms=1.720 std=1.297 var=1.683 state=standing thr=7.012/7.212/7.712
0.00,0.00,0.00,0.0000,0.0000,0.0000,0.0000,0.00,0.00,0.00,0.00,0.00,0.00,0.00,2,0.20,0.0000,0.0000,1,0.733,0.000,0.00,0.00,0.733,0
0.00,0.00,0.00,0.0000,0.0000,0.0000,0.0000,0.00,0.00,0.00,0.00,0.00,0.00,0.00,2,0.20,0.0000,0.0000,1,0.733,0.000,0.00,0.00,0.733,0
0.00,0.00,0.00,0.0000,0.0000,0.0000,0.0000,0.00,0.00,0.00,0.00,0.00,0.00,0.00,2,0.20,0.0000,0.0000,1,0.733,0.000,0.00,0.00,0.733,0
0.00,0.00,0.00,0.0000,0.0000,0.0000,0.0000,0.00,0.00,0.00,0.00,0.00,0.00,0.00,2,0.20,0.0000,0.0000,1,0.733,0.000,0.00,0.00,0.733,0
phase1 acc_mag=0.000 gravity=0.000 motion=0.000 moving_avg=0.315 rms=0.721 mean_rms=3.564 max_rms=5.571 min_rms=0.721 std=1.694 var=2.868 state=standing thr=6.951/7.151/7.651
0.00,0.00,0.00,0.0000,0.0000,0.0000,0.0000,0.00,0.00,0.00,0.00,0.00,0.00,0.00,2,0.20,0.0000,0.0000,1,0.733,0.000,0.00,0.00,0.733,0
0.00,0.00,0.00,0.0000,0.0000,0.0000,0.0000,0.00,0.00,0.00,0.00,0.00,0.00,0.00,2,0.20,0.0000,0.0000,1,0.733,0.000,0.00,0.00,0.733,0
0.00,0.00,0.00,0.0000,0.0000,0.0000,0.0000,0.00,0.00,0.00,0.00,0.00,0.00,0.00,2,0.20,0.0000,0.0000,1,0.733,0.000,0.00,0.00,0.733,0
0.00,0.00,0.00,0.0000,0.0000,0.0000,0.0000,0.00,0.00,0.00,0.00,0.00,0.00,0.00,2,0.20,0.0000,0.0000,1,0.733,0.000,0.00,0.00,0.733,0
phase1 acc_mag=0.000 gravity=0.000 motion=0.000 moving_avg=0.020 rms=0.093 mean_rms=2.576 max_rms=5.571 min_rms=0.093 std=1.760 var=3.097 state=standing thr=6.096/6.296/6.796
0.00,0.00,0.00,0.0000,0.0000,0.0000,0.0000,0.00,0.00,0.00,0.00,0.00,0.00,0.00,2,0.20,0.0000,0.0000,1,0.733,0.000,0.00,0.00,0.733,0
0.00,0.00,0.00,0.0000,0.0000,0.0000,0.0000,0.00,0.00,0.00,0.00,0.00,0.00,0.00,2,0.20,0.0000,0.0000,1,0.733,0.000,0.00,0.00,0.733,0
0.00,0.00,0.00,0.0000,0.0000,0.0000,0.0000,0.00,0.00,0.00,0.00,0.00,0.00,0.00,2,0.20,0.0000,0.0000,1,0.733,0.000,0.00,0.00,0.733,0
0.00,0.00,0.00,0.0000,0.0000,0.0000,0.0000,0.00,0.00,0.00,0.00,0.00,0.00,0.00,2,0.20,0.0000,0.0000,1,0.733,0.000,0.00,0.00,0.733,0
phase1 acc_mag=0.000 gravity=0.000 motion=0.000 moving_avg=0.000 rms=0.003 mean_rms=1.584 max_rms=4.516 min_rms=0.003 std=1.414 var=1.998 state=standing thr=4.411/4.611/5.111
0.00,0.00,0.00,0.0000,0.0000,0.0000,0.0000,0.00,0.00,0.00,0.00,0.00,0.00,0.00,2,0.20,0.0000,0.0000,1,0.733,0.000,0.00,0.00,0.733,0
0.00,0.00,0.00,0.0000,0.0000,0.0000,0.0000,0.00,0.00,0.00,0.00,0.00,0.00,0.00,2,0.20,0.0000,0.0000,1,0.733,0.000,0.00,0.00,0.733,0
0.00,0.00,0.00,0.0000,0.0000,0.0000,0.0000,0.00,0.00,0.00,0.00,0.00,0.00,0.00,2,0.20,0.0000,0.0000,1,0.733,0.000,0.00,0.00,0.733,0
0.00,0.00,0.00,0.0000,0.0000,0.0000,0.0000,0.00,0.00,0.00,0.00,0.00,0.00,0.00,2,0.20,0.0000,0.0000,1,0.733,0.000,0.00,0.00,0.733,0
phase1 acc_mag=0.000 gravity=0.000 motion=0.000 moving_avg=0.000 rms=0.003 mean_rms=0.856 max_rms=3.112 min_rms=0.003 std=0.974 var=0.948 state=standing thr=2.803/3.003/3.503
0.00,0.00,0.00,0.0000,0.0000,0.0000,0.0000,0.00,0.00,0.00,0.00,0.00,0.00,0.00,2,0.20,0.0000,0.0000,1,0.733,0.000,0.00,0.00,0.733,0
0.00,0.00,0.00,0.0000,0.0000,0.0000,0.0000,0.00,0.00,0.00,0.00,0.00,0.00,0.00,2,0.20,0.0000,0.0000,1,0.733,0.000,0.00,0.00,0.733,0
0.00,0.00,0.00,0.0000,0.0000,0.0000,0.0000,0.00,0.00,0.00,0.00,0.00,0.00,0.00,2,0.20,0.0000,0.0000,1,0.733,0.000,0.00,0.00,0.733,0
0.00,0.00,0.00,0.0000,0.0000,0.0000,0.0000,0.00,0.00,0.00,0.00,0.00,0.00,0.00,2,0.20,0.0000,0.0000,1,0.733,0.000,0.00,0.00,0.733,0
phase1 acc_mag=0.000 gravity=0.000 motion=0.000 moving_avg=0.000 rms=0.003 mean_rms=0.378 max_rms=1.893 min_rms=0.003 std=0.556 var=0.309 state=standing thr=1.491/1.691/2.191
0.00,0.00,0.00,0.0000,0.0000,0.0000,0.0000,0.00,0.00,0.00,0.00,0.00,0.00,0.00,2,0.20,0.0000,0.0000,1,0.733,0.000,0.00,0.00,0.733,0
0.00,0.00,0.00,0.0000,0.0000,0.0000,0.0000,0.00,0.00,0.00,0.00,0.00,0.00,0.00,2,0.20,0.0000,0.0000,1,0.733,0.000,0.00,0.00,0.733,0
0.00,0.00,0.00,0.0000,0.0000,0.0000,0.0000,0.00,0.00,0.00,0.00,0.00,0.00,0.00,2,0.20,0.0000,0.0000,1,0.733,0.000,0.00,0.00,0.733,0
0.00,0.00,0.00,0.0000,0.0000,0.0000,0.0000,0.00,0.00,0.00,0.00,0.00,0.00,0.00,2,0.20,0.0000,0.0000,1,0.733,0.000,0.00,0.00,0.733,0
phase1 acc_mag=0.000 gravity=0.000 motion=0.000 moving_avg=0.000 rms=0.003 mean_rms=0.112 max_rms=0.897 min_rms=0.003 std=0.225 var=0.051 state=standing thr=0.563/0.763/1.263
0.00,0.00,0.00,0.0000,0.0000,0.0000,0.0000,0.00,0.00,0.00,0.00,0.00,0.00,0.00,2,0.20,0.0000,0.0000,1,0.733,0.000,0.00,0.00,0.733,0
0.00,0.00,0.00,0.0000,0.0000,0.0000,0.0000,0.00,0.00,0.00,0.00,0.00,0.00,0.00,2,0.20,0.0000,0.0000,1,0.733,0.000,0.00,0.00,0.733,0
0.00,0.00,0.00,0.0000,0.0000,0.0000,0.0000,0.00,0.00,0.00,0.00,0.00,0.00,0.00,2,0.20,0.0000,0.0000,1,0.733,0.000,0.00,0.00,0.733,0
0.00,0.00,0.00,0.0000,0.0000,0.0000,0.0000,0.00,0.00,0.00,0.00,0.00,0.00,0.00,2,0.20,0.0000,0.0000,1,0.733,0.000,0.00,0.00,0.733,0
phase1 acc_mag=0.000 gravity=0.000 motion=0.000 moving_avg=0.000 rms=0.003 mean_rms=0.012 max_rms=0.190 min_rms=0.003 std=0.032 var=0.001 state=standing thr=0.080/0.350/0.850
0.00,0.00,0.00,0.0000,0.0000,0.0000,0.0000,0.00,0.00,0.00,0.00,0.00,0.00,0.00,2,0.20,0.0000,0.0000,1,0.733,0.000,0.00,0.00,0.733,0
0.00,0.00,0.00,0.0000,0.0000,0.0000,0.0000,0.00,0.00,0.00,0.00,0.00,0.00,0.00,2,0.20,0.0000,0.0000,1,0.733,0.000,0.00,0.00,0.733,0
0.00,0.00,0.00,0.0000,0.0000,0.0000,0.0000,0.00,0.00,0.00,0.00,0.00,0.00,0.00,2,0.20,0.0000,0.0000,1,0.733,0.000,0.00,0.00,0.733,0
0.00,0.00,0.00,0.0000,0.0000,0.0000,0.0000,0.00,0.00,0.00,0.00,0.00,0.00,0.00,2,0.20,0.0000,0.0000,1,0.733,0.000,0.00,0.00,0.733,0
phase1 acc_mag=0.000 gravity=0.000 motion=0.000 moving_avg=0.000 rms=0.003 mean_rms=0.003 max_rms=0.003 min_rms=0.003 std=0.001 var=0.000 state=standing thr=0.080/0.350/0.850
0.00,0.00,0.00,0.0000,0.0000,0.0000,0.0000,0.00,0.00,0.00,0.00,0.00,0.00,0.00,2,0.20,0.0000,0.0000,1,0.733,0.000,0.00,0.00,0.733,0
0.00,0.00,0.00,0.0000,0.0000,0.0000,0.0000,0.00,0.00,0.00,0.00,0.00,0.00,0.00,2,0.20,0.0000,0.0000,1,0.733,0.000,0.00,0.00,0.733,0
0.00,0.00,0.00,0.0000,0.0000,0.0000,0.0000,0.00,0.00,0.00,0.00,0.00,0.00,0.00,2,0.20,0.0000,0.0000,1,0.733,0.000,0.00,0.00,0.733,0
0.00,0.00,0.00,0.0000,0.0000,0.0000,0.0000,0.00,0.00,0.00,0.00,0.00,0.00,0.00,2,0.20,0.0000,0.0000,1,0.733,0.000,0.00,0.00,0.733,0
phase1 acc_mag=0.000 gravity=0.000 motion=0.000 moving_avg=0.000 rms=0.003 mean_rms=0.003 max_rms=0.003 min_rms=0.003 std=0.001 var=0.000 state=standing thr=0.080/0.350/0.850
0.00,0.00,0.00,0.0000,0.0000,0.0000,0.0000,0.00,0.00,0.00,0.00,0.00,0.00,0.00,2,0.20,0.0000,0.0000,1,0.733,0.000,0.00,0.00,0.733,0
0.00,0.00,0.00,0.0000,0.0000,0.0000,0.0000,0.00,0.00,0.00,0.00,0.00,0.00,0.00,2,0.20,0.0000,0.0000,1,0.733,0.000,0.00,0.00,0.733,0
0.00,0.00,0.00,0.0000,0.0000,0.0000,0.0000,0.00,0.00,0.00,0.00,0.00,0.00,0.00,2,0.20,0.0000,0.0000,1,0.733,0.000,0.00,0.00,0.733,0
0.00,0.00,0.00,0.0000,0.0000,0.0000,0.0000,0.00,0.00,0.00,0.00,0.00,0.00,0.00,2,0.20,0.0000,0.0000,1,0.733,0.000,0.00,0.00,0.733,0
phase1 acc_mag=0.000 gravity=0.000 motion=0.000 moving_avg=0.000 rms=0.003 mean_rms=0.003 max_rms=0.003 min_rms=0.003 std=0.001 var=0.000 state=standing thr=0.080/0.350/0.850
0.00,0.00,0.00,0.0000,0.0000,0.0000,0.0000,0.00,0.00,0.00,0.00,0.00,0.00,0.00,2,0.20,0.0000,0.0000,1,0.733,0.000,0.00,0.00,0.733,0
0.00,0.00,0.00,0.0000,0.0000,0.0000,0.0000,0.00,0.00,0.00,0.00,0.00,0.00,0.00,2,0.20,0.0000,0.0000,1,0.733,0.000,0.00,0.00,0.733,0
0.00,0.00,0.00,0.0000,0.0000,0.0000,0.0000,0.00,0.00,0.00,0.00,0.00,0.00,0.00,2,0.20,0.0000,0.0000,1,0.733,0.000,0.00,0.00,0.733,0
0.00,0.00,0.00,0.0000,0.0000,0.0000,0.0000,0.00,0.00,0.00,0.00,0.00,0.00,0.00,2,0.20,0.0000,0.0000,1,0.733,0.000,0.00,0.00,0.733,0
phase1 acc_mag=0.000 gravity=0.000 motion=0.000 moving_avg=0.000 rms=0.003 mean_rms=0.003 max_rms=0.003 min_rms=0.003 std=0.001 var=0.000 state=standing thr=0.080/0.350/0.850
0.00,0.00,0.00,0.0000,0.0000,0.0000,0.0000,0.00,0.00,0.00,0.00,0.00,0.00,0.00,2,0.20,0.0000,0.0000,1,0.733,0.000,0.00,0.00,0.733,0
0.00,0.00,0.00,0.0000,0.0000,0.0000,0.0000,0.00,0.00,0.00,0.00,0.00,0.00,0.00,2,0.20,0.0000,0.0000,1,0.733,0.000,0.00,0.00,0.733,0
0.00,0.00,0.00,0.0000,0.0000,0.0000,0.0000,0.00,0.00,0.00,0.00,0.00,0.00,0.00,2,0.20,0.0000,0.0000,1,0.733,0.000,0.00,0.00,0.733,0
0.00,0.00,0.00,0.0000,0.0000,0.0000,0.0000,0.00,0.00,0.00,0.00,0.00,0.00,0.00,2,0.20,0.0000,0.0000,1,0.733,0.000,0.00,0.00,0.733,0
phase1 acc_mag=0.000 gravity=0.000 motion=0.000 moving_avg=0.000 rms=0.003 mean_rms=0.003 max_rms=0.003 min_rms=0.003 std=0.001 var=0.000 state=standing thr=0.080/0.350/0.850
0.00,0.00,0.00,0.0000,0.0000,0.0000,0.0000,0.00,0.00,0.00,0.00,0.00,0.00,0.00,2,0.20,0.0000,0.0000,1,0.733,0.000,0.00,0.00,0.733,0
0.00,0.00,0.00,0.0000,0.0000,0.0000,0.0000,0.00,0.00,0.00,0.00,0.00,0.00,0.00,2,0.20,0.0000,0.0000,1,0.733,0.000,0.00,0.00,0.733,0
0.00,0.00,0.00,0.0000,0.0000,0.0000,0.0000,0.00,0.00,0.00,0.00,0.00,0.00,0.00,2,0.20,0.0000,0.0000,1,0.733,0.000,0.00,0.00,0.733,0
0.00,0.00,0.00,0.0000,0.0000,0.0000,0.0000,0.00,0.00,0.00,0.00,0.00,0.00,0.00,2,0.20,0.0000,0.0000,1,0.733,0.000,0.00,0.00,0.733,0
phase1 acc_mag=0.000 gravity=0.000 motion=0.000 moving_avg=0.000 rms=0.003 mean_rms=0.003 max_rms=0.003 min_rms=0.003 std=0.001 var=0.000 state=standing thr=0.080/0.350/0.850
0.00,0.00,0.00,0.0000,0.0000,0.0000,0.0000,0.00,0.00,0.00,0.00,0.00,0.00,0.00,2,0.20,0.0000,0.0000,1,0.733,0.000,0.00,0.00,0.733,0
0.00,0.00,0.00,0.0000,0.0000,0.0000,0.0000,0.00,0.00,0.00,0.00,0.00,0.00,0.00,2,0.20,0.0000,0.0000,1,0.733,0.000,0.00,0.00,0.733,0
0.00,0.00,0.00,0.0000,0.0000,0.0000,0.0000,0.00,0.00,0.00,0.00,0.00,0.00,0.00,2,0.20,0.0000,0.0000,1,0.733,0.000,0.00,0.00,0.733,0
0.00,0.00,0.00,0.0000,0.0000,0.0000,0.0000,0.00,0.00,0.00,0.00,0.00,0.00,0.00,2,0.20,0.0000,0.0000,1,0.733,0.000,0.00,0.00,0.733,0
phase1 acc_mag=0.000 gravity=0.000 motion=0.000 moving_avg=0.000 rms=0.003 mean_rms=0.003 max_rms=0.003 min_rms=0.003 std=0.001 var=0.000 state=standing thr=0.080/0.350/0.850
0.00,0.00,0.00,0.0000,0.0000,0.0000,0.0000,0.00,0.00,0.00,0.00,0.00,0.00,0.00,2,0.20,0.0000,0.0000,1,0.733,0.000,0.00,0.00,0.733,0
0.00,0.00,0.00,0.0000,0.0000,0.0000,0.0000,0.00,0.00,0.00,0.00,0.00,0.00,0.00,2,0.20,0.0000,0.0000,1,0.733,0.000,0.00,0.00,0.733,0
0.00,0.00,0.00,0.0000,0.0000,0.0000,0.0000,0.00,0.00,0.00,0.00,0.00,0.00,0.00,2,0.20,0.0000,0.0000,1,0.733,0.000,0.00,0.00,0.733,0
0.00,0.00,0.00,0.0000,0.0000,0.0000,0.0000,0.00,0.00,0.00,0.00,0.00,0.00,0.00,2,0.20,0.0000,0.0000,1,0.733,0.000,0.00,0.00,0.733,0
phase1 acc_mag=0.000 gravity=0.000 motion=0.000 moving_avg=0.000 rms=0.003 mean_rms=0.003 max_rms=0.003 min_rms=0.003 std=0.001 var=0.000 state=standing thr=0.080/0.350/0.850
0.00,0.00,0.00,0.0000,0.0000,0.0000,0.0000,0.00,0.00,0.00,0.00,0.00,0.00,0.00,2,0.20,0.0000,0.0000,1,0.733,0.000,0.00,0.00,0.733,0
0.00,0.00,0.00,0.0000,0.0000,0.0000,0.0000,0.00,0.00,0.00,0.00,0.00,0.00,0.00,2,0.20,0.0000,0.0000,1,0.733,0.000,0.00,0.00,0.733,0
0.00,0.00,0.00,0.0000,0.0000,0.0000,0.0000,0.00,0.00,0.00,0.00,0.00,0.00,0.00,2,0.20,0.0000,0.0000,1,0.733,0.000,0.00,0.00,0.733,0
0.00,0.00,0.00,0.0000,0.0000,0.0000,0.0000,0.00,0.00,0.00,0.00,0.00,0.00,0.00,2,0.20,0.0000,0.0000,1,0.733,0.000,0.00,0.00,0.733,0
phase1 acc_mag=0.000 gravity=0.000 motion=0.000 moving_avg=0.000 rms=0.003 mean_rms=0.003 max_rms=0.003 min_rms=0.003 std=0.001 var=0.000 state=standing thr=0.080/0.350/0.850
0.00,0.00,0.00,0.0000,0.0000,0.0000,0.0000,0.00,0.00,0.00,0.00,0.00,0.00,0.00,2,0.20,0.0000,0.0000,1,0.733,0.000,0.00,0.00,0.733,0
0.00,0.00,0.00,0.0000,0.0000,0.0000,0.0000,0.00,0.00,0.00,0.00,0.00,0.00,0.00,2,0.20,0.0000,0.0000,1,0.733,0.000,0.00,0.00,0.733,0
0.00,0.00,0.00,0.0000,0.0000,0.0000,0.0000,0.00,0.00,0.00,0.00,0.00,0.00,0.00,2,0.20,0.0000,0.0000,1,0.733,0.000,0.00,0.00,0.733,0
0.00,0.00,0.00,0.0000,0.0000,0.0000,0.0000,0.00,0.00,0.00,0.00,0.00,0.00,0.00,2,0.20,0.0000,0.0000,1,0.733,0.000,0.00,0.00,0.733,0
phase1 acc_mag=0.000 gravity=0.000 motion=0.000 moving_avg=0.000 rms=0.003 mean_rms=0.003 max_rms=0.003 min_rms=0.003 std=0.001 var=0.000 state=standing thr=0.080/0.350/0.850
0.00,0.00,0.00,0.0000,0.0000,0.0000,0.0000,0.00,0.00,0.00,0.00,0.00,0.00,0.00,2,0.20,0.0000,0.0000,1,0.733,0.000,0.00,0.00,0.733,0
0.00,0.00,0.00,0.0000,0.0000,0.0000,0.0000,0.00,0.00,0.00,0.00,0.00,0.00,0.00,2,0.20,0.0000,0.0000,1,0.733,0.000,0.00,0.00,0.733,0
0.00,0.00,0.00,0.0000,0.0000,0.0000,0.0000,0.00,0.00,0.00,0.00,0.00,0.00,0.00,2,0.20,0.0000,0.0000,1,0.733,0.000,0.00,0.00,0.733,0
0.00,0.00,0.00,0.0000,0.0000,0.0000,0.0000,0.00,0.00,0.00,0.00,0.00,0.00,0.00,2,0.20,0.0000,0.0000,1,0.733,0.000,0.00,0.00,0.733,0
phase1 acc_mag=0.000 gravity=0.000 motion=0.000 moving_avg=0.000 rms=0.003 mean_rms=0.003 max_rms=0.003 min_rms=0.003 std=0.001 var=0.000 state=standing thr=0.080/0.350/0.850
0.00,0.00,0.00,0.0000,0.0000,0.0000,0.0000,0.00,0.00,0.00,0.00,0.00,0.00,0.00,2,0.20,0.0000,0.0000,1,0.733,0.000,0.00,0.00,0.733,0
0.00,0.00,0.00,0.0000,0.0000,0.0000,0.0000,0.00,0.00,0.00,0.00,0.00,0.00,0.00,2,0.20,0.0000,0.0000,1,0.733,0.000,0.00,0.00,0.733,0
0.00,0.00,0.00,0.0000,0.0000,0.0000,0.0000,0.00,0.00,0.00,0.00,0.00,0.00,0.00,2,0.20,0.0000,0.0000,1,0.733,0.000,0.00,0.00,0.733,0
0.00,0.00,0.00,0.0000,0.0000,0.0000,0.0000,0.00,0.00,0.00,0.00,0.00,0.00,0.00,2,0.20,0.0000,0.0000,1,0.733,0.000,0.00,0.00,0.733,0
phase1 acc_mag=0.000 gravity=0.000 motion=0.000 moving_avg=0.000 rms=0.003 mean_rms=0.003 max_rms=0.003 min_rms=0.003 std=0.001 var=0.000 state=standing thr=0.080/0.350/0.850
0.00,0.00,0.00,0.0000,0.0000,0.0000,0.0000,0.00,0.00,0.00,0.00,0.00,0.00,0.00,2,0.20,0.0000,0.0000,1,0.733,0.000,0.00,0.00,0.733,0
0.00,0.00,0.00,0.0000,0.0000,0.0000,0.0000,0.00,0.00,0.00,0.00,0.00,0.00,0.00,2,0.20,0.0000,0.0000,1,0.733,0.000,0.00,0.00,0.733,0
0.00,0.00,0.00,0.0000,0.0000,0.0000,0.0000,0.00,0.00,0.00,0.00,0.00,0.00,0.00,2,0.20,0.0000,0.0000,1,0.733,0.000,0.00,0.00,0.733,0
0.00,0.00,0.00,0.0000,0.0000,0.0000,0.0000,0.00,0.00,0.00,0.00,0.00,0.00,0.00,2,0.20,0.0000,0.0000,1,0.733,0.000,0.00,0.00,0.733,0
phase1 acc_mag=0.000 gravity=0.000 motion=0.000 moving_avg=0.000 rms=0.003 mean_rms=0.003 max_rms=0.003 min_rms=0.003 std=0.001 var=0.000 state=standing thr=0.080/0.350/0.850
0.00,0.00,0.00,0.0000,0.0000,0.0000,0.0000,0.00,0.00,0.00,0.00,0.00,0.00,0.00,2,0.20,0.0000,0.0000,1,0.733,0.000,0.00,0.00,0.733,0
0.00,0.00,0.00,0.0000,0.0000,0.0000,0.0000,0.00,0.00,0.00,0.00,0.00,0.00,0.00,2,0.20,0.0000,0.0000,1,0.733,0.000,0.00,0.00,0.733,0
0.00,0.00,0.00,0.0000,0.0000,0.0000,0.0000,0.00,0.00,0.00,0.00,0.00,0.00,0.00,2,0.20,0.0000,0.0000,1,0.733,0.000,0.00,0.00,0.733,0
0.00,0.00,0.00,0.0000,0.0000,0.0000,0.0000,0.00,0.00,0.00,0.00,0.00,0.00,0.00,2,0.20,0.0000,0.0000,1,0.733,0.000,0.00,0.00,0.733,0
phase1 acc_mag=0.000 gravity=0.000 motion=0.000 moving_avg=0.000 rms=0.003 mean_rms=0.003 max_rms=0.003 min_rms=0.003 std=0.001 var=0.000 state=standing thr=0.080/0.350/0.850
0.00,0.00,0.00,0.0000,0.0000,0.0000,0.0000,0.00,0.00,0.00,0.00,0.00,0.00,0.00,2,0.20,0.0000,0.0000,1,0.733,0.000,0.00,0.00,0.733,0
0.00,0.00,0.00,0.0000,0.0000,0.0000,0.0000,0.00,0.00,0.00,0.00,0.00,0.00,0.00,2,0.20,0.0000,0.0000,1,0.733,0.000,0.00,0.00,0.733,0
0.00,0.00,0.00,0.0000,0.0000,0.0000,0.0000,0.00,0.00,0.00,0.00,0.00,0.00,0.00,2,0.20,0.0000,0.0000,1,0.733,0.000,0.00,0.00,0.733,0
0.00,0.00,0.00,0.0000,0.0000,0.0000,0.0000,0.00,0.00,0.00,0.00,0.00,0.00,0.00,2,0.20,0.0000,0.0000,1,0.733,0.000,0.00,0.00,0.733,0
phase1 acc_mag=0.000 gravity=0.000 motion=0.000 moving_avg=0.000 rms=0.003 mean_rms=0.003 max_rms=0.003 min_rms=0.003 std=0.001 var=0.000 state=standing thr=0.080/0.350/0.850
0.00,0.00,0.00,0.0000,0.0000,0.0000,0.0000,0.00,0.00,0.00,0.00,0.00,0.00,0.00,2,0.20,0.0000,0.0000,1,0.733,0.000,0.00,0.00,0.733,0
0.00,0.00,0.00,0.0000,0.0000,0.0000,0.0000,0.00,0.00,0.00,0.00,0.00,0.00,0.00,2,0.20,0.0000,0.0000,1,0.733,0.000,0.00,0.00,0.733,0
0.00,0.00,0.00,0.0000,0.0000,0.0000,0.0000,0.00,0.00,0.00,0.00,0.00,0.00,0.00,2,0.20,0.0000,0.0000,1,0.733,0.000,0.00,0.00,0.733,0
0.00,0.00,0.00,0.0000,0.0000,0.0000,0.0000,0.00,0.00,0.00,0.00,0.00,0.00,0.00,2,0.20,0.0000,0.0000,1,0.733,0.000,0.00,0.00,0.733,0
phase1 acc_mag=0.000 gravity=0.000 motion=0.000 moving_avg=0.000 rms=0.003 mean_rms=0.003 max_rms=0.003 min_rms=0.003 std=0.001 var=0.000 state=standing thr=0.080/0.350/0.850
0.00,0.00,0.00,0.0000,0.0000,0.0000,0.0000,0.00,0.00,0.00,0.00,0.00,0.00,0.00,2,0.20,0.0000,0.0000,1,0.733,0.000,0.00,0.00,0.733,0
0.00,0.00,0.00,0.0000,0.0000,0.0000,0.0000,0.00,0.00,0.00,0.00,0.00,0.00,0.00,2,0.20,0.0000,0.0000,1,0.733,0.000,0.00,0.00,0.733,0
0.00,0.00,0.00,0.0000,0.0000,0.0000,0.0000,0.00,0.00,0.00,0.00,0.00,0.00,0.00,2,0.20,0.0000,0.0000,1,0.733,0.000,0.00,0.00,0.733,0
0.00,0.00,0.00,0.0000,0.0000,0.0000,0.0000,0.00,0.00,0.00,0.00,0.00,0.00,0.00,2,0.20,0.0000,0.0000,1,0.733,0.000,0.00,0.00,0.733,0
phase1 acc_mag=0.000 gravity=0.000 motion=0.000 moving_avg=0.000 rms=0.003 mean_rms=0.003 max_rms=0.003 min_rms=0.003 std=0.001 var=0.000 state=standing thr=0.080/0.350/0.850
0.00,0.00,0.00,0.0000,0.0000,0.0000,0.0000,0.00,0.00,0.00,0.00,0.00,0.00,0.00,2,0.20,0.0000,0.0000,1,0.733,0.000,0.00,0.00,0.733,0
0.00,0.00,0.00,0.0000,0.0000,0.0000,0.0000,0.00,0.00,0.00,0.00,0.00,0.00,0.00,2,0.20,0.0000,0.0000,1,0.733,0.000,0.00,0.00,0.733,0
0.00,0.00,0.00,0.0000,0.0000,0.0000,0.0000,0.00,0.00,0.00,0.00,0.00,0.00,0.00,2,0.20,0.0000,0.0000,1,0.733,0.000,0.00,0.00,0.733,0
0.00,0.00,0.00,0.0000,0.0000,0.0000,0.0000,0.00,0.00,0.00,0.00,0.00,0.00,0.00,2,0.20,0.0000,0.0000,1,0.733,0.000,0.00,0.00,0.733,0
phase1 acc_mag=0.000 gravity=0.000 motion=0.000 moving_avg=0.000 rms=0.003 mean_rms=0.003 max_rms=0.003 min_rms=0.003 std=0.001 var=0.000 state=standing thr=0.080/0.350/0.850
0.00,0.00,0.00,0.0000,0.0000,0.0000,0.0000,0.00,0.00,0.00,0.00,0.00,0.00,0.00,2,0.20,0.0000,0.0000,1,0.733,0.000,0.00,0.00,0.733,0
0.00,0.00,0.00,0.0000,0.0000,0.0000,0.0000,0.00,0.00,0.00,0.00,0.00,0.00,0.00,2,0.20,0.0000,0.0000,1,0.733,0.000,0.00,0.00,0.733,0
0.00,0.00,0.00,0.0000,0.0000,0.0000,0.0000,0.00,0.00,0.00,0.00,0.00,0.00,0.00,2,0.20,0.0000,0.0000,1,0.733,0.000,0.00,0.00,0.733,0
0.00,0.00,0.00,0.0000,0.0000,0.0000,0.0000,0.00,0.00,0.00,0.00,0.00,0.00,0.00,2,0.20,0.0000,0.0000,1,0.733,0.000,0.00,0.00,0.733,0
phase1 acc_mag=0.000 gravity=0.000 motion=0.000 moving_avg=0.000 rms=0.003 mean_rms=0.003 max_rms=0.003 min_rms=0.003 std=0.001 var=0.000 state=standing thr=0.080/0.350/0.850
0.00,0.00,0.00,0.0000,0.0000,0.0000,0.0000,0.00,0.00,0.00,0.00,0.00,0.00,0.00,2,0.20,0.0000,0.0000,1,0.733,0.000,0.00,0.00,0.733,0
0.00,0.00,0.00,0.0000,0.0000,0.0000,0.0000,0.00,0.00,0.00,0.00,0.00,0.00,0.00,2,0.20,0.0000,0.0000,1,0.733,0.000,0.00,0.00,0.733,0
0.00,0.00,0.00,0.0000,0.0000,0.0000,0.0000,0.00,0.00,0.00,0.00,0.00,0.00,0.00,2,0.20,0.0000,0.0000,1,0.733,0.000,0.00,0.00,0.733,0
0.00,0.00,0.00,0.0000,0.0000,0.0000,0.0000,0.00,0.00,0.00,0.00,0.00,0.00,0.00,2,0.20,0.0000,0.0000,1,0.733,0.000,0.00,0.00,0.733,0
phase1 acc_mag=0.000 gravity=0.000 motion=0.000 moving_avg=0.000 rms=0.003 mean_rms=0.003 max_rms=0.003 min_rms=0.003 std=0.001 var=0.000 state=standing thr=0.080/0.350/0.850
0.00,0.00,0.00,0.0000,0.0000,0.0000,0.0000,0.00,0.00,0.00,0.00,0.00,0.00,0.00,2,0.20,0.0000,0.0000,1,0.733,0.000,0.00,0.00,0.733,0
0.00,0.00,0.00,0.0000,0.0000,0.0000,0.0000,0.00,0.00,0.00,0.00,0.00,0.00,0.00,2,0.20,0.0000,0.0000,1,0.733,0.000,0.00,0.00,0.733,0
0.00,0.00,0.00,0.0000,0.0000,0.0000,0.0000,0.00,0.00,0.00,0.00,0.00,0.00,0.00,2,0.20,0.0000,0.0000,1,0.733,0.000,0.00,0.00,0.733,0
0.00,0.00,0.00,0.0000,0.0000,0.0000,0.0000,0.00,0.00,0.00,0.00,0.00,0.00,0.00,2,0.20,0.0000,0.0000,1,0.733,0.000,0.00,0.00,0.733,0
phase1 acc_mag=0.000 gravity=0.000 motion=0.000 moving_avg=0.000 rms=0.003 mean_rms=0.003 max_rms=0.003 min_rms=0.003 std=0.001 var=0.000 state=standing thr=0.080/0.350/0.850
0.00,0.00,0.00,0.0000,0.0000,0.0000,0.0000,0.00,0.00,0.00,0.00,0.00,0.00,0.00,2,0.20,0.0000,0.0000,1,0.733,0.000,0.00,0.00,0.733,0
0.00,0.00,0.00,0.0000,0.0000,0.0000,0.0000,0.00,0.00,0.00,0.00,0.00,0.00,0.00,2,0.20,0.0000,0.0000,1,0.733,0.000,0.00,0.00,0.733,0
0.00,0.00,0.00,0.0000,0.0000,0.0000,0.0000,0.00,0.00,0.00,0.00,0.00,0.00,0.00,2,0.20,0.0000,0.0000,1,0.733,0.000,0.00,0.00,0.733,0
0.00,0.00,0.00,0.0000,0.0000,0.0000,0.0000,0.00,0.00,0.00,0.00,0.00,0.00,0.00,2,0.20,0.0000,0.0000,1,0.733,0.000,0.00,0.00,0.733,0
phase1 acc_mag=0.000 gravity=0.000 motion=0.000 moving_avg=0.000 rms=0.003 mean_rms=0.003 max_rms=0.003 min_rms=0.003 std=0.001 var=0.000 state=standing thr=0.080/0.350/0.850
0.00,0.00,0.00,0.0000,0.0000,0.0000,0.0000,0.00,0.00,0.00,0.00,0.00,0.00,0.00,2,0.20,0.0000,0.0000,1,0.733,0.000,0.00,0.00,0.733,0
0.00,0.00,0.00,0.0000,0.0000,0.0000,0.0000,0.00,0.00,0.00,0.00,0.00,0.00,0.00,2,0.20,0.0000,0.0000,1,0.733,0.000,0.00,0.00,0.733,0
0.00,0.00,0.00,0.0000,0.0000,0.0000,0.0000,0.00,0.00,0.00,0.00,0.00,0.00,0.00,2,0.20,0.0000,0.0000,1,0.733,0.000,0.00,0.00,0.733,0
0.00,0.00,0.00,0.0000,0.0000,0.0000,0.0000,0.00,0.00,0.00,0.00,0.00,0.00,0.00,2,0.20,0.0000,0.0000,1,0.733,0.000,0.00,0.00,0.733,0
phase1 acc_mag=0.000 gravity=0.000 motion=0.000 moving_avg=0.000 rms=0.003 mean_rms=0.003 max_rms=0.003 min_rms=0.003 std=0.001 var=0.000 state=standing thr=0.080/0.350/0.850
0.00,0.00,0.00,0.0000,0.0000,0.0000,0.0000,0.00,0.00,0.00,0.00,0.00,0.00,0.00,2,0.20,0.0000,0.0000,1,0.733,0.000,0.00,0.00,0.733,0
0.00,0.00,0.00,0.0000,0.0000,0.0000,0.0000,0.00,0.00,0.00,0.00,0.00,0.00,0.00,2,0.20,0.0000,0.0000,1,0.733,0.000,0.00,0.00,0.733,0
0.00,0.00,0.00,0.0000,0.0000,0.0000,0.0000,0.00,0.00,0.00,0.00,0.00,0.00,0.00,2,0.20,0.0000,0.0000,1,0.733,0.000,0.00,0.00,0.733,0
0.00,0.00,0.00,0.0000,0.0000,0.0000,0.0000,0.00,0.00,0.00,0.00,0.00,0.00,0.00,2,0.20,0.0000,0.0000,1,0.733,0.000,0.00,0.00,0.733,0
phase1 acc_mag=0.000 gravity=0.000 motion=0.000 moving_avg=0.000 rms=0.003 mean_rms=0.003 max_rms=0.003 min_rms=0.003 std=0.001 var=0.000 state=standing thr=0.080/0.350/0.850
0.00,0.00,0.00,0.0000,0.0000,0.0000,0.0000,0.00,0.00,0.00,0.00,0.00,0.00,0.00,2,0.20,0.0000,0.0000,1,0.733,0.000,0.00,0.00,0.733,0
0.00,0.00,0.00,0.0000,0.0000,0.0000,0.0000,0.00,0.00,0.00,0.00,0.00,0.00,0.00,2,0.20,0.0000,0.0000,1,0.733,0.000,0.00,0.00,0.733,0
0.00,0.00,0.00,0.0000,0.0000,0.0000,0.0000,0.00,0.00,0.00,0.00,0.00,0.00,0.00,2,0.20,0.0000,0.0000,1,0.733,0.000,0.00,0.00,0.733,0
0.00,0.00,0.00,0.0000,0.0000,0.0000,0.0000,0.00,0.00,0.00,0.00,0.00,0.00,0.00,2,0.20,0.0000,0.0000,1,0.733,0.000,0.00,0.00,0.733,0
phase1 acc_mag=0.000 gravity=0.000 motion=0.000 moving_avg=0.000 rms=0.003 mean_rms=0.003 max_rms=0.003 min_rms=0.003 std=0.001 var=0.000 state=standing thr=0.080/0.350/0.850
0.00,0.00,0.00,0.0000,0.0000,0.0000,0.0000,0.00,0.00,0.00,0.00,0.00,0.00,0.00,2,0.20,0.0000,0.0000,1,0.733,0.000,0.00,0.00,0.733,0
0.00,0.00,0.00,0.0000,0.0000,0.0000,0.0000,0.00,0.00,0.00,0.00,0.00,0.00,0.00,2,0.20,0.0000,0.0000,1,0.733,0.000,0.00,0.00,0.733,0
0.00,0.00,0.00,0.0000,0.0000,0.0000,0.0000,0.00,0.00,0.00,0.00,0.00,0.00,0.00,2,0.20,0.0000,0.0000,1,0.733,0.000,0.00,0.00,0.733,0
0.00,0.00,0.00,0.0000,0.0000,0.0000,0.0000,0.00,0.00,0.00,0.00,0.00,0.00,0.00,2,0.20,0.0000,0.0000,1,0.733,0.000,0.00,0.00,0.733,0
phase1 acc_mag=0.000 gravity=0.000 motion=0.000 moving_avg=0.000 rms=0.003 mean_rms=0.003 max_rms=0.003 min_rms=0.003 std=0.001 var=0.000 state=standing thr=0.080/0.350/0.850
0.00,0.00,0.00,0.0000,0.0000,0.0000,0.0000,0.00,0.00,0.00,0.00,0.00,0.00,0.00,2,0.20,0.0000,0.0000,1,0.733,0.000,0.00,0.00,0.733,0
0.00,0.00,0.00,0.0000,0.0000,0.0000,0.0000,0.00,0.00,0.00,0.00,0.00,0.00,0.00,2,0.20,0.0000,0.0000,1,0.733,0.000,0.00,0.00,0.733,0
0.00,0.00,0.00,0.0000,0.0000,0.0000,0.0000,0.00,0.00,0.00,0.00,0.00,0.00,0.00,2,0.20,0.0000,0.0000,1,0.733,0.000,0.00,0.00,0.733,0
0.00,0.00,0.00,0.0000,0.0000,0.0000,0.0000,0.00,0.00,0.00,0.00,0.00,0.00,0.00,2,0.20,0.0000,0.0000,1,0.733,0.000,0.00,0.00,0.733,0
phase1 acc_mag=0.000 gravity=0.000 motion=0.000 moving_avg=0.000 rms=0.003 mean_rms=0.003 max_rms=0.003 min_rms=0.003 std=0.001 var=0.000 state=standing thr=0.080/0.350/0.850
0.00,0.00,0.00,0.0000,0.0000,0.0000,0.0000,0.00,0.00,0.00,0.00,0.00,0.00,0.00,2,0.20,0.0000,0.0000,1,0.733,0.000,0.00,0.00,0.733,0
0.00,0.00,0.00,0.0000,0.0000,0.0000,0.0000,0.00,0.00,0.00,0.00,0.00,0.00,0.00,2,0.20,0.0000,0.0000,1,0.733,0.000,0.00,0.00,0.733,0
0.00,0.00,0.00,0.0000,0.0000,0.0000,0.0000,0.00,0.00,0.00,0.00,0.00,0.00,0.00,2,0.20,0.0000,0.0000,1,0.733,0.000,0.00,0.00,0.733,0
0.00,0.00,0.00,0.0000,0.0000,0.0000,0.0000,0.00,0.00,0.00,0.00,0.00,0.00,0.00,2,0.20,0.0000,0.0000,1,0.733,0.000,0.00,0.00,0.733,0
phase1 acc_mag=0.000 gravity=0.000 motion=0.000 moving_avg=0.000 rms=0.003 mean_rms=0.003 max_rms=0.003 min_rms=0.003 std=0.001 var=0.000 state=standing thr=0.080/0.350/0.850
0.00,0.00,0.00,0.0000,0.0000,0.0000,0.0000,0.00,0.00,0.00,0.00,0.00,0.00,0.00,2,0.20,0.0000,0.0000,1,0.733,0.000,0.00,0.00,0.733,0
0.00,0.00,0.00,0.0000,0.0000,0.0000,0.0000,0.00,0.00,0.00,0.00,0.00,0.00,0.00,2,0.20,0.0000,0.0000,1,0.733,0.000,0.00,0.00,0.733,0
0.00,0.00,0.00,0.0000,0.0000,0.0000,0.0000,0.00,0.00,0.00,0.00,0.00,0.00,0.00,2,0.20,0.0000,0.0000,1,0.733,0.000,0.00,0.00,0.733,0
0.00,0.00,0.00,0.0000,0.0000,0.0000,0.0000,0.00,0.00,0.00,0.00,0.00,0.00,0.00,2,0.20,0.0000,0.0000,1,0.733,0.000,0.00,0.00,0.733,0
phase1 acc_mag=0.000 gravity=0.000 motion=0.000 moving_avg=0.000 rms=0.003 mean_rms=0.003 max_rms=0.003 min_rms=0.003 std=0.001 var=0.000 state=standing thr=0.080/0.350/0.850
0.00,0.00,0.00,0.0000,0.0000,0.0000,0.0000,0.00,0.00,0.00,0.00,0.00,0.00,0.00,2,0.20,0.0000,0.0000,1,0.733,0.000,0.00,0.00,0.733,0
0.00,0.00,0.00,0.0000,0.0000,0.0000,0.0000,0.00,0.00,0.00,0.00,0.00,0.00,0.00,2,0.20,0.0000,0.0000,1,0.733,0.000,0.00,0.00,0.733,0
0.00,0.00,0.00,0.0000,0.0000,0.0000,0.0000,0.00,0.00,0.00,0.00,0.00,0.00,0.00,2,0.20,0.0000,0.0000,1,0.733,0.000,0.00,0.00,0.733,0
0.00,0.00,0.00,0.0000,0.0000,0.0000,0.0000,0.00,0.00,0.00,0.00,0.00,0.00,0.00,2,0.20,0.0000,0.0000,1,0.733,0.000,0.00,0.00,0.733,0
phase1 acc_mag=0.000 gravity=0.000 motion=0.000 moving_avg=0.000 rms=0.003 mean_rms=0.003 max_rms=0.003 min_rms=0.003 std=0.001 var=0.000 state=standing thr=0.080/0.350/0.850
0.00,0.00,0.00,0.0000,0.0000,0.0000,0.0000,0.00,0.00,0.00,0.00,0.00,0.00,0.00,2,0.20,0.0000,0.0000,1,0.733,0.000,0.00,0.00,0.733,0
0.00,0.00,0.00,0.0000,0.0000,0.0000,0.0000,0.00,0.00,0.00,0.00,0.00,0.00,0.00,2,0.20,0.0000,0.0000,1,0.733,0.000,0.00,0.00,0.733,0
0.00,0.00,0.00,0.0000,0.0000,0.0000,0.0000,0.00,0.00,0.00,0.00,0.00,0.00,0.00,2,0.20,0.0000,0.0000,1,0.733,0.000,0.00,0.00,0.733,0
0.00,0.00,0.00,0.0000,0.0000,0.0000,0.0000,0.00,0.00,0.00,0.00,0.00,0.00,0.00,2,0.20,0.0000,0.0000,1,0.733,0.000,0.00,0.00,0.733,0
phase1 acc_mag=0.000 gravity=0.000 motion=0.000 moving_avg=0.000 rms=0.003 mean_rms=0.003 max_rms=0.003 min_rms=0.003 std=0.001 var=0.000 state=standing thr=0.080/0.350/0.850
0.00,0.00,0.00,0.0000,0.0000,0.0000,0.0000,0.00,0.00,0.00,0.00,0.00,0.00,0.00,2,0.20,0.0000,0.0000,1,0.733,0.000,0.00,0.00,0.733,0
0.00,0.00,0.00,0.0000,0.0000,0.0000,0.0000,0.00,0.00,0.00,0.00,0.00,0.00,0.00,2,0.20,0.0000,0.0000,1,0.733,0.000,0.00,0.00,0.733,0
0.00,0.00,0.00,0.0000,0.0000,0.0000,0.0000,0.00,0.00,0.00,0.00,0.00,0.00,0.00,2,0.20,0.0000,0.0000,1,0.733,0.000,0.00,0.00,0.733,0
0.00,0.00,0.00,0.0000,0.0000,0.0000,0.0000,0.00,0.00,0.00,0.00,0.00,0.00,0.00,2,0.20,0.0000,0.0000,1,0.733,0.000,0.00,0.00,0.733,0
phase1 acc_mag=0.000 gravity=0.000 motion=0.000 moving_avg=0.000 rms=0.003 mean_rms=0.003 max_rms=0.003 min_rms=0.003 std=0.001 var=0.000 state=standing thr=0.080/0.350/0.850
0.00,0.00,0.00,0.0000,0.0000,0.0000,0.0000,0.00,0.00,0.00,0.00,0.00,0.00,0.00,2,0.20,0.0000,0.0000,1,0.733,0.000,0.00,0.00,0.733,0
0.00,0.00,0.00,0.0000,0.0000,0.0000,0.0000,0.00,0.00,0.00,0.00,0.00,0.00,0.00,2,0.20,0.0000,0.0000,1,0.733,0.000,0.00,0.00,0.733,0
0.00,0.00,0.00,0.0000,0.0000,0.0000,0.0000,0.00,0.00,0.00,0.00,0.00,0.00,0.00,2,0.20,0.0000,0.0000,1,0.733,0.000,0.00,0.00,0.733,0
0.00,0.00,0.00,0.0000,0.0000,0.0000,0.0000,0.00,0.00,0.00,0.00,0.00,0.00,0.00,2,0.20,0.0000,0.0000,1,0.733,0.000,0.00,0.00,0.733,0
phase1 acc_mag=0.000 gravity=0.000 motion=0.000 moving_avg=0.000 rms=0.003 mean_rms=0.003 max_rms=0.003 min_rms=0.003 std=0.001 var=0.000 state=standing thr=0.080/0.350/0.850
0.00,0.00,0.00,0.0000,0.0000,0.0000,0.0000,0.00,0.00,0.00,0.00,0.00,0.00,0.00,2,0.20,0.0000,0.0000,1,0.733,0.000,0.00,0.00,0.733,0
0.00,0.00,0.00,0.0000,0.0000,0.0000,0.0000,0.00,0.00,0.00,0.00,0.00,0.00,0.00,2,0.20,0.0000,0.0000,1,0.733,0.000,0.00,0.00,0.733,0
0.00,0.00,0.00,0.0000,0.0000,0.0000,0.0000,0.00,0.00,0.00,0.00,0.00,0.00,0.00,2,0.20,0.0000,0.0000,1,0.733,0.000,0.00,0.00,0.733,0
0.00,0.00,0.00,0.0000,0.0000,0.0000,0.0000,0.00,0.00,0.00,0.00,0.00,0.00,0.00,2,0.20,0.0000,0.0000,1,0.733,0.000,0.00,0.00,0.733,0
phase1 acc_mag=0.000 gravity=0.000 motion=0.000 moving_avg=0.000 rms=0.003 mean_rms=0.003 max_rms=0.003 min_rms=0.003 std=0.001 var=0.000 state=standing thr=0.080/0.350/0.850
0.00,0.00,0.00,0.0000,0.0000,0.0000,0.0000,0.00,0.00,0.00,0.00,0.00,0.00,0.00,2,0.20,0.0000,0.0000,1,0.733,0.000,0.00,0.00,0.733,0
0.00,0.00,0.00,0.0000,0.0000,0.0000,0.0000,0.00,0.00,0.00,0.00,0.00,0.00,0.00,2,0.20,0.0000,0.0000,1,0.733,0.000,0.00,0.00,0.733,0
0.00,0.00,0.00,0.0000,0.0000,0.0000,0.0000,0.00,0.00,0.00,0.00,0.00,0.00,0.00,2,0.20,0.0000,0.0000,1,0.733,0.000,0.00,0.00,0.733,0
0.00,0.00,0.00,0.0000,0.0000,0.0000,0.0000,0.00,0.00,0.00,0.00,0.00,0.00,0.00,2,0.20,0.0000,0.0000,1,0.733,0.000,0.00,0.00,0.733,0
phase1 acc_mag=0.000 gravity=0.000 motion=0.000 moving_avg=0.000 rms=0.003 mean_rms=0.003 max_rms=0.003 min_rms=0.003 std=0.001 var=0.000 state=standing thr=0.080/0.350/0.850
0.00,0.00,0.00,0.0000,0.0000,0.0000,0.0000,0.00,0.00,0.00,0.00,0.00,0.00,0.00,2,0.20,0.0000,0.0000,1,0.733,0.000,0.00,0.00,0.733,0
0.00,0.00,0.00,0.0000,0.0000,0.0000,0.0000,0.00,0.00,0.00,0.00,0.00,0.00,0.00,2,0.20,0.0000,0.0000,1,0.733,0.000,0.00,0.00,0.733,0
0.00,0.00,0.00,0.0000,0.0000,0.0000,0.0000,0.00,0.00,0.00,0.00,0.00,0.00,0.00,2,0.20,0.0000,0.0000,1,0.733,0.000,0.00,0.00,0.733,0
0.00,0.00,0.00,0.0000,0.0000,0.0000,0.0000,0.00,0.00,0.00,0.00,0.00,0.00,0.00,2,0.20,0.0000,0.0000,1,0.733,0.000,0.00,0.00,0.733,0
phase1 acc_mag=0.000 gravity=0.000 motion=0.000 moving_avg=0.000 rms=0.003 mean_rms=0.003 max_rms=0.003 min_rms=0.003 std=0.001 var=0.000 state=standing thr=0.080/0.350/0.850
0.00,0.00,0.00,0.0000,0.0000,0.0000,0.0000,0.00,0.00,0.00,0.00,0.00,0.00,0.00,2,0.20,0.0000,0.0000,1,0.733,0.000,0.00,0.00,0.733,0
0.00,0.00,0.00,0.0000,0.0000,0.0000,0.0000,0.00,0.00,0.00,0.00,0.00,0.00,0.00,2,0.20,0.0000,0.0000,1,0.733,0.000,0.00,0.00,0.733,0
0.00,0.00,0.00,0.0000,0.0000,0.0000,0.0000,0.00,0.00,0.00,0.00,0.00,0.00,0.00,2,0.20,0.0000,0.0000,1,0.733,0.000,0.00,0.00,0.733,0
0.00,0.00,0.00,0.0000,0.0000,0.0000,0.0000,0.00,0.00,0.00,0.00,0.00,0.00,0.00,2,0.20,0.0000,0.0000,1,0.733,0.000,0.00,0.00,0.733,0
phase1 acc_mag=0.000 gravity=0.000 motion=0.000 moving_avg=0.000 rms=0.003 mean_rms=0.003 max_rms=0.003 min_rms=0.003 std=0.001 var=0.000 state=standing thr=0.080/0.350/0.850
0.00,0.00,0.00,0.0000,0.0000,0.0000,0.0000,0.00,0.00,0.00,0.00,0.00,0.00,0.00,2,0.20,0.0000,0.0000,1,0.733,0.000,0.00,0.00,0.733,0
0.00,0.00,0.00,0.0000,0.0000,0.0000,0.0000,0.00,0.00,0.00,0.00,0.00,0.00,0.00,2,0.20,0.0000,0.0000,1,0.733,0.000,0.00,0.00,0.733,0
0.00,0.00,0.00,0.0000,0.0000,0.0000,0.0000,0.00,0.00,0.00,0.00,0.00,0.00,0.00,2,0.20,0.0000,0.0000,1,0.733,0.000,0.00,0.00,0.733,0
0.00,0.00,0.00,0.0000,0.0000,0.0000,0.0000,0.00,0.00,0.00,0.00,0.00,0.00,0.00,2,0.20,0.0000,0.0000,1,0.733,0.000,0.00,0.00,0.733,0
phase1 acc_mag=0.000 gravity=0.000 motion=0.000 moving_avg=0.000 rms=0.003 mean_rms=0.003 max_rms=0.003 min_rms=0.003 std=0.001 var=0.000 state=standing thr=0.080/0.350/0.850
0.00,0.00,0.00,0.0000,0.0000,0.0000,0.0000,0.00,0.00,0.00,0.00,0.00,0.00,0.00,2,0.20,0.0000,0.0000,1,0.733,0.000,0.00,0.00,0.733,0
0.00,0.00,0.00,0.0000,0.0000,0.0000,0.0000,0.00,0.00,0.00,0.00,0.00,0.00,0.00,2,0.20,0.0000,0.0000,1,0.733,0.000,0.00,0.00,0.733,0
0.00,0.00,0.00,0.0000,0.0000,0.0000,0.0000,0.00,0.00,0.00,0.00,0.00,0.00,0.00,2,0.20,0.0000,0.0000,1,0.733,0.000,0.00,0.00,0.733,0
0.00,0.00,0.00,0.0000,0.0000,0.0000,0.0000,0.00,0.00,0.00,0.00,0.00,0.00,0.00,2,0.20,0.0000,0.0000,1,0.733,0.000,0.00,0.00,0.733,0
phase1 acc_mag=0.000 gravity=0.000 motion=0.000 moving_avg=0.000 rms=0.003 mean_rms=0.003 max_rms=0.003 min_rms=0.003 std=0.001 var=0.000 state=standing thr=0.080/0.350/0.850
0.00,0.00,0.00,0.0000,0.0000,0.0000,0.0000,0.00,0.00,0.00,0.00,0.00,0.00,0.00,2,0.20,0.0000,0.0000,1,0.733,0.000,0.00,0.00,0.733,0
0.00,0.00,0.00,0.0000,0.0000,0.0000,0.0000,0.00,0.00,0.00,0.00,0.00,0.00,0.00,2,0.20,0.0000,0.0000,1,0.733,0.000,0.00,0.00,0.733,0
0.00,0.00,0.00,0.0000,0.0000,0.0000,0.0000,0.00,0.00,0.00,0.00,0.00,0.00,0.00,2,0.20,0.0000,0.0000,1,0.733,0.000,0.00,0.00,0.733,0
0.00,0.00,0.00,0.0000,0.0000,0.0000,0.0000,0.00,0.00,0.00,0.00,0.00,0.00,0.00,2,0.20,0.0000,0.0000,1,0.733,0.000,0.00,0.00,0.733,0
phase1 acc_mag=0.000 gravity=0.000 motion=0.000 moving_avg=0.000 rms=0.003 mean_rms=0.003 max_rms=0.003 min_rms=0.003 std=0.001 var=0.000 state=standing thr=0.080/0.350/0.850
0.00,0.00,0.00,0.0000,0.0000,0.0000,0.0000,0.00,0.00,0.00,0.00,0.00,0.00,0.00,2,0.20,0.0000,0.0000,1,0.733,0.000,0.00,0.00,0.733,0
0.00,0.00,0.00,0.0000,0.0000,0.0000,0.0000,0.00,0.00,0.00,0.00,0.00,0.00,0.00,2,0.20,0.0000,0.0000,1,0.733,0.000,0.00,0.00,0.733,0
0.00,0.00,0.00,0.0000,0.0000,0.0000,0.0000,0.00,0.00,0.00,0.00,0.00,0.00,0.00,2,0.20,0.0000,0.0000,1,0.733,0.000,0.00,0.00,0.733,0
0.00,0.00,0.00,0.0000,0.0000,0.0000,0.0000,0.00,0.00,0.00,0.00,0.00,0.00,0.00,2,0.20,0.0000,0.0000,1,0.733,0.000,0.00,0.00,0.733,0
phase1 acc_mag=0.000 gravity=0.000 motion=0.000 moving_avg=0.000 rms=0.003 mean_rms=0.003 max_rms=0.003 min_rms=0.003 std=0.001 var=0.000 state=standing thr=0.080/0.350/0.850
0.00,0.00,0.00,0.0000,0.0000,0.0000,0.0000,0.00,0.00,0.00,0.00,0.00,0.00,0.00,2,0.20,0.0000,0.0000,1,0.733,0.000,0.00,0.00,0.733,0
0.00,0.00,0.00,0.0000,0.0000,0.0000,0.0000,0.00,0.00,0.00,0.00,0.00,0.00,0.00,2,0.20,0.0000,0.0000,1,0.733,0.000,0.00,0.00,0.733,0
0.00,0.00,0.00,0.0000,0.0000,0.0000,0.0000,0.00,0.00,0.00,0.00,0.00,0.00,0.00,2,0.20,0.0000,0.0000,1,0.733,0.000,0.00,0.00,0.733,0
0.00,0.00,0.00,0.0000,0.0000,0.0000,0.0000,0.00,0.00,0.00,0.00,0.00,0.00,0.00,2,0.20,0.0000,0.0000,1,0.733,0.000,0.00,0.00,0.733,0
phase1 acc_mag=0.000 gravity=0.000 motion=0.000 moving_avg=0.000 rms=0.003 mean_rms=0.003 max_rms=0.003 min_rms=0.003 std=0.001 var=0.000 state=standing thr=0.080/0.350/0.850
0.00,0.00,0.00,0.0000,0.0000,0.0000,0.0000,0.00,0.00,0.00,0.00,0.00,0.00,0.00,2,0.20,0.0000,0.0000,1,0.733,0.000,0.00,0.00,0.733,0
0.00,0.00,0.00,0.0000,0.0000,0.0000,0.0000,0.00,0.00,0.00,0.00,0.00,0.00,0.00,2,0.20,0.0000,0.0000,1,0.733,0.000,0.00,0.00,0.733,0
0.00,0.00,0.00,0.0000,0.0000,0.0000,0.0000,0.00,0.00,0.00,0.00,0.00,0.00,0.00,2,0.20,0.0000,0.0000,1,0.733,0.000,0.00,0.00,0.733,0
0.00,0.00,0.00,0.0000,0.0000,0.0000,0.0000,0.00,0.00,0.00,0.00,0.00,0.00,0.00,2,0.20,0.0000,0.0000,1,0.733,0.000,0.00,0.00,0.733,0
phase1 acc_mag=0.000 gravity=0.000 motion=0.000 moving_avg=0.000 rms=0.003 mean_rms=0.003 max_rms=0.003 min_rms=0.003 std=0.001 var=0.000 state=standing thr=0.080/0.350/0.850
0.00,0.00,0.00,0.0000,0.0000,0.0000,0.0000,0.00,0.00,0.00,0.00,0.00,0.00,0.00,2,0.20,0.0000,0.0000,1,0.733,0.000,0.00,0.00,0.733,0
0.00,0.00,0.00,0.0000,0.0000,0.0000,0.0000,0.00,0.00,0.00,0.00,0.00,0.00,0.00,2,0.20,0.0000,0.0000,1,0.733,0.000,0.00,0.00,0.733,0
0.00,0.00,0.00,0.0000,0.0000,0.0000,0.0000,0.00,0.00,0.00,0.00,0.00,0.00,0.00,2,0.20,0.0000,0.0000,1,0.733,0.000,0.00,0.00,0.733,0
0.00,0.00,0.00,0.0000,0.0000,0.0000,0.0000,0.00,0.00,0.00,0.00,0.00,0.00,0.00,2,0.20,0.0000,0.0000,1,0.733,0.000,0.00,0.00,0.733,0
phase1 acc_mag=0.000 gravity=0.000 motion=0.000 moving_avg=0.000 rms=0.003 mean_rms=0.003 max_rms=0.003 min_rms=0.003 std=0.001 var=0.000 state=standing thr=0.080/0.350/0.850
0.00,0.00,0.00,0.0000,0.0000,0.0000,0.0000,0.00,0.00,0.00,0.00,0.00,0.00,0.00,2,0.20,0.0000,0.0000,1,0.733,0.000,0.00,0.00,0.733,0
0.00,0.00,0.00,0.0000,0.0000,0.0000,0.0000,0.00,0.00,0.00,0.00,0.00,0.00,0.00,2,0.20,0.0000,0.0000,1,0.733,0.000,0.00,0.00,0.733,0
0.00,0.00,0.00,0.0000,0.0000,0.0000,0.0000,0.00,0.00,0.00,0.00,0.00,0.00,0.00,2,0.20,0.0000,0.0000,1,0.733,0.000,0.00,0.00,0.733,0
0.00,0.00,0.00,0.0000,0.0000,0.0000,0.0000,0.00,0.00,0.00,0.00,0.00,0.00,0.00,2,0.20,0.0000,0.0000,1,0.733,0.000,0.00,0.00,0.733,0
phase1 acc_mag=0.000 gravity=0.000 motion=0.000 moving_avg=0.000 rms=0.003 mean_rms=0.003 max_rms=0.003 min_rms=0.003 std=0.001 var=0.000 state=standing thr=0.080/0.350/0.850
0.00,0.00,0.00,0.0000,0.0000,0.0000,0.0000,0.00,0.00,0.00,0.00,0.00,0.00,0.00,2,0.20,0.0000,0.0000,1,0.733,0.000,0.00,0.00,0.733,0
0.00,0.00,0.00,0.0000,0.0000,0.0000,0.0000,0.00,0.00,0.00,0.00,0.00,0.00,0.00,2,0.20,0.0000,0.0000,1,0.733,0.000,0.00,0.00,0.733,0
0.00,0.00,0.00,0.0000,0.0000,0.0000,0.0000,0.00,0.00,0.00,0.00,0.00,0.00,0.00,2,0.20,0.0000,0.0000,1,0.733,0.000,0.00,0.00,0.733,0
0.00,0.00,0.00,0.0000,0.0000,0.0000,0.0000,0.00,0.00,0.00,0.00,0.00,0.00,0.00,2,0.20,0.0000,0.0000,1,0.733,0.000,0.00,0.00,0.733,0
phase1 acc_mag=0.000 gravity=0.000 motion=0.000 moving_avg=0.000 rms=0.003 mean_rms=0.003 max_rms=0.003 min_rms=0.003 std=0.001 var=0.000 state=standing thr=0.080/0.350/0.850
0.00,0.00,0.00,0.0000,0.0000,0.0000,0.0000,0.00,0.00,0.00,0.00,0.00,0.00,0.00,2,0.20,0.0000,0.0000,1,0.733,0.000,0.00,0.00,0.733,0
0.00,0.00,0.00,0.0000,0.0000,0.0000,0.0000,0.00,0.00,0.00,0.00,0.00,0.00,0.00,2,0.20,0.0000,0.0000,1,0.733,0.000,0.00,0.00,0.733,0
0.00,0.00,0.00,0.0000,0.0000,0.0000,0.0000,0.00,0.00,0.00,0.00,0.00,0.00,0.00,2,0.20,0.0000,0.0000,1,0.733,0.000,0.00,0.00,0.733,0
0.00,0.00,0.00,0.0000,0.0000,0.0000,0.0000,0.00,0.00,0.00,0.00,0.00,0.00,0.00,2,0.20,0.0000,0.0000,1,0.733,0.000,0.00,0.00,0.733,0
phase1 acc_mag=0.000 gravity=0.000 motion=0.000 moving_avg=0.000 rms=0.003 mean_rms=0.003 max_rms=0.003 min_rms=0.003 std=0.001 var=0.000 state=standing thr=0.080/0.350/0.850
0.00,0.00,0.00,0.0000,0.0000,0.0000,0.0000,0.00,0.00,0.00,0.00,0.00,0.00,0.00,2,0.20,0.0000,0.0000,1,0.733,0.000,0.00,0.00,0.733,0
0.00,0.00,0.00,0.0000,0.0000,0.0000,0.0000,0.00,0.00,0.00,0.00,0.00,0.00,0.00,2,0.20,0.0000,0.0000,1,0.733,0.000,0.00,0.00,0.733,0
0.00,0.00,0.00,0.0000,0.0000,0.0000,0.0000,0.00,0.00,0.00,0.00,0.00,0.00,0.00,2,0.20,0.0000,0.0000,1,0.733,0.000,0.00,0.00,0.733,0
0.00,0.00,0.00,0.0000,0.0000,0.0000,0.0000,0.00,0.00,0.00,0.00,0.00,0.00,0.00,2,0.20,0.0000,0.0000,1,0.733,0.000,0.00,0.00,0.733,0
phase1 acc_mag=0.000 gravity=0.000 motion=0.000 moving_avg=0.000 rms=0.003 mean_rms=0.003 max_rms=0.003 min_rms=0.003 std=0.001 var=0.000 state=standing thr=0.080/0.350/0.850
0.00,0.00,0.00,0.0000,0.0000,0.0000,0.0000,0.00,0.00,0.00,0.00,0.00,0.00,0.00,2,0.20,0.0000,0.0000,1,0.733,0.000,0.00,0.00,0.733,0
0.00,0.00,0.00,0.0000,0.0000,0.0000,0.0000,0.00,0.00,0.00,0.00,0.00,0.00,0.00,2,0.20,0.0000,0.0000,1,0.733,0.000,0.00,0.00,0.733,0
0.00,0.00,0.00,0.0000,0.0000,0.0000,0.0000,0.00,0.00,0.00,0.00,0.00,0.00,0.00,2,0.20,0.0000,0.0000,1,0.733,0.000,0.00,0.00,0.733,0
0.00,0.00,0.00,0.0000,0.0000,0.0000,0.0000,0.00,0.00,0.00,0.00,0.00,0.00,0.00,2,0.20,0.0000,0.0000,1,0.733,0.000,0.00,0.00,0.733,0
phase1 acc_mag=0.000 gravity=0.000 motion=0.000 moving_avg=0.000 rms=0.003 mean_rms=0.003 max_rms=0.003 min_rms=0.003 std=0.001 var=0.000 state=standing thr=0.080/0.350/0.850
0.00,0.00,0.00,0.0000,0.0000,0.0000,0.0000,0.00,0.00,0.00,0.00,0.00,0.00,0.00,2,0.20,0.0000,0.0000,1,0.733,0.000,0.00,0.00,0.733,0
0.00,0.00,0.00,0.0000,0.0000,0.0000,0.0000,0.00,0.00,0.00,0.00,0.00,0.00,0.00,2,0.20,0.0000,0.0000,1,0.733,0.000,0.00,0.00,0.733,0
0.00,0.00,0.00,0.0000,0.0000,0.0000,0.0000,0.00,0.00,0.00,0.00,0.00,0.00,0.00,2,0.20,0.0000,0.0000,1,0.733,0.000,0.00,0.00,0.733,0
0.00,0.00,0.00,0.0000,0.0000,0.0000,0.0000,0.00,0.00,0.00,0.00,0.00,0.00,0.00,2,0.20,0.0000,0.0000,1,0.733,0.000,0.00,0.00,0.733,0
phase1 acc_mag=0.000 gravity=0.000 motion=0.000 moving_avg=0.000 rms=0.003 mean_rms=0.003 max_rms=0.003 min_rms=0.003 std=0.001 var=0.000 state=standing thr=0.080/0.350/0.850
0.00,0.00,0.00,0.0000,0.0000,0.0000,0.0000,0.00,0.00,0.00,0.00,0.00,0.00,0.00,2,0.20,0.0000,0.0000,1,0.733,0.000,0.00,0.00,0.733,0
0.00,0.00,0.00,0.0000,0.0000,0.0000,0.0000,0.00,0.00,0.00,0.00,0.00,0.00,0.00,2,0.20,0.0000,0.0000,1,0.733,0.000,0.00,0.00,0.733,0
0.00,0.00,0.00,0.0000,0.0000,0.0000,0.0000,0.00,0.00,0.00,0.00,0.00,0.00,0.00,2,0.20,0.0000,0.0000,1,0.733,0.000,0.00,0.00,0.733,0
0.00,0.00,0.00,0.0000,0.0000,0.0000,0.0000,0.00,0.00,0.00,0.00,0.00,0.00,0.00,2,0.20,0.0000,0.0000,1,0.733,0.000,0.00,0.00,0.733,0
phase1 acc_mag=0.000 gravity=0.000 motion=0.000 moving_avg=0.000 rms=0.003 mean_rms=0.003 max_rms=0.003 min_rms=0.003 std=0.001 var=0.000 state=standing thr=0.080/0.350/0.850
0.00,0.00,0.00,0.0000,0.0000,0.0000,0.0000,0.00,0.00,0.00,0.00,0.00,0.00,0.00,2,0.20,0.0000,0.0000,1,0.733,0.000,0.00,0.00,0.733,0
0.00,0.00,0.00,0.0000,0.0000,0.0000,0.0000,0.00,0.00,0.00,0.00,0.00,0.00,0.00,2,0.20,0.0000,0.0000,1,0.733,0.000,0.00,0.00,0.733,0
0.00,0.00,0.00,0.0000,0.0000,0.0000,0.0000,0.00,0.00,0.00,0.00,0.00,0.00,0.00,2,0.20,0.0000,0.0000,1,0.733,0.000,0.00,0.00,0.733,0
0.00,0.00,0.00,0.0000,0.0000,0.0000,0.0000,0.00,0.00,0.00,0.00,0.00,0.00,0.00,2,0.20,0.0000,0.0000,1,0.733,0.000,0.00,0.00,0.733,0
phase1 acc_mag=0.000 gravity=0.000 motion=0.000 moving_avg=0.000 rms=0.003 mean_rms=0.003 max_rms=0.003 min_rms=0.003 std=0.001 var=0.000 state=standing thr=0.080/0.350/0.850
0.00,0.00,0.00,0.0000,0.0000,0.0000,0.0000,0.00,0.00,0.00,0.00,0.00,0.00,0.00,2,0.20,0.0000,0.0000,1,0.733,0.000,0.00,0.00,0.733,0
0.00,0.00,0.00,0.0000,0.0000,0.0000,0.0000,0.00,0.00,0.00,0.00,0.00,0.00,0.00,2,0.20,0.0000,0.0000,1,0.733,0.000,0.00,0.00,0.733,0
0.00,0.00,0.00,0.0000,0.0000,0.0000,0.0000,0.00,0.00,0.00,0.00,0.00,0.00,0.00,2,0.20,0.0000,0.0000,1,0.733,0.000,0.00,0.00,0.733,0
0.00,0.00,0.00,0.0000,0.0000,0.0000,0.0000,0.00,0.00,0.00,0.00,0.00,0.00,0.00,2,0.20,0.0000,0.0000,1,0.733,0.000,0.00,0.00,0.733,0
phase1 acc_mag=0.000 gravity=0.000 motion=0.000 moving_avg=0.000 rms=0.003 mean_rms=0.003 max_rms=0.003 min_rms=0.003 std=0.001 var=0.000 state=standing thr=0.080/0.350/0.850
0.00,0.00,0.00,0.0000,0.0000,0.0000,0.0000,0.00,0.00,0.00,0.00,0.00,0.00,0.00,2,0.20,0.0000,0.0000,1,0.733,0.000,0.00,0.00,0.733,0
0.00,0.00,0.00,0.0000,0.0000,0.0000,0.0000,0.00,0.00,0.00,0.00,0.00,0.00,0.00,2,0.20,0.0000,0.0000,1,0.733,0.000,0.00,0.00,0.733,0
0.00,0.00,0.00,0.0000,0.0000,0.0000,0.0000,0.00,0.00,0.00,0.00,0.00,0.00,0.00,2,0.20,0.0000,0.0000,1,0.733,0.000,0.00,0.00,0.733,0
0.00,0.00,0.00,0.0000,0.0000,0.0000,0.0000,0.00,0.00,0.00,0.00,0.00,0.00,0.00,2,0.20,0.0000,0.0000,1,0.733,0.000,0.00,0.00,0.733,0
phase1 acc_mag=0.000 gravity=0.000 motion=0.000 moving_avg=0.000 rms=0.003 mean_rms=0.003 max_rms=0.003 min_rms=0.003 std=0.001 var=0.000 state=standing thr=0.080/0.350/0.850
0.00,0.00,0.00,0.0000,0.0000,0.0000,0.0000,0.00,0.00,0.00,0.00,0.00,0.00,0.00,2,0.20,0.0000,0.0000,1,0.733,0.000,0.00,0.00,0.733,0
0.00,0.00,0.00,0.0000,0.0000,0.0000,0.0000,0.00,0.00,0.00,0.00,0.00,0.00,0.00,2,0.20,0.0000,0.0000,1,0.733,0.000,0.00,0.00,0.733,0
0.00,0.00,0.00,0.0000,0.0000,0.0000,0.0000,0.00,0.00,0.00,0.00,0.00,0.00,0.00,2,0.20,0.0000,0.0000,1,0.733,0.000,0.00,0.00,0.733,0
0.00,0.00,0.00,0.0000,0.0000,0.0000,0.0000,0.00,0.00,0.00,0.00,0.00,0.00,0.00,2,0.20,0.0000,0.0000,1,0.733,0.000,0.00,0.00,0.733,0
phase1 acc_mag=0.000 gravity=0.000 motion=0.000 moving_avg=0.000 rms=0.003 mean_rms=0.003 max_rms=0.003 min_rms=0.003 std=0.001 var=0.000 state=standing thr=0.080/0.350/0.850
0.00,0.00,0.00,0.0000,0.0000,0.0000,0.0000,0.00,0.00,0.00,0.00,0.00,0.00,0.00,2,0.20,0.0000,0.0000,1,0.733,0.000,0.00,0.00,0.733,0
0.00,0.00,0.00,0.0000,0.0000,0.0000,0.0000,0.00,0.00,0.00,0.00,0.00,0.00,0.00,2,0.20,0.0000,0.0000,1,0.733,0.000,0.00,0.00,0.733,0
0.00,0.00,0.00,0.0000,0.0000,0.0000,0.0000,0.00,0.00,0.00,0.00,0.00,0.00,0.00,2,0.20,0.0000,0.0000,1,0.733,0.000,0.00,0.00,0.733,0
0.00,0.00,0.00,0.0000,0.0000,0.0000,0.0000,0.00,0.00,0.00,0.00,0.00,0.00,0.00,2,0.20,0.0000,0.0000,1,0.733,0.000,0.00,0.00,0.733,0
phase1 acc_mag=0.000 gravity=0.000 motion=0.000 moving_avg=0.000 rms=0.003 mean_rms=0.003 max_rms=0.003 min_rms=0.003 std=0.001 var=0.000 state=standing thr=0.080/0.350/0.850
0.00,0.00,0.00,0.0000,0.0000,0.0000,0.0000,0.00,0.00,0.00,0.00,0.00,0.00,0.00,2,0.20,0.0000,0.0000,1,0.733,0.000,0.00,0.00,0.733,0
0.00,0.00,0.00,0.0000,0.0000,0.0000,0.0000,0.00,0.00,0.00,0.00,0.00,0.00,0.00,2,0.20,0.0000,0.0000,1,0.733,0.000,0.00,0.00,0.733,0
0.00,0.00,0.00,0.0000,0.0000,0.0000,0.0000,0.00,0.00,0.00,0.00,0.00,0.00,0.00,2,0.20,0.0000,0.0000,1,0.733,0.000,0.00,0.00,0.733,0
0.00,0.00,0.00,0.0000,0.0000,0.0000,0.0000,0.00,0.00,0.00,0.00,0.00,0.00,0.00,2,0.20,0.0000,0.0000,1,0.733,0.000,0.00,0.00,0.733,0
phase1 acc_mag=0.000 gravity=0.000 motion=0.000 moving_avg=0.000 rms=0.003 mean_rms=0.003 max_rms=0.003 min_rms=0.003 std=0.001 var=0.000 state=standing thr=0.080/0.350/0.850
0.00,0.00,0.00,0.0000,0.0000,0.0000,0.0000,0.00,0.00,0.00,0.00,0.00,0.00,0.00,2,0.20,0.0000,0.0000,1,0.733,0.000,0.00,0.00,0.733,0
0.00,0.00,0.00,0.0000,0.0000,0.0000,0.0000,0.00,0.00,0.00,0.00,0.00,0.00,0.00,2,0.20,0.0000,0.0000,1,0.733,0.000,0.00,0.00,0.733,0
0.00,0.00,0.00,0.0000,0.0000,0.0000,0.0000,0.00,0.00,0.00,0.00,0.00,0.00,0.00,2,0.20,0.0000,0.0000,1,0.733,0.000,0.00,0.00,0.733,0
0.00,0.00,0.00,0.0000,0.0000,0.0000,0.0000,0.00,0.00,0.00,0.00,0.00,0.00,0.00,2,0.20,0.0000,0.0000,1,0.733,0.000,0.00,0.00,0.733,0
phase1 acc_mag=0.000 gravity=0.000 motion=0.000 moving_avg=0.000 rms=0.003 mean_rms=0.003 max_rms=0.003 min_rms=0.003 std=0.001 var=0.000 state=standing thr=0.080/0.350/0.850
0.00,0.00,0.00,0.0000,0.0000,0.0000,0.0000,0.00,0.00,0.00,0.00,0.00,0.00,0.00,2,0.20,0.0000,0.0000,1,0.733,0.000,0.00,0.00,0.733,0
0.00,0.00,0.00,0.0000,0.0000,0.0000,0.0000,0.00,0.00,0.00,0.00,0.00,0.00,0.00,2,0.20,0.0000,0.0000,1,0.733,0.000,0.00,0.00,0.733,0
0.00,0.00,0.00,0.0000,0.0000,0.0000,0.0000,0.00,0.00,0.00,0.00,0.00,0.00,0.00,2,0.20,0.0000,0.0000,1,0.733,0.000,0.00,0.00,0.733,0
0.00,0.00,0.00,0.0000,0.0000,0.0000,0.0000,0.00,0.00,0.00,0.00,0.00,0.00,0.00,2,0.20,0.0000,0.0000,1,0.733,0.000,0.00,0.00,0.733,0
phase1 acc_mag=0.000 gravity=0.000 motion=0.000 moving_avg=0.000 rms=0.003 mean_rms=0.003 max_rms=0.003 min_rms=0.003 std=0.001 var=0.000 state=standing thr=0.080/0.350/0.850
0.00,0.00,0.00,0.0000,0.0000,0.0000,0.0000,0.00,0.00,0.00,0.00,0.00,0.00,0.00,2,0.20,0.0000,0.0000,1,0.733,0.000,0.00,0.00,0.733,0
0.00,0.00,0.00,0.0000,0.0000,0.0000,0.0000,0.00,0.00,0.00,0.00,0.00,0.00,0.00,2,0.20,0.0000,0.0000,1,0.733,0.000,0.00,0.00,0.733,0
0.00,0.00,0.00,0.0000,0.0000,0.0000,0.0000,0.00,0.00,0.00,0.00,0.00,0.00,0.00,2,0.20,0.0000,0.0000,1,0.733,0.000,0.00,0.00,0.733,0
0.00,0.00,0.00,0.0000,0.0000,0.0000,0.0000,0.00,0.00,0.00,0.00,0.00,0.00,0.00,2,0.20,0.0000,0.0000,1,0.733,0.000,0.00,0.00,0.733,0
phase1 acc_mag=0.000 gravity=0.000 motion=0.000 moving_avg=0.000 rms=0.003 mean_rms=0.003 max_rms=0.003 min_rms=0.003 std=0.001 var=0.000 state=standing thr=0.080/0.350/0.850
0.00,0.00,0.00,0.0000,0.0000,0.0000,0.0000,0.00,0.00,0.00,0.00,0.00,0.00,0.00,2,0.20,0.0000,0.0000,1,0.733,0.000,0.00,0.00,0.733,0
0.00,0.00,0.00,0.0000,0.0000,0.0000,0.0000,0.00,0.00,0.00,0.00,0.00,0.00,0.00,2,0.20,0.0000,0.0000,1,0.733,0.000,0.00,0.00,0.733,0
0.00,0.00,0.00,0.0000,0.0000,0.0000,0.0000,0.00,0.00,0.00,0.00,0.00,0.00,0.00,2,0.20,0.0000,0.0000,1,0.733,0.000,0.00,0.00,0.733,0
0.00,0.00,0.00,0.0000,0.0000,0.0000,0.0000,0.00,0.00,0.00,0.00,0.00,0.00,0.00,2,0.20,0.0000,0.0000,1,0.733,0.000,0.00,0.00,0.733,0
phase1 acc_mag=0.000 gravity=0.000 motion=0.000 moving_avg=0.000 rms=0.003 mean_rms=0.003 max_rms=0.003 min_rms=0.003 std=0.001 var=0.000 state=standing thr=0.080/0.350/0.850
0.00,0.00,0.00,0.0000,0.0000,0.0000,0.0000,0.00,0.00,0.00,0.00,0.00,0.00,0.00,2,0.20,0.0000,0.0000,1,0.733,0.000,0.00,0.00,0.733,0
0.00,0.00,0.00,0.0000,0.0000,0.0000,0.0000,0.00,0.00,0.00,0.00,0.00,0.00,0.00,2,0.20,0.0000,0.0000,1,0.733,0.000,0.00,0.00,0.733,0
0.00,0.00,0.00,0.0000,0.0000,0.0000,0.0000,0.00,0.00,0.00,0.00,0.00,0.00,0.00,2,0.20,0.0000,0.0000,1,0.733,0.000,0.00,0.00,0.733,0
0.00,0.00,0.00,0.0000,0.0000,0.0000,0.0000,0.00,0.00,0.00,0.00,0.00,0.00,0.00,2,0.20,0.0000,0.0000,1,0.733,0.000,0.00,0.00,0.733,0
phase1 acc_mag=0.000 gravity=0.000 motion=0.000 moving_avg=0.000 rms=0.003 mean_rms=0.003 max_rms=0.003 min_rms=0.003 std=0.001 var=0.000 state=standing thr=0.080/0.350/0.850
0.00,0.00,0.00,0.0000,0.0000,0.0000,0.0000,0.00,0.00,0.00,0.00,0.00,0.00,0.00,2,0.20,0.0000,0.0000,1,0.733,0.000,0.00,0.00,0.733,0
0.00,0.00,0.00,0.0000,0.0000,0.0000,0.0000,0.00,0.00,0.00,0.00,0.00,0.00,0.00,2,0.20,0.0000,0.0000,1,0.733,0.000,0.00,0.00,0.733,0
0.00,0.00,0.00,0.0000,0.0000,0.0000,0.0000,0.00,0.00,0.00,0.00,0.00,0.00,0.00,2,0.20,0.0000,0.0000,1,0.733,0.000,0.00,0.00,0.733,0
0.00,0.00,0.00,0.0000,0.0000,0.0000,0.0000,0.00,0.00,0.00,0.00,0.00,0.00,0.00,2,0.20,0.0000,0.0000,1,0.733,0.000,0.00,0.00,0.733,0
phase1 acc_mag=0.000 gravity=0.000 motion=0.000 moving_avg=0.000 rms=0.003 mean_rms=0.003 max_rms=0.003 min_rms=0.003 std=0.001 var=0.000 state=standing thr=0.080/0.350/0.850
0.00,0.00,0.00,0.0000,0.0000,0.0000,0.0000,0.00,0.00,0.00,0.00,0.00,0.00,0.00,2,0.20,0.0000,0.0000,1,0.733,0.000,0.00,0.00,0.733,0
0.00,0.00,0.00,0.0000,0.0000,0.0000,0.0000,0.00,0.00,0.00,0.00,0.00,0.00,0.00,2,0.20,0.0000,0.0000,1,0.733,0.000,0.00,0.00,0.733,0
0.00,0.00,0.00,0.0000,0.0000,0.0000,0.0000,0.00,0.00,0.00,0.00,0.00,0.00,0.00,2,0.20,0.0000,0.0000,1,0.733,0.000,0.00,0.00,0.733,0
0.00,0.00,0.00,0.0000,0.0000,0.0000,0.0000,0.00,0.00,0.00,0.00,0.00,0.00,0.00,2,0.20,0.0000,0.0000,1,0.733,0.000,0.00,0.00,0.733,0
phase1 acc_mag=0.000 gravity=0.000 motion=0.000 moving_avg=0.000 rms=0.003 mean_rms=0.003 max_rms=0.003 min_rms=0.003 std=0.001 var=0.000 state=standing thr=0.080/0.350/0.850
0.00,0.00,0.00,0.0000,0.0000,0.0000,0.0000,0.00,0.00,0.00,0.00,0.00,0.00,0.00,2,0.20,0.0000,0.0000,1,0.733,0.000,0.00,0.00,0.733,0
0.00,0.00,0.00,0.0000,0.0000,0.0000,0.0000,0.00,0.00,0.00,0.00,0.00,0.00,0.00,2,0.20,0.0000,0.0000,1,0.733,0.000,0.00,0.00,0.733,0
0.00,0.00,0.00,0.0000,0.0000,0.0000,0.0000,0.00,0.00,0.00,0.00,0.00,0.00,0.00,2,0.20,0.0000,0.0000,1,0.733,0.000,0.00,0.00,0.733,0
0.00,0.00,0.00,0.0000,0.0000,0.0000,0.0000,0.00,0.00,0.00,0.00,0.00,0.00,0.00,2,0.20,0.0000,0.0000,1,0.733,0.000,0.00,0.00,0.733,0
phase1 acc_mag=0.000 gravity=0.000 motion=0.000 moving_avg=0.000 rms=0.003 mean_rms=0.003 max_rms=0.003 min_rms=0.003 std=0.001 var=0.000 state=standing thr=0.080/0.350/0.850
0.00,0.00,0.00,0.0000,0.0000,0.0000,0.0000,0.00,0.00,0.00,0.00,0.00,0.00,0.00,2,0.20,0.0000,0.0000,1,0.733,0.000,0.00,0.00,0.733,0
0.00,0.00,0.00,0.0000,0.0000,0.0000,0.0000,0.00,0.00,0.00,0.00,0.00,0.00,0.00,2,0.20,0.0000,0.0000,1,0.733,0.000,0.00,0.00,0.733,0
0.00,0.00,0.00,0.0000,0.0000,0.0000,0.0000,0.00,0.00,0.00,0.00,0.00,0.00,0.00,2,0.20,0.0000,0.0000,1,0.733,0.000,0.00,0.00,0.733,0
0.00,0.00,0.00,0.0000,0.0000,0.0000,0.0000,0.00,0.00,0.00,0.00,0.00,0.00,0.00,2,0.20,0.0000,0.0000,1,0.733,0.000,0.00,0.00,0.733,0
phase1 acc_mag=0.000 gravity=0.000 motion=0.000 moving_avg=0.000 rms=0.003 mean_rms=0.003 max_rms=0.003 min_rms=0.003 std=0.001 var=0.000 state=standing thr=0.080/0.350/0.850
0.00,0.00,0.00,0.0000,0.0000,0.0000,0.0000,0.00,0.00,0.00,0.00,0.00,0.00,0.00,2,0.20,0.0000,0.0000,1,0.733,0.000,0.00,0.00,0.733,0
0.00,0.00,0.00,0.0000,0.0000,0.0000,0.0000,0.00,0.00,0.00,0.00,0.00,0.00,0.00,2,0.20,0.0000,0.0000,1,0.733,0.000,0.00,0.00,0.733,0
0.00,0.00,0.00,0.0000,0.0000,0.0000,0.0000,0.00,0.00,0.00,0.00,0.00,0.00,0.00,2,0.20,0.0000,0.0000,1,0.733,0.000,0.00,0.00,0.733,0
0.00,0.00,0.00,0.0000,0.0000,0.0000,0.0000,0.00,0.00,0.00,0.00,0.00,0.00,0.00,2,0.20,0.0000,0.0000,1,0.733,0.000,0.00,0.00,0.733,0
phase1 acc_mag=0.000 gravity=0.000 motion=0.000 moving_avg=0.000 rms=0.003 mean_rms=0.003 max_rms=0.003 min_rms=0.003 std=0.001 var=0.000 state=standing thr=0.080/0.350/0.850
0.00,0.00,0.00,0.0000,0.0000,0.0000,0.0000,0.00,0.00,0.00,0.00,0.00,0.00,0.00,2,0.20,0.0000,0.0000,1,0.733,0.000,0.00,0.00,0.733,0
0.00,0.00,0.00,0.0000,0.0000,0.0000,0.0000,0.00,0.00,0.00,0.00,0.00,0.00,0.00,2,0.20,0.0000,0.0000,1,0.733,0.000,0.00,0.00,0.733,0
0.00,0.00,0.00,0.0000,0.0000,0.0000,0.0000,0.00,0.00,0.00,0.00,0.00,0.00,0.00,2,0.20,0.0000,0.0000,1,0.733,0.000,0.00,0.00,0.733,0
0.00,0.00,0.00,0.0000,0.0000,0.0000,0.0000,0.00,0.00,0.00,0.00,0.00,0.00,0.00,2,0.20,0.0000,0.0000,1,0.733,0.000,0.00,0.00,0.733,0
phase1 acc_mag=0.000 gravity=0.000 motion=0.000 moving_avg=0.000 rms=0.003 mean_rms=0.003 max_rms=0.003 min_rms=0.003 std=0.001 var=0.000 state=standing thr=0.080/0.350/0.850
0.00,0.00,0.00,0.0000,0.0000,0.0000,0.0000,0.00,0.00,0.00,0.00,0.00,0.00,0.00,2,0.20,0.0000,0.0000,1,0.733,0.000,0.00,0.00,0.733,0
0.00,0.00,0.00,0.0000,0.0000,0.0000,0.0000,0.00,0.00,0.00,0.00,0.00,0.00,0.00,2,0.20,0.0000,0.0000,1,0.733,0.000,0.00,0.00,0.733,0
0.00,0.00,0.00,0.0000,0.0000,0.0000,0.0000,0.00,0.00,0.00,0.00,0.00,0.00,0.00,2,0.20,0.0000,0.0000,1,0.733,0.000,0.00,0.00,0.733,0
0.00,0.00,0.00,0.0000,0.0000,0.0000,0.0000,0.00,0.00,0.00,0.00,0.00,0.00,0.00,2,0.20,0.0000,0.0000,1,0.733,0.000,0.00,0.00,0.733,0
phase1 acc_mag=0.000 gravity=0.000 motion=0.000 moving_avg=0.000 rms=0.003 mean_rms=0.003 max_rms=0.003 min_rms=0.003 std=0.001 var=0.000 state=standing thr=0.080/0.350/0.850
0.00,0.00,0.00,0.0000,0.0000,0.0000,0.0000,0.00,0.00,0.00,0.00,0.00,0.00,0.00,2,0.20,0.0000,0.0000,1,0.733,0.000,0.00,0.00,0.733,0
0.00,0.00,0.00,0.0000,0.0000,0.0000,0.0000,0.00,0.00,0.00,0.00,0.00,0.00,0.00,2,0.20,0.0000,0.0000,1,0.733,0.000,0.00,0.00,0.733,0
0.00,0.00,0.00,0.0000,0.0000,0.0000,0.0000,0.00,0.00,0.00,0.00,0.00,0.00,0.00,2,0.20,0.0000,0.0000,1,0.733,0.000,0.00,0.00,0.733,0
0.00,0.00,0.00,0.0000,0.0000,0.0000,0.0000,0.00,0.00,0.00,0.00,0.00,0.00,0.00,2,0.20,0.0000,0.0000,1,0.733,0.000,0.00,0.00,0.733,0
phase1 acc_mag=0.000 gravity=0.000 motion=0.000 moving_avg=0.000 rms=0.003 mean_rms=0.003 max_rms=0.003 min_rms=0.003 std=0.001 var=0.000 state=standing thr=0.080/0.350/0.850
0.00,0.00,0.00,0.0000,0.0000,0.0000,0.0000,0.00,0.00,0.00,0.00,0.00,0.00,0.00,2,0.20,0.0000,0.0000,1,0.733,0.000,0.00,0.00,0.733,0
0.00,0.00,0.00,0.0000,0.0000,0.0000,0.0000,0.00,0.00,0.00,0.00,0.00,0.00,0.00,2,0.20,0.0000,0.0000,1,0.733,0.000,0.00,0.00,0.733,0
0.00,0.00,0.00,0.0000,0.0000,0.0000,0.0000,0.00,0.00,0.00,0.00,0.00,0.00,0.00,2,0.20,0.0000,0.0000,1,0.733,0.000,0.00,0.00,0.733,0
0.00,0.00,0.00,0.0000,0.0000,0.0000,0.0000,0.00,0.00,0.00,0.00,0.00,0.00,0.00,2,0.20,0.0000,0.0000,1,0.733,0.000,0.00,0.00,0.733,0
phase1 acc_mag=0.000 gravity=0.000 motion=0.000 moving_avg=0.000 rms=0.003 mean_rms=0.003 max_rms=0.003 min_rms=0.003 std=0.001 var=0.000 state=standing thr=0.080/0.350/0.850
0.00,0.00,0.00,0.0000,0.0000,0.0000,0.0000,0.00,0.00,0.00,0.00,0.00,0.00,0.00,2,0.20,0.0000,0.0000,1,0.733,0.000,0.00,0.00,0.733,0
0.00,0.00,0.00,0.0000,0.0000,0.0000,0.0000,0.00,0.00,0.00,0.00,0.00,0.00,0.00,2,0.20,0.0000,0.0000,1,0.733,0.000,0.00,0.00,0.733,0
0.00,0.00,0.00,0.0000,0.0000,0.0000,0.0000,0.00,0.00,0.00,0.00,0.00,0.00,0.00,2,0.20,0.0000,0.0000,1,0.733,0.000,0.00,0.00,0.733,0
0.00,0.00,0.00,0.0000,0.0000,0.0000,0.0000,0.00,0.00,0.00,0.00,0.00,0.00,0.00,2,0.20,0.0000,0.0000,1,0.733,0.000,0.00,0.00,0.733,0
phase1 acc_mag=0.000 gravity=0.000 motion=0.000 moving_avg=0.000 rms=0.003 mean_rms=0.003 max_rms=0.003 min_rms=0.003 std=0.001 var=0.000 state=standing thr=0.080/0.350/0.850
0.00,0.00,0.00,0.0000,0.0000,0.0000,0.0000,0.00,0.00,0.00,0.00,0.00,0.00,0.00,2,0.20,0.0000,0.0000,1,0.733,0.000,0.00,0.00,0.733,0
0.00,0.00,0.00,0.0000,0.0000,0.0000,0.0000,0.00,0.00,0.00,0.00,0.00,0.00,0.00,2,0.20,0.0000,0.0000,1,0.733,0.000,0.00,0.00,0.733,0
0.00,0.00,0.00,0.0000,0.0000,0.0000,0.0000,0.00,0.00,0.00,0.00,0.00,0.00,0.00,2,0.20,0.0000,0.0000,1,0.733,0.000,0.00,0.00,0.733,0
0.00,0.00,0.00,0.0000,0.0000,0.0000,0.0000,0.00,0.00,0.00,0.00,0.00,0.00,0.00,2,0.20,0.0000,0.0000,1,0.733,0.000,0.00,0.00,0.733,0
phase1 acc_mag=0.000 gravity=0.000 motion=0.000 moving_avg=0.000 rms=0.003 mean_rms=0.003 max_rms=0.003 min_rms=0.003 std=0.001 var=0.000 state=standing thr=0.080/0.350/0.850
0.00,0.00,0.00,0.0000,0.0000,0.0000,0.0000,0.00,0.00,0.00,0.00,0.00,0.00,0.00,2,0.20,0.0000,0.0000,1,0.733,0.000,0.00,0.00,0.733,0
0.00,0.00,0.00,0.0000,0.0000,0.0000,0.0000,0.00,0.00,0.00,0.00,0.00,0.00,0.00,2,0.20,0.0000,0.0000,1,0.733,0.000,0.00,0.00,0.733,0
0.00,0.00,0.00,0.0000,0.0000,0.0000,0.0000,0.00,0.00,0.00,0.00,0.00,0.00,0.00,2,0.20,0.0000,0.0000,1,0.733,0.000,0.00,0.00,0.733,0
0.00,0.00,0.00,0.0000,0.0000,0.0000,0.0000,0.00,0.00,0.00,0.00,0.00,0.00,0.00,2,0.20,0.0000,0.0000,1,0.733,0.000,0.00,0.00,0.733,0
phase1 acc_mag=0.000 gravity=0.000 motion=0.000 moving_avg=0.000 rms=0.003 mean_rms=0.003 max_rms=0.003 min_rms=0.003 std=0.001 var=0.000 state=standing thr=0.080/0.350/0.850
0.00,0.00,0.00,0.0000,0.0000,0.0000,0.0000,0.00,0.00,0.00,0.00,0.00,0.00,0.00,2,0.20,0.0000,0.0000,1,0.733,0.000,0.00,0.00,0.733,0
0.00,0.00,0.00,0.0000,0.0000,0.0000,0.0000,0.00,0.00,0.00,0.00,0.00,0.00,0.00,2,0.20,0.0000,0.0000,1,0.733,0.000,0.00,0.00,0.733,0
0.00,0.00,0.00,0.0000,0.0000,0.0000,0.0000,0.00,0.00,0.00,0.00,0.00,0.00,0.00,2,0.20,0.0000,0.0000,1,0.733,0.000,0.00,0.00,0.733,0
0.00,0.00,0.00,0.0000,0.0000,0.0000,0.0000,0.00,0.00,0.00,0.00,0.00,0.00,0.00,2,0.20,0.0000,0.0000,1,0.733,0.000,0.00,0.00,0.733,0
phase1 acc_mag=0.000 gravity=0.000 motion=0.000 moving_avg=0.000 rms=0.003 mean_rms=0.003 max_rms=0.003 min_rms=0.003 std=0.001 var=0.000 state=standing thr=0.080/0.350/0.850
0.00,0.00,0.00,0.0000,0.0000,0.0000,0.0000,0.00,0.00,0.00,0.00,0.00,0.00,0.00,2,0.20,0.0000,0.0000,1,0.733,0.000,0.00,0.00,0.733,0
0.00,0.00,0.00,0.0000,0.0000,0.0000,0.0000,0.00,0.00,0.00,0.00,0.00,0.00,0.00,2,0.20,0.0000,0.0000,1,0.733,0.000,0.00,0.00,0.733,0
0.00,0.00,0.00,0.0000,0.0000,0.0000,0.0000,0.00,0.00,0.00,0.00,0.00,0.00,0.00,2,0.20,0.0000,0.0000,1,0.733,0.000,0.00,0.00,0.733,0
0.00,0.00,0.00,0.0000,0.0000,0.0000,0.0000,0.00,0.00,0.00,0.00,0.00,0.00,0.00,2,0.20,0.0000,0.0000,1,0.733,0.000,0.00,0.00,0.733,0
phase1 acc_mag=0.000 gravity=0.000 motion=0.000 moving_avg=0.000 rms=0.003 mean_rms=0.003 max_rms=0.003 min_rms=0.003 std=0.001 var=0.000 state=standing thr=0.080/0.350/0.850
0.00,0.00,0.00,0.0000,0.0000,0.0000,0.0000,0.00,0.00,0.00,0.00,0.00,0.00,0.00,2,0.20,0.0000,0.0000,1,0.733,0.000,0.00,0.00,0.733,0
0.00,0.00,0.00,0.0000,0.0000,0.0000,0.0000,0.00,0.00,0.00,0.00,0.00,0.00,0.00,2,0.20,0.0000,0.0000,1,0.733,0.000,0.00,0.00,0.733,0
0.00,0.00,0.00,0.0000,0.0000,0.0000,0.0000,0.00,0.00,0.00,0.00,0.00,0.00,0.00,2,0.20,0.0000,0.0000,1,0.733,0.000,0.00,0.00,0.733,0
0.00,0.00,0.00,0.0000,0.0000,0.0000,0.0000,0.00,0.00,0.00,0.00,0.00,0.00,0.00,2,0.20,0.0000,0.0000,1,0.733,0.000,0.00,0.00,0.733,0
phase1 acc_mag=0.000 gravity=0.000 motion=0.000 moving_avg=0.000 rms=0.003 mean_rms=0.003 max_rms=0.003 min_rms=0.003 std=0.001 var=0.000 state=standing thr=0.080/0.350/0.850
0.00,0.00,0.00,0.0000,0.0000,0.0000,0.0000,0.00,0.00,0.00,0.00,0.00,0.00,0.00,2,0.20,0.0000,0.0000,1,0.733,0.000,0.00,0.00,0.733,0
0.00,0.00,0.00,0.0000,0.0000,0.0000,0.0000,0.00,0.00,0.00,0.00,0.00,0.00,0.00,2,0.20,0.0000,0.0000,1,0.733,0.000,0.00,0.00,0.733,0
0.00,0.00,0.00,0.0000,0.0000,0.0000,0.0000,0.00,0.00,0.00,0.00,0.00,0.00,0.00,2,0.20,0.0000,0.0000,1,0.733,0.000,0.00,0.00,0.733,0
0.00,0.00,0.00,0.0000,0.0000,0.0000,0.0000,0.00,0.00,0.00,0.00,0.00,0.00,0.00,2,0.20,0.0000,0.0000,1,0.733,0.000,0.00,0.00,0.733,0
phase1 acc_mag=0.000 gravity=0.000 motion=0.000 moving_avg=0.000 rms=0.003 mean_rms=0.003 max_rms=0.003 min_rms=0.003 std=0.001 var=0.000 state=standing thr=0.080/0.350/0.850
0.00,0.00,0.00,0.0000,0.0000,0.0000,0.0000,0.00,0.00,0.00,0.00,0.00,0.00,0.00,2,0.20,0.0000,0.0000,1,0.733,0.000,0.00,0.00,0.733,0
0.00,0.00,0.00,0.0000,0.0000,0.0000,0.0000,0.00,0.00,0.00,0.00,0.00,0.00,0.00,2,0.20,0.0000,0.0000,1,0.733,0.000,0.00,0.00,0.733,0
0.00,0.00,0.00,0.0000,0.0000,0.0000,0.0000,0.00,0.00,0.00,0.00,0.00,0.00,0.00,2,0.20,0.0000,0.0000,1,0.733,0.000,0.00,0.00,0.733,0
0.00,0.00,0.00,0.0000,0.0000,0.0000,0.0000,0.00,0.00,0.00,0.00,0.00,0.00,0.00,2,0.20,0.0000,0.0000,1,0.733,0.000,0.00,0.00,0.733,0
phase1 acc_mag=0.000 gravity=0.000 motion=0.000 moving_avg=0.000 rms=0.003 mean_rms=0.003 max_rms=0.003 min_rms=0.003 std=0.001 var=0.000 state=standing thr=0.080/0.350/0.850
0.00,0.00,0.00,0.0000,0.0000,0.0000,0.0000,0.00,0.00,0.00,0.00,0.00,0.00,0.00,2,0.20,0.0000,0.0000,1,0.733,0.000,0.00,0.00,0.733,0
0.00,0.00,0.00,0.0000,0.0000,0.0000,0.0000,0.00,0.00,0.00,0.00,0.00,0.00,0.00,2,0.20,0.0000,0.0000,1,0.733,0.000,0.00,0.00,0.733,0
0.00,0.00,0.00,0.0000,0.0000,0.0000,0.0000,0.00,0.00,0.00,0.00,0.00,0.00,0.00,2,0.20,0.0000,0.0000,1,0.733,0.000,0.00,0.00,0.733,0
0.00,0.00,0.00,0.0000,0.0000,0.0000,0.0000,0.00,0.00,0.00,0.00,0.00,0.00,0.00,2,0.20,0.0000,0.0000,1,0.733,0.000,0.00,0.00,0.733,0
phase1 acc_mag=0.000 gravity=0.000 motion=0.000 moving_avg=0.000 rms=0.003 mean_rms=0.003 max_rms=0.003 min_rms=0.003 std=0.001 var=0.000 state=standing thr=0.080/0.350/0.850
0.00,0.00,0.00,0.0000,0.0000,0.0000,0.0000,0.00,0.00,0.00,0.00,0.00,0.00,0.00,2,0.20,0.0000,0.0000,1,0.733,0.000,0.00,0.00,0.733,0
0.00,0.00,0.00,0.0000,0.0000,0.0000,0.0000,0.00,0.00,0.00,0.00,0.00,0.00,0.00,2,0.20,0.0000,0.0000,1,0.733,0.000,0.00,0.00,0.733,0
0.00,0.00,0.00,0.0000,0.0000,0.0000,0.0000,0.00,0.00,0.00,0.00,0.00,0.00,0.00,2,0.20,0.0000,0.0000,1,0.733,0.000,0.00,0.00,0.733,0
0.00,0.00,0.00,0.0000,0.0000,0.0000,0.0000,0.00,0.00,0.00,0.00,0.00,0.00,0.00,2,0.20,0.0000,0.0000,1,0.733,0.000,0.00,0.00,0.733,0
phase1 acc_mag=0.000 gravity=0.000 motion=0.000 moving_avg=0.000 rms=0.003 mean_rms=0.003 max_rms=0.003 min_rms=0.003 std=0.001 var=0.000 state=standing thr=0.080/0.350/0.850
0.00,0.00,0.00,0.0000,0.0000,0.0000,0.0000,0.00,0.00,0.00,0.00,0.00,0.00,0.00,2,0.20,0.0000,0.0000,1,0.733,0.000,0.00,0.00,0.733,0
0.00,0.00,0.00,0.0000,0.0000,0.0000,0.0000,0.00,0.00,0.00,0.00,0.00,0.00,0.00,2,0.20,0.0000,0.0000,1,0.733,0.000,0.00,0.00,0.733,0
0.00,0.00,0.00,0.0000,0.0000,0.0000,0.0000,0.00,0.00,0.00,0.00,0.00,0.00,0.00,2,0.20,0.0000,0.0000,1,0.733,0.000,0.00,0.00,0.733,0
0.00,0.00,0.00,0.0000,0.0000,0.0000,0.0000,0.00,0.00,0.00,0.00,0.00,0.00,0.00,2,0.20,0.0000,0.0000,1,0.733,0.000,0.00,0.00,0.733,0
phase1 acc_mag=0.000 gravity=0.000 motion=0.000 moving_avg=0.000 rms=0.003 mean_rms=0.003 max_rms=0.003 min_rms=0.003 std=0.001 var=0.000 state=standing thr=0.080/0.350/0.850
0.00,0.00,0.00,0.0000,0.0000,0.0000,0.0000,0.00,0.00,0.00,0.00,0.00,0.00,0.00,2,0.20,0.0000,0.0000,1,0.733,0.000,0.00,0.00,0.733,0
0.00,0.00,0.00,0.0000,0.0000,0.0000,0.0000,0.00,0.00,0.00,0.00,0.00,0.00,0.00,2,0.20,0.0000,0.0000,1,0.733,0.000,0.00,0.00,0.733,0
0.00,0.00,0.00,0.0000,0.0000,0.0000,0.0000,0.00,0.00,0.00,0.00,0.00,0.00,0.00,2,0.20,0.0000,0.0000,1,0.733,0.000,0.00,0.00,0.733,0
0.00,0.00,0.00,0.0000,0.0000,0.0000,0.0000,0.00,0.00,0.00,0.00,0.00,0.00,0.00,2,0.20,0.0000,0.0000,1,0.733,0.000,0.00,0.00,0.733,0
phase1 acc_mag=0.000 gravity=0.000 motion=0.000 moving_avg=0.000 rms=0.003 mean_rms=0.003 max_rms=0.003 min_rms=0.003 std=0.001 var=0.000 state=standing thr=0.080/0.350/0.850
0.00,0.00,0.00,0.0000,0.0000,0.0000,0.0000,0.00,0.00,0.00,0.00,0.00,0.00,0.00,2,0.20,0.0000,0.0000,1,0.733,0.000,0.00,0.00,0.733,0
0.00,0.00,0.00,0.0000,0.0000,0.0000,0.0000,0.00,0.00,0.00,0.00,0.00,0.00,0.00,2,0.20,0.0000,0.0000,1,0.733,0.000,0.00,0.00,0.733,0
0.00,0.00,0.00,0.0000,0.0000,0.0000,0.0000,0.00,0.00,0.00,0.00,0.00,0.00,0.00,2,0.20,0.0000,0.0000,1,0.733,0.000,0.00,0.00,0.733,0
0.00,0.00,0.00,0.0000,0.0000,0.0000,0.0000,0.00,0.00,0.00,0.00,0.00,0.00,0.00,2,0.20,0.0000,0.0000,1,0.733,0.000,0.00,0.00,0.733,0
phase1 acc_mag=0.000 gravity=0.000 motion=0.000 moving_avg=0.000 rms=0.003 mean_rms=0.003 max_rms=0.003 min_rms=0.003 std=0.001 var=0.000 state=standing thr=0.080/0.350/0.850
0.00,0.00,0.00,0.0000,0.0000,0.0000,0.0000,0.00,0.00,0.00,0.00,0.00,0.00,0.00,2,0.20,0.0000,0.0000,1,0.733,0.000,0.00,0.00,0.733,0
0.00,0.00,0.00,0.0000,0.0000,0.0000,0.0000,0.00,0.00,0.00,0.00,0.00,0.00,0.00,2,0.20,0.0000,0.0000,1,0.733,0.000,0.00,0.00,0.733,0
0.00,0.00,0.00,0.0000,0.0000,0.0000,0.0000,0.00,0.00,0.00,0.00,0.00,0.00,0.00,2,0.20,0.0000,0.0000,1,0.733,0.000,0.00,0.00,0.733,0
0.00,0.00,0.00,0.0000,0.0000,0.0000,0.0000,0.00,0.00,0.00,0.00,0.00,0.00,0.00,2,0.20,0.0000,0.0000,1,0.733,0.000,0.00,0.00,0.733,0
phase1 acc_mag=0.000 gravity=0.000 motion=0.000 moving_avg=0.000 rms=0.003 mean_rms=0.003 max_rms=0.003 min_rms=0.003 std=0.001 var=0.000 state=standing thr=0.080/0.350/0.850
0.00,0.00,0.00,0.0000,0.0000,0.0000,0.0000,0.00,0.00,0.00,0.00,0.00,0.00,0.00,2,0.20,0.0000,0.0000,1,0.733,0.000,0.00,0.00,0.733,0
0.00,0.00,0.00,0.0000,0.0000,0.0000,0.0000,0.00,0.00,0.00,0.00,0.00,0.00,0.00,2,0.20,0.0000,0.0000,1,0.733,0.000,0.00,0.00,0.733,0
0.00,0.00,0.00,0.0000,0.0000,0.0000,0.0000,0.00,0.00,0.00,0.00,0.00,0.00,0.00,2,0.20,0.0000,0.0000,1,0.733,0.000,0.00,0.00,0.733,0
0.00,0.00,0.00,0.0000,0.0000,0.0000,0.0000,0.00,0.00,0.00,0.00,0.00,0.00,0.00,2,0.20,0.0000,0.0000,1,0.733,0.000,0.00,0.00,0.733,0
phase1 acc_mag=0.000 gravity=0.000 motion=0.000 moving_avg=0.000 rms=0.003 mean_rms=0.003 max_rms=0.003 min_rms=0.003 std=0.001 var=0.000 state=standing thr=0.080/0.350/0.850
0.00,0.00,0.00,0.0000,0.0000,0.0000,0.0000,0.00,0.00,0.00,0.00,0.00,0.00,0.00,2,0.20,0.0000,0.0000,1,0.733,0.000,0.00,0.00,0.733,0
0.00,0.00,0.00,0.0000,0.0000,0.0000,0.0000,0.00,0.00,0.00,0.00,0.00,0.00,0.00,2,0.20,0.0000,0.0000,1,0.733,0.000,0.00,0.00,0.733,0
0.00,0.00,0.00,0.0000,0.0000,0.0000,0.0000,0.00,0.00,0.00,0.00,0.00,0.00,0.00,2,0.20,0.0000,0.0000,1,0.733,0.000,0.00,0.00,0.733,0
0.00,0.00,0.00,0.0000,0.0000,0.0000,0.0000,0.00,0.00,0.00,0.00,0.00,0.00,0.00,2,0.20,0.0000,0.0000,1,0.733,0.000,0.00,0.00,0.733,0
phase1 acc_mag=0.000 gravity=0.000 motion=0.000 moving_avg=0.000 rms=0.003 mean_rms=0.003 max_rms=0.003 min_rms=0.003 std=0.001 var=0.000 state=standing thr=0.080/0.350/0.850
0.00,0.00,0.00,0.0000,0.0000,0.0000,0.0000,0.00,0.00,0.00,0.00,0.00,0.00,0.00,2,0.20,0.0000,0.0000,1,0.733,0.000,0.00,0.00,0.733,0
0.00,0.00,0.00,0.0000,0.0000,0.0000,0.0000,0.00,0.00,0.00,0.00,0.00,0.00,0.00,2,0.20,0.0000,0.0000,1,0.733,0.000,0.00,0.00,0.733,0
0.00,0.00,0.00,0.0000,0.0000,0.0000,0.0000,0.00,0.00,0.00,0.00,0.00,0.00,0.00,2,0.20,0.0000,0.0000,1,0.733,0.000,0.00,0.00,0.733,0
0.00,0.00,0.00,0.0000,0.0000,0.0000,0.0000,0.00,0.00,0.00,0.00,0.00,0.00,0.00,2,0.20,0.0000,0.0000,1,0.733,0.000,0.00,0.00,0.733,0
BNO055 NOT found! Expected 0xA0, got 0x00
BNO055 NOT found! Expected 0xA0, got 0x00
BNO055 detected! Chip ID: 0xA0
BNO055 initialized successfully!
roll,pitch,yaw,qw,qx,qy,qz,accx,accy,accz,gyrox,gyroy,gyroz,svm,state,z_v,lever_offx,lever_offy,steps,stride_m,velocity_mps,cadence_spm,cadence_sps,distance_m,step_flag
phase1 acc_mag=8.963 gravity=8.963 motion=0.000 moving_avg=0.000 rms=0.000 mean_rms=0.000 max_rms=0.000 min_rms=0.000 std=0.000 var=0.000 state=standing thr=0.080/0.350/0.850
0.00,0.00,0.00,0.0000,0.0000,0.0000,0.0000,-0.20,-3.79,8.12,6.00,-13.88,5.88,8.96,0,1.70,0.0000,0.0000,0,0.000,0.000,0.00,0.00,0.000,0
2.00,1.62,0.38,0.9996,-0.0162,-0.0204,-0.0009,0.77,-6.12,8.67,-46.62,-46.62,40.62,10.64,0,1.70,-0.0081,0.0065,0,0.000,0.000,0.00,0.00,0.000,0
3.06,1.56,359.69,0.9995,-0.0139,-0.0278,0.0018,0.46,-4.12,7.83,-3.44,-6.31,-10.12,8.86,0,1.70,-0.0111,0.0055,0,0.000,0.000,0.00,0.00,0.000,0
3.00,0.62,359.94,0.9996,-0.0058,-0.0266,0.0003,0.03,-3.61,8.23,32.62,3.81,-4.44,8.99,0,1.70,-0.0106,0.0023,0,0.000,0.000,0.00,0.00,0.000,0
phase1 acc_mag=8.875 gravity=9.583 motion=0.708 moving_avg=0.589 rms=0.728 mean_rms=0.499 max_rms=0.741 min_rms=0.000 std=0.232 var=0.054 state=standing thr=0.963/1.163/1.663
2.88,-0.31,359.62,0.9997,0.0031,-0.0255,0.0028,-0.33,-4.38,8.34,5.06,-3.25,-5.38,9.43,0,1.70,-0.0102,-0.0012,0,0.000,0.000,0.00,0.00,0.000,0
-0.31,27.75,358.69,0.9708,-0.2399,0.0001,0.0109,-0.15,-4.47,8.42,6.75,1.88,0.62,9.53,0,1.70,-0.0010,0.0931,0,0.000,0.000,0.00,0.00,0.000,0
-0.44,27.44,358.44,0.9713,-0.2376,0.0009,0.0132,-0.23,-4.16,8.34,2.25,4.62,-7.38,9.32,0,1.70,-0.0009,0.0923,0,0.000,0.000,0.00,0.00,0.000,0
0.00,26.81,358.94,0.9727,-0.2321,-0.0021,0.0087,0.49,-3.91,8.08,15.50,-11.44,15.50,8.99,0,1.70,-0.0016,0.0903,0,0.000,0.000,0.00,0.00,0.000,0
phase1 acc_mag=9.250 gravity=9.553 motion=0.303 moving_avg=0.441 rms=0.581 mean_rms=0.564 max_rms=0.741 min_rms=0.000 std=0.179 var=0.032 state=standing thr=0.921/1.121/1.621
0.00,26.94,358.12,0.9724,-0.2331,-0.0037,0.0155,0.56,-4.19,8.36,-1.88,-8.56,22.19,9.37,0,1.70,-0.0029,0.0906,0,0.000,0.000,0.00,0.00,0.000,0
-0.19,27.06,356.62,0.9717,-0.2344,-0.0047,0.0282,-0.25,-4.70,8.42,-1.12,-11.75,24.19,9.65,0,1.70,-0.0045,0.0911,0,0.000,0.000,0.00,0.00,0.000,0
0.06,26.88,355.06,0.9716,-0.2327,-0.0106,0.0418,0.22,-4.51,8.34,2.00,-16.94,22.38,9.48,0,1.70,-0.0080,0.0902,0,0.000,0.000,0.00,0.00,0.000,0
0.38,26.88,354.00,0.9711,-0.2325,-0.0170,0.0514,0.29,-4.67,8.42,-1.44,-11.25,8.94,9.63,0,1.70,-0.0114,0.0900,0,0.000,0.000,0.00,0.00,0.000,0
phase1 acc_mag=9.377 gravity=9.550 motion=0.173 moving_avg=0.329 rms=0.480 mean_rms=0.550 max_rms=0.741 min_rms=0.000 std=0.148 var=0.022 state=standing thr=0.846/1.046/1.546
0.94,27.31,353.38,0.9701,-0.2353,-0.0223,0.0557,0.36,-4.72,8.26,-2.56,-11.62,2.94,9.52,0,1.70,-0.0139,0.0908,0,0.000,0.000,0.00,0.00,0.000,0
1.56,27.50,353.31,0.9694,-0.2374,-0.0287,0.0565,0.50,-4.60,8.15,-7.25,-8.88,-1.19,9.37,0,1.70,-0.0165,0.0914,0,0.000,0.000,0.00,0.00,0.000,0
2.19,28.31,352.88,0.9675,-0.2432,-0.0353,0.0601,0.41,-4.72,8.21,-9.12,-15.75,6.75,9.48,0,1.70,-0.0195,0.0933,0,0.000,0.000,0.00,0.00,0.000,0
3.12,28.75,352.38,0.9659,-0.2464,-0.0472,0.0644,1.35,-4.66,8.21,-7.56,-23.81,-0.25,9.54,0,1.70,-0.0246,0.0940,0,0.000,0.000,0.00,0.00,0.000,0
phase1 acc_mag=9.469 gravity=9.530 motion=0.060 moving_avg=0.285 rms=0.429 mean_rms=0.527 max_rms=0.741 min_rms=0.000 std=0.136 var=0.019 state=standing thr=0.800/1.000/1.500
4.81,29.56,352.06,0.9637,-0.2513,-0.0613,0.0666,1.68,-4.70,8.57,-10.19,-26.19,-4.19,9.92,0,1.70,-0.0303,0.0952,0,0.000,0.000,0.00,0.00,0.000,0
6.50,29.62,351.94,0.9628,-0.2500,-0.0767,0.0677,1.67,-5.07,8.04,5.88,-22.00,-0.38,9.65,0,1.70,-0.0363,0.0942,0,0.000,0.000,0.00,0.00,0.000,0
7.44,29.25,350.88,0.9626,-0.2440,-0.0883,0.0781,2.37,-4.68,8.05,10.50,-20.25,16.06,9.61,0,1.70,-0.0416,0.0912,0,0.000,0.000,0.00,0.00,0.000,0
8.12,28.50,348.75,0.9623,-0.2360,-0.0967,0.0944,2.37,-4.73,7.73,23.44,-21.00,27.12,9.37,0,1.70,-0.0462,0.0872,0,0.000,0.000,0.00,0.00,0.000,0
phase1 acc_mag=9.217 gravity=9.558 motion=0.341 moving_avg=0.255 rms=0.380 mean_rms=0.524 max_rms=0.741 min_rms=0.380 std=0.100 var=0.010 state=standing thr=0.724/0.924/1.424
8.44,27.12,346.12,0.9625,-0.2219,-0.1035,0.1166,2.77,-4.44,7.21,26.94,-20.88,31.62,8.91,0,1.70,-0.0502,0.0806,0,0.000,0.000,0.00,0.00,0.000,0
8.75,26.62,343.94,0.9609,-0.2150,-0.1098,0.1351,2.77,-4.89,7.21,19.44,-7.94,33.25,9.14,0,1.70,-0.0538,0.0767,0,0.000,0.000,0.00,0.00,0.000,0
8.75,26.62,341.69,0.9578,-0.2126,-0.1130,0.1570,2.90,-5.30,7.07,10.06,0.81,37.00,9.30,0,1.70,-0.0567,0.0744,0,0.000,0.000,0.00,0.00,0.000,0
9.12,27.81,339.00,0.9515,-0.2192,-0.1243,0.1761,2.51,-5.14,7.13,5.00,-3.81,39.38,9.14,0,1.70,-0.0627,0.0747,0,0.000,0.000,0.00,0.00,0.000,0
phase1 acc_mag=8.809 gravity=9.459 motion=0.650 moving_avg=0.217 rms=0.283 mean_rms=0.452 max_rms=0.643 min_rms=0.266 std=0.100 var=0.010 state=standing thr=0.652/0.852/1.352
8.62,28.75,336.69,0.9456,-0.2270,-0.1243,0.1974,2.27,-4.74,7.27,-6.44,12.12,38.75,8.97,0,1.70,-0.0649,0.0760,0,0.000,0.000,0.00,0.00,0.000,0
6.50,30.00,333.56,0.9388,-0.2377,-0.1165,0.2204,1.65,-4.51,7.77,-13.38,-11.25,55.75,9.13,0,1.70,-0.0647,0.0790,0,0.000,0.000,0.00,0.00,0.000,0
5.31,32.69,329.00,0.9238,-0.2575,-0.1216,0.2557,-0.44,-6.91,10.22,-28.69,-19.31,64.50,12.34,0,1.70,-0.0713,0.0827,0,0.000,0.000,0.00,0.00,0.000,0
4.25,33.56,324.19,0.9093,-0.2623,-0.1260,0.2975,-0.04,-2.87,9.57,9.06,-17.56,45.62,9.99,0,1.70,-0.0771,0.0804,0,0.000,0.000,0.00,0.00,0.000,0
phase1 acc_mag=11.869 gravity=9.626 motion=2.243 moving_avg=0.435 rms=0.760 mean_rms=0.428 max_rms=0.760 min_rms=0.266 std=0.116 var=0.013 state=slow thr=0.659/0.859/1.359
3.38,33.56,321.69,0.9039,-0.2626,-0.1241,0.3140,-0.61,-5.04,11.10,-5.62,10.38,28.75,12.21,0,1.70,-0.0779,0.0793,0,0.000,0.000,0.00,0.00,0.000,0
2.06,33.31,319.19,0.8978,-0.2621,-0.1178,0.3338,-0.93,-4.32,7.71,15.81,-15.88,42.44,8.89,0,1.70,-0.0773,0.0784,0,0.000,0.000,0.00,0.00,0.000,0
1.69,32.75,315.06,0.8846,-0.2549,-0.1230,0.3706,0.22,-3.65,7.52,-2.12,-26.06,52.00,8.36,0,1.70,-0.0813,0.0719,1,0.680,0.000,0.00,0.00,0.680,0
1.19,32.56,311.25,0.8742,-0.2512,-0.1261,0.3959,-0.34,-4.11,8.62,1.88,-20.44,41.19,9.56,0,1.70,-0.0839,0.0679,1,0.680,0.000,0.00,0.00,0.680,0
phase1 acc_mag=9.520 gravity=9.597 motion=0.077 moving_avg=0.726 rms=1.132 mean_rms=0.542 max_rms=1.132 min_rms=0.266 std=0.279 var=0.078 state=slow thr=1.100/1.300/1.800
1.25,33.19,309.06,0.8652,-0.2531,-0.1331,0.4120,-0.57,-4.91,8.51,-9.94,-14.06,17.00,9.84,0,1.70,-0.0878,0.0656,1,0.680,0.000,0.00,0.00,0.680,0
1.25,33.69,307.81,0.8587,-0.2563,-0.1386,0.4216,0.16,-4.92,7.93,-9.56,-9.81,15.62,9.33,0,1.70,-0.0908,0.0647,1,0.680,0.000,0.00,0.00,0.680,0
1.31,34.19,306.94,0.8547,-0.2579,-0.1426,0.4272,0.16,-5.20,8.04,-8.00,-5.00,4.00,9.58,0,1.70,-0.0928,0.0638,1,0.680,0.000,0.00,0.00,0.680,0
1.81,34.38,306.19,0.8520,-0.2560,-0.1487,0.4318,0.10,-5.02,7.74,-6.31,-18.50,7.88,9.23,0,1.70,-0.0949,0.0616,1,0.680,0.000,0.00,0.00,0.680,0
phase1 acc_mag=9.027 gravity=9.579 motion=0.552 moving_avg=0.737 rms=1.134 mean_rms=0.688 max_rms=1.134 min_rms=0.266 std=0.356 var=0.127 state=standing thr=1.401/1.601/2.101
2.56,35.44,305.00,0.8447,-0.2591,-0.1614,0.4397,-0.05,-5.39,7.44,-23.62,-17.56,9.06,9.19,0,1.70,-0.1001,0.0592,1,0.680,0.000,0.00,0.00,0.680,0
3.31,37.25,305.38,0.8417,-0.2698,-0.1737,0.4343,0.44,-6.05,7.99,-13.56,-21.75,2.69,10.03,0,1.70,-0.1053,0.0607,1,0.680,0.000,0.00,0.00,0.680,0
5.50,40.56,305.00,0.8312,-0.2828,-0.2053,0.4325,2.33,-5.57,7.83,-47.31,-43.12,-15.88,9.89,0,1.70,-0.1172,0.0585,1,0.680,0.000,0.00,0.00,0.680,0
6.69,41.56,304.25,0.8251,-0.2823,-0.2201,0.4370,2.23,-4.63,7.38,5.81,-11.75,5.38,8.99,0,1.70,-0.1220,0.0547,1,0.680,0.000,0.00,0.00,0.680,0
phase1 acc_mag=9.698 gravity=9.654 motion=0.044 moving_avg=0.800 rms=1.158 mean_rms=0.856 max_rms=1.159 min_rms=0.266 std=0.354 var=0.126 state=standing thr=1.565/1.765/2.265
6.62,41.56,304.00,0.8243,-0.2825,-0.2205,0.4382,1.54,-4.70,7.97,-2.50,-6.75,3.06,9.38,0,1.70,-0.1222,0.0545,1,0.680,0.000,0.00,0.00,0.680,0
6.88,42.06,303.69,0.8213,-0.2850,-0.2253,0.4399,2.37,-5.50,9.28,-6.75,-3.56,6.12,11.04,0,1.70,-0.1242,0.0540,1,0.680,0.000,0.00,0.00,0.680,0
6.81,41.44,302.62,0.8194,-0.2783,-0.2251,0.4478,2.82,-5.73,8.10,28.56,-10.62,11.00,10.31,0,1.70,-0.1236,0.0509,1,0.680,0.000,0.00,0.00,0.680,0
6.12,39.50,301.19,0.8189,-0.2650,-0.2150,0.4615,1.83,-4.31,6.85,21.00,-1.00,27.56,8.30,0,1.70,-0.1193,0.0471,1,0.680,0.000,0.00,0.00,0.680,0
phase1 acc_mag=7.939 gravity=9.806 motion=1.867 moving_avg=0.914 rms=1.260 mean_rms=1.047 max_rms=1.260 min_rms=0.312 std=0.211 var=0.044 state=standing thr=1.469/1.669/2.169
5.81,39.19,299.62,0.8137,-0.2617,-0.2144,0.4728,1.69,-4.48,7.94,5.12,-10.38,17.19,9.27,0,1.70,-0.1193,0.0446,1,0.680,0.000,0.00,0.00,0.680,0
5.50,39.00,298.31,0.8086,-0.2595,-0.2145,0.4825,1.89,-4.26,7.92,13.81,-9.25,19.25,9.19,0,1.70,-0.1195,0.0425,1,0.680,0.000,0.00,0.00,0.680,0
5.75,37.81,296.75,0.8035,-0.2470,-0.2145,0.4973,2.04,-4.45,8.12,7.19,-4.06,25.75,9.48,0,1.70,-0.1181,0.0367,1,0.680,0.000,0.00,0.00,0.680,0
4.75,37.19,294.69,0.7976,-0.2441,-0.2086,0.5106,1.74,-4.28,8.10,11.06,0.56,22.56,9.33,0,1.70,-0.1164,0.0353,1,0.680,0.000,0.00,0.00,0.680,0
phase1 acc_mag=9.199 gravity=9.421 motion=0.223 moving_avg=0.611 rms=0.913 mean_rms=1.130 max_rms=1.263 min_rms=0.913 std=0.076 var=0.006 state=standing thr=1.281/1.481/1.981
4.12,35.56,293.31,0.7951,-0.2341,-0.1994,0.5227,1.85,-4.71,7.99,44.06,-6.38,13.88,9.46,0,1.70,-0.1124,0.0328,1,0.680,0.000,0.00,0.00,0.680,0
2.62,34.94,290.56,0.7820,-0.2357,-0.1893,0.5450,-0.92,-8.48,10.79,-12.44,20.62,40.50,13.75,0,1.70,-0.1106,0.0325,1,0.680,0.000,0.00,0.00,0.680,0
1.75,34.50,289.06,0.7777,-0.2322,-0.1854,0.5540,1.26,-4.53,6.66,5.44,-10.00,6.38,8.15,0,1.70,-0.1091,0.0311,1,0.680,0.000,0.00,0.00,0.680,0
phase1 acc_mag=7.447 gravity=9.667 motion=2.220 moving_avg=0.758 rms=1.117 mean_rms=1.093 max_rms=1.263 min_rms=0.705 std=0.124 var=0.015 state=standing thr=1.342/1.542/2.042
0.56,35.38,287.56,0.7664,-0.2449,-0.1836,0.5649,-0.65,-4.99,5.49,-20.06,9.44,38.31,7.45,0,1.70,-0.1116,0.0336,2,0.695,0.460,39.66,0.66,1.376,0
-0.19,36.12,284.25,0.7493,-0.2444,-0.1902,0.5854,0.15,-4.70,8.22,4.88,-35.38,20.06,9.47,0,1.70,-0.1142,0.0287,2,0.695,0.460,39.66,0.66,1.376,0
0.69,36.69,283.00,0.7428,-0.2424,-0.2012,0.5908,-0.16,-6.51,7.94,-12.19,-17.12,-13.19,10.27,0,1.70,-0.1171,0.0245,2,0.695,0.460,39.66,0.66,1.376,0
0.50,36.94,282.69,0.7412,-0.2451,-0.2010,0.5917,-0.11,-5.34,7.01,0.62,10.44,-2.81,8.81,0,1.70,-0.1176,0.0251,2,0.695,0.460,39.66,0.66,1.376,0
phase1 acc_mag=8.974 gravity=9.693 motion=0.718 moving_avg=0.800 rms=1.136 mean_rms=1.091 max_rms=1.263 min_rms=0.705 std=0.124 var=0.015 state=standing thr=1.339/1.539/2.039
-0.12,37.19,283.25,0.7430,-0.2510,-0.1968,0.5884,0.09,-5.09,7.43,-9.25,19.25,-6.81,9.01,0,1.70,-0.1176,0.0283,2,0.695,0.460,39.66,0.66,1.376,0
-0.50,38.00,284.25,0.7463,-0.2616,-0.1968,0.5795,0.04,-4.90,8.06,-20.38,3.75,-5.06,9.43,0,1.70,-0.1194,0.0325,2,0.695,0.460,39.66,0.66,1.376,0
0.56,39.38,285.81,0.7510,-0.2656,-0.2077,0.5677,0.44,-4.75,8.09,2.69,-2.38,-40.94,9.39,0,1.70,-0.1227,0.0326,2,0.695,0.460,39.66,0.66,1.376,0
2.44,38.62,289.19,0.7728,-0.2540,-0.2099,0.5425,0.70,-4.88,8.54,22.94,10.75,-65.38,9.86,0,1.70,-0.1200,0.0330,2,0.695,0.460,39.66,0.66,1.376,0
phase1 acc_mag=10.236 gravity=9.645 motion=0.591 moving_avg=0.752 rms=1.116 mean_rms=1.085 max_rms=1.263 min_rms=0.705 std=0.121 var=0.015 state=standing thr=1.328/1.528/2.028
3.81,37.12,293.19,0.7911,-0.2458,-0.2046,0.5213,-0.84,-7.26,10.08,18.31,13.31,-39.81,12.45,0,1.70,-0.1160,0.0351,2,0.695,0.460,39.66,0.66,1.376,0
5.06,36.31,295.75,0.8056,-0.2391,-0.2045,0.5020,0.84,-7.09,7.24,-3.19,17.62,-32.31,10.17,0,1.70,-0.1139,0.0360,2,0.695,0.460,39.66,0.66,1.376,0
7.12,35.69,298.56,0.8169,-0.2287,-0.2122,0.4851,1.83,-4.99,5.62,9.38,-22.31,-38.44,7.74,0,1.70,-0.1137,0.0336,2,0.695,0.460,39.66,0.66,1.376,0
phase1 acc_mag=8.947 gravity=9.667 motion=0.720 moving_avg=0.892 rms=1.291 mean_rms=1.092 max_rms=1.291 min_rms=0.705 std=0.130 var=0.017 state=standing thr=1.352/1.552/2.052
8.56,36.19,299.62,0.8196,-0.2295,-0.2234,0.4751,2.65,-4.93,6.98,-32.81,16.06,-7.12,8.95,0,1.70,-0.1169,0.0328,3,0.686,0.871,76.24,1.27,2.061,0
7.56,37.88,301.62,0.8244,-0.2473,-0.2184,0.4599,2.29,-6.39,7.73,5.56,0.69,-11.44,10.29,0,1.70,-0.1175,0.0414,3,0.686,0.871,76.24,1.27,2.061,0
7.75,37.75,302.12,0.8264,-0.2463,-0.2183,0.4568,2.44,-4.86,6.47,-15.25,7.56,-5.50,8.45,0,1.70,-0.1172,0.0415,3,0.686,0.871,76.24,1.27,2.061,0
7.12,39.12,302.44,0.8242,-0.2617,-0.2183,0.4522,1.51,-5.44,7.58,-14.94,12.19,1.94,9.45,0,1.70,-0.1193,0.0468,3,0.686,0.871,76.24,1.27,2.061,0
phase1 acc_mag=9.473 gravity=9.660 motion=0.188 moving_avg=0.950 rms=1.318 mean_rms=1.146 max_rms=1.318 min_rms=0.705 std=0.143 var=0.020 state=standing thr=1.432/1.632/2.132
6.44,39.81,302.69,0.8243,-0.2694,-0.2145,0.4494,2.14,-5.14,7.54,-6.31,13.69,-0.75,9.37,0,1.70,-0.1191,0.0503,3,0.686,0.871,76.24,1.27,2.061,0
5.38,39.81,303.19,0.8264,-0.2761,-0.2034,0.4467,1.74,-4.86,8.16,-0.25,27.19,8.50,9.66,0,1.70,-0.1166,0.0549,3,0.686,0.871,76.24,1.27,2.061,0
3.81,39.12,303.44,0.8295,-0.2776,-0.1899,0.4459,1.57,-4.61,8.10,26.12,20.00,-2.81,9.45,0,1.70,-0.1125,0.0582,3,0.686,0.871,76.24,1.27,2.061,0
3.19,36.12,304.50,0.8410,-0.2608,-0.1703,0.4424,1.25,-5.10,7.59,44.75,16.62,-11.75,9.23,0,1.70,-0.1035,0.0576,3,0.686,0.871,76.24,1.27,2.061,0
phase1 acc_mag=12.651 gravity=9.611 motion=3.040 moving_avg=0.695 rms=1.020 mean_rms=1.189 max_rms=1.319 min_rms=0.976 std=0.093 var=0.009 state=standing thr=1.376/1.576/2.076
2.62,34.50,303.44,0.8400,-0.2487,-0.1617,0.4543,0.84,-7.32,10.01,15.12,-11.44,23.62,12.43,0,1.70,-0.0995,0.0542,3,0.686,0.871,76.24,1.27,2.061,0
3.19,35.00,302.88,0.8374,-0.2499,-0.1696,0.4556,1.80,-6.33,7.19,-14.06,-17.25,-2.19,9.75,0,1.70,-0.1023,0.0528,3,0.686,0.871,76.24,1.27,2.061,0
2.00,35.38,302.94,0.8369,-0.2584,-0.1615,0.4548,1.05,-6.09,6.10,-8.50,38.88,6.19,8.68,0,1.70,-0.1011,0.0571,3,0.686,0.871,76.24,1.27,2.061,0
1.56,34.69,304.38,0.8444,-0.2568,-0.1520,0.4449,-0.12,-5.78,7.48,18.94,15.44,-21.25,9.45,0,1.70,-0.0971,0.0597,3,0.686,0.871,76.24,1.27,2.061,0
phase1 acc_mag=9.399 gravity=9.657 motion=0.257 moving_avg=0.791 rms=1.138 mean_rms=1.190 max_rms=1.319 min_rms=0.976 std=0.093 var=0.009 state=standing thr=1.377/1.577/2.077
1.56,34.50,307.00,0.8546,-0.2589,-0.1454,0.4261,0.32,-5.64,7.72,-11.31,30.50,-47.19,9.57,0,1.70,-0.0938,0.0637,3,0.686,0.871,76.24,1.27,2.061,0
1.38,35.19,310.75,0.8665,-0.2697,-0.1376,0.3970,-0.10,-5.87,7.14,-12.50,44.00,-54.75,9.24,0,1.70,-0.0905,0.0716,3,0.686,0.871,76.24,1.27,2.061,0
1.38,36.25,316.25,0.8841,-0.2859,-0.1266,0.3473,0.30,-6.06,7.01,-18.62,43.38,-68.94,9.27,0,1.70,-0.0845,0.0835,3,0.686,0.871,76.24,1.27,2.061,0
2.25,37.44,323.38,0.8989,-0.2982,-0.1208,0.2975,0.46,-6.01,7.70,-19.12,44.69,-83.19,9.78,0,1.70,-0.0789,0.0928,3,0.686,0.871,76.24,1.27,2.061,0
phase1 acc_mag=9.872 gravity=9.615 motion=0.256 moving_avg=0.777 rms=1.129 mean_rms=1.194 max_rms=1.319 min_rms=0.976 std=0.091 var=0.008 state=standing thr=1.375/1.575/2.075
3.06,38.56,330.94,0.9134,-0.3127,-0.1102,0.2363,0.15,-6.43,7.35,-22.25,67.38,-101.50,9.77,0,1.70,-0.0698,0.1038,3,0.686,0.871,76.24,1.27,2.061,0
3.94,39.50,339.12,0.9265,-0.3279,-0.0950,0.1583,0.30,-6.08,7.01,-27.06,76.19,-121.56,9.28,0,1.70,-0.0560,0.1155,3,0.686,0.871,76.24,1.27,2.061,0
5.69,41.19,351.62,0.9325,-0.3459,-0.0786,0.0680,-0.15,-6.91,6.46,-35.00,80.75,-139.25,9.46,0,1.70,-0.0387,0.1269,3,0.686,0.871,76.24,1.27,2.061,0
8.19,42.00,3.31,0.9310,-0.3579,-0.0663,-0.0270,-0.38,-8.26,6.75,-34.62,72.88,-138.56,10.67,0,1.70,-0.0208,0.1340,3,0.686,0.871,76.24,1.27,2.061,0
phase1 acc_mag=10.542 gravity=9.609 motion=0.933 moving_avg=0.508 rms=0.783 mean_rms=1.125 max_rms=1.319 min_rms=0.781 std=0.143 var=0.021 state=standing thr=1.411/1.611/2.111
10.12,43.50,14.12,0.9186,-0.3750,-0.0493,-0.1140,1.04,-6.90,7.30,-40.19,81.75,-109.25,10.10,0,1.70,-0.0010,0.1400,3,0.686,0.871,76.24,1.27,2.061,0
11.31,44.50,23.00,0.9032,-0.3867,-0.0298,-0.1841,3.13,-7.10,6.90,-17.56,69.19,-96.31,10.38,0,1.70,0.0177,0.1419,3,0.686,0.871,76.24,1.27,2.061,0
12.12,41.19,31.25,0.8958,-0.3605,-0.0133,-0.2598,1.47,-5.78,6.52,17.94,68.62,-85.69,8.84,0,1.70,0.0327,0.1305,3,0.686,0.871,76.24,1.27,2.061,0
12.44,39.75,38.06,0.8843,-0.3531,-0.0001,-0.3055,1.64,-5.77,7.24,-15.19,34.00,-60.44,9.40,0,1.70,0.0431,0.1249,3,0.686,0.871,76.24,1.27,2.061,0
phase1 acc_mag=9.324 gravity=9.684 motion=0.361 moving_avg=0.559 rms=0.808 mean_rms=1.014 max_rms=1.319 min_rms=0.781 std=0.156 var=0.024 state=standing thr=1.325/1.525/2.025
13.56,39.44,42.56,0.8716,-0.3533,0.0030,-0.3398,2.81,-5.96,7.00,-3.88,27.38,-49.06,9.61,0,1.70,0.0491,0.1228,3,0.686,0.871,76.24,1.27,2.061,0
13.56,38.69,45.81,0.8620,-0.3460,0.0125,-0.3703,2.69,-5.99,6.89,6.12,42.50,-46.50,9.52,0,1.70,0.0555,0.1175,3,0.686,0.871,76.24,1.27,2.061,0
13.06,36.88,50.62,0.8524,-0.3317,0.0245,-0.4035,2.16,-5.45,7.02,6.56,45.31,-42.12,9.15,0,1.70,0.0619,0.1091,3,0.686,0.871,76.24,1.27,2.061,0
12.38,35.81,53.12,0.8466,-0.3208,0.0336,-0.4234,2.72,-4.87,7.20,4.25,26.12,-20.19,9.11,0,1.70,0.0657,0.1029,3,0.686,0.871,76.24,1.27,2.061,0
phase1 acc_mag=9.090 gravity=9.568 motion=0.478 moving_avg=0.480 rms=0.634 mean_rms=0.947 max_rms=1.155 min_rms=0.634 std=0.161 var=0.026 state=standing thr=1.269/1.469/1.969
11.56,35.19,54.69,0.8426,-0.3133,0.0426,-0.4360,2.66,-5.33,6.98,5.19,27.69,-11.31,9.18,0,1.70,0.0690,0.0982,3,0.686,0.000,0.00,0.00,2.061,0
10.44,33.44,56.62,0.8392,-0.2936,0.0535,-0.4546,1.93,-5.96,7.89,2.69,41.19,-12.88,10.07,0,1.70,0.0714,0.0888,3,0.686,0.000,0.00,0.00,2.061,0
7.81,34.31,58.38,0.8323,-0.2909,0.0805,-0.4650,-0.93,-7.73,7.95,-27.19,29.94,-18.88,11.13,0,1.70,0.0809,0.0819,3,0.686,0.000,0.00,0.00,2.061,0
7.44,35.12,60.44,0.8206,-0.2923,0.0948,-0.4819,0.94,-5.41,7.60,-7.06,38.25,-26.44,9.38,0,1.70,0.0875,0.0777,3,0.686,0.000,0.00,0.00,2.061,0
phase1 acc_mag=9.035 gravity=9.694 motion=0.660 moving_avg=0.531 rms=0.731 mean_rms=0.833 max_rms=1.141 min_rms=0.486 std=0.174 var=0.030 state=standing thr=1.182/1.382/1.882
4.94,34.81,63.56,0.8104,-0.2775,0.1185,-0.5022,-1.79,-7.08,7.01,4.25,63.31,-29.62,10.12,0,1.70,0.0942,0.0661,3,0.686,0.000,0.00,0.00,2.061,0
4.00,33.75,66.69,0.7973,-0.2604,0.1285,-0.5291,-1.00,-5.95,7.25,19.50,21.50,-37.50,9.43,0,1.70,0.0961,0.0559,3,0.686,0.000,0.00,0.00,2.061,0
3.62,32.94,70.62,0.7819,-0.2504,0.1368,-0.5543,-0.91,-5.57,7.37,-8.62,45.06,-38.56,9.28,0,1.70,0.0983,0.0480,3,0.686,0.000,0.00,0.00,2.061,0
3.38,33.62,73.56,0.7661,-0.2501,0.1483,-0.5732,-1.04,-5.42,7.51,-16.88,16.69,-31.62,9.32,0,1.70,0.1028,0.0427,3,0.686,0.000,0.00,0.00,2.061,0
phase1 acc_mag=9.552 gravity=9.672 motion=0.120 moving_avg=0.577 rms=0.764 mean_rms=0.755 max_rms=0.920 min_rms=0.486 std=0.095 var=0.009 state=standing thr=0.944/1.144/1.644
3.69,34.62,75.69,0.7534,-0.2555,0.1558,-0.5856,-0.11,-5.78,8.18,-8.62,12.12,-30.12,10.02,0,1.70,0.1068,0.0405,3,0.686,0.000,0.00,0.00,2.061,0
4.25,34.50,77.94,0.7400,-0.2543,0.1561,-0.6028,0.24,-5.67,7.83,1.50,15.81,-35.25,9.67,0,1.70,0.1075,0.0376,3,0.686,0.000,0.00,0.00,2.061,0
4.50,34.62,80.56,0.7255,-0.2536,0.1619,-0.6190,-0.77,-5.69,7.61,-12.62,18.12,-29.00,9.53,0,1.70,0.1098,0.0335,3,0.686,0.000,0.00,0.00,2.061,0
5.06,34.62,82.69,0.7157,-0.2537,0.1614,-0.6304,-0.33,-5.29,8.21,4.44,-0.50,-27.88,9.77,0,1.70,0.1102,0.0319,3,0.686,0.000,0.00,0.00,2.061,0
phase1 acc_mag=9.488 gravity=9.595 motion=0.107 moving_avg=0.532 rms=0.732 mean_rms=0.738 max_rms=0.812 min_rms=0.486 std=0.081 var=0.007 state=standing thr=0.900/1.100/1.600
6.62,34.00,84.62,0.7058,-0.2559,0.1511,-0.6431,0.58,-5.12,7.98,1.25,-2.56,-27.31,9.50,0,1.70,0.1085,0.0334,3,0.686,0.000,0.00,0.00,2.061,0
8.00,33.31,86.31,0.6963,-0.2581,0.1395,-0.6551,0.17,-6.56,8.39,16.31,-14.56,-28.38,10.65,0,1.70,0.1065,0.0353,3,0.686,0.000,0.00,0.00,2.061,0
9.25,33.88,86.75,0.6932,-0.2677,0.1366,-0.6551,-0.37,-8.16,7.15,4.88,-29.81,-18.25,10.86,0,1.70,0.1080,0.0384,3,0.686,0.000,0.00,0.00,2.061,0
phase1 acc_mag=9.487 gravity=9.750 motion=0.264 moving_avg=0.628 rms=0.916 mean_rms=0.740 max_rms=0.916 min_rms=0.486 std=0.092 var=0.009 state=standing thr=0.925/1.125/1.625
11.25,32.75,86.19,0.6981,-0.2720,0.1145,-0.6524,2.44,-5.30,7.48,17.38,-17.00,3.19,9.49,0,1.70,0.1030,0.0461,3,0.686,0.000,0.00,0.00,2.061,0
9.56,32.12,84.50,0.7089,-0.2612,0.1199,-0.6442,-1.00,-5.80,7.07,26.19,-5.75,26.81,9.20,0,1.70,0.1013,0.0432,3,0.686,0.000,0.00,0.00,2.061,0
10.25,32.31,81.00,0.7308,-0.2715,0.1050,-0.6174,1.12,-5.04,6.10,9.12,-54.56,48.81,7.99,0,1.70,0.0978,0.0534,4,0.685,0.000,0.00,0.00,2.746,0
11.25,32.56,74.25,0.7617,-0.2822,0.0855,-0.5770,1.10,-6.20,7.73,15.75,-62.56,84.50,9.97,0,1.70,0.0912,0.0662,4,0.685,0.000,0.00,0.00,2.746,0
phase1 acc_mag=9.794 gravity=9.751 motion=0.043 moving_avg=0.754 rms=1.087 mean_rms=0.799 max_rms=1.092 min_rms=0.486 std=0.142 var=0.020 state=slow thr=1.084/1.284/1.784
11.50,33.56,68.25,0.7922,-0.2967,0.0708,-0.5285,1.87,-5.76,6.73,0.12,-57.19,73.88,9.05,0,1.70,0.0852,0.0791,4,0.685,0.000,0.00,0.00,2.746,0
11.25,35.12,61.31,0.8163,-0.3085,0.0630,-0.4842,1.37,-5.67,7.27,-7.69,-38.19,75.38,9.32,0,1.70,0.0803,0.0885,4,0.685,0.000,0.00,0.00,2.746,0
10.50,36.81,55.00,0.8381,-0.3214,0.0582,-0.4369,1.78,-5.98,7.25,-5.44,-49.62,83.19,9.57,0,1.70,0.0757,0.0976,4,0.685,0.000,0.00,0.00,2.746,0
9.44,38.38,47.19,0.8627,-0.3331,0.0501,-0.3771,2.05,-5.46,6.96,2.25,-43.44,87.81,9.08,0,1.70,0.0675,0.1074,4,0.685,0.000,0.00,0.00,2.746,0
phase1 acc_mag=9.051 gravity=9.561 motion=0.510 moving_avg=0.625 rms=0.943 mean_rms=0.872 max_rms=1.092 min_rms=0.713 std=0.132 var=0.018 state=standing thr=1.137/1.337/1.837
8.19,38.94,41.25,0.8802,-0.3364,0.0458,-0.3316,1.73,-5.79,6.67,8.31,-43.12,88.69,9.00,0,1.70,0.0608,0.1124,4,0.685,0.000,0.00,0.00,2.746,0
7.25,37.75,33.38,0.9083,-0.3252,0.0257,-0.2617,2.11,-5.54,6.74,43.00,-60.50,108.25,8.98,0,1.70,0.0434,0.1155,4,0.685,0.000,0.00,0.00,2.746,0
1.75,38.69,20.31,0.9285,-0.3293,0.0422,-0.1664,-2.60,-8.91,12.50,-1.44,-41.56,191.50,15.57,0,1.70,0.0376,0.1195,4,0.685,0.000,0.00,0.00,2.746,0
1.19,42.44,15.25,0.9253,-0.3591,0.0349,-0.1169,-4.14,-7.54,8.39,-29.38,-62.81,64.38,12.02,0,1.70,0.0297,0.1313,4,0.685,0.000,0.00,0.00,2.746,0
phase1 acc_mag=7.904 gravity=10.086 motion=2.182 moving_avg=1.111 rms=1.941 mean_rms=0.982 max_rms=1.941 min_rms=0.713 std=0.265 var=0.070 state=walking thr=1.511/1.711/2.211
0.94,40.38,9.69,0.9352,-0.3446,0.0201,-0.0794,-0.62,-4.67,6.31,30.38,-57.38,83.06,7.87,0,1.70,0.0185,0.1283,4,0.685,0.000,0.00,0.00,2.746,0
0.12,40.56,2.38,0.9375,-0.3478,0.0034,-0.0116,0.24,-4.32,6.06,-10.31,-60.00,77.50,7.45,0,1.70,0.0029,0.1304,5,0.806,1.000,74.44,1.24,3.552,1
-0.25,42.75,356.00,0.9306,-0.3645,-0.0099,0.0322,-1.49,-6.21,8.18,-44.00,-48.00,63.25,10.38,0,1.70,-0.0084,0.1356,5,0.806,1.000,74.44,1.24,3.552,0
0.12,42.81,351.38,0.9283,-0.3627,-0.0311,0.0753,-1.81,-6.74,7.92,20.56,-55.44,38.94,10.56,0,1.70,-0.0225,0.1338,5,0.806,1.000,74.44,1.24,3.552,0
phase1 acc_mag=9.208 gravity=10.058 motion=0.850 moving_avg=1.353 rms=2.087 mean_rms=1.252 max_rms=2.087 min_rms=0.713 std=0.471 var=0.221 state=standing thr=2.193/2.393/2.893
-0.62,42.19,346.31,0.9263,-0.3582,-0.0364,0.1109,-0.74,-5.56,6.04,8.44,-31.62,62.38,8.24,0,1.70,-0.0294,0.1311,5,0.806,1.000,74.44,1.24,3.552,0
-2.00,42.19,341.44,0.9195,-0.3589,-0.0395,0.1555,-1.63,-5.49,7.12,-7.62,-26.19,55.56,9.14,0,1.70,-0.0368,0.1295,5,0.806,1.000,74.44,1.24,3.552,0
-3.06,43.25,336.69,0.9102,-0.3664,-0.0460,0.1875,-1.81,-6.83,8.25,-18.81,-33.31,44.56,10.86,0,1.70,-0.0442,0.1299,5,0.806,1.000,74.44,1.24,3.552,0
phase1 acc_mag=9.562 gravity=9.837 motion=0.275 moving_avg=1.270 rms=2.026 mean_rms=1.505 max_rms=2.110 min_rms=0.931 std=0.509 var=0.259 state=standing thr=2.522/2.722/3.222
-3.06,43.25,332.06,0.9018,-0.3646,-0.0606,0.2240,-0.62,-6.33,7.14,2.56,-41.38,45.00,9.56,0,1.70,-0.0545,0.1261,5,0.806,1.000,74.44,1.24,3.552,0
-2.81,42.69,327.19,0.8932,-0.3567,-0.0771,0.2628,-0.78,-6.20,7.75,1.31,-38.12,43.06,9.96,0,1.70,-0.0650,0.1193,5,0.806,1.000,74.44,1.24,3.552,0
-2.38,42.81,324.00,0.8854,-0.3540,-0.0909,0.2872,-1.40,-6.11,7.79,-4.19,-39.75,24.12,10.00,0,1.70,-0.0729,0.1149,5,0.806,1.000,74.44,1.24,3.552,0
-0.94,42.38,321.06,0.8782,-0.3422,-0.1149,0.3137,-0.67,-5.72,7.15,10.69,-57.50,23.12,9.18,0,1.70,-0.0833,0.1058,5,0.806,1.000,74.44,1.24,3.552,0
phase1 acc_mag=8.792 gravity=9.963 motion=1.172 moving_avg=1.168 rms=1.955 mean_rms=1.687 max_rms=2.110 min_rms=0.931 std=0.477 var=0.227 state=standing thr=2.640/2.840/3.340
1.25,42.00,318.50,0.8730,-0.3312,-0.1379,0.3304,0.31,-4.89,7.50,-0.88,-58.06,3.56,8.96,0,1.70,-0.0919,0.0974,5,0.806,1.000,74.44,1.24,3.552,0
4.44,40.50,317.19,0.8730,-0.3066,-0.1647,0.3417,0.35,-6.95,9.41,33.25,-37.00,0.31,11.70,0,1.70,-0.0994,0.0846,5,0.806,1.000,74.44,1.24,3.552,0
5.12,38.50,315.44,0.8727,-0.2864,-0.1689,0.3574,1.03,-6.91,8.64,39.75,-29.94,26.44,11.11,0,1.70,-0.0999,0.0758,5,0.806,1.000,74.44,1.24,3.552,0
5.19,38.00,312.50,0.8633,-0.2778,-0.1760,0.3829,1.57,-6.30,6.47,-4.62,-24.56,30.00,9.17,0,1.70,-0.1033,0.0690,5,0.806,1.000,74.44,1.24,3.552,0
phase1 acc_mag=8.410 gravity=10.185 motion=1.776 moving_avg=1.317 rms=2.023 mean_rms=1.890 max_rms=2.110 min_rms=0.931 std=0.319 var=0.102 state=standing thr=2.528/2.728/3.228
5.88,37.69,309.94,0.8549,-0.2671,-0.1863,0.4039,0.35,-5.45,6.07,18.88,-35.50,28.12,8.17,0,1.70,-0.1069,0.0612,5,0.806,1.000,74.44,1.24,3.552,0
5.94,38.00,305.31,0.8358,-0.2628,-0.2010,0.4384,1.09,-5.97,6.67,-14.38,-55.75,52.81,9.02,0,1.70,-0.1133,0.0526,5,0.806,1.000,74.44,1.24,3.552,0
6.69,39.25,300.75,0.8176,-0.2601,-0.2191,0.4645,1.82,-6.40,6.90,-3.06,-49.19,46.50,9.59,0,1.70,-0.1200,0.0444,5,0.806,1.000,74.44,1.24,3.552,0
6.81,39.62,295.94,0.7964,-0.2524,-0.2324,0.4980,2.26,-6.35,7.30,0.44,-39.62,53.50,9.94,0,1.70,-0.1243,0.0341,5,0.806,1.000,74.44,1.24,3.552,0
phase1 acc_mag=9.474 gravity=9.652 motion=0.178 moving_avg=0.861 rms=1.105 mean_rms=1.951 max_rms=2.110 min_rms=1.105 std=0.215 var=0.046 state=standing thr=2.381/2.581/3.081
6.50,40.00,292.19,0.7790,-0.2487,-0.2402,0.5231,1.88,-5.55,7.47,0.31,-22.75,42.94,9.49,0,1.70,-0.1269,0.0272,5,0.806,1.000,74.44,1.24,3.552,0
4.69,41.38,287.38,0.7535,-0.2578,-0.2442,0.5533,1.43,-6.01,6.61,-15.56,-22.31,58.69,9.05,0,1.70,-0.1307,0.0236,5,0.806,1.000,74.44,1.24,3.552,0
3.88,42.62,283.06,0.7291,-0.2616,-0.2546,0.5789,2.03,-6.39,6.80,-13.12,-32.62,49.19,9.55,0,1.70,-0.1348,0.0173,5,0.806,1.000,74.44,1.24,3.552,0
phase1 acc_mag=9.417 gravity=9.641 motion=0.224 moving_avg=0.642 rms=0.873 mean_rms=1.725 max_rms=2.110 min_rms=0.873 std=0.441 var=0.194 state=standing thr=2.606/2.806/3.306
3.12,43.62,279.94,0.7081,-0.2667,-0.2622,0.5990,2.48,-5.73,7.05,-15.19,-9.44,40.25,9.42,0,1.70,-0.1382,0.0127,5,0.806,1.000,74.44,1.24,3.552,0
0.50,43.38,276.94,0.6965,-0.2714,-0.2449,0.6174,1.51,-4.64,7.48,54.00,16.19,12.81,8.93,0,1.70,-0.1353,0.0151,5,0.806,1.000,74.44,1.24,3.552,0
-0.44,40.94,277.50,0.7043,-0.2662,-0.2274,0.6176,1.05,-4.41,7.85,31.12,22.06,-4.69,9.06,0,1.70,-0.1298,0.0188,5,0.806,1.000,74.44,1.24,3.552,0
-1.50,38.12,278.38,0.7148,-0.2540,-0.1984,0.6206,-0.30,-5.87,5.97,64.19,22.38,5.25,8.38,0,1.70,-0.1198,0.0234,5,0.806,1.000,74.44,1.24,3.552,0
phase1 acc_mag=13.965 gravity=9.727 motion=4.238 moving_avg=0.719 rms=1.041 mean_rms=1.487 max_rms=2.068 min_rms=0.834 std=0.516 var=0.266 state=standing thr=2.518/2.718/3.218
-3.25,38.81,274.75,0.6937,-0.2650,-0.2025,0.6384,-0.75,-8.36,8.83,-65.06,-14.00,10.31,12.18,0,1.70,-0.1239,0.0218,5,0.806,1.000,74.44,1.24,3.552,0
-2.06,39.12,275.38,0.6973,-0.2580,-0.2081,0.6355,2.05,-5.02,5.88,47.69,2.69,11.19,8.00,0,1.70,-0.1236,0.0191,5,0.806,1.000,74.44,1.24,3.552,0
-4.81,37.69,273.31,0.6879,-0.2650,-0.1887,0.6489,-2.08,-7.78,6.18,-8.00,30.88,39.38,10.15,0,1.70,-0.1207,0.0240,5,0.806,1.000,74.44,1.24,3.552,0
-5.44,36.19,271.81,0.6817,-0.2557,-0.1799,0.6615,0.30,-4.87,8.32,10.81,-18.19,5.75,9.65,0,1.70,-0.1167,0.0221,5,0.806,0.000,0.00,0.00,3.552,0
phase1 acc_mag=10.124 gravity=9.742 motion=0.383 moving_avg=0.881 rms=1.234 mean_rms=1.337 max_rms=2.068 min_rms=0.834 std=0.462 var=0.214 state=standing thr=2.262/2.462/2.962
-5.12,37.00,272.88,0.6893,-0.2621,-0.1824,0.6503,-1.13,-6.95,7.45,8.50,22.69,-27.75,10.25,0,1.70,-0.1185,0.0248,5,0.806,0.000,0.00,0.00,3.552,0
-5.50,35.75,276.81,0.7113,-0.2625,-0.1653,0.6307,-0.36,-4.90,7.09,23.81,51.12,-37.00,8.63,0,1.70,-0.1133,0.0330,5,0.806,0.000,0.00,0.00,3.552,0
-6.62,35.62,280.94,0.7366,-0.2747,-0.1453,0.6006,-1.39,-5.61,7.95,9.00,42.94,-56.44,9.83,0,1.70,-0.1088,0.0460,5,0.806,0.000,0.00,0.00,3.552,0
phase1 acc_mag=10.385 gravity=9.554 motion=0.832 moving_avg=0.799 rms=1.143 mean_rms=1.169 max_rms=2.068 min_rms=0.834 std=0.314 var=0.099 state=standing thr=1.797/1.997/2.497
-6.62,36.38,284.69,0.7511,-0.2834,-0.1414,0.5793,-1.21,-6.11,8.31,-12.19,23.19,-40.06,10.39,0,1.70,-0.1081,0.0524,5,0.806,0.000,0.00,0.00,3.552,0
-5.88,37.19,288.44,0.7679,-0.2897,-0.1417,0.5534,-0.65,-5.45,7.54,-0.81,24.75,-48.88,9.33,0,1.70,-0.1077,0.0576,5,0.806,0.000,0.00,0.00,3.552,0
-5.38,37.94,293.56,0.7904,-0.2986,-0.1356,0.5175,-1.07,-5.19,7.72,-1.44,38.88,-64.69,9.36,0,1.70,-0.1047,0.0663,5,0.806,0.000,0.00,0.00,3.552,0
-4.69,38.88,299.00,0.8119,-0.3084,-0.1310,0.4780,-0.94,-5.24,7.69,-10.19,38.62,-70.44,9.35,0,1.70,-0.1015,0.0751,5,0.806,0.000,0.00,0.00,3.552,0
phase1 acc_mag=9.522 gravity=9.614 motion=0.092 moving_avg=0.710 rms=1.058 mean_rms=1.062 max_rms=1.248 min_rms=0.834 std=0.142 var=0.020 state=standing thr=1.345/1.545/2.045
-3.44,39.81,306.25,0.8384,-0.3182,-0.1249,0.4246,-1.03,-5.24,7.56,-6.12,48.00,-87.69,9.26,0,1.70,-0.0959,0.0855,5,0.806,0.000,0.00,0.00,3.552,0
-1.94,40.56,314.06,0.8636,-0.3263,-0.1182,0.3656,-1.40,-5.32,7.35,0.50,56.44,-106.50,9.18,0,1.70,-0.0885,0.0954,5,0.806,0.000,0.00,0.00,3.552,0
0.50,40.56,324.94,0.8944,-0.3294,-0.1093,0.2820,-1.93,-6.34,6.97,0.81,61.62,-134.81,9.62,0,1.70,-0.0762,0.1055,5,0.806,0.000,0.00,0.00,3.552,0
phase1 acc_mag=16.105 gravity=9.787 motion=6.319 moving_avg=0.859 rms=1.331 mean_rms=1.088 max_rms=1.331 min_rms=0.834 std=0.131 var=0.017 state=standing thr=1.351/1.551/2.051
6.12,45.31,333.44,0.8972,-0.3599,-0.1447,0.2113,-1.81,-13.28,8.93,-203.06,-100.12,-121.31,16.11,0,1.70,-0.0824,0.1169,5,0.806,0.000,0.00,0.00,3.552,0
15.44,47.38,343.62,0.8996,-0.3657,-0.2007,0.1294,6.64,-5.60,3.75,-2.19,75.88,-137.06,9.46,0,1.70,-0.0911,0.1212,5,0.806,0.000,0.00,0.00,3.552,0
15.31,42.56,354.00,0.9233,-0.3452,-0.1611,0.0484,2.76,-7.12,6.08,7.56,75.38,67.88,9.76,0,1.70,-0.0662,0.1244,5,0.806,0.000,0.00,0.00,3.552,0
15.50,41.62,0.56,0.9273,-0.3459,-0.1426,-0.0050,2.98,-4.81,7.12,-16.88,38.31,-89.88,9.09,0,1.70,-0.0522,0.1286,5,0.806,0.000,0.00,0.00,3.552,0
phase1 acc_mag=8.837 gravity=9.688 motion=0.851 moving_avg=0.808 rms=1.223 mean_rms=1.184 max_rms=1.390 min_rms=1.055 std=0.110 var=0.012 state=standing thr=1.405/1.605/2.105
17.31,41.69,6.06,0.9236,-0.3519,-0.1422,-0.0547,3.38,-6.67,5.72,-15.75,27.69,-58.81,9.41,0,1.70,-0.0448,0.1331,5,0.806,0.000,0.00,0.00,3.552,0
18.69,41.50,11.06,0.9201,-0.3547,-0.1398,-0.0894,3.82,-6.12,7.02,-33.44,27.62,-54.25,10.07,0,1.70,-0.0388,0.1355,5,0.806,0.000,0.00,0.00,3.552,0
18.81,41.56,16.06,0.9147,-0.3599,-0.1234,-0.1358,3.28,-6.35,6.11,-5.25,50.19,-51.75,9.40,0,1.70,-0.0256,0.1384,5,0.806,0.000,0.00,0.00,3.552,0
18.94,39.94,21.94,0.9116,-0.3546,-0.1095,-0.1770,3.43,-5.86,6.71,-14.75,57.81,-69.75,9.55,0,1.70,-0.0148,0.1371,5,0.806,0.000,0.00,0.00,3.552,0
phase1 acc_mag=10.047 gravity=9.710 motion=0.337 moving_avg=0.637 rms=1.032 mean_rms=1.154 max_rms=1.390 min_rms=1.032 std=0.117 var=0.014 state=standing thr=1.389/1.589/2.089
19.12,38.75,28.00,0.9029,-0.3493,-0.0914,-0.2332,2.59,-5.87,6.81,-7.75,61.12,-77.06,9.36,0,1.70,-0.0004,0.1347,5,0.806,0.000,0.00,0.00,3.552,0
18.69,37.56,34.06,0.8944,-0.3455,-0.0737,-0.2744,2.33,-5.92,7.01,-24.56,59.12,-54.94,9.47,0,1.70,0.0116,0.1317,5,0.806,0.000,0.00,0.00,3.552,0
18.12,37.06,39.00,0.8835,-0.3438,-0.0542,-0.3134,2.00,-5.69,7.79,-12.88,43.12,-42.44,9.85,0,1.70,0.0239,0.1283,5,0.806,0.000,0.00,0.00,3.552,0
17.56,36.25,41.44,0.8795,-0.3376,-0.0440,-0.3327,3.46,-5.48,7.51,4.00,24.38,-16.31,9.92,0,1.70,0.0294,0.1246,5,0.806,0.000,0.00,0.00,3.552,0
phase1 acc_mag=9.756 gravity=9.705 motion=0.050 moving_avg=0.565 rms=1.000 mean_rms=1.119 max_rms=1.390 min_rms=1.000 std=0.126 var=0.016 state=standing thr=1.371/1.571/2.071
16.75,34.62,42.81,0.8799,-0.3241,-0.0371,-0.3453,3.28,-5.10,7.10,23.44,28.00,-15.12,9.34,0,1.70,0.0317,0.1192,5,0.806,0.000,0.00,0.00,3.552,0
15.81,32.69,44.44,0.8806,-0.3072,-0.0295,-0.3597,2.92,-4.25,6.85,24.19,43.81,-22.38,8.57,0,1.70,0.0338,0.1124,5,0.806,0.000,0.00,0.00,3.552,0
14.62,29.75,47.62,0.8773,-0.2789,-0.0176,-0.3903,3.36,-3.05,8.38,26.94,42.81,-25.19,9.53,0,1.70,0.0374,0.1006,5,0.806,0.000,0.00,0.00,3.552,0
9.12,28.94,47.44,0.8838,-0.2598,0.0244,-0.3883,-1.03,-8.59,11.33,7.31,95.00,81.12,14.26,0,1.70,0.0490,0.0880,5,0.806,0.000,0.00,0.00,3.552,0
phase1 acc_mag=10.272 gravity=9.854 motion=0.418 moving_avg=0.777 rms=1.340 mean_rms=1.119 max_rms=1.390 min_rms=0.997 std=0.135 var=0.018 state=standing thr=1.389/1.589/2.089
11.12,27.69,357.56,0.9664,-0.2338,-0.1050,0.0204,2.23,-3.63,5.07,-18.06,-27.44,-3.50,6.62,0,1.70,-0.0425,0.0895,6,0.734,0.000,0.00,0.00,4.286,1
10.69,28.69,358.12,0.9643,-0.2460,-0.0967,0.0151,-0.02,-6.00,8.84,-29.12,33.69,8.81,10.68,0,1.70,-0.0388,0.0943,6,0.734,0.000,0.00,0.00,4.286,0
9.75,28.12,359.25,0.9667,-0.2398,-0.0892,0.0061,-0.11,-5.74,9.33,-4.62,22.56,-6.69,10.95,0,1.70,-0.0351,0.0925,6,0.734,0.000,0.00,0.00,4.286,0
7.75,28.69,3.56,0.9661,-0.2485,-0.0624,-0.0303,-0.45,-4.94,7.68,-26.56,82.62,-51.38,9.14,0,1.70,-0.0211,0.0968,6,0.734,0.000,0.00,0.00,4.286,0
phase1 acc_mag=8.893 gravity=9.591 motion=0.698 moving_avg=0.863 rms=1.353 mean_rms=1.207 max_rms=1.590 min_rms=0.997 std=0.209 var=0.044 state=standing thr=1.625/1.825/2.325
5.50,29.06,8.69,0.9641,-0.2534,-0.0305,-0.0733,-1.88,-4.41,7.88,-14.81,53.75,-51.56,9.22,0,1.70,-0.0043,0.0986,6,0.734,0.000,0.00,0.00,4.286,0
4.88,29.81,11.25,0.9608,-0.2599,-0.0187,-0.0948,-0.22,-4.38,8.10,-21.25,22.31,-23.56,9.21,0,1.70,0.0027,0.1006,6,0.734,0.000,0.00,0.00,4.286,0
5.38,31.12,12.88,0.9556,-0.2731,-0.0181,-0.1096,0.00,-5.15,8.22,-23.12,6.81,-14.00,9.70,0,1.70,0.0050,0.1052,6,0.734,0.000,0.00,0.00,4.286,0
5.25,33.12,15.00,0.9493,-0.2883,-0.0107,-0.1250,-0.20,-5.32,8.17,-26.62,18.88,-23.38,9.75,0,1.70,0.0103,0.1100,6,0.734,0.000,0.00,0.00,4.286,0
phase1 acc_mag=9.650 gravity=9.585 motion=0.065 moving_avg=0.779 rms=1.297 mean_rms=1.203 max_rms=1.590 min_rms=0.997 std=0.204 var=0.042 state=standing thr=1.611/1.811/2.311
5.50,34.12,17.88,0.9432,-0.2971,-0.0043,-0.1486,0.69,-4.74,8.17,-13.25,22.75,-37.50,9.47,0,1.70,0.0160,0.1123,6,0.734,0.000,0.00,0.00,4.286,0
5.62,34.38,20.81,0.9379,-0.2991,0.0026,-0.1755,-0.29,-4.92,8.19,-1.38,11.81,-34.31,9.56,0,1.70,0.0220,0.1120,6,0.734,0.000,0.00,0.00,4.286,0
7.25,33.56,24.19,0.9343,-0.2948,-0.0046,-0.2003,-0.08,-4.26,7.62,13.12,-5.94,-53.62,8.73,0,1.70,0.0219,0.1105,6,0.734,0.000,0.00,0.00,4.286,0
9.88,31.75,27.56,0.9299,-0.2845,-0.0247,-0.2317,-0.13,-7.01,9.79,4.38,-11.81,-50.06,12.04,0,1.70,0.0172,0.1081,6,0.734,0.000,0.00,0.00,4.286,0
phase1 acc_mag=12.858 gravity=9.631 motion=3.227 moving_avg=0.819 rms=1.359 mean_rms=1.257 max_rms=1.590 min_rms=0.997 std=0.189 var=0.036 state=standing thr=1.635/1.835/2.335
10.88,33.06,27.75,0.9267,-0.2965,-0.0287,-0.2292,-1.06,-11.28,10.20,-21.81,-19.25,16.75,15.24,0,1.70,0.0165,0.1125,6,0.734,0.000,0.00,0.00,4.286,0
13.31,33.94,30.31,0.9174,-0.3076,-0.0424,-0.2490,3.07,-3.36,3.33,-19.25,-32.31,-26.69,5.64,0,1.70,0.0151,0.1171,7,0.755,0.830,66.01,1.10,5.041,1
13.94,34.69,32.25,0.9106,-0.3154,-0.0411,-0.2637,-0.47,-8.07,7.04,-5.94,34.88,12.81,10.72,0,1.70,0.0183,0.1192,7,0.755,0.830,66.01,1.10,5.041,0
12.94,35.06,30.44,0.9146,-0.3165,-0.0364,-0.2492,1.24,-5.86,7.94,-9.31,-39.25,18.12,9.95,0,1.70,0.0182,0.1194,7,0.755,0.830,66.01,1.10,5.041,0
phase1 acc_mag=8.875 gravity=9.767 motion=0.892 moving_avg=1.208 rms=1.868 mean_rms=1.424 max_rms=1.868 min_rms=1.004 std=0.235 var=0.055 state=standing thr=1.894/2.094/2.594
14.69,35.75,28.44,0.9157,-0.3231,-0.0567,-0.2321,2.31,-5.77,5.82,19.31,-44.81,23.00,8.51,0,1.70,0.0092,0.1236,7,0.755,0.830,66.01,1.10,5.041,0
15.12,35.75,24.94,0.9219,-0.3218,-0.0702,-0.2043,1.44,-6.11,7.03,9.50,-43.81,66.38,9.42,0,1.70,0.0004,0.1244,7,0.755,0.830,66.01,1.10,5.041,0
15.00,36.88,19.50,0.9285,-0.3275,-0.0861,-0.1526,2.03,-6.56,6.46,9.75,-54.56,66.56,9.43,0,1.70,-0.0120,0.1269,7,0.755,0.830,66.01,1.10,5.041,0
14.94,37.94,13.75,0.9318,-0.3307,-0.0986,-0.1127,2.35,-5.78,6.28,0.94,-45.38,67.44,8.85,0,1.70,-0.0218,0.1277,7,0.755,0.830,66.01,1.10,5.041,0
phase1 acc_mag=9.320 gravity=9.690 motion=0.370 moving_avg=0.897 rms=1.472 mean_rms=1.528 max_rms=1.878 min_rms=1.292 std=0.226 var=0.051 state=standing thr=1.981/2.181/2.681
14.12,39.56,7.06,0.9329,-0.3387,-0.1122,-0.0494,1.81,-5.94,6.64,7.62,-56.19,87.19,9.09,0,1.70,-0.0352,0.1286,7,0.755,0.830,66.01,1.10,5.041,0
13.00,41.06,358.62,0.9312,-0.3423,-0.1252,0.0111,2.16,-5.94,7.15,7.25,-56.38,92.50,9.54,0,1.70,-0.0481,0.1269,7,0.755,0.830,66.01,1.10,5.041,0
11.69,41.75,351.50,0.9262,-0.3422,-0.1369,0.0793,2.37,-6.90,7.07,9.12,-63.50,107.00,10.16,0,1.70,-0.0616,0.1224,7,0.755,0.830,66.01,1.10,5.041,0
10.50,42.69,341.94,0.9152,-0.3366,-0.1552,0.1581,2.20,-7.84,5.09,45.94,-73.12,128.88,9.60,0,1.70,-0.0781,0.1134,7,0.755,0.830,66.01,1.10,5.041,0
phase1 acc_mag=12.590 gravity=9.642 motion=2.948 moving_avg=0.844 rms=1.460 mean_rms=1.522 max_rms=1.878 min_rms=1.292 std=0.223 var=0.050 state=standing thr=1.967/2.167/2.667
3.00,43.31,326.88,0.8882,-0.3443,-0.1306,0.2747,-8.01,-10.70,10.64,36.88,10.75,154.44,17.08,0,1.70,-0.0842,0.1080,7,0.755,0.830,66.01,1.10,5.041,0
3.06,46.44,322.81,0.8708,-0.3641,-0.1533,0.2925,-4.32,-5.01,3.31,25.81,-19.19,23.81,7.40,0,1.70,-0.0960,0.1089,7,0.755,0.830,66.01,1.10,5.041,0
1.75,45.00,315.62,0.8517,-0.3461,-0.1611,0.3589,-0.07,-5.75,6.39,18.56,-71.62,112.31,8.60,0,1.70,-0.1046,0.0948,8,0.809,0.907,67.26,1.12,5.849,0
0.88,44.38,305.19,0.8220,-0.3316,-0.1817,0.4258,-0.99,-5.66,6.26,9.62,-95.19,94.25,8.50,0,1.70,-0.1162,0.0781,8,0.809,0.907,67.26,1.12,5.849,0
phase1 acc_mag=9.797 gravity=9.751 motion=0.045 moving_avg=1.422 rms=2.274 mean_rms=1.691 max_rms=2.274 min_rms=1.292 std=0.305 var=0.093 state=standing thr=2.300/2.500/3.000
0.50,44.06,297.81,0.7938,-0.3189,-0.1984,0.4785,-2.22,-6.98,8.40,6.69,-65.94,87.69,11.14,0,1.70,-0.1240,0.0633,8,0.809,0.907,67.26,1.12,5.849,0
0.06,44.44,290.31,0.7599,-0.3102,-0.2169,0.5286,0.61,-5.19,6.94,-5.12,-62.62,57.00,8.69,0,1.70,-0.1315,0.0484,8,0.809,0.907,67.26,1.12,5.849,0
0.12,43.94,286.19,0.7418,-0.2985,-0.2255,0.5566,-0.30,-5.74,7.24,22.44,-27.62,45.56,9.24,0,1.70,-0.1334,0.0384,8,0.809,0.907,67.26,1.12,5.849,0
-1.31,43.44,281.19,0.7144,-0.2940,-0.2264,0.5933,-2.03,-5.89,7.91,-7.44,-37.44,53.31,10.07,0,1.70,-0.1345,0.0303,8,0.809,0.907,67.26,1.12,5.849,0
phase1 acc_mag=9.936 gravity=9.597 motion=0.339 moving_avg=1.324 rms=2.056 mean_rms=1.876 max_rms=2.321 min_rms=1.429 std=0.321 var=0.103 state=standing thr=2.518/2.718/3.218
-0.50,44.69,276.25,0.6886,-0.2866,-0.2505,0.6172,-0.78,-6.24,7.21,-16.88,-68.94,36.88,9.57,0,1.70,-0.1397,0.0171,8,0.809,0.907,67.26,1.12,5.849,0
0.75,45.06,271.94,0.6606,-0.2683,-0.2745,0.6452,0.19,-5.32,7.29,-1.94,-59.56,37.31,9.03,0,1.70,-0.1418,0.0001,8,0.809,0.907,67.26,1.12,5.849,0
2.12,45.31,268.12,0.6419,-0.2537,-0.2908,0.6626,-0.22,-4.88,7.48,-6.00,-44.19,22.75,8.93,0,1.70,-0.1419,-0.0119,8,0.809,0.907,67.26,1.12,5.849,0
phase1 acc_mag=10.408 gravity=9.701 motion=0.706 moving_avg=1.106 rms=1.882 mean_rms=1.888 max_rms=2.321 min_rms=1.429 std=0.321 var=0.103 state=standing thr=2.529/2.729/3.229
3.56,45.00,267.06,0.6367,-0.2349,-0.3014,0.6698,0.70,-5.70,8.68,24.06,-37.38,-12.62,10.41,0,1.70,-0.1397,-0.0209,8,0.809,0.907,67.26,1.12,5.849,0
7.06,43.75,262.06,0.6024,-0.1852,-0.3270,0.7043,3.27,-8.07,5.41,33.25,-123.94,52.19,10.25,0,1.70,-0.1310,-0.0475,8,0.809,0.907,67.26,1.12,5.849,0
9.12,42.38,257.94,0.5848,-0.1587,-0.3320,0.7229,4.25,-5.20,7.16,0.62,-11.62,18.38,9.82,0,1.70,-0.1236,-0.0589,8,0.809,0.907,67.26,1.12,5.849,0
8.31,43.25,258.19,0.5836,-0.1694,-0.3331,0.7209,-0.19,-7.55,7.04,-5.94,5.06,-1.94,10.32,0,1.70,-0.1266,-0.0565,8,0.809,0.907,67.26,1.12,5.849,0
phase1 acc_mag=7.844 gravity=9.917 motion=2.073 moving_avg=1.264 rms=2.000 mean_rms=1.960 max_rms=2.321 min_rms=1.429 std=0.282 var=0.079 state=standing thr=2.524/2.724/3.224
8.94,42.69,255.62,0.5695,-0.1548,-0.3365,0.7338,1.45,-4.84,5.29,18.00,-58.94,31.81,7.32,0,1.70,-0.1221,-0.0635,8,0.809,0.907,67.26,1.12,5.849,0
10.06,42.44,251.94,0.5416,-0.1313,-0.3455,0.7550,3.18,-6.02,6.03,17.69,-50.06,49.19,9.09,0,1.70,-0.1145,-0.0759,9,0.687,0.684,59.76,1.00,6.537,0
9.69,42.88,245.25,0.5006,-0.1183,-0.3535,0.7813,3.09,-7.48,6.58,-10.12,-45.50,72.94,10.43,0,1.70,-0.1078,-0.0868,9,0.687,0.684,59.76,1.00,6.537,0
8.69,44.00,240.56,0.4637,-0.1175,-0.3621,0.8000,3.56,-5.97,6.93,0.69,-9.00,39.62,9.82,0,1.70,-0.1048,-0.0941,9,0.687,0.684,59.76,1.00,6.537,0
phase1 acc_mag=9.539 gravity=9.620 motion=0.080 moving_avg=1.073 rms=1.563 mean_rms=2.063 max_rms=2.321 min_rms=1.563 std=0.152 var=0.023 state=standing thr=2.367/2.567/3.067
6.62,44.75,237.50,0.4445,-0.1275,-0.3621,0.8094,1.75,-6.08,7.33,-7.00,2.94,28.56,9.68,0,1.70,-0.1056,-0.0946,9,0.687,0.684,59.76,1.00,6.537,0
5.62,45.31,235.62,0.4270,-0.1322,-0.3651,0.8167,1.51,-5.98,6.65,-4.75,-12.12,34.69,9.07,0,1.70,-0.1055,-0.0967,9,0.687,0.684,59.76,1.00,6.537,0
4.25,45.50,232.19,0.4058,-0.1339,-0.3645,0.8274,2.92,-5.86,7.43,4.56,0.94,41.56,9.90,0,1.70,-0.1035,-0.0989,9,0.687,0.684,59.76,1.00,6.537,0
1.50,45.06,229.75,0.3879,-0.1502,-0.3515,0.8387,1.96,-5.19,6.22,10.31,24.88,28.69,8.33,0,1.70,-0.1049,-0.0946,9,0.687,0.684,59.76,1.00,6.537,0
phase1 acc_mag=9.152 gravity=9.609 motion=0.457 moving_avg=0.724 rms=1.026 mean_rms=1.836 max_rms=2.321 min_rms=1.026 std=0.386 var=0.149 state=standing thr=2.608/2.808/3.308
0.12,43.12,230.56,0.3972,-0.1556,-0.3334,0.8408,1.31,-6.49,7.54,40.50,30.00,-30.62,10.03,0,1.70,-0.1053,-0.0874,9,0.687,0.684,59.76,1.00,6.537,0
-2.19,42.12,227.12,0.3726,-0.1639,-0.3247,0.8537,-2.70,-11.59,13.34,-47.69,-2.19,-3.19,17.88,0,1.70,-0.1044,-0.0864,9,0.687,0.684,59.76,1.00,6.537,0
-1.44,43.69,226.88,0.3691,-0.1605,-0.3362,0.8514,0.36,-6.97,4.04,2.00,-8.50,13.88,8.06,0,1.70,-0.1043,-0.0908,9,0.687,0.684,59.76,1.00,6.537,0
-2.12,41.44,226.00,0.3621,-0.1576,-0.3173,0.8622,0.11,-5.70,5.10,3.94,4.81,29.56,7.65,0,1.70,-0.1003,-0.0866,10,0.795,1.110,83.80,1.40,7.331,0
phase1 acc_mag=10.514 gravity=9.734 motion=0.781 moving_avg=1.234 rms=2.113 mean_rms=1.698 max_rms=2.113 min_rms=0.998 std=0.398 var=0.158 state=standing thr=2.493/2.693/3.193
-3.12,40.75,224.06,0.3517,-0.1580,-0.3113,0.8686,-0.74,-6.32,7.36,11.25,-6.69,23.75,9.73,0,1.70,-0.0987,-0.0859,10,0.795,1.110,83.80,1.40,7.331,0
-2.88,41.19,224.06,0.3527,-0.1591,-0.3181,0.8655,0.24,-7.33,8.09,-35.38,17.31,-19.62,10.92,0,1.70,-0.1000,-0.0877,10,0.795,1.110,83.80,1.40,7.331,0
-3.88,41.94,227.56,0.3764,-0.1774,-0.3126,0.8539,-0.51,-5.72,6.06,23.81,57.62,-48.31,8.35,0,1.70,-0.1076,-0.0801,10,0.795,1.110,83.80,1.40,7.331,0
-4.25,41.75,232.12,0.4156,-0.1946,-0.3008,0.8360,-0.89,-6.22,7.32,-0.25,52.06,-53.69,9.65,0,1.70,-0.1151,-0.0682,10,0.795,1.110,83.80,1.40,7.331,0
phase1 acc_mag=9.806 gravity=9.715 motion=0.091 moving_avg=1.240 rms=2.103 mean_rms=1.742 max_rms=2.139 min_rms=0.998 std=0.429 var=0.184 state=standing thr=2.600/2.800/3.300
-3.56,41.94,236.12,0.4391,-0.1982,-0.2997,0.8234,-0.25,-6.32,7.39,5.25,13.69,-46.81,9.73,0,1.70,-0.1179,-0.0639,10,0.795,1.110,83.80,1.40,7.331,0
-2.31,41.56,239.44,0.4674,-0.1951,-0.2974,0.8094,0.33,-6.61,7.12,-3.38,21.50,-49.12,9.72,0,1.70,-0.1188,-0.0598,10,0.795,1.110,83.80,1.40,7.331,0
-1.25,42.12,244.44,0.4976,-0.2020,-0.2977,0.7892,-0.30,-6.02,7.27,-9.50,47.12,-68.25,9.44,0,1.70,-0.1230,-0.0538,10,0.795,1.110,83.80,1.40,7.331,0
-0.38,42.94,251.00,0.5466,-0.2177,-0.2961,0.7524,-0.80,-6.08,7.24,-12.69,43.50,-77.25,9.49,0,1.70,-0.1303,-0.0415,10,0.795,1.110,83.80,1.40,7.331,0
phase1 acc_mag=9.578 gravity=9.661 motion=0.083 moving_avg=1.026 rms=1.982 mean_rms=1.751 max_rms=2.139 min_rms=0.998 std=0.435 var=0.189 state=standing thr=2.621/2.821/3.321
1.38,43.94,257.81,0.5825,-0.2249,-0.2992,0.7216,0.00,-5.71,7.15,-11.25,42.12,-90.12,9.15,0,1.70,-0.1346,-0.0340,10,0.795,1.110,83.80,1.40,7.331,0
3.69,44.38,266.31,0.6333,-0.2329,-0.2991,0.6747,-0.87,-5.56,6.52,-11.44,65.19,-112.44,8.61,0,1.70,-0.1386,-0.0217,10,0.795,1.110,83.80,1.40,7.331,0
7.62,43.56,276.88,0.6935,-0.2281,-0.2984,0.6147,-2.30,-8.57,8.74,-5.19,-11.88,-123.94,12.45,0,1.70,-0.1389,-0.0101,10,0.795,1.110,83.80,1.40,7.331,0
11.00,46.12,281.44,0.7133,-0.2376,-0.3224,0.5751,4.89,-8.95,6.36,-28.25,82.19,-41.50,12.02,0,1.70,-0.1466,-0.0064,10,0.795,1.110,83.80,1.40,7.331,0
phase1 acc_mag=10.856 gravity=9.925 motion=0.931 moving_avg=1.285 rms=2.170 mean_rms=1.784 max_rms=2.170 min_rms=0.998 std=0.430 var=0.185 state=standing thr=2.644/2.844/3.344
11.31,45.94,291.06,0.7560,-0.2563,-0.3057,0.5189,2.42,-6.55,4.32,-5.19,92.81,-138.31,8.21,0,1.70,-0.1457,0.0141,10,0.795,1.110,83.80,1.40,7.331,0
13.25,42.25,299.94,0.8080,-0.2421,-0.2819,0.4572,1.28,-5.46,6.35,17.12,46.50,-92.12,8.47,0,1.70,-0.1354,0.0267,10,0.795,1.110,83.80,1.40,7.331,0
14.75,41.12,307.44,0.8336,-0.2462,-0.2742,0.4114,3.29,-6.15,5.67,-22.88,42.81,-71.31,8.99,0,1.70,-0.1320,0.0369,10,0.795,1.110,83.80,1.40,7.331,0
phase1 acc_mag=10.198 gravity=9.862 motion=0.336 moving_avg=1.374 rms=2.206 mean_rms=2.019 max_rms=2.209 min_rms=1.008 std=0.240 var=0.058 state=standing thr=2.499/2.699/3.199
15.50,40.88,311.81,0.8507,-0.2518,-0.2692,0.3747,4.07,-6.78,6.44,-14.94,31.19,-48.25,10.20,0,1.70,-0.1293,0.0453,10,0.795,1.110,83.80,1.40,7.331,0
15.25,40.81,318.31,0.8716,-0.2688,-0.2499,0.3250,2.37,-6.41,5.67,-15.62,63.88,-52.00,8.88,0,1.70,-0.1221,0.0612,10,0.795,1.110,83.80,1.40,7.331,0
14.56,40.50,323.94,0.8881,-0.2808,-0.2308,0.2812,2.09,-6.29,7.25,-22.75,58.38,-64.81,9.82,0,1.70,-0.1136,0.0738,10,0.795,1.110,83.80,1.40,7.331,0
14.75,40.12,329.69,0.9019,-0.2877,-0.2173,0.2380,2.29,-6.06,6.68,-13.50,49.62,-55.06,9.31,0,1.70,-0.1058,0.0831,10,0.795,1.110,83.80,1.40,7.331,0
phase1 acc_mag=8.843 gravity=9.693 motion=0.850 moving_avg=0.773 rms=1.133 mean_rms=1.988 max_rms=2.209 min_rms=1.128 std=0.283 var=0.080 state=standing thr=2.553/2.753/3.253
13.94,39.62,334.69,0.9120,-0.2949,-0.1985,0.2045,1.83,-5.64,7.24,-8.38,69.50,-49.81,9.36,0,1.70,-0.0966,0.0913,10,0.795,1.110,83.80,1.40,7.331,0
12.31,38.44,339.69,0.9247,-0.2985,-0.1691,0.1653,1.66,-5.73,6.92,1.88,52.38,-35.69,9.14,0,1.70,-0.0823,0.0992,10,0.795,1.110,83.80,1.40,7.331,0
11.12,37.19,341.62,0.9325,-0.2932,-0.1491,0.1494,2.51,-5.29,6.85,15.25,26.25,-6.31,9.01,0,1.70,-0.0731,0.1005,10,0.795,1.110,83.80,1.40,7.331,0
10.00,35.19,343.44,0.9400,-0.2827,-0.1337,0.1366,2.87,-4.97,7.20,27.81,33.88,-21.19,9.21,0,1.70,-0.0657,0.0990,10,0.795,1.110,83.80,1.40,7.331,0
phase1 acc_mag=10.960 gravity=9.648 motion=1.312 moving_avg=0.728 rms=1.094 mean_rms=1.785 max_rms=2.209 min_rms=1.084 std=0.438 var=0.192 state=standing thr=2.662/2.862/3.362
6.88,35.00,344.19,0.9430,-0.2908,-0.0991,0.1281,-1.37,-7.19,9.50,-29.38,63.62,-7.81,11.99,0,1.70,-0.0523,0.1046,10,0.795,1.110,83.80,1.40,7.331,0
5.31,35.44,348.06,0.9465,-0.2968,-0.0800,0.0987,0.26,-4.56,6.75,-7.00,48.06,-30.44,8.15,0,1.70,-0.0420,0.1092,10,0.795,1.110,83.80,1.40,7.331,0
3.69,35.19,349.88,0.9495,-0.2966,-0.0598,0.0833,-0.97,-5.84,8.62,16.62,10.00,-2.38,10.46,0,1.70,-0.0326,0.1107,10,0.795,1.110,83.80,1.40,7.331,0
4.06,34.25,350.56,0.9518,-0.2901,-0.0612,0.0784,-1.02,-5.51,8.24,9.62,2.75,-24.62,9.96,0,1.70,-0.0324,0.1085,10,0.795,1.110,83.80,1.40,7.331,0
phase1 acc_mag=9.518 gravity=9.784 motion=0.266 moving_avg=0.916 rms=1.270 mean_rms=1.622 max_rms=2.209 min_rms=1.084 std=0.465 var=0.216 state=standing thr=2.552/2.752/3.252
3.75,33.81,353.50,0.9552,-0.2879,-0.0475,0.0490,-0.45,-4.85,7.16,1.75,52.81,-40.69,8.66,0,1.70,-0.0238,0.1091,10,0.795,0.000,0.00,0.00,7.331,0
2.38,33.00,357.81,0.9584,-0.2835,-0.0271,0.0181,-1.33,-4.53,8.23,8.31,45.12,-44.94,9.49,0,1.70,-0.0124,0.1085,10,0.795,0.000,0.00,0.00,7.331,0
1.94,33.25,1.12,0.9577,-0.2872,-0.0137,-0.0123,-1.30,-5.20,7.90,-11.50,28.69,-32.94,9.55,0,1.70,-0.0039,0.1101,10,0.795,0.000,0.00,0.00,7.331,0
phase1 acc_mag=9.993 gravity=9.463 motion=0.530 moving_avg=0.707 rms=0.927 mean_rms=1.432 max_rms=2.209 min_rms=0.927 std=0.438 var=0.192 state=standing thr=2.307/2.507/3.007
2.12,34.00,4.31,0.9554,-0.2928,-0.0089,-0.0360,0.00,-5.46,8.37,-10.56,23.31,-46.81,9.99,0,1.70,0.0008,0.1120,10,0.795,0.000,0.00,0.00,7.331,0
2.25,35.06,9.56,0.9499,-0.3022,0.0043,-0.0795,-0.85,-4.65,7.96,-15.31,30.12,-52.25,9.26,0,1.70,0.0112,0.1147,10,0.795,0.000,0.00,0.00,7.331,0
2.50,35.75,13.31,0.9450,-0.3063,0.0143,-0.1136,-0.70,-4.56,8.15,-8.06,14.81,-36.06,9.37,0,1.70,0.0193,0.1151,10,0.795,0.000,0.00,0.00,7.331,0
3.69,35.88,16.50,0.9409,-0.3096,0.0107,-0.1367,-0.08,-4.66,7.94,-6.69,-14.62,-36.06,9.21,0,1.70,0.0209,0.1160,10,0.795,0.000,0.00,0.00,7.331,0
phase1 acc_mag=8.926 gravity=9.492 motion=0.566 moving_avg=0.579 rms=0.810 mean_rms=1.161 max_rms=2.155 min_rms=0.802 std=0.267 var=0.071 state=standing thr=1.695/1.895/2.395
6.06,35.94,18.25,0.9376,-0.3126,-0.0101,-0.1524,1.16,-5.92,8.77,6.69,-36.50,-28.12,10.64,0,1.70,0.0153,0.1178,10,0.795,0.000,0.00,0.00,7.331,0
8.69,35.19,17.50,0.9396,-0.3082,-0.0330,-0.1448,-0.35,-8.56,10.98,-3.88,-63.38,13.19,13.93,0,1.70,0.0054,0.1178,10,0.795,0.000,0.00,0.00,7.331,0
13.12,37.31,19.44,0.9265,-0.3300,-0.0698,-0.1667,4.69,-6.17,6.12,-14.81,-35.56,-77.50,9.88,0,1.70,-0.0039,0.1269,10,0.795,0.000,0.00,0.00,7.331,0
16.06,36.06,26.50,0.9174,-0.3258,-0.0743,-0.2163,1.51,-2.73,5.31,5.12,16.75,-56.00,6.16,0,1.70,0.0009,0.1260,11,0.776,0.000,0.00,0.00,8.107,0
phase1 acc_mag=6.914 gravity=9.720 motion=2.805 moving_avg=1.131 rms=1.808 mean_rms=1.138 max_rms=1.808 min_rms=0.802 std=0.237 var=0.056 state=slow thr=1.613/1.813/2.313
14.62,36.50,28.38,0.9139,-0.3289,-0.0550,-0.2314,-1.34,-6.82,8.79,11.44,2.38,35.12,11.21,0,1.70,0.0103,0.1253,11,0.776,0.000,0.00,0.00,8.107,0
14.00,37.56,24.56,0.9189,-0.3347,-0.0591,-0.2001,2.58,-5.90,4.71,-4.00,-29.75,32.31,7.98,0,1.70,0.0051,0.1278,11,0.776,0.000,0.00,0.00,8.107,0
14.12,37.94,20.56,0.9242,-0.3356,-0.0713,-0.1678,1.34,-6.69,6.44,9.81,-37.50,55.25,9.38,0,1.70,-0.0038,0.1289,11,0.776,0.000,0.00,0.00,8.107,0
phase1 acc_mag=9.831 gravity=9.705 motion=0.126 moving_avg=1.190 rms=1.829 mean_rms=1.297 max_rms=1.898 min_rms=0.802 std=0.378 var=0.143 state=standing thr=2.052/2.252/2.752
13.81,38.88,16.19,0.9280,-0.3410,-0.0820,-0.1255,1.61,-7.17,6.53,-0.62,-42.62,66.50,9.83,0,1.70,-0.0133,0.1307,11,0.776,0.000,0.00,0.00,8.107,0
13.12,40.69,9.31,0.9288,-0.3513,-0.0952,-0.0698,1.45,-6.25,6.72,-13.06,-42.31,64.44,9.29,0,1.70,-0.0256,0.1332,11,0.776,0.000,0.00,0.00,8.107,0
11.81,43.12,3.19,0.9253,-0.3647,-0.1004,-0.0261,1.84,-6.98,6.90,-21.25,-40.12,93.12,9.99,0,1.70,-0.0334,0.1360,11,0.776,0.000,0.00,0.00,8.107,0
9.94,45.12,357.31,0.9194,-0.3782,-0.1036,0.0286,1.73,-7.08,6.23,-5.31,-43.69,80.50,9.59,0,1.70,-0.0424,0.1379,11,0.776,0.000,0.00,0.00,8.107,0
phase1 acc_mag=9.709 gravity=9.694 motion=0.015 moving_avg=1.068 rms=1.776 mean_rms=1.404 max_rms=1.898 min_rms=0.802 std=0.424 var=0.180 state=standing thr=2.253/2.453/2.953
7.44,45.94,348.31,0.9142,-0.3786,-0.1099,0.0932,1.04,-6.91,5.60,30.25,-81.12,123.38,8.95,0,1.70,-0.0543,0.1344,11,0.776,0.000,0.00,0.00,8.107,0
7.12,44.12,337.69,0.9077,-0.3535,-0.1385,0.1789,2.24,-7.36,5.26,50.44,-120.69,109.81,9.32,0,1.70,-0.0756,0.1184,11,0.776,0.000,0.00,0.00,8.107,0
3.19,43.94,324.50,0.8829,-0.3467,-0.1430,0.2826,-2.41,-8.72,5.93,-12.44,-53.25,139.94,10.82,0,1.70,-0.0897,0.1063,11,0.776,0.000,0.00,0.00,8.107,0
-1.62,48.12,313.75,0.8365,-0.3784,-0.1440,0.3691,-3.51,-7.92,9.60,39.94,-51.50,124.38,12.93,0,1.70,-0.1041,0.1054,11,0.776,0.000,0.00,0.00,8.107,0
phase1 acc_mag=4.978 gravity=10.109 motion=5.131 moving_avg=1.538 rms=2.449 mean_rms=1.573 max_rms=2.449 min_rms=0.802 std=0.453 var=0.205 state=standing thr=2.479/2.679/3.179
-4.81,47.50,307.50,0.8154,-0.3826,-0.1395,0.4113,-2.91,-7.05,6.90,-54.19,-44.44,86.81,10.28,0,1.70,-0.1084,0.1019,12,0.813,0.916,67.57,1.13,8.921,0
-4.38,48.38,298.69,0.7773,-0.3694,-0.1782,0.4769,-1.26,-6.54,7.01,-3.44,-146.44,115.38,9.67,0,1.70,-0.1259,0.0809,12,0.813,0.916,67.57,1.13,8.921,0
-3.38,47.56,287.25,0.7317,-0.3372,-0.2147,0.5522,-1.04,-9.29,7.13,22.69,-127.56,107.50,11.76,0,1.70,-0.1373,0.0513,12,0.813,0.916,67.57,1.13,8.921,0
phase1 acc_mag=7.220 gravity=10.154 motion=2.933 moving_avg=1.720 rms=2.571 mean_rms=1.879 max_rms=2.571 min_rms=0.807 std=0.429 var=0.184 state=standing thr=2.737/2.937/3.437
-2.69,42.81,280.88,0.7178,-0.2976,-0.2127,0.5925,1.30,-4.59,5.42,81.00,-82.88,44.38,7.22,0,1.70,-0.1316,0.0350,12,0.813,0.916,67.57,1.13,8.921,0
-3.44,41.56,276.00,0.6946,-0.2852,-0.2128,0.6252,-0.20,-5.36,7.22,-10.56,-16.25,58.12,8.99,0,1.70,-0.1305,0.0260,12,0.813,0.916,67.57,1.13,8.921,0
-4.50,42.19,272.31,0.6725,-0.2881,-0.2184,0.6458,-2.28,-5.82,8.57,-12.38,-31.56,19.19,10.61,0,1.70,-0.1332,0.0211,12,0.813,0.916,67.57,1.13,8.921,0
-3.81,42.75,269.56,0.6531,-0.2797,-0.2350,0.6633,-1.06,-5.15,7.72,1.81,-48.56,23.50,9.34,0,1.70,-0.1356,0.0107,12,0.813,0.916,67.57,1.13,8.921,0
phase1 acc_mag=9.053 gravity=9.929 motion=0.876 moving_avg=1.265 rms=2.067 mean_rms=2.086 max_rms=2.582 min_rms=1.764 std=0.318 var=0.101 state=standing thr=2.722/2.922/3.422
-2.44,42.69,265.56,0.6327,-0.2644,-0.2511,0.6832,-1.13,-5.01,7.31,-4.88,-56.62,36.44,8.93,0,1.70,-0.1358,-0.0017,12,0.813,0.916,67.57,1.13,8.921,0
-0.88,42.88,261.81,0.6077,-0.2432,-0.2734,0.7048,-0.46,-5.48,7.43,2.94,-55.69,11.50,9.24,0,1.70,-0.1350,-0.0180,12,0.813,0.916,67.57,1.13,8.921,0
1.06,43.31,260.12,0.5983,-0.2299,-0.2891,0.7111,-0.14,-4.77,7.87,-7.62,-31.81,0.25,9.20,0,1.70,-0.1346,-0.0272,12,0.813,0.916,67.57,1.13,8.921,0
phase1 acc_mag=12.177 gravity=9.951 motion=2.226 moving_avg=1.150 rms=1.969 mean_rms=2.110 max_rms=2.582 min_rms=1.764 std=0.304 var=0.092 state=standing thr=2.718/2.918/3.418
3.44,43.69,261.31,0.6058,-0.2159,-0.3067,0.7016,-0.42,-7.53,9.56,-11.31,-19.25,-39.00,12.18,0,1.70,-0.1349,-0.0337,12,0.813,0.916,67.57,1.13,8.921,0
7.62,42.25,259.69,0.5967,-0.1746,-0.3209,0.7145,1.47,-5.48,3.51,66.94,-31.31,4.19,6.67,0,1.70,-0.1265,-0.0500,12,0.813,0.916,67.57,1.13,8.921,0
7.81,42.12,256.75,0.5785,-0.1641,-0.3253,0.7298,1.91,-6.31,7.43,-31.88,-7.06,7.75,9.93,0,1.70,-0.1232,-0.0570,12,0.813,0.916,67.57,1.13,8.921,0
6.75,43.31,255.44,0.5678,-0.1742,-0.3296,0.7339,-0.45,-7.35,7.98,-4.56,13.88,20.25,10.86,0,1.70,-0.1260,-0.0572,12,0.813,0.916,67.57,1.13,8.921,0
phase1 acc_mag=8.259 gravity=10.054 motion=1.795 moving_avg=1.407 rms=2.131 mean_rms=2.168 max_rms=2.582 min_rms=1.764 std=0.264 var=0.070 state=standing thr=2.697/2.897/3.397
6.50,43.06,253.56,0.5565,-0.1699,-0.3293,0.7437,2.55,-5.45,6.00,17.88,-44.88,7.62,8.50,0,1.70,-0.1238,-0.0601,12,0.813,0.916,67.57,1.13,8.921,0
7.50,42.75,250.50,0.5294,-0.1501,-0.3386,0.7632,0.84,-6.81,5.91,-1.50,-64.12,84.88,9.06,0,1.70,-0.1175,-0.0716,12,0.813,0.916,67.57,1.13,8.921,0
6.06,43.56,239.50,0.4605,-0.1341,-0.3491,0.8051,3.95,-8.05,6.62,-38.50,-72.38,129.19,11.15,0,1.70,-0.1075,-0.0877,12,0.813,0.916,67.57,1.13,8.921,0
4.19,44.81,234.69,0.4230,-0.1416,-0.3545,0.8218,2.13,-6.12,7.27,9.19,16.75,32.50,9.74,0,1.70,-0.1065,-0.0926,12,0.813,0.916,67.57,1.13,8.921,0
phase1 acc_mag=9.638 gravity=9.560 motion=0.078 moving_avg=1.131 rms=1.546 mean_rms=2.199 max_rms=2.582 min_rms=1.546 std=0.239 var=0.057 state=standing thr=2.678/2.878/3.378
1.62,44.19,233.31,0.4149,-0.1555,-0.3422,0.8286,0.85,-5.83,6.71,12.00,11.88,14.88,8.93,0,1.70,-0.1083,-0.0876,12,0.813,0.916,67.57,1.13,8.921,0
0.69,44.06,230.00,0.3919,-0.1528,-0.3430,0.8399,1.89,-3.98,6.86,0.81,-24.69,48.06,8.15,0,1.70,-0.1051,-0.0913,12,0.813,0.916,67.57,1.13,8.921,0
0.06,43.12,226.19,0.3633,-0.1411,-0.3351,0.8577,1.47,-5.85,7.42,33.62,-14.06,16.00,9.56,0,1.70,-0.0971,-0.0945,12,0.813,0.916,67.57,1.13,8.921,0
phase1 acc_mag=9.488 gravity=9.663 motion=0.175 moving_avg=0.907 rms=1.198 mean_rms=1.934 max_rms=2.582 min_rms=1.198 std=0.382 var=0.146 state=standing thr=2.698/2.898/3.398
-0.62,39.75,226.12,0.3687,-0.1391,-0.3105,0.8650,2.25,-5.33,7.52,59.62,31.44,-21.25,9.49,0,1.70,-0.0939,-0.0869,12,0.813,0.916,67.57,1.13,8.921,0
-2.44,37.25,225.75,0.3686,-0.1452,-0.2853,0.8727,-2.29,-9.31,11.15,-21.44,35.94,-25.44,14.71,0,1.70,-0.0928,-0.0782,12,0.813,0.916,67.57,1.13,8.921,0
-1.50,37.31,226.19,0.3712,-0.1364,-0.2882,0.8721,0.42,-4.08,5.80,18.00,-16.69,0.31,7.10,0,1.70,-0.0904,-0.0803,12,0.813,0.916,67.57,1.13,8.921,0
-2.06,35.94,224.81,0.3627,-0.1355,-0.2780,0.8791,0.29,-8.64,6.74,-19.38,27.44,26.25,10.96,0,1.70,-0.0880,-0.0781,13,0.754,0.421,33.46,0.56,9.675,0
phase1 acc_mag=9.712 gravity=9.808 motion=0.096 moving_avg=1.296 rms=1.777 mean_rms=1.787 max_rms=2.186 min_rms=1.192 std=0.350 var=0.123 state=standing thr=2.487/2.687/3.187
-2.88,35.06,224.94,0.3644,-0.1395,-0.2684,0.8807,0.09,-5.79,8.61,-10.12,18.44,-2.81,10.38,0,1.70,-0.0883,-0.0742,13,0.754,0.421,33.46,0.56,9.675,0
-3.44,36.56,227.19,0.3840,-0.1570,-0.2749,0.8674,-1.63,-6.49,7.57,-19.12,39.56,-39.06,10.10,0,1.70,-0.0967,-0.0713,13,0.754,0.421,33.46,0.56,9.675,0
-4.06,36.94,232.75,0.4213,-0.1744,-0.2667,0.8491,-0.34,-4.68,7.56,-9.19,56.00,-45.12,8.90,0,1.70,-0.1042,-0.0612,13,0.754,0.421,33.46,0.56,9.675,0
phase1 acc_mag=10.174 gravity=9.765 motion=0.409 moving_avg=1.215 rms=1.720 mean_rms=1.742 max_rms=2.186 min_rms=1.192 std=0.336 var=0.113 state=standing thr=2.415/2.615/3.115
-4.88,37.69,236.94,0.4511,-0.1934,-0.2616,0.8311,-1.19,-5.89,8.21,0.75,31.19,-47.12,10.17,0,1.70,-0.1115,-0.0521,13,0.754,0.421,33.46,0.56,9.675,0
-3.75,37.69,240.88,0.4831,-0.1931,-0.2609,0.8132,-0.05,-5.68,7.88,-0.38,10.69,-47.88,9.71,0,1.70,-0.1132,-0.0476,13,0.754,0.421,33.46,0.56,9.675,0
-2.44,38.38,247.38,0.5240,-0.2013,-0.2610,0.7853,-0.77,-6.13,7.46,-13.88,54.50,-85.25,9.69,0,1.70,-0.1179,-0.0398,13,0.754,0.421,33.46,0.56,9.675,0
-1.25,39.69,257.00,0.5858,-0.2211,-0.2583,0.7357,-0.90,-5.83,8.03,-18.06,63.75,-117.88,9.96,0,1.70,-0.1256,-0.0242,13,0.754,0.421,33.46,0.56,9.675,0
phase1 acc_mag=8.983 gravity=9.725 motion=0.743 moving_avg=0.983 rms=1.541 mean_rms=1.644 max_rms=2.186 min_rms=1.192 std=0.287 var=0.082 state=standing thr=2.218/2.418/2.918
0.31,40.88,265.31,0.6351,-0.2347,-0.2590,0.6888,-0.85,-5.38,6.33,-23.88,72.94,-114.75,8.35,0,1.70,-0.1304,-0.0117,13,0.754,0.421,33.46,0.56,9.675,0
2.44,42.19,277.25,0.7112,-0.2549,-0.2557,0.6032,-1.50,-9.17,7.97,-12.19,89.38,-178.50,12.24,0,1.70,-0.1342,0.0108,13,0.754,0.421,33.46,0.56,9.675,0
10.12,44.44,290.50,0.7582,-0.2525,-0.2915,0.5257,6.27,-9.00,9.35,-96.12,10.81,-180.00,14.41,0,1.70,-0.1415,0.0153,13,0.754,0.421,33.46,0.56,9.675,0
11.25,48.06,300.19,0.7947,-0.2991,-0.2883,0.4424,3.62,-6.70,2.87,-38.50,130.69,-100.50,8.14,0,1.70,-0.1446,0.0441,13,0.754,0.421,33.46,0.56,9.675,0
phase1 acc_mag=6.175 gravity=10.058 motion=3.883 moving_avg=1.320 rms=2.005 mean_rms=1.584 max_rms=2.005 min_rms=1.192 std=0.220 var=0.048 state=standing thr=2.023/2.223/2.723
8.62,45.75,307.31,0.8235,-0.3093,-0.2445,0.4078,-1.75,-5.26,5.04,13.81,95.25,-53.56,7.49,0,1.70,-0.1310,0.0620,14,0.777,0.836,64.59,1.08,10.452,1
12.00,44.25,311.00,0.8382,-0.2906,-0.2637,0.3788,3.52,-6.84,6.33,-48.69,-66.88,-51.44,9.96,0,1.70,-0.1324,0.0575,14,0.777,0.836,64.59,1.08,10.452,0
15.56,45.62,315.88,0.8477,-0.2939,-0.2777,0.3433,4.07,-8.27,6.25,-23.81,55.88,-58.38,11.14,0,1.70,-0.1345,0.0615,14,0.777,0.836,64.59,1.08,10.452,0
14.75,45.12,320.81,0.8669,-0.3073,-0.2525,0.3004,3.49,-6.60,5.37,-11.12,80.19,-64.38,9.20,0,1.70,-0.1245,0.0762,14,0.777,0.836,64.59,1.08,10.452,0
phase1 acc_mag=9.747 gravity=10.040 motion=0.293 moving_avg=1.489 rms=2.100 mean_rms=1.757 max_rms=2.101 min_rms=1.198 std=0.216 var=0.047 state=standing thr=2.189/2.389/2.889
14.00,44.00,327.69,0.8849,-0.3149,-0.2285,0.2563,2.33,-6.96,6.11,-0.88,87.94,-61.69,9.55,0,1.70,-0.1131,0.0880,14,0.777,0.836,64.59,1.08,10.452,0
13.25,41.94,334.50,0.9056,-0.3145,-0.1977,0.2045,2.52,-6.46,6.30,5.25,52.75,-46.12,9.37,0,1.70,-0.0973,0.0978,14,0.777,0.836,64.59,1.08,10.452,0
12.50,41.00,337.69,0.9155,-0.3150,-0.1777,0.1763,2.76,-6.22,6.24,1.62,50.31,-33.25,9.23,0,1.70,-0.0873,0.1028,14,0.777,0.836,64.59,1.08,10.452,0
10.88,39.62,341.56,0.9249,-0.3140,-0.1534,0.1499,2.65,-5.69,6.59,6.81,62.19,-22.75,9.10,0,1.70,-0.0756,0.1070,14,0.777,0.836,64.59,1.08,10.452,0
phase1 acc_mag=9.098 gravity=9.807 motion=0.708 moving_avg=1.097 rms=1.632 mean_rms=1.793 max_rms=2.101 min_rms=1.520 std=0.196 var=0.038 state=standing thr=2.184/2.384/2.884
9.25,38.00,344.06,0.9337,-0.3076,-0.1291,0.1304,2.44,-6.19,8.31,30.31,34.88,-25.88,10.65,0,1.70,-0.0643,0.1082,14,0.777,0.836,64.59,1.08,10.452,0
3.62,38.06,342.94,0.9342,-0.3209,-0.0804,0.1337,-1.23,-7.67,8.33,-43.94,39.56,-60.75,11.39,0,1.70,-0.0472,0.1156,14,0.777,0.836,64.59,1.08,10.452,0
3.56,37.19,348.12,0.9422,-0.3138,-0.0656,0.0978,-0.99,-4.67,8.43,57.31,114.69,-42.56,9.69,0,1.70,-0.0370,0.1157,14,0.777,0.836,64.59,1.08,10.452,0
0.38,35.62,352.56,0.9499,-0.3062,-0.0211,0.0590,-1.78,-7.36,9.82,-9.06,35.06,-21.88,12.40,0,1.70,-0.0152,0.1158,14,0.777,0.836,64.59,1.08,10.452,0
phase1 acc_mag=10.628 gravity=10.126 motion=0.502 moving_avg=1.374 rms=1.971 mean_rms=1.815 max_rms=2.101 min_rms=1.520 std=0.202 var=0.041 state=standing thr=2.220/2.420/2.920
1.06,34.31,353.94,0.9540,-0.2944,-0.0258,0.0504,0.26,-4.68,5.82,54.00,-28.75,-24.62,7.47,0,1.70,-0.0158,0.1118,14,0.777,0.836,64.59,1.08,10.452,0
1.69,32.31,358.44,0.9603,-0.2780,-0.0194,0.0129,-1.89,-6.16,7.03,19.19,66.94,-57.81,9.54,0,1.70,-0.0089,0.1067,15,0.710,0.799,67.49,1.12,11.162,0
-0.62,31.94,3.06,0.9610,-0.2751,0.0135,-0.0261,-1.19,-4.11,8.50,-8.44,44.25,-88.62,9.52,0,1.70,0.0081,0.1056,15,0.710,0.799,67.49,1.12,11.162,0
phase1 acc_mag=9.425 gravity=10.104 motion=0.679 moving_avg=1.575 rms=2.085 mean_rms=1.916 max_rms=2.101 min_rms=1.521 std=0.176 var=0.031 state=standing thr=2.269/2.469/2.969
-0.62,32.50,8.81,0.9570,-0.2790,0.0274,-0.0742,-1.08,-5.44,7.62,-6.25,28.56,-44.88,9.42,0,1.70,0.0188,0.1060,15,0.710,0.799,67.49,1.12,11.162,0
0.69,32.62,12.19,0.9542,-0.2802,0.0233,-0.1024,-0.71,-4.70,7.94,-8.75,-16.38,-25.06,9.25,0,1.70,0.0203,0.1060,15,0.710,0.799,67.49,1.12,11.162,0
2.88,34.00,14.38,0.9484,-0.2933,0.0104,-0.1198,-0.21,-4.56,8.13,-25.94,-16.38,-31.44,9.32,0,1.70,0.0180,0.1108,15,0.710,0.799,67.49,1.12,11.162,0
4.38,35.56,17.38,0.9394,-0.3091,0.0058,-0.1483,0.17,-4.92,8.67,-22.81,11.44,-51.62,9.97,0,1.70,0.0205,0.1158,15,0.710,0.799,67.49,1.12,11.162,0
phase1 acc_mag=9.628 gravity=9.795 motion=0.167 moving_avg=1.092 rms=1.511 mean_rms=1.906 max_rms=2.101 min_rms=1.511 std=0.185 var=0.034 state=standing thr=2.275/2.475/2.975
5.31,36.69,21.31,0.9318,-0.3176,0.0096,-0.1754,0.89,-4.51,8.70,-20.88,27.56,-49.06,9.84,0,1.70,0.0259,0.1177,15,0.710,0.799,67.49,1.12,11.162,0
7.00,36.88,27.38,0.9200,-0.3209,0.0116,-0.2244,0.03,-6.10,8.21,1.56,14.31,-73.44,10.23,0,1.70,0.0331,0.1170,15,0.710,0.799,67.49,1.12,11.162,0
9.81,36.38,33.12,0.9040,-0.3256,-0.0040,-0.2771,-2.64,-10.07,10.69,-18.50,-36.94,-116.50,14.92,0,1.70,0.0346,0.1182,15,0.710,0.799,67.49,1.12,11.162,0
15.44,37.25,34.00,0.8988,-0.3384,-0.0449,-0.2751,3.63,-3.83,5.02,36.56,-31.31,1.56,7.28,0,1.70,0.0211,0.1266,15,0.710,0.799,67.49,1.12,11.162,0
phase1 acc_mag=8.354 gravity=10.001 motion=1.648 moving_avg=1.311 rms=1.988 mean_rms=1.833 max_rms=2.093 min_rms=1.457 std=0.199 var=0.040 state=standing thr=2.231/2.431/2.931
12.81,35.50,33.44,0.9068,-0.3204,-0.0262,-0.2728,-1.67,-7.34,6.06,14.81,48.62,56.31,9.66,0,1.70,0.0255,0.1191,15,0.710,0.799,67.49,1.12,11.162,0
11.19,34.88,29.94,0.9182,-0.3120,-0.0262,-0.2428,-0.74,-6.00,6.97,10.56,-46.69,18.56,9.23,0,1.70,0.0207,0.1171,15,0.710,0.799,67.49,1.12,11.162,0
13.81,35.44,26.62,0.9207,-0.3189,-0.0544,-0.2181,1.37,-6.23,5.77,11.12,-75.00,61.00,8.60,0,1.70,0.0078,0.1222,16,0.780,0.871,67.04,1.12,11.941,0
15.81,35.50,20.00,0.9306,-0.3162,-0.0950,-0.1580,2.83,-5.69,6.73,24.00,-68.56,53.12,9.26,0,1.70,-0.0154,0.1237,16,0.780,0.871,67.04,1.12,11.941,0
phase1 acc_mag=9.377 gravity=9.995 motion=0.617 moving_avg=1.355 rms=2.032 mean_rms=1.895 max_rms=2.093 min_rms=1.457 std=0.194 var=0.038 state=standing thr=2.283/2.483/2.983
16.75,36.50,14.06,0.9340,-0.3201,-0.1168,-0.1071,2.23,-6.38,6.82,8.12,-51.94,79.88,9.60,0,1.70,-0.0299,0.1246,16,0.780,0.871,67.04,1.12,11.941,0
16.12,38.19,6.00,0.9354,-0.3246,-0.1317,-0.0491,1.96,-5.60,6.22,7.00,-58.50,78.88,8.60,0,1.70,-0.0429,0.1240,16,0.780,0.871,67.04,1.12,11.941,0
15.06,40.19,358.38,0.9311,-0.3336,-0.1457,0.0238,2.12,-6.28,6.80,3.44,-55.00,108.56,9.50,0,1.70,-0.0574,0.1228,16,0.780,0.871,67.04,1.12,11.941,0
phase1 acc_mag=9.613 gravity=9.692 motion=0.080 moving_avg=1.020 rms=1.663 mean_rms=1.865 max_rms=2.093 min_rms=1.457 std=0.200 var=0.040 state=standing thr=2.265/2.465/2.965
13.25,41.69,349.12,0.9249,-0.3352,-0.1563,0.0880,2.35,-6.96,6.20,10.75,-71.00,110.62,9.61,0,1.70,-0.0696,0.1185,16,0.780,0.871,67.04,1.12,11.941,0
11.00,42.19,335.69,0.9055,-0.3240,-0.1774,0.2086,2.17,-7.76,6.32,19.88,-78.56,142.44,10.24,0,1.70,-0.0913,0.1026,16,0.780,0.871,67.04,1.12,11.941,0
8.56,41.62,324.19,0.8824,-0.3124,-0.1813,0.3013,1.33,-10.90,9.65,11.50,-29.50,188.94,14.62,0,1.70,-0.1016,0.0884,16,0.780,0.871,67.04,1.12,11.941,0
-0.31,44.06,310.69,0.8425,-0.3428,-0.1534,0.3862,-2.80,-11.94,10.68,-70.25,-3.94,148.62,16.26,0,1.70,-0.1046,0.0918,16,0.780,0.871,67.04,1.12,11.941,0
phase1 acc_mag=7.428 gravity=10.039 motion=2.611 moving_avg=1.210 rms=2.032 mean_rms=1.798 max_rms=2.070 min_rms=1.457 std=0.189 var=0.036 state=standing thr=2.176/2.376/2.876
-1.25,42.81,308.44,0.8383,-0.3344,-0.1479,0.4044,-3.24,-4.73,4.32,30.44,-41.81,5.00,7.18,0,1.70,-0.1037,0.0882,16,0.780,0.871,67.04,1.12,11.941,0
-1.31,42.56,302.12,0.8153,-0.3242,-0.1646,0.4507,-0.87,-6.00,5.98,-9.00,-68.44,109.50,8.52,0,1.70,-0.1121,0.0761,16,0.780,0.871,67.04,1.12,11.941,0
-1.25,41.94,291.56,0.7721,-0.3026,-0.1915,0.5251,-1.02,-4.78,7.73,6.00,-105.19,71.38,9.15,0,1.70,-0.1227,0.0532,17,0.771,0.961,74.81,1.25,12.712,0
-1.06,40.19,285.12,0.7457,-0.2789,-0.2010,0.5707,-0.81,-6.94,9.04,32.50,-42.31,63.44,11.43,0,1.70,-0.1236,0.0373,17,0.771,0.961,74.81,1.25,12.712,0
phase1 acc_mag=10.062 gravity=9.943 motion=0.119 moving_avg=1.486 rms=2.192 mean_rms=1.883 max_rms=2.192 min_rms=1.457 std=0.208 var=0.043 state=standing thr=2.300/2.500/3.000
-2.06,39.50,280.62,0.7244,-0.2727,-0.2006,0.6006,-0.90,-5.19,6.69,0.75,-20.25,52.06,8.51,0,1.70,-0.1236,0.0308,17,0.771,0.961,74.81,1.25,12.712,0
-3.50,38.75,276.25,0.6988,-0.2677,-0.1968,0.6335,-1.15,-4.89,7.88,8.94,-27.44,61.75,9.34,0,1.70,-0.1228,0.0250,17,0.771,0.961,74.81,1.25,12.712,0
-4.44,38.00,270.62,0.6719,-0.2600,-0.1990,0.6644,-1.76,-4.88,8.08,6.56,-40.50,48.31,9.60,0,1.70,-0.1226,0.0170,17,0.771,0.961,74.81,1.25,12.712,0
-3.50,36.81,266.50,0.6464,-0.2369,-0.2079,0.6948,-1.27,-5.17,8.39,8.44,-58.44,43.25,9.94,0,1.70,-0.1196,0.0035,17,0.771,0.961,74.81,1.25,12.712,0
phase1 acc_mag=9.523 gravity=9.648 motion=0.126 moving_avg=1.142 rms=1.716 mean_rms=1.914 max_rms=2.207 min_rms=1.583 std=0.197 var=0.039 state=standing thr=2.309/2.509/3.009
-2.62,35.44,262.38,0.6274,-0.2187,-0.2131,0.7164,-0.73,-4.26,8.16,15.69,-46.06,42.81,9.23,0,1.70,-0.1161,-0.0062,17,0.771,0.961,74.81,1.25,12.712,0
-1.31,34.56,259.81,0.6111,-0.1970,-0.2189,0.7347,-1.03,-3.68,8.17,7.50,-40.50,16.62,9.02,0,1.70,-0.1114,-0.0162,17,0.771,0.961,74.81,1.25,12.712,0
0.25,33.12,258.50,0.6068,-0.1789,-0.2226,0.7418,-0.22,-5.05,8.75,18.25,-15.50,-21.69,10.11,0,1.70,-0.1071,-0.0226,17,0.771,0.961,74.81,1.25,12.712,0
phase1 acc_mag=10.257 gravity=9.819 motion=0.438 moving_avg=1.155 rms=1.748 mean_rms=1.848 max_rms=2.207 min_rms=1.583 std=0.208 var=0.043 state=standing thr=2.265/2.465/2.965
3.69,33.25,256.69,0.5934,-0.1450,-0.2510,0.7509,1.74,-6.81,7.47,-9.69,-92.19,-18.81,10.26,0,1.70,-0.1031,-0.0410,17,0.771,0.961,74.81,1.25,12.712,0
7.12,33.25,255.75,0.5872,-0.1234,-0.2646,0.7549,2.53,-5.83,6.47,14.94,-8.69,-7.75,9.07,0,1.70,-0.0994,-0.0509,17,0.771,0.961,74.81,1.25,12.712,0
7.19,31.94,254.44,0.5804,-0.1133,-0.2578,0.7641,0.56,-5.80,8.06,18.88,-14.94,42.31,9.95,0,1.70,-0.0945,-0.0525,17,0.771,0.961,74.81,1.25,12.712,0
8.44,33.44,250.19,0.5496,-0.1012,-0.2778,0.7814,3.04,-4.59,6.95,-15.69,-62.50,29.94,8.87,0,1.70,-0.0927,-0.0646,17,0.771,0.961,74.81,1.25,12.712,0
phase1 acc_mag=9.170 gravity=9.844 motion=0.674 moving_avg=1.180 rms=1.754 mean_rms=1.850 max_rms=2.207 min_rms=1.583 std=0.207 var=0.043 state=standing thr=2.263/2.463/2.963
9.94,33.75,245.94,0.5141,-0.0781,-0.2908,0.8031,2.88,-5.51,6.42,14.06,-45.88,58.00,8.94,0,1.70,-0.0849,-0.0774,17,0.771,0.961,74.81,1.25,12.712,0
9.19,35.25,240.69,0.4800,-0.0787,-0.3018,0.8199,2.45,-5.77,7.21,-28.12,-4.44,50.44,9.55,0,1.70,-0.0838,-0.0839,17,0.771,0.961,74.81,1.25,12.712,0
7.44,36.75,237.31,0.4521,-0.0909,-0.3073,0.8325,1.64,-4.69,7.38,3.25,-2.81,33.31,8.90,0,1.70,-0.0858,-0.0859,17,0.771,0.961,74.81,1.25,12.712,0
phase1 acc_mag=9.528 gravity=9.531 motion=0.004 moving_avg=0.755 rms=1.072 mean_rms=1.798 max_rms=2.207 min_rms=1.072 std=0.259 var=0.067 state=standing thr=2.317/2.517/3.017
6.81,37.69,233.62,0.4263,-0.0888,-0.3151,0.8433,1.73,-5.91,7.27,-10.25,-30.75,44.81,9.53,0,1.70,-0.0837,-0.0911,17,0.771,0.961,74.81,1.25,12.712,0
6.31,38.56,227.44,0.3793,-0.0785,-0.3245,0.8630,2.70,-5.98,6.97,-0.56,-26.81,52.06,9.57,0,1.70,-0.0763,-0.1001,17,0.771,0.961,74.81,1.25,12.712,0
5.12,38.94,224.31,0.3524,-0.0822,-0.3256,0.8735,2.31,-5.20,7.08,1.69,-3.12,38.19,9.08,0,1.70,-0.0746,-0.1022,17,0.771,0.961,74.81,1.25,12.712,0
3.31,38.88,220.56,0.3271,-0.0865,-0.3226,0.8840,2.32,-5.16,7.40,9.38,9.25,37.19,9.31,0,1.70,-0.0728,-0.1028,17,0.771,0.961,74.81,1.25,12.712,0
phase1 acc_mag=9.453 gravity=9.579 motion=0.127 moving_avg=0.507 rms=0.783 mean_rms=1.545 max_rms=2.207 min_rms=0.783 std=0.379 var=0.144 state=standing thr=2.303/2.503/3.003
1.94,38.12,218.69,0.3124,-0.0888,-0.3126,0.8926,2.29,-5.51,7.44,20.31,4.19,29.12,9.54,0,1.70,-0.0708,-0.1005,17,0.771,0.961,74.81,1.25,12.712,0
2.25,35.94,217.94,0.3091,-0.0807,-0.2988,0.8993,3.66,-5.41,8.49,45.94,3.56,-10.12,10.71,0,1.70,-0.0660,-0.0975,17,0.771,0.961,74.81,1.25,12.712,0
2.50,33.44,219.56,0.3149,-0.0773,-0.2777,0.9043,2.21,-9.25,9.82,7.00,-16.56,119.12,13.67,0,1.70,-0.0629,-0.0907,17,0.771,0.961,74.81,1.25,12.712,0
0.62,34.81,217.06,0.3033,-0.0892,-0.2858,0.9047,-1.45,-9.98,8.87,-47.56,19.62,18.62,13.43,0,1.70,-0.0670,-0.0926,17,0.771,0.961,74.81,1.25,12.712,0
phase1 acc_mag=7.441 gravity=9.923 motion=2.481 moving_avg=0.875 rms=1.595 mean_rms=1.371 max_rms=1.757 min_rms=0.759 std=0.400 var=0.160 state=standing thr=2.171/2.371/2.871
0.38,33.44,220.06,0.3298,-0.0975,-0.2684,0.8998,0.92,-1.39,3.52,27.25,45.06,-9.19,3.89,0,1.70,-0.0705,-0.0837,18,0.788,0.434,33.00,0.55,13.501,0
-2.00,34.69,221.56,0.3391,-0.1230,-0.2721,0.8922,-1.56,-6.56,7.72,3.38,16.06,-19.81,10.25,0,1.70,-0.0808,-0.0804,18,0.788,0.434,33.00,0.55,13.501,0
-1.19,33.31,223.38,0.3575,-0.1159,-0.2620,0.8889,0.81,-4.46,8.66,8.75,8.69,-42.06,9.77,0,1.70,-0.0787,-0.0766,18,0.788,0.434,33.00,0.55,13.501,0
-1.94,34.44,226.56,0.3774,-0.1335,-0.2652,0.8771,-0.96,-6.18,6.51,-1.38,55.12,-22.19,9.03,0,1.70,-0.0869,-0.0729,18,0.788,0.434,33.00,0.55,13.501,0
phase1 acc_mag=8.774 gravity=9.661 motion=0.887 moving_avg=0.956 rms=1.828 mean_rms=1.413 max_rms=1.923 min_rms=0.759 std=0.439 var=0.193 state=standing thr=2.291/2.491/2.991
-3.69,35.19,230.56,0.4070,-0.1595,-0.2584,0.8615,-0.56,-5.65,6.78,-17.19,65.75,-54.56,8.84,0,1.70,-0.0970,-0.0631,18,0.788,0.434,33.00,0.55,13.501,0
-4.44,36.69,235.94,0.4507,-0.1863,-0.2581,0.8339,-1.20,-5.90,7.36,-13.38,52.19,-66.31,9.51,0,1.70,-0.1087,-0.0525,18,0.788,0.434,33.00,0.55,13.501,0
-4.75,38.50,240.88,0.4827,-0.2076,-0.2615,0.8096,-1.16,-6.78,7.61,-20.44,48.06,-56.12,10.26,0,1.70,-0.1177,-0.0446,18,0.788,0.434,33.00,0.55,13.501,0
-4.38,40.00,247.50,0.5218,-0.2235,-0.2610,0.7808,-1.01,-6.48,7.42,-6.06,45.75,-79.12,9.90,0,1.70,-0.1243,-0.0349,18,0.788,0.434,33.00,0.55,13.501,0
phase1 acc_mag=10.041 gravity=9.740 motion=0.301 moving_avg=0.881 rms=1.804 mean_rms=1.428 max_rms=1.923 min_rms=0.759 std=0.452 var=0.204 state=standing thr=2.332/2.532/3.032
-3.19,40.69,254.38,0.5665,-0.2341,-0.2587,0.7466,-0.39,-5.97,7.50,-4.31,53.38,-79.25,9.59,0,1.70,-0.1285,-0.0242,18,0.788,0.434,33.00,0.55,13.501,0
-2.75,41.69,260.44,0.6099,-0.2524,-0.2535,0.7072,-0.80,-6.70,7.11,-10.50,70.12,-86.69,9.80,0,1.70,-0.1332,-0.0101,18,0.788,0.434,33.00,0.55,13.501,0
-2.44,42.56,270.38,0.6612,-0.2737,-0.2392,0.6562,-1.69,-6.16,6.35,-0.25,90.12,-111.38,9.01,0,1.70,-0.1351,0.0096,18,0.788,0.434,33.00,0.55,13.501,0
-1.94,42.69,281.69,0.7322,-0.2950,-0.2128,0.5758,-2.33,-7.02,6.07,14.81,100.00,-161.38,9.57,0,1.70,-0.1303,0.0374,18,0.788,0.434,33.00,0.55,13.501,0
phase1 acc_mag=9.962 gravity=9.720 motion=0.243 moving_avg=0.910 rms=1.812 mean_rms=1.509 max_rms=1.923 min_rms=0.759 std=0.458 var=0.210 state=standing thr=2.425/2.625/3.125
3.50,40.44,296.81,0.8018,-0.2780,-0.2115,0.4849,0.11,-7.16,10.43,15.06,18.19,-112.56,12.65,0,1.70,-0.1218,0.0481,18,0.788,0.434,33.00,0.55,13.501,0
6.19,41.94,308.56,0.8401,-0.2960,-0.2070,0.4045,5.07,-4.45,5.47,-35.69,98.94,-98.75,8.68,0,1.70,-0.1175,0.0660,18,0.788,0.434,33.00,0.55,13.501,0
7.31,40.75,315.38,0.8693,-0.2900,-0.1932,0.3507,0.90,-4.85,4.85,48.81,18.75,-85.62,6.92,0,1.70,-0.1078,0.0737,19,0.768,0.767,59.94,1.00,14.269,0
phase1 acc_mag=8.942 gravity=9.827 motion=0.886 moving_avg=1.459 rms=2.348 mean_rms=1.786 max_rms=2.348 min_rms=0.767 std=0.372 var=0.138 state=standing thr=2.529/2.729/3.229
8.25,38.81,318.50,0.8799,-0.2812,-0.1886,0.3332,1.29,-6.12,6.39,1.38,17.88,-31.94,8.94,0,1.70,-0.1039,0.0739,19,0.768,0.767,59.94,1.00,14.269,0
10.31,40.06,322.94,0.8878,-0.2903,-0.1981,0.2971,4.90,-8.33,7.19,-14.50,19.12,-44.56,12.05,0,1.70,-0.1049,0.0796,19,0.768,0.767,59.94,1.00,14.269,0
10.56,38.44,327.25,0.9047,-0.2850,-0.1827,0.2588,3.06,-5.71,6.47,-2.81,57.75,-60.44,9.16,0,1.70,-0.0956,0.0842,19,0.768,0.767,59.94,1.00,14.269,0
9.75,38.25,334.31,0.9182,-0.2961,-0.1600,0.2091,1.58,-6.32,6.94,-11.56,66.12,-70.25,9.52,0,1.70,-0.0835,0.0954,19,0.768,0.767,59.94,1.00,14.269,0
phase1 acc_mag=9.422 gravity=9.789 motion=0.367 moving_avg=0.950 rms=1.589 mean_rms=1.960 max_rms=2.360 min_rms=1.589 std=0.209 var=0.044 state=standing thr=2.378/2.578/3.078
9.44,37.94,339.69,0.9279,-0.3016,-0.1429,0.1661,2.02,-5.85,6.69,-8.94,46.38,-54.12,9.11,0,1.70,-0.0731,0.1024,19,0.768,0.767,59.94,1.00,14.269,0
8.88,37.75,343.94,0.9344,-0.3062,-0.1259,0.1317,2.09,-5.67,6.96,-6.31,48.69,-40.31,9.22,0,1.70,-0.0632,0.1078,19,0.768,0.767,59.94,1.00,14.269,0
7.69,37.44,346.81,0.9395,-0.3087,-0.1044,0.1058,2.32,-5.59,6.80,4.62,39.88,-19.50,9.10,0,1.70,-0.0523,0.1116,19,0.768,0.767,59.94,1.00,14.269,0
5.88,36.19,348.12,0.9443,-0.3022,-0.0858,0.0980,2.56,-5.72,6.95,19.00,29.75,5.75,9.36,0,1.70,-0.0443,0.1108,19,0.768,0.767,59.94,1.00,14.269,0
phase1 acc_mag=9.636 gravity=9.691 motion=0.055 moving_avg=0.955 rms=1.587 mean_rms=1.900 max_rms=2.360 min_rms=1.583 std=0.257 var=0.066 state=standing thr=2.415/2.615/3.115
3.50,35.38,349.06,0.9480,-0.2991,-0.0610,0.0903,-0.91,-9.99,10.39,-27.50,78.19,3.69,14.44,0,1.70,-0.0339,0.1112,19,0.768,0.767,59.94,1.00,14.269,0
0.94,35.62,351.06,0.9498,-0.3040,-0.0284,0.0677,-2.61,-4.72,8.79,9.25,67.19,-53.81,10.31,0,1.70,-0.0190,0.1147,19,0.768,0.767,59.94,1.00,14.269,0
0.38,35.88,356.75,0.9509,-0.3079,-0.0125,0.0265,-1.21,-5.64,6.86,-11.06,19.88,-39.69,8.96,0,1.70,-0.0080,0.1170,19,0.768,0.767,59.94,1.00,14.269,0
0.06,35.56,359.31,0.9523,-0.3050,-0.0010,0.0036,-0.16,-5.66,6.72,6.75,25.94,-15.31,8.79,0,1.70,-0.0008,0.1162,19,0.768,0.767,59.94,1.00,14.269,0
phase1 acc_mag=8.430 gravity=9.802 motion=1.371 moving_avg=1.217 rms=1.819 mean_rms=1.892 max_rms=2.360 min_rms=1.583 std=0.262 var=0.068 state=standing thr=2.416/2.616/3.116
0.06,34.44,2.62,0.9540,-0.2986,0.0097,-0.0259,-0.22,-5.37,7.50,-11.75,40.50,-42.75,9.23,0,1.70,0.0068,0.1138,19,0.768,0.767,59.94,1.00,14.269,0
-1.38,34.62,6.06,0.9532,-0.2966,0.0289,-0.0508,-1.74,-4.77,7.99,11.06,19.00,-38.19,9.47,0,1.70,0.0170,0.1125,19,0.768,0.767,59.94,1.00,14.269,0
-2.06,34.75,6.50,0.9523,-0.2979,0.0377,-0.0537,-0.79,-5.66,8.43,-11.50,13.56,24.12,10.18,0,1.70,0.0207,0.1127,19,0.768,0.767,59.94,1.00,14.269,0
phase1 acc_mag=9.967 gravity=9.736 motion=0.231 moving_avg=1.129 rms=1.750 mean_rms=1.894 max_rms=2.360 min_rms=1.583 std=0.261 var=0.068 state=standing thr=2.416/2.616/3.116
-2.19,34.88,8.12,0.9514,-0.2975,0.0417,-0.0678,-1.14,-5.52,8.22,9.12,10.12,-36.88,9.97,0,1.70,0.0239,0.1121,19,0.768,0.767,59.94,1.00,14.269,0
-0.88,34.25,10.81,0.9512,-0.2928,0.0361,-0.0903,-0.91,-4.52,7.55,5.88,9.06,-33.62,8.85,0,1.70,0.0243,0.1101,19,0.768,0.767,59.94,1.00,14.269,0
-0.19,34.75,13.69,0.9470,-0.2974,0.0374,-0.1158,-0.63,-3.69,7.95,-13.12,4.69,-24.81,8.79,0,1.70,0.0280,0.1109,19,0.768,0.767,59.94,1.00,14.269,0
0.44,35.88,15.19,0.9429,-0.3060,0.0363,-0.1260,-0.27,-4.35,8.30,-12.25,-1.56,-12.94,9.37,0,1.70,0.0291,0.1136,19,0.768,0.767,59.94,1.00,14.269,0
phase1 acc_mag=10.120 gravity=9.658 motion=0.461 moving_avg=0.695 rms=1.060 mean_rms=1.699 max_rms=2.360 min_rms=1.060 std=0.304 var=0.093 state=standing thr=2.308/2.508/3.008
2.06,35.75,16.75,0.9413,-0.3068,0.0255,-0.1386,0.73,-6.11,8.75,10.38,-8.00,-53.88,10.70,0,1.70,0.0266,0.1141,19,0.768,0.767,59.94,1.00,14.269,0
2.69,36.62,17.56,0.9379,-0.3145,0.0231,-0.1449,-3.37,-11.61,10.86,-19.31,-35.94,23.88,16.25,0,1.70,0.0269,0.1167,19,0.768,0.767,59.94,1.00,14.269,0
5.69,37.12,18.19,0.9343,-0.3226,-0.0057,-0.1512,4.11,-3.29,2.98,-7.75,-41.75,-31.88,6.05,0,1.70,0.0174,0.1209,19,0.768,0.767,59.94,1.00,14.269,0
7.06,38.38,19.94,0.9285,-0.3331,-0.0078,-0.1637,-1.00,-7.53,7.27,-37.44,32.38,13.12,10.51,0,1.70,0.0189,0.1242,20,0.797,0.474,35.65,0.59,15.066,0
phase1 acc_mag=11.025 gravity=9.836 motion=1.189 moving_avg=1.171 rms=1.896 mean_rms=1.622 max_rms=1.896 min_rms=1.056 std=0.255 var=0.065 state=standing thr=2.133/2.333/2.833
5.75,38.69,18.38,0.9302,-0.3346,0.0001,-0.1509,-1.08,-6.55,7.58,-17.56,-36.75,9.38,10.08,0,1.70,0.0202,0.1245,20,0.797,0.474,35.65,0.59,15.066,0
7.56,39.50,16.75,0.9292,-0.3425,-0.0204,-0.1372,2.17,-6.64,5.47,17.69,-56.75,27.75,8.87,0,1.70,0.0112,0.1284,20,0.797,0.474,35.65,0.59,15.066,0
8.81,38.31,12.38,0.9374,-0.3311,-0.0490,-0.0959,0.83,-6.44,6.40,23.31,-54.12,51.25,9.12,0,1.70,-0.0057,0.1260,20,0.797,0.474,35.65,0.59,15.066,0
8.56,38.94,6.19,0.9390,-0.3347,-0.0612,-0.0512,0.98,-6.67,6.50,-5.62,-40.31,73.25,9.36,0,1.70,-0.0161,0.1269,20,0.797,0.474,35.65,0.59,15.066,0
phase1 acc_mag=9.850 gravity=9.759 motion=0.090 moving_avg=1.135 rms=1.808 mean_rms=1.687 max_rms=1.924 min_rms=1.056 std=0.279 var=0.078 state=standing thr=2.245/2.445/2.945
7.38,40.00,359.69,0.9379,-0.3398,-0.0693,0.0022,0.92,-7.15,6.92,-4.69,-47.50,83.31,9.99,0,1.70,-0.0263,0.1274,20,0.797,0.474,35.65,0.59,15.066,0
6.69,40.94,354.00,0.9335,-0.3443,-0.0826,0.0566,1.56,-6.68,6.82,-0.44,-56.00,77.00,9.67,0,1.70,-0.0386,0.1267,20,0.797,0.474,35.65,0.59,15.066,0
5.12,41.75,345.50,0.9261,-0.3464,-0.0923,0.1175,0.98,-6.57,6.60,0.56,-50.62,98.06,9.36,0,1.70,-0.0505,0.1240,20,0.797,0.474,35.65,0.59,15.066,0
3.44,42.75,337.25,0.9103,-0.3511,-0.1055,0.1921,1.18,-7.39,5.71,-9.56,-60.88,103.56,9.41,0,1.70,-0.0654,0.1197,20,0.797,0.474,35.65,0.59,15.066,0
phase1 acc_mag=9.795 gravity=9.741 motion=0.055 moving_avg=0.962 rms=1.696 mean_rms=1.670 max_rms=1.924 min_rms=1.056 std=0.274 var=0.075 state=standing thr=2.218/2.418/2.918
2.88,42.88,330.81,0.9005,-0.3467,-0.1183,0.2343,1.02,-6.87,5.68,11.38,-58.88,88.56,8.97,0,1.70,-0.0751,0.1138,20,0.797,0.474,35.65,0.59,15.066,0
-1.19,42.94,320.88,0.8724,-0.3518,-0.1086,0.3215,-3.42,-11.20,9.63,-24.38,-5.19,141.31,15.16,0,1.70,-0.0832,0.1088,20,0.797,0.474,35.65,0.59,15.066,0
-4.88,44.06,311.12,0.8400,-0.3586,-0.1152,0.3906,-2.14,-6.45,8.70,-20.69,-66.44,87.06,11.04,0,1.70,-0.0947,0.1025,20,0.797,0.474,35.65,0.59,15.066,0
-5.94,42.06,303.50,0.8214,-0.3412,-0.1201,0.4411,-3.42,-5.26,6.50,5.56,-49.38,89.94,9.03,0,1.70,-0.0997,0.0909,20,0.797,0.474,35.65,0.59,15.066,0
phase1 acc_mag=10.345 gravity=9.910 motion=0.434 moving_avg=1.346 rms=2.038 mean_rms=1.690 max_rms=2.038 min_rms=1.056 std=0.289 var=0.084 state=standing thr=2.269/2.469/2.969
-7.50,41.56,294.44,0.7847,-0.3345,-0.1319,0.5049,-1.64,-6.03,6.53,-4.44,-73.12,99.69,9.04,0,1.70,-0.1090,0.0784,20,0.797,0.474,35.65,0.59,15.066,0
-7.75,40.12,286.94,0.7483,-0.3137,-0.1459,0.5660,-0.56,-6.10,6.86,9.00,-82.31,96.19,9.20,0,1.70,-0.1147,0.0609,20,0.797,0.474,35.65,0.59,15.066,0
-8.44,38.94,281.00,0.7236,-0.3044,-0.1489,0.6013,-1.79,-6.12,8.56,8.19,-13.56,47.00,10.67,0,1.70,-0.1163,0.0523,20,0.797,0.474,35.65,0.59,15.066,0
-8.88,38.44,278.50,0.7137,-0.3007,-0.1507,0.6144,-1.86,-5.01,6.93,0.44,-25.56,20.06,8.75,0,1.70,-0.1169,0.0488,20,0.797,0.474,35.65,0.59,15.066,0
phase1 acc_mag=9.031 gravity=9.916 motion=0.885 moving_avg=1.320 rms=1.993 mean_rms=1.862 max_rms=2.045 min_rms=1.244 std=0.152 var=0.023 state=standing thr=2.166/2.366/2.866
-8.62,38.00,275.88,0.6985,-0.2925,-0.1576,0.6338,-1.87,-5.29,7.86,-4.25,-27.19,38.75,9.66,0,1.70,-0.1182,0.0418,20,0.797,0.474,35.65,0.59,15.066,0
-8.56,37.56,271.88,0.6789,-0.2844,-0.1652,0.6565,-2.33,-5.55,7.94,-1.69,-42.25,42.06,9.96,0,1.70,-0.1195,0.0339,20,0.797,0.474,35.65,0.59,15.066,0
-8.31,36.81,268.38,0.6597,-0.2735,-0.1713,0.6786,-1.85,-5.08,7.56,-1.38,-48.12,45.44,9.29,0,1.70,-0.1195,0.0257,20,0.797,0.474,35.65,0.59,15.066,0
phase1 acc_mag=9.638 gravity=9.720 motion=0.082 moving_avg=0.802 rms=1.253 mean_rms=1.789 max_rms=2.045 min_rms=1.253 std=0.240 var=0.057 state=standing thr=2.268/2.468/2.968
-7.50,36.19,263.56,0.6323,-0.2573,-0.1841,0.7072,-1.82,-5.12,7.96,-4.88,-57.25,40.50,9.64,0,1.70,-0.1193,0.0130,20,0.797,0.474,35.65,0.59,15.066,0
-4.88,35.50,259.06,0.6057,-0.2282,-0.2061,0.7339,-0.98,-4.63,8.19,2.00,-51.31,27.56,9.46,0,1.70,-0.1169,-0.0052,20,0.797,0.474,35.65,0.59,15.066,0
-3.44,34.94,256.69,0.5911,-0.2084,-0.2164,0.7486,-0.61,-4.58,8.33,11.75,-33.19,3.88,9.53,0,1.70,-0.1136,-0.0155,20,0.797,0.474,35.65,0.59,15.066,0
-1.69,33.19,256.75,0.5948,-0.1896,-0.2144,0.7512,-1.56,-6.46,8.08,38.12,-3.44,-11.12,10.46,0,1.70,-0.1080,-0.0193,20,0.797,0.474,35.65,0.59,15.066,0
phase1 acc_mag=13.482 gravity=9.837 motion=3.646 moving_avg=0.828 rms=1.355 mean_rms=1.660 max_rms=2.045 min_rms=1.218 std=0.315 var=0.099 state=standing thr=2.289/2.489/2.989
0.62,32.69,254.75,0.5826,-0.1659,-0.2274,0.7624,2.13,-8.07,9.58,22.94,-84.50,42.00,12.71,0,1.70,-0.1036,-0.0307,20,0.797,0.474,35.65,0.59,15.066,0
2.44,31.69,252.00,0.5654,-0.1426,-0.2342,0.7779,3.74,-6.09,5.83,1.25,-40.31,-0.12,9.22,0,1.70,-0.0974,-0.0406,20,0.797,0.474,35.65,0.59,15.066,0
4.50,31.44,251.69,0.5619,-0.1237,-0.2445,0.7805,0.56,-6.90,7.11,0.44,-27.19,12.00,9.92,0,1.70,-0.0936,-0.0485,20,0.797,0.474,35.65,0.59,15.066,0
5.69,31.88,249.75,0.5494,-0.1140,-0.2540,0.7878,1.56,-5.40,7.23,-12.25,-38.38,21.19,9.16,0,1.70,-0.0918,-0.0550,20,0.797,0.474,35.65,0.59,15.066,0
phase1 acc_mag=8.957 gravity=9.922 motion=0.965 moving_avg=0.986 rms=1.470 mean_rms=1.607 max_rms=2.045 min_rms=1.218 std=0.323 var=0.104 state=standing thr=2.253/2.453/2.953
7.31,32.19,247.31,0.5287,-0.0937,-0.2657,0.8007,2.67,-6.11,6.50,35.00,-35.56,19.75,9.31,0,1.70,-0.0862,-0.0653,20,0.797,0.000,0.00,0.00,15.066,0
8.50,31.06,246.19,0.5251,-0.0806,-0.2648,0.8047,1.19,-5.92,7.63,-10.19,-14.88,-8.25,9.73,0,1.70,-0.0816,-0.0683,21,0.729,0.000,0.00,0.00,15.795,0
8.12,32.56,245.31,0.5168,-0.0882,-0.2744,0.8061,2.45,-5.22,7.20,-21.62,6.88,16.88,9.22,0,1.70,-0.0852,-0.0702,21,0.729,0.000,0.00,0.00,15.795,0
7.12,33.25,243.69,0.5049,-0.0949,-0.2761,0.8123,1.10,-5.49,7.49,-7.88,-2.50,23.44,9.35,0,1.70,-0.0866,-0.0706,21,0.729,0.000,0.00,0.00,15.795,0
phase1 acc_mag=9.241 gravity=9.583 motion=0.341 moving_avg=0.728 rms=1.070 mean_rms=1.462 max_rms=2.045 min_rms=1.070 std=0.307 var=0.094 state=standing thr=2.075/2.275/2.775
6.81,33.69,240.44,0.4812,-0.0916,-0.2806,0.8254,2.49,-5.16,8.08,2.00,-22.94,45.62,9.91,0,1.70,-0.0842,-0.0750,21,0.729,0.000,0.00,0.00,15.795,0
5.81,34.19,236.31,0.4506,-0.0915,-0.2833,0.8416,2.45,-6.13,7.49,-2.50,-9.94,38.38,9.98,0,1.70,-0.0819,-0.0789,21,0.729,0.000,0.00,0.00,15.795,0
3.81,33.81,233.06,0.4273,-0.0983,-0.2757,0.8554,1.45,-4.99,7.44,15.62,10.31,54.19,9.08,0,1.70,-0.0807,-0.0775,21,0.729,0.000,0.00,0.00,15.795,0
phase1 acc_mag=9.472 gravity=9.565 motion=0.093 moving_avg=0.675 rms=1.038 mean_rms=1.262 max_rms=1.577 min_rms=1.037 std=0.159 var=0.025 state=standing thr=1.580/1.780/2.280
2.44,32.31,230.19,0.4077,-0.0980,-0.2614,0.8694,2.30,-4.43,8.05,26.31,-14.25,32.38,9.47,0,1.70,-0.0767,-0.0749,21,0.729,0.000,0.00,0.00,15.795,0
2.50,30.12,228.94,0.4043,-0.0845,-0.2426,0.8778,2.17,-5.10,7.49,41.75,0.00,-25.12,9.32,0,1.70,-0.0689,-0.0715,21,0.729,0.000,0.00,0.00,15.795,0
3.50,27.62,229.56,0.4072,-0.0726,-0.2305,0.8808,2.62,-6.04,12.32,-14.19,14.19,0.12,13.97,0,1.70,-0.0631,-0.0694,21,0.729,0.000,0.00,0.00,15.795,0
2.69,28.38,231.50,0.4211,-0.0845,-0.2316,0.8729,-0.80,-6.50,7.26,-5.50,9.25,-33.62,9.78,0,1.70,-0.0685,-0.0666,21,0.729,0.000,0.00,0.00,15.795,0
phase1 acc_mag=6.393 gravity=9.749 motion=3.356 moving_avg=1.048 rms=1.578 mean_rms=1.245 max_rms=1.578 min_rms=1.037 std=0.173 var=0.030 state=standing thr=1.590/1.790/2.290
1.94,28.00,231.50,0.4214,-0.0928,-0.2245,0.8737,2.48,-2.79,5.19,-4.56,39.31,10.88,6.39,0,1.70,-0.0703,-0.0628,22,0.743,1.019,82.30,1.37,16.538,1
-1.12,29.88,230.88,0.4152,-0.1206,-0.2286,0.8723,-1.27,-5.49,7.10,-3.25,7.19,6.19,9.06,0,1.70,-0.0800,-0.0597,22,0.743,1.019,82.30,1.37,16.538,0
-2.06,30.06,230.56,0.4125,-0.1279,-0.2265,0.8730,0.14,-5.72,8.60,-18.19,25.94,-6.00,10.33,0,1.70,-0.0820,-0.0580,22,0.743,1.019,82.30,1.37,16.538,0
-3.38,31.25,233.12,0.4307,-0.1481,-0.2267,0.8609,-0.35,-5.97,8.15,8.38,39.38,-37.19,10.11,0,1.70,-0.0901,-0.0525,22,0.743,1.019,82.30,1.37,16.538,0
phase1 acc_mag=9.235 gravity=9.736 motion=0.501 moving_avg=0.976 rms=1.462 mean_rms=1.306 max_rms=1.594 min_rms=1.037 std=0.214 var=0.046 state=standing thr=1.735/1.935/2.435
-4.69,31.31,237.19,0.4650,-0.1690,-0.2149,0.8420,-0.61,-5.31,6.55,-2.44,44.69,-47.25,8.45,0,1.70,-0.0969,-0.0409,22,0.743,1.019,82.30,1.37,16.538,0
-5.44,31.69,241.19,0.4892,-0.1813,-0.2094,0.8270,-1.31,-6.22,8.23,-2.44,32.12,-33.06,10.40,0,1.70,-0.1009,-0.0338,22,0.743,1.019,82.30,1.37,16.538,0
-5.44,32.25,244.31,0.5108,-0.1896,-0.2078,0.8124,-1.28,-6.53,7.43,-5.12,22.56,-41.56,9.97,0,1.70,-0.1041,-0.0288,22,0.743,1.019,82.30,1.37,16.538,0
-5.69,33.06,247.69,0.5334,-0.2014,-0.2064,0.7952,-1.36,-5.72,7.41,-13.00,37.81,-33.50,9.46,0,1.70,-0.1081,-0.0227,22,0.743,1.019,82.30,1.37,16.538,0
phase1 acc_mag=9.773 gravity=9.721 motion=0.052 moving_avg=0.849 rms=1.382 mean_rms=1.296 max_rms=1.594 min_rms=1.037 std=0.208 var=0.043 state=standing thr=1.712/1.912/2.412
-6.38,34.12,250.50,0.5509,-0.2166,-0.2049,0.7795,-1.09,-5.70,7.46,-4.19,25.81,-45.44,9.45,0,1.70,-0.1127,-0.0162,22,0.743,1.019,82.30,1.37,16.538,0
-5.25,34.00,254.19,0.5796,-0.2137,-0.2033,0.7596,-0.45,-5.50,7.80,10.75,9.56,-45.12,9.55,0,1.70,-0.1121,-0.0122,22,0.743,1.019,82.30,1.37,16.538,0
-3.69,33.00,258.12,0.6042,-0.2053,-0.1992,0.7438,-0.44,-5.96,8.52,18.88,6.44,-53.25,10.41,0,1.70,-0.1092,-0.0097,22,0.743,1.019,82.30,1.37,16.538,0
-3.00,31.69,262.50,0.6388,-0.2017,-0.1851,0.7190,-1.01,-5.36,7.13,16.69,45.06,-65.25,8.98,0,1.70,-0.1053,-0.0017,22,0.743,1.019,82.30,1.37,16.538,0
phase1 acc_mag=9.047 gravity=9.858 motion=0.812 moving_avg=0.783 rms=1.302 mean_rms=1.320 max_rms=1.594 min_rms=1.037 std=0.192 var=0.037 state=standing thr=1.703/1.903/2.403
-2.69,31.25,265.25,0.6520,-0.2005,-0.1817,0.7083,0.25,-5.82,8.50,0.88,-18.25,-10.50,10.30,0,1.70,-0.1042,0.0008,22,0.743,1.019,82.30,1.37,16.538,0
-1.25,30.75,265.25,0.6529,-0.1869,-0.1871,0.7098,0.23,-4.75,7.03,11.50,-7.31,1.75,8.49,0,1.70,-0.1019,-0.0043,22,0.743,1.019,82.30,1.37,16.538,0
-0.94,30.38,264.69,0.6501,-0.1835,-0.1879,0.7130,0.16,-4.84,8.06,-2.00,-13.69,5.88,9.40,0,1.70,-0.1012,-0.0059,22,0.743,1.019,82.30,1.37,16.538,0
phase1 acc_mag=9.645 gravity=9.839 motion=0.194 moving_avg=0.792 rms=1.308 mean_rms=1.373 max_rms=1.594 min_rms=1.040 std=0.136 var=0.019 state=standing thr=1.646/1.846/2.346
-0.88,30.94,263.94,0.6443,-0.1859,-0.1928,0.7163,0.03,-5.22,8.11,-8.69,8.69,5.06,9.64,0,1.70,-0.1029,-0.0073,22,0.743,1.019,82.30,1.37,16.538,0
-1.62,32.25,262.88,0.6358,-0.1955,-0.1983,0.7198,-0.13,-5.63,7.99,-7.19,-5.06,12.31,9.78,0,1.70,-0.1067,-0.0074,22,0.743,1.019,82.30,1.37,16.538,0
-1.50,32.81,261.62,0.6271,-0.1953,-0.2045,0.7258,0.18,-5.25,7.84,-7.81,-17.44,16.88,9.44,0,1.70,-0.1080,-0.0104,22,0.743,1.019,82.30,1.37,16.538,0
-1.25,32.44,260.06,0.6168,-0.1882,-0.2062,0.7360,0.19,-5.65,7.96,0.81,-15.00,14.81,9.76,0,1.70,-0.1063,-0.0143,22,0.743,1.019,82.30,1.37,16.538,0
phase1 acc_mag=9.620 gravity=9.673 motion=0.053 moving_avg=0.421 rms=0.548 mean_rms=1.304 max_rms=1.594 min_rms=0.548 std=0.229 var=0.052 state=standing thr=1.762/1.962/2.462
-0.88,31.62,259.31,0.6141,-0.1807,-0.2047,0.7405,0.45,-4.93,8.06,10.50,-12.56,6.75,9.46,0,1.70,-0.1038,-0.0162,22,0.743,1.019,82.30,1.37,16.538,0
-0.75,31.56,258.44,0.6077,-0.1776,-0.2062,0.7461,0.16,-5.60,8.14,-0.88,-2.62,13.44,9.88,0,1.70,-0.1031,-0.0184,22,0.743,1.019,82.30,1.37,16.538,0
-0.88,31.69,257.75,0.6037,-0.1781,-0.2075,0.7488,0.05,-5.19,7.81,0.56,-1.94,0.06,9.38,0,1.70,-0.1034,-0.0191,22,0.743,1.019,82.30,1.37,16.538,0
-1.00,31.94,257.56,0.6017,-0.1804,-0.2087,0.7496,0.09,-5.31,7.92,-4.88,5.81,9.81,9.54,0,1.70,-0.1043,-0.0192,22,0.743,1.019,82.30,1.37,16.538,0
phase1 acc_mag=9.658 gravity=9.629 motion=0.029 moving_avg=0.310 rms=0.414 mean_rms=1.086 max_rms=1.423 min_rms=0.414 std=0.357 var=0.127 state=standing thr=1.799/1.999/2.499
-1.31,32.38,257.06,0.5984,-0.1833,-0.2108,0.7509,0.14,-5.89,8.43,-3.56,-3.44,4.31,10.28,0,1.70,-0.1055,-0.0194,22,0.743,1.019,82.30,1.37,16.538,0
-1.25,32.44,256.81,0.5963,-0.1826,-0.2123,0.7523,0.09,-5.53,7.83,0.62,2.12,-2.50,9.59,0,1.70,-0.1056,-0.0203,22,0.743,1.019,82.30,1.37,16.538,0
-1.19,32.56,256.94,0.5971,-0.1834,-0.2129,0.7513,-0.02,-5.81,8.00,-0.31,3.00,-2.62,9.89,0,1.70,-0.1060,-0.0202,22,0.743,1.019,82.30,1.37,16.538,0
-1.19,32.50,257.00,0.5976,-0.1833,-0.2122,0.7512,0.05,-5.21,7.97,2.69,1.00,0.94,9.52,0,1.70,-0.1058,-0.0200,22,0.743,1.019,82.30,1.37,16.538,0
phase1 acc_mag=9.636 gravity=9.602 motion=0.034 moving_avg=0.296 rms=0.406 mean_rms=0.881 max_rms=1.310 min_rms=0.406 std=0.401 var=0.161 state=standing thr=1.683/1.883/2.383
-1.00,32.44,257.06,0.5981,-0.1813,-0.2128,0.7510,0.14,-4.87,7.70,3.50,-0.81,-3.50,9.11,0,1.70,-0.1054,-0.0205,22,0.743,1.019,82.30,1.37,16.538,0
-0.94,32.31,256.94,0.5974,-0.1801,-0.2129,0.7519,0.01,-5.48,7.82,2.00,-1.00,0.69,9.55,0,1.70,-0.1050,-0.0210,22,0.743,0.000,0.00,0.00,16.538,0
-1.00,32.31,256.81,0.5967,-0.1805,-0.2126,0.7524,0.16,-5.73,8.24,-2.44,3.50,0.19,10.04,0,1.70,-0.1051,-0.0209,22,0.743,0.000,0.00,0.00,16.538,0
-1.19,32.06,256.94,0.5983,-0.1805,-0.2086,0.7523,-0.10,-5.39,8.36,6.75,3.81,2.44,9.95,0,1.70,-0.1042,-0.0196,22,0.743,0.000,0.00,0.00,16.538,0
phase1 acc_mag=10.056 gravity=9.574 motion=0.482 moving_avg=0.263 rms=0.367 mean_rms=0.691 max_rms=1.310 min_rms=0.364 std=0.373 var=0.139 state=standing thr=1.436/1.636/2.136
-0.69,31.38,257.50,0.6027,-0.1746,-0.2072,0.7506,-0.37,-5.11,7.98,10.06,-12.19,-18.81,9.48,0,1.70,-0.1023,-0.0201,22,0.743,0.000,0.00,0.00,16.538,0
0.50,31.00,257.88,0.6063,-0.1637,-0.2117,0.7488,0.49,-5.27,8.43,0.69,-9.81,-13.31,9.95,0,1.70,-0.1004,-0.0237,22,0.743,0.000,0.00,0.00,16.538,0
1.56,30.81,259.25,0.6148,-0.1585,-0.2136,0.7424,0.86,-5.18,8.10,5.12,2.31,-26.06,9.65,0,1.70,-0.0996,-0.0245,22,0.743,0.000,0.00,0.00,16.538,0
1.81,30.62,261.31,0.6297,-0.1599,-0.2110,0.7303,0.05,-4.60,8.16,0.06,13.25,-24.06,9.37,0,1.70,-0.0998,-0.0214,22,0.743,0.000,0.00,0.00,16.538,0
phase1 acc_mag=9.444 gravity=9.631 motion=0.186 moving_avg=0.196 rms=0.277 mean_rms=0.479 max_rms=1.307 min_rms=0.277 std=0.215 var=0.046 state=standing thr=0.910/1.110/1.610
1.69,30.69,262.31,0.6346,-0.1625,-0.2095,0.7259,0.28,-5.36,8.53,-6.31,7.38,-24.81,10.08,0,1.70,-0.1004,-0.0196,22,0.743,0.000,0.00,0.00,16.538,0
2.00,30.88,263.94,0.6447,-0.1647,-0.2103,0.7162,0.48,-5.15,8.00,1.06,5.50,-5.81,9.53,0,1.70,-0.1014,-0.0178,22,0.743,0.000,0.00,0.00,16.538,0
2.06,30.75,264.81,0.6501,-0.1652,-0.2087,0.7117,0.22,-4.58,8.36,0.31,4.69,-7.88,9.53,0,1.70,-0.1013,-0.0164,22,0.743,0.000,0.00,0.00,16.538,0
phase1 acc_mag=9.746 gravity=9.665 motion=0.081 moving_avg=0.178 rms=0.240 mean_rms=0.364 max_rms=0.544 min_rms=0.239 std=0.083 var=0.007 state=standing thr=0.530/0.730/1.230
1.75,30.94,264.69,0.6497,-0.1680,-0.2078,0.7116,0.25,-5.23,8.22,0.75,2.44,-4.75,9.75,0,1.70,-0.1018,-0.0155,22,0.743,0.000,0.00,0.00,16.538,0
1.88,31.00,265.00,0.6511,-0.1682,-0.2086,0.7101,0.66,-5.58,8.17,-4.81,0.44,0.19,9.92,0,1.70,-0.1021,-0.0155,22,0.743,0.000,0.00,0.00,16.538,0
1.94,31.00,265.44,0.6537,-0.1683,-0.2083,0.7078,0.31,-5.12,8.24,0.19,2.12,-8.62,9.71,0,1.70,-0.1021,-0.0150,22,0.743,0.000,0.00,0.00,16.538,0
2.00,31.19,265.69,0.6548,-0.1697,-0.2098,0.7060,0.35,-5.24,8.25,-4.06,1.38,-0.38,9.78,0,1.70,-0.1029,-0.0148,22,0.743,0.000,0.00,0.00,16.538,0
phase1 acc_mag=9.636 gravity=9.696 motion=0.060 moving_avg=0.159 rms=0.203 mean_rms=0.316 max_rms=0.420 min_rms=0.203 std=0.071 var=0.005 state=standing thr=0.457/0.657/1.157
2.00,31.31,265.75,0.6554,-0.1704,-0.2100,0.7052,0.43,-4.96,8.14,-1.62,3.00,-1.12,9.54,0,1.70,-0.1031,-0.0146,22,0.743,0.000,0.00,0.00,16.538,0
1.69,31.50,265.81,0.6550,-0.1743,-0.2093,0.7048,0.43,-5.14,8.15,-2.25,5.62,2.44,9.65,0,1.70,-0.1040,-0.0133,22,0.743,0.000,0.00,0.00,16.538,0
1.19,31.62,265.69,0.6542,-0.1776,-0.2073,0.7053,0.22,-5.09,8.20,0.38,3.31,-1.38,9.65,0,1.70,-0.1043,-0.0120,22,0.743,0.000,0.00,0.00,16.538,0
1.06,31.62,265.81,0.6545,-0.1789,-0.2067,0.7048,0.08,-4.95,8.14,-1.12,2.19,1.50,9.53,0,1.70,-0.1046,-0.0114,22,0.743,0.000,0.00,0.00,16.538,0
phase1 acc_mag=9.581 gravity=9.722 motion=0.141 moving_avg=0.152 rms=0.194 mean_rms=0.274 max_rms=0.406 min_rms=0.194 std=0.065 var=0.004 state=standing thr=0.403/0.603/1.103
0.31,32.06,264.50,0.6463,-0.1834,-0.2065,0.7114,0.11,-5.08,8.14,-5.25,2.50,21.62,9.60,0,1.70,-0.1056,-0.0113,22,0.743,0.000,0.00,0.00,16.538,0
0.00,32.25,264.56,0.6470,-0.1876,-0.2047,0.7101,-0.05,-5.29,8.20,1.50,7.62,-4.81,9.76,0,1.70,-0.1063,-0.0096,22,0.743,0.000,0.00,0.00,16.538,0
-0.25,32.31,264.94,0.6485,-0.1900,-0.2039,0.7083,-0.06,-5.21,8.09,-2.19,5.81,-4.44,9.62,0,1.70,-0.1067,-0.0085,22,0.743,0.000,0.00,0.00,16.538,0
-0.38,32.50,265.31,0.6508,-0.1926,-0.2037,0.7056,0.00,-5.71,8.17,-2.12,3.75,-4.56,9.97,0,1.70,-0.1074,-0.0074,22,0.743,0.000,0.00,0.00,16.538,0
phase1 acc_mag=9.774 gravity=9.741 motion=0.033 moving_avg=0.132 rms=0.166 mean_rms=0.230 max_rms=0.308 min_rms=0.165 std=0.041 var=0.002 state=standing thr=0.311/0.511/1.011
-0.50,32.50,265.94,0.6545,-0.1945,-0.2020,0.7021,-0.22,-4.92,8.13,1.25,7.00,-2.56,9.51,0,1.70,-0.1075,-0.0058,22,0.743,0.000,0.00,0.00,16.538,0
-0.75,32.81,265.88,0.6536,-0.1981,-0.2027,0.7017,0.13,-5.56,8.21,-8.69,1.00,3.62,9.92,0,1.70,-0.1086,-0.0051,22,0.743,0.000,0.00,0.00,16.538,0
-0.81,33.19,266.00,0.6536,-0.2011,-0.2037,0.7006,-0.19,-5.40,8.19,-2.19,2.88,-0.44,9.81,0,1.70,-0.1096,-0.0045,22,0.743,0.000,0.00,0.00,16.538,0
-1.12,33.44,265.62,0.6509,-0.2032,-0.2041,0.7024,-0.27,-5.24,8.08,-4.50,-2.19,14.50,9.63,0,1.70,-0.1102,-0.0044,22,0.743,0.000,0.00,0.00,16.538,0
phase1 acc_mag=9.830 gravity=9.747 motion=0.083 moving_avg=0.111 rms=0.138 mean_rms=0.202 max_rms=0.284 min_rms=0.138 std=0.037 var=0.001 state=standing thr=0.275/0.475/0.975
-1.50,33.75,264.81,0.6461,-0.2060,-0.2050,0.7058,-0.27,-5.92,8.22,-4.75,2.38,-0.06,10.13,0,1.70,-0.1111,-0.0046,22,0.743,0.000,0.00,0.00,16.538,0
-1.25,33.44,265.50,0.6503,-0.2039,-0.2036,0.7030,-0.24,-5.51,8.12,2.69,-0.94,-3.06,9.82,0,1.70,-0.1103,-0.0042,22,0.743,0.000,0.00,0.00,16.538,0
-1.00,33.31,265.88,0.6536,-0.2023,-0.2031,0.7005,-0.04,-5.44,8.11,2.81,4.75,-10.62,9.77,0,1.70,-0.1098,-0.0040,22,0.743,0.000,0.00,0.00,16.538,0
-0.88,33.19,266.31,0.6556,-0.2018,-0.2029,0.6987,-0.20,-5.30,8.15,1.31,-3.31,-0.50,9.72,0,1.70,-0.1096,-0.0038,22,0.743,0.000,0.00,0.00,16.538,0
phase1 acc_mag=9.891 gravity=9.761 motion=0.131 moving_avg=0.101 rms=0.128 mean_rms=0.177 max_rms=0.241 min_rms=0.128 std=0.035 var=0.001 state=standing thr=0.246/0.446/0.946
-0.81,33.31,266.25,0.6552,-0.2021,-0.2039,0.6988,-0.12,-5.81,8.15,-3.06,3.06,0.75,10.01,0,1.70,-0.1099,-0.0040,22,0.743,0.000,0.00,0.00,16.538,0
-0.94,33.31,266.44,0.6561,-0.2026,-0.2031,0.6981,-0.18,-5.16,8.14,1.19,1.12,-1.00,9.64,0,1.70,-0.1099,-0.0035,22,0.743,0.000,0.00,0.00,16.538,0
-1.06,33.56,266.12,0.6531,-0.2051,-0.2047,0.6996,-0.22,-5.48,8.12,-7.38,-0.25,9.81,9.80,0,1.70,-0.1109,-0.0037,22,0.743,0.000,0.00,0.00,16.538,0
-1.25,33.88,265.69,0.6508,-0.2072,-0.2057,0.7009,-0.27,-5.47,8.08,-0.69,0.25,-2.50,9.76,0,1.70,-0.1116,-0.0037,22,0.743,0.000,0.00,0.00,16.538,0
phase1 acc_mag=9.783 gravity=9.766 motion=0.017 moving_avg=0.104 rms=0.136 mean_rms=0.158 max_rms=0.200 min_rms=0.126 std=0.027 var=0.001 state=standing thr=0.212/0.412/0.912
-1.31,34.00,265.62,0.6495,-0.2078,-0.2061,0.7017,-0.23,-5.38,8.07,-0.75,-0.81,4.75,9.70,0,1.70,-0.1119,-0.0038,22,0.743,0.000,0.00,0.00,16.538,0
-1.38,34.06,265.44,0.6487,-0.2083,-0.2063,0.7023,-0.22,-5.40,8.09,-0.25,-1.06,2.12,9.73,0,1.70,-0.1121,-0.0039,22,0.743,0.000,0.00,0.00,16.538,0
-1.50,34.12,265.19,0.6472,-0.2089,-0.2067,0.7034,0.00,-5.82,8.10,-3.44,0.50,5.25,9.97,0,1.70,-0.1123,-0.0041,22,0.743,0.000,0.00,0.00,16.538,0
-1.56,34.25,265.25,0.6468,-0.2107,-0.2067,0.7032,-0.28,-5.61,8.07,-2.81,0.75,6.31,9.83,0,1.70,-0.1127,-0.0036,22,0.743,0.000,0.00,0.00,16.538,0
phase1 acc_mag=9.654 gravity=9.765 motion=0.111 moving_avg=0.092 rms=0.124 mean_rms=0.143 max_rms=0.193 min_rms=0.124 std=0.018 var=0.000 state=standing thr=0.180/0.380/0.880
-1.81,34.38,264.94,0.6453,-0.2122,-0.2064,0.7043,-0.23,-5.58,8.06,-3.69,1.00,6.50,9.81,0,1.70,-0.1130,-0.0034,22,0.743,0.000,0.00,0.00,16.538,0
-1.94,34.38,264.75,0.6438,-0.2126,-0.2065,0.7054,-0.25,-5.44,8.07,1.12,-0.19,1.50,9.74,0,1.70,-0.1132,-0.0035,22,0.743,0.000,0.00,0.00,16.538,0
-1.88,34.38,264.88,0.6446,-0.2123,-0.2066,0.7048,-0.24,-5.65,8.08,2.19,-1.12,-2.81,9.86,0,1.70,-0.1131,-0.0035,22,0.743,0.000,0.00,0.00,16.538,0
-1.75,34.25,265.12,0.6464,-0.2113,-0.2062,0.7036,-0.20,-5.63,8.07,0.75,1.81,-2.94,9.84,0,1.70,-0.1128,-0.0034,22,0.743,0.000,0.00,0.00,16.538,0
phase1 acc_mag=9.682 gravity=9.775 motion=0.094 moving_avg=0.084 rms=0.111 mean_rms=0.132 max_rms=0.162 min_rms=0.110 std=0.011 var=0.000 state=standing thr=0.153/0.353/0.853
-1.69,34.31,265.19,0.6466,-0.2113,-0.2064,0.7033,-0.19,-5.68,8.11,-1.31,-2.06,2.38,9.90,0,1.70,-0.1128,-0.0034,22,0.743,0.000,0.00,0.00,16.538,0
-1.62,34.25,265.31,0.6476,-0.2106,-0.2066,0.7025,-0.16,-5.55,8.05,0.44,0.06,-1.88,9.78,0,1.70,-0.1127,-0.0035,22,0.743,0.000,0.00,0.00,16.538,0
-1.62,34.25,265.31,0.6473,-0.2109,-0.2066,0.7028,-0.25,-5.64,8.07,-3.38,-0.50,5.38,9.85,0,1.70,-0.1128,-0.0035,22,0.743,0.000,0.00,0.00,16.538,0
-1.75,34.44,265.06,0.6458,-0.2120,-0.2073,0.7036,-0.13,-5.72,8.02,-1.38,-0.75,1.88,9.85,0,1.70,-0.1132,-0.0036,22,0.743,0.000,0.00,0.00,16.538,0
phase1 acc_mag=9.622 gravity=9.783 motion=0.162 moving_avg=0.078 rms=0.103 mean_rms=0.123 max_rms=0.137 min_rms=0.102 std=0.010 var=0.000 state=standing thr=0.143/0.350/0.850
-1.75,34.44,264.94,0.6452,-0.2119,-0.2073,0.7042,-0.21,-5.34,8.11,0.38,-0.44,2.44,9.71,0,1.70,-0.1132,-0.0037,22,0.743,0.000,0.00,0.00,16.538,0
-1.88,34.50,264.62,0.6431,-0.2128,-0.2073,0.7058,-0.25,-5.65,8.05,-2.75,-0.12,6.69,9.84,0,1.70,-0.1134,-0.0038,22,0.743,0.000,0.00,0.00,16.538,0
-2.12,34.62,264.31,0.6407,-0.2144,-0.2072,0.7075,-0.28,-5.85,8.05,0.38,1.56,-1.06,9.96,0,1.70,-0.1138,-0.0037,22,0.743,0.000,0.00,0.00,16.538,0
phase1 acc_mag=9.858 gravity=9.790 motion=0.067 moving_avg=0.082 rms=0.107 mean_rms=0.119 max_rms=0.137 min_rms=0.102 std=0.011 var=0.000 state=standing thr=0.141/0.350/0.850
-2.12,34.50,264.44,0.6417,-0.2139,-0.2066,0.7070,-0.25,-5.67,8.06,-0.94,-0.06,-1.00,9.86,0,1.70,-0.1135,-0.0035,22,0.743,0.000,0.00,0.00,16.538,0
-1.94,34.38,264.50,0.6424,-0.2123,-0.2068,0.7067,-0.27,-5.40,7.97,0.12,-0.94,-2.75,9.63,0,1.70,-0.1131,-0.0039,22,0.743,0.000,0.00,0.00,16.538,0
-1.81,34.31,264.69,0.6438,-0.2114,-0.2066,0.7057,-0.24,-5.56,8.07,1.25,1.06,-2.88,9.80,0,1.70,-0.1129,-0.0039,22,0.743,0.000,0.00,0.00,16.538,0
-1.81,34.25,264.75,0.6443,-0.2111,-0.2063,0.7055,-0.28,-5.52,8.06,0.31,0.44,-0.75,9.77,0,1.70,-0.1127,-0.0038,22,0.743,0.000,0.00,0.00,16.538,0
phase1 acc_mag=9.729 gravity=9.793 motion=0.064 moving_avg=0.075 rms=0.094 mean_rms=0.113 max_rms=0.134 min_rms=0.094 std=0.011 var=0.000 state=standing thr=0.134/0.350/0.850
-1.75,34.31,264.69,0.6436,-0.2110,-0.2068,0.7060,-0.23,-5.50,8.04,-1.69,-1.44,1.00,9.74,0,1.70,-0.1128,-0.0041,22,0.743,0.000,0.00,0.00,16.538,0
-1.81,34.38,264.69,0.6437,-0.2117,-0.2070,0.7056,-0.22,-5.56,8.05,0.12,1.44,-0.50,9.79,0,1.70,-0.1131,-0.0039,22,0.743,0.000,0.00,0.00,16.538,0
-1.88,34.38,264.81,0.6443,-0.2122,-0.2064,0.7052,-0.36,-5.48,8.06,0.00,1.06,-0.31,9.75,0,1.70,-0.1130,-0.0035,22,0.743,0.000,0.00,0.00,16.538,0
-1.94,34.44,264.81,0.6443,-0.2131,-0.2065,0.7048,-0.29,-5.51,8.01,-1.31,1.81,-0.19,9.73,0,1.70,-0.1133,-0.0033,22,0.743,0.000,0.00,0.00,16.538,0
phase1 acc_mag=9.793 gravity=9.793 motion=0.001 moving_avg=0.069 rms=0.089 mean_rms=0.105 max_rms=0.125 min_rms=0.089 std=0.009 var=0.000 state=standing thr=0.124/0.350/0.850
-2.06,34.56,264.75,0.6434,-0.2141,-0.2067,0.7053,-0.25,-5.40,8.10,0.50,-0.56,0.69,9.74,0,1.70,-0.1136,-0.0032,22,0.743,0.000,0.00,0.00,16.538,0
-2.12,34.56,264.56,0.6425,-0.2146,-0.2066,0.7060,-0.32,-5.38,8.03,-0.56,0.12,1.81,9.67,0,1.70,-0.1137,-0.0032,22,0.743,0.000,0.00,0.00,16.538,0
-2.12,34.62,264.62,0.6426,-0.2149,-0.2067,0.7059,-0.36,-5.47,8.03,0.12,1.12,-1.81,9.72,0,1.70,-0.1138,-0.0031,22,0.743,0.000,0.00,0.00,16.538,0
phase1 acc_mag=9.742 gravity=9.780 motion=0.038 moving_avg=0.070 rms=0.090 mean_rms=0.099 max_rms=0.111 min_rms=0.087 std=0.008 var=0.000 state=standing thr=0.116/0.350/0.850
-2.12,34.56,264.69,0.6432,-0.2147,-0.2067,0.7053,-0.43,-5.50,8.03,1.81,-0.75,-0.88,9.74,0,1.70,-0.1137,-0.0031,22,0.743,0.000,0.00,0.00,16.538,0
-2.00,34.50,264.62,0.6428,-0.2134,-0.2068,0.7061,-0.33,-5.48,8.09,0.81,-1.19,1.19,9.78,0,1.70,-0.1135,-0.0035,22,0.743,0.000,0.00,0.00,16.538,0
-2.06,34.50,264.44,0.6417,-0.2135,-0.2069,0.7070,-0.41,-5.59,8.04,-0.31,-0.38,1.38,9.80,0,1.70,-0.1135,-0.0037,22,0.743,0.000,0.00,0.00,16.538,0
-2.00,34.44,264.25,0.6409,-0.2126,-0.2070,0.7080,-0.35,-5.53,8.08,0.94,-2.06,2.00,9.80,0,1.70,-0.1133,-0.0041,22,0.743,0.000,0.00,0.00,16.538,0
phase1 acc_mag=9.834 gravity=9.778 motion=0.056 moving_avg=0.060 rms=0.079 mean_rms=0.095 max_rms=0.111 min_rms=0.079 std=0.009 var=0.000 state=standing thr=0.113/0.350/0.850
-2.12,34.44,263.94,0.6387,-0.2127,-0.2070,0.7100,-0.64,-5.81,8.11,-2.81,-1.06,9.50,10.00,0,1.70,-0.1133,-0.0044,22,0.743,0.000,0.00,0.00,16.538,0
-2.12,34.38,263.75,0.6378,-0.2120,-0.2068,0.7111,-0.27,-5.42,8.04,1.00,-1.62,2.25,9.70,0,1.70,-0.1130,-0.0047,22,0.743,0.000,0.00,0.00,16.538,0
-2.12,34.31,263.56,0.6367,-0.2113,-0.2067,0.7122,-0.30,-5.57,8.07,2.19,-2.19,0.88,9.81,0,1.70,-0.1128,-0.0051,22,0.743,0.000,0.00,0.00,16.538,0
-2.06,34.25,263.50,0.6365,-0.2106,-0.2067,0.7126,-0.31,-5.54,8.12,0.69,-0.50,1.88,9.83,0,1.70,-0.1126,-0.0053,22,0.743,0.000,0.00,0.00,16.538,0
phase1 acc_mag=9.794 gravity=9.772 motion=0.022 moving_avg=0.055 rms=0.075 mean_rms=0.089 max_rms=0.107 min_rms=0.075 std=0.007 var=0.000 state=standing thr=0.104/0.350/0.850
-2.12,34.19,263.19,0.6348,-0.2097,-0.2068,0.7144,-0.25,-5.34,7.99,0.94,-1.94,1.19,9.61,0,1.70,-0.1124,-0.0058,22,0.743,0.000,0.00,0.00,16.538,0
-2.12,34.19,263.00,0.6334,-0.2098,-0.2069,0.7155,-0.27,-5.52,8.11,0.81,-2.00,1.44,9.81,0,1.70,-0.1125,-0.0061,22,0.743,0.000,0.00,0.00,16.538,0
-2.12,34.06,262.94,0.6334,-0.2089,-0.2066,0.7159,-0.33,-5.54,8.12,0.00,1.38,0.88,9.84,0,1.70,-0.1122,-0.0062,22,0.743,0.000,0.00,0.00,16.538,0
phase1 acc_mag=9.761 gravity=9.778 motion=0.017 moving_avg=0.055 rms=0.077 mean_rms=0.084 max_rms=0.095 min_rms=0.074 std=0.006 var=0.000 state=standing thr=0.097/0.350/0.850
-2.19,34.00,262.94,0.6337,-0.2087,-0.2054,0.7161,-0.11,-5.37,8.15,3.00,0.62,-2.00,9.76,0,1.70,-0.1119,-0.0059,22,0.743,0.000,0.00,0.00,16.538,0
-2.19,33.88,263.19,0.6351,-0.2085,-0.2045,0.7150,-0.35,-5.46,8.11,1.94,-0.19,-2.06,9.78,0,1.70,-0.1116,-0.0055,22,0.743,0.000,0.00,0.00,16.538,0
-2.00,33.69,263.44,0.6371,-0.2072,-0.2039,0.7139,-0.33,-5.39,8.15,2.38,0.56,-5.31,9.78,0,1.70,-0.1111,-0.0054,22,0.743,0.000,0.00,0.00,16.538,0
-1.94,33.56,263.75,0.6390,-0.2061,-0.2034,0.7126,-0.30,-5.46,8.15,2.50,-1.50,-1.19,9.81,0,1.70,-0.1107,-0.0053,22,0.743,0.000,0.00,0.00,16.538,0
phase1 acc_mag=9.713 gravity=9.781 motion=0.068 moving_avg=0.060 rms=0.081 mean_rms=0.082 max_rms=0.091 min_rms=0.074 std=0.005 var=0.000 state=standing thr=0.093/0.350/0.850
-1.81,33.38,263.81,0.6398,-0.2043,-0.2026,0.7126,-0.33,-5.28,8.07,0.38,0.75,-1.31,9.65,0,1.70,-0.1101,-0.0055,22,0.743,0.000,0.00,0.00,16.538,0
-1.75,33.31,263.94,0.6406,-0.2037,-0.2025,0.7121,-0.23,-5.37,8.14,0.31,-0.12,-1.69,9.75,0,1.70,-0.1099,-0.0055,22,0.743,0.000,0.00,0.00,16.538,0
-1.75,33.31,263.94,0.6409,-0.2039,-0.2024,0.7119,-0.20,-5.25,8.18,0.69,2.19,-1.44,9.72,0,1.70,-0.1100,-0.0054,22,0.743,0.000,0.00,0.00,16.538,0
-1.81,33.44,264.00,0.6411,-0.2053,-0.2025,0.7112,-0.28,-5.42,8.07,-1.19,1.19,-1.12,9.73,0,1.70,-0.1103,-0.0050,22,0.743,0.000,0.00,0.00,16.538,0
phase1 acc_mag=9.820 gravity=9.784 motion=0.036 moving_avg=0.055 rms=0.076 mean_rms=0.080 max_rms=0.091 min_rms=0.074 std=0.004 var=0.000 state=standing thr=0.088/0.350/0.850
-1.75,33.38,264.25,0.6426,-0.2051,-0.2021,0.7100,-0.36,-5.45,8.19,1.38,-0.12,-1.12,9.84,0,1.70,-0.1102,-0.0047,22,0.743,0.000,0.00,0.00,16.538,0
-1.69,33.19,264.31,0.6434,-0.2033,-0.2013,0.7100,-0.28,-5.32,8.24,2.12,-0.31,-1.81,9.81,0,1.70,-0.1095,-0.0048,22,0.743,0.000,0.00,0.00,16.538,0
-1.69,33.19,264.25,0.6431,-0.2032,-0.2015,0.7103,-0.15,-5.37,8.15,-1.19,-1.25,0.88,9.76,0,1.70,-0.1096,-0.0050,22,0.743,0.000,0.00,0.00,16.538,0
phase1 acc_mag=9.724 gravity=9.782 motion=0.057 moving_avg=0.051 rms=0.067 mean_rms=0.078 max_rms=0.083 min_rms=0.067 std=0.003 var=0.000 state=standing thr=0.083/0.350/0.850
-1.69,33.19,264.19,0.6426,-0.2032,-0.2015,0.7107,-0.24,-5.33,8.13,0.88,0.56,0.25,9.72,0,1.70,-0.1096,-0.0050,22,0.743,0.000,0.00,0.00,16.538,0
-1.69,33.12,264.06,0.6416,-0.2025,-0.2016,0.7118,-0.31,-5.44,8.25,1.25,-3.19,2.81,9.89,0,1.70,-0.1094,-0.0054,22,0.743,0.000,0.00,0.00,16.538,0
-1.62,33.06,263.75,0.6398,-0.2012,-0.2023,0.7136,-0.24,-5.39,8.19,-0.31,-2.69,3.62,9.81,0,1.70,-0.1092,-0.0062,22,0.743,0.000,0.00,0.00,16.538,0
-1.62,33.06,263.44,0.6378,-0.2006,-0.2026,0.7155,-0.24,-5.42,8.19,-0.94,-1.25,3.31,9.82,0,1.70,-0.1091,-0.0068,22,0.743,0.000,0.00,0.00,16.538,0
phase1 acc_mag=9.843 gravity=9.782 motion=0.061 moving_avg=0.055 rms=0.070 mean_rms=0.076 max_rms=0.081 min_rms=0.066 std=0.004 var=0.000 state=standing thr=0.084/0.350/0.850
-1.62,33.06,263.06,0.6357,-0.2002,-0.2032,0.7173,-0.16,-5.49,8.20,-1.00,-3.06,5.00,9.87,0,1.70,-0.1091,-0.0074,22,0.743,0.000,0.00,0.00,16.538,0
-1.62,33.06,262.88,0.6341,-0.1998,-0.2037,0.7187,-0.19,-5.30,8.13,-1.94,-1.06,3.31,9.71,0,1.70,-0.1091,-0.0079,22,0.743,0.000,0.00,0.00,16.538,0
-1.69,33.19,262.62,0.6328,-0.2007,-0.2041,0.7195,-0.31,-5.47,8.15,-4.12,0.94,3.56,9.82,0,1.70,-0.1094,-0.0079,22,0.743,0.000,0.00,0.00,16.538,0
-1.75,33.31,262.44,0.6315,-0.2009,-0.2051,0.7203,-0.24,-5.40,8.23,-1.19,-2.38,1.25,9.85,0,1.70,-0.1097,-0.0083,22,0.743,0.000,0.00,0.00,16.538,0
phase1 acc_mag=9.787 gravity=9.767 motion=0.020 moving_avg=0.057 rms=0.068 mean_rms=0.075 max_rms=0.081 min_rms=0.066 std=0.005 var=0.000 state=standing thr=0.084/0.350/0.850
-1.69,33.38,262.31,0.6307,-0.2010,-0.2059,0.7207,-0.26,-5.37,8.18,-2.31,-0.88,2.50,9.79,0,1.70,-0.1099,-0.0086,22,0.743,0.000,0.00,0.00,16.538,0
-1.69,33.44,262.25,0.6299,-0.2013,-0.2066,0.7211,-0.21,-5.38,8.17,-2.25,0.31,1.25,9.78,0,1.70,-0.1101,-0.0089,22,0.743,0.000,0.00,0.00,16.538,0
-1.69,33.56,262.12,0.6290,-0.2017,-0.2072,0.7217,-0.22,-5.37,8.08,-0.75,-1.12,1.44,9.70,0,1.70,-0.1103,-0.0091,22,0.743,0.000,0.00,0.00,16.538,0
-1.69,33.56,262.12,0.6293,-0.2018,-0.2070,0.7214,-0.25,-5.38,8.16,-0.31,1.44,-1.19,9.78,0,1.70,-0.1103,-0.0089,22,0.743,0.000,0.00,0.00,16.538,0
phase1 acc_mag=9.738 gravity=9.762 motion=0.025 moving_avg=0.054 rms=0.065 mean_rms=0.072 max_rms=0.080 min_rms=0.065 std=0.004 var=0.000 state=standing thr=0.080/0.350/0.850
-1.81,33.62,262.19,0.6292,-0.2029,-0.2068,0.7212,-0.35,-5.47,8.16,-0.69,1.25,0.69,9.83,0,1.70,-0.1106,-0.0086,22,0.743,0.000,0.00,0.00,16.538,0
-1.81,33.62,262.19,0.6288,-0.2034,-0.2071,0.7213,-0.25,-5.47,8.14,-2.44,0.00,2.69,9.81,0,1.70,-0.1108,-0.0086,22,0.743,0.000,0.00,0.00,16.538,0
-1.94,33.69,262.19,0.6292,-0.2042,-0.2067,0.7209,-0.27,-5.36,8.11,-0.12,3.75,-2.12,9.72,0,1.70,-0.1109,-0.0082,22,0.743,0.000,0.00,0.00,16.538,0
phase1 acc_mag=9.684 gravity=9.767 motion=0.083 moving_avg=0.061 rms=0.093 mean_rms=0.071 max_rms=0.094 min_rms=0.062 std=0.006 var=0.000 state=slow thr=0.083/0.350/0.850
-2.12,33.69,262.25,0.6299,-0.2054,-0.2053,0.7203,-0.37,-5.34,8.07,1.69,1.81,-3.12,9.68,0,1.70,-0.1109,-0.0074,22,0.743,0.000,0.00,0.00,16.538,0
-2.06,33.75,262.69,0.6322,-0.2063,-0.2050,0.7181,-0.42,-5.47,8.21,-0.94,1.75,-3.00,9.87,0,1.70,-0.1111,-0.0067,22,0.743,0.000,0.00,0.00,16.538,0
-2.19,33.94,262.75,0.6323,-0.2082,-0.2056,0.7174,-0.30,-5.31,8.10,-5.94,2.62,2.19,9.69,0,1.70,-0.1117,-0.0063,22,0.743,0.000,0.00,0.00,16.538,0
-2.56,34.50,262.69,0.6310,-0.2145,-0.2067,0.7163,-0.32,-5.59,8.07,-5.12,8.56,-0.50,9.82,0,1.70,-0.1136,-0.0051,22,0.743,0.000,0.00,0.00,16.538,0
phase1 acc_mag=9.794 gravity=9.765 motion=0.029 moving_avg=0.066 rms=0.097 mean_rms=0.075 max_rms=0.098 min_rms=0.062 std=0.012 var=0.000 state=standing thr=0.100/0.350/0.850
-3.00,34.88,263.00,0.6322,-0.2197,-0.2059,0.7139,-0.62,-5.61,8.07,-6.31,6.38,-2.44,9.85,0,1.70,-0.1148,-0.0033,22,0.743,0.000,0.00,0.00,16.538,0
-3.06,35.12,263.06,0.6321,-0.2217,-0.2072,0.7130,-0.40,-5.65,7.99,-4.06,0.81,0.94,9.79,0,1.70,-0.1156,-0.0030,22,0.743,0.000,0.00,0.00,16.538,0
-3.19,35.19,263.31,0.6335,-0.2228,-0.2062,0.7117,-0.54,-5.58,8.06,1.12,4.50,-3.44,9.82,0,1.70,-0.1157,-0.0022,22,0.743,0.000,0.00,0.00,16.538,0
-3.31,35.25,263.38,0.6339,-0.2243,-0.2056,0.7111,-0.52,-5.78,8.00,-0.81,1.12,-0.69,9.88,0,1.70,-0.1159,-0.0016,22,0.743,0.000,0.00,0.00,16.538,0
phase1 acc_mag=9.856 gravity=9.779 motion=0.077 moving_avg=0.063 rms=0.096 mean_rms=0.081 max_rms=0.098 min_rms=0.062 std=0.014 var=0.000 state=standing thr=0.110/0.350/0.850
-3.31,35.25,263.31,0.6333,-0.2240,-0.2057,0.7117,-0.52,-5.52,8.07,-0.31,-1.12,1.81,9.79,0,1.70,-0.1159,-0.0018,22,0.743,0.000,0.00,0.00,16.538,0
-3.38,35.38,263.12,0.6316,-0.2249,-0.2067,0.7126,-0.55,-5.74,7.97,-1.19,-1.31,1.44,9.84,0,1.70,-0.1163,-0.0021,22,0.743,0.000,0.00,0.00,16.538,0
-3.38,35.38,263.06,0.6317,-0.2247,-0.2068,0.7126,-0.47,-5.55,7.93,0.25,0.00,0.50,9.69,0,1.70,-0.1163,-0.0022,22,0.743,0.000,0.00,0.00,16.538,0
-3.38,35.44,263.06,0.6314,-0.2249,-0.2070,0.7127,-0.49,-5.68,7.93,0.19,0.69,-0.81,9.77,0,1.70,-0.1164,-0.0022,22,0.743,0.000,0.00,0.00,16.538,0
phase1 acc_mag=9.789 gravity=9.790 motion=0.000 moving_avg=0.058 rms=0.093 mean_rms=0.086 max_rms=0.098 min_rms=0.062 std=0.014 var=0.000 state=standing thr=0.113/0.350/0.850
-3.44,35.44,263.00,0.6312,-0.2255,-0.2067,0.7127,-0.63,-5.77,7.93,-1.19,0.56,1.31,9.83,0,1.70,-0.1165,-0.0020,22,0.743,0.000,0.00,0.00,16.538,0
-3.50,35.50,263.00,0.6313,-0.2260,-0.2066,0.7125,-0.55,-5.74,7.94,-0.38,1.75,-1.81,9.81,0,1.70,-0.1166,-0.0018,22,0.743,0.000,0.00,0.00,16.538,0
-3.56,35.50,263.12,0.6316,-0.2269,-0.2063,0.7121,-0.59,-5.71,7.96,0.12,1.50,-1.12,9.81,0,1.70,-0.1167,-0.0014,22,0.743,0.000,0.00,0.00,16.538,0
-3.69,35.56,263.12,0.6315,-0.2282,-0.2059,0.7119,-0.70,-5.76,7.98,-1.62,1.62,-0.50,9.87,0,1.70,-0.1170,-0.0010,22,0.743,0.000,0.00,0.00,16.538,0
phase1 acc_mag=9.851 gravity=9.798 motion=0.053 moving_avg=0.059 rms=0.093 mean_rms=0.091 max_rms=0.098 min_rms=0.062 std=0.010 var=0.000 state=standing thr=0.111/0.350/0.850
-3.69,35.62,263.06,0.6313,-0.2280,-0.2061,0.7120,-0.54,-5.68,7.95,-1.50,-0.19,0.69,9.79,0,1.70,-0.1170,-0.0011,22,0.743,0.000,0.00,0.00,16.538,0
-3.62,35.69,263.12,0.6315,-0.2284,-0.2068,0.7115,-0.61,-5.72,7.95,0.00,-0.19,-1.81,9.81,0,1.70,-0.1172,-0.0012,22,0.743,0.000,0.00,0.00,16.538,0
-3.50,35.62,263.44,0.6334,-0.2277,-0.2069,0.7101,-0.56,-5.73,7.95,1.00,0.88,-5.31,9.82,0,1.70,-0.1171,-0.0011,22,0.743,0.000,0.00,0.00,16.538,0
phase1 acc_mag=9.772 gravity=9.802 motion=0.030 moving_avg=0.045 rms=0.056 mean_rms=0.092 max_rms=0.098 min_rms=0.056 std=0.010 var=0.000 state=standing thr=0.112/0.350/0.850
-3.38,35.62,263.69,0.6348,-0.2268,-0.2072,0.7090,-0.64,-5.59,7.99,1.69,-2.56,-1.62,9.77,0,1.70,-0.1169,-0.0012,22,0.743,0.000,0.00,0.00,16.538,0

===== Disconnected =====
