===== Connected at 115200 baud =====
BNO055 detected! Chip ID: 0xA0
BNO055 initialized successfully!
roll,pitch,yaw,qw,qx,qy,qz,accx,accy,accz,gyrox,gyroy,gyroz,svm,state,z_v,lever_offx,lever_offy,steps,stride_m,velocity_mps,cadence_spm,cadence_sps,distance_m,step_flag
phase1 acc_mag=9.255 gravity=9.255 motion=0.000 moving_avg=0.000 rms=0.000 mean_rms=0.000 max_rms=0.000 min_rms=0.000 std=0.000 var=0.000 state=standing thr=0.080/0.350/0.850
0.00,0.00,0.00,0.0000,0.0000,0.0000,0.0000,-1.51,3.04,8.61,-3.62,-3.38,-3.44,9.25,0,1.70,0.0000,0.0000,0,0.000,0.000,0.00,0.00,0.000,0
-8.62,-19.62,0.38,0.9826,0.1694,0.0757,-0.0038,-1.21,2.87,8.31,-1.00,-2.62,-2.62,8.87,0,1.70,0.0295,-0.0667,0,0.000,0.000,0.00,0.00,0.000,0
-8.50,-19.56,0.56,0.9827,0.1691,0.0747,-0.0051,-1.20,3.10,8.59,-1.81,-1.06,-1.25,9.21,0,1.70,0.0290,-0.0666,0,0.000,0.000,0.00,0.00,0.000,0
-8.44,-19.50,0.69,0.9829,0.1685,0.0739,-0.0062,-1.36,3.05,8.49,-0.81,-1.25,-2.00,9.12,0,1.70,0.0286,-0.0664,0,0.000,0.000,0.00,0.00,0.000,0
phase1 acc_mag=9.438 gravity=9.160 motion=0.278 moving_avg=0.133 rms=0.163 mean_rms=0.111 max_rms=0.163 min_rms=0.000 std=0.039 var=0.002 state=standing thr=0.190/0.390/0.890
-8.50,-19.44,0.75,0.9830,0.1680,0.0741,-0.0066,-1.47,2.98,8.79,-2.69,0.62,-0.31,9.40,0,1.70,0.0287,-0.0663,0,0.000,0.000,0.00,0.00,0.000,0
-8.50,-19.31,0.81,0.9832,0.1669,0.0743,-0.0071,-1.34,2.98,8.70,0.12,-0.75,-1.75,9.29,0,1.70,0.0288,-0.0659,0,0.000,0.000,0.00,0.00,0.000,0
-8.56,-19.19,0.94,0.9832,0.1663,0.0743,-0.0085,-1.31,3.01,8.70,-0.75,-0.75,-1.31,9.30,0,1.70,0.0286,-0.0656,0,0.000,0.000,0.00,0.00,0.000,0
-8.50,-19.12,1.06,0.9834,0.1655,0.0736,-0.0096,-1.36,3.06,8.64,-0.50,-1.62,-1.50,9.27,0,1.70,0.0283,-0.0654,0,0.000,0.000,0.00,0.00,0.000,0
phase1 acc_mag=9.320 gravity=9.217 motion=0.103 moving_avg=0.107 rms=0.134 mean_rms=0.129 max_rms=0.166 min_rms=0.000 std=0.035 var=0.001 state=standing thr=0.199/0.399/0.899
-8.38,-19.12,1.19,0.9835,0.1656,0.0723,-0.0103,-1.32,2.96,8.49,1.12,-2.56,-2.00,9.09,0,1.70,0.0278,-0.0654,0,0.000,0.000,0.00,0.00,0.000,0
-8.31,-19.06,1.19,0.9835,0.1654,0.0718,-0.0106,-1.27,2.88,8.59,0.06,-0.06,-0.44,9.15,0,1.70,0.0276,-0.0654,0,0.000,0.000,0.00,0.00,0.000,0
-8.31,-19.06,1.25,0.9835,0.1654,0.0720,-0.0109,-1.24,2.92,8.69,-0.31,0.75,-0.56,9.25,0,1.70,0.0276,-0.0654,0,0.000,0.000,0.00,0.00,0.000,0
-8.38,-19.00,1.31,0.9836,0.1650,0.0723,-0.0114,-1.33,3.07,8.77,-1.75,0.31,-1.06,9.39,0,1.70,0.0277,-0.0653,0,0.000,0.000,0.00,0.00,0.000,0
phase1 acc_mag=9.413 gravity=9.226 motion=0.186 moving_avg=0.102 rms=0.127 mean_rms=0.128 max_rms=0.166 min_rms=0.000 std=0.028 var=0.001 state=standing thr=0.185/0.385/0.885
-8.38,-18.94,1.31,0.9837,0.1642,0.0721,-0.0113,-1.33,2.80,8.65,-1.69,-1.00,-0.19,9.19,0,1.70,0.0276,-0.0650,0,0.000,0.000,0.00,0.00,0.000,0
-8.31,-18.94,1.31,0.9838,0.1640,0.0718,-0.0115,-1.35,3.05,8.71,-0.94,-0.19,0.00,9.33,0,1.70,0.0275,-0.0649,0,0.000,0.000,0.00,0.00,0.000,0
-8.31,-18.88,1.31,0.9839,0.1636,0.0717,-0.0114,-1.24,3.02,8.63,-1.38,0.44,0.44,9.23,0,1.70,0.0275,-0.0647,0,0.000,0.000,0.00,0.00,0.000,0
-8.31,-18.75,1.25,0.9839,0.1628,0.0720,-0.0110,-1.43,2.68,8.82,-1.12,0.12,0.62,9.33,0,1.70,0.0276,-0.0644,0,0.000,0.000,0.00,0.00,0.000,0
phase1 acc_mag=9.292 gravity=9.232 motion=0.060 moving_avg=0.091 rms=0.115 mean_rms=0.126 max_rms=0.166 min_rms=0.000 std=0.025 var=0.001 state=standing thr=0.176/0.376/0.876
-8.31,-18.69,1.31,0.9841,0.1620,0.0716,-0.0116,-1.44,3.04,8.73,-1.75,-1.31,-1.38,9.36,0,1.70,0.0274,-0.0641,0,0.000,0.000,0.00,0.00,0.000,0
-8.19,-18.56,1.44,0.9843,0.1614,0.0704,-0.0125,-1.38,2.97,8.97,-2.25,-0.62,-1.44,9.55,0,1.70,0.0269,-0.0639,0,0.000,0.000,0.00,0.00,0.000,0
-8.19,-18.50,1.50,0.9844,0.1605,0.0704,-0.0134,-1.25,2.96,9.07,-0.56,-0.81,-1.12,9.62,0,1.70,0.0268,-0.0636,0,0.000,0.000,0.00,0.00,0.000,0
phase1 acc_mag=9.722 gravity=9.326 motion=0.396 moving_avg=0.141 rms=0.188 mean_rms=0.135 max_rms=0.188 min_rms=0.095 std=0.020 var=0.000 state=slow thr=0.174/0.374/0.874
-8.19,-18.50,1.69,0.9844,0.1609,0.0704,-0.0145,-1.36,3.08,9.12,0.56,0.31,-1.94,9.72,0,1.70,0.0268,-0.0638,0,0.000,0.000,0.00,0.00,0.000,0
-8.19,-18.62,1.75,0.9842,0.1619,0.0704,-0.0151,-1.27,3.10,9.01,0.19,1.62,0.50,9.61,0,1.70,0.0267,-0.0642,0,0.000,0.000,0.00,0.00,0.000,0
-8.38,-18.56,1.75,0.9842,0.1611,0.0716,-0.0151,-1.39,3.09,9.35,-0.12,1.19,0.12,9.94,0,1.70,0.0272,-0.0639,0,0.000,0.000,0.00,0.00,0.000,0
-8.38,-18.56,1.69,0.9842,0.1613,0.0717,-0.0150,-1.38,3.25,9.21,-0.19,0.06,-0.56,9.86,0,1.70,0.0273,-0.0639,0,0.000,0.000,0.00,0.00,0.000,0
phase1 acc_mag=10.000 gravity=9.438 motion=0.562 moving_avg=0.199 rms=0.262 mean_rms=0.151 max_rms=0.262 min_rms=0.115 std=0.040 var=0.002 state=slow thr=0.232/0.432/0.932
-8.31,-18.50,1.75,0.9843,0.1609,0.0712,-0.0151,-1.46,3.00,9.15,0.25,-2.88,1.25,9.74,0,1.70,0.0270,-0.0638,0,0.000,0.000,0.00,0.00,0.000,0
-8.12,-18.56,1.69,0.9843,0.1616,0.0697,-0.0148,-1.31,2.91,8.84,-0.88,-0.25,-0.31,9.40,0,1.70,0.0265,-0.0640,0,0.000,0.000,0.00,0.00,0.000,0
-8.25,-18.50,1.69,0.9844,0.1606,0.0706,-0.0147,-1.50,3.12,9.29,-1.06,2.25,-0.44,9.91,0,1.70,0.0268,-0.0636,0,0.000,0.000,0.00,0.00,0.000,0
-8.31,-18.38,1.62,0.9844,0.1599,0.0715,-0.0142,-1.48,3.14,9.27,0.94,0.12,0.12,9.90,0,1.70,0.0272,-0.0634,0,0.000,0.000,0.00,0.00,0.000,0
phase1 acc_mag=9.926 gravity=9.537 motion=0.389 moving_avg=0.237 rms=0.292 mean_rms=0.179 max_rms=0.292 min_rms=0.115 std=0.063 var=0.004 state=standing thr=0.305/0.505/1.005
-8.31,-18.50,1.62,0.9843,0.1606,0.0712,-0.0140,-1.45,3.15,9.11,2.06,-1.00,-0.12,9.75,0,1.70,0.0271,-0.0636,0,0.000,0.000,0.00,0.00,0.000,0
-8.25,-18.50,1.56,0.9844,0.1606,0.0707,-0.0139,-1.28,2.80,8.91,0.31,-1.50,0.50,9.43,0,1.70,0.0270,-0.0636,0,0.000,0.000,0.00,0.00,0.000,0
-8.31,-18.38,1.62,0.9845,0.1594,0.0714,-0.0142,-1.26,3.10,9.10,-2.50,2.06,-1.06,9.70,0,1.70,0.0272,-0.0632,0,0.000,0.000,0.00,0.00,0.000,0
-8.38,-18.31,1.62,0.9846,0.1592,0.0718,-0.0140,-1.43,3.25,9.31,-0.94,0.56,0.75,9.96,0,1.70,0.0274,-0.0631,0,0.000,0.000,0.00,0.00,0.000,0
phase1 acc_mag=9.936 gravity=9.642 motion=0.294 moving_avg=0.259 rms=0.310 mean_rms=0.218 max_rms=0.310 min_rms=0.115 std=0.070 var=0.005 state=standing thr=0.358/0.558/1.058
-8.31,-18.31,1.50,0.9846,0.1593,0.0714,-0.0131,-1.45,3.02,9.21,-0.38,-1.25,2.38,9.80,0,1.70,0.0273,-0.0631,0,0.000,0.000,0.00,0.00,0.000,0
-8.25,-18.19,1.44,0.9848,0.1579,0.0712,-0.0125,-1.54,2.75,9.19,-1.94,-0.88,-0.62,9.72,0,1.70,0.0272,-0.0626,0,0.000,0.000,0.00,0.00,0.000,0
-8.25,-18.00,1.50,0.9850,0.1566,0.0711,-0.0131,-1.39,3.02,9.02,-2.19,-0.12,-1.50,9.61,0,1.70,0.0272,-0.0621,0,0.000,0.000,0.00,0.00,0.000,0
-8.25,-17.94,1.56,0.9852,0.1557,0.0712,-0.0136,-1.39,3.19,9.21,-2.31,0.25,-0.38,9.85,0,1.70,0.0272,-0.0617,0,0.000,0.000,0.00,0.00,0.000,0
phase1 acc_mag=9.792 gravity=9.736 motion=0.056 moving_avg=0.254 rms=0.305 mean_rms=0.260 max_rms=0.311 min_rms=0.135 std=0.053 var=0.003 state=standing thr=0.367/0.567/1.067
-8.25,-17.88,1.50,0.9852,0.1555,0.0711,-0.0132,-1.40,2.98,9.07,-0.88,-0.56,1.38,9.65,0,1.70,0.0272,-0.0616,0,0.000,0.000,0.00,0.00,0.000,0
-8.25,-17.75,1.44,0.9854,0.1541,0.0711,-0.0126,-1.46,2.93,9.25,-0.94,-0.56,-0.19,9.81,0,1.70,0.0273,-0.0611,0,0.000,0.000,0.00,0.00,0.000,0
-8.19,-17.69,1.44,0.9855,0.1536,0.0705,-0.0126,-1.39,2.90,9.16,-2.62,-0.19,-0.31,9.71,0,1.70,0.0270,-0.0609,0,0.000,0.000,0.00,0.00,0.000,0
-8.12,-17.62,1.44,0.9857,0.1532,0.0699,-0.0128,-1.28,3.05,9.03,0.31,-0.50,0.12,9.62,0,1.70,0.0268,-0.0608,0,0.000,0.000,0.00,0.00,0.000,0
phase1 acc_mag=9.721 gravity=9.746 motion=0.024 moving_avg=0.193 rms=0.260 mean_rms=0.283 max_rms=0.311 min_rms=0.204 std=0.026 var=0.001 state=standing thr=0.335/0.535/1.035
-8.12,-17.50,1.38,0.9858,0.1521,0.0698,-0.0121,-1.21,2.89,9.11,-1.38,-0.25,1.44,9.63,0,1.70,0.0268,-0.0603,0,0.000,0.000,0.00,0.00,0.000,0
-8.06,-17.56,1.25,0.9858,0.1523,0.0703,-0.0109,-1.42,2.73,8.95,-0.31,3.19,1.50,9.46,0,1.70,0.0270,-0.0604,0,0.000,0.000,0.00,0.00,0.000,0
-8.44,-17.50,1.25,0.9857,0.1517,0.0732,-0.0111,-1.54,2.95,9.08,0.44,5.50,-2.94,9.67,0,1.70,0.0282,-0.0601,0,0.000,0.000,0.00,0.00,0.000,0
phase1 acc_mag=10.192 gravity=9.713 motion=0.478 moving_avg=0.158 rms=0.207 mean_rms=0.278 max_rms=0.311 min_rms=0.199 std=0.034 var=0.001 state=standing thr=0.346/0.546/1.046
-8.88,-17.38,1.38,0.9855,0.1509,0.0771,-0.0120,-1.41,2.96,9.65,-1.31,5.94,-2.62,10.19,0,1.70,0.0297,-0.0599,0,0.000,0.000,0.00,0.00,0.000,0
-9.56,-16.19,1.19,0.9869,0.1373,0.0835,-0.0103,-2.38,3.79,13.77,-40.38,7.50,-2.44,14.48,0,1.70,0.0324,-0.0546,0,0.000,0.000,0.00,0.00,0.000,0
-7.88,-13.00,1.19,0.9911,0.1134,0.0684,-0.0104,-2.93,3.17,11.78,-27.88,-56.62,3.62,12.55,0,1.70,0.0267,-0.0452,0,0.000,0.000,0.00,0.00,0.000,0
-2.38,-14.25,0.81,0.9920,0.1246,0.0203,-0.0071,-0.26,2.01,2.62,52.81,-80.81,15.38,3.31,0,1.70,0.0077,-0.0495,1,0.795,0.000,0.00,0.00,0.795,0
phase1 acc_mag=2.791 gravity=9.803 motion=7.012 moving_avg=0.922 rms=2.019 mean_rms=0.451 max_rms=2.019 min_rms=0.199 std=0.415 var=0.172 state=running thr=1.280/1.480/1.980
0.69,-15.06,0.94,0.9913,0.1315,-0.0076,-0.0083,3.00,-0.19,-3.88,-9.06,7.12,-17.19,4.91,0,1.70,-0.0034,-0.0521,1,0.795,0.000,0.00,0.00,0.795,0
-4.56,-16.31,2.56,0.9888,0.1426,0.0375,-0.0222,-2.83,-0.33,7.15,49.00,122.38,-62.88,7.70,0,1.70,0.0136,-0.0567,1,0.795,0.000,0.00,0.00,0.795,0
-10.38,-16.56,4.50,0.9846,0.1473,0.0857,-0.0397,-5.66,9.02,24.40,14.81,-0.94,-8.62,26.62,2,0.20,0.0314,-0.0594,1,0.795,0.000,0.00,0.00,0.795,0
-7.44,-19.12,4.75,0.9832,0.1682,0.0591,-0.0410,-1.34,4.59,11.26,52.31,-63.81,11.81,12.23,0,1.70,0.0205,-0.0671,1,0.795,0.000,0.00,0.00,0.795,0
phase1 acc_mag=10.701 gravity=10.676 motion=0.024 moving_avg=2.325 rms=4.544 mean_rms=1.072 max_rms=4.544 min_rms=0.199 std=1.320 var=1.741 state=running thr=3.712/3.912/4.412
-3.38,-18.12,4.12,0.9872,0.1544,0.0197,-0.0342,-1.14,2.78,7.50,-48.75,-53.19,25.25,8.08,0,1.70,0.0057,-0.0612,1,0.795,0.000,0.00,0.00,0.795,0
0.44,-17.44,2.44,0.9882,0.1519,-0.0075,-0.0211,0.97,0.21,1.65,16.50,-22.00,26.00,1.93,2,0.20,-0.0042,-0.0600,2,0.971,2.509,155.04,2.58,1.766,0
-1.12,-17.00,1.94,0.9888,0.1480,0.0074,-0.0169,1.73,-2.61,-0.80,-0.88,64.56,-11.50,3.23,0,1.70,0.0019,-0.0586,2,0.971,2.509,155.04,2.58,1.766,0
-8.62,-16.25,3.75,0.9871,0.1348,0.0794,-0.0333,-4.15,2.79,15.41,-80.44,105.31,-38.69,16.20,0,1.70,0.0296,-0.0543,2,0.971,2.509,155.04,2.58,1.766,0
phase1 acc_mag=23.398 gravity=9.927 motion=13.471 moving_avg=3.714 rms=5.583 mean_rms=2.108 max_rms=5.583 min_rms=0.199 std=1.996 var=3.986 state=standing thr=6.101/6.301/6.801
-12.38,-16.44,4.06,0.9833,0.1447,0.1042,-0.0350,-5.37,10.54,24.79,40.00,-1.81,8.00,27.47,2,0.20,0.0390,-0.0584,2,0.971,2.509,155.04,2.58,1.766,0
-7.75,-17.00,3.88,0.9868,0.1486,0.0552,-0.0330,-2.40,3.71,10.25,-6.06,-94.69,20.31,11.16,0,1.70,0.0198,-0.0594,2,0.971,2.509,155.04,2.58,1.766,0
-1.12,-15.06,3.12,0.9909,0.1316,0.0063,-0.0273,-1.44,1.03,4.73,-38.62,-91.94,24.69,5.05,0,1.70,0.0011,-0.0522,2,0.971,2.509,155.04,2.58,1.766,0
4.12,-14.19,2.25,0.9915,0.1216,-0.0414,-0.0200,1.51,-0.74,-2.38,-15.25,-28.12,3.56,2.91,0,1.70,-0.0174,-0.0479,3,0.978,2.330,142.86,2.38,2.745,0
phase1 acc_mag=3.734 gravity=10.224 motion=6.490 moving_avg=5.337 rms=6.978 mean_rms=3.435 max_rms=6.978 min_rms=0.199 std=2.397 var=5.744 state=standing thr=8.228/8.428/8.928
2.06,-16.62,2.62,0.9891,0.1442,-0.0217,-0.0231,1.00,-2.45,-0.07,75.94,81.00,-25.69,2.65,0,1.70,-0.0099,-0.0568,3,0.978,2.330,142.86,2.38,2.745,0
-7.25,-19.75,6.06,0.9819,0.1737,0.0552,-0.0526,-5.04,7.89,22.33,14.69,92.56,-67.50,24.21,0,1.70,0.0180,-0.0694,3,0.978,2.330,142.86,2.38,2.745,0
-8.56,-21.19,7.81,0.9784,0.1871,0.0571,-0.0665,-2.02,7.29,18.24,-1.44,-56.75,10.94,19.75,0,1.70,0.0174,-0.0748,3,0.978,2.330,142.86,2.38,2.745,0
phase1 acc_mag=10.039 gravity=11.350 motion=1.311 moving_avg=6.786 rms=8.219 mean_rms=5.001 max_rms=8.232 min_rms=0.643 std=2.244 var=5.034 state=standing thr=9.488/9.688/10.188
-1.94,-19.62,6.62,0.9835,0.1713,0.0076,-0.0570,-1.55,4.80,8.68,-55.19,-77.44,34.00,10.04,0,1.70,-0.0009,-0.0675,3,0.978,2.330,142.86,2.38,2.745,0
4.56,-15.94,4.25,0.9888,0.1368,-0.0455,-0.0371,0.82,0.84,1.73,-45.12,-57.94,35.88,2.09,0,1.70,-0.0200,-0.0534,4,0.996,2.448,147.42,2.46,3.741,0
6.56,-13.31,3.06,0.9915,0.1133,-0.0597,-0.0256,2.58,-2.50,-2.35,-8.50,19.25,12.69,4.29,0,1.70,-0.0248,-0.0443,4,0.996,2.448,147.42,2.46,3.741,0
-0.50,-16.69,3.75,0.9888,0.1455,-0.0004,-0.0328,-3.14,0.53,8.40,79.81,142.50,-63.12,8.98,0,1.70,-0.0021,-0.0575,4,0.996,2.448,147.42,2.46,3.741,0
phase1 acc_mag=23.980 gravity=10.956 motion=13.024 moving_avg=7.251 rms=8.583 mean_rms=6.385 max_rms=8.583 min_rms=2.312 std=1.726 var=2.977 state=standing thr=9.836/10.036/10.536
-7.31,-19.19,6.00,0.9819,0.1722,0.0585,-0.0541,-5.77,12.62,29.55,37.38,27.69,-29.06,32.65,2,0.20,0.0192,-0.0689,4,0.996,2.448,147.42,2.46,3.741,0
-3.06,-21.50,6.56,0.9805,0.1876,0.0167,-0.0565,-0.84,6.87,10.87,49.69,-105.19,33.94,12.89,0,1.70,0.0023,-0.0740,4,0.996,2.448,147.42,2.46,3.741,0
3.81,-19.00,4.38,0.9849,0.1637,-0.0405,-0.0379,-0.65,0.64,4.24,-64.50,-62.81,42.56,4.34,0,1.70,-0.0184,-0.0639,5,0.978,2.495,153.06,2.55,4.719,1
6.62,-16.62,2.94,0.9877,0.1415,-0.0624,-0.0247,0.76,-0.93,1.26,-15.31,-10.19,15.00,1.74,2,0.20,-0.0261,-0.0553,5,0.978,2.495,153.06,2.55,4.719,0
phase1 acc_mag=2.754 gravity=10.199 motion=7.445 moving_avg=7.451 rms=8.672 mean_rms=7.345 max_rms=9.130 min_rms=4.642 std=1.315 var=1.728 state=standing thr=9.974/10.174/10.674
3.81,-16.88,3.12,0.9882,0.1459,-0.0382,-0.0272,2.06,-2.85,-1.34,37.88,88.06,-32.25,3.76,0,1.70,-0.0167,-0.0573,5,0.978,2.495,153.06,2.55,4.719,0
-6.44,-20.12,5.50,0.9805,0.1792,0.0621,-0.0519,-7.93,12.73,23.84,30.12,146.44,-79.75,28.17,2,0.20,0.0206,-0.0716,5,0.978,2.495,153.06,2.55,4.719,0
-9.50,-19.25,7.12,0.9807,0.1706,0.0738,-0.0613,-5.02,10.27,24.45,-4.75,-64.31,15.44,26.99,2,0.20,0.0248,-0.0687,5,0.978,2.495,153.06,2.55,4.719,0
-1.88,-21.00,6.00,0.9825,0.1793,-0.0005,-0.0502,-1.16,6.51,8.16,-12.62,-98.50,39.19,10.50,0,1.70,-0.0038,-0.0704,5,0.978,2.495,153.06,2.55,4.719,0
phase1 acc_mag=8.074 gravity=11.400 motion=3.326 moving_avg=7.363 rms=8.975 mean_rms=8.138 max_rms=9.594 min_rms=6.447 std=0.881 var=0.776 state=standing thr=9.899/10.099/10.599
4.06,-16.56,4.31,0.9886,0.1385,-0.0467,-0.0347,-0.60,1.61,4.38,-52.44,-66.62,42.19,4.70,0,1.70,-0.0204,-0.0541,6,1.022,2.389,140.19,2.34,5.741,1
7.81,-13.75,2.25,0.9903,0.1179,-0.0710,-0.0196,1.84,-0.62,0.68,-34.25,-17.44,16.19,2.06,0,1.70,-0.0291,-0.0461,6,1.022,2.389,140.19,2.34,5.741,0
5.25,-13.56,2.12,0.9912,0.1247,-0.0403,-0.0190,3.41,-4.84,-2.41,62.88,81.94,-12.62,6.39,0,1.70,-0.0169,-0.0491,6,1.022,2.389,140.19,2.34,5.741,0
phase1 acc_mag=28.442 gravity=11.341 motion=17.101 moving_avg=7.558 rms=9.164 mean_rms=8.615 max_rms=9.594 min_rms=7.103 std=0.525 var=0.275 state=standing thr=9.664/9.864/10.364
-5.31,-19.62,4.81,0.9835,0.1718,0.0400,-0.0416,-6.88,10.60,25.48,-6.00,111.50,-66.38,28.44,2,0.20,0.0129,-0.0683,6,1.022,2.389,140.19,2.34,5.741,0
-4.12,-21.06,6.00,0.9811,0.1843,0.0272,-0.0517,-1.91,6.80,15.53,67.38,-113.69,42.06,17.06,0,1.70,0.0069,-0.0729,6,1.022,2.389,140.19,2.34,5.741,0
3.38,-21.06,4.56,0.9833,0.1727,-0.0438,-0.0379,-0.61,4.80,6.24,-98.62,-74.50,35.19,7.90,0,1.70,-0.0198,-0.0673,6,1.022,2.389,140.19,2.34,5.741,0
8.94,-15.44,2.31,0.9877,0.1317,-0.0817,-0.0201,0.94,-0.35,2.43,-25.81,-42.81,40.38,2.63,0,1.70,-0.0333,-0.0514,7,0.980,2.366,144.93,2.42,6.721,0
phase1 acc_mag=2.026 gravity=10.149 motion=8.123 moving_avg=7.447 rms=8.947 mean_rms=8.858 max_rms=9.594 min_rms=8.277 std=0.346 var=0.120 state=standing thr=9.551/9.751/10.251
10.06,-13.62,1.56,0.9890,0.1161,-0.0901,-0.0137,2.48,-1.87,-0.55,-38.25,12.00,0.88,3.15,0,1.70,-0.0363,-0.0455,7,0.980,2.366,144.93,2.42,6.721,0
4.12,-16.75,2.94,0.9871,0.1548,-0.0283,-0.0306,-2.88,2.31,5.67,128.88,144.56,-84.62,6.77,0,1.70,-0.0131,-0.0608,7,0.980,2.366,144.93,2.42,6.721,0
-2.81,-19.06,6.31,0.9843,0.1671,0.0159,-0.0548,-3.68,12.80,25.00,24.06,14.31,-42.38,28.33,2,0.20,0.0026,-0.0661,7,0.980,2.366,144.93,2.42,6.721,0
1.19,-21.31,6.81,0.9810,0.1828,-0.0300,-0.0582,0.23,7.10,11.39,6.88,-93.25,23.06,13.42,0,1.70,-0.0160,-0.0710,7,0.980,2.366,144.93,2.42,6.721,0
phase1 acc_mag=10.562 gravity=11.543 motion=0.981 moving_avg=7.365 rms=8.998 mean_rms=8.980 max_rms=9.594 min_rms=8.407 std=0.318 var=0.101 state=standing thr=9.616/9.816/10.316
7.50,-17.81,5.75,0.9846,0.1505,-0.0743,-0.0500,0.30,2.11,6.61,-70.62,-81.81,40.38,6.95,0,1.70,-0.0323,-0.0578,7,0.980,2.366,144.93,2.42,6.721,0
12.31,-14.56,4.06,0.9859,0.1149,-0.1169,-0.0340,1.08,1.57,4.10,-64.19,-46.19,28.56,4.52,0,1.70,-0.0477,-0.0437,8,0.987,2.185,132.74,2.21,7.708,0
13.94,-10.44,3.19,0.9881,0.0858,-0.1246,-0.0278,3.34,-2.64,-1.77,-20.25,18.94,9.00,4.61,0,1.70,-0.0502,-0.0325,8,0.987,2.185,132.74,2.21,7.708,0
7.44,-13.19,3.44,0.9908,0.1122,-0.0691,-0.0300,-2.13,-0.66,3.77,103.56,171.50,-55.62,4.38,0,1.70,-0.0287,-0.0436,8,0.987,2.185,132.74,2.21,7.708,0
phase1 acc_mag=13.595 gravity=11.250 motion=2.345 moving_avg=6.969 rms=8.682 mean_rms=9.011 max_rms=9.594 min_rms=8.542 std=0.274 var=0.075 state=standing thr=9.559/9.759/10.259
-2.62,-16.69,6.62,0.9874,0.1465,0.0151,-0.0571,-6.41,14.71,31.64,42.56,46.00,-37.06,35.48,2,0.20,0.0026,-0.0582,8,0.987,2.185,132.74,2.21,7.708,0
1.50,-18.62,6.50,0.9851,0.1611,-0.0226,-0.0560,-0.15,6.73,12.83,8.94,-100.12,36.69,14.49,0,1.70,-0.0125,-0.0630,8,0.987,2.185,132.74,2.21,7.708,0
8.00,-15.75,4.88,0.9876,0.1273,-0.0826,-0.0401,0.36,1.53,5.68,-64.00,-69.06,40.12,5.89,0,1.70,-0.0347,-0.0489,8,0.987,2.185,132.74,2.21,7.708,0
12.06,-12.00,3.19,0.9886,0.1002,-0.1086,-0.0280,1.33,-0.10,2.73,-25.94,-22.75,17.88,3.04,0,1.70,-0.0441,-0.0384,9,1.037,2.512,145.28,2.42,8.746,0
phase1 acc_mag=2.528 gravity=11.161 motion=8.633 moving_avg=7.215 rms=8.878 mean_rms=8.989 max_rms=9.620 min_rms=8.682 std=0.254 var=0.064 state=standing thr=9.496/9.696/10.196
11.75,-11.44,2.62,0.9899,0.0970,-0.1012,-0.0226,2.76,-2.47,-0.27,14.25,47.69,-2.12,3.71,0,1.70,-0.0409,-0.0375,9,1.037,2.512,145.28,2.42,8.746,0
3.62,-15.38,3.94,0.9899,0.1328,-0.0367,-0.0342,-1.09,2.86,6.16,59.38,145.81,-57.25,6.88,0,1.70,-0.0164,-0.0521,9,1.037,2.512,145.28,2.42,8.746,0
-4.38,-15.12,5.31,0.9893,0.1341,0.0350,-0.0466,-5.64,7.73,25.98,7.69,26.50,-8.06,27.69,2,0.20,0.0114,-0.0537,9,1.037,2.512,145.28,2.42,8.746,0
-1.44,-17.56,5.19,0.9871,0.1536,0.0062,-0.0449,-1.33,5.25,14.49,44.19,-92.06,18.94,15.47,0,1.70,-0.0003,-0.0607,9,1.037,2.512,145.28,2.42,8.746,0
phase1 acc_mag=13.036 gravity=11.533 motion=1.503 moving_avg=7.191 rms=8.764 mean_rms=8.942 max_rms=9.620 min_rms=8.682 std=0.225 var=0.051 state=standing thr=9.392/9.592/10.092
5.69,-15.56,4.75,0.9887,0.1328,-0.0557,-0.0412,-0.65,5.09,8.57,-68.75,-81.50,20.25,9.99,0,1.70,-0.0242,-0.0516,9,1.037,2.512,145.28,2.42,8.746,0
10.38,-10.88,3.81,0.9908,0.0852,-0.1005,-0.0300,0.73,2.05,4.60,-72.12,-74.81,45.50,5.09,0,1.70,-0.0408,-0.0326,10,0.975,2.031,125.00,2.08,9.721,1
14.31,-9.31,1.12,0.9889,0.0781,-0.1260,-0.0100,3.32,-1.09,-0.33,1.81,-22.50,26.94,3.51,0,1.70,-0.0501,-0.0304,10,0.975,2.031,125.00,2.08,9.721,0
11.62,-8.25,0.88,0.9922,0.0704,-0.1021,-0.0081,2.95,-5.26,-2.11,20.88,94.06,-10.25,6.39,0,1.70,-0.0408,-0.0276,10,0.975,2.031,125.00,2.08,9.721,0
phase1 acc_mag=5.262 gravity=11.617 motion=6.354 moving_avg=7.319 rms=8.830 mean_rms=8.915 max_rms=9.620 min_rms=8.682 std=0.224 var=0.050 state=standing thr=9.363/9.563/10.063
1.50,-13.62,3.00,0.9925,0.1183,-0.0167,-0.0262,-4.81,6.71,14.39,57.25,141.50,-52.62,16.59,0,1.70,-0.0079,-0.0468,10,0.975,2.031,125.00,2.08,9.721,0
-3.38,-16.50,3.69,0.9886,0.1445,0.0256,-0.0319,-3.46,8.54,20.42,83.19,7.12,-9.38,22.40,0,1.70,0.0083,-0.0575,10,0.975,2.031,125.00,2.08,9.721,0
-1.12,-20.81,3.94,0.9826,0.1824,0.0012,-0.0344,0.52,4.27,9.02,17.12,-34.44,3.44,9.99,0,1.70,-0.0021,-0.0717,10,0.975,2.031,125.00,2.08,9.721,0
0.25,-20.88,4.31,0.9827,0.1812,-0.0093,-0.0374,-0.22,2.91,7.39,-0.62,-5.06,-5.19,7.95,0,1.70,-0.0064,-0.0711,10,0.975,2.031,125.00,2.08,9.721,0
phase1 acc_mag=8.195 gravity=11.351 motion=3.156 moving_avg=6.897 rms=8.349 mean_rms=8.779 max_rms=9.620 min_rms=8.349 std=0.245 var=0.060 state=standing thr=9.269/9.469/9.969
-0.06,-20.81,4.50,0.9828,0.1803,-0.0051,-0.0393,-1.08,3.69,8.85,-4.62,10.44,-5.00,9.65,0,1.70,-0.0049,-0.0708,10,0.975,2.031,125.00,2.08,9.721,0
-0.56,-20.50,4.81,0.9831,0.1782,-0.0023,-0.0417,-0.40,3.87,8.73,3.56,0.69,-3.69,9.56,0,1.70,-0.0039,-0.0700,10,0.975,2.031,125.00,2.08,9.721,0
-0.69,-20.88,4.94,0.9825,0.1815,-0.0017,-0.0426,-0.09,4.24,8.94,1.44,-2.94,0.94,9.89,0,1.70,-0.0038,-0.0713,10,0.975,2.031,125.00,2.08,9.721,0
-0.69,-20.75,4.88,0.9827,0.1802,-0.0009,-0.0419,-0.77,3.74,9.60,-5.56,3.25,2.00,10.33,0,1.70,-0.0034,-0.0708,10,0.975,2.031,125.00,2.08,9.721,0
phase1 acc_mag=9.817 gravity=10.412 motion=0.595 moving_avg=5.286 rms=6.529 mean_rms=8.514 max_rms=9.156 min_rms=6.529 std=0.529 var=0.280 state=standing thr=9.571/9.771/10.271
-0.62,-20.62,4.88,0.9828,0.1796,-0.0016,-0.0421,-0.79,3.77,8.96,1.38,0.31,-2.44,9.75,0,1.70,-0.0037,-0.0706,10,0.975,2.031,125.00,2.08,9.721,0
-0.75,-20.62,5.00,0.9827,0.1798,-0.0012,-0.0431,-0.40,3.71,8.75,2.19,-0.94,-1.69,9.51,0,1.70,-0.0036,-0.0707,10,0.975,2.031,125.00,2.08,9.721,0
-0.94,-20.69,5.00,0.9827,0.1800,0.0009,-0.0431,-0.65,3.60,9.28,-3.12,1.69,1.19,9.98,0,1.70,-0.0027,-0.0708,10,0.975,2.031,125.00,2.08,9.721,0
phase1 acc_mag=9.947 gravity=11.328 motion=1.381 moving_avg=4.196 rms=5.789 mean_rms=7.973 max_rms=9.156 min_rms=5.789 std=1.027 var=1.055 state=standing thr=10.027/10.227/10.727
-1.12,-20.88,4.94,0.9824,0.1818,0.0027,-0.0427,-0.67,3.82,9.16,-1.62,1.06,2.25,9.95,0,1.70,-0.0021,-0.0715,10,0.975,2.031,125.00,2.08,9.721,0
-1.56,-20.69,5.06,0.9828,0.1796,0.0063,-0.0434,-0.61,3.74,8.92,-4.94,3.12,0.06,9.69,0,1.70,-0.0006,-0.0707,10,0.975,2.031,125.00,2.08,9.721,0
-1.81,-20.56,5.06,0.9828,0.1791,0.0084,-0.0436,-0.60,3.69,8.83,-0.94,-1.12,-0.12,9.59,0,1.70,0.0002,-0.0705,10,0.975,2.031,125.00,2.08,9.721,0
-1.94,-20.62,5.19,0.9827,0.1796,0.0092,-0.0448,-0.65,3.74,9.06,-0.56,-1.19,-2.75,9.82,0,1.70,0.0004,-0.0707,10,0.975,2.031,125.00,2.08,9.721,0
phase1 acc_mag=9.904 gravity=10.007 motion=0.103 moving_avg=3.015 rms=4.376 mean_rms=7.171 max_rms=8.842 min_rms=4.376 std=1.492 var=2.226 state=standing thr=10.154/10.354/10.854
-1.81,-20.69,5.25,0.9825,0.1801,0.0081,-0.0455,-0.46,3.74,8.76,3.81,-3.00,0.25,9.54,0,1.70,-0.0001,-0.0709,10,0.975,2.031,125.00,2.08,9.721,0
-1.81,-20.50,5.31,0.9829,0.1782,0.0084,-0.0456,-0.48,3.47,8.93,-5.31,1.12,-0.94,9.59,0,1.70,0.0001,-0.0702,10,0.975,2.031,125.00,2.08,9.721,0
-2.06,-20.44,5.25,0.9829,0.1782,0.0112,-0.0452,-0.73,3.78,9.17,-4.31,6.44,-0.50,9.95,0,1.70,0.0012,-0.0702,10,0.975,2.031,125.00,2.08,9.721,0
-2.31,-20.19,5.19,0.9832,0.1765,0.0128,-0.0449,-0.71,3.53,9.18,1.19,0.12,0.56,9.86,0,1.70,0.0019,-0.0696,10,0.975,2.031,125.00,2.08,9.721,0
phase1 acc_mag=9.787 gravity=10.416 motion=0.630 moving_avg=1.796 rms=2.980 mean_rms=6.165 max_rms=8.446 min_rms=2.980 std=1.766 var=3.120 state=standing thr=9.698/9.898/10.398
-2.44,-20.25,5.19,0.9832,0.1768,0.0135,-0.0450,-0.62,3.43,8.92,-0.69,-1.31,-0.12,9.58,0,1.70,0.0021,-0.0698,10,0.975,2.031,125.00,2.08,9.721,0
-2.50,-20.25,5.25,0.9831,0.1770,0.0142,-0.0453,-0.64,3.39,8.92,0.50,0.06,-0.62,9.56,0,1.70,0.0024,-0.0699,10,0.975,2.031,125.00,2.08,9.721,0
-2.62,-20.44,5.31,0.9828,0.1783,0.0153,-0.0457,-0.71,3.60,9.12,0.12,-0.31,0.31,9.83,0,1.70,0.0028,-0.0704,10,0.975,2.031,125.00,2.08,9.721,0
-2.69,-20.50,5.31,0.9826,0.1791,0.0155,-0.0459,-0.62,3.51,9.05,-0.75,-0.88,0.38,9.73,0,1.70,0.0028,-0.0707,10,0.975,2.031,125.00,2.08,9.721,0
phase1 acc_mag=9.614 gravity=9.745 motion=0.131 moving_avg=0.845 rms=1.027 mean_rms=4.788 max_rms=8.227 min_rms=1.027 std=2.161 var=4.668 state=standing thr=9.109/9.309/9.809
-2.62,-20.69,5.31,0.9824,0.1805,0.0152,-0.0460,-0.59,3.59,8.76,3.56,-1.94,0.75,9.49,0,1.70,0.0026,-0.0712,10,0.975,2.031,125.00,2.08,9.721,0
-2.69,-20.75,5.31,0.9822,0.1813,0.0157,-0.0461,-0.75,3.58,9.27,1.19,-0.44,0.44,9.97,0,1.70,0.0028,-0.0715,10,0.975,2.031,125.00,2.08,9.721,0
-2.69,-20.81,5.38,0.9821,0.1817,0.0154,-0.0465,-0.63,3.50,9.05,-1.88,-1.00,-1.12,9.72,0,1.70,0.0027,-0.0717,10,0.975,0.000,0.00,0.00,9.721,0
-2.62,-20.81,5.44,0.9821,0.1819,0.0151,-0.0470,-0.59,3.42,8.89,0.00,-2.19,0.19,9.54,0,1.70,0.0025,-0.0717,10,0.975,0.000,0.00,0.00,9.721,0
phase1 acc_mag=9.689 gravity=9.699 motion=0.010 moving_avg=0.573 rms=0.753 mean_rms=3.377 max_rms=6.523 min_rms=0.753 std=2.051 var=4.208 state=standing thr=7.479/7.679/8.179
-2.62,-20.81,5.44,0.9821,0.1818,0.0146,-0.0471,-0.90,3.34,9.20,-0.38,-0.69,1.50,9.83,0,1.70,0.0023,-0.0717,10,0.975,0.000,0.00,0.00,9.721,0
-2.56,-20.75,5.44,0.9822,0.1812,0.0143,-0.0471,-0.58,3.53,9.00,-1.75,0.50,-0.25,9.68,0,1.70,0.0022,-0.0715,10,0.975,0.000,0.00,0.00,9.721,0
-2.62,-20.81,5.44,0.9821,0.1816,0.0146,-0.0471,-0.54,3.59,8.96,0.06,-0.25,-0.06,9.67,0,1.70,0.0023,-0.0716,10,0.975,0.000,0.00,0.00,9.721,0
-2.69,-20.75,5.50,0.9822,0.1811,0.0154,-0.0472,-0.71,3.62,9.20,-0.25,0.25,0.00,9.91,0,1.70,0.0026,-0.0714,10,0.975,0.000,0.00,0.00,9.721,0
phase1 acc_mag=9.781 gravity=9.694 motion=0.087 moving_avg=0.363 rms=0.548 mean_rms=2.223 max_rms=5.727 min_rms=0.548 std=1.656 var=2.743 state=standing thr=5.535/5.735/6.235
-2.69,-20.81,5.50,0.9821,0.1816,0.0154,-0.0473,-0.52,3.45,9.02,-1.94,1.00,-0.31,9.67,0,1.70,0.0026,-0.0716,10,0.975,0.000,0.00,0.00,9.721,0
-2.69,-20.81,5.50,0.9821,0.1817,0.0154,-0.0477,-0.54,3.60,8.84,3.12,-0.94,-0.38,9.56,0,1.70,0.0026,-0.0717,10,0.975,0.000,0.00,0.00,9.721,0
-2.75,-20.81,5.50,0.9821,0.1818,0.0161,-0.0476,-0.65,3.53,9.04,1.19,0.06,-0.06,9.73,0,1.70,0.0028,-0.0717,10,0.975,0.000,0.00,0.00,9.721,0
-2.81,-20.88,5.50,0.9821,0.1819,0.0167,-0.0474,-0.66,3.54,9.16,-2.38,2.25,0.19,9.84,0,1.70,0.0031,-0.0718,10,0.975,0.000,0.00,0.00,9.721,0
phase1 acc_mag=9.726 gravity=9.699 motion=0.027 moving_avg=0.229 rms=0.378 mean_rms=1.282 max_rms=4.092 min_rms=0.378 std=1.091 var=1.190 state=standing thr=3.464/3.664/4.164
-2.88,-20.81,5.44,0.9821,0.1816,0.0169,-0.0467,-0.65,3.61,9.10,-2.38,0.62,1.25,9.81,0,1.70,0.0033,-0.0716,10,0.975,0.000,0.00,0.00,9.721,0
-2.88,-20.62,5.38,0.9824,0.1804,0.0172,-0.0466,-0.60,3.54,9.02,0.94,0.50,0.44,9.71,0,1.70,0.0034,-0.0712,10,0.975,0.000,0.00,0.00,9.721,0
-2.88,-20.69,5.38,0.9823,0.1807,0.0174,-0.0466,-0.62,3.45,8.96,-0.06,0.50,-0.56,9.62,0,1.70,0.0035,-0.0713,10,0.975,0.000,0.00,0.00,9.721,0
phase1 acc_mag=9.811 gravity=9.710 motion=0.101 moving_avg=0.088 rms=0.110 mean_rms=0.638 max_rms=1.446 min_rms=0.110 std=0.349 var=0.122 state=standing thr=1.337/1.537/2.037
-2.94,-20.69,5.44,0.9822,0.1807,0.0178,-0.0470,-0.60,3.54,9.13,-1.62,0.06,-0.06,9.81,0,1.70,0.0036,-0.0713,10,0.975,0.000,0.00,0.00,9.721,0
-3.00,-20.50,5.44,0.9825,0.1792,0.0182,-0.0471,-0.60,3.45,9.11,-2.69,-0.19,-0.19,9.76,0,1.70,0.0038,-0.0708,10,0.975,0.000,0.00,0.00,9.721,0
-2.81,-20.50,5.31,0.9826,0.1791,0.0167,-0.0460,-0.53,3.31,8.96,-0.50,-3.62,2.88,9.57,0,1.70,0.0033,-0.0707,10,0.975,0.000,0.00,0.00,9.721,0
-2.75,-20.25,5.25,0.9832,0.1765,0.0170,-0.0452,-0.44,3.28,9.04,-7.50,1.50,1.88,9.63,0,1.70,0.0035,-0.0697,10,0.975,0.000,0.00,0.00,9.721,0
phase1 acc_mag=9.564 gravity=9.707 motion=0.142 moving_avg=0.083 rms=0.101 mean_rms=0.424 max_rms=0.893 min_rms=0.101 std=0.259 var=0.067 state=standing thr=0.942/1.142/1.642
-2.88,-20.00,5.19,0.9835,0.1746,0.0175,-0.0449,-0.65,3.50,8.95,-3.31,1.44,-1.25,9.63,0,1.70,0.0038,-0.0690,10,0.975,0.000,0.00,0.00,9.721,0
-3.00,-19.62,5.19,0.9840,0.1713,0.0189,-0.0451,-0.74,3.27,9.22,-3.75,2.81,-4.00,9.81,0,1.70,0.0043,-0.0678,10,0.975,0.000,0.00,0.00,9.721,0
-3.19,-19.69,5.19,0.9838,0.1724,0.0208,-0.0449,-0.65,4.24,8.81,1.00,1.00,-0.94,9.80,0,1.70,0.0051,-0.0682,10,0.975,0.000,0.00,0.00,9.721,0
-3.44,-19.31,5.19,0.9843,0.1691,0.0229,-0.0449,-0.74,3.23,9.23,-4.19,3.31,-0.69,9.81,0,1.70,0.0060,-0.0670,10,0.975,0.000,0.00,0.00,9.721,0
phase1 acc_mag=9.688 gravity=9.681 motion=0.007 moving_avg=0.110 rms=0.204 mean_rms=0.299 max_rms=0.732 min_rms=0.098 std=0.198 var=0.039 state=standing thr=0.696/0.896/1.396
-3.50,-19.44,5.19,0.9842,0.1697,0.0238,-0.0450,-0.53,3.24,9.22,-4.00,1.00,1.12,9.79,0,1.70,0.0063,-0.0672,10,0.975,0.000,0.00,0.00,9.721,0
-3.56,-19.31,5.19,0.9843,0.1689,0.0243,-0.0449,-0.66,3.34,9.27,-2.56,0.50,1.44,9.88,0,1.70,0.0065,-0.0670,10,0.975,0.000,0.00,0.00,9.721,0
-3.56,-19.12,5.12,0.9846,0.1677,0.0240,-0.0443,-0.67,3.07,9.03,-1.00,-0.81,1.06,9.56,0,1.70,0.0065,-0.0665,10,0.975,0.000,0.00,0.00,9.721,0
-3.56,-19.12,5.19,0.9846,0.1674,0.0243,-0.0448,-0.72,3.24,9.13,0.62,-0.88,-1.12,9.71,0,1.70,0.0066,-0.0664,10,0.975,0.000,0.00,0.00,9.721,0
phase1 acc_mag=9.835 gravity=9.696 motion=0.139 moving_avg=0.118 rms=0.212 mean_rms=0.212 max_rms=0.415 min_rms=0.098 std=0.102 var=0.010 state=standing thr=0.415/0.615/1.115
-3.62,-19.19,5.19,0.9845,0.1678,0.0245,-0.0450,-0.64,3.13,9.08,1.06,1.06,-0.62,9.63,0,1.70,0.0066,-0.0665,10,0.975,0.000,0.00,0.00,9.721,0
-3.69,-19.31,5.25,0.9842,0.1694,0.0250,-0.0453,-0.74,3.37,8.77,-2.12,1.44,-0.31,9.42,0,1.70,0.0068,-0.0671,10,0.975,0.000,0.00,0.00,9.721,0
-3.88,-19.31,5.19,0.9843,0.1689,0.0267,-0.0451,-0.77,3.34,9.30,-0.88,0.31,0.31,9.91,0,1.70,0.0075,-0.0670,10,0.975,0.000,0.00,0.00,9.721,0
-3.88,-19.25,5.19,0.9843,0.1685,0.0268,-0.0447,-0.84,3.31,9.19,-2.50,0.06,0.81,9.80,0,1.70,0.0075,-0.0668,10,0.975,0.000,0.00,0.00,9.721,0
phase1 acc_mag=9.857 gravity=9.702 motion=0.155 moving_avg=0.127 rms=0.217 mean_rms=0.177 max_rms=0.302 min_rms=0.098 std=0.053 var=0.003 state=standing thr=0.282/0.482/0.982
-3.81,-19.19,5.12,0.9844,0.1679,0.0262,-0.0444,-0.74,3.17,9.09,-0.50,-0.44,0.62,9.66,0,1.70,0.0074,-0.0666,10,0.975,0.000,0.00,0.00,9.721,0
-3.75,-19.12,5.12,0.9846,0.1675,0.0261,-0.0444,-0.67,3.25,9.08,0.44,-0.81,0.31,9.67,0,1.70,0.0073,-0.0664,10,0.975,0.000,0.00,0.00,9.721,0
-3.81,-19.12,5.12,0.9846,0.1674,0.0265,-0.0441,-0.72,3.03,9.36,-0.19,-0.75,0.94,9.86,0,1.70,0.0075,-0.0664,10,0.975,0.000,0.00,0.00,9.721,0
-3.75,-19.12,5.06,0.9846,0.1672,0.0262,-0.0440,-0.64,3.01,9.06,-3.00,-0.06,1.00,9.57,0,1.70,0.0074,-0.0663,10,0.975,0.000,0.00,0.00,9.721,0
phase1 acc_mag=9.596 gravity=9.704 motion=0.107 moving_avg=0.127 rms=0.219 mean_rms=0.188 max_rms=0.221 min_rms=0.098 std=0.046 var=0.002 state=standing thr=0.281/0.481/0.981
-3.81,-18.88,5.06,0.9850,0.1646,0.0265,-0.0441,-0.99,3.59,9.02,-7.81,0.75,-1.31,9.76,0,1.70,0.0075,-0.0653,10,0.975,0.000,0.00,0.00,9.721,0
-3.75,-18.38,5.12,0.9856,0.1609,0.0261,-0.0446,-0.60,2.62,9.29,-19.38,-2.50,2.19,9.67,0,1.70,0.0074,-0.0639,10,0.975,0.000,0.00,0.00,9.721,0
-3.69,-17.44,5.06,0.9869,0.1530,0.0260,-0.0439,-0.76,2.87,9.32,-17.75,0.00,4.00,9.78,0,1.70,0.0076,-0.0608,10,0.975,0.000,0.00,0.00,9.721,0
-3.62,-16.94,5.00,0.9877,0.1484,0.0258,-0.0432,-0.63,3.17,8.90,-3.38,-0.12,0.50,9.47,0,1.70,0.0076,-0.0591,10,0.975,0.000,0.00,0.00,9.721,0
phase1 acc_mag=9.850 gravity=9.718 motion=0.132 moving_avg=0.130 rms=0.221 mean_rms=0.213 max_rms=0.222 min_rms=0.100 std=0.016 var=0.000 state=standing thr=0.244/0.444/0.944
-3.69,-16.56,5.00,0.9880,0.1455,0.0264,-0.0432,-0.64,3.13,9.20,-9.44,0.38,-2.12,9.74,0,1.70,0.0079,-0.0580,10,0.975,0.000,0.00,0.00,9.721,0
-3.94,-15.81,5.31,0.9888,0.1387,0.0287,-0.0462,-0.80,2.70,9.30,-6.38,1.06,-2.62,9.72,0,1.70,0.0088,-0.0554,10,0.975,0.000,0.00,0.00,9.721,0
-4.06,-15.31,5.44,0.9893,0.1348,0.0295,-0.0471,-0.75,2.67,9.29,-9.69,0.94,-1.38,9.70,0,1.70,0.0091,-0.0539,10,0.975,0.000,0.00,0.00,9.721,0
phase1 acc_mag=9.863 gravity=9.731 motion=0.132 moving_avg=0.092 rms=0.118 mean_rms=0.201 max_rms=0.222 min_rms=0.118 std=0.034 var=0.001 state=standing thr=0.268/0.468/0.968
-4.19,-14.81,5.44,0.9898,0.1307,0.0308,-0.0473,-0.83,2.40,9.53,-2.25,1.00,0.56,9.86,0,1.70,0.0097,-0.0523,10,0.975,0.000,0.00,0.00,9.721,0
-4.25,-14.88,5.44,0.9897,0.1310,0.0314,-0.0472,-0.82,2.55,9.41,-0.50,1.44,-0.62,9.78,0,1.70,0.0100,-0.0525,10,0.975,0.000,0.00,0.00,9.721,0
-4.25,-15.06,5.44,0.9895,0.1326,0.0315,-0.0474,-0.73,2.47,9.47,0.88,-0.56,0.81,9.81,0,1.70,0.0099,-0.0531,10,0.975,0.000,0.00,0.00,9.721,0
-4.25,-15.06,5.44,0.9896,0.1326,0.0312,-0.0474,-0.83,2.77,9.15,0.50,-1.56,0.00,9.60,0,1.70,0.0098,-0.0531,10,0.975,0.000,0.00,0.00,9.721,0
phase1 acc_mag=9.568 gravity=9.730 motion=0.163 moving_avg=0.103 rms=0.130 mean_rms=0.182 max_rms=0.222 min_rms=0.118 std=0.045 var=0.002 state=standing thr=0.272/0.472/0.972
-4.31,-15.12,5.44,0.9894,0.1330,0.0317,-0.0475,-0.82,2.53,9.27,-1.50,0.44,-0.25,9.64,0,1.70,0.0100,-0.0532,10,0.975,0.000,0.00,0.00,9.721,0
-4.38,-15.25,5.50,0.9893,0.1342,0.0322,-0.0477,-0.86,2.74,9.34,2.88,0.62,-0.56,9.77,0,1.70,0.0102,-0.0537,10,0.975,0.000,0.00,0.00,9.721,0
-4.44,-15.38,5.56,0.9890,0.1360,0.0330,-0.0486,-0.83,2.50,9.59,3.88,1.06,-2.00,9.95,0,1.70,0.0104,-0.0545,10,0.975,0.000,0.00,0.00,9.721,0
-4.56,-15.88,5.81,0.9883,0.1399,0.0334,-0.0503,-0.71,2.80,9.11,10.94,1.44,-3.12,9.56,0,1.70,0.0104,-0.0560,10,0.975,0.000,0.00,0.00,9.721,0
phase1 acc_mag=9.797 gravity=9.737 motion=0.060 moving_avg=0.100 rms=0.123 mean_rms=0.163 max_rms=0.222 min_rms=0.118 std=0.046 var=0.002 state=standing thr=0.254/0.454/0.954
-4.69,-16.12,5.88,0.9880,0.1419,0.0345,-0.0510,-1.00,2.92,9.49,1.62,2.00,-1.88,9.98,0,1.70,0.0108,-0.0568,10,0.975,0.000,0.00,0.00,9.721,0
-4.75,-16.19,5.88,0.9878,0.1428,0.0348,-0.0511,-0.81,2.81,9.24,1.88,0.44,-0.12,9.69,0,1.70,0.0108,-0.0571,10,0.975,0.000,0.00,0.00,9.721,0
-4.75,-16.19,5.88,0.9878,0.1429,0.0347,-0.0509,-0.85,2.80,9.33,0.12,-0.12,0.94,9.78,0,1.70,0.0108,-0.0572,10,0.975,0.000,0.00,0.00,9.721,0
-4.75,-16.25,5.81,0.9878,0.1430,0.0347,-0.0505,-0.91,2.69,9.30,-1.56,-0.06,1.25,9.72,0,1.70,0.0108,-0.0572,10,0.975,0.000,0.00,0.00,9.721,0
phase1 acc_mag=9.804 gravity=9.743 motion=0.061 moving_avg=0.092 rms=0.117 mean_rms=0.142 max_rms=0.222 min_rms=0.116 std=0.037 var=0.001 state=standing thr=0.216/0.416/0.916
-4.75,-16.19,5.81,0.9879,0.1425,0.0348,-0.0502,-0.93,2.77,9.27,0.31,-0.31,0.06,9.72,0,1.70,0.0109,-0.0570,10,0.975,0.000,0.00,0.00,9.721,0
-4.69,-16.12,5.81,0.9880,0.1423,0.0346,-0.0502,-0.85,2.73,9.24,0.19,0.50,-0.44,9.67,0,1.70,0.0108,-0.0569,10,0.975,0.000,0.00,0.00,9.721,0
-4.75,-16.12,5.81,0.9880,0.1422,0.0350,-0.0502,-0.85,2.73,9.27,-0.75,0.75,0.06,9.70,0,1.70,0.0110,-0.0569,10,0.975,0.000,0.00,0.00,9.721,0
-4.81,-16.25,5.81,0.9878,0.1432,0.0352,-0.0502,-0.82,2.79,9.25,2.62,-0.31,0.62,9.70,0,1.70,0.0110,-0.0573,10,0.975,0.000,0.00,0.00,9.721,0
phase1 acc_mag=9.649 gravity=9.736 motion=0.087 moving_avg=0.081 rms=0.104 mean_rms=0.121 max_rms=0.135 min_rms=0.104 std=0.006 var=0.000 state=standing thr=0.134/0.350/0.850
-4.75,-16.25,5.75,0.9878,0.1432,0.0352,-0.0501,-0.84,2.74,9.31,-1.75,0.31,-0.50,9.74,0,1.70,0.0110,-0.0573,10,0.975,0.000,0.00,0.00,9.721,0
-4.81,-16.25,5.75,0.9878,0.1433,0.0352,-0.0499,-0.82,2.84,9.19,0.38,-0.88,0.69,9.65,0,1.70,0.0110,-0.0573,10,0.975,0.000,0.00,0.00,9.721,0
-4.75,-16.25,5.75,0.9879,0.1431,0.0352,-0.0496,-0.96,2.65,9.34,-0.19,0.00,0.69,9.76,0,1.70,0.0111,-0.0573,10,0.975,0.000,0.00,0.00,9.721,0
-4.81,-16.31,5.75,0.9877,0.1439,0.0355,-0.0496,-0.97,3.24,9.16,1.25,2.88,0.44,9.76,0,1.70,0.0112,-0.0575,10,0.975,0.000,0.00,0.00,9.721,0
phase1 acc_mag=9.678 gravity=9.736 motion=0.058 moving_avg=0.075 rms=0.100 mean_rms=0.116 max_rms=0.130 min_rms=0.098 std=0.009 var=0.000 state=standing thr=0.134/0.350/0.850
-4.88,-16.25,5.69,0.9878,0.1435,0.0359,-0.0495,-0.89,2.95,9.35,0.81,0.12,0.12,9.84,0,1.70,0.0113,-0.0574,10,0.975,0.000,0.00,0.00,9.721,0
-4.88,-16.12,5.69,0.9880,0.1420,0.0363,-0.0493,-0.90,2.56,9.44,0.38,0.38,-0.31,9.82,0,1.70,0.0116,-0.0568,10,0.975,0.000,0.00,0.00,9.721,0
-4.88,-16.12,5.69,0.9879,0.1422,0.0364,-0.0495,-0.85,2.76,9.30,-2.56,0.44,0.00,9.74,0,1.70,0.0116,-0.0569,10,0.975,0.000,0.00,0.00,9.721,0
phase1 acc_mag=9.876 gravity=9.741 motion=0.136 moving_avg=0.065 rms=0.084 mean_rms=0.109 max_rms=0.127 min_rms=0.084 std=0.012 var=0.000 state=standing thr=0.132/0.350/0.850
-4.88,-16.06,5.69,0.9880,0.1416,0.0364,-0.0494,-0.92,2.92,9.39,-0.25,-0.75,1.12,9.88,0,1.70,0.0116,-0.0567,10,0.975,0.000,0.00,0.00,9.721,0
-4.88,-16.06,5.69,0.9881,0.1413,0.0360,-0.0490,-0.92,2.75,9.36,0.12,0.12,0.19,9.80,0,1.70,0.0115,-0.0566,10,0.975,0.000,0.00,0.00,9.721,0
-4.75,-15.88,5.62,0.9883,0.1400,0.0355,-0.0489,-0.88,2.38,9.44,-2.50,-0.25,-0.12,9.78,0,1.70,0.0113,-0.0560,10,0.975,0.000,0.00,0.00,9.721,0
-4.75,-15.81,5.62,0.9883,0.1396,0.0355,-0.0488,-0.71,2.79,9.30,1.31,-0.56,0.81,9.74,0,1.70,0.0113,-0.0559,10,0.975,0.000,0.00,0.00,9.721,0
phase1 acc_mag=9.633 gravity=9.739 motion=0.106 moving_avg=0.057 rms=0.074 mean_rms=0.099 max_rms=0.127 min_rms=0.072 std=0.014 var=0.000 state=standing thr=0.128/0.350/0.850
-4.75,-15.81,5.56,0.9884,0.1395,0.0356,-0.0480,-0.83,2.76,9.34,-0.19,-0.50,0.81,9.77,0,1.70,0.0114,-0.0558,10,0.975,0.000,0.00,0.00,9.721,0
-4.62,-15.88,5.44,0.9885,0.1398,0.0344,-0.0474,-0.79,2.68,9.14,-0.81,-2.25,0.94,9.56,0,1.70,0.0110,-0.0559,10,0.975,0.000,0.00,0.00,9.721,0
-4.62,-15.81,5.44,0.9885,0.1390,0.0346,-0.0472,-0.86,2.81,9.44,0.25,0.00,0.50,9.89,0,1.70,0.0111,-0.0556,10,0.975,0.000,0.00,0.00,9.721,0
-4.62,-15.75,5.38,0.9886,0.1387,0.0347,-0.0468,-0.85,2.69,9.37,-3.06,1.75,0.81,9.79,0,1.70,0.0111,-0.0555,10,0.975,0.000,0.00,0.00,9.721,0
phase1 acc_mag=9.872 gravity=9.732 motion=0.140 moving_avg=0.070 rms=0.091 mean_rms=0.092 max_rms=0.113 min_rms=0.072 std=0.012 var=0.000 state=standing thr=0.115/0.350/0.850
-4.69,-15.75,5.31,0.9886,0.1389,0.0350,-0.0459,-0.80,2.46,9.29,-0.81,1.50,0.81,9.64,0,1.70,0.0113,-0.0556,10,0.975,0.000,0.00,0.00,9.721,0
-4.81,-16.12,5.25,0.9880,0.1432,0.0365,-0.0453,-0.52,2.63,9.17,12.06,6.00,1.88,9.55,0,1.70,0.0118,-0.0573,10,0.975,0.000,0.00,0.00,9.721,0
-5.19,-16.62,5.06,0.9875,0.1461,0.0394,-0.0438,-0.92,2.49,9.52,0.38,-0.69,2.19,9.88,0,1.70,0.0130,-0.0584,10,0.975,0.000,0.00,0.00,9.721,0
phase1 acc_mag=9.110 gravity=9.728 motion=0.618 moving_avg=0.108 rms=0.155 mean_rms=0.092 max_rms=0.155 min_rms=0.072 std=0.014 var=0.000 state=slow thr=0.120/0.350/0.850
-5.06,-16.62,4.94,0.9876,0.1463,0.0385,-0.0425,-0.73,2.70,8.67,-0.25,-0.56,2.06,9.11,0,1.70,0.0127,-0.0584,10,0.975,0.000,0.00,0.00,9.721,0
-6.00,-16.75,4.75,0.9871,0.1462,0.0503,-0.0407,-1.11,4.53,9.18,-17.12,39.25,0.94,10.30,0,1.70,0.0175,-0.0586,10,0.975,0.000,0.00,0.00,9.721,0
-8.44,-13.88,3.69,0.9894,0.1225,0.0705,-0.0320,-5.01,2.45,19.66,-46.88,19.50,-3.56,20.44,0,1.70,0.0263,-0.0494,10,0.975,0.000,0.00,0.00,9.721,0
-4.81,-12.19,4.19,0.9931,0.1074,0.0300,-0.0367,-1.90,3.39,10.73,2.31,-98.81,8.12,11.41,0,1.70,0.0103,-0.0431,10,0.975,0.000,0.00,0.00,9.721,0
phase1 acc_mag=2.866 gravity=10.204 motion=7.338 moving_avg=1.013 rms=2.590 mean_rms=0.357 max_rms=2.590 min_rms=0.072 std=0.680 var=0.463 state=running thr=1.718/1.918/2.418
0.62,-10.81,4.25,0.9952,0.0906,-0.0119,-0.0363,1.79,1.31,-0.15,-44.31,-48.75,9.50,2.22,0,1.70,-0.0061,-0.0359,11,0.940,0.000,0.00,0.00,10.661,0
0.19,-10.81,3.19,0.9951,0.0944,-0.0047,-0.0278,1.89,-1.71,-0.40,44.25,47.19,16.56,2.58,0,1.70,-0.0029,-0.0375,11,0.940,0.000,0.00,0.00,10.661,0
-5.88,-13.06,3.19,0.9918,0.1151,0.0487,-0.0281,-4.37,2.55,13.67,-18.88,99.00,-30.69,14.58,0,1.70,0.0180,-0.0462,11,0.940,0.000,0.00,0.00,10.661,0
-9.31,-14.38,4.25,0.9873,0.1332,0.0778,-0.0377,-2.50,4.96,14.28,74.50,6.56,-5.69,15.32,0,1.70,0.0287,-0.0538,11,0.940,0.000,0.00,0.00,10.661,0
phase1 acc_mag=13.032 gravity=10.088 motion=2.944 moving_avg=2.139 rms=3.717 mean_rms=1.004 max_rms=3.717 min_rms=0.072 std=1.344 var=1.806 state=slow thr=3.692/3.892/4.392
-9.25,-16.12,5.00,0.9859,0.1427,0.0758,-0.0432,-1.10,3.05,9.83,-3.69,-4.62,-3.06,10.35,0,1.70,0.0274,-0.0576,11,0.940,0.000,0.00,0.00,10.661,0
-9.56,-16.19,4.81,0.9858,0.1420,0.0794,-0.0411,-2.57,3.70,11.86,-7.31,13.62,4.56,12.69,0,1.70,0.0290,-0.0573,11,0.940,0.000,0.00,0.00,10.661,0
-7.88,-13.94,4.19,0.9896,0.1232,0.0650,-0.0366,-3.81,3.29,15.51,-39.94,-70.69,13.12,16.31,0,1.70,0.0239,-0.0497,11,0.940,0.000,0.00,0.00,10.661,0
0.00,-12.00,3.50,0.9947,0.0979,-0.0091,-0.0309,2.04,1.29,-1.01,-67.62,-92.00,16.56,2.62,0,1.70,-0.0048,-0.0388,12,0.888,1.725,116.50,1.94,11.549,0
phase1 acc_mag=7.297 gravity=10.501 motion=3.204 moving_avg=3.069 rms=4.589 mean_rms=1.843 max_rms=4.589 min_rms=0.075 std=1.710 var=2.924 state=standing thr=5.263/5.463/5.963
-0.81,-8.00,3.69,0.9970,0.0701,0.0049,-0.0325,2.58,-1.49,-0.74,8.06,68.31,-3.31,3.07,0,1.70,0.0011,-0.0280,12,0.888,1.725,116.50,1.94,11.549,0
-6.25,-12.25,3.12,0.9917,0.1106,0.0591,-0.0277,-3.53,3.51,13.45,32.50,79.94,-10.12,14.34,0,1.70,0.0222,-0.0445,12,0.888,1.725,116.50,1.94,11.549,0
-9.19,-14.81,3.56,0.9880,0.1304,0.0770,-0.0312,-1.84,3.13,12.55,58.38,12.50,-4.44,13.06,0,1.70,0.0288,-0.0525,12,0.888,1.725,116.50,1.94,11.549,0
-9.94,-16.94,4.38,0.9847,0.1483,0.0829,-0.0385,-1.54,3.80,10.37,-0.31,3.62,-11.44,11.15,0,1.70,0.0304,-0.0597,12,0.888,1.725,116.50,1.94,11.549,0
phase1 acc_mag=9.868 gravity=10.644 motion=0.776 moving_avg=3.717 rms=4.933 mean_rms=2.844 max_rms=4.933 min_rms=0.092 std=1.781 var=3.172 state=standing thr=6.405/6.605/7.105
-10.62,-16.94,4.50,0.9841,0.1490,0.0883,-0.0388,-1.63,3.11,10.03,11.75,14.81,4.69,10.63,0,1.70,0.0324,-0.0600,12,0.888,1.725,116.50,1.94,11.549,0
-11.00,-16.62,4.12,0.9843,0.1461,0.0920,-0.0356,-5.05,5.73,18.09,-23.38,-13.00,7.88,19.64,0,1.70,0.0341,-0.0588,12,0.888,1.725,116.50,1.94,11.549,0
-5.00,-15.62,3.00,0.9899,0.1373,0.0275,-0.0242,-3.50,3.25,11.45,-0.25,-140.06,41.50,12.41,0,1.70,0.0096,-0.0546,12,0.888,1.725,116.50,1.94,11.549,0
phase1 acc_mag=5.907 gravity=11.193 motion=5.286 moving_avg=4.757 rms=5.740 mean_rms=3.922 max_rms=5.740 min_rms=0.308 std=1.308 var=1.712 state=standing thr=6.539/6.739/7.239
3.69,-15.25,1.94,0.9905,0.1320,-0.0350,-0.0173,4.27,-1.10,-3.93,-35.44,-47.94,21.06,5.91,0,1.70,-0.0148,-0.0521,13,0.912,1.600,105.26,1.75,12.461,0
0.88,-14.75,2.06,0.9915,0.1282,-0.0105,-0.0181,0.64,-0.57,4.13,31.00,76.25,-12.12,4.22,0,1.70,-0.0051,-0.0508,13,0.912,1.600,105.26,1.75,12.461,0
-4.44,-15.25,2.75,0.9899,0.1342,0.0395,-0.0250,-2.10,3.13,14.32,-8.12,52.19,-17.44,14.81,0,1.70,0.0143,-0.0535,13,0.912,1.600,105.26,1.75,12.461,0
-6.62,-18.12,3.56,0.9854,0.1586,0.0539,-0.0308,-1.15,4.88,11.28,10.81,23.81,-14.44,12.34,0,1.70,0.0193,-0.0632,13,0.912,1.600,105.26,1.75,12.461,0
phase1 acc_mag=10.934 gravity=10.988 motion=0.054 moving_avg=4.339 rms=5.319 mean_rms=4.690 max_rms=5.936 min_rms=2.987 std=0.820 var=0.673 state=standing thr=6.330/6.530/7.030
-7.88,-18.12,3.81,0.9843,0.1604,0.0659,-0.0327,-1.32,3.33,10.37,18.25,16.50,2.12,10.97,0,1.70,0.0238,-0.0640,13,0.912,1.600,105.26,1.75,12.461,0
-9.00,-18.81,3.62,0.9831,0.1644,0.0745,-0.0312,-1.97,3.65,11.24,-7.31,17.25,-4.31,11.98,0,1.70,0.0273,-0.0656,13,0.912,1.600,105.26,1.75,12.461,0
-8.25,-17.75,3.50,0.9850,0.1556,0.0682,-0.0302,-5.15,5.97,18.71,-17.94,-46.25,7.50,20.30,0,1.70,0.0250,-0.0621,13,0.912,1.600,105.26,1.75,12.461,0
-0.25,-14.81,3.44,0.9911,0.1291,-0.0017,-0.0299,-0.38,1.59,5.20,-21.31,-152.56,30.44,5.45,0,1.70,-0.0022,-0.0512,13,0.912,1.600,105.26,1.75,12.461,0
phase1 acc_mag=6.304 gravity=11.494 motion=5.190 moving_avg=4.190 rms=5.306 mean_rms=5.030 max_rms=5.936 min_rms=3.721 std=0.538 var=0.290 state=standing thr=6.107/6.307/6.807
5.06,-15.88,2.19,0.9897,0.1343,-0.0450,-0.0182,3.98,-3.13,-4.77,-31.19,31.06,5.44,6.96,0,1.70,-0.0188,-0.0529,13,0.912,1.600,105.26,1.75,12.461,0
-0.25,-14.88,2.44,0.9913,0.1297,-0.0002,-0.0213,-1.38,2.54,8.06,29.88,77.00,-14.62,8.56,0,1.70,-0.0012,-0.0514,14,0.915,1.466,96.15,1.60,13.375,0
-4.81,-16.12,3.00,0.9883,0.1440,0.0413,-0.0270,-1.39,3.61,12.26,24.62,36.38,-14.19,12.86,0,1.70,0.0148,-0.0574,14,0.915,1.466,96.15,1.60,13.375,0
-6.94,-18.50,3.75,0.9846,0.1620,0.0563,-0.0327,-1.42,4.38,11.10,10.81,24.88,-11.69,12.02,0,1.70,0.0201,-0.0645,14,0.915,1.466,96.15,1.60,13.375,0
phase1 acc_mag=11.603 gravity=11.289 motion=0.314 moving_avg=3.713 rms=4.798 mean_rms=5.230 max_rms=5.936 min_rms=4.768 std=0.310 var=0.096 state=standing thr=5.850/6.050/6.550
-8.06,-19.19,3.94,0.9827,0.1691,0.0668,-0.0340,-1.58,3.50,10.52,13.81,16.06,0.25,11.20,0,1.70,0.0240,-0.0674,14,0.915,1.466,96.15,1.60,13.375,0
-8.75,-19.62,3.75,0.9820,0.1715,0.0720,-0.0327,-2.23,4.10,12.66,-2.50,5.31,4.06,13.49,0,1.70,0.0260,-0.0683,14,0.915,1.466,96.15,1.60,13.375,0
-7.06,-18.50,3.38,0.9857,0.1577,0.0518,-0.0284,-3.92,7.10,17.44,-39.19,-57.00,13.12,19.23,0,1.70,0.0186,-0.0628,14,0.915,1.466,96.15,1.60,13.375,0
1.69,-17.50,1.75,0.9881,0.1521,-0.0175,-0.0152,1.81,0.76,-0.31,18.62,-106.69,31.31,1.99,2,0.20,-0.0078,-0.0600,15,0.898,1.864,124.48,2.07,14.274,1
phase1 acc_mag=6.199 gravity=11.479 motion=5.280 moving_avg=4.036 rms=5.147 mean_rms=5.214 max_rms=5.936 min_rms=4.629 std=0.336 var=0.113 state=standing thr=5.885/6.085/6.585
2.38,-16.06,2.12,0.9896,0.1412,-0.0167,-0.0191,3.69,-3.62,-4.47,20.75,84.94,-20.50,6.83,0,1.70,-0.0077,-0.0558,15,0.898,1.864,124.48,2.07,14.274,0
-4.12,-17.75,2.50,0.9871,0.1552,0.0333,-0.0217,-2.87,5.73,15.03,-0.44,72.00,-21.25,16.34,0,1.70,0.0118,-0.0616,15,0.898,1.864,124.48,2.07,14.274,0
-5.69,-19.88,2.94,0.9834,0.1737,0.0460,-0.0257,-0.47,3.87,10.46,45.31,-9.00,-4.44,11.16,0,1.70,0.0163,-0.0688,15,0.898,1.864,124.48,2.07,14.274,0
phase1 acc_mag=10.126 gravity=11.464 motion=1.338 moving_avg=3.303 rms=4.310 mean_rms=5.092 max_rms=5.936 min_rms=4.310 std=0.345 var=0.119 state=standing thr=5.783/5.983/6.483
-6.25,-19.69,3.88,0.9834,0.1711,0.0504,-0.0341,-1.06,3.79,9.33,-18.31,8.19,-12.56,10.13,0,1.70,0.0175,-0.0680,15,0.898,1.864,124.48,2.07,14.274,0
-7.12,-19.75,3.75,0.9827,0.1727,0.0584,-0.0323,-1.17,2.77,9.41,0.12,9.25,2.06,9.88,0,1.70,0.0207,-0.0686,15,0.898,1.864,124.48,2.07,14.274,0
-7.56,-19.44,3.69,0.9830,0.1700,0.0620,-0.0319,-2.24,5.01,13.25,-13.31,0.00,2.94,14.34,0,1.70,0.0222,-0.0676,15,0.898,1.864,124.48,2.07,14.274,0
-5.25,-17.44,3.19,0.9881,0.1471,0.0357,-0.0270,-3.23,7.34,17.46,-65.88,-75.50,16.88,19.21,0,1.70,0.0125,-0.0585,15,0.898,1.864,124.48,2.07,14.274,0
phase1 acc_mag=9.237 gravity=11.863 motion=2.626 moving_avg=3.452 rms=4.448 mean_rms=4.829 max_rms=5.491 min_rms=4.113 std=0.380 var=0.144 state=standing thr=5.589/5.789/6.289
2.44,-15.19,1.94,0.9908,0.1321,-0.0237,-0.0170,-0.32,-1.54,2.65,8.12,-124.00,41.81,3.08,0,1.70,-0.0103,-0.0522,15,0.898,1.864,124.48,2.07,14.274,0
6.00,-16.06,1.88,0.9886,0.1385,-0.0555,-0.0164,4.70,-5.85,-7.93,34.69,30.06,-20.25,10.92,0,1.70,-0.0229,-0.0544,15,0.898,1.864,124.48,2.07,14.274,0
-1.38,-17.81,4.81,0.9869,0.1555,0.0058,-0.0416,-3.37,7.54,15.41,-46.12,104.00,-57.81,17.48,0,1.70,-0.0003,-0.0615,16,0.893,1.277,85.84,1.43,15.166,0
-5.25,-18.94,5.44,0.9829,0.1732,0.0389,-0.0482,-0.67,4.82,12.99,84.44,-0.06,-13.19,13.87,0,1.70,0.0120,-0.0688,16,0.893,1.277,85.84,1.43,15.166,0
phase1 acc_mag=12.252 gravity=11.783 motion=0.468 moving_avg=3.393 rms=4.384 mean_rms=4.690 max_rms=5.491 min_rms=4.113 std=0.351 var=0.124 state=standing thr=5.393/5.593/6.093
-5.31,-21.62,6.69,0.9794,0.1899,0.0363,-0.0577,-0.47,4.53,9.40,-1.25,-2.94,-8.75,10.45,0,1.70,0.0098,-0.0753,16,0.893,1.277,85.84,1.43,15.166,0
-5.44,-22.25,6.81,0.9783,0.1953,0.0378,-0.0580,-0.39,3.89,7.85,0.00,11.00,1.88,8.77,0,1.70,0.0103,-0.0773,16,0.893,1.277,85.84,1.43,15.166,0
-7.12,-21.50,6.44,0.9790,0.1888,0.0527,-0.0553,-1.03,3.88,9.85,-10.88,32.12,0.31,10.64,0,1.70,0.0164,-0.0751,16,0.893,1.277,85.84,1.43,15.166,0
-6.88,-19.94,5.38,0.9840,0.1665,0.0461,-0.0433,-4.88,9.34,20.99,-102.50,-79.56,47.69,23.49,0,1.70,0.0153,-0.0663,16,0.893,1.277,85.84,1.43,15.166,0
phase1 acc_mag=18.035 gravity=12.164 motion=5.872 moving_avg=3.687 rms=4.659 mean_rms=4.524 max_rms=5.197 min_rms=4.113 std=0.302 var=0.091 state=standing thr=5.127/5.327/5.827
2.44,-14.44,3.75,0.9913,0.1251,-0.0261,-0.0328,-2.07,2.70,10.25,-65.25,-182.19,51.75,10.80,0,1.70,-0.0120,-0.0493,16,0.893,1.277,85.84,1.43,15.166,0
13.56,-12.56,1.75,0.9864,0.1039,-0.1265,-0.0138,4.55,-2.58,-5.72,-15.12,-67.62,24.94,7.75,0,1.70,-0.0505,-0.0403,17,0.892,1.732,116.50,1.94,16.059,0
9.81,-14.75,1.62,0.9882,0.1339,-0.0729,-0.0167,-1.45,1.91,-0.86,101.00,176.25,-53.69,2.55,0,1.70,-0.0297,-0.0524,17,0.892,1.732,116.50,1.94,16.059,0
-0.06,-16.69,3.81,0.9885,0.1472,0.0026,-0.0342,-1.79,5.83,16.31,19.25,77.56,-27.12,17.41,0,1.70,-0.0010,-0.0582,17,0.892,1.732,116.50,1.94,16.059,0
phase1 acc_mag=18.249 gravity=12.032 motion=6.217 moving_avg=3.813 rms=4.787 mean_rms=4.512 max_rms=5.197 min_rms=4.113 std=0.279 var=0.078 state=standing thr=5.070/5.270/5.770
-3.56,-19.69,4.69,0.9839,0.1724,0.0250,-0.0406,-1.06,5.40,13.72,19.50,9.69,-6.50,14.78,0,1.70,0.0070,-0.0683,17,0.892,1.732,116.50,1.94,16.059,0
-3.56,-20.06,5.12,0.9832,0.1754,0.0240,-0.0444,-0.33,3.39,8.15,4.50,8.19,-6.62,8.83,0,1.70,0.0063,-0.0694,17,0.892,1.732,116.50,1.94,16.059,0
-4.44,-19.88,5.19,0.9832,0.1742,0.0317,-0.0447,-0.64,2.89,8.50,2.25,16.75,-0.75,9.00,0,1.70,0.0093,-0.0691,17,0.892,1.732,116.50,1.94,16.059,0
-5.62,-20.31,5.06,0.9821,0.1781,0.0442,-0.0436,-0.71,3.26,9.28,3.38,19.38,-5.00,9.86,0,1.70,0.0143,-0.0707,17,0.892,1.732,116.50,1.94,16.059,0
phase1 acc_mag=10.534 gravity=11.804 motion=1.270 moving_avg=3.855 rms=4.749 mean_rms=4.527 max_rms=4.997 min_rms=4.113 std=0.253 var=0.064 state=standing thr=5.033/5.233/5.733
-7.31,-20.25,5.12,0.9814,0.1780,0.0574,-0.0443,-2.11,4.83,13.61,-10.00,13.25,-1.25,14.59,0,1.70,0.0194,-0.0709,17,0.892,1.732,116.50,1.94,16.059,0
-4.69,-17.94,4.38,0.9874,0.1525,0.0235,-0.0357,-4.66,6.12,18.71,-53.25,-142.06,44.00,20.23,0,1.70,0.0071,-0.0606,17,0.892,1.732,116.50,1.94,16.059,0
9.69,-16.00,3.12,0.9864,0.1355,-0.0894,-0.0273,0.29,1.48,2.49,-12.25,-194.75,43.00,2.91,0,1.70,-0.0367,-0.0525,17,0.892,1.732,116.50,1.94,16.059,0
phase1 acc_mag=18.114 gravity=11.926 motion=6.188 moving_avg=3.993 rms=4.874 mean_rms=4.636 max_rms=4.997 min_rms=4.190 std=0.235 var=0.055 state=standing thr=5.106/5.306/5.806
15.31,-15.94,1.94,0.9819,0.1389,-0.1277,-0.0168,9.57,-6.21,-14.07,67.25,108.81,-23.31,18.11,0,1.70,-0.0511,-0.0537,18,0.895,1.275,85.47,1.42,16.954,0
1.81,-15.50,3.75,0.9904,0.1335,-0.0143,-0.0327,-1.06,3.63,15.47,-13.56,71.25,-11.38,15.93,0,1.70,-0.0074,-0.0527,18,0.895,1.275,85.47,1.42,16.954,0
-1.44,-19.06,3.94,0.9855,0.1661,0.0074,-0.0341,-0.27,4.74,12.45,40.62,17.50,-17.50,13.32,0,1.70,0.0006,-0.0656,18,0.895,1.275,85.47,1.42,16.954,0
-2.62,-19.44,4.94,0.9843,0.1702,0.0192,-0.0438,0.44,3.18,7.37,7.00,33.81,-19.38,8.04,0,1.70,0.0046,-0.0674,18,0.895,1.275,85.47,1.42,16.954,0
phase1 acc_mag=9.399 gravity=11.932 motion=2.533 moving_avg=3.881 rms=4.640 mean_rms=4.696 max_rms=4.997 min_rms=4.194 std=0.212 var=0.045 state=standing thr=5.119/5.319/5.819
-5.75,-19.81,5.50,0.9827,0.1738,0.0431,-0.0473,-0.57,2.78,9.13,14.50,51.94,-10.38,9.56,0,1.70,0.0136,-0.0691,18,0.895,1.275,85.47,1.42,16.954,0
-8.50,-20.94,5.56,0.9795,0.1838,0.0669,-0.0480,-2.26,4.95,14.88,-2.44,6.75,-8.19,15.84,0,1.70,0.0227,-0.0733,18,0.895,1.275,85.47,1.42,16.954,0
-6.00,-19.50,5.94,0.9835,0.1699,0.0370,-0.0509,-2.49,6.63,14.99,-17.75,-73.81,13.88,16.58,0,1.70,0.0111,-0.0676,18,0.895,1.275,85.47,1.42,16.954,0
4.31,-18.06,4.94,0.9859,0.1553,-0.0452,-0.0426,-1.37,3.32,7.92,-23.19,-166.25,46.56,8.70,0,1.70,-0.0205,-0.0605,18,0.895,1.275,85.47,1.42,16.954,0
phase1 acc_mag=2.495 gravity=12.033 motion=9.538 moving_avg=3.657 rms=4.351 mean_rms=4.733 max_rms=4.997 min_rms=4.238 std=0.145 var=0.021 state=standing thr=5.023/5.223/5.723
11.62,-17.69,3.81,0.9822,0.1483,-0.1106,-0.0317,5.04,-1.46,-6.06,4.88,-30.06,16.06,8.02,0,1.70,-0.0453,-0.0568,19,0.848,1.357,96.00,1.60,17.802,0
5.81,-19.44,3.69,0.9838,0.1666,-0.0570,-0.0320,-1.93,2.52,7.24,42.94,148.19,-42.06,7.91,0,1.70,-0.0246,-0.0648,19,0.848,1.357,96.00,1.60,17.802,0
-0.19,-19.19,4.56,0.9844,0.1708,-0.0002,-0.0408,-0.91,3.93,14.90,22.31,58.06,-18.69,15.44,0,1.70,-0.0029,-0.0672,19,0.848,1.357,96.00,1.60,17.802,0
-2.38,-21.75,6.12,0.9803,0.1898,0.0109,-0.0529,0.81,4.21,8.87,13.12,8.00,-19.62,9.85,0,1.70,0.0003,-0.0747,19,0.848,1.357,96.00,1.60,17.802,0
phase1 acc_mag=9.984 gravity=11.881 motion=1.897 moving_avg=3.230 rms=3.851 mean_rms=4.574 max_rms=4.929 min_rms=3.851 std=0.295 var=0.087 state=standing thr=5.164/5.364/5.864
-3.69,-21.81,6.81,0.9796,0.1906,0.0236,-0.0589,-0.29,4.49,10.09,-5.31,21.31,-9.44,11.05,0,1.70,0.0047,-0.0752,19,0.848,1.357,96.00,1.60,17.802,0
-5.19,-22.19,6.69,0.9785,0.1946,0.0380,-0.0574,-0.77,4.04,9.86,3.06,33.81,-3.88,10.68,0,1.70,0.0104,-0.0771,19,0.848,1.357,96.00,1.60,17.802,0
-6.81,-21.44,6.25,0.9793,0.1883,0.0505,-0.0538,-2.03,5.52,14.54,-25.19,5.25,14.81,15.68,0,1.70,0.0157,-0.0748,19,0.848,1.357,96.00,1.60,17.802,0
-3.38,-19.31,4.62,0.9857,0.1637,0.0144,-0.0379,-3.50,5.63,17.31,-58.44,-85.00,43.19,18.54,0,1.70,0.0032,-0.0648,19,0.848,1.357,96.00,1.60,17.802,0
phase1 acc_mag=13.490 gravity=12.643 motion=0.846 moving_avg=3.327 rms=4.002 mean_rms=4.383 max_rms=4.929 min_rms=3.760 std=0.401 var=0.161 state=standing thr=5.186/5.386/5.886
6.81,-16.00,3.12,0.9874,0.1346,-0.0798,-0.0257,0.03,-0.12,4.65,-20.56,-182.50,43.31,4.65,0,1.70,-0.0329,-0.0523,19,0.848,1.357,96.00,1.60,17.802,0
12.25,-16.62,2.44,0.9836,0.1403,-0.1110,-0.0210,3.77,-1.38,-3.79,10.19,89.00,-21.94,5.52,0,1.70,-0.0448,-0.0543,19,0.848,1.357,96.00,1.60,17.802,0
4.38,-16.38,3.06,0.9889,0.1418,-0.0353,-0.0270,-0.58,1.33,9.86,-1.81,90.06,-16.19,9.97,0,1.70,-0.0155,-0.0557,20,0.882,1.317,89.55,1.49,18.684,0
phase1 acc_mag=14.119 gravity=11.857 motion=2.261 moving_avg=3.022 rms=3.605 mean_rms=4.174 max_rms=4.849 min_rms=3.605 std=0.367 var=0.135 state=standing thr=4.908/5.108/5.608
-1.12,-18.00,3.94,0.9871,0.1567,0.0046,-0.0340,-0.69,3.80,13.58,22.50,29.56,-16.81,14.12,0,1.70,-0.0003,-0.0619,20,0.882,1.317,89.55,1.49,18.684,0
-2.12,-20.19,5.25,0.9832,0.1763,0.0110,-0.0452,-0.13,5.62,10.32,13.00,16.31,-16.12,11.75,0,1.70,0.0012,-0.0695,20,0.882,1.317,89.55,1.49,18.684,0
-3.00,-20.06,5.44,0.9830,0.1765,0.0195,-0.0460,-0.22,3.23,9.21,11.25,11.38,7.56,9.76,0,1.70,0.0044,-0.0698,20,0.882,1.317,89.55,1.49,18.684,0
-3.44,-20.56,5.00,0.9825,0.1798,0.0229,-0.0433,-0.49,3.16,8.95,2.00,1.56,0.50,9.50,0,1.70,0.0059,-0.0711,20,0.882,1.317,89.55,1.49,18.684,0
phase1 acc_mag=9.735 gravity=11.597 motion=1.863 moving_avg=2.746 rms=3.429 mean_rms=3.937 max_rms=4.672 min_rms=3.421 std=0.344 var=0.118 state=standing thr=4.625/4.825/5.325
-3.56,-20.81,5.00,0.9821,0.1821,0.0245,-0.0434,-0.22,3.89,8.74,1.81,4.56,-2.25,9.57,0,1.70,0.0065,-0.0719,20,0.882,1.317,89.55,1.49,18.684,0
-4.00,-20.88,5.00,0.9819,0.1825,0.0278,-0.0433,-0.49,3.67,9.59,3.75,4.88,-1.19,10.28,0,1.70,0.0077,-0.0722,20,0.882,1.317,89.55,1.49,18.684,0
-3.94,-20.94,5.06,0.9818,0.1830,0.0272,-0.0435,-0.37,3.30,9.18,-1.00,-2.69,0.19,9.76,0,1.70,0.0075,-0.0723,20,0.882,1.317,89.55,1.49,18.684,0
-3.75,-21.00,5.12,0.9818,0.1833,0.0255,-0.0439,-0.27,3.66,8.71,0.62,-2.44,-1.25,9.45,0,1.70,0.0068,-0.0724,20,0.882,1.317,89.55,1.49,18.684,0
phase1 acc_mag=9.534 gravity=11.023 motion=1.489 moving_avg=2.260 rms=2.901 mean_rms=3.690 max_rms=4.174 min_rms=2.901 std=0.299 var=0.089 state=standing thr=4.288/4.488/4.988
-3.69,-21.00,5.12,0.9818,0.1832,0.0250,-0.0441,-0.37,3.39,9.07,-1.19,2.00,-0.31,9.69,0,1.70,0.0066,-0.0724,20,0.882,1.317,89.55,1.49,18.684,0
-3.75,-20.94,5.12,0.9818,0.1830,0.0255,-0.0442,-0.37,3.52,9.05,-1.00,1.94,-0.56,9.72,0,1.70,0.0068,-0.0723,20,0.882,1.317,89.55,1.49,18.684,0
-3.81,-20.94,5.19,0.9818,0.1831,0.0256,-0.0448,-0.45,3.68,9.09,-0.69,-0.12,-1.69,9.82,0,1.70,0.0068,-0.0724,20,0.882,1.317,89.55,1.49,18.684,0
-3.75,-20.94,5.19,0.9818,0.1831,0.0251,-0.0447,-0.34,3.44,9.17,0.62,-0.88,1.25,9.80,0,1.70,0.0066,-0.0724,20,0.882,1.317,89.55,1.49,18.684,0
phase1 acc_mag=9.921 gravity=10.715 motion=0.795 moving_avg=2.021 rms=2.602 mean_rms=3.420 max_rms=4.044 min_rms=2.602 std=0.450 var=0.203 state=standing thr=4.320/4.520/5.020
-3.50,-20.94,5.19,0.9818,0.1830,0.0231,-0.0449,-0.28,3.54,8.95,-0.06,-2.81,0.44,9.63,0,1.70,0.0058,-0.0723,20,0.882,1.317,89.55,1.49,18.684,0
-3.38,-20.88,5.19,0.9819,0.1824,0.0220,-0.0447,-0.37,3.43,8.94,-1.81,0.12,-0.19,9.58,0,1.70,0.0054,-0.0720,20,0.882,1.317,89.55,1.49,18.684,0
-3.31,-20.88,5.19,0.9819,0.1825,0.0215,-0.0445,-0.33,3.41,8.95,0.31,1.06,1.06,9.58,0,1.70,0.0052,-0.0721,20,0.882,1.317,89.55,1.49,18.684,0
-3.38,-20.75,5.12,0.9822,0.1812,0.0220,-0.0440,-0.37,3.25,9.13,-3.31,0.75,0.06,9.70,0,1.70,0.0054,-0.0716,20,0.882,1.317,89.55,1.49,18.684,0
phase1 acc_mag=9.758 gravity=9.919 motion=0.161 moving_avg=1.589 rms=2.095 mean_rms=3.139 max_rms=4.044 min_rms=2.095 std=0.535 var=0.286 state=standing thr=4.209/4.409/4.909
-3.38,-20.69,5.12,0.9823,0.1808,0.0221,-0.0441,-0.41,3.52,9.10,0.62,0.12,0.50,9.77,0,1.70,0.0055,-0.0714,20,0.882,1.317,89.55,1.49,18.684,0
-3.31,-20.62,5.06,0.9824,0.1802,0.0216,-0.0438,-0.33,3.49,9.01,-1.94,-0.38,0.31,9.67,0,1.70,0.0053,-0.0712,20,0.882,1.317,89.55,1.49,18.684,0
-3.25,-20.62,5.00,0.9824,0.1803,0.0214,-0.0431,-0.45,3.46,9.10,1.00,1.00,0.31,9.75,0,1.70,0.0053,-0.0712,20,0.882,1.317,89.55,1.49,18.684,0
-3.25,-20.38,4.88,0.9828,0.1782,0.0212,-0.0422,-0.47,3.18,9.18,-2.31,-0.19,1.25,9.73,0,1.70,0.0053,-0.0704,20,0.882,1.317,89.55,1.49,18.684,0
phase1 acc_mag=9.588 gravity=9.856 motion=0.268 moving_avg=0.973 rms=1.110 mean_rms=2.666 max_rms=3.590 min_rms=1.110 std=0.727 var=0.529 state=standing thr=4.121/4.321/4.821
-3.19,-20.50,4.88,0.9827,0.1791,0.0206,-0.0419,-0.38,3.37,9.01,-0.62,0.31,0.69,9.63,0,1.70,0.0051,-0.0707,20,0.882,1.317,89.55,1.49,18.684,0
-3.19,-20.50,4.81,0.9828,0.1788,0.0211,-0.0415,-0.47,3.42,9.21,-2.31,2.19,0.62,9.84,0,1.70,0.0053,-0.0706,20,0.882,1.317,89.55,1.49,18.684,0
-3.19,-20.50,4.75,0.9827,0.1791,0.0212,-0.0411,-0.38,3.33,9.08,1.12,0.44,0.56,9.68,0,1.70,0.0054,-0.0707,20,0.882,1.317,89.55,1.49,18.684,0
phase1 acc_mag=9.803 gravity=9.725 motion=0.078 moving_avg=0.720 rms=0.885 mean_rms=2.149 max_rms=3.428 min_rms=0.885 std=0.826 var=0.683 state=standing thr=3.802/4.002/4.502
-3.19,-20.44,4.75,0.9828,0.1784,0.0214,-0.0410,-0.46,3.38,9.19,-0.44,-0.56,0.88,9.80,0,1.70,0.0055,-0.0705,20,0.882,1.317,89.55,1.49,18.684,0
-3.12,-20.50,4.69,0.9828,0.1786,0.0207,-0.0406,-0.41,3.36,9.15,-2.12,0.38,0.56,9.76,0,1.70,0.0052,-0.0705,20,0.882,1.317,89.55,1.49,18.684,0
-3.12,-20.44,4.69,0.9829,0.1783,0.0204,-0.0402,-0.41,3.47,8.94,0.31,-0.06,0.25,9.60,0,1.70,0.0052,-0.0704,20,0.882,1.317,89.55,1.49,18.684,0
-3.06,-20.38,4.62,0.9830,0.1783,0.0203,-0.0399,-0.35,3.42,8.99,1.06,-0.44,1.19,9.62,0,1.70,0.0051,-0.0704,20,0.882,1.317,89.55,1.49,18.684,0
phase1 acc_mag=10.060 gravity=9.701 motion=0.359 moving_avg=0.485 rms=0.673 mean_rms=1.658 max_rms=2.879 min_rms=0.673 std=0.762 var=0.581 state=standing thr=3.183/3.383/3.883
-3.06,-20.31,4.56,0.9831,0.1776,0.0201,-0.0393,-0.30,2.95,9.19,-6.00,-0.50,2.56,9.66,0,1.70,0.0051,-0.0702,20,0.882,0.000,0.00,0.00,18.684,0
-3.00,-20.44,4.50,0.9830,0.1782,0.0204,-0.0389,-0.44,3.47,9.09,-2.12,3.75,-0.94,9.74,0,1.70,0.0052,-0.0704,20,0.882,0.000,0.00,0.00,18.684,0
-3.19,-20.25,4.50,0.9832,0.1771,0.0216,-0.0390,-0.58,3.72,9.41,3.88,-0.31,0.44,10.14,0,1.70,0.0057,-0.0700,20,0.882,0.000,0.00,0.00,18.684,0
-3.06,-20.25,4.44,0.9833,0.1767,0.0204,-0.0386,-0.28,3.26,9.17,-0.31,-1.88,-0.31,9.74,0,1.70,0.0053,-0.0698,20,0.882,0.000,0.00,0.00,18.684,0
phase1 acc_mag=9.729 gravity=9.708 motion=0.020 moving_avg=0.291 rms=0.426 mean_rms=1.233 max_rms=2.593 min_rms=0.426 std=0.678 var=0.460 state=standing thr=2.590/2.790/3.290
-2.88,-20.25,4.50,0.9833,0.1766,0.0189,-0.0389,-0.39,3.30,8.99,-0.50,-2.19,-0.31,9.58,0,1.70,0.0047,-0.0698,20,0.882,0.000,0.00,0.00,18.684,0
-2.75,-20.31,4.56,0.9832,0.1776,0.0173,-0.0397,-0.19,3.36,8.72,2.31,-3.19,-0.12,9.35,0,1.70,0.0040,-0.0701,20,0.882,0.000,0.00,0.00,18.684,0
-2.88,-20.31,4.62,0.9831,0.1776,0.0187,-0.0400,-0.41,3.32,9.18,-3.19,3.06,-1.38,9.77,0,1.70,0.0045,-0.0701,20,0.882,0.000,0.00,0.00,18.684,0
-3.00,-20.44,4.62,0.9829,0.1785,0.0197,-0.0402,-0.54,3.70,9.42,0.88,0.62,-0.44,10.13,0,1.70,0.0049,-0.0705,20,0.882,0.000,0.00,0.00,18.684,0
phase1 acc_mag=9.934 gravity=9.713 motion=0.221 moving_avg=0.183 rms=0.233 mean_rms=0.793 max_rms=1.818 min_rms=0.226 std=0.409 var=0.168 state=standing thr=1.612/1.812/2.312
-2.94,-20.31,4.69,0.9832,0.1774,0.0188,-0.0403,-0.36,3.45,9.23,-0.12,-2.75,-0.44,9.86,0,1.70,0.0045,-0.0701,20,0.882,0.000,0.00,0.00,18.684,0
-2.75,-20.25,4.69,0.9833,0.1767,0.0172,-0.0405,-0.36,3.29,9.04,-3.44,-2.00,-0.12,9.63,0,1.70,0.0039,-0.0698,20,0.882,0.000,0.00,0.00,18.684,0
-2.62,-20.12,4.69,0.9835,0.1753,0.0164,-0.0407,-0.48,3.16,8.98,-2.06,-0.19,0.00,9.53,0,1.70,0.0036,-0.0692,20,0.882,0.000,0.00,0.00,18.684,0
-2.75,-19.88,4.81,0.9838,0.1736,0.0176,-0.0417,-0.42,3.07,9.00,-1.50,2.69,-2.94,9.52,0,1.70,0.0040,-0.0686,20,0.882,0.000,0.00,0.00,18.684,0
phase1 acc_mag=9.562 gravity=9.699 motion=0.136 moving_avg=0.148 rms=0.190 mean_rms=0.547 max_rms=1.088 min_rms=0.190 std=0.304 var=0.092 state=standing thr=1.155/1.355/1.855
-2.94,-20.06,5.00,0.9835,0.1750,0.0187,-0.0430,-0.46,3.69,9.22,3.75,2.12,-1.69,9.94,0,1.70,0.0043,-0.0692,20,0.882,0.000,0.00,0.00,18.684,0
-3.00,-20.00,5.00,0.9835,0.1748,0.0190,-0.0434,-0.40,3.60,9.34,-0.19,-1.06,0.00,10.02,0,1.70,0.0045,-0.0691,20,0.882,0.000,0.00,0.00,18.684,0
-2.81,-20.00,4.94,0.9835,0.1747,0.0175,-0.0429,-0.38,3.39,9.12,-2.62,-2.31,1.69,9.74,0,1.70,0.0039,-0.0690,20,0.882,0.000,0.00,0.00,18.684,0
-2.62,-19.88,4.88,0.9838,0.1733,0.0161,-0.0418,-0.35,3.25,9.15,-3.19,-2.44,2.44,9.72,0,1.70,0.0034,-0.0685,20,0.882,0.000,0.00,0.00,18.684,0
phase1 acc_mag=9.548 gravity=9.728 motion=0.180 moving_avg=0.167 rms=0.207 mean_rms=0.381 max_rms=0.827 min_rms=0.190 std=0.215 var=0.046 state=standing thr=0.810/1.010/1.510
-2.50,-19.81,4.75,0.9839,0.1730,0.0150,-0.0410,-0.30,3.26,9.01,-0.50,-0.94,0.88,9.59,0,1.70,0.0031,-0.0683,20,0.882,0.000,0.00,0.00,18.684,0
-2.38,-19.81,4.75,0.9839,0.1730,0.0141,-0.0410,-0.15,3.02,8.62,3.12,-0.88,0.62,9.13,0,1.70,0.0027,-0.0683,20,0.882,0.000,0.00,0.00,18.684,0
-2.56,-19.94,4.88,0.9837,0.1740,0.0163,-0.0422,-0.41,3.25,8.89,1.44,6.50,-5.00,9.47,0,1.70,0.0035,-0.0687,20,0.882,0.000,0.00,0.00,18.684,0
-3.00,-20.00,5.06,0.9835,0.1749,0.0189,-0.0439,-0.61,3.90,9.70,2.00,2.50,-4.19,10.47,0,1.70,0.0043,-0.0691,20,0.882,0.000,0.00,0.00,18.684,0
phase1 acc_mag=10.439 gravity=9.720 motion=0.719 moving_avg=0.238 rms=0.303 mean_rms=0.277 max_rms=0.595 min_rms=0.190 std=0.109 var=0.012 state=standing thr=0.494/0.694/1.194
-2.94,-19.88,5.19,0.9836,0.1735,0.0182,-0.0449,-0.39,3.48,9.36,-0.25,-4.19,1.69,9.99,0,1.70,0.0041,-0.0686,20,0.882,0.000,0.00,0.00,18.684,0
-2.62,-19.62,5.12,0.9840,0.1716,0.0160,-0.0445,-0.40,3.32,9.11,-4.19,-2.25,0.56,9.70,0,1.70,0.0032,-0.0678,20,0.882,0.000,0.00,0.00,18.684,0
-2.50,-19.38,5.06,0.9845,0.1691,0.0149,-0.0440,-0.37,3.25,9.03,-6.75,-1.81,1.12,9.60,0,1.70,0.0029,-0.0668,20,0.882,0.000,0.00,0.00,18.684,0
-2.44,-19.00,5.06,0.9850,0.1658,0.0145,-0.0441,-0.24,2.81,8.94,-2.38,-1.25,-1.31,9.37,0,1.70,0.0028,-0.0656,20,0.882,0.000,0.00,0.00,18.684,0
phase1 acc_mag=9.396 gravity=9.693 motion=0.297 moving_avg=0.232 rms=0.300 mean_rms=0.240 max_rms=0.328 min_rms=0.190 std=0.041 var=0.002 state=standing thr=0.322/0.522/1.022
-2.50,-18.88,5.19,0.9852,0.1649,0.0149,-0.0447,-0.27,3.10,8.91,-3.00,2.06,-1.25,9.44,0,1.70,0.0029,-0.0652,20,0.882,0.000,0.00,0.00,18.684,0
-2.75,-18.81,5.31,0.9852,0.1644,0.0170,-0.0461,-0.41,3.41,9.23,-0.25,3.75,-2.19,9.85,0,1.70,0.0037,-0.0651,20,0.882,0.000,0.00,0.00,18.684,0
-2.81,-18.75,5.31,0.9852,0.1640,0.0175,-0.0460,-0.44,3.38,9.45,-1.81,-2.25,0.12,10.05,0,1.70,0.0039,-0.0650,20,0.882,0.000,0.00,0.00,18.684,0
-2.50,-18.69,5.25,0.9855,0.1632,0.0146,-0.0452,-0.28,3.10,9.16,-4.12,-5.25,4.31,9.67,0,1.70,0.0028,-0.0646,20,0.882,0.000,0.00,0.00,18.684,0
phase1 acc_mag=9.538 gravity=9.718 motion=0.181 moving_avg=0.238 rms=0.305 mean_rms=0.251 max_rms=0.305 min_rms=0.190 std=0.046 var=0.002 state=standing thr=0.342/0.542/1.042
-2.25,-18.50,5.12,0.9857,0.1618,0.0129,-0.0443,-0.27,2.80,8.96,-0.69,-0.94,1.00,9.39,0,1.70,0.0022,-0.0640,20,0.882,0.000,0.00,0.00,18.684,0
-2.38,-18.44,5.19,0.9858,0.1609,0.0142,-0.0448,-0.28,3.21,8.99,-3.88,4.44,-2.88,9.55,0,1.70,0.0027,-0.0637,20,0.882,0.000,0.00,0.00,18.684,0
-2.69,-18.12,5.31,0.9861,0.1589,0.0168,-0.0462,-0.44,3.33,9.39,-4.00,3.38,-1.88,9.97,0,1.70,0.0037,-0.0630,20,0.882,0.000,0.00,0.00,18.684,0
-2.75,-18.00,5.38,0.9863,0.1572,0.0171,-0.0467,-0.36,3.15,9.41,0.25,-2.62,0.50,9.93,0,1.70,0.0038,-0.0623,20,0.882,0.000,0.00,0.00,18.684,0
phase1 acc_mag=9.774 gravity=9.729 motion=0.045 moving_avg=0.258 rms=0.325 mean_rms=0.277 max_rms=0.328 min_rms=0.201 std=0.042 var=0.002 state=standing thr=0.361/0.561/1.061
-2.69,-17.69,5.44,0.9867,0.1547,0.0166,-0.0469,-0.50,3.08,9.47,-3.75,-1.50,0.25,9.97,0,1.70,0.0037,-0.0614,20,0.882,0.000,0.00,0.00,18.684,0
-2.56,-17.38,5.38,0.9871,0.1523,0.0157,-0.0466,-0.44,2.95,9.58,-5.00,-0.12,-0.50,10.03,0,1.70,0.0034,-0.0604,20,0.882,0.000,0.00,0.00,18.684,0
-2.44,-17.25,5.44,0.9874,0.1508,0.0146,-0.0469,-0.30,3.04,8.84,0.81,-3.19,0.62,9.35,0,1.70,0.0029,-0.0598,20,0.882,0.000,0.00,0.00,18.684,0
phase1 acc_mag=8.600 gravity=9.656 motion=1.056 moving_avg=0.317 rms=0.414 mean_rms=0.305 max_rms=0.414 min_rms=0.213 std=0.030 var=0.001 state=slow thr=0.364/0.564/1.064
-2.50,-17.25,5.44,0.9872,0.1516,0.0161,-0.0472,-0.10,2.46,8.24,3.81,6.25,-2.31,8.60,0,1.70,0.0035,-0.0602,20,0.882,0.000,0.00,0.00,18.684,0
-3.31,-17.94,5.75,0.9861,0.1570,0.0220,-0.0496,-0.70,4.21,10.11,4.06,8.44,-3.38,10.97,0,1.70,0.0056,-0.0624,20,0.882,0.000,0.00,0.00,18.684,0
-3.44,-18.00,5.44,0.9860,0.1583,0.0231,-0.0468,-0.47,3.17,9.74,5.00,-1.94,5.94,10.25,0,1.70,0.0061,-0.0629,20,0.882,0.000,0.00,0.00,18.684,0
-3.25,-17.94,5.12,0.9863,0.1571,0.0219,-0.0446,-0.66,2.26,9.69,-4.19,-2.12,1.25,9.97,0,1.70,0.0058,-0.0624,20,0.882,0.000,0.00,0.00,18.684,0
phase1 acc_mag=9.660 gravity=9.763 motion=0.103 moving_avg=0.341 rms=0.470 mean_rms=0.342 max_rms=0.486 min_rms=0.291 std=0.061 var=0.004 state=slow thr=0.463/0.663/1.163
-3.00,-17.88,5.00,0.9866,0.1562,0.0198,-0.0430,-0.35,3.04,8.76,-2.88,-1.44,3.56,9.28,0,1.70,0.0051,-0.0620,20,0.882,0.000,0.00,0.00,18.684,0
-3.00,-17.69,4.75,0.9869,0.1547,0.0203,-0.0410,-0.29,2.51,8.38,1.44,2.06,2.19,8.75,0,1.70,0.0055,-0.0614,20,0.882,0.000,0.00,0.00,18.684,0
-3.38,-17.75,4.62,0.9867,0.1556,0.0239,-0.0399,-0.49,3.09,8.88,3.31,10.19,-2.31,9.42,0,1.70,0.0069,-0.0618,20,0.882,0.000,0.00,0.00,18.684,0
-4.00,-17.81,4.62,0.9865,0.1562,0.0292,-0.0402,-1.20,3.55,10.67,-1.38,4.12,-1.19,11.31,0,1.70,0.0090,-0.0621,20,0.882,0.000,0.00,0.00,18.684,0
phase1 acc_mag=11.038 gravity=9.764 motion=1.274 moving_avg=0.489 rms=0.633 mean_rms=0.390 max_rms=0.633 min_rms=0.291 std=0.095 var=0.009 state=slow thr=0.579/0.779/1.279
-3.75,-17.88,4.56,0.9866,0.1566,0.0262,-0.0391,-0.57,3.26,9.60,2.56,-8.19,4.81,10.15,0,1.70,0.0079,-0.0622,20,0.882,0.000,0.00,0.00,18.684,0
-3.12,-17.56,4.38,0.9871,0.1539,0.0222,-0.0378,-0.42,2.55,8.69,-7.69,-4.06,0.81,9.07,0,1.70,0.0064,-0.0611,20,0.882,0.000,0.00,0.00,18.684,0
-3.00,-17.38,4.38,0.9874,0.1523,0.0211,-0.0382,-0.49,3.03,8.64,-1.69,-2.19,0.44,9.17,0,1.70,0.0060,-0.0605,20,0.882,0.000,0.00,0.00,18.684,0
-3.00,-17.62,4.31,0.9871,0.1545,0.0213,-0.0371,-0.50,3.14,9.33,3.31,1.81,1.50,9.86,0,1.70,0.0061,-0.0613,20,0.882,0.000,0.00,0.00,18.684,0
phase1 acc_mag=9.981 gravity=9.706 motion=0.275 moving_avg=0.514 rms=0.650 mean_rms=0.465 max_rms=0.654 min_rms=0.315 std=0.126 var=0.016 state=standing thr=0.717/0.917/1.417
-3.00,-17.75,4.19,0.9870,0.1553,0.0211,-0.0364,-0.57,3.26,9.62,-1.00,-0.75,1.44,10.17,0,1.70,0.0061,-0.0616,20,0.882,0.000,0.00,0.00,18.684,0
-2.81,-17.81,4.12,0.9870,0.1555,0.0193,-0.0357,-0.47,3.15,9.35,0.81,-3.25,0.56,9.88,0,1.70,0.0054,-0.0617,20,0.882,0.000,0.00,0.00,18.684,0
-2.19,-17.75,4.19,0.9870,0.1559,0.0119,-0.0366,-0.87,2.57,9.37,8.12,-24.25,3.00,9.75,0,1.70,0.0024,-0.0617,20,0.882,0.000,0.00,0.00,18.684,0
-2.94,-20.50,4.50,0.9828,0.1791,0.0193,-0.0391,1.43,1.06,3.83,54.88,85.88,-45.94,4.22,0,1.70,0.0048,-0.0707,21,0.747,0.000,0.00,0.00,19.431,0
phase1 acc_mag=14.442 gravity=9.459 motion=4.983 moving_avg=0.863 rms=1.557 mean_rms=0.573 max_rms=1.557 min_rms=0.321 std=0.211 var=0.044 state=walking thr=0.995/1.195/1.695
-7.38,-19.00,6.25,0.9828,0.1674,0.0564,-0.0536,-5.54,9.96,22.20,-49.75,-14.06,-3.69,24.95,0,1.70,0.0186,-0.0670,21,0.747,0.000,0.00,0.00,19.431,0
-1.62,-19.81,5.19,0.9839,0.1727,0.0067,-0.0447,-1.28,1.32,9.64,59.69,-116.56,39.12,9.81,0,1.70,-0.0005,-0.0681,21,0.747,0.000,0.00,0.00,19.431,0
3.56,-21.12,4.56,0.9818,0.1821,-0.0374,-0.0378,5.08,-3.13,-5.53,5.00,22.50,16.69,8.14,0,1.70,-0.0174,-0.0710,21,0.747,0.000,0.00,0.00,19.431,0
-3.25,-21.94,5.00,0.9804,0.1912,0.0210,-0.0430,-4.12,1.36,11.60,-31.56,117.94,-65.62,12.38,0,1.70,0.0049,-0.0753,21,0.747,0.000,0.00,0.00,19.431,0
phase1 acc_mag=23.622 gravity=9.970 motion=13.652 moving_avg=2.036 rms=3.820 mean_rms=1.154 max_rms=3.820 min_rms=0.405 std=1.086 var=1.179 state=walking thr=3.326/3.526/4.026
-5.81,-17.06,4.88,0.9867,0.1501,0.0454,-0.0423,-4.33,6.67,23.98,12.81,-64.75,29.38,25.26,2,0.20,0.0154,-0.0600,21,0.747,0.000,0.00,0.00,19.431,0
0.88,-19.62,4.31,0.9844,0.1707,-0.0234,-0.0362,0.10,2.96,2.43,22.94,-113.25,32.12,3.83,0,1.70,-0.0117,-0.0669,21,0.747,0.000,0.00,0.00,19.431,0
3.38,-19.00,2.69,0.9856,0.1641,-0.0342,-0.0235,4.19,-5.57,-6.21,-11.56,65.81,29.00,9.34,0,1.70,-0.0150,-0.0644,21,0.747,0.000,0.00,0.00,19.431,0
-4.50,-17.44,3.31,0.9872,0.1528,0.0355,-0.0287,-6.71,10.16,24.57,-60.38,97.56,-45.56,27.42,2,0.20,0.0123,-0.0607,22,0.968,1.766,109.49,1.82,20.399,0
phase1 acc_mag=31.357 gravity=10.934 motion=20.423 moving_avg=3.481 rms=5.974 mean_rms=2.148 max_rms=5.974 min_rms=0.498 std=1.884 var=3.550 state=slow thr=5.916/6.116/6.616
-2.50,-17.56,2.25,0.9878,0.1534,0.0195,-0.0195,-1.76,5.28,16.08,77.25,-124.88,63.88,17.02,0,1.70,0.0065,-0.0608,22,0.968,1.766,109.49,1.82,20.399,0
4.56,-20.31,0.94,0.9838,0.1729,-0.0466,-0.0069,3.42,2.67,-2.67,-10.25,-74.31,25.06,5.09,0,1.70,-0.0188,-0.0679,22,0.968,1.766,109.49,1.82,20.399,0
2.06,-19.88,359.69,0.9846,0.1747,-0.0062,0.0006,-1.74,-1.65,5.99,19.75,133.69,-43.12,6.45,0,1.70,-0.0024,-0.0688,22,0.968,1.766,109.49,1.82,20.399,0
-5.94,-16.94,1.75,0.9876,0.1478,0.0502,-0.0151,-5.69,8.78,28.75,-55.88,44.00,-26.50,30.59,2,0.20,0.0189,-0.0587,22,0.968,1.766,109.49,1.82,20.399,0
phase1 acc_mag=27.559 gravity=11.904 motion=15.655 moving_avg=4.992 rms=7.426 mean_rms=3.334 max_rms=7.426 min_rms=0.639 std=2.340 var=5.475 state=standing thr=8.014/8.214/8.714
0.50,-18.62,2.44,0.9865,0.1621,-0.0079,-0.0211,1.20,4.19,1.75,33.00,-113.56,19.38,4.70,0,1.70,-0.0045,-0.0639,22,0.968,1.766,109.49,1.82,20.399,0
3.44,-18.44,1.12,0.9865,0.1610,-0.0292,-0.0080,2.95,-2.04,-3.92,3.31,14.31,26.50,5.31,0,1.70,-0.0121,-0.0634,23,0.997,2.255,135.75,2.26,21.396,0
-2.94,-19.25,0.94,0.9855,0.1675,0.0247,-0.0082,-3.43,5.66,17.91,-10.62,98.88,-35.62,19.09,0,1.70,0.0092,-0.0661,23,0.997,2.255,135.75,2.26,21.396,0
phase1 acc_mag=23.853 gravity=12.524 motion=11.329 moving_avg=6.570 rms=8.475 mean_rms=4.834 max_rms=8.475 min_rms=0.652 std=2.428 var=5.897 state=standing thr=9.691/9.891/10.391
-4.50,-18.81,1.50,0.9857,0.1649,0.0306,-0.0129,-3.99,7.16,22.40,8.31,-56.12,11.38,23.85,0,1.70,0.0112,-0.0652,23,0.997,2.255,135.75,2.26,21.396,0
5.19,-21.75,1.06,0.9807,0.1876,-0.0537,-0.0090,2.30,1.77,-3.04,-4.50,-62.56,14.44,4.20,0,1.70,-0.0217,-0.0734,24,0.985,3.688,224.72,3.75,22.380,1
2.94,-21.44,1.50,0.9821,0.1854,-0.0290,-0.0131,0.63,0.45,2.13,20.06,107.75,-37.62,2.27,0,1.70,-0.0124,-0.0727,24,0.985,3.688,224.72,3.75,22.380,0
-4.50,-18.81,2.88,0.9855,0.1642,0.0359,-0.0251,-5.34,8.35,27.77,-82.88,57.31,-22.81,29.49,2,0.20,0.0125,-0.0651,24,0.985,3.688,224.72,3.75,22.380,0
phase1 acc_mag=23.906 gravity=12.941 motion=10.966 moving_avg=7.631 rms=9.146 mean_rms=6.401 max_rms=9.205 min_rms=2.879 std=1.896 var=3.595 state=standing thr=10.193/10.393/10.893
-0.31,-19.44,2.81,0.9854,0.1689,-0.0011,-0.0247,-0.17,3.25,6.22,78.00,-111.94,19.25,7.02,0,1.70,-0.0021,-0.0666,24,0.985,3.688,224.72,3.75,22.380,0
3.75,-20.62,2.94,0.9830,0.1780,-0.0381,-0.0255,3.39,-0.28,-4.26,-11.44,-26.25,4.06,5.45,0,1.70,-0.0168,-0.0696,25,0.981,3.648,223.05,3.72,23.362,0
-0.25,-21.62,3.00,0.9820,0.1870,0.0062,-0.0271,-3.40,5.83,13.23,-13.31,100.88,-31.06,14.85,0,1.70,0.0004,-0.0735,25,0.981,3.648,223.05,3.72,23.362,0
-3.50,-18.31,3.19,0.9864,0.1600,0.0266,-0.0275,-3.78,5.49,22.30,-25.00,-31.19,6.44,23.27,0,1.70,0.0087,-0.0634,25,0.981,3.648,223.05,3.72,23.362,0
phase1 acc_mag=11.859 gravity=12.839 motion=0.981 moving_avg=7.832 rms=9.153 mean_rms=7.540 max_rms=9.548 min_rms=4.910 std=1.458 var=2.127 state=standing thr=10.456/10.656/11.156
3.56,-21.19,2.88,0.9822,0.1827,-0.0366,-0.0248,2.41,1.77,-1.00,10.38,-73.12,15.88,3.15,0,1.70,-0.0162,-0.0714,25,0.981,3.648,223.05,3.72,23.362,0
3.44,-20.75,2.75,0.9829,0.1804,-0.0276,-0.0236,2.90,-0.84,-2.21,11.19,87.69,-16.06,3.74,0,1.70,-0.0126,-0.0707,26,0.958,3.656,229.01,3.82,24.319,0
-3.06,-18.50,3.56,0.9861,0.1618,0.0220,-0.0312,-5.06,8.43,25.05,-66.69,25.06,-19.12,26.91,2,0.20,0.0066,-0.0641,26,0.958,3.656,229.01,3.82,24.319,0
1.69,-19.69,3.69,0.9839,0.1737,-0.0291,-0.0313,-0.50,3.67,9.57,54.44,-100.81,23.12,10.26,0,1.70,-0.0136,-0.0680,26,0.958,3.656,229.01,3.82,24.319,0
phase1 acc_mag=3.708 gravity=12.396 motion=8.689 moving_avg=7.885 rms=8.925 mean_rms=8.329 max_rms=9.548 min_rms=6.246 std=1.009 var=1.018 state=standing thr=10.347/10.547/11.047
5.75,-19.62,3.19,0.9838,0.1683,-0.0560,-0.0278,3.69,-0.42,-3.26,-9.25,-4.75,13.06,4.94,0,1.70,-0.0239,-0.0656,27,0.954,3.799,239.04,3.98,25.273,1
0.06,-19.94,2.88,0.9852,0.1691,0.0044,-0.0259,-4.59,5.51,13.84,-55.69,107.31,-32.44,15.59,0,1.70,-0.0000,-0.0667,27,0.954,3.799,239.04,3.98,25.273,0
-2.38,-15.38,3.12,0.9902,0.1368,0.0091,-0.0281,-4.74,3.59,24.20,-5.50,-64.19,3.31,24.92,0,1.70,0.0021,-0.0543,27,0.954,3.799,239.04,3.98,25.273,0
5.56,-19.94,3.88,0.9826,0.1716,-0.0623,-0.0339,2.94,3.59,-1.34,13.69,-83.50,7.31,4.83,0,1.70,-0.0268,-0.0666,27,0.954,3.799,239.04,3.98,25.273,0
phase1 acc_mag=7.069 gravity=12.077 motion=5.008 moving_avg=8.066 rms=8.955 mean_rms=8.840 max_rms=9.548 min_rms=7.487 std=0.524 var=0.274 state=standing thr=9.887/10.087/10.587
5.00,-19.56,3.44,0.9841,0.1680,-0.0494,-0.0298,1.67,0.52,-0.15,8.00,100.62,-4.69,1.76,2,0.20,-0.0215,-0.0656,28,0.967,3.764,233.46,3.89,26.240,0
-1.00,-18.62,2.88,0.9865,0.1621,0.0048,-0.0249,-4.45,7.62,23.57,-41.75,47.19,-7.75,25.17,2,0.20,0.0003,-0.0640,28,0.967,3.764,233.46,3.89,26.240,0
1.81,-18.00,3.56,0.9871,0.1560,-0.0210,-0.0308,-0.85,3.93,12.85,58.75,-103.00,7.94,13.46,0,1.70,-0.0102,-0.0613,28,0.967,3.764,233.46,3.89,26.240,0
6.38,-19.00,3.19,0.9844,0.1627,-0.0612,-0.0274,4.72,-1.64,-3.93,-34.81,22.75,14.12,6.36,0,1.70,-0.0259,-0.0634,28,0.967,3.764,233.46,3.89,26.240,0
phase1 acc_mag=4.186 gravity=12.109 motion=7.923 moving_avg=7.783 rms=8.638 mean_rms=9.040 max_rms=9.548 min_rms=8.601 std=0.211 var=0.044 state=standing thr=9.461/9.661/10.161
0.38,-18.56,2.69,0.9870,0.1591,-0.0006,-0.0240,-4.00,3.14,13.50,-29.50,75.62,-21.62,14.43,0,1.70,-0.0018,-0.0628,28,0.967,3.764,233.46,3.89,26.240,0
-0.19,-16.25,3.94,0.9893,0.1416,-0.0032,-0.0345,-2.61,5.85,19.53,6.56,-79.19,-9.50,20.55,0,1.70,-0.0032,-0.0560,28,0.967,3.764,233.46,3.89,26.240,0
6.81,-19.25,4.12,0.9832,0.1644,-0.0715,-0.0349,3.13,3.50,-0.58,19.62,-80.75,22.06,4.73,0,1.70,-0.0304,-0.0636,29,0.919,2.006,131.00,2.18,27.159,1
phase1 acc_mag=1.780 gravity=11.935 motion=10.155 moving_avg=7.486 rms=8.345 mean_rms=8.964 max_rms=9.548 min_rms=8.278 std=0.295 var=0.087 state=standing thr=9.555/9.755/10.255
4.88,-20.00,2.81,0.9836,0.1725,-0.0477,-0.0245,0.00,-0.04,1.78,28.38,110.31,-13.50,1.78,2,0.20,-0.0204,-0.0674,29,0.919,2.006,131.00,2.18,27.159,0
-0.94,-18.00,3.44,0.9872,0.1567,0.0036,-0.0298,-3.40,6.30,22.48,-28.19,-28.25,8.75,23.59,0,1.70,-0.0004,-0.0619,29,0.919,2.006,131.00,2.18,27.159,0
5.56,-20.81,2.88,0.9821,0.1790,-0.0544,-0.0247,2.22,3.15,3.04,26.56,-92.44,26.50,4.91,0,1.70,-0.0231,-0.0698,29,0.919,2.006,131.00,2.18,27.159,0
6.25,-20.44,2.12,0.9825,0.1757,-0.0592,-0.0184,3.22,-2.96,-2.47,15.81,72.50,-8.38,5.02,0,1.70,-0.0246,-0.0686,30,0.962,3.435,214.29,3.57,28.121,0
phase1 acc_mag=6.188 gravity=12.128 motion=5.940 moving_avg=7.390 rms=8.273 mean_rms=8.823 max_rms=9.474 min_rms=8.273 std=0.326 var=0.106 state=standing thr=9.476/9.676/10.176
-0.81,-20.19,3.31,0.9840,0.1757,0.0021,-0.0285,-5.03,10.13,22.31,-61.25,77.31,-39.44,25.01,2,0.20,-0.0012,-0.0692,30,0.962,3.435,214.29,3.57,28.121,0
-0.19,-18.44,3.56,0.9866,0.1602,-0.0034,-0.0309,-1.05,4.17,14.27,45.25,-83.00,16.31,14.90,0,1.70,-0.0033,-0.0632,30,0.962,3.435,214.29,3.57,28.121,0
5.50,-21.81,3.19,0.9805,0.1866,-0.0562,-0.0272,3.45,-0.59,-2.41,-5.38,-20.56,9.69,4.25,0,1.70,-0.0241,-0.0726,30,0.962,3.435,214.29,3.57,28.121,0
2.69,-22.44,3.06,0.9802,0.1940,-0.0294,-0.0267,-0.43,1.30,3.51,24.62,95.94,-24.81,3.77,0,1.70,-0.0136,-0.0758,30,0.962,3.435,214.29,3.57,28.121,0
phase1 acc_mag=17.769 gravity=12.006 motion=5.763 moving_avg=7.606 rms=8.443 mean_rms=8.688 max_rms=9.474 min_rms=8.273 std=0.306 var=0.094 state=standing thr=9.301/9.501/10.001
-2.25,-20.19,4.50,0.9835,0.1762,0.0134,-0.0389,-4.20,8.30,24.00,-32.06,-19.12,-9.75,25.74,2,0.20,0.0025,-0.0695,30,0.962,3.435,214.29,3.57,28.121,0
3.44,-22.12,4.31,0.9792,0.1939,-0.0486,-0.0358,0.66,4.04,6.09,56.19,-124.19,35.75,7.34,0,1.70,-0.0218,-0.0753,30,0.962,3.435,214.29,3.57,28.121,0
7.94,-22.06,3.19,0.9788,0.1879,-0.0761,-0.0277,4.19,-3.96,-4.03,-14.81,38.50,9.31,7.03,0,1.70,-0.0319,-0.0727,31,0.904,1.860,123.46,2.06,29.025,0
1.00,-21.62,4.56,0.9828,0.1797,-0.0108,-0.0421,-5.12,11.05,22.21,-68.81,80.31,-58.88,25.33,2,0.20,-0.0073,-0.0705,31,0.904,1.860,123.46,2.06,29.025,0
phase1 acc_mag=26.221 gravity=12.316 motion=13.904 moving_avg=7.496 rms=8.334 mean_rms=8.532 max_rms=9.146 min_rms=8.101 std=0.244 var=0.060 state=standing thr=9.020/9.220/9.720
4.38,-20.75,4.56,0.9821,0.1782,-0.0463,-0.0395,-0.77,3.25,11.86,83.56,-126.19,35.19,12.32,0,1.70,-0.0210,-0.0693,31,0.904,1.860,123.46,2.06,29.025,0
10.25,-22.31,3.81,0.9775,0.1855,-0.0952,-0.0320,6.07,-0.98,-5.53,-29.62,27.75,7.69,8.27,0,1.70,-0.0396,-0.0713,31,0.904,1.860,123.46,2.06,29.025,0
2.25,-22.62,4.00,0.9797,0.1956,-0.0274,-0.0344,-4.58,7.32,15.44,-20.31,120.19,-39.19,17.69,0,1.70,-0.0134,-0.0763,31,0.904,1.860,123.46,2.06,29.025,0
phase1 acc_mag=19.827 gravity=12.553 motion=7.274 moving_avg=7.701 rms=8.615 mean_rms=8.406 max_rms=8.721 min_rms=8.056 std=0.185 var=0.034 state=standing thr=8.776/8.976/9.476
1.38,-20.19,3.38,0.9839,0.1752,-0.0176,-0.0294,-2.10,5.61,18.90,35.44,-73.94,22.62,19.83,0,1.70,-0.0090,-0.0688,31,0.904,1.860,123.46,2.06,29.025,0
8.81,-22.19,2.69,0.9789,0.1843,-0.0849,-0.0236,3.82,1.27,-2.01,-57.25,-25.12,5.62,4.50,0,1.70,-0.0350,-0.0714,31,0.904,1.860,123.46,2.06,29.025,0
3.44,-20.81,3.94,0.9825,0.1795,-0.0370,-0.0341,-2.49,2.19,7.56,3.44,124.06,-63.69,8.26,0,1.70,-0.0170,-0.0700,32,0.964,1.916,119.28,1.99,29.989,0
0.19,-16.31,5.62,0.9887,0.1417,-0.0090,-0.0486,-2.86,3.73,20.72,9.62,-70.69,26.56,21.25,0,1.70,-0.0063,-0.0558,32,0.964,1.916,119.28,1.99,29.989,0
phase1 acc_mag=11.455 gravity=12.721 motion=1.266 moving_avg=7.735 rms=8.655 mean_rms=8.415 max_rms=8.770 min_rms=8.056 std=0.186 var=0.035 state=standing thr=8.787/8.987/9.487
7.50,-22.31,4.50,0.9782,0.1896,-0.0747,-0.0388,3.71,2.70,-0.23,37.62,-83.00,28.38,4.59,0,1.70,-0.0322,-0.0730,32,0.964,1.916,119.28,1.99,29.989,0
7.25,-21.69,3.81,0.9794,0.1894,-0.0620,-0.0327,3.86,-4.81,-2.93,6.25,82.81,-4.31,6.83,0,1.70,-0.0267,-0.0734,33,0.932,3.612,232.56,3.88,30.921,0
-0.62,-22.44,5.06,0.9810,0.1888,0.0040,-0.0453,-4.70,8.69,18.70,-76.06,68.31,-35.44,21.15,0,1.70,-0.0019,-0.0742,33,0.932,3.612,232.56,3.88,30.921,0
0.06,-21.12,5.06,0.9821,0.1832,-0.0090,-0.0436,-1.36,5.46,15.68,57.31,-86.62,28.44,16.66,0,1.70,-0.0067,-0.0718,33,0.932,3.612,232.56,3.88,30.921,0
phase1 acc_mag=8.922 gravity=12.596 motion=3.673 moving_avg=7.531 rms=8.408 mean_rms=8.407 max_rms=8.770 min_rms=8.056 std=0.182 var=0.033 state=standing thr=8.771/8.971/9.471
7.00,-23.81,3.94,0.9761,0.2010,-0.0762,-0.0333,1.87,2.00,0.58,-19.50,-76.19,26.19,2.80,0,1.70,-0.0324,-0.0775,33,0.932,3.612,232.56,3.88,30.921,0
6.88,-22.75,3.44,0.9781,0.1945,-0.0673,-0.0297,2.26,-3.91,-2.06,15.81,108.88,-40.88,4.96,0,1.70,-0.0286,-0.0753,33,0.932,3.612,232.56,3.88,30.921,0
-2.12,-20.19,5.88,0.9830,0.1761,0.0099,-0.0505,-6.03,9.79,27.02,-124.00,76.19,-25.56,29.36,2,0.20,0.0003,-0.0695,33,0.932,3.612,232.56,3.88,30.921,0
1.25,-20.88,5.25,0.9822,0.1809,-0.0197,-0.0453,-1.86,6.11,14.96,93.12,-121.31,33.69,16.27,0,1.70,-0.0110,-0.0707,33,0.932,3.612,232.56,3.88,30.921,0
phase1 acc_mag=11.620 gravity=12.867 motion=1.248 moving_avg=7.328 rms=8.350 mean_rms=8.373 max_rms=8.770 min_rms=8.056 std=0.191 var=0.036 state=standing thr=8.755/8.955/9.455
11.00,-22.19,4.06,0.9763,0.1863,-0.1045,-0.0351,4.12,0.40,-4.24,-28.50,-114.50,45.94,5.93,0,1.70,-0.0434,-0.0713,33,0.932,3.612,232.56,3.88,30.921,0
11.88,-21.88,2.38,0.9768,0.1889,-0.0988,-0.0193,3.19,-6.87,-6.19,44.62,128.19,-17.56,9.78,0,1.70,-0.0400,-0.0730,33,0.932,3.612,232.56,3.88,30.921,0
0.50,-20.50,4.00,0.9833,0.1782,-0.0112,-0.0349,-4.90,9.43,26.64,-139.62,99.44,-32.06,28.68,2,0.20,-0.0069,-0.0699,33,0.932,3.612,232.56,3.88,30.921,0
2.88,-20.38,4.19,0.9832,0.1761,-0.0322,-0.0363,-0.24,4.80,12.70,71.69,-101.31,11.06,13.58,0,1.70,-0.0152,-0.0688,33,0.932,3.612,232.56,3.88,30.921,0
phase1 acc_mag=10.365 gravity=13.419 motion=3.054 moving_avg=7.459 rms=8.617 mean_rms=8.401 max_rms=8.853 min_rms=8.056 std=0.189 var=0.036 state=standing thr=8.779/8.979/9.479
8.94,-19.75,4.06,0.9816,0.1672,-0.0854,-0.0352,1.26,4.10,6.71,-57.94,-66.69,21.06,7.96,0,1.70,-0.0359,-0.0644,33,0.932,3.612,232.56,3.88,30.921,0
12.00,-16.88,3.19,0.9834,0.1417,-0.1099,-0.0278,1.48,2.34,4.84,-24.56,-33.50,31.00,5.58,0,1.70,-0.0448,-0.0545,34,1.015,1.188,70.26,1.17,31.935,0
13.75,-15.50,1.25,0.9841,0.1287,-0.1226,-0.0094,2.32,-0.12,2.25,-20.38,0.06,23.56,3.23,0,1.70,-0.0487,-0.0502,34,1.015,1.188,70.26,1.17,31.935,0
11.25,-14.25,0.69,0.9875,0.1217,-0.1000,-0.0063,3.02,-3.07,-1.83,1.50,79.31,-19.88,4.68,0,1.70,-0.0398,-0.0478,34,1.015,1.188,70.26,1.17,31.935,0
phase1 acc_mag=4.510 gravity=11.911 motion=7.401 moving_avg=7.474 rms=8.453 mean_rms=8.461 max_rms=8.853 min_rms=8.095 std=0.175 var=0.031 state=standing thr=8.812/9.012/9.512
2.62,-15.88,1.62,0.9901,0.1392,-0.0087,-0.0153,-4.16,5.52,9.45,29.50,195.56,-40.44,11.71,0,1.70,-0.0043,-0.0551,34,1.015,1.188,70.26,1.17,31.935,0
-3.81,-12.69,1.81,0.9932,0.1118,0.0274,-0.0173,-3.52,3.34,22.26,10.75,-54.25,-11.00,22.78,0,1.70,0.0101,-0.0446,34,1.015,1.188,70.26,1.17,31.935,0
3.69,-18.94,2.56,0.9855,0.1639,-0.0364,-0.0222,1.82,2.95,5.78,94.62,-130.25,9.88,6.74,0,1.70,-0.0158,-0.0643,34,1.015,1.188,70.26,1.17,31.935,0
7.00,-19.31,3.06,0.9839,0.1635,-0.0659,-0.0271,2.14,1.80,4.91,-27.44,0.19,-4.44,5.65,0,1.70,-0.0277,-0.0636,35,1.009,2.432,144.58,2.41,32.944,0
phase1 acc_mag=6.965 gravity=12.488 motion=5.523 moving_avg=7.701 rms=8.925 mean_rms=8.536 max_rms=9.289 min_rms=8.095 std=0.277 var=0.077 state=standing thr=9.090/9.290/9.790
6.12,-19.00,2.81,0.9845,0.1635,-0.0587,-0.0245,0.44,3.00,7.69,9.69,21.25,4.50,8.27,0,1.70,-0.0247,-0.0638,35,1.009,2.432,144.58,2.41,32.944,0
4.62,-19.00,2.69,0.9851,0.1641,-0.0453,-0.0234,0.52,2.96,9.41,5.19,12.88,-4.81,9.88,0,1.70,-0.0194,-0.0642,35,1.009,2.432,144.58,2.41,32.944,0
3.94,-20.06,2.75,0.9836,0.1747,-0.0386,-0.0239,0.75,3.92,9.11,16.50,8.44,-2.00,9.95,0,1.70,-0.0168,-0.0684,35,1.009,2.432,144.58,2.41,32.944,0
phase1 acc_mag=10.870 gravity=11.942 motion=1.071 moving_avg=6.754 rms=8.297 mean_rms=8.598 max_rms=9.289 min_rms=8.095 std=0.274 var=0.075 state=standing thr=9.147/9.347/9.847
2.38,-20.25,2.81,0.9838,0.1755,-0.0258,-0.0244,-0.18,3.99,10.11,-14.00,24.88,-12.12,10.87,0,1.70,-0.0118,-0.0688,35,1.009,2.432,144.58,2.41,32.944,0
1.88,-19.00,3.19,0.9857,0.1648,-0.0214,-0.0275,0.14,4.21,9.58,4.25,1.88,-1.12,10.47,0,1.70,-0.0102,-0.0647,35,1.009,2.432,144.58,2.41,32.944,0
1.94,-18.88,3.31,0.9859,0.1631,-0.0225,-0.0292,0.07,3.74,8.83,-3.12,-1.94,-5.81,9.59,0,1.70,-0.0108,-0.0641,35,1.009,2.432,144.58,2.41,32.944,0
2.19,-18.56,3.31,0.9863,0.1606,-0.0246,-0.0287,0.42,2.44,9.09,-13.31,-3.56,2.81,9.42,0,1.70,-0.0116,-0.0631,35,1.009,2.432,144.58,2.41,32.944,0
phase1 acc_mag=9.431 gravity=10.955 motion=1.524 moving_avg=5.569 rms=7.276 mean_rms=8.488 max_rms=9.289 min_rms=7.276 std=0.460 var=0.211 state=standing thr=9.407/9.607/10.107
2.19,-18.31,3.50,0.9866,0.1585,-0.0244,-0.0308,-0.14,2.86,9.63,-1.69,-3.25,-6.31,10.05,0,1.70,-0.0116,-0.0623,35,1.009,2.432,144.58,2.41,32.944,0
3.56,-17.31,4.12,0.9882,0.1432,-0.0416,-0.0347,0.39,1.64,9.26,-56.12,-46.81,11.88,9.41,0,1.70,-0.0184,-0.0560,35,1.009,2.432,144.58,2.41,32.944,0
5.06,-16.12,4.25,0.9885,0.1383,-0.0499,-0.0369,0.70,2.71,9.44,0.62,-7.69,-3.31,9.85,0,1.70,-0.0218,-0.0539,35,1.009,2.432,144.58,2.41,32.944,0
5.44,-15.75,4.38,0.9888,0.1343,-0.0536,-0.0376,0.88,2.79,8.69,-8.38,-1.50,3.50,9.17,0,1.70,-0.0232,-0.0523,35,1.009,2.432,144.58,2.41,32.944,0
phase1 acc_mag=9.702 gravity=9.659 motion=0.043 moving_avg=4.317 rms=6.187 mean_rms=8.130 max_rms=9.289 min_rms=6.187 std=0.861 var=0.741 state=standing thr=9.852/10.052/10.552
5.44,-15.56,4.31,0.9890,0.1332,-0.0533,-0.0374,0.70,3.09,8.89,-2.50,0.88,-3.19,9.44,0,1.70,-0.0231,-0.0519,35,1.009,2.432,144.58,2.41,32.944,0
5.31,-15.31,4.25,0.9893,0.1315,-0.0521,-0.0371,0.72,2.38,9.47,0.69,0.06,1.25,9.79,0,1.70,-0.0226,-0.0513,35,1.009,2.432,144.58,2.41,32.944,0
5.25,-15.44,4.38,0.9891,0.1323,-0.0516,-0.0378,0.81,3.19,9.43,1.94,-0.19,-2.00,9.99,0,1.70,-0.0224,-0.0516,35,1.009,2.432,144.58,2.41,32.944,0
5.31,-14.88,4.19,0.9899,0.1270,-0.0520,-0.0362,0.85,2.42,9.38,-4.75,-1.50,1.56,9.72,0,1.70,-0.0224,-0.0495,35,1.009,2.432,144.58,2.41,32.944,0
phase1 acc_mag=9.555 gravity=10.699 motion=1.144 moving_avg=2.733 rms=4.901 mean_rms=7.490 max_rms=9.289 min_rms=4.899 std=1.328 var=1.762 state=standing thr=10.145/10.345/10.845
5.38,-14.38,4.06,0.9904,0.1234,-0.0519,-0.0355,0.75,2.50,9.18,-10.50,0.62,3.38,9.54,0,1.70,-0.0223,-0.0481,35,1.009,2.432,144.58,2.41,32.944,0
5.25,-14.00,3.88,0.9908,0.1203,-0.0505,-0.0340,0.74,2.70,9.22,-0.88,2.25,-0.62,9.64,0,1.70,-0.0217,-0.0470,35,1.009,2.432,144.58,2.41,32.944,0
5.06,-13.56,3.81,0.9915,0.1158,-0.0482,-0.0334,0.77,2.23,9.44,-7.19,3.88,0.25,9.73,0,1.70,-0.0206,-0.0453,35,1.009,2.432,144.58,2.41,32.944,0
phase1 acc_mag=9.646 gravity=9.753 motion=0.107 moving_avg=0.976 rms=1.305 mean_rms=6.103 max_rms=8.899 min_rms=1.305 std=2.230 var=4.974 state=standing thr=10.563/10.763/11.263
4.94,-13.19,3.81,0.9918,0.1135,-0.0473,-0.0335,0.81,2.23,9.35,-6.00,0.56,0.00,9.65,0,1.70,-0.0203,-0.0444,35,1.009,2.432,144.58,2.41,32.944,0
4.62,-13.12,3.94,0.9921,0.1125,-0.0447,-0.0343,0.70,2.33,9.41,-2.25,2.06,0.25,9.72,0,1.70,-0.0193,-0.0440,35,1.009,2.432,144.58,2.41,32.944,0
4.38,-13.00,3.88,0.9922,0.1117,-0.0427,-0.0339,0.50,1.98,9.48,-3.38,2.00,1.44,9.70,0,1.70,-0.0184,-0.0438,35,1.009,2.432,144.58,2.41,32.944,0
4.31,-13.00,3.88,0.9922,0.1120,-0.0417,-0.0338,0.57,2.31,9.54,-1.00,-0.38,1.38,9.83,0,1.70,-0.0181,-0.0439,35,1.009,2.432,144.58,2.41,32.944,0
phase1 acc_mag=9.623 gravity=9.735 motion=0.112 moving_avg=0.562 rms=0.824 mean_rms=4.596 max_rms=8.266 min_rms=0.824 std=2.582 var=6.669 state=standing thr=9.760/9.960/10.460
4.31,-12.88,3.81,0.9924,0.1110,-0.0421,-0.0335,0.72,2.34,9.21,1.12,0.50,-1.38,9.53,0,1.70,-0.0182,-0.0435,35,1.009,2.432,144.58,2.41,32.944,0
4.31,-12.69,3.88,0.9926,0.1096,-0.0416,-0.0336,0.66,2.34,9.38,2.44,-0.19,0.31,9.69,0,1.70,-0.0180,-0.0429,35,1.009,2.432,144.58,2.41,32.944,0
4.25,-12.62,3.69,0.9927,0.1088,-0.0411,-0.0325,0.59,2.15,9.50,-2.12,0.25,1.19,9.76,0,1.70,-0.0177,-0.0427,35,1.009,2.432,144.58,2.41,32.944,0
phase1 acc_mag=9.534 gravity=9.723 motion=0.189 moving_avg=0.268 rms=0.403 mean_rms=3.111 max_rms=7.265 min_rms=0.403 std=2.420 var=5.856 state=standing thr=7.950/8.150/8.650
4.25,-12.69,3.69,0.9926,0.1091,-0.0413,-0.0325,0.74,2.23,9.24,0.75,0.69,-0.50,9.53,0,1.70,-0.0178,-0.0428,35,1.009,2.432,144.58,2.41,32.944,0
4.19,-12.69,3.75,0.9926,0.1094,-0.0406,-0.0325,0.64,2.34,9.31,0.06,0.19,0.88,9.62,0,1.70,-0.0176,-0.0429,35,1.009,0.000,0.00,0.00,32.944,0
4.12,-12.69,3.69,0.9927,0.1094,-0.0402,-0.0323,0.52,2.12,9.79,-0.12,-1.56,-0.50,10.03,0,1.70,-0.0174,-0.0429,35,1.009,0.000,0.00,0.00,32.944,0
4.06,-12.50,3.81,0.9929,0.1075,-0.0397,-0.0334,0.76,2.01,9.52,-1.56,4.25,-2.62,9.76,0,1.70,-0.0172,-0.0422,35,1.009,0.000,0.00,0.00,32.944,0
phase1 acc_mag=9.698 gravity=9.730 motion=0.032 moving_avg=0.213 rms=0.319 mean_rms=1.868 max_rms=6.018 min_rms=0.317 std=1.859 var=3.456 state=standing thr=5.586/5.786/6.286
4.00,-12.56,3.88,0.9928,0.1080,-0.0393,-0.0338,0.65,2.08,9.27,0.62,-0.31,-0.44,9.52,0,1.70,-0.0171,-0.0424,35,1.009,0.000,0.00,0.00,32.944,0
3.94,-12.62,3.94,0.9927,0.1088,-0.0384,-0.0344,0.61,2.32,9.48,0.94,1.56,-1.75,9.78,0,1.70,-0.0167,-0.0427,35,1.009,0.000,0.00,0.00,32.944,0
3.81,-12.81,3.94,0.9926,0.1108,-0.0373,-0.0344,0.52,2.31,9.46,3.88,2.00,-0.38,9.75,0,1.70,-0.0163,-0.0435,35,1.009,0.000,0.00,0.00,32.944,0
4.12,-12.25,3.38,0.9932,0.1056,-0.0395,-0.0295,0.83,1.33,8.78,-19.50,-6.81,17.75,8.92,0,1.70,-0.0169,-0.0415,35,1.009,0.000,0.00,0.00,32.944,0
phase1 acc_mag=9.643 gravity=9.710 motion=0.067 moving_avg=0.143 rms=0.193 mean_rms=0.833 max_rms=3.116 min_rms=0.193 std=0.697 var=0.486 state=standing thr=2.227/2.427/2.927
4.75,-11.19,2.88,0.9940,0.0959,-0.0450,-0.0255,0.70,1.26,9.77,-2.94,-9.31,-1.44,9.88,0,1.70,-0.0189,-0.0377,35,1.009,0.000,0.00,0.00,32.944,0
5.06,-10.94,2.81,0.9941,0.0941,-0.0471,-0.0248,0.82,1.69,9.64,-4.06,-2.75,0.94,9.82,0,1.70,-0.0197,-0.0369,35,1.009,0.000,0.00,0.00,32.944,0
5.25,-10.69,2.81,0.9943,0.0921,-0.0484,-0.0245,0.77,1.46,9.47,-4.56,-0.50,0.62,9.61,0,1.70,-0.0202,-0.0362,35,1.009,0.000,0.00,0.00,32.944,0
5.19,-10.69,2.88,0.9943,0.0922,-0.0479,-0.0254,0.74,1.74,9.63,-0.81,0.00,-1.00,9.81,0,1.70,-0.0200,-0.0362,35,1.009,0.000,0.00,0.00,32.944,0
phase1 acc_mag=9.761 gravity=9.724 motion=0.037 moving_avg=0.137 rms=0.185 mean_rms=0.454 max_rms=1.141 min_rms=0.182 std=0.283 var=0.080 state=standing thr=1.021/1.221/1.721
5.12,-10.75,2.94,0.9943,0.0923,-0.0476,-0.0256,0.77,1.91,9.55,0.06,0.25,0.12,9.77,0,1.70,-0.0199,-0.0362,35,1.009,0.000,0.00,0.00,32.944,0
5.12,-10.75,2.94,0.9943,0.0923,-0.0475,-0.0258,0.84,1.78,9.53,-1.31,0.06,0.25,9.73,0,1.70,-0.0198,-0.0362,35,1.009,0.000,0.00,0.00,32.944,0
5.06,-10.75,3.00,0.9943,0.0923,-0.0472,-0.0261,0.79,1.96,9.48,-1.81,0.44,0.00,9.71,0,1.70,-0.0198,-0.0362,35,1.009,0.000,0.00,0.00,32.944,0
5.06,-10.81,3.00,0.9942,0.0928,-0.0471,-0.0261,0.76,2.04,9.44,0.19,-0.19,-0.06,9.69,0,1.70,-0.0197,-0.0364,35,1.009,0.000,0.00,0.00,32.944,0
phase1 acc_mag=9.604 gravity=9.721 motion=0.116 moving_avg=0.124 rms=0.179 mean_rms=0.295 max_rms=0.708 min_rms=0.179 std=0.131 var=0.017 state=standing thr=0.557/0.757/1.257
5.00,-10.75,2.94,0.9943,0.0923,-0.0467,-0.0256,0.73,1.81,9.54,0.31,0.56,-0.81,9.74,0,1.70,-0.0195,-0.0362,35,1.009,0.000,0.00,0.00,32.944,0
5.00,-10.75,2.94,0.9943,0.0924,-0.0465,-0.0257,0.80,1.84,9.55,-1.88,0.38,1.38,9.76,0,1.70,-0.0194,-0.0363,35,1.009,0.000,0.00,0.00,32.944,0
5.00,-10.69,2.88,0.9944,0.0920,-0.0464,-0.0253,0.77,2.02,9.56,0.06,-0.31,0.44,9.80,0,1.70,-0.0194,-0.0361,35,1.009,0.000,0.00,0.00,32.944,0
5.06,-10.62,2.88,0.9944,0.0914,-0.0467,-0.0250,0.82,1.86,9.48,-1.75,0.12,2.88,9.70,0,1.70,-0.0195,-0.0359,35,1.009,0.000,0.00,0.00,32.944,0
phase1 acc_mag=9.848 gravity=9.721 motion=0.128 moving_avg=0.114 rms=0.172 mean_rms=0.225 max_rms=0.340 min_rms=0.172 std=0.061 var=0.004 state=standing thr=0.347/0.547/1.047
5.00,-10.56,2.88,0.9944,0.0911,-0.0465,-0.0251,0.79,1.94,9.42,0.12,-0.19,-0.75,9.65,0,1.70,-0.0194,-0.0358,35,1.009,0.000,0.00,0.00,32.944,0
5.00,-10.50,2.81,0.9945,0.0903,-0.0463,-0.0247,0.77,1.98,9.35,-1.88,-0.50,0.06,9.59,0,1.70,-0.0193,-0.0355,35,1.009,0.000,0.00,0.00,32.944,0
4.94,-10.50,2.81,0.9946,0.0906,-0.0457,-0.0245,0.74,1.96,9.77,-1.81,0.81,0.81,9.99,0,1.70,-0.0190,-0.0356,35,1.009,0.000,0.00,0.00,32.944,0
phase1 acc_mag=10.207 gravity=9.742 motion=0.464 moving_avg=0.117 rms=0.178 mean_rms=0.193 max_rms=0.316 min_rms=0.158 std=0.039 var=0.001 state=standing thr=0.270/0.470/0.970
5.00,-10.38,2.81,0.9946,0.0894,-0.0464,-0.0245,0.64,1.94,10.00,-1.12,-5.19,-0.50,10.21,0,1.70,-0.0194,-0.0351,35,1.009,0.000,0.00,0.00,32.944,0
6.12,-10.81,3.12,0.9937,0.0925,-0.0580,-0.0280,0.90,1.14,7.98,-1.19,-20.88,-4.50,8.11,0,1.70,-0.0241,-0.0361,35,1.009,0.000,0.00,0.00,32.944,0
6.69,-11.50,3.69,0.9927,0.0982,-0.0621,-0.0322,1.68,1.09,5.17,32.94,8.38,-11.56,5.54,0,1.70,-0.0259,-0.0382,35,1.009,0.000,0.00,0.00,32.944,0
4.00,-14.38,3.81,0.9908,0.1267,-0.0342,-0.0334,0.45,0.93,7.87,29.31,61.56,-10.62,7.94,0,1.70,-0.0152,-0.0498,35,1.009,0.000,0.00,0.00,32.944,0
phase1 acc_mag=15.518 gravity=9.490 motion=6.028 moving_avg=0.598 rms=1.386 mean_rms=0.284 max_rms=1.386 min_rms=0.158 std=0.283 var=0.080 state=walking thr=0.850/1.050/1.550
1.44,-13.31,3.38,0.9930,0.1136,-0.0151,-0.0284,-0.53,3.89,16.38,-36.56,27.12,7.00,16.84,0,1.70,-0.0073,-0.0449,35,1.009,0.000,0.00,0.00,32.944,0
2.81,-13.00,3.06,0.9929,0.1125,-0.0278,-0.0269,0.79,1.93,13.71,3.06,-40.69,2.44,13.87,0,1.70,-0.0123,-0.0444,35,1.009,0.000,0.00,0.00,32.944,0
5.88,-11.56,3.19,0.9933,0.0957,-0.0587,-0.0277,0.52,3.23,8.96,-30.50,-47.06,5.38,9.54,0,1.70,-0.0244,-0.0374,35,1.009,0.000,0.00,0.00,32.944,0
8.50,-9.50,2.69,0.9935,0.0808,-0.0765,-0.0237,0.94,1.26,6.91,-25.06,-25.75,14.50,7.09,0,1.70,-0.0312,-0.0314,36,0.816,0.000,0.00,0.00,33.760,1
phase1 acc_mag=6.465 gravity=9.795 motion=3.331 moving_avg=1.243 rms=2.308 mean_rms=0.675 max_rms=2.308 min_rms=0.158 std=0.787 var=0.619 state=slow thr=2.248/2.448/2.948
9.62,-8.31,2.19,0.9937,0.0702,-0.0859,-0.0195,1.54,0.65,5.90,-4.50,-6.06,7.12,6.13,0,1.70,-0.0347,-0.0272,36,0.816,0.000,0.00,0.00,33.760,0
8.94,-8.38,2.00,0.9941,0.0711,-0.0796,-0.0178,1.53,1.06,8.50,-1.94,18.81,0.12,8.70,0,1.70,-0.0322,-0.0277,36,0.816,0.000,0.00,0.00,33.760,0
7.62,-8.06,1.94,0.9951,0.0687,-0.0683,-0.0173,0.95,2.16,11.83,-7.69,9.38,-0.69,12.06,0,1.70,-0.0277,-0.0269,36,0.816,0.000,0.00,0.00,33.760,0
7.81,-8.00,2.00,0.9950,0.0684,-0.0709,-0.0174,1.39,1.92,10.60,1.00,-10.31,1.75,10.86,0,1.70,-0.0287,-0.0267,36,0.816,0.000,0.00,0.00,33.760,0
phase1 acc_mag=10.201 gravity=9.745 motion=0.455 moving_avg=1.666 rms=2.529 mean_rms=1.154 max_rms=2.529 min_rms=0.158 std=1.004 var=1.009 state=standing thr=3.162/3.362/3.862
8.56,-7.50,1.88,0.9949,0.0638,-0.0760,-0.0165,1.39,1.33,9.34,-9.25,-11.19,1.69,9.54,0,1.70,-0.0307,-0.0249,36,0.816,0.000,0.00,0.00,33.760,0
9.44,-7.44,1.81,0.9942,0.0637,-0.0848,-0.0161,1.54,0.81,7.02,5.12,-11.31,-0.81,7.23,0,1.70,-0.0341,-0.0248,36,0.816,0.000,0.00,0.00,33.760,0
8.62,-9.88,2.38,0.9932,0.0839,-0.0775,-0.0210,1.40,-0.79,1.98,89.19,45.25,-25.56,2.55,0,1.70,-0.0315,-0.0327,36,0.816,0.000,0.00,0.00,33.760,0
4.44,-14.75,2.94,0.9906,0.1274,-0.0426,-0.0259,-1.47,7.14,14.02,28.44,79.69,-17.81,15.80,0,1.70,-0.0182,-0.0501,36,0.816,0.000,0.00,0.00,33.760,0
phase1 acc_mag=20.255 gravity=9.330 motion=10.924 moving_avg=2.447 rms=3.298 mean_rms=1.721 max_rms=3.298 min_rms=0.158 std=1.024 var=1.049 state=standing thr=3.769/3.969/4.469
2.31,-10.94,2.25,0.9951,0.0949,-0.0224,-0.0197,0.07,1.91,19.37,-17.19,1.06,-4.56,19.46,0,1.70,-0.0097,-0.0376,36,0.816,0.000,0.00,0.00,33.760,0
4.88,-13.62,3.31,0.9915,0.1164,-0.0503,-0.0291,1.26,3.88,9.72,-8.31,-45.00,3.75,10.54,0,1.70,-0.0213,-0.0456,36,0.816,0.000,0.00,0.00,33.760,0
7.19,-10.44,2.88,0.9935,0.0894,-0.0654,-0.0250,0.83,1.44,7.90,-40.75,-21.69,15.50,8.07,0,1.70,-0.0269,-0.0349,36,0.816,0.000,0.00,0.00,33.760,0
8.56,-9.50,2.06,0.9936,0.0812,-0.0766,-0.0179,0.98,0.71,6.83,-4.06,-12.75,15.38,6.94,0,1.70,-0.0310,-0.0317,37,0.845,1.025,72.82,1.21,34.605,0
phase1 acc_mag=6.861 gravity=9.571 motion=2.710 moving_avg=3.114 rms=3.925 mean_rms=2.527 max_rms=3.925 min_rms=0.272 std=0.928 var=0.861 state=standing thr=4.383/4.583/5.083
9.00,-9.62,1.56,0.9933,0.0820,-0.0800,-0.0140,1.45,0.57,7.06,10.69,4.25,-1.56,7.23,0,1.70,-0.0322,-0.0321,37,0.845,1.025,72.82,1.21,34.605,0
8.12,-9.94,1.75,0.9936,0.0850,-0.0725,-0.0156,1.14,1.80,9.20,6.19,18.88,-9.69,9.44,0,1.70,-0.0293,-0.0333,37,0.845,1.025,72.82,1.21,34.605,0
7.12,-9.75,2.06,0.9943,0.0831,-0.0641,-0.0182,0.96,2.16,11.63,-7.19,1.25,-1.06,11.87,0,1.70,-0.0261,-0.0326,37,0.845,1.025,72.82,1.21,34.605,0
7.38,-10.06,2.31,0.9938,0.0860,-0.0666,-0.0205,1.26,1.69,10.03,5.88,-9.00,-4.94,10.25,0,1.70,-0.0272,-0.0336,37,0.845,1.025,72.82,1.21,34.605,0
phase1 acc_mag=10.072 gravity=9.493 motion=0.579 moving_avg=2.559 rms=3.394 mean_rms=3.053 max_rms=3.936 min_rms=2.150 std=0.675 var=0.456 state=standing thr=4.404/4.604/5.104
7.81,-9.81,2.62,0.9937,0.0839,-0.0708,-0.0229,1.42,1.87,9.50,-5.81,-5.69,-1.44,9.79,0,1.70,-0.0289,-0.0327,37,0.845,1.025,72.82,1.21,34.605,0
8.00,-9.06,2.38,0.9942,0.0772,-0.0721,-0.0211,1.27,2.51,10.70,-19.94,-1.31,9.88,11.06,0,1.70,-0.0293,-0.0301,37,0.845,1.025,72.82,1.21,34.605,0
8.81,-7.62,1.88,0.9946,0.0641,-0.0804,-0.0157,1.48,1.18,8.77,-8.94,-20.38,9.06,8.97,0,1.70,-0.0324,-0.0250,37,0.845,1.025,72.82,1.21,34.605,0
phase1 acc_mag=6.016 gravity=9.660 motion=3.644 moving_avg=2.360 rms=3.264 mean_rms=3.272 max_rms=3.936 min_rms=2.447 std=0.541 var=0.292 state=standing thr=4.354/4.554/5.054
10.19,-7.38,1.38,0.9939,0.0629,-0.0900,-0.0125,1.78,0.73,5.70,10.69,-6.25,4.19,6.02,0,1.70,-0.0361,-0.0246,37,0.845,1.025,72.82,1.21,34.605,0
8.56,-10.44,1.75,0.9929,0.0895,-0.0765,-0.0156,2.06,-0.12,2.50,45.00,45.56,-20.38,3.24,0,1.70,-0.0309,-0.0351,37,0.845,1.025,72.82,1.21,34.605,0
3.56,-12.00,2.44,0.9945,0.0990,-0.0282,-0.0197,-1.19,3.78,12.43,-61.31,67.75,18.38,13.05,0,1.70,-0.0120,-0.0392,37,0.845,1.025,72.82,1.21,34.605,0
1.12,-11.25,1.88,0.9949,0.0983,-0.0120,-0.0167,-1.49,4.49,20.25,44.06,1.06,-15.31,20.80,0,1.70,-0.0054,-0.0391,37,0.845,1.025,72.82,1.21,34.605,0
phase1 acc_mag=14.914 gravity=9.908 motion=5.006 moving_avg=3.337 rms=4.436 mean_rms=3.509 max_rms=4.436 min_rms=2.534 std=0.434 var=0.188 state=slow thr=4.376/4.576/5.076
4.44,-13.06,3.06,0.9924,0.1125,-0.0422,-0.0268,0.81,3.45,11.67,18.12,-61.81,-6.25,12.20,0,1.70,-0.0180,-0.0442,37,0.845,1.025,72.82,1.21,34.605,0
7.31,-12.81,3.19,0.9914,0.1068,-0.0706,-0.0274,1.57,2.29,5.90,-27.25,-41.69,10.62,6.52,0,1.70,-0.0291,-0.0416,37,0.845,1.025,72.82,1.21,34.605,0
8.50,-10.69,2.50,0.9927,0.0908,-0.0767,-0.0222,1.21,1.13,4.75,-14.31,10.12,10.62,5.03,0,1.70,-0.0312,-0.0354,38,0.886,0.892,60.42,1.01,35.491,0
7.06,-10.25,1.88,0.9942,0.0864,-0.0620,-0.0152,0.30,3.39,9.65,2.81,27.69,4.31,10.23,0,1.70,-0.0252,-0.0340,38,0.886,0.892,60.42,1.01,35.491,0
phase1 acc_mag=12.261 gravity=9.684 motion=2.576 moving_avg=2.982 rms=3.940 mean_rms=3.807 max_rms=4.447 min_rms=3.246 std=0.386 var=0.149 state=standing thr=4.580/4.780/5.280
6.81,-9.50,1.12,0.9948,0.0820,-0.0608,-0.0099,1.41,1.39,10.76,3.00,-9.56,4.75,10.94,0,1.70,-0.0245,-0.0324,38,0.886,0.892,60.42,1.01,35.491,0
7.38,-10.12,1.00,0.9940,0.0874,-0.0660,-0.0093,1.35,1.31,8.56,1.00,-5.56,-0.12,8.76,0,1.70,-0.0266,-0.0345,38,0.886,0.892,60.42,1.01,35.491,0
6.94,-9.81,1.12,0.9944,0.0847,-0.0619,-0.0098,0.69,1.72,9.98,-7.12,9.88,-1.00,10.15,0,1.70,-0.0250,-0.0335,38,0.886,0.892,60.42,1.01,35.491,0
phase1 acc_mag=9.490 gravity=9.704 motion=0.215 moving_avg=2.569 rms=3.651 mean_rms=3.775 max_rms=4.447 min_rms=3.246 std=0.386 var=0.149 state=standing thr=4.547/4.747/5.247
6.50,-10.06,1.12,0.9945,0.0869,-0.0579,-0.0102,1.05,1.89,9.24,7.62,3.62,-0.12,9.49,0,1.70,-0.0234,-0.0343,38,0.886,0.892,60.42,1.01,35.491,0
5.94,-10.62,1.12,0.9943,0.0922,-0.0522,-0.0101,0.77,2.28,9.34,8.50,10.31,-3.31,9.65,0,1.70,-0.0211,-0.0365,38,0.886,0.892,60.42,1.01,35.491,0
5.31,-10.19,1.12,0.9949,0.0885,-0.0476,-0.0098,0.73,2.33,13.07,-15.69,-1.19,3.25,13.30,0,1.70,-0.0193,-0.0350,38,0.886,0.892,60.42,1.01,35.491,0
6.56,-9.12,0.94,0.9951,0.0787,-0.0586,-0.0086,0.90,2.77,11.58,-16.06,-31.44,3.56,11.94,0,1.70,-0.0236,-0.0311,38,0.886,0.892,60.42,1.01,35.491,0
phase1 acc_mag=9.352 gravity=9.935 motion=0.583 moving_avg=2.649 rms=3.706 mean_rms=3.757 max_rms=4.447 min_rms=3.246 std=0.382 var=0.146 state=standing thr=4.522/4.722/5.222
8.88,-8.00,0.75,0.9943,0.0685,-0.0815,-0.0068,1.17,0.55,7.07,-4.31,-35.38,5.81,7.19,0,1.70,-0.0326,-0.0270,38,0.886,0.892,60.42,1.01,35.491,0
11.06,-8.62,0.62,0.9925,0.0737,-0.0972,-0.0060,2.18,-0.15,3.27,19.50,-21.25,0.88,3.93,0,1.70,-0.0388,-0.0290,39,0.726,0.975,80.54,1.34,36.218,0
10.06,-11.12,0.88,0.9914,0.0955,-0.0894,-0.0081,2.58,-0.90,1.32,55.12,48.88,-16.62,3.03,0,1.70,-0.0357,-0.0376,39,0.726,0.975,80.54,1.34,36.218,0
5.56,-12.06,1.81,0.9931,0.1043,-0.0510,-0.0158,0.31,2.98,15.88,-88.44,27.56,1.75,16.16,0,1.70,-0.0209,-0.0411,39,0.726,0.975,80.54,1.34,36.218,0
phase1 acc_mag=21.160 gravity=9.736 motion=11.424 moving_avg=3.526 rms=4.585 mean_rms=3.907 max_rms=4.585 min_rms=3.264 std=0.337 var=0.114 state=slow thr=4.582/4.782/5.282
3.75,-11.56,2.06,0.9935,0.1046,-0.0391,-0.0193,0.68,5.42,16.95,51.12,-47.19,-12.94,17.81,0,1.70,-0.0164,-0.0412,39,0.726,0.975,80.54,1.34,36.218,0
7.50,-13.75,2.94,0.9903,0.1174,-0.0693,-0.0256,1.58,2.68,8.58,-12.00,-51.94,9.94,9.13,0,1.70,-0.0287,-0.0458,39,0.726,0.975,80.54,1.34,36.218,0
9.94,-11.75,2.38,0.9909,0.0978,-0.0901,-0.0200,1.26,0.63,5.59,-22.50,-10.19,14.00,5.76,0,1.70,-0.0365,-0.0381,40,0.881,2.259,153.85,2.56,37.099,0
9.31,-10.25,1.88,0.9926,0.0873,-0.0831,-0.0164,1.10,0.53,6.94,-14.31,26.00,1.94,7.05,0,1.70,-0.0336,-0.0341,40,0.881,2.259,153.85,2.56,37.099,0
phase1 acc_mag=7.978 gravity=9.259 motion=1.281 moving_avg=3.026 rms=3.944 mean_rms=4.057 max_rms=4.757 min_rms=3.629 std=0.370 var=0.137 state=standing thr=4.796/4.996/5.496
7.56,-9.31,1.94,0.9944,0.0796,-0.0678,-0.0172,0.61,3.25,11.66,-16.06,18.81,-2.25,12.12,0,1.70,-0.0275,-0.0312,40,0.881,2.259,153.85,2.56,37.099,0
7.44,-8.50,1.88,0.9950,0.0727,-0.0664,-0.0168,1.12,1.99,10.97,1.81,-8.06,0.94,11.21,0,1.70,-0.0269,-0.0285,40,0.881,2.259,153.85,2.56,37.099,0
8.06,-9.25,1.94,0.9941,0.0789,-0.0722,-0.0171,1.73,1.09,8.15,-1.69,-0.06,-0.50,8.40,0,1.70,-0.0293,-0.0309,40,0.881,2.259,153.85,2.56,37.099,0
7.56,-8.81,2.06,0.9947,0.0756,-0.0678,-0.0181,0.88,1.47,9.53,-6.31,7.75,-2.50,9.68,0,1.70,-0.0275,-0.0296,40,0.881,2.259,153.85,2.56,37.099,0
phase1 acc_mag=9.644 gravity=9.765 motion=0.121 moving_avg=2.652 rms=3.691 mean_rms=3.954 max_rms=4.757 min_rms=3.629 std=0.343 var=0.118 state=standing thr=4.641/4.841/5.341
7.06,-8.88,2.06,0.9949,0.0759,-0.0637,-0.0184,1.14,1.65,9.35,-0.31,9.56,0.06,9.56,0,1.70,-0.0259,-0.0297,40,0.881,2.259,153.85,2.56,37.099,0
6.62,-8.81,2.00,0.9953,0.0747,-0.0594,-0.0175,1.17,2.66,11.62,-8.62,3.75,4.25,11.98,0,1.70,-0.0242,-0.0293,40,0.881,2.259,153.85,2.56,37.099,0
6.88,-6.50,1.62,0.9965,0.0558,-0.0611,-0.0146,0.95,1.67,12.47,-45.00,-10.38,9.94,12.62,0,1.70,-0.0247,-0.0219,40,0.881,2.259,153.85,2.56,37.099,0
8.25,-4.38,1.44,0.9965,0.0354,-0.0754,-0.0123,1.16,0.42,8.64,-25.19,-29.44,6.00,8.73,0,1.70,-0.0302,-0.0137,40,0.881,2.259,153.85,2.56,37.099,0
phase1 acc_mag=7.158 gravity=10.050 motion=2.892 moving_avg=2.862 rms=3.776 mean_rms=3.959 max_rms=4.757 min_rms=3.629 std=0.340 var=0.116 state=standing thr=4.639/4.839/5.339
9.56,-3.12,1.38,0.9960,0.0264,-0.0840,-0.0125,1.42,-0.14,5.06,-12.12,-11.06,0.12,5.26,0,1.70,-0.0336,-0.0101,41,0.724,1.019,84.51,1.41,37.822,0
8.25,-4.00,1.50,0.9969,0.0369,-0.0680,-0.0135,2.35,-0.77,2.01,32.62,56.56,-7.94,3.19,0,1.70,-0.0273,-0.0144,41,0.724,1.019,84.51,1.41,37.822,0
3.94,-6.06,1.38,0.9979,0.0525,-0.0354,-0.0121,-0.22,4.07,11.63,-2.62,53.94,8.56,12.32,0,1.70,-0.0144,-0.0208,41,0.724,1.019,84.51,1.41,37.822,0
1.06,-3.88,0.81,0.9993,0.0332,-0.0115,-0.0076,-1.32,1.01,21.44,-22.00,2.81,-4.69,21.50,0,1.70,-0.0047,-0.0132,41,0.724,1.019,84.51,1.41,37.822,0
phase1 acc_mag=15.765 gravity=10.083 motion=5.683 moving_avg=3.668 rms=4.821 mean_rms=4.060 max_rms=4.821 min_rms=3.685 std=0.347 var=0.120 state=slow thr=4.755/4.955/5.455
4.62,-5.38,1.50,0.9980,0.0464,-0.0414,-0.0133,1.66,0.92,10.21,20.44,-66.62,-10.69,10.38,0,1.70,-0.0168,-0.0183,41,0.724,1.019,84.51,1.41,37.822,0
7.25,-4.50,2.19,0.9970,0.0361,-0.0656,-0.0192,1.33,0.83,5.83,-23.00,-14.44,1.50,6.04,0,1.70,-0.0264,-0.0139,42,0.899,2.519,168.07,2.80,38.722,0
7.31,-3.69,1.75,0.9973,0.0312,-0.0643,-0.0156,1.14,0.31,6.91,-0.50,12.94,8.06,7.01,0,1.70,-0.0259,-0.0121,42,0.899,2.519,168.07,2.80,38.722,0
phase1 acc_mag=10.769 gravity=9.393 motion=1.376 moving_avg=2.966 rms=3.988 mean_rms=4.086 max_rms=4.821 min_rms=3.685 std=0.368 var=0.135 state=standing thr=4.822/5.022/5.522
6.12,-3.31,1.38,0.9981,0.0281,-0.0531,-0.0116,0.88,0.53,10.72,-3.31,14.25,4.25,10.77,0,1.70,-0.0213,-0.0110,42,0.899,2.519,168.07,2.80,38.722,0
5.69,-3.50,1.19,0.9982,0.0302,-0.0502,-0.0106,1.01,0.91,10.84,0.38,-2.62,2.56,10.92,0,1.70,-0.0202,-0.0119,42,0.899,2.519,168.07,2.80,38.722,0
6.06,-3.62,1.06,0.9980,0.0314,-0.0532,-0.0093,0.98,0.19,9.14,1.69,-3.69,0.00,9.19,0,1.70,-0.0214,-0.0124,42,0.899,2.519,168.07,2.80,38.722,0
5.94,-3.56,1.06,0.9981,0.0309,-0.0519,-0.0093,0.75,0.77,8.81,2.00,6.62,-0.75,8.88,0,1.70,-0.0208,-0.0121,42,0.899,2.519,168.07,2.80,38.722,0
phase1 acc_mag=10.649 gravity=9.773 motion=0.875 moving_avg=2.555 rms=3.741 mean_rms=4.007 max_rms=4.821 min_rms=3.685 std=0.343 var=0.118 state=standing thr=4.693/4.893/5.393
5.38,-3.38,0.94,0.9984,0.0291,-0.0472,-0.0087,0.88,1.45,11.67,-7.50,8.62,3.94,11.79,0,1.70,-0.0190,-0.0115,42,0.899,2.519,168.07,2.80,38.722,0
5.44,-2.81,0.56,0.9985,0.0236,-0.0488,-0.0048,0.93,0.92,11.25,-9.38,-12.12,6.56,11.33,0,1.70,-0.0195,-0.0093,42,0.899,2.519,168.07,2.80,38.722,0
6.50,-1.88,0.00,0.9982,0.0165,-0.0571,-0.0003,1.39,-0.04,8.86,-12.06,-16.06,10.75,8.97,0,1.70,-0.0228,-0.0066,42,0.899,2.519,168.07,2.80,38.722,0
7.00,-1.62,359.75,0.9980,0.0148,-0.0614,0.0015,1.17,0.04,5.20,-2.31,-6.44,-4.19,5.33,0,1.70,-0.0245,-0.0059,43,0.680,1.057,93.31,1.56,39.401,0
phase1 acc_mag=3.576 gravity=9.635 motion=6.060 moving_avg=2.912 rms=3.953 mean_rms=4.012 max_rms=4.821 min_rms=3.685 std=0.338 var=0.114 state=standing thr=4.688/4.888/5.388
5.06,-3.81,0.12,0.9984,0.0336,-0.0447,-0.0011,1.67,0.35,4.21,43.81,47.00,-4.81,4.54,0,1.70,-0.0179,-0.0134,43,0.680,1.057,93.31,1.56,39.401,0
2.19,-4.50,0.12,0.9991,0.0385,-0.0148,-0.0012,-0.90,1.50,14.18,-7.12,57.94,-1.44,14.29,0,1.70,-0.0059,-0.0154,43,0.680,1.057,93.31,1.56,39.401,0
0.75,-4.50,0.50,0.9991,0.0403,-0.0093,-0.0053,-0.48,1.85,17.60,11.62,-25.44,-6.88,17.70,0,1.70,-0.0038,-0.0161,43,0.680,1.057,93.31,1.56,39.401,0
3.94,-4.38,1.12,0.9986,0.0381,-0.0350,-0.0103,0.59,1.40,11.86,-18.06,-58.88,-5.00,11.96,0,1.70,-0.0141,-0.0151,43,0.680,1.057,93.31,1.56,39.401,0
phase1 acc_mag=9.532 gravity=10.019 motion=0.487 moving_avg=3.540 rms=4.637 mean_rms=4.131 max_rms=4.821 min_rms=3.731 std=0.345 var=0.119 state=standing thr=4.821/5.021/5.521
7.44,-3.25,1.00,0.9974,0.0280,-0.0653,-0.0087,1.46,0.08,5.58,-10.88,-26.81,8.50,5.77,0,1.70,-0.0262,-0.0109,44,0.853,2.215,155.84,2.60,40.254,1
7.75,-2.50,0.56,0.9975,0.0206,-0.0672,-0.0045,1.49,0.27,5.16,-14.94,8.44,11.88,5.38,0,1.70,-0.0268,-0.0081,44,0.853,2.215,155.84,2.60,40.254,0
6.12,-2.56,359.88,0.9983,0.0224,-0.0538,0.0007,0.34,0.86,9.95,-2.69,27.56,5.81,9.99,0,1.70,-0.0215,-0.0090,44,0.853,2.215,155.84,2.60,40.254,0
phase1 acc_mag=13.182 gravity=9.479 motion=3.703 moving_avg=2.963 rms=3.706 mean_rms=4.136 max_rms=4.711 min_rms=3.680 std=0.350 var=0.122 state=standing thr=4.835/5.035/5.535
4.94,-1.62,359.62,0.9990,0.0150,-0.0435,0.0031,0.35,0.45,13.17,-4.00,3.38,0.62,13.18,0,1.70,-0.0173,-0.0061,44,0.853,2.215,155.84,2.60,40.254,0
6.19,-2.88,359.62,0.9982,0.0255,-0.0543,0.0028,1.19,0.30,9.08,3.81,-13.12,-0.56,9.16,0,1.70,-0.0216,-0.0102,44,0.853,2.215,155.84,2.60,40.254,0
6.25,-2.94,359.69,0.9982,0.0256,-0.0543,0.0026,0.74,0.63,9.81,-6.31,8.56,2.62,9.86,0,1.70,-0.0216,-0.0103,44,0.853,2.215,155.84,2.60,40.254,0
5.81,-2.19,359.50,0.9985,0.0195,-0.0507,0.0038,0.68,0.89,11.23,-11.00,1.00,4.38,11.29,0,1.70,-0.0202,-0.0079,44,0.853,2.215,155.84,2.60,40.254,0
phase1 acc_mag=10.487 gravity=9.954 motion=0.533 moving_avg=2.597 rms=3.469 mean_rms=3.967 max_rms=4.668 min_rms=3.468 std=0.368 var=0.135 state=standing thr=4.703/4.903/5.403
6.38,-1.81,359.44,0.9983,0.0164,-0.0555,0.0048,1.37,0.22,9.06,-0.19,-12.94,-1.38,9.17,0,1.70,-0.0221,-0.0066,44,0.853,2.215,155.84,2.60,40.254,0
6.88,-2.12,359.62,0.9980,0.0202,-0.0604,0.0031,1.34,-0.50,5.11,14.56,-3.44,-3.81,5.31,0,1.70,-0.0241,-0.0081,45,0.705,1.218,103.63,1.73,40.959,0
5.25,-4.06,0.06,0.9985,0.0358,-0.0413,-0.0016,0.68,-0.20,7.17,3.38,57.62,-11.38,7.20,0,1.70,-0.0165,-0.0143,45,0.705,1.218,103.63,1.73,40.959,0
1.38,-3.00,0.12,0.9996,0.0265,-0.0124,-0.0014,-1.23,1.33,17.54,-19.19,37.88,11.44,17.63,0,1.70,-0.0050,-0.0106,45,0.705,1.218,103.63,1.73,40.959,0
phase1 acc_mag=18.042 gravity=9.891 motion=8.151 moving_avg=3.338 rms=4.156 mean_rms=3.937 max_rms=4.668 min_rms=3.461 std=0.392 var=0.153 state=standing thr=4.720/4.920/5.420
2.56,-5.12,0.00,0.9987,0.0452,-0.0228,-0.0004,0.71,1.21,12.96,19.44,-53.44,-2.81,13.04,0,1.70,-0.0091,-0.0180,45,0.705,1.218,103.63,1.73,40.959,0
5.69,-5.00,0.38,0.9977,0.0414,-0.0538,-0.0040,1.24,1.28,8.70,-20.56,-48.81,-0.31,8.88,0,1.70,-0.0215,-0.0165,45,0.705,1.218,103.63,1.73,40.959,0
8.19,-3.56,0.31,0.9969,0.0308,-0.0717,-0.0032,1.41,0.06,5.89,-10.25,-25.12,3.44,6.06,0,1.70,-0.0286,-0.0122,46,0.837,2.426,173.91,2.90,41.796,0
8.50,-2.62,359.81,0.9969,0.0228,-0.0745,0.0013,1.11,-0.19,6.56,-14.12,11.25,11.69,6.66,0,1.70,-0.0297,-0.0091,46,0.837,2.426,173.91,2.90,41.796,0
phase1 acc_mag=7.661 gravity=9.872 motion=2.211 moving_avg=3.380 rms=4.166 mean_rms=4.023 max_rms=4.668 min_rms=3.461 std=0.397 var=0.158 state=standing thr=4.817/5.017/5.517
7.50,-2.56,359.56,0.9976,0.0229,-0.0657,0.0035,1.09,0.99,11.14,2.06,16.44,-1.81,11.24,0,1.70,-0.0262,-0.0092,46,0.837,2.426,173.91,2.90,41.796,0
6.94,-2.00,359.44,0.9979,0.0186,-0.0612,0.0046,1.01,0.47,11.95,-1.06,0.00,0.12,12.00,0,1.70,-0.0244,-0.0075,46,0.837,2.426,173.91,2.90,41.796,0
7.44,-2.88,359.44,0.9975,0.0260,-0.0656,0.0043,1.36,0.52,8.54,5.19,-4.62,-1.94,8.66,0,1.70,-0.0261,-0.0105,46,0.837,2.426,173.91,2.90,41.796,0
7.44,-3.00,359.44,0.9975,0.0263,-0.0652,0.0047,1.11,0.42,9.39,3.50,2.94,1.12,9.46,0,1.70,-0.0260,-0.0106,46,0.837,2.426,173.91,2.90,41.796,0
phase1 acc_mag=10.449 gravity=9.379 motion=1.070 moving_avg=2.575 rms=3.308 mean_rms=3.893 max_rms=4.602 min_rms=3.308 std=0.382 var=0.146 state=standing thr=4.656/4.856/5.356
7.19,-2.88,359.31,0.9977,0.0253,-0.0626,0.0058,1.14,1.10,10.96,-8.88,1.62,4.75,11.07,0,1.70,-0.0249,-0.0103,46,0.837,2.426,173.91,2.90,41.796,0
7.50,-2.69,359.06,0.9975,0.0231,-0.0660,0.0082,1.29,0.76,10.56,-5.06,-7.62,2.75,10.67,0,1.70,-0.0262,-0.0094,46,0.837,2.426,173.91,2.90,41.796,0
8.25,-1.69,358.81,0.9973,0.0157,-0.0720,0.0101,1.11,0.48,9.40,-9.44,-12.19,2.69,9.48,0,1.70,-0.0286,-0.0065,46,0.837,2.426,173.91,2.90,41.796,0
phase1 acc_mag=6.050 gravity=9.585 motion=3.536 moving_avg=2.144 rms=2.964 mean_rms=3.645 max_rms=4.272 min_rms=2.950 std=0.420 var=0.176 state=standing thr=4.485/4.685/5.185
8.94,-1.31,358.94,0.9968,0.0132,-0.0780,0.0090,1.63,-0.73,5.78,-1.62,-4.31,-2.06,6.05,0,1.70,-0.0311,-0.0055,46,0.837,2.426,173.91,2.90,41.796,0
7.19,-4.94,358.94,0.9972,0.0466,-0.0582,0.0096,0.91,-0.53,6.58,34.56,52.44,0.38,6.66,0,1.70,-0.0230,-0.0188,46,0.837,2.426,173.91,2.90,41.796,0
3.25,-4.06,359.00,0.9989,0.0361,-0.0283,0.0085,-0.26,3.84,19.02,-15.50,30.00,-9.19,19.41,0,1.70,-0.0112,-0.0145,46,0.837,2.426,173.91,2.90,41.796,0
5.00,-5.12,359.19,0.9980,0.0453,-0.0437,0.0066,1.58,1.18,12.62,15.50,-54.81,3.62,12.77,0,1.70,-0.0173,-0.0182,46,0.837,2.426,173.91,2.90,41.796,0
phase1 acc_mag=8.688 gravity=10.019 motion=1.331 moving_avg=3.060 rms=3.988 mean_rms=3.637 max_rms=4.272 min_rms=2.950 std=0.454 var=0.206 state=standing thr=4.544/4.744/5.244
8.06,-4.75,359.25,0.9966,0.0416,-0.0705,0.0064,1.69,0.28,6.48,-29.69,-30.31,6.75,6.70,0,1.70,-0.0280,-0.0168,46,0.837,2.426,173.91,2.90,41.796,0
8.81,-3.19,358.94,0.9966,0.0277,-0.0762,0.0098,1.03,-0.26,6.17,-11.31,5.69,8.06,6.26,0,1.70,-0.0303,-0.0113,47,0.868,0.877,60.61,1.01,42.664,0
7.56,-2.75,358.69,0.9974,0.0249,-0.0659,0.0112,1.04,0.91,8.45,-3.50,22.25,-1.12,8.56,0,1.70,-0.0262,-0.0102,47,0.868,0.877,60.61,1.01,42.664,0
6.31,-2.50,358.69,0.9982,0.0226,-0.0553,0.0111,0.90,0.99,11.48,3.44,4.81,-0.94,11.56,0,1.70,-0.0220,-0.0093,47,0.868,0.877,60.61,1.01,42.664,0
phase1 acc_mag=11.198 gravity=9.695 motion=1.502 moving_avg=2.566 rms=3.400 mean_rms=3.659 max_rms=4.272 min_rms=2.950 std=0.457 var=0.209 state=standing thr=4.573/4.773/5.273
6.56,-3.19,358.75,0.9978,0.0293,-0.0579,0.0106,1.13,0.83,9.89,7.69,-7.81,-3.00,9.99,0,1.70,-0.0230,-0.0119,47,0.868,0.877,60.61,1.01,42.664,0
6.94,-3.38,358.88,0.9977,0.0301,-0.0606,0.0095,0.93,0.46,9.62,2.88,-4.25,-1.88,9.68,0,1.70,-0.0241,-0.0122,47,0.868,0.877,60.61,1.01,42.664,0
7.00,-3.38,358.94,0.9977,0.0298,-0.0608,0.0090,1.01,0.85,9.55,-3.62,1.56,0.00,9.64,0,1.70,-0.0242,-0.0121,47,0.868,0.877,60.61,1.01,42.664,0
6.81,-3.50,358.94,0.9977,0.0309,-0.0597,0.0087,1.18,0.79,8.98,4.19,2.06,-0.69,9.09,0,1.70,-0.0237,-0.0126,47,0.868,0.877,60.61,1.01,42.664,0
phase1 acc_mag=8.871 gravity=9.992 motion=1.121 moving_avg=2.105 rms=3.115 mean_rms=3.457 max_rms=4.097 min_rms=2.950 std=0.372 var=0.139 state=standing thr=4.201/4.401/4.901
6.50,-3.50,358.94,0.9979,0.0309,-0.0557,0.0092,0.88,0.74,9.93,-3.50,9.69,1.06,10.00,0,1.70,-0.0221,-0.0125,47,0.868,0.877,60.61,1.01,42.664,0
5.88,-2.94,358.81,0.9983,0.0266,-0.0515,0.0099,0.72,1.40,12.10,-15.62,3.12,3.19,12.20,0,1.70,-0.0205,-0.0108,47,0.868,0.877,60.61,1.01,42.664,0
6.75,-2.00,358.75,0.9980,0.0183,-0.0591,0.0107,0.94,-0.05,9.59,-6.25,-24.50,1.88,9.64,0,1.70,-0.0235,-0.0076,47,0.868,0.877,60.61,1.01,42.664,0
8.19,-2.00,359.00,0.9973,0.0182,-0.0717,0.0082,1.70,-0.73,5.21,-3.50,-13.81,-3.62,5.53,0,1.70,-0.0285,-0.0075,48,0.663,0.902,81.63,1.36,43.327,0
phase1 acc_mag=4.269 gravity=9.797 motion=5.528 moving_avg=2.273 rms=3.244 mean_rms=3.354 max_rms=4.039 min_rms=2.950 std=0.351 var=0.123 state=standing thr=4.057/4.257/4.757
7.25,-3.44,359.31,0.9975,0.0306,-0.0635,0.0058,1.46,-0.04,5.24,25.44,39.00,-4.62,5.44,0,1.70,-0.0253,-0.0124,48,0.663,0.902,81.63,1.36,43.327,0
4.38,-4.00,359.50,0.9988,0.0336,-0.0342,0.0040,-0.87,2.66,14.65,-8.88,53.38,-10.44,14.91,0,1.70,-0.0136,-0.0135,48,0.663,0.902,81.63,1.36,43.327,0
3.25,-2.31,359.31,0.9992,0.0234,-0.0317,0.0048,0.25,1.50,14.78,29.50,-39.75,-8.19,14.86,0,1.70,-0.0126,-0.0094,48,0.663,0.902,81.63,1.36,43.327,0
6.81,-3.88,359.81,0.9976,0.0342,-0.0599,0.0014,1.00,0.75,7.80,-10.94,-53.50,1.00,7.90,0,1.70,-0.0239,-0.0137,48,0.663,0.902,81.63,1.36,43.327,0
phase1 acc_mag=7.475 gravity=10.394 motion=2.919 moving_avg=2.764 rms=3.836 mean_rms=3.475 max_rms=4.039 min_rms=3.085 std=0.341 var=0.116 state=standing thr=4.156/4.356/4.856
9.12,-1.88,359.94,0.9966,0.0165,-0.0801,0.0005,1.05,0.16,6.90,-20.56,-17.00,3.62,6.98,0,1.70,-0.0319,-0.0066,49,0.837,2.352,168.54,2.81,44.164,0
9.56,-1.25,359.75,0.9965,0.0108,-0.0834,0.0022,1.35,0.27,7.16,-7.81,0.69,6.62,7.29,0,1.70,-0.0332,-0.0044,49,0.837,2.352,168.54,2.81,44.164,0
8.81,-1.25,359.56,0.9969,0.0111,-0.0769,0.0035,1.35,0.61,9.05,6.75,13.44,0.00,9.17,0,1.70,-0.0307,-0.0045,49,0.837,2.352,168.54,2.81,44.164,0
phase1 acc_mag=11.605 gravity=9.652 motion=1.953 moving_avg=2.136 rms=2.975 mean_rms=3.428 max_rms=4.039 min_rms=2.975 std=0.331 var=0.110 state=standing thr=4.090/4.290/4.790
7.88,-1.31,359.56,0.9976,0.0121,-0.0690,0.0038,1.06,1.24,11.49,-6.56,11.12,1.31,11.61,0,1.70,-0.0275,-0.0050,49,0.837,2.352,168.54,2.81,44.164,0
8.31,-0.94,359.31,0.9973,0.0088,-0.0724,0.0055,1.29,0.27,10.09,-4.69,-9.81,2.38,10.18,0,1.70,-0.0289,-0.0037,49,0.837,2.352,168.54,2.81,44.164,0
9.00,-0.12,359.31,0.9969,0.0016,-0.0788,0.0058,1.25,0.09,9.08,-8.19,-11.00,-0.50,9.17,0,1.70,-0.0314,-0.0008,49,0.837,2.352,168.54,2.81,44.164,0
9.50,0.44,359.50,0.9965,-0.0037,-0.0829,0.0038,1.39,0.49,8.43,-15.81,-4.31,-1.56,8.56,0,1.70,-0.0330,0.0014,49,0.837,2.352,168.54,2.81,44.164,0
phase1 acc_mag=8.626 gravity=9.819 motion=1.192 moving_avg=1.899 rms=2.804 mean_rms=3.245 max_rms=3.928 min_rms=2.800 std=0.338 var=0.114 state=standing thr=3.921/4.121/4.621
9.88,1.06,359.81,0.9962,-0.0085,-0.0875,0.0009,1.79,0.37,6.86,7.00,-12.75,-8.19,7.10,0,1.70,-0.0349,0.0034,49,0.837,2.352,168.54,2.81,44.164,0
9.75,-1.06,0.06,0.9963,0.0092,-0.0854,-0.0005,2.57,-0.78,3.17,56.56,20.81,-6.69,4.15,0,1.70,-0.0340,-0.0037,49,0.837,2.352,168.54,2.81,44.164,0
6.19,-2.88,0.62,0.9985,0.0225,-0.0486,-0.0065,-1.47,2.34,14.59,-31.12,67.75,-12.19,14.85,0,1.70,-0.0195,-0.0088,49,0.837,2.352,168.54,2.81,44.164,0
3.81,-1.56,1.00,0.9993,0.0136,-0.0338,-0.0089,-0.47,1.64,21.48,14.75,-14.69,-8.06,21.55,0,1.70,-0.0136,-0.0053,49,0.837,2.352,168.54,2.81,44.164,0
phase1 acc_mag=13.974 gravity=10.108 motion=3.866 moving_avg=3.047 rms=4.225 mean_rms=3.267 max_rms=4.225 min_rms=2.800 std=0.397 var=0.158 state=slow thr=4.061/4.261/4.761
7.56,-3.81,1.44,0.9969,0.0325,-0.0711,-0.0130,1.79,1.48,8.96,0.31,-54.12,-3.50,9.26,0,1.70,-0.0285,-0.0126,49,0.837,2.352,168.54,2.81,44.164,0
10.12,-2.00,1.31,0.9958,0.0164,-0.0886,-0.0120,1.31,0.42,6.74,-39.56,-20.12,9.25,6.88,0,1.70,-0.0354,-0.0061,50,0.889,1.012,68.34,1.14,45.053,1
10.50,-0.56,0.88,0.9958,0.0040,-0.0913,-0.0071,1.27,-0.14,7.20,-2.44,6.88,6.75,7.31,0,1.70,-0.0364,-0.0013,50,0.889,1.012,68.34,1.14,45.053,0
9.56,-0.44,0.75,0.9966,0.0038,-0.0820,-0.0070,1.36,0.22,8.57,4.19,17.62,-3.69,8.68,0,1.70,-0.0327,-0.0013,50,0.889,1.012,68.34,1.14,45.053,0
phase1 acc_mag=10.025 gravity=9.863 motion=0.163 moving_avg=3.012 rms=4.164 mean_rms=3.500 max_rms=4.303 min_rms=2.800 std=0.550 var=0.303 state=standing thr=4.601/4.801/5.301
8.62,-0.75,0.88,0.9971,0.0063,-0.0753,-0.0079,1.31,0.42,10.59,5.38,8.25,-3.38,10.68,0,1.70,-0.0300,-0.0023,50,0.889,1.012,68.34,1.14,45.053,0
8.12,-1.12,1.00,0.9974,0.0093,-0.0713,-0.0089,1.36,0.76,10.91,4.88,4.75,-2.31,11.02,0,1.70,-0.0285,-0.0034,50,0.889,1.012,68.34,1.14,45.053,0
8.12,-1.38,1.00,0.9974,0.0114,-0.0711,-0.0092,1.31,0.33,9.50,-1.75,1.88,0.25,9.60,0,1.70,-0.0284,-0.0043,50,0.889,1.012,68.34,1.14,45.053,0
7.88,-1.31,0.94,0.9975,0.0110,-0.0690,-0.0085,1.30,0.70,9.46,1.81,2.06,1.62,9.57,0,1.70,-0.0276,-0.0042,50,0.889,1.012,68.34,1.14,45.053,0
phase1 acc_mag=9.662 gravity=9.579 motion=0.083 moving_avg=2.277 rms=3.493 mean_rms=3.514 max_rms=4.303 min_rms=2.800 std=0.558 var=0.311 state=standing thr=4.630/4.830/5.330
7.62,-1.44,0.69,0.9977,0.0121,-0.0668,-0.0063,1.22,-0.27,10.07,-1.44,5.88,4.50,10.15,0,1.70,-0.0267,-0.0047,50,0.889,1.012,68.34,1.14,45.053,0
7.50,-1.38,0.62,0.9977,0.0123,-0.0656,-0.0052,1.09,0.53,9.82,1.31,4.25,3.06,9.89,0,1.70,-0.0262,-0.0048,50,0.889,1.012,68.34,1.14,45.053,0
7.50,-1.50,0.56,0.9977,0.0130,-0.0656,-0.0054,1.28,0.39,9.47,-0.25,-1.75,0.25,9.56,0,1.70,-0.0262,-0.0050,50,0.889,1.012,68.34,1.14,45.053,0
7.38,-1.50,0.56,0.9978,0.0131,-0.0648,-0.0053,1.10,0.25,9.72,-4.69,2.94,2.06,9.79,0,1.70,-0.0259,-0.0051,50,0.889,1.012,68.34,1.14,45.053,0
phase1 acc_mag=9.784 gravity=9.628 motion=0.156 moving_avg=1.952 rms=3.378 mean_rms=3.555 max_rms=4.303 min_rms=2.800 std=0.520 var=0.271 state=standing thr=4.596/4.796/5.296
7.19,-1.50,0.56,0.9979,0.0129,-0.0632,-0.0049,1.16,0.31,9.69,-0.88,-1.25,1.00,9.76,0,1.70,-0.0252,-0.0050,50,0.889,1.012,68.34,1.14,45.053,0
7.12,-1.50,0.44,0.9979,0.0128,-0.0626,-0.0043,1.11,0.47,9.59,1.81,0.69,0.44,9.67,0,1.70,-0.0250,-0.0050,50,0.889,1.012,68.34,1.14,45.053,0
7.06,-1.44,0.44,0.9980,0.0124,-0.0621,-0.0041,1.05,0.36,9.73,-0.38,0.44,1.06,9.79,0,1.70,-0.0248,-0.0048,50,0.889,1.012,68.34,1.14,45.053,0
phase1 acc_mag=9.628 gravity=9.931 motion=0.303 moving_avg=1.623 rms=3.188 mean_rms=3.669 max_rms=4.303 min_rms=3.045 std=0.391 var=0.153 state=standing thr=4.451/4.651/5.151
7.12,-1.62,0.44,0.9980,0.0139,-0.0623,-0.0039,1.10,0.31,9.56,0.06,1.12,1.19,9.63,0,1.70,-0.0249,-0.0054,50,0.889,1.012,68.34,1.14,45.053,0
7.12,-1.75,0.44,0.9979,0.0150,-0.0624,-0.0043,1.16,0.49,9.54,2.38,0.19,-0.44,9.62,0,1.70,-0.0249,-0.0059,50,0.889,1.012,68.34,1.14,45.053,0
7.00,-1.75,0.44,0.9980,0.0153,-0.0616,-0.0042,1.04,0.48,9.82,1.44,1.75,-0.06,9.89,0,1.70,-0.0246,-0.0060,50,0.889,1.012,68.34,1.14,45.053,0
6.94,-1.81,0.44,0.9980,0.0157,-0.0610,-0.0038,0.97,0.47,9.86,0.69,0.25,0.62,9.92,0,1.70,-0.0244,-0.0062,50,0.889,1.012,68.34,1.14,45.053,0
phase1 acc_mag=9.745 gravity=9.505 motion=0.239 moving_avg=0.604 rms=1.026 mean_rms=3.329 max_rms=4.303 min_rms=1.026 std=0.819 var=0.671 state=standing thr=4.967/5.167/5.667
7.00,-1.81,0.44,0.9980,0.0157,-0.0612,-0.0038,1.03,0.40,9.51,-0.19,-1.75,-1.00,9.57,0,1.70,-0.0244,-0.0062,50,0.889,1.012,68.34,1.14,45.053,0
6.88,-1.88,0.44,0.9980,0.0161,-0.0605,-0.0038,1.09,0.66,9.67,-0.12,1.56,0.31,9.75,0,1.70,-0.0242,-0.0063,50,0.889,1.012,68.34,1.14,45.053,0
6.81,-1.88,0.31,0.9980,0.0162,-0.0598,-0.0032,1.09,0.63,9.71,0.19,-1.31,-0.19,9.79,0,1.70,-0.0239,-0.0064,50,0.889,1.012,68.34,1.14,45.053,0
6.81,-1.94,0.25,0.9980,0.0168,-0.0599,-0.0023,1.13,0.10,9.67,0.25,-1.75,1.88,9.74,0,1.70,-0.0239,-0.0067,50,0.889,1.012,68.34,1.14,45.053,0
phase1 acc_mag=9.779 gravity=9.787 motion=0.008 moving_avg=0.239 rms=0.344 mean_rms=2.557 max_rms=3.975 min_rms=0.344 std=1.242 var=1.543 state=standing thr=5.041/5.241/5.741
6.88,-2.12,0.31,0.9980,0.0189,-0.0605,-0.0028,1.25,0.26,9.72,2.06,-0.56,1.38,9.80,0,1.70,-0.0242,-0.0075,50,0.889,1.012,68.34,1.14,45.053,0
6.81,-2.00,0.31,0.9980,0.0174,-0.0598,-0.0029,1.09,0.43,9.83,-2.56,0.50,-0.06,9.90,0,1.70,-0.0239,-0.0069,50,0.889,1.012,68.34,1.14,45.053,0
6.81,-2.12,0.31,0.9980,0.0184,-0.0598,-0.0029,1.23,0.62,9.58,0.06,-0.31,0.50,9.68,0,1.70,-0.0239,-0.0073,50,0.889,1.012,68.34,1.14,45.053,0
phase1 acc_mag=9.678 gravity=9.747 motion=0.070 moving_avg=0.172 rms=0.229 mean_rms=1.856 max_rms=3.419 min_rms=0.229 std=1.395 var=1.945 state=standing thr=4.645/4.845/5.345
6.81,-2.00,0.25,0.9980,0.0176,-0.0598,-0.0023,1.12,0.23,9.61,3.06,-1.38,0.12,9.68,0,1.70,-0.0239,-0.0070,50,0.889,1.012,68.34,1.14,45.053,0
6.75,-1.88,0.25,0.9981,0.0167,-0.0594,-0.0024,1.11,0.42,9.66,1.31,-1.25,-0.81,9.73,0,1.70,-0.0237,-0.0066,50,0.889,1.012,68.34,1.14,45.053,0
6.75,-1.88,0.19,0.9981,0.0167,-0.0593,-0.0021,1.03,0.16,9.70,-2.25,0.81,1.06,9.76,0,1.70,-0.0237,-0.0066,50,0.889,1.012,68.34,1.14,45.053,0
6.75,-2.00,0.19,0.9981,0.0171,-0.0589,-0.0020,1.09,0.42,9.63,-0.69,1.25,0.31,9.70,0,1.70,-0.0235,-0.0068,50,0.889,0.000,0.00,0.00,45.053,0
phase1 acc_mag=9.611 gravity=9.749 motion=0.138 moving_avg=0.153 rms=0.215 mean_rms=1.222 max_rms=3.377 min_rms=0.215 std=1.264 var=1.598 state=standing thr=3.750/3.950/4.450
6.62,-1.94,0.19,0.9982,0.0172,-0.0582,-0.0021,1.05,0.38,9.69,3.94,0.81,-2.31,9.75,0,1.70,-0.0233,-0.0068,50,0.889,0.000,0.00,0.00,45.053,0
6.62,-2.00,0.25,0.9982,0.0173,-0.0580,-0.0023,0.96,0.39,9.83,-2.25,-0.44,-0.31,9.88,0,1.70,-0.0232,-0.0068,50,0.889,0.000,0.00,0.00,45.053,0
6.62,-2.06,0.25,0.9982,0.0179,-0.0579,-0.0021,1.13,0.48,9.60,-1.44,1.75,1.38,9.68,0,1.70,-0.0231,-0.0071,50,0.889,0.000,0.00,0.00,45.053,0
6.56,-2.06,0.19,0.9982,0.0179,-0.0576,-0.0020,1.04,0.46,9.80,0.50,1.44,0.12,9.87,0,1.70,-0.0230,-0.0071,50,0.889,0.000,0.00,0.00,45.053,0
phase1 acc_mag=9.796 gravity=9.777 motion=0.019 moving_avg=0.138 rms=0.199 mean_rms=0.572 max_rms=3.022 min_rms=0.199 std=0.687 var=0.472 state=standing thr=1.947/2.147/2.647
6.56,-2.06,0.19,0.9982,0.0180,-0.0574,-0.0020,1.08,0.33,9.54,2.56,-0.50,-0.12,9.61,0,1.70,-0.0229,-0.0071,50,0.889,0.000,0.00,0.00,45.053,0
6.44,-2.12,0.19,0.9982,0.0182,-0.0563,-0.0019,1.06,0.43,9.70,-2.38,3.06,-0.81,9.77,0,1.70,-0.0225,-0.0072,50,0.889,0.000,0.00,0.00,45.053,0
6.44,-2.12,0.19,0.9982,0.0186,-0.0563,-0.0021,1.09,0.51,9.76,0.50,-1.00,-0.19,9.83,0,1.70,-0.0225,-0.0074,50,0.889,0.000,0.00,0.00,45.053,0
6.44,-2.06,0.19,0.9982,0.0180,-0.0565,-0.0020,1.00,0.27,9.70,0.69,-0.75,0.06,9.76,0,1.70,-0.0226,-0.0071,50,0.889,0.000,0.00,0.00,45.053,0
phase1 acc_mag=9.638 gravity=9.785 motion=0.147 moving_avg=0.096 rms=0.128 mean_rms=0.260 max_rms=0.807 min_rms=0.127 std=0.123 var=0.015 state=standing thr=0.506/0.706/1.206
6.44,-2.06,0.25,0.9982,0.0179,-0.0563,-0.0022,1.07,0.47,9.77,-0.44,0.94,0.25,9.84,0,1.70,-0.0225,-0.0071,50,0.889,0.000,0.00,0.00,45.053,0
6.44,-2.06,0.25,0.9982,0.0181,-0.0564,-0.0022,1.13,0.53,9.65,-0.50,0.19,0.56,9.73,0,1.70,-0.0225,-0.0072,50,0.889,0.000,0.00,0.00,45.053,0
6.44,-2.00,0.19,0.9982,0.0176,-0.0566,-0.0020,1.08,0.30,9.67,-1.38,-1.81,0.44,9.73,0,1.70,-0.0226,-0.0070,50,0.889,0.000,0.00,0.00,45.053,0
6.50,-2.00,0.19,0.9982,0.0176,-0.0568,-0.0021,0.99,0.41,9.71,-2.19,-0.31,-0.06,9.77,0,1.70,-0.0227,-0.0070,50,0.889,0.000,0.00,0.00,45.053,0
phase1 acc_mag=9.696 gravity=9.783 motion=0.087 moving_avg=0.085 rms=0.110 mean_rms=0.189 max_rms=0.256 min_rms=0.110 std=0.046 var=0.002 state=standing thr=0.280/0.480/0.980
6.44,-1.94,0.19,0.9982,0.0172,-0.0567,-0.0020,1.06,0.40,9.55,1.00,-0.12,0.25,9.62,0,1.70,-0.0227,-0.0068,50,0.889,0.000,0.00,0.00,45.053,0
6.44,-1.94,0.19,0.9983,0.0170,-0.0563,-0.0018,1.05,0.36,9.67,1.12,-0.56,0.06,9.73,0,1.70,-0.0225,-0.0067,50,0.889,0.000,0.00,0.00,45.053,0
6.44,-1.94,0.19,0.9983,0.0168,-0.0564,-0.0018,1.03,0.43,9.83,-3.19,0.25,0.25,9.89,0,1.70,-0.0225,-0.0067,50,0.889,0.000,0.00,0.00,45.053,0
6.44,-1.88,0.19,0.9983,0.0166,-0.0563,-0.0019,1.07,0.51,9.58,0.44,0.31,-0.50,9.65,0,1.70,-0.0225,-0.0066,50,0.889,0.000,0.00,0.00,45.053,0
phase1 acc_mag=9.608 gravity=9.768 motion=0.160 moving_avg=0.083 rms=0.108 mean_rms=0.161 max_rms=0.229 min_rms=0.108 std=0.046 var=0.002 state=standing thr=0.254/0.454/0.954
6.38,-1.88,0.19,0.9983,0.0163,-0.0557,-0.0018,1.04,0.31,9.73,-0.62,0.88,0.44,9.79,0,1.70,-0.0222,-0.0065,50,0.889,0.000,0.00,0.00,45.053,0
6.31,-1.94,0.19,0.9983,0.0167,-0.0555,-0.0018,1.03,0.53,9.81,-1.12,-0.06,0.12,9.88,0,1.70,-0.0222,-0.0066,50,0.889,0.000,0.00,0.00,45.053,0
6.38,-2.00,0.19,0.9983,0.0173,-0.0558,-0.0015,1.11,0.68,9.49,0.50,-0.25,0.06,9.58,0,1.70,-0.0223,-0.0069,50,0.889,0.000,0.00,0.00,45.053,0
6.38,-1.94,0.06,0.9983,0.0170,-0.0556,-0.0009,1.00,0.28,9.74,0.25,0.69,0.62,9.80,0,1.70,-0.0222,-0.0068,50,0.889,0.000,0.00,0.00,45.053,0
phase1 acc_mag=9.708 gravity=9.766 motion=0.058 moving_avg=0.078 rms=0.101 mean_rms=0.136 max_rms=0.220 min_rms=0.101 std=0.036 var=0.001 state=standing thr=0.209/0.409/0.909
6.31,-1.88,0.06,0.9984,0.0165,-0.0552,-0.0008,1.02,0.39,9.72,-0.88,-0.31,-0.50,9.78,0,1.70,-0.0220,-0.0066,50,0.889,0.000,0.00,0.00,45.053,0
6.31,-1.94,0.06,0.9984,0.0167,-0.0551,-0.0010,1.00,0.39,9.86,-2.44,1.12,0.56,9.92,0,1.70,-0.0220,-0.0067,50,0.889,0.000,0.00,0.00,45.053,0
6.25,-1.94,0.06,0.9984,0.0170,-0.0548,-0.0009,1.04,0.49,9.79,-1.88,0.88,0.62,9.86,0,1.70,-0.0219,-0.0068,50,0.889,0.000,0.00,0.00,45.053,0
phase1 acc_mag=9.669 gravity=9.779 motion=0.110 moving_avg=0.075 rms=0.096 mean_rms=0.114 max_rms=0.169 min_rms=0.096 std=0.011 var=0.000 state=standing thr=0.136/0.350/0.850
6.25,-1.88,0.06,0.9984,0.0170,-0.0550,-0.0009,1.02,0.31,9.61,3.19,-0.94,-0.69,9.67,0,1.70,-0.0220,-0.0068,50,0.889,0.000,0.00,0.00,45.053,0
6.25,-1.94,0.06,0.9984,0.0171,-0.0546,-0.0012,1.04,0.57,9.69,1.19,-0.94,-1.06,9.76,0,1.70,-0.0218,-0.0068,50,0.889,0.000,0.00,0.00,45.053,0
6.19,-2.00,0.06,0.9984,0.0174,-0.0545,-0.0009,0.94,0.23,10.01,-2.12,0.50,0.69,10.06,0,1.70,-0.0218,-0.0069,50,0.889,0.000,0.00,0.00,45.053,0
6.25,-1.88,0.12,0.9984,0.0166,-0.0548,-0.0013,1.04,0.27,9.75,0.19,-0.44,-1.06,9.81,0,1.70,-0.0219,-0.0066,50,0.889,0.000,0.00,0.00,45.053,0
phase1 acc_mag=9.790 gravity=9.782 motion=0.008 moving_avg=0.080 rms=0.101 mean_rms=0.107 max_rms=0.125 min_rms=0.093 std=0.001 var=0.000 state=standing thr=0.109/0.350/0.850
6.31,-1.75,0.25,0.9983,0.0167,-0.0556,-0.0027,1.56,1.99,9.83,13.69,-1.94,-4.06,10.15,0,1.70,-0.0222,-0.0066,50,0.889,0.000,0.00,0.00,45.053,0
6.38,-1.88,0.50,0.9983,0.0165,-0.0560,-0.0045,0.71,1.87,8.99,12.06,-3.06,-10.62,9.21,0,1.70,-0.0224,-0.0065,50,0.889,0.000,0.00,0.00,45.053,0
6.50,-1.88,0.56,0.9982,0.0161,-0.0568,-0.0051,1.08,0.29,9.64,0.06,0.00,-1.12,9.70,0,1.70,-0.0227,-0.0063,50,0.889,0.000,0.00,0.00,45.053,0
6.44,-1.81,0.56,0.9983,0.0159,-0.0566,-0.0049,1.05,0.31,9.74,-0.94,0.12,0.62,9.80,0,1.70,-0.0226,-0.0062,50,0.889,0.000,0.00,0.00,45.053,0
phase1 acc_mag=9.783 gravity=9.797 motion=0.014 moving_avg=0.126 rms=0.258 mean_rms=0.131 max_rms=0.260 min_rms=0.093 std=0.057 var=0.003 state=slow thr=0.245/0.445/0.945
6.44,-1.81,0.50,0.9983,0.0155,-0.0565,-0.0049,1.01,0.38,9.77,-1.94,0.38,0.62,9.83,0,1.70,-0.0226,-0.0061,50,0.889,0.000,0.00,0.00,45.053,0
6.44,-1.75,0.50,0.9983,0.0155,-0.0566,-0.0044,1.13,0.27,9.65,0.94,-0.25,0.81,9.72,0,1.70,-0.0226,-0.0061,50,0.889,0.000,0.00,0.00,45.053,0
6.44,-1.69,0.44,0.9983,0.0148,-0.0567,-0.0042,1.09,0.37,9.60,1.44,-0.75,0.00,9.67,0,1.70,-0.0227,-0.0058,50,0.889,0.000,0.00,0.00,45.053,0
6.44,-1.69,0.44,0.9983,0.0147,-0.0565,-0.0042,0.99,0.32,9.69,-3.19,-0.56,0.31,9.75,0,1.70,-0.0226,-0.0058,50,0.889,0.000,0.00,0.00,45.053,0
phase1 acc_mag=9.716 gravity=9.802 motion=0.086 moving_avg=0.123 rms=0.257 mean_rms=0.162 max_rms=0.260 min_rms=0.093 std=0.075 var=0.006 state=standing thr=0.311/0.511/1.011
6.44,-1.75,0.44,0.9983,0.0151,-0.0565,-0.0040,1.00,0.33,9.63,-1.31,1.75,1.31,9.69,0,1.70,-0.0226,-0.0060,50,0.889,0.000,0.00,0.00,45.053,0
6.31,-1.62,0.38,0.9984,0.0145,-0.0555,-0.0036,0.95,0.47,9.78,1.00,1.00,-0.19,9.84,0,1.70,-0.0222,-0.0057,50,0.889,0.000,0.00,0.00,45.053,0
6.38,-1.69,0.38,0.9984,0.0145,-0.0557,-0.0037,1.08,0.38,9.70,-0.62,0.25,-0.06,9.77,0,1.70,-0.0223,-0.0057,50,0.889,0.000,0.00,0.00,45.053,0
6.38,-1.62,0.38,0.9984,0.0143,-0.0560,-0.0033,1.03,0.40,9.75,-1.12,-0.06,1.31,9.81,0,1.70,-0.0224,-0.0057,50,0.889,0.000,0.00,0.00,45.053,0
phase1 acc_mag=9.913 gravity=9.813 motion=0.099 moving_avg=0.132 rms=0.270 mean_rms=0.198 max_rms=0.273 min_rms=0.093 std=0.078 var=0.006 state=standing thr=0.354/0.554/1.054
6.44,-1.75,0.38,0.9982,0.0154,-0.0568,-0.0035,1.14,0.43,9.60,1.94,-0.69,-0.62,9.68,0,1.70,-0.0227,-0.0061,50,0.889,0.000,0.00,0.00,45.053,0
6.44,-1.75,0.31,0.9983,0.0153,-0.0566,-0.0031,1.02,0.31,9.65,2.62,-1.44,-0.56,9.71,0,1.70,-0.0226,-0.0060,50,0.889,0.000,0.00,0.00,45.053,0
6.44,-1.81,0.31,0.9983,0.0157,-0.0563,-0.0031,1.07,0.28,9.71,-1.06,1.25,0.25,9.77,0,1.70,-0.0225,-0.0062,50,0.889,0.000,0.00,0.00,45.053,0
6.38,-1.88,0.31,0.9983,0.0163,-0.0560,-0.0031,1.03,0.39,9.78,-0.25,1.31,0.19,9.84,0,1.70,-0.0224,-0.0064,50,0.889,0.000,0.00,0.00,45.053,0
phase1 acc_mag=9.910 gravity=9.807 motion=0.103 moving_avg=0.132 rms=0.271 mean_rms=0.235 max_rms=0.273 min_rms=0.095 std=0.061 var=0.004 state=standing thr=0.358/0.558/1.058
6.38,-1.94,0.31,0.9983,0.0170,-0.0559,-0.0031,1.12,0.38,9.56,2.06,0.25,0.38,9.63,0,1.70,-0.0223,-0.0067,50,0.889,0.000,0.00,0.00,45.053,0
6.25,-1.94,0.31,0.9984,0.0173,-0.0547,-0.0030,1.02,0.39,9.87,1.50,0.25,0.12,9.93,0,1.70,-0.0219,-0.0068,50,0.889,0.000,0.00,0.00,45.053,0
6.25,-1.94,0.31,0.9984,0.0168,-0.0548,-0.0031,1.07,0.36,9.77,-0.25,-0.19,-0.06,9.84,0,1.70,-0.0219,-0.0066,50,0.889,0.000,0.00,0.00,45.053,0
phase1 acc_mag=9.640 gravity=9.782 motion=0.142 moving_avg=0.082 rms=0.127 mean_rms=0.260 max_rms=0.273 min_rms=0.126 std=0.025 var=0.001 state=standing thr=0.309/0.509/1.009
6.31,-1.88,0.31,0.9984,0.0165,-0.0553,-0.0031,1.06,0.18,9.58,1.06,-0.94,-0.50,9.64,0,1.70,-0.0221,-0.0065,50,0.889,0.000,0.00,0.00,45.053,0
6.31,-1.94,0.31,0.9984,0.0168,-0.0551,-0.0032,1.10,0.56,9.56,-0.44,-0.88,0.75,9.64,0,1.70,-0.0220,-0.0066,50,0.889,0.000,0.00,0.00,45.053,0
6.25,-1.88,0.31,0.9984,0.0165,-0.0547,-0.0028,1.00,0.20,9.78,-0.19,1.62,0.50,9.83,0,1.70,-0.0219,-0.0065,50,0.889,0.000,0.00,0.00,45.053,0
6.19,-1.88,0.25,0.9984,0.0166,-0.0541,-0.0025,1.02,0.31,9.73,-1.56,0.38,0.06,9.79,0,1.70,-0.0216,-0.0066,50,0.889,0.000,0.00,0.00,45.053,0
phase1 acc_mag=9.680 gravity=9.783 motion=0.103 moving_avg=0.084 rms=0.125 mean_rms=0.233 max_rms=0.273 min_rms=0.121 std=0.060 var=0.004 state=standing thr=0.353/0.553/1.053
6.12,-1.88,0.25,0.9984,0.0165,-0.0538,-0.0023,1.00,0.42,9.79,-1.25,1.44,1.38,9.85,0,1.70,-0.0215,-0.0066,50,0.889,0.000,0.00,0.00,45.053,0
6.12,-1.88,0.19,0.9984,0.0164,-0.0536,-0.0020,1.02,0.31,9.66,1.38,-1.31,-0.75,9.72,0,1.70,-0.0214,-0.0065,50,0.889,0.000,0.00,0.00,45.053,0
6.19,-1.88,0.19,0.9984,0.0167,-0.0540,-0.0021,0.99,0.40,9.68,0.56,0.62,-0.62,9.74,0,1.70,-0.0216,-0.0066,50,0.889,0.000,0.00,0.00,45.053,0
6.12,-2.00,0.19,0.9984,0.0170,-0.0536,-0.0018,1.00,0.31,9.64,0.62,0.94,1.75,9.70,0,1.70,-0.0214,-0.0068,50,0.889,0.000,0.00,0.00,45.053,0
phase1 acc_mag=9.810 gravity=9.775 motion=0.036 moving_avg=0.076 rms=0.094 mean_rms=0.204 max_rms=0.272 min_rms=0.094 std=0.072 var=0.005 state=standing thr=0.348/0.548/1.048
6.00,-1.81,0.12,0.9985,0.0161,-0.0528,-0.0013,0.99,0.28,9.77,0.25,0.50,0.19,9.82,0,1.70,-0.0211,-0.0064,50,0.889,0.000,0.00,0.00,45.053,0
6.00,-1.88,0.12,0.9985,0.0164,-0.0528,-0.0015,0.98,0.36,9.78,-0.81,0.06,0.06,9.84,0,1.70,-0.0211,-0.0065,50,0.889,0.000,0.00,0.00,45.053,0
6.00,-1.88,0.12,0.9985,0.0167,-0.0528,-0.0015,0.99,0.45,9.68,0.00,0.12,0.19,9.74,0,1.70,-0.0211,-0.0066,50,0.889,0.000,0.00,0.00,45.053,0
6.00,-1.88,0.12,0.9985,0.0165,-0.0526,-0.0014,0.98,0.29,9.78,0.44,0.06,0.44,9.83,0,1.70,-0.0210,-0.0066,50,0.889,0.000,0.00,0.00,45.053,0
phase1 acc_mag=9.705 gravity=9.774 motion=0.069 moving_avg=0.078 rms=0.096 mean_rms=0.168 max_rms=0.272 min_rms=0.094 std=0.073 var=0.005 state=standing thr=0.314/0.514/1.014
6.00,-1.94,0.12,0.9985,0.0169,-0.0526,-0.0015,1.05,0.44,9.54,-0.38,-0.69,0.75,9.61,0,1.70,-0.0210,-0.0067,50,0.889,0.000,0.00,0.00,45.053,0
5.94,-1.94,0.12,0.9985,0.0170,-0.0522,-0.0016,0.96,0.28,9.65,1.38,-0.94,-1.50,9.70,0,1.70,-0.0209,-0.0068,50,0.889,0.000,0.00,0.00,45.053,0
5.94,-1.94,0.12,0.9985,0.0172,-0.0520,-0.0016,0.97,0.29,9.74,1.88,-0.31,0.12,9.79,0,1.70,-0.0208,-0.0068,50,0.889,0.000,0.00,0.00,45.053,0
phase1 acc_mag=9.818 gravity=9.794 motion=0.024 moving_avg=0.074 rms=0.093 mean_rms=0.129 max_rms=0.270 min_rms=0.093 std=0.052 var=0.003 state=standing thr=0.233/0.433/0.933
5.88,-1.88,0.12,0.9985,0.0165,-0.0516,-0.0015,0.92,0.31,9.77,0.50,0.00,0.19,9.82,0,1.70,-0.0206,-0.0066,50,0.889,0.000,0.00,0.00,45.053,0
5.88,-1.88,0.12,0.9985,0.0166,-0.0517,-0.0016,1.00,0.40,9.73,-0.62,-0.12,-0.31,9.79,0,1.70,-0.0207,-0.0066,50,0.889,0.000,0.00,0.00,45.053,0
5.88,-1.88,0.12,0.9985,0.0165,-0.0517,-0.0015,0.98,0.33,9.68,-0.88,0.56,1.00,9.74,0,1.70,-0.0207,-0.0066,50,0.889,0.000,0.00,0.00,45.053,0
5.88,-1.88,0.12,0.9985,0.0165,-0.0516,-0.0013,0.92,0.37,9.76,1.38,-0.62,-0.19,9.81,0,1.70,-0.0206,-0.0066,50,0.889,0.000,0.00,0.00,45.053,0
phase1 acc_mag=9.726 gravity=9.780 motion=0.054 moving_avg=0.071 rms=0.090 mean_rms=0.105 max_rms=0.133 min_rms=0.090 std=0.013 var=0.000 state=standing thr=0.131/0.350/0.850
5.88,-1.88,0.12,0.9985,0.0166,-0.0516,-0.0013,0.95,0.33,9.71,0.06,0.12,-0.06,9.76,0,1.70,-0.0206,-0.0066,50,0.889,0.000,0.00,0.00,45.053,0
5.88,-1.88,0.12,0.9985,0.0168,-0.0515,-0.0013,0.96,0.40,9.77,-0.38,0.69,0.06,9.83,0,1.70,-0.0206,-0.0067,50,0.889,0.000,0.00,0.00,45.053,0
5.88,-1.94,0.12,0.9985,0.0168,-0.0515,-0.0015,0.94,0.37,9.81,0.31,0.44,-0.88,9.86,0,1.70,-0.0206,-0.0067,50,0.889,0.000,0.00,0.00,45.053,0
5.88,-2.00,0.12,0.9985,0.0175,-0.0515,-0.0016,1.00,0.43,9.64,1.38,0.12,-0.19,9.70,0,1.70,-0.0206,-0.0070,50,0.889,0.000,0.00,0.00,45.053,0
phase1 acc_mag=9.823 gravity=9.775 motion=0.048 moving_avg=0.066 rms=0.085 mean_rms=0.098 max_rms=0.133 min_rms=0.085 std=0.010 var=0.000 state=standing thr=0.117/0.350/0.850
5.81,-2.00,0.19,0.9985,0.0175,-0.0512,-0.0017,0.94,0.43,9.87,1.62,-0.69,-0.94,9.92,0,1.70,-0.0205,-0.0070,50,0.889,0.000,0.00,0.00,45.053,0
5.81,-2.00,0.19,0.9985,0.0174,-0.0513,-0.0015,0.97,0.45,9.73,-1.75,0.19,1.31,9.79,0,1.70,-0.0205,-0.0069,50,0.889,0.000,0.00,0.00,45.053,0
5.81,-1.94,0.12,0.9985,0.0171,-0.0508,-0.0012,0.91,0.40,9.92,-1.38,0.75,0.19,9.97,0,1.70,-0.0203,-0.0068,50,0.889,0.000,0.00,0.00,45.053,0
5.81,-1.94,0.12,0.9985,0.0173,-0.0511,-0.0013,0.95,0.32,9.68,0.56,-0.56,-0.19,9.73,0,1.70,-0.0204,-0.0069,50,0.889,0.000,0.00,0.00,45.053,0
phase1 acc_mag=9.445 gravity=9.781 motion=0.337 moving_avg=0.068 rms=0.088 mean_rms=0.090 max_rms=0.099 min_rms=0.078 std=0.000 var=0.000 state=standing thr=0.090/0.350/0.850
5.75,-1.94,0.12,0.9986,0.0170,-0.0507,-0.0012,0.95,0.50,9.75,1.06,0.44,-0.31,9.81,0,1.70,-0.0203,-0.0068,50,0.889,0.000,0.00,0.00,45.053,0
5.75,-1.94,0.12,0.9986,0.0170,-0.0505,-0.0011,0.92,0.36,9.81,-0.25,0.62,0.81,9.86,0,1.70,-0.0202,-0.0068,50,0.889,0.000,0.00,0.00,45.053,0
5.75,-1.94,0.06,0.9986,0.0171,-0.0504,-0.0010,0.97,0.43,9.72,0.50,-0.06,-0.31,9.78,0,1.70,-0.0201,-0.0068,50,0.889,0.000,0.00,0.00,45.053,0
5.75,-1.94,0.06,0.9986,0.0172,-0.0502,-0.0010,0.96,0.41,9.75,0.69,-0.50,-0.12,9.81,0,1.70,-0.0201,-0.0069,50,0.889,0.000,0.00,0.00,45.053,0
phase1 acc_mag=9.719 gravity=9.784 motion=0.065 moving_avg=0.067 rms=0.086 mean_rms=0.088 max_rms=0.094 min_rms=0.078 std=0.000 var=0.000 state=standing thr=0.088/0.350/0.850
5.75,-1.94,0.06,0.9986,0.0170,-0.0502,-0.0010,0.92,0.36,9.81,-1.06,0.50,0.50,9.86,0,1.70,-0.0201,-0.0068,50,0.889,0.000,0.00,0.00,45.053,0
5.75,-2.00,0.06,0.9986,0.0177,-0.0504,-0.0010,0.98,0.45,9.66,1.38,0.06,0.19,9.72,0,1.70,-0.0201,-0.0071,50,0.889,0.000,0.00,0.00,45.053,0
5.69,-2.00,0.06,0.9986,0.0176,-0.0500,-0.0011,0.92,0.45,9.89,-1.31,0.12,-0.94,9.94,0,1.70,-0.0200,-0.0070,50,0.889,0.000,0.00,0.00,45.053,0
5.69,-2.06,0.12,0.9986,0.0182,-0.0501,-0.0011,0.97,0.40,9.86,0.44,-0.25,-0.44,9.92,0,1.70,-0.0200,-0.0072,50,0.889,0.000,0.00,0.00,45.053,0
phase1 acc_mag=9.910 gravity=9.779 motion=0.131 moving_avg=0.073 rms=0.091 mean_rms=0.087 max_rms=0.093 min_rms=0.078 std=0.000 var=0.000 state=slow thr=0.087/0.350/0.850
5.75,-2.00,0.12,0.9986,0.0179,-0.0504,-0.0012,0.98,0.46,9.64,1.06,-1.00,0.38,9.70,0,1.70,-0.0201,-0.0071,50,0.889,0.000,0.00,0.00,45.053,0
5.75,-2.00,0.12,0.9986,0.0176,-0.0502,-0.0012,0.95,0.40,9.58,2.19,0.44,0.38,9.64,0,1.70,-0.0201,-0.0070,50,0.889,0.000,0.00,0.00,45.053,0
5.62,-2.06,0.06,0.9986,0.0184,-0.0493,-0.0009,0.90,0.27,10.02,1.50,1.25,0.12,10.06,0,1.70,-0.0197,-0.0073,50,0.889,0.000,0.00,0.00,45.053,0
phase1 acc_mag=9.750 gravity=9.777 motion=0.028 moving_avg=0.081 rms=0.102 mean_rms=0.088 max_rms=0.102 min_rms=0.078 std=0.000 var=0.000 state=slow thr=0.088/0.350/0.850
5.69,-2.19,0.12,0.9986,0.0193,-0.0499,-0.0012,0.96,0.49,9.69,0.44,0.31,0.94,9.75,0,1.70,-0.0199,-0.0077,50,0.889,0.000,0.00,0.00,45.053,0
5.69,-2.19,0.00,0.9986,0.0192,-0.0497,-0.0005,0.89,0.32,9.90,0.69,0.81,0.44,9.95,0,1.70,-0.0199,-0.0076,50,0.889,0.000,0.00,0.00,45.053,0
5.69,-2.12,0.06,0.9986,0.0187,-0.0497,-0.0005,0.92,0.40,9.68,-0.56,0.06,0.62,9.73,0,1.70,-0.0199,-0.0075,50,0.889,0.000,0.00,0.00,45.053,0
5.69,-2.19,0.00,0.9986,0.0192,-0.0497,-0.0005,0.95,0.37,9.65,0.25,0.19,0.12,9.70,0,1.70,-0.0199,-0.0076,50,0.889,0.000,0.00,0.00,45.053,0
phase1 acc_mag=9.914 gravity=9.782 motion=0.132 moving_avg=0.078 rms=0.101 mean_rms=0.091 max_rms=0.103 min_rms=0.078 std=0.000 var=0.000 state=slow thr=0.091/0.350/0.850
5.62,-2.06,0.00,0.9986,0.0183,-0.0493,-0.0002,0.89,0.34,9.89,-1.25,-0.44,0.44,9.94,0,1.70,-0.0197,-0.0073,50,0.889,0.000,0.00,0.00,45.053,0
5.69,-2.06,0.00,0.9986,0.0182,-0.0498,-0.0003,0.90,0.25,9.85,-2.62,0.44,0.31,9.89,0,1.70,-0.0199,-0.0073,50,0.889,0.000,0.00,0.00,45.053,0
5.75,-2.12,0.00,0.9985,0.0188,-0.0504,-0.0004,1.00,0.54,9.47,0.56,-1.06,-0.50,9.54,0,1.70,-0.0201,-0.0075,50,0.889,0.000,0.00,0.00,45.053,0
5.69,-2.12,0.00,0.9986,0.0186,-0.0502,-0.0005,0.99,0.54,9.64,4.19,-2.31,-0.62,9.71,0,1.70,-0.0200,-0.0074,50,0.889,0.000,0.00,0.00,45.053,0
phase1 acc_mag=9.681 gravity=9.784 motion=0.103 moving_avg=0.081 rms=0.100 mean_rms=0.095 max_rms=0.105 min_rms=0.085 std=0.000 var=0.000 state=slow thr=0.095/0.350/0.850
5.69,-2.06,0.00,0.9986,0.0179,-0.0499,-0.0004,0.87,0.31,9.85,-1.75,0.75,0.31,9.89,0,1.70,-0.0199,-0.0072,50,0.889,0.000,0.00,0.00,45.053,0
5.75,-2.06,0.06,0.9986,0.0181,-0.0502,-0.0007,0.95,0.46,9.74,-1.19,0.19,0.31,9.80,0,1.70,-0.0201,-0.0072,50,0.889,0.000,0.00,0.00,45.053,0
5.75,-2.06,0.00,0.9986,0.0181,-0.0502,-0.0005,0.94,0.35,9.79,0.50,0.31,0.19,9.84,0,1.70,-0.0201,-0.0072,50,0.889,0.000,0.00,0.00,45.053,0
5.75,-2.00,0.00,0.9986,0.0178,-0.0502,-0.0005,0.92,0.37,9.66,0.19,-0.50,-0.44,9.71,0,1.70,-0.0201,-0.0071,50,0.889,0.000,0.00,0.00,45.053,0
phase1 acc_mag=9.714 gravity=9.789 motion=0.075 moving_avg=0.080 rms=0.099 mean_rms=0.098 max_rms=0.105 min_rms=0.085 std=0.000 var=0.000 state=slow thr=0.098/0.350/0.850
5.75,-2.00,0.00,0.9986,0.0179,-0.0502,-0.0005,0.98,0.43,9.57,0.38,0.31,-0.25,9.63,0,1.70,-0.0201,-0.0071,50,0.889,0.000,0.00,0.00,45.053,0
5.69,-1.94,0.00,0.9986,0.0173,-0.0499,-0.0005,0.93,0.41,9.70,0.50,-0.12,0.06,9.75,0,1.70,-0.0199,-0.0069,50,0.889,0.000,0.00,0.00,45.053,0
5.69,-2.06,0.00,0.9986,0.0180,-0.0496,-0.0002,0.91,0.39,9.74,-0.31,1.38,0.44,9.79,0,1.70,-0.0198,-0.0072,50,0.889,0.000,0.00,0.00,45.053,0
phase1 acc_mag=9.809 gravity=9.786 motion=0.024 moving_avg=0.076 rms=0.096 mean_rms=0.100 max_rms=0.105 min_rms=0.092 std=0.000 var=0.000 state=standing thr=0.100/0.350/0.850
5.62,-2.06,0.00,0.9986,0.0182,-0.0494,-0.0001,0.93,0.54,9.75,0.00,0.31,0.12,9.81,0,1.70,-0.0197,-0.0073,50,0.889,0.000,0.00,0.00,45.053,0
5.62,-2.06,0.00,0.9986,0.0181,-0.0494,-0.0001,0.94,0.32,9.79,-0.19,0.19,0.12,9.84,0,1.70,-0.0197,-0.0072,50,0.889,0.000,0.00,0.00,45.053,0
5.75,-2.25,0.00,0.9985,0.0200,-0.0505,-0.0005,0.95,0.58,9.53,2.69,-0.81,-0.06,9.59,0,1.70,-0.0202,-0.0080,50,0.889,0.000,0.00,0.00,45.053,0
5.62,-2.19,0.00,0.9986,0.0191,-0.0494,-0.0001,0.91,0.46,9.75,0.06,0.88,0.44,9.80,0,1.70,-0.0197,-0.0076,50,0.889,0.000,0.00,0.00,45.053,0
phase1 acc_mag=9.751 gravity=9.787 motion=0.036 moving_avg=0.076 rms=0.095 mean_rms=0.099 max_rms=0.105 min_rms=0.090 std=0.000 var=0.000 state=standing thr=0.099/0.350/0.850
5.62,-2.12,0.00,0.9986,0.0184,-0.0491,-0.0001,0.92,0.48,9.70,-2.31,1.19,0.44,9.76,0,1.70,-0.0196,-0.0073,50,0.889,0.000,0.00,0.00,45.053,0
5.56,-2.06,0.00,0.9987,0.0177,-0.0487,0.0001,0.91,0.40,9.80,-2.88,1.62,0.62,9.85,0,1.70,-0.0195,-0.0071,50,0.889,0.000,0.00,0.00,45.053,0
5.50,-1.94,359.94,0.9987,0.0173,-0.0485,0.0001,0.91,0.58,9.73,-1.50,1.12,0.12,9.79,0,1.70,-0.0194,-0.0069,50,0.889,0.000,0.00,0.00,45.053,0
5.50,-1.88,359.94,0.9987,0.0168,-0.0483,0.0002,0.92,0.45,9.76,1.12,-0.69,-0.19,9.81,0,1.70,-0.0193,-0.0067,50,0.889,0.000,0.00,0.00,45.053,0
phase1 acc_mag=9.727 gravity=9.775 motion=0.048 moving_avg=0.071 rms=0.089 mean_rms=0.097 max_rms=0.105 min_rms=0.089 std=0.000 var=0.000 state=standing thr=0.097/0.350/0.850
5.50,-1.88,359.94,0.9987,0.0167,-0.0480,0.0002,0.90,0.50,9.75,-0.44,0.62,-0.44,9.80,0,1.70,-0.0192,-0.0067,50,0.889,0.000,0.00,0.00,45.053,0
5.44,-1.88,359.94,0.9987,0.0165,-0.0479,0.0004,0.89,0.36,9.59,-0.88,0.00,0.06,9.64,0,1.70,-0.0191,-0.0066,50,0.889,0.000,0.00,0.00,45.053,0
5.44,-1.88,359.94,0.9987,0.0167,-0.0479,0.0004,0.87,0.29,9.69,1.50,0.69,0.00,9.73,0,1.70,-0.0191,-0.0067,50,0.889,0.000,0.00,0.00,45.053,0
5.38,-1.81,359.94,0.9987,0.0162,-0.0474,0.0004,0.86,0.26,9.74,-1.12,0.12,0.00,9.78,0,1.70,-0.0189,-0.0065,50,0.889,0.000,0.00,0.00,45.053,0
phase1 acc_mag=9.718 gravity=9.776 motion=0.058 moving_avg=0.065 rms=0.084 mean_rms=0.094 max_rms=0.101 min_rms=0.083 std=0.000 var=0.000 state=standing thr=0.094/0.350/0.850
5.38,-1.88,359.94,0.9988,0.0164,-0.0472,0.0004,0.87,0.15,9.77,-1.19,0.88,-0.19,9.81,0,1.70,-0.0188,-0.0065,50,0.889,0.000,0.00,0.00,45.053,0
5.38,-2.00,0.00,0.9987,0.0176,-0.0474,-0.0002,0.94,0.77,9.78,2.62,-0.19,-1.62,9.86,0,1.70,-0.0189,-0.0070,50,0.889,0.000,0.00,0.00,45.053,0
5.44,-2.06,0.00,0.9987,0.0185,-0.0476,-0.0002,0.94,0.47,9.62,1.19,0.25,0.19,9.68,0,1.70,-0.0190,-0.0074,50,0.889,0.000,0.00,0.00,45.053,0
5.38,-2.12,0.00,0.9987,0.0188,-0.0475,-0.0001,0.86,0.50,9.81,2.19,-0.88,0.12,9.86,0,1.70,-0.0190,-0.0075,50,0.889,0.000,0.00,0.00,45.053,0
phase1 acc_mag=9.829 gravity=9.776 motion=0.052 moving_avg=0.065 rms=0.084 mean_rms=0.090 max_rms=0.100 min_rms=0.082 std=0.000 var=0.000 state=standing thr=0.090/0.350/0.850
5.44,-2.19,0.00,0.9987,0.0194,-0.0479,-0.0001,0.88,0.43,9.73,-0.38,-0.25,-0.06,9.78,0,1.70,-0.0191,-0.0078,50,0.889,0.000,0.00,0.00,45.053,0
5.44,-2.25,0.00,0.9987,0.0200,-0.0479,0.0000,0.92,0.44,9.65,0.00,0.31,-0.38,9.70,0,1.70,-0.0191,-0.0080,50,0.889,0.000,0.00,0.00,45.053,0
5.44,-2.31,0.00,0.9987,0.0202,-0.0479,0.0000,0.91,0.53,9.76,0.44,0.31,-0.06,9.82,0,1.70,-0.0191,-0.0081,50,0.889,0.000,0.00,0.00,45.053,0
phase1 acc_mag=9.763 gravity=9.772 motion=0.009 moving_avg=0.063 rms=0.082 mean_rms=0.087 max_rms=0.096 min_rms=0.080 std=0.000 var=0.000 state=standing thr=0.087/0.350/0.850
5.50,-2.31,0.00,0.9987,0.0205,-0.0480,0.0000,0.91,0.45,9.71,1.19,-0.12,0.25,9.76,0,1.70,-0.0192,-0.0082,50,0.889,0.000,0.00,0.00,45.053,0
5.50,-2.31,0.00,0.9986,0.0208,-0.0482,0.0000,0.89,0.51,9.67,2.31,-0.62,-0.44,9.72,0,1.70,-0.0192,-0.0083,50,0.889,0.000,0.00,0.00,45.053,0
5.44,-2.38,359.94,0.9987,0.0209,-0.0477,0.0001,0.89,0.34,9.74,-2.69,0.81,0.88,9.79,0,1.70,-0.0191,-0.0083,50,0.889,0.000,0.00,0.00,45.053,0
5.44,-2.38,0.00,0.9987,0.0211,-0.0476,-0.0003,1.09,0.51,9.88,-0.81,0.81,-0.38,9.95,0,1.70,-0.0190,-0.0084,50,0.889,0.000,0.00,0.00,45.053,0
phase1 acc_mag=9.747 gravity=9.775 motion=0.029 moving_avg=0.061 rms=0.080 mean_rms=0.084 max_rms=0.096 min_rms=0.077 std=0.000 var=0.000 state=standing thr=0.084/0.350/0.850
5.38,-2.31,0.00,0.9987,0.0204,-0.0471,-0.0005,0.88,0.32,9.85,-0.81,0.75,-0.81,9.89,0,1.70,-0.0188,-0.0082,50,0.889,0.000,0.00,0.00,45.053,0
5.31,-2.38,0.12,0.9987,0.0207,-0.0467,-0.0011,0.91,0.55,9.67,-0.06,1.75,-0.62,9.73,0,1.70,-0.0187,-0.0082,50,0.889,0.000,0.00,0.00,45.053,0
5.25,-2.31,0.12,0.9987,0.0204,-0.0465,-0.0013,0.89,0.64,9.81,1.94,-1.31,-0.50,9.87,0,1.70,-0.0186,-0.0081,50,0.889,0.000,0.00,0.00,45.053,0
5.31,-2.31,0.06,0.9987,0.0206,-0.0465,-0.0009,0.87,0.36,9.59,1.12,0.94,0.88,9.64,0,1.70,-0.0186,-0.0082,50,0.889,0.000,0.00,0.00,45.053,0
phase1 acc_mag=9.773 gravity=9.772 motion=0.001 moving_avg=0.067 rms=0.086 mean_rms=0.082 max_rms=0.087 min_rms=0.077 std=0.000 var=0.000 state=slow thr=0.082/0.350/0.850
5.25,-2.38,0.06,0.9987,0.0207,-0.0461,-0.0009,0.82,0.43,9.80,0.00,0.31,-0.81,9.84,0,1.70,-0.0184,-0.0083,50,0.889,0.000,0.00,0.00,45.053,0
5.25,-2.44,0.12,0.9987,0.0214,-0.0462,-0.0013,0.90,0.48,9.79,2.94,-1.00,-1.50,9.84,0,1.70,-0.0185,-0.0085,50,0.889,0.000,0.00,0.00,45.053,0
5.31,-2.44,0.12,0.9987,0.0214,-0.0464,-0.0014,0.91,0.48,9.75,0.00,0.06,0.31,9.80,0,1.70,-0.0185,-0.0085,50,0.889,0.000,0.00,0.00,45.053,0
5.31,-2.50,0.12,0.9987,0.0217,-0.0465,-0.0012,0.84,0.41,9.84,-2.44,0.06,1.00,9.88,0,1.70,-0.0186,-0.0086,50,0.889,0.000,0.00,0.00,45.053,0
phase1 acc_mag=9.843 gravity=9.789 motion=0.055 moving_avg=0.070 rms=0.090 mean_rms=0.083 max_rms=0.091 min_rms=0.077 std=0.000 var=0.000 state=slow thr=0.083/0.350/0.850
5.31,-2.50,0.12,0.9987,0.0222,-0.0469,-0.0012,0.88,0.54,9.66,-0.31,-0.06,0.19,9.72,0,1.70,-0.0188,-0.0089,50,0.889,0.000,0.00,0.00,45.053,0
5.38,-2.56,0.12,0.9987,0.0228,-0.0469,-0.0012,0.90,0.57,9.54,1.69,-0.38,-0.38,9.60,0,1.70,-0.0188,-0.0091,50,0.889,0.000,0.00,0.00,45.053,0
5.31,-2.56,0.12,0.9987,0.0229,-0.0466,-0.0015,0.88,0.65,9.65,2.69,0.31,-2.00,9.71,0,1.70,-0.0186,-0.0091,50,0.889,0.000,0.00,0.00,45.053,0
phase1 acc_mag=9.805 gravity=9.785 motion=0.020 moving_avg=0.072 rms=0.091 mean_rms=0.085 max_rms=0.093 min_rms=0.077 std=0.000 var=0.000 state=slow thr=0.085/0.350/0.850
5.31,-2.62,0.19,0.9987,0.0231,-0.0464,-0.0018,0.91,0.50,9.75,-0.12,0.31,-0.81,9.81,0,1.70,-0.0186,-0.0092,50,0.889,0.000,0.00,0.00,45.053,0
5.19,-2.69,0.19,0.9987,0.0233,-0.0457,-0.0017,0.84,0.57,9.84,-1.06,1.06,1.19,9.89,0,1.70,-0.0183,-0.0093,50,0.889,0.000,0.00,0.00,45.053,0
5.31,-2.62,0.12,0.9987,0.0230,-0.0466,-0.0013,0.89,0.53,9.61,-0.19,-1.75,-0.31,9.67,0,1.70,-0.0186,-0.0092,50,0.889,0.000,0.00,0.00,45.053,0
5.31,-2.69,0.12,0.9986,0.0236,-0.0469,-0.0015,0.89,0.37,9.71,-2.06,0.69,1.19,9.76,0,1.70,-0.0188,-0.0094,50,0.889,0.000,0.00,0.00,45.053,0
phase1 acc_mag=9.809 gravity=9.783 motion=0.026 moving_avg=0.075 rms=0.093 mean_rms=0.087 max_rms=0.093 min_rms=0.077 std=0.000 var=0.000 state=slow thr=0.087/0.350/0.850
5.31,-2.69,0.12,0.9987,0.0237,-0.0466,-0.0017,0.87,0.61,9.75,1.19,-0.19,-0.81,9.81,0,1.70,-0.0186,-0.0095,50,0.889,0.000,0.00,0.00,45.053,0
5.38,-2.69,0.25,0.9986,0.0236,-0.0475,-0.0023,0.86,0.63,9.72,2.12,-2.75,-1.56,9.78,0,1.70,-0.0190,-0.0094,50,0.889,0.000,0.00,0.00,45.053,0
5.62,-2.81,0.25,0.9985,0.0244,-0.0493,-0.0026,0.78,0.44,9.78,-2.12,-2.75,1.00,9.82,0,1.70,-0.0197,-0.0097,50,0.889,0.000,0.00,0.00,45.053,0
5.75,-2.69,0.25,0.9984,0.0236,-0.0510,-0.0025,0.87
===== Disconnected =====
