===== Connected at 115200 baud =====
BNO055 detected! Chip ID: 0xA0
BNO055 initialized successfully!
roll,pitch,yaw,qw,qx,qy,qz,accx,accy,accz,gyrox,gyroy,gyroz,svm,state,z_v,lever_offx,lever_offy,steps,stride_m,velocity_mps,cadence_spm,cadence_sps,distance_m,step_flag
phase1 acc_mag=9.251 gravity=9.251 motion=0.000 moving_avg=0.000 rms=0.000 mean_rms=0.000 max_rms=0.000 min_rms=0.000 std=0.000 var=0.000 state=standing thr=0.080/0.350/0.850
0.00,0.00,0.00,0.0000,0.0000,0.0000,0.0000,1.32,-1.84,8.97,6.50,-8.31,4.62,9.25,0,1.70,0.0000,0.0000,0,0.000,0.000,0.00,0.00,0.000,0
0.88,-0.50,359.69,0.9999,0.0048,-0.0091,0.0021,0.94,-2.27,9.27,4.38,-15.88,-2.06,9.59,0,1.70,-0.0036,-0.0019,0,0.000,0.000,0.00,0.00,0.000,0
1.50,-0.94,0.25,0.9911,-0.1090,-0.0754,-0.0020,1.38,-2.02,9.10,15.44,-4.06,-18.62,9.42,0,1.70,-0.0298,0.0433,0,0.000,0.000,0.00,0.00,0.000,0
8.81,11.44,1.56,0.9921,-0.0996,-0.0756,-0.0144,1.52,-0.83,8.62,3.62,3.81,-4.69,8.79,0,1.70,-0.0294,0.0400,0,0.000,0.000,0.00,0.00,0.000,0
phase1 acc_mag=9.396 gravity=9.392 motion=0.004 moving_avg=0.194 rms=0.268 mean_rms=0.256 max_rms=0.333 min_rms=0.000 std=0.069 var=0.005 state=standing thr=0.394/0.594/1.094
8.44,11.12,1.81,0.9925,-0.0973,-0.0719,-0.0162,1.58,-1.56,9.13,4.94,12.19,-4.69,9.40,0,1.70,-0.0279,0.0391,0,0.000,0.000,0.00,0.00,0.000,0
7.62,10.25,2.25,0.9935,-0.0905,-0.0654,-0.0195,0.74,-1.47,9.32,-5.25,9.31,3.56,9.46,0,1.70,-0.0253,0.0365,0,0.000,0.000,0.00,0.00,0.000,0
7.62,9.94,2.50,0.9938,-0.0871,-0.0652,-0.0229,1.10,-0.94,9.23,10.31,-2.06,-8.44,9.34,0,1.70,-0.0251,0.0352,0,0.000,0.000,0.00,0.00,0.000,0
7.81,9.75,2.81,0.9937,-0.0865,-0.0662,-0.0249,0.97,-1.32,9.26,0.56,-2.25,-5.56,9.40,0,1.70,-0.0255,0.0351,0,0.000,0.000,0.00,0.00,0.000,0
phase1 acc_mag=9.413 gravity=9.367 motion=0.046 moving_avg=0.192 rms=0.298 mean_rms=0.281 max_rms=0.341 min_rms=0.000 std=0.059 var=0.003 state=standing thr=0.398/0.598/1.098
8.00,9.81,2.56,0.9937,-0.0865,-0.0682,-0.0227,1.49,-1.13,9.05,0.69,-4.81,12.19,9.24,0,1.70,-0.0263,0.0350,0,0.000,0.000,0.00,0.00,0.000,0
7.94,9.75,2.19,0.9938,-0.0862,-0.0681,-0.0194,1.18,-1.11,9.25,2.12,-1.62,9.44,9.39,0,1.70,-0.0264,0.0348,0,0.000,0.000,0.00,0.00,0.000,0
8.19,9.69,2.12,0.9937,-0.0856,-0.0703,-0.0188,1.15,-1.29,9.29,0.12,-4.38,-2.31,9.45,0,1.70,-0.0273,0.0345,0,0.000,0.000,0.00,0.00,0.000,0
8.62,9.62,2.56,0.9933,-0.0850,-0.0744,-0.0229,1.51,-1.30,9.11,3.00,-8.38,-7.50,9.33,0,1.70,-0.0288,0.0345,0,0.000,0.000,0.00,0.00,0.000,0
phase1 acc_mag=9.314 gravity=9.366 motion=0.052 moving_avg=0.174 rms=0.265 mean_rms=0.280 max_rms=0.341 min_rms=0.000 std=0.048 var=0.002 state=standing thr=0.376/0.576/1.076
9.25,9.44,2.69,0.9930,-0.0837,-0.0790,-0.0237,1.44,-0.95,9.03,-1.06,-7.31,4.56,9.19,0,1.70,-0.0306,0.0340,0,0.000,0.000,0.00,0.00,0.000,0
9.69,9.44,2.50,0.9928,-0.0825,-0.0843,-0.0207,1.07,-1.75,9.31,11.19,-16.12,11.56,9.53,0,1.70,-0.0328,0.0334,0,0.000,0.000,0.00,0.00,0.000,0
11.00,9.31,1.62,0.9919,-0.0817,-0.0963,-0.0145,1.82,-0.72,9.15,1.81,-14.88,-6.00,9.36,0,1.70,-0.0377,0.0330,0,0.000,0.000,0.00,0.00,0.000,0
phase1 acc_mag=9.568 gravity=9.361 motion=0.207 moving_avg=0.166 rms=0.244 mean_rms=0.273 max_rms=0.341 min_rms=0.000 std=0.043 var=0.002 state=standing thr=0.360/0.560/1.060
12.19,9.56,1.19,0.9908,-0.0833,-0.1059,-0.0106,2.73,-0.74,9.14,5.19,-21.19,18.25,9.57,0,1.70,-0.0416,0.0334,0,0.000,0.000,0.00,0.00,0.000,0
13.12,9.56,0.94,0.9899,-0.0829,-0.1144,-0.0087,1.73,-1.15,8.83,2.62,-3.69,-9.00,9.07,0,1.70,-0.0450,0.0332,0,0.000,0.000,0.00,0.00,0.000,0
13.44,9.38,1.06,0.9898,-0.0810,-0.1169,-0.0096,2.08,-0.99,9.06,1.56,-1.38,-4.62,9.35,0,1.70,-0.0460,0.0325,0,0.000,0.000,0.00,0.00,0.000,0
13.56,9.12,1.12,0.9898,-0.0795,-0.1177,-0.0101,2.07,-1.02,8.96,6.69,5.25,-10.38,9.25,0,1.70,-0.0463,0.0320,0,0.000,0.000,0.00,0.00,0.000,0
phase1 acc_mag=9.588 gravity=9.314 motion=0.274 moving_avg=0.173 rms=0.251 mean_rms=0.273 max_rms=0.341 min_rms=0.233 std=0.028 var=0.001 state=standing thr=0.329/0.529/1.029
13.44,9.06,1.50,0.9899,-0.0789,-0.1167,-0.0132,2.21,-1.30,9.06,4.31,6.00,-13.88,9.42,0,1.70,-0.0458,0.0319,0,0.000,0.000,0.00,0.00,0.000,0
13.31,8.75,1.88,0.9902,-0.0770,-0.1153,-0.0159,1.23,-0.84,8.81,4.25,4.12,-5.12,8.94,0,1.70,-0.0452,0.0312,0,0.000,0.000,0.00,0.00,0.000,0
13.31,8.75,1.94,0.9902,-0.0768,-0.1153,-0.0168,2.07,-1.09,9.05,2.56,2.62,-11.88,9.35,0,1.70,-0.0452,0.0312,0,0.000,0.000,0.00,0.00,0.000,0
phase1 acc_mag=9.102 gravity=9.340 motion=0.237 moving_avg=0.167 rms=0.216 mean_rms=0.265 max_rms=0.337 min_rms=0.216 std=0.028 var=0.001 state=standing thr=0.320/0.520/1.020
13.38,8.38,2.56,0.9903,-0.0740,-0.1152,-0.0226,2.01,-0.56,8.86,8.06,3.75,-14.19,9.10,0,1.70,-0.0450,0.0303,0,0.000,0.000,0.00,0.00,0.000,0
13.25,8.56,2.25,0.9903,-0.0759,-0.1146,-0.0193,1.96,-0.88,8.88,-3.62,0.69,2.88,9.14,0,1.70,-0.0448,0.0310,0,0.000,0.000,0.00,0.00,0.000,0
13.19,8.44,2.25,0.9905,-0.0745,-0.1137,-0.0199,1.90,-0.87,8.86,4.81,5.06,-11.69,9.10,0,1.70,-0.0445,0.0304,0,0.000,0.000,0.00,0.00,0.000,0
13.19,8.50,2.19,0.9905,-0.0751,-0.1137,-0.0190,2.19,-1.01,8.96,0.31,0.56,-0.94,9.28,0,1.70,-0.0445,0.0306,0,0.000,0.000,0.00,0.00,0.000,0
phase1 acc_mag=9.232 gravity=9.312 motion=0.080 moving_avg=0.165 rms=0.209 mean_rms=0.245 max_rms=0.284 min_rms=0.207 std=0.021 var=0.000 state=standing thr=0.287/0.487/0.987
13.12,8.38,2.25,0.9905,-0.0743,-0.1134,-0.0199,1.91,-0.99,8.92,4.38,1.62,-5.75,9.18,0,1.70,-0.0443,0.0303,0,0.000,0.000,0.00,0.00,0.000,0
13.00,8.19,2.50,0.9908,-0.0729,-0.1118,-0.0220,1.87,-0.71,8.89,-0.81,5.50,-4.19,9.11,0,1.70,-0.0437,0.0299,0,0.000,0.000,0.00,0.00,0.000,0
12.81,8.19,2.62,0.9909,-0.0731,-0.1108,-0.0234,1.96,-1.06,8.92,-0.88,-1.12,-1.50,9.19,0,1.70,-0.0432,0.0300,0,0.000,0.000,0.00,0.00,0.000,0
12.88,8.12,2.62,0.9909,-0.0721,-0.1113,-0.0233,2.23,-1.11,8.99,-0.62,-2.25,5.75,9.33,0,1.70,-0.0434,0.0296,0,0.000,0.000,0.00,0.00,0.000,0
phase1 acc_mag=9.284 gravity=9.303 motion=0.019 moving_avg=0.149 rms=0.195 mean_rms=0.229 max_rms=0.262 min_rms=0.195 std=0.021 var=0.000 state=standing thr=0.272/0.472/0.972
12.88,7.94,2.69,0.9910,-0.0707,-0.1112,-0.0230,1.76,-1.14,9.10,-1.88,-2.06,3.69,9.34,0,1.70,-0.0434,0.0291,0,0.000,0.000,0.00,0.00,0.000,0
12.94,7.94,2.62,0.9910,-0.0704,-0.1115,-0.0231,1.97,-1.08,9.11,0.75,0.19,-3.06,9.38,0,1.70,-0.0436,0.0289,0,0.000,0.000,0.00,0.00,0.000,0
12.94,7.81,2.69,0.9910,-0.0698,-0.1115,-0.0234,1.92,-1.06,9.11,-1.19,1.00,-3.50,9.37,0,1.70,-0.0435,0.0287,0,0.000,0.000,0.00,0.00,0.000,0
12.94,7.69,2.75,0.9911,-0.0688,-0.1115,-0.0239,2.29,-1.01,8.98,-0.38,-2.88,4.25,9.32,0,1.70,-0.0435,0.0283,0,0.000,0.000,0.00,0.00,0.000,0
phase1 acc_mag=9.366 gravity=9.298 motion=0.068 moving_avg=0.139 rms=0.186 mean_rms=0.216 max_rms=0.252 min_rms=0.186 std=0.023 var=0.001 state=standing thr=0.262/0.462/0.962
13.00,7.56,2.88,0.9911,-0.0681,-0.1118,-0.0252,2.14,-0.92,9.52,1.12,-0.25,-4.81,9.80,0,1.70,-0.0436,0.0281,0,0.000,0.000,0.00,0.00,0.000,0
13.00,7.56,2.94,0.9910,-0.0677,-0.1121,-0.0257,1.92,-1.02,9.41,0.25,2.00,-2.94,9.66,0,1.70,-0.0438,0.0280,0,0.000,0.000,0.00,0.00,0.000,0
13.00,7.56,3.00,0.9911,-0.0676,-0.1120,-0.0260,2.52,-0.99,9.52,0.12,-2.19,4.31,9.90,0,1.70,-0.0437,0.0280,0,0.000,0.000,0.00,0.00,0.000,0
12.94,7.44,3.12,0.9911,-0.0671,-0.1113,-0.0272,1.69,-0.95,9.34,2.19,2.94,-6.62,9.54,0,1.70,-0.0434,0.0278,0,0.000,0.000,0.00,0.00,0.000,0
phase1 acc_mag=9.943 gravity=9.422 motion=0.522 moving_avg=0.191 rms=0.260 mean_rms=0.214 max_rms=0.260 min_rms=0.186 std=0.022 var=0.000 state=slow thr=0.258/0.458/0.958
12.94,7.44,3.19,0.9911,-0.0670,-0.1112,-0.0281,2.57,-1.05,9.50,-1.94,-2.88,5.25,9.90,0,1.70,-0.0433,0.0278,0,0.000,0.000,0.00,0.00,0.000,0
12.88,7.31,3.12,0.9913,-0.0660,-0.1109,-0.0274,1.85,-0.98,9.53,1.56,3.12,-4.12,9.76,0,1.70,-0.0432,0.0274,0,0.000,0.000,0.00,0.00,0.000,0
12.81,7.25,3.19,0.9913,-0.0654,-0.1106,-0.0280,2.01,-1.01,9.43,1.19,-0.31,-2.06,9.69,0,1.70,-0.0431,0.0272,0,0.000,0.000,0.00,0.00,0.000,0
12.88,7.12,3.25,0.9913,-0.0646,-0.1110,-0.0284,2.24,-0.99,9.40,-0.81,-0.19,-0.31,9.71,0,1.70,-0.0433,0.0269,0,0.000,0.000,0.00,0.00,0.000,0
phase1 acc_mag=9.667 gravity=9.513 motion=0.154 moving_avg=0.209 rms=0.275 mean_rms=0.220 max_rms=0.275 min_rms=0.186 std=0.030 var=0.001 state=standing thr=0.280/0.480/0.980
12.94,7.19,3.19,0.9913,-0.0646,-0.1111,-0.0277,2.23,-1.02,9.59,1.31,-0.25,0.75,9.90,0,1.70,-0.0434,0.0269,0,0.000,0.000,0.00,0.00,0.000,0
12.88,7.06,3.19,0.9913,-0.0638,-0.1112,-0.0279,2.14,-0.98,9.50,0.62,-0.88,0.56,9.79,0,1.70,-0.0434,0.0266,0,0.000,0.000,0.00,0.00,0.000,0
12.94,7.00,3.31,0.9913,-0.0635,-0.1114,-0.0290,2.27,-1.15,9.46,-0.69,-0.69,2.00,9.80,0,1.70,-0.0434,0.0265,0,0.000,0.000,0.00,0.00,0.000,0
12.88,6.88,3.31,0.9915,-0.0623,-0.1109,-0.0286,2.23,-0.96,9.51,1.06,1.56,2.25,9.82,0,1.70,-0.0433,0.0260,0,0.000,0.000,0.00,0.00,0.000,0
phase1 acc_mag=9.728 gravity=9.619 motion=0.109 moving_avg=0.227 rms=0.286 mean_rms=0.236 max_rms=0.287 min_rms=0.186 std=0.038 var=0.001 state=standing thr=0.312/0.512/1.012
12.75,6.88,3.12,0.9916,-0.0624,-0.1100,-0.0275,2.31,-1.12,9.58,1.50,2.38,0.19,9.92,0,1.70,-0.0430,0.0260,0,0.000,0.000,0.00,0.00,0.000,0
12.62,6.88,3.06,0.9918,-0.0618,-0.1088,-0.0267,2.18,-1.10,9.60,-1.12,1.12,0.94,9.91,0,1.70,-0.0425,0.0257,0,0.000,0.000,0.00,0.00,0.000,0
12.62,6.81,3.12,0.9918,-0.0614,-0.1089,-0.0272,2.05,-0.87,9.51,2.19,-0.25,-2.50,9.77,0,1.70,-0.0426,0.0255,0,0.000,0.000,0.00,0.00,0.000,0
phase1 acc_mag=9.868 gravity=9.717 motion=0.151 moving_avg=0.240 rms=0.292 mean_rms=0.256 max_rms=0.292 min_rms=0.186 std=0.037 var=0.001 state=standing thr=0.329/0.529/1.029
12.75,6.75,3.12,0.9917,-0.0613,-0.1099,-0.0272,2.28,-1.08,9.54,0.94,-2.75,3.12,9.87,0,1.70,-0.0429,0.0255,0,0.000,0.000,0.00,0.00,0.000,0
12.88,6.69,2.94,0.9916,-0.0602,-0.1110,-0.0258,2.34,-1.10,9.57,-1.94,-2.88,5.25,9.91,0,1.70,-0.0434,0.0250,0,0.000,0.000,0.00,0.00,0.000,0
12.94,6.62,2.94,0.9916,-0.0596,-0.1116,-0.0256,2.40,-0.91,9.49,-0.19,-0.44,-0.94,9.83,0,1.70,-0.0437,0.0248,0,0.000,0.000,0.00,0.00,0.000,0
13.00,6.50,3.38,0.9915,-0.0591,-0.1119,-0.0294,2.11,-0.84,9.32,-2.94,-0.69,-11.69,9.59,0,1.70,-0.0437,0.0248,0,0.000,0.000,0.00,0.00,0.000,0
phase1 acc_mag=9.687 gravity=9.778 motion=0.090 moving_avg=0.220 rms=0.275 mean_rms=0.275 max_rms=0.293 min_rms=0.219 std=0.019 var=0.000 state=standing thr=0.312/0.512/1.012
13.31,6.81,4.06,0.9908,-0.0627,-0.1143,-0.0356,2.32,-1.00,9.40,-7.06,-4.62,-5.00,9.73,0,1.70,-0.0444,0.0265,0,0.000,0.000,0.00,0.00,0.000,0
13.50,7.12,3.94,0.9905,-0.0650,-0.1159,-0.0345,2.05,-1.02,9.46,-3.94,-3.06,3.88,9.73,0,1.70,-0.0450,0.0274,0,0.000,0.000,0.00,0.00,0.000,0
13.62,7.25,3.75,0.9904,-0.0662,-0.1171,-0.0329,2.38,-1.16,9.37,1.06,-1.06,0.50,9.74,0,1.70,-0.0455,0.0278,0,0.000,0.000,0.00,0.00,0.000,0
13.75,7.19,3.62,0.9904,-0.0654,-0.1179,-0.0320,2.50,-1.21,9.37,0.06,0.81,-1.69,9.77,0,1.70,-0.0459,0.0274,0,0.000,0.000,0.00,0.00,0.000,0
phase1 acc_mag=9.934 gravity=9.774 motion=0.160 moving_avg=0.158 rms=0.192 mean_rms=0.271 max_rms=0.293 min_rms=0.191 std=0.026 var=0.001 state=standing thr=0.324/0.524/1.024
13.75,6.94,3.69,0.9905,-0.0630,-0.1180,-0.0320,2.48,-1.35,9.58,9.12,1.81,-5.19,9.99,0,1.70,-0.0459,0.0265,0,0.000,0.000,0.00,0.00,0.000,0
13.56,5.12,5.12,0.9910,-0.0493,-0.1162,-0.0446,2.11,-1.88,9.29,45.75,10.25,-48.00,9.71,0,1.70,-0.0452,0.0216,0,0.000,0.000,0.00,0.00,0.000,0
12.75,-0.94,7.00,0.9921,0.0094,-0.1086,-0.0621,2.29,0.70,9.90,88.94,39.81,-24.94,10.19,0,1.70,-0.0433,-0.0010,0,0.000,0.000,0.00,0.00,0.000,0
8.69,-7.00,7.44,0.9932,0.0559,-0.0797,-0.0648,1.91,1.87,9.54,52.06,42.50,0.88,9.91,0,1.70,-0.0331,-0.0201,0,0.000,0.000,0.00,0.00,0.000,0
phase1 acc_mag=9.769 gravity=9.780 motion=0.011 moving_avg=0.158 rms=0.208 mean_rms=0.254 max_rms=0.293 min_rms=0.173 std=0.044 var=0.002 state=standing thr=0.341/0.541/1.041
6.06,-9.19,7.12,0.9934,0.0799,-0.0545,-0.0615,1.21,1.44,9.43,37.00,45.75,2.81,9.62,0,1.70,-0.0236,-0.0304,0,0.000,0.000,0.00,0.00,0.000,0
3.00,-12.19,7.12,0.9921,0.1044,-0.0333,-0.0620,0.97,1.83,9.45,44.69,26.88,1.25,9.67,0,1.70,-0.0158,-0.0406,0,0.000,0.000,0.00,0.00,0.000,0
0.00,-16.56,6.88,0.9867,0.1516,-0.0048,-0.0591,0.53,2.31,8.62,81.88,52.06,0.75,8.94,0,1.70,-0.0055,-0.0597,0,0.000,0.000,0.00,0.00,0.000,0
-3.69,-21.31,6.25,0.9807,0.1866,0.0228,-0.0536,-1.18,2.81,9.61,59.88,56.00,18.25,10.08,0,1.70,0.0049,-0.0737,0,0.000,0.000,0.00,0.00,0.000,0
phase1 acc_mag=9.552 gravity=9.734 motion=0.182 moving_avg=0.192 rms=0.261 mean_rms=0.243 max_rms=0.293 min_rms=0.173 std=0.042 var=0.002 state=standing thr=0.327/0.527/1.027
-6.31,-26.31,4.31,0.9716,0.2289,0.0483,-0.0368,-1.03,4.92,8.58,50.06,35.06,20.25,9.94,0,1.70,0.0154,-0.0897,0,0.000,0.000,0.00,0.00,0.000,0
-7.94,-30.50,2.12,0.9624,0.2626,0.0670,-0.0181,-1.19,4.04,8.34,51.19,40.38,49.06,9.34,0,1.70,0.0239,-0.1016,0,0.000,0.000,0.00,0.00,0.000,0
-7.75,-35.88,357.50,0.9491,0.3045,0.0779,0.0205,0.00,6.37,5.67,48.25,9.94,38.44,8.53,0,1.70,0.0321,-0.1150,0,0.000,0.000,0.00,0.00,0.000,0
-7.62,-37.88,356.06,0.9424,0.3229,0.0812,0.0334,-0.71,5.58,7.06,30.75,2.69,29.94,9.03,0,1.70,0.0349,-0.1206,0,0.000,0.000,0.00,0.00,0.000,0
phase1 acc_mag=9.216 gravity=9.670 motion=0.454 moving_avg=0.233 rms=0.317 mean_rms=0.241 max_rms=0.317 min_rms=0.173 std=0.041 var=0.002 state=standing thr=0.322/0.522/1.022
-6.62,-41.25,353.19,0.9328,0.3464,0.0829,0.0551,-2.92,5.34,7.90,46.50,35.81,19.56,9.97,0,1.70,0.0386,-0.1274,0,0.000,0.000,0.00,0.00,0.000,0
-6.62,-45.62,351.75,0.9160,0.3848,0.0898,0.0692,-1.38,7.42,6.59,55.25,6.50,41.69,10.02,0,1.70,0.0436,-0.1385,0,0.000,0.000,0.00,0.00,0.000,0
-6.06,-49.44,349.31,0.9033,0.4093,0.0968,0.0842,-0.73,6.20,5.80,51.88,38.50,-15.88,8.52,0,1.70,0.0488,-0.1446,0,0.000,0.000,0.00,0.00,0.000,0
-8.25,-53.56,349.00,0.8867,0.4375,0.1231,0.0849,-1.81,7.88,5.10,58.38,39.56,-3.31,9.56,0,1.70,0.0585,-0.1510,0,0.000,0.000,0.00,0.00,0.000,0
phase1 acc_mag=9.102 gravity=9.593 motion=0.491 moving_avg=0.287 rms=0.379 mean_rms=0.256 max_rms=0.379 min_rms=0.173 std=0.060 var=0.004 state=slow thr=0.377/0.577/1.077
-8.94,-56.62,348.25,0.8723,0.4602,0.1392,0.0896,-1.54,8.15,4.83,35.31,31.56,-13.44,9.60,0,1.70,0.0651,-0.1556,0,0.000,0.000,0.00,0.00,0.000,0
-10.75,-58.81,348.56,0.8641,0.4708,0.1555,0.0865,-1.33,8.12,4.71,20.38,7.06,-5.88,9.48,0,1.70,0.0700,-0.1574,0,0.000,0.000,0.00,0.00,0.000,0
-11.56,-59.50,348.69,0.8609,0.4740,0.1643,0.0851,-1.52,8.19,4.34,1.50,5.19,-1.19,9.39,0,1.70,0.0727,-0.1576,0,0.000,0.000,0.00,0.00,0.000,0
-11.81,-59.56,348.69,0.8604,0.4741,0.1664,0.0850,-1.75,8.05,4.46,0.94,1.38,-2.69,9.37,0,1.70,0.0734,-0.1575,0,0.000,0.000,0.00,0.00,0.000,0
phase1 acc_mag=9.315 gravity=9.515 motion=0.199 moving_avg=0.297 rms=0.386 mean_rms=0.295 max_rms=0.388 min_rms=0.173 std=0.070 var=0.005 state=standing thr=0.434/0.634/1.134
-12.06,-59.56,348.69,0.8602,0.4736,0.1685,0.0850,-1.82,7.90,4.35,2.06,1.38,4.00,9.20,0,1.70,0.0741,-0.1572,0,0.000,0.000,0.00,0.00,0.000,0
-12.44,-60.06,348.56,0.8579,0.4761,0.1732,0.0858,-1.78,8.03,4.27,-1.56,15.25,-14.44,9.27,0,1.70,0.0758,-0.1574,0,0.000,0.000,0.00,0.00,0.000,0
-13.62,-60.06,348.88,0.8576,0.4731,0.1836,0.0833,-2.47,7.65,4.40,0.31,8.25,-8.44,9.16,0,1.70,0.0787,-0.1562,0,0.000,0.000,0.00,0.00,0.000,0
-13.62,-60.38,348.81,0.8558,0.4761,0.1841,0.0837,-2.15,8.17,4.18,5.69,-0.25,1.81,9.43,0,1.70,0.0790,-0.1568,0,0.000,0.000,0.00,0.00,0.000,0
phase1 acc_mag=9.334 gravity=9.438 motion=0.105 moving_avg=0.270 rms=0.361 mean_rms=0.332 max_rms=0.388 min_rms=0.219 std=0.053 var=0.003 state=standing thr=0.438/0.638/1.138
-13.44,-60.94,348.62,0.8538,0.4797,0.1840,0.0847,-2.24,8.10,4.26,11.56,0.44,4.56,9.42,0,1.70,0.0791,-0.1576,0,0.000,0.000,0.00,0.00,0.000,0
-13.19,-61.19,348.56,0.8526,0.4822,0.1824,0.0854,-2.04,8.08,4.30,2.75,-1.31,1.94,9.38,0,1.70,0.0787,-0.1582,0,0.000,0.000,0.00,0.00,0.000,0
-13.50,-61.12,348.75,0.8529,0.4811,0.1848,0.0836,-2.36,8.17,4.22,-2.75,1.62,-3.19,9.49,0,1.70,0.0791,-0.1580,0,0.000,0.000,0.00,0.00,0.000,0
-13.38,-61.12,348.75,0.8528,0.4819,0.1832,0.0837,-1.94,7.74,4.19,3.38,-3.25,0.69,9.01,0,1.70,0.0786,-0.1582,0,0.000,0.000,0.00,0.00,0.000,0
phase1 acc_mag=9.319 gravity=9.354 motion=0.035 moving_avg=0.248 rms=0.336 mean_rms=0.352 max_rms=0.388 min_rms=0.266 std=0.031 var=0.001 state=standing thr=0.414/0.614/1.114
-13.31,-61.38,348.81,0.8521,0.4834,0.1827,0.0832,-1.93,7.72,4.12,0.62,-1.38,4.25,8.96,0,1.70,0.0784,-0.1587,0,0.000,0.000,0.00,0.00,0.000,0
-13.06,-61.81,348.62,0.8501,0.4870,0.1818,0.0844,-2.14,8.11,4.04,3.56,-1.38,5.06,9.31,0,1.70,0.0782,-0.1595,0,0.000,0.000,0.00,0.00,0.000,0
-13.00,-61.94,348.56,0.8495,0.4880,0.1814,0.0847,-2.07,8.00,4.09,-3.19,0.75,-3.56,9.22,0,1.70,0.0782,-0.1597,0,0.000,0.000,0.00,0.00,0.000,0
phase1 acc_mag=9.080 gravity=9.326 motion=0.246 moving_avg=0.202 rms=0.280 mean_rms=0.351 max_rms=0.388 min_rms=0.280 std=0.032 var=0.001 state=standing thr=0.415/0.615/1.115
-13.25,-61.62,348.88,0.8511,0.4855,0.1818,0.0829,-2.20,7.76,4.17,-2.88,-4.06,2.44,9.08,0,1.70,0.0780,-0.1592,0,0.000,0.000,0.00,0.00,0.000,0
-13.25,-61.56,348.94,0.8514,0.4852,0.1816,0.0822,-2.20,8.20,4.18,3.31,1.19,0.00,9.46,0,1.70,0.0778,-0.1593,0,0.000,0.000,0.00,0.00,0.000,0
-13.12,-61.62,348.94,0.8512,0.4859,0.1806,0.0823,-2.03,8.37,4.24,0.50,-1.75,-0.06,9.60,0,1.70,0.0775,-0.1595,0,0.000,0.000,0.00,0.00,0.000,0
-13.12,-61.69,349.00,0.8508,0.4866,0.1806,0.0819,-2.30,8.57,4.25,0.75,-1.88,2.44,9.84,1,1.00,0.0774,-0.1597,0,0.000,0.000,0.00,0.00,0.000,0
phase1 acc_mag=9.715 gravity=9.367 motion=0.348 moving_avg=0.202 rms=0.253 mean_rms=0.327 max_rms=0.388 min_rms=0.211 std=0.052 var=0.003 state=standing thr=0.431/0.631/1.131
-13.12,-61.69,349.06,0.8508,0.4866,0.1807,0.0814,-2.19,8.33,4.31,-2.75,0.94,-1.00,9.63,1,1.00,0.0773,-0.1597,0,0.000,0.000,0.00,0.00,0.000,0
-13.25,-61.62,349.12,0.8513,0.4857,0.1813,0.0807,-2.49,9.17,4.20,2.12,1.31,-4.12,10.39,1,1.00,0.0774,-0.1595,0,0.000,0.000,0.00,0.00,0.000,0
-13.25,-61.19,349.38,0.8532,0.4832,0.1798,0.0793,-2.29,8.44,4.44,-7.44,-6.69,-0.69,9.81,1,1.00,0.0767,-0.1592,0,0.000,0.000,0.00,0.00,0.000,0
-13.19,-60.56,349.62,0.8568,0.4783,0.1768,0.0776,-1.91,8.22,4.51,-12.38,-6.19,-1.38,9.57,1,1.00,0.0754,-0.1584,0,0.000,0.000,0.00,0.00,0.000,0
phase1 acc_mag=9.946 gravity=9.453 motion=0.492 moving_avg=0.249 rms=0.312 mean_rms=0.305 max_rms=0.374 min_rms=0.211 std=0.044 var=0.002 state=standing thr=0.393/0.593/1.093
-13.50,-60.00,349.88,0.8586,0.4745,0.1785,0.0759,-2.45,8.37,4.55,-9.12,-1.19,-3.31,9.84,1,1.00,0.0757,-0.1576,0,0.000,0.000,0.00,0.00,0.000,0
-13.44,-59.75,349.88,0.8596,0.4732,0.1772,0.0760,-2.19,8.07,4.56,-1.88,0.00,-2.88,9.52,1,1.00,0.0753,-0.1573,0,0.000,0.000,0.00,0.00,0.000,0
-13.38,-59.81,349.88,0.8594,0.4737,0.1769,0.0760,-2.27,8.37,4.58,-0.50,-0.56,-0.75,9.81,1,1.00,0.0752,-0.1575,0,0.000,0.000,0.00,0.00,0.000,0
-13.44,-59.81,349.94,0.8594,0.4737,0.1768,0.0754,-2.18,8.35,4.63,-2.88,-1.69,1.38,9.79,1,1.00,0.0751,-0.1575,0,0.000,0.000,0.00,0.00,0.000,0
phase1 acc_mag=9.783 gravity=9.578 motion=0.205 moving_avg=0.272 rms=0.330 mean_rms=0.296 max_rms=0.336 min_rms=0.211 std=0.035 var=0.001 state=standing thr=0.365/0.565/1.065
-13.44,-59.69,350.00,0.8599,0.4730,0.1768,0.0752,-2.30,8.37,4.54,-4.50,0.94,-3.12,9.80,1,1.00,0.0750,-0.1574,0,0.000,0.000,0.00,0.00,0.000,0
-13.69,-59.00,350.31,0.8629,0.4678,0.1768,0.0730,-2.51,8.52,4.74,-22.00,-9.50,-7.62,10.07,1,1.00,0.0747,-0.1563,0,0.000,0.000,0.00,0.00,0.000,0
-13.31,-55.69,351.31,0.8799,0.4413,0.1633,0.0648,-2.35,7.63,5.37,-54.25,-32.94,-18.31,9.62,1,1.00,0.0689,-0.1511,0,0.000,0.000,0.00,0.00,0.000,0
-12.56,-52.31,352.62,0.8914,0.4239,0.1497,0.0573,-2.25,7.27,5.67,-30.00,-21.19,-5.88,9.49,1,1.00,0.0631,-0.1477,0,0.000,0.000,0.00,0.00,0.000,0
phase1 acc_mag=9.661 gravity=9.699 motion=0.038 moving_avg=0.279 rms=0.336 mean_rms=0.297 max_rms=0.343 min_rms=0.211 std=0.036 var=0.001 state=standing thr=0.368/0.568/1.068
-12.00,-51.00,353.00,0.8975,0.4148,0.1394,0.0547,-1.54,7.82,5.83,-10.19,-18.94,10.12,9.87,1,1.00,0.0591,-0.1459,0,0.000,0.000,0.00,0.00,0.000,0
-11.00,-49.94,353.00,0.9016,0.4088,0.1307,0.0548,-1.65,7.71,5.97,-19.75,-26.12,14.06,9.89,1,1.00,0.0561,-0.1445,0,0.000,0.000,0.00,0.00,0.000,0
-9.88,-48.50,353.06,0.9080,0.3981,0.1184,0.0544,-2.16,6.97,6.26,-17.62,-9.12,-5.56,9.61,1,1.00,0.0517,-0.1420,0,0.000,0.000,0.00,0.00,0.000,0
phase1 acc_mag=9.956 gravity=9.815 motion=0.142 moving_avg=0.296 rms=0.342 mean_rms=0.307 max_rms=0.343 min_rms=0.211 std=0.039 var=0.002 state=standing thr=0.385/0.585/1.085
-9.19,-47.25,353.25,0.9122,0.3909,0.1106,0.0534,-1.65,7.35,6.51,-22.06,-10.88,-6.75,9.96,1,1.00,0.0487,-0.1403,0,0.000,0.000,0.00,0.00,0.000,0
-7.50,-45.12,353.44,0.9203,0.3765,0.0927,0.0523,-1.30,7.02,6.54,-20.50,-19.38,4.00,9.68,1,1.00,0.0420,-0.1366,0,0.000,0.000,0.00,0.00,0.000,0
-6.81,-43.56,353.88,0.9264,0.3643,0.0821,0.0494,-1.17,7.04,6.85,-15.19,-18.19,9.31,9.89,0,1.70,0.0376,-0.1334,0,0.000,0.000,0.00,0.00,0.000,0
-6.25,-42.19,353.94,0.9305,0.3547,0.0774,0.0491,-1.13,7.13,7.06,-20.12,2.69,-11.44,10.10,0,1.70,0.0358,-0.1305,0,0.000,0.000,0.00,0.00,0.000,0
phase1 acc_mag=10.044 gravity=9.845 motion=0.199 moving_avg=0.241 rms=0.295 mean_rms=0.323 max_rms=0.343 min_rms=0.257 std=0.019 var=0.000 state=standing thr=0.361/0.561/1.061
-7.12,-40.69,354.94,0.9359,0.3403,0.0817,0.0399,-1.45,6.90,7.44,-26.75,-3.00,-17.38,10.25,0,1.70,0.0360,-0.1261,0,0.000,0.000,0.00,0.00,0.000,0
-8.44,-38.62,356.44,0.9409,0.3257,0.0883,0.0289,-1.47,6.45,7.41,-25.00,8.88,-27.88,9.93,0,1.70,0.0370,-0.1216,0,0.000,0.000,0.00,0.00,0.000,0
-10.44,-36.88,358.12,0.9452,0.3095,0.1030,0.0137,-1.49,6.04,7.61,-13.75,15.56,-24.62,9.83,0,1.70,0.0406,-0.1165,0,0.000,0.000,0.00,0.00,0.000,0
-11.56,-35.12,359.12,0.9490,0.2962,0.1079,0.0072,-2.61,5.27,7.68,-44.12,2.38,-30.56,9.67,0,1.70,0.0418,-0.1121,0,0.000,0.000,0.00,0.00,0.000,0
phase1 acc_mag=9.805 gravity=9.854 motion=0.050 moving_avg=0.199 rms=0.240 mean_rms=0.316 max_rms=0.343 min_rms=0.240 std=0.031 var=0.001 state=standing thr=0.377/0.577/1.077
-11.69,-32.44,0.50,0.9555,0.2756,0.1050,-0.0045,-2.69,6.01,8.01,-52.31,-24.69,-17.56,10.37,0,1.70,0.0396,-0.1055,0,0.000,0.000,0.00,0.00,0.000,0
-11.81,-28.50,1.44,0.9642,0.2440,0.1032,-0.0123,-1.90,3.32,8.02,-12.69,50.88,-32.69,8.89,0,1.70,0.0386,-0.0946,0,0.000,0.000,0.00,0.00,0.000,0
-13.81,-29.81,1.12,0.9597,0.2529,0.1223,-0.0098,-2.03,8.19,8.68,-12.50,56.62,-30.19,12.11,0,1.70,0.0460,-0.0976,0,0.000,0.000,0.00,0.00,0.000,0
-19.69,-24.44,1.62,0.9619,0.2003,0.1857,-0.0150,-2.14,1.31,8.87,-84.44,133.88,-50.44,9.22,0,1.70,0.0703,-0.0782,0,0.000,0.000,0.00,0.00,0.000,0
phase1 acc_mag=9.976 gravity=9.894 motion=0.082 moving_avg=0.330 rms=0.500 mean_rms=0.323 max_rms=0.500 min_rms=0.240 std=0.056 var=0.003 state=slow thr=0.436/0.636/1.136
-27.94,-24.50,1.81,0.9495,0.1971,0.2438,-0.0154,-7.25,6.15,7.88,-32.81,46.81,-13.50,12.35,0,1.70,0.0914,-0.0764,0,0.000,0.000,0.00,0.00,0.000,0
-25.56,-19.62,4.19,0.9610,0.1660,0.2184,-0.0355,-5.70,4.79,7.62,-33.50,-104.50,-42.38,10.65,0,1.70,0.0816,-0.0669,0,0.000,0.000,0.00,0.00,0.000,0
-21.19,-13.25,7.00,0.9747,0.1202,0.1767,-0.0649,-3.13,1.89,9.74,6.88,-27.06,-55.88,10.40,0,1.70,0.0658,-0.0514,0,0.000,0.000,0.00,0.00,0.000,0
-20.06,-13.06,8.50,0.9757,0.1215,0.1671,-0.0730,-4.00,2.89,9.26,-17.69,-6.12,-19.00,10.49,0,1.70,0.0617,-0.0523,0,0.000,0.000,0.00,0.00,0.000,0
phase1 acc_mag=10.472 gravity=10.020 motion=0.452 moving_avg=0.540 rms=0.827 mean_rms=0.414 max_rms=0.827 min_rms=0.240 std=0.192 var=0.037 state=slow thr=0.797/0.997/1.497
-18.62,-8.44,10.19,0.9803,0.0849,0.1555,-0.0876,-3.41,-1.35,8.61,-137.44,-31.50,-116.75,9.36,0,1.70,0.0580,-0.0387,0,0.000,0.000,0.00,0.00,0.000,0
-16.88,-3.81,12.31,0.9828,0.0482,0.1429,-0.1060,-2.82,-0.19,10.21,-83.19,-31.19,-48.69,10.59,0,1.70,0.0542,-0.0250,0,0.000,0.000,0.00,0.00,0.000,0
-15.00,-0.31,12.62,0.9855,0.0155,0.1290,-0.1095,-3.31,-0.63,9.72,-21.06,-7.62,-4.69,10.29,0,1.70,0.0502,-0.0118,0,0.000,0.000,0.00,0.00,0.000,0
-12.12,-1.44,14.19,0.9866,0.0256,0.1035,-0.1231,-4.08,1.03,9.75,88.25,-81.50,-22.75,10.62,0,1.70,0.0396,-0.0152,0,0.000,0.000,0.00,0.00,0.000,0
phase1 acc_mag=9.333 gravity=10.122 motion=0.789 moving_avg=0.631 rms=0.903 mean_rms=0.519 max_rms=0.903 min_rms=0.240 std=0.256 var=0.066 state=standing thr=1.032/1.232/1.732
-8.19,-2.19,15.44,0.9882,0.0289,0.0686,-0.1343,-3.36,0.48,10.30,-21.75,2.75,-29.00,10.84,0,1.70,0.0256,-0.0151,0,0.000,0.000,0.00,0.00,0.000,0
-6.75,-1.88,15.06,0.9894,0.0222,0.0556,-0.1325,-0.99,0.51,9.39,-26.06,-19.25,-10.62,9.46,0,1.70,0.0208,-0.0117,0,0.000,0.000,0.00,0.00,0.000,0
-5.69,-0.19,15.19,0.9900,0.0085,0.0490,-0.1322,-0.59,0.92,8.98,-26.19,-25.00,11.94,9.05,0,1.70,0.0190,-0.0060,0,0.000,0.000,0.00,0.00,0.000,0
-4.81,1.00,15.69,0.9897,-0.0033,0.0432,-0.1366,-1.14,-0.76,10.28,6.69,-11.38,-15.12,10.37,0,1.70,0.0173,-0.0011,0,0.000,0.000,0.00,0.00,0.000,0
phase1 acc_mag=9.667 gravity=10.152 motion=0.485 moving_avg=0.696 rms=0.932 mean_rms=0.648 max_rms=0.932 min_rms=0.240 std=0.271 var=0.073 state=standing thr=1.190/1.390/1.890
-3.31,0.00,15.44,0.9905,0.0040,0.0291,-0.1346,-0.43,0.94,9.69,16.00,-23.06,22.88,9.74,0,1.70,0.0113,-0.0032,0,0.000,0.000,0.00,0.00,0.000,0
-2.44,-0.12,13.12,0.9932,0.0036,0.0214,-0.1147,-0.82,0.70,9.84,-12.06,-10.81,40.62,9.90,0,1.70,0.0083,-0.0024,0,0.000,0.000,0.00,0.00,0.000,0
-1.56,0.81,10.62,0.9959,-0.0070,0.0129,-0.0891,-0.78,-0.51,10.62,-18.50,-17.19,41.06,10.66,0,1.70,0.0054,0.0023,0,0.000,0.000,0.00,0.00,0.000,0
-0.06,1.62,8.12,0.9974,-0.0146,0.0017,-0.0713,0.50,-0.32,9.80,-2.38,-19.81,19.81,9.82,0,1.70,0.0011,0.0058,0,0.000,0.000,0.00,0.00,0.000,0
phase1 acc_mag=10.515 gravity=10.168 motion=0.347 moving_avg=0.687 rms=0.925 mean_rms=0.791 max_rms=0.935 min_rms=0.282 std=0.193 var=0.037 state=standing thr=1.177/1.377/1.877
1.06,1.50,7.31,0.9978,-0.0139,-0.0087,-0.0643,-0.06,0.70,9.69,-2.06,-19.75,17.00,9.72,0,1.70,-0.0031,0.0058,0,0.000,0.000,0.00,0.00,0.000,0
2.75,1.19,4.00,0.9990,-0.0115,-0.0239,-0.0354,0.18,1.16,10.11,15.75,-31.56,61.75,10.18,0,1.70,-0.0094,0.0049,0,0.000,0.000,0.00,0.00,0.000,0
4.69,1.31,359.38,0.9991,-0.0114,-0.0414,0.0052,1.01,-0.99,9.71,11.06,-37.94,80.19,9.81,0,1.70,-0.0166,0.0045,0,0.000,0.000,0.00,0.00,0.000,0
7.25,0.19,356.00,0.9970,0.0010,-0.0662,0.0398,2.14,0.78,9.51,12.56,-45.19,61.62,9.78,0,1.70,-0.0264,-0.0015,0,0.000,0.000,0.00,0.00,0.000,0
phase1 acc_mag=10.136 gravity=10.149 motion=0.012 moving_avg=0.492 rms=0.662 mean_rms=0.874 max_rms=0.935 min_rms=0.662 std=0.063 var=0.004 state=standing thr=1.001/1.201/1.701
8.69,0.38,352.19,0.9948,0.0018,-0.0759,0.0677,2.26,2.70,8.49,-9.50,-15.38,78.62,9.19,0,1.70,-0.0302,-0.0028,0,0.000,0.000,0.00,0.00,0.000,0
7.56,2.31,347.19,0.9906,-0.0141,-0.0667,0.1187,0.87,0.46,9.56,-8.06,18.62,92.25,9.61,0,1.70,-0.0271,0.0024,0,0.000,0.000,0.00,0.00,0.000,0
5.50,3.50,340.56,0.9841,-0.0222,-0.0527,0.1683,0.78,0.83,9.55,2.44,25.50,86.38,9.62,0,1.70,-0.0222,0.0052,0,0.000,0.000,0.00,0.00,0.000,0
3.50,4.31,335.50,0.9761,-0.0305,-0.0380,0.2116,0.19,-0.13,9.67,-10.44,24.94,66.12,9.67,0,1.70,-0.0174,0.0087,0,0.000,0.000,0.00,0.00,0.000,0
phase1 acc_mag=10.054 gravity=9.968 motion=0.086 moving_avg=0.424 rms=0.527 mean_rms=0.822 max_rms=0.935 min_rms=0.527 std=0.141 var=0.020 state=standing thr=1.105/1.305/1.805
1.50,4.75,331.00,0.9673,-0.0369,-0.0235,0.2499,-0.28,-0.25,9.97,-6.50,25.75,63.19,9.98,0,1.70,-0.0128,0.0119,0,0.000,0.000,0.00,0.00,0.000,0
0.00,5.00,327.31,0.9575,-0.0428,-0.0096,0.2849,0.43,-0.36,10.00,4.88,26.56,49.31,10.02,0,1.70,-0.0086,0.0153,0,0.000,0.000,0.00,0.00,0.000,0
-1.62,4.44,324.94,0.9515,-0.0408,0.0029,0.3050,0.74,-0.01,9.32,10.25,6.81,54.50,9.35,0,1.70,-0.0039,0.0159,0,0.000,0.000,0.00,0.00,0.000,0
-3.38,4.44,320.88,0.9412,-0.0466,0.0151,0.3342,0.20,-0.88,10.05,-8.00,27.38,44.81,10.09,0,1.70,-0.0005,0.0196,0,0.000,0.000,0.00,0.00,0.000,0
phase1 acc_mag=10.338 gravity=9.935 motion=0.404 moving_avg=0.382 rms=0.458 mean_rms=0.740 max_rms=0.935 min_rms=0.458 std=0.187 var=0.035 state=standing thr=1.114/1.314/1.814
-4.56,4.56,316.94,0.9288,-0.0520,0.0226,0.3661,0.04,-0.92,9.85,-13.38,-1.12,67.06,9.89,0,1.70,0.0008,0.0226,0,0.000,0.000,0.00,0.00,0.000,0
-6.00,5.06,313.25,0.9158,-0.0614,0.0307,0.3958,-2.18,-1.44,10.21,-4.19,26.00,19.06,10.54,0,1.70,0.0015,0.0274,0,0.000,0.000,0.00,0.00,0.000,0
-6.06,5.31,310.81,0.9072,-0.0643,0.0291,0.4148,0.39,0.64,9.13,-13.19,-12.06,60.44,9.16,0,1.70,-0.0001,0.0282,0,0.000,0.000,0.00,0.00,0.000,0
-6.19,5.81,306.25,0.8864,-0.0701,0.0253,0.4568,-0.33,0.16,9.40,-6.19,-5.69,84.00,9.41,0,1.70,-0.0038,0.0295,0,0.000,0.000,0.00,0.00,0.000,0
phase1 acc_mag=10.612 gravity=9.901 motion=0.711 moving_avg=0.377 rms=0.451 mean_rms=0.633 max_rms=0.935 min_rms=0.433 std=0.187 var=0.035 state=standing thr=1.008/1.208/1.708
-6.75,6.25,299.62,0.8617,-0.0768,0.0236,0.5010,-1.13,-1.26,10.06,-4.94,-6.81,112.88,10.20,0,1.70,-0.0073,0.0312,0,0.000,0.000,0.00,0.00,0.000,0
-6.31,5.88,293.31,0.8332,-0.0733,0.0181,0.5479,-0.35,-0.78,9.23,-17.88,-30.31,92.19,9.27,0,1.70,-0.0100,0.0284,0,0.000,0.000,0.00,0.00,0.000,0
-6.25,5.50,286.88,0.7979,-0.0715,0.0162,0.5983,-1.39,-1.02,10.83,-1.81,3.50,63.06,10.97,0,1.70,-0.0120,0.0267,0,0.000,0.000,0.00,0.00,0.000,0
-6.75,5.44,281.50,0.7724,-0.0742,0.0161,0.6306,-1.03,-0.61,10.19,-9.31,3.44,67.75,10.26,0,1.70,-0.0138,0.0270,0,0.000,0.000,0.00,0.00,0.000,0
phase1 acc_mag=10.181 gravity=9.906 motion=0.275 moving_avg=0.395 rms=0.476 mean_rms=0.533 max_rms=0.853 min_rms=0.433 std=0.113 var=0.013 state=standing thr=0.759/0.959/1.459
-6.81,5.50,277.75,0.7513,-0.0758,0.0135,0.6555,0.11,-0.15,9.55,-2.06,-4.25,51.00,9.55,0,1.70,-0.0158,0.0263,0,0.000,0.000,0.00,0.00,0.000,0
-7.25,5.06,274.88,0.7344,-0.0753,0.0169,0.6743,-1.57,-0.95,9.87,13.19,-2.50,44.38,10.04,0,1.70,-0.0153,0.0267,0,0.000,0.000,0.00,0.00,0.000,0
-7.25,3.50,270.81,0.7076,-0.0657,0.0249,0.7031,-0.71,-0.31,10.18,13.75,3.75,46.56,10.21,0,1.70,-0.0114,0.0256,0,0.000,0.000,0.00,0.00,0.000,0
-8.00,2.25,268.00,0.6931,-0.0640,0.0344,0.7172,-1.72,-0.52,10.21,13.44,6.38,23.25,10.37,0,1.70,-0.0088,0.0276,0,0.000,0.000,0.00,0.00,0.000,0
phase1 acc_mag=9.854 gravity=9.920 motion=0.066 moving_avg=0.358 rms=0.424 mean_rms=0.479 max_rms=0.579 min_rms=0.424 std=0.039 var=0.002 state=standing thr=0.558/0.758/1.258
-8.44,1.88,267.38,0.6890,-0.0645,0.0391,0.7208,-1.56,-0.06,10.14,6.50,5.56,-15.31,10.26,0,1.70,-0.0078,0.0290,0,0.000,0.000,0.00,0.00,0.000,0
-8.75,1.94,269.62,0.7057,-0.0654,0.0434,0.7041,-1.70,-1.39,10.26,23.38,6.06,-46.50,10.49,0,1.70,-0.0062,0.0307,0,0.000,0.000,0.00,0.00,0.000,0
-8.75,1.56,273.25,0.7249,-0.0628,0.0464,0.6845,-1.77,-0.22,9.37,-3.19,-1.56,-27.88,9.54,0,1.70,-0.0037,0.0309,0,0.000,0.000,0.00,0.00,0.000,0
phase1 acc_mag=9.239 gravity=9.937 motion=0.699 moving_avg=0.355 rms=0.421 mean_rms=0.452 max_rms=0.524 min_rms=0.409 std=0.026 var=0.001 state=standing thr=0.504/0.704/1.204
-8.38,1.62,274.75,0.7377,-0.0605,0.0450,0.6709,-0.69,0.23,9.21,9.31,0.50,-50.25,9.24,0,1.70,-0.0030,0.0299,0,0.000,0.000,0.00,0.00,0.000,0
-9.00,2.19,283.25,0.7885,-0.0660,0.0499,0.6094,-1.39,-1.49,10.10,-6.50,16.50,-134.56,10.30,0,1.70,-0.0004,0.0330,0,0.000,0.000,0.00,0.00,0.000,0
-9.81,2.75,291.31,0.8225,-0.0682,0.0576,0.5617,-2.12,-1.44,9.69,9.38,19.31,-110.94,10.02,0,1.70,0.0036,0.0354,0,0.000,0.000,0.00,0.00,0.000,0
-8.69,2.19,114.19,0.5369,0.0507,0.0554,-0.8403,-0.16,0.43,10.58,1.88,-43.06,-56.19,10.59,0,1.70,-0.0052,-0.0295,0,0.000,0.000,0.00,0.00,0.000,0
phase1 acc_mag=9.887 gravity=9.954 motion=0.067 moving_avg=0.353 rms=0.416 mean_rms=0.439 max_rms=0.481 min_rms=0.399 std=0.027 var=0.001 state=standing thr=0.493/0.693/1.193
-8.06,2.44,122.31,0.4808,0.0518,0.0528,-0.8737,-1.80,-0.60,10.43,4.00,5.06,-139.06,10.60,0,1.70,-0.0079,-0.0284,0,0.000,0.000,0.00,0.00,0.000,0
-7.81,2.31,130.50,0.4046,0.0562,0.0443,-0.9117,-0.59,-0.57,9.14,52.31,17.19,-163.19,9.18,0,1.70,-0.0133,-0.0252,0,0.000,0.000,0.00,0.00,0.000,0
-8.81,1.38,144.75,0.3018,0.0696,0.0349,-0.9502,-1.90,-0.47,10.29,23.44,3.25,-192.25,10.47,0,1.70,-0.0222,-0.0217,0,0.000,0.000,0.00,0.00,0.000,0
-9.38,1.81,159.00,0.1621,0.0784,0.0306,-0.9832,-3.77,0.72,10.78,15.56,25.94,-276.12,11.44,0,1.70,-0.0288,-0.0171,0,0.000,0.000,0.00,0.00,0.000,0
phase1 acc_mag=9.734 gravity=9.988 motion=0.254 moving_avg=0.384 rms=0.479 mean_rms=0.438 max_rms=0.482 min_rms=0.399 std=0.029 var=0.001 state=standing thr=0.496/0.696/1.196
-7.62,3.44,171.31,0.0755,0.0644,0.0351,-0.9944,-0.75,0.80,8.60,0.88,-30.12,-181.38,8.67,0,1.70,-0.0246,-0.0159,0,0.000,0.000,0.00,0.00,0.000,0
-4.69,4.56,179.25,0.0063,0.0411,0.0405,-0.9983,-1.24,-0.28,9.53,10.06,-37.19,-81.88,9.61,0,1.70,-0.0163,-0.0163,0,0.000,0.000,0.00,0.00,0.000,0
-1.62,4.81,184.75,-0.0478,0.0131,0.0411,-0.9979,-0.29,-0.81,9.78,10.44,-33.50,-73.81,9.82,0,1.70,-0.0060,-0.0161,0,0.000,0.000,0.00,0.00,0.000,0
1.62,4.31,191.06,-0.0965,-0.0105,0.0392,-0.9945,-0.22,-0.04,10.02,10.12,-50.19,-74.00,10.02,0,1.70,0.0027,-0.0160,0,0.000,0.000,0.00,0.00,0.000,0
phase1 acc_mag=9.499 gravity=9.990 motion=0.492 moving_avg=0.375 rms=0.484 mean_rms=0.441 max_rms=0.496 min_rms=0.399 std=0.032 var=0.001 state=standing thr=0.506/0.706/1.206
5.06,3.44,194.06,-0.1270,-0.0445,0.0333,-0.9904,1.39,0.46,9.22,25.31,-45.69,-58.12,9.34,0,1.70,0.0159,-0.0154,0,0.000,0.000,0.00,0.00,0.000,0
6.94,1.12,196.81,-0.1461,-0.0585,0.0189,-0.9874,1.70,1.12,9.69,15.19,4.50,-53.75,9.90,0,1.70,0.0220,-0.0109,0,0.000,0.000,0.00,0.00,0.000,0
5.31,0.69,204.94,-0.2285,-0.0424,0.0152,-0.9725,1.13,-0.77,9.49,1.81,22.88,-151.19,9.59,0,1.70,0.0151,-0.0098,0,0.000,0.000,0.00,0.00,0.000,0
2.25,0.81,222.00,-0.3583,-0.0161,0.0142,-0.9333,0.29,1.17,9.76,-19.19,21.38,-177.25,9.83,0,1.70,0.0040,-0.0076,0,0.000,0.000,0.00,0.00,0.000,0
phase1 acc_mag=9.069 gravity=9.991 motion=0.922 moving_avg=0.430 rms=0.552 mean_rms=0.456 max_rms=0.552 min_rms=0.399 std=0.048 var=0.002 state=slow thr=0.552/0.752/1.252
1.75,2.75,230.00,-0.4225,-0.0040,0.0287,-0.9059,-0.39,-0.61,9.48,-30.19,-1.19,-87.81,9.51,0,1.70,-0.0034,-0.0111,0,0.000,0.000,0.00,0.00,0.000,0
1.38,4.44,236.06,-0.4757,0.0084,0.0411,-0.8786,-0.82,-1.46,10.13,-18.31,5.62,-80.88,10.27,0,1.70,-0.0108,-0.0129,0,0.000,0.000,0.00,0.00,0.000,0
1.12,4.38,240.88,-0.5063,0.0108,0.0383,-0.8615,-1.18,0.18,10.38,7.06,14.56,-58.62,10.45,0,1.70,-0.0115,-0.0110,0,0.000,0.000,0.00,0.00,0.000,0
phase1 acc_mag=9.929 gravity=10.004 motion=0.075 moving_avg=0.440 rms=0.562 mean_rms=0.488 max_rms=0.574 min_rms=0.399 std=0.059 var=0.004 state=standing thr=0.607/0.807/1.307
1.62,4.25,243.56,-0.5289,0.0064,0.0400,-0.8477,-0.42,-0.09,9.92,-1.44,-12.19,-42.81,9.93,0,1.70,-0.0106,-0.0122,0,0.000,0.000,0.00,0.00,0.000,0
2.94,4.06,245.44,-0.5436,-0.0038,0.0436,-0.8381,0.72,0.94,9.71,12.06,-6.50,-50.56,9.78,0,1.70,-0.0082,-0.0155,0,0.000,0.000,0.00,0.00,0.000,0
3.88,3.38,248.00,-0.5587,-0.0118,0.0437,-0.8281,0.54,-0.01,9.65,10.25,-17.94,6.62,9.67,0,1.70,-0.0059,-0.0171,0,0.000,0.000,0.00,0.00,0.000,0
4.75,2.31,246.44,-0.5475,-0.0237,0.0401,-0.8355,0.71,-0.46,9.69,27.56,-12.19,43.31,9.73,0,1.70,-0.0009,-0.0186,0,0.000,0.000,0.00,0.00,0.000,0
phase1 acc_mag=9.773 gravity=9.933 motion=0.160 moving_avg=0.426 rms=0.548 mean_rms=0.518 max_rms=0.574 min_rms=0.406 std=0.049 var=0.002 state=standing thr=0.616/0.816/1.316
4.88,1.00,244.19,-0.5298,-0.0319,0.0283,-0.8470,0.91,0.15,10.19,25.25,11.69,18.81,10.23,0,1.70,0.0048,-0.0163,0,0.000,0.000,0.00,0.00,0.000,0
4.62,-0.06,241.44,-0.5107,-0.0352,0.0198,-0.8588,0.45,0.01,10.21,8.81,-1.69,67.25,10.22,0,1.70,0.0080,-0.0140,0,0.000,0.000,0.00,0.00,0.000,0
4.75,-0.56,235.50,-0.4583,-0.0400,0.0140,-0.8878,0.85,0.24,10.23,17.69,0.62,96.31,10.27,0,1.70,0.0117,-0.0123,0,0.000,0.000,0.00,0.00,0.000,0
5.38,-0.38,225.94,-0.3903,-0.0449,0.0154,-0.9195,-0.29,0.06,10.38,10.50,-22.25,153.38,10.38,0,1.70,0.0141,-0.0127,0,0.000,0.000,0.00,0.00,0.000,0
phase1 acc_mag=9.830 gravity=9.967 motion=0.137 moving_avg=0.383 rms=0.476 mean_rms=0.533 max_rms=0.574 min_rms=0.476 std=0.032 var=0.001 state=standing thr=0.598/0.798/1.298
7.56,0.69,217.25,-0.3094,-0.0627,0.0308,-0.9484,0.35,1.09,10.00,-26.25,-37.25,130.69,10.07,0,1.70,0.0200,-0.0194,0,0.000,0.000,0.00,0.00,0.000,0
10.31,3.62,206.94,-0.2324,-0.0804,0.0519,-0.9679,1.04,0.28,10.04,-26.94,-40.94,125.75,10.10,0,1.70,0.0263,-0.0276,0,0.000,0.000,0.00,0.00,0.000,0
12.44,7.56,198.12,-0.1566,-0.0970,0.0815,-0.9795,1.49,-0.47,9.85,-42.44,-40.62,128.94,9.97,0,1.70,0.0329,-0.0380,0,0.000,0.000,0.00,0.00,0.000,0
14.00,12.06,186.50,-0.0429,-0.1183,0.1127,-0.9856,2.45,-2.12,8.94,-11.88,-35.25,155.88,9.51,0,1.70,0.0447,-0.0465,0,0.000,0.000,0.00,0.00,0.000,0
phase1 acc_mag=9.515 gravity=9.919 motion=0.404 moving_avg=0.376 rms=0.455 mean_rms=0.530 max_rms=0.574 min_rms=0.455 std=0.037 var=0.001 state=standing thr=0.604/0.804/1.304
13.00,14.44,178.31,0.0144,-0.1164,0.1219,-0.9856,1.18,-2.38,10.01,6.44,-8.50,125.81,10.36,0,1.70,0.0466,-0.0474,0,0.000,0.000,0.00,0.00,0.000,0
11.25,13.81,171.31,0.0786,-0.1050,0.1075,-0.9855,1.67,0.47,9.86,45.56,24.12,44.62,10.01,0,1.70,0.0448,-0.0391,0,0.000,0.000,0.00,0.00,0.000,0
9.19,12.81,168.12,0.1044,-0.0884,0.1010,-0.9854,2.97,-1.43,8.56,21.38,26.69,47.94,9.17,0,1.70,0.0391,-0.0361,0,0.000,0.000,0.00,0.00,0.000,0
5.88,11.44,167.94,0.1053,-0.0587,0.0911,-0.9885,0.87,-1.73,9.34,30.75,32.06,14.31,9.54,0,1.70,0.0271,-0.0335,0,0.000,0.000,0.00,0.00,0.000,0
phase1 acc_mag=9.560 gravity=9.889 motion=0.328 moving_avg=0.348 rms=0.421 mean_rms=0.509 max_rms=0.574 min_rms=0.421 std=0.053 var=0.003 state=standing thr=0.614/0.814/1.314
4.12,9.31,166.31,0.1183,-0.0458,0.0762,-0.9890,0.22,-2.05,9.50,33.38,11.56,30.31,9.72,0,1.70,0.0217,-0.0280,0,0.000,0.000,0.00,0.00,0.000,0
2.75,6.44,164.44,0.1362,-0.0275,0.0480,-0.9891,0.68,-0.13,10.57,58.75,39.31,14.94,10.59,0,1.70,0.0135,-0.0175,0,0.000,0.000,0.00,0.00,0.000,0
-0.69,0.94,163.00,0.1478,0.0052,0.0095,-0.9890,-1.45,-0.13,9.60,90.38,42.25,49.31,9.71,0,1.70,-0.0015,-0.0041,0,0.000,0.000,0.00,0.00,0.000,0
-1.62,-4.12,158.56,0.1895,0.0241,-0.0385,-0.9808,-0.15,1.54,9.69,75.38,24.50,62.06,9.81,0,1.70,-0.0124,0.0133,0,0.000,0.000,0.00,0.00,0.000,0
phase1 acc_mag=9.713 gravity=9.874 motion=0.160 moving_avg=0.329 rms=0.400 mean_rms=0.476 max_rms=0.566 min_rms=0.398 std=0.055 var=0.003 state=standing thr=0.586/0.786/1.286
-2.75,-8.00,156.50,0.2031,0.0383,-0.0635,-0.9764,0.05,1.18,8.04,62.81,13.56,43.88,8.13,0,1.70,-0.0201,0.0217,0,0.000,0.000,0.00,0.00,0.000,0
-3.62,-14.88,155.00,0.2145,0.0630,-0.1266,-0.9664,-0.16,1.67,9.66,94.38,25.62,5.00,9.80,0,1.70,-0.0352,0.0435,0,0.000,0.000,0.00,0.00,0.000,0
-6.19,-24.00,155.88,0.2038,0.0972,-0.1912,-0.9552,-1.20,4.62,8.69,116.62,9.88,-0.62,9.91,0,1.70,-0.0527,0.0651,0,0.000,0.000,0.00,0.00,0.000,0
phase1 acc_mag=9.643 gravity=9.833 motion=0.191 moving_avg=0.371 rms=0.470 mean_rms=0.453 max_rms=0.546 min_rms=0.398 std=0.037 var=0.001 state=standing thr=0.527/0.727/1.227
-5.75,-31.56,156.44,0.1962,0.1068,-0.2545,-0.9409,-0.65,6.16,7.39,108.75,-3.06,-13.75,9.64,0,1.70,-0.0602,0.0874,0,0.000,0.000,0.00,0.00,0.000,0
-6.50,-39.88,157.88,0.1772,0.1257,-0.3310,-0.9183,-2.47,6.40,7.53,121.50,-7.06,-13.75,10.19,0,1.70,-0.0696,0.1127,0,0.000,0.000,0.00,0.00,0.000,0
-6.75,-47.44,159.31,0.1637,0.1351,-0.3821,-0.8994,-1.01,6.85,5.92,65.81,4.00,-1.38,9.11,0,1.70,-0.0736,0.1286,0,0.000,0.000,0.00,0.00,0.000,0
-7.19,-53.31,159.75,0.1567,0.1479,-0.4268,-0.8783,-0.97,8.70,5.49,76.12,20.19,5.31,10.33,0,1.70,-0.0787,0.1407,0,0.000,0.000,0.00,0.00,0.000,0
phase1 acc_mag=10.384 gravity=9.807 motion=0.576 moving_avg=0.446 rms=0.568 mean_rms=0.454 max_rms=0.568 min_rms=0.398 std=0.041 var=0.002 state=slow thr=0.535/0.735/1.235
-7.62,-57.88,159.25,0.1569,0.1616,-0.4590,-0.8594,-1.45,7.19,4.56,79.81,17.00,-18.25,8.64,0,1.70,-0.0843,0.1477,0,0.000,0.000,0.00,0.00,0.000,0
-9.06,-62.44,160.19,0.1466,0.1792,-0.4895,-0.8407,-1.84,10.13,3.88,32.69,4.31,-3.69,11.00,0,1.70,-0.0890,0.1541,0,0.000,0.000,0.00,0.00,0.000,0
-9.19,-64.19,160.19,0.1451,0.1838,-0.5014,-0.8329,-1.73,8.99,3.68,38.75,10.38,-3.94,9.87,0,1.70,-0.0903,0.1564,0,0.000,0.000,0.00,0.00,0.000,0
-9.44,-66.19,160.50,0.1421,0.1879,-0.5172,-0.8229,-1.75,9.16,3.51,23.19,-0.31,14.25,9.96,0,1.70,-0.0912,0.1595,0,0.000,0.000,0.00,0.00,0.000,0
phase1 acc_mag=9.167 gravity=9.870 motion=0.703 moving_avg=0.541 rms=0.694 mean_rms=0.489 max_rms=0.695 min_rms=0.398 std=0.091 var=0.008 state=slow thr=0.671/0.871/1.371
-9.38,-68.19,160.12,0.1425,0.1929,-0.5290,-0.8140,-2.22,9.78,3.33,23.25,8.31,-0.62,10.57,0,1.70,-0.0930,0.1613,0,0.000,0.000,0.00,0.00,0.000,0
-9.38,-69.00,159.81,0.1438,0.1967,-0.5332,-0.8101,-1.96,9.84,3.27,-5.94,8.31,-11.25,10.55,0,1.70,-0.0944,0.1615,0,0.000,0.000,0.00,0.00,0.000,0
-9.75,-68.00,159.88,0.1445,0.1977,-0.5257,-0.8146,-1.89,9.02,3.39,-21.88,-1.06,-3.12,9.82,0,1.70,-0.0948,0.1599,0,0.000,0.000,0.00,0.00,0.000,0
-9.81,-64.25,160.81,0.1362,0.1821,-0.4961,-0.8380,-1.27,9.75,3.45,-90.50,-16.31,-2.94,10.42,0,1.70,-0.0880,0.1564,0,0.000,0.000,0.00,0.00,0.000,0
phase1 acc_mag=8.770 gravity=9.917 motion=1.148 moving_avg=0.557 rms=0.713 mean_rms=0.544 max_rms=0.713 min_rms=0.398 std=0.116 var=0.013 state=standing thr=0.776/0.976/1.476
-8.94,-58.88,161.69,0.1381,0.1661,-0.4664,-0.8578,-2.10,8.73,4.72,-48.06,-9.12,7.12,10.14,0,1.70,-0.0828,0.1508,0,0.000,0.000,0.00,0.00,0.000,0
-8.06,-56.00,162.19,0.1365,0.1497,-0.4462,-0.8717,-0.97,8.64,4.79,-27.81,-9.69,1.44,9.93,0,1.70,-0.0766,0.1474,0,0.000,0.000,0.00,0.00,0.000,0
-8.19,-53.38,163.38,0.1285,0.1435,-0.4296,-0.8823,-1.27,8.64,5.40,-32.75,1.00,-14.38,10.27,0,1.70,-0.0727,0.1442,0,0.000,0.000,0.00,0.00,0.000,0
-8.94,-50.88,164.25,0.1228,0.1442,-0.4061,-0.8940,-1.55,8.21,6.16,-44.50,2.88,-14.62,10.38,0,1.70,-0.0715,0.1381,0,0.000,0.000,0.00,0.00,0.000,0
phase1 acc_mag=9.994 gravity=9.930 motion=0.064 moving_avg=0.558 rms=0.717 mean_rms=0.609 max_rms=0.718 min_rms=0.436 std=0.106 var=0.011 state=standing thr=0.822/1.022/1.522
-10.69,-44.31,165.94,0.1127,0.1458,-0.3571,-0.9157,-2.20,6.53,6.41,-102.31,14.31,-32.12,9.41,0,1.70,-0.0695,0.1242,0,0.000,0.000,0.00,0.00,0.000,0
-11.31,-38.81,166.56,0.1099,0.1415,-0.3054,-0.9352,-1.57,7.09,7.10,-89.31,-7.38,-9.25,10.16,0,1.70,-0.0663,0.1080,0,0.000,0.000,0.00,0.00,0.000,0
-11.06,-32.19,166.50,0.1122,0.1318,-0.2598,-0.9500,-1.90,5.86,7.64,-91.56,-12.44,-6.56,9.81,0,1.70,-0.0618,0.0928,0,0.000,0.000,0.00,0.00,0.000,0
-10.81,-25.25,166.75,0.1118,0.1211,-0.2033,-0.9651,-1.87,5.03,8.17,-103.50,-9.38,-14.31,9.77,0,1.70,-0.0558,0.0731,0,0.000,0.000,0.00,0.00,0.000,0
phase1 acc_mag=10.149 gravity=9.950 motion=0.198 moving_avg=0.517 rms=0.676 mean_rms=0.658 max_rms=0.718 min_rms=0.471 std=0.071 var=0.005 state=standing thr=0.800/1.000/1.500
-10.31,-17.62,166.75,0.1130,0.1080,-0.1401,-0.9777,-1.71,4.03,9.48,-100.88,-16.25,-1.69,10.44,0,1.70,-0.0486,0.0499,0,0.000,0.000,0.00,0.00,0.000,0
-9.75,-12.25,166.94,0.1125,0.0973,-0.0952,-0.9843,-1.04,3.22,9.04,-89.38,-12.00,-6.81,9.65,0,1.70,-0.0426,0.0331,0,0.000,0.000,0.00,0.00,0.000,0
-9.56,-5.50,167.06,0.1115,0.0872,-0.0305,-0.9894,-1.17,1.29,9.45,-92.19,-9.12,-11.81,9.61,0,1.70,-0.0359,0.0082,0,0.000,0.000,0.00,0.00,0.000,0
-9.06,1.12,166.94,0.1130,0.0775,0.0190,-0.9904,-1.70,0.64,9.26,-70.75,-15.75,9.56,9.44,0,1.70,-0.0298,-0.0110,0,0.000,0.000,0.00,0.00,0.000,0
phase1 acc_mag=9.998 gravity=9.954 motion=0.044 moving_avg=0.401 rms=0.561 mean_rms=0.676 max_rms=0.718 min_rms=0.561 std=0.040 var=0.002 state=standing thr=0.757/0.957/1.457
-7.62,5.06,166.06,0.1208,0.0610,0.0518,-0.9894,-1.24,-0.28,9.82,-58.94,-27.44,4.12,9.90,0,1.70,-0.0217,-0.0235,0,0.000,0.000,0.00,0.00,0.000,0
-6.00,8.50,166.31,0.1187,0.0403,0.0834,-0.9886,-1.74,-1.32,9.49,-47.06,-33.94,-3.56,9.74,0,1.70,-0.0120,-0.0349,0,0.000,0.000,0.00,0.00,0.000,0
-3.06,10.38,165.19,0.1283,0.0149,0.0934,-0.9872,0.05,-0.64,9.05,-1.62,-40.25,21.44,9.07,0,1.70,-0.0011,-0.0377,0,0.000,0.000,0.00,0.00,0.000,0
-0.56,10.12,163.62,0.1431,-0.0115,0.0874,-0.9858,-0.03,-1.35,9.83,0.38,-53.81,20.81,9.92,0,1.70,0.0096,-0.0338,0,0.000,0.000,0.00,0.00,0.000,0
phase1 acc_mag=9.551 gravity=9.903 motion=0.351 moving_avg=0.296 rms=0.395 mean_rms=0.624 max_rms=0.718 min_rms=0.394 std=0.109 var=0.012 state=standing thr=0.842/1.042/1.542
3.19,8.06,163.75,0.1407,-0.0377,0.0656,-0.9872,0.09,2.38,8.62,93.38,-83.12,-7.44,8.94,0,1.70,0.0186,-0.0238,0,0.000,0.000,0.00,0.00,0.000,0
9.31,4.81,164.50,0.1334,-0.0932,0.0262,-0.9863,1.91,0.27,9.55,38.94,-89.19,-13.50,9.74,0,1.70,0.0382,-0.0054,0,0.000,0.000,0.00,0.00,0.000,0
15.12,3.06,165.00,0.1293,-0.1342,0.0090,-0.9824,2.85,0.47,9.29,5.56,-60.06,-5.94,9.73,0,1.70,0.0532,0.0034,0,0.000,0.000,0.00,0.00,0.000,0
19.50,3.56,164.56,0.1321,-0.1719,0.0069,-0.9762,3.09,0.29,8.82,4.06,-78.31,11.62,9.35,0,1.70,0.0675,0.0064,0,0.000,0.000,0.00,0.00,0.000,0
phase1 acc_mag=9.767 gravity=9.841 motion=0.074 moving_avg=0.266 rms=0.346 mean_rms=0.554 max_rms=0.718 min_rms=0.346 std=0.137 var=0.019 state=standing thr=0.828/1.028/1.528
23.94,3.75,163.75,0.1392,-0.2166,-0.0001,-0.9663,3.93,0.73,9.64,10.38,-79.12,13.12,10.44,0,1.70,0.0837,0.0121,0,0.000,0.000,0.00,0.00,0.000,0
33.38,4.56,161.81,0.1508,-0.2896,-0.0108,-0.9451,5.51,0.15,6.79,18.44,-157.62,20.12,8.75,0,1.70,0.1088,0.0216,0,0.000,0.000,0.00,0.00,0.000,0
42.06,5.62,159.88,0.1653,-0.3701,-0.0258,-0.9138,6.39,0.50,6.65,13.19,-123.44,19.56,9.24,0,1.70,0.1336,0.0339,0,0.000,0.000,0.00,0.00,0.000,0
phase1 acc_mag=9.355 gravity=9.783 motion=0.428 moving_avg=0.289 rms=0.377 mean_rms=0.482 max_rms=0.694 min_rms=0.335 std=0.127 var=0.016 state=standing thr=0.735/0.935/1.435
49.31,7.19,157.56,0.1761,-0.4187,-0.0370,-0.8901,7.54,0.29,5.53,17.31,-74.31,12.25,9.36,0,1.70,0.1465,0.0427,0,0.000,0.000,0.00,0.00,0.000,0
54.75,8.69,155.00,0.1916,-0.4609,-0.0517,-0.8649,7.88,0.29,5.14,22.50,-63.50,24.62,9.41,0,1.70,0.1555,0.0532,0,0.000,0.000,0.00,0.00,0.000,0
58.88,8.12,154.38,0.1925,-0.4894,-0.0681,-0.8478,8.92,1.12,4.75,25.19,-59.25,-6.88,10.17,0,1.70,0.1607,0.0608,0,0.000,0.000,0.00,0.00,0.000,0
61.50,6.75,155.12,0.1837,-0.5100,-0.0798,-0.8365,9.50,0.33,4.62,5.06,-43.38,-14.31,10.57,0,1.70,0.1648,0.0642,0,0.000,0.000,0.00,0.00,0.000,0
phase1 acc_mag=9.482 gravity=9.745 motion=0.263 moving_avg=0.329 rms=0.422 mean_rms=0.426 max_rms=0.650 min_rms=0.335 std=0.081 var=0.007 state=standing thr=0.589/0.789/1.289
63.12,4.94,155.56,0.1801,-0.5171,-0.0886,-0.8320,7.14,0.57,4.34,8.94,-20.12,-7.44,8.37,0,1.70,0.1657,0.0667,0,0.000,0.000,0.00,0.00,0.000,0
65.19,4.94,156.19,0.1735,-0.5319,-0.0899,-0.8239,9.08,1.04,3.69,-6.19,-20.88,-6.62,9.86,0,1.70,0.1691,0.0665,0,0.000,0.000,0.00,0.00,0.000,0
66.88,5.88,156.56,0.1692,-0.5469,-0.0884,-0.8152,9.62,0.96,3.53,-2.81,-21.94,3.94,10.29,0,1.70,0.1723,0.0658,0,0.000,0.000,0.00,0.00,0.000,0
68.62,7.62,157.19,0.1631,-0.5594,-0.0828,-0.8085,9.35,0.48,3.24,-14.62,-36.88,11.00,9.91,0,1.70,0.1755,0.0633,0,0.000,0.000,0.00,0.00,0.000,0
phase1 acc_mag=10.329 gravity=9.654 motion=0.675 moving_avg=0.395 rms=0.503 mean_rms=0.404 max_rms=0.503 min_rms=0.335 std=0.040 var=0.002 state=slow thr=0.484/0.684/1.184
70.25,10.88,157.25,0.1615,-0.5755,-0.0740,-0.7983,9.40,-0.05,2.83,-10.44,-25.44,20.75,9.82,0,1.70,0.1790,0.0608,0,0.000,0.000,0.00,0.00,0.000,0
71.50,15.12,156.69,0.1628,-0.5850,-0.0680,-0.7916,9.84,0.20,2.59,-2.31,-9.69,7.19,10.18,0,1.70,0.1808,0.0596,0,0.000,0.000,0.00,0.00,0.000,0
71.50,14.75,157.31,0.1589,-0.5853,-0.0665,-0.7923,8.54,0.13,2.49,1.56,1.69,-4.06,8.90,0,1.70,0.1813,0.0583,0,0.000,0.000,0.00,0.00,0.000,0
71.25,13.75,157.44,0.1576,-0.5815,-0.0682,-0.7952,9.39,-0.10,3.02,-0.88,17.75,-9.81,9.86,0,1.70,0.1807,0.0584,0,0.000,0.000,0.00,0.00,0.000,0
phase1 acc_mag=9.818 gravity=9.634 motion=0.184 moving_avg=0.405 rms=0.507 mean_rms=0.425 max_rms=0.521 min_rms=0.335 std=0.061 var=0.004 state=standing thr=0.547/0.747/1.247
68.06,9.50,158.38,0.1551,-0.5580,-0.0685,-0.8123,8.95,0.07,2.92,0.00,87.56,-20.75,9.41,0,1.70,0.1771,0.0569,0,0.000,0.000,0.00,0.00,0.000,0
62.69,6.88,159.06,0.1547,-0.5107,-0.0604,-0.8435,7.77,0.13,4.24,0.00,113.06,-5.56,8.85,0,1.70,0.1686,0.0520,0,0.000,0.000,0.00,0.00,0.000,0
55.56,6.50,159.25,0.1589,-0.4657,-0.0482,-0.8692,6.07,-0.32,6.98,-11.62,100.19,3.38,9.26,0,1.70,0.1589,0.0463,0,0.000,0.000,0.00,0.00,0.000,0
51.44,6.44,159.69,0.1586,-0.4346,-0.0382,-0.8857,8.96,0.48,5.37,-13.88,84.44,-7.50,10.46,0,1.70,0.1516,0.0411,0,0.000,0.000,0.00,0.00,0.000,0
phase1 acc_mag=10.298 gravity=9.634 motion=0.664 moving_avg=0.488 rms=0.588 mean_rms=0.466 max_rms=0.588 min_rms=0.336 std=0.073 var=0.005 state=standing thr=0.612/0.812/1.312
44.56,6.50,161.31,0.1500,-0.3818,-0.0185,-0.9118,7.45,-0.05,6.21,-27.81,103.75,-6.12,9.70,0,1.70,0.1382,0.0296,0,0.000,0.000,0.00,0.00,0.000,0
31.44,6.94,163.88,0.1346,-0.2763,0.0153,-0.9515,5.00,-0.77,7.74,-49.88,232.94,-21.94,9.25,0,1.70,0.1060,0.0091,0,0.000,0.000,0.00,0.00,0.000,0
17.88,8.38,167.44,0.1027,-0.1486,0.0558,-0.9820,1.51,-1.52,9.38,-32.62,187.25,-50.56,9.62,0,1.70,0.0606,-0.0158,0,0.000,0.000,0.00,0.00,0.000,0
6.38,10.06,169.75,0.0883,-0.0635,0.0825,-0.9907,0.39,-1.06,9.72,-16.88,141.94,-10.19,9.79,0,1.70,0.0281,-0.0304,0,0.000,0.000,0.00,0.00,0.000,0
phase1 acc_mag=9.604 gravity=9.637 motion=0.033 moving_avg=0.489 rms=0.607 mean_rms=0.515 max_rms=0.616 min_rms=0.390 std=0.069 var=0.005 state=standing thr=0.654/0.854/1.354
0.31,11.56,170.38,0.0842,-0.0045,0.1025,-0.9911,-0.47,-2.33,9.37,-15.69,80.25,18.81,9.67,0,1.70,0.0052,-0.0405,0,0.000,0.000,0.00,0.00,0.000,0
-6.31,11.38,170.38,0.0833,0.0473,0.1031,-0.9901,-1.86,-2.01,9.95,7.50,82.88,-10.81,10.32,0,1.70,-0.0153,-0.0424,0,0.000,0.000,0.00,0.00,0.000,0
-12.38,10.75,171.50,0.0729,0.1013,0.1003,-0.9871,-2.42,-1.43,10.09,8.06,95.38,-5.31,10.47,0,1.70,-0.0371,-0.0425,0,0.000,0.000,0.00,0.00,0.000,0
-17.94,11.50,171.75,0.0699,0.1572,0.1084,-0.9791,-2.78,-1.24,9.14,-5.88,92.38,5.56,9.63,0,1.70,-0.0585,-0.0468,0,0.000,0.000,0.00,0.00,0.000,0
phase1 acc_mag=9.310 gravity=9.661 motion=0.351 moving_avg=0.481 rms=0.594 mean_rms=0.559 max_rms=0.629 min_rms=0.454 std=0.051 var=0.003 state=standing thr=0.661/0.861/1.361
-25.12,12.62,171.56,0.0713,0.2108,0.1181,-0.9678,-4.55,-0.90,8.94,-5.81,89.25,16.81,10.07,0,1.70,-0.0782,-0.0517,0,0.000,0.000,0.00,0.00,0.000,0
-31.12,14.38,170.81,0.0754,0.2708,0.1364,-0.9500,-4.96,-1.51,8.05,-34.75,122.94,4.69,9.58,0,1.70,-0.0988,-0.0600,0,0.000,0.000,0.00,0.00,0.000,0
-39.00,17.81,171.00,0.0729,0.3267,0.1534,-0.9297,-5.90,-2.39,7.74,-16.06,112.69,12.69,10.02,0,1.70,-0.1170,-0.0666,0,0.000,0.000,0.00,0.00,0.000,0
-48.56,23.00,170.88,0.0710,0.4056,0.1769,-0.8939,-10.07,-4.34,6.93,-47.75,139.12,1.38,12.97,0,1.70,-0.1400,-0.0748,0,0.000,0.000,0.00,0.00,0.000,0
phase1 acc_mag=10.742 gravity=9.786 motion=0.955 moving_avg=0.597 rms=0.840 mean_rms=0.591 max_rms=0.840 min_rms=0.507 std=0.054 var=0.003 state=slow thr=0.699/0.899/1.399
-55.19,27.56,172.06,0.0598,0.4619,0.1844,-0.8655,-8.95,-2.44,5.86,-23.25,142.31,-39.81,10.97,0,1.70,-0.1555,-0.0749,0,0.000,0.000,0.00,0.00,0.000,0
-59.94,33.44,174.44,0.0406,0.5059,0.1885,-0.8408,-8.01,-2.10,4.64,28.62,80.94,9.94,9.49,0,1.70,-0.1671,-0.0716,0,0.000,0.000,0.00,0.00,0.000,0
-64.50,45.81,177.50,0.0158,0.5621,0.2073,-0.8005,-10.38,-3.50,3.49,-35.25,103.75,-23.25,11.50,0,1.70,-0.1787,-0.0699,0,0.000,0.000,0.00,0.00,0.000,0
-68.19,61.62,178.19,0.0121,0.6019,0.2226,-0.7668,-9.06,-3.69,1.63,-48.50,100.50,-27.38,9.92,0,1.70,-0.1836,-0.0712,0,0.000,0.000,0.00,0.00,0.000,0
phase1 acc_mag=10.785 gravity=9.751 motion=1.035 moving_avg=0.755 rms=1.032 mean_rms=0.687 max_rms=1.032 min_rms=0.557 std=0.161 var=0.026 state=slow thr=1.009/1.209/1.709
-69.19,76.25,178.88,0.0070,0.6366,0.2418,-0.7323,-10.39,-2.91,1.32,-29.62,60.94,-4.00,10.87,2,0.20,-0.1858,-0.0726,0,0.000,0.000,0.00,0.00,0.000,0
-69.00,89.06,179.50,0.0030,0.6574,0.2548,-0.7092,-10.61,-3.28,1.15,-21.12,53.50,-11.75,11.16,2,0.20,-0.1862,-0.0731,0,0.000,0.000,0.00,0.00,0.000,0
-68.62,95.19,179.75,0.0014,0.6700,0.2623,-0.6945,-9.60,-3.27,0.35,-3.25,13.25,1.94,10.15,2,0.20,-0.1860,-0.0732,0,0.000,0.000,0.00,0.00,0.000,0
-69.50,92.50,180.06,-0.0007,0.6678,0.2486,-0.7016,-9.37,-3.10,0.07,30.31,-38.44,24.56,9.87,2,0.20,-0.1875,-0.0696,0,0.000,0.000,0.00,0.00,0.000,0
phase1 acc_mag=9.103 gravity=9.898 motion=0.795 moving_avg=0.789 rms=1.054 mean_rms=0.787 max_rms=1.060 min_rms=0.577 std=0.203 var=0.041 state=standing thr=1.194/1.394/1.894
-71.31,79.50,178.75,0.0076,0.6489,0.2234,-0.7273,-10.44,-2.78,1.59,31.31,-68.06,31.31,10.92,2,0.20,-0.1881,-0.0670,0,0.000,0.000,0.00,0.00,0.000,0
-69.88,50.94,176.31,0.0250,0.5963,0.1904,-0.7795,-8.12,-3.34,2.62,27.31,-215.12,10.69,9.16,0,1.70,-0.1840,-0.0653,0,0.000,0.000,0.00,0.00,0.000,0
-61.69,28.50,173.25,0.0530,0.5047,0.1608,-0.8465,-6.97,-1.88,4.18,24.31,-148.94,38.19,8.34,0,1.70,-0.1675,-0.0651,0,0.000,0.000,0.00,0.00,0.000,0
-53.62,16.56,171.25,0.0674,0.4461,0.1300,-0.8829,-9.07,-1.76,6.22,54.31,-100.44,11.12,11.14,0,1.70,-0.1540,-0.0579,0,0.000,0.000,0.00,0.00,0.000,0
phase1 acc_mag=10.839 gravity=10.078 motion=0.761 moving_avg=0.930 rms=1.175 mean_rms=0.902 max_rms=1.175 min_rms=0.577 std=0.216 var=0.047 state=standing thr=1.334/1.534/2.034
-45.75,9.19,172.25,0.0618,0.3849,0.0869,-0.9167,-8.79,0.27,8.05,60.69,-138.75,0.50,11.92,0,1.70,-0.1390,-0.0414,0,0.000,0.000,0.00,0.00,0.000,0
-36.12,3.94,172.81,0.0595,0.3080,0.0490,-0.9482,-5.66,0.25,7.43,73.25,-167.44,-1.88,9.34,0,1.70,-0.1157,-0.0259,0,0.000,0.000,0.00,0.00,0.000,0
-28.56,-1.06,174.69,0.0462,0.2405,-0.0031,-0.9695,-6.50,6.43,6.55,59.38,-82.44,31.00,11.25,0,1.70,-0.0933,-0.0033,0,0.000,0.000,0.00,0.00,0.000,0
-21.50,-4.62,173.75,0.0532,0.1888,-0.0281,-0.9802,-2.52,3.89,8.67,12.19,-128.00,45.38,9.83,0,1.70,-0.0746,0.0070,0,0.000,0.000,0.00,0.00,0.000,0
phase1 acc_mag=10.382 gravity=10.135 motion=0.246 moving_avg=1.067 rms=1.301 mean_rms=1.028 max_rms=1.301 min_rms=0.577 std=0.192 var=0.037 state=standing thr=1.413/1.613/2.113
-12.88,-1.69,171.19,0.0758,0.1133,-0.0059,-0.9907,-1.33,-0.35,9.64,-39.25,-154.44,57.50,9.74,0,1.70,-0.0451,-0.0011,0,0.000,0.000,0.00,0.00,0.000,0
-4.12,-0.50,166.38,0.1252,0.0269,0.0026,-0.9918,0.00,1.54,9.35,-40.62,-118.25,90.94,9.48,0,1.70,-0.0105,-0.0024,0,0.000,0.000,0.00,0.00,0.000,0
1.19,1.62,161.31,0.1619,-0.0128,0.0126,-0.9866,0.87,0.80,9.77,-44.44,-34.38,65.38,9.84,0,1.70,0.0059,-0.0041,0,0.000,0.000,0.00,0.00,0.000,0
phase1 acc_mag=10.337 gravity=10.049 motion=0.288 moving_avg=0.894 rms=1.080 mean_rms=1.139 max_rms=1.318 min_rms=0.971 std=0.105 var=0.011 state=standing thr=1.348/1.548/2.048
1.69,3.69,158.56,0.1849,-0.0204,0.0307,-0.9821,0.87,0.09,10.30,-18.00,6.50,7.94,10.34,0,1.70,0.0103,-0.0106,0,0.000,0.000,0.00,0.00,0.000,0
1.31,4.19,158.69,0.1843,-0.0181,0.0338,-0.9821,0.61,-0.54,9.85,4.25,5.25,-1.06,9.88,0,1.70,0.0096,-0.0119,0,0.000,0.000,0.00,0.00,0.000,0
0.50,3.62,159.19,0.1812,-0.0096,0.0305,-0.9829,-0.62,0.30,9.89,0.44,7.19,11.19,9.91,0,1.70,0.0060,-0.0113,0,0.000,0.000,0.00,0.00,0.000,0
0.00,3.69,158.75,0.1840,-0.0064,0.0317,-0.9824,0.24,1.39,9.72,1.12,7.56,-4.25,9.82,0,1.70,0.0048,-0.0120,0,0.000,0.000,0.00,0.00,0.000,0
phase1 acc_mag=9.754 gravity=10.070 motion=0.316 moving_avg=0.719 rms=0.952 mean_rms=1.136 max_rms=1.318 min_rms=0.951 std=0.109 var=0.012 state=standing thr=1.354/1.554/2.054
-0.12,4.56,158.06,0.1899,-0.0063,0.0399,-0.9810,0.30,0.19,9.54,-7.81,-1.81,7.06,9.55,0,1.70,0.0055,-0.0152,0,0.000,0.000,0.00,0.00,0.000,0
-0.44,4.69,158.38,0.1842,-0.0033,0.0419,-0.9820,0.32,-0.63,10.45,-6.25,9.56,-37.62,10.47,0,1.70,0.0044,-0.0162,0,0.000,0.000,0.00,0.00,0.000,0
-1.75,4.50,162.56,0.1511,0.0093,0.0415,-0.9876,-1.31,-0.72,9.88,11.31,31.56,-87.62,9.99,0,1.70,-0.0012,-0.0170,0,0.000,0.000,0.00,0.00,0.000,0
-2.56,4.44,167.12,0.1061,0.0195,0.0438,-0.9932,-0.41,1.12,9.83,-29.44,24.25,-66.44,9.90,0,1.70,-0.0059,-0.0182,0,0.000,0.000,0.00,0.00,0.000,0
phase1 acc_mag=10.092 gravity=9.958 motion=0.134 moving_avg=0.633 rms=0.899 mean_rms=1.111 max_rms=1.318 min_rms=0.899 std=0.136 var=0.019 state=standing thr=1.383/1.583/2.083
-3.00,6.00,172.19,0.0678,0.0228,0.0540,-0.9960,-1.01,-0.13,10.30,-3.56,0.94,-61.69,10.35,0,1.70,-0.0076,-0.0221,0,0.000,0.000,0.00,0.00,0.000,0
-1.75,6.62,177.06,0.0250,0.0139,0.0584,-0.9979,-0.37,-0.09,9.58,-10.75,-8.19,-69.00,9.59,0,1.70,-0.0050,-0.0235,0,0.000,0.000,0.00,0.00,0.000,0
0.12,7.00,185.06,-0.0562,0.0007,0.0612,-0.9965,0.36,0.31,9.06,5.50,-10.19,-129.25,9.07,0,1.70,-0.0017,-0.0244,0,0.000,0.000,0.00,0.00,0.000,0
phase1 acc_mag=9.872 gravity=9.887 motion=0.015 moving_avg=0.462 rms=0.703 mean_rms=1.032 max_rms=1.318 min_rms=0.703 std=0.190 var=0.036 state=standing thr=1.413/1.613/2.113
0.00,6.94,195.38,-0.1336,0.0076,0.0605,-0.9891,-1.01,-0.08,9.82,2.88,38.00,-181.50,9.87,0,1.70,-0.0063,-0.0235,0,0.000,0.000,0.00,0.00,0.000,0
-0.50,7.31,207.88,-0.2404,0.0199,0.0610,-0.9686,-1.37,0.49,9.92,2.81,17.25,-114.12,10.03,0,1.70,-0.0136,-0.0217,0,0.000,0.000,0.00,0.00,0.000,0
-0.31,7.81,215.69,-0.3060,0.0236,0.0643,-0.9495,-0.93,-1.31,10.28,-8.81,24.56,-135.56,10.40,0,1.70,-0.0168,-0.0215,0,0.000,0.000,0.00,0.00,0.000,0
-0.50,7.94,222.38,-0.3705,0.0308,0.0641,-0.9261,-0.60,-1.25,10.17,-16.12,17.44,-124.00,10.26,0,1.70,-0.0209,-0.0192,0,0.000,0.000,0.00,0.00,0.000,0
phase1 acc_mag=9.679 gravity=9.846 motion=0.167 moving_avg=0.303 rms=0.433 mean_rms=0.888 max_rms=1.318 min_rms=0.433 std=0.236 var=0.056 state=standing thr=1.361/1.561/2.061
-0.44,8.75,232.06,-0.4453,0.0384,0.0677,-0.8920,-1.69,-1.04,9.80,-12.00,22.88,-126.12,10.00,0,1.70,-0.0258,-0.0173,0,0.000,0.000,0.00,0.00,0.000,0
0.31,9.44,239.38,-0.5009,0.0383,0.0739,-0.8615,-0.21,-0.78,9.76,-7.31,2.00,-109.12,9.79,0,1.70,-0.0280,-0.0178,0,0.000,0.000,0.00,0.00,0.000,0
0.88,9.88,244.44,-0.5314,0.0393,0.0773,-0.8427,-0.65,-1.43,9.92,-2.06,-0.94,-57.12,10.04,0,1.70,-0.0297,-0.0177,0,0.000,0.000,0.00,0.00,0.000,0
1.38,9.88,246.88,-0.5493,0.0374,0.0786,-0.8311,-0.13,-1.43,9.54,-2.50,-7.25,-23.88,9.65,0,1.70,-0.0297,-0.0179,0,0.000,0.000,0.00,0.00,0.000,0
phase1 acc_mag=9.925 gravity=9.912 motion=0.014 moving_avg=0.221 rms=0.283 mean_rms=0.708 max_rms=1.065 min_rms=0.283 std=0.258 var=0.066 state=standing thr=1.224/1.424/1.924
1.38,9.94,244.25,-0.5299,0.0357,0.0800,-0.8435,-1.43,-1.56,9.63,1.19,-23.56,129.50,9.86,0,1.70,-0.0290,-0.0194,0,0.000,0.000,0.00,0.00,0.000,0
1.12,9.50,235.50,-0.4517,0.0287,0.0772,-0.8884,-0.12,-1.06,9.67,18.88,-18.56,158.19,9.73,0,1.70,-0.0241,-0.0223,0,0.000,0.000,0.00,0.00,0.000,0
0.44,8.75,223.88,-0.3727,0.0250,0.0722,-0.9248,-0.88,-1.10,9.71,4.56,-6.38,117.25,9.81,0,1.70,-0.0200,-0.0230,0,0.000,0.000,0.00,0.00,0.000,0
-0.12,8.06,216.62,-0.3035,0.0228,0.0651,-0.9503,-0.49,-0.86,9.61,15.06,-11.31,122.38,9.66,0,1.70,-0.0166,-0.0220,0,0.000,0.000,0.00,0.00,0.000,0
phase1 acc_mag=9.839 gravity=9.902 motion=0.063 moving_avg=0.219 rms=0.286 mean_rms=0.567 max_rms=0.943 min_rms=0.281 std=0.255 var=0.065 state=standing thr=1.078/1.278/1.778
-1.19,6.38,209.38,-0.2537,0.0244,0.0512,-0.9656,-0.44,-0.51,9.86,38.25,3.25,107.19,9.88,0,1.70,-0.0146,-0.0173,0,0.000,0.000,0.00,0.00,0.000,0
-1.31,3.56,200.00,-0.1736,0.0172,0.0291,-0.9843,-0.48,-0.16,10.37,27.38,-7.00,135.81,10.38,0,1.70,-0.0088,-0.0102,0,0.000,0.000,0.00,0.00,0.000,0
-1.44,0.19,190.75,-0.0774,0.0121,-0.0033,-0.9969,-1.93,1.74,9.36,47.88,-7.00,199.56,9.71,0,1.70,-0.0047,0.0017,0,0.000,0.000,0.00,0.00,0.000,0
-0.81,-1.31,177.00,0.0259,0.0079,-0.0117,-0.9996,-0.42,1.15,9.89,12.50,-3.50,152.06,9.97,0,1.70,-0.0033,0.0046,0,0.000,0.000,0.00,0.00,0.000,0
phase1 acc_mag=9.717 gravity=9.926 motion=0.209 moving_avg=0.225 rms=0.293 mean_rms=0.435 max_rms=0.858 min_rms=0.281 std=0.192 var=0.037 state=standing thr=0.820/1.020/1.520
-0.12,-1.44,167.38,0.1095,0.0026,-0.0125,-0.9939,0.71,0.82,10.07,0.88,-15.94,200.69,10.13,0,1.70,-0.0016,0.0049,0,0.000,0.000,0.00,0.00,0.000,0
0.62,-1.81,155.44,0.2266,-0.0024,-0.0174,-0.9738,0.91,0.61,10.02,3.00,1.56,170.50,10.08,0,1.70,-0.0006,0.0070,0,0.000,0.000,0.00,0.00,0.000,0
0.75,-2.12,143.44,0.3135,-0.0004,-0.0201,-0.9493,2.11,1.62,9.68,13.38,12.00,129.38,10.04,0,1.70,-0.0024,0.0077,0,0.000,0.000,0.00,0.00,0.000,0
-0.94,-2.12,137.19,0.3731,0.0182,-0.0140,-0.9275,0.04,0.91,9.82,-0.31,36.94,118.00,9.86,0,1.70,-0.0088,0.0025,0,0.000,0.000,0.00,0.00,0.000,0
phase1 acc_mag=9.846 gravity=9.938 motion=0.092 moving_avg=0.188 rms=0.243 mean_rms=0.331 max_rms=0.689 min_rms=0.241 std=0.101 var=0.010 state=standing thr=0.534/0.734/1.234
-3.31,-2.88,129.69,0.4243,0.0368,-0.0104,-0.9047,0.32,1.12,9.68,13.50,33.31,85.75,9.75,0,1.70,-0.0151,-0.0025,0,0.000,0.000,0.00,0.00,0.000,0
-5.25,-3.69,124.44,0.4653,0.0557,-0.0072,-0.8834,-0.74,0.48,10.16,-0.12,32.69,73.25,10.20,0,1.70,-0.0210,-0.0078,0,0.000,0.000,0.00,0.00,0.000,0
-6.75,-4.88,120.38,0.5014,0.0742,-0.0080,-0.8620,-0.44,1.70,9.83,11.50,20.50,83.25,9.99,0,1.70,-0.0272,-0.0121,0,0.000,0.000,0.00,0.00,0.000,0
-9.19,-4.88,114.50,0.5383,0.0906,0.0078,-0.8378,-1.22,1.44,10.06,-19.81,41.19,76.56,10.24,0,1.70,-0.0287,-0.0221,0,0.000,0.000,0.00,0.00,0.000,0
phase1 acc_mag=9.752 gravity=9.943 motion=0.190 moving_avg=0.173 rms=0.227 mean_rms=0.276 max_rms=0.356 min_rms=0.227 std=0.028 var=0.001 state=standing thr=0.332/0.532/1.032
-11.06,-3.94,108.69,0.5797,0.0985,0.0286,-0.8083,-1.33,0.61,9.69,-32.69,40.56,79.88,9.80,0,1.70,-0.0252,-0.0321,0,0.000,0.000,0.00,0.00,0.000,0
-12.81,-3.06,101.56,0.6362,0.1030,0.0532,-0.7628,-1.66,1.18,9.88,-43.81,22.19,122.00,10.09,0,1.70,-0.0179,-0.0424,0,0.000,0.000,0.00,0.00,0.000,0
-13.19,-2.62,91.69,0.6918,0.0981,0.0639,-0.7125,-2.32,2.32,10.21,-20.56,-0.19,111.25,10.72,0,1.70,-0.0103,-0.0454,0,0.000,0.000,0.00,0.00,0.000,0
-11.75,-1.69,83.50,0.7473,0.0775,0.0670,-0.6566,-2.57,-0.82,9.38,-40.50,-17.25,105.69,9.76,0,1.70,-0.0003,-0.0408,0,0.000,0.000,0.00,0.00,0.000,0
phase1 acc_mag=9.320 gravity=9.957 motion=0.637 moving_avg=0.231 rms=0.323 mean_rms=0.267 max_rms=0.323 min_rms=0.226 std=0.028 var=0.001 state=standing thr=0.323/0.523/1.023
-11.31,-2.25,79.81,0.7631,0.0786,0.0634,-0.6384,-1.55,1.40,10.30,5.75,2.38,27.06,10.51,0,1.70,-0.0007,-0.0402,0,0.000,0.000,0.00,0.00,0.000,0
-11.00,-1.75,80.81,0.7528,0.0731,0.0638,-0.6511,-3.32,-0.63,9.52,-2.75,-3.44,-90.00,10.10,0,1.70,0.0002,-0.0386,0,0.000,0.000,0.00,0.00,0.000,0
-10.69,0.00,93.50,0.6821,0.0681,0.0642,-0.7252,-1.89,1.43,10.17,-2.69,0.62,-200.81,10.44,0,1.70,-0.0022,-0.0372,0,0.000,0.000,0.00,0.00,0.000,0
phase1 acc_mag=8.480 gravity=9.962 motion=1.482 moving_avg=0.280 rms=0.423 mean_rms=0.276 max_rms=0.423 min_rms=0.226 std=0.040 var=0.002 state=slow thr=0.356/0.556/1.056
-8.00,3.12,113.62,0.5458,0.0436,0.0609,-0.8346,-1.93,0.36,8.25,12.62,-20.12,-364.94,8.48,0,1.70,-0.0013,-0.0299,0,0.000,0.000,0.00,0.00,0.000,0
-4.12,2.81,139.69,0.3441,0.0257,0.0359,-0.9379,-0.74,-1.01,8.90,76.00,10.44,-339.56,8.99,0,1.70,-0.0047,-0.0170,1,0.668,0.000,0.00,0.00,0.668,0
-1.06,-0.19,155.38,0.2100,0.0018,0.0021,-0.9777,-1.74,8.01,8.56,-42.50,-88.12,-38.56,11.85,0,1.70,-0.0005,-0.0010,1,0.668,0.000,0.00,0.00,0.668,0
3.06,4.94,154.81,0.2173,-0.0359,0.0362,-0.9748,2.48,-0.75,10.66,-93.19,-20.88,38.12,10.97,0,1.70,0.0172,-0.0110,1,0.668,0.000,0.00,0.00,0.668,0
phase1 acc_mag=11.748 gravity=10.017 motion=1.730 moving_avg=0.483 rms=0.733 mean_rms=0.339 max_rms=0.733 min_rms=0.226 std=0.146 var=0.021 state=slow thr=0.631/0.831/1.331
2.94,9.12,152.81,0.2366,-0.0476,0.0752,-0.9675,-0.80,-0.76,9.68,-55.44,-31.56,32.75,9.74,0,1.70,0.0255,-0.0246,1,0.668,0.000,0.00,0.00,0.668,0
5.06,12.19,150.12,0.2557,-0.0704,0.0909,-0.9599,0.47,-3.81,10.03,-37.50,-19.19,38.50,10.74,0,1.70,0.0363,-0.0277,1,0.668,0.000,0.00,0.00,0.668,0
7.12,12.00,148.12,0.2725,-0.0890,0.0829,-0.9544,2.07,-1.16,9.47,10.81,-32.75,-5.06,9.76,0,1.70,0.0430,-0.0219,1,0.668,0.000,0.00,0.00,0.668,0
8.38,10.88,148.44,0.2688,-0.0967,0.0687,-0.9559,2.15,-1.47,9.51,20.44,-7.94,-12.50,9.86,0,1.70,0.0443,-0.0159,1,0.668,0.000,0.00,0.00,0.668,0
phase1 acc_mag=9.930 gravity=9.962 motion=0.031 moving_avg=0.582 rms=0.811 mean_rms=0.453 max_rms=0.811 min_rms=0.226 std=0.225 var=0.051 state=standing thr=0.903/1.103/1.603
8.06,9.44,149.25,0.2632,-0.0898,0.0602,-0.9587,1.00,-1.81,9.81,16.69,18.25,-14.81,10.03,0,1.70,0.0408,-0.0136,1,0.668,0.000,0.00,0.00,0.668,0
6.69,7.88,150.19,0.2558,-0.0743,0.0513,-0.9625,0.71,-0.01,9.86,17.38,28.00,-17.12,9.89,0,1.70,0.0339,-0.0121,1,0.668,0.000,0.00,0.00,0.668,0
5.44,7.12,151.00,0.2483,-0.0600,0.0483,-0.9656,0.69,0.11,10.26,4.06,19.88,-12.94,10.28,0,1.70,0.0280,-0.0127,1,0.668,0.000,0.00,0.00,0.668,0
4.06,7.25,151.00,0.2493,-0.0506,0.0525,-0.9656,1.01,-0.81,10.10,-4.62,22.75,8.81,10.18,0,1.70,0.0248,-0.0152,1,0.668,0.000,0.00,0.00,0.668,0
phase1 acc_mag=10.005 gravity=9.977 motion=0.028 moving_avg=0.591 rms=0.813 mean_rms=0.574 max_rms=0.814 min_rms=0.229 std=0.230 var=0.053 state=standing thr=1.035/1.235/1.735
2.81,7.56,150.94,0.2498,-0.0393,0.0583,-0.9658,0.70,-0.38,9.59,-3.50,16.75,-1.38,9.62,0,1.70,0.0210,-0.0186,1,0.668,0.000,0.00,0.00,0.668,0
1.69,7.56,151.50,0.2454,-0.0310,0.0602,-0.9670,0.50,-0.32,9.88,0.44,12.31,-5.44,9.90,0,1.70,0.0179,-0.0203,1,0.668,0.000,0.00,0.00,0.668,0
1.06,8.06,151.31,0.2473,-0.0262,0.0652,-0.9664,0.54,-0.83,9.75,-1.50,4.94,6.50,9.80,0,1.70,0.0166,-0.0226,1,0.668,0.000,0.00,0.00,0.668,0
0.56,7.94,150.88,0.2504,-0.0224,0.0658,-0.9656,-0.35,1.38,9.32,5.44,8.56,-4.94,9.43,0,1.70,0.0152,-0.0232,1,0.668,0.000,0.00,0.00,0.668,0
phase1 acc_mag=10.730 gravity=9.939 motion=0.790 moving_avg=0.542 rms=0.786 mean_rms=0.684 max_rms=0.814 min_rms=0.316 std=0.180 var=0.032 state=standing thr=1.044/1.244/1.744
0.06,8.06,150.88,0.2505,-0.0186,0.0678,-0.9656,-0.19,0.66,9.35,9.94,0.12,-10.69,9.38,0,1.70,0.0140,-0.0243,1,0.668,0.000,0.00,0.00,0.668,0
0.06,8.25,150.94,0.2502,-0.0194,0.0695,-0.9655,0.31,-0.37,9.56,-1.25,-4.06,2.38,9.57,0,1.70,0.0144,-0.0249,1,0.668,0.000,0.00,0.00,0.668,0
0.31,8.12,151.12,0.2484,-0.0206,0.0682,-0.9661,0.28,-0.53,9.86,-0.81,-1.81,-1.69,9.88,0,1.70,0.0147,-0.0243,1,0.668,0.000,0.00,0.00,0.668,0
phase1 acc_mag=9.809 gravity=10.037 motion=0.228 moving_avg=0.437 rms=0.649 mean_rms=0.771 max_rms=0.814 min_rms=0.556 std=0.060 var=0.004 state=standing thr=0.891/1.091/1.591
0.62,7.81,151.12,0.2485,-0.0225,0.0649,-0.9662,0.43,-0.62,9.78,-1.69,-2.12,0.25,9.81,0,1.70,0.0151,-0.0229,1,0.668,0.000,0.00,0.00,0.668,0
0.69,7.69,151.00,0.2498,-0.0229,0.0633,-0.9659,-0.10,-0.73,9.87,1.81,-2.19,1.56,9.90,0,1.70,0.0152,-0.0222,1,0.668,0.000,0.00,0.00,0.668,0
0.94,7.19,150.81,0.2511,-0.0242,0.0590,-0.9659,0.55,-0.67,9.90,-2.75,-2.31,2.19,9.94,0,1.70,0.0153,-0.0204,1,0.668,0.000,0.00,0.00,0.668,0
1.00,7.00,151.31,0.2461,-0.0237,0.0569,-0.9673,0.22,-0.79,9.97,4.31,0.94,-9.50,10.00,0,1.70,0.0148,-0.0197,1,0.668,0.000,0.00,0.00,0.668,0
phase1 acc_mag=9.307 gravity=9.920 motion=0.614 moving_avg=0.252 rms=0.329 mean_rms=0.735 max_rms=0.814 min_rms=0.329 std=0.127 var=0.016 state=standing thr=0.990/1.190/1.690
1.00,7.12,151.06,0.2490,-0.0241,0.0584,-0.9664,0.40,-1.10,9.96,-2.88,-2.25,8.06,10.03,0,1.70,0.0151,-0.0202,1,0.668,0.000,0.00,0.00,0.668,0
1.06,6.88,151.19,0.2483,-0.0240,0.0558,-0.9668,0.33,-0.37,9.72,0.06,1.44,-0.06,9.73,0,1.70,0.0148,-0.0192,1,0.668,0.000,0.00,0.00,0.668,0
0.62,6.81,151.12,0.2485,-0.0198,0.0566,-0.9668,0.20,-0.67,10.32,-2.12,5.94,-0.88,10.34,0,1.70,0.0133,-0.0199,1,0.668,0.000,0.00,0.00,0.668,0
-0.06,7.06,151.00,0.2498,-0.0149,0.0598,-0.9663,0.24,-0.53,9.47,2.56,9.31,3.94,9.49,0,1.70,0.0117,-0.0216,1,0.668,0.000,0.00,0.00,0.668,0
phase1 acc_mag=10.262 gravity=9.910 motion=0.352 moving_avg=0.233 rms=0.290 mean_rms=0.626 max_rms=0.814 min_rms=0.270 std=0.214 var=0.046 state=standing thr=1.053/1.253/1.753
-0.31,7.00,151.00,0.2502,-0.0124,0.0599,-0.9662,0.20,-0.41,9.06,2.94,2.25,6.25,9.07,0,1.70,0.0108,-0.0219,1,0.668,0.000,0.00,0.00,0.668,0
-0.31,6.62,151.00,0.2495,-0.0114,0.0569,-0.9666,0.49,-0.36,9.98,9.25,-5.25,-5.81,10.00,0,1.70,0.0101,-0.0209,1,0.668,0.000,0.00,0.00,0.668,0
-0.75,6.69,151.00,0.2493,-0.0071,0.0585,-0.9666,-0.11,-0.55,9.73,2.44,12.56,-4.81,9.75,0,1.70,0.0086,-0.0219,1,0.668,0.000,0.00,0.00,0.668,0
-1.38,6.50,151.44,0.2459,-0.0021,0.0582,-0.9675,-0.70,-0.62,9.90,1.94,6.19,-9.25,9.94,0,1.70,0.0065,-0.0223,1,0.668,0.000,0.00,0.00,0.668,0
phase1 acc_mag=9.834 gravity=9.906 motion=0.072 moving_avg=0.251 rms=0.315 mean_rms=0.520 max_rms=0.810 min_rms=0.270 std=0.220 var=0.048 state=standing thr=0.959/1.159/1.659
-1.38,6.06,152.38,0.2379,-0.0010,0.0544,-0.9698,-0.27,0.16,9.60,13.75,-0.19,-18.12,9.61,0,1.70,0.0056,-0.0210,1,0.668,0.000,0.00,0.00,0.668,0
-1.62,5.38,153.19,0.2313,0.0029,0.0490,-0.9716,0.33,-0.60,9.99,3.69,7.31,-3.94,10.01,0,1.70,0.0034,-0.0193,1,0.668,0.000,0.00,0.00,0.668,0
-2.25,4.94,153.75,0.2267,0.0094,0.0468,-0.9728,-0.02,-0.43,10.05,3.12,8.81,-3.81,10.06,0,1.70,0.0006,-0.0190,1,0.668,0.000,0.00,0.00,0.668,0
-2.75,4.81,153.94,0.2250,0.0148,0.0469,-0.9731,-0.83,0.18,9.77,6.62,10.75,-8.31,9.81,0,1.70,-0.0015,-0.0196,1,0.668,0.000,0.00,0.00,0.668,0
phase1 acc_mag=9.751 gravity=9.876 motion=0.125 moving_avg=0.225 rms=0.282 mean_rms=0.413 max_rms=0.792 min_rms=0.270 std=0.175 var=0.030 state=standing thr=0.762/0.962/1.462
-3.12,4.81,154.31,0.2217,0.0176,0.0473,-0.9738,-0.45,-0.63,9.93,-0.81,4.69,-6.50,9.96,0,1.70,-0.0027,-0.0200,1,0.668,0.000,0.00,0.00,0.668,0
-3.25,4.81,154.75,0.2177,0.0190,0.0474,-0.9747,-0.63,-0.40,9.86,0.19,1.06,-2.56,9.89,0,1.70,-0.0033,-0.0201,1,0.668,0.000,0.00,0.00,0.668,0
-3.31,4.31,155.38,0.2127,0.0204,0.0433,-0.9760,-0.59,0.26,9.93,6.62,0.88,-12.12,9.95,0,1.70,-0.0043,-0.0187,1,0.668,0.000,0.00,0.00,0.668,0
-3.31,4.06,155.75,0.2094,0.0211,0.0410,-0.9767,-0.19,-0.33,9.84,0.94,3.25,-4.25,9.85,0,1.70,-0.0048,-0.0178,1,0.668,0.000,0.00,0.00,0.668,0
phase1 acc_mag=9.663 gravity=9.887 motion=0.224 moving_avg=0.210 rms=0.267 mean_rms=0.316 max_rms=0.529 min_rms=0.267 std=0.064 var=0.004 state=standing thr=0.445/0.645/1.145
-3.62,4.12,155.75,0.2097,0.0233,0.0422,-0.9766,-0.87,-0.79,9.89,-3.25,2.75,3.06,9.96,0,1.70,-0.0056,-0.0185,1,0.668,0.000,0.00,0.00,0.668,0
-3.50,4.00,155.62,0.2108,0.0226,0.0410,-0.9764,-0.60,0.01,9.77,4.25,-3.81,-0.44,9.79,0,1.70,-0.0054,-0.0179,1,0.668,0.000,0.00,0.00,0.668,0
-3.25,3.94,155.62,0.2110,0.0205,0.0392,-0.9765,-0.27,-0.11,9.78,-1.81,-0.19,4.31,9.78,0,1.70,-0.0047,-0.0171,1,0.668,0.000,0.00,0.00,0.668,0
-3.31,3.94,155.19,0.2145,0.0212,0.0400,-0.9757,-0.92,-0.63,10.14,-4.88,1.06,1.62,10.20,0,1.70,-0.0049,-0.0174,1,0.668,0.000,0.00,0.00,0.668,0
phase1 acc_mag=10.129 gravity=9.905 motion=0.224 moving_avg=0.185 rms=0.245 mean_rms=0.285 max_rms=0.317 min_rms=0.242 std=0.022 var=0.001 state=standing thr=0.330/0.530/1.030
-3.00,4.12,155.38,0.2129,0.0170,0.0408,-0.9761,-0.74,0.00,9.90,-1.69,-15.25,-0.88,9.93,0,1.70,-0.0032,-0.0174,1,0.668,0.000,0.00,0.00,0.668,0
-1.88,4.00,155.31,0.2136,0.0089,0.0377,-0.9761,0.20,0.08,9.86,6.81,-11.44,3.69,9.86,0,1.70,-0.0002,-0.0155,1,0.668,0.000,0.00,0.00,0.668,0
-1.00,4.00,154.81,0.2177,0.0014,0.0362,-0.9753,-0.35,-0.59,9.60,2.38,-23.12,11.31,9.62,0,1.70,0.0026,-0.0142,1,0.668,0.000,0.00,0.00,0.668,0
-0.06,3.44,154.56,0.2202,-0.0059,0.0294,-0.9750,0.65,0.33,9.69,4.12,-5.56,2.69,9.72,0,1.70,0.0049,-0.0109,1,0.668,0.000,0.00,0.00,0.668,0
phase1 acc_mag=9.842 gravity=9.892 motion=0.050 moving_avg=0.142 rms=0.185 mean_rms=0.271 max_rms=0.317 min_rms=0.185 std=0.034 var=0.001 state=standing thr=0.340/0.540/1.040
-0.44,3.44,154.06,0.2239,-0.0030,0.0302,-0.9741,0.13,0.20,10.14,-7.00,6.88,15.50,10.14,0,1.70,0.0039,-0.0115,1,0.668,0.000,0.00,0.00,0.668,0
-1.00,3.56,153.50,0.2291,0.0017,0.0328,-0.9728,-0.48,-0.09,9.98,0.00,4.69,2.81,9.99,0,1.70,0.0023,-0.0129,1,0.668,0.000,0.00,0.00,0.668,0
-0.94,3.75,153.19,0.2314,0.0006,0.0338,-0.9723,0.12,-0.48,9.89,-8.88,-4.44,7.25,9.90,0,1.70,0.0029,-0.0132,1,0.668,0.000,0.00,0.00,0.668,0
phase1 acc_mag=9.478 gravity=9.902 motion=0.423 moving_avg=0.139 rms=0.182 mean_rms=0.243 max_rms=0.317 min_rms=0.174 std=0.042 var=0.002 state=standing thr=0.326/0.526/1.026
-0.69,3.69,153.31,0.2305,-0.0015,0.0330,-0.9725,0.07,0.85,9.44,-2.81,-2.06,0.88,9.48,0,1.70,0.0036,-0.0127,1,0.668,0.000,0.00,0.00,0.668,0
-0.75,4.00,153.25,0.2311,-0.0018,0.0357,-0.9723,-0.50,-0.31,9.96,-5.81,0.06,0.38,9.98,0,1.70,0.0040,-0.0137,1,0.668,0.000,0.00,0.00,0.668,0
-0.50,4.00,153.38,0.2295,-0.0037,0.0351,-0.9727,-0.09,-0.09,9.83,1.56,-1.62,-4.69,9.83,0,1.70,0.0046,-0.0133,1,0.668,0.000,0.00,0.00,0.668,0
-0.25,3.81,153.38,0.2297,-0.0051,0.0332,-0.9727,0.16,-0.31,9.84,2.56,1.06,-3.50,9.85,0,1.70,0.0050,-0.0125,1,0.668,0.000,0.00,0.00,0.668,0
phase1 acc_mag=9.937 gravity=9.896 motion=0.041 moving_avg=0.133 rms=0.176 mean_rms=0.220 max_rms=0.276 min_rms=0.174 std=0.038 var=0.001 state=standing thr=0.297/0.497/0.997
-0.44,3.75,153.38,0.2297,-0.0036,0.0329,-0.9727,0.09,-0.33,9.90,2.62,2.19,-1.12,9.91,0,1.70,0.0044,-0.0125,1,0.668,0.000,0.00,0.00,0.668,0
-0.50,3.62,153.38,0.2301,-0.0027,0.0323,-0.9726,0.11,-0.03,9.92,1.88,-0.50,1.19,9.92,0,1.70,0.0040,-0.0123,1,0.668,0.000,0.00,0.00,0.668,0
-0.56,3.50,153.50,0.2292,-0.0018,0.0309,-0.9729,0.12,-0.17,9.86,-1.75,1.31,3.38,9.86,0,1.70,0.0035,-0.0119,1,0.668,0.000,0.00,0.00,0.668,0
-0.69,3.38,153.50,0.2291,-0.0009,0.0305,-0.9730,-0.22,-0.23,9.96,-1.19,1.44,2.19,9.97,0,1.70,0.0031,-0.0118,1,0.668,0.000,0.00,0.00,0.668,0
phase1 acc_mag=9.830 gravity=9.894 motion=0.063 moving_avg=0.124 rms=0.169 mean_rms=0.200 max_rms=0.265 min_rms=0.169 std=0.032 var=0.001 state=standing thr=0.264/0.464/0.964
-0.69,3.19,153.25,0.2312,-0.0002,0.0292,-0.9725,-0.09,-0.27,9.95,-2.06,0.19,4.69,9.95,0,1.70,0.0028,-0.0113,1,0.668,0.000,0.00,0.00,0.668,0
-0.69,3.12,153.38,0.2302,-0.0003,0.0295,-0.9727,0.04,0.00,9.72,-11.50,1.44,7.06,9.72,0,1.70,0.0028,-0.0114,1,0.668,0.000,0.00,0.00,0.668,0
-0.75,3.31,153.44,0.2292,0.0001,0.0298,-0.9729,-0.14,-0.16,9.79,0.94,2.38,-0.81,9.79,0,1.70,0.0027,-0.0116,1,0.668,0.000,0.00,0.00,0.668,0
-0.81,3.19,153.56,0.2285,0.0007,0.0290,-0.9731,0.08,-0.23,9.76,0.94,0.94,0.69,9.76,0,1.70,0.0024,-0.0113,1,0.668,0.000,0.00,0.00,0.668,0
phase1 acc_mag=10.014 gravity=9.869 motion=0.145 moving_avg=0.130 rms=0.175 mean_rms=0.185 max_rms=0.240 min_rms=0.169 std=0.018 var=0.000 state=standing thr=0.221/0.421/0.921
-0.94,3.00,153.50,0.2288,0.0020,0.0275,-0.9731,-0.11,-0.09,9.82,0.00,2.19,0.69,9.82,0,1.70,0.0017,-0.0109,1,0.668,0.000,0.00,0.00,0.668,0
-1.06,2.94,153.44,0.2293,0.0033,0.0274,-0.9730,-0.25,-0.37,10.01,0.94,0.81,0.69,10.02,0,1.70,0.0012,-0.0110,1,0.668,0.000,0.00,0.00,0.668,0
-1.06,2.81,153.50,0.2291,0.0035,0.0262,-0.9730,-0.31,0.13,9.78,0.94,0.06,-2.25,9.79,0,1.70,0.0010,-0.0105,1,0.668,0.000,0.00,0.00,0.668,0
-1.06,2.75,153.50,0.2290,0.0037,0.0258,-0.9731,-0.30,-0.06,9.86,-1.12,0.56,-3.62,9.86,0,1.70,0.0009,-0.0104,1,0.668,0.000,0.00,0.00,0.668,0
phase1 acc_mag=9.867 gravity=9.870 motion=0.004 moving_avg=0.108 rms=0.149 mean_rms=0.174 max_rms=0.187 min_rms=0.149 std=0.008 var=0.000 state=standing thr=0.190/0.390/0.890
-1.00,2.69,153.69,0.2274,0.0036,0.0254,-0.9735,0.06,0.00,9.81,-3.31,1.69,-2.50,9.81,0,1.70,0.0009,-0.0102,1,0.668,0.000,0.00,0.00,0.668,0
-1.06,2.81,153.75,0.2269,0.0035,0.0264,-0.9736,0.01,-0.16,9.87,-0.75,-1.50,0.50,9.87,0,1.70,0.0010,-0.0106,1,0.668,0.000,0.00,0.00,0.668,0
-1.00,2.81,153.75,0.2266,0.0032,0.0263,-0.9736,-0.10,-0.22,9.81,-0.06,0.25,-0.44,9.81,0,1.70,0.0011,-0.0105,1,0.668,0.000,0.00,0.00,0.668,0
-1.00,2.81,153.94,0.2253,0.0034,0.0260,-0.9739,-0.26,-0.31,9.82,-1.00,0.31,-2.12,9.83,0,1.70,0.0010,-0.0104,1,0.668,0.000,0.00,0.00,0.668,0
phase1 acc_mag=9.956 gravity=9.872 motion=0.084 moving_avg=0.089 rms=0.122 mean_rms=0.164 max_rms=0.186 min_rms=0.122 std=0.017 var=0.000 state=standing thr=0.198/0.398/0.898
-1.06,2.69,154.00,0.2244,0.0037,0.0253,-0.9741,-0.35,0.10,9.72,1.69,0.31,-1.06,9.73,0,1.70,0.0008,-0.0102,1,0.668,0.000,0.00,0.00,0.668,0
-1.06,2.75,154.00,0.2248,0.0040,0.0259,-0.9741,0.21,-0.61,9.99,-10.88,2.50,4.50,10.01,0,1.70,0.0008,-0.0104,1,0.668,0.000,0.00,0.00,0.668,0
-1.19,2.88,154.06,0.2240,0.0045,0.0273,-0.9742,-0.66,-0.62,10.06,-1.94,-1.56,1.50,10.10,0,1.70,0.0007,-0.0110,1,0.668,0.000,0.00,0.00,0.668,0
-1.19,3.00,154.12,0.2234,0.0043,0.0277,-0.9743,-0.25,-0.22,9.90,1.31,-0.75,-2.75,9.91,0,1.70,0.0008,-0.0112,1,0.668,0.000,0.00,0.00,0.668,0
phase1 acc_mag=9.930 gravity=9.882 motion=0.048 moving_avg=0.097 rms=0.137 mean_rms=0.154 max_rms=0.186 min_rms=0.116 std=0.021 var=0.000 state=standing thr=0.195/0.395/0.895
-1.06,3.06,154.00,0.2244,0.0035,0.0283,-0.9741,0.08,-0.96,10.14,-5.88,-1.44,3.50,10.19,0,1.70,0.0012,-0.0113,1,0.668,0.000,0.00,0.00,0.668,0
-1.00,2.94,154.06,0.2242,0.0029,0.0274,-0.9741,-0.45,0.05,9.71,2.00,-1.19,-3.88,9.72,0,1.70,0.0013,-0.0109,1,0.668,0.000,0.00,0.00,0.668,0
-0.94,3.00,154.00,0.2244,0.0021,0.0275,-0.9741,-0.21,-0.46,10.00,-0.06,-1.06,-0.75,10.01,0,1.70,0.0017,-0.0109,1,0.668,0.000,0.00,0.00,0.668,0
phase1 acc_mag=9.764 gravity=9.880 motion=0.116 moving_avg=0.102 rms=0.136 mean_rms=0.148 max_rms=0.186 min_rms=0.116 std=0.019 var=0.000 state=standing thr=0.186/0.386/0.886
-0.81,2.94,154.00,0.2245,0.0013,0.0270,-0.9741,0.07,-0.27,9.76,0.62,-1.81,0.50,9.76,0,1.70,0.0019,-0.0107,1,0.668,0.000,0.00,0.00,0.668,0
-0.69,2.81,154.00,0.2245,0.0005,0.0253,-0.9741,0.12,-0.36,9.71,0.19,0.69,1.06,9.72,0,1.70,0.0021,-0.0099,1,0.668,0.000,0.00,0.00,0.668,0
-0.69,2.75,154.00,0.2247,0.0006,0.0250,-0.9741,-0.26,-0.02,9.63,0.88,-1.81,-0.12,9.63,0,1.70,0.0020,-0.0098,1,0.668,0.000,0.00,0.00,0.668,0
-0.56,2.75,153.94,0.2249,-0.0003,0.0249,-0.9741,-0.03,-0.54,9.93,-3.44,0.44,1.00,9.94,0,1.70,0.0024,-0.0097,1,0.668,0.000,0.00,0.00,0.668,0
phase1 acc_mag=9.783 gravity=9.878 motion=0.095 moving_avg=0.102 rms=0.131 mean_rms=0.138 max_rms=0.172 min_rms=0.116 std=0.012 var=0.000 state=standing thr=0.162/0.362/0.862
-0.56,2.75,154.00,0.2248,-0.0005,0.0251,-0.9741,0.00,-0.43,9.74,-6.12,1.06,3.62,9.75,0,1.70,0.0025,-0.0098,1,0.668,0.000,0.00,0.00,0.668,0
-0.62,2.81,153.81,0.2260,-0.0002,0.0254,-0.9738,-0.06,-0.10,9.77,1.69,0.81,-1.06,9.77,0,1.70,0.0024,-0.0099,1,0.668,0.000,0.00,0.00,0.668,0
-0.56,2.81,153.75,0.2266,-0.0004,0.0253,-0.9736,0.02,-0.24,9.77,0.25,0.19,0.38,9.77,0,1.70,0.0025,-0.0098,1,0.668,0.000,0.00,0.00,0.668,0
-0.50,2.62,153.75,0.2265,-0.0007,0.0237,-0.9737,0.27,0.15,9.60,3.75,-2.19,-0.12,9.60,0,1.70,0.0024,-0.0092,1,0.668,0.000,0.00,0.00,0.668,0
phase1 acc_mag=9.884 gravity=9.852 motion=0.032 moving_avg=0.105 rms=0.133 mean_rms=0.133 max_rms=0.146 min_rms=0.116 std=0.007 var=0.000 state=standing thr=0.147/0.350/0.850
-0.44,2.69,153.69,0.2273,-0.0016,0.0240,-0.9735,-0.19,-0.04,9.61,3.75,-2.19,-2.88,9.61,0,1.70,0.0028,-0.0092,1,0.668,0.000,0.00,0.00,0.668,0
-0.31,2.69,153.62,0.2278,-0.0026,0.0234,-0.9734,0.21,-0.32,9.74,-0.06,-0.44,1.69,9.75,0,1.70,0.0032,-0.0089,1,0.668,0.000,0.00,0.00,0.668,0
-0.25,2.56,153.56,0.2284,-0.0024,0.0224,-0.9733,0.06,0.08,9.55,1.75,0.12,-0.25,9.55,0,1.70,0.0030,-0.0085,1,0.668,0.000,0.00,0.00,0.668,0
-0.31,2.50,153.50,0.2288,-0.0024,0.0224,-0.9732,0.03,-0.40,9.84,-0.69,0.19,1.06,9.85,0,1.70,0.0030,-0.0085,1,0.668,0.000,0.00,0.00,0.668,0
phase1 acc_mag=9.581 gravity=9.829 motion=0.248 moving_avg=0.109 rms=0.139 mean_rms=0.134 max_rms=0.144 min_rms=0.116 std=0.006 var=0.000 state=standing thr=0.146/0.350/0.850
-0.31,2.50,153.50,0.2291,-0.0024,0.0222,-0.9731,0.09,-0.17,9.78,-0.62,-0.75,2.50,9.78,0,1.70,0.0030,-0.0084,1,0.668,0.000,0.00,0.00,0.668,0
-0.25,2.50,153.50,0.2288,-0.0025,0.0220,-0.9732,-0.11,-0.16,9.78,1.19,0.56,-3.12,9.78,0,1.70,0.0030,-0.0083,1,0.668,0.000,0.00,0.00,0.668,0
-0.25,2.44,153.62,0.2278,-0.0026,0.0214,-0.9734,0.15,-0.25,9.75,-0.12,0.06,0.44,9.75,0,1.70,0.0030,-0.0081,1,0.668,0.000,0.00,0.00,0.668,0
-0.31,2.38,153.62,0.2281,-0.0016,0.0211,-0.9734,-0.12,-0.05,9.66,-0.06,2.25,-1.75,9.66,0,1.70,0.0026,-0.0081,1,0.668,0.000,0.00,0.00,0.668,0
phase1 acc_mag=9.765 gravity=9.789 motion=0.024 moving_avg=0.091 rms=0.112 mean_rms=0.132 max_rms=0.144 min_rms=0.112 std=0.008 var=0.000 state=standing thr=0.148/0.350/0.850
-0.44,2.31,153.62,0.2279,-0.0008,0.0211,-0.9734,0.04,-0.25,9.72,-1.25,0.19,1.75,9.72,0,1.70,0.0022,-0.0081,1,0.668,0.000,0.00,0.00,0.668,0
-0.44,2.31,153.75,0.2269,-0.0005,0.0208,-0.9737,-0.15,-0.19,9.74,-0.31,-0.56,-1.62,9.74,0,1.70,0.0021,-0.0081,1,0.668,0.000,0.00,0.00,0.668,0
-0.38,2.44,153.94,0.2253,-0.0013,0.0217,-0.9741,-0.02,-0.44,9.70,-2.50,-0.25,-6.00,9.71,0,1.70,0.0025,-0.0083,1,0.668,0.000,0.00,0.00,0.668,0
phase1 acc_mag=9.726 gravity=9.779 motion=0.053 moving_avg=0.090 rms=0.114 mean_rms=0.126 max_rms=0.139 min_rms=0.111 std=0.009 var=0.000 state=standing thr=0.145/0.350/0.850
-0.31,2.44,153.81,0.2263,-0.0017,0.0214,-0.9738,0.16,-0.30,9.72,0.50,3.00,-1.25,9.73,0,1.70,0.0026,-0.0082,1,0.668,0.000,0.00,0.00,0.668,0
-0.50,2.38,153.69,0.2274,-0.0003,0.0213,-0.9736,-0.20,-0.26,9.77,-0.56,0.44,0.38,9.78,0,1.70,0.0021,-0.0083,1,0.668,0.000,0.00,0.00,0.668,0
-0.44,2.31,153.75,0.2269,-0.0007,0.0205,-0.9737,0.15,-0.21,9.73,-0.62,-0.12,0.00,9.73,0,1.70,0.0021,-0.0079,1,0.668,0.000,0.00,0.00,0.668,0
-0.44,2.25,153.69,0.2271,-0.0005,0.0201,-0.9737,-0.15,-0.41,9.84,0.19,0.19,0.00,9.85,0,1.70,0.0020,-0.0078,1,0.668,0.000,0.00,0.00,0.668,0
phase1 acc_mag=9.692 gravity=9.769 motion=0.076 moving_avg=0.080 rms=0.104 mean_rms=0.122 max_rms=0.139 min_rms=0.103 std=0.012 var=0.000 state=standing thr=0.146/0.350/0.850
-0.44,2.19,153.75,0.2269,-0.0006,0.0196,-0.9738,0.21,-0.30,9.78,-0.06,0.06,-0.12,9.79,0,1.70,0.0020,-0.0076,1,0.668,0.000,0.00,0.00,0.668,0
-0.44,2.12,153.69,0.2274,-0.0005,0.0194,-0.9736,-0.01,-0.34,9.75,0.81,0.31,0.31,9.76,0,1.70,0.0020,-0.0075,1,0.668,0.000,0.00,0.00,0.668,0
-0.38,2.06,153.69,0.2272,-0.0007,0.0186,-0.9737,0.03,-0.32,9.83,-1.88,-2.19,1.94,9.84,0,1.70,0.0019,-0.0072,1,0.668,0.000,0.00,0.00,0.668,0
-0.31,2.00,153.75,0.2267,-0.0013,0.0180,-0.9738,-0.10,-0.13,9.76,1.25,-0.94,0.12,9.76,0,1.70,0.0021,-0.0069,1,0.668,0.000,0.00,0.00,0.668,0
phase1 acc_mag=9.732 gravity=9.767 motion=0.035 moving_avg=0.068 rms=0.090 mean_rms=0.115 max_rms=0.139 min_rms=0.090 std=0.014 var=0.000 state=standing thr=0.142/0.350/0.850
-0.19,1.94,153.62,0.2280,-0.0020,0.0172,-0.9735,-0.05,-0.02,9.59,2.19,-0.88,-0.94,9.59,0,1.70,0.0023,-0.0065,1,0.668,0.000,0.00,0.00,0.668,0
-0.19,1.88,153.62,0.2280,-0.0020,0.0169,-0.9735,0.11,-0.26,9.80,0.25,-0.56,0.31,9.80,0,1.70,0.0023,-0.0064,1,0.668,0.000,0.00,0.00,0.668,0
-0.06,1.94,153.50,0.2288,-0.0032,0.0168,-0.9733,0.22,-0.33,9.64,-1.25,-3.38,1.62,9.65,0,1.70,0.0028,-0.0062,1,0.668,0.000,0.00,0.00,0.668,0
phase1 acc_mag=9.661 gravity=9.767 motion=0.107 moving_avg=0.068 rms=0.088 mean_rms=0.105 max_rms=0.133 min_rms=0.087 std=0.011 var=0.000 state=standing thr=0.127/0.350/0.850
0.00,1.88,153.56,0.2282,-0.0043,0.0161,-0.9734,0.09,-0.05,9.66,2.75,-1.62,-2.94,9.66,0,1.70,0.0032,-0.0059,1,0.668,0.000,0.00,0.00,0.668,0
0.12,1.88,153.62,0.2278,-0.0050,0.0158,-0.9736,0.06,-0.23,9.79,-0.50,-0.31,-1.00,9.79,0,1.70,0.0034,-0.0057,1,0.668,0.000,0.00,0.00,0.668,0
0.19,1.75,153.88,0.2258,-0.0052,0.0146,-0.9741,0.13,-0.23,9.82,1.62,0.19,-0.94,9.82,0,1.70,0.0034,-0.0052,1,0.668,0.000,0.00,0.00,0.668,0
0.06,1.50,154.00,0.2245,-0.0038,0.0128,-0.9744,-0.01,-0.04,9.79,3.00,4.19,-0.56,9.79,0,1.70,0.0026,-0.0047,1,0.668,0.000,0.00,0.00,0.668,0
phase1 acc_mag=9.811 gravity=9.763 motion=0.049 moving_avg=0.071 rms=0.094 mean_rms=0.100 max_rms=0.118 min_rms=0.087 std=0.009 var=0.000 state=standing thr=0.119/0.350/0.850
-0.12,1.38,153.81,0.2263,-0.0012,0.0122,-0.9740,-0.14,-0.34,9.89,-0.94,3.56,3.69,9.90,0,1.70,0.0016,-0.0046,1,0.668,0.000,0.00,0.00,0.668,0
-0.31,1.31,153.69,0.2271,-0.0001,0.0123,-0.9738,-0.18,-0.14,9.88,-1.19,0.38,2.19,9.88,0,1.70,0.0011,-0.0048,1,0.668,0.000,0.00,0.00,0.668,0
-0.31,1.38,153.56,0.2285,0.0002,0.0126,-0.9734,-0.20,-0.13,9.77,0.44,2.25,-0.19,9.77,0,1.70,0.0011,-0.0049,1,0.668,0.000,0.00,0.00,0.668,0
-0.31,1.38,153.38,0.2307,0.0001,0.0127,-0.9730,0.13,-0.26,9.82,-1.50,-1.50,5.06,9.82,0,1.70,0.0011,-0.0049,1,0.668,0.000,0.00,0.00,0.668,0
phase1 acc_mag=9.750 gravity=9.768 motion=0.018 moving_avg=0.058 rms=0.078 mean_rms=0.094 max_rms=0.113 min_rms=0.078 std=0.008 var=0.000 state=standing thr=0.111/0.350/0.850
-0.25,1.38,153.12,0.2324,-0.0003,0.0126,-0.9725,0.13,-0.12,9.66,1.94,-1.50,1.94,9.66,0,1.70,0.0013,-0.0049,1,0.668,0.000,0.00,0.00,0.668,0
-0.31,1.38,153.06,0.2327,0.0000,0.0125,-0.9725,-0.12,-0.02,9.83,0.88,0.12,1.38,9.83,0,1.70,0.0012,-0.0048,1,0.668,0.000,0.00,0.00,0.668,0
-0.31,1.31,153.00,0.2333,0.0000,0.0119,-0.9724,0.11,-0.18,9.74,0.50,-0.12,0.31,9.74,0,1.70,0.0011,-0.0046,1,0.668,0.000,0.00,0.00,0.668,0
-0.44,1.19,153.12,0.2322,0.0016,0.0111,-0.9726,-0.09,-0.14,9.71,3.19,2.75,-0.31,9.71,0,1.70,0.0004,-0.0045,1,0.668,0.000,0.00,0.00,0.668,0
phase1 acc_mag=9.651 gravity=9.766 motion=0.115 moving_avg=0.061 rms=0.080 mean_rms=0.089 max_rms=0.101 min_rms=0.078 std=0.007 var=0.000 state=standing thr=0.103/0.350/0.850
-0.62,1.00,152.88,0.2344,0.0035,0.0103,-0.9720,-0.10,-0.23,9.82,0.25,3.50,5.50,9.82,0,1.70,-0.0004,-0.0043,1,0.668,0.000,0.00,0.00,0.668,0
-0.69,1.00,152.81,0.2346,0.0039,0.0103,-0.9720,-0.06,-0.24,10.01,-1.19,-2.06,-0.31,10.01,0,1.70,-0.0006,-0.0044,1,0.668,0.000,0.00,0.00,0.668,0
-0.50,1.00,152.94,0.2339,0.0024,0.0100,-0.9722,0.06,0.07,9.77,-1.12,-2.06,-0.31,9.77,0,1.70,-0.0000,-0.0041,1,0.668,0.000,0.00,0.00,0.668,0
-0.38,1.00,153.06,0.2328,0.0013,0.0093,-0.9725,-0.12,0.24,9.54,-0.56,-2.50,4.50,9.54,0,1.70,0.0003,-0.0037,1,0.668,0.000,0.00,0.00,0.668,0
phase1 acc_mag=9.730 gravity=9.767 motion=0.037 moving_avg=0.068 rms=0.089 mean_rms=0.086 max_rms=0.096 min_rms=0.078 std=0.006 var=0.000 state=standing thr=0.098/0.350/0.850
-0.44,0.88,153.00,0.2332,0.0021,0.0086,-0.9724,-0.12,0.17,9.81,2.56,2.38,0.81,9.81,0,1.70,-0.0000,-0.0035,1,0.668,0.000,0.00,0.00,0.668,0
-0.56,0.88,152.88,0.2345,0.0031,0.0092,-0.9720,-0.20,-0.05,9.80,0.56,1.88,0.88,9.80,0,1.70,-0.0004,-0.0039,1,0.668,0.000,0.00,0.00,0.668,0
-0.56,0.88,152.81,0.2346,0.0032,0.0089,-0.9720,-0.14,-0.18,9.84,1.38,-0.25,-3.00,9.84,0,1.70,-0.0004,-0.0038,1,0.668,0.000,0.00,0.00,0.668,0
phase1 acc_mag=9.719 gravity=9.762 motion=0.043 moving_avg=0.067 rms=0.089 mean_rms=0.086 max_rms=0.096 min_rms=0.078 std=0.006 var=0.000 state=standing thr=0.097/0.350/0.850
-0.56,0.69,152.94,0.2338,0.0037,0.0076,-0.9722,-0.32,0.28,9.71,4.06,0.44,-4.25,9.72,0,1.70,-0.0007,-0.0033,1,0.668,0.000,0.00,0.00,0.668,0
-0.50,0.62,153.00,0.2334,0.0035,0.0065,-0.9724,0.06,-0.25,9.91,-2.31,1.62,-0.62,9.91,0,1.70,-0.0007,-0.0029,1,0.668,0.000,0.00,0.00,0.668,0
-0.62,0.56,152.81,0.2346,0.0047,0.0066,-0.9720,-0.19,0.01,9.77,-0.38,1.69,0.94,9.77,0,1.70,-0.0012,-0.0030,1,0.668,0.000,0.00,0.00,0.668,0
-0.69,0.50,152.88,0.2344,0.0051,0.0060,-0.9721,-0.06,-0.15,9.82,0.75,0.44,-1.00,9.82,0,1.70,-0.0014,-0.0028,1,0.668,0.000,0.00,0.00,0.668,0
phase1 acc_mag=9.792 gravity=9.769 motion=0.023 moving_avg=0.067 rms=0.093 mean_rms=0.086 max_rms=0.098 min_rms=0.078 std=0.006 var=0.000 state=standing thr=0.098/0.350/0.850
-0.69,0.38,152.81,0.2348,0.0055,0.0048,-0.9720,-0.22,0.31,9.62,3.69,0.88,-0.38,9.63,0,1.70,-0.0017,-0.0024,1,0.668,0.000,0.00,0.00,0.668,0
-0.81,0.31,152.81,0.2349,0.0065,0.0045,-0.9720,-0.14,-0.19,9.76,-1.44,0.81,-0.88,9.76,0,1.70,-0.0021,-0.0024,1,0.668,0.000,0.00,0.00,0.668,0
-0.88,0.19,152.88,0.2338,0.0071,0.0038,-0.9722,0.09,-0.47,9.89,-1.56,-0.50,3.19,9.90,0,1.70,-0.0024,-0.0021,1,0.668,0.000,0.00,0.00,0.668,0
-0.88,0.06,152.88,0.2343,0.0073,0.0029,-0.9721,0.07,0.07,9.85,1.62,-1.31,2.88,9.85,0,1.70,-0.0026,-0.0018,1,0.668,0.000,0.00,0.00,0.668,0
phase1 acc_mag=9.812 gravity=9.771 motion=0.042 moving_avg=0.078 rms=0.104 mean_rms=0.089 max_rms=0.105 min_rms=0.078 std=0.007 var=0.000 state=standing thr=0.104/0.350/0.850
-0.94,0.00,153.00,0.2332,0.0081,0.0020,-0.9724,-0.58,0.00,9.83,-1.56,2.88,-2.88,9.85,0,1.70,-0.0030,-0.0015,1,0.668,0.000,0.00,0.00,0.668,0
-0.69,0.00,153.25,0.2311,0.0061,0.0018,-0.9729,-0.19,0.14,9.75,-0.19,-5.19,-3.62,9.75,0,1.70,-0.0022,-0.0013,1,0.668,0.000,0.00,0.00,0.668,0
-0.50,0.06,153.50,0.2291,0.0042,0.0020,-0.9734,-0.04,0.00,9.91,-2.25,-1.19,-2.38,9.91,0,1.70,-0.0014,-0.0012,1,0.668,0.000,0.00,0.00,0.668,0
-0.31,0.19,153.69,0.2272,0.0023,0.0023,-0.9739,0.00,-0.21,9.77,-0.19,-3.81,-0.75,9.77,0,1.70,-0.0007,-0.0011,1,0.668,0.000,0.00,0.00,0.668,0
phase1 acc_mag=9.681 gravity=9.770 motion=0.090 moving_avg=0.082 rms=0.108 mean_rms=0.095 max_rms=0.108 min_rms=0.081 std=0.008 var=0.000 state=standing thr=0.111/0.350/0.850
-0.19,0.00,153.69,0.2272,0.0016,0.0007,-0.9739,0.14,0.21,9.71,2.69,1.38,1.56,9.71,0,1.70,-0.0006,-0.0004,1,0.668,0.000,0.00,0.00,0.668,0
-0.38,-0.12,153.44,0.2299,0.0045,-0.0004,-0.9732,0.00,0.08,9.84,3.31,5.19,4.25,9.84,0,1.70,-0.0018,-0.0002,1,0.668,0.000,0.00,0.00,0.668,0
-0.88,-0.31,153.19,0.2316,0.0082,-0.0012,-0.9728,-0.23,-0.10,9.74,0.81,5.06,1.56,9.74,0,1.70,-0.0033,-0.0003,1,0.668,0.000,0.00,0.00,0.668,0
phase1 acc_mag=9.880 gravity=9.775 motion=0.105 moving_avg=0.081 rms=0.106 mean_rms=0.099 max_rms=0.108 min_rms=0.085 std=0.007 var=0.000 state=standing thr=0.113/0.350/0.850
-1.12,-0.38,153.06,0.2328,0.0111,-0.0012,-0.9725,-0.43,0.14,9.87,-2.06,3.88,3.38,9.88,0,1.70,-0.0044,-0.0006,1,0.668,0.000,0.00,0.00,0.668,0
-1.06,-0.31,153.12,0.2318,0.0096,-0.0012,-0.9727,-0.15,0.12,9.76,3.19,-5.12,-2.00,9.76,0,1.70,-0.0039,-0.0004,1,0.668,0.000,0.00,0.00,0.668,0
-0.69,-0.38,153.19,0.2316,0.0071,-0.0021,-0.9728,-0.22,0.08,9.82,0.38,-4.38,-1.38,9.82,0,1.70,-0.0029,0.0002,1,0.668,0.000,0.00,0.00,0.668,0
-0.44,-0.44,153.31,0.2308,0.0048,-0.0029,-0.9730,0.05,0.16,9.85,1.50,-3.12,-1.50,9.85,0,1.70,-0.0021,0.0007,1,0.668,0.000,0.00,0.00,0.668,0
phase1 acc_mag=9.641 gravity=9.776 motion=0.134 moving_avg=0.072 rms=0.097 mean_rms=0.102 max_rms=0.108 min_rms=0.093 std=0.005 var=0.000 state=standing thr=0.111/0.350/0.850
-0.25,-0.50,153.31,0.2305,0.0035,-0.0040,-0.9731,0.13,0.35,9.59,3.50,-1.38,1.06,9.60,0,1.70,-0.0017,0.0012,1,0.668,0.000,0.00,0.00,0.668,0
-0.25,-0.62,153.19,0.2314,0.0035,-0.0049,-0.9728,-0.31,0.24,9.85,0.62,0.62,0.56,9.86,0,1.70,-0.0018,0.0016,1,0.668,0.000,0.00,0.00,0.668,0
-0.12,-0.69,153.31,0.2304,0.0024,-0.0058,-0.9731,-0.12,0.39,9.84,-0.44,-2.50,-3.31,9.85,0,1.70,-0.0015,0.0020,1,0.668,0.000,0.00,0.00,0.668,0
0.00,-0.69,153.69,0.2274,0.0013,-0.0060,-0.9738,-0.15,0.01,9.75,1.25,-2.19,-7.81,9.75,0,1.70,-0.0010,0.0022,1,0.668,0.000,0.00,0.00,0.668,0
phase1 acc_mag=9.783 gravity=9.781 motion=0.003 moving_avg=0.072 rms=0.088 mean_rms=0.101 max_rms=0.108 min_rms=0.088 std=0.006 var=0.000 state=standing thr=0.113/0.350/0.850
0.06,-0.75,154.00,0.2249,0.0007,-0.0068,-0.9744,0.21,0.08,9.79,0.62,1.25,-2.44,9.79,0,1.70,-0.0009,0.0026,1,0.668,0.000,0.00,0.00,0.668,0
0.00,-0.81,153.94,0.2250,0.0021,-0.0070,-0.9744,-0.18,0.32,9.87,1.75,2.62,-2.44,9.88,0,1.70,-0.0015,0.0025,1,0.668,0.000,0.00,0.00,0.668,0
-0.06,-0.75,153.88,0.2257,0.0021,-0.0063,-0.9742,0.14,-0.03,9.75,-4.44,0.56,1.00,9.75,0,1.70,-0.0014,0.0023,1,0.668,0.000,0.00,0.00,0.668,0
-0.19,-0.69,153.94,0.2247,0.0037,-0.0059,-0.9744,-0.10,0.20,9.76,-2.62,4.12,0.19,9.76,0,1.70,-0.0020,0.0020,1,0.668,0.000,0.00,0.00,0.668,0
phase1 acc_mag=9.794 gravity=9.778 motion=0.016 moving_avg=0.069 rms=0.086 mean_rms=0.098 max_rms=0.108 min_rms=0.082 std=0.008 var=0.000 state=standing thr=0.114/0.350/0.850
-0.50,-0.75,154.06,0.2239,0.0057,-0.0054,-0.9745,-0.01,0.00,9.74,0.88,3.00,-2.12,9.74,0,1.70,-0.0027,0.0016,1,0.668,0.000,0.00,0.00,0.668,0
-0.75,-0.81,154.25,0.2227,0.0084,-0.0059,-0.9749,-0.11,0.19,9.70,1.62,4.25,-0.62,9.70,0,1.70,-0.0038,0.0016,1,0.668,0.000,0.00,0.00,0.668,0
-1.12,-0.94,154.25,0.2226,0.0116,-0.0062,-0.9748,-0.46,0.41,9.89,1.00,6.44,-3.12,9.91,0,1.70,-0.0051,0.0014,1,0.668,0.000,0.00,0.00,0.668,0
phase1 acc_mag=9.834 gravity=9.791 motion=0.042 moving_avg=0.062 rms=0.081 mean_rms=0.093 max_rms=0.107 min_rms=0.079 std=0.009 var=0.000 state=standing thr=0.111/0.350/0.850
-1.25,-0.88,154.31,0.2223,0.0128,-0.0049,-0.9749,-0.15,0.22,9.83,-0.75,-0.38,-0.44,9.83,0,1.70,-0.0054,0.0008,1,0.668,0.000,0.00,0.00,0.668,0
-1.25,-0.69,154.19,0.2230,0.0121,-0.0038,-0.9747,-0.18,0.13,9.67,-1.31,-2.00,4.00,9.67,0,1.70,-0.0051,0.0004,1,0.668,0.000,0.00,0.00,0.668,0
-1.25,-0.81,154.12,0.2233,0.0126,-0.0048,-0.9747,-0.30,0.46,9.70,1.44,2.69,-2.25,9.72,0,1.70,-0.0053,0.0008,1,0.668,0.000,0.00,0.00,0.668,0
-1.44,-0.94,154.06,0.2239,0.0143,-0.0052,-0.9745,-0.18,0.12,9.64,5.50,4.31,3.62,9.64,0,1.70,-0.0061,0.0007,1,0.668,0.000,0.00,0.00,0.668,0
phase1 acc_mag=9.943 gravity=9.776 motion=0.166 moving_avg=0.072 rms=0.097 mean_rms=0.088 max_rms=0.106 min_rms=0.078 std=0.007 var=0.000 state=standing thr=0.103/0.350/0.850
-1.50,-1.19,153.94,0.2250,0.0156,-0.0073,-0.9742,-0.65,0.39,9.88,3.81,-4.44,0.06,9.91,0,1.70,-0.0067,0.0014,1,0.668,0.000,0.00,0.00,0.668,0
-1.12,-1.44,154.00,0.2246,0.0127,-0.0101,-0.9743,-0.28,0.03,10.27,3.88,-7.00,-3.88,10.27,0,1.70,-0.0059,0.0028,1,0.668,0.000,0.00,0.00,0.668,0
-0.62,-1.56,154.38,0.2214,0.0085,-0.0125,-0.9750,0.17,0.43,10.06,-4.88,-5.62,-2.12,10.07,0,1.70,-0.0044,0.0041,1,0.668,0.000,0.00,0.00,0.668,0
-0.62,-1.62,154.62,0.2196,0.0086,-0.0128,-0.9755,0.17,0.78,9.75,1.56,4.69,-2.25,9.78,0,1.70,-0.0045,0.0042,1,0.668,0.000,0.00,0.00,0.668,0
phase1 acc_mag=9.615 gravity=9.771 motion=0.156 moving_avg=0.112 rms=0.168 mean_rms=0.098 max_rms=0.168 min_rms=0.078 std=0.028 var=0.001 state=slow thr=0.155/0.355/0.855
-0.81,-1.56,154.31,0.2219,0.0102,-0.0117,-0.9749,-0.21,0.23,9.61,-1.12,5.12,8.38,9.62,0,1.70,-0.0050,0.0037,1,0.668,0.000,0.00,0.00,0.668,0
-0.81,-1.56,154.12,0.2236,0.0103,-0.0118,-0.9745,-0.73,0.36,9.87,4.00,-8.94,-2.31,9.90,0,1.70,-0.0051,0.0037,1,0.668,0.000,0.00,0.00,0.668,0
-0.25,-1.75,154.38,0.2213,0.0059,-0.0149,-0.9751,0.34,0.34,9.88,3.19,-3.06,-3.44,9.89,0,1.70,-0.0036,0.0053,1,0.668,0.000,0.00,0.00,0.668,0
-0.69,-2.00,154.56,0.2197,0.0098,-0.0162,-0.9754,0.05,0.27,9.82,4.88,12.00,-4.62,9.82,0,1.70,-0.0053,0.0054,1,0.668,0.000,0.00,0.00,0.668,0
phase1 acc_mag=9.836 gravity=9.764 motion=0.073 moving_avg=0.128 rms=0.182 mean_rms=0.116 max_rms=0.182 min_rms=0.078 std=0.041 var=0.002 state=standing thr=0.198/0.398/0.898
-1.31,-2.31,154.94,0.2162,0.0164,-0.0178,-0.9761,-0.46,0.27,9.76,4.88,6.69,-6.19,9.77,0,1.70,-0.0080,0.0055,1,0.668,0.000,0.00,0.00,0.668,0
-1.81,-2.88,155.75,0.2095,0.0212,-0.0212,-0.9774,-0.34,0.73,9.71,9.06,6.69,-15.31,9.74,0,1.70,-0.0101,0.0065,1,0.668,0.000,0.00,0.00,0.668,0
-2.44,-3.12,156.44,0.2037,0.0270,-0.0226,-0.9784,-0.64,0.49,9.87,-2.25,10.50,-5.69,9.90,0,1.70,-0.0124,0.0067,1,0.668,0.000,0.00,0.00,0.668,0
-2.94,-3.25,156.31,0.2055,0.0316,-0.0227,-0.9779,-0.57,0.43,9.77,-1.25,6.50,3.75,9.80,0,1.70,-0.0142,0.0063,1,0.668,0.000,0.00,0.00,0.668,0
phase1 acc_mag=9.923 gravity=9.770 motion=0.154 moving_avg=0.133 rms=0.183 mean_rms=0.136 max_rms=0.183 min_rms=0.078 std=0.045 var=0.002 state=standing thr=0.225/0.425/0.925
-3.25,-3.25,155.88,0.2085,0.0339,-0.0220,-0.9772,-0.77,0.59,9.77,0.94,1.25,3.69,9.82,0,1.70,-0.0151,0.0058,1,0.668,0.000,0.00,0.00,0.668,0
-3.25,-3.25,155.88,0.2087,0.0342,-0.0219,-0.9771,-0.40,0.58,9.63,-0.06,1.25,-0.50,9.66,0,1.70,-0.0152,0.0057,1,0.668,0.000,0.00,0.00,0.668,0
-3.56,-3.50,156.31,0.2048,0.0370,-0.0235,-0.9778,-0.74,0.64,9.81,6.81,2.00,-9.88,9.86,0,1.70,-0.0164,0.0062,1,0.668,0.000,0.00,0.00,0.668,0
phase1 acc_mag=9.935 gravity=9.768 motion=0.167 moving_avg=0.140 rms=0.186 mean_rms=0.157 max_rms=0.186 min_rms=0.078 std=0.038 var=0.001 state=standing thr=0.233/0.433/0.933
-3.62,-3.94,156.88,0.2000,0.0381,-0.0275,-0.9787,-0.29,0.90,9.89,7.88,1.88,-5.38,9.94,0,1.70,-0.0171,0.0077,1,0.668,0.000,0.00,0.00,0.668,0
-3.81,-4.31,157.00,0.1991,0.0406,-0.0302,-0.9786,-0.46,0.87,9.70,4.38,-0.06,1.69,9.75,0,1.70,-0.0183,0.0086,1,0.668,0.000,0.00,0.00,0.668,0
-4.06,-4.25,157.06,0.1981,0.0428,-0.0297,-0.9788,-0.32,1.05,9.57,3.81,3.31,0.69,9.63,0,1.70,-0.0191,0.0082,1,0.668,0.000,0.00,0.00,0.668,0
-4.31,-4.56,156.88,0.1996,0.0455,-0.0317,-0.9783,-1.02,0.75,9.70,0.69,4.12,1.56,9.78,0,1.70,-0.0203,0.0088,1,0.668,0.000,0.00,0.00,0.668,0
phase1 acc_mag=9.617 gravity=9.776 motion=0.158 moving_avg=0.126 rms=0.176 mean_rms=0.176 max_rms=0.187 min_rms=0.105 std=0.014 var=0.000 state=standing thr=0.204/0.404/0.904
-4.56,-4.75,156.81,0.2006,0.0481,-0.0331,-0.9779,-0.70,0.71,9.90,5.12,4.69,-0.56,9.95,0,1.70,-0.0215,0.0091,1,0.668,0.000,0.00,0.00,0.668,0
-5.06,-5.12,156.81,0.2003,0.0526,-0.0352,-0.9777,-0.93,0.83,9.78,3.94,6.56,-0.12,9.86,0,1.70,-0.0234,0.0095,1,0.668,0.000,0.00,0.00,0.668,0
-5.44,-5.44,156.81,0.2000,0.0565,-0.0370,-0.9775,-1.16,0.74,9.96,0.50,3.00,-1.44,10.05,0,1.70,-0.0251,0.0099,1,0.668,0.000,0.00,0.00,0.668,0
-5.25,-5.38,157.00,0.1985,0.0546,-0.0371,-0.9778,-0.82,0.98,9.59,1.00,-5.62,-2.88,9.67,0,1.70,-0.0243,0.0102,1,0.668,0.000,0.00,0.00,0.668,0
phase1 acc_mag=9.906 gravity=9.805 motion=0.101 moving_avg=0.104 rms=0.130 mean_rms=0.172 max_rms=0.187 min_rms=0.123 std=0.020 var=0.000 state=standing thr=0.212/0.412/0.912
-5.06,-5.44,157.25,0.1962,0.0530,-0.0375,-0.9784,-0.88,1.06,9.72,-2.81,-0.88,-3.94,9.82,0,1.70,-0.0237,0.0105,1,0.668,0.000,0.00,0.00,0.668,0
-4.81,-5.44,157.62,0.1934,0.0509,-0.0382,-0.9791,-1.06,0.97,9.84,1.31,-6.56,-6.06,9.94,0,1.70,-0.0229,0.0110,1,0.668,0.000,0.00,0.00,0.668,0
-4.31,-5.44,157.94,0.1906,0.0461,-0.0394,-0.9798,-0.56,1.07,9.54,0.62,-8.06,-3.56,9.62,0,1.70,-0.0211,0.0119,1,0.668,0.000,0.00,0.00,0.668,0
-4.06,-5.44,158.19,0.1883,0.0444,-0.0400,-0.9803,-0.60,1.16,9.57,0.69,1.44,-3.19,9.66,0,1.70,-0.0204,0.0123,1,0.668,0.000,0.00,0.00,0.668,0
phase1 acc_mag=9.924 gravity=9.812 motion=0.112 moving_avg=0.096 rms=0.120 mean_rms=0.159 max_rms=0.187 min_rms=0.114 std=0.029 var=0.001 state=standing thr=0.217/0.417/0.917
-4.00,-5.38,158.31,0.1876,0.0437,-0.0396,-0.9805,-0.82,1.08,9.77,0.50,-5.31,-0.44,9.86,0,1.70,-0.0201,0.0123,1,0.668,0.000,0.00,0.00,0.668,0
-3.75,-5.38,158.38,0.1873,0.0412,-0.0400,-0.9807,-0.52,1.15,9.64,0.81,-3.19,-1.00,9.72,0,1.70,-0.0192,0.0126,1,0.668,0.000,0.00,0.00,0.668,0
-3.69,-5.44,158.38,0.1870,0.0408,-0.0408,-0.9807,-0.77,0.84,9.79,1.06,-0.88,0.12,9.86,0,1.70,-0.0191,0.0130,1,0.668,0.000,0.00,0.00,0.668,0
phase1 acc_mag=9.819 gravity=9.805 motion=0.013 moving_avg=0.090 rms=0.115 mean_rms=0.146 max_rms=0.187 min_rms=0.114 std=0.030 var=0.001 state=standing thr=0.205/0.405/0.905
-3.62,-5.56,158.38,0.1874,0.0406,-0.0421,-0.9805,-0.35,0.91,9.77,-1.50,1.69,0.56,9.82,0,1.70,-0.0191,0.0134,1,0.668,0.000,0.00,0.00,0.668,0
-3.62,-5.56,158.56,0.1855,0.0405,-0.0419,-0.9809,-0.87,0.88,9.85,-0.50,-3.00,0.62,9.93,0,1.70,-0.0190,0.0134,1,0.668,0.000,0.00,0.00,0.668,0
-3.38,-5.56,158.94,0.1819,0.0378,-0.0422,-0.9817,-0.52,0.84,9.71,-0.50,-5.25,-5.75,9.76,0,1.70,-0.0179,0.0138,1,0.668,0.000,0.00,0.00,0.668,0
-3.19,-5.56,159.44,0.1777,0.0363,-0.0430,-0.9825,-0.27,0.82,9.72,0.06,-0.75,-2.81,9.76,0,1.70,-0.0173,0.0143,1,0.668,0.000,0.00,0.00,0.668,0
phase1 acc_mag=9.720 gravity=9.809 motion=0.089 moving_avg=0.091 rms=0.115 mean_rms=0.132 max_rms=0.187 min_rms=0.114 std=0.024 var=0.001 state=standing thr=0.180/0.380/0.880
-3.25,-5.62,159.81,0.1748,0.0369,-0.0439,-0.9829,-0.58,0.91,9.75,1.44,0.12,0.75,9.81,0,1.70,-0.0176,0.0147,1,0.668,0.000,0.00,0.00,0.668,0
-3.31,-5.62,159.94,0.1738,0.0374,-0.0435,-0.9831,-0.74,1.03,9.85,-1.31,1.12,0.44,9.93,0,1.70,-0.0177,0.0145,1,0.668,0.000,0.00,0.00,0.668,0
-3.25,-5.62,159.94,0.1736,0.0367,-0.0434,-0.9832,-0.47,1.02,9.73,-0.06,-2.12,2.81,9.79,0,1.70,-0.0174,0.0145,1,0.668,0.000,0.00,0.00,0.668,0
-3.19,-5.50,160.00,0.1730,0.0362,-0.0423,-0.9833,-0.76,0.86,9.78,-0.56,-0.38,-2.38,9.85,0,1.70,-0.0172,0.0141,1,0.668,0.000,0.00,0.00,0.668,0
phase1 acc_mag=9.887 gravity=9.815 motion=0.072 moving_avg=0.078 rms=0.105 mean_rms=0.118 max_rms=0.133 min_rms=0.105 std=0.006 var=0.000 state=standing thr=0.131/0.350/0.850
-3.06,-5.31,160.25,0.1711,0.0348,-0.0413,-0.9838,-0.29,1.07,9.60,0.50,-3.38,-0.50,9.66,0,1.70,-0.0165,0.0139,1,0.668,0.000,0.00,0.00,0.668,0
-3.12,-5.31,160.44,0.1692,0.0349,-0.0413,-0.9841,-0.06,0.95,9.69,-0.62,1.19,3.38,9.74,0,1.70,-0.0165,0.0139,1,0.668,0.000,0.00,0.00,0.668,0
-3.31,-5.31,160.56,0.1685,0.0367,-0.0410,-0.9842,-0.81,1.20,9.68,2.50,1.75,-0.94,9.79,0,1.70,-0.0172,0.0137,1,0.668,0.000,0.00,0.00,0.668,0
-3.38,-5.31,160.44,0.1695,0.0372,-0.0408,-0.9840,-0.78,0.47,9.99,-6.44,0.69,4.06,10.03,0,1.70,-0.0174,0.0136,1,0.668,0.000,0.00,0.00,0.668,0
phase1 acc_mag=9.659 gravity=9.795 motion=0.136 moving_avg=0.075 rms=0.094 mean_rms=0.111 max_rms=0.124 min_rms=0.087 std=0.010 var=0.000 state=standing thr=0.130/0.350/0.850
-3.44,-5.31,160.50,0.1686,0.0376,-0.0410,-0.9841,-0.77,1.14,9.59,3.75,2.50,-2.19,9.69,0,1.70,-0.0176,0.0136,1,0.668,0.000,0.00,0.00,0.668,0
-3.38,-5.25,160.75,0.1667,0.0371,-0.0403,-0.9845,-0.16,0.75,9.75,-4.62,-3.69,0.44,9.78,0,1.70,-0.0173,0.0134,1,0.668,0.000,0.00,0.00,0.668,0
-3.44,-5.12,160.81,0.1664,0.0377,-0.0392,-0.9846,-0.36,0.83,9.69,-1.81,4.06,2.44,9.73,0,1.70,-0.0175,0.0129,1,0.668,0.000,0.00,0.00,0.668,0
-3.50,-5.12,160.75,0.1666,0.0380,-0.0389,-0.9845,-0.75,1.20,9.62,0.88,-1.50,0.19,9.72,0,1.70,-0.0176,0.0128,1,0.668,0.000,0.00,0.00,0.668,0
phase1 acc_mag=9.867 gravity=9.797 motion=0.069 moving_avg=0.077 rms=0.100 mean_rms=0.107 max_rms=0.121 min_rms=0.087 std=0.010 var=0.000 state=standing thr=0.126/0.350/0.850
-3.50,-5.06,160.75,0.1668,0.0380,-0.0385,-0.9845,-0.69,0.77,9.79,-1.94,0.62,-1.69,9.84,0,1.70,-0.0175,0.0126,1,0.668,0.000,0.00,0.00,0.668,0
-3.56,-4.94,160.81,0.1661,0.0380,-0.0377,-0.9847,-0.76,1.14,9.56,-0.12,1.00,-3.94,9.66,0,1.70,-0.0175,0.0123,1,0.668,0.000,0.00,0.00,0.668,0
-3.62,-4.88,160.81,0.1662,0.0391,-0.0370,-0.9846,-0.68,0.90,9.69,1.00,2.50,-2.19,9.76,0,1.70,-0.0179,0.0120,1,0.668,0.000,0.00,0.00,0.668,0
phase1 acc_mag=9.818 gravity=9.795 motion=0.024 moving_avg=0.073 rms=0.096 mean_rms=0.103 max_rms=0.118 min_rms=0.087 std=0.008 var=0.000 state=standing thr=0.120/0.350/0.850
-3.81,-5.00,160.75,0.1665,0.0406,-0.0375,-0.9845,-0.85,1.18,9.71,0.88,3.56,-0.69,9.82,0,1.70,-0.0185,0.0121,1,0.668,0.000,0.00,0.00,0.668,0
-3.88,-5.00,160.69,0.1674,0.0411,-0.0377,-0.9843,-0.76,0.86,9.86,-1.00,-1.81,0.38,9.93,0,1.70,-0.0187,0.0121,1,0.668,0.000,0.00,0.00,0.668,0
-3.69,-5.00,160.69,0.1672,0.0392,-0.0375,-0.9844,-0.67,1.09,9.70,-0.94,-3.94,-2.31,9.78,0,1.70,-0.0179,0.0122,1,0.668,0.000,0.00,0.00,0.668,0
-3.44,-4.75,160.75,0.1667,0.0363,-0.0358,-0.9847,-0.52,0.84,9.67,-2.31,-3.88,-0.31,9.72,0,1.70,-0.0167,0.0117,1,0.668,0.000,0.00,0.00,0.668,0
phase1 acc_mag=9.803 gravity=9.800 motion=0.004 moving_avg=0.072 rms=0.095 mean_rms=0.099 max_rms=0.111 min_rms=0.087 std=0.006 var=0.000 state=standing thr=0.111/0.350/0.850
-3.25,-4.62,160.75,0.1666,0.0352,-0.0352,-0.9847,-0.50,0.97,9.66,-0.38,0.25,2.12,9.72,0,1.70,-0.0162,0.0115,1,0.668,0.000,0.00,0.00,0.668,0
-3.31,-4.62,160.56,0.1686,0.0358,-0.0350,-0.9844,-0.76,1.11,9.59,1.69,0.88,1.62,9.68,0,1.70,-0.0165,0.0114,1,0.668,0.000,0.00,0.00,0.668,0
-3.50,-4.69,160.38,0.1702,0.0375,-0.0347,-0.9841,-0.78,1.01,9.74,-3.44,1.75,6.50,9.82,0,1.70,-0.0171,0.0111,1,0.668,0.000,0.00,0.00,0.668,0
-3.62,-4.75,160.25,0.1710,0.0384,-0.0355,-0.9839,-0.54,0.89,9.74,-0.50,0.81,3.44,9.80,0,1.70,-0.0175,0.0114,1,0.668,0.000,0.00,0.00,0.668,0
phase1 acc_mag=9.923 gravity=9.800 motion=0.123 moving_avg=0.071 rms=0.094 mean_rms=0.097 max_rms=0.102 min_rms=0.087 std=0.003 var=0.000 state=standing thr=0.103/0.350/0.850
-3.62,-4.75,160.25,0.1712,0.0385,-0.0358,-0.9838,-0.75,1.04,9.63,0.94,-1.69,-0.19,9.71,0,1.70,-0.0176,0.0114,1,0.668,0.000,0.00,0.00,0.668,0
-3.44,-4.75,160.25,0.1711,0.0370,-0.0355,-0.9839,-0.51,0.64,9.78,-2.19,-2.25,0.25,9.81,0,1.70,-0.0170,0.0114,1,0.668,0.000,0.00,0.00,0.668,0
-3.31,-4.62,160.25,0.1711,0.0358,-0.0352,-0.9839,-0.39,0.77,9.72,-1.88,-2.19,3.25,9.76,0,1.70,-0.0165,0.0114,1,0.668,0.000,0.00,0.00,0.668,0
-3.25,-4.50,160.19,0.1718,0.0349,-0.0341,-0.9839,-0.62,0.79,9.73,-1.06,-1.62,1.31,9.78,0,1.70,-0.0161,0.0110,1,0.668,0.000,0.00,0.00,0.668,0
phase1 acc_mag=9.815 gravity=9.796 motion=0.019 moving_avg=0.060 rms=0.080 mean_rms=0.096 max_rms=0.102 min_rms=0.080 std=0.004 var=0.000 state=standing thr=0.105/0.350/0.850
-3.19,-4.44,160.12,0.1722,0.0345,-0.0335,-0.9839,-0.82,0.68,9.73,2.44,0.25,-2.75,9.79,0,1.70,-0.0159,0.0108,1,0.668,0.000,0.00,0.00,0.668,0
-3.19,-4.50,160.06,0.1728,0.0344,-0.0341,-0.9838,-0.66,1.34,9.58,3.25,-0.19,0.62,9.70,0,1.70,-0.0159,0.0111,1,0.668,0.000,0.00,0.00,0.668,0
-3.19,-4.56,160.00,0.1730,0.0347,-0.0350,-0.9837,-0.54,0.63,9.80,4.31,0.19,-3.56,9.84,0,1.70,-0.0161,0.0114,1,0.668,0.000,0.00,0.00,0.668,0
-3.19,-4.62,160.00,0.1731,0.0345,-0.0350,-0.9837,-0.62,0.70,9.77,-1.25,-0.75,-0.75,9.81,0,1.70,-0.0160,0.0114,1,0.668,0.000,0.00,0.00,0.668,0
phase1 acc_mag=9.832 gravity=9.803 motion=0.029 moving_avg=0.057 rms=0.071 mean_rms=0.090 max_rms=0.100 min_rms=0.068 std=0.010 var=0.000 state=standing thr=0.111/0.350/0.850
-3.06,-4.62,160.06,0.1726,0.0336,-0.0351,-0.9838,-0.43,0.75,9.65,0.50,-1.88,-0.31,9.69,0,1.70,-0.0157,0.0115,1,0.668,0.000,0.00,0.00,0.668,0
-3.06,-4.69,160.00,0.1730,0.0341,-0.0361,-0.9836,-0.52,0.88,9.68,2.75,2.69,0.56,9.73,0,1.70,-0.0159,0.0118,1,0.668,0.000,0.00,0.00,0.668,0
-3.25,-4.81,159.88,0.1743,0.0354,-0.0366,-0.9834,-0.69,0.99,9.74,0.88,1.12,0.88,9.81,0,1.70,-0.0165,0.0119,1,0.668,0.000,0.00,0.00,0.668,0
phase1 acc_mag=9.841 gravity=9.806 motion=0.035 moving_avg=0.062 rms=0.077 mean_rms=0.085 max_rms=0.099 min_rms=0.068 std=0.011 var=0.000 state=standing thr=0.107/0.350/0.850
-3.25,-4.81,159.94,0.1734,0.0356,-0.0365,-0.9835,-0.85,1.12,9.74,0.75,-0.50,-5.38,9.84,0,1.70,-0.0166,0.0119,1,0.668,0.000,0.00,0.00,0.668,0
-3.25,-4.69,160.25,0.1706,0.0351,-0.0352,-0.9841,-0.48,0.31,9.83,-2.38,-1.19,-6.00,9.85,0,1.70,-0.0162,0.0115,1,0.668,0.000,0.00,0.00,0.668,0
-3.19,-4.81,160.69,0.1671,0.0345,-0.0370,-0.9846,-0.27,0.54,9.83,-1.56,-2.94,-0.06,9.85,0,1.70,-0.0161,0.0123,1,0.668,0.000,0.00,0.00,0.668,0
-3.06,-4.69,160.75,0.1665,0.0334,-0.0363,-0.9848,-0.51,0.86,9.73,-2.88,-2.12,0.00,9.78,0,1.70,-0.0156,0.0121,1,0.668,0.000,0.00,0.00,0.668,0
phase1 acc_mag=9.855 gravity=9.809 motion=0.047 moving_avg=0.064 rms=0.081 mean_rms=0.082 max_rms=0.099 min_rms=0.068 std=0.010 var=0.000 state=standing thr=0.101/0.350/0.850
-2.94,-4.56,160.75,0.1668,0.0322,-0.0354,-0.9848,-0.47,0.88,9.62,0.06,-1.38,-0.19,9.67,0,1.70,-0.0150,0.0118,1,0.668,0.000,0.00,0.00,0.668,0
-2.94,-4.50,160.75,0.1669,0.0321,-0.0347,-0.9849,-0.49,0.75,9.81,-1.69,1.62,-0.06,9.85,0,1.70,-0.0150,0.0115,1,0.668,0.000,0.00,0.00,0.668,0
-3.06,-4.44,160.69,0.1675,0.0330,-0.0336,-0.9847,-0.68,0.67,9.88,-2.81,0.62,0.38,9.93,0,1.70,-0.0152,0.0110,1,0.668,0.000,0.00,0.00,0.668,0
-3.06,-4.38,160.75,0.1666,0.0329,-0.0333,-0.9849,-0.48,0.96,9.58,3.31,0.38,-1.56,9.64,0,1.70,-0.0152,0.0109,1,0.668,0.000,0.00,0.00,0.668,0
phase1 acc_mag=9.667 gravity=9.794 motion=0.128 moving_avg=0.066 rms=0.082 mean_rms=0.079 max_rms=0.095 min_rms=0.068 std=0.007 var=0.000 state=standing thr=0.092/0.350/0.850
-3.19,-4.44,160.69,0.1675,0.0343,-0.0338,-0.9847,-0.62,0.81,9.68,1.00,3.69,1.81,9.73,0,1.70,-0.0158,0.0110,1,0.668,0.000,0.00,0.00,0.668,0

===== Disconnected =====
