===== Connected at 115200 baud =====
10.19,6.44,359.81,0.9945,-0.0554,-0.0889,0.0010,1.77,-1.35,9.02,4.06,1.62,-3.50,9.29,0,1.70,-0.0354,0.0220,0,0.000,0.000,0.00,0.00,0.000,0
9.94,6.31,359.94,0.9947,-0.0549,-0.0868,0.0004,1.32,-1.34,9.11,3.94,1.44,-2.19,9.30,0,1.70,-0.0345,0.0218,0,0.000,0.000,0.00,0.00,0.000,0
phase1 acc_mag=9.514 gravity=9.344 motion=0.170 moving_avg=0.151 rms=0.203 mean_rms=0.228 max_rms=0.320 min_rms=0.000 std=0.060 var=0.004 state=standing thr=0.349/0.549/1.049
10.06,6.12,0.25,0.9947,-0.0532,-0.0878,-0.0025,1.49,-1.09,9.04,3.44,-6.75,-5.19,9.23,0,1.70,-0.0349,0.0212,0,0.000,0.000,0.00,0.00,0.000,0
10.25,6.00,0.38,0.9946,-0.0522,-0.0895,-0.0037,1.78,-1.29,9.00,1.50,-1.12,-5.31,9.26,0,1.70,-0.0355,0.0209,0,0.000,0.000,0.00,0.00,0.000,0
10.06,6.00,0.69,0.9948,-0.0524,-0.0878,-0.0063,1.43,-1.22,9.05,4.25,3.50,-7.62,9.24,0,1.70,-0.0348,0.0211,0,0.000,0.000,0.00,0.00,0.000,0
9.88,5.88,1.00,0.9949,-0.0518,-0.0860,-0.0089,1.35,-1.17,9.11,3.81,0.06,-4.31,9.28,0,1.70,-0.0340,0.0209,0,0.000,0.000,0.00,0.00,0.000,0
phase1 acc_mag=9.344 gravity=9.341 motion=0.003 moving_avg=0.126 rms=0.179 mean_rms=0.219 max_rms=0.320 min_rms=0.000 std=0.055 var=0.003 state=standing thr=0.329/0.529/1.029
9.88,5.81,1.38,0.9949,-0.0513,-0.0861,-0.0123,1.52,-1.17,9.09,0.56,-1.19,-4.50,9.29,0,1.70,-0.0340,0.0208,0,0.000,0.000,0.00,0.00,0.000,0
9.88,5.88,1.56,0.9949,-0.0520,-0.0858,-0.0140,1.41,-1.07,9.17,1.31,2.38,-2.56,9.34,0,1.70,-0.0339,0.0212,0,0.000,0.000,0.00,0.00,0.000,0
9.81,5.88,1.88,0.9948,-0.0526,-0.0853,-0.0170,1.52,-1.20,9.20,0.50,-1.62,-4.75,9.40,0,1.70,-0.0336,0.0215,0,0.000,0.000,0.00,0.00,0.000,0
9.88,5.88,2.12,0.9948,-0.0523,-0.0857,-0.0186,1.69,-1.16,9.11,0.94,-2.31,-0.38,9.34,0,1.70,-0.0337,0.0215,0,0.000,0.000,0.00,0.00,0.000,0
phase1 acc_mag=9.583 gravity=9.354 motion=0.229 moving_avg=0.105 rms=0.157 mean_rms=0.217 max_rms=0.320 min_rms=0.157 std=0.041 var=0.002 state=standing thr=0.298/0.498/0.998
9.94,5.81,2.25,0.9948,-0.0519,-0.0861,-0.0203,1.60,-1.13,9.54,-0.12,0.75,-4.56,9.74,0,1.70,-0.0338,0.0214,0,0.000,0.000,0.00,0.00,0.000,0
10.00,5.88,2.44,0.9946,-0.0529,-0.0862,-0.0217,1.50,-1.26,9.54,0.50,-2.56,-4.50,9.74,0,1.70,-0.0339,0.0218,0,0.000,0.000,0.00,0.00,0.000,0
10.06,5.69,2.69,0.9946,-0.0514,-0.0873,-0.0237,1.73,-1.02,9.56,3.81,-0.94,-1.94,9.77,0,1.70,-0.0342,0.0213,0,0.000,0.000,0.00,0.00,0.000,0
10.12,5.56,2.88,0.9946,-0.0507,-0.0871,-0.0250,1.51,-1.08,9.60,1.19,1.12,-2.12,9.78,0,1.70,-0.0341,0.0210,0,0.000,0.000,0.00,0.00,0.000,0
phase1 acc_mag=9.790 gravity=9.441 motion=0.350 moving_avg=0.136 rms=0.196 mean_rms=0.195 max_rms=0.254 min_rms=0.148 std=0.027 var=0.001 state=standing thr=0.250/0.450/0.950
10.19,5.56,3.19,0.9944,-0.0506,-0.0880,-0.0278,1.78,-1.29,9.67,0.12,-2.50,-2.81,9.92,0,1.70,-0.0344,0.0211,0,0.000,0.000,0.00,0.00,0.000,0
10.31,5.50,3.25,0.9944,-0.0500,-0.0887,-0.0283,1.79,-1.11,9.58,0.19,2.12,0.44,9.81,0,1.70,-0.0347,0.0209,0,0.000,0.000,0.00,0.00,0.000,0
10.25,5.56,3.25,0.9944,-0.0508,-0.0881,-0.0283,1.73,-1.11,9.57,-1.88,1.69,0.69,9.79,0,1.70,-0.0345,0.0212,0,0.000,0.000,0.00,0.00,0.000,0
10.12,5.75,3.25,0.9944,-0.0527,-0.0870,-0.0285,1.82,-1.16,9.52,-3.69,1.50,0.69,9.76,0,1.70,-0.0340,0.0219,0,0.000,0.000,0.00,0.00,0.000,0
phase1 acc_mag=9.785 gravity=9.518 motion=0.267 moving_avg=0.169 rms=0.221 mean_rms=0.190 max_rms=0.222 min_rms=0.148 std=0.020 var=0.000 state=standing thr=0.230/0.430/0.930
10.00,5.94,3.25,0.9944,-0.0541,-0.0861,-0.0283,1.52,-1.00,9.53,-0.62,0.69,-0.25,9.70,0,1.70,-0.0336,0.0225,0,0.000,0.000,0.00,0.00,0.000,0
10.00,6.06,3.25,0.9944,-0.0549,-0.0859,-0.0287,1.62,-1.14,9.54,0.31,-1.31,-3.19,9.74,0,1.70,-0.0336,0.0228,0,0.000,0.000,0.00,0.00,0.000,0
10.06,6.06,3.38,0.9943,-0.0552,-0.0868,-0.0294,1.70,-1.03,9.51,-0.38,-2.12,-1.94,9.72,0,1.70,-0.0339,0.0230,0,0.000,0.000,0.00,0.00,0.000,0
10.12,6.12,3.50,0.9942,-0.0557,-0.0869,-0.0308,1.58,-1.16,9.55,-1.50,-0.69,-1.50,9.75,0,1.70,-0.0339,0.0232,0,0.000,0.000,0.00,0.00,0.000,0
phase1 acc_mag=9.656 gravity=9.610 motion=0.046 moving_avg=0.192 rms=0.236 mean_rms=0.195 max_rms=0.236 min_rms=0.148 std=0.026 var=0.001 state=standing thr=0.247/0.447/0.947
10.06,6.19,3.56,0.9942,-0.0563,-0.0864,-0.0311,1.62,-1.08,9.51,-0.12,-0.25,-0.19,9.71,0,1.70,-0.0336,0.0235,0,0.000,0.000,0.00,0.00,0.000,0
10.06,6.25,3.56,0.9941,-0.0569,-0.0866,-0.0312,1.67,-1.05,9.47,-0.44,-0.75,-1.81,9.67,0,1.70,-0.0337,0.0237,0,0.000,0.000,0.00,0.00,0.000,0
10.06,6.31,3.69,0.9941,-0.0576,-0.0863,-0.0319,1.58,-0.98,9.51,-2.00,-0.25,2.50,9.69,0,1.70,-0.0336,0.0240,0,0.000,0.000,0.00,0.00,0.000,0
10.00,6.38,3.62,0.9941,-0.0577,-0.0854,-0.0317,1.73,-1.06,9.51,-0.38,2.81,0.25,9.72,0,1.70,-0.0332,0.0240,0,0.000,0.000,0.00,0.00,0.000,0
phase1 acc_mag=9.663 gravity=9.700 motion=0.037 moving_avg=0.209 rms=0.245 mean_rms=0.208 max_rms=0.245 min_rms=0.148 std=0.030 var=0.001 state=standing thr=0.269/0.469/0.969
9.81,6.69,3.38,0.9942,-0.0602,-0.0840,-0.0294,1.48,-1.07,9.50,-1.25,3.56,1.50,9.67,0,1.70,-0.0327,0.0249,0,0.000,0.000,0.00,0.00,0.000,0
9.62,6.75,3.31,0.9943,-0.0610,-0.0828,-0.0289,1.46,-1.24,9.50,-0.56,-3.56,0.88,9.69,0,1.70,-0.0322,0.0252,0,0.000,0.000,0.00,0.00,0.000,0
9.69,6.75,3.31,0.9943,-0.0611,-0.0831,-0.0290,1.67,-1.44,9.67,-0.81,0.00,0.19,9.92,0,1.70,-0.0323,0.0253,0,0.000,0.000,0.00,0.00,0.000,0
9.62,6.75,3.44,0.9942,-0.0613,-0.0828,-0.0302,1.43,-1.20,9.66,-1.50,0.69,-0.94,9.84,0,1.70,-0.0322,0.0254,0,0.000,0.000,0.00,0.00,0.000,0
phase1 acc_mag=9.658 gravity=9.762 motion=0.104 moving_avg=0.192 rms=0.225 mean_rms=0.226 max_rms=0.250 min_rms=0.166 std=0.021 var=0.000 state=standing thr=0.268/0.468/0.968
9.69,6.81,3.44,0.9942,-0.0617,-0.0831,-0.0300,1.73,-1.38,9.59,-0.38,-1.44,-0.88,9.84,0,1.70,-0.0323,0.0255,0,0.000,0.000,0.00,0.00,0.000,0
9.81,6.81,3.50,0.9941,-0.0615,-0.0843,-0.0306,1.72,-1.05,9.34,-0.56,-2.50,-1.19,9.55,0,1.70,-0.0328,0.0255,0,0.000,0.000,0.00,0.00,0.000,0
9.94,6.81,3.69,0.9939,-0.0621,-0.0850,-0.0324,1.53,-1.38,9.58,0.56,-2.75,-0.38,9.80,0,1.70,-0.0330,0.0258,0,0.000,0.000,0.00,0.00,0.000,0
phase1 acc_mag=9.835 gravity=9.763 motion=0.072 moving_avg=0.137 rms=0.167 mean_rms=0.226 max_rms=0.250 min_rms=0.167 std=0.022 var=0.000 state=standing thr=0.269/0.469/0.969
10.06,6.81,3.69,0.9938,-0.0616,-0.0862,-0.0324,1.81,-1.22,9.59,0.19,1.12,0.25,9.84,0,1.70,-0.0335,0.0256,0,0.000,0.000,0.00,0.00,0.000,0
10.06,6.75,3.81,0.9938,-0.0616,-0.0859,-0.0334,1.58,-1.15,9.55,0.06,-0.69,-1.75,9.75,0,1.70,-0.0333,0.0257,0,0.000,0.000,0.00,0.00,0.000,0
10.06,6.81,3.94,0.9937,-0.0622,-0.0861,-0.0348,1.63,-1.19,9.57,-0.88,0.25,-4.19,9.78,0,1.70,-0.0333,0.0259,0,0.000,0.000,0.00,0.00,0.000,0
10.19,6.81,4.12,0.9936,-0.0624,-0.0869,-0.0361,1.70,-1.12,9.53,0.38,-1.31,-3.06,9.75,0,1.70,-0.0336,0.0260,0,0.000,0.000,0.00,0.00,0.000,0
phase1 acc_mag=9.693 gravity=9.767 motion=0.074 moving_avg=0.099 rms=0.128 mean_rms=0.211 max_rms=0.250 min_rms=0.128 std=0.039 var=0.002 state=standing thr=0.289/0.489/0.989
10.25,6.88,4.19,0.9935,-0.0627,-0.0875,-0.0369,1.73,-1.19,9.56,-1.06,-0.12,-1.31,9.79,0,1.70,-0.0339,0.0262,0,0.000,0.000,0.00,0.00,0.000,0
10.25,6.88,4.31,0.9935,-0.0630,-0.0873,-0.0377,1.68,-1.25,9.61,-0.44,-1.12,-0.31,9.84,0,1.70,-0.0338,0.0264,0,0.000,0.000,0.00,0.00,0.000,0
10.25,6.88,4.31,0.9935,-0.0631,-0.0875,-0.0377,1.79,-1.23,9.50,0.31,0.75,-0.19,9.75,0,1.70,-0.0338,0.0264,0,0.000,0.000,0.00,0.00,0.000,0
10.25,6.94,4.31,0.9935,-0.0635,-0.0870,-0.0377,1.62,-1.34,9.77,-2.25,2.50,0.69,9.99,0,1.70,-0.0336,0.0265,0,0.000,0.000,0.00,0.00,0.000,0
phase1 acc_mag=9.826 gravity=9.765 motion=0.062 moving_avg=0.079 rms=0.107 mean_rms=0.186 max_rms=0.250 min_rms=0.106 std=0.053 var=0.003 state=standing thr=0.291/0.491/0.991
10.19,7.00,4.31,0.9934,-0.0641,-0.0871,-0.0378,1.65,-1.22,9.54,-0.88,0.81,-0.81,9.76,0,1.70,-0.0336,0.0268,0,0.000,0.000,0.00,0.00,0.000,0
10.25,7.12,4.38,0.9933,-0.0648,-0.0873,-0.0381,1.71,-1.38,9.49,-1.31,-1.00,-1.12,9.74,0,1.70,-0.0337,0.0271,0,0.000,0.000,0.00,0.00,0.000,0
10.31,7.12,4.38,0.9932,-0.0654,-0.0882,-0.0381,1.81,-1.17,9.53,-2.31,-1.00,-1.12,9.77,0,1.70,-0.0340,0.0273,0,0.000,0.000,0.00,0.00,0.000,0
phase1 acc_mag=9.892 gravity=9.764 motion=0.128 moving_avg=0.066 rms=0.086 mean_rms=0.154 max_rms=0.250 min_rms=0.086 std=0.052 var=0.003 state=standing thr=0.258/0.458/0.958
10.38,7.19,4.44,0.9932,-0.0658,-0.0885,-0.0385,1.71,-1.48,9.63,-1.88,-3.94,4.94,9.89,0,1.70,-0.0341,0.0275,0,0.000,0.000,0.00,0.00,0.000,0
10.56,7.31,3.88,0.9932,-0.0674,-0.0895,-0.0333,2.21,-1.03,9.30,-11.56,5.50,9.12,9.61,0,1.70,-0.0346,0.0280,0,0.000,0.000,0.00,0.00,0.000,0
10.00,7.94,4.19,0.9931,-0.0718,-0.0849,-0.0365,1.03,-2.48,10.24,-5.81,-3.44,2.25,10.59,0,1.70,-0.0327,0.0298,0,0.000,0.000,0.00,0.00,0.000,0
10.75,7.75,3.44,0.9929,-0.0697,-0.0919,-0.0301,3.23,-0.75,9.02,1.81,-7.56,16.88,9.61,0,1.70,-0.0357,0.0288,0,0.000,0.000,0.00,0.00,0.000,0
phase1 acc_mag=9.706 gravity=9.757 motion=0.051 moving_avg=0.106 rms=0.167 mean_rms=0.132 max_rms=0.206 min_rms=0.083 std=0.034 var=0.001 state=standing thr=0.199/0.399/0.899
10.38,7.69,3.50,0.9932,-0.0694,-0.0887,-0.0306,1.25,-1.42,9.71,-2.62,1.81,0.69,9.89,0,1.70,-0.0344,0.0287,0,0.000,0.000,0.00,0.00,0.000,0
10.44,7.62,3.56,0.9931,-0.0690,-0.0896,-0.0311,1.55,-1.43,9.67,4.19,-3.81,1.62,9.90,0,1.70,-0.0347,0.0285,0,0.000,0.000,0.00,0.00,0.000,0
10.81,7.62,3.31,0.9929,-0.0685,-0.0923,-0.0294,1.87,-1.23,9.48,-2.69,4.19,-4.94,9.74,0,1.70,-0.0359,0.0283,0,0.000,0.000,0.00,0.00,0.000,0
10.81,7.69,3.62,0.9928,-0.0692,-0.0925,-0.0314,2.18,-1.24,9.42,-0.94,-9.50,4.56,9.75,0,1.70,-0.0359,0.0286,0,0.000,0.000,0.00,0.00,0.000,0
phase1 acc_mag=9.410 gravity=9.762 motion=0.352 moving_avg=0.121 rms=0.181 mean_rms=0.130 max_rms=0.181 min_rms=0.083 std=0.031 var=0.001 state=standing thr=0.191/0.391/0.891
11.00,7.88,3.88,0.9924,-0.0712,-0.0942,-0.0338,1.51,-1.72,9.75,-4.25,3.19,-8.12,10.02,0,1.70,-0.0364,0.0295,0,0.000,0.000,0.00,0.00,0.000,0
11.25,7.56,4.06,0.9924,-0.0690,-0.0961,-0.0352,1.70,-1.32,9.48,10.94,-6.25,-0.06,9.72,0,1.70,-0.0372,0.0287,0,0.000,0.000,0.00,0.00,0.000,0
11.75,7.19,3.88,0.9922,-0.0654,-0.1009,-0.0338,2.44,-0.83,9.14,1.50,-2.88,-2.56,9.50,0,1.70,-0.0392,0.0273,0,0.000,0.000,0.00,0.00,0.000,0
11.56,7.31,4.12,0.9922,-0.0668,-0.0983,-0.0365,1.78,-1.41,9.57,-5.00,5.50,-4.06,9.84,0,1.70,-0.0381,0.0279,0,0.000,0.000,0.00,0.00,0.000,0
phase1 acc_mag=9.842 gravity=9.763 motion=0.079 moving_avg=0.144 rms=0.197 mean_rms=0.141 max_rms=0.197 min_rms=0.083 std=0.039 var=0.002 state=standing thr=0.220/0.420/0.920
11.50,7.44,4.38,0.9921,-0.0677,-0.0979,-0.0384,1.92,-1.27,9.50,-1.25,-1.69,-0.38,9.77,0,1.70,-0.0378,0.0284,0,0.000,0.000,0.00,0.00,0.000,0
11.56,7.44,4.69,0.9919,-0.0684,-0.0983,-0.0409,2.04,-1.34,9.48,-1.12,1.06,-2.75,9.79,0,1.70,-0.0379,0.0288,0,0.000,0.000,0.00,0.00,0.000,0
11.44,7.56,4.88,0.9919,-0.0692,-0.0972,-0.0423,1.74,-1.33,9.45,-2.62,-0.75,-4.88,9.70,0,1.70,-0.0374,0.0291,0,0.000,0.000,0.00,0.00,0.000,0
phase1 acc_mag=10.064 gravity=9.775 motion=0.289 moving_avg=0.138 rms=0.195 mean_rms=0.159 max_rms=0.197 min_rms=0.083 std=0.040 var=0.002 state=standing thr=0.240/0.440/0.940
11.50,7.56,5.19,0.9918,-0.0698,-0.0977,-0.0455,1.84,-1.43,9.79,1.75,5.62,-1.50,10.06,0,1.70,-0.0375,0.0295,0,0.000,0.000,0.00,0.00,0.000,0
11.44,7.25,5.25,0.9919,-0.0672,-0.0969,-0.0458,1.59,-1.26,9.58,3.81,-1.06,-1.69,9.79,0,1.70,-0.0372,0.0284,0,0.000,0.000,0.00,0.00,0.000,0
11.81,7.00,5.62,0.9916,-0.0654,-0.1005,-0.0493,2.01,-0.99,9.36,-0.19,-4.69,-1.88,9.62,0,1.70,-0.0386,0.0279,0,0.000,0.000,0.00,0.00,0.000,0
11.75,6.94,5.75,0.9916,-0.0652,-0.0996,-0.0501,1.79,-1.25,9.54,0.94,3.94,2.50,9.79,0,1.70,-0.0382,0.0279,0,0.000,0.000,0.00,0.00,0.000,0
phase1 acc_mag=9.886 gravity=9.771 motion=0.115 moving_avg=0.142 rms=0.197 mean_rms=0.180 max_rms=0.198 min_rms=0.094 std=0.024 var=0.001 state=standing thr=0.229/0.429/0.929
11.62,7.00,5.62,0.9918,-0.0657,-0.0989,-0.0486,2.01,-1.23,9.46,-2.44,-1.38,1.44,9.75,0,1.70,-0.0379,0.0280,0,0.000,0.000,0.00,0.00,0.000,0
11.38,7.44,4.81,0.9922,-0.0688,-0.0961,-0.0395,2.03,-1.26,9.48,-2.31,6.56,29.12,9.78,0,1.70,-0.0370,0.0288,0,0.000,0.000,0.00,0.00,0.000,0
9.94,7.81,2.31,0.9937,-0.0693,-0.0855,-0.0205,1.53,-1.32,9.58,7.38,30.12,33.19,9.79,0,1.70,-0.0334,0.0283,0,0.000,0.000,0.00,0.00,0.000,0
8.31,7.56,1.06,0.9952,-0.0659,-0.0718,-0.0085,1.11,-1.28,9.85,4.56,10.25,10.25,9.99,0,1.70,-0.0284,0.0265,0,0.000,0.000,0.00,0.00,0.000,0
phase1 acc_mag=9.717 gravity=9.773 motion=0.056 moving_avg=0.113 rms=0.151 mean_rms=0.185 max_rms=0.198 min_rms=0.149 std=0.015 var=0.000 state=standing thr=0.215/0.415/0.915
7.88,7.25,0.56,0.9956,-0.0637,-0.0688,-0.0050,1.30,-1.16,9.60,2.19,2.00,2.75,9.76,0,1.70,-0.0273,0.0255,0,0.000,0.000,0.00,0.00,0.000,0
7.81,7.31,0.81,0.9956,-0.0641,-0.0682,-0.0071,1.20,-1.19,9.60,-2.38,0.44,-3.62,9.75,0,1.70,-0.0270,0.0257,0,0.000,0.000,0.00,0.00,0.000,0
7.81,7.56,0.88,0.9954,-0.0668,-0.0677,-0.0074,1.36,-1.38,9.67,-4.06,2.94,3.94,9.86,0,1.70,-0.0268,0.0268,0,0.000,0.000,0.00,0.00,0.000,0
7.62,8.25,0.25,0.9951,-0.0728,-0.0665,-0.0016,1.06,-1.31,9.62,-11.88,1.69,14.25,9.77,0,1.70,-0.0264,0.0290,0,0.000,0.000,0.00,0.00,0.000,0
phase1 acc_mag=9.739 gravity=9.768 motion=0.029 moving_avg=0.095 rms=0.131 mean_rms=0.176 max_rms=0.198 min_rms=0.131 std=0.024 var=0.001 state=standing thr=0.225/0.425/0.925
7.38,9.19,359.19,0.9947,-0.0795,-0.0651,0.0068,1.68,-1.58,9.46,-11.31,3.25,19.50,9.74,0,1.70,-0.0261,0.0314,0,0.000,0.000,0.00,0.00,0.000,0
7.75,11.06,359.81,0.9929,-0.0975,-0.0682,0.0016,0.99,-2.66,9.88,-17.00,1.44,4.31,10.28,0,1.70,-0.0272,0.0387,0,0.000,0.000,0.00,0.00,0.000,0
6.94,11.38,358.50,0.9932,-0.0980,-0.0625,0.0129,1.13,-1.92,9.68,1.31,3.56,21.31,9.93,0,1.70,-0.0253,0.0386,0,0.000,0.000,0.00,0.00,0.000,0
6.56,11.00,358.12,0.9937,-0.0945,-0.0591,0.0161,1.37,-1.77,9.50,16.38,10.75,5.69,9.76,0,1.70,-0.0241,0.0372,0,0.000,0.000,0.00,0.00,0.000,0
phase1 acc_mag=9.777 gravity=9.801 motion=0.023 moving_avg=0.105 rms=0.153 mean_rms=0.165 max_rms=0.198 min_rms=0.127 std=0.026 var=0.001 state=standing thr=0.217/0.417/0.917
6.06,10.00,358.69,0.9947,-0.0866,-0.0543,0.0111,1.88,-1.60,9.32,17.12,15.12,-5.94,9.64,0,1.70,-0.0220,0.0342,0,0.000,0.000,0.00,0.00,0.000,0
5.00,9.56,358.81,0.9956,-0.0826,-0.0432,0.0097,0.81,-1.73,9.83,2.00,18.25,-3.94,10.01,0,1.70,-0.0175,0.0327,0,0.000,0.000,0.00,0.00,0.000,0
4.44,9.56,359.25,0.9957,-0.0834,-0.0395,0.0063,1.54,-1.69,9.78,-0.50,2.56,3.81,10.04,0,1.70,-0.0159,0.0331,0,0.000,0.000,0.00,0.00,0.000,0
4.00,9.62,359.31,0.9958,-0.0837,-0.0357,0.0055,0.37,-1.88,9.79,3.38,5.50,-4.62,9.98,0,1.70,-0.0144,0.0333,0,0.000,0.000,0.00,0.00,0.000,0
phase1 acc_mag=9.764 gravity=9.805 motion=0.041 moving_avg=0.126 rms=0.172 mean_rms=0.159 max_rms=0.198 min_rms=0.127 std=0.021 var=0.000 state=standing thr=0.201/0.401/0.901
4.06,9.44,359.62,0.9960,-0.0823,-0.0359,0.0028,0.93,-1.62,9.77,5.19,0.44,-13.19,9.95,0,1.70,-0.0144,0.0328,0,0.000,0.000,0.00,0.00,0.000,0
3.69,9.31,359.75,0.9962,-0.0817,-0.0321,0.0021,0.81,-1.72,9.64,-3.38,9.06,1.44,9.83,0,1.70,-0.0129,0.0325,0,0.000,0.000,0.00,0.00,0.000,0
2.88,9.50,359.44,0.9962,-0.0828,-0.0258,0.0045,0.14,-1.73,9.81,0.31,7.44,2.69,9.96,0,1.70,-0.0104,0.0329,0,0.000,0.000,0.00,0.00,0.000,0
phase1 acc_mag=9.843 gravity=9.821 motion=0.023 moving_avg=0.133 rms=0.179 mean_rms=0.155 max_rms=0.181 min_rms=0.127 std=0.015 var=0.000 state=standing thr=0.186/0.386/0.886
2.69,9.62,359.31,0.9962,-0.0840,-0.0243,0.0056,0.74,-1.74,9.66,-2.50,1.94,0.06,9.84,0,1.70,-0.0099,0.0334,0,0.000,0.000,0.00,0.00,0.000,0
2.38,9.25,358.62,0.9965,-0.0804,-0.0222,0.0117,0.81,-1.67,10.28,11.00,-24.44,67.94,10.45,0,1.70,-0.0092,0.0319,0,0.000,0.000,0.00,0.00,0.000,0
2.06,10.81,354.12,0.9928,-0.1003,-0.0201,0.0628,0.24,-1.99,9.92,-77.38,26.06,145.94,10.12,0,1.70,-0.0105,0.0393,0,0.000,0.000,0.00,0.00,0.000,0
-1.56,15.94,349.44,0.9860,-0.1396,0.0012,0.0908,-0.50,-3.28,8.94,-54.44,47.25,27.12,9.54,0,1.70,-0.0046,0.0551,0,0.000,0.000,0.00,0.00,0.000,0
phase1 acc_mag=10.573 gravity=9.819 motion=0.754 moving_avg=0.184 rms=0.271 mean_rms=0.170 max_rms=0.271 min_rms=0.127 std=0.035 var=0.001 state=slow thr=0.239/0.439/0.939
-2.44,17.12,351.44,0.9858,-0.1524,0.0122,0.0702,-0.30,-2.73,10.21,-22.50,28.00,-36.81,10.57,0,1.70,0.0005,0.0604,0,0.000,0.000,0.00,0.00,0.000,0
-5.94,22.19,349.56,0.9760,-0.1959,0.0355,0.0887,-1.01,-4.16,9.08,-30.44,3.81,42.44,10.04,0,1.70,0.0069,0.0777,0,0.000,0.000,0.00,0.00,0.000,0
-6.25,21.50,348.62,0.9761,-0.1906,0.0374,0.0971,-0.89,-4.11,9.12,10.12,-4.25,-5.56,10.04,0,1.70,0.0072,0.0759,0,0.000,0.000,0.00,0.00,0.000,0
-5.44,20.88,348.06,0.9768,-0.1854,0.0244,0.1041,-0.90,-3.72,8.81,-15.81,-60.38,15.75,9.61,0,1.70,0.0018,0.0735,0,0.000,0.000,0.00,0.00,0.000,0
phase1 acc_mag=10.351 gravity=9.870 motion=0.481 moving_avg=0.242 rms=0.336 mean_rms=0.202 max_rms=0.336 min_rms=0.130 std=0.057 var=0.003 state=slow thr=0.316/0.516/1.016
1.62,21.81,343.44,0.9716,-0.1852,-0.0416,0.1414,0.61,-3.85,8.75,-34.00,-167.94,54.12,9.58,0,1.70,-0.0266,0.0696,0,0.000,0.000,0.00,0.00,0.000,0
9.69,19.94,339.44,0.9661,-0.1450,-0.1208,0.1760,2.05,-3.56,9.92,86.69,-105.69,-5.38,10.74,0,1.70,-0.0569,0.0475,0,0.000,0.000,0.00,0.00,0.000,0
12.19,18.25,339.50,0.9662,-0.1343,-0.1340,0.1747,2.34,-2.24,8.57,-58.38,-2.50,2.94,9.16,0,1.70,-0.0612,0.0425,0,0.000,0.000,0.00,0.00,0.000,0
11.56,20.94,340.62,0.9645,-0.1591,-0.1312,0.1646,1.79,-4.13,8.39,-17.06,26.56,-12.12,9.52,0,1.70,-0.0611,0.0528,0,0.000,0.000,0.00,0.00,0.000,0
phase1 acc_mag=9.969 gravity=9.890 motion=0.079 moving_avg=0.326 rms=0.456 mean_rms=0.255 max_rms=0.456 min_rms=0.155 std=0.095 var=0.009 state=slow thr=0.445/0.645/1.145
10.81,14.94,341.00,0.9736,-0.1111,-0.1152,0.1627,2.16,-2.21,9.25,69.19,10.88,-30.50,9.75,0,1.70,-0.0521,0.0358,0,0.000,0.000,0.00,0.00,0.000,0
10.06,12.88,341.50,0.9771,-0.0952,-0.1052,0.1589,1.68,-2.23,9.07,33.62,14.19,9.38,9.49,0,1.70,-0.0472,0.0305,0,0.000,0.000,0.00,0.00,0.000,0
8.38,9.81,340.62,0.9802,-0.0700,-0.0814,0.1664,1.72,-1.62,9.88,34.88,50.19,2.25,10.16,0,1.70,-0.0366,0.0220,0,0.000,0.000,0.00,0.00,0.000,0
5.62,7.19,343.94,0.9871,-0.0552,-0.0575,0.1390,-10.93,-10.56,13.50,-6.12,-9.38,-163.81,20.33,0,1.70,-0.0258,0.0186,0,0.000,0.000,0.00,0.00,0.000,0
phase1 acc_mag=7.984 gravity=10.003 motion=2.018 moving_avg=0.480 rms=1.153 mean_rms=0.332 max_rms=1.153 min_rms=0.172 std=0.161 var=0.026 state=walking thr=0.653/0.853/1.353
4.88,5.25,349.12,0.9937,-0.0414,-0.0450,0.0937,1.03,-0.20,9.07,16.62,19.06,-16.69,9.13,0,1.70,-0.0195,0.0148,0,0.000,0.000,0.00,0.00,0.000,0
3.75,4.62,349.62,0.9946,-0.0382,-0.0366,0.0896,0.21,-0.42,9.73,-7.88,-0.50,-7.56,9.74,0,1.70,-0.0159,0.0139,0,0.000,0.000,0.00,0.00,0.000,0
4.25,5.38,350.00,0.9944,-0.0439,-0.0413,0.0869,0.48,-0.89,9.64,-14.69,-15.19,-5.81,9.69,0,1.70,-0.0180,0.0160,0,0.000,0.000,0.00,0.00,0.000,0
5.12,6.19,350.69,0.9942,-0.0505,-0.0495,0.0809,0.93,-0.78,9.60,-6.25,-7.12,-19.19,9.68,0,1.70,-0.0213,0.0185,0,0.000,0.000,0.00,0.00,0.000,0
phase1 acc_mag=9.557 gravity=9.966 motion=0.409 moving_avg=0.551 rms=1.175 mean_rms=0.550 max_rms=1.175 min_rms=0.174 std=0.357 var=0.127 state=standing thr=1.263/1.463/1.963
5.56,7.00,351.25,0.9941,-0.0570,-0.0533,0.0760,1.09,-0.76,9.56,-10.75,0.31,-5.12,9.65,0,1.70,-0.0229,0.0210,0,0.000,0.000,0.00,0.00,0.000,0
5.88,8.44,351.75,0.9934,-0.0695,-0.0568,0.0715,1.00,-1.38,9.48,-18.38,-2.31,-8.12,9.63,0,1.70,-0.0245,0.0260,0,0.000,0.000,0.00,0.00,0.000,0
5.56,9.62,352.31,0.9931,-0.0815,-0.0535,0.0654,1.33,-2.67,9.77,-25.31,9.62,-6.88,10.22,0,1.70,-0.0234,0.0310,0,0.000,0.000,0.00,0.00,0.000,0
5.06,10.00,353.00,0.9933,-0.0844,-0.0500,0.0602,0.94,-2.15,9.73,-9.75,2.12,-1.56,10.01,0,1.70,-0.0219,0.0323,0,0.000,0.000,0.00,0.00,0.000,0
phase1 acc_mag=9.722 gravity=9.959 motion=0.237 moving_avg=0.507 rms=1.158 mean_rms=0.753 max_rms=1.175 min_rms=0.287 std=0.385 var=0.148 state=standing thr=1.523/1.723/2.223
4.88,10.31,353.19,0.9933,-0.0870,-0.0482,0.0588,1.01,-1.54,9.62,-10.19,4.69,0.06,9.79,0,1.70,-0.0212,0.0334,0,0.000,0.000,0.00,0.00,0.000,0
4.31,11.19,353.31,0.9929,-0.0948,-0.0439,0.0579,0.88,-2.03,9.50,-5.75,11.50,-2.81,9.75,0,1.70,-0.0196,0.0367,0,0.000,0.000,0.00,0.00,0.000,0
3.88,11.25,353.56,0.9930,-0.0963,-0.0396,0.0554,0.54,-2.01,9.86,-0.50,4.12,-2.44,10.08,0,1.70,-0.0178,0.0374,0,0.000,0.000,0.00,0.00,0.000,0
3.62,11.44,353.62,0.9929,-0.0984,-0.0375,0.0551,0.68,-2.01,9.68,-8.19,3.88,0.56,9.91,0,1.70,-0.0171,0.0382,0,0.000,0.000,0.00,0.00,0.000,0
phase1 acc_mag=9.862 gravity=9.881 motion=0.019 moving_avg=0.433 rms=1.122 mean_rms=0.928 max_rms=1.175 min_rms=0.409 std=0.333 var=0.111 state=standing thr=1.593/1.793/2.293
3.62,11.56,353.88,0.9930,-0.0990,-0.0374,0.0531,0.42,-1.72,9.59,-4.44,-2.19,-2.69,9.75,0,1.70,-0.0169,0.0385,0,0.000,0.000,0.00,0.00,0.000,0
3.94,11.69,354.06,0.9929,-0.1000,-0.0401,0.0507,0.92,-2.03,9.66,0.81,-3.00,-3.69,9.91,0,1.70,-0.0180,0.0389,0,0.000,0.000,0.00,0.00,0.000,0
4.06,11.81,354.31,0.9929,-0.1010,-0.0409,0.0488,0.78,-2.05,9.60,-3.94,-0.75,-3.31,9.85,0,1.70,-0.0182,0.0393,0,0.000,0.000,0.00,0.00,0.000,0
4.12,12.06,354.38,0.9926,-0.1031,-0.0414,0.0483,0.88,-2.24,9.63,-4.00,0.25,1.00,9.93,0,1.70,-0.0184,0.0401,0,0.000,0.000,0.00,0.00,0.000,0
phase1 acc_mag=9.761 gravity=9.900 motion=0.139 moving_avg=0.355 rms=1.095 mean_rms=1.073 max_rms=1.175 min_rms=0.464 std=0.213 var=0.045 state=standing thr=1.499/1.699/2.199
4.12,12.31,354.38,0.9924,-0.1055,-0.0417,0.0479,0.71,-2.01,9.44,-0.56,2.00,-3.88,9.68,0,1.70,-0.0186,0.0411,0,0.000,0.000,0.00,0.00,0.000,0
4.19,12.62,354.56,0.9921,-0.1083,-0.0421,0.0470,0.82,-2.26,9.50,-6.38,-2.00,-1.56,9.80,0,1.70,-0.0187,0.0422,0,0.000,0.000,0.00,0.00,0.000,0
4.19,12.69,354.69,0.9921,-0.1088,-0.0419,0.0460,0.83,-2.27,9.59,-2.31,0.38,-0.25,9.89,0,1.70,-0.0186,0.0424,0,0.000,0.000,0.00,0.00,0.000,0
4.12,12.75,354.75,0.9921,-0.1094,-0.0412,0.0453,0.68,-2.07,9.60,-3.31,1.31,0.88,9.84,0,1.70,-0.0183,0.0427,0,0.000,0.000,0.00,0.00,0.000,0
phase1 acc_mag=9.572 gravity=9.795 motion=0.223 moving_avg=0.156 rms=0.202 mean_rms=1.040 max_rms=1.175 min_rms=0.202 std=0.282 var=0.079 state=standing thr=1.603/1.803/2.303
4.00,12.69,354.81,0.9922,-0.1091,-0.0405,0.0446,0.65,-2.20,9.63,-0.69,1.62,-0.94,9.90,0,1.70,-0.0180,0.0426,0,0.000,0.000,0.00,0.00,0.000,0
4.00,12.75,354.88,0.9922,-0.1094,-0.0401,0.0444,0.71,-2.09,9.57,-1.38,-0.12,-0.19,9.82,0,1.70,-0.0179,0.0427,0,0.000,0.000,0.00,0.00,0.000,0
3.94,12.69,354.88,0.9922,-0.1090,-0.0396,0.0442,0.78,-2.04,9.60,-1.00,1.88,0.62,9.85,0,1.70,-0.0176,0.0426,0,0.000,0.000,0.00,0.00,0.000,0
3.75,12.75,354.88,0.9922,-0.1097,-0.0381,0.0439,0.51,-2.13,9.68,-2.56,2.75,-0.06,9.92,0,1.70,-0.0171,0.0429,0,0.000,0.000,0.00,0.00,0.000,0
phase1 acc_mag=9.800 gravity=9.812 motion=0.012 moving_avg=0.115 rms=0.158 mean_rms=0.841 max_rms=1.165 min_rms=0.158 std=0.430 var=0.185 state=standing thr=1.701/1.901/2.401
3.69,12.94,354.88,0.9921,-0.1117,-0.0375,0.0443,0.78,-2.19,9.46,-5.12,-0.56,2.25,9.74,0,1.70,-0.0169,0.0437,0,0.000,0.000,0.00,0.00,0.000,0
3.56,13.12,354.88,0.9919,-0.1129,-0.0366,0.0439,0.68,-2.38,9.64,-2.12,3.19,0.25,9.95,0,1.70,-0.0165,0.0441,0,0.000,0.000,0.00,0.00,0.000,0
3.44,13.12,354.94,0.9920,-0.1132,-0.0351,0.0435,0.59,-2.10,9.55,-1.12,1.69,-0.06,9.80,0,1.70,-0.0159,0.0443,0,0.000,0.000,0.00,0.00,0.000,0
3.31,13.31,354.94,0.9919,-0.1145,-0.0342,0.0434,0.45,-2.33,9.58,-2.75,1.50,0.00,9.87,0,1.70,-0.0155,0.0448,0,0.000,0.000,0.00,0.00,0.000,0
phase1 acc_mag=9.892 gravity=9.829 motion=0.063 moving_avg=0.074 rms=0.094 mean_rms=0.622 max_rms=1.156 min_rms=0.094 std=0.475 var=0.226 state=standing thr=1.572/1.772/2.272
3.19,13.38,355.00,0.9919,-0.1151,-0.0334,0.0430,0.57,-2.14,9.52,-0.50,2.94,0.25,9.77,0,1.70,-0.0152,0.0451,0,0.000,0.000,0.00,0.00,0.000,0
3.06,13.31,355.00,0.9919,-0.1150,-0.0319,0.0429,0.44,-2.19,9.61,-0.50,0.69,0.50,9.87,0,1.70,-0.0146,0.0451,0,0.000,0.000,0.00,0.00,0.000,0
2.94,13.31,355.00,0.9920,-0.1146,-0.0309,0.0431,0.72,-2.28,9.60,1.81,4.25,1.00,9.89,0,1.70,-0.0142,0.0449,0,0.000,0.000,0.00,0.00,0.000,0
phase1 acc_mag=9.725 gravity=9.821 motion=0.097 moving_avg=0.065 rms=0.082 mean_rms=0.391 max_rms=1.104 min_rms=0.081 std=0.421 var=0.177 state=standing thr=1.233/1.433/1.933
2.75,13.25,354.94,0.9920,-0.1145,-0.0297,0.0435,0.40,-2.13,9.48,-1.94,0.25,1.06,9.72,0,1.70,-0.0138,0.0449,0,0.000,0.000,0.00,0.00,0.000,0
2.75,13.44,355.00,0.9919,-0.1160,-0.0294,0.0433,0.60,-2.29,9.51,-1.12,1.44,-0.44,9.80,0,1.70,-0.0137,0.0455,0,0.000,0.000,0.00,0.00,0.000,0
2.56,13.50,355.00,0.9919,-0.1165,-0.0279,0.0433,0.33,-2.18,9.60,-0.56,3.00,0.88,9.85,0,1.70,-0.0131,0.0457,0,0.000,0.000,0.00,0.00,0.000,0
2.44,13.69,354.88,0.9916,-0.1184,-0.0270,0.0443,0.50,-2.14,9.46,-5.06,1.94,0.06,9.71,0,1.70,-0.0128,0.0465,0,0.000,0.000,0.00,0.00,0.000,0
phase1 acc_mag=9.913 gravity=9.821 motion=0.091 moving_avg=0.061 rms=0.075 mean_rms=0.187 max_rms=1.092 min_rms=0.074 std=0.235 var=0.055 state=standing thr=0.657/0.857/1.357
2.44,13.75,355.00,0.9916,-0.1188,-0.0269,0.0432,0.46,-2.54,9.57,2.75,-1.06,1.62,9.91,0,1.70,-0.0127,0.0467,0,0.000,0.000,0.00,0.00,0.000,0
2.38,13.50,354.88,0.9918,-0.1167,-0.0266,0.0444,0.78,-2.16,9.55,4.00,1.44,2.25,9.82,0,1.70,-0.0126,0.0458,0,0.000,0.000,0.00,0.00,0.000,0
2.06,13.38,354.81,0.9921,-0.1150,-0.0233,0.0444,-0.06,-2.11,9.82,7.00,6.00,-1.25,10.04,0,1.70,-0.0113,0.0452,0,0.000,0.000,0.00,0.00,0.000,0
2.25,13.25,354.88,0.9921,-0.1144,-0.0251,0.0443,0.63,-2.15,9.77,-1.62,-7.31,-3.75,10.02,0,1.70,-0.0120,0.0450,0,0.000,0.000,0.00,0.00,0.000,0
phase1 acc_mag=9.758 gravity=9.835 motion=0.077 moving_avg=0.077 rms=0.105 mean_rms=0.106 max_rms=0.200 min_rms=0.074 std=0.036 var=0.001 state=standing thr=0.177/0.377/0.877
2.56,13.56,354.88,0.9917,-0.1174,-0.0283,0.0442,0.74,-2.47,9.20,-1.19,1.81,0.25,9.55,0,1.70,-0.0133,0.0461,0,0.000,0.000,0.00,0.00,0.000,0
1.81,13.19,354.69,0.9923,-0.1133,-0.0200,0.0455,0.22,-1.95,9.66,13.44,16.50,-0.19,9.86,0,1.70,-0.0100,0.0446,0,0.000,0.000,0.00,0.00,0.000,0
0.62,12.19,354.88,0.9933,-0.1060,-0.0107,0.0443,-0.31,-2.14,9.84,11.81,11.81,-0.31,10.07,0,1.70,-0.0061,0.0419,0,0.000,0.000,0.00,0.00,0.000,0
0.56,11.75,355.06,0.9938,-0.1025,-0.0106,0.0427,-0.08,-1.68,9.86,-0.31,-6.44,-0.75,10.00,0,1.70,-0.0059,0.0406,0,0.000,0.000,0.00,0.00,0.000,0
phase1 acc_mag=9.545 gravity=9.835 motion=0.290 moving_avg=0.105 rms=0.143 mean_rms=0.097 max_rms=0.143 min_rms=0.074 std=0.020 var=0.000 state=slow thr=0.136/0.350/0.850
1.12,12.38,355.12,0.9932,-0.1075,-0.0145,0.0421,0.49,-2.12,9.52,-12.25,-3.00,-3.00,9.77,0,1.70,-0.0076,0.0425,0,0.000,0.000,0.00,0.00,0.000,0
1.38,13.19,355.19,0.9923,-0.1154,-0.0178,0.0414,0.31,-2.40,9.60,-12.44,-8.31,-1.19,9.90,0,1.70,-0.0090,0.0455,0,0.000,0.000,0.00,0.00,0.000,0
2.00,13.56,355.38,0.9921,-0.1172,-0.0225,0.0399,0.31,-2.26,9.67,-0.12,-5.06,-1.50,9.94,0,1.70,-0.0108,0.0462,0,0.000,0.000,0.00,0.00,0.000,0
phase1 acc_mag=9.835 gravity=9.838 motion=0.003 moving_avg=0.117 rms=0.152 mean_rms=0.106 max_rms=0.152 min_rms=0.074 std=0.029 var=0.001 state=standing thr=0.165/0.365/0.865
2.31,13.56,355.44,0.9920,-0.1173,-0.0255,0.0390,0.43,-2.31,9.55,1.00,-1.69,-1.75,9.83,0,1.70,-0.0119,0.0462,0,0.000,0.000,0.00,0.00,0.000,0
2.38,13.31,355.56,0.9923,-0.1150,-0.0255,0.0380,0.37,-2.05,9.62,0.88,-0.81,-1.38,9.84,0,1.70,-0.0119,0.0453,0,0.000,0.000,0.00,0.00,0.000,0
2.50,13.44,355.75,0.9922,-0.1164,-0.0269,0.0366,0.39,-2.26,9.55,-0.62,-1.75,-2.94,9.82,0,1.70,-0.0124,0.0458,0,0.000,0.000,0.00,0.00,0.000,0
2.56,13.31,355.81,0.9923,-0.1152,-0.0269,0.0361,0.41,-2.04,9.58,6.88,5.06,-2.00,9.80,0,1.70,-0.0123,0.0454,0,0.000,0.000,0.00,0.00,0.000,0
phase1 acc_mag=10.174 gravity=9.842 motion=0.331 moving_avg=0.124 rms=0.159 mean_rms=0.120 max_rms=0.159 min_rms=0.074 std=0.032 var=0.001 state=standing thr=0.184/0.384/0.884
2.50,13.31,355.94,0.9922,-0.1160,-0.0267,0.0355,0.28,-1.94,9.66,-10.12,-5.12,3.75,9.86,0,1.70,-0.0122,0.0456,0,0.000,0.000,0.00,0.00,0.000,0
2.56,13.94,355.94,0.9917,-0.1207,-0.0270,0.0351,0.08,-2.40,9.58,0.81,2.31,-3.88,9.88,0,1.70,-0.0124,0.0475,0,0.000,0.000,0.00,0.00,0.000,0
2.69,13.94,355.94,0.9917,-0.1206,-0.0283,0.0349,0.69,-2.23,9.43,-0.94,-3.12,-0.12,9.71,0,1.70,-0.0129,0.0474,0,0.000,0.000,0.00,0.00,0.000,0
2.56,13.94,355.94,0.9918,-0.1204,-0.0268,0.0349,0.34,-2.38,9.65,0.00,3.00,0.88,9.94,0,1.70,-0.0123,0.0474,0,0.000,0.000,0.00,0.00,0.000,0
phase1 acc_mag=9.878 gravity=9.846 motion=0.032 moving_avg=0.129 rms=0.163 mean_rms=0.138 max_rms=0.163 min_rms=0.074 std=0.025 var=0.001 state=standing thr=0.189/0.389/0.889
2.38,13.94,355.94,0.9918,-0.1205,-0.0253,0.0352,0.34,-2.15,9.53,-2.06,3.00,0.31,9.78,0,1.70,-0.0117,0.0474,0,0.000,0.000,0.00,0.00,0.000,0
2.25,14.06,355.94,0.9916,-0.1220,-0.0244,0.0347,0.31,-2.39,9.61,-3.31,-1.19,-1.00,9.91,0,1.70,-0.0114,0.0481,0,0.000,0.000,0.00,0.00,0.000,0
2.25,14.31,356.00,0.9914,-0.1241,-0.0243,0.0343,0.35,-2.60,9.66,-1.69,0.69,-1.25,10.01,0,1.70,-0.0113,0.0489,0,0.000,0.000,0.00,0.00,0.000,0
2.31,14.38,356.00,0.9913,-0.1245,-0.0251,0.0344,0.63,-2.38,9.33,-0.38,-1.62,0.81,9.65,0,1.70,-0.0117,0.0490,0,0.000,0.000,0.00,0.00,0.000,0
phase1 acc_mag=9.721 gravity=9.848 motion=0.127 moving_avg=0.113 rms=0.140 mean_rms=0.151 max_rms=0.163 min_rms=0.125 std=0.011 var=0.000 state=standing thr=0.172/0.372/0.872
2.19,14.31,356.00,0.9915,-0.1237,-0.0234,0.0346,0.34,-2.42,9.63,1.75,3.69,1.12,9.94,0,1.70,-0.0110,0.0487,0,0.000,0.000,0.00,0.00,0.000,0
1.94,14.12,355.94,0.9916,-0.1224,-0.0214,0.0349,0.12,-2.27,9.61,1.81,1.69,0.00,9.88,0,1.70,-0.0102,0.0483,0,0.000,0.000,0.00,0.00,0.000,0
1.88,14.12,355.94,0.9916,-0.1224,-0.0211,0.0347,0.38,-2.24,9.48,-0.50,1.69,-1.62,9.75,0,1.70,-0.0101,0.0482,0,0.000,0.000,0.00,0.00,0.000,0
1.81,14.12,356.00,0.9916,-0.1226,-0.0203,0.0343,0.28,-2.39,9.61,-0.06,1.38,-0.69,9.91,0,1.70,-0.0097,0.0484,0,0.000,0.000,0.00,0.00,0.000,0
phase1 acc_mag=10.101 gravity=9.852 motion=0.249 moving_avg=0.098 rms=0.121 mean_rms=0.150 max_rms=0.163 min_rms=0.119 std=0.011 var=0.000 state=standing thr=0.173/0.373/0.873
1.81,14.12,356.06,0.9917,-0.1225,-0.0203,0.0340,0.37,-2.40,9.56,-0.44,-0.69,-0.75,9.86,0,1.70,-0.0097,0.0483,0,0.000,0.000,0.00,0.00,0.000,0
1.81,14.12,356.06,0.9917,-0.1223,-0.0206,0.0341,0.39,-2.40,9.60,0.25,-0.88,0.62,9.90,0,1.70,-0.0098,0.0482,0,0.000,0.000,0.00,0.00,0.000,0
1.75,13.94,356.06,0.9919,-0.1210,-0.0200,0.0341,0.12,-2.20,9.48,3.31,4.00,-0.50,9.73,0,1.70,-0.0096,0.0477,0,0.000,0.000,0.00,0.00,0.000,0
1.81,14.00,356.06,0.9918,-0.1218,-0.0203,0.0339,0.28,-2.39,9.63,-2.44,-1.69,-0.38,9.93,0,1.70,-0.0097,0.0481,0,0.000,0.000,0.00,0.00,0.000,0
phase1 acc_mag=9.855 gravity=9.848 motion=0.007 moving_avg=0.099 rms=0.123 mean_rms=0.144 max_rms=0.163 min_rms=0.119 std=0.016 var=0.000 state=standing thr=0.176/0.376/0.876
1.88,14.12,356.06,0.9916,-0.1226,-0.0211,0.0339,0.37,-2.38,9.49,-1.25,-1.44,-0.38,9.79,0,1.70,-0.0100,0.0484,0,0.000,0.000,0.00,0.00,0.000,0
1.94,14.19,356.06,0.9916,-0.1231,-0.0216,0.0335,0.30,-2.39,9.58,-0.94,-0.69,-0.81,9.88,0,1.70,-0.0102,0.0485,0,0.000,0.000,0.00,0.00,0.000,0
2.00,14.19,356.12,0.9916,-0.1230,-0.0218,0.0334,0.37,-2.34,9.59,0.44,0.56,-0.94,9.88,0,1.70,-0.0103,0.0485,0,0.000,0.000,0.00,0.00,0.000,0
1.94,14.19,356.12,0.9916,-0.1229,-0.0216,0.0330,0.30,-2.27,9.44,-0.06,-0.06,-0.62,9.71,0,1.70,-0.0102,0.0484,0,0.000,0.000,0.00,0.00,0.000,0
phase1 acc_mag=9.811 gravity=9.843 motion=0.032 moving_avg=0.087 rms=0.111 mean_rms=0.136 max_rms=0.163 min_rms=0.111 std=0.018 var=0.000 state=standing thr=0.172/0.372/0.872
2.00,14.25,356.25,0.9916,-0.1234,-0.0219,0.0322,0.36,-2.40,9.51,-1.56,-1.06,-0.81,9.81,0,1.70,-0.0103,0.0486,0,0.000,0.000,0.00,0.00,0.000,0
2.00,14.25,356.31,0.9916,-0.1238,-0.0220,0.0317,0.37,-2.32,9.53,-0.12,0.38,-0.56,9.82,0,1.70,-0.0103,0.0488,0,0.000,0.000,0.00,0.00,0.000,0
1.94,14.25,356.31,0.9916,-0.1238,-0.0211,0.0313,0.29,-2.29,9.49,-0.06,2.19,-1.62,9.77,0,1.70,-0.0099,0.0489,0,0.000,0.000,0.00,0.00,0.000,0
phase1 acc_mag=9.642 gravity=9.843 motion=0.201 moving_avg=0.081 rms=0.105 mean_rms=0.124 max_rms=0.158 min_rms=0.103 std=0.015 var=0.000 state=standing thr=0.155/0.355/0.855
1.94,14.25,356.38,0.9916,-0.1235,-0.0211,0.0311,0.51,-2.30,9.35,0.75,-0.56,0.19,9.64,0,1.70,-0.0099,0.0487,0,0.000,0.000,0.00,0.00,0.000,0
1.88,14.19,356.38,0.9917,-0.1232,-0.0205,0.0309,0.35,-2.29,9.54,-0.75,-0.50,0.88,9.82,0,1.70,-0.0097,0.0486,0,0.000,0.000,0.00,0.00,0.000,0
1.75,14.25,356.38,0.9916,-0.1235,-0.0197,0.0309,0.16,-2.42,9.63,-0.25,1.75,-0.25,9.93,0,1.70,-0.0093,0.0488,0,0.000,0.000,0.00,0.00,0.000,0
1.75,14.12,356.38,0.9918,-0.1227,-0.0193,0.0311,0.23,-2.15,9.62,3.19,1.94,-0.31,9.86,0,1.70,-0.0092,0.0484,0,0.000,0.000,0.00,0.00,0.000,0
phase1 acc_mag=9.767 gravity=9.839 motion=0.072 moving_avg=0.068 rms=0.088 mean_rms=0.113 max_rms=0.139 min_rms=0.088 std=0.013 var=0.000 state=standing thr=0.139/0.350/0.850
1.69,14.19,356.31,0.9917,-0.1231,-0.0186,0.0317,0.50,-2.54,9.47,-0.69,1.75,1.19,9.82,0,1.70,-0.0089,0.0486,0,0.000,0.000,0.00,0.00,0.000,0
1.56,14.06,356.31,0.9918,-0.1223,-0.0179,0.0315,0.07,-2.19,9.54,-0.12,-0.56,0.44,9.79,0,1.70,-0.0087,0.0483,0,0.000,0.000,0.00,0.00,0.000,0
1.62,14.06,356.31,0.9919,-0.1221,-0.0184,0.0314,0.22,-2.18,9.55,0.31,0.81,-0.50,9.80,0,1.70,-0.0088,0.0482,0,0.000,0.000,0.00,0.00,0.000,0
1.56,14.12,356.31,0.9918,-0.1226,-0.0181,0.0317,0.39,-2.52,9.51,-0.38,1.31,-0.25,9.85,0,1.70,-0.0087,0.0484,0,0.000,0.000,0.00,0.00,0.000,0
phase1 acc_mag=9.829 gravity=9.834 motion=0.005 moving_avg=0.061 rms=0.079 mean_rms=0.104 max_rms=0.123 min_rms=0.079 std=0.014 var=0.000 state=standing thr=0.132/0.350/0.850
1.50,14.06,356.31,0.9919,-0.1219,-0.0176,0.0315,0.20,-2.33,9.60,0.50,-1.25,0.19,9.88,0,1.70,-0.0085,0.0481,0,0.000,0.000,0.00,0.00,0.000,0
1.50,14.00,356.31,0.9919,-0.1219,-0.0172,0.0316,-0.03,-2.25,9.63,-0.19,1.94,-0.38,9.89,0,1.70,-0.0084,0.0481,0,0.000,0.000,0.00,0.00,0.000,0
1.44,13.94,356.25,0.9919,-0.1211,-0.0170,0.0321,0.67,-2.59,9.39,7.44,2.06,0.62,9.76,0,1.70,-0.0083,0.0478,0,0.000,0.000,0.00,0.00,0.000,0
1.19,13.56,356.31,0.9924,-0.1177,-0.0145,0.0317,-0.09,-1.81,9.51,0.62,3.88,0.88,9.68,0,1.70,-0.0073,0.0466,0,0.000,0.000,0.00,0.00,0.000,0
phase1 acc_mag=9.863 gravity=9.833 motion=0.030 moving_avg=0.065 rms=0.081 mean_rms=0.095 max_rms=0.121 min_rms=0.074 std=0.014 var=0.000 state=standing thr=0.123/0.350/0.850
1.12,13.69,356.25,0.9922,-0.1191,-0.0138,0.0320,-0.27,-2.36,9.71,-0.31,0.00,-1.00,10.00,0,1.70,-0.0070,0.0471,0,0.000,0.000,0.00,0.00,0.000,0
1.38,13.56,356.25,0.9924,-0.1180,-0.0161,0.0323,0.59,-2.43,9.51,2.50,-3.69,-1.56,9.83,0,1.70,-0.0079,0.0466,0,0.000,0.000,0.00,0.00,0.000,0
1.38,13.25,356.25,0.9927,-0.1151,-0.0161,0.0321,0.03,-1.74,9.82,-1.12,-2.12,1.12,9.97,0,1.70,-0.0079,0.0455,0,0.000,0.000,0.00,0.00,0.000,0
1.31,13.12,356.31,0.9929,-0.1141,-0.0154,0.0317,-0.08,-1.97,9.54,0.62,-1.44,-1.38,9.74,0,1.70,-0.0076,0.0451,0,0.000,0.000,0.00,0.00,0.000,0
phase1 acc_mag=9.757 gravity=9.836 motion=0.080 moving_avg=0.073 rms=0.090 mean_rms=0.089 max_rms=0.107 min_rms=0.074 std=0.009 var=0.000 state=standing thr=0.107/0.350/0.850
1.44,13.25,356.31,0.9927,-0.1154,-0.0165,0.0315,0.31,-2.07,9.48,-3.50,-1.19,-1.19,9.71,0,1.70,-0.0080,0.0456,0,0.000,0.000,0.00,0.00,0.000,0
1.38,13.56,356.31,0.9924,-0.1179,-0.0163,0.0315,-0.01,-2.41,9.69,-2.69,-0.62,-0.19,9.99,0,1.70,-0.0080,0.0466,0,0.000,0.000,0.00,0.00,0.000,0
1.56,13.81,356.31,0.9921,-0.1198,-0.0178,0.0316,0.43,-2.27,9.49,-5.81,-0.94,0.69,9.77,0,1.70,-0.0086,0.0473,0,0.000,0.000,0.00,0.00,0.000,0
1.50,13.88,356.31,0.9921,-0.1201,-0.0170,0.0318,0.02,-2.34,9.62,5.69,1.50,-1.19,9.90,0,1.70,-0.0083,0.0475,0,0.000,0.000,0.00,0.00,0.000,0
phase1 acc_mag=9.868 gravity=9.840 motion=0.028 moving_avg=0.082 rms=0.098 mean_rms=0.087 max_rms=0.099 min_rms=0.074 std=0.007 var=0.000 state=standing thr=0.102/0.350/0.850
1.50,13.56,356.31,0.9924,-0.1180,-0.0175,0.0318,0.24,-2.06,9.54,1.88,-1.25,-1.44,9.76,0,1.70,-0.0085,0.0466,0,0.000,0.000,0.00,0.00,0.000,0
1.56,13.69,356.31,0.9922,-0.1194,-0.0179,0.0317,0.26,-2.46,9.71,-4.62,-0.88,-0.56,10.02,0,1.70,-0.0086,0.0472,0,0.000,0.000,0.00,0.00,0.000,0
1.75,13.81,356.38,0.9921,-0.1201,-0.0193,0.0309,0.03,-2.21,9.55,0.25,-3.88,-1.62,9.80,0,1.70,-0.0092,0.0474,0,0.000,0.000,0.00,0.00,0.000,0
phase1 acc_mag=9.541 gravity=9.840 motion=0.299 moving_avg=0.080 rms=0.099 mean_rms=0.088 max_rms=0.099 min_rms=0.074 std=0.008 var=0.000 state=standing thr=0.105/0.350/0.850
2.00,13.81,356.38,0.9921,-0.1195,-0.0218,0.0314,0.67,-2.20,9.26,3.75,-0.81,-0.50,9.54,0,1.70,-0.0101,0.0472,0,0.000,0.000,0.00,0.00,0.000,0
2.06,13.56,356.38,0.9924,-0.1173,-0.0225,0.0313,0.31,-2.18,9.52,0.12,-5.06,0.31,9.77,0,1.70,-0.0104,0.0463,0,0.000,0.000,0.00,0.00,0.000,0
2.50,13.50,356.25,0.9922,-0.1171,-0.0258,0.0320,0.65,-2.22,9.38,2.44,-4.38,1.50,9.66,0,1.70,-0.0117,0.0461,0,0.000,0.000,0.00,0.00,0.000,0
2.50,13.38,356.25,0.9924,-0.1156,-0.0262,0.0323,0.38,-1.99,9.61,0.81,0.19,-0.19,9.82,0,1.70,-0.0119,0.0456,0,0.000,0.000,0.00,0.00,0.000,0
phase1 acc_mag=9.814 gravity=9.840 motion=0.027 moving_avg=0.090 rms=0.109 mean_rms=0.093 max_rms=0.110 min_rms=0.074 std=0.010 var=0.000 state=standing thr=0.113/0.350/0.850
2.50,13.50,356.31,0.9922,-0.1172,-0.0258,0.0319,0.12,-2.39,9.77,-5.06,-0.12,-1.38,10.06,0,1.70,-0.0117,0.0462,0,0.000,0.000,0.00,0.00,0.000,0
2.69,13.69,356.31,0.9920,-0.1188,-0.0280,0.0317,0.60,-2.37,9.40,-1.75,-3.88,-0.81,9.71,0,1.70,-0.0126,0.0468,0,0.000,0.000,0.00,0.00,0.000,0
2.81,13.56,356.38,0.9922,-0.1172,-0.0289,0.0312,0.44,-2.16,9.44,3.56,-0.12,-0.38,9.69,0,1.70,-0.0129,0.0461,0,0.000,0.000,0.00,0.00,0.000,0
2.88,13.31,356.38,0.9924,-0.1154,-0.0293,0.0312,0.44,-2.10,9.48,1.62,-2.62,-0.44,9.72,0,1.70,-0.0131,0.0454,0,0.000,0.000,0.00,0.00,0.000,0
phase1 acc_mag=9.864 gravity=9.838 motion=0.026 moving_avg=0.089 rms=0.108 mean_rms=0.099 max_rms=0.112 min_rms=0.082 std=0.008 var=0.000 state=standing thr=0.116/0.350/0.850
2.94,13.31,356.38,0.9924,-0.1150,-0.0300,0.0312,0.53,-2.16,9.63,0.31,-0.88,-0.06,9.88,0,1.70,-0.0133,0.0453,0,0.000,0.000,0.00,0.00,0.000,0
3.00,13.38,356.44,0.9924,-0.1157,-0.0304,0.0305,0.29,-2.13,9.54,-1.81,-0.88,-2.12,9.78,0,1.70,-0.0135,0.0456,0,0.000,0.000,0.00,0.00,0.000,0
3.19,13.50,356.50,0.9922,-0.1167,-0.0321,0.0300,0.66,-2.24,9.41,-1.31,-4.44,-1.50,9.70,0,1.70,-0.0141,0.0459,0,0.000,0.000,0.00,0.00,0.000,0
3.25,13.50,356.50,0.9922,-0.1163,-0.0323,0.0298,0.58,-2.26,9.55,2.44,1.31,0.50,9.83,0,1.70,-0.0142,0.0458,0,0.000,0.000,0.00,0.00,0.000,0
phase1 acc_mag=9.805 gravity=9.845 motion=0.041 moving_avg=0.083 rms=0.103 mean_rms=0.103 max_rms=0.112 min_rms=0.094 std=0.006 var=0.000 state=standing thr=0.114/0.350/0.850
3.12,13.25,356.44,0.9924,-0.1147,-0.0314,0.0304,0.47,-2.16,9.66,2.25,0.19,1.44,9.91,0,1.70,-0.0139,0.0452,0,0.000,0.000,0.00,0.00,0.000,0
3.12,13.19,356.38,0.9925,-0.1141,-0.0311,0.0311,0.57,-2.11,9.47,0.06,1.69,0.69,9.72,0,1.70,-0.0138,0.0449,0,0.000,0.000,0.00,0.00,0.000,0
3.00,13.25,356.31,0.9924,-0.1146,-0.0300,0.0318,0.36,-2.12,9.57,-0.94,0.38,1.31,9.81,0,1.70,-0.0134,0.0451,0,0.000,0.000,0.00,0.00,0.000,0
2.94,13.38,356.25,0.9923,-0.1155,-0.0300,0.0320,0.48,-2.22,9.54,-1.06,0.56,-1.06,9.81,0,1.70,-0.0134,0.0455,0,0.000,0.000,0.00,0.00,0.000,0
phase1 acc_mag=9.797 gravity=9.835 motion=0.038 moving_avg=0.077 rms=0.096 mean_rms=0.103 max_rms=0.112 min_rms=0.094 std=0.006 var=0.000 state=standing thr=0.114/0.350/0.850
2.94,13.44,356.44,0.9922,-0.1168,-0.0293,0.0305,0.33,-2.07,9.56,-3.44,1.56,-3.38,9.79,0,1.70,-0.0131,0.0460,0,0.000,0.000,0.00,0.00,0.000,0
3.00,13.69,356.50,0.9921,-0.1185,-0.0302,0.0300,0.89,-2.46,9.46,0.94,-2.69,1.00,9.82,0,1.70,-0.0134,0.0466,0,0.000,0.000,0.00,0.00,0.000,0
2.81,13.50,356.50,0.9923,-0.1168,-0.0281,0.0300,0.41,-2.15,9.55,2.19,5.38,0.50,9.80,0,1.70,-0.0125,0.0460,0,0.000,0.000,0.00,0.00,0.000,0
phase1 acc_mag=9.952 gravity=9.828 motion=0.125 moving_avg=0.080 rms=0.099 mean_rms=0.104 max_rms=0.112 min_rms=0.096 std=0.005 var=0.000 state=standing thr=0.114/0.350/0.850
2.44,13.44,356.62,0.9924,-0.1167,-0.0253,0.0291,0.34,-2.20,9.70,-1.00,2.31,-1.25,9.95,0,1.70,-0.0114,0.0460,0,0.000,0.000,0.00,0.00,0.000,0
2.31,13.56,356.75,0.9924,-0.1174,-0.0240,0.0278,0.25,-2.26,9.60,-0.44,3.81,-1.44,9.87,0,1.70,-0.0108,0.0463,0,0.000,0.000,0.00,0.00,0.000,0
2.25,13.56,356.75,0.9924,-0.1176,-0.0234,0.0279,0.37,-2.29,9.46,0.81,0.38,0.38,9.74,0,1.70,-0.0106,0.0464,0,0.000,0.000,0.00,0.00,0.000,0
2.25,13.44,356.75,0.9926,-0.1162,-0.0234,0.0275,0.26,-2.08,9.51,2.00,-1.25,-1.94,9.74,0,1.70,-0.0106,0.0459,0,0.000,0.000,0.00,0.00,0.000,0
phase1 acc_mag=9.891 gravity=9.830 motion=0.061 moving_avg=0.075 rms=0.093 mean_rms=0.102 max_rms=0.111 min_rms=0.093 std=0.005 var=0.000 state=standing thr=0.112/0.350/0.850
2.44,13.38,356.88,0.9926,-0.1160,-0.0248,0.0269,0.49,-2.11,9.52,-2.44,-3.38,-0.94,9.76,0,1.70,-0.0111,0.0458,0,0.000,0.000,0.00,0.00,0.000,0
2.50,13.56,356.88,0.9924,-0.1176,-0.0256,0.0266,0.41,-2.30,9.55,-3.31,0.12,-0.88,9.83,0,1.70,-0.0114,0.0464,0,0.000,0.000,0.00,0.00,0.000,0
2.56,13.75,356.94,0.9922,-0.1191,-0.0261,0.0262,0.36,-2.28,9.62,-0.31,-1.56,-1.50,9.89,0,1.70,-0.0116,0.0470,0,0.000,0.000,0.00,0.00,0.000,0
2.75,13.75,356.94,0.9922,-0.1190,-0.0278,0.0260,0.56,-2.31,9.58,-1.12,-2.19,0.00,9.87,0,1.70,-0.0123,0.0469,0,0.000,0.000,0.00,0.00,0.000,0
phase1 acc_mag=9.911 gravity=9.832 motion=0.079 moving_avg=0.072 rms=0.089 mean_rms=0.098 max_rms=0.108 min_rms=0.088 std=0.005 var=0.000 state=standing thr=0.109/0.350/0.850
2.81,13.75,357.00,0.9921,-0.1193,-0.0281,0.0258,0.52,-2.38,9.57,-0.62,0.88,0.00,9.88,0,1.70,-0.0124,0.0471,0,0.000,0.000,0.00,0.00,0.000,0
2.88,13.75,357.00,0.9921,-0.1194,-0.0289,0.0259,0.56,-2.24,9.46,-0.81,-2.06,-0.50,9.74,0,1.70,-0.0127,0.0471,0,0.000,0.000,0.00,0.00,0.000,0
2.94,13.81,357.00,0.9921,-0.1198,-0.0291,0.0256,0.45,-2.32,9.62,-2.12,0.38,-0.31,9.91,0,1.70,-0.0128,0.0472,0,0.000,0.000,0.00,0.00,0.000,0
2.94,13.94,357.00,0.9919,-0.1210,-0.0291,0.0255,0.49,-2.42,9.58,-2.31,0.50,-0.25,9.89,0,1.70,-0.0128,0.0477,0,0.000,0.000,0.00,0.00,0.000,0
phase1 acc_mag=9.850 gravity=9.827 motion=0.023 moving_avg=0.068 rms=0.086 mean_rms=0.094 max_rms=0.106 min_rms=0.086 std=0.005 var=0.000 state=standing thr=0.105/0.350/0.850
2.94,14.00,357.00,0.9918,-0.1216,-0.0291,0.0255,0.45,-2.40,9.55,-0.12,0.12,0.06,9.86,0,1.70,-0.0128,0.0479,0,0.000,0.000,0.00,0.00,0.000,0
2.88,13.88,357.00,0.9919,-0.1205,-0.0284,0.0259,0.45,-2.37,9.59,3.25,1.19,1.12,9.89,0,1.70,-0.0125,0.0475,0,0.000,0.000,0.00,0.00,0.000,0
2.75,13.69,357.00,0.9922,-0.1188,-0.0275,0.0258,0.34,-2.14,9.65,0.44,0.88,-0.44,9.89,0,1.70,-0.0122,0.0469,0,0.000,0.000,0.00,0.00,0.000,0
phase1 acc_mag=9.814 gravity=9.829 motion=0.015 moving_avg=0.064 rms=0.084 mean_rms=0.092 max_rms=0.106 min_rms=0.083 std=0.006 var=0.000 state=standing thr=0.104/0.350/0.850
2.75,13.81,357.06,0.9920,-0.1202,-0.0279,0.0253,0.49,-2.25,9.54,-3.81,-2.62,-2.06,9.81,0,1.70,-0.0123,0.0474,0,0.000,0.000,0.00,0.00,0.000,0
3.06,14.19,357.19,0.9916,-0.1232,-0.0305,0.0238,0.49,-2.46,9.52,-2.88,-4.00,-1.31,9.84,0,1.70,-0.0133,0.0486,0,0.000,0.000,0.00,0.00,0.000,0
3.19,14.31,357.25,0.9915,-0.1238,-0.0316,0.0237,0.74,-2.44,9.46,0.25,0.06,0.56,9.80,0,1.70,-0.0137,0.0488,0,0.000,0.000,0.00,0.00,0.000,0
3.06,14.19,357.19,0.9916,-0.1231,-0.0296,0.0244,0.48,-2.43,9.59,1.25,3.88,1.75,9.90,0,1.70,-0.0129,0.0485,0,0.000,0.000,0.00,0.00,0.000,0
phase1 acc_mag=9.797 gravity=9.831 motion=0.034 moving_avg=0.057 rms=0.071 mean_rms=0.087 max_rms=0.100 min_rms=0.071 std=0.006 var=0.000 state=standing thr=0.100/0.350/0.850
2.81,14.12,357.19,0.9918,-0.1224,-0.0280,0.0244,0.39,-2.30,9.57,0.38,1.25,0.12,9.85,0,1.70,-0.0123,0.0483,0,0.000,0.000,0.00,0.00,0.000,0
2.75,14.19,357.19,0.9918,-0.1228,-0.0273,0.0242,0.54,-2.31,9.52,-2.88,2.31,0.19,9.81,0,1.70,-0.0120,0.0485,0,0.000,0.000,0.00,0.00,0.000,0
2.56,14.38,357.19,0.9916,-0.1249,-0.0257,0.0240,0.32,-2.50,9.56,-3.31,2.19,0.00,9.89,0,1.70,-0.0114,0.0493,0,0.000,0.000,0.00,0.00,0.000,0
2.50,14.44,357.19,0.9915,-0.1254,-0.0255,0.0238,0.52,-2.42,9.49,-0.44,0.94,-0.31,9.81,0,1.70,-0.0113,0.0495,0,0.000,0.000,0.00,0.00,0.000,0
phase1 acc_mag=9.857 gravity=9.830 motion=0.027 moving_avg=0.052 rms=0.066 mean_rms=0.081 max_rms=0.093 min_rms=0.066 std=0.008 var=0.000 state=standing thr=0.098/0.350/0.850
2.38,14.44,357.25,0.9916,-0.1252,-0.0242,0.0236,0.27,-2.41,9.56,0.31,1.81,0.00,9.86,0,1.70,-0.0108,0.0494,0,0.000,0.000,0.00,0.00,0.000,0
2.31,14.44,357.25,0.9916,-0.1251,-0.0235,0.0236,0.46,-2.48,9.62,0.31,1.38,-0.38,9.95,0,1.70,-0.0105,0.0494,0,0.000,0.000,0.00,0.00,0.000,0
2.31,14.44,357.25,0.9916,-0.1251,-0.0233,0.0234,0.34,-2.48,9.66,0.00,0.62,-0.12,9.98,0,1.70,-0.0104,0.0494,0,0.000,0.000,0.00,0.00,0.000,0
2.25,14.38,357.25,0.9916,-0.1247,-0.0231,0.0234,0.33,-2.42,9.57,1.19,0.69,-0.25,9.88,0,1.70,-0.0103,0.0492,0,0.000,0.000,0.00,0.00,0.000,0
phase1 acc_mag=9.748 gravity=9.831 motion=0.083 moving_avg=0.053 rms=0.066 mean_rms=0.076 max_rms=0.087 min_rms=0.065 std=0.009 var=0.000 state=standing thr=0.093/0.350/0.850
2.25,14.25,357.25,0.9918,-0.1238,-0.0230,0.0234,0.35,-2.31,9.53,0.69,0.38,-0.06,9.81,0,1.70,-0.0103,0.0489,0,0.000,0.000,0.00,0.00,0.000,0
2.19,14.25,357.25,0.9918,-0.1238,-0.0226,0.0234,0.27,-2.37,9.59,-0.31,0.31,0.12,9.88,0,1.70,-0.0101,0.0489,0,0.000,0.000,0.00,0.00,0.000,0
2.25,14.25,357.25,0.9918,-0.1240,-0.0228,0.0234,0.34,-2.38,9.51,0.12,-0.38,-0.50,9.81,0,1.70,-0.0102,0.0490,0,0.000,0.000,0.00,0.00,0.000,0
phase1 acc_mag=9.859 gravity=9.834 motion=0.025 moving_avg=0.052 rms=0.065 mean_rms=0.071 max_rms=0.086 min_rms=0.064 std=0.007 var=0.000 state=standing thr=0.086/0.350/0.850
2.25,14.25,357.25,0.9918,-0.1239,-0.0228,0.0234,0.31,-2.39,9.56,0.56,0.00,-0.44,9.86,0,1.70,-0.0102,0.0489,0,0.000,0.000,0.00,0.00,0.000,0
2.25,14.25,357.25,0.9918,-0.1238,-0.0227,0.0234,0.36,-2.30,9.47,0.19,0.69,-0.56,9.75,0,1.70,-0.0102,0.0489,0,0.000,0.000,0.00,0.00,0.000,0
2.19,14.31,357.25,0.9917,-0.1244,-0.0227,0.0233,0.42,-2.42,9.52,-1.06,-0.75,-0.44,9.83,0,1.70,-0.0102,0.0491,0,0.000,0.000,0.00,0.00,0.000,0
2.25,14.31,357.31,0.9917,-0.1244,-0.0227,0.0232,0.34,-2.39,9.57,0.00,0.00,-0.44,9.87,0,1.70,-0.0102,0.0491,0,0.000,0.000,0.00,0.00,0.000,0
phase1 acc_mag=9.801 gravity=9.832 motion=0.031 moving_avg=0.045 rms=0.055 mean_rms=0.066 max_rms=0.077 min_rms=0.055 std=0.004 var=0.000 state=standing thr=0.080/0.350/0.850
2.19,14.31,357.31,0.9917,-0.1244,-0.0226,0.0232,0.39,-2.37,9.50,-0.25,0.94,0.44,9.80,0,1.70,-0.0101,0.0491,0,0.000,0.000,0.00,0.00,0.000,0
2.19,14.38,357.31,0.9916,-0.1248,-0.0224,0.0231,0.31,-2.40,9.55,-0.81,-0.25,0.06,9.85,0,1.70,-0.0100,0.0493,0,0.000,0.000,0.00,0.00,0.000,0
2.19,14.38,357.31,0.9916,-0.1248,-0.0226,0.0232,0.38,-2.40,9.53,0.00,0.06,0.00,9.83,0,1.70,-0.0101,0.0493,0,0.000,0.000,0.00,0.00,0.000,0
2.19,14.38,357.31,0.9916,-0.1248,-0.0225,0.0232,0.30,-2.41,9.55,-0.56,0.56,0.00,9.85,0,1.70,-0.0101,0.0493,0,0.000,0.000,0.00,0.00,0.000,0
phase1 acc_mag=9.834 gravity=9.838 motion=0.004 moving_avg=0.040 rms=0.050 mean_rms=0.062 max_rms=0.068 min_rms=0.050 std=0.006 var=0.000 state=standing thr=0.080/0.350/0.850
2.19,14.38,357.31,0.9916,-0.1248,-0.0225,0.0232,0.32,-2.40,9.51,-0.19,0.06,-0.06,9.81,0,1.70,-0.0101,0.0493,0,0.000,0.000,0.00,0.00,0.000,0
2.19,14.38,357.31,0.9916,-0.1250,-0.0225,0.0231,0.35,-2.35,9.54,-1.00,0.56,0.12,9.83,0,1.70,-0.0101,0.0494,0,0.000,0.000,0.00,0.00,0.000,0
2.19,14.44,357.31,0.9916,-0.1253,-0.0225,0.0231,0.33,-2.38,9.50,-0.75,0.38,-0.06,9.80,0,1.70,-0.0101,0.0495,0,0.000,0.000,0.00,0.00,0.000,0
2.19,14.50,357.31,0.9915,-0.1258,-0.0225,0.0231,0.40,-2.41,9.49,-0.62,-0.50,0.31,9.80,0,1.70,-0.0101,0.0497,0,0.000,0.000,0.00,0.00,0.000,0
phase1 acc_mag=9.811 gravity=9.836 motion=0.025 moving_avg=0.036 rms=0.047 mean_rms=0.058 max_rms=0.068 min_rms=0.047 std=0.008 var=0.000 state=standing thr=0.080/0.350/0.850
2.19,14.50,357.31,0.9915,-0.1260,-0.0225,0.0231,0.25,-2.44,9.61,-0.75,0.00,0.44,9.92,0,1.70,-0.0101,0.0498,0,0.000,0.000,0.00,0.00,0.000,0
2.19,14.50,357.25,0.9915,-0.1262,-0.0226,0.0234,0.38,-2.42,9.51,0.12,0.12,0.06,9.82,0,1.70,-0.0101,0.0498,0,0.000,0.000,0.00,0.00,0.000,0
2.19,14.50,357.25,0.9915,-0.1260,-0.0224,0.0234,0.26,-2.44,9.64,0.50,0.31,0.50,9.95,0,1.70,-0.0101,0.0498,0,0.000,0.000,0.00,0.00,0.000,0
2.19,14.50,357.25,0.9915,-0.1260,-0.0223,0.0234,0.33,-2.45,9.54,-0.25,0.88,0.19,9.86,0,1.70,-0.0100,0.0498,0,0.000,0.000,0.00,0.00,0.000,0
phase1 acc_mag=9.822 gravity=9.836 motion=0.014 moving_avg=0.033 rms=0.043 mean_rms=0.054 max_rms=0.065 min_rms=0.042 std=0.008 var=0.000 state=standing thr=0.080/0.350/0.850
2.19,14.50,357.25,0.9915,-0.1260,-0.0223,0.0233,0.34,-2.42,9.58,-0.19,-1.00,0.00,9.89,0,1.70,-0.0100,0.0498,0,0.000,0.000,0.00,0.00,0.000,0
2.19,14.56,357.25,0.9915,-0.1264,-0.0223,0.0233,0.32,-2.48,9.53,-0.75,0.56,-0.31,9.85,0,1.70,-0.0100,0.0499,0,0.000,0.000,0.00,0.00,0.000,0
2.19,14.56,357.31,0.9915,-0.1264,-0.0226,0.0232,0.37,-2.45,9.55,-0.12,-1.06,0.00,9.87,0,1.70,-0.0101,0.0499,0,0.000,0.000,0.00,0.00,0.000,0
phase1 acc_mag=9.866 gravity=9.838 motion=0.028 moving_avg=0.034 rms=0.044 mean_rms=0.049 max_rms=0.065 min_rms=0.042 std=0.006 var=0.000 state=standing thr=0.080/0.350/0.850
2.19,14.56,357.31,0.9915,-0.1265,-0.0224,0.0231,0.29,-2.42,9.56,-0.75,1.00,0.00,9.87,0,1.70,-0.0101,0.0499,0,0.000,0.000,0.00,0.00,0.000,0
2.19,14.62,357.31,0.9914,-0.1270,-0.0224,0.0231,0.29,-2.46,9.54,-0.19,-0.81,-0.50,9.86,0,1.70,-0.0101,0.0502,0,0.000,0.000,0.00,0.00,0.000,0
2.19,14.62,357.31,0.9914,-0.1270,-0.0226,0.0230,0.32,-2.42,9.52,0.06,-0.25,-0.88,9.83,0,1.70,-0.0101,0.0501,0,0.000,0.000,0.00,0.00,0.000,0
2.19,14.62,357.31,0.9914,-0.1270,-0.0228,0.0230,0.31,-2.42,9.51,0.38,-0.62,-0.12,9.82,0,1.70,-0.0102,0.0502,0,0.000,0.000,0.00,0.00,0.000,0
phase1 acc_mag=9.795 gravity=9.840 motion=0.045 moving_avg=0.033 rms=0.042 mean_rms=0.046 max_rms=0.052 min_rms=0.041 std=0.003 var=0.000 state=standing thr=0.080/0.350/0.850
2.25,14.62,357.31,0.9914,-0.1270,-0.0228,0.0230,0.33,-2.43,9.52,0.19,-0.31,-0.44,9.83,0,1.70,-0.0102,0.0502,0,0.000,0.000,0.00,0.00,0.000,0
2.19,14.62,357.31,0.9914,-0.1271,-0.0227,0.0229,0.33,-2.53,9.58,-0.38,0.50,-0.38,9.91,0,1.70,-0.0102,0.0502,0,0.000,0.000,0.00,0.00,0.000,0
2.25,14.62,357.31,0.9913,-0.1271,-0.0228,0.0230,0.37,-2.40,9.52,0.19,-0.94,-0.25,9.82,0,1.70,-0.0102,0.0502,0,0.000,0.000,0.00,0.00,0.000,0
2.25,14.62,357.31,0.9913,-0.1271,-0.0229,0.0230,0.36,-2.46,9.52,-0.25,0.56,0.31,9.84,0,1.70,-0.0102,0.0502,0,0.000,0.000,0.00,0.00,0.000,0
phase1 acc_mag=9.932 gravity=9.842 motion=0.090 moving_avg=0.034 rms=0.043 mean_rms=0.044 max_rms=0.049 min_rms=0.041 std=0.002 var=0.000 state=standing thr=0.080/0.350/0.850
2.19,14.62,357.31,0.9914,-0.1271,-0.0227,0.0230,0.30,-2.40,9.47,-0.38,-0.38,0.25,9.77,0,1.70,-0.0102,0.0502,0,0.000,0.000,0.00,0.00,0.000,0
2.25,14.62,357.31,0.9913,-0.1271,-0.0229,0.0229,0.40,-2.52,9.56,0.62,-0.38,-0.38,9.89,0,1.70,-0.0102,0.0502,0,0.000,0.000,0.00,0.00,0.000,0
2.25,14.62,357.31,0.9914,-0.1270,-0.0227,0.0229,0.37,-2.45,9.58,0.00,0.94,0.62,9.90,0,1.70,-0.0102,0.0502,0,0.000,0.000,0.00,0.00,0.000,0
2.19,14.62,357.31,0.9914,-0.1270,-0.0226,0.0229,0.26,-2.44,9.56,0.31,-0.56,-0.38,9.87,0,1.70,-0.0101,0.0502,0,0.000,0.000,0.00,0.00,0.000,0
phase1 acc_mag=9.855 gravity=9.844 motion=0.011 moving_avg=0.036 rms=0.044 mean_rms=0.043 max_rms=0.046 min_rms=0.041 std=0.001 var=0.000 state=standing thr=0.080/0.350/0.850
2.25,14.62,357.31,0.9914,-0.1270,-0.0230,0.0229,0.42,-2.37,9.46,0.06,-0.38,-0.56,9.76,0,1.70,-0.0103,0.0502,0,0.000,0.000,0.00,0.00,0.000,0
2.25,14.62,357.31,0.9913,-0.1272,-0.0228,0.0229,0.32,-2.45,9.57,-0.94,0.31,0.06,9.88,0,1.70,-0.0102,0.0502,0,0.000,0.000,0.00,0.00,0.000,0
2.25,14.69,357.31,0.9913,-0.1273,-0.0229,0.0229,0.38,-2.41,9.49,-0.31,0.06,-0.19,9.80,0,1.70,-0.0103,0.0503,0,0.000,0.000,0.00,0.00,0.000,0
2.25,14.69,357.31,0.9913,-0.1274,-0.0228,0.0229,0.29,-2.45,9.58,-0.69,0.25,0.25,9.89,0,1.70,-0.0102,0.0503,0,0.000,0.000,0.00,0.00,0.000,0
phase1 acc_mag=9.869 gravity=9.848 motion=0.022 moving_avg=0.035 rms=0.042 mean_rms=0.043 max_rms=0.045 min_rms=0.041 std=0.001 var=0.000 state=standing thr=0.080/0.350/0.850
2.25,14.69,357.31,0.9913,-0.1274,-0.0228,0.0229,0.33,-2.39,9.55,0.38,-0.06,-0.31,9.85,0,1.70,-0.0102,0.0503,0,0.000,0.000,0.00,0.00,0.000,0
2.25,14.69,357.31,0.9913,-0.1274,-0.0228,0.0229,0.34,-2.42,9.53,-0.38,0.38,-0.06,9.84,0,1.70,-0.0102,0.0503,0,0.000,0.000,0.00,0.00,0.000,0
2.25,14.69,357.31,0.9913,-0.1274,-0.0228,0.0229,0.37,-2.40,9.51,0.38,0.00,-0.38,9.82,0,1.70,-0.0102,0.0503,0,0.000,0.000,0.00,0.00,0.000,0
2.25,14.69,357.31,0.9913,-0.1274,-0.0229,0.0229,0.28,-2.42,9.53,-0.25,-0.81,-0.25,9.84,0,1.70,-0.0103,0.0503,0,0.000,0.000,0.00,0.00,0.000,0
phase1 acc_mag=9.831 gravity=9.848 motion=0.017 moving_avg=0.035 rms=0.042 mean_rms=0.043 max_rms=0.045 min_rms=0.040 std=0.001 var=0.000 state=standing thr=0.080/0.350/0.850
2.25,14.69,357.31,0.9913,-0.1277,-0.0231,0.0229,0.42,-2.45,9.49,-0.81,0.88,0.56,9.81,0,1.70,-0.0103,0.0504,0,0.000,0.000,0.00,0.00,0.000,0
2.25,14.69,357.31,0.9913,-0.1277,-0.0228,0.0229,0.27,-2.44,9.53,0.25,-0.69,0.00,9.84,0,1.70,-0.0102,0.0504,0,0.000,0.000,0.00,0.00,0.000,0
2.25,14.69,357.31,0.9913,-0.1276,-0.0231,0.0229,0.41,-2.43,9.46,0.81,-0.62,0.00,9.78,0,1.70,-0.0103,0.0504,0,0.000,0.000,0.00,0.00,0.000,0
phase1 acc_mag=9.866 gravity=9.848 motion=0.018 moving_avg=0.036 rms=0.044 mean_rms=0.043 max_rms=0.045 min_rms=0.040 std=0.002 var=0.000 state=standing thr=0.080/0.350/0.850
2.25,14.69,357.31,0.9913,-0.1274,-0.0228,0.0229,0.21,-2.39,9.57,0.50,0.88,-0.38,9.87,0,1.70,-0.0102,0.0503,0,0.000,0.000,0.00,0.00,0.000,0
2.25,14.69,357.31,0.9913,-0.1277,-0.0232,0.0229,0.40,-2.45,9.53,-0.50,0.44,-0.06,9.85,0,1.70,-0.0104,0.0504,0,0.000,0.000,0.00,0.00,0.000,0
2.25,14.69,357.31,0.9913,-0.1277,-0.0232,0.0228,0.26,-2.43,9.54,0.12,-0.69,-0.44,9.85,0,1.70,-0.0104,0.0504,0,0.000,0.000,0.00,0.00,0.000,0
2.31,14.69,357.31,0.9913,-0.1277,-0.0234,0.0228,0.37,-2.42,9.54,-0.44,0.44,0.00,9.85,0,1.70,-0.0104,0.0504,0,0.000,0.000,0.00,0.00,0.000,0
phase1 acc_mag=9.838 gravity=9.846 motion=0.008 moving_avg=0.035 rms=0.043 mean_rms=0.043 max_rms=0.046 min_rms=0.040 std=0.002 var=0.000 state=standing thr=0.080/0.350/0.850
2.25,14.69,357.31,0.9913,-0.1277,-0.0231,0.0228,0.30,-2.43,9.55,-0.38,0.19,0.19,9.86,0,1.70,-0.0103,0.0504,0,0.000,0.000,0.00,0.00,0.000,0
2.25,14.69,357.31,0.9913,-0.1277,-0.0231,0.0228,0.33,-2.40,9.49,0.12,0.25,-0.19,9.79,0,1.70,-0.0103,0.0504,0,0.000,0.000,0.00,0.00,0.000,0
2.25,14.69,357.31,0.9913,-0.1277,-0.0229,0.0228,0.31,-2.41,9.53,-0.38,-0.12,0.38,9.83,0,1.70,-0.0103,0.0504,0,0.000,0.000,0.00,0.00,0.000,0
2.25,14.69,357.31,0.9913,-0.1278,-0.0229,0.0228,0.29,-2.51,9.57,-0.12,0.81,-0.06,9.90,0,1.70,-0.0102,0.0505,0,0.000,0.000,0.00,0.00,0.000,0
phase1 acc_mag=9.915 gravity=9.847 motion=0.068 moving_avg=0.034 rms=0.042 mean_rms=0.043 max_rms=0.046 min_rms=0.040 std=0.001 var=0.000 state=standing thr=0.080/0.350/0.850
2.19,14.69,357.31,0.9913,-0.1277,-0.0227,0.0228,0.30,-2.44,9.50,-0.25,0.25,0.00,9.81,0,1.70,-0.0102,0.0504,0,0.000,0.000,0.00,0.00,0.000,0
2.19,14.75,357.31,0.9913,-0.1279,-0.0227,0.0228,0.34,-2.42,9.50,0.12,0.69,-0.06,9.81,0,1.70,-0.0102,0.0505,0,0.000,0.000,0.00,0.00,0.000,0
2.19,14.75,357.31,0.9913,-0.1279,-0.0225,0.0228,0.29,-2.44,9.51,0.06,-0.38,-0.38,9.82,0,1.70,-0.0101,0.0505,0,0.000,0.000,0.00,0.00,0.000,0
2.19,14.75,357.31,0.9913,-0.1279,-0.0225,0.0228,0.37,-2.45,9.49,-0.31,-0.25,0.31,9.81,0,1.70,-0.0101,0.0505,0,0.000,0.000,0.00,0.00,0.000,0
phase1 acc_mag=9.835 gravity=9.848 motion=0.013 moving_avg=0.033 rms=0.041 mean_rms=0.043 max_rms=0.046 min_rms=0.041 std=0.001 var=0.000 state=standing thr=0.080/0.350/0.850
2.19,14.75,357.31,0.9913,-0.1279,-0.0223,0.0228,0.30,-2.44,9.51,0.19,0.75,0.19,9.82,0,1.70,-0.0100,0.0505,0,0.000,0.000,0.00,0.00,0.000,0
2.12,14.69,357.31,0.9913,-0.1278,-0.0222,0.0228,0.36,-2.42,9.54,-0.38,-0.44,0.38,9.85,0,1.70,-0.0100,0.0505,0,0.000,0.000,0.00,0.00,0.000,0
2.12,14.69,357.31,0.9913,-0.1278,-0.0222,0.0228,0.26,-2.43,9.52,-0.06,0.19,-0.06,9.83,0,1.70,-0.0099,0.0505,0,0.000,0.000,0.00,0.00,0.000,0
2.12,14.69,357.31,0.9913,-0.1278,-0.0222,0.0228,0.38,-2.44,9.52,-0.06,-0.25,0.00,9.84,0,1.70,-0.0099,0.0505,0,0.000,0.000,0.00,0.00,0.000,0
phase1 acc_mag=9.782 gravity=9.849 motion=0.067 moving_avg=0.031 rms=0.040 mean_rms=0.042 max_rms=0.046 min_rms=0.039 std=0.002 var=0.000 state=standing thr=0.080/0.350/0.850
2.12,14.69,357.31,0.9913,-0.1278,-0.0220,0.0227,0.20,-2.45,9.62,0.44,0.00,-0.50,9.93,0,1.70,-0.0099,0.0505,0,0.000,0.000,0.00,0.00,0.000,0
2.19,14.75,357.31,0.9913,-0.1279,-0.0223,0.0227,0.34,-2.43,9.53,-0.25,-0.38,-0.94,9.84,0,1.70,-0.0100,0.0505,0,0.000,0.000,0.00,0.00,0.000,0
2.19,14.75,357.38,0.9913,-0.1279,-0.0223,0.0226,0.30,-2.48,9.59,-0.50,-0.19,0.06,9.91,0,1.70,-0.0100,0.0505,0,0.000,0.000,0.00,0.00,0.000,0
2.12,14.75,357.38,0.9913,-0.1279,-0.0222,0.0226,0.31,-2.42,9.54,0.25,0.88,-0.19,9.85,0,1.70,-0.0099,0.0505,0,0.000,0.000,0.00,0.00,0.000,0
phase1 acc_mag=9.889 gravity=9.850 motion=0.039 moving_avg=0.029 rms=0.035 mean_rms=0.041 max_rms=0.046 min_rms=0.035 std=0.003 var=0.000 state=standing thr=0.080/0.350/0.850
2.19,14.75,357.38,0.9913,-0.1279,-0.0223,0.0225,0.14,-2.45,9.56,0.19,-1.19,-0.75,9.87,0,1.70,-0.0100,0.0505,0,0.000,0.000,0.00,0.00,0.000,0
2.19,14.75,357.38,0.9913,-0.1279,-0.0225,0.0226,0.34,-2.49,9.59,-0.50,0.00,0.38,9.91,0,1.70,-0.0101,0.0505,0,0.000,0.000,0.00,0.00,0.000,0
2.19,14.75,357.38,0.9913,-0.1279,-0.0225,0.0226,0.33,-2.52,9.57,-0.25,-0.19,-0.12,9.90,0,1.70,-0.0101,0.0505,0,0.000,0.000,0.00,0.00,0.000,0
2.19,14.75,357.38,0.9913,-0.1279,-0.0225,0.0226,0.28,-2.38,9.60,-0.19,-0.06,0.00,9.89,0,1.70,-0.0101,0.0505,0,0.000,0.000,0.00,0.00,0.000,0
phase1 acc_mag=9.788 gravity=9.854 motion=0.066 moving_avg=0.033 rms=0.043 mean_rms=0.041 max_rms=0.044 min_rms=0.035 std=0.002 var=0.000 state=standing thr=0.080/0.350/0.850
2.19,14.75,357.38,0.9913,-0.1279,-0.0225,0.0225,0.25,-2.47,9.56,-0.44,0.00,-0.56,9.88,0,1.70,-0.0101,0.0505,0,0.000,0.000,0.00,0.00,0.000,0
2.25,14.75,357.38,0.9913,-0.1280,-0.0227,0.0225,0.40,-2.45,9.57,-0.62,-0.06,0.25,9.89,0,1.70,-0.0102,0.0505,0,0.000,0.000,0.00,0.00,0.000,0
2.25,14.75,357.38,0.9912,-0.1282,-0.0227,0.0225,0.24,-2.42,9.53,-0.50,0.38,0.38,9.84,0,1.70,-0.0102,0.0506,0,0.000,0.000,0.00,0.00,0.000,0
2.25,14.75,357.38,0.9912,-0.1282,-0.0227,0.0225,0.31,-2.48,9.57,-0.19,0.44,0.12,9.89,0,1.70,-0.0102,0.0506,0,0.000,0.000,0.00,0.00,0.000,0
phase1 acc_mag=9.866 gravity=9.851 motion=0.014 moving_avg=0.031 rms=0.041 mean_rms=0.040 max_rms=0.044 min_rms=0.035 std=0.002 var=0.000 state=standing thr=0.080/0.350/0.850
2.19,14.75,357.38,0.9912,-0.1282,-0.0226,0.0225,0.29,-2.41,9.52,-0.19,0.94,0.00,9.82,0,1.70,-0.0101,0.0506,0,0.000,0.000,0.00,0.00,0.000,0
2.19,14.75,357.38,0.9912,-0.1283,-0.0226,0.0225,0.29,-2.46,9.54,0.25,-0.69,-0.50,9.86,0,1.70,-0.0101,0.0507,0,0.000,0.000,0.00,0.00,0.000,0
2.19,14.81,357.38,0.9912,-0.1284,-0.0224,0.0224,0.21,-2.43,9.57,-0.19,0.81,-0.62,9.88,0,1.70,-0.0100,0.0507,0,0.000,0.000,0.00,0.00,0.000,0
phase1 acc_mag=9.891 gravity=9.847 motion=0.044 moving_avg=0.035 rms=0.047 mean_rms=0.041 max_rms=0.047 min_rms=0.035 std=0.003 var=0.000 state=standing thr=0.080/0.350/0.850
2.25,14.81,357.38,0.9911,-0.1288,-0.0227,0.0223,0.37,-2.51,9.56,-1.19,-0.56,0.00,9.89,0,1.70,-0.0102,0.0509,0,0.000,0.000,0.00,0.00,0.000,0
2.25,14.88,357.38,0.9911,-0.1290,-0.0227,0.0222,0.33,-2.45,9.55,-0.62,0.06,0.44,9.86,0,1.70,-0.0101,0.0509,0,0.000,0.000,0.00,0.00,0.000,0
2.25,14.88,357.38,0.9911,-0.1290,-0.0227,0.0222,0.24,-2.50,9.62,0.31,0.00,0.00,9.94,0,1.70,-0.0101,0.0509,0,0.000,0.000,0.00,0.00,0.000,0
2.25,14.81,357.38,0.9911,-0.1288,-0.0230,0.0223,0.32,-2.39,9.54,0.00,0.06,-0.25,9.84,0,1.70,-0.0103,0.0509,0,0.000,0.000,0.00,0.00,0.000,0
phase1 acc_mag=9.871 gravity=9.850 motion=0.021 moving_avg=0.036 rms=0.048 mean_rms=0.043 max_rms=0.049 min_rms=0.035 std=0.004 var=0.000 state=standing thr=0.080/0.350/0.850
2.25,14.81,357.38,0.9911,-0.1288,-0.0230,0.0223,0.30,-2.44,9.52,-0.44,-0.31,-0.12,9.83,0,1.70,-0.0103,0.0509,0,0.000,0.000,0.00,0.00,0.000,0
2.25,14.81,357.38,0.9911,-0.1288,-0.0230,0.0223,0.30,-2.49,9.52,-0.31,-0.12,-0.31,9.84,0,1.70,-0.0103,0.0509,0,0.000,0.000,0.00,0.00,0.000,0
2.25,14.81,357.44,0.9911,-0.1288,-0.0231,0.0222,0.24,-2.48,9.57,0.31,-0.44,-0.19,9.89,0,1.70,-0.0103,0.0509,0,0.000,0.000,0.00,0.00,0.000,0
2.25,14.81,357.38,0.9911,-0.1287,-0.0231,0.0222,0.43,-2.46,9.52,-0.50,0.38,0.44,9.84,0,1.70,-0.0103,0.0508,0,0.000,0.000,0.00,0.00,0.000,0
phase1 acc_mag=9.837 gravity=9.849 motion=0.012 moving_avg=0.034 rms=0.043 mean_rms=0.045 max_rms=0.049 min_rms=0.041 std=0.003 var=0.000 state=standing thr=0.080/0.350/0.850
2.25,14.88,357.44,0.9911,-0.1290,-0.0229,0.0222,0.26,-2.42,9.53,-0.56,-0.31,0.31,9.84,0,1.70,-0.0102,0.0510,0,0.000,0.000,0.00,0.00,0.000,0
2.25,14.88,357.44,0.9911,-0.1292,-0.0229,0.0222,0.36,-2.51,9.53,-0.44,-0.12,0.44,9.86,0,1.70,-0.0102,0.0510,0,0.000,0.000,0.00,0.00,0.000,0
2.19,14.88,357.38,0.9911,-0.1293,-0.0223,0.0222,0.21,-2.46,9.59,0.38,0.88,-0.19,9.90,0,1.70,-0.0100,0.0510,0,0.000,0.000,0.00,0.00,0.000,0
2.19,14.88,357.38,0.9911,-0.1291,-0.0223,0.0222,0.38,-2.41,9.50,0.12,-0.75,0.19,9.81,0,1.70,-0.0100,0.0510,0,0.000,0.000,0.00,0.00,0.000,0
phase1 acc_mag=9.901 gravity=9.845 motion=0.056 moving_avg=0.036 rms=0.045 mean_rms=0.045 max_rms=0.049 min_rms=0.041 std=0.003 var=0.000 state=standing thr=0.080/0.350/0.850
2.19,14.88,357.38,0.9911,-0.1291,-0.0223,0.0222,0.29,-2.44,9.50,-0.88,0.75,0.25,9.81,0,1.70,-0.0100,0.0510,0,0.000,0.000,0.00,0.00,0.000,0
2.19,14.88,357.44,0.9911,-0.1291,-0.0222,0.0221,0.29,-2.48,9.52,0.25,-1.38,-0.81,9.84,0,1.70,-0.0099,0.0510,0,0.000,0.000,0.00,0.00,0.000,0
2.19,14.88,357.44,0.9911,-0.1290,-0.0226,0.0220,0.36,-2.38,9.50,0.06,-0.06,-0.62,9.80,0,1.70,-0.0101,0.0509,0,0.000,0.000,0.00,0.00,0.000,0
2.19,14.81,357.44,0.9911,-0.1288,-0.0223,0.0220,0.24,-2.46,9.55,-0.12,0.06,-0.19,9.86,0,1.70,-0.0100,0.0509,0,0.000,0.000,0.00,0.00,0.000,0
phase1 acc_mag=9.855 gravity=9.849 motion=0.006 moving_avg=0.037 rms=0.045 mean_rms=0.046 max_rms=0.049 min_rms=0.041 std=0.002 var=0.000 state=standing thr=0.080/0.350/0.850
2.19,14.81,357.44,0.9911,-0.1288,-0.0223,0.0220,0.38,-2.46,9.47,-0.31,-0.38,-0.25,9.79,0,1.70,-0.0100,0.0509,0,0.000,0.000,0.00,0.00,0.000,0
2.12,14.81,357.44,0.9912,-0.1288,-0.0221,0.0220,0.26,-2.46,9.55,-0.62,0.50,0.25,9.87,0,1.70,-0.0099,0.0509,0,0.000,0.000,0.00,0.00,0.000,0
2.12,14.81,357.44,0.9912,-0.1287,-0.0220,0.0220,0.36,-2.45,9.60,0.19,0.31,0.69,9.91,0,1.70,-0.0098,0.0508,0,0.000,0.000,0.00,0.00,0.000,0
phase1 acc_mag=9.879 gravity=9.849 motion=0.030 moving_avg=0.034 rms=0.041 mean_rms=0.045 max_rms=0.049 min_rms=0.041 std=0.002 var=0.000 state=standing thr=0.080/0.350/0.850
2.12,14.81,357.44,0.9912,-0.1285,-0.0219,0.0221,0.23,-2.44,9.57,0.50,0.44,-0.12,9.88,0,1.70,-0.0098,0.0508,0,0.000,0.000,0.00,0.00,0.000,0
2.12,14.81,357.44,0.9912,-0.1284,-0.0218,0.0222,0.36,-2.48,9.54,-0.25,0.25,0.50,9.86,0,1.70,-0.0098,0.0507,0,0.000,0.000,0.00,0.00,0.000,0
2.12,14.75,357.44,0.9913,-0.1284,-0.0215,0.0222,0.21,-2.43,9.59,-0.31,1.06,0.25,9.90,0,1.70,-0.0097,0.0507,0,0.000,0.000,0.00,0.00,0.000,0
2.06,14.75,357.38,0.9913,-0.1283,-0.0213,0.0222,0.37,-2.39,9.43,-0.06,-0.62,0.12,9.74,0,1.70,-0.0096,0.0507,0,0.000,0.000,0.00,0.00,0.000,0
phase1 acc_mag=9.840 gravity=9.847 motion=0.006 moving_avg=0.034 rms=0.041 mean_rms=0.044 max_rms=0.049 min_rms=0.039 std=0.003 var=0.000 state=standing thr=0.080/0.350/0.850
2.00,14.75,357.44,0.9913,-0.1283,-0.0206,0.0222,0.20,-2.38,9.57,-0.88,0.69,-0.38,9.86,0,1.70,-0.0093,0.0507,0,0.000,0.000,0.00,0.00,0.000,0
1.94,14.88,357.44,0.9911,-0.1292,-0.0204,0.0222,0.34,-2.50,9.46,-1.50,0.50,0.19,9.79,0,1.70,-0.0093,0.0510,0,0.000,0.000,0.00,0.00,0.000,0
1.94,14.88,357.44,0.9911,-0.1294,-0.0200,0.0220,0.28,-2.51,9.48,-0.25,-0.56,-0.19,9.81,0,1.70,-0.0091,0.0511,0,0.000,0.000,0.00,0.00,0.000,0
1.88,14.81,357.44,0.9913,-0.1287,-0.0195,0.0220,0.25,-2.43,9.52,1.44,1.38,-0.12,9.83,0,1.70,-0.0089,0.0509,0,0.000,0.000,0.00,0.00,0.000,0
phase1 acc_mag=9.897 gravity=9.847 motion=0.049 moving_avg=0.034 rms=0.041 mean_rms=0.043 max_rms=0.047 min_rms=0.039 std=0.002 var=0.000 state=standing thr=0.080/0.350/0.850
1.81,14.81,357.44,0.9913,-0.1285,-0.0193,0.0219,0.29,-2.45,9.51,-0.25,0.44,0.44,9.82,0,1.70,-0.0088,0.0508,0,0.000,0.000,0.00,0.00,0.000,0
1.81,14.81,357.44,0.9913,-0.1285,-0.0191,0.0219,0.12,-2.42,9.53,-0.50,-0.19,-0.62,9.83,0,1.70,-0.0087,0.0508,0,0.000,0.000,0.00,0.00,0.000,0
1.88,14.81,357.44,0.9913,-0.1285,-0.0197,0.0219,0.34,-2.47,9.46,-0.25,-0.62,-0.38,9.78,0,1.70,-0.0089,0.0508,0,0.000,0.000,0.00,0.00,0.000,0
1.88,14.81,357.44,0.9913,-0.1285,-0.0195,0.0218,0.20,-2.41,9.52,0.19,-0.38,-0.44,9.82,0,1.70,-0.0088,0.0508,0,0.000,0.000,0.00,0.00,0.000,0
phase1 acc_mag=9.883 gravity=9.846 motion=0.036 moving_avg=0.032 rms=0.038 mean_rms=0.042 max_rms=0.047 min_rms=0.038 std=0.002 var=0.000 state=standing thr=0.080/0.350/0.850
1.88,14.81,357.44,0.9913,-0.1285,-0.0198,0.0217,0.23,-2.44,9.55,0.06,0.06,-0.31,9.86,0,1.70,-0.0090,0.0508,0,0.000,0.000,0.00,0.00,0.000,0
1.88,14.81,357.44,0.9913,-0.1285,-0.0198,0.0217,0.23,-2.51,9.56,-0.19,0.25,-0.12,9.89,0,1.70,-0.0090,0.0508,0,0.000,0.000,0.00,0.00,0.000,0
1.88,14.81,357.44,0.9913,-0.1285,-0.0198,0.0217,0.16,-2.44,9.58,-0.25,-0.88,-0.31,9.89,0,1.70,-0.0090,0.0508,0,0.000,0.000,0.00,0.00,0.000,0
1.94,14.81,357.44,0.9913,-0.1286,-0.0201,0.0219,0.32,-2.46,9.52,0.06,0.50,-0.06,9.84,0,1.70,-0.0091,0.0508,0,0.000,0.000,0.00,0.00,0.000,0
phase1 acc_mag=9.816 gravity=9.846 motion=0.030 moving_avg=0.032 rms=0.039 mean_rms=0.041 max_rms=0.044 min_rms=0.038 std=0.002 var=0.000 state=standing thr=0.080/0.350/0.850
1.94,14.81,357.44,0.9913,-0.1286,-0.0200,0.0219,0.17,-2.48,9.61,0.06,-0.19,0.38,9.93,0,1.70,-0.0091,0.0508,0,0.000,0.000,0.00,0.00,0.000,0
1.94,14.81,357.44,0.9913,-0.1285,-0.0204,0.0220,0.30,-2.41,9.54,0.62,0.38,-0.25,9.84,0,1.70,-0.0092,0.0508,0,0.000,0.000,0.00,0.00,0.000,0
1.94,14.81,357.44,0.9913,-0.1285,-0.0203,0.0220,0.23,-2.47,9.52,-0.25,-0.50,-0.25,9.84,0,1.70,-0.0092,0.0508,0,0.000,0.000,0.00,0.00,0.000,0
2.00,14.81,357.44,0.9913,-0.1285,-0.0205,0.0220,0.30,-2.42,9.51,-0.50,0.12,-0.06,9.82,0,1.70,-0.0093,0.0508,0,0.000,0.000,0.00,0.00,0.000,0
phase1 acc_mag=9.875 gravity=9.845 motion=0.030 moving_avg=0.034 rms=0.041 mean_rms=0.040 max_rms=0.042 min_rms=0.038 std=0.001 var=0.000 state=standing thr=0.080/0.350/0.850
2.00,14.81,357.44,0.9913,-0.1285,-0.0205,0.0219,0.23,-2.46,9.58,-0.19,-0.44,-0.31,9.89,0,1.70,-0.0093,0.0508,0,0.000,0.000,0.00,0.00,0.000,0
2.00,14.81,357.44,0.9913,-0.1285,-0.0205,0.0219,0.30,-2.40,9.47,-0.12,0.44,0.00,9.77,0,1.70,-0.0093,0.0508,0,0.000,0.000,0.00,0.00,0.000,0
2.00,14.81,357.44,0.9913,-0.1286,-0.0205,0.0219,0.26,-2.46,9.56,-0.81,-0.50,0.12,9.87,0,1.70,-0.0093,0.0508,0,0.000,0.000,0.00,0.00,0.000,0
2.00,14.81,357.44,0.9912,-0.1287,-0.0205,0.0219,0.20,-2.46,9.52,0.12,0.31,-0.19,9.83,0,1.70,-0.0093,0.0508,0,0.000,0.000,0.00,0.00,0.000,0
phase1 acc_mag=9.825 gravity=9.847 motion=0.022 moving_avg=0.032 rms=0.039 mean_rms=0.040 max_rms=0.042 min_rms=0.038 std=0.001 var=0.000 state=standing thr=0.080/0.350/0.850
2.00,14.81,357.44,0.9912,-0.1287,-0.0205,0.0219,0.27,-2.47,9.60,-0.56,-0.12,-0.12,9.92,0,1.70,-0.0093,0.0509,0,0.000,0.000,0.00,0.00,0.000,0
2.00,14.81,357.44,0.9912,-0.1289,-0.0204,0.0219,0.22,-2.50,9.59,-0.44,0.81,0.06,9.91,0,1.70,-0.0092,0.0509,0,0.000,0.000,0.00,0.00,0.000,0
2.00,14.81,357.44,0.9912,-0.1289,-0.0207,0.0219,0.28,-2.47,9.53,-0.38,-0.69,-0.25,9.85,0,1.70,-0.0093,0.0509,0,0.000,0.000,0.00,0.00,0.000,0
2.00,14.81,357.44,0.9912,-0.1289,-0.0208,0.0219,0.26,-2.51,9.59,0.25,0.12,0.19,9.92,0,1.70,-0.0094,0.0509,0,0.000,0.000,0.00,0.00,0.000,0
phase1 acc_mag=9.874 gravity=9.849 motion=0.026 moving_avg=0.032 rms=0.039 mean_rms=0.039 max_rms=0.041 min_rms=0.038 std=0.001 var=0.000 state=standing thr=0.080/0.350/0.850
2.06,14.81,357.44,0.9912,-0.1288,-0.0211,0.0219,0.33,-2.41,9.51,0.06,-0.50,0.12,9.82,0,1.70,-0.0095,0.0509,0,0.000,0.000,0.00,0.00,0.000,0
2.06,14.81,357.44,0.9912,-0.1290,-0.0211,0.0219,0.26,-2.45,9.50,-0.62,0.50,0.31,9.81,0,1.70,-0.0095,0.0509,0,0.000,0.000,0.00,0.00,0.000,0
2.00,14.88,357.44,0.9911,-0.1290,-0.0210,0.0219,0.25,-2.45,9.51,0.38,-0.06,-0.50,9.82,0,1.70,-0.0095,0.0510,0,0.000,0.000,0.00,0.00,0.000,0
2.00,14.88,357.44,0.9911,-0.1290,-0.0209,0.0219,0.29,-2.43,9.48,-0.25,0.56,-0.31,9.79,0,1.70,-0.0094,0.0510,0,0.000,0.000,0.00,0.00,0.000,0
phase1 acc_mag=9.852 gravity=9.847 motion=0.005 moving_avg=0.032 rms=0.039 mean_rms=0.039 max_rms=0.041 min_rms=0.038 std=0.001 var=0.000 state=standing thr=0.080/0.350/0.850
2.00,14.88,357.44,0.9911,-0.1292,-0.0206,0.0219,0.24,-2.50,9.55,-0.69,0.06,0.38,9.87,0,1.70,-0.0093,0.0510,0,0.000,0.000,0.00,0.00,0.000,0
2.00,14.88,357.44,0.9911,-0.1292,-0.0204,0.0219,0.26,-2.50,9.53,-0.06,0.94,0.06,9.86,0,1.70,-0.0092,0.0510,0,0.000,0.000,0.00,0.00,0.000,0
1.94,14.88,357.44,0.9911,-0.1292,-0.0204,0.0219,0.20,-2.45,9.62,-0.56,-0.56,-0.12,9.93,0,1.70,-0.0092,0.0510,0,0.000,0.000,0.00,0.00,0.000,0
phase1 acc_mag=9.923 gravity=9.847 motion=0.076 moving_avg=0.032 rms=0.041 mean_rms=0.039 max_rms=0.041 min_rms=0.038 std=0.001 var=0.000 state=standing thr=0.080/0.350/0.850
1.94,14.88,357.44,0.9911,-0.1295,-0.0201,0.0218,0.23,-2.50,9.60,0.12,1.31,-0.50,9.92,0,1.70,-0.0091,0.0511,0,0.000,0.000,0.00,0.00,0.000,0
1.94,14.88,357.44,0.9911,-0.1294,-0.0200,0.0219,0.27,-2.43,9.48,0.62,-0.38,-0.50,9.79,0,1.70,-0.0090,0.0511,0,0.000,0.000,0.00,0.00,0.000,0
1.94,14.88,357.44,0.9911,-0.1294,-0.0200,0.0219,0.20,-2.42,9.53,0.06,-0.19,-0.31,9.83,0,1.70,-0.0090,0.0511,0,0.000,0.000,0.00,0.00,0.000,0
1.94,14.88,357.44,0.9911,-0.1293,-0.0201,0.0219,0.26,-2.42,9.55,0.06,0.31,-0.06,9.86,0,1.70,-0.0091,0.0511,0,0.000,0.000,0.00,0.00,0.000,0
phase1 acc_mag=9.882 gravity=9.846 motion=0.037 moving_avg=0.035 rms=0.044 mean_rms=0.040 max_rms=0.044 min_rms=0.038 std=0.002 var=0.000 state=standing thr=0.080/0.350/0.850
1.94,14.88,357.44,0.9911,-0.1293,-0.0203,0.0218,0.29,-2.43,9.48,0.62,-0.62,0.00,9.79,0,1.70,-0.0092,0.0511,0,0.000,0.000,0.00,0.00,0.000,0
1.94,14.88,357.44,0.9911,-0.1293,-0.0203,0.0218,0.23,-2.52,9.65,-0.50,0.50,-0.38,9.98,0,1.70,-0.0092,0.0511,0,0.000,0.000,0.00,0.00,0.000,0
2.00,14.88,357.44,0.9911,-0.1293,-0.0206,0.0217,0.26,-2.50,9.53,-0.38,-1.25,-0.81,9.86,0,1.70,-0.0093,0.0511,0,0.000,0.000,0.00,0.00,0.000,0
2.00,14.88,357.44,0.9911,-0.1293,-0.0206,0.0217,0.26,-2.50,9.57,-0.12,0.44,0.38,9.89,0,1.70,-0.0093,0.0511,0,0.000,0.000,0.00,0.00,0.000,0
phase1 acc_mag=9.736 gravity=9.843 motion=0.107 moving_avg=0.039 rms=0.050 mean_rms=0.041 max_rms=0.050 min_rms=0.038 std=0.003 var=0.000 state=standing thr=0.080/0.350/0.850
1.94,14.88,357.44,0.9911,-0.1293,-0.0203,0.0217,0.15,-2.47,9.57,-0.06,-0.44,-0.12,9.88,0,1.70,-0.0092,0.0511,0,0.000,0.000,0.00,0.00,0.000,0
2.00,14.88,357.44,0.9911,-0.1293,-0.0206,0.0218,0.31,-2.37,9.48,-0.38,0.62,0.44,9.78,0,1.70,-0.0093,0.0511,0,0.000,0.000,0.00,0.00,0.000,0
1.94,14.94,357.44,0.9911,-0.1296,-0.0201,0.0217,0.15,-2.47,9.60,-0.75,-1.38,-0.12,9.91,0,1.70,-0.0091,0.0512,0,0.000,0.000,0.00,0.00,0.000,0
2.00,14.88,357.50,0.9911,-0.1295,-0.0208,0.0215,0.35,-2.45,9.48,-0.56,-0.25,0.31,9.80,0,1.70,-0.0094,0.0511,0,0.000,0.000,0.00,0.00,0.000,0
phase1 acc_mag=9.868 gravity=9.846 motion=0.022 moving_avg=0.043 rms=0.054 mean_rms=0.044 max_rms=0.054 min_rms=0.038 std=0.005 var=0.000 state=standing thr=0.080/0.350/0.850
2.00,14.88,357.50,0.9911,-0.1294,-0.0206,0.0215,0.26,-2.44,9.49,0.50,-0.94,-0.31,9.80,0,1.70,-0.0093,0.0511,0,0.000,0.000,0.00,0.00,0.000,0
2.00,14.88,357.50,0.9911,-0.1293,-0.0206,0.0215,0.32,-2.43,9.48,-0.19,0.25,0.38,9.79,0,1.70,-0.0093,0.0511,0,0.000,0.000,0.00,0.00,0.000,0
1.94,14.88,357.44,0.9912,-0.1290,-0.0200,0.0217,0.15,-2.40,9.51,0.81,1.38,0.25,9.81,0,1.70,-0.0091,0.0510,0,0.000,0.000,0.00,0.00,0.000,0
phase1 acc_mag=9.911 gravity=9.848 motion=0.062 moving_avg=0.048 rms=0.058 mean_rms=0.048 max_rms=0.059 min_rms=0.039 std=0.006 var=0.000 state=standing thr=0.080/0.350/0.850
1.88,14.81,357.44,0.9913,-0.1287,-0.0195,0.0219,0.32,-2.48,9.59,0.19,-0.44,0.19,9.91,0,1.70,-0.0088,0.0508,0,0.000,0.000,0.00,0.00,0.000,0
1.81,14.81,357.44,0.9913,-0.1286,-0.0190,0.0219,0.11,-2.52,9.62,-0.38,0.62,-0.31,9.95,0,1.70,-0.0087,0.0508,0,0.000,0.000,0.00,0.00,0.000,0
1.88,14.81,357.44,0.9913,-0.1285,-0.0193,0.0219,0.29,-2.43,9.50,0.88,-0.38,-0.50,9.81,0,1.70,-0.0088,0.0508,0,0.000,0.000,0.00,0.00,0.000,0
1.88,14.75,357.44,0.9913,-0.1283,-0.0193,0.0217,0.27,-2.40,9.55,0.31,-0.50,-0.50,9.85,0,1.70,-0.0088,0.0507,0,0.000,0.000,0.00,0.00,0.000,0
phase1 acc_mag=9.844 gravity=9.851 motion=0.007 moving_avg=0.048 rms=0.058 mean_rms=0.052 max_rms=0.061 min_rms=0.042 std=0.006 var=0.000 state=standing thr=0.080/0.350/0.850
1.88,14.75,357.50,0.9913,-0.1284,-0.0197,0.0216,0.16,-2.63,9.84,-1.56,-2.62,-0.12,10.19,0,1.70,-0.0089,0.0507,0,0.000,0.000,0.00,0.00,0.000,0
2.06,14.88,357.44,0.9911,-0.1292,-0.0215,0.0218,0.42,-2.35,9.41,-1.31,-1.06,0.06,9.71,0,1.70,-0.0097,0.0510,0,0.000,0.000,0.00,0.00,0.000,0
2.00,14.88,357.44,0.9911,-0.1295,-0.0209,0.0219,0.25,-2.45,9.55,0.38,1.44,0.38,9.86,0,1.70,-0.0094,0.0511,0,0.000,0.000,0.00,0.00,0.000,0
2.00,14.88,357.44,0.9911,-0.1292,-0.0210,0.0219,0.31,-2.40,9.51,0.06,-0.94,0.00,9.81,0,1.70,-0.0095,0.0510,0,0.000,0.000,0.00,0.00,0.000,0
phase1 acc_mag=9.843 gravity=9.853 motion=0.010 moving_avg=0.055 rms=0.072 mean_rms=0.058 max_rms=0.072 min_rms=0.045 std=0.008 var=0.000 state=standing thr=0.080/0.350/0.850
2.00,14.88,357.44,0.9911,-0.1291,-0.0208,0.0217,0.19,-2.43,9.60,-0.12,1.00,-0.62,9.90,0,1.70,-0.0093,0.0510,0,0.000,0.000,0.00,0.00,0.000,0
2.00,14.88,357.44,0.9911,-0.1292,-0.0206,0.0217,0.35,-2.57,9.60,-0.50,-0.50,0.12,9.94,0,1.70,-0.0093,0.0510,0,0.000,0.000,0.00,0.00,0.000,0
2.00,14.88,357.50,0.9912,-0.1291,-0.0206,0.0216,0.25,-2.48,9.57,-0.31,-0.31,-0.25,9.89,0,1.70,-0.0093,0.0510,0,0.000,0.000,0.00,0.00,0.000,0
2.00,14.88,357.44,0.9911,-0.1291,-0.0211,0.0217,0.39,-2.45,9.45,0.38,-0.88,-0.25,9.77,0,1.70,-0.0095,0.0510,0,0.000,0.000,0.00,0.00,0.000,0
phase1 acc_mag=9.818 gravity=9.856 motion=0.039 moving_avg=0.050 rms=0.067 mean_rms=0.062 max_rms=0.072 min_rms=0.051 std=0.007 var=0.000 state=standing thr=0.080/0.350/0.850
2.00,14.88,357.44,0.9911,-0.1291,-0.0208,0.0217,0.22,-2.44,9.58,0.31,0.94,-0.31,9.89,0,1.70,-0.0094,0.0510,0,0.000,0.000,0.00,0.00,0.000,0
2.06,14.88,357.50,0.9911,-0.1291,-0.0214,0.0215,0.31,-2.48,9.51,-0.50,-1.75,-0.44,9.83,0,1.70,-0.0096,0.0510,0,0.000,0.000,0.00,0.00,0.000,0
2.06,14.88,357.50,0.9911,-0.1291,-0.0213,0.0214,0.26,-2.40,9.56,-0.31,0.81,-0.44,9.86,0,1.70,-0.0096,0.0510,0,0.000,0.000,0.00,0.00,0.000,0
2.12,14.88,357.50,0.9911,-0.1293,-0.0215,0.0214,0.27,-2.44,9.43,0.38,-0.94,-0.19,9.74,0,1.70,-0.0097,0.0511,0,0.000,0.000,0.00,0.00,0.000,0
phase1 acc_mag=9.888 gravity=9.856 motion=0.033 moving_avg=0.047 rms=0.065 mean_rms=0.064 max_rms=0.072 min_rms=0.055 std=0.006 var=0.000 state=standing thr=0.080/0.350/0.850
2.12,14.88,357.50,0.9911,-0.1293,-0.0216,0.0214,0.32,-2.48,9.54,-0.88,0.25,-0.06,9.86,0,1.70,-0.0097,0.0511,0,0.000,0.000,0.00,0.00,0.000,0
2.12,14.88,357.50,0.9911,-0.1294,-0.0217,0.0214,0.33,-2.44,9.50,-0.06,0.00,0.00,9.81,0,1.70,-0.0097,0.0511,0,0.000,0.000,0.00,0.00,0.000,0
2.12,14.88,357.50,0.9911,-0.1294,-0.0217,0.0212,0.33,-2.46,9.58,-0.25,0.19,0.06,9.90,0,1.70,-0.0097,0.0511,0,0.000,0.000,0.00,0.00,0.000,0
2.12,14.94,357.50,0.9911,-0.1299,-0.0215,0.0212,0.29,-2.48,9.61,-1.38,1.12,0.69,9.93,0,1.70,-0.0096,0.0513,0,0.000,0.000,0.00,0.00,0.000,0
phase1 acc_mag=9.845 gravity=9.854 motion=0.009 moving_avg=0.043 rms=0.063 mean_rms=0.066 max_rms=0.072 min_rms=0.058 std=0.004 var=0.000 state=standing thr=0.080/0.350/0.850
2.06,15.00,357.50,0.9910,-0.1303,-0.0215,0.0214,0.35,-2.51,9.53,-0.62,0.50,0.38,9.86,0,1.70,-0.0096,0.0515,0,0.000,0.000,0.00,0.00,0.000,0
2.06,15.00,357.50,0.9910,-0.1303,-0.0212,0.0215,0.27,-2.52,9.60,-0.19,1.00,0.44,9.93,0,1.70,-0.0095,0.0515,0,0.000,0.000,0.00,0.00,0.000,0
2.06,15.00,357.50,0.9910,-0.1302,-0.0210,0.0215,0.29,-2.52,9.57,0.38,0.19,-0.06,9.90,0,1.70,-0.0094,0.0514,0,0.000,0.000,0.00,0.00,0.000,0
phase1 acc_mag=9.859 gravity=9.848 motion=0.012 moving_avg=0.040 rms=0.052 mean_rms=0.066 max_rms=0.072 min_rms=0.052 std=0.004 var=0.000 state=standing thr=0.080/0.350/0.850
2.06,14.94,357.50,0.9911,-0.1299,-0.0210,0.0215,0.31,-2.43,9.55,-0.12,0.06,-0.06,9.86,0,1.70,-0.0094,0.0513,0,0.000,0.000,0.00,0.00,0.000,0
2.06,14.94,357.50,0.9911,-0.1299,-0.0213,0.0213,0.23,-2.44,9.51,0.44,-1.06,-0.81,9.82,0,1.70,-0.0096,0.0513,0,0.000,0.000,0.00,0.00,0.000,0
2.12,14.94,357.50,0.9911,-0.1299,-0.0217,0.0211,0.30,-2.46,9.52,-0.69,-0.25,-0.69,9.84,0,1.70,-0.0097,0.0513,0,0.000,0.000,0.00,0.00,0.000,0
2.12,14.94,357.56,0.9911,-0.1299,-0.0217,0.0210,0.29,-2.47,9.54,0.06,0.19,0.00,9.86,0,1.70,-0.0097,0.0513,0,0.000,0.000,0.00,0.00,0.000,0
phase1 acc_mag=9.863 gravity=9.847 motion=0.016 moving_avg=0.037 rms=0.049 mean_rms=0.062 max_rms=0.070 min_rms=0.049 std=0.006 var=0.000 state=standing thr=0.080/0.350/0.850
2.12,14.94,357.56,0.9911,-0.1299,-0.0217,0.0210,0.35,-2.55,9.60,0.00,-0.12,0.50,9.94,0,1.70,-0.0097,0.0513,0,0.000,0.000,0.00,0.00,0.000,0
2.12,14.94,357.56,0.9911,-0.1297,-0.0217,0.0210,0.26,-2.44,9.50,0.19,0.00,-0.06,9.81,0,1.70,-0.0097,0.0512,0,0.000,0.000,0.00,0.00,0.000,0
2.12,14.94,357.56,0.9911,-0.1297,-0.0217,0.0210,0.34,-2.44,9.52,-0.19,0.44,0.00,9.83,0,1.70,-0.0097,0.0512,0,0.000,0.000,0.00,0.00,0.000,0
2.12,14.94,357.56,0.9911,-0.1297,-0.0217,0.0210,0.29,-2.39,9.54,-0.56,-1.00,-0.38,9.84,0,1.70,-0.0097,0.0512,0,0.000,0.000,0.00,0.00,0.000,0
phase1 acc_mag=9.795 gravity=9.845 motion=0.050 moving_avg=0.039 rms=0.050 mean_rms=0.058 max_rms=0.066 min_rms=0.049 std=0.007 var=0.000 state=standing thr=0.080/0.350/0.850
2.12,15.00,357.56,0.9910,-0.1301,-0.0219,0.0210,0.31,-2.50,9.51,-0.19,0.12,-0.31,9.84,0,1.70,-0.0098,0.0514,0,0.000,0.000,0.00,0.00,0.000,0
2.12,15.00,357.56,0.9910,-0.1302,-0.0219,0.0211,0.30,-2.47,9.52,-0.75,0.00,0.62,9.84,0,1.70,-0.0098,0.0514,0,0.000,0.000,0.00,0.00,0.000,0
2.12,15.00,357.50,0.9910,-0.1304,-0.0219,0.0212,0.34,-2.50,9.52,0.31,0.44,0.31,9.85,0,1.70,-0.0098,0.0515,0,0.000,0.000,0.00,0.00,0.000,0
2.12,15.00,357.50,0.9910,-0.1304,-0.0219,0.0214,0.32,-2.48,9.61,-0.25,0.25,0.62,9.93,0,1.70,-0.0098,0.0515,0,0.000,0.000,0.00,0.00,0.000,0
phase1 acc_mag=9.808 gravity=9.845 motion=0.037 moving_avg=0.039 rms=0.049 mean_rms=0.055 max_rms=0.066 min_rms=0.048 std=0.007 var=0.000 state=standing thr=0.080/0.350/0.850
2.12,15.00,357.50,0.9910,-0.1304,-0.0216,0.0214,0.21,-2.51,9.61,0.00,1.00,-0.31,9.93,0,1.70,-0.0097,0.0515,0,0.000,0.000,0.00,0.00,0.000,0
2.12,15.00,357.50,0.9910,-0.1304,-0.0217,0.0214,0.36,-2.47,9.50,-0.62,-0.31,0.06,9.82,0,1.70,-0.0097,0.0515,0,0.000,0.000,0.00,0.00,0.000,0
2.12,15.00,357.50,0.9910,-0.1305,-0.0216,0.0213,0.26,-2.55,9.59,-0.44,-0.62,-0.06,9.93,0,1.70,-0.0097,0.0515,0,0.000,0.000,0.00,0.00,0.000,0
2.12,15.00,357.50,0.9910,-0.1304,-0.0220,0.0213,0.31,-2.37,9.42,1.19,-0.69,-1.00,9.72,0,1.70,-0.0098,0.0515,0,0.000,0.000,0.00,0.00,0.000,0
phase1 acc_mag=9.824 gravity=9.850 motion=0.025 moving_avg=0.038 rms=0.046 mean_rms=0.051 max_rms=0.066 min_rms=0.044 std=0.005 var=0.000 state=standing thr=0.080/0.350/0.850
2.12,15.00,357.50,0.9910,-0.1303,-0.0220,0.0213,0.28,-2.52,9.52,-0.56,-0.12,-0.25,9.85,0,1.70,-0.0098,0.0515,0,0.000,0.000,0.00,0.00,0.000,0
2.12,15.00,357.50,0.9910,-0.1302,-0.0220,0.0212,0.29,-2.47,9.58,0.12,0.06,-0.06,9.90,0,1.70,-0.0098,0.0514,0,0.000,0.000,0.00,0.00,0.000,0
2.19,15.00,357.50,0.9910,-0.1302,-0.0223,0.0212,0.34,-2.46,9.51,-0.25,-0.31,-0.31,9.83,0,1.70,-0.0099,0.0514,0,0.000,0.000,0.00,0.00,0.000,0
2.19,15.00,357.50,0.9910,-0.1301,-0.0222,0.0212,0.28,-2.41,9.52,-0.19,0.00,0.00,9.82,0,1.70,-0.0099,0.0514,0,0.000,0.000,0.00,0.00,0.000,0
phase1 acc_mag=9.829 gravity=9.847 motion=0.019 moving_avg=0.034 rms=0.043 mean_rms=0.048 max_rms=0.051 min_rms=0.043 std=0.003 var=0.000 state=standing thr=0.080/0.350/0.850
2.19,15.00,357.50,0.9910,-0.1302,-0.0223,0.0211,0.32,-2.52,9.55,-0.25,-0.06,-0.25,9.88,0,1.70,-0.0100,0.0514,0,0.000,0.000,0.00,0.00,0.000,0
2.19,15.00,357.50,0.9910,-0.1302,-0.0223,0.0211,0.27,-2.42,9.53,-0.12,-0.06,-0.19,9.84,0,1.70,-0.0100,0.0514,0,0.000,0.000,0.00,0.00,0.000,0
2.19,15.00,357.50,0.9910,-0.1302,-0.0225,0.0212,0.26,-2.50,9.57,-0.12,-0.75,-0.19,9.89,0,1.70,-0.0100,0.0514,0,0.000,0.000,0.00,0.00,0.000,0
2.19,15.00,357.50,0.9910,-0.1306,-0.0226,0.0212,0.33,-2.48,9.53,-0.69,-0.31,0.19,9.85,0,1.70,-0.0101,0.0516,0,0.000,0.000,0.00,0.00,0.000,0
phase1 acc_mag=9.848 gravity=9.850 motion=0.002 moving_avg=0.033 rms=0.041 mean_rms=0.046 max_rms=0.050 min_rms=0.041 std=0.003 var=0.000 state=standing thr=0.080/0.350/0.850
2.19,15.06,357.50,0.9909,-0.1307,-0.0226,0.0212,0.31,-2.51,9.57,-0.44,-0.19,-0.19,9.90,0,1.70,-0.0101,0.0516,0,0.000,0.000,0.00,0.00,0.000,0
2.25,15.06,357.50,0.9909,-0.1308,-0.0226,0.0212,0.31,-2.48,9.53,0.19,0.75,0.38,9.85,0,1.70,-0.0101,0.0517,0,0.000,0.000,0.00,0.00,0.000,0
2.19,15.06,357.50,0.9909,-0.1308,-0.0222,0.0212,0.25,-2.47,9.53,0.12,-0.38,-0.31,9.85,0,1.70,-0.0099,0.0517,0,0.000,0.000,0.00,0.00,0.000,0
phase1 acc_mag=9.792 gravity=9.850 motion=0.058 moving_avg=0.033 rms=0.041 mean_rms=0.044 max_rms=0.050 min_rms=0.040 std=0.003 var=0.000 state=standing thr=0.080/0.350/0.850
2.19,15.06,357.50,0.9909,-0.1308,-0.0222,0.0212,0.33,-2.47,9.47,0.06,-0.44,-0.12,9.79,0,1.70,-0.0099,0.0517,0,0.000,0.000,0.00,0.00,0.000,0
2.12,15.06,357.50,0.9910,-0.1308,-0.0220,0.0211,0.21,-2.51,9.59,0.12,-0.19,-0.19,9.92,0,1.70,-0.0098,0.0517,0,0.000,0.000,0.00,0.00,0.000,0
2.19,15.06,357.56,0.9910,-0.1307,-0.0225,0.0210,0.42,-2.43,9.52,-0.12,0.56,-0.62,9.83,0,1.70,-0.0100,0.0516,0,0.000,0.000,0.00,0.00,0.000,0
2.19,15.12,357.56,0.9909,-0.1311,-0.0223,0.0210,0.30,-2.53,9.55,-0.50,-0.31,-0.44,9.88,0,1.70,-0.0100,0.0518,0,0.000,0.000,0.00,0.00,0.000,0
phase1 acc_mag=9.855 gravity=9.849 motion=0.006 moving_avg=0.031 rms=0.039 mean_rms=0.043 max_rms=0.050 min_rms=0.039 std=0.002 var=0.000 state=standing thr=0.080/0.350/0.850
2.19,15.06,357.56,0.9909,-0.1310,-0.0223,0.0209,0.28,-2.42,9.51,0.25,0.19,-0.50,9.82,0,1.70,-0.0099,0.0518,0,0.000,0.000,0.00,0.00,0.000,0
2.19,15.06,357.56,0.9909,-0.1310,-0.0223,0.0209,0.26,-2.43,9.53,0.12,0.19,-0.12,9.84,0,1.70,-0.0099,0.0518,0,0.000,0.000,0.00,0.00,0.000,0
2.19,15.12,357.56,0.9909,-0.1311,-0.0223,0.0209,0.34,-2.48,9.58,0.06,0.12,0.00,9.90,0,1.70,-0.0099,0.0518,0,0.000,0.000,0.00,0.00,0.000,0
2.19,15.12,357.56,0.9909,-0.1311,-0.0222,0.0209,0.24,-2.49,9.56,0.00,0.25,-0.19,9.88,0,1.70,-0.0099,0.0518,0,0.000,0.000,0.00,0.00,0.000,0
phase1 acc_mag=9.841 gravity=9.853 motion=0.011 moving_avg=0.029 rms=0.035 mean_rms=0.041 max_rms=0.044 min_rms=0.035 std=0.002 var=0.000 state=standing thr=0.080/0.350/0.850
2.19,15.12,357.56,0.9909,-0.1311,-0.0223,0.0209,0.36,-2.51,9.56,0.00,-0.31,0.19,9.89,0,1.70,-0.0099,0.0518,0,0.000,0.000,0.00,0.00,0.000,0
2.19,15.12,357.50,0.9909,-0.1311,-0.0223,0.0211,0.32,-2.48,9.51,0.19,0.19,0.50,9.83,0,1.70,-0.0100,0.0518,0,0.000,0.000,0.00,0.00,0.000,0
2.19,15.06,357.56,0.9910,-0.1307,-0.0223,0.0211,0.15,-2.41,9.53,0.00,-1.75,-0.50,9.83,0,1.70,-0.0100,0.0516,0,0.000,0.000,0.00,0.00,0.000,0
2.25,15.06,357.50,0.9910,-0.1306,-0.0230,0.0211,0.48,-2.46,9.46,-0.50,1.12,-0.19,9.79,0,1.70,-0.0102,0.0516,0,0.000,0.000,0.00,0.00,0.000,0
phase1 acc_mag=9.860 gravity=9.851 motion=0.009 moving_avg=0.031 rms=0.040 mean_rms=0.039 max_rms=0.043 min_rms=0.035 std=0.003 var=0.000 state=standing thr=0.080/0.350/0.850
2.19,15.06,357.56,0.9909,-0.1309,-0.0223,0.0210,0.18,-2.51,9.56,-0.75,-0.25,-0.31,9.89,0,1.70,-0.0100,0.0517,0,0.000,0.000,0.00,0.00,0.000,0
2.25,15.06,357.56,0.9909,-0.1309,-0.0226,0.0210,0.36,-2.48,9.49,-0.38,0.56,-0.25,9.82,0,1.70,-0.0101,0.0517,0,0.000,0.000,0.00,0.00,0.000,0
2.19,15.06,357.56,0.9910,-0.1307,-0.0223,0.0210,0.28,-2.45,9.53,-0.38,-0.25,-0.19,9.84,0,1.70,-0.0099,0.0516,0,0.000,0.000,0.00,0.00,0.000,0
2.19,15.06,357.56,0.9909,-0.1309,-0.0222,0.0209,0.32,-2.49,9.51,-0.75,0.00,-0.12,9.84,0,1.70,-0.0099,0.0517,0,0.000,0.000,0.00,0.00,0.000,0
phase1 acc_mag=9.864 gravity=9.851 motion=0.013 moving_avg=0.033 rms=0.042 mean_rms=0.039 max_rms=0.043 min_rms=0.035 std=0.003 var=0.000 state=standing thr=0.080/0.350/0.850
2.12,15.06,357.56,0.9909,-0.1309,-0.0220,0.0209,0.29,-2.52,9.52,0.12,1.00,0.12,9.85,0,1.70,-0.0098,0.0517,0,0.000,0.000,0.00,0.00,0.000,0
2.12,15.06,357.56,0.9910,-0.1307,-0.0217,0.0209,0.30,-2.45,9.51,0.31,-0.25,-0.38,9.83,0,1.70,-0.0097,0.0516,0,0.000,0.000,0.00,0.00,0.000,0
2.12,15.06,357.56,0.9910,-0.1307,-0.0216,0.0209,0.31,-2.51,9.52,-0.62,0.31,0.25,9.85,0,1.70,-0.0097,0.0516,0,0.000,0.000,0.00,0.00,0.000,0
2.12,15.06,357.56,0.9910,-0.1306,-0.0215,0.0209,0.29,-2.53,9.53,-0.12,-0.38,-0.44,9.86,0,1.70,-0.0096,0.0516,0,0.000,0.000,0.00,0.00,0.000,0
phase1 acc_mag=9.826 gravity=9.848 motion=0.022 moving_avg=0.032 rms=0.041 mean_rms=0.039 max_rms=0.043 min_rms=0.035 std=0.003 var=0.000 state=standing thr=0.080/0.350/0.850
2.12,15.00,357.56,0.9910,-0.1305,-0.0215,0.0209,0.33,-2.49,9.54,0.75,0.06,-0.81,9.87,0,1.70,-0.0096,0.0515,0,0.000,0.000,0.00,0.00,0.000,0
2.12,15.00,357.56,0.9910,-0.1304,-0.0215,0.0209,0.31,-2.50,9.52,-0.19,-0.06,-0.56,9.85,0,1.70,-0.0096,0.0515,0,0.000,0.000,0.00,0.00,0.000,0
2.12,15.00,357.56,0.9910,-0.1304,-0.0217,0.0208,0.34,-2.49,9.49,-0.62,-1.25,-0.12,9.82,0,1.70,-0.0097,0.0515,0,0.000,0.000,0.00,0.00,0.000,0
phase1 acc_mag=9.810 gravity=9.846 motion=0.036 moving_avg=0.032 rms=0.041 mean_rms=0.040 max_rms=0.043 min_rms=0.035 std=0.003 var=0.000 state=standing thr=0.080/0.350/0.850
2.12,15.00,357.56,0.9910,-0.1304,-0.0218,0.0209,0.36,-2.46,9.49,-0.31,0.56,0.81,9.81,0,1.70,-0.0097,0.0515,0,0.000,0.000,0.00,0.00,0.000,0
2.06,15.00,357.56,0.9910,-0.1302,-0.0215,0.0209,0.43,-2.51,9.51,0.38,-0.94,0.25,9.85,0,1.70,-0.0096,0.0515,0,0.000,0.000,0.00,0.00,0.000,0
2.06,15.00,357.56,0.9910,-0.1302,-0.0212,0.0209,0.22,-2.49,9.54,-0.19,1.44,0.00,9.86,0,1.70,-0.0095,0.0514,0,0.000,0.000,0.00,0.00,0.000,0
2.06,15.00,357.56,0.9911,-0.1301,-0.0210,0.0209,0.38,-2.43,9.53,-0.31,-1.31,0.00,9.84,0,1.70,-0.0094,0.0514,0,0.000,0.000,0.00,0.00,0.000,0
phase1 acc_mag=9.761 gravity=9.845 motion=0.084 moving_avg=0.033 rms=0.043 mean_rms=0.041 max_rms=0.043 min_rms=0.035 std=0.002 var=0.000 state=standing thr=0.080/0.350/0.850
2.00,15.00,357.56,0.9910,-0.1302,-0.0208,0.0209,0.25,-2.50,9.54,-0.62,1.19,-0.19,9.87,0,1.70,-0.0093,0.0515,0,0.000,0.000,0.00,0.00,0.000,0
2.06,15.06,357.56,0.9910,-0.1307,-0.0211,0.0209,0.36,-2.52,9.52,-1.31,-0.94,-0.38,9.85,0,1.70,-0.0094,0.0516,0,0.000,0.000,0.00,0.00,0.000,0
2.06,15.06,357.56,0.9910,-0.1310,-0.0211,0.0208,0.34,-2.48,9.48,-0.31,0.62,-0.56,9.80,0,1.70,-0.0094,0.0518,0,0.000,0.000,0.00,0.00,0.000,0
2.06,15.12,357.56,0.9909,-0.1312,-0.0211,0.0207,0.30,-2.50,9.47,0.62,-0.38,-0.19,9.80,0,1.70,-0.0094,0.0518,0,0.000,0.000,0.00,0.00,0.000,0
phase1 acc_mag=9.893 gravity=9.848 motion=0.046 moving_avg=0.032 rms=0.040 mean_rms=0.042 max_rms=0.044 min_rms=0.039 std=0.001 var=0.000 state=standing thr=0.080/0.350/0.850
2.06,15.06,357.56,0.9909,-0.1311,-0.0213,0.0208,0.40,-2.44,9.47,0.00,-0.69,0.25,9.79,0,1.70,-0.0095,0.0518,0,0.000,0.000,0.00,0.00,0.000,0
2.06,15.06,357.50,0.9909,-0.1311,-0.0212,0.0212,0.36,-2.44,9.46,0.44,0.38,1.12,9.78,0,1.70,-0.0095,0.0518,0,0.000,0.000,0.00,0.00,0.000,0
2.00,15.06,357.44,0.9909,-0.1309,-0.0209,0.0219,0.10,-2.37,9.61,0.50,0.44,-0.12,9.90,0,1.70,-0.0094,0.0517,0,0.000,0.000,0.00,0.00,0.000,0
2.00,15.12,357.31,0.9908,-0.1312,-0.0208,0.0229,0.33,-2.45,9.57,-1.38,0.06,2.19,9.88,0,1.70,-0.0095,0.0518,0,0.000,0.000,0.00,0.00,0.000,0
phase1 acc_mag=9.954 gravity=9.849 motion=0.105 moving_avg=0.037 rms=0.047 mean_rms=0.042 max_rms=0.047 min_rms=0.039 std=0.002 var=0.000 state=standing thr=0.080/0.350/0.850
2.06,15.19,357.25,0.9907,-0.1320,-0.0214,0.0233,0.07,-2.55,9.45,-1.12,-2.44,0.62,9.79,0,1.70,-0.0097,0.0521,0,0.000,0.000,0.00,0.00,0.000,0
2.25,15.25,357.31,0.9907,-0.1322,-0.0232,0.0228,0.43,-2.39,9.49,-1.12,-1.12,-1.31,9.80,0,1.70,-0.0104,0.0522,0,0.000,0.000,0.00,0.00,0.000,0
2.12,15.38,357.31,0.9905,-0.1334,-0.0223,0.0230,0.39,-2.55,9.35,-2.38,5.88,1.25,9.70,0,1.70,-0.0101,0.0527,0,0.000,0.000,0.00,0.00,0.000,0
1.94,15.31,357.25,0.9907,-0.1329,-0.0203,0.0237,0.09,-2.57,9.57,3.25,-0.94,2.00,9.91,0,1.70,-0.0093,0.0525,0,0.000,0.000,0.00,0.00,0.000,0
phase1 acc_mag=9.939 gravity=9.851 motion=0.088 moving_avg=0.049 rms=0.062 mean_rms=0.044 max_rms=0.062 min_rms=0.039 std=0.006 var=0.000 state=standing thr=0.080/0.350/0.850
2.06,15.19,357.00,0.9907,-0.1321,-0.0222,0.0258,0.84,-2.46,9.31,-7.81,-8.94,2.00,9.67,0,1.70,-0.0101,0.0521,0,0.000,0.000,0.00,0.00,0.000,0
1.31,15.12,356.62,0.9908,-0.1312,-0.0156,0.0287,-0.81,-2.67,9.49,2.62,14.12,10.81,9.89,0,1.70,-0.0077,0.0518,0,0.000,0.000,0.00,0.00,0.000,0
1.31,15.25,356.31,0.9905,-0.1325,-0.0160,0.0317,0.52,-2.13,9.28,13.88,11.94,-6.50,9.54,0,1.70,-0.0080,0.0523,0,0.000,0.000,0.00,0.00,0.000,0
0.94,14.81,356.19,0.9911,-0.1288,-0.0129,0.0325,-0.01,-2.22,9.62,-0.62,-0.50,-1.12,9.87,0,1.70,-0.0068,0.0509,0,0.000,0.000,0.00,0.00,0.000,0
phase1 acc_mag=9.930 gravity=9.886 motion=0.044 moving_avg=0.145 rms=0.379 mean_rms=0.089 max_rms=0.379 min_rms=0.039 std=0.107 var=0.011 state=slow thr=0.302/0.502/1.002
1.25,15.31,356.38,0.9905,-0.1329,-0.0156,0.0310,0.26,-2.49,9.31,-6.31,-1.19,-1.06,9.64,0,1.70,-0.0078,0.0525,0,0.000,0.000,0.00,0.00,0.000,0
1.44,15.56,356.50,0.9902,-0.1349,-0.0173,0.0300,0.00,-2.65,9.56,1.06,-5.00,0.12,9.92,0,1.70,-0.0085,0.0532,0,0.000,0.000,0.00,0.00,0.000,0
1.62,15.50,356.38,0.9903,-0.1343,-0.0192,0.0308,-0.04,-2.54,9.57,-0.50,-3.38,-1.56,9.90,0,1.70,-0.0093,0.0530,0,0.000,0.000,0.00,0.00,0.000,0
phase1 acc_mag=9.196 gravity=9.896 motion=0.701 moving_avg=0.173 rms=0.393 mean_rms=0.164 max_rms=0.393 min_rms=0.039 std=0.156 var=0.024 state=standing thr=0.477/0.677/1.177
2.31,15.88,356.25,0.9896,-0.1378,-0.0251,0.0320,0.95,-2.11,8.90,-11.62,-16.94,0.69,9.20,0,1.70,-0.0117,0.0542,0,0.000,0.000,0.00,0.00,0.000,0
2.69,16.75,356.50,0.9885,-0.1451,-0.0291,0.0293,0.18,-2.54,9.26,-0.06,-7.44,-11.44,9.60,0,1.70,-0.0132,0.0570,0,0.000,0.000,0.00,0.00,0.000,0
2.62,16.75,357.12,0.9887,-0.1452,-0.0272,0.0247,-0.51,-1.97,7.98,2.25,17.56,-13.25,8.24,0,1.70,-0.0122,0.0572,0,0.000,0.000,0.00,0.00,0.000,0
2.38,16.94,358.19,0.9888,-0.1469,-0.0233,0.0154,0.56,-3.12,10.24,-2.88,-0.81,-9.06,10.72,0,1.70,-0.0101,0.0580,0,0.000,0.000,0.00,0.00,0.000,0
phase1 acc_mag=10.073 gravity=9.947 motion=0.126 moving_avg=0.303 rms=0.551 mean_rms=0.249 max_rms=0.551 min_rms=0.042 std=0.182 var=0.033 state=standing thr=0.612/0.812/1.312
2.44,17.38,358.94,0.9882,-0.1511,-0.0232,0.0090,0.28,-2.48,9.28,-17.25,7.19,-19.94,9.61,0,1.70,-0.0097,0.0597,0,0.000,0.000,0.00,0.00,0.000,0
1.94,15.06,359.88,0.9912,-0.1311,-0.0172,0.0005,1.07,-2.52,9.04,41.88,16.50,-0.88,9.45,0,1.70,-0.0068,0.0520,0,0.000,0.000,0.00,0.00,0.000,0
-1.44,13.44,359.75,0.9927,-0.1192,0.0165,0.0005,-0.45,-2.74,9.28,-24.69,47.62,5.81,9.69,0,1.70,0.0065,0.0473,0,0.000,0.000,0.00,0.00,0.000,0
-3.94,14.62,0.88,0.9912,-0.1268,0.0361,-0.0080,-0.48,-2.77,9.65,2.62,20.19,-5.00,10.05,0,1.70,0.0147,0.0502,0,0.000,0.000,0.00,0.00,0.000,0
phase1 acc_mag=10.514 gravity=9.946 motion=0.568 moving_avg=0.458 rms=0.700 mean_rms=0.373 max_rms=0.700 min_rms=0.049 std=0.202 var=0.041 state=standing thr=0.777/0.977/1.477
-5.25,13.69,1.06,0.9918,-0.1185,0.0474,-0.0096,-1.30,-2.37,10.33,16.56,6.00,4.75,10.68,0,1.70,0.0192,0.0468,0,0.000,0.000,0.00,0.00,0.000,0
-5.44,12.94,0.19,0.9925,-0.1123,0.0482,-0.0021,-1.01,-2.48,9.76,9.69,-3.38,12.12,10.12,0,1.70,0.0192,0.0445,0,0.000,0.000,0.00,0.00,0.000,0
-4.00,12.75,359.69,0.9932,-0.1110,0.0353,0.0024,-0.98,-1.66,9.09,-19.12,-45.75,-1.44,9.29,0,1.70,0.0139,0.0441,0,0.000,0.000,0.00,0.00,0.000,0
-1.88,14.31,359.50,0.9921,-0.1248,0.0159,0.0042,0.29,-2.55,8.67,0.94,-1.69,1.00,9.04,0,1.70,0.0061,0.0495,0,0.000,0.000,0.00,0.00,0.000,0
phase1 acc_mag=10.334 gravity=9.971 motion=0.363 moving_avg=0.521 rms=0.737 mean_rms=0.512 max_rms=0.737 min_rms=0.082 std=0.161 var=0.026 state=standing thr=0.834/1.034/1.534
-2.00,14.12,359.31,0.9922,-0.1230,0.0173,0.0056,-0.95,-1.97,9.44,8.88,6.25,-2.31,9.69,0,1.70,0.0066,0.0489,0,0.000,0.000,0.00,0.00,0.000,0
-1.69,14.56,359.50,0.9918,-0.1268,0.0158,0.0043,-0.56,-2.43,9.52,4.19,11.88,1.69,9.84,0,1.70,0.0061,0.0503,0,0.000,0.000,0.00,0.00,0.000,0
-2.25,14.12,358.62,0.9921,-0.1234,0.0188,0.0115,-0.77,-3.02,10.07,-5.44,-10.81,15.31,10.54,0,1.70,0.0069,0.0491,0,0.000,0.000,0.00,0.00,0.000,0
-1.50,13.94,357.56,0.9922,-0.1221,0.0110,0.0207,-0.69,-1.28,9.05,-4.69,-20.12,13.88,9.17,0,1.70,0.0034,0.0485,0,0.000,0.000,0.00,0.00,0.000,0
phase1 acc_mag=9.446 gravity=9.920 motion=0.474 moving_avg=0.515 rms=0.682 mean_rms=0.587 max_rms=0.738 min_rms=0.384 std=0.129 var=0.017 state=standing thr=0.845/1.045/1.545
1.19,15.56,358.81,0.9907,-0.1356,-0.0119,0.0101,-0.81,-3.06,9.23,-8.75,36.88,-25.88,9.76,0,1.70,-0.0053,0.0537,0,0.000,0.000,0.00,0.00,0.000,0
-1.06,15.06,359.06,0.9913,-0.1315,0.0086,0.0079,-1.35,-2.59,10.47,2.38,31.38,-3.94,10.87,0,1.70,0.0030,0.0522,0,0.000,0.000,0.00,0.00,0.000,0
-0.75,15.31,359.31,0.9910,-0.1335,0.0064,0.0070,0.15,-2.69,9.76,-1.62,-7.00,4.06,10.13,0,1.70,0.0022,0.0530,0,0.000,0.000,0.00,0.00,0.000,0
-1.75,14.56,357.94,0.9916,-0.1273,0.0134,0.0174,-0.34,-2.45,9.02,6.81,-2.12,9.44,9.35,0,1.70,0.0044,0.0506,0,0.000,0.000,0.00,0.00,0.000,0
phase1 acc_mag=9.431 gravity=9.981 motion=0.550 moving_avg=0.581 rms=0.729 mean_rms=0.657 max_rms=0.738 min_rms=0.406 std=0.085 var=0.007 state=standing thr=0.827/1.027/1.527
-2.00,14.00,357.44,0.9921,-0.1223,0.0150,0.0222,0.07,-2.46,9.66,9.50,7.62,9.38,9.97,0,1.70,0.0049,0.0487,0,0.000,0.000,0.00,0.00,0.000,0
-2.50,13.69,357.44,0.9924,-0.1196,0.0198,0.0220,-0.59,-2.00,9.37,-1.44,-0.38,-2.12,9.60,0,1.70,0.0068,0.0476,0,0.000,0.000,0.00,0.00,0.000,0
-2.44,14.12,357.75,0.9920,-0.1234,0.0194,0.0190,-0.08,-2.68,9.72,-12.25,-9.50,-8.38,10.08,0,1.70,0.0068,0.0491,0,0.000,0.000,0.00,0.00,0.000,0
phase1 acc_mag=9.965 gravity=9.963 motion=0.002 moving_avg=0.463 rms=0.586 mean_rms=0.687 max_rms=0.738 min_rms=0.586 std=0.041 var=0.002 state=standing thr=0.768/0.968/1.468
-1.94,14.50,358.44,0.9917,-0.1270,0.0148,0.0131,-0.40,-2.68,9.59,-5.88,-12.12,-5.50,9.97,0,1.70,0.0052,0.0504,0,0.000,0.000,0.00,0.00,0.000,0
-1.38,14.94,358.44,0.9910,-0.1329,0.0092,0.0156,0.32,-2.81,9.92,-31.00,-18.25,22.88,10.32,0,1.70,0.0028,0.0528,0,0.000,0.000,0.00,0.00,0.000,0
-0.25,15.50,357.50,0.9906,-0.1352,-0.0002,0.0215,0.17,-2.64,8.73,1.81,-13.44,2.12,9.12,0,1.70,-0.0013,0.0536,0,0.000,0.000,0.00,0.00,0.000,0
-0.56,14.94,357.25,0.9912,-0.1304,0.0023,0.0237,-0.01,-2.51,9.91,9.44,3.38,5.19,10.22,0,1.70,-0.0003,0.0517,0,0.000,0.000,0.00,0.00,0.000,0
phase1 acc_mag=9.651 gravity=9.941 motion=0.290 moving_avg=0.424 rms=0.542 mean_rms=0.666 max_rms=0.738 min_rms=0.542 std=0.063 var=0.004 state=standing thr=0.791/0.991/1.491
-0.75,14.06,356.81,0.9922,-0.1214,0.0041,0.0280,-0.41,-1.97,9.48,16.31,4.88,6.44,9.69,0,1.70,0.0003,0.0482,0,0.000,0.000,0.00,0.00,0.000,0
-0.75,13.75,356.56,0.9923,-0.1203,0.0032,0.0293,0.10,-2.46,9.84,-4.94,-3.69,2.69,10.14,0,1.70,-0.0002,0.0478,0,0.000,0.000,0.00,0.00,0.000,0
-0.81,14.50,356.06,0.9914,-0.1264,0.0031,0.0338,-0.03,-1.82,8.42,9.25,14.31,-4.50,8.61,0,1.70,-0.0005,0.0502,0,0.000,0.000,0.00,0.00,0.000,0
-1.06,14.19,355.94,0.9917,-0.1238,0.0053,0.0345,-0.48,-2.35,9.84,4.25,-1.19,-2.88,10.13,0,1.70,0.0004,0.0492,0,0.000,0.000,0.00,0.00,0.000,0
phase1 acc_mag=9.897 gravity=9.958 motion=0.061 moving_avg=0.410 rms=0.540 mean_rms=0.628 max_rms=0.731 min_rms=0.535 std=0.071 var=0.005 state=standing thr=0.771/0.971/1.471
-0.81,13.94,356.38,0.9921,-0.1216,0.0036,0.0309,0.00,-2.21,9.50,2.00,2.19,-4.62,9.75,0,1.70,-0.0001,0.0483,0,0.000,0.000,0.00,0.00,0.000,0
-0.94,13.44,356.81,0.9927,-0.1176,0.0053,0.0275,-0.35,-2.24,9.82,6.38,3.25,-4.75,10.08,0,1.70,0.0008,0.0467,0,0.000,0.000,0.00,0.00,0.000,0
-0.94,13.25,357.00,0.9930,-0.1154,0.0058,0.0253,-0.08,-2.04,9.51,2.69,4.75,-1.38,9.73,0,1.70,0.0011,0.0459,0,0.000,0.000,0.00,0.00,0.000,0
phase1 acc_mag=9.889 gravity=9.948 motion=0.060 moving_avg=0.327 rms=0.452 mean_rms=0.594 max_rms=0.731 min_rms=0.452 std=0.082 var=0.007 state=standing thr=0.759/0.959/1.459
-1.19,13.12,357.19,0.9930,-0.1149,0.0079,0.0243,-0.29,-2.14,9.65,-0.50,2.12,-1.31,9.89,0,1.70,0.0020,0.0457,0,0.000,0.000,0.00,0.00,0.000,0
-1.19,13.06,357.44,0.9932,-0.1143,0.0083,0.0221,-0.19,-2.20,9.63,0.75,-2.44,-4.12,9.88,0,1.70,0.0023,0.0455,0,0.000,0.000,0.00,0.00,0.000,0
-1.19,13.00,357.62,0.9933,-0.1136,0.0081,0.0205,-0.18,-2.13,9.57,1.44,1.44,-1.69,9.81,0,1.70,0.0023,0.0452,0,0.000,0.000,0.00,0.00,0.000,0
-1.12,12.81,357.81,0.9935,-0.1120,0.0084,0.0182,-0.16,-2.11,9.62,1.62,1.50,-4.00,9.85,0,1.70,0.0025,0.0446,0,0.000,0.000,0.00,0.00,0.000,0
phase1 acc_mag=9.779 gravity=9.890 motion=0.111 moving_avg=0.249 rms=0.390 mean_rms=0.532 max_rms=0.718 min_rms=0.390 std=0.079 var=0.006 state=standing thr=0.690/0.890/1.390
-1.25,12.56,358.12,0.9938,-0.1097,0.0094,0.0160,-0.37,-1.96,9.60,4.94,0.31,-3.94,9.81,0,1.70,0.0030,0.0437,0,0.000,0.000,0.00,0.00,0.000,0
-1.31,12.38,358.31,0.9940,-0.1083,0.0103,0.0142,-0.29,-2.02,9.59,3.00,3.19,-3.50,9.80,0,1.70,0.0035,0.0431,0,0.000,0.000,0.00,0.00,0.000,0
-1.31,12.19,358.56,0.9942,-0.1064,0.0104,0.0123,-0.17,-2.11,9.64,1.44,0.94,-1.19,9.87,0,1.70,0.0036,0.0424,0,0.000,0.000,0.00,0.00,0.000,0
-1.44,12.19,358.56,0.9942,-0.1064,0.0121,0.0119,-0.27,-2.06,9.68,-0.62,4.62,-0.31,9.90,0,1.70,0.0043,0.0424,0,0.000,0.000,0.00,0.00,0.000,0
phase1 acc_mag=9.860 gravity=9.852 motion=0.009 moving_avg=0.218 rms=0.375 mean_rms=0.478 max_rms=0.596 min_rms=0.375 std=0.073 var=0.005 state=standing thr=0.624/0.824/1.324
-1.62,12.19,358.69,0.9941,-0.1068,0.0136,0.0113,-0.30,-2.03,9.65,-0.06,2.31,-1.44,9.87,0,1.70,0.0049,0.0425,0,0.000,0.000,0.00,0.00,0.000,0
-1.81,12.19,358.75,0.9941,-0.1066,0.0150,0.0104,-0.28,-2.02,9.65,0.25,1.00,-1.81,9.86,0,1.70,0.0055,0.0424,0,0.000,0.000,0.00,0.00,0.000,0
-1.94,12.12,358.81,0.9941,-0.1062,0.0164,0.0100,-0.40,-2.01,9.61,1.12,1.62,-1.50,9.83,0,1.70,0.0061,0.0423,0,0.000,0.000,0.00,0.00,0.000,0
phase1 acc_mag=9.811 gravity=9.850 motion=0.039 moving_avg=0.113 rms=0.213 mean_rms=0.411 max_rms=0.551 min_rms=0.213 std=0.105 var=0.011 state=standing thr=0.622/0.822/1.322
-2.00,12.12,358.94,0.9942,-0.1058,0.0172,0.0089,-0.43,-1.98,9.60,0.19,1.44,-1.44,9.81,0,1.70,0.0064,0.0421,0,0.000,0.000,0.00,0.00,0.000,0
-2.19,12.00,359.19,0.9943,-0.1049,0.0186,0.0067,-0.54,-2.00,9.64,1.62,1.94,-2.50,9.86,0,1.70,0.0071,0.0418,0,0.000,0.000,0.00,0.00,0.000,0
-2.19,11.94,359.38,0.9943,-0.1043,0.0192,0.0054,-0.47,-1.99,9.67,1.62,1.81,-2.75,9.88,0,1.70,0.0074,0.0415,0,0.000,0.000,0.00,0.00,0.000,0
-2.25,11.88,359.50,0.9944,-0.1039,0.0198,0.0043,-0.33,-1.99,9.62,0.50,0.75,-1.44,9.83,0,1.70,0.0077,0.0414,0,0.000,0.000,0.00,0.00,0.000,0
phase1 acc_mag=9.830 gravity=9.845 motion=0.015 moving_avg=0.061 rms=0.090 mean_rms=0.327 max_rms=0.540 min_rms=0.090 std=0.129 var=0.017 state=standing thr=0.584/0.784/1.284
-2.31,11.88,359.56,0.9944,-0.1038,0.0200,0.0034,-0.37,-1.99,9.62,0.00,0.12,-1.19,9.83,0,1.70,0.0078,0.0413,0,0.000,0.000,0.00,0.00,0.000,0
-2.38,11.81,359.69,0.9944,-0.1032,0.0208,0.0023,-0.50,-1.94,9.67,0.88,0.62,-1.62,9.88,0,1.70,0.0082,0.0411,0,0.000,0.000,0.00,0.00,0.000,0
-2.38,11.81,359.75,0.9944,-0.1031,0.0207,0.0020,-0.40,-1.99,9.64,-0.06,-0.56,-0.44,9.85,0,1.70,0.0081,0.0410,0,0.000,0.000,0.00,0.00,0.000,0
-2.38,11.81,359.81,0.9944,-0.1031,0.0208,0.0015,-0.55,-1.95,9.67,-0.25,-0.69,-1.06,9.88,0,1.70,0.0082,0.0410,0,0.000,0.000,0.00,0.00,0.000,0
phase1 acc_mag=9.829 gravity=9.845 motion=0.016 moving_avg=0.040 rms=0.060 mean_rms=0.240 max_rms=0.421 min_rms=0.060 std=0.133 var=0.018 state=standing thr=0.506/0.706/1.206
-2.25,11.81,359.88,0.9944,-0.1033,0.0200,0.0009,-0.38,-1.96,9.61,0.12,-0.31,-2.31,9.82,0,1.70,0.0079,0.0411,0,0.000,0.000,0.00,0.00,0.000,0
-2.31,11.94,359.88,0.9944,-0.1041,0.0202,0.0007,-0.42,-2.02,9.70,-3.69,2.19,0.56,9.92,0,1.70,0.0080,0.0414,0,0.000,0.000,0.00,0.00,0.000,0
-2.38,12.06,359.94,0.9942,-0.1053,0.0214,0.0002,-0.37,-2.05,9.59,0.25,2.31,-1.50,9.81,0,1.70,0.0085,0.0419,0,0.000,0.000,0.00,0.00,0.000,0
-2.50,12.00,0.06,0.9943,-0.1049,0.0225,-0.0010,-0.58,-2.14,9.63,0.88,1.69,-1.25,9.88,0,1.70,0.0090,0.0417,0,0.000,0.000,0.00,0.00,0.000,0
phase1 acc_mag=9.710 gravity=9.851 motion=0.140 moving_avg=0.031 rms=0.042 mean_rms=0.164 max_rms=0.385 min_rms=0.042 std=0.118 var=0.014 state=standing thr=0.400/0.600/1.100
-2.50,11.94,0.19,0.9943,-0.1041,0.0223,-0.0021,-0.41,-2.00,9.67,1.69,0.19,-1.31,9.88,0,1.70,0.0090,0.0414,0,0.000,0.000,0.00,0.00,0.000,0
-2.56,11.88,0.31,0.9943,-0.1035,0.0233,-0.0031,-0.53,-1.87,9.58,0.19,2.25,-1.56,9.78,0,1.70,0.0094,0.0411,0,0.000,0.000,0.00,0.00,0.000,0
-2.75,11.94,0.31,0.9943,-0.1039,0.0251,-0.0034,-0.48,-2.02,9.64,0.69,1.88,-0.56,9.86,0,1.70,0.0101,0.0413,0,0.000,0.000,0.00,0.00,0.000,0
phase1 acc_mag=9.868 gravity=9.850 motion=0.018 moving_avg=0.028 rms=0.038 mean_rms=0.097 max_rms=0.247 min_rms=0.038 std=0.068 var=0.005 state=standing thr=0.232/0.432/0.932
-2.75,11.88,0.44,0.9943,-0.1036,0.0250,-0.0042,-0.51,-2.00,9.65,0.81,-0.94,-1.62,9.87,0,1.70,0.0101,0.0412,0,0.000,0.000,0.00,0.00,0.000,0
-2.50,11.31,0.75,0.9948,-0.0988,0.0231,-0.0068,-0.23,-1.81,9.64,11.81,0.75,-2.44,9.81,0,1.70,0.0094,0.0392,0,0.000,0.000,0.00,0.00,0.000,0
-2.62,10.94,0.75,0.9951,-0.0953,0.0240,-0.0070,-0.54,-1.68,9.64,0.81,-1.06,2.69,9.80,0,1.70,0.0098,0.0379,0,0.000,0.000,0.00,0.00,0.000,0
-2.69,11.25,0.69,0.9948,-0.0989,0.0243,-0.0058,-0.49,-1.91,9.73,-11.00,-3.44,1.62,9.93,0,1.70,0.0099,0.0393,0,0.000,0.000,0.00,0.00,0.000,0
phase1 acc_mag=9.926 gravity=9.849 motion=0.078 moving_avg=0.036 rms=0.052 mean_rms=0.062 max_rms=0.179 min_rms=0.037 std=0.028 var=0.001 state=standing thr=0.119/0.350/0.850
-2.62,11.62,0.69,0.9946,-0.1014,0.0239,-0.0063,-0.43,-1.99,9.69,-1.75,1.19,-2.75,9.90,0,1.70,0.0098,0.0403,0,0.000,0.000,0.00,0.00,0.000,0
-2.62,11.75,0.75,0.9944,-0.1022,0.0240,-0.0067,-0.60,-1.97,9.67,-2.06,-1.00,-0.62,9.89,0,1.70,0.0098,0.0406,0,0.000,0.000,0.00,0.00,0.000,0
-2.50,11.75,0.75,0.9944,-0.1023,0.0230,-0.0067,-0.52,-1.93,9.61,1.50,-1.12,-0.88,9.82,0,1.70,0.0094,0.0406,0,0.000,0.000,0.00,0.00,0.000,0
-2.56,11.62,0.75,0.9946,-0.1014,0.0235,-0.0070,-0.50,-1.93,9.62,1.62,2.75,-0.81,9.82,0,1.70,0.0096,0.0403,0,0.000,0.000,0.00,0.00,0.000,0
phase1 acc_mag=9.849 gravity=9.848 motion=0.000 moving_avg=0.037 rms=0.053 mean_rms=0.051 max_rms=0.082 min_rms=0.037 std=0.010 var=0.000 state=standing thr=0.080/0.350/0.850
-2.62,11.62,0.81,0.9946,-0.1011,0.0239,-0.0071,-0.43,-1.94,9.62,0.31,-1.19,0.06,9.82,0,1.70,0.0098,0.0402,0,0.000,0.000,0.00,0.00,0.000,0
-2.62,11.56,0.81,0.9946,-0.1007,0.0239,-0.0076,-0.45,-1.92,9.71,1.12,0.69,-1.12,9.91,0,1.70,0.0098,0.0400,0,0.000,0.000,0.00,0.00,0.000,0
-2.62,11.56,0.81,0.9946,-0.1009,0.0239,-0.0073,-0.40,-1.98,9.65,-1.25,-1.50,0.62,9.86,0,1.70,0.0098,0.0401,0,0.000,0.000,0.00,0.00,0.000,0
-2.62,11.56,0.81,0.9946,-0.1007,0.0242,-0.0075,-0.54,-1.91,9.63,0.56,0.94,-0.38,9.83,0,1.70,0.0099,0.0400,0,0.000,0.000,0.00,0.00,0.000,0
phase1 acc_mag=9.882 gravity=9.850 motion=0.032 moving_avg=0.038 rms=0.054 mean_rms=0.049 max_rms=0.060 min_rms=0.037 std=0.007 var=0.000 state=standing thr=0.080/0.350/0.850
-2.62,11.56,0.88,0.9946,-0.1006,0.0241,-0.0078,-0.47,-1.91,9.66,0.06,-1.62,0.19,9.86,0,1.70,0.0099,0.0399,0,0.000,0.000,0.00,0.00,0.000,0
-2.56,11.50,0.94,0.9946,-0.1005,0.0233,-0.0082,-0.45,-1.94,9.63,-1.12,-1.25,0.06,9.83,0,1.70,0.0096,0.0399,0,0.000,0.000,0.00,0.00,0.000,0
-2.50,11.50,0.94,0.9946,-0.1002,0.0234,-0.0085,-0.44,-1.92,9.67,1.12,1.12,-0.44,9.87,0,1.70,0.0096,0.0398,0,0.000,0.000,0.00,0.00,0.000,0
-2.56,11.44,1.00,0.9947,-0.0999,0.0236,-0.0088,-0.50,-1.90,9.64,-0.38,-0.88,0.31,9.84,0,1.70,0.0097,0.0397,0,0.000,0.000,0.00,0.00,0.000,0
phase1 acc_mag=9.857 gravity=9.850 motion=0.007 moving_avg=0.032 rms=0.047 mean_rms=0.049 max_rms=0.054 min_rms=0.037 std=0.005 var=0.000 state=standing thr=0.080/0.350/0.850
-2.56,11.44,1.00,0.9947,-0.0997,0.0235,-0.0089,-0.42,-1.89,9.61,-1.50,-1.94,1.81,9.80,0,1.70,0.0097,0.0396,0,0.000,0.000,0.00,0.00,0.000,0
-2.69,11.44,1.00,0.9947,-0.0997,0.0247,-0.0089,-0.60,-1.92,9.68,0.44,2.94,-0.38,9.89,0,1.70,0.0102,0.0396,0,0.000,0.000,0.00,0.00,0.000,0
-2.75,11.44,1.06,0.9947,-0.0993,0.0253,-0.0095,-0.70,-1.90,9.70,1.56,0.94,-1.56,9.91,0,1.70,0.0104,0.0394,0,0.000,0.000,0.00,0.00,0.000,0
-2.50,11.31,1.12,0.9948,-0.0987,0.0234,-0.0099,-0.30,-1.90,9.64,1.06,-2.88,-1.88,9.83,0,1.70,0.0097,0.0392,0,0.000,0.000,0.00,0.00,0.000,0
phase1 acc_mag=9.821 gravity=9.850 motion=0.029 moving_avg=0.026 rms=0.036 mean_rms=0.050 max_rms=0.054 min_rms=0.036 std=0.004 var=0.000 state=standing thr=0.080/0.350/0.850
-2.56,11.38,1.19,0.9948,-0.0988,0.0240,-0.0104,-0.45,-1.89,9.65,-0.81,2.69,0.25,9.84,0,1.70,0.0100,0.0392,0,0.000,0.000,0.00,0.00,0.000,0
-2.62,11.38,1.19,0.9948,-0.0989,0.0243,-0.0106,-0.52,-1.87,9.64,-0.62,-0.88,-1.06,9.83,0,1.70,0.0101,0.0392,0,0.000,0.000,0.00,0.00,0.000,0
-2.44,11.44,1.19,0.9947,-0.0997,0.0223,-0.0104,-0.40,-1.91,9.64,-1.88,-2.81,0.38,9.84,0,1.70,0.0093,0.0396,0,0.000,0.000,0.00,0.00,0.000,0
-2.19,11.56,1.19,0.9947,-0.1006,0.0205,-0.0104,-0.33,-1.95,9.66,-0.69,-2.94,-0.19,9.86,0,1.70,0.0086,0.0399,0,0.000,0.000,0.00,0.00,0.000,0
phase1 acc_mag=9.852 gravity=9.850 motion=0.002 moving_avg=0.019 rms=0.024 mean_rms=0.045 max_rms=0.054 min_rms=0.023 std=0.010 var=0.000 state=standing thr=0.080/0.350/0.850
-2.06,11.56,1.19,0.9946,-0.1009,0.0193,-0.0105,-0.35,-1.95,9.66,-0.88,-1.44,-0.06,9.86,0,1.70,0.0081,0.0401,0,0.000,0.000,0.00,0.00,0.000,0
-2.00,11.62,1.19,0.9946,-0.1014,0.0188,-0.0105,-0.34,-1.96,9.62,-1.25,-0.56,-0.38,9.82,0,1.70,0.0079,0.0403,0,0.000,0.000,0.00,0.00,0.000,0
-2.06,11.62,1.25,0.9946,-0.1015,0.0193,-0.0112,-0.53,-1.95,9.66,-0.88,0.69,-1.00,9.87,0,1.70,0.0081,0.0403,0,0.000,0.000,0.00,0.00,0.000,0
-1.94,11.69,1.31,0.9946,-0.1017,0.0187,-0.0115,-0.35,-1.93,9.66,0.44,-0.06,-1.69,9.86,0,1.70,0.0079,0.0404,0,0.000,0.000,0.00,0.00,0.000,0
phase1 acc_mag=9.893 gravity=9.849 motion=0.044 moving_avg=0.019 rms=0.024 mean_rms=0.039 max_rms=0.054 min_rms=0.023 std=0.012 var=0.000 state=standing thr=0.080/0.350/0.850
-1.94,11.69,1.38,0.9946,-0.1016,0.0187,-0.0121,-0.35,-1.96,9.63,0.25,0.88,-1.06,9.83,0,1.70,0.0079,0.0403,0,0.000,0.000,0.00,0.00,0.000,0
-2.00,11.62,1.44,0.9946,-0.1011,0.0189,-0.0127,-0.26,-1.91,9.65,1.62,-1.12,-1.50,9.84,0,1.70,0.0080,0.0401,0,0.000,0.000,0.00,0.00,0.000,0
-2.00,11.56,1.50,0.9946,-0.1006,0.0193,-0.0133,-0.35,-1.88,9.65,0.50,1.19,-0.81,9.84,0,1.70,0.0082,0.0399,0,0.000,0.000,0.00,0.00,0.000,0
-2.19,11.56,1.50,0.9946,-0.1005,0.0207,-0.0135,-0.39,-1.94,9.65,0.44,1.38,0.38,9.85,0,1.70,0.0088,0.0399,0,0.000,0.000,0.00,0.00,0.000,0
phase1 acc_mag=9.856 gravity=9.851 motion=0.005 moving_avg=0.020 rms=0.027 mean_rms=0.034 max_rms=0.051 min_rms=0.023 std=0.010 var=0.000 state=standing thr=0.080/0.350/0.850
-2.38,11.44,1.50,0.9947,-0.0992,0.0226,-0.0135,-0.41,-1.95,9.64,3.06,3.25,0.75,9.84,0,1.70,0.0095,0.0393,0,0.000,0.000,0.00,0.00,0.000,0
-2.75,11.12,1.56,0.9949,-0.0966,0.0260,-0.0137,-0.47,-1.48,9.59,4.44,8.19,-1.25,9.71,0,1.70,0.0109,0.0383,0,0.000,0.000,0.00,0.00,0.000,0
-2.81,11.19,1.56,0.9948,-0.0977,0.0252,-0.0134,-0.09,-1.98,9.65,-5.25,-11.12,3.06,9.85,0,1.70,0.0106,0.0387,0,0.000,0.000,0.00,0.00,0.000,0
phase1 acc_mag=9.916 gravity=9.851 motion=0.065 moving_avg=0.026 rms=0.035 mean_rms=0.030 max_rms=0.046 min_rms=0.023 std=0.007 var=0.000 state=standing thr=0.080/0.350/0.850
-2.94,11.25,1.50,0.9948,-0.0977,0.0273,-0.0131,-0.84,-1.93,9.69,3.25,10.88,-1.44,9.92,0,1.70,0.0114,0.0387,0,0.000,0.000,0.00,0.00,0.000,0
-3.38,10.81,1.50,0.9950,-0.0942,0.0314,-0.0135,-0.49,-1.66,9.71,5.31,5.56,0.69,9.86,0,1.70,0.0130,0.0373,0,0.000,0.000,0.00,0.00,0.000,0
-3.81,10.56,1.56,0.9951,-0.0915,0.0352,-0.0137,-1.09,-1.39,9.60,2.62,3.19,0.50,9.76,0,1.70,0.0145,0.0362,0,0.000,0.000,0.00,0.00,0.000,0
-3.56,10.69,1.44,0.9951,-0.0930,0.0320,-0.0126,-0.45,-1.84,9.66,-3.50,-11.44,2.56,9.84,0,1.70,0.0132,0.0369,0,0.000,0.000,0.00,0.00,0.000,0
phase1 acc_mag=9.876 gravity=9.854 motion=0.022 moving_avg=0.031 rms=0.042 mean_rms=0.030 max_rms=0.042 min_rms=0.023 std=0.006 var=0.000 state=standing thr=0.080/0.350/0.850
-3.25,10.81,1.38,0.9951,-0.0938,0.0298,-0.0121,-0.37,-1.91,9.67,-1.50,1.06,1.50,9.86,0,1.70,0.0123,0.0372,0,0.000,0.000,0.00,0.00,0.000,0
-3.62,10.75,1.31,0.9950,-0.0936,0.0327,-0.0115,-1.24,-1.62,9.73,-0.75,0.62,0.88,9.94,0,1.70,0.0134,0.0371,0,0.000,0.000,0.00,0.00,0.000,0
-2.94,11.56,0.81,0.9945,-0.1006,0.0268,-0.0074,-0.04,-1.32,9.68,-29.44,-8.88,7.12,9.77,0,1.70,0.0110,0.0399,0,0.000,0.000,0.00,0.00,0.000,0
-2.81,13.81,0.25,0.9924,-0.1204,0.0250,-0.0022,-0.70,-2.72,12.18,-24.19,-8.31,2.12,12.50,0,1.70,0.0100,0.0478,0,0.000,0.000,0.00,0.00,0.000,0
phase1 acc_mag=16.213 gravity=10.020 motion=6.193 moving_avg=0.193 rms=0.780 mean_rms=0.052 max_rms=0.780 min_rms=0.024 std=0.095 var=0.009 state=walking thr=0.243/0.443/0.943
1.75,13.25,356.81,0.9928,-0.1154,-0.0187,0.0272,0.69,-3.42,10.02,17.38,-127.50,62.75,10.61,0,1.70,-0.0087,0.0456,0,0.000,0.000,0.00,0.00,0.000,0
5.69,10.94,352.00,0.9918,-0.0914,-0.0568,0.0693,0.56,-0.36,7.70,45.56,-51.12,71.12,7.73,0,1.70,-0.0251,0.0347,0,0.000,0.000,0.00,0.00,0.000,0
6.75,9.75,348.25,0.9894,-0.0769,-0.0676,0.1025,0.91,-1.37,5.50,15.75,1.75,13.62,5.74,0,1.70,-0.0299,0.0277,1,0.737,0.000,0.00,0.00,0.737,0
4.94,9.88,349.38,0.9911,-0.0817,-0.0511,0.0917,0.03,-0.54,4.73,-21.81,54.69,-34.62,4.76,0,1.70,-0.0233,0.0305,1,0.737,0.000,0.00,0.00,0.737,0
phase1 acc_mag=5.384 gravity=9.510 motion=4.126 moving_avg=0.815 rms=1.711 mean_rms=0.291 max_rms=1.711 min_rms=0.026 std=0.476 var=0.227 state=walking thr=1.244/1.444/1.944
0.56,12.50,354.69,0.9930,-0.1124,0.0009,0.0375,0.85,-2.40,7.53,-37.56,143.19,-84.94,7.95,0,1.70,-0.0013,0.0446,1,0.737,0.000,0.00,0.00,0.737,0
-8.88,13.31,1.19,0.9902,-0.1143,0.0792,-0.0107,0.48,-8.99,17.09,83.38,238.81,-99.12,19.32,0,1.70,0.0318,0.0449,1,0.737,0.000,0.00,0.00,0.737,0
-8.44,11.19,3.06,0.9924,-0.0949,0.0745,-0.0256,0.65,-1.24,8.04,0.00,-26.38,10.31,8.16,0,1.70,0.0306,0.0369,1,0.737,0.000,0.00,0.00,0.737,0
phase1 acc_mag=10.818 gravity=9.772 motion=1.046 moving_avg=1.632 rms=3.477 mean_rms=0.892 max_rms=3.477 min_rms=0.027 std=1.179 var=1.389 state=walking thr=3.250/3.450/3.950
-8.06,11.12,2.88,0.9925,-0.0946,0.0736,-0.0253,-1.85,-2.10,10.45,0.50,20.38,-8.81,10.82,0,1.70,0.0302,0.0368,2,0.876,2.356,161.29,2.69,1.613,0
-6.50,11.19,2.81,0.9934,-0.0960,0.0573,-0.0246,-0.21,-1.87,8.67,-1.25,-30.50,-0.81,8.87,0,1.70,0.0237,0.0376,2,0.876,2.356,161.29,2.69,1.613,0
-5.50,11.19,3.06,0.9937,-0.0959,0.0509,-0.0270,-1.23,-1.87,9.94,1.00,-6.75,-6.88,10.19,0,1.70,0.0213,0.0376,2,0.876,2.356,161.29,2.69,1.613,0
-4.75,11.31,3.19,0.9938,-0.0976,0.0443,-0.0280,-0.29,-1.75,9.19,-2.06,-8.50,-2.44,9.36,0,1.70,0.0187,0.0383,2,0.876,2.356,161.29,2.69,1.613,0
phase1 acc_mag=9.962 gravity=9.785 motion=0.176 moving_avg=1.725 rms=3.491 mean_rms=1.584 max_rms=3.491 min_rms=0.037 std=1.453 var=2.111 state=standing thr=4.490/4.690/5.190
-4.75,11.38,3.38,0.9937,-0.0980,0.0450,-0.0294,-1.20,-1.93,9.82,-0.38,-0.06,-1.62,10.08,0,1.70,0.0191,0.0384,2,0.876,2.356,161.29,2.69,1.613,0
-4.56,11.44,3.38,0.9937,-0.0989,0.0431,-0.0296,-0.74,-1.85,9.67,-2.56,-2.00,-0.19,9.87,0,1.70,0.0183,0.0388,2,0.876,2.356,161.29,2.69,1.613,0
-4.50,11.56,3.62,0.9936,-0.0996,0.0432,-0.0320,-1.12,-1.85,9.68,0.62,4.00,-3.38,9.92,0,1.70,0.0184,0.0390,2,0.876,2.356,161.29,2.69,1.613,0
-4.38,11.62,3.62,0.9935,-0.1002,0.0422,-0.0320,-0.80,-1.92,9.64,-1.06,-2.12,0.31,9.86,0,1.70,0.0180,0.0393,2,0.876,2.356,161.29,2.69,1.613,0
phase1 acc_mag=9.926 gravity=9.784 motion=0.141 moving_avg=1.733 rms=3.491 mean_rms=2.274 max_rms=3.491 min_rms=0.043 std=1.373 var=1.886 state=standing thr=5.021/5.221/5.721
-4.31,11.75,3.62,0.9935,-0.1013,0.0415,-0.0316,-0.49,-2.00,9.63,0.50,2.56,-0.88,9.85,0,1.70,0.0178,0.0397,2,0.876,2.356,161.29,2.69,1.613,0
-4.38,11.81,3.69,0.9935,-0.1014,0.0417,-0.0320,-0.74,-1.89,9.53,-1.50,-4.12,0.38,9.74,0,1.70,0.0179,0.0398,2,0.876,2.356,161.29,2.69,1.613,0
-4.31,11.81,3.75,0.9935,-0.1014,0.0412,-0.0325,-0.89,-1.98,9.73,1.31,-0.56,-2.31,9.97,0,1.70,0.0177,0.0398,2,0.876,2.356,161.29,2.69,1.613,0
phase1 acc_mag=9.857 gravity=9.558 motion=0.299 moving_avg=1.541 rms=3.381 mean_rms=2.949 max_rms=3.492 min_rms=0.877 std=0.923 var=0.851 state=standing thr=4.795/4.995/5.495
-4.19,11.75,3.81,0.9935,-0.1011,0.0403,-0.0332,-0.68,-1.94,9.64,0.56,-0.50,-1.25,9.86,0,1.70,0.0174,0.0397,2,0.876,2.356,161.29,2.69,1.613,0
-4.19,11.69,3.88,0.9935,-0.1008,0.0401,-0.0340,-0.64,-1.88,9.53,-1.50,-4.62,0.38,9.73,0,1.70,0.0173,0.0395,2,0.876,2.356,161.29,2.69,1.613,0
-4.00,11.81,3.94,0.9935,-0.1014,0.0391,-0.0342,-0.85,-1.94,9.61,-0.12,-0.12,-0.19,9.84,0,1.70,0.0169,0.0398,2,0.876,2.356,161.29,2.69,1.613,0
-4.00,11.81,3.94,0.9935,-0.1015,0.0389,-0.0344,-0.76,-2.02,9.61,-0.75,-0.44,-0.56,9.85,0,1.70,0.0169,0.0398,2,0.876,2.356,161.29,2.69,1.613,0
phase1 acc_mag=9.881 gravity=10.209 motion=0.328 moving_avg=0.940 rms=3.011 mean_rms=3.344 max_rms=3.492 min_rms=1.788 std=0.363 var=0.132 state=standing thr=4.070/4.270/4.770
-4.06,11.69,4.00,0.9935,-0.1008,0.0393,-0.0350,-0.65,-1.90,9.61,0.62,1.56,0.25,9.82,0,1.70,0.0170,0.0395,2,0.876,2.356,161.29,2.69,1.613,0
-4.12,11.69,4.06,0.9935,-0.1006,0.0399,-0.0353,-0.79,-1.94,9.68,-0.62,0.19,-0.62,9.90,0,1.70,0.0173,0.0394,2,0.876,2.356,161.29,2.69,1.613,0
-4.12,11.62,4.06,0.9935,-0.1002,0.0398,-0.0354,-0.71,-1.91,9.59,-0.31,-0.44,0.38,9.80,0,1.70,0.0172,0.0393,2,0.876,2.356,161.29,2.69,1.613,0
-4.12,11.62,4.06,0.9936,-0.0997,0.0399,-0.0353,-0.71,-1.85,9.58,1.69,-0.75,1.31,9.78,0,1.70,0.0172,0.0391,2,0.876,2.356,161.29,2.69,1.613,0
phase1 acc_mag=9.942 gravity=9.841 motion=0.101 moving_avg=0.183 rms=0.251 mean_rms=2.948 max_rms=3.492 min_rms=0.251 std=1.038 var=1.078 state=standing thr=5.024/5.224/5.724
-4.12,11.56,4.06,0.9936,-0.0995,0.0401,-0.0353,-0.84,-1.84,9.62,-0.19,1.00,-0.31,9.83,0,1.70,0.0173,0.0390,2,0.876,2.356,161.29,2.69,1.613,0
-4.12,11.62,4.06,0.9936,-0.0998,0.0403,-0.0353,-0.78,-1.96,9.73,-0.81,0.62,0.56,9.96,0,1.70,0.0174,0.0391,2,0.876,2.356,161.29,2.69,1.613,0
-4.19,11.62,4.06,0.9936,-0.0997,0.0403,-0.0353,-0.78,-1.93,9.69,-0.06,0.88,0.00,9.91,0,1.70,0.0174,0.0391,2,0.876,2.356,161.29,2.69,1.613,0
-4.19,11.62,4.06,0.9935,-0.1000,0.0404,-0.0353,-0.72,-1.91,9.62,-0.50,-0.12,-0.19,9.83,0,1.70,0.0175,0.0392,2,0.876,2.356,161.29,2.69,1.613,0
phase1 acc_mag=9.828 gravity=9.859 motion=0.031 moving_avg=0.119 rms=0.163 mean_rms=2.223 max_rms=3.492 min_rms=0.163 std=1.469 var=2.157 state=standing thr=5.160/5.360/5.860
-4.19,11.62,4.06,0.9935,-0.1000,0.0405,-0.0353,-0.79,-1.94,9.64,-0.44,0.25,-0.50,9.86,0,1.70,0.0175,0.0392,2,0.876,2.356,161.29,2.69,1.613,0
-4.12,11.62,4.06,0.9935,-0.1001,0.0403,-0.0358,-0.69,-1.98,9.68,-0.62,-0.44,0.25,9.90,0,1.70,0.0174,0.0392,2,0.876,2.356,161.29,2.69,1.613,0
-4.19,11.62,4.12,0.9935,-0.1001,0.0405,-0.0358,-0.87,-1.87,9.61,-0.56,-0.88,0.69,9.83,0,1.70,0.0175,0.0392,2,0.876,2.356,161.29,2.69,1.613,0
phase1 acc_mag=9.856 gravity=9.864 motion=0.008 moving_avg=0.111 rms=0.159 mean_rms=1.523 max_rms=3.492 min_rms=0.159 std=1.491 var=2.222 state=standing thr=4.504/4.704/5.204
-4.12,11.62,4.06,0.9935,-0.1002,0.0400,-0.0358,-0.80,-1.89,9.64,0.00,0.38,-0.44,9.86,0,1.70,0.0173,0.0393,2,0.876,2.356,161.29,2.69,1.613,0
-4.19,11.69,4.06,0.9935,-0.1003,0.0406,-0.0358,-0.83,-1.96,9.67,-0.75,0.62,0.12,9.90,0,1.70,0.0176,0.0393,2,0.876,0.000,0.00,0.00,1.613,0
-4.19,11.69,4.06,0.9935,-0.1004,0.0407,-0.0357,-0.72,-1.93,9.67,0.25,0.88,0.56,9.89,0,1.70,0.0176,0.0393,2,0.876,0.000,0.00,0.00,1.613,0
-4.31,11.69,4.12,0.9935,-0.1002,0.0415,-0.0358,-0.86,-1.95,9.66,0.69,1.12,-0.38,9.89,0,1.70,0.0179,0.0392,2,0.876,0.000,0.00,0.00,1.613,0
phase1 acc_mag=9.947 gravity=9.862 motion=0.086 moving_avg=0.078 rms=0.125 mean_rms=0.865 max_rms=3.344 min_rms=0.125 std=1.195 var=1.429 state=standing thr=3.255/3.455/3.955
-4.25,11.69,4.06,0.9935,-0.1002,0.0410,-0.0357,-0.68,-1.95,9.63,-0.25,-0.94,0.56,9.85,0,1.70,0.0177,0.0392,2,0.876,0.000,0.00,0.00,1.613,0
-4.19,11.69,4.06,0.9935,-0.1004,0.0405,-0.0356,-0.80,-1.96,9.70,-0.69,-0.06,-0.38,9.93,0,1.70,0.0175,0.0393,2,0.876,0.000,0.00,0.00,1.613,0
-4.19,11.69,4.06,0.9935,-0.1006,0.0403,-0.0356,-0.80,-1.92,9.67,-0.56,-0.75,0.38,9.89,0,1.70,0.0174,0.0394,2,0.876,0.000,0.00,0.00,1.613,0
-4.12,11.69,4.06,0.9935,-0.1006,0.0399,-0.0355,-0.66,-1.97,9.65,-0.31,-0.62,0.75,9.87,0,1.70,0.0173,0.0394,2,0.876,0.000,0.00,0.00,1.613,0
phase1 acc_mag=9.942 gravity=9.862 motion=0.080 moving_avg=0.041 rms=0.060 mean_rms=0.226 max_rms=1.279 min_rms=0.060 std=0.197 var=0.039 state=standing thr=0.619/0.819/1.319
-4.12,11.69,4.06,0.9935,-0.1006,0.0401,-0.0353,-0.76,-1.96,9.59,-0.38,0.62,0.75,9.82,0,1.70,0.0174,0.0394,2,0.876,0.000,0.00,0.00,1.613,0
-4.12,11.69,4.06,0.9935,-0.1006,0.0400,-0.0353,-0.82,-1.93,9.62,-0.06,-0.81,0.06,9.85,0,1.70,0.0173,0.0394,2,0.876,0.000,0.00,0.00,1.613,0
-4.19,11.69,4.06,0.9935,-0.1006,0.0406,-0.0353,-0.93,-1.96,9.68,0.62,2.75,-0.25,9.92,0,1.70,0.0175,0.0394,2,0.876,0.000,0.00,0.00,1.613,0
-4.19,11.69,4.00,0.9935,-0.1006,0.0405,-0.0352,-0.63,-1.95,9.62,-0.12,-0.75,0.75,9.84,0,1.70,0.0175,0.0394,2,0.876,0.000,0.00,0.00,1.613,0
phase1 acc_mag=9.881 gravity=9.861 motion=0.020 moving_avg=0.032 rms=0.041 mean_rms=0.125 max_rms=0.210 min_rms=0.040 std=0.050 var=0.002 state=standing thr=0.225/0.425/0.925
-4.25,11.62,4.06,0.9935,-0.1002,0.0413,-0.0353,-0.85,-1.85,9.60,0.25,0.94,0.44,9.81,0,1.70,0.0178,0.0392,2,0.876,0.000,0.00,0.00,1.613,0
-4.25,11.62,4.00,0.9935,-0.1002,0.0411,-0.0350,-0.80,-1.95,9.62,-0.62,-1.12,1.25,9.85,0,1.70,0.0177,0.0393,2,0.876,0.000,0.00,0.00,1.613,0
-4.25,11.62,4.00,0.9935,-0.1002,0.0414,-0.0350,-0.80,-1.96,9.70,0.06,0.88,0.25,9.93,0,1.70,0.0178,0.0392,2,0.876,0.000,0.00,0.00,1.613,0
-4.25,11.62,4.00,0.9935,-0.1001,0.0410,-0.0350,-0.73,-1.98,9.62,1.00,-1.88,0.06,9.85,0,1.70,0.0177,0.0392,2,0.876,0.000,0.00,0.00,1.613,0
phase1 acc_mag=9.961 gravity=9.863 motion=0.099 moving_avg=0.031 rms=0.040 mean_rms=0.095 max_rms=0.163 min_rms=0.038 std=0.051 var=0.003 state=standing thr=0.197/0.397/0.897
-4.12,11.62,4.00,0.9936,-0.0999,0.0400,-0.0349,-0.57,-1.93,9.61,0.06,-0.25,0.44,9.82,0,1.70,0.0173,0.0392,2,0.876,0.000,0.00,0.00,1.613,0
-4.19,11.62,4.00,0.9935,-0.1000,0.0406,-0.0349,-0.84,-1.92,9.68,-0.94,-0.44,0.75,9.90,0,1.70,0.0175,0.0392,2,0.876,0.000,0.00,0.00,1.613,0
-4.19,11.69,3.94,0.9935,-0.1005,0.0407,-0.0346,-0.73,-1.93,9.62,-0.38,0.56,0.62,9.84,0,1.70,0.0176,0.0394,2,0.876,0.000,0.00,0.00,1.613,0
phase1 acc_mag=9.920 gravity=9.861 motion=0.059 moving_avg=0.031 rms=0.040 mean_rms=0.070 max_rms=0.157 min_rms=0.038 std=0.042 var=0.002 state=standing thr=0.153/0.353/0.853
-4.25,11.69,3.94,0.9935,-0.1004,0.0411,-0.0345,-0.75,-1.94,9.70,-0.75,-0.69,1.25,9.92,0,1.70,0.0177,0.0393,2,0.876,0.000,0.00,0.00,1.613,0
-4.19,11.81,3.94,0.9934,-0.1014,0.0406,-0.0343,-0.74,-1.95,9.65,-2.50,0.06,-0.12,9.87,0,1.70,0.0175,0.0398,2,0.876,0.000,0.00,0.00,1.613,0
-4.12,11.88,3.88,0.9934,-0.1021,0.0400,-0.0338,-0.59,-1.95,9.58,-0.19,-0.38,1.38,9.79,0,1.70,0.0173,0.0400,2,0.876,0.000,0.00,0.00,1.613,0
-4.19,11.81,3.81,0.9934,-0.1019,0.0406,-0.0331,-0.70,-1.91,9.50,0.25,-1.31,1.56,9.72,0,1.70,0.0175,0.0399,2,0.876,0.000,0.00,0.00,1.613,0
phase1 acc_mag=9.924 gravity=9.858 motion=0.066 moving_avg=0.039 rms=0.050 mean_rms=0.051 max_rms=0.119 min_rms=0.038 std=0.023 var=0.001 state=standing thr=0.098/0.350/0.850
-4.31,11.81,3.75,0.9935,-0.1013,0.0416,-0.0330,-0.82,-1.91,9.55,1.06,-0.44,0.88,9.77,0,1.70,0.0179,0.0397,2,0.876,0.000,0.00,0.00,1.613,0
-4.38,11.75,3.75,0.9935,-0.1008,0.0421,-0.0330,-0.96,-1.86,9.67,0.38,0.38,-0.69,9.89,0,1.70,0.0180,0.0395,2,0.876,0.000,0.00,0.00,1.613,0
-4.38,11.75,3.81,0.9935,-0.1008,0.0422,-0.0331,-0.87,-1.95,9.66,-0.38,1.12,-0.81,9.89,0,1.70,0.0181,0.0395,2,0.876,0.000,0.00,0.00,1.613,0
-4.38,11.75,3.81,0.9935,-0.1008,0.0421,-0.0333,-0.80,-1.91,9.65,0.62,0.44,-0.75,9.87,0,1.70,0.0181,0.0395,2,0.876,0.000,0.00,0.00,1.613,0
phase1 acc_mag=9.857 gravity=9.856 motion=0.001 moving_avg=0.044 rms=0.055 mean_rms=0.044 max_rms=0.056 min_rms=0.038 std=0.006 var=0.000 state=standing thr=0.080/0.350/0.850
-4.38,11.69,3.75,0.9935,-0.1006,0.0418,-0.0329,-0.74,-2.01,9.67,-1.06,-1.94,0.81,9.90,0,1.70,0.0179,0.0394,2,0.876,0.000,0.00,0.00,1.613,0
-4.25,11.69,3.69,0.9935,-0.1006,0.0410,-0.0323,-0.67,-1.90,9.53,-0.38,-2.31,1.19,9.74,0,1.70,0.0176,0.0394,2,0.876,0.000,0.00,0.00,1.613,0
-4.25,11.69,3.62,0.9936,-0.1006,0.0405,-0.0319,-0.76,-1.89,9.64,-0.50,-0.81,0.81,9.85,0,1.70,0.0174,0.0395,2,0.876,0.000,0.00,0.00,1.613,0
-4.19,11.81,3.62,0.9935,-0.1021,0.0403,-0.0319,-0.65,-1.95,9.64,-5.31,1.06,-1.38,9.86,0,1.70,0.0173,0.0401,2,0.876,0.000,0.00,0.00,1.613,0
phase1 acc_mag=9.989 gravity=9.858 motion=0.131 moving_avg=0.051 rms=0.067 mean_rms=0.049 max_rms=0.067 min_rms=0.038 std=0.009 var=0.000 state=standing thr=0.080/0.350/0.850
-4.25,12.75,3.81,0.9925,-0.1099,0.0415,-0.0334,-0.46,-1.46,9.52,-32.94,1.62,-8.69,9.64,0,1.70,0.0179,0.0431,2,0.876,0.000,0.00,0.00,1.613,0
-4.56,15.88,4.50,0.9884,-0.1390,0.0464,-0.0392,-1.22,-2.55,9.33,-32.94,8.19,-1.12,9.75,0,1.70,0.0205,0.0542,2,0.876,0.000,0.00,0.00,1.613,0
-5.00,17.88,4.25,0.9862,-0.1533,0.0502,-0.0367,-1.31,-2.98,9.69,-25.38,4.25,4.50,10.22,0,1.70,0.0221,0.0597,2,0.876,0.000,0.00,0.00,1.613,0
-5.44,20.69,4.19,0.9811,-0.1813,0.0565,-0.0359,-0.68,-3.21,9.29,-196.38,29.50,-1.88,9.85,0,1.70,0.0248,0.0704,2,0.876,0.000,0.00,0.00,1.613,0
phase1 acc_mag=10.008 gravity=9.863 motion=0.145 moving_avg=0.087 rms=0.143 mean_rms=0.063 max_rms=0.143 min_rms=0.039 std=0.029 var=0.001 state=slow thr=0.121/0.350/0.850
-6.00,22.62,4.19,0.9785,-0.1936,0.0607,-0.0360,-0.99,-3.38,9.12,-21.31,8.81,2.62,9.78,0,1.70,0.0265,0.0749,2,0.876,0.000,0.00,0.00,1.613,0
-6.62,26.19,3.69,0.9708,-0.2278,0.0685,-0.0317,-1.11,-4.00,9.25,-50.19,17.62,-4.62,10.14,0,1.70,0.0295,0.0876,2,0.876,0.000,0.00,0.00,1.613,0
-7.31,28.75,4.12,0.9662,-0.2443,0.0748,-0.0350,-1.27,-4.35,8.87,-27.69,15.38,-18.38,9.96,0,1.70,0.0323,0.0934,2,0.876,0.000,0.00,0.00,1.613,0
-7.81,30.69,4.88,0.9602,-0.2632,0.0835,-0.0417,-1.40,-4.75,8.60,-43.75,16.62,-8.06,9.92,0,1.70,0.0365,0.0997,2,0.876,0.000,0.00,0.00,1.613,0
phase1 acc_mag=10.062 gravity=9.879 motion=0.183 moving_avg=0.100 rms=0.154 mean_rms=0.086 max_rms=0.154 min_rms=0.043 std=0.042 var=0.002 state=standing thr=0.171/0.371/0.871
-8.19,33.19,5.44,0.9543,-0.2812,0.0891,-0.0466,-1.29,-5.10,8.39,-27.19,13.06,-2.88,9.90,0,1.70,0.0392,0.1057,2,0.876,0.000,0.00,0.00,1.613,0
-8.56,35.19,6.06,0.9493,-0.2954,0.0943,-0.0504,-1.49,-5.39,8.17,-22.44,6.38,-2.50,9.90,0,1.70,0.0418,0.1103,2,0.876,0.000,0.00,0.00,1.613,0
-8.62,36.12,6.50,0.9465,-0.3033,0.0966,-0.0539,-1.57,-5.81,8.17,-4.62,0.75,-2.50,10.15,0,1.70,0.0431,0.1128,2,0.876,0.000,0.00,0.00,1.613,0
-8.75,36.69,6.69,0.9450,-0.3068,0.0988,-0.0555,-1.60,-5.91,8.13,-6.00,-1.88,-1.12,10.18,0,1.70,0.0442,0.1138,2,0.876,0.000,0.00,0.00,1.613,0
phase1 acc_mag=10.012 gravity=9.925 motion=0.087 moving_avg=0.122 rms=0.175 mean_rms=0.111 max_rms=0.175 min_rms=0.052 std=0.046 var=0.002 state=standing thr=0.202/0.402/0.902
-9.12,36.31,6.62,0.9457,-0.3036,0.1017,-0.0550,-1.71,-6.02,8.21,18.75,0.75,0.62,10.32,0,1.70,0.0452,0.1126,2,0.876,0.000,0.00,0.00,1.613,0
-9.19,34.19,6.00,0.9527,-0.2833,0.0986,-0.0491,-1.50,-5.54,8.22,36.19,-10.06,15.75,10.03,0,1.70,0.0431,0.1060,2,0.876,0.000,0.00,0.00,1.613,0
-9.12,29.81,5.00,0.9625,-0.2512,0.0935,-0.0424,-1.75,-4.90,8.40,80.44,-5.75,23.06,9.88,0,1.70,0.0403,0.0951,2,0.876,0.000,0.00,0.00,1.613,0
-9.19,24.44,4.25,0.9753,-0.1989,0.0887,-0.0365,-1.16,-4.33,8.89,84.62,-8.44,16.88,9.96,0,1.70,0.0375,0.0763,2,0.876,0.000,0.00,0.00,1.613,0
phase1 acc_mag=9.511 gravity=9.959 motion=0.447 moving_avg=0.151 rms=0.202 mean_rms=0.140 max_rms=0.202 min_rms=0.060 std=0.044 var=0.002 state=standing thr=0.228/0.428/0.928
-9.50,19.44,4.12,0.9816,-0.1642,0.0903,-0.0358,-0.88,-3.52,9.28,59.25,10.06,9.56,9.96,0,1.70,0.0378,0.0632,2,0.876,0.000,0.00,0.00,1.613,0
-10.12,16.56,3.81,0.9855,-0.1371,0.0939,-0.0332,-2.22,-2.65,9.55,29.62,-4.75,1.12,10.16,0,1.70,0.0389,0.0528,2,0.876,0.000,0.00,0.00,1.613,0
-10.12,15.19,3.44,0.9869,-0.1280,0.0933,-0.0299,-1.00,-3.15,9.44,30.25,10.44,-0.62,10.00,0,1.70,0.0384,0.0494,2,0.876,0.000,0.00,0.00,1.613,0
-10.44,13.25,3.81,0.9888,-0.1105,0.0955,-0.0325,-2.06,-1.83,9.70,4.00,-3.38,9.31,10.08,0,1.70,0.0392,0.0425,2,0.876,0.000,0.00,0.00,1.613,0
phase1 acc_mag=9.853 gravity=9.976 motion=0.123 moving_avg=0.160 rms=0.208 mean_rms=0.170 max_rms=0.213 min_rms=0.084 std=0.030 var=0.001 state=standing thr=0.230/0.430/0.930
-10.69,12.75,3.38,0.9891,-0.1068,0.0972,-0.0294,-1.54,-1.65,9.51,10.69,10.56,9.31,9.77,0,1.70,0.0397,0.0411,2,0.876,0.000,0.00,0.00,1.613,0
-10.44,12.31,3.50,0.9897,-0.1030,0.0951,-0.0303,-2.57,-2.06,9.58,-8.31,-22.81,-1.25,10.13,0,1.70,0.0389,0.0396,2,0.876,0.000,0.00,0.00,1.613,0
-9.00,12.75,3.12,0.9904,-0.1078,0.0822,-0.0274,-1.47,-2.07,9.69,-9.69,-21.44,6.75,10.02,0,1.70,0.0338,0.0418,2,0.876,0.000,0.00,0.00,1.613,0
phase1 acc_mag=9.444 gravity=9.993 motion=0.549 moving_avg=0.171 rms=0.227 mean_rms=0.184 max_rms=0.227 min_rms=0.149 std=0.022 var=0.000 state=standing thr=0.228/0.428/0.928
-7.62,12.44,2.94,0.9917,-0.1058,0.0686,-0.0252,-0.94,-1.96,9.19,1.38,-13.44,2.50,9.44,0,1.70,0.0283,0.0413,2,0.876,0.000,0.00,0.00,1.613,0
-6.38,11.50,2.69,0.9931,-0.0988,0.0584,-0.0234,-1.70,-1.98,9.61,20.88,-24.19,-4.00,9.96,0,1.70,0.0241,0.0387,2,0.876,0.000,0.00,0.00,1.613,0
-5.31,11.12,2.81,0.9938,-0.0958,0.0494,-0.0249,-0.11,-1.90,9.65,9.69,-4.88,2.38,9.84,0,1.70,0.0206,0.0376,2,0.876,0.000,0.00,0.00,1.613,0
-5.12,10.69,2.88,0.9944,-0.0911,0.0468,-0.0254,-1.23,-1.78,9.86,9.56,-9.19,-4.62,10.09,0,1.70,0.0195,0.0358,2,0.876,0.000,0.00,0.00,1.613,0
phase1 acc_mag=9.694 gravity=9.961 motion=0.267 moving_avg=0.203 rms=0.261 mean_rms=0.204 max_rms=0.261 min_rms=0.157 std=0.029 var=0.001 state=standing thr=0.262/0.462/0.962
-4.38,10.50,2.94,0.9947,-0.0906,0.0410,-0.0258,-0.23,-1.76,9.52,4.00,-7.19,-5.62,9.68,0,1.70,0.0172,0.0356,2,0.876,0.000,0.00,0.00,1.613,0
-4.06,9.88,2.94,0.9953,-0.0853,0.0381,-0.0259,-0.57,-1.59,9.74,1.75,-11.31,-2.88,9.89,0,1.70,0.0160,0.0336,2,0.876,0.000,0.00,0.00,1.613,0
-4.38,9.50,2.62,0.9955,-0.0820,0.0407,-0.0231,-0.36,-1.75,9.83,10.19,8.44,13.56,9.99,0,1.70,0.0170,0.0323,2,0.876,0.000,0.00,0.00,1.613,0
-5.06,9.19,2.00,0.9956,-0.0795,0.0460,-0.0174,-0.72,-1.21,9.67,2.50,11.69,16.25,9.77,0,1.70,0.0189,0.0314,2,0.876,0.000,0.00,0.00,1.613,0
phase1 acc_mag=10.314 gravity=9.910 motion=0.404 moving_avg=0.202 rms=0.263 mean_rms=0.224 max_rms=0.272 min_rms=0.180 std=0.031 var=0.001 state=standing thr=0.286/0.486/0.986
-5.56,8.44,1.88,0.9960,-0.0719,0.0506,-0.0156,-0.83,-1.56,10.32,10.81,1.75,13.06,10.47,0,1.70,0.0206,0.0283,2,0.876,0.000,0.00,0.00,1.613,0
-5.69,6.81,2.31,0.9968,-0.0586,0.0511,-0.0204,0.08,-1.56,10.37,31.75,-2.25,-8.56,10.49,0,1.70,0.0208,0.0229,2,0.876,0.000,0.00,0.00,1.613,0
-6.25,5.31,2.69,0.9971,-0.0435,0.0565,-0.0248,0.06,-1.06,9.61,21.19,10.69,-3.75,9.67,0,1.70,0.0230,0.0168,2,0.876,0.000,0.00,0.00,1.613,0
-6.50,5.75,2.62,0.9969,-0.0486,0.0580,-0.0232,-0.31,-1.31,9.60,-28.00,8.69,-0.75,9.69,0,1.70,0.0236,0.0189,2,0.876,0.000,0.00,0.00,1.613,0
phase1 acc_mag=10.386 gravity=9.951 motion=0.435 moving_avg=0.302 rms=0.438 mean_rms=0.265 max_rms=0.438 min_rms=0.180 std=0.074 var=0.006 state=slow thr=0.414/0.614/1.114
-5.56,6.56,3.12,0.9968,-0.0561,0.0505,-0.0273,0.60,-1.79,9.24,-9.56,-20.50,-11.44,9.43,0,1.70,0.0207,0.0218,2,0.876,0.000,0.00,0.00,1.613,0
-4.19,5.88,3.19,0.9976,-0.0499,0.0383,-0.0278,0.85,-0.92,8.36,6.38,-2.38,1.38,8.45,0,1.70,0.0158,0.0195,2,0.876,0.000,0.00,0.00,1.613,0
-4.50,5.75,3.25,0.9976,-0.0493,0.0410,-0.0287,-1.13,-0.95,10.27,-4.12,4.38,-2.12,10.38,0,1.70,0.0169,0.0192,2,0.876,0.000,0.00,0.00,1.613,0
-4.31,6.06,3.94,0.9972,-0.0524,0.0399,-0.0363,-0.49,-1.20,10.47,-4.25,0.12,-22.44,10.55,0,1.70,0.0167,0.0203,2,0.876,0.000,0.00,0.00,1.613,0
phase1 acc_mag=10.401 gravity=9.904 motion=0.498 moving_avg=0.397 rms=0.538 mean_rms=0.326 max_rms=0.538 min_rms=0.180 std=0.115 var=0.013 state=standing thr=0.556/0.756/1.256
-3.44,6.12,4.50,0.9973,-0.0526,0.0327,-0.0395,-0.23,-0.96,9.61,-4.12,-15.00,-7.69,9.66,0,1.70,0.0139,0.0204,2,0.876,0.000,0.00,0.00,1.613,0
-2.31,6.12,4.81,0.9974,-0.0522,0.0222,-0.0432,0.45,-1.12,9.30,7.31,-8.94,-9.69,9.38,0,1.70,0.0097,0.0204,2,0.876,0.000,0.00,0.00,1.613,0
-2.00,5.50,5.69,0.9974,-0.0475,0.0200,-0.0496,-0.81,-0.78,9.35,5.25,-5.88,-3.75,9.42,0,1.70,0.0089,0.0186,2,0.876,0.000,0.00,0.00,1.613,0
-1.44,5.12,6.06,0.9975,-0.0444,0.0153,-0.0530,-0.20,-0.57,9.38,0.88,-5.50,-14.00,9.40,0,1.70,0.0070,0.0174,2,0.876,0.000,0.00,0.00,1.613,0
phase1 acc_mag=9.643 gravity=9.801 motion=0.158 moving_avg=0.416 rms=0.550 mean_rms=0.403 max_rms=0.567 min_rms=0.246 std=0.123 var=0.015 state=standing thr=0.650/0.850/1.350
-1.75,4.69,6.44,0.9974,-0.0402,0.0177,-0.0565,-1.23,-0.95,10.24,9.81,-3.50,-14.75,10.36,0,1.70,0.0080,0.0156,2,0.876,0.000,0.00,0.00,1.613,0
-1.38,4.25,6.62,0.9976,-0.0367,0.0143,-0.0580,-1.22,-0.71,9.96,9.69,-10.06,3.38,10.06,0,1.70,0.0066,0.0143,2,0.876,0.000,0.00,0.00,1.613,0
-1.12,3.81,6.81,0.9976,-0.0319,0.0115,-0.0598,-0.89,-0.43,9.73,9.19,-4.88,0.75,9.78,0,1.70,0.0054,0.0125,2,0.876,0.000,0.00,0.00,1.613,0
-0.75,3.62,6.50,0.9978,-0.0316,0.0087,-0.0571,-0.18,-0.56,9.79,-7.44,-13.06,15.62,9.81,0,1.70,0.0042,0.0124,2,0.876,0.000,0.00,0.00,1.613,0
phase1 acc_mag=9.907 gravity=9.809 motion=0.098 moving_avg=0.408 rms=0.549 mean_rms=0.465 max_rms=0.567 min_rms=0.261 std=0.108 var=0.012 state=standing thr=0.681/0.881/1.381
-0.56,3.69,6.12,0.9980,-0.0320,0.0070,-0.0538,-0.13,-0.88,10.05,-0.75,-2.38,6.88,10.09,0,1.70,0.0035,0.0126,2,0.876,0.000,0.00,0.00,1.613,0
-0.50,3.56,5.81,0.9982,-0.0316,0.0062,-0.0504,-0.35,-0.92,9.96,-5.75,-2.25,9.31,10.01,0,1.70,0.0031,0.0125,2,0.876,0.000,0.00,0.00,1.613,0
-0.44,3.69,5.12,0.9985,-0.0320,0.0058,-0.0449,-0.02,-1.05,9.57,1.62,-1.00,12.06,9.63,0,1.70,0.0029,0.0127,2,0.876,0.000,0.00,0.00,1.613,0
-0.38,3.69,4.62,0.9987,-0.0326,0.0055,-0.0393,-0.52,-1.27,9.82,-9.19,-0.75,7.06,9.92,0,1.70,0.0027,0.0129,2,0.876,0.000,0.00,0.00,1.613,0
phase1 acc_mag=9.494 gravity=9.737 motion=0.243 moving_avg=0.341 rms=0.445 mean_rms=0.520 max_rms=0.567 min_rms=0.414 std=0.049 var=0.002 state=standing thr=0.617/0.817/1.317
-0.62,3.44,3.94,0.9989,-0.0300,0.0068,-0.0346,-0.40,-1.29,9.80,5.38,-1.88,15.88,9.89,0,1.70,0.0031,0.0119,2,0.876,0.000,0.00,0.00,1.613,0
-0.44,3.81,3.12,0.9991,-0.0334,0.0048,-0.0272,0.59,-1.26,9.68,-13.69,-3.62,21.31,9.78,0,1.70,0.0023,0.0133,2,0.876,0.000,0.00,0.00,1.613,0
-0.38,3.50,2.25,0.9993,-0.0306,0.0039,-0.0199,0.87,-0.46,9.81,13.81,5.00,11.81,9.86,0,1.70,0.0018,0.0122,2,0.876,0.000,0.00,0.00,1.613,0
-0.25,3.06,1.62,0.9995,-0.0269,0.0029,-0.0143,0.70,0.04,9.51,3.38,-4.00,14.62,9.54,0,1.70,0.0013,0.0107,2,0.876,0.000,0.00,0.00,1.613,0
phase1 acc_mag=9.527 gravity=9.795 motion=0.268 moving_avg=0.259 rms=0.343 mean_rms=0.516 max_rms=0.567 min_rms=0.343 std=0.057 var=0.003 state=standing thr=0.629/0.829/1.329
-0.38,3.25,1.12,0.9995,-0.0294,0.0047,-0.0096,1.04,-0.25,9.72,-6.38,7.31,7.69,9.78,0,1.70,0.0020,0.0117,2,0.876,0.000,0.00,0.00,1.613,0
-0.88,3.75,0.62,0.9994,-0.0330,0.0078,-0.0058,0.22,-0.83,9.84,-5.75,13.06,4.50,9.88,0,1.70,0.0032,0.0132,2,0.876,0.000,0.00,0.00,1.613,0
-0.25,3.50,0.31,0.9995,-0.0318,0.0019,-0.0015,0.19,-0.41,9.56,-0.50,-14.62,6.75,9.57,0,1.70,0.0008,0.0127,2,0.876,0.000,0.00,0.00,1.613,0
0.19,3.75,359.44,0.9995,-0.0328,-0.0023,0.0048,0.47,-0.65,10.00,0.50,-8.19,14.50,10.03,0,1.70,-0.0010,0.0131,2,0.876,0.000,0.00,0.00,1.613,0
phase1 acc_mag=9.585 gravity=9.800 motion=0.214 moving_avg=0.174 rms=0.214 mean_rms=0.462 max_rms=0.567 min_rms=0.214 std=0.111 var=0.012 state=standing thr=0.683/0.883/1.383
0.38,3.12,358.06,0.9995,-0.0275,-0.0038,0.0169,0.42,-0.44,9.56,-5.62,-4.88,6.62,9.58,0,1.70,-0.0017,0.0110,2,0.876,0.000,0.00,0.00,1.613,0
0.12,3.12,357.44,0.9993,-0.0277,-0.0020,0.0237,-0.14,-0.12,9.71,-5.50,1.38,18.75,9.71,0,1.70,-0.0011,0.0111,2,0.876,0.000,0.00,0.00,1.613,0
-0.12,2.81,357.00,0.9993,-0.0247,0.0005,0.0261,0.32,-0.52,9.96,8.06,2.50,-2.00,9.98,0,1.70,-0.0000,0.0099,2,0.876,0.000,0.00,0.00,1.613,0
phase1 acc_mag=9.606 gravity=9.797 motion=0.191 moving_avg=0.149 rms=0.178 mean_rms=0.382 max_rms=0.554 min_rms=0.174 std=0.141 var=0.020 state=standing thr=0.663/0.863/1.363
-0.44,2.44,356.31,0.9993,-0.0205,0.0042,0.0320,0.53,-0.18,9.59,13.69,8.81,5.25,9.61,0,1.70,0.0014,0.0083,2,0.876,0.000,0.00,0.00,1.613,0
-0.31,2.06,355.88,0.9991,-0.0183,0.0032,0.0366,0.38,-0.22,9.48,1.75,6.75,8.81,9.49,0,1.70,0.0010,0.0074,2,0.876,0.000,0.00,0.00,1.613,0
-0.19,1.88,355.38,0.9991,-0.0169,0.0010,0.0399,0.18,-0.16,9.65,-5.12,-2.38,16.12,9.65,0,1.70,0.0001,0.0068,2,0.876,0.000,0.00,0.00,1.613,0
0.00,1.94,355.12,0.9990,-0.0174,-0.0010,0.0422,0.09,-0.29,9.94,-1.38,-3.62,6.12,9.94,0,1.70,-0.0007,0.0069,2,0.876,0.000,0.00,0.00,1.613,0
phase1 acc_mag=9.979 gravity=9.773 motion=0.206 moving_avg=0.154 rms=0.180 mean_rms=0.308 max_rms=0.548 min_rms=0.174 std=0.129 var=0.017 state=standing thr=0.567/0.767/1.267
0.31,2.31,355.12,0.9988,-0.0214,-0.0043,0.0422,0.26,-0.35,9.67,-14.38,-4.12,1.38,9.68,0,1.70,-0.0021,0.0085,2,0.876,0.000,0.00,0.00,1.613,0
0.62,3.44,355.19,0.9987,-0.0297,-0.0069,0.0416,0.36,-0.25,9.60,-23.56,-0.12,-8.56,9.61,0,1.70,-0.0033,0.0118,2,0.876,0.000,0.00,0.00,1.613,0
0.50,4.56,355.94,0.9985,-0.0413,-0.0064,0.0339,0.83,-1.07,9.96,-8.94,7.19,-17.38,10.05,0,1.70,-0.0031,0.0164,2,0.876,0.000,0.00,0.00,1.613,0
0.44,4.69,356.44,0.9987,-0.0413,-0.0052,0.0309,0.20,-1.11,9.95,3.62,8.31,-8.81,10.01,0,1.70,-0.0026,0.0164,2,0.876,0.000,0.00,0.00,1.613,0
phase1 acc_mag=9.679 gravity=9.764 motion=0.085 moving_avg=0.167 rms=0.194 mean_rms=0.244 max_rms=0.438 min_rms=0.174 std=0.085 var=0.007 state=standing thr=0.413/0.613/1.113
0.50,4.75,356.88,0.9988,-0.0409,-0.0060,0.0267,0.15,-1.01,10.06,6.00,0.38,-0.38,10.11,0,1.70,-0.0028,0.0163,2,0.876,0.000,0.00,0.00,1.613,0
0.56,4.50,356.81,0.9988,-0.0392,-0.0062,0.0273,0.50,-0.53,9.77,7.56,0.00,1.88,9.80,0,1.70,-0.0029,0.0156,2,0.876,0.000,0.00,0.00,1.613,0
0.50,4.00,357.19,0.9991,-0.0348,-0.0056,0.0244,0.49,-0.37,9.63,9.31,8.06,0.50,9.65,0,1.70,-0.0026,0.0138,2,0.876,0.000,0.00,0.00,1.613,0
phase1 acc_mag=9.657 gravity=9.755 motion=0.098 moving_avg=0.157 rms=0.187 mean_rms=0.202 max_rms=0.298 min_rms=0.174 std=0.033 var=0.001 state=standing thr=0.268/0.468/0.968
0.19,3.69,357.44,0.9993,-0.0324,-0.0020,0.0216,0.33,-0.47,9.64,2.88,8.44,-5.00,9.66,0,1.70,-0.0011,0.0129,2,0.876,0.000,0.00,0.00,1.613,0
-0.12,3.25,358.38,0.9995,-0.0283,0.0005,0.0129,0.19,-0.64,9.67,5.50,-3.75,-14.25,9.69,0,1.70,0.0000,0.0113,2,0.876,0.000,0.00,0.00,1.613,0
-0.12,3.25,359.06,0.9996,-0.0287,0.0014,0.0079,0.04,-0.96,9.85,-1.62,-2.00,-10.06,9.90,0,1.70,0.0005,0.0115,2,0.876,0.000,0.00,0.00,1.613,0
0.00,3.44,359.88,0.9995,-0.0312,0.0001,0.0002,0.15,-0.75,9.85,-10.81,-7.31,-8.31,9.88,0,1.70,0.0000,0.0125,2,0.876,0.000,0.00,0.00,1.613,0
phase1 acc_mag=9.973 gravity=9.775 motion=0.199 moving_avg=0.145 rms=0.170 mean_rms=0.187 max_rms=0.212 min_rms=0.170 std=0.007 var=0.000 state=standing thr=0.201/0.401/0.901
0.19,3.31,0.94,0.9995,-0.0293,-0.0018,-0.0085,0.00,-0.38,9.84,1.88,-4.75,-6.25,9.85,0,1.70,-0.0006,0.0117,2,0.876,0.000,0.00,0.00,1.613,0
0.00,3.38,2.12,0.9994,-0.0298,0.0001,-0.0189,0.23,-0.37,9.64,-7.06,6.62,-12.56,9.65,0,1.70,0.0003,0.0119,2,0.876,0.000,0.00,0.00,1.613,0
-0.38,3.00,3.06,0.9992,-0.0275,0.0038,-0.0281,-0.08,-0.42,9.96,-11.31,-6.12,-10.31,9.97,0,1.70,0.0018,0.0110,2,0.876,0.000,0.00,0.00,1.613,0
-0.12,2.56,4.88,0.9988,-0.0226,0.0021,-0.0425,-0.22,0.25,9.71,-6.25,-8.19,-24.44,9.72,0,1.70,0.0012,0.0090,2,0.876,0.000,0.00,0.00,1.613,0
phase1 acc_mag=9.674 gravity=9.780 motion=0.106 moving_avg=0.144 rms=0.169 mean_rms=0.183 max_rms=0.196 min_rms=0.168 std=0.007 var=0.000 state=standing thr=0.198/0.398/0.898
0.38,2.31,5.50,0.9986,-0.0208,-0.0026,-0.0480,0.52,-0.06,9.86,-3.25,-16.38,-17.62,9.87,0,1.70,-0.0006,0.0084,2,0.876,0.000,0.00,0.00,1.613,0
1.00,1.94,6.75,0.9980,-0.0173,-0.0100,-0.0601,-0.39,-0.06,10.24,3.50,-21.19,-11.94,10.25,0,1.70,-0.0036,0.0072,2,0.876,0.000,0.00,0.00,1.613,0
1.81,2.25,7.94,0.9973,-0.0211,-0.0148,-0.0692,0.58,-0.55,9.51,-10.94,-0.50,-21.69,9.54,0,1.70,-0.0053,0.0088,2,0.876,0.000,0.00,0.00,1.613,0
1.38,2.75,8.94,0.9966,-0.0253,-0.0103,-0.0781,-0.29,-0.75,9.74,-9.94,9.81,-5.62,9.77,0,1.70,-0.0033,0.0104,2,0.876,0.000,0.00,0.00,1.613,0
phase1 acc_mag=9.759 gravity=9.794 motion=0.034 moving_avg=0.159 rms=0.207 mean_rms=0.186 max_rms=0.214 min_rms=0.164 std=0.012 var=0.000 state=standing thr=0.211/0.411/0.911
0.88,3.12,9.94,0.9958,-0.0284,-0.0054,-0.0869,-0.02,-1.14,9.60,-5.50,7.81,-10.06,9.67,0,1.70,-0.0012,0.0115,2,0.876,0.000,0.00,0.00,1.613,0
0.75,3.44,10.44,0.9953,-0.0319,-0.0036,-0.0911,0.28,-0.99,9.27,-13.31,1.38,3.62,9.33,0,1.70,-0.0003,0.0128,2,0.876,0.000,0.00,0.00,1.613,0
0.94,3.88,10.75,0.9949,-0.0347,-0.0054,-0.0941,0.62,-1.05,9.38,5.88,-0.88,2.25,9.46,0,1.70,-0.0008,0.0140,2,0.876,0.000,0.00,0.00,1.613,0
1.19,3.56,10.81,0.9949,-0.0323,-0.0082,-0.0951,0.56,-0.96,9.83,1.75,-5.62,3.00,9.89,0,1.70,-0.0020,0.0132,2,0.876,0.000,0.00,0.00,1.613,0
phase1 acc_mag=9.924 gravity=9.739 motion=0.185 moving_avg=0.172 rms=0.225 mean_rms=0.192 max_rms=0.226 min_rms=0.164 std=0.018 var=0.000 state=standing thr=0.229/0.429/0.929
1.25,3.50,10.94,0.9949,-0.0319,-0.0084,-0.0957,0.60,-0.73,9.63,-1.62,-2.50,-2.88,9.68,0,1.70,-0.0021,0.0130,2,0.876,0.000,0.00,0.00,1.613,0
0.81,3.38,11.00,0.9949,-0.0301,-0.0045,-0.0959,-0.14,-0.99,9.97,5.88,1.75,-7.19,10.02,0,1.70,-0.0006,0.0121,2,0.876,0.000,0.00,0.00,1.613,0
0.81,3.00,10.94,0.9950,-0.0273,-0.0043,-0.0958,0.76,-0.98,9.68,-1.50,3.75,-2.75,9.76,0,1.70,-0.0007,0.0110,2,0.876,0.000,0.00,0.00,1.613,0
0.75,2.50,11.06,0.9951,-0.0225,-0.0049,-0.0967,0.48,-0.80,9.53,11.94,8.81,4.75,9.58,0,1.70,-0.0011,0.0091,2,0.876,0.000,0.00,0.00,1.613,0
phase1 acc_mag=9.669 gravity=9.755 motion=0.086 moving_avg=0.194 rms=0.246 mean_rms=0.202 max_rms=0.246 min_rms=0.164 std=0.026 var=0.001 state=standing thr=0.253/0.453/0.953
0.31,1.44,11.12,0.9951,-0.0112,-0.0017,-0.0978,0.53,-0.59,10.16,21.06,3.75,-9.44,10.19,0,1.70,-0.0002,0.0045,2,0.876,0.000,0.00,0.00,1.613,0
-0.25,-0.38,11.94,0.9946,0.0039,0.0019,-0.1042,0.36,0.88,9.95,12.56,17.50,-6.75,10.00,0,1.70,0.0006,-0.0016,2,0.876,0.000,0.00,0.00,1.613,0
-0.75,-0.44,11.00,0.9958,0.0020,0.0032,-0.0910,-2.57,-0.89,9.73,-31.38,-42.25,63.69,10.10,0,1.70,0.0012,-0.0009,2,0.876,0.000,0.00,0.00,1.613,0
0.75,-0.06,9.44,0.9966,0.0004,-0.0071,-0.0823,1.49,-0.28,9.18,-2.38,-3.12,-13.44,9.30,0,1.70,-0.0029,0.0001,2,0.876,0.000,0.00,0.00,1.613,0
phase1 acc_mag=9.067 gravity=9.783 motion=0.715 moving_avg=0.255 rms=0.320 mean_rms=0.224 max_rms=0.320 min_rms=0.164 std=0.040 var=0.002 state=slow thr=0.303/0.503/1.003
1.25,0.94,10.31,0.9957,-0.0112,-0.0117,-0.0917,-1.00,-0.59,9.68,-21.19,-20.00,-21.44,9.75,0,1.70,-0.0042,0.0049,2,0.876,0.000,0.00,0.00,1.613,0
1.44,2.12,10.88,0.9952,-0.0202,-0.0108,-0.0948,2.07,-0.84,9.98,-24.06,18.75,-3.75,10.23,0,1.70,-0.0035,0.0085,2,0.876,0.000,0.00,0.00,1.613,0
1.19,3.00,10.38,0.9955,-0.0271,-0.0084,-0.0908,-0.49,-0.78,10.23,-3.00,-10.31,19.75,10.27,0,1.70,-0.0024,0.0111,2,0.876,0.000,0.00,0.00,1.613,0
1.62,3.25,9.81,0.9958,-0.0295,-0.0121,-0.0855,0.26,-0.61,9.60,-1.00,-2.88,13.31,9.62,0,1.70,-0.0038,0.0122,2,0.876,0.000,0.00,0.00,1.613,0
phase1 acc_mag=9.640 gravity=9.771 motion=0.131 moving_avg=0.285 rms=0.354 mean_rms=0.259 max_rms=0.359 min_rms=0.184 std=0.051 var=0.003 state=standing thr=0.361/0.561/1.061
1.81,2.81,9.19,0.9963,-0.0262,-0.0139,-0.0805,0.17,-0.74,9.56,8.06,-11.69,12.81,9.59,0,1.70,-0.0047,0.0109,2,0.876,0.000,0.00,0.00,1.613,0
2.19,2.94,8.75,0.9965,-0.0273,-0.0172,-0.0764,0.87,-1.13,10.04,-1.38,-6.12,6.62,10.14,0,1.70,-0.0060,0.0114,2,0.876,0.000,0.00,0.00,1.613,0
1.75,3.00,8.69,0.9966,-0.0272,-0.0130,-0.0760,0.15,-1.01,10.00,1.75,4.50,-2.88,10.05,0,1.70,-0.0044,0.0112,2,0.876,0.000,0.00,0.00,1.613,0
1.88,3.25,8.00,0.9970,-0.0297,-0.0147,-0.0699,0.85,-0.94,9.81,-1.62,-3.25,9.44,9.89,0,1.70,-0.0050,0.0123,2,0.876,0.000,0.00,0.00,1.613,0
phase1 acc_mag=9.676 gravity=9.801 motion=0.125 moving_avg=0.267 rms=0.335 mean_rms=0.287 max_rms=0.359 min_rms=0.212 std=0.050 var=0.003 state=standing thr=0.387/0.587/1.087
1.69,3.44,7.25,0.9974,-0.0314,-0.0132,-0.0637,-0.17,-0.56,9.74,2.88,-2.75,14.62,9.76,0,1.70,-0.0045,0.0129,2,0.876,0.000,0.00,0.00,1.613,0
1.88,3.56,6.69,0.9976,-0.0319,-0.0140,-0.0591,1.00,-0.57,9.60,5.75,7.81,-3.88,9.67,0,1.70,-0.0048,0.0130,2,0.876,0.000,0.00,0.00,1.613,0
1.44,3.62,6.62,0.9977,-0.0327,-0.0109,-0.0579,0.46,-0.74,9.65,-6.25,-3.62,3.62,9.69,0,1.70,-0.0036,0.0133,2,0.876,0.000,0.00,0.00,1.613,0
phase1 acc_mag=9.896 gravity=9.828 motion=0.069 moving_avg=0.246 rms=0.319 mean_rms=0.307 max_rms=0.359 min_rms=0.225 std=0.038 var=0.001 state=standing thr=0.384/0.584/1.084
1.25,3.88,6.62,0.9977,-0.0345,-0.0083,-0.0573,0.35,-0.77,9.86,-6.00,-2.00,-6.88,9.90,0,1.70,-0.0025,0.0140,2,0.876,0.000,0.00,0.00,1.613,0
1.06,3.62,6.00,0.9980,-0.0323,-0.0077,-0.0526,-0.13,-0.62,9.66,-5.62,-1.62,8.69,9.68,0,1.70,-0.0024,0.0131,2,0.876,0.000,0.00,0.00,1.613,0
0.88,3.69,5.81,0.9982,-0.0327,-0.0060,-0.0508,0.71,-0.63,9.55,-7.81,5.12,3.62,9.60,0,1.70,-0.0017,0.0132,2,0.876,0.000,0.00,0.00,1.613,0
0.69,3.81,5.81,0.9981,-0.0338,-0.0046,-0.0511,0.14,-0.69,9.75,-3.50,-4.25,4.88,9.78,0,1.70,-0.0011,0.0136,2,0.876,0.000,0.00,0.00,1.613,0
phase1 acc_mag=9.667 gravity=9.800 motion=0.133 moving_avg=0.223 rms=0.295 mean_rms=0.321 max_rms=0.359 min_rms=0.263 std=0.020 var=0.000 state=standing thr=0.360/0.560/1.060
0.56,3.88,5.81,0.9981,-0.0342,-0.0037,-0.0510,0.55,-0.93,9.81,1.75,-2.75,-0.12,9.87,0,1.70,-0.0008,0.0137,2,0.876,0.000,0.00,0.00,1.613,0
0.31,3.56,5.75,0.9982,-0.0317,-0.0016,-0.0506,0.15,-1.07,9.96,10.06,1.38,1.25,10.02,0,1.70,-0.0000,0.0127,2,0.876,0.000,0.00,0.00,1.613,0
0.12,3.25,5.62,0.9984,-0.0286,-0.0001,-0.0491,0.04,-0.71,9.73,11.69,1.12,1.25,9.76,0,1.70,0.0005,0.0114,2,0.876,0.000,0.00,0.00,1.613,0
-0.06,3.56,5.88,0.9982,-0.0313,0.0027,-0.0514,0.41,-0.78,9.72,0.25,8.56,-9.56,9.76,0,1.70,0.0017,0.0124,2,0.876,0.000,0.00,0.00,1.613,0
phase1 acc_mag=10.087 gravity=9.793 motion=0.294 moving_avg=0.186 rms=0.243 mean_rms=0.314 max_rms=0.359 min_rms=0.239 std=0.031 var=0.001 state=standing thr=0.375/0.575/1.075
-1.00,3.00,6.69,0.9979,-0.0258,0.0107,-0.0585,0.54,-0.71,9.83,11.69,36.06,-6.00,9.87,0,1.70,0.0049,0.0100,2,0.876,0.000,0.00,0.00,1.613,0
-4.19,0.75,7.69,0.9970,-0.0043,0.0372,-0.0675,-1.26,0.06,9.51,31.38,38.19,-10.44,9.59,0,1.70,0.0150,0.0007,2,0.876,0.000,0.00,0.00,1.613,0
-3.44,0.31,8.31,0.9969,-0.0010,0.0307,-0.0729,-0.47,-0.30,9.53,-2.38,-12.19,-2.50,9.55,0,1.70,0.0123,-0.0005,2,0.876,0.000,0.00,0.00,1.613,0
-3.25,0.56,9.38,0.9962,-0.0032,0.0286,-0.0829,-0.36,-0.35,9.49,-5.75,-6.00,-14.75,9.50,0,1.70,0.0115,0.0003,2,0.876,0.000,0.00,0.00,1.613,0
phase1 acc_mag=9.829 gravity=9.788 motion=0.041 moving_avg=0.169 rms=0.209 mean_rms=0.287 max_rms=0.339 min_rms=0.201 std=0.045 var=0.002 state=standing thr=0.377/0.577/1.077
-2.62,2.06,8.44,0.9968,-0.0164,0.0244,-0.0739,-0.20,0.14,9.74,-50.06,-15.50,57.12,9.74,0,1.70,0.0102,0.0058,2,0.876,0.000,0.00,0.00,1.613,0
-1.38,3.88,7.25,0.9973,-0.0340,0.0138,-0.0643,0.77,-0.97,9.49,-10.69,-8.19,-13.69,9.57,0,1.70,0.0064,0.0132,2,0.876,0.000,0.00,0.00,1.613,0
-0.88,4.12,7.44,0.9972,-0.0355,0.0103,-0.0650,-0.12,-1.16,10.06,-1.12,-8.81,9.56,10.13,0,1.70,0.0050,0.0139,2,0.876,0.000,0.00,0.00,1.613,0
0.12,4.06,6.69,0.9976,-0.0356,0.0010,-0.0585,-0.52,-0.51,9.37,-4.50,-20.88,19.12,9.40,0,1.70,0.0012,0.0142,2,0.876,0.000,0.00,0.00,1.613,0
phase1 acc_mag=9.318 gravity=9.774 motion=0.456 moving_avg=0.186 rms=0.228 mean_rms=0.260 max_rms=0.321 min_rms=0.201 std=0.046 var=0.002 state=standing thr=0.351/0.551/1.051
0.75,4.31,6.38,0.9977,-0.0380,-0.0047,-0.0559,1.02,-1.10,10.07,6.75,-0.12,-10.31,10.18,0,1.70,-0.0010,0.0153,2,0.876,0.000,0.00,0.00,1.613,0
0.56,3.75,6.75,0.9977,-0.0334,-0.0034,-0.0593,0.08,-0.63,10.14,2.75,-5.38,-5.38,10.16,0,1.70,-0.0005,0.0134,2,0.876,0.000,0.00,0.00,1.613,0
0.69,3.69,6.38,0.9979,-0.0323,-0.0038,-0.0557,0.32,-0.87,9.78,5.25,4.75,0.12,9.82,0,1.70,-0.0008,0.0130,2,0.876,0.000,0.00,0.00,1.613,0
0.62,3.31,6.44,0.9980,-0.0295,-0.0043,-0.0562,0.60,-0.62,9.39,3.75,-0.88,-1.75,9.43,0,1.70,-0.0010,0.0119,2,0.876,0.000,0.00,0.00,1.613,0
phase1 acc_mag=9.578 gravity=9.804 motion=0.226 moving_avg=0.216 rms=0.265 mean_rms=0.246 max_rms=0.313 min_rms=0.201 std=0.035 var=0.001 state=standing thr=0.316/0.516/1.016
0.62,3.56,6.56,0.9979,-0.0316,-0.0040,-0.0576,0.08,-0.37,9.68,-8.69,0.00,2.25,9.69,0,1.70,-0.0009,0.0127,2,0.876,0.000,0.00,0.00,1.613,0
0.62,3.62,6.88,0.9976,-0.0325,-0.0031,-0.0608,0.59,-0.61,9.69,-2.38,5.50,-9.06,9.73,0,1.70,-0.0005,0.0130,2,0.876,0.000,0.00,0.00,1.613,0
0.25,3.69,6.88,0.9976,-0.0327,-0.0004,-0.0603,0.24,-0.69,9.75,-7.06,0.00,5.88,9.78,0,1.70,0.0006,0.0130,2,0.876,0.000,0.00,0.00,1.613,0
phase1 acc_mag=9.902 gravity=9.815 motion=0.087 moving_avg=0.212 rms=0.261 mean_rms=0.239 max_rms=0.274 min_rms=0.201 std=0.024 var=0.001 state=standing thr=0.288/0.488/0.988
0.12,3.62,6.94,0.9977,-0.0319,0.0009,-0.0601,-0.01,-0.66,9.88,4.25,4.12,-1.88,9.90,0,1.70,0.0011,0.0127,2,0.876,0.000,0.00,0.00,1.613,0
0.19,3.75,6.62,0.9978,-0.0328,-0.0001,-0.0579,0.18,-0.81,9.79,0.88,-0.12,-0.75,9.83,0,1.70,0.0007,0.0131,2,0.876,0.000,0.00,0.00,1.613,0
0.00,3.81,6.50,0.9978,-0.0337,0.0017,-0.0568,0.20,-0.77,9.84,-3.25,1.12,-0.50,9.87,0,1.70,0.0014,0.0134,2,0.876,0.000,0.00,0.00,1.613,0
0.06,3.69,6.50,0.9979,-0.0324,0.0011,-0.0572,0.23,-0.57,9.72,-3.12,-1.62,3.50,9.74,0,1.70,0.0012,0.0129,2,0.876,0.000,0.00,0.00,1.613,0
phase1 acc_mag=9.641 gravity=9.801 motion=0.160 moving_avg=0.188 rms=0.237 mean_rms=0.239 max_rms=0.266 min_rms=0.201 std=0.024 var=0.001 state=standing thr=0.287/0.487/0.987
0.06,3.38,6.62,0.9979,-0.0288,0.0009,-0.0586,0.34,-0.53,9.62,9.81,2.50,-7.56,9.64,0,1.70,0.0010,0.0115,2,0.876,0.000,0.00,0.00,1.613,0
-0.38,3.12,6.56,0.9980,-0.0270,0.0049,-0.0576,-0.39,-0.80,9.93,5.88,-2.12,5.12,9.97,0,1.70,0.0026,0.0107,2,0.876,0.000,0.00,0.00,1.613,0
-0.25,2.38,6.75,0.9980,-0.0211,0.0037,-0.0590,0.02,-0.65,9.70,17.12,-0.12,-3.62,9.72,0,1.70,0.0020,0.0083,2,0.876,0.000,0.00,0.00,1.613,0
-0.56,1.12,6.81,0.9981,-0.0099,0.0059,-0.0602,-0.36,-0.28,9.42,-3.00,1.75,-8.69,9.43,0,1.70,0.0026,0.0038,2,0.876,0.000,0.00,0.00,1.613,0
phase1 acc_mag=9.644 gravity=9.821 motion=0.178 moving_avg=0.214 rms=0.309 mean_rms=0.258 max_rms=0.309 min_rms=0.202 std=0.029 var=0.001 state=standing thr=0.315/0.515/1.015
-0.88,0.56,6.69,0.9982,-0.0049,0.0080,-0.0588,-0.14,-0.14,9.81,0.88,-1.12,7.19,9.81,0,1.70,0.0033,0.0018,2,0.876,0.000,0.00,0.00,1.613,0
-1.00,0.56,6.56,0.9983,-0.0047,0.0093,-0.0576,-0.30,-0.09,9.70,-14.62,-1.62,-0.88,9.71,0,1.70,0.0038,0.0017,2,0.876,0.000,0.00,0.00,1.613,0
-0.94,1.25,6.56,0.9982,-0.0105,0.0090,-0.0576,-0.07,-0.46,9.76,-14.38,-2.75,-7.44,9.77,0,1.70,0.0038,0.0040,2,0.876,0.000,0.00,0.00,1.613,0
-0.88,1.88,6.56,0.9982,-0.0163,0.0090,-0.0576,0.09,-0.36,9.67,-2.62,3.75,-1.75,9.68,0,1.70,0.0040,0.0063,2,0.876,0.000,0.00,0.00,1.613,0
phase1 acc_mag=9.769 gravity=9.810 motion=0.040 moving_avg=0.173 rms=0.280 mean_rms=0.273 max_rms=0.309 min_rms=0.232 std=0.022 var=0.000 state=standing thr=0.318/0.518/1.018
-0.75,2.50,6.44,0.9982,-0.0216,0.0082,-0.0563,-0.02,-0.59,9.81,-14.75,-4.25,0.62,9.83,0,1.70,0.0038,0.0084,2,0.876,0.000,0.00,0.00,1.613,0
-0.56,2.75,6.50,0.9981,-0.0237,0.0066,-0.0568,-0.14,-0.50,9.71,-0.25,-5.50,-7.56,9.72,0,1.70,0.0032,0.0093,2,0.876,0.000,0.00,0.00,1.613,0
-0.44,2.88,6.44,0.9981,-0.0249,0.0053,-0.0563,0.13,-0.50,9.71,2.62,6.00,-3.75,9.72,0,1.70,0.0027,0.0098,2,0.876,0.000,0.00,0.00,1.613,0
-0.50,2.88,6.44,0.9980,-0.0253,0.0062,-0.0563,-0.14,-0.40,9.72,-3.88,9.56,-1.25,9.73,0,1.70,0.0031,0.0100,2,0.876,0.000,0.00,0.00,1.613,0
phase1 acc_mag=9.730 gravity=9.793 motion=0.063 moving_avg=0.126 rms=0.241 mean_rms=0.273 max_rms=0.309 min_rms=0.232 std=0.023 var=0.001 state=standing thr=0.318/0.518/1.018
-0.25,3.00,6.25,0.9981,-0.0264,0.0041,-0.0550,-0.12,-0.57,9.88,2.25,-5.38,-5.12,9.90,0,1.70,0.0022,0.0105,2,0.876,0.000,0.00,0.00,1.613,0
-0.25,3.06,6.50,0.9980,-0.0272,0.0043,-0.0577,-0.13,-0.47,9.77,-3.12,1.25,-8.06,9.78,0,1.70,0.0023,0.0107,2,0.876,0.000,0.00,0.00,1.613,0
-0.19,3.19,6.75,0.9979,-0.0282,0.0034,-0.0585,-0.13,-0.55,9.74,-1.88,-3.62,9.81,9.76,0,1.70,0.0020,0.0112,2,0.876,0.000,0.00,0.00,1.613,0
phase1 acc_mag=9.884 gravity=9.780 motion=0.103 moving_avg=0.114 rms=0.235 mean_rms=0.267 max_rms=0.309 min_rms=0.232 std=0.027 var=0.001 state=standing thr=0.321/0.521/1.021
-0.19,3.12,6.88,0.9978,-0.0275,0.0034,-0.0602,-0.10,-0.51,9.87,0.38,-2.62,5.50,9.88,0,1.70,0.0020,0.0109,2,0.876,0.000,0.00,0.00,1.613,0
-0.25,3.31,6.62,0.9979,-0.0286,0.0049,-0.0576,-0.22,-0.58,9.91,1.88,7.19,5.75,9.93,0,1.70,0.0026,0.0113,2,0.876,0.000,0.00,0.00,1.613,0
-0.50,3.56,6.31,0.9980,-0.0311,0.0066,-0.0554,0.06,-0.57,9.73,-7.56,6.00,7.19,9.75,0,1.70,0.0033,0.0123,2,0.876,0.000,0.00,0.00,1.613,0
-0.44,3.81,6.38,0.9979,-0.0334,0.0060,-0.0560,0.09,-0.52,9.58,-1.00,4.00,-5.62,9.59,0,1.70,0.0032,0.0132,2,0.876,0.000,0.00,0.00,1.613,0
phase1 acc_mag=9.751 gravity=9.773 motion=0.022 moving_avg=0.096 rms=0.135 mean_rms=0.260 max_rms=0.309 min_rms=0.135 std=0.035 var=0.001 state=standing thr=0.330/0.530/1.030
-0.25,4.25,6.38,0.9977,-0.0370,0.0047,-0.0560,0.06,-0.81,9.72,-2.00,8.19,-4.38,9.75,0,1.70,0.0027,0.0147,2,0.876,0.000,0.00,0.00,1.613,0
-0.31,4.25,6.56,0.9976,-0.0374,0.0051,-0.0573,-0.24,-0.66,9.67,-3.38,-2.50,-3.38,9.70,0,1.70,0.0029,0.0148,2,0.876,0.000,0.00,0.00,1.613,0
-0.50,4.06,6.31,0.9978,-0.0356,0.0068,-0.0555,-0.33,-0.69,9.72,10.81,-2.88,1.88,9.75,0,1.70,0.0035,0.0141,2,0.876,0.000,0.00,0.00,1.613,0
-0.62,4.12,6.31,0.9978,-0.0358,0.0074,-0.0552,0.21,-0.64,9.66,1.12,4.25,-4.62,9.68,0,1.70,0.0038,0.0141,2,0.876,0.000,0.00,0.00,1.613,0
phase1 acc_mag=9.763 gravity=9.780 motion=0.017 moving_avg=0.074 rms=0.098 mean_rms=0.222 max_rms=0.304 min_rms=0.098 std=0.060 var=0.004 state=standing thr=0.342/0.542/1.042
-0.69,4.12,6.69,0.9975,-0.0364,0.0085,-0.0598,-0.12,-0.81,9.75,-5.50,-1.38,-12.69,9.78,0,1.70,0.0043,0.0143,2,0.876,0.000,0.00,0.00,1.613,0
-1.00,4.44,7.44,0.9971,-0.0380,0.0114,-0.0654,-0.14,-0.91,9.82,2.38,10.06,-10.06,9.86,0,1.70,0.0055,0.0149,2,0.876,0.000,0.00,0.00,1.613,0
-0.75,4.62,8.19,0.9966,-0.0401,0.0098,-0.0716,-0.19,-0.58,9.74,-10.06,-1.75,-11.06,9.76,0,1.70,0.0051,0.0157,2,0.876,0.000,0.00,0.00,1.613,0
phase1 acc_mag=9.837 gravity=9.790 motion=0.047 moving_avg=0.077 rms=0.102 mean_rms=0.183 max_rms=0.253 min_rms=0.098 std=0.066 var=0.004 state=standing thr=0.315/0.515/1.015
-0.88,4.88,9.12,0.9958,-0.0423,0.0109,-0.0809,-0.58,-0.77,9.79,-3.88,-2.25,-17.38,9.84,0,1.70,0.0057,0.0165,2,0.876,0.000,0.00,0.00,1.613,0
phase1 acc_mag=0.000 gravity=9.693 motion=9.693 moving_avg=0.173 rms=0.975 mean_rms=0.187 max_rms=0.975 min_rms=0.098 std=0.103 var=0.011 state=walking thr=0.393/0.593/1.093
0.00,0.00,0.00,0.0000,0.0000,0.0000,0.0000,0.00,0.00,0.00,0.00,0.00,0.00,0.00,2,0.20,0.0000,0.0000,2,0.876,0.000,0.00,0.00,1.613,0
0.00,0.00,0.00,0.0000,0.0000,0.0000,0.0000,0.00,0.00,0.00,0.00,0.00,0.00,0.00,2,0.20,0.0000,0.0000,2,0.876,0.000,0.00,0.00,1.613,0
0.00,0.00,0.00,0.0000,0.0000,0.0000,0.0000,0.00,0.00,0.00,0.00,0.00,0.00,0.00,2,0.20,0.0000,0.0000,2,0.876,0.000,0.00,0.00,1.613,0
0.00,0.00,0.00,0.0000,0.0000,0.0000,0.0000,0.00,0.00,0.00,0.00,0.00,0.00,0.00,2,0.20,0.0000,0.0000,2,0.876,0.000,0.00,0.00,1.613,0
phase1 acc_mag=0.000 gravity=7.835 motion=7.835 moving_avg=1.816 rms=3.928 mean_rms=0.696 max_rms=3.928 min_rms=0.098 std=1.130 var=1.276 state=running thr=2.955/3.155/3.655
0.00,0.00,0.00,0.0000,0.0000,0.0000,0.0000,0.00,0.00,0.00,0.00,0.00,0.00,0.00,2,0.20,0.0000,0.0000,2,0.876,0.000,0.00,0.00,1.613,0
0.00,0.00,0.00,0.0000,0.0000,0.0000,0.0000,0.00,0.00,0.00,0.00,0.00,0.00,0.00,2,0.20,0.0000,0.0000,2,0.876,0.000,0.00,0.00,1.613,0
0.00,0.00,0.00,0.0000,0.0000,0.0000,0.0000,0.00,0.00,0.00,0.00,0.00,0.00,0.00,2,0.20,0.0000,0.0000,2,0.876,0.000,0.00,0.00,1.613,0
0.00,0.00,0.00,0.0000,0.0000,0.0000,0.0000,0.00,0.00,0.00,0.00,0.00,0.00,0.00,2,0.20,0.0000,0.0000,2,0.876,0.000,0.00,0.00,1.613,0
phase1 acc_mag=0.000 gravity=5.982 motion=5.982 moving_avg=3.105 rms=4.942 mean_rms=1.511 max_rms=4.942 min_rms=0.098 std=1.837 var=3.376 state=standing thr=5.185/5.385/5.885
0.00,0.00,0.00,0.0000,0.0000,0.0000,0.0000,0.00,0.00,0.00,0.00,0.00,0.00,0.00,2,0.20,0.0000,0.0000,2,0.876,0.000,0.00,0.00,1.613,0
0.00,0.00,0.00,0.0000,0.0000,0.0000,0.0000,0.00,0.00,0.00,0.00,0.00,0.00,0.00,2,0.20,0.0000,0.0000,2,0.876,0.000,0.00,0.00,1.613,0
0.00,0.00,0.00,0.0000,0.0000,0.0000,0.0000,0.00,0.00,0.00,0.00,0.00,0.00,0.00,2,0.20,0.0000,0.0000,2,0.876,0.000,0.00,0.00,1.613,0
0.00,0.00,0.00,0.0000,0.0000,0.0000,0.0000,0.00,0.00,0.00,0.00,0.00,0.00,0.00,2,0.20,0.0000,0.0000,2,0.876,0.000,0.00,0.00,1.613,0
phase1 acc_mag=0.000 gravity=4.119 motion=4.119 moving_avg=4.036 rms=5.406 mean_rms=2.461 max_rms=5.406 min_rms=0.098 std=2.184 var=4.770 state=standing thr=6.829/7.029/7.529
0.00,0.00,0.00,0.0000,0.0000,0.0000,0.0000,0.00,0.00,0.00,0.00,0.00,0.00,0.00,2,0.20,0.0000,0.0000,2,0.876,0.000,0.00,0.00,1.613,0
0.00,0.00,0.00,0.0000,0.0000,0.0000,0.0000,0.00,0.00,0.00,0.00,0.00,0.00,0.00,2,0.20,0.0000,0.0000,2,0.876,0.000,0.00,0.00,1.613,0
0.00,0.00,0.00,0.0000,0.0000,0.0000,0.0000,0.00,0.00,0.00,0.00,0.00,0.00,0.00,2,0.20,0.0000,0.0000,2,0.876,0.000,0.00,0.00,1.613,0
0.00,0.00,0.00,0.0000,0.0000,0.0000,0.0000,0.00,0.00,0.00,0.00,0.00,0.00,0.00,2,0.20,0.0000,0.0000,2,0.876,0.000,0.00,0.00,1.613,0
phase1 acc_mag=0.000 gravity=2.257 motion=2.257 moving_avg=4.620 rms=5.581 mean_rms=3.487 max_rms=5.581 min_rms=0.098 std=2.108 var=4.445 state=standing thr=7.703/7.903/8.403
0.00,0.00,0.00,0.0000,0.0000,0.0000,0.0000,0.00,0.00,0.00,0.00,0.00,0.00,0.00,2,0.20,0.0000,0.0000,2,0.876,0.000,0.00,0.00,1.613,0
0.00,0.00,0.00,0.0000,0.0000,0.0000,0.0000,0.00,0.00,0.00,0.00,0.00,0.00,0.00,2,0.20,0.0000,0.0000,2,0.876,0.000,0.00,0.00,1.613,0
0.00,0.00,0.00,0.0000,0.0000,0.0000,0.0000,0.00,0.00,0.00,0.00,0.00,0.00,0.00,2,0.20,0.0000,0.0000,2,0.876,0.000,0.00,0.00,1.613,0
0.00,0.00,0.00,0.0000,0.0000,0.0000,0.0000,0.00,0.00,0.00,0.00,0.00,0.00,0.00,2,0.20,0.0000,0.0000,2,0.876,0.000,0.00,0.00,1.613,0
phase1 acc_mag=0.000 gravity=0.392 motion=0.392 moving_avg=4.847 rms=5.613 mean_rms=4.533 max_rms=5.613 min_rms=0.101 std=1.422 var=2.023 state=standing thr=7.377/7.577/8.077
0.00,0.00,0.00,0.0000,0.0000,0.0000,0.0000,0.00,0.00,0.00,0.00,0.00,0.00,0.00,2,0.20,0.0000,0.0000,2,0.876,0.000,0.00,0.00,1.613,0
0.00,0.00,0.00,0.0000,0.0000,0.0000,0.0000,0.00,0.00,0.00,0.00,0.00,0.00,0.00,2,0.20,0.0000,0.0000,2,0.876,0.000,0.00,0.00,1.613,0
0.00,0.00,0.00,0.0000,0.0000,0.0000,0.0000,0.00,0.00,0.00,0.00,0.00,0.00,0.00,2,0.20,0.0000,0.0000,2,0.876,0.000,0.00,0.00,1.613,0
0.00,0.00,0.00,0.0000,0.0000,0.0000,0.0000,0.00,0.00,0.00,0.00,0.00,0.00,0.00,2,0.20,0.0000,0.0000,2,0.876,0.000,0.00,0.00,1.613,0
phase1 acc_mag=0.000 gravity=0.000 motion=0.000 moving_avg=3.499 rms=4.394 mean_rms=5.120 max_rms=5.613 min_rms=3.590 std=0.536 var=0.287 state=standing thr=6.192/6.392/6.892
0.00,0.00,0.00,0.0000,0.0000,0.0000,0.0000,0.00,0.00,0.00,0.00,0.00,0.00,0.00,2,0.20,0.0000,0.0000,2,0.876,0.000,0.00,0.00,1.613,0
0.00,0.00,0.00,0.0000,0.0000,0.0000,0.0000,0.00,0.00,0.00,0.00,0.00,0.00,0.00,2,0.20,0.0000,0.0000,2,0.876,0.000,0.00,0.00,1.613,0
0.00,0.00,0.00,0.0000,0.0000,0.0000,0.0000,0.00,0.00,0.00,0.00,0.00,0.00,0.00,2,0.20,0.0000,0.0000,2,0.876,0.000,0.00,0.00,1.613,0
0.00,0.00,0.00,0.0000,0.0000,0.0000,0.0000,0.00,0.00,0.00,0.00,0.00,0.00,0.00,2,0.20,0.0000,0.0000,2,0.876,0.000,0.00,0.00,1.613,0
phase1 acc_mag=0.000 gravity=0.000 motion=0.000 moving_avg=2.103 rms=3.000 mean_rms=5.008 max_rms=5.613 min_rms=3.000 std=0.739 var=0.546 state=standing thr=6.486/6.686/7.186
0.00,0.00,0.00,0.0000,0.0000,0.0000,0.0000,0.00,0.00,0.00,0.00,0.00,0.00,0.00,2,0.20,0.0000,0.0000,2,0.876,0.000,0.00,0.00,1.613,0
0.00,0.00,0.00,0.0000,0.0000,0.0000,0.0000,0.00,0.00,0.00,0.00,0.00,0.00,0.00,2,0.20,0.0000,0.0000,2,0.876,0.000,0.00,0.00,1.613,0
0.00,0.00,0.00,0.0000,0.0000,0.0000,0.0000,0.00,0.00,0.00,0.00,0.00,0.00,0.00,2,0.20,0.0000,0.0000,2,0.876,0.000,0.00,0.00,1.613,0
0.00,0.00,0.00,0.0000,0.0000,0.0000,0.0000,0.00,0.00,0.00,0.00,0.00,0.00,0.00,2,0.20,0.0000,0.0000,2,0.876,0.000,0.00,0.00,1.613,0
phase1 acc_mag=0.000 gravity=0.000 motion=0.000 moving_avg=1.060 rms=1.795 mean_rms=4.488 max_rms=5.613 min_rms=1.795 std=1.279 var=1.636 state=standing thr=7.047/7.247/7.747
0.00,0.00,0.00,0.0000,0.0000,0.0000,0.0000,0.00,0.00,0.00,0.00,0.00,0.00,0.00,2,0.20,0.0000,0.0000,2,0.876,0.000,0.00,0.00,1.613,0
0.00,0.00,0.00,0.0000,0.0000,0.0000,0.0000,0.00,0.00,0.00,0.00,0.00,0.00,0.00,2,0.20,0.0000,0.0000,2,0.876,0.000,0.00,0.00,1.613,0
0.00,0.00,0.00,0.0000,0.0000,0.0000,0.0000,0.00,0.00,0.00,0.00,0.00,0.00,0.00,2,0.20,0.0000,0.0000,2,0.876,0.000,0.00,0.00,1.613,0
0.00,0.00,0.00,0.0000,0.0000,0.0000,0.0000,0.00,0.00,0.00,0.00,0.00,0.00,0.00,2,0.20,0.0000,0.0000,2,0.876,0.000,0.00,0.00,1.613,0
phase1 acc_mag=0.000 gravity=0.000 motion=0.000 moving_avg=0.371 rms=0.816 mean_rms=3.689 max_rms=5.613 min_rms=0.816 std=1.677 var=2.814 state=standing thr=7.044/7.244/7.744
0.00,0.00,0.00,0.0000,0.0000,0.0000,0.0000,0.00,0.00,0.00,0.00,0.00,0.00,0.00,2,0.20,0.0000,0.0000,2,0.876,0.000,0.00,0.00,1.613,0
0.00,0.00,0.00,0.0000,0.0000,0.0000,0.0000,0.00,0.00,0.00,0.00,0.00,0.00,0.00,2,0.20,0.0000,0.0000,2,0.876,0.000,0.00,0.00,1.613,0
0.00,0.00,0.00,0.0000,0.0000,0.0000,0.0000,0.00,0.00,0.00,0.00,0.00,0.00,0.00,2,0.20,0.0000,0.0000,2,0.876,0.000,0.00,0.00,1.613,0
0.00,0.00,0.00,0.0000,0.0000,0.0000,0.0000,0.00,0.00,0.00,0.00,0.00,0.00,0.00,2,0.20,0.0000,0.0000,2,0.876,0.000,0.00,0.00,1.613,0
phase1 acc_mag=0.000 gravity=0.000 motion=0.000 moving_avg=0.035 rms=0.140 mean_rms=2.708 max_rms=5.613 min_rms=0.140 std=1.785 var=3.188 state=standing thr=6.279/6.479/6.979
0.00,0.00,0.00,0.0000,0.0000,0.0000,0.0000,0.00,0.00,0.00,0.00,0.00,0.00,0.00,2,0.20,0.0000,0.0000,2,0.876,0.000,0.00,0.00,1.613,0
0.00,0.00,0.00,0.0000,0.0000,0.0000,0.0000,0.00,0.00,0.00,0.00,0.00,0.00,0.00,2,0.20,0.0000,0.0000,2,0.876,0.000,0.00,0.00,1.613,0
0.00,0.00,0.00,0.0000,0.0000,0.0000,0.0000,0.00,0.00,0.00,0.00,0.00,0.00,0.00,2,0.20,0.0000,0.0000,2,0.876,0.000,0.00,0.00,1.613,0
0.00,0.00,0.00,0.0000,0.0000,0.0000,0.0000,0.00,0.00,0.00,0.00,0.00,0.00,0.00,2,0.20,0.0000,0.0000,2,0.876,0.000,0.00,0.00,1.613,0
phase1 acc_mag=0.000 gravity=0.000 motion=0.000 moving_avg=0.000 rms=nan mean_rms=nan max_rms=4.710 min_rms=0.010 std=nan var=nan state=standing thr=0.080/0.350/0.850
0.00,0.00,0.00,0.0000,0.0000,0.0000,0.0000,0.00,0.00,0.00,0.00,0.00,0.00,0.00,2,0.20,0.0000,0.0000,2,0.876,0.000,0.00,0.00,1.613,0
0.00,0.00,0.00,0.0000,0.0000,0.0000,0.0000,0.00,0.00,0.00,0.00,0.00,0.00,0.00,2,0.20,0.0000,0.0000,2,0.876,0.000,0.00,0.00,1.613,0
0.00,0.00,0.00,0.0000,0.0000,0.0000,0.0000,0.00,0.00,0.00,0.00,0.00,0.00,0.00,2,0.20,0.0000,0.0000,2,0.876,0.000,0.00,0.00,1.613,0
0.00,0.00,0.00,0.0000,0.0000,0.0000,0.0000,0.00,0.00,0.00,0.00,0.00,0.00,0.00,2,0.20,0.0000,0.0000,2,0.876,0.000,0.00,0.00,1.613,0
phase1 acc_mag=0.000 gravity=0.000 motion=0.000 moving_avg=0.000 rms=nan mean_rms=nan max_rms=3.279 min_rms=0.010 std=nan var=nan state=standing thr=0.080/0.350/0.850
0.00,0.00,0.00,0.0000,0.0000,0.0000,0.0000,0.00,0.00,0.00,0.00,0.00,0.00,0.00,2,0.20,0.0000,0.0000,2,0.876,0.000,0.00,0.00,1.613,0
0.00,0.00,0.00,0.0000,0.0000,0.0000,0.0000,0.00,0.00,0.00,0.00,0.00,0.00,0.00,2,0.20,0.0000,0.0000,2,0.876,0.000,0.00,0.00,1.613,0
0.00,0.00,0.00,0.0000,0.0000,0.0000,0.0000,0.00,0.00,0.00,0.00,0.00,0.00,0.00,2,0.20,0.0000,0.0000,2,0.876,0.000,0.00,0.00,1.613,0
0.00,0.00,0.00,0.0000,0.0000,0.0000,0.0000,0.00,0.00,0.00,0.00,0.00,0.00,0.00,2,0.20,0.0000,0.0000,2,0.876,0.000,0.00,0.00,1.613,0
phase1 acc_mag=0.000 gravity=0.000 motion=0.000 moving_avg=0.000 rms=nan mean_rms=nan max_rms=2.031 min_rms=0.010 std=nan var=nan state=standing thr=0.080/0.350/0.850
0.00,0.00,0.00,0.0000,0.0000,0.0000,0.0000,0.00,0.00,0.00,0.00,0.00,0.00,0.00,2,0.20,0.0000,0.0000,2,0.876,0.000,0.00,0.00,1.613,0
0.00,0.00,0.00,0.0000,0.0000,0.0000,0.0000,0.00,0.00,0.00,0.00,0.00,0.00,0.00,2,0.20,0.0000,0.0000,2,0.876,0.000,0.00,0.00,1.613,0
0.00,0.00,0.00,0.0000,0.0000,0.0000,0.0000,0.00,0.00,0.00,0.00,0.00,0.00,0.00,2,0.20,0.0000,0.0000,2,0.876,0.000,0.00,0.00,1.613,0
0.00,0.00,0.00,0.0000,0.0000,0.0000,0.0000,0.00,0.00,0.00,0.00,0.00,0.00,0.00,2,0.20,0.0000,0.0000,2,0.876,0.000,0.00,0.00,1.613,0
phase1 acc_mag=0.000 gravity=0.000 motion=0.000 moving_avg=0.000 rms=nan mean_rms=nan max_rms=1.001 min_rms=0.010 std=nan var=nan state=standing thr=0.080/0.350/0.850
0.00,0.00,0.00,0.0000,0.0000,0.0000,0.0000,0.00,0.00,0.00,0.00,0.00,0.00,0.00,2,0.20,0.0000,0.0000,2,0.876,0.000,0.00,0.00,1.613,0
0.00,0.00,0.00,0.0000,0.0000,0.0000,0.0000,0.00,0.00,0.00,0.00,0.00,0.00,0.00,2,0.20,0.0000,0.0000,2,0.876,0.000,0.00,0.00,1.613,0
0.00,0.00,0.00,0.0000,0.0000,0.0000,0.0000,0.00,0.00,0.00,0.00,0.00,0.00,0.00,2,0.20,0.0000,0.0000,2,0.876,0.000,0.00,0.00,1.613,0
0.00,0.00,0.00,0.0000,0.0000,0.0000,0.0000,0.00,0.00,0.00,0.00,0.00,0.00,0.00,2,0.20,0.0000,0.0000,2,0.876,0.000,0.00,0.00,1.613,0
phase1 acc_mag=0.000 gravity=0.000 motion=0.000 moving_avg=0.000 rms=nan mean_rms=nan max_rms=0.250 min_rms=0.010 std=nan var=nan state=standing thr=0.080/0.350/0.850
0.00,0.00,0.00,0.0000,0.0000,0.0000,0.0000,0.00,0.00,0.00,0.00,0.00,0.00,0.00,2,0.20,0.0000,0.0000,2,0.876,0.000,0.00,0.00,1.613,0
0.00,0.00,0.00,0.0000,0.0000,0.0000,0.0000,0.00,0.00,0.00,0.00,0.00,0.00,0.00,2,0.20,0.0000,0.0000,2,0.876,0.000,0.00,0.00,1.613,0
0.00,0.00,0.00,0.0000,0.0000,0.0000,0.0000,0.00,0.00,0.00,0.00,0.00,0.00,0.00,2,0.20,0.0000,0.0000,2,0.876,0.000,0.00,0.00,1.613,0
0.00,0.00,0.00,0.0000,0.0000,0.0000,0.0000,0.00,0.00,0.00,0.00,0.00,0.00,0.00,2,0.20,0.0000,0.0000,2,0.876,0.000,0.00,0.00,1.613,0
phase1 acc_mag=0.000 gravity=0.000 motion=0.000 moving_avg=0.000 rms=nan mean_rms=nan max_rms=-1000000.000 min_rms=1000000.000 std=nan var=nan state=standing thr=0.080/0.350/0.850
0.00,0.00,0.00,0.0000,0.0000,0.0000,0.0000,0.00,0.00,0.00,0.00,0.00,0.00,0.00,2,0.20,0.0000,0.0000,2,0.876,0.000,0.00,0.00,1.613,0
0.00,0.00,0.00,0.0000,0.0000,0.0000,0.0000,0.00,0.00,0.00,0.00,0.00,0.00,0.00,2,0.20,0.0000,0.0000,2,0.876,0.000,0.00,0.00,1.613,0
0.00,0.00,0.00,0.0000,0.0000,0.0000,0.0000,0.00,0.00,0.00,0.00,0.00,0.00,0.00,2,0.20,0.0000,0.0000,2,0.876,0.000,0.00,0.00,1.613,0
0.00,0.00,0.00,0.0000,0.0000,0.0000,0.0000,0.00,0.00,0.00,0.00,0.00,0.00,0.00,2,0.20,0.0000,0.0000,2,0.876,0.000,0.00,0.00,1.613,0
phase1 acc_mag=0.000 gravity=0.000 motion=0.000 moving_avg=0.000 rms=nan mean_rms=nan max_rms=-1000000.000 min_rms=1000000.000 std=nan var=nan state=standing thr=0.080/0.350/0.850
0.00,0.00,0.00,0.0000,0.0000,0.0000,0.0000,0.00,0.00,0.00,0.00,0.00,0.00,0.00,2,0.20,0.0000,0.0000,2,0.876,0.000,0.00,0.00,1.613,0
0.00,0.00,0.00,0.0000,0.0000,0.0000,0.0000,0.00,0.00,0.00,0.00,0.00,0.00,0.00,2,0.20,0.0000,0.0000,2,0.876,0.000,0.00,0.00,1.613,0
0.00,0.00,0.00,0.0000,0.0000,0.0000,0.0000,0.00,0.00,0.00,0.00,0.00,0.00,0.00,2,0.20,0.0000,0.0000,2,0.876,0.000,0.00,0.00,1.613,0
0.00,0.00,0.00,0.0000,0.0000,0.0000,0.0000,0.00,0.00,0.00,0.00,0.00,0.00,0.00,2,0.20,0.0000,0.0000,2,0.876,0.000,0.00,0.00,1.613,0
phase1 acc_mag=0.000 gravity=0.000 motion=0.000 moving_avg=0.000 rms=nan mean_rms=nan max_rms=-1000000.000 min_rms=1000000.000 std=nan var=nan state=standing thr=0.080/0.350/0.850
0.00,0.00,0.00,0.0000,0.0000,0.0000,0.0000,0.00,0.00,0.00,0.00,0.00,0.00,0.00,2,0.20,0.0000,0.0000,2,0.876,0.000,0.00,0.00,1.613,0
0.00,0.00,0.00,0.0000,0.0000,0.0000,0.0000,0.00,0.00,0.00,0.00,0.00,0.00,0.00,2,0.20,0.0000,0.0000,2,0.876,0.000,0.00,0.00,1.613,0
0.00,0.00,0.00,0.0000,0.0000,0.0000,0.0000,0.00,0.00,0.00,0.00,0.00,0.00,0.00,2,0.20,0.0000,0.0000,2,0.876,0.000,0.00,0.00,1.613,0
0.00,0.00,0.00,0.0000,0.0000,0.0000,0.0000,0.00,0.00,0.00,0.00,0.00,0.00,0.00,2,0.20,0.0000,0.0000,2,0.876,0.000,0.00,0.00,1.613,0
phase1 acc_mag=0.000 gravity=0.000 motion=0.000 moving_avg=0.000 rms=nan mean_rms=nan max_rms=-1000000.000 min_rms=1000000.000 std=nan var=nan state=standing thr=0.080/0.350/0.850
0.00,0.00,0.00,0.0000,0.0000,0.0000,0.0000,0.00,0.00,0.00,0.00,0.00,0.00,0.00,2,0.20,0.0000,0.0000,2,0.876,0.000,0.00,0.00,1.613,0
0.00,0.00,0.00,0.0000,0.0000,0.0000,0.0000,0.00,0.00,0.00,0.00,0.00,0.00,0.00,2,0.20,0.0000,0.0000,2,0.876,0.000,0.00,0.00,1.613,0
0.00,0.00,0.00,0.0000,0.0000,0.0000,0.0000,0.00,0.00,0.00,0.00,0.00,0.00,0.00,2,0.20,0.0000,0.0000,2,0.876,0.000,0.00,0.00,1.613,0
0.00,0.00,0.00,0.0000,0.0000,0.0000,0.0000,0.00,0.00,0.00,0.00,0.00,0.00,0.00,2,0.20,0.0000,0.0000,2,0.876,0.000,0.00,0.00,1.613,0
phase1 acc_mag=0.000 gravity=0.000 motion=0.000 moving_avg=0.000 rms=nan mean_rms=nan max_rms=-1000000.000 min_rms=1000000.000 std=nan var=nan state=standing thr=0.080/0.350/0.850
0.00,0.00,0.00,0.0000,0.0000,0.0000,0.0000,0.00,0.00,0.00,0.00,0.00,0.00,0.00,2,0.20,0.0000,0.0000,2,0.876,0.000,0.00,0.00,1.613,0
0.00,0.00,0.00,0.0000,0.0000,0.0000,0.0000,0.00,0.00,0.00,0.00,0.00,0.00,0.00,2,0.20,0.0000,0.0000,2,0.876,0.000,0.00,0.00,1.613,0
0.00,0.00,0.00,0.0000,0.0000,0.0000,0.0000,0.00,0.00,0.00,0.00,0.00,0.00,0.00,2,0.20,0.0000,0.0000,2,0.876,0.000,0.00,0.00,1.613,0
0.00,0.00,0.00,0.0000,0.0000,0.0000,0.0000,0.00,0.00,0.00,0.00,0.00,0.00,0.00,2,0.20,0.0000,0.0000,2,0.876,0.000,0.00,0.00,1.613,0
phase1 acc_mag=0.000 gravity=0.000 motion=0.000 moving_avg=0.000 rms=nan mean_rms=nan max_rms=-1000000.000 min_rms=1000000.000 std=nan var=nan state=standing thr=0.080/0.350/0.850
0.00,0.00,0.00,0.0000,0.0000,0.0000,0.0000,0.00,0.00,0.00,0.00,0.00,0.00,0.00,2,0.20,0.0000,0.0000,2,0.876,0.000,0.00,0.00,1.613,0
0.00,0.00,0.00,0.0000,0.0000,0.0000,0.0000,0.00,0.00,0.00,0.00,0.00,0.00,0.00,2,0.20,0.0000,0.0000,2,0.876,0.000,0.00,0.00,1.613,0
0.00,0.00,0.00,0.0000,0.0000,0.0000,0.0000,0.00,0.00,0.00,0.00,0.00,0.00,0.00,2,0.20,0.0000,0.0000,2,0.876,0.000,0.00,0.00,1.613,0
0.00,0.00,0.00,0.0000,0.0000,0.0000,0.0000,0.00,0.00,0.00,0.00,0.00,0.00,0.00,2,0.20,0.0000,0.0000,2,0.876,0.000,0.00,0.00,1.613,0
phase1 acc_mag=0.000 gravity=0.000 motion=0.000 moving_avg=0.000 rms=nan mean_rms=nan max_rms=-1000000.000 min_rms=1000000.000 std=nan var=nan state=standing thr=0.080/0.350/0.850
0.00,0.00,0.00,0.0000,0.0000,0.0000,0.0000,0.00,0.00,0.00,0.00,0.00,0.00,0.00,2,0.20,0.0000,0.0000,2,0.876,0.000,0.00,0.00,1.613,0
0.00,0.00,0.00,0.0000,0.0000,0.0000,0.0000,0.00,0.00,0.00,0.00,0.00,0.00,0.00,2,0.20,0.0000,0.0000,2,0.876,0.000,0.00,0.00,1.613,0
0.00,0.00,0.00,0.0000,0.0000,0.0000,0.0000,0.00,0.00,0.00,0.00,0.00,0.00,0.00,2,0.20,0.0000,0.0000,2,0.876,0.000,0.00,0.00,1.613,0
0.00,0.00,0.00,0.0000,0.0000,0.0000,0.0000,0.00,0.00,0.00,0.00,0.00,0.00,0.00,2,0.20,0.0000,0.0000,2,0.876,0.000,0.00,0.00,1.613,0
phase1 acc_mag=0.000 gravity=0.000 motion=0.000 moving_avg=0.000 rms=nan mean_rms=nan max_rms=-1000000.000 min_rms=1000000.000 std=nan var=nan state=standing thr=0.080/0.350/0.850
0.00,0.00,0.00,0.0000,0.0000,0.0000,0.0000,0.00,0.00,0.00,0.00,0.00,0.00,0.00,2,0.20,0.0000,0.0000,2,0.876,0.000,0.00,0.00,1.613,0
0.00,0.00,0.00,0.0000,0.0000,0.0000,0.0000,0.00,0.00,0.00,0.00,0.00,0.00,0.00,2,0.20,0.0000,0.0000,2,0.876,0.000,0.00,0.00,1.613,0
0.00,0.00,0.00,0.0000,0.0000,0.0000,0.0000,0.00,0.00,0.00,0.00,0.00,0.00,0.00,2,0.20,0.0000,0.0000,2,0.876,0.000,0.00,0.00,1.613,0
0.00,0.00,0.00,0.0000,0.0000,0.0000,0.0000,0.00,0.00,0.00,0.00,0.00,0.00,0.00,2,0.20,0.0000,0.0000,2,0.876,0.000,0.00,0.00,1.613,0
phase1 acc_mag=0.000 gravity=0.000 motion=0.000 moving_avg=0.000 rms=nan mean_rms=nan max_rms=-1000000.000 min_rms=1000000.000 std=nan var=nan state=standing thr=0.080/0.350/0.850
0.00,0.00,0.00,0.0000,0.0000,0.0000,0.0000,0.00,0.00,0.00,0.00,0.00,0.00,0.00,2,0.20,0.0000,0.0000,2,0.876,0.000,0.00,0.00,1.613,0
0.00,0.00,0.00,0.0000,0.0000,0.0000,0.0000,0.00,0.00,0.00,0.00,0.00,0.00,0.00,2,0.20,0.0000,0.0000,2,0.876,0.000,0.00,0.00,1.613,0
0.00,0.00,0.00,0.0000,0.0000,0.0000,0.0000,0.00,0.00,0.00,0.00,0.00,0.00,0.00,2,0.20,0.0000,0.0000,2,0.876,0.000,0.00,0.00,1.613,0
0.00,0.00,0.00,0.0000,0.0000,0.0000,0.0000,0.00,0.00,0.00,0.00,0.00,0.00,0.00,2,0.20,0.0000,0.0000,2,0.876,0.000,0.00,0.00,1.613,0
phase1 acc_mag=0.000 gravity=0.000 motion=0.000 moving_avg=0.000 rms=nan mean_rms=nan max_rms=-1000000.000 min_rms=1000000.000 std=nan var=nan state=standing thr=0.080/0.350/0.850
0.00,0.00,0.00,0.0000,0.0000,0.0000,0.0000,0.00,0.00,0.00,0.00,0.00,0.00,0.00,2,0.20,0.0000,0.0000,2,0.876,0.000,0.00,0.00,1.613,0
0.00,0.00,0.00,0.0000,0.0000,0.0000,0.0000,0.00,0.00,0.00,0.00,0.00,0.00,0.00,2,0.20,0.0000,0.0000,2,0.876,0.000,0.00,0.00,1.613,0
0.00,0.00,0.00,0.0000,0.0000,0.0000,0.0000,0.00,0.00,0.00,0.00,0.00,0.00,0.00,2,0.20,0.0000,0.0000,2,0.876,0.000,0.00,0.00,1.613,0
0.00,0.00,0.00,0.0000,0.0000,0.0000,0.0000,0.00,0.00,0.00,0.00,0.00,0.00,0.00,2,0.20,0.0000,0.0000,2,0.876,0.000,0.00,0.00,1.613,0
phase1 acc_mag=0.000 gravity=0.000 motion=0.000 moving_avg=0.000 rms=nan mean_rms=nan max_rms=-1000000.000 min_rms=1000000.000 std=nan var=nan state=standing thr=0.080/0.350/0.850
0.00,0.00,0.00,0.0000,0.0000,0.0000,0.0000,0.00,0.00,0.00,0.00,0.00,0.00,0.00,2,0.20,0.0000,0.0000,2,0.876,0.000,0.00,0.00,1.613,0
0.00,0.00,0.00,0.0000,0.0000,0.0000,0.0000,0.00,0.00,0.00,0.00,0.00,0.00,0.00,2,0.20,0.0000,0.0000,2,0.876,0.000,0.00,0.00,1.613,0
0.00,0.00,0.00,0.0000,0.0000,0.0000,0.0000,0.00,0.00,0.00,0.00,0.00,0.00,0.00,2,0.20,0.0000,0.0000,2,0.876,0.000,0.00,0.00,1.613,0
0.00,0.00,0.00,0.0000,0.0000,0.0000,0.0000,0.00,0.00,0.00,0.00,0.00,0.00,0.00,2,0.20,0.0000,0.0000,2,0.876,0.000,0.00,0.00,1.613,0
phase1 acc_mag=0.000 gravity=0.000 motion=0.000 moving_avg=0.000 rms=nan mean_rms=nan max_rms=-1000000.000 min_rms=1000000.000 std=nan var=nan state=standing thr=0.080/0.350/0.850
0.00,0.00,0.00,0.0000,0.0000,0.0000,0.0000,0.00,0.00,0.00,0.00,0.00,0.00,0.00,2,0.20,0.0000,0.0000,2,0.876,0.000,0.00,0.00,1.613,0
0.00,0.00,0.00,0.0000,0.0000,0.0000,0.0000,0.00,0.00,0.00,0.00,0.00,0.00,0.00,2,0.20,0.0000,0.0000,2,0.876,0.000,0.00,0.00,1.613,0
0.00,0.00,0.00,0.0000,0.0000,0.0000,0.0000,0.00,0.00,0.00,0.00,0.00,0.00,0.00,2,0.20,0.0000,0.0000,2,0.876,0.000,0.00,0.00,1.613,0
0.00,0.00,0.00,0.0000,0.0000,0.0000,0.0000,0.00,0.00,0.00,0.00,0.00,0.00,0.00,2,0.20,0.0000,0.0000,2,0.876,0.000,0.00,0.00,1.613,0
phase1 acc_mag=0.000 gravity=0.000 motion=0.000 moving_avg=0.000 rms=nan mean_rms=nan max_rms=-1000000.000 min_rms=1000000.000 std=nan var=nan state=standing thr=0.080/0.350/0.850
0.00,0.00,0.00,0.0000,0.0000,0.0000,0.0000,0.00,0.00,0.00,0.00,0.00,0.00,0.00,2,0.20,0.0000,0.0000,2,0.876,0.000,0.00,0.00,1.613,0
0.00,0.00,0.00,0.0000,0.0000,0.0000,0.0000,0.00,0.00,0.00,0.00,0.00,0.00,0.00,2,0.20,0.0000,0.0000,2,0.876,0.000,0.00,0.00,1.613,0
0.00,0.00,0.00,0.0000,0.0000,0.0000,0.0000,0.00,0.00,0.00,0.00,0.00,0.00,0.00,2,0.20,0.0000,0.0000,2,0.876,0.000,0.00,0.00,1.613,0
0.00,0.00,0.00,0.0000,0.0000,0.0000,0.0000,0.00,0.00,0.00,0.00,0.00,0.00,0.00,2,0.20,0.0000,0.0000,2,0.876,0.000,0.00,0.00,1.613,0
phase1 acc_mag=0.000 gravity=0.000 motion=0.000 moving_avg=0.000 rms=nan mean_rms=nan max_rms=-1000000.000 min_rms=1000000.000 std=nan var=nan state=standing thr=0.080/0.350/0.850
0.00,0.00,0.00,0.0000,0.0000,0.0000,0.0000,0.00,0.00,0.00,0.00,0.00,0.00,0.00,2,0.20,0.0000,0.0000,2,0.876,0.000,0.00,0.00,1.613,0
0.00,0.00,0.00,0.0000,0.0000,0.0000,0.0000,0.00,0.00,0.00,0.00,0.00,0.00,0.00,2,0.20,0.0000,0.0000,2,0.876,0.000,0.00,0.00,1.613,0
0.00,0.00,0.00,0.0000,0.0000,0.0000,0.0000,0.00,0.00,0.00,0.00,0.00,0.00,0.00,2,0.20,0.0000,0.0000,2,0.876,0.000,0.00,0.00,1.613,0
0.00,0.00,0.00,0.0000,0.0000,0.0000,0.0000,0.00,0.00,0.00,0.00,0.00,0.00,0.00,2,0.20,0.0000,0.0000,2,0.876,0.000,0.00,0.00,1.613,0
phase1 acc_mag=0.000 gravity=0.000 motion=0.000 moving_avg=0.000 rms=nan mean_rms=nan max_rms=-1000000.000 min_rms=1000000.000 std=nan var=nan state=standing thr=0.080/0.350/0.850
0.00,0.00,0.00,0.0000,0.0000,0.0000,0.0000,0.00,0.00,0.00,0.00,0.00,0.00,0.00,2,0.20,0.0000,0.0000,2,0.876,0.000,0.00,0.00,1.613,0
0.00,0.00,0.00,0.0000,0.0000,0.0000,0.0000,0.00,0.00,0.00,0.00,0.00,0.00,0.00,2,0.20,0.0000,0.0000,2,0.876,0.000,0.00,0.00,1.613,0
0.00,0.00,0.00,0.0000,0.0000,0.0000,0.0000,0.00,0.00,0.00,0.00,0.00,0.00,0.00,2,0.20,0.0000,0.0000,2,0.876,0.000,0.00,0.00,1.613,0
0.00,0.00,0.00,0.0000,0.0000,0.0000,0.0000,0.00,0.00,0.00,0.00,0.00,0.00,0.00,2,0.20,0.0000,0.0000,2,0.876,0.000,0.00,0.00,1.613,0
phase1 acc_mag=0.000 gravity=0.000 motion=0.000 moving_avg=0.000 rms=nan mean_rms=nan max_rms=-1000000.000 min_rms=1000000.000 std=nan var=nan state=standing thr=0.080/0.350/0.850
0.00,0.00,0.00,0.0000,0.0000,0.0000,0.0000,0.00,0.00,0.00,0.00,0.00,0.00,0.00,2,0.20,0.0000,0.0000,2,0.876,0.000,0.00,0.00,1.613,0
0.00,0.00,0.00,0.0000,0.0000,0.0000,0.0000,0.00,0.00,0.00,0.00,0.00,0.00,0.00,2,0.20,0.0000,0.0000,2,0.876,0.000,0.00,0.00,1.613,0
0.00,0.00,0.00,0.0000,0.0000,0.0000,0.0000,0.00,0.00,0.00,0.00,0.00,0.00,0.00,2,0.20,0.0000,0.0000,2,0.876,0.000,0.00,0.00,1.613,0
0.00,0.00,0.00,0.0000,0.0000,0.0000,0.0000,0.00,0.00,0.00,0.00,0.00,0.00,0.00,2,0.20,0.0000,0.0000,2,0.876,0.000,0.00,0.00,1.613,0
phase1 acc_mag=0.000 gravity=0.000 motion=0.000 moving_avg=0.000 rms=nan mean_rms=nan max_rms=-1000000.000 min_rms=1000000.000 std=nan var=nan state=standing thr=0.080/0.350/0.850
0.00,0.00,0.00,0.0000,0.0000,0.0000,0.0000,0.00,0.00,0.00,0.00,0.00,0.00,0.00,2,0.20,0.0000,0.0000,2,0.876,0.000,0.00,0.00,1.613,0
0.00,0.00,0.00,0.0000,0.0000,0.0000,0.0000,0.00,0.00,0.00,0.00,0.00,0.00,0.00,2,0.20,0.0000,0.0000,2,0.876,0.000,0.00,0.00,1.613,0
0.00,0.00,0.00,0.0000,0.0000,0.0000,0.0000,0.00,0.00,0.00,0.00,0.00,0.00,0.00,2,0.20,0.0000,0.0000,2,0.876,0.000,0.00,0.00,1.613,0
0.00,0.00,0.00,0.0000,0.0000,0.0000,0.0000,0.00,0.00,0.00,0.00,0.00,0.00,0.00,2,0.20,0.0000,0.0000,2,0.876,0.000,0.00,0.00,1.613,0
phase1 acc_mag=0.000 gravity=0.000 motion=0.000 moving_avg=0.000 rms=nan mean_rms=nan max_rms=-1000000.000 min_rms=1000000.000 std=nan var=nan state=standing thr=0.080/0.350/0.850
0.00,0.00,0.00,0.0000,0.0000,0.0000,0.0000,0.00,0.00,0.00,0.00,0.00,0.00,0.00,2,0.20,0.0000,0.0000,2,0.876,0.000,0.00,0.00,1.613,0
0.00,0.00,0.00,0.0000,0.0000,0.0000,0.0000,0.00,0.00,0.00,0.00,0.00,0.00,0.00,2,0.20,0.0000,0.0000,2,0.876,0.000,0.00,0.00,1.613,0
0.00,0.00,0.00,0.0000,0.0000,0.0000,0.0000,0.00,0.00,0.00,0.00,0.00,0.00,0.00,2,0.20,0.0000,0.0000,2,0.876,0.000,0.00,0.00,1.613,0
0.00,0.00,0.00,0.0000,0.0000,0.0000,0.0000,0.00,0.00,0.00,0.00,0.00,0.00,0.00,2,0.20,0.0000,0.0000,2,0.876,0.000,0.00,0.00,1.613,0
phase1 acc_mag=0.000 gravity=0.000 motion=0.000 moving_avg=0.000 rms=nan mean_rms=nan max_rms=-1000000.000 min_rms=1000000.000 std=nan var=nan state=standing thr=0.080/0.350/0.850
0.00,0.00,0.00,0.0000,0.0000,0.0000,0.0000,0.00,0.00,0.00,0.00,0.00,0.00,0.00,2,0.20,0.0000,0.0000,2,0.876,0.000,0.00,0.00,1.613,0
0.00,0.00,0.00,0.0000,0.0000,0.0000,0.0000,0.00,0.00,0.00,0.00,0.00,0.00,0.00,2,0.20,0.0000,0.0000,2,0.876,0.000,0.00,0.00,1.613,0
0.00,0.00,0.00,0.0000,0.0000,0.0000,0.0000,0.00,0.00,0.00,0.00,0.00,0.00,0.00,2,0.20,0.0000,0.0000,2,0.876,0.000,0.00,0.00,1.613,0
0.00,0.00,0.00,0.0000,0.0000,0.0000,0.0000,0.00,0.00,0.00,0.00,0.00,0.00,0.00,2,0.20,0.0000,0.0000,2,0.876,0.000,0.00,0.00,1.613,0
phase1 acc_mag=0.000 gravity=0.000 motion=0.000 moving_avg=0.000 rms=nan mean_rms=nan max_rms=-1000000.000 min_rms=1000000.000 std=nan var=nan state=standing thr=0.080/0.350/0.850
0.00,0.00,0.00,0.0000,0.0000,0.0000,0.0000,0.00,0.00,0.00,0.00,0.00,0.00,0.00,2,0.20,0.0000,0.0000,2,0.876,0.000,0.00,0.00,1.613,0
0.00,0.00,0.00,0.0000,0.0000,0.0000,0.0000,0.00,0.00,0.00,0.00,0.00,0.00,0.00,2,0.20,0.0000,0.0000,2,0.876,0.000,0.00,0.00,1.613,0
0.00,0.00,0.00,0.0000,0.0000,0.0000,0.0000,0.00,0.00,0.00,0.00,0.00,0.00,0.00,2,0.20,0.0000,0.0000,2,0.876,0.000,0.00,0.00,1.613,0
0.00,0.00,0.00,0.0000,0.0000,0.0000,0.0000,0.00,0.00,0.00,0.00,0.00,0.00,0.00,2,0.20,0.0000,0.0000,2,0.876,0.000,0.00,0.00,1.613,0
phase1 acc_mag=0.000 gravity=0.000 motion=0.000 moving_avg=0.000 rms=nan mean_rms=nan max_rms=-1000000.000 min_rms=1000000.000 std=nan var=nan state=standing thr=0.080/0.350/0.850
0.00,0.00,0.00,0.0000,0.0000,0.0000,0.0000,0.00,0.00,0.00,0.00,0.00,0.00,0.00,2,0.20,0.0000,0.0000,2,0.876,0.000,0.00,0.00,1.613,0
0.00,0.00,0.00,0.0000,0.0000,0.0000,0.0000,0.00,0.00,0.00,0.00,0.00,0.00,0.00,2,0.20,0.0000,0.0000,2,0.876,0.000,0.00,0.00,1.613,0
0.00,0.00,0.00,0.0000,0.0000,0.0000,0.0000,0.00,0.00,0.00,0.00,0.00,0.00,0.00,2,0.20,0.0000,0.0000,2,0.876,0.000,0.00,0.00,1.613,0
0.00,0.00,0.00,0.0000,0.0000,0.0000,0.0000,0.00,0.00,0.00,0.00,0.00,0.00,0.00,2,0.20,0.0000,0.0000,2,0.876,0.000,0.00,0.00,1.613,0
phase1 acc_mag=0.000 gravity=0.000 motion=0.000 moving_avg=0.000 rms=nan mean_rms=nan max_rms=-1000000.000 min_rms=1000000.000 std=nan var=nan state=standing thr=0.080/0.350/0.850
0.00,0.00,0.00,0.0000,0.0000,0.0000,0.0000,0.00,0.00,0.00,0.00,0.00,0.00,0.00,2,0.20,0.0000,0.0000,2,0.876,0.000,0.00,0.00,1.613,0
0.00,0.00,0.00,0.0000,0.0000,0.0000,0.0000,0.00,0.00,0.00,0.00,0.00,0.00,0.00,2,0.20,0.0000,0.0000,2,0.876,0.000,0.00,0.00,1.613,0
0.00,0.00,0.00,0.0000,0.0000,0.0000,0.0000,0.00,0.00,0.00,0.00,0.00,0.00,0.00,2,0.20,0.0000,0.0000,2,0.876,0.000,0.00,0.00,1.613,0
0.00,0.00,0.00,0.0000,0.0000,0.0000,0.0000,0.00,0.00,0.00,0.00,0.00,0.00,0.00,2,0.20,0.0000,0.0000,2,0.876,0.000,0.00,0.00,1.613,0
phase1 acc_mag=0.000 gravity=0.000 motion=0.000 moving_avg=0.000 rms=nan mean_rms=nan max_rms=-1000000.000 min_rms=1000000.000 std=nan var=nan state=standing thr=0.080/0.350/0.850
0.00,0.00,0.00,0.0000,0.0000,0.0000,0.0000,0.00,0.00,0.00,0.00,0.00,0.00,0.00,2,0.20,0.0000,0.0000,2,0.876,0.000,0.00,0.00,1.613,0
0.00,0.00,0.00,0.0000,0.0000,0.0000,0.0000,0.00,0.00,0.00,0.00,0.00,0.00,0.00,2,0.20,0.0000,0.0000,2,0.876,0.000,0.00,0.00,1.613,0
0.00,0.00,0.00,0.0000,0.0000,0.0000,0.0000,0.00,0.00,0.00,0.00,0.00,0.00,0.00,2,0.20,0.0000,0.0000,2,0.876,0.000,0.00,0.00,1.613,0
0.00,0.00,0.00,0.0000,0.0000,0.0000,0.0000,0.00,0.00,0.00,0.00,0.00,0.00,0.00,2,0.20,0.0000,0.0000,2,0.876,0.000,0.00,0.00,1.613,0
phase1 acc_mag=0.000 gravity=0.000 motion=0.000 moving_avg=0.000 rms=nan mean_rms=nan max_rms=-1000000.000 min_rms=1000000.000 std=nan var=nan state=standing thr=0.080/0.350/0.850
0.00,0.00,0.00,0.0000,0.0000,0.0000,0.0000,0.00,0.00,0.00,0.00,0.00,0.00,0.00,2,0.20,0.0000,0.0000,2,0.876,0.000,0.00,0.00,1.613,0
0.00,0.00,0.00,0.0000,0.0000,0.0000,0.0000,0.00,0.00,0.00,0.00,0.00,0.00,0.00,2,0.20,0.0000,0.0000,2,0.876,0.000,0.00,0.00,1.613,0
0.00,0.00,0.00,0.0000,0.0000,0.0000,0.0000,0.00,0.00,0.00,0.00,0.00,0.00,0.00,2,0.20,0.0000,0.0000,2,0.876,0.000,0.00,0.00,1.613,0
0.00,0.00,0.00,0.0000,0.0000,0.0000,0.0000,0.00,0.00,0.00,0.00,0.00,0.00,0.00,2,0.20,0.0000,0.0000,2,0.876,0.000,0.00,0.00,1.613,0
phase1 acc_mag=0.000 gravity=0.000 motion=0.000 moving_avg=0.000 rms=nan mean_rms=nan max_rms=-1000000.000 min_rms=1000000.000 std=nan var=nan state=standing thr=0.080/0.350/0.850
0.00,0.00,0.00,0.0000,0.0000,0.0000,0.0000,0.00,0.00,0.00,0.00,0.00,0.00,0.00,2,0.20,0.0000,0.0000,2,0.876,0.000,0.00,0.00,1.613,0
0.00,0.00,0.00,0.0000,0.0000,0.0000,0.0000,0.00,0.00,0.00,0.00,0.00,0.00,0.00,2,0.20,0.0000,0.0000,2,0.876,0.000,0.00,0.00,1.613,0
0.00,0.00,0.00,0.0000,0.0000,0.0000,0.0000,0.00,0.00,0.00,0.00,0.00,0.00,0.00,2,0.20,0.0000,0.0000,2,0.876,0.000,0.00,0.00,1.613,0
0.00,0.00,0.00,0.0000,0.0000,0.0000,0.0000,0.00,0.00,0.00,0.00,0.00,0.00,0.00,2,0.20,0.0000,0.0000,2,0.876,0.000,0.00,0.00,1.613,0
phase1 acc_mag=0.000 gravity=0.000 motion=0.000 moving_avg=0.000 rms=nan mean_rms=nan max_rms=-1000000.000 min_rms=1000000.000 std=nan var=nan state=standing thr=0.080/0.350/0.850
0.00,0.00,0.00,0.0000,0.0000,0.0000,0.0000,0.00,0.00,0.00,0.00,0.00,0.00,0.00,2,0.20,0.0000,0.0000,2,0.876,0.000,0.00,0.00,1.613,0
0.00,0.00,0.00,0.0000,0.0000,0.0000,0.0000,0.00,0.00,0.00,0.00,0.00,0.00,0.00,2,0.20,0.0000,0.0000,2,0.876,0.000,0.00,0.00,1.613,0
0.00,0.00,0.00,0.0000,0.0000,0.0000,0.0000,0.00,0.00,0.00,0.00,0.00,0.00,0.00,2,0.20,0.0000,0.0000,2,0.876,0.000,0.00,0.00,1.613,0
0.00,0.00,0.00,0.0000,0.0000,0.0000,0.0000,0.00,0.00,0.00,0.00,0.00,0.00,0.00,2,0.20,0.0000,0.0000,2,0.876,0.000,0.00,0.00,1.613,0
phase1 acc_mag=0.000 gravity=0.000 motion=0.000 moving_avg=0.000 rms=nan mean_rms=nan max_rms=-1000000.000 min_rms=1000000.000 std=nan var=nan state=standing thr=0.080/0.350/0.850
0.00,0.00,0.00,0.0000,0.0000,0.0000,0.0000,0.00,0.00,0.00,0.00,0.00,0.00,0.00,2,0.20,0.0000,0.0000,2,0.876,0.000,0.00,0.00,1.613,0
0.00,0.00,0.00,0.0000,0.0000,0.0000,0.0000,0.00,0.00,0.00,0.00,0.00,0.00,0.00,2,0.20,0.0000,0.0000,2,0.876,0.000,0.00,0.00,1.613,0
0.00,0.00,0.00,0.0000,0.0000,0.0000,0.0000,0.00,0.00,0.00,0.00,0.00,0.00,0.00,2,0.20,0.0000,0.0000,2,0.876,0.000,0.00,0.00,1.613,0
0.00,0.00,0.00,0.0000,0.0000,0.0000,0.0000,0.00,0.00,0.00,0.00,0.00,0.00,0.00,2,0.20,0.0000,0.0000,2,0.876,0.000,0.00,0.00,1.613,0
phase1 acc_mag=0.000 gravity=0.000 motion=0.000 moving_avg=0.000 rms=nan mean_rms=nan max_rms=-1000000.000 min_rms=1000000.000 std=nan var=nan state=standing thr=0.080/0.350/0.850
0.00,0.00,0.00,0.0000,0.0000,0.0000,0.0000,0.00,0.00,0.00,0.00,0.00,0.00,0.00,2,0.20,0.0000,0.0000,2,0.876,0.000,0.00,0.00,1.613,0
0.00,0.00,0.00,0.0000,0.0000,0.0000,0.0000,0.00,0.00,0.00,0.00,0.00,0.00,0.00,2,0.20,0.0000,0.0000,2,0.876,0.000,0.00,0.00,1.613,0
0.00,0.00,0.00,0.0000,0.0000,0.0000,0.0000,0.00,0.00,0.00,0.00,0.00,0.00,0.00,2,0.20,0.0000,0.0000,2,0.876,0.000,0.00,0.00,1.613,0
0.00,0.00,0.00,0.0000,0.0000,0.0000,0.0000,0.00,0.00,0.00,0.00,0.00,0.00,0.00,2,0.20,0.0000,0.0000,2,0.876,0.000,0.00,0.00,1.613,0
phase1 acc_mag=0.000 gravity=0.000 motion=0.000 moving_avg=0.000 rms=nan mean_rms=nan max_rms=-1000000.000 min_rms=1000000.000 std=nan var=nan state=standing thr=0.080/0.350/0.850
0.00,0.00,0.00,0.0000,0.0000,0.0000,0.0000,0.00,0.00,0.00,0.00,0.00,0.00,0.00,2,0.20,0.0000,0.0000,2,0.876,0.000,0.00,0.00,1.613,0
0.00,0.00,0.00,0.0000,0.0000,0.0000,0.0000,0.00,0.00,0.00,0.00,0.00,0.00,0.00,2,0.20,0.0000,0.0000,2,0.876,0.000,0.00,0.00,1.613,0
0.00,0.00,0.00,0.0000,0.0000,0.0000,0.0000,0.00,0.00,0.00,0.00,0.00,0.00,0.00,2,0.20,0.0000,0.0000,2,0.876,0.000,0.00,0.00,1.613,0
0.00,0.00,0.00,0.0000,0.0000,0.0000,0.0000,0.00,0.00,0.00,0.00,0.00,0.00,0.00,2,0.20,0.0000,0.0000,2,0.876,0.000,0.00,0.00,1.613,0
phase1 acc_mag=0.000 gravity=0.000 motion=0.000 moving_avg=0.000 rms=nan mean_rms=nan max_rms=-1000000.000 min_rms=1000000.000 std=nan var=nan state=standing thr=0.080/0.350/0.850
0.00,0.00,0.00,0.0000,0.0000,0.0000,0.0000,0.00,0.00,0.00,0.00,0.00,0.00,0.00,2,0.20,0.0000,0.0000,2,0.876,0.000,0.00,0.00,1.613,0
0.00,0.00,0.00,0.0000,0.0000,0.0000,0.0000,0.00,0.00,0.00,0.00,0.00,0.00,0.00,2,0.20,0.0000,0.0000,2,0.876,0.000,0.00,0.00,1.613,0
0.00,0.00,0.00,0.0000,0.0000,0.0000,0.0000,0.00,0.00,0.00,0.00,0.00,0.00,0.00,2,0.20,0.0000,0.0000,2,0.876,0.000,0.00,0.00,1.613,0
0.00,0.00,0.00,0.0000,0.0000,0.0000,0.0000,0.00,0.00,0.00,0.00,0.00,0.00,0.00,2,0.20,0.0000,0.0000,2,0.876,0.000,0.00,0.00,1.613,0
phase1 acc_mag=0.000 gravity=0.000 motion=0.000 moving_avg=0.000 rms=nan mean_rms=nan max_rms=-1000000.000 min_rms=1000000.000 std=nan var=nan state=standing thr=0.080/0.350/0.850
0.00,0.00,0.00,0.0000,0.0000,0.0000,0.0000,0.00,0.00,0.00,0.00,0.00,0.00,0.00,2,0.20,0.0000,0.0000,2,0.876,0.000,0.00,0.00,1.613,0
0.00,0.00,0.00,0.0000,0.0000,0.0000,0.0000,0.00,0.00,0.00,0.00,0.00,0.00,0.00,2,0.20,0.0000,0.0000,2,0.876,0.000,0.00,0.00,1.613,0
0.00,0.00,0.00,0.0000,0.0000,0.0000,0.0000,0.00,0.00,0.00,0.00,0.00,0.00,0.00,2,0.20,0.0000,0.0000,2,0.876,0.000,0.00,0.00,1.613,0
0.00,0.00,0.00,0.0000,0.0000,0.0000,0.0000,0.00,0.00,0.00,0.00,0.00,0.00,0.00,2,0.20,0.0000,0.0000,2,0.876,0.000,0.00,0.00,1.613,0
phase1 acc_mag=0.000 gravity=0.000 motion=0.000 moving_avg=0.000 rms=nan mean_rms=nan max_rms=-1000000.000 min_rms=1000000.000 std=nan var=nan state=standing thr=0.080/0.350/0.850
0.00,0.00,0.00,0.0000,0.0000,0.0000,0.0000,0.00,0.00,0.00,0.00,0.00,0.00,0.00,2,0.20,0.0000,0.0000,2,0.876,0.000,0.00,0.00,1.613,0
0.00,0.00,0.00,0.0000,0.0000,0.0000,0.0000,0.00,0.00,0.00,0.00,0.00,0.00,0.00,2,0.20,0.0000,0.0000,2,0.876,0.000,0.00,0.00,1.613,0
0.00,0.00,0.00,0.0000,0.0000,0.0000,0.0000,0.00,0.00,0.00,0.00,0.00,0.00,0.00,2,0.20,0.0000,0.0000,2,0.876,0.000,0.00,0.00,1.613,0
0.00,0.00,0.00,0.0000,0.0000,0.0000,0.0000,0.00,0.00,0.00,0.00,0.00,0.00,0.00,2,0.20,0.0000,0.0000,2,0.876,0.000,0.00,0.00,1.613,0
phase1 acc_mag=0.000 gravity=0.000 motion=0.000 moving_avg=0.000 rms=nan mean_rms=nan max_rms=-1000000.000 min_rms=1000000.000 std=nan var=nan state=standing thr=0.080/0.350/0.850
0.00,0.00,0.00,0.0000,0.0000,0.0000,0.0000,0.00,0.00,0.00,0.00,0.00,0.00,0.00,2,0.20,0.0000,0.0000,2,0.876,0.000,0.00,0.00,1.613,0
0.00,0.00,0.00,0.0000,0.0000,0.0000,0.0000,0.00,0.00,0.00,0.00,0.00,0.00,0.00,2,0.20,0.0000,0.0000,2,0.876,0.000,0.00,0.00,1.613,0
0.00,0.00,0.00,0.0000,0.0000,0.0000,0.0000,0.00,0.00,0.00,0.00,0.00,0.00,0.00,2,0.20,0.0000,0.0000,2,0.876,0.000,0.00,0.00,1.613,0
0.00,0.00,0.00,0.0000,0.0000,0.0000,0.0000,0.00,0.00,0.00,0.00,0.00,0.00,0.00,2,0.20,0.0000,0.0000,2,0.876,0.000,0.00,0.00,1.613,0
phase1 acc_mag=0.000 gravity=0.000 motion=0.000 moving_avg=0.000 rms=nan mean_rms=nan max_rms=-1000000.000 min_rms=1000000.000 std=nan var=nan state=standing thr=0.080/0.350/0.850
0.00,0.00,0.00,0.0000,0.0000,0.0000,0.0000,0.00,0.00,0.00,0.00,0.00,0.00,0.00,2,0.20,0.0000,0.0000,2,0.876,0.000,0.00,0.00,1.613,0
0.00,0.00,0.00,0.0000,0.0000,0.0000,0.0000,0.00,0.00,0.00,0.00,0.00,0.00,0.00,2,0.20,0.0000,0.0000,2,0.876,0.000,0.00,0.00,1.613,0
0.00,0.00,0.00,0.0000,0.0000,0.0000,0.0000,0.00,0.00,0.00,0.00,0.00,0.00,0.00,2,0.20,0.0000,0.0000,2,0.876,0.000,0.00,0.00,1.613,0
0.00,0.00,0.00,0.0000,0.0000,0.0000,0.0000,0.00,0.00,0.00,0.00,0.00,0.00,0.00,2,0.20,0.0000,0.0000,2,0.876,0.000,0.00,0.00,1.613,0
phase1 acc_mag=0.000 gravity=0.000 motion=0.000 moving_avg=0.000 rms=nan mean_rms=nan max_rms=-1000000.000 min_rms=1000000.000 std=nan var=nan state=standing thr=0.080/0.350/0.850
0.00,0.00,0.00,0.0000,0.0000,0.0000,0.0000,0.00,0.00,0.00,0.00,0.00,0.00,0.00,2,0.20,0.0000,0.0000,2,0.876,0.000,0.00,0.00,1.613,0
0.00,0.00,0.00,0.0000,0.0000,0.0000,0.0000,0.00,0.00,0.00,0.00,0.00,0.00,0.00,2,0.20,0.0000,0.0000,2,0.876,0.000,0.00,0.00,1.613,0
0.00,0.00,0.00,0.0000,0.0000,0.0000,0.0000,0.00,0.00,0.00,0.00,0.00,0.00,0.00,2,0.20,0.0000,0.0000,2,0.876,0.000,0.00,0.00,1.613,0
0.00,0.00,0.00,0.0000,0.0000,0.0000,0.0000,0.00,0.00,0.00,0.00,0.00,0.00,0.00,2,0.20,0.0000,0.0000,2,0.876,0.000,0.00,0.00,1.613,0
phase1 acc_mag=0.000 gravity=0.000 motion=0.000 moving_avg=0.000 rms=nan mean_rms=nan max_rms=-1000000.000 min_rms=1000000.000 std=nan var=nan state=standing thr=0.080/0.350/0.850
0.00,0.00,0.00,0.0000,0.0000,0.0000,0.0000,0.00,0.00,0.00,0.00,0.00,0.00,0.00,2,0.20,0.0000,0.0000,2,0.876,0.000,0.00,0.00,1.613,0
0.00,0.00,0.00,0.0000,0.0000,0.0000,0.0000,0.00,0.00,0.00,0.00,0.00,0.00,0.00,2,0.20,0.0000,0.0000,2,0.876,0.000,0.00,0.00,1.613,0
0.00,0.00,0.00,0.0000,0.0000,0.0000,0.0000,0.00,0.00,0.00,0.00,0.00,0.00,0.00,2,0.20,0.0000,0.0000,2,0.876,0.000,0.00,0.00,1.613,0
0.00,0.00,0.00,0.0000,0.0000,0.0000,0.0000,0.00,0.00,0.00,0.00,0.00,0.00,0.00,2,0.20,0.0000,0.0000,2,0.876,0.000,0.00,0.00,1.613,0
phase1 acc_mag=0.000 gravity=0.000 motion=0.000 moving_avg=0.000 rms=nan mean_rms=nan max_rms=-1000000.000 min_rms=1000000.000 std=nan var=nan state=standing thr=0.080/0.350/0.850
0.00,0.00,0.00,0.0000,0.0000,0.0000,0.0000,0.00,0.00,0.00,0.00,0.00,0.00,0.00,2,0.20,0.0000,0.0000,2,0.876,0.000,0.00,0.00,1.613,0
0.00,0.00,0.00,0.0000,0.0000,0.0000,0.0000,0.00,0.00,0.00,0.00,0.00,0.00,0.00,2,0.20,0.0000,0.0000,2,0.876,0.000,0.00,0.00,1.613,0
0.00,0.00,0.00,0.0000,0.0000,0.0000,0.0000,0.00,0.00,0.00,0.00,0.00,0.00,0.00,2,0.20,0.0000,0.0000,2,0.876,0.000,0.00,0.00,1.613,0
0.00,0.00,0.00,0.0000,0.0000,0.0000,0.0000,0.00,0.00,0.00,0.00,0.00,0.00,0.00,2,0.20,0.0000,0.0000,2,0.876,0.000,0.00,0.00,1.613,0
phase1 acc_mag=0.000 gravity=0.000 motion=0.000 moving_avg=0.000 rms=nan mean_rms=nan max_rms=-1000000.000 min_rms=1000000.000 std=nan var=nan state=standing thr=0.080/0.350/0.850
0.00,0.00,0.00,0.0000,0.0000,0.0000,0.0000,0.00,0.00,0.00,0.00,0.00,0.00,0.00,2,0.20,0.0000,0.0000,2,0.876,0.000,0.00,0.00,1.613,0
0.00,0.00,0.00,0.0000,0.0000,0.0000,0.0000,0.00,0.00,0.00,0.00,0.00,0.00,0.00,2,0.20,0.0000,0.0000,2,0.876,0.000,0.00,0.00,1.613,0
0.00,0.00,0.00,0.0000,0.0000,0.0000,0.0000,0.00,0.00,0.00,0.00,0.00,0.00,0.00,2,0.20,0.0000,0.0000,2,0.876,0.000,0.00,0.00,1.613,0
0.00,0.00,0.00,0.0000,0.0000,0.0000,0.0000,0.00,0.00,0.00,0.00,0.00,0.00,0.00,2,0.20,0.0000,0.0000,2,0.876,0.000,0.00,0.00,1.613,0
phase1 acc_mag=0.000 gravity=0.000 motion=0.000 moving_avg=0.000 rms=nan mean_rms=nan max_rms=-1000000.000 min_rms=1000000.000 std=nan var=nan state=standing thr=0.080/0.350/0.850
0.00,0.00,0.00,0.0000,0.0000,0.0000,0.0000,0.00,0.00,0.00,0.00,0.00,0.00,0.00,2,0.20,0.0000,0.0000,2,0.876,0.000,0.00,0.00,1.613,0
0.00,0.00,0.00,0.0000,0.0000,0.0000,0.0000,0.00,0.00,0.00,0.00,0.00,0.00,0.00,2,0.20,0.0000,0.0000,2,0.876,0.000,0.00,0.00,1.613,0
0.00,0.00,0.00,0.0000,0.0000,0.0000,0.0000,0.00,0.00,0.00,0.00,0.00,0.00,0.00,2,0.20,0.0000,0.0000,2,0.876,0.000,0.00,0.00,1.613,0
0.00,0.00,0.00,0.0000,0.0000,0.0000,0.0000,0.00,0.00,0.00,0.00,0.00,0.00,0.00,2,0.20,0.0000,0.0000,2,0.876,0.000,0.00,0.00,1.613,0
phase1 acc_mag=0.000 gravity=0.000 motion=0.000 moving_avg=0.000 rms=nan mean_rms=nan max_rms=-1000000.000 min_rms=1000000.000 std=nan var=nan state=standing thr=0.080/0.350/0.850
0.00,0.00,0.00,0.0000,0.0000,0.0000,0.0000,0.00,0.00,0.00,0.00,0.00,0.00,0.00,2,0.20,0.0000,0.0000,2,0.876,0.000,0.00,0.00,1.613,0
0.00,0.00,0.00,0.0000,0.0000,0.0000,0.0000,0.00,0.00,0.00,0.00,0.00,0.00,0.00,2,0.20,0.0000,0.0000,2,0.876,0.000,0.00,0.00,1.613,0
0.00,0.00,0.00,0.0000,0.0000,0.0000,0.0000,0.00,0.00,0.00,0.00,0.00,0.00,0.00,2,0.20,0.0000,0.0000,2,0.876,0.000,0.00,0.00,1.613,0
0.00,0.00,0.00,0.0000,0.0000,0.0000,0.0000,0.00,0.00,0.00,0.00,0.00,0.00,0.00,2,0.20,0.0000,0.0000,2,0.876,0.000,0.00,0.00,1.613,0
phase1 acc_mag=0.000 gravity=0.000 motion=0.000 moving_avg=0.000 rms=nan mean_rms=nan max_rms=-1000000.000 min_rms=1000000.000 std=nan var=nan state=standing thr=0.080/0.350/0.850
0.00,0.00,0.00,0.0000,0.0000,0.0000,0.0000,0.00,0.00,0.00,0.00,0.00,0.00,0.00,2,0.20,0.0000,0.0000,2,0.876,0.000,0.00,0.00,1.613,0
0.00,0.00,0.00,0.0000,0.0000,0.0000,0.0000,0.00,0.00,0.00,0.00,0.00,0.00,0.00,2,0.20,0.0000,0.0000,2,0.876,0.000,0.00,0.00,1.613,0
0.00,0.00,0.00,0.0000,0.0000,0.0000,0.0000,0.00,0.00,0.00,0.00,0.00,0.00,0.00,2,0.20,0.0000,0.0000,2,0.876,0.000,0.00,0.00,1.613,0
0.00,0.00,0.00,0.0000,0.0000,0.0000,0.0000,0.00,0.00,0.00,0.00,0.00,0.00,0.00,2,0.20,0.0000,0.0000,2,0.876,0.000,0.00,0.00,1.613,0
phase1 acc_mag=0.000 gravity=0.000 motion=0.000 moving_avg=0.000 rms=nan mean_rms=nan max_rms=-1000000.000 min_rms=1000000.000 std=nan var=nan state=standing thr=0.080/0.350/0.850
0.00,0.00,0.00,0.0000,0.0000,0.0000,0.0000,0.00,0.00,0.00,0.00,0.00,0.00,0.00,2,0.20,0.0000,0.0000,2,0.876,0.000,0.00,0.00,1.613,0
0.00,0.00,0.00,0.0000,0.0000,0.0000,0.0000,0.00,0.00,0.00,0.00,0.00,0.00,0.00,2,0.20,0.0000,0.0000,2,0.876,0.000,0.00,0.00,1.613,0
0.00,0.00,0.00,0.0000,0.0000,0.0000,0.0000,0.00,0.00,0.00,0.00,0.00,0.00,0.00,2,0.20,0.0000,0.0000,2,0.876,0.000,0.00,0.00,1.613,0
0.00,0.00,0.00,0.0000,0.0000,0.0000,0.0000,0.00,0.00,0.00,0.00,0.00,0.00,0.00,2,0.20,0.0000,0.0000,2,0.876,0.000,0.00,0.00,1.613,0
phase1 acc_mag=0.000 gravity=0.000 motion=0.000 moving_avg=0.000 rms=nan mean_rms=nan max_rms=-1000000.000 min_rms=1000000.000 std=nan var=nan state=standing thr=0.080/0.350/0.850
0.00,0.00,0.00,0.0000,0.0000,0.0000,0.0000,0.00,0.00,0.00,0.00,0.00,0.00,0.00,2,0.20,0.0000,0.0000,2,0.876,0.000,0.00,0.00,1.613,0
0.00,0.00,0.00,0.0000,0.0000,0.0000,0.0000,0.00,0.00,0.00,0.00,0.00,0.00,0.00,2,0.20,0.0000,0.0000,2,0.876,0.000,0.00,0.00,1.613,0
0.00,0.00,0.00,0.0000,0.0000,0.0000,0.0000,0.00,0.00,0.00,0.00,0.00,0.00,0.00,2,0.20,0.0000,0.0000,2,0.876,0.000,0.00,0.00,1.613,0
0.00,0.00,0.00,0.0000,0.0000,0.0000,0.0000,0.00,0.00,0.00,0.00,0.00,0.00,0.00,2,0.20,0.0000,0.0000,2,0.876,0.000,0.00,0.00,1.613,0
phase1 acc_mag=0.000 gravity=0.000 motion=0.000 moving_avg=0.000 rms=nan mean_rms=nan max_rms=-1000000.000 min_rms=1000000.000 std=nan var=nan state=standing thr=0.080/0.350/0.850
0.00,0.00,0.00,0.0000,0.0000,0.0000,0.0000,0.00,0.00,0.00,0.00,0.00,0.00,0.00,2,0.20,0.0000,0.0000,2,0.876,0.000,0.00,0.00,1.613,0
0.00,0.00,0.00,0.0000,0.0000,0.0000,0.0000,0.00,0.00,0.00,0.00,0.00,0.00,0.00,2,0.20,0.0000,0.0000,2,0.876,0.000,0.00,0.00,1.613,0
0.00,0.00,0.00,0.0000,0.0000,0.0000,0.0000,0.00,0.00,0.00,0.00,0.00,0.00,0.00,2,0.20,0.0000,0.0000,2,0.876,0.000,0.00,0.00,1.613,0
0.00,0.00,0.00,0.0000,0.0000,0.0000,0.0000,0.00,0.00,0.00,0.00,0.00,0.00,0.00,2,0.20,0.0000,0.0000,2,0.876,0.000,0.00,0.00,1.613,0
phase1 acc_mag=0.000 gravity=0.000 motion=0.000 moving_avg=0.000 rms=nan mean_rms=nan max_rms=-1000000.000 min_rms=1000000.000 std=nan var=nan state=standing thr=0.080/0.350/0.850
0.00,0.00,0.00,0.0000,0.0000,0.0000,0.0000,0.00,0.00,0.00,0.00,0.00,0.00,0.00,2,0.20,0.0000,0.0000,2,0.876,0.000,0.00,0.00,1.613,0
0.00,0.00,0.00,0.0000,0.0000,0.0000,0.0000,0.00,0.00,0.00,0.00,0.00,0.00,0.00,2,0.20,0.0000,0.0000,2,0.876,0.000,0.00,0.00,1.613,0
0.00,0.00,0.00,0.0000,0.0000,0.0000,0.0000,0.00,0.00,0.00,0.00,0.00,0.00,0.00,2,0.20,0.0000,0.0000,2,0.876,0.000,0.00,0.00,1.613,0
0.00,0.00,0.00,0.0000,0.0000,0.0000,0.0000,0.00,0.00,0.00,0.00,0.00,0.00,0.00,2,0.20,0.0000,0.0000,2,0.876,0.000,0.00,0.00,1.613,0
phase1 acc_mag=0.000 gravity=0.000 motion=0.000 moving_avg=0.000 rms=nan mean_rms=nan max_rms=-1000000.000 min_rms=1000000.000 std=nan var=nan state=standing thr=0.080/0.350/0.850
0.00,0.00,0.00,0.0000,0.0000,0.0000,0.0000,0.00,0.00,0.00,0.00,0.00,0.00,0.00,2,0.20,0.0000,0.0000,2,0.876,0.000,0.00,0.00,1.613,0
0.00,0.00,0.00,0.0000,0.0000,0.0000,0.0000,0.00,0.00,0.00,0.00,0.00,0.00,0.00,2,0.20,0.0000,0.0000,2,0.876,0.000,0.00,0.00,1.613,0
0.00,0.00,0.00,0.0000,0.0000,0.0000,0.0000,0.00,0.00,0.00,0.00,0.00,0.00,0.00,2,0.20,0.0000,0.0000,2,0.876,0.000,0.00,0.00,1.613,0
0.00,0.00,0.00,0.0000,0.0000,0.0000,0.0000,0.00,0.00,0.00,0.00,0.00,0.00,0.00,2,0.20,0.0000,0.0000,2,0.876,0.000,0.00,0.00,1.613,0
phase1 acc_mag=0.000 gravity=0.000 motion=0.000 moving_avg=0.000 rms=nan mean_rms=nan max_rms=-1000000.000 min_rms=1000000.000 std=nan var=nan state=standing thr=0.080/0.350/0.850
0.00,0.00,0.00,0.0000,0.0000,0.0000,0.0000,0.00,0.00,0.00,0.00,0.00,0.00,0.00,2,0.20,0.0000,0.0000,2,0.876,0.000,0.00,0.00,1.613,0
0.00,0.00,0.00,0.0000,0.0000,0.0000,0.0000,0.00,0.00,0.00,0.00,0.00,0.00,0.00,2,0.20,0.0000,0.0000,2,0.876,0.000,0.00,0.00,1.613,0
0.00,0.00,0.00,0.0000,0.0000,0.0000,0.0000,0.00,0.00,0.00,0.00,0.00,0.00,0.00,2,0.20,0.0000,0.0000,2,0.876,0.000,0.00,0.00,1.613,0
0.00,0.00,0.00,0.0000,0.0000,0.0000,0.0000,0.00,0.00,0.00,0.00,0.00,0.00,0.00,2,0.20,0.0000,0.0000,2,0.876,0.000,0.00,0.00,1.613,0
phase1 acc_mag=0.000 gravity=0.000 motion=0.000 moving_avg=0.000 rms=nan mean_rms=nan max_rms=-1000000.000 min_rms=1000000.000 std=nan var=nan state=standing thr=0.080/0.350/0.850
0.00,0.00,0.00,0.0000,0.0000,0.0000,0.0000,0.00,0.00,0.00,0.00,0.00,0.00,0.00,2,0.20,0.0000,0.0000,2,0.876,0.000,0.00,0.00,1.613,0
0.00,0.00,0.00,0.0000,0.0000,0.0000,0.0000,0.00,0.00,0.00,0.00,0.00,0.00,0.00,2,0.20,0.0000,0.0000,2,0.876,0.000,0.00,0.00,1.613,0
0.00,0.00,0.00,0.0000,0.0000,0.0000,0.0000,0.00,0.00,0.00,0.00,0.00,0.00,0.00,2,0.20,0.0000,0.0000,2,0.876,0.000,0.00,0.00,1.613,0
0.00,0.00,0.00,0.0000,0.0000,0.0000,0.0000,0.00,0.00,0.00,0.00,0.00,0.00,0.00,2,0.20,0.0000,0.0000,2,0.876,0.000,0.00,0.00,1.613,0
phase1 acc_mag=0.000 gravity=0.000 motion=0.000 moving_avg=0.000 rms=nan mean_rms=nan max_rms=-1000000.000 min_rms=1000000.000 std=nan var=nan state=standing thr=0.080/0.350/0.850
0.00,0.00,0.00,0.0000,0.0000,0.0000,0.0000,0.00,0.00,0.00,0.00,0.00,0.00,0.00,2,0.20,0.0000,0.0000,2,0.876,0.000,0.00,0.00,1.613,0
0.00,0.00,0.00,0.0000,0.0000,0.0000,0.0000,0.00,0.00,0.00,0.00,0.00,0.00,0.00,2,0.20,0.0000,0.0000,2,0.876,0.000,0.00,0.00,1.613,0
0.00,0.00,0.00,0.0000,0.0000,0.0000,0.0000,0.00,0.00,0.00,0.00,0.00,0.00,0.00,2,0.20,0.0000,0.0000,2,0.876,0.000,0.00,0.00,1.613,0
0.00,0.00,0.00,0.0000,0.0000,0.0000,0.0000,0.00,0.00,0.00,0.00,0.00,0.00,0.00,2,0.20,0.0000,0.0000,2,0.876,0.000,0.00,0.00,1.613,0
phase1 acc_mag=0.000 gravity=0.000 motion=0.000 moving_avg=0.000 rms=nan mean_rms=nan max_rms=-1000000.000 min_rms=1000000.000 std=nan var=nan state=standing thr=0.080/0.350/0.850
0.00,0.00,0.00,0.0000,0.0000,0.0000,0.0000,0.00,0.00,0.00,0.00,0.00,0.00,0.00,2,0.20,0.0000,0.0000,2,0.876,0.000,0.00,0.00,1.613,0
0.00,0.00,0.00,0.0000,0.0000,0.0000,0.0000,0.00,0.00,0.00,0.00,0.00,0.00,0.00,2,0.20,0.0000,0.0000,2,0.876,0.000,0.00,0.00,1.613,0
0.00,0.00,0.00,0.0000,0.0000,0.0000,0.0000,0.00,0.00,0.00,0.00,0.00,0.00,0.00,2,0.20,0.0000,0.0000,2,0.876,0.000,0.00,0.00,1.613,0
0.00,0.00,0.00,0.0000,0.0000,0.0000,0.0000,0.00,0.00,0.00,0.00,0.00,0.00,0.00,2,0.20,0.0000,0.0000,2,0.876,0.000,0.00,0.00,1.613,0
phase1 acc_mag=0.000 gravity=0.000 motion=0.000 moving_avg=0.000 rms=nan mean_rms=nan max_rms=-1000000.000 min_rms=1000000.000 std=nan var=nan state=standing thr=0.080/0.350/0.850
0.00,0.00,0.00,0.0000,0.0000,0.0000,0.0000,0.00,0.00,0.00,0.00,0.00,0.00,0.00,2,0.20,0.0000,0.0000,2,0.876,0.000,0.00,0.00,1.613,0
0.00,0.00,0.00,0.0000,0.0000,0.0000,0.0000,0.00,0.00,0.00,0.00,0.00,0.00,0.00,2,0.20,0.0000,0.0000,2,0.876,0.000,0.00,0.00,1.613,0
0.00,0.00,0.00,0.0000,0.0000,0.0000,0.0000,0.00,0.00,0.00,0.00,0.00,0.00,0.00,2,0.20,0.0000,0.0000,2,0.876,0.000,0.00,0.00,1.613,0
0.00,0.00,0.00,0.0000,0.0000,0.0000,0.0000,0.00,0.00,0.00,0.00,0.00,0.00,0.00,2,0.20,0.0000,0.0000,2,0.876,0.000,0.00,0.00,1.613,0
phase1 acc_mag=0.000 gravity=0.000 motion=0.000 moving_avg=0.000 rms=nan mean_rms=nan max_rms=-1000000.000 min_rms=1000000.000 std=nan var=nan state=standing thr=0.080/0.350/0.850
0.00,0.00,0.00,0.0000,0.0000,0.0000,0.0000,0.00,0.00,0.00,0.00,0.00,0.00,0.00,2,0.20,0.0000,0.0000,2,0.876,0.000,0.00,0.00,1.613,0
0.00,0.00,0.00,0.0000,0.0000,0.0000,0.0000,0.00,0.00,0.00,0.00,0.00,0.00,0.00,2,0.20,0.0000,0.0000,2,0.876,0.000,0.00,0.00,1.613,0
0.00,0.00,0.00,0.0000,0.0000,0.0000,0.0000,0.00,0.00,0.00,0.00,0.00,0.00,0.00,2,0.20,0.0000,0.0000,2,0.876,0.000,0.00,0.00,1.613,0
0.00,0.00,0.00,0.0000,0.0000,0.0000,0.0000,0.00,0.00,0.00,0.00,0.00,0.00,0.00,2,0.20,0.0000,0.0000,2,0.876,0.000,0.00,0.00,1.613,0
phase1 acc_mag=0.000 gravity=0.000 motion=0.000 moving_avg=0.000 rms=nan mean_rms=nan max_rms=-1000000.000 min_rms=1000000.000 std=nan var=nan state=standing thr=0.080/0.350/0.850
0.00,0.00,0.00,0.0000,0.0000,0.0000,0.0000,0.00,0.00,0.00,0.00,0.00,0.00,0.00,2,0.20,0.0000,0.0000,2,0.876,0.000,0.00,0.00,1.613,0
0.00,0.00,0.00,0.0000,0.0000,0.0000,0.0000,0.00,0.00,0.00,0.00,0.00,0.00,0.00,2,0.20,0.0000,0.0000,2,0.876,0.000,0.00,0.00,1.613,0
0.00,0.00,0.00,0.0000,0.0000,0.0000,0.0000,0.00,0.00,0.00,0.00,0.00,0.00,0.00,2,0.20,0.0000,0.0000,2,0.876,0.000,0.00,0.00,1.613,0
0.00,0.00,0.00,0.0000,0.0000,0.0000,0.0000,0.00,0.00,0.00,0.00,0.00,0.00,0.00,2,0.20,0.0000,0.0000,2,0.876,0.000,0.00,0.00,1.613,0
phase1 acc_mag=0.000 gravity=0.000 motion=0.000 moving_avg=0.000 rms=nan mean_rms=nan max_rms=-1000000.000 min_rms=1000000.000 std=nan var=nan state=standing thr=0.080/0.350/0.850
0.00,0.00,0.00,0.0000,0.0000,0.0000,0.0000,0.00,0.00,0.00,0.00,0.00,0.00,0.00,2,0.20,0.0000,0.0000,2,0.876,0.000,0.00,0.00,1.613,0
0.00,0.00,0.00,0.0000,0.0000,0.0000,0.0000,0.00,0.00,0.00,0.00,0.00,0.00,0.00,2,0.20,0.0000,0.0000,2,0.876,0.000,0.00,0.00,1.613,0
0.00,0.00,0.00,0.0000,0.0000,0.0000,0.0000,0.00,0.00,0.00,0.00,0.00,0.00,0.00,2,0.20,0.0000,0.0000,2,0.876,0.000,0.00,0.00,1.613,0
0.00,0.00,0.00,0.0000,0.0000,0.0000,0.0000,0.00,0.00,0.00,0.00,0.00,0.00,0.00,2,0.20,0.0000,0.0000,2,0.876,0.000,0.00,0.00,1.613,0
phase1 acc_mag=0.000 gravity=0.000 motion=0.000 moving_avg=0.000 rms=nan mean_rms=nan max_rms=-1000000.000 min_rms=1000000.000 std=nan var=nan state=standing thr=0.080/0.350/0.850
0.00,0.00,0.00,0.0000,0.0000,0.0000,0.0000,0.00,0.00,0.00,0.00,0.00,0.00,0.00,2,0.20,0.0000,0.0000,2,0.876,0.000,0.00,0.00,1.613,0
0.00,0.00,0.00,0.0000,0.0000,0.0000,0.0000,0.00,0.00,0.00,0.00,0.00,0.00,0.00,2,0.20,0.0000,0.0000,2,0.876,0.000,0.00,0.00,1.613,0
0.00,0.00,0.00,0.0000,0.0000,0.0000,0.0000,0.00,0.00,0.00,0.00,0.00,0.00,0.00,2,0.20,0.0000,0.0000,2,0.876,0.000,0.00,0.00,1.613,0
0.00,0.00,0.00,0.0000,0.0000,0.0000,0.0000,0.00,0.00,0.00,0.00,0.00,0.00,0.00,2,0.20,0.0000,0.0000,2,0.876,0.000,0.00,0.00,1.613,0
phase1 acc_mag=0.000 gravity=0.000 motion=0.000 moving_avg=0.000 rms=nan mean_rms=nan max_rms=-1000000.000 min_rms=1000000.000 std=nan var=nan state=standing thr=0.080/0.350/0.850
0.00,0.00,0.00,0.0000,0.0000,0.0000,0.0000,0.00,0.00,0.00,0.00,0.00,0.00,0.00,2,0.20,0.0000,0.0000,2,0.876,0.000,0.00,0.00,1.613,0
0.00,0.00,0.00,0.0000,0.0000,0.0000,0.0000,0.00,0.00,0.00,0.00,0.00,0.00,0.00,2,0.20,0.0000,0.0000,2,0.876,0.000,0.00,0.00,1.613,0
0.00,0.00,0.00,0.0000,0.0000,0.0000,0.0000,0.00,0.00,0.00,0.00,0.00,0.00,0.00,2,0.20,0.0000,0.0000,2,0.876,0.000,0.00,0.00,1.613,0
0.00,0.00,0.00,0.0000,0.0000,0.0000,0.0000,0.00,0.00,0.00,0.00,0.00,0.00,0.00,2,0.20,0.0000,0.0000,2,0.876,0.000,0.00,0.00,1.613,0
phase1 acc_mag=0.000 gravity=0.000 motion=0.000 moving_avg=0.000 rms=nan mean_rms=nan max_rms=-1000000.000 min_rms=1000000.000 std=nan var=nan state=standing thr=0.080/0.350/0.850
0.00,0.00,0.00,0.0000,0.0000,0.0000,0.0000,0.00,0.00,0.00,0.00,0.00,0.00,0.00,2,0.20,0.0000,0.0000,2,0.876,0.000,0.00,0.00,1.613,0
0.00,0.00,0.00,0.0000,0.0000,0.0000,0.0000,0.00,0.00,0.00,0.00,0.00,0.00,0.00,2,0.20,0.0000,0.0000,2,0.876,0.000,0.00,0.00,1.613,0
0.00,0.00,0.00,0.0000,0.0000,0.0000,0.0000,0.00,0.00,0.00,0.00,0.00,0.00,0.00,2,0.20,0.0000,0.0000,2,0.876,0.000,0.00,0.00,1.613,0
0.00,0.00,0.00,0.0000,0.0000,0.0000,0.0000,0.00,0.00,0.00,0.00,0.00,0.00,0.00,2,0.20,0.0000,0.0000,2,0.876,0.000,0.00,0.00,1.613,0
phase1 acc_mag=0.000 gravity=0.000 motion=0.000 moving_avg=0.000 rms=nan mean_rms=nan max_rms=-1000000.000 min_rms=1000000.000 std=nan var=nan state=standing thr=0.080/0.350/0.850
0.00,0.00,0.00,0.0000,0.0000,0.0000,0.0000,0.00,0.00,0.00,0.00,0.00,0.00,0.00,2,0.20,0.0000,0.0000,2,0.876,0.000,0.00,0.00,1.613,0
0.00,0.00,0.00,0.0000,0.0000,0.0000,0.0000,0.00,0.00,0.00,0.00,0.00,0.00,0.00,2,0.20,0.0000,0.0000,2,0.876,0.000,0.00,0.00,1.613,0
0.00,0.00,0.00,0.0000,0.0000,0.0000,0.0000,0.00,0.00,0.00,0.00,0.00,0.00,0.00,2,0.20,0.0000,0.0000,2,0.876,0.000,0.00,0.00,1.613,0
0.00,0.00,0.00,0.0000,0.0000,0.0000,0.0000,0.00,0.00,0.00,0.00,0.00,0.00,0.00,2,0.20,0.0000,0.0000,2,0.876,0.000,0.00,0.00,1.613,0
phase1 acc_mag=0.000 gravity=0.000 motion=0.000 moving_avg=0.000 rms=nan mean_rms=nan max_rms=-1000000.000 min_rms=1000000.000 std=nan var=nan state=standing thr=0.080/0.350/0.850
0.00,0.00,0.00,0.0000,0.0000,0.0000,0.0000,0.00,0.00,0.00,0.00,0.00,0.00,0.00,2,0.20,0.0000,0.0000,2,0.876,0.000,0.00,0.00,1.613,0
0.00,0.00,0.00,0.0000,0.0000,0.0000,0.0000,0.00,0.00,0.00,0.00,0.00,0.00,0.00,2,0.20,0.0000,0.0000,2,0.876,0.000,0.00,0.00,1.613,0
0.00,0.00,0.00,0.0000,0.0000,0.0000,0.0000,0.00,0.00,0.00,0.00,0.00,0.00,0.00,2,0.20,0.0000,0.0000,2,0.876,0.000,0.00,0.00,1.613,0
0.00,0.00,0.00,0.0000,0.0000,0.0000,0.0000,0.00,0.00,0.00,0.00,0.00,0.00,0.00,2,0.20,0.0000,0.0000,2,0.876,0.000,0.00,0.00,1.613,0
phase1 acc_mag=0.000 gravity=0.000 motion=0.000 moving_avg=0.000 rms=nan mean_rms=nan max_rms=-1000000.000 min_rms=1000000.000 std=nan var=nan state=standing thr=0.080/0.350/0.850
0.00,0.00,0.00,0.0000,0.0000,0.0000,0.0000,0.00,0.00,0.00,0.00,0.00,0.00,0.00,2,0.20,0.0000,0.0000,2,0.876,0.000,0.00,0.00,1.613,0
0.00,0.00,0.00,0.0000,0.0000,0.0000,0.0000,0.00,0.00,0.00,0.00,0.00,0.00,0.00,2,0.20,0.0000,0.0000,2,0.876,0.000,0.00,0.00,1.613,0
0.00,0.00,0.00,0.0000,0.0000,0.0000,0.0000,0.00,0.00,0.00,0.00,0.00,0.00,0.00,2,0.20,0.0000,0.0000,2,0.876,0.000,0.00,0.00,1.613,0
0.00,0.00,0.00,0.0000,0.0000,0.0000,0.0000,0.00,0.00,0.00,0.00,0.00,0.00,0.00,2,0.20,0.0000,0.0000,2,0.876,0.000,0.00,0.00,1.613,0
phase1 acc_mag=0.000 gravity=0.000 motion=0.000 moving_avg=0.000 rms=nan mean_rms=nan max_rms=-1000000.000 min_rms=1000000.000 std=nan var=nan state=standing thr=0.080/0.350/0.850
0.00,0.00,0.00,0.0000,0.0000,0.0000,0.0000,0.00,0.00,0.00,0.00,0.00,0.00,0.00,2,0.20,0.0000,0.0000,2,0.876,0.000,0.00,0.00,1.613,0
0.00,0.00,0.00,0.0000,0.0000,0.0000,0.0000,0.00,0.00,0.00,0.00,0.00,0.00,0.00,2,0.20,0.0000,0.0000,2,0.876,0.000,0.00,0.00,1.613,0
0.00,0.00,0.00,0.0000,0.0000,0.0000,0.0000,0.00,0.00,0.00,0.00,0.00,0.00,0.00,2,0.20,0.0000,0.0000,2,0.876,0.000,0.00,0.00,1.613,0
0.00,0.00,0.00,0.0000,0.0000,0.0000,0.0000,0.00,0.00,0.00,0.00,0.00,0.00,0.00,2,0.20,0.0000,0.0000,2,0.876,0.000,0.00,0.00,1.613,0
phase1 acc_mag=0.000 gravity=0.000 motion=0.000 moving_avg=0.000 rms=nan mean_rms=nan max_rms=-1000000.000 min_rms=1000000.000 std=nan var=nan state=standing thr=0.080/0.350/0.850
0.00,0.00,0.00,0.0000,0.0000,0.0000,0.0000,0.00,0.00,0.00,0.00,0.00,0.00,0.00,2,0.20,0.0000,0.0000,2,0.876,0.000,0.00,0.00,1.613,0
0.00,0.00,0.00,0.0000,0.0000,0.0000,0.0000,0.00,0.00,0.00,0.00,0.00,0.00,0.00,2,0.20,0.0000,0.0000,2,0.876,0.000,0.00,0.00,1.613,0
0.00,0.00,0.00,0.0000,0.0000,0.0000,0.0000,0.00,0.00,0.00,0.00,0.00,0.00,0.00,2,0.20,0.0000,0.0000,2,0.876,0.000,0.00,0.00,1.613,0
0.00,0.00,0.00,0.0000,0.0000,0.0000,0.0000,0.00,0.00,0.00,0.00,0.00,0.00,0.00,2,0.20,0.0000,0.0000,2,0.876,0.000,0.00,0.00,1.613,0
phase1 acc_mag=0.000 gravity=0.000 motion=0.000 moving_avg=0.000 rms=nan mean_rms=nan max_rms=-1000000.000 min_rms=1000000.000 std=nan var=nan state=standing thr=0.080/0.350/0.850
0.00,0.00,0.00,0.0000,0.0000,0.0000,0.0000,0.00,0.00,0.00,0.00,0.00,0.00,0.00,2,0.20,0.0000,0.0000,2,0.876,0.000,0.00,0.00,1.613,0
0.00,0.00,0.00,0.0000,0.0000,0.0000,0.0000,0.00,0.00,0.00,0.00,0.00,0.00,0.00,2,0.20,0.0000,0.0000,2,0.876,0.000,0.00,0.00,1.613,0
0.00,0.00,0.00,0.0000,0.0000,0.0000,0.0000,0.00,0.00,0.00,0.00,0.00,0.00,0.00,2,0.20,0.0000,0.0000,2,0.876,0.000,0.00,0.00,1.613,0
0.00,0.00,0.00,0.0000,0.0000,0.0000,0.0000,0.00,0.00,0.00,0.00,0.00,0.00,0.00,2,0.20,0.0000,0.0000,2,0.876,0.000,0.00,0.00,1.613,0
phase1 acc_mag=0.000 gravity=0.000 motion=0.000 moving_avg=0.000 rms=nan mean_rms=nan max_rms=-1000000.000 min_rms=1000000.000 std=nan var=nan state=standing thr=0.080/0.350/0.850
0.00,0.00,0.00,0.0000,0.0000,0.0000,0.0000,0.00,0.00,0.00,0.00,0.00,0.00,0.00,2,0.20,0.0000,0.0000,2,0.876,0.000,0.00,0.00,1.613,0
0.00,0.00,0.00,0.0000,0.0000,0.0000,0.0000,0.00,0.00,0.00,0.00,0.00,0.00,0.00,2,0.20,0.0000,0.0000,2,0.876,0.000,0.00,0.00,1.613,0
0.00,0.00,0.00,0.0000,0.0000,0.0000,0.0000,0.00,0.00,0.00,0.00,0.00,0.00,0.00,2,0.20,0.0000,0.0000,2,0.876,0.000,0.00,0.00,1.613,0
0.00,0.00,0.00,0.0000,0.0000,0.0000,0.0000,0.00,0.00,0.00,0.00,0.00,0.00,0.00,2,0.20,0.0000,0.0000,2,0.876,0.000,0.00,0.00,1.613,0
phase1 acc_mag=0.000 gravity=0.000 motion=0.000 moving_avg=0.000 rms=nan mean_rms=nan max_rms=-1000000.000 min_rms=1000000.000 std=nan var=nan state=standing thr=0.080/0.350/0.850
0.00,0.00,0.00,0.0000,0.0000,0.0000,0.0000,0.00,0.00,0.00,0.00,0.00,0.00,0.00,2,0.20,0.0000,0.0000,2,0.876,0.000,0.00,0.00,1.613,0
0.00,0.00,0.00,0.0000,0.0000,0.0000,0.0000,0.00,0.00,0.00,0.00,0.00,0.00,0.00,2,0.20,0.0000,0.0000,2,0.876,0.000,0.00,0.00,1.613,0
0.00,0.00,0.00,0.0000,0.0000,0.0000,0.0000,0.00,0.00,0.00,0.00,0.00,0.00,0.00,2,0.20,0.0000,0.0000,2,0.876,0.000,0.00,0.00,1.613,0
0.00,0.00,0.00,0.0000,0.0000,0.0000,0.0000,0.00,0.00,0.00,0.00,0.00,0.00,0.00,2,0.20,0.0000,0.0000,2,0.876,0.000,0.00,0.00,1.613,0
phase1 acc_mag=0.000 gravity=0.000 motion=0.000 moving_avg=0.000 rms=nan mean_rms=nan max_rms=-1000000.000 min_rms=1000000.000 std=nan var=nan state=standing thr=0.080/0.350/0.850
0.00,0.00,0.00,0.0000,0.0000,0.0000,0.0000,0.00,0.00,0.00,0.00,0.00,0.00,0.00,2,0.20,0.0000,0.0000,2,0.876,0.000,0.00,0.00,1.613,0
0.00,0.00,0.00,0.0000,0.0000,0.0000,0.0000,0.00,0.00,0.00,0.00,0.00,0.00,0.00,2,0.20,0.0000,0.0000,2,0.876,0.000,0.00,0.00,1.613,0
0.00,0.00,0.00,0.0000,0.0000,0.0000,0.0000,0.00,0.00,0.00,0.00,0.00,0.00,0.00,2,0.20,0.0000,0.0000,2,0.876,0.000,0.00,0.00,1.613,0
0.00,0.00,0.00,0.0000,0.0000,0.0000,0.0000,0.00,0.00,0.00,0.00,0.00,0.00,0.00,2,0.20,0.0000,0.0000,2,0.876,0.000,0.00,0.00,1.613,0
phase1 acc_mag=0.000 gravity=0.000 motion=0.000 moving_avg=0.000 rms=nan mean_rms=nan max_rms=-1000000.000 min_rms=1000000.000 std=nan var=nan state=standing thr=0.080/0.350/0.850
0.00,0.00,0.00,0.0000,0.0000,0.0000,0.0000,0.00,0.00,0.00,0.00,0.00,0.00,0.00,2,0.20,0.0000,0.0000,2,0.876,0.000,0.00,0.00,1.613,0
0.00,0.00,0.00,0.0000,0.0000,0.0000,0.0000,0.00,0.00,0.00,0.00,0.00,0.00,0.00,2,0.20,0.0000,0.0000,2,0.876,0.000,0.00,0.00,1.613,0
0.00,0.00,0.00,0.0000,0.0000,0.0000,0.0000,0.00,0.00,0.00,0.00,0.00,0.00,0.00,2,0.20,0.0000,0.0000,2,0.876,0.000,0.00,0.00,1.613,0
0.00,0.00,0.00,0.0000,0.0000,0.0000,0.0000,0.00,0.00,0.00,0.00,0.00,0.00,0.00,2,0.20,0.0000,0.0000,2,0.876,0.000,0.00,0.00,1.613,0
phase1 acc_mag=0.000 gravity=0.000 motion=0.000 moving_avg=0.000 rms=nan mean_rms=nan max_rms=-1000000.000 min_rms=1000000.000 std=nan var=nan state=standing thr=0.080/0.350/0.850
0.00,0.00,0.00,0.0000,0.0000,0.0000,0.0000,0.00,0.00,0.00,0.00,0.00,0.00,0.00,2,0.20,0.0000,0.0000,2,0.876,0.000,0.00,0.00,1.613,0
0.00,0.00,0.00,0.0000,0.0000,0.0000,0.0000,0.00,0.00,0.00,0.00,0.00,0.00,0.00,2,0.20,0.0000,0.0000,2,0.876,0.000,0.00,0.00,1.613,0
0.00,0.00,0.00,0.0000,0.0000,0.0000,0.0000,0.00,0.00,0.00,0.00,0.00,0.00,0.00,2,0.20,0.0000,0.0000,2,0.876,0.000,0.00,0.00,1.613,0
0.00,0.00,0.00,0.0000,0.0000,0.0000,0.0000,0.00,0.00,0.00,0.00,0.00,0.00,0.00,2,0.20,0.0000,0.0000,2,0.876,0.000,0.00,0.00,1.613,0
phase1 acc_mag=0.000 gravity=0.000 motion=0.000 moving_avg=0.000 rms=nan mean_rms=nan max_rms=-1000000.000 min_rms=1000000.000 std=nan var=nan state=standing thr=0.080/0.350/0.850
0.00,0.00,0.00,0.0000,0.0000,0.0000,0.0000,0.00,0.00,0.00,0.00,0.00,0.00,0.00,2,0.20,0.0000,0.0000,2,0.876,0.000,0.00,0.00,1.613,0
0.00,0.00,0.00,0.0000,0.0000,0.0000,0.0000,0.00,0.00,0.00,0.00,0.00,0.00,0.00,2,0.20,0.0000,0.0000,2,0.876,0.000,0.00,0.00,1.613,0
0.00,0.00,0.00,0.0000,0.0000,0.0000,0.0000,0.00,0.00,0.00,0.00,0.00,0.00,0.00,2,0.20,0.0000,0.0000,2,0.876,0.000,0.00,0.00,1.613,0
0.00,0.00,0.00,0.0000,0.0000,0.0000,0.0000,0.00,0.00,0.00,0.00,0.00,0.00,0.00,2,0.20,0.0000,0.0000,2,0.876,0.000,0.00,0.00,1.613,0
phase1 acc_mag=0.000 gravity=0.000 motion=0.000 moving_avg=0.000 rms=nan mean_rms=nan max_rms=-1000000.000 min_rms=1000000.000 std=nan var=nan state=standing thr=0.080/0.350/0.850
0.00,0.00,0.00,0.0000,0.0000,0.0000,0.0000,0.00,0.00,0.00,0.00,0.00,0.00,0.00,2,0.20,0.0000,0.0000,2,0.876,0.000,0.00,0.00,1.613,0
0.00,0.00,0.00,0.0000,0.0000,0.0000,0.0000,0.00,0.00,0.00,0.00,0.00,0.00,0.00,2,0.20,0.0000,0.0000,2,0.876,0.000,0.00,0.00,1.613,0
0.00,0.00,0.00,0.0000,0.0000,0.0000,0.0000,0.00,0.00,0.00,0.00,0.00,0.00,0.00,2,0.20,0.0000,0.0000,2,0.876,0.000,0.00,0.00,1.613,0
0.00,0.00,0.00,0.0000,0.0000,0.0000,0.0000,0.00,0.00,0.00,0.00,0.00,0.00,0.00,2,0.20,0.0000,0.0000,2,0.876,0.000,0.00,0.00,1.613,0
phase1 acc_mag=0.000 gravity=0.000 motion=0.000 moving_avg=0.000 rms=nan mean_rms=nan max_rms=-1000000.000 min_rms=1000000.000 std=nan var=nan state=standing thr=0.080/0.350/0.850
0.00,0.00,0.00,0.0000,0.0000,0.0000,0.0000,0.00,0.00,0.00,0.00,0.00,0.00,0.00,2,0.20,0.0000,0.0000,2,0.876,0.000,0.00,0.00,1.613,0
0.00,0.00,0.00,0.0000,0.0000,0.0000,0.0000,0.00,0.00,0.00,0.00,0.00,0.00,0.00,2,0.20,0.0000,0.0000,2,0.876,0.000,0.00,0.00,1.613,0
0.00,0.00,0.00,0.0000,0.0000,0.0000,0.0000,0.00,0.00,0.00,0.00,0.00,0.00,0.00,2,0.20,0.0000,0.0000,2,0.876,0.000,0.00,0.00,1.613,0
0.00,0.00,0.00,0.0000,0.0000,0.0000,0.0000,0.00,0.00,0.00,0.00,0.00,0.00,0.00,2,0.20,0.0000,0.0000,2,0.876,0.000,0.00,0.00,1.613,0
phase1 acc_mag=0.000 gravity=0.000 motion=0.000 moving_avg=0.000 rms=nan mean_rms=nan max_rms=-1000000.000 min_rms=1000000.000 std=nan var=nan state=standing thr=0.080/0.350/0.850
0.00,0.00,0.00,0.0000,0.0000,0.0000,0.0000,0.00,0.00,0.00,0.00,0.00,0.00,0.00,2,0.20,0.0000,0.0000,2,0.876,0.000,0.00,0.00,1.613,0
0.00,0.00,0.00,0.0000,0.0000,0.0000,0.0000,0.00,0.00,0.00,0.00,0.00,0.00,0.00,2,0.20,0.0000,0.0000,2,0.876,0.000,0.00,0.00,1.613,0
0.00,0.00,0.00,0.0000,0.0000,0.0000,0.0000,0.00,0.00,0.00,0.00,0.00,0.00,0.00,2,0.20,0.0000,0.0000,2,0.876,0.000,0.00,0.00,1.613,0
0.00,0.00,0.00,0.0000,0.0000,0.0000,0.0000,0.00,0.00,0.00,0.00,0.00,0.00,0.00,2,0.20,0.0000,0.0000,2,0.876,0.000,0.00,0.00,1.613,0
phase1 acc_mag=0.000 gravity=0.000 motion=0.000 moving_avg=0.000 rms=nan mean_rms=nan max_rms=-1000000.000 min_rms=1000000.000 std=nan var=nan state=standing thr=0.080/0.350/0.850
0.00,0.00,0.00,0.0000,0.0000,0.0000,0.0000,0.00,0.00,0.00,0.00,0.00,0.00,0.00,2,0.20,0.0000,0.0000,2,0.876,0.000,0.00,0.00,1.613,0
0.00,0.00,0.00,0.0000,0.0000,0.0000,0.0000,0.00,0.00,0.00,0.00,0.00,0.00,0.00,2,0.20,0.0000,0.0000,2,0.876,0.000,0.00,0.00,1.613,0
0.00,0.00,0.00,0.0000,0.0000,0.0000,0.0000,0.00,0.00,0.00,0.00,0.00,0.00,0.00,2,0.20,0.0000,0.0000,2,0.876,0.000,0.00,0.00,1.613,0
0.00,0.00,0.00,0.0000,0.0000,0.0000,0.0000,0.00,0.00,0.00,0.00,0.00,0.00,0.00,2,0.20,0.0000,0.0000,2,0.876,0.000,0.00,0.00,1.613,0
phase1 acc_mag=0.000 gravity=0.000 motion=0.000 moving_avg=0.000 rms=nan mean_rms=nan max_rms=-1000000.000 min_rms=1000000.000 std=nan var=nan state=standing thr=0.080/0.350/0.850
0.00,0.00,0.00,0.0000,0.0000,0.0000,0.0000,0.00,0.00,0.00,0.00,0.00,0.00,0.00,2,0.20,0.0000,0.0000,2,0.876,0.000,0.00,0.00,1.613,0
0.00,0.00,0.00,0.0000,0.0000,0.0000,0.0000,0.00,0.00,0.00,0.00,0.00,0.00,0.00,2,0.20,0.0000,0.0000,2,0.876,0.000,0.00,0.00,1.613,0
0.00,0.00,0.00,0.0000,0.0000,0.0000,0.0000,0.00,0.00,0.00,0.00,0.00,0.00,0.00,2,0.20,0.0000,0.0000,2,0.876,0.000,0.00,0.00,1.613,0
0.00,0.00,0.00,0.0000,0.0000,0.0000,0.0000,0.00,0.00,0.00,0.00,0.00,0.00,0.00,2,0.20,0.0000,0.0000,2,0.876,0.000,0.00,0.00,1.613,0
phase1 acc_mag=0.000 gravity=0.000 motion=0.000 moving_avg=0.000 rms=nan mean_rms=nan max_rms=-1000000.000 min_rms=1000000.000 std=nan var=nan state=standing thr=0.080/0.350/0.850
0.00,0.00,0.00,0.0000,0.0000,0.0000,0.0000,0.00,0.00,0.00,0.00,0.00,0.00,0.00,2,0.20,0.0000,0.0000,2,0.876,0.000,0.00,0.00,1.613,0
0.00,0.00,0.00,0.0000,0.0000,0.0000,0.0000,0.00,0.00,0.00,0.00,0.00,0.00,0.00,2,0.20,0.0000,0.0000,2,0.876,0.000,0.00,0.00,1.613,0
0.00,0.00,0.00,0.0000,0.0000,0.0000,0.0000,0.00,0.00,0.00,0.00,0.00,0.00,0.00,2,0.20,0.0000,0.0000,2,0.876,0.000,0.00,0.00,1.613,0
0.00,0.00,0.00,0.0000,0.0000,0.0000,0.0000,0.00,0.00,0.00,0.00,0.00,0.00,0.00,2,0.20,0.0000,0.0000,2,0.876,0.000,0.00,0.00,1.613,0
phase1 acc_mag=0.000 gravity=0.000 motion=0.000 moving_avg=0.000 rms=nan mean_rms=nan max_rms=-1000000.000 min_rms=1000000.000 std=nan var=nan state=standing thr=0.080/0.350/0.850
0.00,0.00,0.00,0.0000,0.0000,0.0000,0.0000,0.00,0.00,0.00,0.00,0.00,0.00,0.00,2,0.20,0.0000,0.0000,2,0.876,0.000,0.00,0.00,1.613,0
0.00,0.00,0.00,0.0000,0.0000,0.0000,0.0000,0.00,0.00,0.00,0.00,0.00,0.00,0.00,2,0.20,0.0000,0.0000,2,0.876,0.000,0.00,0.00,1.613,0
0.00,0.00,0.00,0.0000,0.0000,0.0000,0.0000,0.00,0.00,0.00,0.00,0.00,0.00,0.00,2,0.20,0.0000,0.0000,2,0.876,0.000,0.00,0.00,1.613,0
0.00,0.00,0.00,0.0000,0.0000,0.0000,0.0000,0.00,0.00,0.00,0.00,0.00,0.00,0.00,2,0.20,0.0000,0.0000,2,0.876,0.000,0.00,0.00,1.613,0
phase1 acc_mag=0.000 gravity=0.000 motion=0.000 moving_avg=0.000 rms=nan mean_rms=nan max_rms=-1000000.000 min_rms=1000000.000 std=nan var=nan state=standing thr=0.080/0.350/0.850
0.00,0.00,0.00,0.0000,0.0000,0.0000,0.0000,0.00,0.00,0.00,0.00,0.00,0.00,0.00,2,0.20,0.0000,0.0000,2,0.876,0.000,0.00,0.00,1.613,0
0.00,0.00,0.00,0.0000,0.0000,0.0000,0.0000,0.00,0.00,0.00,0.00,0.00,0.00,0.00,2,0.20,0.0000,0.0000,2,0.876,0.000,0.00,0.00,1.613,0
0.00,0.00,0.00,0.0000,0.0000,0.0000,0.0000,0.00,0.00,0.00,0.00,0.00,0.00,0.00,2,0.20,0.0000,0.0000,2,0.876,0.000,0.00,0.00,1.613,0
0.00,0.00,0.00,0.0000,0.0000,0.0000,0.0000,0.00,0.00,0.00,0.00,0.00,0.00,0.00,2,0.20,0.0000,0.0000,2,0.876,0.000,0.00,0.00,1.613,0
phase1 acc_mag=0.000 gravity=0.000 motion=0.000 moving_avg=0.000 rms=nan mean_rms=nan max_rms=-1000000.000 min_rms=1000000.000 std=nan var=nan state=standing thr=0.080/0.350/0.850
0.00,0.00,0.00,0.0000,0.0000,0.0000,0.0000,0.00,0.00,0.00,0.00,0.00,0.00,0.00,2,0.20,0.0000,0.0000,2,0.876,0.000,0.00,0.00,1.613,0
0.00,0.00,0.00,0.0000,0.0000,0.0000,0.0000,0.00,0.00,0.00,0.00,0.00,0.00,0.00,2,0.20,0.0000,0.0000,2,0.876,0.000,0.00,0.00,1.613,0
0.00,0.00,0.00,0.0000,0.0000,0.0000,0.0000,0.00,0.00,0.00,0.00,0.00,0.00,0.00,2,0.20,0.0000,0.0000,2,0.876,0.000,0.00,0.00,1.613,0
0.00,0.00,0.00,0.0000,0.0000,0.0000,0.0000,0.00,0.00,0.00,0.00,0.00,0.00,0.00,2,0.20,0.0000,0.0000,2,0.876,0.000,0.00,0.00,1.613,0
phase1 acc_mag=0.000 gravity=0.000 motion=0.000 moving_avg=0.000 rms=nan mean_rms=nan max_rms=-1000000.000 min_rms=1000000.000 std=nan var=nan state=standing thr=0.080/0.350/0.850
0.00,0.00,0.00,0.0000,0.0000,0.0000,0.0000,0.00,0.00,0.00,0.00,0.00,0.00,0.00,2,0.20,0.0000,0.0000,2,0.876,0.000,0.00,0.00,1.613,0
0.00,0.00,0.00,0.0000,0.0000,0.0000,0.0000,0.00,0.00,0.00,0.00,0.00,0.00,0.00,2,0.20,0.0000,0.0000,2,0.876,0.000,0.00,0.00,1.613,0
0.00,0.00,0.00,0.0000,0.0000,0.0000,0.0000,0.00,0.00,0.00,0.00,0.00,0.00,0.00,2,0.20,0.0000,0.0000,2,0.876,0.000,0.00,0.00,1.613,0
0.00,0.00,0.00,0.0000,0.0000,0.0000,0.0000,0.00,0.00,0.00,0.00,0.00,0.00,0.00,2,0.20,0.0000,0.0000,2,0.876,0.000,0.00,0.00,1.613,0
phase1 acc_mag=0.000 gravity=0.000 motion=0.000 moving_avg=0.000 rms=nan mean_rms=nan max_rms=-1000000.000 min_rms=1000000.000 std=nan var=nan state=standing thr=0.080/0.350/0.850
0.00,0.00,0.00,0.0000,0.0000,0.0000,0.0000,0.00,0.00,0.00,0.00,0.00,0.00,0.00,2,0.20,0.0000,0.0000,2,0.876,0.000,0.00,0.00,1.613,0
0.00,0.00,0.00,0.0000,0.0000,0.0000,0.0000,0.00,0.00,0.00,0.00,0.00,0.00,0.00,2,0.20,0.0000,0.0000,2,0.876,0.000,0.00,0.00,1.613,0
0.00,0.00,0.00,0.0000,0.0000,0.0000,0.0000,0.00,0.00,0.00,0.00,0.00,0.00,0.00,2,0.20,0.0000,0.0000,2,0.876,0.000,0.00,0.00,1.613,0
0.00,0.00,0.00,0.0000,0.0000,0.0000,0.0000,0.00,0.00,0.00,0.00,0.00,0.00,0.00,2,0.20,0.0000,0.0000,2,0.876,0.000,0.00,0.00,1.613,0
phase1 acc_mag=0.000 gravity=0.000 motion=0.000 moving_avg=0.000 rms=nan mean_rms=nan max_rms=-1000000.000 min_rms=1000000.000 std=nan var=nan state=standing thr=0.080/0.350/0.850
0.00,0.00,0.00,0.0000,0.0000,0.0000,0.0000,0.00,0.00,0.00,0.00,0.00,0.00,0.00,2,0.20,0.0000,0.0000,2,0.876,0.000,0.00,0.00,1.613,0
0.00,0.00,0.00,0.0000,0.0000,0.0000,0.0000,0.00,0.00,0.00,0.00,0.00,0.00,0.00,2,0.20,0.0000,0.0000,2,0.876,0.000,0.00,0.00,1.613,0
0.00,0.00,0.00,0.0000,0.0000,0.0000,0.0000,0.00,0.00,0.00,0.00,0.00,0.00,0.00,2,0.20,0.0000,0.0000,2,0.876,0.000,0.00,0.00,1.613,0
0.00,0.00,0.00,0.0000,0.0000,0.0000,0.0000,0.00,0.00,0.00,0.00,0.00,0.00,0.00,2,0.20,0.0000,0.0000,2,0.876,0.000,0.00,0.00,1.613,0
phase1 acc_mag=0.000 gravity=0.000 motion=0.000 moving_avg=0.000 rms=nan mean_rms=nan max_rms=-1000000.000 min_rms=1000000.000 std=nan var=nan state=standing thr=0.080/0.350/0.850
0.00,0.00,0.00,0.0000,0.0000,0.0000,0.0000,0.00,0.00,0.00,0.00,0.00,0.00,0.00,2,0.20,0.0000,0.0000,2,0.876,0.000,0.00,0.00,1.613,0
0.00,0.00,0.00,0.0000,0.0000,0.0000,0.0000,0.00,0.00,0.00,0.00,0.00,0.00,0.00,2,0.20,0.0000,0.0000,2,0.876,0.000,0.00,0.00,1.613,0
0.00,0.00,0.00,0.0000,0.0000,0.0000,0.0000,0.00,0.00,0.00,0.00,0.00,0.00,0.00,2,0.20,0.0000,0.0000,2,0.876,0.000,0.00,0.00,1.613,0
0.00,0.00,0.00,0.0000,0.0000,0.0000,0.0000,0.00,0.00,0.00,0.00,0.00,0.00,0.00,2,0.20,0.0000,0.0000,2,0.876,0.000,0.00,0.00,1.613,0
phase1 acc_mag=0.000 gravity=0.000 motion=0.000 moving_avg=0.000 rms=nan mean_rms=nan max_rms=-1000000.000 min_rms=1000000.000 std=nan var=nan state=standing thr=0.080/0.350/0.850
0.00,0.00,0.00,0.0000,0.0000,0.0000,0.0000,0.00,0.00,0.00,0.00,0.00,0.00,0.00,2,0.20,0.0000,0.0000,2,0.876,0.000,0.00,0.00,1.613,0
0.00,0.00,0.00,0.0000,0.0000,0.0000,0.0000,0.00,0.00,0.00,0.00,0.00,0.00,0.00,2,0.20,0.0000,0.0000,2,0.876,0.000,0.00,0.00,1.613,0
0.00,0.00,0.00,0.0000,0.0000,0.0000,0.0000,0.00,0.00,0.00,0.00,0.00,0.00,0.00,2,0.20,0.0000,0.0000,2,0.876,0.000,0.00,0.00,1.613,0
0.00,0.00,0.00,0.0000,0.0000,0.0000,0.0000,0.00,0.00,0.00,0.00,0.00,0.00,0.00,2,0.20,0.0000,0.0000,2,0.876,0.000,0.00,0.00,1.613,0
phase1 acc_mag=0.000 gravity=0.000 motion=0.000 moving_avg=0.000 rms=nan mean_rms=nan max_rms=-1000000.000 min_rms=1000000.000 std=nan var=nan state=standing thr=0.080/0.350/0.850
0.00,0.00,0.00,0.0000,0.0000,0.0000,0.0000,0.00,0.00,0.00,0.00,0.00,0.00,0.00,2,0.20,0.0000,0.0000,2,0.876,0.000,0.00,0.00,1.613,0
0.00,0.00,0.00,0.0000,0.0000,0.0000,0.0000,0.00,0.00,0.00,0.00,0.00,0.00,0.00,2,0.20,0.0000,0.0000,2,0.876,0.000,0.00,0.00,1.613,0
0.00,0.00,0.00,0.0000,0.0000,0.0000,0.0000,0.00,0.00,0.00,0.00,0.00,0.00,0.00,2,0.20,0.0000,0.0000,2,0.876,0.000,0.00,0.00,1.613,0
0.00,0.00,0.00,0.0000,0.0000,0.0000,0.0000,0.00,0.00,0.00,0.00,0.00,0.00,0.00,2,0.20,0.0000,0.0000,2,0.876,0.000,0.00,0.00,1.613,0
phase1 acc_mag=0.000 gravity=0.000 motion=0.000 moving_avg=0.000 rms=nan mean_rms=nan max_rms=-1000000.000 min_rms=1000000.000 std=nan var=nan state=standing thr=0.080/0.350/0.850
0.00,0.00,0.00,0.0000,0.0000,0.0000,0.0000,0.00,0.00,0.00,0.00,0.00,0.00,0.00,2,0.20,0.0000,0.0000,2,0.876,0.000,0.00,0.00,1.613,0
0.00,0.00,0.00,0.0000,0.0000,0.0000,0.0000,0.00,0.00,0.00,0.00,0.00,0.00,0.00,2,0.20,0.0000,0.0000,2,0.876,0.000,0.00,0.00,1.613,0
0.00,0.00,0.00,0.0000,0.0000,0.0000,0.0000,0.00,0.00,0.00,0.00,0.00,0.00,0.00,2,0.20,0.0000,0.0000,2,0.876,0.000,0.00,0.00,1.613,0
0.00,0.00,0.00,0.0000,0.0000,0.0000,0.0000,0.00,0.00,0.00,0.00,0.00,0.00,0.00,2,0.20,0.0000,0.0000,2,0.876,0.000,0.00,0.00,1.613,0
phase1 acc_mag=0.000 gravity=0.000 motion=0.000 moving_avg=0.000 rms=nan mean_rms=nan max_rms=-1000000.000 min_rms=1000000.000 std=nan var=nan state=standing thr=0.080/0.350/0.850
0.00,0.00,0.00,0.0000,0.0000,0.0000,0.0000,0.00,0.00,0.00,0.00,0.00,0.00,0.00,2,0.20,0.0000,0.0000,2,0.876,0.000,0.00,0.00,1.613,0
0.00,0.00,0.00,0.0000,0.0000,0.0000,0.0000,0.00,0.00,0.00,0.00,0.00,0.00,0.00,2,0.20,0.0000,0.0000,2,0.876,0.000,0.00,0.00,1.613,0
0.00,0.00,0.00,0.0000,0.0000,0.0000,0.0000,0.00,0.00,0.00,0.00,0.00,0.00,0.00,2,0.20,0.0000,0.0000,2,0.876,0.000,0.00,0.00,1.613,0
0.00,0.00,0.00,0.0000,0.0000,0.0000,0.0000,0.00,0.00,0.00,0.00,0.00,0.00,0.00,2,0.20,0.0000,0.0000,2,0.876,0.000,0.00,0.00,1.613,0
phase1 acc_mag=0.000 gravity=0.000 motion=0.000 moving_avg=0.000 rms=nan mean_rms=nan max_rms=-1000000.000 min_rms=1000000.000 std=nan var=nan state=standing thr=0.080/0.350/0.850
0.00,0.00,0.00,0.0000,0.0000,0.0000,0.0000,0.00,0.00,0.00,0.00,0.00,0.00,0.00,2,0.20,0.0000,0.0000,2,0.876,0.000,0.00,0.00,1.613,0
0.00,0.00,0.00,0.0000,0.0000,0.0000,0.0000,0.00,0.00,0.00,0.00,0.00,0.00,0.00,2,0.20,0.0000,0.0000,2,0.876,0.000,0.00,0.00,1.613,0
0.00,0.00,0.00,0.0000,0.0000,0.0000,0.0000,0.00,0.00,0.00,0.00,0.00,0.00,0.00,2,0.20,0.0000,0.0000,2,0.876,0.000,0.00,0.00,1.613,0
0.00,0.00,0.00,0.0000,0.0000,0.0000,0.0000,0.00,0.00,0.00,0.00,0.00,0.00,0.00,2,0.20,0.0000,0.0000,2,0.876,0.000,0.00,0.00,1.613,0
phase1 acc_mag=0.000 gravity=0.000 motion=0.000 moving_avg=0.000 rms=nan mean_rms=nan max_rms=-1000000.000 min_rms=1000000.000 std=nan var=nan state=standing thr=0.080/0.350/0.850
0.00,0.00,0.00,0.0000,0.0000,0.0000,0.0000,0.00,0.00,0.00,0.00,0.00,0.00,0.00,2,0.20,0.0000,0.0000,2,0.876,0.000,0.00,0.00,1.613,0
0.00,0.00,0.00,0.0000,0.0000,0.0000,0.0000,0.00,0.00,0.00,0.00,0.00,0.00,0.00,2,0.20,0.0000,0.0000,2,0.876,0.000,0.00,0.00,1.613,0
0.00,0.00,0.00,0.0000,0.0000,0.0000,0.0000,0.00,0.00,0.00,0.00,0.00,0.00,0.00,2,0.20,0.0000,0.0000,2,0.876,0.000,0.00,0.00,1.613,0
0.00,0.00,0.00,0.0000,0.0000,0.0000,0.0000,0.00,0.00,0.00,0.00,0.00,0.00,0.00,2,0.20,0.0000,0.0000,2,0.876,0.000,0.00,0.00,1.613,0
phase1 acc_mag=0.000 gravity=0.000 motion=0.000 moving_avg=0.000 rms=nan mean_rms=nan max_rms=-1000000.000 min_rms=1000000.000 std=nan var=nan state=standing thr=0.080/0.350/0.850
0.00,0.00,0.00,0.0000,0.0000,0.0000,0.0000,0.00,0.00,0.00,0.00,0.00,0.00,0.00,2,0.20,0.0000,0.0000,2,0.876,0.000,0.00,0.00,1.613,0
0.00,0.00,0.00,0.0000,0.0000,0.0000,0.0000,0.00,0.00,0.00,0.00,0.00,0.00,0.00,2,0.20,0.0000,0.0000,2,0.876,0.000,0.00,0.00,1.613,0
0.00,0.00,0.00,0.0000,0.0000,0.0000,0.0000,0.00,0.00,0.00,0.00,0.00,0.00,0.00,2,0.20,0.0000,0.0000,2,0.876,0.000,0.00,0.00,1.613,0
0.00,0.00,0.00,0.0000,0.0000,0.0000,0.0000,0.00,0.00,0.00,0.00,0.00,0.00,0.00,2,0.20,0.0000,0.0000,2,0.876,0.000,0.00,0.00,1.613,0
phase1 acc_mag=0.000 gravity=0.000 motion=0.000 moving_avg=0.000 rms=nan mean_rms=nan max_rms=-1000000.000 min_rms=1000000.000 std=nan var=nan state=standing thr=0.080/0.350/0.850
0.00,0.00,0.00,0.0000,0.0000,0.0000,0.0000,0.00,0.00,0.00,0.00,0.00,0.00,0.00,2,0.20,0.0000,0.0000,2,0.876,0.000,0.00,0.00,1.613,0
0.00,0.00,0.00,0.0000,0.0000,0.0000,0.0000,0.00,0.00,0.00,0.00,0.00,0.00,0.00,2,0.20,0.0000,0.0000,2,0.876,0.000,0.00,0.00,1.613,0
0.00,0.00,0.00,0.0000,0.0000,0.0000,0.0000,0.00,0.00,0.00,0.00,0.00,0.00,0.00,2,0.20,0.0000,0.0000,2,0.876,0.000,0.00,0.00,1.613,0
0.00,0.00,0.00,0.0000,0.0000,0.0000,0.0000,0.00,0.00,0.00,0.00,0.00,0.00,0.00,2,0.20,0.0000,0.0000,2,0.876,0.000,0.00,0.00,1.613,0
phase1 acc_mag=0.000 gravity=0.000 motion=0.000 moving_avg=0.000 rms=nan mean_rms=nan max_rms=-1000000.000 min_rms=1000000.000 std=nan var=nan state=standing thr=0.080/0.350/0.850
0.00,0.00,0.00,0.0000,0.0000,0.0000,0.0000,0.00,0.00,0.00,0.00,0.00,0.00,0.00,2,0.20,0.0000,0.0000,2,0.876,0.000,0.00,0.00,1.613,0
0.00,0.00,0.00,0.0000,0.0000,0.0000,0.0000,0.00,0.00,0.00,0.00,0.00,0.00,0.00,2,0.20,0.0000,0.0000,2,0.876,0.000,0.00,0.00,1.613,0
0.00,0.00,0.00,0.0000,0.0000,0.0000,0.0000,0.00,0.00,0.00,0.00,0.00,0.00,0.00,2,0.20,0.0000,0.0000,2,0.876,0.000,0.00,0.00,1.613,0
0.00,0.00,0.00,0.0000,0.0000,0.0000,0.0000,0.00,0.00,0.00,0.00,0.00,0.00,0.00,2,0.20,0.0000,0.0000,2,0.876,0.000,0.00,0.00,1.613,0
phase1 acc_mag=0.000 gravity=0.000 motion=0.000 moving_avg=0.000 rms=nan mean_rms=nan max_rms=-1000000.000 min_rms=1000000.000 std=nan var=nan state=standing thr=0.080/0.350/0.850
0.00,0.00,0.00,0.0000,0.0000,0.0000,0.0000,0.00,0.00,0.00,0.00,0.00,0.00,0.00,2,0.20,0.0000,0.0000,2,0.876,0.000,0.00,0.00,1.613,0
0.00,0.00,0.00,0.0000,0.0000,0.0000,0.0000,0.00,0.00,0.00,0.00,0.00,0.00,0.00,2,0.20,0.0000,0.0000,2,0.876,0.000,0.00,0.00,1.613,0
0.00,0.00,0.00,0.0000,0.0000,0.0000,0.0000,0.00,0.00,0.00,0.00,0.00,0.00,0.00,2,0.20,0.0000,0.0000,2,0.876,0.000,0.00,0.00,1.613,0
0.00,0.00,0.00,0.0000,0.0000,0.0000,0.0000,0.00,0.00,0.00,0.00,0.00,0.00,0.00,2,0.20,0.0000,0.0000,2,0.876,0.000,0.00,0.00,1.613,0
phase1 acc_mag=0.000 gravity=0.000 motion=0.000 moving_avg=0.000 rms=nan mean_rms=nan max_rms=-1000000.000 min_rms=1000000.000 std=nan var=nan state=standing thr=0.080/0.350/0.850
0.00,0.00,0.00,0.0000,0.0000,0.0000,0.0000,0.00,0.00,0.00,0.00,0.00,0.00,0.00,2,0.20,0.0000,0.0000,2,0.876,0.000,0.00,0.00,1.613,0
0.00,0.00,0.00,0.0000,0.0000,0.0000,0.0000,0.00,0.00,0.00,0.00,0.00,0.00,0.00,2,0.20,0.0000,0.0000,2,0.876,0.000,0.00,0.00,1.613,0
0.00,0.00,0.00,0.0000,0.0000,0.0000,0.0000,0.00,0.00,0.00,0.00,0.00,0.00,0.00,2,0.20,0.0000,0.0000,2,0.876,0.000,0.00,0.00,1.613,0
0.00,0.00,0.00,0.0000,0.0000,0.0000,0.0000,0.00,0.00,0.00,0.00,0.00,0.00,0.00,2,0.20,0.0000,0.0000,2,0.876,0.000,0.00,0.00,1.613,0
phase1 acc_mag=0.000 gravity=0.000 motion=0.000 moving_avg=0.000 rms=nan mean_rms=nan max_rms=-1000000.000 min_rms=1000000.000 std=nan var=nan state=standing thr=0.080/0.350/0.850
0.00,0.00,0.00,0.0000,0.0000,0.0000,0.0000,0.00,0.00,0.00,0.00,0.00,0.00,0.00,2,0.20,0.0000,0.0000,2,0.876,0.000,0.00,0.00,1.613,0
0.00,0.00,0.00,0.0000,0.0000,0.0000,0.0000,0.00,0.00,0.00,0.00,0.00,0.00,0.00,2,0.20,0.0000,0.0000,2,0.876,0.000,0.00,0.00,1.613,0
0.00,0.00,0.00,0.0000,0.0000,0.0000,0.0000,0.00,0.00,0.00,0.00,0.00,0.00,0.00,2,0.20,0.0000,0.0000,2,0.876,0.000,0.00,0.00,1.613,0
0.00,0.00,0.00,0.0000,0.0000,0.0000,0.0000,0.00,0.00,0.00,0.00,0.00,0.00,0.00,2,0.20,0.0000,0.0000,2,0.876,0.000,0.00,0.00,1.613,0
phase1 acc_mag=0.000 gravity=0.000 motion=0.000 moving_avg=0.000 rms=nan mean_rms=nan max_rms=-1000000.000 min_rms=1000000.000 std=nan var=nan state=standing thr=0.080/0.350/0.850
0.00,0.00,0.00,0.0000,0.0000,0.0000,0.0000,0.00,0.00,0.00,0.00,0.00,0.00,0.00,2,0.20,0.0000,0.0000,2,0.876,0.000,0.00,0.00,1.613,0
0.00,0.00,0.00,0.0000,0.0000,0.0000,0.0000,0.00,0.00,0.00,0.00,0.00,0.00,0.00,2,0.20,0.0000,0.0000,2,0.876,0.000,0.00,0.00,1.613,0
0.00,0.00,0.00,0.0000,0.0000,0.0000,0.0000,0.00,0.00,0.00,0.00,0.00,0.00,0.00,2,0.20,0.0000,0.0000,2,0.876,0.000,0.00,0.00,1.613,0
0.00,0.00,0.00,0.0000,0.0000,0.0000,0.0000,0.00,0.00,0.00,0.00,0.00,0.00,0.00,2,0.20,0.0000,0.0000,2,0.876,0.000,0.00,0.00,1.613,0
phase1 acc_mag=0.000 gravity=0.000 motion=0.000 moving_avg=0.000 rms=nan mean_rms=nan max_rms=-1000000.000 min_rms=1000000.000 std=nan var=nan state=standing thr=0.080/0.350/0.850
0.00,0.00,0.00,0.0000,0.0000,0.0000,0.0000,0.00,0.00,0.00,0.00,0.00,0.00,0.00,2,0.20,0.0000,0.0000,2,0.876,0.000,0.00,0.00,1.613,0
0.00,0.00,0.00,0.0000,0.0000,0.0000,0.0000,0.00,0.00,0.00,0.00,0.00,0.00,0.00,2,0.20,0.0000,0.0000,2,0.876,0.000,0.00,0.00,1.613,0
0.00,0.00,0.00,0.0000,0.0000,0.0000,0.0000,0.00,0.00,0.00,0.00,0.00,0.00,0.00,2,0.20,0.0000,0.0000,2,0.876,0.000,0.00,0.00,1.613,0
0.00,0.00,0.00,0.0000,0.0000,0.0000,0.0000,0.00,0.00,0.00,0.00,0.00,0.00,0.00,2,0.20,0.0000,0.0000,2,0.876,0.000,0.00,0.00,1.613,0
phase1 acc_mag=0.000 gravity=0.000 motion=0.000 moving_avg=0.000 rms=nan mean_rms=nan max_rms=-1000000.000 min_rms=1000000.000 std=nan var=nan state=standing thr=0.080/0.350/0.850
0.00,0.00,0.00,0.0000,0.0000,0.0000,0.0000,0.00,0.00,0.00,0.00,0.00,0.00,0.00,2,0.20,0.0000,0.0000,2,0.876,0.000,0.00,0.00,1.613,0
0.00,0.00,0.00,0.0000,0.0000,0.0000,0.0000,0.00,0.00,0.00,0.00,0.00,0.00,0.00,2,0.20,0.0000,0.0000,2,0.876,0.000,0.00,0.00,1.613,0
0.00,0.00,0.00,0.0000,0.0000,0.0000,0.0000,0.00,0.00,0.00,0.00,0.00,0.00,0.00,2,0.20,0.0000,0.0000,2,0.876,0.000,0.00,0.00,1.613,0
0.00,0.00,0.00,0.0000,0.0000,0.0000,0.0000,0.00,0.00,0.00,0.00,0.00,0.00,0.00,2,0.20,0.0000,0.0000,2,0.876,0.000,0.00,0.00,1.613,0
phase1 acc_mag=0.000 gravity=0.000 motion=0.000 moving_avg=0.000 rms=nan mean_rms=nan max_rms=-1000000.000 min_rms=1000000.000 std=nan var=nan state=standing thr=0.080/0.350/0.850
0.00,0.00,0.00,0.0000,0.0000,0.0000,0.0000,0.00,0.00,0.00,0.00,0.00,0.00,0.00,2,0.20,0.0000,0.0000,2,0.876,0.000,0.00,0.00,1.613,0
0.00,0.00,0.00,0.0000,0.0000,0.0000,0.0000,0.00,0.00,0.00,0.00,0.00,0.00,0.00,2,0.20,0.0000,0.0000,2,0.876,0.000,0.00,0.00,1.613,0
0.00,0.00,0.00,0.0000,0.0000,0.0000,0.0000,0.00,0.00,0.00,0.00,0.00,0.00,0.00,2,0.20,0.0000,0.0000,2,0.876,0.000,0.00,0.00,1.613,0
0.00,0.00,0.00,0.0000,0.0000,0.0000,0.0000,0.00,0.00,0.00,0.00,0.00,0.00,0.00,2,0.20,0.0000,0.0000,2,0.876,0.000,0.00,0.00,1.613,0
phase1 acc_mag=0.000 gravity=0.000 motion=0.000 moving_avg=0.000 rms=nan mean_rms=nan max_rms=-1000000.000 min_rms=1000000.000 std=nan var=nan state=standing thr=0.080/0.350/0.850
0.00,0.00,0.00,0.0000,0.0000,0.0000,0.0000,0.00,0.00,0.00,0.00,0.00,0.00,0.00,2,0.20,0.0000,0.0000,2,0.876,0.000,0.00,0.00,1.613,0
0.00,0.00,0.00,0.0000,0.0000,0.0000,0.0000,0.00,0.00,0.00,0.00,0.00,0.00,0.00,2,0.20,0.0000,0.0000,2,0.876,0.000,0.00,0.00,1.613,0
0.00,0.00,0.00,0.0000,0.0000,0.0000,0.0000,0.00,0.00,0.00,0.00,0.00,0.00,0.00,2,0.20,0.0000,0.0000,2,0.876,0.000,0.00,0.00,1.613,0
0.00,0.00,0.00,0.0000,0.0000,0.0000,0.0000,0.00,0.00,0.00,0.00,0.00,0.00,0.00,2,0.20,0.0000,0.0000,2,0.876,0.000,0.00,0.00,1.613,0
phase1 acc_mag=0.000 gravity=0.000 motion=0.000 moving_avg=0.000 rms=nan mean_rms=nan max_rms=-1000000.000 min_rms=1000000.000 std=nan var=nan state=standing thr=0.080/0.350/0.850
0.00,0.00,0.00,0.0000,0.0000,0.0000,0.0000,0.00,0.00,0.00,0.00,0.00,0.00,0.00,2,0.20,0.0000,0.0000,2,0.876,0.000,0.00,0.00,1.613,0
0.00,0.00,0.00,0.0000,0.0000,0.0000,0.0000,0.00,0.00,0.00,0.00,0.00,0.00,0.00,2,0.20,0.0000,0.0000,2,0.876,0.000,0.00,0.00,1.613,0
0.00,0.00,0.00,0.0000,0.0000,0.0000,0.0000,0.00,0.00,0.00,0.00,0.00,0.00,0.00,2,0.20,0.0000,0.0000,2,0.876,0.000,0.00,0.00,1.613,0
0.00,0.00,0.00,0.0000,0.0000,0.0000,0.0000,0.00,0.00,0.00,0.00,0.00,0.00,0.00,2,0.20,0.0000,0.0000,2,0.876,0.000,0.00,0.00,1.613,0
phase1 acc_mag=0.000 gravity=0.000 motion=0.000 moving_avg=0.000 rms=nan mean_rms=nan max_rms=-1000000.000 min_rms=1000000.000 std=nan var=nan state=standing thr=0.080/0.350/0.850
0.00,0.00,0.00,0.0000,0.0000,0.0000,0.0000,0.00,0.00,0.00,0.00,0.00,0.00,0.00,2,0.20,0.0000,0.0000,2,0.876,0.000,0.00,0.00,1.613,0
0.00,0.00,0.00,0.0000,0.0000,0.0000,0.0000,0.00,0.00,0.00,0.00,0.00,0.00,0.00,2,0.20,0.0000,0.0000,2,0.876,0.000,0.00,0.00,1.613,0
0.00,0.00,0.00,0.0000,0.0000,0.0000,0.0000,0.00,0.00,0.00,0.00,0.00,0.00,0.00,2,0.20,0.0000,0.0000,2,0.876,0.000,0.00,0.00,1.613,0
0.00,0.00,0.00,0.0000,0.0000,0.0000,0.0000,0.00,0.00,0.00,0.00,0.00,0.00,0.00,2,0.20,0.0000,0.0000,2,0.876,0.000,0.00,0.00,1.613,0
phase1 acc_mag=0.000 gravity=0.000 motion=0.000 moving_avg=0.000 rms=nan mean_rms=nan max_rms=-1000000.000 min_rms=1000000.000 std=nan var=nan state=standing thr=0.080/0.350/0.850
0.00,0.00,0.00,0.0000,0.0000,0.0000,0.0000,0.00,0.00,0.00,0.00,0.00,0.00,0.00,2,0.20,0.0000,0.0000,2,0.876,0.000,0.00,0.00,1.613,0
0.00,0.00,0.00,0.0000,0.0000,0.0000,0.0000,0.00,0.00,0.00,0.00,0.00,0.00,0.00,2,0.20,0.0000,0.0000,2,0.876,0.000,0.00,0.00,1.613,0
0.00,0.00,0.00,0.0000,0.0000,0.0000,0.0000,0.00,0.00,0.00,0.00,0.00,0.00,0.00,2,0.20,0.0000,0.0000,2,0.876,0.000,0.00,0.00,1.613,0
0.00,0.00,0.00,0.0000,0.0000,0.0000,0.0000,0.00,0.00,0.00,0.00,0.00,0.00,0.00,2,0.20,0.0000,0.0000,2,0.876,0.000,0.00,0.00,1.613,0
phase1 acc_mag=0.000 gravity=0.000 motion=0.000 moving_avg=0.000 rms=nan mean_rms=nan max_rms=-1000000.000 min_rms=1000000.000 std=nan var=nan state=standing thr=0.080/0.350/0.850
0.00,0.00,0.00,0.0000,0.0000,0.0000,0.0000,0.00,0.00,0.00,0.00,0.00,0.00,0.00,2,0.20,0.0000,0.0000,2,0.876,0.000,0.00,0.00,1.613,0
0.00,0.00,0.00,0.0000,0.0000,0.0000,0.0000,0.00,0.00,0.00,0.00,0.00,0.00,0.00,2,0.20,0.0000,0.0000,2,0.876,0.000,0.00,0.00,1.613,0
0.00,0.00,0.00,0.0000,0.0000,0.0000,0.0000,0.00,0.00,0.00,0.00,0.00,0.00,0.00,2,0.20,0.0000,0.0000,2,0.876,0.000,0.00,0.00,1.613,0
0.00,0.00,0.00,0.0000,0.0000,0.0000,0.0000,0.00,0.00,0.00,0.00,0.00,0.00,0.00,2,0.20,0.0000,0.0000,2,0.876,0.000,0.00,0.00,1.613,0
phase1 acc_mag=0.000 gravity=0.000 motion=0.000 moving_avg=0.000 rms=nan mean_rms=nan max_rms=-1000000.000 min_rms=1000000.000 std=nan var=nan state=standing thr=0.080/0.350/0.850
0.00,0.00,0.00,0.0000,0.0000,0.0000,0.0000,0.00,0.00,0.00,0.00,0.00,0.00,0.00,2,0.20,0.0000,0.0000,2,0.876,0.000,0.00,0.00,1.613,0
0.00,0.00,0.00,0.0000,0.0000,0.0000,0.0000,0.00,0.00,0.00,0.00,0.00,0.00,0.00,2,0.20,0.0000,0.0000,2,0.876,0.000,0.00,0.00,1.613,0
0.00,0.00,0.00,0.0000,0.0000,0.0000,0.0000,0.00,0.00,0.00,0.00,0.00,0.00,0.00,2,0.20,0.0000,0.0000,2,0.876,0.000,0.00,0.00,1.613,0
0.00,0.00,0.00,0.0000,0.0000,0.0000,0.0000,0.00,0.00,0.00,0.00,0.00,0.00,0.00,2,0.20,0.0000,0.0000,2,0.876,0.000,0.00,0.00,1.613,0
phase1 acc_mag=0.000 gravity=0.000 motion=0.000 moving_avg=0.000 rms=nan mean_rms=nan max_rms=-1000000.000 min_rms=1000000.000 std=nan var=nan state=standing thr=0.080/0.350/0.850
0.00,0.00,0.00,0.0000,0.0000,0.0000,0.0000,0.00,0.00,0.00,0.00,0.00,0.00,0.00,2,0.20,0.0000,0.0000,2,0.876,0.000,0.00,0.00,1.613,0
0.00,0.00,0.00,0.0000,0.0000,0.0000,0.0000,0.00,0.00,0.00,0.00,0.00,0.00,0.00,2,0.20,0.0000,0.0000,2,0.876,0.000,0.00,0.00,1.613,0
0.00,0.00,0.00,0.0000,0.0000,0.0000,0.0000,0.00,0.00,0.00,0.00,0.00,0.00,0.00,2,0.20,0.0000,0.0000,2,0.876,0.000,0.00,0.00,1.613,0
0.00,0.00,0.00,0.0000,0.0000,0.0000,0.0000,0.00,0.00,0.00,0.00,0.00,0.00,0.00,2,0.20,0.0000,0.0000,2,0.876,0.000,0.00,0.00,1.613,0
phase1 acc_mag=0.000 gravity=0.000 motion=0.000 moving_avg=0.000 rms=nan mean_rms=nan max_rms=-1000000.000 min_rms=1000000.000 std=nan var=nan state=standing thr=0.080/0.350/0.850
0.00,0.00,0.00,0.0000,0.0000,0.0000,0.0000,0.00,0.00,0.00,0.00,0.00,0.00,0.00,2,0.20,0.0000,0.0000,2,0.876,0.000,0.00,0.00,1.613,0
0.00,0.00,0.00,0.0000,0.0000,0.0000,0.0000,0.00,0.00,0.00,0.00,0.00,0.00,0.00,2,0.20,0.0000,0.0000,2,0.876,0.000,0.00,0.00,1.613,0
0.00,0.00,0.00,0.0000,0.0000,0.0000,0.0000,0.00,0.00,0.00,0.00,0.00,0.00,0.00,2,0.20,0.0000,0.0000,2,0.876,0.000,0.00,0.00,1.613,0
0.00,0.00,0.00,0.0000,0.0000,0.0000,0.0000,0.00,0.00,0.00,0.00,0.00,0.00,0.00,2,0.20,0.0000,0.0000,2,0.876,0.000,0.00,0.00,1.613,0
phase1 acc_mag=0.000 gravity=0.000 motion=0.000 moving_avg=0.000 rms=nan mean_rms=nan max_rms=-1000000.000 min_rms=1000000.000 std=nan var=nan state=standing thr=0.080/0.350/0.850
0.00,0.00,0.00,0.0000,0.0000,0.0000,0.0000,0.00,0.00,0.00,0.00,0.00,0.00,0.00,2,0.20,0.0000,0.0000,2,0.876,0.000,0.00,0.00,1.613,0
0.00,0.00,0.00,0.0000,0.0000,0.0000,0.0000,0.00,0.00,0.00,0.00,0.00,0.00,0.00,2,0.20,0.0000,0.0000,2,0.876,0.000,0.00,0.00,1.613,0
0.00,0.00,0.00,0.0000,0.0000,0.0000,0.0000,0.00,0.00,0.00,0.00,0.00,0.00,0.00,2,0.20,0.0000,0.0000,2,0.876,0.000,0.00,0.00,1.613,0
0.00,0.00,0.00,0.0000,0.0000,0.0000,0.0000,0.00,0.00,0.00,0.00,0.00,0.00,0.00,2,0.20,0.0000,0.0000,2,0.876,0.000,0.00,0.00,1.613,0
phase1 acc_mag=0.000 gravity=0.000 motion=0.000 moving_avg=0.000 rms=nan mean_rms=nan max_rms=-1000000.000 min_rms=1000000.000 std=nan var=nan state=standing thr=0.080/0.350/0.850
0.00,0.00,0.00,0.0000,0.0000,0.0000,0.0000,0.00,0.00,0.00,0.00,0.00,0.00,0.00,2,0.20,0.0000,0.0000,2,0.876,0.000,0.00,0.00,1.613,0
0.00,0.00,0.00,0.0000,0.0000,0.0000,0.0000,0.00,0.00,0.00,0.00,0.00,0.00,0.00,2,0.20,0.0000,0.0000,2,0.876,0.000,0.00,0.00,1.613,0
0.00,0.00,0.00,0.0000,0.0000,0.0000,0.0000,0.00,0.00,0.00,0.00,0.00,0.00,0.00,2,0.20,0.0000,0.0000,2,0.876,0.000,0.00,0.00,1.613,0
0.00,0.00,0.00,0.0000,0.0000,0.0000,0.0000,0.00,0.00,0.00,0.00,0.00,0.00,0.00,2,0.20,0.0000,0.0000,2,0.876,0.000,0.00,0.00,1.613,0
phase1 acc_mag=0.000 gravity=0.000 motion=0.000 moving_avg=0.000 rms=nan mean_rms=nan max_rms=-1000000.000 min_rms=1000000.000 std=nan var=nan state=standing thr=0.080/0.350/0.850
0.00,0.00,0.00,0.0000,0.0000,0.0000,0.0000,0.00,0.00,0.00,0.00,0.00,0.00,0.00,2,0.20,0.0000,0.0000,2,0.876,0.000,0.00,0.00,1.613,0
0.00,0.00,0.00,0.0000,0.0000,0.0000,0.0000,0.00,0.00,0.00,0.00,0.00,0.00,0.00,2,0.20,0.0000,0.0000,2,0.876,0.000,0.00,0.00,1.613,0
0.00,0.00,0.00,0.0000,0.0000,0.0000,0.0000,0.00,0.00,0.00,0.00,0.00,0.00,0.00,2,0.20,0.0000,0.0000,2,0.876,0.000,0.00,0.00,1.613,0
0.00,0.00,0.00,0.0000,0.0000,0.0000,0.0000,0.00,0.00,0.00,0.00,0.00,0.00,0.00,2,0.20,0.0000,0.0000,2,0.876,0.000,0.00,0.00,1.613,0
phase1 acc_mag=0.000 gravity=0.000 motion=0.000 moving_avg=0.000 rms=nan mean_rms=nan max_rms=-1000000.000 min_rms=1000000.000 std=nan var=nan state=standing thr=0.080/0.350/0.850
0.00,0.00,0.00,0.0000,0.0000,0.0000,0.0000,0.00,0.00,0.00,0.00,0.00,0.00,0.00,2,0.20,0.0000,0.0000,2,0.876,0.000,0.00,0.00,1.613,0
0.00,0.00,0.00,0.0000,0.0000,0.0000,0.0000,0.00,0.00,0.00,0.00,0.00,0.00,0.00,2,0.20,0.0000,0.0000,2,0.876,0.000,0.00,0.00,1.613,0
0.00,0.00,0.00,0.0000,0.0000,0.0000,0.0000,0.00,0.00,0.00,0.00,0.00,0.00,0.00,2,0.20,0.0000,0.0000,2,0.876,0.000,0.00,0.00,1.613,0
0.00,0.00,0.00,0.0000,0.0000,0.0000,0.0000,0.00,0.00,0.00,0.00,0.00,0.00,0.00,2,0.20,0.0000,0.0000,2,0.876,0.000,0.00,0.00,1.613,0
phase1 acc_mag=0.000 gravity=0.000 motion=0.000 moving_avg=0.000 rms=nan mean_rms=nan max_rms=-1000000.000 min_rms=1000000.000 std=nan var=nan state=standing thr=0.080/0.350/0.850
0.00,0.00,0.00,0.0000,0.0000,0.0000,0.0000,0.00,0.00,0.00,0.00,0.00,0.00,0.00,2,0.20,0.0000,0.0000,2,0.876,0.000,0.00,0.00,1.613,0
0.00,0.00,0.00,0.0000,0.0000,0.0000,0.0000,0.00,0.00,0.00,0.00,0.00,0.00,0.00,2,0.20,0.0000,0.0000,2,0.876,0.000,0.00,0.00,1.613,0
0.00,0.00,0.00,0.0000,0.0000,0.0000,0.0000,0.00,0.00,0.00,0.00,0.00,0.00,0.00,2,0.20,0.0000,0.0000,2,0.876,0.000,0.00,0.00,1.613,0
0.00,0.00,0.00,0.0000,0.0000,0.0000,0.0000,0.00,0.00,0.00,0.00,0.00,0.00,0.00,2,0.20,0.0000,0.0000,2,0.876,0.000,0.00,0.00,1.613,0
phase1 acc_mag=0.000 gravity=0.000 motion=0.000 moving_avg=0.000 rms=nan mean_rms=nan max_rms=-1000000.000 min_rms=1000000.000 std=nan var=nan state=standing thr=0.080/0.350/0.850
0.00,0.00,0.00,0.0000,0.0000,0.0000,0.0000,0.00,0.00,0.00,0.00,0.00,0.00,0.00,2,0.20,0.0000,0.0000,2,0.876,0.000,0.00,0.00,1.613,0
0.00,0.00,0.00,0.0000,0.0000,0.0000,0.0000,0.00,0.00,0.00,0.00,0.00,0.00,0.00,2,0.20,0.0000,0.0000,2,0.876,0.000,0.00,0.00,1.613,0
0.00,0.00,0.00,0.0000,0.0000,0.0000,0.0000,0.00,0.00,0.00,0.00,0.00,0.00,0.00,2,0.20,0.0000,0.0000,2,0.876,0.000,0.00,0.00,1.613,0
0.00,0.00,0.00,0.0000,0.0000,0.0000,0.0000,0.00,0.00,0.00,0.00,0.00,0.00,0.00,2,0.20,0.0000,0.0000,2,0.876,0.000,0.00,0.00,1.613,0
phase1 acc_mag=0.000 gravity=0.000 motion=0.000 moving_avg=0.000 rms=nan mean_rms=nan max_rms=-1000000.000 min_rms=1000000.000 std=nan var=nan state=standing thr=0.080/0.350/0.850
0.00,0.00,0.00,0.0000,0.0000,0.0000,0.0000,0.00,0.00,0.00,0.00,0.00,0.00,0.00,2,0.20,0.0000,0.0000,2,0.876,0.000,0.00,0.00,1.613,0
0.00,0.00,0.00,0.0000,0.0000,0.0000,0.0000,0.00,0.00,0.00,0.00,0.00,0.00,0.00,2,0.20,0.0000,0.0000,2,0.876,0.000,0.00,0.00,1.613,0
0.00,0.00,0.00,0.0000,0.0000,0.0000,0.0000,0.00,0.00,0.00,0.00,0.00,0.00,0.00,2,0.20,0.0000,0.0000,2,0.876,0.000,0.00,0.00,1.613,0
0.00,0.00,0.00,0.0000,0.0000,0.0000,0.0000,0.00,0.00,0.00,0.00,0.00,0.00,0.00,2,0.20,0.0000,0.0000,2,0.876,0.000,0.00,0.00,1.613,0
phase1 acc_mag=0.000 gravity=0.000 motion=0.000 moving_avg=0.000 rms=nan mean_rms=nan max_rms=-1000000.000 min_rms=1000000.000 std=nan var=nan state=standing thr=0.080/0.350/0.850
0.00,0.00,0.00,0.0000,0.0000,0.0000,0.0000,0.00,0.00,0.00,0.00,0.00,0.00,0.00,2,0.20,0.0000,0.0000,2,0.876,0.000,0.00,0.00,1.613,0
0.00,0.00,0.00,0.0000,0.0000,0.0000,0.0000,0.00,0.00,0.00,0.00,0.00,0.00,0.00,2,0.20,0.0000,0.0000,2,0.876,0.000,0.00,0.00,1.613,0
0.00,0.00,0.00,0.0000,0.0000,0.0000,0.0000,0.00,0.00,0.00,0.00,0.00,0.00,0.00,2,0.20,0.0000,0.0000,2,0.876,0.000,0.00,0.00,1.613,0
0.00,0.00,0.00,0.0000,0.0000,0.0000,0.0000,0.00,0.00,0.00,0.00,0.00,0.00,0.00,2,0.20,0.0000,0.0000,2,0.876,0.000,0.00,0.00,1.613,0
phase1 acc_mag=0.000 gravity=0.000 motion=0.000 moving_avg=0.000 rms=nan mean_rms=nan max_rms=-1000000.000 min_rms=1000000.000 std=nan var=nan state=standing thr=0.080/0.350/0.850
0.00,0.00,0.00,0.0000,0.0000,0.0000,0.0000,0.00,0.00,0.00,0.00,0.00,0.00,0.00,2,0.20,0.0000,0.0000,2,0.876,0.000,0.00,0.00,1.613,0
0.00,0.00,0.00,0.0000,0.0000,0.0000,0.0000,0.00,0.00,0.00,0.00,0.00,0.00,0.00,2,0.20,0.0000,0.0000,2,0.876,0.000,0.00,0.00,1.613,0
0.00,0.00,0.00,0.0000,0.0000,0.0000,0.0000,0.00,0.00,0.00,0.00,0.00,0.00,0.00,2,0.20,0.0000,0.0000,2,0.876,0.000,0.00,0.00,1.613,0
0.00,0.00,0.00,0.0000,0.0000,0.0000,0.0000,0.00,0.00,0.00,0.00,0.00,0.00,0.00,2,0.20,0.0000,0.0000,2,0.876,0.000,0.00,0.00,1.613,0
phase1 acc_mag=0.000 gravity=0.000 motion=0.000 moving_avg=0.000 rms=nan mean_rms=nan max_rms=-1000000.000 min_rms=1000000.000 std=nan var=nan state=standing thr=0.080/0.350/0.850
0.00,0.00,0.00,0.0000,0.0000,0.0000,0.0000,0.00,0.00,0.00,0.00,0.00,0.00,0.00,2,0.20,0.0000,0.0000,2,0.876,0.000,0.00,0.00,1.613,0
0.00,0.00,0.00,0.0000,0.0000,0.0000,0.0000,0.00,0.00,0.00,0.00,0.00,0.00,0.00,2,0.20,0.0000,0.0000,2,0.876,0.000,0.00,0.00,1.613,0
0.00,0.00,0.00,0.0000,0.0000,0.0000,0.0000,0.00,0.00,0.00,0.00,0.00,0.00,0.00,2,0.20,0.0000,0.0000,2,0.876,0.000,0.00,0.00,1.613,0
0.00,0.00,0.00,0.0000,0.0000,0.0000,0.0000,0.00,0.00,0.00,0.00,0.00,0.00,0.00,2,0.20,0.0000,0.0000,2,0.876,0.000,0.00,0.00,1.613,0
phase1 acc_mag=0.000 gravity=0.000 motion=0.000 moving_avg=0.000 rms=nan mean_rms=nan max_rms=-1000000.000 min_rms=1000000.000 std=nan var=nan state=standing thr=0.080/0.350/0.850
0.00,0.00,0.00,0.0000,0.0000,0.0000,0.0000,0.00,0.00,0.00,0.00,0.00,0.00,0.00,2,0.20,0.0000,0.0000,2,0.876,0.000,0.00,0.00,1.613,0
0.00,0.00,0.00,0.0000,0.0000,0.0000,0.0000,0.00,0.00,0.00,0.00,0.00,0.00,0.00,2,0.20,0.0000,0.0000,2,0.876,0.000,0.00,0.00,1.613,0
0.00,0.00,0.00,0.0000,0.0000,0.0000,0.0000,0.00,0.00,0.00,0.00,0.00,0.00,0.00,2,0.20,0.0000,0.0000,2,0.876,0.000,0.00,0.00,1.613,0
0.00,0.00,0.00,0.0000,0.0000,0.0000,0.0000,0.00,0.00,0.00,0.00,0.00,0.00,0.00,2,0.20,0.0000,0.0000,2,0.876,0.000,0.00,0.00,1.613,0
phase1 acc_mag=0.000 gravity=0.000 motion=0.000 moving_avg=0.000 rms=nan mean_rms=nan max_rms=-1000000.000 min_rms=1000000.000 std=nan var=nan state=standing thr=0.080/0.350/0.850
0.00,0.00,0.00,0.0000,0.0000,0.0000,0.0000,0.00,0.00,0.00,0.00,0.00,0.00,0.00,2,0.20,0.0000,0.0000,2,0.876,0.000,0.00,0.00,1.613,0
0.00,0.00,0.00,0.0000,0.0000,0.0000,0.0000,0.00,0.00,0.00,0.00,0.00,0.00,0.00,2,0.20,0.0000,0.0000,2,0.876,0.000,0.00,0.00,1.613,0
0.00,0.00,0.00,0.0000,0.0000,0.0000,0.0000,0.00,0.00,0.00,0.00,0.00,0.00,0.00,2,0.20,0.0000,0.0000,2,0.876,0.000,0.00,0.00,1.613,0
0.00,0.00,0.00,0.0000,0.0000,0.0000,0.0000,0.00,0.00,0.00,0.00,0.00,0.00,0.00,2,0.20,0.0000,0.0000,2,0.876,0.000,0.00,0.00,1.613,0
phase1 acc_mag=0.000 gravity=0.000 motion=0.000 moving_avg=0.000 rms=nan mean_rms=nan max_rms=-1000000.000 min_rms=1000000.000 std=nan var=nan state=standing thr=0.080/0.350/0.850
0.00,0.00,0.00,0.0000,0.0000,0.0000,0.0000,0.00,0.00,0.00,0.00,0.00,0.00,0.00,2,0.20,0.0000,0.0000,2,0.876,0.000,0.00,0.00,1.613,0
0.00,0.00,0.00,0.0000,0.0000,0.0000,0.0000,0.00,0.00,0.00,0.00,0.00,0.00,0.00,2,0.20,0.0000,0.0000,2,0.876,0.000,0.00,0.00,1.613,0
0.00,0.00,0.00,0.0000,0.0000,0.0000,0.0000,0.00,0.00,0.00,0.00,0.00,0.00,0.00,2,0.20,0.0000,0.0000,2,0.876,0.000,0.00,0.00,1.613,0
0.00,0.00,0.00,0.0000,0.0000,0.0000,0.0000,0.00,0.00,0.00,0.00,0.00,0.00,0.00,2,0.20,0.0000,0.0000,2,0.876,0.000,0.00,0.00,1.613,0
phase1 acc_mag=0.000 gravity=0.000 motion=0.000 moving_avg=0.000 rms=nan mean_rms=nan max_rms=-1000000.000 min_rms=1000000.000 std=nan var=nan state=standing thr=0.080/0.350/0.850
0.00,0.00,0.00,0.0000,0.0000,0.0000,0.0000,0.00,0.00,0.00,0.00,0.00,0.00,0.00,2,0.20,0.0000,0.0000,2,0.876,0.000,0.00,0.00,1.613,0
0.00,0.00,0.00,0.0000,0.0000,0.0000,0.0000,0.00,0.00,0.00,0.00,0.00,0.00,0.00,2,0.20,0.0000,0.0000,2,0.876,0.000,0.00,0.00,1.613,0
0.00,0.00,0.00,0.0000,0.0000,0.0000,0.0000,0.00,0.00,0.00,0.00,0.00,0.00,0.00,2,0.20,0.0000,0.0000,2,0.876,0.000,0.00,0.00,1.613,0
0.00,0.00,0.00,0.0000,0.0000,0.0000,0.0000,0.00,0.00,0.00,0.00,0.00,0.00,0.00,2,0.20,0.0000,0.0000,2,0.876,0.000,0.00,0.00,1.613,0
phase1 acc_mag=0.000 gravity=0.000 motion=0.000 moving_avg=0.000 rms=nan mean_rms=nan max_rms=-1000000.000 min_rms=1000000.000 std=nan var=nan state=standing thr=0.080/0.350/0.850
0.00,0.00,0.00,0.0000,0.0000,0.0000,0.0000,0.00,0.00,0.00,0.00,0.00,0.00,0.00,2,0.20,0.0000,0.0000,2,0.876,0.000,0.00,0.00,1.613,0
0.00,0.00,0.00,0.0000,0.0000,0.0000,0.0000,0.00,0.00,0.00,0.00,0.00,0.00,0.00,2,0.20,0.0000,0.0000,2,0.876,0.000,0.00,0.00,1.613,0
0.00,0.00,0.00,0.0000,0.0000,0.0000,0.0000,0.00,0.00,0.00,0.00,0.00,0.00,0.00,2,0.20,0.0000,0.0000,2,0.876,0.000,0.00,0.00,1.613,0
0.00,0.00,0.00,0.0000,0.0000,0.0000,0.0000,0.00,0.00,0.00,0.00,0.00,0.00,0.00,2,0.20,0.0000,0.0000,2,0.876,0.000,0.00,0.00,1.613,0
phase1 acc_mag=0.000 gravity=0.000 motion=0.000 moving_avg=0.000 rms=nan mean_rms=nan max_rms=-1000000.000 min_rms=1000000.000 std=nan var=nan state=standing thr=0.080/0.350/0.850
0.00,0.00,0.00,0.0000,0.0000,0.0000,0.0000,0.00,0.00,0.00,0.00,0.00,0.00,0.00,2,0.20,0.0000,0.0000,2,0.876,0.000,0.00,0.00,1.613,0
0.00,0.00,0.00,0.0000,0.0000,0.0000,0.0000,0.00,0.00,0.00,0.00,0.00,0.00,0.00,2,0.20,0.0000,0.0000,2,0.876,0.000,0.00,0.00,1.613,0
0.00,0.00,0.00,0.0000,0.0000,0.0000,0.0000,0.00,0.00,0.00,0.00,0.00,0.00,0.00,2,0.20,0.0000,0.0000,2,0.876,0.000,0.00,0.00,1.613,0
0.00,0.00,0.00,0.0000,0.0000,0.0000,0.0000,0.00,0.00,0.00,0.00,0.00,0.00,0.00,2,0.20,0.0000,0.0000,2,0.876,0.000,0.00,0.00,1.613,0
phase1 acc_mag=0.000 gravity=0.000 motion=0.000 moving_avg=0.000 rms=nan mean_rms=nan max_rms=-1000000.000 min_rms=1000000.000 std=nan var=nan state=standing thr=0.080/0.350/0.850
0.00,0.00,0.00,0.0000,0.0000,0.0000,0.0000,0.00,0.00,0.00,0.00,0.00,0.00,0.00,2,0.20,0.0000,0.0000,2,0.876,0.000,0.00,0.00,1.613,0
0.00,0.00,0.00,0.0000,0.0000,0.0000,0.0000,0.00,0.00,0.00,0.00,0.00,0.00,0.00,2,0.20,0.0000,0.0000,2,0.876,0.000,0.00,0.00,1.613,0
0.00,0.00,0.00,0.0000,0.0000,0.0000,0.0000,0.00,0.00,0.00,0.00,0.00,0.00,0.00,2,0.20,0.0000,0.0000,2,0.876,0.000,0.00,0.00,1.613,0
0.00,0.00,0.00,0.0000,0.0000,0.0000,0.0000,0.00,0.00,0.00,0.00,0.00,0.00,0.00,2,0.20,0.0000,0.0000,2,0.876,0.000,0.00,0.00,1.613,0
phase1 acc_mag=0.000 gravity=0.000 motion=0.000 moving_avg=0.000 rms=nan mean_rms=nan max_rms=-1000000.000 min_rms=1000000.000 std=nan var=nan state=standing thr=0.080/0.350/0.850
0.00,0.00,0.00,0.0000,0.0000,0.0000,0.0000,0.00,0.00,0.00,0.00,0.00,0.00,0.00,2,0.20,0.0000,0.0000,2,0.876,0.000,0.00,0.00,1.613,0
0.00,0.00,0.00,0.0000,0.0000,0.0000,0.0000,0.00,0.00,0.00,0.00,0.00,0.00,0.00,2,0.20,0.0000,0.0000,2,0.876,0.000,0.00,0.00,1.613,0
0.00,0.00,0.00,0.0000,0.0000,0.0000,0.0000,0.00,0.00,0.00,0.00,0.00,0.00,0.00,2,0.20,0.0000,0.0000,2,0.876,0.000,0.00,0.00,1.613,0
0.00,0.00,0.00,0.0000,0.0000,0.0000,0.0000,0.00,0.00,0.00,0.00,0.00,0.00,0.00,2,0.20,0.0000,0.0000,2,0.876,0.000,0.00,0.00,1.613,0
phase1 acc_mag=0.000 gravity=0.000 motion=0.000 moving_avg=0.000 rms=nan mean_rms=nan max_rms=-1000000.000 min_rms=1000000.000 std=nan var=nan state=standing thr=0.080/0.350/0.850
0.00,0.00,0.00,0.0000,0.0000,0.0000,0.0000,0.00,0.00,0.00,0.00,0.00,0.00,0.00,2,0.20,0.0000,0.0000,2,0.876,0.000,0.00,0.00,1.613,0
0.00,0.00,0.00,0.0000,0.0000,0.0000,0.0000,0.00,0.00,0.00,0.00,0.00,0.00,0.00,2,0.20,0.0000,0.0000,2,0.876,0.000,0.00,0.00,1.613,0
0.00,0.00,0.00,0.0000,0.0000,0.0000,0.0000,0.00,0.00,0.00,0.00,0.00,0.00,0.00,2,0.20,0.0000,0.0000,2,0.876,0.000,0.00,0.00,1.613,0
0.00,0.00,0.00,0.0000,0.0000,0.0000,0.0000,0.00,0.00,0.00,0.00,0.00,0.00,0.00,2,0.20,0.0000,0.0000,2,0.876,0.000,0.00,0.00,1.613,0
phase1 acc_mag=0.000 gravity=0.000 motion=0.000 moving_avg=0.000 rms=nan mean_rms=nan max_rms=-1000000.000 min_rms=1000000.000 std=nan var=nan state=standing thr=0.080/0.350/0.850
0.00,0.00,0.00,0.0000,0.0000,0.0000,0.0000,0.00,0.00,0.00,0.00,0.00,0.00,0.00,2,0.20,0.0000,0.0000,2,0.876,0.000,0.00,0.00,1.613,0
0.00,0.00,0.00,0.0000,0.0000,0.0000,0.0000,0.00,0.00,0.00,0.00,0.00,0.00,0.00,2,0.20,0.0000,0.0000,2,0.876,0.000,0.00,0.00,1.613,0
0.00,0.00,0.00,0.0000,0.0000,0.0000,0.0000,0.00,0.00,0.00,0.00,0.00,0.00,0.00,2,0.20,0.0000,0.0000,2,0.876,0.000,0.00,0.00,1.613,0
0.00,0.00,0.00,0.0000,0.0000,0.0000,0.0000,0.00,0.00,0.00,0.00,0.00,0.00,0.00,2,0.20,0.0000,0.0000,2,0.876,0.000,0.00,0.00,1.613,0
phase1 acc_mag=0.000 gravity=0.000 motion=0.000 moving_avg=0.000 rms=nan mean_rms=nan max_rms=-1000000.000 min_rms=1000000.000 std=nan var=nan state=standing thr=0.080/0.350/0.850
0.00,0.00,0.00,0.0000,0.0000,0.0000,0.0000,0.00,0.00,0.00,0.00,0.00,0.00,0.00,2,0.20,0.0000,0.0000,2,0.876,0.000,0.00,0.00,1.613,0
0.00,0.00,0.00,0.0000,0.0000,0.0000,0.0000,0.00,0.00,0.00,0.00,0.00,0.00,0.00,2,0.20,0.0000,0.0000,2,0.876,0.000,0.00,0.00,1.613,0
0.00,0.00,0.00,0.0000,0.0000,0.0000,0.0000,0.00,0.00,0.00,0.00,0.00,0.00,0.00,2,0.20,0.0000,0.0000,2,0.876,0.000,0.00,0.00,1.613,0
0.00,0.00,0.00,0.0000,0.0000,0.0000,0.0000,0.00,0.00,0.00,0.00,0.00,0.00,0.00,2,0.20,0.0000,0.0000,2,0.876,0.000,0.00,0.00,1.613,0
phase1 acc_mag=0.000 gravity=0.000 motion=0.000 moving_avg=0.000 rms=nan mean_rms=nan max_rms=-1000000.000 min_rms=1000000.000 std=nan var=nan state=standing thr=0.080/0.350/0.850
0.00,0.00,0.00,0.0000,0.0000,0.0000,0.0000,0.00,0.00,0.00,0.00,0.00,0.00,0.00,2,0.20,0.0000,0.0000,2,0.876,0.000,0.00,0.00,1.613,0
0.00,0.00,0.00,0.0000,0.0000,0.0000,0.0000,0.00,0.00,0.00,0.00,0.00,0.00,0.00,2,0.20,0.0000,0.0000,2,0.876,0.000,0.00,0.00,1.613,0
0.00,0.00,0.00,0.0000,0.0000,0.0000,0.0000,0.00,0.00,0.00,0.00,0.00,0.00,0.00,2,0.20,0.0000,0.0000,2,0.876,0.000,0.00,0.00,1.613,0
0.00,0.00,0.00,0.0000,0.0000,0.0000,0.0000,0.00,0.00,0.00,0.00,0.00,0.00,0.00,2,0.20,0.0000,0.0000,2,0.876,0.000,0.00,0.00,1.613,0
phase1 acc_mag=0.000 gravity=0.000 motion=0.000 moving_avg=0.000 rms=nan mean_rms=nan max_rms=-1000000.000 min_rms=1000000.000 std=nan var=nan state=standing thr=0.080/0.350/0.850
0.00,0.00,0.00,0.0000,0.0000,0.0000,0.0000,0.00,0.00,0.00,0.00,0.00,0.00,0.00,2,0.20,0.0000,0.0000,2,0.876,0.000,0.00,0.00,1.613,0
0.00,0.00,0.00,0.0000,0.0000,0.0000,0.0000,0.00,0.00,0.00,0.00,0.00,0.00,0.00,2,0.20,0.0000,0.0000,2,0.876,0.000,0.00,0.00,1.613,0
0.00,0.00,0.00,0.0000,0.0000,0.0000,0.0000,0.00,0.00,0.00,0.00,0.00,0.00,0.00,2,0.20,0.0000,0.0000,2,0.876,0.000,0.00,0.00,1.613,0
0.00,0.00,0.00,0.0000,0.0000,0.0000,0.0000,0.00,0.00,0.00,0.00,0.00,0.00,0.00,2,0.20,0.0000,0.0000,2,0.876,0.000,0.00,0.00,1.613,0
phase1 acc_mag=0.000 gravity=0.000 motion=0.000 moving_avg=0.000 rms=nan mean_rms=nan max_rms=-1000000.000 min_rms=1000000.000 std=nan var=nan state=standing thr=0.080/0.350/0.850
0.00,0.00,0.00,0.0000,0.0000,0.0000,0.0000,0.00,0.00,0.00,0.00,0.00,0.00,0.00,2,0.20,0.0000,0.0000,2,0.876,0.000,0.00,0.00,1.613,0
0.00,0.00,0.00,0.0000,0.0000,0.0000,0.0000,0.00,0.00,0.00,0.00,0.00,0.00,0.00,2,0.20,0.0000,0.0000,2,0.876,0.000,0.00,0.00,1.613,0
0.00,0.00,0.00,0.0000,0.0000,0.0000,0.0000,0.00,0.00,0.00,0.00,0.00,0.00,0.00,2,0.20,0.0000,0.0000,2,0.876,0.000,0.00,0.00,1.613,0
0.00,0.00,0.00,0.0000,0.0000,0.0000,0.0000,0.00,0.00,0.00,0.00,0.00,0.00,0.00,2,0.20,0.0000,0.0000,2,0.876,0.000,0.00,0.00,1.613,0
phase1 acc_mag=0.000 gravity=0.000 motion=0.000 moving_avg=0.000 rms=nan mean_rms=nan max_rms=-1000000.000 min_rms=1000000.000 std=nan var=nan state=standing thr=0.080/0.350/0.850
0.00,0.00,0.00,0.0000,0.0000,0.0000,0.0000,0.00,0.00,0.00,0.00,0.00,0.00,0.00,2,0.20,0.0000,0.0000,2,0.876,0.000,0.00,0.00,1.613,0
0.00,0.00,0.00,0.0000,0.0000,0.0000,0.0000,0.00,0.00,0.00,0.00,0.00,0.00,0.00,2,0.20,0.0000,0.0000,2,0.876,0.000,0.00,0.00,1.613,0
0.00,0.00,0.00,0.0000,0.0000,0.0000,0.0000,0.00,0.00,0.00,0.00,0.00,0.00,0.00,2,0.20,0.0000,0.0000,2,0.876,0.000,0.00,0.00,1.613,0
0.00,0.00,0.00,0.0000,0.0000,0.0000,0.0000,0.00,0.00,0.00,0.00,0.00,0.00,0.00,2,0.20,0.0000,0.0000,2,0.876,0.000,0.00,0.00,1.613,0
phase1 acc_mag=0.000 gravity=0.000 motion=0.000 moving_avg=0.000 rms=nan mean_rms=nan max_rms=-1000000.000 min_rms=1000000.000 std=nan var=nan state=standing thr=0.080/0.350/0.850
0.00,0.00,0.00,0.0000,0.0000,0.0000,0.0000,0.00,0.00,0.00,0.00,0.00,0.00,0.00,2,0.20,0.0000,0.0000,2,0.876,0.000,0.00,0.00,1.613,0
0.00,0.00,0.00,0.0000,0.0000,0.0000,0.0000,0.00,0.00,0.00,0.00,0.00,0.00,0.00,2,0.20,0.0000,0.0000,2,0.876,0.000,0.00,0.00,1.613,0
0.00,0.00,0.00,0.0000,0.0000,0.0000,0.0000,0.00,0.00,0.00,0.00,0.00,0.00,0.00,2,0.20,0.0000,0.0000,2,0.876,0.000,0.00,0.00,1.613,0
0.00,0.00,0.00,0.0000,0.0000,0.0000,0.0000,0.00,0.00,0.00,0.00,0.00,0.00,0.00,2,0.20,0.0000,0.0000,2,0.876,0.000,0.00,0.00,1.613,0
phase1 acc_mag=0.000 gravity=0.000 motion=0.000 moving_avg=0.000 rms=nan mean_rms=nan max_rms=-1000000.000 min_rms=1000000.000 std=nan var=nan state=standing thr=0.080/0.350/0.850
0.00,0.00,0.00,0.0000,0.0000,0.0000,0.0000,0.00,0.00,0.00,0.00,0.00,0.00,0.00,2,0.20,0.0000,0.0000,2,0.876,0.000,0.00,0.00,1.613,0
0.00,0.00,0.00,0.0000,0.0000,0.0000,0.0000,0.00,0.00,0.00,0.00,0.00,0.00,0.00,2,0.20,0.0000,0.0000,2,0.876,0.000,0.00,0.00,1.613,0
0.00,0.00,0.00,0.0000,0.0000,0.0000,0.0000,0.00,0.00,0.00,0.00,0.00,0.00,0.00,2,0.20,0.0000,0.0000,2,0.876,0.000,0.00,0.00,1.613,0
0.00,0.00,0.00,0.0000,0.0000,0.0000,0.0000,0.00,0.00,0.00,0.00,0.00,0.00,0.00,2,0.20,0.0000,0.0000,2,0.876,0.000,0.00,0.00,1.613,0
phase1 acc_mag=0.000 gravity=0.000 motion=0.000 moving_avg=0.000 rms=nan mean_rms=nan max_rms=-1000000.000 min_rms=1000000.000 std=nan var=nan state=standing thr=0.080/0.350/0.850
0.00,0.00,0.00,0.0000,0.0000,0.0000,0.0000,0.00,0.00,0.00,0.00,0.00,0.00,0.00,2,0.20,0.0000,0.0000,2,0.876,0.000,0.00,0.00,1.613,0
0.00,0.00,0.00,0.0000,0.0000,0.0000,0.0000,0.00,0.00,0.00,0.00,0.00,0.00,0.00,2,0.20,0.0000,0.0000,2,0.876,0.000,0.00,0.00,1.613,0
0.00,0.00,0.00,0.0000,0.0000,0.0000,0.0000,0.00,0.00,0.00,0.00,0.00,0.00,0.00,2,0.20,0.0000,0.0000,2,0.876,0.000,0.00,0.00,1.613,0
0.00,0.00,0.00,0.0000,0.0000,0.0000,0.0000,0.00,0.00,0.00,0.00,0.00,0.00,0.00,2,0.20,0.0000,0.0000,2,0.876,0.000,0.00,0.00,1.613,0
phase1 acc_mag=0.000 gravity=0.000 motion=0.000 moving_avg=0.000 rms=nan mean_rms=nan max_rms=-1000000.000 min_rms=1000000.000 std=nan var=nan state=standing thr=0.080/0.350/0.850
0.00,0.00,0.00,0.0000,0.0000,0.0000,0.0000,0.00,0.00,0.00,0.00,0.00,0.00,0.00,2,0.20,0.0000,0.0000,2,0.876,0.000,0.00,0.00,1.613,0
0.00,0.00,0.00,0.0000,0.0000,0.0000,0.0000,0.00,0.00,0.00,0.00,0.00,0.00,0.00,2,0.20,0.0000,0.0000,2,0.876,0.000,0.00,0.00,1.613,0
0.00,0.00,0.00,0.0000,0.0000,0.0000,0.0000,0.00,0.00,0.00,0.00,0.00,0.00,0.00,2,0.20,0.0000,0.0000,2,0.876,0.000,0.00,0.00,1.613,0
0.00,0.00,0.00,0.0000,0.0000,0.0000,0.0000,0.00,0.00,0.00,0.00,0.00,0.00,0.00,2,0.20,0.0000,0.0000,2,0.876,0.000,0.00,0.00,1.613,0
phase1 acc_mag=0.000 gravity=0.000 motion=0.000 moving_avg=0.000 rms=nan mean_rms=nan max_rms=-1000000.000 min_rms=1000000.000 std=nan var=nan state=standing thr=0.080/0.350/0.850
0.00,0.00,0.00,0.0000,0.0000,0.0000,0.0000,0.00,0.00,0.00,0.00,0.00,0.00,0.00,2,0.20,0.0000,0.0000,2,0.876,0.000,0.00,0.00,1.613,0
0.00,0.00,0.00,0.0000,0.0000,0.0000,0.0000,0.00,0.00,0.00,0.00,0.00,0.00,0.00,2,0.20,0.0000,0.0000,2,0.876,0.000,0.00,0.00,1.613,0
0.00,0.00,0.00,0.0000,0.0000,0.0000,0.0000,0.00,0.00,0.00,0.00,0.00,0.00,0.00,2,0.20,0.0000,0.0000,2,0.876,0.000,0.00,0.00,1.613,0
0.00,0.00,0.00,0.0000,0.0000,0.0000,0.0000,0.00,0.00,0.00,0.00,0.00,0.00,0.00,2,0.20,0.0000,0.0000,2,0.876,0.000,0.00,0.00,1.613,0
phase1 acc_mag=0.000 gravity=0.000 motion=0.000 moving_avg=0.000 rms=nan mean_rms=nan max_rms=-1000000.000 min_rms=1000000.000 std=nan var=nan state=standing thr=0.080/0.350/0.850
0.00,0.00,0.00,0.0000,0.0000,0.0000,0.0000,0.00,0.00,0.00,0.00,0.00,0.00,0.00,2,0.20,0.0000,0.0000,2,0.876,0.000,0.00,0.00,1.613,0
0.00,0.00,0.00,0.0000,0.0000,0.0000,0.0000,0.00,0.00,0.00,0.00,0.00,0.00,0.00,2,0.20,0.0000,0.0000,2,0.876,0.000,0.00,0.00,1.613,0
0.00,0.00,0.00,0.0000,0.0000,0.0000,0.0000,0.00,0.00,0.00,0.00,0.00,0.00,0.00,2,0.20,0.0000,0.0000,2,0.876,0.000,0.00,0.00,1.613,0
0.00,0.00,0.00,0.0000,0.0000,0.0000,0.0000,0.00,0.00,0.00,0.00,0.00,0.00,0.00,2,0.20,0.0000,0.0000,2,0.876,0.000,0.00,0.00,1.613,0
phase1 acc_mag=0.000 gravity=0.000 motion=0.000 moving_avg=0.000 rms=nan mean_rms=nan max_rms=-1000000.000 min_rms=1000000.000 std=nan var=nan state=standing thr=0.080/0.350/0.850
0.00,0.00,0.00,0.0000,0.0000,0.0000,0.0000,0.00,0.00,0.00,0.00,0.00,0.00,0.00,2,0.20,0.0000,0.0000,2,0.876,0.000,0.00,0.00,1.613,0
0.00,0.00,0.00,0.0000,0.0000,0.0000,0.0000,0.00,0.00,0.00,0.00,0.00,0.00,0.00,2,0.20,0.0000,0.0000,2,0.876,0.000,0.00,0.00,1.613,0
0.00,0.00,0.00,0.0000,0.0000,0.0000,0.0000,0.00,0.00,0.00,0.00,0.00,0.00,0.00,2,0.20,0.0000,0.0000,2,0.876,0.000,0.00,0.00,1.613,0
0.00,0.00,0.00,0.0000,0.0000,0.0000,0.0000,0.00,0.00,0.00,0.00,0.00,0.00,0.00,2,0.20,0.0000,0.0000,2,0.876,0.000,0.00,0.00,1.613,0
phase1 acc_mag=0.000 gravity=0.000 motion=0.000 moving_avg=0.000 rms=nan mean_rms=nan max_rms=-1000000.000 min_rms=1000000.000 std=nan var=nan state=standing thr=0.080/0.350/0.850
0.00,0.00,0.00,0.0000,0.0000,0.0000,0.0000,0.00,0.00,0.00,0.00,0.00,0.00,0.00,2,0.20,0.0000,0.0000,2,0.876,0.000,0.00,0.00,1.613,0
0.00,0.00,0.00,0.0000,0.0000,0.0000,0.0000,0.00,0.00,0.00,0.00,0.00,0.00,0.00,2,0.20,0.0000,0.0000,2,0.876,0.000,0.00,0.00,1.613,0
0.00,0.00,0.00,0.0000,0.0000,0.0000,0.0000,0.00,0.00,0.00,0.00,0.00,0.00,0.00,2,0.20,0.0000,0.0000,2,0.876,0.000,0.00,0.00,1.613,0
0.00,0.00,0.00,0.0000,0.0000,0.0000,0.0000,0.00,0.00,0.00,0.00,0.00,0.00,0.00,2,0.20,0.0000,0.0000,2,0.876,0.000,0.00,0.00,1.613,0
phase1 acc_mag=0.000 gravity=0.000 motion=0.000 moving_avg=0.000 rms=nan mean_rms=nan max_rms=-1000000.000 min_rms=1000000.000 std=nan var=nan state=standing thr=0.080/0.350/0.850
0.00,0.00,0.00,0.0000,0.0000,0.0000,0.0000,0.00,0.00,0.00,0.00,0.00,0.00,0.00,2,0.20,0.0000,0.0000,2,0.876,0.000,0.00,0.00,1.613,0
0.00,0.00,0.00,0.0000,0.0000,0.0000,0.0000,0.00,0.00,0.00,0.00,0.00,0.00,0.00,2,0.20,0.0000,0.0000,2,0.876,0.000,0.00,0.00,1.613,0
0.00,0.00,0.00,0.0000,0.0000,0.0000,0.0000,0.00,0.00,0.00,0.00,0.00,0.00,0.00,2,0.20,0.0000,0.0000,2,0.876,0.000,0.00,0.00,1.613,0
0.00,0.00,0.00,0.0000,0.0000,0.0000,0.0000,0.00,0.00,0.00,0.00,0.00,0.00,0.00,2,0.20,0.0000,0.0000,2,0.876,0.000,0.00,0.00,1.613,0
phase1 acc_mag=0.000 gravity=0.000 motion=0.000 moving_avg=0.000 rms=nan mean_rms=nan max_rms=-1000000.000 min_rms=1000000.000 std=nan var=nan state=standing thr=0.080/0.350/0.850
0.00,0.00,0.00,0.0000,0.0000,0.0000,0.0000,0.00,0.00,0.00,0.00,0.00,0.00,0.00,2,0.20,0.0000,0.0000,2,0.876,0.000,0.00,0.00,1.613,0
0.00,0.00,0.00,0.0000,0.0000,0.0000,0.0000,0.00,0.00,0.00,0.00,0.00,0.00,0.00,2,0.20,0.0000,0.0000,2,0.876,0.000,0.00,0.00,1.613,0
0.00,0.00,0.00,0.0000,0.0000,0.0000,0.0000,0.00,0.00,0.00,0.00,0.00,0.00,0.00,2,0.20,0.0000,0.0000,2,0.876,0.000,0.00,0.00,1.613,0
0.00,0.00,0.00,0.0000,0.0000,0.0000,0.0000,0.00,0.00,0.00,0.00,0.00,0.00,0.00,2,0.20,0.0000,0.0000,2,0.876,0.000,0.00,0.00,1.613,0
phase1 acc_mag=0.000 gravity=0.000 motion=0.000 moving_avg=0.000 rms=nan mean_rms=nan max_rms=-1000000.000 min_rms=1000000.000 std=nan var=nan state=standing thr=0.080/0.350/0.850
0.00,0.00,0.00,0.0000,0.0000,0.0000,0.0000,0.00,0.00,0.00,0.00,0.00,0.00,0.00,2,0.20,0.0000,0.0000,2,0.876,0.000,0.00,0.00,1.613,0
0.00,0.00,0.00,0.0000,0.0000,0.0000,0.0000,0.00,0.00,0.00,0.00,0.00,0.00,0.00,2,0.20,0.0000,0.0000,2,0.876,0.000,0.00,0.00,1.613,0
0.00,0.00,0.00,0.0000,0.0000,0.0000,0.0000,0.00,0.00,0.00,0.00,0.00,0.00,0.00,2,0.20,0.0000,0.0000,2,0.876,0.000,0.00,0.00,1.613,0
0.00,0.00,0.00,0.0000,0.0000,0.0000,0.0000,0.00,0.00,0.00,0.00,0.00,0.00,0.00,2,0.20,0.0000,0.0000,2,0.876,0.000,0.00,0.00,1.613,0
phase1 acc_mag=0.000 gravity=0.000 motion=0.000 moving_avg=0.000 rms=nan mean_rms=nan max_rms=-1000000.000 min_rms=1000000.000 std=nan var=nan state=standing thr=0.080/0.350/0.850
0.00,0.00,0.00,0.0000,0.0000,0.0000,0.0000,0.00,0.00,0.00,0.00,0.00,0.00,0.00,2,0.20,0.0000,0.0000,2,0.876,0.000,0.00,0.00,1.613,0
0.00,0.00,0.00,0.0000,0.0000,0.0000,0.0000,0.00,0.00,0.00,0.00,0.00,0.00,0.00,2,0.20,0.0000,0.0000,2,0.876,0.000,0.00,0.00,1.613,0
0.00,0.00,0.00,0.0000,0.0000,0.0000,0.0000,0.00,0.00,0.00,0.00,0.00,0.00,0.00,2,0.20,0.0000,0.0000,2,0.876,0.000,0.00,0.00,1.613,0
0.00,0.00,0.00,0.0000,0.0000,0.0000,0.0000,0.00,0.00,0.00,0.00,0.00,0.00,0.00,2,0.20,0.0000,0.0000,2,0.876,0.000,0.00,0.00,1.613,0
phase1 acc_mag=0.000 gravity=0.000 motion=0.000 moving_avg=0.000 rms=nan mean_rms=nan max_rms=-1000000.000 min_rms=1000000.000 std=nan var=nan state=standing thr=0.080/0.350/0.850
0.00,0.00,0.00,0.0000,0.0000,0.0000,0.0000,0.00,0.00,0.00,0.00,0.00,0.00,0.00,2,0.20,0.0000,0.0000,2,0.876,0.000,0.00,0.00,1.613,0
0.00,0.00,0.00,0.0000,0.0000,0.0000,0.0000,0.00,0.00,0.00,0.00,0.00,0.00,0.00,2,0.20,0.0000,0.0000,2,0.876,0.000,0.00,0.00,1.613,0
0.00,0.00,0.00,0.0000,0.0000,0.0000,0.0000,0.00,0.00,0.00,0.00,0.00,0.00,0.00,2,0.20,0.0000,0.0000,2,0.876,0.000,0.00,0.00,1.613,0
0.00,0.00,0.00,0.0000,0.0000,0.0000,0.0000,0.00,0.00,0.00,0.00,0.00,0.00,0.00,2,0.20,0.0000,0.0000,2,0.876,0.000,0.00,0.00,1.613,0
phase1 acc_mag=0.000 gravity=0.000 motion=0.000 moving_avg=0.000 rms=nan mean_rms=nan max_rms=-1000000.000 min_rms=1000000.000 std=nan var=nan state=standing thr=0.080/0.350/0.850
0.00,0.00,0.00,0.0000,0.0000,0.0000,0.0000,0.00,0.00,0.00,0.00,0.00,0.00,0.00,2,0.20,0.0000,0.0000,2,0.876,0.000,0.00,0.00,1.613,0
0.00,0.00,0.00,0.0000,0.0000,0.0000,0.0000,0.00,0.00,0.00,0.00,0.00,0.00,0.00,2,0.20,0.0000,0.0000,2,0.876,0.000,0.00,0.00,1.613,0
0.00,0.00,0.00,0.0000,0.0000,0.0000,0.0000,0.00,0.00,0.00,0.00,0.00,0.00,0.00,2,0.20,0.0000,0.0000,2,0.876,0.000,0.00,0.00,1.613,0
0.00,0.00,0.00,0.0000,0.0000,0.0000,0.0000,0.00,0.00,0.00,0.00,0.00,0.00,0.00,2,0.20,0.0000,0.0000,2,0.876,0.000,0.00,0.00,1.613,0
phase1 acc_mag=0.000 gravity=0.000 motion=0.000 moving_avg=0.000 rms=nan mean_rms=nan max_rms=-1000000.000 min_rms=1000000.000 std=nan var=nan state=standing thr=0.080/0.350/0.850
0.00,0.00,0.00,0.0000,0.0000,0.0000,0.0000,0.00,0.00,0.00,0.00,0.00,0.00,0.00,2,0.20,0.0000,0.0000,2,0.876,0.000,0.00,0.00,1.613,0
0.00,0.00,0.00,0.0000,0.0000,0.0000,0.0000,0.00,0.00,0.00,0.00,0.00,0.00,0.00,2,0.20,0.0000,0.0000,2,0.876,0.000,0.00,0.00,1.613,0
0.00,0.00,0.00,0.0000,0.0000,0.0000,0.0000,0.00,0.00,0.00,0.00,0.00,0.00,0.00,2,0.20,0.0000,0.0000,2,0.876,0.000,0.00,0.00,1.613,0
0.00,0.00,0.00,0.0000,0.0000,0.0000,0.0000,0.00,0.00,0.00,0.00,0.00,0.00,0.00,2,0.20,0.0000,0.0000,2,0.876,0.000,0.00,0.00,1.613,0
phase1 acc_mag=0.000 gravity=0.000 motion=0.000 moving_avg=0.000 rms=nan mean_rms=nan max_rms=-1000000.000 min_rms=1000000.000 std=nan var=nan state=standing thr=0.080/0.350/0.850
0.00,0.00,0.00,0.0000,0.0000,0.0000,0.0000,0.00,0.00,0.00,0.00,0.00,0.00,0.00,2,0.20,0.0000,0.0000,2,0.876,0.000,0.00,0.00,1.613,0
0.00,0.00,0.00,0.0000,0.0000,0.0000,0.0000,0.00,0.00,0.00,0.00,0.00,0.00,0.00,2,0.20,0.0000,0.0000,2,0.876,0.000,0.00,0.00,1.613,0
0.00,0.00,0.00,0.0000,0.0000,0.0000,0.0000,0.00,0.00,0.00,0.00,0.00,0.00,0.00,2,0.20,0.0000,0.0000,2,0.876,0.000,0.00,0.00,1.613,0
0.00,0.00,0.00,0.0000,0.0000,0.0000,0.0000,0.00,0.00,0.00,0.00,0.00,0.00,0.00,2,0.20,0.0000,0.0000,2,0.876,0.000,0.00,0.00,1.613,0
phase1 acc_mag=0.000 gravity=0.000 motion=0.000 moving_avg=0.000 rms=nan mean_rms=nan max_rms=-1000000.000 min_rms=1000000.000 std=nan var=nan state=standing thr=0.080/0.350/0.850
0.00,0.00,0.00,0.0000,0.0000,0.0000,0.0000,0.00,0.00,0.00,0.00,0.00,0.00,0.00,2,0.20,0.0000,0.0000,2,0.876,0.000,0.00,0.00,1.613,0
0.00,0.00,0.00,0.0000,0.0000,0.0000,0.0000,0.00,0.00,0.00,0.00,0.00,0.00,0.00,2,0.20,0.0000,0.0000,2,0.876,0.000,0.00,0.00,1.613,0
0.00,0.00,0.00,0.0000,0.0000,0.0000,0.0000,0.00,0.00,0.00,0.00,0.00,0.00,0.00,2,0.20,0.0000,0.0000,2,0.876,0.000,0.00,0.00,1.613,0
0.00,0.00,0.00,0.0000,0.0000,0.0000,0.0000,0.00,0.00,0.00,0.00,0.00,0.00,0.00,2,0.20,0.0000,0.0000,2,0.876,0.000,0.00,0.00,1.613,0
phase1 acc_mag=0.000 gravity=0.000 motion=0.000 moving_avg=0.000 rms=nan mean_rms=nan max_rms=-1000000.000 min_rms=1000000.000 std=nan var=nan state=standing thr=0.080/0.350/0.850
0.00,0.00,0.00,0.0000,0.0000,0.0000,0.0000,0.00,0.00,0.00,0.00,0.00,0.00,0.00,2,0.20,0.0000,0.0000,2,0.876,0.000,0.00,0.00,1.613,0
0.00,0.00,0.00,0.0000,0.0000,0.0000,0.0000,0.00,0.00,0.00,0.00,0.00,0.00,0.00,2,0.20,0.0000,0.0000,2,0.876,0.000,0.00,0.00,1.613,0
0.00,0.00,0.00,0.0000,0.0000,0.0000,0.0000,0.00,0.00,0.00,0.00,0.00,0.00,0.00,2,0.20,0.0000,0.0000,2,0.876,0.000,0.00,0.00,1.613,0
0.00,0.00,0.00,0.0000,0.0000,0.0000,0.0000,0.00,0.00,0.00,0.00,0.00,0.00,0.00,2,0.20,0.0000,0.0000,2,0.876,0.000,0.00,0.00,1.613,0
phase1 acc_mag=0.000 gravity=0.000 motion=0.000 moving_avg=0.000 rms=nan mean_rms=nan max_rms=-1000000.000 min_rms=1000000.000 std=nan var=nan state=standing thr=0.080/0.350/0.850
0.00,0.00,0.00,0.0000,0.0000,0.0000,0.0000,0.00,0.00,0.00,0.00,0.00,0.00,0.00,2,0.20,0.0000,0.0000,2,0.876,0.000,0.00,0.00,1.613,0
0.00,0.00,0.00,0.0000,0.0000,0.0000,0.0000,0.00,0.00,0.00,0.00,0.00,0.00,0.00,2,0.20,0.0000,0.0000,2,0.876,0.000,0.00,0.00,1.613,0
0.00,0.00,0.00,0.0000,0.0000,0.0000,0.0000,0.00,0.00,0.00,0.00,0.00,0.00,0.00,2,0.20,0.0000,0.0000,2,0.876,0.000,0.00,0.00,1.613,0
0.00,0.00,0.00,0.0000,0.0000,0.0000,0.0000,0.00,0.00,0.00,0.00,0.00,0.00,0.00,2,0.20,0.0000,0.0000,2,0.876,0.000,0.00,0.00,1.613,0
phase1 acc_mag=0.000 gravity=0.000 motion=0.000 moving_avg=0.000 rms=nan mean_rms=nan max_rms=-1000000.000 min_rms=1000000.000 std=nan var=nan state=standing thr=0.080/0.350/0.850
0.00,0.00,0.00,0.0000,0.0000,0.0000,0.0000,0.00,0.00,0.00,0.00,0.00,0.00,0.00,2,0.20,0.0000,0.0000,2,0.876,0.000,0.00,0.00,1.613,0
0.00,0.00,0.00,0.0000,0.0000,0.0000,0.0000,0.00,0.00,0.00,0.00,0.00,0.00,0.00,2,0.20,0.0000,0.0000,2,0.876,0.000,0.00,0.00,1.613,0
0.00,0.00,0.00,0.0000,0.0000,0.0000,0.0000,0.00,0.00,0.00,0.00,0.00,0.00,0.00,2,0.20,0.0000,0.0000,2,0.876,0.000,0.00,0.00,1.613,0
0.00,0.00,0.00,0.0000,0.0000,0.0000,0.0000,0.00,0.00,0.00,0.00,0.00,0.00,0.00,2,0.20,0.0000,0.0000,2,0.876,0.000,0.00,0.00,1.613,0
phase1 acc_mag=0.000 gravity=0.000 motion=0.000 moving_avg=0.000 rms=nan mean_rms=nan max_rms=-1000000.000 min_rms=1000000.000 std=nan var=nan state=standing thr=0.080/0.350/0.850
0.00,0.00,0.00,0.0000,0.0000,0.0000,0.0000,0.00,0.00,0.00,0.00,0.00,0.00,0.00,2,0.20,0.0000,0.0000,2,0.876,0.000,0.00,0.00,1.613,0
0.00,0.00,0.00,0.0000,0.0000,0.0000,0.0000,0.00,0.00,0.00,0.00,0.00,0.00,0.00,2,0.20,0.0000,0.0000,2,0.876,0.000,0.00,0.00,1.613,0
0.00,0.00,0.00,0.0000,0.0000,0.0000,0.0000,0.00,0.00,0.00,0.00,0.00,0.00,0.00,2,0.20,0.0000,0.0000,2,0.876,0.000,0.00,0.00,1.613,0
0.00,0.00,0.00,0.0000,0.0000,0.0000,0.0000,0.00,0.00,0.00,0.00,0.00,0.00,0.00,2,0.20,0.0000,0.0000,2,0.876,0.000,0.00,0.00,1.613,0
phase1 acc_mag=0.000 gravity=0.000 motion=0.000 moving_avg=0.000 rms=nan mean_rms=nan max_rms=-1000000.000 min_rms=1000000.000 std=nan var=nan state=standing thr=0.080/0.350/0.850
0.00,0.00,0.00,0.0000,0.0000,0.0000,0.0000,0.00,0.00,0.00,0.00,0.00,0.00,0.00,2,0.20,0.0000,0.0000,2,0.876,0.000,0.00,0.00,1.613,0
0.00,0.00,0.00,0.0000,0.0000,0.0000,0.0000,0.00,0.00,0.00,0.00,0.00,0.00,0.00,2,0.20,0.0000,0.0000,2,0.876,0.000,0.00,0.00,1.613,0
0.00,0.00,0.00,0.0000,0.0000,0.0000,0.0000,0.00,0.00,0.00,0.00,0.00,0.00,0.00,2,0.20,0.0000,0.0000,2,0.876,0.000,0.00,0.00,1.613,0
0.00,0.00,0.00,0.0000,0.0000,0.0000,0.0000,0.00,0.00,0.00,0.00,0.00,0.00,0.00,2,0.20,0.0000,0.0000,2,0.876,0.000,0.00,0.00,1.613,0
phase1 acc_mag=0.000 gravity=0.000 motion=0.000 moving_avg=0.000 rms=nan mean_rms=nan max_rms=-1000000.000 min_rms=1000000.000 std=nan var=nan state=standing thr=0.080/0.350/0.850
0.00,0.00,0.00,0.0000,0.0000,0.0000,0.0000,0.00,0.00,0.00,0.00,0.00,0.00,0.00,2,0.20,0.0000,0.0000,2,0.876,0.000,0.00,0.00,1.613,0
0.00,0.00,0.00,0.0000,0.0000,0.0000,0.0000,0.00,0.00,0.00,0.00,0.00,0.00,0.00,2,0.20,0.0000,0.0000,2,0.876,0.000,0.00,0.00,1.613,0
0.00,0.00,0.00,0.0000,0.0000,0.0000,0.0000,0.00,0.00,0.00,0.00,0.00,0.00,0.00,2,0.20,0.0000,0.0000,2,0.876,0.000,0.00,0.00,1.613,0
0.00,0.00,0.00,0.0000,0.0000,0.0000,0.0000,0.00,0.00,0.00,0.00,0.00,0.00,0.00,2,0.20,0.0000,0.0000,2,0.876,0.000,0.00,0.00,1.613,0
phase1 acc_mag=0.000 gravity=0.000 motion=0.000 moving_avg=0.000 rms=nan mean_rms=nan max_rms=-1000000.000 min_rms=1000000.000 std=nan var=nan state=standing thr=0.080/0.350/0.850
0.00,0.00,0.00,0.0000,0.0000,0.0000,0.0000,0.00,0.00,0.00,0.00,0.00,0.00,0.00,2,0.20,0.0000,0.0000,2,0.876,0.000,0.00,0.00,1.613,0
0.00,0.00,0.00,0.0000,0.0000,0.0000,0.0000,0.00,0.00,0.00,0.00,0.00,0.00,0.00,2,0.20,0.0000,0.0000,2,0.876,0.000,0.00,0.00,1.613,0
0.00,0.00,0.00,0.0000,0.0000,0.0000,0.0000,0.00,0.00,0.00,0.00,0.00,0.00,0.00,2,0.20,0.0000,0.0000,2,0.876,0.000,0.00,0.00,1.613,0
0.00,0.00,0.00,0.0000,0.0000,0.0000,0.0000,0.00,0.00,0.00,0.00,0.00,0.00,0.00,2,0.20,0.0000,0.0000,2,0.876,0.000,0.00,0.00,1.613,0
phase1 acc_mag=0.000 gravity=0.000 motion=0.000 moving_avg=0.000 rms=nan mean_rms=nan max_rms=-1000000.000 min_rms=1000000.000 std=nan var=nan state=standing thr=0.080/0.350/0.850
0.00,0.00,0.00,0.0000,0.0000,0.0000,0.0000,0.00,0.00,0.00,0.00,0.00,0.00,0.00,2,0.20,0.0000,0.0000,2,0.876,0.000,0.00,0.00,1.613,0
0.00,0.00,0.00,0.0000,0.0000,0.0000,0.0000,0.00,0.00,0.00,0.00,0.00,0.00,0.00,2,0.20,0.0000,0.0000,2,0.876,0.000,0.00,0.00,1.613,0
0.00,0.00,0.00,0.0000,0.0000,0.0000,0.0000,0.00,0.00,0.00,0.00,0.00,0.00,0.00,2,0.20,0.0000,0.0000,2,0.876,0.000,0.00,0.00,1.613,0
0.00,0.00,0.00,0.0000,0.0000,0.0000,0.0000,0.00,0.00,0.00,0.00,0.00,0.00,0.00,2,0.20,0.0000,0.0000,2,0.876,0.000,0.00,0.00,1.613,0
phase1 acc_mag=0.000 gravity=0.000 motion=0.000 moving_avg=0.000 rms=nan mean_rms=nan max_rms=-1000000.000 min_rms=1000000.000 std=nan var=nan state=standing thr=0.080/0.350/0.850
0.00,0.00,0.00,0.0000,0.0000,0.0000,0.0000,0.00,0.00,0.00,0.00,0.00,0.00,0.00,2,0.20,0.0000,0.0000,2,0.876,0.000,0.00,0.00,1.613,0
0.00,0.00,0.00,0.0000,0.0000,0.0000,0.0000,0.00,0.00,0.00,0.00,0.00,0.00,0.00,2,0.20,0.0000,0.0000,2,0.876,0.000,0.00,0.00,1.613,0
0.00,0.00,0.00,0.0000,0.0000,0.0000,0.0000,0.00,0.00,0.00,0.00,0.00,0.00,0.00,2,0.20,0.0000,0.0000,2,0.876,0.000,0.00,0.00,1.613,0
0.00,0.00,0.00,0.0000,0.0000,0.0000,0.0000,0.00,0.00,0.00,0.00,0.00,0.00,0.00,2,0.20,0.0000,0.0000,2,0.876,0.000,0.00,0.00,1.613,0
phase1 acc_mag=0.000 gravity=0.000 motion=0.000 moving_avg=0.000 rms=nan mean_rms=nan max_rms=-1000000.000 min_rms=1000000.000 std=nan var=nan state=standing thr=0.080/0.350/0.850
0.00,0.00,0.00,0.0000,0.0000,0.0000,0.0000,0.00,0.00,0.00,0.00,0.00,0.00,0.00,2,0.20,0.0000,0.0000,2,0.876,0.000,0.00,0.00,1.613,0
0.00,0.00,0.00,0.0000,0.0000,0.0000,0.0000,0.00,0.00,0.00,0.00,0.00,0.00,0.00,2,0.20,0.0000,0.0000,2,0.876,0.000,0.00,0.00,1.613,0
0.00,0.00,0.00,0.0000,0.0000,0.0000,0.0000,0.00,0.00,0.00,0.00,0.00,0.00,0.00,2,0.20,0.0000,0.0000,2,0.876,0.000,0.00,0.00,1.613,0
0.00,0.00,0.00,0.0000,0.0000,0.0000,0.0000,0.00,0.00,0.00,0.00,0.00,0.00,0.00,2,0.20,0.0000,0.0000,2,0.876,0.000,0.00,0.00,1.613,0
phase1 acc_mag=0.000 gravity=0.000 motion=0.000 moving_avg=0.000 rms=nan mean_rms=nan max_rms=-1000000.000 min_rms=1000000.000 std=nan var=nan state=standing thr=0.080/0.350/0.850
0.00,0.00,0.00,0.0000,0.0000,0.0000,0.0000,0.00,0.00,0.00,0.00,0.00,0.00,0.00,2,0.20,0.0000,0.0000,2,0.876,0.000,0.00,0.00,1.613,0
0.00,0.00,0.00,0.0000,0.0000,0.0000,0.0000,0.00,0.00,0.00,0.00,0.00,0.00,0.00,2,0.20,0.0000,0.0000,2,0.876,0.000,0.00,0.00,1.613,0
0.00,0.00,0.00,0.0000,0.0000,0.0000,0.0000,0.00,0.00,0.00,0.00,0.00,0.00,0.00,2,0.20,0.0000,0.0000,2,0.876,0.000,0.00,0.00,1.613,0
0.00,0.00,0.00,0.0000,0.0000,0.0000,0.0000,0.00,0.00,0.00,0.00,0.00,0.00,0.00,2,0.20,0.0000,0.0000,2,0.876,0.000,0.00,0.00,1.613,0
phase1 acc_mag=0.000 gravity=0.000 motion=0.000 moving_avg=0.000 rms=nan mean_rms=nan max_rms=-1000000.000 min_rms=1000000.000 std=nan var=nan state=standing thr=0.080/0.350/0.850
0.00,0.00,0.00,0.0000,0.0000,0.0000,0.0000,0.00,0.00,0.00,0.00,0.00,0.00,0.00,2,0.20,0.0000,0.0000,2,0.876,0.000,0.00,0.00,1.613,0
0.00,0.00,0.00,0.0000,0.0000,0.0000,0.0000,0.00,0.00,0.00,0.00,0.00,0.00,0.00,2,0.20,0.0000,0.0000,2,0.876,0.000,0.00,0.00,1.613,0
0.00,0.00,0.00,0.0000,0.0000,0.0000,0.0000,0.00,0.00,0.00,0.00,0.00,0.00,0.00,2,0.20,0.0000,0.0000,2,0.876,0.000,0.00,0.00,1.613,0
0.00,0.00,0.00,0.0000,0.0000,0.0000,0.0000,0.00,0.00,0.00,0.00,0.00,0.00,0.00,2,0.20,0.0000,0.0000,2,0.876,0.000,0.00,0.00,1.613,0
phase1 acc_mag=0.000 gravity=0.000 motion=0.000 moving_avg=0.000 rms=nan mean_rms=nan max_rms=-1000000.000 min_rms=1000000.000 std=nan var=nan state=standing thr=0.080/0.350/0.850
0.00,0.00,0.00,0.0000,0.0000,0.0000,0.0000,0.00,0.00,0.00,0.00,0.00,0.00,0.00,2,0.20,0.0000,0.0000,2,0.876,0.000,0.00,0.00,1.613,0
0.00,0.00,0.00,0.0000,0.0000,0.0000,0.0000,0.00,0.00,0.00,0.00,0.00,0.00,0.00,2,0.20,0.0000,0.0000,2,0.876,0.000,0.00,0.00,1.613,0
0.00,0.00,0.00,0.0000,0.0000,0.0000,0.0000,0.00,0.00,0.00,0.00,0.00,0.00,0.00,2,0.20,0.0000,0.0000,2,0.876,0.000,0.00,0.00,1.613,0
0.00,0.00,0.00,0.0000,0.0000,0.0000,0.0000,0.00,0.00,0.00,0.00,0.00,0.00,0.00,2,0.20,0.0000,0.0000,2,0.876,0.000,0.00,0.00,1.613,0
phase1 acc_mag=0.000 gravity=0.000 motion=0.000 moving_avg=0.000 rms=nan mean_rms=nan max_rms=-1000000.000 min_rms=1000000.000 std=nan var=nan state=standing thr=0.080/0.350/0.850
0.00,0.00,0.00,0.0000,0.0000,0.0000,0.0000,0.00,0.00,0.00,0.00,0.00,0.00,0.00,2,0.20,0.0000,0.0000,2,0.876,0.000,0.00,0.00,1.613,0
0.00,0.00,0.00,0.0000,0.0000,0.0000,0.0000,0.00,0.00,0.00,0.00,0.00,0.00,0.00,2,0.20,0.0000,0.0000,2,0.876,0.000,0.00,0.00,1.613,0
0.00,0.00,0.00,0.0000,0.0000,0.0000,0.0000,0.00,0.00,0.00,0.00,0.00,0.00,0.00,2,0.20,0.0000,0.0000,2,0.876,0.000,0.00,0.00,1.613,0
0.00,0.00,0.00,0.0000,0.0000,0.0000,0.0000,0.00,0.00,0.00,0.00,0.00,0.00,0.00,2,0.20,0.0000,0.0000,2,0.876,0.000,0.00,0.00,1.613,0
phase1 acc_mag=0.000 gravity=0.000 motion=0.000 moving_avg=0.000 rms=nan mean_rms=nan max_rms=-1000000.000 min_rms=1000000.000 std=nan var=nan state=standing thr=0.080/0.350/0.850
0.00,0.00,0.00,0.0000,0.0000,0.0000,0.0000,0.00,0.00,0.00,0.00,0.00,0.00,0.00,2,0.20,0.0000,0.0000,2,0.876,0.000,0.00,0.00,1.613,0
0.00,0.00,0.00,0.0000,0.0000,0.0000,0.0000,0.00,0.00,0.00,0.00,0.00,0.00,0.00,2,0.20,0.0000,0.0000,2,0.876,0.000,0.00,0.00,1.613,0
0.00,0.00,0.00,0.0000,0.0000,0.0000,0.0000,0.00,0.00,0.00,0.00,0.00,0.00,0.00,2,0.20,0.0000,0.0000,2,0.876,0.000,0.00,0.00,1.613,0
0.00,0.00,0.00,0.0000,0.0000,0.0000,0.0000,0.00,0.00,0.00,0.00,0.00,0.00,0.00,2,0.20,0.0000,0.0000,2,0.876,0.000,0.00,0.00,1.613,0
phase1 acc_mag=0.000 gravity=0.000 motion=0.000 moving_avg=0.000 rms=nan mean_rms=nan max_rms=-1000000.000 min_rms=1000000.000 std=nan var=nan state=standing thr=0.080/0.350/0.850
0.00,0.00,0.00,0.0000,0.0000,0.0000,0.0000,0.00,0.00,0.00,0.00,0.00,0.00,0.00,2,0.20,0.0000,0.0000,2,0.876,0.000,0.00,0.00,1.613,0
0.00,0.00,0.00,0.0000,0.0000,0.0000,0.0000,0.00,0.00,0.00,0.00,0.00,0.00,0.00,2,0.20,0.0000,0.0000,2,0.876,0.000,0.00,0.00,1.613,0
0.00,0.00,0.00,0.0000,0.0000,0.0000,0.0000,0.00,0.00,0.00,0.00,0.00,0.00,0.00,2,0.20,0.0000,0.0000,2,0.876,0.000,0.00,0.00,1.613,0
0.00,0.00,0.00,0.0000,0.0000,0.0000,0.0000,0.00,0.00,0.00,0.00,0.00,0.00,0.00,2,0.20,0.0000,0.0000,2,0.876,0.000,0.00,0.00,1.613,0
phase1 acc_mag=0.000 gravity=0.000 motion=0.000 moving_avg=0.000 rms=nan mean_rms=nan max_rms=-1000000.000 min_rms=1000000.000 std=nan var=nan state=standing thr=0.080/0.350/0.850
0.00,0.00,0.00,0.0000,0.0000,0.0000,0.0000,0.00,0.00,0.00,0.00,0.00,0.00,0.00,2,0.20,0.0000,0.0000,2,0.876,0.000,0.00,0.00,1.613,0
0.00,0.00,0.00,0.0000,0.0000,0.0000,0.0000,0.00,0.00,0.00,0.00,0.00,0.00,0.00,2,0.20,0.0000,0.0000,2,0.876,0.000,0.00,0.00,1.613,0
0.00,0.00,0.00,0.0000,0.0000,0.0000,0.0000,0.00,0.00,0.00,0.00,0.00,0.00,0.00,2,0.20,0.0000,0.0000,2,0.876,0.000,0.00,0.00,1.613,0
0.00,0.00,0.00,0.0000,0.0000,0.0000,0.0000,0.00,0.00,0.00,0.00,0.00,0.00,0.00,2,0.20,0.0000,0.0000,2,0.876,0.000,0.00,0.00,1.613,0
phase1 acc_mag=0.000 gravity=0.000 motion=0.000 moving_avg=0.000 rms=nan mean_rms=nan max_rms=-1000000.000 min_rms=1000000.000 std=nan var=nan state=standing thr=0.080/0.350/0.850
0.00,0.00,0.00,0.0000,0.0000,0.0000,0.0000,0.00,0.00,0.00,0.00,0.00,0.00,0.00,2,0.20,0.0000,0.0000,2,0.876,0.000,0.00,0.00,1.613,0
0.00,0.00,0.00,0.0000,0.0000,0.0000,0.0000,0.00,0.00,0.00,0.00,0.00,0.00,0.00,2,0.20,0.0000,0.0000,2,0.876,0.000,0.00,0.00,1.613,0
0.00,0.00,0.00,0.0000,0.0000,0.0000,0.0000,0.00,0.00,0.00,0.00,0.00,0.00,0.00,2,0.20,0.0000,0.0000,2,0.876,0.000,0.00,0.00,1.613,0
0.00,0.00,0.00,0.0000,0.0000,0.0000,0.0000,0.00,0.00,0.00,0.00,0.00,0.00,0.00,2,0.20,0.0000,0.0000,2,0.876,0.000,0.00,0.00,1.613,0
phase1 acc_mag=0.000 gravity=0.000 motion=0.000 moving_avg=0.000 rms=nan mean_rms=nan max_rms=-1000000.000 min_rms=1000000.000 std=nan var=nan state=standing thr=0.080/0.350/0.850
0.00,0.00,0.00,0.0000,0.0000,0.0000,0.0000,0.00,0.00,0.00,0.00,0.00,0.00,0.00,2,0.20,0.0000,0.0000,2,0.876,0.000,0.00,0.00,1.613,0
0.00,0.00,0.00,0.0000,0.0000,0.0000,0.0000,0.00,0.00,0.00,0.00,0.00,0.00,0.00,2,0.20,0.0000,0.0000,2,0.876,0.000,0.00,0.00,1.613,0
0.00,0.00,0.00,0.0000,0.0000,0.0000,0.0000,0.00,0.00,0.00,0.00,0.00,0.00,0.00,2,0.20,0.0000,0.0000,2,0.876,0.000,0.00,0.00,1.613,0
0.00,0.00,0.00,0.0000,0.0000,0.0000,0.0000,0.00,0.00,0.00,0.00,0.00,0.00,0.00,2,0.20,0.0000,0.0000,2,0.876,0.000,0.00,0.00,1.613,0
phase1 acc_mag=0.000 gravity=0.000 motion=0.000 moving_avg=0.000 rms=nan mean_rms=nan max_rms=-1000000.000 min_rms=1000000.000 std=nan var=nan state=standing thr=0.080/0.350/0.850
0.00,0.00,0.00,0.0000,0.0000,0.0000,0.0000,0.00,0.00,0.00,0.00,0.00,0.00,0.00,2,0.20,0.0000,0.0000,2,0.876,0.000,0.00,0.00,1.613,0
0.00,0.00,0.00,0.0000,0.0000,0.0000,0.0000,0.00,0.00,0.00,0.00,0.00,0.00,0.00,2,0.20,0.0000,0.0000,2,0.876,0.000,0.00,0.00,1.613,0
0.00,0.00,0.00,0.0000,0.0000,0.0000,0.0000,0.00,0.00,0.00,0.00,0.00,0.00,0.00,2,0.20,0.0000,0.0000,2,0.876,0.000,0.00,0.00,1.613,0
0.00,0.00,0.00,0.0000,0.0000,0.0000,0.0000,0.00,0.00,0.00,0.00,0.00,0.00,0.00,2,0.20,0.0000,0.0000,2,0.876,0.000,0.00,0.00,1.613,0
phase1 acc_mag=0.000 gravity=0.000 motion=0.000 moving_avg=0.000 rms=nan mean_rms=nan max_rms=-1000000.000 min_rms=1000000.000 std=nan var=nan state=standing thr=0.080/0.350/0.850
0.00,0.00,0.00,0.0000,0.0000,0.0000,0.0000,0.00,0.00,0.00,0.00,0.00,0.00,0.00,2,0.20,0.0000,0.0000,2,0.876,0.000,0.00,0.00,1.613,0
0.00,0.00,0.00,0.0000,0.0000,0.0000,0.0000,0.00,0.00,0.00,0.00,0.00,0.00,0.00,2,0.20,0.0000,0.0000,2,0.876,0.000,0.00,0.00,1.613,0
0.00,0.00,0.00,0.0000,0.0000,0.0000,0.0000,0.00,0.00,0.00,0.00,0.00,0.00,0.00,2,0.20,0.0000,0.0000,2,0.876,0.000,0.00,0.00,1.613,0
0.00,0.00,0.00,0.0000,0.0000,0.0000,0.0000,0.00,0.00,0.00,0.00,0.00,0.00,0.00,2,0.20,0.0000,0.0000,2,0.876,0.000,0.00,0.00,1.613,0
phase1 acc_mag=0.000 gravity=0.000 motion=0.000 moving_avg=0.000 rms=nan mean_rms=nan max_rms=-1000000.000 min_rms=1000000.000 std=nan var=nan state=standing thr=0.080/0.350/0.850
0.00,0.00,0.00,0.0000,0.0000,0.0000,0.0000,0.00,0.00,0.00,0.00,0.00,0.00,0.00,2,0.20,0.0000,0.0000,2,0.876,0.000,0.00,0.00,1.613,0
0.00,0.00,0.00,0.0000,0.0000,0.0000,0.0000,0.00,0.00,0.00,0.00,0.00,0.00,0.00,2,0.20,0.0000,0.0000,2,0.876,0.000,0.00,0.00,1.613,0
0.00,0.00,0.00,0.0000,0.0000,0.0000,0.0000,0.00,0.00,0.00,0.00,0.00,0.00,0.00,2,0.20,0.0000,0.0000,2,0.876,0.000,0.00,0.00,1.613,0
0.00,0.00,0.00,0.0000,0.0000,0.0000,0.0000,0.00,0.00,0.00,0.00,0.00,0.00,0.00,2,0.20,0.0000,0.0000,2,0.876,0.000,0.00,0.00,1.613,0
phase1 acc_mag=0.000 gravity=0.000 motion=0.000 moving_avg=0.000 rms=nan mean_rms=nan max_rms=-1000000.000 min_rms=1000000.000 std=nan var=nan state=standing thr=0.080/0.350/0.850
0.00,0.00,0.00,0.0000,0.0000,0.0000,0.0000,0.00,0.00,0.00,0.00,0.00,0.00,0.00,2,0.20,0.0000,0.0000,2,0.876,0.000,0.00,0.00,1.613,0
0.00,0.00,0.00,0.0000,0.0000,0.0000,0.0000,0.00,0.00,0.00,0.00,0.00,0.00,0.00,2,0.20,0.0000,0.0000,2,0.876,0.000,0.00,0.00,1.613,0
0.00,0.00,0.00,0.0000,0.0000,0.0000,0.0000,0.00,0.00,0.00,0.00,0.00,0.00,0.00,2,0.20,0.0000,0.0000,2,0.876,0.000,0.00,0.00,1.613,0
0.00,0.00,0.00,0.0000,0.0000,0.0000,0.0000,0.00,0.00,0.00,0.00,0.00,0.00,0.00,2,0.20,0.0000,0.0000,2,0.876,0.000,0.00,0.00,1.613,0
phase1 acc_mag=0.000 gravity=0.000 motion=0.000 moving_avg=0.000 rms=nan mean_rms=nan max_rms=-1000000.000 min_rms=1000000.000 std=nan var=nan state=standing thr=0.080/0.350/0.850
0.00,0.00,0.00,0.0000,0.0000,0.0000,0.0000,0.00,0.00,0.00,0.00,0.00,0.00,0.00,2,0.20,0.0000,0.0000,2,0.876,0.000,0.00,0.00,1.613,0
0.00,0.00,0.00,0.0000,0.0000,0.0000,0.0000,0.00,0.00,0.00,0.00,0.00,0.00,0.00,2,0.20,0.0000,0.0000,2,0.876,0.000,0.00,0.00,1.613,0
0.00,0.00,0.00,0.0000,0.0000,0.0000,0.0000,0.00,0.00,0.00,0.00,0.00,0.00,0.00,2,0.20,0.0000,0.0000,2,0.876,0.000,0.00,0.00,1.613,0
0.00,0.00,0.00,0.0000,0.0000,0.0000,0.0000,0.00,0.00,0.00,0.00,0.00,0.00,0.00,2,0.20,0.0000,0.0000,2,0.876,0.000,0.00,0.00,1.613,0
phase1 acc_mag=0.000 gravity=0.000 motion=0.000 moving_avg=0.000 rms=nan mean_rms=nan max_rms=-1000000.000 min_rms=1000000.000 std=nan var=nan state=standing thr=0.080/0.350/0.850
0.00,0.00,0.00,0.0000,0.0000,0.0000,0.0000,0.00,0.00,0.00,0.00,0.00,0.00,0.00,2,0.20,0.0000,0.0000,2,0.876,0.000,0.00,0.00,1.613,0
0.00,0.00,0.00,0.0000,0.0000,0.0000,0.0000,0.00,0.00,0.00,0.00,0.00,0.00,0.00,2,0.20,0.0000,0.0000,2,0.876,0.000,0.00,0.00,1.613,0
0.00,0.00,0.00,0.0000,0.0000,0.0000,0.0000,0.00,0.00,0.00,0.00,0.00,0.00,0.00,2,0.20,0.0000,0.0000,2,0.876,0.000,0.00,0.00,1.613,0
0.00,0.00,0.00,0.0000,0.0000,0.0000,0.0000,0.00,0.00,0.00,0.00,0.00,0.00,0.00,2,0.20,0.0000,0.0000,2,0.876,0.000,0.00,0.00,1.613,0
phase1 acc_mag=0.000 gravity=0.000 motion=0.000 moving_avg=0.000 rms=nan mean_rms=nan max_rms=-1000000.000 min_rms=1000000.000 std=nan var=nan state=standing thr=0.080/0.350/0.850
0.00,0.00,0.00,0.0000,0.0000,0.0000,0.0000,0.00,0.00,0.00,0.00,0.00,0.00,0.00,2,0.20,0.0000,0.0000,2,0.876,0.000,0.00,0.00,1.613,0
0.00,0.00,0.00,0.0000,0.0000,0.0000,0.0000,0.00,0.00,0.00,0.00,0.00,0.00,0.00,2,0.20,0.0000,0.0000,2,0.876,0.000,0.00,0.00,1.613,0
0.00,0.00,0.00,0.0000,0.0000,0.0000,0.0000,0.00,0.00,0.00,0.00,0.00,0.00,0.00,2,0.20,0.0000,0.0000,2,0.876,0.000,0.00,0.00,1.613,0
0.00,0.00,0.00,0.0000,0.0000,0.0000,0.0000,0.00,0.00,0.00,0.00,0.00,0.00,0.00,2,0.20,0.0000,0.0000,2,0.876,0.000,0.00,0.00,1.613,0
phase1 acc_mag=0.000 gravity=0.000 motion=0.000 moving_avg=0.000 rms=nan mean_rms=nan max_rms=-1000000.000 min_rms=1000000.000 std=nan var=nan state=standing thr=0.080/0.350/0.850
0.00,0.00,0.00,0.0000,0.0000,0.0000,0.0000,0.00,0.00,0.00,0.00,0.00,0.00,0.00,2,0.20,0.0000,0.0000,2,0.876,0.000,0.00,0.00,1.613,0
0.00,0.00,0.00,0.0000,0.0000,0.0000,0.0000,0.00,0.00,0.00,0.00,0.00,0.00,0.00,2,0.20,0.0000,0.0000,2,0.876,0.000,0.00,0.00,1.613,0
0.00,0.00,0.00,0.0000,0.0000,0.0000,0.0000,0.00,0.00,0.00,0.00,0.00,0.00,0.00,2,0.20,0.0000,0.0000,2,0.876,0.000,0.00,0.00,1.613,0
0.00,0.00,0.00,0.0000,0.0000,0.0000,0.0000,0.00,0.00,0.00,0.00,0.00,0.00,0.00,2,0.20,0.0000,0.0000,2,0.876,0.000,0.00,0.00,1.613,0
phase1 acc_mag=0.000 gravity=0.000 motion=0.000 moving_avg=0.000 rms=nan mean_rms=nan max_rms=-1000000.000 min_rms=1000000.000 std=nan var=nan state=standing thr=0.080/0.350/0.850
0.00,0.00,0.00,0.0000,0.0000,0.0000,0.0000,0.00,0.00,0.00,0.00,0.00,0.00,0.00,2,0.20,0.0000,0.0000,2,0.876,0.000,0.00,0.00,1.613,0
0.00,0.00,0.00,0.0000,0.0000,0.0000,0.0000,0.00,0.00,0.00,0.00,0.00,0.00,0.00,2,0.20,0.0000,0.0000,2,0.876,0.000,0.00,0.00,1.613,0
0.00,0.00,0.00,0.0000,0.0000,0.0000,0.0000,0.00,0.00,0.00,0.00,0.00,0.00,0.00,2,0.20,0.0000,0.0000,2,0.876,0.000,0.00,0.00,1.613,0
0.00,0.00,0.00,0.0000,0.0000,0.0000,0.0000,0.00,0.00,0.00,0.00,0.00,0.00,0.00,2,0.20,0.0000,0.0000,2,0.876,0.000,0.00,0.00,1.613,0
phase1 acc_mag=0.000 gravity=0.000 motion=0.000 moving_avg=0.000 rms=nan mean_rms=nan max_rms=-1000000.000 min_rms=1000000.000 std=nan var=nan state=standing thr=0.080/0.350/0.850
0.00,0.00,0.00,0.0000,0.0000,0.0000,0.0000,0.00,0.00,0.00,0.00,0.00,0.00,0.00,2,0.20,0.0000,0.0000,2,0.876,0.000,0.00,0.00,1.613,0
0.00,0.00,0.00,0.0000,0.0000,0.0000,0.0000,0.00,0.00,0.00,0.00,0.00,0.00,0.00,2,0.20,0.0000,0.0000,2,0.876,0.000,0.00,0.00,1.613,0
0.00,0.00,0.00,0.0000,0.0000,0.0000,0.0000,0.00,0.00,0.00,0.00,0.00,0.00,0.00,2,0.20,0.0000,0.0000,2,0.876,0.000,0.00,0.00,1.613,0
0.00,0.00,0.00,0.0000,0.0000,0.0000,0.0000,0.00,0.00,0.00,0.00,0.00,0.00,0.00,2,0.20,0.0000,0.0000,2,0.876,0.000,0.00,0.00,1.613,0
phase1 acc_mag=0.000 gravity=0.000 motion=0.000 moving_avg=0.000 rms=nan mean_rms=nan max_rms=-1000000.000 min_rms=1000000.000 std=nan var=nan state=standing thr=0.080/0.350/0.850
0.00,0.00,0.00,0.0000,0.0000,0.0000,0.0000,0.00,0.00,0.00,0.00,0.00,0.00,0.00,2,0.20,0.0000,0.0000,2,0.876,0.000,0.00,0.00,1.613,0
0.00,0.00,0.00,0.0000,0.0000,0.0000,0.0000,0.00,0.00,0.00,0.00,0.00,0.00,0.00,2,0.20,0.0000,0.0000,2,0.876,0.000,0.00,0.00,1.613,0
0.00,0.00,0.00,0.0000,0.0000,0.0000,0.0000,0.00,0.00,0.00,0.00,0.00,0.00,0.00,2,0.20,0.0000,0.0000,2,0.876,0.000,0.00,0.00,1.613,0
0.00,0.00,0.00,0.0000,0.0000,0.0000,0.0000,0.00,0.00,0.00,0.00,0.00,0.00,0.00,2,0.20,0.0000,0.0000,2,0.876,0.000,0.00,0.00,1.613,0
phase1 acc_mag=0.000 gravity=0.000 motion=0.000 moving_avg=0.000 rms=nan mean_rms=nan max_rms=-1000000.000 min_rms=1000000.000 std=nan var=nan state=standing thr=0.080/0.350/0.850
0.00,0.00,0.00,0.0000,0.0000,0.0000,0.0000,0.00,0.00,0.00,0.00,0.00,0.00,0.00,2,0.20,0.0000,0.0000,2,0.876,0.000,0.00,0.00,1.613,0
0.00,0.00,0.00,0.0000,0.0000,0.0000,0.0000,0.00,0.00,0.00,0.00,0.00,0.00,0.00,2,0.20,0.0000,0.0000,2,0.876,0.000,0.00,0.00,1.613,0
0.00,0.00,0.00,0.0000,0.0000,0.0000,0.0000,0.00,0.00,0.00,0.00,0.00,0.00,0.00,2,0.20,0.0000,0.0000,2,0.876,0.000,0.00,0.00,1.613,0
0.00,0.00,0.00,0.0000,0.0000,0.0000,0.0000,0.00,0.00,0.00,0.00,0.00,0.00,0.00,2,0.20,0.0000,0.0000,2,0.876,0.000,0.00,0.00,1.613,0
phase1 acc_mag=0.000 gravity=0.000 motion=0.000 moving_avg=0.000 rms=nan mean_rms=nan max_rms=-1000000.000 min_rms=1000000.000 std=nan var=nan state=standing thr=0.080/0.350/0.850
0.00,0.00,0.00,0.0000,0.0000,0.0000,0.0000,0.00,0.00,0.00,0.00,0.00,0.00,0.00,2,0.20,0.0000,0.0000,2,0.876,0.000,0.00,0.00,1.613,0
0.00,0.00,0.00,0.0000,0.0000,0.0000,0.0000,0.00,0.00,0.00,0.00,0.00,0.00,0.00,2,0.20,0.0000,0.0000,2,0.876,0.000,0.00,0.00,1.613,0
0.00,0.00,0.00,0.0000,0.0000,0.0000,0.0000,0.00,0.00,0.00,0.00,0.00,0.00,0.00,2,0.20,0.0000,0.0000,2,0.876,0.000,0.00,0.00,1.613,0
0.00,0.00,0.00,0.0000,0.0000,0.0000,0.0000,0.00,0.00,0.00,0.00,0.00,0.00,0.00,2,0.20,0.0000,0.0000,2,0.876,0.000,0.00,0.00,1.613,0
phase1 acc_mag=0.000 gravity=0.000 motion=0.000 moving_avg=0.000 rms=nan mean_rms=nan max_rms=-1000000.000 min_rms=1000000.000 std=nan var=nan state=standing thr=0.080/0.350/0.850
0.00,0.00,0.00,0.0000,0.0000,0.0000,0.0000,0.00,0.00,0.00,0.00,0.00,0.00,0.00,2,0.20,0.0000,0.0000,2,0.876,0.000,0.00,0.00,1.613,0
0.00,0.00,0.00,0.0000,0.0000,0.0000,0.0000,0.00,0.00,0.00,0.00,0.00,0.00,0.00,2,0.20,0.0000,0.0000,2,0.876,0.000,0.00,0.00,1.613,0
0.00,0.00,0.00,0.0000,0.0000,0.0000,0.0000,0.00,0.00,0.00,0.00,0.00,0.00,0.00,2,0.20,0.0000,0.0000,2,0.876,0.000,0.00,0.00,1.613,0
0.00,0.00,0.00,0.0000,0.0000,0.0000,0.0000,0.00,0.00,0.00,0.00,0.00,0.00,0.00,2,0.20,0.0000,0.0000,2,0.876,0.000,0.00,0.00,1.613,0
phase1 acc_mag=0.000 gravity=0.000 motion=0.000 moving_avg=0.000 rms=nan mean_rms=nan max_rms=-1000000.000 min_rms=1000000.000 std=nan var=nan state=standing thr=0.080/0.350/0.850
0.00,0.00,0.00,0.0000,0.0000,0.0000,0.0000,0.00,0.00,0.00,0.00,0.00,0.00,0.00,2,0.20,0.0000,0.0000,2,0.876,0.000,0.00,0.00,1.613,0
0.00,0.00,0.00,0.0000,0.0000,0.0000,0.0000,0.00,0.00,0.00,0.00,0.00,0.00,0.00,2,0.20,0.0000,0.0000,2,0.876,0.000,0.00,0.00,1.613,0
0.00,0.00,0.00,0.0000,0.0000,0.0000,0.0000,0.00,0.00,0.00,0.00,0.00,0.00,0.00,2,0.20,0.0000,0.0000,2,0.876,0.000,0.00,0.00,1.613,0
0.00,0.00,0.00,0.0000,0.0000,0.0000,0.0000,0.00,0.00,0.00,0.00,0.00,0.00,0.00,2,0.20,0.0000,0.0000,2,0.876,0.000,0.00,0.00,1.613,0
phase1 acc_mag=0.000 gravity=0.000 motion=0.000 moving_avg=0.000 rms=nan mean_rms=nan max_rms=-1000000.000 min_rms=1000000.000 std=nan var=nan state=standing thr=0.080/0.350/0.850
0.00,0.00,0.00,0.0000,0.0000,0.0000,0.0000,0.00,0.00,0.00,0.00,0.00,0.00,0.00,2,0.20,0.0000,0.0000,2,0.876,0.000,0.00,0.00,1.613,0
0.00,0.00,0.00,0.0000,0.0000,0.0000,0.0000,0.00,0.00,0.00,0.00,0.00,0.00,0.00,2,0.20,0.0000,0.0000,2,0.876,0.000,0.00,0.00,1.613,0
0.00,0.00,0.00,0.0000,0.0000,0.0000,0.0000,0.00,0.00,0.00,0.00,0.00,0.00,0.00,2,0.20,0.0000,0.0000,2,0.876,0.000,0.00,0.00,1.613,0
0.00,0.00,0.00,0.0000,0.0000,0.0000,0.0000,0.00,0.00,0.00,0.00,0.00,0.00,0.00,2,0.20,0.0000,0.0000,2,0.876,0.000,0.00,0.00,1.613,0
phase1 acc_mag=0.000 gravity=0.000 motion=0.000 moving_avg=0.000 rms=nan mean_rms=nan max_rms=-1000000.000 min_rms=1000000.000 std=nan var=nan state=standing thr=0.080/0.350/0.850
0.00,0.00,0.00,0.0000,0.0000,0.0000,0.0000,0.00,0.00,0.00,0.00,0.00,0.00,0.00,2,0.20,0.0000,0.0000,2,0.876,0.000,0.00,0.00,1.613,0
0.00,0.00,0.00,0.0000,0.0000,0.0000,0.0000,0.00,0.00,0.00,0.00,0.00,0.00,0.00,2,0.20,0.0000,0.0000,2,0.876,0.000,0.00,0.00,1.613,0
0.00,0.00,0.00,0.0000,0.0000,0.0000,0.0000,0.00,0.00,0.00,0.00,0.00,0.00,0.00,2,0.20,0.0000,0.0000,2,0.876,0.000,0.00,0.00,1.613,0
0.00,0.00,0.00,0.0000,0.0000,0.0000,0.0000,0.00,0.00,0.00,0.00,0.00,0.00,0.00,2,0.20,0.0000,0.0000,2,0.876,0.000,0.00,0.00,1.613,0
phase1 acc_mag=0.000 gravity=0.000 motion=0.000 moving_avg=0.000 rms=nan mean_rms=nan max_rms=-1000000.000 min_rms=1000000.000 std=nan var=nan state=standing thr=0.080/0.350/0.850
0.00,0.00,0.00,0.0000,0.0000,0.0000,0.0000,0.00,0.00,0.00,0.00,0.00,0.00,0.00,2,0.20,0.0000,0.0000,2,0.876,0.000,0.00,0.00,1.613,0
0.00,0.00,0.00,0.0000,0.0000,0.0000,0.0000,0.00,0.00,0.00,0.00,0.00,0.00,0.00,2,0.20,0.0000,0.0000,2,0.876,0.000,0.00,0.00,1.613,0
0.00,0.00,0.00,0.0000,0.0000,0.0000,0.0000,0.00,0.00,0.00,0.00,0.00,0.00,0.00,2,0.20,0.0000,0.0000,2,0.876,0.000,0.00,0.00,1.613,0
0.00,0.00,0.00,0.0000,0.0000,0.0000,0.0000,0.00,0.00,0.00,0.00,0.00,0.00,0.00,2,0.20,0.0000,0.0000,2,0.876,0.000,0.00,0.00,1.613,0
phase1 acc_mag=0.000 gravity=0.000 motion=0.000 moving_avg=0.000 rms=nan mean_rms=nan max_rms=-1000000.000 min_rms=1000000.000 std=nan var=nan state=standing thr=0.080/0.350/0.850
0.00,0.00,0.00,0.0000,0.0000,0.0000,0.0000,0.00,0.00,0.00,0.00,0.00,0.00,0.00,2,0.20,0.0000,0.0000,2,0.876,0.000,0.00,0.00,1.613,0
0.00,0.00,0.00,0.0000,0.0000,0.0000,0.0000,0.00,0.00,0.00,0.00,0.00,0.00,0.00,2,0.20,0.0000,0.0000,2,0.876,0.000,0.00,0.00,1.613,0
0.00,0.00,0.00,0.0000,0.0000,0.0000,0.0000,0.00,0.00,0.00,0.00,0.00,0.00,0.00,2,0.20,0.0000,0.0000,2,0.876,0.000,0.00,0.00,1.613,0
0.00,0.00,0.00,0.0000,0.0000,0.0000,0.0000,0.00,0.00,0.00,0.00,0.00,0.00,0.00,2,0.20,0.0000,0.0000,2,0.876,0.000,0.00,0.00,1.613,0
phase1 acc_mag=0.000 gravity=0.000 motion=0.000 moving_avg=0.000 rms=nan mean_rms=nan max_rms=-1000000.000 min_rms=1000000.000 std=nan var=nan state=standing thr=0.080/0.350/0.850
0.00,0.00,0.00,0.0000,0.0000,0.0000,0.0000,0.00,0.00,0.00,0.00,0.00,0.00,0.00,2,0.20,0.0000,0.0000,2,0.876,0.000,0.00,0.00,1.613,0
0.00,0.00,0.00,0.0000,0.0000,0.0000,0.0000,0.00,0.00,0.00,0.00,0.00,0.00,0.00,2,0.20,0.0000,0.0000,2,0.876,0.000,0.00,0.00,1.613,0
0.00,0.00,0.00,0.0000,0.0000,0.0000,0.0000,0.00,0.00,0.00,0.00,0.00,0.00,0.00,2,0.20,0.0000,0.0000,2,0.876,0.000,0.00,0.00,1.613,0
0.00,0.00,0.00,0.0000,0.0000,0.0000,0.0000,0.00,0.00,0.00,0.00,0.00,0.00,0.00,2,0.20,0.0000,0.0000,2,0.876,0.000,0.00,0.00,1.613,0
phase1 acc_mag=0.000 gravity=0.000 motion=0.000 moving_avg=0.000 rms=nan mean_rms=nan max_rms=-1000000.000 min_rms=1000000.000 std=nan var=nan state=standing thr=0.080/0.350/0.850
0.00,0.00,0.00,0.0000,0.0000,0.0000,0.0000,0.00,0.00,0.00,0.00,0.00,0.00,0.00,2,0.20,0.0000,0.0000,2,0.876,0.000,0.00,0.00,1.613,0
0.00,0.00,0.00,0.0000,0.0000,0.0000,0.0000,0.00,0.00,0.00,0.00,0.00,0.00,0.00,2,0.20,0.0000,0.0000,2,0.876,0.000,0.00,0.00,1.613,0
0.00,0.00,0.00,0.0000,0.0000,0.0000,0.0000,0.00,0.00,0.00,0.00,0.00,0.00,0.00,2,0.20,0.0000,0.0000,2,0.876,0.000,0.00,0.00,1.613,0
0.00,0.00,0.00,0.0000,0.0000,0.0000,0.0000,0.00,0.00,0.00,0.00,0.00,0.00,0.00,2,0.20,0.0000,0.0000,2,0.876,0.000,0.00,0.00,1.613,0
phase1 acc_mag=0.000 gravity=0.000 motion=0.000 moving_avg=0.000 rms=nan mean_rms=nan max_rms=-1000000.000 min_rms=1000000.000 std=nan var=nan state=standing thr=0.080/0.350/0.850
0.00,0.00,0.00,0.0000,0.0000,0.0000,0.0000,0.00,0.00,0.00,0.00,0.00,0.00,0.00,2,0.20,0.0000,0.0000,2,0.876,0.000,0.00,0.00,1.613,0
0.00,0.00,0.00,0.0000,0.0000,0.0000,0.0000,0.00,0.00,0.00,0.00,0.00,0.00,0.00,2,0.20,0.0000,0.0000,2,0.876,0.000,0.00,0.00,1.613,0
0.00,0.00,0.00,0.0000,0.0000,0.0000,0.0000,0.00,0.00,0.00,0.00,0.00,0.00,0.00,2,0.20,0.0000,0.0000,2,0.876,0.000,0.00,0.00,1.613,0
0.00,0.00,0.00,0.0000,0.0000,0.0000,0.0000,0.00,0.00,0.00,0.00,0.00,0.00,0.00,2,0.20,0.0000,0.0000,2,0.876,0.000,0.00,0.00,1.613,0
