===== Connected at 115200 baud =====
BNO055 detected! Chip ID: 0xA0
BNO055 initialized successfully!
roll,pitch,yaw,qw,qx,qy,qz,accx,accy,accz,gyrox,gyroy,gyroz,svm,state,z_v,lever_offx,lever_offy,steps,stride_m,velocity_mps,cadence_spm,cadence_sps,distance_m,step_flag
phase1 acc_mag=9.578 gravity=9.578 motion=0.000 moving_avg=0.000 rms=0.000 mean_rms=0.000 max_rms=0.000 min_rms=0.000 std=0.000 var=0.000 state=standing thr=0.080/0.350/0.850
0.00,0.00,0.00,0.0000,0.0000,0.0000,0.0000,-0.80,-2.43,9.23,-0.19,1.31,1.12,9.58,0,1.70,0.0000,0.0000,0,0.000,0.000,0.00,0.00,0.000,0
-4.25,15.06,359.88,0.9906,-0.1315,0.0372,0.0012,-0.78,-2.39,8.96,-3.00,-3.56,1.50,9.31,0,1.70,0.0147,0.0521,0,0.000,0.000,0.00,0.00,0.000,0
-4.44,15.25,359.62,0.9905,-0.1310,0.0425,0.0027,-1.11,-1.13,7.02,20.62,39.69,4.31,7.20,0,1.70,0.0167,0.0520,0,0.000,0.000,0.00,0.00,0.000,0
-4.94,14.75,359.62,0.9910,-0.1256,0.0464,0.0032,-0.72,-2.15,9.08,35.31,34.69,10.69,9.36,0,1.70,0.0182,0.0499,0,0.000,0.000,0.00,0.00,0.000,0
phase1 acc_mag=6.913 gravity=9.280 motion=2.367 moving_avg=0.763 rms=1.333 mean_rms=0.738 max_rms=1.464 min_rms=0.000 std=0.622 var=0.387 state=standing thr=1.982/2.182/2.682
-6.06,15.31,359.00,0.9896,-0.1332,0.0527,0.0086,-0.96,-1.65,9.20,-46.94,-33.81,-12.44,9.40,0,1.70,0.0204,0.0529,0,0.000,0.000,0.00,0.00,0.000,0
-4.81,17.44,359.69,0.9875,-0.1518,0.0426,0.0025,-1.15,-2.01,7.96,21.12,10.44,-14.12,8.29,0,1.70,0.0167,0.0600,0,0.000,0.000,0.00,0.00,0.000,0
-4.44,17.50,0.38,0.9875,-0.1529,0.0390,-0.0034,-1.06,-2.85,9.59,-12.88,-12.75,-5.81,10.06,0,1.70,0.0156,0.0603,0,0.000,0.000,0.00,0.00,0.000,0
-4.31,17.88,0.31,0.9872,-0.1545,0.0392,-0.0033,-0.87,-2.52,8.86,7.06,1.69,-0.62,9.25,0,1.70,0.0157,0.0610,0,0.000,0.000,0.00,0.00,0.000,0
phase1 acc_mag=9.271 gravity=9.474 motion=0.203 moving_avg=0.664 rms=1.111 mean_rms=0.983 max_rms=1.464 min_rms=0.000 std=0.514 var=0.264 state=standing thr=2.011/2.211/2.711
-4.38,17.81,0.38,0.9872,-0.1548,0.0393,-0.0037,-1.01,-2.90,9.18,-1.62,-1.12,-2.19,9.68,0,1.70,0.0157,0.0611,0,0.000,0.000,0.00,0.00,0.000,0
-4.31,17.50,0.44,0.9876,-0.1520,0.0391,-0.0042,-1.10,-2.60,9.05,2.56,-1.19,0.25,9.48,0,1.70,0.0157,0.0600,0,0.000,0.000,0.00,0.00,0.000,0
-4.12,17.25,0.25,0.9880,-0.1498,0.0364,-0.0016,-0.85,-3.07,9.17,4.12,-10.19,6.00,9.71,0,1.70,0.0145,0.0592,0,0.000,0.000,0.00,0.00,0.000,0
-3.06,17.00,359.56,0.9886,-0.1480,0.0270,0.0036,0.06,-2.55,8.97,2.50,-17.25,3.50,9.33,0,1.70,0.0105,0.0586,0,0.000,0.000,0.00,0.00,0.000,0
phase1 acc_mag=9.108 gravity=9.486 motion=0.378 moving_avg=0.496 rms=0.917 mean_rms=0.988 max_rms=1.464 min_rms=0.000 std=0.422 var=0.178 state=standing thr=1.833/2.033/2.533
-2.56,17.06,359.50,0.9886,-0.1488,0.0220,0.0040,-0.22,-2.65,8.83,-2.56,-2.62,-2.88,9.22,0,1.70,0.0085,0.0589,0,0.000,0.000,0.00,0.00,0.000,0
-2.44,17.31,359.75,0.9883,-0.1506,0.0216,0.0020,-0.47,-2.68,9.24,-2.19,-1.44,-2.94,9.63,0,1.70,0.0084,0.0595,0,0.000,0.000,0.00,0.00,0.000,0
-2.25,17.31,0.00,0.9883,-0.1508,0.0201,-0.0001,-0.44,-2.67,9.07,0.19,-3.25,-3.75,9.47,0,1.70,0.0079,0.0596,0,0.000,0.000,0.00,0.00,0.000,0
-1.88,17.50,0.12,0.9882,-0.1521,0.0172,-0.0013,-0.20,-2.72,8.94,-1.06,-5.00,-1.69,9.35,0,1.70,0.0069,0.0601,0,0.000,0.000,0.00,0.00,0.000,0
phase1 acc_mag=9.247 gravity=9.482 motion=0.235 moving_avg=0.406 rms=0.799 mean_rms=0.955 max_rms=1.464 min_rms=0.000 std=0.372 var=0.138 state=standing thr=1.698/1.898/2.398
-1.56,17.50,0.25,0.9882,-0.1526,0.0146,-0.0026,-0.15,-2.65,9.14,-0.25,-2.94,-4.25,9.52,0,1.70,0.0059,0.0603,0,0.000,0.000,0.00,0.00,0.000,0
-1.56,17.56,0.56,0.9881,-0.1530,0.0146,-0.0051,-0.49,-2.82,9.11,-0.50,0.81,-3.44,9.55,0,1.70,0.0061,0.0604,0,0.000,0.000,0.00,0.00,0.000,0
-1.50,17.56,0.69,0.9882,-0.1528,0.0141,-0.0062,-0.33,-2.75,8.98,1.19,-1.50,-2.00,9.40,0,1.70,0.0060,0.0603,0,0.000,0.000,0.00,0.00,0.000,0
-1.38,17.56,0.81,0.9881,-0.1531,0.0134,-0.0071,-0.36,-2.80,9.00,0.88,0.25,-2.06,9.43,0,1.70,0.0057,0.0605,0,0.000,0.000,0.00,0.00,0.000,0
phase1 acc_mag=9.447 gravity=9.481 motion=0.034 moving_avg=0.352 rms=0.737 mean_rms=0.966 max_rms=1.464 min_rms=0.137 std=0.280 var=0.079 state=standing thr=1.527/1.727/2.227
-1.31,17.56,0.75,0.9881,-0.1530,0.0131,-0.0067,-0.30,-2.79,8.97,-1.25,-1.62,1.44,9.40,0,1.70,0.0056,0.0604,0,0.000,0.000,0.00,0.00,0.000,0
-1.31,17.75,0.62,0.9879,-0.1546,0.0126,-0.0056,-0.24,-2.81,9.06,-3.88,1.19,2.19,9.49,0,1.70,0.0053,0.0611,0,0.000,0.000,0.00,0.00,0.000,0
-1.38,17.81,0.62,0.9878,-0.1549,0.0134,-0.0055,-0.40,-2.96,9.01,-2.25,0.44,0.75,9.49,0,1.70,0.0056,0.0612,0,0.000,0.000,0.00,0.00,0.000,0
phase1 acc_mag=9.374 gravity=9.473 motion=0.099 moving_avg=0.151 rms=0.234 mean_rms=0.849 max_rms=1.338 min_rms=0.234 std=0.244 var=0.060 state=standing thr=1.337/1.537/2.037
-1.38,17.94,0.50,0.9875,-0.1566,0.0133,-0.0045,-0.23,-2.84,8.93,-3.94,-0.38,1.81,9.37,0,1.70,0.0055,0.0618,0,0.000,0.000,0.00,0.00,0.000,0
-1.44,18.00,0.38,0.9875,-0.1569,0.0137,-0.0032,-0.37,-2.97,9.34,-1.50,0.25,2.88,9.81,0,1.70,0.0056,0.0620,0,0.000,0.000,0.00,0.00,0.000,0
-1.50,18.25,0.12,0.9872,-0.1587,0.0139,-0.0013,-0.18,-3.10,9.35,-1.69,-0.44,3.31,9.85,0,1.70,0.0056,0.0627,0,0.000,0.000,0.00,0.00,0.000,0
-1.44,18.31,0.06,0.9871,-0.1597,0.0129,-0.0008,-0.11,-3.05,9.36,-2.62,-1.62,-0.94,9.85,0,1.70,0.0051,0.0631,0,0.000,0.000,0.00,0.00,0.000,0
phase1 acc_mag=9.827 gravity=9.539 motion=0.288 moving_avg=0.143 rms=0.180 mean_rms=0.646 max_rms=1.052 min_rms=0.172 std=0.288 var=0.083 state=standing thr=1.223/1.423/1.923
-1.38,18.38,0.25,0.9871,-0.1597,0.0126,-0.0021,-0.32,-3.04,9.27,-0.56,0.56,-2.50,9.76,0,1.70,0.0051,0.0631,0,0.000,0.000,0.00,0.00,0.000,0
-1.44,18.50,0.25,0.9868,-0.1611,0.0136,-0.0027,-0.29,-3.06,9.40,-4.75,2.50,-1.56,9.89,0,1.70,0.0055,0.0636,0,0.000,0.000,0.00,0.00,0.000,0
-1.50,18.44,0.44,0.9870,-0.1600,0.0144,-0.0045,-0.34,-3.07,9.22,2.94,1.62,-1.94,9.72,0,1.70,0.0060,0.0631,0,0.000,0.000,0.00,0.00,0.000,0
-1.50,18.56,0.50,0.9868,-0.1615,0.0143,-0.0046,-0.21,-3.12,9.35,-3.56,0.44,-0.56,9.86,0,1.70,0.0060,0.0637,0,0.000,0.000,0.00,0.00,0.000,0
phase1 acc_mag=9.809 gravity=9.608 motion=0.201 moving_avg=0.157 rms=0.194 mean_rms=0.483 max_rms=0.884 min_rms=0.172 std=0.281 var=0.079 state=standing thr=1.045/1.245/1.745
-1.56,18.50,0.62,0.9869,-0.1609,0.0150,-0.0055,-0.34,-3.14,9.28,0.69,1.94,-1.75,9.80,0,1.70,0.0063,0.0635,0,0.000,0.000,0.00,0.00,0.000,0
-1.62,18.50,0.69,0.9868,-0.1608,0.0158,-0.0060,-0.28,-3.02,9.35,-1.25,1.00,-0.69,9.83,0,1.70,0.0066,0.0634,0,0.000,0.000,0.00,0.00,0.000,0
-1.62,18.38,0.81,0.9870,-0.1596,0.0160,-0.0074,-0.34,-2.99,9.26,2.88,0.75,-2.06,9.74,0,1.70,0.0068,0.0630,0,0.000,0.000,0.00,0.00,0.000,0
-1.69,18.38,0.94,0.9869,-0.1599,0.0164,-0.0082,-0.38,-3.17,9.37,-0.19,0.94,-0.69,9.90,0,1.70,0.0070,0.0631,0,0.000,0.000,0.00,0.00,0.000,0
phase1 acc_mag=9.742 gravity=9.669 motion=0.073 moving_avg=0.167 rms=0.201 mean_rms=0.351 max_rms=0.777 min_rms=0.172 std=0.230 var=0.053 state=standing thr=0.812/1.012/1.512
-1.75,18.50,0.94,0.9868,-0.1606,0.0169,-0.0084,-0.35,-3.08,9.34,-1.06,-0.19,0.25,9.84,0,1.70,0.0072,0.0634,0,0.000,0.000,0.00,0.00,0.000,0
-1.69,18.56,0.94,0.9867,-0.1615,0.0163,-0.0081,-0.31,-3.06,9.27,-2.00,-2.00,-0.25,9.77,0,1.70,0.0070,0.0637,0,0.000,0.000,0.00,0.00,0.000,0
-1.62,18.75,0.94,0.9865,-0.1627,0.0161,-0.0084,-0.43,-3.21,9.43,-4.62,0.81,-1.81,9.97,0,1.70,0.0069,0.0642,0,0.000,0.000,0.00,0.00,0.000,0
phase1 acc_mag=9.747 gravity=9.742 motion=0.005 moving_avg=0.177 rms=0.207 mean_rms=0.237 max_rms=0.734 min_rms=0.172 std=0.108 var=0.012 state=standing thr=0.452/0.652/1.152
-1.62,18.69,1.00,0.9865,-0.1625,0.0161,-0.0087,-0.26,-3.00,9.27,1.31,0.31,0.31,9.75,0,1.70,0.0069,0.0641,0,0.000,0.000,0.00,0.00,0.000,0
-1.56,18.88,0.94,0.9863,-0.1643,0.0153,-0.0085,-0.28,-3.07,9.36,-0.12,-0.56,0.00,9.85,0,1.70,0.0066,0.0648,0,0.000,0.000,0.00,0.00,0.000,0
-1.69,18.94,0.94,0.9862,-0.1644,0.0164,-0.0084,-0.44,-3.03,9.18,-4.06,2.38,1.56,9.68,0,1.70,0.0070,0.0648,0,0.000,0.000,0.00,0.00,0.000,0
-1.75,19.06,0.94,0.9860,-0.1655,0.0172,-0.0082,-0.27,-3.06,9.33,3.44,2.12,-0.62,9.82,0,1.70,0.0073,0.0652,0,0.000,0.000,0.00,0.00,0.000,0
phase1 acc_mag=9.758 gravity=9.804 motion=0.046 moving_avg=0.174 rms=0.204 mean_rms=0.195 max_rms=0.211 min_rms=0.172 std=0.011 var=0.000 state=standing thr=0.218/0.418/0.918
-1.75,18.94,1.00,0.9861,-0.1646,0.0173,-0.0090,-0.42,-3.25,9.33,1.19,-0.56,-1.81,9.89,0,1.70,0.0074,0.0648,0,0.000,0.000,0.00,0.00,0.000,0
-1.81,18.88,0.94,0.9863,-0.1638,0.0179,-0.0086,-0.35,-3.05,9.21,-2.06,0.69,2.81,9.71,0,1.70,0.0076,0.0645,0,0.000,0.000,0.00,0.00,0.000,0
-1.88,18.94,0.88,0.9861,-0.1645,0.0185,-0.0078,-0.37,-3.10,9.33,1.75,2.06,0.56,9.84,0,1.70,0.0078,0.0648,0,0.000,0.000,0.00,0.00,0.000,0
-2.00,18.81,0.88,0.9863,-0.1635,0.0192,-0.0073,-0.33,-2.99,9.24,1.94,0.75,2.75,9.72,0,1.70,0.0081,0.0645,0,0.000,0.000,0.00,0.00,0.000,0
phase1 acc_mag=9.622 gravity=9.801 motion=0.179 moving_avg=0.131 rms=0.159 mean_rms=0.195 max_rms=0.211 min_rms=0.158 std=0.013 var=0.000 state=standing thr=0.221/0.421/0.921
-2.06,18.81,0.75,0.9863,-0.1634,0.0198,-0.0068,-0.39,-3.13,9.35,2.75,0.19,0.06,9.87,0,1.70,0.0082,0.0644,0,0.000,0.000,0.00,0.00,0.000,0
-2.06,18.62,0.69,0.9866,-0.1617,0.0196,-0.0062,-0.26,-3.00,9.28,-1.25,-2.06,2.00,9.76,0,1.70,0.0081,0.0638,0,0.000,0.000,0.00,0.00,0.000,0
-2.06,18.62,0.62,0.9866,-0.1615,0.0197,-0.0059,-0.30,-2.99,9.17,2.69,1.06,0.19,9.65,0,1.70,0.0082,0.0637,0,0.000,0.000,0.00,0.00,0.000,0
phase1 acc_mag=9.884 gravity=9.804 motion=0.081 moving_avg=0.102 rms=0.123 mean_rms=0.183 max_rms=0.211 min_rms=0.123 std=0.028 var=0.001 state=standing thr=0.240/0.440/0.940
-2.12,18.62,0.69,0.9866,-0.1620,0.0200,-0.0063,-0.48,-3.17,9.35,-0.12,1.25,-0.62,9.88,0,1.70,0.0083,0.0639,0,0.000,0.000,0.00,0.00,0.000,0
-2.19,18.56,0.75,0.9866,-0.1614,0.0205,-0.0066,-0.50,-3.24,9.41,1.69,-0.81,-0.94,9.96,0,1.70,0.0085,0.0636,0,0.000,0.000,0.00,0.00,0.000,0
-2.19,18.38,0.69,0.9869,-0.1599,0.0207,-0.0062,-0.45,-2.97,9.20,-0.31,-0.44,1.25,9.68,0,1.70,0.0086,0.0631,0,0.000,0.000,0.00,0.00,0.000,0
-2.19,18.31,0.62,0.9870,-0.1592,0.0204,-0.0059,-0.46,-2.99,9.24,1.19,0.88,0.56,9.72,0,1.70,0.0084,0.0628,0,0.000,0.000,0.00,0.00,0.000,0
phase1 acc_mag=9.723 gravity=9.802 motion=0.079 moving_avg=0.086 rms=0.105 mean_rms=0.166 max_rms=0.211 min_rms=0.105 std=0.038 var=0.001 state=standing thr=0.243/0.443/0.943
-2.19,18.25,0.50,0.9871,-0.1589,0.0206,-0.0046,-0.35,-3.01,9.32,-0.50,-0.69,3.25,9.80,0,1.70,0.0084,0.0627,0,0.000,0.000,0.00,0.00,0.000,0
-2.19,18.25,0.38,0.9871,-0.1585,0.0204,-0.0034,-0.35,-2.88,9.27,1.38,-0.31,1.69,9.71,0,1.70,0.0083,0.0626,0,0.000,0.000,0.00,0.00,0.000,0
-2.19,18.19,0.25,0.9872,-0.1578,0.0201,-0.0022,-0.34,-3.06,9.39,2.75,-1.25,1.25,9.88,0,1.70,0.0081,0.0623,0,0.000,0.000,0.00,0.00,0.000,0
-2.19,18.12,0.12,0.9872,-0.1578,0.0199,-0.0014,-0.34,-3.13,9.32,-0.56,-1.00,1.12,9.84,0,1.70,0.0079,0.0623,0,0.000,0.000,0.00,0.00,0.000,0
phase1 acc_mag=9.864 gravity=9.798 motion=0.066 moving_avg=0.078 rms=0.094 mean_rms=0.143 max_rms=0.211 min_rms=0.092 std=0.040 var=0.002 state=standing thr=0.224/0.424/0.924
-2.31,18.00,0.06,0.9874,-0.1568,0.0206,-0.0007,-0.42,-2.92,9.25,0.06,0.75,1.81,9.71,0,1.70,0.0082,0.0619,0,0.000,0.000,0.00,0.00,0.000,0
-2.25,18.06,0.00,0.9874,-0.1569,0.0203,-0.0003,-0.35,-2.97,9.34,2.50,-0.44,-0.12,9.81,0,1.70,0.0080,0.0620,0,0.000,0.000,0.00,0.00,0.000,0
-2.25,18.00,0.00,0.9874,-0.1567,0.0200,-0.0002,-0.36,-2.91,9.33,0.31,-1.62,0.25,9.78,0,1.70,0.0079,0.0619,0,0.000,0.000,0.00,0.00,0.000,0
-2.19,18.00,359.94,0.9875,-0.1564,0.0197,0.0000,-0.31,-2.87,9.33,0.69,-1.00,0.19,9.77,0,1.70,0.0078,0.0618,0,0.000,0.000,0.00,0.00,0.000,0
phase1 acc_mag=9.825 gravity=9.797 motion=0.028 moving_avg=0.070 rms=0.084 mean_rms=0.118 max_rms=0.184 min_rms=0.084 std=0.028 var=0.001 state=standing thr=0.175/0.375/0.875
-2.19,18.00,0.00,0.9875,-0.1566,0.0195,-0.0003,-0.42,-2.98,9.36,0.19,0.44,-0.81,9.83,0,1.70,0.0077,0.0619,0,0.000,0.000,0.00,0.00,0.000,0
-2.12,18.06,0.00,0.9874,-0.1569,0.0189,-0.0004,-0.31,-2.96,9.37,-1.81,-1.06,-1.38,9.83,0,1.70,0.0075,0.0620,0,0.000,0.000,0.00,0.00,0.000,0
-2.06,18.06,0.12,0.9874,-0.1569,0.0187,-0.0012,-0.27,-2.88,9.30,2.12,-0.38,-1.12,9.74,0,1.70,0.0075,0.0619,0,0.000,0.000,0.00,0.00,0.000,0
-2.06,18.12,0.12,0.9874,-0.1575,0.0185,-0.0016,-0.37,-3.02,9.38,2.19,-0.38,-1.44,9.86,0,1.70,0.0074,0.0622,0,0.000,0.000,0.00,0.00,0.000,0
phase1 acc_mag=9.781 gravity=9.792 motion=0.011 moving_avg=0.061 rms=0.077 mean_rms=0.100 max_rms=0.142 min_rms=0.077 std=0.017 var=0.000 state=standing thr=0.134/0.350/0.850
-2.00,18.00,0.19,0.9875,-0.1567,0.0182,-0.0017,-0.31,-2.87,9.24,-1.62,-1.31,0.19,9.68,0,1.70,0.0073,0.0619,0,0.000,0.000,0.00,0.00,0.000,0
-2.00,18.00,0.12,0.9875,-0.1566,0.0179,-0.0012,-0.32,-2.88,9.40,1.50,-0.50,2.00,9.84,0,1.70,0.0072,0.0619,0,0.000,0.000,0.00,0.00,0.000,0
-2.00,18.06,0.00,0.9874,-0.1570,0.0178,-0.0004,-0.34,-2.97,9.31,1.75,-0.69,0.94,9.78,0,1.70,0.0071,0.0620,0,0.000,0.000,0.00,0.00,0.000,0
-2.00,18.00,0.00,0.9875,-0.1566,0.0177,-0.0002,-0.32,-3.09,9.27,0.12,0.62,1.12,9.78,0,1.70,0.0070,0.0618,0,0.000,0.000,0.00,0.00,0.000,0
phase1 acc_mag=9.674 gravity=9.791 motion=0.117 moving_avg=0.059 rms=0.076 mean_rms=0.090 max_rms=0.113 min_rms=0.076 std=0.011 var=0.000 state=standing thr=0.112/0.350/0.850
-1.94,18.00,359.88,0.9875,-0.1567,0.0176,0.0005,-0.30,-2.83,9.30,-1.12,-1.31,2.44,9.73,0,1.70,0.0069,0.0619,0,0.000,0.000,0.00,0.00,0.000,0
-1.94,18.19,359.75,0.9872,-0.1581,0.0172,0.0018,-0.33,-2.80,9.26,-0.12,0.19,1.50,9.68,0,1.70,0.0067,0.0624,0,0.000,0.000,0.00,0.00,0.000,0
-1.94,18.25,359.75,0.9872,-0.1584,0.0173,0.0022,-0.35,-3.09,9.48,-0.06,-0.12,1.00,9.98,0,1.70,0.0067,0.0626,0,0.000,0.000,0.00,0.00,0.000,0
phase1 acc_mag=9.676 gravity=9.796 motion=0.121 moving_avg=0.063 rms=0.081 mean_rms=0.083 max_rms=0.102 min_rms=0.072 std=0.008 var=0.000 state=standing thr=0.099/0.350/0.850
-1.94,18.19,359.69,0.9873,-0.1579,0.0171,0.0023,-0.29,-2.92,9.22,1.69,0.19,0.50,9.68,0,1.70,0.0066,0.0624,0,0.000,0.000,0.00,0.00,0.000,0
-1.94,18.06,359.75,0.9875,-0.1566,0.0173,0.0021,-0.64,-3.12,9.58,5.62,-0.75,2.12,10.10,0,1.70,0.0067,0.0619,0,0.000,0.000,0.00,0.00,0.000,0
-1.88,17.88,359.38,0.9877,-0.1555,0.0162,0.0052,-0.31,-2.72,9.43,1.94,-4.38,4.00,9.82,0,1.70,0.0061,0.0614,0,0.000,0.000,0.00,0.00,0.000,0
-1.94,17.38,359.12,0.9883,-0.1512,0.0164,0.0073,-0.35,-2.85,9.18,5.50,-0.44,3.94,9.62,0,1.70,0.0060,0.0598,0,0.000,0.000,0.00,0.00,0.000,0
phase1 acc_mag=9.508 gravity=9.793 motion=0.285 moving_avg=0.080 rms=0.114 mean_rms=0.084 max_rms=0.114 min_rms=0.072 std=0.009 var=0.000 state=slow thr=0.102/0.350/0.850
-2.00,17.12,358.75,0.9886,-0.1488,0.0165,0.0110,-0.21,-2.91,9.49,2.19,0.62,4.69,9.93,0,1.70,0.0059,0.0589,0,0.000,0.000,0.00,0.00,0.000,0
-2.31,16.88,358.44,0.9888,-0.1473,0.0187,0.0136,-0.44,-3.01,9.48,0.69,3.00,3.94,9.96,0,1.70,0.0066,0.0584,0,0.000,0.000,0.00,0.00,0.000,0
-2.69,16.56,358.12,0.9891,-0.1445,0.0217,0.0160,-0.34,-2.99,9.45,2.81,4.69,6.62,9.92,0,1.70,0.0076,0.0573,0,0.000,0.000,0.00,0.00,0.000,0
-2.94,16.25,358.19,0.9895,-0.1416,0.0240,0.0156,-0.66,-2.51,9.03,5.62,5.25,-1.62,9.40,0,1.70,0.0086,0.0562,0,0.000,0.000,0.00,0.00,0.000,0
phase1 acc_mag=9.742 gravity=9.787 motion=0.045 moving_avg=0.091 rms=0.125 mean_rms=0.091 max_rms=0.125 min_rms=0.072 std=0.017 var=0.000 state=slow thr=0.125/0.350/0.850
-3.38,16.12,358.06,0.9896,-0.1406,0.0278,0.0166,-0.37,-2.48,9.45,-2.50,4.62,7.06,9.78,0,1.70,0.0101,0.0558,0,0.000,0.000,0.00,0.00,0.000,0
-3.75,16.88,357.56,0.9883,-0.1477,0.0303,0.0208,0.10,-2.75,9.43,-17.38,2.38,4.69,9.82,0,1.70,0.0108,0.0586,0,0.000,0.000,0.00,0.00,0.000,0
-3.94,17.81,357.69,0.9868,-0.1579,0.0317,0.0201,-0.86,-2.98,9.42,-33.69,-3.81,1.81,9.92,0,1.70,0.0113,0.0626,0,0.000,0.000,0.00,0.00,0.000,0
phase1 acc_mag=8.838 gravity=9.778 motion=0.940 moving_avg=0.184 rms=0.396 mean_rms=0.135 max_rms=0.396 min_rms=0.072 std=0.094 var=0.009 state=slow thr=0.324/0.524/1.024
-4.88,19.69,357.44,0.9841,-0.1716,0.0397,0.0220,-0.41,-2.42,8.49,-27.12,30.44,-2.31,8.84,0,1.70,0.0141,0.0679,0,0.000,0.000,0.00,0.00,0.000,0
-11.62,19.88,359.81,0.9800,-0.1705,0.1027,0.0012,-2.73,-4.09,8.84,-14.50,74.69,-19.94,10.12,0,1.70,0.0402,0.0669,0,0.000,0.000,0.00,0.00,0.000,0
-13.56,20.88,0.31,0.9766,-0.1774,0.1211,-0.0029,-2.62,-3.09,7.89,-26.56,19.25,3.06,8.87,0,1.70,0.0475,0.0692,0,0.000,0.000,0.00,0.00,0.000,0
-16.75,21.81,1.25,0.9716,-0.1777,0.1558,-0.0132,-2.39,-2.77,9.13,46.44,63.31,-10.50,9.84,0,1.70,0.0615,0.0683,0,0.000,0.000,0.00,0.00,0.000,0
phase1 acc_mag=8.055 gravity=9.795 motion=1.740 moving_avg=0.324 rms=0.602 mean_rms=0.213 max_rms=0.602 min_rms=0.072 std=0.160 var=0.026 state=slow thr=0.533/0.733/1.233
-20.06,21.69,3.06,0.9672,-0.1747,0.1823,-0.0263,-2.94,-2.49,7.97,-21.88,10.50,-10.62,8.85,0,1.70,0.0723,0.0657,0,0.000,0.000,0.00,0.00,0.000,0
-19.06,23.88,4.31,0.9637,-0.1971,0.1758,-0.0398,-1.14,-2.05,7.22,-52.94,-3.50,-49.31,7.59,0,1.70,0.0709,0.0732,0,0.000,0.000,0.00,0.00,0.000,0
-16.56,32.25,6.50,0.9498,-0.2601,0.1651,-0.0542,-4.67,-6.94,7.09,-102.69,-32.44,-55.12,10.97,0,1.70,0.0684,0.0952,0,0.000,0.000,0.00,0.00,0.000,0
-11.12,30.19,8.25,0.9587,-0.2488,0.1190,-0.0693,-3.65,-5.85,9.76,91.81,-67.88,-58.69,11.95,0,1.70,0.0525,0.0921,0,0.000,0.000,0.00,0.00,0.000,0
phase1 acc_mag=10.196 gravity=9.864 motion=0.332 moving_avg=0.625 rms=1.000 mean_rms=0.355 max_rms=1.000 min_rms=0.091 std=0.267 var=0.071 state=slow thr=0.890/1.090/1.590
-7.75,26.00,11.12,0.9677,-0.2156,0.0911,-0.0944,-1.67,-4.34,8.13,43.00,-21.19,-49.50,9.37,0,1.70,0.0434,0.0800,0,0.000,0.000,0.00,0.00,0.000,0
-8.19,26.25,13.00,0.9652,-0.2156,0.0986,-0.1102,-0.91,-4.38,9.89,-11.94,42.56,-24.56,10.85,0,1.70,0.0476,0.0789,0,0.000,0.000,0.00,0.00,0.000,0
-11.25,24.00,14.38,0.9659,-0.1910,0.1252,-0.1221,-2.48,-2.35,7.82,14.06,49.56,10.94,8.53,0,1.70,0.0577,0.0677,0,0.000,0.000,0.00,0.00,0.000,0
-15.31,25.06,15.06,0.9573,-0.1948,0.1704,-0.1286,-2.81,-3.52,8.25,-45.94,85.94,-11.62,9.40,0,1.70,0.0753,0.0658,0,0.000,0.000,0.00,0.00,0.000,0
phase1 acc_mag=10.794 gravity=9.897 motion=0.897 moving_avg=0.838 rms=1.185 mean_rms=0.577 max_rms=1.185 min_rms=0.116 std=0.367 var=0.135 state=standing thr=1.310/1.510/2.010
-13.75,27.75,18.81,0.9510,-0.2133,0.1597,-0.1570,-3.04,-5.14,8.36,-33.19,-15.62,-20.19,10.27,0,1.70,0.0741,0.0711,0,0.000,0.000,0.00,0.00,0.000,0
-13.31,32.62,20.69,0.9382,-0.2488,0.1687,-0.1713,-1.78,-3.21,6.20,3.12,-30.75,-54.94,7.21,0,1.70,0.0804,0.0818,0,0.000,0.000,0.00,0.00,0.000,0
-9.75,28.19,22.94,0.9473,-0.2186,0.1339,-0.1924,-2.33,-4.05,9.09,51.44,-57.62,-43.50,10.22,0,1.70,0.0675,0.0725,0,0.000,0.000,0.00,0.00,0.000,0
phase1 acc_mag=9.894 gravity=9.976 motion=0.082 moving_avg=0.993 rms=1.298 mean_rms=0.815 max_rms=1.298 min_rms=0.125 std=0.362 var=0.131 state=standing thr=1.539/1.739/2.239
-7.44,24.38,22.88,0.9561,-0.1923,0.1071,-0.1935,-1.59,-5.03,8.37,102.50,-49.94,46.25,9.89,0,1.70,0.0559,0.0653,0,0.000,0.000,0.00,0.00,0.000,0
-5.62,16.06,17.25,0.9777,-0.1304,0.0704,-0.1484,-1.91,-4.13,9.65,100.62,-50.19,64.06,10.67,0,1.70,0.0353,0.0468,0,0.000,0.000,0.00,0.00,0.000,0
-3.12,9.44,8.88,0.9932,-0.0801,0.0340,-0.0773,0.54,-0.41,10.28,49.81,-59.88,104.62,10.30,0,1.70,0.0160,0.0308,0,0.000,0.000,0.00,0.00,0.000,0
-1.94,8.69,5.62,0.9959,-0.0746,0.0197,-0.0468,-0.17,-1.86,9.08,10.69,-8.19,21.31,9.27,0,1.70,0.0092,0.0293,0,0.000,0.000,0.00,0.00,0.000,0
phase1 acc_mag=9.551 gravity=10.007 motion=0.456 moving_avg=1.085 rms=1.387 mean_rms=1.019 max_rms=1.387 min_rms=0.402 std=0.321 var=0.103 state=standing thr=1.660/1.860/2.360
-0.75,8.50,2.88,0.9969,-0.0745,0.0088,-0.0253,-0.45,-0.68,9.86,-4.12,-15.00,52.06,9.89,0,1.70,0.0043,0.0296,0,0.000,0.000,0.00,0.00,0.000,0
0.19,9.75,2.94,0.9960,-0.0853,0.0001,-0.0258,0.86,-1.55,9.22,-21.06,-2.88,-18.12,9.39,0,1.70,0.0009,0.0340,0,0.000,0.000,0.00,0.00,0.000,0
-0.12,12.31,4.88,0.9925,-0.1118,0.0062,-0.0496,-1.65,0.26,8.50,-40.31,7.06,-60.88,8.66,0,1.70,0.0047,0.0443,0,0.000,0.000,0.00,0.00,0.000,0
-3.06,15.62,7.56,0.9882,-0.1339,0.0363,-0.0654,-1.40,-2.07,9.06,-19.12,80.06,-30.88,9.40,0,1.70,0.0179,0.0520,0,0.000,0.000,0.00,0.00,0.000,0
phase1 acc_mag=9.614 gravity=10.064 motion=0.450 moving_avg=1.027 rms=1.336 mean_rms=1.200 max_rms=1.396 min_rms=0.638 std=0.199 var=0.040 state=standing thr=1.598/1.798/2.298
-4.88,16.00,9.31,0.9861,-0.1349,0.0544,-0.0806,-2.00,-1.68,9.96,-18.38,29.75,-1.12,10.30,0,1.70,0.0258,0.0514,0,0.000,0.000,0.00,0.00,0.000,0
-4.00,16.69,10.25,0.9848,-0.1413,0.0483,-0.0885,-1.30,-2.02,9.01,22.56,-17.00,-17.75,9.32,0,1.70,0.0240,0.0539,0,0.000,0.000,0.00,0.00,0.000,0
-2.38,16.12,9.31,0.9866,-0.1383,0.0326,-0.0805,-0.10,-1.37,9.39,-17.62,-39.06,45.50,9.49,0,1.70,0.0173,0.0535,0,0.000,0.000,0.00,0.00,0.000,0
-1.75,16.06,7.12,0.9883,-0.1385,0.0243,-0.0587,0.11,-3.14,9.29,4.00,-7.56,34.62,9.81,0,1.70,0.0129,0.0542,0,0.000,0.000,0.00,0.00,0.000,0
phase1 acc_mag=9.098 gravity=9.945 motion=0.847 moving_avg=0.862 rms=1.142 mean_rms=1.272 max_rms=1.396 min_rms=1.023 std=0.099 var=0.010 state=standing thr=1.471/1.671/2.171
-1.75,16.31,6.19,0.9883,-0.1409,0.0234,-0.0538,-0.04,-3.61,9.67,-12.44,-0.62,-3.62,10.32,0,1.70,0.0123,0.0552,0,0.000,0.000,0.00,0.00,0.000,0
-2.62,16.81,6.00,0.9874,-0.1456,0.0325,-0.0530,0.00,-2.16,9.24,-9.81,15.50,-8.69,9.49,0,1.70,0.0159,0.0568,0,0.000,0.000,0.00,0.00,0.000,0
-3.44,17.94,6.50,0.9857,-0.1541,0.0395,-0.0564,-0.57,-2.62,9.08,-15.38,1.50,5.38,9.47,0,1.70,0.0190,0.0598,0,0.000,0.000,0.00,0.00,0.000,0
-3.62,19.12,6.06,0.9842,-0.1643,0.0411,-0.0521,0.33,-2.87,8.98,-1.25,8.19,-4.00,9.43,0,1.70,0.0196,0.0638,0,0.000,0.000,0.00,0.00,0.000,0
phase1 acc_mag=9.130 gravity=9.899 motion=0.769 moving_avg=0.696 rms=0.959 mean_rms=1.245 max_rms=1.396 min_rms=0.955 std=0.140 var=0.019 state=standing thr=1.524/1.724/2.224
-3.62,19.81,6.44,0.9830,-0.1700,0.0422,-0.0553,-0.55,-3.47,9.79,-4.25,-0.50,-4.38,10.40,0,1.70,0.0204,0.0659,0,0.000,0.000,0.00,0.00,0.000,0
-3.69,20.00,7.00,0.9824,-0.1716,0.0435,-0.0605,-0.35,-3.83,9.63,14.12,-0.75,-9.44,10.37,0,1.70,0.0212,0.0664,0,0.000,0.000,0.00,0.00,0.000,0
-3.75,19.88,7.44,0.9821,-0.1709,0.0448,-0.0648,-0.91,-2.85,9.20,-11.44,2.00,-10.06,9.67,0,1.70,0.0220,0.0660,0,0.000,0.000,0.00,0.00,0.000,0
-2.81,21.00,7.88,0.9805,-0.1802,0.0380,-0.0676,-0.43,-2.82,9.27,-31.62,-6.38,-4.88,9.70,0,1.70,0.0198,0.0697,0,0.000,0.000,0.00,0.00,0.000,0
phase1 acc_mag=10.125 gravity=9.814 motion=0.311 moving_avg=0.529 rms=0.741 mean_rms=1.157 max_rms=1.396 min_rms=0.741 std=0.209 var=0.044 state=standing thr=1.574/1.774/2.274
-2.50,21.31,7.88,0.9802,-0.1831,0.0352,-0.0674,0.00,-2.96,8.91,-7.94,0.38,-4.25,9.39,0,1.70,0.0187,0.0708,0,0.000,0.000,0.00,0.00,0.000,0
-2.81,21.75,8.38,0.9790,-0.1866,0.0391,-0.0718,-0.79,-3.58,9.50,1.75,16.50,-16.75,10.18,0,1.70,0.0207,0.0720,0,0.000,0.000,0.00,0.00,0.000,0
-3.12,22.31,8.88,0.9777,-0.1909,0.0432,-0.0760,-0.70,-3.49,9.25,4.25,0.50,-8.31,9.91,0,1.70,0.0227,0.0733,0,0.000,0.000,0.00,0.00,0.000,0
-3.19,21.62,9.00,0.9787,-0.1850,0.0438,-0.0777,-0.46,-3.21,9.19,2.62,4.75,1.00,9.75,0,1.70,0.0229,0.0711,0,0.000,0.000,0.00,0.00,0.000,0
phase1 acc_mag=9.641 gravity=9.850 motion=0.209 moving_avg=0.409 rms=0.546 mean_rms=0.988 max_rms=1.391 min_rms=0.546 std=0.268 var=0.072 state=standing thr=1.524/1.724/2.224
-3.25,21.50,8.81,0.9791,-0.1838,0.0433,-0.0758,-0.56,-3.42,9.23,3.62,-1.12,-0.62,9.86,0,1.70,0.0225,0.0707,0,0.000,0.000,0.00,0.00,0.000,0
-3.31,21.25,8.56,0.9797,-0.1816,0.0432,-0.0737,-0.40,-3.35,9.17,13.31,1.88,6.12,9.77,0,1.70,0.0223,0.0699,0,0.000,0.000,0.00,0.00,0.000,0
-3.38,21.12,8.50,0.9800,-0.1803,0.0432,-0.0724,-0.54,-3.39,9.25,2.88,-7.31,7.44,9.87,0,1.70,0.0222,0.0694,0,0.000,0.000,0.00,0.00,0.000,0
-3.12,21.19,8.38,0.9799,-0.1816,0.0417,-0.0721,-0.53,-3.32,9.01,0.00,-6.12,-0.62,9.62,0,1.70,0.0216,0.0700,0,0.000,0.000,0.00,0.00,0.000,0
phase1 acc_mag=9.753 gravity=9.782 motion=0.029 moving_avg=0.284 rms=0.396 mean_rms=0.807 max_rms=1.294 min_rms=0.396 std=0.254 var=0.065 state=standing thr=1.315/1.515/2.015
-3.38,21.00,8.25,0.9802,-0.1796,0.0427,-0.0713,-0.50,-3.35,9.22,2.12,-3.88,-5.62,9.82,0,1.70,0.0219,0.0692,0,0.000,0.000,0.00,0.00,0.000,0
-3.62,20.81,8.44,0.9803,-0.1777,0.0458,-0.0725,-0.66,-3.29,9.10,5.12,7.31,6.50,9.70,0,1.70,0.0231,0.0683,0,0.000,0.000,0.00,0.00,0.000,0
-3.81,20.81,8.44,0.9803,-0.1771,0.0479,-0.0728,-0.71,-3.54,9.34,-0.25,5.00,0.75,10.01,0,1.70,0.0239,0.0680,0,0.000,0.000,0.00,0.00,0.000,0
phase1 acc_mag=9.879 gravity=9.822 motion=0.057 moving_avg=0.186 rms=0.243 mean_rms=0.624 max_rms=1.012 min_rms=0.243 std=0.247 var=0.061 state=standing thr=1.117/1.317/1.817
-3.69,20.75,8.44,0.9803,-0.1774,0.0461,-0.0728,-0.62,-3.44,9.24,1.62,0.12,-4.25,9.88,0,1.70,0.0233,0.0682,0,0.000,0.000,0.00,0.00,0.000,0
-3.94,20.25,8.69,0.9810,-0.1723,0.0486,-0.0748,-0.55,-2.99,9.11,7.56,3.62,0.88,9.60,0,1.70,0.0242,0.0662,0,0.000,0.000,0.00,0.00,0.000,0
-4.00,20.06,8.62,0.9813,-0.1711,0.0485,-0.0741,-0.70,-3.26,9.28,4.25,-2.88,1.62,9.86,0,1.70,0.0241,0.0657,0,0.000,0.000,0.00,0.00,0.000,0
-4.06,20.12,8.44,0.9813,-0.1712,0.0493,-0.0723,-0.65,-3.20,9.21,3.75,3.62,4.12,9.77,0,1.70,0.0243,0.0658,0,0.000,0.000,0.00,0.00,0.000,0
phase1 acc_mag=10.056 gravity=9.837 motion=0.219 moving_avg=0.136 rms=0.177 mean_rms=0.471 max_rms=0.890 min_rms=0.177 std=0.217 var=0.047 state=standing thr=0.906/1.106/1.606
-4.25,20.06,8.38,0.9814,-0.1707,0.0505,-0.0719,-0.55,-3.13,9.17,-1.88,0.62,-0.62,9.71,0,1.70,0.0247,0.0656,0,0.000,0.000,0.00,0.00,0.000,0
-4.31,20.12,8.44,0.9812,-0.1712,0.0510,-0.0726,-0.66,-3.11,9.23,3.25,6.38,-8.44,9.76,0,1.70,0.0250,0.0657,0,0.000,0.000,0.00,0.00,0.000,0
-4.44,20.19,8.56,0.9811,-0.1712,0.0523,-0.0735,-0.73,-3.24,9.25,6.12,0.00,1.12,9.83,0,1.70,0.0256,0.0656,0,0.000,0.000,0.00,0.00,0.000,0
-4.44,19.94,8.62,0.9813,-0.1691,0.0524,-0.0751,-0.78,-3.38,9.36,2.88,0.50,-10.94,9.98,0,1.70,0.0257,0.0648,0,0.000,0.000,0.00,0.00,0.000,0
phase1 acc_mag=9.729 gravity=9.833 motion=0.104 moving_avg=0.100 rms=0.127 mean_rms=0.331 max_rms=0.611 min_rms=0.127 std=0.161 var=0.026 state=standing thr=0.652/0.852/1.352
-4.38,19.69,9.06,0.9814,-0.1674,0.0525,-0.0780,-0.79,-3.34,9.33,1.12,5.12,-1.25,9.94,0,1.70,0.0258,0.0641,0,0.000,0.000,0.00,0.00,0.000,0
-4.50,19.69,8.88,0.9816,-0.1664,0.0538,-0.0767,-0.85,-3.51,9.38,10.69,4.50,0.62,10.05,0,1.70,0.0262,0.0637,0,0.000,0.000,0.00,0.00,0.000,0
-4.56,19.50,8.62,0.9819,-0.1654,0.0534,-0.0746,-0.75,-3.02,9.15,-4.25,3.12,11.69,9.66,0,1.70,0.0259,0.0634,0,0.000,0.000,0.00,0.00,0.000,0
-4.69,19.25,8.56,0.9822,-0.1636,0.0543,-0.0740,-0.83,-3.15,9.22,-1.25,8.06,2.62,9.78,0,1.70,0.0262,0.0627,0,0.000,0.000,0.00,0.00,0.000,0
phase1 acc_mag=9.790 gravity=9.830 motion=0.040 moving_avg=0.090 rms=0.115 mean_rms=0.236 max_rms=0.517 min_rms=0.110 std=0.122 var=0.015 state=standing thr=0.479/0.679/1.179
-4.81,18.94,8.31,0.9828,-0.1614,0.0546,-0.0713,-0.70,-2.75,9.20,-5.75,-3.50,6.88,9.63,0,1.70,0.0261,0.0619,0,0.000,0.000,0.00,0.00,0.000,0
-4.88,18.69,8.12,0.9833,-0.1589,0.0546,-0.0699,-0.72,-3.47,9.44,8.56,-1.50,2.50,10.08,0,1.70,0.0259,0.0610,0,0.000,0.000,0.00,0.00,0.000,0
-4.88,18.44,8.06,0.9837,-0.1566,0.0547,-0.0696,-0.89,-3.36,9.46,9.69,-3.88,7.69,10.08,0,1.70,0.0259,0.0601,0,0.000,0.000,0.00,0.00,0.000,0
phase1 acc_mag=9.956 gravity=9.825 motion=0.131 moving_avg=0.099 rms=0.129 mean_rms=0.166 max_rms=0.281 min_rms=0.110 std=0.055 var=0.003 state=standing thr=0.276/0.476/0.976
-4.69,18.31,8.12,0.9838,-0.1558,0.0523,-0.0714,-0.84,-3.23,9.38,1.62,-6.38,-12.69,9.96,0,1.70,0.0250,0.0598,0,0.000,0.000,0.00,0.00,0.000,0
-4.50,18.00,8.38,0.9843,-0.1530,0.0511,-0.0723,-0.78,-2.96,9.19,-7.19,2.12,-8.31,9.69,0,1.70,0.0246,0.0587,0,0.000,0.000,0.00,0.00,0.000,0
-4.50,18.25,8.50,0.9838,-0.1549,0.0519,-0.0732,-0.62,-2.96,9.24,7.31,-7.44,-1.88,9.72,0,1.70,0.0250,0.0594,0,0.000,0.000,0.00,0.00,0.000,0
-4.56,18.44,8.50,0.9836,-0.1563,0.0522,-0.0739,-0.72,-3.13,9.27,1.50,0.38,-2.50,9.81,0,1.70,0.0252,0.0600,0,0.000,0.000,0.00,0.00,0.000,0
phase1 acc_mag=9.677 gravity=9.821 motion=0.144 moving_avg=0.101 rms=0.130 mean_rms=0.141 max_rms=0.228 min_rms=0.110 std=0.031 var=0.001 state=standing thr=0.202/0.402/0.902
-4.69,18.62,8.56,0.9832,-0.1578,0.0540,-0.0740,-0.77,-3.22,9.35,1.12,0.25,-0.25,9.92,0,1.70,0.0259,0.0605,0,0.000,0.000,0.00,0.00,0.000,0
-4.69,18.75,8.75,0.9827,-0.1598,0.0544,-0.0756,-0.87,-3.15,9.27,0.62,1.88,-0.38,9.83,0,1.70,0.0262,0.0612,0,0.000,0.000,0.00,0.00,0.000,0
-4.81,19.50,8.75,0.9818,-0.1655,0.0558,-0.0753,-0.87,-3.33,9.26,-12.06,-1.75,-4.38,9.88,0,1.70,0.0269,0.0633,0,0.000,0.000,0.00,0.00,0.000,0
phase1 acc_mag=9.966 gravity=9.826 motion=0.140 moving_avg=0.099 rms=0.126 mean_rms=0.127 max_rms=0.168 min_rms=0.110 std=0.012 var=0.000 state=standing thr=0.151/0.351/0.851
-4.94,19.62,8.75,0.9816,-0.1663,0.0567,-0.0751,-0.84,-3.40,9.33,1.12,3.25,6.38,9.97,0,1.70,0.0273,0.0636,0,0.000,0.000,0.00,0.00,0.000,0
-4.94,19.56,8.69,0.9817,-0.1657,0.0568,-0.0749,-0.81,-3.20,9.18,1.88,-2.38,-3.12,9.76,0,1.70,0.0273,0.0634,0,0.000,0.000,0.00,0.00,0.000,0
-5.06,19.56,8.50,0.9817,-0.1659,0.0579,-0.0734,-0.92,-3.24,9.26,5.38,5.75,4.25,9.85,0,1.70,0.0276,0.0634,0,0.000,0.000,0.00,0.00,0.000,0
-5.12,19.19,8.38,0.9823,-0.1628,0.0577,-0.0720,-0.84,-3.25,9.30,7.19,0.88,1.88,9.89,0,1.70,0.0274,0.0623,0,0.000,0.000,0.00,0.00,0.000,0
phase1 acc_mag=9.843 gravity=9.825 motion=0.018 moving_avg=0.097 rms=0.126 mean_rms=0.123 max_rms=0.132 min_rms=0.110 std=0.006 var=0.000 state=standing thr=0.135/0.350/0.850
-5.25,19.25,8.38,0.9822,-0.1633,0.0587,-0.0723,-0.85,-3.24,9.22,13.31,-5.50,-5.50,9.81,0,1.70,0.0278,0.0625,0,0.000,0.000,0.00,0.00,0.000,0
-5.19,18.88,8.44,0.9828,-0.1595,0.0583,-0.0722,-0.83,-3.27,9.29,-6.00,2.75,-7.81,9.88,0,1.70,0.0275,0.0610,0,0.000,0.000,0.00,0.00,0.000,0
-5.19,18.44,8.38,0.9833,-0.1573,0.0572,-0.0712,-0.84,-2.98,9.10,-10.31,-6.88,8.06,9.61,0,1.70,0.0270,0.0602,0,0.000,0.000,0.00,0.00,0.000,0
-5.12,19.06,8.38,0.9825,-0.1614,0.0576,-0.0721,-0.84,-3.29,9.26,-2.88,-1.50,3.25,9.86,0,1.70,0.0273,0.0618,0,0.000,0.000,0.00,0.00,0.000,0
phase1 acc_mag=9.728 gravity=9.816 motion=0.088 moving_avg=0.093 rms=0.120 mean_rms=0.125 max_rms=0.132 min_rms=0.114 std=0.004 var=0.000 state=standing thr=0.134/0.350/0.850
-5.00,19.00,8.12,0.9828,-0.1610,0.0563,-0.0703,-0.87,-3.17,9.39,-3.50,3.38,4.00,9.95,0,1.70,0.0266,0.0617,0,0.000,0.000,0.00,0.00,0.000,0
-5.25,19.44,8.00,0.9820,-0.1660,0.0588,-0.0682,-0.81,-3.11,9.26,-12.19,3.38,7.94,9.80,0,1.70,0.0276,0.0636,0,0.000,0.000,0.00,0.00,0.000,0
-5.50,20.19,6.56,0.9818,-0.1718,0.0590,-0.0567,-0.70,-2.87,9.29,-3.25,-0.50,18.12,9.75,0,1.70,0.0271,0.0661,0,0.000,0.000,0.00,0.00,0.000,0
-5.69,20.44,6.94,0.9811,-0.1734,0.0612,-0.0599,-1.06,-3.33,9.11,-0.62,5.88,-6.12,9.76,0,1.70,0.0282,0.0666,0,0.000,0.000,0.00,0.00,0.000,0
phase1 acc_mag=9.668 gravity=9.813 motion=0.145 moving_avg=0.079 rms=0.100 mean_rms=0.123 max_rms=0.132 min_rms=0.100 std=0.007 var=0.000 state=standing thr=0.138/0.350/0.850
-6.00,20.62,7.56,0.9802,-0.1747,0.0652,-0.0665,-0.87,-3.40,9.41,1.75,4.38,-14.00,10.04,0,1.70,0.0302,0.0668,0,0.000,0.000,0.00,0.00,0.000,0
-6.25,21.00,8.56,0.9790,-0.1771,0.0693,-0.0736,-1.18,-3.45,9.17,-1.88,2.50,-6.50,9.87,0,1.70,0.0324,0.0673,0,0.000,0.000,0.00,0.00,0.000,0
-6.19,20.88,9.06,0.9789,-0.1757,0.0695,-0.0781,-1.23,-3.50,9.20,3.38,-8.69,-11.31,9.92,0,1.70,0.0327,0.0666,0,0.000,0.000,0.00,0.00,0.000,0
-6.12,21.06,8.94,0.9786,-0.1775,0.0691,-0.0773,-1.18,-3.62,9.18,-2.75,4.25,-3.38,9.94,0,1.70,0.0325,0.0673,0,0.000,0.000,0.00,0.00,0.000,0
phase1 acc_mag=9.803 gravity=9.827 motion=0.023 moving_avg=0.086 rms=0.112 mean_rms=0.118 max_rms=0.129 min_rms=0.100 std=0.009 var=0.000 state=standing thr=0.135/0.350/0.850
-6.19,21.00,8.88,0.9789,-0.1767,0.0693,-0.0762,-1.18,-3.44,9.17,2.12,3.12,-5.50,9.86,0,1.70,0.0325,0.0671,0,0.000,0.000,0.00,0.00,0.000,0
-6.31,21.12,8.62,0.9789,-0.1774,0.0697,-0.0742,-1.06,-3.64,9.21,8.69,1.12,-1.25,9.96,0,1.70,0.0326,0.0674,0,0.000,0.000,0.00,0.00,0.000,0
-6.25,21.00,8.81,0.9788,-0.1770,0.0696,-0.0759,-1.10,-3.42,9.13,-3.88,-5.00,3.25,9.81,0,1.70,0.0326,0.0672,0,0.000,0.000,0.00,0.00,0.000,0
-6.25,21.62,8.94,0.9777,-0.1822,0.0703,-0.0767,-1.15,-3.44,9.11,-4.50,1.38,3.00,9.81,0,1.70,0.0331,0.0691,0,0.000,0.000,0.00,0.00,0.000,0
phase1 acc_mag=9.798 gravity=9.829 motion=0.031 moving_avg=0.079 rms=0.107 mean_rms=0.115 max_rms=0.128 min_rms=0.100 std=0.008 var=0.000 state=standing thr=0.131/0.350/0.850
-6.19,21.25,9.12,0.9783,-0.1788,0.0696,-0.0786,-0.96,-3.30,9.14,-3.25,0.88,-12.44,9.76,0,1.70,0.0329,0.0678,0,0.000,0.000,0.00,0.00,0.000,0
-5.94,21.56,9.62,0.9775,-0.1813,0.0686,-0.0828,-1.06,-3.72,9.19,-2.38,-5.25,-6.38,9.97,0,1.70,0.0328,0.0686,0,0.000,0.000,0.00,0.00,0.000,0
-6.00,21.75,9.81,0.9771,-0.1827,0.0697,-0.0839,-0.91,-3.39,8.99,-1.25,4.75,-2.25,9.65,0,1.70,0.0334,0.0691,0,0.000,0.000,0.00,0.00,0.000,0
phase1 acc_mag=10.035 gravity=9.831 motion=0.204 moving_avg=0.090 rms=0.115 mean_rms=0.112 max_rms=0.126 min_rms=0.100 std=0.007 var=0.000 state=standing thr=0.125/0.350/0.850
-6.56,21.81,10.44,0.9763,-0.1813,0.0763,-0.0905,-1.30,-3.84,9.18,12.69,10.31,-6.75,10.04,0,1.70,0.0364,0.0680,0,0.000,0.000,0.00,0.00,0.000,0
-7.00,21.31,11.12,0.9762,-0.1774,0.0801,-0.0955,-1.37,-3.63,9.20,8.19,11.06,-5.88,9.98,0,1.70,0.0381,0.0662,0,0.000,0.000,0.00,0.00,0.000,0
-6.88,21.06,11.38,0.9766,-0.1746,0.0786,-0.0974,-1.16,-3.66,9.17,4.62,-5.25,-0.50,9.94,0,1.70,0.0375,0.0652,0,0.000,0.000,0.00,0.00,0.000,0
-6.56,21.00,11.31,0.9769,-0.1747,0.0763,-0.0969,-1.18,-3.54,9.17,3.00,-4.12,-0.25,9.90,0,1.70,0.0366,0.0653,0,0.000,0.000,0.00,0.00,0.000,0
phase1 acc_mag=9.918 gravity=9.841 motion=0.077 moving_avg=0.094 rms=0.122 mean_rms=0.111 max_rms=0.123 min_rms=0.100 std=0.006 var=0.000 state=standing thr=0.123/0.350/0.850
-6.50,20.62,11.38,0.9775,-0.1714,0.0748,-0.0977,-1.23,-3.56,9.11,4.38,-6.25,-3.00,9.86,0,1.70,0.0359,0.0641,0,0.000,0.000,0.00,0.00,0.000,0
-6.19,20.38,11.56,0.9778,-0.1699,0.0724,-0.0991,-1.10,-3.37,9.23,5.88,-7.69,-7.56,9.89,0,1.70,0.0351,0.0636,0,0.000,0.000,0.00,0.00,0.000,0
-6.25,20.25,11.19,0.9782,-0.1691,0.0726,-0.0959,-1.09,-3.52,9.18,-1.12,-1.75,4.25,9.89,0,1.70,0.0349,0.0634,0,0.000,0.000,0.00,0.00,0.000,0
-6.25,20.62,11.19,0.9777,-0.1719,0.0728,-0.0962,-0.97,-3.44,9.13,-4.38,6.38,1.50,9.80,0,1.70,0.0351,0.0644,0,0.000,0.000,0.00,0.00,0.000,0
phase1 acc_mag=9.733 gravity=9.843 motion=0.110 moving_avg=0.090 rms=0.118 mean_rms=0.114 max_rms=0.124 min_rms=0.104 std=0.006 var=0.000 state=standing thr=0.126/0.350/0.850
-6.25,20.38,11.50,0.9778,-0.1700,0.0730,-0.0987,-1.06,-3.67,9.22,2.12,-0.50,4.62,9.98,0,1.70,0.0353,0.0636,0,0.000,0.000,0.00,0.00,0.000,0
-5.88,20.50,12.25,0.9771,-0.1710,0.0713,-0.1053,-1.10,-3.33,9.05,-0.50,2.38,-7.56,9.71,0,1.70,0.0351,0.0638,0,0.000,0.000,0.00,0.00,0.000,0
-6.12,21.25,12.38,0.9757,-0.1771,0.0739,-0.1058,-1.07,-3.61,9.22,-20.25,-0.25,-3.12,9.96,0,1.70,0.0363,0.0660,0,0.000,0.000,0.00,0.00,0.000,0
-6.06,21.50,12.19,0.9753,-0.1794,0.0738,-0.1053,-1.13,-3.64,9.13,0.12,3.62,-9.44,9.89,0,1.70,0.0363,0.0669,0,0.000,0.000,0.00,0.00,0.000,0
phase1 acc_mag=9.904 gravity=9.837 motion=0.066 moving_avg=0.095 rms=0.125 mean_rms=0.116 max_rms=0.125 min_rms=0.105 std=0.006 var=0.000 state=standing thr=0.127/0.350/0.850
-6.12,21.62,12.06,0.9753,-0.1805,0.0742,-0.1033,-1.19,-3.82,9.13,1.88,-7.56,16.00,9.97,0,1.70,0.0364,0.0673,0,0.000,0.000,0.00,0.00,0.000,0
-6.12,21.62,11.75,0.9757,-0.1802,0.0737,-0.1005,-1.01,-3.54,9.18,-6.12,-5.38,9.94,9.89,0,1.70,0.0360,0.0674,0,0.000,0.000,0.00,0.00,0.000,0
-6.25,21.62,11.38,0.9760,-0.1803,0.0740,-0.0973,-1.13,-3.59,9.07,1.62,0.25,3.38,9.82,0,1.70,0.0359,0.0675,0,0.000,0.000,0.00,0.00,0.000,0
-6.00,21.25,11.44,0.9765,-0.1778,0.0719,-0.0980,-1.10,-3.64,9.08,-2.50,-6.75,-4.62,9.84,0,1.70,0.0351,0.0666,0,0.000,0.000,0.00,0.00,0.000,0
phase1 acc_mag=9.760 gravity=9.849 motion=0.089 moving_avg=0.095 rms=0.126 mean_rms=0.119 max_rms=0.127 min_rms=0.105 std=0.006 var=0.000 state=standing thr=0.131/0.350/0.850
-6.19,21.31,11.31,0.9765,-0.1780,0.0730,-0.0975,-1.13,-3.73,9.10,0.88,-2.50,-9.06,9.90,0,1.70,0.0355,0.0667,0,0.000,0.000,0.00,0.00,0.000,0
-6.31,21.44,11.38,0.9761,-0.1790,0.0744,-0.0977,-1.02,-3.48,9.06,-2.62,4.00,3.88,9.76,0,1.70,0.0360,0.0670,0,0.000,0.000,0.00,0.00,0.000,0
-6.44,21.38,10.94,0.9767,-0.1780,0.0743,-0.0934,-1.25,-3.97,9.15,2.12,-3.12,1.75,10.05,0,1.70,0.0357,0.0668,0,0.000,0.000,0.00,0.00,0.000,0
phase1 acc_mag=9.720 gravity=9.856 motion=0.136 moving_avg=0.095 rms=0.142 mean_rms=0.123 max_rms=0.146 min_rms=0.111 std=0.006 var=0.000 state=slow thr=0.135/0.350/0.850
-6.44,21.25,10.75,0.9769,-0.1777,0.0742,-0.0923,-1.10,-3.45,9.02,-6.75,-2.50,-0.38,9.72,0,1.70,0.0356,0.0667,0,0.000,0.000,0.00,0.00,0.000,0
-6.44,20.88,11.19,0.9771,-0.1743,0.0748,-0.0959,-1.03,-3.44,9.08,-5.88,11.56,4.00,9.76,0,1.70,0.0359,0.0653,0,0.000,0.000,0.00,0.00,0.000,0
-6.75,21.38,11.25,0.9762,-0.1778,0.0781,-0.0964,-1.32,-3.66,9.13,-6.00,2.50,4.25,9.92,0,1.70,0.0373,0.0664,0,0.000,0.000,0.00,0.00,0.000,0
-6.88,21.62,11.12,0.9758,-0.1805,0.0791,-0.0945,-1.21,-3.50,9.09,-4.12,1.38,2.00,9.82,0,1.70,0.0377,0.0675,0,0.000,0.000,0.00,0.00,0.000,0
phase1 acc_mag=9.872 gravity=9.859 motion=0.013 moving_avg=0.099 rms=0.143 mean_rms=0.127 max_rms=0.146 min_rms=0.111 std=0.010 var=0.000 state=standing thr=0.147/0.350/0.850
-6.69,21.88,10.81,0.9758,-0.1826,0.0771,-0.0928,-1.10,-3.59,8.99,-5.62,2.50,-6.88,9.74,0,1.70,0.0369,0.0684,0,0.000,0.000,0.00,0.00,0.000,0
-6.81,21.81,10.88,0.9758,-0.1820,0.0781,-0.0929,-1.30,-4.00,9.15,9.06,1.62,7.56,10.07,0,1.70,0.0373,0.0681,0,0.000,0.000,0.00,0.00,0.000,0
-6.62,22.00,10.81,0.9756,-0.1837,0.0768,-0.0924,-1.33,-3.84,9.13,-5.75,-3.38,6.25,9.99,0,1.70,0.0368,0.0689,0,0.000,0.000,0.00,0.00,0.000,0
-6.75,22.00,10.69,0.9756,-0.1838,0.0777,-0.0916,-1.31,-3.80,9.05,4.25,2.25,1.12,9.90,0,1.70,0.0371,0.0689,0,0.000,0.000,0.00,0.00,0.000,0
phase1 acc_mag=9.823 gravity=9.859 motion=0.037 moving_avg=0.101 rms=0.144 mean_rms=0.132 max_rms=0.146 min_rms=0.111 std=0.011 var=0.000 state=standing thr=0.154/0.354/0.854
-6.88,22.19,11.00,0.9751,-0.1846,0.0793,-0.0941,-1.15,-3.50,8.94,-12.69,7.69,-11.31,9.67,0,1.70,0.0379,0.0690,0,0.000,0.000,0.00,0.00,0.000,0
-6.62,21.94,11.38,0.9755,-0.1813,0.0773,-0.0978,-1.22,-3.93,9.22,15.38,-1.25,-3.50,10.10,0,1.70,0.0373,0.0677,0,0.000,0.000,0.00,0.00,0.000,0
-6.44,21.50,11.81,0.9757,-0.1788,0.0762,-0.1014,-1.20,-3.57,8.91,3.12,-2.62,-2.38,9.67,0,1.70,0.0370,0.0667,0,0.000,0.000,0.00,0.00,0.000,0
-6.31,21.62,12.19,0.9752,-0.1799,0.0757,-0.1044,-1.19,-3.74,9.13,-4.12,-7.19,-12.94,9.94,0,1.70,0.0370,0.0670,0,0.000,0.000,0.00,0.00,0.000,0
phase1 acc_mag=9.692 gravity=9.863 motion=0.171 moving_avg=0.090 rms=0.130 mean_rms=0.135 max_rms=0.146 min_rms=0.117 std=0.009 var=0.000 state=standing thr=0.153/0.353/0.853
-6.19,21.69,12.19,0.9751,-0.1807,0.0751,-0.1043,-1.10,-3.62,9.10,-3.62,-4.88,-0.12,9.86,0,1.70,0.0368,0.0674,0,0.000,0.000,0.00,0.00,0.000,0
-6.38,21.94,12.50,0.9744,-0.1824,0.0773,-0.1066,-1.09,-3.62,9.11,-3.25,1.00,4.00,9.86,0,1.70,0.0379,0.0678,0,0.000,0.000,0.00,0.00,0.000,0
-5.88,22.00,13.06,0.9740,-0.1829,0.0736,-0.1119,-1.18,-3.37,9.14,-6.88,-9.94,-12.31,9.81,0,1.70,0.0369,0.0679,0,0.000,0.000,0.00,0.00,0.000,0
phase1 acc_mag=9.626 gravity=9.868 motion=0.243 moving_avg=0.115 rms=0.161 mean_rms=0.139 max_rms=0.161 min_rms=0.117 std=0.009 var=0.000 state=slow thr=0.156/0.356/0.856
-5.56,21.75,13.25,0.9742,-0.1813,0.0714,-0.1133,-0.93,-3.47,8.93,3.25,-10.19,13.19,9.63,0,1.70,0.0360,0.0674,0,0.000,0.000,0.00,0.00,0.000,0
-5.38,21.88,13.62,0.9738,-0.1825,0.0701,-0.1165,-1.02,-3.65,9.15,1.62,-6.75,0.88,9.90,0,1.70,0.0358,0.0678,0,0.000,0.000,0.00,0.00,0.000,0
-5.56,22.00,13.38,0.9738,-0.1830,0.0717,-0.1143,-0.96,-3.67,9.07,1.00,-1.75,6.12,9.83,0,1.70,0.0363,0.0680,0,0.000,0.000,0.00,0.00,0.000,0
-5.56,22.50,13.19,0.9730,-0.1878,0.0720,-0.1130,-0.90,-3.41,9.03,-6.50,-3.88,7.94,9.69,0,1.70,0.0365,0.0698,0,0.000,0.000,0.00,0.00,0.000,0
phase1 acc_mag=10.094 gravity=9.853 motion=0.241 moving_avg=0.102 rms=0.133 mean_rms=0.142 max_rms=0.161 min_rms=0.129 std=0.009 var=0.000 state=standing thr=0.160/0.360/0.860
-5.62,22.88,12.94,0.9728,-0.1904,0.0729,-0.1100,-0.89,-3.69,9.03,2.75,5.00,8.94,9.80,0,1.70,0.0368,0.0709,0,0.000,0.000,0.00,0.00,0.000,0
-5.62,22.75,12.94,0.9729,-0.1899,0.0723,-0.1104,-1.01,-3.69,8.99,-0.25,2.25,-5.75,9.77,0,1.70,0.0365,0.0707,0,0.000,0.000,0.00,0.00,0.000,0
-5.50,22.94,13.06,0.9725,-0.1914,0.0718,-0.1118,-1.28,-3.73,9.02,1.00,-3.88,-11.31,9.84,0,1.70,0.0365,0.0712,0,0.000,0.000,0.00,0.00,0.000,0
-5.31,23.19,12.88,0.9723,-0.1939,0.0700,-0.1102,-0.78,-3.65,8.99,-4.75,-2.00,-0.12,9.73,0,1.70,0.0358,0.0723,0,0.000,0.000,0.00,0.00,0.000,0
phase1 acc_mag=9.939 gravity=9.854 motion=0.085 moving_avg=0.103 rms=0.135 mean_rms=0.141 max_rms=0.161 min_rms=0.129 std=0.010 var=0.000 state=standing thr=0.160/0.360/0.860
-5.50,23.06,13.00,0.9724,-0.1927,0.0714,-0.1111,-0.98,-3.82,9.07,4.25,-0.50,9.69,9.89,0,1.70,0.0363,0.0718,0,0.000,0.000,0.00,0.00,0.000,0
-5.56,23.19,13.12,0.9720,-0.1932,0.0729,-0.1118,-1.18,-3.80,9.03,-0.25,3.88,3.38,9.87,0,1.70,0.0370,0.0719,0,0.000,0.000,0.00,0.00,0.000,0
-5.75,23.19,12.94,0.9721,-0.1934,0.0735,-0.1104,-1.05,-3.76,9.07,3.12,7.56,9.06,9.87,0,1.70,0.0371,0.0720,0,0.000,0.000,0.00,0.00,0.000,0
phase1 acc_mag=9.965 gravity=9.857 motion=0.108 moving_avg=0.099 rms=0.132 mean_rms=0.138 max_rms=0.161 min_rms=0.129 std=0.010 var=0.000 state=standing thr=0.158/0.358/0.858
-5.56,23.25,12.75,0.9724,-0.1936,0.0720,-0.1089,-1.05,-3.97,9.08,6.38,3.75,0.50,9.97,0,1.70,0.0364,0.0722,0,0.000,0.000,0.00,0.00,0.000,0
-5.56,23.62,12.75,0.9717,-0.1978,0.0722,-0.1075,-1.02,-3.84,9.01,-3.38,-3.62,13.19,9.85,0,1.70,0.0366,0.0738,0,0.000,0.000,0.00,0.00,0.000,0
-5.50,23.50,12.88,0.9717,-0.1964,0.0717,-0.1097,-1.01,-3.78,8.97,3.00,2.50,-7.06,9.79,0,1.70,0.0365,0.0732,0,0.000,0.000,0.00,0.00,0.000,0
-5.56,23.62,12.62,0.9717,-0.1973,0.0720,-0.1078,-1.11,-3.85,9.03,-3.62,-6.88,-2.25,9.88,0,1.70,0.0365,0.0736,0,0.000,0.000,0.00,0.00,0.000,0
phase1 acc_mag=9.951 gravity=9.861 motion=0.090 moving_avg=0.092 rms=0.127 mean_rms=0.138 max_rms=0.161 min_rms=0.127 std=0.010 var=0.000 state=standing thr=0.158/0.358/0.858
-5.81,23.69,12.56,0.9715,-0.1978,0.0744,-0.1072,-1.12,-3.84,8.91,-5.75,0.12,1.25,9.77,0,1.70,0.0374,0.0737,0,0.000,0.000,0.00,0.00,0.000,0
-6.00,24.19,12.50,0.9706,-0.2020,0.0762,-0.1063,-1.04,-3.75,8.85,-15.50,8.81,-10.06,9.67,0,1.70,0.0382,0.0752,0,0.000,0.000,0.00,0.00,0.000,0
-6.50,24.69,11.88,0.9699,-0.2066,0.0797,-0.1010,-1.25,-4.05,9.04,-12.69,-5.75,-2.88,9.98,0,1.70,0.0393,0.0769,0,0.000,0.000,0.00,0.00,0.000,0
-6.50,24.69,11.25,0.9705,-0.2064,0.0787,-0.0960,-1.21,-3.95,8.88,5.88,0.25,0.38,9.79,0,1.70,0.0385,0.0771,0,0.000,0.000,0.00,0.00,0.000,0
phase1 acc_mag=9.881 gravity=9.860 motion=0.021 moving_avg=0.082 rms=0.111 mean_rms=0.133 max_rms=0.160 min_rms=0.111 std=0.011 var=0.000 state=standing thr=0.154/0.354/0.854
-6.44,24.44,11.12,0.9712,-0.2048,0.0775,-0.0940,-1.28,-3.92,8.96,0.00,-3.62,-0.75,9.86,0,1.70,0.0378,0.0766,0,0.000,0.000,0.00,0.00,0.000,0
-6.38,24.56,10.56,0.9714,-0.2058,0.0768,-0.0903,-1.34,-3.94,8.81,-3.00,-5.00,6.75,9.74,0,1.70,0.0373,0.0772,0,0.000,0.000,0.00,0.00,0.000,0
-6.62,24.75,9.69,0.9716,-0.2076,0.0774,-0.0826,-1.16,-4.14,9.15,-0.50,-14.12,12.44,10.11,0,1.70,0.0369,0.0781,0,0.000,0.000,0.00,0.00,0.000,0
-6.56,24.81,9.12,0.9721,-0.2078,0.0758,-0.0781,-0.83,-4.02,8.95,2.62,-2.88,4.75,9.85,0,1.70,0.0360,0.0784,0,0.000,0.000,0.00,0.00,0.000,0
phase1 acc_mag=9.950 gravity=9.869 motion=0.081 moving_avg=0.079 rms=0.110 mean_rms=0.125 max_rms=0.136 min_rms=0.109 std=0.009 var=0.000 state=standing thr=0.144/0.350/0.850
-6.62,24.38,8.69,0.9730,-0.2054,0.0751,-0.0742,-1.09,-3.89,8.91,7.56,-2.00,12.69,9.78,0,1.70,0.0353,0.0777,0,0.000,0.000,0.00,0.00,0.000,0
-7.06,24.56,8.31,0.9727,-0.2068,0.0786,-0.0709,-1.22,-3.62,8.73,-13.19,6.00,8.31,9.53,0,1.70,0.0364,0.0782,0,0.000,0.000,0.00,0.00,0.000,0
-7.44,25.31,7.31,0.9714,-0.2143,0.0811,-0.0614,-1.18,-4.19,9.11,-14.50,-4.88,14.88,10.10,0,1.70,0.0368,0.0813,0,0.000,0.000,0.00,0.00,0.000,0
-7.88,25.50,6.62,0.9714,-0.2147,0.0834,-0.0565,-1.16,-4.10,8.88,1.38,4.88,-1.25,9.85,0,1.70,0.0372,0.0816,0,0.000,0.000,0.00,0.00,0.000,0
phase1 acc_mag=9.810 gravity=9.875 motion=0.065 moving_avg=0.098 rms=0.138 mean_rms=0.124 max_rms=0.139 min_rms=0.109 std=0.010 var=0.000 state=standing thr=0.143/0.350/0.850
-7.94,25.50,6.94,0.9714,-0.2141,0.0843,-0.0593,-1.22,-4.01,8.94,6.88,2.62,-5.88,9.87,0,1.70,0.0378,0.0812,0,0.000,0.000,0.00,0.00,0.000,0
-8.06,25.31,7.19,0.9714,-0.2130,0.0859,-0.0610,-1.34,-3.95,8.90,4.12,-0.75,3.00,9.83,0,1.70,0.0386,0.0806,0,0.000,0.000,0.00,0.00,0.000,0
-8.25,25.00,7.44,0.9719,-0.2088,0.0878,-0.0642,-1.64,-4.09,9.00,8.81,5.38,-9.06,10.02,0,1.70,0.0395,0.0789,0,0.000,0.000,0.00,0.00,0.000,0
phase1 acc_mag=9.842 gravity=9.874 motion=0.032 moving_avg=0.100 rms=0.139 mean_rms=0.125 max_rms=0.139 min_rms=0.109 std=0.011 var=0.000 state=standing thr=0.147/0.350/0.850
-8.19,24.81,7.69,0.9720,-0.2079,0.0874,-0.0654,-1.37,-3.95,8.91,-4.00,-4.50,-1.75,9.84,0,1.70,0.0394,0.0786,0,0.000,0.000,0.00,0.00,0.000,0
-7.94,24.88,7.88,0.9719,-0.2084,0.0857,-0.0674,-1.23,-4.13,8.91,-9.56,-6.75,-7.81,9.90,0,1.70,0.0389,0.0787,0,0.000,0.000,0.00,0.00,0.000,0
-8.00,24.69,7.81,0.9722,-0.2070,0.0863,-0.0665,-1.27,-3.71,8.92,-9.56,1.50,-2.62,9.74,0,1.70,0.0391,0.0782,0,0.000,0.000,0.00,0.00,0.000,0
-7.94,24.25,7.88,0.9731,-0.2024,0.0874,-0.0668,-1.27,-3.85,9.01,9.19,1.75,3.88,9.88,0,1.70,0.0394,0.0764,0,0.000,0.000,0.00,0.00,0.000,0
phase1 acc_mag=9.745 gravity=9.879 motion=0.134 moving_avg=0.106 rms=0.143 mean_rms=0.127 max_rms=0.143 min_rms=0.109 std=0.013 var=0.000 state=standing thr=0.152/0.352/0.852
-8.38,23.94,7.44,0.9736,-0.2007,0.0881,-0.0637,-1.40,-3.83,8.99,6.50,1.00,0.25,9.87,0,1.70,0.0394,0.0759,0,0.000,0.000,0.00,0.00,0.000,0
-8.31,23.69,7.19,0.9742,-0.1990,0.0872,-0.0613,-1.37,-3.79,8.92,-0.25,6.25,1.62,9.79,0,1.70,0.0389,0.0754,0,0.000,0.000,0.00,0.00,0.000,0
-8.12,23.62,7.12,0.9746,-0.1979,0.0854,-0.0608,-1.37,-3.87,8.99,8.44,0.00,4.75,9.88,0,1.70,0.0381,0.0751,0,0.000,0.000,0.00,0.00,0.000,0
-8.06,23.31,7.12,0.9750,-0.1964,0.0842,-0.0605,-1.35,-3.74,8.92,-8.56,-4.62,5.62,9.77,0,1.70,0.0376,0.0745,0,0.000,0.000,0.00,0.00,0.000,0
phase1 acc_mag=9.897 gravity=9.871 motion=0.026 moving_avg=0.092 rms=0.125 mean_rms=0.130 max_rms=0.143 min_rms=0.109 std=0.012 var=0.000 state=standing thr=0.154/0.354/0.854
-7.94,23.25,6.94,0.9753,-0.1957,0.0829,-0.0595,-1.36,-3.67,8.91,1.00,-3.00,-7.44,9.73,0,1.70,0.0370,0.0744,0,0.000,0.000,0.00,0.00,0.000,0
-7.69,23.62,6.81,0.9749,-0.1993,0.0804,-0.0581,-1.22,-3.83,9.10,-6.00,-5.88,-1.38,9.95,0,1.70,0.0360,0.0759,0,0.000,0.000,0.00,0.00,0.000,0
-7.31,23.62,6.62,0.9752,-0.1996,0.0769,-0.0567,-1.06,-3.84,8.97,-5.75,3.50,3.25,9.81,0,1.70,0.0345,0.0761,0,0.000,0.000,0.00,0.00,0.000,0
-7.44,23.75,6.75,0.9749,-0.2004,0.0784,-0.0576,-1.19,-3.92,9.06,2.25,5.62,-3.62,9.94,0,1.70,0.0352,0.0763,0,0.000,0.000,0.00,0.00,0.000,0
phase1 acc_mag=10.053 gravity=9.871 motion=0.182 moving_avg=0.090 rms=0.122 mean_rms=0.133 max_rms=0.143 min_rms=0.112 std=0.008 var=0.000 state=standing thr=0.149/0.350/0.850
-7.62,23.56,6.88,0.9750,-0.1985,0.0803,-0.0588,-1.34,-3.82,9.07,-0.62,4.12,0.75,9.93,0,1.70,0.0360,0.0755,0,0.000,0.000,0.00,0.00,0.000,0
-7.56,23.44,7.12,0.9751,-0.1976,0.0803,-0.0609,-1.21,-3.54,8.93,-2.75,3.62,-12.44,9.68,0,1.70,0.0361,0.0751,0,0.000,0.000,0.00,0.00,0.000,0
-7.62,24.00,7.00,0.9740,-0.2027,0.0814,-0.0601,-1.20,-3.81,9.02,-10.06,3.62,-0.50,9.86,0,1.70,0.0366,0.0770,0,0.000,0.000,0.00,0.00,0.000,0
-7.75,24.25,7.00,0.9737,-0.2042,0.0818,-0.0597,-1.28,-3.94,9.00,0.62,1.88,-2.75,9.91,0,1.70,0.0368,0.0776,0,0.000,0.000,0.00,0.00,0.000,0
phase1 acc_mag=9.979 gravity=9.856 motion=0.123 moving_avg=0.073 rms=0.090 mean_rms=0.125 max_rms=0.143 min_rms=0.090 std=0.017 var=0.000 state=standing thr=0.159/0.359/0.859
-7.88,24.38,7.12,0.9733,-0.2048,0.0834,-0.0611,-1.21,-3.72,8.92,-3.50,8.94,-3.25,9.74,0,1.70,0.0375,0.0777,0,0.000,0.000,0.00,0.00,0.000,0
-7.81,24.19,7.31,0.9736,-0.2034,0.0831,-0.0623,-1.30,-3.98,8.98,3.00,-4.88,8.94,9.91,0,1.70,0.0374,0.0772,0,0.000,0.000,0.00,0.00,0.000,0
-7.81,23.75,7.19,0.9745,-0.1998,0.0824,-0.0608,-1.27,-3.96,9.04,-1.00,-1.62,8.06,9.95,0,1.70,0.0370,0.0759,0,0.000,0.000,0.00,0.00,0.000,0
-7.50,23.44,7.12,0.9752,-0.1973,0.0793,-0.0607,-1.07,-3.78,9.08,9.19,-3.12,-6.75,9.89,0,1.70,0.0357,0.0750,0,0.000,0.000,0.00,0.00,0.000,0
phase1 acc_mag=9.835 gravity=9.859 motion=0.023 moving_avg=0.076 rms=0.097 mean_rms=0.115 max_rms=0.143 min_rms=0.089 std=0.019 var=0.000 state=standing thr=0.154/0.354/0.854
-7.38,23.25,7.06,0.9756,-0.1960,0.0782,-0.0608,-1.21,-3.83,8.97,-2.25,-1.62,-6.88,9.83,0,1.70,0.0353,0.0746,0,0.000,0.000,0.00,0.00,0.000,0
-7.31,23.00,6.75,0.9762,-0.1943,0.0770,-0.0579,-1.35,-3.78,9.09,-0.62,-3.25,2.12,9.94,0,1.70,0.0346,0.0741,0,0.000,0.000,0.00,0.00,0.000,0
-7.31,22.94,6.62,0.9764,-0.1935,0.0773,-0.0573,-1.10,-3.52,8.92,-3.25,0.62,8.06,9.65,0,1.70,0.0346,0.0738,0,0.000,0.000,0.00,0.00,0.000,0
phase1 acc_mag=9.950 gravity=9.855 motion=0.095 moving_avg=0.077 rms=0.100 mean_rms=0.106 max_rms=0.138 min_rms=0.089 std=0.015 var=0.000 state=standing thr=0.137/0.350/0.850
-7.38,23.12,6.88,0.9760,-0.1948,0.0778,-0.0590,-1.22,-3.69,9.16,-0.75,0.12,-4.38,9.95,0,1.70,0.0350,0.0742,0,0.000,0.000,0.00,0.00,0.000,0
-7.56,23.69,7.38,0.9746,-0.1993,0.0807,-0.0629,-1.24,-3.72,9.01,-9.31,9.94,-5.38,9.83,0,1.70,0.0365,0.0757,0,0.000,0.000,0.00,0.00,0.000,0
-7.75,23.88,7.44,0.9741,-0.2006,0.0826,-0.0634,-1.36,-4.02,9.02,7.81,3.88,3.00,9.97,0,1.70,0.0373,0.0761,0,0.000,0.000,0.00,0.00,0.000,0
-7.56,23.88,7.88,0.9738,-0.2012,0.0825,-0.0669,-1.28,-3.80,9.02,-10.31,4.88,8.06,9.87,0,1.70,0.0375,0.0762,0,0.000,0.000,0.00,0.00,0.000,0
phase1 acc_mag=9.977 gravity=9.857 motion=0.119 moving_avg=0.079 rms=0.101 mean_rms=0.101 max_rms=0.126 min_rms=0.089 std=0.011 var=0.000 state=standing thr=0.124/0.350/0.850
-7.75,24.06,8.50,0.9731,-0.2014,0.0847,-0.0724,-1.28,-3.84,8.90,-8.31,-1.50,3.50,9.78,0,1.70,0.0388,0.0759,0,0.000,0.000,0.00,0.00,0.000,0
-8.06,24.19,8.56,0.9727,-0.2019,0.0878,-0.0731,-1.39,-3.82,8.89,-6.62,9.06,-1.00,9.78,0,1.70,0.0400,0.0760,0,0.000,0.000,0.00,0.00,0.000,0
-8.19,24.25,8.69,0.9723,-0.2027,0.0895,-0.0747,-1.53,-3.88,9.02,-1.88,9.06,-2.25,9.94,0,1.70,0.0409,0.0762,0,0.000,0.000,0.00,0.00,0.000,0
-8.25,24.31,8.62,0.9723,-0.2029,0.0897,-0.0738,-1.51,-3.99,9.07,0.00,-6.12,-5.12,10.02,0,1.70,0.0409,0.0763,0,0.000,0.000,0.00,0.00,0.000,0
phase1 acc_mag=9.815 gravity=9.863 motion=0.048 moving_avg=0.076 rms=0.098 mean_rms=0.096 max_rms=0.105 min_rms=0.089 std=0.004 var=0.000 state=standing thr=0.104/0.350/0.850
-8.00,24.00,8.81,0.9729,-0.2004,0.0873,-0.0754,-1.27,-3.89,8.99,10.44,4.75,-2.00,9.88,0,1.70,0.0400,0.0754,0,0.000,0.000,0.00,0.00,0.000,0
-7.94,24.00,8.62,0.9731,-0.2006,0.0864,-0.0737,-1.37,-3.84,8.88,-6.50,-2.75,6.62,9.77,0,1.70,0.0395,0.0755,0,0.000,0.000,0.00,0.00,0.000,0
-8.06,23.94,8.69,0.9730,-0.1999,0.0884,-0.0749,-1.52,-3.77,8.95,-1.38,8.56,-4.38,9.83,0,1.70,0.0404,0.0751,0,0.000,0.000,0.00,0.00,0.000,0
-8.38,24.12,8.56,0.9726,-0.2014,0.0903,-0.0731,-1.58,-3.90,8.99,2.50,4.62,-3.12,9.93,0,1.70,0.0410,0.0757,0,0.000,0.000,0.00,0.00,0.000,0
phase1 acc_mag=9.822 gravity=9.861 motion=0.039 moving_avg=0.081 rms=0.103 mean_rms=0.098 max_rms=0.103 min_rms=0.090 std=0.003 var=0.000 state=standing thr=0.103/0.350/0.850
-8.38,24.06,8.19,0.9728,-0.2017,0.0895,-0.0704,-1.09,-3.46,8.82,-4.25,1.75,-8.69,9.54,0,1.70,0.0405,0.0759,0,0.000,0.000,0.00,0.00,0.000,0
-8.56,24.25,8.06,0.9726,-0.2025,0.0912,-0.0690,-1.46,-4.21,8.87,2.12,4.00,-2.12,9.93,0,1.70,0.0411,0.0763,0,0.000,0.000,0.00,0.00,0.000,0
-8.50,24.44,8.25,0.9722,-0.2040,0.0913,-0.0703,-1.47,-3.87,8.90,-6.88,10.06,-5.00,9.82,0,1.70,0.0412,0.0768,0,0.000,0.000,0.00,0.00,0.000,0
-8.62,24.12,8.25,0.9727,-0.2010,0.0916,-0.0710,-1.41,-3.78,8.89,3.00,-1.25,-4.50,9.76,0,1.70,0.0414,0.0756,0,0.000,0.000,0.00,0.00,0.000,0
phase1 acc_mag=9.791 gravity=9.852 motion=0.061 moving_avg=0.082 rms=0.101 mean_rms=0.099 max_rms=0.103 min_rms=0.092 std=0.002 var=0.000 state=standing thr=0.103/0.350/0.850
-8.88,23.94,8.12,0.9729,-0.1996,0.0939,-0.0696,-1.47,-3.88,8.98,-3.75,3.12,-1.25,9.89,0,1.70,0.0421,0.0751,0,0.000,0.000,0.00,0.00,0.000,0
-9.06,23.69,7.94,0.9734,-0.1972,0.0946,-0.0678,-1.62,-3.93,8.94,0.88,0.75,13.44,9.90,0,1.70,0.0422,0.0742,0,0.000,0.000,0.00,0.00,0.000,0
-8.69,22.94,7.75,0.9750,-0.1917,0.0909,-0.0665,-1.21,-3.46,8.93,7.19,-0.25,-8.44,9.65,0,1.70,0.0405,0.0723,0,0.000,0.000,0.00,0.00,0.000,0
phase1 acc_mag=9.872 gravity=9.846 motion=0.026 moving_avg=0.087 rms=0.108 mean_rms=0.100 max_rms=0.109 min_rms=0.092 std=0.003 var=0.000 state=slow thr=0.106/0.350/0.850
-9.12,23.19,7.81,0.9741,-0.1940,0.0958,-0.0659,-1.53,-3.78,8.99,-1.62,7.94,0.88,9.87,0,1.70,0.0424,0.0731,0,0.000,0.000,0.00,0.00,0.000,0
-9.75,24.06,7.44,0.9725,-0.2004,0.1003,-0.0635,-1.93,-4.64,9.44,-6.00,5.38,12.56,10.69,0,1.70,0.0441,0.0754,0,0.000,0.000,0.00,0.00,0.000,0
-10.12,24.12,6.50,0.9726,-0.2018,0.1013,-0.0557,-1.71,-4.17,9.04,-8.19,-7.56,-6.25,10.10,0,1.70,0.0439,0.0762,0,0.000,0.000,0.00,0.00,0.000,0
-9.75,24.06,6.44,0.9731,-0.2010,0.0984,-0.0548,-1.64,-4.13,8.97,-4.88,-7.31,-9.81,10.01,0,1.70,0.0427,0.0761,0,0.000,0.000,0.00,0.00,0.000,0
phase1 acc_mag=9.801 gravity=9.858 motion=0.056 moving_avg=0.098 rms=0.140 mean_rms=0.106 max_rms=0.140 min_rms=0.092 std=0.014 var=0.000 state=slow thr=0.135/0.350/0.850
-9.50,23.94,6.56,0.9734,-0.1999,0.0967,-0.0564,-1.40,-3.89,8.95,-1.62,3.50,0.00,9.86,0,1.70,0.0422,0.0756,0,0.000,0.000,0.00,0.00,0.000,0
-9.56,23.81,6.50,0.9736,-0.1992,0.0970,-0.0557,-1.50,-3.67,8.91,-8.94,-2.50,10.94,9.75,0,1.70,0.0422,0.0754,0,0.000,0.000,0.00,0.00,0.000,0
-9.94,24.00,6.75,0.9728,-0.2001,0.1010,-0.0579,-1.69,-3.75,8.91,-6.75,2.88,5.62,9.81,0,1.70,0.0439,0.0755,0,0.000,0.000,0.00,0.00,0.000,0
-9.88,24.44,6.75,0.9720,-0.2042,0.1005,-0.0576,-1.71,-3.99,8.97,-9.19,-6.00,2.62,9.97,0,1.70,0.0438,0.0771,0,0.000,0.000,0.00,0.00,0.000,0
phase1 acc_mag=9.739 gravity=9.848 motion=0.109 moving_avg=0.105 rms=0.147 mean_rms=0.116 max_rms=0.147 min_rms=0.093 std=0.020 var=0.000 state=standing thr=0.155/0.355/0.855
-9.62,24.94,6.88,0.9711,-0.2087,0.0989,-0.0593,-1.63,-3.97,8.86,-7.44,2.88,-2.50,9.84,0,1.70,0.0434,0.0787,0,0.000,0.000,0.00,0.00,0.000,0
-9.69,25.31,6.81,0.9705,-0.2114,0.0999,-0.0581,-1.44,-3.56,8.60,-11.56,5.12,6.88,9.42,0,1.70,0.0437,0.0798,0,0.000,0.000,0.00,0.00,0.000,0
-10.25,25.88,6.62,0.9691,-0.2161,0.1049,-0.0560,-1.88,-4.33,8.89,4.50,4.38,0.25,10.07,0,1.70,0.0455,0.0814,0,0.000,0.000,0.00,0.00,0.000,0
phase1 acc_mag=10.020 gravity=9.864 motion=0.157 moving_avg=0.113 rms=0.159 mean_rms=0.127 max_rms=0.161 min_rms=0.096 std=0.022 var=0.000 state=standing thr=0.172/0.372/0.872
-10.44,26.19,6.88,0.9683,-0.2181,0.1067,-0.0582,-1.92,-4.35,8.82,0.25,5.00,-4.38,10.02,0,1.70,0.0464,0.0820,0,0.000,0.000,0.00,0.00,0.000,0
-9.88,26.31,7.25,0.9684,-0.2191,0.1025,-0.0615,-1.83,-4.41,8.76,-0.88,-4.88,-0.75,9.98,0,1.70,0.0451,0.0823,0,0.000,0.000,0.00,0.00,0.000,0
-9.69,26.44,7.31,0.9682,-0.2203,0.1011,-0.0620,-1.90,-4.46,8.90,-4.88,-2.38,8.81,10.13,0,1.70,0.0446,0.0828,0,0.000,0.000,0.00,0.00,0.000,0
-9.44,26.50,7.38,0.9683,-0.2211,0.0991,-0.0616,-1.83,-4.27,8.81,-1.62,-2.50,8.44,9.96,0,1.70,0.0438,0.0832,0,0.000,0.000,0.00,0.00,0.000,0
phase1 acc_mag=9.908 gravity=9.890 motion=0.018 moving_avg=0.120 rms=0.168 mean_rms=0.140 max_rms=0.169 min_rms=0.098 std=0.021 var=0.000 state=standing thr=0.183/0.383/0.883
-9.00,26.31,7.00,0.9690,-0.2205,0.0945,-0.0595,-1.36,-4.05,8.76,-2.00,-7.06,1.62,9.75,0,1.70,0.0419,0.0832,0,0.000,0.000,0.00,0.00,0.000,0
-9.19,26.50,7.12,0.9684,-0.2217,0.0969,-0.0608,-1.66,-4.19,8.94,6.62,2.62,1.62,10.01,0,1.70,0.0429,0.0835,0,0.000,0.000,0.00,0.00,0.000,0
-9.38,26.38,7.62,0.9683,-0.2198,0.0992,-0.0652,-1.87,-4.47,8.72,3.62,5.75,-3.75,9.98,0,1.70,0.0442,0.0826,0,0.000,0.000,0.00,0.00,0.000,0
-9.25,26.69,8.00,0.9675,-0.2224,0.0991,-0.0679,-1.60,-4.16,8.77,-1.00,-3.50,-4.50,9.84,0,1.70,0.0444,0.0834,0,0.000,0.000,0.00,0.00,0.000,0
phase1 acc_mag=9.924 gravity=9.902 motion=0.022 moving_avg=0.117 rms=0.163 mean_rms=0.153 max_rms=0.170 min_rms=0.109 std=0.012 var=0.000 state=standing thr=0.178/0.378/0.878
-9.31,26.62,8.31,0.9675,-0.2219,0.0994,-0.0701,-1.77,-4.11,8.78,-6.75,-7.81,1.50,9.85,0,1.70,0.0447,0.0831,0,0.000,0.000,0.00,0.00,0.000,0
-9.19,26.44,8.19,0.9680,-0.2202,0.0984,-0.0696,-1.79,-4.14,8.80,-7.44,-0.12,4.62,9.89,0,1.70,0.0442,0.0825,0,0.000,0.000,0.00,0.00,0.000,0
-9.12,26.62,8.06,0.9677,-0.2221,0.0978,-0.0683,-1.60,-4.21,8.85,0.00,7.31,-2.00,9.93,0,1.70,0.0439,0.0833,0,0.000,0.000,0.00,0.00,0.000,0
-8.94,26.19,7.94,0.9691,-0.2176,0.0947,-0.0678,-1.58,-3.90,8.88,10.94,-8.81,-2.50,9.83,0,1.70,0.0426,0.0818,0,0.000,0.000,0.00,0.00,0.000,0
phase1 acc_mag=9.602 gravity=9.893 motion=0.292 moving_avg=0.108 rms=0.140 mean_rms=0.154 max_rms=0.170 min_rms=0.137 std=0.011 var=0.000 state=standing thr=0.176/0.376/0.876
-8.56,26.00,8.06,0.9693,-0.2174,0.0923,-0.0685,-1.63,-3.97,8.70,-2.38,-4.62,5.00,9.70,0,1.70,0.0418,0.0818,0,0.000,0.000,0.00,0.00,0.000,0
-8.75,25.88,7.50,0.9697,-0.2166,0.0928,-0.0641,-1.55,-3.91,8.80,-4.25,-2.38,-2.12,9.75,0,1.70,0.0415,0.0816,0,0.000,0.000,0.00,0.00,0.000,0
-8.69,25.69,7.19,0.9703,-0.2153,0.0914,-0.0612,-1.58,-4.04,8.76,-10.06,-1.12,5.88,9.78,0,1.70,0.0408,0.0813,0,0.000,0.000,0.00,0.00,0.000,0
phase1 acc_mag=10.320 gravity=9.900 motion=0.420 moving_avg=0.114 rms=0.146 mean_rms=0.153 max_rms=0.170 min_rms=0.137 std=0.012 var=0.000 state=standing thr=0.177/0.377/0.877
-8.56,25.94,7.50,0.9697,-0.2173,0.0910,-0.0642,-1.78,-4.57,9.08,-0.62,-3.50,-6.62,10.32,0,1.70,0.0409,0.0819,0,0.000,0.000,0.00,0.00,0.000,0
-8.31,25.62,7.75,0.9704,-0.2144,0.0892,-0.0660,-1.42,-3.95,8.71,-1.38,3.50,-2.62,9.67,0,1.70,0.0403,0.0809,0,0.000,0.000,0.00,0.00,0.000,0
-8.50,25.88,7.62,0.9698,-0.2167,0.0910,-0.0649,-1.77,-4.38,8.91,-2.88,5.00,6.38,10.08,0,1.70,0.0409,0.0817,0,0.000,0.000,0.00,0.00,0.000,0
-8.56,25.94,7.38,0.9698,-0.2173,0.0909,-0.0625,-1.48,-4.30,8.85,-0.38,-1.50,4.75,9.95,0,1.70,0.0407,0.0820,0,0.000,0.000,0.00,0.00,0.000,0
phase1 acc_mag=9.993 gravity=9.889 motion=0.103 moving_avg=0.113 rms=0.146 mean_rms=0.152 max_rms=0.170 min_rms=0.137 std=0.012 var=0.000 state=standing thr=0.175/0.375/0.875
-8.62,26.00,7.31,0.9697,-0.2179,0.0912,-0.0620,-1.48,-4.39,8.82,6.75,-8.44,-1.88,9.96,0,1.70,0.0408,0.0823,0,0.000,0.000,0.00,0.00,0.000,0
-8.44,26.31,7.44,0.9691,-0.2204,0.0906,-0.0631,-1.70,-4.53,8.82,-4.75,-3.50,4.12,10.06,0,1.70,0.0407,0.0831,0,0.000,0.000,0.00,0.00,0.000,0
-8.50,26.19,7.38,0.9693,-0.2194,0.0905,-0.0640,-1.55,-4.33,8.85,3.50,-1.12,-11.69,9.97,0,1.70,0.0407,0.0827,0,0.000,0.000,0.00,0.00,0.000,0
-8.12,25.88,8.06,0.9697,-0.2169,0.0884,-0.0687,-1.59,-4.24,8.55,5.75,2.50,-5.62,9.68,0,1.70,0.0403,0.0817,0,0.000,0.000,0.00,0.00,0.000,0
phase1 acc_mag=9.669 gravity=9.882 motion=0.214 moving_avg=0.112 rms=0.147 mean_rms=0.147 max_rms=0.170 min_rms=0.137 std=0.009 var=0.000 state=standing thr=0.166/0.366/0.866
-8.31,26.00,8.19,0.9695,-0.2165,0.0908,-0.0699,-1.65,-4.36,8.82,10.19,8.69,-1.75,9.98,0,1.70,0.0413,0.0814,0,0.000,0.000,0.00,0.00,0.000,0
-8.25,26.06,8.12,0.9694,-0.2180,0.0898,-0.0689,-1.53,-4.21,8.73,5.88,0.88,-4.75,9.81,0,1.70,0.0408,0.0820,0,0.000,0.000,0.00,0.00,0.000,0
-8.44,26.25,8.00,0.9690,-0.2195,0.0916,-0.0672,-1.52,-4.16,8.68,-6.50,1.62,3.12,9.74,0,1.70,0.0414,0.0826,0,0.000,0.000,0.00,0.00,0.000,0
phase1 acc_mag=9.863 gravity=9.889 motion=0.026 moving_avg=0.115 rms=0.149 mean_rms=0.144 max_rms=0.153 min_rms=0.137 std=0.004 var=0.000 state=standing thr=0.152/0.352/0.852
-8.56,26.31,8.06,0.9688,-0.2197,0.0927,-0.0687,-1.63,-4.27,8.74,1.25,5.38,-8.06,9.86,0,1.70,0.0420,0.0826,0,0.000,0.000,0.00,0.00,0.000,0
-8.62,26.75,8.25,0.9677,-0.2233,0.0941,-0.0699,-1.75,-4.55,8.72,-10.44,1.25,-6.88,9.99,0,1.70,0.0427,0.0838,0,0.000,0.000,0.00,0.00,0.000,0
-8.56,26.69,8.25,0.9678,-0.2231,0.0936,-0.0699,-1.58,-4.45,8.73,-3.00,-2.62,8.56,9.93,0,1.70,0.0425,0.0837,0,0.000,0.000,0.00,0.00,0.000,0
-8.75,26.88,7.94,0.9674,-0.2250,0.0948,-0.0677,-1.58,-4.37,8.73,-7.81,2.00,-2.50,9.89,0,1.70,0.0428,0.0845,0,0.000,0.000,0.00,0.00,0.000,0
phase1 acc_mag=9.909 gravity=9.900 motion=0.009 moving_avg=0.111 rms=0.146 mean_rms=0.147 max_rms=0.153 min_rms=0.139 std=0.004 var=0.000 state=standing thr=0.154/0.354/0.854
-9.00,27.31,8.00,0.9665,-0.2278,0.0969,-0.0678,-1.50,-4.65,8.61,-5.25,5.38,-6.50,9.90,0,1.70,0.0437,0.0855,0,0.000,0.000,0.00,0.00,0.000,0
-9.06,27.00,8.06,0.9669,-0.2253,0.0978,-0.0687,-1.53,-4.19,8.74,2.62,6.25,-4.25,9.81,0,1.70,0.0440,0.0845,0,0.000,0.000,0.00,0.00,0.000,0
-9.19,27.38,8.31,0.9660,-0.2280,0.0995,-0.0707,-1.82,-4.41,8.71,-1.25,-5.50,-5.00,9.93,0,1.70,0.0449,0.0853,0,0.000,0.000,0.00,0.00,0.000,0
-9.25,27.75,8.25,0.9653,-0.2310,0.1003,-0.0698,-1.64,-4.40,8.69,-8.69,1.62,4.75,9.88,0,1.70,0.0452,0.0864,0,0.000,0.000,0.00,0.00,0.000,0
phase1 acc_mag=9.873 gravity=9.907 motion=0.034 moving_avg=0.105 rms=0.143 mean_rms=0.150 max_rms=0.160 min_rms=0.139 std=0.005 var=0.000 state=standing thr=0.159/0.359/0.859
-9.25,28.19,8.19,0.9642,-0.2353,0.1011,-0.0686,-1.81,-4.70,8.66,-7.56,2.62,6.12,10.02,0,1.70,0.0454,0.0880,0,0.000,0.000,0.00,0.00,0.000,0
-9.50,28.62,7.75,0.9636,-0.2386,0.1019,-0.0653,-1.72,-4.43,8.44,-7.44,0.50,3.62,9.69,0,1.70,0.0455,0.0893,0,0.000,0.000,0.00,0.00,0.000,0
-9.38,28.75,7.56,0.9636,-0.2398,0.1003,-0.0631,-1.73,-4.72,8.89,-2.00,-4.38,7.81,10.21,0,1.70,0.0447,0.0899,0,0.000,0.000,0.00,0.00,0.000,0
-9.31,28.81,7.31,0.9636,-0.2405,0.0995,-0.0618,-1.56,-4.60,8.61,-5.75,-5.50,9.31,9.89,0,1.70,0.0443,0.0902,0,0.000,0.000,0.00,0.00,0.000,0
phase1 acc_mag=10.019 gravity=9.916 motion=0.103 moving_avg=0.097 rms=0.135 mean_rms=0.147 max_rms=0.160 min_rms=0.133 std=0.007 var=0.000 state=standing thr=0.162/0.362/0.862
-8.94,28.88,7.06,0.9637,-0.2415,0.0961,-0.0598,-1.79,-5.02,8.69,12.81,-9.31,5.50,10.19,0,1.70,0.0428,0.0908,0,0.000,0.000,0.00,0.00,0.000,0
-8.62,28.31,6.94,0.9653,-0.2369,0.0925,-0.0589,-1.39,-4.45,8.64,6.00,1.25,-2.75,9.82,0,1.70,0.0413,0.0893,0,0.000,0.000,0.00,0.00,0.000,0
-8.44,28.25,7.06,0.9655,-0.2369,0.0908,-0.0598,-1.58,-4.41,8.67,-4.38,-3.25,0.25,9.85,0,1.70,0.0407,0.0893,0,0.000,0.000,0.00,0.00,0.000,0
phase1 acc_mag=9.757 gravity=9.930 motion=0.173 moving_avg=0.096 rms=0.134 mean_rms=0.145 max_rms=0.160 min_rms=0.130 std=0.009 var=0.000 state=standing thr=0.163/0.363/0.863
-8.06,28.12,6.94,0.9659,-0.2366,0.0865,-0.0593,-1.37,-4.42,8.59,3.12,-11.06,3.62,9.76,0,1.70,0.0390,0.0894,0,0.000,0.000,0.00,0.00,0.000,0
-7.88,28.00,7.12,0.9662,-0.2347,0.0864,-0.0612,-1.45,-4.59,8.67,8.81,5.62,-5.25,9.92,0,1.70,0.0391,0.0886,0,0.000,0.000,0.00,0.00,0.000,0
-8.06,27.81,7.38,0.9664,-0.2333,0.0878,-0.0627,-1.45,-4.47,8.72,10.06,-1.88,-5.25,9.91,0,1.70,0.0398,0.0880,0,0.000,0.000,0.00,0.00,0.000,0
-8.06,27.69,7.56,0.9664,-0.2326,0.0881,-0.0642,-1.59,-4.59,8.76,0.25,1.75,7.69,10.02,0,1.70,0.0400,0.0877,0,0.000,0.000,0.00,0.00,0.000,0
phase1 acc_mag=9.908 gravity=9.921 motion=0.013 moving_avg=0.090 rms=0.128 mean_rms=0.142 max_rms=0.160 min_rms=0.128 std=0.010 var=0.000 state=standing thr=0.162/0.362/0.862
-7.81,27.75,7.81,0.9664,-0.2330,0.0866,-0.0660,-1.49,-4.50,8.72,6.12,2.75,-7.31,9.93,0,1.70,0.0396,0.0878,0,0.000,0.000,0.00,0.00,0.000,0
-7.69,27.62,7.75,0.9667,-0.2319,0.0855,-0.0658,-1.30,-4.36,8.68,0.50,-5.00,-5.12,9.80,0,1.70,0.0392,0.0874,0,0.000,0.000,0.00,0.00,0.000,0
-8.12,27.25,7.69,0.9673,-0.2281,0.0894,-0.0656,-1.40,-4.49,8.78,6.62,8.81,-1.38,9.96,0,1.70,0.0406,0.0859,0,0.000,0.000,0.00,0.00,0.000,0
-8.38,27.00,7.81,0.9675,-0.2261,0.0913,-0.0663,-1.47,-4.41,8.74,-0.12,7.94,2.25,9.90,0,1.70,0.0413,0.0851,0,0.000,0.000,0.00,0.00,0.000,0
phase1 acc_mag=9.882 gravity=9.927 motion=0.045 moving_avg=0.093 rms=0.129 mean_rms=0.137 max_rms=0.160 min_rms=0.126 std=0.010 var=0.000 state=standing thr=0.157/0.357/0.857
-8.44,27.00,8.19,0.9673,-0.2258,0.0925,-0.0695,-1.59,-4.18,8.71,-0.75,4.88,-1.25,9.79,0,1.70,0.0421,0.0848,0,0.000,0.000,0.00,0.00,0.000,0
-8.44,27.12,8.25,0.9669,-0.2271,0.0919,-0.0709,-1.39,-4.23,8.75,0.38,-3.50,-10.06,9.82,0,1.70,0.0420,0.0852,0,0.000,0.000,0.00,0.00,0.000,0
-8.25,27.19,8.50,0.9668,-0.2275,0.0914,-0.0721,-1.41,-4.36,8.63,2.50,-2.12,-2.88,9.77,0,1.70,0.0419,0.0853,0,0.000,0.000,0.00,0.00,0.000,0
-8.25,27.19,8.56,0.9670,-0.2266,0.0916,-0.0724,-1.42,-4.49,8.73,7.94,-1.00,2.12,9.92,0,1.70,0.0420,0.0850,0,0.000,0.000,0.00,0.00,0.000,0
phase1 acc_mag=9.743 gravity=9.919 motion=0.175 moving_avg=0.089 rms=0.114 mean_rms=0.129 max_rms=0.141 min_rms=0.109 std=0.009 var=0.000 state=standing thr=0.147/0.350/0.850
-8.38,27.12,8.56,0.9669,-0.2263,0.0925,-0.0726,-1.57,-4.47,8.73,-0.88,0.88,5.38,9.93,0,1.70,0.0424,0.0848,0,0.000,0.000,0.00,0.00,0.000,0
-8.12,26.94,8.38,0.9677,-0.2251,0.0894,-0.0708,-1.67,-4.42,8.72,0.88,-9.19,1.75,9.92,0,1.70,0.0410,0.0846,0,0.000,0.000,0.00,0.00,0.000,0
-8.12,26.62,8.19,0.9683,-0.2230,0.0890,-0.0695,-1.42,-4.20,8.68,-3.62,3.75,3.25,9.75,0,1.70,0.0407,0.0839,0,0.000,0.000,0.00,0.00,0.000,0
-8.12,26.69,8.06,0.9682,-0.2236,0.0890,-0.0683,-1.48,-4.31,8.70,-4.62,-8.56,6.75,9.82,0,1.70,0.0406,0.0842,0,0.000,0.000,0.00,0.00,0.000,0
phase1 acc_mag=9.945 gravity=9.901 motion=0.044 moving_avg=0.084 rms=0.105 mean_rms=0.123 max_rms=0.137 min_rms=0.105 std=0.011 var=0.000 state=standing thr=0.145/0.350/0.850
-8.19,26.94,7.94,0.9677,-0.2258,0.0894,-0.0674,-1.38,-4.30,8.71,6.50,4.75,-9.44,9.81,0,1.70,0.0407,0.0850,0,0.000,0.000,0.00,0.00,0.000,0
-8.62,27.12,7.56,0.9673,-0.2269,0.0927,-0.0645,-1.49,-4.21,8.67,-10.06,7.19,8.06,9.75,0,1.70,0.0417,0.0854,0,0.000,0.000,0.00,0.00,0.000,0
-8.75,26.94,7.12,0.9680,-0.2250,0.0933,-0.0605,-1.68,-4.47,8.85,5.38,1.75,-0.12,10.06,0,1.70,0.0416,0.0849,0,0.000,0.000,0.00,0.00,0.000,0
-8.62,27.00,6.75,0.9680,-0.2266,0.0912,-0.0573,-1.70,-4.48,8.76,1.88,-9.56,4.25,9.98,0,1.70,0.0405,0.0857,0,0.000,0.000,0.00,0.00,0.000,0
phase1 acc_mag=9.855 gravity=9.897 motion=0.041 moving_avg=0.078 rms=0.097 mean_rms=0.117 max_rms=0.137 min_rms=0.097 std=0.011 var=0.000 state=standing thr=0.139/0.350/0.850
-8.56,26.81,6.25,0.9687,-0.2253,0.0894,-0.0530,-1.32,-4.24,8.78,4.25,-1.75,2.88,9.84,0,1.70,0.0394,0.0854,0,0.000,0.000,0.00,0.00,0.000,0
-8.50,27.00,6.31,0.9680,-0.2280,0.0899,-0.0536,-1.42,-4.20,8.73,-8.81,6.12,3.62,9.79,0,1.70,0.0397,0.0863,0,0.000,0.000,0.00,0.00,0.000,0
-9.00,27.19,6.00,0.9677,-0.2287,0.0929,-0.0510,-1.45,-4.22,8.70,0.50,3.88,9.44,9.78,0,1.70,0.0406,0.0866,0,0.000,0.000,0.00,0.00,0.000,0
phase1 acc_mag=10.025 gravity=9.913 motion=0.112 moving_avg=0.097 rms=0.122 mean_rms=0.111 max_rms=0.130 min_rms=0.097 std=0.009 var=0.000 state=standing thr=0.130/0.350/0.850
-9.00,27.00,5.88,0.9682,-0.2271,0.0927,-0.0500,-1.59,-4.55,8.79,6.62,-0.75,-7.69,10.02,0,1.70,0.0404,0.0861,0,0.000,0.000,0.00,0.00,0.000,0
-8.88,26.94,5.56,0.9684,-0.2270,0.0912,-0.0472,-1.50,-4.41,8.70,-1.62,1.88,5.12,9.87,0,1.70,0.0396,0.0862,0,0.000,0.000,0.00,0.00,0.000,0
-8.81,26.62,4.94,0.9695,-0.2246,0.0892,-0.0414,-1.42,-4.35,8.76,-0.75,1.12,9.94,9.88,0,1.70,0.0383,0.0856,0,0.000,0.000,0.00,0.00,0.000,0
-9.12,26.38,4.81,0.9698,-0.2222,0.0918,-0.0412,-1.62,-4.26,8.76,4.12,6.38,0.50,9.87,0,1.70,0.0393,0.0847,0,0.000,0.000,0.00,0.00,0.000,0
phase1 acc_mag=9.892 gravity=9.907 motion=0.015 moving_avg=0.103 rms=0.127 mean_rms=0.111 max_rms=0.127 min_rms=0.097 std=0.009 var=0.000 state=standing thr=0.129/0.350/0.850
-9.31,26.38,4.62,0.9698,-0.2223,0.0925,-0.0396,-1.70,-4.32,8.85,-2.62,-2.62,4.25,9.99,0,1.70,0.0394,0.0848,0,0.000,0.000,0.00,0.00,0.000,0
-9.50,26.06,4.44,0.9705,-0.2190,0.0937,-0.0383,-1.71,-4.23,8.78,10.56,-1.38,-1.25,9.89,0,1.70,0.0397,0.0836,0,0.000,0.000,0.00,0.00,0.000,0
-9.38,25.44,4.44,0.9716,-0.2148,0.0922,-0.0378,-1.61,-4.02,8.75,7.06,-3.62,-3.88,9.76,0,1.70,0.0391,0.0821,0,0.000,0.000,0.00,0.00,0.000,0
-9.19,25.38,4.44,0.9717,-0.2146,0.0905,-0.0378,-1.65,-4.17,8.82,-1.25,-6.75,-8.31,9.89,0,1.70,0.0384,0.0820,0,0.000,0.000,0.00,0.00,0.000,0
phase1 acc_mag=9.883 gravity=9.899 motion=0.016 moving_avg=0.099 rms=0.124 mean_rms=0.114 max_rms=0.127 min_rms=0.097 std=0.010 var=0.000 state=standing thr=0.135/0.350/0.850
-8.94,25.56,4.50,0.9716,-0.2164,0.0886,-0.0382,-1.45,-4.19,8.86,-4.38,0.62,-12.44,9.91,0,1.70,0.0377,0.0827,0,0.000,0.000,0.00,0.00,0.000,0
-8.81,25.31,4.31,0.9721,-0.2144,0.0873,-0.0369,-1.63,-4.21,8.83,1.75,0.00,-3.75,9.92,0,1.70,0.0371,0.0821,0,0.000,0.000,0.00,0.00,0.000,0
-8.81,25.25,4.50,0.9724,-0.2133,0.0872,-0.0381,-1.55,-4.17,8.83,1.38,-1.88,5.50,9.89,0,1.70,0.0372,0.0816,0,0.000,0.000,0.00,0.00,0.000,0
-8.94,25.38,4.75,0.9719,-0.2142,0.0890,-0.0408,-1.74,-4.19,8.88,-1.12,6.50,-7.44,9.97,0,1.70,0.0381,0.0818,0,0.000,0.000,0.00,0.00,0.000,0
phase1 acc_mag=9.987 gravity=9.906 motion=0.080 moving_avg=0.091 rms=0.116 mean_rms=0.117 max_rms=0.127 min_rms=0.097 std=0.010 var=0.000 state=standing thr=0.136/0.350/0.850
-8.75,25.56,5.00,0.9715,-0.2159,0.0879,-0.0434,-1.62,-4.00,8.89,-12.44,1.12,-1.25,9.88,0,1.70,0.0379,0.0824,0,0.000,0.000,0.00,0.00,0.000,0
-8.56,25.94,5.25,0.9709,-0.2186,0.0867,-0.0445,-1.49,-4.32,8.85,6.75,-2.00,1.88,9.96,0,1.70,0.0376,0.0834,0,0.000,0.000,0.00,0.00,0.000,0
-8.69,25.38,5.25,0.9718,-0.2139,0.0881,-0.0450,-1.72,-4.48,8.99,12.94,3.75,-8.81,10.19,0,1.70,0.0381,0.0816,0,0.000,0.000,0.00,0.00,0.000,0
-9.19,24.94,5.19,0.9723,-0.2104,0.0918,-0.0439,-1.99,-3.77,8.79,-2.38,9.81,6.38,9.77,0,1.70,0.0394,0.0802,0,0.000,0.000,0.00,0.00,0.000,0
phase1 acc_mag=10.011 gravity=9.907 motion=0.104 moving_avg=0.100 rms=0.128 mean_rms=0.121 max_rms=0.128 min_rms=0.100 std=0.006 var=0.000 state=standing thr=0.133/0.350/0.850
-9.12,24.88,5.12,0.9725,-0.2098,0.0913,-0.0435,-1.81,-3.86,8.88,-7.44,-7.56,2.38,9.85,0,1.70,0.0392,0.0800,0,0.000,0.000,0.00,0.00,0.000,0
-8.88,25.44,5.12,0.9715,-0.2154,0.0889,-0.0432,-1.69,-4.14,8.89,-6.75,-4.88,2.75,9.95,0,1.70,0.0383,0.0822,0,0.000,0.000,0.00,0.00,0.000,0
-8.81,26.00,5.12,0.9705,-0.2197,0.0891,-0.0435,-1.75,-4.16,8.94,-0.75,-4.88,-5.12,10.01,0,1.70,0.0384,0.0837,0,0.000,0.000,0.00,0.00,0.000,0
phase1 acc_mag=9.823 gravity=9.893 motion=0.069 moving_avg=0.084 rms=0.107 mean_rms=0.120 max_rms=0.128 min_rms=0.102 std=0.007 var=0.000 state=standing thr=0.133/0.350/0.850
-8.62,26.25,4.94,0.9702,-0.2219,0.0873,-0.0422,-1.57,-4.18,8.75,-7.56,-1.50,7.81,9.82,0,1.70,0.0376,0.0847,0,0.000,0.000,0.00,0.00,0.000,0
-8.62,26.31,4.88,0.9704,-0.2213,0.0870,-0.0420,-1.55,-4.48,8.86,10.06,0.38,-0.12,10.05,0,1.70,0.0375,0.0844,0,0.000,0.000,0.00,0.00,0.000,0
-8.50,26.06,4.88,0.9708,-0.2203,0.0858,-0.0416,-1.62,-4.18,8.86,-4.25,-3.00,2.88,9.93,0,1.70,0.0370,0.0841,0,0.000,0.000,0.00,0.00,0.000,0
-8.62,26.12,4.56,0.9706,-0.2211,0.0865,-0.0389,-1.72,-4.22,8.78,-10.44,-3.38,1.25,9.89,0,1.70,0.0370,0.0845,0,0.000,0.000,0.00,0.00,0.000,0
phase1 acc_mag=9.741 gravity=9.881 motion=0.140 moving_avg=0.083 rms=0.110 mean_rms=0.117 max_rms=0.128 min_rms=0.102 std=0.008 var=0.000 state=standing thr=0.132/0.350/0.850
-8.81,26.38,4.56,0.9700,-0.2231,0.0887,-0.0391,-1.54,-4.08,8.71,-4.12,5.50,-2.88,9.74,0,1.70,0.0379,0.0852,0,0.000,0.000,0.00,0.00,0.000,0
-9.06,26.44,4.81,0.9696,-0.2233,0.0909,-0.0411,-1.71,-4.15,8.78,-1.62,6.88,-3.25,9.86,0,1.70,0.0389,0.0851,0,0.000,0.000,0.00,0.00,0.000,0
-9.31,26.44,5.25,0.9694,-0.2224,0.0938,-0.0446,-1.69,-4.11,8.77,-4.62,10.06,-1.50,9.83,0,1.70,0.0403,0.0845,0,0.000,0.000,0.00,0.00,0.000,0
-9.44,26.94,5.62,0.9681,-0.2263,0.0961,-0.0477,-1.79,-4.38,8.86,-10.19,7.31,-10.69,10.04,0,1.70,0.0415,0.0858,0,0.000,0.000,0.00,0.00,0.000,0
phase1 acc_mag=9.967 gravity=9.879 motion=0.088 moving_avg=0.088 rms=0.115 mean_rms=0.114 max_rms=0.128 min_rms=0.102 std=0.006 var=0.000 state=standing thr=0.127/0.350/0.850
-9.31,27.12,5.50,0.9679,-0.2283,0.0947,-0.0462,-1.50,-4.20,8.82,-7.44,-4.62,3.00,9.88,0,1.70,0.0409,0.0866,0,0.000,0.000,0.00,0.00,0.000,0
-9.25,27.56,5.56,0.9669,-0.2322,0.0942,-0.0479,-1.51,-4.31,8.70,-2.12,-3.12,-6.25,9.83,0,1.70,0.0409,0.0880,0,0.000,0.000,0.00,0.00,0.000,0
-9.19,27.50,5.44,0.9672,-0.2313,0.0941,-0.0461,-1.59,-4.12,8.70,-4.12,3.75,5.50,9.76,0,1.70,0.0407,0.0878,0,0.000,0.000,0.00,0.00,0.000,0
-9.31,27.50,5.44,0.9671,-0.2314,0.0948,-0.0462,-1.56,-4.16,8.70,-5.00,3.88,-2.75,9.77,0,1.70,0.0409,0.0878,0,0.000,0.000,0.00,0.00,0.000,0
phase1 acc_mag=10.027 gravity=9.891 motion=0.137 moving_avg=0.101 rms=0.138 mean_rms=0.117 max_rms=0.138 min_rms=0.102 std=0.010 var=0.000 state=slow thr=0.137/0.350/0.850
-9.19,27.50,5.50,0.9672,-0.2313,0.0941,-0.0466,-1.58,-4.19,8.77,3.88,3.75,-5.25,9.85,0,1.70,0.0407,0.0877,0,0.000,0.000,0.00,0.00,0.000,0
-9.12,27.50,5.56,0.9672,-0.2314,0.0938,-0.0473,-1.64,-4.28,8.70,-0.38,-0.38,-9.44,9.83,0,1.70,0.0406,0.0878,0,0.000,0.000,0.00,0.00,0.000,0
-9.31,27.44,5.44,0.9674,-0.2300,0.0950,-0.0462,-1.86,-4.65,8.81,7.56,0.88,-0.62,10.13,0,1.70,0.0410,0.0873,0,0.000,0.000,0.00,0.00,0.000,0
-9.19,27.38,5.56,0.9674,-0.2305,0.0940,-0.0470,-1.65,-4.38,8.76,5.38,-2.38,-8.81,9.93,0,1.70,0.0407,0.0874,0,0.000,0.000,0.00,0.00,0.000,0
phase1 acc_mag=9.902 gravity=9.889 motion=0.012 moving_avg=0.092 rms=0.127 mean_rms=0.118 max_rms=0.138 min_rms=0.102 std=0.011 var=0.000 state=standing thr=0.141/0.350/0.850
-9.25,27.38,5.69,0.9673,-0.2301,0.0948,-0.0485,-1.57,-4.47,8.76,0.62,4.00,-3.38,9.96,0,1.70,0.0411,0.0872,0,0.000,0.000,0.00,0.00,0.000,0
-9.56,27.56,5.88,0.9668,-0.2308,0.0975,-0.0504,-1.82,-4.66,8.79,5.25,-2.38,-8.31,10.11,0,1.70,0.0423,0.0873,0,0.000,0.000,0.00,0.00,0.000,0
-8.75,26.50,6.12,0.9692,-0.2231,0.0909,-0.0519,-1.19,-3.92,8.72,13.56,-3.25,-10.06,9.63,0,1.70,0.0399,0.0846,0,0.000,0.000,0.00,0.00,0.000,0
phase1 acc_mag=10.077 gravity=9.886 motion=0.191 moving_avg=0.104 rms=0.139 mean_rms=0.123 max_rms=0.139 min_rms=0.106 std=0.011 var=0.000 state=standing thr=0.145/0.350/0.850
-8.44,26.00,6.56,0.9702,-0.2186,0.0885,-0.0557,-1.53,-4.39,8.94,19.88,-8.56,-9.69,10.08,0,1.70,0.0392,0.0829,0,0.000,0.000,0.00,0.00,0.000,0
-7.94,24.62,7.38,0.9727,-0.2067,0.0849,-0.0628,-1.59,-4.00,8.82,7.44,-5.12,-11.31,9.81,0,1.70,0.0382,0.0783,0,0.000,0.000,0.00,0.00,0.000,0
-7.69,24.25,7.75,0.9735,-0.2032,0.0823,-0.0653,-1.48,-4.08,8.88,4.25,-6.38,11.56,9.88,0,1.70,0.0374,0.0770,0,0.000,0.000,0.00,0.00,0.000,0
-7.81,24.19,7.69,0.9734,-0.2026,0.0842,-0.0657,-1.48,-3.95,8.94,6.00,6.88,4.38,9.89,0,1.70,0.0381,0.0767,0,0.000,0.000,0.00,0.00,0.000,0
phase1 acc_mag=10.025 gravity=9.902 motion=0.123 moving_avg=0.107 rms=0.144 mean_rms=0.130 max_rms=0.145 min_rms=0.112 std=0.010 var=0.000 state=standing thr=0.150/0.350/0.850
-7.88,24.19,7.56,0.9734,-0.2030,0.0842,-0.0645,-1.52,-4.06,8.88,2.00,-1.62,4.88,9.88,0,1.70,0.0380,0.0769,0,0.000,0.000,0.00,0.00,0.000,0
-7.88,24.12,7.44,0.9735,-0.2028,0.0839,-0.0637,-1.30,-4.00,8.89,-0.25,-1.50,-5.88,9.83,0,1.70,0.0378,0.0768,0,0.000,0.000,0.00,0.00,0.000,0
-8.00,24.19,7.50,0.9734,-0.2028,0.0848,-0.0644,-1.51,-4.08,8.90,2.00,-1.12,-2.25,9.91,0,1.70,0.0382,0.0768,0,0.000,0.000,0.00,0.00,0.000,0
-8.00,23.88,7.25,0.9741,-0.2004,0.0844,-0.0622,-1.26,-3.86,8.85,1.75,-1.38,-5.00,9.74,0,1.70,0.0379,0.0760,0,0.000,0.000,0.00,0.00,0.000,0
phase1 acc_mag=9.712 gravity=9.894 motion=0.181 moving_avg=0.108 rms=0.144 mean_rms=0.137 max_rms=0.145 min_rms=0.125 std=0.006 var=0.000 state=standing thr=0.149/0.350/0.850
-8.44,24.06,7.44,0.9733,-0.2017,0.0891,-0.0635,-1.27,-3.83,8.78,3.25,16.12,-1.25,9.66,0,1.70,0.0398,0.0762,0,0.000,0.000,0.00,0.00,0.000,0
-8.75,23.62,7.50,0.9738,-0.1981,0.0918,-0.0636,-1.58,-3.93,8.77,-6.00,0.12,6.12,9.74,0,1.70,0.0408,0.0748,0,0.000,0.000,0.00,0.00,0.000,0
-8.88,23.62,7.38,0.9739,-0.1974,0.0924,-0.0630,-1.65,-4.06,8.91,8.56,-5.38,-0.25,9.93,0,1.70,0.0410,0.0746,0,0.000,0.000,0.00,0.00,0.000,0
-8.81,23.69,7.25,0.9738,-0.1989,0.0914,-0.0615,-1.60,-3.90,8.94,-3.00,-0.75,-4.88,9.88,0,1.70,0.0405,0.0752,0,0.000,0.000,0.00,0.00,0.000,0
phase1 acc_mag=10.000 gravity=9.889 motion=0.111 moving_avg=0.107 rms=0.134 mean_rms=0.136 max_rms=0.145 min_rms=0.126 std=0.006 var=0.000 state=standing thr=0.148/0.350/0.850
-8.88,23.88,7.25,0.9735,-0.2000,0.0922,-0.0621,-1.48,-4.24,8.97,0.50,0.75,-4.62,10.03,0,1.70,0.0409,0.0756,0,0.000,0.000,0.00,0.00,0.000,0
-9.12,23.88,7.19,0.9734,-0.1994,0.0944,-0.0618,-1.76,-4.16,8.94,3.12,1.12,-5.88,10.02,0,1.70,0.0417,0.0753,0,0.000,0.000,0.00,0.00,0.000,0
-9.19,23.88,7.50,0.9732,-0.1992,0.0954,-0.0641,-1.69,-3.90,8.86,-6.00,-0.25,0.62,9.83,0,1.70,0.0422,0.0751,0,0.000,0.000,0.00,0.00,0.000,0
-8.94,23.94,7.50,0.9732,-0.2001,0.0934,-0.0643,-1.54,-4.12,8.91,7.44,2.50,-0.25,9.94,0,1.70,0.0415,0.0755,0,0.000,0.000,0.00,0.00,0.000,0
phase1 acc_mag=9.898 gravity=9.894 motion=0.003 moving_avg=0.113 rms=0.141 mean_rms=0.138 max_rms=0.145 min_rms=0.127 std=0.005 var=0.000 state=standing thr=0.147/0.350/0.850
-8.94,24.06,7.69,0.9728,-0.2010,0.0939,-0.0658,-1.59,-4.17,8.90,-3.25,0.88,-1.50,9.96,0,1.70,0.0418,0.0757,0,0.000,0.000,0.00,0.00,0.000,0
-9.25,24.31,7.69,0.9723,-0.2025,0.0967,-0.0656,-1.54,-4.04,8.90,-0.88,7.31,4.88,9.89,0,1.70,0.0429,0.0762,0,0.000,0.000,0.00,0.00,0.000,0
-9.50,24.38,7.75,0.9719,-0.2030,0.0999,-0.0660,-1.97,-4.20,8.90,-2.00,6.00,4.62,10.04,0,1.70,0.0442,0.0763,0,0.000,0.000,0.00,0.00,0.000,0
-9.62,24.50,7.88,0.9715,-0.2039,0.1003,-0.0673,-1.64,-4.16,8.87,3.12,-0.62,-1.25,9.93,0,1.70,0.0445,0.0765,0,0.000,0.000,0.00,0.00,0.000,0
phase1 acc_mag=9.796 gravity=9.892 motion=0.096 moving_avg=0.097 rms=0.123 mean_rms=0.137 max_rms=0.145 min_rms=0.123 std=0.006 var=0.000 state=standing thr=0.148/0.350/0.850
-9.56,24.31,8.00,0.9719,-0.2019,0.1000,-0.0684,-1.61,-3.93,8.75,-0.12,1.75,6.25,9.73,0,1.70,0.0444,0.0758,0,0.000,0.000,0.00,0.00,0.000,0
-9.75,24.12,7.94,0.9719,-0.2012,0.1021,-0.0668,-1.70,-3.93,8.79,-10.69,4.50,8.31,9.78,0,1.70,0.0451,0.0755,0,0.000,0.000,0.00,0.00,0.000,0
-9.94,24.50,7.75,0.9714,-0.2034,0.1029,-0.0660,-1.74,-4.00,8.86,-1.62,-5.38,-3.12,9.88,0,1.70,0.0454,0.0763,0,0.000,0.000,0.00,0.00,0.000,0
phase1 acc_mag=9.829 gravity=9.895 motion=0.066 moving_avg=0.099 rms=0.124 mean_rms=0.132 max_rms=0.144 min_rms=0.117 std=0.007 var=0.000 state=standing thr=0.147/0.350/0.850
-10.00,24.44,7.75,0.9714,-0.2031,0.1031,-0.0664,-1.64,-3.95,8.85,3.38,-3.25,-7.69,9.83,0,1.70,0.0455,0.0762,0,0.000,0.000,0.00,0.00,0.000,0
-9.69,24.50,7.69,0.9717,-0.2037,0.1005,-0.0651,-1.82,-4.49,8.98,3.50,-4.88,6.50,10.20,0,1.70,0.0443,0.0765,0,0.000,0.000,0.00,0.00,0.000,0
-9.62,24.75,7.75,0.9711,-0.2060,0.1005,-0.0660,-1.60,-4.23,8.76,1.62,7.19,-3.00,9.86,0,1.70,0.0445,0.0774,0,0.000,0.000,0.00,0.00,0.000,0
-9.62,24.75,7.69,0.9712,-0.2061,0.1002,-0.0653,-1.72,-4.06,8.88,-1.75,-5.12,-4.38,9.91,0,1.70,0.0443,0.0774,0,0.000,0.000,0.00,0.00,0.000,0
phase1 acc_mag=9.756 gravity=9.903 motion=0.146 moving_avg=0.093 rms=0.117 mean_rms=0.129 max_rms=0.143 min_rms=0.117 std=0.006 var=0.000 state=standing thr=0.142/0.350/0.850
-9.56,24.88,7.50,0.9712,-0.2068,0.0993,-0.0646,-1.70,-4.10,8.83,3.62,-1.12,-7.94,9.88,0,1.70,0.0439,0.0778,0,0.000,0.000,0.00,0.00,0.000,0
-9.25,24.69,7.75,0.9715,-0.2060,0.0971,-0.0663,-1.76,-4.23,8.89,1.00,-3.50,-16.25,10.00,0,1.70,0.0432,0.0775,0,0.000,0.000,0.00,0.00,0.000,0
-9.12,24.44,7.88,0.9718,-0.2043,0.0961,-0.0676,-1.36,-3.98,8.80,-7.69,-0.38,1.38,9.75,0,1.70,0.0429,0.0768,0,0.000,0.000,0.00,0.00,0.000,0
-9.44,24.75,8.00,0.9711,-0.2061,0.0993,-0.0683,-1.83,-4.11,8.86,-2.38,7.69,4.12,9.94,0,1.70,0.0442,0.0773,0,0.000,0.000,0.00,0.00,0.000,0
phase1 acc_mag=9.903 gravity=9.898 motion=0.005 moving_avg=0.096 rms=0.130 mean_rms=0.127 max_rms=0.143 min_rms=0.112 std=0.007 var=0.000 state=standing thr=0.141/0.350/0.850
-9.56,24.75,8.00,0.9709,-0.2063,0.1000,-0.0688,-1.62,-4.19,8.85,-4.88,-0.75,-5.88,9.92,0,1.70,0.0445,0.0774,0,0.000,0.000,0.00,0.00,0.000,0
-9.50,24.81,8.12,0.9709,-0.2061,0.1002,-0.0693,-1.50,-4.17,8.78,-5.38,-4.00,-4.12,9.84,0,1.70,0.0446,0.0773,0,0.000,0.000,0.00,0.00,0.000,0
-9.69,24.75,8.38,0.9708,-0.2051,0.1019,-0.0707,-1.69,-4.35,8.89,5.00,-2.38,10.31,10.04,0,1.70,0.0454,0.0768,0,0.000,0.000,0.00,0.00,0.000,0
phase1 acc_mag=10.103 gravity=9.895 motion=0.208 moving_avg=0.092 rms=0.123 mean_rms=0.125 max_rms=0.137 min_rms=0.112 std=0.005 var=0.000 state=standing thr=0.134/0.350/0.850
-9.81,25.06,8.38,0.9701,-0.2077,0.1032,-0.0715,-1.92,-4.44,8.87,1.00,4.00,-0.88,10.10,0,1.70,0.0460,0.0776,0,0.000,0.000,0.00,0.00,0.000,0
-9.62,25.38,8.25,0.9697,-0.2105,0.1016,-0.0703,-1.73,-4.43,8.88,-4.12,-8.31,4.25,10.07,0,1.70,0.0453,0.0788,0,0.000,0.000,0.00,0.00,0.000,0
-9.56,25.50,8.31,0.9695,-0.2119,0.1011,-0.0699,-1.66,-4.36,8.81,-4.75,-1.62,-7.69,9.97,0,1.70,0.0451,0.0793,0,0.000,0.000,0.00,0.00,0.000,0
-9.69,25.50,7.94,0.9696,-0.2122,0.1016,-0.0673,-1.72,-4.34,8.77,0.50,2.50,5.25,9.94,0,1.70,0.0451,0.0796,0,0.000,0.000,0.00,0.00,0.000,0
phase1 acc_mag=9.843 gravity=9.901 motion=0.057 moving_avg=0.096 rms=0.128 mean_rms=0.125 max_rms=0.132 min_rms=0.112 std=0.004 var=0.000 state=standing thr=0.132/0.350/0.850
-9.56,25.88,7.75,0.9691,-0.2154,0.1007,-0.0660,-1.56,-4.27,8.80,-2.00,-6.00,-3.00,9.90,0,1.70,0.0447,0.0808,0,0.000,0.000,0.00,0.00,0.000,0
-9.62,26.12,7.75,0.9683,-0.2187,0.1013,-0.0658,-1.77,-4.49,8.74,-11.94,1.38,-1.25,9.98,0,1.70,0.0450,0.0820,0,0.000,0.000,0.00,0.00,0.000,0
-9.50,26.31,7.56,0.9683,-0.2194,0.1002,-0.0644,-1.73,-4.65,8.85,1.25,-6.88,1.75,10.15,0,1.70,0.0444,0.0824,0,0.000,0.000,0.00,0.00,0.000,0
-9.62,26.12,7.38,0.9688,-0.2176,0.1007,-0.0627,-1.69,-4.18,8.71,-11.56,1.62,8.19,9.81,0,1.70,0.0445,0.0818,0,0.000,0.000,0.00,0.00,0.000,0
phase1 acc_mag=10.052 gravity=9.897 motion=0.154 moving_avg=0.089 rms=0.121 mean_rms=0.124 max_rms=0.132 min_rms=0.112 std=0.004 var=0.000 state=standing thr=0.133/0.350/0.850
-9.69,26.31,7.25,0.9685,-0.2193,0.1009,-0.0615,-1.68,-4.39,8.70,-4.25,-5.00,1.75,9.89,0,1.70,0.0445,0.0825,0,0.000,0.000,0.00,0.00,0.000,0
-9.38,26.12,7.19,0.9691,-0.2180,0.0980,-0.0613,-1.74,-4.60,8.85,8.69,-3.00,3.00,10.12,0,1.70,0.0433,0.0821,0,0.000,0.000,0.00,0.00,0.000,0
-9.19,25.56,7.00,0.9703,-0.2139,0.0955,-0.0601,-1.54,-4.30,8.75,2.12,0.00,-6.25,9.87,0,1.70,0.0422,0.0807,0,0.000,0.000,0.00,0.00,0.000,0
-9.19,25.88,7.12,0.9697,-0.2162,0.0963,-0.0605,-1.64,-4.07,8.78,-12.19,6.38,-1.88,9.82,0,1.70,0.0426,0.0815,0,0.000,0.000,0.00,0.00,0.000,0
phase1 acc_mag=9.979 gravity=9.898 motion=0.081 moving_avg=0.097 rms=0.126 mean_rms=0.124 max_rms=0.132 min_rms=0.112 std=0.004 var=0.000 state=standing thr=0.132/0.350/0.850
-9.06,26.12,7.44,0.9692,-0.2182,0.0954,-0.0633,-1.70,-4.55,8.76,1.62,-7.81,0.50,10.02,0,1.70,0.0425,0.0822,0,0.000,0.000,0.00,0.00,0.000,0
-9.12,26.06,7.62,0.9688,-0.2188,0.0971,-0.0641,-1.57,-4.10,8.65,-14.88,3.88,8.81,9.70,0,1.70,0.0432,0.0823,0,0.000,0.000,0.00,0.00,0.000,0
-9.31,26.56,7.50,0.9681,-0.2216,0.0984,-0.0639,-1.56,-4.29,8.69,0.62,0.00,-0.25,9.82,0,1.70,0.0438,0.0833,0,0.000,0.000,0.00,0.00,0.000,0
-9.25,26.88,7.38,0.9677,-0.2246,0.0966,-0.0623,-1.46,-4.19,8.36,-1.50,-7.69,21.94,9.46,0,1.70,0.0430,0.0845,0,0.000,0.000,0.00,0.00,0.000,0
phase1 acc_mag=10.149 gravity=9.899 motion=0.250 moving_avg=0.113 rms=0.140 mean_rms=0.123 max_rms=0.140 min_rms=0.114 std=0.004 var=0.000 state=slow thr=0.131/0.350/0.850
-8.69,26.88,6.94,0.9681,-0.2253,0.0918,-0.0591,-1.43,-4.42,8.85,2.50,-2.75,-6.00,10.00,0,1.70,0.0409,0.0851,0,0.000,0.000,0.00,0.00,0.000,0
-8.31,26.94,7.31,0.9681,-0.2256,0.0896,-0.0612,-1.49,-4.48,8.69,1.88,-2.25,8.31,9.89,0,1.70,0.0402,0.0852,0,0.000,0.000,0.00,0.00,0.000,0
-8.44,26.88,7.12,0.9681,-0.2256,0.0902,-0.0603,-1.38,-4.18,8.68,3.38,5.88,-9.06,9.73,0,1.70,0.0404,0.0852,0,0.000,0.000,0.00,0.00,0.000,0
phase1 acc_mag=9.567 gravity=9.885 motion=0.319 moving_avg=0.123 rms=0.152 mean_rms=0.127 max_rms=0.152 min_rms=0.114 std=0.010 var=0.000 state=slow thr=0.146/0.350/0.850
-8.44,26.94,7.19,0.9680,-0.2262,0.0903,-0.0613,-1.35,-4.01,8.58,1.38,5.75,-2.25,9.57,0,1.70,0.0405,0.0854,0,0.000,0.000,0.00,0.00,0.000,0
-8.69,27.25,7.12,0.9673,-0.2281,0.0925,-0.0604,-1.47,-4.33,8.67,-4.88,-0.75,3.62,9.80,0,1.70,0.0413,0.0860,0,0.000,0.000,0.00,0.00,0.000,0
-8.62,27.00,7.00,0.9680,-0.2260,0.0916,-0.0594,-1.34,-4.20,8.70,5.50,-2.50,10.19,9.75,0,1.70,0.0408,0.0853,0,0.000,0.000,0.00,0.00,0.000,0
-8.50,26.69,6.81,0.9687,-0.2241,0.0897,-0.0578,-1.27,-4.34,8.75,6.50,-2.00,-3.88,9.85,0,1.70,0.0399,0.0848,0,0.000,0.000,0.00,0.00,0.000,0
phase1 acc_mag=9.613 gravity=9.851 motion=0.238 moving_avg=0.130 rms=0.159 mean_rms=0.133 max_rms=0.159 min_rms=0.114 std=0.015 var=0.000 state=standing thr=0.163/0.363/0.863
-8.44,26.75,7.00,0.9686,-0.2238,0.0902,-0.0596,-1.33,-4.12,8.71,-11.06,4.88,-3.88,9.73,0,1.70,0.0403,0.0846,0,0.000,0.000,0.00,0.00,0.000,0
-8.19,26.25,6.94,0.9696,-0.2207,0.0871,-0.0593,-1.37,-4.12,8.57,4.38,-13.31,2.88,9.61,0,1.70,0.0390,0.0835,0,0.000,0.000,0.00,0.00,0.000,0
-8.00,26.19,7.06,0.9697,-0.2206,0.0858,-0.0604,-1.28,-4.09,8.71,-4.25,0.12,-6.38,9.71,0,1.70,0.0386,0.0835,0,0.000,0.000,0.00,0.00,0.000,0
phase1 acc_mag=9.627 gravity=9.816 motion=0.189 moving_avg=0.143 rms=0.168 mean_rms=0.142 max_rms=0.168 min_rms=0.114 std=0.017 var=0.000 state=standing thr=0.176/0.376/0.876
-8.19,26.00,6.88,0.9702,-0.2184,0.0868,-0.0584,-1.43,-4.04,8.62,0.88,2.88,6.12,9.63,0,1.70,0.0388,0.0827,0,0.000,0.000,0.00,0.00,0.000,0
-8.25,25.75,6.50,0.9708,-0.2166,0.0866,-0.0552,-1.43,-4.15,8.69,4.25,5.12,7.06,9.74,0,1.70,0.0384,0.0822,0,0.000,0.000,0.00,0.00,0.000,0
-8.19,25.94,6.69,0.9704,-0.2183,0.0864,-0.0568,-1.30,-4.16,8.74,-7.81,-0.62,0.38,9.77,0,1.70,0.0385,0.0828,0,0.000,0.000,0.00,0.00,0.000,0
-8.06,26.06,6.31,0.9705,-0.2197,0.0839,-0.0535,-1.40,-4.20,8.69,-1.25,-6.38,-1.25,9.75,0,1.70,0.0373,0.0835,0,0.000,0.000,0.00,0.00,0.000,0
phase1 acc_mag=9.521 gravity=9.769 motion=0.248 moving_avg=0.145 rms=0.171 mean_rms=0.152 max_rms=0.172 min_rms=0.114 std=0.016 var=0.000 state=standing thr=0.184/0.384/0.884
-8.06,26.00,5.88,0.9707,-0.2194,0.0840,-0.0503,-1.36,-4.05,8.68,0.00,2.75,7.94,9.67,0,1.70,0.0370,0.0835,0,0.000,0.000,0.00,0.00,0.000,0
-8.06,26.19,5.50,0.9705,-0.2211,0.0834,-0.0470,-1.47,-4.20,8.69,6.62,1.12,1.75,9.76,0,1.70,0.0365,0.0843,0,0.000,0.000,0.00,0.00,0.000,0
-8.00,26.19,4.94,0.9709,-0.2214,0.0811,-0.0419,-1.41,-4.09,8.71,3.50,-8.19,3.00,9.73,0,1.70,0.0352,0.0846,0,0.000,0.000,0.00,0.00,0.000,0
-7.94,26.00,4.38,0.9713,-0.2207,0.0801,-0.0375,-1.30,-4.02,8.70,-1.38,1.38,7.31,9.67,0,1.70,0.0344,0.0845,0,0.000,0.000,0.00,0.00,0.000,0
phase1 acc_mag=9.799 gravity=9.731 motion=0.068 moving_avg=0.123 rms=0.149 mean_rms=0.159 max_rms=0.172 min_rms=0.142 std=0.009 var=0.000 state=standing thr=0.178/0.378/0.878
-7.94,26.31,4.12,0.9708,-0.2235,0.0796,-0.0354,-1.44,-4.42,8.80,2.62,-1.75,5.50,9.95,0,1.70,0.0341,0.0857,0,0.000,0.000,0.00,0.00,0.000,0
-8.00,26.12,4.38,0.9709,-0.2222,0.0804,-0.0378,-1.49,-4.11,8.60,-4.12,-0.62,-3.62,9.65,0,1.70,0.0346,0.0851,0,0.000,0.000,0.00,0.00,0.000,0
-8.00,26.25,4.38,0.9708,-0.2226,0.0806,-0.0375,-1.36,-3.94,8.70,0.88,-5.12,-5.88,9.65,0,1.70,0.0346,0.0852,0,0.000,0.000,0.00,0.00,0.000,0
-7.69,26.62,4.75,0.9701,-0.2260,0.0787,-0.0405,-1.39,-4.30,8.71,-5.00,2.50,-0.12,9.81,0,1.70,0.0342,0.0864,0,0.000,0.000,0.00,0.00,0.000,0
phase1 acc_mag=9.711 gravity=9.725 motion=0.014 moving_avg=0.111 rms=0.135 mean_rms=0.160 max_rms=0.172 min_rms=0.135 std=0.009 var=0.000 state=standing thr=0.178/0.378/0.878
-8.19,26.81,4.69,0.9695,-0.2272,0.0833,-0.0398,-1.56,-4.39,8.68,-0.50,10.81,-9.81,9.85,0,1.70,0.0359,0.0868,0,0.000,0.000,0.00,0.00,0.000,0
-8.62,26.75,4.75,0.9694,-0.2258,0.0877,-0.0397,-1.56,-4.00,8.64,2.00,6.00,-0.38,9.65,0,1.70,0.0376,0.0862,0,0.000,0.000,0.00,0.00,0.000,0
-9.00,26.44,4.50,0.9698,-0.2237,0.0895,-0.0384,-1.41,-3.89,8.56,-3.50,-0.50,-3.12,9.51,0,1.70,0.0381,0.0854,0,0.000,0.000,0.00,0.00,0.000,0
-8.75,26.69,4.69,0.9694,-0.2256,0.0882,-0.0400,-1.55,-4.10,8.65,-1.50,-2.75,-5.75,9.70,0,1.70,0.0378,0.0861,0,0.000,0.000,0.00,0.00,0.000,0
phase1 acc_mag=9.608 gravity=9.708 motion=0.100 moving_avg=0.104 rms=0.128 mean_rms=0.154 max_rms=0.172 min_rms=0.128 std=0.015 var=0.000 state=standing thr=0.184/0.384/0.884
-8.88,27.06,4.75,0.9686,-0.2285,0.0895,-0.0406,-1.54,-4.47,8.74,-5.75,0.88,-5.00,9.94,0,1.70,0.0384,0.0871,0,0.000,0.000,0.00,0.00,0.000,0
-8.88,27.00,4.94,0.9688,-0.2269,0.0900,-0.0421,-1.90,-4.54,8.74,12.44,-2.62,2.38,10.03,0,1.70,0.0387,0.0864,0,0.000,0.000,0.00,0.00,0.000,0
-8.94,26.75,5.06,0.9691,-0.2255,0.0902,-0.0429,-1.63,-4.13,8.62,-7.06,-4.25,-3.25,9.70,0,1.70,0.0388,0.0859,0,0.000,0.000,0.00,0.00,0.000,0
phase1 acc_mag=9.871 gravity=9.712 motion=0.159 moving_avg=0.093 rms=0.119 mean_rms=0.146 max_rms=0.172 min_rms=0.118 std=0.017 var=0.000 state=standing thr=0.180/0.380/0.880
-8.94,26.81,5.12,0.9689,-0.2263,0.0907,-0.0438,-1.68,-4.39,8.68,-5.50,0.00,0.12,9.87,0,1.70,0.0391,0.0861,0,0.000,0.000,0.00,0.00,0.000,0
-9.00,26.75,5.12,0.9689,-0.2261,0.0915,-0.0425,-1.44,-4.10,8.57,-4.38,2.75,10.94,9.61,0,1.70,0.0393,0.0861,0,0.000,0.000,0.00,0.00,0.000,0
-9.06,26.50,4.81,0.9695,-0.2237,0.0912,-0.0410,-1.51,-4.08,8.59,4.25,-7.56,3.88,9.63,0,1.70,0.0391,0.0853,0,0.000,0.000,0.00,0.00,0.000,0
-8.94,26.44,4.88,0.9697,-0.2233,0.0897,-0.0413,-1.43,-4.03,8.55,-2.12,-1.75,-5.12,9.56,0,1.70,0.0385,0.0851,0,0.000,0.000,0.00,0.00,0.000,0
phase1 acc_mag=9.762 gravity=9.719 motion=0.042 moving_avg=0.088 rms=0.110 mean_rms=0.135 max_rms=0.167 min_rms=0.110 std=0.016 var=0.000 state=standing thr=0.166/0.366/0.866
-9.06,26.56,4.88,0.9694,-0.2244,0.0906,-0.0414,-1.48,-4.09,8.64,-4.88,-3.50,-2.38,9.67,0,1.70,0.0388,0.0855,0,0.000,0.000,0.00,0.00,0.000,0
-9.19,26.38,4.75,0.9697,-0.2227,0.0918,-0.0403,-1.54,-4.12,8.58,4.25,-0.12,0.12,9.64,0,1.70,0.0392,0.0849,0,0.000,0.000,0.00,0.00,0.000,0
-9.19,26.38,4.62,0.9698,-0.2224,0.0919,-0.0398,-1.63,-4.20,8.71,-4.50,-1.75,-3.75,9.81,0,1.70,0.0392,0.0848,0,0.000,0.000,0.00,0.00,0.000,0
-9.38,26.50,4.75,0.9694,-0.2235,0.0935,-0.0402,-1.53,-4.13,8.62,-4.50,10.81,1.25,9.68,0,1.70,0.0399,0.0852,0,0.000,0.000,0.00,0.00,0.000,0
phase1 acc_mag=9.638 gravity=9.723 motion=0.085 moving_avg=0.091 rms=0.114 mean_rms=0.126 max_rms=0.152 min_rms=0.110 std=0.012 var=0.000 state=standing thr=0.149/0.350/0.850
-9.38,26.62,4.94,0.9690,-0.2244,0.0942,-0.0421,-1.49,-4.15,8.55,1.38,3.25,-0.62,9.62,0,1.70,0.0403,0.0854,0,0.000,0.000,0.00,0.00,0.000,0
-9.88,26.69,4.88,0.9686,-0.2244,0.0982,-0.0417,-1.60,-4.14,8.59,-6.25,12.19,1.12,9.67,0,1.70,0.0418,0.0853,0,0.000,0.000,0.00,0.00,0.000,0
-10.19,26.88,4.88,0.9681,-0.2249,0.1022,-0.0411,-1.53,-4.21,8.45,5.88,7.06,0.88,9.56,0,1.70,0.0433,0.0854,0,0.000,0.000,0.00,0.00,0.000,0
phase1 acc_mag=9.777 gravity=9.726 motion=0.051 moving_avg=0.095 rms=0.117 mean_rms=0.119 max_rms=0.134 min_rms=0.110 std=0.007 var=0.000 state=standing thr=0.133/0.350/0.850
-10.25,26.62,4.44,0.9687,-0.2237,0.1010,-0.0377,-1.67,-4.28,8.63,-4.88,-5.75,11.44,9.78,0,1.70,0.0425,0.0852,0,0.000,0.000,0.00,0.00,0.000,0
-10.19,26.31,4.56,0.9692,-0.2214,0.1005,-0.0386,-1.61,-4.11,8.64,-7.19,3.75,-5.75,9.70,0,1.70,0.0424,0.0843,0,0.000,0.000,0.00,0.00,0.000,0
-10.12,26.62,4.38,0.9688,-0.2241,0.0994,-0.0374,-1.54,-4.08,8.55,-9.19,-1.12,3.00,9.60,0,1.70,0.0419,0.0853,0,0.000,0.000,0.00,0.00,0.000,0
-9.75,26.75,4.38,0.9686,-0.2263,0.0963,-0.0370,-1.75,-4.34,8.59,-7.94,-2.88,4.00,9.78,0,1.70,0.0407,0.0862,0,0.000,0.000,0.00,0.00,0.000,0
phase1 acc_mag=9.768 gravity=9.731 motion=0.037 moving_avg=0.100 rms=0.122 mean_rms=0.118 max_rms=0.128 min_rms=0.110 std=0.005 var=0.000 state=standing thr=0.127/0.350/0.850
-9.06,26.38,4.06,0.9701,-0.2230,0.0893,-0.0344,-1.29,-4.51,8.73,9.81,-19.62,7.19,9.91,0,1.70,0.0377,0.0853,0,0.000,0.000,0.00,0.00,0.000,0
-8.94,24.94,3.44,0.9731,-0.2114,0.0863,-0.0296,-1.27,-3.71,8.56,20.62,-5.38,0.75,9.42,0,1.70,0.0361,0.0813,0,0.000,0.000,0.00,0.00,0.000,0
-8.88,24.38,3.44,0.9742,-0.2067,0.0854,-0.0302,-1.41,-3.61,8.74,2.12,3.25,1.62,9.56,0,1.70,0.0358,0.0795,0,0.000,0.000,0.00,0.00,0.000,0
-8.69,24.25,3.62,0.9744,-0.2057,0.0845,-0.0309,-1.36,-4.04,8.84,3.12,-3.50,-15.12,9.81,0,1.70,0.0355,0.0791,0,0.000,0.000,0.00,0.00,0.000,0
phase1 acc_mag=9.581 gravity=9.729 motion=0.148 moving_avg=0.104 rms=0.127 mean_rms=0.118 max_rms=0.128 min_rms=0.110 std=0.005 var=0.000 state=standing thr=0.128/0.350/0.850
-8.75,23.88,3.44,0.9751,-0.2030,0.0845,-0.0300,-1.32,-3.96,8.80,7.19,2.12,5.38,9.74,0,1.70,0.0354,0.0782,0,0.000,0.000,0.00,0.00,0.000,0
-8.62,24.31,3.69,0.9743,-0.2065,0.0842,-0.0318,-1.39,-3.98,8.83,-1.12,5.75,-7.81,9.78,0,1.70,0.0354,0.0794,0,0.000,0.000,0.00,0.00,0.000,0
-8.62,24.75,3.94,0.9734,-0.2103,0.0844,-0.0344,-1.38,-4.12,8.86,-4.12,-2.50,2.12,9.87,0,1.70,0.0357,0.0807,0,0.000,0.000,0.00,0.00,0.000,0
phase1 acc_mag=9.598 gravity=9.726 motion=0.128 moving_avg=0.100 rms=0.125 mean_rms=0.120 max_rms=0.129 min_rms=0.111 std=0.005 var=0.000 state=standing thr=0.131/0.350/0.850
-8.56,24.81,4.19,0.9734,-0.2101,0.0845,-0.0356,-1.32,-3.90,8.67,-7.44,1.00,-2.62,9.60,0,1.70,0.0359,0.0806,0,0.000,0.000,0.00,0.00,0.000,0
-8.88,24.88,4.06,0.9731,-0.2107,0.0869,-0.0345,-1.51,-4.13,8.78,1.62,1.62,-6.25,9.82,0,1.70,0.0367,0.0808,0,0.000,0.000,0.00,0.00,0.000,0
-8.69,25.06,4.62,0.9726,-0.2121,0.0866,-0.0396,-1.40,-3.96,8.68,-8.94,1.25,-7.06,9.64,0,1.70,0.0370,0.0811,0,0.000,0.000,0.00,0.00,0.000,0
-8.50,25.25,4.56,0.9726,-0.2130,0.0846,-0.0394,-1.57,-4.30,8.74,-7.06,-10.56,8.56,9.87,0,1.70,0.0363,0.0815,0,0.000,0.000,0.00,0.00,0.000,0
phase1 acc_mag=9.736 gravity=9.713 motion=0.023 moving_avg=0.107 rms=0.134 mean_rms=0.123 max_rms=0.134 min_rms=0.111 std=0.005 var=0.000 state=slow thr=0.133/0.350/0.850
-8.44,25.44,4.94,0.9720,-0.2151,0.0851,-0.0423,-1.34,-4.02,8.72,-12.81,5.25,-9.06,9.70,0,1.70,0.0367,0.0822,0,0.000,0.000,0.00,0.00,0.000,0
-8.31,25.38,5.69,0.9719,-0.2141,0.0853,-0.0485,-1.51,-4.26,8.87,4.38,6.88,-9.44,9.96,0,1.70,0.0373,0.0816,0,0.000,0.000,0.00,0.00,0.000,0
-8.44,25.56,5.69,0.9716,-0.2151,0.0865,-0.0484,-1.37,-4.06,8.71,5.75,0.12,0.88,9.71,0,1.70,0.0378,0.0819,0,0.000,0.000,0.00,0.00,0.000,0
-8.19,25.69,5.75,0.9713,-0.2169,0.0845,-0.0479,-1.44,-4.29,8.74,-2.12,-4.88,9.56,9.84,0,1.70,0.0370,0.0827,0,0.000,0.000,0.00,0.00,0.000,0
phase1 acc_mag=9.857 gravity=9.723 motion=0.134 moving_avg=0.105 rms=0.133 mean_rms=0.127 max_rms=0.141 min_rms=0.118 std=0.005 var=0.000 state=standing thr=0.138/0.350/0.850
-8.31,25.75,5.44,0.9713,-0.2173,0.0849,-0.0461,-1.31,-4.32,8.67,6.25,1.88,-7.19,9.77,0,1.70,0.0370,0.0829,0,0.000,0.000,0.00,0.00,0.000,0
-8.50,25.62,5.25,0.9713,-0.2167,0.0864,-0.0456,-1.25,-4.01,8.64,-4.00,4.50,-7.56,9.61,0,1.70,0.0375,0.0826,0,0.000,0.000,0.00,0.00,0.000,0
-8.50,26.25,5.62,0.9701,-0.2213,0.0876,-0.0479,-1.58,-4.24,8.80,-2.62,-1.62,-9.06,9.90,0,1.70,0.0382,0.0842,0,0.000,0.000,0.00,0.00,0.000,0
-8.38,26.81,5.69,0.9689,-0.2264,0.0867,-0.0485,-1.40,-4.24,8.62,-2.38,-3.12,-1.12,9.71,0,1.70,0.0380,0.0861,0,0.000,0.000,0.00,0.00,0.000,0
phase1 acc_mag=9.871 gravity=9.710 motion=0.161 moving_avg=0.113 rms=0.144 mean_rms=0.131 max_rms=0.146 min_rms=0.118 std=0.006 var=0.000 state=slow thr=0.143/0.350/0.850
-8.25,26.88,5.44,0.9691,-0.2271,0.0850,-0.0464,-1.36,-4.50,8.57,4.75,-6.25,6.12,9.77,0,1.70,0.0372,0.0865,0,0.000,0.000,0.00,0.00,0.000,0
-8.31,27.00,5.25,0.9688,-0.2283,0.0852,-0.0449,-1.30,-4.23,8.65,-4.12,0.75,4.75,9.72,0,1.70,0.0371,0.0870,0,0.000,0.000,0.00,0.00,0.000,0
-8.25,27.25,5.50,0.9684,-0.2297,0.0851,-0.0461,-1.73,-4.63,8.68,6.88,-8.94,6.75,9.99,0,1.70,0.0372,0.0874,0,0.000,0.000,0.00,0.00,0.000,0
-7.88,26.75,5.50,0.9695,-0.2263,0.0820,-0.0469,-1.25,-4.23,8.56,17.12,-8.94,-13.19,9.63,0,1.70,0.0361,0.0862,0,0.000,0.000,0.00,0.00,0.000,0
phase1 acc_mag=9.743 gravity=9.722 motion=0.020 moving_avg=0.113 rms=0.143 mean_rms=0.134 max_rms=0.146 min_rms=0.122 std=0.006 var=0.000 state=standing thr=0.147/0.350/0.850
-8.00,26.62,5.38,0.9698,-0.2250,0.0825,-0.0458,-1.18,-4.26,8.77,-3.88,3.38,-4.88,9.82,0,1.70,0.0361,0.0858,0,0.000,0.000,0.00,0.00,0.000,0
-7.94,26.12,5.31,0.9709,-0.2207,0.0816,-0.0445,-1.34,-4.13,8.63,1.50,-2.50,2.25,9.66,0,1.70,0.0356,0.0843,0,0.000,0.000,0.00,0.00,0.000,0
-7.94,25.81,5.44,0.9713,-0.2186,0.0818,-0.0461,-1.23,-4.03,8.60,7.06,4.38,-1.88,9.58,0,1.70,0.0358,0.0834,0,0.000,0.000,0.00,0.00,0.000,0
phase1 acc_mag=9.836 gravity=9.724 motion=0.112 moving_avg=0.104 rms=0.134 mean_rms=0.137 max_rms=0.146 min_rms=0.126 std=0.005 var=0.000 state=standing thr=0.146/0.350/0.850
-8.06,25.69,5.38,0.9716,-0.2170,0.0828,-0.0458,-1.49,-4.36,8.69,6.25,6.12,9.31,9.84,0,1.70,0.0361,0.0828,0,0.000,0.000,0.00,0.00,0.000,0
-7.94,25.75,5.38,0.9715,-0.2177,0.0818,-0.0458,-1.34,-4.21,8.67,-5.50,-2.38,-4.12,9.73,0,1.70,0.0358,0.0831,0,0.000,0.000,0.00,0.00,0.000,0
-8.12,25.88,5.31,0.9712,-0.2188,0.0834,-0.0443,-1.26,-4.05,8.56,1.62,-0.88,10.44,9.55,0,1.70,0.0363,0.0835,0,0.000,0.000,0.00,0.00,0.000,0
-8.25,26.00,5.06,0.9709,-0.2200,0.0838,-0.0431,-1.57,-4.50,8.80,1.75,-1.25,-1.25,10.01,0,1.70,0.0363,0.0840,0,0.000,0.000,0.00,0.00,0.000,0
phase1 acc_mag=9.707 gravity=9.729 motion=0.021 moving_avg=0.094 rms=0.125 mean_rms=0.136 max_rms=0.146 min_rms=0.124 std=0.005 var=0.000 state=standing thr=0.147/0.350/0.850
-8.12,26.06,5.00,0.9708,-0.2209,0.0828,-0.0423,-1.30,-4.32,8.68,2.12,-4.50,-3.12,9.78,0,1.70,0.0359,0.0844,0,0.000,0.000,0.00,0.00,0.000,0
-8.19,26.06,5.00,0.9708,-0.2208,0.0831,-0.0428,-1.36,-4.17,8.63,8.19,4.88,-1.88,9.68,0,1.70,0.0360,0.0843,0,0.000,0.000,0.00,0.00,0.000,0
-7.88,26.12,5.06,0.9711,-0.2208,0.0804,-0.0425,-1.33,-4.16,8.64,0.12,-0.12,-0.62,9.68,0,1.70,0.0350,0.0844,0,0.000,0.000,0.00,0.00,0.000,0
-7.81,25.50,5.44,0.9720,-0.2158,0.0806,-0.0463,-1.62,-4.46,8.70,10.31,0.25,-1.38,9.91,0,1.70,0.0353,0.0824,0,0.000,0.000,0.00,0.00,0.000,0
phase1 acc_mag=9.588 gravity=9.740 motion=0.153 moving_avg=0.101 rms=0.138 mean_rms=0.135 max_rms=0.146 min_rms=0.121 std=0.007 var=0.000 state=standing thr=0.148/0.350/0.850
-7.56,25.06,5.56,0.9728,-0.2130,0.0780,-0.0480,-1.22,-4.03,8.60,-6.88,-2.75,-4.00,9.58,0,1.70,0.0344,0.0814,0,0.000,0.000,0.00,0.00,0.000,0
-7.62,25.12,5.62,0.9727,-0.2126,0.0792,-0.0483,-1.12,-3.80,8.54,2.00,3.50,2.50,9.41,0,1.70,0.0349,0.0812,0,0.000,0.000,0.00,0.00,0.000,0
-7.81,25.31,5.38,0.9725,-0.2139,0.0804,-0.0455,-1.33,-3.96,8.65,5.88,0.50,6.38,9.61,0,1.70,0.0352,0.0818,0,0.000,0.000,0.00,0.00,0.000,0
phase1 acc_mag=9.525 gravity=9.730 motion=0.205 moving_avg=0.097 rms=0.131 mean_rms=0.133 max_rms=0.143 min_rms=0.121 std=0.006 var=0.000 state=standing thr=0.145/0.350/0.850
-7.75,25.44,5.06,0.9724,-0.2153,0.0790,-0.0430,-1.22,-3.82,8.64,-2.50,-2.12,0.38,9.53,0,1.70,0.0344,0.0824,0,0.000,0.000,0.00,0.00,0.000,0
-8.00,25.44,4.62,0.9724,-0.2156,0.0804,-0.0394,-1.39,-4.17,8.74,-5.75,-5.38,2.12,9.78,0,1.70,0.0347,0.0826,0,0.000,0.000,0.00,0.00,0.000,0
-8.00,25.69,4.75,0.9719,-0.2175,0.0811,-0.0406,-1.38,-4.20,8.72,-6.62,-3.12,-10.69,9.78,0,1.70,0.0351,0.0832,0,0.000,0.000,0.00,0.00,0.000,0
-8.00,25.69,4.94,0.9716,-0.2183,0.0809,-0.0419,-1.29,-4.06,8.61,-6.75,-4.50,0.00,9.61,0,1.70,0.0351,0.0835,0,0.000,0.000,0.00,0.00,0.000,0
phase1 acc_mag=9.795 gravity=9.734 motion=0.061 moving_avg=0.101 rms=0.136 mean_rms=0.133 max_rms=0.143 min_rms=0.121 std=0.005 var=0.000 state=standing thr=0.143/0.350/0.850
-8.12,25.88,4.94,0.9714,-0.2189,0.0824,-0.0421,-1.35,-4.16,8.67,-3.12,0.50,1.12,9.71,0,1.70,0.0357,0.0837,0,0.000,0.000,0.00,0.00,0.000,0
-8.19,25.88,4.88,0.9713,-0.2191,0.0833,-0.0417,-1.59,-4.43,8.78,-2.38,4.00,10.56,9.96,0,1.70,0.0360,0.0837,0,0.000,0.000,0.00,0.00,0.000,0
-8.25,25.94,5.06,0.9711,-0.2191,0.0839,-0.0435,-1.43,-4.18,8.68,2.75,0.00,-4.38,9.74,0,1.70,0.0364,0.0836,0,0.000,0.000,0.00,0.00,0.000,0
-8.19,25.88,5.19,0.9712,-0.2186,0.0838,-0.0443,-1.44,-4.13,8.72,7.81,7.06,-1.88,9.76,0,1.70,0.0364,0.0834,0,0.000,0.000,0.00,0.00,0.000,0
phase1 acc_mag=9.823 gravity=9.733 motion=0.090 moving_avg=0.099 rms=0.136 mean_rms=0.132 max_rms=0.143 min_rms=0.121 std=0.005 var=0.000 state=standing thr=0.143/0.350/0.850
-8.12,25.88,5.56,0.9710,-0.2186,0.0837,-0.0480,-1.30,-4.14,8.62,-0.38,4.38,-7.81,9.65,0,1.70,0.0367,0.0833,0,0.000,0.000,0.00,0.00,0.000,0
-8.12,26.00,5.62,0.9708,-0.2195,0.0839,-0.0479,-1.40,-4.31,8.69,-4.88,0.00,-1.88,9.80,0,1.70,0.0368,0.0836,0,0.000,0.000,0.00,0.00,0.000,0
-8.19,25.75,5.62,0.9713,-0.2175,0.0844,-0.0478,-1.28,-3.98,8.60,-1.12,5.00,-10.69,9.56,0,1.70,0.0369,0.0829,0,0.000,0.000,0.00,0.00,0.000,0
-8.19,25.88,5.75,0.9709,-0.2182,0.0848,-0.0491,-1.35,-4.13,8.68,0.88,5.00,0.50,9.71,0,1.70,0.0372,0.0831,0,0.000,0.000,0.00,0.00,0.000,0
phase1 acc_mag=9.830 gravity=9.736 motion=0.094 moving_avg=0.094 rms=0.131 mean_rms=0.134 max_rms=0.143 min_rms=0.121 std=0.004 var=0.000 state=standing thr=0.142/0.350/0.850
-8.31,25.75,5.81,0.9711,-0.2170,0.0860,-0.0495,-1.27,-4.12,8.60,-2.12,4.75,9.81,9.62,0,1.70,0.0377,0.0826,0,0.000,0.000,0.00,0.00,0.000,0
-8.25,25.81,6.19,0.9707,-0.2180,0.0861,-0.0529,-1.49,-4.33,8.71,-5.88,-0.12,-1.38,9.84,0,1.70,0.0380,0.0828,0,0.000,0.000,0.00,0.00,0.000,0
-8.44,25.88,6.25,0.9706,-0.2178,0.0880,-0.0530,-1.34,-4.20,8.65,-4.12,0.12,12.06,9.71,0,1.70,0.0388,0.0827,0,0.000,0.000,0.00,0.00,0.000,0
-8.44,25.94,6.25,0.9705,-0.2179,0.0883,-0.0527,-1.36,-4.41,8.63,3.12,4.00,4.00,9.79,0,1.70,0.0389,0.0827,0,0.000,0.000,0.00,0.00,0.000,0
phase1 acc_mag=9.510 gravity=9.733 motion=0.222 moving_avg=0.088 rms=0.119 mean_rms=0.131 max_rms=0.143 min_rms=0.114 std=0.007 var=0.000 state=standing thr=0.145/0.350/0.850
-8.44,26.12,6.62,0.9698,-0.2198,0.0886,-0.0566,-1.65,-4.57,8.70,-2.38,-0.88,-0.75,9.96,0,1.70,0.0394,0.0833,0,0.000,0.000,0.00,0.00,0.000,0
-8.44,26.00,6.62,0.9702,-0.2183,0.0887,-0.0561,-1.34,-4.41,8.75,1.75,-1.12,5.50,9.89,0,1.70,0.0393,0.0827,0,0.000,0.000,0.00,0.00,0.000,0
-8.50,26.06,6.75,0.9699,-0.2189,0.0894,-0.0577,-1.41,-4.28,8.65,-2.38,-4.38,-5.75,9.75,0,1.70,0.0397,0.0829,0,0.000,0.000,0.00,0.00,0.000,0
phase1 acc_mag=9.847 gravity=9.727 motion=0.120 moving_avg=0.084 rms=0.108 mean_rms=0.129 max_rms=0.143 min_rms=0.108 std=0.008 var=0.000 state=standing thr=0.145/0.350/0.850
-8.44,25.94,6.81,0.9702,-0.2178,0.0890,-0.0577,-1.50,-4.28,8.74,0.38,-4.12,1.38,9.85,0,1.70,0.0396,0.0825,0,0.000,0.000,0.00,0.00,0.000,0
-8.56,25.69,6.62,0.9706,-0.2161,0.0893,-0.0562,-1.37,-3.96,8.56,11.69,3.00,-15.25,9.53,0,1.70,0.0395,0.0819,0,0.000,0.000,0.00,0.00,0.000,0
-8.25,25.44,6.44,0.9714,-0.2146,0.0853,-0.0560,-1.48,-4.30,8.76,-6.12,-6.38,-11.94,9.87,0,1.70,0.0380,0.0815,0,0.000,0.000,0.00,0.00,0.000,0
-7.81,25.62,6.31,0.9714,-0.2162,0.0823,-0.0538,-1.26,-4.06,8.69,-7.56,-3.88,1.50,9.67,0,1.70,0.0366,0.0822,0,0.000,0.000,0.00,0.00,0.000,0
phase1 acc_mag=9.785 gravity=9.733 motion=0.053 moving_avg=0.086 rms=0.112 mean_rms=0.124 max_rms=0.137 min_rms=0.108 std=0.010 var=0.000 state=standing thr=0.144/0.350/0.850
-7.69,25.75,6.38,0.9713,-0.2169,0.0818,-0.0546,-1.38,-4.01,8.63,-2.50,4.75,2.38,9.62,0,1.70,0.0365,0.0825,0,0.000,0.000,0.00,0.00,0.000,0
-7.62,26.06,6.12,0.9707,-0.2202,0.0807,-0.0523,-1.32,-4.07,8.76,-8.56,-7.19,10.69,9.75,0,1.70,0.0360,0.0838,0,0.000,0.000,0.00,0.00,0.000,0
-7.56,25.81,6.19,0.9713,-0.2180,0.0797,-0.0526,-1.43,-4.16,8.86,6.75,-10.31,-1.25,9.89,0,1.70,0.0355,0.0830,0,0.000,0.000,0.00,0.00,0.000,0
-7.44,25.50,5.75,0.9722,-0.2155,0.0775,-0.0493,-1.30,-3.94,8.66,3.00,-3.12,-0.12,9.60,0,1.70,0.0344,0.0823,0,0.000,0.000,0.00,0.00,0.000,0
phase1 acc_mag=9.497 gravity=9.731 motion=0.234 moving_avg=0.092 rms=0.118 mean_rms=0.119 max_rms=0.137 min_rms=0.108 std=0.008 var=0.000 state=standing thr=0.135/0.350/0.850
-7.12,25.31,5.19,0.9728,-0.2150,0.0740,-0.0442,-1.07,-3.86,8.63,2.50,-2.62,2.38,9.51,0,1.70,0.0326,0.0824,0,0.000,0.000,0.00,0.00,0.000,0
-7.31,25.31,4.88,0.9728,-0.2153,0.0747,-0.0424,-1.23,-4.08,8.81,2.38,-3.00,11.56,9.79,0,1.70,0.0327,0.0825,0,0.000,0.000,0.00,0.00,0.000,0
-7.25,25.56,5.12,0.9724,-0.2168,0.0748,-0.0438,-1.24,-4.41,8.85,-1.88,-0.12,0.00,9.97,0,1.70,0.0329,0.0830,0,0.000,0.000,0.00,0.00,0.000,0
phase1 acc_mag=9.764 gravity=9.729 motion=0.035 moving_avg=0.097 rms=0.123 mean_rms=0.116 max_rms=0.125 min_rms=0.108 std=0.005 var=0.000 state=standing thr=0.127/0.350/0.850
-7.25,25.50,5.38,0.9725,-0.2156,0.0756,-0.0450,-1.20,-4.12,8.77,3.00,5.38,-3.62,9.76,0,1.70,0.0333,0.0825,0,0.000,0.000,0.00,0.00,0.000,0
-7.50,25.44,5.31,0.9724,-0.2156,0.0771,-0.0452,-1.33,-4.22,8.84,-1.50,10.06,-4.38,9.89,0,1.70,0.0339,0.0825,0,0.000,0.000,0.00,0.00,0.000,0
-7.44,25.69,5.31,0.9719,-0.2178,0.0770,-0.0449,-1.29,-4.29,8.82,-2.75,0.75,2.50,9.89,0,1.70,0.0339,0.0833,0,0.000,0.000,0.00,0.00,0.000,0
-7.50,25.81,5.69,0.9714,-0.2185,0.0787,-0.0488,-1.20,-4.12,8.79,-3.50,6.12,0.88,9.78,0,1.70,0.0348,0.0834,0,0.000,0.000,0.00,0.00,0.000,0
phase1 acc_mag=9.629 gravity=9.724 motion=0.095 moving_avg=0.094 rms=0.116 mean_rms=0.118 max_rms=0.126 min_rms=0.108 std=0.006 var=0.000 state=standing thr=0.129/0.350/0.850
-7.56,26.00,6.19,0.9708,-0.2199,0.0806,-0.0518,-1.29,-4.08,8.78,-3.25,7.06,10.81,9.77,0,1.70,0.0358,0.0837,0,0.000,0.000,0.00,0.00,0.000,0
-8.00,26.25,5.94,0.9703,-0.2215,0.0833,-0.0504,-1.24,-4.04,8.67,3.38,6.75,-0.75,9.65,0,1.70,0.0368,0.0843,0,0.000,0.000,0.00,0.00,0.000,0
-8.00,26.31,6.00,0.9701,-0.2219,0.0839,-0.0509,-1.21,-4.08,8.61,-3.38,1.38,-3.75,9.60,0,1.70,0.0371,0.0844,0,0.000,0.000,0.00,0.00,0.000,0
-8.00,26.12,5.94,0.9704,-0.2207,0.0837,-0.0514,-1.25,-3.97,8.62,0.38,5.62,-5.88,9.57,0,1.70,0.0370,0.0839,0,0.000,0.000,0.00,0.00,0.000,0
phase1 acc_mag=9.626 gravity=9.727 motion=0.101 moving_avg=0.089 rms=0.110 mean_rms=0.116 max_rms=0.126 min_rms=0.108 std=0.006 var=0.000 state=standing thr=0.128/0.350/0.850
-8.06,26.12,5.69,0.9706,-0.2208,0.0834,-0.0485,-1.32,-4.09,8.76,-8.81,-3.62,5.88,9.76,0,1.70,0.0367,0.0841,0,0.000,0.000,0.00,0.00,0.000,0
-8.12,26.00,5.75,0.9707,-0.2197,0.0843,-0.0489,-1.24,-4.14,8.70,-0.50,1.00,-1.00,9.71,0,1.70,0.0370,0.0836,0,0.000,0.000,0.00,0.00,0.000,0
-8.19,26.00,5.69,0.9708,-0.2197,0.0845,-0.0477,-1.33,-4.19,8.75,-2.62,-5.38,10.56,9.79,0,1.70,0.0370,0.0837,0,0.000,0.000,0.00,0.00,0.000,0
phase1 acc_mag=9.750 gravity=9.726 motion=0.024 moving_avg=0.082 rms=0.104 mean_rms=0.115 max_rms=0.126 min_rms=0.104 std=0.007 var=0.000 state=standing thr=0.129/0.350/0.850
-8.19,25.88,5.88,0.9708,-0.2186,0.0847,-0.0499,-1.31,-4.14,8.73,5.88,2.50,-0.88,9.75,0,1.70,0.0372,0.0832,0,0.000,0.000,0.00,0.00,0.000,0
-8.06,26.19,5.94,0.9702,-0.2213,0.0847,-0.0506,-1.25,-4.13,8.74,1.62,3.38,2.00,9.75,0,1.70,0.0373,0.0842,0,0.000,0.000,0.00,0.00,0.000,0
-8.25,26.12,5.81,0.9703,-0.2207,0.0858,-0.0493,-1.35,-4.09,8.66,1.25,-1.25,-4.38,9.67,0,1.70,0.0377,0.0840,0,0.000,0.000,0.00,0.00,0.000,0
-8.44,26.00,5.44,0.9706,-0.2197,0.0861,-0.0464,-1.25,-4.12,8.70,7.44,2.75,7.69,9.71,0,1.70,0.0375,0.0837,0,0.000,0.000,0.00,0.00,0.000,0
phase1 acc_mag=9.571 gravity=9.721 motion=0.149 moving_avg=0.070 rms=0.091 mean_rms=0.112 max_rms=0.126 min_rms=0.091 std=0.010 var=0.000 state=standing thr=0.131/0.350/0.850
-8.75,26.12,5.31,0.9703,-0.2205,0.0891,-0.0450,-1.40,-4.26,8.78,1.12,6.25,7.44,9.86,0,1.70,0.0386,0.0840,0,0.000,0.000,0.00,0.00,0.000,0
-8.81,26.25,5.19,0.9701,-0.2216,0.0892,-0.0440,-1.26,-4.03,8.64,-1.12,-3.62,3.00,9.62,0,1.70,0.0385,0.0844,0,0.000,0.000,0.00,0.00,0.000,0
-8.94,26.19,5.06,0.9702,-0.2207,0.0900,-0.0433,-1.34,-4.16,8.67,-4.00,4.50,4.12,9.71,0,1.70,0.0388,0.0841,0,0.000,0.000,0.00,0.00,0.000,0
phase1 acc_mag=9.729 gravity=9.720 motion=0.009 moving_avg=0.069 rms=0.089 mean_rms=0.105 max_rms=0.126 min_rms=0.087 std=0.011 var=0.000 state=standing thr=0.127/0.350/0.850
-8.75,26.31,5.50,0.9700,-0.2213,0.0898,-0.0464,-1.32,-4.15,8.70,5.00,4.38,3.62,9.73,0,1.70,0.0389,0.0842,0,0.000,0.000,0.00,0.00,0.000,0
-8.88,26.44,5.25,0.9697,-0.2225,0.0898,-0.0453,-1.28,-4.08,8.67,6.00,-1.00,-4.62,9.67,0,1.70,0.0389,0.0847,0,0.000,0.000,0.00,0.00,0.000,0
-8.69,26.31,5.19,0.9700,-0.2222,0.0880,-0.0442,-1.39,-4.25,8.75,6.75,-0.88,2.00,9.83,0,1.70,0.0381,0.0846,0,0.000,0.000,0.00,0.00,0.000,0
-8.38,26.38,5.12,0.9700,-0.2230,0.0857,-0.0438,-1.35,-4.11,8.64,-10.94,-9.44,-0.62,9.66,0,1.70,0.0372,0.0850,0,0.000,0.000,0.00,0.00,0.000,0
phase1 acc_mag=9.629 gravity=9.715 motion=0.086 moving_avg=0.072 rms=0.093 mean_rms=0.098 max_rms=0.112 min_rms=0.086 std=0.009 var=0.000 state=standing thr=0.116/0.350/0.850
-8.31,26.19,5.19,0.9705,-0.2214,0.0848,-0.0441,-1.40,-4.22,8.70,5.50,-1.50,1.75,9.77,0,1.70,0.0368,0.0845,0,0.000,0.000,0.00,0.00,0.000,0
-8.38,26.31,5.06,0.9703,-0.2222,0.0854,-0.0434,-1.32,-4.23,8.65,-10.69,-1.12,6.88,9.72,0,1.70,0.0370,0.0847,0,0.000,0.000,0.00,0.00,0.000,0
-8.31,26.31,5.06,0.9702,-0.2224,0.0855,-0.0431,-1.37,-4.28,8.68,-2.25,6.88,4.62,9.77,0,1.70,0.0370,0.0848,0,0.000,0.000,0.00,0.00,0.000,0
-8.31,26.62,5.19,0.9696,-0.2251,0.0852,-0.0443,-1.37,-4.16,8.64,-4.75,-4.25,2.50,9.69,0,1.70,0.0370,0.0858,0,0.000,0.000,0.00,0.00,0.000,0
phase1 acc_mag=9.766 gravity=9.713 motion=0.053 moving_avg=0.064 rms=0.083 mean_rms=0.093 max_rms=0.108 min_rms=0.083 std=0.007 var=0.000 state=standing thr=0.108/0.350/0.850
-8.31,26.50,5.00,0.9698,-0.2246,0.0844,-0.0428,-1.29,-4.12,8.58,8.44,-1.62,2.75,9.60,0,1.70,0.0366,0.0857,0,0.000,0.000,0.00,0.00,0.000,0
-8.38,26.56,5.25,0.9697,-0.2244,0.0854,-0.0445,-1.40,-4.28,8.75,-0.62,-2.50,-8.31,9.84,0,1.70,0.0371,0.0855,0,0.000,0.000,0.00,0.00,0.000,0
-8.00,26.62,5.44,0.9697,-0.2252,0.0829,-0.0461,-1.19,-4.26,8.61,3.25,-3.38,1.50,9.68,0,1.70,0.0363,0.0858,0,0.000,0.000,0.00,0.00,0.000,0
-7.94,26.44,5.44,0.9701,-0.2236,0.0825,-0.0457,-1.36,-4.11,8.63,-1.38,-0.62,7.44,9.65,0,1.70,0.0361,0.0853,0,0.000,0.000,0.00,0.00,0.000,0
phase1 acc_mag=9.648 gravity=9.710 motion=0.061 moving_avg=0.077 rms=0.096 mean_rms=0.091 max_rms=0.102 min_rms=0.083 std=0.005 var=0.000 state=standing thr=0.100/0.350/0.850
-7.88,26.50,5.38,0.9700,-0.2244,0.0814,-0.0457,-1.47,-4.27,8.74,-0.38,-1.62,-0.62,9.84,0,1.70,0.0357,0.0856,0,0.000,0.000,0.00,0.00,0.000,0
-8.00,26.75,5.38,0.9695,-0.2261,0.0826,-0.0460,-1.29,-3.95,8.59,-0.50,2.38,-3.12,9.54,0,1.70,0.0362,0.0862,0,0.000,0.000,0.00,0.00,0.000,0
-7.88,26.81,5.44,0.9694,-0.2269,0.0818,-0.0465,-1.35,-4.36,8.61,-7.31,-1.38,5.25,9.74,0,1.70,0.0360,0.0865,0,0.000,0.000,0.00,0.00,0.000,0
-8.12,27.00,5.25,0.9689,-0.2285,0.0838,-0.0446,-1.31,-4.23,8.67,1.50,2.75,0.50,9.74,0,1.70,0.0366,0.0870,0,0.000,0.000,0.00,0.00,0.000,0
phase1 acc_mag=9.740 gravity=9.715 motion=0.025 moving_avg=0.078 rms=0.095 mean_rms=0.091 max_rms=0.101 min_rms=0.083 std=0.004 var=0.000 state=standing thr=0.099/0.350/0.850
-8.19,27.00,5.12,0.9689,-0.2282,0.0849,-0.0443,-1.36,-4.10,8.63,-0.75,9.81,-4.75,9.65,0,1.70,0.0369,0.0869,0,0.000,0.000,0.00,0.00,0.000,0
-8.38,26.94,5.19,0.9690,-0.2277,0.0855,-0.0440,-1.41,-4.36,8.65,7.56,-2.25,-4.25,9.79,0,1.70,0.0372,0.0867,0,0.000,0.000,0.00,0.00,0.000,0
-8.25,26.94,5.44,0.9689,-0.2275,0.0853,-0.0460,-1.36,-4.13,8.67,-9.94,6.00,-3.12,9.70,0,1.70,0.0372,0.0866,0,0.000,0.000,0.00,0.00,0.000,0
-8.25,27.06,5.38,0.9688,-0.2281,0.0849,-0.0462,-1.39,-4.25,8.64,4.38,-3.00,-5.62,9.73,0,1.70,0.0371,0.0868,0,0.000,0.000,0.00,0.00,0.000,0
phase1 acc_mag=9.554 gravity=9.717 motion=0.162 moving_avg=0.081 rms=0.100 mean_rms=0.092 max_rms=0.101 min_rms=0.083 std=0.005 var=0.000 state=standing thr=0.102/0.350/0.850
-8.00,27.25,5.69,0.9683,-0.2302,0.0835,-0.0483,-1.44,-4.43,8.70,-14.12,-6.25,-2.25,9.87,0,1.70,0.0368,0.0876,0,0.000,0.000,0.00,0.00,0.000,0
-8.12,27.00,5.88,0.9686,-0.2278,0.0857,-0.0497,-1.36,-4.13,8.58,0.12,7.31,3.88,9.62,0,1.70,0.0377,0.0866,0,0.000,0.000,0.00,0.00,0.000,0
-8.19,27.06,5.94,0.9686,-0.2280,0.0857,-0.0506,-1.37,-4.21,8.62,-7.44,1.25,-8.94,9.69,0,1.70,0.0378,0.0866,0,0.000,0.000,0.00,0.00,0.000,0
-8.25,27.25,5.81,0.9681,-0.2300,0.0861,-0.0494,-1.23,-3.98,8.59,-4.50,-0.88,11.31,9.55,0,1.70,0.0379,0.0874,0,0.000,0.000,0.00,0.00,0.000,0
phase1 acc_mag=9.798 gravity=9.718 motion=0.079 moving_avg=0.082 rms=0.100 mean_rms=0.095 max_rms=0.102 min_rms=0.083 std=0.005 var=0.000 state=standing thr=0.105/0.350/0.850
-8.12,27.00,5.94,0.9687,-0.2276,0.0853,-0.0504,-1.33,-4.13,8.57,-1.25,-0.25,-6.50,9.61,0,1.70,0.0376,0.0865,0,0.000,0.000,0.00,0.00,0.000,0
-7.88,27.00,6.06,0.9688,-0.2280,0.0829,-0.0518,-1.45,-4.36,8.63,2.12,4.50,0.75,9.78,0,1.70,0.0369,0.0866,0,0.000,0.000,0.00,0.00,0.000,0
-7.62,26.81,6.19,0.9692,-0.2264,0.0814,-0.0526,-1.29,-4.06,8.56,-1.38,2.38,2.50,9.56,0,1.70,0.0363,0.0861,0,0.000,0.000,0.00,0.00,0.000,0
-7.56,26.56,6.50,0.9695,-0.2244,0.0809,-0.0551,-1.19,-4.05,8.65,-1.12,-3.38,0.38,9.63,0,1.70,0.0363,0.0852,0,0.000,0.000,0.00,0.00,0.000,0
phase1 acc_mag=9.616 gravity=9.719 motion=0.103 moving_avg=0.083 rms=0.099 mean_rms=0.098 max_rms=0.104 min_rms=0.090 std=0.003 var=0.000 state=standing thr=0.103/0.350/0.850
-7.69,26.75,6.75,0.9691,-0.2253,0.0827,-0.0574,-1.43,-4.11,8.72,-0.75,2.50,-5.38,9.75,0,1.70,0.0372,0.0854,0,0.000,0.000,0.00,0.00,0.000,0
-7.50,26.44,6.75,0.9698,-0.2225,0.0807,-0.0577,-1.45,-4.42,8.75,9.31,1.00,-1.88,9.91,0,1.70,0.0365,0.0844,0,0.000,0.000,0.00,0.00,0.000,0
-7.31,26.12,6.75,0.9705,-0.2206,0.0790,-0.0576,-1.29,-4.24,8.68,6.00,-2.38,-6.12,9.75,0,1.70,0.0358,0.0838,0,0.000,0.000,0.00,0.00,0.000,0
phase1 acc_mag=9.771 gravity=9.735 motion=0.037 moving_avg=0.084 rms=0.101 mean_rms=0.099 max_rms=0.104 min_rms=0.095 std=0.002 var=0.000 state=standing thr=0.103/0.350/0.850
-7.44,26.06,6.56,0.9706,-0.2202,0.0789,-0.0558,-1.36,-4.11,8.76,-2.38,4.38,0.75,9.77,0,1.70,0.0356,0.0837,0,0.000,0.000,0.00,0.00,0.000,0
-7.06,25.81,6.38,0.9714,-0.2183,0.0757,-0.0547,-1.15,-3.95,8.62,3.38,1.88,-3.12,9.55,0,1.70,0.0342,0.0832,0,0.000,0.000,0.00,0.00,0.000,0
-7.06,25.81,6.50,0.9713,-0.2185,0.0760,-0.0554,-1.37,-4.22,8.76,-3.38,0.75,2.00,9.82,0,1.70,0.0344,0.0832,0,0.000,0.000,0.00,0.00,0.000,0
-7.19,25.75,6.56,0.9713,-0.2177,0.0768,-0.0568,-1.26,-4.25,8.74,0.12,0.00,0.75,9.80,0,1.70,0.0348,0.0828,0,0.000,0.000,0.00,0.00,0.000,0
phase1 acc_mag=9.760 gravity=9.731 motion=0.029 moving_avg=0.082 rms=0.098 mean_rms=0.099 max_rms=0.104 min_rms=0.095 std=0.001 var=0.000 state=standing thr=0.102/0.350/0.850
-7.31,25.69,6.75,0.9715,-0.2165,0.0783,-0.0568,-1.39,-4.36,8.70,2.00,-5.25,5.75,9.83,0,1.70,0.0354,0.0823,0,0.000,0.000,0.00,0.00,0.000,0
-7.44,25.50,6.44,0.9718,-0.2153,0.0790,-0.0547,-1.21,-3.99,8.60,-4.88,3.75,-1.50,9.56,0,1.70,0.0354,0.0820,0,0.000,0.000,0.00,0.00,0.000,0
-7.44,25.56,6.31,0.9716,-0.2162,0.0790,-0.0546,-1.36,-4.13,8.80,-4.88,3.00,-6.50,9.82,0,1.70,0.0354,0.0823,0,0.000,0.000,0.00,0.00,0.000,0
-7.38,25.69,6.62,0.9713,-0.2172,0.0787,-0.0570,-1.26,-4.25,8.66,-0.75,-1.75,-6.75,9.73,0,1.70,0.0355,0.0826,0,0.000,0.000,0.00,0.00,0.000,0
phase1 acc_mag=9.644 gravity=9.724 motion=0.080 moving_avg=0.083 rms=0.099 mean_rms=0.099 max_rms=0.104 min_rms=0.096 std=0.001 var=0.000 state=standing thr=0.101/0.350/0.850
-7.31,25.69,6.69,0.9714,-0.2170,0.0786,-0.0569,-1.35,-4.23,8.72,8.06,-3.38,-6.25,9.79,0,1.70,0.0355,0.0825,0,0.000,0.000,0.00,0.00,0.000,0
-7.44,25.69,6.50,0.9713,-0.2173,0.0793,-0.0557,-1.40,-4.28,8.73,-2.38,2.50,-1.38,9.82,0,1.70,0.0356,0.0827,0,0.000,0.000,0.00,0.00,0.000,0
-7.50,25.75,6.56,0.9714,-0.2165,0.0801,-0.0560,-1.23,-4.04,8.71,8.44,6.12,-1.25,9.68,0,1.70,0.0360,0.0823,0,0.000,0.000,0.00,0.00,0.000,0
-7.56,25.75,6.56,0.9713,-0.2169,0.0807,-0.0565,-1.34,-4.29,8.71,5.75,3.25,-3.12,9.80,0,1.70,0.0362,0.0824,0,0.000,0.000,0.00,0.00,0.000,0
phase1 acc_mag=9.630 gravity=9.723 motion=0.093 moving_avg=0.076 rms=0.093 mean_rms=0.098 max_rms=0.104 min_rms=0.092 std=0.002 var=0.000 state=standing thr=0.102/0.350/0.850
-7.75,25.62,6.50,0.9714,-0.2161,0.0819,-0.0554,-1.34,-4.08,8.74,-1.25,4.50,0.38,9.74,0,1.70,0.0366,0.0821,0,0.000,0.000,0.00,0.00,0.000,0
-7.69,25.75,6.56,0.9708,-0.2181,0.0822,-0.0562,-1.31,-4.13,8.73,-4.00,-2.38,2.50,9.75,0,1.70,0.0368,0.0828,0,0.000,0.000,0.00,0.00,0.000,0
-7.94,25.88,6.81,0.9706,-0.2177,0.0843,-0.0583,-1.16,-3.94,8.59,5.12,8.81,-2.12,9.52,0,1.70,0.0378,0.0825,0,0.000,0.000,0.00,0.00,0.000,0
phase1 acc_mag=9.612 gravity=9.724 motion=0.112 moving_avg=0.080 rms=0.100 mean_rms=0.098 max_rms=0.102 min_rms=0.092 std=0.002 var=0.000 state=standing thr=0.101/0.350/0.850
-8.06,25.56,7.31,0.9709,-0.2148,0.0861,-0.0624,-1.60,-4.07,8.56,8.31,10.81,1.75,9.61,0,1.70,0.0388,0.0813,0,0.000,0.000,0.00,0.00,0.000,0
-7.88,25.56,7.44,0.9708,-0.2151,0.0849,-0.0630,-1.66,-4.39,8.76,-1.12,-3.75,4.75,9.94,0,1.70,0.0384,0.0814,0,0.000,0.000,0.00,0.00,0.000,0
-7.75,25.75,7.44,0.9706,-0.2163,0.0839,-0.0634,-1.33,-4.07,8.64,-2.38,3.38,12.44,9.64,0,1.70,0.0381,0.0819,0,0.000,0.000,0.00,0.00,0.000,0
-7.81,25.62,7.31,0.9709,-0.2153,0.0844,-0.0623,-1.34,-4.11,8.65,-1.00,0.00,-0.88,9.67,0,1.70,0.0381,0.0815,0,0.000,0.000,0.00,0.00,0.000,0
phase1 acc_mag=9.512 gravity=9.721 motion=0.209 moving_avg=0.081 rms=0.103 mean_rms=0.098 max_rms=0.103 min_rms=0.092 std=0.002 var=0.000 state=slow thr=0.102/0.350/0.850
-8.19,25.44,7.06,0.9711,-0.2140,0.0868,-0.0602,-1.80,-4.19,8.69,9.06,2.50,1.88,9.81,0,1.70,0.0389,0.0810,0,0.000,0.000,0.00,0.00,0.000,0
-8.31,25.50,7.00,0.9710,-0.2144,0.0876,-0.0596,-1.54,-4.16,8.69,2.50,-0.75,-8.44,9.76,0,1.70,0.0391,0.0812,0,0.000,0.000,0.00,0.00,0.000,0
-8.25,25.88,6.75,0.9704,-0.2176,0.0873,-0.0581,-1.44,-4.20,8.64,-1.62,7.06,-7.69,9.71,0,1.70,0.0389,0.0824,0,0.000,0.000,0.00,0.00,0.000,0
-8.12,25.69,6.75,0.9708,-0.2162,0.0862,-0.0577,-1.47,-4.14,8.69,0.38,-2.88,4.62,9.74,0,1.70,0.0385,0.0820,0,0.000,0.000,0.00,0.00,0.000,0
phase1 acc_mag=9.611 gravity=9.726 motion=0.114 moving_avg=0.086 rms=0.108 mean_rms=0.099 max_rms=0.108 min_rms=0.092 std=0.004 var=0.000 state=slow thr=0.106/0.350/0.850
-8.12,25.81,6.81,0.9708,-0.2167,0.0858,-0.0571,-1.46,-4.20,8.67,6.62,-7.06,8.06,9.74,0,1.70,0.0382,0.0822,0,0.000,0.000,0.00,0.00,0.000,0
-8.00,25.69,7.12,0.9708,-0.2161,0.0854,-0.0606,-1.45,-4.11,8.74,-3.88,-4.25,-0.75,9.77,0,1.70,0.0384,0.0819,0,0.000,0.000,0.00,0.00,0.000,0
-7.88,25.44,6.94,0.9714,-0.2140,0.0840,-0.0594,-1.24,-4.08,8.66,0.12,0.62,10.19,9.65,0,1.70,0.0377,0.0811,0,0.000,0.000,0.00,0.00,0.000,0
phase1 acc_mag=9.828 gravity=9.721 motion=0.106 moving_avg=0.090 rms=0.113 mean_rms=0.101 max_rms=0.113 min_rms=0.092 std=0.005 var=0.000 state=slow thr=0.110/0.350/0.850
-7.88,25.62,7.19,0.9709,-0.2158,0.0844,-0.0610,-1.54,-4.18,8.76,3.50,-1.38,-3.62,9.83,0,1.70,0.0380,0.0818,0,0.000,0.000,0.00,0.00,0.000,0
-7.94,25.75,6.81,0.9709,-0.2167,0.0844,-0.0580,-1.42,-4.16,8.71,8.44,-6.88,3.62,9.76,0,1.70,0.0378,0.0822,0,0.000,0.000,0.00,0.00,0.000,0
-7.94,25.50,6.88,0.9713,-0.2146,0.0841,-0.0587,-1.52,-4.17,8.75,0.00,-5.00,-4.75,9.81,0,1.70,0.0377,0.0814,0,0.000,0.000,0.00,0.00,0.000,0
-7.81,25.81,7.19,0.9707,-0.2169,0.0839,-0.0602,-1.81,-4.78,8.85,2.62,-0.62,9.56,10.22,0,1.70,0.0378,0.0822,0,0.000,0.000,0.00,0.00,0.000,0
phase1 acc_mag=9.848 gravity=9.729 motion=0.119 moving_avg=0.095 rms=0.124 mean_rms=0.105 max_rms=0.124 min_rms=0.095 std=0.006 var=0.000 state=slow thr=0.118/0.350/0.850
-7.75,25.75,6.94,0.9708,-0.2171,0.0830,-0.0589,-1.35,-4.12,8.61,6.12,2.50,15.62,9.64,0,1.70,0.0373,0.0824,0,0.000,0.000,0.00,0.00,0.000,0
-8.12,25.88,6.62,0.9706,-0.2179,0.0855,-0.0566,-1.43,-4.12,8.68,-1.00,8.06,0.62,9.71,0,1.70,0.0381,0.0827,0,0.000,0.000,0.00,0.00,0.000,0
-8.12,25.81,6.81,0.9706,-0.2167,0.0864,-0.0582,-1.47,-4.30,8.71,5.62,2.25,1.88,9.82,0,1.70,0.0386,0.0821,0,0.000,0.000,0.00,0.00,0.000,0
-8.19,25.94,6.81,0.9703,-0.2180,0.0867,-0.0582,-1.42,-4.03,8.66,-1.88,-2.25,-0.12,9.66,0,1.70,0.0387,0.0826,0,0.000,0.000,0.00,0.00,0.000,0
phase1 acc_mag=9.763 gravity=9.724 motion=0.039 moving_avg=0.089 rms=0.116 mean_rms=0.110 max_rms=0.124 min_rms=0.099 std=0.007 var=0.000 state=standing thr=0.124/0.350/0.850
-8.12,25.88,6.75,0.9705,-0.2177,0.0859,-0.0576,-1.45,-4.14,8.69,-7.44,-6.12,-5.25,9.73,0,1.70,0.0384,0.0825,0,0.000,0.000,0.00,0.00,0.000,0
-8.06,25.88,6.81,0.9704,-0.2178,0.0861,-0.0591,-1.58,-4.21,8.72,2.75,-6.00,-1.25,9.81,0,1.70,0.0386,0.0825,0,0.000,0.000,0.00,0.00,0.000,0
-8.00,26.00,6.75,0.9703,-0.2189,0.0850,-0.0576,-1.42,-3.99,8.57,6.75,-0.75,5.62,9.56,0,1.70,0.0380,0.0830,0,0.000,0.000,0.00,0.00,0.000,0
phase1 acc_mag=9.721 gravity=9.727 motion=0.006 moving_avg=0.085 rms=0.111 mean_rms=0.112 max_rms=0.124 min_rms=0.101 std=0.006 var=0.000 state=standing thr=0.124/0.350/0.850
-7.94,25.81,6.75,0.9707,-0.2175,0.0846,-0.0577,-1.42,-4.16,8.67,-7.19,4.00,-5.00,9.72,0,1.70,0.0379,0.0825,0,0.000,0.000,0.00,0.00,0.000,0
-8.06,25.75,6.44,0.9709,-0.2172,0.0845,-0.0547,-1.27,-4.02,8.64,0.38,-3.62,10.06,9.61,0,1.70,0.0376,0.0825,0,0.000,0.000,0.00,0.00,0.000,0
-8.00,25.94,6.38,0.9706,-0.2188,0.0842,-0.0541,-1.45,-4.31,8.73,-11.19,-9.69,5.12,9.84,0,1.70,0.0374,0.0831,0,0.000,0.000,0.00,0.00,0.000,0
-8.06,26.12,6.12,0.9703,-0.2203,0.0844,-0.0522,-1.40,-4.20,8.66,-5.75,-2.38,6.88,9.73,0,1.70,0.0374,0.0838,0,0.000,0.000,0.00,0.00,0.000,0
phase1 acc_mag=9.872 gravity=9.725 motion=0.147 moving_avg=0.081 rms=0.108 mean_rms=0.113 max_rms=0.124 min_rms=0.101 std=0.005 var=0.000 state=standing thr=0.123/0.350/0.850
-8.12,25.94,6.12,0.9708,-0.2184,0.0847,-0.0526,-1.42,-4.19,8.67,3.88,0.25,-6.75,9.73,0,1.70,0.0375,0.0830,0,0.000,0.000,0.00,0.00,0.000,0
-8.25,26.06,6.25,0.9703,-0.2194,0.0863,-0.0533,-1.42,-4.23,8.66,-3.50,4.25,-3.25,9.74,0,1.70,0.0382,0.0833,0,0.000,0.000,0.00,0.00,0.000,0
-8.25,25.94,6.19,0.9706,-0.2183,0.0859,-0.0527,-1.19,-3.97,8.58,1.75,5.25,-5.12,9.53,0,1.70,0.0380,0.0829,0,0.000,0.000,0.00,0.00,0.000,0
-8.25,26.06,6.19,0.9704,-0.2194,0.0860,-0.0526,-1.47,-4.24,8.75,-4.88,1.88,-9.06,9.83,0,1.70,0.0380,0.0834,0,0.000,0.000,0.00,0.00,0.000,0
phase1 acc_mag=9.870 gravity=9.732 motion=0.137 moving_avg=0.078 rms=0.103 mean_rms=0.112 max_rms=0.124 min_rms=0.099 std=0.006 var=0.000 state=standing thr=0.124/0.350/0.850
-8.25,26.12,6.12,0.9703,-0.2203,0.0855,-0.0522,-1.33,-4.11,8.63,-2.50,-6.75,-5.62,9.65,0,1.70,0.0378,0.0837,0,0.000,0.000,0.00,0.00,0.000,0
-8.31,26.00,6.31,0.9703,-0.2191,0.0870,-0.0537,-1.41,-4.16,8.63,6.38,3.75,7.44,9.68,0,1.70,0.0385,0.0832,0,0.000,0.000,0.00,0.00,0.000,0
-8.38,26.12,6.38,0.9702,-0.2197,0.0873,-0.0533,-1.51,-4.25,8.65,-3.00,-1.25,1.00,9.76,0,1.70,0.0386,0.0834,0,0.000,0.000,0.00,0.00,0.000,0
phase1 acc_mag=9.566 gravity=9.725 motion=0.159 moving_avg=0.078 rms=0.094 mean_rms=0.108 max_rms=0.121 min_rms=0.092 std=0.007 var=0.000 state=standing thr=0.123/0.350/0.850
-8.50,26.12,5.62,0.9703,-0.2205,0.0876,-0.0481,-1.25,-4.02,8.59,-5.75,-1.62,8.06,9.57,0,1.70,0.0383,0.0839,0,0.000,0.000,0.00,0.00,0.000,0
-8.44,26.12,5.88,0.9702,-0.2203,0.0871,-0.0499,-1.55,-4.65,8.82,4.50,-7.06,6.00,10.09,0,1.70,0.0382,0.0838,0,0.000,0.000,0.00,0.00,0.000,0
-8.44,26.19,6.00,0.9700,-0.2208,0.0878,-0.0513,-1.36,-4.04,8.57,0.88,-0.38,-6.38,9.57,0,1.70,0.0386,0.0839,0,0.000,0.000,0.00,0.00,0.000,0
-8.50,26.31,6.12,0.9698,-0.2213,0.0884,-0.0524,-1.34,-4.08,8.62,0.88,-0.88,-4.62,9.63,0,1.70,0.0389,0.0840,0,0.000,0.000,0.00,0.00,0.000,0
phase1 acc_mag=9.701 gravity=9.728 motion=0.027 moving_avg=0.089 rms=0.110 mean_rms=0.106 max_rms=0.114 min_rms=0.092 std=0.006 var=0.000 state=standing thr=0.117/0.350/0.850
-8.38,26.31,6.25,0.9697,-0.2217,0.0875,-0.0533,-1.27,-4.20,8.68,0.50,-4.25,1.12,9.73,0,1.70,0.0387,0.0841,0,0.000,0.000,0.00,0.00,0.000,0
-8.44,26.44,6.31,0.9694,-0.2227,0.0885,-0.0536,-1.52,-4.23,8.65,3.12,0.38,-1.50,9.75,0,1.70,0.0391,0.0845,0,0.000,0.000,0.00,0.00,0.000,0
-8.44,26.25,6.38,0.9697,-0.2209,0.0886,-0.0540,-1.43,-4.07,8.61,-0.62,0.75,6.25,9.63,0,1.70,0.0391,0.0838,0,0.000,0.000,0.00,0.00,0.000,0
-8.62,26.06,6.12,0.9701,-0.2199,0.0887,-0.0518,-1.39,-4.16,8.64,-4.75,-4.50,-0.50,9.69,0,1.70,0.0390,0.0835,0,0.000,0.000,0.00,0.00,0.000,0
phase1 acc_mag=9.562 gravity=9.719 motion=0.157 moving_avg=0.090 rms=0.112 mean_rms=0.106 max_rms=0.112 min_rms=0.092 std=0.005 var=0.000 state=standing thr=0.116/0.350/0.850
-8.56,26.25,6.31,0.9697,-0.2209,0.0895,-0.0537,-1.32,-4.15,8.59,-2.62,2.88,1.88,9.63,0,1.70,0.0395,0.0838,0,0.000,0.000,0.00,0.00,0.000,0
-8.69,26.50,6.31,0.9691,-0.2228,0.0907,-0.0535,-1.50,-4.14,8.64,-4.62,2.75,5.12,9.70,0,1.70,0.0399,0.0844,0,0.000,0.000,0.00,0.00,0.000,0
-8.81,26.50,6.12,0.9691,-0.2234,0.0912,-0.0517,-1.47,-4.12,8.72,-9.56,-3.38,5.62,9.76,0,1.70,0.0400,0.0847,0,0.000,0.000,0.00,0.00,0.000,0
-8.94,26.81,6.25,0.9683,-0.2260,0.0922,-0.0541,-1.59,-4.37,8.71,-6.38,-1.50,-15.12,9.87,0,1.70,0.0406,0.0855,0,0.000,0.000,0.00,0.00,0.000,0
phase1 acc_mag=9.776 gravity=9.724 motion=0.052 moving_avg=0.090 rms=0.111 mean_rms=0.106 max_rms=0.112 min_rms=0.092 std=0.005 var=0.000 state=standing thr=0.117/0.350/0.850
-8.81,26.81,6.31,0.9684,-0.2254,0.0917,-0.0538,-1.57,-4.48,8.72,-0.75,3.12,3.88,9.93,0,1.70,0.0404,0.0853,0,0.000,0.000,0.00,0.00,0.000,0
-8.88,26.81,6.25,0.9684,-0.2253,0.0920,-0.0532,-1.44,-4.02,8.52,-2.12,-2.00,-1.00,9.53,0,1.70,0.0404,0.0853,0,0.000,0.000,0.00,0.00,0.000,0
-8.75,26.81,6.12,0.9686,-0.2255,0.0908,-0.0519,-1.41,-4.23,8.65,0.38,-4.75,-3.50,9.73,0,1.70,0.0398,0.0855,0,0.000,0.000,0.00,0.00,0.000,0
-8.62,27.06,6.06,0.9682,-0.2278,0.0898,-0.0514,-1.31,-4.50,8.61,-4.25,4.12,-1.50,9.80,0,1.70,0.0395,0.0864,0,0.000,0.000,0.00,0.00,0.000,0
phase1 acc_mag=9.781 gravity=9.723 motion=0.059 moving_avg=0.089 rms=0.110 mean_rms=0.108 max_rms=0.114 min_rms=0.092 std=0.006 var=0.000 state=standing thr=0.119/0.350/0.850
-8.81,27.12,6.31,0.9680,-0.2274,0.0919,-0.0546,-1.49,-4.39,8.60,10.06,3.00,-9.06,9.77,0,1.70,0.0406,0.0860,0,0.000,0.000,0.00,0.00,0.000,0
-8.88,27.12,6.38,0.9677,-0.2279,0.0928,-0.0544,-1.54,-4.34,8.63,-1.88,-1.12,2.38,9.78,0,1.70,0.0409,0.0862,0,0.000,0.000,0.00,0.00,0.000,0
-8.69,27.12,6.56,0.9679,-0.2277,0.0915,-0.0551,-1.48,-4.34,8.60,-9.44,-5.00,11.69,9.75,0,1.70,0.0404,0.0861,0,0.000,0.000,0.00,0.00,0.000,0
phase1 acc_mag=9.810 gravity=9.726 motion=0.083 moving_avg=0.082 rms=0.102 mean_rms=0.110 max_rms=0.114 min_rms=0.102 std=0.002 var=0.000 state=standing thr=0.114/0.350/0.850
-8.69,27.19,6.38,0.9678,-0.2286,0.0909,-0.0540,-1.49,-4.42,8.63,0.88,2.88,14.00,9.81,0,1.70,0.0401,0.0865,0,0.000,0.000,0.00,0.00,0.000,0
-8.75,27.06,6.25,0.9680,-0.2277,0.0911,-0.0532,-1.51,-4.23,8.74,-3.12,5.00,10.31,9.83,0,1.70,0.0401,0.0862,0,0.000,0.000,0.00,0.00,0.000,0
-8.56,26.94,6.38,0.9683,-0.2266,0.0898,-0.0544,-1.49,-4.29,8.56,4.62,-2.12,-10.31,9.69,0,1.70,0.0397,0.0858,0,0.000,0.000,0.00,0.00,0.000,0
-8.25,26.75,6.62,0.9689,-0.2242,0.0880,-0.0560,-1.48,-4.34,8.65,7.69,3.50,3.62,9.79,0,1.70,0.0391,0.0849,0,0.000,0.000,0.00,0.00,0.000,0
phase1 acc_mag=9.781 gravity=9.737 motion=0.044 moving_avg=0.070 rms=0.085 mean_rms=0.106 max_rms=0.114 min_rms=0.085 std=0.008 var=0.000 state=standing thr=0.122/0.350/0.850
-8.44,26.75,6.62,0.9686,-0.2251,0.0892,-0.0562,-1.47,-4.28,8.68,-10.19,1.88,-5.62,9.79,0,1.70,0.0396,0.0852,0,0.000,0.000,0.00,0.00,0.000,0
-8.44,26.81,6.56,0.9686,-0.2253,0.0888,-0.0560,-1.32,-4.16,8.53,2.25,4.25,1.25,9.58,0,1.70,0.0395,0.0853,0,0.000,0.000,0.00,0.00,0.000,0
-8.25,26.81,6.81,0.9687,-0.2252,0.0875,-0.0577,-1.41,-4.15,8.57,4.50,-4.38,-0.62,9.63,0,1.70,0.0391,0.0852,0,0.000,0.000,0.00,0.00,0.000,0
-8.44,26.81,6.81,0.9686,-0.2247,0.0897,-0.0579,-1.64,-4.45,8.73,7.56,1.62,-0.88,9.94,0,1.70,0.0399,0.0850,0,0.000,0.000,0.00,0.00,0.000,0
phase1 acc_mag=9.968 gravity=9.740 motion=0.228 moving_avg=0.081 rms=0.099 mean_rms=0.102 max_rms=0.114 min_rms=0.085 std=0.009 var=0.000 state=standing thr=0.121/0.350/0.850
-8.38,26.62,6.75,0.9689,-0.2236,0.0887,-0.0572,-1.55,-4.25,8.61,7.19,-2.00,7.94,9.73,0,1.70,0.0395,0.0846,0,0.000,0.000,0.00,0.00,0.000,0
-8.44,26.44,6.44,0.9693,-0.2228,0.0887,-0.0545,-1.43,-4.06,8.64,-9.56,0.12,5.50,9.65,0,1.70,0.0392,0.0845,0,0.000,0.000,0.00,0.00,0.000,0
-8.44,26.50,6.62,0.9691,-0.2230,0.0891,-0.0562,-1.55,-4.35,8.70,6.12,-1.88,-1.88,9.85,0,1.70,0.0395,0.0845,0,0.000,0.000,0.00,0.00,0.000,0
-8.44,26.62,6.38,0.9691,-0.2240,0.0886,-0.0541,-1.45,-4.10,8.61,-4.75,1.25,2.25,9.65,0,1.70,0.0392,0.0849,0,0.000,0.000,0.00,0.00,0.000,0
phase1 acc_mag=9.767 gravity=9.731 motion=0.036 moving_avg=0.084 rms=0.101 mean_rms=0.101 max_rms=0.113 min_rms=0.085 std=0.008 var=0.000 state=standing thr=0.117/0.350/0.850
-8.62,26.56,6.12,0.9692,-0.2235,0.0894,-0.0508,-1.48,-4.04,8.59,-0.38,-4.50,11.81,9.61,0,1.70,0.0392,0.0848,0,0.000,0.000,0.00,0.00,0.000,0
-8.94,26.62,5.88,0.9690,-0.2238,0.0918,-0.0500,-1.37,-4.14,8.64,-1.38,-2.38,9.56,9.68,0,1.70,0.0401,0.0849,0,0.000,0.000,0.00,0.00,0.000,0
-9.00,26.62,5.56,0.9690,-0.2244,0.0923,-0.0471,-1.66,-4.32,8.78,-3.25,3.62,5.75,9.93,0,1.70,0.0400,0.0852,0,0.000,0.000,0.00,0.00,0.000,0
-9.06,26.69,5.31,0.9690,-0.2247,0.0919,-0.0452,-1.48,-4.18,8.63,3.38,4.88,-2.00,9.70,0,1.70,0.0397,0.0854,0,0.000,0.000,0.00,0.00,0.000,0
phase1 acc_mag=9.641 gravity=9.730 motion=0.090 moving_avg=0.086 rms=0.106 mean_rms=0.099 max_rms=0.110 min_rms=0.085 std=0.007 var=0.000 state=standing thr=0.112/0.350/0.850
-8.94,26.38,5.44,0.9696,-0.2224,0.0912,-0.0462,-1.48,-4.15,8.72,4.00,0.88,-5.00,9.77,0,1.70,0.0395,0.0846,0,0.000,0.000,0.00,0.00,0.000,0
-9.00,26.50,5.50,0.9694,-0.2230,0.0917,-0.0468,-1.68,-4.40,8.66,-1.50,2.38,-1.88,9.86,0,1.70,0.0397,0.0848,0,0.000,0.000,0.00,0.00,0.000,0
-8.88,26.31,5.19,0.9698,-0.2220,0.0899,-0.0447,-1.36,-4.07,8.63,-2.75,1.12,-8.19,9.64,0,1.70,0.0388,0.0845,0,0.000,0.000,0.00,0.00,0.000,0
phase1 acc_mag=9.643 gravity=9.727 motion=0.084 moving_avg=0.086 rms=0.106 mean_rms=0.099 max_rms=0.107 min_rms=0.085 std=0.006 var=0.000 state=standing thr=0.112/0.350/0.850
-9.06,26.38,5.12,0.9696,-0.2225,0.0916,-0.0438,-1.51,-4.05,8.62,-2.12,0.88,3.50,9.64,0,1.70,0.0394,0.0847,0,0.000,0.000,0.00,0.00,0.000,0
-9.19,26.50,5.00,0.9694,-0.2236,0.0922,-0.0426,-1.58,-4.24,8.74,7.31,3.38,-4.62,9.84,0,1.70,0.0396,0.0851,0,0.000,0.000,0.00,0.00,0.000,0
-9.06,26.56,4.88,0.9694,-0.2239,0.0911,-0.0417,-1.42,-4.12,8.63,-5.25,-9.44,1.50,9.67,0,1.70,0.0391,0.0853,0,0.000,0.000,0.00,0.00,0.000,0
-8.94,26.56,5.38,0.9692,-0.2239,0.0910,-0.0458,-1.40,-4.23,8.70,-3.50,-2.75,5.62,9.77,0,1.70,0.0394,0.0852,0,0.000,0.000,0.00,0.00,0.000,0
phase1 acc_mag=9.670 gravity=9.719 motion=0.049 moving_avg=0.081 rms=0.101 mean_rms=0.102 max_rms=0.107 min_rms=0.092 std=0.004 var=0.000 state=standing thr=0.111/0.350/0.850
-8.94,26.81,5.62,0.9688,-0.2255,0.0919,-0.0477,-1.82,-4.59,8.71,-1.25,3.50,-1.88,10.01,0,1.70,0.0399,0.0856,0,0.000,0.000,0.00,0.00,0.000,0
-9.00,26.75,5.31,0.9689,-0.2249,0.0922,-0.0450,-1.09,-3.39,8.23,1.50,6.25,6.75,8.97,0,1.70,0.0398,0.0855,0,0.000,0.000,0.00,0.00,0.000,0
-8.88,26.69,5.62,0.9690,-0.2247,0.0912,-0.0478,-1.45,-4.08,8.66,7.94,0.25,-6.50,9.68,0,1.70,0.0396,0.0854,0,0.000,0.000,0.00,0.00,0.000,0
-8.88,26.81,5.75,0.9687,-0.2258,0.0911,-0.0490,-1.59,-4.14,8.63,-3.62,-0.25,-5.25,9.70,0,1.70,0.0397,0.0857,0,0.000,0.000,0.00,0.00,0.000,0
phase1 acc_mag=9.789 gravity=9.722 motion=0.067 moving_avg=0.087 rms=0.125 mean_rms=0.108 max_rms=0.131 min_rms=0.099 std=0.008 var=0.000 state=slow thr=0.124/0.350/0.850
-8.75,26.69,5.81,0.9688,-0.2255,0.0902,-0.0499,-1.37,-4.01,8.59,-8.31,1.75,-5.38,9.58,0,1.70,0.0395,0.0856,0,0.000,0.000,0.00,0.00,0.000,0
-8.62,26.94,5.88,0.9686,-0.2266,0.0894,-0.0499,-1.51,-4.24,8.65,-4.88,1.38,-4.88,9.75,0,1.70,0.0391,0.0860,0,0.000,0.000,0.00,0.00,0.000,0
-8.56,26.75,5.56,0.9691,-0.2258,0.0881,-0.0476,-1.44,-4.02,8.60,-5.75,0.50,14.00,9.60,0,1.70,0.0384,0.0858,0,0.000,0.000,0.00,0.00,0.000,0
-8.44,26.50,5.69,0.9695,-0.2238,0.0872,-0.0476,-1.46,-4.03,8.67,-5.00,-2.38,11.56,9.67,0,1.70,0.0381,0.0851,0,0.000,0.000,0.00,0.00,0.000,0
phase1 acc_mag=9.622 gravity=9.721 motion=0.099 moving_avg=0.079 rms=0.117 mean_rms=0.112 max_rms=0.131 min_rms=0.099 std=0.010 var=0.000 state=standing thr=0.131/0.350/0.850
-8.50,26.81,5.50,0.9690,-0.2264,0.0874,-0.0468,-1.40,-4.26,8.64,-17.00,6.25,3.88,9.73,0,1.70,0.0381,0.0861,0,0.000,0.000,0.00,0.00,0.000,0
-8.56,27.00,5.75,0.9684,-0.2279,0.0882,-0.0488,-1.46,-4.29,8.59,-2.88,-8.69,1.38,9.71,0,1.70,0.0386,0.0866,0,0.000,0.000,0.00,0.00,0.000,0
-8.69,27.00,5.81,0.9684,-0.2271,0.0896,-0.0494,-1.71,-4.51,8.70,7.31,4.75,-3.88,9.95,0,1.70,0.0392,0.0862,0,0.000,0.000,0.00,0.00,0.000,0
-8.56,26.69,5.69,0.9690,-0.2256,0.0887,-0.0482,-1.37,-4.14,8.64,-7.81,-0.50,4.00,9.68,0,1.70,0.0387,0.0858,0,0.000,0.000,0.00,0.00,0.000,0
phase1 acc_mag=9.930 gravity=9.726 motion=0.204 moving_avg=0.081 rms=0.121 mean_rms=0.114 max_rms=0.131 min_rms=0.099 std=0.009 var=0.000 state=standing thr=0.132/0.350/0.850
-8.44,26.69,5.56,0.9692,-0.2251,0.0873,-0.0476,-1.41,-4.25,8.79,1.00,1.88,11.19,9.86,0,1.70,0.0381,0.0856,0,0.000,0.000,0.00,0.00,0.000,0
-8.31,26.56,5.88,0.9694,-0.2242,0.0863,-0.0507,-1.29,-4.20,8.57,-1.00,-0.38,-6.25,9.63,0,1.70,0.0380,0.0852,0,0.000,0.000,0.00,0.00,0.000,0
-8.25,26.38,6.12,0.9697,-0.2223,0.0861,-0.0524,-1.46,-4.25,8.72,5.75,-6.12,-1.88,9.81,0,1.70,0.0381,0.0844,0,0.000,0.000,0.00,0.00,0.000,0
-8.31,26.50,6.25,0.9694,-0.2234,0.0867,-0.0535,-1.38,-4.08,8.65,-0.25,3.00,-2.88,9.66,0,1.70,0.0384,0.0848,0,0.000,0.000,0.00,0.00,0.000,0
phase1 acc_mag=9.658 gravity=9.722 motion=0.063 moving_avg=0.085 rms=0.124 mean_rms=0.118 max_rms=0.131 min_rms=0.099 std=0.008 var=0.000 state=standing thr=0.134/0.350/0.850
-8.25,26.56,6.19,0.9694,-0.2238,0.0864,-0.0525,-1.51,-4.26,8.61,-1.62,-8.19,9.06,9.72,0,1.70,0.0382,0.0850,0,0.000,0.000,0.00,0.00,0.000,0
-8.25,26.94,6.06,0.9684,-0.2283,0.0867,-0.0513,-1.45,-4.34,8.77,-13.19,0.38,0.88,9.89,0,1.70,0.0383,0.0866,0,0.000,0.000,0.00,0.00,0.000,0
-8.25,26.75,6.25,0.9690,-0.2253,0.0865,-0.0533,-1.37,-4.07,8.60,1.75,-0.62,2.38,9.61,0,1.70,0.0383,0.0855,0,0.000,0.000,0.00,0.00,0.000,0
-7.94,26.62,6.12,0.9695,-0.2245,0.0835,-0.0524,-1.31,-4.15,8.67,-2.12,2.00,-12.81,9.70,0,1.70,0.0371,0.0853,0,0.000,0.000,0.00,0.00,0.000,0
phase1 acc_mag=9.699 gravity=9.721 motion=0.022 moving_avg=0.085 rms=0.125 mean_rms=0.123 max_rms=0.131 min_rms=0.114 std=0.004 var=0.000 state=standing thr=0.131/0.350/0.850
-8.00,26.50,6.25,0.9696,-0.2236,0.0844,-0.0529,-1.43,-4.28,8.76,3.38,1.00,2.62,9.85,0,1.70,0.0375,0.0849,0,0.000,0.000,0.00,0.00,0.000,0
-7.81,26.31,6.25,0.9700,-0.2221,0.0824,-0.0533,-1.35,-4.08,8.57,3.88,1.12,-1.00,9.59,0,1.70,0.0367,0.0844,0,0.000,0.000,0.00,0.00,0.000,0
-7.81,26.06,6.44,0.9706,-0.2194,0.0824,-0.0545,-1.49,-4.21,8.74,3.38,-4.75,2.75,9.81,0,1.70,0.0368,0.0834,0,0.000,0.000,0.00,0.00,0.000,0
-7.75,25.88,6.38,0.9709,-0.2184,0.0817,-0.0543,-1.38,-4.06,8.65,0.62,-9.19,-0.50,9.65,0,1.70,0.0365,0.0831,0,0.000,0.000,0.00,0.00,0.000,0
phase1 acc_mag=9.641 gravity=9.721 motion=0.080 moving_avg=0.083 rms=0.105 mean_rms=0.117 max_rms=0.130 min_rms=0.096 std=0.010 var=0.000 state=standing thr=0.137/0.350/0.850
-7.69,25.94,6.50,0.9708,-0.2187,0.0817,-0.0556,-1.36,-4.10,8.65,-9.06,-3.25,4.25,9.67,0,1.70,0.0366,0.0831,0,0.000,0.000,0.00,0.00,0.000,0
-7.88,25.94,6.44,0.9707,-0.2186,0.0831,-0.0551,-1.51,-4.40,8.69,2.50,3.75,9.94,9.86,0,1.70,0.0371,0.0831,0,0.000,0.000,0.00,0.00,0.000,0
-8.00,25.81,6.44,0.9709,-0.2176,0.0840,-0.0548,-1.39,-4.16,8.61,-2.88,4.88,-0.12,9.66,0,1.70,0.0374,0.0827,0,0.000,0.000,0.00,0.00,0.000,0
-8.12,26.06,6.44,0.9702,-0.2198,0.0856,-0.0552,-1.47,-4.18,8.60,-5.88,3.50,3.75,9.67,0,1.70,0.0381,0.0834,0,0.000,0.000,0.00,0.00,0.000,0
phase1 acc_mag=9.600 gravity=9.716 motion=0.116 moving_avg=0.088 rms=0.109 mean_rms=0.114 max_rms=0.130 min_rms=0.096 std=0.011 var=0.000 state=standing thr=0.136/0.350/0.850
-8.19,26.19,6.50,0.9700,-0.2204,0.0861,-0.0554,-1.57,-4.12,8.62,-2.62,2.38,9.44,9.68,0,1.70,0.0383,0.0836,0,0.000,0.000,0.00,0.00,0.000,0
-7.75,26.06,6.69,0.9704,-0.2195,0.0828,-0.0569,-1.45,-4.40,8.74,3.62,-7.81,4.50,9.89,0,1.70,0.0371,0.0833,0,0.000,0.000,0.00,0.00,0.000,0
-7.38,26.06,6.75,0.9704,-0.2205,0.0798,-0.0580,-1.16,-4.21,8.63,-8.31,3.50,-5.75,9.67,0,1.70,0.0361,0.0837,0,0.000,0.000,0.00,0.00,0.000,0
-8.00,26.38,6.94,0.9695,-0.2219,0.0853,-0.0588,-1.50,-3.90,8.42,-3.38,12.31,-9.44,9.40,0,1.70,0.0383,0.0840,0,0.000,0.000,0.00,0.00,0.000,0
phase1 acc_mag=9.608 gravity=9.702 motion=0.095 moving_avg=0.097 rms=0.121 mean_rms=0.114 max_rms=0.130 min_rms=0.096 std=0.010 var=0.000 state=standing thr=0.135/0.350/0.850
-8.31,27.25,7.25,0.9672,-0.2298,0.0897,-0.0617,-1.52,-4.32,8.77,-12.69,3.75,-4.50,9.89,0,1.70,0.0404,0.0867,0,0.000,0.000,0.00,0.00,0.000,0
-8.12,27.56,7.25,0.9669,-0.2315,0.0883,-0.0616,-1.81,-4.61,8.74,0.75,-4.50,6.12,10.05,0,1.70,0.0398,0.0874,0,0.000,0.000,0.00,0.00,0.000,0
-8.06,27.88,7.06,0.9663,-0.2349,0.0867,-0.0596,-1.46,-4.56,8.51,-8.31,-2.88,-3.75,9.76,0,1.70,0.0391,0.0887,0,0.000,0.000,0.00,0.00,0.000,0
phase1 acc_mag=9.605 gravity=9.721 motion=0.116 moving_avg=0.107 rms=0.133 mean_rms=0.115 max_rms=0.135 min_rms=0.096 std=0.012 var=0.000 state=standing thr=0.139/0.350/0.850
-8.06,27.75,7.38,0.9665,-0.2328,0.0882,-0.0627,-1.36,-4.22,8.52,1.75,7.69,-2.38,9.60,0,1.70,0.0399,0.0878,0,0.000,0.000,0.00,0.00,0.000,0
-8.19,27.69,7.44,0.9666,-0.2322,0.0892,-0.0629,-1.64,-4.29,8.54,-6.00,-10.56,5.62,9.70,0,1.70,0.0403,0.0875,0,0.000,0.000,0.00,0.00,0.000,0
-7.94,27.81,7.31,0.9665,-0.2336,0.0865,-0.0621,-1.39,-4.26,8.43,-4.88,-0.38,-14.12,9.55,0,1.70,0.0392,0.0882,0,0.000,0.000,0.00,0.00,0.000,0
-7.75,27.94,7.00,0.9666,-0.2346,0.0845,-0.0605,-1.39,-4.38,8.53,6.88,0.25,-12.94,9.69,0,1.70,0.0383,0.0886,0,0.000,0.000,0.00,0.00,0.000,0
phase1 acc_mag=9.681 gravity=9.718 motion=0.038 moving_avg=0.109 rms=0.133 mean_rms=0.117 max_rms=0.135 min_rms=0.097 std=0.012 var=0.000 state=standing thr=0.142/0.350/0.850
-7.44,27.56,7.19,0.9673,-0.2321,0.0821,-0.0611,-1.58,-4.60,8.66,6.00,-0.25,-5.12,9.93,0,1.70,0.0374,0.0878,0,0.000,0.000,0.00,0.00,0.000,0
-7.69,27.44,7.38,0.9673,-0.2310,0.0843,-0.0628,-1.46,-4.36,8.53,6.25,3.00,-11.31,9.69,0,1.70,0.0384,0.0873,0,0.000,0.000,0.00,0.00,0.000,0
-7.62,27.31,7.62,0.9674,-0.2295,0.0845,-0.0656,-1.40,-4.17,8.51,0.38,3.00,-10.31,9.58,0,1.70,0.0387,0.0866,0,0.000,0.000,0.00,0.00,0.000,0
-7.81,27.31,7.62,0.9673,-0.2297,0.0860,-0.0649,-1.41,-4.31,8.55,5.88,1.25,0.50,9.68,0,1.70,0.0392,0.0866,0,0.000,0.000,0.00,0.00,0.000,0
phase1 acc_mag=9.714 gravity=9.731 motion=0.017 moving_avg=0.108 rms=0.133 mean_rms=0.124 max_rms=0.135 min_rms=0.106 std=0.010 var=0.000 state=standing thr=0.144/0.350/0.850
-8.06,27.19,7.88,0.9673,-0.2280,0.0885,-0.0670,-1.40,-4.39,8.50,2.62,5.00,0.25,9.67,0,1.70,0.0404,0.0858,0,0.000,0.000,0.00,0.00,0.000,0
-8.38,26.69,7.88,0.9682,-0.2231,0.0911,-0.0670,-1.47,-4.20,8.61,7.06,6.38,7.56,9.69,0,1.70,0.0412,0.0840,0,0.000,0.000,0.00,0.00,0.000,0
-8.56,26.50,8.12,0.9683,-0.2216,0.0930,-0.0689,-1.44,-4.20,8.65,-1.50,1.12,-5.62,9.72,0,1.70,0.0421,0.0832,0,0.000,0.000,0.00,0.00,0.000,0
phase1 acc_mag=9.715 gravity=9.727 motion=0.012 moving_avg=0.096 rms=0.123 mean_rms=0.129 max_rms=0.135 min_rms=0.112 std=0.006 var=0.000 state=standing thr=0.141/0.350/0.850
-8.56,26.75,8.12,0.9678,-0.2234,0.0930,-0.0693,-1.48,-4.31,8.58,-3.38,-3.00,0.50,9.72,0,1.70,0.0422,0.0839,0,0.000,0.000,0.00,0.00,0.000,0
-8.44,26.75,8.06,0.9679,-0.2237,0.0921,-0.0686,-1.36,-4.18,8.62,-1.38,-6.38,-2.75,9.68,0,1.70,0.0418,0.0841,0,0.000,0.000,0.00,0.00,0.000,0
-8.19,26.69,8.19,0.9682,-0.2232,0.0898,-0.0689,-1.47,-4.31,8.58,2.50,-4.88,6.62,9.71,0,1.70,0.0409,0.0840,0,0.000,0.000,0.00,0.00,0.000,0
-8.06,26.88,8.44,0.9677,-0.2249,0.0894,-0.0716,-1.56,-4.40,8.63,0.38,2.38,-1.25,9.81,0,1.70,0.0410,0.0845,0,0.000,0.000,0.00,0.00,0.000,0
phase1 acc_mag=9.684 gravity=9.744 motion=0.060 moving_avg=0.087 rms=0.111 mean_rms=0.129 max_rms=0.135 min_rms=0.111 std=0.006 var=0.000 state=standing thr=0.140/0.350/0.850
-8.06,26.62,8.31,0.9682,-0.2228,0.0887,-0.0708,-1.34,-4.17,8.51,2.50,-0.62,-0.88,9.57,0,1.70,0.0407,0.0838,0,0.000,0.000,0.00,0.00,0.000,0
-8.19,26.75,8.50,0.9678,-0.2236,0.0906,-0.0724,-1.78,-4.37,8.56,-2.12,0.12,3.38,9.77,0,1.70,0.0416,0.0839,0,0.000,0.000,0.00,0.00,0.000,0
-8.06,26.56,8.50,0.9681,-0.2224,0.0896,-0.0724,-1.44,-4.31,8.65,6.00,-5.50,-1.25,9.77,0,1.70,0.0411,0.0835,0,0.000,0.000,0.00,0.00,0.000,0
-8.12,26.44,8.38,0.9686,-0.2210,0.0894,-0.0712,-1.58,-4.19,8.59,-6.38,-5.12,-1.00,9.69,0,1.70,0.0409,0.0831,0,0.000,0.000,0.00,0.00,0.000,0
phase1 acc_mag=9.663 gravity=9.737 motion=0.074 moving_avg=0.080 rms=0.102 mean_rms=0.123 max_rms=0.134 min_rms=0.101 std=0.012 var=0.000 state=standing thr=0.146/0.350/0.850
-8.06,27.00,8.62,0.9673,-0.2257,0.0899,-0.0734,-1.64,-4.24,8.54,-14.12,3.38,-4.50,9.67,0,1.70,0.0414,0.0847,0,0.000,0.000,0.00,0.00,0.000,0
-7.81,27.56,8.75,0.9663,-0.2299,0.0883,-0.0745,-1.40,-4.54,8.74,-2.50,2.00,-5.12,9.95,0,1.70,0.0410,0.0862,0,0.000,0.000,0.00,0.00,0.000,0
-7.56,27.50,8.88,0.9664,-0.2303,0.0864,-0.0751,-1.42,-4.67,8.59,5.00,-3.25,-3.50,9.88,0,1.70,0.0403,0.0864,0,0.000,0.000,0.00,0.00,0.000,0
phase1 acc_mag=9.820 gravity=9.741 motion=0.079 moving_avg=0.084 rms=0.107 mean_rms=0.117 max_rms=0.134 min_rms=0.101 std=0.012 var=0.000 state=standing thr=0.142/0.350/0.850
-7.50,27.31,9.06,0.9667,-0.2286,0.0858,-0.0768,-1.47,-4.45,8.63,-2.88,1.25,6.12,9.82,0,1.70,0.0402,0.0858,0,0.000,0.000,0.00,0.00,0.000,0
-7.44,27.19,9.19,0.9668,-0.2277,0.0860,-0.0780,-1.37,-4.08,8.57,-1.62,5.00,-1.25,9.59,0,1.70,0.0404,0.0854,0,0.000,0.000,0.00,0.00,0.000,0
-7.44,27.38,9.25,0.9664,-0.2293,0.0860,-0.0786,-1.52,-4.56,8.66,-8.56,0.88,11.06,9.90,0,1.70,0.0405,0.0859,0,0.000,0.000,0.00,0.00,0.000,0
-7.12,27.56,9.25,0.9662,-0.2311,0.0831,-0.0786,-1.24,-4.42,8.62,1.00,3.50,-8.31,9.77,0,1.70,0.0394,0.0867,0,0.000,0.000,0.00,0.00,0.000,0
phase1 acc_mag=9.657 gravity=9.743 motion=0.087 moving_avg=0.084 rms=0.104 mean_rms=0.112 max_rms=0.132 min_rms=0.101 std=0.011 var=0.000 state=standing thr=0.133/0.350/0.850
-7.00,27.50,9.19,0.9664,-0.2307,0.0821,-0.0778,-1.24,-4.37,8.62,10.19,-1.25,-5.50,9.74,0,1.70,0.0389,0.0866,0,0.000,0.000,0.00,0.00,0.000,0
-7.25,27.19,9.12,0.9670,-0.2278,0.0837,-0.0774,-1.50,-4.30,8.59,-1.12,1.62,6.12,9.72,0,1.70,0.0394,0.0855,0,0.000,0.000,0.00,0.00,0.000,0
-7.38,27.12,9.06,0.9670,-0.2277,0.0850,-0.0760,-1.30,-4.27,8.59,-5.75,3.88,8.81,9.68,0,1.70,0.0398,0.0855,0,0.000,0.000,0.00,0.00,0.000,0
-7.56,27.25,8.44,0.9671,-0.2288,0.0851,-0.0717,-1.32,-4.25,8.61,4.25,-2.75,7.31,9.69,0,1.70,0.0395,0.0861,0,0.000,0.000,0.00,0.00,0.000,0
phase1 acc_mag=9.745 gravity=9.741 motion=0.003 moving_avg=0.088 rms=0.105 mean_rms=0.107 max_rms=0.125 min_rms=0.101 std=0.006 var=0.000 state=standing thr=0.119/0.350/0.850
-7.69,27.12,8.44,0.9673,-0.2275,0.0865,-0.0718,-1.29,-4.22,8.59,1.38,3.75,-1.88,9.66,0,1.70,0.0400,0.0855,0,0.000,0.000,0.00,0.00,0.000,0
-7.62,27.25,8.31,0.9671,-0.2289,0.0862,-0.0699,-1.31,-4.31,8.62,-3.00,1.25,9.94,9.73,0,1.70,0.0397,0.0861,0,0.000,0.000,0.00,0.00,0.000,0
-7.69,27.38,8.12,0.9669,-0.2299,0.0861,-0.0690,-1.33,-4.33,8.51,4.12,-8.69,3.00,9.64,0,1.70,0.0396,0.0865,0,0.000,0.000,0.00,0.00,0.000,0
-7.69,27.44,8.00,0.9669,-0.2306,0.0861,-0.0682,-1.30,-4.20,8.54,1.88,2.88,-8.56,9.61,0,1.70,0.0396,0.0868,0,0.000,0.000,0.00,0.00,0.000,0
phase1 acc_mag=9.776 gravity=9.732 motion=0.045 moving_avg=0.081 rms=0.098 mean_rms=0.104 max_rms=0.109 min_rms=0.098 std=0.003 var=0.000 state=standing thr=0.109/0.350/0.850
-7.69,27.69,7.75,0.9666,-0.2324,0.0855,-0.0656,-1.32,-4.47,8.61,0.12,-3.62,1.88,9.79,0,1.70,0.0392,0.0876,0,0.000,0.000,0.00,0.00,0.000,0
-7.88,27.75,7.31,0.9666,-0.2332,0.0862,-0.0622,-1.33,-4.27,8.54,-5.62,-6.25,2.75,9.64,0,1.70,0.0391,0.0880,0,0.000,0.000,0.00,0.00,0.000,0
-7.75,27.62,7.38,0.9669,-0.2325,0.0855,-0.0618,-1.29,-4.30,8.60,-4.25,4.00,8.19,9.70,0,1.70,0.0388,0.0878,0,0.000,0.000,0.00,0.00,0.000,0
-7.88,27.69,7.12,0.9667,-0.2333,0.0861,-0.0602,-1.33,-4.29,8.60,-4.12,1.38,5.12,9.70,0,1.70,0.0389,0.0881,0,0.000,0.000,0.00,0.00,0.000,0
phase1 acc_mag=9.696 gravity=9.727 motion=0.031 moving_avg=0.078 rms=0.094 mean_rms=0.103 max_rms=0.109 min_rms=0.094 std=0.004 var=0.000 state=standing thr=0.111/0.350/0.850
-7.88,27.62,7.06,0.9670,-0.2325,0.0855,-0.0597,-1.47,-4.41,8.57,3.12,-8.44,-6.75,9.75,0,1.70,0.0386,0.0879,0,0.000,0.000,0.00,0.00,0.000,0
-8.00,27.81,7.25,0.9662,-0.2347,0.0873,-0.0612,-1.36,-4.39,8.60,-10.81,0.25,-0.62,9.75,0,1.70,0.0395,0.0886,0,0.000,0.000,0.00,0.00,0.000,0
-8.12,27.88,7.38,0.9664,-0.2332,0.0875,-0.0626,-1.38,-4.54,8.59,10.81,-10.19,-5.62,9.81,0,1.70,0.0397,0.0880,0,0.000,0.000,0.00,0.00,0.000,0
-7.88,27.50,7.50,0.9670,-0.2312,0.0865,-0.0635,-1.37,-4.24,8.49,-1.00,-3.00,-2.62,9.59,0,1.70,0.0393,0.0872,0,0.000,0.000,0.00,0.00,0.000,0
phase1 acc_mag=9.836 gravity=9.727 motion=0.109 moving_avg=0.070 rms=0.084 mean_rms=0.099 max_rms=0.109 min_rms=0.084 std=0.007 var=0.000 state=standing thr=0.113/0.350/0.850
-7.81,27.62,7.62,0.9667,-0.2321,0.0861,-0.0645,-1.45,-4.42,8.62,-7.81,1.50,0.00,9.80,0,1.70,0.0393,0.0875,0,0.000,0.000,0.00,0.00,0.000,0
-7.81,27.69,7.44,0.9666,-0.2327,0.0866,-0.0636,-1.33,-4.29,8.53,0.75,9.06,-3.00,9.64,0,1.70,0.0394,0.0878,0,0.000,0.000,0.00,0.00,0.000,0
-7.88,27.44,7.44,0.9672,-0.2303,0.0864,-0.0634,-1.47,-4.40,8.63,9.06,-2.12,-4.38,9.80,0,1.70,0.0393,0.0869,0,0.000,0.000,0.00,0.00,0.000,0
-7.88,27.44,7.38,0.9672,-0.2304,0.0863,-0.0627,-1.55,-4.56,8.64,12.56,-5.88,1.75,9.89,0,1.70,0.0392,0.0870,0,0.000,0.000,0.00,0.00,0.000,0
phase1 acc_mag=9.646 gravity=9.728 motion=0.082 moving_avg=0.067 rms=0.079 mean_rms=0.094 max_rms=0.109 min_rms=0.078 std=0.009 var=0.000 state=standing thr=0.112/0.350/0.850
-7.88,27.44,7.44,0.9671,-0.2305,0.0863,-0.0640,-1.36,-4.50,8.57,3.75,0.50,-8.19,9.77,0,1.70,0.0393,0.0870,0,0.000,0.000,0.00,0.00,0.000,0
-7.88,27.38,7.69,0.9672,-0.2297,0.0865,-0.0653,-1.32,-4.34,8.52,7.56,7.56,-0.25,9.65,0,1.70,0.0395,0.0866,0,0.000,0.000,0.00,0.00,0.000,0
-7.94,27.19,7.94,0.9674,-0.2280,0.0875,-0.0673,-1.44,-4.39,8.72,3.88,-1.12,-4.50,9.87,0,1.70,0.0400,0.0859,0,0.000,0.000,0.00,0.00,0.000,0
-8.06,27.44,7.88,0.9669,-0.2300,0.0887,-0.0663,-1.48,-4.39,8.64,0.88,0.50,4.88,9.80,0,1.70,0.0404,0.0866,0,0.000,0.000,0.00,0.00,0.000,0
phase1 acc_mag=9.782 gravity=9.725 motion=0.057 moving_avg=0.069 rms=0.082 mean_rms=0.088 max_rms=0.102 min_rms=0.077 std=0.007 var=0.000 state=standing thr=0.103/0.350/0.850
-8.00,27.62,8.12,0.9664,-0.2313,0.0887,-0.0688,-1.33,-4.36,8.54,-3.00,2.12,-9.94,9.68,0,1.70,0.0407,0.0870,0,0.000,0.000,0.00,0.00,0.000,0
-8.06,27.75,8.25,0.9659,-0.2327,0.0898,-0.0699,-1.29,-4.35,8.56,-0.62,4.88,0.25,9.69,0,1.70,0.0412,0.0874,0,0.000,0.000,0.00,0.00,0.000,0
-8.12,27.44,8.19,0.9667,-0.2292,0.0901,-0.0690,-1.58,-4.38,8.65,3.38,0.50,8.69,9.82,0,1.70,0.0412,0.0862,0,0.000,0.000,0.00,0.00,0.000,0
-8.25,27.31,8.00,0.9669,-0.2289,0.0905,-0.0680,-1.58,-4.36,8.53,-6.25,2.12,7.44,9.71,0,1.70,0.0412,0.0861,0,0.000,0.000,0.00,0.00,0.000,0
phase1 acc_mag=9.747 gravity=9.729 motion=0.018 moving_avg=0.069 rms=0.084 mean_rms=0.084 max_rms=0.097 min_rms=0.077 std=0.005 var=0.000 state=standing thr=0.095/0.350/0.850
-8.12,27.50,8.12,0.9666,-0.2302,0.0897,-0.0691,-1.39,-4.41,8.55,3.50,0.25,-6.00,9.72,0,1.70,0.0410,0.0865,0,0.000,0.000,0.00,0.00,0.000,0
-8.06,27.56,8.00,0.9664,-0.2316,0.0892,-0.0675,-1.47,-4.43,8.54,2.12,-2.38,2.25,9.73,0,1.70,0.0407,0.0871,0,0.000,0.000,0.00,0.00,0.000,0
-8.25,27.31,8.06,0.9669,-0.2288,0.0905,-0.0683,-1.33,-4.25,8.53,5.88,2.50,1.88,9.62,0,1.70,0.0412,0.0860,0,0.000,0.000,0.00,0.00,0.000,0
phase1 acc_mag=9.736 gravity=9.727 motion=0.009 moving_avg=0.066 rms=0.082 mean_rms=0.082 max_rms=0.087 min_rms=0.077 std=0.002 var=0.000 state=standing thr=0.086/0.350/0.850
-8.25,27.50,8.06,0.9664,-0.2304,0.0909,-0.0684,-1.49,-4.45,8.53,1.75,5.62,1.25,9.74,0,1.70,0.0415,0.0866,0,0.000,0.000,0.00,0.00,0.000,0
-8.12,27.88,8.12,0.9657,-0.2334,0.0901,-0.0691,-1.42,-4.35,8.54,-7.69,-0.12,-7.56,9.69,0,1.70,0.0412,0.0877,0,0.000,0.000,0.00,0.00,0.000,0
-8.06,27.94,8.06,0.9658,-0.2337,0.0894,-0.0679,-1.36,-4.33,8.46,4.75,-1.38,2.12,9.60,0,1.70,0.0409,0.0879,0,0.000,0.000,0.00,0.00,0.000,0
-8.12,27.81,8.38,0.9657,-0.2328,0.0904,-0.0712,-1.52,-4.52,8.60,0.25,4.38,-8.19,9.83,0,1.70,0.0415,0.0873,0,0.000,0.000,0.00,0.00,0.000,0
phase1 acc_mag=9.767 gravity=9.722 motion=0.045 moving_avg=0.069 rms=0.086 mean_rms=0.082 max_rms=0.086 min_rms=0.077 std=0.002 var=0.000 state=standing thr=0.086/0.350/0.850
-8.06,27.56,8.31,0.9663,-0.2309,0.0891,-0.0711,-1.38,-4.28,8.60,5.88,1.62,-5.00,9.70,0,1.70,0.0410,0.0867,0,0.000,0.000,0.00,0.00,0.000,0
-8.06,27.44,8.19,0.9667,-0.2296,0.0895,-0.0695,-1.41,-4.46,8.62,3.38,0.50,8.56,9.81,0,1.70,0.0410,0.0863,0,0.000,0.000,0.00,0.00,0.000,0
-8.19,27.19,8.25,0.9670,-0.2277,0.0903,-0.0703,-1.41,-4.41,8.62,5.75,0.50,-0.50,9.78,0,1.70,0.0413,0.0855,0,0.000,0.000,0.00,0.00,0.000,0
-8.38,27.25,8.25,0.9669,-0.2277,0.0919,-0.0701,-1.53,-4.31,8.63,-1.00,6.00,-3.50,9.77,0,1.70,0.0419,0.0855,0,0.000,0.000,0.00,0.00,0.000,0
phase1 acc_mag=9.931 gravity=9.729 motion=0.202 moving_avg=0.067 rms=0.086 mean_rms=0.083 max_rms=0.086 min_rms=0.079 std=0.001 var=0.000 state=standing thr=0.086/0.350/0.850
-8.06,27.12,8.56,0.9670,-0.2268,0.0900,-0.0733,-1.51,-4.31,8.59,3.12,2.50,-8.56,9.73,0,1.70,0.0414,0.0851,0,0.000,0.000,0.00,0.00,0.000,0
-7.88,26.94,8.88,0.9673,-0.2252,0.0885,-0.0754,-1.39,-4.32,8.62,-1.62,-7.69,-1.25,9.74,0,1.70,0.0410,0.0845,0,0.000,0.000,0.00,0.00,0.000,0
-7.94,26.62,8.81,0.9680,-0.2226,0.0890,-0.0746,-1.27,-4.13,8.55,5.25,0.88,-2.38,9.58,0,1.70,0.0411,0.0835,0,0.000,0.000,0.00,0.00,0.000,0
phase1 acc_mag=9.639 gravity=9.729 motion=0.090 moving_avg=0.066 rms=0.086 mean_rms=0.084 max_rms=0.086 min_rms=0.079 std=0.001 var=0.000 state=standing thr=0.087/0.350/0.850
-8.06,26.38,8.50,0.9684,-0.2211,0.0891,-0.0726,-1.47,-4.14,8.58,-2.50,0.88,-4.38,9.64,0,1.70,0.0409,0.0831,0,0.000,0.000,0.00,0.00,0.000,0
-7.94,26.31,8.56,0.9688,-0.2200,0.0876,-0.0730,-1.23,-4.14,8.59,4.12,-6.25,-5.62,9.61,0,1.70,0.0404,0.0827,0,0.000,0.000,0.00,0.00,0.000,0
-7.88,26.00,8.38,0.9695,-0.2177,0.0869,-0.0713,-1.26,-4.09,8.65,3.12,-3.88,4.25,9.65,0,1.70,0.0399,0.0819,0,0.000,0.000,0.00,0.00,0.000,0
-7.62,25.69,8.50,0.9701,-0.2154,0.0850,-0.0726,-1.41,-4.14,8.72,4.50,-4.50,4.12,9.76,0,1.70,0.0392,0.0811,0,0.000,0.000,0.00,0.00,0.000,0
phase1 acc_mag=9.623 gravity=9.728 motion=0.105 moving_avg=0.068 rms=0.089 mean_rms=0.085 max_rms=0.092 min_rms=0.080 std=0.002 var=0.000 state=standing thr=0.089/0.350/0.850
-7.62,25.56,8.25,0.9708,-0.2141,0.0835,-0.0694,-1.36,-4.10,8.74,4.00,-7.94,6.75,9.75,0,1.70,0.0384,0.0808,0,0.000,0.000,0.00,0.00,0.000,0
-7.38,25.12,7.88,0.9717,-0.2111,0.0811,-0.0674,-1.13,-3.83,8.60,1.75,5.62,-0.75,9.48,0,1.70,0.0372,0.0799,0,0.000,0.000,0.00,0.00,0.000,0
-7.44,24.94,8.19,0.9719,-0.2100,0.0809,-0.0697,-1.49,-4.24,8.81,0.88,-0.25,-2.75,9.89,0,1.70,0.0373,0.0794,0,0.000,0.000,0.00,0.00,0.000,0
-7.44,25.12,8.31,0.9714,-0.2110,0.0823,-0.0709,-1.23,-4.06,8.73,-3.25,4.00,6.75,9.71,0,1.70,0.0380,0.0797,0,0.000,0.000,0.00,0.00,0.000,0
phase1 acc_mag=9.589 gravity=9.726 motion=0.138 moving_avg=0.079 rms=0.102 mean_rms=0.088 max_rms=0.102 min_rms=0.080 std=0.006 var=0.000 state=slow thr=0.099/0.350/0.850
-7.56,25.12,8.38,0.9711,-0.2112,0.0839,-0.0722,-1.25,-4.03,8.69,-2.75,3.88,-7.81,9.66,0,1.70,0.0387,0.0796,0,0.000,0.000,0.00,0.00,0.000,0
-7.44,25.50,8.62,0.9706,-0.2138,0.0830,-0.0733,-1.30,-4.03,8.70,-7.81,4.50,-1.88,9.68,0,1.70,0.0385,0.0806,0,0.000,0.000,0.00,0.00,0.000,0
-7.50,25.50,8.94,0.9703,-0.2134,0.0844,-0.0759,-1.28,-4.05,8.75,2.38,-1.75,1.88,9.73,0,1.70,0.0392,0.0803,0,0.000,0.000,0.00,0.00,0.000,0
phase1 acc_mag=10.025 gravity=9.723 motion=0.302 moving_avg=0.080 rms=0.105 mean_rms=0.091 max_rms=0.105 min_rms=0.080 std=0.007 var=0.000 state=standing thr=0.106/0.350/0.850
-7.75,25.75,9.19,0.9696,-0.2148,0.0872,-0.0780,-1.57,-4.48,8.83,3.50,3.62,1.38,10.03,0,1.70,0.0405,0.0806,0,0.000,0.000,0.00,0.00,0.000,0
-7.75,25.75,9.44,0.9693,-0.2153,0.0873,-0.0801,-1.36,-4.22,8.68,-1.75,-3.50,-0.25,9.75,0,1.70,0.0408,0.0807,0,0.000,0.000,0.00,0.00,0.000,0
-7.69,25.69,9.31,0.9696,-0.2145,0.0869,-0.0795,-1.47,-4.30,8.74,-3.88,-4.00,0.50,9.85,0,1.70,0.0405,0.0804,0,0.000,0.000,0.00,0.00,0.000,0
-7.81,25.62,8.69,0.9700,-0.2146,0.0869,-0.0741,-1.31,-4.16,8.64,-0.12,1.50,-0.50,9.68,0,1.70,0.0401,0.0807,0,0.000,0.000,0.00,0.00,0.000,0
phase1 acc_mag=9.696 gravity=9.717 motion=0.021 moving_avg=0.077 rms=0.102 mean_rms=0.095 max_rms=0.105 min_rms=0.080 std=0.008 var=0.000 state=standing thr=0.111/0.350/0.850
-7.81,25.44,8.56,0.9705,-0.2131,0.0865,-0.0732,-1.47,-4.06,8.76,-1.75,-0.50,2.38,9.77,0,1.70,0.0398,0.0802,0,0.000,0.000,0.00,0.00,0.000,0
-7.88,25.44,8.56,0.9705,-0.2130,0.0869,-0.0727,-1.24,-4.05,8.66,-1.88,2.50,-2.12,9.64,0,1.70,0.0399,0.0802,0,0.000,0.000,0.00,0.00,0.000,0
-8.06,25.44,8.56,0.9704,-0.2124,0.0887,-0.0729,-1.52,-4.07,8.70,0.12,-0.88,3.38,9.72,0,1.70,0.0406,0.0799,0,0.000,0.000,0.00,0.00,0.000,0
-8.00,25.25,8.06,0.9711,-0.2115,0.0870,-0.0689,-1.35,-3.92,8.68,-1.00,-2.00,5.88,9.62,0,1.70,0.0396,0.0798,0,0.000,0.000,0.00,0.00,0.000,0
phase1 acc_mag=9.665 gravity=9.709 motion=0.044 moving_avg=0.076 rms=0.102 mean_rms=0.099 max_rms=0.105 min_rms=0.087 std=0.005 var=0.000 state=standing thr=0.110/0.350/0.850
-8.12,25.44,7.88,0.9707,-0.2134,0.0877,-0.0669,-1.44,-4.18,8.75,-0.12,-2.38,0.38,9.80,0,1.70,0.0398,0.0805,0,0.000,0.000,0.00,0.00,0.000,0
-8.06,25.38,7.81,0.9709,-0.2129,0.0870,-0.0664,-1.28,-3.92,8.69,1.25,5.00,-7.69,9.62,0,1.70,0.0395,0.0804,0,0.000,0.000,0.00,0.00,0.000,0
-8.12,25.31,8.06,0.9709,-0.2118,0.0877,-0.0685,-1.56,-4.28,8.70,3.00,0.62,-7.81,9.82,0,1.70,0.0399,0.0799,0,0.000,0.000,0.00,0.00,0.000,0
-8.50,24.94,7.56,0.9717,-0.2089,0.0900,-0.0643,-1.40,-4.05,8.64,6.25,2.38,2.00,9.64,0,1.70,0.0404,0.0789,0,0.000,0.000,0.00,0.00,0.000,0
phase1 acc_mag=9.635 gravity=9.709 motion=0.074 moving_avg=0.072 rms=0.096 mean_rms=0.101 max_rms=0.105 min_rms=0.093 std=0.002 var=0.000 state=standing thr=0.105/0.350/0.850
-8.44,25.19,7.25,0.9714,-0.2112,0.0892,-0.0615,-1.47,-4.15,8.73,2.12,5.62,3.62,9.78,0,1.70,0.0399,0.0799,0,0.000,0.000,0.00,0.00,0.000,0
-8.44,25.06,7.12,0.9717,-0.2104,0.0885,-0.0598,-1.39,-3.96,8.70,0.00,-4.88,11.31,9.66,0,1.70,0.0394,0.0797,0,0.000,0.000,0.00,0.00,0.000,0
-8.38,25.12,6.88,0.9717,-0.2111,0.0881,-0.0588,-1.32,-4.02,8.74,-4.00,0.50,-3.12,9.71,0,1.70,0.0392,0.0800,0,0.000,0.000,0.00,0.00,0.000,0
phase1 acc_mag=9.743 gravity=9.718 motion=0.026 moving_avg=0.064 rms=0.085 mean_rms=0.099 max_rms=0.105 min_rms=0.085 std=0.006 var=0.000 state=standing thr=0.110/0.350/0.850
-8.31,25.44,7.19,0.9709,-0.2136,0.0886,-0.0619,-1.34,-4.05,8.76,1.50,5.00,-6.88,9.74,0,1.70,0.0397,0.0808,0,0.000,0.000,0.00,0.00,0.000,0
-8.50,25.62,7.06,0.9706,-0.2156,0.0889,-0.0601,-1.40,-3.91,8.74,-6.62,-8.19,-0.38,9.68,0,1.70,0.0397,0.0816,0,0.000,0.000,0.00,0.00,0.000,0
-8.31,25.75,6.94,0.9705,-0.2166,0.0880,-0.0589,-1.53,-4.32,8.87,6.88,-1.12,-0.88,9.98,0,1.70,0.0393,0.0820,0,0.000,0.000,0.00,0.00,0.000,0
-8.56,25.50,6.69,0.9710,-0.2142,0.0895,-0.0570,-1.06,-3.27,8.36,-4.12,2.62,-6.12,9.04,0,1.70,0.0396,0.0811,0,0.000,0.000,0.00,0.00,0.000,0
phase1 acc_mag=9.468 gravity=9.709 motion=0.241 moving_avg=0.089 rms=0.141 mean_rms=0.098 max_rms=0.141 min_rms=0.083 std=0.010 var=0.000 state=slow thr=0.119/0.350/0.850
-8.62,26.06,6.81,0.9698,-0.2188,0.0905,-0.0581,-1.75,-4.62,8.96,0.50,-2.88,-1.25,10.23,0,1.70,0.0402,0.0828,0,0.000,0.000,0.00,0.00,0.000,0
-8.38,25.88,6.62,0.9704,-0.2178,0.0878,-0.0565,-1.30,-3.84,8.54,1.75,2.12,5.38,9.45,0,1.70,0.0390,0.0826,0,0.000,0.000,0.00,0.00,0.000,0
-8.56,25.69,6.56,0.9708,-0.2156,0.0895,-0.0558,-1.73,-4.50,8.82,10.06,1.38,3.00,10.05,0,1.70,0.0396,0.0817,0,0.000,0.000,0.00,0.00,0.000,0
-8.62,26.00,6.62,0.9700,-0.2188,0.0898,-0.0572,-1.55,-4.23,8.73,-4.25,-3.25,-7.44,9.82,0,1.70,0.0399,0.0828,0,0.000,0.000,0.00,0.00,0.000,0
phase1 acc_mag=9.771 gravity=9.720 motion=0.052 moving_avg=0.112 rms=0.171 mean_rms=0.111 max_rms=0.171 min_rms=0.083 std=0.029 var=0.001 state=slow thr=0.170/0.370/0.870
-8.56,25.81,6.75,0.9704,-0.2167,0.0896,-0.0576,-1.52,-4.42,8.79,2.62,-4.50,3.88,9.96,0,1.70,0.0398,0.0821,0,0.000,0.000,0.00,0.00,0.000,0
-8.81,25.75,6.75,0.9700,-0.2171,0.0923,-0.0583,-1.47,-3.96,8.63,-4.75,6.00,-1.62,9.61,0,1.70,0.0409,0.0821,0,0.000,0.000,0.00,0.00,0.000,0
-8.94,25.75,6.50,0.9703,-0.2162,0.0927,-0.0556,-1.36,-3.97,8.63,5.00,7.94,-0.62,9.60,0,1.70,0.0408,0.0819,0,0.000,0.000,0.00,0.00,0.000,0
-9.12,26.06,6.56,0.9696,-0.2186,0.0947,-0.0558,-1.56,-4.31,8.71,-12.44,4.75,-6.12,9.84,0,1.70,0.0416,0.0827,0,0.000,0.000,0.00,0.00,0.000,0
phase1 acc_mag=9.940 gravity=9.720 motion=0.220 moving_avg=0.126 rms=0.178 mean_rms=0.126 max_rms=0.178 min_rms=0.083 std=0.038 var=0.001 state=standing thr=0.202/0.402/0.902
-9.12,25.94,6.62,0.9698,-0.2175,0.0947,-0.0566,-1.48,-4.19,8.69,7.06,1.62,-7.31,9.76,0,1.70,0.0417,0.0822,0,0.000,0.000,0.00,0.00,0.000,0
-9.06,26.00,6.81,0.9696,-0.2181,0.0945,-0.0578,-1.54,-4.20,8.68,1.12,-5.12,-8.94,9.76,0,1.70,0.0417,0.0824,0,0.000,0.000,0.00,0.00,0.000,0
-9.25,26.25,6.56,0.9690,-0.2208,0.0959,-0.0556,-1.60,-4.21,8.64,-9.19,-1.25,6.75,9.74,0,1.70,0.0421,0.0835,0,0.000,0.000,0.00,0.00,0.000,0
-9.25,26.44,6.50,0.9689,-0.2213,0.0961,-0.0552,-1.41,-4.26,8.74,1.75,-1.88,-5.62,9.82,0,1.70,0.0421,0.0836,0,0.000,0.000,0.00,0.00,0.000,0
phase1 acc_mag=9.763 gravity=9.728 motion=0.035 moving_avg=0.123 rms=0.177 mean_rms=0.143 max_rms=0.178 min_rms=0.083 std=0.040 var=0.002 state=standing thr=0.222/0.422/0.922
-9.38,26.31,6.31,0.9692,-0.2203,0.0968,-0.0528,-1.62,-4.21,8.64,2.75,-0.62,8.94,9.75,0,1.70,0.0422,0.0834,0,0.000,0.000,0.00,0.00,0.000,0
-9.44,26.12,6.31,0.9694,-0.2190,0.0967,-0.0536,-1.64,-4.36,8.76,8.81,-4.12,-1.88,9.92,0,1.70,0.0422,0.0828,0,0.000,0.000,0.00,0.00,0.000,0
-9.06,25.56,6.75,0.9705,-0.2144,0.0939,-0.0575,-1.28,-3.90,8.40,4.88,-0.25,3.12,9.35,0,1.70,0.0414,0.0811,0,0.000,0.000,0.00,0.00,0.000,0
phase1 acc_mag=9.676 gravity=9.724 motion=0.048 moving_avg=0.139 rms=0.193 mean_rms=0.163 max_rms=0.193 min_rms=0.083 std=0.029 var=0.001 state=standing thr=0.222/0.422/0.922
-9.00,25.44,6.81,0.9708,-0.2133,0.0934,-0.0583,-1.49,-4.05,8.66,-9.44,1.88,-1.75,9.68,0,1.70,0.0413,0.0807,0,0.000,0.000,0.00,0.00,0.000,0
-8.94,25.50,6.62,0.9709,-0.2133,0.0932,-0.0569,-1.36,-3.91,8.68,2.50,5.00,-3.12,9.62,0,1.70,0.0410,0.0807,0,0.000,0.000,0.00,0.00,0.000,0
-9.19,25.88,7.00,0.9697,-0.2167,0.0960,-0.0595,-1.34,-4.00,8.67,-9.31,3.12,-8.19,9.64,0,1.70,0.0424,0.0818,0,0.000,0.000,0.00,0.00,0.000,0
-9.69,26.56,7.50,0.9674,-0.2222,0.1023,-0.0654,-1.61,-4.30,8.66,-15.38,13.56,-5.25,9.80,0,1.70,0.0454,0.0833,0,0.000,0.000,0.00,0.00,0.000,0
phase1 acc_mag=10.033 gravity=9.714 motion=0.319 moving_avg=0.108 rms=0.141 mean_rms=0.176 max_rms=0.193 min_rms=0.137 std=0.011 var=0.000 state=standing thr=0.198/0.398/0.898
-9.88,26.69,7.94,0.9671,-0.2219,0.1046,-0.0675,-1.64,-4.19,8.71,4.50,2.38,-4.62,9.80,0,1.70,0.0465,0.0830,0,0.000,0.000,0.00,0.00,0.000,0
-9.75,26.50,7.88,0.9677,-0.2202,0.1028,-0.0667,-1.45,-4.03,8.57,-0.75,-0.38,-1.25,9.58,0,1.70,0.0457,0.0825,0,0.000,0.000,0.00,0.00,0.000,0
-9.56,26.38,7.69,0.9682,-0.2197,0.1007,-0.0647,-1.70,-4.40,8.67,-3.62,-1.75,4.62,9.87,0,1.70,0.0447,0.0825,0,0.000,0.000,0.00,0.00,0.000,0
-9.12,26.06,7.62,0.9691,-0.2175,0.0967,-0.0648,-1.47,-4.23,8.85,1.62,-7.19,0.00,9.92,0,1.70,0.0431,0.0818,0,0.000,0.000,0.00,0.00,0.000,0
phase1 acc_mag=9.928 gravity=9.727 motion=0.202 moving_avg=0.105 rms=0.137 mean_rms=0.170 max_rms=0.193 min_rms=0.134 std=0.019 var=0.000 state=standing thr=0.208/0.408/0.908
-9.00,25.94,7.44,0.9697,-0.2162,0.0948,-0.0634,-1.56,-4.07,8.40,6.75,-2.38,0.25,9.46,0,1.70,0.0423,0.0815,0,0.000,0.000,0.00,0.00,0.000,0
-8.88,25.81,7.75,0.9697,-0.2155,0.0944,-0.0657,-1.41,-3.86,8.63,-0.75,0.38,-11.81,9.56,0,1.70,0.0423,0.0811,0,0.000,0.000,0.00,0.00,0.000,0
-8.81,25.50,7.81,0.9702,-0.2131,0.0939,-0.0667,-1.48,-4.15,8.74,9.19,-6.62,-7.06,9.79,0,1.70,0.0421,0.0802,0,0.000,0.000,0.00,0.00,0.000,0
-8.62,25.06,8.00,0.9711,-0.2097,0.0919,-0.0671,-1.28,-3.90,8.72,-6.50,-3.50,9.19,9.64,0,1.70,0.0413,0.0790,0,0.000,0.000,0.00,0.00,0.000,0
phase1 acc_mag=9.614 gravity=9.714 motion=0.100 moving_avg=0.102 rms=0.147 mean_rms=0.164 max_rms=0.193 min_rms=0.134 std=0.020 var=0.000 state=standing thr=0.204/0.404/0.904
-8.56,25.12,8.06,0.9710,-0.2099,0.0917,-0.0687,-1.45,-4.12,8.77,-2.12,0.38,-2.12,9.80,0,1.70,0.0414,0.0790,0,0.000,0.000,0.00,0.00,0.000,0
-8.50,25.31,8.25,0.9705,-0.2115,0.0917,-0.0706,-1.32,-3.91,8.71,-4.88,3.88,3.00,9.64,0,1.70,0.0416,0.0795,0,0.000,0.000,0.00,0.00,0.000,0
-8.50,25.38,8.44,0.9703,-0.2118,0.0922,-0.0718,-1.41,-3.88,8.78,0.00,0.50,-6.38,9.70,0,1.70,0.0419,0.0796,0,0.000,0.000,0.00,0.00,0.000,0
phase1 acc_mag=9.818 gravity=9.715 motion=0.102 moving_avg=0.109 rms=0.151 mean_rms=0.158 max_rms=0.193 min_rms=0.134 std=0.020 var=0.000 state=standing thr=0.197/0.397/0.897
-8.81,25.31,8.56,0.9702,-0.2106,0.0954,-0.0721,-1.30,-4.09,8.83,1.00,3.88,8.56,9.82,0,1.70,0.0431,0.0790,0,0.000,0.000,0.00,0.00,0.000,0
-9.12,24.81,8.38,0.9709,-0.2068,0.0970,-0.0717,-1.85,-4.10,8.70,-3.62,-1.50,-4.00,9.79,0,1.70,0.0436,0.0775,0,0.000,0.000,0.00,0.00,0.000,0
-9.06,24.94,8.62,0.9706,-0.2076,0.0971,-0.0735,-1.40,-4.07,8.73,-9.06,-6.25,4.12,9.73,0,1.70,0.0438,0.0777,0,0.000,0.000,0.00,0.00,0.000,0
-9.12,25.06,8.75,0.9703,-0.2080,0.0980,-0.0745,-1.43,-4.03,8.79,-1.25,-1.75,0.25,9.77,0,1.70,0.0442,0.0778,0,0.000,0.000,0.00,0.00,0.000,0
phase1 acc_mag=9.761 gravity=9.716 motion=0.044 moving_avg=0.095 rms=0.133 mean_rms=0.149 max_rms=0.193 min_rms=0.132 std=0.014 var=0.000 state=standing thr=0.178/0.378/0.878
-9.25,24.81,8.50,0.9708,-0.2064,0.0981,-0.0721,-1.50,-4.07,8.79,5.25,-1.12,9.94,9.80,0,1.70,0.0441,0.0773,0,0.000,0.000,0.00,0.00,0.000,0
-9.12,24.44,8.38,0.9717,-0.2036,0.0968,-0.0714,-1.46,-4.16,8.80,-2.38,-8.06,4.25,9.84,0,1.70,0.0434,0.0764,0,0.000,0.000,0.00,0.00,0.000,0
-8.94,24.12,8.44,0.9725,-0.2003,0.0946,-0.0714,-1.34,-4.00,8.77,3.12,-5.88,8.69,9.73,0,1.70,0.0425,0.0752,0,0.000,0.000,0.00,0.00,0.000,0
-8.69,22.94,7.75,0.9750,-0.1919,0.0909,-0.0662,-1.19,-3.48,8.71,12.81,-7.94,2.50,9.45,0,1.70,0.0405,0.0724,0,0.000,0.000,0.00,0.00,0.000,0
phase1 acc_mag=9.814 gravity=9.722 motion=0.092 moving_avg=0.107 rms=0.152 mean_rms=0.144 max_rms=0.155 min_rms=0.132 std=0.007 var=0.000 state=standing thr=0.158/0.358/0.858
-8.50,22.69,7.81,0.9755,-0.1898,0.0893,-0.0666,-1.42,-3.80,8.83,2.25,-3.50,-5.38,9.72,0,1.70,0.0399,0.0717,0,0.000,0.000,0.00,0.00,0.000,0
-8.38,21.94,7.56,0.9769,-0.1838,0.0870,-0.0649,-1.25,-3.58,8.89,14.38,3.00,3.38,9.66,0,1.70,0.0388,0.0696,0,0.000,0.000,0.00,0.00,0.000,0
-8.25,21.81,7.62,0.9772,-0.1827,0.0861,-0.0652,-1.36,-3.60,8.88,9.56,1.62,0.62,9.68,0,1.70,0.0384,0.0692,0,0.000,0.000,0.00,0.00,0.000,0
phase1 acc_mag=9.588 gravity=9.716 motion=0.127 moving_avg=0.092 rms=0.128 mean_rms=0.145 max_rms=0.155 min_rms=0.127 std=0.007 var=0.000 state=standing thr=0.160/0.360/0.860
-8.06,21.56,7.44,0.9779,-0.1809,0.0839,-0.0630,-1.16,-3.40,8.89,-1.62,0.38,7.94,9.59,0,1.70,0.0374,0.0687,0,0.000,0.000,0.00,0.00,0.000,0
-8.25,21.38,7.19,0.9781,-0.1798,0.0849,-0.0607,-1.44,-3.63,8.93,-4.75,-0.62,8.06,9.75,0,1.70,0.0376,0.0683,0,0.000,0.000,0.00,0.00,0.000,0
-8.44,21.56,7.50,0.9776,-0.1805,0.0872,-0.0643,-1.26,-3.39,8.90,1.25,0.12,-14.50,9.61,0,1.70,0.0387,0.0683,0,0.000,0.000,0.00,0.00,0.000,0
-8.38,22.00,7.56,0.9768,-0.1844,0.0873,-0.0648,-1.41,-3.58,8.93,-3.25,-2.12,4.75,9.72,0,1.70,0.0389,0.0698,0,0.000,0.000,0.00,0.00,0.000,0
phase1 acc_mag=9.572 gravity=9.720 motion=0.148 moving_avg=0.098 rms=0.139 mean_rms=0.142 max_rms=0.155 min_rms=0.127 std=0.009 var=0.000 state=standing thr=0.160/0.360/0.860
-8.44,22.31,7.75,0.9762,-0.1867,0.0879,-0.0665,-1.36,-3.82,8.94,0.75,0.62,-2.38,9.82,0,1.70,0.0393,0.0706,0,0.000,0.000,0.00,0.00,0.000,0
-8.62,22.81,8.19,0.9750,-0.1905,0.0907,-0.0700,-1.58,-4.11,8.96,-8.06,2.75,-2.50,9.98,0,1.70,0.0407,0.0717,0,0.000,0.000,0.00,0.00,0.000,0
-8.56,22.94,8.06,0.9749,-0.1913,0.0900,-0.0692,-1.37,-3.81,8.89,5.38,-2.38,1.50,9.77,0,1.70,0.0404,0.0721,0,0.000,0.000,0.00,0.00,0.000,0
phase1 acc_mag=10.048 gravity=9.723 motion=0.325 moving_avg=0.097 rms=0.141 mean_rms=0.140 max_rms=0.155 min_rms=0.127 std=0.008 var=0.000 state=standing thr=0.156/0.356/0.856
-8.56,22.88,8.25,0.9750,-0.1904,0.0900,-0.0706,-1.58,-4.18,9.00,6.50,-5.00,-1.38,10.05,0,1.70,0.0405,0.0717,0,0.000,0.000,0.00,0.00,0.000,0
-8.75,22.88,8.06,0.9749,-0.1903,0.0918,-0.0698,-1.40,-3.82,8.83,4.12,3.75,-11.31,9.72,0,1.70,0.0411,0.0716,0,0.000,0.000,0.00,0.00,0.000,0
-8.88,22.94,7.94,0.9747,-0.1914,0.0930,-0.0681,-1.22,-3.71,8.76,-4.38,3.25,-6.25,9.59,0,1.70,0.0415,0.0721,0,0.000,0.000,0.00,0.00,0.000,0
-9.12,23.38,8.00,0.9738,-0.1948,0.0956,-0.0684,-1.61,-3.89,8.55,0.12,3.88,-7.69,9.53,0,1.70,0.0426,0.0732,0,0.000,0.000,0.00,0.00,0.000,0
phase1 acc_mag=9.828 gravity=9.720 motion=0.108 moving_avg=0.105 rms=0.148 mean_rms=0.141 max_rms=0.155 min_rms=0.127 std=0.008 var=0.000 state=standing thr=0.156/0.356/0.856
-9.25,23.44,7.56,0.9739,-0.1954,0.0960,-0.0644,-1.55,-3.74,8.65,-10.94,-7.44,9.56,9.55,0,1.70,0.0424,0.0737,0,0.000,0.000,0.00,0.00,0.000,0
-9.31,23.62,7.56,0.9735,-0.1970,0.0966,-0.0645,-1.36,-3.78,8.77,-8.44,0.38,-3.12,9.65,0,1.70,0.0427,0.0742,0,0.000,0.000,0.00,0.00,0.000,0
-9.38,24.06,7.56,0.9727,-0.2004,0.0972,-0.0650,-1.44,-4.06,8.88,-0.38,0.38,-3.12,9.87,0,1.70,0.0430,0.0755,0,0.000,0.000,0.00,0.00,0.000,0
-9.31,23.75,7.56,0.9733,-0.1981,0.0966,-0.0644,-1.34,-3.96,8.89,8.94,-2.25,5.88,9.82,0,1.70,0.0427,0.0746,0,0.000,0.000,0.00,0.00,0.000,0
phase1 acc_mag=9.651 gravity=9.714 motion=0.063 moving_avg=0.085 rms=0.117 mean_rms=0.138 max_rms=0.152 min_rms=0.116 std=0.010 var=0.000 state=standing thr=0.158/0.358/0.858
-9.12,23.50,7.31,0.9739,-0.1964,0.0944,-0.0627,-1.37,-3.80,8.81,6.75,-3.12,0.00,9.69,0,1.70,0.0417,0.0741,0,0.000,0.000,0.00,0.00,0.000,0
-9.12,23.25,7.19,0.9746,-0.1938,0.0938,-0.0610,-1.48,-3.89,8.87,4.25,-1.25,5.75,9.80,0,1.70,0.0413,0.0733,0,0.000,0.000,0.00,0.00,0.000,0
-9.00,22.94,6.94,0.9752,-0.1921,0.0922,-0.0596,-1.35,-3.74,8.85,-0.38,2.50,5.38,9.70,0,1.70,0.0405,0.0728,0,0.000,0.000,0.00,0.00,0.000,0
-9.06,23.00,6.94,0.9752,-0.1921,0.0924,-0.0600,-1.46,-3.85,8.91,4.12,-3.38,-5.00,9.82,0,1.70,0.0407,0.0727,0,0.000,0.000,0.00,0.00,0.000,0
phase1 acc_mag=9.730 gravity=9.725 motion=0.006 moving_avg=0.082 rms=0.116 mean_rms=0.133 max_rms=0.148 min_rms=0.116 std=0.012 var=0.000 state=standing thr=0.156/0.356/0.856
-8.94,22.88,7.12,0.9753,-0.1915,0.0919,-0.0607,-1.14,-3.58,8.84,-4.75,-4.38,-7.44,9.61,0,1.70,0.0405,0.0725,0,0.000,0.000,0.00,0.00,0.000,0
-8.94,22.69,7.00,0.9759,-0.1891,0.0915,-0.0594,-1.36,-3.72,8.82,7.06,1.50,4.25,9.67,0,1.70,0.0402,0.0717,0,0.000,0.000,0.00,0.00,0.000,0
-9.06,22.44,6.88,0.9761,-0.1876,0.0921,-0.0587,-1.37,-3.79,8.92,5.25,3.50,10.44,9.79,0,1.70,0.0404,0.0711,0,0.000,0.000,0.00,0.00,0.000,0
-9.06,22.19,6.75,0.9766,-0.1857,0.0921,-0.0581,-1.34,-3.66,8.86,0.88,-7.06,8.56,9.68,0,1.70,0.0403,0.0704,0,0.000,0.000,0.00,0.00,0.000,0
phase1 acc_mag=9.686 gravity=9.727 motion=0.041 moving_avg=0.080 rms=0.105 mean_rms=0.128 max_rms=0.148 min_rms=0.104 std=0.015 var=0.000 state=standing thr=0.157/0.357/0.857
-8.94,22.31,6.81,0.9764,-0.1866,0.0913,-0.0586,-1.52,-3.87,9.00,-2.00,-2.75,-4.00,9.91,0,1.70,0.0400,0.0707,0,0.000,0.000,0.00,0.00,0.000,0
-9.00,22.38,7.06,0.9761,-0.1871,0.0921,-0.0603,-1.32,-3.84,8.87,-1.38,1.25,-6.38,9.76,0,1.70,0.0405,0.0708,0,0.000,0.000,0.00,0.00,0.000,0
-9.00,22.44,7.12,0.9758,-0.1884,0.0921,-0.0612,-1.30,-3.63,8.85,-8.06,-1.12,-5.62,9.65,0,1.70,0.0406,0.0713,0,0.000,0.000,0.00,0.00,0.000,0
-8.88,22.44,7.25,0.9761,-0.1874,0.0913,-0.0619,-1.28,-3.56,8.80,0.00,0.25,-4.00,9.58,0,1.70,0.0403,0.0709,0,0.000,0.000,0.00,0.00,0.000,0
phase1 acc_mag=9.667 gravity=9.718 motion=0.051 moving_avg=0.075 rms=0.095 mean_rms=0.120 max_rms=0.148 min_rms=0.094 std=0.017 var=0.000 state=standing thr=0.153/0.353/0.853
-8.88,22.31,7.44,0.9761,-0.1865,0.0915,-0.0639,-1.38,-3.77,8.85,7.69,3.12,-5.50,9.72,0,1.70,0.0405,0.0705,0,0.000,0.000,0.00,0.00,0.000,0
-8.88,22.56,7.44,0.9756,-0.1890,0.0917,-0.0637,-1.41,-3.72,8.87,-6.25,0.00,1.88,9.72,0,1.70,0.0406,0.0714,0,0.000,0.000,0.00,0.00,0.000,0
-8.94,22.62,7.12,0.9758,-0.1891,0.0916,-0.0609,-1.39,-3.81,8.85,0.50,1.25,6.25,9.74,0,1.70,0.0403,0.0716,0,0.000,0.000,0.00,0.00,0.000,0
phase1 acc_mag=9.750 gravity=9.718 motion=0.032 moving_avg=0.069 rms=0.087 mean_rms=0.108 max_rms=0.145 min_rms=0.087 std=0.013 var=0.000 state=standing thr=0.134/0.350/0.850
-9.06,22.62,7.19,0.9756,-0.1891,0.0927,-0.0617,-1.44,-3.76,8.88,2.88,-5.25,-3.50,9.75,0,1.70,0.0408,0.0715,0,0.000,0.000,0.00,0.00,0.000,0
-9.12,22.62,7.25,0.9755,-0.1893,0.0935,-0.0620,-1.36,-3.65,8.85,-4.00,1.25,0.75,9.67,0,1.70,0.0412,0.0716,0,0.000,0.000,0.00,0.00,0.000,0
-9.06,22.62,7.56,0.9754,-0.1888,0.0937,-0.0646,-1.47,-3.80,8.91,-3.25,0.00,6.50,9.80,0,1.70,0.0414,0.0713,0,0.000,0.000,0.00,0.00,0.000,0
-9.12,22.38,7.50,0.9758,-0.1868,0.0937,-0.0640,-1.34,-3.62,8.89,3.38,5.00,7.81,9.69,0,1.70,0.0413,0.0705,0,0.000,0.000,0.00,0.00,0.000,0
phase1 acc_mag=9.591 gravity=9.710 motion=0.119 moving_avg=0.066 rms=0.083 mean_rms=0.100 max_rms=0.119 min_rms=0.082 std=0.012 var=0.000 state=standing thr=0.124/0.350/0.850
-9.12,22.25,7.44,0.9761,-0.1858,0.0935,-0.0635,-1.42,-3.60,8.87,5.88,0.00,-3.00,9.68,0,1.70,0.0412,0.0702,0,0.000,0.000,0.00,0.00,0.000,0
-9.12,22.12,7.19,0.9764,-0.1850,0.0934,-0.0615,-1.49,-3.65,8.89,4.25,0.50,0.00,9.72,0,1.70,0.0410,0.0700,0,0.000,0.000,0.00,0.00,0.000,0
-9.25,22.06,7.06,0.9766,-0.1840,0.0936,-0.0604,-1.39,-3.66,8.91,5.88,-6.00,0.38,9.73,0,1.70,0.0410,0.0696,0,0.000,0.000,0.00,0.00,0.000,0
-8.88,22.00,6.81,0.9770,-0.1842,0.0903,-0.0584,-1.40,-3.56,8.86,-4.12,-3.62,9.94,9.65,0,1.70,0.0396,0.0699,0,0.000,0.000,0.00,0.00,0.000,0
phase1 acc_mag=9.740 gravity=9.710 motion=0.030 moving_avg=0.066 rms=0.082 mean_rms=0.093 max_rms=0.119 min_rms=0.081 std=0.010 var=0.000 state=standing thr=0.113/0.350/0.850
-8.88,21.75,6.62,0.9775,-0.1821,0.0901,-0.0566,-1.37,-3.59,8.92,2.62,0.75,3.75,9.71,0,1.70,0.0394,0.0691,0,0.000,0.000,0.00,0.00,0.000,0
-8.94,21.62,6.94,0.9775,-0.1808,0.0906,-0.0593,-1.43,-3.55,8.87,2.12,6.12,-5.50,9.66,0,1.70,0.0397,0.0685,0,0.000,0.000,0.00,0.00,0.000,0
-8.81,21.69,6.88,0.9775,-0.1815,0.0897,-0.0588,-1.42,-3.59,8.96,-1.25,-3.75,-6.25,9.76,0,1.70,0.0394,0.0689,0,0.000,0.000,0.00,0.00,0.000,0
-8.94,21.50,7.00,0.9777,-0.1797,0.0902,-0.0597,-1.34,-3.56,8.86,2.50,-5.38,5.25,9.64,0,1.70,0.0396,0.0681,0,0.000,0.000,0.00,0.00,0.000,0
phase1 acc_mag=9.775 gravity=9.705 motion=0.070 moving_avg=0.060 rms=0.077 mean_rms=0.087 max_rms=0.103 min_rms=0.077 std=0.007 var=0.000 state=standing thr=0.101/0.350/0.850
-8.88,21.31,7.19,0.9779,-0.1779,0.0905,-0.0616,-1.53,-3.60,8.93,7.56,2.62,-6.50,9.75,0,1.70,0.0398,0.0674,0,0.000,0.000,0.00,0.00,0.000,0
-8.88,21.12,7.19,0.9780,-0.1772,0.0906,-0.0616,-1.35,-3.44,8.93,3.00,6.88,8.69,9.66,0,1.70,0.0398,0.0671,0,0.000,0.000,0.00,0.00,0.000,0
-8.81,21.25,7.19,0.9781,-0.1770,0.0892,-0.0626,-1.44,-3.57,8.95,6.62,-2.12,-9.81,9.74,0,1.70,0.0393,0.0670,0,0.000,0.000,0.00,0.00,0.000,0
-8.69,21.19,7.44,0.9781,-0.1769,0.0893,-0.0639,-1.33,-3.47,8.92,5.88,1.88,-0.25,9.66,0,1.70,0.0395,0.0669,0,0.000,0.000,0.00,0.00,0.000,0
phase1 acc_mag=9.658 gravity=9.707 motion=0.049 moving_avg=0.058 rms=0.073 mean_rms=0.082 max_rms=0.093 min_rms=0.072 std=0.005 var=0.000 state=standing thr=0.093/0.350/0.850
-8.75,21.19,7.44,0.9780,-0.1777,0.0885,-0.0637,-1.34,-3.43,8.96,-4.50,-9.19,-2.75,9.69,0,1.70,0.0391,0.0673,0,0.000,0.000,0.00,0.00,0.000,0
-8.62,21.25,7.25,0.9781,-0.1780,0.0884,-0.0620,-1.45,-3.62,8.97,-2.12,-2.62,8.06,9.78,0,1.70,0.0390,0.0674,0,0.000,0.000,0.00,0.00,0.000,0
-8.44,21.06,7.12,0.9786,-0.1764,0.0859,-0.0616,-1.15,-3.50,8.92,0.00,-3.62,0.50,9.65,0,1.70,0.0380,0.0669,0,0.000,0.000,0.00,0.00,0.000,0
phase1 acc_mag=9.773 gravity=9.713 motion=0.060 moving_avg=0.062 rms=0.079 mean_rms=0.080 max_rms=0.087 min_rms=0.071 std=0.004 var=0.000 state=standing thr=0.088/0.350/0.850
-8.38,21.00,7.31,0.9786,-0.1760,0.0859,-0.0630,-1.38,-3.65,8.96,5.38,8.44,2.75,9.77,0,1.70,0.0381,0.0667,0,0.000,0.000,0.00,0.00,0.000,0
-8.31,21.19,7.56,0.9782,-0.1777,0.0856,-0.0648,-1.39,-3.61,8.93,-4.38,-1.88,1.12,9.73,0,1.70,0.0381,0.0673,0,0.000,0.000,0.00,0.00,0.000,0
-8.25,21.50,7.69,0.9777,-0.1799,0.0859,-0.0662,-1.29,-3.57,9.02,-7.19,-3.88,3.00,9.79,0,1.70,0.0383,0.0681,0,0.000,0.000,0.00,0.00,0.000,0
-8.25,21.69,7.94,0.9773,-0.1812,0.0864,-0.0684,-1.37,-3.68,8.91,-5.38,-6.88,-7.06,9.74,0,1.70,0.0387,0.0685,0,0.000,0.000,0.00,0.00,0.000,0
phase1 acc_mag=9.712 gravity=9.710 motion=0.002 moving_avg=0.063 rms=0.080 mean_rms=0.079 max_rms=0.086 min_rms=0.071 std=0.003 var=0.000 state=standing thr=0.086/0.350/0.850
-8.31,21.88,7.81,0.9770,-0.1829,0.0868,-0.0669,-1.32,-3.52,8.93,-12.69,3.75,-1.38,9.69,0,1.70,0.0388,0.0692,0,0.000,0.000,0.00,0.00,0.000,0
-8.25,21.94,8.00,0.9769,-0.1832,0.0867,-0.0685,-1.36,-3.45,8.95,5.25,-3.88,3.50,9.69,0,1.70,0.0389,0.0692,0,0.000,0.000,0.00,0.00,0.000,0
-8.25,22.06,8.06,0.9766,-0.1848,0.0860,-0.0684,-1.39,-3.64,8.97,-5.00,-12.06,3.12,9.78,0,1.70,0.0386,0.0698,0,0.000,0.000,0.00,0.00,0.000,0
phase1 acc_mag=9.868 gravity=9.710 motion=0.158 moving_avg=0.066 rms=0.084 mean_rms=0.078 max_rms=0.084 min_rms=0.071 std=0.003 var=0.000 state=slow thr=0.084/0.350/0.850
-8.12,21.94,7.69,0.9771,-0.1840,0.0848,-0.0659,-1.44,-3.83,8.98,0.50,-2.25,19.38,9.87,0,1.70,0.0380,0.0697,0,0.000,0.000,0.00,0.00,0.000,0
-7.75,22.06,7.88,0.9770,-0.1849,0.0818,-0.0674,-1.36,-3.67,9.00,-3.50,1.88,-1.88,9.81,0,1.70,0.0370,0.0701,0,0.000,0.000,0.00,0.00,0.000,0
-7.75,22.19,7.88,0.9768,-0.1860,0.0817,-0.0673,-1.19,-3.49,8.85,0.00,-3.62,2.88,9.59,0,1.70,0.0369,0.0705,0,0.000,0.000,0.00,0.00,0.000,0
-7.69,22.06,7.56,0.9772,-0.1853,0.0809,-0.0650,-1.29,-3.52,8.91,6.00,0.25,1.75,9.67,0,1.70,0.0364,0.0703,0,0.000,0.000,0.00,0.00,0.000,0
phase1 acc_mag=9.718 gravity=9.712 motion=0.006 moving_avg=0.067 rms=0.082 mean_rms=0.079 max_rms=0.085 min_rms=0.071 std=0.003 var=0.000 state=standing thr=0.086/0.350/0.850
-7.69,22.19,7.56,0.9769,-0.1863,0.0818,-0.0649,-1.37,-3.56,8.93,-1.12,-9.69,-10.06,9.71,0,1.70,0.0368,0.0707,0,0.000,0.000,0.00,0.00,0.000,0
-7.62,22.31,7.62,0.9767,-0.1876,0.0807,-0.0653,-1.36,-3.64,8.90,-2.38,-3.12,-12.31,9.71,0,1.70,0.0364,0.0712,0,0.000,0.000,0.00,0.00,0.000,0
-7.81,22.44,7.62,0.9764,-0.1882,0.0826,-0.0652,-1.22,-3.48,8.95,-0.75,6.75,4.38,9.68,0,1.70,0.0372,0.0714,0,0.000,0.000,0.00,0.00,0.000,0
-7.81,22.50,7.81,0.9763,-0.1888,0.0830,-0.0668,-1.29,-3.47,8.97,-4.38,5.00,-0.50,9.70,0,1.70,0.0375,0.0715,0,0.000,0.000,0.00,0.00,0.000,0
phase1 acc_mag=9.727 gravity=9.712 motion=0.015 moving_avg=0.065 rms=0.082 mean_rms=0.081 max_rms=0.085 min_rms=0.071 std=0.002 var=0.000 state=standing thr=0.085/0.350/0.850
-7.62,22.50,8.19,0.9760,-0.1892,0.0813,-0.0707,-1.36,-3.81,9.06,-12.56,-1.62,0.00,9.92,0,1.70,0.0371,0.0716,0,0.000,0.000,0.00,0.00,0.000,0
-7.56,22.75,8.44,0.9756,-0.1905,0.0818,-0.0720,-1.24,-3.64,8.87,-0.38,-4.88,-1.50,9.67,0,1.70,0.0374,0.0720,0,0.000,0.000,0.00,0.00,0.000,0
-7.50,22.75,8.50,0.9756,-0.1906,0.0814,-0.0728,-1.26,-3.44,8.89,-12.94,-1.88,2.88,9.62,0,1.70,0.0373,0.0720,0,0.000,0.000,0.00,0.00,0.000,0
-7.38,22.50,8.50,0.9762,-0.1880,0.0798,-0.0730,-1.21,-3.55,8.86,7.69,-1.75,-2.62,9.62,0,1.70,0.0367,0.0711,0,0.000,0.000,0.00,0.00,0.000,0
phase1 acc_mag=9.796 gravity=9.711 motion=0.085 moving_avg=0.064 rms=0.081 mean_rms=0.081 max_rms=0.085 min_rms=0.078 std=0.001 var=0.000 state=standing thr=0.083/0.350/0.850
-7.38,22.12,8.62,0.9766,-0.1855,0.0801,-0.0739,-1.15,-3.48,8.94,2.50,-0.38,2.50,9.66,0,1.70,0.0368,0.0701,0,0.000,0.000,0.00,0.00,0.000,0
-7.50,22.06,8.50,0.9767,-0.1851,0.0809,-0.0726,-1.29,-3.58,8.94,-4.50,-1.38,2.38,9.72,0,1.70,0.0370,0.0699,0,0.000,0.000,0.00,0.00,0.000,0
-7.50,22.25,8.50,0.9764,-0.1865,0.0808,-0.0729,-1.36,-3.59,8.92,-5.12,-3.62,6.75,9.71,0,1.70,0.0370,0.0705,0,0.000,0.000,0.00,0.00,0.000,0
phase1 acc_mag=9.764 gravity=9.711 motion=0.053 moving_avg=0.063 rms=0.082 mean_rms=0.082 max_rms=0.085 min_rms=0.078 std=0.001 var=0.000 state=standing thr=0.083/0.350/0.850
-7.69,22.12,8.31,0.9768,-0.1850,0.0820,-0.0700,-1.36,-3.73,8.92,2.12,-5.00,0.38,9.76,0,1.70,0.0372,0.0700,0,0.000,0.000,0.00,0.00,0.000,0
-7.69,22.06,8.25,0.9770,-0.1841,0.0820,-0.0701,-1.31,-3.68,8.99,9.81,-1.12,9.69,9.80,0,1.70,0.0372,0.0697,0,0.000,0.000,0.00,0.00,0.000,0
-7.56,21.88,8.31,0.9771,-0.1836,0.0810,-0.0714,-1.36,-3.56,8.97,-5.12,-8.94,-4.00,9.75,0,1.70,0.0369,0.0694,0,0.000,0.000,0.00,0.00,0.000,0
-7.62,21.94,8.50,0.9769,-0.1838,0.0818,-0.0728,-1.25,-3.59,8.96,2.75,0.88,-8.81,9.73,0,1.70,0.0373,0.0695,0,0.000,0.000,0.00,0.00,0.000,0
phase1 acc_mag=9.683 gravity=9.706 motion=0.023 moving_avg=0.059 rms=0.080 mean_rms=0.082 max_rms=0.085 min_rms=0.078 std=0.000 var=0.000 state=standing thr=0.083/0.350/0.850
-7.44,21.88,8.38,0.9772,-0.1830,0.0795,-0.0719,-1.24,-3.63,9.03,4.25,-1.50,-2.12,9.81,0,1.70,0.0363,0.0692,0,0.000,0.000,0.00,0.00,0.000,0
-7.50,21.38,8.56,0.9778,-0.1789,0.0803,-0.0736,-1.31,-3.43,8.94,1.25,3.12,5.50,9.66,0,1.70,0.0367,0.0676,0,0.000,0.000,0.00,0.00,0.000,0
-7.44,21.38,8.19,0.9781,-0.1796,0.0786,-0.0704,-1.22,-3.34,8.96,-4.12,0.00,5.88,9.64,0,1.70,0.0358,0.0681,0,0.000,0.000,0.00,0.00,0.000,0
-7.25,21.38,8.00,0.9783,-0.1796,0.0776,-0.0688,-1.12,-3.40,8.97,4.38,2.88,-9.81,9.66,0,1.70,0.0353,0.0682,0,0.000,0.000,0.00,0.00,0.000,0
phase1 acc_mag=9.763 gravity=9.704 motion=0.059 moving_avg=0.062 rms=0.082 mean_rms=0.081 max_rms=0.084 min_rms=0.078 std=0.000 var=0.000 state=slow thr=0.081/0.350/0.850
-7.31,21.69,8.12,0.9775,-0.1828,0.0787,-0.0695,-1.47,-3.77,8.97,-0.75,3.75,-3.25,9.84,0,1.70,0.0359,0.0693,0,0.000,0.000,0.00,0.00,0.000,0
-7.44,21.75,8.06,0.9776,-0.1823,0.0794,-0.0690,-1.21,-3.60,9.03,4.62,-6.00,1.38,9.80,0,1.70,0.0361,0.0691,0,0.000,0.000,0.00,0.00,0.000,0
-7.44,21.75,8.00,0.9775,-0.1829,0.0794,-0.0682,-1.14,-3.48,8.94,3.38,4.62,-7.69,9.66,0,1.70,0.0360,0.0693,0,0.000,0.000,0.00,0.00,0.000,0
phase1 acc_mag=9.639 gravity=9.692 motion=0.053 moving_avg=0.068 rms=0.089 mean_rms=0.083 max_rms=0.092 min_rms=0.078 std=0.003 var=0.000 state=standing thr=0.090/0.350/0.850
-7.44,21.75,8.00,0.9776,-0.1826,0.0791,-0.0684,-1.09,-3.41,8.95,1.88,-5.88,-1.38,9.64,0,1.70,0.0359,0.0692,0,0.000,0.000,0.00,0.00,0.000,0
-7.31,22.06,8.75,0.9764,-0.1856,0.0806,-0.0753,-1.18,-3.54,8.92,-7.19,9.19,-4.25,9.67,0,1.70,0.0371,0.0701,0,0.000,0.000,0.00,0.00,0.000,0
-7.19,22.44,9.12,0.9758,-0.1881,0.0795,-0.0784,-1.35,-4.22,9.34,-3.75,-6.75,2.38,10.34,0,1.70,0.0369,0.0709,0,0.000,0.000,0.00,0.00,0.000,0
-7.00,21.88,8.75,0.9771,-0.1836,0.0768,-0.0751,-1.01,-3.50,8.97,9.69,5.50,1.38,9.68,0,1.70,0.0355,0.0694,0,0.000,0.000,0.00,0.00,0.000,0
phase1 acc_mag=9.777 gravity=9.705 motion=0.072 moving_avg=0.086 rms=0.134 mean_rms=0.088 max_rms=0.134 min_rms=0.079 std=0.014 var=0.000 state=slow thr=0.117/0.350/0.850
-7.00,21.88,8.88,0.9771,-0.1833,0.0771,-0.0761,-0.96,-3.53,8.86,4.12,2.88,5.12,9.59,0,1.70,0.0357,0.0693,0,0.000,0.000,0.00,0.00,0.000,0
-7.06,21.56,8.81,0.9775,-0.1808,0.0771,-0.0756,-1.14,-3.60,8.94,6.12,-2.00,-3.50,9.70,0,1.70,0.0356,0.0684,0,0.000,0.000,0.00,0.00,0.000,0
-7.06,21.56,9.06,0.9774,-0.1804,0.0781,-0.0775,-1.31,-3.71,9.08,1.75,5.75,2.12,9.90,0,1.70,0.0361,0.0681,0,0.000,0.000,0.00,0.00,0.000,0
-7.19,21.50,8.81,0.9777,-0.1799,0.0779,-0.0757,-1.16,-3.65,9.02,1.75,-1.88,-0.25,9.80,0,1.70,0.0359,0.0680,0,0.000,0.000,0.00,0.00,0.000,0
phase1 acc_mag=9.743 gravity=9.709 motion=0.034 moving_avg=0.085 rms=0.133 mean_rms=0.099 max_rms=0.134 min_rms=0.079 std=0.022 var=0.001 state=standing thr=0.144/0.350/0.850
-7.12,21.31,8.75,0.9780,-0.1790,0.0779,-0.0740,-1.17,-3.54,8.84,-2.38,4.00,11.06,9.59,0,1.70,0.0358,0.0677,0,0.000,0.000,0.00,0.00,0.000,0
-7.38,21.12,8.75,0.9781,-0.1768,0.0795,-0.0753,-1.20,-3.57,8.87,3.38,-2.75,-2.00,9.64,0,1.70,0.0364,0.0668,0,0.000,0.000,0.00,0.00,0.000,0
-7.38,21.06,8.81,0.9782,-0.1763,0.0796,-0.0758,-1.05,-3.47,8.89,0.62,-0.50,-7.06,9.60,0,1.70,0.0365,0.0666,0,0.000,0.000,0.00,0.00,0.000,0
phase1 acc_mag=9.651 gravity=9.705 motion=0.054 moving_avg=0.090 rms=0.135 mean_rms=0.110 max_rms=0.136 min_rms=0.079 std=0.024 var=0.001 state=standing thr=0.158/0.358/0.858
-7.69,21.31,8.75,0.9777,-0.1780,0.0825,-0.0752,-1.20,-3.56,8.89,0.00,5.38,-2.50,9.65,0,1.70,0.0376,0.0671,0,0.000,0.000,0.00,0.00,0.000,0
-7.75,21.25,8.56,0.9779,-0.1776,0.0826,-0.0732,-1.19,-3.65,8.98,10.44,-3.88,12.69,9.77,0,1.70,0.0375,0.0671,0,0.000,0.000,0.00,0.00,0.000,0
-7.94,21.31,8.44,0.9777,-0.1783,0.0839,-0.0721,-1.30,-3.48,8.98,2.75,4.75,-2.25,9.72,0,1.70,0.0379,0.0673,0,0.000,0.000,0.00,0.00,0.000,0
-7.94,20.94,8.38,0.9785,-0.1749,0.0831,-0.0714,-1.11,-3.40,9.00,2.88,-5.88,3.62,9.68,0,1.70,0.0375,0.0661,0,0.000,0.000,0.00,0.00,0.000,0
phase1 acc_mag=9.719 gravity=9.718 motion=0.001 moving_avg=0.091 rms=0.137 mean_rms=0.122 max_rms=0.141 min_rms=0.085 std=0.021 var=0.000 state=standing thr=0.163/0.363/0.863
-7.94,20.75,8.12,0.9788,-0.1737,0.0829,-0.0696,-1.29,-3.43,8.91,4.88,-0.50,7.31,9.63,0,1.70,0.0373,0.0657,0,0.000,0.000,0.00,0.00,0.000,0
-7.75,20.81,7.88,0.9788,-0.1749,0.0814,-0.0688,-1.20,-3.49,8.95,-0.12,3.38,-4.88,9.68,0,1.70,0.0367,0.0662,0,0.000,0.000,0.00,0.00,0.000,0
-7.88,20.69,8.00,0.9790,-0.1733,0.0823,-0.0687,-1.17,-3.47,8.93,4.25,2.00,-4.38,9.65,0,1.70,0.0370,0.0656,0,0.000,0.000,0.00,0.00,0.000,0
phase1 acc_mag=9.706 gravity=9.718 motion=0.013 moving_avg=0.088 rms=0.135 mean_rms=0.131 max_rms=0.141 min_rms=0.085 std=0.013 var=0.000 state=standing thr=0.157/0.357/0.857
-7.88,20.88,7.94,0.9787,-0.1753,0.0818,-0.0684,-1.16,-3.52,8.97,0.50,-0.62,-2.00,9.71,0,1.70,0.0368,0.0664,0,0.000,0.000,0.00,0.00,0.000,0
-7.81,21.44,8.00,0.9778,-0.1800,0.0824,-0.0684,-1.27,-3.74,8.97,-4.50,-0.88,0.38,9.80,0,1.70,0.0372,0.0681,0,0.000,0.000,0.00,0.00,0.000,0
-7.56,21.88,8.12,0.9772,-0.1834,0.0809,-0.0696,-0.98,-3.47,8.97,-6.38,-0.88,-2.75,9.67,0,1.70,0.0367,0.0694,0,0.000,0.000,0.00,0.00,0.000,0
-7.50,22.25,8.00,0.9767,-0.1868,0.0806,-0.0688,-1.15,-3.70,8.96,0.00,2.50,-1.88,9.76,0,1.70,0.0366,0.0707,0,0.000,0.000,0.00,0.00,0.000,0
phase1 acc_mag=9.798 gravity=9.710 motion=0.088 moving_avg=0.068 rms=0.088 mean_rms=0.130 max_rms=0.141 min_rms=0.088 std=0.015 var=0.000 state=standing thr=0.159/0.359/0.859
-7.38,22.44,8.00,0.9764,-0.1891,0.0786,-0.0690,-1.20,-3.71,8.98,-3.88,-3.75,-8.06,9.79,0,1.70,0.0359,0.0717,0,0.000,0.000,0.00,0.00,0.000,0
-7.38,22.25,8.00,0.9768,-0.1868,0.0790,-0.0686,-1.10,-3.57,8.92,4.88,-4.88,-4.75,9.67,0,1.70,0.0360,0.0708,0,0.000,0.000,0.00,0.00,0.000,0
-7.38,22.06,7.88,0.9772,-0.1855,0.0787,-0.0677,-1.32,-3.65,8.87,-1.12,-11.19,-1.38,9.68,0,1.70,0.0358,0.0704,0,0.000,0.000,0.00,0.00,0.000,0
-7.12,21.94,7.50,0.9778,-0.1850,0.0755,-0.0634,-1.12,-3.66,8.92,0.38,-8.69,11.44,9.71,0,1.70,0.0342,0.0704,0,0.000,0.000,0.00,0.00,0.000,0
phase1 acc_mag=9.578 gravity=9.709 motion=0.132 moving_avg=0.071 rms=0.090 mean_rms=0.120 max_rms=0.141 min_rms=0.087 std=0.022 var=0.000 state=standing thr=0.164/0.364/0.864
-7.12,22.12,7.31,0.9775,-0.1867,0.0756,-0.0625,-1.23,-3.85,8.97,-1.25,-1.50,3.62,9.84,0,1.70,0.0342,0.0711,0,0.000,0.000,0.00,0.00,0.000,0
-7.12,21.81,7.44,0.9778,-0.1846,0.0754,-0.0639,-1.12,-3.51,8.94,2.25,2.38,9.69,9.67,0,1.70,0.0342,0.0703,0,0.000,0.000,0.00,0.00,0.000,0
-7.12,22.00,7.06,0.9778,-0.1859,0.0754,-0.0605,-1.14,-3.59,8.94,-9.69,-2.00,13.31,9.70,0,1.70,0.0340,0.0709,0,0.000,0.000,0.00,0.00,0.000,0
phase1 acc_mag=9.755 gravity=9.708 motion=0.047 moving_avg=0.068 rms=0.087 mean_rms=0.110 max_rms=0.141 min_rms=0.085 std=0.024 var=0.001 state=standing thr=0.158/0.358/0.858
-7.31,22.19,7.00,0.9775,-0.1872,0.0770,-0.0599,-1.16,-3.75,8.93,-1.62,4.62,8.44,9.75,0,1.70,0.0346,0.0713,0,0.000,0.000,0.00,0.00,0.000,0
-7.62,22.12,7.00,0.9772,-0.1868,0.0798,-0.0617,-1.14,-3.58,9.00,-2.00,4.12,-18.88,9.75,0,1.70,0.0358,0.0710,0,0.000,0.000,0.00,0.00,0.000,0
-7.50,22.19,7.44,0.9772,-0.1865,0.0792,-0.0635,-1.22,-3.65,8.91,4.38,-7.44,-3.62,9.71,0,1.70,0.0357,0.0709,0,0.000,0.000,0.00,0.00,0.000,0
-7.38,22.12,7.31,0.9775,-0.1865,0.0771,-0.0617,-1.18,-3.79,9.02,0.00,-5.75,7.69,9.85,0,1.70,0.0348,0.0710,0,0.000,0.000,0.00,0.00,0.000,0
phase1 acc_mag=9.714 gravity=9.704 motion=0.010 moving_avg=0.060 rms=0.078 mean_rms=0.098 max_rms=0.136 min_rms=0.077 std=0.022 var=0.000 state=standing thr=0.142/0.350/0.850
-7.25,22.12,7.25,0.9775,-0.1864,0.0768,-0.0622,-1.20,-3.76,9.04,8.44,6.25,6.25,9.86,0,1.70,0.0347,0.0710,0,0.000,0.000,0.00,0.00,0.000,0
-7.19,21.88,7.12,0.9780,-0.1843,0.0755,-0.0612,-1.22,-3.57,8.87,2.25,-4.50,-1.88,9.64,0,1.70,0.0341,0.0703,0,0.000,0.000,0.00,0.00,0.000,0
-6.81,21.88,7.44,0.9781,-0.1843,0.0729,-0.0637,-1.02,-3.40,8.90,3.75,-2.38,4.12,9.58,0,1.70,0.0332,0.0702,0,0.000,0.000,0.00,0.00,0.000,0
-6.81,22.06,7.38,0.9777,-0.1868,0.0726,-0.0622,-1.03,-3.60,8.90,-5.50,-4.62,9.94,9.66,0,1.70,0.0331,0.0712,0,0.000,0.000,0.00,0.00,0.000,0
phase1 acc_mag=9.658 gravity=9.696 motion=0.037 moving_avg=0.065 rms=0.083 mean_rms=0.087 max_rms=0.135 min_rms=0.076 std=0.011 var=0.000 state=standing thr=0.109/0.350/0.850
-6.62,22.25,7.38,0.9775,-0.1881,0.0716,-0.0634,-1.02,-3.52,8.85,1.00,-4.75,-4.62,9.58,0,1.70,0.0328,0.0717,0,0.000,0.000,0.00,0.00,0.000,0
-6.50,22.38,7.44,0.9772,-0.1901,0.0704,-0.0639,-1.12,-3.70,8.98,-12.69,0.00,0.00,9.78,0,1.70,0.0324,0.0725,0,0.000,0.000,0.00,0.00,0.000,0
-6.62,22.69,7.56,0.9766,-0.1918,0.0720,-0.0648,-1.14,-3.61,8.89,-3.50,2.00,-7.06,9.66,0,1.70,0.0331,0.0731,0,0.000,0.000,0.00,0.00,0.000,0
-6.38,22.75,7.75,0.9766,-0.1920,0.0702,-0.0663,-1.02,-3.56,8.87,-3.38,-6.00,-1.88,9.61,0,1.70,0.0325,0.0732,0,0.000,0.000,0.00,0.00,0.000,0
phase1 acc_mag=9.689 gravity=9.686 motion=0.003 moving_avg=0.063 rms=0.080 mean_rms=0.083 max_rms=0.091 min_rms=0.076 std=0.004 var=0.000 state=standing thr=0.092/0.350/0.850
-6.38,22.81,7.88,0.9763,-0.1932,0.0699,-0.0682,-1.13,-3.69,9.02,-6.25,-4.88,-7.19,9.81,0,1.70,0.0326,0.0735,0,0.000,0.000,0.00,0.00,0.000,0
-6.06,22.81,7.94,0.9766,-0.1929,0.0676,-0.0677,-1.10,-3.64,8.87,4.38,-6.00,-5.62,9.65,0,1.70,0.0316,0.0735,0,0.000,0.000,0.00,0.00,0.000,0
-6.00,22.81,7.81,0.9767,-0.1929,0.0667,-0.0669,-1.38,-3.90,8.96,2.62,-8.56,0.62,9.87,0,1.70,0.0312,0.0736,0,0.000,0.000,0.00,0.00,0.000,0
-5.75,22.75,7.88,0.9767,-0.1931,0.0647,-0.0668,-0.85,-3.52,8.91,-7.44,-3.38,7.56,9.62,0,1.70,0.0304,0.0737,0,0.000,0.000,0.00,0.00,0.000,0
phase1 acc_mag=9.204 gravity=9.679 motion=0.474 moving_avg=0.065 rms=0.091 mean_rms=0.081 max_rms=0.091 min_rms=0.076 std=0.003 var=0.000 state=slow thr=0.088/0.350/0.850
-5.75,23.25,7.62,0.9760,-0.1973,0.0651,-0.0654,-0.85,-3.56,9.05,-9.31,0.62,2.75,9.76,0,1.70,0.0306,0.0753,0,0.000,0.000,0.00,0.00,0.000,0
-5.94,23.75,7.38,0.9750,-0.2021,0.0666,-0.0630,-0.89,-3.86,8.80,-6.75,-1.75,4.38,9.65,0,1.70,0.0311,0.0772,0,0.000,0.000,0.00,0.00,0.000,0
-6.25,23.81,6.88,0.9752,-0.2021,0.0690,-0.0586,-0.78,-3.75,8.88,-2.38,5.38,4.25,9.67,0,1.70,0.0316,0.0772,0,0.000,0.000,0.00,0.00,0.000,0
phase1 acc_mag=9.750 gravity=9.689 motion=0.061 moving_avg=0.077 rms=0.102 mean_rms=0.084 max_rms=0.102 min_rms=0.076 std=0.007 var=0.000 state=slow thr=0.099/0.350/0.850
-6.50,24.00,6.44,0.9750,-0.2033,0.0701,-0.0551,-0.95,-3.82,8.92,-1.00,2.12,10.31,9.75,0,1.70,0.0318,0.0777,0,0.000,0.000,0.00,0.00,0.000,0
-7.00,24.25,5.81,0.9746,-0.2059,0.0734,-0.0489,-1.09,-4.03,8.93,-4.50,-0.75,7.81,9.86,0,1.70,0.0326,0.0788,0,0.000,0.000,0.00,0.00,0.000,0
-7.31,24.25,5.06,0.9748,-0.2057,0.0745,-0.0433,-0.96,-3.91,8.74,1.75,-0.12,6.75,9.62,0,1.70,0.0326,0.0789,0,0.000,0.000,0.00,0.00,0.000,0
-7.44,24.50,4.31,0.9745,-0.2084,0.0746,-0.0372,-1.13,-3.89,8.79,-11.31,-4.00,9.19,9.68,0,1.70,0.0322,0.0801,0,0.000,0.000,0.00,0.00,0.000,0
phase1 acc_mag=9.463 gravity=9.683 motion=0.220 moving_avg=0.080 rms=0.105 mean_rms=0.089 max_rms=0.105 min_rms=0.076 std=0.009 var=0.000 state=standing thr=0.108/0.350/0.850
-7.31,24.81,3.31,0.9743,-0.2115,0.0718,-0.0286,-1.32,-4.21,8.71,0.88,-10.69,4.62,9.76,0,1.70,0.0304,0.0816,0,0.000,0.000,0.00,0.00,0.000,0
-7.19,24.88,2.69,0.9743,-0.2128,0.0698,-0.0230,-1.05,-4.03,8.82,-3.88,-0.88,8.69,9.75,0,1.70,0.0291,0.0823,0,0.000,0.000,0.00,0.00,0.000,0
-7.81,25.56,2.19,0.9723,-0.2201,0.0765,-0.0189,-1.31,-3.94,8.65,-18.38,24.56,2.88,9.59,0,1.70,0.0314,0.0850,0,0.000,0.000,0.00,0.00,0.000,0
-9.62,26.88,1.94,0.9691,-0.2288,0.0902,-0.0165,-2.58,-4.81,8.75,-11.31,27.56,11.06,10.31,0,1.70,0.0365,0.0881,0,0.000,0.000,0.00,0.00,0.000,0
phase1 acc_mag=10.172 gravity=9.705 motion=0.467 moving_avg=0.098 rms=0.142 mean_rms=0.095 max_rms=0.142 min_rms=0.078 std=0.013 var=0.000 state=slow thr=0.120/0.350/0.850
-10.19,27.62,1.81,0.9672,-0.2353,0.0947,-0.0155,-2.48,-4.52,8.53,-9.81,0.00,4.25,9.97,0,1.70,0.0381,0.0904,0,0.000,0.000,0.00,0.00,0.000,0
-10.88,28.25,1.12,0.9655,-0.2401,0.1005,-0.0099,-2.04,-4.25,8.31,-5.75,11.94,10.19,9.55,0,1.70,0.0398,0.0923,0,0.000,0.000,0.00,0.00,0.000,0
-12.00,28.62,0.56,0.9640,-0.2426,0.1091,-0.0049,-2.45,-4.12,8.00,-9.94,10.06,3.25,9.33,0,1.70,0.0426,0.0933,0,0.000,0.000,0.00,0.00,0.000,0
-12.62,29.88,0.50,0.9604,-0.2538,0.1144,-0.0037,-2.85,-4.79,8.34,-10.56,-3.75,-9.69,10.03,0,1.70,0.0443,0.0973,0,0.000,0.000,0.00,0.00,0.000,0
phase1 acc_mag=10.045 gravity=9.703 motion=0.342 moving_avg=0.129 rms=0.178 mean_rms=0.112 max_rms=0.178 min_rms=0.078 std=0.027 var=0.001 state=slow thr=0.165/0.365/0.865
-11.44,30.75,1.50,0.9595,-0.2600,0.1072,-0.0126,-2.26,-5.02,8.06,-1.25,-9.44,-21.44,9.76,0,1.70,0.0425,0.0993,0,0.000,0.000,0.00,0.00,0.000,0
-10.62,30.25,2.81,0.9612,-0.2548,0.1020,-0.0254,-2.22,-4.86,8.02,15.00,5.88,-19.88,9.64,0,1.70,0.0418,0.0969,0,0.000,0.000,0.00,0.00,0.000,0
-10.69,30.56,5.06,0.9597,-0.2559,0.1081,-0.0426,-3.51,-4.83,7.76,-12.81,25.94,-33.62,9.79,0,1.70,0.0459,0.0964,0,0.000,0.000,0.00,0.00,0.000,0
-11.00,30.56,8.25,0.9580,-0.2521,0.1179,-0.0693,-4.13,-4.74,7.73,19.50,26.06,-35.81,9.96,0,1.70,0.0522,0.0934,0,0.000,0.000,0.00,0.00,0.000,0
phase1 acc_mag=9.911 gravity=9.732 motion=0.179 moving_avg=0.145 rms=0.191 mean_rms=0.135 max_rms=0.195 min_rms=0.095 std=0.037 var=0.001 state=standing thr=0.209/0.409/0.909
-10.19,29.12,11.81,0.9592,-0.2376,0.1171,-0.0994,-3.76,-4.67,7.53,35.94,1.88,-52.19,9.63,0,1.70,0.0544,0.0865,0,0.000,0.000,0.00,0.00,0.000,0
-8.94,27.75,14.56,0.9597,-0.2260,0.1090,-0.1265,-3.19,-5.15,8.54,18.75,-2.25,-35.44,10.47,0,1.70,0.0533,0.0812,0,0.000,0.000,0.00,0.00,0.000,0
-7.88,29.00,17.12,0.9546,-0.2368,0.1067,-0.1461,-0.61,-5.32,9.13,-11.69,-2.38,-28.75,10.58,0,1.70,0.0546,0.0842,0,0.000,0.000,0.00,0.00,0.000,0
-7.06,29.62,19.56,0.9509,-0.2399,0.1063,-0.1639,1.21,-4.62,9.97,-7.94,15.00,-36.56,11.05,0,1.70,0.0562,0.0843,0,0.000,0.000,0.00,0.00,0.000,0
phase1 acc_mag=11.223 gravity=9.827 motion=1.395 moving_avg=0.262 rms=0.416 mean_rms=0.167 max_rms=0.416 min_rms=0.100 std=0.065 var=0.004 state=slow thr=0.296/0.496/0.996
-7.50,29.12,21.69,0.9485,-0.2327,0.1136,-0.1823,0.26,-5.31,11.11,18.75,18.62,-20.12,12.32,0,1.70,0.0601,0.0800,0,0.000,0.000,0.00,0.00,0.000,0
-7.12,29.31,22.75,0.9466,-0.2341,0.1130,-0.1909,-0.53,-4.02,7.46,-3.12,-17.12,-18.62,8.49,0,1.70,0.0607,0.0800,0,0.000,0.000,0.00,0.00,0.000,0
-4.25,29.12,23.19,0.9474,-0.2382,0.0885,-0.1946,0.64,-3.94,8.61,-16.00,-25.56,-14.50,9.49,0,1.70,0.0521,0.0834,0,0.000,0.000,0.00,0.00,0.000,0
phase1 acc_mag=9.304 gravity=9.862 motion=0.558 moving_avg=0.435 rms=0.670 mean_rms=0.273 max_rms=0.670 min_rms=0.106 std=0.186 var=0.034 state=slow thr=0.645/0.845/1.345
-3.44,29.38,24.12,0.9455,-0.2413,0.0834,-0.2022,0.52,-4.53,8.11,6.50,-5.12,-9.19,9.30,0,1.70,0.0511,0.0845,0,0.000,0.000,0.00,0.00,0.000,0
-3.44,28.38,24.75,0.9465,-0.2325,0.0831,-0.2077,0.21,-4.03,8.87,19.38,10.06,-0.25,9.74,0,1.70,0.0508,0.0811,0,0.000,0.000,0.00,0.00,0.000,0
-4.56,26.81,24.88,0.9493,-0.2153,0.0897,-0.2109,-0.64,-3.85,8.83,22.56,0.38,-12.44,9.65,0,1.70,0.0522,0.0742,0,0.000,0.000,0.00,0.00,0.000,0
-3.81,26.06,25.12,0.9503,-0.2126,0.0827,-0.2123,-0.38,-3.71,8.23,-23.31,-23.44,-3.25,9.04,0,1.70,0.0495,0.0738,0,0.000,0.000,0.00,0.00,0.000,0
phase1 acc_mag=10.181 gravity=9.835 motion=0.346 moving_avg=0.463 rms=0.683 mean_rms=0.385 max_rms=0.683 min_rms=0.151 std=0.223 var=0.050 state=standing thr=0.832/1.032/1.532
-2.44,26.94,25.19,0.9483,-0.2238,0.0717,-0.2134,0.29,-5.70,9.18,-10.81,-9.06,-18.25,10.81,0,1.70,0.0463,0.0788,0,0.000,0.000,0.00,0.00,0.000,0
-2.69,27.75,26.81,0.9439,-0.2279,0.0794,-0.2255,-0.42,-4.69,8.19,8.44,21.31,-38.06,9.45,0,1.70,0.0505,0.0789,0,0.000,0.000,0.00,0.00,0.000,0
-3.31,27.19,29.38,0.9398,-0.2194,0.0886,-0.2465,-1.21,-4.72,9.14,9.19,28.12,-28.38,10.36,0,1.70,0.0549,0.0738,0,0.000,0.000,0.00,0.00,0.000,0
-4.25,27.56,31.50,0.9327,-0.2200,0.1032,-0.2664,-1.37,-4.33,7.93,-21.19,24.81,-32.88,9.14,0,1.70,0.0620,0.0711,0,0.000,0.000,0.00,0.00,0.000,0
phase1 acc_mag=8.773 gravity=9.856 motion=1.083 moving_avg=0.530 rms=0.748 mean_rms=0.498 max_rms=0.748 min_rms=0.188 std=0.227 var=0.051 state=standing thr=0.951/1.151/1.651
-5.50,28.44,34.00,0.9260,-0.2195,0.1190,-0.2832,-1.59,-4.36,8.77,17.38,41.81,-17.62,9.92,0,1.70,0.0690,0.0678,0,0.000,0.000,0.00,0.00,0.000,0
-6.44,28.00,36.44,0.9189,-0.2098,0.1313,-0.3073,-2.60,-3.71,9.99,6.25,36.44,-36.44,10.97,0,1.70,0.0741,0.0610,0,0.000,0.000,0.00,0.00,0.000,0
-5.75,27.56,39.25,0.9136,-0.2064,0.1287,-0.3258,-1.68,-4.38,9.13,15.88,-2.62,-39.56,10.26,0,1.70,0.0739,0.0586,0,0.000,0.000,0.00,0.00,0.000,0
phase1 acc_mag=8.370 gravity=9.884 motion=1.514 moving_avg=0.672 rms=0.856 mean_rms=0.624 max_rms=0.856 min_rms=0.194 std=0.184 var=0.034 state=standing thr=0.992/1.192/1.692
-5.19,27.19,41.12,0.9089,-0.2026,0.1260,-0.3421,-1.18,-3.46,7.53,11.19,11.19,-28.62,8.37,0,1.70,0.0735,0.0564,0,0.000,0.000,0.00,0.00,0.000,0
-7.75,28.88,42.88,0.8992,-0.2051,0.1558,-0.3535,-3.90,-3.08,8.55,-21.94,36.94,-35.19,9.89,0,1.70,0.0851,0.0518,0,0.000,0.000,0.00,0.00,0.000,0
-6.50,29.69,46.00,0.8867,-0.2130,0.1547,-0.3800,-1.71,-5.56,9.62,-14.00,12.94,-37.81,11.24,0,1.70,0.0872,0.0520,0,0.000,0.000,0.00,0.00,0.000,0
-5.31,29.38,49.94,0.8759,-0.2088,0.1504,-0.4081,0.82,-4.34,7.61,20.25,9.94,-51.94,8.80,0,1.70,0.0868,0.0486,0,0.000,0.000,0.00,0.00,0.000,0
phase1 acc_mag=8.195 gravity=9.822 motion=1.627 moving_avg=0.718 rms=0.892 mean_rms=0.744 max_rms=0.915 min_rms=0.515 std=0.094 var=0.009 state=standing thr=0.933/1.133/1.633
-4.50,29.44,52.81,0.8640,-0.2088,0.1509,-0.4326,0.62,-4.42,8.30,-5.12,22.69,-32.62,9.42,0,1.70,0.0883,0.0461,0,0.000,0.000,0.00,0.00,0.000,0
-5.25,30.31,55.19,0.8544,-0.2088,0.1631,-0.4468,-0.49,-5.20,9.28,-17.38,21.69,-20.75,10.65,0,1.70,0.0931,0.0422,0,0.000,0.000,0.00,0.00,0.000,0
-4.94,31.31,58.12,0.8391,-0.2129,0.1714,-0.4703,0.54,-4.69,7.54,-10.19,19.25,-42.12,8.90,0,1.70,0.0976,0.0392,0,0.000,0.000,0.00,0.00,0.000,0
-6.44,31.38,60.94,0.8285,-0.2021,0.1870,-0.4877,0.09,-4.74,9.27,-7.44,68.56,-32.25,10.41,0,1.70,0.1014,0.0305,0,0.000,0.000,0.00,0.00,0.000,0
phase1 acc_mag=11.997 gravity=9.897 motion=2.100 moving_avg=0.665 rms=0.824 mean_rms=0.782 max_rms=0.915 min_rms=0.675 std=0.074 var=0.006 state=standing thr=0.931/1.131/1.631
-13.31,37.19,66.69,0.7870,-0.1936,0.2738,-0.5179,-4.00,-6.50,2.11,-82.06,132.50,-37.44,7.92,0,1.70,0.1263,0.0042,0,0.000,0.000,0.00,0.00,0.000,0
-12.44,36.94,66.62,0.7883,-0.1969,0.2666,-0.5184,-1.13,-5.56,9.55,44.25,-44.12,-0.25,11.11,0,1.70,0.1249,0.0068,0,0.000,0.000,0.00,0.00,0.000,0
-9.69,34.50,66.19,0.7974,-0.1974,0.2345,-0.5198,-0.28,-5.51,7.66,27.69,-51.69,2.75,9.44,0,1.70,0.1158,0.0142,0,0.000,0.000,0.00,0.00,0.000,0
phase1 acc_mag=10.220 gravity=9.929 motion=0.291 moving_avg=0.844 rms=1.105 mean_rms=0.866 max_rms=1.125 min_rms=0.729 std=0.122 var=0.015 state=standing thr=1.110/1.310/1.810
-7.94,32.69,65.50,0.8055,-0.1954,0.2113,-0.5180,-0.82,-5.60,8.51,10.19,-9.81,4.88,10.22,0,1.70,0.1086,0.0192,0,0.000,0.000,0.00,0.00,0.000,0
-8.88,31.88,66.12,0.8026,-0.1838,0.2193,-0.5234,-0.41,-3.79,7.58,-19.88,36.44,1.12,8.48,0,1.70,0.1089,0.0131,0,0.000,0.000,0.00,0.00,0.000,0
-11.38,36.50,67.44,0.7863,-0.1985,0.2584,-0.5249,-1.36,-9.06,12.50,-55.69,62.00,21.19,15.50,0,1.70,0.1229,0.0082,1,0.679,0.000,0.00,0.00,0.679,0
-15.38,41.50,69.50,0.7602,-0.2010,0.3177,-0.5298,-2.00,-4.93,7.52,-18.75,44.88,-12.06,9.21,0,1.70,0.1392,-0.0062,1,0.679,0.000,0.00,0.00,0.679,0
phase1 acc_mag=7.817 gravity=9.959 motion=2.143 moving_avg=1.093 rms=1.452 mean_rms=0.974 max_rms=1.452 min_rms=0.758 std=0.196 var=0.038 state=slow thr=1.365/1.565/2.065
-15.75,41.62,69.31,0.7626,-0.1998,0.3168,-0.5274,-2.47,-6.72,7.30,7.19,-20.88,-2.62,10.22,0,1.70,0.1388,-0.0059,1,0.679,0.000,0.00,0.00,0.679,0
-15.12,44.50,72.88,0.7355,-0.2128,0.3356,-0.5487,-2.04,-6.28,7.86,-23.06,38.31,-46.88,10.27,0,1.70,0.1454,-0.0111,1,0.679,0.000,0.00,0.00,0.679,0
-15.62,45.00,75.69,0.7236,-0.2032,0.3442,-0.5627,-3.51,-7.33,7.02,23.06,19.50,4.25,10.74,0,1.70,0.1454,-0.0187,1,0.679,0.000,0.00,0.00,0.679,0
-16.75,42.81,75.81,0.7281,-0.1804,0.3411,-0.5665,-2.83,-4.93,5.93,9.56,16.00,18.88,8.21,0,1.70,0.1402,-0.0248,1,0.679,0.000,0.00,0.00,0.679,0
phase1 acc_mag=10.970 gravity=10.044 motion=0.926 moving_avg=1.180 rms=1.580 mean_rms=1.122 max_rms=1.598 min_rms=0.794 std=0.276 var=0.076 state=standing thr=1.674/1.874/2.374
-18.00,42.12,75.44,0.7302,-0.1711,0.3441,-0.5649,-4.17,-5.67,5.77,23.69,-10.31,13.81,9.10,0,1.70,0.1392,-0.0278,1,0.679,0.000,0.00,0.00,0.679,0
-19.38,40.56,73.94,0.7399,-0.1566,0.3424,-0.5574,-3.94,-6.01,6.97,19.25,-3.62,9.31,10.01,0,1.70,0.1363,-0.0300,1,0.679,0.000,0.00,0.00,0.679,0
-18.75,39.12,73.44,0.7462,-0.1537,0.3307,-0.5569,-3.01,-5.46,7.69,26.06,-14.50,24.06,9.90,0,1.70,0.1330,-0.0278,1,0.679,0.000,0.00,0.00,0.679,0
-17.81,34.12,71.06,0.7714,-0.1346,0.2911,-0.5496,-2.41,-3.46,5.98,46.50,-45.62,13.06,7.32,0,1.70,0.1194,-0.0224,1,0.679,0.000,0.00,0.00,0.679,0
phase1 acc_mag=10.198 gravity=9.967 motion=0.231 moving_avg=1.079 rms=1.540 mean_rms=1.257 max_rms=1.598 min_rms=0.794 std=0.293 var=0.086 state=standing thr=1.842/2.042/2.542
-16.50,31.38,70.88,0.7766,-0.1269,0.2734,-0.5532,-2.14,-3.91,8.16,25.81,-15.75,-7.94,9.30,0,1.70,0.1130,-0.0211,1,0.679,0.000,0.00,0.00,0.679,0
-15.88,31.12,72.44,0.7701,-0.1255,0.2697,-0.5643,-2.64,-3.57,8.00,5.88,0.25,-35.94,9.15,0,1.70,0.1114,-0.0222,1,0.679,0.000,0.00,0.00,0.679,0
-15.44,31.31,73.31,0.7646,-0.1271,0.2693,-0.5715,-1.84,-3.05,8.30,-3.38,9.31,-21.06,9.03,0,1.70,0.1114,-0.0227,1,0.679,0.000,0.00,0.00,0.679,0
-15.25,31.81,74.12,0.7609,-0.1296,0.2714,-0.5749,-2.58,-3.46,9.41,12.31,-12.31,-12.44,10.35,0,1.70,0.1124,-0.0230,1,0.679,0.000,0.00,0.00,0.679,0
phase1 acc_mag=10.463 gravity=9.846 motion=0.618 moving_avg=1.081 rms=1.523 mean_rms=1.402 max_rms=1.598 min_rms=0.940 std=0.206 var=0.042 state=standing thr=1.813/2.013/2.513
-14.25,31.12,74.44,0.7617,-0.1305,0.2599,-0.5790,-2.20,-4.34,8.95,14.12,-13.81,-2.50,10.19,0,1.70,0.1094,-0.0204,1,0.679,0.000,0.00,0.00,0.679,0
-12.19,30.62,71.31,0.7794,-0.1469,0.2408,-0.5595,-3.28,-7.23,11.33,0.38,-104.00,61.00,13.83,0,1.70,0.1079,-0.0081,1,0.679,0.000,0.00,0.00,0.679,0
-9.56,31.38,70.50,0.7836,-0.1684,0.2255,-0.5539,0.49,-6.28,7.79,-13.19,11.06,-0.38,10.02,0,1.70,0.1080,0.0028,1,0.679,0.000,0.00,0.00,0.679,0
-8.12,33.19,76.25,0.7521,-0.1774,0.2333,-0.5903,-2.31,-4.14,7.76,-37.81,38.56,-106.94,9.09,0,1.70,0.1121,-0.0017,1,0.679,0.000,0.00,0.00,0.679,0
phase1 acc_mag=9.929 gravity=9.979 motion=0.050 moving_avg=1.123 rms=1.549 mean_rms=1.488 max_rms=1.598 min_rms=1.094 std=0.127 var=0.016 state=standing thr=1.743/1.943/2.443
-7.88,34.62,79.44,0.7319,-0.1806,0.2443,-0.6099,-2.23,-5.45,7.88,10.56,6.38,-12.19,9.84,0,1.70,0.1156,-0.0067,1,0.679,0.000,0.00,0.00,0.679,0
-7.50,33.62,79.38,0.7350,-0.1774,0.2362,-0.6103,0.35,-4.72,6.24,15.25,-27.56,5.38,7.83,0,1.70,0.1127,-0.0055,1,0.679,0.000,0.00,0.00,0.679,0
-6.81,33.31,78.06,0.7435,-0.1837,0.2281,-0.6013,-0.59,-5.51,8.66,-12.06,-9.94,10.06,10.28,0,1.70,0.1120,-0.0002,2,0.709,0.521,44.05,0.73,1.388,0
-7.19,34.00,76.69,0.7484,-0.1870,0.2320,-0.5925,-0.72,-4.89,8.00,-7.31,0.50,20.12,9.40,0,1.70,0.1138,0.0010,2,0.709,0.521,44.05,0.73,1.388,0
phase1 acc_mag=9.444 gravity=9.894 motion=0.450 moving_avg=0.923 rms=1.282 mean_rms=1.519 max_rms=1.598 min_rms=1.282 std=0.073 var=0.005 state=standing thr=1.666/1.866/2.366
-7.62,34.06,75.00,0.7589,-0.1874,0.2328,-0.5786,-0.39,-4.71,8.37,3.00,-5.00,40.44,9.61,0,1.70,0.1141,0.0030,2,0.709,0.521,44.05,0.73,1.388,0
-8.50,34.06,72.44,0.7692,-0.1882,0.2346,-0.5638,-0.42,-4.71,8.06,-11.94,-10.06,35.56,9.34,0,1.70,0.1146,0.0050,2,0.709,0.521,44.05,0.73,1.388,0
-9.19,33.50,69.44,0.7868,-0.1857,0.2306,-0.5416,-0.38,-4.89,8.64,14.62,-11.56,36.19,9.94,0,1.70,0.1128,0.0085,2,0.709,0.521,44.05,0.73,1.388,0
-9.62,31.50,65.31,0.8076,-0.1792,0.2187,-0.5176,0.00,-4.65,9.09,7.69,-12.44,56.62,10.21,0,1.70,0.1077,0.0126,2,0.709,0.521,44.05,0.73,1.388,0
phase1 acc_mag=12.016 gravity=9.794 motion=2.222 moving_avg=0.722 rms=1.060 mean_rms=1.427 max_rms=1.584 min_rms=1.038 std=0.177 var=0.031 state=standing thr=1.780/1.980/2.480
-13.12,31.94,61.06,0.8300,-0.1650,0.2426,-0.4743,-6.33,-7.49,10.43,-25.56,-4.88,65.06,14.32,0,1.70,0.1119,0.0088,2,0.709,0.521,44.05,0.73,1.388,0
-14.56,30.81,55.25,0.8502,-0.1697,0.2366,-0.4387,-1.26,-3.11,4.72,-17.38,-28.75,60.00,5.79,0,1.70,0.1102,0.0162,3,0.726,1.310,108.30,1.81,2.114,1
-15.12,30.88,50.94,0.8630,-0.1752,0.2352,-0.4113,-3.05,-4.27,7.24,-14.62,-24.31,65.56,8.94,0,1.70,0.1100,0.0218,3,0.726,1.310,108.30,1.81,2.114,0
-15.88,30.94,46.00,0.8808,-0.1836,0.2323,-0.3695,-4.07,-4.39,8.64,-16.25,-33.62,43.00,10.51,0,1.70,0.1090,0.0303,3,0.726,1.310,108.30,1.81,2.114,0
phase1 acc_mag=11.008 gravity=9.781 motion=1.228 moving_avg=1.013 rms=1.510 mean_rms=1.402 max_rms=1.558 min_rms=1.038 std=0.171 var=0.029 state=standing thr=1.743/1.943/2.443
-15.38,30.75,42.81,0.8901,-0.1898,0.2236,-0.3490,-2.70,-5.05,8.24,-5.62,-21.44,45.25,10.03,0,1.70,0.1061,0.0363,3,0.726,1.310,108.30,1.81,2.114,0
-16.56,30.88,39.44,0.8986,-0.1922,0.2277,-0.3223,-3.16,-3.87,7.83,-12.06,4.00,34.50,9.29,0,1.70,0.1066,0.0397,3,0.726,1.310,108.30,1.81,2.114,0
-17.12,32.00,36.38,0.9048,-0.2070,0.2283,-0.2939,-3.90,-4.43,8.60,-18.25,-25.06,22.69,10.43,0,1.70,0.1070,0.0481,3,0.726,1.310,108.30,1.81,2.114,0
phase1 acc_mag=10.209 gravity=9.814 motion=0.395 moving_avg=0.963 rms=1.476 mean_rms=1.397 max_rms=1.558 min_rms=1.038 std=0.167 var=0.028 state=standing thr=1.730/1.930/2.430
-15.38,32.00,33.25,0.9133,-0.2172,0.2104,-0.2729,-1.89,-4.65,8.89,-4.38,-34.38,6.50,10.21,0,1.70,0.1006,0.0564,3,0.726,1.310,108.30,1.81,2.114,0
-13.44,31.00,31.81,0.9207,-0.2186,0.1889,-0.2626,-3.45,-4.88,6.38,3.75,-41.31,10.19,8.74,0,1.70,0.0925,0.0606,3,0.726,1.310,108.30,1.81,2.114,0
-12.38,31.12,27.69,0.9302,-0.2292,0.1719,-0.2295,0.29,-4.45,10.34,-56.38,-14.50,55.56,11.26,0,1.70,0.0850,0.0695,3,0.726,1.310,108.30,1.81,2.114,0
-13.50,32.12,24.44,0.9340,-0.2375,0.1783,-0.1989,-1.72,-5.49,9.92,8.44,3.12,48.25,11.47,0,1.70,0.0855,0.0745,3,0.726,1.310,108.30,1.81,2.114,0
phase1 acc_mag=9.937 gravity=9.791 motion=0.146 moving_avg=0.996 rms=1.479 mean_rms=1.370 max_rms=1.558 min_rms=1.038 std=0.155 var=0.024 state=standing thr=1.680/1.880/2.380
-14.50,31.06,19.88,0.9418,-0.2349,0.1747,-0.1653,-4.52,-4.63,6.59,-9.94,-57.38,84.12,9.24,0,1.70,0.0813,0.0769,3,0.726,1.310,108.30,1.81,2.114,0
-13.81,31.00,11.75,0.9528,-0.2496,0.1484,-0.0883,-0.68,-4.90,6.46,-41.19,-62.25,98.38,8.14,0,1.70,0.0654,0.0899,3,0.726,1.310,108.30,1.81,2.114,0
-14.38,31.69,3.62,0.9544,-0.2625,0.1388,-0.0305,-2.23,-6.20,7.42,-31.00,-54.31,100.00,9.92,0,1.70,0.0562,0.0985,3,0.726,1.310,108.30,1.81,2.114,0
-13.81,31.56,355.19,0.9543,-0.2723,0.1120,0.0502,-0.75,-6.49,8.55,-28.62,-56.12,110.56,10.76,0,1.70,0.0373,0.1062,3,0.726,1.310,108.30,1.81,2.114,0
phase1 acc_mag=9.542 gravity=9.818 motion=0.276 moving_avg=1.034 rms=1.480 mean_rms=1.387 max_rms=1.527 min_rms=1.038 std=0.151 var=0.023 state=standing thr=1.689/1.889/2.389
-14.75,31.69,347.31,0.9489,-0.2792,0.1033,0.1051,-0.83,-5.49,6.20,-31.25,-44.88,97.06,8.32,0,1.70,0.0275,0.1103,3,0.726,1.310,108.30,1.81,2.114,0
-16.19,31.38,338.38,0.9343,-0.2869,0.0948,0.1890,-1.09,-5.30,7.79,-40.81,-32.50,112.25,9.48,0,1.70,0.0137,0.1144,3,0.726,1.310,108.30,1.81,2.114,0
-18.81,32.75,327.69,0.9102,-0.3070,0.0887,0.2636,-3.90,-6.84,7.74,-96.06,-23.06,119.69,11.04,0,1.70,-0.0001,0.1211,3,0.726,1.310,108.30,1.81,2.114,0
-21.00,36.00,319.44,0.8754,-0.3412,0.0767,0.3337,-5.84,-6.19,10.18,-53.19,-45.38,100.88,13.27,0,1.70,-0.0187,0.1297,3,0.726,1.310,108.30,1.81,2.114,0
phase1 acc_mag=11.289 gravity=9.821 motion=1.467 moving_avg=1.147 rms=1.494 mean_rms=1.471 max_rms=1.634 min_rms=1.340 std=0.062 var=0.004 state=standing thr=1.596/1.796/2.296
-21.69,33.88,311.19,0.8544,-0.3300,0.0623,0.3966,-3.15,-3.85,6.14,-6.25,-75.25,90.62,7.90,0,1.70,-0.0311,0.1226,3,0.726,1.310,108.30,1.81,2.114,0
-21.19,33.06,304.56,0.8354,-0.3279,0.0442,0.4387,-2.58,-4.23,6.29,-38.94,-50.56,80.81,8.01,0,1.70,-0.0428,0.1173,3,0.726,1.310,108.30,1.81,2.114,0
-19.81,32.06,298.00,0.8104,-0.3152,0.0146,0.4936,-3.47,-4.46,8.69,-0.25,-64.56,54.69,10.37,0,1.70,-0.0575,0.1051,4,0.718,0.507,42.40,0.71,2.832,0
phase1 acc_mag=11.307 gravity=9.876 motion=1.432 moving_avg=1.116 rms=1.404 mean_rms=1.462 max_rms=1.634 min_rms=1.340 std=0.061 var=0.004 state=standing thr=1.584/1.784/2.284
-18.50,32.12,293.69,0.7949,-0.3142,-0.0052,0.5190,-4.49,-5.58,8.75,-27.19,-43.38,39.06,11.31,0,1.70,-0.0669,0.0988,4,0.718,0.507,42.40,0.71,2.832,0
-16.25,31.31,289.50,0.7771,-0.2973,-0.0338,0.5537,-1.81,-4.72,6.97,-9.69,-44.62,33.75,8.61,0,1.70,-0.0764,0.0849,4,0.718,0.507,42.40,0.71,2.832,0
-15.25,31.81,285.81,0.7610,-0.2963,-0.0505,0.5750,-2.80,-4.79,8.27,-30.62,-25.19,37.06,9.96,0,1.70,-0.0835,0.0786,4,0.718,0.507,42.40,0.71,2.832,0
-15.25,33.31,283.31,0.7435,-0.3054,-0.0662,0.5912,-2.72,-5.00,8.55,-28.62,-22.56,25.56,10.27,0,1.70,-0.0919,0.0752,4,0.718,0.507,42.40,0.71,2.832,0
phase1 acc_mag=9.579 gravity=9.829 motion=0.250 moving_avg=1.111 rms=1.405 mean_rms=1.443 max_rms=1.634 min_rms=1.340 std=0.060 var=0.004 state=standing thr=1.564/1.764/2.264
-14.94,34.62,281.44,0.7335,-0.3109,-0.0782,0.5994,-1.96,-4.32,7.91,-20.62,-18.62,7.44,9.22,0,1.70,-0.0975,0.0724,4,0.718,0.507,42.40,0.71,2.832,0
-13.88,34.25,280.00,0.7274,-0.3020,-0.0878,0.6099,-1.94,-4.30,8.06,-2.38,-31.88,19.88,9.34,0,1.70,-0.0992,0.0664,4,0.718,0.507,42.40,0.71,2.832,0
-12.62,33.44,279.50,0.7269,-0.2901,-0.0948,0.6152,-1.87,-4.41,6.81,2.50,-4.12,-2.50,8.33,0,1.70,-0.0990,0.0610,4,0.718,0.507,42.40,0.71,2.832,0
-10.50,35.88,278.38,0.7176,-0.2932,-0.1257,0.6191,-3.72,-9.33,10.41,-40.56,-78.19,-7.56,14.47,0,1.70,-0.1087,0.0530,4,0.718,0.507,42.40,0.71,2.832,0
phase1 acc_mag=13.563 gravity=9.937 motion=3.626 moving_avg=1.118 rms=1.537 mean_rms=1.436 max_rms=1.634 min_rms=1.223 std=0.071 var=0.005 state=standing thr=1.577/1.777/2.277
-7.00,35.19,277.00,0.7127,-0.2682,-0.1511,0.6303,4.06,-5.28,6.19,0.12,-17.75,-12.31,9.09,0,1.70,-0.1107,0.0384,4,0.718,0.507,42.40,0.71,2.832,0
-8.38,35.50,277.12,0.7116,-0.2771,-0.1392,0.6304,-1.29,-5.72,6.54,5.50,32.38,7.94,8.78,0,1.70,-0.1095,0.0438,4,0.718,0.507,42.40,0.71,2.832,0
-9.38,35.44,276.31,0.7076,-0.2821,-0.1368,0.6332,-1.93,-6.17,8.30,-14.62,-16.62,-13.81,10.52,0,1.70,-0.1102,0.0452,4,0.718,0.507,42.40,0.71,2.832,0
-8.38,34.81,275.62,0.7047,-0.2690,-0.1432,0.6407,1.30,-6.00,6.57,24.31,-31.00,-5.25,8.99,0,1.70,-0.1093,0.0391,4,0.718,0.507,42.40,0.71,2.832,0
phase1 acc_mag=8.552 gravity=9.959 motion=1.407 moving_avg=1.118 rms=1.560 mean_rms=1.455 max_rms=1.634 min_rms=1.223 std=0.087 var=0.008 state=standing thr=1.629/1.829/2.329
-7.94,34.81,273.75,0.6950,-0.2669,-0.1498,0.6506,-0.46,-6.47,7.78,-10.81,-7.56,16.38,10.13,0,1.70,-0.1111,0.0352,4,0.718,0.507,42.40,0.71,2.832,0
-8.69,35.31,272.56,0.6857,-0.2727,-0.1516,0.6577,-0.55,-6.32,7.73,-5.12,1.75,13.69,10.00,0,1.70,-0.1133,0.0349,4,0.718,0.507,42.40,0.71,2.832,0
-9.25,35.31,271.31,0.6797,-0.2744,-0.1492,0.6637,0.22,-5.46,7.88,-0.62,9.56,18.00,9.59,0,1.70,-0.1134,0.0350,4,0.718,0.507,42.40,0.71,2.832,0
phase1 acc_mag=9.263 gravity=9.762 motion=0.498 moving_avg=0.890 rms=1.298 mean_rms=1.444 max_rms=1.577 min_rms=1.223 std=0.091 var=0.008 state=standing thr=1.626/1.826/2.326
-10.75,35.44,270.44,0.6724,-0.2838,-0.1400,0.6691,-0.41,-5.28,7.60,-2.38,20.38,14.12,9.26,0,1.70,-0.1136,0.0389,4,0.718,0.507,42.40,0.71,2.832,0
-12.25,33.38,268.62,0.6646,-0.2748,-0.1212,0.6842,-0.82,-4.93,8.24,43.00,-7.81,38.19,9.64,0,1.70,-0.1074,0.0399,4,0.718,0.507,42.40,0.71,2.832,0
-12.75,29.19,265.75,0.6547,-0.2527,-0.1031,0.7049,-1.27,-4.40,6.51,51.94,-34.38,55.69,7.96,0,1.70,-0.0983,0.0371,4,0.718,0.507,42.40,0.71,2.832,0
-13.81,31.56,263.12,0.6346,-0.2738,-0.1191,0.7128,-4.47,-8.40,12.62,-53.31,10.06,-23.81,15.81,0,1.70,-0.1083,0.0355,4,0.718,0.507,42.40,0.71,2.832,0
phase1 acc_mag=7.564 gravity=10.111 motion=2.547 moving_avg=1.065 rms=1.758 mean_rms=1.439 max_rms=1.758 min_rms=1.217 std=0.130 var=0.017 state=slow thr=1.699/1.899/2.399
-13.12,30.38,262.25,0.6298,-0.2548,-0.1135,0.7250,-1.07,-4.11,2.50,62.12,-43.25,21.31,4.93,0,1.70,-0.1025,0.0313,4,0.718,0.507,42.40,0.71,2.832,0
-14.31,28.62,260.69,0.6227,-0.2545,-0.1006,0.7330,-3.15,-5.59,8.53,17.62,-3.75,12.44,10.67,0,1.70,-0.0997,0.0339,5,0.778,0.506,39.01,0.65,3.609,0
-12.94,27.69,261.06,0.6290,-0.2403,-0.1030,0.7322,-2.58,-5.73,9.06,2.25,-11.06,-9.44,11.03,0,1.70,-0.0963,0.0303,5,0.778,0.506,39.01,0.65,3.609,0
-12.50,27.50,263.44,0.6428,-0.2393,-0.0995,0.7209,-1.74,-4.23,6.94,1.88,28.62,-32.62,8.31,0,1.70,-0.0946,0.0328,5,0.778,0.506,39.01,0.65,3.609,0
phase1 acc_mag=9.506 gravity=10.015 motion=0.509 moving_avg=1.351 rms=2.030 mean_rms=1.550 max_rms=2.030 min_rms=1.217 std=0.245 var=0.060 state=standing thr=2.039/2.239/2.739
-13.06,28.38,265.50,0.6558,-0.2513,-0.0962,0.7054,-3.09,-5.21,8.31,-9.06,24.06,-25.69,10.28,0,1.70,-0.0961,0.0388,5,0.778,0.506,39.01,0.65,3.609,0
-12.62,29.19,267.75,0.6670,-0.2534,-0.0995,0.6935,-1.09,-4.45,7.74,2.00,-1.00,-31.38,8.99,0,1.70,-0.0968,0.0400,5,0.778,0.506,39.01,0.65,3.609,0
-12.25,30.19,271.19,0.6887,-0.2617,-0.0991,0.6689,-2.20,-5.28,8.45,1.75,30.12,-45.75,10.20,0,1.70,-0.0973,0.0456,5,0.778,0.506,39.01,0.65,3.609,0
-12.38,31.19,276.25,0.7136,-0.2714,-0.0927,0.6392,-2.24,-4.54,8.10,1.38,37.81,-65.44,9.55,0,1.70,-0.0958,0.0538,5,0.778,0.506,39.01,0.65,3.609,0
phase1 acc_mag=9.436 gravity=9.791 motion=0.355 moving_avg=1.138 rms=1.791 mean_rms=1.675 max_rms=2.035 min_rms=1.217 std=0.275 var=0.076 state=standing thr=2.225/2.425/2.925
-11.69,32.31,281.38,0.7438,-0.2810,-0.0913,0.5995,-2.08,-4.82,8.03,-7.06,33.75,-87.62,9.59,0,1.70,-0.0946,0.0617,5,0.778,0.506,39.01,0.65,3.609,0
-10.81,34.25,287.56,0.7727,-0.2958,-0.0908,0.5543,-1.88,-4.96,8.25,-9.06,60.25,-94.06,9.81,0,1.70,-0.0937,0.0713,5,0.778,0.506,39.01,0.65,3.609,0
-10.62,34.31,294.88,0.8022,-0.2980,-0.0748,0.5120,-1.89,-5.71,8.49,43.38,61.75,-88.00,10.40,0,1.70,-0.0850,0.0803,5,0.778,0.506,39.01,0.65,3.609,0
-11.75,35.25,303.12,0.8359,-0.3237,-0.0490,0.4405,-4.25,-5.16,6.74,-112.88,81.56,-121.19,9.49,0,1.70,-0.0734,0.0996,5,0.778,0.506,39.01,0.65,3.609,0
phase1 acc_mag=16.462 gravity=9.892 motion=6.570 moving_avg=1.120 rms=1.859 mean_rms=1.714 max_rms=2.035 min_rms=1.217 std=0.269 var=0.073 state=standing thr=2.252/2.452/2.952
-11.50,44.75,311.06,0.8395,-0.3896,-0.0553,0.3748,-0.95,-12.77,8.48,-60.25,96.69,-73.12,15.36,0,1.70,-0.0770,0.1225,5,0.778,0.506,39.01,0.65,3.609,0
-10.62,43.06,317.81,0.8646,-0.3740,-0.0376,0.3334,0.61,-4.46,2.70,63.31,45.25,-62.62,5.25,0,1.70,-0.0629,0.1243,6,0.802,0.894,66.89,1.11,4.411,1
-10.75,41.44,323.19,0.8856,-0.3649,-0.0144,0.2869,-3.43,-5.61,6.65,3.50,49.69,-69.81,9.35,0,1.70,-0.0470,0.1276,6,0.802,0.894,66.89,1.11,4.411,0
phase1 acc_mag=11.778 gravity=9.914 motion=1.864 moving_avg=1.666 rms=2.485 mean_rms=1.911 max_rms=2.485 min_rms=1.217 std=0.331 var=0.109 state=standing thr=2.572/2.772/3.272
-7.50,42.25,329.31,0.8979,-0.3641,-0.0266,0.2460,2.88,-7.99,8.16,12.56,-8.56,-65.94,11.78,0,1.70,-0.0454,0.1282,6,0.802,0.894,66.89,1.11,4.411,0
-6.12,41.38,335.00,0.9122,-0.3560,-0.0200,0.2018,-0.53,-6.91,5.93,11.81,30.50,-48.25,9.12,0,1.70,-0.0360,0.1283,6,0.802,0.894,66.89,1.11,4.411,0
-4.81,40.81,339.56,0.9215,-0.3506,-0.0175,0.1660,-0.58,-6.49,7.12,12.94,17.38,-64.56,9.65,0,1.70,-0.0297,0.1281,6,0.802,0.894,66.89,1.11,4.411,0
-4.12,39.75,343.94,0.9318,-0.3406,-0.0063,0.1252,0.68,-6.54,7.46,18.88,51.19,-55.56,9.94,0,1.70,-0.0194,0.1266,6,0.802,0.894,66.89,1.11,4.411,0
phase1 acc_mag=9.873 gravity=9.778 motion=0.094 moving_avg=1.209 rms=1.966 mean_rms=2.079 max_rms=2.485 min_rms=1.724 std=0.263 var=0.069 state=standing thr=2.605/2.805/3.305
-4.38,39.00,349.19,0.9377,-0.3357,0.0089,0.0887,-0.30,-6.65,7.51,21.56,48.88,-55.81,10.04,0,1.70,-0.0086,0.1262,6,0.802,0.894,66.89,1.11,4.411,0
-5.75,36.88,353.06,0.9458,-0.3178,0.0344,0.0568,-0.99,-6.18,7.54,12.81,38.94,-16.00,9.80,0,1.70,0.0058,0.1210,6,0.802,0.894,66.89,1.11,4.411,0
-6.75,36.12,355.12,0.9484,-0.3109,0.0490,0.0401,-1.18,-6.36,7.66,16.75,38.06,-16.12,10.03,0,1.70,0.0136,0.1187,6,0.802,0.894,66.89,1.11,4.411,0
-8.44,35.44,357.00,0.9501,-0.3025,0.0729,0.0223,-0.71,-5.38,8.10,20.00,49.31,-13.81,9.75,0,1.70,0.0250,0.1156,6,0.802,0.894,66.89,1.11,4.411,0
phase1 acc_mag=9.125 gravity=9.767 motion=0.642 moving_avg=0.997 rms=1.853 mean_rms=2.062 max_rms=2.485 min_rms=1.724 std=0.271 var=0.073 state=standing thr=2.604/2.804/3.304
-10.31,35.88,359.62,0.9479,-0.3046,0.0938,0.0029,-2.28,-5.21,8.35,6.25,47.12,-28.25,10.10,0,1.70,0.0352,0.1156,6,0.802,0.894,66.89,1.11,4.411,0
-11.69,34.75,333.06,0.9245,-0.3099,0.0377,0.2188,-2.61,-4.86,8.78,21.06,32.00,-16.62,10.37,0,1.70,-0.0132,0.1179,6,0.802,0.894,66.89,1.11,4.411,0
-11.81,33.19,335.50,0.9319,-0.2975,0.0455,0.2023,-1.64,-4.88,8.67,21.56,18.88,-29.38,10.08,0,1.70,-0.0071,0.1146,6,0.802,0.894,66.89,1.11,4.411,0
phase1 acc_mag=9.318 gravity=9.823 motion=0.505 moving_avg=0.997 rms=1.851 mean_rms=2.044 max_rms=2.485 min_rms=1.724 std=0.277 var=0.077 state=standing thr=2.598/2.798/3.298
-11.75,32.38,337.56,0.9383,-0.2888,0.0516,0.1832,-1.93,-4.37,8.00,21.19,12.69,-31.75,9.32,0,1.70,-0.0018,0.1122,6,0.802,0.894,66.89,1.11,4.411,0
-11.00,31.31,339.94,0.9449,-0.2780,0.0521,0.1649,-2.13,-4.34,8.48,9.19,1.88,-22.31,9.76,0,1.70,0.0013,0.1085,6,0.802,0.894,66.89,1.11,4.411,0
-10.19,30.81,342.50,0.9493,-0.2736,0.0515,0.1457,-2.21,-4.88,8.46,9.19,2.25,-37.69,10.01,0,1.70,0.0036,0.1069,6,0.802,0.894,66.89,1.11,4.411,0
-9.25,30.94,345.44,0.9537,-0.2723,0.0494,0.1174,-2.26,-5.75,8.32,6.00,7.69,-47.25,10.36,0,1.70,0.0061,0.1062,6,0.802,0.894,66.89,1.11,4.411,0
phase1 acc_mag=9.974 gravity=9.640 motion=0.333 moving_avg=0.712 rms=1.267 mean_rms=2.045 max_rms=2.485 min_rms=1.267 std=0.278 var=0.077 state=standing thr=2.602/2.802/3.302
-8.06,30.88,348.38,0.9567,-0.2706,0.0461,0.0970,-1.07,-5.17,7.72,7.94,4.62,-29.50,9.35,0,1.70,0.0071,0.1053,6,0.802,0.894,66.89,1.11,4.411,0
-6.94,31.44,351.00,0.9575,-0.2759,0.0411,0.0734,-0.35,-4.58,8.36,-27.06,2.00,-23.69,9.54,0,1.70,0.0076,0.1069,6,0.802,0.894,66.89,1.11,4.411,0
-5.31,32.94,353.62,0.9564,-0.2852,0.0330,0.0530,0.31,-6.04,7.72,1.75,-10.06,-33.50,9.81,0,1.70,0.0066,0.1098,6,0.802,0.894,66.89,1.11,4.411,0
-3.44,33.12,356.00,0.9576,-0.2860,0.0209,0.0291,1.61,-5.92,8.00,-2.38,3.75,-46.00,10.08,0,1.70,0.0047,0.1098,6,0.802,0.894,66.89,1.11,4.411,0
phase1 acc_mag=9.925 gravity=9.740 motion=0.185 moving_avg=0.313 rms=0.418 mean_rms=1.705 max_rms=2.485 min_rms=0.418 std=0.555 var=0.308 state=standing thr=2.815/3.015/3.515
-2.56,33.88,359.94,0.9563,-0.2914,0.0237,0.0004,1.08,-5.74,8.08,-23.19,30.12,-47.38,9.97,0,1.70,0.0090,0.1115,6,0.802,0.894,66.89,1.11,4.411,0
-2.69,34.50,3.81,0.9540,-0.2952,0.0365,-0.0366,0.40,-6.58,9.39,7.56,32.00,-45.12,11.47,0,1.70,0.0182,0.1121,6,0.802,0.894,66.89,1.11,4.411,0
-2.62,33.44,7.38,0.9555,-0.2853,0.0427,-0.0617,0.85,-4.62,7.18,14.50,25.81,-38.81,8.58,0,1.70,0.0233,0.1080,6,0.802,0.894,66.89,1.11,4.411,0
-2.75,32.75,10.94,0.9548,-0.2781,0.0521,-0.0915,0.38,-4.41,8.16,8.44,25.44,-33.12,9.28,0,1.70,0.0301,0.1043,6,0.802,0.894,66.89,1.11,4.411,0
phase1 acc_mag=9.430 gravity=9.784 motion=0.354 moving_avg=0.407 rms=0.559 mean_rms=1.327 max_rms=1.951 min_rms=0.405 std=0.638 var=0.407 state=standing thr=2.602/2.802/3.302
-3.00,32.88,13.00,0.9520,-0.2783,0.0609,-0.1118,0.14,-4.97,8.42,-2.88,25.56,-26.31,9.78,0,1.70,0.0356,0.1032,6,0.802,0.894,66.89,1.11,4.411,0
-3.12,33.00,14.94,0.9503,-0.2776,0.0656,-0.1248,0.92,-5.15,8.45,-3.25,17.75,-13.81,9.94,0,1.70,0.0388,0.1023,6,0.802,0.894,66.89,1.11,4.411,0
-3.81,32.94,16.12,0.9489,-0.2753,0.0759,-0.1348,0.91,-4.48,7.64,0.38,15.25,6.25,8.90,0,1.70,0.0436,0.1004,6,0.802,0.894,66.89,1.11,4.411,0
-4.56,32.75,16.56,0.9486,-0.2725,0.0822,-0.1382,0.90,-4.40,8.21,3.88,12.56,5.88,9.36,0,1.70,0.0462,0.0989,6,0.802,0.000,0.00,0.00,4.411,0
phase1 acc_mag=9.272 gravity=9.743 motion=0.471 moving_avg=0.422 rms=0.574 mean_rms=1.062 max_rms=1.854 min_rms=0.405 std=0.624 var=0.389 state=standing thr=2.309/2.509/3.009
-5.38,32.31,16.56,0.9496,-0.2667,0.0890,-0.1389,0.88,-4.46,8.28,9.31,10.19,-2.75,9.45,0,1.70,0.0486,0.0963,6,0.802,0.000,0.00,0.00,4.411,0
-5.88,30.31,16.81,0.9537,-0.2498,0.0908,-0.1409,0.88,-4.22,8.97,34.25,-5.12,9.31,9.95,0,1.70,0.0487,0.0902,6,0.802,0.000,0.00,0.00,4.411,0
-5.88,28.12,14.94,0.9605,-0.2331,0.0844,-0.1262,0.12,-4.09,7.64,20.88,-15.00,38.19,8.67,0,1.70,0.0442,0.0853,6,0.802,0.000,0.00,0.00,4.411,0
-6.44,29.38,12.62,0.9598,-0.2450,0.0864,-0.1067,-2.28,-8.23,13.01,-4.62,4.50,-1.38,15.56,0,1.70,0.0436,0.0904,6,0.802,0.000,0.00,0.00,4.411,0
phase1 acc_mag=11.548 gravity=10.084 motion=1.464 moving_avg=0.745 rms=1.552 mean_rms=0.824 max_rms=1.848 min_rms=0.405 std=0.492 var=0.242 state=standing thr=1.808/2.008/2.508
-8.69,28.81,12.62,0.9600,-0.2365,0.1054,-0.1064,-0.66,-3.34,5.23,0.12,55.19,5.75,6.24,0,1.70,0.0505,0.0863,6,0.802,0.000,0.00,0.00,4.411,0
-9.31,28.88,12.38,0.9604,-0.2355,0.1082,-0.1025,-3.55,-4.62,6.27,12.56,-22.19,30.00,8.56,0,1.70,0.0512,0.0860,6,0.802,0.000,0.00,0.00,4.411,0
-7.75,28.06,11.00,0.9635,-0.2330,0.0930,-0.0932,-0.94,-3.90,8.88,10.94,-11.31,-4.75,9.74,0,1.70,0.0445,0.0863,7,0.799,0.000,0.00,0.00,5.210,0
-8.12,29.12,12.62,0.9596,-0.2402,0.1008,-0.1064,-2.75,-4.37,8.51,-47.12,41.69,-32.62,9.95,0,1.70,0.0489,0.0879,7,0.799,0.000,0.00,0.00,5.210,0
phase1 acc_mag=10.640 gravity=9.871 motion=0.769 moving_avg=0.953 rms=1.727 mean_rms=0.832 max_rms=1.730 min_rms=0.405 std=0.489 var=0.240 state=standing thr=1.811/2.011/2.511
-9.94,30.19,13.88,0.9551,-0.2446,0.1202,-0.1165,-0.81,-3.98,9.00,8.44,24.69,-4.38,9.87,0,1.70,0.0573,0.0879,7,0.799,0.000,0.00,0.00,5.210,0
-10.56,30.88,14.44,0.9520,-0.2496,0.1290,-0.1219,-1.17,-5.01,8.19,-17.62,-1.50,1.88,9.67,0,1.70,0.0613,0.0888,7,0.799,0.000,0.00,0.00,5.210,0
-10.12,31.31,13.88,0.9523,-0.2538,0.1234,-0.1161,-0.65,-3.88,8.00,1.62,-24.44,11.69,8.91,0,1.70,0.0588,0.0910,7,0.799,0.000,0.00,0.00,5.210,0
-8.38,31.38,14.12,0.9529,-0.2571,0.1089,-0.1184,-0.78,-3.46,8.02,-10.19,-36.81,-25.69,8.77,0,1.70,0.0537,0.0928,7,0.799,0.000,0.00,0.00,5.210,0
phase1 acc_mag=10.548 gravity=9.784 motion=0.764 moving_avg=1.021 rms=1.747 mean_rms=1.067 max_rms=1.747 min_rms=0.405 std=0.571 var=0.326 state=standing thr=2.209/2.409/2.909
-7.06,28.88,12.69,0.9608,-0.2393,0.0909,-0.1069,0.38,-4.20,10.95,36.31,-32.25,44.88,11.73,0,1.70,0.0452,0.0881,7,0.799,0.000,0.00,0.00,5.210,0
-5.00,27.31,12.69,0.9647,-0.2303,0.0693,-0.1075,-2.63,-4.62,8.84,-8.56,-22.56,-7.44,10.32,0,1.70,0.0367,0.0859,7,0.799,0.000,0.00,0.00,5.210,0
-3.00,26.62,12.94,0.9665,-0.2260,0.0532,-0.1096,-1.11,-7.18,9.51,15.00,15.88,28.00,11.97,0,1.70,0.0305,0.0850,7,0.799,0.000,0.00,0.00,5.210,0
-4.75,25.38,10.69,0.9700,-0.2155,0.0659,-0.0916,0.97,-2.45,6.88,-16.12,35.19,-1.88,7.37,0,1.70,0.0335,0.0812,7,0.799,0.000,0.00,0.00,5.210,0
phase1 acc_mag=6.200 gravity=10.100 motion=3.900 moving_avg=1.450 rms=2.404 mean_rms=1.388 max_rms=2.404 min_rms=0.557 std=0.606 var=0.367 state=standing thr=2.600/2.800/3.300
-6.19,25.44,8.75,0.9713,-0.2144,0.0721,-0.0744,-3.56,-3.97,7.87,4.88,-38.31,35.94,9.51,0,1.70,0.0344,0.0811,8,0.806,1.136,84.63,1.41,6.016,0
-4.19,26.31,4.38,0.9724,-0.2257,0.0464,-0.0375,-0.72,-5.39,7.33,-12.56,-48.38,55.44,9.13,0,1.70,0.0214,0.0871,8,0.806,1.136,84.63,1.41,6.016,0
-3.38,26.25,358.75,0.9730,-0.2288,0.0272,0.0168,0.15,-4.96,8.66,-8.06,-37.31,93.31,9.98,0,1.70,0.0090,0.0892,8,0.806,1.136,84.63,1.41,6.016,0
phase1 acc_mag=9.669 gravity=10.098 motion=0.429 moving_avg=1.514 rms=2.428 mean_rms=1.778 max_rms=2.428 min_rms=0.557 std=0.546 var=0.298 state=standing thr=2.871/3.071/3.571
-5.00,26.94,352.88,0.9697,-0.2350,0.0304,0.0602,-0.73,-4.82,8.35,-5.88,-7.56,88.25,9.67,0,1.70,0.0061,0.0919,8,0.806,1.136,84.63,1.41,6.016,0
-7.06,27.44,343.75,0.9599,-0.2429,0.0297,0.1368,-1.04,-4.87,9.51,-17.38,-17.75,114.50,10.73,0,1.70,-0.0019,0.0949,8,0.806,1.136,84.63,1.41,6.016,0
-8.50,26.50,335.19,0.9456,-0.2380,0.0230,0.2207,-0.77,-5.23,7.63,-0.38,-49.81,125.31,9.28,0,1.70,-0.0123,0.0920,8,0.806,1.136,84.63,1.41,6.016,0
-8.38,25.38,322.56,0.9216,-0.2307,0.0012,0.3123,0.18,-5.97,7.54,-1.25,-87.25,154.50,9.62,0,1.70,-0.0284,0.0852,8,0.806,1.136,84.63,1.41,6.016,0
phase1 acc_mag=9.500 gravity=9.756 motion=0.256 moving_avg=1.162 rms=1.900 mean_rms=2.043 max_rms=2.434 min_rms=1.663 std=0.323 var=0.104 state=standing thr=2.689/2.889/3.389
-8.56,24.38,313.38,0.8911,-0.2234,-0.0127,0.3948,0.19,-5.18,7.71,-30.12,-37.31,130.75,9.29,0,1.70,-0.0398,0.0776,8,0.806,1.136,84.63,1.41,6.016,0
-11.69,26.31,304.38,0.8524,-0.2480,-0.0133,0.4601,-5.72,-6.98,13.77,-26.31,-35.94,103.75,16.46,0,1.70,-0.0502,0.0821,8,0.806,1.136,84.63,1.41,6.016,0
-12.06,24.31,296.81,0.8239,-0.2319,-0.0181,0.5168,-2.15,-2.38,7.54,9.69,-35.31,80.94,8.19,0,1.70,-0.0539,0.0727,8,0.806,1.136,84.63,1.41,6.016,0
-12.19,24.00,290.12,0.7939,-0.2318,-0.0299,0.5613,-0.56,-2.55,7.88,-40.94,-21.56,57.88,8.30,0,1.70,-0.0615,0.0669,9,0.767,1.039,81.30,1.36,6.783,0
phase1 acc_mag=9.122 gravity=10.016 motion=0.894 moving_avg=1.513 rms=2.303 mean_rms=2.125 max_rms=2.434 min_rms=1.724 std=0.285 var=0.081 state=standing thr=2.694/2.894/3.394
-11.50,24.69,285.44,0.7695,-0.2276,-0.0483,0.5947,-3.06,-4.49,8.35,-0.38,-56.38,76.88,9.96,0,1.70,-0.0690,0.0586,9,0.767,1.039,81.30,1.36,6.783,0
-10.75,24.69,280.62,0.7488,-0.2240,-0.0606,0.6208,-2.23,-4.62,9.47,-19.00,-21.69,46.75,10.77,0,1.70,-0.0738,0.0520,9,0.767,1.039,81.30,1.36,6.783,0
-11.00,24.75,277.69,0.7297,-0.2242,-0.0640,0.6428,-1.23,-3.74,8.68,-9.69,-1.25,47.62,9.53,0,1.70,-0.0763,0.0490,9,0.767,1.039,81.30,1.36,6.783,0
phase1 acc_mag=9.147 gravity=10.059 motion=0.912 moving_avg=1.462 rms=2.281 mean_rms=2.243 max_rms=2.434 min_rms=1.749 std=0.205 var=0.042 state=standing thr=2.652/2.852/3.352
-12.44,23.94,273.56,0.7089,-0.2248,-0.0588,0.6660,-2.69,-2.95,8.23,-8.31,-14.62,51.94,9.15,0,1.70,-0.0766,0.0481,9,0.767,1.039,81.30,1.36,6.783,0
-11.69,23.88,269.31,0.6843,-0.2173,-0.0717,0.6923,-2.12,-3.42,8.51,-14.38,-34.50,50.69,9.41,0,1.70,-0.0798,0.0396,9,0.767,1.039,81.30,1.36,6.783,0
-11.12,23.94,266.31,0.6638,-0.2129,-0.0820,0.7123,-2.04,-3.78,8.82,-9.44,-17.00,23.44,9.81,0,1.70,-0.0824,0.0332,9,0.767,1.039,81.30,1.36,6.783,0
-11.31,24.12,263.75,0.6500,-0.2127,-0.0860,0.7245,-1.77,-3.38,8.89,-9.19,-15.62,32.38,9.67,0,1.70,-0.0840,0.0304,9,0.767,1.039,81.30,1.36,6.783,0
phase1 acc_mag=9.714 gravity=9.806 motion=0.092 moving_avg=0.934 rms=1.531 mean_rms=2.199 max_rms=2.434 min_rms=1.531 std=0.254 var=0.065 state=standing thr=2.707/2.907/3.407
-11.25,24.31,262.38,0.6398,-0.2122,-0.0913,0.7330,-1.82,-2.87,8.60,-8.81,-15.00,14.62,9.25,0,1.70,-0.0856,0.0275,9,0.767,1.039,81.30,1.36,6.783,0
-10.44,24.50,261.19,0.6335,-0.2076,-0.0983,0.7388,-1.87,-2.84,8.39,-20.50,-17.38,9.69,9.05,0,1.70,-0.0862,0.0236,9,0.767,1.039,81.30,1.36,6.783,0
-10.00,25.06,260.75,0.6296,-0.2067,-0.1071,0.7412,-2.18,-3.52,9.33,-7.56,-17.88,5.75,10.21,0,1.70,-0.0883,0.0203,9,0.767,1.039,81.30,1.36,6.783,0
-8.38,24.25,260.50,0.6302,-0.1921,-0.1106,0.7441,-2.94,-4.32,8.08,30.12,-24.44,1.62,9.62,0,1.70,-0.0851,0.0155,9,0.767,1.039,81.30,1.36,6.783,0
phase1 acc_mag=9.723 gravity=9.811 motion=0.087 moving_avg=0.905 rms=1.508 mean_rms=2.017 max_rms=2.434 min_rms=1.508 std=0.339 var=0.115 state=standing thr=2.695/2.895/3.395
-6.31,25.06,259.69,0.6218,-0.1767,-0.1336,0.7512,-0.99,-8.70,11.93,-0.50,-89.00,30.12,14.80,0,1.70,-0.0863,0.0038,9,0.767,1.039,81.30,1.36,6.783,0
-5.81,25.38,257.62,0.6108,-0.1782,-0.1379,0.7591,3.23,-5.90,9.54,-5.50,34.50,14.62,11.67,0,1.70,-0.0878,0.0016,9,0.767,1.039,81.30,1.36,6.783,0
-5.88,24.81,255.44,0.5944,-0.1721,-0.1402,0.7729,-1.47,-3.29,5.57,-27.44,-31.88,25.19,6.63,0,1.70,-0.0865,-0.0024,9,0.767,1.039,81.30,1.36,6.783,0
-3.00,27.62,253.44,0.5806,-0.1647,-0.1748,0.7779,-0.41,-4.08,6.96,-57.38,-48.62,9.69,8.08,0,1.70,-0.0918,-0.0161,10,0.727,0.682,56.29,0.94,7.509,0
phase1 acc_mag=8.697 gravity=9.999 motion=1.302 moving_avg=1.234 rms=1.890 mean_rms=1.929 max_rms=2.306 min_rms=1.508 std=0.315 var=0.099 state=standing thr=2.558/2.758/3.258
-0.94,29.50,250.69,0.5574,-0.1522,-0.2053,0.7899,1.38,-6.76,7.72,-18.12,-57.00,31.38,10.35,0,1.70,-0.0939,-0.0309,10,0.727,0.682,56.29,0.94,7.509,0
-0.44,31.88,248.00,0.5378,-0.1573,-0.2257,0.7969,0.74,-6.91,8.64,-28.38,3.75,38.94,11.09,0,1.70,-0.0987,-0.0381,10,0.727,0.682,56.29,0.94,7.509,0
-3.25,32.50,245.38,0.5185,-0.1762,-0.2194,0.8074,0.12,-5.62,8.03,-11.19,37.69,49.44,9.80,0,1.70,-0.1024,-0.0343,10,0.727,0.682,56.29,0.94,7.509,0
-4.88,33.06,243.25,0.4998,-0.1884,-0.2191,0.8166,-0.05,-5.29,7.82,-18.00,-3.00,33.50,9.44,0,1.70,-0.1053,-0.0339,10,0.727,0.682,56.29,0.94,7.509,0
phase1 acc_mag=9.083 gravity=9.891 motion=0.808 moving_avg=0.799 rms=1.287 mean_rms=1.797 max_rms=2.306 min_rms=1.284 std=0.334 var=0.111 state=standing thr=2.465/2.665/3.165
-4.94,34.00,240.38,0.4808,-0.1858,-0.2292,0.8257,0.09,-6.08,7.50,-4.88,-22.44,30.62,9.66,0,1.70,-0.1054,-0.0400,10,0.727,0.682,56.29,0.94,7.509,0
-5.44,33.88,238.12,0.4636,-0.1852,-0.2301,0.8354,0.74,-5.62,7.82,-3.88,5.88,3.38,9.66,0,1.70,-0.1045,-0.0426,10,0.727,0.682,56.29,0.94,7.509,0
-6.94,32.50,236.94,0.4570,-0.1885,-0.2147,0.8423,0.62,-5.34,9.13,33.50,9.69,19.38,10.60,0,1.70,-0.1027,-0.0379,10,0.727,0.682,56.29,0.94,7.509,0
-7.06,29.50,235.81,0.4519,-0.1750,-0.1938,0.8530,-1.83,-5.74,5.83,29.75,-28.12,16.25,8.38,0,1.70,-0.0947,-0.0345,10,0.727,0.682,56.29,0.94,7.509,0
phase1 acc_mag=10.150 gravity=9.857 motion=0.292 moving_avg=0.810 rms=1.301 mean_rms=1.585 max_rms=2.280 min_rms=1.278 std=0.261 var=0.068 state=standing thr=2.107/2.307/2.807
-7.75,32.06,236.25,0.4525,-0.1918,-0.2084,0.8456,-5.06,-10.78,9.19,-25.56,39.44,-25.81,15.04,0,1.70,-0.1026,-0.0358,10,0.727,0.682,56.29,0.94,7.509,0
-7.75,30.00,236.56,0.4569,-0.1838,-0.1933,0.8486,0.33,-4.36,5.51,23.06,18.12,-23.31,7.03,0,1.70,-0.0977,-0.0320,10,0.727,0.682,56.29,0.94,7.509,0
-6.94,27.31,237.56,0.4670,-0.1679,-0.1758,0.8502,-1.04,-4.30,5.44,38.81,-4.00,-17.00,7.01,0,1.70,-0.0899,-0.0284,11,0.759,0.931,73.53,1.23,8.269,0
phase1 acc_mag=10.309 gravity=9.925 motion=0.384 moving_avg=1.301 rms=1.950 mean_rms=1.591 max_rms=1.950 min_rms=1.278 std=0.237 var=0.056 state=standing thr=2.065/2.265/2.765
-7.75,27.88,241.69,0.4966,-0.1827,-0.1697,0.8314,-2.16,-6.12,8.01,-1.88,64.19,-74.00,10.31,0,1.70,-0.0945,-0.0201,11,0.759,0.931,73.53,1.23,8.269,0
-9.44,27.56,249.69,0.5532,-0.2048,-0.1450,0.7944,-2.04,-5.85,7.90,26.56,63.69,-93.06,10.04,0,1.70,-0.0972,-0.0008,11,0.759,0.931,73.53,1.23,8.269,0
-10.81,27.69,256.31,0.6033,-0.2250,-0.1234,0.7551,-1.70,-5.22,7.73,7.56,62.38,-77.69,9.48,0,1.70,-0.0977,0.0170,11,0.759,0.931,73.53,1.23,8.269,0
-10.56,28.56,264.06,0.6465,-0.2339,-0.1176,0.7166,-2.21,-5.89,7.84,2.75,35.19,-105.06,10.05,0,1.70,-0.0975,0.0268,11,0.759,0.931,73.53,1.23,8.269,0
phase1 acc_mag=10.262 gravity=9.883 motion=0.379 moving_avg=1.200 rms=1.851 mean_rms=1.671 max_rms=1.950 min_rms=1.278 std=0.268 var=0.072 state=standing thr=2.206/2.406/2.906
-10.12,29.88,272.75,0.6970,-0.2477,-0.1091,0.6640,-2.25,-5.58,7.05,-2.88,60.00,-95.94,9.27,0,1.70,-0.0962,0.0401,11,0.759,0.931,73.53,1.23,8.269,0
-10.81,30.88,279.81,0.7403,-0.2668,-0.0912,0.6102,-2.36,-5.08,7.16,2.75,87.50,-106.69,9.09,0,1.70,-0.0921,0.0568,11,0.759,0.931,73.53,1.23,8.269,0
-11.94,31.75,290.31,0.7855,-0.2829,-0.0648,0.5466,-3.32,-6.99,7.60,39.19,79.19,-119.31,10.85,0,1.70,-0.0822,0.0747,11,0.759,0.931,73.53,1.23,8.269,0
phase1 acc_mag=7.817 gravity=9.787 motion=1.971 moving_avg=0.941 rms=1.572 mean_rms=1.628 max_rms=1.950 min_rms=1.278 std=0.255 var=0.065 state=standing thr=2.139/2.339/2.839
-10.69,28.44,301.50,0.8506,-0.2546,-0.0322,0.4589,-2.92,-5.74,4.43,84.38,56.50,-161.56,7.82,0,1.70,-0.0577,0.0807,11,0.759,0.931,73.53,1.23,8.269,0
-8.00,30.69,315.94,0.8956,-0.2710,-0.0264,0.3518,2.19,-10.48,11.56,25.94,81.56,-90.12,15.76,0,1.70,-0.0476,0.0934,11,0.759,0.931,73.53,1.23,8.269,0
-11.00,31.56,325.56,0.9183,-0.2850,0.0193,0.2740,-1.24,-6.01,3.95,14.50,93.31,-118.38,7.30,0,1.70,-0.0242,0.1068,11,0.759,0.931,73.53,1.23,8.269,0
-9.12,29.56,332.19,0.9380,-0.2632,0.0183,0.2250,-0.78,-3.56,7.69,26.06,2.75,-80.19,8.51,0,1.70,-0.0168,0.1004,11,0.759,0.931,73.53,1.23,8.269,0
phase1 acc_mag=10.691 gravity=10.028 motion=0.663 moving_avg=1.416 rms=2.395 mean_rms=1.786 max_rms=2.396 min_rms=1.278 std=0.339 var=0.115 state=standing thr=2.463/2.663/3.163
-7.94,30.69,338.62,0.9455,-0.2718,0.0223,0.1780,1.65,-5.21,8.74,-15.88,57.50,-91.56,10.31,0,1.70,-0.0109,0.1044,11,0.759,0.931,73.53,1.23,8.269,0
-7.69,30.88,345.56,0.9542,-0.2715,0.0364,0.1204,1.15,-4.48,8.61,8.69,55.19,-65.31,9.77,0,1.70,0.0008,0.1054,11,0.759,0.931,73.53,1.23,8.269,0
-9.38,32.19,351.00,0.9551,-0.2805,0.0658,0.0691,-0.12,-4.72,7.88,-4.00,51.19,-57.50,9.19,0,1.70,0.0174,0.1090,11,0.759,0.931,73.53,1.23,8.269,0
-8.88,32.25,355.56,0.9573,-0.2781,0.0701,0.0370,-0.01,-4.77,8.39,10.06,15.12,-49.56,9.65,0,1.70,0.0227,0.1075,11,0.759,0.931,73.53,1.23,8.269,0
phase1 acc_mag=9.645 gravity=9.940 motion=0.294 moving_avg=1.310 rms=2.274 mean_rms=2.003 max_rms=2.396 min_rms=1.556 std=0.302 var=0.091 state=standing thr=2.608/2.808/3.308
-8.19,31.75,358.50,0.9599,-0.2710,0.0717,0.0085,0.56,-5.11,8.50,17.25,21.06,-36.44,9.93,0,1.70,0.0266,0.1043,11,0.759,0.931,73.53,1.23,8.269,0
-7.75,31.25,2.88,0.9606,-0.2657,0.0770,-0.0242,0.77,-4.67,8.77,6.25,34.62,-48.50,9.97,0,1.70,0.0322,0.1014,11,0.759,0.931,73.53,1.23,8.269,0
-8.69,31.19,5.06,0.9599,-0.2611,0.0918,-0.0444,-0.18,-4.54,7.71,16.75,32.62,-11.69,8.95,0,1.70,0.0399,0.0986,11,0.759,0.931,73.53,1.23,8.269,0
-9.69,30.25,5.75,0.9609,-0.2534,0.1003,-0.0485,1.34,-3.73,8.64,5.50,18.25,-8.31,9.51,0,1.70,0.0435,0.0955,11,0.759,0.931,73.53,1.23,8.269,0
phase1 acc_mag=9.007 gravity=9.897 motion=0.890 moving_avg=0.939 rms=1.904 mean_rms=2.030 max_rms=2.396 min_rms=1.556 std=0.292 var=0.085 state=standing thr=2.615/2.815/3.315
-10.56,29.44,5.81,0.9620,-0.2457,0.1081,-0.0491,0.77,-4.39,9.10,21.31,7.81,-5.38,10.13,0,1.70,0.0464,0.0924,11,0.759,0.931,73.53,1.23,8.269,0
-10.06,28.44,6.81,0.9641,-0.2370,0.1051,-0.0577,-2.70,-7.67,11.94,22.94,4.50,-16.25,14.45,0,1.70,0.0460,0.0890,11,0.759,0.931,73.53,1.23,8.269,0
-10.81,28.81,8.06,0.9614,-0.2387,0.1179,-0.0696,-1.74,-3.88,7.35,-5.75,40.81,-10.69,8.49,0,1.70,0.0520,0.0885,11,0.759,0.931,73.53,1.23,8.269,0
-13.12,31.19,9.94,0.9537,-0.2524,0.1412,-0.0829,-5.06,-7.23,10.81,-10.69,15.00,-9.94,13.95,0,1.70,0.0623,0.0916,11,0.759,0.931,73.53,1.23,8.269,0
phase1 acc_mag=12.310 gravity=10.128 motion=2.183 moving_avg=1.251 rms=2.147 mean_rms=2.051 max_rms=2.396 min_rms=1.556 std=0.287 var=0.082 state=standing thr=2.624/2.824/3.324
-12.50,30.38,9.44,0.9572,-0.2454,0.1328,-0.0765,-0.20,-4.08,7.02,17.50,-22.81,30.25,8.12,0,1.70,0.0584,0.0899,11,0.759,0.931,73.53,1.23,8.269,0
-12.75,29.19,7.50,0.9600,-0.2391,0.1312,-0.0634,-1.36,-3.91,7.62,5.50,-3.25,17.50,8.67,0,1.70,0.0564,0.0885,11,0.759,0.931,73.53,1.23,8.269,0
-13.25,29.38,7.94,0.9586,-0.2407,0.1367,-0.0675,-1.79,-3.42,8.24,-10.31,7.19,-8.19,9.10,0,1.70,0.0589,0.0886,11,0.759,0.931,73.53,1.23,8.269,0
-13.44,30.44,9.12,0.9556,-0.2469,0.1414,-0.0765,-0.60,-4.07,9.46,-7.69,32.62,-19.00,10.32,0,1.70,0.0616,0.0901,11,0.759,0.931,73.53,1.23,8.269,0
phase1 acc_mag=10.348 gravity=9.990 motion=0.359 moving_avg=1.322 rms=2.184 mean_rms=2.169 max_rms=2.396 min_rms=1.736 std=0.181 var=0.033 state=standing thr=2.531/2.731/3.231
-13.69,31.75,12.25,0.9500,-0.2527,0.1522,-0.1020,-1.45,-3.40,8.52,1.88,12.56,-48.88,9.29,0,1.70,0.0682,0.0898,11,0.759,0.000,0.00,0.00,8.269,0
-12.75,32.31,14.38,0.9471,-0.2573,0.1475,-0.1221,-1.39,-3.48,8.15,-0.50,-8.06,-29.88,8.97,0,1.70,0.0685,0.0903,11,0.759,0.000,0.00,0.00,8.269,0
-10.94,33.06,15.88,0.9454,-0.2641,0.1376,-0.1321,-0.19,-3.63,9.05,-5.88,-17.88,-11.31,9.75,0,1.70,0.0660,0.0926,11,0.759,0.000,0.00,0.00,8.269,0
-9.12,33.00,17.69,0.9446,-0.2653,0.1255,-0.1470,-1.62,-5.24,7.76,-25.69,-9.56,-36.81,9.50,0,1.70,0.0630,0.0929,11,0.759,0.000,0.00,0.00,8.269,0
phase1 acc_mag=11.273 gravity=9.765 motion=1.508 moving_avg=0.888 rms=1.266 mean_rms=1.970 max_rms=2.394 min_rms=1.243 std=0.357 var=0.127 state=standing thr=2.684/2.884/3.384
-3.62,33.75,18.44,0.9441,-0.2809,0.0791,-0.1533,1.01,-9.74,11.40,-5.12,-78.31,-25.31,15.03,0,1.70,0.0471,0.1012,11,0.759,0.000,0.00,0.00,8.269,0
-3.81,35.06,20.06,0.9377,-0.2890,0.0938,-0.1686,1.64,-6.73,7.79,-24.06,66.94,-10.69,10.42,0,1.70,0.0547,0.1021,11,0.759,0.000,0.00,0.00,8.269,0
-7.44,34.38,21.38,0.9369,-0.2759,0.1216,-0.1771,-3.05,-2.74,5.92,5.00,-7.31,-0.25,7.20,0,1.70,0.0651,0.0948,12,0.824,0.000,0.00,0.00,9.092,1
-3.94,34.38,20.50,0.9395,-0.2840,0.0882,-0.1699,0.58,-4.77,7.34,-6.00,-53.69,3.88,8.77,0,1.70,0.0524,0.1007,12,0.824,0.000,0.00,0.00,9.092,0
phase1 acc_mag=9.844 gravity=9.831 motion=0.013 moving_avg=1.344 rms=1.818 mean_rms=1.832 max_rms=2.216 min_rms=1.243 std=0.317 var=0.101 state=standing thr=2.467/2.667/3.167
-2.38,34.06,19.56,0.9420,-0.2848,0.0715,-0.1625,0.70,-6.98,7.54,7.06,-33.75,12.56,10.30,0,1.70,0.0455,0.1027,12,0.824,0.000,0.00,0.00,9.092,0
-3.06,34.06,17.75,0.9443,-0.2847,0.0762,-0.1466,1.41,-5.82,8.50,-4.50,27.06,22.94,10.40,0,1.70,0.0455,0.1031,12,0.824,0.000,0.00,0.00,9.092,0
-4.44,33.69,14.44,0.9487,-0.2821,0.0768,-0.1204,-0.34,-5.08,7.42,7.44,-49.56,55.19,9.00,0,1.70,0.0427,0.1034,12,0.824,0.000,0.00,0.00,9.092,0
-4.06,33.06,10.12,0.9550,-0.2799,0.0601,-0.0779,1.00,-4.69,7.93,1.12,-49.94,69.81,9.27,0,1.70,0.0317,0.1050,12,0.824,0.000,0.00,0.00,9.092,0
phase1 acc_mag=9.152 gravity=9.895 motion=0.744 moving_avg=1.404 rms=1.836 mean_rms=1.808 max_rms=2.216 min_rms=1.243 std=0.311 var=0.097 state=standing thr=2.431/2.631/3.131
-4.44,32.81,4.19,0.9578,-0.2806,0.0511,-0.0350,0.92,-5.01,7.50,-5.75,-33.00,77.69,9.07,0,1.70,0.0235,0.1068,12,0.824,0.000,0.00,0.00,9.092,0
-5.94,32.56,358.12,0.9585,-0.2803,0.0497,0.0157,0.65,-5.02,7.27,-9.06,-14.62,94.81,8.86,0,1.70,0.0173,0.1078,12,0.824,0.000,0.00,0.00,9.092,0
-7.94,32.94,351.19,0.9529,-0.2874,0.0488,0.0840,-0.68,-5.77,6.84,-25.06,-54.94,116.75,8.97,0,1.70,0.0090,0.1112,12,0.824,0.000,0.00,0.00,9.092,0
-8.50,30.69,337.81,0.9438,-0.2727,0.0253,0.1849,0.64,-6.68,7.39,-9.06,-75.88,163.19,9.98,0,1.70,-0.0106,0.1048,12,0.824,0.000,0.00,0.00,9.092,0
phase1 acc_mag=12.754 gravity=9.677 motion=3.077 moving_avg=1.157 rms=1.575 mean_rms=1.727 max_rms=2.216 min_rms=1.243 std=0.284 var=0.081 state=standing thr=2.296/2.496/2.996
-10.88,33.31,327.94,0.9130,-0.3021,0.0186,0.2734,-3.86,-7.95,13.07,-43.62,-9.44,124.56,15.78,0,1.70,-0.0263,0.1123,12,0.824,0.000,0.00,0.00,9.092,0
-15.19,33.31,319.12,0.8906,-0.3097,0.0323,0.3314,-3.49,-4.18,7.10,-4.12,-13.81,130.38,8.95,0,1.70,-0.0295,0.1146,12,0.824,0.000,0.00,0.00,9.092,0
-15.75,31.19,310.25,0.8618,-0.2976,0.0171,0.4104,-1.51,-3.47,6.44,-34.88,-49.06,105.56,7.47,0,1.70,-0.0430,0.1054,13,0.786,0.939,71.68,1.19,9.878,0
-16.12,31.06,302.25,0.8311,-0.2969,-0.0007,0.4702,-3.52,-4.26,7.03,-19.88,-64.56,108.31,8.94,0,1.70,-0.0561,0.0986,13,0.786,0.939,71.68,1.19,9.878,0
phase1 acc_mag=10.353 gravity=9.851 motion=0.502 moving_avg=1.506 rms=2.085 mean_rms=1.711 max_rms=2.085 min_rms=1.243 std=0.238 var=0.056 state=standing thr=2.186/2.386/2.886
-14.81,29.06,292.88,0.8002,-0.2778,-0.0240,0.5309,-3.47,-6.46,9.19,-5.25,-82.19,91.69,11.76,0,1.70,-0.0667,0.0838,13,0.786,0.939,71.68,1.19,9.878,0
-14.25,27.12,284.94,0.7592,-0.2589,-0.0385,0.5959,-0.93,-4.67,7.75,-10.31,-36.81,117.38,9.10,0,1.70,-0.0734,0.0694,13,0.786,0.939,71.68,1.19,9.878,0
-14.62,26.31,276.88,0.7229,-0.2531,-0.0497,0.6410,-3.03,-4.79,8.52,-8.56,-45.25,81.81,10.23,0,1.70,-0.0793,0.0605,13,0.786,0.939,71.68,1.19,9.878,0
phase1 acc_mag=9.204 gravity=9.674 motion=0.470 moving_avg=1.333 rms=1.848 mean_rms=1.867 max_rms=2.117 min_rms=1.563 std=0.168 var=0.028 state=standing thr=2.204/2.404/2.904
-13.62,25.31,271.25,0.6877,-0.2361,-0.0657,0.6833,-2.11,-4.13,7.95,-13.44,-61.38,76.00,9.20,0,1.70,-0.0826,0.0470,13,0.786,0.939,71.68,1.19,9.878,0
-10.94,24.69,264.44,0.6490,-0.2120,-0.0944,0.7244,-1.25,-4.53,8.16,-15.50,-60.88,63.81,9.42,0,1.70,-0.0860,0.0277,13,0.786,0.939,71.68,1.19,9.878,0
-8.88,25.38,260.12,0.6262,-0.2008,-0.1155,0.7444,-1.62,-4.34,8.32,-19.12,-53.06,35.56,9.52,0,1.70,-0.0887,0.0159,13,0.786,0.939,71.68,1.19,9.878,0
-7.12,24.75,255.88,0.5995,-0.1819,-0.1289,0.7687,-1.24,-4.04,8.65,3.38,-36.31,43.62,9.63,0,1.70,-0.0868,0.0040,13,0.786,0.939,71.68,1.19,9.878,0
phase1 acc_mag=9.670 gravity=9.797 motion=0.127 moving_avg=1.061 rms=1.645 mean_rms=1.861 max_rms=2.117 min_rms=1.563 std=0.173 var=0.030 state=standing thr=2.207/2.407/2.907
-6.88,24.69,253.31,0.5820,-0.1757,-0.1348,0.7824,0.07,-3.57,9.15,-1.88,-16.88,3.38,9.82,0,1.70,-0.0864,-0.0013,13,0.786,0.939,71.68,1.19,9.878,0
-5.19,26.19,253.50,0.5826,-0.1727,-0.1530,0.7794,-5.23,-8.18,9.92,-30.62,-55.44,-13.81,13.88,0,1.70,-0.0895,-0.0074,13,0.786,0.939,71.68,1.19,9.878,0
-1.06,25.31,251.31,0.5678,-0.1370,-0.1730,0.7930,4.86,-4.14,5.96,-14.38,3.75,16.50,8.73,0,1.70,-0.0828,-0.0237,13,0.786,0.939,71.68,1.19,9.878,0
-3.19,28.75,251.94,0.5688,-0.1692,-0.1838,0.7836,-2.78,-6.53,8.02,-52.44,19.50,-2.50,10.71,0,1.70,-0.0948,-0.0191,13,0.786,0.939,71.68,1.19,9.878,0
phase1 acc_mag=13.805 gravity=10.005 motion=3.800 moving_avg=1.169 rms=1.831 mean_rms=1.840 max_rms=2.117 min_rms=1.563 std=0.183 var=0.034 state=standing thr=2.207/2.407/2.907
-1.88,29.19,249.56,0.5494,-0.1570,-0.2000,0.7959,0.06,-5.16,8.42,-20.00,-32.88,21.44,9.88,0,1.70,-0.0940,-0.0292,13,0.786,0.939,71.68,1.19,9.878,0
0.88,30.19,246.50,0.5295,-0.1364,-0.2225,0.8072,1.27,-5.28,5.76,-11.81,-54.69,35.56,7.92,0,1.70,-0.0911,-0.0430,14,0.683,0.680,59.70,1.00,10.562,0
1.75,31.12,244.19,0.5118,-0.1292,-0.2358,0.8160,1.08,-5.78,7.21,-16.88,-16.25,27.56,9.30,0,1.70,-0.0904,-0.0505,14,0.683,0.680,59.70,1.00,10.562,0
1.94,31.81,241.19,0.4869,-0.1230,-0.2452,0.8293,1.15,-6.62,7.65,6.38,-22.44,30.88,10.18,0,1.70,-0.0885,-0.0574,14,0.683,0.680,59.70,1.00,10.562,0
phase1 acc_mag=9.872 gravity=9.807 motion=0.065 moving_avg=1.103 rms=1.654 mean_rms=1.884 max_rms=2.117 min_rms=1.632 std=0.160 var=0.026 state=standing thr=2.203/2.403/2.903
1.44,31.38,238.25,0.4686,-0.1199,-0.2427,0.8409,1.14,-5.74,7.48,10.81,-10.69,34.12,9.50,0,1.70,-0.0858,-0.0592,14,0.683,0.680,59.70,1.00,10.562,0
0.56,29.81,235.19,0.4438,-0.1133,-0.2288,0.8590,0.52,-4.81,7.09,27.19,-19.62,55.69,8.58,0,1.70,-0.0796,-0.0585,14,0.683,0.680,59.70,1.00,10.562,0
-0.31,27.62,231.06,0.4189,-0.1058,-0.2145,0.8760,0.99,-5.03,8.08,5.12,-8.69,38.56,9.57,0,1.70,-0.0730,-0.0574,14,0.683,0.680,59.70,1.00,10.562,0
phase1 acc_mag=9.676 gravity=9.803 motion=0.128 moving_avg=0.796 rms=1.228 mean_rms=1.739 max_rms=2.117 min_rms=1.228 std=0.253 var=0.064 state=standing thr=2.245/2.445/2.945
-1.44,26.19,228.62,0.3981,-0.1050,-0.1984,0.8895,0.81,-4.99,8.25,21.06,2.12,33.50,9.68,0,1.70,-0.0690,-0.0538,14,0.683,0.680,59.70,1.00,10.562,0
-2.56,24.00,226.81,0.3888,-0.1036,-0.1790,0.8978,0.60,-3.96,8.90,30.88,7.06,3.12,9.76,0,1.70,-0.0650,-0.0482,14,0.683,0.680,59.70,1.00,10.562,0
-3.81,20.81,225.38,0.3792,-0.1014,-0.1534,0.9069,0.70,-3.25,9.51,48.88,16.88,-4.62,10.07,0,1.70,-0.0600,-0.0403,14,0.683,0.680,59.70,1.00,10.562,0
-5.44,18.62,224.25,0.3707,-0.1078,-0.1316,0.9130,-2.93,-6.52,13.70,-14.75,25.19,10.31,15.45,0,1.70,-0.0589,-0.0321,14,0.683,0.680,59.70,1.00,10.562,0
phase1 acc_mag=16.404 gravity=9.961 motion=6.443 moving_avg=0.954 rms=1.658 mean_rms=1.576 max_rms=1.916 min_rms=1.184 std=0.259 var=0.067 state=standing thr=2.094/2.294/2.794
-7.12,17.69,224.69,0.3741,-0.1149,-0.1160,0.9129,-0.14,-5.39,5.07,38.94,-9.56,21.56,7.40,0,1.70,-0.0593,-0.0252,14,0.683,0.680,59.70,1.00,10.562,0
-7.25,18.19,225.38,0.3804,-0.1200,-0.1202,0.9091,-4.30,-4.30,6.63,-10.94,-7.06,-28.50,9.00,0,1.70,-0.0619,-0.0254,15,0.776,0.965,74.63,1.24,11.337,0
-5.69,17.88,225.69,0.3831,-0.1067,-0.1232,0.9092,-2.09,-4.87,9.31,13.06,-12.56,-28.62,10.71,0,1.70,-0.0577,-0.0284,15,0.776,0.965,74.63,1.24,11.337,0
-7.12,18.19,230.06,0.4172,-0.1238,-0.1160,0.8928,0.32,-5.60,8.74,-5.88,86.88,-83.31,10.39,0,1.70,-0.0636,-0.0208,15,0.776,0.965,74.63,1.24,11.337,0
phase1 acc_mag=9.786 gravity=9.868 motion=0.081 moving_avg=1.277 rms=2.014 mean_rms=1.624 max_rms=2.015 min_rms=1.184 std=0.300 var=0.090 state=standing thr=2.225/2.425/2.925
-10.38,18.12,236.12,0.4698,-0.1582,-0.0900,0.8638,-2.25,-4.74,7.70,33.12,87.50,-84.75,9.32,0,1.70,-0.0716,-0.0014,15,0.776,0.965,74.63,1.24,11.337,0
-12.56,18.25,243.56,0.5173,-0.1766,-0.0739,0.8341,-3.39,-3.29,7.96,6.62,53.19,-98.00,9.26,0,1.70,-0.0742,0.0119,15,0.776,0.965,74.63,1.24,11.337,0
-12.88,19.75,252.56,0.5797,-0.1920,-0.0681,0.7889,-2.16,-3.87,8.56,-5.75,43.88,-120.44,9.64,0,1.70,-0.0764,0.0230,15,0.776,0.965,74.63,1.24,11.337,0
-13.06,21.88,261.56,0.6452,-0.2112,-0.0639,0.7314,-2.83,-5.15,8.82,7.44,58.38,-120.94,10.60,0,1.70,-0.0783,0.0358,15,0.776,0.965,74.63,1.24,11.337,0
phase1 acc_mag=9.936 gravity=9.693 motion=0.243 moving_avg=1.130 rms=1.829 mean_rms=1.654 max_rms=2.016 min_rms=1.184 std=0.318 var=0.101 state=standing thr=2.291/2.491/2.991
-13.50,23.50,270.44,0.6906,-0.2263,-0.0549,0.6847,-2.63,-4.10,7.66,5.25,56.25,-119.44,9.08,0,1.70,-0.0771,0.0475,15,0.776,0.965,74.63,1.24,11.337,0
-12.75,25.38,280.81,0.7474,-0.2390,-0.0494,0.6179,-3.10,-3.89,7.62,3.38,45.00,-130.38,9.10,0,1.70,-0.0738,0.0592,15,0.776,0.965,74.63,1.24,11.337,0
-11.31,27.94,291.25,0.8036,-0.2575,-0.0495,0.5342,-3.18,-5.89,7.32,-12.44,66.94,-139.56,9.92,0,1.70,-0.0709,0.0722,15,0.776,0.965,74.63,1.24,11.337,0
phase1 acc_mag=16.233 gravity=9.780 motion=6.453 moving_avg=1.121 rms=1.883 mean_rms=1.646 max_rms=2.016 min_rms=1.184 std=0.304 var=0.092 state=standing thr=2.254/2.454/2.954
-12.75,33.75,302.88,0.8356,-0.3060,-0.0343,0.4548,-6.38,-8.85,12.02,-42.50,67.31,-104.25,16.23,0,1.70,-0.0671,0.0961,15,0.776,0.965,74.63,1.24,11.337,0
-10.88,33.88,311.31,0.8679,-0.3028,-0.0278,0.3927,4.58,-6.91,7.09,42.25,61.00,-84.12,10.91,0,1.70,-0.0572,0.1007,15,0.776,0.965,74.63,1.24,11.337,0
-10.12,31.12,317.38,0.8942,-0.2807,-0.0111,0.3487,-1.39,-3.87,5.36,56.25,-4.88,-52.81,6.76,0,1.70,-0.0431,0.0988,16,0.799,0.874,65.65,1.09,12.136,0
-8.31,29.94,321.31,0.9093,-0.2666,-0.0140,0.3192,1.47,-5.01,8.33,-8.44,31.38,-62.00,9.83,0,1.70,-0.0391,0.0952,16,0.799,0.874,65.65,1.09,12.136,0
phase1 acc_mag=10.557 gravity=9.890 motion=0.667 moving_avg=1.554 rms=2.469 mean_rms=1.863 max_rms=2.470 min_rms=1.184 std=0.360 var=0.130 state=standing thr=2.583/2.783/3.283
-9.19,30.38,326.06,0.9203,-0.2724,0.0037,0.2807,0.41,-6.01,8.05,7.56,39.19,-71.38,10.05,0,1.70,-0.0292,0.1007,16,0.799,0.874,65.65,1.09,12.136,0
-9.31,31.50,329.88,0.9269,-0.2837,0.0112,0.2454,-1.62,-7.10,8.86,-23.44,11.56,-41.81,11.47,0,1.70,-0.0237,0.1063,16,0.799,0.874,65.65,1.09,12.136,0
-7.56,32.44,332.69,0.9312,-0.2861,0.0019,0.2257,1.83,-5.00,6.92,0.25,-2.50,-26.31,8.73,0,1.70,-0.0251,0.1068,16,0.799,0.874,65.65,1.09,12.136,0
-6.75,32.94,335.88,0.9376,-0.2878,0.0021,0.1953,0.17,-6.27,8.14,16.38,18.62,-51.69,10.28,0,1.70,-0.0217,0.1081,16,0.799,0.874,65.65,1.09,12.136,0
phase1 acc_mag=9.371 gravity=9.682 motion=0.312 moving_avg=1.391 rms=2.199 mean_rms=2.082 max_rms=2.480 min_rms=1.742 std=0.275 var=0.076 state=standing thr=2.632/2.832/3.332
-6.69,32.62,339.12,0.9424,-0.2858,0.0093,0.1733,0.83,-6.10,7.89,0.00,28.62,-30.50,10.01,0,1.70,-0.0163,0.1084,16,0.799,0.874,65.65,1.09,12.136,0
-7.19,32.31,341.62,0.9464,-0.2840,0.0204,0.1530,1.25,-5.60,8.12,-0.12,31.62,-23.19,9.94,0,1.70,-0.0096,0.1088,16,0.799,0.874,65.65,1.09,12.136,0
-8.31,31.62,342.75,0.9489,-0.2789,0.0344,0.1436,1.20,-4.87,7.49,24.69,26.56,-6.62,9.01,0,1.70,-0.0030,0.1078,16,0.799,0.874,65.65,1.09,12.136,0
phase1 acc_mag=8.821 gravity=9.772 motion=0.951 moving_avg=1.166 rms=1.929 mean_rms=2.076 max_rms=2.480 min_rms=1.742 std=0.277 var=0.077 state=standing thr=2.630/2.830/3.330
-8.94,27.69,342.19,0.9565,-0.2468,0.0428,0.1494,1.34,-4.36,7.55,76.00,-23.44,36.94,8.82,0,1.70,0.0016,0.0970,16,0.799,0.874,65.65,1.09,12.136,0
-12.19,27.81,343.94,0.9561,-0.2492,0.0753,0.1348,-6.00,-7.96,11.18,-14.62,45.75,-26.31,14.98,0,1.70,0.0154,0.0994,16,0.799,0.874,65.65,1.09,12.136,0
-13.25,25.38,344.31,0.9603,-0.2294,0.0883,0.1323,0.38,-0.65,5.86,54.94,35.56,-0.62,5.91,0,1.70,0.0218,0.0928,16,0.799,0.874,65.65,1.09,12.136,0
-15.00,25.12,345.88,0.9606,-0.2277,0.1099,0.1159,-3.19,-4.85,10.47,-3.75,46.00,-24.69,11.97,0,1.70,0.0317,0.0926,17,0.759,0.890,70.42,1.17,12.895,0
phase1 acc_mag=10.513 gravity=9.971 motion=0.542 moving_avg=1.547 rms=2.355 mean_rms=2.153 max_rms=2.480 min_rms=1.742 std=0.268 var=0.072 state=standing thr=2.688/2.888/3.388
-17.00,25.25,347.88,0.9607,-0.2233,0.1315,0.0998,-2.79,-3.92,7.31,34.62,36.44,-8.56,8.75,0,1.70,0.0416,0.0911,17,0.759,0.890,70.42,1.17,12.895,0
-20.75,23.75,350.75,0.9600,-0.2100,0.1680,0.0776,-2.65,-2.80,8.03,26.69,88.50,-33.00,8.91,0,1.70,0.0580,0.0859,17,0.759,0.890,70.42,1.17,12.895,0
-22.62,22.75,354.00,0.9613,-0.1932,0.1909,0.0458,-4.38,-2.52,8.11,41.31,16.25,-39.81,9.56,0,1.70,0.0699,0.0778,17,0.759,0.890,70.42,1.17,12.895,0
-22.19,21.69,358.12,0.9642,-0.1806,0.1934,0.0156,-1.58,-2.71,7.94,-1.62,5.88,-44.50,8.54,0,1.70,0.0735,0.0709,17,0.759,0.890,70.42,1.17,12.895,0
phase1 acc_mag=8.568 gravity=9.740 motion=1.172 moving_avg=1.408 rms=2.051 mean_rms=2.266 max_rms=2.480 min_rms=1.918 std=0.191 var=0.037 state=standing thr=2.649/2.849/3.349
-22.31,22.50,0.50,0.9627,-0.1831,0.1990,-0.0072,-3.38,-3.00,8.18,1.12,15.75,-23.19,9.35,0,1.70,0.0772,0.0699,17,0.759,0.890,70.42,1.17,12.895,0
-22.12,22.50,1.94,0.9631,-0.1805,0.1992,-0.0167,-2.18,-2.17,9.17,3.12,6.75,-14.50,9.67,0,1.70,0.0779,0.0682,17,0.759,0.890,70.42,1.17,12.895,0
-21.44,23.12,2.69,0.9629,-0.1855,0.1946,-0.0226,-3.09,-2.40,8.85,-2.88,-22.06,-8.56,9.68,0,1.70,0.0766,0.0697,17,0.759,0.890,70.42,1.17,12.895,0
-19.12,23.31,2.38,0.9660,-0.1904,0.1736,-0.0201,-0.57,-2.94,9.95,-5.38,-32.38,-15.00,10.39,0,1.70,0.0686,0.0722,17,0.759,0.890,70.42,1.17,12.895,0
phase1 acc_mag=10.923 gravity=9.770 motion=1.152 moving_avg=1.031 rms=1.587 mean_rms=2.116 max_rms=2.480 min_rms=1.582 std=0.288 var=0.083 state=standing thr=2.692/2.892/3.392
-18.38,23.69,4.56,0.9659,-0.1906,0.1711,-0.0388,-2.25,-3.61,8.61,24.94,-2.75,-17.50,9.60,0,1.70,0.0691,0.0710,17,0.759,0.890,70.42,1.17,12.895,0
-18.06,27.00,5.81,0.9597,-0.2162,0.1729,-0.0489,-5.58,-10.42,10.45,58.00,-60.00,15.50,15.78,0,1.70,0.0706,0.0796,17,0.759,0.890,70.42,1.17,12.895,0
-14.75,23.50,4.12,0.9706,-0.1938,0.1384,-0.0352,-0.18,-0.96,4.43,14.88,-58.88,10.81,4.54,0,1.70,0.0565,0.0733,18,0.833,0.990,71.34,1.19,13.728,0
phase1 acc_mag=9.573 gravity=9.908 motion=0.334 moving_avg=1.652 rms=2.682 mean_rms=2.089 max_rms=2.682 min_rms=1.582 std=0.326 var=0.107 state=standing thr=2.741/2.941/3.441
-13.75,23.81,3.38,0.9708,-0.2007,0.1285,-0.0257,-4.50,-3.05,7.88,-34.88,-8.44,29.88,9.57,0,1.70,0.0520,0.0766,18,0.833,0.990,71.34,1.19,13.728,0
-13.69,25.69,359.75,0.9678,-0.2201,0.1223,0.0076,0.34,-5.37,8.31,-32.62,-13.69,62.00,9.90,0,1.70,0.0467,0.0856,18,0.833,0.990,71.34,1.19,13.728,0
-13.62,25.50,354.06,0.9675,-0.2220,0.1104,0.0500,-2.09,-4.67,7.96,-19.50,-56.25,85.00,9.46,0,1.70,0.0383,0.0881,18,0.833,0.990,71.34,1.19,13.728,0
-14.06,25.75,347.06,0.9610,-0.2314,0.0991,0.1144,-1.27,-4.24,8.36,-26.94,-38.69,93.44,9.46,0,1.70,0.0275,0.0935,18,0.833,0.990,71.34,1.19,13.728,0
phase1 acc_mag=9.107 gravity=9.877 motion=0.770 moving_avg=1.552 rms=2.602 mean_rms=2.236 max_rms=2.688 min_rms=1.582 std=0.387 var=0.150 state=standing thr=3.011/3.211/3.711
-14.25,26.12,340.50,0.9529,-0.2395,0.0881,0.1635,-1.08,-4.78,7.89,-39.19,-36.31,90.12,9.29,0,1.70,0.0179,0.0971,18,0.833,0.990,71.34,1.19,13.728,0
-14.81,26.56,332.50,0.9354,-0.2497,0.0735,0.2393,-0.68,-5.25,8.26,-28.75,-46.62,109.69,9.81,0,1.70,0.0036,0.1005,18,0.833,0.990,71.34,1.19,13.728,0
-15.94,26.56,323.06,0.9147,-0.2568,0.0645,0.3054,-1.15,-5.17,7.77,-33.38,-39.44,102.38,9.40,0,1.70,-0.0078,0.1018,18,0.833,0.990,71.34,1.19,13.728,0
-16.94,25.56,314.25,0.8853,-0.2552,0.0549,0.3849,-1.10,-5.74,7.64,-15.88,-44.50,118.50,9.62,0,1.70,-0.0198,0.0988,18,0.833,0.990,71.34,1.19,13.728,0
phase1 acc_mag=9.459 gravity=9.736 motion=0.277 moving_avg=1.172 rms=2.287 mean_rms=2.250 max_rms=2.688 min_rms=1.582 std=0.390 var=0.152 state=standing thr=3.030/3.230/3.730
-16.50,22.31,302.69,0.8468,-0.2287,0.0350,0.4789,-0.79,-6.33,7.84,12.56,-94.06,156.62,10.11,0,1.70,-0.0320,0.0842,18,0.833,0.990,71.34,1.19,13.728,0
-15.44,20.75,290.88,0.8030,-0.2223,0.0132,0.5529,-7.02,-4.95,12.78,-50.31,-85.50,92.81,15.40,0,1.70,-0.0449,0.0743,18,0.833,0.990,71.34,1.19,13.728,0
-15.50,16.25,282.75,0.7610,-0.1909,0.0260,0.6194,-2.09,-1.24,9.16,62.38,6.50,95.31,9.48,0,1.70,-0.0394,0.0645,18,0.833,0.990,71.34,1.19,13.728,0
phase1 acc_mag=7.344 gravity=10.096 motion=2.752 moving_avg=1.788 rms=3.077 mean_rms=2.321 max_rms=3.077 min_rms=1.582 std=0.433 var=0.188 state=standing thr=3.188/3.388/3.888
-16.44,14.50,276.38,0.7321,-0.1876,0.0258,0.6544,-1.27,-0.88,7.18,-35.94,-20.12,70.88,7.34,0,1.70,-0.0416,0.0617,19,0.834,0.959,68.97,1.15,14.562,0
-14.69,13.25,269.50,0.6902,-0.1658,0.0095,0.7042,-2.58,-3.13,7.72,25.19,-62.12,89.62,8.72,0,1.70,-0.0441,0.0485,19,0.834,0.959,68.97,1.15,14.562,0
-13.31,11.94,264.88,0.6635,-0.1537,0.0020,0.7322,-3.01,-2.72,9.53,-6.88,-27.44,57.50,10.36,0,1.70,-0.0445,0.0414,19,0.834,0.959,68.97,1.15,14.562,0
-12.12,11.25,260.69,0.6407,-0.1436,-0.0045,0.7542,-1.93,-2.19,8.42,-3.25,-31.38,59.00,8.91,0,1.70,-0.0445,0.0354,19,0.834,0.959,68.97,1.15,14.562,0
phase1 acc_mag=8.906 gravity=10.027 motion=1.122 moving_avg=1.837 rms=3.091 mean_rms=2.609 max_rms=3.091 min_rms=1.601 std=0.359 var=0.129 state=standing thr=3.327/3.527/4.027
-7.69,9.38,256.31,0.6128,-0.0994,-0.0238,0.7836,-0.73,-1.37,10.60,14.25,-63.56,63.94,10.71,0,1.70,-0.0370,0.0169,19,0.834,0.959,68.97,1.15,14.562,0
-5.25,8.94,253.06,0.5931,-0.0837,-0.0350,0.8000,0.08,-1.86,9.20,-13.56,-15.75,45.12,9.39,0,1.70,-0.0351,0.0087,19,0.834,0.959,68.97,1.15,14.562,0
-5.19,10.06,251.19,0.5793,-0.0879,-0.0447,0.8091,-1.34,-2.41,10.06,-18.50,-16.38,29.25,10.43,0,1.70,-0.0388,0.0059,19,0.834,0.959,68.97,1.15,14.562,0
-4.25,11.00,249.00,0.5634,-0.0851,-0.0577,0.8197,-1.09,-1.71,9.14,-10.69,-23.44,26.19,9.36,0,1.70,-0.0409,0.0003,19,0.834,0.959,68.97,1.15,14.562,0
phase1 acc_mag=9.315 gravity=9.884 motion=0.569 moving_avg=1.161 rms=2.173 mean_rms=2.649 max_rms=3.091 min_rms=2.173 std=0.322 var=0.104 state=standing thr=3.292/3.492/3.992
-3.00,11.94,247.44,0.5522,-0.0802,-0.0718,0.8268,-0.47,-1.57,9.03,-16.50,-11.69,8.06,9.18,0,1.70,-0.0424,-0.0060,19,0.834,0.959,68.97,1.15,14.562,0
-3.25,14.19,246.69,0.5460,-0.0938,-0.0893,0.8278,-1.14,-1.70,8.67,-31.75,4.75,-9.94,8.91,0,1.70,-0.0506,-0.0091,19,0.834,0.959,68.97,1.15,14.562,0
-3.31,15.25,246.19,0.5411,-0.0969,-0.0952,0.8299,-1.02,-1.83,9.52,4.62,-6.25,6.12,9.75,0,1.70,-0.0528,-0.0106,19,0.834,0.959,68.97,1.15,14.562,0
phase1 acc_mag=12.794 gravity=9.971 motion=2.823 moving_avg=1.309 rms=2.263 mean_rms=2.551 max_rms=3.091 min_rms=2.173 std=0.371 var=0.137 state=standing thr=3.292/3.492/3.992
0.06,18.69,244.31,0.5253,-0.0862,-0.1381,0.8352,-1.61,-5.78,11.30,-54.06,-122.56,49.44,12.79,0,1.70,-0.0578,-0.0280,19,0.834,0.959,68.97,1.15,14.562,0
2.62,20.50,241.19,0.4977,-0.0695,-0.1651,0.8487,2.65,-5.28,7.53,-3.25,-24.19,30.38,9.57,0,1.70,-0.0565,-0.0422,19,0.834,0.959,68.97,1.15,14.562,0
3.19,20.19,237.94,0.4769,-0.0600,-0.1674,0.8608,0.19,-4.07,10.37,-10.56,-21.31,30.62,11.14,0,1.70,-0.0526,-0.0462,19,0.834,0.959,68.97,1.15,14.562,0
3.38,22.00,237.56,0.4715,-0.0641,-0.1837,0.8601,0.48,-4.04,5.62,-13.19,-25.31,11.44,6.94,0,1.70,-0.0567,-0.0511,20,0.690,0.636,55.35,0.92,15.251,1
phase1 acc_mag=8.018 gravity=10.016 motion=1.998 moving_avg=1.493 rms=2.362 mean_rms=2.545 max_rms=3.091 min_rms=2.173 std=0.374 var=0.140 state=standing thr=3.293/3.493/3.993
4.75,22.38,234.88,0.4519,-0.0518,-0.1914,0.8698,1.57,-4.21,7.52,-8.81,-22.19,40.06,8.76,0,1.70,-0.0526,-0.0572,20,0.690,0.636,55.35,0.92,15.251,0
5.00,23.94,231.38,0.4238,-0.0492,-0.2062,0.8806,1.63,-5.39,8.72,-8.81,-15.25,42.25,10.38,0,1.70,-0.0523,-0.0643,20,0.690,0.636,55.35,0.92,15.251,0
4.56,24.06,227.88,0.3967,-0.0472,-0.2069,0.8931,0.35,-5.10,7.70,6.62,-27.06,49.19,9.24,0,1.70,-0.0497,-0.0664,20,0.690,0.636,55.35,0.92,15.251,0
5.06,25.31,225.00,0.3702,-0.0413,-0.2225,0.9010,0.13,-4.74,7.91,-28.25,-23.81,31.12,9.22,0,1.70,-0.0478,-0.0741,20,0.690,0.636,55.35,0.92,15.251,0
phase1 acc_mag=11.052 gravity=9.676 motion=1.376 moving_avg=0.885 rms=1.159 mean_rms=2.359 max_rms=3.091 min_rms=1.151 std=0.492 var=0.242 state=standing thr=3.343/3.543/4.043
5.00,26.50,221.31,0.3433,-0.0384,-0.2299,0.9099,2.00,-5.83,9.59,-12.94,-5.75,48.38,11.40,0,1.70,-0.0455,-0.0784,20,0.690,0.636,55.35,0.92,15.251,0
4.00,26.75,219.19,0.3231,-0.0439,-0.2292,0.9172,1.29,-5.27,7.73,6.88,0.50,39.44,9.44,0,1.70,-0.0457,-0.0784,20,0.690,0.636,55.35,0.92,15.251,0
3.69,25.44,216.31,0.3040,-0.0372,-0.2192,0.9264,1.66,-3.68,7.82,19.00,-14.50,17.75,8.80,0,1.70,-0.0404,-0.0767,20,0.690,0.636,55.35,0.92,15.251,0
phase1 acc_mag=9.286 gravity=9.676 motion=0.391 moving_avg=0.896 rms=1.168 mean_rms=1.959 max_rms=3.080 min_rms=1.151 std=0.511 var=0.262 state=standing thr=2.982/3.182/3.682
2.88,24.88,214.69,0.2906,-0.0402,-0.2125,0.9321,1.95,-4.00,8.15,7.06,5.38,11.19,9.29,0,1.70,-0.0397,-0.0746,20,0.690,0.636,55.35,0.92,15.251,0
1.56,22.50,211.56,0.2651,-0.0378,-0.1866,0.9453,1.12,-4.57,8.99,62.88,-7.56,26.06,10.15,0,1.70,-0.0341,-0.0666,20,0.690,0.636,55.35,0.92,15.251,0
1.56,23.56,210.50,0.2578,-0.0399,-0.2008,0.9443,-1.61,-8.04,15.58,-14.38,18.88,-34.12,17.61,0,1.70,-0.0358,-0.0717,20,0.690,0.636,55.35,0.92,15.251,0
0.62,21.31,210.06,0.2551,-0.0422,-0.1802,0.9490,0.85,-2.83,2.97,24.06,12.06,39.31,4.19,0,1.70,-0.0344,-0.0641,20,0.690,0.636,55.35,0.92,15.251,0
phase1 acc_mag=7.042 gravity=9.971 motion=2.929 moving_avg=1.431 rms=2.122 mean_rms=1.793 max_rms=2.369 min_rms=1.151 std=0.490 var=0.240 state=standing thr=2.774/2.974/3.474
2.06,22.00,210.44,0.2579,-0.0324,-0.1894,0.9468,0.10,-4.69,6.67,-1.38,-2.75,-44.25,8.15,0,1.70,-0.0318,-0.0684,21,0.819,0.970,71.09,1.18,16.070,0
3.00,21.62,208.56,0.2422,-0.0203,-0.1887,0.9515,0.12,-4.08,8.62,-0.12,-13.81,12.69,9.54,0,1.70,-0.0260,-0.0698,21,0.819,0.970,71.09,1.18,16.070,0
1.19,21.44,210.62,0.2653,-0.0427,-0.1818,0.9459,-1.11,-5.31,9.08,-2.25,57.38,-58.00,10.58,0,1.70,-0.0355,-0.0642,21,0.819,0.970,71.09,1.18,16.070,0
0.00,20.25,214.44,0.2916,-0.0526,-0.1679,0.9402,-1.16,-3.90,7.95,22.31,29.00,-45.88,8.93,0,1.70,-0.0394,-0.0570,21,0.819,0.970,71.09,1.18,16.070,0
phase1 acc_mag=8.457 gravity=9.903 motion=1.445 moving_avg=1.377 rms=2.054 mean_rms=1.779 max_rms=2.369 min_rms=1.151 std=0.479 var=0.229 state=standing thr=2.737/2.937/3.437
-0.44,19.69,218.00,0.3209,-0.0598,-0.1608,0.9315,-1.34,-3.82,8.11,0.38,22.69,-55.19,9.06,0,1.70,-0.0429,-0.0522,21,0.819,0.970,71.09,1.18,16.070,0
0.00,20.00,221.06,0.3489,-0.0615,-0.1633,0.9208,-1.25,-4.25,8.26,0.00,2.38,-50.19,9.37,0,1.70,-0.0454,-0.0516,21,0.819,0.970,71.09,1.18,16.070,0
0.00,19.94,226.06,0.3856,-0.0684,-0.1596,0.9062,-0.23,-4.76,9.06,-4.12,35.69,-84.12,10.24,0,1.70,-0.0494,-0.0473,21,0.819,0.970,71.09,1.18,16.070,0
-0.62,19.56,232.25,0.4414,-0.0826,-0.1477,0.8812,-0.81,-4.53,8.27,17.50,44.62,-92.56,9.46,0,1.70,-0.0552,-0.0375,21,0.819,0.970,71.09,1.18,16.070,0
phase1 acc_mag=9.083 gravity=9.943 motion=0.861 moving_avg=1.220 rms=1.954 mean_rms=1.718 max_rms=2.368 min_rms=1.151 std=0.423 var=0.179 state=standing thr=2.565/2.765/3.265
-0.62,19.44,240.06,0.4936,-0.0895,-0.1435,0.8531,-1.73,-4.88,7.53,0.88,22.31,-119.19,9.14,0,1.70,-0.0589,-0.0313,21,0.819,0.970,71.09,1.18,16.070,0
-0.44,19.44,249.62,0.5743,-0.1042,-0.1353,0.8007,0.19,-5.08,8.79,-14.25,79.31,-155.88,10.15,0,1.70,-0.0644,-0.0194,21,0.819,0.970,71.09,1.18,16.070,0
-2.19,20.50,261.56,0.6553,-0.1346,-0.1190,0.7337,-2.12,-6.10,8.68,4.38,94.19,-166.56,10.82,0,1.70,-0.0707,0.0004,21,0.819,0.970,71.09,1.18,16.070,0
-3.75,21.88,277.00,0.7350,-0.1644,-0.1008,0.6500,-3.41,-4.54,7.57,-44.88,79.81,-176.06,9.46,0,1.70,-0.0724,0.0221,21,0.819,0.970,71.09,1.18,16.070,0
phase1 acc_mag=15.162 gravity=9.944 motion=5.219 moving_avg=1.240 rms=2.004 mean_rms=1.788 max_rms=2.153 min_rms=1.162 std=0.379 var=0.144 state=standing thr=2.546/2.746/3.246
-4.00,23.12,287.50,0.7898,-0.1827,-0.0895,0.5786,4.90,-7.31,9.15,-17.38,92.69,-134.19,12.70,0,1.70,-0.0706,0.0370,21,0.819,0.970,71.09,1.18,16.070,0
-5.44,24.94,296.38,0.8344,-0.2095,-0.0708,0.5048,-0.59,-6.03,4.72,5.25,57.50,-124.81,7.68,0,1.70,-0.0659,0.0556,21,0.819,0.970,71.09,1.18,16.070,0
-4.12,24.88,304.94,0.8700,-0.2073,-0.0654,0.4425,-0.24,-4.77,7.61,17.62,30.38,-107.06,8.98,0,1.70,-0.0595,0.0606,22,0.706,0.702,59.70,1.00,16.776,0
-4.69,24.81,313.62,0.8970,-0.2139,-0.0460,0.3842,1.43,-5.68,8.15,5.25,94.69,-125.69,10.04,0,1.70,-0.0494,0.0697,22,0.706,0.702,59.70,1.00,16.776,0
phase1 acc_mag=9.873 gravity=10.029 motion=0.156 moving_avg=1.416 rms=2.166 mean_rms=1.978 max_rms=2.167 min_rms=1.165 std=0.240 var=0.058 state=standing thr=2.458/2.658/3.158
-6.50,25.94,324.75,0.9272,-0.2310,-0.0118,0.2945,-0.12,-6.77,8.40,6.12,72.25,-130.88,10.79,0,1.70,-0.0316,0.0843,22,0.706,0.702,59.70,1.00,16.776,0
-7.25,26.62,332.94,0.9471,-0.2388,0.0143,0.2136,0.81,-5.97,8.44,11.94,85.00,-142.62,10.37,0,1.70,-0.0150,0.0917,22,0.706,0.702,59.70,1.00,16.776,0
-9.38,28.12,345.19,0.9589,-0.2496,0.0529,0.1243,0.23,-4.63,7.75,-5.75,105.94,-128.62,9.03,0,1.70,0.0079,0.0984,22,0.706,0.702,59.70,1.00,16.776,0
phase1 acc_mag=9.852 gravity=9.828 motion=0.023 moving_avg=0.826 rms=1.215 mean_rms=1.981 max_rms=2.167 min_rms=1.215 std=0.230 var=0.053 state=standing thr=2.442/2.642/3.142
-10.62,30.38,356.19,0.9603,-0.2630,0.0912,0.0203,-1.24,-4.53,8.66,-3.25,87.25,-136.06,9.85,0,1.70,0.0329,0.1018,22,0.706,0.702,59.70,1.00,16.776,0
-10.69,32.31,6.75,0.9540,-0.2687,0.1153,-0.0649,-1.07,-4.38,8.82,3.12,55.06,-90.38,9.91,0,1.70,0.0510,0.0996,22,0.706,0.702,59.70,1.00,16.776,0
-9.94,32.44,12.12,0.9514,-0.2653,0.1193,-0.1014,-0.68,-4.40,8.69,8.81,31.62,-43.88,9.76,0,1.70,0.0562,0.0961,22,0.706,0.702,59.70,1.00,16.776,0
-10.56,31.81,14.06,0.9506,-0.2570,0.1285,-0.1176,-1.37,-3.78,8.80,19.00,3.75,5.88,9.67,0,1.70,0.0610,0.0917,22,0.706,0.702,59.70,1.00,16.776,0
phase1 acc_mag=9.672 gravity=9.795 motion=0.123 moving_avg=0.684 rms=1.133 mean_rms=1.800 max_rms=2.167 min_rms=1.133 std=0.379 var=0.143 state=standing thr=2.557/2.757/3.257
-10.38,30.62,11.25,0.9561,-0.2505,0.1194,-0.0945,-1.58,-5.88,7.79,26.81,-62.38,65.94,9.89,0,1.70,0.0551,0.0913,22,0.706,0.702,59.70,1.00,16.776,0
-8.75,27.31,5.06,0.9680,-0.2305,0.0891,-0.0431,2.43,-3.14,5.12,43.25,-81.44,104.62,6.48,0,1.70,0.0385,0.0877,22,0.706,0.702,59.70,1.00,16.776,0
-9.62,24.25,357.62,0.9741,-0.2087,0.0815,0.0292,-0.48,-4.54,10.06,5.38,-26.19,110.81,11.05,0,1.70,0.0293,0.0823,22,0.706,0.702,59.70,1.00,16.776,0
-12.06,23.94,353.19,0.9711,-0.2087,0.1009,0.0576,-0.32,-5.58,14.94,-51.56,64.06,20.50,15.95,0,1.70,0.0344,0.0834,22,0.706,0.702,59.70,1.00,16.776,0
phase1 acc_mag=8.911 gravity=10.183 motion=1.272 moving_avg=1.285 rms=2.434 mean_rms=1.707 max_rms=2.436 min_rms=1.133 std=0.429 var=0.184 state=standing thr=2.565/2.765/3.265
-14.12,20.75,350.19,0.9728,-0.1862,0.1098,0.0833,-0.34,-2.09,6.42,4.50,-54.19,34.50,6.76,0,1.70,0.0365,0.0761,22,0.706,0.702,59.70,1.00,16.776,0
-11.69,20.75,349.31,0.9750,-0.1849,0.0822,0.0917,-2.19,-5.36,8.97,11.94,-51.69,9.19,10.68,0,1.70,0.0253,0.0751,22,0.706,0.702,59.70,1.00,16.776,0
-9.12,19.62,349.56,0.9782,-0.1758,0.0656,0.0889,0.52,-3.30,8.14,1.12,-1.88,-23.94,8.80,0,1.70,0.0194,0.0711,22,0.706,0.702,59.70,1.00,16.776,0
-11.31,20.25,352.25,0.9773,-0.1807,0.0923,0.0614,-1.09,-3.33,8.84,-0.50,70.25,-30.75,9.51,0,1.70,0.0317,0.0729,22,0.706,0.702,59.70,1.00,16.776,0
phase1 acc_mag=10.308 gravity=9.905 motion=0.403 moving_avg=1.377 rms=2.489 mean_rms=1.830 max_rms=2.575 min_rms=1.133 std=0.551 var=0.304 state=standing thr=2.932/3.132/3.632
-14.56,20.94,355.56,0.9749,-0.1826,0.1222,0.0373,-2.01,-3.64,9.37,10.19,53.06,-46.38,10.25,0,1.70,0.0449,0.0730,22,0.706,0.702,59.70,1.00,16.776,0
-15.19,20.94,358.81,0.9749,-0.1778,0.1339,0.0047,-1.39,-3.42,8.74,16.25,19.38,-53.69,9.49,0,1.70,0.0519,0.0696,22,0.706,0.702,59.70,1.00,16.776,0
-14.69,19.94,2.12,0.9768,-0.1665,0.1333,-0.0185,-1.31,-3.09,8.50,20.38,8.44,-28.88,9.14,0,1.70,0.0533,0.0641,22,0.706,0.702,59.70,1.00,16.776,0
-14.75,19.44,5.12,0.9766,-0.1582,0.1385,-0.0466,-1.90,-3.49,9.49,10.81,16.62,-28.75,10.29,0,1.70,0.0570,0.0592,22,0.706,0.702,59.70,1.00,16.776,0
phase1 acc_mag=9.960 gravity=9.917 motion=0.042 moving_avg=1.191 rms=2.368 mean_rms=1.884 max_rms=2.575 min_rms=1.133 std=0.590 var=0.348 state=standing thr=3.064/3.264/3.764
-15.19,19.44,7.81,0.9749,-0.1550,0.1454,-0.0669,-1.38,-3.04,9.33,-3.25,18.12,-29.88,9.91,0,1.70,0.0608,0.0565,22,0.706,0.702,59.70,1.00,16.776,0
-15.19,19.31,11.25,0.9726,-0.1495,0.1499,-0.0961,-1.74,-2.52,9.11,10.56,12.44,-30.50,9.61,0,1.70,0.0641,0.0524,22,0.706,0.702,59.70,1.00,16.776,0
-15.44,19.69,14.00,0.9688,-0.1488,0.1572,-0.1213,-2.08,-2.78,8.62,7.31,16.12,-33.62,9.29,0,1.70,0.0681,0.0500,22,0.706,0.702,59.70,1.00,16.776,0
phase1 acc_mag=9.660 gravity=9.855 motion=0.195 moving_avg=1.212 rms=2.372 mean_rms=2.042 max_rms=2.575 min_rms=1.133 std=0.574 var=0.330 state=standing thr=3.191/3.391/3.891
-15.00,20.75,15.62,0.9664,-0.1558,0.1555,-0.1331,-1.36,-2.39,9.26,-8.94,-1.75,-9.06,9.66,0,1.70,0.0684,0.0519,22,0.706,0.702,59.70,1.00,16.776,0
-13.75,22.19,17.31,0.9633,-0.1680,0.1490,-0.1471,-1.20,-2.50,9.53,-5.00,-18.88,-24.19,9.93,0,1.70,0.0673,0.0560,22,0.706,0.702,59.70,1.00,16.776,0
-12.50,23.25,18.81,0.9607,-0.1783,0.1407,-0.1597,-0.22,-2.02,8.51,-8.81,-16.25,-10.06,8.75,0,1.70,0.0654,0.0595,22,0.706,0.702,59.70,1.00,16.776,0
-10.38,23.56,20.19,0.9601,-0.1810,0.1235,-0.1735,0.24,-3.11,9.59,7.06,-23.06,-22.31,10.08,0,1.70,0.0600,0.0610,22,0.706,0.000,0.00,0.00,16.776,0
phase1 acc_mag=8.159 gravity=9.818 motion=1.659 moving_avg=1.259 rms=2.383 mean_rms=2.274 max_rms=2.575 min_rms=1.140 std=0.386 var=0.149 state=standing thr=3.045/3.245/3.745
-8.12,23.12,21.19,0.9606,-0.1824,0.1078,-0.1797,-6.69,-6.50,10.65,-43.25,-27.81,6.75,14.16,0,1.70,0.0545,0.0623,22,0.706,0.000,0.00,0.00,16.776,0
-4.31,24.00,20.56,0.9607,-0.2017,0.0778,-0.1742,4.83,-4.95,8.88,-58.88,19.00,7.19,11.26,0,1.70,0.0440,0.0721,22,0.706,0.000,0.00,0.00,16.776,0
-7.44,26.44,21.44,0.9545,-0.2112,0.1082,-0.1808,-1.70,-2.71,7.61,11.56,37.69,-1.12,8.26,0,1.70,0.0566,0.0728,22,0.706,0.000,0.00,0.00,16.776,0
-8.00,25.62,20.25,0.9581,-0.2056,0.1077,-0.1680,-2.80,-4.35,10.49,-9.94,-24.31,31.25,11.70,0,1.70,0.0551,0.0716,22,0.706,0.000,0.00,0.00,16.776,0
phase1 acc_mag=9.197 gravity=9.818 motion=0.622 moving_avg=1.013 rms=1.630 mean_rms=2.385 max_rms=2.646 min_rms=1.630 std=0.199 var=0.039 state=standing thr=2.782/2.982/3.482
-5.88,25.44,16.56,0.9640,-0.2097,0.0840,-0.1404,-0.03,-4.97,7.19,10.31,-63.19,60.75,8.74,0,1.70,0.0442,0.0761,22,0.706,0.000,0.00,0.00,16.776,0
-4.38,24.12,11.56,0.9722,-0.2040,0.0603,-0.0986,0.00,-4.78,8.75,3.75,-45.25,78.19,9.97,0,1.70,0.0315,0.0769,22,0.706,0.000,0.00,0.00,16.776,0
-4.00,23.94,6.44,0.9761,-0.2047,0.0474,-0.0552,0.85,-4.19,7.25,-0.38,-29.00,58.88,8.42,0,1.70,0.0230,0.0789,22,0.706,0.000,0.00,0.00,16.776,0
-3.81,24.25,2.31,0.9769,-0.2092,0.0388,-0.0202,0.67,-4.29,8.31,-15.88,-26.56,68.81,9.38,0,1.70,0.0169,0.0814,22,0.706,0.000,0.00,0.00,16.776,0
phase1 acc_mag=9.278 gravity=9.807 motion=0.529 moving_avg=0.955 rms=1.595 mean_rms=2.180 max_rms=2.646 min_rms=1.578 std=0.356 var=0.127 state=standing thr=2.892/3.092/3.592
-4.31,25.38,357.94,0.9747,-0.2201,0.0348,0.0172,0.72,-5.78,9.12,-14.75,-26.06,66.81,10.82,0,1.70,0.0120,0.0861,22,0.706,0.000,0.00,0.00,16.776,0
-5.69,25.38,354.38,0.9726,-0.2224,0.0411,0.0541,1.18,-4.16,8.73,-6.12,-3.00,77.06,9.74,0,1.70,0.0112,0.0874,22,0.706,0.000,0.00,0.00,16.776,0
-5.88,25.12,348.19,0.9689,-0.2203,0.0262,0.1092,0.64,-4.58,8.85,1.62,-69.31,93.19,9.99,0,1.70,0.0005,0.0865,22,0.706,0.000,0.00,0.00,16.776,0
-4.75,24.44,339.69,0.9592,-0.2151,0.0032,0.1835,0.78,-4.74,6.62,-7.56,-63.94,127.25,8.18,0,1.70,-0.0145,0.0828,22,0.706,0.000,0.00,0.00,16.776,0
phase1 acc_mag=8.461 gravity=9.784 motion=1.323 moving_avg=1.026 rms=1.632 mean_rms=2.025 max_rms=2.646 min_rms=1.578 std=0.401 var=0.161 state=standing thr=2.827/3.027/3.527
-6.81,23.38,328.44,0.9407,-0.2106,0.0038,0.2659,0.55,-5.41,7.72,11.44,-35.44,149.31,9.44,0,1.70,-0.0210,0.0796,22,0.706,0.000,0.00,0.00,16.776,0
-8.31,20.12,319.06,0.9156,-0.1860,0.0097,0.3563,-0.11,-5.34,6.37,36.69,-49.94,172.25,8.31,0,1.70,-0.0230,0.0695,22,0.706,0.000,0.00,0.00,16.776,0
-12.62,23.94,307.06,0.8706,-0.2327,0.0103,0.4333,-4.28,-5.01,21.19,-175.69,56.50,52.94,22.19,0,1.70,-0.0368,0.0828,22,0.706,0.000,0.00,0.00,16.776,0
phase1 acc_mag=6.248 gravity=10.343 motion=4.094 moving_avg=1.631 rms=2.778 mean_rms=1.960 max_rms=2.778 min_rms=1.578 std=0.428 var=0.183 state=standing thr=2.815/3.015/3.515
-13.44,24.31,301.50,0.8439,-0.2322,0.0046,0.4836,-3.42,-3.38,3.99,39.19,-53.31,103.38,6.25,0,1.70,-0.0433,0.0793,22,0.706,0.000,0.00,0.00,16.776,0
-13.38,18.62,292.00,0.8082,-0.1995,0.0084,0.5540,-2.07,-3.14,8.08,-32.62,-14.88,85.12,8.91,0,1.70,-0.0415,0.0663,23,0.875,0.000,0.00,0.00,17.651,0
-13.06,20.81,285.81,0.7795,-0.2115,-0.0145,0.5894,-3.11,-3.69,8.31,-63.69,-54.56,72.88,9.61,0,1.70,-0.0544,0.0625,23,0.875,0.000,0.00,0.00,17.651,0
-9.50,22.44,281.44,0.7520,-0.2003,-0.0587,0.6253,-2.84,-6.34,9.97,-12.06,-53.19,77.06,12.15,0,1.70,-0.0677,0.0456,23,0.875,0.000,0.00,0.00,17.651,0
phase1 acc_mag=8.746 gravity=10.157 motion=1.410 moving_avg=1.744 rms=2.770 mean_rms=2.056 max_rms=2.889 min_rms=1.578 std=0.549 var=0.302 state=standing thr=3.154/3.354/3.854
-9.19,18.88,274.50,0.7222,-0.1746,-0.0503,0.6674,-0.55,-3.13,6.97,42.88,-19.62,114.88,7.66,0,1.70,-0.0611,0.0370,23,0.875,0.000,0.00,0.00,17.651,0
-12.50,16.31,267.38,0.6751,-0.1827,-0.0240,0.7144,-1.30,-1.37,6.64,-56.25,51.31,69.44,6.90,0,1.70,-0.0587,0.0425,23,0.875,0.000,0.00,0.00,17.651,0
-14.25,16.19,261.25,0.6400,-0.1848,-0.0228,0.7455,-4.56,-2.94,9.44,32.00,-44.88,73.00,10.89,0,1.70,-0.0609,0.0405,23,0.875,0.000,0.00,0.00,17.651,0
-11.75,12.12,254.81,0.6011,-0.1454,-0.0201,0.7856,-2.47,-3.64,7.40,28.38,-69.81,97.56,8.61,0,1.70,-0.0505,0.0286,23,0.875,0.000,0.00,0.00,17.651,0
phase1 acc_mag=9.656 gravity=10.093 motion=0.437 moving_avg=1.633 rms=2.684 mean_rms=2.164 max_rms=2.889 min_rms=1.578 std=0.572 var=0.327 state=standing thr=3.307/3.507/4.007
-8.56,10.75,249.06,0.5582,-0.1111,-0.0363,0.8214,-0.38,-2.29,8.66,1.00,-57.50,67.56,8.97,0,1.70,-0.0446,0.0129,23,0.875,0.000,0.00,0.00,17.651,0
-6.56,10.25,244.12,0.5280,-0.0962,-0.0446,0.8427,-1.07,-1.67,9.70,-10.94,-27.56,60.88,9.90,0,1.70,-0.0418,0.0053,23,0.875,0.000,0.00,0.00,17.651,0
-5.62,11.62,242.00,0.5110,-0.0945,-0.0629,0.8521,-1.16,-1.76,9.54,-20.38,-12.56,9.94,9.77,0,1.70,-0.0451,-0.0021,23,0.875,0.000,0.00,0.00,17.651,0
-5.06,12.75,241.75,0.5098,-0.0952,-0.0722,0.8520,-0.96,-1.77,9.37,-17.38,-8.19,-12.56,9.58,0,1.70,-0.0472,-0.0052,23,0.875,0.000,0.00,0.00,17.651,0
phase1 acc_mag=9.550 gravity=10.126 motion=0.577 moving_avg=1.614 rms=2.678 mean_rms=2.381 max_rms=2.889 min_rms=1.597 std=0.519 var=0.270 state=standing thr=3.420/3.620/4.120
-4.44,14.06,242.50,0.5145,-0.0974,-0.0842,0.8478,-1.26,-1.24,9.16,-20.25,-15.00,-18.25,9.33,0,1.70,-0.0503,-0.0085,23,0.875,0.000,0.00,0.00,17.651,0
-2.69,14.88,243.62,0.5228,-0.0888,-0.0974,0.8422,-0.80,-2.05,9.36,-12.81,-21.06,-25.56,9.62,0,1.70,-0.0503,-0.0142,23,0.875,0.000,0.00,0.00,17.651,0
0.38,16.75,245.50,0.5355,-0.0760,-0.1248,0.8318,-4.14,-6.25,12.42,-23.81,-73.12,-2.25,14.51,0,1.70,-0.0520,-0.0252,23,0.875,0.000,0.00,0.00,17.651,0
5.56,16.19,244.88,0.5308,-0.0339,-0.1453,0.8343,3.57,-5.63,9.07,-3.25,-23.81,1.62,11.26,0,1.70,-0.0422,-0.0413,23,0.875,0.000,0.00,0.00,17.651,0
phase1 acc_mag=9.671 gravity=10.378 motion=0.707 moving_avg=1.734 rms=2.759 mean_rms=2.623 max_rms=2.889 min_rms=1.634 std=0.322 var=0.103 state=standing thr=3.266/3.466/3.966
6.62,16.75,244.00,0.5235,-0.0272,-0.1541,0.8375,-0.49,-5.47,8.85,5.00,-37.69,23.94,10.42,0,1.70,-0.0414,-0.0459,23,0.875,0.000,0.00,0.00,17.651,0
7.75,17.75,242.56,0.5109,-0.0200,-0.1705,0.8423,0.41,-3.92,7.77,-33.00,-34.38,9.94,8.71,0,1.70,-0.0416,-0.0533,23,0.875,0.000,0.00,0.00,17.651,0
9.62,19.50,240.50,0.4949,-0.0108,-0.1880,0.8483,0.92,-4.35,7.85,-5.38,-28.88,32.25,9.02,0,1.70,-0.0409,-0.0617,23,0.875,0.000,0.00,0.00,17.651,0
10.00,20.44,237.94,0.4751,-0.0076,-0.1967,0.8576,0.68,-4.96,8.15,-4.75,-16.88,30.62,9.56,0,1.70,-0.0400,-0.0660,23,0.875,0.000,0.00,0.00,17.651,0
phase1 acc_mag=10.035 gravity=9.835 motion=0.200 moving_avg=1.130 rms=1.517 mean_rms=2.617 max_rms=2.889 min_rms=1.517 std=0.328 var=0.108 state=standing thr=3.273/3.473/3.973
9.94,21.19,235.69,0.4547,-0.0067,-0.2022,0.8674,0.67,-5.69,8.42,8.56,-9.06,26.44,10.18,0,1.70,-0.0391,-0.0689,23,0.875,0.000,0.00,0.00,17.651,0
10.06,21.31,232.75,0.4353,-0.0014,-0.2038,0.8769,1.44,-4.46,8.79,-6.50,-7.94,29.12,9.96,0,1.70,-0.0360,-0.0712,23,0.875,0.000,0.00,0.00,17.651,0
9.62,21.75,231.56,0.4257,-0.0042,-0.2057,0.8812,1.11,-5.26,8.81,0.00,3.88,15.50,10.32,0,1.70,-0.0365,-0.0718,23,0.875,0.000,0.00,0.00,17.651,0
9.19,21.88,230.44,0.4167,-0.0057,-0.2049,0.8856,0.72,-4.96,8.75,3.38,-6.62,9.56,10.08,0,1.70,-0.0362,-0.0716,23,0.875,0.000,0.00,0.00,17.651,0
phase1 acc_mag=9.513 gravity=9.899 motion=0.386 moving_avg=0.878 rms=1.329 mean_rms=2.308 max_rms=2.762 min_rms=1.329 std=0.563 var=0.317 state=standing thr=3.434/3.634/4.134
9.94,22.12,228.94,0.4054,0.0018,-0.2095,0.8898,1.52,-4.07,8.05,-7.06,-20.75,13.44,9.15,0,1.70,-0.0333,-0.0748,23,0.875,0.000,0.00,0.00,17.651,0
10.31,24.19,228.00,0.3964,-0.0008,-0.2305,0.8887,1.63,-4.08,8.51,-47.12,-15.00,0.12,9.58,0,1.70,-0.0368,-0.0818,23,0.875,0.000,0.00,0.00,17.651,0
11.44,24.75,226.38,0.3831,0.0104,-0.2344,0.8934,1.56,-4.35,7.99,16.75,-30.00,22.31,9.23,0,1.70,-0.0322,-0.0854,23,0.875,0.000,0.00,0.00,17.651,0
phase1 acc_mag=9.016 gravity=9.827 motion=0.811 moving_avg=0.663 rms=0.968 mean_rms=1.968 max_rms=2.762 min_rms=0.962 std=0.712 var=0.507 state=standing thr=3.391/3.591/4.091
12.75,24.69,224.50,0.3666,0.0272,-0.2387,0.8988,1.85,-4.07,7.83,3.75,-33.50,29.38,9.02,0,1.70,-0.0252,-0.0898,23,0.875,0.000,0.00,0.00,17.651,0
14.00,25.69,222.19,0.3484,0.0386,-0.2478,0.9031,2.20,-4.70,8.57,-4.88,-18.50,10.81,10.02,0,1.70,-0.0206,-0.0949,23,0.875,0.000,0.00,0.00,17.651,0
13.75,25.69,220.50,0.3355,0.0398,-0.2466,0.9083,2.31,-4.38,8.14,10.44,10.06,15.25,9.53,0,1.70,-0.0186,-0.0949,23,0.875,0.000,0.00,0.00,17.651,0
12.75,25.31,220.06,0.3324,0.0336,-0.2413,0.9111,2.25,-4.51,9.19,15.12,23.31,6.12,10.48,0,1.70,-0.0198,-0.0924,23,0.875,0.000,0.00,0.00,17.651,0
phase1 acc_mag=9.955 gravity=9.857 motion=0.098 moving_avg=0.649 rms=0.957 mean_rms=1.625 max_rms=2.762 min_rms=0.957 std=0.698 var=0.487 state=standing thr=3.020/3.220/3.720
12.00,25.00,220.44,0.3358,0.0269,-0.2368,0.9113,2.05,-4.35,7.63,-12.56,7.31,-12.69,9.02,0,1.70,-0.0220,-0.0899,23,0.875,0.000,0.00,0.00,17.651,0
11.31,25.62,220.06,0.3326,0.0203,-0.2403,0.9117,1.55,-4.49,8.36,-12.31,8.81,24.31,9.62,0,1.70,-0.0246,-0.0903,23,0.875,0.000,0.00,0.00,17.651,0
10.62,25.75,219.19,0.3265,0.0153,-0.2382,0.9146,1.88,-5.10,8.78,12.06,9.94,-4.38,10.33,0,1.70,-0.0255,-0.0891,23,0.875,0.000,0.00,0.00,17.651,0
9.75,25.06,218.75,0.3232,0.0109,-0.2316,0.9175,2.16,-4.29,8.40,10.06,16.38,16.50,9.68,0,1.70,-0.0259,-0.0864,23,0.875,0.000,0.00,0.00,17.651,0
phase1 acc_mag=9.283 gravity=9.638 motion=0.355 moving_avg=0.458 rms=0.593 mean_rms=1.233 max_rms=2.760 min_rms=0.593 std=0.493 var=0.243 state=standing thr=2.219/2.419/2.919
8.62,22.94,217.88,0.3176,0.0087,-0.2119,0.9242,1.88,-3.59,7.68,32.75,15.38,12.94,8.68,0,1.70,-0.0237,-0.0794,23,0.875,0.000,0.00,0.00,17.651,0
8.25,20.88,217.31,0.3104,0.0132,-0.1912,0.9311,0.72,-4.42,7.27,44.88,-10.19,22.31,8.54,0,1.70,-0.0188,-0.0729,24,0.703,0.000,0.00,0.00,18.354,0
7.38,21.12,215.69,0.3010,0.0068,-0.1938,0.9337,-0.35,-7.20,15.84,-14.75,37.56,-7.81,17.40,0,1.70,-0.0208,-0.0732,24,0.703,0.000,0.00,0.00,18.354,0
4.81,18.81,215.94,0.3031,-0.0120,-0.1640,0.9387,-0.16,-3.34,5.10,48.00,41.44,14.50,6.10,0,1.70,-0.0244,-0.0601,24,0.703,0.000,0.00,0.00,18.354,0
phase1 acc_mag=4.731 gravity=9.856 motion=5.125 moving_avg=0.903 rms=1.726 mean_rms=1.035 max_rms=1.726 min_rms=0.563 std=0.308 var=0.095 state=slow thr=1.652/1.852/2.352
2.50,17.94,215.44,0.3007,-0.0260,-0.1554,0.9406,-1.63,-2.73,9.48,6.62,26.31,-1.75,10.00,0,1.70,-0.0285,-0.0553,24,0.703,0.000,0.00,0.00,18.354,0
1.81,17.94,214.38,0.2924,-0.0309,-0.1538,0.9434,-1.74,-3.37,10.00,0.25,-7.94,12.56,10.70,0,1.70,-0.0296,-0.0544,24,0.703,0.000,0.00,0.00,18.354,0
1.75,17.00,215.38,0.3005,-0.0300,-0.1459,0.9421,0.03,-3.26,8.70,2.38,35.06,-20.75,9.29,0,1.70,-0.0288,-0.0514,24,0.703,0.000,0.00,0.00,18.354,0
-0.19,16.62,217.44,0.3180,-0.0482,-0.1366,0.9370,-1.22,-3.02,9.46,7.81,37.81,-27.06,10.01,0,1.70,-0.0354,-0.0451,24,0.703,0.000,0.00,0.00,18.354,0
phase1 acc_mag=9.416 gravity=9.888 motion=0.471 moving_avg=0.954 rms=1.746 mean_rms=1.114 max_rms=1.750 min_rms=0.563 std=0.413 var=0.171 state=standing thr=1.941/2.141/2.641
-1.12,16.81,219.94,0.3380,-0.0596,-0.1345,0.9296,-1.67,-3.17,9.65,-0.12,16.62,-40.69,10.29,0,1.70,-0.0403,-0.0419,24,0.703,0.000,0.00,0.00,18.354,0
-1.19,16.94,222.50,0.3621,-0.0640,-0.1339,0.9203,-1.45,-3.03,9.20,-2.38,7.44,-46.62,9.79,0,1.70,-0.0429,-0.0400,24,0.703,0.000,0.00,0.00,18.354,0
-1.56,17.50,225.56,0.3861,-0.0731,-0.1338,0.9098,-1.99,-3.91,9.20,9.69,20.75,-38.31,10.19,0,1.70,-0.0473,-0.0374,24,0.703,0.000,0.00,0.00,18.354,0
-1.69,17.38,228.00,0.4022,-0.0752,-0.1321,0.9028,-1.48,-3.01,8.92,-5.50,5.12,-35.31,9.53,0,1.70,-0.0484,-0.0356,24,0.703,0.000,0.00,0.00,18.354,0
phase1 acc_mag=9.807 gravity=9.921 motion=0.114 moving_avg=0.922 rms=1.734 mean_rms=1.262 max_rms=1.750 min_rms=0.563 std=0.473 var=0.224 state=standing thr=2.208/2.408/2.908
-1.19,17.31,230.38,0.4211,-0.0737,-0.1318,0.8943,-1.21,-3.20,9.34,-2.00,-3.62,-43.12,9.95,0,1.70,-0.0486,-0.0347,24,0.703,0.000,0.00,0.00,18.354,0
-1.06,17.88,233.06,0.4464,-0.0779,-0.1354,0.8811,-0.92,-3.39,8.99,-1.12,4.25,-62.12,9.65,0,1.70,-0.0517,-0.0338,24,0.703,0.000,0.00,0.00,18.354,0
-0.06,18.88,239.19,0.4873,-0.0818,-0.1425,0.8577,-0.94,-3.25,8.30,-15.38,21.69,-92.31,8.96,0,1.70,-0.0558,-0.0329,24,0.703,0.000,0.00,0.00,18.354,0
phase1 acc_mag=8.723 gravity=9.796 motion=1.073 moving_avg=0.988 rms=1.764 mean_rms=1.425 max_rms=1.764 min_rms=0.563 std=0.476 var=0.227 state=standing thr=2.377/2.577/3.077
0.06,20.50,247.00,0.5527,-0.1010,-0.1490,0.8137,-1.06,-3.88,7.74,-25.44,54.31,-126.12,8.72,0,1.70,-0.0658,-0.0262,24,0.703,0.000,0.00,0.00,18.354,0
-0.25,22.31,259.00,0.6304,-0.1281,-0.1519,0.7504,-4.79,-5.48,8.20,-60.25,17.50,-106.69,10.96,0,1.70,-0.0767,-0.0133,24,0.703,0.000,0.00,0.00,18.354,0
2.12,23.44,263.06,0.6494,-0.1203,-0.1650,0.7325,8.80,-7.39,9.77,-23.31,1.75,-94.56,15.08,0,1.70,-0.0781,-0.0171,24,0.703,0.000,0.00,0.00,18.354,0
0.00,24.38,271.69,0.7072,-0.1541,-0.1447,0.6747,-1.08,-4.88,4.27,-13.81,50.69,-102.25,6.57,0,1.70,-0.0825,0.0045,24,0.703,0.000,0.00,0.00,18.354,0
phase1 acc_mag=10.159 gravity=10.167 motion=0.008 moving_avg=1.497 rms=2.574 mean_rms=1.738 max_rms=2.579 min_rms=0.569 std=0.420 var=0.177 state=standing thr=2.579/2.779/3.279
0.00,22.25,278.50,0.7433,-0.1464,-0.1265,0.6403,-1.37,-3.56,9.78,28.75,39.94,-97.44,10.50,0,1.70,-0.0751,0.0111,24,0.703,0.000,0.00,0.00,18.354,0
0.19,21.88,284.38,0.7792,-0.1491,-0.1180,0.5972,2.04,-3.94,6.54,-4.25,11.94,-68.94,7.90,0,1.70,-0.0724,0.0183,24,0.703,0.000,0.00,0.00,18.354,0
2.25,22.56,288.38,0.7985,-0.1450,-0.1355,0.5684,0.38,-5.39,7.99,-14.38,-41.19,-79.06,9.65,0,1.70,-0.0762,0.0155,24,0.703,0.000,0.00,0.00,18.354,0
4.31,23.31,292.50,0.8139,-0.1465,-0.1445,0.5433,1.53,-5.82,7.87,-0.25,2.75,-37.94,9.91,0,1.70,-0.0789,0.0163,24,0.703,0.000,0.00,0.00,18.354,0
phase1 acc_mag=10.095 gravity=10.001 motion=0.094 moving_avg=1.031 rms=2.002 mean_rms=1.952 max_rms=2.579 min_rms=1.731 std=0.318 var=0.101 state=standing thr=2.588/2.788/3.288
4.88,22.38,297.06,0.8394,-0.1426,-0.1375,0.5062,1.68,-5.03,7.73,-3.25,28.62,-77.94,9.37,0,1.70,-0.0750,0.0201,24,0.703,0.000,0.00,0.00,18.354,0
6.06,22.00,301.44,0.8551,-0.1397,-0.1404,0.4791,2.89,-4.03,9.45,-15.38,16.38,-54.06,10.67,0,1.70,-0.0748,0.0209,24,0.703,0.000,0.00,0.00,18.354,0
6.19,22.38,305.19,0.8717,-0.1462,-0.1372,0.4471,1.61,-4.76,7.83,5.75,15.25,-42.88,9.30,0,1.70,-0.0740,0.0265,24,0.703,0.000,0.00,0.00,18.354,0
5.75,21.50,308.44,0.8836,-0.1452,-0.1269,0.4266,1.62,-4.17,7.48,9.94,28.38,-21.44,8.72,0,1.70,-0.0696,0.0297,24,0.703,0.000,0.00,0.00,18.354,0
phase1 acc_mag=9.092 gravity=9.958 motion=0.865 moving_avg=1.058 rms=2.010 mean_rms=2.006 max_rms=2.579 min_rms=1.731 std=0.299 var=0.089 state=standing thr=2.604/2.804/3.304
5.06,20.25,310.19,0.8922,-0.1401,-0.1149,0.4137,1.63,-4.58,8.92,16.38,21.44,-26.94,10.16,0,1.70,-0.0642,0.0310,24,0.703,0.000,0.00,0.00,18.354,0
4.62,19.19,311.56,0.8987,-0.1352,-0.1058,0.4036,1.49,-4.34,8.08,21.19,4.75,-19.25,9.29,0,1.70,-0.0599,0.0315,24,0.703,0.000,0.00,0.00,18.354,0
4.50,18.19,312.25,0.9020,-0.1288,-0.1018,0.3992,1.75,-4.22,8.06,20.25,9.44,2.25,9.26,0,1.70,-0.0573,0.0302,24,0.703,0.000,0.00,0.00,18.354,0
4.62,17.00,312.44,0.9044,-0.1185,-0.0973,0.3981,1.69,-4.31,8.38,35.81,9.19,4.50,9.57,0,1.70,-0.0541,0.0274,24,0.703,0.000,0.00,0.00,18.354,0
phase1 acc_mag=9.311 gravity=9.895 motion=0.584 moving_avg=1.090 rms=2.016 mean_rms=2.066 max_rms=2.579 min_rms=1.731 std=0.264 var=0.070 state=standing thr=2.595/2.795/3.295
4.19,14.38,312.06,0.9060,-0.0991,-0.0849,0.4026,2.74,-2.50,7.73,48.62,29.50,24.31,8.57,0,1.70,-0.0467,0.0222,24,0.703,0.000,0.00,0.00,18.354,0
0.00,16.19,312.00,0.9044,-0.1290,-0.0573,0.4026,-1.95,-5.29,13.58,-21.44,56.00,-18.25,14.70,0,1.70,-0.0415,0.0374,24,0.703,0.000,0.00,0.00,18.354,0
-1.31,15.31,313.62,0.9111,-0.1276,-0.0415,0.3897,1.05,-2.28,5.48,20.00,39.81,-5.88,6.03,0,1.70,-0.0350,0.0400,25,0.814,0.000,0.00,0.00,19.168,1
-4.88,14.94,313.88,0.9115,-0.1363,-0.0113,0.3879,0.03,-2.48,10.72,-14.12,45.50,-21.94,11.00,0,1.70,-0.0253,0.0479,25,0.814,0.000,0.00,0.00,19.168,0
phase1 acc_mag=11.791 gravity=10.077 motion=1.714 moving_avg=1.496 rms=2.435 mean_rms=2.181 max_rms=2.579 min_rms=1.766 std=0.224 var=0.050 state=standing thr=2.629/2.829/3.329
-5.44,15.69,315.75,0.9175,-0.1451,-0.0078,0.3701,-1.45,-2.90,9.59,-12.69,5.12,-36.31,10.12,0,1.70,-0.0243,0.0521,25,0.814,0.000,0.00,0.00,19.168,0
-5.69,15.94,319.31,0.9275,-0.1475,-0.0010,0.3436,0.58,-2.95,10.17,0.62,43.00,-69.69,10.61,0,1.70,-0.0206,0.0546,25,0.814,0.000,0.00,0.00,19.168,0
-7.38,17.12,322.50,0.9351,-0.1648,0.0151,0.3134,-1.33,-2.34,7.53,-26.94,35.31,-38.81,8.00,0,1.70,-0.0150,0.0635,25,0.814,0.000,0.00,0.00,19.168,0
-8.31,19.56,325.69,0.9399,-0.1837,0.0217,0.2867,-0.95,-3.67,9.10,1.12,21.06,-34.50,9.86,0,1.70,-0.0129,0.0716,25,0.814,0.000,0.00,0.00,19.168,0
phase1 acc_mag=10.145 gravity=9.695 motion=0.450 moving_avg=1.045 rms=1.584 mean_rms=2.043 max_rms=2.573 min_rms=1.582 std=0.241 var=0.058 state=standing thr=2.525/2.725/3.225
-9.12,20.56,328.38,0.9439,-0.1935,0.0306,0.2658,-1.47,-4.30,10.10,-15.00,25.31,-31.38,11.08,0,1.70,-0.0090,0.0763,25,0.814,0.000,0.00,0.00,19.168,0
-9.12,20.38,329.25,0.9461,-0.1907,0.0320,0.2598,0.53,-3.60,8.23,5.62,7.31,-38.31,9.00,0,1.70,-0.0077,0.0755,25,0.814,0.000,0.00,0.00,19.168,0
-9.00,21.19,332.19,0.9518,-0.1981,0.0352,0.2316,-0.51,-3.08,8.71,-8.06,24.69,-47.38,9.25,0,1.70,-0.0049,0.0787,25,0.814,0.000,0.00,0.00,19.168,0
-9.00,22.25,335.62,0.9562,-0.2041,0.0380,0.2062,-0.41,-2.70,9.15,-3.25,18.50,-63.44,9.55,0,1.70,-0.0023,0.0812,25,0.814,0.000,0.00,0.00,19.168,0
phase1 acc_mag=9.669 gravity=9.728 motion=0.059 moving_avg=1.041 rms=1.566 mean_rms=1.927 max_rms=2.436 min_rms=1.554 std=0.286 var=0.082 state=standing thr=2.499/2.699/3.199
-9.06,24.06,339.75,0.9598,-0.2180,0.0433,0.1713,-0.51,-3.08,9.12,-28.25,30.75,-54.19,9.64,0,1.70,0.0017,0.0867,25,0.814,0.000,0.00,0.00,19.168,0
-9.31,26.50,344.50,0.9614,-0.2366,0.0522,0.1307,-1.27,-4.33,8.32,-9.06,22.81,-56.50,9.46,0,1.70,0.0077,0.0937,25,0.814,0.000,0.00,0.00,19.168,0
-8.56,27.69,347.75,0.9629,-0.2441,0.0515,0.1028,0.19,-3.63,8.96,-15.38,5.62,-40.81,9.67,0,1.70,0.0098,0.0962,25,0.814,0.000,0.00,0.00,19.168,0
phase1 acc_mag=9.678 gravity=9.698 motion=0.021 moving_avg=0.957 rms=1.534 mean_rms=1.831 max_rms=2.436 min_rms=1.532 std=0.319 var=0.102 state=standing thr=2.469/2.669/3.169
-7.56,28.75,350.88,0.9633,-0.2538,0.0497,0.0722,0.64,-4.19,8.70,-24.69,28.00,-45.38,9.68,0,1.70,0.0118,0.0992,25,0.814,0.000,0.00,0.00,19.168,0
-8.00,33.50,353.12,0.9531,-0.2927,0.0530,0.0558,-4.41,-4.79,12.48,-33.25,-25.06,-23.19,14.08,0,1.70,0.0137,0.1128,25,0.814,0.000,0.00,0.00,19.168,0
-3.75,35.62,354.81,0.9505,-0.3069,0.0206,0.0428,2.04,-7.54,5.14,11.94,-40.81,-36.94,9.35,0,1.70,0.0026,0.1171,25,0.814,0.000,0.00,0.00,19.168,0
-3.88,35.12,357.69,0.9523,-0.3030,0.0336,0.0136,-1.10,-4.85,5.46,-7.69,46.50,-24.06,7.39,0,1.70,0.0111,0.1156,26,0.756,0.659,52.31,0.87,19.925,1
phase1 acc_mag=10.003 gravity=9.966 motion=0.038 moving_avg=1.256 rms=1.928 mean_rms=1.792 max_rms=2.436 min_rms=1.532 std=0.311 var=0.097 state=standing thr=2.414/2.614/3.114
-4.56,34.62,359.00,0.9538,-0.2977,0.0396,0.0081,-2.04,-5.92,8.09,8.81,-14.25,-5.62,10.23,0,1.70,0.0141,0.1137,26,0.756,0.659,52.31,0.87,19.925,0
-2.69,35.38,359.06,0.9523,-0.3047,0.0187,0.0075,-0.41,-6.85,7.50,-7.81,-38.81,-15.88,10.17,0,1.70,0.0062,0.1161,26,0.756,0.659,52.31,0.87,19.925,0
-1.31,36.25,358.56,0.9501,-0.3115,0.0084,0.0115,0.62,-6.66,7.63,-19.50,-1.62,19.88,10.15,0,1.70,0.0018,0.1184,26,0.756,0.659,52.31,0.87,19.925,0
-2.44,37.06,357.88,0.9485,-0.3156,0.0189,0.0187,0.50,-5.67,6.71,31.00,15.75,21.06,8.80,0,1.70,0.0048,0.1199,26,0.756,0.659,52.31,0.87,19.925,0
phase1 acc_mag=10.159 gravity=9.841 motion=0.318 moving_avg=0.842 rms=1.409 mean_rms=1.634 max_rms=2.230 min_rms=1.409 std=0.154 var=0.024 state=standing thr=1.942/2.142/2.642
-3.69,35.88,355.69,0.9501,-0.3089,0.0229,0.0353,0.44,-5.59,7.50,5.88,-18.50,44.75,9.36,0,1.70,0.0044,0.1177,26,0.756,0.659,52.31,0.87,19.925,0
-4.69,35.88,352.12,0.9475,-0.3110,0.0225,0.0709,0.67,-5.26,6.70,-15.12,-11.94,72.00,8.54,0,1.70,-0.0003,0.1185,26,0.756,0.659,52.31,0.87,19.925,0
-6.31,36.31,346.06,0.9418,-0.3153,0.0201,0.1148,0.36,-5.86,7.09,-5.25,-35.19,62.00,9.21,0,1.70,-0.0069,0.1197,26,0.756,0.659,52.31,0.87,19.925,0
-7.88,36.06,339.69,0.9337,-0.3118,0.0173,0.1753,0.77,-5.78,6.81,-4.12,-23.06,81.69,8.97,0,1.70,-0.0154,0.1177,26,0.756,0.659,52.31,0.87,19.925,0
phase1 acc_mag=9.320 gravity=9.818 motion=0.497 moving_avg=0.811 rms=1.376 mean_rms=1.573 max_rms=1.943 min_rms=1.366 std=0.164 var=0.027 state=standing thr=1.901/2.101/2.601
-9.50,34.12,332.19,0.9250,-0.3030,0.0143,0.2288,-0.17,-5.65,6.35,-6.62,-45.12,104.50,8.50,0,1.70,-0.0224,0.1134,26,0.756,0.659,52.31,0.87,19.925,0
-9.69,32.00,323.12,0.9061,-0.2828,-0.0066,0.3145,-0.27,-7.37,6.83,19.00,-96.94,124.69,10.05,0,1.70,-0.0380,0.1017,26,0.756,0.659,52.31,0.87,19.925,0
-9.69,29.75,312.94,0.8771,-0.2729,-0.0187,0.3947,0.07,-5.61,5.68,-20.25,-8.56,138.44,7.98,0,1.70,-0.0496,0.0928,26,0.756,0.659,52.31,0.87,19.925,0
-13.44,33.69,302.12,0.8325,-0.3078,-0.0298,0.4598,-5.38,-8.01,19.51,11.19,-43.38,68.94,21.77,0,1.70,-0.0665,0.0970,26,0.756,0.659,52.31,0.87,19.925,0
phase1 acc_mag=15.641 gravity=10.424 motion=5.218 moving_avg=1.448 rms=3.018 mean_rms=1.596 max_rms=3.018 min_rms=1.366 std=0.307 var=0.094 state=running thr=2.210/2.410/2.910
-15.62,28.69,297.25,0.8201,-0.2787,-0.0052,0.4998,-4.08,-0.02,0.70,12.06,-60.00,87.75,4.14,0,1.70,-0.0574,0.0904,26,0.756,0.659,52.31,0.87,19.925,0
-14.00,27.75,291.56,0.7937,-0.2629,-0.0323,0.5476,-2.88,-3.73,7.21,-22.44,-77.44,63.31,8.61,0,1.70,-0.0679,0.0764,27,0.917,0.953,62.37,1.04,20.842,0
-12.25,28.81,284.81,0.7636,-0.2611,-0.0618,0.5873,-2.34,-3.19,6.89,-66.44,-49.69,77.06,7.95,0,1.70,-0.0802,0.0652,27,0.917,0.953,62.37,1.04,20.842,0
-11.88,30.44,280.00,0.7328,-0.2654,-0.0850,0.6207,-3.43,-5.77,10.78,2.25,-35.56,48.62,12.70,0,1.70,-0.0908,0.0567,27,0.917,0.953,62.37,1.04,20.842,0
phase1 acc_mag=10.370 gravity=10.057 motion=0.313 moving_avg=2.028 rms=3.426 mean_rms=1.968 max_rms=3.429 min_rms=1.366 std=0.762 var=0.580 state=standing thr=3.491/3.691/4.191
-12.00,29.19,275.81,0.7144,-0.2567,-0.0859,0.6452,-1.43,-4.05,6.21,-2.12,-26.56,61.12,7.55,0,1.70,-0.0908,0.0512,27,0.917,0.953,62.37,1.04,20.842,0
-11.50,29.38,269.31,0.6768,-0.2495,-0.1044,0.6848,-2.15,-4.62,8.39,-25.56,-52.56,72.88,9.82,0,1.70,-0.0966,0.0389,28,0.672,2.285,204.08,3.40,21.514,0
-11.44,30.38,263.31,0.6388,-0.2489,-0.1239,0.7173,-2.11,-4.77,8.36,-40.44,-40.31,60.25,9.85,0,1.70,-0.1031,0.0280,28,0.672,2.285,204.08,3.40,21.514,0
phase1 acc_mag=9.810 gravity=9.850 motion=0.040 moving_avg=1.735 rms=3.227 mean_rms=2.271 max_rms=3.429 min_rms=1.366 std=0.923 var=0.851 state=standing thr=4.117/4.317/4.817
-11.25,31.62,256.88,0.5958,-0.2471,-0.1470,0.7499,-2.05,-4.98,8.20,-36.19,-32.38,66.44,9.81,0,1.70,-0.1092,0.0148,28,0.672,2.285,204.08,3.40,21.514,0
-11.81,32.94,249.44,0.5437,-0.2474,-0.1682,0.7842,-2.25,-5.44,8.38,-15.50,-44.25,75.75,10.24,0,1.70,-0.1142,0.0010,28,0.672,2.285,204.08,3.40,21.514,0
-11.69,33.25,244.31,0.5033,-0.2387,-0.1835,0.8100,-2.12,-5.02,8.64,-13.19,-41.69,50.06,10.21,0,1.70,-0.1143,-0.0114,28,0.672,2.285,204.08,3.40,21.514,0
-10.62,33.31,240.06,0.4776,-0.2258,-0.1966,0.8260,-1.79,-4.87,8.23,-10.31,-53.69,31.38,9.73,0,1.70,-0.1122,-0.0218,28,0.672,2.285,204.08,3.40,21.514,0
phase1 acc_mag=9.758 gravity=9.904 motion=0.146 moving_avg=1.717 rms=3.224 mean_rms=2.602 max_rms=3.429 min_rms=1.366 std=0.892 var=0.796 state=standing thr=4.387/4.587/5.087
-8.75,33.25,236.62,0.4503,-0.2012,-0.2136,0.8433,-1.10,-4.52,8.06,-0.25,-56.50,29.50,9.31,0,1.70,-0.1064,-0.0358,28,0.672,2.285,204.08,3.40,21.514,0
-5.94,33.25,235.00,0.4425,-0.1774,-0.2291,0.8487,-0.18,-4.79,8.15,0.88,-37.06,4.00,9.46,0,1.70,-0.1008,-0.0464,28,0.672,2.285,204.08,3.40,21.514,0
-3.94,32.81,236.25,0.4521,-0.1648,-0.2321,0.8453,-1.25,-5.83,7.61,-14.75,14.88,-41.69,9.67,0,1.70,-0.0977,-0.0487,28,0.672,2.285,204.08,3.40,21.514,0
phase1 acc_mag=12.754 gravity=10.178 motion=2.576 moving_avg=1.822 rms=3.299 mean_rms=2.991 max_rms=3.429 min_rms=1.370 std=0.646 var=0.417 state=standing thr=4.283/4.483/4.983
-1.94,32.38,236.81,0.4565,-0.1454,-0.2339,0.8461,-0.72,-7.82,10.05,51.81,-37.19,7.06,12.75,0,1.70,-0.0919,-0.0526,28,0.672,2.285,204.08,3.40,21.514,0
-3.00,29.81,235.69,0.4501,-0.1405,-0.2137,0.8556,-2.85,-4.59,6.95,31.00,-39.56,14.75,8.80,0,1.70,-0.0866,-0.0478,28,0.672,2.285,204.08,3.40,21.514,0
-0.38,28.81,233.06,0.4330,-0.1148,-0.2209,0.8663,-0.61,-5.36,6.97,3.12,-58.62,26.06,8.81,0,1.70,-0.0781,-0.0567,28,0.672,2.285,204.08,3.40,21.514,0
3.62,27.75,230.25,0.4068,-0.0668,-0.2303,0.8815,2.04,-5.81,7.21,31.62,-54.81,24.19,9.48,0,1.70,-0.0610,-0.0703,28,0.672,2.285,204.08,3.40,21.514,0
phase1 acc_mag=9.220 gravity=9.551 motion=0.331 moving_avg=1.188 rms=1.818 mean_rms=3.206 max_rms=3.429 min_rms=1.818 std=0.290 var=0.084 state=standing thr=3.787/3.987/4.487
4.44,26.75,228.06,0.3964,-0.0576,-0.2272,0.8877,0.47,-4.93,7.53,8.31,-10.56,26.06,9.01,0,1.70,-0.0565,-0.0715,28,0.672,2.285,204.08,3.40,21.514,0
4.00,27.12,226.50,0.3814,-0.0588,-0.2289,0.8937,-0.57,-6.05,8.02,10.81,-7.94,25.94,10.06,0,1.70,-0.0560,-0.0729,28,0.672,2.285,204.08,3.40,21.514,0
3.88,27.38,223.00,0.3561,-0.0540,-0.2331,0.9033,0.12,-5.20,7.67,-24.31,-24.44,26.69,9.27,0,1.70,-0.0527,-0.0765,28,0.672,2.285,204.08,3.40,21.514,0
4.88,28.31,219.88,0.3308,-0.0419,-0.2446,0.9105,2.17,-4.61,8.70,-8.19,-32.88,39.44,10.08,0,1.70,-0.0476,-0.0835,28,0.672,2.285,204.08,3.40,21.514,0
phase1 acc_mag=10.287 gravity=9.802 motion=0.484 moving_avg=0.691 rms=1.052 mean_rms=2.799 max_rms=3.365 min_rms=1.052 std=0.800 var=0.640 state=standing thr=4.399/4.599/5.099
4.50,29.00,217.81,0.3110,-0.0425,-0.2509,0.9157,1.20,-5.42,8.16,-13.19,-3.75,17.50,9.87,0,1.70,-0.0468,-0.0866,28,0.672,2.285,204.08,3.40,21.514,0
3.69,29.31,215.56,0.2957,-0.0452,-0.2512,0.9205,1.19,-4.64,8.21,-1.62,-3.62,10.19,9.51,0,1.70,-0.0464,-0.0872,28,0.672,2.285,204.08,3.40,21.514,0
4.06,29.19,213.50,0.2745,-0.0352,-0.2524,0.9272,1.20,-5.05,7.74,7.06,-27.06,26.31,9.32,0,1.70,-0.0408,-0.0897,28,0.672,2.285,204.08,3.40,21.514,0
4.69,28.44,209.81,0.2492,-0.0223,-0.2480,0.9359,1.29,-4.75,7.81,10.19,-24.44,35.81,9.23,0,1.70,-0.0331,-0.0906,28,0.672,2.285,204.08,3.40,21.514,0
phase1 acc_mag=9.470 gravity=9.841 motion=0.372 moving_avg=0.610 rms=0.954 mean_rms=2.310 max_rms=3.319 min_rms=0.945 std=1.031 var=1.063 state=standing thr=4.373/4.573/5.073
4.50,28.38,207.81,0.2314,-0.0201,-0.2468,0.9409,1.89,-5.14,8.23,8.56,-0.88,20.00,9.89,0,1.70,-0.0304,-0.0910,28,0.672,2.285,204.08,3.40,21.514,0
3.94,28.25,206.88,0.2247,-0.0229,-0.2449,0.9429,1.53,-4.34,8.09,3.38,7.31,14.88,9.31,0,1.70,-0.0306,-0.0903,28,0.672,2.285,204.08,3.40,21.514,0
2.44,27.69,206.38,0.2219,-0.0331,-0.2379,0.9451,1.86,-3.79,8.38,15.38,33.12,4.88,9.38,0,1.70,-0.0336,-0.0870,28,0.672,2.285,204.08,3.40,21.514,0
0.62,26.50,206.44,0.2233,-0.0483,-0.2213,0.9481,1.04,-3.63,8.62,33.62,27.19,-0.75,9.41,0,1.70,-0.0381,-0.0796,28,0.672,2.285,204.08,3.40,21.514,0
phase1 acc_mag=9.733 gravity=9.775 motion=0.042 moving_avg=0.611 rms=0.954 mean_rms=1.833 max_rms=3.319 min_rms=0.945 std=1.023 var=1.046 state=standing thr=3.879/4.079/4.579
-1.19,23.75,206.62,0.2256,-0.0582,-0.1980,0.9521,-0.09,-4.50,9.25,26.69,40.94,19.50,10.29,0,1.70,-0.0400,-0.0702,28,0.672,2.285,204.08,3.40,21.514,0
-5.25,26.69,206.31,0.2213,-0.0986,-0.2135,0.9464,-4.75,-7.99,11.04,-32.38,42.50,-4.12,14.43,0,1.70,-0.0562,-0.0721,28,0.672,2.285,204.08,3.40,21.514,0
-7.69,24.38,205.25,0.2135,-0.1133,-0.1896,0.9517,-0.41,-2.11,0.96,42.75,11.31,27.31,2.35,0,1.70,-0.0593,-0.0625,29,0.808,0.000,0.00,0.00,22.321,1
-9.19,21.69,203.88,0.2029,-0.1188,-0.1657,0.9578,-2.82,-4.17,12.52,-12.56,49.69,9.06,13.49,0,1.70,-0.0590,-0.0538,29,0.808,0.000,0.00,0.00,22.321,0
phase1 acc_mag=12.617 gravity=9.636 motion=2.982 moving_avg=1.114 rms=1.986 mean_rms=1.482 max_rms=3.319 min_rms=0.945 std=0.737 var=0.543 state=standing thr=2.956/3.156/3.656
-10.56,21.62,203.81,0.2018,-0.1293,-0.1598,0.9576,-2.92,-5.08,10.39,25.06,4.12,-1.88,11.93,0,1.70,-0.0624,-0.0508,29,0.808,0.000,0.00,0.00,22.321,0
-10.94,19.19,205.94,0.2208,-0.1313,-0.1384,0.9565,-2.53,-3.82,6.29,24.31,11.19,-24.44,7.78,0,1.70,-0.0625,-0.0413,29,0.808,0.000,0.00,0.00,22.321,0
-9.88,17.88,207.25,0.2344,-0.1199,-0.1284,0.9562,-2.51,-2.43,8.08,19.12,-22.44,-21.06,8.80,0,1.70,-0.0579,-0.0379,29,0.808,0.000,0.00,0.00,22.321,0
-9.06,18.44,209.25,0.2517,-0.1180,-0.1345,0.9511,-1.75,-3.29,8.54,-10.69,5.00,-38.31,9.32,0,1.70,-0.0584,-0.0393,29,0.808,0.000,0.00,0.00,22.321,0
phase1 acc_mag=10.037 gravity=9.667 motion=0.370 moving_avg=1.173 rms=2.031 mean_rms=1.354 max_rms=2.035 min_rms=0.945 std=0.446 var=0.199 state=standing thr=2.246/2.446/2.946
-8.38,19.06,212.44,0.2797,-0.1180,-0.1375,0.9429,-2.07,-3.57,9.48,1.38,18.12,-57.25,10.34,0,1.70,-0.0599,-0.0387,29,0.808,0.000,0.00,0.00,22.321,0
-8.00,19.62,217.56,0.3167,-0.1221,-0.1375,0.9305,-0.69,-2.67,8.35,-11.56,23.81,-77.94,8.79,0,1.70,-0.0628,-0.0357,29,0.808,0.000,0.00,0.00,22.321,0
-7.94,20.88,222.38,0.3621,-0.1319,-0.1432,0.9116,-2.50,-3.46,8.91,-9.56,22.69,-89.62,9.88,0,1.70,-0.0688,-0.0331,29,0.808,0.000,0.00,0.00,22.321,0
-6.94,23.06,229.94,0.4130,-0.1405,-0.1542,0.8865,-2.01,-3.01,7.96,-20.00,34.12,-99.62,8.74,0,1.70,-0.0753,-0.0315,29,0.808,0.000,0.00,0.00,22.321,0
phase1 acc_mag=8.914 gravity=9.601 motion=0.686 moving_avg=1.197 rms=2.039 mean_rms=1.534 max_rms=2.039 min_rms=0.945 std=0.503 var=0.253 state=standing thr=2.539/2.739/3.239
-6.50,24.19,235.94,0.4664,-0.1525,-0.1576,0.8569,-0.88,-3.46,8.55,-19.25,53.06,-110.31,9.27,0,1.70,-0.0817,-0.0256,29,0.808,0.000,0.00,0.00,22.321,0
-7.12,26.00,246.44,0.5329,-0.1762,-0.1524,0.8135,-2.55,-5.56,7.87,-0.25,76.75,-131.00,9.97,0,1.70,-0.0898,-0.0120,29,0.808,0.000,0.00,0.00,22.321,0
-7.50,29.69,256.38,0.6042,-0.2129,-0.1572,0.7516,-3.54,-10.89,12.49,4.75,54.81,-108.56,16.94,0,1.70,-0.1020,0.0042,29,0.808,0.000,0.00,0.00,22.321,0
-7.50,30.69,266.00,0.6564,-0.2292,-0.1460,0.7037,0.00,-7.15,6.18,0.38,87.75,-131.75,9.45,0,1.70,-0.1029,0.0191,29,0.808,0.000,0.00,0.00,22.321,0
phase1 acc_mag=8.458 gravity=9.973 motion=1.514 moving_avg=1.544 rms=2.485 mean_rms=1.798 max_rms=2.485 min_rms=0.953 std=0.464 var=0.216 state=standing thr=2.727/2.927/3.427
-6.31,30.38,274.31,0.7124,-0.2293,-0.1348,0.6494,-2.01,-3.76,7.13,18.38,24.44,-103.38,8.31,0,1.70,-0.0980,0.0303,29,0.808,0.000,0.00,0.00,22.321,0
-3.88,30.12,281.56,0.7480,-0.2236,-0.1364,0.6098,0.00,-4.81,7.62,8.44,2.50,-78.69,9.01,0,1.70,-0.0954,0.0336,29,0.808,0.000,0.00,0.00,22.321,0
-2.00,30.06,286.38,0.7773,-0.2186,-0.1417,0.5726,1.34,-6.43,7.41,-1.50,1.12,-85.38,9.90,0,1.70,-0.0941,0.0355,29,0.808,0.000,0.00,0.00,22.321,0
phase1 acc_mag=10.551 gravity=9.808 motion=0.744 moving_avg=1.589 rms=2.411 mean_rms=2.123 max_rms=2.539 min_rms=1.377 std=0.278 var=0.078 state=standing thr=2.679/2.879/3.379
-1.38,30.31,292.00,0.8004,-0.2241,-0.1354,0.5392,0.60,-6.33,8.42,6.62,52.31,-60.38,10.55,0,1.70,-0.0917,0.0425,29,0.808,0.000,0.00,0.00,22.321,0
-0.38,29.06,297.50,0.8277,-0.2166,-0.1270,0.5018,0.98,-5.58,7.98,12.19,7.69,-53.06,9.79,0,1.70,-0.0855,0.0462,29,0.808,0.000,0.00,0.00,22.321,0
0.88,27.50,301.19,0.8497,-0.2011,-0.1223,0.4717,1.04,-5.58,7.85,33.38,19.25,-71.12,9.69,0,1.70,-0.0795,0.0453,29,0.808,0.000,0.00,0.00,22.321,0
1.62,25.62,306.38,0.8701,-0.1916,-0.1134,0.4397,0.43,-5.03,7.41,19.12,21.69,-59.12,8.97,0,1.70,-0.0732,0.0467,29,0.808,0.000,0.00,0.00,22.321,0
phase1 acc_mag=9.225 gravity=9.704 motion=0.479 moving_avg=1.018 rms=1.668 mean_rms=2.154 max_rms=2.539 min_rms=1.668 std=0.252 var=0.064 state=standing thr=2.658/2.858/3.358
1.69,24.75,309.06,0.8837,-0.1861,-0.1039,0.4166,0.71,-4.79,7.54,23.44,26.31,-37.06,8.96,0,1.70,-0.0677,0.0485,29,0.808,0.000,0.00,0.00,22.321,0
0.88,23.69,312.38,0.8954,-0.1851,-0.0902,0.3948,0.47,-5.28,8.28,10.06,31.38,-37.69,9.83,0,1.70,-0.0615,0.0520,29,0.808,0.000,0.00,0.00,22.321,0
-0.12,23.19,313.62,0.9006,-0.1855,-0.0778,0.3854,0.88,-4.43,8.97,9.31,11.94,-4.12,10.04,0,1.70,-0.0566,0.0548,29,0.808,0.000,0.00,0.00,22.321,0
-3.12,22.06,313.62,0.9020,-0.1871,-0.0494,0.3859,0.16,-4.26,10.80,3.62,84.25,18.12,11.61,0,1.70,-0.0467,0.0599,29,0.808,0.000,0.00,0.00,22.321,0
phase1 acc_mag=14.432 gravity=9.904 motion=4.528 moving_avg=0.945 rms=1.668 mean_rms=2.074 max_rms=2.539 min_rms=1.600 std=0.332 var=0.110 state=standing thr=2.738/2.938/3.438
-8.06,20.81,313.12,0.9003,-0.1934,-0.0057,0.3899,-0.34,-3.65,9.74,36.56,30.00,17.25,10.41,0,1.70,-0.0322,0.0688,29,0.808,0.000,0.00,0.00,22.321,0
-10.56,20.56,312.94,0.8985,-0.1990,0.0154,0.3909,-1.92,-2.63,7.64,-1.62,10.69,11.81,8.30,0,1.70,-0.0256,0.0739,30,0.778,0.420,32.41,0.54,23.099,0
-10.94,22.25,312.19,0.8932,-0.2137,0.0118,0.3954,-1.48,-3.90,9.79,-32.00,0.75,-6.88,10.64,0,1.70,-0.0296,0.0782,30,0.778,0.420,32.41,0.54,23.099,0
phase1 acc_mag=10.261 gravity=9.965 motion=0.297 moving_avg=1.193 rms=1.945 mean_rms=2.041 max_rms=2.539 min_rms=1.600 std=0.344 var=0.118 state=standing thr=2.729/2.929/3.429
-9.81,22.81,312.19,0.8939,-0.2130,0.0015,0.3945,0.02,-4.78,9.08,24.19,7.31,-11.69,10.26,0,1.70,-0.0331,0.0764,30,0.778,0.420,32.41,0.54,23.099,0
-11.75,21.56,315.19,0.9052,-0.2107,0.0286,0.3680,-1.84,-3.72,8.97,7.44,36.94,-47.00,9.88,0,1.70,-0.0207,0.0805,30,0.778,0.420,32.41,0.54,23.099,0
-13.44,21.19,318.81,0.9141,-0.2104,0.0483,0.3433,-1.50,-3.55,8.26,26.06,33.38,-29.50,9.11,0,1.70,-0.0112,0.0836,30,0.778,0.420,32.41,0.54,23.099,0
-14.06,22.25,321.62,0.9208,-0.2197,0.0554,0.3174,-2.99,-3.76,9.18,-2.50,0.00,-34.00,10.36,0,1.70,-0.0075,0.0880,30,0.778,0.420,32.41,0.54,23.099,0
phase1 acc_mag=9.705 gravity=9.621 motion=0.084 moving_avg=0.816 rms=1.289 mean_rms=1.917 max_rms=2.539 min_rms=1.289 std=0.363 var=0.132 state=standing thr=2.643/2.843/3.343
-13.19,23.12,324.25,0.9265,-0.2231,0.0517,0.2985,-1.72,-3.34,8.50,-4.62,11.19,-36.69,9.29,0,1.70,-0.0075,0.0889,30,0.778,0.420,32.41,0.54,23.099,0
-12.62,24.62,327.31,0.9330,-0.2355,0.0499,0.2674,-1.20,-3.50,8.65,-22.44,19.00,-43.38,9.41,0,1.70,-0.0066,0.0932,30,0.778,0.420,32.41,0.54,23.099,0
-13.06,27.44,331.44,0.9357,-0.2544,0.0562,0.2380,-1.08,-3.99,8.64,-9.06,41.06,-59.62,9.58,0,1.70,-0.0032,0.1006,30,0.778,0.420,32.41,0.54,23.099,0
-12.75,27.88,335.31,0.9426,-0.2554,0.0613,0.2061,-0.66,-4.00,8.18,2.00,17.38,-54.44,9.13,0,1.70,0.0021,0.1013,30,0.778,0.420,32.41,0.54,23.099,0
phase1 acc_mag=8.961 gravity=9.671 motion=0.710 moving_avg=0.749 rms=1.259 mean_rms=1.665 max_rms=2.285 min_rms=1.234 std=0.290 var=0.084 state=standing thr=2.245/2.445/2.945
-12.38,29.19,338.69,0.9462,-0.2660,0.0647,0.1729,-1.35,-4.42,8.54,-14.25,21.81,-50.69,9.71,0,1.70,0.0061,0.1051,30,0.778,0.420,32.41,0.54,23.099,0
-12.00,30.69,342.56,0.9482,-0.2740,0.0681,0.1451,-1.35,-4.00,9.02,-12.19,18.88,-45.12,9.96,0,1.70,0.0099,0.1079,30,0.778,0.420,32.41,0.54,23.099,0
-11.56,31.19,345.88,0.9519,-0.2753,0.0715,0.1136,-0.87,-4.19,9.17,10.69,15.25,-45.75,10.12,0,1.70,0.0147,0.1081,30,0.778,0.420,32.41,0.54,23.099,0
-10.25,32.00,352.62,0.9556,-0.2781,0.0756,0.0613,-1.31,-4.52,9.00,9.56,34.50,-103.25,10.16,0,1.70,0.0221,0.1081,30,0.778,0.420,32.41,0.54,23.099,0
phase1 acc_mag=9.513 gravity=9.784 motion=0.271 moving_avg=0.696 rms=1.229 mean_rms=1.532 max_rms=1.945 min_rms=1.229 std=0.280 var=0.078 state=standing thr=2.092/2.292/2.792
-6.50,34.00,357.06,0.9545,-0.2927,0.0521,0.0242,-0.82,-7.35,10.53,-6.75,-77.56,-38.69,12.87,0,1.70,0.0171,0.1122,30,0.778,0.420,32.41,0.54,23.099,0
-4.12,34.56,359.88,0.9542,-0.2969,0.0379,-0.0017,0.31,-7.39,7.40,-2.00,11.31,-24.44,10.46,0,1.70,0.0147,0.1133,30,0.778,0.420,32.41,0.54,23.099,0
-2.50,34.19,1.75,0.9554,-0.2934,0.0280,-0.0149,-0.06,-4.73,7.24,11.81,-10.31,-26.19,8.65,0,1.70,0.0124,0.1120,30,0.778,0.420,32.41,0.54,23.099,0
-1.00,33.81,3.81,0.9564,-0.2896,0.0173,-0.0347,-0.88,-5.19,6.27,5.12,-19.62,-32.62,8.19,0,1.70,0.0106,0.1105,31,0.683,0.545,47.81,0.80,23.783,1
phase1 acc_mag=8.545 gravity=9.718 motion=1.172 moving_avg=0.846 rms=1.306 mean_rms=1.482 max_rms=1.945 min_rms=1.229 std=0.279 var=0.078 state=standing thr=2.040/2.240/2.740
0.12,33.75,4.94,0.9561,-0.2901,0.0109,-0.0415,0.75,-5.49,7.27,-19.12,-3.25,-6.25,9.14,0,1.70,0.0090,0.1108,31,0.683,0.545,47.81,0.80,23.783,0
0.56,34.75,5.12,0.9529,-0.3003,0.0078,-0.0422,0.68,-6.28,7.27,-19.12,-10.69,8.31,9.63,0,1.70,0.0080,0.1143,31,0.683,0.545,47.81,0.80,23.783,0
0.75,36.81,4.88,0.9478,-0.3162,0.0066,-0.0406,1.01,-6.71,7.48,-15.25,-12.44,10.69,10.10,0,1.70,0.0076,0.1198,31,0.683,0.545,47.81,0.80,23.783,0
1.12,37.44,4.06,0.9462,-0.3220,-0.0002,-0.0329,1.53,-6.07,7.20,-9.56,-12.94,10.31,9.54,0,1.70,0.0041,0.1219,31,0.683,0.545,47.81,0.80,23.783,0
phase1 acc_mag=10.598 gravity=9.801 motion=0.797 moving_avg=0.629 rms=0.963 mean_rms=1.311 max_rms=1.944 min_rms=0.960 std=0.232 var=0.054 state=standing thr=1.776/1.976/2.476
1.44,37.50,3.44,0.9464,-0.3219,-0.0037,-0.0288,1.11,-6.46,7.75,0.88,-11.31,20.75,10.15,0,1.70,0.0023,0.1219,31,0.683,0.545,47.81,0.80,23.783,0
1.75,37.56,2.19,0.9465,-0.3220,-0.0110,-0.0158,1.57,-6.40,7.33,6.75,-21.81,24.19,9.86,0,1.70,-0.0021,0.1220,31,0.683,0.545,47.81,0.80,23.783,0
2.00,37.19,0.31,0.9476,-0.3191,-0.0175,-0.0029,1.58,-5.87,6.98,15.88,-18.75,28.50,9.26,0,1.70,-0.0062,0.1210,31,0.683,0.545,47.81,0.80,23.783,0
1.94,35.44,358.31,0.9523,-0.3040,-0.0226,0.0137,2.10,-4.90,7.02,21.44,-9.81,25.81,8.81,0,1.70,-0.0103,0.1157,31,0.683,0.545,47.81,0.80,23.783,0
phase1 acc_mag=9.010 gravity=9.857 motion=0.847 moving_avg=0.638 rms=0.967 mean_rms=1.179 max_rms=1.455 min_rms=0.953 std=0.170 var=0.029 state=standing thr=1.519/1.719/2.219
2.19,34.25,356.56,0.9550,-0.2939,-0.0288,0.0284,2.42,-5.36,7.41,16.25,-13.44,18.12,9.46,0,1.70,-0.0143,0.1120,31,0.683,0.545,47.81,0.80,23.783,0
1.31,33.38,355.44,0.9575,-0.2851,-0.0214,0.0393,2.56,-5.16,7.28,10.44,15.88,23.56,9.28,0,1.70,-0.0127,0.1088,31,0.683,0.545,47.81,0.80,23.783,0
0.44,32.12,354.31,0.9608,-0.2723,-0.0180,0.0489,1.56,-6.07,8.62,52.94,-7.19,16.25,10.66,0,1.70,-0.0122,0.1043,31,0.683,0.545,47.81,0.80,23.783,0
1.81,28.94,353.00,0.9663,-0.2485,-0.0317,0.0589,1.57,-4.64,8.63,-9.06,-17.25,7.19,9.92,0,1.70,-0.0181,0.0953,31,0.683,0.545,47.81,0.80,23.783,0
phase1 acc_mag=13.337 gravity=9.882 motion=3.455 moving_avg=0.649 rms=0.991 mean_rms=1.119 max_rms=1.455 min_rms=0.926 std=0.186 var=0.034 state=standing thr=1.490/1.690/2.190
-0.12,30.69,352.12,0.9620,-0.2645,-0.0168,0.0659,-1.38,-8.59,11.80,21.44,24.69,-1.25,14.66,0,1.70,-0.0134,0.1013,31,0.683,0.545,47.81,0.80,23.783,0
-2.00,27.69,352.12,0.9692,-0.2365,0.0016,0.0687,-0.02,-2.38,3.57,31.50,-0.75,22.44,4.29,0,1.70,-0.0059,0.0917,32,0.781,0.814,62.50,1.04,24.564,0
-3.00,27.88,350.75,0.9670,-0.2424,0.0080,0.0780,-3.48,-4.40,8.28,-10.56,15.12,31.75,10.00,0,1.70,-0.0045,0.0940,32,0.781,0.814,62.50,1.04,24.564,0
phase1 acc_mag=8.695 gravity=9.580 motion=0.885 moving_avg=1.087 rms=1.840 mean_rms=1.220 max_rms=1.924 min_rms=0.926 std=0.333 var=0.111 state=standing thr=1.885/2.085/2.585
-5.31,28.81,348.19,0.9613,-0.2543,0.0241,0.1031,-0.57,-3.16,8.08,-27.56,13.19,40.94,8.69,0,1.70,-0.0012,0.0988,32,0.781,0.814,62.50,1.04,24.564,0
-8.25,30.31,346.06,0.9554,-0.2661,0.0450,0.1194,-2.76,-4.96,9.38,7.69,15.88,39.31,10.96,0,1.70,0.0045,0.1039,32,0.781,0.814,62.50,1.04,24.564,0
-9.50,29.75,343.31,0.9531,-0.2640,0.0482,0.1396,-1.19,-4.33,6.67,-18.12,-16.50,35.94,8.04,0,1.70,0.0036,0.1034,32,0.781,0.814,62.50,1.04,24.564,0
-9.25,31.31,340.88,0.9453,-0.2802,0.0375,0.1627,-0.89,-5.44,7.78,-35.69,-17.50,34.25,9.53,0,1.70,-0.0041,0.1084,32,0.781,0.814,62.50,1.04,24.564,0
phase1 acc_mag=12.086 gravity=9.673 motion=2.414 moving_avg=1.104 rms=1.870 mean_rms=1.314 max_rms=1.924 min_rms=0.926 std=0.424 var=0.180 state=standing thr=2.162/2.362/2.862
-8.69,32.81,338.19,0.9395,-0.2900,0.0246,0.1806,-0.43,-5.83,9.30,-21.81,-33.12,22.94,10.98,0,1.70,-0.0117,0.1108,32,0.781,0.814,62.50,1.04,24.564,0
-7.94,34.00,337.19,0.9353,-0.2990,0.0120,0.1890,-0.56,-5.47,8.40,-3.88,-20.50,-1.38,10.04,0,1.70,-0.0181,0.1127,32,0.781,0.814,62.50,1.04,24.564,0
-6.25,35.12,337.25,0.9333,-0.3062,-0.0027,0.1874,-0.12,-4.88,8.14,-20.75,-11.81,-18.25,9.49,0,1.70,-0.0239,0.1141,32,0.781,0.814,62.50,1.04,24.564,0
-5.88,36.12,338.06,0.9320,-0.3152,-0.0067,0.1788,-0.19,-4.50,8.70,-20.50,-3.62,-20.12,9.80,0,1.70,-0.0250,0.1170,32,0.781,0.814,62.50,1.04,24.564,0
phase1 acc_mag=9.916 gravity=9.693 motion=0.223 moving_avg=1.135 rms=1.880 mean_rms=1.488 max_rms=1.924 min_rms=0.926 std=0.440 var=0.193 state=standing thr=2.367/2.567/3.067
-3.19,36.81,339.69,0.9341,-0.3150,-0.0289,0.1655,1.20,-5.37,9.16,7.31,-22.06,-46.88,10.69,0,1.70,-0.0317,0.1158,32,0.781,0.814,62.50,1.04,24.564,0
-1.06,36.62,342.31,0.9380,-0.3120,-0.0383,0.1457,-3.27,-7.81,9.30,10.31,-4.62,-35.19,12.58,0,1.70,-0.0325,0.1148,32,0.781,0.814,62.50,1.04,24.564,0
-1.38,33.88,340.88,0.9437,-0.2872,-0.0339,0.1603,1.57,-5.19,6.70,49.31,5.62,20.25,8.62,0,1.70,-0.0312,0.1063,32,0.781,0.814,62.50,1.04,24.564,0
phase1 acc_mag=7.502 gravity=9.734 motion=2.232 moving_avg=1.409 rms=2.089 mean_rms=1.697 max_rms=2.089 min_rms=0.926 std=0.372 var=0.138 state=standing thr=2.441/2.641/3.141
-2.88,32.12,339.75,0.9456,-0.2772,-0.0226,0.1686,-1.99,-3.95,6.06,23.06,3.75,41.44,7.50,0,1.70,-0.0273,0.1033,33,0.705,0.734,62.43,1.04,25.270,0
-1.00,30.19,334.06,0.9408,-0.2562,-0.0494,0.2163,0.85,-6.29,8.90,7.94,-65.19,55.81,10.93,0,1.70,-0.0408,0.0921,33,0.705,0.734,62.43,1.04,25.270,0
0.88,29.56,329.75,0.9322,-0.2432,-0.0757,0.2571,1.35,-6.18,6.23,14.12,-41.81,63.19,8.88,0,1.70,-0.0533,0.0829,33,0.705,0.734,62.43,1.04,25.270,0
-0.50,29.50,325.12,0.9225,-0.2449,-0.0717,0.2897,0.78,-5.43,7.88,3.88,8.31,48.88,9.60,0,1.70,-0.0548,0.0820,33,0.705,0.734,62.43,1.04,25.270,0
phase1 acc_mag=10.213 gravity=9.625 motion=0.588 moving_avg=1.348 rms=1.877 mean_rms=1.921 max_rms=2.137 min_rms=1.455 std=0.137 var=0.019 state=standing thr=2.196/2.396/2.896
-2.50,28.81,321.19,0.9115,-0.2423,-0.0602,0.3268,0.22,-5.40,8.42,0.62,-7.81,66.19,10.01,0,1.70,-0.0536,0.0805,33,0.705,0.734,62.43,1.04,25.270,0
-3.38,28.88,315.50,0.8930,-0.2410,-0.0677,0.3740,-0.54,-6.33,6.77,0.62,-48.62,88.25,9.28,0,1.70,-0.0603,0.0760,33,0.705,0.734,62.43,1.04,25.270,0
-3.62,28.25,307.50,0.8653,-0.2323,-0.0790,0.4372,0.06,-5.67,6.38,-1.62,-54.56,112.75,8.54,0,1.70,-0.0680,0.0666,33,0.705,0.734,62.43,1.04,25.270,0
-5.19,28.00,299.00,0.8296,-0.2332,-0.0828,0.5006,-0.68,-5.90,7.08,-23.81,-31.38,121.19,9.24,0,1.70,-0.0742,0.0608,33,0.705,0.734,62.43,1.04,25.270,0
phase1 acc_mag=8.340 gravity=9.785 motion=1.445 moving_avg=1.007 rms=1.336 mean_rms=1.858 max_rms=2.137 min_rms=1.333 std=0.230 var=0.053 state=standing thr=2.317/2.517/3.017
-8.56,30.94,290.12,0.7881,-0.2618,-0.0876,0.5501,-3.39,-7.51,12.04,-99.62,2.38,132.75,14.59,0,1.70,-0.0852,0.0632,33,0.705,0.734,62.43,1.04,25.270,0
-13.69,31.31,284.31,0.7523,-0.2830,-0.0572,0.5922,-3.81,-3.13,5.15,56.62,31.38,91.69,7.13,0,1.70,-0.0842,0.0716,33,0.705,0.734,62.43,1.04,25.270,0
-14.38,29.25,277.31,0.7158,-0.2688,-0.0718,0.6405,-1.69,-2.83,6.71,-24.19,-90.62,67.44,7.48,0,1.70,-0.0894,0.0586,34,0.847,1.162,82.30,1.37,26.117,0
phase1 acc_mag=8.211 gravity=9.832 motion=1.621 moving_avg=1.619 rms=2.549 mean_rms=1.932 max_rms=2.550 min_rms=1.333 std=0.333 var=0.111 state=standing thr=2.599/2.799/3.299
-10.56,29.50,269.44,0.6779,-0.2445,-0.1115,0.6843,-1.86,-4.66,6.50,-11.44,-93.94,78.19,8.21,0,1.70,-0.0972,0.0358,34,0.847,1.162,82.30,1.37,26.117,0
-9.56,29.44,263.62,0.6428,-0.2319,-0.1299,0.7184,-2.30,-5.89,9.89,3.38,-25.06,51.69,11.74,0,1.70,-0.1001,0.0223,34,0.847,1.162,82.30,1.37,26.117,0
-10.56,28.44,259.75,0.6151,-0.2285,-0.1252,0.7441,-1.87,-4.23,7.84,-2.38,-16.50,58.75,9.10,0,1.70,-0.0988,0.0189,34,0.847,1.162,82.30,1.37,26.117,0
-10.44,28.56,255.31,0.5898,-0.2233,-0.1356,0.7641,-1.37,-3.90,8.29,-25.81,-26.81,48.25,9.26,0,1.70,-0.1002,0.0113,34,0.847,1.162,82.30,1.37,26.117,0
phase1 acc_mag=9.694 gravity=9.860 motion=0.166 moving_avg=1.756 rms=2.601 mean_rms=2.074 max_rms=2.605 min_rms=1.333 std=0.421 var=0.177 state=standing thr=2.916/3.116/3.616
-10.12,29.31,252.38,0.5667,-0.2211,-0.1497,0.7795,-2.13,-4.51,8.66,-21.44,-27.44,28.00,9.99,0,1.70,-0.1029,0.0034,34,0.847,1.162,82.30,1.37,26.117,0
-9.50,29.75,248.94,0.5453,-0.2146,-0.1609,0.7941,-1.26,-3.75,8.30,-19.62,-26.81,31.25,9.19,0,1.70,-0.1033,-0.0043,34,0.847,1.162,82.30,1.37,26.117,0
-9.19,30.62,246.94,0.5273,-0.2147,-0.1746,0.8034,-1.87,-4.20,8.46,-21.31,-18.00,42.25,9.63,0,1.70,-0.1058,-0.0108,34,0.847,1.162,82.30,1.37,26.117,0
-9.38,32.56,244.69,0.5123,-0.2208,-0.1891,0.8082,-0.82,-3.41,8.34,-39.19,-7.56,-1.88,9.05,0,1.70,-0.1101,-0.0159,34,0.847,1.162,82.30,1.37,26.117,0
phase1 acc_mag=10.223 gravity=9.790 motion=0.433 moving_avg=1.476 rms=2.437 mean_rms=2.188 max_rms=2.605 min_rms=1.333 std=0.452 var=0.204 state=standing thr=3.092/3.292/3.792
-9.06,32.12,241.88,0.4891,-0.2074,-0.1904,0.8256,-1.76,-5.35,9.22,47.38,-46.75,55.06,10.80,0,1.70,-0.1057,-0.0223,34,0.847,1.162,82.30,1.37,26.117,0
-8.62,30.81,242.81,0.5012,-0.2042,-0.1844,0.8204,-7.20,-5.77,6.48,-66.56,37.69,-58.62,11.27,0,1.70,-0.1040,-0.0196,34,0.847,1.162,82.30,1.37,26.117,0
-3.62,30.62,241.25,0.4922,-0.1630,-0.2135,0.8280,3.41,-7.00,9.69,4.88,-52.81,-9.19,12.43,0,1.70,-0.0960,-0.0386,34,0.847,1.162,82.30,1.37,26.117,0
-6.12,33.06,240.94,0.4855,-0.1921,-0.2159,0.8251,-2.34,-4.63,5.33,-5.75,18.38,44.25,7.44,0,1.70,-0.1053,-0.0339,34,0.847,1.162,82.30,1.37,26.117,0
phase1 acc_mag=7.782 gravity=9.990 motion=2.208 moving_avg=1.779 rms=2.749 mean_rms=2.294 max_rms=2.749 min_rms=1.333 std=0.475 var=0.226 state=standing thr=3.243/3.443/3.943
-5.94,33.12,238.31,0.4664,-0.1857,-0.2217,0.8359,-2.89,-4.41,8.65,-6.38,-49.06,29.38,10.13,0,1.70,-0.1034,-0.0395,34,0.847,1.162,82.30,1.37,26.117,0
-2.19,33.88,234.00,0.4343,-0.1506,-0.2505,0.8521,1.17,-6.29,7.13,-16.38,-86.62,21.19,9.58,0,1.70,-0.0948,-0.0592,34,0.847,1.162,82.30,1.37,26.117,0
-1.38,35.38,230.69,0.4078,-0.1420,-0.2690,0.8609,1.14,-6.78,7.12,-21.06,3.50,24.56,9.90,0,1.70,-0.0928,-0.0695,34,0.847,1.162,82.30,1.37,26.117,0
phase1 acc_mag=9.742 gravity=10.026 motion=0.285 moving_avg=1.632 rms=2.663 mean_rms=2.570 max_rms=2.755 min_rms=1.722 std=0.166 var=0.027 state=standing thr=2.901/3.101/3.601
-3.25,36.31,229.50,0.3973,-0.1603,-0.2695,0.8624,-0.65,-5.80,7.80,-7.44,24.19,16.00,9.74,0,1.70,-0.0981,-0.0675,34,0.847,1.162,82.30,1.37,26.117,0
-3.75,36.88,226.19,0.3720,-0.1559,-0.2773,0.8720,0.10,-6.46,8.03,1.00,-42.25,34.00,10.31,0,1.70,-0.0956,-0.0735,34,0.847,1.162,82.30,1.37,26.117,0
-3.38,37.00,224.00,0.3553,-0.1478,-0.2821,0.8788,0.68,-6.35,7.63,-1.62,-18.75,26.94,9.95,0,1.70,-0.0921,-0.0782,34,0.847,1.162,82.30,1.37,26.117,0
-3.31,36.69,222.31,0.3423,-0.1411,-0.2824,0.8849,0.20,-6.43,7.27,15.25,-2.88,12.31,9.71,0,1.70,-0.0886,-0.0806,34,0.847,1.162,82.30,1.37,26.117,0
phase1 acc_mag=10.055 gravity=10.013 motion=0.042 moving_avg=0.890 rms=1.501 mean_rms=2.443 max_rms=2.755 min_rms=1.501 std=0.378 var=0.143 state=standing thr=3.199/3.399/3.899
-3.19,36.19,221.31,0.3354,-0.1372,-0.2799,0.8890,0.60,-5.77,7.21,2.88,-13.69,13.56,9.25,0,1.70,-0.0863,-0.0811,34,0.847,1.162,82.30,1.37,26.117,0
-3.75,35.94,220.25,0.3273,-0.1386,-0.2778,0.8925,0.37,-5.98,7.99,3.12,4.00,11.94,9.99,0,1.70,-0.0858,-0.0810,34,0.847,1.162,82.30,1.37,26.117,0
-4.50,35.62,219.50,0.3207,-0.1432,-0.2725,0.8958,0.55,-5.49,8.07,9.69,5.00,16.38,9.78,0,1.70,-0.0863,-0.0793,34,0.847,1.162,82.30,1.37,26.117,0
-5.69,34.19,218.88,0.3177,-0.1470,-0.2590,0.9002,0.01,-4.42,7.52,16.00,5.12,12.06,8.72,0,1.70,-0.0859,-0.0746,34,0.847,1.162,82.30,1.37,26.117,0
phase1 acc_mag=8.577 gravity=9.953 motion=1.376 moving_avg=0.808 rms=1.443 mean_rms=2.212 max_rms=2.755 min_rms=1.422 std=0.535 var=0.286 state=standing thr=3.281/3.481/3.981
-6.12,32.19,218.25,0.3143,-0.1428,-0.2395,0.9075,0.19,-4.55,7.25,36.81,2.50,11.69,8.56,0,1.70,-0.0820,-0.0690,34,0.847,1.162,82.30,1.37,26.117,0
-9.25,33.50,217.81,0.3096,-0.1725,-0.2424,0.9031,-3.68,-8.73,13.71,-45.75,75.50,5.12,16.66,0,1.70,-0.0923,-0.0662,35,0.756,0.415,32.95,0.55,26.872,0
-11.38,32.38,217.31,0.3051,-0.1851,-0.2241,0.9069,-2.60,-5.38,6.91,36.56,-4.38,16.38,9.14,0,1.70,-0.0945,-0.0587,35,0.756,0.415,32.95,0.55,26.872,0
-11.06,30.75,216.25,0.2991,-0.1767,-0.2176,0.9121,-2.95,-3.74,6.13,2.12,-12.44,8.69,7.76,0,1.70,-0.0905,-0.0582,35,0.756,0.415,32.95,0.55,26.872,0
phase1 acc_mag=9.418 gravity=10.130 motion=0.712 moving_avg=1.331 rms=2.168 mean_rms=2.079 max_rms=2.755 min_rms=1.422 std=0.537 var=0.289 state=standing thr=3.153/3.353/3.853
-10.06,30.25,214.69,0.2869,-0.1639,-0.2194,0.9180,-1.25,-4.53,8.37,3.62,-7.06,15.62,9.60,0,1.70,-0.0854,-0.0618,35,0.756,0.415,32.95,0.55,26.872,0
-10.88,30.94,215.75,0.2968,-0.1773,-0.2194,0.9124,-2.94,-5.68,8.37,3.38,30.12,-16.75,10.53,0,1.70,-0.0908,-0.0590,35,0.756,0.415,32.95,0.55,26.872,0
-13.00,30.56,217.56,0.3087,-0.1946,-0.2069,0.9077,-3.45,-4.21,7.71,6.88,38.56,-3.12,9.44,0,1.70,-0.0962,-0.0511,35,0.756,0.415,32.95,0.55,26.872,0
phase1 acc_mag=9.431 gravity=9.879 motion=0.448 moving_avg=0.980 rms=1.718 mean_rms=1.930 max_rms=2.755 min_rms=1.422 std=0.464 var=0.216 state=standing thr=2.858/3.058/3.558
-12.31,31.25,217.88,0.3112,-0.1913,-0.2141,0.9059,-2.68,-4.38,7.91,-6.50,-20.38,-3.00,9.43,0,1.70,-0.0960,-0.0537,35,0.756,0.415,32.95,0.55,26.872,0
-10.75,32.12,218.06,0.3134,-0.1798,-0.2268,0.9044,-2.81,-5.45,8.40,2.88,-19.00,-16.12,10.40,0,1.70,-0.0935,-0.0595,35,0.756,0.415,32.95,0.55,26.872,0
-9.12,32.62,219.44,0.3251,-0.1720,-0.2344,0.8998,-1.73,-5.67,8.40,6.12,-3.12,-30.50,10.28,0,1.70,-0.0924,-0.0620,35,0.756,0.415,32.95,0.55,26.872,0
-8.81,34.00,222.75,0.3477,-0.1810,-0.2405,0.8880,-1.42,-4.86,8.20,-15.62,39.06,-53.56,9.64,0,1.70,-0.0977,-0.0602,35,0.756,0.415,32.95,0.55,26.872,0
phase1 acc_mag=10.152 gravity=9.866 motion=0.287 moving_avg=0.954 rms=1.708 mean_rms=1.735 max_rms=2.456 min_rms=1.422 std=0.251 var=0.063 state=standing thr=2.237/2.437/2.937
-9.06,35.44,228.31,0.3889,-0.1995,-0.2413,0.8665,-1.87,-5.05,8.33,3.38,56.50,-79.81,9.92,0,1.70,-0.1067,-0.0526,35,0.756,0.415,32.95,0.55,26.872,0
-8.81,35.62,235.75,0.4440,-0.2132,-0.2302,0.8393,-2.50,-4.90,7.58,28.25,62.00,-93.81,9.37,0,1.70,-0.1125,-0.0394,35,0.756,0.415,32.95,0.55,26.872,0
-7.50,32.62,242.50,0.5058,-0.2057,-0.2057,0.8121,-2.46,-2.05,5.35,-30.12,43.75,-122.56,6.24,0,1.70,-0.1084,-0.0252,35,0.756,0.415,32.95,0.55,26.872,0
-3.81,35.38,249.25,0.5411,-0.2012,-0.2298,0.7835,5.20,-11.62,11.45,-8.06,5.00,-33.00,17.12,0,1.70,-0.1128,-0.0285,35,0.756,0.415,32.95,0.55,26.872,0
phase1 acc_mag=15.678 gravity=10.340 motion=5.338 moving_avg=1.537 rms=2.766 mean_rms=1.776 max_rms=2.766 min_rms=1.422 std=0.290 var=0.084 state=walking thr=2.355/2.555/3.055
-6.00,37.38,252.12,0.5591,-0.2383,-0.2244,0.7617,1.32,-6.30,2.76,-28.00,71.62,-21.44,7.00,0,1.70,-0.1228,-0.0151,35,0.756,0.415,32.95,0.55,26.872,0
-8.12,37.75,254.56,0.5723,-0.2543,-0.2100,0.7509,-3.14,-3.92,7.17,13.19,56.00,-17.50,8.75,0,1.70,-0.1244,-0.0048,36,0.846,0.754,53.48,0.89,27.718,0
-7.62,37.50,256.19,0.5805,-0.2476,-0.2123,0.7461,-1.61,-4.68,6.36,-0.75,-62.00,-18.38,8.06,0,1.70,-0.1232,-0.0059,36,0.846,0.754,53.48,0.89,27.718,0
-1.19,38.56,255.88,0.5806,-0.2123,-0.2535,0.7440,1.26,-9.40,6.91,-21.06,-61.00,-35.06,11.73,0,1.70,-0.1220,-0.0261,36,0.846,0.754,53.48,0.89,27.718,0
phase1 acc_mag=11.727 gravity=10.218 motion=1.509 moving_avg=1.786 rms=2.906 mean_rms=2.078 max_rms=2.911 min_rms=1.468 std=0.473 var=0.224 state=standing thr=3.025/3.225/3.725
-1.06,39.31,256.81,0.5850,-0.2170,-0.2575,0.7378,1.23,-6.84,6.62,-9.81,55.56,-22.31,9.60,0,1.70,-0.1243,-0.0252,36,0.846,0.754,53.48,0.89,27.718,0
-1.56,38.56,258.94,0.6030,-0.2215,-0.2454,0.7261,-0.67,-5.75,7.45,9.31,22.94,-30.00,9.43,0,1.70,-0.1235,-0.0178,36,0.846,0.754,53.48,0.89,27.718,0
-0.56,39.31,262.25,0.6196,-0.2256,-0.2498,0.7090,0.42,-6.24,6.52,-19.50,1.62,-40.69,9.03,0,1.70,-0.1259,-0.0149,36,0.846,0.754,53.48,0.89,27.718,0
phase1 acc_mag=10.339 gravity=10.037 motion=0.302 moving_avg=1.274 rms=2.413 mean_rms=2.215 max_rms=2.911 min_rms=1.706 std=0.499 var=0.249 state=standing thr=3.214/3.414/3.914
1.12,40.38,264.38,0.6324,-0.2247,-0.2632,0.6931,1.35,-7.58,6.90,-9.81,3.88,-32.50,10.34,0,1.70,-0.1289,-0.0161,36,0.846,0.754,53.48,0.89,27.718,0
1.81,40.31,267.94,0.6552,-0.2264,-0.2584,0.6729,0.70,-6.90,6.51,15.38,21.44,-44.00,9.51,0,1.70,-0.1287,-0.0102,36,0.846,0.754,53.48,0.89,27.718,0
2.50,39.81,271.75,0.6750,-0.2281,-0.2538,0.6541,1.62,-6.97,6.57,-0.38,42.62,-55.19,9.71,0,1.70,-0.1282,-0.0048,36,0.846,0.754,53.48,0.89,27.718,0
1.62,39.44,277.06,0.7103,-0.2448,-0.2324,0.6177,1.06,-6.51,6.53,4.50,70.00,-68.94,9.28,0,1.70,-0.1265,0.0121,36,0.846,0.754,53.48,0.89,27.718,0
phase1 acc_mag=10.235 gravity=10.034 motion=0.201 moving_avg=1.258 rms=2.412 mean_rms=2.328 max_rms=2.911 min_rms=1.706 std=0.461 var=0.212 state=standing thr=3.250/3.450/3.950
1.12,39.06,283.88,0.7422,-0.2571,-0.2145,0.5806,0.44,-7.75,7.18,4.75,69.44,-72.12,10.57,0,1.70,-0.1234,0.0265,36,0.846,0.754,53.48,0.89,27.718,0
0.12,38.19,290.81,0.7831,-0.2708,-0.1818,0.5295,0.31,-7.62,7.36,14.50,93.56,-77.19,10.60,0,1.70,-0.1143,0.0463,36,0.846,0.754,53.48,0.89,27.718,0
-1.12,37.06,299.62,0.8197,-0.2804,-0.1505,0.4763,0.06,-6.92,7.48,17.12,92.94,-87.38,10.19,0,1.70,-0.1027,0.0633,36,0.846,0.754,53.48,0.89,27.718,0
-2.56,36.31,307.25,0.8511,-0.2900,-0.1171,0.4217,-0.38,-6.58,7.57,16.38,81.81,-82.19,10.04,0,1.70,-0.0888,0.0790,36,0.846,0.754,53.48,0.89,27.718,0
phase1 acc_mag=9.502 gravity=10.113 motion=0.611 moving_avg=1.256 rms=2.412 mean_rms=2.469 max_rms=2.911 min_rms=1.706 std=0.342 var=0.117 state=standing thr=3.153/3.353/3.853
-3.50,36.12,313.62,0.8769,-0.2990,-0.0890,0.3657,-0.29,-5.82,7.09,-0.88,67.94,-81.56,9.18,0,1.70,-0.0749,0.0918,36,0.846,0.754,53.48,0.89,27.718,0
-4.44,36.19,321.00,0.8954,-0.3059,-0.0650,0.3168,0.50,-5.77,7.24,10.69,69.56,-66.31,9.27,0,1.70,-0.0621,0.1013,36,0.846,0.754,53.48,0.89,27.718,0
-6.44,36.62,325.81,0.9072,-0.3187,-0.0319,0.2729,0.18,-5.78,7.35,-8.94,63.69,-50.19,9.35,0,1.70,-0.0464,0.1122,36,0.846,0.754,53.48,0.89,27.718,0
-8.56,38.19,329.88,0.9102,-0.3339,-0.0079,0.2449,-1.29,-6.22,7.17,-5.75,46.75,-19.25,9.58,0,1.70,-0.0356,0.1208,36,0.846,0.754,53.48,0.89,27.718,0
phase1 acc_mag=9.800 gravity=9.627 motion=0.173 moving_avg=0.642 rms=0.956 mean_rms=2.441 max_rms=2.911 min_rms=0.956 std=0.409 var=0.167 state=standing thr=3.259/3.459/3.959
-9.94,38.19,330.38,0.9102,-0.3363,0.0080,0.2416,-0.25,-5.47,7.47,9.69,23.06,10.31,9.26,0,1.70,-0.0296,0.1232,36,0.846,0.754,53.48,0.89,27.718,0
-11.94,36.44,328.69,0.9105,-0.3226,0.0248,0.2574,-0.70,-5.65,8.13,42.75,3.12,34.38,9.93,0,1.70,-0.0242,0.1201,36,0.846,0.754,53.48,0.89,27.718,0
-11.69,32.94,324.81,0.9097,-0.2983,0.0172,0.2885,-2.24,-8.74,11.81,1.25,-21.94,38.31,14.86,0,1.70,-0.0282,0.1105,36,0.846,0.754,53.48,0.89,27.718,0
phase1 acc_mag=9.488 gravity=9.874 motion=0.386 moving_avg=0.585 rms=1.020 mean_rms=1.994 max_rms=2.854 min_rms=0.580 std=0.722 var=0.521 state=standing thr=3.437/3.637/4.137
-11.31,31.25,325.56,0.9170,-0.2804,0.0226,0.2829,-0.99,-5.66,7.55,54.19,26.44,-0.25,9.49,0,1.70,-0.0234,0.1054,36,0.846,0.754,53.48,0.89,27.718,0
-12.62,28.00,328.44,0.9299,-0.2579,0.0471,0.2579,-2.35,-5.79,8.86,31.62,16.38,-24.44,10.84,0,1.70,-0.0091,0.1008,36,0.846,0.754,53.48,0.89,27.718,0
-12.56,26.62,331.50,0.9379,-0.2470,0.0539,0.2377,-3.09,-4.56,7.05,36.69,-4.38,-42.75,8.95,0,1.70,-0.0033,0.0978,36,0.846,0.754,53.48,0.89,27.718,0
-12.00,25.38,334.75,0.9470,-0.2343,0.0577,0.2120,-1.89,-3.44,7.50,6.00,20.62,-31.75,8.46,0,1.70,0.0020,0.0936,36,0.846,0.754,53.48,0.89,27.718,0
phase1 acc_mag=9.486 gravity=9.776 motion=0.290 moving_avg=0.682 rms=1.116 mean_rms=1.717 max_rms=2.416 min_rms=0.580 std=0.739 var=0.545 state=standing thr=3.194/3.394/3.894
-11.94,25.62,338.38,0.9528,-0.2347,0.0642,0.1815,-2.49,-4.72,8.53,3.00,22.06,-53.56,10.06,0,1.70,0.0074,0.0941,36,0.846,0.754,53.48,0.89,27.718,0
-11.56,26.31,341.75,0.9575,-0.2377,0.0676,0.1487,-1.64,-5.43,8.46,5.88,12.44,-61.12,10.19,0,1.70,0.0118,0.0951,36,0.846,0.754,53.48,0.89,27.718,0
-11.81,27.94,346.25,0.9586,-0.2487,0.0773,0.1154,-0.39,-4.46,7.87,-17.38,49.56,-56.88,9.05,0,1.70,0.0181,0.0989,36,0.846,0.754,53.48,0.89,27.718,0
-13.62,30.25,351.00,0.9551,-0.2681,0.1056,0.0694,-1.29,-3.37,8.01,-35.94,52.31,-60.12,8.79,0,1.70,0.0329,0.1054,36,0.846,0.000,0.00,0.00,27.718,0
phase1 acc_mag=8.812 gravity=9.734 motion=0.921 moving_avg=0.727 rms=1.136 mean_rms=1.460 max_rms=2.416 min_rms=0.580 std=0.673 var=0.453 state=standing thr=2.806/3.006/3.506
-12.81,34.94,355.12,0.9475,-0.2994,0.1047,0.0399,-1.92,-4.10,8.60,-76.62,-16.12,-70.75,9.72,0,1.70,0.0349,0.1152,36,0.846,0.000,0.00,0.00,27.718,0
-11.56,38.00,358.88,0.9412,-0.3215,0.1038,0.0089,0.07,-4.20,8.39,-35.81,34.38,-47.62,9.38,0,1.70,0.0379,0.1214,36,0.846,0.000,0.00,0.00,27.718,0
-10.81,36.12,4.06,0.9462,-0.3025,0.1103,-0.0338,-2.86,-6.21,7.04,54.81,105.94,-70.00,9.81,0,1.70,0.0458,0.1130,36,0.846,0.000,0.00,0.00,27.718,0
-6.44,35.75,6.88,0.9485,-0.3016,0.0776,-0.0573,1.23,-12.90,13.88,56.00,-16.12,5.50,18.99,0,1.70,0.0363,0.1126,36,0.846,0.000,0.00,0.00,27.718,0
phase1 acc_mag=13.362 gravity=10.217 motion=3.145 moving_avg=1.328 rms=2.776 mean_rms=1.270 max_rms=2.776 min_rms=0.580 std=0.547 var=0.299 state=walking thr=2.363/2.563/3.063
-10.56,33.69,8.19,0.9508,-0.2786,0.1168,-0.0683,-1.54,-0.72,3.44,25.31,78.56,43.50,3.84,0,1.70,0.0520,0.1028,36,0.846,0.000,0.00,0.00,27.718,0
-10.94,33.25,8.38,0.9515,-0.2743,0.1203,-0.0699,-6.09,-3.10,6.42,8.19,-15.00,10.69,9.38,0,1.70,0.0535,0.1010,36,0.846,0.000,0.00,0.00,27.718,0
-8.44,32.94,5.38,0.9550,-0.2812,0.0855,-0.0416,0.86,-4.40,7.31,-42.88,-64.94,19.50,8.58,0,1.70,0.0373,0.1060,36,0.846,0.000,0.00,0.00,27.718,0
-5.25,34.19,1.25,0.9547,-0.2928,0.0514,-0.0104,-1.85,-8.53,6.79,-21.06,-99.12,54.44,11.06,0,1.70,0.0208,0.1116,36,0.846,0.000,0.00,0.00,27.718,0
phase1 acc_mag=11.524 gravity=10.052 motion=1.472 moving_avg=1.566 rms=2.960 mean_rms=1.484 max_rms=2.960 min_rms=0.580 std=0.811 var=0.658 state=standing thr=3.106/3.306/3.806
-4.31,35.38,355.12,0.9505,-0.3060,0.0290,0.0449,1.47,-6.94,8.26,-21.06,-5.75,77.06,10.89,0,1.70,0.0055,0.1169,36,0.846,0.000,0.00,0.00,27.718,0
-6.38,35.62,349.12,0.9464,-0.3088,0.0297,0.0900,-1.02,-5.39,7.05,-18.38,-49.56,69.31,8.93,0,1.70,0.0001,0.1180,36,0.846,0.000,0.00,0.00,27.718,0
-6.44,36.19,343.19,0.9390,-0.3146,0.0133,0.1386,-0.57,-6.32,7.85,-24.19,-63.44,88.25,10.09,0,1.70,-0.0124,0.1189,36,0.846,0.000,0.00,0.00,27.718,0
-6.25,36.00,335.31,0.9252,-0.3136,-0.0126,0.2133,0.54,-6.11,6.42,-21.19,-71.88,108.44,8.88,0,1.70,-0.0314,0.1150,36,0.846,0.000,0.00,0.00,27.718,0
phase1 acc_mag=9.205 gravity=9.939 motion=0.734 moving_avg=1.451 rms=2.830 mean_rms=1.954 max_rms=2.974 min_rms=1.059 std=0.882 var=0.777 state=standing thr=3.718/3.918/4.418
-7.88,35.88,326.38,0.9087,-0.3140,-0.0193,0.2743,-0.28,-6.16,6.51,-8.31,-48.00,126.62,8.97,0,1.70,-0.0415,0.1120,36,0.846,0.000,0.00,0.00,27.718,0
-9.19,34.62,316.38,0.8791,-0.3047,-0.0343,0.3649,-1.47,-7.24,7.89,-23.44,-80.31,131.25,10.81,0,1.70,-0.0565,0.1021,37,0.871,0.000,0.00,0.00,28.590,0
-9.06,35.38,304.50,0.8409,-0.3054,-0.0666,0.4418,-3.09,-6.80,5.91,-84.12,-98.50,118.38,9.52,0,1.70,-0.0764,0.0909,37,0.871,0.000,0.00,0.00,28.590,0
phase1 acc_mag=19.331 gravity=10.447 motion=8.884 moving_avg=1.931 rms=3.515 mean_rms=2.344 max_rms=3.515 min_rms=1.123 std=0.826 var=0.683 state=standing thr=3.997/4.197/4.697
-10.94,38.75,294.00,0.7855,-0.3276,-0.0908,0.5172,-4.46,-8.77,16.64,9.06,-46.88,124.56,19.33,0,1.70,-0.0963,0.0841,37,0.871,0.000,0.00,0.00,28.590,0
-12.69,35.06,283.88,0.7466,-0.3044,-0.0909,0.5845,2.31,-1.72,6.11,-14.00,-63.44,75.38,6.75,0,1.70,-0.0983,0.0697,38,0.865,3.167,219.78,3.66,29.454,1
-13.38,36.38,277.19,0.7025,-0.3094,-0.1155,0.6304,-4.91,-3.62,4.57,-50.19,-66.31,77.69,7.62,0,1.70,-0.1105,0.0578,38,0.865,3.167,219.78,3.66,29.454,0
-10.88,37.19,270.38,0.6699,-0.2936,-0.1506,0.6651,-3.56,-7.39,10.84,-15.12,-86.38,60.62,13.59,0,1.70,-0.1185,0.0386,38,0.865,3.167,219.78,3.66,29.454,0
phase1 acc_mag=12.550 gravity=10.363 motion=2.187 moving_avg=2.373 rms=3.757 mean_rms=2.826 max_rms=3.757 min_rms=1.148 std=0.710 var=0.504 state=standing thr=4.246/4.446/4.946
-9.94,35.62,266.19,0.6450,-0.2701,-0.1577,0.6973,-1.51,-5.85,7.17,30.12,-46.38,72.62,9.38,0,1.70,-0.1160,0.0257,38,0.865,3.167,219.78,3.66,29.454,0
-10.00,34.75,260.06,0.6118,-0.2604,-0.1671,0.7280,-1.13,-4.22,7.10,-12.44,-34.88,64.19,8.34,0,1.70,-0.1167,0.0151,39,0.684,2.392,209.79,3.50,30.139,1
-10.75,35.12,253.88,0.5709,-0.2578,-0.1789,0.7587,-3.16,-4.36,9.31,-8.31,-43.00,69.56,10.76,0,1.70,-0.1191,0.0046,39,0.684,2.392,209.79,3.50,30.139,0
-9.12,35.12,249.62,0.5385,-0.2367,-0.2007,0.7834,-2.23,-4.64,8.59,-12.56,-62.62,43.75,10.01,0,1.70,-0.1174,-0.0119,39,0.684,2.392,209.79,3.50,30.139,0
phase1 acc_mag=9.662 gravity=9.787 motion=0.125 moving_avg=1.864 rms=2.766 mean_rms=3.186 max_rms=3.780 min_rms=2.766 std=0.378 var=0.143 state=standing thr=3.942/4.142/4.642
-7.25,34.88,245.56,0.5160,-0.2175,-0.2144,0.8003,-1.16,-4.18,7.27,-7.94,-55.56,40.81,8.47,0,1.70,-0.1139,-0.0237,39,0.684,2.392,209.79,3.50,30.139,0
-6.44,34.94,242.44,0.4913,-0.2045,-0.2268,0.8157,-1.21,-3.57,8.00,-14.25,-31.25,22.69,8.84,0,1.70,-0.1113,-0.0338,39,0.684,2.392,209.79,3.50,30.139,0
-5.06,34.00,240.38,0.4799,-0.1843,-0.2275,0.8270,-0.79,-3.73,9.18,20.38,-35.44,15.00,9.94,0,1.70,-0.1047,-0.0399,39,0.684,2.392,209.79,3.50,30.139,0
-1.12,36.06,239.44,0.4714,-0.1625,-0.2638,0.8257,-3.32,-11.06,10.63,11.69,-128.00,19.25,15.70,0,1.70,-0.1034,-0.0565,39,0.684,2.392,209.79,3.50,30.139,0
phase1 acc_mag=15.603 gravity=10.158 motion=5.445 moving_avg=2.014 rms=3.022 mean_rms=3.142 max_rms=3.780 min_rms=2.662 std=0.417 var=0.174 state=standing thr=3.977/4.177/4.677
-2.19,37.94,237.56,0.4553,-0.1747,-0.2750,0.8286,1.50,-6.06,3.89,-56.12,58.12,26.31,7.36,0,1.70,-0.1080,-0.0593,39,0.684,2.392,209.79,3.50,30.139,0
-2.56,37.44,234.12,0.4308,-0.1671,-0.2749,0.8431,-1.32,-4.54,4.62,19.12,-76.00,48.62,6.61,0,1.70,-0.1037,-0.0639,40,0.785,1.420,108.50,1.81,30.924,0
-2.12,39.50,230.50,0.4015,-0.1620,-0.2970,0.8511,-1.15,-6.91,8.48,-40.81,-27.69,4.12,11.00,0,1.70,-0.1028,-0.0751,40,0.785,1.420,108.50,1.81,30.924,0
0.00,40.31,229.19,0.3910,-0.1439,-0.3133,0.8534,1.38,-7.57,5.66,-2.62,-35.69,12.31,9.55,0,1.70,-0.0981,-0.0844,40,0.785,1.420,108.50,1.81,30.924,0
phase1 acc_mag=9.116 gravity=10.095 motion=0.979 moving_avg=2.147 rms=3.116 mean_rms=3.179 max_rms=3.780 min_rms=2.662 std=0.403 var=0.162 state=standing thr=3.984/4.184/4.684
1.06,40.69,227.50,0.3779,-0.1309,-0.3223,0.8580,0.89,-6.83,6.94,-5.38,-17.62,20.38,9.78,0,1.70,-0.0937,-0.0908,40,0.785,1.420,108.50,1.81,30.924,0
0.06,41.25,225.94,0.3653,-0.1368,-0.3251,0.8615,0.05,-6.96,7.93,-5.38,-5.62,18.25,10.55,0,1.70,-0.0947,-0.0920,40,0.785,1.420,108.50,1.81,30.924,0
0.00,41.75,225.19,0.3592,-0.1370,-0.3293,0.8624,0.90,-6.52,7.57,-12.31,5.38,7.69,10.03,0,1.70,-0.0946,-0.0939,40,0.785,1.420,108.50,1.81,30.924,0
phase1 acc_mag=9.409 gravity=9.671 motion=0.262 moving_avg=1.554 rms=2.280 mean_rms=3.171 max_rms=3.780 min_rms=2.280 std=0.412 var=0.170 state=standing thr=3.996/4.196/4.696
-0.38,42.31,224.75,0.3541,-0.1419,-0.3320,0.8627,0.58,-6.10,7.14,-1.12,6.25,18.00,9.41,0,1.70,-0.0960,-0.0945,40,0.785,1.420,108.50,1.81,30.924,0
-2.31,42.19,223.56,0.3461,-0.1539,-0.3260,0.8661,0.88,-5.57,7.77,-5.38,19.50,12.69,9.60,0,1.70,-0.0984,-0.0916,40,0.785,1.420,108.50,1.81,30.924,0
-4.12,41.00,222.50,0.3384,-0.1628,-0.3088,0.8738,-0.30,-5.87,7.34,34.75,4.00,24.31,9.40,0,1.70,-0.0987,-0.0859,40,0.785,1.420,108.50,1.81,30.924,0
-4.44,37.19,220.06,0.3220,-0.1453,-0.2817,0.8921,1.37,-4.60,7.86,43.25,-22.56,18.75,9.21,0,1.70,-0.0881,-0.0818,40,0.785,1.420,108.50,1.81,30.924,0
phase1 acc_mag=10.731 gravity=9.796 motion=0.935 moving_avg=1.087 rms=1.848 mean_rms=2.851 max_rms=3.780 min_rms=1.847 std=0.532 var=0.283 state=standing thr=3.915/4.115/4.615
-4.00,33.94,217.44,0.3069,-0.1287,-0.2643,0.9052,-3.43,-6.10,4.65,-9.69,-47.12,45.62,8.40,0,1.70,-0.0791,-0.0799,40,0.785,1.420,108.50,1.81,30.924,0
-4.50,37.56,216.50,0.2964,-0.1405,-0.2920,0.8984,-5.32,-11.15,10.23,-5.75,32.38,11.19,16.04,0,1.70,-0.0851,-0.0883,40,0.785,1.420,108.50,1.81,30.924,0
-8.19,34.69,214.12,0.2785,-0.1596,-0.2603,0.9106,1.07,-1.65,4.06,1.75,9.94,18.88,4.51,0,1.70,-0.0871,-0.0770,41,0.837,0.924,66.23,1.10,31.760,0
phase1 acc_mag=8.490 gravity=10.061 motion=1.571 moving_avg=1.707 rms=2.876 mean_rms=2.663 max_rms=3.120 min_rms=1.838 std=0.444 var=0.197 state=standing thr=3.551/3.751/4.251
-10.19,33.62,211.69,0.2604,-0.1678,-0.2498,0.9174,-4.52,-3.53,6.26,11.94,-13.31,35.69,8.49,0,1.70,-0.0876,-0.0742,41,0.837,0.924,66.23,1.10,31.760,0
-10.38,35.62,209.75,0.2435,-0.1699,-0.2676,0.9166,-3.28,-6.71,8.79,-46.50,14.62,-15.75,11.53,0,1.70,-0.0884,-0.0816,41,0.837,0.924,66.23,1.10,31.760,0
-10.81,34.81,209.56,0.2427,-0.1709,-0.2604,0.9187,-1.65,-4.83,7.01,29.50,26.06,6.25,8.67,0,1.70,-0.0881,-0.0791,41,0.837,0.924,66.23,1.10,31.760,0
-12.62,34.81,210.69,0.2512,-0.1891,-0.2524,0.9151,-1.60,-3.52,7.13,-28.38,43.38,-20.12,8.11,0,1.70,-0.0946,-0.0734,41,0.837,0.924,66.23,1.10,31.760,0
phase1 acc_mag=9.489 gravity=9.771 motion=0.282 moving_avg=1.495 rms=2.532 mean_rms=2.675 max_rms=3.120 min_rms=1.838 std=0.446 var=0.199 state=standing thr=3.568/3.768/4.268
-12.62,36.75,211.88,0.2595,-0.1966,-0.2656,0.9075,-3.27,-5.22,8.18,-14.12,-2.00,-7.94,10.24,0,1.70,-0.0989,-0.0760,41,0.837,0.924,66.23,1.10,31.760,0
-11.75,37.00,212.81,0.2682,-0.1915,-0.2697,0.9048,-1.92,-5.15,8.18,0.50,0.50,-17.75,9.86,0,1.70,-0.0982,-0.0771,41,0.837,0.924,66.23,1.10,31.760,0
-10.75,37.50,215.06,0.2887,-0.1897,-0.2734,0.8977,-1.93,-4.75,7.56,-2.38,8.81,-52.44,9.13,0,1.70,-0.0997,-0.0763,41,0.837,0.924,66.23,1.10,31.760,0
-8.44,37.44,218.19,0.3091,-0.1780,-0.2751,0.8928,-1.00,-4.71,7.87,7.06,-15.12,-59.12,9.23,0,1.70,-0.0976,-0.0762,41,0.837,0.924,66.23,1.10,31.760,0
phase1 acc_mag=9.475 gravity=9.904 motion=0.430 moving_avg=1.308 rms=2.399 mean_rms=2.540 max_rms=3.113 min_rms=1.838 std=0.397 var=0.157 state=standing thr=3.333/3.533/4.033
-5.94,36.00,223.25,0.3503,-0.1644,-0.2659,0.8829,-1.70,-4.96,8.57,31.00,33.38,-78.06,10.05,0,1.70,-0.0953,-0.0709,41,0.837,0.924,66.23,1.10,31.760,0
-4.00,37.50,227.88,0.3864,-0.1577,-0.2803,0.8644,-9.76,-12.38,10.22,15.50,-72.00,-49.19,18.79,0,1.70,-0.0978,-0.0725,41,0.837,0.924,66.23,1.10,31.760,0
-0.19,38.69,230.00,0.3991,-0.1420,-0.2998,0.8548,4.34,-8.12,5.67,-33.50,44.25,-59.62,10.81,0,1.70,-0.0964,-0.0798,41,0.837,0.924,66.23,1.10,31.760,0
-2.06,40.94,234.25,0.4313,-0.1825,-0.3017,0.8304,-0.85,-5.52,6.79,-23.31,77.69,-33.50,8.79,0,1.70,-0.1127,-0.0687,41,0.837,0.924,66.23,1.10,31.760,0
phase1 acc_mag=9.986 gravity=10.183 motion=0.197 moving_avg=1.828 rms=2.939 mean_rms=2.498 max_rms=2.939 min_rms=1.838 std=0.354 var=0.125 state=standing thr=3.206/3.406/3.906
-3.19,41.81,237.88,0.4547,-0.1978,-0.3004,0.8148,-2.45,-6.28,7.27,-10.94,3.75,-55.56,9.91,0,1.70,-0.1191,-0.0619,41,0.837,0.924,66.23,1.10,31.760,0
1.06,42.88,240.12,0.4666,-0.1746,-0.3218,0.8052,0.85,-8.16,5.40,-4.38,-46.50,-29.25,9.82,0,1.70,-0.1163,-0.0711,41,0.837,0.924,66.23,1.10,31.760,0
3.12,43.31,240.31,0.4671,-0.1600,-0.3333,0.8032,0.99,-8.29,6.41,6.00,8.81,-1.62,10.53,0,1.70,-0.1137,-0.0772,41,0.837,0.924,66.23,1.10,31.760,0
2.44,41.69,240.94,0.4741,-0.1606,-0.3181,0.8051,0.14,-6.20,6.13,22.56,17.75,-22.81,8.72,0,1.70,-0.1120,-0.0720,41,0.837,0.924,66.23,1.10,31.760,0
phase1 acc_mag=8.793 gravity=10.262 motion=1.469 moving_avg=1.833 rms=2.937 mean_rms=2.700 max_rms=2.945 min_rms=1.838 std=0.258 var=0.067 state=standing thr=3.216/3.416/3.916
2.44,40.75,240.75,0.4748,-0.1563,-0.3121,0.8079,0.37,-6.37,6.90,-1.75,3.38,-6.88,9.40,0,1.70,-0.1098,-0.0712,41,0.837,0.924,66.23,1.10,31.760,0
3.12,40.88,240.38,0.4713,-0.1503,-0.3166,0.8094,-0.15,-7.68,6.50,4.25,-24.31,8.19,10.06,0,1.70,-0.1083,-0.0742,41,0.837,0.924,66.23,1.10,31.760,0
4.19,39.69,237.88,0.4518,-0.1283,-0.3154,0.8246,1.40,-6.73,6.65,18.38,-20.88,1.75,9.56,0,1.70,-0.0993,-0.0808,41,0.837,0.924,66.23,1.10,31.760,0
4.62,39.06,236.62,0.4468,-0.1203,-0.3145,0.8288,0.77,-7.05,6.52,17.12,-12.56,6.12,9.63,0,1.70,-0.0961,-0.0828,41,0.837,0.924,66.23,1.10,31.760,0
phase1 acc_mag=9.696 gravity=10.036 motion=0.340 moving_avg=1.117 rms=1.869 mean_rms=2.610 max_rms=2.945 min_rms=1.869 std=0.341 var=0.116 state=standing thr=3.292/3.492/3.992
4.69,38.50,235.81,0.4420,-0.1157,-0.3111,0.8334,0.97,-6.96,6.80,11.31,-4.38,10.19,9.78,0,1.70,-0.0936,-0.0832,41,0.837,0.924,66.23,1.10,31.760,0
4.44,37.88,234.62,0.4337,-0.1115,-0.3047,0.8406,0.79,-6.55,6.81,27.06,0.38,9.31,9.48,0,1.70,-0.0904,-0.0831,41,0.837,0.924,66.23,1.10,31.760,0
4.38,36.44,233.81,0.4299,-0.1053,-0.2964,0.8463,0.80,-6.55,6.93,23.69,-11.44,10.94,9.57,0,1.70,-0.0866,-0.0822,41,0.837,0.924,66.23,1.10,31.760,0
4.25,36.75,232.75,0.4208,-0.1050,-0.2997,0.8497,0.51,-6.53,6.94,15.00,-1.25,7.19,9.54,0,1.70,-0.0861,-0.0842,41,0.837,0.924,66.23,1.10,31.760,0
phase1 acc_mag=9.437 gravity=10.000 motion=0.563 moving_avg=0.952 rms=1.778 mean_rms=2.412 max_rms=2.945 min_rms=1.778 std=0.447 var=0.199 state=standing thr=3.305/3.505/4.005
4.19,35.81,231.12,0.4077,-0.0957,-0.2932,0.8594,0.11,-6.47,6.17,27.44,-26.31,28.25,8.94,0,1.70,-0.0807,-0.0852,41,0.837,0.924,66.23,1.10,31.760,0
4.81,34.44,227.69,0.3862,-0.0789,-0.2883,0.8727,-0.05,-5.68,5.75,24.69,-41.31,47.00,8.08,0,1.70,-0.0721,-0.0884,41,0.837,0.924,66.23,1.10,31.760,0
0.00,37.00,225.25,0.3649,-0.1346,-0.2917,0.8739,-0.05,-9.23,17.17,-51.81,144.75,54.56,19.49,0,1.70,-0.0896,-0.0823,41,0.837,0.924,66.23,1.10,31.760,0
-7.94,36.19,226.25,0.3727,-0.1884,-0.2551,0.8721,-7.20,-3.65,6.29,88.62,58.50,43.12,10.23,0,1.70,-0.1038,-0.0609,41,0.837,0.000,0.00,0.00,31.760,0
phase1 acc_mag=8.482 gravity=10.314 motion=1.833 moving_avg=1.331 rms=2.326 mean_rms=2.322 max_rms=2.945 min_rms=1.778 std=0.492 var=0.242 state=standing thr=3.305/3.505/4.005
-5.75,33.81,221.69,0.3356,-0.1462,-0.2569,0.8944,-0.44,-3.25,8.65,-28.50,-102.88,29.62,9.25,0,1.70,-0.0868,-0.0723,41,0.837,0.000,0.00,0.00,31.760,0
-2.50,37.69,218.00,0.3081,-0.1271,-0.2979,0.8945,-0.46,-4.97,6.62,-76.12,-65.44,24.06,8.29,0,1.70,-0.0822,-0.0909,42,0.791,0.000,0.00,0.00,32.552,0
-1.31,37.94,214.81,0.2851,-0.1095,-0.3053,0.9020,-0.97,-5.40,8.27,13.19,-15.88,26.56,9.92,0,1.70,-0.0743,-0.0977,42,0.791,0.000,0.00,0.00,32.552,0
phase1 acc_mag=9.563 gravity=9.891 motion=0.329 moving_avg=1.049 rms=1.766 mean_rms=2.118 max_rms=2.945 min_rms=1.747 std=0.435 var=0.189 state=standing thr=2.989/3.189/3.689
-1.88,35.50,214.31,0.2812,-0.1069,-0.2860,0.9097,-1.08,-4.80,8.20,21.56,4.62,7.81,9.56,0,1.70,-0.0711,-0.0920,42,0.791,0.000,0.00,0.00,32.552,0
-2.81,33.88,215.25,0.2900,-0.1132,-0.2695,0.9113,-0.69,-4.18,7.19,-3.00,50.31,-25.81,8.35,0,1.70,-0.0725,-0.0851,42,0.791,0.000,0.00,0.00,32.552,0
-2.88,35.25,217.81,0.3107,-0.1227,-0.2800,0.9000,-2.24,-5.08,7.58,-26.19,-3.88,-29.50,9.40,0,1.70,-0.0790,-0.0856,42,0.791,0.000,0.00,0.00,32.552,0
-0.62,37.50,220.19,0.3256,-0.1163,-0.3002,0.8890,-2.51,-7.25,6.37,-36.81,-28.88,-38.56,9.97,0,1.70,-0.0805,-0.0916,42,0.791,0.000,0.00,0.00,32.552,0
phase1 acc_mag=8.648 gravity=9.729 motion=1.081 moving_avg=1.101 rms=1.791 mean_rms=1.901 max_rms=2.607 min_rms=1.747 std=0.192 var=0.037 state=standing thr=2.285/2.485/2.985
2.12,40.44,222.75,0.3420,-0.1073,-0.3290,0.8737,-1.66,-7.73,6.81,-41.44,-2.75,-39.94,10.43,0,1.70,-0.0825,-0.1003,42,0.791,0.000,0.00,0.00,32.552,0
2.88,44.56,224.25,0.3487,-0.1173,-0.3612,0.8569,-1.38,-12.17,15.95,-61.62,-8.06,-5.62,20.11,0,1.70,-0.0906,-0.1074,42,0.791,0.000,0.00,0.00,32.552,0
0.38,44.31,226.88,0.3747,-0.1514,-0.3456,0.8469,1.47,-4.52,3.26,-0.25,84.12,-49.69,5.76,0,1.70,-0.1031,-0.0944,42,0.791,0.000,0.00,0.00,32.552,0
1.62,43.19,229.50,0.3893,-0.1400,-0.3408,0.8442,-0.22,-3.45,7.56,13.31,-36.31,-19.50,8.31,0,1.70,-0.1003,-0.0933,43,0.868,1.273,87.98,1.47,33.420,0
phase1 acc_mag=9.241 gravity=10.071 motion=0.830 moving_avg=1.868 rms=2.992 mean_rms=1.998 max_rms=2.992 min_rms=1.747 std=0.379 var=0.143 state=walking thr=2.756/2.956/3.456
3.25,44.62,232.19,0.4067,-0.1394,-0.3544,0.8304,1.39,-5.30,6.68,-40.81,35.44,-36.44,8.64,0,1.70,-0.1040,-0.0950,43,0.868,1.273,87.98,1.47,33.420,0
2.62,45.06,233.56,0.4144,-0.1490,-0.3536,0.8253,1.19,-6.57,6.98,3.25,-20.50,16.62,9.66,0,1.70,-0.1078,-0.0920,43,0.868,1.273,87.98,1.47,33.420,0
3.38,46.69,233.50,0.4131,-0.1494,-0.3682,0.8194,0.37,-7.78,7.19,-12.44,-7.56,-4.38,10.60,0,1.70,-0.1098,-0.0960,43,0.868,1.273,87.98,1.47,33.420,0
4.19,46.06,233.12,0.4116,-0.1375,-0.3658,0.8234,0.80,-7.14,6.58,28.88,-13.56,-1.12,9.74,0,1.70,-0.1055,-0.0978,43,0.868,1.273,87.98,1.47,33.420,0
phase1 acc_mag=9.512 gravity=10.090 motion=0.578 moving_avg=1.882 rms=2.998 mean_rms=2.250 max_rms=3.003 min_rms=1.747 std=0.532 var=0.283 state=standing thr=3.314/3.514/4.014
5.25,44.50,234.00,0.4229,-0.1282,-0.3591,0.8220,2.93,-6.14,6.11,4.25,10.69,-22.31,9.14,0,1.70,-0.1029,-0.0964,43,0.868,1.273,87.98,1.47,33.420,0
3.06,43.75,232.75,0.4124,-0.1397,-0.3465,0.8309,-0.03,-6.98,5.67,28.62,15.62,54.44,8.99,0,1.70,-0.1036,-0.0921,43,0.868,1.273,87.98,1.47,33.420,0
1.00,42.06,232.75,0.4170,-0.1522,-0.3231,0.8358,-0.49,-6.10,5.32,22.69,48.12,-17.00,8.11,0,1.70,-0.1048,-0.0826,43,0.868,1.273,87.98,1.47,33.420,0
phase1 acc_mag=9.214 gravity=9.701 motion=0.487 moving_avg=1.651 rms=2.738 mean_rms=2.424 max_rms=3.100 min_rms=1.747 std=0.567 var=0.321 state=standing thr=3.558/3.758/4.258
-1.31,42.06,233.69,0.4215,-0.1735,-0.3146,0.8326,-1.43,-7.40,5.30,-3.25,36.19,10.06,9.21,0,1.70,-0.1108,-0.0755,43,0.868,1.273,87.98,1.47,33.420,0
-1.25,38.38,234.38,0.4325,-0.1729,-0.2851,0.8377,4.46,-3.40,10.50,4.25,77.56,13.06,11.90,0,1.70,-0.1072,-0.0656,43,0.868,1.273,87.98,1.47,33.420,0
-10.00,41.94,237.62,0.4499,-0.2566,-0.2592,0.8152,-6.21,-6.72,14.00,36.56,70.88,15.62,16.72,0,1.70,-0.1303,-0.0383,43,0.868,1.273,87.98,1.47,33.420,0
-11.69,39.50,236.44,0.4432,-0.2530,-0.2414,0.8254,-0.36,1.80,4.06,-9.31,-25.94,30.38,4.46,0,1.70,-0.1263,-0.0348,44,0.871,1.055,72.64,1.21,34.291,1
phase1 acc_mag=11.145 gravity=10.149 motion=0.996 moving_avg=2.407 rms=3.690 mean_rms=2.713 max_rms=3.691 min_rms=1.778 std=0.562 var=0.316 state=standing thr=3.838/4.038/4.538
-9.62,40.62,234.00,0.4248,-0.2358,-0.2654,0.8328,-0.17,-4.54,7.59,-33.88,-49.44,11.69,8.85,0,1.70,-0.1236,-0.0483,44,0.871,1.055,72.64,1.21,34.291,0
-11.88,45.44,236.06,0.4314,-0.2817,-0.2793,0.8102,-5.37,-9.88,10.08,0.88,62.75,33.12,15.10,0,1.70,-0.1395,-0.0419,44,0.871,1.055,72.64,1.21,34.291,0
-14.62,43.56,236.00,0.4332,-0.2910,-0.2550,0.8140,-3.85,-4.92,8.15,34.62,9.81,15.62,10.27,0,1.70,-0.1389,-0.0326,44,0.871,1.055,72.64,1.21,34.291,0
-14.94,41.50,235.19,0.4289,-0.2809,-0.2411,0.8240,-3.39,-4.13,7.03,17.00,-27.44,20.50,8.83,0,1.70,-0.1340,-0.0313,44,0.871,1.055,72.64,1.21,34.291,0
phase1 acc_mag=8.987 gravity=10.376 motion=1.390 moving_avg=2.487 rms=3.734 mean_rms=3.116 max_rms=3.734 min_rms=1.813 std=0.432 var=0.187 state=standing thr=3.981/4.181/4.681
-13.56,40.69,233.69,0.4211,-0.2662,-0.2467,0.8312,-2.97,-5.42,8.51,15.50,-37.56,8.94,10.52,0,1.70,-0.1301,-0.0372,44,0.871,1.055,72.64,1.21,34.291,0
-12.44,39.50,233.31,0.4200,-0.2495,-0.2427,0.8381,-2.60,-5.07,8.50,5.88,-24.94,-0.88,10.23,0,1.70,-0.1244,-0.0395,44,0.871,1.055,72.64,1.21,34.291,0
-11.62,39.50,233.50,0.4220,-0.2460,-0.2484,0.8365,-1.97,-3.76,7.63,-13.69,-1.62,-16.38,8.73,0,1.70,-0.1242,-0.0416,44,0.871,1.055,72.64,1.21,34.291,0
-10.44,40.62,234.69,0.4293,-0.2440,-0.2599,0.8298,-2.22,-4.42,8.20,-18.50,-6.12,-20.12,9.58,0,1.70,-0.1256,-0.0444,44,0.871,1.055,72.64,1.21,34.291,0
phase1 acc_mag=9.025 gravity=10.004 motion=0.979 moving_avg=1.797 rms=2.881 mean_rms=3.193 max_rms=3.734 min_rms=2.735 std=0.367 var=0.134 state=standing thr=3.926/4.126/4.626
-9.19,41.62,235.81,0.4379,-0.2408,-0.2723,0.8223,-1.04,-4.25,8.25,-14.50,-0.88,-26.56,9.34,0,1.70,-0.1269,-0.0474,44,0.871,1.055,72.64,1.21,34.291,0
-8.81,41.12,236.75,0.4463,-0.2369,-0.2656,0.8211,-3.08,-6.44,9.03,30.12,-1.88,-9.81,11.51,0,1.70,-0.1252,-0.0449,44,0.871,1.055,72.64,1.21,34.291,0
-5.69,40.75,236.31,0.4421,-0.2108,-0.2806,0.8255,-1.66,-9.40,9.60,41.56,-99.62,45.38,13.54,0,1.70,-0.1192,-0.0554,44,0.871,1.055,72.64,1.21,34.291,0
-6.19,42.06,235.94,0.4374,-0.2193,-0.2883,0.8231,0.26,-5.99,6.13,-46.62,55.69,-19.25,8.57,0,1.70,-0.1226,-0.0566,44,0.871,1.055,72.64,1.21,34.291,0
phase1 acc_mag=9.232 gravity=10.351 motion=1.118 moving_avg=2.037 rms=3.037 mean_rms=3.182 max_rms=3.734 min_rms=2.735 std=0.374 var=0.140 state=standing thr=3.930/4.130/4.630
-5.06,44.19,237.25,0.4436,-0.2202,-0.3063,0.8130,-2.96,-6.98,8.17,8.06,-20.12,-0.12,11.15,0,1.70,-0.1259,-0.0606,44,0.871,1.055,72.64,1.21,34.291,0
-2.69,44.44,236.62,0.4393,-0.2020,-0.3205,0.8145,-0.52,-6.39,4.53,-7.06,-55.31,1.12,7.85,0,1.70,-0.1221,-0.0689,44,0.871,1.055,72.64,1.21,34.291,0
-0.88,43.44,234.69,0.4244,-0.1771,-0.3262,0.8259,0.75,-6.19,5.53,-10.56,-29.75,16.62,8.33,0,1.70,-0.1139,-0.0777,45,0.741,0.700,56.71,0.95,35.032,0
-2.19,43.25,232.44,0.4106,-0.1813,-0.3215,0.8337,0.11,-8.17,8.29,29.88,0.75,40.81,11.64,0,1.70,-0.1133,-0.0775,45,0.741,0.700,56.71,0.95,35.032,0
phase1 acc_mag=11.262 gravity=10.321 motion=0.940 moving_avg=1.985 rms=2.950 mean_rms=3.206 max_rms=3.734 min_rms=2.749 std=0.350 var=0.123 state=standing thr=3.907/4.107/4.607
-3.81,39.94,229.88,0.3963,-0.1761,-0.2943,0.8517,-0.35,-5.51,7.24,30.88,1.25,23.81,9.10,0,1.70,-0.1066,-0.0723,45,0.741,0.700,56.71,0.95,35.032,0
-4.25,38.56,228.00,0.3839,-0.1704,-0.2850,0.8616,0.19,-5.13,7.53,8.31,-16.00,17.00,9.11,0,1.70,-0.1025,-0.0720,45,0.741,0.700,56.71,0.95,35.032,0
-4.12,38.25,226.06,0.3682,-0.1610,-0.2878,0.8693,0.29,-5.53,7.44,-16.00,-24.94,14.62,9.27,0,1.70,-0.0984,-0.0764,45,0.741,0.700,56.71,0.95,35.032,0
-4.19,38.44,224.12,0.3547,-0.1595,-0.2899,0.8745,0.46,-5.81,7.71,-7.19,4.50,21.81,9.66,0,1.70,-0.0969,-0.0788,45,0.741,0.700,56.71,0.95,35.032,0
phase1 acc_mag=9.789 gravity=9.970 motion=0.181 moving_avg=1.102 rms=1.497 mean_rms=2.896 max_rms=3.734 min_rms=1.497 std=0.610 var=0.372 state=standing thr=4.115/4.315/4.815
-6.19,37.88,221.94,0.3384,-0.1696,-0.2812,0.8818,0.43,-5.93,8.08,22.56,23.19,53.44,10.03,0,1.70,-0.0979,-0.0762,45,0.741,0.700,56.71,0.95,35.032,0
-8.25,35.69,219.75,0.3192,-0.1746,-0.2569,0.8953,-0.47,-4.54,8.34,35.19,-4.88,54.44,9.51,0,1.70,-0.0953,-0.0697,45,0.741,0.700,56.71,0.95,35.032,0
-10.06,31.88,214.44,0.2838,-0.1676,-0.2321,0.9152,-3.19,-4.86,5.57,-8.94,-22.94,70.00,8.05,0,1.70,-0.0877,-0.0659,45,0.741,0.700,56.71,0.95,35.032,0
-9.44,36.00,214.00,0.2773,-0.1688,-0.2662,0.9076,-6.44,-10.11,12.65,25.94,-39.06,-3.75,17.43,0,1.70,-0.0908,-0.0779,45,0.741,0.700,56.71,0.95,35.032,0
phase1 acc_mag=9.200 gravity=10.291 motion=1.091 moving_avg=1.401 rms=2.325 mean_rms=2.454 max_rms=3.108 min_rms=1.363 std=0.652 var=0.425 state=standing thr=3.759/3.959/4.459
-8.94,32.25,212.56,0.2689,-0.1556,-0.2413,0.9194,1.62,-0.40,1.64,24.69,2.50,18.38,2.34,0,1.70,-0.0832,-0.0720,46,0.850,1.148,81.08,1.35,35.882,1
-9.81,31.00,210.62,0.2537,-0.1556,-0.2318,0.9261,-2.41,-4.36,8.19,7.19,2.38,31.00,9.59,0,1.70,-0.0812,-0.0701,46,0.850,1.148,81.08,1.35,35.882,0
-11.31,31.56,211.44,0.2595,-0.1713,-0.2305,0.9221,-2.58,-5.36,10.68,-6.62,47.62,-26.44,12.22,0,1.70,-0.0871,-0.0672,46,0.850,1.148,81.08,1.35,35.882,0
phase1 acc_mag=8.783 gravity=10.112 motion=1.328 moving_avg=1.696 rms=2.702 mean_rms=2.399 max_rms=3.037 min_rms=1.363 std=0.621 var=0.385 state=standing thr=3.640/3.840/4.340
-13.81,31.12,214.44,0.2834,-0.1973,-0.2138,0.9138,-3.42,-3.67,7.21,19.88,33.75,-21.94,8.78,0,1.70,-0.0963,-0.0558,46,0.850,1.148,81.08,1.35,35.882,0
-13.94,31.06,215.81,0.2947,-0.2007,-0.2101,0.9103,-2.83,-4.29,8.35,-7.94,2.62,-16.88,9.80,0,1.70,-0.0978,-0.0528,46,0.850,1.148,81.08,1.35,35.882,0
-13.75,31.06,216.31,0.2985,-0.1999,-0.2101,0.9093,-2.84,-3.84,7.79,-8.06,-6.25,-6.50,9.14,0,1.70,-0.0978,-0.0525,46,0.850,1.148,81.08,1.35,35.882,0
-13.50,30.62,217.25,0.3080,-0.1981,-0.2060,0.9075,-2.97,-3.13,8.05,2.75,-0.25,-18.88,9.13,0,1.70,-0.0973,-0.0504,46,0.850,1.148,81.08,1.35,35.882,0
phase1 acc_mag=9.756 gravity=9.705 motion=0.051 moving_avg=1.443 rms=2.526 mean_rms=2.324 max_rms=2.967 min_rms=1.363 std=0.568 var=0.322 state=standing thr=3.459/3.659/4.159
-13.06,31.19,219.19,0.3210,-0.2000,-0.2089,0.9019,-2.84,-3.15,8.40,-5.75,-3.12,-28.62,9.41,0,1.70,-0.0990,-0.0497,46,0.850,1.148,81.08,1.35,35.882,0
-11.94,31.31,221.44,0.3428,-0.1953,-0.2107,0.8944,-2.05,-3.29,8.89,-5.88,6.50,-45.62,9.70,0,1.70,-0.0987,-0.0486,46,0.850,1.148,81.08,1.35,35.882,0
-11.44,31.62,226.06,0.3747,-0.2004,-0.2068,0.8813,-2.75,-4.52,9.08,18.00,25.56,-50.81,10.51,0,1.70,-0.1017,-0.0429,46,0.850,1.148,81.08,1.35,35.882,0
-11.19,30.62,230.81,0.4175,-0.2036,-0.1918,0.8645,-4.39,-3.94,7.40,31.88,37.06,-79.81,9.46,0,1.70,-0.1024,-0.0323,46,0.850,1.148,81.08,1.35,35.882,0
phase1 acc_mag=15.158 gravity=9.925 motion=5.233 moving_avg=1.298 rms=2.507 mean_rms=2.227 max_rms=2.705 min_rms=1.363 std=0.490 var=0.240 state=standing thr=3.208/3.408/3.908
-7.12,32.44,232.44,0.4237,-0.1812,-0.2203,0.8597,-0.95,-8.20,11.86,-20.88,-54.56,-10.94,14.45,0,1.70,-0.0996,-0.0450,46,0.850,1.148,81.08,1.35,35.882,0
-6.44,33.06,234.88,0.4412,-0.1829,-0.2241,0.8495,0.42,-6.19,4.55,-5.25,21.69,-47.50,7.69,0,1.70,-0.1017,-0.0439,46,0.850,1.148,81.08,1.35,35.882,0
-6.06,33.25,237.75,0.4648,-0.1875,-0.2238,0.8359,-2.32,-4.34,6.82,-15.62,15.12,-36.81,8.41,0,1.70,-0.1043,-0.0400,47,0.754,0.804,63.97,1.07,36.636,0
-4.62,34.62,239.69,0.4750,-0.1849,-0.2366,0.8271,-0.57,-6.11,6.84,-13.56,-12.94,-36.69,9.19,0,1.70,-0.1061,-0.0432,47,0.754,0.804,63.97,1.07,36.636,0
phase1 acc_mag=9.708 gravity=9.979 motion=0.271 moving_avg=1.554 rms=2.699 mean_rms=2.392 max_rms=2.702 min_rms=1.363 std=0.437 var=0.191 state=standing thr=3.266/3.466/3.966
-3.00,35.25,240.94,0.4833,-0.1774,-0.2470,0.8209,0.40,-7.23,7.86,-13.44,18.38,-24.44,10.69,0,1.70,-0.1060,-0.0468,47,0.754,0.804,63.97,1.07,36.636,0
-3.25,35.31,242.81,0.4999,-0.1848,-0.2404,0.8113,-0.18,-6.75,8.25,10.44,30.50,-31.12,10.66,0,1.70,-0.1080,-0.0411,47,0.754,0.804,63.97,1.07,36.636,0
-2.69,34.44,245.56,0.5172,-0.1814,-0.2354,0.8026,-1.12,-5.10,6.57,2.12,-0.88,-48.25,8.39,0,1.70,-0.1069,-0.0380,47,0.754,0.804,63.97,1.07,36.636,0
phase1 acc_mag=9.353 gravity=9.608 motion=0.255 moving_avg=1.104 rms=1.848 mean_rms=2.577 max_rms=2.707 min_rms=1.848 std=0.166 var=0.028 state=standing thr=2.909/3.109/3.609
-0.75,34.44,247.50,0.5339,-0.1700,-0.2429,0.7918,0.14,-5.60,7.49,-4.12,-8.81,-37.69,9.35,0,1.70,-0.1057,-0.0406,47,0.754,0.804,63.97,1.07,36.636,0
0.44,35.06,250.75,0.5550,-0.1712,-0.2480,0.7754,1.03,-7.12,8.75,5.12,16.75,-39.06,11.33,0,1.70,-0.1082,-0.0389,47,0.754,0.804,63.97,1.07,36.636,0
0.50,34.44,254.50,0.5781,-0.1757,-0.2385,0.7603,0.41,-5.19,6.70,9.94,39.94,-48.25,8.48,0,1.70,-0.1086,-0.0319,47,0.754,0.804,63.97,1.07,36.636,0
0.19,33.81,256.75,0.5958,-0.1790,-0.2294,0.7486,0.05,-5.17,7.67,3.88,3.00,-22.06,9.25,0,1.70,-0.1083,-0.0260,47,0.754,0.804,63.97,1.07,36.636,0
phase1 acc_mag=9.698 gravity=9.779 motion=0.081 moving_avg=0.903 rms=1.394 mean_rms=2.329 max_rms=2.707 min_rms=1.394 std=0.475 var=0.226 state=standing thr=3.279/3.479/3.979
0.31,33.69,258.12,0.6034,-0.1801,-0.2271,0.7429,0.13,-5.73,7.43,1.00,5.12,-12.31,9.38,0,1.70,-0.1083,-0.0240,47,0.754,0.804,63.97,1.07,36.636,0
0.00,33.12,258.94,0.6100,-0.1829,-0.2188,0.7393,0.32,-6.44,7.81,18.00,18.25,-7.19,10.13,0,1.70,-0.1075,-0.0200,47,0.754,0.804,63.97,1.07,36.636,0
-1.19,31.94,259.69,0.6159,-0.1848,-0.2045,0.7380,0.10,-5.69,7.63,20.00,19.00,7.06,9.52,0,1.70,-0.1049,-0.0148,47,0.754,0.804,63.97,1.07,36.636,0
-1.44,30.06,259.62,0.6186,-0.1768,-0.1907,0.7415,0.41,-4.99,7.23,38.81,-1.62,7.44,8.79,0,1.70,-0.0996,-0.0128,47,0.754,0.804,63.97,1.07,36.636,0
phase1 acc_mag=9.052 gravity=9.791 motion=0.739 moving_avg=0.921 rms=1.393 mean_rms=2.089 max_rms=2.707 min_rms=1.378 std=0.577 var=0.333 state=standing thr=3.243/3.443/3.943
-2.00,27.38,257.31,0.6069,-0.1621,-0.1733,0.7585,0.45,-4.85,7.49,32.62,-20.50,55.19,8.93,0,1.70,-0.0913,-0.0132,47,0.754,0.804,63.97,1.07,36.636,0
-2.62,26.19,254.56,0.5886,-0.1614,-0.1642,0.7749,0.98,-6.37,11.28,-26.06,57.75,26.81,12.99,0,1.70,-0.0887,-0.0129,47,0.754,0.804,63.97,1.07,36.636,0
-8.25,28.31,257.75,0.6071,-0.2105,-0.1423,0.7529,-5.70,-4.18,10.34,17.50,80.19,-61.12,12.53,0,1.70,-0.0980,0.0082,47,0.754,0.804,63.97,1.07,36.636,0
-11.94,26.12,259.31,0.6180,-0.2260,-0.0983,0.7466,-3.95,-1.61,7.95,31.00,48.38,25.31,9.02,0,1.70,-0.0918,0.0265,47,0.754,0.804,63.97,1.07,36.636,0
phase1 acc_mag=10.327 gravity=9.809 motion=0.518 moving_avg=1.181 rms=1.683 mean_rms=1.911 max_rms=2.707 min_rms=1.378 std=0.570 var=0.325 state=standing thr=3.051/3.251/3.751
-13.31,24.44,258.50,0.6144,-0.2234,-0.0854,0.7518,-3.75,-3.88,8.96,24.94,-8.69,-4.62,10.46,0,1.70,-0.0882,0.0292,47,0.754,0.804,63.97,1.07,36.636,0
-12.88,23.00,259.06,0.6223,-0.2133,-0.0762,0.7493,-1.46,-3.19,7.53,19.38,17.62,-25.69,8.31,0,1.70,-0.0829,0.0302,48,0.752,0.576,45.98,0.77,37.387,0
-13.81,22.56,262.19,0.6432,-0.2200,-0.0618,0.7308,-4.19,-2.99,8.55,8.44,32.25,-33.50,9.98,0,1.70,-0.0802,0.0385,48,0.752,0.576,45.98,0.77,37.387,0
-14.62,23.06,265.50,0.6628,-0.2284,-0.0541,0.7111,-3.34,-3.89,8.12,6.50,14.50,-30.00,9.60,0,1.70,-0.0793,0.0452,48,0.752,0.576,45.98,0.77,37.387,0
phase1 acc_mag=8.611 gravity=9.809 motion=1.198 moving_avg=1.147 rms=1.596 mean_rms=1.688 max_rms=2.707 min_rms=1.378 std=0.416 var=0.173 state=standing thr=2.520/2.720/3.220
-14.81,23.88,268.44,0.6771,-0.2354,-0.0525,0.6953,-2.07,-3.59,8.60,-3.38,32.25,-44.25,9.55,0,1.70,-0.0797,0.0491,48,0.752,0.576,45.98,0.77,37.387,0
-15.06,25.06,271.50,0.6935,-0.2451,-0.0513,0.6755,-3.82,-2.89,8.48,-17.12,10.69,-24.06,9.74,0,1.70,-0.0804,0.0541,48,0.752,0.576,45.98,0.77,37.387,0
-13.88,26.75,273.44,0.7034,-0.2498,-0.0648,0.6622,-3.42,-4.03,8.71,-20.00,-9.81,-32.62,10.19,0,1.70,-0.0844,0.0531,48,0.752,0.576,45.98,0.77,37.387,0
-11.75,27.88,275.81,0.7195,-0.2471,-0.0814,0.6439,-1.48,-3.87,8.20,-6.50,1.62,-49.81,9.19,0,1.70,-0.0871,0.0501,48,0.752,0.576,45.98,0.77,37.387,0
phase1 acc_mag=9.274 gravity=9.826 motion=0.552 moving_avg=1.016 rms=1.541 mean_rms=1.522 max_rms=1.867 min_rms=1.378 std=0.131 var=0.017 state=standing thr=1.785/1.985/2.485
-10.81,29.44,281.00,0.7433,-0.2554,-0.0842,0.6125,-2.64,-4.01,8.42,-2.75,27.56,-62.88,9.69,0,1.70,-0.0876,0.0553,48,0.752,0.576,45.98,0.77,37.387,0
-10.25,29.81,286.94,0.7783,-0.2593,-0.0743,0.5670,-2.82,-4.29,9.33,26.44,42.12,-79.56,10.65,0,1.70,-0.0820,0.0639,48,0.752,0.576,45.98,0.77,37.387,0
-9.44,30.06,293.00,0.8028,-0.2615,-0.0707,0.5312,-6.47,-6.88,9.78,-10.81,-28.25,-54.06,13.60,0,1.70,-0.0783,0.0689,48,0.752,0.576,45.98,0.77,37.387,0
phase1 acc_mag=10.026 gravity=10.056 motion=0.030 moving_avg=1.065 rms=1.631 mean_rms=1.551 max_rms=1.867 min_rms=1.378 std=0.119 var=0.014 state=standing thr=1.788/1.988/2.488
-6.31,29.69,294.50,0.8131,-0.2478,-0.0905,0.5189,3.23,-6.56,6.86,-23.44,14.25,-35.06,10.03,0,1.70,-0.0809,0.0618,48,0.752,0.576,45.98,0.77,37.387,0
-4.44,31.56,297.44,0.8236,-0.2523,-0.1073,0.4965,0.49,-6.48,7.97,1.25,-4.62,-37.81,10.28,0,1.70,-0.0855,0.0618,48,0.752,0.576,45.98,0.77,37.387,0
-4.12,31.38,300.44,0.8350,-0.2531,-0.1017,0.4778,-1.34,-5.72,7.90,22.56,20.12,-57.25,9.84,0,1.70,-0.0823,0.0651,48,0.752,0.576,45.98,0.77,37.387,0
-3.25,30.25,304.25,0.8555,-0.2440,-0.0949,0.4467,-0.39,-5.18,7.05,14.25,20.62,-56.62,8.76,0,1.70,-0.0761,0.0665,48,0.752,0.576,45.98,0.77,37.387,0
phase1 acc_mag=9.238 gravity=10.124 motion=0.887 moving_avg=1.067 rms=1.630 mean_rms=1.601 max_rms=1.867 min_rms=1.421 std=0.088 var=0.008 state=standing thr=1.777/1.977/2.477
-3.50,30.62,307.44,0.8644,-0.2509,-0.0881,0.4266,-0.18,-5.69,7.80,-5.88,39.69,-24.44,9.66,0,1.70,-0.0733,0.0717,48,0.752,0.576,45.98,0.77,37.387,0
-3.94,30.88,309.62,0.8727,-0.2552,-0.0800,0.4085,-1.54,-6.35,8.02,14.75,3.62,-15.12,10.34,0,1.70,-0.0696,0.0760,48,0.752,0.576,45.98,0.77,37.387,0
-2.88,30.94,310.81,0.8761,-0.2534,-0.0869,0.4008,0.03,-5.26,7.53,-8.06,-2.88,-15.88,9.19,0,1.70,-0.0711,0.0749,48,0.752,0.576,45.98,0.77,37.387,0
-2.38,31.12,311.12,0.8775,-0.2534,-0.0918,0.3967,-0.05,-5.37,7.74,6.50,3.12,-20.50,9.42,0,1.70,-0.0724,0.0744,48,0.752,0.576,45.98,0.77,37.387,0
phase1 acc_mag=9.909 gravity=9.804 motion=0.105 moving_avg=0.676 rms=0.997 mean_rms=1.519 max_rms=1.642 min_rms=0.997 std=0.178 var=0.032 state=standing thr=1.874/2.074/2.574
-2.25,31.38,312.06,0.8796,-0.2560,-0.0900,0.3906,-0.32,-5.49,8.03,1.75,5.50,-15.88,9.73,0,1.70,-0.0716,0.0760,48,0.752,0.576,45.98,0.77,37.387,0
-2.81,30.88,312.31,0.8815,-0.2538,-0.0837,0.3892,0.01,-5.81,8.56,6.62,4.62,-0.75,10.35,0,1.70,-0.0690,0.0765,48,0.752,0.576,45.98,0.77,37.387,0
-4.00,30.50,312.25,0.8817,-0.2549,-0.0723,0.3904,-1.11,-5.36,7.37,1.38,9.44,25.94,9.18,0,1.70,-0.0653,0.0786,48,0.752,0.576,45.98,0.77,37.387,0
phase1 acc_mag=8.296 gravity=9.885 motion=1.589 moving_avg=0.582 rms=0.876 mean_rms=1.364 max_rms=1.641 min_rms=0.831 std=0.310 var=0.096 state=standing thr=1.984/2.184/2.684
-4.25,30.25,311.19,0.8785,-0.2534,-0.0726,0.3986,0.16,-4.75,6.80,1.62,-4.00,9.81,8.30,0,1.70,-0.0659,0.0775,48,0.752,0.576,45.98,0.77,37.387,0
-6.00,29.69,308.50,0.8695,-0.2538,-0.0620,0.4191,-1.41,-5.40,7.62,24.31,7.44,48.12,9.45,0,1.70,-0.0641,0.0779,48,0.752,0.576,45.98,0.77,37.387,0
-8.00,29.12,306.44,0.8612,-0.2628,-0.0430,0.4329,-5.14,-8.33,13.66,-50.94,93.44,6.62,16.80,0,1.70,-0.0603,0.0831,48,0.752,0.576,45.98,0.77,37.387,0
-11.19,27.12,304.44,0.8563,-0.2516,-0.0190,0.4507,-1.10,-4.18,6.75,82.81,-17.50,71.38,8.02,0,1.70,-0.0519,0.0828,48,0.752,0.576,45.98,0.77,37.387,0
phase1 acc_mag=5.150 gravity=10.042 motion=4.892 moving_avg=1.138 rms=1.981 mean_rms=1.314 max_rms=1.981 min_rms=0.831 std=0.350 var=0.122 state=standing thr=2.014/2.214/2.714
-12.19,24.50,301.19,0.8469,-0.2354,-0.0074,0.4767,-2.49,-2.05,7.61,7.94,-7.06,44.50,8.27,0,1.70,-0.0474,0.0783,49,0.821,0.449,32.80,0.55,38.208,0
-11.56,24.25,298.38,0.8337,-0.2297,-0.0219,0.5018,-4.30,-4.26,8.51,-23.31,-61.25,33.75,10.44,0,1.70,-0.0534,0.0722,49,0.821,0.449,32.80,0.55,38.208,0
-9.50,25.50,296.50,0.8267,-0.2308,-0.0425,0.5114,-1.34,-5.44,10.18,-3.38,-18.00,5.88,11.62,0,1.70,-0.0613,0.0676,49,0.821,0.449,32.80,0.55,38.208,0
-10.50,24.75,296.44,0.8271,-0.2300,-0.0276,0.5120,-2.67,-3.75,8.55,19.50,39.44,8.06,9.71,0,1.70,-0.0563,0.0704,49,0.821,0.449,32.80,0.55,38.208,0
phase1 acc_mag=9.377 gravity=9.918 motion=0.542 moving_avg=1.060 rms=1.901 mean_rms=1.397 max_rms=2.003 min_rms=0.831 std=0.434 var=0.189 state=standing thr=2.265/2.465/2.965
-11.62,24.00,296.75,0.8289,-0.2290,-0.0189,0.5101,-2.62,-2.34,8.92,8.94,11.06,-19.88,9.59,0,1.70,-0.0530,0.0721,49,0.821,0.449,32.80,0.55,38.208,0
-10.50,24.00,298.56,0.8376,-0.2245,-0.0245,0.4975,-3.57,-3.40,8.95,8.44,-9.81,-29.75,10.22,0,1.70,-0.0529,0.0703,49,0.821,0.449,32.80,0.55,38.208,0
-8.69,23.50,299.56,0.8442,-0.2122,-0.0374,0.4909,-2.85,-5.56,9.66,15.00,-26.81,-14.25,11.50,0,1.70,-0.0543,0.0643,49,0.821,0.449,32.80,0.55,38.208,0
-6.81,23.06,300.06,0.8476,-0.2028,-0.0468,0.4882,-0.44,-3.53,6.60,4.25,-13.81,-4.88,7.50,0,1.70,-0.0555,0.0596,49,0.821,0.449,32.80,0.55,38.208,0
phase1 acc_mag=8.202 gravity=9.947 motion=1.745 moving_avg=1.114 rms=1.941 mean_rms=1.452 max_rms=2.003 min_rms=0.831 std=0.477 var=0.227 state=standing thr=2.406/2.606/3.106
-6.44,23.56,300.56,0.8490,-0.2062,-0.0510,0.4838,-1.28,-3.44,8.68,-14.12,5.12,-9.69,9.42,0,1.70,-0.0572,0.0601,49,0.821,0.449,32.80,0.55,38.208,0
-5.06,23.56,301.38,0.8527,-0.2001,-0.0604,0.4787,-0.68,-4.76,9.27,9.19,-19.38,-19.50,10.44,0,1.70,-0.0589,0.0567,49,0.821,0.449,32.80,0.55,38.208,0
-4.31,23.75,302.38,0.8568,-0.1987,-0.0654,0.4713,-0.57,-4.36,8.16,2.25,6.38,-14.50,9.27,0,1.70,-0.0599,0.0558,49,0.821,0.449,32.80,0.55,38.208,0
phase1 acc_mag=9.409 gravity=9.978 motion=0.569 moving_avg=1.158 rms=1.955 mean_rms=1.615 max_rms=2.003 min_rms=0.831 std=0.476 var=0.226 state=standing thr=2.566/2.766/3.266
-4.75,23.25,303.25,0.8611,-0.1973,-0.0580,0.4650,-0.78,-3.57,8.67,5.25,3.50,-5.88,9.41,0,1.70,-0.0567,0.0572,49,0.821,0.449,32.80,0.55,38.208,0
-4.94,23.19,304.38,0.8656,-0.1983,-0.0544,0.4566,-1.35,-3.77,8.50,-2.00,6.12,-13.31,9.40,0,1.70,-0.0551,0.0587,49,0.821,0.449,32.80,0.55,38.208,0
-4.44,24.38,304.38,0.8638,-0.2048,-0.0644,0.4557,-1.70,-4.95,9.38,-6.88,-19.38,0.62,10.74,0,1.70,-0.0596,0.0590,49,0.821,0.449,32.80,0.55,38.208,0
-3.69,24.75,303.75,0.8610,-0.2045,-0.0715,0.4601,-0.47,-4.71,8.33,0.00,-12.81,2.38,9.58,0,1.70,-0.0623,0.0573,49,0.821,0.449,32.80,0.55,38.208,0
phase1 acc_mag=9.457 gravity=10.077 motion=0.620 moving_avg=1.100 rms=1.930 mean_rms=1.835 max_rms=2.003 min_rms=0.893 std=0.291 var=0.085 state=standing thr=2.416/2.616/3.116
-3.94,24.06,303.00,0.8592,-0.2006,-0.0674,0.4659,-0.64,-3.87,8.54,-2.38,8.94,9.31,9.40,0,1.70,-0.0606,0.0564,49,0.821,0.449,32.80,0.55,38.208,0
-4.94,24.50,303.00,0.8575,-0.2084,-0.0616,0.4663,-1.38,-3.77,8.67,-9.94,8.94,12.19,9.55,0,1.70,-0.0600,0.0600,49,0.821,0.449,32.80,0.55,38.208,0
-5.62,24.94,302.75,0.8561,-0.2135,-0.0586,0.4670,-1.50,-4.12,8.65,-3.38,-0.75,9.31,9.70,0,1.70,-0.0599,0.0622,49,0.821,0.449,32.80,0.55,38.208,0
-6.06,25.25,301.94,0.8514,-0.2175,-0.0580,0.4739,-1.15,-4.25,8.65,-3.00,-2.38,14.75,9.71,0,1.70,-0.0610,0.0631,49,0.821,0.449,32.80,0.55,38.208,0
phase1 acc_mag=9.738 gravity=9.863 motion=0.125 moving_avg=0.558 rms=0.755 mean_rms=1.845 max_rms=2.003 min_rms=0.755 std=0.276 var=0.076 state=standing thr=2.398/2.598/3.098
-6.31,25.19,301.06,0.8486,-0.2169,-0.0576,0.4791,-0.62,-3.66,8.72,-10.69,-1.38,12.44,9.48,0,1.70,-0.0611,0.0626,49,0.821,0.449,32.80,0.55,38.208,0
-6.31,25.44,300.38,0.8448,-0.2192,-0.0597,0.4843,-1.36,-4.20,8.75,-9.06,-11.31,11.94,9.80,0,1.70,-0.0626,0.0625,49,0.821,0.449,32.80,0.55,38.208,0
-6.75,25.31,299.31,0.8408,-0.2191,-0.0580,0.4917,-1.07,-4.42,8.57,10.81,-4.00,1.75,9.70,0,1.70,-0.0626,0.0623,49,0.821,0.449,32.80,0.55,38.208,0
-6.88,25.19,298.81,0.8386,-0.2184,-0.0576,0.4957,-1.23,-4.24,8.51,1.12,-8.56,17.50,9.59,0,1.70,-0.0626,0.0618,49,0.821,0.449,32.80,0.55,38.208,0
phase1 acc_mag=9.593 gravity=9.759 motion=0.166 moving_avg=0.468 rms=0.669 mean_rms=1.584 max_rms=1.957 min_rms=0.669 std=0.528 var=0.278 state=standing thr=2.639/2.839/3.339
-6.81,25.12,298.50,0.8376,-0.2171,-0.0581,0.4979,-1.43,-4.11,8.45,0.50,-1.12,4.75,9.50,0,1.70,-0.0627,0.0612,49,0.821,0.449,32.80,0.55,38.208,0
-6.19,25.19,299.56,0.8427,-0.2159,-0.0623,0.4892,-1.14,-4.10,8.52,-4.38,-3.25,-16.12,9.52,0,1.70,-0.0632,0.0606,49,0.821,0.449,32.80,0.55,38.208,0
-6.19,25.38,299.94,0.8436,-0.2172,-0.0612,0.4871,-1.46,-4.32,8.51,6.38,1.50,1.38,9.65,0,1.70,-0.0630,0.0614,49,0.821,0.449,32.80,0.55,38.208,0
phase1 acc_mag=9.535 gravity=9.772 motion=0.237 moving_avg=0.303 rms=0.398 mean_rms=1.305 max_rms=1.957 min_rms=0.398 std=0.625 var=0.391 state=standing thr=2.555/2.755/3.255
-6.44,25.50,300.12,0.8444,-0.2197,-0.0587,0.4852,-1.08,-4.08,8.55,4.38,12.56,-2.50,9.53,0,1.70,-0.0625,0.0628,49,0.821,0.449,32.80,0.55,38.208,0
-6.81,25.88,300.44,0.8445,-0.2241,-0.0571,0.4830,-1.13,-4.06,8.71,-2.38,1.75,3.00,9.68,0,1.70,-0.0626,0.0646,49,0.821,0.000,0.00,0.00,38.208,0
-6.88,26.25,300.81,0.8454,-0.2272,-0.0581,0.4799,-1.34,-4.45,8.67,-1.62,5.25,-0.12,9.84,0,1.70,-0.0633,0.0657,49,0.821,0.000,0.00,0.00,38.208,0
-6.75,27.62,301.12,0.8446,-0.2363,-0.0632,0.4763,-1.70,-5.29,8.60,7.81,-2.00,0.62,10.24,0,1.70,-0.0664,0.0678,49,0.821,0.000,0.00,0.00,38.208,0
phase1 acc_mag=9.671 gravity=9.723 motion=0.052 moving_avg=0.257 rms=0.337 mean_rms=0.985 max_rms=1.957 min_rms=0.337 std=0.621 var=0.386 state=standing thr=2.228/2.428/2.928
-6.75,27.62,301.31,0.8453,-0.2366,-0.0621,0.4750,-1.27,-4.42,8.55,-5.12,11.44,-4.25,9.71,0,1.70,-0.0660,0.0682,49,0.821,0.000,0.00,0.00,38.208,0
-7.12,27.38,301.12,0.8448,-0.2360,-0.0600,0.4763,-1.57,-4.64,8.69,2.38,-5.12,-3.75,9.98,0,1.70,-0.0652,0.0683,49,0.821,0.000,0.00,0.00,38.208,0
-7.12,27.12,301.00,0.8447,-0.2346,-0.0590,0.4775,-1.15,-4.20,8.50,-3.50,-3.25,0.50,9.55,0,1.70,-0.0648,0.0680,49,0.821,0.000,0.00,0.00,38.208,0
-7.19,27.38,301.12,0.8444,-0.2376,-0.0596,0.4764,-1.13,-4.29,8.45,-8.31,-0.75,2.00,9.54,0,1.70,-0.0654,0.0689,49,0.821,0.000,0.00,0.00,38.208,0
phase1 acc_mag=9.850 gravity=9.701 motion=0.149 moving_avg=0.193 rms=0.247 mean_rms=0.656 max_rms=1.934 min_rms=0.247 std=0.431 var=0.185 state=standing thr=1.517/1.717/2.217
-7.19,27.50,300.81,0.8430,-0.2377,-0.0607,0.4786,-1.35,-4.36,8.57,-2.12,-5.62,5.38,9.71,0,1.70,-0.0660,0.0685,49,0.821,0.000,0.00,0.00,38.208,0
-7.12,27.25,300.44,0.8422,-0.2343,-0.0594,0.4820,-0.92,-4.20,8.51,18.38,4.12,8.69,9.53,0,1.70,-0.0652,0.0675,49,0.821,0.000,0.00,0.00,38.208,0
-7.06,27.25,300.50,0.8422,-0.2353,-0.0610,0.4813,-1.36,-4.46,8.52,-3.25,1.25,4.00,9.71,0,1.70,-0.0658,0.0675,49,0.821,0.000,0.00,0.00,38.208,0
-7.00,27.19,300.38,0.8416,-0.2343,-0.0613,0.4828,-1.19,-4.52,8.47,-3.25,-4.25,8.44,9.67,0,1.70,-0.0659,0.0670,49,0.821,0.000,0.00,0.00,38.208,0
phase1 acc_mag=9.685 gravity=9.723 motion=0.038 moving_avg=0.158 rms=0.205 mean_rms=0.424 max_rms=0.754 min_rms=0.205 std=0.185 var=0.034 state=standing thr=0.794/0.994/1.494
-7.19,27.25,299.94,0.8400,-0.2354,-0.0613,0.4850,-1.40,-4.55,8.70,-0.62,-3.75,5.50,9.92,0,1.70,-0.0663,0.0672,49,0.821,0.000,0.00,0.00,38.208,0
-6.88,27.12,299.69,0.8392,-0.2330,-0.0638,0.4873,-1.17,-4.40,8.51,2.00,-10.56,-0.62,9.65,0,1.70,-0.0668,0.0658,49,0.821,0.000,0.00,0.00,38.208,0
-6.25,26.81,299.44,0.8386,-0.2279,-0.0679,0.4902,-0.60,-4.08,8.26,1.50,-2.12,5.75,9.23,0,1.70,-0.0675,0.0631,49,0.821,0.000,0.00,0.00,38.208,0
phase1 acc_mag=9.635 gravity=9.716 motion=0.082 moving_avg=0.157 rms=0.203 mean_rms=0.322 max_rms=0.672 min_rms=0.199 std=0.136 var=0.018 state=standing thr=0.594/0.794/1.294
-6.25,27.00,299.31,0.8378,-0.2291,-0.0687,0.4908,-1.11,-4.28,8.56,-6.00,2.50,3.50,9.63,0,1.70,-0.0680,0.0633,49,0.821,0.000,0.00,0.00,38.208,0
-6.44,27.50,299.00,0.8352,-0.2333,-0.0704,0.4930,-1.22,-4.68,8.57,-2.62,-7.69,14.75,9.84,0,1.70,-0.0695,0.0641,49,0.821,0.000,0.00,0.00,38.208,0
-6.31,27.31,298.88,0.8354,-0.2317,-0.0705,0.4933,-0.90,-4.43,8.63,-1.62,-0.50,7.81,9.74,0,1.70,-0.0693,0.0635,49,0.821,0.000,0.00,0.00,38.208,0
-6.31,27.12,298.38,0.8340,-0.2285,-0.0718,0.4971,-1.31,-4.49,8.60,5.00,-20.00,-3.12,9.79,0,1.70,-0.0694,0.0619,49,0.821,0.000,0.00,0.00,38.208,0
phase1 acc_mag=9.506 gravity=9.719 motion=0.214 moving_avg=0.148 rms=0.192 mean_rms=0.250 max_rms=0.358 min_rms=0.189 std=0.061 var=0.004 state=standing thr=0.373/0.573/1.073
-5.94,26.81,298.06,0.8331,-0.2260,-0.0728,0.4996,-1.09,-4.67,8.64,2.50,-7.19,13.69,9.88,0,1.70,-0.0694,0.0607,49,0.821,0.000,0.00,0.00,38.208,0
-6.00,26.94,298.12,0.8329,-0.2275,-0.0737,0.4990,-1.00,-4.28,8.53,-9.06,-3.12,2.00,9.60,0,1.70,-0.0700,0.0611,49,0.821,0.000,0.00,0.00,38.208,0
-5.94,27.25,298.69,0.8350,-0.2295,-0.0734,0.4948,-1.24,-4.99,8.72,6.25,3.00,2.00,10.12,0,1.70,-0.0699,0.0621,49,0.821,0.000,0.00,0.00,38.208,0
-5.94,27.06,298.94,0.8363,-0.2276,-0.0725,0.4935,-1.26,-4.86,8.66,6.00,-5.50,7.31,10.01,0,1.70,-0.0692,0.0618,49,0.821,0.000,0.00,0.00,38.208,0
phase1 acc_mag=9.757 gravity=9.739 motion=0.018 moving_avg=0.142 rms=0.190 mean_rms=0.220 max_rms=0.332 min_rms=0.188 std=0.040 var=0.002 state=standing thr=0.300/0.500/1.000
-5.56,26.75,299.12,0.8380,-0.2244,-0.0735,0.4920,-0.90,-4.27,8.56,-0.75,-4.00,-3.12,9.61,0,1.70,-0.0688,0.0608,49,0.821,0.000,0.00,0.00,38.208,0
-5.56,26.50,299.38,0.8391,-0.2232,-0.0725,0.4908,-0.93,-4.36,8.46,-6.88,0.12,5.88,9.56,0,1.70,-0.0682,0.0607,49,0.821,0.000,0.00,0.00,38.208,0
-5.62,26.56,299.44,0.8397,-0.2237,-0.0715,0.4897,-0.98,-4.54,8.84,1.62,1.25,6.38,9.99,0,1.70,-0.0678,0.0611,49,0.821,0.000,0.00,0.00,38.208,0
phase1 acc_mag=9.737 gravity=9.727 motion=0.010 moving_avg=0.134 rms=0.185 mean_rms=0.198 max_rms=0.221 min_rms=0.185 std=0.010 var=0.000 state=standing thr=0.218/0.418/0.918
-5.94,26.31,299.62,0.8404,-0.2230,-0.0677,0.4894,-1.18,-4.43,8.59,4.62,1.38,9.31,9.74,0,1.70,-0.0664,0.0617,49,0.821,0.000,0.00,0.00,38.208,0
-6.00,26.38,299.69,0.8409,-0.2238,-0.0675,0.4882,-1.06,-4.45,8.63,-4.88,0.00,-1.00,9.77,0,1.70,-0.0664,0.0621,49,0.821,0.000,0.00,0.00,38.208,0
-6.06,26.62,300.12,0.8423,-0.2261,-0.0668,0.4846,-1.00,-4.44,8.57,-1.12,4.75,1.12,9.70,0,1.70,-0.0664,0.0632,49,0.821,0.000,0.00,0.00,38.208,0
-6.19,27.38,301.06,0.8451,-0.2333,-0.0677,0.4762,-1.00,-4.39,8.51,-15.88,1.25,-4.12,9.63,0,1.70,-0.0673,0.0660,49,0.821,0.000,0.00,0.00,38.208,0
phase1 acc_mag=9.618 gravity=9.713 motion=0.095 moving_avg=0.133 rms=0.183 mean_rms=0.192 max_rms=0.208 min_rms=0.180 std=0.008 var=0.000 state=standing thr=0.208/0.408/0.908
-6.06,27.38,301.94,0.8484,-0.2330,-0.0664,0.4706,-0.93,-4.57,8.58,2.50,5.75,-6.88,9.77,0,1.70,-0.0664,0.0666,49,0.821,0.000,0.00,0.00,38.208,0
-6.06,27.31,302.44,0.8505,-0.2327,-0.0654,0.4671,-1.17,-4.60,8.58,2.12,4.12,4.88,9.81,0,1.70,-0.0657,0.0669,49,0.821,0.000,0.00,0.00,38.208,0
-6.19,27.19,302.94,0.8530,-0.2326,-0.0623,0.4630,-1.09,-4.60,8.65,0.88,3.75,-2.25,9.86,0,1.70,-0.0643,0.0678,49,0.821,0.000,0.00,0.00,38.208,0
-6.19,26.94,303.69,0.8563,-0.2310,-0.0603,0.4581,-1.14,-4.43,8.57,11.94,2.25,-10.06,9.71,0,1.70,-0.0630,0.0681,49,0.821,0.000,0.00,0.00,38.208,0
phase1 acc_mag=9.714 gravity=9.734 motion=0.021 moving_avg=0.131 rms=0.182 mean_rms=0.188 max_rms=0.208 min_rms=0.180 std=0.005 var=0.000 state=standing thr=0.199/0.399/0.899
-6.19,26.75,303.88,0.8570,-0.2299,-0.0594,0.4574,-1.11,-4.40,8.56,-2.62,-1.50,5.88,9.69,0,1.70,-0.0624,0.0679,49,0.821,0.000,0.00,0.00,38.208,0
-6.25,26.56,303.81,0.8575,-0.2285,-0.0579,0.4573,-0.90,-4.36,8.58,-4.00,3.38,-7.06,9.67,0,1.70,-0.0617,0.0678,49,0.821,0.000,0.00,0.00,38.208,0
-6.12,26.62,303.88,0.8575,-0.2282,-0.0590,0.4573,-0.85,-4.15,8.38,2.62,-0.50,6.00,9.39,0,1.70,-0.0620,0.0675,49,0.821,0.000,0.00,0.00,38.208,0
phase1 acc_mag=9.844 gravity=9.725 motion=0.119 moving_avg=0.119 rms=0.168 mean_rms=0.183 max_rms=0.208 min_rms=0.166 std=0.009 var=0.000 state=standing thr=0.201/0.401/0.901
-6.25,26.19,303.88,0.8583,-0.2256,-0.0565,0.4573,-1.32,-4.53,8.64,10.94,3.00,2.38,9.84,0,1.70,-0.0607,0.0671,49,0.821,0.000,0.00,0.00,38.208,0
-6.31,26.19,304.06,0.8589,-0.2262,-0.0558,0.4561,-1.36,-4.70,8.77,-4.75,-3.62,-10.31,10.04,0,1.70,-0.0604,0.0675,49,0.821,0.000,0.00,0.00,38.208,0
-6.31,26.25,303.94,0.8585,-0.2266,-0.0560,0.4567,-1.17,-4.49,8.58,4.25,6.00,-1.25,9.75,0,1.70,-0.0606,0.0676,49,0.821,0.000,0.00,0.00,38.208,0
-6.38,26.31,303.88,0.8581,-0.2272,-0.0558,0.4571,-1.20,-4.57,8.50,10.56,-6.88,16.50,9.72,0,1.70,-0.0607,0.0678,49,0.821,0.000,0.00,0.00,38.208,0
phase1 acc_mag=9.591 gravity=9.710 motion=0.119 moving_avg=0.106 rms=0.135 mean_rms=0.174 max_rms=0.191 min_rms=0.134 std=0.016 var=0.000 state=standing thr=0.207/0.407/0.907
-6.38,26.62,303.62,0.8566,-0.2292,-0.0577,0.4587,-1.46,-4.62,8.67,-4.38,-12.56,3.00,9.93,0,1.70,-0.0618,0.0680,49,0.821,0.000,0.00,0.00,38.208,0
-6.25,26.75,302.94,0.8533,-0.2288,-0.0608,0.4646,-1.10,-4.65,8.82,2.50,-6.12,3.88,10.03,0,1.70,-0.0633,0.0668,49,0.821,0.000,0.00,0.00,38.208,0
-6.19,26.44,302.50,0.8524,-0.2266,-0.0607,0.4673,-1.02,-4.42,8.54,1.62,-5.00,-1.25,9.67,0,1.70,-0.0630,0.0659,49,0.821,0.000,0.00,0.00,38.208,0
-6.31,26.31,302.19,0.8513,-0.2259,-0.0598,0.4698,-1.07,-4.06,8.52,-4.38,8.94,6.62,9.50,0,1.70,-0.0628,0.0657,49,0.821,0.000,0.00,0.00,38.208,0
phase1 acc_mag=9.805 gravity=9.731 motion=0.074 moving_avg=0.125 rms=0.159 mean_rms=0.167 max_rms=0.191 min_rms=0.134 std=0.018 var=0.000 state=standing thr=0.202/0.402/0.902
-6.19,26.12,302.06,0.8515,-0.2239,-0.0595,0.4703,-0.94,-4.20,8.49,3.12,4.62,-3.50,9.52,0,1.70,-0.0624,0.0651,49,0.821,0.000,0.00,0.00,38.208,0
-6.38,26.31,302.19,0.8513,-0.2264,-0.0594,0.4695,-1.07,-4.20,8.61,-9.81,1.25,-3.38,9.64,0,1.70,-0.0628,0.0659,49,0.821,0.000,0.00,0.00,38.208,0
-6.12,26.31,302.06,0.8507,-0.2258,-0.0623,0.4705,-0.99,-4.27,8.65,-11.56,-5.75,-1.38,9.70,0,1.70,-0.0637,0.0651,49,0.821,0.000,0.00,0.00,38.208,0
-6.38,26.38,302.12,0.8508,-0.2268,-0.0601,0.4702,-1.13,-4.50,8.55,2.50,2.75,3.88,9.73,0,1.70,-0.0631,0.0659,49,0.821,0.000,0.00,0.00,38.208,0
phase1 acc_mag=9.789 gravity=9.731 motion=0.058 moving_avg=0.124 rms=0.157 mean_rms=0.163 max_rms=0.191 min_rms=0.134 std=0.016 var=0.000 state=standing thr=0.195/0.395/0.895
-6.44,26.25,302.06,0.8509,-0.2255,-0.0590,0.4708,-1.15,-4.55,8.73,2.62,-6.12,1.50,9.91,0,1.70,-0.0626,0.0656,49,0.821,0.000,0.00,0.00,38.208,0
-6.62,26.19,302.12,0.8512,-0.2263,-0.0569,0.4701,-1.13,-4.09,8.43,-7.44,11.69,-10.69,9.44,0,1.70,-0.0619,0.0663,49,0.821,0.000,0.00,0.00,38.208,0
-7.00,26.25,302.12,0.8513,-0.2278,-0.0535,0.4695,-1.26,-4.35,8.67,13.31,5.75,-8.06,9.78,0,1.70,-0.0610,0.0675,49,0.821,0.000,0.00,0.00,38.208,0
-6.88,26.50,302.31,0.8514,-0.2297,-0.0555,0.4684,-1.12,-4.19,8.54,-2.12,-0.88,-6.88,9.58,0,1.70,-0.0619,0.0678,49,0.821,0.000,0.00,0.00,38.208,0
phase1 acc_mag=9.784 gravity=9.727 motion=0.057 moving_avg=0.128 rms=0.163 mean_rms=0.158 max_rms=0.172 min_rms=0.134 std=0.011 var=0.000 state=standing thr=0.180/0.380/0.880
-7.00,26.62,302.25,0.8508,-0.2314,-0.0552,0.4686,-1.23,-4.20,8.41,-3.38,-0.88,-7.19,9.48,0,1.70,-0.0621,0.0684,49,0.821,0.000,0.00,0.00,38.208,0
-7.50,27.12,302.31,0.8500,-0.2368,-0.0534,0.4675,-1.33,-4.42,8.54,-0.88,3.75,-5.38,9.71,0,1.70,-0.0624,0.0705,49,0.821,0.000,0.00,0.00,38.208,0
-7.69,27.06,302.19,0.8492,-0.2374,-0.0519,0.4688,-1.22,-4.36,8.56,-0.88,2.50,4.62,9.68,0,1.70,-0.0621,0.0709,49,0.821,0.000,0.00,0.00,38.208,0
phase1 acc_mag=9.604 gravity=9.726 motion=0.122 moving_avg=0.133 rms=0.166 mean_rms=0.157 max_rms=0.167 min_rms=0.134 std=0.010 var=0.000 state=standing thr=0.177/0.377/0.877
-7.56,26.81,302.25,0.8501,-0.2348,-0.0520,0.4685,-1.22,-4.32,8.49,8.44,-0.12,-3.12,9.60,0,1.70,-0.0617,0.0701,49,0.821,0.000,0.00,0.00,38.208,0
-7.44,27.12,302.25,0.8497,-0.2363,-0.0540,0.4681,-1.21,-4.39,8.62,0.38,3.38,-11.94,9.75,0,1.70,-0.0626,0.0702,49,0.821,0.000,0.00,0.00,38.208,0
-7.75,27.38,302.56,0.8506,-0.2394,-0.0521,0.4653,-1.74,-4.68,8.61,3.88,-6.38,-7.31,9.95,0,1.70,-0.0623,0.0718,49,0.821,0.000,0.00,0.00,38.208,0
-7.56,26.81,302.56,0.8515,-0.2349,-0.0510,0.4660,-1.13,-4.48,8.40,12.56,4.12,-1.38,9.59,0,1.70,-0.0611,0.0705,49,0.821,0.000,0.00,0.00,38.208,0
phase1 acc_mag=9.758 gravity=9.727 motion=0.031 moving_avg=0.134 rms=0.168 mean_rms=0.162 max_rms=0.171 min_rms=0.138 std=0.007 var=0.000 state=standing thr=0.175/0.375/0.875
-7.56,26.75,302.94,0.8530,-0.2344,-0.0502,0.4637,-1.41,-4.41,8.59,-1.00,-3.00,0.62,9.76,0,1.70,-0.0606,0.0707,49,0.821,0.000,0.00,0.00,38.208,0
-7.62,26.31,303.06,0.8542,-0.2315,-0.0477,0.4630,-1.35,-4.50,8.54,6.12,2.50,-4.88,9.75,0,1.70,-0.0592,0.0703,49,0.821,0.000,0.00,0.00,38.208,0
-7.69,26.31,303.06,0.8542,-0.2319,-0.0473,0.4629,-1.37,-4.41,8.56,6.75,-2.50,4.38,9.73,0,1.70,-0.0591,0.0705,49,0.821,0.000,0.00,0.00,38.208,0
-7.69,26.50,303.31,0.8553,-0.2337,-0.0473,0.4599,-1.34,-4.49,8.57,-0.75,3.75,-14.62,9.77,0,1.70,-0.0592,0.0713,49,0.821,0.000,0.00,0.00,38.208,0
phase1 acc_mag=9.474 gravity=9.724 motion=0.251 moving_avg=0.112 rms=0.142 mean_rms=0.162 max_rms=0.171 min_rms=0.141 std=0.007 var=0.000 state=standing thr=0.176/0.376/0.876
-7.81,26.88,303.50,0.8550,-0.2374,-0.0470,0.4587,-1.54,-4.53,8.51,-3.62,2.62,7.19,9.76,0,1.70,-0.0596,0.0726,49,0.821,0.000,0.00,0.00,38.208,0
-7.88,27.06,303.62,0.8549,-0.2393,-0.0480,0.4578,-1.38,-4.39,8.57,-11.81,-1.12,-1.25,9.73,0,1.70,-0.0602,0.0730,49,0.821,0.000,0.00,0.00,38.208,0
-7.69,27.50,303.81,0.8552,-0.2411,-0.0499,0.4562,-1.35,-4.57,8.52,-2.62,-5.00,-10.56,9.76,0,1.70,-0.0611,0.0734,49,0.821,0.000,0.00,0.00,38.208,0
-7.75,27.75,303.75,0.8544,-0.2435,-0.0502,0.4562,-1.39,-4.62,8.55,-3.25,7.31,1.12,9.82,0,1.70,-0.0616,0.0740,49,0.821,0.000,0.00,0.00,38.208,0
phase1 acc_mag=9.785 gravity=9.729 motion=0.056 moving_avg=0.104 rms=0.134 mean_rms=0.157 max_rms=0.171 min_rms=0.134 std=0.011 var=0.000 state=standing thr=0.180/0.380/0.880
-7.75,27.62,303.88,0.8552,-0.2423,-0.0496,0.4554,-1.25,-4.39,8.59,-5.75,6.62,-1.38,9.73,0,1.70,-0.0611,0.0739,49,0.821,0.000,0.00,0.00,38.208,0
-7.88,27.62,303.94,0.8550,-0.2424,-0.0490,0.4559,-1.67,-4.54,8.56,-0.12,-4.25,7.81,9.83,0,1.70,-0.0610,0.0740,49,0.821,0.000,0.00,0.00,38.208,0
-8.00,27.38,303.88,0.8555,-0.2411,-0.0469,0.4557,-1.60,-4.31,8.63,2.62,5.00,2.38,9.78,0,1.70,-0.0600,0.0740,49,0.821,0.000,0.00,0.00,38.208,0
-8.19,27.06,303.31,0.8533,-0.2389,-0.0450,0.4614,-1.67,-4.40,8.60,8.44,-6.75,11.94,9.80,0,1.70,-0.0595,0.0732,49,0.821,0.000,0.00,0.00,38.208,0
phase1 acc_mag=9.668 gravity=9.746 motion=0.078 moving_avg=0.090 rms=0.116 mean_rms=0.149 max_rms=0.171 min_rms=0.116 std=0.018 var=0.000 state=standing thr=0.185/0.385/0.885
-8.00,26.94,302.81,0.8520,-0.2376,-0.0477,0.4641,-1.36,-4.40,8.62,1.75,-5.00,4.25,9.77,0,1.70,-0.0604,0.0721,49,0.821,0.000,0.00,0.00,38.208,0
-7.94,26.56,302.19,0.8499,-0.2341,-0.0485,0.4697,-1.22,-4.31,8.34,-4.00,-5.62,4.50,9.47,0,1.70,-0.0605,0.0705,49,0.821,0.000,0.00,0.00,38.208,0
-7.94,26.81,302.19,0.8497,-0.2363,-0.0488,0.4689,-1.39,-4.44,8.43,-3.50,5.75,-8.44,9.63,0,1.70,-0.0609,0.0712,49,0.821,0.000,0.00,0.00,38.208,0
phase1 acc_mag=9.723 gravity=9.748 motion=0.025 moving_avg=0.092 rms=0.123 mean_rms=0.139 max_rms=0.171 min_rms=0.114 std=0.019 var=0.000 state=standing thr=0.177/0.377/0.877
-7.94,26.94,302.00,0.8486,-0.2378,-0.0498,0.4700,-1.25,-4.36,8.60,-2.00,-3.75,-4.38,9.72,0,1.70,-0.0616,0.0714,49,0.821,0.000,0.00,0.00,38.208,0
-8.00,27.00,302.06,0.8486,-0.2375,-0.0491,0.4701,-1.37,-4.42,8.53,5.38,-2.38,9.19,9.70,0,1.70,-0.0613,0.0714,49,0.821,0.000,0.00,0.00,38.208,0
-8.00,27.00,302.25,0.8497,-0.2379,-0.0486,0.4681,-1.40,-4.31,8.48,0.25,4.25,-10.56,9.61,0,1.70,-0.0611,0.0717,49,0.821,0.000,0.00,0.00,38.208,0
-7.88,27.00,302.56,0.8512,-0.2371,-0.0491,0.4657,-1.46,-4.36,8.59,7.19,1.88,-2.62,9.74,0,1.70,-0.0609,0.0716,49,0.821,0.000,0.00,0.00,38.208,0
phase1 acc_mag=9.711 gravity=9.743 motion=0.032 moving_avg=0.092 rms=0.126 mean_rms=0.131 max_rms=0.164 min_rms=0.114 std=0.013 var=0.000 state=standing thr=0.156/0.356/0.856
-7.88,27.19,302.88,0.8519,-0.2389,-0.0491,0.4636,-1.36,-4.35,8.46,-8.81,-1.38,1.75,9.61,0,1.70,-0.0610,0.0723,49,0.821,0.000,0.00,0.00,38.208,0
-7.88,27.31,303.19,0.8531,-0.2406,-0.0491,0.4604,-1.45,-4.58,8.62,-2.12,6.00,-2.12,9.87,0,1.70,-0.0611,0.0731,49,0.821,0.000,0.00,0.00,38.208,0
-7.94,27.31,303.25,0.8532,-0.2404,-0.0483,0.4604,-1.41,-4.30,8.46,0.25,-3.62,3.88,9.59,0,1.70,-0.0608,0.0731,49,0.821,0.000,0.00,0.00,38.208,0
-8.06,27.19,303.06,0.8527,-0.2397,-0.0471,0.4618,-1.38,-4.42,8.56,3.75,11.31,12.94,9.73,0,1.70,-0.0603,0.0731,49,0.821,0.000,0.00,0.00,38.208,0
phase1 acc_mag=9.536 gravity=9.742 motion=0.206 moving_avg=0.095 rms=0.129 mean_rms=0.126 max_rms=0.141 min_rms=0.114 std=0.007 var=0.000 state=standing thr=0.141/0.350/0.850
-8.19,27.50,303.06,0.8520,-0.2425,-0.0477,0.4616,-1.68,-4.49,8.62,-6.88,-4.00,8.06,9.86,0,1.70,-0.0610,0.0738,49,0.821,0.000,0.00,0.00,38.208,0
-8.44,27.62,303.00,0.8510,-0.2448,-0.0461,0.4623,-1.36,-4.43,8.63,-4.00,-0.12,6.38,9.80,0,1.70,-0.0610,0.0748,49,0.821,0.000,0.00,0.00,38.208,0
-8.50,27.38,302.88,0.8511,-0.2428,-0.0449,0.4632,-1.39,-4.36,8.51,0.00,-5.50,5.50,9.66,0,1.70,-0.0603,0.0743,49,0.821,0.000,0.00,0.00,38.208,0
phase1 acc_mag=9.824 gravity=9.740 motion=0.084 moving_avg=0.103 rms=0.136 mean_rms=0.125 max_rms=0.136 min_rms=0.114 std=0.005 var=0.000 state=slow thr=0.136/0.350/0.850
-8.56,27.38,303.00,0.8521,-0.2430,-0.0442,0.4614,-1.58,-4.44,8.62,3.38,1.50,-9.06,9.82,0,1.70,-0.0599,0.0747,49,0.821,0.000,0.00,0.00,38.208,0
-8.50,27.19,303.19,0.8528,-0.2415,-0.0436,0.4610,-1.49,-4.37,8.57,-3.25,0.75,8.94,9.73,0,1.70,-0.0594,0.0743,49,0.821,0.000,0.00,0.00,38.208,0
-8.25,27.00,303.25,0.8533,-0.2396,-0.0448,0.4609,-1.35,-4.31,8.55,0.88,-3.00,-0.12,9.67,0,1.70,-0.0595,0.0735,49,0.821,0.000,0.00,0.00,38.208,0
-8.25,26.88,303.06,0.8528,-0.2379,-0.0450,0.4626,-1.43,-4.40,8.57,5.12,-4.62,0.88,9.74,0,1.70,-0.0594,0.0728,49,0.821,0.000,0.00,0.00,38.208,0
phase1 acc_mag=9.652 gravity=9.731 motion=0.080 moving_avg=0.103 rms=0.137 mean_rms=0.128 max_rms=0.139 min_rms=0.115 std=0.006 var=0.000 state=standing thr=0.140/0.350/0.850
-8.38,27.00,302.88,0.8520,-0.2396,-0.0443,0.4634,-1.44,-4.31,8.48,-5.12,0.25,6.12,9.62,0,1.70,-0.0595,0.0734,49,0.821,0.000,0.00,0.00,38.208,0
-8.00,26.44,302.50,0.8515,-0.2326,-0.0464,0.4676,-2.01,-4.54,8.59,15.62,-15.62,5.00,9.92,0,1.70,-0.0593,0.0705,49,0.821,0.000,0.00,0.00,38.208,0
-7.62,25.88,302.12,0.8512,-0.2280,-0.0479,0.4703,-1.11,-3.98,8.50,3.38,-0.75,-3.00,9.45,0,1.70,-0.0592,0.0686,49,0.821,0.000,0.00,0.00,38.208,0
-7.38,26.00,301.75,0.8496,-0.2277,-0.0506,0.4730,-1.23,-4.44,8.77,1.12,-4.00,3.88,9.91,0,1.70,-0.0603,0.0678,49,0.821,0.000,0.00,0.00,38.208,0
phase1 acc_mag=9.770 gravity=9.739 motion=0.031 moving_avg=0.105 rms=0.139 mean_rms=0.132 max_rms=0.150 min_rms=0.122 std=0.006 var=0.000 state=standing thr=0.145/0.350/0.850
-7.44,25.88,301.38,0.8482,-0.2269,-0.0507,0.4760,-1.24,-4.26,8.61,-2.00,-6.12,15.62,9.69,0,1.70,-0.0604,0.0673,49,0.821,0.000,0.00,0.00,38.208,0
-7.44,26.00,301.31,0.8477,-0.2281,-0.0511,0.4762,-1.21,-4.22,8.65,-4.88,2.00,-3.25,9.70,0,1.70,-0.0608,0.0676,49,0.821,0.000,0.00,0.00,38.208,0
-7.62,25.94,301.25,0.8477,-0.2280,-0.0496,0.4764,-1.22,-4.23,8.61,5.00,-1.25,-2.50,9.67,0,1.70,-0.0602,0.0679,49,0.821,0.000,0.00,0.00,38.208,0
-7.62,25.81,301.38,0.8482,-0.2274,-0.0493,0.4759,-1.33,-4.12,8.69,-9.06,-0.88,1.62,9.71,0,1.70,-0.0600,0.0678,49,0.821,0.000,0.00,0.00,38.208,0
phase1 acc_mag=9.735 gravity=9.734 motion=0.000 moving_avg=0.101 rms=0.132 mean_rms=0.135 max_rms=0.150 min_rms=0.125 std=0.005 var=0.000 state=standing thr=0.145/0.350/0.850
-7.69,25.94,301.12,0.8470,-0.2283,-0.0493,0.4774,-0.97,-4.08,8.61,-3.50,3.88,7.19,9.58,0,1.70,-0.0603,0.0680,49,0.821,0.000,0.00,0.00,38.208,0
-7.69,26.06,301.12,0.8463,-0.2295,-0.0501,0.4782,-1.36,-4.31,8.71,2.25,4.88,-4.38,9.81,0,1.70,-0.0609,0.0681,49,0.821,0.000,0.00,0.00,38.208,0
-7.75,26.06,301.25,0.8471,-0.2293,-0.0493,0.4768,-1.22,-4.12,8.73,-0.88,2.00,-2.75,9.73,0,1.70,-0.0604,0.0683,49,0.821,0.000,0.00,0.00,38.208,0
phase1 acc_mag=9.690 gravity=9.729 motion=0.039 moving_avg=0.099 rms=0.128 mean_rms=0.135 max_rms=0.150 min_rms=0.128 std=0.004 var=0.000 state=standing thr=0.144/0.350/0.850
-7.69,26.06,301.19,0.8469,-0.2292,-0.0503,0.4772,-1.20,-4.20,8.65,0.38,-7.19,10.19,9.69,0,1.70,-0.0608,0.0680,49,0.821,0.000,0.00,0.00,38.208,0
-7.50,26.06,301.62,0.8488,-0.2290,-0.0507,0.4739,-1.21,-4.31,8.69,-5.50,-1.12,-1.50,9.78,0,1.70,-0.0606,0.0681,49,0.821,0.000,0.00,0.00,38.208,0
-7.44,26.12,301.69,0.8490,-0.2288,-0.0510,0.4736,-1.26,-4.29,8.63,5.00,1.50,8.06,9.72,0,1.70,-0.0606,0.0680,49,0.821,0.000,0.00,0.00,38.208,0
-7.25,26.12,301.62,0.8488,-0.2283,-0.0528,0.4741,-1.14,-4.24,8.68,-0.88,2.12,15.75,9.73,0,1.70,-0.0612,0.0675,49,0.821,0.000,0.00,0.00,38.208,0
phase1 acc_mag=9.641 gravity=9.722 motion=0.080 moving_avg=0.095 rms=0.125 mean_rms=0.134 max_rms=0.150 min_rms=0.121 std=0.006 var=0.000 state=standing thr=0.146/0.350/0.850
-7.12,26.12,301.69,0.8491,-0.2277,-0.0540,0.4736,-1.24,-4.21,8.64,0.25,2.50,-3.12,9.69,0,1.70,-0.0615,0.0671,49,0.821,0.000,0.00,0.00,38.208,0
-7.00,26.19,301.88,0.8500,-0.2275,-0.0544,0.4720,-1.15,-4.26,8.65,2.50,8.44,-5.12,9.71,0,1.70,-0.0614,0.0671,49,0.821,0.000,0.00,0.00,38.208,0
-7.06,26.12,302.06,0.8510,-0.2271,-0.0530,0.4706,-1.24,-4.26,8.64,5.75,4.12,-2.62,9.71,0,1.70,-0.0608,0.0673,49,0.821,0.000,0.00,0.00,38.208,0
-7.06,26.12,301.94,0.8506,-0.2280,-0.0540,0.4706,-1.08,-4.24,8.71,-3.50,1.38,-5.50,9.75,0,1.70,-0.0613,0.0674,49,0.821,0.000,0.00,0.00,38.208,0
phase1 acc_mag=10.049 gravity=9.726 motion=0.323 moving_avg=0.092 rms=0.124 mean_rms=0.131 max_rms=0.150 min_rms=0.120 std=0.007 var=0.000 state=standing thr=0.145/0.350/0.850
-6.94,26.25,302.06,0.8504,-0.2281,-0.0548,0.4709,-1.12,-4.25,8.63,-1.75,-2.38,6.75,9.68,0,1.70,-0.0616,0.0673,49,0.821,0.000,0.00,0.00,38.208,0
-7.00,26.38,302.12,0.8506,-0.2291,-0.0545,0.4702,-1.47,-4.47,8.90,0.50,-0.25,5.62,10.07,0,1.70,-0.0616,0.0677,49,0.821,0.000,0.00,0.00,38.208,0
-7.00,26.38,301.81,0.8492,-0.2281,-0.0556,0.4730,-1.54,-4.48,8.50,8.31,-11.06,5.88,9.73,0,1.70,-0.0621,0.0670,49,0.821,0.000,0.00,0.00,38.208,0
-6.31,25.94,301.38,0.8485,-0.2227,-0.0597,0.4764,-0.87,-4.14,8.66,2.62,0.75,0.62,9.64,0,1.70,-0.0627,0.0642,49,0.821,0.000,0.00,0.00,38.208,0
phase1 acc_mag=9.654 gravity=9.725 motion=0.070 moving_avg=0.084 rms=0.111 mean_rms=0.125 max_rms=0.139 min_rms=0.105 std=0.008 var=0.000 state=standing thr=0.141/0.350/0.850
-6.25,25.88,301.31,0.8483,-0.2221,-0.0602,0.4768,-1.20,-4.26,8.62,7.06,2.50,-4.12,9.69,0,1.70,-0.0628,0.0639,49,0.821,0.000,0.00,0.00,38.208,0
-6.25,26.06,301.19,0.8481,-0.2231,-0.0609,0.4766,-1.02,-4.21,8.76,-3.00,1.12,1.12,9.77,0,1.70,-0.0632,0.0641,49,0.821,0.000,0.00,0.00,38.208,0
-6.31,26.31,301.69,0.8491,-0.2255,-0.0608,0.4737,-1.16,-4.42,8.74,-3.88,8.06,-10.06,9.86,0,1.70,-0.0634,0.0651,49,0.821,0.000,0.00,0.00,38.208,0
-6.50,26.44,301.94,0.8500,-0.2281,-0.0588,0.4711,-1.03,-4.17,8.73,-11.06,10.31,-6.75,9.73,0,1.70,-0.0630,0.0665,49,0.821,0.000,0.00,0.00,38.208,0
phase1 acc_mag=9.766 gravity=9.722 motion=0.044 moving_avg=0.082 rms=0.111 mean_rms=0.120 max_rms=0.133 min_rms=0.105 std=0.008 var=0.000 state=standing thr=0.136/0.350/0.850
-6.69,26.31,302.00,0.8503,-0.2277,-0.0571,0.4709,-1.09,-4.21,8.68,3.12,-0.50,-8.19,9.71,0,1.70,-0.0623,0.0667,49,0.821,0.000,0.00,0.00,38.208,0
-6.81,26.44,302.31,0.8511,-0.2296,-0.0565,0.4688,-1.33,-4.41,8.63,-10.69,-4.88,1.12,9.78,0,1.70,-0.0623,0.0675,49,0.821,0.000,0.00,0.00,38.208,0
-6.75,26.38,302.12,0.8506,-0.2283,-0.0568,0.4702,-0.96,-4.21,8.65,4.00,-5.50,5.25,9.67,0,1.70,-0.0623,0.0670,49,0.821,0.000,0.00,0.00,38.208,0
phase1 acc_mag=9.687 gravity=9.728 motion=0.041 moving_avg=0.081 rms=0.114 mean_rms=0.116 max_rms=0.128 min_rms=0.105 std=0.006 var=0.000 state=standing thr=0.128/0.350/0.850
-6.75,26.44,301.94,0.8497,-0.2285,-0.0579,0.4716,-1.21,-4.25,8.62,-2.50,-4.75,-0.75,9.69,0,1.70,-0.0628,0.0668,49,0.821,0.000,0.00,0.00,38.208,0
-6.75,26.56,302.06,0.8503,-0.2297,-0.0573,0.4701,-1.16,-4.39,8.73,-2.75,3.00,-1.88,9.84,0,1.70,-0.0627,0.0674,49,0.821,0.000,0.00,0.00,38.208,0
-6.81,26.62,302.31,0.8511,-0.2306,-0.0569,0.4682,-1.10,-4.25,8.65,0.00,2.88,-2.38,9.70,0,1.70,-0.0626,0.0679,49,0.821,0.000,0.00,0.00,38.208,0
-6.75,26.44,302.19,0.8511,-0.2283,-0.0565,0.4694,-1.06,-4.15,8.62,5.38,1.38,-0.12,9.63,0,1.70,-0.0621,0.0671,49,0.821,0.000,0.00,0.00,38.208,0
phase1 acc_mag=9.613 gravity=9.726 motion=0.113 moving_avg=0.083 rms=0.115 mean_rms=0.114 max_rms=0.125 min_rms=0.105 std=0.005 var=0.000 state=standing thr=0.123/0.350/0.850
-6.69,26.12,302.12,0.8515,-0.2252,-0.0565,0.4702,-1.19,-4.30,8.54,3.75,-3.38,2.50,9.64,0,1.70,-0.0616,0.0661,49,0.821,0.000,0.00,0.00,38.208,0
-6.44,25.62,302.12,0.8517,-0.2209,-0.0569,0.4717,-1.11,-4.08,8.62,1.88,-8.69,7.06,9.60,0,1.70,-0.0611,0.0645,49,0.821,0.000,0.00,0.00,38.208,0
-6.31,25.75,302.19,0.8524,-0.2216,-0.0576,0.4702,-1.13,-4.06,8.66,-7.94,-1.12,-1.00,9.63,0,1.70,-0.0613,0.0647,49,0.821,0.000,0.00,0.00,38.208,0
-6.31,25.94,302.62,0.8538,-0.2228,-0.0571,0.4670,-1.13,-4.17,8.79,-1.00,0.88,-3.00,9.79,0,1.70,-0.0611,0.0654,49,0.821,0.000,0.00,0.00,38.208,0
phase1 acc_mag=9.806 gravity=9.728 motion=0.078 moving_avg=0.086 rms=0.115 mean_rms=0.113 max_rms=0.119 min_rms=0.105 std=0.003 var=0.000 state=standing thr=0.119/0.350/0.850
-6.19,25.81,302.62,0.8539,-0.2221,-0.0577,0.4671,-1.00,-4.28,8.74,0.88,-3.00,4.88,9.78,0,1.70,-0.0612,0.0651,49,0.821,0.000,0.00,0.00,38.208,0
-6.12,25.88,302.69,0.8541,-0.2225,-0.0588,0.4665,-0.98,-4.26,8.68,-1.12,1.12,-1.38,9.72,0,1.70,-0.0616,0.0651,49,0.821,0.000,0.00,0.00,38.208,0
-6.19,26.12,302.75,0.8539,-0.2243,-0.0587,0.4658,-1.20,-4.30,8.71,-4.88,1.62,-3.50,9.79,0,1.70,-0.0619,0.0657,49,0.821,0.000,0.00,0.00,38.208,0
phase1 acc_mag=9.638 gravity=9.724 motion=0.086 moving_avg=0.076 rms=0.100 mean_rms=0.112 max_rms=0.119 min_rms=0.099 std=0.005 var=0.000 state=standing thr=0.122/0.350/0.850
-6.19,26.00,303.06,0.8557,-0.2238,-0.0579,0.4630,-1.20,-4.14,8.62,-3.25,-0.75,-5.00,9.64,0,1.70,-0.0613,0.0659,49,0.821,0.000,0.00,0.00,38.208,0
-6.31,26.19,303.12,0.8552,-0.2254,-0.0574,0.4631,-1.25,-4.23,8.64,-2.00,-5.25,-1.00,9.70,0,1.70,-0.0614,0.0665,49,0.821,0.000,0.00,0.00,38.208,0
-6.38,26.38,302.75,0.8535,-0.2270,-0.0584,0.4654,-1.21,-4.34,8.72,-1.00,-6.50,8.06,9.82,0,1.70,-0.0622,0.0666,49,0.821,0.000,0.00,0.00,38.208,0
-6.38,26.31,302.62,0.8530,-0.2264,-0.0582,0.4667,-1.12,-4.41,8.59,2.38,-3.25,5.62,9.72,0,1.70,-0.0621,0.0664,49,0.821,0.000,0.00,0.00,38.208,0
phase1 acc_mag=9.769 gravity=9.730 motion=0.038 moving_avg=0.074 rms=0.095 mean_rms=0.110 max_rms=0.119 min_rms=0.095 std=0.007 var=0.000 state=standing thr=0.124/0.350/0.850
-6.06,26.00,302.50,0.8532,-0.2227,-0.0596,0.4678,-1.21,-4.39,8.72,4.50,-2.25,6.00,9.84,0,1.70,-0.0620,0.0649,49,0.821,0.000,0.00,0.00,38.208,0
-5.69,25.81,302.31,0.8529,-0.2197,-0.0627,0.4694,-0.83,-4.23,8.79,7.81,-9.94,8.06,9.79,0,1.70,-0.0626,0.0632,49,0.821,0.000,0.00,0.00,38.208,0
-5.94,26.19,302.31,0.8521,-0.2237,-0.0621,0.4692,-1.36,-4.47,8.56,-8.69,5.38,-8.06,9.75,0,1.70,-0.0631,0.0646,49,0.821,0.000,0.00,0.00,38.208,0
phase1 acc_mag=9.993 gravity=9.726 motion=0.267 moving_avg=0.087 rms=0.113 mean_rms=0.107 max_rms=0.119 min_rms=0.095 std=0.008 var=0.000 state=standing thr=0.123/0.350/0.850
-6.06,26.50,302.12,0.8506,-0.2271,-0.0623,0.4700,-1.43,-4.61,8.75,-4.62,3.75,2.25,9.99,0,1.70,-0.0639,0.0655,49,0.821,0.000,0.00,0.00,38.208,0
-6.12,26.31,301.81,0.8499,-0.2249,-0.0623,0.4725,-1.23,-4.38,8.59,7.94,-4.25,1.25,9.72,0,1.70,-0.0637,0.0647,49,0.821,0.000,0.00,0.00,38.208,0
-6.19,26.25,301.69,0.8494,-0.2245,-0.0616,0.4736,-1.33,-4.34,8.61,2.75,-1.25,1.50,9.73,0,1.70,-0.0635,0.0646,49,0.821,0.000,0.00,0.00,38.208,0
-5.94,26.00,301.56,0.8496,-0.2213,-0.0626,0.4747,-1.02,-4.24,8.71,6.62,-1.12,0.38,9.74,0,1.70,-0.0633,0.0633,49,0.821,0.000,0.00,0.00,38.208,0
phase1 acc_mag=9.617 gravity=9.724 motion=0.107 moving_avg=0.094 rms=0.125 mean_rms=0.109 max_rms=0.125 min_rms=0.095 std=0.009 var=0.000 state=standing thr=0.127/0.350/0.850
-5.94,25.81,301.44,0.8485,-0.2211,-0.0623,0.4767,-1.02,-4.11,8.58,-8.06,0.00,2.38,9.57,0,1.70,-0.0633,0.0631,49,0.821,0.000,0.00,0.00,38.208,0
-6.06,25.94,301.00,0.8467,-0.2209,-0.0627,0.4799,-1.19,-4.26,8.79,3.62,-4.88,8.81,9.84,0,1.70,-0.0636,0.0628,49,0.821,0.000,0.00,0.00,38.208,0
-6.06,25.94,300.31,0.8443,-0.2210,-0.0640,0.4840,-1.09,-4.20,8.66,-10.69,-9.19,17.50,9.69,0,1.70,-0.0644,0.0622,49,0.821,0.000,0.00,0.00,38.208,0
-6.12,26.06,300.12,0.8434,-0.2229,-0.0638,0.4847,-1.02,-4.27,8.70,-2.88,2.88,-3.75,9.74,0,1.70,-0.0648,0.0628,49,0.821,0.000,0.00,0.00,38.208,0
phase1 acc_mag=10.168 gravity=9.724 motion=0.444 moving_avg=0.099 rms=0.133 mean_rms=0.110 max_rms=0.133 min_rms=0.095 std=0.011 var=0.000 state=slow thr=0.132/0.350/0.850
-6.25,26.38,300.12,0.8427,-0.2251,-0.0646,0.4848,-0.98,-4.34,8.63,-5.12,-1.50,1.62,9.71,0,1.70,-0.0654,0.0634,49,0.821,0.000,0.00,0.00,38.208,0
-6.19,26.50,300.12,0.8430,-0.2258,-0.0659,0.4838,-1.15,-4.27,8.61,-0.38,3.75,-14.75,9.68,0,1.70,-0.0659,0.0634,49,0.821,0.000,0.00,0.00,38.208,0
-5.88,26.69,300.31,0.8431,-0.2260,-0.0685,0.4831,-1.12,-4.42,8.62,-2.62,-11.19,-8.31,9.75,0,1.70,-0.0668,0.0630,49,0.821,0.000,0.00,0.00,38.208,0
-5.81,26.44,300.25,0.8430,-0.2238,-0.0679,0.4844,-1.06,-4.21,8.67,5.00,1.50,2.50,9.70,0,1.70,-0.0662,0.0623,49,0.821,0.000,0.00,0.00,38.208,0
phase1 acc_mag=9.605 gravity=9.725 motion=0.120 moving_avg=0.099 rms=0.133 mean_rms=0.116 max_rms=0.134 min_rms=0.095 std=0.013 var=0.000 state=standing thr=0.143/0.350/0.850
-5.88,26.38,300.19,0.8430,-0.2238,-0.0676,0.4846,-1.12,-4.21,8.55,-5.62,1.25,2.12,9.60,0,1.70,-0.0662,0.0623,49,0.821,0.000,0.00,0.00,38.208,0
-5.75,26.31,299.75,0.8409,-0.2228,-0.0692,0.4883,-1.13,-4.47,8.69,-5.00,-3.12,5.88,9.84,0,1.70,-0.0668,0.0614,49,0.821,0.000,0.00,0.00,38.208,0
-5.94,26.06,299.44,0.8404,-0.2213,-0.0671,0.4902,-1.23,-4.41,8.70,9.19,-4.38,6.75,9.83,0,1.70,-0.0660,0.0612,49,0.821,0.000,0.00,0.00,38.208,0
phase1 acc_mag=9.777 gravity=9.723 motion=0.055 moving_avg=0.099 rms=0.132 mean_rms=0.124 max_rms=0.136 min_rms=0.096 std=0.011 var=0.000 state=standing thr=0.146/0.350/0.850
-6.00,26.00,299.38,0.8401,-0.2209,-0.0665,0.4908,-1.03,-4.26,8.74,-3.75,1.75,11.19,9.78,0,1.70,-0.0657,0.0612,49,0.821,0.000,0.00,0.00,38.208,0
-6.06,26.06,299.50,0.8405,-0.2217,-0.0663,0.4900,-1.06,-4.33,8.68,-3.50,0.25,3.00,9.76,0,1.70,-0.0658,0.0615,49,0.821,0.000,0.00,0.00,38.208,0
-6.12,26.12,299.38,0.8395,-0.2231,-0.0660,0.4909,-1.20,-4.31,8.74,-8.31,2.25,2.00,9.82,0,1.70,-0.0660,0.0620,49,0.821,0.000,0.00,0.00,38.208,0
-6.12,26.19,299.44,0.8402,-0.2226,-0.0660,0.4901,-1.03,-4.24,8.69,2.12,-0.88,-5.38,9.72,0,1.70,-0.0658,0.0619,49,0.821,0.000,0.00,0.00,38.208,0
phase1 acc_mag=9.661 gravity=9.731 motion=0.070 moving_avg=0.091 rms=0.120 mean_rms=0.128 max_rms=0.136 min_rms=0.117 std=0.006 var=0.000 state=standing thr=0.139/0.350/0.850
-6.19,26.19,299.50,0.8405,-0.2227,-0.0657,0.4896,-1.20,-4.42,8.73,4.25,-2.38,-4.62,9.86,0,1.70,-0.0657,0.0620,49,0.821,0.000,0.00,0.00,38.208,0
-6.25,26.31,299.50,0.8401,-0.2242,-0.0656,0.4895,-1.13,-4.19,8.69,-0.62,3.50,-8.31,9.71,0,1.70,-0.0659,0.0625,49,0.821,0.000,0.00,0.00,38.208,0
-6.31,26.12,299.69,0.8411,-0.2236,-0.0643,0.4882,-0.96,-4.12,8.65,2.62,0.62,-2.50,9.63,0,1.70,-0.0653,0.0627,49,0.821,0.000,0.00,0.00,38.208,0
-6.19,26.19,299.69,0.8410,-0.2234,-0.0652,0.4884,-1.16,-4.42,8.68,-2.12,-2.12,0.88,9.81,0,1.70,-0.0656,0.0624,49,0.821,0.000,0.00,0.00,38.208,0
phase1 acc_mag=9.823 gravity=9.740 motion=0.082 moving_avg=0.078 rms=0.100 mean_rms=0.125 max_rms=0.136 min_rms=0.100 std=0.010 var=0.000 state=standing thr=0.146/0.350/0.850
-6.38,26.12,299.38,0.8399,-0.2232,-0.0640,0.4905,-1.13,-4.17,8.60,0.62,2.50,-4.12,9.62,0,1.70,-0.0653,0.0624,49,0.821,0.000,0.00,0.00,38.208,0
-6.38,26.19,299.38,0.8397,-0.2238,-0.0642,0.4907,-1.08,-4.36,8.72,-5.75,0.12,11.31,9.81,0,1.70,-0.0655,0.0625,49,0.821,0.000,0.00,0.00,38.208,0
-6.44,26.38,299.50,0.8398,-0.2256,-0.0643,0.4896,-1.13,-4.39,8.66,-3.25,3.75,-0.12,9.77,0,1.70,-0.0658,0.0632,49,0.821,0.000,0.00,0.00,38.208,0
phase1 acc_mag=9.806 gravity=9.738 motion=0.068 moving_avg=0.080 rms=0.099 mean_rms=0.119 max_rms=0.136 min_rms=0.096 std=0.015 var=0.000 state=standing thr=0.149/0.350/0.850
-6.44,26.44,299.50,0.8400,-0.2259,-0.0647,0.4891,-1.09,-4.37,8.71,0.00,1.75,-3.25,9.81,0,1.70,-0.0659,0.0632,49,0.821,0.000,0.00,0.00,38.208,0
-6.50,26.38,299.25,0.8389,-0.2257,-0.0641,0.4910,-1.19,-4.31,8.71,3.12,4.38,-0.88,9.79,0,1.70,-0.0658,0.0632,49,0.821,0.000,0.00,0.00,38.208,0
-6.25,26.56,299.31,0.8387,-0.2263,-0.0670,0.4907,-1.20,-4.44,8.66,-1.25,-11.56,-5.12,9.81,0,1.70,-0.0669,0.0628,49,0.821,0.000,0.00,0.00,38.208,0
-6.38,26.62,299.19,0.8378,-0.2263,-0.0663,0.4924,-1.14,-4.29,8.64,7.44,-3.25,7.69,9.71,0,1.70,-0.0668,0.0628,49,0.821,0.000,0.00,0.00,38.208,0
phase1 acc_mag=9.845 gravity=9.738 motion=0.107 moving_avg=0.085 rms=0.103 mean_rms=0.113 max_rms=0.136 min_rms=0.096 std=0.014 var=0.000 state=standing thr=0.142/0.350/0.850
-6.38,26.25,299.00,0.8379,-0.2239,-0.0656,0.4934,-0.99,-4.23,8.65,1.00,-3.62,-2.50,9.68,0,1.70,-0.0662,0.0621,49,0.821,0.000,0.00,0.00,38.208,0
-6.25,26.19,298.94,0.8373,-0.2238,-0.0666,0.4943,-1.22,-4.57,8.80,-11.19,0.88,4.88,9.99,0,1.70,-0.0666,0.0618,49,0.821,0.000,0.00,0.00,38.208,0
-6.19,26.19,299.06,0.8384,-0.2227,-0.0667,0.4930,-1.10,-4.29,8.64,-0.75,-1.38,-1.00,9.71,0,1.70,-0.0663,0.0615,49,0.821,0.000,0.00,0.00,38.208,0
-6.12,26.31,299.00,0.8378,-0.2242,-0.0676,0.4933,-1.01,-4.32,8.67,-5.50,4.88,2.38,9.74,0,1.70,-0.0669,0.0618,49,0.821,0.000,0.00,0.00,38.208,0
phase1 acc_mag=9.652 gravity=9.729 motion=0.077 moving_avg=0.088 rms=0.107 mean_rms=0.108 max_rms=0.133 min_rms=0.096 std=0.010 var=0.000 state=standing thr=0.127/0.350/0.850
-6.25,26.44,299.00,0.8377,-0.2247,-0.0671,0.4932,-1.09,-4.35,8.64,-3.00,2.25,2.38,9.73,0,1.70,-0.0668,0.0621,49,0.821,0.000,0.00,0.00,38.208,0
-6.31,26.31,298.88,0.8378,-0.2242,-0.0664,0.4934,-1.07,-4.39,8.63,3.25,-1.75,-10.31,9.74,0,1.70,-0.0665,0.0620,49,0.821,0.000,0.00,0.00,38.208,0
-6.25,26.31,298.88,0.8375,-0.2242,-0.0666,0.4940,-1.07,-4.28,8.60,0.62,2.00,-0.25,9.67,0,1.70,-0.0666,0.0619,49,0.821,0.000,0.00,0.00,38.208,0
-6.12,26.56,298.69,0.8363,-0.2250,-0.0691,0.4952,-1.19,-4.51,8.66,2.50,-3.75,-3.62,9.84,0,1.70,-0.0677,0.0616,49,0.821,0.000,0.00,0.00,38.208,0
phase1 acc_mag=9.615 gravity=9.727 motion=0.112 moving_avg=0.083 rms=0.103 mean_rms=0.104 max_rms=0.111 min_rms=0.096 std=0.004 var=0.000 state=standing thr=0.111/0.350/0.850
-6.19,26.62,298.69,0.8356,-0.2259,-0.0687,0.4959,-1.03,-4.30,8.64,0.00,9.31,-3.75,9.71,0,1.70,-0.0678,0.0619,49,0.821,0.000,0.00,0.00,38.208,0
-6.38,26.62,298.50,0.8345,-0.2267,-0.0677,0.4977,-1.10,-4.37,8.66,-0.88,3.88,-6.25,9.76,0,1.70,-0.0677,0.0622,49,0.821,0.000,0.00,0.00,38.208,0
-6.38,26.50,298.25,0.8342,-0.2256,-0.0681,0.4985,-1.09,-4.29,8.63,-4.62,-15.12,-3.62,9.70,0,1.70,-0.0677,0.0617,49,0.821,0.000,0.00,0.00,38.208,0
-6.31,26.75,298.44,0.8346,-0.2275,-0.0690,0.4969,-1.09,-4.37,8.65,-1.88,0.00,-3.25,9.75,0,1.70,-0.0683,0.0622,49,0.821,0.000,0.00,0.00,38.208,0
phase1 acc_mag=9.763 gravity=9.725 motion=0.038 moving_avg=0.083 rms=0.105 mean_rms=0.103 max_rms=0.109 min_rms=0.096 std=0.003 var=0.000 state=standing thr=0.110/0.350/0.850
-6.25,26.81,298.19,0.8336,-0.2274,-0.0703,0.4986,-1.01,-4.28,8.61,3.38,0.88,3.12,9.67,0,1.70,-0.0688,0.0618,49,0.821,0.000,0.00,0.00,38.208,0
-6.19,26.75,298.25,0.8338,-0.2266,-0.0704,0.4985,-1.11,-4.24,8.55,3.12,-5.50,-1.75,9.61,0,1.70,-0.0687,0.0615,49,0.821,0.000,0.00,0.00,38.208,0
-6.19,26.69,298.50,0.8356,-0.2260,-0.0698,0.4958,-1.13,-4.44,8.70,1.00,-1.00,-3.00,9.83,0,1.70,-0.0681,0.0617,49,0.821,0.000,0.00,0.00,38.208,0
-5.94,26.62,298.81,0.8368,-0.2249,-0.0704,0.4943,-1.08,-4.39,8.67,1.50,-1.25,5.25,9.78,0,1.70,-0.0680,0.0613,49,0.821,0.000,0.00,0.00,38.208,0
phase1 acc_mag=9.620 gravity=9.727 motion=0.107 moving_avg=0.080 rms=0.100 mean_rms=0.105 max_rms=0.112 min_rms=0.100 std=0.002 var=0.000 state=standing thr=0.110/0.350/0.850
-6.00,26.44,299.00,0.8376,-0.2240,-0.0693,0.4933,-1.08,-4.41,8.66,8.44,1.00,-7.06,9.78,0,1.70,-0.0674,0.0614,49,0.821,0.000,0.00,0.00,38.208,0
-5.94,26.56,299.62,0.8404,-0.2247,-0.0691,0.4883,-1.09,-4.36,8.59,3.38,-4.50,-6.62,9.69,0,1.70,-0.0671,0.0620,49,0.821,0.000,0.00,0.00,38.208,0
-5.69,26.50,299.94,0.8417,-0.2238,-0.0699,0.4865,-1.05,-4.31,8.59,5.88,0.50,-11.94,9.67,0,1.70,-0.0671,0.0617,49,0.821,0.000,0.00,0.00,38.208,0
-5.75,26.25,300.00,0.8423,-0.2219,-0.0677,0.4865,-0.90,-4.16,8.55,2.25,0.88,6.75,9.55,0,1.70,-0.0660,0.0616,49,0.821,0.000,0.00,0.00,38.208,0
phase1 acc_mag=9.642 gravity=9.724 motion=0.082 moving_avg=0.074 rms=0.094 mean_rms=0.104 max_rms=0.112 min_rms=0.093 std=0.005 var=0.000 state=standing thr=0.113/0.350/0.850
-5.69,26.19,300.19,0.8435,-0.2212,-0.0682,0.4846,-1.09,-4.22,8.59,1.75,-2.38,-9.19,9.63,0,1.70,-0.0659,0.0614,49,0.821,0.000,0.00,0.00,38.208,0
-5.75,26.38,300.25,0.8436,-0.2238,-0.0677,0.4833,-1.19,-4.44,8.69,-2.75,8.06,-5.38,9.83,0,1.70,-0.0661,0.0624,49,0.821,0.000,0.00,0.00,38.208,0
-5.81,26.50,300.31,0.8433,-0.2242,-0.0681,0.4836,-1.02,-4.33,8.57,-1.75,-7.44,1.50,9.66,0,1.70,-0.0663,0.0625,49,0.821,0.000,0.00,0.00,38.208,0
phase1 acc_mag=9.748 gravity=9.726 motion=0.022 moving_avg=0.071 rms=0.089 mean_rms=0.100 max_rms=0.112 min_rms=0.089 std=0.007 var=0.000 state=standing thr=0.113/0.350/0.850
-5.88,26.62,300.25,0.8430,-0.2255,-0.0687,0.4836,-1.09,-4.36,8.65,0.75,-1.62,-6.25,9.75,0,1.70,-0.0668,0.0628,49,0.821,0.000,0.00,0.00,38.208,0
-5.88,26.69,300.19,0.8424,-0.2258,-0.0688,0.4844,-1.02,-4.36,8.72,-1.12,-7.19,-1.88,9.80,0,1.70,-0.0669,0.0627,49,0.821,0.000,0.00,0.00,38.208,0
-5.69,26.56,300.19,0.8428,-0.2241,-0.0697,0.4843,-1.04,-4.38,8.71,7.69,0.38,-4.88,9.80,0,1.70,-0.0669,0.0620,49,0.821,0.000,0.00,0.00,38.208,0
-5.69,26.56,300.19,0.8430,-0.2238,-0.0695,0.4842,-1.11,-4.42,8.68,3.62,-2.25,-1.50,9.80,0,1.70,-0.0668,0.0620,49,0.821,0.000,0.00,0.00,38.208,0
phase1 acc_mag=9.932 gravity=9.722 motion=0.210 moving_avg=0.074 rms=0.091 mean_rms=0.097 max_rms=0.112 min_rms=0.088 std=0.007 var=0.000 state=standing thr=0.112/0.350/0.850
-5.56,26.50,300.38,0.8436,-0.2233,-0.0703,0.4833,-1.15,-4.41,8.65,-4.88,-1.12,0.00,9.78,0,1.70,-0.0669,0.0617,49,0.821,0.000,0.00,0.00,38.208,0
-5.44,26.75,300.25,0.8427,-0.2247,-0.0723,0.4839,-0.83,-4.23,8.56,-13.31,-0.88,4.25,9.58,0,1.70,-0.0679,0.0618,49,0.821,0.000,0.00,0.00,38.208,0
-5.38,26.81,300.06,0.8419,-0.2248,-0.0737,0.4849,-1.13,-4.43,8.66,-7.19,-3.38,-0.62,9.79,0,1.70,-0.0684,0.0614,49,0.821,0.000,0.00,0.00,38.208,0
phase1 acc_mag=9.582 gravity=9.724 motion=0.142 moving_avg=0.072 rms=0.092 mean_rms=0.094 max_rms=0.112 min_rms=0.088 std=0.006 var=0.000 state=standing thr=0.107/0.350/0.850
-5.25,26.81,300.00,0.8415,-0.2241,-0.0747,0.4859,-0.91,-4.23,8.55,-2.25,-4.75,3.12,9.58,0,1.70,-0.0687,0.0609,49,0.821,0.000,0.00,0.00,38.208,0
-5.19,26.88,300.19,0.8424,-0.2245,-0.0750,0.4841,-1.00,-4.57,8.73,-4.12,-5.25,1.88,9.90,0,1.70,-0.0687,0.0612,49,0.821,0.000,0.00,0.00,38.208,0
-5.19,27.00,300.12,0.8419,-0.2250,-0.0756,0.4846,-1.11,-4.51,8.62,-1.00,2.75,3.75,9.79,0,1.70,-0.0691,0.0611,49,0.821,0.000,0.00,0.00,38.208,0
-5.19,27.06,300.25,0.8423,-0.2253,-0.0763,0.4836,-0.97,-4.36,8.68,-2.00,-8.56,1.00,9.76,0,1.70,-0.0693,0.0612,49,0.821,0.000,0.00,0.00,38.208,0
phase1 acc_mag=9.656 gravity=9.728 motion=0.073 moving_avg=0.070 rms=0.092 mean_rms=0.091 max_rms=0.101 min_rms=0.086 std=0.003 var=0.000 state=standing thr=0.096/0.350/0.850
-5.06,27.00,300.31,0.8427,-0.2247,-0.0761,0.4834,-0.91,-4.36,8.63,1.62,-7.56,-5.00,9.71,0,1.70,-0.0691,0.0610,49,0.821,0.000,0.00,0.00,38.208,0
-5.19,26.94,300.56,0.8435,-0.2248,-0.0749,0.4821,-0.90,-4.22,8.46,0.88,-4.62,4.75,9.50,0,1.70,-0.0686,0.0614,49,0.821,0.000,0.00,0.00,38.208,0
-5.12,26.94,300.62,0.8442,-0.2248,-0.0751,0.4808,-1.04,-4.29,8.63,1.12,-5.25,2.38,9.69,0,1.70,-0.0686,0.0615,49,0.821,0.000,0.00,0.00,38.208,0
-4.88,27.25,300.69,0.8438,-0.2264,-0.0779,0.4803,-0.91,-4.21,8.71,-8.31,-11.44,1.12,9.72,0,1.70,-0.0698,0.0614,49,0.821,0.000,0.00,0.00,38.208,0
phase1 acc_mag=10.041 gravity=9.731 motion=0.310 moving_avg=0.076 rms=0.103 mean_rms=0.091 max_rms=0.103 min_rms=0.086 std=0.004 var=0.000 state=slow thr=0.099/0.350/0.850
-4.81,27.62,301.00,0.8444,-0.2290,-0.0798,0.4776,-0.73,-4.37,8.77,-7.19,1.88,-5.12,9.83,0,1.70,-0.0707,0.0621,49,0.821,0.000,0.00,0.00,38.208,0
-4.94,27.56,301.06,0.8447,-0.2288,-0.0773,0.4777,-1.08,-4.28,8.30,-0.25,-1.88,1.88,9.40,0,1.70,-0.0698,0.0625,49,0.821,0.000,0.00,0.00,38.208,0
-5.12,27.25,300.81,0.8442,-0.2272,-0.0760,0.4794,-1.03,-4.40,8.58,4.75,-5.00,13.06,9.70,0,1.70,-0.0692,0.0621,49,0.821,0.000,0.00,0.00,38.208,0
-4.94,27.44,300.69,0.8435,-0.2280,-0.0781,0.4801,-0.85,-4.28,8.63,-0.25,-10.81,-6.88,9.67,0,1.70,-0.0701,0.0619,49,0.821,0.000,0.00,0.00,38.208,0
phase1 acc_mag=9.764 gravity=9.728 motion=0.036 moving_avg=0.098 rms=0.143 mean_rms=0.101 max_rms=0.143 min_rms=0.086 std=0.019 var=0.000 state=slow thr=0.138/0.350/0.850
-5.06,27.50,300.56,0.8429,-0.2286,-0.0778,0.4808,-1.02,-4.43,8.64,-4.88,-1.12,1.25,9.76,0,1.70,-0.0702,0.0621,49,0.821,0.000,0.00,0.00,38.208,0
-5.06,27.38,300.88,0.8445,-0.2281,-0.0769,0.4785,-0.93,-4.38,8.74,-13.19,-2.25,-6.62,9.82,0,1.70,-0.0696,0.0623,49,0.821,0.000,0.00,0.00,38.208,0
-4.88,27.12,301.06,0.8460,-0.2245,-0.0763,0.4775,-1.02,-4.21,8.56,10.44,-3.00,-2.50,9.59,0,1.70,-0.0687,0.0614,49,0.821,0.000,0.00,0.00,38.208,0
-4.75,26.75,301.19,0.8469,-0.2223,-0.0762,0.4769,-1.01,-4.11,8.49,-0.50,-0.62,-6.88,9.49,0,1.70,-0.0682,0.0608,49,0.821,0.000,0.00,0.00,38.208,0
phase1 acc_mag=9.757 gravity=9.731 motion=0.025 moving_avg=0.113 rms=0.161 mean_rms=0.113 max_rms=0.162 min_rms=0.086 std=0.027 var=0.001 state=standing thr=0.167/0.367/0.867
-4.69,26.69,301.00,0.8464,-0.2211,-0.0768,0.4783,-0.73,-4.20,8.57,0.88,-5.50,-4.50,9.57,0,1.70,-0.0683,0.0601,49,0.821,0.000,0.00,0.00,38.208,0
-5.00,26.69,300.69,0.8448,-0.2222,-0.0748,0.4810,-1.11,-4.21,8.64,-3.25,2.25,1.75,9.68,0,1.70,-0.0680,0.0607,49,0.821,0.000,0.00,0.00,38.208,0
-5.00,26.88,300.56,0.8441,-0.2237,-0.0758,0.4813,-1.11,-4.33,8.68,0.50,-2.25,-5.00,9.76,0,1.70,-0.0687,0.0609,49,0.821,0.000,0.00,0.00,38.208,0
-5.00,26.69,300.25,0.8431,-0.2225,-0.0756,0.4837,-1.08,-4.42,8.86,-0.75,-2.38,-2.00,9.96,0,1.70,-0.0685,0.0604,49,0.821,0.000,0.00,0.00,38.208,0
phase1 acc_mag=9.650 gravity=9.733 motion=0.083 moving_avg=0.118 rms=0.164 mean_rms=0.128 max_rms=0.165 min_rms=0.086 std=0.030 var=0.001 state=standing thr=0.188/0.388/0.888
-4.69,26.69,300.00,0.8420,-0.2208,-0.0787,0.4859,-0.89,-4.20,8.49,-1.12,-0.25,7.31,9.51,0,1.70,-0.0694,0.0591,49,0.821,0.000,0.00,0.00,38.208,0
-4.50,26.81,299.94,0.8418,-0.2204,-0.0811,0.4860,-0.79,-4.53,8.70,-0.38,-4.00,4.50,9.84,0,1.70,-0.0701,0.0585,49,0.821,0.000,0.00,0.00,38.208,0
-4.38,26.62,299.94,0.8417,-0.2195,-0.0815,0.4866,-0.92,-4.31,8.63,-8.69,-0.75,0.12,9.69,0,1.70,-0.0702,0.0580,49,0.821,0.000,0.00,0.00,38.208,0
-4.25,26.81,299.88,0.8413,-0.2198,-0.0828,0.4868,-0.93,-4.57,8.73,0.88,0.38,10.06,9.90,0,1.70,-0.0707,0.0579,49,0.821,0.000,0.00,0.00,38.208,0
phase1 acc_mag=9.645 gravity=9.724 motion=0.079 moving_avg=0.123 rms=0.166 mean_rms=0.143 max_rms=0.169 min_rms=0.090 std=0.026 var=0.001 state=standing thr=0.196/0.396/0.896
-4.44,26.94,299.75,0.8405,-0.2211,-0.0820,0.4877,-0.72,-4.26,8.62,-0.62,3.75,3.38,9.64,0,1.70,-0.0707,0.0583,49,0.821,0.000,0.00,0.00,38.208,0
-4.44,26.94,299.81,0.8417,-0.2209,-0.0815,0.4860,-0.96,-4.35,8.74,5.38,1.25,1.00,9.81,0,1.70,-0.0704,0.0585,49,0.821,0.000,0.00,0.00,38.208,0
-4.44,26.81,300.06,0.8422,-0.2205,-0.0809,0.4854,-0.86,-4.32,8.65,1.12,3.75,-1.88,9.71,0,1.70,-0.0700,0.0586,49,0.821,0.000,0.00,0.00,38.208,0
-4.56,26.81,300.19,0.8427,-0.2213,-0.0799,0.4843,-1.00,-4.51,8.72,-2.38,-1.12,5.62,9.87,0,1.70,-0.0698,0.0591,49,0.821,0.000,0.00,0.00,38.208,0
phase1 acc_mag=9.676 gravity=9.728 motion=0.052 moving_avg=0.120 rms=0.163 mean_rms=0.158 max_rms=0.169 min_rms=0.104 std=0.012 var=0.000 state=standing thr=0.182/0.382/0.882
-4.69,27.06,300.38,0.8430,-0.2239,-0.0790,0.4826,-0.83,-4.26,8.61,-4.75,7.56,-7.69,9.64,0,1.70,-0.0699,0.0602,49,0.821,0.000,0.00,0.00,38.208,0
-5.00,27.25,300.06,0.8418,-0.2258,-0.0788,0.4839,-0.85,-4.50,8.84,0.38,-3.62,-10.06,9.96,0,1.70,-0.0702,0.0608,49,0.821,0.000,0.00,0.00,38.208,0
-4.88,27.19,300.44,0.8430,-0.2253,-0.0784,0.4821,-1.08,-4.44,8.53,2.12,0.62,-10.06,9.68,0,1.70,-0.0699,0.0609,49,0.821,0.000,0.00,0.00,38.208,0
-4.62,27.00,300.44,0.8431,-0.2234,-0.0796,0.4825,-0.75,-4.07,8.63,-6.62,-3.62,5.25,9.57,0,1.70,-0.0700,0.0600,49,0.821,0.000,0.00,0.00,38.208,0
phase1 acc_mag=9.581 gravity=9.729 motion=0.149 moving_avg=0.109 rms=0.139 mean_rms=0.158 max_rms=0.169 min_rms=0.133 std=0.012 var=0.000 state=standing thr=0.181/0.381/0.881
-4.62,27.06,300.31,0.8428,-0.2232,-0.0801,0.4832,-1.03,-4.49,8.81,0.38,-7.06,5.50,9.94,0,1.70,-0.0701,0.0598,49,0.821,0.000,0.00,0.00,38.208,0
-4.50,27.12,300.31,0.8428,-0.2232,-0.0812,0.4831,-0.87,-4.21,8.49,-6.50,-2.00,6.00,9.52,0,1.70,-0.0705,0.0595,49,0.821,0.000,0.00,0.00,38.208,0
-4.69,27.12,300.12,0.8418,-0.2239,-0.0803,0.4846,-1.02,-4.42,8.76,0.12,0.75,11.94,9.86,0,1.70,-0.0704,0.0598,49,0.821,0.000,0.00,0.00,38.208,0
phase1 acc_mag=9.818 gravity=9.735 motion=0.083 moving_avg=0.096 rms=0.120 mean_rms=0.152 max_rms=0.169 min_rms=0.120 std=0.017 var=0.000 state=standing thr=0.186/0.386/0.886
-4.62,26.94,300.12,0.8422,-0.2225,-0.0797,0.4846,-0.85,-4.45,8.71,2.50,1.25,5.12,9.82,0,1.70,-0.0700,0.0595,49,0.821,0.000,0.00,0.00,38.208,0
-4.69,26.75,299.94,0.8417,-0.2214,-0.0798,0.4859,-0.87,-4.37,8.77,1.38,-0.62,2.25,9.84,0,1.70,-0.0699,0.0590,49,0.821,0.000,0.00,0.00,38.208,0
-4.75,26.75,299.81,0.8416,-0.2213,-0.0786,0.4865,-0.60,-4.18,8.75,3.62,3.62,-7.56,9.72,0,1.70,-0.0695,0.0592,49,0.821,0.000,0.00,0.00,38.208,0
-4.75,26.94,299.88,0.8411,-0.2225,-0.0795,0.4866,-0.98,-4.23,8.66,-7.19,-0.88,8.69,9.69,0,1.70,-0.0700,0.0594,49,0.821,0.000,0.00,0.00,38.208,0
phase1 acc_mag=9.711 gravity=9.734 motion=0.023 moving_avg=0.088 rms=0.109 mean_rms=0.143 max_rms=0.169 min_rms=0.109 std=0.021 var=0.000 state=standing thr=0.184/0.384/0.884
-4.75,26.81,299.81,0.8408,-0.2220,-0.0787,0.4874,-1.02,-4.32,8.70,6.50,-0.25,1.50,9.77,0,1.70,-0.0697,0.0593,49,0.821,0.000,0.00,0.00,38.208,0
-4.81,27.00,299.69,0.8400,-0.2242,-0.0790,0.4879,-0.93,-4.27,8.56,-4.62,7.31,4.88,9.61,0,1.70,-0.0703,0.0599,49,0.821,0.000,0.00,0.00,38.208,0
-5.06,27.00,299.75,0.8403,-0.2245,-0.0773,0.4872,-0.85,-4.58,8.77,-2.88,7.81,3.25,9.93,0,1.70,-0.0698,0.0604,49,0.821,0.000,0.00,0.00,38.208,0
-5.38,26.94,299.81,0.8406,-0.2258,-0.0735,0.4868,-0.72,-4.38,8.60,3.38,12.06,2.25,9.68,0,1.70,-0.0687,0.0616,49,0.821,0.000,0.00,0.00,38.208,0
phase1 acc_mag=9.481 gravity=9.736 motion=0.255 moving_avg=0.099 rms=0.122 mean_rms=0.132 max_rms=0.168 min_rms=0.107 std=0.019 var=0.000 state=standing thr=0.170/0.370/0.870
-6.00,26.62,299.94,0.8413,-0.2261,-0.0685,0.4861,-1.45,-3.93,8.67,5.75,5.00,-12.94,9.63,0,1.70,-0.0670,0.0628,49,0.821,0.000,0.00,0.00,38.208,0
-5.69,26.75,299.81,0.8409,-0.2253,-0.0710,0.4870,-1.14,-4.59,8.67,3.62,-12.44,2.88,9.88,0,1.70,-0.0678,0.0619,49,0.821,0.000,0.00,0.00,38.208,0
-5.38,26.75,299.94,0.8415,-0.2244,-0.0735,0.4859,-1.00,-4.39,8.64,1.75,-2.25,-12.56,9.74,0,1.70,-0.0683,0.0612,49,0.821,0.000,0.00,0.00,38.208,0
-5.62,26.38,300.25,0.8433,-0.2233,-0.0684,0.4840,-0.58,-3.70,8.33,0.25,13.44,0.38,9.13,0,1.70,-0.0663,0.0621,49,0.821,0.000,0.00,0.00,38.208,0
phase1 acc_mag=9.575 gravity=9.725 motion=0.150 moving_avg=0.108 rms=0.139 mean_rms=0.123 max_rms=0.141 min_rms=0.107 std=0.010 var=0.000 state=standing thr=0.142/0.350/0.850
-6.12,26.31,300.38,0.8439,-0.2242,-0.0647,0.4831,-1.18,-4.31,8.88,5.50,1.62,4.62,9.94,0,1.70,-0.0652,0.0632,49,0.821,0.000,0.00,0.00,38.208,0
-6.06,26.44,300.81,0.8453,-0.2256,-0.0651,0.4800,-1.15,-4.22,8.67,-6.62,-1.00,3.12,9.71,0,1.70,-0.0653,0.0638,49,0.821,0.000,0.00,0.00,38.208,0
-6.25,26.56,300.44,0.8437,-0.2266,-0.0646,0.4824,-1.42,-4.68,8.89,4.12,-5.00,8.06,10.15,0,1.70,-0.0655,0.0640,49,0.821,0.000,0.00,0.00,38.208,0
phase1 acc_mag=9.701 gravity=9.731 motion=0.030 moving_avg=0.108 rms=0.144 mean_rms=0.124 max_rms=0.146 min_rms=0.107 std=0.011 var=0.000 state=standing thr=0.147/0.350/0.850
-6.50,26.38,300.19,0.8431,-0.2261,-0.0626,0.4838,-1.25,-4.37,8.57,-1.00,6.75,9.44,9.70,0,1.70,-0.0649,0.0642,49,0.821,0.000,0.00,0.00,38.208,0
-6.50,25.81,300.00,0.8431,-0.2217,-0.0596,0.4863,-1.15,-4.06,8.76,10.31,6.12,0.25,9.72,0,1.70,-0.0632,0.0632,49,0.821,0.000,0.00,0.00,38.208,0
-6.81,25.25,300.06,0.8441,-0.2193,-0.0558,0.4861,-1.09,-4.11,8.71,15.38,8.69,-3.62,9.69,0,1.70,-0.0615,0.0632,49,0.821,0.000,0.00,0.00,38.208,0
-7.06,25.06,300.31,0.8455,-0.2182,-0.0517,0.4845,-1.29,-4.23,8.74,15.00,2.62,-2.50,9.80,0,1.70,-0.0598,0.0638,49,0.821,0.000,0.00,0.00,38.208,0
phase1 acc_mag=9.746 gravity=9.738 motion=0.008 moving_avg=0.107 rms=0.143 mean_rms=0.128 max_rms=0.146 min_rms=0.107 std=0.013 var=0.000 state=standing thr=0.154/0.354/0.854
-7.00,24.81,300.00,0.8444,-0.2168,-0.0523,0.4871,-1.13,-4.02,8.60,4.25,-5.25,6.75,9.56,0,1.70,-0.0599,0.0630,49,0.821,0.000,0.00,0.00,38.208,0
-6.88,24.88,299.69,0.8428,-0.2161,-0.0551,0.4899,-1.25,-4.13,8.70,-0.75,-6.12,5.75,9.71,0,1.70,-0.0609,0.0621,49,0.821,0.000,0.00,0.00,38.208,0
-6.81,24.94,299.25,0.8411,-0.2166,-0.0561,0.4924,-1.23,-4.09,8.69,-1.12,-5.62,9.69,9.68,0,1.70,-0.0615,0.0618,49,0.821,0.000,0.00,0.00,38.208,0
-6.81,24.94,299.06,0.8398,-0.2169,-0.0563,0.4944,-1.06,-4.03,8.68,-4.50,2.38,8.31,9.63,0,1.70,-0.0618,0.0617,49,0.821,0.000,0.00,0.00,38.208,0
phase1 acc_mag=9.779 gravity=9.727 motion=0.052 moving_avg=0.111 rms=0.146 mean_rms=0.133 max_rms=0.146 min_rms=0.107 std=0.013 var=0.000 state=standing thr=0.159/0.359/0.859
-6.81,25.00,298.94,0.8395,-0.2166,-0.0565,0.4950,-1.16,-4.04,8.68,5.00,0.38,2.38,9.64,0,1.70,-0.0618,0.0616,49,0.821,0.000,0.00,0.00,38.208,0
-6.69,24.88,298.81,0.8392,-0.2151,-0.0573,0.4961,-1.11,-4.11,8.80,5.38,-13.06,2.12,9.78,0,1.70,-0.0619,0.0609,49,0.821,0.000,0.00,0.00,38.208,0
-6.50,24.88,298.75,0.8392,-0.2139,-0.0596,0.4964,-1.11,-4.05,8.67,8.31,0.00,4.62,9.63,0,1.70,-0.0625,0.0600,49,0.821,0.000,0.00,0.00,38.208,0
-6.38,25.12,298.62,0.8383,-0.2158,-0.0612,0.4969,-1.13,-4.16,8.71,-3.25,3.00,-3.12,9.72,0,1.70,-0.0634,0.0602,49,0.821,0.000,0.00,0.00,38.208,0
phase1 acc_mag=9.848 gravity=9.724 motion=0.124 moving_avg=0.099 rms=0.134 mean_rms=0.139 max_rms=0.146 min_rms=0.119 std=0.008 var=0.000 state=standing thr=0.155/0.355/0.855
-6.38,25.00,298.62,0.8384,-0.2148,-0.0610,0.4971,-1.05,-4.08,8.60,5.12,-1.88,-7.06,9.58,0,1.70,-0.0632,0.0599,49,0.821,0.000,0.00,0.00,38.208,0
-6.25,25.06,298.81,0.8391,-0.2143,-0.0615,0.4963,-1.25,-4.25,8.71,7.44,-2.12,7.81,9.77,0,1.70,-0.0632,0.0597,49,0.821,0.000,0.00,0.00,38.208,0
-6.44,25.19,298.81,0.8389,-0.2166,-0.0609,0.4955,-1.25,-4.42,8.78,-1.12,0.88,-1.88,9.91,0,1.70,-0.0634,0.0606,49,0.821,0.000,0.00,0.00,38.208,0
-6.56,25.25,298.88,0.8384,-0.2179,-0.0608,0.4959,-1.17,-4.26,8.69,-2.25,1.25,-1.38,9.75,0,1.70,-0.0636,0.0610,49,0.821,0.000,0.00,0.00,38.208,0
phase1 acc_mag=9.793 gravity=9.720 motion=0.072 moving_avg=0.085 rms=0.108 mean_rms=0.139 max_rms=0.146 min_rms=0.108 std=0.008 var=0.000 state=standing thr=0.155/0.355/0.855
-6.50,25.44,298.62,0.8376,-0.2184,-0.0619,0.4969,-1.25,-4.33,8.77,-1.38,-5.62,2.25,9.86,0,1.70,-0.0641,0.0609,49,0.821,0.000,0.00,0.00,38.208,0
-6.62,25.56,298.50,0.8365,-0.2205,-0.0615,0.4978,-1.20,-4.18,8.72,-9.06,1.38,1.50,9.74,0,1.70,-0.0645,0.0615,49,0.821,0.000,0.00,0.00,38.208,0
-6.62,25.69,298.50,0.8366,-0.2206,-0.0618,0.4976,-1.15,-4.21,8.62,-1.12,1.00,-0.50,9.66,0,1.70,-0.0646,0.0615,49,0.821,0.000,0.00,0.00,38.208,0
-6.44,25.94,298.38,0.8356,-0.2222,-0.0648,0.4982,-1.04,-4.30,8.66,-2.12,5.88,0.25,9.72,0,1.70,-0.0659,0.0613,49,0.821,0.000,0.00,0.00,38.208,0
phase1 acc_mag=9.848 gravity=9.718 motion=0.130 moving_avg=0.076 rms=0.092 mean_rms=0.130 max_rms=0.146 min_rms=0.092 std=0.017 var=0.000 state=standing thr=0.165/0.365/0.865
-6.56,25.94,297.94,0.8338,-0.2220,-0.0645,0.5013,-1.12,-4.27,8.71,2.75,1.25,4.25,9.76,0,1.70,-0.0660,0.0611,49,0.821,0.000,0.00,0.00,38.208,0
-6.38,25.94,298.06,0.8340,-0.2208,-0.0663,0.5012,-1.16,-4.35,8.69,1.12,-1.12,-6.12,9.79,0,1.70,-0.0664,0.0604,49,0.821,0.000,0.00,0.00,38.208,0
-6.31,26.00,297.94,0.8343,-0.2208,-0.0671,0.5007,-1.12,-4.41,8.75,2.88,-2.62,-7.94,9.86,0,1.70,-0.0666,0.0602,49,0.821,0.000,0.00,0.00,38.208,0
phase1 acc_mag=9.638 gravity=9.729 motion=0.091 moving_avg=0.079 rms=0.096 mean_rms=0.120 max_rms=0.146 min_rms=0.092 std=0.020 var=0.000 state=standing thr=0.161/0.361/0.861
-6.06,26.06,298.06,0.8344,-0.2211,-0.0685,0.5002,-1.02,-4.25,8.59,-1.25,0.75,3.62,9.64,0,1.70,-0.0671,0.0601,49,0.821,0.000,0.00,0.00,38.208,0
-6.19,26.00,297.94,0.8343,-0.2205,-0.0681,0.5007,-1.02,-4.31,8.65,-0.12,-4.38,14.25,9.72,0,1.70,-0.0669,0.0600,49,0.821,0.000,0.00,0.00,38.208,0
-5.88,26.12,298.19,0.8348,-0.2205,-0.0705,0.4995,-1.01,-4.28,8.61,-4.12,-5.88,0.50,9.67,0,1.70,-0.0676,0.0595,49,0.821,0.000,0.00,0.00,38.208,0
-5.81,26.50,298.38,0.8348,-0.2233,-0.0714,0.4982,-1.15,-4.40,8.59,-4.12,-0.25,-9.44,9.72,0,1.70,-0.0683,0.0603,49,0.821,0.000,0.00,0.00,38.208,0
phase1 acc_mag=9.708 gravity=9.739 motion=0.030 moving_avg=0.073 rms=0.090 mean_rms=0.110 max_rms=0.144 min_rms=0.090 std=0.018 var=0.000 state=standing thr=0.147/0.350/0.850
-5.81,26.62,298.19,0.8342,-0.2237,-0.0730,0.4988,-1.17,-4.39,8.62,-5.62,1.75,-4.88,9.74,0,1.70,-0.0690,0.0601,49,0.821,0.000,0.00,0.00,38.208,0
-5.94,26.44,298.31,0.8348,-0.2229,-0.0713,0.4984,-1.12,-4.41,8.60,1.75,3.75,1.38,9.73,0,1.70,-0.0682,0.0602,49,0.821,0.000,0.00,0.00,38.208,0
-5.75,26.62,298.25,0.8343,-0.2240,-0.0733,0.4984,-1.34,-4.59,8.74,0.00,-3.62,6.50,9.96,0,1.70,-0.0691,0.0601,49,0.821,0.000,0.00,0.00,38.208,0
phase1 acc_mag=9.786 gravity=9.742 motion=0.044 moving_avg=0.075 rms=0.094 mean_rms=0.100 max_rms=0.133 min_rms=0.089 std=0.012 var=0.000 state=standing thr=0.124/0.350/0.850
-5.75,26.69,298.25,0.8342,-0.2239,-0.0735,0.4986,-1.07,-4.45,8.65,6.25,4.12,-0.25,9.79,0,1.70,-0.0692,0.0601,49,0.821,0.000,0.00,0.00,38.208,0
-5.56,26.75,298.19,0.8340,-0.2237,-0.0752,0.4988,-1.00,-4.36,8.57,7.94,-2.38,-1.38,9.67,0,1.70,-0.0697,0.0596,49,0.821,0.000,0.00,0.00,38.208,0
-5.50,26.50,298.25,0.8345,-0.2216,-0.0751,0.4989,-1.09,-4.50,8.65,-3.25,-2.38,0.25,9.81,0,1.70,-0.0693,0.0590,49,0.821,0.000,0.00,0.00,38.208,0
-5.44,26.62,298.06,0.8336,-0.2219,-0.0763,0.5000,-1.13,-4.52,8.59,3.75,-7.44,2.12,9.77,0,1.70,-0.0698,0.0587,49,0.821,0.000,0.00,0.00,38.208,0
phase1 acc_mag=9.717 gravity=9.738 motion=0.021 moving_avg=0.073 rms=0.092 mean_rms=0.095 max_rms=0.108 min_rms=0.089 std=0.004 var=0.000 state=standing thr=0.102/0.350/0.850
-5.31,26.56,298.06,0.8337,-0.2211,-0.0770,0.5002,-1.09,-4.37,8.61,-7.31,-12.44,-3.12,9.72,0,1.70,-0.0699,0.0583,49,0.821,0.000,0.00,0.00,38.208,0
-5.31,26.56,297.81,0.8329,-0.2209,-0.0771,0.5016,-1.02,-4.42,8.60,4.38,3.50,-1.50,9.72,0,1.70,-0.0700,0.0581,49,0.821,0.000,0.00,0.00,38.208,0
-5.38,26.62,297.62,0.8316,-0.2217,-0.0775,0.5033,-1.10,-4.34,8.67,-6.62,-6.50,5.88,9.76,0,1.70,-0.0704,0.0582,49,0.821,0.000,0.00,0.00,38.208,0
-5.25,26.62,298.00,0.8336,-0.2213,-0.0778,0.5000,-0.90,-4.32,8.62,-0.62,-1.12,-7.44,9.68,0,1.70,-0.0702,0.0582,49,0.821,0.000,0.00,0.00,38.208,0
phase1 acc_mag=9.607 gravity=9.733 motion=0.126 moving_avg=0.071 rms=0.088 mean_rms=0.093 max_rms=0.098 min_rms=0.088 std=0.002 var=0.000 state=standing thr=0.097/0.350/0.850
-5.12,26.62,298.12,0.8340,-0.2208,-0.0782,0.4995,-0.99,-4.33,8.68,5.88,-0.75,-11.06,9.75,0,1.70,-0.0702,0.0580,49,0.821,0.000,0.00,0.00,38.208,0
-5.25,26.44,298.19,0.8346,-0.2201,-0.0766,0.4991,-1.05,-4.50,8.60,11.69,7.56,0.50,9.76,0,1.70,-0.0695,0.0582,49,0.821,0.000,0.00,0.00,38.208,0
-5.06,26.50,298.44,0.8351,-0.2209,-0.0778,0.4977,-1.02,-4.54,8.72,-7.69,5.75,8.94,9.88,0,1.70,-0.0700,0.0583,49,0.821,0.000,0.00,0.00,38.208,0
phase1 acc_mag=9.740 gravity=9.736 motion=0.005 moving_avg=0.068 rms=0.086 mean_rms=0.091 max_rms=0.095 min_rms=0.084 std=0.003 var=0.000 state=standing thr=0.097/0.350/0.850
-5.00,26.56,298.56,0.8359,-0.2200,-0.0783,0.4966,-0.88,-4.43,8.63,5.88,-0.12,-0.62,9.74,0,1.70,-0.0699,0.0580,49,0.821,0.000,0.00,0.00,38.208,0
-4.94,26.62,298.81,0.8367,-0.2212,-0.0782,0.4949,-0.95,-4.38,8.64,-0.62,1.00,-3.75,9.73,0,1.70,-0.0700,0.0585,49,0.821,0.000,0.00,0.00,38.208,0
-5.12,26.62,298.56,0.8358,-0.2212,-0.0778,0.4965,-0.95,-4.34,8.69,1.75,3.00,-4.50,9.76,0,1.70,-0.0699,0.0585,49,0.821,0.000,0.00,0.00,38.208,0
-4.88,26.81,298.62,0.8360,-0.2214,-0.0803,0.4956,-0.84,-4.36,8.58,-1.50,0.50,-8.44,9.66,0,1.70,-0.0708,0.0581,49,0.821,0.000,0.00,0.00,38.208,0
phase1 acc_mag=9.778 gravity=9.729 motion=0.049 moving_avg=0.074 rms=0.091 mean_rms=0.090 max_rms=0.095 min_rms=0.084 std=0.003 var=0.000 state=standing thr=0.096/0.350/0.850
-4.94,26.88,298.69,0.8356,-0.2230,-0.0806,0.4955,-0.90,-4.42,8.60,-12.81,-3.00,2.75,9.71,0,1.70,-0.0711,0.0585,49,0.821,0.000,0.00,0.00,38.208,0
-4.81,26.62,298.69,0.8364,-0.2199,-0.0799,0.4956,-1.17,-4.14,8.71,1.88,-4.25,4.62,9.71,0,1.70,-0.0703,0.0577,49,0.821,0.000,0.00,0.00,38.208,0
-4.88,26.75,298.50,0.8351,-0.2207,-0.0803,0.4975,-1.15,-4.39,8.51,-2.00,2.62,2.62,9.64,0,1.70,-0.0708,0.0577,49,0.821,0.000,0.00,0.00,38.208,0
-4.62,26.62,297.94,0.8334,-0.2185,-0.0824,0.5010,-0.66,-4.81,8.97,4.38,-3.75,7.94,10.20,0,1.70,-0.0713,0.0563,49,0.821,0.000,0.00,0.00,38.208,0
phase1 acc_mag=9.798 gravity=9.730 motion=0.069 moving_avg=0.076 rms=0.102 mean_rms=0.090 max_rms=0.102 min_rms=0.084 std=0.003 var=0.000 state=slow thr=0.097/0.350/0.850
-4.50,26.62,297.44,0.8310,-0.2175,-0.0845,0.5050,-0.78,-4.43,8.57,5.50,-3.50,2.62,9.68,0,1.70,-0.0720,0.0552,49,0.821,0.000,0.00,0.00,38.208,0
-4.62,26.50,297.00,0.8295,-0.2169,-0.0836,0.5078,-0.53,-4.23,8.60,11.56,4.12,9.44,9.60,0,1.70,-0.0718,0.0550,49,0.821,0.000,0.00,0.00,38.208,0
-4.88,26.38,297.06,0.8298,-0.2173,-0.0808,0.5076,-1.02,-4.39,8.68,4.50,3.88,-0.62,9.78,0,1.70,-0.0709,0.0557,49,0.821,0.000,0.00,0.00,38.208,0
-4.75,26.44,297.00,0.8294,-0.2167,-0.0820,0.5082,-0.96,-4.37,8.75,-1.00,-2.50,-1.25,9.83,0,1.70,-0.0713,0.0552,49,0.821,0.000,0.00,0.00,38.208,0
phase1 acc_mag=9.911 gravity=9.741 motion=0.170 moving_avg=0.079 rms=0.104 mean_rms=0.093 max_rms=0.104 min_rms=0.084 std=0.006 var=0.000 state=standing thr=0.105/0.350/0.850
-4.88,26.31,296.50,0.8275,-0.2164,-0.0822,0.5116,-0.87,-4.44,8.64,2.12,-9.94,13.44,9.75,0,1.70,-0.0715,0.0548,49,0.821,0.000,0.00,0.00,38.208,0
-5.00,26.38,296.44,0.8269,-0.2170,-0.0814,0.5123,-0.86,-4.22,8.65,-3.25,-0.25,3.62,9.66,0,1.70,-0.0714,0.0551,49,0.821,0.000,0.00,0.00,38.208,0
-5.12,26.38,296.50,0.8273,-0.2177,-0.0805,0.5117,-0.86,-4.18,8.58,5.00,0.62,-9.81,9.58,0,1.70,-0.0712,0.0555,49,0.821,0.000,0.00,0.00,38.208,0
phase1 acc_mag=9.856 gravity=9.738 motion=0.118 moving_avg=0.080 rms=0.106 mean_rms=0.095 max_rms=0.106 min_rms=0.084 std=0.008 var=0.000 state=standing thr=0.111/0.350/0.850
-5.19,26.56,296.62,0.8273,-0.2195,-0.0803,0.5107,-1.09,-4.52,8.69,4.25,6.62,-3.62,9.86,0,1.70,-0.0714,0.0562,49,0.821,0.000,0.00,0.00,38.208,0
-4.88,26.94,296.38,0.8259,-0.2208,-0.0850,0.5118,-0.84,-4.34,8.62,-5.62,0.25,0.88,9.69,0,1.70,-0.0733,0.0555,49,0.821,0.000,0.00,0.00,38.208,0
-4.94,27.12,296.50,0.8259,-0.2226,-0.0857,0.5109,-0.42,-4.02,8.44,-2.75,-4.62,3.00,9.36,0,1.70,-0.0738,0.0560,49,0.821,0.000,0.00,0.00,38.208,0
-5.12,27.31,296.75,0.8267,-0.2250,-0.0844,0.5087,-1.06,-4.59,8.59,-2.50,10.56,-14.50,9.80,0,1.70,-0.0737,0.0572,49,0.821,0.000,0.00,0.00,38.208,0
phase1 acc_mag=9.765 gravity=9.725 motion=0.040 moving_avg=0.092 rms=0.121 mean_rms=0.101 max_rms=0.122 min_rms=0.088 std=0.009 var=0.000 state=slow thr=0.120/0.350/0.850
-5.00,27.25,296.81,0.8268,-0.2239,-0.0853,0.5089,-0.97,-4.53,8.59,-2.38,-5.50,3.88,9.76,0,1.70,-0.0738,0.0567,49,0.821,0.000,0.00,0.00,38.208,0
-4.81,27.12,297.19,0.8291,-0.2226,-0.0851,0.5058,-0.80,-4.46,8.55,-0.38,7.31,-9.44,9.68,0,1.70,-0.0733,0.0566,49,0.821,0.000,0.00,0.00,38.208,0
-5.06,27.38,297.31,0.8290,-0.2255,-0.0836,0.5049,-0.88,-4.61,8.57,-4.62,-2.88,9.31,9.77,0,1.70,-0.0732,0.0579,49,0.821,0.000,0.00,0.00,38.208,0
-5.00,27.38,297.75,0.8312,-0.2255,-0.0832,0.5014,-1.00,-4.41,8.61,0.00,1.25,-5.62,9.73,0,1.70,-0.0729,0.0583,49,0.821,0.000,0.00,0.00,38.208,0
phase1 acc_mag=9.743 gravity=9.728 motion=0.015 moving_avg=0.095 rms=0.122 mean_rms=0.108 max_rms=0.123 min_rms=0.088 std=0.010 var=0.000 state=standing thr=0.129/0.350/0.850
-5.06,27.25,297.81,0.8317,-0.2256,-0.0812,0.5009,-0.97,-4.42,8.60,1.12,11.31,-1.25,9.72,0,1.70,-0.0722,0.0588,49,0.821,0.000,0.00,0.00,38.208,0
-5.12,27.44,298.00,0.8321,-0.2268,-0.0821,0.4995,-1.03,-4.76,8.71,-0.75,-0.75,-5.62,9.98,0,1.70,-0.0726,0.0591,49,0.821,0.000,0.00,0.00,38.208,0
-5.31,27.50,298.06,0.8326,-0.2285,-0.0805,0.4981,-1.08,-4.62,8.76,2.25,-1.12,-2.38,9.96,0,1.70,-0.0723,0.0601,49,0.821,0.000,0.00,0.00,38.208,0
phase1 acc_mag=9.797 gravity=9.734 motion=0.063 moving_avg=0.085 rms=0.107 mean_rms=0.112 max_rms=0.123 min_rms=0.103 std=0.008 var=0.000 state=standing thr=0.128/0.350/0.850
-5.31,27.31,298.19,0.8329,-0.2269,-0.0801,0.4983,-0.95,-4.54,8.63,7.56,-2.38,2.62,9.80,0,1.70,-0.0719,0.0596,49,0.821,0.000,0.00,0.00,38.208,0
-4.88,27.25,298.31,0.8339,-0.2245,-0.0824,0.4975,-0.93,-4.56,8.60,2.62,-7.31,-6.50,9.78,0,1.70,-0.0722,0.0585,49,0.821,0.000,0.00,0.00,38.208,0
-4.69,27.06,298.62,0.8362,-0.2219,-0.0822,0.4948,-0.81,-4.39,8.46,9.19,6.25,-8.31,9.57,0,1.70,-0.0714,0.0580,49,0.821,0.000,0.00,0.00,38.208,0
-4.88,26.94,298.94,0.8369,-0.2228,-0.0803,0.4935,-0.99,-4.52,8.74,-5.12,-1.12,-2.25,9.89,0,1.70,-0.0709,0.0587,49,0.821,0.000,0.00,0.00,38.208,0
phase1 acc_mag=9.698 gravity=9.724 motion=0.027 moving_avg=0.086 rms=0.110 mean_rms=0.113 max_rms=0.123 min_rms=0.104 std=0.007 var=0.000 state=standing thr=0.127/0.350/0.850
-4.88,27.00,298.69,0.8358,-0.2222,-0.0804,0.4956,-1.02,-4.30,8.54,4.00,1.25,4.25,9.62,0,1.70,-0.0709,0.0583,49,0.821,0.000,0.00,0.00,38.208,0
-4.81,26.88,298.50,0.8354,-0.2215,-0.0822,0.4962,-0.68,-4.39,8.62,-0.75,-5.88,-9.94,9.70,0,1.70,-0.0714,0.0577,49,0.821,0.000,0.00,0.00,38.208,0
-4.81,26.94,298.56,0.8353,-0.2224,-0.0814,0.4962,-0.84,-4.39,8.64,2.75,0.00,0.75,9.73,0,1.70,-0.0713,0.0581,49,0.821,0.000,0.00,0.00,38.208,0
-4.88,27.00,298.56,0.8355,-0.2232,-0.0811,0.4955,-0.91,-4.26,8.64,-0.75,4.50,-6.25,9.68,0,1.70,-0.0713,0.0585,49,0.821,0.000,0.00,0.00,38.208,0
phase1 acc_mag=9.697 gravity=9.725 motion=0.028 moving_avg=0.084 rms=0.108 mean_rms=0.114 max_rms=0.123 min_rms=0.105 std=0.006 var=0.000 state=standing thr=0.126/0.350/0.850
-4.81,26.94,298.56,0.8354,-0.2225,-0.0813,0.4960,-0.96,-4.56,8.73,2.75,4.88,-1.12,9.90,0,1.70,-0.0713,0.0582,49,0.821,0.000,0.00,0.00,38.208,0
-5.06,26.81,298.31,0.8345,-0.2218,-0.0789,0.4982,-1.12,-4.59,8.74,4.38,-0.75,4.25,9.94,0,1.70,-0.0705,0.0583,49,0.821,0.000,0.00,0.00,38.208,0
-5.06,26.75,298.31,0.8347,-0.2215,-0.0789,0.4980,-0.77,-4.32,8.58,-6.38,0.38,-2.50,9.64,0,1.70,-0.0705,0.0582,49,0.821,0.000,0.00,0.00,38.208,0
phase1 acc_mag=9.873 gravity=9.736 motion=0.136 moving_avg=0.070 rms=0.090 mean_rms=0.110 max_rms=0.123 min_rms=0.090 std=0.009 var=0.000 state=standing thr=0.128/0.350/0.850
-5.06,26.69,298.44,0.8350,-0.2222,-0.0783,0.4972,-1.01,-4.46,8.75,-4.88,5.00,1.50,9.87,0,1.70,-0.0704,0.0587,49,0.821,0.000,0.00,0.00,38.208,0
-5.12,26.56,298.50,0.8358,-0.2206,-0.0776,0.4967,-0.92,-4.29,8.63,0.25,-3.88,-0.50,9.68,0,1.70,-0.0698,0.0584,49,0.821,0.000,0.00,0.00,38.208,0
-5.25,26.38,298.62,0.8365,-0.2202,-0.0754,0.4960,-0.81,-4.40,8.62,-0.75,2.25,-1.75,9.71,0,1.70,-0.0689,0.0587,49,0.821,0.000,0.00,0.00,38.208,0
-5.00,26.62,298.44,0.8351,-0.2205,-0.0794,0.4977,-0.82,-4.30,8.65,-1.38,-8.81,4.25,9.69,0,1.70,-0.0704,0.0579,49,0.821,0.000,0.00,0.00,38.208,0
phase1 acc_mag=9.851 gravity=9.738 motion=0.112 moving_avg=0.074 rms=0.097 mean_rms=0.105 max_rms=0.121 min_rms=0.090 std=0.008 var=0.000 state=standing thr=0.121/0.350/0.850
-4.94,26.62,298.12,0.8341,-0.2200,-0.0797,0.4995,-0.98,-4.51,8.73,3.25,-3.12,-2.75,9.87,0,1.70,-0.0705,0.0575,49,0.821,0.000,0.00,0.00,38.208,0
-5.00,26.62,298.19,0.8344,-0.2199,-0.0792,0.4992,-0.89,-4.33,8.60,6.12,0.00,0.50,9.67,0,1.70,-0.0704,0.0576,49,0.821,0.000,0.00,0.00,38.208,0
-4.94,26.44,298.38,0.8355,-0.2189,-0.0788,0.4978,-0.97,-4.47,8.70,1.00,2.75,-0.12,9.83,0,1.70,-0.0699,0.0575,49,0.821,0.000,0.00,0.00,38.208,0
-5.00,26.69,298.44,0.8354,-0.2211,-0.0787,0.4971,-0.99,-4.55,8.72,-0.50,2.25,-1.25,9.89,0,1.70,-0.0702,0.0582,49,0.821,0.000,0.00,0.00,38.208,0
phase1 acc_mag=9.766 gravity=9.731 motion=0.036 moving_avg=0.070 rms=0.092 mean_rms=0.101 max_rms=0.111 min_rms=0.090 std=0.007 var=0.000 state=standing thr=0.115/0.350/0.850
-5.00,26.44,298.56,0.8362,-0.2193,-0.0775,0.4968,-0.91,-4.32,8.60,-0.62,-1.25,1.88,9.67,0,1.70,-0.0695,0.0579,49,0.821,0.000,0.00,0.00,38.208,0
-4.88,26.56,298.81,0.8371,-0.2201,-0.0789,0.4946,-0.96,-4.43,8.64,-8.81,3.88,-8.94,9.76,0,1.70,-0.0700,0.0581,49,0.821,0.000,0.00,0.00,38.208,0
-5.06,26.56,298.81,0.8369,-0.2208,-0.0772,0.4948,-0.93,-4.42,8.69,8.06,1.00,-4.88,9.79,0,1.70,-0.0695,0.0586,49,0.821,0.000,0.00,0.00,38.208,0
phase1 acc_mag=9.628 gravity=9.737 motion=0.109 moving_avg=0.064 rms=0.086 mean_rms=0.097 max_rms=0.111 min_rms=0.085 std=0.007 var=0.000 state=standing thr=0.112/0.350/0.850
-5.06,26.69,298.88,0.8372,-0.2217,-0.0779,0.4940,-0.87,-4.34,8.55,4.12,2.75,-4.38,9.63,0,1.70,-0.0699,0.0588,49,0.821,0.000,0.00,0.00,38.208,0
-4.88,26.88,299.00,0.8375,-0.2222,-0.0796,0.4929,-0.83,-4.29,8.56,1.12,-3.88,-7.56,9.61,0,1.70,-0.0705,0.0587,49,0.821,0.000,0.00,0.00,38.208,0
-4.81,26.88,298.69,0.8362,-0.2211,-0.0809,0.4952,-0.99,-4.49,8.62,3.50,-6.88,0.25,9.77,0,1.70,-0.0709,0.0579,49,0.821,0.000,0.00,0.00,38.208,0
-4.62,26.75,298.69,0.8364,-0.2199,-0.0819,0.4954,-0.84,-4.36,8.64,-2.50,-1.25,-10.44,9.71,0,1.70,-0.0710,0.0573,49,0.821,0.000,0.00,0.00,38.208,0
phase1 acc_mag=9.719 gravity=9.733 motion=0.014 moving_avg=0.063 rms=0.084 mean_rms=0.092 max_rms=0.108 min_rms=0.084 std=0.005 var=0.000 state=standing thr=0.103/0.350/0.850
-4.56,26.69,298.88,0.8375,-0.2191,-0.0817,0.4940,-0.94,-4.44,8.63,2.62,-4.62,-1.00,9.75,0,1.70,-0.0707,0.0573,49,0.821,0.000,0.00,0.00,38.208,0
-4.38,26.62,298.94,0.8378,-0.2181,-0.0824,0.4936,-0.92,-4.37,8.60,9.19,-5.88,4.25,9.69,0,1.70,-0.0707,0.0568,49,0.821,0.000,0.00,0.00,38.208,0
-4.44,26.44,298.69,0.8369,-0.2175,-0.0824,0.4956,-0.84,-4.48,8.66,-6.25,-0.12,-4.50,9.79,0,1.70,-0.0707,0.0565,49,0.821,0.000,0.00,0.00,38.208,0
-4.44,26.75,298.81,0.8370,-0.2194,-0.0833,0.4943,-1.03,-4.53,8.63,-2.75,2.00,-0.25,9.80,0,1.70,-0.0712,0.0570,49,0.821,0.000,0.00,0.00,38.208,0
phase1 acc_mag=9.811 gravity=9.726 motion=0.085 moving_avg=0.057 rms=0.074 mean_rms=0.089 max_rms=0.099 min_rms=0.074 std=0.006 var=0.000 state=standing thr=0.102/0.350/0.850
-4.62,26.88,298.75,0.8363,-0.2206,-0.0821,0.4951,-0.86,-4.35,8.50,6.38,-1.12,1.00,9.59,0,1.70,-0.0712,0.0576,49,0.821,0.000,0.00,0.00,38.208,0
-4.62,26.88,298.50,0.8356,-0.2206,-0.0825,0.4963,-0.84,-4.39,8.63,6.25,3.88,0.12,9.72,0,1.70,-0.0714,0.0574,49,0.821,0.000,0.00,0.00,38.208,0
-4.81,26.75,298.44,0.8352,-0.2205,-0.0806,0.4973,-1.03,-4.60,8.71,4.50,2.38,1.62,9.90,0,1.70,-0.0708,0.0576,49,0.821,0.000,0.00,0.00,38.208,0
-4.44,25.62,298.62,0.8380,-0.2111,-0.0784,0.4971,-0.73,-4.27,8.62,16.88,-1.50,-6.62,9.65,0,1.70,-0.0683,0.0551,49,0.821,0.000,0.00,0.00,38.208,0
phase1 acc_mag=9.552 gravity=9.737 motion=0.185 moving_avg=0.074 rms=0.104 mean_rms=0.086 max_rms=0.104 min_rms=0.071 std=0.008 var=0.000 state=slow thr=0.101/0.350/0.850
-4.88,25.69,298.56,0.8375,-0.2139,-0.0754,0.4971,-0.93,-4.21,8.77,-2.50,10.69,8.19,9.77,0,1.70,-0.0678,0.0567,49,0.821,0.000,0.00,0.00,38.208,0
-5.19,25.75,298.69,0.8378,-0.2150,-0.0731,0.4965,-0.86,-4.20,8.70,-0.38,6.75,0.00,9.70,0,1.70,-0.0672,0.0575,49,0.821,0.000,0.00,0.00,38.208,0
-5.31,25.69,298.62,0.8376,-0.2147,-0.0715,0.4972,-0.97,-4.28,8.72,8.94,0.12,2.75,9.76,0,1.70,-0.0667,0.0577,49,0.821,0.000,0.00,0.00,38.208,0
-5.50,25.62,298.94,0.8391,-0.2155,-0.0699,0.4946,-1.08,-4.41,8.75,0.62,1.25,1.50,9.86,0,1.70,-0.0661,0.0585,49,0.821,0.000,0.00,0.00,38.208,0
phase1 acc_mag=9.827 gravity=9.734 motion=0.093 moving_avg=0.084 rms=0.115 mean_rms=0.090 max_rms=0.115 min_rms=0.071 std=0.013 var=0.000 state=standing thr=0.116/0.350/0.850
-5.31,25.62,298.94,0.8395,-0.2151,-0.0706,0.4939,-0.93,-4.24,8.74,1.38,5.75,-8.19,9.76,0,1.70,-0.0662,0.0583,49,0.821,0.000,0.00,0.00,38.208,0
-5.31,25.81,299.00,0.8391,-0.2161,-0.0722,0.4939,-1.10,-4.32,8.74,0.00,-0.25,5.00,9.81,0,1.70,-0.0669,0.0583,49,0.821,0.000,0.00,0.00,38.208,0
-5.06,25.81,298.88,0.8383,-0.2160,-0.0744,0.4949,-0.89,-4.18,8.65,-9.31,-0.38,2.50,9.65,0,1.70,-0.0677,0.0577,49,0.821,0.000,0.00,0.00,38.208,0
-4.88,26.00,298.56,0.8372,-0.2155,-0.0770,0.4968,-0.83,-4.24,8.71,-6.25,-12.19,11.81,9.72,0,1.70,-0.0686,0.0568,49,0.821,0.000,0.00,0.00,38.208,0
phase1 acc_mag=9.707 gravity=9.743 motion=0.036 moving_avg=0.091 rms=0.122 mean_rms=0.097 max_rms=0.123 min_rms=0.071 std=0.018 var=0.000 state=standing thr=0.132/0.350/0.850
-4.81,25.94,298.56,0.8373,-0.2147,-0.0771,0.4969,-0.90,-4.31,8.68,0.12,5.62,0.38,9.73,0,1.70,-0.0685,0.0566,49,0.821,0.000,0.00,0.00,38.208,0
-4.75,25.94,298.56,0.8370,-0.2144,-0.0776,0.4974,-0.90,-4.24,8.70,-6.50,-4.00,-5.38,9.72,0,1.70,-0.0686,0.0564,49,0.821,0.000,0.00,0.00,38.208,0
-4.56,26.00,298.44,0.8365,-0.2142,-0.0791,0.4980,-0.90,-4.19,8.66,3.50,2.75,-0.38,9.66,0,1.70,-0.0691,0.0559,49,0.821,0.000,0.00,0.00,38.208,0
phase1 acc_mag=9.630 gravity=9.743 motion=0.113 moving_avg=0.095 rms=0.125 mean_rms=0.105 max_rms=0.125 min_rms=0.071 std=0.019 var=0.000 state=standing thr=0.143/0.350/0.850
-4.56,26.25,298.19,0.8351,-0.2158,-0.0809,0.4995,-0.79,-4.20,8.63,-3.00,-6.12,3.62,9.63,0,1.70,-0.0701,0.0559,49,0.821,0.000,0.00,0.00,38.208,0
-4.50,26.38,298.00,0.8340,-0.2164,-0.0825,0.5008,-0.81,-4.23,8.60,-1.50,4.50,5.88,9.62,0,1.70,-0.0709,0.0557,49,0.821,0.000,0.00,0.00,38.208,0
-4.56,26.56,298.12,0.8340,-0.2183,-0.0826,0.4999,-0.80,-4.33,8.63,-9.81,-2.12,2.75,9.69,0,1.70,-0.0712,0.0563,49,0.821,0.000,0.00,0.00,38.208,0
-4.56,26.81,298.12,0.8340,-0.2197,-0.0836,0.4993,-1.01,-4.34,8.66,9.19,-2.00,-2.25,9.74,0,1.70,-0.0717,0.0566,49,0.821,0.000,0.00,0.00,38.208,0
phase1 acc_mag=9.633 gravity=9.747 motion=0.114 moving_avg=0.093 rms=0.123 mean_rms=0.114 max_rms=0.126 min_rms=0.073 std=0.015 var=0.000 state=standing thr=0.143/0.350/0.850
-4.75,26.75,298.25,0.8344,-0.2204,-0.0816,0.4987,-0.89,-4.31,8.65,-4.50,7.56,1.38,9.71,0,1.70,-0.0712,0.0573,49,0.821,0.000,0.00,0.00,38.208,0
-4.81,26.69,298.31,0.8348,-0.2203,-0.0809,0.4980,-0.95,-4.37,8.62,1.50,1.25,0.50,9.71,0,1.70,-0.0709,0.0575,49,0.821,0.000,0.00,0.00,38.208,0
-4.75,26.31,298.44,0.8359,-0.2172,-0.0797,0.4978,-0.93,-4.53,8.74,10.56,2.75,-4.62,9.89,0,1.70,-0.0699,0.0567,49,0.821,0.000,0.00,0.00,38.208,0
-4.75,26.31,298.44,0.8358,-0.2173,-0.0793,0.4979,-1.12,-4.35,8.70,-9.94,0.25,5.38,9.79,0,1.70,-0.0698,0.0568,49,0.821,0.000,0.00,0.00,38.208,0
phase1 acc_mag=9.763 gravity=9.735 motion=0.028 moving_avg=0.076 rms=0.098 mean_rms=0.119 max_rms=0.126 min_rms=0.098 std=0.007 var=0.000 state=standing thr=0.133/0.350/0.850
-4.88,26.31,298.38,0.8357,-0.2173,-0.0787,0.4982,-0.76,-4.14,8.61,6.25,5.00,-5.00,9.58,0,1.70,-0.0696,0.0570,49,0.821,0.000,0.00,0.00,38.208,0
-4.88,26.44,298.19,0.8347,-0.2186,-0.0793,0.4992,-0.90,-4.31,8.67,-7.56,-2.62,-2.25,9.72,0,1.70,-0.0701,0.0571,49,0.821,0.000,0.00,0.00,38.208,0
-4.75,26.56,298.25,0.8347,-0.2189,-0.0806,0.4990,-0.91,-4.27,8.67,-3.75,3.75,4.75,9.71,0,1.70,-0.0706,0.0570,49,0.821,0.000,0.00,0.00,38.208,0
-4.44,26.81,298.50,0.8348,-0.2198,-0.0832,0.4979,-1.04,-4.52,8.71,2.38,7.56,15.00,9.87,0,1.70,-0.0716,0.0568,49,0.821,0.000,0.00,0.00,38.208,0
phase1 acc_mag=9.788 gravity=9.730 motion=0.058 moving_avg=0.065 rms=0.082 mean_rms=0.113 max_rms=0.126 min_rms=0.082 std=0.014 var=0.000 state=standing thr=0.142/0.350/0.850
-4.56,26.62,298.38,0.8351,-0.2187,-0.0825,0.4980,-0.94,-4.41,8.70,6.12,2.50,-9.06,9.80,0,1.70,-0.0711,0.0566,49,0.821,0.000,0.00,0.00,38.208,0
-4.56,26.56,298.56,0.8362,-0.2186,-0.0817,0.4963,-0.86,-4.46,8.70,4.75,0.75,4.88,9.81,0,1.70,-0.0707,0.0569,49,0.821,0.000,0.00,0.00,38.208,0
-4.56,26.62,298.88,0.8375,-0.2189,-0.0812,0.4940,-0.81,-4.25,8.67,3.25,-0.50,-4.62,9.69,0,1.70,-0.0704,0.0573,49,0.821,0.000,0.00,0.00,38.208,0
phase1 acc_mag=9.631 gravity=9.728 motion=0.097 moving_avg=0.068 rms=0.084 mean_rms=0.105 max_rms=0.126 min_rms=0.080 std=0.018 var=0.000 state=standing thr=0.141/0.350/0.850
-4.69,26.69,299.06,0.8380,-0.2205,-0.0803,0.4926,-0.80,-4.22,8.62,-6.25,3.50,-1.12,9.63,0,1.70,-0.0704,0.0581,49,0.821,0.000,0.00,0.00,38.208,0
-4.75,26.69,299.25,0.8387,-0.2203,-0.0793,0.4916,-0.93,-4.28,8.64,-0.12,-2.12,5.50,9.69,0,1.70,-0.0699,0.0583,49,0.821,0.000,0.00,0.00,38.208,0
-4.75,26.56,299.12,0.8386,-0.2194,-0.0792,0.4924,-0.86,-4.28,8.66,5.25,-8.31,6.38,9.70,0,1.70,-0.0698,0.0580,49,0.821,0.000,0.00,0.00,38.208,0
-4.81,26.62,299.25,0.8391,-0.2201,-0.0787,0.4913,-0.84,-4.32,8.64,-8.31,-6.50,-7.69,9.70,0,1.70,-0.0697,0.0584,49,0.821,0.000,0.00,0.00,38.208,0
phase1 acc_mag=9.713 gravity=9.733 motion=0.020 moving_avg=0.063 rms=0.080 mean_rms=0.097 max_rms=0.126 min_rms=0.080 std=0.017 var=0.000 state=standing thr=0.130/0.350/0.850
-4.75,26.69,299.25,0.8392,-0.2208,-0.0797,0.4905,-0.92,-4.37,8.63,-1.38,3.38,-9.31,9.72,0,1.70,-0.0701,0.0585,49,0.821,0.000,0.00,0.00,38.208,0
-4.81,26.62,299.38,0.8396,-0.2203,-0.0782,0.4903,-0.91,-4.26,8.64,7.06,6.25,-5.12,9.68,0,1.70,-0.0695,0.0586,49,0.821,0.000,0.00,0.00,38.208,0
-4.88,26.56,299.06,0.8387,-0.2198,-0.0776,0.4922,-0.84,-4.25,8.64,1.25,-3.50,6.62,9.67,0,1.70,-0.0693,0.0585,49,0.821,0.000,0.00,0.00,38.208,0
-4.81,26.50,299.19,0.8388,-0.2190,-0.0785,0.4922,-0.93,-4.45,8.74,-0.75,-8.06,1.00,9.85,0,1.70,-0.0695,0.0580,49,0.821,0.000,0.00,0.00,38.208,0
phase1 acc_mag=9.704 gravity=9.732 motion=0.029 moving_avg=0.069 rms=0.089 mean_rms=0.088 max_rms=0.122 min_rms=0.078 std=0.010 var=0.000 state=standing thr=0.108/0.350/0.850
-4.69,26.56,298.94,0.8375,-0.2194,-0.0798,0.4941,-0.86,-4.32,8.65,-1.62,-0.25,4.00,9.71,0,1.70,-0.0701,0.0577,49,0.821,0.000,0.00,0.00,38.208,0
-4.75,26.69,298.94,0.8375,-0.2202,-0.0803,0.4935,-0.89,-4.32,8.70,-2.00,-4.88,-11.81,9.75,0,1.70,-0.0704,0.0579,49,0.821,0.000,0.00,0.00,38.208,0
-4.62,26.75,298.75,0.8366,-0.2198,-0.0815,0.4951,-0.81,-4.33,8.69,-6.12,1.50,8.06,9.74,0,1.70,-0.0708,0.0574,49,0.821,0.000,0.00,0.00,38.208,0
-4.50,26.69,298.88,0.8372,-0.2189,-0.0828,0.4944,-1.01,-4.39,8.67,0.50,-4.88,0.62,9.77,0,1.70,-0.0710,0.0569,49,0.821,0.000,0.00,0.00,38.208,0
phase1 acc_mag=9.749 gravity=9.734 motion=0.015 moving_avg=0.063 rms=0.082 mean_rms=0.084 max_rms=0.094 min_rms=0.078 std=0.003 var=0.000 state=standing thr=0.091/0.350/0.850
-4.56,26.50,298.81,0.8373,-0.2181,-0.0811,0.4948,-0.81,-4.23,8.63,2.62,9.69,-8.56,9.64,0,1.70,-0.0703,0.0570,49,0.821,0.000,0.00,0.00,38.208,0
-4.81,26.56,298.44,0.8358,-0.2196,-0.0798,0.4969,-0.80,-4.33,8.63,-1.38,5.00,9.44,9.69,0,1.70,-0.0703,0.0576,49,0.821,0.000,0.00,0.00,38.208,0
-5.00,26.44,298.31,0.8351,-0.2191,-0.0779,0.4986,-0.88,-4.26,8.67,0.38,0.25,11.94,9.70,0,1.70,-0.0697,0.0576,49,0.821,0.000,0.00,0.00,38.208,0
-5.00,26.31,298.12,0.8345,-0.2180,-0.0778,0.5001,-0.86,-4.29,8.63,3.50,0.75,5.25,9.68,0,1.70,-0.0696,0.0572,49,0.821,0.000,0.00,0.00,38.208,0
phase1 acc_mag=9.755 gravity=9.724 motion=0.031 moving_avg=0.064 rms=0.083 mean_rms=0.083 max_rms=0.089 min_rms=0.078 std=0.002 var=0.000 state=standing thr=0.088/0.350/0.850
-5.25,26.25,298.12,0.8347,-0.2186,-0.0760,0.4997,-0.97,-4.26,8.70,2.88,5.50,-2.88,9.74,0,1.70,-0.0691,0.0578,49,0.821,0.000,0.00,0.00,38.208,0
-5.12,26.31,298.25,0.8349,-0.2189,-0.0770,0.4991,-0.88,-4.35,8.71,-1.62,0.12,2.88,9.78,0,1.70,-0.0694,0.0577,49,0.821,0.000,0.00,0.00,38.208,0
-5.06,26.38,297.94,0.8335,-0.2184,-0.0784,0.5014,-0.88,-4.38,8.60,-11.94,-1.38,0.50,9.69,0,1.70,-0.0700,0.0571,49,0.821,0.000,0.00,0.00,38.208,0
phase1 acc_mag=9.693 gravity=9.722 motion=0.029 moving_avg=0.063 rms=0.083 mean_rms=0.083 max_rms=0.089 min_rms=0.078 std=0.002 var=0.000 state=standing thr=0.088/0.350/0.850
-5.31,26.56,297.56,0.8316,-0.2211,-0.0779,0.5035,-0.74,-4.33,8.64,-11.31,5.00,8.31,9.69,0,1.70,-0.0704,0.0578,49,0.821,0.000,0.00,0.00,38.208,0
-5.25,26.50,297.25,0.8302,-0.2198,-0.0787,0.5062,-0.91,-4.35,8.63,-0.75,-0.62,-0.75,9.71,0,1.70,-0.0707,0.0570,49,0.821,0.000,0.00,0.00,38.208,0
-5.19,26.44,297.12,0.8303,-0.2195,-0.0785,0.5062,-0.87,-4.46,8.74,2.88,7.69,-6.62,9.85,0,1.70,-0.0705,0.0570,49,0.821,0.000,0.00,0.00,38.208,0
-5.31,26.38,297.38,0.8309,-0.2192,-0.0775,0.5054,-1.02,-4.20,8.53,-1.75,-3.62,-1.25,9.56,0,1.70,-0.0701,0.0572,49,0.821,0.000,0.00,0.00,38.208,0
phase1 acc_mag=9.626 gravity=9.717 motion=0.091 moving_avg=0.070 rms=0.091 mean_rms=0.084 max_rms=0.091 min_rms=0.079 std=0.002 var=0.000 state=slow thr=0.089/0.350/0.850
-5.25,26.31,297.44,0.8315,-0.2186,-0.0775,0.5048,-0.80,-4.27,8.59,-5.88,6.25,1.75,9.63,0,1.70,-0.0699,0.0571,49,0.821,0.000,0.00,0.00,38.208,0
-5.38,26.50,297.44,0.8311,-0.2208,-0.0773,0.5044,-0.94,-4.51,8.68,-3.75,4.50,8.31,9.83,0,1.70,-0.0703,0.0578,49,0.821,0.000,0.00,0.00,38.208,0
-5.75,26.62,297.44,0.8307,-0.2231,-0.0746,0.5045,-0.94,-4.20,8.69,-4.62,1.38,6.50,9.70,0,1.70,-0.0698,0.0591,49,0.821,0.000,0.00,0.00,38.208,0
-5.62,26.75,297.44,0.8308,-0.2234,-0.0768,0.5040,-1.02,-4.71,9.03,-4.12,0.00,2.25,10.24,0,1.70,-0.0706,0.0588,49,0.821,0.000,0.00,0.00,38.208,0
phase1 acc_mag=9.727 gravity=9.723 motion=0.005 moving_avg=0.068 rms=0.100 mean_rms=0.084 max_rms=0.100 min_rms=0.081 std=0.003 var=0.000 state=slow thr=0.091/0.350/0.850
-5.50,26.94,297.69,0.8312,-0.2245,-0.0778,0.5025,-0.89,-4.36,8.59,-2.50,0.12,-1.88,9.67,0,1.70,-0.0710,0.0590,49,0.821,0.000,0.00,0.00,38.208,0
-5.50,26.94,297.56,0.8307,-0.2243,-0.0781,0.5034,-0.84,-4.43,8.52,3.88,-3.00,6.88,9.64,0,1.70,-0.0711,0.0588,49,0.821,0.000,0.00,0.00,38.208,0
-5.56,26.50,297.56,0.8314,-0.2216,-0.0757,0.5039,-1.00,-4.42,8.63,10.81,3.25,1.50,9.75,0,1.70,-0.0698,0.0584,49,0.821,0.000,0.00,0.00,38.208,0
phase1 acc_mag=9.814 gravity=9.724 motion=0.090 moving_avg=0.071 rms=0.102 mean_rms=0.088 max_rms=0.103 min_rms=0.081 std=0.008 var=0.000 state=standing thr=0.104/0.350/0.850
-5.44,26.56,297.81,0.8324,-0.2224,-0.0765,0.5017,-1.04,-4.46,8.68,0.12,3.25,-7.94,9.81,0,1.70,-0.0701,0.0587,49,0.821,0.000,0.00,0.00,38.208,0
-5.62,26.75,298.12,0.8340,-0.2241,-0.0750,0.4987,-1.02,-4.41,8.64,-1.38,-0.38,-6.75,9.75,0,1.70,-0.0697,0.0598,49,0.821,0.000,0.00,0.00,38.208,0
-5.62,26.88,298.25,0.8338,-0.2249,-0.0753,0.4985,-0.98,-4.61,8.71,-6.88,-7.19,0.12,9.90,0,1.70,-0.0700,0.0600,49,0.821,0.000,0.00,0.00,38.208,0
-5.69,26.88,298.56,0.8351,-0.2258,-0.0732,0.4963,-0.87,-4.59,8.66,4.50,4.00,-9.81,9.84,0,1.70,-0.0693,0.0609,49,0.821,0.000,0.00,0.00,38.208,0
phase1 acc_mag=9.525 gravity=9.728 motion=0.203 moving_avg=0.073 rms=0.106 mean_rms=0.093 max_rms=0.106 min_rms=0.081 std=0.009 var=0.000 state=standing thr=0.111/0.350/0.850
-6.06,26.94,298.69,0.8356,-0.2277,-0.0712,0.4949,-1.11,-4.37,8.65,-4.00,3.38,-5.12,9.75,0,1.70,-0.0689,0.0620,49,0.821,0.000,0.00,0.00,38.208,0
-6.12,27.25,298.69,0.8351,-0.2297,-0.0718,0.4946,-1.06,-4.20,8.54,-7.19,0.25,11.81,9.58,0,1.70,-0.0694,0.0625,49,0.821,0.000,0.00,0.00,38.208,0
-6.06,27.38,298.50,0.8340,-0.2307,-0.0736,0.4958,-1.02,-4.44,8.62,-3.25,-3.75,0.12,9.75,0,1.70,-0.0703,0.0624,49,0.821,0.000,0.00,0.00,38.208,0
-6.12,27.44,298.56,0.8342,-0.2311,-0.0732,0.4954,-0.91,-4.43,8.58,3.00,-0.88,-2.75,9.70,0,1.70,-0.0702,0.0626,49,0.821,0.000,0.00,0.00,38.208,0
phase1 acc_mag=9.769 gravity=9.732 motion=0.037 moving_avg=0.070 rms=0.104 mean_rms=0.097 max_rms=0.106 min_rms=0.081 std=0.009 var=0.000 state=standing thr=0.114/0.350/0.850
-6.12,27.38,298.81,0.8352,-0.2312,-0.0728,0.4937,-1.15,-4.63,8.74,-3.38,-5.00,-0.75,9.96,0,1.70,-0.0700,0.0629,49,0.821,0.000,0.00,0.00,38.208,0
-5.94,27.50,298.75,0.8348,-0.2313,-0.0747,0.4939,-1.24,-4.62,8.73,3.50,-3.25,-6.25,9.95,0,1.70,-0.0706,0.0625,49,0.821,0.000,0.00,0.00,38.208,0
-5.88,27.25,298.62,0.8344,-0.2296,-0.0750,0.4955,-1.05,-4.40,8.55,-1.00,0.88,0.00,9.67,0,1.70,-0.0705,0.0617,49,0.821,0.000,0.00,0.00,38.208,0
-5.88,27.25,298.25,0.8331,-0.2289,-0.0748,0.4979,-0.95,-4.41,8.60,-1.00,-1.25,24.44,9.71,0,1.70,-0.0705,0.0614,49,0.821,0.000,0.00,0.00,38.208,0
phase1 acc_mag=9.786 gravity=9.744 motion=0.042 moving_avg=0.075 rms=0.108 mean_rms=0.102 max_rms=0.112 min_rms=0.081 std=0.007 var=0.000 state=standing thr=0.116/0.350/0.850
-5.88,27.31,298.06,0.8323,-0.2292,-0.0759,0.4990,-0.93,-4.30,8.52,-4.88,0.00,-0.88,9.59,0,1.70,-0.0710,0.0612,49,0.821,0.000,0.00,0.00,38.208,0
-5.94,27.25,297.62,0.8301,-0.2289,-0.0758,0.5027,-0.82,-4.35,8.47,-3.50,2.50,6.88,9.56,0,1.70,-0.0712,0.0608,49,0.821,0.000,0.00,0.00,38.208,0
-6.00,27.44,297.44,0.8292,-0.2303,-0.0765,0.5036,-0.70,-4.27,8.46,-13.56,-1.75,8.06,9.50,0,1.70,-0.0718,0.0610,49,0.821,0.000,0.00,0.00,38.208,0
-6.06,27.44,297.62,0.8302,-0.2303,-0.0761,0.5020,-0.96,-4.55,8.60,5.62,-3.38,-0.25,9.78,0,1.70,-0.0715,0.0612,49,0.821,0.000,0.00,0.00,38.208,0
phase1 acc_mag=9.868 gravity=9.739 motion=0.130 moving_avg=0.075 rms=0.097 mean_rms=0.105 max_rms=0.112 min_rms=0.096 std=0.003 var=0.000 state=standing thr=0.112/0.350/0.850
-5.81,27.50,297.88,0.8311,-0.2299,-0.0773,0.5005,-0.85,-4.44,8.65,-6.62,0.38,-3.00,9.76,0,1.70,-0.0717,0.0610,49,0.821,0.000,0.00,0.00,38.208,0
-5.94,27.44,297.81,0.8313,-0.2301,-0.0760,0.5002,-1.24,-4.37,8.61,4.12,3.25,-5.75,9.73,0,1.70,-0.0713,0.0613,49,0.821,0.000,0.00,0.00,38.208,0
-6.00,27.25,297.75,0.8306,-0.2294,-0.0750,0.5018,-1.00,-4.31,8.64,-1.00,0.75,6.75,9.71,0,1.70,-0.0709,0.0612,49,0.821,0.000,0.00,0.00,38.208,0
-6.00,27.31,297.75,0.8307,-0.2294,-0.0752,0.5016,-1.00,-4.53,8.57,-2.12,5.25,2.25,9.75,0,1.70,-0.0710,0.0611,49,0.821,0.000,0.00,0.00,38.208,0
phase1 acc_mag=9.519 gravity=9.742 motion=0.224 moving_avg=0.071 rms=0.093 mean_rms=0.103 max_rms=0.112 min_rms=0.090 std=0.005 var=0.000 state=standing thr=0.114/0.350/0.850
-6.25,27.31,297.81,0.8312,-0.2308,-0.0733,0.5005,-1.24,-4.63,8.68,0.25,1.88,-2.50,9.92,0,1.70,-0.0706,0.0620,49,0.821,0.000,0.00,0.00,38.208,0
-5.88,27.00,297.81,0.8317,-0.2269,-0.0746,0.5012,-0.72,-4.40,8.71,3.12,-5.12,-7.31,9.78,0,1.70,-0.0703,0.0605,49,0.821,0.000,0.00,0.00,38.208,0
-5.81,27.06,297.69,0.8310,-0.2262,-0.0763,0.5025,-1.17,-4.31,8.60,0.75,-8.19,1.00,9.69,0,1.70,-0.0708,0.0599,49,0.821,0.000,0.00,0.00,38.208,0
phase1 acc_mag=9.594 gravity=9.740 motion=0.146 moving_avg=0.076 rms=0.098 mean_rms=0.102 max_rms=0.112 min_rms=0.090 std=0.006 var=0.000 state=standing thr=0.114/0.350/0.850
-5.75,26.81,297.25,0.8295,-0.2243,-0.0760,0.5057,-0.60,-4.33,8.54,7.31,2.12,9.06,9.59,0,1.70,-0.0706,0.0591,49,0.821,0.000,0.00,0.00,38.208,0
-5.69,26.94,297.62,0.8310,-0.2251,-0.0766,0.5029,-0.92,-4.51,8.62,-0.38,3.50,-2.00,9.77,0,1.70,-0.0707,0.0594,49,0.821,0.000,0.00,0.00,38.208,0
-5.75,26.94,297.69,0.8314,-0.2258,-0.0755,0.5021,-0.92,-4.20,8.58,3.12,4.75,-3.50,9.60,0,1.70,-0.0705,0.0599,49,0.821,0.000,0.00,0.00,38.208,0
-5.94,27.00,297.44,0.8301,-0.2266,-0.0751,0.5040,-0.74,-4.28,8.60,-0.75,1.88,8.69,9.63,0,1.70,-0.0706,0.0601,49,0.821,0.000,0.00,0.00,38.208,0
phase1 acc_mag=9.703 gravity=9.735 motion=0.033 moving_avg=0.072 rms=0.092 mean_rms=0.100 max_rms=0.112 min_rms=0.090 std=0.006 var=0.000 state=standing thr=0.112/0.350/0.850
-5.94,27.06,297.69,0.8318,-0.2272,-0.0743,0.5009,-0.93,-4.40,8.59,4.88,4.75,-13.31,9.70,0,1.70,-0.0703,0.0607,49,0.821,0.000,0.00,0.00,38.208,0
-5.94,27.25,298.19,0.8329,-0.2293,-0.0745,0.4982,-0.87,-4.48,8.57,-1.25,5.00,-1.50,9.71,0,1.70,-0.0705,0.0616,49,0.821,0.000,0.00,0.00,38.208,0
-6.19,27.31,298.31,0.8332,-0.2308,-0.0728,0.4973,-1.01,-4.59,8.67,0.75,1.62,1.12,9.86,0,1.70,-0.0702,0.0624,49,0.821,0.000,0.00,0.00,38.208,0
phase1 acc_mag=9.836 gravity=9.735 motion=0.101 moving_avg=0.070 rms=0.088 mean_rms=0.096 max_rms=0.112 min_rms=0.086 std=0.006 var=0.000 state=standing thr=0.107/0.350/0.850
-6.19,27.44,298.38,0.8334,-0.2315,-0.0726,0.4965,-1.10,-4.57,8.64,-2.38,-3.38,1.12,9.84,0,1.70,-0.0702,0.0628,49,0.821,0.000,0.00,0.00,38.208,0
-6.12,27.56,298.44,0.8333,-0.2325,-0.0738,0.4961,-1.02,-4.48,8.59,-4.25,-0.75,0.25,9.74,0,1.70,-0.0707,0.0628,49,0.821,0.000,0.00,0.00,38.208,0
-5.88,27.81,298.88,0.8348,-0.2333,-0.0758,0.4929,-1.17,-4.27,7.98,-3.62,-6.12,-5.25,9.13,0,1.70,-0.0713,0.0630,49,0.821,0.000,0.00,0.00,38.208,0
-5.75,27.75,299.00,0.8355,-0.2325,-0.0768,0.4919,-0.99,-4.71,8.59,-0.75,-3.50,1.12,9.85,0,1.70,-0.0714,0.0626,49,0.821,0.000,0.00,0.00,38.208,0
phase1 acc_mag=9.473 gravity=9.726 motion=0.252 moving_avg=0.081 rms=0.113 mean_rms=0.094 max_rms=0.113 min_rms=0.083 std=0.006 var=0.000 state=slow thr=0.107/0.350/0.850
-5.75,27.81,299.19,0.8362,-0.2330,-0.0764,0.4905,-1.02,-4.52,8.48,0.88,3.25,-10.44,9.66,0,1.70,-0.0713,0.0629,49,0.821,0.000,0.00,0.00,38.208,0
-5.88,27.94,299.31,0.8366,-0.2347,-0.0758,0.4892,-0.94,-4.53,8.70,3.38,2.88,-2.12,9.85,0,1.70,-0.0713,0.0637,49,0.821,0.000,0.00,0.00,38.208,0
-5.62,27.94,299.50,0.8372,-0.2341,-0.0771,0.4882,-0.89,-4.40,8.52,6.00,-8.56,-3.38,9.63,0,1.70,-0.0715,0.0633,49,0.821,0.000,0.00,0.00,38.208,0
-5.75,28.12,299.62,0.8374,-0.2356,-0.0770,0.4871,-1.02,-4.57,8.62,-6.50,-2.62,-1.75,9.81,0,1.70,-0.0717,0.0639,49,0.821,0.000,0.00,0.00,38.208,0
phase1 acc_mag=9.835 gravity=9.730 motion=0.105 moving_avg=0.084 rms=0.118 mean_rms=0.099 max_rms=0.122 min_rms=0.083 std=0.012 var=0.000 state=standing thr=0.122/0.350/0.850
-5.50,28.00,299.81,0.8387,-0.2338,-0.0778,0.4856,-0.97,-4.51,8.72,-0.25,-1.75,-0.25,9.87,0,1.70,-0.0715,0.0633,49,0.821,0.000,0.00,0.00,38.208,0
-5.25,28.00,299.81,0.8387,-0.2327,-0.0799,0.4857,-0.99,-4.48,8.52,-1.00,-10.31,7.69,9.68,0,1.70,-0.0720,0.0625,49,0.821,0.000,0.00,0.00,38.208,0
-5.19,27.88,299.56,0.8379,-0.2312,-0.0801,0.4879,-0.85,-4.45,8.78,-3.12,-1.50,-4.62,9.88,0,1.70,-0.0720,0.0618,49,0.821,0.000,0.00,0.00,38.208,0
-5.06,27.75,299.38,0.8386,-0.2286,-0.0804,0.4880,-0.77,-4.31,8.64,14.75,2.00,-17.62,9.69,0,1.70,-0.0716,0.0610,49,0.821,0.000,0.00,0.00,38.208,0
phase1 acc_mag=9.833 gravity=9.732 motion=0.101 moving_avg=0.094 rms=0.133 mean_rms=0.105 max_rms=0.133 min_rms=0.083 std=0.016 var=0.000 state=standing thr=0.137/0.350/0.850
-5.25,27.44,299.75,0.8394,-0.2285,-0.0779,0.4869,-0.81,-4.29,8.66,1.88,11.69,-2.00,9.70,0,1.70,-0.0707,0.0615,49,0.821,0.000,0.00,0.00,38.208,0
-5.31,27.44,299.62,0.8390,-0.2286,-0.0776,0.4876,-0.81,-4.38,8.60,-1.88,-6.75,15.50,9.69,0,1.70,-0.0706,0.0616,49,0.821,0.000,0.00,0.00,38.208,0
-5.31,27.31,299.25,0.8376,-0.2274,-0.0778,0.4906,-0.76,-4.37,8.61,0.88,-5.88,0.38,9.69,0,1.70,-0.0707,0.0609,49,0.821,0.000,0.00,0.00,38.208,0
-5.38,27.31,299.19,0.8372,-0.2275,-0.0772,0.4913,-0.80,-4.38,8.68,-1.88,5.25,2.50,9.76,0,1.70,-0.0706,0.0610,49,0.821,0.000,0.00,0.00,38.208,0
phase1 acc_mag=9.711 gravity=9.737 motion=0.027 moving_avg=0.098 rms=0.136 mean_rms=0.114 max_rms=0.136 min_rms=0.083 std=0.019 var=0.000 state=standing thr=0.151/0.351/0.851
-5.56,27.44,299.44,0.8381,-0.2294,-0.0759,0.4890,-0.90,-4.52,8.63,-2.00,-0.75,-2.88,9.78,0,1.70,-0.0703,0.0621,49,0.821,0.000,0.00,0.00,38.208,0
-5.62,27.50,299.56,0.8386,-0.2303,-0.0752,0.4879,-0.85,-4.45,8.71,3.75,-3.62,-1.62,9.82,0,1.70,-0.0702,0.0626,49,0.821,0.000,0.00,0.00,38.208,0
-5.44,27.44,299.56,0.8386,-0.2290,-0.0768,0.4883,-0.63,-4.48,8.66,2.25,2.25,-2.62,9.77,0,1.70,-0.0705,0.0618,49,0.821,0.000,0.00,0.00,38.208,0
phase1 acc_mag=9.648 gravity=9.740 motion=0.093 moving_avg=0.106 rms=0.148 mean_rms=0.126 max_rms=0.149 min_rms=0.083 std=0.015 var=0.000 state=standing thr=0.156/0.356/0.856
-5.12,27.38,299.69,0.8394,-0.2277,-0.0784,0.4874,-0.84,-4.37,8.56,1.88,-4.38,-2.25,9.65,0,1.70,-0.0707,0.0612,49,0.821,0.000,0.00,0.00,38.208,0
-5.06,27.31,299.88,0.8403,-0.2267,-0.0784,0.4861,-0.73,-4.31,8.66,-1.00,1.50,-2.38,9.70,0,1.70,-0.0704,0.0610,49,0.821,0.000,0.00,0.00,38.208,0
-5.19,26.94,300.19,0.8423,-0.2247,-0.0751,0.4842,-0.93,-4.17,8.71,1.62,2.00,1.62,9.70,0,1.70,-0.0688,0.0612,49,0.821,0.000,0.00,0.00,38.208,0
-5.12,26.81,300.25,0.8429,-0.2236,-0.0751,0.4836,-0.81,-4.22,8.74,0.00,-6.12,8.69,9.74,0,1.70,-0.0686,0.0609,49,0.821,0.000,0.00,0.00,38.208,0
phase1 acc_mag=9.749 gravity=9.746 motion=0.003 moving_avg=0.094 rms=0.130 mean_rms=0.132 max_rms=0.150 min_rms=0.113 std=0.009 var=0.000 state=standing thr=0.151/0.351/0.851
-5.00,26.75,300.44,0.8434,-0.2233,-0.0758,0.4828,-1.00,-4.46,8.74,-4.12,-2.38,4.00,9.86,0,1.70,-0.0687,0.0607,49,0.821,0.000,0.00,0.00,38.208,0
-5.00,26.75,300.19,0.8428,-0.2227,-0.0758,0.4841,-0.99,-4.39,8.70,0.88,-1.12,-5.62,9.80,0,1.70,-0.0687,0.0604,49,0.821,0.000,0.00,0.00,38.208,0
-4.94,26.56,300.06,0.8426,-0.2208,-0.0762,0.4852,-0.71,-4.20,8.62,-0.25,5.38,1.75,9.62,0,1.70,-0.0686,0.0596,49,0.821,0.000,0.00,0.00,38.208,0
-4.69,26.69,300.44,0.8438,-0.2212,-0.0779,0.4828,-0.85,-4.52,8.66,-1.62,0.25,-6.88,9.81,0,1.70,-0.0690,0.0596,49,0.821,0.000,0.00,0.00,38.208,0
phase1 acc_mag=9.748 gravity=9.740 motion=0.008 moving_avg=0.089 rms=0.123 mean_rms=0.134 max_rms=0.150 min_rms=0.116 std=0.008 var=0.000 state=standing thr=0.149/0.350/0.850
-4.56,26.62,300.44,0.8440,-0.2200,-0.0781,0.4829,-0.63,-4.38,8.56,5.50,6.88,-8.31,9.64,0,1.70,-0.0689,0.0592,49,0.821,0.000,0.00,0.00,38.208,0
-4.69,26.50,300.75,0.8456,-0.2198,-0.0773,0.4803,-0.64,-4.30,8.65,-3.25,-7.44,-5.12,9.68,0,1.70,-0.0684,0.0595,49,0.821,0.000,0.00,0.00,38.208,0
-4.69,26.62,301.06,0.8466,-0.2207,-0.0764,0.4783,-0.89,-4.34,8.66,3.12,1.38,0.00,9.73,0,1.70,-0.0681,0.0601,49,0.821,0.000,0.00,0.00,38.208,0
-4.75,26.62,301.12,0.8470,-0.2217,-0.0750,0.4772,-0.77,-4.20,8.66,0.38,8.31,-5.38,9.66,0,1.70,-0.0677,0.0608,49,0.821,0.000,0.00,0.00,38.208,0
phase1 acc_mag=9.834 gravity=9.731 motion=0.102 moving_avg=0.080 rms=0.107 mean_rms=0.130 max_rms=0.150 min_rms=0.104 std=0.013 var=0.000 state=standing thr=0.155/0.355/0.855
-4.75,26.56,301.44,0.8482,-0.2211,-0.0750,0.4754,-0.87,-4.40,8.81,-4.00,7.69,-3.88,9.89,0,1.70,-0.0675,0.0607,49,0.821,0.000,0.00,0.00,38.208,0
-4.69,26.62,301.75,0.8498,-0.2217,-0.0745,0.4724,-0.78,-4.10,8.60,1.38,5.62,-7.69,9.56,0,1.70,-0.0672,0.0613,49,0.821,0.000,0.00,0.00,38.208,0
-4.75,26.50,301.81,0.8500,-0.2209,-0.0737,0.4725,-0.81,-4.16,8.51,5.12,3.50,-6.25,9.51,0,1.70,-0.0668,0.0612,49,0.821,0.000,0.00,0.00,38.208,0
-4.69,26.44,301.81,0.8505,-0.2198,-0.0738,0.4722,-0.81,-4.29,8.68,7.06,3.25,-7.31,9.72,0,1.70,-0.0666,0.0608,49,0.821,0.000,0.00,0.00,38.208,0
phase1 acc_mag=9.728 gravity=9.730 motion=0.002 moving_avg=0.081 rms=0.109 mean_rms=0.124 max_rms=0.150 min_rms=0.104 std=0.015 var=0.000 state=standing thr=0.153/0.353/0.853
-4.62,26.38,302.06,0.8511,-0.2197,-0.0737,0.4710,-0.35,-3.96,8.63,1.75,2.50,3.38,9.50,0,1.70,-0.0665,0.0609,49,0.821,0.000,0.00,0.00,38.208,0
-4.56,26.50,302.31,0.8520,-0.2203,-0.0743,0.4691,-0.74,-4.16,8.69,-2.50,-3.00,-4.25,9.66,0,1.70,-0.0666,0.0611,49,0.821,0.000,0.00,0.00,38.208,0
-4.56,26.50,302.31,0.8521,-0.2205,-0.0742,0.4689,-0.90,-4.49,8.76,5.00,0.12,8.19,9.88,0,1.70,-0.0666,0.0612,49,0.821,0.000,0.00,0.00,38.208,0
-4.56,26.44,302.38,0.8522,-0.2202,-0.0740,0.4687,-0.98,-4.36,8.62,-2.62,2.75,-3.12,9.71,0,1.70,-0.0665,0.0612,49,0.821,0.000,0.00,0.00,38.208,0
phase1 acc_mag=9.797 gravity=9.726 motion=0.071 moving_avg=0.071 rms=0.093 mean_rms=0.114 max_rms=0.149 min_rms=0.092 std=0.013 var=0.000 state=standing thr=0.139/0.350/0.850
-4.56,26.44,302.12,0.8514,-0.2200,-0.0747,0.4703,-0.78,-4.36,8.69,5.00,-3.25,3.50,9.75,0,1.70,-0.0668,0.0609,49,0.821,0.000,0.00,0.00,38.208,0
-4.44,26.62,302.31,0.8520,-0.2208,-0.0757,0.4687,-0.68,-4.31,8.68,0.00,0.62,-4.38,9.71,0,1.70,-0.0672,0.0611,49,0.821,0.000,0.00,0.00,38.208,0
-4.44,26.62,302.56,0.8528,-0.2211,-0.0754,0.4671,-0.67,-4.25,8.66,-0.88,-7.44,2.12,9.67,0,1.70,-0.0670,0.0613,49,0.821,0.000,0.00,0.00,38.208,0
-4.38,26.75,302.75,0.8538,-0.2219,-0.0754,0.4649,-0.96,-4.41,8.83,3.38,5.00,-3.62,9.92,0,1.70,-0.0670,0.0617,49,0.821,0.000,0.00,0.00,38.208,0
phase1 acc_mag=9.616 gravity=9.730 motion=0.114 moving_avg=0.071 rms=0.091 mean_rms=0.105 max_rms=0.125 min_rms=0.089 std=0.011 var=0.000 state=standing thr=0.128/0.350/0.850
-4.38,26.56,303.06,0.8550,-0.2208,-0.0746,0.4633,-0.88,-4.17,8.71,0.00,2.38,-9.81,9.70,0,1.70,-0.0664,0.0617,49,0.821,0.000,0.00,0.00,38.208,0
-4.44,26.62,303.06,0.8549,-0.2219,-0.0742,0.4630,-0.86,-4.33,8.79,-7.19,7.56,-0.50,9.84,0,1.70,-0.0665,0.0621,49,0.821,0.000,0.00,0.00,38.208,0
-4.62,26.56,303.25,0.8557,-0.2216,-0.0720,0.4620,-0.77,-4.20,8.67,5.62,1.00,3.25,9.66,0,1.70,-0.0656,0.0626,49,0.821,0.000,0.00,0.00,38.208,0
phase1 acc_mag=9.779 gravity=9.732 motion=0.047 moving_avg=0.070 rms=0.091 mean_rms=0.099 max_rms=0.110 min_rms=0.089 std=0.008 var=0.000 state=standing thr=0.114/0.350/0.850
-5.00,26.62,303.06,0.8547,-0.2236,-0.0700,0.4633,-0.91,-4.23,8.77,0.62,-1.38,3.62,9.78,0,1.70,-0.0654,0.0635,49,0.821,0.000,0.00,0.00,38.208,0
-5.00,26.75,302.75,0.8533,-0.2244,-0.0708,0.4652,-0.84,-4.19,8.63,-5.38,-0.88,9.69,9.63,0,1.70,-0.0659,0.0634,49,0.821,0.000,0.00,0.00,38.208,0
-4.88,26.88,302.69,0.8528,-0.2249,-0.0726,0.4658,-0.76,-4.22,8.73,-6.62,-7.44,0.62,9.73,0,1.70,-0.0667,0.0632,49,0.821,0.000,0.00,0.00,38.208,0
-4.75,27.06,302.44,0.8515,-0.2254,-0.0753,0.4675,-0.88,-4.39,8.66,-0.75,-2.38,-0.12,9.75,0,1.70,-0.0678,0.0627,49,0.821,0.000,0.00,0.00,38.208,0
phase1 acc_mag=9.572 gravity=9.730 motion=0.159 moving_avg=0.073 rms=0.094 mean_rms=0.096 max_rms=0.110 min_rms=0.089 std=0.007 var=0.000 state=standing thr=0.110/0.350/0.850
-4.56,27.12,302.38,0.8511,-0.2251,-0.0765,0.4680,-0.90,-4.36,8.70,-4.38,-3.75,4.00,9.77,0,1.70,-0.0682,0.0623,49,0.821,0.000,0.00,0.00,38.208,0
-4.44,27.06,302.44,0.8517,-0.2240,-0.0771,0.4673,-0.71,-4.31,8.68,9.69,7.44,-3.75,9.72,0,1.70,-0.0681,0.0619,49,0.821,0.000,0.00,0.00,38.208,0
-4.50,26.94,302.44,0.8519,-0.2237,-0.0762,0.4675,-1.17,-4.49,8.72,2.75,-4.50,0.62,9.88,0,1.70,-0.0678,0.0620,49,0.821,0.000,0.00,0.00,38.208,0
-4.38,26.94,302.44,0.8519,-0.2226,-0.0768,0.4678,-0.93,-4.55,8.74,5.00,-3.12,-7.44,9.90,0,1.70,-0.0678,0.0615,49,0.821,0.000,0.00,0.00,38.208,0
phase1 acc_mag=9.668 gravity=9.735 motion=0.067 moving_avg=0.067 rms=0.084 mean_rms=0.091 max_rms=0.109 min_rms=0.083 std=0.004 var=0.000 state=standing thr=0.100/0.350/0.850
-4.56,26.88,302.62,0.8528,-0.2235,-0.0751,0.4661,-1.12,-4.53,8.75,0.00,2.00,-6.38,9.92,0,1.70,-0.0673,0.0622,49,0.821,0.000,0.00,0.00,38.208,0
-4.81,26.81,302.81,0.8533,-0.2241,-0.0732,0.4650,-0.90,-4.32,8.73,-3.50,-4.00,0.12,9.78,0,1.70,-0.0667,0.0629,49,0.821,0.000,0.00,0.00,38.208,0
-4.75,26.88,302.88,0.8536,-0.2243,-0.0729,0.4644,-0.80,-4.35,8.65,-0.75,-1.75,0.25,9.72,0,1.70,-0.0666,0.0630,49,0.821,0.000,0.00,0.00,38.208,0
-4.69,27.00,303.12,0.8545,-0.2247,-0.0739,0.4625,-0.92,-4.24,8.63,-6.12,2.12,-0.62,9.66,0,1.70,-0.0668,0.0631,49,0.821,0.000,0.00,0.00,38.208,0
phase1 acc_mag=9.696 gravity=9.733 motion=0.037 moving_avg=0.066 rms=0.083 mean_rms=0.089 max_rms=0.095 min_rms=0.083 std=0.003 var=0.000 state=standing thr=0.096/0.350/0.850
-4.81,26.94,303.06,0.8541,-0.2254,-0.0724,0.4631,-0.95,-4.39,8.72,6.62,13.31,6.38,9.81,0,1.70,-0.0665,0.0636,49,0.821,0.000,0.00,0.00,38.208,0
-4.81,26.88,303.12,0.8546,-0.2242,-0.0723,0.4628,-0.95,-4.26,8.63,1.62,-6.75,-0.12,9.67,0,1.70,-0.0662,0.0633,49,0.821,0.000,0.00,0.00,38.208,0
-4.62,26.81,303.31,0.8556,-0.2238,-0.0731,0.4611,-0.95,-4.45,8.75,0.00,-0.88,-7.94,9.86,0,1.70,-0.0663,0.0631,49,0.821,0.000,0.00,0.00,38.208,0
-4.62,27.12,303.19,0.8541,-0.2263,-0.0748,0.4622,-1.08,-4.38,8.60,-5.75,-5.00,-9.31,9.71,0,1.70,-0.0674,0.0635,49,0.821,0.000,0.00,0.00,38.208,0
phase1 acc_mag=9.716 gravity=9.734 motion=0.018 moving_avg=0.071 rms=0.094 mean_rms=0.088 max_rms=0.095 min_rms=0.082 std=0.004 var=0.000 state=standing thr=0.096/0.350/0.850
-4.69,27.12,303.00,0.8536,-0.2259,-0.0742,0.4634,-0.88,-4.29,8.62,3.50,11.81,0.75,9.67,0,1.70,-0.0672,0.0634,49,0.821,0.000,0.00,0.00,38.208,0
-4.81,27.19,302.75,0.8527,-0.2269,-0.0744,0.4647,-0.91,-4.23,8.59,-3.25,-4.12,2.00,9.62,0,1.70,-0.0676,0.0636,49,0.821,0.000,0.00,0.00,38.208,0
-4.69,27.12,302.56,0.8519,-0.2259,-0.0753,0.4664,-0.91,-4.35,8.62,4.25,2.38,5.38,9.70,0,1.70,-0.0678,0.0629,49,0.821,0.000,0.00,0.00,38.208,0
phase1 acc_mag=9.564 gravity=9.731 motion=0.167 moving_avg=0.069 rms=0.091 mean_rms=0.088 max_rms=0.095 min_rms=0.082 std=0.004 var=0.000 state=standing thr=0.096/0.350/0.850
-4.75,27.25,302.50,0.8514,-0.2266,-0.0756,0.4669,-0.80,-4.19,8.56,-5.62,0.50,-0.62,9.56,0,1.70,-0.0681,0.0631,49,0.821,0.000,0.00,0.00,38.208,0
-4.81,27.38,302.38,0.8508,-0.2278,-0.0759,0.4675,-0.77,-4.21,8.51,3.50,5.62,2.25,9.53,0,1.70,-0.0684,0.0634,49,0.821,0.000,0.00,0.00,38.208,0
-4.69,27.56,302.50,0.8508,-0.2288,-0.0774,0.4667,-1.00,-4.33,8.69,-3.38,-0.75,1.38,9.76,0,1.70,-0.0691,0.0634,49,0.821,0.000,0.00,0.00,38.208,0
-4.81,27.44,302.38,0.8506,-0.2284,-0.0761,0.4674,-0.96,-4.35,8.67,-0.88,-1.75,-8.94,9.75,0,1.70,-0.0686,0.0635,49,0.821,0.000,0.00,0.00,38.208,0
phase1 acc_mag=9.584 gravity=9.732 motion=0.148 moving_avg=0.065 rms=0.088 mean_rms=0.087 max_rms=0.094 min_rms=0.082 std=0.003 var=0.000 state=standing thr=0.094/0.350/0.850
-4.88,27.44,302.38,0.8506,-0.2289,-0.0755,0.4673,-0.92,-4.18,8.61,-6.88,3.00,4.50,9.62,0,1.70,-0.0685,0.0638,49,0.821,0.000,0.00,0.00,38.208,0
-4.69,27.50,302.50,0.8509,-0.2286,-0.0771,0.4667,-0.88,-4.33,8.63,3.00,-1.00,5.25,9.70,0,1.70,-0.0689,0.0634,49,0.821,0.000,0.00,0.00,38.208,0
-4.81,27.75,302.31,0.8499,-0.2299,-0.0775,0.4679,-0.86,-4.33,8.62,5.88,-3.62,-1.38,9.68,0,1.70,-0.0693,0.0636,49,0.821,0.000,0.00,0.00,38.208,0
-4.69,27.62,302.38,0.8502,-0.2294,-0.0779,0.4674,-0.83,-4.52,8.70,0.88,1.62,3.12,9.84,0,1.70,-0.0694,0.0635,49,0.821,0.000,0.00,0.00,38.208,0
phase1 acc_mag=9.706 gravity=9.728 motion=0.021 moving_avg=0.065 rms=0.088 mean_rms=0.088 max_rms=0.094 min_rms=0.082 std=0.003 var=0.000 state=standing thr=0.094/0.350/0.850
-4.62,27.81,302.44,0.8505,-0.2303,-0.0787,0.4664,-0.90,-4.39,8.64,4.62,1.25,-4.38,9.73,0,1.70,-0.0697,0.0637,49,0.821,0.000,0.00,0.00,38.208,0
-4.56,27.69,302.62,0.8510,-0.2296,-0.0787,0.4656,-0.83,-4.49,8.62,-2.38,-0.88,-3.75,9.75,0,1.70,-0.0695,0.0635,49,0.821,0.000,0.00,0.00,38.208,0
-4.50,27.88,302.50,0.8500,-0.2307,-0.0799,0.4667,-0.94,-4.47,8.68,1.75,0.50,9.94,9.81,0,1.70,-0.0702,0.0635,49,0.821,0.000,0.00,0.00,38.208,0
-4.56,27.94,302.44,0.8499,-0.2312,-0.0801,0.4667,-0.70,-4.29,8.63,4.88,1.25,-9.31,9.66,0,1.70,-0.0704,0.0636,49,0.821,0.000,0.00,0.00,38.208,0
phase1 acc_mag=9.865 gravity=9.725 motion=0.140 moving_avg=0.064 rms=0.088 mean_rms=0.089 max_rms=0.094 min_rms=0.082 std=0.003 var=0.000 state=standing thr=0.094/0.350/0.850
-4.50,28.19,302.38,0.8494,-0.2326,-0.0812,0.4667,-0.88,-4.51,8.65,-10.19,-2.38,0.38,9.79,0,1.70,-0.0710,0.0639,49,0.821,0.000,0.00,0.00,38.208,0
-4.31,28.25,302.62,0.8503,-0.2327,-0.0829,0.4647,-0.78,-4.47,8.61,-3.50,0.50,-0.62,9.73,0,1.70,-0.0715,0.0637,49,0.821,0.000,0.00,0.00,38.208,0
-4.38,28.31,302.31,0.8488,-0.2330,-0.0833,0.4672,-0.86,-4.51,8.59,2.12,-3.00,1.88,9.74,0,1.70,-0.0718,0.0636,49,0.821,0.000,0.00,0.00,38.208,0
phase1 acc_mag=9.766 gravity=9.725 motion=0.042 moving_avg=0.061 rms=0.075 mean_rms=0.088 max_rms=0.092 min_rms=0.074 std=0.004 var=0.000 state=standing thr=0.096/0.350/0.850
-4.31,28.50,302.56,0.8497,-0.2342,-0.0838,0.4650,-0.81,-4.50,8.63,-7.06,1.25,-9.31,9.77,0,1.70,-0.0720,0.0640,49,0.821,0.000,0.00,0.00,38.208,0
-4.50,28.44,302.62,0.8499,-0.2348,-0.0822,0.4645,-0.83,-4.40,8.62,3.12,3.50,-4.25,9.71,0,1.70,-0.0716,0.0646,49,0.821,0.000,0.00,0.00,38.208,0
-4.44,28.38,302.62,0.8496,-0.2341,-0.0828,0.4653,-0.85,-4.51,8.56,-5.38,-4.75,4.12,9.71,0,1.70,-0.0717,0.0642,49,0.821,0.000,0.00,0.00,38.208,0
-4.56,28.50,302.44,0.8494,-0.2352,-0.0811,0.4655,-0.92,-4.39,8.65,4.38,7.06,-6.38,9.74,0,1.70,-0.0713,0.0648,49,0.821,0.000,0.00,0.00,38.208,0
phase1 acc_mag=9.723 gravity=9.734 motion=0.012 moving_avg=0.058 rms=0.075 mean_rms=0.085 max_rms=0.092 min_rms=0.074 std=0.006 var=0.000 state=standing thr=0.097/0.350/0.850
-4.62,28.25,302.44,0.8494,-0.2340,-0.0804,0.4661,-0.97,-4.51,8.59,5.00,3.38,3.25,9.75,0,1.70,-0.0710,0.0645,49,0.821,0.000,0.00,0.00,38.208,0
-4.69,28.31,302.25,0.8483,-0.2341,-0.0804,0.4681,-0.78,-4.28,8.52,-7.06,0.88,10.44,9.57,0,1.70,-0.0711,0.0644,49,0.821,0.000,0.00,0.00,38.208,0
-4.62,28.25,302.00,0.8477,-0.2334,-0.0815,0.4694,-0.83,-4.68,8.63,7.56,0.00,-0.62,9.85,0,1.70,-0.0715,0.0638,49,0.821,0.000,0.00,0.00,38.208,0
-4.62,28.31,302.06,0.8476,-0.2341,-0.0814,0.4691,-0.89,-4.42,8.57,-8.69,-12.44,8.19,9.68,0,1.70,-0.0715,0.0641,49,0.821,0.000,0.00,0.00,38.208,0
phase1 acc_mag=9.850 gravity=9.735 motion=0.116 moving_avg=0.063 rms=0.081 mean_rms=0.082 max_rms=0.092 min_rms=0.074 std=0.006 var=0.000 state=standing thr=0.094/0.350/0.850
-4.62,28.38,302.00,0.8471,-0.2346,-0.0818,0.4697,-0.81,-4.47,8.59,0.00,-1.12,3.75,9.72,0,1.70,-0.0718,0.0641,49,0.821,0.000,0.00,0.00,38.208,0
-4.62,28.50,302.12,0.8476,-0.2352,-0.0823,0.4684,-0.79,-4.43,8.55,-1.62,3.00,0.12,9.66,0,1.70,-0.0720,0.0643,49,0.821,0.000,0.00,0.00,38.208,0
-4.50,28.38,302.12,0.8481,-0.2335,-0.0826,0.4683,-0.95,-4.75,8.69,-1.62,-2.38,7.44,9.95,0,1.70,-0.0718,0.0638,49,0.821,0.000,0.00,0.00,38.208,0
phase1 acc_mag=9.819 gravity=9.735 motion=0.084 moving_avg=0.063 rms=0.079 mean_rms=0.080 max_rms=0.090 min_rms=0.074 std=0.005 var=0.000 state=standing thr=0.090/0.350/0.850
-4.38,28.56,302.31,0.8484,-0.2350,-0.0843,0.4669,-0.92,-4.63,8.61,-0.75,-8.31,5.38,9.82,0,1.70,-0.0725,0.0640,49,0.821,0.000,0.00,0.00,38.208,0
-4.31,28.50,302.56,0.8494,-0.2341,-0.0839,0.4653,-0.74,-4.42,8.63,5.50,6.88,-0.75,9.72,0,1.70,-0.0721,0.0639,49,0.821,0.000,0.00,0.00,38.208,0
-4.38,28.38,302.69,0.8508,-0.2334,-0.0820,0.4636,-0.83,-4.50,8.63,10.19,3.50,-8.19,9.77,0,1.70,-0.0712,0.0642,49,0.821,0.000,0.00,0.00,38.208,0
-4.31,28.12,302.81,0.8511,-0.2320,-0.0819,0.4637,-0.87,-4.46,8.63,3.50,-7.31,-1.00,9.75,0,1.70,-0.0709,0.0638,49,0.821,0.000,0.00,0.00,38.208,0
phase1 acc_mag=9.924 gravity=9.743 motion=0.181 moving_avg=0.060 rms=0.079 mean_rms=0.078 max_rms=0.090 min_rms=0.074 std=0.004 var=0.000 state=standing thr=0.086/0.350/0.850
-4.38,27.69,302.56,0.8511,-0.2285,-0.0798,0.4659,-0.79,-4.83,9.07,11.06,3.88,5.12,10.31,0,1.70,-0.0697,0.0629,49,0.821,0.000,0.00,0.00,38.208,0
-4.50,27.62,302.62,0.8518,-0.2283,-0.0791,0.4648,-0.69,-4.29,8.51,2.38,-2.50,-10.56,9.56,0,1.70,-0.0694,0.0631,49,0.821,0.000,0.00,0.00,38.208,0
-4.62,27.50,302.69,0.8517,-0.2284,-0.0770,0.4653,-0.84,-4.43,8.57,2.50,3.88,0.50,9.68,0,1.70,-0.0687,0.0635,49,0.821,0.000,0.00,0.00,38.208,0
-4.62,27.75,302.75,0.8510,-0.2305,-0.0778,0.4655,-0.84,-4.39,8.61,-1.25,-3.00,12.31,9.70,0,1.70,-0.0694,0.0640,49,0.821,0.000,0.00,0.00,38.208,0
phase1 acc_mag=9.701 gravity=9.730 motion=0.029 moving_avg=0.076 rms=0.123 mean_rms=0.086 max_rms=0.124 min_rms=0.074 std=0.017 var=0.000 state=slow thr=0.121/0.350/0.850
-4.56,27.88,302.50,0.8504,-0.2309,-0.0794,0.4661,-0.71,-4.28,8.46,-4.12,1.25,-7.56,9.51,0,1.70,-0.0701,0.0637,49,0.821,0.000,0.00,0.00,38.208,0
-4.75,27.75,302.69,0.8512,-0.2303,-0.0763,0.4654,-0.86,-4.48,8.63,-0.50,3.00,0.00,9.76,0,1.70,-0.0689,0.0642,49,0.821,0.000,0.00,0.00,38.208,0
-4.81,27.50,302.62,0.8514,-0.2293,-0.0758,0.4656,-0.90,-4.41,8.63,7.06,0.62,0.88,9.73,0,1.70,-0.0685,0.0640,49,0.821,0.000,0.00,0.00,38.208,0
phase1 acc_mag=9.930 gravity=9.722 motion=0.208 moving_avg=0.077 rms=0.124 mean_rms=0.096 max_rms=0.124 min_rms=0.074 std=0.022 var=0.000 state=standing thr=0.140/0.350/0.850
-4.62,27.31,302.62,0.8520,-0.2269,-0.0767,0.4656,-0.97,-4.65,8.72,-1.25,-5.12,11.31,9.93,0,1.70,-0.0684,0.0630,49,0.821,0.000,0.00,0.00,38.208,0
-4.44,27.12,302.56,0.8519,-0.2247,-0.0776,0.4667,-0.70,-4.41,8.64,-1.00,-9.19,2.75,9.73,0,1.70,-0.0684,0.0621,49,0.821,0.000,0.00,0.00,38.208,0
-4.31,27.19,302.62,0.8526,-0.2247,-0.0786,0.4651,-0.77,-4.41,8.65,-2.75,-6.62,-8.31,9.74,0,1.70,-0.0686,0.0620,49,0.821,0.000,0.00,0.00,38.208,0
-4.25,27.12,302.69,0.8527,-0.2241,-0.0786,0.4654,-0.79,-4.52,8.64,11.31,-6.25,3.38,9.78,0,1.70,-0.0685,0.0618,49,0.821,0.000,0.00,0.00,38.208,0
phase1 acc_mag=9.758 gravity=9.730 motion=0.029 moving_avg=0.071 rms=0.119 mean_rms=0.105 max_rms=0.124 min_rms=0.074 std=0.021 var=0.000 state=standing thr=0.147/0.350/0.850
-4.06,27.12,303.00,0.8541,-0.2238,-0.0795,0.4628,-0.76,-4.41,8.67,4.62,-5.25,-5.00,9.76,0,1.70,-0.0686,0.0618,49,0.821,0.000,0.00,0.00,38.208,0
-4.06,27.25,303.25,0.8546,-0.2245,-0.0797,0.4614,-0.83,-4.39,8.60,0.88,1.00,3.62,9.69,0,1.70,-0.0687,0.0621,49,0.821,0.000,0.00,0.00,38.208,0
-3.88,27.38,303.25,0.8547,-0.2249,-0.0814,0.4607,-0.78,-4.43,8.70,1.00,5.00,-3.12,9.79,0,1.70,-0.0693,0.0619,49,0.821,0.000,0.00,0.00,38.208,0
-3.94,27.38,303.25,0.8545,-0.2250,-0.0807,0.4612,-0.65,-4.27,8.58,-2.00,-3.62,6.25,9.61,0,1.70,-0.0691,0.0620,49,0.821,0.000,0.00,0.00,38.208,0
phase1 acc_mag=9.670 gravity=9.724 motion=0.054 moving_avg=0.070 rms=0.119 mean_rms=0.113 max_rms=0.124 min_rms=0.077 std=0.017 var=0.000 state=standing thr=0.146/0.350/0.850
-3.94,27.56,303.25,0.8541,-0.2264,-0.0822,0.4609,-0.82,-4.46,8.59,-1.75,-2.00,-3.62,9.71,0,1.70,-0.0698,0.0622,49,0.821,0.000,0.00,0.00,38.208,0
-3.88,27.62,302.94,0.8528,-0.2266,-0.0829,0.4632,-0.75,-4.46,8.63,1.25,0.38,5.62,9.74,0,1.70,-0.0703,0.0619,49,0.821,0.000,0.00,0.00,38.208,0
-3.88,27.69,302.94,0.8525,-0.2272,-0.0824,0.4635,-0.68,-4.48,8.61,0.75,2.50,5.75,9.73,0,1.70,-0.0702,0.0622,49,0.821,0.000,0.00,0.00,38.208,0
-3.88,27.62,303.19,0.8539,-0.2265,-0.0825,0.4612,-0.66,-4.44,8.54,-2.88,-1.88,-1.62,9.65,0,1.70,-0.0700,0.0621,49,0.821,0.000,0.00,0.00,38.208,0
phase1 acc_mag=9.724 gravity=9.716 motion=0.008 moving_avg=0.058 rms=0.079 mean_rms=0.120 max_rms=0.124 min_rms=0.079 std=0.005 var=0.000 state=standing thr=0.130/0.350/0.850
-3.94,27.50,303.19,0.8539,-0.2261,-0.0814,0.4615,-0.76,-4.50,8.64,1.75,4.50,-0.62,9.77,0,1.70,-0.0695,0.0622,49,0.821,0.000,0.00,0.00,38.208,0
-4.00,27.56,303.31,0.8544,-0.2267,-0.0809,0.4606,-0.74,-4.44,8.66,-0.38,7.56,-1.00,9.76,0,1.70,-0.0694,0.0626,49,0.821,0.000,0.00,0.00,38.208,0
-4.00,27.69,303.50,0.8547,-0.2277,-0.0807,0.4595,-0.75,-4.44,8.60,5.75,1.50,4.62,9.71,0,1.70,-0.0694,0.0630,49,0.821,0.000,0.00,0.00,38.208,0
-4.00,27.75,303.31,0.8540,-0.2281,-0.0818,0.4604,-1.01,-4.52,8.61,6.88,1.25,6.25,9.78,0,1.70,-0.0700,0.0629,49,0.821,0.000,0.00,0.00,38.208,0
phase1 acc_mag=9.672 gravity=9.727 motion=0.055 moving_avg=0.054 rms=0.068 mean_rms=0.109 max_rms=0.124 min_rms=0.067 std=0.021 var=0.000 state=standing thr=0.150/0.350/0.850
-3.88,27.94,303.38,0.8538,-0.2292,-0.0833,0.4599,-0.70,-4.31,8.30,-6.50,-3.62,7.81,9.38,0,1.70,-0.0706,0.0629,49,0.821,0.000,0.00,0.00,38.208,0
-3.75,28.00,303.69,0.8544,-0.2299,-0.0839,0.4584,-0.80,-4.50,8.66,-4.12,-0.75,13.69,9.79,0,1.70,-0.0708,0.0632,49,0.821,0.000,0.00,0.00,38.208,0
-3.88,28.12,303.31,0.8533,-0.2303,-0.0846,0.4601,-0.73,-4.40,8.61,-6.38,0.25,-0.88,9.70,0,1.70,-0.0713,0.0631,49,0.821,0.000,0.00,0.00,38.208,0
-3.88,28.12,303.19,0.8529,-0.2309,-0.0847,0.4605,-0.68,-4.18,8.50,-6.00,-1.75,-3.25,9.50,0,1.70,-0.0714,0.0632,49,0.821,0.000,0.00,0.00,38.208,0
phase1 acc_mag=9.794 gravity=9.721 motion=0.072 moving_avg=0.060 rms=0.082 mean_rms=0.100 max_rms=0.122 min_rms=0.067 std=0.022 var=0.001 state=standing thr=0.144/0.350/0.850
-3.94,28.12,303.25,0.8530,-0.2308,-0.0841,0.4605,-0.72,-4.38,8.53,-7.81,1.88,7.31,9.62,0,1.70,-0.0712,0.0633,49,0.821,0.000,0.00,0.00,38.208,0
-3.94,28.06,302.88,0.8518,-0.2287,-0.0840,0.4637,-0.87,-5.04,8.82,12.56,-2.25,2.25,10.20,0,1.70,-0.0711,0.0623,49,0.821,0.000,0.00,0.00,38.208,0
-4.12,27.50,302.56,0.8514,-0.2264,-0.0814,0.4661,-0.55,-4.18,8.53,-4.00,4.12,15.38,9.52,0,1.70,-0.0699,0.0619,49,0.821,0.000,0.00,0.00,38.208,0
phase1 acc_mag=9.821 gravity=9.716 motion=0.105 moving_avg=0.080 rms=0.115 mean_rms=0.096 max_rms=0.120 min_rms=0.067 std=0.021 var=0.000 state=standing thr=0.138/0.350/0.850
-4.00,27.44,302.31,0.8504,-0.2250,-0.0824,0.4683,-0.57,-4.52,8.70,2.75,-2.25,6.12,9.82,0,1.70,-0.0702,0.0611,49,0.821,0.000,0.00,0.00,38.208,0
-3.75,27.38,302.19,0.8503,-0.2232,-0.0846,0.4691,-0.60,-4.54,8.58,3.50,2.88,-9.31,9.73,0,1.70,-0.0706,0.0600,49,0.821,0.000,0.00,0.00,38.208,0
-3.75,27.44,302.25,0.8503,-0.2236,-0.0841,0.4690,-0.50,-4.45,8.62,0.88,2.88,-9.44,9.71,0,1.70,-0.0706,0.0603,49,0.821,0.000,0.00,0.00,38.208,0
-3.62,27.50,302.38,0.8508,-0.2241,-0.0859,0.4675,-0.54,-4.46,8.69,-6.50,2.88,-14.38,9.78,0,1.70,-0.0711,0.0602,49,0.821,0.000,0.00,0.00,38.208,0
phase1 acc_mag=9.730 gravity=9.720 motion=0.010 moving_avg=0.078 rms=0.114 mean_rms=0.095 max_rms=0.119 min_rms=0.067 std=0.020 var=0.000 state=standing thr=0.135/0.350/0.850
-3.50,27.62,302.25,0.8500,-0.2242,-0.0876,0.4686,-0.67,-4.59,8.66,-7.69,-7.81,7.31,9.82,0,1.70,-0.0718,0.0598,49,0.821,0.000,0.00,0.00,38.208,0
-3.44,27.62,302.19,0.8497,-0.2242,-0.0881,0.4689,-0.27,-4.59,8.28,1.00,-0.50,-0.75,9.47,0,1.70,-0.0720,0.0597,49,0.821,0.000,0.00,0.00,38.208,0
-3.56,27.31,302.44,0.8515,-0.2223,-0.0853,0.4672,-0.59,-4.46,8.63,3.38,5.12,0.75,9.73,0,1.70,-0.0706,0.0598,49,0.821,0.000,0.00,0.00,38.208,0
-3.44,27.19,302.56,0.8522,-0.2209,-0.0854,0.4665,-0.45,-4.35,8.65,3.12,-4.38,-2.38,9.69,0,1.70,-0.0703,0.0594,49,0.821,0.000,0.00,0.00,38.208,0
phase1 acc_mag=9.674 gravity=9.721 motion=0.047 moving_avg=0.089 rms=0.128 mean_rms=0.098 max_rms=0.129 min_rms=0.067 std=0.022 var=0.000 state=standing thr=0.142/0.350/0.850
-3.50,27.19,302.75,0.8529,-0.2218,-0.0846,0.4650,-0.55,-4.28,8.66,0.25,3.88,-8.19,9.68,0,1.70,-0.0701,0.0599,49,0.821,0.000,0.00,0.00,38.208,0
-3.56,27.25,302.88,0.8531,-0.2224,-0.0840,0.4644,-0.69,-4.40,8.62,3.25,-8.19,1.38,9.70,0,1.70,-0.0700,0.0603,49,0.821,0.000,0.00,0.00,38.208,0
-3.81,27.12,303.12,0.8540,-0.2227,-0.0818,0.4630,-0.53,-4.29,8.57,-0.88,4.00,3.62,9.60,0,1.70,-0.0692,0.0609,49,0.821,0.000,0.00,0.00,38.208,0
phase1 acc_mag=9.876 gravity=9.724 motion=0.151 moving_avg=0.086 rms=0.124 mean_rms=0.111 max_rms=0.129 min_rms=0.075 std=0.018 var=0.000 state=standing thr=0.147/0.350/0.850
-4.00,27.19,302.81,0.8530,-0.2235,-0.0804,0.4648,-0.61,-4.46,8.79,-7.44,-2.12,-0.12,9.88,0,1.70,-0.0690,0.0613,49,0.821,0.000,0.00,0.00,38.208,0
-4.00,27.25,302.69,0.8524,-0.2242,-0.0812,0.4654,-0.65,-4.29,8.63,2.00,1.00,0.38,9.66,0,1.70,-0.0694,0.0613,49,0.821,0.000,0.00,0.00,38.208,0
-4.19,27.44,302.50,0.8516,-0.2262,-0.0814,0.4658,-0.64,-4.30,8.64,-5.88,-5.12,-13.69,9.67,0,1.70,-0.0699,0.0619,49,0.821,0.000,0.00,0.00,38.208,0
-4.06,27.56,302.44,0.8508,-0.2261,-0.0822,0.4672,-0.54,-4.42,8.65,-0.12,-7.44,8.06,9.73,0,1.70,-0.0702,0.0616,49,0.821,0.000,0.00,0.00,38.208,0
phase1 acc_mag=9.790 gravity=9.723 motion=0.068 moving_avg=0.081 rms=0.119 mean_rms=0.119 max_rms=0.129 min_rms=0.082 std=0.011 var=0.000 state=standing thr=0.140/0.350/0.850
-4.06,27.62,302.31,0.8503,-0.2267,-0.0826,0.4677,-0.74,-4.54,8.64,-3.00,6.12,4.25,9.79,0,1.70,-0.0705,0.0616,49,0.821,0.000,0.00,0.00,38.208,0
-4.06,27.56,302.00,0.8488,-0.2260,-0.0833,0.4707,-0.75,-4.55,8.62,0.38,-6.00,3.38,9.78,0,1.70,-0.0708,0.0610,49,0.821,0.000,0.00,0.00,38.208,0
-4.19,27.75,301.56,0.8468,-0.2274,-0.0839,0.4735,-0.69,-4.47,8.61,-6.50,-7.69,8.06,9.73,0,1.70,-0.0715,0.0611,49,0.821,0.000,0.00,0.00,38.208,0
-4.31,27.69,301.50,0.8467,-0.2278,-0.0829,0.4737,-0.71,-4.47,8.60,-6.00,4.50,4.75,9.72,0,1.70,-0.0713,0.0614,49,0.821,0.000,0.00,0.00,38.208,0
phase1 acc_mag=9.751 gravity=9.725 motion=0.026 moving_avg=0.061 rms=0.088 mean_rms=0.118 max_rms=0.129 min_rms=0.088 std=0.012 var=0.000 state=standing thr=0.141/0.350/0.850
-4.12,27.81,301.62,0.8469,-0.2281,-0.0844,0.4730,-0.75,-4.58,8.58,1.88,-2.12,3.75,9.75,0,1.70,-0.0717,0.0613,49,0.821,0.000,0.00,0.00,38.208,0
-4.12,27.88,301.56,0.8466,-0.2281,-0.0846,0.4733,-0.60,-4.58,8.66,-3.00,1.38,-3.12,9.81,0,1.70,-0.0718,0.0612,49,0.821,0.000,0.00,0.00,38.208,0
-4.19,27.69,301.62,0.8471,-0.2274,-0.0837,0.4730,-0.65,-4.49,8.58,-0.75,-4.88,1.75,9.71,0,1.70,-0.0714,0.0612,49,0.821,0.000,0.00,0.00,38.208,0
phase1 acc_mag=9.676 gravity=9.721 motion=0.044 moving_avg=0.062 rms=0.088 mean_rms=0.113 max_rms=0.129 min_rms=0.087 std=0.017 var=0.000 state=standing thr=0.146/0.350/0.850
-4.19,27.75,301.69,0.8474,-0.2277,-0.0833,0.4725,-0.55,-4.44,8.58,-3.00,4.00,9.19,9.68,0,1.70,-0.0713,0.0614,49,0.821,0.000,0.00,0.00,38.208,0
-4.31,27.69,301.62,0.8472,-0.2278,-0.0823,0.4728,-0.54,-4.43,8.61,-0.75,3.62,-6.38,9.70,0,1.70,-0.0710,0.0617,49,0.821,0.000,0.00,0.00,38.208,0
-4.56,27.69,301.88,0.8488,-0.2290,-0.0796,0.4699,-0.84,-4.59,8.64,3.75,3.75,6.12,9.82,0,1.70,-0.0701,0.0628,49,0.821,0.000,0.00,0.00,38.208,0
-4.69,27.50,302.19,0.8498,-0.2281,-0.0774,0.4689,-0.68,-4.45,8.64,5.75,4.12,-1.12,9.74,0,1.70,-0.0691,0.0630,49,0.821,0.000,0.00,0.00,38.208,0
phase1 acc_mag=9.783 gravity=9.722 motion=0.061 moving_avg=0.058 rms=0.077 mean_rms=0.102 max_rms=0.129 min_rms=0.067 std=0.020 var=0.000 state=standing thr=0.143/0.350/0.850
-4.69,27.44,302.31,0.8503,-0.2283,-0.0772,0.4678,-0.67,-4.42,8.57,4.25,-5.62,-4.62,9.67,0,1.70,-0.0690,0.0632,49,0.821,0.000,0.00,0.00,38.208,0
-4.69,27.56,302.50,0.8509,-0.2292,-0.0771,0.4664,-0.75,-4.51,8.64,0.00,0.88,-5.00,9.78,0,1.70,-0.0690,0.0636,49,0.821,0.000,0.00,0.00,38.208,0
-4.94,27.56,302.50,0.8513,-0.2294,-0.0746,0.4661,-1.02,-4.71,8.68,1.25,-2.00,8.81,9.93,0,1.70,-0.0682,0.0642,49,0.821,0.000,0.00,0.00,38.208,0
phase1 acc_mag=9.618 gravity=9.723 motion=0.105 moving_avg=0.060 rms=0.080 mean_rms=0.092 max_rms=0.123 min_rms=0.067 std=0.017 var=0.000 state=standing thr=0.127/0.350/0.850
-4.94,27.25,302.50,0.8513,-0.2276,-0.0737,0.4669,-0.70,-4.31,8.57,-7.69,-1.62,1.12,9.62,0,1.70,-0.0676,0.0637,49,0.821,0.000,0.00,0.00,38.208,0
-5.00,27.25,302.19,0.8501,-0.2278,-0.0742,0.4690,-0.79,-4.58,8.70,-0.88,12.44,6.25,9.86,0,1.70,-0.0679,0.0635,49,0.821,0.000,0.00,0.00,38.208,0
-4.75,27.06,302.50,0.8514,-0.2260,-0.0749,0.4675,-0.72,-4.42,8.52,5.00,-1.25,-3.12,9.63,0,1.70,-0.0678,0.0629,49,0.821,0.000,0.00,0.00,38.208,0
-4.75,26.94,302.31,0.8512,-0.2245,-0.0744,0.4685,-0.78,-4.52,8.60,7.44,1.50,2.62,9.75,0,1.70,-0.0674,0.0625,49,0.821,0.000,0.00,0.00,38.208,0
phase1 acc_mag=9.719 gravity=9.722 motion=0.003 moving_avg=0.064 rms=0.086 mean_rms=0.084 max_rms=0.119 min_rms=0.067 std=0.009 var=0.000 state=standing thr=0.102/0.350/0.850
-4.62,26.94,302.44,0.8519,-0.2239,-0.0751,0.4675,-0.65,-4.38,8.58,5.75,7.06,-1.25,9.66,0,1.70,-0.0675,0.0622,49,0.821,0.000,0.00,0.00,38.208,0
-4.62,27.06,302.56,0.8522,-0.2244,-0.0754,0.4666,-0.67,-4.42,8.63,7.06,0.25,2.75,9.72,0,1.70,-0.0676,0.0624,49,0.821,0.000,0.00,0.00,38.208,0
-4.75,27.06,302.62,0.8522,-0.2253,-0.0744,0.4663,-0.65,-4.33,8.53,-3.38,-2.38,1.25,9.59,0,1.70,-0.0674,0.0629,49,0.821,0.000,0.00,0.00,38.208,0
-4.88,27.12,302.62,0.8525,-0.2261,-0.0735,0.4655,-0.78,-4.45,8.65,3.38,6.25,1.00,9.76,0,1.70,-0.0672,0.0634,49,0.821,0.000,0.00,0.00,38.208,0
phase1 acc_mag=9.720 gravity=9.720 motion=0.000 moving_avg=0.066 rms=0.087 mean_rms=0.083 max_rms=0.090 min_rms=0.067 std=0.005 var=0.000 state=standing thr=0.093/0.350/0.850
-4.81,27.19,302.75,0.8525,-0.2270,-0.0742,0.4650,-0.73,-4.48,8.58,4.88,-2.50,-6.88,9.71,0,1.70,-0.0675,0.0636,49,0.821,0.000,0.00,0.00,38.208,0
-4.94,27.44,302.56,0.8513,-0.2290,-0.0751,0.4661,-0.78,-4.45,8.65,-3.50,-2.38,-3.00,9.76,0,1.70,-0.0683,0.0640,49,0.821,0.000,0.00,0.00,38.208,0
-4.94,27.50,302.31,0.8502,-0.2291,-0.0753,0.4679,-0.64,-4.42,8.58,-0.50,0.25,-1.62,9.67,0,1.70,-0.0685,0.0638,49,0.821,0.000,0.00,0.00,38.208,0
-4.81,27.62,302.12,0.8492,-0.2296,-0.0770,0.4692,-0.66,-4.42,8.58,-4.12,-3.88,2.25,9.67,0,1.70,-0.0692,0.0635,49,0.821,0.000,0.00,0.00,38.208,0
phase1 acc_mag=9.694 gravity=9.720 motion=0.026 moving_avg=0.067 rms=0.088 mean_rms=0.082 max_rms=0.089 min_rms=0.067 std=0.005 var=0.000 state=standing thr=0.093/0.350/0.850
-5.00,27.56,302.06,0.8492,-0.2296,-0.0759,0.4694,-0.76,-4.55,8.62,4.50,-5.88,-4.38,9.78,0,1.70,-0.0689,0.0637,49,0.821,0.000,0.00,0.00,38.208,0
-5.12,27.44,302.44,0.8506,-0.2297,-0.0735,0.4672,-0.67,-4.38,8.57,2.12,1.12,-1.12,9.65,0,1.70,-0.0679,0.0644,49,0.821,0.000,0.00,0.00,38.208,0
-4.94,27.44,302.75,0.8522,-0.2299,-0.0739,0.4642,-0.69,-4.43,8.60,-7.81,2.00,7.31,9.70,0,1.70,-0.0679,0.0646,49,0.821,0.000,0.00,0.00,38.208,0
phase1 acc_mag=9.710 gravity=9.716 motion=0.005 moving_avg=0.062 rms=0.079 mean_rms=0.084 max_rms=0.089 min_rms=0.075 std=0.004 var=0.000 state=standing thr=0.092/0.350/0.850
-4.94,27.38,302.94,0.8529,-0.2294,-0.0732,0.4633,-0.76,-4.54,8.55,4.25,3.50,-3.38,9.71,0,1.70,-0.0675,0.0647,49,0.821,0.000,0.00,0.00,38.208,0
-5.06,27.44,303.06,0.8533,-0.2299,-0.0724,0.4624,-0.70,-4.34,8.51,3.25,0.62,-0.25,9.58,0,1.70,-0.0672,0.0651,49,0.821,0.000,0.00,0.00,38.208,0
-5.19,27.38,303.31,0.8544,-0.2300,-0.0707,0.4606,-0.83,-4.56,8.63,6.50,0.00,-2.50,9.80,0,1.70,-0.0665,0.0656,49,0.821,0.000,0.00,0.00,38.208,0
-5.25,27.19,303.56,0.8552,-0.2295,-0.0693,0.4595,-0.73,-4.46,8.64,-5.25,-0.38,7.69,9.75,0,1.70,-0.0659,0.0658,49,0.821,0.000,0.00,0.00,38.208,0
phase1 acc_mag=9.744 gravity=9.718 motion=0.027 moving_avg=0.055 rms=0.072 mean_rms=0.083 max_rms=0.089 min_rms=0.072 std=0.005 var=0.000 state=standing thr=0.093/0.350/0.850
-5.31,27.44,303.38,0.8546,-0.2308,-0.0697,0.4599,-0.68,-4.43,8.59,-5.88,3.38,3.88,9.69,0,1.70,-0.0663,0.0661,49,0.821,0.000,0.00,0.00,38.208,0
-5.31,27.44,303.44,0.8550,-0.2313,-0.0704,0.4588,-0.80,-4.50,8.61,-3.00,-1.25,-6.38,9.75,0,1.70,-0.0665,0.0662,49,0.821,0.000,0.00,0.00,38.208,0
-5.38,27.50,303.44,0.8545,-0.2316,-0.0698,0.4597,-0.80,-4.50,8.61,3.50,1.88,3.00,9.75,0,1.70,-0.0664,0.0663,49,0.821,0.000,0.00,0.00,38.208,0
-5.44,27.69,303.38,0.8541,-0.2330,-0.0702,0.4597,-0.90,-4.66,8.58,1.50,-4.38,1.00,9.81,0,1.70,-0.0668,0.0667,49,0.821,0.000,0.00,0.00,38.208,0
phase1 acc_mag=9.598 gravity=9.722 motion=0.124 moving_avg=0.055 rms=0.069 mean_rms=0.080 max_rms=0.089 min_rms=0.066 std=0.008 var=0.000 state=standing thr=0.095/0.350/0.850
-5.38,27.56,303.56,0.8549,-0.2324,-0.0695,0.4586,-0.72,-4.52,8.58,-1.62,-2.75,10.19,9.72,0,1.70,-0.0664,0.0667,49,0.821,0.000,0.00,0.00,38.208,0
-5.31,27.50,303.50,0.8549,-0.2316,-0.0696,0.4590,-0.73,-4.50,8.57,2.50,-4.88,0.25,9.71,0,1.70,-0.0663,0.0664,49,0.821,0.000,0.00,0.00,38.208,0
-5.50,27.50,303.44,0.8546,-0.2325,-0.0688,0.4592,-0.83,-4.59,8.61,-11.31,-2.38,-2.75,9.79,0,1.70,-0.0662,0.0668,49,0.821,0.000,0.00,0.00,38.208,0
phase1 acc_mag=9.724 gravity=9.723 motion=0.002 moving_avg=0.052 rms=0.066 mean_rms=0.076 max_rms=0.089 min_rms=0.066 std=0.008 var=0.000 state=standing thr=0.092/0.350/0.850
-5.31,27.44,303.56,0.8551,-0.2314,-0.0699,0.4586,-0.72,-4.52,8.58,-4.88,-4.88,0.62,9.72,0,1.70,-0.0664,0.0663,49,0.821,0.000,0.00,0.00,38.208,0
-5.75,27.31,304.06,0.8572,-0.2322,-0.0647,0.4551,-0.74,-4.40,8.60,3.38,9.69,0.62,9.69,0,1.70,-0.0644,0.0678,49,0.821,0.000,0.00,0.00,38.208,0
-5.75,27.31,303.81,0.8564,-0.2319,-0.0651,0.4567,-0.78,-4.57,8.61,1.00,-0.62,7.81,9.78,0,1.70,-0.0646,0.0675,49,0.821,0.000,0.00,0.00,38.208,0
-5.81,27.19,303.81,0.8564,-0.2317,-0.0643,0.4569,-0.87,-4.44,8.49,-8.31,6.62,0.25,9.62,0,1.70,-0.0644,0.0676,49,0.821,0.000,0.00,0.00,38.208,0
phase1 acc_mag=9.763 gravity=9.724 motion=0.040 moving_avg=0.049 rms=0.062 mean_rms=0.071 max_rms=0.089 min_rms=0.060 std=0.007 var=0.000 state=standing thr=0.084/0.350/0.850
-5.81,27.25,303.81,0.8563,-0.2322,-0.0643,0.4569,-0.75,-4.43,8.52,-6.50,3.50,0.88,9.63,0,1.70,-0.0645,0.0678,49,0.821,0.000,0.00,0.00,38.208,0
-5.94,27.31,303.81,0.8562,-0.2332,-0.0636,0.4566,-0.74,-4.46,8.53,10.44,-1.12,-1.88,9.65,0,1.70,-0.0644,0.0682,49,0.821,0.000,0.00,0.00,38.208,0
-6.06,27.12,304.00,0.8574,-0.2321,-0.0614,0.4553,-0.76,-4.53,8.52,1.12,6.88,0.75,9.68,0,1.70,-0.0633,0.0684,49,0.821,0.000,0.00,0.00,38.208,0
-6.06,27.25,303.88,0.8565,-0.2330,-0.0620,0.4564,-0.79,-4.54,8.66,-0.25,-6.00,7.19,9.81,0,1.70,-0.0638,0.0685,49,0.821,0.000,0.00,0.00,38.208,0
phase1 acc_mag=9.613 gravity=9.726 motion=0.113 moving_avg=0.054 rms=0.067 mean_rms=0.067 max_rms=0.080 min_rms=0.060 std=0.005 var=0.000 state=standing thr=0.080/0.350/0.850
-5.81,27.56,304.06,0.8569,-0.2343,-0.0649,0.4545,-0.76,-4.61,8.64,-3.38,-2.62,-3.88,9.82,0,1.70,-0.0649,0.0685,49,0.821,0.000,0.00,0.00,38.208,0
-5.62,27.44,303.94,0.8566,-0.2330,-0.0663,0.4556,-0.81,-4.52,8.55,-3.25,2.75,8.06,9.71,0,1.70,-0.0652,0.0677,49,0.821,0.000,0.00,0.00,38.208,0
-5.50,27.25,304.12,0.8577,-0.2315,-0.0663,0.4542,-0.83,-4.60,8.54,-3.88,3.12,-2.62,9.74,0,1.70,-0.0648,0.0674,49,0.821,0.000,0.00,0.00,38.208,0
-5.56,27.31,304.19,0.8577,-0.2318,-0.0661,0.4542,-0.96,-4.59,8.58,9.19,3.12,0.50,9.78,0,1.70,-0.0648,0.0675,49,0.821,0.000,0.00,0.00,38.208,0
phase1 acc_mag=9.821 gravity=9.734 motion=0.088 moving_avg=0.059 rms=0.074 mean_rms=0.066 max_rms=0.074 min_rms=0.060 std=0.003 var=0.000 state=standing thr=0.080/0.350/0.850
-5.44,27.31,304.12,0.8577,-0.2313,-0.0668,0.4543,-0.71,-4.51,8.62,1.25,-0.75,-2.38,9.75,0,1.70,-0.0649,0.0672,49,0.821,0.000,0.00,0.00,38.208,0
-5.44,27.25,304.00,0.8574,-0.2306,-0.0675,0.4551,-0.73,-4.48,8.54,-2.75,-0.75,-0.12,9.67,0,1.70,-0.0651,0.0668,49,0.821,0.000,0.00,0.00,38.208,0
-5.38,27.25,304.19,0.8581,-0.2303,-0.0671,0.4540,-0.82,-4.53,8.63,3.25,-2.00,-4.88,9.78,0,1.70,-0.0649,0.0669,49,0.821,0.000,0.00,0.00,38.208,0
phase1 acc_mag=9.802 gravity=9.734 motion=0.068 moving_avg=0.060 rms=0.075 mean_rms=0.068 max_rms=0.076 min_rms=0.060 std=0.005 var=0.000 state=standing thr=0.080/0.350/0.850
-5.25,27.31,304.31,0.8585,-0.2305,-0.0681,0.4529,-0.84,-4.59,8.62,-8.19,-6.50,-5.12,9.80,0,1.70,-0.0651,0.0668,49,0.821,0.000,0.00,0.00,38.208,0
-5.25,27.12,304.44,0.8592,-0.2292,-0.0674,0.4525,-0.82,-4.58,8.57,-5.88,0.00,2.50,9.75,0,1.70,-0.0646,0.0666,49,0.821,0.000,0.00,0.00,38.208,0
-5.12,27.44,304.25,0.8576,-0.2300,-0.0695,0.4547,-0.78,-4.54,8.61,7.44,-4.00,14.25,9.76,0,1.70,-0.0657,0.0663,49,0.821,0.000,0.00,0.00,38.208,0
-5.00,27.38,304.44,0.8589,-0.2303,-0.0701,0.4520,-0.58,-4.32,8.54,-4.25,-1.12,3.88,9.59,0,1.70,-0.0657,0.0664,49,0.821,0.000,0.00,0.00,38.208,0
phase1 acc_mag=9.680 gravity=9.730 motion=0.050 moving_avg=0.062 rms=0.076 mean_rms=0.069 max_rms=0.076 min_rms=0.060 std=0.005 var=0.000 state=standing thr=0.080/0.350/0.850
-4.94,27.25,304.38,0.8589,-0.2285,-0.0704,0.4529,-0.69,-4.45,8.58,4.75,-1.50,-0.38,9.69,0,1.70,-0.0656,0.0658,49,0.821,0.000,0.00,0.00,38.208,0
-4.94,27.06,304.50,0.8597,-0.2275,-0.0694,0.4519,-0.72,-4.51,8.65,-1.00,5.50,-4.38,9.78,0,1.70,-0.0650,0.0657,49,0.821,0.000,0.00,0.00,38.208,0
-4.88,26.94,304.50,0.8601,-0.2265,-0.0688,0.4518,-0.69,-4.53,8.66,2.88,7.56,-0.38,9.80,0,1.70,-0.0646,0.0655,49,0.821,0.000,0.00,0.00,38.208,0
-4.88,26.94,304.81,0.8610,-0.2267,-0.0686,0.4500,-0.68,-4.36,8.59,-5.75,-1.00,-8.81,9.66,0,1.70,-0.0644,0.0657,49,0.821,0.000,0.00,0.00,38.208,0
phase1 acc_mag=9.775 gravity=9.734 motion=0.041 moving_avg=0.061 rms=0.075 mean_rms=0.072 max_rms=0.076 min_rms=0.063 std=0.004 var=0.000 state=standing thr=0.081/0.350/0.850
-4.81,27.06,304.81,0.8615,-0.2269,-0.0687,0.4490,-0.70,-4.55,8.65,1.25,-2.00,-0.62,9.80,0,1.70,-0.0644,0.0658,49,0.821,0.000,0.00,0.00,38.208,0
-4.94,27.12,304.94,0.8615,-0.2280,-0.0685,0.4485,-0.85,-4.52,8.64,-1.62,-10.94,0.12,9.79,0,1.70,-0.0645,0.0663,49,0.821,0.000,0.00,0.00,38.208,0
-4.75,27.06,305.12,0.8621,-0.2274,-0.0698,0.4474,-0.63,-4.45,8.53,7.06,0.00,-5.62,9.64,0,1.70,-0.0647,0.0659,49,0.821,0.000,0.00,0.00,38.208,0
-4.75,27.31,305.38,0.8627,-0.2296,-0.0700,0.4452,-0.75,-4.51,8.66,-2.25,2.50,-0.25,9.79,0,1.70,-0.0650,0.0667,49,0.821,0.000,0.00,0.00,38.208,0
phase1 acc_mag=9.853 gravity=9.732 motion=0.122 moving_avg=0.059 rms=0.073 mean_rms=0.074 max_rms=0.076 min_rms=0.067 std=0.002 var=0.000 state=standing thr=0.080/0.350/0.850
-4.56,27.38,305.75,0.8641,-0.2294,-0.0709,0.4425,-0.86,-4.71,8.67,5.00,1.50,-6.25,9.90,0,1.70,-0.0651,0.0667,49,0.821,0.000,0.00,0.00,38.208,0
-4.69,27.25,305.50,0.8633,-0.2288,-0.0700,0.4443,-0.77,-4.53,8.62,-1.50,0.12,2.25,9.77,0,1.70,-0.0648,0.0666,49,0.821,0.000,0.00,0.00,38.208,0
-4.62,27.44,305.44,0.8628,-0.2299,-0.0713,0.4446,-0.82,-4.49,8.66,6.50,-1.12,-2.00,9.79,0,1.70,-0.0655,0.0667,49,0.821,0.000,0.00,0.00,38.208,0
-4.81,27.56,305.31,0.8621,-0.2313,-0.0703,0.4454,-0.71,-4.38,8.58,-5.12,4.25,-4.75,9.66,0,1.70,-0.0654,0.0672,49,0.821,0.000,0.00,0.00,38.208,0
phase1 acc_mag=9.838 gravity=9.728 motion=0.110 moving_avg=0.059 rms=0.070 mean_rms=0.075 max_rms=0.076 min_rms=0.070 std=0.000 var=0.000 state=standing thr=0.080/0.350/0.850
-5.06,27.62,305.25,0.8616,-0.2324,-0.0690,0.4460,-0.73,-4.49,8.66,6.38,0.00,-6.50,9.78,0,1.70,-0.0652,0.0678,49,0.821,0.000,0.00,0.00,38.208,0
-5.12,27.62,305.38,0.8621,-0.2330,-0.0682,0.4448,-0.90,-4.70,8.64,-4.88,1.88,3.62,9.88,0,1.70,-0.0650,0.0682,49,0.821,0.000,0.00,0.00,38.208,0
-5.12,27.62,305.12,0.8607,-0.2331,-0.0685,0.4474,-0.71,-4.32,8.59,-2.12,1.75,8.06,9.64,0,1.70,-0.0653,0.0680,49,0.821,0.000,0.00,0.00,38.208,0
phase1 acc_mag=9.686 gravity=9.729 motion=0.043 moving_avg=0.060 rms=0.072 mean_rms=0.074 max_rms=0.076 min_rms=0.070 std=0.001 var=0.000 state=standing thr=0.080/0.350/0.850
-5.31,27.62,304.94,0.8604,-0.2333,-0.0675,0.4481,-0.70,-4.44,8.58,1.38,2.75,5.38,9.69,0,1.70,-0.0650,0.0682,49,0.821,0.000,0.00,0.00,38.208,0
-5.44,27.69,305.12,0.8610,-0.2343,-0.0662,0.4467,-0.72,-4.33,8.51,-4.25,5.75,2.75,9.58,0,1.70,-0.0647,0.0689,49,0.821,0.000,0.00,0.00,38.208,0
-5.31,27.56,304.94,0.8602,-0.2335,-0.0674,0.4484,-0.83,-4.46,8.47,-3.25,0.75,1.25,9.61,0,1.70,-0.0651,0.0682,49,0.821,0.000,0.00,0.00,38.208,0
-5.25,27.62,305.25,0.8616,-0.2335,-0.0673,0.4457,-0.81,-4.42,8.59,5.50,6.25,-9.19,9.69,0,1.70,-0.0648,0.0685,49,0.821,0.000,0.00,0.00,38.208,0
phase1 acc_mag=9.672 gravity=9.733 motion=0.061 moving_avg=0.067 rms=0.081 mean_rms=0.074 max_rms=0.081 min_rms=0.070 std=0.002 var=0.000 state=slow thr=0.080/0.350/0.850
-5.19,27.81,305.12,0.8610,-0.2346,-0.0680,0.4461,-0.78,-4.44,8.58,-9.94,-4.38,-1.25,9.69,0,1.70,-0.0653,0.0687,49,0.821,0.000,0.00,0.00,38.208,0
-5.25,27.69,305.12,0.8609,-0.2340,-0.0677,0.4467,-0.88,-4.45,8.61,4.62,-1.12,2.50,9.73,0,1.70,-0.0651,0.0685,49,0.821,0.000,0.00,0.00,38.208,0
-5.31,27.56,305.38,0.8622,-0.2330,-0.0665,0.4449,-0.81,-4.31,8.66,-5.25,-0.25,-8.19,9.71,0,1.70,-0.0644,0.0685,49,0.821,0.000,0.00,0.00,38.208,0
-5.50,27.62,305.25,0.8616,-0.2343,-0.0652,0.4456,-0.87,-4.38,8.55,-4.50,2.12,-2.62,9.65,0,1.70,-0.0642,0.0691,49,0.821,0.000,0.00,0.00,38.208,0
phase1 acc_mag=9.825 gravity=9.730 motion=0.095 moving_avg=0.071 rms=0.091 mean_rms=0.076 max_rms=0.091 min_rms=0.070 std=0.005 var=0.000 state=slow thr=0.087/0.350/0.850
-5.44,27.50,305.00,0.8608,-0.2332,-0.0666,0.4475,-0.75,-4.36,8.56,-5.50,-4.88,-3.38,9.64,0,1.70,-0.0647,0.0684,49,0.821,0.000,0.00,0.00,38.208,0
-5.50,27.56,304.81,0.8598,-0.2336,-0.0663,0.4491,-0.98,-4.64,8.60,3.38,1.62,-1.75,9.82,0,1.70,-0.0648,0.0684,49,0.821,0.000,0.00,0.00,38.208,0
-5.50,27.88,304.69,0.8588,-0.2360,-0.0674,0.4496,-0.83,-4.46,8.57,-8.94,-4.62,10.31,9.70,0,1.70,-0.0656,0.0689,49,0.821,0.000,0.00,0.00,38.208,0
phase1 acc_mag=9.829 gravity=9.725 motion=0.104 moving_avg=0.072 rms=0.092 mean_rms=0.079 max_rms=0.093 min_rms=0.070 std=0.008 var=0.000 state=standing thr=0.095/0.350/0.850
-5.56,28.00,304.81,0.8595,-0.2369,-0.0674,0.4479,-0.92,-4.65,8.61,2.75,0.75,-9.69,9.83,0,1.70,-0.0656,0.0694,49,0.821,0.000,0.00,0.00,38.208,0
-5.56,27.88,304.75,0.8591,-0.2363,-0.0665,0.4491,-0.78,-4.51,8.48,-4.12,9.44,-4.75,9.64,0,1.70,-0.0653,0.0692,49,0.821,0.000,0.00,0.00,38.208,0
-5.69,28.00,304.75,0.8588,-0.2374,-0.0663,0.4492,-0.85,-4.61,8.61,-1.50,-0.88,-1.12,9.80,0,1.70,-0.0654,0.0696,49,0.821,0.000,0.00,0.00,38.208,0
-5.62,27.94,304.69,0.8588,-0.2368,-0.0668,0.4494,-0.87,-4.57,8.54,-2.25,-3.38,-2.00,9.72,0,1.70,-0.0655,0.0693,49,0.821,0.000,0.00,0.00,38.208,0
phase1 acc_mag=9.728 gravity=9.727 motion=0.002 moving_avg=0.070 rms=0.091 mean_rms=0.083 max_rms=0.094 min_rms=0.070 std=0.009 var=0.000 state=standing thr=0.100/0.350/0.850
-5.81,28.19,304.88,0.8588,-0.2394,-0.0655,0.4482,-0.87,-4.61,8.58,-5.00,-0.25,-2.00,9.78,0,1.70,-0.0654,0.0705,49,0.821,0.000,0.00,0.00,38.208,0
-5.94,28.25,304.88,0.8588,-0.2405,-0.0651,0.4477,-0.85,-4.54,8.57,-0.88,-4.38,1.25,9.74,0,1.70,-0.0654,0.0709,49,0.821,0.000,0.00,0.00,38.208,0
-5.94,28.12,304.81,0.8588,-0.2393,-0.0641,0.4484,-0.87,-4.51,8.48,2.50,4.62,-0.50,9.64,0,1.70,-0.0650,0.0707,49,0.821,0.000,0.00,0.00,38.208,0
-5.88,27.94,305.06,0.8599,-0.2380,-0.0641,0.4470,-0.72,-4.47,8.52,8.56,0.88,-2.00,9.65,0,1.70,-0.0646,0.0704,49,0.821,0.000,0.00,0.00,38.208,0
phase1 acc_mag=9.865 gravity=9.720 motion=0.145 moving_avg=0.074 rms=0.101 mean_rms=0.087 max_rms=0.101 min_rms=0.071 std=0.007 var=0.000 state=slow thr=0.101/0.350/0.850
-5.94,27.94,304.94,0.8594,-0.2383,-0.0640,0.4478,-0.82,-4.61,8.48,3.50,-1.12,4.62,9.69,0,1.70,-0.0647,0.0705,49,0.821,0.000,0.00,0.00,38.208,0
-5.94,27.88,304.88,0.8595,-0.2379,-0.0633,0.4481,-0.87,-4.66,8.61,6.62,3.50,4.50,9.83,0,1.70,-0.0644,0.0704,49,0.821,0.000,0.00,0.00,38.208,0
-6.06,27.88,304.88,0.8594,-0.2380,-0.0624,0.4481,-0.78,-4.48,8.56,-6.12,5.62,-3.25,9.69,0,1.70,-0.0641,0.0706,49,0.821,0.000,0.00,0.00,38.208,0
-6.12,27.81,304.75,0.8588,-0.2381,-0.0627,0.4492,-0.72,-4.48,8.48,-5.25,-4.88,-2.50,9.62,0,1.70,-0.0643,0.0705,49,0.821,0.000,0.00,0.00,38.208,0
phase1 acc_mag=9.695 gravity=9.726 motion=0.031 moving_avg=0.068 rms=0.095 mean_rms=0.092 max_rms=0.102 min_rms=0.081 std=0.005 var=0.000 state=standing thr=0.102/0.350/0.850
-5.94,28.00,305.12,0.8601,-0.2388,-0.0632,0.4463,-0.90,-4.75,8.47,7.81,4.12,-7.19,9.75,0,1.70,-0.0644,0.0709,49,0.821,0.000,0.00,0.00,38.208,0
-5.81,27.88,305.44,0.8618,-0.2374,-0.0630,0.4438,-0.65,-4.41,8.47,6.25,4.75,0.75,9.57,0,1.70,-0.0639,0.0706,49,0.821,0.000,0.00,0.00,38.208,0
-5.56,27.88,305.69,0.8628,-0.2365,-0.0648,0.4421,-0.95,-4.59,8.63,2.50,-4.88,-10.69,9.82,0,1.70,-0.0642,0.0702,49,0.821,0.000,0.00,0.00,38.208,0
phase1 acc_mag=10.131 gravity=9.731 motion=0.401 moving_avg=0.075 rms=0.101 mean_rms=0.093 max_rms=0.102 min_rms=0.087 std=0.004 var=0.000 state=slow thr=0.101/0.350/0.850
-5.69,27.31,305.81,0.8641,-0.2336,-0.0612,0.4415,-1.01,-4.79,8.87,-7.06,4.12,-0.38,10.13,0,1.70,-0.0624,0.0699,49,0.821,0.000,0.00,0.00,38.208,0
-6.06,27.12,305.88,0.8643,-0.2336,-0.0578,0.4418,-1.03,-4.36,8.63,-3.62,-1.38,4.50,9.72,0,1.70,-0.0613,0.0705,49,0.821,0.000,0.00,0.00,38.208,0
-6.12,27.19,305.81,0.8642,-0.2335,-0.0575,0.4420,-1.05,-4.70,8.67,6.12,-3.00,0.88,9.92,0,1.70,-0.0612,0.0706,49,0.821,0.000,0.00,0.00,38.208,0
-6.00,27.31,305.81,0.8640,-0.2336,-0.0596,0.4420,-0.92,-4.58,8.58,0.00,-5.25,-0.88,9.77,0,1.70,-0.0619,0.0702,49,0.821,0.000,0.00,0.00,38.208,0
phase1 acc_mag=9.736 gravity=9.732 motion=0.004 moving_avg=0.072 rms=0.102 mean_rms=0.096 max_rms=0.107 min_rms=0.087 std=0.006 var=0.000 state=standing thr=0.108/0.350/0.850
-6.00,27.19,305.56,0.8634,-0.2329,-0.0590,0.4436,-0.93,-4.69,8.36,3.75,2.38,6.25,9.63,0,1.70,-0.0617,0.0700,49,0.821,0.000,0.00,0.00,38.208,0
-5.81,27.38,305.56,0.8630,-0.2338,-0.0610,0.4437,-0.93,-4.64,8.58,-8.44,-4.50,7.44,9.80,0,1.70,-0.0625,0.0699,49,0.821,0.000,0.00,0.00,38.208,0
-5.62,27.31,305.69,0.8632,-0.2328,-0.0618,0.4438,-0.84,-4.68,8.58,-1.12,2.62,-7.06,9.81,0,1.70,-0.0626,0.0694,49,0.821,0.000,0.00,0.00,38.208,0
-5.75,27.38,305.62,0.8635,-0.2338,-0.0611,0.4426,-0.91,-4.34,8.48,2.50,7.81,-5.00,9.57,0,1.70,-0.0625,0.0699,49,0.821,0.000,0.00,0.00,38.208,0
phase1 acc_mag=9.678 gravity=9.731 motion=0.052 moving_avg=0.077 rms=0.105 mean_rms=0.098 max_rms=0.107 min_rms=0.087 std=0.006 var=0.000 state=standing thr=0.110/0.350/0.850
-5.69,27.31,305.75,0.8638,-0.2332,-0.0616,0.4424,-0.88,-4.37,8.51,-2.50,-3.00,5.25,9.61,0,1.70,-0.0626,0.0697,49,0.821,0.000,0.00,0.00,38.208,0
-5.62,27.31,305.62,0.8634,-0.2329,-0.0632,0.4431,-0.98,-4.51,8.52,-5.25,-10.06,-4.88,9.69,0,1.70,-0.0631,0.0692,49,0.821,0.000,0.00,0.00,38.208,0
-5.44,27.50,305.69,0.8635,-0.2332,-0.0645,0.4426,-0.95,-4.51,8.54,-1.12,2.38,-2.00,9.70,0,1.70,-0.0635,0.0691,49,0.821,0.000,0.00,0.00,38.208,0
-5.56,27.69,305.44,0.8624,-0.2350,-0.0645,0.4436,-1.09,-4.64,8.54,-0.25,-0.75,-7.06,9.78,0,1.70,-0.0640,0.0696,49,0.821,0.000,0.00,0.00,38.208,0
phase1 acc_mag=9.740 gravity=9.739 motion=0.001 moving_avg=0.074 rms=0.097 mean_rms=0.100 max_rms=0.108 min_rms=0.088 std=0.005 var=0.000 state=standing thr=0.111/0.350/0.850
-5.56,27.75,305.50,0.8621,-0.2356,-0.0649,0.4440,-1.02,-4.57,8.59,-1.38,-3.88,7.69,9.78,0,1.70,-0.0642,0.0697,49,0.821,0.000,0.00,0.00,38.208,0
-5.62,27.88,305.38,0.8616,-0.2368,-0.0655,0.4441,-0.90,-4.51,8.50,-2.12,-6.12,2.38,9.66,0,1.70,-0.0646,0.0700,49,0.821,0.000,0.00,0.00,38.208,0
-5.38,27.81,305.56,0.8623,-0.2354,-0.0667,0.4434,-0.85,-4.53,8.50,0.75,-3.00,-9.06,9.67,0,1.70,-0.0647,0.0694,49,0.821,0.000,0.00,0.00,38.208,0
phase1 acc_mag=9.761 gravity=9.731 motion=0.029 moving_avg=0.075 rms=0.098 mean_rms=0.100 max_rms=0.108 min_rms=0.088 std=0.005 var=0.000 state=standing thr=0.111/0.350/0.850
-5.50,27.94,305.62,0.8622,-0.2369,-0.0655,0.4429,-0.93,-4.56,8.58,0.75,11.94,0.38,9.76,0,1.70,-0.0646,0.0701,49,0.821,0.000,0.00,0.00,38.208,0
-5.69,28.00,305.38,0.8612,-0.2379,-0.0650,0.4445,-0.89,-4.53,8.48,5.88,4.25,-16.62,9.66,0,1.70,-0.0647,0.0704,49,0.821,0.000,0.00,0.00,38.208,0
-5.69,27.88,305.38,0.8613,-0.2372,-0.0646,0.4448,-0.97,-4.53,8.54,4.75,9.81,-5.00,9.72,0,1.70,-0.0644,0.0702,49,0.821,0.000,0.00,0.00,38.208,0
-5.62,27.88,305.50,0.8620,-0.2366,-0.0649,0.4436,-1.01,-4.62,8.47,-3.62,0.88,2.62,9.70,0,1.70,-0.0644,0.0701,49,0.821,0.000,0.00,0.00,38.208,0
phase1 acc_mag=9.827 gravity=9.730 motion=0.097 moving_avg=0.065 rms=0.081 mean_rms=0.101 max_rms=0.108 min_rms=0.081 std=0.005 var=0.000 state=standing thr=0.111/0.350/0.850
-5.56,27.88,305.69,0.8627,-0.2368,-0.0650,0.4420,-0.94,-4.46,8.50,-1.00,1.50,-5.38,9.64,0,1.70,-0.0643,0.0702,49,0.821,0.000,0.00,0.00,38.208,0
-5.56,27.69,305.88,0.8638,-0.2355,-0.0640,0.4409,-0.90,-4.54,8.53,6.12,-2.88,-0.25,9.70,0,1.70,-0.0636,0.0701,49,0.821,0.000,0.00,0.00,38.208,0
-5.38,27.69,306.12,0.8649,-0.2346,-0.0648,0.4390,-0.91,-4.52,8.49,8.31,-0.38,-8.19,9.66,0,1.70,-0.0636,0.0698,49,0.821,0.000,0.00,0.00,38.208,0
-5.19,27.50,306.12,0.8652,-0.2328,-0.0654,0.4393,-1.03,-4.65,8.58,3.00,-4.88,-0.12,9.81,0,1.70,-0.0635,0.0691,49,0.821,0.000,0.00,0.00,38.208,0
phase1 acc_mag=9.663 gravity=9.737 motion=0.074 moving_avg=0.068 rms=0.082 mean_rms=0.096 max_rms=0.108 min_rms=0.078 std=0.009 var=0.000 state=standing thr=0.114/0.350/0.850
-5.25,27.44,306.12,0.8650,-0.2325,-0.0658,0.4398,-1.02,-4.78,8.59,-1.88,-7.31,0.88,9.88,0,1.70,-0.0637,0.0689,49,0.821,0.000,0.00,0.00,38.208,0
-4.88,27.62,306.06,0.8647,-0.2324,-0.0689,0.4398,-0.90,-4.59,8.50,-4.12,-6.12,-0.25,9.70,0,1.70,-0.0647,0.0683,49,0.821,0.000,0.00,0.00,38.208,0
-4.81,27.38,306.12,0.8654,-0.2302,-0.0681,0.4398,-0.79,-4.54,8.58,8.06,-0.62,2.38,9.74,0,1.70,-0.0641,0.0677,49,0.821,0.000,0.00,0.00,38.208,0
phase1 acc_mag=9.665 gravity=9.736 motion=0.070 moving_avg=0.065 rms=0.081 mean_rms=0.091 max_rms=0.108 min_rms=0.078 std=0.009 var=0.000 state=standing thr=0.110/0.350/0.850
-4.75,27.38,306.19,0.8657,-0.2300,-0.0685,0.4391,-0.87,-4.48,8.52,-0.75,-8.94,-5.25,9.67,0,1.70,-0.0641,0.0676,49,0.821,0.000,0.00,0.00,38.208,0
-4.50,27.62,306.31,0.8660,-0.2311,-0.0710,0.4378,-0.97,-4.50,8.43,-5.00,-1.12,-6.38,9.60,0,1.70,-0.0651,0.0676,49,0.821,0.000,0.00,0.00,38.208,0
-4.44,27.81,306.12,0.8651,-0.2316,-0.0729,0.4390,-0.98,-4.73,8.51,0.50,-3.38,11.44,9.79,0,1.70,-0.0659,0.0673,49,0.821,0.000,0.00,0.00,38.208,0
-4.25,27.56,305.94,0.8649,-0.2296,-0.0737,0.4404,-0.80,-4.51,8.48,3.75,5.25,-8.19,9.64,0,1.70,-0.0659,0.0664,49,0.821,0.000,0.00,0.00,38.208,0
phase1 acc_mag=9.743 gravity=9.731 motion=0.012 moving_avg=0.071 rms=0.087 mean_rms=0.088 max_rms=0.100 min_rms=0.078 std=0.008 var=0.000 state=standing thr=0.103/0.350/0.850
-4.56,27.69,305.94,0.8642,-0.2321,-0.0718,0.4406,-1.07,-4.73,8.62,-0.62,3.38,0.00,9.89,0,1.70,-0.0657,0.0676,49,0.821,0.000,0.00,0.00,38.208,0
-4.62,27.62,305.94,0.8644,-0.2317,-0.0709,0.4405,-0.93,-4.65,8.55,0.88,-0.25,-6.12,9.78,0,1.70,-0.0653,0.0676,49,0.821,0.000,0.00,0.00,38.208,0
-4.56,27.75,306.19,0.8651,-0.2325,-0.0709,0.4388,-0.83,-4.62,8.48,2.62,6.62,4.38,9.69,0,1.70,-0.0654,0.0680,49,0.821,0.000,0.00,0.00,38.208,0
-5.00,27.50,306.12,0.8651,-0.2322,-0.0673,0.4396,-0.93,-4.42,8.55,1.75,6.75,-0.88,9.67,0,1.70,-0.0641,0.0685,49,0.821,0.000,0.00,0.00,38.208,0
phase1 acc_mag=9.787 gravity=9.728 motion=0.059 moving_avg=0.067 rms=0.083 mean_rms=0.086 max_rms=0.100 min_rms=0.078 std=0.006 var=0.000 state=standing thr=0.099/0.350/0.850
-5.25,27.56,306.19,0.8649,-0.2330,-0.0655,0.4398,-1.12,-4.72,8.61,2.12,-5.62,10.56,9.88,0,1.70,-0.0636,0.0691,49,0.821,0.000,0.00,0.00,38.208,0
-5.12,27.44,306.12,0.8654,-0.2319,-0.0659,0.4392,-0.95,-4.51,8.58,3.25,-5.50,-1.88,9.74,0,1.70,-0.0636,0.0687,49,0.821,0.000,0.00,0.00,38.208,0
-5.25,27.56,306.06,0.8646,-0.2336,-0.0661,0.4398,-1.10,-4.58,8.60,-7.19,7.69,7.94,9.81,0,1.70,-0.0640,0.0692,49,0.821,0.000,0.00,0.00,38.208,0
phase1 acc_mag=9.595 gravity=9.732 motion=0.137 moving_avg=0.070 rms=0.086 mean_rms=0.084 max_rms=0.090 min_rms=0.078 std=0.003 var=0.000 state=standing thr=0.090/0.350/0.850
-5.31,27.50,305.88,0.8641,-0.2330,-0.0652,0.4412,-0.84,-4.43,8.47,-4.38,8.56,7.06,9.60,0,1.70,-0.0637,0.0690,49,0.821,0.000,0.00,0.00,38.208,0
-5.25,27.56,305.62,0.8632,-0.2335,-0.0662,0.4428,-0.94,-4.65,8.61,3.50,-4.88,-0.62,9.83,0,1.70,-0.0642,0.0689,49,0.821,0.000,0.00,0.00,38.208,0
-5.56,27.69,305.50,0.8621,-0.2357,-0.0644,0.4440,-0.98,-4.57,8.52,-3.75,1.25,5.75,9.72,0,1.70,-0.0641,0.0699,49,0.821,0.000,0.00,0.00,38.208,0
-5.56,27.75,305.62,0.8627,-0.2356,-0.0644,0.4428,-1.01,-4.64,8.51,-3.12,0.75,-6.38,9.75,0,1.70,-0.0639,0.0699,49,0.821,0.000,0.00,0.00,38.208,0
phase1 acc_mag=9.878 gravity=9.735 motion=0.144 moving_avg=0.073 rms=0.091 mean_rms=0.086 max_rms=0.094 min_rms=0.080 std=0.003 var=0.000 state=standing thr=0.093/0.350/0.850
-5.75,27.62,305.69,0.8634,-0.2349,-0.0623,0.4421,-0.91,-4.49,8.56,7.19,-0.38,-5.00,9.71,0,1.70,-0.0630,0.0701,49,0.821,0.000,0.00,0.00,38.208,0
-5.75,27.50,305.69,0.8631,-0.2348,-0.0621,0.4427,-1.02,-4.57,8.46,2.62,-2.12,7.81,9.67,0,1.70,-0.0630,0.0701,49,0.821,0.000,0.00,0.00,38.208,0
-5.75,27.50,305.44,0.8624,-0.2345,-0.0629,0.4442,-0.92,-4.47,8.49,-4.12,-3.00,-5.38,9.64,0,1.70,-0.0634,0.0697,49,0.821,0.000,0.00,0.00,38.208,0
-5.56,27.56,305.31,0.8618,-0.2342,-0.0646,0.4454,-0.97,-4.58,8.58,-2.00,2.00,9.31,9.77,0,1.70,-0.0640,0.0692,49,0.821,0.000,0.00,0.00,38.208,0
phase1 acc_mag=9.691 gravity=9.729 motion=0.037 moving_avg=0.076 rms=0.093 mean_rms=0.088 max_rms=0.096 min_rms=0.081 std=0.004 var=0.000 state=standing thr=0.096/0.350/0.850
-5.50,27.62,305.25,0.8615,-0.2344,-0.0653,0.4458,-0.99,-4.56,8.54,2.50,3.38,1.12,9.73,0,1.70,-0.0643,0.0691,49,0.821,0.000,0.00,0.00,38.208,0
-5.31,27.75,305.06,0.8604,-0.2347,-0.0677,0.4472,-1.00,-4.46,8.51,-7.56,-4.62,-0.75,9.66,0,1.70,-0.0653,0.0687,49,0.821,0.000,0.00,0.00,38.208,0
-5.19,27.69,304.81,0.8597,-0.2335,-0.0693,0.4490,-0.95,-4.54,8.50,-1.62,-1.38,-2.00,9.68,0,1.70,-0.0658,0.0678,49,0.821,0.000,0.00,0.00,38.208,0
-5.12,27.69,304.94,0.8602,-0.2332,-0.0695,0.4482,-1.04,-4.63,8.50,0.88,-1.38,-4.62,9.73,0,1.70,-0.0657,0.0678,49,0.821,0.000,0.00,0.00,38.208,0
phase1 acc_mag=9.734 gravity=9.732 motion=0.003 moving_avg=0.070 rms=0.088 mean_rms=0.090 max_rms=0.096 min_rms=0.083 std=0.004 var=0.000 state=standing thr=0.097/0.350/0.850
-5.06,27.69,304.88,0.8600,-0.2330,-0.0698,0.4484,-0.79,-4.54,8.44,-3.12,0.00,-2.88,9.62,0,1.70,-0.0658,0.0676,49,0.821,0.000,0.00,0.00,38.208,0
-5.06,27.94,304.88,0.8596,-0.2349,-0.0707,0.4481,-0.91,-4.71,8.57,0.88,2.38,-1.00,9.82,0,1.70,-0.0664,0.0681,49,0.821,0.000,0.00,0.00,38.208,0
-5.00,28.00,305.06,0.8605,-0.2347,-0.0704,0.4465,-0.89,-4.74,8.56,7.94,6.25,-2.12,9.83,0,1.70,-0.0662,0.0682,49,0.821,0.000,0.00,0.00,38.208,0
-5.00,27.88,305.25,0.8611,-0.2344,-0.0703,0.4457,-0.81,-4.50,8.48,-1.62,-0.38,10.94,9.63,0,1.70,-0.0660,0.0682,49,0.821,0.000,0.00,0.00,38.208,0
phase1 acc_mag=9.749 gravity=9.731 motion=0.018 moving_avg=0.073 rms=0.090 mean_rms=0.090 max_rms=0.096 min_rms=0.083 std=0.003 var=0.000 state=standing thr=0.097/0.350/0.850
-5.19,27.94,305.12,0.8602,-0.2354,-0.0692,0.4470,-0.78,-4.54,8.53,-1.62,-0.12,4.50,9.69,0,1.70,-0.0659,0.0686,49,0.821,0.000,0.00,0.00,38.208,0
-5.25,27.94,305.06,0.8602,-0.2357,-0.0689,0.4469,-1.01,-4.65,8.59,-0.75,-5.50,-1.25,9.82,0,1.70,-0.0658,0.0688,49,0.821,0.000,0.00,0.00,38.208,0
-5.19,28.00,305.25,0.8611,-0.2355,-0.0693,0.4453,-0.81,-4.56,8.44,3.62,-3.00,-1.75,9.63,0,1.70,-0.0658,0.0688,49,0.821,0.000,0.00,0.00,38.208,0
phase1 acc_mag=9.988 gravity=9.728 motion=0.260 moving_avg=0.073 rms=0.089 mean_rms=0.091 max_rms=0.096 min_rms=0.087 std=0.002 var=0.000 state=standing thr=0.095/0.350/0.850
-5.31,28.06,305.00,0.8597,-0.2367,-0.0688,0.4474,-0.93,-4.80,8.71,2.88,3.62,9.81,9.99,0,1.70,-0.0660,0.0691,49,0.821,0.000,0.00,0.00,38.208,0
-5.31,28.00,304.94,0.8597,-0.2357,-0.0684,0.4479,-0.89,-4.56,8.54,6.62,-1.12,0.38,9.72,0,1.70,-0.0658,0.0688,49,0.821,0.000,0.00,0.00,38.208,0
-5.25,28.06,305.25,0.8608,-0.2365,-0.0688,0.4454,-0.83,-4.58,8.57,-5.00,2.50,-9.31,9.75,0,1.70,-0.0658,0.0692,49,0.821,0.000,0.00,0.00,38.208,0
-5.31,28.12,305.44,0.8613,-0.2383,-0.0681,0.4436,-0.90,-4.56,8.44,-1.38,7.56,-7.06,9.64,0,1.70,-0.0657,0.0700,49,0.821,0.000,0.00,0.00,38.208,0
phase1 acc_mag=9.838 gravity=9.731 motion=0.107 moving_avg=0.078 rms=0.093 mean_rms=0.092 max_rms=0.096 min_rms=0.087 std=0.002 var=0.000 state=standing thr=0.095/0.350/0.850
-5.44,28.06,305.69,0.8623,-0.2377,-0.0667,0.4421,-0.89,-4.54,8.54,8.06,4.75,-9.44,9.71,0,1.70,-0.0650,0.0702,49,0.821,0.000,0.00,0.00,38.208,0
-5.44,28.06,305.94,0.8632,-0.2379,-0.0664,0.4404,-0.93,-4.54,8.51,-2.38,-6.12,1.38,9.69,0,1.70,-0.0648,0.0704,49,0.821,0.000,0.00,0.00,38.208,0
-5.44,28.19,306.19,0.8639,-0.2391,-0.0661,0.4383,-0.93,-4.56,8.53,-11.31,4.38,3.75,9.72,0,1.70,-0.0648,0.0710,49,0.821,0.000,0.00,0.00,38.208,0
-5.50,28.31,306.06,0.8637,-0.2397,-0.0664,0.4384,-1.02,-4.63,8.55,0.88,0.62,-10.69,9.78,0,1.70,-0.0650,0.0712,49,0.821,0.000,0.00,0.00,38.208,0
phase1 acc_mag=9.793 gravity=9.736 motion=0.057 moving_avg=0.070 rms=0.086 mean_rms=0.090 max_rms=0.096 min_rms=0.086 std=0.002 var=0.000 state=standing thr=0.094/0.350/0.850
-5.50,28.31,306.19,0.8638,-0.2400,-0.0660,0.4382,-1.04,-4.67,8.59,-1.62,-1.88,-0.75,9.83,0,1.70,-0.0649,0.0714,49,0.821,0.000,0.00,0.00,38.208,0
-5.69,28.44,305.88,0.8622,-0.2416,-0.0657,0.4403,-1.02,-4.55,8.54,-4.00,4.00,10.94,9.73,0,1.70,-0.0652,0.0717,49,0.821,0.000,0.00,0.00,38.208,0
-5.62,28.25,305.88,0.8625,-0.2401,-0.0654,0.4406,-1.01,-4.56,8.51,-0.75,-5.50,8.31,9.71,0,1.70,-0.0649,0.0713,49,0.821,0.000,0.00,0.00,38.208,0
-5.75,28.31,305.69,0.8618,-0.2405,-0.0652,0.4419,-1.07,-4.66,8.61,0.88,1.25,5.62,9.85,0,1.70,-0.0650,0.0714,49,0.821,0.000,0.00,0.00,38.208,0
phase1 acc_mag=9.776 gravity=9.741 motion=0.035 moving_avg=0.074 rms=0.091 mean_rms=0.090 max_rms=0.096 min_rms=0.085 std=0.002 var=0.000 state=standing thr=0.093/0.350/0.850
-5.62,28.12,305.75,0.8625,-0.2388,-0.0652,0.4414,-1.02,-4.60,8.55,0.50,-1.12,-1.25,9.76,0,1.70,-0.0646,0.0709,49,0.821,0.000,0.00,0.00,38.208,0
-5.69,27.88,305.62,0.8624,-0.2369,-0.0640,0.4428,-1.05,-4.65,8.58,9.69,5.50,-1.62,9.82,0,1.70,-0.0640,0.0704,49,0.821,0.000,0.00,0.00,38.208,0
-5.69,27.94,305.44,0.8618,-0.2370,-0.0641,0.4439,-0.97,-4.62,8.61,5.88,3.00,0.00,9.82,0,1.70,-0.0642,0.0703,49,0.821,0.000,0.00,0.00,38.208,0
-5.38,28.00,305.50,0.8619,-0.2368,-0.0669,0.4434,-1.02,-4.43,8.51,-5.88,-7.69,-18.88,9.65,0,1.70,-0.0651,0.0698,49,0.821,0.000,0.00,0.00,38.208,0
phase1 acc_mag=9.949 gravity=9.737 motion=0.212 moving_avg=0.085 rms=0.110 mean_rms=0.091 max_rms=0.110 min_rms=0.085 std=0.004 var=0.000 state=slow thr=0.099/0.350/0.850
-5.00,27.94,305.31,0.8613,-0.2349,-0.0707,0.4449,-0.74,-4.49,8.47,-4.25,-1.25,-1.38,9.62,0,1.70,-0.0662,0.0684,49,0.821,0.000,0.00,0.00,38.208,0
-5.00,28.12,305.12,0.8602,-0.2363,-0.0715,0.4462,-0.91,-4.58,8.55,-4.38,1.12,7.44,9.74,0,1.70,-0.0668,0.0686,49,0.821,0.000,0.00,0.00,38.208,0
-5.00,28.12,305.06,0.8596,-0.2362,-0.0718,0.4474,-0.97,-4.52,8.57,-1.00,-2.38,10.56,9.74,0,1.70,-0.0670,0.0684,49,0.821,0.000,0.00,0.00,38.208,0
-5.06,28.12,305.06,0.8599,-0.2364,-0.0709,0.4468,-0.95,-4.46,8.53,6.12,-0.88,-0.50,9.67,0,1.70,-0.0666,0.0686,49,0.821,0.000,0.00,0.00,38.208,0
phase1 acc_mag=9.818 gravity=9.735 motion=0.083 moving_avg=0.080 rms=0.105 mean_rms=0.095 max_rms=0.110 min_rms=0.085 std=0.008 var=0.000 state=standing thr=0.111/0.350/0.850
-5.12,27.88,305.12,0.8605,-0.2350,-0.0695,0.4467,-0.90,-4.33,8.53,1.38,1.62,-4.38,9.61,0,1.70,-0.0659,0.0685,49,0.821,0.000,0.00,0.00,38.208,0
-5.12,28.00,305.25,0.8610,-0.2357,-0.0695,0.4453,-1.13,-4.64,8.65,8.56,-3.88,-8.56,9.88,0,1.70,-0.0659,0.0688,49,0.821,0.000,0.00,0.00,38.208,0
-4.88,28.12,305.38,0.8607,-0.2360,-0.0712,0.4454,-0.86,-4.57,8.52,-2.00,-5.50,-3.00,9.71,0,1.70,-0.0666,0.0685,49,0.821,0.000,0.00,0.00,38.208,0
phase1 acc_mag=9.623 gravity=9.734 motion=0.111 moving_avg=0.073 rms=0.099 mean_rms=0.097 max_rms=0.110 min_rms=0.085 std=0.008 var=0.000 state=standing thr=0.113/0.350/0.850
-5.12,28.12,305.25,0.8607,-0.2368,-0.0703,0.4453,-0.94,-4.47,8.47,4.25,5.62,-1.50,9.62,0,1.70,-0.0664,0.0690,49,0.821,0.000,0.00,0.00,38.208,0
-5.12,28.12,305.12,0.8605,-0.2362,-0.0710,0.4457,-0.97,-4.68,8.51,4.25,-4.75,-8.81,9.76,0,1.70,-0.0666,0.0686,49,0.821,0.000,0.00,0.00,38.208,0
-5.06,28.25,305.19,0.8602,-0.2375,-0.0714,0.4455,-0.96,-4.51,8.50,-9.06,2.75,6.12,9.67,0,1.70,-0.0669,0.0690,49,0.821,0.000,0.00,0.00,38.208,0
-5.12,28.38,305.12,0.8596,-0.2383,-0.0720,0.4461,-0.98,-4.61,8.57,-1.38,0.62,3.62,9.78,0,1.70,-0.0673,0.0691,49,0.821,0.000,0.00,0.00,38.208,0
phase1 acc_mag=9.637 gravity=9.732 motion=0.095 moving_avg=0.074 rms=0.100 mean_rms=0.099 max_rms=0.110 min_rms=0.085 std=0.007 var=0.000 state=standing thr=0.113/0.350/0.850
-5.19,28.62,305.31,0.8599,-0.2408,-0.0718,0.4443,-0.92,-4.53,8.47,-6.25,6.38,-2.75,9.65,0,1.70,-0.0675,0.0701,49,0.821,0.000,0.00,0.00,38.208,0
-5.12,28.75,305.44,0.8600,-0.2422,-0.0720,0.4433,-0.91,-4.64,8.51,-5.88,6.25,-1.25,9.74,0,1.70,-0.0677,0.0706,49,0.821,0.000,0.00,0.00,38.208,0
-5.31,28.81,305.31,0.8595,-0.2423,-0.0713,0.4443,-1.04,-4.55,8.58,1.38,-0.75,-1.12,9.77,0,1.70,-0.0676,0.0706,49,0.821,0.000,0.00,0.00,38.208,0
-5.12,29.00,305.12,0.8582,-0.2436,-0.0736,0.4459,-0.94,-4.65,8.43,-2.75,5.75,6.88,9.67,0,1.70,-0.0687,0.0705,49,0.821,0.000,0.00,0.00,38.208,0
phase1 acc_mag=9.895 gravity=9.736 motion=0.159 moving_avg=0.073 rms=0.098 mean_rms=0.101 max_rms=0.110 min_rms=0.091 std=0.005 var=0.000 state=standing thr=0.111/0.350/0.850
-5.25,29.19,305.00,0.8575,-0.2451,-0.0736,0.4462,-1.01,-4.70,8.53,-7.94,2.75,9.81,9.79,0,1.70,-0.0690,0.0709,49,0.821,0.000,0.00,0.00,38.208,0
-5.31,29.25,304.81,0.8569,-0.2458,-0.0736,0.4470,-0.95,-4.53,8.45,6.38,1.25,-6.25,9.63,0,1.70,-0.0692,0.0711,49,0.821,0.000,0.00,0.00,38.208,0
-5.12,29.06,304.88,0.8574,-0.2427,-0.0746,0.4476,-0.92,-4.62,8.48,6.75,-3.00,2.00,9.70,0,1.70,-0.0691,0.0699,49,0.821,0.000,0.00,0.00,38.208,0
-5.25,29.12,304.81,0.8570,-0.2444,-0.0740,0.4476,-1.00,-4.67,8.62,1.38,-3.25,0.50,9.85,0,1.70,-0.0691,0.0705,49,0.821,0.000,0.00,0.00,38.208,0
phase1 acc_mag=9.868 gravity=9.743 motion=0.125 moving_avg=0.061 rms=0.077 mean_rms=0.099 max_rms=0.110 min_rms=0.076 std=0.007 var=0.000 state=standing thr=0.113/0.350/0.850
-5.44,29.25,304.75,0.8564,-0.2458,-0.0732,0.4481,-0.85,-4.52,8.41,-4.62,9.56,5.62,9.59,0,1.70,-0.0691,0.0711,49,0.821,0.000,0.00,0.00,38.208,0
-5.69,29.50,305.19,0.8576,-0.2498,-0.0704,0.4440,-0.22,-3.12,7.57,-4.50,12.94,-1.25,8.19,0,1.70,-0.0685,0.0732,49,0.821,0.000,0.00,0.00,38.208,0
-5.88,29.44,305.00,0.8570,-0.2494,-0.0695,0.4456,-0.94,-4.42,8.56,0.25,-1.75,10.44,9.68,0,1.70,-0.0683,0.0731,49,0.821,0.000,0.00,0.00,38.208,0
-5.81,29.75,304.94,0.8561,-0.2514,-0.0714,0.4458,-1.11,-4.73,8.51,-1.62,3.75,6.88,9.80,0,1.70,-0.0693,0.0734,49,0.821,0.000,0.00,0.00,38.208,0
phase1 acc_mag=9.687 gravity=9.727 motion=0.040 moving_avg=0.086 rms=0.183 mean_rms=0.106 max_rms=0.183 min_rms=0.076 std=0.030 var=0.001 state=slow thr=0.167/0.367/0.867
-5.88,29.81,304.75,0.8555,-0.2512,-0.0717,0.4470,-1.02,-4.79,8.55,6.25,-0.12,-6.00,9.85,0,1.70,-0.0694,0.0732,49,0.821,0.000,0.00,0.00,38.208,0
-5.88,29.56,304.88,0.8560,-0.2503,-0.0704,0.4468,-1.02,-4.66,8.44,4.88,-1.50,-6.50,9.69,0,1.70,-0.0688,0.0731,49,0.821,0.000,0.00,0.00,38.208,0
-5.94,29.38,304.50,0.8549,-0.2490,-0.0699,0.4496,-1.03,-4.64,8.50,-0.75,0.88,4.50,9.74,0,1.70,-0.0687,0.0726,49,0.821,0.000,0.00,0.00,38.208,0
-6.00,29.38,304.19,0.8538,-0.2488,-0.0703,0.4518,-1.09,-4.75,8.40,-0.75,-1.25,9.69,9.71,0,1.70,-0.0690,0.0723,49,0.821,0.000,0.00,0.00,38.208,0
phase1 acc_mag=9.806 gravity=9.725 motion=0.081 moving_avg=0.088 rms=0.183 mean_rms=0.123 max_rms=0.183 min_rms=0.076 std=0.042 var=0.002 state=standing thr=0.208/0.408/0.908
-5.94,29.19,304.06,0.8538,-0.2470,-0.0704,0.4529,-0.98,-4.58,8.45,2.25,-2.50,5.00,9.66,0,1.70,-0.0688,0.0716,49,0.821,0.000,0.00,0.00,38.208,0
-6.00,29.44,303.81,0.8523,-0.2489,-0.0712,0.4545,-1.05,-4.60,8.44,-11.19,-3.12,2.88,9.67,0,1.70,-0.0695,0.0719,49,0.821,0.000,0.00,0.00,38.208,0
-6.00,29.44,303.81,0.8521,-0.2488,-0.0710,0.4549,-1.24,-4.98,8.55,5.00,1.00,3.62,9.97,0,1.70,-0.0695,0.0719,49,0.821,0.000,0.00,0.00,38.208,0
phase1 acc_mag=9.747 gravity=9.724 motion=0.023 moving_avg=0.086 rms=0.183 mean_rms=0.141 max_rms=0.184 min_rms=0.076 std=0.046 var=0.002 state=standing thr=0.233/0.433/0.933
-5.88,29.50,303.81,0.8521,-0.2490,-0.0723,0.4548,-1.14,-4.74,8.44,-2.88,-5.25,-7.06,9.75,0,1.70,-0.0699,0.0717,49,0.821,0.000,0.00,0.00,38.208,0
-5.75,29.62,303.69,0.8515,-0.2495,-0.0739,0.4553,-1.12,-4.83,8.48,-1.00,-2.62,-2.62,9.82,0,1.70,-0.0706,0.0715,49,0.821,0.000,0.00,0.00,38.208,0
