BNO055 detected! Chip ID: 0xA0
BNO055 initialized successfully!
roll,pitch,yaw,qw,qx,qy,qz,accx,accy,accz,gyrox,gyroy,gyroz,svm,state,z_v,lever_offx,lever_offy,lin_ax,lin_ay,lin_az,vx,vy,vz,speed,zupt
phase1 acc_mag=9.154 gravity=9.154 motion=0.000 moving_avg=0.000 rms=0.000 mean_rms=0.000 max_rms=0.000 min_rms=0.000 std=0.000 var=0.000 state=standing thr=0.080/0.350/0.850
0.00,0.00,0.00,0.0000,0.0000,0.0000,0.0000,-1.44,6.56,6.22,0.06,-0.81,-1.62,9.15,0,1.70,0.0000,0.0000,-1.440,6.560,6.220,-0.014,0.066,0.062,0.092,0
-9.69,-46.19,0.00,0.9170,0.3882,0.0920,-0.0003,-1.52,6.58,6.32,1.12,-0.12,0.94,9.25,0,1.70,0.0337,-0.1424,0.138,-0.401,-0.365,-0.056,0.248,-0.057,0.261,0
-9.69,-46.19,0.00,0.9170,0.3881,0.0920,-0.0001,-1.68,6.62,6.25,0.19,-1.00,-1.69,9.26,0,1.70,0.0337,-0.1424,-0.024,-0.360,-0.436,-0.051,0.221,-0.082,0.241,0
-9.75,-46.19,0.00,0.9171,0.3878,0.0927,-0.0002,-1.75,6.53,6.26,0.25,1.25,-3.31,9.21,0,1.70,0.0340,-0.1423,-0.082,-0.444,-0.430,-0.045,0.196,-0.108,0.228,0
phase1 acc_mag=9.204 gravity=9.188 motion=0.016 moving_avg=0.042 rms=0.051 mean_rms=0.039 max_rms=0.055 min_rms=0.000 std=0.015 var=0.000 state=standing thr=0.080/0.350/0.850
-9.75,-46.19,359.94,0.9171,0.3879,0.0925,0.0000,-1.59,6.52,6.27,-0.81,2.00,-1.12,9.18,0,1.70,0.0339,-0.1423,0.074,-0.458,-0.417,-0.040,0.179,-0.125,0.222,0
-9.75,-46.19,0.00,0.9171,0.3878,0.0928,-0.0002,-1.55,6.56,6.25,-1.19,0.56,-1.81,9.19,0,1.70,0.0340,-0.1422,0.121,-0.414,-0.438,-0.032,0.154,-0.151,0.219,0
-9.81,-46.12,0.00,0.9171,0.3876,0.0931,-0.0004,-1.58,6.55,6.24,-0.12,1.56,-0.25,9.18,0,1.70,0.0341,-0.1422,0.098,-0.421,-0.450,-0.024,0.129,-0.178,0.221,0
-9.81,-46.12,359.94,0.9171,0.3876,0.0934,0.0003,-1.43,6.58,6.23,-0.75,1.56,1.38,9.17,0,1.70,0.0343,-0.1422,0.249,-0.392,-0.460,-0.014,0.105,-0.204,0.230,0
phase1 acc_mag=9.220 gravity=9.190 motion=0.030 moving_avg=0.031 rms=0.040 mean_rms=0.042 max_rms=0.055 min_rms=0.000 std=0.011 var=0.000 state=standing thr=0.080/0.350/0.850
-9.94,-46.12,359.94,0.9172,0.3871,0.0942,0.0005,-1.54,6.61,6.25,-0.94,-0.19,1.75,9.23,0,1.70,0.0346,-0.1420,0.152,-0.354,-0.443,-0.010,0.085,-0.226,0.241,0
-10.06,-45.94,359.94,0.9176,0.3859,0.0954,0.0004,-1.58,6.40,6.33,-0.44,3.44,0.38,9.14,0,1.70,0.0351,-0.1416,0.134,-0.545,-0.378,-0.003,0.060,-0.246,0.253,0
-10.06,-46.00,359.94,0.9175,0.3860,0.0956,0.0004,-1.60,6.52,6.29,-1.19,-2.00,0.06,9.20,0,1.70,0.0351,-0.1417,0.117,-0.428,-0.414,0.000,0.037,-0.273,0.275,0
-10.00,-46.06,359.94,0.9174,0.3865,0.0952,0.0003,-1.57,6.65,6.27,0.25,0.31,0.25,9.27,0,1.70,0.0350,-0.1418,0.141,-0.304,-0.429,0.008,0.019,-0.294,0.295,0
phase1 acc_mag=9.172 gravity=9.194 motion=0.022 moving_avg=0.036 rms=0.045 mean_rms=0.042 max_rms=0.055 min_rms=0.000 std=0.009 var=0.000 state=standing thr=0.080/0.350/0.850
-10.00,-46.00,359.94,0.9175,0.3862,0.0953,0.0004,-1.61,6.53,6.28,2.00,0.06,0.31,9.20,0,1.70,0.0350,-0.1417,0.102,-0.421,-0.423,0.013,-0.004,-0.316,0.316,0
-9.94,-46.00,359.94,0.9175,0.3862,0.0948,0.0004,-1.55,6.48,6.31,-3.00,-1.44,0.94,9.18,0,1.70,0.0349,-0.1417,0.153,-0.470,-0.396,0.020,-0.026,-0.342,0.344,0
-9.94,-46.00,359.94,0.9175,0.3862,0.0944,0.0004,-1.60,6.62,6.24,0.12,0.06,-0.12,9.24,0,1.70,0.0347,-0.1417,0.096,-0.331,-0.466,0.028,-0.050,-0.368,0.373,0
phase1 acc_mag=9.192 gravity=9.195 motion=0.003 moving_avg=0.035 rms=0.044 mean_rms=0.043 max_rms=0.055 min_rms=0.000 std=0.008 var=0.000 state=standing thr=0.080/0.350/0.850
-9.94,-45.94,359.88,0.9178,0.3856,0.0944,0.0005,-1.60,6.48,6.32,-0.12,-0.25,0.69,9.19,0,1.70,0.0348,-0.1416,0.096,-0.463,-0.396,0.035,-0.077,-0.393,0.402,0
-9.88,-45.94,359.88,0.9177,0.3859,0.0941,0.0009,-1.67,6.94,6.68,-0.31,0.06,-0.06,9.78,0,1.70,0.0347,-0.1416,0.017,-0.007,-0.032,0.039,-0.084,-0.404,0.414,0
-9.88,-45.94,359.88,0.9177,0.3859,0.0941,0.0009,-1.67,6.98,6.68,0.31,-0.19,0.31,9.80,0,1.70,0.0347,-0.1416,0.017,0.033,-0.032,0.040,-0.083,-0.405,0.416,0
-9.88,-45.94,359.88,0.9177,0.3859,0.0941,0.0009,-1.65,6.92,6.69,0.31,0.38,-0.25,9.77,0,1.70,0.0347,-0.1416,0.037,-0.027,-0.022,0.041,-0.083,-0.407,0.418,0
phase1 acc_mag=9.784 gravity=9.298 motion=0.486 moving_avg=0.121 rms=0.227 mean_rms=0.066 max_rms=0.227 min_rms=0.023 std=0.050 var=0.003 state=slow thr=0.166/0.366/0.866
-9.88,-45.94,359.88,0.9177,0.3859,0.0941,0.0009,-1.69,6.95,6.67,0.25,0.06,0.44,9.78,0,1.70,0.0347,-0.1416,-0.003,0.003,-0.042,0.041,-0.082,-0.409,0.419,0
-9.88,-45.81,359.88,0.9182,0.3850,0.0939,0.0006,-1.65,6.83,6.73,-0.69,-0.50,-0.69,9.73,0,1.70,0.0346,-0.1414,0.036,-0.104,0.003,0.042,-0.081,-0.411,0.421,0
-9.88,-45.94,359.94,0.9179,0.3856,0.0939,0.0005,-1.68,7.05,6.67,0.44,0.44,-0.44,9.85,0,1.70,0.0346,-0.1415,0.007,0.108,-0.048,0.042,-0.078,-0.414,0.423,0
-9.88,-45.88,359.88,0.9181,0.3851,0.0939,0.0005,-1.69,6.93,6.63,0.75,-0.25,-0.06,9.74,1,1.00,0.0346,-0.1414,-0.003,-0.006,-0.095,0.042,-0.079,-0.416,0.425,0
phase1 acc_mag=9.812 gravity=9.424 motion=0.388 moving_avg=0.202 rms=0.300 mean_rms=0.113 max_rms=0.300 min_rms=0.040 std=0.096 var=0.009 state=standing thr=0.304/0.504/1.004
-9.31,-46.00,359.06,0.9179,0.3860,0.0918,0.0074,-1.38,6.96,6.67,0.56,3.94,24.19,9.74,1,1.00,0.0348,-0.1414,0.217,-0.002,-0.049,0.048,-0.079,-0.418,0.428,0
-9.31,-46.06,358.44,0.9177,0.3856,0.0945,0.0122,-1.72,7.05,6.63,-3.69,6.12,-5.88,9.83,1,1.00,0.0366,-0.1411,-0.112,0.086,-0.085,0.050,-0.073,-0.421,0.430,0
-9.31,-45.94,358.38,0.9181,0.3849,0.0938,0.0128,-1.57,6.99,6.68,1.06,-5.25,1.75,9.80,1,1.00,0.0364,-0.1409,0.021,0.035,-0.048,0.044,-0.076,-0.422,0.431,0
-9.50,-45.81,358.94,0.9183,0.3844,0.0938,0.0083,-1.59,7.03,6.66,1.62,0.75,-1.81,9.81,1,1.00,0.0357,-0.1409,0.036,0.091,-0.076,0.048,-0.078,-0.425,0.435,0
phase1 acc_mag=9.859 gravity=9.540 motion=0.320 moving_avg=0.256 rms=0.328 mean_rms=0.168 max_rms=0.328 min_rms=0.040 std=0.116 var=0.014 state=standing thr=0.400/0.600/1.100
-9.69,-45.75,359.06,0.9186,0.3834,0.0952,0.0068,-1.70,6.80,6.71,-1.25,0.00,-4.12,9.70,1,1.00,0.0360,-0.1406,-0.037,-0.121,-0.036,0.047,-0.078,-0.427,0.437,0
-9.62,-45.88,359.19,0.9182,0.3849,0.0941,0.0063,-1.58,7.13,6.68,-2.19,-2.44,1.38,9.90,1,1.00,0.0355,-0.1411,0.066,0.187,-0.048,0.047,-0.070,-0.429,0.437,0
-9.62,-45.88,359.25,0.9181,0.3849,0.0940,0.0057,-1.69,7.13,6.64,4.62,0.50,2.19,9.89,1,1.00,0.0354,-0.1412,-0.041,0.188,-0.086,0.048,-0.074,-0.431,0.440,0
phase1 acc_mag=9.657 gravity=9.666 motion=0.010 moving_avg=0.286 rms=0.343 mean_rms=0.230 max_rms=0.343 min_rms=0.044 std=0.112 var=0.013 state=standing thr=0.453/0.653/1.153
-9.56,-45.75,359.06,0.9186,0.3839,0.0935,0.0071,-1.59,6.75,6.72,-2.44,-0.06,5.06,9.66,1,1.00,0.0355,-0.1408,0.041,-0.180,-0.024,0.049,-0.073,-0.433,0.442,0
-9.75,-45.81,359.38,0.9183,0.3844,0.0948,0.0044,-1.73,6.95,6.72,-0.50,-1.81,-4.25,9.82,1,1.00,0.0355,-0.1410,-0.056,0.019,-0.012,0.047,-0.067,-0.438,0.446,0
-9.75,-45.81,359.50,0.9184,0.3844,0.0940,0.0040,-1.60,6.96,6.68,0.38,-1.12,-0.06,9.78,1,1.00,0.0351,-0.1411,0.063,0.028,-0.056,0.049,-0.065,-0.441,0.448,0
-9.75,-45.75,359.44,0.9184,0.3842,0.0942,0.0040,-1.70,6.96,6.72,-0.06,0.56,-0.25,9.82,1,1.00,0.0352,-0.1410,-0.033,0.032,-0.017,0.049,-0.063,-0.444,0.451,0
phase1 acc_mag=9.799 gravity=9.780 motion=0.019 moving_avg=0.295 rms=0.345 mean_rms=0.286 max_rms=0.345 min_rms=0.044 std=0.073 var=0.005 state=standing thr=0.433/0.633/1.133
-9.75,-45.75,359.44,0.9184,0.3842,0.0942,0.0040,-1.65,6.96,6.69,-0.31,-0.44,0.00,9.79,1,1.00,0.0352,-0.1410,0.017,0.032,-0.047,0.049,-0.062,-0.445,0.452,0
-9.75,-45.75,359.44,0.9184,0.3842,0.0942,0.0040,-1.65,6.97,6.66,-0.12,0.19,-0.25,9.78,1,1.00,0.0352,-0.1410,0.017,0.042,-0.077,0.051,-0.060,-0.448,0.455,0
-9.75,-45.75,359.44,0.9184,0.3842,0.0942,0.0040,-1.64,6.95,6.66,-0.25,-0.25,0.00,9.76,1,1.00,0.0352,-0.1410,0.027,0.022,-0.077,0.051,-0.058,-0.452,0.458,0
-9.75,-45.75,359.44,0.9184,0.3842,0.0942,0.0040,-1.66,6.97,6.68,-0.12,0.25,-0.19,9.80,1,1.00,0.0352,-0.1410,0.007,0.042,-0.057,0.000,0.000,-0.001,0.001,0
phase1 acc_mag=9.782 gravity=9.792 motion=0.010 moving_avg=0.197 rms=0.254 mean_rms=0.315 max_rms=0.345 min_rms=0.241 std=0.029 var=0.001 state=standing thr=0.374/0.574/1.074
-9.75,-45.75,359.44,0.9184,0.3842,0.0942,0.0040,-1.66,6.96,6.71,0.00,0.19,-0.06,9.81,1,1.00,0.0352,-0.1410,0.007,0.032,-0.027,0.000,0.002,-0.002,0.003,0
-9.75,-45.75,359.44,0.9185,0.3842,0.0942,0.0040,-1.67,6.97,6.66,-0.69,-0.38,-0.06,9.78,1,1.00,0.0352,-0.1410,-0.003,0.042,-0.078,-0.000,0.005,-0.005,0.007,0
-9.75,-45.75,359.44,0.9185,0.3840,0.0942,0.0040,-1.67,7.03,6.67,-0.62,-0.06,-0.56,9.83,1,1.00,0.0352,-0.1409,-0.004,0.104,-0.071,-0.000,0.008,-0.007,0.011,0
-9.75,-45.62,359.50,0.9190,0.3829,0.0941,0.0040,-1.64,6.82,6.69,1.44,0.31,0.06,9.69,1,1.00,0.0352,-0.1406,0.027,-0.089,-0.068,0.001,0.005,-0.010,0.011,0
phase1 acc_mag=9.848 gravity=9.794 motion=0.055 moving_avg=0.116 rms=0.166 mean_rms=0.299 max_rms=0.345 min_rms=0.166 std=0.056 var=0.003 state=standing thr=0.410/0.610/1.110
-9.75,-45.62,359.50,0.9189,0.3831,0.0941,0.0039,-1.65,6.89,6.74,-2.69,-0.25,-0.31,9.78,1,1.00,0.0352,-0.1407,0.017,-0.022,-0.014,0.000,0.009,-0.013,0.015,0
-9.75,-45.69,359.50,0.9188,0.3834,0.0941,0.0039,-1.68,7.04,6.69,-0.12,-0.06,-0.12,9.86,1,1.00,0.0352,-0.1407,-0.013,0.125,-0.060,0.001,0.009,-0.015,0.018,0
-9.75,-45.62,359.50,0.9190,0.3828,0.0941,0.0040,-1.67,6.90,6.74,0.56,0.31,-0.06,9.79,1,1.00,0.0352,-0.1406,-0.003,-0.007,-0.019,0.001,0.009,-0.018,0.020,0
phase1 acc_mag=9.788 gravity=9.797 motion=0.009 moving_avg=0.066 rms=0.105 mean_rms=0.259 max_rms=0.345 min_rms=0.105 std=0.086 var=0.007 state=standing thr=0.430/0.630/1.130
-9.75,-45.62,359.50,0.9190,0.3829,0.0941,0.0040,-1.66,6.95,6.69,-0.69,-0.44,0.00,9.79,1,1.00,0.0352,-0.1406,0.007,0.041,-0.068,0.000,0.013,-0.021,0.024,0
-9.75,-45.62,359.50,0.9190,0.3829,0.0941,0.0039,-1.69,6.96,6.72,-0.31,-0.06,-0.06,9.82,1,1.00,0.0352,-0.1406,-0.023,0.052,-0.038,-0.000,0.015,-0.024,0.029,0
-9.75,-45.56,359.50,0.9191,0.3828,0.0941,0.0040,-1.66,6.93,6.70,0.38,0.12,-0.06,9.78,1,1.00,0.0352,-0.1406,0.007,0.023,-0.060,0.000,0.000,-0.001,0.001,0
-9.75,-45.56,359.50,0.9191,0.3828,0.0941,0.0040,-1.65,6.91,6.71,-0.31,-0.25,-0.06,9.77,1,1.00,0.0352,-0.1406,0.017,0.003,-0.050,0.000,0.001,-0.003,0.003,0
phase1 acc_mag=9.764 gravity=9.794 motion=0.030 moving_avg=0.035 rms=0.048 mean_rms=0.207 max_rms=0.345 min_rms=0.048 std=0.101 var=0.010 state=standing thr=0.410/0.610/1.110
-9.75,-45.56,359.50,0.9191,0.3828,0.0941,0.0040,-1.67,6.97,6.67,-0.12,-0.06,0.12,9.79,1,1.00,0.0352,-0.1406,-0.003,0.063,-0.090,0.000,0.003,-0.005,0.006,0
-9.75,-45.56,359.50,0.9191,0.3826,0.0941,0.0040,-1.65,6.96,6.71,0.31,0.12,0.00,9.81,1,1.00,0.0352,-0.1405,0.017,0.055,-0.051,0.001,0.004,-0.008,0.009,0
-9.75,-45.56,359.50,0.9191,0.3825,0.0941,0.0040,-1.70,6.92,6.70,-0.69,0.00,-0.06,9.78,1,1.00,0.0352,-0.1405,-0.033,0.017,-0.063,0.000,0.006,-0.011,0.012,0
-9.75,-45.56,359.50,0.9192,0.3824,0.0941,0.0040,-1.66,6.97,6.76,0.38,0.12,-0.06,9.85,1,1.00,0.0352,-0.1405,0.007,0.068,-0.005,0.001,0.008,-0.013,0.016,0
phase1 acc_mag=9.822 gravity=9.794 motion=0.028 moving_avg=0.027 rms=0.036 mean_rms=0.143 max_rms=0.329 min_rms=0.035 std=0.091 var=0.008 state=standing thr=0.325/0.525/1.025
-9.75,-45.56,359.50,0.9192,0.3823,0.0941,0.0040,-1.69,6.94,6.72,-0.50,0.12,-0.06,9.81,1,1.00,0.0352,-0.1404,-0.023,0.040,-0.046,-0.000,0.001,-0.001,0.002,0
-9.75,-45.56,359.50,0.9192,0.3823,0.0941,0.0040,-1.68,6.99,6.66,0.38,-0.06,0.00,9.80,1,1.00,0.0352,-0.1404,-0.013,0.090,-0.106,-0.000,0.002,-0.002,0.003,0
-9.75,-45.56,359.50,0.9192,0.3823,0.0941,0.0040,-1.68,6.94,6.72,-0.12,0.12,-0.25,9.81,1,1.00,0.0352,-0.1404,-0.013,0.040,-0.046,-0.001,0.004,-0.006,0.007,0
-9.75,-45.56,359.50,0.9192,0.3823,0.0941,0.0040,-1.68,6.94,6.73,-0.50,-0.25,0.00,9.81,1,1.00,0.0352,-0.1404,-0.013,0.040,-0.036,-0.001,0.007,-0.009,0.011,0
phase1 acc_mag=9.791 gravity=9.795 motion=0.003 moving_avg=0.027 rms=0.036 mean_rms=0.093 max_rms=0.231 min_rms=0.035 std=0.063 var=0.004 state=standing thr=0.219/0.419/0.919
-9.75,-45.56,359.50,0.9192,0.3823,0.0941,0.0040,-1.66,6.95,6.70,0.06,0.06,-0.06,9.80,1,1.00,0.0352,-0.1404,0.007,0.050,-0.066,0.000,0.000,0.000,0.000,1
-9.75,-45.56,359.50,0.9192,0.3823,0.0941,0.0040,-1.69,6.94,6.70,0.25,-0.38,0.06,9.79,1,1.00,0.0352,-0.1404,-0.023,0.040,-0.066,-0.001,0.002,-0.003,0.004,0
-9.75,-45.56,359.50,0.9192,0.3823,0.0941,0.0040,-1.64,6.94,6.67,-0.31,0.25,-0.12,9.76,1,1.00,0.0352,-0.1404,0.027,0.040,-0.096,-0.001,0.004,-0.007,0.008,0
-9.75,-45.56,359.50,0.9192,0.3823,0.0941,0.0040,-1.67,6.95,6.70,0.00,-0.12,-0.06,9.80,1,1.00,0.0352,-0.1404,-0.003,0.050,-0.066,0.000,0.000,0.000,0.000,1
phase1 acc_mag=9.793 gravity=9.794 motion=0.001 moving_avg=0.019 rms=0.024 mean_rms=0.059 max_rms=0.154 min_rms=0.024 std=0.037 var=0.001 state=standing thr=0.133/0.350/0.850
-9.75,-45.56,359.50,0.9192,0.3823,0.0941,0.0040,-1.66,6.94,6.71,-0.06,-0.25,0.06,9.80,1,1.00,0.0352,-0.1404,0.007,0.040,-0.056,-0.000,0.002,-0.002,0.003,0
-9.75,-45.56,359.50,0.9192,0.3823,0.0941,0.0040,-1.68,6.95,6.69,0.06,0.31,-0.19,9.79,1,1.00,0.0352,-0.1404,-0.013,0.050,-0.076,-0.001,0.002,-0.003,0.004,0
-9.75,-45.56,359.50,0.9192,0.3823,0.0941,0.0040,-1.65,6.93,6.71,0.19,-0.12,0.12,9.79,1,1.00,0.0352,-0.1404,0.017,0.030,-0.056,0.000,0.001,-0.002,0.002,0
phase1 acc_mag=9.805 gravity=9.796 motion=0.010 moving_avg=0.014 rms=0.018 mean_rms=0.038 max_rms=0.090 min_rms=0.018 std=0.016 var=0.000 state=standing thr=0.080/0.350/0.850
-9.75,-45.56,359.50,0.9192,0.3823,0.0941,0.0040,-1.68,6.93,6.73,-0.06,0.00,0.00,9.81,1,1.00,0.0352,-0.1404,-0.013,0.030,-0.036,0.000,0.000,0.000,0.000,1
-9.75,-45.56,359.50,0.9192,0.3823,0.0941,0.0040,-1.66,6.96,6.68,-0.12,0.12,-0.06,9.79,1,1.00,0.0352,-0.1404,0.007,0.060,-0.086,0.000,0.001,-0.001,0.001,0
-9.75,-45.56,359.50,0.9192,0.3823,0.0941,0.0040,-1.68,6.95,6.70,0.19,0.06,0.00,9.80,1,1.00,0.0352,-0.1404,-0.013,0.050,-0.066,-0.000,0.001,-0.001,0.002,0
-9.75,-45.56,359.50,0.9192,0.3823,0.0941,0.0040,-1.67,6.94,6.70,0.00,-0.06,0.06,9.79,1,1.00,0.0352,-0.1404,-0.003,0.040,-0.066,0.000,0.000,0.000,0.000,1
phase1 acc_mag=9.782 gravity=9.795 motion=0.013 moving_avg=0.012 rms=0.016 mean_rms=0.028 max_rms=0.040 min_rms=0.016 std=0.008 var=0.000 state=standing thr=0.080/0.350/0.850
-9.75,-45.56,359.50,0.9192,0.3823,0.0941,0.0040,-1.65,6.93,6.71,-0.06,0.19,-0.06,9.79,1,1.00,0.0352,-0.1404,0.017,0.030,-0.056,0.000,0.000,-0.001,0.001,0
-9.75,-45.56,359.50,0.9192,0.3823,0.0941,0.0040,-1.65,6.93,6.72,0.00,-0.31,0.06,9.79,1,1.00,0.0352,-0.1404,0.017,0.030,-0.046,0.000,0.000,-0.000,0.001,0
-9.75,-45.56,359.50,0.9192,0.3823,0.0941,0.0040,-1.66,6.95,6.71,-0.12,0.19,-0.06,9.80,1,1.00,0.0352,-0.1404,0.007,0.050,-0.056,0.000,0.003,-0.004,0.004,0
-9.75,-45.56,359.50,0.9192,0.3823,0.0941,0.0040,-1.67,6.93,6.74,0.12,-0.12,0.12,9.81,1,1.00,0.0352,-0.1404,-0.003,0.030,-0.026,-0.000,0.001,-0.002,0.002,0
phase1 acc_mag=9.790 gravity=9.793 motion=0.003 moving_avg=0.011 rms=0.014 mean_rms=0.024 max_rms=0.036 min_rms=0.014 std=0.008 var=0.000 state=standing thr=0.080/0.350/0.850
-9.75,-45.56,359.50,0.9192,0.3823,0.0941,0.0040,-1.66,6.93,6.73,0.06,0.00,-0.12,9.80,1,1.00,0.0352,-0.1404,0.007,0.030,-0.036,0.000,0.000,0.000,0.000,1
-9.75,-45.56,359.50,0.9192,0.3823,0.0941,0.0040,-1.65,6.93,6.71,-0.12,0.06,0.06,9.79,1,1.00,0.0352,-0.1404,0.017,0.030,-0.056,0.000,0.001,-0.001,0.001,0
-9.75,-45.56,359.50,0.9192,0.3823,0.0941,0.0040,-1.66,6.95,6.71,-0.06,-0.06,0.06,9.80,1,1.00,0.0352,-0.1404,0.007,0.050,-0.056,0.000,0.000,0.000,0.000,1
-9.75,-45.56,359.50,0.9192,0.3823,0.0941,0.0040,-1.65,6.94,6.74,0.06,-0.12,0.06,9.81,1,1.00,0.0352,-0.1404,0.017,0.040,-0.026,0.000,0.000,-0.000,0.001,0
phase1 acc_mag=9.779 gravity=9.792 motion=0.013 moving_avg=0.010 rms=0.013 mean_rms=0.020 max_rms=0.036 min_rms=0.013 std=0.007 var=0.000 state=standing thr=0.080/0.350/0.850
-9.75,-45.56,359.50,0.9192,0.3823,0.0941,0.0040,-1.68,6.92,6.71,0.06,0.06,-0.12,9.78,1,1.00,0.0352,-0.1404,-0.013,0.020,-0.056,-0.000,0.000,-0.001,0.001,0
-9.75,-45.56,359.50,0.9192,0.3823,0.0941,0.0040,-1.65,6.95,6.73,-0.06,-0.06,0.00,9.81,1,1.00,0.0352,-0.1404,0.017,0.050,-0.036,0.000,0.000,0.000,0.000,1
-9.75,-45.56,359.50,0.9192,0.3823,0.0941,0.0040,-1.67,6.92,6.71,0.12,-0.12,-0.06,9.78,1,1.00,0.0352,-0.1404,-0.003,0.020,-0.056,0.000,0.001,-0.002,0.002,0
-9.75,-45.56,359.50,0.9192,0.3823,0.0941,0.0040,-1.68,6.94,6.70,0.06,0.06,-0.06,9.79,1,1.00,0.0352,-0.1404,-0.013,0.040,-0.066,0.000,0.000,0.000,0.000,1
phase1 acc_mag=9.802 gravity=9.792 motion=0.010 moving_avg=0.010 rms=0.013 mean_rms=0.016 max_rms=0.024 min_rms=0.013 std=0.003 var=0.000 state=standing thr=0.080/0.350/0.850
-9.75,-45.56,359.50,0.9192,0.3823,0.0941,0.0040,-1.67,6.90,6.69,0.00,-0.31,0.00,9.75,1,1.00,0.0352,-0.1404,-0.003,0.000,-0.076,-0.000,0.000,-0.001,0.001,0
-9.75,-45.56,359.50,0.9192,0.3823,0.0941,0.0040,-1.68,6.95,6.70,-0.12,0.19,-0.06,9.80,1,1.00,0.0352,-0.1404,-0.013,0.050,-0.066,-0.000,0.001,-0.001,0.002,0
-9.75,-45.56,359.50,0.9192,0.3823,0.0941,0.0040,-1.66,6.92,6.71,0.12,-0.12,0.00,9.78,1,1.00,0.0352,-0.1404,0.007,0.020,-0.056,0.000,0.001,-0.001,0.001,0
-9.75,-45.56,359.50,0.9192,0.3823,0.0941,0.0040,-1.69,6.93,6.73,0.12,0.00,-0.06,9.81,1,1.00,0.0352,-0.1404,-0.023,0.030,-0.036,0.000,0.000,0.000,0.000,1
phase1 acc_mag=9.790 gravity=9.792 motion=0.002 moving_avg=0.010 rms=0.013 mean_rms=0.014 max_rms=0.017 min_rms=0.013 std=0.002 var=0.000 state=standing thr=0.080/0.350/0.850
-9.75,-45.56,359.50,0.9192,0.3823,0.0941,0.0040,-1.66,6.94,6.72,-0.06,0.06,-0.06,9.80,1,1.00,0.0352,-0.1404,0.007,0.040,-0.046,0.000,0.000,0.000,0.000,1
-9.75,-45.56,359.50,0.9192,0.3823,0.0941,0.0040,-1.69,6.94,6.71,0.00,-0.12,0.12,9.80,1,1.00,0.0352,-0.1404,-0.023,0.040,-0.056,-0.000,0.000,-0.001,0.001,0
-9.75,-45.56,359.50,0.9192,0.3823,0.0941,0.0040,-1.68,6.93,6.71,0.00,-0.12,0.06,9.79,1,1.00,0.0352,-0.1404,-0.013,0.030,-0.056,0.000,0.000,0.000,0.000,1
phase1 acc_mag=9.804 gravity=9.793 motion=0.010 moving_avg=0.010 rms=0.013 mean_rms=0.014 max_rms=0.016 min_rms=0.013 std=0.001 var=0.000 state=standing thr=0.080/0.350/0.850
-9.75,-45.56,359.50,0.9192,0.3823,0.0941,0.0040,-1.67,6.94,6.72,-0.06,0.06,0.06,9.80,1,1.00,0.0352,-0.1404,-0.003,0.040,-0.046,0.000,0.000,0.000,0.000,1
-9.75,-45.56,359.50,0.9192,0.3823,0.0941,0.0040,-1.67,6.94,6.70,0.00,0.00,0.06,9.79,1,1.00,0.0352,-0.1404,-0.003,0.040,-0.066,0.000,0.000,0.000,0.000,1
-9.75,-45.56,359.50,0.9192,0.3823,0.0941,0.0040,-1.65,6.96,6.70,0.00,0.00,-0.06,9.80,1,1.00,0.0352,-0.1404,0.017,0.060,-0.066,0.000,0.000,0.000,0.000,1
-9.75,-45.56,359.50,0.9192,0.3823,0.0941,0.0040,-1.69,6.92,6.70,0.00,0.12,-0.06,9.78,1,1.00,0.0352,-0.1404,-0.023,0.020,-0.066,0.000,0.000,0.000,0.000,1
phase1 acc_mag=9.797 gravity=9.793 motion=0.004 moving_avg=0.010 rms=0.012 mean_rms=0.013 max_rms=0.014 min_rms=0.012 std=0.000 var=0.000 state=standing thr=0.080/0.350/0.850
-9.75,-45.56,359.50,0.9192,0.3823,0.0941,0.0040,-1.68,6.94,6.69,0.00,0.06,0.00,9.78,1,1.00,0.0352,-0.1404,-0.013,0.040,-0.076,0.000,0.000,0.000,0.000,1
-9.75,-45.56,359.50,0.9192,0.3823,0.0941,0.0040,-1.67,6.96,6.72,0.00,0.12,-0.06,9.82,1,1.00,0.0352,-0.1404,-0.003,0.060,-0.046,0.000,0.000,0.000,0.000,1
-9.75,-45.56,359.50,0.9192,0.3823,0.0941,0.0040,-1.67,6.93,6.71,0.19,0.06,0.06,9.79,1,1.00,0.0352,-0.1404,-0.003,0.030,-0.056,-0.000,0.000,-0.001,0.001,0
-9.75,-45.56,359.50,0.9192,0.3823,0.0941,0.0040,-1.67,6.95,6.70,-0.12,0.00,0.12,9.80,1,1.00,0.0352,-0.1404,-0.003,0.050,-0.066,-0.000,0.002,-0.003,0.003,0
phase1 acc_mag=9.767 gravity=9.794 motion=0.027 moving_avg=0.011 rms=0.014 mean_rms=0.013 max_rms=0.014 min_rms=0.012 std=0.000 var=0.000 state=standing thr=0.080/0.350/0.850
-9.75,-45.56,359.50,0.9192,0.3823,0.0941,0.0040,-1.69,6.93,6.71,-0.12,0.31,0.00,9.79,1,1.00,0.0352,-0.1404,-0.023,0.030,-0.056,-0.000,0.000,-0.001,0.001,0
-9.75,-45.56,359.50,0.9192,0.3823,0.0941,0.0040,-1.68,6.94,6.73,-0.12,0.12,0.00,9.81,1,1.00,0.0352,-0.1404,-0.013,0.040,-0.036,-0.000,0.001,-0.001,0.001,0
-9.75,-45.56,359.50,0.9192,0.3823,0.0941,0.0040,-1.67,6.96,6.69,0.00,0.19,-0.06,9.80,1,1.00,0.0352,-0.1404,-0.003,0.060,-0.076,-0.000,0.001,-0.001,0.002,0
-9.75,-45.56,359.50,0.9192,0.3823,0.0941,0.0040,-1.68,6.94,6.72,0.19,0.06,0.06,9.81,1,1.00,0.0352,-0.1404,-0.013,0.040,-0.046,-0.000,0.001,-0.001,0.002,0
phase1 acc_mag=9.814 gravity=9.794 motion=0.020 moving_avg=0.012 rms=0.014 mean_rms=0.013 max_rms=0.014 min_rms=0.012 std=0.001 var=0.000 state=standing thr=0.080/0.350/0.850
-9.75,-45.56,359.50,0.9192,0.3823,0.0941,0.0040,-1.68,6.94,6.70,0.00,0.12,-0.12,9.79,1,1.00,0.0352,-0.1404,-0.013,0.040,-0.066,-0.000,0.000,-0.001,0.001,0
-9.75,-45.56,359.50,0.9192,0.3823,0.0941,0.0040,-1.67,6.93,6.70,0.06,0.00,0.12,9.78,1,1.00,0.0352,-0.1404,-0.003,0.030,-0.066,0.000,0.000,0.000,0.000,1
-9.75,-45.56,359.50,0.9192,0.3823,0.0941,0.0040,-1.68,6.94,6.73,0.00,0.12,0.00,9.81,1,1.00,0.0352,-0.1404,-0.013,0.040,-0.036,0.000,0.000,0.000,0.000,1
-9.75,-45.56,359.50,0.9192,0.3823,0.0941,0.0040,-1.67,6.91,6.73,-0.06,-0.19,0.00,9.79,1,1.00,0.0352,-0.1404,-0.003,0.010,-0.036,0.000,0.000,-0.001,0.001,0
phase1 acc_mag=9.807 gravity=9.793 motion=0.014 moving_avg=0.012 rms=0.014 mean_rms=0.013 max_rms=0.014 min_rms=0.012 std=0.001 var=0.000 state=standing thr=0.080/0.350/0.850
-9.75,-45.56,359.50,0.9192,0.3823,0.0941,0.0040,-1.66,6.95,6.72,-0.06,0.12,-0.06,9.81,1,1.00,0.0352,-0.1404,0.007,0.050,-0.046,-0.000,0.001,-0.001,0.002,0
-9.75,-45.56,359.50,0.9192,0.3823,0.0941,0.0040,-1.67,6.93,6.73,0.06,-0.19,0.00,9.80,1,1.00,0.0352,-0.1404,-0.003,0.030,-0.036,-0.000,0.001,-0.002,0.002,0
-9.75,-45.56,359.50,0.9192,0.3823,0.0941,0.0040,-1.68,6.92,6.71,0.00,-0.06,-0.06,9.78,1,1.00,0.0352,-0.1404,-0.013,0.020,-0.056,0.000,0.000,0.000,0.000,1
-9.75,-45.56,359.50,0.9192,0.3823,0.0941,0.0040,-1.68,6.95,6.71,-0.12,-0.19,0.06,9.81,1,1.00,0.0352,-0.1404,-0.013,0.050,-0.056,-0.000,0.001,-0.001,0.001,0
phase1 acc_mag=9.790 gravity=9.793 motion=0.004 moving_avg=0.011 rms=0.014 mean_rms=0.014 max_rms=0.014 min_rms=0.012 std=0.001 var=0.000 state=standing thr=0.080/0.350/0.850
-9.75,-45.56,359.50,0.9192,0.3823,0.0941,0.0040,-1.68,6.93,6.72,-0.06,0.12,-0.12,9.80,1,1.00,0.0352,-0.1404,-0.013,0.030,-0.046,-0.000,0.001,-0.001,0.001,0
-9.75,-45.56,359.50,0.9192,0.3823,0.0941,0.0040,-1.68,6.93,6.71,-0.06,-0.06,0.00,9.79,1,1.00,0.0352,-0.1404,-0.013,0.030,-0.056,0.000,0.000,0.000,0.000,1
-9.75,-45.56,359.50,0.9192,0.3823,0.0941,0.0040,-1.68,6.93,6.72,0.00,0.00,-0.06,9.80,1,1.00,0.0352,-0.1404,-0.013,0.030,-0.046,0.000,0.000,0.000,0.000,1
-9.75,-45.56,359.50,0.9192,0.3823,0.0941,0.0040,-1.69,6.94,6.67,0.00,-0.06,0.00,9.77,1,1.00,0.0352,-0.1404,-0.023,0.040,-0.096,0.000,0.000,0.000,0.000,1
phase1 acc_mag=9.792 gravity=9.793 motion=0.002 moving_avg=0.013 rms=0.016 mean_rms=0.014 max_rms=0.016 min_rms=0.013 std=0.001 var=0.000 state=standing thr=0.080/0.350/0.850
-9.75,-45.56,359.50,0.9192,0.3823,0.0941,0.0040,-1.67,6.95,6.70,0.19,-0.06,0.19,9.80,1,1.00,0.0352,-0.1404,-0.003,0.050,-0.066,-0.000,0.001,-0.003,0.003,0
-9.75,-45.56,359.50,0.9192,0.3823,0.0941,0.0040,-1.65,6.93,6.74,0.12,0.00,-0.06,9.81,1,1.00,0.0352,-0.1404,0.017,0.030,-0.026,0.000,0.000,0.000,0.000,1
-9.75,-45.56,359.50,0.9192,0.3823,0.0941,0.0040,-1.67,6.95,6.71,0.00,-0.06,0.12,9.80,1,1.00,0.0352,-0.1404,-0.003,0.050,-0.056,0.000,0.000,0.000,0.000,1
-9.75,-45.56,359.50,0.9192,0.3823,0.0941,0.0040,-1.66,6.94,6.75,-0.25,-0.06,0.00,9.82,1,1.00,0.0352,-0.1404,0.007,0.040,-0.016,0.000,0.000,-0.000,0.000,0
phase1 acc_mag=9.799 gravity=9.794 motion=0.005 moving_avg=0.013 rms=0.016 mean_rms=0.015 max_rms=0.016 min_rms=0.014 std=0.001 var=0.000 state=standing thr=0.080/0.350/0.850
-9.75,-45.56,359.50,0.9192,0.3823,0.0941,0.0040,-1.69,6.96,6.73,-0.12,0.12,0.06,9.83,1,1.00,0.0352,-0.1404,-0.023,0.060,-0.036,-0.001,0.002,-0.002,0.003,0
-9.75,-45.56,359.50,0.9192,0.3823,0.0941,0.0040,-1.68,6.96,6.70,0.00,-0.06,0.06,9.81,1,1.00,0.0352,-0.1404,-0.013,0.060,-0.066,0.000,0.000,0.000,0.000,1
-9.75,-45.56,359.50,0.9192,0.3823,0.0941,0.0040,-1.68,6.94,6.70,0.19,-0.06,0.00,9.79,1,1.00,0.0352,-0.1404,-0.013,0.040,-0.066,-0.000,0.001,-0.002,0.002,0
-9.75,-45.56,359.50,0.9192,0.3823,0.0941,0.0040,-1.66,6.92,6.74,0.06,0.12,-0.12,9.80,1,1.00,0.0352,-0.1404,0.007,0.020,-0.026,0.000,0.000,-0.000,0.000,0
phase1 acc_mag=9.812 gravity=9.796 motion=0.017 moving_avg=0.013 rms=0.016 mean_rms=0.015 max_rms=0.016 min_rms=0.014 std=0.001 var=0.000 state=standing thr=0.080/0.350/0.850
-9.75,-45.56,359.50,0.9192,0.3823,0.0941,0.0040,-1.67,6.94,6.73,0.00,0.19,0.06,9.81,1,1.00,0.0352,-0.1404,-0.003,0.040,-0.036,-0.000,0.002,-0.002,0.003,0
-9.75,-45.56,359.50,0.9192,0.3823,0.0941,0.0040,-1.66,6.96,6.70,0.06,0.06,-0.06,9.80,1,1.00,0.0352,-0.1404,0.007,0.060,-0.066,0.000,0.000,0.000,0.000,1
-9.75,-45.56,359.50,0.9192,0.3823,0.0941,0.0040,-1.68,6.93,6.74,0.00,0.00,-0.06,9.81,1,1.00,0.0352,-0.1404,-0.013,0.030,-0.026,0.000,0.000,0.000,0.000,1
-9.75,-45.56,359.50,0.9192,0.3823,0.0941,0.0040,-1.67,6.91,6.72,-0.19,-0.19,0.06,9.78,1,1.00,0.0352,-0.1404,-0.003,0.010,-0.046,-0.000,0.001,-0.001,0.001,0
phase1 acc_mag=9.790 gravity=9.796 motion=0.007 moving_avg=0.013 rms=0.016 mean_rms=0.015 max_rms=0.016 min_rms=0.014 std=0.001 var=0.000 state=standing thr=0.080/0.350/0.850
-9.75,-45.56,359.50,0.9192,0.3823,0.0941,0.0040,-1.67,6.94,6.70,-0.06,0.06,0.00,9.79,1,1.00,0.0352,-0.1404,-0.003,0.040,-0.066,0.000,0.000,0.000,0.000,1
-9.75,-45.56,359.50,0.9192,0.3823,0.0941,0.0040,-1.65,6.95,6.72,-0.12,-0.12,0.00,9.81,1,1.00,0.0352,-0.1404,0.017,0.050,-0.046,0.000,0.001,-0.000,0.001,0
-9.75,-45.56,359.50,0.9192,0.3823,0.0941,0.0040,-1.68,6.92,6.71,0.00,0.06,-0.06,9.78,1,1.00,0.0352,-0.1404,-0.013,0.020,-0.056,0.000,0.000,0.000,0.000,1
-9.75,-45.56,359.50,0.9192,0.3823,0.0941,0.0040,-1.69,6.92,6.70,-0.12,0.12,0.06,9.78,1,1.00,0.0352,-0.1404,-0.023,0.020,-0.066,-0.000,0.000,-0.001,0.001,0
phase1 acc_mag=9.788 gravity=9.796 motion=0.008 moving_avg=0.013 rms=0.016 mean_rms=0.016 max_rms=0.016 min_rms=0.014 std=0.000 var=0.000 state=standing thr=0.080/0.350/0.850
-9.75,-45.56,359.50,0.9192,0.3823,0.0941,0.0040,-1.70,6.92,6.71,0.00,-0.06,0.06,9.79,1,1.00,0.0352,-0.1404,-0.033,0.020,-0.056,0.000,0.000,0.000,0.000,1
-9.75,-45.56,359.50,0.9192,0.3823,0.0941,0.0040,-1.66,6.94,6.70,0.12,-0.12,-0.06,9.79,1,1.00,0.0352,-0.1404,0.007,0.040,-0.066,-0.000,0.001,-0.001,0.001,0
-9.75,-45.56,359.50,0.9192,0.3823,0.0941,0.0040,-1.67,6.96,6.71,0.12,0.12,-0.12,9.81,1,1.00,0.0352,-0.1404,-0.003,0.060,-0.056,-0.000,0.001,-0.001,0.001,0
-9.75,-45.56,359.50,0.9192,0.3823,0.0941,0.0040,-1.68,6.95,6.71,0.00,0.19,0.06,9.81,1,1.00,0.0352,-0.1404,-0.013,0.050,-0.056,-0.000,0.001,-0.001,0.001,0
phase1 acc_mag=9.786 gravity=9.798 motion=0.012 moving_avg=0.012 rms=0.015 mean_rms=0.016 max_rms=0.016 min_rms=0.015 std=0.000 var=0.000 state=standing thr=0.080/0.350/0.850
-9.75,-45.56,359.50,0.9192,0.3823,0.0941,0.0040,-1.67,6.93,6.73,0.06,0.12,0.06,9.80,1,1.00,0.0352,-0.1404,-0.003,0.030,-0.036,-0.000,0.000,-0.000,0.000,0
-9.75,-45.56,359.50,0.9192,0.3823,0.0941,0.0040,-1.68,6.94,6.71,-0.12,-0.06,-0.12,9.80,1,1.00,0.0352,-0.1404,-0.013,0.040,-0.056,-0.000,0.002,-0.003,0.003,0
-9.75,-45.56,359.50,0.9192,0.3823,0.0941,0.0040,-1.67,6.94,6.72,0.00,-0.19,0.06,9.80,1,1.00,0.0352,-0.1404,-0.003,0.040,-0.046,0.000,0.001,-0.001,0.001,0
-9.75,-45.56,359.50,0.9192,0.3823,0.0941,0.0040,-1.68,6.93,6.70,0.00,-0.06,-0.06,9.78,1,1.00,0.0352,-0.1404,-0.013,0.030,-0.066,0.000,0.000,0.000,0.000,1
phase1 acc_mag=9.803 gravity=9.797 motion=0.006 moving_avg=0.010 rms=0.013 mean_rms=0.015 max_rms=0.016 min_rms=0.013 std=0.001 var=0.000 state=standing thr=0.080/0.350/0.850
-9.75,-45.56,359.50,0.9192,0.3823,0.0941,0.0040,-1.68,6.94,6.71,0.06,-0.19,0.12,9.80,1,1.00,0.0352,-0.1404,-0.013,0.040,-0.056,-0.000,0.001,-0.001,0.001,0
-9.75,-45.56,359.50,0.9192,0.3823,0.0941,0.0040,-1.65,6.94,6.72,-0.06,-0.06,0.00,9.80,1,1.00,0.0352,-0.1404,0.017,0.040,-0.046,0.000,0.000,0.000,0.000,1
-9.75,-45.56,359.50,0.9192,0.3823,0.0941,0.0040,-1.66,6.95,6.68,0.06,-0.25,0.06,9.78,1,1.00,0.0352,-0.1404,0.007,0.050,-0.086,0.000,0.001,-0.001,0.001,0
-9.75,-45.56,359.50,0.9192,0.3823,0.0941,0.0040,-1.67,6.95,6.70,0.12,0.00,0.00,9.80,1,1.00,0.0352,-0.1404,-0.003,0.050,-0.066,0.000,0.000,0.000,0.000,1
phase1 acc_mag=9.798 gravity=9.796 motion=0.002 moving_avg=0.010 rms=0.013 mean_rms=0.015 max_rms=0.016 min_rms=0.012 std=0.001 var=0.000 state=standing thr=0.080/0.350/0.850
-9.75,-45.56,359.50,0.9192,0.3823,0.0941,0.0040,-1.68,6.92,6.70,-0.06,0.12,-0.06,9.78,1,1.00,0.0352,-0.1404,-0.013,0.020,-0.066,-0.000,0.000,-0.001,0.001,0
-9.75,-45.56,359.50,0.9192,0.3823,0.0941,0.0040,-1.65,6.93,6.69,0.06,-0.06,0.00,9.77,1,1.00,0.0352,-0.1404,0.017,0.030,-0.076,0.000,0.000,0.000,0.000,1
-9.75,-45.56,359.50,0.9192,0.3823,0.0941,0.0040,-1.67,6.97,6.74,0.06,0.00,-0.06,9.84,1,1.00,0.0352,-0.1404,-0.003,0.070,-0.026,0.000,0.000,0.000,0.000,1
-9.75,-45.56,359.50,0.9192,0.3823,0.0941,0.0040,-1.66,6.93,6.72,0.06,-0.06,-0.06,9.79,1,1.00,0.0352,-0.1404,0.007,0.030,-0.046,0.000,0.000,0.000,0.000,1
phase1 acc_mag=9.821 gravity=9.797 motion=0.024 moving_avg=0.010 rms=0.014 mean_rms=0.014 max_rms=0.016 min_rms=0.012 std=0.001 var=0.000 state=standing thr=0.080/0.350/0.850
-9.75,-45.56,359.50,0.9192,0.3823,0.0941,0.0040,-1.68,6.94,6.71,0.06,-0.19,-0.12,9.80,1,1.00,0.0352,-0.1404,-0.013,0.040,-0.056,0.000,0.001,-0.001,0.001,0
-9.75,-45.56,359.50,0.9192,0.3823,0.0941,0.0040,-1.68,6.95,6.72,0.12,0.12,-0.06,9.81,1,1.00,0.0352,-0.1404,-0.013,0.050,-0.046,-0.000,0.001,-0.001,0.002,0
-9.75,-45.56,359.50,0.9192,0.3823,0.0941,0.0040,-1.65,6.91,6.72,0.06,0.12,0.00,9.78,1,1.00,0.0352,-0.1404,0.017,0.010,-0.046,0.000,0.000,0.000,0.000,1
-9.75,-45.56,359.50,0.9192,0.3823,0.0941,0.0040,-1.67,6.94,6.73,-0.12,0.00,0.00,9.81,1,1.00,0.0352,-0.1404,-0.003,0.040,-0.036,0.000,0.000,0.000,0.000,1
phase1 acc_mag=9.798 gravity=9.798 motion=0.001 moving_avg=0.011 rms=0.015 mean_rms=0.014 max_rms=0.015 min_rms=0.012 std=0.001 var=0.000 state=standing thr=0.080/0.350/0.850
-9.75,-45.56,359.50,0.9192,0.3823,0.0941,0.0040,-1.65,6.93,6.70,0.06,0.12,0.00,9.78,1,1.00,0.0352,-0.1404,0.017,0.030,-0.066,0.000,0.000,0.000,0.000,1
-9.75,-45.56,359.50,0.9192,0.3823,0.0941,0.0040,-1.68,6.91,6.71,0.00,-0.19,0.06,9.78,1,1.00,0.0352,-0.1404,-0.013,0.010,-0.056,-0.000,0.000,-0.001,0.001,0
-9.75,-45.56,359.50,0.9192,0.3823,0.0941,0.0040,-1.68,6.95,6.72,0.06,-0.06,0.00,9.81,1,1.00,0.0352,-0.1404,-0.013,0.050,-0.046,0.000,0.000,0.000,0.000,1
phase1 acc_mag=9.811 gravity=9.797 motion=0.014 moving_avg=0.011 rms=0.014 mean_rms=0.014 max_rms=0.015 min_rms=0.012 std=0.001 var=0.000 state=standing thr=0.080/0.350/0.850
-9.75,-45.56,359.50,0.9192,0.3823,0.0941,0.0040,-1.67,6.95,6.72,0.00,0.00,-0.06,9.81,1,1.00,0.0352,-0.1404,-0.003,0.050,-0.046,0.000,0.000,0.000,0.000,1
-9.75,-45.56,359.50,0.9192,0.3823,0.0941,0.0040,-1.66,6.92,6.74,-0.06,0.00,0.00,9.80,1,1.00,0.0352,-0.1404,0.007,0.020,-0.026,0.000,0.000,0.000,0.000,1
-9.75,-45.56,359.50,0.9192,0.3823,0.0941,0.0040,-1.69,6.94,6.71,0.19,-0.06,0.00,9.80,1,1.00,0.0352,-0.1404,-0.023,0.040,-0.056,-0.000,0.001,-0.002,0.002,0
-9.75,-45.56,359.50,0.9192,0.3823,0.0941,0.0040,-1.67,6.94,6.70,-0.12,0.25,0.06,9.79,1,1.00,0.0352,-0.1404,-0.003,0.040,-0.066,-0.000,0.001,-0.001,0.001,0
phase1 acc_mag=9.790 gravity=9.797 motion=0.006 moving_avg=0.011 rms=0.014 mean_rms=0.014 max_rms=0.015 min_rms=0.013 std=0.001 var=0.000 state=standing thr=0.080/0.350/0.850
-9.75,-45.56,359.50,0.9192,0.3823,0.0941,0.0040,-1.68,6.91,6.74,0.12,0.06,0.06,9.80,1,1.00,0.0352,-0.1404,-0.013,0.010,-0.026,-0.000,0.000,-0.000,0.000,0
-9.75,-45.56,359.50,0.9192,0.3823,0.0941,0.0040,-1.70,6.91,6.72,0.06,0.00,0.00,9.79,1,1.00,0.0352,-0.1404,-0.033,0.010,-0.046,0.000,0.000,0.000,0.000,1
-9.75,-45.56,359.50,0.9192,0.3823,0.0941,0.0040,-1.69,6.92,6.71,-0.06,0.25,0.00,9.79,1,1.00,0.0352,-0.1404,-0.023,0.020,-0.056,-0.001,0.001,-0.002,0.002,0
-9.75,-45.56,359.50,0.9192,0.3823,0.0941,0.0040,-1.70,6.92,6.75,-0.06,0.06,-0.12,9.82,1,1.00,0.0352,-0.1404,-0.033,0.020,-0.016,-0.000,0.000,-0.000,0.000,0
phase1 acc_mag=9.803 gravity=9.798 motion=0.006 moving_avg=0.011 rms=0.014 mean_rms=0.014 max_rms=0.015 min_rms=0.013 std=0.000 var=0.000 state=standing thr=0.080/0.350/0.850
-9.75,-45.56,359.50,0.9192,0.3823,0.0941,0.0040,-1.67,6.94,6.71,0.06,-0.19,0.00,9.80,1,1.00,0.0352,-0.1404,-0.003,0.040,-0.056,-0.000,0.001,-0.001,0.002,0
-9.75,-45.56,359.50,0.9192,0.3823,0.0941,0.0040,-1.69,6.94,6.73,-0.12,0.00,0.12,9.81,1,1.00,0.0352,-0.1404,-0.023,0.040,-0.036,-0.000,0.000,-0.000,0.001,0
-9.75,-45.56,359.50,0.9192,0.3823,0.0941,0.0040,-1.68,6.93,6.69,-0.19,0.06,-0.06,9.78,1,1.00,0.0352,-0.1404,-0.013,0.030,-0.076,-0.000,0.000,-0.001,0.001,0
-9.75,-45.56,359.50,0.9192,0.3823,0.0941,0.0040,-1.66,6.94,6.72,-0.06,0.00,0.12,9.80,1,1.00,0.0352,-0.1404,0.007,0.040,-0.046,0.000,0.000,0.000,0.000,1
phase1 acc_mag=9.767 gravity=9.798 motion=0.030 moving_avg=0.011 rms=0.014 mean_rms=0.014 max_rms=0.015 min_rms=0.014 std=0.000 var=0.000 state=standing thr=0.080/0.350/0.850
-9.75,-45.56,359.50,0.9192,0.3823,0.0941,0.0040,-1.66,6.92,6.71,-0.06,0.06,-0.06,9.78,1,1.00,0.0352,-0.1404,0.007,0.020,-0.056,0.000,0.000,0.000,0.000,1
-9.75,-45.56,359.50,0.9192,0.3823,0.0941,0.0040,-1.67,6.90,6.71,0.00,-0.06,0.06,9.77,1,1.00,0.0352,-0.1404,-0.003,0.000,-0.056,0.000,0.000,0.000,0.000,1
-9.75,-45.56,359.50,0.9192,0.3823,0.0941,0.0040,-1.70,6.91,6.72,-0.06,0.31,0.00,9.79,1,1.00,0.0352,-0.1404,-0.033,0.010,-0.046,-0.000,0.000,-0.000,0.001,0
-9.75,-45.56,359.50,0.9192,0.3823,0.0941,0.0040,-1.67,6.93,6.70,0.00,-0.06,0.06,9.78,1,1.00,0.0352,-0.1404,-0.003,0.030,-0.066,0.000,0.000,0.000,0.000,1
phase1 acc_mag=9.800 gravity=9.795 motion=0.005 moving_avg=0.011 rms=0.014 mean_rms=0.014 max_rms=0.015 min_rms=0.014 std=0.000 var=0.000 state=standing thr=0.080/0.350/0.850
-9.75,-45.56,359.50,0.9192,0.3823,0.0941,0.0040,-1.69,6.94,6.73,-0.12,-0.06,0.00,9.81,1,1.00,0.0352,-0.1404,-0.023,0.040,-0.036,0.000,0.000,0.000,0.000,1
-9.75,-45.56,359.50,0.9192,0.3823,0.0941,0.0040,-1.68,6.95,6.69,-0.06,-0.06,0.06,9.79,1,1.00,0.0352,-0.1404,-0.013,0.050,-0.076,0.000,0.000,0.000,0.000,1
-9.75,-45.56,359.50,0.9192,0.3823,0.0941,0.0040,-1.70,6.93,6.72,0.00,-0.12,-0.06,9.80,1,1.00,0.0352,-0.1404,-0.033,0.030,-0.046,0.000,0.000,0.000,0.000,1
-9.75,-45.56,359.50,0.9192,0.3823,0.0941,0.0040,-1.67,6.94,6.71,0.06,0.00,0.06,9.80,1,1.00,0.0352,-0.1404,-0.003,0.040,-0.056,0.000,0.000,0.000,0.000,1
phase1 acc_mag=9.771 gravity=9.796 motion=0.025 moving_avg=0.011 rms=0.014 mean_rms=0.014 max_rms=0.015 min_rms=0.014 std=0.000 var=0.000 state=standing thr=0.080/0.350/0.850
-9.75,-45.56,359.50,0.9192,0.3823,0.0941,0.0040,-1.68,6.93,6.71,-0.06,0.06,0.06,9.79,1,1.00,0.0352,-0.1404,-0.013,0.030,-0.056,0.000,0.000,0.000,0.000,1
-9.75,-45.56,359.50,0.9192,0.3823,0.0941,0.0040,-1.67,6.93,6.73,-0.06,-0.12,0.00,9.80,1,1.00,0.0352,-0.1404,-0.003,0.030,-0.036,0.000,0.000,0.000,0.000,1
-9.75,-45.56,359.50,0.9192,0.3823,0.0941,0.0040,-1.68,6.92,6.71,-0.12,-0.06,-0.12,9.78,1,1.00,0.0352,-0.1404,-0.013,0.020,-0.056,-0.000,0.000,-0.001,0.001,0
-9.75,-45.56,359.50,0.9192,0.3823,0.0941,0.0040,-1.66,6.93,6.71,0.19,-0.19,0.00,9.79,1,1.00,0.0352,-0.1404,0.007,0.030,-0.056,-0.000,0.002,-0.004,0.004,0
phase1 acc_mag=9.795 gravity=9.795 motion=0.000 moving_avg=0.012 rms=0.014 mean_rms=0.014 max_rms=0.015 min_rms=0.014 std=0.000 var=0.000 state=standing thr=0.080/0.350/0.850
-9.75,-45.56,359.50,0.9192,0.3823,0.0941,0.0040,-1.68,6.94,6.72,-0.12,0.19,-0.12,9.81,1,1.00,0.0352,-0.1404,-0.013,0.040,-0.046,-0.000,0.001,-0.002,0.002,0
-9.75,-45.56,359.50,0.9192,0.3823,0.0941,0.0040,-1.66,6.93,6.72,0.06,0.06,0.00,9.79,1,1.00,0.0352,-0.1404,0.007,0.030,-0.046,0.000,0.000,0.000,0.000,1
-9.75,-45.56,359.50,0.9192,0.3823,0.0941,0.0040,-1.67,6.94,6.73,0.12,0.12,0.00,9.81,1,1.00,0.0352,-0.1404,-0.003,0.040,-0.036,-0.000,0.000,-0.000,0.001,0
phase1 acc_mag=9.788 gravity=9.794 motion=0.006 moving_avg=0.011 rms=0.014 mean_rms=0.014 max_rms=0.015 min_rms=0.013 std=0.000 var=0.000 state=standing thr=0.080/0.350/0.850
-9.75,-45.56,359.50,0.9192,0.3823,0.0941,0.0040,-1.66,6.93,6.71,-0.06,0.00,0.06,9.79,1,1.00,0.0352,-0.1404,0.007,0.030,-0.056,0.000,0.000,0.000,0.000,1
-9.75,-45.56,359.50,0.9192,0.3823,0.0941,0.0040,-1.69,6.92,6.70,0.00,0.19,-0.12,9.78,1,1.00,0.0352,-0.1404,-0.023,0.020,-0.066,-0.000,0.001,-0.002,0.002,0
-9.75,-45.56,359.50,0.9192,0.3823,0.0941,0.0040,-1.67,6.93,6.71,0.19,-0.19,0.19,9.79,1,1.00,0.0352,-0.1404,-0.003,0.030,-0.056,0.000,0.001,-0.001,0.001,0
-9.75,-45.56,359.50,0.9192,0.3823,0.0941,0.0040,-1.70,6.93,6.69,0.06,0.19,-0.06,9.78,1,1.00,0.0352,-0.1404,-0.033,0.030,-0.076,-0.001,0.002,-0.003,0.004,0
phase1 acc_mag=9.779 gravity=9.793 motion=0.014 moving_avg=0.011 rms=0.013 mean_rms=0.014 max_rms=0.015 min_rms=0.013 std=0.000 var=0.000 state=standing thr=0.080/0.350/0.850
-9.75,-45.56,359.50,0.9192,0.3823,0.0941,0.0040,-1.68,6.93,6.70,0.06,-0.06,-0.06,9.78,1,1.00,0.0352,-0.1404,-0.013,0.030,-0.066,0.000,0.000,0.000,0.000,1
-9.75,-45.56,359.50,0.9192,0.3823,0.0941,0.0040,-1.69,6.92,6.70,-0.19,0.00,0.00,9.78,1,1.00,0.0352,-0.1404,-0.023,0.020,-0.066,-0.000,0.000,-0.001,0.001,0
-9.75,-45.56,359.50,0.9192,0.3823,0.0941,0.0040,-1.68,6.92,6.68,0.12,0.06,0.06,9.76,1,1.00,0.0352,-0.1404,-0.013,0.020,-0.086,-0.000,0.000,-0.001,0.001,0
-9.75,-45.56,359.50,0.9192,0.3823,0.0941,0.0040,-1.68,6.94,6.70,0.12,0.25,-0.06,9.79,1,1.00,0.0352,-0.1404,-0.013,0.040,-0.066,-0.000,0.001,-0.001,0.002,0
phase1 acc_mag=9.797 gravity=9.794 motion=0.003 moving_avg=0.010 rms=0.013 mean_rms=0.014 max_rms=0.015 min_rms=0.013 std=0.000 var=0.000 state=standing thr=0.080/0.350/0.850
-9.75,-45.56,359.50,0.9192,0.3823,0.0941,0.0040,-1.67,6.93,6.68,-0.06,0.12,-0.12,9.77,1,1.00,0.0352,-0.1404,-0.003,0.030,-0.086,-0.000,0.000,-0.001,0.001,0
-9.75,-45.56,359.50,0.9192,0.3823,0.0941,0.0040,-1.68,6.90,6.70,0.00,0.00,0.00,9.76,1,1.00,0.0352,-0.1404,-0.013,0.000,-0.066,0.000,0.000,0.000,0.000,1
-9.75,-45.56,359.50,0.9192,0.3823,0.0941,0.0040,-1.68,6.93,6.70,0.19,-0.06,0.00,9.78,1,1.00,0.0352,-0.1404,-0.013,0.030,-0.066,-0.000,0.000,-0.001,0.001,0
-9.75,-45.56,359.50,0.9192,0.3823,0.0941,0.0040,-1.68,6.92,6.71,-0.06,0.06,0.06,9.78,1,1.00,0.0352,-0.1404,-0.013,0.020,-0.056,0.000,0.000,0.000,0.000,1
phase1 acc_mag=9.778 gravity=9.793 motion=0.015 moving_avg=0.010 rms=0.012 mean_rms=0.014 max_rms=0.015 min_rms=0.012 std=0.001 var=0.000 state=standing thr=0.080/0.350/0.850
-9.75,-45.56,359.50,0.9192,0.3823,0.0941,0.0040,-1.68,6.93,6.72,-0.19,0.06,0.00,9.80,1,1.00,0.0352,-0.1404,-0.013,0.030,-0.046,-0.000,0.001,-0.001,0.002,0
-9.75,-45.56,359.50,0.9192,0.3823,0.0941,0.0040,-1.69,6.94,6.73,-0.06,0.06,-0.06,9.81,1,1.00,0.0352,-0.1404,-0.023,0.040,-0.036,0.000,0.000,0.000,0.000,1
-9.75,-45.56,359.50,0.9192,0.3823,0.0941,0.0040,-1.67,6.93,6.73,0.06,0.00,0.06,9.80,1,1.00,0.0352,-0.1404,-0.003,0.030,-0.036,0.000,0.000,0.000,0.000,1
phase1 acc_mag=9.776 gravity=9.793 motion=0.017 moving_avg=0.010 rms=0.013 mean_rms=0.013 max_rms=0.014 min_rms=0.012 std=0.000 var=0.000 state=standing thr=0.080/0.350/0.850
-9.75,-45.56,359.50,0.9192,0.3823,0.0941,0.0040,-1.67,6.93,6.69,0.00,0.06,-0.19,9.78,1,1.00,0.0352,-0.1404,-0.003,0.030,-0.076,-0.000,0.001,-0.002,0.002,0
-9.75,-45.56,359.50,0.9192,0.3823,0.0941,0.0040,-1.66,6.96,6.70,-0.06,0.06,0.06,9.80,1,1.00,0.0352,-0.1404,0.007,0.060,-0.066,0.000,0.000,0.000,0.000,1
-9.75,-45.56,359.50,0.9192,0.3823,0.0941,0.0040,-1.68,6.93,6.69,0.06,0.19,-0.12,9.78,1,1.00,0.0352,-0.1404,-0.013,0.030,-0.076,-0.000,0.002,-0.003,0.004,0
-9.75,-45.56,359.50,0.9192,0.3823,0.0941,0.0040,-1.69,6.92,6.72,-0.06,0.12,0.12,9.79,1,1.00,0.0352,-0.1404,-0.023,0.020,-0.046,-0.000,0.001,-0.001,0.002,0
phase1 acc_mag=9.777 gravity=9.792 motion=0.016 moving_avg=0.011 rms=0.013 mean_rms=0.013 max_rms=0.014 min_rms=0.012 std=0.000 var=0.000 state=standing thr=0.080/0.350/0.850
-9.75,-45.56,359.50,0.9192,0.3823,0.0941,0.0040,-1.68,6.93,6.68,-0.19,0.06,-0.12,9.77,1,1.00,0.0352,-0.1404,-0.013,0.030,-0.086,-0.000,0.001,-0.002,0.002,0
-9.75,-45.56,359.50,0.9192,0.3823,0.0941,0.0040,-1.68,6.95,6.69,-0.19,0.06,-0.06,9.79,1,1.00,0.0352,-0.1404,-0.013,0.050,-0.076,-0.000,0.001,-0.001,0.001,0
-9.75,-45.56,359.50,0.9192,0.3823,0.0941,0.0040,-1.67,6.94,6.71,0.06,0.12,0.00,9.80,1,1.00,0.0352,-0.1404,-0.003,0.040,-0.056,0.000,0.000,0.000,0.000,1
-9.75,-45.56,359.50,0.9192,0.3823,0.0941,0.0040,-1.67,6.94,6.70,0.06,0.00,-0.06,9.79,1,1.00,0.0352,-0.1404,-0.003,0.040,-0.066,0.000,0.000,0.000,0.000,1
phase1 acc_mag=9.798 gravity=9.792 motion=0.007 moving_avg=0.010 rms=0.013 mean_rms=0.013 max_rms=0.014 min_rms=0.012 std=0.000 var=0.000 state=standing thr=0.080/0.350/0.850
-9.75,-45.56,359.50,0.9192,0.3823,0.0941,0.0040,-1.67,6.95,6.70,-0.12,0.06,0.00,9.80,1,1.00,0.0352,-0.1404,-0.003,0.050,-0.066,0.000,0.000,0.000,0.000,1
-9.75,-45.56,359.50,0.9192,0.3823,0.0941,0.0040,-1.67,6.90,6.69,0.06,-0.19,-0.06,9.75,1,1.00,0.0352,-0.1404,-0.003,0.000,-0.076,-0.000,0.001,-0.002,0.002,0
-9.75,-45.56,359.50,0.9192,0.3823,0.0941,0.0040,-1.70,6.94,6.71,-0.06,0.00,0.00,9.80,1,1.00,0.0352,-0.1404,-0.033,0.040,-0.056,0.000,0.000,0.000,0.000,1
-9.75,-45.56,359.50,0.9192,0.3823,0.0941,0.0040,-1.69,6.94,6.71,0.00,0.00,0.06,9.80,1,1.00,0.0352,-0.1404,-0.023,0.040,-0.056,0.000,0.000,0.000,0.000,1
phase1 acc_mag=9.791 gravity=9.792 motion=0.000 moving_avg=0.010 rms=0.013 mean_rms=0.013 max_rms=0.014 min_rms=0.012 std=0.000 var=0.000 state=standing thr=0.080/0.350/0.850
-9.75,-45.56,359.50,0.9192,0.3823,0.0941,0.0040,-1.67,6.94,6.70,-0.19,0.06,-0.06,9.79,1,1.00,0.0352,-0.1404,-0.003,0.040,-0.066,-0.000,0.001,-0.001,0.002,0
-9.75,-45.56,359.50,0.9192,0.3823,0.0941,0.0040,-1.67,6.92,6.73,-0.12,0.06,0.06,9.80,1,1.00,0.0352,-0.1404,-0.003,0.020,-0.036,-0.000,0.001,-0.001,0.001,0
-9.75,-45.56,359.50,0.9192,0.3823,0.0941,0.0040,-1.68,6.93,6.70,-0.12,0.00,0.00,9.78,1,1.00,0.0352,-0.1404,-0.013,0.030,-0.066,0.000,0.000,0.000,0.000,1
-9.75,-45.56,359.50,0.9192,0.3823,0.0941,0.0040,-1.70,6.92,6.74,-0.12,0.31,-0.06,9.81,1,1.00,0.0352,-0.1404,-0.033,0.020,-0.026,-0.001,0.001,-0.001,0.001,0
phase1 acc_mag=9.784 gravity=9.792 motion=0.008 moving_avg=0.010 rms=0.013 mean_rms=0.013 max_rms=0.014 min_rms=0.012 std=0.000 var=0.000 state=standing thr=0.080/0.350/0.850
-9.75,-45.56,359.50,0.9192,0.3823,0.0941,0.0040,-1.69,6.93,6.70,-0.31,-0.19,0.00,9.79,1,1.00,0.0352,-0.1404,-0.023,0.030,-0.066,-0.000,0.001,-0.001,0.002,0
-9.75,-45.56,359.50,0.9192,0.3823,0.0941,0.0040,-1.68,6.94,6.71,0.00,0.19,0.06,9.80,1,1.00,0.0352,-0.1404,-0.013,0.040,-0.056,-0.000,0.001,-0.001,0.001,0
-9.75,-45.56,359.50,0.9192,0.3823,0.0941,0.0040,-1.68,6.92,6.71,-0.12,-0.12,-0.06,9.78,1,1.00,0.0352,-0.1404,-0.013,0.020,-0.056,-0.000,0.001,-0.001,0.001,0
-9.75,-45.56,359.50,0.9192,0.3823,0.0941,0.0040,-1.67,6.94,6.71,0.00,0.06,-0.06,9.80,1,1.00,0.0352,-0.1404,-0.003,0.040,-0.056,0.000,0.000,0.000,0.000,1
phase1 acc_mag=9.797 gravity=9.792 motion=0.004 moving_avg=0.010 rms=0.012 mean_rms=0.013 max_rms=0.014 min_rms=0.012 std=0.000 var=0.000 state=standing thr=0.080/0.350/0.850
-9.75,-45.56,359.50,0.9192,0.3823,0.0941,0.0040,-1.67,6.96,6.71,0.12,-0.06,0.06,9.81,1,1.00,0.0352,-0.1404,-0.003,0.060,-0.056,-0.000,0.001,-0.001,0.001,0
-9.75,-45.56,359.50,0.9192,0.3823,0.0941,0.0040,-1.68,6.94,6.70,-0.06,0.06,0.00,9.79,1,1.00,0.0352,-0.1404,-0.013,0.040,-0.066,0.000,0.000,0.000,0.000,1
-9.75,-45.56,359.50,0.9192,0.3823,0.0941,0.0040,-1.69,6.95,6.74,0.06,-0.06,0.12,9.83,1,1.00,0.0352,-0.1404,-0.023,0.050,-0.026,-0.000,0.001,-0.000,0.001,0
-9.75,-45.56,359.50,0.9192,0.3823,0.0941,0.0040,-1.67,6.90,6.72,-0.12,0.12,-0.12,9.78,1,1.00,0.0352,-0.1404,-0.003,0.000,-0.046,-0.000,0.000,-0.000,0.000,0
phase1 acc_mag=9.787 gravity=9.795 motion=0.008 moving_avg=0.010 rms=0.013 mean_rms=0.013 max_rms=0.014 min_rms=0.012 std=0.000 var=0.000 state=standing thr=0.080/0.350/0.850
-9.75,-45.56,359.50,0.9192,0.3823,0.0941,0.0040,-1.68,6.92,6.72,0.06,0.12,0.00,9.79,1,1.00,0.0352,-0.1404,-0.013,0.020,-0.046,0.000,0.000,0.000,0.000,1
-9.75,-45.56,359.50,0.9192,0.3823,0.0941,0.0040,-1.70,6.93,6.71,-0.06,0.00,0.00,9.79,1,1.00,0.0352,-0.1404,-0.033,0.030,-0.056,0.000,0.000,0.000,0.000,1
-9.75,-45.56,359.50,0.9192,0.3823,0.0941,0.0040,-1.66,6.95,6.68,0.06,0.06,0.06,9.78,1,1.00,0.0352,-0.1404,0.007,0.050,-0.086,0.000,0.000,0.000,0.000,1
phase1 acc_mag=9.819 gravity=9.795 motion=0.024 moving_avg=0.010 rms=0.013 mean_rms=0.013 max_rms=0.013 min_rms=0.012 std=0.000 var=0.000 state=standing thr=0.080/0.350/0.850
-9.75,-45.56,359.50,0.9192,0.3823,0.0941,0.0040,-1.68,6.96,6.72,-0.06,0.12,0.12,9.82,1,1.00,0.0352,-0.1404,-0.013,0.060,-0.046,-0.000,0.001,-0.000,0.001,0
-9.75,-45.56,359.50,0.9192,0.3823,0.0941,0.0040,-1.68,6.92,6.73,-0.19,0.25,-0.06,9.80,1,1.00,0.0352,-0.1404,-0.013,0.020,-0.036,-0.000,0.001,-0.002,0.002,0
-9.75,-45.56,359.50,0.9192,0.3823,0.0941,0.0040,-1.66,6.91,6.71,-0.25,0.12,-0.06,9.77,1,1.00,0.0352,-0.1404,0.007,0.010,-0.056,0.000,0.000,-0.001,0.001,0
-9.75,-45.56,359.50,0.9192,0.3823,0.0941,0.0040,-1.68,6.96,6.74,-0.12,0.06,0.00,9.83,1,1.00,0.0352,-0.1404,-0.013,0.060,-0.026,0.000,0.000,0.000,0.000,1
phase1 acc_mag=9.772 gravity=9.795 motion=0.023 moving_avg=0.012 rms=0.014 mean_rms=0.013 max_rms=0.014 min_rms=0.012 std=0.000 var=0.000 state=standing thr=0.080/0.350/0.850
-9.75,-45.56,359.50,0.9192,0.3823,0.0941,0.0040,-1.69,6.92,6.75,0.19,-0.12,0.00,9.81,1,1.00,0.0352,-0.1404,-0.023,0.020,-0.016,-0.001,0.001,-0.002,0.002,0
-9.75,-45.56,359.50,0.9192,0.3823,0.0941,0.0040,-1.67,6.92,6.67,0.12,0.12,0.06,9.76,1,1.00,0.0352,-0.1404,-0.003,0.020,-0.096,-0.000,0.000,-0.001,0.001,0
-9.75,-45.56,359.50,0.9192,0.3823,0.0941,0.0040,-1.67,6.91,6.71,-0.06,-0.06,0.00,9.78,1,1.00,0.0352,-0.1404,-0.003,0.010,-0.056,0.000,0.000,0.000,0.000,1
-9.75,-45.56,359.50,0.9192,0.3823,0.0941,0.0040,-1.66,6.94,6.74,0.00,-0.12,0.00,9.82,1,1.00,0.0352,-0.1404,0.007,0.040,-0.026,0.000,0.000,0.000,0.000,1
phase1 acc_mag=9.802 gravity=9.795 motion=0.007 moving_avg=0.012 rms=0.015 mean_rms=0.013 max_rms=0.015 min_rms=0.012 std=0.001 var=0.000 state=standing thr=0.080/0.350/0.850
-9.75,-45.56,359.50,0.9192,0.3823,0.0941,0.0040,-1.68,6.93,6.77,0.06,0.06,-0.12,9.83,1,1.00,0.0352,-0.1404,-0.013,0.030,0.004,-0.000,0.001,-0.001,0.001,0
-9.75,-45.56,359.50,0.9192,0.3823,0.0941,0.0040,-1.68,6.92,6.70,0.00,-0.12,0.00,9.78,1,1.00,0.0352,-0.1404,-0.013,0.020,-0.066,0.000,0.000,0.000,0.000,1
-9.75,-45.56,359.50,0.9192,0.3823,0.0941,0.0040,-1.67,6.92,6.70,-0.06,0.19,-0.12,9.78,1,1.00,0.0352,-0.1404,-0.003,0.020,-0.066,-0.000,0.000,-0.001,0.001,0
-9.75,-45.56,359.50,0.9192,0.3823,0.0941,0.0040,-1.69,6.92,6.71,0.06,-0.19,0.12,9.79,1,1.00,0.0352,-0.1404,-0.023,0.020,-0.056,-0.001,0.001,-0.001,0.002,0
phase1 acc_mag=9.785 gravity=9.794 motion=0.010 moving_avg=0.012 rms=0.016 mean_rms=0.014 max_rms=0.016 min_rms=0.012 std=0.001 var=0.000 state=standing thr=0.080/0.350/0.850
-9.75,-45.56,359.50,0.9192,0.3823,0.0941,0.0040,-1.67,6.94,6.68,-0.06,0.00,0.00,9.78,1,1.00,0.0352,-0.1404,-0.003,0.040,-0.086,0.000,0.000,0.000,0.000,1
-9.75,-45.56,359.50,0.9192,0.3823,0.0941,0.0040,-1.71,6.93,6.65,-0.31,-0.06,0.00,9.76,1,1.00,0.0352,-0.1404,-0.043,0.030,-0.116,-0.000,0.001,-0.002,0.002,0
-9.75,-45.56,359.50,0.9190,0.3829,0.0941,0.0040,-1.68,6.97,6.74,1.75,0.00,0.75,9.84,1,1.00,0.0352,-0.1406,-0.014,0.061,-0.018,-0.001,0.001,-0.005,0.005,0
-9.75,-45.56,359.44,0.9191,0.3827,0.0941,0.0040,-1.65,6.88,6.68,-1.81,-0.12,-0.25,9.73,1,1.00,0.0352,-0.1405,0.015,-0.026,-0.081,-0.001,0.004,-0.009,0.010,0
phase1 acc_mag=9.683 gravity=9.792 motion=0.109 moving_avg=0.021 rms=0.034 mean_rms=0.016 max_rms=0.034 min_rms=0.012 std=0.005 var=0.000 state=standing thr=0.080/0.350/0.850
-9.75,-45.62,359.44,0.9189,0.3831,0.0941,0.0040,-1.69,6.96,6.53,2.06,-0.25,0.69,9.69,1,1.00,0.0352,-0.1407,-0.025,0.048,-0.224,-0.002,0.004,-0.012,0.013,0
-9.75,-45.69,359.44,0.9188,0.3834,0.0940,0.0040,-1.67,6.94,6.68,-0.56,-0.44,-0.56,9.78,1,1.00,0.0352,-0.1408,-0.007,0.023,-0.070,-0.003,0.008,-0.017,0.019,0
-9.75,-45.69,359.44,0.9187,0.3835,0.0940,0.0040,-1.68,7.03,6.70,0.19,0.12,-0.06,9.86,1,1.00,0.0352,-0.1408,-0.017,0.112,-0.048,-0.003,0.011,-0.018,0.022,0
phase1 acc_mag=9.779 gravity=9.793 motion=0.014 moving_avg=0.031 rms=0.049 mean_rms=0.023 max_rms=0.049 min_rms=0.013 std=0.013 var=0.000 state=standing thr=0.080/0.350/0.850
-9.75,-45.62,359.44,0.9190,0.3829,0.0939,0.0041,-1.69,6.90,6.72,-0.19,0.25,-0.19,9.78,1,1.00,0.0352,-0.1406,-0.028,-0.009,-0.038,-0.004,0.012,-0.021,0.025,0
-9.75,-45.56,359.44,0.9191,0.3826,0.0939,0.0041,-1.68,6.86,6.70,-0.69,0.12,-0.06,9.74,1,1.00,0.0352,-0.1405,-0.017,-0.044,-0.063,-0.005,0.014,-0.025,0.029,0
-9.75,-45.56,359.44,0.9190,0.3828,0.0939,0.0041,-1.67,6.96,6.72,-0.25,-0.12,0.00,9.82,1,1.00,0.0352,-0.1406,-0.008,0.052,-0.039,-0.006,0.017,-0.028,0.034,0
-9.75,-45.56,359.44,0.9191,0.3827,0.0939,0.0041,-1.68,6.96,6.67,0.50,0.00,0.12,9.79,1,1.00,0.0352,-0.1405,-0.017,0.054,-0.091,-0.000,0.001,-0.002,0.002,0
phase1 acc_mag=9.808 gravity=9.794 motion=0.013 moving_avg=0.032 rms=0.049 mean_rms=0.030 max_rms=0.050 min_rms=0.014 std=0.015 var=0.000 state=standing thr=0.080/0.350/0.850
-9.75,-45.56,359.44,0.9191,0.3827,0.0939,0.0041,-1.67,6.93,6.73,-0.38,-0.12,0.00,9.80,1,1.00,0.0352,-0.1405,-0.007,0.024,-0.031,-0.001,0.003,-0.004,0.005,0
-9.75,-45.56,359.44,0.9191,0.3826,0.0939,0.0042,0.52,3.66,5.92,0.06,-0.50,1.12,6.98,0,1.70,0.0352,-0.1405,2.182,-3.245,-0.843,0.021,-0.031,-0.017,0.041,0
-11.81,-49.25,357.81,0.9051,0.4073,0.1210,0.0172,-1.77,7.46,6.11,22.75,66.25,0.88,9.80,0,1.70,0.0466,-0.1466,0.240,0.188,-0.156,0.026,0.021,-0.034,0.048,0
-13.56,-46.62,357.12,0.9174,0.3734,0.1362,0.0201,-3.86,4.49,6.88,-134.31,-39.06,-34.56,9.08,0,1.70,0.0530,-0.1359,-1.557,-2.282,0.171,-0.078,0.090,-0.051,0.129,0
phase1 acc_mag=8.156 gravity=9.880 motion=1.724 moving_avg=0.259 rms=0.758 mean_rms=0.104 max_rms=0.758 min_rms=0.015 std=0.188 var=0.035 state=walking thr=0.479/0.679/1.179
-10.00,-45.62,358.56,0.9223,0.3704,0.1101,0.0083,2.49,7.97,8.94,-140.19,101.44,-93.25,12.23,0,1.70,0.0419,-0.1363,4.421,1.252,2.061,0.200,0.304,-0.113,0.381,0
-14.00,-44.00,357.62,0.9211,0.3632,0.1390,0.0187,-2.87,3.85,7.09,-30.81,27.56,48.50,8.56,0,1.70,0.0539,-0.1328,-0.491,-2.763,0.250,0.133,0.334,-0.135,0.384,0
-15.06,-42.94,358.44,0.9236,0.3544,0.1459,0.0110,-2.72,7.44,7.15,1.56,-1.94,-18.75,10.67,0,1.70,0.0555,-0.1303,-0.153,0.988,0.224,0.103,0.344,-0.148,0.389,0
-15.56,-41.00,0.44,0.9304,0.3378,0.1421,-0.0057,-4.03,6.36,7.28,-31.62,-20.19,-16.75,10.47,0,1.70,0.0521,-0.1261,-1.399,0.211,0.107,0.082,0.351,-0.131,0.383,0
phase1 acc_mag=10.464 gravity=10.258 motion=0.205 moving_avg=0.656 rms=2.128 mean_rms=0.514 max_rms=2.128 min_rms=0.016 std=0.803 var=0.645 state=slow thr=2.120/2.320/2.820
-14.81,-34.56,2.25,0.9474,0.2921,0.1296,-0.0189,-5.24,4.07,9.23,-157.31,4.44,-104.31,11.37,0,1.70,0.0469,-0.1117,-2.723,-1.310,1.426,0.059,0.394,-0.113,0.414,0
-15.25,-22.69,4.62,0.9713,0.1969,0.1274,-0.0395,-2.47,4.57,8.55,-126.81,-33.50,-34.38,10.00,0,1.70,0.0464,-0.0785,0.110,0.918,-0.178,0.050,0.435,-0.104,0.450,0
-13.69,-9.75,6.81,0.9886,0.0786,0.1129,-0.0609,-1.99,1.46,9.31,-136.69,-30.75,-35.62,9.63,0,1.70,0.0427,-0.0338,0.293,0.071,-0.125,0.063,0.423,-0.120,0.444,0
phase1 acc_mag=9.947 gravity=10.341 motion=0.394 moving_avg=0.768 rms=2.153 mean_rms=0.938 max_rms=2.153 min_rms=0.039 std=0.974 var=0.949 state=standing thr=2.886/3.086/3.586
-11.25,-0.38,8.38,0.9929,-0.0041,0.0930,-0.0742,-1.41,-0.96,9.80,-168.00,-66.25,-41.19,9.95,0,1.70,0.0370,-0.0011,0.394,-0.745,0.163,0.077,0.391,-0.120,0.416,0
-4.56,15.62,13.12,0.9834,-0.1303,0.0557,-0.1133,-0.40,-3.71,9.00,-173.75,-40.56,-86.50,9.74,0,1.70,0.0278,0.0487,0.384,-1.073,-0.413,0.077,0.480,-0.203,0.527,0
-2.56,19.88,15.62,0.9749,-0.1732,0.0428,-0.1330,-0.74,-3.03,8.67,-45.75,-34.75,2.38,9.21,0,1.70,0.0259,0.0652,-0.372,0.393,-0.512,0.037,0.445,-0.200,0.490,0
-0.06,22.25,16.25,0.9713,-0.1912,0.0281,-0.1390,-0.14,-3.54,9.02,-4.25,-17.81,-28.94,9.69,0,1.70,0.0215,0.0727,-0.126,0.178,-0.054,0.044,0.441,-0.209,0.490,0
phase1 acc_mag=10.074 gravity=10.280 motion=0.206 moving_avg=0.967 rms=2.256 mean_rms=1.352 max_rms=2.256 min_rms=0.049 std=0.971 var=0.943 state=standing thr=3.295/3.495/3.995
2.19,22.38,18.19,0.9684,-0.1949,0.0110,-0.1553,0.87,-4.21,9.40,-1.12,-16.56,-35.06,10.34,0,1.70,0.0164,0.0748,0.486,-0.474,0.341,0.056,0.433,-0.212,0.485,0
0.88,17.69,21.25,0.9710,-0.1529,0.0206,-0.1826,-0.48,-1.25,7.81,128.50,60.31,-21.75,7.92,0,1.70,0.0192,0.0579,-0.635,1.736,-1.530,0.059,0.417,-0.270,0.500,0
0.81,15.81,21.19,0.9735,-0.1369,0.0178,-0.1822,0.15,1.41,7.87,73.00,-45.94,-53.38,8.00,0,1.70,0.0169,0.0520,0.001,4.088,-1.563,0.056,0.438,-0.312,0.541,0
2.94,15.19,21.44,0.9735,-0.1347,-0.0011,-0.1848,0.44,-3.88,10.15,13.50,-12.25,3.88,10.88,0,1.70,0.0095,0.0525,-0.069,-1.312,0.699,0.062,0.418,-0.301,0.519,0
phase1 acc_mag=9.651 gravity=10.276 motion=0.624 moving_avg=1.188 rms=2.359 mean_rms=1.827 max_rms=2.359 min_rms=0.049 std=0.745 var=0.554 state=standing thr=3.317/3.517/4.017
5.44,13.50,21.69,0.9741,-0.1243,-0.0253,-0.1870,0.50,-1.14,9.03,22.56,-23.44,-6.31,9.12,0,1.70,-0.0006,0.0503,-0.440,1.143,-0.461,0.056,0.449,-0.327,0.558,0
7.75,13.94,21.12,0.9733,-0.1323,-0.0464,-0.1815,1.68,-2.45,9.42,-6.25,-20.62,2.31,9.88,0,1.70,-0.0085,0.0549,0.324,-0.090,-0.001,0.049,0.481,-0.326,0.583,0
8.81,16.62,21.75,0.9670,-0.1625,-0.0477,-0.1906,0.84,-9.45,12.80,-141.38,20.44,-14.44,15.93,0,1.70,-0.0061,0.0665,-0.673,-6.547,3.555,0.059,0.510,-0.337,0.614,0
phase1 acc_mag=15.825 gravity=10.295 motion=5.530 moving_avg=1.261 rms=2.496 mean_rms=2.239 max_rms=2.567 min_rms=2.080 std=0.105 var=0.011 state=slow thr=2.448/2.648/3.148
10.88,15.25,23.62,0.9657,-0.1482,-0.0668,-0.2025,12.23,-4.14,9.15,201.88,17.81,-22.75,15.83,0,1.70,-0.0138,0.0627,10.376,-1.599,-0.138,0.251,0.317,-0.317,0.513,0
6.56,9.94,29.69,0.9621,-0.0942,-0.0323,-0.2540,0.67,-0.31,7.87,41.44,23.81,1.06,7.90,0,1.70,-0.0029,0.0395,-0.408,1.306,-1.743,0.226,0.312,-0.332,0.508,0
4.31,5.56,27.00,0.9729,-0.0471,-0.0275,-0.2249,0.03,-0.66,9.03,116.56,-0.12,97.56,9.05,0,1.70,-0.0065,0.0208,-0.702,0.117,-0.719,0.190,0.289,-0.339,0.484,0
4.44,4.19,25.56,0.9752,-0.0425,-0.0312,-0.2150,3.20,-0.09,10.26,22.38,-12.50,74.00,10.75,0,1.70,-0.0085,0.0193,2.423,0.592,0.508,0.225,0.300,-0.317,0.491,0
phase1 acc_mag=11.883 gravity=10.112 motion=1.771 moving_avg=1.145 rms=1.803 mean_rms=2.172 max_rms=2.567 min_rms=1.752 std=0.215 var=0.046 state=standing thr=2.601/2.801/3.301
4.62,6.50,23.75,0.9762,-0.0640,-0.0279,-0.2054,-0.44,-3.59,11.18,-110.38,11.31,-25.62,11.75,0,1.70,-0.0056,0.0273,-1.232,-2.476,1.469,0.303,0.294,-0.248,0.490,0
3.25,9.00,20.81,0.9800,-0.0824,-0.0141,-0.1805,-1.84,-1.29,9.16,-10.31,14.81,3.75,9.43,0,1.70,0.0004,0.0333,-2.403,0.244,-0.510,0.272,0.362,-0.268,0.526,0
4.56,9.25,18.94,0.9823,-0.0859,-0.0262,-0.1644,0.60,-1.94,9.17,-0.75,-29.75,-12.31,9.39,0,1.70,-0.0046,0.0355,-0.182,-0.369,-0.478,0.208,0.345,-0.313,0.510,0
7.12,6.75,20.62,0.9804,-0.0652,-0.0549,-0.1777,4.01,0.65,8.32,51.75,-36.94,3.56,9.26,0,1.70,-0.0169,0.0295,2.727,1.712,-1.344,0.241,0.337,-0.337,0.534,0
phase1 acc_mag=7.571 gravity=10.016 motion=2.445 moving_avg=1.181 rms=1.829 mean_rms=2.106 max_rms=2.567 min_rms=1.752 std=0.260 var=0.068 state=standing thr=2.626/2.826/3.326
11.81,2.25,20.69,0.9782,-0.0379,-0.0981,-0.1789,0.60,1.35,9.46,18.12,-48.81,-5.00,9.57,0,1.70,-0.0357,0.0218,-1.415,1.733,-0.129,0.211,0.431,-0.421,0.638,0
11.88,1.94,23.12,0.9742,-0.0372,-0.0981,-0.1997,-0.79,-1.12,9.23,-24.50,38.38,-69.44,9.33,0,1.70,-0.0352,0.0223,-2.810,-0.793,-0.361,0.311,0.581,-0.471,0.810,0
10.50,2.62,23.50,0.9749,-0.0436,-0.0818,-0.2025,1.90,0.06,9.24,-36.94,35.88,9.62,9.43,0,1.70,-0.0284,0.0236,0.163,0.568,-0.399,0.299,0.602,-0.488,0.831,0
7.12,5.75,22.62,0.9773,-0.0616,-0.0513,-0.1960,0.18,-4.03,10.22,-54.56,46.31,-13.00,10.99,0,1.70,-0.0152,0.0281,-1.040,-3.047,0.540,0.294,0.575,-0.491,0.811,0
phase1 acc_mag=10.083 gravity=10.102 motion=0.019 moving_avg=1.154 rms=1.774 mean_rms=2.012 max_rms=2.567 min_rms=1.752 std=0.277 var=0.077 state=standing thr=2.566/2.766/3.266
4.94,5.62,22.25,0.9791,-0.0564,-0.0330,-0.1926,1.19,1.28,8.23,18.62,37.56,63.69,8.41,0,1.70,-0.0086,0.0246,0.343,2.238,-1.494,0.276,0.572,-0.511,0.815,0
2.75,7.50,22.75,0.9786,-0.0680,-0.0101,-0.1939,-2.34,-2.56,9.55,12.06,7.25,37.44,10.16,0,1.70,0.0013,0.0274,-2.793,-1.293,-0.165,0.206,0.565,-0.497,0.780,0
2.62,7.69,22.00,0.9794,-0.0698,-0.0107,-0.1894,-0.18,-2.36,10.10,-0.44,-4.88,5.75,10.37,0,1.70,0.0011,0.0282,-0.646,-1.059,0.391,0.184,0.552,-0.500,0.768,0
2.75,7.50,21.69,0.9797,-0.0689,-0.0114,-0.1879,0.70,-0.56,9.43,-11.81,7.44,-8.94,9.47,0,1.70,0.0007,0.0279,0.227,0.722,-0.282,0.211,0.587,-0.508,0.805,0
phase1 acc_mag=9.866 gravity=10.140 motion=0.274 moving_avg=1.004 rms=1.646 mean_rms=1.882 max_rms=2.567 min_rms=1.646 std=0.245 var=0.060 state=standing thr=2.371/2.571/3.071
2.75,7.75,21.94,0.9792,-0.0710,-0.0110,-0.1898,-0.23,-1.78,9.83,2.06,-6.69,-1.88,9.99,0,1.70,0.0011,0.0286,-0.706,-0.458,0.125,0.189,0.574,-0.505,0.788,0
3.50,7.31,22.00,0.9791,-0.0685,-0.0195,-0.1907,0.22,-0.87,9.25,6.19,-15.75,-2.88,9.29,0,1.70,-0.0024,0.0283,-0.410,0.372,-0.457,0.168,0.579,-0.517,0.794,0
5.06,6.94,22.62,0.9777,-0.0680,-0.0317,-0.1960,2.09,-1.78,11.40,7.38,-18.50,-6.19,11.73,0,1.70,-0.0071,0.0291,1.221,-0.598,1.704,0.188,0.585,-0.504,0.795,0
phase1 acc_mag=10.040 gravity=9.919 motion=0.121 moving_avg=0.722 rms=0.943 mean_rms=1.715 max_rms=1.841 min_rms=0.943 std=0.149 var=0.022 state=standing thr=2.012/2.212/2.712
5.44,6.75,23.12,0.9769,-0.0670,-0.0348,-0.1999,-0.04,-1.41,9.94,4.25,-3.00,-3.69,10.04,0,1.70,-0.0082,0.0290,-0.969,-0.262,0.246,0.188,0.570,-0.511,0.788,0
5.88,6.62,23.25,0.9765,-0.0673,-0.0391,-0.2010,1.43,-1.09,9.98,-0.56,0.38,2.69,10.14,0,1.70,-0.0099,0.0294,0.417,0.044,0.292,0.200,0.569,-0.499,0.782,0
5.69,7.19,23.06,0.9766,-0.0717,-0.0361,-0.1996,0.76,-1.46,9.71,-16.69,5.56,0.62,9.85,0,1.70,-0.0084,0.0309,-0.213,-0.229,0.030,0.197,0.587,-0.509,0.802,0
5.38,7.88,23.00,0.9765,-0.0772,-0.0318,-0.1989,0.59,-1.50,9.58,-8.94,5.44,0.06,9.71,0,1.70,-0.0063,0.0327,-0.320,-0.145,-0.091,0.188,0.584,-0.511,0.799,0
phase1 acc_mag=9.516 gravity=9.803 motion=0.287 moving_avg=0.564 rms=0.773 mean_rms=1.547 max_rms=1.841 min_rms=0.773 std=0.353 var=0.125 state=standing thr=2.254/2.454/2.954
5.31,8.25,23.19,0.9760,-0.0800,-0.0312,-0.2003,0.84,-1.49,9.68,-4.75,-2.19,-2.81,9.83,0,1.70,-0.0058,0.0337,-0.071,-0.082,0.018,0.183,0.589,-0.517,0.805,0
5.50,8.31,23.19,0.9758,-0.0809,-0.0328,-0.2004,0.83,-1.41,9.66,-1.38,-2.31,1.06,9.80,0,1.70,-0.0063,0.0342,-0.116,0.009,0.003,0.183,0.594,-0.519,0.810,0
5.75,8.25,23.25,0.9756,-0.0805,-0.0351,-0.2009,0.98,-1.37,9.53,3.06,-2.38,3.62,9.68,0,1.70,-0.0072,0.0342,-0.009,0.032,-0.125,0.181,0.600,-0.523,0.816,0
phase1 acc_mag=9.990 gravity=9.876 motion=0.114 moving_avg=0.405 rms=0.603 mean_rms=1.317 max_rms=1.841 min_rms=0.603 std=0.450 var=0.202 state=standing thr=2.216/2.416/2.916
5.44,8.06,22.81,0.9770,-0.0774,-0.0322,-0.1962,0.52,-1.76,9.82,10.81,8.75,13.81,9.99,0,1.70,-0.0065,0.0328,-0.395,-0.401,0.151,0.186,0.598,-0.515,0.811,0
4.00,8.00,22.69,0.9772,-0.0766,-0.0190,-0.1972,-0.07,-0.37,9.04,-17.12,17.94,-8.69,9.05,0,1.70,-0.0014,0.0314,-0.730,1.025,-0.644,0.174,0.632,-0.527,0.841,0
4.06,10.50,23.62,0.9747,-0.0986,-0.0165,-0.1999,1.34,-1.19,10.04,-29.25,-16.56,29.06,10.20,0,1.70,0.0015,0.0398,0.638,0.630,0.429,0.174,0.634,-0.504,0.828,0
6.12,13.88,18.19,0.9788,-0.1275,-0.0346,-0.1567,1.96,-2.35,9.34,-69.19,-57.69,54.75,9.83,0,1.70,-0.0056,0.0521,0.904,-0.009,-0.124,0.190,0.625,-0.540,0.848,0
phase1 acc_mag=12.771 gravity=9.906 motion=2.866 moving_avg=0.425 rms=0.780 mean_rms=1.081 max_rms=1.766 min_rms=0.479 std=0.471 var=0.222 state=standing thr=2.022/2.222/2.722
6.00,16.00,18.44,0.9761,-0.1458,-0.0303,-0.1586,2.56,-7.85,12.97,-76.25,11.31,-75.12,15.38,0,1.70,-0.0026,0.0588,1.527,-5.153,3.598,0.156,0.763,-0.554,0.956,0
4.38,20.50,23.12,0.9626,-0.1805,0.0034,-0.2021,-0.21,-3.45,9.27,1.94,84.06,-46.19,9.89,0,1.70,0.0159,0.0692,-0.862,-0.028,0.102,0.138,0.737,-0.544,0.926,0
1.19,18.44,23.88,0.9659,-0.1584,0.0240,-0.2032,-0.41,-3.12,9.03,35.25,25.81,20.12,9.56,0,1.70,0.0221,0.0593,-0.587,-0.023,-0.273,0.110,0.715,-0.551,0.909,0
1.62,20.06,22.19,0.9661,-0.1741,0.0195,-0.1895,-1.30,-5.61,6.83,-41.25,-46.00,42.31,8.93,0,1.70,0.0207,0.0658,-1.578,-2.239,-2.375,0.088,0.698,-0.587,0.916,0
phase1 acc_mag=11.312 gravity=10.050 motion=1.262 moving_avg=0.563 rms=1.234 mean_rms=0.988 max_rms=1.659 min_rms=0.479 std=0.376 var=0.141 state=standing thr=1.740/1.940/2.440
3.81,20.94,14.81,0.9746,-0.1843,-0.0102,-0.1268,1.01,-2.86,9.34,15.31,-19.25,80.12,9.82,0,1.70,0.0054,0.0724,0.357,0.638,0.202,0.102,0.742,-0.548,0.928,0
4.12,20.56,14.00,0.9753,-0.1848,-0.0168,-0.1196,0.61,-3.40,8.81,-38.00,-27.69,0.31,9.46,0,1.70,0.0023,0.0729,-0.146,0.095,-0.322,0.108,0.733,-0.554,0.925,0
6.31,24.50,15.19,0.9672,-0.2170,-0.0280,-0.1293,0.97,-4.03,8.82,-47.94,-1.75,-31.69,9.75,0,1.70,0.0004,0.0854,-0.111,0.015,-0.048,0.137,0.786,-0.526,0.956,0
6.50,23.06,18.00,0.9666,-0.1998,-0.0266,-0.1581,0.85,-4.07,8.41,72.38,17.00,-53.81,9.38,0,1.70,0.0023,0.0789,-0.274,-0.364,-0.599,0.127,0.761,-0.526,0.934,0
phase1 acc_mag=8.912 gravity=10.081 motion=1.168 moving_avg=0.577 rms=1.251 mean_rms=0.923 max_rms=1.252 min_rms=0.479 std=0.278 var=0.077 state=standing thr=1.478/1.678/2.178
7.44,19.31,18.88,0.9707,-0.1761,-0.0390,-0.1586,0.79,-3.37,8.94,10.25,-20.75,20.38,9.59,0,1.70,-0.0040,0.0708,-0.500,-0.139,-0.228,0.106,0.761,-0.541,0.939,0
8.75,21.69,14.12,0.9719,-0.1948,-0.0542,-0.1206,1.52,-3.61,9.23,-33.00,-67.81,79.94,10.03,0,1.70,-0.0117,0.0784,0.026,-0.025,0.226,0.083,0.765,-0.544,0.942,0
12.75,24.75,9.00,0.9679,-0.2189,-0.0970,-0.0762,2.32,-4.48,8.78,-28.75,-57.00,31.00,10.13,0,1.70,-0.0309,0.0877,0.151,-0.469,0.098,0.069,0.756,-0.550,0.937,0
phase1 acc_mag=9.263 gravity=10.049 motion=0.787 moving_avg=0.624 rms=1.267 mean_rms=1.002 max_rms=1.267 min_rms=0.479 std=0.306 var=0.094 state=standing thr=1.614/1.814/2.314
15.38,27.94,7.50,0.9569,-0.2519,-0.1317,-0.0598,2.58,-4.64,7.59,-90.56,-125.38,22.12,9.26,0,1.70,-0.0444,0.0996,-0.186,-0.067,-0.633,0.060,0.746,-0.576,0.944,0
22.31,40.62,5.06,0.9203,-0.3384,-0.1916,-0.0433,4.35,-6.50,7.24,-41.31,0.75,-21.62,10.66,0,1.70,-0.0647,0.1279,0.604,-0.555,0.399,0.085,0.730,-0.555,0.921,0
22.38,39.94,6.25,0.9230,-0.3312,-0.1898,-0.0496,3.57,-6.39,6.92,18.38,-9.62,4.56,10.07,0,1.70,-0.0635,0.1260,-0.187,-0.580,-0.030,0.062,0.704,-0.552,0.897,0
24.00,41.88,5.12,0.9155,-0.3425,-0.2072,-0.0411,4.24,-6.85,6.99,36.00,-23.94,-4.38,10.67,0,1.70,-0.0703,0.1288,0.243,-0.867,0.326,0.065,0.672,-0.537,0.863,0
phase1 acc_mag=10.723 gravity=10.140 motion=0.583 moving_avg=0.678 rms=1.281 mean_rms=1.107 max_rms=1.281 min_rms=0.479 std=0.285 var=0.081 state=standing thr=1.677/1.877/2.377
24.12,28.62,4.25,0.9482,-0.2387,-0.2065,-0.0356,3.56,-4.28,6.88,232.75,8.56,-20.44,8.85,0,1.70,-0.0749,0.0935,-0.448,0.015,-0.972,0.056,0.641,-0.545,0.843,0
23.69,30.38,3.12,0.9431,-0.2616,-0.2036,-0.0261,3.51,-4.66,6.77,-130.25,14.25,31.50,8.94,0,1.70,-0.0741,0.1008,-0.389,0.075,-0.882,0.031,0.647,-0.612,0.891,0
21.00,33.19,4.81,0.9443,-0.2771,-0.1716,-0.0455,3.44,-4.24,8.48,15.56,126.31,-26.12,10.09,0,1.70,-0.0598,0.1078,0.014,0.739,0.757,0.028,0.625,-0.576,0.850,0
17.25,32.06,8.88,0.9482,-0.2778,-0.1348,-0.0739,3.56,-6.52,8.37,-73.38,58.12,-18.00,11.19,0,1.70,-0.0429,0.1094,0.651,-1.548,0.434,0.026,0.612,-0.593,0.853,0
phase1 acc_mag=10.049 gravity=10.038 motion=0.011 moving_avg=0.708 rms=1.227 mean_rms=1.256 max_rms=1.339 min_rms=0.780 std=0.060 var=0.004 state=standing thr=1.376/1.576/2.076
17.44,32.12,10.31,0.9468,-0.2800,-0.1334,-0.0858,2.42,-4.69,8.01,48.44,11.12,-23.31,9.59,0,1.70,-0.0409,0.1106,-0.527,0.285,0.089,-0.002,0.627,-0.582,0.855,0
16.50,27.62,11.69,0.9565,-0.2455,-0.1233,-0.0984,2.30,-4.16,8.79,-7.12,2.19,9.81,9.99,0,1.70,-0.0375,0.0988,-0.487,0.207,0.463,-0.027,0.631,-0.567,0.849,0
16.56,29.75,11.00,0.9526,-0.2620,-0.1246,-0.0920,2.29,-5.37,8.77,-18.31,-2.00,6.00,10.54,0,1.70,-0.0378,0.1044,-0.511,-0.699,0.614,-0.057,0.604,-0.540,0.812,0
phase1 acc_mag=10.715 gravity=9.921 motion=0.794 moving_avg=0.540 rms=0.692 mean_rms=1.159 max_rms=1.339 min_rms=0.689 std=0.226 var=0.051 state=standing thr=1.610/1.810/2.310
16.56,27.00,12.06,0.9574,-0.2405,-0.1238,-0.1013,2.18,-4.32,9.56,46.69,4.81,-25.25,10.71,0,1.70,-0.0377,0.0971,-0.622,-0.050,1.188,-0.088,0.580,-0.489,0.764,0
15.81,25.19,14.19,0.9596,-0.2272,-0.1116,-0.1226,2.39,-4.78,9.02,-0.19,32.88,-28.31,10.48,0,1.70,-0.0317,0.0927,-0.258,-0.772,0.471,-0.099,0.574,-0.465,0.745,0
14.50,22.44,16.88,0.9627,-0.2070,-0.0997,-0.1430,2.40,-3.68,9.34,63.81,41.88,-40.19,10.32,0,1.70,-0.0266,0.0854,-0.064,-0.052,0.568,-0.105,0.541,-0.425,0.696,0
14.81,14.06,18.94,0.9708,-0.1392,-0.1087,-0.1624,2.60,-2.08,9.07,26.38,13.50,-15.44,9.66,0,1.70,-0.0332,0.0611,0.087,0.224,-0.124,-0.146,0.587,-0.477,0.770,0
phase1 acc_mag=10.107 gravity=10.054 motion=0.053 moving_avg=0.615 rms=0.855 mean_rms=1.070 max_rms=1.339 min_rms=0.689 std=0.267 var=0.071 state=standing thr=1.604/1.804/2.304
13.56,13.38,18.88,0.9736,-0.1293,-0.0961,-0.1616,2.32,-2.94,9.87,27.38,34.50,7.50,10.56,0,1.70,-0.0291,0.0566,0.074,-0.775,0.572,-0.125,0.615,-0.474,0.786,0
10.81,11.88,19.19,0.9763,-0.1168,-0.0767,-0.1654,1.36,-1.85,9.49,2.44,39.50,0.69,9.76,0,1.70,-0.0222,0.0507,-0.487,0.138,0.067,-0.129,0.631,-0.480,0.803,0
8.69,11.62,18.88,0.9788,-0.1102,-0.0564,-0.1629,1.05,-1.18,9.33,15.25,29.56,4.06,9.46,0,1.70,-0.0149,0.0468,-0.385,0.756,-0.176,-0.165,0.646,-0.480,0.822,0
7.81,11.06,19.12,0.9792,-0.1060,-0.0521,-0.1650,1.52,-1.65,9.35,-3.12,-4.50,-7.56,9.62,0,1.70,-0.0134,0.0449,0.177,0.216,-0.183,-0.181,0.680,-0.502,0.865,0
phase1 acc_mag=8.815 gravity=10.035 motion=1.220 moving_avg=0.646 rms=0.881 mean_rms=0.989 max_rms=1.339 min_rms=0.689 std=0.259 var=0.067 state=standing thr=1.507/1.707/2.207
7.94,10.44,18.81,0.9800,-0.1010,-0.0541,-0.1628,2.19,-2.22,10.30,8.69,-3.06,-8.12,10.76,0,1.70,-0.0146,0.0431,0.828,-0.451,0.751,-0.181,0.703,-0.507,0.886,0
7.31,9.31,18.88,0.9816,-0.0883,-0.0492,-0.1618,0.41,-1.35,9.66,21.75,14.31,15.75,9.76,0,1.70,-0.0136,0.0379,-0.817,0.194,0.054,-0.183,0.739,-0.505,0.914,0
6.25,8.50,351.00,0.9927,-0.0696,-0.0604,0.0781,0.63,-0.90,9.27,11.50,7.62,8.19,9.33,0,1.70,-0.0262,0.0258,-0.440,0.548,-0.370,-0.207,0.753,-0.508,0.931,0
5.69,8.25,349.50,0.9920,-0.0670,-0.0564,0.0909,0.93,-0.55,9.60,25.69,6.25,54.81,9.66,0,1.70,-0.0248,0.0245,-0.048,0.853,-0.056,-0.207,0.781,-0.513,0.957,0
phase1 acc_mag=10.024 gravity=9.972 motion=0.053 moving_avg=0.662 rms=0.889 mean_rms=0.915 max_rms=1.339 min_rms=0.689 std=0.220 var=0.048 state=standing thr=1.355/1.555/2.055
4.75,7.50,346.62,0.9901,-0.0595,-0.0475,0.1182,0.44,-1.74,10.25,9.88,17.19,31.19,10.41,0,1.70,-0.0216,0.0213,-0.344,-0.474,0.557,-0.205,0.792,-0.507,0.963,0
3.62,6.44,345.69,0.9901,-0.0511,-0.0377,0.1251,0.77,-0.37,9.58,12.12,12.81,10.06,9.62,0,1.70,-0.0175,0.0184,0.163,0.716,-0.147,-0.206,0.814,-0.512,0.983,0
2.44,6.19,344.69,0.9894,-0.0508,-0.0287,0.1324,0.52,-0.48,9.62,-5.06,19.56,25.88,9.65,0,1.70,-0.0141,0.0186,0.094,0.581,-0.119,-0.210,0.839,-0.517,1.008,0
phase1 acc_mag=9.859 gravity=9.988 motion=0.129 moving_avg=0.532 rms=0.761 mean_rms=0.816 max_rms=1.227 min_rms=0.689 std=0.093 var=0.009 state=standing thr=1.001/1.201/1.701
1.12,6.69,343.62,0.9880,-0.0571,-0.0173,0.1423,-0.83,-1.20,9.75,-3.12,14.56,8.38,9.86,0,1.70,-0.0101,0.0216,-1.005,-0.045,0.013,-0.232,0.851,-0.515,1.021,0
1.00,6.81,344.00,0.9885,-0.0577,-0.0171,0.1389,-0.21,-0.88,9.84,-8.38,-2.44,-10.00,9.88,0,1.70,-0.0100,0.0219,-0.384,0.286,0.105,-0.242,0.903,-0.528,1.074,0
1.06,7.31,344.25,0.9885,-0.0627,-0.0181,0.1365,0.53,-1.29,9.97,-7.81,3.06,-1.38,10.07,0,1.70,-0.0106,0.0238,0.347,-0.025,0.247,-0.234,0.912,-0.519,1.075,0
0.81,7.69,344.56,0.9887,-0.0657,-0.0161,0.1336,0.14,-1.23,9.67,-7.00,5.56,-3.25,9.75,0,1.70,-0.0099,0.0251,-0.000,0.087,-0.047,-0.233,0.926,-0.527,1.091,0
phase1 acc_mag=9.812 gravity=9.917 motion=0.105 moving_avg=0.510 rms=0.747 mean_rms=0.814 max_rms=0.890 min_rms=0.689 std=0.063 var=0.004 state=standing thr=0.940/1.140/1.640
0.44,7.69,344.75,0.9889,-0.0662,-0.0127,0.1324,-0.05,-0.94,9.75,-1.75,5.06,1.19,9.80,0,1.70,-0.0085,0.0255,-0.124,0.376,0.033,-0.239,0.941,-0.528,1.105,0
0.06,7.69,344.75,0.9889,-0.0671,-0.0094,0.1321,-0.52,-1.53,9.87,-4.75,2.62,-0.38,10.00,0,1.70,-0.0073,0.0261,-0.528,-0.203,0.154,-0.255,0.954,-0.526,1.119,0
0.12,7.56,344.88,0.9891,-0.0654,-0.0103,0.1312,0.48,-1.16,9.84,5.69,-3.25,-10.31,9.92,0,1.70,-0.0075,0.0253,0.449,0.136,0.119,-0.254,0.975,-0.529,1.138,0
0.06,6.81,345.56,0.9904,-0.0587,-0.0081,0.1247,-0.34,-0.58,9.58,5.00,4.00,-2.94,9.60,0,1.70,-0.0061,0.0229,-0.354,0.580,-0.158,-0.255,0.994,-0.531,1.156,0
phase1 acc_mag=9.888 gravity=9.716 motion=0.172 moving_avg=0.353 rms=0.459 mean_rms=0.793 max_rms=0.890 min_rms=0.459 std=0.101 var=0.010 state=standing thr=0.995/1.195/1.695
-0.06,6.81,345.81,0.9907,-0.0591,-0.0064,0.1229,-0.33,-0.90,9.75,-1.44,0.81,-0.62,9.80,0,1.70,-0.0054,0.0231,-0.312,0.263,0.012,-0.265,1.008,-0.531,1.169,0
0.00,6.38,346.31,0.9914,-0.0553,-0.0071,0.1185,0.64,-1.17,9.87,2.69,0.81,-1.44,9.96,0,1.70,-0.0054,0.0216,0.631,-0.078,0.124,-0.246,1.012,-0.528,1.167,0
-0.12,6.06,346.44,0.9916,-0.0527,-0.0048,0.1176,-0.25,-0.34,9.50,8.69,3.12,-2.62,9.51,0,1.70,-0.0044,0.0207,-0.222,0.696,-0.251,-0.250,1.028,-0.533,1.184,0
-0.25,5.62,346.44,0.9918,-0.0487,-0.0032,0.1181,-0.28,-0.48,9.72,-1.06,-0.19,3.06,9.74,0,1.70,-0.0036,0.0192,-0.229,0.475,-0.040,-0.263,1.059,-0.535,1.215,0
phase1 acc_mag=9.761 gravity=9.746 motion=0.016 moving_avg=0.269 rms=0.372 mean_rms=0.708 max_rms=0.890 min_rms=0.372 std=0.170 var=0.029 state=standing thr=1.048/1.248/1.748
-0.31,5.62,346.25,0.9916,-0.0493,-0.0027,0.1197,-0.12,-0.94,9.73,-1.62,-0.31,2.25,9.78,0,1.70,-0.0034,0.0194,-0.058,0.024,-0.029,-0.266,1.064,-0.536,1.221,0
-0.31,5.69,346.12,0.9915,-0.0498,-0.0030,0.1205,-0.25,-1.05,9.83,-4.81,-1.94,2.12,9.89,0,1.70,-0.0036,0.0196,-0.190,-0.074,0.072,-0.272,1.076,-0.541,1.235,0
-0.12,5.69,346.06,0.9914,-0.0502,-0.0048,0.1209,-0.03,-0.78,9.73,-5.62,-3.25,0.94,9.76,0,1.70,-0.0043,0.0197,-0.004,0.207,-0.027,-0.279,1.091,-0.541,1.249,0
0.00,5.81,346.06,0.9913,-0.0505,-0.0060,0.1210,0.17,-0.91,9.69,1.31,-1.12,-0.44,9.73,0,1.70,-0.0048,0.0197,0.172,0.086,-0.066,-0.272,1.092,-0.543,1.250,0
phase1 acc_mag=9.839 gravity=9.753 motion=0.085 moving_avg=0.165 rms=0.226 mean_rms=0.588 max_rms=0.890 min_rms=0.226 std=0.212 var=0.045 state=standing thr=1.011/1.211/1.711
-0.25,5.81,346.00,0.9913,-0.0511,-0.0038,0.1217,0.31,-0.74,9.81,-3.44,9.75,7.75,9.84,0,1.70,-0.0040,0.0201,0.357,0.264,0.054,-0.259,1.106,-0.544,1.259,0
-1.19,5.75,345.25,0.9904,-0.0518,0.0049,0.1283,-1.07,-0.82,9.43,-2.81,10.56,4.38,9.53,0,1.70,-0.0007,0.0208,-0.844,0.174,-0.323,-0.265,1.120,-0.551,1.276,0
-1.06,5.75,345.44,0.9907,-0.0513,0.0031,0.1262,-0.71,-1.34,9.81,7.31,-12.38,-10.94,9.93,0,1.70,-0.0014,0.0205,-0.523,-0.350,0.056,-0.312,1.110,-0.558,1.281,0
phase1 acc_mag=9.783 gravity=9.743 motion=0.040 moving_avg=0.129 rms=0.180 mean_rms=0.457 max_rms=0.764 min_rms=0.180 std=0.219 var=0.048 state=standing thr=0.894/1.094/1.594
-0.38,5.44,345.81,0.9912,-0.0475,-0.0026,0.1235,0.53,-0.42,9.76,0.12,-3.12,1.19,9.78,0,1.70,-0.0034,0.0187,0.595,0.509,-0.002,-0.293,1.136,-0.562,1.301,0
-0.44,5.56,345.62,0.9910,-0.0490,-0.0019,0.1248,-0.40,-0.78,9.62,-1.31,-2.38,1.19,9.66,0,1.70,-0.0032,0.0193,-0.317,0.176,-0.140,-0.313,1.145,-0.569,1.316,0
-0.25,5.62,345.56,0.9908,-0.0495,-0.0037,0.1255,0.13,-0.64,9.68,-1.00,-2.19,1.19,9.70,0,1.70,-0.0040,0.0194,0.180,0.331,-0.078,-0.308,1.153,-0.571,1.323,0
-0.19,5.81,345.56,0.9908,-0.0509,-0.0045,0.1251,-0.02,-0.56,9.63,1.25,-2.62,-3.25,9.65,0,1.70,-0.0043,0.0199,0.017,0.440,-0.126,-0.315,1.164,-0.575,1.336,0
phase1 acc_mag=9.747 gravity=9.748 motion=0.001 moving_avg=0.085 rms=0.109 mean_rms=0.338 max_rms=0.745 min_rms=0.109 std=0.190 var=0.036 state=standing thr=0.718/0.918/1.418
-0.12,5.81,345.69,0.9910,-0.0510,-0.0052,0.1241,0.11,-0.96,9.80,-1.94,-1.00,-0.75,9.85,0,1.70,-0.0046,0.0200,0.132,0.045,0.045,-0.317,1.168,-0.574,1.340,0
-0.06,5.88,345.75,0.9911,-0.0511,-0.0058,0.1230,-0.32,-0.63,9.50,0.62,-2.44,-4.50,9.53,0,1.70,-0.0048,0.0200,-0.309,0.377,-0.255,-0.328,1.175,-0.582,1.352,0
0.50,5.81,346.31,0.9916,-0.0501,-0.0112,0.1187,0.26,-0.52,9.63,0.38,-8.12,-3.81,9.65,0,1.70,-0.0068,0.0193,0.158,0.481,-0.124,-0.332,1.192,-0.585,1.369,0
0.75,5.88,346.44,0.9917,-0.0504,-0.0129,0.1178,0.14,-1.09,9.76,-2.25,0.69,-1.56,9.82,0,1.70,-0.0075,0.0194,0.006,-0.080,0.006,-0.318,1.204,-0.590,1.378,0
phase1 acc_mag=9.658 gravity=9.738 motion=0.081 moving_avg=0.083 rms=0.106 mean_rms=0.231 max_rms=0.455 min_rms=0.106 std=0.118 var=0.014 state=standing thr=0.466/0.666/1.166
0.81,5.75,346.50,0.9918,-0.0491,-0.0130,0.1173,-0.04,-0.23,9.43,7.25,-2.88,-2.81,9.43,0,1.70,-0.0075,0.0189,-0.180,0.756,-0.327,-0.326,1.213,-0.596,1.390,0
0.94,5.62,346.50,0.9919,-0.0477,-0.0143,0.1171,0.25,-0.75,9.71,-0.25,-1.75,1.19,9.74,0,1.70,-0.0079,0.0183,0.082,0.211,-0.048,-0.329,1.222,-0.595,1.399,0
0.94,5.50,346.50,0.9919,-0.0472,-0.0141,0.1174,0.05,-0.86,9.65,-1.06,-1.94,-0.12,9.69,0,1.70,-0.0078,0.0181,-0.116,0.090,-0.109,-0.338,1.236,-0.604,1.417,0
1.06,5.62,346.44,0.9918,-0.0480,-0.0154,0.1178,0.22,-0.83,9.72,-4.56,-2.00,0.94,9.76,0,1.70,-0.0084,0.0183,0.032,0.140,-0.037,-0.340,1.244,-0.608,1.426,0
phase1 acc_mag=9.799 gravity=9.727 motion=0.072 moving_avg=0.079 rms=0.100 mean_rms=0.166 max_rms=0.349 min_rms=0.100 std=0.070 var=0.005 state=standing thr=0.306/0.506/1.006
1.06,6.06,346.25,0.9913,-0.0518,-0.0159,0.1201,0.22,-1.38,9.93,-5.56,0.94,6.69,10.03,0,1.70,-0.0088,0.0198,0.032,-0.335,0.181,-0.337,1.238,-0.604,1.418,0
1.12,6.12,346.00,0.9911,-0.0524,-0.0170,0.1213,0.07,-0.98,9.78,-5.38,-4.56,-1.94,9.83,0,1.70,-0.0093,0.0200,-0.136,0.080,0.033,-0.353,1.263,-0.618,1.450,0
1.38,6.25,346.12,0.9911,-0.0531,-0.0190,0.1204,0.14,-0.91,9.57,-0.56,-2.25,-2.12,9.61,0,1.70,-0.0101,0.0201,-0.105,0.167,-0.174,-0.349,1.272,-0.622,1.458,0
1.62,6.50,346.06,0.9910,-0.0549,-0.0210,0.1206,0.26,-1.11,9.75,-4.12,-4.31,-1.88,9.82,0,1.70,-0.0110,0.0207,-0.018,0.006,0.011,-0.354,1.279,-0.629,1.468,0
phase1 acc_mag=9.900 gravity=9.715 motion=0.186 moving_avg=0.100 rms=0.128 mean_rms=0.132 max_rms=0.219 min_rms=0.100 std=0.035 var=0.001 state=standing thr=0.203/0.403/0.903
1.69,6.50,346.12,0.9910,-0.0547,-0.0219,0.1202,0.40,-0.44,9.48,-0.31,4.06,2.44,9.50,0,1.70,-0.0113,0.0206,0.103,0.676,-0.258,-0.345,1.291,-0.631,1.478,0
1.44,7.00,346.06,0.9907,-0.0593,-0.0202,0.1210,-0.18,-1.48,9.72,-6.25,0.69,1.56,9.83,0,1.70,-0.0109,0.0225,-0.432,-0.281,-0.010,-0.362,1.299,-0.639,1.492,0
1.69,6.94,345.88,0.9905,-0.0587,-0.0226,0.1223,0.50,-1.09,9.72,0.75,-4.06,2.19,9.79,0,1.70,-0.0118,0.0222,0.202,0.105,-0.009,-0.368,1.305,-0.647,1.502,0
1.81,6.69,345.81,0.9905,-0.0558,-0.0236,0.1234,0.06,-0.96,9.65,4.56,-2.50,1.06,9.70,0,1.70,-0.0121,0.0210,-0.263,0.182,-0.084,-0.373,1.313,-0.651,1.512,0
phase1 acc_mag=9.705 gravity=9.704 motion=0.000 moving_avg=0.096 rms=0.125 mean_rms=0.118 max_rms=0.169 min_rms=0.100 std=0.014 var=0.000 state=standing thr=0.146/0.350/0.850
2.06,6.50,345.69,0.9905,-0.0545,-0.0251,0.1239,0.46,-0.93,9.66,2.44,-4.06,-0.12,9.72,0,1.70,-0.0127,0.0203,0.104,0.190,-0.076,-0.374,1.320,-0.656,1.521,0
2.31,6.31,345.75,0.9906,-0.0521,-0.0273,0.1234,0.28,-0.88,9.63,2.50,-3.50,-1.00,9.67,0,1.70,-0.0134,0.0193,-0.125,0.198,-0.109,-0.379,1.326,-0.660,1.529,0
2.50,6.00,345.81,0.9907,-0.0494,-0.0285,0.1232,0.35,-0.84,9.69,4.38,-1.62,0.31,9.73,0,1.70,-0.0137,0.0182,-0.085,0.188,-0.052,-0.381,1.339,-0.665,1.543,0
phase1 acc_mag=9.626 gravity=9.693 motion=0.067 moving_avg=0.092 rms=0.123 mean_rms=0.117 max_rms=0.131 min_rms=0.100 std=0.010 var=0.000 state=standing thr=0.138/0.350/0.850
2.56,5.69,345.69,0.9908,-0.0464,-0.0289,0.1240,0.37,-0.86,9.58,3.62,-2.00,1.62,9.63,0,1.70,-0.0138,0.0169,-0.079,0.112,-0.168,-0.386,1.345,-0.673,1.553,0
2.81,4.44,345.06,0.9905,-0.0355,-0.0294,0.1296,-0.17,-0.03,9.75,37.12,-5.38,20.12,9.75,0,1.70,-0.0135,0.0125,-0.651,0.734,-0.015,-0.402,1.348,-0.682,1.563,0
3.19,3.25,344.44,0.9900,-0.0246,-0.0318,0.1352,0.77,-0.60,9.81,10.62,-4.69,5.06,9.86,0,1.70,-0.0139,0.0080,0.218,-0.038,0.035,-0.401,1.355,-0.681,1.568,0
3.44,2.31,343.94,0.9896,-0.0159,-0.0330,0.1393,0.67,-0.17,9.81,5.12,-2.06,3.19,9.83,0,1.70,-0.0139,0.0044,0.074,0.228,0.030,-0.399,1.374,-0.692,1.589,0
phase1 acc_mag=9.681 gravity=9.696 motion=0.015 moving_avg=0.095 rms=0.126 mean_rms=0.120 max_rms=0.131 min_rms=0.100 std=0.009 var=0.000 state=standing thr=0.139/0.350/0.850
3.44,2.31,344.00,0.9896,-0.0161,-0.0330,0.1387,0.68,-0.06,9.57,-1.62,1.00,-0.31,9.59,0,1.70,-0.0140,0.0045,0.083,0.343,-0.210,-0.398,1.383,-0.697,1.600,0
3.38,2.38,343.94,0.9896,-0.0168,-0.0323,0.1393,0.50,-0.48,9.81,-2.94,1.62,1.62,9.83,0,1.70,-0.0137,0.0048,-0.082,-0.066,0.030,-0.401,1.386,-0.703,1.605,0
3.25,2.31,343.81,0.9895,-0.0162,-0.0312,0.1403,0.38,-0.19,9.60,0.25,-1.56,2.94,9.61,0,1.70,-0.0133,0.0046,-0.182,0.210,-0.183,-0.415,1.404,-0.714,1.629,0
3.44,2.38,343.75,0.9893,-0.0165,-0.0330,0.1409,0.72,0.05,9.59,1.75,-2.62,-0.50,9.62,0,1.70,-0.0140,0.0047,0.125,0.461,-0.190,-0.412,1.413,-0.722,1.639,0
phase1 acc_mag=9.852 gravity=9.682 motion=0.170 moving_avg=0.089 rms=0.116 mean_rms=0.125 max_rms=0.131 min_rms=0.116 std=0.003 var=0.000 state=standing thr=0.131/0.350/0.850
3.44,2.50,343.81,0.9894,-0.0181,-0.0331,0.1403,0.51,-0.29,9.63,-6.50,1.88,-1.19,9.65,0,1.70,-0.0141,0.0053,-0.082,0.153,-0.148,-0.413,1.416,-0.725,1.643,0
3.38,2.75,343.88,0.9894,-0.0199,-0.0330,0.1398,0.53,-0.23,9.61,-2.06,0.81,0.06,9.63,0,1.70,-0.0142,0.0060,-0.055,0.246,-0.168,-0.412,1.423,-0.732,1.653,0
3.38,2.88,343.88,0.9894,-0.0209,-0.0330,0.1400,0.43,-0.33,9.55,0.62,-0.75,0.00,9.57,0,1.70,-0.0142,0.0064,-0.152,0.167,-0.227,-0.418,1.426,-0.737,1.659,0
phase1 acc_mag=9.664 gravity=9.690 motion=0.025 moving_avg=0.075 rms=0.099 mean_rms=0.120 max_rms=0.131 min_rms=0.099 std=0.009 var=0.000 state=standing thr=0.138/0.350/0.850
3.38,3.06,343.88,0.9894,-0.0225,-0.0331,0.1397,0.50,-0.47,9.64,-6.38,1.00,-1.56,9.66,0,1.70,-0.0144,0.0071,-0.081,0.058,-0.135,-0.417,1.430,-0.742,1.664,0
3.38,3.50,344.00,0.9894,-0.0266,-0.0335,0.1390,0.56,-0.45,9.74,-3.81,-0.69,-1.12,9.77,0,1.70,-0.0147,0.0086,-0.018,0.157,-0.031,-0.421,1.433,-0.746,1.669,0
3.31,3.62,343.94,0.9894,-0.0278,-0.0333,0.1389,0.56,-0.55,9.67,-2.06,0.62,-1.69,9.70,0,1.70,-0.0147,0.0091,-0.011,0.080,-0.100,-0.422,1.438,-0.753,1.677,0
3.25,3.81,344.00,0.9894,-0.0294,-0.0331,0.1385,0.31,-0.52,9.57,-3.12,-0.44,-0.75,9.59,0,1.70,-0.0147,0.0098,-0.252,0.140,-0.199,-0.432,1.443,-0.760,1.687,0
phase1 acc_mag=9.603 gravity=9.691 motion=0.088 moving_avg=0.071 rms=0.097 mean_rms=0.115 max_rms=0.130 min_rms=0.096 std=0.012 var=0.000 state=standing thr=0.138/0.350/0.850
3.38,3.94,344.06,0.9893,-0.0304,-0.0341,0.1383,0.58,-0.61,9.70,-4.56,-1.25,-0.50,9.74,0,1.70,-0.0152,0.0101,0.002,0.072,-0.065,-0.433,1.450,-0.765,1.696,0
3.44,4.19,344.06,0.9893,-0.0323,-0.0352,0.1381,0.72,-0.94,9.85,-2.50,-1.00,-1.56,9.92,0,1.70,-0.0157,0.0109,0.125,-0.217,0.088,-0.433,1.448,-0.769,1.696,0
3.38,4.25,344.12,0.9893,-0.0328,-0.0349,0.1375,0.53,-0.59,9.63,-2.31,0.94,-0.69,9.66,0,1.70,-0.0156,0.0111,-0.058,0.140,-0.131,-0.434,1.461,-0.780,1.712,0
3.38,4.38,344.19,0.9894,-0.0336,-0.0349,0.1371,0.22,-0.71,9.58,-0.12,-3.06,-2.12,9.61,0,1.70,-0.0157,0.0114,-0.367,0.036,-0.181,-0.446,1.461,-0.786,1.717,0
phase1 acc_mag=9.659 gravity=9.688 motion=0.030 moving_avg=0.079 rms=0.103 mean_rms=0.110 max_rms=0.130 min_rms=0.096 std=0.012 var=0.000 state=standing thr=0.134/0.350/0.850
3.62,4.44,344.25,0.9893,-0.0344,-0.0375,0.1365,0.77,-0.74,9.74,-2.62,-5.00,-0.62,9.80,0,1.70,-0.0167,0.0116,0.135,0.028,-0.016,-0.448,1.464,-0.789,1.723,0
3.69,4.69,344.19,0.9891,-0.0361,-0.0380,0.1371,0.86,-0.64,9.60,-3.88,3.31,3.88,9.66,0,1.70,-0.0170,0.0122,0.221,0.163,-0.152,-0.437,1.469,-0.795,1.727,0
3.38,4.88,344.12,0.9892,-0.0378,-0.0350,0.1371,0.39,-1.44,9.66,-0.31,6.19,-2.81,9.77,0,1.70,-0.0159,0.0131,-0.187,-0.612,-0.094,-0.430,1.458,-0.798,1.716,0
3.69,4.62,344.38,0.9894,-0.0358,-0.0378,0.1353,0.11,-0.90,9.68,1.38,-14.12,-8.62,9.72,0,1.70,-0.0169,0.0121,-0.529,-0.104,-0.074,-0.478,1.461,-0.809,1.737,0
phase1 acc_mag=9.657 gravity=9.690 motion=0.033 moving_avg=0.067 rms=0.088 mean_rms=0.104 max_rms=0.127 min_rms=0.087 std=0.011 var=0.000 state=standing thr=0.126/0.350/0.850
5.00,4.38,345.06,0.9899,-0.0325,-0.0488,0.1295,1.47,-0.51,9.59,2.12,-15.75,-7.50,9.72,0,1.70,-0.0210,0.0104,0.606,0.245,-0.150,-0.470,1.470,-0.816,1.745,0
5.00,4.44,344.94,0.9897,-0.0330,-0.0486,0.1305,2.10,-0.27,9.58,-3.56,14.56,8.69,9.81,0,1.70,-0.0210,0.0105,1.241,0.494,-0.159,-0.406,1.485,-0.818,1.744,0
3.19,4.75,344.31,0.9894,-0.0377,-0.0334,0.1358,-0.99,-1.36,9.68,-2.31,18.38,-2.06,9.83,0,1.70,-0.0153,0.0131,-1.537,-0.539,-0.077,-0.437,1.472,-0.824,1.743,0
3.75,4.50,344.88,0.9901,-0.0348,-0.0380,0.1310,-0.01,-0.49,9.55,5.75,-25.69,-13.31,9.56,0,1.70,-0.0169,0.0118,-0.659,0.283,-0.205,-0.511,1.480,-0.840,1.777,0
phase1 acc_mag=9.698 gravity=9.699 motion=0.001 moving_avg=0.080 rms=0.111 mean_rms=0.099 max_rms=0.111 min_rms=0.087 std=0.006 var=0.000 state=standing thr=0.111/0.350/0.850
5.25,4.44,345.38,0.9901,-0.0333,-0.0504,0.1267,3.28,-0.71,9.76,-4.00,1.12,0.31,10.32,0,1.70,-0.0217,0.0106,2.384,0.061,0.025,-0.430,1.489,-0.838,1.762,0
3.81,4.94,344.75,0.9897,-0.0385,-0.0391,0.1321,0.07,-1.03,9.62,-9.81,29.00,14.19,9.68,0,1.70,-0.0175,0.0132,-0.589,-0.182,-0.128,-0.412,1.496,-0.847,1.768,0
3.44,5.06,344.81,0.9899,-0.0399,-0.0357,0.1316,-0.85,-0.85,9.37,3.44,-23.56,-12.25,9.45,0,1.70,-0.0162,0.0139,-1.440,0.017,-0.381,-0.530,1.484,-0.865,1.797,0
5.31,4.81,345.50,0.9901,-0.0353,-0.0528,0.1257,2.71,-0.40,9.79,2.38,-18.31,-2.56,10.17,0,1.70,-0.0227,0.0113,1.772,0.415,0.062,-0.496,1.492,-0.867,1.795,0
phase1 acc_mag=10.183 gravity=9.728 motion=0.454 moving_avg=0.114 rms=0.173 mean_rms=0.110 max_rms=0.173 min_rms=0.087 std=0.024 var=0.001 state=slow thr=0.158/0.358/0.858
4.94,5.00,345.12,0.9896,-0.0386,-0.0467,0.1302,1.18,-0.90,9.68,-6.31,23.69,13.00,9.79,0,1.70,-0.0205,0.0128,0.372,-0.032,-0.055,-0.450,1.501,-0.868,1.791,0
3.88,5.25,344.75,0.9896,-0.0413,-0.0400,0.1321,-0.73,-1.10,9.55,1.38,-7.38,-5.44,9.64,0,1.70,-0.0180,0.0142,-1.399,-0.196,-0.192,-0.547,1.485,-0.882,1.812,0
5.00,5.12,345.06,0.9896,-0.0385,-0.0494,0.1293,2.25,-0.41,9.68,1.25,-10.88,-0.56,9.95,0,1.70,-0.0215,0.0127,1.389,0.463,-0.050,-0.518,1.499,-0.887,1.817,0
phase1 acc_mag=9.633 gravity=9.740 motion=0.107 moving_avg=0.129 rms=0.180 mean_rms=0.126 max_rms=0.180 min_rms=0.087 std=0.034 var=0.001 state=standing thr=0.194/0.394/0.894
4.38,5.44,344.62,0.9892,-0.0424,-0.0430,0.1339,0.22,-1.08,9.57,-3.19,15.31,8.50,9.63,0,1.70,-0.0193,0.0145,-0.502,-0.145,-0.166,-0.490,1.506,-0.894,1.818,0
4.50,5.38,344.75,0.9894,-0.0411,-0.0469,0.1313,0.92,-0.73,9.68,2.31,-16.62,-8.12,9.75,0,1.70,-0.0207,0.0138,0.115,0.188,-0.050,-0.528,1.509,-0.901,1.835,0
5.06,5.38,344.94,0.9893,-0.0408,-0.0494,0.1308,1.88,-0.77,9.66,-1.62,4.31,2.50,9.87,0,1.70,-0.0217,0.0136,1.025,0.149,-0.066,-0.475,1.520,-0.906,1.832,0
4.25,5.56,344.56,0.9891,-0.0435,-0.0433,0.1337,-0.69,-1.16,9.54,-2.12,3.88,0.88,9.64,0,1.70,-0.0195,0.0149,-1.417,-0.202,-0.193,-0.525,1.518,-0.915,1.848,0
phase1 acc_mag=9.645 gravity=9.747 motion=0.102 moving_avg=0.133 rms=0.182 mean_rms=0.141 max_rms=0.182 min_rms=0.087 std=0.037 var=0.001 state=standing thr=0.216/0.416/0.916
5.00,5.44,344.94,0.9893,-0.0416,-0.0498,0.1304,1.55,-0.90,9.72,2.88,-14.81,-7.25,9.88,0,1.70,-0.0219,0.0139,0.690,0.035,-0.004,-0.536,1.513,-0.918,1.850,0
5.06,5.50,344.81,0.9891,-0.0424,-0.0490,0.1321,1.25,-0.79,9.61,-5.19,11.00,7.81,9.72,0,1.70,-0.0216,0.0142,0.409,0.160,-0.115,-0.491,1.529,-0.923,1.852,0
4.31,5.75,344.56,0.9891,-0.0445,-0.0445,0.1335,-0.34,-1.21,9.62,1.50,-6.38,-5.12,9.70,0,1.70,-0.0200,0.0152,-1.087,-0.230,-0.109,-0.553,1.522,-0.934,1.870,0
4.81,5.56,344.75,0.9891,-0.0430,-0.0483,0.1323,1.83,-0.50,9.59,-1.31,0.56,2.81,9.78,0,1.70,-0.0214,0.0145,1.005,0.460,-0.134,-0.535,1.532,-0.939,1.875,0
phase1 acc_mag=9.654 gravity=9.752 motion=0.099 moving_avg=0.136 rms=0.183 mean_rms=0.159 max_rms=0.186 min_rms=0.087 std=0.031 var=0.001 state=standing thr=0.221/0.421/0.921
4.19,5.81,344.38,0.9888,-0.0456,-0.0437,0.1353,0.05,-1.09,9.57,-3.50,10.31,6.62,9.63,0,1.70,-0.0198,0.0157,-0.677,-0.090,-0.158,-0.535,1.533,-0.944,1.879,0
4.50,5.75,344.50,0.9890,-0.0442,-0.0469,0.1337,0.99,-0.87,9.75,2.62,-12.88,-6.56,9.84,0,1.70,-0.0209,0.0150,0.195,0.110,0.024,-0.580,1.531,-0.953,1.894,0
4.69,5.69,344.50,0.9888,-0.0439,-0.0477,0.1343,1.69,-0.75,9.67,-0.94,9.12,7.44,9.85,0,1.70,-0.0212,0.0148,0.881,0.227,-0.055,-0.531,1.543,-0.952,1.889,0
3.88,5.94,344.06,0.9885,-0.0468,-0.0411,0.1380,-0.43,-1.39,9.60,-0.75,-0.56,-1.12,9.71,0,1.70,-0.0188,0.0162,-1.100,-0.372,-0.130,-0.577,1.536,-0.966,1.904,0
phase1 acc_mag=9.703 gravity=9.749 motion=0.046 moving_avg=0.138 rms=0.180 mean_rms=0.175 max_rms=0.186 min_rms=0.115 std=0.012 var=0.000 state=standing thr=0.199/0.399/0.899
4.38,5.75,344.25,0.9886,-0.0444,-0.0452,0.1363,1.53,-0.46,9.60,0.75,-3.88,0.56,9.73,0,1.70,-0.0203,0.0151,0.773,0.521,-0.128,-0.571,1.545,-0.970,1.911,0
4.06,5.88,344.06,0.9884,-0.0461,-0.0425,0.1381,0.09,-1.14,9.55,-2.88,7.00,4.38,9.62,0,1.70,-0.0194,0.0159,-0.610,-0.131,-0.179,-0.570,1.548,-0.976,1.917,0
4.31,5.88,344.19,0.9886,-0.0450,-0.0455,0.1365,1.26,-0.74,9.70,3.38,-8.88,-3.44,9.81,0,1.70,-0.0205,0.0153,0.498,0.255,-0.027,-0.593,1.545,-0.985,1.926,0
4.38,5.88,344.19,0.9885,-0.0457,-0.0446,0.1371,0.45,-0.97,9.61,-2.56,6.38,2.69,9.67,0,1.70,-0.0201,0.0156,-0.292,0.035,-0.117,-0.576,1.558,-0.988,1.933,0
phase1 acc_mag=9.620 gravity=9.722 motion=0.102 moving_avg=0.110 rms=0.131 mean_rms=0.173 max_rms=0.186 min_rms=0.131 std=0.015 var=0.000 state=standing thr=0.203/0.403/0.903
4.44,5.94,344.31,0.9886,-0.0462,-0.0457,0.1356,0.18,-1.21,9.61,0.31,-9.44,-6.62,9.69,0,1.70,-0.0206,0.0158,-0.584,-0.192,-0.114,-0.607,1.552,-0.995,1.941,0
4.62,5.94,344.38,0.9886,-0.0460,-0.0474,0.1353,1.28,-0.81,9.57,-3.38,10.00,5.56,9.69,0,1.70,-0.0212,0.0156,0.484,0.207,-0.151,-0.559,1.565,-1.001,1.940,0
4.19,6.06,344.19,0.9885,-0.0477,-0.0439,0.1367,-0.47,-1.15,9.52,1.06,-4.75,-2.56,9.60,0,1.70,-0.0200,0.0164,-1.194,-0.108,-0.204,-0.620,1.556,-1.010,1.956,0
phase1 acc_mag=9.815 gravity=9.715 motion=0.101 moving_avg=0.097 rms=0.116 mean_rms=0.161 max_rms=0.186 min_rms=0.114 std=0.026 var=0.001 state=standing thr=0.214/0.414/0.914
4.88,5.88,344.44,0.9886,-0.0456,-0.0491,0.1350,1.87,-0.55,9.62,-2.00,1.56,0.81,9.82,0,1.70,-0.0219,0.0154,1.039,0.464,-0.099,-0.588,1.571,-1.014,1.961,0
4.50,6.06,344.38,0.9886,-0.0472,-0.0468,0.1349,0.39,-1.13,9.66,0.12,-6.06,-4.44,9.73,0,1.70,-0.0211,0.0161,-0.393,-0.091,-0.060,-0.635,1.564,-1.023,1.974,0
4.88,6.06,344.56,0.9886,-0.0471,-0.0492,0.1339,1.33,-0.64,9.57,-2.94,1.00,0.94,9.68,0,1.70,-0.0220,0.0160,0.500,0.403,-0.145,-0.610,1.581,-1.028,1.982,0
4.69,6.25,344.50,0.9886,-0.0488,-0.0484,0.1341,0.54,-1.10,9.56,-0.06,-5.69,-3.19,9.64,0,1.70,-0.0218,0.0167,-0.270,-0.026,-0.154,-0.645,1.574,-1.039,1.994,0
phase1 acc_mag=9.758 gravity=9.707 motion=0.051 moving_avg=0.094 rms=0.116 mean_rms=0.149 max_rms=0.186 min_rms=0.114 std=0.029 var=0.001 state=standing thr=0.207/0.407/0.907
4.94,6.25,344.56,0.9885,-0.0484,-0.0506,0.1338,1.26,-0.77,9.58,-1.81,4.00,2.88,9.69,0,1.70,-0.0226,0.0164,0.406,0.301,-0.130,-0.627,1.583,-1.043,1.997,0
4.75,6.44,344.56,0.9885,-0.0502,-0.0492,0.1335,-0.12,-1.49,9.64,-0.06,-5.94,-6.31,9.76,0,1.70,-0.0221,0.0172,-0.942,-0.387,-0.069,-0.676,1.576,-1.054,2.013,0
5.31,6.25,344.81,0.9887,-0.0482,-0.0535,0.1315,1.53,-0.68,9.57,-1.69,4.06,1.88,9.72,0,1.70,-0.0237,0.0163,0.616,0.393,-0.135,-0.638,1.593,-1.058,2.016,0
4.94,6.50,344.81,0.9887,-0.0505,-0.0508,0.1317,-0.11,-1.37,9.54,-1.44,0.44,-2.69,9.64,0,1.70,-0.0227,0.0173,-0.964,-0.260,-0.166,-0.675,1.583,-1.066,2.025,0
phase1 acc_mag=9.685 gravity=9.699 motion=0.013 moving_avg=0.091 rms=0.113 mean_rms=0.135 max_rms=0.183 min_rms=0.112 std=0.026 var=0.001 state=standing thr=0.186/0.386/0.886
5.50,6.38,345.12,0.9889,-0.0490,-0.0549,0.1290,1.38,-0.87,9.61,-0.19,-2.19,-0.81,9.75,0,1.70,-0.0243,0.0166,0.439,0.220,-0.090,-0.658,1.594,-1.071,2.030,0
5.25,6.50,344.94,0.9888,-0.0501,-0.0531,0.1304,0.60,-1.07,9.49,-1.81,2.81,2.50,9.57,0,1.70,-0.0236,0.0170,-0.302,0.038,-0.212,-0.669,1.590,-1.078,2.034,0
5.25,6.44,344.88,0.9887,-0.0497,-0.0535,0.1310,0.84,-0.91,9.55,1.44,-1.19,1.19,9.63,0,1.70,-0.0238,0.0169,-0.069,0.192,-0.152,-0.676,1.594,-1.084,2.043,0
phase1 acc_mag=9.798 gravity=9.695 motion=0.103 moving_avg=0.081 rms=0.099 mean_rms=0.120 max_rms=0.178 min_rms=0.097 std=0.014 var=0.000 state=standing thr=0.149/0.350/0.850
5.31,6.44,344.81,0.9886,-0.0499,-0.0535,0.1316,0.86,-1.25,9.68,-3.19,0.38,0.88,9.80,0,1.70,-0.0238,0.0169,-0.049,-0.145,-0.021,-0.679,1.601,-1.091,2.053,0
5.31,6.50,344.69,0.9885,-0.0502,-0.0537,0.1325,0.84,-1.01,9.56,0.50,-0.62,1.19,9.65,0,1.70,-0.0239,0.0170,-0.071,0.102,-0.141,-0.684,1.607,-1.100,2.064,0
5.25,6.56,344.62,0.9883,-0.0508,-0.0536,0.1329,0.82,-1.31,9.67,-0.81,-0.12,0.00,9.79,0,1.70,-0.0239,0.0172,-0.088,-0.186,-0.029,-0.690,1.606,-1.106,2.069,0
5.31,6.56,344.62,0.9883,-0.0507,-0.0538,0.1331,0.84,-1.19,9.65,-1.50,-0.06,0.06,9.76,0,1.70,-0.0240,0.0172,-0.071,-0.066,-0.049,-0.695,1.607,-1.113,2.075,0
phase1 acc_mag=9.736 gravity=9.691 motion=0.045 moving_avg=0.076 rms=0.095 mean_rms=0.110 max_rms=0.123 min_rms=0.095 std=0.009 var=0.000 state=standing thr=0.128/0.350/0.850
5.25,6.62,344.62,0.9883,-0.0513,-0.0536,0.1334,0.77,-1.14,9.54,0.00,-0.31,-0.12,9.64,0,1.70,-0.0239,0.0174,-0.136,-0.005,-0.159,-0.700,1.608,-1.121,2.081,0
5.38,6.56,344.62,0.9883,-0.0504,-0.0547,0.1332,0.87,-1.15,9.69,0.00,-2.19,-0.25,9.80,0,1.70,-0.0243,0.0170,-0.060,-0.031,-0.008,-0.706,1.607,-1.127,2.086,0
5.50,6.56,344.69,0.9883,-0.0502,-0.0554,0.1326,0.83,-1.02,9.53,-3.19,-1.88,-0.44,9.62,0,1.70,-0.0245,0.0169,-0.113,0.097,-0.167,-0.714,1.616,-1.137,2.101,0
5.62,6.69,344.75,0.9883,-0.0518,-0.0566,0.1318,0.93,-1.22,9.54,-2.44,-0.12,-0.31,9.66,0,1.70,-0.0251,0.0175,-0.034,-0.070,-0.151,-0.712,1.614,-1.143,2.102,0
phase1 acc_mag=9.629 gravity=9.676 motion=0.047 moving_avg=0.076 rms=0.094 mean_rms=0.106 max_rms=0.117 min_rms=0.094 std=0.009 var=0.000 state=standing thr=0.123/0.350/0.850
5.62,6.75,344.69,0.9882,-0.0521,-0.0566,0.1324,0.75,-1.25,9.64,-0.81,-0.81,0.44,9.75,0,1.70,-0.0251,0.0176,-0.213,-0.094,-0.051,-0.719,1.612,-1.147,2.105,0
5.69,6.75,344.69,0.9882,-0.0518,-0.0575,0.1324,0.96,-0.95,9.50,-0.19,-1.75,-0.31,9.60,0,1.70,-0.0255,0.0174,-0.020,0.202,-0.189,-0.725,1.620,-1.156,2.118,0
5.75,6.94,344.69,0.9880,-0.0534,-0.0580,0.1329,0.84,-1.14,9.54,-3.00,-0.38,1.00,9.64,0,1.70,-0.0258,0.0180,-0.144,0.046,-0.144,-0.729,1.623,-1.165,2.126,0
phase1 acc_mag=9.614 gravity=9.671 motion=0.057 moving_avg=0.071 rms=0.087 mean_rms=0.100 max_rms=0.117 min_rms=0.086 std=0.009 var=0.000 state=standing thr=0.118/0.350/0.850
5.81,7.06,344.62,0.9879,-0.0543,-0.0588,0.1329,0.89,-1.00,9.52,-0.31,-1.75,-1.00,9.61,0,1.70,-0.0261,0.0183,-0.107,0.205,-0.162,-0.736,1.629,-1.174,2.138,0
5.88,7.12,344.62,0.9879,-0.0548,-0.0592,0.1328,0.88,-1.20,9.52,-0.94,-0.56,-0.50,9.64,0,1.70,-0.0263,0.0185,-0.124,0.016,-0.159,-0.741,1.629,-1.181,2.145,0
5.88,7.19,344.62,0.9878,-0.0555,-0.0594,0.1329,0.84,-1.08,9.49,-0.38,-0.19,1.31,9.59,0,1.70,-0.0264,0.0188,-0.166,0.150,-0.187,-0.745,1.632,-1.191,2.154,0
5.94,7.25,344.62,0.9877,-0.0558,-0.0602,0.1329,0.95,-1.30,9.63,-1.06,-2.44,0.06,9.76,0,1.70,-0.0268,0.0189,-0.071,-0.061,-0.045,-0.753,1.629,-1.195,2.157,0
phase1 acc_mag=9.547 gravity=9.667 motion=0.120 moving_avg=0.066 rms=0.080 mean_rms=0.094 max_rms=0.112 min_rms=0.078 std=0.009 var=0.000 state=standing thr=0.111/0.350/0.850
6.06,7.25,344.62,0.9877,-0.0554,-0.0611,0.1329,0.96,-1.31,9.59,1.00,-1.00,0.31,9.73,0,1.70,-0.0271,0.0186,-0.079,-0.078,-0.083,-0.757,1.631,-1.203,2.163,0
6.06,7.25,344.62,0.9876,-0.0556,-0.0612,0.1334,0.96,-1.19,9.50,-3.44,0.69,1.31,9.62,0,1.70,-0.0272,0.0187,-0.080,0.047,-0.172,-0.762,1.634,-1.211,2.172,0
6.12,7.31,344.62,0.9876,-0.0560,-0.0616,0.1330,1.01,-1.25,9.57,0.12,-1.25,-0.31,9.70,0,1.70,-0.0273,0.0188,-0.038,-0.005,-0.101,-0.769,1.635,-1.219,2.180,0
6.06,7.38,344.56,0.9875,-0.0566,-0.0613,0.1334,0.96,-1.21,9.51,-1.19,1.88,1.56,9.63,0,1.70,-0.0272,0.0191,-0.079,0.047,-0.160,-0.771,1.642,-1.227,2.190,0
phase1 acc_mag=9.597 gravity=9.661 motion=0.064 moving_avg=0.057 rms=0.070 mean_rms=0.088 max_rms=0.101 min_rms=0.070 std=0.009 var=0.000 state=standing thr=0.106/0.350/0.850
5.88,7.44,344.38,0.9873,-0.0573,-0.0596,0.1354,0.81,-1.25,9.50,-1.12,1.88,2.44,9.62,0,1.70,-0.0267,0.0194,-0.193,0.018,-0.172,-0.777,1.644,-1.235,2.198,0
5.81,7.56,344.25,0.9871,-0.0582,-0.0598,0.1363,0.93,-1.22,9.51,-0.81,-1.31,0.81,9.63,0,1.70,-0.0268,0.0197,-0.071,0.067,-0.160,-0.785,1.644,-1.242,2.205,0
5.88,7.62,344.25,0.9871,-0.0588,-0.0601,0.1361,0.88,-1.36,9.53,-0.88,1.00,-0.06,9.67,0,1.70,-0.0269,0.0199,-0.127,-0.062,-0.138,-0.788,1.645,-1.250,2.211,0
5.88,7.69,344.25,0.9871,-0.0597,-0.0602,0.1360,0.85,-1.24,9.46,-1.75,-0.38,0.38,9.58,0,1.70,-0.0270,0.0203,-0.156,0.076,-0.205,-0.796,1.647,-1.259,2.221,0
phase1 acc_mag=9.702 gravity=9.655 motion=0.047 moving_avg=0.056 rms=0.068 mean_rms=0.082 max_rms=0.099 min_rms=0.067 std=0.011 var=0.000 state=standing thr=0.103/0.350/0.850
5.94,7.81,344.25,0.9870,-0.0605,-0.0610,0.1360,0.89,-1.33,9.54,-2.44,-1.38,-0.50,9.67,0,1.70,-0.0274,0.0206,-0.130,0.004,-0.122,-0.801,1.648,-1.265,2.226,0
6.06,7.81,344.31,0.9869,-0.0609,-0.0621,0.1358,0.91,-1.38,9.55,-4.31,-0.69,-1.25,9.69,0,1.70,-0.0278,0.0207,-0.129,-0.037,-0.109,-0.806,1.645,-1.270,2.229,0
6.06,8.00,344.31,0.9868,-0.0619,-0.0624,0.1357,0.94,-1.34,9.47,0.56,-0.62,-0.56,9.61,0,1.70,-0.0280,0.0210,-0.103,0.024,-0.185,-0.810,1.643,-1.276,2.233,0
6.19,8.19,344.38,0.9868,-0.0634,-0.0635,0.1351,0.84,-1.30,9.48,-3.62,-2.94,-2.31,9.61,0,1.70,-0.0285,0.0216,-0.221,0.094,-0.169,-0.821,1.646,-1.285,2.244,0
phase1 acc_mag=9.569 gravity=9.654 motion=0.085 moving_avg=0.051 rms=0.061 mean_rms=0.075 max_rms=0.093 min_rms=0.061 std=0.010 var=0.000 state=standing thr=0.094/0.350/0.850
6.62,8.75,344.94,0.9868,-0.0679,-0.0679,0.1302,0.38,-2.27,9.69,-20.56,-9.88,-17.19,9.96,0,1.70,-0.0303,0.0233,-0.760,-0.782,0.064,-0.837,1.650,-1.295,2.258,0
8.06,9.38,345.94,0.9868,-0.0723,-0.0831,0.1190,0.98,-1.17,9.22,-6.19,-33.31,-28.88,9.35,0,1.70,-0.0363,0.0246,-0.460,0.423,-0.349,-0.870,1.658,-1.308,2.284,0
11.44,9.56,348.31,0.9862,-0.0715,-0.1124,0.0981,1.43,-1.82,9.26,-6.56,-44.94,-33.06,9.54,0,1.70,-0.0471,0.0238,-0.606,-0.221,-0.199,-0.898,1.656,-1.322,2.302,0
15.62,10.12,351.06,0.9839,-0.0752,-0.1431,0.0766,2.92,-1.07,8.87,-32.12,-45.62,-42.38,9.40,0,1.70,-0.0586,0.0252,0.272,0.596,-0.425,-0.894,1.683,-1.345,2.333,0
phase1 acc_mag=9.644 gravity=9.616 motion=0.028 moving_avg=0.082 rms=0.119 mean_rms=0.078 max_rms=0.119 min_rms=0.061 std=0.015 var=0.000 state=slow thr=0.108/0.350/0.850
19.12,11.62,353.25,0.9794,-0.0873,-0.1729,0.0575,4.40,-2.05,9.56,-20.06,-39.31,-29.12,10.72,0,1.70,-0.0697,0.0302,1.177,-0.177,0.489,-0.861,1.678,-1.348,2.318,0
20.00,11.81,354.19,0.9782,-0.0882,-0.1813,0.0497,4.02,-0.95,8.36,17.38,-18.56,-0.56,9.32,0,1.70,-0.0727,0.0309,0.628,0.919,-0.650,-0.865,1.644,-1.352,2.298,0
20.88,11.56,353.19,0.9769,-0.0850,-0.1876,0.0578,3.65,-1.53,8.75,0.50,-5.44,9.19,9.60,0,1.70,-0.0753,0.0289,0.153,0.312,-0.225,-0.854,1.665,-1.362,2.314,0
21.06,11.94,352.88,0.9760,-0.0878,-0.1900,0.0610,3.48,-1.75,8.65,-3.88,-2.62,4.44,9.49,0,1.70,-0.0763,0.0296,-0.052,0.159,-0.298,-0.861,1.675,-1.378,2.334,0
phase1 acc_mag=9.689 gravity=9.639 motion=0.050 moving_avg=0.131 rms=0.224 mean_rms=0.104 max_rms=0.224 min_rms=0.061 std=0.057 var=0.003 state=slow thr=0.217/0.417/0.917
21.19,11.88,352.31,0.9756,-0.0859,-0.1913,0.0653,3.65,-1.57,8.78,6.12,-0.56,4.62,9.64,0,1.70,-0.0769,0.0285,0.099,0.318,-0.164,-0.860,1.676,-1.385,2.339,0
20.81,11.94,351.56,0.9756,-0.0856,-0.1887,0.0718,3.70,-1.66,8.73,-1.69,6.44,6.62,9.63,0,1.70,-0.0761,0.0280,0.211,0.244,-0.234,-0.859,1.693,-1.400,2.359,0
20.06,12.19,350.94,0.9763,-0.0875,-0.1819,0.0785,3.49,-1.72,8.72,0.12,13.25,15.31,9.55,0,1.70,-0.0738,0.0285,0.142,0.236,-0.287,-0.856,1.697,-1.415,2.369,0
phase1 acc_mag=9.550 gravity=9.622 motion=0.072 moving_avg=0.137 rms=0.227 mean_rms=0.136 max_rms=0.227 min_rms=0.061 std=0.071 var=0.005 state=standing thr=0.278/0.478/0.978
19.06,12.56,350.00,0.9767,-0.0900,-0.1752,0.0854,3.10,-1.95,8.82,-1.19,11.38,13.38,9.55,0,1.70,-0.0715,0.0292,-0.105,0.067,-0.226,-0.864,1.701,-1.428,2.383,0
17.62,12.81,349.00,0.9776,-0.0926,-0.1641,0.0938,2.81,-1.78,8.81,-0.31,11.81,14.25,9.42,0,1.70,-0.0676,0.0301,-0.165,0.297,-0.300,-0.873,1.709,-1.442,2.400,0
16.94,13.12,348.38,0.9778,-0.0955,-0.1580,0.0995,2.72,-2.02,8.91,-3.75,8.31,6.69,9.53,0,1.70,-0.0656,0.0311,-0.123,0.120,-0.229,-0.884,1.719,-1.455,2.420,0
16.12,13.12,348.12,0.9784,-0.0960,-0.1524,0.1015,2.71,-1.89,9.22,3.81,6.56,-1.69,9.79,0,1.70,-0.0635,0.0314,-0.023,0.256,0.050,-0.891,1.719,-1.462,2.426,0
phase1 acc_mag=9.873 gravity=9.608 motion=0.266 moving_avg=0.150 rms=0.234 mean_rms=0.167 max_rms=0.234 min_rms=0.061 std=0.070 var=0.005 state=standing thr=0.307/0.507/1.007
15.50,12.62,348.12,0.9799,-0.0919,-0.1448,0.1024,3.09,-1.89,9.13,13.38,14.50,10.19,9.82,0,1.70,-0.0605,0.0301,0.491,0.167,-0.100,-0.880,1.722,-1.468,2.427,0
13.50,11.75,346.69,0.9814,-0.0850,-0.1261,0.1172,2.66,-1.26,8.69,20.62,34.31,35.81,9.17,0,1.70,-0.0535,0.0275,0.428,0.666,-0.663,-0.855,1.726,-1.479,2.429,0
10.62,11.44,344.25,0.9814,-0.0850,-0.1058,0.1356,1.31,-2.43,9.46,6.94,35.69,39.81,9.85,0,1.70,-0.0462,0.0276,-0.501,-0.512,0.014,-0.872,1.720,-1.487,2.435,0
8.12,10.75,342.25,0.9812,-0.0808,-0.0830,0.1544,0.85,-1.85,9.51,7.94,23.56,18.50,9.73,0,1.70,-0.0376,0.0266,-0.503,-0.044,-0.033,-0.902,1.738,-1.505,2.470,0
phase1 acc_mag=9.424 gravity=9.598 motion=0.174 moving_avg=0.175 rms=0.250 mean_rms=0.205 max_rms=0.258 min_rms=0.095 std=0.050 var=0.003 state=standing thr=0.306/0.506/1.006
6.88,9.88,341.38,0.9814,-0.0742,-0.0727,0.1616,1.00,-1.66,9.41,11.50,5.62,12.06,9.61,0,1.70,-0.0333,0.0244,-0.164,-0.002,-0.185,-0.918,1.735,-1.512,2.477,0
6.38,8.44,340.56,0.9815,-0.0629,-0.0674,0.1678,1.11,-1.05,9.37,21.50,5.00,15.56,9.49,0,1.70,-0.0307,0.0202,0.020,0.382,-0.270,-0.917,1.738,-1.522,2.486,0
5.75,7.56,339.56,0.9807,-0.0557,-0.0606,0.1776,0.78,-0.96,9.40,7.44,6.81,15.06,9.48,0,1.70,-0.0277,0.0176,-0.192,0.323,-0.274,-0.927,1.740,-1.529,2.495,0
phase1 acc_mag=9.545 gravity=9.611 motion=0.065 moving_avg=0.146 rms=0.211 mean_rms=0.233 max_rms=0.258 min_rms=0.175 std=0.013 var=0.000 state=standing thr=0.260/0.460/0.960
5.19,7.25,339.00,0.9803,-0.0538,-0.0563,0.1813,0.79,-1.09,9.45,1.19,4.19,4.62,9.55,0,1.70,-0.0260,0.0170,-0.101,0.144,-0.238,-0.935,1.750,-1.541,2.512,0
4.81,6.88,338.56,0.9799,-0.0511,-0.0525,0.1853,0.88,-0.89,9.52,6.06,5.12,9.38,9.60,0,1.70,-0.0244,0.0161,0.057,0.283,-0.181,-0.934,1.752,-1.547,2.517,0
4.19,6.69,338.25,0.9797,-0.0505,-0.0471,0.1881,0.53,-1.16,9.59,-3.56,7.50,4.25,9.67,0,1.70,-0.0222,0.0162,-0.188,-0.016,-0.124,-0.939,1.756,-1.557,2.528,0
3.75,6.75,337.88,0.9792,-0.0518,-0.0435,0.1915,0.28,-0.54,9.33,4.81,5.19,8.88,9.35,0,1.70,-0.0210,0.0169,-0.360,0.617,-0.387,-0.945,1.757,-1.564,2.535,0
phase1 acc_mag=9.614 gravity=9.606 motion=0.008 moving_avg=0.124 rms=0.162 mean_rms=0.223 max_rms=0.258 min_rms=0.160 std=0.030 var=0.001 state=standing thr=0.283/0.483/0.983
3.31,6.94,337.94,0.9793,-0.0538,-0.0405,0.1909,0.34,-1.10,9.51,0.62,4.00,2.75,9.58,0,1.70,-0.0200,0.0180,-0.237,0.085,-0.208,-0.953,1.759,-1.572,2.544,0
3.19,6.88,337.69,0.9790,-0.0536,-0.0389,0.1928,0.25,-1.10,9.49,-0.56,0.19,0.88,9.56,0,1.70,-0.0194,0.0180,-0.294,0.076,-0.231,-0.964,1.759,-1.580,2.554,0
3.06,6.94,338.12,0.9797,-0.0547,-0.0378,0.1890,0.39,-1.26,9.65,1.50,6.31,-9.94,9.74,0,1.70,-0.0190,0.0186,-0.134,-0.069,-0.070,-0.966,1.759,-1.584,2.557,0
2.50,6.88,338.56,0.9806,-0.0548,-0.0330,0.1854,0.27,-1.18,9.61,-0.56,9.88,-1.62,9.69,0,1.70,-0.0170,0.0191,-0.166,-0.006,-0.116,-0.967,1.757,-1.590,2.559,0
phase1 acc_mag=9.531 gravity=9.633 motion=0.102 moving_avg=0.128 rms=0.164 mean_rms=0.211 max_rms=0.258 min_rms=0.160 std=0.039 var=0.001 state=standing thr=0.288/0.488/0.988
1.88,7.50,339.69,0.9829,-0.0633,-0.0262,0.1707,0.27,-2.18,9.60,-17.06,24.38,-56.00,9.85,0,1.70,-0.0146,0.0231,-0.023,-0.872,-0.114,-0.965,1.751,-1.604,2.563,0
0.56,7.06,343.31,0.9880,-0.0596,-0.0121,0.1420,0.19,-1.38,9.71,8.19,22.38,-33.94,9.81,0,1.70,-0.0082,0.0229,0.122,-0.192,-0.024,-0.967,1.750,-1.612,2.568,0
-0.69,6.88,344.88,0.9895,-0.0607,-0.0017,0.1310,-0.36,-1.15,9.63,-4.62,12.19,1.38,9.71,0,1.70,-0.0039,0.0239,-0.237,0.033,-0.104,-0.979,1.758,-1.616,2.580,0
phase1 acc_mag=9.421 gravity=9.641 motion=0.220 moving_avg=0.128 rms=0.163 mean_rms=0.196 max_rms=0.258 min_rms=0.160 std=0.041 var=0.002 state=standing thr=0.277/0.477/0.977
-1.12,7.31,344.38,0.9885,-0.0647,0.0018,0.1365,-0.40,-0.65,9.39,0.88,3.38,14.81,9.42,0,1.70,-0.0028,0.0257,-0.191,0.599,-0.335,-0.981,1.774,-1.629,2.600,0
-2.12,7.88,343.62,0.9873,-0.0710,0.0091,0.1417,-0.98,-1.72,9.71,-12.00,25.56,0.69,9.91,0,1.70,-0.0004,0.0286,-0.606,-0.370,0.004,-0.977,1.769,-1.631,2.597,0
-3.06,8.31,343.56,0.9868,-0.0761,0.0171,0.1423,-0.51,-1.54,9.55,-3.12,8.81,2.75,9.69,0,1.70,0.0024,0.0310,0.033,-0.115,-0.138,-0.984,1.765,-1.637,2.601,0
-3.88,8.44,343.31,0.9861,-0.0778,0.0231,0.1446,-0.88,-1.68,9.65,-9.44,12.69,-2.00,9.83,0,1.70,0.0046,0.0320,-0.213,-0.241,-0.027,-0.991,1.776,-1.647,2.617,0
phase1 acc_mag=9.950 gravity=9.670 motion=0.281 moving_avg=0.119 rms=0.145 mean_rms=0.178 max_rms=0.249 min_rms=0.142 std=0.034 var=0.001 state=standing thr=0.247/0.447/0.947
-4.00,8.75,343.69,0.9865,-0.0808,0.0240,0.1402,-0.90,-1.41,9.51,-4.31,-2.19,-8.81,9.66,0,1.70,0.0050,0.0332,-0.212,0.087,-0.157,-0.997,1.773,-1.654,2.622,0
-3.69,9.44,344.50,0.9870,-0.0865,0.0209,0.1337,-0.64,-2.13,9.93,-7.75,-0.94,-7.31,10.18,0,1.70,0.0036,0.0353,-0.009,-0.509,0.279,-0.996,1.766,-1.651,2.615,0
-3.50,10.06,345.19,0.9874,-0.0930,0.0191,0.1265,-0.61,-1.77,9.40,-20.00,1.00,-19.88,9.58,0,1.70,0.0028,0.0377,-0.009,-0.016,-0.230,-0.990,1.772,-1.662,2.624,0
phase1 acc_mag=9.611 gravity=9.686 motion=0.075 moving_avg=0.133 rms=0.166 mean_rms=0.160 max_rms=0.210 min_rms=0.142 std=0.009 var=0.000 state=standing thr=0.179/0.379/0.879
-3.12,10.88,346.12,0.9879,-0.0971,0.0154,0.1205,-0.71,-1.54,9.46,3.44,-10.69,-4.00,9.61,0,1.70,0.0014,0.0391,-0.182,0.305,-0.158,-1.015,1.766,-1.670,2.633,0
-2.44,11.19,346.06,0.9876,-0.1000,0.0095,0.1204,-0.38,-2.24,9.48,-2.75,-2.88,1.44,9.75,0,1.70,-0.0011,0.0400,0.039,-0.325,-0.128,-1.003,1.761,-1.671,2.627,0
-2.19,11.31,346.44,0.9880,-0.1008,0.0070,0.1170,-1.33,-1.88,9.48,-4.31,-0.56,-22.44,9.76,0,1.70,-0.0019,0.0402,-0.963,0.057,-0.126,-1.014,1.766,-1.683,2.642,0
-1.31,13.00,346.88,0.9869,-0.1141,-0.0014,0.1135,-0.09,-2.70,9.60,-40.31,-10.38,-14.88,9.97,0,1.70,-0.0057,0.0450,0.137,-0.488,0.049,-1.018,1.777,-1.698,2.660,0
phase1 acc_mag=10.012 gravity=9.690 motion=0.322 moving_avg=0.147 rms=0.181 mean_rms=0.161 max_rms=0.181 min_rms=0.142 std=0.008 var=0.000 state=slow thr=0.177/0.377/0.877
-0.50,13.88,347.19,0.9865,-0.1208,-0.0087,0.1105,0.00,-2.59,9.56,-3.75,-7.81,-4.00,9.90,0,1.70,-0.0088,0.0473,0.094,-0.234,0.041,-1.021,1.766,-1.694,2.652,0
-0.19,13.75,347.06,0.9865,-0.1192,-0.0117,0.1116,0.04,-2.54,9.45,4.75,-3.62,1.69,9.79,0,1.70,-0.0099,0.0465,0.075,-0.208,-0.075,-1.016,1.763,-1.699,2.651,0
0.00,13.44,346.88,0.9866,-0.1164,-0.0132,0.1135,-0.15,-2.05,9.42,4.00,-4.75,2.88,9.64,0,1.70,-0.0105,0.0453,-0.146,0.232,-0.118,-1.022,1.768,-1.707,2.662,0
0.00,13.50,346.75,0.9865,-0.1167,-0.0140,0.1141,-0.01,-2.23,9.32,-6.12,-0.12,-0.44,9.58,0,1.70,-0.0108,0.0454,-0.019,0.059,-0.216,-1.021,1.772,-1.712,2.666,0
phase1 acc_mag=9.810 gravity=9.693 motion=0.117 moving_avg=0.144 rms=0.179 mean_rms=0.164 max_rms=0.182 min_rms=0.142 std=0.012 var=0.000 state=standing thr=0.187/0.387/0.887
0.25,13.88,347.12,0.9865,-0.1199,-0.0161,0.1109,0.19,-2.18,9.38,1.94,-5.00,-5.25,9.63,0,1.70,-0.0117,0.0466,0.140,0.174,-0.140,-1.023,1.771,-1.719,2.672,0
0.50,13.62,347.25,0.9868,-0.1177,-0.0180,0.1099,0.15,-2.10,9.41,1.19,-1.69,-2.38,9.64,0,1.70,-0.0123,0.0457,0.055,0.216,-0.118,-1.020,1.773,-1.724,2.675,0
0.69,13.88,347.56,0.9868,-0.1198,-0.0195,0.1073,0.04,-2.41,9.37,-3.25,-1.38,-1.06,9.68,0,1.70,-0.0128,0.0465,-0.085,-0.050,-0.148,-1.027,1.772,-1.734,2.684,0
0.88,13.88,347.50,0.9868,-0.1188,-0.0214,0.1082,0.20,-2.31,9.46,4.25,-3.12,2.19,9.74,0,1.70,-0.0136,0.0460,0.039,0.035,-0.060,-1.029,1.771,-1.741,2.688,0
phase1 acc_mag=9.726 gravity=9.701 motion=0.024 moving_avg=0.131 rms=0.170 mean_rms=0.166 max_rms=0.182 min_rms=0.142 std=0.012 var=0.000 state=standing thr=0.191/0.391/0.891
0.94,13.69,347.38,0.9869,-0.1176,-0.0214,0.1086,0.02,-2.19,9.30,1.00,-0.56,-0.06,9.55,0,1.70,-0.0135,0.0455,-0.143,0.131,-0.227,-1.029,1.773,-1.747,2.693,0
0.94,13.69,347.31,0.9868,-0.1181,-0.0219,0.1091,-0.03,-2.55,9.49,-1.25,-0.50,-3.38,9.83,0,1.70,-0.0138,0.0457,-0.200,-0.218,-0.034,-1.028,1.775,-1.753,2.699,0
1.00,13.88,347.19,0.9863,-0.1200,-0.0225,0.1107,0.03,-2.40,9.23,-8.88,-0.75,-1.06,9.54,0,1.70,-0.0142,0.0463,-0.145,-0.030,-0.284,-1.032,1.783,-1.765,2.713,0
1.06,14.25,346.94,0.9857,-0.1226,-0.0234,0.1129,0.21,-2.56,9.51,-5.56,0.50,-1.31,9.85,0,1.70,-0.0148,0.0473,0.028,-0.139,0.009,-1.034,1.784,-1.772,2.719,0
phase1 acc_mag=9.762 gravity=9.691 motion=0.071 moving_avg=0.117 rms=0.155 mean_rms=0.168 max_rms=0.182 min_rms=0.143 std=0.010 var=0.000 state=standing thr=0.188/0.388/0.888
1.00,14.38,347.12,0.9858,-0.1238,-0.0229,0.1109,-0.15,-2.33,9.30,-6.25,0.88,-5.50,9.59,0,1.70,-0.0145,0.0478,-0.323,0.113,-0.196,-1.040,1.788,-1.779,2.728,0
0.94,14.62,347.12,0.9855,-0.1272,-0.0230,0.1099,0.07,-1.91,9.33,-15.56,0.44,-9.44,9.52,0,1.70,-0.0147,0.0491,-0.101,0.598,-0.149,-1.039,1.799,-1.786,2.740,0
1.88,16.06,347.31,0.9837,-0.1384,-0.0334,0.1096,0.61,-2.69,9.25,-16.31,-18.62,0.56,9.65,0,1.70,-0.0192,0.0530,0.262,0.053,-0.159,-1.043,1.802,-1.799,2.752,0
2.50,17.00,347.44,0.9828,-0.1447,-0.0383,0.1079,0.39,-3.04,9.26,-9.88,-8.62,-7.31,9.75,0,1.70,-0.0213,0.0552,-0.043,-0.169,-0.108,-1.051,1.797,-1.804,2.755,0
phase1 acc_mag=9.694 gravity=9.673 motion=0.021 moving_avg=0.113 rms=0.154 mean_rms=0.168 max_rms=0.182 min_rms=0.141 std=0.010 var=0.000 state=standing thr=0.188/0.388/0.888
3.06,17.12,347.69,0.9828,-0.1450,-0.0433,0.1055,0.69,-2.91,9.29,3.19,-5.94,-1.69,9.76,0,1.70,-0.0231,0.0552,0.156,-0.026,-0.068,-1.047,1.793,-1.808,2.753,0
3.31,17.06,347.81,0.9829,-0.1443,-0.0453,0.1049,0.26,-2.71,9.11,4.19,-4.00,-1.56,9.51,0,1.70,-0.0239,0.0548,-0.318,0.165,-0.248,-1.053,1.790,-1.817,2.759,0
4.06,16.75,348.06,0.9833,-0.1409,-0.0511,0.1028,1.79,-1.88,9.03,11.50,-11.25,-4.69,9.40,0,1.70,-0.0259,0.0533,1.088,0.940,-0.336,-1.072,1.776,-1.819,2.759,0
4.44,16.62,348.31,0.9836,-0.1399,-0.0543,0.1002,0.81,-2.27,9.01,-3.06,-6.12,-4.25,9.33,0,1.70,-0.0270,0.0529,0.037,0.535,-0.355,-1.070,1.780,-1.827,2.766,0
phase1 acc_mag=9.845 gravity=9.685 motion=0.160 moving_avg=0.126 rms=0.215 mean_rms=0.171 max_rms=0.217 min_rms=0.141 std=0.018 var=0.000 state=slow thr=0.207/0.407/0.907
5.06,16.56,348.62,0.9838,-0.1381,-0.0604,0.0975,0.71,-2.52,9.13,7.81,-13.31,-6.19,9.50,0,1.70,-0.0291,0.0520,-0.191,0.260,-0.231,-1.078,1.776,-1.834,2.771,0
6.44,16.12,348.94,0.9840,-0.1335,-0.0701,0.0948,1.35,-2.60,9.28,5.12,-16.12,-4.69,9.73,0,1.70,-0.0327,0.0499,0.245,0.107,-0.081,-1.078,1.785,-1.842,2.782,0
7.12,16.00,349.12,0.9839,-0.1321,-0.0761,0.0936,1.09,-2.81,9.24,-3.62,-5.06,-2.06,9.72,0,1.70,-0.0349,0.0492,-0.136,-0.120,-0.111,-1.079,1.789,-1.852,2.792,0
phase1 acc_mag=9.604 gravity=9.670 motion=0.067 moving_avg=0.126 rms=0.215 mean_rms=0.179 max_rms=0.217 min_rms=0.141 std=0.026 var=0.001 state=standing thr=0.230/0.430/0.930
7.56,16.00,349.06,0.9836,-0.1313,-0.0801,0.0938,1.13,-2.55,9.19,-0.69,-7.25,0.31,9.60,0,1.70,-0.0364,0.0487,-0.173,0.131,-0.153,-1.087,1.793,-1.862,2.804,0
7.94,16.56,349.12,0.9825,-0.1370,-0.0845,0.0934,0.71,-2.27,8.82,-14.56,-8.31,-0.88,9.14,0,1.70,-0.0383,0.0507,-0.668,0.526,-0.479,-1.087,1.795,-1.868,2.809,0
8.56,17.12,349.19,0.9816,-0.1399,-0.0902,0.0931,1.24,-3.11,9.02,-1.38,-7.62,1.31,9.62,0,1.70,-0.0406,0.0516,-0.241,-0.252,-0.243,-1.092,1.788,-1.881,2.816,0
9.19,16.94,349.00,0.9814,-0.1375,-0.0950,0.0942,1.68,-2.57,9.03,1.38,-5.56,3.12,9.54,0,1.70,-0.0425,0.0504,0.105,0.253,-0.229,-1.088,1.794,-1.891,2.824,0
phase1 acc_mag=9.726 gravity=9.665 motion=0.061 moving_avg=0.144 rms=0.235 mean_rms=0.189 max_rms=0.236 min_rms=0.141 std=0.033 var=0.001 state=standing thr=0.255/0.455/0.955
9.56,17.00,348.81,0.9809,-0.1378,-0.0983,0.0958,1.50,-2.83,9.07,-0.88,-4.94,2.56,9.62,0,1.70,-0.0439,0.0503,-0.133,0.005,-0.175,-1.090,1.797,-1.897,2.831,0
9.44,17.19,348.56,0.9806,-0.1389,-0.0978,0.0981,1.71,-2.97,9.07,-8.75,5.00,6.38,9.70,0,1.70,-0.0438,0.0507,0.097,-0.110,-0.171,-1.076,1.806,-1.907,2.839,0
9.38,17.56,348.31,0.9799,-0.1422,-0.0980,0.0999,1.15,-2.93,9.07,-2.44,-5.44,-2.12,9.60,0,1.70,-0.0441,0.0518,-0.456,-0.006,-0.152,-1.102,1.804,-1.919,2.856,0
9.69,17.62,348.44,0.9797,-0.1428,-0.1009,0.0984,1.67,-2.81,9.04,-1.25,-3.31,-3.56,9.61,0,1.70,-0.0452,0.0520,0.007,0.129,-0.167,-1.101,1.807,-1.926,2.862,0
phase1 acc_mag=9.618 gravity=9.661 motion=0.042 moving_avg=0.138 rms=0.233 mean_rms=0.204 max_rms=0.236 min_rms=0.141 std=0.033 var=0.001 state=standing thr=0.270/0.470/0.970
9.94,17.81,348.69,0.9794,-0.1441,-0.1027,0.0969,1.58,-3.04,9.01,-4.44,-3.38,-2.38,9.64,0,1.70,-0.0458,0.0525,-0.120,-0.077,-0.182,-1.103,1.808,-1.935,2.869,0
10.44,18.00,348.88,0.9791,-0.1449,-0.1068,0.0951,1.80,-2.94,9.02,-0.25,-6.12,-2.56,9.66,0,1.70,-0.0473,0.0527,0.019,0.042,-0.151,-1.107,1.816,-1.950,2.885,0
10.69,18.12,348.94,0.9786,-0.1462,-0.1095,0.0947,1.67,-3.04,8.95,-2.25,-3.12,-0.50,9.60,0,1.70,-0.0484,0.0531,-0.160,-0.031,-0.203,-1.109,1.819,-1.960,2.895,0
phase1 acc_mag=9.677 gravity=9.646 motion=0.031 moving_avg=0.129 rms=0.221 mean_rms=0.218 max_rms=0.236 min_rms=0.150 std=0.023 var=0.001 state=standing thr=0.263/0.463/0.963
10.94,18.19,349.00,0.9785,-0.1461,-0.1114,0.0941,1.90,-3.18,8.94,-0.75,-3.75,-2.50,9.68,0,1.70,-0.0491,0.0530,0.032,-0.172,-0.205,-1.112,1.819,-1.972,2.904,0
11.31,18.06,349.00,0.9783,-0.1447,-0.1144,0.0938,1.95,-2.91,9.00,0.56,-1.50,0.06,9.66,0,1.70,-0.0502,0.0523,0.021,0.077,-0.139,-1.105,1.822,-1.979,2.908,0
11.44,18.06,349.06,0.9783,-0.1448,-0.1154,0.0935,1.87,-2.83,8.92,1.25,-2.94,-1.31,9.54,0,1.70,-0.0506,0.0523,-0.078,0.159,-0.215,-1.108,1.821,-1.986,2.914,0
11.62,18.06,349.00,0.9780,-0.1442,-0.1176,0.0941,1.93,-3.01,8.88,0.81,-2.88,0.12,9.57,0,1.70,-0.0514,0.0520,-0.060,-0.026,-0.248,-1.103,1.821,-1.999,2.921,0
phase1 acc_mag=9.634 gravity=9.628 motion=0.006 moving_avg=0.094 rms=0.136 mean_rms=0.218 max_rms=0.236 min_rms=0.136 std=0.025 var=0.001 state=standing thr=0.267/0.467/0.967
11.88,18.00,348.88,0.9778,-0.1434,-0.1194,0.0948,2.02,-2.91,9.01,1.94,-3.75,0.56,9.68,0,1.70,-0.0522,0.0516,-0.004,0.063,-0.113,-1.102,1.823,-2.006,2.926,0
12.25,18.06,348.81,0.9774,-0.1431,-0.1229,0.0955,1.79,-3.15,9.05,-8.38,-7.19,-3.56,9.75,0,1.70,-0.0535,0.0512,-0.297,-0.177,-0.059,-1.109,1.835,-2.015,2.942,0
13.00,18.06,348.62,0.9766,-0.1414,-0.1299,0.0974,1.91,-1.88,9.34,5.75,-7.44,5.81,9.72,0,1.70,-0.0563,0.0502,-0.309,1.076,0.256,-1.113,1.833,-2.020,2.946,0
13.31,18.06,348.69,0.9763,-0.1418,-0.1321,0.0965,2.35,-2.84,8.91,0.88,-1.38,-0.12,9.64,0,1.70,-0.0571,0.0503,0.089,0.125,-0.160,-1.106,1.830,-2.028,2.947,0
phase1 acc_mag=9.680 gravity=9.638 motion=0.042 moving_avg=0.104 rms=0.161 mean_rms=0.203 max_rms=0.236 min_rms=0.133 std=0.039 var=0.002 state=standing thr=0.281/0.481/0.981
13.38,18.19,348.81,0.9762,-0.1425,-0.1328,0.0955,2.15,-3.02,8.90,-1.62,-1.75,-2.62,9.64,0,1.70,-0.0573,0.0506,-0.125,-0.043,-0.163,-1.110,1.831,-2.033,2.953,0
13.56,18.12,348.94,0.9761,-0.1423,-0.1342,0.0941,2.35,-2.91,8.84,-0.06,-2.56,-3.69,9.60,0,1.70,-0.0578,0.0505,0.043,0.061,-0.216,-1.110,1.834,-2.043,2.961,0
13.75,18.19,349.06,0.9760,-0.1427,-0.1359,0.0930,2.24,-2.92,8.89,-1.38,-2.44,-0.50,9.62,0,1.70,-0.0583,0.0507,-0.100,0.059,-0.155,-1.109,1.836,-2.054,2.969,0
14.06,18.44,349.06,0.9753,-0.1444,-0.1389,0.0932,2.63,-3.25,8.91,-2.56,-4.56,-0.50,9.84,0,1.70,-0.0596,0.0512,0.238,-0.234,-0.109,-1.107,1.835,-2.062,2.974,0
phase1 acc_mag=9.710 gravity=9.640 motion=0.070 moving_avg=0.085 rms=0.130 mean_rms=0.184 max_rms=0.236 min_rms=0.127 std=0.044 var=0.002 state=standing thr=0.272/0.472/0.972
14.25,18.50,349.25,0.9753,-0.1447,-0.1400,0.0914,2.50,-3.05,8.83,-3.00,-0.19,-3.50,9.67,0,1.70,-0.0599,0.0513,0.082,-0.032,-0.182,-1.101,1.838,-2.071,2.980,0
14.25,18.62,349.25,0.9750,-0.1457,-0.1405,0.0911,2.36,-2.89,8.81,-1.31,-1.94,-2.50,9.57,0,1.70,-0.0601,0.0517,-0.067,0.147,-0.193,-1.105,1.839,-2.080,2.988,0
14.50,18.88,349.44,0.9746,-0.1476,-0.1424,0.0897,2.73,-3.43,9.10,-10.56,-2.44,-6.62,10.10,0,1.70,-0.0608,0.0524,0.268,-0.357,0.119,-1.101,1.846,-2.089,2.998,0
14.75,18.88,349.88,0.9745,-0.1483,-0.1445,0.0858,2.08,-3.00,8.67,-2.94,-5.44,-4.12,9.41,0,1.70,-0.0614,0.0528,-0.432,0.077,-0.296,-1.111,1.847,-2.104,3.012,0
phase1 acc_mag=9.647 gravity=9.636 motion=0.010 moving_avg=0.091 rms=0.142 mean_rms=0.163 max_rms=0.236 min_rms=0.127 std=0.039 var=0.001 state=standing thr=0.240/0.440/0.940
15.25,18.62,350.25,0.9747,-0.1459,-0.1475,0.0828,2.57,-2.85,8.69,2.94,-2.19,-2.25,9.50,0,1.70,-0.0623,0.0520,-0.012,0.178,-0.273,-1.106,1.848,-2.114,3.017,0
15.56,18.62,350.44,0.9745,-0.1454,-0.1500,0.0815,2.62,-3.05,8.82,0.88,-2.56,-3.62,9.69,0,1.70,-0.0632,0.0518,-0.014,-0.030,-0.131,-1.104,1.852,-2.122,3.025,0
15.81,18.38,350.62,0.9747,-0.1432,-0.1517,0.0798,2.69,-3.06,8.72,8.00,0.19,-3.06,9.62,0,1.70,-0.0637,0.0510,0.014,-0.085,-0.233,-1.099,1.849,-2.133,3.029,0
phase1 acc_mag=9.647 gravity=9.650 motion=0.003 moving_avg=0.091 rms=0.143 mean_rms=0.145 max_rms=0.220 min_rms=0.127 std=0.022 var=0.000 state=standing thr=0.188/0.388/0.888
15.88,18.31,350.50,0.9746,-0.1425,-0.1526,0.0807,2.48,-2.99,8.83,-3.38,-2.19,2.81,9.65,0,1.70,-0.0641,0.0506,-0.212,-0.024,-0.121,-1.099,1.853,-2.141,3.037,0
16.19,18.19,350.56,0.9745,-0.1411,-0.1552,0.0802,2.81,-2.99,8.78,2.25,-2.62,-1.00,9.69,0,1.70,-0.0650,0.0500,0.066,-0.050,-0.165,-1.100,1.853,-2.150,3.044,0
16.38,18.00,350.62,0.9745,-0.1396,-0.1562,0.0795,2.75,-2.65,8.62,3.06,2.44,1.25,9.43,0,1.70,-0.0653,0.0495,-0.018,0.263,-0.325,-1.088,1.854,-2.163,3.049,0
16.12,18.06,350.38,0.9745,-0.1401,-0.1548,0.0822,2.42,-3.11,8.89,-0.31,0.25,1.25,9.72,0,1.70,-0.0649,0.0495,-0.312,-0.182,-0.061,-1.097,1.853,-2.170,3.057,0
phase1 acc_mag=9.661 gravity=9.652 motion=0.009 moving_avg=0.094 rms=0.146 mean_rms=0.140 max_rms=0.161 min_rms=0.127 std=0.010 var=0.000 state=standing thr=0.160/0.360/0.860
16.31,18.00,350.44,0.9745,-0.1393,-0.1561,0.0814,2.84,-2.79,8.75,0.31,-2.62,-3.81,9.61,0,1.70,-0.0654,0.0492,0.078,0.123,-0.198,-1.096,1.857,-2.177,3.064,0
16.31,17.88,350.38,0.9746,-0.1382,-0.1559,0.0821,2.65,-2.76,8.74,3.62,2.19,2.56,9.54,0,1.70,-0.0653,0.0488,-0.107,0.134,-0.215,-1.090,1.859,-2.190,3.072,0
16.25,17.94,350.38,0.9745,-0.1392,-0.1557,0.0813,2.59,-2.82,8.74,-4.62,-0.44,-5.75,9.54,0,1.70,-0.0652,0.0492,-0.164,0.089,-0.211,-1.095,1.868,-2.200,3.087,0
16.31,18.19,350.38,0.9742,-0.1407,-0.1562,0.0816,2.47,-2.83,8.69,4.12,-1.56,-7.00,9.47,0,1.70,-0.0655,0.0497,-0.289,0.108,-0.250,-1.093,1.858,-2.204,3.083,0
phase1 acc_mag=9.485 gravity=9.646 motion=0.162 moving_avg=0.102 rms=0.165 mean_rms=0.137 max_rms=0.165 min_rms=0.115 std=0.010 var=0.000 state=slow thr=0.157/0.357/0.857
16.25,18.06,350.25,0.9743,-0.1398,-0.1559,0.0826,3.37,-3.64,8.96,-2.38,0.25,2.81,10.24,0,1.70,-0.0654,0.0493,0.617,-0.716,0.014,-1.083,1.861,-2.213,3.088,0
15.75,17.81,349.94,0.9750,-0.1381,-0.1519,0.0854,2.56,-2.02,7.93,-1.62,16.50,11.19,8.57,0,1.70,-0.0639,0.0487,-0.112,0.876,-1.050,-1.061,1.855,-2.224,3.085,0
13.06,17.75,349.06,0.9772,-0.1397,-0.1295,0.0935,2.25,-3.36,9.06,0.50,36.06,18.25,9.92,0,1.70,-0.0558,0.0498,0.025,-0.445,-0.035,-1.062,1.842,-2.226,3.078,0
11.06,16.75,349.38,0.9807,-0.1343,-0.1107,0.0893,1.64,-2.48,9.10,7.62,12.06,-26.69,9.57,0,1.70,-0.0482,0.0487,-0.254,0.297,-0.113,-1.111,1.851,-2.241,3.112,0
phase1 acc_mag=9.983 gravity=9.661 motion=0.322 moving_avg=0.186 rms=0.353 mean_rms=0.168 max_rms=0.353 min_rms=0.115 std=0.068 var=0.005 state=slow thr=0.303/0.503/1.003
10.88,16.25,350.50,0.9824,-0.1331,-0.1052,0.0790,1.06,-2.79,9.10,-10.38,33.50,-26.50,9.58,0,1.70,-0.0455,0.0490,-0.760,-0.063,-0.143,-1.071,1.864,-2.237,3.103,0
8.94,17.62,351.88,0.9827,-0.1459,-0.0898,0.0698,2.01,-1.24,8.75,34.75,-17.81,77.69,9.06,0,1.70,-0.0394,0.0548,0.479,1.695,-0.481,-1.166,1.815,-2.221,3.097,0
10.62,17.19,351.12,0.9813,-0.1395,-0.1069,0.0779,2.55,-2.79,9.04,6.75,-27.50,18.88,9.80,0,1.70,-0.0463,0.0514,0.706,0.059,-0.160,-1.168,1.812,-2.226,3.098,0
phase1 acc_mag=9.689 gravity=9.760 motion=0.070 moving_avg=0.279 rms=0.573 mean_rms=0.244 max_rms=0.574 min_rms=0.115 std=0.156 var=0.024 state=slow thr=0.557/0.757/1.257
10.81,16.94,350.50,0.9812,-0.1384,-0.1073,0.0811,2.02,-2.81,9.05,-10.75,1.69,-9.88,9.69,0,1.70,-0.0466,0.0509,0.175,0.025,-0.155,-1.166,1.825,-2.236,3.113,0
10.50,17.12,351.06,0.9818,-0.1395,-0.1038,0.0767,1.67,-2.61,9.04,5.38,6.00,-12.56,9.56,0,1.70,-0.0450,0.0516,-0.118,0.232,-0.174,-1.174,1.820,-2.243,3.118,0
10.12,17.31,351.75,0.9821,-0.1432,-0.0999,0.0701,1.20,-2.84,8.83,-7.44,6.00,-8.50,9.35,0,1.70,-0.0432,0.0535,-0.527,0.057,-0.378,-1.180,1.817,-2.259,3.130,0
9.88,17.56,351.75,0.9821,-0.1447,-0.0980,0.0704,1.22,-2.55,8.78,-10.06,15.00,-24.25,9.22,0,1.70,-0.0426,0.0541,-0.467,0.372,-0.428,-1.171,1.831,-2.255,3.132,0
phase1 acc_mag=9.724 gravity=9.769 motion=0.045 moving_avg=0.312 rms=0.591 mean_rms=0.328 max_rms=0.591 min_rms=0.115 std=0.192 var=0.037 state=standing thr=0.711/0.911/1.411
10.06,17.38,352.31,0.9825,-0.1431,-0.0989,0.0657,1.43,-2.82,8.91,11.00,-3.56,-14.31,9.45,0,1.70,-0.0426,0.0536,-0.291,0.064,-0.303,-1.176,1.821,-2.261,3.133,0
10.31,17.12,352.06,0.9825,-0.1412,-0.1013,0.0676,1.96,-2.77,8.96,-3.56,1.19,-0.12,9.58,0,1.70,-0.0436,0.0528,0.196,0.086,-0.255,-1.170,1.825,-2.274,3.142,0
10.31,17.06,352.50,0.9828,-0.1404,-0.1006,0.0641,1.75,-2.60,9.01,6.12,-1.00,-0.81,9.54,0,1.70,-0.0432,0.0526,-0.013,0.234,-0.211,-1.169,1.827,-2.284,3.150,0
10.19,16.75,353.44,0.9838,-0.1390,-0.0979,0.0560,0.07,-2.48,8.84,5.69,7.38,-24.38,9.18,0,1.70,-0.0416,0.0525,-1.667,0.309,-0.399,-1.186,1.828,-2.293,3.163,0
phase1 acc_mag=9.356 gravity=9.762 motion=0.406 moving_avg=0.355 rms=0.611 mean_rms=0.419 max_rms=0.611 min_rms=0.115 std=0.190 var=0.036 state=standing thr=0.799/0.999/1.499
10.94,16.06,353.31,0.9841,-0.1323,-0.1041,0.0570,2.24,-2.71,9.18,14.56,-7.94,6.81,9.83,0,1.70,-0.0440,0.0497,0.378,-0.040,-0.071,-1.179,1.829,-2.299,3.165,0
11.00,15.50,353.12,0.9846,-0.1272,-0.1050,0.0587,1.99,-2.71,9.24,3.69,-1.25,4.56,9.83,0,1.70,-0.0443,0.0476,0.109,-0.133,-0.033,-1.182,1.837,-2.307,3.177,0
10.81,15.12,352.69,0.9849,-0.1240,-0.1036,0.0626,1.79,-2.61,9.09,13.62,3.50,3.00,9.63,0,1.70,-0.0439,0.0463,-0.060,-0.087,-0.204,-1.178,1.835,-2.315,3.180,0
10.94,14.31,353.00,0.9860,-0.1163,-0.1041,0.0590,1.57,-2.19,9.21,8.62,-3.50,-10.81,9.60,0,1.70,-0.0438,0.0434,-0.309,0.179,-0.118,-1.189,1.850,-2.325,3.201,0
phase1 acc_mag=9.763 gravity=9.763 motion=0.000 moving_avg=0.350 rms=0.604 mean_rms=0.518 max_rms=0.613 min_rms=0.167 std=0.131 var=0.017 state=standing thr=0.781/0.981/1.481
11.44,13.88,353.62,0.9863,-0.1133,-0.1071,0.0548,1.59,-2.43,9.25,6.88,-3.38,-14.88,9.70,0,1.70,-0.0447,0.0423,-0.360,-0.124,-0.080,-1.194,1.848,-2.331,3.205,0
11.38,12.75,355.44,0.9881,-0.1058,-0.1045,0.0389,1.39,-1.80,9.13,7.31,10.81,-23.56,9.41,0,1.70,-0.0429,0.0402,-0.554,0.330,-0.243,-1.192,1.857,-2.338,3.215,0
11.69,12.69,355.69,0.9880,-0.1050,-0.1066,0.0372,2.71,-2.28,9.52,5.94,-1.44,5.12,10.16,0,1.70,-0.0437,0.0399,0.721,-0.167,0.153,-1.180,1.853,-2.341,3.211,0
phase1 acc_mag=9.332 gravity=9.783 motion=0.451 moving_avg=0.332 rms=0.567 mean_rms=0.579 max_rms=0.613 min_rms=0.361 std=0.047 var=0.002 state=standing thr=0.672/0.872/1.372
9.75,12.88,355.19,0.9893,-0.1074,-0.0905,0.0411,2.64,-1.20,8.87,10.19,-16.56,46.38,9.33,0,1.70,-0.0376,0.0410,0.972,0.956,-0.550,-1.202,1.905,-2.328,3.239,0
10.50,12.62,356.50,0.9893,-0.1062,-0.0955,0.0297,1.79,-2.13,9.19,0.31,-1.31,-20.12,9.60,0,1.70,-0.0390,0.0409,-0.000,-0.014,-0.217,-1.192,1.905,-2.337,3.242,0
10.50,12.81,356.25,0.9891,-0.1074,-0.0956,0.0320,2.01,-2.11,9.57,0.94,4.94,12.81,10.00,0,1.70,-0.0392,0.0413,0.223,0.033,0.169,-1.187,1.903,-2.336,3.238,0
9.94,12.69,356.12,0.9896,-0.1063,-0.0916,0.0325,1.56,-1.74,9.17,3.38,-4.94,-7.62,9.46,0,1.70,-0.0376,0.0409,-0.149,0.382,-0.250,-1.207,1.900,-2.352,3.256,0
phase1 acc_mag=9.947 gravity=9.710 motion=0.237 moving_avg=0.264 rms=0.357 mean_rms=0.556 max_rms=0.613 min_rms=0.349 std=0.084 var=0.007 state=standing thr=0.723/0.923/1.423
10.12,12.38,356.31,0.9898,-0.1037,-0.0923,0.0317,1.62,-1.84,9.22,7.50,0.38,-1.56,9.54,0,1.70,-0.0379,0.0399,-0.108,0.231,-0.209,-1.203,1.900,-2.354,3.256,0
10.31,12.06,356.31,0.9899,-0.1010,-0.0940,0.0318,1.83,-1.99,9.40,4.88,-5.44,-0.44,9.78,0,1.70,-0.0385,0.0388,0.068,0.029,-0.033,-1.203,1.899,-2.361,3.260,0
10.31,11.88,356.06,0.9901,-0.0989,-0.0941,0.0340,1.64,-1.76,9.20,3.12,-0.06,2.62,9.51,0,1.70,-0.0386,0.0379,-0.122,0.223,-0.241,-1.203,1.905,-2.369,3.269,0
10.19,11.56,355.75,0.9903,-0.0962,-0.0934,0.0366,1.68,-1.97,9.37,5.25,7.06,0.75,9.72,0,1.70,-0.0384,0.0367,-0.065,-0.035,-0.084,-1.198,1.903,-2.374,3.270,0
phase1 acc_mag=9.582 gravity=9.703 motion=0.121 moving_avg=0.234 rms=0.325 mean_rms=0.509 max_rms=0.613 min_rms=0.325 std=0.116 var=0.014 state=standing thr=0.741/0.941/1.441
9.69,11.50,355.44,0.9907,-0.0958,-0.0889,0.0392,1.88,-1.86,9.46,-4.62,8.75,7.12,9.82,0,1.70,-0.0367,0.0366,0.227,0.069,-0.012,-1.195,1.910,-2.377,3.275,0
8.94,12.00,354.81,0.9906,-0.0997,-0.0815,0.0457,1.47,-1.39,8.90,-17.19,16.56,42.69,9.13,0,1.70,-0.0341,0.0380,-0.024,0.620,-0.581,-1.204,1.920,-2.389,3.293,0
8.31,12.38,354.31,0.9904,-0.1033,-0.0781,0.0487,3.33,0.15,9.00,-22.44,19.19,-40.81,9.60,0,1.70,-0.0329,0.0394,1.912,2.231,-0.479,-1.174,1.968,-2.418,3.331,0
7.62,13.00,356.31,0.9908,-0.1104,-0.0706,0.0319,1.09,-2.11,9.18,-7.62,15.50,-18.19,9.48,0,1.70,-0.0294,0.0428,-0.213,0.079,-0.290,-1.172,1.960,-2.424,3.330,0
phase1 acc_mag=10.203 gravity=9.709 motion=0.494 moving_avg=0.248 rms=0.371 mean_rms=0.459 max_rms=0.613 min_rms=0.322 std=0.118 var=0.014 state=standing thr=0.695/0.895/1.395
6.50,12.75,357.12,0.9919,-0.1095,-0.0599,0.0248,-0.23,-2.64,9.57,1.00,14.81,-17.00,9.93,0,1.70,-0.0248,0.0428,-1.341,-0.481,0.069,-1.189,1.953,-2.426,3.333,0
6.50,12.25,357.06,0.9924,-0.1042,-0.0598,0.0245,1.15,-2.20,9.44,7.94,1.81,-8.44,9.76,0,1.70,-0.0247,0.0408,0.037,-0.143,-0.083,-1.184,1.955,-2.430,3.336,0
7.50,11.81,357.06,0.9922,-0.1010,-0.0685,0.0255,0.67,-2.42,9.46,3.56,-37.50,11.62,9.79,0,1.70,-0.0282,0.0394,-0.612,-0.421,-0.054,-1.217,1.959,-2.446,3.361,0
9.19,13.12,356.06,0.9897,-0.1104,-0.0845,0.0338,1.41,-1.98,9.18,-3.69,-0.50,5.06,9.50,0,1.70,-0.0350,0.0426,-0.158,0.219,-0.247,-1.203,1.928,-2.434,3.330,0
phase1 acc_mag=9.566 gravity=9.738 motion=0.172 moving_avg=0.277 rms=0.419 mean_rms=0.411 max_rms=0.613 min_rms=0.322 std=0.091 var=0.008 state=standing thr=0.593/0.793/1.293
9.50,13.44,356.00,0.9891,-0.1122,-0.0887,0.0339,1.25,-2.03,9.19,8.62,-11.62,0.56,9.49,0,1.70,-0.0366,0.0432,-0.397,0.205,-0.215,-1.210,1.926,-2.439,3.335,0
10.88,13.38,354.94,0.9875,-0.1104,-0.1033,0.0453,2.01,-2.30,9.07,3.75,-34.62,20.00,9.57,0,1.70,-0.0428,0.0417,0.107,-0.071,-0.289,-1.224,1.916,-2.458,3.348,0
12.31,13.62,353.94,0.9859,-0.1110,-0.1141,0.0521,2.43,-2.53,9.49,-7.25,-2.88,4.94,10.12,0,1.70,-0.0473,0.0414,0.338,-0.267,0.180,-1.200,1.927,-2.456,3.345,0
phase1 acc_mag=9.441 gravity=9.693 motion=0.252 moving_avg=0.229 rms=0.355 mean_rms=0.373 max_rms=0.564 min_rms=0.322 std=0.041 var=0.002 state=standing thr=0.454/0.654/1.154
12.44,13.94,353.88,0.9854,-0.1135,-0.1158,0.0522,1.84,-2.22,8.99,-1.06,-5.44,0.19,9.44,0,1.70,-0.0480,0.0423,-0.282,0.092,-0.302,-1.210,1.935,-2.468,3.361,0
11.94,14.25,354.25,0.9857,-0.1169,-0.1111,0.0493,2.63,-2.35,10.06,-8.25,14.00,-10.06,10.66,0,1.70,-0.0461,0.0439,0.594,0.018,0.764,-1.185,1.944,-2.457,3.350,0
11.38,14.62,354.62,0.9859,-0.1207,-0.1061,0.0463,2.52,-2.40,9.42,0.81,0.19,15.38,10.04,0,1.70,-0.0441,0.0456,0.577,0.031,0.120,-1.233,1.937,-2.469,3.372,0
10.88,13.44,354.56,0.9875,-0.1111,-0.1010,0.0470,2.44,-1.32,8.49,-3.38,-2.81,4.44,8.93,0,1.70,-0.0420,0.0420,0.586,0.926,-0.874,-1.231,1.928,-2.480,3.374,0
phase1 acc_mag=9.713 gravity=9.707 motion=0.006 moving_avg=0.249 rms=0.392 mean_rms=0.370 max_rms=0.419 min_rms=0.322 std=0.023 var=0.001 state=standing thr=0.415/0.615/1.115
11.44,13.88,354.69,0.9867,-0.1143,-0.1060,0.0456,2.08,-2.76,9.51,-8.44,-3.31,-2.25,10.12,0,1.70,-0.0439,0.0432,0.132,-0.453,0.180,-1.228,1.919,-2.477,3.366,0
13.38,15.44,353.94,0.9829,-0.1254,-0.1245,0.0520,2.48,-2.52,9.05,-8.56,-9.50,-0.81,9.72,0,1.70,-0.0515,0.0467,0.209,0.024,-0.145,-1.216,1.915,-2.485,3.365,0
12.81,15.00,353.56,0.9838,-0.1216,-0.1194,0.0553,2.57,-2.14,9.16,3.25,1.69,4.69,9.75,0,1.70,-0.0497,0.0452,0.398,0.337,-0.077,-1.217,1.917,-2.493,3.372,0
phase1 acc_mag=9.944 gravity=9.728 motion=0.216 moving_avg=0.294 rms=0.429 mean_rms=0.383 max_rms=0.429 min_rms=0.322 std=0.021 var=0.000 state=slow thr=0.425/0.625/1.125
11.88,15.88,353.19,0.9835,-0.1317,-0.1107,0.0571,2.69,-3.77,8.80,-21.38,27.06,-8.88,9.94,0,1.70,-0.0465,0.0493,0.703,-1.107,-0.427,-1.192,1.936,-2.500,3.379,0
11.38,16.44,353.31,0.9832,-0.1348,-0.1083,0.0582,2.57,-2.28,9.05,4.06,1.19,11.50,9.68,0,1.70,-0.0457,0.0505,0.636,0.442,-0.170,-1.210,1.925,-2.491,3.373,0
10.44,17.12,353.38,0.9832,-0.1423,-0.0995,0.0558,0.72,-3.38,8.54,-18.38,22.75,-7.56,9.21,0,1.70,-0.0423,0.0538,-1.043,-0.526,-0.675,-1.216,1.930,-2.503,3.387,0
10.12,17.12,353.25,0.9833,-0.1422,-0.0978,0.0575,1.63,-2.94,9.15,-5.56,0.56,-4.00,9.75,0,1.70,-0.0417,0.0537,-0.096,-0.088,-0.073,-1.214,1.937,-2.509,3.394,0
phase1 acc_mag=9.635 gravity=9.748 motion=0.113 moving_avg=0.317 rms=0.485 mean_rms=0.407 max_rms=0.514 min_rms=0.355 std=0.045 var=0.002 state=standing thr=0.498/0.698/1.198
10.06,17.12,353.62,0.9837,-0.1420,-0.0965,0.0531,1.35,-2.85,9.11,2.25,9.06,-15.75,9.64,0,1.70,-0.0410,0.0538,-0.364,-0.009,-0.118,-1.222,1.936,-2.516,3.402,0
10.12,17.19,354.00,0.9835,-0.1443,-0.0958,0.0521,2.28,-2.88,9.51,-6.62,4.94,7.56,10.19,0,1.70,-0.0407,0.0548,0.579,0.002,0.292,-1.200,1.938,-2.515,3.394,0
4.81,15.88,351.19,0.9866,-0.1343,-0.0528,0.0756,0.60,-1.38,7.63,21.62,160.69,78.50,7.78,0,1.70,-0.0249,0.0514,-0.222,1.297,-1.768,-1.111,1.941,-2.536,3.382,0
5.56,15.81,351.12,0.9866,-0.1311,-0.0615,0.0757,0.81,0.50,7.64,19.50,-21.44,-9.56,7.70,0,1.70,-0.0282,0.0499,-0.186,3.128,-1.756,-1.203,1.983,-2.567,3.459,0
phase1 acc_mag=11.510 gravity=9.870 motion=1.641 moving_avg=0.517 rms=0.970 mean_rms=0.459 max_rms=0.970 min_rms=0.355 std=0.133 var=0.018 state=walking thr=0.725/0.925/1.425
7.06,14.25,352.12,0.9879,-0.1188,-0.0722,0.0683,1.08,-1.11,8.84,4.62,-20.38,1.94,8.97,0,1.70,-0.0318,0.0450,-0.160,1.288,-0.587,-1.187,1.993,-2.576,3.466,0
8.12,13.81,351.50,0.9875,-0.1132,-0.0811,0.0732,1.53,-2.81,9.27,1.94,-12.50,3.38,9.81,0,1.70,-0.0353,0.0423,0.123,-0.501,-0.156,-1.155,1.997,-2.579,3.460,0
8.94,13.31,351.50,0.9875,-0.1093,-0.0868,0.0729,2.12,-1.92,9.23,0.62,-7.50,0.62,9.66,0,1.70,-0.0375,0.0406,0.595,0.320,-0.195,-1.129,2.012,-2.593,3.471,0
9.06,13.44,351.94,0.9875,-0.1106,-0.0878,0.0698,1.67,-2.20,9.18,-1.69,-0.94,2.50,9.59,0,1.70,-0.0378,0.0412,0.120,0.062,-0.235,-1.108,2.008,-2.603,3.469,0
phase1 acc_mag=9.593 gravity=9.861 motion=0.268 moving_avg=0.537 rms=0.978 mean_rms=0.577 max_rms=0.979 min_rms=0.355 std=0.237 var=0.056 state=standing thr=1.052/1.252/1.752
9.56,14.00,351.94,0.9866,-0.1143,-0.0936,0.0690,2.47,-3.03,9.36,-14.69,-22.50,2.56,10.14,0,1.70,-0.0401,0.0425,0.813,-0.692,-0.019,-1.110,2.002,-2.614,3.475,0
10.19,13.81,352.25,0.9866,-0.1128,-0.0975,0.0667,2.44,-2.69,9.33,0.38,-3.94,-0.12,10.01,0,1.70,-0.0415,0.0419,0.700,-0.380,-0.041,-1.090,2.001,-2.629,3.479,0
9.69,13.75,352.31,0.9871,-0.1125,-0.0931,0.0660,1.54,-1.97,8.87,0.00,1.38,0.62,9.22,0,1.70,-0.0397,0.0420,-0.116,0.328,-0.518,-1.069,2.003,-2.644,3.485,0
phase1 acc_mag=9.570 gravity=9.840 motion=0.271 moving_avg=0.544 rms=0.974 mean_rms=0.704 max_rms=0.983 min_rms=0.394 std=0.255 var=0.065 state=standing thr=1.214/1.414/1.914
10.44,14.06,351.88,0.9855,-0.1159,-0.1015,0.0706,1.84,-2.07,9.16,-15.50,-17.75,9.94,9.57,0,1.70,-0.0433,0.0428,0.038,0.311,-0.181,-1.045,2.003,-2.656,3.487,0
11.00,14.50,350.25,0.9841,-0.1147,-0.1063,0.0845,1.85,-2.03,9.23,15.81,7.75,11.25,9.63,0,1.70,-0.0457,0.0416,-0.011,0.360,-0.097,-1.032,2.012,-2.662,3.493,0
10.62,13.94,350.25,0.9848,-0.1116,-0.1035,0.0838,2.02,-2.00,8.91,7.50,0.81,-1.81,9.35,0,1.70,-0.0445,0.0405,0.205,0.325,-0.443,-1.023,2.005,-2.672,3.494,0
10.56,13.88,350.50,0.9850,-0.1114,-0.1027,0.0818,1.80,-2.51,9.13,-2.06,0.62,3.75,9.64,0,1.70,-0.0441,0.0405,-0.006,-0.193,-0.226,-1.012,1.996,-2.685,3.496,0
phase1 acc_mag=9.016 gravity=9.829 motion=0.812 moving_avg=0.551 rms=0.975 mean_rms=0.813 max_rms=0.983 min_rms=0.429 std=0.224 var=0.050 state=standing thr=1.261/1.461/1.961
11.19,12.25,350.69,0.9863,-0.0970,-0.1065,0.0803,2.22,-1.62,8.78,29.94,-13.25,-24.56,9.20,0,1.70,-0.0451,0.0349,0.312,0.425,-0.620,-1.015,1.976,-2.693,3.491,0
12.00,10.00,352.56,0.9891,-0.0768,-0.1096,0.0611,3.71,-2.68,10.08,9.75,4.38,-38.06,11.07,0,1.70,-0.0452,0.0277,1.677,-1.059,0.624,-0.956,1.977,-2.685,3.469,0
11.81,8.31,353.25,0.9904,-0.0656,-0.1072,0.0583,1.49,-0.79,8.48,32.38,-2.94,-5.12,8.65,0,1.70,-0.0440,0.0235,-0.518,0.607,-1.017,-0.975,1.964,-2.708,3.485,0
12.25,7.31,353.69,0.9908,-0.0559,-0.1107,0.0546,1.99,-0.51,8.83,15.25,-1.75,1.94,9.07,0,1.70,-0.0451,0.0197,-0.100,0.695,-0.675,-0.939,1.970,-2.726,3.492,0
phase1 acc_mag=9.361 gravity=9.830 motion=0.469 moving_avg=0.540 rms=0.952 mean_rms=0.904 max_rms=0.983 min_rms=0.483 std=0.157 var=0.025 state=standing thr=1.218/1.418/1.918
12.56,6.88,353.75,0.9907,-0.0526,-0.1137,0.0530,2.09,-2.24,9.60,5.56,-8.31,-9.38,10.08,0,1.70,-0.0462,0.0184,-0.065,-1.101,0.101,-0.926,1.962,-2.731,3.488,0
13.12,5.31,354.00,0.9911,-0.0366,-0.1169,0.0511,2.41,-0.74,9.17,34.25,-4.06,-3.31,9.51,0,1.70,-0.0471,0.0121,0.173,0.088,-0.342,-0.910,1.943,-2.732,3.474,0
13.56,1.81,354.88,0.9919,-0.0104,-0.1188,0.0442,3.02,0.21,9.04,29.88,-6.25,-14.31,9.53,0,1.70,-0.0473,0.0020,0.717,0.515,-0.488,-0.873,1.968,-2.750,3.492,0
13.50,1.44,354.81,0.9920,-0.0076,-0.1178,0.0451,2.51,-0.35,9.41,-4.25,2.81,6.12,9.75,0,1.70,-0.0469,0.0009,0.225,-0.097,-0.124,-0.868,1.970,-2.767,3.506,0
phase1 acc_mag=9.699 gravity=9.699 motion=0.000 moving_avg=0.329 rms=0.416 mean_rms=0.937 max_rms=0.983 min_rms=0.416 std=0.111 var=0.012 state=standing thr=1.159/1.359/1.859
13.44,1.62,354.81,0.9919,-0.0087,-0.1180,0.0447,2.36,-0.45,9.40,-0.94,0.81,-4.81,9.70,0,1.70,-0.0470,0.0013,0.072,-0.178,-0.132,-0.859,1.965,-2.774,3.506,0
13.56,1.69,354.75,0.9918,-0.0091,-0.1191,0.0450,2.79,-0.27,9.35,1.25,1.06,-0.75,9.76,0,1.70,-0.0474,0.0015,0.480,0.012,-0.177,-0.841,1.959,-2.783,3.506,0
13.00,2.38,354.75,0.9922,-0.0154,-0.1146,0.0453,2.36,-1.14,9.52,-27.12,14.88,13.56,9.87,0,1.70,-0.0457,0.0041,0.144,-0.738,-0.024,-0.831,1.949,-2.793,3.506,0
13.06,1.81,352.94,0.9911,-0.0070,-0.1159,0.0642,2.66,-0.84,9.62,25.94,-15.12,28.81,10.02,0,1.70,-0.0461,-0.0002,0.416,-0.559,0.078,-0.824,1.942,-2.810,3.513,0
phase1 acc_mag=9.550 gravity=9.708 motion=0.158 moving_avg=0.301 rms=0.391 mean_rms=0.814 max_rms=0.983 min_rms=0.389 std=0.243 var=0.059 state=standing thr=1.300/1.500/2.000
13.25,0.00,352.38,0.9911,0.0074,-0.1153,0.0660,2.25,0.13,9.17,34.69,5.56,-21.38,9.44,0,1.70,-0.0455,-0.0060,-0.001,0.136,-0.374,-0.814,1.938,-2.815,3.513,0
13.19,-1.81,352.81,0.9911,0.0247,-0.1144,0.0624,2.70,0.92,9.39,22.19,-6.19,2.38,9.81,0,1.70,-0.0448,-0.0126,0.445,0.581,-0.148,-0.812,1.959,-2.832,3.538,0
12.88,-0.88,353.38,0.9922,0.0115,-0.1108,0.0555,2.22,-0.36,9.52,-35.88,10.56,-14.38,9.78,0,1.70,-0.0437,-0.0070,0.050,-0.463,-0.044,-0.796,1.990,-2.858,3.573,0
12.38,0.81,353.75,0.9926,-0.0039,-0.1084,0.0544,2.36,0.21,9.05,-28.06,-0.19,11.69,9.36,0,1.70,-0.0431,-0.0008,0.254,0.402,-0.526,-0.787,1.985,-2.867,3.575,0
phase1 acc_mag=9.664 gravity=9.698 motion=0.035 moving_avg=0.285 rms=0.372 mean_rms=0.694 max_rms=0.980 min_rms=0.369 std=0.278 var=0.077 state=standing thr=1.251/1.451/1.951
12.00,3.69,353.19,0.9922,-0.0258,-0.1065,0.0587,2.18,-0.93,9.34,-26.19,17.25,0.88,9.64,0,1.70,-0.0429,0.0077,0.137,-0.305,-0.231,-0.759,1.971,-2.873,3.566,0
10.50,4.75,353.62,0.9934,-0.0361,-0.0938,0.0551,1.52,-0.62,9.32,-1.38,8.31,-3.50,9.46,0,1.70,-0.0381,0.0123,-0.269,0.185,-0.288,-0.768,1.962,-2.882,3.570,0
10.50,5.12,353.69,0.9933,-0.0399,-0.0937,0.0546,2.18,-1.00,9.39,-9.12,8.06,-0.25,9.69,0,1.70,-0.0381,0.0138,0.398,-0.122,-0.213,-0.739,1.956,-2.886,3.564,0
phase1 acc_mag=9.623 gravity=9.701 motion=0.078 moving_avg=0.246 rms=0.333 mean_rms=0.570 max_rms=0.956 min_rms=0.333 std=0.263 var=0.069 state=standing thr=1.095/1.295/1.795
9.94,5.75,353.94,0.9936,-0.0452,-0.0895,0.0521,1.90,-1.00,9.38,-16.25,9.81,-4.50,9.62,0,1.70,-0.0365,0.0161,0.203,-0.027,-0.229,-0.731,1.958,-2.894,3.570,0
9.69,6.50,354.44,0.9937,-0.0522,-0.0876,0.0480,2.29,-1.68,9.65,-5.75,-1.31,12.31,10.06,0,1.70,-0.0358,0.0191,0.631,-0.579,0.047,-0.724,1.955,-2.909,3.579,0
9.94,6.06,354.50,0.9937,-0.0486,-0.0892,0.0470,2.24,-1.00,9.39,0.94,-1.19,-1.38,9.71,0,1.70,-0.0364,0.0176,0.547,0.029,-0.214,-0.706,1.965,-2.922,3.592,0
9.69,5.62,355.00,0.9943,-0.0452,-0.0867,0.0433,1.96,-0.30,9.03,23.69,-1.38,2.62,9.25,0,1.70,-0.0353,0.0165,0.308,0.656,-0.589,-0.699,1.958,-2.932,3.595,0
phase1 acc_mag=9.716 gravity=9.683 motion=0.033 moving_avg=0.225 rms=0.323 mean_rms=0.456 max_rms=0.956 min_rms=0.323 std=0.198 var=0.039 state=standing thr=0.851/1.051/1.551
9.69,5.00,355.12,0.9946,-0.0399,-0.0868,0.0420,1.83,-0.46,9.11,6.06,-0.56,1.06,9.30,0,1.70,-0.0352,0.0144,0.170,0.390,-0.518,-0.689,1.965,-2.944,3.605,0
10.06,4.62,355.12,0.9944,-0.0362,-0.0898,0.0422,1.76,0.34,9.20,15.06,-6.62,-4.81,9.37,0,1.70,-0.0363,0.0129,0.039,1.120,-0.422,-0.681,1.969,-2.954,3.615,0
10.44,5.62,354.88,0.9936,-0.0451,-0.0936,0.0446,1.81,-1.27,9.62,-6.75,-3.62,3.62,9.87,0,1.70,-0.0380,0.0163,0.026,-0.309,0.025,-0.664,1.959,-2.958,3.609,0
10.75,5.69,354.94,0.9934,-0.0450,-0.0959,0.0439,2.09,-0.90,9.32,3.69,-2.62,-1.19,9.59,0,1.70,-0.0389,0.0162,0.259,0.060,-0.266,-0.649,1.957,-2.967,3.613,0
phase1 acc_mag=9.754 gravity=9.676 motion=0.078 moving_avg=0.206 rms=0.308 mean_rms=0.357 max_rms=0.412 min_rms=0.308 std=0.030 var=0.001 state=standing thr=0.417/0.617/1.117
10.94,5.56,354.88,0.9933,-0.0438,-0.0975,0.0441,1.99,-0.40,9.02,0.56,3.44,1.62,9.25,0,1.70,-0.0395,0.0157,0.129,0.537,-0.563,-0.638,1.961,-2.975,3.620,0
10.81,6.12,354.81,0.9931,-0.0486,-0.0970,0.0447,2.45,-1.07,9.61,1.50,-3.44,-0.25,9.97,0,1.70,-0.0394,0.0176,0.602,-0.039,0.034,-0.634,1.949,-2.982,3.619,0
10.69,6.00,354.81,0.9932,-0.0475,-0.0958,0.0449,1.95,-1.03,9.38,0.00,0.69,0.25,9.64,0,1.70,-0.0389,0.0172,0.125,-0.019,-0.202,-0.624,1.951,-2.995,3.628,0
phase1 acc_mag=9.676 gravity=9.680 motion=0.004 moving_avg=0.211 rms=0.313 mean_rms=0.341 max_rms=0.385 min_rms=0.308 std=0.027 var=0.001 state=standing thr=0.394/0.594/1.094
10.75,5.94,354.75,0.9932,-0.0472,-0.0963,0.0450,2.10,-0.92,9.40,0.06,0.12,-0.75,9.68,0,1.70,-0.0391,0.0170,0.265,0.085,-0.181,-0.614,1.953,-3.003,3.634,0
10.88,6.19,354.75,0.9929,-0.0502,-0.0977,0.0450,1.86,-0.79,9.23,-6.88,-1.25,-3.00,9.45,0,1.70,-0.0397,0.0182,0.001,0.273,-0.340,-0.604,1.956,-3.017,3.646,0
11.25,6.50,354.75,0.9926,-0.0518,-0.1008,0.0453,2.24,-2.37,10.10,-19.44,-3.94,5.50,10.61,0,1.70,-0.0409,0.0187,0.324,-1.272,0.545,-0.598,1.925,-3.015,3.626,0
11.44,6.31,354.88,0.9926,-0.0492,-0.1026,0.0439,2.20,-0.96,9.38,7.12,-3.06,-2.44,9.68,0,1.70,-0.0416,0.0177,0.245,0.086,-0.173,-0.589,1.922,-3.025,3.632,0
phase1 acc_mag=10.403 gravity=9.717 motion=0.686 moving_avg=0.214 rms=0.360 mean_rms=0.333 max_rms=0.385 min_rms=0.305 std=0.023 var=0.001 state=standing thr=0.378/0.578/1.078
11.31,5.81,355.06,0.9929,-0.0460,-0.1010,0.0427,2.03,-0.61,9.30,6.38,4.50,-2.38,9.54,0,1.70,-0.0409,0.0165,0.101,0.370,-0.265,-0.578,1.928,-3.030,3.638,0
11.38,5.81,355.06,0.9929,-0.0459,-0.1017,0.0427,2.10,-0.92,9.30,2.00,-3.69,-0.19,9.58,0,1.70,-0.0412,0.0165,0.157,0.059,-0.263,-0.579,1.927,-3.041,3.646,0
10.88,4.94,355.38,0.9940,-0.0372,-0.0950,0.0385,1.73,0.08,9.40,17.44,21.50,-20.31,9.56,0,1.70,-0.0383,0.0133,-0.093,0.876,-0.202,-0.561,1.924,-3.046,3.647,0
phase1 acc_mag=9.680 gravity=9.705 motion=0.025 moving_avg=0.212 rms=0.360 mean_rms=0.334 max_rms=0.385 min_rms=0.305 std=0.023 var=0.001 state=standing thr=0.380/0.580/1.080
10.69,4.81,355.56,0.9940,-0.0380,-0.0952,0.0386,1.53,-0.96,9.51,1.75,-2.06,-3.56,9.68,0,1.70,-0.0384,0.0136,-0.297,-0.147,-0.090,-0.562,1.918,-3.050,3.647,0
10.44,4.69,356.19,0.9944,-0.0377,-0.0925,0.0329,2.17,-0.85,9.60,-13.62,-6.81,-6.88,9.88,0,1.70,-0.0373,0.0138,0.391,-0.056,-0.011,-0.553,1.928,-3.068,3.666,0
9.94,5.31,356.56,0.9948,-0.0443,-0.0870,0.0289,1.99,-1.08,9.55,-11.00,16.19,-9.81,9.81,0,1.70,-0.0351,0.0166,0.317,-0.166,-0.070,-0.531,1.927,-3.076,3.668,0
8.19,5.06,357.81,0.9963,-0.0428,-0.0728,0.0190,1.74,0.09,9.62,8.38,18.62,-9.69,9.78,0,1.70,-0.0293,0.0165,0.334,0.954,-0.047,-0.537,1.924,-3.087,3.677,0
phase1 acc_mag=9.730 gravity=9.713 motion=0.016 moving_avg=0.188 rms=0.300 mean_rms=0.326 max_rms=0.364 min_rms=0.293 std=0.025 var=0.001 state=standing thr=0.375/0.575/1.075
7.94,5.12,358.38,0.9965,-0.0436,-0.0697,0.0128,1.41,-1.08,9.69,2.81,7.69,-11.06,9.85,0,1.70,-0.0280,0.0170,0.059,-0.210,0.016,-0.521,1.912,-3.091,3.672,0
7.69,4.75,358.75,0.9968,-0.0406,-0.0688,0.0110,1.50,-1.04,9.84,-4.25,-9.88,0.88,10.01,0,1.70,-0.0276,0.0159,0.163,-0.230,0.158,-0.530,1.915,-3.093,3.676,0
8.25,4.56,358.62,0.9965,-0.0390,-0.0728,0.0117,1.71,-0.67,9.30,6.00,-3.19,2.62,9.48,0,1.70,-0.0292,0.0152,0.297,0.109,-0.373,-0.514,1.911,-3.100,3.678,0
phase1 acc_mag=9.976 gravity=9.712 motion=0.264 moving_avg=0.197 rms=0.306 mean_rms=0.324 max_rms=0.364 min_rms=0.293 std=0.026 var=0.001 state=standing thr=0.375/0.575/1.075
8.69,4.69,358.56,0.9959,-0.0427,-0.0785,0.0132,1.09,-0.56,9.90,-34.44,-19.94,14.88,9.98,0,1.70,-0.0315,0.0166,-0.432,0.294,0.250,-0.516,1.919,-3.111,3.691,0
9.94,5.88,358.00,0.9947,-0.0493,-0.0884,0.0172,2.37,-1.14,9.52,1.50,-5.31,2.62,9.88,0,1.70,-0.0355,0.0190,0.662,-0.148,-0.085,-0.461,1.875,-3.097,3.649,0
10.38,6.12,357.88,0.9943,-0.0514,-0.0919,0.0179,1.80,-0.70,9.19,3.69,-0.81,-1.75,9.39,0,1.70,-0.0369,0.0198,0.027,0.335,-0.399,-0.447,1.870,-3.100,3.648,0
9.12,4.81,358.38,0.9958,-0.0410,-0.0806,0.0138,1.54,-0.66,9.41,5.44,11.00,-5.56,9.56,0,1.70,-0.0323,0.0159,-0.024,0.162,-0.236,-0.441,1.874,-3.112,3.659,0
phase1 acc_mag=9.492 gravity=9.755 motion=0.263 moving_avg=0.244 rms=0.381 mean_rms=0.332 max_rms=0.381 min_rms=0.293 std=0.030 var=0.001 state=standing thr=0.392/0.592/1.092
9.56,5.19,358.25,0.9952,-0.0458,-0.0854,0.0156,2.59,-2.13,9.98,-22.62,-13.88,9.69,10.53,0,1.70,-0.0343,0.0177,0.937,-1.210,0.357,-0.432,1.866,-3.118,3.659,0
9.19,4.88,358.44,0.9957,-0.0412,-0.0812,0.0135,1.22,-0.96,9.48,10.12,15.12,-12.81,9.61,0,1.70,-0.0326,0.0160,-0.354,-0.134,-0.164,-0.440,1.873,-3.131,3.675,0
8.50,4.31,358.88,0.9965,-0.0367,-0.0740,0.0085,1.11,-0.64,9.12,-1.44,12.94,-11.88,9.21,0,1.70,-0.0296,0.0144,-0.330,0.091,-0.552,-0.420,1.880,-3.142,3.686,0
8.00,4.50,359.19,0.9968,-0.0388,-0.0696,0.0068,1.23,-0.82,9.59,-0.31,10.81,-5.69,9.70,0,1.70,-0.0279,0.0153,-0.126,-0.052,-0.091,-0.410,1.872,-3.143,3.681,0
phase1 acc_mag=9.712 gravity=9.741 motion=0.029 moving_avg=0.236 rms=0.338 mean_rms=0.339 max_rms=0.397 min_rms=0.293 std=0.033 var=0.001 state=standing thr=0.405/0.605/1.105
8.12,4.56,359.12,0.9966,-0.0390,-0.0712,0.0075,1.51,-0.73,9.65,3.31,-4.81,1.44,9.79,0,1.70,-0.0285,0.0153,0.123,0.043,-0.027,-0.406,1.870,-3.148,3.684,0
7.62,4.25,359.38,0.9971,-0.0374,-0.0659,0.0042,1.50,-0.83,9.65,-6.62,14.31,-9.88,9.80,0,1.70,-0.0263,0.0148,0.215,-0.093,-0.044,-0.386,1.873,-3.156,3.690,0
5.44,5.38,1.12,0.9977,-0.0472,-0.0475,-0.0098,0.62,-0.82,9.26,-30.81,56.12,-38.44,9.32,0,1.70,-0.0188,0.0190,-0.319,0.095,-0.458,-0.348,1.892,-3.156,3.696,0
phase1 acc_mag=9.802 gravity=9.755 motion=0.046 moving_avg=0.238 rms=0.342 mean_rms=0.334 max_rms=0.397 min_rms=0.293 std=0.032 var=0.001 state=standing thr=0.397/0.597/1.097
4.00,7.56,3.19,0.9966,-0.0692,-0.0328,-0.0301,0.45,-1.00,9.74,-25.25,9.06,-24.31,9.80,0,1.70,-0.0123,0.0280,-0.233,0.332,0.049,-0.366,1.889,-3.164,3.703,0
5.75,8.25,4.31,0.9954,-0.0737,-0.0477,-0.0375,0.34,-1.12,9.26,10.00,-35.12,-4.44,9.33,0,1.70,-0.0179,0.0301,-0.646,0.284,-0.395,-0.379,1.886,-3.181,3.718,0
9.12,8.31,3.12,0.9935,-0.0737,-0.0828,-0.0259,1.79,-1.51,9.59,1.12,-59.06,5.25,9.87,0,1.70,-0.0321,0.0301,0.139,-0.117,0.025,-0.358,1.884,-3.184,3.717,0
11.50,7.50,1.94,0.9930,-0.0636,-0.0983,-0.0178,2.77,-1.42,9.17,34.44,19.31,-11.06,9.68,0,1.70,-0.0386,0.0260,0.834,-0.216,-0.368,-0.328,1.886,-3.197,3.726,0
phase1 acc_mag=9.632 gravity=9.748 motion=0.116 moving_avg=0.234 rms=0.335 mean_rms=0.342 max_rms=0.397 min_rms=0.298 std=0.026 var=0.001 state=standing thr=0.395/0.595/1.095
9.25,5.00,3.81,0.9953,-0.0455,-0.0782,-0.0350,1.03,-0.77,9.70,6.75,14.88,-18.81,9.78,0,1.70,-0.0305,0.0192,-0.527,0.064,0.054,-0.323,1.898,-3.207,3.740,0
8.88,4.69,5.38,0.9950,-0.0445,-0.0759,-0.0471,1.22,-0.69,9.50,-5.69,-16.75,-5.00,9.60,0,1.70,-0.0294,0.0191,-0.303,0.108,-0.155,-0.326,1.906,-3.212,3.749,0
9.62,4.88,5.25,0.9946,-0.0458,-0.0816,-0.0457,1.64,-0.67,9.51,1.12,5.12,-0.19,9.67,0,1.70,-0.0316,0.0197,0.007,0.150,-0.125,-0.297,1.900,-3.212,3.744,0
9.38,5.06,5.25,0.9946,-0.0476,-0.0798,-0.0458,1.50,-0.85,9.46,-8.94,-6.06,2.06,9.62,0,1.70,-0.0309,0.0204,-0.099,0.007,-0.178,-0.302,1.912,-3.228,3.763,0
phase1 acc_mag=10.068 gravity=9.759 motion=0.309 moving_avg=0.236 rms=0.334 mean_rms=0.347 max_rms=0.397 min_rms=0.306 std=0.020 var=0.000 state=standing thr=0.388/0.588/1.088
9.94,5.62,5.00,0.9941,-0.0523,-0.0846,-0.0435,1.99,-1.11,9.35,4.88,-7.44,-6.31,9.62,0,1.70,-0.0327,0.0223,0.296,-0.162,-0.262,-0.295,1.903,-3.230,3.760,0
9.75,0.62,4.12,0.9960,-0.0045,-0.0815,-0.0375,1.35,1.05,8.60,44.75,40.06,-19.88,8.77,0,1.70,-0.0324,0.0030,-0.246,1.078,-1.076,-0.205,1.968,-3.276,3.827,0
9.44,-0.12,5.94,0.9952,-0.0030,-0.0826,-0.0516,1.75,-0.10,9.47,-1.69,-3.25,-16.50,9.63,0,1.70,-0.0328,0.0029,0.134,-0.125,-0.203,-0.182,1.963,-3.280,3.827,0
10.44,-0.44,4.38,0.9951,-0.0005,-0.0917,-0.0375,2.22,-0.07,9.77,-8.44,-5.56,10.81,10.02,0,1.70,-0.0365,0.0016,0.429,-0.127,0.129,-0.135,1.998,-3.302,3.862,0
phase1 acc_mag=9.742 gravity=9.745 motion=0.003 moving_avg=0.247 rms=0.388 mean_rms=0.352 max_rms=0.397 min_rms=0.323 std=0.023 var=0.001 state=standing thr=0.398/0.598/1.098
10.38,-0.38,4.12,0.9952,0.0004,-0.0910,-0.0364,1.57,0.55,9.34,3.56,21.62,-12.62,9.49,0,1.70,-0.0362,0.0012,-0.206,0.478,-0.304,-0.119,2.005,-3.310,3.872,0
8.25,0.75,4.12,0.9967,-0.0094,-0.0720,-0.0363,1.04,-0.67,9.74,-28.50,41.62,0.56,9.82,0,1.70,-0.0286,0.0048,-0.373,-0.538,0.037,-0.104,2.014,-3.321,3.886,0
8.00,1.12,3.19,0.9971,-0.0121,-0.0696,-0.0281,2.08,0.16,8.62,7.44,-10.81,11.12,8.87,0,1.70,-0.0276,0.0056,0.711,0.359,-1.089,-0.109,2.003,-3.335,3.892,0
phase1 acc_mag=9.453 gravity=9.742 motion=0.289 moving_avg=0.243 rms=0.384 mean_rms=0.354 max_rms=0.395 min_rms=0.323 std=0.023 var=0.001 state=standing thr=0.400/0.600/1.100
7.88,1.75,4.31,0.9968,-0.0178,-0.0685,-0.0381,1.68,0.22,9.30,7.56,-0.44,8.31,9.45,0,1.70,-0.0270,0.0081,0.328,0.517,-0.408,-0.081,2.010,-3.338,3.897,0
7.88,1.62,4.88,0.9966,-0.0172,-0.0678,-0.0438,0.99,-0.35,9.78,1.62,7.56,-11.75,9.84,0,1.70,-0.0267,0.0080,-0.350,-0.073,0.069,-0.059,2.017,-3.351,3.912,0
6.12,1.06,5.62,0.9973,-0.0120,-0.0534,-0.0492,0.42,-0.32,9.74,9.81,62.50,-38.12,9.75,0,1.70,-0.0211,0.0058,-0.636,-0.136,-0.008,-0.019,2.017,-3.353,3.913,0
3.81,0.00,6.69,0.9977,-0.0023,-0.0332,-0.0585,3.27,0.52,9.48,9.69,26.88,-10.88,10.04,0,1.70,-0.0132,0.0017,2.618,0.527,-0.305,-0.001,2.016,-3.362,3.921,0
phase1 acc_mag=9.440 gravity=9.737 motion=0.297 moving_avg=0.270 rms=0.419 mean_rms=0.365 max_rms=0.419 min_rms=0.323 std=0.027 var=0.001 state=standing thr=0.420/0.620/1.120
1.38,0.00,8.69,0.9971,-0.0004,-0.0126,-0.0754,0.29,0.06,9.84,4.81,-4.25,7.19,9.84,0,1.70,-0.0050,0.0005,0.044,0.049,0.036,-0.013,2.022,-3.374,3.933,0
0.25,-0.38,10.44,0.9958,0.0033,-0.0026,-0.0912,-1.00,-0.69,9.86,-2.75,47.25,-60.50,9.93,0,1.70,-0.0011,-0.0012,-1.044,-0.759,0.053,0.015,2.026,-3.380,3.940,0
-0.31,0.06,10.81,0.9955,-0.0007,0.0032,-0.0941,-0.07,-0.06,9.42,-0.44,0.31,4.25,9.42,0,1.70,0.0013,0.0002,-0.009,-0.040,-0.386,0.009,2.023,-3.382,3.941,0
-3.06,-0.50,12.44,0.9937,0.0076,0.0264,-0.1088,-0.66,0.14,9.49,10.00,66.88,-43.38,9.51,0,1.70,0.0102,-0.0042,-0.130,0.049,-0.302,0.026,2.026,-3.396,3.955,0
phase1 acc_mag=9.853 gravity=9.755 motion=0.098 moving_avg=0.290 rms=0.441 mean_rms=0.383 max_rms=0.443 min_rms=0.323 std=0.034 var=0.001 state=standing thr=0.451/0.651/1.151
-4.75,-0.88,14.06,0.9916,0.0128,0.0403,-0.1223,-0.58,0.02,9.50,-10.75,-43.88,23.19,9.52,0,1.70,0.0154,-0.0070,0.235,-0.131,-0.271,0.018,2.029,-3.399,3.959,0
-3.62,-0.69,13.31,0.9927,0.0100,0.0308,-0.1165,-0.46,-0.16,9.84,3.69,-2.62,-4.12,9.85,0,1.70,0.0117,-0.0054,0.162,-0.285,0.054,0.033,2.026,-3.402,3.960,0
-3.69,-0.88,13.81,0.9922,0.0116,0.0311,-0.1204,-0.13,0.42,9.72,4.25,-3.12,-13.06,9.73,0,1.70,0.0118,-0.0061,0.502,0.268,-0.065,0.042,2.020,-3.399,3.955,0
phase1 acc_mag=9.950 gravity=9.770 motion=0.180 moving_avg=0.280 rms=0.437 mean_rms=0.406 max_rms=0.443 min_rms=0.323 std=0.028 var=0.001 state=standing thr=0.461/0.661/1.161
-2.62,-0.44,13.56,0.9927,0.0070,0.0226,-0.1182,-0.40,-0.18,9.94,-7.94,-21.19,3.38,9.95,0,1.70,0.0087,-0.0039,0.057,-0.264,0.144,0.049,2.019,-3.398,3.953,0
0.88,0.94,12.31,0.9941,-0.0090,-0.0070,-0.1075,-0.12,-0.47,9.79,-56.88,-100.19,40.56,9.80,0,1.70,-0.0024,0.0039,-0.276,-0.309,-0.014,0.021,2.045,-3.420,3.985,0
3.75,1.88,11.00,0.9947,-0.0196,-0.0312,-0.0962,0.79,-1.22,10.19,-28.31,-9.94,-6.06,10.29,0,1.70,-0.0117,0.0090,0.143,-0.897,0.410,0.068,2.042,-3.414,3.979,0
4.69,1.56,11.12,0.9943,-0.0170,-0.0406,-0.0966,0.92,-0.47,9.69,11.81,-11.44,2.62,9.74,0,1.70,-0.0155,0.0083,0.095,-0.215,-0.078,0.071,2.030,-3.424,3.981,0
phase1 acc_mag=9.440 gravity=9.744 motion=0.304 moving_avg=0.244 rms=0.344 mean_rms=0.401 max_rms=0.443 min_rms=0.339 std=0.034 var=0.001 state=standing thr=0.468/0.668/1.168
4.69,0.81,10.88,0.9946,-0.0110,-0.0401,-0.0949,-0.29,-2.14,10.07,26.06,28.19,11.06,10.30,0,1.70,-0.0155,0.0059,-1.093,-2.000,0.297,0.100,2.026,-3.419,3.975,0
4.12,-0.12,10.69,0.9949,-0.0016,-0.0378,-0.0933,0.75,-0.56,9.87,3.94,-14.69,-0.69,9.91,0,1.70,-0.0150,0.0021,0.010,-0.597,0.091,0.098,2.015,-3.425,3.975,0
5.06,-0.25,10.56,0.9947,-0.0021,-0.0448,-0.0923,1.19,0.46,9.59,-1.75,-5.81,-1.38,9.67,0,1.70,-0.0177,0.0025,0.312,0.421,-0.177,0.123,2.033,-3.429,3.989,0
7.62,1.00,10.19,0.9938,-0.0151,-0.0659,-0.0887,1.43,-0.59,9.38,-13.50,-110.94,36.31,9.51,0,1.70,-0.0257,0.0083,0.119,-0.411,-0.337,0.092,2.034,-3.438,3.996,0
phase1 acc_mag=9.705 gravity=9.763 motion=0.057 moving_avg=0.254 rms=0.364 mean_rms=0.400 max_rms=0.443 min_rms=0.339 std=0.034 var=0.001 state=standing thr=0.469/0.669/1.169
10.19,1.69,8.19,0.9933,-0.0210,-0.0876,-0.0715,1.86,-0.56,9.58,3.06,4.38,4.06,9.77,0,1.70,-0.0342,0.0108,0.123,-0.274,-0.067,0.108,2.027,-3.441,3.995,0
10.06,1.75,8.19,0.9935,-0.0216,-0.0859,-0.0715,2.09,-0.09,9.55,0.00,1.81,0.06,9.78,0,1.70,-0.0335,0.0110,0.385,0.211,-0.102,0.115,2.035,-3.445,4.003,0
9.31,1.69,8.25,0.9940,-0.0204,-0.0800,-0.0719,1.60,-0.15,9.34,11.06,17.25,-6.12,9.48,0,1.70,-0.0312,0.0104,0.011,0.136,-0.332,0.122,2.025,-3.455,4.007,0
9.19,1.56,8.25,0.9941,-0.0196,-0.0793,-0.0718,2.02,-0.12,9.54,-6.62,-5.00,5.62,9.75,0,1.70,-0.0310,0.0101,0.447,0.150,-0.136,0.137,2.034,-3.464,4.019,0
phase1 acc_mag=9.754 gravity=9.763 motion=0.010 moving_avg=0.218 rms=0.317 mean_rms=0.390 max_rms=0.443 min_rms=0.317 std=0.041 var=0.002 state=standing thr=0.472/0.672/1.172
8.56,2.56,7.56,0.9948,-0.0272,-0.0734,-0.0662,2.43,-1.45,9.38,-2.88,32.31,7.12,9.80,0,1.70,-0.0285,0.0128,0.963,-1.014,-0.307,0.167,2.018,-3.462,4.011,0
5.38,1.38,8.38,0.9962,-0.0147,-0.0436,-0.0744,0.25,0.07,9.94,6.81,27.25,-15.38,9.94,0,1.70,-0.0170,0.0072,-0.624,0.294,0.175,0.157,2.025,-3.469,4.020,0
5.06,1.50,8.25,0.9963,-0.0166,-0.0436,-0.0721,1.07,-0.31,9.57,-6.88,-9.75,8.94,9.63,0,1.70,-0.0169,0.0079,0.195,-0.047,-0.193,0.161,2.024,-3.483,4.032,0
phase1 acc_mag=9.819 gravity=9.765 motion=0.053 moving_avg=0.203 rms=0.292 mean_rms=0.364 max_rms=0.443 min_rms=0.289 std=0.047 var=0.002 state=standing thr=0.458/0.658/1.158
6.44,2.56,7.25,0.9962,-0.0259,-0.0547,-0.0635,1.41,-0.57,9.70,-7.25,-11.50,10.12,9.82,0,1.70,-0.0211,0.0117,0.309,-0.132,-0.035,0.170,2.015,-3.487,4.031,0
6.88,2.94,6.88,0.9960,-0.0295,-0.0583,-0.0602,1.33,-0.52,9.59,-3.69,-5.00,4.00,9.70,0,1.70,-0.0225,0.0131,0.156,-0.013,-0.133,0.181,2.011,-3.494,4.035,0
7.12,3.25,6.75,0.9959,-0.0327,-0.0609,-0.0583,1.48,-0.49,9.63,-8.50,-7.06,4.00,9.76,0,1.70,-0.0235,0.0145,0.253,0.079,-0.083,0.186,2.016,-3.501,4.044,0
7.00,3.62,6.44,0.9960,-0.0351,-0.0595,-0.0562,1.12,-0.58,9.55,-2.56,0.44,2.56,9.63,0,1.70,-0.0229,0.0153,-0.081,0.040,-0.163,0.182,2.015,-3.510,4.052,0
phase1 acc_mag=9.715 gravity=9.742 motion=0.027 moving_avg=0.190 rms=0.284 mean_rms=0.335 max_rms=0.441 min_rms=0.283 std=0.037 var=0.001 state=standing thr=0.409/0.609/1.109
7.12,3.62,6.38,0.9959,-0.0351,-0.0612,-0.0562,1.41,-0.72,9.62,1.38,-4.44,-3.38,9.75,0,1.70,-0.0236,0.0154,0.176,-0.102,-0.089,0.184,2.012,-3.515,4.054,0
7.50,3.50,6.50,0.9958,-0.0342,-0.0637,-0.0569,1.59,-0.55,9.57,0.31,-3.94,-0.62,9.72,0,1.70,-0.0246,0.0151,0.308,0.048,-0.135,0.195,2.014,-3.524,4.063,0
7.62,3.62,6.44,0.9957,-0.0358,-0.0649,-0.0559,1.33,-0.68,9.58,-3.50,0.00,2.12,9.70,0,1.70,-0.0251,0.0157,0.023,-0.053,-0.119,0.204,2.013,-3.528,4.067,0
7.62,3.75,6.44,0.9956,-0.0365,-0.0649,-0.0566,1.37,-0.74,9.51,0.75,1.19,-1.62,9.64,0,1.70,-0.0250,0.0160,0.061,-0.099,-0.188,0.213,2.008,-3.532,4.069,0
phase1 acc_mag=9.640 gravity=9.740 motion=0.100 moving_avg=0.144 rms=0.231 mean_rms=0.312 max_rms=0.375 min_rms=0.231 std=0.046 var=0.002 state=standing thr=0.403/0.603/1.103
7.75,3.75,6.44,0.9955,-0.0366,-0.0657,-0.0565,1.59,-0.64,9.74,-2.62,0.06,0.38,9.89,0,1.70,-0.0254,0.0160,0.266,0.001,0.045,0.223,2.011,-3.535,4.073,0
7.50,4.06,6.38,0.9957,-0.0398,-0.0632,-0.0555,1.31,-0.62,9.49,-7.50,4.31,3.50,9.60,0,1.70,-0.0243,0.0173,0.032,0.088,-0.207,0.231,2.013,-3.542,4.081,0
7.25,4.56,6.25,0.9957,-0.0435,-0.0613,-0.0547,1.51,-0.72,9.62,-4.25,3.19,0.62,9.76,0,1.70,-0.0235,0.0186,0.267,0.063,-0.076,0.238,2.009,-3.548,4.084,0
phase1 acc_mag=9.666 gravity=9.717 motion=0.051 moving_avg=0.110 rms=0.166 mean_rms=0.270 max_rms=0.370 min_rms=0.166 std=0.061 var=0.004 state=standing thr=0.392/0.592/1.092
7.06,5.00,6.12,0.9957,-0.0471,-0.0593,-0.0537,1.31,-0.72,9.55,-5.81,1.38,2.94,9.67,0,1.70,-0.0226,0.0200,0.103,0.138,-0.144,0.237,2.008,-3.558,4.093,0
6.81,5.62,5.94,0.9957,-0.0519,-0.0570,-0.0519,0.98,-1.00,9.28,-5.12,2.06,3.19,9.39,0,1.70,-0.0216,0.0218,-0.186,-0.045,-0.410,0.236,2.007,-3.567,4.100,0
6.81,5.88,6.00,0.9955,-0.0555,-0.0560,-0.0530,2.15,-1.01,10.11,-14.06,9.69,-5.06,10.39,0,1.70,-0.0211,0.0233,0.999,0.016,0.425,0.260,2.017,-3.564,4.104,0
6.25,6.69,5.75,0.9955,-0.0608,-0.0521,-0.0503,0.78,-1.25,9.39,-8.38,-2.31,2.69,9.50,0,1.70,-0.0195,0.0253,-0.297,-0.114,-0.291,0.235,2.014,-3.591,4.124,0
phase1 acc_mag=10.103 gravity=9.707 motion=0.396 moving_avg=0.129 rms=0.197 mean_rms=0.236 max_rms=0.327 min_rms=0.147 std=0.058 var=0.003 state=standing thr=0.353/0.553/1.053
6.38,6.81,5.81,0.9954,-0.0621,-0.0524,-0.0507,1.34,-0.84,9.46,-0.94,3.12,0.25,9.59,0,1.70,-0.0196,0.0258,0.255,0.321,-0.217,0.248,2.013,-3.592,4.126,0
6.31,7.31,5.62,0.9952,-0.0662,-0.0520,-0.0491,1.27,-1.09,9.43,-6.38,-0.44,3.12,9.58,0,1.70,-0.0194,0.0274,0.191,0.153,-0.238,0.252,2.014,-3.604,4.136,0
6.50,7.88,5.31,0.9949,-0.0713,-0.0537,-0.0466,0.80,-1.52,9.47,-3.75,-6.00,7.62,9.62,0,1.70,-0.0200,0.0294,-0.313,-0.178,-0.181,0.244,2.007,-3.615,4.142,0
phase1 acc_mag=9.706 gravity=9.688 motion=0.019 moving_avg=0.107 rms=0.166 mean_rms=0.209 max_rms=0.289 min_rms=0.147 std=0.049 var=0.002 state=standing thr=0.307/0.507/1.007
7.31,7.75,5.50,0.9944,-0.0700,-0.0622,-0.0491,1.29,-1.24,9.54,6.81,-16.50,-10.69,9.71,0,1.70,-0.0234,0.0291,0.010,0.066,-0.094,0.236,1.998,-3.622,4.144,0
8.81,8.06,5.81,0.9927,-0.0812,-0.0743,-0.0479,3.20,1.03,9.14,-83.25,-18.88,39.00,9.74,0,1.70,-0.0280,0.0337,1.676,2.541,-0.428,0.259,2.109,-3.649,4.222,0
8.06,16.56,5.25,0.9854,-0.1526,-0.0616,-0.0446,1.70,-5.32,9.80,-102.00,27.25,21.62,11.28,0,1.70,-0.0216,0.0612,0.375,-2.425,0.525,0.285,2.040,-3.640,4.182,0
4.00,9.75,3.75,0.9952,-0.0860,-0.0322,-0.0330,-5.40,-2.78,29.29,331.31,116.50,-47.75,29.91,2,0.20,-0.0117,0.0347,-6.085,-1.122,19.649,0.174,2.007,-3.652,4.171,0
phase1 acc_mag=10.486 gravity=9.921 motion=0.565 moving_avg=0.512 rms=2.180 mean_rms=0.268 max_rms=2.180 min_rms=0.147 std=0.347 var=0.120 state=running thr=0.961/1.161/1.661
4.12,7.94,4.12,0.9963,-0.0709,-0.0337,-0.0360,3.32,-0.16,10.51,12.94,-28.62,-61.94,11.02,0,1.70,-0.0124,0.0287,2.612,1.201,0.824,0.204,2.068,-3.654,4.204,0
-6.00,3.31,3.75,0.9966,-0.0311,0.0663,-0.0370,-11.59,-1.20,7.91,-45.44,148.12,-49.94,14.08,0,1.70,0.0269,0.0114,-10.317,-0.543,-1.792,0.176,2.122,-3.739,4.303,0
-0.25,0.00,2.44,0.9997,0.0060,-0.0180,-0.0154,0.32,2.64,8.87,111.50,-232.38,109.88,9.26,0,1.70,-0.0072,-0.0023,-0.031,2.516,-0.929,0.004,2.096,-3.787,4.328,0
9.19,0.56,0.69,0.9967,-0.0056,-0.0805,-0.0065,4.17,-2.11,9.40,-37.06,11.94,-74.38,10.50,0,1.70,-0.0321,0.0024,2.596,-2.010,-0.279,0.249,2.063,-3.794,4.326,0
phase1 acc_mag=9.531 gravity=10.625 motion=1.094 moving_avg=1.188 rms=3.726 mean_rms=0.901 max_rms=3.726 min_rms=0.147 std=1.329 var=1.766 state=slow thr=3.559/3.759/4.259
4.44,-3.00,1.94,0.9988,0.0256,-0.0392,-0.0172,-1.70,2.86,10.22,71.44,68.19,-30.50,10.75,0,1.70,-0.0158,-0.0100,-2.459,2.345,0.456,0.232,2.060,-3.788,4.318,0
5.19,-1.94,2.12,0.9984,0.0120,-0.0529,-0.0176,0.98,-1.06,9.51,-58.62,-72.50,11.69,9.62,0,1.70,-0.0212,-0.0044,-0.052,-1.313,-0.239,0.178,2.070,-3.792,4.324,0
10.62,-1.31,358.50,0.9955,0.0129,-0.0930,0.0126,0.98,3.82,15.05,44.94,1.94,5.75,15.56,0,1.70,-0.0369,-0.0056,-0.838,3.592,5.417,0.235,2.057,-3.755,4.288,0
9.62,1.12,1.31,0.9963,-0.0109,-0.0840,-0.0115,5.15,-8.19,10.92,-171.88,-119.12,41.00,14.59,0,1.70,-0.0334,0.0047,3.506,-7.997,1.254,0.200,2.039,-3.907,4.412,0
phase1 acc_mag=14.088 gravity=10.705 motion=3.383 moving_avg=1.579 rms=3.907 mean_rms=1.621 max_rms=3.907 min_rms=0.147 std=1.672 var=2.795 state=standing thr=4.965/5.165/5.665
11.44,-2.19,358.44,0.9951,0.0380,-0.0906,0.0131,3.24,2.17,8.97,210.00,102.75,-23.25,9.78,0,1.70,-0.0359,-0.0156,1.461,1.451,-0.647,0.317,1.948,-3.916,4.386,0
1.31,-9.69,359.38,0.9963,0.0848,-0.0114,0.0049,-2.50,-1.77,11.29,54.19,163.75,-83.12,11.70,0,1.70,-0.0044,-0.0338,-2.730,-3.426,1.627,0.215,2.007,-4.112,4.581,0
-1.06,-16.38,359.12,0.9897,0.1426,0.0107,0.0071,-1.94,3.99,8.65,-28.81,11.50,-36.75,9.72,0,1.70,0.0046,-0.0564,-1.752,1.220,-0.755,0.185,2.118,-4.133,4.648,0
phase1 acc_mag=8.621 gravity=10.621 motion=2.000 moving_avg=1.875 rms=4.048 mean_rms=2.425 max_rms=4.048 min_rms=0.166 std=1.701 var=2.894 state=standing thr=5.828/6.028/6.528
3.44,-13.94,1.75,0.9918,0.1185,-0.0444,-0.0159,0.92,0.74,8.54,-24.06,-143.69,11.31,8.62,0,1.70,-0.0184,-0.0467,0.094,-1.578,-0.952,0.143,2.044,-4.177,4.652,0
9.06,-15.12,1.31,0.9882,0.1332,-0.0735,-0.0150,1.99,1.34,8.31,36.56,87.62,-55.69,8.65,0,1.70,-0.0299,-0.0522,0.604,-1.263,-1.042,0.295,2.060,-4.244,4.727,0
2.88,-18.00,2.25,0.9874,0.1549,-0.0267,-0.0212,-1.30,3.44,10.00,3.25,57.31,-28.25,10.65,0,1.70,-0.0119,-0.0610,-1.753,0.429,0.677,0.249,2.104,-4.161,4.669,0
11.44,-16.12,0.50,0.9852,0.1380,-0.1013,-0.0046,5.38,1.58,8.39,42.50,-139.81,79.06,10.09,0,1.70,-0.0402,-0.0542,3.435,-1.096,-0.842,0.277,1.993,-4.174,4.634,0
phase1 acc_mag=10.229 gravity=10.738 motion=0.508 moving_avg=2.089 rms=4.107 mean_rms=3.168 max_rms=4.107 min_rms=0.166 std=1.380 var=1.903 state=standing thr=5.927/6.127/6.627
7.62,-21.25,358.38,0.9807,0.1842,-0.0651,0.0139,1.85,3.75,12.35,82.44,201.69,-43.62,13.04,0,1.70,-0.0245,-0.0726,0.547,0.225,3.292,0.387,2.022,-4.218,4.694,0
2.69,-23.25,0.00,0.9791,0.2018,-0.0240,0.0000,1.73,3.45,11.06,-31.00,-53.31,78.25,11.71,0,1.70,-0.0094,-0.0790,1.268,-0.425,2.063,0.225,2.070,-4.154,4.646,0
3.31,-23.75,1.69,0.9780,0.2055,-0.0329,-0.0146,-0.59,4.27,8.80,9.75,-19.94,14.00,9.80,0,1.70,-0.0141,-0.0802,-1.162,0.319,-0.157,0.272,2.035,-4.180,4.657,0
3.94,-24.44,1.06,0.9764,0.2131,-0.0341,-0.0107,1.30,4.10,8.05,29.31,28.31,-25.69,9.13,0,1.70,-0.0142,-0.0831,0.691,0.012,-0.843,0.334,2.030,-4.190,4.668,0
phase1 acc_mag=9.967 gravity=10.638 motion=0.671 moving_avg=1.901 rms=3.532 mean_rms=3.860 max_rms=4.132 min_rms=2.181 std=0.372 var=0.139 state=standing thr=4.604/4.804/5.304
2.62,-25.19,1.94,0.9755,0.2180,-0.0272,-0.0166,0.89,4.10,8.74,-5.81,-10.69,11.06,9.69,0,1.70,-0.0121,-0.0849,0.440,-0.079,-0.121,0.334,2.039,-4.188,4.670,0
2.88,-24.94,1.81,0.9759,0.2158,-0.0294,-0.0159,0.78,3.92,9.06,-2.81,7.12,-1.81,9.90,0,1.70,-0.0129,-0.0840,0.284,-0.219,0.183,0.355,2.033,-4.185,4.667,0
2.88,-24.88,1.81,0.9760,0.2151,-0.0292,-0.0150,1.24,3.42,8.88,-1.62,-2.44,10.06,9.60,0,1.70,-0.0127,-0.0838,0.745,-0.707,-0.002,0.377,2.013,-4.179,4.654,0
phase1 acc_mag=9.695 gravity=9.956 motion=0.261 moving_avg=1.269 rms=1.836 mean_rms=3.598 max_rms=4.132 min_rms=1.836 std=0.798 var=0.637 state=standing thr=5.194/5.394/5.894
2.56,-25.44,1.69,0.9751,0.2197,-0.0263,-0.0145,0.92,3.78,8.88,9.88,4.94,2.12,9.69,0,1.70,-0.0115,-0.0855,0.480,-0.430,0.034,0.395,2.000,-4.170,4.642,0
2.25,-26.50,1.50,0.9730,0.2291,-0.0236,-0.0132,-0.03,4.73,9.05,15.75,8.75,30.00,10.21,0,1.70,-0.0104,-0.0891,-0.422,0.351,0.284,0.384,2.013,-4.161,4.638,0
2.50,-27.00,0.88,0.9721,0.2332,-0.0245,-0.0077,0.53,4.44,8.30,9.75,4.75,-11.25,9.43,0,1.70,-0.0103,-0.0906,0.097,-0.010,-0.429,0.403,1.998,-4.179,4.649,0
3.19,-27.00,0.94,0.9719,0.2331,-0.0336,-0.0062,0.93,3.49,8.82,-0.50,-22.56,30.25,9.53,0,1.70,-0.0136,-0.0905,0.318,-0.957,0.101,0.404,1.990,-4.169,4.637,0
phase1 acc_mag=9.125 gravity=9.883 motion=0.758 moving_avg=0.947 rms=1.425 mean_rms=3.208 max_rms=4.132 min_rms=1.425 std=1.072 var=1.149 state=standing thr=5.351/5.551/6.051
6.88,-27.56,358.44,0.9694,0.2378,-0.0589,0.0131,2.38,4.00,8.84,12.94,-34.12,43.88,9.99,0,1.70,-0.0216,-0.0925,1.199,-0.506,0.211,0.432,1.980,-4.188,4.652,0
8.69,-29.19,354.19,0.9639,0.2535,-0.0660,0.0489,3.35,5.40,7.04,26.25,44.19,58.88,9.48,0,1.70,-0.0205,-0.0990,1.860,0.671,-1.421,0.496,1.984,-4.217,4.687,0
4.25,-31.00,353.06,0.9602,0.2725,-0.0182,0.0589,0.67,5.02,6.03,56.38,69.56,-36.62,7.87,0,1.70,-0.0006,-0.1051,0.013,-0.090,-2.314,0.481,1.937,-4.235,4.682,0
2.75,-33.31,352.00,0.9554,0.2878,-0.0055,0.0666,1.17,4.77,8.50,22.19,-8.25,9.44,9.82,0,1.70,0.0056,-0.1101,0.691,-0.615,0.318,0.441,1.923,-4.181,4.623,0
phase1 acc_mag=9.313 gravity=9.979 motion=0.667 moving_avg=0.763 rms=1.054 mean_rms=2.642 max_rms=4.132 min_rms=1.054 std=1.241 var=1.540 state=standing thr=5.124/5.324/5.824
3.44,-34.50,351.69,0.9520,0.2979,-0.0103,0.0688,0.40,5.06,7.85,33.38,22.44,-18.00,9.35,0,1.70,0.0043,-0.1137,-0.195,-0.489,-0.213,0.457,1.898,-4.185,4.617,0
2.81,-34.56,351.06,0.9517,0.2981,-0.0029,0.0741,0.58,3.61,7.85,-35.19,-1.56,12.38,8.66,0,1.70,0.0077,-0.1136,0.093,-1.950,-0.214,0.446,1.897,-4.138,4.574,0
3.25,-34.69,351.38,0.9509,0.3010,-0.0087,0.0715,1.42,5.34,8.05,17.50,-15.44,3.75,9.76,0,1.70,0.0053,-0.1147,0.836,-0.262,0.023,0.475,1.854,-4.166,4.585,0
phase1 acc_mag=9.453 gravity=9.878 motion=0.424 moving_avg=0.662 rms=0.871 mean_rms=1.986 max_rms=4.132 min_rms=0.871 std=1.127 var=1.271 state=standing thr=4.240/4.440/4.940
4.75,-37.12,351.38,0.9445,0.3203,-0.0204,0.0709,0.57,5.70,7.52,50.06,-20.00,13.50,9.45,0,1.70,0.0014,-0.1216,-0.253,-0.204,-0.267,0.474,1.812,-4.170,4.571,0
7.25,-39.06,351.44,0.9380,0.3367,-0.0438,0.0691,2.10,6.40,8.21,2.56,-31.38,3.06,10.62,0,1.70,-0.0071,-0.1276,0.839,0.264,0.665,0.487,1.834,-4.161,4.573,0
7.56,-38.88,352.56,0.9391,0.3345,-0.0486,0.0609,2.10,5.29,7.81,5.19,-16.94,12.69,9.66,0,1.70,-0.0101,-0.1268,0.805,-0.813,0.244,0.514,1.790,-4.141,4.540,0
6.94,-39.31,352.88,0.9384,0.3375,-0.0460,0.0587,1.40,5.85,7.78,-9.69,-20.69,13.56,9.83,0,1.70,-0.0093,-0.1278,0.166,-0.309,0.249,0.508,1.797,-4.133,4.535,0
phase1 acc_mag=9.903 gravity=9.790 motion=0.113 moving_avg=0.504 rms=0.699 mean_rms=1.367 max_rms=3.531 min_rms=0.699 std=0.607 var=0.368 state=standing thr=2.581/2.781/3.281
7.69,-38.88,353.06,0.9393,0.3346,-0.0515,0.0566,1.10,5.46,7.31,0.62,1.38,2.62,9.19,0,1.70,-0.0118,-0.1269,-0.220,-0.647,-0.249,0.524,1.781,-4.135,4.533,0
8.62,-39.38,352.50,0.9366,0.3401,-0.0577,0.0615,1.85,5.98,7.69,15.62,-1.31,8.06,9.92,0,1.70,-0.0133,-0.1289,0.379,-0.199,0.218,0.537,1.763,-4.125,4.518,0
8.00,-39.56,353.25,0.9373,0.3398,-0.0546,0.0551,1.44,5.60,7.89,-15.88,-7.81,-2.00,9.78,0,1.70,-0.0130,-0.1286,0.068,-0.588,0.407,0.525,1.768,-4.127,4.520,0
8.12,-39.50,353.81,0.9373,0.3398,-0.0576,0.0508,1.55,5.68,7.45,11.94,-3.50,6.38,9.50,0,1.70,-0.0147,-0.1286,0.152,-0.510,-0.026,0.550,1.735,-4.119,4.503,0
phase1 acc_mag=9.834 gravity=9.761 motion=0.073 moving_avg=0.489 rms=0.689 mean_rms=1.065 max_rms=1.836 min_rms=0.687 std=0.383 var=0.147 state=standing thr=1.832/2.032/2.532
8.75,-39.81,353.31,0.9362,0.3417,-0.0620,0.0544,1.81,6.55,7.63,3.12,3.12,-5.00,10.22,0,1.70,-0.0158,-0.1293,0.308,0.342,0.188,0.562,1.740,-4.118,4.505,0
8.81,-39.44,353.38,0.9373,0.3387,-0.0627,0.0541,1.63,5.98,7.44,-6.25,1.00,-2.12,9.68,0,1.70,-0.0162,-0.1284,0.118,-0.181,-0.039,0.556,1.729,-4.125,4.507,0
8.75,-39.69,353.50,0.9366,0.3406,-0.0622,0.0527,1.20,6.32,7.52,9.81,11.88,-8.00,9.90,0,1.70,-0.0161,-0.1289,-0.294,0.127,0.065,0.574,1.715,-4.125,4.504,0
phase1 acc_mag=9.849 gravity=9.750 motion=0.099 moving_avg=0.449 rms=0.669 mean_rms=0.856 max_rms=1.424 min_rms=0.669 std=0.201 var=0.040 state=standing thr=1.258/1.458/1.958
9.44,-39.44,353.38,0.9367,0.3393,-0.0677,0.0534,2.32,5.74,7.66,11.75,4.88,-6.75,9.85,0,1.70,-0.0181,-0.1286,0.721,-0.423,0.201,0.586,1.691,-4.128,4.500,0
