BNO055 detected! Chip ID: 0xA0
BNO055 initialized successfully!
roll,pitch,yaw,qw,qx,qy,qz,accx,accy,accz,gyrox,gyroy,gyroz,svm,state,z_v,lever_offx,lever_offy,steps,stride_m,velocity_mps,cadence_spm,cadence_sps,distance_m,step_flag
phase1 acc_mag=9.298 gravity=9.298 motion=0.000 moving_avg=0.000 rms=0.000 mean_rms=0.000 max_rms=0.000 min_rms=0.000 std=0.000 var=0.000 state=standing thr=0.080/0.350/0.850
0.00,0.00,0.00,0.0000,0.0000,0.0000,0.0000,-0.84,0.09,9.26,0.19,0.81,-1.38,9.30,0,1.70,0.0000,0.0000,0,0.000,0.000,0.00,0.00,0.000,0
-6.19,-0.69,0.50,0.9985,0.0067,0.0543,-0.0049,-1.19,0.02,9.46,1.00,2.50,-1.75,9.53,0,1.70,0.0217,-0.0028,0,0.000,0.000,0.00,0.00,0.000,0
-6.12,-0.75,0.44,0.9985,0.0072,0.0538,-0.0034,-1.03,0.16,9.32,1.88,-0.69,6.38,9.38,0,1.70,0.0215,-0.0029,0,0.000,0.000,0.00,0.00,0.000,0
-6.06,-0.81,0.38,0.9985,0.0074,0.0532,-0.0032,-0.97,0.20,9.10,-0.69,-2.50,1.06,9.15,0,1.70,0.0212,-0.0030,0,0.000,0.000,0.00,0.00,0.000,0
phase1 acc_mag=9.367 gravity=9.375 motion=0.007 moving_avg=0.085 rms=0.113 mean_rms=0.094 max_rms=0.121 min_rms=0.000 std=0.036 var=0.001 state=standing thr=0.165/0.365/0.865
-5.88,-0.81,0.19,0.9987,0.0075,0.0515,-0.0017,-0.82,0.16,9.33,0.38,-1.62,3.06,9.37,0,1.70,0.0205,-0.0030,0,0.000,0.000,0.00,0.00,0.000,0
-5.75,-1.00,359.75,0.9987,0.0086,0.0503,0.0017,-1.04,0.23,9.23,2.00,0.69,7.25,9.29,0,1.70,0.0201,-0.0034,0,0.000,0.000,0.00,0.00,0.000,0
-5.69,-1.06,359.56,0.9987,0.0098,0.0500,0.0037,-0.95,0.12,9.32,2.12,0.31,3.31,9.37,0,1.70,0.0200,-0.0038,0,0.000,0.000,0.00,0.00,0.000,0
-5.38,-1.19,359.25,0.9988,0.0103,0.0473,0.0064,-0.77,0.27,9.59,0.12,-3.19,0.81,9.62,0,1.70,0.0189,-0.0040,0,0.000,0.000,0.00,0.00,0.000,0
phase1 acc_mag=9.192 gravity=9.375 motion=0.183 moving_avg=0.091 rms=0.117 mean_rms=0.100 max_rms=0.121 min_rms=0.000 std=0.027 var=0.001 state=standing thr=0.154/0.354/0.854
-4.25,-1.75,358.38,0.9991,0.0152,0.0375,0.0140,-0.56,0.23,9.25,12.12,-45.81,44.88,9.27,0,1.70,0.0151,-0.0059,0,0.000,0.000,0.00,0.00,0.000,0
-0.94,-0.62,355.56,0.9992,0.0056,0.0085,0.0385,-0.33,0.26,9.12,2.56,-8.38,24.00,9.13,0,1.70,0.0035,-0.0021,0,0.000,0.000,0.00,0.00,0.000,0
-0.38,-0.94,354.12,0.9987,0.0082,0.0037,0.0507,0.34,0.12,9.18,5.06,-16.00,19.00,9.19,0,1.70,0.0017,-0.0032,0,0.000,0.000,0.00,0.00,0.000,0
-0.25,-1.12,353.62,0.9984,0.0098,0.0029,0.0555,-0.03,0.70,9.17,7.56,8.88,4.88,9.20,0,1.70,0.0014,-0.0039,0,0.000,0.000,0.00,0.00,0.000,0
phase1 acc_mag=9.506 gravity=9.352 motion=0.155 moving_avg=0.158 rms=0.262 mean_rms=0.150 max_rms=0.266 min_rms=0.000 std=0.077 var=0.006 state=standing thr=0.304/0.504/1.004
-0.44,-1.25,353.44,0.9983,0.0111,0.0048,0.0572,0.14,0.14,9.50,1.25,-1.19,5.75,9.50,0,1.70,0.0022,-0.0043,0,0.000,0.000,0.00,0.00,0.000,0
-0.75,-1.50,352.94,0.9980,0.0131,0.0073,0.0616,0.14,0.46,9.42,0.50,-1.75,6.50,9.43,0,1.70,0.0032,-0.0051,0,0.000,0.000,0.00,0.00,0.000,0
-1.12,-1.62,352.94,0.9979,0.0139,0.0107,0.0615,-0.10,0.22,9.09,1.31,3.00,2.75,9.09,0,1.70,0.0046,-0.0053,0,0.000,0.000,0.00,0.00,0.000,0
-1.88,-1.75,353.44,0.9981,0.0152,0.0186,0.0564,-0.56,0.76,9.20,6.69,11.50,-6.25,9.25,0,1.70,0.0078,-0.0056,0,0.000,0.000,0.00,0.00,0.000,0
phase1 acc_mag=9.306 gravity=9.347 motion=0.041 moving_avg=0.170 rms=0.276 mean_rms=0.177 max_rms=0.281 min_rms=0.000 std=0.083 var=0.007 state=standing thr=0.342/0.542/1.042
-2.38,-1.81,353.94,0.9983,0.0147,0.0219,0.0525,-0.44,0.35,9.49,-4.75,1.06,-7.31,9.51,0,1.70,0.0090,-0.0054,0,0.000,0.000,0.00,0.00,0.000,0
-2.25,-1.62,354.06,0.9984,0.0131,0.0198,0.0506,-0.21,0.31,9.40,-3.38,-7.50,-8.38,9.41,0,1.70,0.0082,-0.0048,0,0.000,0.000,0.00,0.00,0.000,0
-1.75,-1.56,354.25,0.9985,0.0131,0.0160,0.0501,-0.16,0.26,9.13,-0.12,-2.38,1.38,9.14,0,1.70,0.0066,-0.0049,0,0.000,0.000,0.00,0.00,0.000,0
-1.62,-1.62,353.94,0.9984,0.0137,0.0153,0.0526,-0.16,0.11,9.39,3.12,4.88,2.19,9.39,0,1.70,0.0064,-0.0051,0,0.000,0.000,0.00,0.00,0.000,0
phase1 acc_mag=9.340 gravity=9.335 motion=0.006 moving_avg=0.157 rms=0.256 mean_rms=0.203 max_rms=0.281 min_rms=0.095 std=0.075 var=0.006 state=standing thr=0.353/0.553/1.053
-2.00,-2.19,353.19,0.9979,0.0189,0.0191,0.0598,-0.37,0.64,9.48,7.62,5.62,10.62,9.51,0,1.70,0.0081,-0.0071,0,0.000,0.000,0.00,0.00,0.000,0
-2.06,-2.44,352.62,0.9976,0.0206,0.0197,0.0638,-0.06,0.44,9.52,6.50,9.44,5.81,9.53,0,1.70,0.0084,-0.0077,0,0.000,0.000,0.00,0.00,0.000,0
-2.50,-2.81,352.44,0.9973,0.0232,0.0238,0.0659,-0.51,0.42,9.25,0.00,-2.44,0.50,9.27,0,1.70,0.0101,-0.0086,0,0.000,0.000,0.00,0.00,0.000,0
-2.25,-2.62,352.44,0.9974,0.0214,0.0217,0.0657,-0.14,0.31,9.29,-2.31,1.00,1.19,9.30,0,1.70,0.0092,-0.0080,0,0.000,0.000,0.00,0.00,0.000,0
phase1 acc_mag=9.327 gravity=9.330 motion=0.003 moving_avg=0.165 rms=0.261 mean_rms=0.235 max_rms=0.281 min_rms=0.101 std=0.058 var=0.003 state=standing thr=0.351/0.551/1.051
-2.31,-2.44,352.50,0.9974,0.0201,0.0216,0.0653,-0.27,0.40,9.21,-4.19,1.38,-6.06,9.22,0,1.70,0.0091,-0.0074,0,0.000,0.000,0.00,0.00,0.000,0
-2.12,-2.19,352.62,0.9976,0.0179,0.0198,0.0639,-0.16,0.43,9.55,-2.38,-1.38,0.31,9.56,0,1.70,0.0083,-0.0066,0,0.000,0.000,0.00,0.00,0.000,0
-2.25,-2.25,352.62,0.9976,0.0185,0.0212,0.0643,-0.32,0.48,9.27,2.44,4.94,1.00,9.29,0,1.70,0.0090,-0.0068,0,0.000,0.000,0.00,0.00,0.000,0
-2.12,-2.25,352.31,0.9974,0.0188,0.0199,0.0668,-0.33,0.50,9.25,-0.75,-2.00,3.88,9.27,0,1.70,0.0084,-0.0070,0,0.000,0.000,0.00,0.00,0.000,0
phase1 acc_mag=9.234 gravity=9.334 motion=0.100 moving_avg=0.141 rms=0.201 mean_rms=0.258 max_rms=0.281 min_rms=0.201 std=0.014 var=0.000 state=standing thr=0.286/0.486/0.986
-2.06,-2.19,352.25,0.9974,0.0179,0.0195,0.0671,-0.28,0.24,9.31,1.31,3.38,3.31,9.32,0,1.70,0.0083,-0.0066,0,0.000,0.000,0.00,0.00,0.000,0
-2.00,-2.38,351.69,0.9970,0.0197,0.0190,0.0720,-0.20,0.64,9.34,4.75,-3.12,12.50,9.36,0,1.70,0.0081,-0.0073,0,0.000,0.000,0.00,0.00,0.000,0
-1.94,-2.50,351.81,0.9971,0.0206,0.0186,0.0707,-0.18,0.51,9.47,-0.94,0.44,-4.50,9.49,0,1.70,0.0080,-0.0077,0,0.000,0.000,0.00,0.00,0.000,0
-1.94,-2.38,352.25,0.9974,0.0197,0.0186,0.0671,-0.40,0.37,9.05,-5.31,-1.00,-10.31,9.07,0,1.70,0.0079,-0.0074,0,0.000,0.000,0.00,0.00,0.000,0
phase1 acc_mag=9.180 gravity=9.339 motion=0.158 moving_avg=0.126 rms=0.181 mean_rms=0.244 max_rms=0.281 min_rms=0.180 std=0.031 var=0.001 state=standing thr=0.306/0.506/1.006
-1.69,-1.94,352.62,0.9977,0.0159,0.0162,0.0641,-0.06,0.39,9.13,-0.50,-2.19,5.75,9.14,0,1.70,0.0069,-0.0059,0,0.000,0.000,0.00,0.00,0.000,0
-1.75,-2.00,352.38,0.9975,0.0165,0.0162,0.0669,-0.20,0.44,9.27,-2.69,-5.12,5.81,9.28,0,1.70,0.0069,-0.0061,0,0.000,0.000,0.00,0.00,0.000,0
-1.56,-1.94,352.19,0.9974,0.0161,0.0150,0.0678,-0.27,0.30,10.00,2.62,1.88,-2.44,10.01,0,1.70,0.0064,-0.0060,0,0.000,0.000,0.00,0.00,0.000,0
phase1 acc_mag=9.101 gravity=9.344 motion=0.243 moving_avg=0.154 rms=0.205 mean_rms=0.225 max_rms=0.265 min_rms=0.148 std=0.038 var=0.001 state=standing thr=0.301/0.501/1.001
-1.56,-2.12,352.12,0.9974,0.0179,0.0150,0.0679,-0.11,0.43,9.09,1.06,-0.62,-3.06,9.10,0,1.70,0.0065,-0.0067,0,0.000,0.000,0.00,0.00,0.000,0
-1.25,-2.19,351.81,0.9973,0.0183,0.0128,0.0710,-0.17,0.46,8.87,2.31,0.50,7.19,8.88,0,1.70,0.0056,-0.0069,0,0.000,0.000,0.00,0.00,0.000,0
-1.31,-2.19,351.50,0.9970,0.0184,0.0128,0.0739,-0.16,0.54,9.12,-3.38,-1.25,-0.50,9.14,0,1.70,0.0056,-0.0069,0,0.000,0.000,0.00,0.00,0.000,0
-1.38,-2.06,351.56,0.9971,0.0174,0.0137,0.0734,-0.27,0.40,9.37,1.12,3.62,-0.12,9.38,0,1.70,0.0060,-0.0065,0,0.000,0.000,0.00,0.00,0.000,0
phase1 acc_mag=9.206 gravity=9.321 motion=0.114 moving_avg=0.173 rms=0.223 mean_rms=0.218 max_rms=0.263 min_rms=0.148 std=0.034 var=0.001 state=standing thr=0.286/0.486/0.986
-1.38,-2.06,351.50,0.9970,0.0172,0.0134,0.0739,-0.11,0.37,9.62,-2.56,-2.56,-1.25,9.63,0,1.70,0.0059,-0.0064,0,0.000,0.000,0.00,0.00,0.000,0
-1.44,-2.19,351.38,0.9969,0.0182,0.0140,0.0748,-0.39,0.59,9.38,-0.31,2.75,-3.12,9.41,0,1.70,0.0061,-0.0068,0,0.000,0.000,0.00,0.00,0.000,0
-1.19,-1.81,352.00,0.9975,0.0141,0.0109,0.0682,-0.11,0.26,9.50,-11.81,-11.50,-16.44,9.50,0,1.70,0.0047,-0.0053,0,0.000,0.000,0.00,0.00,0.000,0
-0.31,-1.31,352.75,0.9979,0.0117,0.0035,0.0632,0.22,0.13,9.29,-0.81,-2.19,-4.25,9.29,0,1.70,0.0017,-0.0046,0,0.000,0.000,0.00,0.00,0.000,0
phase1 acc_mag=9.225 gravity=9.326 motion=0.101 moving_avg=0.172 rms=0.223 mean_rms=0.210 max_rms=0.263 min_rms=0.148 std=0.028 var=0.001 state=standing thr=0.266/0.466/0.966
-0.56,-1.56,352.56,0.9978,0.0137,0.0062,0.0647,-0.19,0.37,9.37,-0.06,3.88,-1.75,9.38,0,1.70,0.0028,-0.0053,0,0.000,0.000,0.00,0.00,0.000,0
-0.81,-1.62,352.50,0.9977,0.0141,0.0084,0.0649,-0.28,0.25,9.54,2.06,7.12,0.25,9.55,0,1.70,0.0037,-0.0054,0,0.000,0.000,0.00,0.00,0.000,0
-1.12,-1.88,352.38,0.9976,0.0159,0.0112,0.0664,-0.28,0.27,9.12,2.75,4.88,2.25,9.13,0,1.70,0.0049,-0.0061,0,0.000,0.000,0.00,0.00,0.000,0
phase1 acc_mag=9.130 gravity=9.321 motion=0.191 moving_avg=0.180 rms=0.229 mean_rms=0.208 max_rms=0.230 min_rms=0.148 std=0.022 var=0.000 state=standing thr=0.252/0.452/0.952
-1.12,-1.88,352.31,0.9976,0.0161,0.0114,0.0668,-0.21,0.38,9.12,1.06,2.50,-0.12,9.13,0,1.70,0.0050,-0.0061,0,0.000,0.000,0.00,0.00,0.000,0
-1.19,-1.88,352.38,0.9976,0.0156,0.0121,0.0662,-0.25,0.45,9.44,-0.88,1.38,-2.38,9.45,0,1.70,0.0052,-0.0059,0,0.000,0.000,0.00,0.00,0.000,0
-1.19,-1.81,352.50,0.9977,0.0151,0.0119,0.0652,-0.11,0.37,9.33,1.19,0.25,1.88,9.34,0,1.70,0.0051,-0.0057,0,0.000,0.000,0.00,0.00,0.000,0
-1.19,-1.81,352.56,0.9977,0.0153,0.0115,0.0648,0.00,0.31,9.33,1.06,-1.06,-0.25,9.34,0,1.70,0.0050,-0.0058,0,0.000,0.000,0.00,0.00,0.000,0
phase1 acc_mag=9.415 gravity=9.338 motion=0.077 moving_avg=0.169 rms=0.221 mean_rms=0.216 max_rms=0.230 min_rms=0.148 std=0.019 var=0.000 state=standing thr=0.255/0.455/0.955
-1.06,-1.81,352.69,0.9978,0.0157,0.0103,0.0633,-0.16,0.35,9.38,1.00,-3.69,-2.44,9.39,0,1.70,0.0045,-0.0060,0,0.000,0.000,0.00,0.00,0.000,0
-0.69,-1.94,352.75,0.9979,0.0168,0.0076,0.0629,-0.30,0.35,9.02,4.50,2.50,2.38,9.03,0,1.70,0.0035,-0.0065,0,0.000,0.000,0.00,0.00,0.000,0
-0.81,-2.12,352.62,0.9977,0.0181,0.0085,0.0638,-0.17,0.35,9.13,-1.00,-0.69,-1.75,9.14,0,1.70,0.0038,-0.0070,0,0.000,0.000,0.00,0.00,0.000,0
-1.00,-2.06,352.75,0.9979,0.0177,0.0099,0.0623,-0.23,0.52,9.12,-2.94,-2.12,-5.31,9.14,0,1.70,0.0044,-0.0068,0,0.000,0.000,0.00,0.00,0.000,0
phase1 acc_mag=9.446 gravity=9.300 motion=0.146 moving_avg=0.139 rms=0.174 mean_rms=0.219 max_rms=0.230 min_rms=0.174 std=0.013 var=0.000 state=standing thr=0.245/0.445/0.945
-0.88,-1.88,353.19,0.9980,0.0162,0.0089,0.0592,-0.09,0.41,9.56,-1.81,0.00,-3.50,9.57,0,1.70,0.0039,-0.0063,0,0.000,0.000,0.00,0.00,0.000,0
-0.94,-1.88,353.19,0.9980,0.0158,0.0095,0.0595,-0.06,0.28,9.33,0.50,-0.69,3.38,9.33,0,1.70,0.0042,-0.0061,0,0.000,0.000,0.00,0.00,0.000,0
-0.94,-1.88,352.94,0.9979,0.0161,0.0094,0.0616,0.00,0.33,9.29,1.31,0.56,4.44,9.30,0,1.70,0.0041,-0.0062,0,0.000,0.000,0.00,0.00,0.000,0
-0.88,-1.81,352.94,0.9979,0.0157,0.0090,0.0615,-0.20,0.34,9.33,0.38,1.75,1.00,9.34,0,1.70,0.0040,-0.0061,0,0.000,0.000,0.00,0.00,0.000,0
phase1 acc_mag=9.348 gravity=9.321 motion=0.027 moving_avg=0.118 rms=0.152 mean_rms=0.206 max_rms=0.230 min_rms=0.152 std=0.027 var=0.001 state=standing thr=0.260/0.460/0.960
-0.88,-1.88,352.88,0.9979,0.0159,0.0088,0.0621,-0.02,0.33,9.27,-0.81,-2.75,-0.25,9.28,0,1.70,0.0039,-0.0061,0,0.000,0.000,0.00,0.00,0.000,0
-0.81,-1.88,352.88,0.9979,0.0163,0.0083,0.0618,-0.11,0.32,9.34,1.44,0.19,-0.44,9.35,0,1.70,0.0037,-0.0063,0,0.000,0.000,0.00,0.00,0.000,0
-0.81,-2.00,352.88,0.9979,0.0170,0.0084,0.0618,-0.10,0.40,9.19,-1.50,-1.06,-2.00,9.20,0,1.70,0.0038,-0.0066,0,0.000,0.000,0.00,0.00,0.000,0
-0.94,-2.00,352.94,0.9979,0.0169,0.0095,0.0615,-0.16,0.36,8.87,-1.38,1.00,-0.50,8.88,0,1.70,0.0042,-0.0065,0,0.000,0.000,0.00,0.00,0.000,0
phase1 acc_mag=8.529 gravity=9.284 motion=0.755 moving_avg=0.144 rms=0.200 mean_rms=0.192 max_rms=0.230 min_rms=0.152 std=0.031 var=0.001 state=standing thr=0.254/0.454/0.954
-1.25,-1.88,352.81,0.9979,0.0159,0.0123,0.0624,-0.32,0.49,8.30,-6.31,4.81,0.50,8.32,0,1.70,0.0053,-0.0061,0,0.000,0.000,0.00,0.00,0.000,0
-0.44,-0.50,353.00,0.9981,0.0030,0.0028,0.0609,-0.12,0.33,12.01,-25.81,-22.00,-2.44,12.02,0,1.70,0.0012,-0.0011,0,0.000,0.000,0.00,0.00,0.000,0
0.12,-0.56,352.50,0.9978,0.0062,-0.0010,0.0659,0.33,0.03,10.11,9.44,1.62,7.19,10.12,0,1.70,-0.0002,-0.0025,0,0.000,0.000,0.00,0.00,0.000,0
0.25,-1.38,352.06,0.9976,0.0127,-0.0018,0.0687,0.00,0.49,9.33,4.06,-12.06,-0.12,9.34,0,1.70,-0.0004,-0.0051,0,0.000,0.000,0.00,0.00,0.000,0
phase1 acc_mag=8.917 gravity=9.424 motion=0.506 moving_avg=0.323 rms=0.595 mean_rms=0.246 max_rms=0.595 min_rms=0.152 std=0.141 var=0.020 state=slow thr=0.527/0.727/1.227
0.75,-1.75,352.06,0.9975,0.0161,-0.0060,0.0688,0.44,0.09,7.90,5.06,-8.06,1.00,7.91,0,1.70,-0.0019,-0.0066,0,0.000,0.000,0.00,0.00,0.000,0
0.94,-1.81,352.25,0.9976,0.0164,-0.0067,0.0672,-0.04,0.27,7.67,-3.44,5.00,-3.12,7.67,0,1.70,-0.0022,-0.0067,0,0.000,0.000,0.00,0.00,0.000,0
0.31,-1.38,352.50,0.9978,0.0126,-0.0023,0.0649,0.05,0.38,9.68,-4.69,8.12,-3.19,9.69,0,1.70,-0.0006,-0.0051,0,0.000,0.000,0.00,0.00,0.000,0
phase1 acc_mag=10.341 gravity=9.291 motion=1.050 moving_avg=0.523 rms=0.797 mean_rms=0.352 max_rms=0.797 min_rms=0.152 std=0.240 var=0.057 state=standing thr=0.831/1.031/1.531
0.25,-1.06,352.50,0.9978,0.0092,-0.0023,0.0652,0.28,0.38,10.33,-4.88,-1.19,2.75,10.34,0,1.70,-0.0007,-0.0037,0,0.000,0.000,0.00,0.00,0.000,0
0.31,-1.06,352.69,0.9979,0.0095,-0.0022,0.0637,0.14,0.40,10.90,7.19,4.88,-8.62,10.91,0,1.70,-0.0006,-0.0039,0,0.000,0.000,0.00,0.00,0.000,0
0.19,-1.88,352.56,0.9977,0.0175,-0.0012,0.0647,-0.15,0.42,8.61,9.44,-2.81,3.00,8.62,0,1.70,-0.0000,-0.0070,0,0.000,0.000,0.00,0.00,0.000,0
0.50,-2.06,352.56,0.9977,0.0186,-0.0033,0.0645,-0.16,0.15,7.56,-4.31,-2.38,-1.62,7.56,0,1.70,-0.0008,-0.0075,0,0.000,0.000,0.00,0.00,0.000,0
phase1 acc_mag=7.417 gravity=9.275 motion=1.857 moving_avg=0.728 rms=0.995 mean_rms=0.492 max_rms=0.995 min_rms=0.152 std=0.301 var=0.091 state=standing thr=1.094/1.294/1.794
0.38,-1.56,352.69,0.9979,0.0131,-0.0019,0.0631,-0.10,0.31,8.05,-13.56,7.75,-4.31,8.06,0,1.70,-0.0004,-0.0053,0,0.000,0.000,0.00,0.00,0.000,0
-0.25,-0.56,352.69,0.9980,0.0049,0.0029,0.0634,-0.08,0.38,10.50,-11.56,9.62,2.31,10.51,0,1.70,0.0013,-0.0019,0,0.000,0.000,0.00,0.00,0.000,0
-0.94,-0.38,351.94,0.9975,0.0030,0.0086,0.0701,0.22,0.10,11.80,5.62,19.31,10.62,11.80,0,1.70,0.0035,-0.0010,0,0.000,0.000,0.00,0.00,0.000,0
-3.38,-2.25,351.50,0.9966,0.0176,0.0311,0.0737,-0.51,0.44,9.25,16.94,14.88,-3.44,9.27,0,1.70,0.0129,-0.0061,0,0.000,0.000,0.00,0.00,0.000,0
phase1 acc_mag=9.035 gravity=9.459 motion=0.423 moving_avg=0.974 rms=1.195 mean_rms=0.689 max_rms=1.195 min_rms=0.152 std=0.324 var=0.105 state=standing thr=1.338/1.538/2.038
-3.06,-2.38,351.75,0.9968,0.0191,0.0285,0.0716,-0.71,0.52,7.74,0.31,-7.69,1.38,7.79,0,1.70,0.0119,-0.0068,0,0.000,0.000,0.00,0.00,0.000,0
-2.94,-2.19,351.69,0.9969,0.0163,0.0271,0.0720,-0.41,0.34,7.39,-10.31,-1.38,0.56,7.41,0,1.70,0.0113,-0.0057,0,0.000,0.000,0.00,0.00,0.000,0
-3.25,-1.00,351.94,0.9971,0.0071,0.0291,0.0700,-0.90,0.46,8.77,-18.12,6.44,-4.94,8.83,0,1.70,0.0118,-0.0020,0,0.000,0.000,0.00,0.00,0.000,0
-3.25,0.19,352.00,0.9971,-0.0056,0.0283,0.0696,-0.58,0.07,10.50,-21.69,-3.06,0.44,10.52,0,1.70,0.0111,0.0030,0,0.000,0.000,0.00,0.00,0.000,0
phase1 acc_mag=10.768 gravity=9.361 motion=1.407 moving_avg=1.160 rms=1.335 mean_rms=0.924 max_rms=1.335 min_rms=0.304 std=0.269 var=0.072 state=standing thr=1.461/1.661/2.161
-3.06,1.12,351.88,0.9971,-0.0117,0.0262,0.0707,-0.20,-0.25,11.31,-7.12,-3.88,1.69,11.31,0,1.70,0.0101,0.0054,0,0.000,0.000,0.00,0.00,0.000,0
-2.94,0.94,351.69,0.9970,-0.0095,0.0251,0.0724,-0.55,0.00,10.23,6.38,-3.38,1.31,10.24,0,1.70,0.0097,0.0045,0,0.000,0.000,0.00,0.00,0.000,0
-2.50,0.44,351.75,0.9972,-0.0058,0.0219,0.0716,-0.45,-0.12,8.38,6.56,-7.12,-1.75,8.39,0,1.70,0.0085,0.0029,0,0.000,0.000,0.00,0.00,0.000,0
-2.12,0.19,351.88,0.9973,-0.0031,0.0186,0.0705,-0.36,0.02,6.88,1.25,-2.94,2.38,6.89,0,1.70,0.0073,0.0018,0,0.000,0.000,0.00,0.00,0.000,0
phase1 acc_mag=7.506 gravity=9.240 motion=1.734 moving_avg=1.219 rms=1.378 mean_rms=1.092 max_rms=1.378 min_rms=0.675 std=0.222 var=0.049 state=standing thr=1.536/1.736/2.236
-2.44,0.62,352.06,0.9974,-0.0071,0.0212,0.0689,-0.70,-0.12,8.79,-7.81,8.25,-0.56,8.82,0,1.70,0.0083,0.0034,0,0.000,0.000,0.00,0.00,0.000,0
-2.88,1.12,352.06,0.9973,-0.0117,0.0248,0.0688,-0.43,-0.03,10.45,-6.38,6.88,-2.38,10.46,0,1.70,0.0096,0.0053,0,0.000,0.000,0.00,0.00,0.000,0
-2.94,1.31,351.94,0.9971,-0.0132,0.0247,0.0704,-0.23,-0.12,10.03,-0.50,-4.12,5.81,10.03,0,1.70,0.0095,0.0060,0,0.000,0.000,0.00,0.00,0.000,0
-2.75,1.19,351.69,0.9971,-0.0121,0.0237,0.0721,-0.34,-0.23,8.99,2.19,-0.19,-0.25,9.00,0,1.70,0.0091,0.0055,0,0.000,0.000,0.00,0.00,0.000,0
phase1 acc_mag=8.836 gravity=9.295 motion=0.460 moving_avg=1.138 rms=1.314 mean_rms=1.213 max_rms=1.378 min_rms=0.871 std=0.165 var=0.027 state=standing thr=1.542/1.742/2.242
-2.75,1.19,351.75,0.9971,-0.0123,0.0236,0.0717,-0.43,-0.19,9.18,-0.88,2.00,-1.19,9.19,0,1.70,0.0091,0.0056,0,0.000,0.000,0.00,0.00,0.000,0
-2.94,1.25,351.94,0.9971,-0.0132,0.0251,0.0703,-0.12,-0.21,9.22,-3.31,-0.25,-1.75,9.22,0,1.70,0.0096,0.0060,0,0.000,0.000,0.00,0.00,0.000,0
-3.56,1.44,352.38,0.9973,-0.0148,0.0303,0.0662,-3.12,0.61,18.83,-2.69,23.50,-9.31,19.10,0,1.70,0.0117,0.0067,0,0.000,0.000,0.00,0.00,0.000,0
phase1 acc_mag=8.384 gravity=9.908 motion=1.524 moving_avg=1.432 rms=2.193 mean_rms=1.337 max_rms=2.193 min_rms=1.023 std=0.209 var=0.044 state=walking thr=1.756/1.956/2.456
-0.44,1.12,351.75,0.9972,-0.0062,-0.0061,0.0743,0.30,0.37,8.37,24.19,-122.69,19.25,8.38,0,1.70,-0.0026,0.0023,0,0.000,0.000,0.00,0.00,0.000,0
phase1 acc_mag=0.000 gravity=9.804 motion=9.804 moving_avg=1.518 rms=2.400 mean_rms=1.351 max_rms=2.400 min_rms=1.030 std=0.232 var=0.054 state=walking thr=1.815/2.015/2.515
0.00,0.00,0.00,0.0000,0.0000,0.0000,0.0000,0.00,0.00,0.00,0.00,0.00,0.00,0.00,2,0.20,0.0000,0.0000,0,0.000,0.000,0.00,0.00,0.000,0
0.00,0.00,0.00,0.0000,0.0000,0.0000,0.0000,0.00,0.00,0.00,0.00,0.00,0.00,0.00,2,0.20,0.0000,0.0000,1,0.855,0.000,0.00,0.00,0.855,0
0.00,0.00,0.00,0.0000,0.0000,0.0000,0.0000,0.00,0.00,0.00,0.00,0.00,0.00,0.00,2,0.20,0.0000,0.0000,1,0.855,0.000,0.00,0.00,0.855,0
0.00,0.00,0.00,0.0000,0.0000,0.0000,0.0000,0.00,0.00,0.00,0.00,0.00,0.00,0.00,2,0.20,0.0000,0.0000,1,0.855,0.000,0.00,0.00,0.855,0
phase1 acc_mag=0.000 gravity=7.902 motion=7.902 moving_avg=2.895 rms=4.450 mean_rms=1.825 max_rms=4.450 min_rms=1.263 std=0.942 var=0.887 state=running thr=3.709/3.909/4.409
0.00,0.00,0.00,0.0000,0.0000,0.0000,0.0000,0.00,0.00,0.00,0.00,0.00,0.00,0.00,2,0.20,0.0000,0.0000,1,0.855,0.000,0.00,0.00,0.855,0
0.00,0.00,0.00,0.0000,0.0000,0.0000,0.0000,0.00,0.00,0.00,0.00,0.00,0.00,0.00,2,0.20,0.0000,0.0000,1,0.855,0.000,0.00,0.00,0.855,0
0.00,0.00,0.00,0.0000,0.0000,0.0000,0.0000,0.00,0.00,0.00,0.00,0.00,0.00,0.00,2,0.20,0.0000,0.0000,1,0.855,0.000,0.00,0.00,0.855,0
0.00,0.00,0.00,0.0000,0.0000,0.0000,0.0000,0.00,0.00,0.00,0.00,0.00,0.00,0.00,2,0.20,0.0000,0.0000,1,0.855,0.000,0.00,0.00,0.855,0
phase1 acc_mag=0.000 gravity=6.168 motion=6.168 moving_avg=3.995 rms=5.381 mean_rms=2.523 max_rms=5.381 min_rms=1.263 std=1.507 var=2.270 state=standing thr=5.536/5.736/6.236
0.00,0.00,0.00,0.0000,0.0000,0.0000,0.0000,0.00,0.00,0.00,0.00,0.00,0.00,0.00,2,0.20,0.0000,0.0000,1,0.855,0.000,0.00,0.00,0.855,0
0.00,0.00,0.00,0.0000,0.0000,0.0000,0.0000,0.00,0.00,0.00,0.00,0.00,0.00,0.00,2,0.20,0.0000,0.0000,1,0.855,0.000,0.00,0.00,0.855,0
0.00,0.00,0.00,0.0000,0.0000,0.0000,0.0000,0.00,0.00,0.00,0.00,0.00,0.00,0.00,2,0.20,0.0000,0.0000,1,0.855,0.000,0.00,0.00,0.855,0
0.00,0.00,0.00,0.0000,0.0000,0.0000,0.0000,0.00,0.00,0.00,0.00,0.00,0.00,0.00,2,0.20,0.0000,0.0000,1,0.855,0.000,0.00,0.00,0.855,0
phase1 acc_mag=0.000 gravity=4.464 motion=4.464 moving_avg=4.748 rms=5.809 mean_rms=3.342 max_rms=5.809 min_rms=1.263 std=1.781 var=3.173 state=standing thr=6.905/7.105/7.605
0.00,0.00,0.00,0.0000,0.0000,0.0000,0.0000,0.00,0.00,0.00,0.00,0.00,0.00,0.00,2,0.20,0.0000,0.0000,1,0.855,0.000,0.00,0.00,0.855,0
0.00,0.00,0.00,0.0000,0.0000,0.0000,0.0000,0.00,0.00,0.00,0.00,0.00,0.00,0.00,2,0.20,0.0000,0.0000,1,0.855,0.000,0.00,0.00,0.855,0
0.00,0.00,0.00,0.0000,0.0000,0.0000,0.0000,0.00,0.00,0.00,0.00,0.00,0.00,0.00,2,0.20,0.0000,0.0000,1,0.855,0.000,0.00,0.00,0.855,0
0.00,0.00,0.00,0.0000,0.0000,0.0000,0.0000,0.00,0.00,0.00,0.00,0.00,0.00,0.00,2,0.20,0.0000,0.0000,1,0.855,0.000,0.00,0.00,0.855,0
phase1 acc_mag=0.000 gravity=2.609 motion=2.609 moving_avg=5.269 rms=5.999 mean_rms=4.211 max_rms=5.999 min_rms=1.263 std=1.713 var=2.935 state=standing thr=7.638/7.838/8.338
0.00,0.00,0.00,0.0000,0.0000,0.0000,0.0000,0.00,0.00,0.00,0.00,0.00,0.00,0.00,2,0.20,0.0000,0.0000,1,0.855,0.000,0.00,0.00,0.855,0
0.00,0.00,0.00,0.0000,0.0000,0.0000,0.0000,0.00,0.00,0.00,0.00,0.00,0.00,0.00,2,0.20,0.0000,0.0000,1,0.855,0.000,0.00,0.00,0.855,0
0.00,0.00,0.00,0.0000,0.0000,0.0000,0.0000,0.00,0.00,0.00,0.00,0.00,0.00,0.00,2,0.20,0.0000,0.0000,1,0.855,0.000,0.00,0.00,0.855,0
0.00,0.00,0.00,0.0000,0.0000,0.0000,0.0000,0.00,0.00,0.00,0.00,0.00,0.00,0.00,2,0.20,0.0000,0.0000,1,0.855,0.000,0.00,0.00,0.855,0
phase1 acc_mag=0.000 gravity=0.507 motion=0.507 moving_avg=5.207 rms=5.820 mean_rms=5.092 max_rms=6.042 min_rms=2.141 std=1.110 var=1.233 state=standing thr=7.313/7.513/8.013
0.00,0.00,0.00,0.0000,0.0000,0.0000,0.0000,0.00,0.00,0.00,0.00,0.00,0.00,0.00,2,0.20,0.0000,0.0000,1,0.855,0.000,0.00,0.00,0.855,0
0.00,0.00,0.00,0.0000,0.0000,0.0000,0.0000,0.00,0.00,0.00,0.00,0.00,0.00,0.00,2,0.20,0.0000,0.0000,1,0.855,0.000,0.00,0.00,0.855,0
0.00,0.00,0.00,0.0000,0.0000,0.0000,0.0000,0.00,0.00,0.00,0.00,0.00,0.00,0.00,2,0.20,0.0000,0.0000,1,0.855,0.000,0.00,0.00,0.855,0
0.00,0.00,0.00,0.0000,0.0000,0.0000,0.0000,0.00,0.00,0.00,0.00,0.00,0.00,0.00,2,0.20,0.0000,0.0000,1,0.855,0.000,0.00,0.00,0.855,0
phase1 acc_mag=0.000 gravity=0.000 motion=0.000 moving_avg=3.717 rms=4.574 mean_rms=5.501 max_rms=6.042 min_rms=4.164 std=0.517 var=0.268 state=standing thr=6.535/6.735/7.235
0.00,0.00,0.00,0.0000,0.0000,0.0000,0.0000,0.00,0.00,0.00,0.00,0.00,0.00,0.00,2,0.20,0.0000,0.0000,1,0.855,0.000,0.00,0.00,0.855,0
0.00,0.00,0.00,0.0000,0.0000,0.0000,0.0000,0.00,0.00,0.00,0.00,0.00,0.00,0.00,2,0.20,0.0000,0.0000,1,0.855,0.000,0.00,0.00,0.855,0
0.00,0.00,0.00,0.0000,0.0000,0.0000,0.0000,0.00,0.00,0.00,0.00,0.00,0.00,0.00,2,0.20,0.0000,0.0000,1,0.855,0.000,0.00,0.00,0.855,0
0.00,0.00,0.00,0.0000,0.0000,0.0000,0.0000,0.00,0.00,0.00,0.00,0.00,0.00,0.00,2,0.20,0.0000,0.0000,1,0.855,0.000,0.00,0.00,0.855,0
phase1 acc_mag=0.000 gravity=0.000 motion=0.000 moving_avg=2.291 rms=3.191 mean_rms=5.332 max_rms=6.042 min_rms=3.191 std=0.813 var=0.661 state=standing thr=6.958/7.158/7.658
0.00,0.00,0.00,0.0000,0.0000,0.0000,0.0000,0.00,0.00,0.00,0.00,0.00,0.00,0.00,2,0.20,0.0000,0.0000,1,0.855,0.000,0.00,0.00,0.855,0
0.00,0.00,0.00,0.0000,0.0000,0.0000,0.0000,0.00,0.00,0.00,0.00,0.00,0.00,0.00,2,0.20,0.0000,0.0000,1,0.855,0.000,0.00,0.00,0.855,0
0.00,0.00,0.00,0.0000,0.0000,0.0000,0.0000,0.00,0.00,0.00,0.00,0.00,0.00,0.00,2,0.20,0.0000,0.0000,1,0.855,0.000,0.00,0.00,0.855,0
0.00,0.00,0.00,0.0000,0.0000,0.0000,0.0000,0.00,0.00,0.00,0.00,0.00,0.00,0.00,2,0.20,0.0000,0.0000,1,0.855,0.000,0.00,0.00,0.855,0
phase1 acc_mag=0.000 gravity=0.000 motion=0.000 moving_avg=1.215 rms=2.007 mean_rms=4.768 max_rms=6.042 min_rms=2.007 std=1.352 var=1.828 state=standing thr=7.472/7.672/8.172
0.00,0.00,0.00,0.0000,0.0000,0.0000,0.0000,0.00,0.00,0.00,0.00,0.00,0.00,0.00,2,0.20,0.0000,0.0000,1,0.855,0.000,0.00,0.00,0.855,0
0.00,0.00,0.00,0.0000,0.0000,0.0000,0.0000,0.00,0.00,0.00,0.00,0.00,0.00,0.00,2,0.20,0.0000,0.0000,1,0.855,0.000,0.00,0.00,0.855,0
0.00,0.00,0.00,0.0000,0.0000,0.0000,0.0000,0.00,0.00,0.00,0.00,0.00,0.00,0.00,2,0.20,0.0000,0.0000,1,0.855,0.000,0.00,0.00,0.855,0
0.00,0.00,0.00,0.0000,0.0000,0.0000,0.0000,0.00,0.00,0.00,0.00,0.00,0.00,0.00,2,0.20,0.0000,0.0000,1,0.855,0.000,0.00,0.00,0.855,0
phase1 acc_mag=0.000 gravity=0.000 motion=0.000 moving_avg=0.460 rms=0.987 mean_rms=3.928 max_rms=6.042 min_rms=0.987 std=1.731 var=2.995 state=standing thr=7.390/7.590/8.090
0.00,0.00,0.00,0.0000,0.0000,0.0000,0.0000,0.00,0.00,0.00,0.00,0.00,0.00,0.00,2,0.20,0.0000,0.0000,1,0.855,0.000,0.00,0.00,0.855,0
0.00,0.00,0.00,0.0000,0.0000,0.0000,0.0000,0.00,0.00,0.00,0.00,0.00,0.00,0.00,2,0.20,0.0000,0.0000,1,0.855,0.000,0.00,0.00,0.855,0
0.00,0.00,0.00,0.0000,0.0000,0.0000,0.0000,0.00,0.00,0.00,0.00,0.00,0.00,0.00,2,0.20,0.0000,0.0000,1,0.855,0.000,0.00,0.00,0.855,0
0.00,0.00,0.00,0.0000,0.0000,0.0000,0.0000,0.00,0.00,0.00,0.00,0.00,0.00,0.00,2,0.20,0.0000,0.0000,1,0.855,0.000,0.00,0.00,0.855,0
phase1 acc_mag=0.000 gravity=0.000 motion=0.000 moving_avg=0.050 rms=0.207 mean_rms=2.892 max_rms=6.038 min_rms=0.207 std=1.804 var=3.254 state=standing thr=6.500/6.700/7.200
0.00,0.00,0.00,0.0000,0.0000,0.0000,0.0000,0.00,0.00,0.00,0.00,0.00,0.00,0.00,2,0.20,0.0000,0.0000,1,0.855,0.000,0.00,0.00,0.855,0
0.00,0.00,0.00,0.0000,0.0000,0.0000,0.0000,0.00,0.00,0.00,0.00,0.00,0.00,0.00,2,0.20,0.0000,0.0000,1,0.855,0.000,0.00,0.00,0.855,0
0.00,0.00,0.00,0.0000,0.0000,0.0000,0.0000,0.00,0.00,0.00,0.00,0.00,0.00,0.00,2,0.20,0.0000,0.0000,1,0.855,0.000,0.00,0.00,0.855,0
0.00,0.00,0.00,0.0000,0.0000,0.0000,0.0000,0.00,0.00,0.00,0.00,0.00,0.00,0.00,2,0.20,0.0000,0.0000,1,0.855,0.000,0.00,0.00,0.855,0
phase1 acc_mag=0.000 gravity=0.000 motion=0.000 moving_avg=-0.000 rms=0.003 mean_rms=1.838 max_rms=4.875 min_rms=0.003 std=1.520 var=2.311 state=standing thr=4.879/5.079/5.579
0.00,0.00,0.00,0.0000,0.0000,0.0000,0.0000,0.00,0.00,0.00,0.00,0.00,0.00,0.00,2,0.20,0.0000,0.0000,1,0.855,0.000,0.00,0.00,0.855,0
0.00,0.00,0.00,0.0000,0.0000,0.0000,0.0000,0.00,0.00,0.00,0.00,0.00,0.00,0.00,2,0.20,0.0000,0.0000,1,0.855,0.000,0.00,0.00,0.855,0
0.00,0.00,0.00,0.0000,0.0000,0.0000,0.0000,0.00,0.00,0.00,0.00,0.00,0.00,0.00,2,0.20,0.0000,0.0000,1,0.855,0.000,0.00,0.00,0.855,0
0.00,0.00,0.00,0.0000,0.0000,0.0000,0.0000,0.00,0.00,0.00,0.00,0.00,0.00,0.00,2,0.20,0.0000,0.0000,1,0.855,0.000,0.00,0.00,0.855,0
phase1 acc_mag=0.000 gravity=0.000 motion=0.000 moving_avg=-0.000 rms=0.003 mean_rms=1.040 max_rms=3.474 min_rms=0.003 std=1.103 var=1.217 state=standing thr=3.246/3.446/3.946
0.00,0.00,0.00,0.0000,0.0000,0.0000,0.0000,0.00,0.00,0.00,0.00,0.00,0.00,0.00,2,0.20,0.0000,0.0000,1,0.855,0.000,0.00,0.00,0.855,0
0.00,0.00,0.00,0.0000,0.0000,0.0000,0.0000,0.00,0.00,0.00,0.00,0.00,0.00,0.00,2,0.20,0.0000,0.0000,1,0.855,0.000,0.00,0.00,0.855,0
0.00,0.00,0.00,0.0000,0.0000,0.0000,0.0000,0.00,0.00,0.00,0.00,0.00,0.00,0.00,2,0.20,0.0000,0.0000,1,0.855,0.000,0.00,0.00,0.855,0
0.00,0.00,0.00,0.0000,0.0000,0.0000,0.0000,0.00,0.00,0.00,0.00,0.00,0.00,0.00,2,0.20,0.0000,0.0000,1,0.855,0.000,0.00,0.00,0.855,0
phase1 acc_mag=0.000 gravity=0.000 motion=0.000 moving_avg=-0.000 rms=0.003 mean_rms=0.496 max_rms=2.237 min_rms=0.003 std=0.684 var=0.467 state=standing thr=1.863/2.063/2.563
0.00,0.00,0.00,0.0000,0.0000,0.0000,0.0000,0.00,0.00,0.00,0.00,0.00,0.00,0.00,2,0.20,0.0000,0.0000,1,0.855,0.000,0.00,0.00,0.855,0
0.00,0.00,0.00,0.0000,0.0000,0.0000,0.0000,0.00,0.00,0.00,0.00,0.00,0.00,0.00,2,0.20,0.0000,0.0000,1,0.855,0.000,0.00,0.00,0.855,0
0.00,0.00,0.00,0.0000,0.0000,0.0000,0.0000,0.00,0.00,0.00,0.00,0.00,0.00,0.00,2,0.20,0.0000,0.0000,1,0.855,0.000,0.00,0.00,0.855,0
0.00,0.00,0.00,0.0000,0.0000,0.0000,0.0000,0.00,0.00,0.00,0.00,0.00,0.00,0.00,2,0.20,0.0000,0.0000,1,0.855,0.000,0.00,0.00,0.855,0
phase1 acc_mag=0.000 gravity=0.000 motion=0.000 moving_avg=-0.000 rms=0.003 mean_rms=0.168 max_rms=1.181 min_rms=0.003 std=0.317 var=0.101 state=standing thr=0.803/1.003/1.503
0.00,0.00,0.00,0.0000,0.0000,0.0000,0.0000,0.00,0.00,0.00,0.00,0.00,0.00,0.00,2,0.20,0.0000,0.0000,1,0.855,0.000,0.00,0.00,0.855,0
0.00,0.00,0.00,0.0000,0.0000,0.0000,0.0000,0.00,0.00,0.00,0.00,0.00,0.00,0.00,2,0.20,0.0000,0.0000,1,0.855,0.000,0.00,0.00,0.855,0
0.00,0.00,0.00,0.0000,0.0000,0.0000,0.0000,0.00,0.00,0.00,0.00,0.00,0.00,0.00,2,0.20,0.0000,0.0000,1,0.855,0.000,0.00,0.00,0.855,0
0.00,0.00,0.00,0.0000,0.0000,0.0000,0.0000,0.00,0.00,0.00,0.00,0.00,0.00,0.00,2,0.20,0.0000,0.0000,1,0.855,0.000,0.00,0.00,0.855,0
phase1 acc_mag=0.000 gravity=0.000 motion=0.000 moving_avg=-0.000 rms=0.003 mean_rms=0.022 max_rms=0.360 min_rms=0.003 std=0.066 var=0.004 state=standing thr=0.153/0.353/0.853
0.00,0.00,0.00,0.0000,0.0000,0.0000,0.0000,0.00,0.00,0.00,0.00,0.00,0.00,0.00,2,0.20,0.0000,0.0000,1,0.855,0.000,0.00,0.00,0.855,0
0.00,0.00,0.00,0.0000,0.0000,0.0000,0.0000,0.00,0.00,0.00,0.00,0.00,0.00,0.00,2,0.20,0.0000,0.0000,1,0.855,0.000,0.00,0.00,0.855,0
0.00,0.00,0.00,0.0000,0.0000,0.0000,0.0000,0.00,0.00,0.00,0.00,0.00,0.00,0.00,2,0.20,0.0000,0.0000,1,0.855,0.000,0.00,0.00,0.855,0
0.00,0.00,0.00,0.0000,0.0000,0.0000,0.0000,0.00,0.00,0.00,0.00,0.00,0.00,0.00,2,0.20,0.0000,0.0000,1,0.855,0.000,0.00,0.00,0.855,0
phase1 acc_mag=0.000 gravity=0.000 motion=0.000 moving_avg=-0.000 rms=0.003 mean_rms=0.003 max_rms=0.003 min_rms=0.003 std=0.001 var=0.000 state=standing thr=0.080/0.350/0.850
0.00,0.00,0.00,0.0000,0.0000,0.0000,0.0000,0.00,0.00,0.00,0.00,0.00,0.00,0.00,2,0.20,0.0000,0.0000,1,0.855,0.000,0.00,0.00,0.855,0
0.00,0.00,0.00,0.0000,0.0000,0.0000,0.0000,0.00,0.00,0.00,0.00,0.00,0.00,0.00,2,0.20,0.0000,0.0000,1,0.855,0.000,0.00,0.00,0.855,0
0.00,0.00,0.00,0.0000,0.0000,0.0000,0.0000,0.00,0.00,0.00,0.00,0.00,0.00,0.00,2,0.20,0.0000,0.0000,1,0.855,0.000,0.00,0.00,0.855,0
0.00,0.00,0.00,0.0000,0.0000,0.0000,0.0000,0.00,0.00,0.00,0.00,0.00,0.00,0.00,2,0.20,0.0000,0.0000,1,0.855,0.000,0.00,0.00,0.855,0
phase1 acc_mag=0.000 gravity=0.000 motion=0.000 moving_avg=-0.000 rms=0.003 mean_rms=0.003 max_rms=0.003 min_rms=0.003 std=0.001 var=0.000 state=standing thr=0.080/0.350/0.850
0.00,0.00,0.00,0.0000,0.0000,0.0000,0.0000,0.00,0.00,0.00,0.00,0.00,0.00,0.00,2,0.20,0.0000,0.0000,1,0.855,0.000,0.00,0.00,0.855,0
0.00,0.00,0.00,0.0000,0.0000,0.0000,0.0000,0.00,0.00,0.00,0.00,0.00,0.00,0.00,2,0.20,0.0000,0.0000,1,0.855,0.000,0.00,0.00,0.855,0
0.00,0.00,0.00,0.0000,0.0000,0.0000,0.0000,0.00,0.00,0.00,0.00,0.00,0.00,0.00,2,0.20,0.0000,0.0000,1,0.855,0.000,0.00,0.00,0.855,0
0.00,0.00,0.00,0.0000,0.0000,0.0000,0.0000,0.00,0.00,0.00,0.00,0.00,0.00,0.00,2,0.20,0.0000,0.0000,1,0.855,0.000,0.00,0.00,0.855,0
phase1 acc_mag=0.000 gravity=0.000 motion=0.000 moving_avg=-0.000 rms=0.003 mean_rms=0.003 max_rms=0.003 min_rms=0.003 std=0.001 var=0.000 state=standing thr=0.080/0.350/0.850
0.00,0.00,0.00,0.0000,0.0000,0.0000,0.0000,0.00,0.00,0.00,0.00,0.00,0.00,0.00,2,0.20,0.0000,0.0000,1,0.855,0.000,0.00,0.00,0.855,0
0.00,0.00,0.00,0.0000,0.0000,0.0000,0.0000,0.00,0.00,0.00,0.00,0.00,0.00,0.00,2,0.20,0.0000,0.0000,1,0.855,0.000,0.00,0.00,0.855,0
0.00,0.00,0.00,0.0000,0.0000,0.0000,0.0000,0.00,0.00,0.00,0.00,0.00,0.00,0.00,2,0.20,0.0000,0.0000,1,0.855,0.000,0.00,0.00,0.855,0
0.00,0.00,0.00,0.0000,0.0000,0.0000,0.0000,0.00,0.00,0.00,0.00,0.00,0.00,0.00,2,0.20,0.0000,0.0000,1,0.855,0.000,0.00,0.00,0.855,0
phase1 acc_mag=0.000 gravity=0.000 motion=0.000 moving_avg=-0.000 rms=0.003 mean_rms=0.003 max_rms=0.003 min_rms=0.003 std=0.001 var=0.000 state=standing thr=0.080/0.350/0.850
0.00,0.00,0.00,0.0000,0.0000,0.0000,0.0000,0.00,0.00,0.00,0.00,0.00,0.00,0.00,2,0.20,0.0000,0.0000,1,0.855,0.000,0.00,0.00,0.855,0
0.00,0.00,0.00,0.0000,0.0000,0.0000,0.0000,0.00,0.00,0.00,0.00,0.00,0.00,0.00,2,0.20,0.0000,0.0000,1,0.855,0.000,0.00,0.00,0.855,0
0.00,0.00,0.00,0.0000,0.0000,0.0000,0.0000,0.00,0.00,0.00,0.00,0.00,0.00,0.00,2,0.20,0.0000,0.0000,1,0.855,0.000,0.00,0.00,0.855,0
0.00,0.00,0.00,0.0000,0.0000,0.0000,0.0000,0.00,0.00,0.00,0.00,0.00,0.00,0.00,2,0.20,0.0000,0.0000,1,0.855,0.000,0.00,0.00,0.855,0
phase1 acc_mag=0.000 gravity=0.000 motion=0.000 moving_avg=-0.000 rms=0.003 mean_rms=0.003 max_rms=0.003 min_rms=0.003 std=0.001 var=0.000 state=standing thr=0.080/0.350/0.850
0.00,0.00,0.00,0.0000,0.0000,0.0000,0.0000,0.00,0.00,0.00,0.00,0.00,0.00,0.00,2,0.20,0.0000,0.0000,1,0.855,0.000,0.00,0.00,0.855,0
0.00,0.00,0.00,0.0000,0.0000,0.0000,0.0000,0.00,0.00,0.00,0.00,0.00,0.00,0.00,2,0.20,0.0000,0.0000,1,0.855,0.000,0.00,0.00,0.855,0
0.00,0.00,0.00,0.0000,0.0000,0.0000,0.0000,0.00,0.00,0.00,0.00,0.00,0.00,0.00,2,0.20,0.0000,0.0000,1,0.855,0.000,0.00,0.00,0.855,0
0.00,0.00,0.00,0.0000,0.0000,0.0000,0.0000,0.00,0.00,0.00,0.00,0.00,0.00,0.00,2,0.20,0.0000,0.0000,1,0.855,0.000,0.00,0.00,0.855,0
phase1 acc_mag=0.000 gravity=0.000 motion=0.000 moving_avg=-0.000 rms=0.003 mean_rms=0.003 max_rms=0.003 min_rms=0.003 std=0.001 var=0.000 state=standing thr=0.080/0.350/0.850
0.00,0.00,0.00,0.0000,0.0000,0.0000,0.0000,0.00,0.00,0.00,0.00,0.00,0.00,0.00,2,0.20,0.0000,0.0000,1,0.855,0.000,0.00,0.00,0.855,0
0.00,0.00,0.00,0.0000,0.0000,0.0000,0.0000,0.00,0.00,0.00,0.00,0.00,0.00,0.00,2,0.20,0.0000,0.0000,1,0.855,0.000,0.00,0.00,0.855,0
0.00,0.00,0.00,0.0000,0.0000,0.0000,0.0000,0.00,0.00,0.00,0.00,0.00,0.00,0.00,2,0.20,0.0000,0.0000,1,0.855,0.000,0.00,0.00,0.855,0
0.00,0.00,0.00,0.0000,0.0000,0.0000,0.0000,0.00,0.00,0.00,0.00,0.00,0.00,0.00,2,0.20,0.0000,0.0000,1,0.855,0.000,0.00,0.00,0.855,0
phase1 acc_mag=0.000 gravity=0.000 motion=0.000 moving_avg=-0.000 rms=0.003 mean_rms=0.003 max_rms=0.003 min_rms=0.003 std=0.001 var=0.000 state=standing thr=0.080/0.350/0.850
0.00,0.00,0.00,0.0000,0.0000,0.0000,0.0000,0.00,0.00,0.00,0.00,0.00,0.00,0.00,2,0.20,0.0000,0.0000,1,0.855,0.000,0.00,0.00,0.855,0
0.00,0.00,0.00,0.0000,0.0000,0.0000,0.0000,0.00,0.00,0.00,0.00,0.00,0.00,0.00,2,0.20,0.0000,0.0000,1,0.855,0.000,0.00,0.00,0.855,0
0.00,0.00,0.00,0.0000,0.0000,0.0000,0.0000,0.00,0.00,0.00,0.00,0.00,0.00,0.00,2,0.20,0.0000,0.0000,1,0.855,0.000,0.00,0.00,0.855,0
0.00,0.00,0.00,0.0000,0.0000,0.0000,0.0000,0.00,0.00,0.00,0.00,0.00,0.00,0.00,2,0.20,0.0000,0.0000,1,0.855,0.000,0.00,0.00,0.855,0
phase1 acc_mag=0.000 gravity=0.000 motion=0.000 moving_avg=-0.000 rms=0.003 mean_rms=0.003 max_rms=0.003 min_rms=0.003 std=0.001 var=0.000 state=standing thr=0.080/0.350/0.850
0.00,0.00,0.00,0.0000,0.0000,0.0000,0.0000,0.00,0.00,0.00,0.00,0.00,0.00,0.00,2,0.20,0.0000,0.0000,1,0.855,0.000,0.00,0.00,0.855,0
0.00,0.00,0.00,0.0000,0.0000,0.0000,0.0000,0.00,0.00,0.00,0.00,0.00,0.00,0.00,2,0.20,0.0000,0.0000,1,0.855,0.000,0.00,0.00,0.855,0
0.00,0.00,0.00,0.0000,0.0000,0.0000,0.0000,0.00,0.00,0.00,0.00,0.00,0.00,0.00,2,0.20,0.0000,0.0000,1,0.855,0.000,0.00,0.00,0.855,0
0.00,0.00,0.00,0.0000,0.0000,0.0000,0.0000,0.00,0.00,0.00,0.00,0.00,0.00,0.00,2,0.20,0.0000,0.0000,1,0.855,0.000,0.00,0.00,0.855,0
phase1 acc_mag=0.000 gravity=0.000 motion=0.000 moving_avg=-0.000 rms=0.003 mean_rms=0.003 max_rms=0.003 min_rms=0.003 std=0.001 var=0.000 state=standing thr=0.080/0.350/0.850
0.00,0.00,0.00,0.0000,0.0000,0.0000,0.0000,0.00,0.00,0.00,0.00,0.00,0.00,0.00,2,0.20,0.0000,0.0000,1,0.855,0.000,0.00,0.00,0.855,0
0.00,0.00,0.00,0.0000,0.0000,0.0000,0.0000,0.00,0.00,0.00,0.00,0.00,0.00,0.00,2,0.20,0.0000,0.0000,1,0.855,0.000,0.00,0.00,0.855,0
0.00,0.00,0.00,0.0000,0.0000,0.0000,0.0000,0.00,0.00,0.00,0.00,0.00,0.00,0.00,2,0.20,0.0000,0.0000,1,0.855,0.000,0.00,0.00,0.855,0
0.00,0.00,0.00,0.0000,0.0000,0.0000,0.0000,0.00,0.00,0.00,0.00,0.00,0.00,0.00,2,0.20,0.0000,0.0000,1,0.855,0.000,0.00,0.00,0.855,0
phase1 acc_mag=0.000 gravity=0.000 motion=0.000 moving_avg=-0.000 rms=0.003 mean_rms=0.003 max_rms=0.003 min_rms=0.003 std=0.001 var=0.000 state=standing thr=0.080/0.350/0.850
0.00,0.00,0.00,0.0000,0.0000,0.0000,0.0000,0.00,0.00,0.00,0.00,0.00,0.00,0.00,2,0.20,0.0000,0.0000,1,0.855,0.000,0.00,0.00,0.855,0
0.00,0.00,0.00,0.0000,0.0000,0.0000,0.0000,0.00,0.00,0.00,0.00,0.00,0.00,0.00,2,0.20,0.0000,0.0000,1,0.855,0.000,0.00,0.00,0.855,0
0.00,0.00,0.00,0.0000,0.0000,0.0000,0.0000,0.00,0.00,0.00,0.00,0.00,0.00,0.00,2,0.20,0.0000,0.0000,1,0.855,0.000,0.00,0.00,0.855,0
0.00,0.00,0.00,0.0000,0.0000,0.0000,0.0000,0.00,0.00,0.00,0.00,0.00,0.00,0.00,2,0.20,0.0000,0.0000,1,0.855,0.000,0.00,0.00,0.855,0
phase1 acc_mag=0.000 gravity=0.000 motion=0.000 moving_avg=-0.000 rms=0.003 mean_rms=0.003 max_rms=0.003 min_rms=0.003 std=0.001 var=0.000 state=standing thr=0.080/0.350/0.850
0.00,0.00,0.00,0.0000,0.0000,0.0000,0.0000,0.00,0.00,0.00,0.00,0.00,0.00,0.00,2,0.20,0.0000,0.0000,1,0.855,0.000,0.00,0.00,0.855,0
0.00,0.00,0.00,0.0000,0.0000,0.0000,0.0000,0.00,0.00,0.00,0.00,0.00,0.00,0.00,2,0.20,0.0000,0.0000,1,0.855,0.000,0.00,0.00,0.855,0
0.00,0.00,0.00,0.0000,0.0000,0.0000,0.0000,0.00,0.00,0.00,0.00,0.00,0.00,0.00,2,0.20,0.0000,0.0000,1,0.855,0.000,0.00,0.00,0.855,0
0.00,0.00,0.00,0.0000,0.0000,0.0000,0.0000,0.00,0.00,0.00,0.00,0.00,0.00,0.00,2,0.20,0.0000,0.0000,1,0.855,0.000,0.00,0.00,0.855,0
phase1 acc_mag=0.000 gravity=0.000 motion=0.000 moving_avg=-0.000 rms=0.003 mean_rms=0.003 max_rms=0.003 min_rms=0.003 std=0.001 var=0.000 state=standing thr=0.080/0.350/0.850
0.00,0.00,0.00,0.0000,0.0000,0.0000,0.0000,0.00,0.00,0.00,0.00,0.00,0.00,0.00,2,0.20,0.0000,0.0000,1,0.855,0.000,0.00,0.00,0.855,0
0.00,0.00,0.00,0.0000,0.0000,0.0000,0.0000,0.00,0.00,0.00,0.00,0.00,0.00,0.00,2,0.20,0.0000,0.0000,1,0.855,0.000,0.00,0.00,0.855,0
0.00,0.00,0.00,0.0000,0.0000,0.0000,0.0000,0.00,0.00,0.00,0.00,0.00,0.00,0.00,2,0.20,0.0000,0.0000,1,0.855,0.000,0.00,0.00,0.855,0
0.00,0.00,0.00,0.0000,0.0000,0.0000,0.0000,0.00,0.00,0.00,0.00,0.00,0.00,0.00,2,0.20,0.0000,0.0000,1,0.855,0.000,0.00,0.00,0.855,0
phase1 acc_mag=0.000 gravity=0.000 motion=0.000 moving_avg=-0.000 rms=0.003 mean_rms=0.003 max_rms=0.003 min_rms=0.003 std=0.001 var=0.000 state=standing thr=0.080/0.350/0.850
0.00,0.00,0.00,0.0000,0.0000,0.0000,0.0000,0.00,0.00,0.00,0.00,0.00,0.00,0.00,2,0.20,0.0000,0.0000,1,0.855,0.000,0.00,0.00,0.855,0
0.00,0.00,0.00,0.0000,0.0000,0.0000,0.0000,0.00,0.00,0.00,0.00,0.00,0.00,0.00,2,0.20,0.0000,0.0000,1,0.855,0.000,0.00,0.00,0.855,0
0.00,0.00,0.00,0.0000,0.0000,0.0000,0.0000,0.00,0.00,0.00,0.00,0.00,0.00,0.00,2,0.20,0.0000,0.0000,1,0.855,0.000,0.00,0.00,0.855,0
0.00,0.00,0.00,0.0000,0.0000,0.0000,0.0000,0.00,0.00,0.00,0.00,0.00,0.00,0.00,2,0.20,0.0000,0.0000,1,0.855,0.000,0.00,0.00,0.855,0
phase1 acc_mag=0.000 gravity=0.000 motion=0.000 moving_avg=-0.000 rms=0.003 mean_rms=0.003 max_rms=0.003 min_rms=0.003 std=0.001 var=0.000 state=standing thr=0.080/0.350/0.850
0.00,0.00,0.00,0.0000,0.0000,0.0000,0.0000,0.00,0.00,0.00,0.00,0.00,0.00,0.00,2,0.20,0.0000,0.0000,1,0.855,0.000,0.00,0.00,0.855,0
0.00,0.00,0.00,0.0000,0.0000,0.0000,0.0000,0.00,0.00,0.00,0.00,0.00,0.00,0.00,2,0.20,0.0000,0.0000,1,0.855,0.000,0.00,0.00,0.855,0
0.00,0.00,0.00,0.0000,0.0000,0.0000,0.0000,0.00,0.00,0.00,0.00,0.00,0.00,0.00,2,0.20,0.0000,0.0000,1,0.855,0.000,0.00,0.00,0.855,0
0.00,0.00,0.00,0.0000,0.0000,0.0000,0.0000,0.00,0.00,0.00,0.00,0.00,0.00,0.00,2,0.20,0.0000,0.0000,1,0.855,0.000,0.00,0.00,0.855,0
phase1 acc_mag=0.000 gravity=0.000 motion=0.000 moving_avg=-0.000 rms=0.003 mean_rms=0.003 max_rms=0.003 min_rms=0.003 std=0.001 var=0.000 state=standing thr=0.080/0.350/0.850
0.00,0.00,0.00,0.0000,0.0000,0.0000,0.0000,0.00,0.00,0.00,0.00,0.00,0.00,0.00,2,0.20,0.0000,0.0000,1,0.855,0.000,0.00,0.00,0.855,0
0.00,0.00,0.00,0.0000,0.0000,0.0000,0.0000,0.00,0.00,0.00,0.00,0.00,0.00,0.00,2,0.20,0.0000,0.0000,1,0.855,0.000,0.00,0.00,0.855,0
0.00,0.00,0.00,0.0000,0.0000,0.0000,0.0000,0.00,0.00,0.00,0.00,0.00,0.00,0.00,2,0.20,0.0000,0.0000,1,0.855,0.000,0.00,0.00,0.855,0
0.00,0.00,0.00,0.0000,0.0000,0.0000,0.0000,0.00,0.00,0.00,0.00,0.00,0.00,0.00,2,0.20,0.0000,0.0000,1,0.855,0.000,0.00,0.00,0.855,0
phase1 acc_mag=0.000 gravity=0.000 motion=0.000 moving_avg=-0.000 rms=0.003 mean_rms=0.003 max_rms=0.003 min_rms=0.003 std=0.001 var=0.000 state=standing thr=0.080/0.350/0.850
0.00,0.00,0.00,0.0000,0.0000,0.0000,0.0000,0.00,0.00,0.00,0.00,0.00,0.00,0.00,2,0.20,0.0000,0.0000,1,0.855,0.000,0.00,0.00,0.855,0
0.00,0.00,0.00,0.0000,0.0000,0.0000,0.0000,0.00,0.00,0.00,0.00,0.00,0.00,0.00,2,0.20,0.0000,0.0000,1,0.855,0.000,0.00,0.00,0.855,0
0.00,0.00,0.00,0.0000,0.0000,0.0000,0.0000,0.00,0.00,0.00,0.00,0.00,0.00,0.00,2,0.20,0.0000,0.0000,1,0.855,0.000,0.00,0.00,0.855,0
0.00,0.00,0.00,0.0000,0.0000,0.0000,0.0000,0.00,0.00,0.00,0.00,0.00,0.00,0.00,2,0.20,0.0000,0.0000,1,0.855,0.000,0.00,0.00,0.855,0
phase1 acc_mag=0.000 gravity=0.000 motion=0.000 moving_avg=-0.000 rms=0.003 mean_rms=0.003 max_rms=0.003 min_rms=0.003 std=0.001 var=0.000 state=standing thr=0.080/0.350/0.850
0.00,0.00,0.00,0.0000,0.0000,0.0000,0.0000,0.00,0.00,0.00,0.00,0.00,0.00,0.00,2,0.20,0.0000,0.0000,1,0.855,0.000,0.00,0.00,0.855,0
0.00,0.00,0.00,0.0000,0.0000,0.0000,0.0000,0.00,0.00,0.00,0.00,0.00,0.00,0.00,2,0.20,0.0000,0.0000,1,0.855,0.000,0.00,0.00,0.855,0
0.00,0.00,0.00,0.0000,0.0000,0.0000,0.0000,0.00,0.00,0.00,0.00,0.00,0.00,0.00,2,0.20,0.0000,0.0000,1,0.855,0.000,0.00,0.00,0.855,0
0.00,0.00,0.00,0.0000,0.0000,0.0000,0.0000,0.00,0.00,0.00,0.00,0.00,0.00,0.00,2,0.20,0.0000,0.0000,1,0.855,0.000,0.00,0.00,0.855,0
phase1 acc_mag=0.000 gravity=0.000 motion=0.000 moving_avg=-0.000 rms=0.003 mean_rms=0.003 max_rms=0.003 min_rms=0.003 std=0.001 var=0.000 state=standing thr=0.080/0.350/0.850
0.00,0.00,0.00,0.0000,0.0000,0.0000,0.0000,0.00,0.00,0.00,0.00,0.00,0.00,0.00,2,0.20,0.0000,0.0000,1,0.855,0.000,0.00,0.00,0.855,0
0.00,0.00,0.00,0.0000,0.0000,0.0000,0.0000,0.00,0.00,0.00,0.00,0.00,0.00,0.00,2,0.20,0.0000,0.0000,1,0.855,0.000,0.00,0.00,0.855,0
0.00,0.00,0.00,0.0000,0.0000,0.0000,0.0000,0.00,0.00,0.00,0.00,0.00,0.00,0.00,2,0.20,0.0000,0.0000,1,0.855,0.000,0.00,0.00,0.855,0
0.00,0.00,0.00,0.0000,0.0000,0.0000,0.0000,0.00,0.00,0.00,0.00,0.00,0.00,0.00,2,0.20,0.0000,0.0000,1,0.855,0.000,0.00,0.00,0.855,0
phase1 acc_mag=0.000 gravity=0.000 motion=0.000 moving_avg=-0.000 rms=0.003 mean_rms=0.003 max_rms=0.003 min_rms=0.003 std=0.001 var=0.000 state=standing thr=0.080/0.350/0.850
0.00,0.00,0.00,0.0000,0.0000,0.0000,0.0000,0.00,0.00,0.00,0.00,0.00,0.00,0.00,2,0.20,0.0000,0.0000,1,0.855,0.000,0.00,0.00,0.855,0
0.00,0.00,0.00,0.0000,0.0000,0.0000,0.0000,0.00,0.00,0.00,0.00,0.00,0.00,0.00,2,0.20,0.0000,0.0000,1,0.855,0.000,0.00,0.00,0.855,0
0.00,0.00,0.00,0.0000,0.0000,0.0000,0.0000,0.00,0.00,0.00,0.00,0.00,0.00,0.00,2,0.20,0.0000,0.0000,1,0.855,0.000,0.00,0.00,0.855,0
0.00,0.00,0.00,0.0000,0.0000,0.0000,0.0000,0.00,0.00,0.00,0.00,0.00,0.00,0.00,2,0.20,0.0000,0.0000,1,0.855,0.000,0.00,0.00,0.855,0
phase1 acc_mag=0.000 gravity=0.000 motion=0.000 moving_avg=-0.000 rms=0.003 mean_rms=0.003 max_rms=0.003 min_rms=0.003 std=0.001 var=0.000 state=standing thr=0.080/0.350/0.850
0.00,0.00,0.00,0.0000,0.0000,0.0000,0.0000,0.00,0.00,0.00,0.00,0.00,0.00,0.00,2,0.20,0.0000,0.0000,1,0.855,0.000,0.00,0.00,0.855,0
0.00,0.00,0.00,0.0000,0.0000,0.0000,0.0000,0.00,0.00,0.00,0.00,0.00,0.00,0.00,2,0.20,0.0000,0.0000,1,0.855,0.000,0.00,0.00,0.855,0
0.00,0.00,0.00,0.0000,0.0000,0.0000,0.0000,0.00,0.00,0.00,0.00,0.00,0.00,0.00,2,0.20,0.0000,0.0000,1,0.855,0.000,0.00,0.00,0.855,0
0.00,0.00,0.00,0.0000,0.0000,0.0000,0.0000,0.00,0.00,0.00,0.00,0.00,0.00,0.00,2,0.20,0.0000,0.0000,1,0.855,0.000,0.00,0.00,0.855,0
phase1 acc_mag=0.000 gravity=0.000 motion=0.000 moving_avg=-0.000 rms=0.003 mean_rms=0.003 max_rms=0.003 min_rms=0.003 std=0.001 var=0.000 state=standing thr=0.080/0.350/0.850
0.00,0.00,0.00,0.0000,0.0000,0.0000,0.0000,0.00,0.00,0.00,0.00,0.00,0.00,0.00,2,0.20,0.0000,0.0000,1,0.855,0.000,0.00,0.00,0.855,0
0.00,0.00,0.00,0.0000,0.0000,0.0000,0.0000,0.00,0.00,0.00,0.00,0.00,0.00,0.00,2,0.20,0.0000,0.0000,1,0.855,0.000,0.00,0.00,0.855,0
0.00,0.00,0.00,0.0000,0.0000,0.0000,0.0000,0.00,0.00,0.00,0.00,0.00,0.00,0.00,2,0.20,0.0000,0.0000,1,0.855,0.000,0.00,0.00,0.855,0
0.00,0.00,0.00,0.0000,0.0000,0.0000,0.0000,0.00,0.00,0.00,0.00,0.00,0.00,0.00,2,0.20,0.0000,0.0000,1,0.855,0.000,0.00,0.00,0.855,0
phase1 acc_mag=0.000 gravity=0.000 motion=0.000 moving_avg=-0.000 rms=0.003 mean_rms=0.003 max_rms=0.003 min_rms=0.003 std=0.001 var=0.000 state=standing thr=0.080/0.350/0.850
0.00,0.00,0.00,0.0000,0.0000,0.0000,0.0000,0.00,0.00,0.00,0.00,0.00,0.00,0.00,2,0.20,0.0000,0.0000,1,0.855,0.000,0.00,0.00,0.855,0
0.00,0.00,0.00,0.0000,0.0000,0.0000,0.0000,0.00,0.00,0.00,0.00,0.00,0.00,0.00,2,0.20,0.0000,0.0000,1,0.855,0.000,0.00,0.00,0.855,0
0.00,0.00,0.00,0.0000,0.0000,0.0000,0.0000,0.00,0.00,0.00,0.00,0.00,0.00,0.00,2,0.20,0.0000,0.0000,1,0.855,0.000,0.00,0.00,0.855,0
0.00,0.00,0.00,0.0000,0.0000,0.0000,0.0000,0.00,0.00,0.00,0.00,0.00,0.00,0.00,2,0.20,0.0000,0.0000,1,0.855,0.000,0.00,0.00,0.855,0
phase1 acc_mag=0.000 gravity=0.000 motion=0.000 moving_avg=-0.000 rms=0.003 mean_rms=0.003 max_rms=0.003 min_rms=0.003 std=0.001 var=0.000 state=standing thr=0.080/0.350/0.850
0.00,0.00,0.00,0.0000,0.0000,0.0000,0.0000,0.00,0.00,0.00,0.00,0.00,0.00,0.00,2,0.20,0.0000,0.0000,1,0.855,0.000,0.00,0.00,0.855,0
0.00,0.00,0.00,0.0000,0.0000,0.0000,0.0000,0.00,0.00,0.00,0.00,0.00,0.00,0.00,2,0.20,0.0000,0.0000,1,0.855,0.000,0.00,0.00,0.855,0
0.00,0.00,0.00,0.0000,0.0000,0.0000,0.0000,0.00,0.00,0.00,0.00,0.00,0.00,0.00,2,0.20,0.0000,0.0000,1,0.855,0.000,0.00,0.00,0.855,0
0.00,0.00,0.00,0.0000,0.0000,0.0000,0.0000,0.00,0.00,0.00,0.00,0.00,0.00,0.00,2,0.20,0.0000,0.0000,1,0.855,0.000,0.00,0.00,0.855,0
phase1 acc_mag=0.000 gravity=0.000 motion=0.000 moving_avg=-0.000 rms=0.003 mean_rms=0.003 max_rms=0.003 min_rms=0.003 std=0.001 var=0.000 state=standing thr=0.080/0.350/0.850
0.00,0.00,0.00,0.0000,0.0000,0.0000,0.0000,0.00,0.00,0.00,0.00,0.00,0.00,0.00,2,0.20,0.0000,0.0000,1,0.855,0.000,0.00,0.00,0.855,0
0.00,0.00,0.00,0.0000,0.0000,0.0000,0.0000,0.00,0.00,0.00,0.00,0.00,0.00,0.00,2,0.20,0.0000,0.0000,1,0.855,0.000,0.00,0.00,0.855,0
0.00,0.00,0.00,0.0000,0.0000,0.0000,0.0000,0.00,0.00,0.00,0.00,0.00,0.00,0.00,2,0.20,0.0000,0.0000,1,0.855,0.000,0.00,0.00,0.855,0
0.00,0.00,0.00,0.0000,0.0000,0.0000,0.0000,0.00,0.00,0.00,0.00,0.00,0.00,0.00,2,0.20,0.0000,0.0000,1,0.855,0.000,0.00,0.00,0.855,0
phase1 acc_mag=0.000 gravity=0.000 motion=0.000 moving_avg=-0.000 rms=0.003 mean_rms=0.003 max_rms=0.003 min_rms=0.003 std=0.001 var=0.000 state=standing thr=0.080/0.350/0.850
0.00,0.00,0.00,0.0000,0.0000,0.0000,0.0000,0.00,0.00,0.00,0.00,0.00,0.00,0.00,2,0.20,0.0000,0.0000,1,0.855,0.000,0.00,0.00,0.855,0
0.00,0.00,0.00,0.0000,0.0000,0.0000,0.0000,0.00,0.00,0.00,0.00,0.00,0.00,0.00,2,0.20,0.0000,0.0000,1,0.855,0.000,0.00,0.00,0.855,0
0.00,0.00,0.00,0.0000,0.0000,0.0000,0.0000,0.00,0.00,0.00,0.00,0.00,0.00,0.00,2,0.20,0.0000,0.0000,1,0.855,0.000,0.00,0.00,0.855,0
0.00,0.00,0.00,0.0000,0.0000,0.0000,0.0000,0.00,0.00,0.00,0.00,0.00,0.00,0.00,2,0.20,0.0000,0.0000,1,0.855,0.000,0.00,0.00,0.855,0
phase1 acc_mag=0.000 gravity=0.000 motion=0.000 moving_avg=-0.000 rms=0.003 mean_rms=0.003 max_rms=0.003 min_rms=0.003 std=0.001 var=0.000 state=standing thr=0.080/0.350/0.850
0.00,0.00,0.00,0.0000,0.0000,0.0000,0.0000,0.00,0.00,0.00,0.00,0.00,0.00,0.00,2,0.20,0.0000,0.0000,1,0.855,0.000,0.00,0.00,0.855,0
0.00,0.00,0.00,0.0000,0.0000,0.0000,0.0000,0.00,0.00,0.00,0.00,0.00,0.00,0.00,2,0.20,0.0000,0.0000,1,0.855,0.000,0.00,0.00,0.855,0
0.00,0.00,0.00,0.0000,0.0000,0.0000,0.0000,0.00,0.00,0.00,0.00,0.00,0.00,0.00,2,0.20,0.0000,0.0000,1,0.855,0.000,0.00,0.00,0.855,0
0.00,0.00,0.00,0.0000,0.0000,0.0000,0.0000,0.00,0.00,0.00,0.00,0.00,0.00,0.00,2,0.20,0.0000,0.0000,1,0.855,0.000,0.00,0.00,0.855,0
phase1 acc_mag=0.000 gravity=0.000 motion=0.000 moving_avg=-0.000 rms=0.003 mean_rms=0.003 max_rms=0.003 min_rms=0.003 std=0.001 var=0.000 state=standing thr=0.080/0.350/0.850
0.00,0.00,0.00,0.0000,0.0000,0.0000,0.0000,0.00,0.00,0.00,0.00,0.00,0.00,0.00,2,0.20,0.0000,0.0000,1,0.855,0.000,0.00,0.00,0.855,0
0.00,0.00,0.00,0.0000,0.0000,0.0000,0.0000,0.00,0.00,0.00,0.00,0.00,0.00,0.00,2,0.20,0.0000,0.0000,1,0.855,0.000,0.00,0.00,0.855,0
0.00,0.00,0.00,0.0000,0.0000,0.0000,0.0000,0.00,0.00,0.00,0.00,0.00,0.00,0.00,2,0.20,0.0000,0.0000,1,0.855,0.000,0.00,0.00,0.855,0
0.00,0.00,0.00,0.0000,0.0000,0.0000,0.0000,0.00,0.00,0.00,0.00,0.00,0.00,0.00,2,0.20,0.0000,0.0000,1,0.855,0.000,0.00,0.00,0.855,0
phase1 acc_mag=0.000 gravity=0.000 motion=0.000 moving_avg=-0.000 rms=0.003 mean_rms=0.003 max_rms=0.003 min_rms=0.003 std=0.001 var=0.000 state=standing thr=0.080/0.350/0.850
0.00,0.00,0.00,0.0000,0.0000,0.0000,0.0000,0.00,0.00,0.00,0.00,0.00,0.00,0.00,2,0.20,0.0000,0.0000,1,0.855,0.000,0.00,0.00,0.855,0
0.00,0.00,0.00,0.0000,0.0000,0.0000,0.0000,0.00,0.00,0.00,0.00,0.00,0.00,0.00,2,0.20,0.0000,0.0000,1,0.855,0.000,0.00,0.00,0.855,0
0.00,0.00,0.00,0.0000,0.0000,0.0000,0.0000,0.00,0.00,0.00,0.00,0.00,0.00,0.00,2,0.20,0.0000,0.0000,1,0.855,0.000,0.00,0.00,0.855,0
0.00,0.00,0.00,0.0000,0.0000,0.0000,0.0000,0.00,0.00,0.00,0.00,0.00,0.00,0.00,2,0.20,0.0000,0.0000,1,0.855,0.000,0.00,0.00,0.855,0
phase1 acc_mag=0.000 gravity=0.000 motion=0.000 moving_avg=-0.000 rms=0.003 mean_rms=0.003 max_rms=0.003 min_rms=0.003 std=0.001 var=0.000 state=standing thr=0.080/0.350/0.850
0.00,0.00,0.00,0.0000,0.0000,0.0000,0.0000,0.00,0.00,0.00,0.00,0.00,0.00,0.00,2,0.20,0.0000,0.0000,1,0.855,0.000,0.00,0.00,0.855,0
0.00,0.00,0.00,0.0000,0.0000,0.0000,0.0000,0.00,0.00,0.00,0.00,0.00,0.00,0.00,2,0.20,0.0000,0.0000,1,0.855,0.000,0.00,0.00,0.855,0
0.00,0.00,0.00,0.0000,0.0000,0.0000,0.0000,0.00,0.00,0.00,0.00,0.00,0.00,0.00,2,0.20,0.0000,0.0000,1,0.855,0.000,0.00,0.00,0.855,0
0.00,0.00,0.00,0.0000,0.0000,0.0000,0.0000,0.00,0.00,0.00,0.00,0.00,0.00,0.00,2,0.20,0.0000,0.0000,1,0.855,0.000,0.00,0.00,0.855,0
phase1 acc_mag=0.000 gravity=0.000 motion=0.000 moving_avg=-0.000 rms=0.003 mean_rms=0.003 max_rms=0.003 min_rms=0.003 std=0.001 var=0.000 state=standing thr=0.080/0.350/0.850
0.00,0.00,0.00,0.0000,0.0000,0.0000,0.0000,0.00,0.00,0.00,0.00,0.00,0.00,0.00,2,0.20,0.0000,0.0000,1,0.855,0.000,0.00,0.00,0.855,0
0.00,0.00,0.00,0.0000,0.0000,0.0000,0.0000,0.00,0.00,0.00,0.00,0.00,0.00,0.00,2,0.20,0.0000,0.0000,1,0.855,0.000,0.00,0.00,0.855,0
0.00,0.00,0.00,0.0000,0.0000,0.0000,0.0000,0.00,0.00,0.00,0.00,0.00,0.00,0.00,2,0.20,0.0000,0.0000,1,0.855,0.000,0.00,0.00,0.855,0
0.00,0.00,0.00,0.0000,0.0000,0.0000,0.0000,0.00,0.00,0.00,0.00,0.00,0.00,0.00,2,0.20,0.0000,0.0000,1,0.855,0.000,0.00,0.00,0.855,0
phase1 acc_mag=0.000 gravity=0.000 motion=0.000 moving_avg=-0.000 rms=0.003 mean_rms=0.003 max_rms=0.003 min_rms=0.003 std=0.001 var=0.000 state=standing thr=0.080/0.350/0.850
0.00,0.00,0.00,0.0000,0.0000,0.0000,0.0000,0.00,0.00,0.00,0.00,0.00,0.00,0.00,2,0.20,0.0000,0.0000,1,0.855,0.000,0.00,0.00,0.855,0
0.00,0.00,0.00,0.0000,0.0000,0.0000,0.0000,0.00,0.00,0.00,0.00,0.00,0.00,0.00,2,0.20,0.0000,0.0000,1,0.855,0.000,0.00,0.00,0.855,0
0.00,0.00,0.00,0.0000,0.0000,0.0000,0.0000,0.00,0.00,0.00,0.00,0.00,0.00,0.00,2,0.20,0.0000,0.0000,1,0.855,0.000,0.00,0.00,0.855,0
0.00,0.00,0.00,0.0000,0.0000,0.0000,0.0000,0.00,0.00,0.00,0.00,0.00,0.00,0.00,2,0.20,0.0000,0.0000,1,0.855,0.000,0.00,0.00,0.855,0
phase1 acc_mag=0.000 gravity=0.000 motion=0.000 moving_avg=-0.000 rms=0.003 mean_rms=0.003 max_rms=0.003 min_rms=0.003 std=0.001 var=0.000 state=standing thr=0.080/0.350/0.850
0.00,0.00,0.00,0.0000,0.0000,0.0000,0.0000,0.00,0.00,0.00,0.00,0.00,0.00,0.00,2,0.20,0.0000,0.0000,1,0.855,0.000,0.00,0.00,0.855,0
0.00,0.00,0.00,0.0000,0.0000,0.0000,0.0000,0.00,0.00,0.00,0.00,0.00,0.00,0.00,2,0.20,0.0000,0.0000,1,0.855,0.000,0.00,0.00,0.855,0
0.00,0.00,0.00,0.0000,0.0000,0.0000,0.0000,0.00,0.00,0.00,0.00,0.00,0.00,0.00,2,0.20,0.0000,0.0000,1,0.855,0.000,0.00,0.00,0.855,0
0.00,0.00,0.00,0.0000,0.0000,0.0000,0.0000,0.00,0.00,0.00,0.00,0.00,0.00,0.00,2,0.20,0.0000,0.0000,1,0.855,0.000,0.00,0.00,0.855,0
phase1 acc_mag=0.000 gravity=0.000 motion=0.000 moving_avg=-0.000 rms=0.003 mean_rms=0.003 max_rms=0.003 min_rms=0.003 std=0.001 var=0.000 state=standing thr=0.080/0.350/0.850
0.00,0.00,0.00,0.0000,0.0000,0.0000,0.0000,0.00,0.00,0.00,0.00,0.00,0.00,0.00,2,0.20,0.0000,0.0000,1,0.855,0.000,0.00,0.00,0.855,0
0.00,0.00,0.00,0.0000,0.0000,0.0000,0.0000,0.00,0.00,0.00,0.00,0.00,0.00,0.00,2,0.20,0.0000,0.0000,1,0.855,0.000,0.00,0.00,0.855,0
0.00,0.00,0.00,0.0000,0.0000,0.0000,0.0000,0.00,0.00,0.00,0.00,0.00,0.00,0.00,2,0.20,0.0000,0.0000,1,0.855,0.000,0.00,0.00,0.855,0
0.00,0.00,0.00,0.0000,0.0000,0.0000,0.0000,0.00,0.00,0.00,0.00,0.00,0.00,0.00,2,0.20,0.0000,0.0000,1,0.855,0.000,0.00,0.00,0.855,0
phase1 acc_mag=0.000 gravity=0.000 motion=0.000 moving_avg=-0.000 rms=0.003 mean_rms=0.003 max_rms=0.003 min_rms=0.003 std=0.001 var=0.000 state=standing thr=0.080/0.350/0.850
0.00,0.00,0.00,0.0000,0.0000,0.0000,0.0000,0.00,0.00,0.00,0.00,0.00,0.00,0.00,2,0.20,0.0000,0.0000,1,0.855,0.000,0.00,0.00,0.855,0
0.00,0.00,0.00,0.0000,0.0000,0.0000,0.0000,0.00,0.00,0.00,0.00,0.00,0.00,0.00,2,0.20,0.0000,0.0000,1,0.855,0.000,0.00,0.00,0.855,0
0.00,0.00,0.00,0.0000,0.0000,0.0000,0.0000,0.00,0.00,0.00,0.00,0.00,0.00,0.00,2,0.20,0.0000,0.0000,1,0.855,0.000,0.00,0.00,0.855,0
0.00,0.00,0.00,0.0000,0.0000,0.0000,0.0000,0.00,0.00,0.00,0.00,0.00,0.00,0.00,2,0.20,0.0000,0.0000,1,0.855,0.000,0.00,0.00,0.855,0
phase1 acc_mag=0.000 gravity=0.000 motion=0.000 moving_avg=-0.000 rms=0.003 mean_rms=0.003 max_rms=0.003 min_rms=0.003 std=0.001 var=0.000 state=standing thr=0.080/0.350/0.850
0.00,0.00,0.00,0.0000,0.0000,0.0000,0.0000,0.00,0.00,0.00,0.00,0.00,0.00,0.00,2,0.20,0.0000,0.0000,1,0.855,0.000,0.00,0.00,0.855,0
0.00,0.00,0.00,0.0000,0.0000,0.0000,0.0000,0.00,0.00,0.00,0.00,0.00,0.00,0.00,2,0.20,0.0000,0.0000,1,0.855,0.000,0.00,0.00,0.855,0
0.00,0.00,0.00,0.0000,0.0000,0.0000,0.0000,0.00,0.00,0.00,0.00,0.00,0.00,0.00,2,0.20,0.0000,0.0000,1,0.855,0.000,0.00,0.00,0.855,0
0.00,0.00,0.00,0.0000,0.0000,0.0000,0.0000,0.00,0.00,0.00,0.00,0.00,0.00,0.00,2,0.20,0.0000,0.0000,1,0.855,0.000,0.00,0.00,0.855,0
phase1 acc_mag=0.000 gravity=0.000 motion=0.000 moving_avg=-0.000 rms=0.003 mean_rms=0.003 max_rms=0.003 min_rms=0.003 std=0.001 var=0.000 state=standing thr=0.080/0.350/0.850
0.00,0.00,0.00,0.0000,0.0000,0.0000,0.0000,0.00,0.00,0.00,0.00,0.00,0.00,0.00,2,0.20,0.0000,0.0000,1,0.855,0.000,0.00,0.00,0.855,0
0.00,0.00,0.00,0.0000,0.0000,0.0000,0.0000,0.00,0.00,0.00,0.00,0.00,0.00,0.00,2,0.20,0.0000,0.0000,1,0.855,0.000,0.00,0.00,0.855,0
0.00,0.00,0.00,0.0000,0.0000,0.0000,0.0000,0.00,0.00,0.00,0.00,0.00,0.00,0.00,2,0.20,0.0000,0.0000,1,0.855,0.000,0.00,0.00,0.855,0
0.00,0.00,0.00,0.0000,0.0000,0.0000,0.0000,0.00,0.00,0.00,0.00,0.00,0.00,0.00,2,0.20,0.0000,0.0000,1,0.855,0.000,0.00,0.00,0.855,0
phase1 acc_mag=0.000 gravity=0.000 motion=0.000 moving_avg=-0.000 rms=0.003 mean_rms=0.003 max_rms=0.003 min_rms=0.003 std=0.001 var=0.000 state=standing thr=0.080/0.350/0.850
0.00,0.00,0.00,0.0000,0.0000,0.0000,0.0000,0.00,0.00,0.00,0.00,0.00,0.00,0.00,2,0.20,0.0000,0.0000,1,0.855,0.000,0.00,0.00,0.855,0
0.00,0.00,0.00,0.0000,0.0000,0.0000,0.0000,0.00,0.00,0.00,0.00,0.00,0.00,0.00,2,0.20,0.0000,0.0000,1,0.855,0.000,0.00,0.00,0.855,0
0.00,0.00,0.00,0.0000,0.0000,0.0000,0.0000,0.00,0.00,0.00,0.00,0.00,0.00,0.00,2,0.20,0.0000,0.0000,1,0.855,0.000,0.00,0.00,0.855,0
0.00,0.00,0.00,0.0000,0.0000,0.0000,0.0000,0.00,0.00,0.00,0.00,0.00,0.00,0.00,2,0.20,0.0000,0.0000,1,0.855,0.000,0.00,0.00,0.855,0
phase1 acc_mag=0.000 gravity=0.000 motion=0.000 moving_avg=-0.000 rms=0.003 mean_rms=0.003 max_rms=0.003 min_rms=0.003 std=0.001 var=0.000 state=standing thr=0.080/0.350/0.850
0.00,0.00,0.00,0.0000,0.0000,0.0000,0.0000,0.00,0.00,0.00,0.00,0.00,0.00,0.00,2,0.20,0.0000,0.0000,1,0.855,0.000,0.00,0.00,0.855,0
0.00,0.00,0.00,0.0000,0.0000,0.0000,0.0000,0.00,0.00,0.00,0.00,0.00,0.00,0.00,2,0.20,0.0000,0.0000,1,0.855,0.000,0.00,0.00,0.855,0
0.00,0.00,0.00,0.0000,0.0000,0.0000,0.0000,0.00,0.00,0.00,0.00,0.00,0.00,0.00,2,0.20,0.0000,0.0000,1,0.855,0.000,0.00,0.00,0.855,0
0.00,0.00,0.00,0.0000,0.0000,0.0000,0.0000,0.00,0.00,0.00,0.00,0.00,0.00,0.00,2,0.20,0.0000,0.0000,1,0.855,0.000,0.00,0.00,0.855,0
phase1 acc_mag=0.000 gravity=0.000 motion=0.000 moving_avg=-0.000 rms=0.003 mean_rms=0.003 max_rms=0.003 min_rms=0.003 std=0.001 var=0.000 state=standing thr=0.080/0.350/0.850
0.00,0.00,0.00,0.0000,0.0000,0.0000,0.0000,0.00,0.00,0.00,0.00,0.00,0.00,0.00,2,0.20,0.0000,0.0000,1,0.855,0.000,0.00,0.00,0.855,0
0.00,0.00,0.00,0.0000,0.0000,0.0000,0.0000,0.00,0.00,0.00,0.00,0.00,0.00,0.00,2,0.20,0.0000,0.0000,1,0.855,0.000,0.00,0.00,0.855,0
0.00,0.00,0.00,0.0000,0.0000,0.0000,0.0000,0.00,0.00,0.00,0.00,0.00,0.00,0.00,2,0.20,0.0000,0.0000,1,0.855,0.000,0.00,0.00,0.855,0
0.00,0.00,0.00,0.0000,0.0000,0.0000,0.0000,0.00,0.00,0.00,0.00,0.00,0.00,0.00,2,0.20,0.0000,0.0000,1,0.855,0.000,0.00,0.00,0.855,0
phase1 acc_mag=0.000 gravity=0.000 motion=0.000 moving_avg=-0.000 rms=0.003 mean_rms=0.003 max_rms=0.003 min_rms=0.003 std=0.001 var=0.000 state=standing thr=0.080/0.350/0.850
0.00,0.00,0.00,0.0000,0.0000,0.0000,0.0000,0.00,0.00,0.00,0.00,0.00,0.00,0.00,2,0.20,0.0000,0.0000,1,0.855,0.000,0.00,0.00,0.855,0
0.00,0.00,0.00,0.0000,0.0000,0.0000,0.0000,0.00,0.00,0.00,0.00,0.00,0.00,0.00,2,0.20,0.0000,0.0000,1,0.855,0.000,0.00,0.00,0.855,0
0.00,0.00,0.00,0.0000,0.0000,0.0000,0.0000,0.00,0.00,0.00,0.00,0.00,0.00,0.00,2,0.20,0.0000,0.0000,1,0.855,0.000,0.00,0.00,0.855,0
0.00,0.00,0.00,0.0000,0.0000,0.0000,0.0000,0.00,0.00,0.00,0.00,0.00,0.00,0.00,2,0.20,0.0000,0.0000,1,0.855,0.000,0.00,0.00,0.855,0
phase1 acc_mag=0.000 gravity=0.000 motion=0.000 moving_avg=-0.000 rms=0.003 mean_rms=0.003 max_rms=0.003 min_rms=0.003 std=0.001 var=0.000 state=standing thr=0.080/0.350/0.850
0.00,0.00,0.00,0.0000,0.0000,0.0000,0.0000,0.00,0.00,0.00,0.00,0.00,0.00,0.00,2,0.20,0.0000,0.0000,1,0.855,0.000,0.00,0.00,0.855,0
0.00,0.00,0.00,0.0000,0.0000,0.0000,0.0000,0.00,0.00,0.00,0.00,0.00,0.00,0.00,2,0.20,0.0000,0.0000,1,0.855,0.000,0.00,0.00,0.855,0
0.00,0.00,0.00,0.0000,0.0000,0.0000,0.0000,0.00,0.00,0.00,0.00,0.00,0.00,0.00,2,0.20,0.0000,0.0000,1,0.855,0.000,0.00,0.00,0.855,0
0.00,0.00,0.00,0.0000,0.0000,0.0000,0.0000,0.00,0.00,0.00,0.00,0.00,0.00,0.00,2,0.20,0.0000,0.0000,1,0.855,0.000,0.00,0.00,0.855,0
phase1 acc_mag=0.000 gravity=0.000 motion=0.000 moving_avg=-0.000 rms=0.003 mean_rms=0.003 max_rms=0.003 min_rms=0.003 std=0.001 var=0.000 state=standing thr=0.080/0.350/0.850
0.00,0.00,0.00,0.0000,0.0000,0.0000,0.0000,0.00,0.00,0.00,0.00,0.00,0.00,0.00,2,0.20,0.0000,0.0000,1,0.855,0.000,0.00,0.00,0.855,0
0.00,0.00,0.00,0.0000,0.0000,0.0000,0.0000,0.00,0.00,0.00,0.00,0.00,0.00,0.00,2,0.20,0.0000,0.0000,1,0.855,0.000,0.00,0.00,0.855,0
0.00,0.00,0.00,0.0000,0.0000,0.0000,0.0000,0.00,0.00,0.00,0.00,0.00,0.00,0.00,2,0.20,0.0000,0.0000,1,0.855,0.000,0.00,0.00,0.855,0
0.00,0.00,0.00,0.0000,0.0000,0.0000,0.0000,0.00,0.00,0.00,0.00,0.00,0.00,0.00,2,0.20,0.0000,0.0000,1,0.855,0.000,0.00,0.00,0.855,0
phase1 acc_mag=0.000 gravity=0.000 motion=0.000 moving_avg=-0.000 rms=0.003 mean_rms=0.003 max_rms=0.003 min_rms=0.003 std=0.001 var=0.000 state=standing thr=0.080/0.350/0.850
0.00,0.00,0.00,0.0000,0.0000,0.0000,0.0000,0.00,0.00,0.00,0.00,0.00,0.00,0.00,2,0.20,0.0000,0.0000,1,0.855,0.000,0.00,0.00,0.855,0
phase1 acc_mag=0.000 gravity=0.000 motion=0.000 moving_avg=-0.000 rms=0.003 mean_rms=0.003 max_rms=0.003 min_rms=0.003 std=0.001 var=0.000 state=standing thr=0.080/0.350/0.850
0.00,0.00,0.00,0.0000,0.0000,0.0000,0.0000,0.00,0.00,0.00,0.00,0.00,0.00,0.00,2,0.20,0.0000,0.0000,1,0.855,0.000,0.00,0.00,0.855,0
0.00,0.00,0.00,0.0000,0.0000,0.0000,0.0000,0.00,0.00,0.00,0.00,0.00,0.00,0.00,2,0.20,0.0000,0.0000,1,0.855,0.000,0.00,0.00,0.855,0
0.00,0.00,0.00,0.0000,0.0000,0.0000,0.0000,0.00,0.00,0.00,0.00,0.00,0.00,0.00,2,0.20,0.0000,0.0000,1,0.855,0.000,0.00,0.00,0.855,0
0.00,0.00,0.00,0.0000,0.0000,0.0000,0.0000,0.00,0.00,0.00,0.00,0.00,0.00,0.00,2,0.20,0.0000,0.0000,1,0.855,0.000,0.00,0.00,0.855,0
phase1 acc_mag=0.000 gravity=0.000 motion=0.000 moving_avg=-0.000 rms=0.003 mean_rms=0.003 max_rms=0.003 min_rms=0.003 std=0.001 var=0.000 state=standing thr=0.080/0.350/0.850
0.00,0.00,0.00,0.0000,0.0000,0.0000,0.0000,0.00,0.00,0.00,0.00,0.00,0.00,0.00,2,0.20,0.0000,0.0000,1,0.855,0.000,0.00,0.00,0.855,0
0.00,0.00,0.00,0.0000,0.0000,0.0000,0.0000,0.00,0.00,0.00,0.00,0.00,0.00,0.00,2,0.20,0.0000,0.0000,1,0.855,0.000,0.00,0.00,0.855,0
0.00,0.00,0.00,0.0000,0.0000,0.0000,0.0000,0.00,0.00,0.00,0.00,0.00,0.00,0.00,2,0.20,0.0000,0.0000,1,0.855,0.000,0.00,0.00,0.855,0
0.00,0.00,0.00,0.0000,0.0000,0.0000,0.0000,0.00,0.00,0.00,0.00,0.00,0.00,0.00,2,0.20,0.0000,0.0000,1,0.855,0.000,0.00,0.00,0.855,0
phase1 acc_mag=0.000 gravity=0.000 motion=0.000 moving_avg=-0.000 rms=0.003 mean_rms=0.003 max_rms=0.003 min_rms=0.003 std=0.001 var=0.000 state=standing thr=0.080/0.350/0.850
0.00,0.00,0.00,0.0000,0.0000,0.0000,0.0000,0.00,0.00,0.00,0.00,0.00,0.00,0.00,2,0.20,0.0000,0.0000,1,0.855,0.000,0.00,0.00,0.855,0
0.00,0.00,0.00,0.0000,0.0000,0.0000,0.0000,0.00,0.00,0.00,0.00,0.00,0.00,0.00,2,0.20,0.0000,0.0000,1,0.855,0.000,0.00,0.00,0.855,0
0.00,0.00,0.00,0.0000,0.0000,0.0000,0.0000,0.00,0.00,0.00,0.00,0.00,0.00,0.00,2,0.20,0.0000,0.0000,1,0.855,0.000,0.00,0.00,0.855,0
0.00,0.00,0.00,0.0000,0.0000,0.0000,0.0000,0.00,0.00,0.00,0.00,0.00,0.00,0.00,2,0.20,0.0000,0.0000,1,0.855,0.000,0.00,0.00,0.855,0
phase1 acc_mag=0.000 gravity=0.000 motion=0.000 moving_avg=-0.000 rms=0.003 mean_rms=0.003 max_rms=0.003 min_rms=0.003 std=0.001 var=0.000 state=standing thr=0.080/0.350/0.850
0.00,0.00,0.00,0.0000,0.0000,0.0000,0.0000,0.00,0.00,0.00,0.00,0.00,0.00,0.00,2,0.20,0.0000,0.0000,1,0.855,0.000,0.00,0.00,0.855,0
0.00,0.00,0.00,0.0000,0.0000,0.0000,0.0000,0.00,0.00,0.00,0.00,0.00,0.00,0.00,2,0.20,0.0000,0.0000,1,0.855,0.000,0.00,0.00,0.855,0
0.00,0.00,0.00,0.0000,0.0000,0.0000,0.0000,0.00,0.00,0.00,0.00,0.00,0.00,0.00,2,0.20,0.0000,0.0000,1,0.855,0.000,0.00,0.00,0.855,0
0.00,0.00,0.00,0.0000,0.0000,0.0000,0.0000,0.00,0.00,0.00,0.00,0.00,0.00,0.00,2,0.20,0.0000,0.0000,1,0.855,0.000,0.00,0.00,0.855,0
phase1 acc_mag=0.000 gravity=0.000 motion=0.000 moving_avg=-0.000 rms=0.003 mean_rms=0.003 max_rms=0.003 min_rms=0.003 std=0.001 var=0.000 state=standing thr=0.080/0.350/0.850
0.00,0.00,0.00,0.0000,0.0000,0.0000,0.0000,0.00,0.00,0.00,0.00,0.00,0.00,0.00,2,0.20,0.0000,0.0000,1,0.855,0.000,0.00,0.00,0.855,0
0.00,0.00,0.00,0.0000,0.0000,0.0000,0.0000,0.00,0.00,0.00,0.00,0.00,0.00,0.00,2,0.20,0.0000,0.0000,1,0.855,0.000,0.00,0.00,0.855,0
phase1 acc_mag=0.000 gravity=0.000 motion=0.000 moving_avg=-0.000 rms=0.003 mean_rms=0.003 max_rms=0.003 min_rms=0.003 std=0.001 var=0.000 state=standing thr=0.080/0.350/0.850
0.00,0.00,0.00,0.0000,0.0000,0.0000,0.0000,0.00,0.00,0.00,0.00,0.00,0.00,0.00,2,0.20,0.0000,0.0000,1,0.855,0.000,0.00,0.00,0.855,0
0.00,0.00,0.00,0.0000,0.0000,0.0000,0.0000,0.00,0.00,0.00,0.00,0.00,0.00,0.00,2,0.20,0.0000,0.0000,1,0.855,0.000,0.00,0.00,0.855,0
0.00,0.00,0.00,0.0000,0.0000,0.0000,0.0000,0.00,0.00,0.00,0.00,0.00,0.00,0.00,2,0.20,0.0000,0.0000,1,0.855,0.000,0.00,0.00,0.855,0
0.00,0.00,0.00,0.0000,0.0000,0.0000,0.0000,0.00,0.00,0.00,0.00,0.00,0.00,0.00,2,0.20,0.0000,0.0000,1,0.855,0.000,0.00,0.00,0.855,0
phase1 acc_mag=0.000 gravity=0.000 motion=0.000 moving_avg=-0.000 rms=0.003 mean_rms=0.003 max_rms=0.003 min_rms=0.003 std=0.001 var=0.000 state=standing thr=0.080/0.350/0.850
0.00,0.00,0.00,0.0000,0.0000,0.0000,0.0000,0.00,0.00,0.00,0.00,0.00,0.00,0.00,2,0.20,0.0000,0.0000,1,0.855,0.000,0.00,0.00,0.855,0
0.00,0.00,0.00,0.0000,0.0000,0.0000,0.0000,0.00,0.00,0.00,0.00,0.00,0.00,0.00,2,0.20,0.0000,0.0000,1,0.855,0.000,0.00,0.00,0.855,0
0.00,0.00,0.00,0.0000,0.0000,0.0000,0.0000,0.00,0.00,0.00,0.00,0.00,0.00,0.00,2,0.20,0.0000,0.0000,1,0.855,0.000,0.00,0.00,0.855,0
0.00,0.00,0.00,0.0000,0.0000,0.0000,0.0000,0.00,0.00,0.00,0.00,0.00,0.00,0.00,2,0.20,0.0000,0.0000,1,0.855,0.000,0.00,0.00,0.855,0
phase1 acc_mag=0.000 gravity=0.000 motion=0.000 moving_avg=-0.000 rms=0.003 mean_rms=0.003 max_rms=0.003 min_rms=0.003 std=0.001 var=0.000 state=standing thr=0.080/0.350/0.850
0.00,0.00,0.00,0.0000,0.0000,0.0000,0.0000,0.00,0.00,0.00,0.00,0.00,0.00,0.00,2,0.20,0.0000,0.0000,1,0.855,0.000,0.00,0.00,0.855,0
0.00,0.00,0.00,0.0000,0.0000,0.0000,0.0000,0.00,0.00,0.00,0.00,0.00,0.00,0.00,2,0.20,0.0000,0.0000,1,0.855,0.000,0.00,0.00,0.855,0
0.00,0.00,0.00,0.0000,0.0000,0.0000,0.0000,0.00,0.00,0.00,0.00,0.00,0.00,0.00,2,0.20,0.0000,0.0000,1,0.855,0.000,0.00,0.00,0.855,0
0.00,0.00,0.00,0.0000,0.0000,0.0000,0.0000,0.00,0.00,0.00,0.00,0.00,0.00,0.00,2,0.20,0.0000,0.0000,1,0.855,0.000,0.00,0.00,0.855,0
phase1 acc_mag=0.000 gravity=0.000 motion=0.000 moving_avg=-0.000 rms=0.003 mean_rms=0.003 max_rms=0.003 min_rms=0.003 std=0.001 var=0.000 state=standing thr=0.080/0.350/0.850
0.00,0.00,0.00,0.0000,0.0000,0.0000,0.0000,0.00,0.00,0.00,0.00,0.00,0.00,0.00,2,0.20,0.0000,0.0000,1,0.855,0.000,0.00,0.00,0.855,0
0.00,0.00,0.00,0.0000,0.0000,0.0000,0.0000,0.00,0.00,0.00,0.00,0.00,0.00,0.00,2,0.20,0.0000,0.0000,1,0.855,0.000,0.00,0.00,0.855,0
0.00,0.00,0.00,0.0000,0.0000,0.0000,0.0000,0.00,0.00,0.00,0.00,0.00,0.00,0.00,2,0.20,0.0000,0.0000,1,0.855,0.000,0.00,0.00,0.855,0
0.00,0.00,0.00,0.0000,0.0000,0.0000,0.0000,0.00,0.00,0.00,0.00,0.00,0.00,0.00,2,0.20,0.0000,0.0000,1,0.855,0.000,0.00,0.00,0.855,0
phase1 acc_mag=0.000 gravity=0.000 motion=0.000 moving_avg=-0.000 rms=0.003 mean_rms=0.003 max_rms=0.003 min_rms=0.003 std=0.001 var=0.000 state=standing thr=0.080/0.350/0.850
0.00,0.00,0.00,0.0000,0.0000,0.0000,0.0000,0.00,0.00,0.00,0.00,0.00,0.00,0.00,2,0.20,0.0000,0.0000,1,0.855,0.000,0.00,0.00,0.855,0
0.00,0.00,0.00,0.0000,0.0000,0.0000,0.0000,0.00,0.00,0.00,0.00,0.00,0.00,0.00,2,0.20,0.0000,0.0000,1,0.855,0.000,0.00,0.00,0.855,0
0.00,0.00,0.00,0.0000,0.0000,0.0000,0.0000,0.00,0.00,0.00,0.00,0.00,0.00,0.00,2,0.20,0.0000,0.0000,1,0.855,0.000,0.00,0.00,0.855,0
0.00,0.00,0.00,0.0000,0.0000,0.0000,0.0000,0.00,0.00,0.00,0.00,0.00,0.00,0.00,2,0.20,0.0000,0.0000,1,0.855,0.000,0.00,0.00,0.855,0
phase1 acc_mag=0.000 gravity=0.000 motion=0.000 moving_avg=-0.000 rms=0.003 mean_rms=0.003 max_rms=0.003 min_rms=0.003 std=0.001 var=0.000 state=standing thr=0.080/0.350/0.850
0.00,0.00,0.00,0.0000,0.0000,0.0000,0.0000,0.00,0.00,0.00,0.00,0.00,0.00,0.00,2,0.20,0.0000,0.0000,1,0.855,0.000,0.00,0.00,0.855,0
0.00,0.00,0.00,0.0000,0.0000,0.0000,0.0000,0.00,0.00,0.00,0.00,0.00,0.00,0.00,2,0.20,0.0000,0.0000,1,0.855,0.000,0.00,0.00,0.855,0
0.00,0.00,0.00,0.0000,0.0000,0.0000,0.0000,0.00,0.00,0.00,0.00,0.00,0.00,0.00,2,0.20,0.0000,0.0000,1,0.855,0.000,0.00,0.00,0.855,0
0.00,0.00,0.00,0.0000,0.0000,0.0000,0.0000,0.00,0.00,0.00,0.00,0.00,0.00,0.00,2,0.20,0.0000,0.0000,1,0.855,0.000,0.00,0.00,0.855,0
phase1 acc_mag=0.000 gravity=0.000 motion=0.000 moving_avg=-0.000 rms=0.003 mean_rms=0.003 max_rms=0.003 min_rms=0.003 std=0.001 var=0.000 state=standing thr=0.080/0.350/0.850
0.00,0.00,0.00,0.0000,0.0000,0.0000,0.0000,0.00,0.00,0.00,0.00,0.00,0.00,0.00,2,0.20,0.0000,0.0000,1,0.855,0.000,0.00,0.00,0.855,0
0.00,0.00,0.00,0.0000,0.0000,0.0000,0.0000,0.00,0.00,0.00,0.00,0.00,0.00,0.00,2,0.20,0.0000,0.0000,1,0.855,0.000,0.00,0.00,0.855,0
0.00,0.00,0.00,0.0000,0.0000,0.0000,0.0000,0.00,0.00,0.00,0.00,0.00,0.00,0.00,2,0.20,0.0000,0.0000,1,0.855,0.000,0.00,0.00,0.855,0
0.00,0.00,0.00,0.0000,0.0000,0.0000,0.0000,0.00,0.00,0.00,0.00,0.00,0.00,0.00,2,0.20,0.0000,0.0000,1,0.855,0.000,0.00,0.00,0.855,0
phase1 acc_mag=0.000 gravity=0.000 motion=0.000 moving_avg=-0.000 rms=0.003 mean_rms=0.003 max_rms=0.003 min_rms=0.003 std=0.001 var=0.000 state=standing thr=0.080/0.350/0.850
0.00,0.00,0.00,0.0000,0.0000,0.0000,0.0000,0.00,0.00,0.00,0.00,0.00,0.00,0.00,2,0.20,0.0000,0.0000,1,0.855,0.000,0.00,0.00,0.855,0
0.00,0.00,0.00,0.0000,0.0000,0.0000,0.0000,0.00,0.00,0.00,0.00,0.00,0.00,0.00,2,0.20,0.0000,0.0000,1,0.855,0.000,0.00,0.00,0.855,0
0.00,0.00,0.00,0.0000,0.0000,0.0000,0.0000,0.00,0.00,0.00,0.00,0.00,0.00,0.00,2,0.20,0.0000,0.0000,1,0.855,0.000,0.00,0.00,0.855,0
0.00,0.00,0.00,0.0000,0.0000,0.0000,0.0000,0.00,0.00,0.00,0.00,0.00,0.00,0.00,2,0.20,0.0000,0.0000,1,0.855,0.000,0.00,0.00,0.855,0
phase1 acc_mag=0.000 gravity=0.000 motion=0.000 moving_avg=-0.000 rms=0.003 mean_rms=0.003 max_rms=0.003 min_rms=0.003 std=0.001 var=0.000 state=standing thr=0.080/0.350/0.850
0.00,0.00,0.00,0.0000,0.0000,0.0000,0.0000,0.00,0.00,0.00,0.00,0.00,0.00,0.00,2,0.20,0.0000,0.0000,1,0.855,0.000,0.00,0.00,0.855,0
0.00,0.00,0.00,0.0000,0.0000,0.0000,0.0000,0.00,0.00,0.00,0.00,0.00,0.00,0.00,2,0.20,0.0000,0.0000,1,0.855,0.000,0.00,0.00,0.855,0
0.00,0.00,0.00,0.0000,0.0000,0.0000,0.0000,0.00,0.00,0.00,0.00,0.00,0.00,0.00,2,0.20,0.0000,0.0000,1,0.855,0.000,0.00,0.00,0.855,0
0.00,0.00,0.00,0.0000,0.0000,0.0000,0.0000,0.00,0.00,0.00,0.00,0.00,0.00,0.00,2,0.20,0.0000,0.0000,1,0.855,0.000,0.00,0.00,0.855,0
phase1 acc_mag=0.000 gravity=0.000 motion=0.000 moving_avg=-0.000 rms=0.003 mean_rms=0.003 max_rms=0.003 min_rms=0.003 std=0.001 var=0.000 state=standing thr=0.080/0.350/0.850
0.00,0.00,0.00,0.0000,0.0000,0.0000,0.0000,0.00,0.00,0.00,0.00,0.00,0.00,0.00,2,0.20,0.0000,0.0000,1,0.855,0.000,0.00,0.00,0.855,0
0.00,0.00,0.00,0.0000,0.0000,0.0000,0.0000,0.00,0.00,0.00,0.00,0.00,0.00,0.00,2,0.20,0.0000,0.0000,1,0.855,0.000,0.00,0.00,0.855,0
0.00,0.00,0.00,0.0000,0.0000,0.0000,0.0000,0.00,0.00,0.00,0.00,0.00,0.00,0.00,2,0.20,0.0000,0.0000,1,0.855,0.000,0.00,0.00,0.855,0
0.00,0.00,0.00,0.0000,0.0000,0.0000,0.0000,0.00,0.00,0.00,0.00,0.00,0.00,0.00,2,0.20,0.0000,0.0000,1,0.855,0.000,0.00,0.00,0.855,0
phase1 acc_mag=0.000 gravity=0.000 motion=0.000 moving_avg=-0.000 rms=0.003 mean_rms=0.003 max_rms=0.003 min_rms=0.003 std=0.001 var=0.000 state=standing thr=0.080/0.350/0.850
0.00,0.00,0.00,0.0000,0.0000,0.0000,0.0000,0.00,0.00,0.00,0.00,0.00,0.00,0.00,2,0.20,0.0000,0.0000,1,0.855,0.000,0.00,0.00,0.855,0
0.00,0.00,0.00,0.0000,0.0000,0.0000,0.0000,0.00,0.00,0.00,0.00,0.00,0.00,0.00,2,0.20,0.0000,0.0000,1,0.855,0.000,0.00,0.00,0.855,0
0.00,0.00,0.00,0.0000,0.0000,0.0000,0.0000,0.00,0.00,0.00,0.00,0.00,0.00,0.00,2,0.20,0.0000,0.0000,1,0.855,0.000,0.00,0.00,0.855,0
0.00,0.00,0.00,0.0000,0.0000,0.0000,0.0000,0.00,0.00,0.00,0.00,0.00,0.00,0.00,2,0.20,0.0000,0.0000,1,0.855,0.000,0.00,0.00,0.855,0
phase1 acc_mag=0.000 gravity=0.000 motion=0.000 moving_avg=-0.000 rms=0.003 mean_rms=0.003 max_rms=0.003 min_rms=0.003 std=0.001 var=0.000 state=standing thr=0.080/0.350/0.850
0.00,0.00,0.00,0.0000,0.0000,0.0000,0.0000,0.00,0.00,0.00,0.00,0.00,0.00,0.00,2,0.20,0.0000,0.0000,1,0.855,0.000,0.00,0.00,0.855,0
0.00,0.00,0.00,0.0000,0.0000,0.0000,0.0000,0.00,0.00,0.00,0.00,0.00,0.00,0.00,2,0.20,0.0000,0.0000,1,0.855,0.000,0.00,0.00,0.855,0
0.00,0.00,0.00,0.0000,0.0000,0.0000,0.0000,0.00,0.00,0.00,0.00,0.00,0.00,0.00,2,0.20,0.0000,0.0000,1,0.855,0.000,0.00,0.00,0.855,0
0.00,0.00,0.00,0.0000,0.0000,0.0000,0.0000,0.00,0.00,0.00,0.00,0.00,0.00,0.00,2,0.20,0.0000,0.0000,1,0.855,0.000,0.00,0.00,0.855,0
phase1 acc_mag=0.000 gravity=0.000 motion=0.000 moving_avg=-0.000 rms=0.003 mean_rms=0.003 max_rms=0.003 min_rms=0.003 std=0.001 var=0.000 state=standing thr=0.080/0.350/0.850
0.00,0.00,0.00,0.0000,0.0000,0.0000,0.0000,0.00,0.00,0.00,0.00,0.00,0.00,0.00,2,0.20,0.0000,0.0000,1,0.855,0.000,0.00,0.00,0.855,0
0.00,0.00,0.00,0.0000,0.0000,0.0000,0.0000,0.00,0.00,0.00,0.00,0.00,0.00,0.00,2,0.20,0.0000,0.0000,1,0.855,0.000,0.00,0.00,0.855,0
0.00,0.00,0.00,0.0000,0.0000,0.0000,0.0000,0.00,0.00,0.00,0.00,0.00,0.00,0.00,2,0.20,0.0000,0.0000,1,0.855,0.000,0.00,0.00,0.855,0
0.00,0.00,0.00,0.0000,0.0000,0.0000,0.0000,0.00,0.00,0.00,0.00,0.00,0.00,0.00,2,0.20,0.0000,0.0000,1,0.855,0.000,0.00,0.00,0.855,0
phase1 acc_mag=0.000 gravity=0.000 motion=0.000 moving_avg=-0.000 rms=0.003 mean_rms=0.003 max_rms=0.003 min_rms=0.003 std=0.001 var=0.000 state=standing thr=0.080/0.350/0.850
0.00,0.00,0.00,0.0000,0.0000,0.0000,0.0000,0.00,0.00,0.00,0.00,0.00,0.00,0.00,2,0.20,0.0000,0.0000,1,0.855,0.000,0.00,0.00,0.855,0
0.00,0.00,0.00,0.0000,0.0000,0.0000,0.0000,0.00,0.00,0.00,0.00,0.00,0.00,0.00,2,0.20,0.0000,0.0000,1,0.855,0.000,0.00,0.00,0.855,0
0.00,0.00,0.00,0.0000,0.0000,0.0000,0.0000,0.00,0.00,0.00,0.00,0.00,0.00,0.00,2,0.20,0.0000,0.0000,1,0.855,0.000,0.00,0.00,0.855,0
0.00,0.00,0.00,0.0000,0.0000,0.0000,0.0000,0.00,0.00,0.00,0.00,0.00,0.00,0.00,2,0.20,0.0000,0.0000,1,0.855,0.000,0.00,0.00,0.855,0
phase1 acc_mag=0.000 gravity=0.000 motion=0.000 moving_avg=-0.000 rms=0.003 mean_rms=0.003 max_rms=0.003 min_rms=0.003 std=0.001 var=0.000 state=standing thr=0.080/0.350/0.850
0.00,0.00,0.00,0.0000,0.0000,0.0000,0.0000,0.00,0.00,0.00,0.00,0.00,0.00,0.00,2,0.20,0.0000,0.0000,1,0.855,0.000,0.00,0.00,0.855,0
0.00,0.00,0.00,0.0000,0.0000,0.0000,0.0000,0.00,0.00,0.00,0.00,0.00,0.00,0.00,2,0.20,0.0000,0.0000,1,0.855,0.000,0.00,0.00,0.855,0
0.00,0.00,0.00,0.0000,0.0000,0.0000,0.0000,0.00,0.00,0.00,0.00,0.00,0.00,0.00,2,0.20,0.0000,0.0000,1,0.855,0.000,0.00,0.00,0.855,0
0.00,0.00,0.00,0.0000,0.0000,0.0000,0.0000,0.00,0.00,0.00,0.00,0.00,0.00,0.00,2,0.20,0.0000,0.0000,1,0.855,0.000,0.00,0.00,0.855,0
phase1 acc_mag=0.000 gravity=0.000 motion=0.000 moving_avg=-0.000 rms=0.003 mean_rms=0.003 max_rms=0.003 min_rms=0.003 std=0.001 var=0.000 state=standing thr=0.080/0.350/0.850
0.00,0.00,0.00,0.0000,0.0000,0.0000,0.0000,0.00,0.00,0.00,0.00,0.00,0.00,0.00,2,0.20,0.0000,0.0000,1,0.855,0.000,0.00,0.00,0.855,0
0.00,0.00,0.00,0.0000,0.0000,0.0000,0.0000,0.00,0.00,0.00,0.00,0.00,0.00,0.00,2,0.20,0.0000,0.0000,1,0.855,0.000,0.00,0.00,0.855,0
0.00,0.00,0.00,0.0000,0.0000,0.0000,0.0000,0.00,0.00,0.00,0.00,0.00,0.00,0.00,2,0.20,0.0000,0.0000,1,0.855,0.000,0.00,0.00,0.855,0
0.00,0.00,0.00,0.0000,0.0000,0.0000,0.0000,0.00,0.00,0.00,0.00,0.00,0.00,0.00,2,0.20,0.0000,0.0000,1,0.855,0.000,0.00,0.00,0.855,0
phase1 acc_mag=0.000 gravity=0.000 motion=0.000 moving_avg=-0.000 rms=0.003 mean_rms=0.003 max_rms=0.003 min_rms=0.003 std=0.001 var=0.000 state=standing thr=0.080/0.350/0.850
0.00,0.00,0.00,0.0000,0.0000,0.0000,0.0000,0.00,0.00,0.00,0.00,0.00,0.00,0.00,2,0.20,0.0000,0.0000,1,0.855,0.000,0.00,0.00,0.855,0
0.00,0.00,0.00,0.0000,0.0000,0.0000,0.0000,0.00,0.00,0.00,0.00,0.00,0.00,0.00,2,0.20,0.0000,0.0000,1,0.855,0.000,0.00,0.00,0.855,0
0.00,0.00,0.00,0.0000,0.0000,0.0000,0.0000,0.00,0.00,0.00,0.00,0.00,0.00,0.00,2,0.20,0.0000,0.0000,1,0.855,0.000,0.00,0.00,0.855,0
0.00,0.00,0.00,0.0000,0.0000,0.0000,0.0000,0.00,0.00,0.00,0.00,0.00,0.00,0.00,2,0.20,0.0000,0.0000,1,0.855,0.000,0.00,0.00,0.855,0
phase1 acc_mag=0.000 gravity=0.000 motion=0.000 moving_avg=-0.000 rms=0.003 mean_rms=0.003 max_rms=0.003 min_rms=0.003 std=0.001 var=0.000 state=standing thr=0.080/0.350/0.850
0.00,0.00,0.00,0.0000,0.0000,0.0000,0.0000,0.00,0.00,0.00,0.00,0.00,0.00,0.00,2,0.20,0.0000,0.0000,1,0.855,0.000,0.00,0.00,0.855,0
0.00,0.00,0.00,0.0000,0.0000,0.0000,0.0000,0.00,0.00,0.00,0.00,0.00,0.00,0.00,2,0.20,0.0000,0.0000,1,0.855,0.000,0.00,0.00,0.855,0
0.00,0.00,0.00,0.0000,0.0000,0.0000,0.0000,0.00,0.00,0.00,0.00,0.00,0.00,0.00,2,0.20,0.0000,0.0000,1,0.855,0.000,0.00,0.00,0.855,0
0.00,0.00,0.00,0.0000,0.0000,0.0000,0.0000,0.00,0.00,0.00,0.00,0.00,0.00,0.00,2,0.20,0.0000,0.0000,1,0.855,0.000,0.00,0.00,0.855,0
phase1 acc_mag=0.000 gravity=0.000 motion=0.000 moving_avg=-0.000 rms=0.003 mean_rms=0.003 max_rms=0.003 min_rms=0.003 std=0.001 var=0.000 state=standing thr=0.080/0.350/0.850
0.00,0.00,0.00,0.0000,0.0000,0.0000,0.0000,0.00,0.00,0.00,0.00,0.00,0.00,0.00,2,0.20,0.0000,0.0000,1,0.855,0.000,0.00,0.00,0.855,0
0.00,0.00,0.00,0.0000,0.0000,0.0000,0.0000,0.00,0.00,0.00,0.00,0.00,0.00,0.00,2,0.20,0.0000,0.0000,1,0.855,0.000,0.00,0.00,0.855,0
0.00,0.00,0.00,0.0000,0.0000,0.0000,0.0000,0.00,0.00,0.00,0.00,0.00,0.00,0.00,2,0.20,0.0000,0.0000,1,0.855,0.000,0.00,0.00,0.855,0
0.00,0.00,0.00,0.0000,0.0000,0.0000,0.0000,0.00,0.00,0.00,0.00,0.00,0.00,0.00,2,0.20,0.0000,0.0000,1,0.855,0.000,0.00,0.00,0.855,0
phase1 acc_mag=0.000 gravity=0.000 motion=0.000 moving_avg=-0.000 rms=0.003 mean_rms=0.003 max_rms=0.003 min_rms=0.003 std=0.001 var=0.000 state=standing thr=0.080/0.350/0.850
0.00,0.00,0.00,0.0000,0.0000,0.0000,0.0000,0.00,0.00,0.00,0.00,0.00,0.00,0.00,2,0.20,0.0000,0.0000,1,0.855,0.000,0.00,0.00,0.855,0
0.00,0.00,0.00,0.0000,0.0000,0.0000,0.0000,0.00,0.00,0.00,0.00,0.00,0.00,0.00,2,0.20,0.0000,0.0000,1,0.855,0.000,0.00,0.00,0.855,0
0.00,0.00,0.00,0.0000,0.0000,0.0000,0.0000,0.00,0.00,0.00,0.00,0.00,0.00,0.00,2,0.20,0.0000,0.0000,1,0.855,0.000,0.00,0.00,0.855,0
0.00,0.00,0.00,0.0000,0.0000,0.0000,0.0000,0.00,0.00,0.00,0.00,0.00,0.00,0.00,2,0.20,0.0000,0.0000,1,0.855,0.000,0.00,0.00,0.855,0
phase1 acc_mag=0.000 gravity=0.000 motion=0.000 moving_avg=-0.000 rms=0.003 mean_rms=0.003 max_rms=0.003 min_rms=0.003 std=0.001 var=0.000 state=standing thr=0.080/0.350/0.850
0.00,0.00,0.00,0.0000,0.0000,0.0000,0.0000,0.00,0.00,0.00,0.00,0.00,0.00,0.00,2,0.20,0.0000,0.0000,1,0.855,0.000,0.00,0.00,0.855,0
0.00,0.00,0.00,0.0000,0.0000,0.0000,0.0000,0.00,0.00,0.00,0.00,0.00,0.00,0.00,2,0.20,0.0000,0.0000,1,0.855,0.000,0.00,0.00,0.855,0
0.00,0.00,0.00,0.0000,0.0000,0.0000,0.0000,0.00,0.00,0.00,0.00,0.00,0.00,0.00,2,0.20,0.0000,0.0000,1,0.855,0.000,0.00,0.00,0.855,0
0.00,0.00,0.00,0.0000,0.0000,0.0000,0.0000,0.00,0.00,0.00,0.00,0.00,0.00,0.00,2,0.20,0.0000,0.0000,1,0.855,0.000,0.00,0.00,0.855,0
phase1 acc_mag=0.000 gravity=0.000 motion=0.000 moving_avg=-0.000 rms=0.003 mean_rms=0.003 max_rms=0.003 min_rms=0.003 std=0.001 var=0.000 state=standing thr=0.080/0.350/0.850
0.00,0.00,0.00,0.0000,0.0000,0.0000,0.0000,0.00,0.00,0.00,0.00,0.00,0.00,0.00,2,0.20,0.0000,0.0000,1,0.855,0.000,0.00,0.00,0.855,0
0.00,0.00,0.00,0.0000,0.0000,0.0000,0.0000,0.00,0.00,0.00,0.00,0.00,0.00,0.00,2,0.20,0.0000,0.0000,1,0.855,0.000,0.00,0.00,0.855,0
0.00,0.00,0.00,0.0000,0.0000,0.0000,0.0000,0.00,0.00,0.00,0.00,0.00,0.00,0.00,2,0.20,0.0000,0.0000,1,0.855,0.000,0.00,0.00,0.855,0
0.00,0.00,0.00,0.0000,0.0000,0.0000,0.0000,0.00,0.00,0.00,0.00,0.00,0.00,0.00,2,0.20,0.0000,0.0000,1,0.855,0.000,0.00,0.00,0.855,0
phase1 acc_mag=0.000 gravity=0.000 motion=0.000 moving_avg=-0.000 rms=0.003 mean_rms=0.003 max_rms=0.003 min_rms=0.003 std=0.001 var=0.000 state=standing thr=0.080/0.350/0.850
0.00,0.00,0.00,0.0000,0.0000,0.0000,0.0000,0.00,0.00,0.00,0.00,0.00,0.00,0.00,2,0.20,0.0000,0.0000,1,0.855,0.000,0.00,0.00,0.855,0
0.00,0.00,0.00,0.0000,0.0000,0.0000,0.0000,0.00,0.00,0.00,0.00,0.00,0.00,0.00,2,0.20,0.0000,0.0000,1,0.855,0.000,0.00,0.00,0.855,0
0.00,0.00,0.00,0.0000,0.0000,0.0000,0.0000,0.00,0.00,0.00,0.00,0.00,0.00,0.00,2,0.20,0.0000,0.0000,1,0.855,0.000,0.00,0.00,0.855,0
0.00,0.00,0.00,0.0000,0.0000,0.0000,0.0000,0.00,0.00,0.00,0.00,0.00,0.00,0.00,2,0.20,0.0000,0.0000,1,0.855,0.000,0.00,0.00,0.855,0
phase1 acc_mag=0.000 gravity=0.000 motion=0.000 moving_avg=-0.000 rms=0.003 mean_rms=0.003 max_rms=0.003 min_rms=0.003 std=0.001 var=0.000 state=standing thr=0.080/0.350/0.850
0.00,0.00,0.00,0.0000,0.0000,0.0000,0.0000,0.00,0.00,0.00,0.00,0.00,0.00,0.00,2,0.20,0.0000,0.0000,1,0.855,0.000,0.00,0.00,0.855,0
0.00,0.00,0.00,0.0000,0.0000,0.0000,0.0000,0.00,0.00,0.00,0.00,0.00,0.00,0.00,2,0.20,0.0000,0.0000,1,0.855,0.000,0.00,0.00,0.855,0
0.00,0.00,0.00,0.0000,0.0000,0.0000,0.0000,0.00,0.00,0.00,0.00,0.00,0.00,0.00,2,0.20,0.0000,0.0000,1,0.855,0.000,0.00,0.00,0.855,0
0.00,0.00,0.00,0.0000,0.0000,0.0000,0.0000,0.00,0.00,0.00,0.00,0.00,0.00,0.00,2,0.20,0.0000,0.0000,1,0.855,0.000,0.00,0.00,0.855,0
phase1 acc_mag=0.000 gravity=0.000 motion=0.000 moving_avg=-0.000 rms=0.003 mean_rms=0.003 max_rms=0.003 min_rms=0.003 std=0.001 var=0.000 state=standing thr=0.080/0.350/0.850
0.00,0.00,0.00,0.0000,0.0000,0.0000,0.0000,0.00,0.00,0.00,0.00,0.00,0.00,0.00,2,0.20,0.0000,0.0000,1,0.855,0.000,0.00,0.00,0.855,0
0.00,0.00,0.00,0.0000,0.0000,0.0000,0.0000,0.00,0.00,0.00,0.00,0.00,0.00,0.00,2,0.20,0.0000,0.0000,1,0.855,0.000,0.00,0.00,0.855,0
0.00,0.00,0.00,0.0000,0.0000,0.0000,0.0000,0.00,0.00,0.00,0.00,0.00,0.00,0.00,2,0.20,0.0000,0.0000,1,0.855,0.000,0.00,0.00,0.855,0
0.00,0.00,0.00,0.0000,0.0000,0.0000,0.0000,0.00,0.00,0.00,0.00,0.00,0.00,0.00,2,0.20,0.0000,0.0000,1,0.855,0.000,0.00,0.00,0.855,0
phase1 acc_mag=0.000 gravity=0.000 motion=0.000 moving_avg=-0.000 rms=0.003 mean_rms=0.003 max_rms=0.003 min_rms=0.003 std=0.001 var=0.000 state=standing thr=0.080/0.350/0.850
0.00,0.00,0.00,0.0000,0.0000,0.0000,0.0000,0.00,0.00,0.00,0.00,0.00,0.00,0.00,2,0.20,0.0000,0.0000,1,0.855,0.000,0.00,0.00,0.855,0
0.00,0.00,0.00,0.0000,0.0000,0.0000,0.0000,0.00,0.00,0.00,0.00,0.00,0.00,0.00,2,0.20,0.0000,0.0000,1,0.855,0.000,0.00,0.00,0.855,0
0.00,0.00,0.00,0.0000,0.0000,0.0000,0.0000,0.00,0.00,0.00,0.00,0.00,0.00,0.00,2,0.20,0.0000,0.0000,1,0.855,0.000,0.00,0.00,0.855,0
0.00,0.00,0.00,0.0000,0.0000,0.0000,0.0000,0.00,0.00,0.00,0.00,0.00,0.00,0.00,2,0.20,0.0000,0.0000,1,0.855,0.000,0.00,0.00,0.855,0
phase1 acc_mag=0.000 gravity=0.000 motion=0.000 moving_avg=-0.000 rms=0.003 mean_rms=0.003 max_rms=0.003 min_rms=0.003 std=0.001 var=0.000 state=standing thr=0.080/0.350/0.850
0.00,0.00,0.00,0.0000,0.0000,0.0000,0.0000,0.00,0.00,0.00,0.00,0.00,0.00,0.00,2,0.20,0.0000,0.0000,1,0.855,0.000,0.00,0.00,0.855,0
0.00,0.00,0.00,0.0000,0.0000,0.0000,0.0000,0.00,0.00,0.00,0.00,0.00,0.00,0.00,2,0.20,0.0000,0.0000,1,0.855,0.000,0.00,0.00,0.855,0
0.00,0.00,0.00,0.0000,0.0000,0.0000,0.0000,0.00,0.00,0.00,0.00,0.00,0.00,0.00,2,0.20,0.0000,0.0000,1,0.855,0.000,0.00,0.00,0.855,0
0.00,0.00,0.00,0.0000,0.0000,0.0000,0.0000,0.00,0.00,0.00,0.00,0.00,0.00,0.00,2,0.20,0.0000,0.0000,1,0.855,0.000,0.00,0.00,0.855,0
phase1 acc_mag=0.000 gravity=0.000 motion=0.000 moving_avg=-0.000 rms=0.003 mean_rms=0.003 max_rms=0.003 min_rms=0.003 std=0.001 var=0.000 state=standing thr=0.080/0.350/0.850
0.00,0.00,0.00,0.0000,0.0000,0.0000,0.0000,0.00,0.00,0.00,0.00,0.00,0.00,0.00,2,0.20,0.0000,0.0000,1,0.855,0.000,0.00,0.00,0.855,0
0.00,0.00,0.00,0.0000,0.0000,0.0000,0.0000,0.00,0.00,0.00,0.00,0.00,0.00,0.00,2,0.20,0.0000,0.0000,1,0.855,0.000,0.00,0.00,0.855,0
0.00,0.00,0.00,0.0000,0.0000,0.0000,0.0000,0.00,0.00,0.00,0.00,0.00,0.00,0.00,2,0.20,0.0000,0.0000,1,0.855,0.000,0.00,0.00,0.855,0
0.00,0.00,0.00,0.0000,0.0000,0.0000,0.0000,0.00,0.00,0.00,0.00,0.00,0.00,0.00,2,0.20,0.0000,0.0000,1,0.855,0.000,0.00,0.00,0.855,0
phase1 acc_mag=0.000 gravity=0.000 motion=0.000 moving_avg=-0.000 rms=0.003 mean_rms=0.003 max_rms=0.003 min_rms=0.003 std=0.001 var=0.000 state=standing thr=0.080/0.350/0.850
0.00,0.00,0.00,0.0000,0.0000,0.0000,0.0000,0.00,0.00,0.00,0.00,0.00,0.00,0.00,2,0.20,0.0000,0.0000,1,0.855,0.000,0.00,0.00,0.855,0
0.00,0.00,0.00,0.0000,0.0000,0.0000,0.0000,0.00,0.00,0.00,0.00,0.00,0.00,0.00,2,0.20,0.0000,0.0000,1,0.855,0.000,0.00,0.00,0.855,0
0.00,0.00,0.00,0.0000,0.0000,0.0000,0.0000,0.00,0.00,0.00,0.00,0.00,0.00,0.00,2,0.20,0.0000,0.0000,1,0.855,0.000,0.00,0.00,0.855,0
0.00,0.00,0.00,0.0000,0.0000,0.0000,0.0000,0.00,0.00,0.00,0.00,0.00,0.00,0.00,2,0.20,0.0000,0.0000,1,0.855,0.000,0.00,0.00,0.855,0
phase1 acc_mag=0.000 gravity=0.000 motion=0.000 moving_avg=-0.000 rms=0.003 mean_rms=0.003 max_rms=0.003 min_rms=0.003 std=0.001 var=0.000 state=standing thr=0.080/0.350/0.850
0.00,0.00,0.00,0.0000,0.0000,0.0000,0.0000,0.00,0.00,0.00,0.00,0.00,0.00,0.00,2,0.20,0.0000,0.0000,1,0.855,0.000,0.00,0.00,0.855,0
0.00,0.00,0.00,0.0000,0.0000,0.0000,0.0000,0.00,0.00,0.00,0.00,0.00,0.00,0.00,2,0.20,0.0000,0.0000,1,0.855,0.000,0.00,0.00,0.855,0
0.00,0.00,0.00,0.0000,0.0000,0.0000,0.0000,0.00,0.00,0.00,0.00,0.00,0.00,0.00,2,0.20,0.0000,0.0000,1,0.855,0.000,0.00,0.00,0.855,0
0.00,0.00,0.00,0.0000,0.0000,0.0000,0.0000,0.00,0.00,0.00,0.00,0.00,0.00,0.00,2,0.20,0.0000,0.0000,1,0.855,0.000,0.00,0.00,0.855,0
phase1 acc_mag=0.000 gravity=0.000 motion=0.000 moving_avg=-0.000 rms=0.003 mean_rms=0.003 max_rms=0.003 min_rms=0.003 std=0.001 var=0.000 state=standing thr=0.080/0.350/0.850
0.00,0.00,0.00,0.0000,0.0000,0.0000,0.0000,0.00,0.00,0.00,0.00,0.00,0.00,0.00,2,0.20,0.0000,0.0000,1,0.855,0.000,0.00,0.00,0.855,0
0.00,0.00,0.00,0.0000,0.0000,0.0000,0.0000,0.00,0.00,0.00,0.00,0.00,0.00,0.00,2,0.20,0.0000,0.0000,1,0.855,0.000,0.00,0.00,0.855,0
0.00,0.00,0.00,0.0000,0.0000,0.0000,0.0000,0.00,0.00,0.00,0.00,0.00,0.00,0.00,2,0.20,0.0000,0.0000,1,0.855,0.000,0.00,0.00,0.855,0
0.00,0.00,0.00,0.0000,0.0000,0.0000,0.0000,0.00,0.00,0.00,0.00,0.00,0.00,0.00,2,0.20,0.0000,0.0000,1,0.855,0.000,0.00,0.00,0.855,0
phase1 acc_mag=0.000 gravity=0.000 motion=0.000 moving_avg=-0.000 rms=0.003 mean_rms=0.003 max_rms=0.003 min_rms=0.003 std=0.001 var=0.000 state=standing thr=0.080/0.350/0.850
0.00,0.00,0.00,0.0000,0.0000,0.0000,0.0000,0.00,0.00,0.00,0.00,0.00,0.00,0.00,2,0.20,0.0000,0.0000,1,0.855,0.000,0.00,0.00,0.855,0
0.00,0.00,0.00,0.0000,0.0000,0.0000,0.0000,0.00,0.00,0.00,0.00,0.00,0.00,0.00,2,0.20,0.0000,0.0000,1,0.855,0.000,0.00,0.00,0.855,0
0.00,0.00,0.00,0.0000,0.0000,0.0000,0.0000,0.00,0.00,0.00,0.00,0.00,0.00,0.00,2,0.20,0.0000,0.0000,1,0.855,0.000,0.00,0.00,0.855,0
0.00,0.00,0.00,0.0000,0.0000,0.0000,0.0000,0.00,0.00,0.00,0.00,0.00,0.00,0.00,2,0.20,0.0000,0.0000,1,0.855,0.000,0.00,0.00,0.855,0
phase1 acc_mag=0.000 gravity=0.000 motion=0.000 moving_avg=-0.000 rms=0.003 mean_rms=0.003 max_rms=0.003 min_rms=0.003 std=0.001 var=0.000 state=standing thr=0.080/0.350/0.850
0.00,0.00,0.00,0.0000,0.0000,0.0000,0.0000,0.00,0.00,0.00,0.00,0.00,0.00,0.00,2,0.20,0.0000,0.0000,1,0.855,0.000,0.00,0.00,0.855,0
0.00,0.00,0.00,0.0000,0.0000,0.0000,0.0000,0.00,0.00,0.00,0.00,0.00,0.00,0.00,2,0.20,0.0000,0.0000,1,0.855,0.000,0.00,0.00,0.855,0
0.00,0.00,0.00,0.0000,0.0000,0.0000,0.0000,0.00,0.00,0.00,0.00,0.00,0.00,0.00,2,0.20,0.0000,0.0000,1,0.855,0.000,0.00,0.00,0.855,0
0.00,0.00,0.00,0.0000,0.0000,0.0000,0.0000,0.00,0.00,0.00,0.00,0.00,0.00,0.00,2,0.20,0.0000,0.0000,1,0.855,0.000,0.00,0.00,0.855,0
phase1 acc_mag=0.000 gravity=0.000 motion=0.000 moving_avg=-0.000 rms=0.003 mean_rms=0.003 max_rms=0.003 min_rms=0.003 std=0.001 var=0.000 state=standing thr=0.080/0.350/0.850
0.00,0.00,0.00,0.0000,0.0000,0.0000,0.0000,0.00,0.00,0.00,0.00,0.00,0.00,0.00,2,0.20,0.0000,0.0000,1,0.855,0.000,0.00,0.00,0.855,0
0.00,0.00,0.00,0.0000,0.0000,0.0000,0.0000,0.00,0.00,0.00,0.00,0.00,0.00,0.00,2,0.20,0.0000,0.0000,1,0.855,0.000,0.00,0.00,0.855,0
0.00,0.00,0.00,0.0000,0.0000,0.0000,0.0000,0.00,0.00,0.00,0.00,0.00,0.00,0.00,2,0.20,0.0000,0.0000,1,0.855,0.000,0.00,0.00,0.855,0
0.00,0.00,0.00,0.0000,0.0000,0.0000,0.0000,0.00,0.00,0.00,0.00,0.00,0.00,0.00,2,0.20,0.0000,0.0000,1,0.855,0.000,0.00,0.00,0.855,0
phase1 acc_mag=0.000 gravity=0.000 motion=0.000 moving_avg=-0.000 rms=0.003 mean_rms=0.003 max_rms=0.003 min_rms=0.003 std=0.001 var=0.000 state=standing thr=0.080/0.350/0.850
0.00,0.00,0.00,0.0000,0.0000,0.0000,0.0000,0.00,0.00,0.00,0.00,0.00,0.00,0.00,2,0.20,0.0000,0.0000,1,0.855,0.000,0.00,0.00,0.855,0
0.00,0.00,0.00,0.0000,0.0000,0.0000,0.0000,0.00,0.00,0.00,0.00,0.00,0.00,0.00,2,0.20,0.0000,0.0000,1,0.855,0.000,0.00,0.00,0.855,0
0.00,0.00,0.00,0.0000,0.0000,0.0000,0.0000,0.00,0.00,0.00,0.00,0.00,0.00,0.00,2,0.20,0.0000,0.0000,1,0.855,0.000,0.00,0.00,0.855,0
0.00,0.00,0.00,0.0000,0.0000,0.0000,0.0000,0.00,0.00,0.00,0.00,0.00,0.00,0.00,2,0.20,0.0000,0.0000,1,0.855,0.000,0.00,0.00,0.855,0
phase1 acc_mag=0.000 gravity=0.000 motion=0.000 moving_avg=-0.000 rms=0.003 mean_rms=0.003 max_rms=0.003 min_rms=0.003 std=0.001 var=0.000 state=standing thr=0.080/0.350/0.850
0.00,0.00,0.00,0.0000,0.0000,0.0000,0.0000,0.00,0.00,0.00,0.00,0.00,0.00,0.00,2,0.20,0.0000,0.0000,1,0.855,0.000,0.00,0.00,0.855,0
0.00,0.00,0.00,0.0000,0.0000,0.0000,0.0000,0.00,0.00,0.00,0.00,0.00,0.00,0.00,2,0.20,0.0000,0.0000,1,0.855,0.000,0.00,0.00,0.855,0
0.00,0.00,0.00,0.0000,0.0000,0.0000,0.0000,0.00,0.00,0.00,0.00,0.00,0.00,0.00,2,0.20,0.0000,0.0000,1,0.855,0.000,0.00,0.00,0.855,0
0.00,0.00,0.00,0.0000,0.0000,0.0000,0.0000,0.00,0.00,0.00,0.00,0.00,0.00,0.00,2,0.20,0.0000,0.0000,1,0.855,0.000,0.00,0.00,0.855,0
phase1 acc_mag=0.000 gravity=0.000 motion=0.000 moving_avg=-0.000 rms=0.003 mean_rms=0.003 max_rms=0.003 min_rms=0.003 std=0.001 var=0.000 state=standing thr=0.080/0.350/0.850
0.00,0.00,0.00,0.0000,0.0000,0.0000,0.0000,0.00,0.00,0.00,0.00,0.00,0.00,0.00,2,0.20,0.0000,0.0000,1,0.855,0.000,0.00,0.00,0.855,0
0.00,0.00,0.00,0.0000,0.0000,0.0000,0.0000,0.00,0.00,0.00,0.00,0.00,0.00,0.00,2,0.20,0.0000,0.0000,1,0.855,0.000,0.00,0.00,0.855,0
0.00,0.00,0.00,0.0000,0.0000,0.0000,0.0000,0.00,0.00,0.00,0.00,0.00,0.00,0.00,2,0.20,0.0000,0.0000,1,0.855,0.000,0.00,0.00,0.855,0
0.00,0.00,0.00,0.0000,0.0000,0.0000,0.0000,0.00,0.00,0.00,0.00,0.00,0.00,0.00,2,0.20,0.0000,0.0000,1,0.855,0.000,0.00,0.00,0.855,0
phase1 acc_mag=0.000 gravity=0.000 motion=0.000 moving_avg=-0.000 rms=0.003 mean_rms=0.003 max_rms=0.003 min_rms=0.003 std=0.001 var=0.000 state=standing thr=0.080/0.350/0.850
0.00,0.00,0.00,0.0000,0.0000,0.0000,0.0000,0.00,0.00,0.00,0.00,0.00,0.00,0.00,2,0.20,0.0000,0.0000,1,0.855,0.000,0.00,0.00,0.855,0
0.00,0.00,0.00,0.0000,0.0000,0.0000,0.0000,0.00,0.00,0.00,0.00,0.00,0.00,0.00,2,0.20,0.0000,0.0000,1,0.855,0.000,0.00,0.00,0.855,0
0.00,0.00,0.00,0.0000,0.0000,0.0000,0.0000,0.00,0.00,0.00,0.00,0.00,0.00,0.00,2,0.20,0.0000,0.0000,1,0.855,0.000,0.00,0.00,0.855,0
0.00,0.00,0.00,0.0000,0.0000,0.0000,0.0000,0.00,0.00,0.00,0.00,0.00,0.00,0.00,2,0.20,0.0000,0.0000,1,0.855,0.000,0.00,0.00,0.855,0
phase1 acc_mag=0.000 gravity=0.000 motion=0.000 moving_avg=-0.000 rms=0.003 mean_rms=0.003 max_rms=0.003 min_rms=0.003 std=0.001 var=0.000 state=standing thr=0.080/0.350/0.850
0.00,0.00,0.00,0.0000,0.0000,0.0000,0.0000,0.00,0.00,0.00,0.00,0.00,0.00,0.00,2,0.20,0.0000,0.0000,1,0.855,0.000,0.00,0.00,0.855,0
0.00,0.00,0.00,0.0000,0.0000,0.0000,0.0000,0.00,0.00,0.00,0.00,0.00,0.00,0.00,2,0.20,0.0000,0.0000,1,0.855,0.000,0.00,0.00,0.855,0
0.00,0.00,0.00,0.0000,0.0000,0.0000,0.0000,0.00,0.00,0.00,0.00,0.00,0.00,0.00,2,0.20,0.0000,0.0000,1,0.855,0.000,0.00,0.00,0.855,0
0.00,0.00,0.00,0.0000,0.0000,0.0000,0.0000,0.00,0.00,0.00,0.00,0.00,0.00,0.00,2,0.20,0.0000,0.0000,1,0.855,0.000,0.00,0.00,0.855,0
phase1 acc_mag=0.000 gravity=0.000 motion=0.000 moving_avg=-0.000 rms=0.003 mean_rms=0.003 max_rms=0.003 min_rms=0.003 std=0.001 var=0.000 state=standing thr=0.080/0.350/0.850
0.00,0.00,0.00,0.0000,0.0000,0.0000,0.0000,0.00,0.00,0.00,0.00,0.00,0.00,0.00,2,0.20,0.0000,0.0000,1,0.855,0.000,0.00,0.00,0.855,0
0.00,0.00,0.00,0.0000,0.0000,0.0000,0.0000,0.00,0.00,0.00,0.00,0.00,0.00,0.00,2,0.20,0.0000,0.0000,1,0.855,0.000,0.00,0.00,0.855,0
0.00,0.00,0.00,0.0000,0.0000,0.0000,0.0000,0.00,0.00,0.00,0.00,0.00,0.00,0.00,2,0.20,0.0000,0.0000,1,0.855,0.000,0.00,0.00,0.855,0
0.00,0.00,0.00,0.0000,0.0000,0.0000,0.0000,0.00,0.00,0.00,0.00,0.00,0.00,0.00,2,0.20,0.0000,0.0000,1,0.855,0.000,0.00,0.00,0.855,0
phase1 acc_mag=0.000 gravity=0.000 motion=0.000 moving_avg=-0.000 rms=0.003 mean_rms=0.003 max_rms=0.003 min_rms=0.003 std=0.001 var=0.000 state=standing thr=0.080/0.350/0.850
0.00,0.00,0.00,0.0000,0.0000,0.0000,0.0000,0.00,0.00,0.00,0.00,0.00,0.00,0.00,2,0.20,0.0000,0.0000,1,0.855,0.000,0.00,0.00,0.855,0
0.00,0.00,0.00,0.0000,0.0000,0.0000,0.0000,0.00,0.00,0.00,0.00,0.00,0.00,0.00,2,0.20,0.0000,0.0000,1,0.855,0.000,0.00,0.00,0.855,0
0.00,0.00,0.00,0.0000,0.0000,0.0000,0.0000,0.00,0.00,0.00,0.00,0.00,0.00,0.00,2,0.20,0.0000,0.0000,1,0.855,0.000,0.00,0.00,0.855,0
0.00,0.00,0.00,0.0000,0.0000,0.0000,0.0000,0.00,0.00,0.00,0.00,0.00,0.00,0.00,2,0.20,0.0000,0.0000,1,0.855,0.000,0.00,0.00,0.855,0
phase1 acc_mag=0.000 gravity=0.000 motion=0.000 moving_avg=-0.000 rms=0.003 mean_rms=0.003 max_rms=0.003 min_rms=0.003 std=0.001 var=0.000 state=standing thr=0.080/0.350/0.850
0.00,0.00,0.00,0.0000,0.0000,0.0000,0.0000,0.00,0.00,0.00,0.00,0.00,0.00,0.00,2,0.20,0.0000,0.0000,1,0.855,0.000,0.00,0.00,0.855,0
0.00,0.00,0.00,0.0000,0.0000,0.0000,0.0000,0.00,0.00,0.00,0.00,0.00,0.00,0.00,2,0.20,0.0000,0.0000,1,0.855,0.000,0.00,0.00,0.855,0
0.00,0.00,0.00,0.0000,0.0000,0.0000,0.0000,0.00,0.00,0.00,0.00,0.00,0.00,0.00,2,0.20,0.0000,0.0000,1,0.855,0.000,0.00,0.00,0.855,0
0.00,0.00,0.00,0.0000,0.0000,0.0000,0.0000,0.00,0.00,0.00,0.00,0.00,0.00,0.00,2,0.20,0.0000,0.0000,1,0.855,0.000,0.00,0.00,0.855,0
phase1 acc_mag=0.000 gravity=0.000 motion=0.000 moving_avg=-0.000 rms=0.003 mean_rms=0.003 max_rms=0.003 min_rms=0.003 std=0.001 var=0.000 state=standing thr=0.080/0.350/0.850
0.00,0.00,0.00,0.0000,0.0000,0.0000,0.0000,0.00,0.00,0.00,0.00,0.00,0.00,0.00,2,0.20,0.0000,0.0000,1,0.855,0.000,0.00,0.00,0.855,0
0.00,0.00,0.00,0.0000,0.0000,0.0000,0.0000,0.00,0.00,0.00,0.00,0.00,0.00,0.00,2,0.20,0.0000,0.0000,1,0.855,0.000,0.00,0.00,0.855,0
0.00,0.00,0.00,0.0000,0.0000,0.0000,0.0000,0.00,0.00,0.00,0.00,0.00,0.00,0.00,2,0.20,0.0000,0.0000,1,0.855,0.000,0.00,0.00,0.855,0
0.00,0.00,0.00,0.0000,0.0000,0.0000,0.0000,0.00,0.00,0.00,0.00,0.00,0.00,0.00,2,0.20,0.0000,0.0000,1,0.855,0.000,0.00,0.00,0.855,0
phase1 acc_mag=0.000 gravity=0.000 motion=0.000 moving_avg=-0.000 rms=0.003 mean_rms=0.003 max_rms=0.003 min_rms=0.003 std=0.001 var=0.000 state=standing thr=0.080/0.350/0.850
0.00,0.00,0.00,0.0000,0.0000,0.0000,0.0000,0.00,0.00,0.00,0.00,0.00,0.00,0.00,2,0.20,0.0000,0.0000,1,0.855,0.000,0.00,0.00,0.855,0
0.00,0.00,0.00,0.0000,0.0000,0.0000,0.0000,0.00,0.00,0.00,0.00,0.00,0.00,0.00,2,0.20,0.0000,0.0000,1,0.855,0.000,0.00,0.00,0.855,0
0.00,0.00,0.00,0.0000,0.0000,0.0000,0.0000,0.00,0.00,0.00,0.00,0.00,0.00,0.00,2,0.20,0.0000,0.0000,1,0.855,0.000,0.00,0.00,0.855,0
0.00,0.00,0.00,0.0000,0.0000,0.0000,0.0000,0.00,0.00,0.00,0.00,0.00,0.00,0.00,2,0.20,0.0000,0.0000,1,0.855,0.000,0.00,0.00,0.855,0
phase1 acc_mag=0.000 gravity=0.000 motion=0.000 moving_avg=-0.000 rms=0.003 mean_rms=0.003 max_rms=0.003 min_rms=0.003 std=0.001 var=0.000 state=standing thr=0.080/0.350/0.850
0.00,0.00,0.00,0.0000,0.0000,0.0000,0.0000,0.00,0.00,0.00,0.00,0.00,0.00,0.00,2,0.20,0.0000,0.0000,1,0.855,0.000,0.00,0.00,0.855,0
0.00,0.00,0.00,0.0000,0.0000,0.0000,0.0000,0.00,0.00,0.00,0.00,0.00,0.00,0.00,2,0.20,0.0000,0.0000,1,0.855,0.000,0.00,0.00,0.855,0
0.00,0.00,0.00,0.0000,0.0000,0.0000,0.0000,0.00,0.00,0.00,0.00,0.00,0.00,0.00,2,0.20,0.0000,0.0000,1,0.855,0.000,0.00,0.00,0.855,0
0.00,0.00,0.00,0.0000,0.0000,0.0000,0.0000,0.00,0.00,0.00,0.00,0.00,0.00,0.00,2,0.20,0.0000,0.0000,1,0.855,0.000,0.00,0.00,0.855,0
phase1 acc_mag=0.000 gravity=0.000 motion=0.000 moving_avg=-0.000 rms=0.003 mean_rms=0.003 max_rms=0.003 min_rms=0.003 std=0.001 var=0.000 state=standing thr=0.080/0.350/0.850
0.00,0.00,0.00,0.0000,0.0000,0.0000,0.0000,0.00,0.00,0.00,0.00,0.00,0.00,0.00,2,0.20,0.0000,0.0000,1,0.855,0.000,0.00,0.00,0.855,0
0.00,0.00,0.00,0.0000,0.0000,0.0000,0.0000,0.00,0.00,0.00,0.00,0.00,0.00,0.00,2,0.20,0.0000,0.0000,1,0.855,0.000,0.00,0.00,0.855,0
0.00,0.00,0.00,0.0000,0.0000,0.0000,0.0000,0.00,0.00,0.00,0.00,0.00,0.00,0.00,2,0.20,0.0000,0.0000,1,0.855,0.000,0.00,0.00,0.855,0
0.00,0.00,0.00,0.0000,0.0000,0.0000,0.0000,0.00,0.00,0.00,0.00,0.00,0.00,0.00,2,0.20,0.0000,0.0000,1,0.855,0.000,0.00,0.00,0.855,0
phase1 acc_mag=0.000 gravity=0.000 motion=0.000 moving_avg=-0.000 rms=0.003 mean_rms=0.003 max_rms=0.003 min_rms=0.003 std=0.001 var=0.000 state=standing thr=0.080/0.350/0.850
0.00,0.00,0.00,0.0000,0.0000,0.0000,0.0000,0.00,0.00,0.00,0.00,0.00,0.00,0.00,2,0.20,0.0000,0.0000,1,0.855,0.000,0.00,0.00,0.855,0
0.00,0.00,0.00,0.0000,0.0000,0.0000,0.0000,0.00,0.00,0.00,0.00,0.00,0.00,0.00,2,0.20,0.0000,0.0000,1,0.855,0.000,0.00,0.00,0.855,0
0.00,0.00,0.00,0.0000,0.0000,0.0000,0.0000,0.00,0.00,0.00,0.00,0.00,0.00,0.00,2,0.20,0.0000,0.0000,1,0.855,0.000,0.00,0.00,0.855,0
0.00,0.00,0.00,0.0000,0.0000,0.0000,0.0000,0.00,0.00,0.00,0.00,0.00,0.00,0.00,2,0.20,0.0000,0.0000,1,0.855,0.000,0.00,0.00,0.855,0
phase1 acc_mag=0.000 gravity=0.000 motion=0.000 moving_avg=-0.000 rms=0.003 mean_rms=0.003 max_rms=0.003 min_rms=0.003 std=0.001 var=0.000 state=standing thr=0.080/0.350/0.850
0.00,0.00,0.00,0.0000,0.0000,0.0000,0.0000,0.00,0.00,0.00,0.00,0.00,0.00,0.00,2,0.20,0.0000,0.0000,1,0.855,0.000,0.00,0.00,0.855,0
0.00,0.00,0.00,0.0000,0.0000,0.0000,0.0000,0.00,0.00,0.00,0.00,0.00,0.00,0.00,2,0.20,0.0000,0.0000,1,0.855,0.000,0.00,0.00,0.855,0
0.00,0.00,0.00,0.0000,0.0000,0.0000,0.0000,0.00,0.00,0.00,0.00,0.00,0.00,0.00,2,0.20,0.0000,0.0000,1,0.855,0.000,0.00,0.00,0.855,0
0.00,0.00,0.00,0.0000,0.0000,0.0000,0.0000,0.00,0.00,0.00,0.00,0.00,0.00,0.00,2,0.20,0.0000,0.0000,1,0.855,0.000,0.00,0.00,0.855,0
phase1 acc_mag=0.000 gravity=0.000 motion=0.000 moving_avg=-0.000 rms=0.003 mean_rms=0.003 max_rms=0.003 min_rms=0.003 std=0.001 var=0.000 state=standing thr=0.080/0.350/0.850
0.00,0.00,0.00,0.0000,0.0000,0.0000,0.0000,0.00,0.00,0.00,0.00,0.00,0.00,0.00,2,0.20,0.0000,0.0000,1,0.855,0.000,0.00,0.00,0.855,0
0.00,0.00,0.00,0.0000,0.0000,0.0000,0.0000,0.00,0.00,0.00,0.00,0.00,0.00,0.00,2,0.20,0.0000,0.0000,1,0.855,0.000,0.00,0.00,0.855,0
0.00,0.00,0.00,0.0000,0.0000,0.0000,0.0000,0.00,0.00,0.00,0.00,0.00,0.00,0.00,2,0.20,0.0000,0.0000,1,0.855,0.000,0.00,0.00,0.855,0
0.00,0.00,0.00,0.0000,0.0000,0.0000,0.0000,0.00,0.00,0.00,0.00,0.00,0.00,0.00,2,0.20,0.0000,0.0000,1,0.855,0.000,0.00,0.00,0.855,0
phase1 acc_mag=0.000 gravity=0.000 motion=0.000 moving_avg=-0.000 rms=0.003 mean_rms=0.003 max_rms=0.003 min_rms=0.003 std=0.001 var=0.000 state=standing thr=0.080/0.350/0.850
0.00,0.00,0.00,0.0000,0.0000,0.0000,0.0000,0.00,0.00,0.00,0.00,0.00,0.00,0.00,2,0.20,0.0000,0.0000,1,0.855,0.000,0.00,0.00,0.855,0
0.00,0.00,0.00,0.0000,0.0000,0.0000,0.0000,0.00,0.00,0.00,0.00,0.00,0.00,0.00,2,0.20,0.0000,0.0000,1,0.855,0.000,0.00,0.00,0.855,0
0.00,0.00,0.00,0.0000,0.0000,0.0000,0.0000,0.00,0.00,0.00,0.00,0.00,0.00,0.00,2,0.20,0.0000,0.0000,1,0.855,0.000,0.00,0.00,0.855,0
0.00,0.00,0.00,0.0000,0.0000,0.0000,0.0000,0.00,0.00,0.00,0.00,0.00,0.00,0.00,2,0.20,0.0000,0.0000,1,0.855,0.000,0.00,0.00,0.855,0
phase1 acc_mag=0.000 gravity=0.000 motion=0.000 moving_avg=-0.000 rms=0.003 mean_rms=0.003 max_rms=0.003 min_rms=0.003 std=0.001 var=0.000 state=standing thr=0.080/0.350/0.850
0.00,0.00,0.00,0.0000,0.0000,0.0000,0.0000,0.00,0.00,0.00,0.00,0.00,0.00,0.00,2,0.20,0.0000,0.0000,1,0.855,0.000,0.00,0.00,0.855,0
0.00,0.00,0.00,0.0000,0.0000,0.0000,0.0000,0.00,0.00,0.00,0.00,0.00,0.00,0.00,2,0.20,0.0000,0.0000,1,0.855,0.000,0.00,0.00,0.855,0
0.00,0.00,0.00,0.0000,0.0000,0.0000,0.0000,0.00,0.00,0.00,0.00,0.00,0.00,0.00,2,0.20,0.0000,0.0000,1,0.855,0.000,0.00,0.00,0.855,0
0.00,0.00,0.00,0.0000,0.0000,0.0000,0.0000,0.00,0.00,0.00,0.00,0.00,0.00,0.00,2,0.20,0.0000,0.0000,1,0.855,0.000,0.00,0.00,0.855,0
phase1 acc_mag=0.000 gravity=0.000 motion=0.000 moving_avg=-0.000 rms=0.003 mean_rms=0.003 max_rms=0.003 min_rms=0.003 std=0.001 var=0.000 state=standing thr=0.080/0.350/0.850
0.00,0.00,0.00,0.0000,0.0000,0.0000,0.0000,0.00,0.00,0.00,0.00,0.00,0.00,0.00,2,0.20,0.0000,0.0000,1,0.855,0.000,0.00,0.00,0.855,0
0.00,0.00,0.00,0.0000,0.0000,0.0000,0.0000,0.00,0.00,0.00,0.00,0.00,0.00,0.00,2,0.20,0.0000,0.0000,1,0.855,0.000,0.00,0.00,0.855,0
0.00,0.00,0.00,0.0000,0.0000,0.0000,0.0000,0.00,0.00,0.00,0.00,0.00,0.00,0.00,2,0.20,0.0000,0.0000,1,0.855,0.000,0.00,0.00,0.855,0
0.00,0.00,0.00,0.0000,0.0000,0.0000,0.0000,0.00,0.00,0.00,0.00,0.00,0.00,0.00,2,0.20,0.0000,0.0000,1,0.855,0.000,0.00,0.00,0.855,0
phase1 acc_mag=0.000 gravity=0.000 motion=0.000 moving_avg=-0.000 rms=0.003 mean_rms=0.003 max_rms=0.003 min_rms=0.003 std=0.001 var=0.000 state=standing thr=0.080/0.350/0.850
0.00,0.00,0.00,0.0000,0.0000,0.0000,0.0000,0.00,0.00,0.00,0.00,0.00,0.00,0.00,2,0.20,0.0000,0.0000,1,0.855,0.000,0.00,0.00,0.855,0
0.00,0.00,0.00,0.0000,0.0000,0.0000,0.0000,0.00,0.00,0.00,0.00,0.00,0.00,0.00,2,0.20,0.0000,0.0000,1,0.855,0.000,0.00,0.00,0.855,0
0.00,0.00,0.00,0.0000,0.0000,0.0000,0.0000,0.00,0.00,0.00,0.00,0.00,0.00,0.00,2,0.20,0.0000,0.0000,1,0.855,0.000,0.00,0.00,0.855,0
0.00,0.00,0.00,0.0000,0.0000,0.0000,0.0000,0.00,0.00,0.00,0.00,0.00,0.00,0.00,2,0.20,0.0000,0.0000,1,0.855,0.000,0.00,0.00,0.855,0
phase1 acc_mag=0.000 gravity=0.000 motion=0.000 moving_avg=-0.000 rms=0.003 mean_rms=0.003 max_rms=0.003 min_rms=0.003 std=0.001 var=0.000 state=standing thr=0.080/0.350/0.850
0.00,0.00,0.00,0.0000,0.0000,0.0000,0.0000,0.00,0.00,0.00,0.00,0.00,0.00,0.00,2,0.20,0.0000,0.0000,1,0.855,0.000,0.00,0.00,0.855,0
0.00,0.00,0.00,0.0000,0.0000,0.0000,0.0000,0.00,0.00,0.00,0.00,0.00,0.00,0.00,2,0.20,0.0000,0.0000,1,0.855,0.000,0.00,0.00,0.855,0
0.00,0.00,0.00,0.0000,0.0000,0.0000,0.0000,0.00,0.00,0.00,0.00,0.00,0.00,0.00,2,0.20,0.0000,0.0000,1,0.855,0.000,0.00,0.00,0.855,0
0.00,0.00,0.00,0.0000,0.0000,0.0000,0.0000,0.00,0.00,0.00,0.00,0.00,0.00,0.00,2,0.20,0.0000,0.0000,1,0.855,0.000,0.00,0.00,0.855,0
phase1 acc_mag=0.000 gravity=0.000 motion=0.000 moving_avg=-0.000 rms=0.003 mean_rms=0.003 max_rms=0.003 min_rms=0.003 std=0.001 var=0.000 state=standing thr=0.080/0.350/0.850
0.00,0.00,0.00,0.0000,0.0000,0.0000,0.0000,0.00,0.00,0.00,0.00,0.00,0.00,0.00,2,0.20,0.0000,0.0000,1,0.855,0.000,0.00,0.00,0.855,0
0.00,0.00,0.00,0.0000,0.0000,0.0000,0.0000,0.00,0.00,0.00,0.00,0.00,0.00,0.00,2,0.20,0.0000,0.0000,1,0.855,0.000,0.00,0.00,0.855,0
0.00,0.00,0.00,0.0000,0.0000,0.0000,0.0000,0.00,0.00,0.00,0.00,0.00,0.00,0.00,2,0.20,0.0000,0.0000,1,0.855,0.000,0.00,0.00,0.855,0
0.00,0.00,0.00,0.0000,0.0000,0.0000,0.0000,0.00,0.00,0.00,0.00,0.00,0.00,0.00,2,0.20,0.0000,0.0000,1,0.855,0.000,0.00,0.00,0.855,0
phase1 acc_mag=0.000 gravity=0.000 motion=0.000 moving_avg=-0.000 rms=0.003 mean_rms=0.003 max_rms=0.003 min_rms=0.003 std=0.001 var=0.000 state=standing thr=0.080/0.350/0.850
0.00,0.00,0.00,0.0000,0.0000,0.0000,0.0000,0.00,0.00,0.00,0.00,0.00,0.00,0.00,2,0.20,0.0000,0.0000,1,0.855,0.000,0.00,0.00,0.855,0
0.00,0.00,0.00,0.0000,0.0000,0.0000,0.0000,0.00,0.00,0.00,0.00,0.00,0.00,0.00,2,0.20,0.0000,0.0000,1,0.855,0.000,0.00,0.00,0.855,0
0.00,0.00,0.00,0.0000,0.0000,0.0000,0.0000,0.00,0.00,0.00,0.00,0.00,0.00,0.00,2,0.20,0.0000,0.0000,1,0.855,0.000,0.00,0.00,0.855,0
0.00,0.00,0.00,0.0000,0.0000,0.0000,0.0000,0.00,0.00,0.00,0.00,0.00,0.00,0.00,2,0.20,0.0000,0.0000,1,0.855,0.000,0.00,0.00,0.855,0
phase1 acc_mag=0.000 gravity=0.000 motion=0.000 moving_avg=-0.000 rms=0.003 mean_rms=0.003 max_rms=0.003 min_rms=0.003 std=0.001 var=0.000 state=standing thr=0.080/0.350/0.850
0.00,0.00,0.00,0.0000,0.0000,0.0000,0.0000,0.00,0.00,0.00,0.00,0.00,0.00,0.00,2,0.20,0.0000,0.0000,1,0.855,0.000,0.00,0.00,0.855,0
0.00,0.00,0.00,0.0000,0.0000,0.0000,0.0000,0.00,0.00,0.00,0.00,0.00,0.00,0.00,2,0.20,0.0000,0.0000,1,0.855,0.000,0.00,0.00,0.855,0
0.00,0.00,0.00,0.0000,0.0000,0.0000,0.0000,0.00,0.00,0.00,0.00,0.00,0.00,0.00,2,0.20,0.0000,0.0000,1,0.855,0.000,0.00,0.00,0.855,0
0.00,0.00,0.00,0.0000,0.0000,0.0000,0.0000,0.00,0.00,0.00,0.00,0.00,0.00,0.00,2,0.20,0.0000,0.0000,1,0.855,0.000,0.00,0.00,0.855,0
phase1 acc_mag=0.000 gravity=0.000 motion=0.000 moving_avg=-0.000 rms=0.003 mean_rms=0.003 max_rms=0.003 min_rms=0.003 std=0.001 var=0.000 state=standing thr=0.080/0.350/0.850
0.00,0.00,0.00,0.0000,0.0000,0.0000,0.0000,0.00,0.00,0.00,0.00,0.00,0.00,0.00,2,0.20,0.0000,0.0000,1,0.855,0.000,0.00,0.00,0.855,0
0.00,0.00,0.00,0.0000,0.0000,0.0000,0.0000,0.00,0.00,0.00,0.00,0.00,0.00,0.00,2,0.20,0.0000,0.0000,1,0.855,0.000,0.00,0.00,0.855,0
0.00,0.00,0.00,0.0000,0.0000,0.0000,0.0000,0.00,0.00,0.00,0.00,0.00,0.00,0.00,2,0.20,0.0000,0.0000,1,0.855,0.000,0.00,0.00,0.855,0
0.00,0.00,0.00,0.0000,0.0000,0.0000,0.0000,0.00,0.00,0.00,0.00,0.00,0.00,0.00,2,0.20,0.0000,0.0000,1,0.855,0.000,0.00,0.00,0.855,0
phase1 acc_mag=0.000 gravity=0.000 motion=0.000 moving_avg=-0.000 rms=0.003 mean_rms=0.003 max_rms=0.003 min_rms=0.003 std=0.001 var=0.000 state=standing thr=0.080/0.350/0.850
0.00,0.00,0.00,0.0000,0.0000,0.0000,0.0000,0.00,0.00,0.00,0.00,0.00,0.00,0.00,2,0.20,0.0000,0.0000,1,0.855,0.000,0.00,0.00,0.855,0
0.00,0.00,0.00,0.0000,0.0000,0.0000,0.0000,0.00,0.00,0.00,0.00,0.00,0.00,0.00,2,0.20,0.0000,0.0000,1,0.855,0.000,0.00,0.00,0.855,0
0.00,0.00,0.00,0.0000,0.0000,0.0000,0.0000,0.00,0.00,0.00,0.00,0.00,0.00,0.00,2,0.20,0.0000,0.0000,1,0.855,0.000,0.00,0.00,0.855,0
0.00,0.00,0.00,0.0000,0.0000,0.0000,0.0000,0.00,0.00,0.00,0.00,0.00,0.00,0.00,2,0.20,0.0000,0.0000,1,0.855,0.000,0.00,0.00,0.855,0
phase1 acc_mag=0.000 gravity=0.000 motion=0.000 moving_avg=-0.000 rms=0.003 mean_rms=0.003 max_rms=0.003 min_rms=0.003 std=0.001 var=0.000 state=standing thr=0.080/0.350/0.850
0.00,0.00,0.00,0.0000,0.0000,0.0000,0.0000,0.00,0.00,0.00,0.00,0.00,0.00,0.00,2,0.20,0.0000,0.0000,1,0.855,0.000,0.00,0.00,0.855,0
0.00,0.00,0.00,0.0000,0.0000,0.0000,0.0000,0.00,0.00,0.00,0.00,0.00,0.00,0.00,2,0.20,0.0000,0.0000,1,0.855,0.000,0.00,0.00,0.855,0
0.00,0.00,0.00,0.0000,0.0000,0.0000,0.0000,0.00,0.00,0.00,0.00,0.00,0.00,0.00,2,0.20,0.0000,0.0000,1,0.855,0.000,0.00,0.00,0.855,0
0.00,0.00,0.00,0.0000,0.0000,0.0000,0.0000,0.00,0.00,0.00,0.00,0.00,0.00,0.00,2,0.20,0.0000,0.0000,1,0.855,0.000,0.00,0.00,0.855,0
phase1 acc_mag=0.000 gravity=0.000 motion=0.000 moving_avg=-0.000 rms=0.003 mean_rms=0.003 max_rms=0.003 min_rms=0.003 std=0.001 var=0.000 state=standing thr=0.080/0.350/0.850
0.00,0.00,0.00,0.0000,0.0000,0.0000,0.0000,0.00,0.00,0.00,0.00,0.00,0.00,0.00,2,0.20,0.0000,0.0000,1,0.855,0.000,0.00,0.00,0.855,0
0.00,0.00,0.00,0.0000,0.0000,0.0000,0.0000,0.00,0.00,0.00,0.00,0.00,0.00,0.00,2,0.20,0.0000,0.0000,1,0.855,0.000,0.00,0.00,0.855,0
0.00,0.00,0.00,0.0000,0.0000,0.0000,0.0000,0.00,0.00,0.00,0.00,0.00,0.00,0.00,2,0.20,0.0000,0.0000,1,0.855,0.000,0.00,0.00,0.855,0
0.00,0.00,0.00,0.0000,0.0000,0.0000,0.0000,0.00,0.00,0.00,0.00,0.00,0.00,0.00,2,0.20,0.0000,0.0000,1,0.855,0.000,0.00,0.00,0.855,0
phase1 acc_mag=0.000 gravity=0.000 motion=0.000 moving_avg=-0.000 rms=0.003 mean_rms=0.003 max_rms=0.003 min_rms=0.003 std=0.001 var=0.000 state=standing thr=0.080/0.350/0.850
0.00,0.00,0.00,0.0000,0.0000,0.0000,0.0000,0.00,0.00,0.00,0.00,0.00,0.00,0.00,2,0.20,0.0000,0.0000,1,0.855,0.000,0.00,0.00,0.855,0
0.00,0.00,0.00,0.0000,0.0000,0.0000,0.0000,0.00,0.00,0.00,0.00,0.00,0.00,0.00,2,0.20,0.0000,0.0000,1,0.855,0.000,0.00,0.00,0.855,0
0.00,0.00,0.00,0.0000,0.0000,0.0000,0.0000,0.00,0.00,0.00,0.00,0.00,0.00,0.00,2,0.20,0.0000,0.0000,1,0.855,0.000,0.00,0.00,0.855,0
0.00,0.00,0.00,0.0000,0.0000,0.0000,0.0000,0.00,0.00,0.00,0.00,0.00,0.00,0.00,2,0.20,0.0000,0.0000,1,0.855,0.000,0.00,0.00,0.855,0
phase1 acc_mag=0.000 gravity=0.000 motion=0.000 moving_avg=-0.000 rms=0.003 mean_rms=0.003 max_rms=0.003 min_rms=0.003 std=0.001 var=0.000 state=standing thr=0.080/0.350/0.850
0.00,0.00,0.00,0.0000,0.0000,0.0000,0.0000,0.00,0.00,0.00,0.00,0.00,0.00,0.00,2,0.20,0.0000,0.0000,1,0.855,0.000,0.00,0.00,0.855,0
0.00,0.00,0.00,0.0000,0.0000,0.0000,0.0000,0.00,0.00,0.00,0.00,0.00,0.00,0.00,2,0.20,0.0000,0.0000,1,0.855,0.000,0.00,0.00,0.855,0
0.00,0.00,0.00,0.0000,0.0000,0.0000,0.0000,0.00,0.00,0.00,0.00,0.00,0.00,0.00,2,0.20,0.0000,0.0000,1,0.855,0.000,0.00,0.00,0.855,0
0.00,0.00,0.00,0.0000,0.0000,0.0000,0.0000,0.00,0.00,0.00,0.00,0.00,0.00,0.00,2,0.20,0.0000,0.0000,1,0.855,0.000,0.00,0.00,0.855,0
phase1 acc_mag=0.000 gravity=0.000 motion=0.000 moving_avg=-0.000 rms=0.003 mean_rms=0.003 max_rms=0.003 min_rms=0.003 std=0.001 var=0.000 state=standing thr=0.080/0.350/0.850
0.00,0.00,0.00,0.0000,0.0000,0.0000,0.0000,0.00,0.00,0.00,0.00,0.00,0.00,0.00,2,0.20,0.0000,0.0000,1,0.855,0.000,0.00,0.00,0.855,0
0.00,0.00,0.00,0.0000,0.0000,0.0000,0.0000,0.00,0.00,0.00,0.00,0.00,0.00,0.00,2,0.20,0.0000,0.0000,1,0.855,0.000,0.00,0.00,0.855,0
0.00,0.00,0.00,0.0000,0.0000,0.0000,0.0000,0.00,0.00,0.00,0.00,0.00,0.00,0.00,2,0.20,0.0000,0.0000,1,0.855,0.000,0.00,0.00,0.855,0
0.00,0.00,0.00,0.0000,0.0000,0.0000,0.0000,0.00,0.00,0.00,0.00,0.00,0.00,0.00,2,0.20,0.0000,0.0000,1,0.855,0.000,0.00,0.00,0.855,0
phase1 acc_mag=0.000 gravity=0.000 motion=0.000 moving_avg=-0.000 rms=0.003 mean_rms=0.003 max_rms=0.003 min_rms=0.003 std=0.001 var=0.000 state=standing thr=0.080/0.350/0.850
0.00,0.00,0.00,0.0000,0.0000,0.0000,0.0000,0.00,0.00,0.00,0.00,0.00,0.00,0.00,2,0.20,0.0000,0.0000,1,0.855,0.000,0.00,0.00,0.855,0
0.00,0.00,0.00,0.0000,0.0000,0.0000,0.0000,0.00,0.00,0.00,0.00,0.00,0.00,0.00,2,0.20,0.0000,0.0000,1,0.855,0.000,0.00,0.00,0.855,0
0.00,0.00,0.00,0.0000,0.0000,0.0000,0.0000,0.00,0.00,0.00,0.00,0.00,0.00,0.00,2,0.20,0.0000,0.0000,1,0.855,0.000,0.00,0.00,0.855,0
0.00,0.00,0.00,0.0000,0.0000,0.0000,0.0000,0.00,0.00,0.00,0.00,0.00,0.00,0.00,2,0.20,0.0000,0.0000,1,0.855,0.000,0.00,0.00,0.855,0
phase1 acc_mag=0.000 gravity=0.000 motion=0.000 moving_avg=-0.000 rms=0.003 mean_rms=0.003 max_rms=0.003 min_rms=0.003 std=0.001 var=0.000 state=standing thr=0.080/0.350/0.850
0.00,0.00,0.00,0.0000,0.0000,0.0000,0.0000,0.00,0.00,0.00,0.00,0.00,0.00,0.00,2,0.20,0.0000,0.0000,1,0.855,0.000,0.00,0.00,0.855,0
0.00,0.00,0.00,0.0000,0.0000,0.0000,0.0000,0.00,0.00,0.00,0.00,0.00,0.00,0.00,2,0.20,0.0000,0.0000,1,0.855,0.000,0.00,0.00,0.855,0
0.00,0.00,0.00,0.0000,0.0000,0.0000,0.0000,0.00,0.00,0.00,0.00,0.00,0.00,0.00,2,0.20,0.0000,0.0000,1,0.855,0.000,0.00,0.00,0.855,0
0.00,0.00,0.00,0.0000,0.0000,0.0000,0.0000,0.00,0.00,0.00,0.00,0.00,0.00,0.00,2,0.20,0.0000,0.0000,1,0.855,0.000,0.00,0.00,0.855,0
phase1 acc_mag=0.000 gravity=0.000 motion=0.000 moving_avg=-0.000 rms=0.003 mean_rms=0.003 max_rms=0.003 min_rms=0.003 std=0.001 var=0.000 state=standing thr=0.080/0.350/0.850
0.00,0.00,0.00,0.0000,0.0000,0.0000,0.0000,0.00,0.00,0.00,0.00,0.00,0.00,0.00,2,0.20,0.0000,0.0000,1,0.855,0.000,0.00,0.00,0.855,0
0.00,0.00,0.00,0.0000,0.0000,0.0000,0.0000,0.00,0.00,0.00,0.00,0.00,0.00,0.00,2,0.20,0.0000,0.0000,1,0.855,0.000,0.00,0.00,0.855,0
0.00,0.00,0.00,0.0000,0.0000,0.0000,0.0000,0.00,0.00,0.00,0.00,0.00,0.00,0.00,2,0.20,0.0000,0.0000,1,0.855,0.000,0.00,0.00,0.855,0
0.00,0.00,0.00,0.0000,0.0000,0.0000,0.0000,0.00,0.00,0.00,0.00,0.00,0.00,0.00,2,0.20,0.0000,0.0000,1,0.855,0.000,0.00,0.00,0.855,0
phase1 acc_mag=0.000 gravity=0.000 motion=0.000 moving_avg=-0.000 rms=0.003 mean_rms=0.003 max_rms=0.003 min_rms=0.003 std=0.001 var=0.000 state=standing thr=0.080/0.350/0.850
0.00,0.00,0.00,0.0000,0.0000,0.0000,0.0000,0.00,0.00,0.00,0.00,0.00,0.00,0.00,2,0.20,0.0000,0.0000,1,0.855,0.000,0.00,0.00,0.855,0
0.00,0.00,0.00,0.0000,0.0000,0.0000,0.0000,0.00,0.00,0.00,0.00,0.00,0.00,0.00,2,0.20,0.0000,0.0000,1,0.855,0.000,0.00,0.00,0.855,0
0.00,0.00,0.00,0.0000,0.0000,0.0000,0.0000,0.00,0.00,0.00,0.00,0.00,0.00,0.00,2,0.20,0.0000,0.0000,1,0.855,0.000,0.00,0.00,0.855,0
0.00,0.00,0.00,0.0000,0.0000,0.0000,0.0000,0.00,0.00,0.00,0.00,0.00,0.00,0.00,2,0.20,0.0000,0.0000,1,0.855,0.000,0.00,0.00,0.855,0
phase1 acc_mag=0.000 gravity=0.000 motion=0.000 moving_avg=-0.000 rms=0.003 mean_rms=0.003 max_rms=0.003 min_rms=0.003 std=0.001 var=0.000 state=standing thr=0.080/0.350/0.850
0.00,0.00,0.00,0.0000,0.0000,0.0000,0.0000,0.00,0.00,0.00,0.00,0.00,0.00,0.00,2,0.20,0.0000,0.0000,1,0.855,0.000,0.00,0.00,0.855,0
0.00,0.00,0.00,0.0000,0.0000,0.0000,0.0000,0.00,0.00,0.00,0.00,0.00,0.00,0.00,2,0.20,0.0000,0.0000,1,0.855,0.000,0.00,0.00,0.855,0
0.00,0.00,0.00,0.0000,0.0000,0.0000,0.0000,0.00,0.00,0.00,0.00,0.00,0.00,0.00,2,0.20,0.0000,0.0000,1,0.855,0.000,0.00,0.00,0.855,0
0.00,0.00,0.00,0.0000,0.0000,0.0000,0.0000,0.00,0.00,0.00,0.00,0.00,0.00,0.00,2,0.20,0.0000,0.0000,1,0.855,0.000,0.00,0.00,0.855,0
phase1 acc_mag=0.000 gravity=0.000 motion=0.000 moving_avg=-0.000 rms=0.003 mean_rms=0.003 max_rms=0.003 min_rms=0.003 std=0.001 var=0.000 state=standing thr=0.080/0.350/0.850
0.00,0.00,0.00,0.0000,0.0000,0.0000,0.0000,0.00,0.00,0.00,0.00,0.00,0.00,0.00,2,0.20,0.0000,0.0000,1,0.855,0.000,0.00,0.00,0.855,0
0.00,0.00,0.00,0.0000,0.0000,0.0000,0.0000,0.00,0.00,0.00,0.00,0.00,0.00,0.00,2,0.20,0.0000,0.0000,1,0.855,0.000,0.00,0.00,0.855,0
0.00,0.00,0.00,0.0000,0.0000,0.0000,0.0000,0.00,0.00,0.00,0.00,0.00,0.00,0.00,2,0.20,0.0000,0.0000,1,0.855,0.000,0.00,0.00,0.855,0
0.00,0.00,0.00,0.0000,0.0000,0.0000,0.0000,0.00,0.00,0.00,0.00,0.00,0.00,0.00,2,0.20,0.0000,0.0000,1,0.855,0.000,0.00,0.00,0.855,0
phase1 acc_mag=0.000 gravity=0.000 motion=0.000 moving_avg=-0.000 rms=0.003 mean_rms=0.003 max_rms=0.003 min_rms=0.003 std=0.001 var=0.000 state=standing thr=0.080/0.350/0.850
0.00,0.00,0.00,0.0000,0.0000,0.0000,0.0000,0.00,0.00,0.00,0.00,0.00,0.00,0.00,2,0.20,0.0000,0.0000,1,0.855,0.000,0.00,0.00,0.855,0
0.00,0.00,0.00,0.0000,0.0000,0.0000,0.0000,0.00,0.00,0.00,0.00,0.00,0.00,0.00,2,0.20,0.0000,0.0000,1,0.855,0.000,0.00,0.00,0.855,0
0.00,0.00,0.00,0.0000,0.0000,0.0000,0.0000,0.00,0.00,0.00,0.00,0.00,0.00,0.00,2,0.20,0.0000,0.0000,1,0.855,0.000,0.00,0.00,0.855,0
0.00,0.00,0.00,0.0000,0.0000,0.0000,0.0000,0.00,0.00,0.00,0.00,0.00,0.00,0.00,2,0.20,0.0000,0.0000,1,0.855,0.000,0.00,0.00,0.855,0
phase1 acc_mag=0.000 gravity=0.000 motion=0.000 moving_avg=-0.000 rms=0.003 mean_rms=0.003 max_rms=0.003 min_rms=0.003 std=0.001 var=0.000 state=standing thr=0.080/0.350/0.850
0.00,0.00,0.00,0.0000,0.0000,0.0000,0.0000,0.00,0.00,0.00,0.00,0.00,0.00,0.00,2,0.20,0.0000,0.0000,1,0.855,0.000,0.00,0.00,0.855,0
0.00,0.00,0.00,0.0000,0.0000,0.0000,0.0000,0.00,0.00,0.00,0.00,0.00,0.00,0.00,2,0.20,0.0000,0.0000,1,0.855,0.000,0.00,0.00,0.855,0
0.00,0.00,0.00,0.0000,0.0000,0.0000,0.0000,0.00,0.00,0.00,0.00,0.00,0.00,0.00,2,0.20,0.0000,0.0000,1,0.855,0.000,0.00,0.00,0.855,0
0.00,0.00,0.00,0.0000,0.0000,0.0000,0.0000,0.00,0.00,0.00,0.00,0.00,0.00,0.00,2,0.20,0.0000,0.0000,1,0.855,0.000,0.00,0.00,0.855,0
phase1 acc_mag=0.000 gravity=0.000 motion=0.000 moving_avg=-0.000 rms=0.003 mean_rms=0.003 max_rms=0.003 min_rms=0.003 std=0.001 var=0.000 state=standing thr=0.080/0.350/0.850
0.00,0.00,0.00,0.0000,0.0000,0.0000,0.0000,0.00,0.00,0.00,0.00,0.00,0.00,0.00,2,0.20,0.0000,0.0000,1,0.855,0.000,0.00,0.00,0.855,0
0.00,0.00,0.00,0.0000,0.0000,0.0000,0.0000,0.00,0.00,0.00,0.00,0.00,0.00,0.00,2,0.20,0.0000,0.0000,1,0.855,0.000,0.00,0.00,0.855,0
0.00,0.00,0.00,0.0000,0.0000,0.0000,0.0000,0.00,0.00,0.00,0.00,0.00,0.00,0.00,2,0.20,0.0000,0.0000,1,0.855,0.000,0.00,0.00,0.855,0
0.00,0.00,0.00,0.0000,0.0000,0.0000,0.0000,0.00,0.00,0.00,0.00,0.00,0.00,0.00,2,0.20,0.0000,0.0000,1,0.855,0.000,0.00,0.00,0.855,0
phase1 acc_mag=0.000 gravity=0.000 motion=0.000 moving_avg=-0.000 rms=0.003 mean_rms=0.003 max_rms=0.003 min_rms=0.003 std=0.001 var=0.000 state=standing thr=0.080/0.350/0.850
0.00,0.00,0.00,0.0000,0.0000,0.0000,0.0000,0.00,0.00,0.00,0.00,0.00,0.00,0.00,2,0.20,0.0000,0.0000,1,0.855,0.000,0.00,0.00,0.855,0
0.00,0.00,0.00,0.0000,0.0000,0.0000,0.0000,0.00,0.00,0.00,0.00,0.00,0.00,0.00,2,0.20,0.0000,0.0000,1,0.855,0.000,0.00,0.00,0.855,0
0.00,0.00,0.00,0.0000,0.0000,0.0000,0.0000,0.00,0.00,0.00,0.00,0.00,0.00,0.00,2,0.20,0.0000,0.0000,1,0.855,0.000,0.00,0.00,0.855,0
0.00,0.00,0.00,0.0000,0.0000,0.0000,0.0000,0.00,0.00,0.00,0.00,0.00,0.00,0.00,2,0.20,0.0000,0.0000,1,0.855,0.000,0.00,0.00,0.855,0
phase1 acc_mag=0.000 gravity=0.000 motion=0.000 moving_avg=-0.000 rms=0.003 mean_rms=0.003 max_rms=0.003 min_rms=0.003 std=0.001 var=0.000 state=standing thr=0.080/0.350/0.850
0.00,0.00,0.00,0.0000,0.0000,0.0000,0.0000,0.00,0.00,0.00,0.00,0.00,0.00,0.00,2,0.20,0.0000,0.0000,1,0.855,0.000,0.00,0.00,0.855,0
0.00,0.00,0.00,0.0000,0.0000,0.0000,0.0000,0.00,0.00,0.00,0.00,0.00,0.00,0.00,2,0.20,0.0000,0.0000,1,0.855,0.000,0.00,0.00,0.855,0
0.00,0.00,0.00,0.0000,0.0000,0.0000,0.0000,0.00,0.00,0.00,0.00,0.00,0.00,0.00,2,0.20,0.0000,0.0000,1,0.855,0.000,0.00,0.00,0.855,0
0.00,0.00,0.00,0.0000,0.0000,0.0000,0.0000,0.00,0.00,0.00,0.00,0.00,0.00,0.00,2,0.20,0.0000,0.0000,1,0.855,0.000,0.00,0.00,0.855,0
phase1 acc_mag=0.000 gravity=0.000 motion=0.000 moving_avg=-0.000 rms=0.003 mean_rms=0.003 max_rms=0.003 min_rms=0.003 std=0.001 var=0.000 state=standing thr=0.080/0.350/0.850
0.00,0.00,0.00,0.0000,0.0000,0.0000,0.0000,0.00,0.00,0.00,0.00,0.00,0.00,0.00,2,0.20,0.0000,0.0000,1,0.855,0.000,0.00,0.00,0.855,0
0.00,0.00,0.00,0.0000,0.0000,0.0000,0.0000,0.00,0.00,0.00,0.00,0.00,0.00,0.00,2,0.20,0.0000,0.0000,1,0.855,0.000,0.00,0.00,0.855,0
0.00,0.00,0.00,0.0000,0.0000,0.0000,0.0000,0.00,0.00,0.00,0.00,0.00,0.00,0.00,2,0.20,0.0000,0.0000,1,0.855,0.000,0.00,0.00,0.855,0
0.00,0.00,0.00,0.0000,0.0000,0.0000,0.0000,0.00,0.00,0.00,0.00,0.00,0.00,0.00,2,0.20,0.0000,0.0000,1,0.855,0.000,0.00,0.00,0.855,0
phase1 acc_mag=0.000 gravity=0.000 motion=0.000 moving_avg=-0.000 rms=0.003 mean_rms=0.003 max_rms=0.003 min_rms=0.003 std=0.001 var=0.000 state=standing thr=0.080/0.350/0.850
0.00,0.00,0.00,0.0000,0.0000,0.0000,0.0000,0.00,0.00,0.00,0.00,0.00,0.00,0.00,2,0.20,0.0000,0.0000,1,0.855,0.000,0.00,0.00,0.855,0
0.00,0.00,0.00,0.0000,0.0000,0.0000,0.0000,0.00,0.00,0.00,0.00,0.00,0.00,0.00,2,0.20,0.0000,0.0000,1,0.855,0.000,0.00,0.00,0.855,0
0.00,0.00,0.00,0.0000,0.0000,0.0000,0.0000,0.00,0.00,0.00,0.00,0.00,0.00,0.00,2,0.20,0.0000,0.0000,1,0.855,0.000,0.00,0.00,0.855,0
0.00,0.00,0.00,0.0000,0.0000,0.0000,0.0000,0.00,0.00,0.00,0.00,0.00,0.00,0.00,2,0.20,0.0000,0.0000,1,0.855,0.000,0.00,0.00,0.855,0
phase1 acc_mag=0.000 gravity=0.000 motion=0.000 moving_avg=-0.000 rms=0.003 mean_rms=0.003 max_rms=0.003 min_rms=0.003 std=0.001 var=0.000 state=standing thr=0.080/0.350/0.850
0.00,0.00,0.00,0.0000,0.0000,0.0000,0.0000,0.00,0.00,0.00,0.00,0.00,0.00,0.00,2,0.20,0.0000,0.0000,1,0.855,0.000,0.00,0.00,0.855,0
0.00,0.00,0.00,0.0000,0.0000,0.0000,0.0000,0.00,0.00,0.00,0.00,0.00,0.00,0.00,2,0.20,0.0000,0.0000,1,0.855,0.000,0.00,0.00,0.855,0
0.00,0.00,0.00,0.0000,0.0000,0.0000,0.0000,0.00,0.00,0.00,0.00,0.00,0.00,0.00,2,0.20,0.0000,0.0000,1,0.855,0.000,0.00,0.00,0.855,0
0.00,0.00,0.00,0.0000,0.0000,0.0000,0.0000,0.00,0.00,0.00,0.00,0.00,0.00,0.00,2,0.20,0.0000,0.0000,1,0.855,0.000,0.00,0.00,0.855,0
phase1 acc_mag=0.000 gravity=0.000 motion=0.000 moving_avg=-0.000 rms=0.003 mean_rms=0.003 max_rms=0.003 min_rms=0.003 std=0.001 var=0.000 state=standing thr=0.080/0.350/0.850
0.00,0.00,0.00,0.0000,0.0000,0.0000,0.0000,0.00,0.00,0.00,0.00,0.00,0.00,0.00,2,0.20,0.0000,0.0000,1,0.855,0.000,0.00,0.00,0.855,0
0.00,0.00,0.00,0.0000,0.0000,0.0000,0.0000,0.00,0.00,0.00,0.00,0.00,0.00,0.00,2,0.20,0.0000,0.0000,1,0.855,0.000,0.00,0.00,0.855,0
0.00,0.00,0.00,0.0000,0.0000,0.0000,0.0000,0.00,0.00,0.00,0.00,0.00,0.00,0.00,2,0.20,0.0000,0.0000,1,0.855,0.000,0.00,0.00,0.855,0
0.00,0.00,0.00,0.0000,0.0000,0.0000,0.0000,0.00,0.00,0.00,0.00,0.00,0.00,0.00,2,0.20,0.0000,0.0000,1,0.855,0.000,0.00,0.00,0.855,0
phase1 acc_mag=0.000 gravity=0.000 motion=0.000 moving_avg=-0.000 rms=0.003 mean_rms=0.003 max_rms=0.003 min_rms=0.003 std=0.001 var=0.000 state=standing thr=0.080/0.350/0.850
0.00,0.00,0.00,0.0000,0.0000,0.0000,0.0000,0.00,0.00,0.00,0.00,0.00,0.00,0.00,2,0.20,0.0000,0.0000,1,0.855,0.000,0.00,0.00,0.855,0
0.00,0.00,0.00,0.0000,0.0000,0.0000,0.0000,0.00,0.00,0.00,0.00,0.00,0.00,0.00,2,0.20,0.0000,0.0000,1,0.855,0.000,0.00,0.00,0.855,0
0.00,0.00,0.00,0.0000,0.0000,0.0000,0.0000,0.00,0.00,0.00,0.00,0.00,0.00,0.00,2,0.20,0.0000,0.0000,1,0.855,0.000,0.00,0.00,0.855,0
0.00,0.00,0.00,0.0000,0.0000,0.0000,0.0000,0.00,0.00,0.00,0.00,0.00,0.00,0.00,2,0.20,0.0000,0.0000,1,0.855,0.000,0.00,0.00,0.855,0
phase1 acc_mag=0.000 gravity=0.000 motion=0.000 moving_avg=-0.000 rms=0.003 mean_rms=0.003 max_rms=0.003 min_rms=0.003 std=0.001 var=0.000 state=standing thr=0.080/0.350/0.850
0.00,0.00,0.00,0.0000,0.0000,0.0000,0.0000,0.00,0.00,0.00,0.00,0.00,0.00,0.00,2,0.20,0.0000,0.0000,1,0.855,0.000,0.00,0.00,0.855,0
0.00,0.00,0.00,0.0000,0.0000,0.0000,0.0000,0.00,0.00,0.00,0.00,0.00,0.00,0.00,2,0.20,0.0000,0.0000,1,0.855,0.000,0.00,0.00,0.855,0
0.00,0.00,0.00,0.0000,0.0000,0.0000,0.0000,0.00,0.00,0.00,0.00,0.00,0.00,0.00,2,0.20,0.0000,0.0000,1,0.855,0.000,0.00,0.00,0.855,0
0.00,0.00,0.00,0.0000,0.0000,0.0000,0.0000,0.00,0.00,0.00,0.00,0.00,0.00,0.00,2,0.20,0.0000,0.0000,1,0.855,0.000,0.00,0.00,0.855,0
phase1 acc_mag=0.000 gravity=0.000 motion=0.000 moving_avg=-0.000 rms=0.003 mean_rms=0.003 max_rms=0.003 min_rms=0.003 std=0.001 var=0.000 state=standing thr=0.080/0.350/0.850
0.00,0.00,0.00,0.0000,0.0000,0.0000,0.0000,0.00,0.00,0.00,0.00,0.00,0.00,0.00,2,0.20,0.0000,0.0000,1,0.855,0.000,0.00,0.00,0.855,0
0.00,0.00,0.00,0.0000,0.0000,0.0000,0.0000,0.00,0.00,0.00,0.00,0.00,0.00,0.00,2,0.20,0.0000,0.0000,1,0.855,0.000,0.00,0.00,0.855,0
0.00,0.00,0.00,0.0000,0.0000,0.0000,0.0000,0.00,0.00,0.00,0.00,0.00,0.00,0.00,2,0.20,0.0000,0.0000,1,0.855,0.000,0.00,0.00,0.855,0
0.00,0.00,0.00,0.0000,0.0000,0.0000,0.0000,0.00,0.00,0.00,0.00,0.00,0.00,0.00,2,0.20,0.0000,0.0000,1,0.855,0.000,0.00,0.00,0.855,0
phase1 acc_mag=0.000 gravity=0.000 motion=0.000 moving_avg=-0.000 rms=0.003 mean_rms=0.003 max_rms=0.003 min_rms=0.003 std=0.001 var=0.000 state=standing thr=0.080/0.350/0.850
0.00,0.00,0.00,0.0000,0.0000,0.0000,0.0000,0.00,0.00,0.00,0.00,0.00,0.00,0.00,2,0.20,0.0000,0.0000,1,0.855,0.000,0.00,0.00,0.855,0
0.00,0.00,0.00,0.0000,0.0000,0.0000,0.0000,0.00,0.00,0.00,0.00,0.00,0.00,0.00,2,0.20,0.0000,0.0000,1,0.855,0.000,0.00,0.00,0.855,0
0.00,0.00,0.00,0.0000,0.0000,0.0000,0.0000,0.00,0.00,0.00,0.00,0.00,0.00,0.00,2,0.20,0.0000,0.0000,1,0.855,0.000,0.00,0.00,0.855,0
0.00,0.00,0.00,0.0000,0.0000,0.0000,0.0000,0.00,0.00,0.00,0.00,0.00,0.00,0.00,2,0.20,0.0000,0.0000,1,0.855,0.000,0.00,0.00,0.855,0
phase1 acc_mag=0.000 gravity=0.000 motion=0.000 moving_avg=-0.000 rms=0.003 mean_rms=0.003 max_rms=0.003 min_rms=0.003 std=0.001 var=0.000 state=standing thr=0.080/0.350/0.850
0.00,0.00,0.00,0.0000,0.0000,0.0000,0.0000,0.00,0.00,0.00,0.00,0.00,0.00,0.00,2,0.20,0.0000,0.0000,1,0.855,0.000,0.00,0.00,0.855,0
0.00,0.00,0.00,0.0000,0.0000,0.0000,0.0000,0.00,0.00,0.00,0.00,0.00,0.00,0.00,2,0.20,0.0000,0.0000,1,0.855,0.000,0.00,0.00,0.855,0
BNO055 NOT found! Expected 0xA0, got 0x00
BNO055 detected! Chip ID: 0xA0
BNO055 initialized successfully!
roll,pitch,yaw,qw,qx,qy,qz,accx,accy,accz,gyrox,gyroy,gyroz,svm,state,z_v,lever_offx,lever_offy,steps,stride_m,velocity_mps,cadence_spm,cadence_sps,distance_m,step_flag
phase1 acc_mag=8.992 gravity=8.992 motion=0.000 moving_avg=0.000 rms=0.000 mean_rms=0.000 max_rms=0.000 min_rms=0.000 std=0.000 var=0.000 state=standing thr=0.080/0.350/0.850
0.00,0.00,0.00,0.0000,0.0000,0.0000,0.0000,-0.06,1.05,8.93,-30.25,-32.94,-0.50,8.99,0,1.70,0.0000,0.0000,0,0.000,0.000,0.00,0.00,0.000,0
6.06,8.44,352.06,0.9935,-0.0697,-0.0582,0.0688,5.91,-7.29,12.59,30.69,-2.94,40.50,15.70,0,1.70,-0.0251,0.0261,0,0.000,0.000,0.00,0.00,0.000,0
3.81,3.88,345.94,0.9921,-0.0251,-0.0237,0.1209,3.70,5.90,6.17,70.31,153.31,-10.25,9.30,0,1.70,-0.0106,0.0088,0,0.000,0.000,0.00,0.00,0.000,0
0.38,2.44,344.75,0.9915,-0.0223,-0.0041,0.1287,-0.54,0.00,10.42,-15.81,28.38,-43.00,10.43,0,1.70,-0.0028,0.0086,0,0.000,0.000,0.00,0.00,0.000,0
phase1 acc_mag=10.005 gravity=11.824 motion=1.819 moving_avg=3.184 rms=3.933 mean_rms=3.674 max_rms=4.775 min_rms=0.000 std=1.220 var=1.487 state=standing thr=6.113/6.313/6.813
-0.44,2.50,345.69,0.9920,-0.0223,0.0013,0.1244,-0.32,2.95,9.90,3.44,-11.06,36.31,10.34,0,1.70,-0.0006,0.0089,0,0.000,0.000,0.00,0.00,0.000,0
-0.25,4.38,342.12,0.9872,-0.0386,-0.0034,0.1550,1.15,0.80,8.96,2.62,12.12,21.12,9.07,0,1.70,-0.0037,0.0150,0,0.000,0.000,0.00,0.00,0.000,0
-0.88,5.50,342.06,0.9858,-0.0491,-0.0004,0.1603,-1.72,-5.28,9.92,-33.31,0.69,23.94,11.37,0,1.70,-0.0033,0.0193,0,0.000,0.000,0.00,0.00,0.000,0
-0.25,5.56,339.12,0.9824,-0.0486,-0.0063,0.1805,0.46,0.40,10.28,-15.19,2.88,27.56,10.30,0,1.70,-0.0060,0.0187,0,0.000,0.000,0.00,0.00,0.000,0
phase1 acc_mag=8.841 gravity=10.705 motion=1.864 moving_avg=2.455 rms=3.118 mean_rms=3.545 max_rms=4.775 min_rms=0.000 std=0.896 var=0.802 state=standing thr=5.336/5.536/6.036
-0.50,6.75,340.38,0.9836,-0.0590,-0.0057,0.1700,-0.82,-1.84,8.32,-18.25,-4.50,-15.12,8.56,0,1.70,-0.0062,0.0228,0,0.000,0.000,0.00,0.00,0.000,0
0.19,7.38,340.50,0.9835,-0.0634,-0.0131,0.1688,-0.12,-0.83,9.50,-4.38,-10.69,12.88,9.54,0,1.70,-0.0094,0.0241,0,0.000,0.000,0.00,0.00,0.000,0
0.81,7.88,339.56,0.9818,-0.0667,-0.0195,0.1766,-0.05,0.18,9.37,-7.44,-11.69,16.31,9.37,0,1.70,-0.0124,0.0248,0,0.000,0.000,0.00,0.00,0.000,0
1.12,8.06,339.00,0.9808,-0.0674,-0.0228,0.1813,-0.20,-0.02,9.19,31.25,0.88,21.56,9.19,0,1.70,-0.0138,0.0248,0,0.000,0.000,0.00,0.00,0.000,0
phase1 acc_mag=10.293 gravity=10.340 motion=0.047 moving_avg=1.944 rms=2.620 mean_rms=3.314 max_rms=4.775 min_rms=0.000 std=0.809 var=0.655 state=standing thr=4.933/5.133/5.633
0.88,6.94,337.06,0.9779,-0.0555,-0.0186,0.2006,-0.07,-0.62,9.61,29.81,4.06,29.06,9.63,0,1.70,-0.0117,0.0202,0,0.000,0.000,0.00,0.00,0.000,0
1.25,5.88,335.56,0.9760,-0.0479,-0.0219,0.2113,1.25,-0.67,9.21,0.12,-29.25,11.50,9.32,0,1.70,-0.0126,0.0168,0,0.000,0.000,0.00,0.00,0.000,0
2.19,5.50,337.25,0.9789,-0.0428,-0.0301,0.1973,-0.13,-1.42,8.98,-1.00,-17.12,-2.88,9.09,0,1.70,-0.0152,0.0144,0,0.000,0.000,0.00,0.00,0.000,0
3.56,6.25,335.81,0.9752,-0.0479,-0.0438,0.2119,0.77,-1.21,9.30,-12.62,-18.75,38.25,9.41,0,1.70,-0.0211,0.0150,0,0.000,0.000,0.00,0.00,0.000,0
phase1 acc_mag=8.956 gravity=10.095 motion=1.139 moving_avg=1.698 rms=2.330 mean_rms=3.101 max_rms=4.775 min_rms=0.000 std=0.795 var=0.633 state=standing thr=4.692/4.892/5.392
4.44,8.06,334.00,0.9712,-0.0601,-0.0538,0.2242,0.50,-0.99,9.10,-36.69,-9.94,18.94,9.17,0,1.70,-0.0263,0.0185,0,0.000,0.000,0.00,0.00,0.000,0
5.12,10.31,333.44,0.9683,-0.0781,-0.0663,0.2278,0.89,-2.03,8.99,-18.25,-14.19,-6.25,9.26,0,1.70,-0.0328,0.0242,0,0.000,0.000,0.00,0.00,0.000,0
5.25,11.88,333.25,0.9667,-0.0896,-0.0691,0.2296,1.66,-1.79,9.21,-18.62,16.44,11.56,9.53,0,1.70,-0.0349,0.0283,0,0.000,0.000,0.00,0.00,0.000,0
3.75,13.00,333.06,0.9658,-0.1026,-0.0588,0.2309,0.25,-2.94,9.31,-8.69,29.75,0.25,9.77,0,1.70,-0.0322,0.0342,0,0.000,0.000,0.00,0.00,0.000,0
phase1 acc_mag=10.083 gravity=9.609 motion=0.473 moving_avg=1.413 rms=1.906 mean_rms=2.953 max_rms=4.775 min_rms=1.906 std=0.717 var=0.513 state=standing thr=4.386/4.586/5.086
2.56,13.38,333.12,0.9658,-0.1083,-0.0491,0.2305,-1.22,-2.44,10.18,-10.44,3.19,5.38,10.54,0,1.70,-0.0290,0.0373,0,0.000,0.000,0.00,0.00,0.000,0
3.62,12.88,331.62,0.9629,-0.1008,-0.0585,0.2433,-0.33,-3.05,8.98,-0.75,-23.25,14.56,9.49,0,1.70,-0.0324,0.0331,0,0.000,0.000,0.00,0.00,0.000,0
5.62,11.12,333.12,0.9677,-0.0812,-0.0705,0.2279,1.17,0.47,8.54,32.38,-9.31,-36.94,8.63,0,1.70,-0.0347,0.0250,0,0.000,0.000,0.00,0.00,0.000,0
6.44,6.88,335.56,0.9741,-0.0468,-0.0679,0.2108,1.23,-0.74,9.24,125.75,10.00,-60.38,9.35,0,1.70,-0.0304,0.0125,0,0.000,0.000,0.00,0.00,0.000,0
phase1 acc_mag=9.332 gravity=9.365 motion=0.033 moving_avg=1.018 rms=1.231 mean_rms=2.366 max_rms=3.500 min_rms=1.231 std=0.622 var=0.387 state=standing thr=3.610/3.810/4.310
6.62,3.94,337.50,0.9786,-0.0224,-0.0637,0.1941,1.71,0.22,8.83,24.44,-10.06,-30.81,9.00,0,1.70,-0.0267,0.0038,0,0.000,0.000,0.00,0.00,0.000,0
6.88,3.38,338.25,0.9799,-0.0175,-0.0650,0.1878,1.11,-0.04,9.40,-20.38,12.19,-21.75,9.47,0,1.70,-0.0268,0.0020,0,0.000,0.000,0.00,0.00,0.000,0
6.75,3.94,338.38,0.9800,-0.0228,-0.0647,0.1870,0.74,-0.09,9.68,-8.19,-2.31,8.56,9.71,0,1.70,-0.0271,0.0041,0,0.000,0.000,0.00,0.00,0.000,0
6.69,4.44,338.25,0.9797,-0.0276,-0.0646,0.1878,1.02,-0.98,9.48,-5.94,2.50,0.62,9.58,0,1.70,-0.0274,0.0060,0,0.000,0.000,0.00,0.00,0.000,0
phase1 acc_mag=9.718 gravity=9.379 motion=0.340 moving_avg=0.773 rms=0.940 mean_rms=1.920 max_rms=2.902 min_rms=0.940 std=0.632 var=0.400 state=standing thr=3.185/3.385/3.885
5.94,5.38,338.38,0.9799,-0.0365,-0.0601,0.1869,0.90,-0.98,9.36,-3.19,1.31,-5.88,9.45,0,1.70,-0.0263,0.0098,0,0.000,0.000,0.00,0.00,0.000,0
5.62,5.94,338.44,0.9799,-0.0427,-0.0582,0.1860,1.08,-0.93,8.89,-8.50,4.50,0.62,9.00,0,1.70,-0.0260,0.0124,0,0.000,0.000,0.00,0.00,0.000,0
4.94,6.94,338.88,0.9804,-0.0515,-0.0539,0.1824,0.69,-0.78,9.10,-13.62,11.19,-4.44,9.16,0,1.70,-0.0249,0.0162,0,0.000,0.000,0.00,0.00,0.000,0
phase1 acc_mag=9.415 gravity=9.298 motion=0.117 moving_avg=0.693 rms=0.896 mean_rms=1.546 max_rms=2.484 min_rms=0.879 std=0.592 var=0.350 state=standing thr=2.730/2.930/3.430
4.19,8.31,338.69,0.9795,-0.0645,-0.0499,0.1843,1.20,-1.54,9.21,-11.75,10.62,1.75,9.41,0,1.70,-0.0243,0.0216,0,0.000,0.000,0.00,0.00,0.000,0
3.69,8.88,338.19,0.9790,-0.0676,-0.0476,0.1864,1.35,-3.18,14.05,13.88,-9.06,-8.19,14.47,0,1.70,-0.0237,0.0229,0,0.000,0.000,0.00,0.00,0.000,0
6.12,8.81,338.88,0.9784,-0.0660,-0.0719,0.1823,-0.08,-0.95,13.26,-18.75,-57.56,-4.94,13.29,0,1.70,-0.0329,0.0206,0,0.000,0.000,0.00,0.00,0.000,0
10.06,11.31,338.94,0.9746,-0.0798,-0.1045,0.1811,0.45,-0.96,6.89,-49.69,-56.75,-7.06,6.97,0,1.70,-0.0465,0.0236,0,0.000,0.000,0.00,0.00,0.000,0
phase1 acc_mag=1.399 gravity=9.553 motion=8.154 moving_avg=1.284 rms=2.114 mean_rms=1.379 max_rms=2.258 min_rms=0.879 std=0.448 var=0.201 state=standing thr=2.275/2.475/2.975
12.81,12.38,339.62,0.9726,-0.0831,-0.1326,0.1719,1.16,0.35,0.70,4.31,-35.94,-32.12,1.40,2,0.20,-0.0573,0.0232,1,0.811,0.000,0.00,0.00,0.811,0
12.56,12.00,340.56,0.9749,-0.0818,-0.1209,0.1678,3.15,-2.11,4.70,24.62,56.75,17.94,6.04,0,1.70,-0.0526,0.0238,1,0.811,0.000,0.00,0.00,0.811,0
8.75,8.56,340.38,0.9799,-0.0600,-0.0880,0.1690,1.06,-0.42,10.95,68.50,41.75,-0.69,11.01,0,1.70,-0.0386,0.0176,1,0.811,0.000,0.00,0.00,0.811,0
5.81,6.69,340.88,0.9833,-0.0502,-0.0565,0.1652,0.19,-1.26,12.55,-7.62,42.38,-0.38,12.61,0,1.70,-0.0255,0.0160,1,0.811,0.000,0.00,0.00,0.811,0
phase1 acc_mag=11.238 gravity=9.457 motion=1.781 moving_avg=1.743 rms=2.625 mean_rms=1.458 max_rms=2.625 min_rms=0.879 std=0.578 var=0.334 state=slow thr=2.614/2.814/3.314
4.06,6.75,340.75,0.9836,-0.0520,-0.0451,0.1664,1.18,-1.31,10.76,11.81,12.75,3.75,10.90,0,1.70,-0.0212,0.0175,1,0.811,0.000,0.00,0.00,0.811,0
3.12,6.31,340.81,0.9841,-0.0503,-0.0358,0.1663,1.53,-1.16,12.02,-0.31,9.19,5.69,12.17,0,1.70,-0.0174,0.0174,1,0.811,0.000,0.00,0.00,0.811,0
3.38,6.12,340.56,0.9835,-0.0465,-0.0410,0.1697,0.49,-1.28,14.77,13.00,-36.44,14.50,14.83,0,1.70,-0.0193,0.0155,1,0.811,0.000,0.00,0.00,0.811,0
6.38,7.31,340.06,0.9814,-0.0530,-0.0662,0.1721,0.42,-0.20,10.48,-45.19,-46.69,-2.50,10.49,0,1.70,-0.0296,0.0162,1,0.811,0.000,0.00,0.00,0.811,0
phase1 acc_mag=8.768 gravity=10.085 motion=1.317 moving_avg=2.078 rms=2.908 mean_rms=1.749 max_rms=2.908 min_rms=0.879 std=0.770 var=0.594 state=standing thr=3.290/3.490/3.990
9.81,11.00,340.31,0.9771,-0.0788,-0.1013,0.1695,0.71,-0.95,5.92,-47.00,-53.38,-4.25,6.04,0,1.70,-0.0449,0.0239,1,0.811,0.000,0.00,0.00,0.811,0
12.31,12.94,341.00,0.9742,-0.0922,-0.1276,0.1614,0.73,-1.13,3.15,-19.31,-30.00,-18.88,3.43,0,1.70,-0.0557,0.0277,2,0.793,1.255,94.94,1.58,1.604,0
12.94,12.88,341.75,0.9749,-0.0908,-0.1296,0.1564,2.55,-1.90,2.39,13.81,24.25,1.25,3.98,0,1.70,-0.0562,0.0273,2,0.793,1.255,94.94,1.58,1.604,0
9.06,10.19,341.25,0.9805,-0.0711,-0.0870,0.1614,2.04,-1.01,9.26,50.50,64.56,7.69,9.54,0,1.70,-0.0387,0.0223,2,0.793,1.255,94.94,1.58,1.604,0
phase1 acc_mag=12.737 gravity=9.280 motion=3.457 moving_avg=2.927 rms=3.650 mean_rms=2.215 max_rms=3.650 min_rms=0.879 std=0.903 var=0.815 state=standing thr=4.021/4.221/4.721
5.38,7.56,341.44,0.9837,-0.0574,-0.0573,0.1603,-0.33,-0.83,14.51,14.88,48.81,-5.12,14.54,0,1.70,-0.0262,0.0189,2,0.793,1.255,94.94,1.58,1.604,0
4.06,7.44,341.44,0.9843,-0.0584,-0.0455,0.1605,1.54,-1.43,11.38,7.94,-2.94,1.62,11.57,0,1.70,-0.0217,0.0201,2,0.793,1.255,94.94,1.58,1.604,0
3.94,7.12,341.44,0.9844,-0.0569,-0.0437,0.1606,1.75,-1.42,11.35,-9.88,7.56,-0.56,11.57,0,1.70,-0.0209,0.0196,2,0.793,1.255,94.94,1.58,1.604,0
4.50,7.75,341.81,0.9844,-0.0604,-0.0500,0.1575,-0.42,-1.11,13.85,-8.94,-34.12,-6.44,13.90,0,1.70,-0.0235,0.0206,2,0.793,1.255,94.94,1.58,1.604,0
phase1 acc_mag=13.107 gravity=9.973 motion=3.134 moving_avg=3.464 rms=3.930 mean_rms=2.831 max_rms=3.956 min_rms=1.076 std=0.797 var=0.635 state=standing thr=4.425/4.625/5.125
8.25,7.88,341.94,0.9821,-0.0570,-0.0884,0.1564,1.52,-0.27,9.16,-21.19,-71.75,0.12,9.29,0,1.70,-0.0383,0.0169,2,0.793,1.255,94.94,1.58,1.604,0
12.50,10.44,342.06,0.9779,-0.0714,-0.1219,0.1541,1.08,-1.08,5.27,-45.50,-57.44,-5.31,5.49,0,1.70,-0.0521,0.0204,3,0.746,1.264,101.69,1.69,2.350,0
14.69,13.06,342.69,0.9743,-0.0912,-0.1443,0.1468,2.09,-2.55,1.54,-11.88,1.88,-15.31,3.64,0,1.70,-0.0616,0.0271,3,0.746,1.264,101.69,1.69,2.350,0
12.62,12.00,343.19,0.9780,-0.0856,-0.1247,0.1440,3.12,-1.43,4.77,27.44,53.62,12.12,5.88,0,1.70,-0.0537,0.0263,3,0.746,1.264,101.69,1.69,2.350,0
phase1 acc_mag=7.135 gravity=9.203 motion=2.068 moving_avg=3.378 rms=3.820 mean_rms=3.289 max_rms=4.003 min_rms=2.284 std=0.572 var=0.328 state=standing thr=4.434/4.634/5.134
8.38,11.19,343.00,0.9818,-0.0848,-0.0872,0.1462,1.34,-3.28,13.23,-41.12,39.69,42.00,13.70,0,1.70,-0.0392,0.0282,3,0.746,1.264,101.69,1.69,2.350,0
6.62,10.75,343.44,0.9836,-0.0839,-0.0713,0.1427,1.36,-1.50,11.39,2.12,13.62,2.19,11.57,0,1.70,-0.0328,0.0290,3,0.746,1.264,101.69,1.69,2.350,0
5.69,10.62,343.12,0.9838,-0.0833,-0.0618,0.1463,1.38,-1.94,9.82,11.56,11.75,5.56,10.10,0,1.70,-0.0292,0.0291,3,0.746,1.264,101.69,1.69,2.350,0
phase1 acc_mag=9.207 gravity=9.618 motion=0.411 moving_avg=3.183 rms=3.699 mean_rms=3.550 max_rms=4.003 min_rms=2.623 std=0.421 var=0.177 state=standing thr=4.391/4.591/5.091
5.06,9.69,342.88,0.9844,-0.0770,-0.0567,0.1479,1.17,-0.98,9.08,7.06,-10.31,4.44,9.21,0,1.70,-0.0269,0.0270,3,0.746,1.264,101.69,1.69,2.350,0
5.50,9.12,343.19,0.9850,-0.0715,-0.0594,0.1453,0.99,-1.13,8.71,4.81,-4.06,-5.12,8.84,0,1.70,-0.0276,0.0247,3,0.746,1.264,101.69,1.69,2.350,0
5.31,8.94,343.31,0.9854,-0.0703,-0.0569,0.1445,1.05,-1.38,8.84,1.62,9.44,3.56,9.01,0,1.70,-0.0265,0.0244,3,0.746,1.264,101.69,1.69,2.350,0
3.88,9.12,342.69,0.9849,-0.0737,-0.0460,0.1495,2.60,-1.52,12.30,-24.12,22.06,19.31,12.66,0,1.70,-0.0225,0.0263,3,0.746,1.264,101.69,1.69,2.350,0
phase1 acc_mag=14.810 gravity=9.331 motion=5.479 moving_avg=2.946 rms=3.567 mean_rms=3.702 max_rms=4.003 min_rms=2.996 std=0.205 var=0.042 state=standing thr=4.112/4.312/4.812
3.06,10.06,344.19,0.9867,-0.0825,-0.0402,0.1340,-0.66,-3.03,14.19,7.94,-15.25,-36.88,14.52,0,1.70,-0.0203,0.0304,3,0.746,1.264,101.69,1.69,2.350,0
6.62,8.81,345.44,0.9873,-0.0688,-0.0676,0.1260,-0.54,-1.60,10.88,10.00,-64.31,-32.12,11.01,0,1.70,-0.0302,0.0238,3,0.746,1.264,101.69,1.69,2.350,0
12.38,9.81,344.69,0.9817,-0.0692,-0.1186,0.1318,0.76,-1.16,5.54,-28.69,-64.56,8.44,5.71,0,1.70,-0.0502,0.0209,4,0.748,0.857,68.81,1.15,3.097,0
15.44,10.75,344.31,0.9769,-0.0725,-0.1479,0.1359,1.64,-1.07,0.85,7.44,-24.06,-9.62,2.13,0,1.70,-0.0618,0.0203,4,0.748,0.857,68.81,1.15,3.097,0
phase1 acc_mag=3.879 gravity=9.559 motion=5.679 moving_avg=2.824 rms=3.438 mean_rms=3.673 max_rms=4.003 min_rms=3.084 std=0.234 var=0.055 state=standing thr=4.140/4.340/4.840
14.25,9.06,343.19,0.9786,-0.0586,-0.1347,0.1443,4.03,0.04,3.74,60.88,59.94,13.38,5.50,0,1.70,-0.0561,0.0152,4,0.748,0.857,68.81,1.15,3.097,0
8.50,5.88,342.94,0.9854,-0.0386,-0.0753,0.1483,0.65,0.71,13.23,32.62,75.19,5.56,13.26,0,1.70,-0.0319,0.0107,4,0.748,0.857,68.81,1.15,3.097,0
5.12,5.12,342.81,0.9868,-0.0374,-0.0511,0.1490,1.78,-0.38,12.47,9.38,10.25,17.06,12.60,0,1.70,-0.0224,0.0117,4,0.748,0.857,68.81,1.15,3.097,0
phase1 acc_mag=10.915 gravity=9.244 motion=1.672 moving_avg=2.853 rms=3.455 mean_rms=3.582 max_rms=4.003 min_rms=3.084 std=0.226 var=0.051 state=standing thr=4.033/4.233/4.733
4.25,5.31,342.69,0.9869,-0.0404,-0.0439,0.1500,0.95,-1.08,10.82,-1.75,6.50,-0.56,10.92,0,1.70,-0.0197,0.0133,4,0.748,0.857,68.81,1.15,3.097,0
4.31,4.75,342.94,0.9874,-0.0344,-0.0446,0.1475,0.98,-0.28,8.78,13.19,-10.25,-2.81,8.84,0,1.70,-0.0197,0.0110,4,0.748,0.857,68.81,1.15,3.097,0
4.62,4.19,343.19,0.9879,-0.0304,-0.0453,0.1456,0.82,-0.42,8.36,2.50,1.44,-4.00,8.41,0,1.70,-0.0197,0.0094,4,0.748,0.857,68.81,1.15,3.097,0
4.19,3.88,343.38,0.9884,-0.0280,-0.0406,0.1436,0.54,-0.36,8.80,7.06,10.25,-6.25,8.82,0,1.70,-0.0177,0.0087,4,0.748,0.857,68.81,1.15,3.097,0
phase1 acc_mag=8.870 gravity=9.809 motion=0.939 moving_avg=2.267 rms=2.967 mean_rms=3.449 max_rms=3.801 min_rms=2.967 std=0.223 var=0.050 state=standing thr=3.895/4.095/4.595
3.44,3.44,343.56,0.9888,-0.0255,-0.0342,0.1427,0.83,-0.16,8.82,7.31,17.12,-3.19,8.86,0,1.70,-0.0150,0.0081,4,0.748,0.857,68.81,1.15,3.097,0
1.31,3.12,343.69,0.9896,-0.0248,-0.0108,0.1414,1.66,-1.24,10.29,17.62,55.62,-0.19,10.50,0,1.70,-0.0057,0.0092,4,0.748,0.857,68.81,1.15,3.097,0
-3.50,2.75,343.75,0.9893,-0.0284,0.0271,0.1407,-1.86,0.40,16.19,-10.50,39.44,-1.88,16.30,0,1.70,0.0091,0.0128,4,0.748,0.857,68.81,1.15,3.097,0
0.56,3.88,343.62,0.9893,-0.0330,-0.0099,0.1421,-2.53,0.55,13.39,-15.12,-128.75,0.50,13.64,0,1.70,-0.0058,0.0125,4,0.748,0.857,68.81,1.15,3.097,0
phase1 acc_mag=11.487 gravity=10.164 motion=1.323 moving_avg=2.652 rms=3.472 mean_rms=3.307 max_rms=3.692 min_rms=2.786 std=0.242 var=0.058 state=standing thr=3.790/3.990/4.490
9.44,6.31,343.38,0.9835,-0.0455,-0.1022,0.1426,0.50,-0.36,4.09,-63.12,-139.62,-14.06,4.14,0,1.70,-0.0428,0.0121,4,0.748,0.857,68.81,1.15,3.097,0
16.69,10.12,344.12,0.9761,-0.0648,-0.1567,0.1361,1.36,-1.44,1.58,-45.56,-66.25,-30.25,2.53,0,1.70,-0.0647,0.0168,5,0.857,0.851,59.58,0.99,3.954,0
17.06,11.38,343.56,0.9752,-0.0695,-0.1559,0.1413,3.66,-2.83,0.69,63.75,56.56,5.12,4.68,0,1.70,-0.0647,0.0183,5,0.857,0.851,59.58,0.99,3.954,0
10.44,7.56,342.69,0.9824,-0.0508,-0.1000,0.1495,0.75,1.80,6.60,52.56,96.94,22.12,6.88,0,1.70,-0.0423,0.0140,5,0.857,0.851,59.58,0.99,3.954,0
phase1 acc_mag=10.199 gravity=9.044 motion=1.155 moving_avg=3.172 rms=3.929 mean_rms=3.369 max_rms=4.048 min_rms=2.786 std=0.332 var=0.110 state=standing thr=4.033/4.233/4.733
4.38,11.06,339.81,0.9785,-0.0968,-0.0500,0.1749,0.22,-4.34,13.56,-111.62,81.06,38.19,14.24,0,1.70,-0.0263,0.0344,5,0.857,0.851,59.58,0.99,3.954,0
0.69,12.06,339.44,0.9788,-0.1006,-0.0216,0.1771,0.00,-1.99,10.94,29.81,33.88,2.31,11.12,0,1.70,-0.0156,0.0379,5,0.857,0.851,59.58,0.99,3.954,0
-0.62,10.62,340.12,0.9808,-0.0926,-0.0104,0.1716,0.24,-1.59,9.25,14.31,13.19,-8.88,9.39,0,1.70,-0.0105,0.0356,5,0.857,0.851,59.58,0.99,3.954,0
phase1 acc_mag=9.690 gravity=9.984 motion=0.293 moving_avg=2.789 rms=3.593 mean_rms=3.496 max_rms=4.079 min_rms=2.786 std=0.393 var=0.155 state=standing thr=4.283/4.483/4.983
-1.56,8.44,341.00,0.9837,-0.0732,0.0040,0.1640,0.16,-1.45,9.58,27.62,23.38,1.31,9.69,0,1.70,-0.0032,0.0291,5,0.857,0.851,59.58,0.99,3.954,0
-2.75,7.88,340.88,0.9832,-0.0737,0.0148,0.1663,0.17,-0.95,9.84,-15.88,28.00,15.31,9.89,0,1.70,0.0009,0.0300,5,0.857,0.851,59.58,0.99,3.954,0
-3.56,8.56,340.50,0.9824,-0.0791,0.0183,0.1683,-0.71,-1.87,14.86,-7.44,-9.44,-10.81,14.99,0,1.70,0.0019,0.0323,5,0.857,0.851,59.58,0.99,3.954,0
-0.50,9.94,341.88,0.9838,-0.0863,-0.0091,0.1569,-2.79,-0.10,15.49,-28.94,-75.88,-33.25,15.74,0,1.70,-0.0090,0.0334,5,0.857,0.851,59.58,0.99,3.954,0
phase1 acc_mag=10.165 gravity=10.198 motion=0.033 moving_avg=2.903 rms=3.778 mean_rms=3.529 max_rms=4.079 min_rms=2.786 std=0.396 var=0.157 state=standing thr=4.320/4.520/5.020
6.94,12.12,342.44,0.9796,-0.0977,-0.0891,0.1514,0.98,-1.71,6.66,-61.00,-141.31,-8.56,6.95,0,1.70,-0.0408,0.0329,5,0.857,0.851,59.58,0.99,3.954,0
14.88,16.38,343.31,0.9713,-0.1185,-0.1497,0.1421,1.22,-2.11,1.83,-38.94,-89.69,-8.62,3.05,0,1.70,-0.0649,0.0375,6,0.832,1.024,73.80,1.23,4.787,0
16.69,16.94,342.50,0.9675,-0.1190,-0.1667,0.1487,2.44,-1.44,1.69,22.75,23.69,-2.75,3.30,0,1.70,-0.0716,0.0361,6,0.832,1.024,73.80,1.23,4.787,0
13.69,15.94,342.25,0.9727,-0.1140,-0.1353,0.1505,3.00,-5.74,6.91,-20.25,47.06,14.69,9.47,0,1.70,-0.0595,0.0362,6,0.832,1.024,73.80,1.23,4.787,0
phase1 acc_mag=7.701 gravity=9.435 motion=1.734 moving_avg=3.682 rms=4.400 mean_rms=3.727 max_rms=4.400 min_rms=2.786 std=0.422 var=0.178 state=standing thr=4.571/4.771/5.271
9.25,13.12,342.56,0.9789,-0.0997,-0.0974,0.1496,1.56,-3.62,11.20,5.06,74.25,7.12,11.87,0,1.70,-0.0441,0.0332,6,0.832,1.024,73.80,1.23,4.787,0
6.00,11.19,342.56,0.9828,-0.0867,-0.0646,0.1500,1.40,-1.96,12.78,22.12,29.19,-0.88,13.00,0,1.70,-0.0306,0.0302,6,0.832,1.024,73.80,1.23,4.787,0
5.00,10.12,342.88,0.9841,-0.0807,-0.0569,0.1477,1.37,-1.61,10.77,7.25,0.94,-3.81,10.98,0,1.70,-0.0272,0.0284,6,0.832,1.024,73.80,1.23,4.787,0
phase1 acc_mag=9.292 gravity=9.131 motion=0.161 moving_avg=3.314 rms=4.000 mean_rms=3.977 max_rms=4.463 min_rms=3.483 std=0.287 var=0.082 state=standing thr=4.551/4.751/5.251
5.00,9.50,343.88,0.9861,-0.0751,-0.0546,0.1376,0.81,-0.93,9.21,11.75,13.88,-25.56,9.29,0,1.70,-0.0257,0.0266,6,0.832,1.024,73.80,1.23,4.787,0
5.62,8.69,345.56,0.9877,-0.0751,-0.0610,0.1230,0.78,4.11,5.52,-80.38,-18.81,-20.75,6.93,0,1.70,-0.0278,0.0267,7,0.711,1.247,105.26,1.75,5.497,1
6.44,9.38,348.88,0.9904,-0.0758,-0.0641,0.0961,0.79,0.35,9.46,39.25,0.88,-46.12,9.50,0,1.70,-0.0283,0.0276,7,0.711,1.247,105.26,1.75,5.497,0
6.25,7.88,349.56,0.9921,-0.0632,-0.0607,0.0901,1.13,-1.06,9.41,8.12,3.69,5.62,9.54,0,1.70,-0.0264,0.0229,7,0.711,1.247,105.26,1.75,5.497,0
phase1 acc_mag=10.039 gravity=9.826 motion=0.213 moving_avg=2.592 rms=3.358 mean_rms=3.911 max_rms=4.463 min_rms=3.358 std=0.334 var=0.112 state=standing thr=4.579/4.779/5.279
6.44,7.69,349.12,0.9916,-0.0599,-0.0638,0.0949,1.23,-1.67,9.56,13.12,-12.81,6.38,9.78,0,1.70,-0.0276,0.0214,7,0.711,1.247,105.26,1.75,5.497,0
7.81,4.06,350.00,0.9932,-0.0294,-0.0713,0.0866,1.94,1.02,9.29,123.25,6.00,-108.56,9.55,0,1.70,-0.0293,0.0092,7,0.711,1.247,105.26,1.75,5.497,0
8.38,0.75,350.62,0.9941,0.0048,-0.0726,0.0801,0.69,2.78,9.33,66.69,5.94,-17.50,9.76,0,1.70,-0.0287,-0.0042,7,0.711,1.247,105.26,1.75,5.497,0
7.94,1.44,348.19,0.9922,-0.0057,-0.0702,0.1025,1.38,-0.71,10.55,-34.62,14.75,44.88,10.66,0,1.70,-0.0281,-0.0006,7,0.711,1.247,105.26,1.75,5.497,0
phase1 acc_mag=9.328 gravity=9.724 motion=0.396 moving_avg=2.369 rms=3.196 mean_rms=3.773 max_rms=4.463 min_rms=3.191 std=0.431 var=0.185 state=standing thr=4.635/4.835/5.335
7.19,2.31,346.94,0.9913,-0.0132,-0.0643,0.1146,1.75,-0.58,8.83,1.94,7.62,16.31,9.02,0,1.70,-0.0261,0.0023,7,0.711,1.247,105.26,1.75,5.497,0
5.62,1.75,345.94,0.9911,-0.0096,-0.0510,0.1222,0.05,0.42,9.84,9.19,22.69,11.00,9.85,0,1.70,-0.0207,0.0013,7,0.711,1.247,105.26,1.75,5.497,0
5.75,0.62,344.88,0.9901,0.0066,-0.0491,0.1314,0.60,-1.97,9.37,68.25,9.19,1.38,9.59,0,1.70,-0.0191,-0.0052,7,0.711,1.247,105.26,1.75,5.497,0
4.94,-1.25,343.31,0.9885,0.0173,-0.0415,0.1445,0.46,1.69,9.51,17.56,-6.50,39.94,9.67,0,1.70,-0.0154,-0.0092,7,0.711,1.247,105.26,1.75,5.497,0
phase1 acc_mag=8.776 gravity=9.112 motion=0.336 moving_avg=1.783 rms=2.596 mean_rms=3.637 max_rms=4.463 min_rms=2.596 std=0.550 var=0.303 state=standing thr=4.738/4.938/5.438
6.12,-2.50,340.56,0.9841,0.0307,-0.0495,0.1680,1.77,2.37,9.31,19.00,1.81,25.56,9.77,0,1.70,-0.0174,-0.0154,7,0.711,1.247,105.26,1.75,5.497,0
7.56,-4.06,339.19,0.9805,0.0475,-0.0602,0.1811,2.40,1.48,9.01,12.44,-24.12,21.44,9.44,0,1.70,-0.0202,-0.0230,7,0.711,1.247,105.26,1.75,5.497,0
9.19,-5.31,338.25,0.9778,0.0607,-0.0702,0.1876,3.66,1.92,8.99,11.81,-20.56,24.00,9.89,0,1.70,-0.0229,-0.0290,7,0.711,1.247,105.26,1.75,5.497,0
phase1 acc_mag=8.994 gravity=9.806 motion=0.811 moving_avg=0.956 rms=1.320 mean_rms=3.093 max_rms=4.463 min_rms=1.320 std=0.847 var=0.718 state=standing thr=4.787/4.987/5.487
9.44,-5.31,338.25,0.9778,0.0609,-0.0720,0.1871,3.10,1.25,8.35,1.56,-9.31,3.06,8.99,0,1.70,-0.0236,-0.0292,7,0.711,1.247,105.26,1.75,5.497,0
8.81,-4.62,338.44,0.9785,0.0547,-0.0683,0.1866,2.22,-0.87,9.22,9.88,-0.62,5.31,9.52,0,1.70,-0.0226,-0.0265,7,0.711,1.247,105.26,1.75,5.497,0
9.12,-6.50,337.81,0.9767,0.0707,-0.0679,0.1910,2.82,2.46,8.81,-8.44,-16.50,24.19,9.57,0,1.70,-0.0211,-0.0328,7,0.711,1.247,105.26,1.75,5.497,0
8.81,-7.50,339.31,0.9786,0.0779,-0.0651,0.1790,0.59,1.09,9.08,1.38,-6.75,11.44,9.16,0,1.70,-0.0199,-0.0351,7,0.711,1.247,105.26,1.75,5.497,0
phase1 acc_mag=10.039 gravity=9.450 motion=0.590 moving_avg=0.679 rms=0.891 mean_rms=2.449 max_rms=3.753 min_rms=0.889 std=0.977 var=0.954 state=standing thr=4.403/4.603/5.103
8.56,-6.44,341.31,0.9825,0.0672,-0.0649,0.1612,2.58,0.05,9.25,-91.19,-3.56,-11.12,9.60,0,1.70,-0.0212,-0.0306,7,0.711,1.247,105.26,1.75,5.497,0
10.50,-3.19,342.94,0.9844,0.0410,-0.0864,0.1476,1.48,0.66,9.06,-25.56,-55.75,4.56,9.20,0,1.70,-0.0316,-0.0212,7,0.711,1.247,105.26,1.75,5.497,0
12.56,-1.88,342.25,0.9825,0.0327,-0.1055,0.1501,3.30,1.21,8.83,-9.19,-0.88,-12.62,9.50,0,1.70,-0.0395,-0.0192,7,0.711,1.247,105.26,1.75,5.497,0
13.06,-1.19,344.75,0.9847,0.0256,-0.1116,0.1314,3.02,1.37,7.74,12.00,-7.56,16.12,8.42,0,1.70,-0.0426,-0.0159,7,0.711,1.247,105.26,1.75,5.497,0
phase1 acc_mag=9.633 gravity=9.470 motion=0.163 moving_avg=0.553 rms=0.728 mean_rms=1.908 max_rms=3.222 min_rms=0.724 std=1.006 var=1.013 state=standing thr=3.920/4.120/4.620
12.31,-0.62,344.44,0.9854,0.0195,-0.1041,0.1335,1.59,-0.35,9.24,-7.56,23.69,-9.88,9.38,0,1.70,-0.0400,-0.0132,7,0.711,1.247,105.26,1.75,5.497,0
10.62,-1.69,344.94,0.9870,0.0268,-0.0900,0.1304,2.40,0.23,9.70,37.69,42.38,8.00,10.00,0,1.70,-0.0341,-0.0153,7,0.711,1.247,105.26,1.75,5.497,0
7.69,-3.00,342.94,0.9864,0.0363,-0.0629,0.1477,1.68,3.08,8.08,42.12,31.38,60.44,8.81,0,1.70,-0.0227,-0.0180,7,0.711,1.247,105.26,1.75,5.497,0
phase1 acc_mag=9.296 gravity=9.342 motion=0.046 moving_avg=0.464 rms=0.588 mean_rms=1.370 max_rms=3.199 min_rms=0.587 std=0.845 var=0.713 state=standing thr=3.059/3.259/3.759
6.88,-5.12,342.75,0.9860,0.0532,-0.0527,0.1493,1.72,2.06,8.90,32.38,3.50,22.56,9.30,0,1.70,-0.0176,-0.0241,7,0.711,1.247,105.26,1.75,5.497,0
7.44,-4.75,343.56,0.9868,0.0505,-0.0588,0.1425,1.57,0.89,9.32,-39.50,4.06,-1.88,9.49,0,1.70,-0.0203,-0.0233,7,0.711,1.247,105.26,1.75,5.497,0
7.38,-2.50,343.31,0.9872,0.0312,-0.0606,0.1445,1.47,0.33,9.46,-45.06,0.19,17.06,9.58,0,1.70,-0.0221,-0.0158,7,0.711,1.247,105.26,1.75,5.497,0
7.31,-0.31,342.31,0.9860,0.0101,-0.0635,0.1541,1.45,-0.05,9.33,-31.19,-1.38,14.56,9.44,0,1.70,-0.0244,-0.0079,7,0.711,0.000,0.00,0.00,5.497,0
phase1 acc_mag=9.326 gravity=9.331 motion=0.005 moving_avg=0.385 rms=0.513 mean_rms=0.905 max_rms=2.316 min_rms=0.513 std=0.422 var=0.178 state=standing thr=1.749/1.949/2.449
7.56,0.62,342.00,0.9855,0.0042,-0.0661,0.1566,2.06,0.03,9.32,-4.50,-3.62,6.44,9.54,0,1.70,-0.0258,-0.0058,7,0.711,0.000,0.00,0.00,5.497,0
7.25,0.81,341.12,0.9844,0.0048,-0.0626,0.1644,1.58,0.09,9.17,12.25,9.00,22.94,9.31,0,1.70,-0.0243,-0.0060,7,0.711,0.000,0.00,0.00,5.497,0
1.69,0.81,341.81,0.9874,-0.0050,-0.0159,0.1577,-0.80,-0.93,9.73,-20.00,92.62,18.25,9.81,0,1.70,-0.0066,0.0010,7,0.711,0.000,0.00,0.00,5.497,0
-1.12,0.12,338.19,0.9819,-0.0034,0.0097,0.1890,1.47,1.47,8.71,16.81,39.25,61.81,8.95,0,1.70,0.0036,0.0021,7,0.711,0.000,0.00,0.00,5.497,0
phase1 acc_mag=8.475 gravity=9.391 motion=0.916 moving_avg=0.371 rms=0.554 mean_rms=0.679 max_rms=1.168 min_rms=0.499 std=0.158 var=0.025 state=standing thr=0.995/1.195/1.695
-5.12,1.00,338.31,0.9811,-0.0173,0.0425,0.1878,-2.32,-0.70,9.51,-14.62,81.06,-6.88,9.81,0,1.70,0.0154,0.0100,7,0.711,0.000,0.00,0.00,5.497,0
-6.06,1.44,335.25,0.9755,-0.0244,0.0483,0.2130,-0.16,0.75,9.38,-7.19,-10.69,-7.25,9.41,0,1.70,0.0168,0.0136,7,0.711,0.000,0.00,0.00,5.497,0
-5.19,2.25,334.12,0.9738,-0.0305,0.0389,0.2221,-0.89,-0.61,8.82,-12.31,-8.44,-15.12,8.89,0,1.70,0.0124,0.0153,7,0.711,0.000,0.00,0.00,5.497,0
-2.88,3.12,334.06,0.9739,-0.0326,0.0187,0.2238,0.63,-0.72,10.16,-10.25,-27.12,-3.75,10.20,0,1.70,0.0044,0.0144,7,0.711,0.000,0.00,0.00,5.497,0
phase1 acc_mag=9.667 gravity=9.467 motion=0.201 moving_avg=0.393 rms=0.563 mean_rms=0.598 max_rms=0.828 min_rms=0.499 std=0.083 var=0.007 state=standing thr=0.764/0.964/1.464
-2.06,2.88,335.44,0.9774,-0.0289,0.0119,0.2093,-0.07,-0.24,8.62,-4.44,-2.62,-35.44,8.62,0,1.70,0.0022,0.0123,7,0.711,0.000,0.00,0.00,5.497,0
-1.50,3.00,337.12,0.9797,-0.0284,0.0079,0.1981,0.59,0.10,9.23,-12.25,14.31,7.12,9.25,0,1.70,0.0008,0.0118,7,0.711,0.000,0.00,0.00,5.497,0
-3.69,5.38,336.56,0.9774,-0.0588,0.0243,0.2020,0.76,0.56,8.93,-67.38,39.62,-8.81,8.98,0,1.70,0.0047,0.0250,7,0.711,0.000,0.00,0.00,5.497,0
-6.81,7.75,336.88,0.9758,-0.0782,0.0453,0.1992,-0.84,-0.43,8.81,-22.31,46.94,-2.25,8.86,0,1.70,0.0114,0.0341,7,0.711,0.000,0.00,0.00,5.497,0
phase1 acc_mag=8.224 gravity=9.456 motion=1.232 moving_avg=0.413 rms=0.568 mean_rms=0.558 max_rms=0.675 min_rms=0.499 std=0.034 var=0.001 state=standing thr=0.626/0.826/1.326
-8.06,8.12,338.50,0.9781,-0.0847,0.0541,0.1821,-2.60,-0.98,8.77,-12.69,1.00,-31.12,9.20,0,1.70,0.0150,0.0371,7,0.711,0.000,0.00,0.00,5.497,0
-7.50,9.44,339.31,0.9781,-0.0941,0.0511,0.1783,-1.75,-3.09,10.62,-18.25,11.38,0.31,11.20,0,1.70,0.0133,0.0405,7,0.711,0.000,0.00,0.00,5.497,0
-8.62,9.12,338.44,0.9765,-0.0919,0.0596,0.1857,-1.77,-1.55,10.56,34.75,-7.25,16.38,10.82,0,1.70,0.0164,0.0403,7,0.711,0.000,0.00,0.00,5.497,0
-8.88,7.38,338.06,0.9768,-0.0743,0.0660,0.1898,-1.79,-1.74,10.39,38.12,13.75,10.19,10.69,0,1.70,0.0201,0.0341,7,0.711,0.000,0.00,0.00,5.497,0
phase1 acc_mag=9.405 gravity=9.582 motion=0.177 moving_avg=0.558 rms=0.797 mean_rms=0.582 max_rms=0.798 min_rms=0.499 std=0.079 var=0.006 state=slow thr=0.741/0.941/1.441
-9.19,5.56,339.25,0.9793,-0.0622,0.0707,0.1791,-0.47,-0.13,8.95,17.19,-10.31,-19.50,8.96,0,1.70,0.0232,0.0294,7,0.711,0.000,0.00,0.00,5.497,0
-9.06,4.75,340.12,0.9813,-0.0532,0.0718,0.1702,-0.85,-0.45,9.18,23.19,7.94,-15.75,9.23,0,1.70,0.0246,0.0258,7,0.711,0.000,0.00,0.00,5.497,0
-8.81,2.25,342.38,0.9851,-0.0312,0.0732,0.1525,-0.71,-0.96,9.08,34.62,-15.19,-22.31,9.16,0,1.70,0.0270,0.0168,7,0.711,0.000,0.00,0.00,5.497,0
-7.50,1.25,344.44,0.9886,-0.0201,0.0634,0.1346,-0.83,-0.13,9.76,25.94,-24.50,-44.56,9.80,0,1.70,0.0240,0.0114,7,0.711,0.000,0.00,0.00,5.497,0
phase1 acc_mag=9.531 gravity=9.593 motion=0.062 moving_avg=0.596 rms=0.812 mean_rms=0.641 max_rms=0.813 min_rms=0.499 std=0.112 var=0.013 state=standing thr=0.866/1.066/1.566
-6.69,-1.75,345.62,0.9904,0.0082,0.0599,0.1247,-1.62,7.61,8.48,192.75,36.62,22.62,11.51,0,1.70,0.0242,-0.0003,7,0.711,0.000,0.00,0.00,5.497,0
-7.88,-1.62,344.31,0.9878,-0.0001,0.0721,0.1381,-0.54,2.86,9.04,-56.69,29.19,22.25,9.50,0,1.70,0.0285,0.0040,7,0.711,0.000,0.00,0.00,5.497,0
-10.50,1.00,341.38,0.9827,-0.0236,0.0892,0.1608,-1.84,0.70,7.43,25.19,53.00,43.50,7.69,0,1.70,0.0335,0.0150,7,0.711,0.000,0.00,0.00,5.497,0
BNO055 detected! Chip ID: 0xA0
BNO055 initialized successfully!
roll,pitch,yaw,qw,qx,qy,qz,accx,accy,accz,gyrox,gyroy,gyroz,svm,state,z_v,lever_offx,lever_offy,steps,stride_m,velocity_mps,cadence_spm,cadence_sps,distance_m,step_flag
phase1 acc_mag=9.428 gravity=9.428 motion=0.000 moving_avg=0.000 rms=0.000 mean_rms=0.000 max_rms=0.000 min_rms=0.000 std=0.000 var=0.000 state=standing thr=0.080/0.350/0.850
0.00,0.00,0.00,0.0000,0.0000,0.0000,0.0000,-2.84,-0.85,8.95,-6.81,11.44,4.88,9.43,0,1.70,0.0000,0.0000,0,0.000,0.000,0.00,0.00,0.000,0
-1.06,0.12,359.69,0.9999,-0.0015,0.0105,0.0022,-2.76,-1.05,8.91,-1.75,10.88,-1.25,9.39,0,1.70,0.0042,0.0006,0,0.000,0.000,0.00,0.00,0.000,0
-1.69,0.31,359.81,0.9999,-0.0026,0.0150,0.0013,-3.06,-0.75,9.39,6.81,2.25,0.88,9.90,0,1.70,0.0060,0.0010,0,0.000,0.000,0.00,0.00,0.000,0
-2.00,-0.25,0.12,0.9998,0.0036,0.0173,-0.0018,-3.75,-1.38,9.23,15.62,-1.88,-2.56,10.06,0,1.70,0.0069,-0.0015,0,0.000,0.000,0.00,0.00,0.000,0
phase1 acc_mag=9.758 gravity=9.555 motion=0.203 moving_avg=0.318 rms=0.403 mean_rms=0.291 max_rms=0.410 min_rms=0.000 std=0.128 var=0.016 state=standing thr=0.547/0.747/1.247
-1.75,-1.31,0.38,0.9998,0.0129,0.0153,-0.0035,-3.34,-0.67,8.68,15.38,-1.31,0.31,9.32,0,1.70,0.0061,-0.0052,0,0.000,0.000,0.00,0.00,0.000,0
-1.50,-1.25,0.56,0.9998,0.0110,0.0135,-0.0051,-3.12,-0.98,8.61,-12.56,-3.81,-6.12,9.21,0,1.70,0.0054,-0.0044,0,0.000,0.000,0.00,0.00,0.000,0
-1.31,-1.38,1.00,0.9998,0.0131,0.0104,-0.0096,-4.77,-1.32,8.57,8.56,-3.50,-18.25,9.90,0,1.70,0.0041,-0.0053,0,0.000,0.000,0.00,0.00,0.000,0
-0.38,-1.31,1.75,0.9998,0.0120,0.0035,-0.0158,-2.40,-0.67,9.17,-16.75,-3.81,-15.88,9.50,0,1.70,0.0013,-0.0048,0,0.000,0.000,0.00,0.00,0.000,0
phase1 acc_mag=9.181 gravity=9.409 motion=0.228 moving_avg=0.367 rms=0.473 mean_rms=0.362 max_rms=0.477 min_rms=0.000 std=0.119 var=0.014 state=standing thr=0.600/0.800/1.300
-0.94,-0.81,2.69,0.9996,0.0075,0.0085,-0.0235,-2.72,-1.58,9.17,-5.94,5.81,-10.00,9.69,0,1.70,0.0033,-0.0031,0,0.000,0.000,0.00,0.00,0.000,0
-1.19,-1.25,3.06,0.9995,0.0114,0.0105,-0.0267,-2.78,-1.23,9.25,9.44,-1.50,-1.19,9.74,0,1.70,0.0041,-0.0047,0,0.000,0.000,0.00,0.00,0.000,0
-1.31,-1.94,3.06,0.9867,-0.0469,0.1530,-0.0295,-2.86,-0.99,9.10,8.81,1.06,2.00,9.59,0,1.70,0.0609,0.0167,0,0.000,0.000,0.00,0.00,0.000,0
-17.44,5.94,3.75,0.9866,-0.0453,0.1534,-0.0325,-3.01,-0.72,8.85,-1.12,0.00,-8.06,9.38,0,1.70,0.0611,0.0159,0,0.000,0.000,0.00,0.00,0.000,0
phase1 acc_mag=9.490 gravity=9.454 motion=0.036 moving_avg=0.289 rms=0.400 mean_rms=0.386 max_rms=0.477 min_rms=0.000 std=0.104 var=0.011 state=standing thr=0.593/0.793/1.293
-17.50,5.69,4.00,0.9865,-0.0423,0.1543,-0.0353,-3.19,-0.74,8.62,6.81,-0.38,-5.06,9.22,0,1.70,0.0615,0.0145,0,0.000,0.000,0.00,0.00,0.000,0
-17.56,5.12,3.88,0.9867,-0.0382,0.1545,-0.0334,-2.60,-0.83,8.86,1.75,2.19,4.19,9.27,0,1.70,0.0615,0.0130,0,0.000,0.000,0.00,0.00,0.000,0
-17.94,5.50,4.38,0.9858,-0.0404,0.1581,-0.0381,-2.77,-1.13,9.27,-9.19,9.19,-11.62,9.74,0,1.70,0.0630,0.0135,0,0.000,0.000,0.00,0.00,0.000,0
-18.44,6.25,4.81,0.9847,-0.0460,0.1627,-0.0414,-2.66,-0.25,10.23,-13.25,9.94,-5.38,10.57,0,1.70,0.0648,0.0154,0,0.000,0.000,0.00,0.00,0.000,0
phase1 acc_mag=10.210 gravity=9.500 motion=0.710 moving_avg=0.326 rms=0.445 mean_rms=0.389 max_rms=0.477 min_rms=0.000 std=0.091 var=0.008 state=standing thr=0.571/0.771/1.271
-18.38,6.38,3.69,0.9852,-0.0485,0.1616,-0.0319,-4.39,-0.04,13.14,4.38,-30.06,17.00,13.85,0,1.70,0.0643,0.0170,0,0.000,0.000,0.00,0.00,0.000,0
-15.81,3.44,3.88,0.9894,-0.0244,0.1388,-0.0339,-3.77,-0.79,14.67,53.94,-24.00,-16.62,15.17,0,1.70,0.0553,0.0078,0,0.000,0.000,0.00,0.00,0.000,0
-14.56,-1.06,5.44,0.9910,0.0229,0.1230,-0.0479,-3.65,-0.20,11.57,93.50,-34.38,6.12,12.13,0,1.70,0.0483,-0.0115,0,0.000,0.000,0.00,0.00,0.000,0
-9.94,-6.94,5.50,0.9932,0.0643,0.0840,-0.0480,-2.10,-0.85,4.23,46.38,-68.88,11.12,4.80,0,1.70,0.0322,-0.0272,1,0.792,0.000,0.00,0.00,0.792,0
phase1 acc_mag=3.452 gravity=9.917 motion=6.465 moving_avg=1.131 rms=2.013 mean_rms=0.626 max_rms=2.013 min_rms=0.165 std=0.465 var=0.216 state=walking thr=1.556/1.756/2.256
-7.31,-9.56,5.75,0.9932,0.0861,0.0602,-0.0501,-0.21,1.57,0.70,31.06,-27.12,-2.38,1.73,2,0.20,0.0222,-0.0354,1,0.792,0.000,0.00,0.00,0.792,0
-7.00,-9.00,6.06,0.9936,0.0800,0.0589,-0.0536,0.00,0.63,3.95,-18.88,20.19,-9.31,4.00,0,1.70,0.0217,-0.0330,1,0.792,0.000,0.00,0.00,0.792,0
-10.44,-5.88,7.19,0.9925,0.0568,0.0881,-0.0627,-2.80,0.61,9.07,-59.44,55.56,-29.06,9.51,0,1.70,0.0335,-0.0247,1,0.792,0.000,0.00,0.00,0.792,0
-13.06,-2.75,8.00,0.9905,0.0291,0.1149,-0.0703,-3.09,0.43,11.18,-40.19,31.12,-13.88,11.61,0,1.70,0.0447,-0.0148,1,0.792,0.000,0.00,0.00,0.792,0
phase1 acc_mag=11.410 gravity=9.283 motion=2.127 moving_avg=1.913 rms=3.009 mean_rms=1.142 max_rms=3.009 min_rms=0.380 std=0.976 var=0.953 state=standing thr=3.094/3.294/3.794
-14.81,-0.75,8.31,0.9890,0.0162,0.1282,-0.0720,-2.85,0.47,10.64,-22.06,16.12,-0.25,11.03,0,1.70,0.0503,-0.0101,1,0.792,0.000,0.00,0.00,0.792,0
-15.62,0.12,8.06,0.9881,0.0076,0.1370,-0.0696,-2.71,0.53,9.95,-11.25,11.31,0.94,10.33,0,1.70,0.0539,-0.0068,1,0.792,0.000,0.00,0.00,0.792,0
-16.12,0.62,7.81,0.9877,0.0038,0.1407,-0.0677,-2.69,0.00,9.49,-5.69,2.56,3.31,9.86,0,1.70,0.0555,-0.0053,1,0.792,0.000,0.00,0.00,0.792,0
-16.31,1.12,7.81,0.9875,0.0001,0.1426,-0.0676,-2.71,-0.16,9.16,-4.19,3.88,-2.50,9.55,0,1.70,0.0563,-0.0039,1,0.792,0.000,0.00,0.00,0.792,0
phase1 acc_mag=9.563 gravity=9.459 motion=0.104 moving_avg=2.001 rms=3.038 mean_rms=1.711 max_rms=3.042 min_rms=0.380 std=1.145 var=1.312 state=standing thr=4.002/4.202/4.702
-16.62,1.56,7.88,0.9871,-0.0036,0.1453,-0.0681,-2.94,-0.29,9.50,-6.50,5.75,-1.62,9.95,0,1.70,0.0575,-0.0025,1,0.792,0.000,0.00,0.00,0.792,0
-16.69,1.81,7.81,0.9869,-0.0054,0.1460,-0.0676,-2.97,-0.18,9.49,-0.56,-2.00,1.69,9.95,0,1.70,0.0578,-0.0018,1,0.792,0.000,0.00,0.00,0.792,0
-16.50,1.75,7.81,0.9872,-0.0050,0.1441,-0.0674,-2.89,-0.09,9.13,-0.06,-2.88,2.06,9.58,0,1.70,0.0570,-0.0019,1,0.792,0.000,0.00,0.00,0.792,0
-16.19,1.62,7.75,0.9877,-0.0043,0.1415,-0.0671,-2.95,-0.23,9.32,3.69,-7.31,-0.12,9.78,0,1.70,0.0560,-0.0021,1,0.792,0.000,0.00,0.00,0.792,0
phase1 acc_mag=9.637 gravity=9.547 motion=0.090 moving_avg=2.039 rms=3.041 mean_rms=2.262 max_rms=3.042 min_rms=0.380 std=1.015 var=1.029 state=standing thr=4.291/4.491/4.991
-15.69,1.44,7.75,0.9883,-0.0031,0.1370,-0.0670,-2.82,-0.15,9.34,0.06,-7.25,-1.56,9.76,0,1.70,0.0542,-0.0025,1,0.792,0.000,0.00,0.00,0.792,0
-14.94,1.19,7.62,0.9892,-0.0016,0.1306,-0.0661,-2.90,0.05,9.73,3.62,-12.62,2.56,10.15,0,1.70,0.0517,-0.0028,1,0.792,0.000,0.00,0.00,0.792,0
-13.88,0.69,7.38,0.9905,0.0016,0.1213,-0.0643,-2.50,0.17,10.88,9.19,-14.25,2.38,11.16,0,1.70,0.0480,-0.0037,1,0.792,0.000,0.00,0.00,0.792,0
-13.06,0.19,7.62,0.9916,0.0062,0.1113,-0.0662,-2.91,0.25,10.93,9.06,-27.69,0.56,11.31,0,1.70,0.0440,-0.0054,1,0.792,0.000,0.00,0.00,0.792,0
phase1 acc_mag=11.315 gravity=9.401 motion=1.914 moving_avg=1.870 rms=2.843 mean_rms=2.798 max_rms=3.045 min_rms=1.406 std=0.470 var=0.221 state=standing thr=3.739/3.939/4.439
-10.75,-0.94,7.44,0.9934,0.0142,0.0935,-0.0646,-2.75,-0.42,10.46,22.94,-42.00,7.19,10.82,0,1.70,0.0368,-0.0080,1,0.792,0.000,0.00,0.00,0.792,0
-7.00,-3.12,6.94,0.9961,0.0337,0.0549,-0.0607,-1.96,-0.35,8.63,35.69,-54.06,0.88,8.86,0,1.70,0.0210,-0.0148,1,0.792,0.000,0.00,0.00,0.792,0
-3.31,-5.75,7.06,0.9964,0.0523,0.0259,-0.0617,0.60,0.65,5.51,22.19,-28.25,1.50,5.58,0,1.70,0.0090,-0.0215,1,0.792,0.000,0.00,0.00,0.792,0
-3.19,-6.50,7.25,0.9960,0.0587,0.0246,-0.0631,0.28,0.94,4.90,5.06,11.81,-0.56,5.00,0,1.70,0.0083,-0.0240,1,0.792,0.000,0.00,0.00,0.792,0
phase1 acc_mag=5.114 gravity=9.423 motion=4.309 moving_avg=1.309 rms=1.845 mean_rms=2.890 max_rms=3.045 min_rms=1.845 std=0.284 var=0.081 state=standing thr=3.458/3.658/4.158
-4.94,-6.12,7.31,0.9955,0.0563,0.0401,-0.0638,-0.79,0.89,6.54,-11.56,28.88,-1.19,6.65,0,1.70,0.0145,-0.0234,1,0.792,0.000,0.00,0.00,0.792,0
-7.25,-4.44,7.81,0.9949,0.0430,0.0607,-0.0681,-2.07,0.40,9.14,-36.12,32.19,-12.81,9.38,0,1.70,0.0230,-0.0188,1,0.792,0.000,0.00,0.00,0.792,0
-9.12,-2.06,8.00,0.9941,0.0216,0.0801,-0.0701,-2.22,0.40,9.73,-27.88,21.31,-5.50,9.99,0,1.70,0.0313,-0.0108,1,0.792,0.000,0.00,0.00,0.792,0
-10.69,-0.06,8.06,0.9932,0.0075,0.0933,-0.0702,-1.93,0.42,9.69,-21.81,8.19,-0.19,9.89,0,1.70,0.0368,-0.0056,1,0.792,0.000,0.00,0.00,0.792,0
phase1 acc_mag=9.940 gravity=9.276 motion=0.664 moving_avg=1.115 rms=1.656 mean_rms=2.611 max_rms=3.045 min_rms=1.656 std=0.547 var=0.299 state=standing thr=3.705/3.905/4.405
-11.12,1.44,7.81,0.9927,-0.0084,0.0995,-0.0679,-1.66,-0.37,10.45,-32.25,15.62,-0.94,10.59,0,1.70,0.0397,0.0006,1,0.792,0.000,0.00,0.00,0.792,0
-12.56,2.94,7.69,0.9914,-0.0178,0.1110,-0.0670,-2.28,-0.29,10.52,-11.00,22.94,1.69,10.77,0,1.70,0.0445,0.0041,1,0.792,0.000,0.00,0.00,0.792,0
-13.88,3.50,7.62,0.9899,-0.0222,0.1234,-0.0659,-2.79,-0.38,10.29,-3.75,12.06,1.25,10.67,0,1.70,0.0495,0.0055,1,0.792,0.000,0.00,0.00,0.792,0
-14.19,3.44,7.31,0.9898,-0.0219,0.1256,-0.0635,-2.46,-0.35,9.36,5.00,1.81,3.50,9.68,0,1.70,0.0503,0.0055,1,0.792,0.000,0.00,0.00,0.792,0
phase1 acc_mag=9.421 gravity=9.415 motion=0.006 moving_avg=1.273 rms=1.736 mean_rms=2.331 max_rms=3.045 min_rms=1.656 std=0.595 var=0.354 state=standing thr=3.521/3.721/4.221
-14.31,3.38,7.12,0.9898,-0.0214,0.1266,-0.0617,-2.62,-0.51,9.15,-2.06,1.69,3.88,9.53,0,1.70,0.0507,0.0053,1,0.792,0.000,0.00,0.00,0.792,0
-14.19,3.19,6.75,0.9902,-0.0202,0.1251,-0.0585,-2.26,-0.37,8.74,0.06,-3.56,4.44,9.04,0,1.70,0.0500,0.0051,1,0.792,0.000,0.00,0.00,0.792,0
-14.00,3.31,6.56,0.9905,-0.0215,0.1235,-0.0571,-2.24,-0.54,8.65,-1.69,-2.38,1.69,8.95,0,1.70,0.0494,0.0057,1,0.792,0.000,0.00,0.00,0.792,0
-14.00,3.62,6.31,0.9905,-0.0244,0.1238,-0.0552,-2.35,-0.71,8.75,-6.19,2.81,1.88,9.09,0,1.70,0.0496,0.0069,1,0.792,0.000,0.00,0.00,0.792,0
phase1 acc_mag=9.005 gravity=9.277 motion=0.271 moving_avg=1.280 rms=1.735 mean_rms=2.044 max_rms=3.045 min_rms=1.656 std=0.488 var=0.238 state=standing thr=3.020/3.220/3.720
-14.38,4.06,6.56,0.9899,-0.0276,0.1273,-0.0569,-2.13,-0.45,9.54,-5.69,6.25,-2.69,9.79,0,1.70,0.0510,0.0080,1,0.792,0.000,0.00,0.00,0.792,0
-15.50,4.38,6.75,0.9884,-0.0292,0.1371,-0.0587,-3.56,1.97,11.84,-0.88,17.25,0.19,12.52,0,1.70,0.0549,0.0083,1,0.792,0.000,0.00,0.00,0.792,0
-14.44,4.62,7.06,0.9897,-0.0297,0.1257,-0.0616,-3.61,-1.01,14.06,26.38,-29.69,-2.75,14.55,0,1.70,0.0505,0.0086,1,0.792,0.000,0.00,0.00,0.792,0
-11.62,1.31,7.06,0.9929,-0.0052,0.1020,-0.0615,-2.78,-0.57,11.16,53.00,-49.44,6.56,11.52,0,1.70,0.0406,-0.0004,1,0.792,0.000,0.00,0.00,0.792,0
phase1 acc_mag=10.592 gravity=9.498 motion=1.094 moving_avg=1.520 rms=2.066 mean_rms=1.840 max_rms=2.636 min_rms=1.656 std=0.241 var=0.058 state=standing thr=2.323/2.523/3.023
-8.44,-2.94,7.00,0.9952,0.0354,0.0679,-0.0606,-2.39,-0.37,7.03,62.62,-45.38,11.31,7.43,0,1.70,0.0262,-0.0157,1,0.792,0.000,0.00,0.00,0.792,0
-5.69,-6.62,6.50,0.9954,0.0605,0.0468,-0.0570,-0.91,0.13,3.97,32.06,-23.38,8.31,4.08,0,1.70,0.0172,-0.0251,2,0.743,0.000,0.00,0.00,1.534,0
-5.44,-7.12,6.50,0.9953,0.0650,0.0441,-0.0565,-0.03,0.55,3.61,-9.56,9.88,-1.38,3.65,0,1.70,0.0161,-0.0269,2,0.743,0.000,0.00,0.00,1.534,0
-7.19,-5.31,6.88,0.9951,0.0458,0.0634,-0.0602,-1.68,0.53,6.22,-50.50,33.81,-6.12,6.46,0,1.70,0.0241,-0.0197,2,0.743,0.000,0.00,0.00,1.534,0
phase1 acc_mag=8.466 gravity=9.268 motion=0.803 moving_avg=1.762 rms=2.462 mean_rms=1.866 max_rms=2.462 min_rms=1.656 std=0.234 var=0.055 state=slow thr=2.335/2.535/3.035
-10.56,-1.00,6.81,0.9939,0.0143,0.0917,-0.0596,-2.64,-0.33,10.49,-70.62,58.12,-3.25,10.82,0,1.70,0.0361,-0.0079,2,0.743,0.000,0.00,0.00,1.534,0
-14.00,3.88,6.38,0.9904,-0.0266,0.1237,-0.0556,-3.36,-1.21,11.59,-40.75,26.12,4.44,12.13,0,1.70,0.0496,0.0078,2,0.743,0.000,0.00,0.00,1.534,0
-15.06,5.38,6.00,0.9886,-0.0402,0.1354,-0.0516,-2.57,-0.85,10.92,-21.62,18.12,1.75,11.25,0,1.70,0.0544,0.0131,2,0.743,0.000,0.00,0.00,1.534,0
-16.12,6.38,5.62,0.9874,-0.0470,0.1430,-0.0488,-2.66,-0.84,10.19,-15.31,10.31,5.62,10.56,0,1.70,0.0574,0.0158,2,0.743,0.000,0.00,0.00,1.534,0
phase1 acc_mag=10.599 gravity=9.478 motion=1.121 moving_avg=1.946 rms=2.564 mean_rms=2.033 max_rms=2.571 min_rms=1.686 std=0.329 var=0.108 state=standing thr=2.692/2.892/3.392
-16.62,6.69,5.44,0.9866,-0.0500,0.1478,-0.0470,-2.96,-1.09,9.38,-3.06,5.00,-0.19,9.90,0,1.70,0.0593,0.0170,2,0.743,0.000,0.00,0.00,1.534,0
-16.75,6.56,5.38,0.9866,-0.0482,0.1489,-0.0471,-2.83,-1.21,9.12,5.94,1.00,-3.00,9.63,0,1.70,0.0597,0.0162,2,0.743,0.000,0.00,0.00,1.534,0
-17.06,6.44,5.50,0.9862,-0.0473,0.1513,-0.0479,-2.36,-0.73,8.90,-7.94,8.62,1.31,9.24,0,1.70,0.0606,0.0158,2,0.743,0.000,0.00,0.00,1.534,0
-17.94,6.62,5.31,0.9849,-0.0489,0.1598,-0.0449,-2.25,-0.90,8.95,-1.38,8.50,11.00,9.27,0,1.70,0.0638,0.0164,2,0.743,0.000,0.00,0.00,1.534,0
phase1 acc_mag=8.071 gravity=9.327 motion=1.255 moving_avg=1.851 rms=2.530 mean_rms=2.211 max_rms=2.571 min_rms=1.730 std=0.333 var=0.111 state=standing thr=2.878/3.078/3.578
-19.50,7.31,4.94,0.9826,-0.0540,0.1724,-0.0424,-3.58,-1.53,9.10,-10.81,24.94,8.12,9.90,0,1.70,0.0687,0.0183,2,0.743,0.000,0.00,0.00,1.534,0
-20.56,7.88,4.88,0.9807,-0.0580,0.1818,-0.0421,-3.66,-1.40,8.81,-3.06,10.62,-2.69,9.64,0,1.70,0.0723,0.0197,2,0.743,0.000,0.00,0.00,1.534,0
-21.12,8.00,4.94,0.9797,-0.0587,0.1870,-0.0421,-3.96,-1.31,8.82,-1.88,2.38,3.38,9.76,0,1.70,0.0742,0.0199,2,0.743,0.000,0.00,0.00,1.534,0
-21.25,8.06,4.50,0.9797,-0.0595,0.1876,-0.0390,-3.42,-1.13,8.69,-2.50,-2.94,4.94,9.41,0,1.70,0.0744,0.0204,2,0.743,0.000,0.00,0.00,1.534,0
phase1 acc_mag=9.348 gravity=9.393 motion=0.045 moving_avg=1.806 rms=2.517 mean_rms=2.386 max_rms=2.571 min_rms=1.750 std=0.230 var=0.053 state=standing thr=2.846/3.046/3.546
-21.44,8.56,4.44,0.9791,-0.0638,0.1894,-0.0383,-3.60,-1.02,9.05,-9.62,8.31,-2.31,9.79,0,1.70,0.0751,0.0221,2,0.743,0.000,0.00,0.00,1.534,0
-22.81,10.19,4.06,0.9758,-0.0767,0.2018,-0.0351,-5.44,-4.21,11.18,-100.44,50.94,-3.56,13.13,0,1.70,0.0798,0.0271,2,0.743,0.000,0.00,0.00,1.534,0
-24.50,10.31,3.50,0.9730,-0.0767,0.2155,-0.0306,-7.88,-3.62,15.75,11.88,-0.94,-5.25,17.98,0,1.70,0.0848,0.0272,2,0.743,0.000,0.00,0.00,1.534,0
-21.62,7.56,3.06,0.9798,-0.0577,0.1898,-0.0266,-6.57,-2.46,12.17,48.00,-73.62,14.06,14.05,0,1.70,0.0750,0.0206,2,0.743,0.000,0.00,0.00,1.534,0
phase1 acc_mag=10.247 gravity=9.823 motion=0.424 moving_avg=1.946 rms=2.906 mean_rms=2.507 max_rms=2.935 min_rms=2.124 std=0.135 var=0.018 state=slow thr=2.778/2.978/3.478
-14.94,1.94,0.62,0.9925,-0.0104,0.1218,-0.0021,-1.11,-0.41,3.47,58.75,-100.00,49.06,3.67,0,1.70,0.0484,0.0040,3,0.814,0.591,43.57,0.73,2.349,0
-11.06,-1.19,358.38,0.9952,0.0094,0.0966,0.0137,1.03,-0.14,2.21,24.88,-27.50,7.31,2.44,0,1.70,0.0385,-0.0032,3,0.814,0.591,43.57,0.73,2.349,0
-12.75,-0.19,359.25,0.9938,0.0012,0.1113,0.0061,-0.96,-0.10,5.66,-43.06,73.62,-19.50,5.74,0,1.70,0.0442,-0.0002,3,0.814,0.591,43.57,0.73,2.349,0
phase1 acc_mag=10.468 gravity=9.670 motion=0.798 moving_avg=2.116 rms=3.251 mean_rms=2.667 max_rms=3.262 min_rms=2.350 std=0.260 var=0.068 state=slow thr=3.188/3.388/3.888
-17.12,3.31,0.56,0.9877,-0.0309,0.1534,-0.0074,-3.99,-0.73,9.65,-36.12,49.81,-26.56,10.47,0,1.70,0.0607,0.0117,3,0.814,0.591,43.57,0.73,2.349,0
-19.88,6.94,2.75,0.9829,-0.0540,0.1744,-0.0239,-3.91,-1.27,10.51,-22.44,26.81,-23.56,11.29,0,1.70,0.0691,0.0195,3,0.814,0.591,43.57,0.73,2.349,0
-21.38,8.50,3.38,0.9795,-0.0650,0.1884,-0.0294,-3.96,-0.90,10.47,-1.62,7.94,-3.44,11.23,0,1.70,0.0746,0.0233,3,0.814,0.591,43.57,0.73,2.349,0
-21.12,8.75,3.81,0.9797,-0.0662,0.1866,-0.0327,-2.95,-0.54,10.15,-3.06,0.06,0.69,10.58,0,1.70,0.0740,0.0235,3,0.814,0.591,43.57,0.73,2.349,0
phase1 acc_mag=10.941 gravity=9.715 motion=1.225 moving_avg=2.114 rms=3.240 mean_rms=2.804 max_rms=3.262 min_rms=2.350 std=0.332 var=0.110 state=standing thr=3.468/3.668/4.168
-21.06,8.75,3.88,0.9797,-0.0665,0.1860,-0.0331,-3.72,-1.27,9.83,6.88,-4.12,-3.50,10.59,0,1.70,0.0738,0.0236,3,0.814,0.591,43.57,0.73,2.349,0
-20.19,8.12,4.31,0.9814,-0.0610,0.1782,-0.0374,-3.18,-0.58,8.44,15.56,-16.94,-4.88,9.04,0,1.70,0.0708,0.0213,3,0.814,0.591,43.57,0.73,2.349,0
-19.19,7.62,4.69,0.9830,-0.0566,0.1696,-0.0403,-2.91,-1.25,7.58,3.00,-4.06,2.44,8.22,0,1.70,0.0676,0.0195,3,0.814,0.591,43.57,0.73,2.349,0
-19.25,7.44,4.50,0.9830,-0.0558,0.1703,-0.0388,-2.92,-1.24,7.47,2.06,3.69,3.00,8.12,0,1.70,0.0678,0.0193,4,0.666,0.930,83.80,1.40,3.014,0
phase1 acc_mag=8.085 gravity=9.624 motion=1.539 moving_avg=2.258 rms=3.276 mean_rms=2.949 max_rms=3.276 min_rms=2.350 std=0.338 var=0.114 state=standing thr=3.625/3.825/4.325
-20.19,7.69,4.44,0.9812,-0.0575,0.1802,-0.0381,-3.18,-1.20,7.83,-5.56,20.12,1.31,8.54,0,1.70,0.0716,0.0198,4,0.666,0.930,83.80,1.40,3.014,0
-21.56,8.50,4.62,0.9788,-0.0629,0.1906,-0.0396,-3.66,-1.32,8.69,-16.81,19.38,-11.12,9.52,0,1.70,0.0756,0.0216,4,0.666,0.930,83.80,1.40,3.014,0
-22.94,9.81,5.25,0.9750,-0.0721,0.2051,-0.0457,-3.79,-1.27,9.67,-8.19,24.25,-8.50,10.46,0,1.70,0.0813,0.0244,4,0.666,0.930,83.80,1.40,3.014,0
-24.19,10.50,5.69,0.9726,-0.0749,0.2147,-0.0485,-3.60,-0.98,10.74,-3.56,13.56,-3.75,11.37,0,1.70,0.0850,0.0250,4,0.666,0.930,83.80,1.40,3.014,0
phase1 acc_mag=11.726 gravity=9.705 motion=2.021 moving_avg=2.395 rms=3.308 mean_rms=3.109 max_rms=3.308 min_rms=2.350 std=0.274 var=0.075 state=standing thr=3.657/3.857/4.357
-24.44,10.25,5.69,0.9724,-0.0726,0.2166,-0.0484,-3.62,-0.99,11.65,8.31,-4.00,2.75,12.24,0,1.70,0.0856,0.0241,4,0.666,0.930,83.80,1.40,3.014,0
-23.44,8.88,6.38,0.9752,-0.0593,0.2054,-0.0564,-5.60,-1.42,11.64,27.06,-25.50,-16.00,12.99,0,1.70,0.0815,0.0185,4,0.666,0.930,83.80,1.40,3.014,0
-20.00,5.12,7.69,0.9816,-0.0309,0.1764,-0.0665,-6.00,-3.11,8.83,76.44,-57.19,-11.38,11.12,0,1.70,0.0701,0.0075,4,0.666,0.930,83.80,1.40,3.014,0
phase1 acc_mag=4.668 gravity=9.397 motion=4.729 moving_avg=2.076 rms=2.786 mean_rms=3.208 max_rms=3.334 min_rms=2.786 std=0.128 var=0.016 state=standing thr=3.464/3.664/4.164
-14.69,-0.31,6.88,0.9899,0.0106,0.1279,-0.0598,-0.53,1.08,4.51,78.88,-69.38,29.25,4.67,0,1.70,0.0504,-0.0072,5,0.758,1.274,100.84,1.68,3.772,0
-12.50,-3.00,7.31,0.9918,0.0349,0.1055,-0.0629,0.45,1.20,4.42,25.62,-26.50,13.00,4.60,0,1.70,0.0410,-0.0165,5,0.758,1.274,100.84,1.68,3.772,0
-13.19,-2.44,7.94,0.9904,0.0258,0.1165,-0.0707,-2.30,0.44,7.18,-35.69,31.50,-28.75,7.55,0,1.70,0.0454,-0.0135,5,0.758,1.274,100.84,1.68,3.772,0
-15.94,1.12,9.06,0.9872,0.0011,0.1391,-0.0786,-3.66,-0.35,9.31,-30.62,31.12,-5.94,10.01,0,1.70,0.0549,-0.0048,5,0.758,1.274,100.84,1.68,3.772,0
phase1 acc_mag=10.390 gravity=9.628 motion=0.761 moving_avg=1.730 rms=2.201 mean_rms=3.053 max_rms=3.334 min_rms=2.201 std=0.364 var=0.133 state=standing thr=3.782/3.982/4.482
-17.88,3.25,9.25,0.9842,-0.0150,0.1573,-0.0800,-3.28,-0.22,10.02,-31.81,24.06,-6.88,10.55,0,1.70,0.0624,0.0009,5,0.758,1.274,100.84,1.68,3.772,0
-18.94,4.69,8.69,0.9825,-0.0281,0.1682,-0.0739,-3.28,0.13,10.27,-21.06,9.38,6.88,10.78,0,1.70,0.0669,0.0061,5,0.758,1.274,100.84,1.68,3.772,0
-19.06,5.88,8.12,0.9824,-0.0374,0.1691,-0.0701,-2.70,-0.08,10.95,-20.69,-5.75,8.00,11.28,0,1.70,0.0675,0.0100,5,0.758,1.274,100.84,1.68,3.772,0
-18.81,6.19,7.38,0.9831,-0.0414,0.1668,-0.0634,-4.04,-1.35,10.71,7.94,-2.44,7.31,11.53,0,1.70,0.0666,0.0121,5,0.758,1.274,100.84,1.68,3.772,0
phase1 acc_mag=10.039 gravity=9.624 motion=0.414 moving_avg=1.743 rms=2.207 mean_rms=2.843 max_rms=3.334 min_rms=2.151 std=0.484 var=0.234 state=standing thr=3.811/4.011/4.511
-18.00,4.88,6.81,0.9852,-0.0306,0.1580,-0.0585,-2.78,-0.70,7.92,15.38,-12.31,5.31,8.42,0,1.70,0.0630,0.0084,5,0.758,1.274,100.84,1.68,3.772,0
-17.50,4.19,6.62,0.9860,-0.0267,0.1541,-0.0574,-2.41,-0.70,7.07,-3.56,-0.06,-1.06,7.50,0,1.70,0.0614,0.0070,6,0.673,1.049,93.46,1.56,4.446,0
-17.38,4.88,6.38,0.9860,-0.0341,0.1535,-0.0549,-2.47,-1.03,7.58,-17.50,0.69,-0.25,8.04,0,1.70,0.0613,0.0101,6,0.673,1.049,93.46,1.56,4.446,0
-17.81,6.06,6.50,0.9849,-0.0426,0.1579,-0.0560,-3.14,-1.52,8.14,-22.94,11.06,-5.25,8.86,0,1.70,0.0632,0.0132,6,0.673,1.049,93.46,1.56,4.446,0
phase1 acc_mag=8.815 gravity=9.502 motion=0.687 moving_avg=1.801 rms=2.243 mean_rms=2.641 max_rms=3.334 min_rms=2.151 std=0.480 var=0.230 state=standing thr=3.600/3.800/4.300
-18.81,7.25,6.50,0.9824,-0.0539,0.1699,-0.0565,-2.24,-1.20,8.41,-26.50,28.88,-10.50,8.79,0,1.70,0.0680,0.0173,6,0.673,1.049,93.46,1.56,4.446,0
-20.88,9.56,6.81,0.9783,-0.0687,0.1863,-0.0583,-3.43,-1.32,9.51,-35.00,30.56,-6.06,10.20,0,1.70,0.0745,0.0225,6,0.673,1.049,93.46,1.56,4.446,0
-22.12,11.88,6.94,0.9739,-0.0889,0.2000,-0.0597,-3.67,-1.23,11.53,-33.81,16.50,-10.69,12.16,0,1.70,0.0800,0.0298,6,0.673,1.049,93.46,1.56,4.446,0
-22.00,14.44,7.88,0.9717,-0.1053,0.2001,-0.0674,-4.34,-1.25,13.79,-19.69,-14.12,-20.25,14.51,0,1.70,0.0806,0.0355,6,0.673,1.049,93.46,1.56,4.446,0
phase1 acc_mag=15.868 gravity=9.787 motion=6.081 moving_avg=2.077 rms=2.550 mean_rms=2.444 max_rms=3.334 min_rms=2.151 std=0.363 var=0.132 state=standing thr=3.170/3.370/3.870
-19.81,14.00,7.94,0.9756,-0.1041,0.1812,-0.0679,-6.32,-3.68,12.70,42.75,-43.44,7.44,14.66,0,1.70,0.0735,0.0357,6,0.673,1.049,93.46,1.56,4.446,0
-16.81,8.69,6.75,0.9861,-0.0560,0.1456,-0.0569,-4.25,-2.83,8.59,102.00,-59.00,28.31,9.99,0,1.70,0.0587,0.0188,6,0.673,1.049,93.46,1.56,4.446,0
-12.25,0.94,4.88,0.9933,-0.0035,0.1072,-0.0425,-0.85,-0.42,3.63,59.62,-38.38,26.56,3.75,0,1.70,0.0426,-0.0004,7,0.799,1.329,99.83,1.66,5.245,0
-11.69,-1.62,3.62,0.9942,0.0176,0.1013,-0.0316,0.87,0.56,3.15,16.81,22.12,14.25,3.32,0,1.70,0.0401,-0.0083,7,0.799,1.329,99.83,1.66,5.245,0
phase1 acc_mag=5.472 gravity=9.069 motion=3.597 moving_avg=2.417 rms=3.047 mean_rms=2.376 max_rms=3.062 min_rms=2.151 std=0.241 var=0.058 state=slow thr=2.857/3.057/3.557
-14.44,-0.81,4.12,0.9913,0.0115,0.1258,-0.0359,-2.99,0.47,7.68,-30.00,40.06,-22.81,8.25,0,1.70,0.0497,-0.0064,7,0.799,1.329,99.83,1.66,5.245,0
-16.06,2.69,5.31,0.9888,-0.0166,0.1411,-0.0459,-3.25,-0.08,10.64,-32.44,13.19,-26.00,11.13,0,1.70,0.0561,0.0040,7,0.799,1.329,99.83,1.66,5.245,0
-16.00,5.94,7.06,0.9870,-0.0417,0.1425,-0.0611,-3.88,-0.60,9.23,-39.06,-3.50,-19.88,10.03,0,1.70,0.0573,0.0130,7,0.799,1.329,99.83,1.66,5.245,0
phase1 acc_mag=11.620 gravity=9.615 motion=2.005 moving_avg=2.145 rms=2.733 mean_rms=2.458 max_rms=3.062 min_rms=2.151 std=0.277 var=0.077 state=standing thr=3.012/3.212/3.712
-15.31,8.50,6.12,0.9869,-0.0649,0.1373,-0.0533,-2.97,-1.73,11.10,-36.69,6.50,-6.75,11.62,0,1.70,0.0556,0.0227,7,0.799,1.329,99.83,1.66,5.245,0
-16.06,10.00,6.81,0.9847,-0.0762,0.1454,-0.0591,-3.10,-1.51,10.27,-0.19,13.81,-9.12,10.83,0,1.70,0.0591,0.0266,7,0.799,1.329,99.83,1.66,5.245,0
-16.38,9.50,7.19,0.9845,-0.0712,0.1479,-0.0621,-2.94,-1.38,9.01,16.06,4.31,-4.19,9.58,0,1.70,0.0600,0.0244,7,0.799,1.329,99.83,1.66,5.245,0
-16.62,8.44,7.75,0.9846,-0.0601,0.1498,-0.0672,-2.81,-1.36,8.37,15.00,2.75,-0.12,8.93,0,1.70,0.0606,0.0196,7,0.799,1.329,99.83,1.66,5.245,0
phase1 acc_mag=8.629 gravity=9.370 motion=0.741 moving_avg=2.009 rms=2.673 mean_rms=2.564 max_rms=3.062 min_rms=2.211 std=0.251 var=0.063 state=standing thr=3.065/3.265/3.765
-16.69,7.56,8.19,0.9847,-0.0533,0.1499,-0.0715,-2.61,-0.65,7.72,8.31,0.44,-10.12,8.18,0,1.70,0.0606,0.0167,7,0.799,1.329,99.83,1.66,5.245,0
-16.56,8.56,9.12,0.9834,-0.0622,0.1503,-0.0805,-1.48,-0.98,8.62,-15.56,3.31,-20.56,8.80,0,1.70,0.0611,0.0196,7,0.799,1.329,99.83,1.66,5.245,0
-17.44,10.00,10.38,0.9807,-0.0704,0.1595,-0.0891,-2.82,-1.56,9.50,-13.56,19.94,0.75,10.03,0,1.70,0.0651,0.0219,7,0.799,1.329,99.83,1.66,5.245,0
-18.69,10.56,10.06,0.9787,-0.0739,0.1712,-0.0862,-3.31,-1.37,9.64,-0.81,8.62,3.69,10.28,0,1.70,0.0696,0.0230,7,0.799,1.329,99.83,1.66,5.245,0
phase1 acc_mag=9.853 gravity=9.654 motion=0.199 moving_avg=1.867 rms=2.613 mean_rms=2.641 max_rms=3.062 min_rms=2.242 std=0.194 var=0.038 state=standing thr=3.029/3.229/3.729
-19.12,10.56,9.88,0.9783,-0.0737,0.1741,-0.0847,-3.44,-0.61,7.98,-0.75,1.25,0.62,8.71,0,1.70,0.0706,0.0229,7,0.799,1.329,99.83,1.66,5.245,0
-19.00,12.06,9.69,0.9774,-0.0864,0.1743,-0.0832,-2.79,-1.60,7.96,-28.06,8.06,-3.31,8.59,0,1.70,0.0710,0.0280,7,0.799,1.329,99.83,1.66,5.245,0
-19.00,14.31,10.12,0.9747,-0.1060,0.1766,-0.0873,-2.60,-3.16,11.13,-25.44,0.50,-9.12,11.86,0,1.70,0.0726,0.0351,7,0.799,1.329,99.83,1.66,5.245,0
phase1 acc_mag=15.045 gravity=9.370 motion=5.675 moving_avg=1.760 rms=2.535 mean_rms=2.690 max_rms=3.062 min_rms=2.481 std=0.121 var=0.015 state=standing thr=2.932/3.132/3.632
-21.19,16.06,10.00,0.9699,-0.1158,0.1966,-0.0853,-3.63,-2.64,14.36,-1.69,39.69,21.38,15.05,0,1.70,0.0802,0.0382,7,0.799,1.329,99.83,1.66,5.245,0
-19.06,10.56,8.12,0.9796,-0.0764,0.1725,-0.0699,-5.67,-3.96,11.03,91.31,-81.50,48.81,13.02,0,1.70,0.0697,0.0251,7,0.799,1.329,99.83,1.66,5.245,0
-13.94,3.12,5.50,0.9919,-0.0167,0.1168,-0.0471,-0.27,-3.76,4.59,49.88,-66.94,15.88,5.94,0,1.70,0.0467,0.0044,7,0.799,1.329,99.83,1.66,5.245,0
-10.75,-0.75,4.50,0.9948,0.0102,0.0934,-0.0393,1.63,0.05,1.59,30.00,-21.12,11.44,2.28,0,1.70,0.0370,-0.0055,8,0.853,0.606,42.64,0.71,6.098,0
phase1 acc_mag=2.836 gravity=9.669 motion=6.833 moving_avg=2.020 rms=3.054 mean_rms=2.685 max_rms=3.054 min_rms=2.481 std=0.099 var=0.010 state=slow thr=2.882/3.082/3.582
-12.69,-0.50,4.62,0.9930,0.0090,0.1105,-0.0405,-1.09,-0.15,3.84,-24.81,56.06,-19.56,3.99,0,1.70,0.0438,-0.0054,8,0.853,0.606,42.64,0.71,6.098,0
-16.38,3.56,5.81,0.9871,-0.0286,0.1489,-0.0517,-4.26,-1.58,8.52,-74.62,56.88,-35.75,9.66,0,1.70,0.0594,0.0082,8,0.853,0.606,42.64,0.71,6.098,0
-19.56,8.19,7.12,0.9810,-0.0577,0.1747,-0.0613,-3.96,-1.30,10.91,-43.94,39.31,-24.00,11.68,0,1.70,0.0700,0.0184,8,0.853,0.606,42.64,0.71,6.098,0
-21.75,11.19,7.94,0.9745,-0.0804,0.1981,-0.0675,-4.43,-1.62,11.67,-19.69,27.81,-4.69,12.59,0,1.70,0.0794,0.0260,8,0.853,0.606,42.64,0.71,6.098,0
phase1 acc_mag=12.162 gravity=9.638 motion=2.524 moving_avg=2.290 rms=3.234 mean_rms=2.767 max_rms=3.234 min_rms=2.481 std=0.217 var=0.047 state=slow thr=3.202/3.402/3.902
-22.88,11.75,7.62,0.9730,-0.0831,0.2054,-0.0649,-3.88,-0.94,10.70,0.69,5.06,7.12,11.42,0,1.70,0.0821,0.0270,8,0.853,0.606,42.64,0.71,6.098,0
-22.69,11.25,7.38,0.9742,-0.0784,0.2022,-0.0627,-3.82,-1.49,9.18,11.06,-12.12,6.12,10.05,0,1.70,0.0808,0.0255,8,0.853,0.606,42.64,0.71,6.098,0
-22.06,10.38,7.25,0.9756,-0.0734,0.1974,-0.0618,-3.69,-1.93,8.03,11.31,-8.94,0.94,9.05,0,1.70,0.0789,0.0237,8,0.853,0.606,42.64,0.71,6.098,0
-21.62,9.50,7.06,0.9771,-0.0663,0.1932,-0.0606,-3.10,-1.59,7.46,6.69,-1.31,3.19,8.23,0,1.70,0.0771,0.0212,8,0.853,0.606,42.64,0.71,6.098,0
phase1 acc_mag=8.164 gravity=9.662 motion=1.497 moving_avg=2.329 rms=3.250 mean_rms=2.880 max_rms=3.250 min_rms=2.481 std=0.285 var=0.081 state=standing thr=3.450/3.650/4.150
-22.06,9.75,7.12,0.9761,-0.0681,0.1969,-0.0611,-2.94,-1.53,7.80,-8.56,15.69,-2.75,8.47,0,1.70,0.0785,0.0218,9,0.698,1.085,93.31,1.56,6.796,0
-23.31,10.94,7.50,0.9723,-0.0775,0.2107,-0.0649,-3.98,-2.14,8.46,-17.06,26.12,-11.75,9.59,0,1.70,0.0840,0.0247,9,0.698,1.085,93.31,1.56,6.796,0
-25.38,12.75,8.06,0.9673,-0.0870,0.2281,-0.0685,-4.86,-1.97,8.96,-19.69,25.19,0.56,10.38,0,1.70,0.0907,0.0274,9,0.698,1.085,93.31,1.56,6.796,0
-26.25,13.56,8.00,0.9647,-0.0936,0.2368,-0.0676,-4.30,-1.36,9.10,-12.31,11.06,-1.31,10.16,0,1.70,0.0939,0.0297,9,0.698,1.085,93.31,1.56,6.796,0
phase1 acc_mag=10.526 gravity=9.639 motion=0.887 moving_avg=2.332 rms=3.250 mean_rms=3.005 max_rms=3.255 min_rms=2.481 std=0.283 var=0.080 state=standing thr=3.571/3.771/4.271
-26.69,14.44,7.94,0.9633,-0.0991,0.2401,-0.0672,-4.25,-1.29,9.43,-12.94,3.19,-2.88,10.42,0,1.70,0.0952,0.0317,9,0.698,1.085,93.31,1.56,6.796,0
-26.50,15.00,7.50,0.9633,-0.1057,0.2388,-0.0630,-5.23,-2.66,10.43,-12.00,1.94,0.50,11.97,0,1.70,0.0947,0.0347,9,0.698,1.085,93.31,1.56,6.796,0
-25.94,14.94,7.56,0.9644,-0.1046,0.2342,-0.0642,-6.27,-2.80,11.48,18.69,-21.12,8.00,13.38,0,1.70,0.0930,0.0343,9,0.698,1.085,93.31,1.56,6.796,0
-24.00,11.31,6.94,0.9733,-0.0730,0.2095,-0.0585,-6.18,-3.32,11.41,77.75,-54.12,21.00,13.39,0,1.70,0.0833,0.0235,9,0.698,1.085,93.31,1.56,6.796,0
phase1 acc_mag=11.129 gravity=9.767 motion=1.362 moving_avg=2.225 rms=3.014 mean_rms=3.143 max_rms=3.290 min_rms=2.606 std=0.182 var=0.033 state=standing thr=3.507/3.707/4.207
-19.81,4.25,6.06,0.9830,-0.0265,0.1741,-0.0523,-2.81,-0.65,6.30,103.50,-66.06,41.31,6.93,0,1.70,0.0690,0.0068,9,0.698,1.085,93.31,1.56,6.796,0
-16.31,-2.25,3.69,0.9891,0.0240,0.1414,-0.0322,-0.03,0.97,3.11,40.62,-32.31,28.38,3.26,0,1.70,0.0556,-0.0113,10,0.759,1.203,95.09,1.58,7.555,0
-15.38,-3.19,3.12,0.9901,0.0289,0.1348,-0.0282,0.17,2.00,3.89,-10.75,7.44,-8.19,4.38,0,1.70,0.0531,-0.0130,10,0.759,1.203,95.09,1.58,7.555,0
-17.31,1.31,5.19,0.9875,-0.0044,0.1511,-0.0449,-4.63,-1.82,9.14,-74.12,29.88,-47.19,10.41,0,1.70,0.0598,-0.0010,10,0.759,1.203,95.09,1.58,7.555,0
phase1 acc_mag=10.375 gravity=9.577 motion=0.798 moving_avg=1.968 rms=2.588 mean_rms=3.158 max_rms=3.290 min_rms=2.588 std=0.158 var=0.025 state=standing thr=3.475/3.675/4.175
-19.38,5.56,6.62,0.9821,-0.0411,0.1744,-0.0587,-3.75,-1.63,10.07,-48.38,35.44,-24.75,10.87,0,1.70,0.0695,0.0121,10,0.759,1.203,95.09,1.58,7.555,0
-21.81,9.06,7.62,0.9767,-0.0621,0.1949,-0.0654,-4.32,-1.87,10.40,-33.81,40.44,-7.94,11.42,0,1.70,0.0778,0.0192,10,0.759,1.203,95.09,1.58,7.555,0
-24.00,10.75,7.75,0.9713,-0.0740,0.2161,-0.0656,-4.64,-1.54,10.69,-9.69,21.50,3.06,11.75,0,1.70,0.0859,0.0231,10,0.759,1.203,95.09,1.58,7.555,0
phase1 acc_mag=10.818 gravity=9.587 motion=1.231 moving_avg=1.867 rms=2.504 mean_rms=3.026 max_rms=3.290 min_rms=2.504 std=0.290 var=0.084 state=standing thr=3.605/3.805/4.305
-24.50,11.00,8.06,0.9705,-0.0741,0.2190,-0.0688,-4.56,-1.65,9.67,8.75,-7.19,-2.06,10.82,0,1.70,0.0870,0.0227,10,0.759,1.203,95.09,1.58,7.555,0
-23.44,9.62,7.94,0.9738,-0.0633,0.2079,-0.0673,-3.48,-1.37,8.31,13.25,-10.62,8.69,9.11,0,1.70,0.0827,0.0191,10,0.759,1.203,95.09,1.58,7.555,0
-23.12,8.88,7.69,0.9746,-0.0593,0.2057,-0.0660,-3.63,-1.65,7.85,6.38,-2.81,2.00,8.80,0,1.70,0.0818,0.0177,10,0.759,1.203,95.09,1.58,7.555,0
-23.50,9.31,8.00,0.9730,-0.0635,0.2108,-0.0690,-3.81,-1.63,7.84,-8.19,9.19,-7.38,8.87,0,1.70,0.0838,0.0189,10,0.759,1.203,95.09,1.58,7.555,0
phase1 acc_mag=8.972 gravity=9.582 motion=0.609 moving_avg=1.801 rms=2.480 mean_rms=2.876 max_rms=3.290 min_rms=2.480 std=0.329 var=0.108 state=standing thr=3.534/3.734/4.234
-24.81,10.62,8.00,0.9701,-0.0710,0.2217,-0.0682,-4.16,-1.69,7.65,-9.44,20.62,2.94,8.87,0,1.70,0.0880,0.0215,10,0.759,1.203,95.09,1.58,7.555,0
-25.56,11.31,8.06,0.9679,-0.0767,0.2294,-0.0685,-3.63,-1.43,7.67,-14.31,13.44,-3.88,8.61,0,1.70,0.0909,0.0234,10,0.759,1.203,95.09,1.58,7.555,0
-26.62,13.19,8.12,0.9645,-0.0887,0.2389,-0.0687,-4.57,-2.12,8.59,-24.00,12.62,-6.69,9.96,0,1.70,0.0946,0.0277,10,0.759,1.203,95.09,1.58,7.555,0
-26.88,14.62,8.25,0.9623,-0.1021,0.2425,-0.0693,-4.60,-1.78,9.81,-27.19,-0.56,-4.12,10.98,0,1.70,0.0962,0.0326,10,0.759,1.203,95.09,1.58,7.555,0
phase1 acc_mag=13.785 gravity=9.629 motion=4.156 moving_avg=1.928 rms=2.566 mean_rms=2.725 max_rms=3.290 min_rms=2.479 std=0.294 var=0.086 state=standing thr=3.312/3.512/4.012
-26.31,16.44,8.19,0.9618,-0.1147,0.2388,-0.0692,-4.75,-1.99,13.09,-13.19,-15.38,-9.19,14.07,0,1.70,0.0950,0.0375,10,0.759,1.203,95.09,1.58,7.555,0
-24.75,15.56,8.75,0.9653,-0.1092,0.2253,-0.0742,-7.83,-5.23,14.22,47.88,-39.56,-10.81,17.05,0,1.70,0.0902,0.0355,10,0.759,1.203,95.09,1.58,7.555,0
-19.62,7.44,8.94,0.9803,-0.0486,0.1754,-0.0768,-4.89,-3.79,7.90,97.81,-68.12,8.44,10.03,0,1.70,0.0703,0.0137,10,0.759,1.203,95.09,1.58,7.555,0
-14.75,0.69,7.50,0.9896,0.0024,0.1286,-0.0652,-0.66,-2.21,3.08,54.56,-61.00,35.50,3.85,0,1.70,0.0508,-0.0043,11,0.849,0.682,48.19,0.80,8.404,0
phase1 acc_mag=2.288 gravity=9.400 motion=7.112 moving_avg=2.402 rms=3.238 mean_rms=2.677 max_rms=3.238 min_rms=2.479 std=0.231 var=0.053 state=slow thr=3.139/3.339/3.839
-12.81,-2.12,6.12,0.9921,0.0242,0.1107,-0.0534,1.03,0.90,1.86,2.19,-0.44,15.88,2.31,0,1.70,0.0434,-0.0120,11,0.849,0.682,48.19,0.80,8.404,0
-14.94,-1.56,5.06,0.9904,0.0191,0.1295,-0.0441,-0.61,0.96,6.08,-40.50,61.38,-14.81,6.19,0,1.70,0.0510,-0.0099,11,0.849,0.682,48.19,0.80,8.404,0
-19.19,4.12,7.19,0.9824,-0.0305,0.1732,-0.0635,-5.37,-2.34,10.75,-73.44,50.38,-31.62,12.24,0,1.70,0.0688,0.0076,11,0.849,0.682,48.19,0.80,8.404,0
-21.69,8.31,8.06,0.9771,-0.0551,0.1934,-0.0689,-4.65,-1.86,10.42,-35.94,33.50,-13.25,11.56,0,1.70,0.0771,0.0162,11,0.849,0.682,48.19,0.80,8.404,0
phase1 acc_mag=11.409 gravity=9.853 motion=1.556 moving_avg=2.285 rms=3.094 mean_rms=2.747 max_rms=3.391 min_rms=2.479 std=0.307 var=0.094 state=standing thr=3.361/3.561/4.061
-23.38,10.62,8.12,0.9727,-0.0726,0.2092,-0.0693,-4.18,-1.37,9.44,-19.19,14.88,-1.56,10.41,0,1.70,0.0834,0.0224,11,0.849,0.682,48.19,0.80,8.404,0
-23.94,11.81,8.06,0.9705,-0.0829,0.2158,-0.0682,-4.15,-1.60,9.47,-17.44,8.12,-2.38,10.46,0,1.70,0.0860,0.0263,11,0.849,0.682,48.19,0.80,8.404,0
-24.12,12.69,8.00,0.9697,-0.0894,0.2172,-0.0684,-4.66,-2.44,10.40,-9.00,-3.19,-4.56,11.65,0,1.70,0.0867,0.0287,11,0.849,0.682,48.19,0.80,8.404,0
-23.44,12.19,8.12,0.9713,-0.0850,0.2111,-0.0692,-3.96,-2.12,9.03,30.06,-18.62,4.12,10.09,0,1.70,0.0844,0.0272,11,0.849,0.682,48.19,0.80,8.404,0
phase1 acc_mag=9.497 gravity=9.799 motion=0.302 moving_avg=2.201 rms=3.063 mean_rms=2.856 max_rms=3.391 min_rms=2.479 std=0.308 var=0.095 state=standing thr=3.473/3.673/4.173
-22.44,9.94,8.12,0.9748,-0.0676,0.2009,-0.0695,-2.82,-0.96,7.15,25.00,-12.50,2.62,7.75,0,1.70,0.0802,0.0208,11,0.849,0.682,48.19,0.80,8.404,0
-22.12,9.31,8.25,0.9757,-0.0629,0.1978,-0.0704,-2.55,-1.01,6.53,-5.56,2.88,-1.69,7.08,0,1.70,0.0790,0.0190,12,0.676,0.993,88.11,1.47,9.080,0
-22.69,10.62,8.38,0.9731,-0.0751,0.2053,-0.0723,-3.72,-1.78,7.09,-29.75,15.50,-10.81,8.20,0,1.70,0.0821,0.0233,12,0.676,0.993,88.11,1.47,9.080,0
-24.25,13.00,8.75,0.9687,-0.0893,0.2194,-0.0745,-3.99,-1.94,7.75,-24.56,27.69,-4.44,8.93,0,1.70,0.0877,0.0281,12,0.676,0.993,88.11,1.47,9.080,0
phase1 acc_mag=9.198 gravity=9.604 motion=0.406 moving_avg=2.416 rms=3.159 mean_rms=2.990 max_rms=3.391 min_rms=2.481 std=0.256 var=0.066 state=standing thr=3.502/3.702/4.202
-25.88,15.12,9.00,0.9627,-0.1055,0.2372,-0.0760,-5.00,-2.63,9.02,-26.56,28.25,-4.00,10.64,0,1.70,0.0946,0.0334,12,0.676,0.993,88.11,1.47,9.080,0
-27.12,16.88,8.81,0.9594,-0.1156,0.2466,-0.0742,-5.14,-1.97,10.34,-15.75,4.75,2.06,11.71,0,1.70,0.0981,0.0370,12,0.676,0.993,88.11,1.47,9.080,0
-25.94,17.44,8.94,0.9615,-0.1223,0.2336,-0.0769,-4.67,-2.44,14.61,7.06,-40.56,-15.06,15.53,0,1.70,0.0936,0.0399,12,0.676,0.993,88.11,1.47,9.080,0
-22.00,15.50,10.25,0.9691,-0.1097,0.2032,-0.0870,-7.37,-4.92,12.61,55.56,-68.69,5.88,15.41,0,1.70,0.0826,0.0354,12,0.676,0.993,88.11,1.47,9.080,0
phase1 acc_mag=11.392 gravity=10.047 motion=1.345 moving_avg=2.712 rms=3.441 mean_rms=3.148 max_rms=3.496 min_rms=2.847 std=0.130 var=0.017 state=slow thr=3.408/3.608/4.108
-17.38,11.69,10.38,0.9811,-0.0778,0.1539,-0.0882,-3.44,-4.08,7.08,59.38,-76.19,-2.62,8.87,0,1.70,0.0631,0.0251,12,0.676,0.993,88.11,1.47,9.080,0
-14.12,6.19,9.06,0.9885,-0.0394,0.1240,-0.0769,-0.56,0.37,1.58,42.50,-33.88,25.19,1.72,2,0.20,0.0502,0.0118,13,0.836,1.499,107.53,1.79,9.916,0
-13.31,4.44,7.88,0.9901,-0.0299,0.1188,-0.0687,-0.84,0.50,3.96,-1.19,10.38,10.81,4.08,0,1.70,0.0479,0.0086,13,0.836,1.499,107.53,1.79,9.916,0
-15.50,7.06,8.56,0.9862,-0.0501,0.1393,-0.0742,-3.28,-1.57,8.64,-42.50,36.25,-23.62,9.37,0,1.70,0.0565,0.0156,13,0.836,1.499,107.53,1.79,9.916,0
phase1 acc_mag=9.998 gravity=9.430 motion=0.567 moving_avg=2.539 rms=3.268 mean_rms=3.221 max_rms=3.676 min_rms=3.042 std=0.173 var=0.030 state=standing thr=3.567/3.767/4.267
-17.50,11.00,9.06,0.9808,-0.0800,0.1602,-0.0781,-4.06,-3.49,10.02,-74.31,34.69,-0.75,11.36,0,1.70,0.0653,0.0264,13,0.836,1.499,107.53,1.79,9.916,0
-19.00,13.56,9.00,0.9764,-0.0997,0.1750,-0.0774,-3.36,-2.07,9.48,-32.94,19.50,-7.75,10.27,0,1.70,0.0715,0.0335,13,0.836,1.499,107.53,1.79,9.916,0
-20.19,16.06,8.56,0.9720,-0.1217,0.1881,-0.0714,-3.45,-2.70,10.74,-25.44,12.19,14.81,11.60,0,1.70,0.0766,0.0419,13,0.836,1.499,107.53,1.79,9.916,0
-21.56,17.12,6.88,0.9700,-0.1293,0.1973,-0.0588,-3.78,-3.39,11.29,-5.44,3.12,14.56,12.38,0,1.70,0.0796,0.0455,13,0.836,1.499,107.53,1.79,9.916,0
phase1 acc_mag=11.945 gravity=9.702 motion=2.242 moving_avg=2.488 rms=3.215 mean_rms=3.231 max_rms=3.676 min_rms=3.042 std=0.164 var=0.027 state=standing thr=3.559/3.759/4.259
-21.44,16.25,6.25,0.9718,-0.1220,0.1946,-0.0530,-3.51,-2.89,10.26,14.94,-8.38,10.06,11.22,0,1.70,0.0782,0.0433,13,0.836,1.499,107.53,1.79,9.916,0
-21.38,14.88,5.25,0.9735,-0.1141,0.1928,-0.0447,-3.35,-2.74,8.05,16.12,1.94,30.69,9.14,0,1.70,0.0771,0.0410,13,0.836,1.499,107.53,1.79,9.916,0
-20.75,11.81,5.00,0.9776,-0.0898,0.1855,-0.0427,-3.55,-2.25,6.85,42.12,-19.94,-25.81,8.04,0,1.70,0.0741,0.0320,13,0.836,1.499,107.53,1.79,9.916,0
-19.94,9.88,5.81,0.9797,-0.0740,0.1789,-0.0513,-2.18,-1.97,7.01,-6.81,9.81,-13.75,7.60,0,1.70,0.0716,0.0253,14,0.699,1.008,86.58,1.44,10.615,0
phase1 acc_mag=7.622 gravity=9.387 motion=1.765 moving_avg=2.492 rms=3.222 mean_rms=3.263 max_rms=3.676 min_rms=3.104 std=0.141 var=0.020 state=standing thr=3.546/3.746/4.246
-20.88,10.38,6.75,0.9778,-0.0750,0.1871,-0.0577,-3.13,-1.25,6.94,1.31,16.94,-5.94,7.72,0,1.70,0.0749,0.0250,14,0.699,1.008,86.58,1.44,10.615,0
-22.56,11.94,7.25,0.9727,-0.0877,0.2055,-0.0631,-3.80,-1.57,8.38,-28.75,30.94,-16.31,9.33,0,1.70,0.0822,0.0289,14,0.699,1.008,86.58,1.44,10.615,0
-24.19,14.06,8.25,0.9682,-0.0988,0.2189,-0.0698,-4.41,-1.62,11.09,-15.56,15.50,-9.56,12.04,0,1.70,0.0875,0.0321,14,0.699,1.008,86.58,1.44,10.615,0
-24.56,16.00,9.12,0.9649,-0.1136,0.2238,-0.0775,-3.91,-2.23,16.87,-14.12,-9.81,-7.75,17.46,0,1.70,0.0899,0.0369,14,0.699,1.008,86.58,1.44,10.615,0
phase1 acc_mag=17.039 gravity=9.976 motion=7.062 moving_avg=2.744 rms=3.521 mean_rms=3.280 max_rms=3.676 min_rms=3.163 std=0.138 var=0.019 state=standing thr=3.556/3.756/4.256
-23.06,13.94,9.31,0.9695,-0.0973,0.2104,-0.0792,-7.78,-3.54,11.46,73.38,-61.00,17.62,14.30,0,1.70,0.0847,0.0311,14,0.699,1.008,86.58,1.44,10.615,0
-16.19,5.69,7.50,0.9867,-0.0393,0.1439,-0.0648,-2.42,-0.98,4.45,84.56,-92.25,34.00,5.16,0,1.70,0.0578,0.0118,14,0.699,1.008,86.58,1.44,10.615,0
-11.94,1.06,6.06,0.9932,-0.0036,0.1044,-0.0527,0.16,0.20,2.59,39.69,-33.81,16.69,2.60,0,1.70,0.0415,-0.0008,15,0.847,1.704,120.72,2.01,11.462,0
phase1 acc_mag=4.229 gravity=8.718 motion=4.490 moving_avg=2.916 rms=3.709 mean_rms=3.341 max_rms=3.752 min_rms=3.163 std=0.190 var=0.036 state=standing thr=3.722/3.922/4.422
-12.94,0.75,5.69,0.9923,-0.0010,0.1133,-0.0494,-0.64,-0.02,4.18,-22.69,44.56,-6.88,4.23,0,1.70,0.0450,-0.0019,15,0.847,1.704,120.72,2.01,11.462,0
-18.00,5.25,6.94,0.9847,-0.0349,0.1595,-0.0600,-4.46,-1.52,8.92,-57.69,67.44,-24.81,10.09,0,1.70,0.0637,0.0099,15,0.847,1.704,120.72,2.01,11.462,0
-21.31,9.19,7.88,0.9773,-0.0630,0.1907,-0.0677,-4.82,-1.81,10.13,-37.75,39.06,-13.44,11.36,0,1.70,0.0763,0.0195,15,0.847,1.704,120.72,2.01,11.462,0
-23.25,12.06,8.06,0.9712,-0.0859,0.2114,-0.0687,-4.45,-2.04,10.94,-26.81,24.44,-4.19,11.99,0,1.70,0.0845,0.0276,15,0.847,1.704,120.72,2.01,11.462,0
phase1 acc_mag=12.143 gravity=9.662 motion=2.481 moving_avg=2.505 rms=3.177 mean_rms=3.304 max_rms=3.752 min_rms=3.126 std=0.184 var=0.034 state=standing thr=3.672/3.872/4.372
-24.19,13.50,7.81,0.9690,-0.0951,0.2181,-0.0664,-4.63,-2.28,11.18,-12.75,3.12,1.00,12.31,0,1.70,0.0871,0.0311,15,0.847,1.704,120.72,2.01,11.462,0
-23.62,13.06,7.44,0.9711,-0.0914,0.2111,-0.0629,-4.40,-2.60,9.43,18.31,-18.50,8.50,10.73,0,1.70,0.0843,0.0302,15,0.847,1.704,120.72,2.01,11.462,0
-22.19,11.31,6.94,0.9748,-0.0811,0.1992,-0.0594,-3.12,-2.08,7.60,14.88,-18.44,6.38,8.47,0,1.70,0.0796,0.0269,15,0.847,1.704,120.72,2.01,11.462,0
phase1 acc_mag=7.788 gravity=9.362 motion=1.573 moving_avg=2.467 rms=3.157 mean_rms=3.304 max_rms=3.752 min_rms=3.126 std=0.184 var=0.034 state=standing thr=3.672/3.872/4.372
-21.50,10.69,7.00,0.9764,-0.0767,0.1923,-0.0607,-2.94,-1.89,6.96,2.44,-5.19,-4.12,7.79,0,1.70,0.0770,0.0253,16,0.693,1.078,93.31,1.56,12.155,0
-22.56,12.12,7.88,0.9725,-0.0867,0.2053,-0.0679,-3.72,-1.94,6.72,-11.94,22.31,-9.38,7.92,0,1.70,0.0822,0.0281,16,0.693,1.078,93.31,1.56,12.155,0
-24.44,13.44,8.44,0.9683,-0.0933,0.2206,-0.0718,-3.77,-2.03,7.84,-14.25,35.19,-9.19,8.93,0,1.70,0.0881,0.0298,16,0.693,1.078,93.31,1.56,12.155,0
-26.62,15.94,9.62,0.9599,-0.1102,0.2444,-0.0820,-4.96,-1.93,9.04,-29.88,24.00,-13.75,10.49,0,1.70,0.0974,0.0343,16,0.693,1.078,93.31,1.56,12.155,0
phase1 acc_mag=12.291 gravity=9.603 motion=2.688 moving_avg=2.387 rms=3.119 mean_rms=3.291 max_rms=3.752 min_rms=3.107 std=0.193 var=0.037 state=standing thr=3.676/3.876/4.376
-27.12,18.25,10.50,0.9564,-0.1227,0.2500,-0.0882,-4.72,-2.23,11.73,-14.81,7.69,-13.88,12.84,0,1.70,0.1000,0.0381,16,0.693,1.078,93.31,1.56,12.155,0
-27.62,18.88,10.88,0.9543,-0.1262,0.2551,-0.0911,-6.71,-3.46,12.60,11.81,5.88,-4.12,14.69,0,1.70,0.1020,0.0389,16,0.693,1.078,93.31,1.56,12.155,0
-25.88,15.44,10.50,0.9621,-0.1027,0.2365,-0.0889,-7.50,-4.10,10.44,68.81,-63.31,22.12,13.49,0,1.70,0.0946,0.0311,16,0.693,1.078,93.31,1.56,12.155,0
-21.06,8.69,8.81,0.9789,-0.0521,0.1831,-0.0734,-1.99,-0.90,4.91,67.50,-65.75,38.12,5.37,0,1.70,0.0732,0.0150,16,0.693,1.078,93.31,1.56,12.155,0
phase1 acc_mag=4.733 gravity=9.406 motion=4.673 moving_avg=2.486 rms=3.067 mean_rms=3.290 max_rms=3.752 min_rms=3.067 std=0.188 var=0.035 state=standing thr=3.665/3.865/4.365
-18.44,4.44,7.12,0.9844,-0.0275,0.1628,-0.0613,-0.69,-0.31,3.93,35.88,-24.19,28.50,4.00,0,1.70,0.0648,0.0068,17,0.792,1.414,107.14,1.79,12.947,0
-18.88,3.25,6.50,0.9844,-0.0179,0.1658,-0.0562,-1.51,-0.01,5.24,-9.81,25.81,-8.56,5.45,0,1.70,0.0657,0.0033,17,0.792,1.414,107.14,1.79,12.947,0
-20.94,5.56,7.44,0.9801,-0.0342,0.1847,-0.0638,-3.83,-1.13,7.45,-41.12,40.44,-24.56,8.45,0,1.70,0.0733,0.0087,17,0.792,1.414,107.14,1.79,12.947,0
-23.38,9.44,8.62,0.9725,-0.0647,0.2112,-0.0745,-5.09,-1.97,9.34,-35.88,29.75,-16.81,10.82,0,1.70,0.0841,0.0189,17,0.792,1.414,107.14,1.79,12.947,0
phase1 acc_mag=10.785 gravity=9.786 motion=0.998 moving_avg=2.094 rms=2.539 mean_rms=3.157 max_rms=3.588 min_rms=2.539 std=0.176 var=0.031 state=standing thr=3.509/3.709/4.209
-24.69,12.75,9.75,0.9675,-0.0845,0.2234,-0.0826,-4.72,-2.13,9.86,-36.56,23.81,-20.38,11.14,0,1.70,0.0893,0.0253,17,0.792,1.414,107.14,1.79,12.947,0
-25.94,14.75,10.00,0.9628,-0.0992,0.2368,-0.0841,-4.64,-2.30,10.29,-14.81,13.06,1.81,11.52,0,1.70,0.0945,0.0302,17,0.792,1.414,107.14,1.79,12.947,0
-26.56,14.94,9.56,0.9620,-0.0999,0.2408,-0.0805,-4.84,-2.00,9.17,1.31,0.06,6.12,10.56,0,1.70,0.0959,0.0307,17,0.792,1.414,107.14,1.79,12.947,0
-26.44,14.50,9.19,0.9630,-0.0975,0.2391,-0.0775,-4.82,-2.44,8.33,5.31,-8.25,8.81,9.93,0,1.70,0.0951,0.0302,17,0.792,1.414,107.14,1.79,12.947,0
phase1 acc_mag=9.402 gravity=9.763 motion=0.361 moving_avg=1.912 rms=2.430 mean_rms=3.007 max_rms=3.411 min_rms=2.430 std=0.300 var=0.090 state=standing thr=3.607/3.807/4.307
-25.81,13.44,8.50,0.9656,-0.0911,0.2325,-0.0718,-4.20,-2.03,7.36,12.00,-10.31,15.06,8.71,0,1.70,0.0924,0.0285,17,0.792,1.414,107.14,1.79,12.947,0
-25.75,12.56,7.88,0.9669,-0.0856,0.2311,-0.0667,-4.03,-1.21,6.77,-2.88,3.25,3.62,7.97,0,1.70,0.0917,0.0269,17,0.792,1.414,107.14,1.79,12.947,0
-26.31,13.50,7.88,0.9649,-0.0924,0.2365,-0.0668,-4.07,-2.12,7.29,-17.56,9.50,-3.50,8.61,0,1.70,0.0937,0.0293,17,0.792,1.414,107.14,1.79,12.947,0
-27.00,15.44,8.00,0.9610,-0.1082,0.2454,-0.0679,-4.06,-2.61,9.52,-26.50,15.50,-5.56,10.67,0,1.70,0.0973,0.0349,17,0.792,1.414,107.14,1.79,12.947,0
phase1 acc_mag=11.058 gravity=9.644 motion=1.414 moving_avg=1.827 rms=2.376 mean_rms=2.840 max_rms=3.411 min_rms=2.376 std=0.366 var=0.134 state=standing thr=3.572/3.772/4.272
-28.50,17.81,8.31,0.9556,-0.1219,0.2589,-0.0698,-5.52,-3.72,11.73,-18.31,33.00,1.19,13.49,0,1.70,0.1024,0.0394,17,0.792,1.414,107.14,1.79,12.947,0
-28.56,16.88,8.94,0.9573,-0.1122,0.2551,-0.0762,-8.35,-2.27,8.78,17.25,-48.88,-14.56,12.33,0,1.70,0.1011,0.0352,17,0.792,1.414,107.14,1.79,12.947,0
-25.06,12.31,8.50,0.9680,-0.0831,0.2255,-0.0723,-5.28,-3.21,8.37,67.69,-64.44,15.69,10.40,0,1.70,0.0897,0.0256,17,0.792,1.414,107.14,1.79,12.947,0
-20.62,7.31,8.19,0.9805,-0.0443,0.1783,-0.0701,-2.58,-1.66,5.19,53.19,-63.75,9.19,6.03,0,1.70,0.0712,0.0124,18,0.763,0.698,54.84,0.91,13.710,0
phase1 acc_mag=4.695 gravity=9.851 motion=5.155 moving_avg=2.163 rms=2.686 mean_rms=2.726 max_rms=3.411 min_rms=2.376 std=0.339 var=0.115 state=standing thr=3.404/3.604/4.104
-18.31,4.12,7.75,0.9843,-0.0241,0.1616,-0.0672,-0.89,0.41,3.69,31.50,-7.25,7.06,3.82,0,1.70,0.0643,0.0051,18,0.763,0.698,54.84,0.91,13.710,0
-19.44,3.62,7.94,0.9822,-0.0197,0.1730,-0.0698,-2.43,0.47,6.26,-12.50,26.75,-14.50,6.73,0,1.70,0.0685,0.0029,18,0.763,0.698,54.84,0.91,13.710,0
-21.19,6.69,9.44,0.9779,-0.0399,0.1885,-0.0812,-4.50,-1.88,9.77,-38.88,21.44,-24.44,10.92,0,1.70,0.0750,0.0095,18,0.763,0.698,54.84,0.91,13.710,0
phase1 acc_mag=10.970 gravity=9.454 motion=1.517 moving_avg=1.947 rms=2.460 mean_rms=2.608 max_rms=3.223 min_rms=2.376 std=0.202 var=0.041 state=standing thr=3.011/3.211/3.711
-22.56,9.50,10.25,0.9734,-0.0604,0.2029,-0.0876,-4.50,-1.81,9.84,-27.56,18.69,-4.94,10.97,0,1.70,0.0811,0.0164,18,0.763,0.698,54.84,0.91,13.710,0
-23.81,11.19,10.06,0.9702,-0.0729,0.2149,-0.0856,-4.03,-1.26,9.13,-16.19,11.50,2.12,10.06,0,1.70,0.0859,0.0209,18,0.763,0.698,54.84,0.91,13.710,0
-24.44,12.12,9.75,0.9683,-0.0806,0.2216,-0.0822,-4.38,-1.91,8.69,-7.62,7.06,4.81,9.92,0,1.70,0.0885,0.0239,18,0.763,0.698,54.84,0.91,13.710,0
-24.88,12.75,9.31,0.9674,-0.0852,0.2248,-0.0792,-4.24,-2.16,7.90,-9.62,1.56,2.81,9.22,0,1.70,0.0897,0.0258,18,0.763,0.698,54.84,0.91,13.710,0
phase1 acc_mag=8.828 gravity=9.658 motion=0.830 moving_avg=1.667 rms=2.261 mean_rms=2.502 max_rms=2.773 min_rms=2.261 std=0.158 var=0.025 state=standing thr=2.818/3.018/3.518
-25.06,13.19,9.00,0.9667,-0.0898,0.2272,-0.0759,-3.57,-1.99,7.65,-12.12,8.19,2.81,8.67,0,1.70,0.0906,0.0278,18,0.763,0.698,54.84,0.91,13.710,0
-25.94,14.56,9.06,0.9639,-0.0991,0.2352,-0.0766,-4.52,-2.49,8.12,-20.19,18.88,-8.38,9.62,0,1.70,0.0937,0.0310,18,0.763,0.698,54.84,0.91,13.710,0
-27.12,16.31,9.38,0.9596,-0.1100,0.2467,-0.0787,-4.88,-2.42,9.10,-19.81,18.88,-5.31,10.61,0,1.70,0.0982,0.0345,18,0.763,0.698,54.84,0.91,13.710,0
-27.81,17.56,9.69,0.9565,-0.1182,0.2540,-0.0813,-4.94,-2.50,10.01,-11.50,5.44,-6.75,11.44,0,1.70,0.1010,0.0370,18,0.763,0.698,54.84,0.91,13.710,0
phase1 acc_mag=12.052 gravity=9.615 motion=2.437 moving_avg=1.712 rms=2.288 mean_rms=2.452 max_rms=2.773 min_rms=2.226 std=0.188 var=0.035 state=standing thr=2.827/3.027/3.527
-27.31,17.50,10.00,0.9573,-0.1179,0.2502,-0.0839,-6.10,-2.42,11.28,15.12,-18.06,-2.19,13.05,0,1.70,0.0998,0.0367,18,0.763,0.698,54.84,0.91,13.710,0
-25.56,16.00,10.31,0.9622,-0.1083,0.2341,-0.0872,-9.27,-5.81,13.53,37.38,-42.31,-1.81,17.40,0,1.70,0.0939,0.0335,18,0.763,0.698,54.84,0.91,13.710,0
-21.69,8.38,8.44,0.9796,-0.0441,0.1832,-0.0695,-2.97,-5.38,5.65,133.94,-115.62,51.62,8.35,0,1.70,0.0730,0.0122,18,0.763,0.698,54.84,0.91,13.710,0
-15.50,-0.94,5.81,0.9895,0.0150,0.1348,-0.0505,1.27,1.68,2.19,60.00,-47.62,39.31,3.04,0,1.70,0.0530,-0.0086,19,0.823,0.779,56.82,0.95,14.533,0
phase1 acc_mag=3.713 gravity=9.608 motion=5.895 moving_avg=2.427 rms=3.254 mean_rms=2.527 max_rms=3.254 min_rms=2.226 std=0.256 var=0.065 state=walking thr=3.039/3.239/3.739
-14.75,-1.94,5.19,0.9903,0.0206,0.1297,-0.0460,0.35,1.51,3.53,-22.81,19.06,-16.94,3.86,0,1.70,0.0510,-0.0105,19,0.823,0.779,56.82,0.95,14.533,0
-17.44,1.75,6.56,0.9866,-0.0061,0.1525,-0.0571,-5.03,-1.77,8.76,-68.19,58.94,-31.50,10.26,0,1.70,0.0603,-0.0011,19,0.823,0.779,56.82,0.95,14.533,0
-20.31,5.44,7.38,0.9811,-0.0340,0.1792,-0.0636,-4.49,-1.58,9.65,-28.88,33.19,-9.38,10.76,0,1.70,0.0712,0.0088,19,0.823,0.779,56.82,0.95,14.533,0
-22.12,7.69,7.88,0.9769,-0.0501,0.1965,-0.0676,-4.10,-1.64,9.57,-32.81,24.19,-11.62,10.54,0,1.70,0.0781,0.0143,19,0.823,0.779,56.82,0.95,14.533,0
phase1 acc_mag=10.071 gravity=9.464 motion=0.607 moving_avg=2.172 rms=3.029 mean_rms=2.641 max_rms=3.288 min_rms=2.226 std=0.380 var=0.144 state=standing thr=3.400/3.600/4.100
-23.31,9.69,8.31,0.9733,-0.0643,0.2083,-0.0712,-3.50,-0.97,9.88,-22.75,13.75,-7.88,10.53,0,1.70,0.0829,0.0191,19,0.823,0.779,56.82,0.95,14.533,0
-23.88,11.25,8.75,0.9709,-0.0757,0.2147,-0.0745,-4.79,-1.73,10.79,-15.62,11.19,-10.12,11.93,0,1.70,0.0856,0.0230,19,0.823,0.779,56.82,0.95,14.533,0
-23.88,11.25,8.75,0.9713,-0.0749,0.2135,-0.0739,-4.43,-1.85,9.62,11.44,-13.00,7.25,10.75,0,1.70,0.0852,0.0228,19,0.823,0.779,56.82,0.95,14.533,0
-23.12,10.06,8.31,0.9734,-0.0676,0.2071,-0.0713,-3.57,-1.49,7.41,12.94,-11.56,4.69,8.36,0,1.70,0.0826,0.0204,19,0.823,0.779,56.82,0.95,14.533,0
phase1 acc_mag=7.540 gravity=9.857 motion=2.318 moving_avg=1.987 rms=2.839 mean_rms=2.677 max_rms=3.288 min_rms=2.226 std=0.387 var=0.150 state=standing thr=3.451/3.651/4.151
-22.75,9.69,8.25,0.9743,-0.0657,0.2039,-0.0702,-2.94,-1.43,6.55,-3.50,2.44,1.62,7.32,0,1.70,0.0813,0.0199,20,0.678,1.055,93.31,1.56,15.211,0
-23.88,10.62,8.19,0.9717,-0.0718,0.2137,-0.0698,-3.91,-1.96,6.92,-21.69,26.00,-2.81,8.19,0,1.70,0.0851,0.0220,20,0.678,1.055,93.31,1.56,15.211,0
-26.00,12.94,9.00,0.9654,-0.0859,0.2341,-0.0761,-4.68,-2.08,7.84,-23.44,33.31,-17.81,9.36,0,1.70,0.0930,0.0260,20,0.678,1.055,93.31,1.56,15.211,0
-27.81,15.50,9.69,0.9577,-0.1046,0.2552,-0.0820,-4.38,-2.27,8.97,-30.81,31.62,-8.88,10.24,0,1.70,0.1012,0.0317,20,0.678,1.055,93.31,1.56,15.211,0
phase1 acc_mag=10.287 gravity=9.657 motion=0.630 moving_avg=2.143 rms=2.911 mean_rms=2.806 max_rms=3.288 min_rms=2.226 std=0.334 var=0.112 state=standing thr=3.475/3.675/4.175
-29.38,18.69,10.25,0.9514,-0.1226,0.2693,-0.0857,-6.08,-3.15,10.17,-20.56,16.75,-5.69,12.26,0,1.70,0.1067,0.0374,20,0.678,1.055,93.31,1.56,15.211,0
-30.19,19.50,10.19,0.9486,-0.1277,0.2771,-0.0842,-5.13,-2.81,11.91,-1.38,6.69,7.44,13.27,0,1.70,0.1094,0.0391,20,0.678,1.055,93.31,1.56,15.211,0
-29.56,17.44,10.12,0.9526,-0.1129,0.2693,-0.0848,-6.31,-3.29,11.02,45.00,-35.06,22.81,13.12,0,1.70,0.1064,0.0339,20,0.678,1.055,93.31,1.56,15.211,0
-27.31,12.19,9.75,0.9630,-0.0767,0.2450,-0.0825,-5.46,-2.92,7.46,69.56,-52.44,20.06,9.69,0,1.70,0.0969,0.0215,20,0.678,1.055,93.31,1.56,15.211,0
phase1 acc_mag=8.445 gravity=9.949 motion=1.503 moving_avg=2.345 rms=3.049 mean_rms=2.980 max_rms=3.288 min_rms=2.466 std=0.177 var=0.031 state=standing thr=3.334/3.534/4.034
-23.31,6.25,9.31,0.9746,-0.0345,0.2062,-0.0799,-2.47,-0.77,4.05,83.50,-67.81,29.94,4.81,0,1.70,0.0815,0.0069,21,0.780,1.312,101.01,1.68,15.991,1
-20.50,3.25,8.94,0.9806,-0.0133,0.1800,-0.0769,0.38,0.61,3.41,15.38,-34.75,7.50,3.48,0,1.70,0.0710,-0.0003,21,0.780,1.312,101.01,1.68,15.991,0
-22.38,4.12,8.25,0.9765,-0.0244,0.2018,-0.0718,-2.20,-0.56,5.84,-53.62,62.25,-22.44,6.27,0,1.70,0.0795,0.0037,21,0.780,1.312,101.01,1.68,15.991,0
-24.81,9.00,9.56,0.9703,-0.0549,0.2211,-0.0815,-5.32,-2.16,9.29,-27.88,11.25,-12.06,10.92,0,1.70,0.0876,0.0141,21,0.780,1.312,101.01,1.68,15.991,0
phase1 acc_mag=10.449 gravity=9.771 motion=0.679 moving_avg=2.101 rms=2.572 mean_rms=2.975 max_rms=3.241 min_rms=2.572 std=0.154 var=0.024 state=standing thr=3.284/3.484/3.984
-25.25,10.50,10.12,0.9676,-0.0682,0.2274,-0.0863,-4.50,-1.51,8.28,-28.06,10.94,-10.12,9.54,0,1.70,0.0903,0.0185,21,0.780,1.312,101.01,1.68,15.991,0
-26.25,13.12,10.56,0.9637,-0.0837,0.2373,-0.0895,-3.81,-1.95,8.00,-25.38,20.62,-10.12,9.07,0,1.70,0.0945,0.0238,21,0.780,1.312,101.01,1.68,15.991,0
-27.81,15.38,11.19,0.9566,-0.0996,0.2569,-0.0948,-4.95,-2.29,9.03,-28.38,39.12,-15.81,10.55,0,1.70,0.1021,0.0284,21,0.780,1.312,101.01,1.68,15.991,0
-29.62,17.44,12.00,0.9510,-0.1086,0.2714,-0.1002,-6.78,-2.95,10.74,-3.44,11.00,-4.94,13.04,0,1.70,0.1076,0.0304,21,0.780,1.312,101.01,1.68,15.991,0
phase1 acc_mag=12.379 gravity=9.750 motion=2.629 moving_avg=2.070 rms=2.596 mean_rms=2.852 max_rms=3.173 min_rms=2.504 std=0.199 var=0.040 state=standing thr=3.250/3.450/3.950
-29.06,16.69,12.12,0.9531,-0.1036,0.2659,-0.1012,-5.32,-2.43,8.87,17.62,-20.25,2.75,10.62,0,1.70,0.1056,0.0287,21,0.780,1.312,101.01,1.68,15.991,0
-27.75,15.19,11.94,0.9580,-0.0936,0.2519,-0.1000,-3.67,-1.85,6.67,12.38,-15.62,6.31,7.83,0,1.70,0.1003,0.0258,21,0.780,1.312,101.01,1.68,15.991,0
-27.38,14.62,11.75,0.9590,-0.0916,0.2492,-0.0988,-4.00,-1.97,6.43,-1.25,0.06,1.44,7.82,0,1.70,0.0992,0.0253,22,0.697,1.035,89.02,1.48,16.688,0
-27.94,15.31,11.75,0.9568,-0.0964,0.2560,-0.0986,-4.41,-2.08,7.01,-7.75,9.38,0.62,8.54,0,1.70,0.1018,0.0268,22,0.697,1.035,89.02,1.48,16.688,0
phase1 acc_mag=9.495 gravity=9.630 motion=0.135 moving_avg=1.962 rms=2.525 mean_rms=2.793 max_rms=3.173 min_rms=2.504 std=0.230 var=0.053 state=standing thr=3.252/3.452/3.952
-28.75,16.44,11.94,0.9540,-0.1027,0.2631,-0.1000,-5.13,-2.19,8.55,-15.06,15.06,-6.88,10.21,0,1.70,0.1045,0.0287,22,0.697,1.035,89.02,1.48,16.688,0
-29.00,17.88,12.19,0.9517,-0.1147,0.2660,-0.1022,-5.76,-2.29,11.07,-16.94,-10.94,-12.06,12.69,0,1.70,0.1059,0.0328,22,0.697,1.035,89.02,1.48,16.688,0
-26.19,17.50,13.00,0.9570,-0.1136,0.2435,-0.1092,-7.95,-4.45,14.24,45.81,-75.44,-23.00,16.91,0,1.70,0.0982,0.0329,22,0.697,1.035,89.02,1.48,16.688,0
-20.62,12.06,12.06,0.9731,-0.0807,0.1898,-0.1030,-4.16,-2.36,9.04,86.94,-72.31,25.56,10.23,0,1.70,0.0772,0.0236,22,0.697,1.035,89.02,1.48,16.688,0
phase1 acc_mag=8.393 gravity=10.179 motion=1.786 moving_avg=2.320 rms=2.994 mean_rms=2.754 max_rms=3.173 min_rms=2.504 std=0.242 var=0.059 state=standing thr=3.239/3.439/3.939
-16.94,6.88,10.75,0.9841,-0.0388,0.1479,-0.0904,-2.11,-1.18,4.77,68.56,-63.00,35.56,5.35,0,1.70,0.0596,0.0099,23,0.830,1.808,130.72,2.18,17.518,1
-14.38,2.88,9.50,0.9884,-0.0140,0.1269,-0.0822,0.09,0.22,2.48,17.19,-9.00,8.06,2.49,0,1.70,0.0506,0.0014,23,0.830,1.808,130.72,2.18,17.518,0
-14.94,2.94,10.00,0.9873,-0.0139,0.1323,-0.0867,-1.13,0.33,3.49,-15.69,25.00,-14.06,3.68,0,1.70,0.0527,0.0009,23,0.830,1.808,130.72,2.18,17.518,0
-18.19,6.56,10.94,0.9803,-0.0437,0.1674,-0.0950,-3.42,-1.76,8.58,-48.12,46.06,-18.94,9.40,0,1.70,0.0673,0.0108,23,0.830,1.808,130.72,2.18,17.518,0
phase1 acc_mag=10.190 gravity=9.053 motion=1.138 moving_avg=2.583 rms=3.391 mean_rms=2.809 max_rms=3.559 min_rms=2.504 std=0.333 var=0.111 state=standing thr=3.475/3.675/4.175
-21.44,10.94,11.94,0.9728,-0.0707,0.1953,-0.1021,-4.55,-2.02,10.67,-57.38,52.12,-21.69,11.77,0,1.70,0.0789,0.0195,23,0.830,1.808,130.72,2.18,17.518,0
-24.19,15.50,12.56,0.9634,-0.1019,0.2242,-0.1061,-5.30,-2.17,11.59,-41.06,30.62,-8.50,12.93,0,1.70,0.0907,0.0298,23,0.830,1.808,130.72,2.18,17.518,0
-24.94,16.94,12.06,0.9609,-0.1139,0.2319,-0.0999,-5.05,-2.04,10.94,-13.75,-2.00,16.88,12.22,0,1.70,0.0937,0.0345,23,0.830,1.808,130.72,2.18,17.518,0
-24.81,16.56,10.62,0.9627,-0.1134,0.2286,-0.0898,-4.48,-2.73,9.02,0.31,-7.12,8.75,10.43,0,1.70,0.0921,0.0355,23,0.830,1.808,130.72,2.18,17.518,0
phase1 acc_mag=9.621 gravity=9.836 motion=0.215 moving_avg=2.487 rms=3.222 mean_rms=2.894 max_rms=3.559 min_rms=2.504 std=0.358 var=0.128 state=standing thr=3.610/3.810/4.310
-24.19,15.69,10.00,0.9659,-0.1073,0.2203,-0.0835,-3.39,-2.45,7.24,13.06,-19.88,17.62,8.36,0,1.70,0.0887,0.0341,23,0.830,1.808,130.72,2.18,17.518,0
-23.44,14.50,9.38,0.9683,-0.1014,0.2139,-0.0798,-3.48,-2.03,6.82,10.69,-7.75,2.31,7.92,0,1.70,0.0861,0.0324,24,0.715,1.157,97.09,1.62,18.233,0
-24.31,15.12,9.44,0.9649,-0.1066,0.2255,-0.0823,-4.08,-2.88,7.94,-20.12,40.62,-25.88,9.38,0,1.70,0.0905,0.0337,24,0.715,1.157,97.09,1.62,18.233,0
-26.12,17.12,10.50,0.9596,-0.1160,0.2405,-0.0886,-4.44,-2.12,7.25,-20.31,20.62,-2.56,8.76,0,1.70,0.0964,0.0360,24,0.715,1.157,97.09,1.62,18.233,0
phase1 acc_mag=9.160 gravity=9.381 motion=0.221 moving_avg=2.419 rms=3.169 mean_rms=3.029 max_rms=3.559 min_rms=2.513 std=0.325 var=0.106 state=standing thr=3.680/3.880/4.380
-27.19,19.44,10.81,0.9544,-0.1313,0.2523,-0.0905,-4.62,-2.47,8.69,-24.62,20.69,-4.44,10.15,0,1.70,0.1011,0.0410,24,0.715,1.157,97.09,1.62,18.233,0
-27.69,21.56,11.06,0.9503,-0.1461,0.2590,-0.0923,-6.20,-3.49,11.17,-20.12,1.38,-7.38,13.24,0,1.70,0.1038,0.0460,24,0.715,1.157,97.09,1.62,18.233,0
-26.94,22.31,11.19,0.9513,-0.1528,0.2510,-0.0934,-6.67,-4.76,13.25,9.88,-31.69,-4.81,15.58,0,1.70,0.1012,0.0487,24,0.715,1.157,97.09,1.62,18.233,0
phase1 acc_mag=12.158 gravity=10.272 motion=1.886 moving_avg=2.847 rms=3.516 mean_rms=3.184 max_rms=3.559 min_rms=2.514 std=0.232 var=0.054 state=standing thr=3.649/3.849/4.349
-24.25,18.00,10.50,0.9620,-0.1257,0.2256,-0.0887,-6.23,-4.22,9.55,76.88,-56.94,28.31,12.16,0,1.70,0.0913,0.0404,24,0.715,1.157,97.09,1.62,18.233,0
-19.44,9.38,9.00,0.9807,-0.0577,0.1705,-0.0758,-1.36,-0.69,4.20,88.88,-62.06,34.19,4.47,0,1.70,0.0686,0.0175,25,0.815,1.546,113.85,1.90,19.048,1
-17.31,5.25,8.06,0.9852,-0.0319,0.1536,-0.0687,0.22,0.69,2.10,21.12,-2.75,14.12,2.22,0,1.70,0.0614,0.0083,25,0.815,1.546,113.85,1.90,19.048,0
-18.75,6.06,7.69,0.9830,-0.0396,0.1666,-0.0665,-1.71,-0.92,4.49,-40.38,44.19,-7.06,4.89,0,1.70,0.0666,0.0111,25,0.815,1.546,113.85,1.90,19.048,0
phase1 acc_mag=8.699 gravity=8.780 motion=0.082 moving_avg=3.062 rms=3.718 mean_rms=3.342 max_rms=3.750 min_rms=3.022 std=0.189 var=0.036 state=standing thr=3.720/3.920/4.420
-21.50,10.31,8.81,0.9756,-0.0707,0.1934,-0.0754,-4.69,-2.12,8.21,-55.00,43.31,-31.62,9.69,0,1.70,0.0776,0.0218,25,0.815,1.546,113.85,1.90,19.048,0
-24.12,14.94,9.88,0.9650,-0.1064,0.2239,-0.0851,-5.35,-2.63,10.30,-45.38,42.69,-18.75,11.90,0,1.70,0.0901,0.0335,25,0.815,1.546,113.85,1.90,19.048,0
-25.62,18.25,10.88,0.9590,-0.1246,0.2376,-0.0915,-5.47,-2.60,10.69,-16.56,9.25,-11.69,12.29,0,1.70,0.0957,0.0391,25,0.815,1.546,113.85,1.90,19.048,0
-25.81,19.00,10.81,0.9577,-0.1309,0.2398,-0.0902,-4.75,-2.64,10.21,-6.25,0.75,3.62,11.57,0,1.70,0.0966,0.0415,25,0.815,1.546,113.85,1.90,19.048,0
phase1 acc_mag=11.283 gravity=10.034 motion=1.249 moving_avg=2.626 rms=3.149 mean_rms=3.331 max_rms=3.750 min_rms=3.138 std=0.191 var=0.037 state=standing thr=3.714/3.914/4.414
-25.56,18.38,10.31,0.9594,-0.1268,0.2366,-0.0869,-4.76,-2.85,9.19,15.25,-12.81,7.75,10.73,0,1.70,0.0952,0.0404,25,0.815,1.546,113.85,1.90,19.048,0
-24.38,16.31,10.06,0.9651,-0.1100,0.2219,-0.0845,-3.83,-3.20,8.27,38.94,-27.25,11.31,9.66,0,1.70,0.0894,0.0350,25,0.815,1.546,113.85,1.90,19.048,0
-22.81,13.12,10.56,0.9699,-0.0886,0.2083,-0.0898,-3.11,-0.52,6.28,37.38,-12.75,-9.56,7.03,0,1.70,0.0840,0.0269,26,0.706,1.100,93.46,1.56,19.754,1
-23.19,13.19,11.06,0.9682,-0.0886,0.2137,-0.0952,-3.36,-2.03,6.86,-12.44,18.19,-11.50,7.90,0,1.70,0.0862,0.0262,26,0.706,1.100,93.46,1.56,19.754,0
phase1 acc_mag=7.864 gravity=9.404 motion=1.540 moving_avg=2.454 rms=3.037 mean_rms=3.297 max_rms=3.750 min_rms=3.005 std=0.222 var=0.049 state=standing thr=3.741/3.941/4.441
-24.56,14.81,11.88,0.9640,-0.0975,0.2260,-0.1006,-3.68,-2.09,7.50,-26.81,32.81,-17.06,8.61,0,1.70,0.0910,0.0285,26,0.706,1.100,93.46,1.56,19.754,0
-26.19,17.69,12.81,0.9569,-0.1151,0.2438,-0.1077,-3.62,-1.77,9.48,-25.94,17.56,-12.75,10.30,0,1.70,0.0983,0.0335,26,0.706,1.100,93.46,1.56,19.754,0
-27.69,22.31,14.62,0.9437,-0.1489,0.2675,-0.1249,-4.94,-2.76,13.14,-57.88,45.88,-49.25,14.31,0,1.70,0.1084,0.0428,26,0.706,1.100,93.46,1.56,19.754,0
phase1 acc_mag=15.167 gravity=10.218 motion=4.949 moving_avg=2.879 rms=3.516 mean_rms=3.279 max_rms=3.750 min_rms=3.002 std=0.243 var=0.059 state=standing thr=3.765/3.965/4.465
-26.44,22.06,15.50,0.9476,-0.1432,0.2546,-0.1290,-7.94,-4.92,11.95,72.38,-68.75,32.00,15.17,0,1.70,0.1039,0.0411,26,0.706,1.100,93.46,1.56,19.754,0
-21.19,12.69,13.19,0.9706,-0.0830,0.1959,-0.1126,-2.83,-2.13,5.15,94.56,-81.19,39.81,6.25,0,1.70,0.0798,0.0234,26,0.706,1.100,93.46,1.56,19.754,0
-18.06,6.56,11.25,0.9821,-0.0356,0.1596,-0.0939,-0.97,-0.35,2.94,40.31,-29.50,43.88,3.12,0,1.70,0.0640,0.0080,27,0.848,1.756,124.22,2.07,20.602,0
-17.94,4.31,9.69,0.9835,-0.0232,0.1589,-0.0835,-0.79,0.08,3.62,8.75,24.44,11.50,3.71,0,1.70,0.0633,0.0038,27,0.848,1.756,124.22,2.07,20.602,0
phase1 acc_mag=6.196 gravity=8.660 motion=2.464 moving_avg=3.097 rms=3.786 mean_rms=3.344 max_rms=3.788 min_rms=3.002 std=0.282 var=0.080 state=standing thr=3.909/4.109/4.609
-19.81,4.69,9.69,0.9798,-0.0274,0.1798,-0.0833,-2.15,0.13,5.81,-34.44,52.75,-6.75,6.20,0,1.70,0.0714,0.0048,27,0.848,1.756,124.22,2.07,20.602,0
-23.62,10.50,11.06,0.9689,-0.0699,0.2171,-0.0954,-5.06,-2.75,9.73,-53.44,42.88,-24.50,11.31,0,1.70,0.0868,0.0188,27,0.848,1.756,124.22,2.07,20.602,0
-25.75,14.06,12.06,0.9615,-0.0927,0.2371,-0.1030,-5.73,-1.63,10.61,-34.44,27.62,-19.31,12.17,0,1.70,0.0950,0.0259,27,0.848,1.756,124.22,2.07,20.602,0
-26.81,17.38,12.56,0.9562,-0.1122,0.2487,-0.1057,-5.63,-2.42,11.70,-29.81,28.38,-10.56,13.21,0,1.70,0.0999,0.0324,27,0.848,1.756,124.22,2.07,20.602,0
phase1 acc_mag=13.780 gravity=9.981 motion=3.799 moving_avg=2.707 rms=3.300 mean_rms=3.305 max_rms=3.788 min_rms=3.002 std=0.261 var=0.068 state=standing thr=3.827/4.027/4.527
-27.00,17.50,12.94,0.9554,-0.1118,0.2507,-0.1087,-5.14,-2.86,10.22,25.19,-11.88,10.56,11.79,0,1.70,0.1007,0.0318,27,0.848,1.756,124.22,2.07,20.602,0
-26.38,15.06,12.56,0.9605,-0.0920,0.2405,-0.1053,-3.81,-1.90,7.57,33.56,-17.62,14.06,8.69,0,1.70,0.0963,0.0252,27,0.848,1.756,124.22,2.07,20.602,0
-25.31,12.69,12.25,0.9644,-0.0785,0.2305,-0.1038,-3.35,-1.65,6.18,16.69,-15.31,3.88,7.22,0,1.70,0.0922,0.0207,28,0.738,1.234,100.33,1.67,21.340,0
-25.31,12.88,12.25,0.9643,-0.0800,0.2303,-0.1035,-3.63,-1.88,6.12,-24.06,17.25,-7.88,7.36,0,1.70,0.0922,0.0213,28,0.738,1.234,100.33,1.67,21.340,0
phase1 acc_mag=7.631 gravity=9.328 motion=1.697 moving_avg=2.648 rms=3.277 mean_rms=3.302 max_rms=3.788 min_rms=3.002 std=0.251 var=0.063 state=standing thr=3.804/4.004/4.504
-26.56,15.25,12.50,0.9581,-0.0989,0.2467,-0.1063,-5.22,-2.45,7.23,-36.00,30.75,-17.38,9.25,0,1.70,0.0988,0.0274,28,0.738,1.234,100.33,1.67,21.340,0
-27.62,17.56,13.00,0.9542,-0.1110,0.2557,-0.1089,-4.66,-2.08,9.27,-20.00,11.75,-7.06,10.58,0,1.70,0.1024,0.0312,28,0.738,1.234,100.33,1.67,21.340,0
-28.12,19.56,13.31,0.9501,-0.1261,0.2627,-0.1113,-5.24,-2.34,12.28,-14.94,-0.75,-5.75,13.55,0,1.70,0.1054,0.0362,28,0.738,1.234,100.33,1.67,21.340,0
-27.56,19.81,13.38,0.9509,-0.1280,0.2584,-0.1120,-8.76,-4.92,14.96,14.31,-16.75,0.00,18.02,0,1.70,0.1040,0.0371,28,0.738,1.234,100.33,1.67,21.340,0
phase1 acc_mag=17.928 gravity=10.137 motion=7.790 moving_avg=3.050 rms=3.706 mean_rms=3.365 max_rms=3.788 min_rms=3.002 std=0.223 var=0.050 state=standing thr=3.811/4.011/4.511
-24.44,14.00,12.12,0.9649,-0.0903,0.2242,-0.1028,-7.16,-4.14,9.52,106.75,-75.81,44.31,12.61,0,1.70,0.0902,0.0256,28,0.738,1.234,100.33,1.67,21.340,0
-18.81,3.88,9.81,0.9839,-0.0100,0.1583,-0.0820,-0.11,0.16,2.32,102.31,-87.88,45.62,2.33,0,1.70,0.0626,-0.0013,29,0.859,1.721,120.24,2.00,22.199,0
-15.31,-1.12,8.19,0.9884,0.0197,0.1327,-0.0712,0.85,0.80,1.25,13.31,-8.31,9.25,1.71,2,0.20,0.0519,-0.0115,29,0.859,1.721,120.24,2.00,22.199,0
-16.94,-0.38,7.94,0.9860,0.0106,0.1517,-0.0685,-0.10,0.89,3.29,-36.50,50.75,-6.06,3.41,0,1.70,0.0595,-0.0083,29,0.859,1.721,120.24,2.00,22.199,0
phase1 acc_mag=6.287 gravity=8.588 motion=2.301 moving_avg=3.581 rms=4.208 mean_rms=3.561 max_rms=4.331 min_rms=3.228 std=0.321 var=0.103 state=slow thr=4.203/4.403/4.903
-20.94,4.19,9.06,0.9784,-0.0267,0.1888,-0.0797,-4.34,-1.67,8.42,-72.00,55.00,-36.94,9.62,0,1.70,0.0748,0.0044,29,0.859,1.721,120.24,2.00,22.199,0
-24.25,10.31,10.56,0.9697,-0.0643,0.2178,-0.0898,-5.01,-1.97,10.47,-53.19,36.69,-23.75,11.77,0,1.70,0.0868,0.0171,29,0.859,1.721,120.24,2.00,22.199,0
-26.06,14.25,11.44,0.9614,-0.0938,0.2399,-0.0974,-5.04,-2.47,10.61,-34.56,23.75,-10.69,12.00,0,1.70,0.0959,0.0267,29,0.859,1.721,120.24,2.00,22.199,0
phase1 acc_mag=11.181 gravity=9.859 motion=1.321 moving_avg=3.165 rms=3.784 mean_rms=3.636 max_rms=4.331 min_rms=3.228 std=0.377 var=0.142 state=standing thr=4.390/4.590/5.090
-27.44,16.25,11.75,0.9571,-0.1039,0.2520,-0.0988,-5.14,-2.21,9.68,-11.00,13.31,-2.88,11.18,0,1.70,0.1006,0.0298,29,0.859,1.721,120.24,2.00,22.199,0
-28.00,17.00,11.94,0.9549,-0.1084,0.2576,-0.1001,-5.17,-2.64,8.40,-2.62,6.25,-0.88,10.21,0,1.70,0.1027,0.0311,29,0.859,1.721,120.24,2.00,22.199,0
-28.12,16.75,11.94,0.9551,-0.1059,0.2580,-0.1001,-4.90,-2.34,7.69,5.06,-0.44,0.38,9.41,0,1.70,0.1028,0.0301,29,0.859,1.721,120.24,2.00,22.199,0
-28.25,16.69,12.19,0.9547,-0.1052,0.2592,-0.1022,-4.30,-2.18,7.52,-1.06,7.12,-4.38,8.93,0,1.70,0.1033,0.0296,29,0.859,1.721,120.24,2.00,22.199,0
phase1 acc_mag=10.015 gravity=9.387 motion=0.628 moving_avg=2.731 rms=3.598 mean_rms=3.694 max_rms=4.331 min_rms=3.228 std=0.352 var=0.124 state=standing thr=4.399/4.599/5.099
-28.88,17.31,12.62,0.9521,-0.1077,0.2659,-0.1057,-5.33,-2.59,8.40,-1.31,10.00,-6.12,10.28,0,1.70,0.1058,0.0298,29,0.859,1.721,120.24,2.00,22.199,0
-28.88,17.19,13.06,0.9521,-0.1047,0.2655,-0.1093,-4.70,-2.47,7.94,9.56,-3.62,-2.19,9.55,0,1.70,0.1057,0.0283,29,0.859,1.721,120.24,2.00,22.199,0
-29.00,16.94,13.38,0.9516,-0.1026,0.2672,-0.1121,-4.13,-1.69,7.45,-2.50,11.75,-3.19,8.68,0,1.70,0.1063,0.0271,29,0.859,1.721,120.24,2.00,22.199,0
-29.81,18.00,13.69,0.9480,-0.1092,0.2762,-0.1143,-5.50,-2.31,8.10,-9.50,7.38,-4.88,10.06,0,1.70,0.1097,0.0288,29,0.859,1.721,120.24,2.00,22.199,0
phase1 acc_mag=10.852 gravity=9.697 motion=1.155 moving_avg=2.520 rms=3.510 mean_rms=3.755 max_rms=4.331 min_rms=3.277 std=0.294 var=0.086 state=standing thr=4.342/4.542/5.042
-29.62,18.75,13.81,0.9478,-0.1141,0.2748,-0.1149,-5.86,-2.77,9.06,-6.00,-7.75,-6.75,11.14,0,1.70,0.1094,0.0306,29,0.859,1.721,120.24,2.00,22.199,0
-28.75,18.88,14.00,0.9497,-0.1160,0.2664,-0.1168,-6.53,-3.23,10.28,5.25,-15.94,-7.19,12.60,0,1.70,0.1066,0.0316,29,0.859,1.721,120.24,2.00,22.199,0
-26.94,15.69,13.94,0.9567,-0.0959,0.2486,-0.1171,-7.21,-3.89,11.45,71.94,-44.88,28.44,14.08,0,1.70,0.0996,0.0251,29,0.859,1.721,120.24,2.00,22.199,0
-24.00,8.75,12.31,0.9697,-0.0488,0.2150,-0.1049,-4.95,-2.90,7.47,104.75,-88.75,52.12,9.42,0,1.70,0.0855,0.0099,29,0.859,1.721,120.24,2.00,22.199,0
phase1 acc_mag=6.861 gravity=9.532 motion=2.672 moving_avg=2.382 rms=3.282 mean_rms=3.774 max_rms=4.331 min_rms=3.282 std=0.266 var=0.071 state=standing thr=4.306/4.506/5.006
-18.44,-0.12,9.50,0.9836,0.0145,0.1600,-0.0818,1.10,2.13,2.09,92.94,-63.31,51.94,3.18,0,1.70,0.0625,-0.0109,30,0.810,0.623,46.15,0.77,23.009,0
-16.81,-2.88,8.12,0.9864,0.0344,0.1448,-0.0699,1.21,2.39,2.45,2.88,-3.69,8.50,3.63,0,1.70,0.0562,-0.0176,30,0.810,0.623,46.15,0.77,23.009,0
-19.94,1.06,9.19,0.9816,0.0049,0.1736,-0.0792,-4.23,-0.05,6.25,-79.56,64.31,-47.00,7.55,0,1.70,0.0680,-0.0074,30,0.810,0.623,46.15,0.77,23.009,0
-23.88,8.06,10.62,0.9703,-0.0516,0.2178,-0.0914,-6.02,-3.05,9.65,-73.44,63.50,-29.56,11.78,0,1.70,0.0864,0.0121,30,0.810,0.623,46.15,0.77,23.009,0
phase1 acc_mag=11.627 gravity=9.937 motion=1.690 moving_avg=2.067 rms=2.771 mean_rms=3.572 max_rms=4.211 min_rms=2.760 std=0.316 var=0.100 state=standing thr=4.204/4.404/4.904
-26.50,12.69,11.12,0.9631,-0.0790,0.2394,-0.0939,-5.66,-2.51,9.61,-48.75,32.88,-14.19,11.43,0,1.70,0.0952,0.0214,30,0.810,0.623,46.15,0.77,23.009,0
-28.00,16.44,11.44,0.9560,-0.1053,0.2565,-0.0959,-5.17,-2.28,9.49,-30.88,16.31,-6.31,11.04,0,1.70,0.1021,0.0304,30,0.810,0.623,46.15,0.77,23.009,0
-28.38,18.38,11.44,0.9527,-0.1209,0.2620,-0.0952,-5.62,-2.94,10.04,-19.94,0.94,-1.25,11.88,0,1.70,0.1045,0.0361,30,0.810,0.623,46.15,0.77,23.009,0
phase1 acc_mag=10.684 gravity=9.898 motion=0.787 moving_avg=1.895 rms=2.621 mean_rms=3.297 max_rms=3.774 min_rms=2.611 std=0.399 var=0.159 state=standing thr=4.094/4.294/4.794
-27.94,18.38,11.06,0.9542,-0.1210,0.2574,-0.0928,-5.05,-2.83,8.98,10.00,-15.19,7.69,10.68,0,1.70,0.1027,0.0366,30,0.810,0.623,46.15,0.77,23.009,0
-27.06,16.75,10.56,0.9583,-0.1111,0.2481,-0.0889,-4.09,-2.24,7.18,11.94,-6.69,5.56,8.56,0,1.70,0.0990,0.0338,30,0.810,0.623,46.15,0.77,23.009,0
-27.56,16.06,10.56,0.9580,-0.1049,0.2516,-0.0889,-4.25,-2.20,6.80,9.06,9.00,1.81,8.32,0,1.70,0.1001,0.0313,30,0.810,0.623,46.15,0.77,23.009,0
-28.69,16.62,10.88,0.9548,-0.1064,0.2620,-0.0911,-4.68,-2.49,7.18,-5.06,20.25,-2.81,8.92,0,1.70,0.1039,0.0311,30,0.810,0.623,46.15,0.77,23.009,0
phase1 acc_mag=8.886 gravity=9.717 motion=0.831 moving_avg=2.022 rms=2.658 mean_rms=3.088 max_rms=3.621 min_rms=2.611 std=0.412 var=0.170 state=standing thr=3.912/4.112/4.612
-29.88,17.44,11.19,0.9512,-0.1099,0.2726,-0.0932,-5.05,-2.11,7.74,-11.69,15.62,-5.38,9.48,0,1.70,0.1078,0.0317,30,0.810,0.623,46.15,0.77,23.009,0
-30.25,18.75,11.38,0.9486,-0.1187,0.2775,-0.0949,-5.77,-2.27,9.20,-15.62,2.62,-7.00,11.09,0,1.70,0.1098,0.0345,30,0.810,0.623,46.15,0.77,23.009,0
-29.50,20.50,11.94,0.9474,-0.1323,0.2741,-0.0991,-6.24,-3.61,13.31,-16.88,0.06,-17.56,15.14,0,1.70,0.1091,0.0393,30,0.810,0.623,46.15,0.77,23.009,0
-28.50,19.50,12.69,0.9502,-0.1248,0.2651,-0.1061,-7.31,-4.71,12.08,42.44,-39.31,9.00,14.88,0,1.70,0.1061,0.0362,30,0.810,0.623,46.15,0.77,23.009,0
phase1 acc_mag=14.021 gravity=10.341 motion=3.680 moving_avg=2.480 rms=3.096 mean_rms=2.935 max_rms=3.621 min_rms=2.611 std=0.355 var=0.126 state=standing thr=3.644/3.844/4.344
-23.44,12.44,11.94,0.9683,-0.0798,0.2140,-0.1015,-3.91,-3.53,6.26,86.62,-92.62,21.25,8.18,0,1.70,0.0861,0.0222,30,0.810,0.623,46.15,0.77,23.009,0
-19.69,6.81,10.81,0.9802,-0.0362,0.1716,-0.0914,-2.03,-0.52,3.29,53.12,-50.00,25.31,3.90,0,1.70,0.0686,0.0079,31,0.808,0.698,51.81,0.86,23.816,0
-18.50,3.75,9.56,0.9830,-0.0184,0.1632,-0.0823,-0.70,0.58,3.10,17.38,21.56,19.06,3.23,0,1.70,0.0648,0.0019,31,0.808,0.698,51.81,0.86,23.816,0
-21.44,4.00,9.12,0.9778,-0.0206,0.1928,-0.0787,-3.62,-0.12,6.20,-29.06,54.81,-14.75,7.18,0,1.70,0.0761,0.0020,31,0.808,0.698,51.81,0.86,23.816,0
phase1 acc_mag=9.012 gravity=9.101 motion=0.089 moving_avg=2.601 rms=3.296 mean_rms=2.887 max_rms=3.447 min_rms=2.611 std=0.287 var=0.082 state=standing thr=3.461/3.661/4.161
-24.19,7.88,10.12,0.9716,-0.0455,0.2153,-0.0865,-5.66,-1.92,9.11,-52.75,35.94,-28.19,10.90,0,1.70,0.0852,0.0102,31,0.808,0.698,51.81,0.86,23.816,0
-25.81,12.19,11.00,0.9639,-0.0811,0.2360,-0.0933,-5.23,-2.28,9.37,-57.25,29.44,-15.94,10.97,0,1.70,0.0940,0.0224,31,0.808,0.698,51.81,0.86,23.816,0
-27.19,16.00,11.06,0.9584,-0.1038,0.2489,-0.0931,-5.02,-2.28,10.21,-38.06,17.31,-7.19,11.60,0,1.70,0.0993,0.0305,31,0.808,0.698,51.81,0.86,23.816,0
-27.88,17.81,10.75,0.9551,-0.1183,0.2564,-0.0893,-5.69,-2.72,10.56,-15.94,5.06,6.44,12.30,0,1.70,0.1022,0.0361,31,0.808,0.698,51.81,0.86,23.816,0
phase1 acc_mag=11.525 gravity=9.863 motion=1.662 moving_avg=2.290 rms=2.933 mean_rms=2.872 max_rms=3.447 min_rms=2.611 std=0.257 var=0.066 state=standing thr=3.386/3.586/4.086
-27.62,17.56,10.12,0.9570,-0.1165,0.2519,-0.0844,-4.90,-2.65,9.00,8.38,-14.06,8.81,10.58,0,1.70,0.1004,0.0361,31,0.808,0.698,51.81,0.86,23.816,0
-26.88,16.38,9.75,0.9597,-0.1104,0.2451,-0.0822,-4.35,-2.42,7.61,11.31,-12.00,3.25,9.09,0,1.70,0.0977,0.0343,31,0.808,0.698,51.81,0.86,23.816,0
-26.44,15.62,9.75,0.9614,-0.1046,0.2410,-0.0826,-3.81,-2.27,6.90,3.88,0.75,-1.56,8.20,0,1.70,0.0961,0.0322,31,0.808,0.698,51.81,0.86,23.816,0
-27.12,16.00,10.12,0.9593,-0.1061,0.2474,-0.0853,-3.91,-2.26,6.88,-9.69,20.88,-8.12,8.23,0,1.70,0.0985,0.0323,32,0.688,0.999,87.08,1.45,24.505,0
phase1 acc_mag=8.558 gravity=9.409 motion=0.851 moving_avg=2.223 rms=2.905 mean_rms=2.928 max_rms=3.447 min_rms=2.627 std=0.228 var=0.052 state=standing thr=3.384/3.584/4.084
-28.62,17.62,10.81,0.9532,-0.1157,0.2641,-0.0912,-5.20,-2.67,7.60,-13.75,21.19,-10.50,9.59,0,1.70,0.1049,0.0345,32,0.688,0.999,87.08,1.45,24.505,0
-29.31,19.88,11.75,0.9488,-0.1285,0.2714,-0.0979,-4.97,-2.72,8.60,-25.62,10.19,-26.12,10.30,0,1.70,0.1080,0.0381,32,0.688,0.999,87.08,1.45,24.505,0
-28.88,22.00,12.50,0.9460,-0.1440,0.2711,-0.1038,-5.65,-2.47,9.42,-11.38,-21.19,-10.06,11.26,0,1.70,0.1086,0.0432,32,0.688,0.999,87.08,1.45,24.505,0
phase1 acc_mag=14.383 gravity=9.917 motion=4.467 moving_avg=2.388 rms=3.060 mean_rms=2.988 max_rms=3.447 min_rms=2.659 std=0.178 var=0.032 state=standing thr=3.344/3.544/4.044
-27.50,21.81,12.69,0.9493,-0.1438,0.2583,-0.1064,-6.15,-2.92,12.67,17.81,-14.81,-4.81,14.38,0,1.70,0.1042,0.0436,32,0.688,0.999,87.08,1.45,24.505,0
-26.19,14.75,11.00,0.9617,-0.0958,0.2391,-0.0931,-8.53,-4.86,10.46,109.38,-12.00,69.44,14.35,0,1.70,0.0956,0.0279,32,0.688,0.999,87.08,1.45,24.505,0
-24.38,5.06,8.50,0.9738,-0.0254,0.2141,-0.0724,-3.79,-0.29,5.75,113.81,-63.88,56.50,6.89,0,1.70,0.0841,0.0037,32,0.688,0.999,87.08,1.45,24.505,0
-19.62,-0.94,7.69,0.9839,0.0247,0.1645,-0.0657,0.67,1.36,1.18,60.12,-59.38,20.56,1.92,2,0.20,0.0641,-0.0140,33,0.818,1.538,112.78,1.88,25.323,0
phase1 acc_mag=2.216 gravity=9.003 motion=6.786 moving_avg=2.729 rms=3.528 mean_rms=3.058 max_rms=3.528 min_rms=2.879 std=0.188 var=0.035 state=slow thr=3.435/3.635/4.135
-17.81,-2.56,7.44,0.9855,0.0321,0.1533,-0.0645,-0.03,1.20,2.55,-12.88,1.31,-5.81,2.82,0,1.70,0.0596,-0.0166,33,0.818,1.538,112.78,1.88,25.323,0
-20.12,1.19,8.69,0.9806,-0.0037,0.1805,-0.0766,-3.98,-1.07,7.81,-67.44,57.69,-35.75,8.83,0,1.70,0.0709,-0.0041,33,0.818,1.538,112.78,1.88,25.323,0
-23.25,7.25,10.31,0.9736,-0.0409,0.2067,-0.0880,-5.20,-1.58,10.77,-49.69,22.06,-24.06,12.06,0,1.70,0.0819,0.0087,33,0.818,1.538,112.78,1.88,25.323,0
-23.56,10.31,11.12,0.9704,-0.0641,0.2125,-0.0949,-5.44,-1.81,11.15,-32.62,-1.44,-17.19,12.54,0,1.70,0.0849,0.0168,33,0.818,1.538,112.78,1.88,25.323,0
phase1 acc_mag=11.826 gravity=9.888 motion=1.938 moving_avg=2.458 rms=3.134 mean_rms=3.045 max_rms=3.545 min_rms=2.879 std=0.181 var=0.033 state=standing thr=3.408/3.608/4.108
-23.19,11.75,11.00,0.9701,-0.0763,0.2106,-0.0935,-4.18,-1.58,10.44,-14.31,-4.94,3.38,11.36,0,1.70,0.0846,0.0217,33,0.818,1.538,112.78,1.88,25.323,0
-22.94,11.50,10.44,0.9716,-0.0743,0.2066,-0.0879,-4.20,-1.71,9.56,13.44,-12.50,12.94,10.58,0,1.70,0.0829,0.0216,33,0.818,1.538,112.78,1.88,25.323,0
-22.00,10.00,9.62,0.9745,-0.0659,0.1979,-0.0825,-3.86,-1.64,8.30,15.50,-14.69,11.06,9.30,0,1.70,0.0793,0.0191,33,0.818,1.538,112.78,1.88,25.323,0
-21.44,8.81,9.06,0.9769,-0.0573,0.1907,-0.0776,-3.52,-1.51,7.20,6.00,-7.38,5.00,8.16,0,1.70,0.0763,0.0165,33,0.818,1.538,112.78,1.88,25.323,0
phase1 acc_mag=7.345 gravity=9.554 motion=2.209 moving_avg=2.349 rms=3.092 mean_rms=3.083 max_rms=3.545 min_rms=2.879 std=0.172 var=0.030 state=standing thr=3.427/3.627/4.127
-20.88,8.44,9.38,0.9775,-0.0550,0.1870,-0.0806,-2.99,-0.94,6.48,-8.25,11.50,-14.62,7.20,0,1.70,0.0749,0.0155,34,0.712,1.123,94.64,1.58,26.035,0
-22.06,10.12,10.25,0.9730,-0.0687,0.2016,-0.0887,-4.32,-1.81,7.52,-28.06,27.81,-20.12,8.86,0,1.70,0.0809,0.0196,34,0.712,1.123,94.64,1.58,26.035,0
-24.06,13.31,11.06,0.9671,-0.0875,0.2195,-0.0942,-4.03,-1.87,9.25,-27.38,19.56,-10.00,10.26,0,1.70,0.0882,0.0256,34,0.712,1.123,94.64,1.58,26.035,0
-25.06,16.19,11.88,0.9617,-0.1074,0.2315,-0.1002,-4.53,-1.74,11.29,-31.31,14.31,-13.75,12.29,0,1.70,0.0934,0.0320,34,0.712,1.123,94.64,1.58,26.035,0
phase1 acc_mag=12.892 gravity=9.744 motion=3.147 moving_avg=2.463 rms=3.154 mean_rms=3.130 max_rms=3.545 min_rms=2.879 std=0.145 var=0.021 state=standing thr=3.419/3.619/4.119
-25.06,18.12,12.25,0.9590,-0.1222,0.2342,-0.1031,-5.89,-2.64,13.75,-13.81,-10.19,-0.94,15.19,0,1.70,0.0949,0.0372,34,0.712,1.123,94.64,1.58,26.035,0
-23.88,16.94,11.31,0.9650,-0.1119,0.2181,-0.0929,-9.64,-5.13,13.44,48.44,-42.19,40.06,17.32,0,1.70,0.0884,0.0351,34,0.712,1.123,94.64,1.58,26.035,0
-20.06,7.44,8.38,0.9800,-0.0491,0.1791,-0.0719,-3.91,-1.98,5.74,112.50,-72.88,49.00,7.22,0,1.70,0.0716,0.0141,34,0.712,1.123,94.64,1.58,26.035,0
-15.00,-0.62,5.56,0.9902,0.0123,0.1301,-0.0486,0.68,0.79,1.74,70.56,-54.88,52.69,2.03,0,1.70,0.0513,-0.0074,35,0.852,1.667,117.42,1.96,26.887,0
phase1 acc_mag=2.380 gravity=9.269 motion=6.889 moving_avg=3.027 rms=3.789 mean_rms=3.254 max_rms=3.789 min_rms=3.079 std=0.199 var=0.040 state=slow thr=3.652/3.852/4.352
-13.81,-2.81,3.69,0.9917,0.0277,0.1215,-0.0311,0.56,1.09,3.21,-9.69,21.38,10.62,3.44,0,1.70,0.0478,-0.0125,35,0.852,1.667,117.42,1.96,26.887,0
-17.12,0.25,4.12,0.9882,0.0033,0.1489,-0.0360,-3.08,-0.78,7.47,-72.75,78.12,-39.00,8.12,0,1.70,0.0588,-0.0034,35,0.852,1.667,117.42,1.96,26.887,0
-21.44,6.31,6.31,0.9785,-0.0461,0.1929,-0.0560,-5.66,-2.46,10.26,-46.94,45.88,-30.75,11.97,0,1.70,0.0765,0.0137,35,0.852,1.667,117.42,1.96,26.887,0
-23.75,10.38,7.94,0.9724,-0.0704,0.2122,-0.0678,-4.74,-1.62,10.22,-35.12,25.75,-24.44,11.38,0,1.70,0.0844,0.0216,35,0.852,1.667,117.42,1.96,26.887,0
phase1 acc_mag=11.963 gravity=9.871 motion=2.092 moving_avg=2.575 rms=3.239 mean_rms=3.318 max_rms=3.859 min_rms=3.079 std=0.263 var=0.069 state=standing thr=3.843/4.043/4.543
-24.56,12.69,8.75,0.9678,-0.0887,0.2231,-0.0750,-4.90,-1.81,11.03,-28.56,16.12,-14.00,12.20,0,1.70,0.0890,0.0277,35,0.852,1.667,117.42,1.96,26.887,0
-24.88,14.38,9.19,0.9661,-0.0990,0.2252,-0.0782,-5.36,-2.24,10.54,-8.12,-3.31,-5.12,12.03,0,1.70,0.0901,0.0312,35,0.852,1.667,117.42,1.96,26.887,0
-23.69,13.75,9.31,0.9687,-0.0952,0.2153,-0.0790,-4.08,-1.93,8.13,13.12,-18.94,0.62,9.30,0,1.70,0.0864,0.0301,35,0.852,1.667,117.42,1.96,26.887,0
phase1 acc_mag=7.754 gravity=9.623 motion=1.869 moving_avg=2.426 rms=3.154 mean_rms=3.329 max_rms=3.859 min_rms=3.083 std=0.255 var=0.065 state=standing thr=3.839/4.039/4.539
-22.81,12.81,9.25,0.9713,-0.0883,0.2065,-0.0787,-3.33,-1.79,6.77,7.56,-7.25,1.38,7.75,0,1.70,0.0830,0.0278,36,0.689,1.106,96.31,1.61,27.576,1
-23.94,13.38,9.31,0.9686,-0.0917,0.2172,-0.0792,-3.96,-2.00,6.95,-8.31,22.31,0.81,8.25,0,1.70,0.0870,0.0287,36,0.689,1.106,96.31,1.61,27.576,0
-26.06,14.50,9.50,0.9635,-0.0971,0.2361,-0.0804,-4.29,-1.32,8.13,-13.75,32.94,-1.69,9.29,0,1.70,0.0941,0.0298,36,0.689,1.106,96.31,1.61,27.576,0
-28.00,16.12,9.56,0.9578,-0.1066,0.2543,-0.0804,-5.41,-1.92,10.88,-15.81,18.69,-6.12,12.30,0,1.70,0.1009,0.0327,36,0.689,1.106,96.31,1.61,27.576,0
phase1 acc_mag=13.002 gravity=9.828 motion=3.173 moving_avg=2.484 rms=3.176 mean_rms=3.340 max_rms=3.859 min_rms=3.109 std=0.246 var=0.061 state=standing thr=3.833/4.033/4.533
-27.94,17.12,9.25,0.9571,-0.1154,0.2542,-0.0776,-6.58,-3.36,13.20,-6.69,-31.06,18.31,15.13,0,1.70,0.1009,0.0363,36,0.689,1.106,96.31,1.61,27.576,0
-25.00,13.38,7.75,0.9676,-0.0931,0.2252,-0.0659,-7.58,-4.05,12.25,61.44,-64.81,28.94,14.96,0,1.70,0.0896,0.0301,36,0.689,1.106,96.31,1.61,27.576,0
-20.06,6.81,5.88,0.9833,-0.0411,0.1705,-0.0481,-4.29,-2.27,7.46,81.12,-85.88,46.19,8.90,0,1.70,0.0678,0.0129,36,0.689,1.106,96.31,1.61,27.576,0
-14.69,-0.19,4.19,0.9911,0.0068,0.1277,-0.0364,-1.29,1.02,2.77,74.50,-47.62,7.38,3.22,0,1.70,0.0505,-0.0045,37,0.815,1.646,121.21,2.02,28.391,0
phase1 acc_mag=2.595 gravity=9.679 motion=7.084 moving_avg=2.974 rms=3.668 mean_rms=3.411 max_rms=3.859 min_rms=3.148 std=0.234 var=0.055 state=standing thr=3.878/4.078/4.578
-13.50,-2.19,3.44,0.9922,0.0236,0.1189,-0.0295,0.90,1.24,2.70,8.06,19.06,10.19,3.10,0,1.70,0.0469,-0.0108,37,0.815,1.646,121.21,2.02,28.391,0
-16.44,-0.81,3.44,0.9892,0.0114,0.1431,-0.0302,-1.31,0.52,5.47,-47.19,57.38,-25.50,5.65,0,1.70,0.0565,-0.0062,37,0.815,1.646,121.21,2.02,28.391,0
-20.44,5.12,6.19,0.9803,-0.0399,0.1848,-0.0574,-5.31,-1.92,9.05,-70.75,58.06,-60.75,10.67,0,1.70,0.0734,0.0114,37,0.815,1.646,121.21,2.02,28.391,0
-22.75,10.75,9.06,0.9731,-0.0721,0.2048,-0.0776,-5.43,-2.18,11.08,-53.94,32.06,-35.62,12.53,0,1.70,0.0819,0.0217,37,0.815,1.646,121.21,2.02,28.391,0
phase1 acc_mag=13.139 gravity=9.672 motion=3.467 moving_avg=2.553 rms=3.137 mean_rms=3.385 max_rms=3.859 min_rms=3.137 std=0.224 var=0.050 state=standing thr=3.832/4.032/4.532
-24.25,14.38,9.62,0.9669,-0.0983,0.2210,-0.0818,-5.09,-2.28,11.58,-27.62,16.31,-1.75,12.85,0,1.70,0.0887,0.0308,37,0.815,1.646,121.21,2.02,28.391,0
-24.56,15.25,9.25,0.9657,-0.1060,0.2239,-0.0778,-4.33,-1.95,9.83,-3.38,-4.19,5.50,10.92,0,1.70,0.0898,0.0340,37,0.815,1.646,121.21,2.02,28.391,0
-24.00,14.38,8.69,0.9679,-0.1006,0.2182,-0.0739,-3.89,-1.85,7.94,12.75,-12.06,12.94,9.03,0,1.70,0.0875,0.0325,37,0.815,1.646,121.21,2.02,28.391,0
phase1 acc_mag=7.707 gravity=9.709 motion=2.002 moving_avg=2.426 rms=3.072 mean_rms=3.294 max_rms=3.686 min_rms=3.072 std=0.202 var=0.041 state=standing thr=3.698/3.898/4.398
-23.75,13.62,8.19,0.9693,-0.0959,0.2156,-0.0695,-3.43,-1.95,6.62,-0.94,5.06,3.62,7.71,0,1.70,0.0863,0.0312,38,0.716,1.187,99.50,1.66,29.107,1
-25.00,14.19,8.19,0.9660,-0.1000,0.2279,-0.0697,-3.43,-1.85,6.57,-7.50,18.12,-3.81,7.64,0,1.70,0.0909,0.0323,38,0.716,1.187,99.50,1.66,29.107,0
-26.81,16.25,9.06,0.9603,-0.1108,0.2441,-0.0765,-4.86,-2.38,8.51,-15.75,28.94,-13.06,10.08,0,1.70,0.0972,0.0351,38,0.716,1.187,99.50,1.66,29.107,0
-27.94,17.94,9.56,0.9558,-0.1213,0.2555,-0.0801,-4.52,-1.95,10.46,-26.38,18.88,-8.38,11.56,0,1.70,0.1016,0.0382,38,0.716,1.187,99.50,1.66,29.107,0
phase1 acc_mag=14.825 gravity=9.723 motion=5.103 moving_avg=2.500 rms=3.145 mean_rms=3.271 max_rms=3.686 min_rms=3.064 std=0.218 var=0.048 state=standing thr=3.707/3.907/4.407
-27.50,20.19,10.56,0.9530,-0.1374,0.2552,-0.0883,-6.08,-1.99,14.00,-7.50,-26.06,-19.06,15.39,0,1.70,0.1021,0.0434,38,0.716,1.187,99.50,1.66,29.107,0
-24.75,19.88,10.69,0.9606,-0.1376,0.2252,-0.0873,-8.45,-4.90,12.21,21.88,-83.19,25.00,15.64,0,1.70,0.0913,0.0450,38,0.716,1.187,99.50,1.66,29.107,0
-19.38,14.50,9.50,0.9746,-0.1066,0.1793,-0.0811,-4.30,-2.84,4.95,81.31,-71.00,26.06,7.15,0,1.70,0.0734,0.0357,38,0.716,1.187,99.50,1.66,29.107,0
-16.38,9.25,7.25,0.9857,-0.0630,0.1443,-0.0594,-1.39,-1.16,2.56,67.69,-41.62,45.75,3.14,0,1.70,0.0584,0.0214,39,0.837,1.744,125.00,2.08,29.944,0
phase1 acc_mag=2.325 gravity=9.620 motion=7.295 moving_avg=3.097 rms=3.789 mean_rms=3.339 max_rms=3.789 min_rms=3.064 std=0.240 var=0.058 state=standing thr=3.820/4.020/4.520
-15.69,5.88,5.19,0.9883,-0.0440,0.1390,-0.0448,-0.01,-0.46,2.89,4.25,16.00,15.25,2.93,0,1.70,0.0557,0.0149,39,0.837,1.744,125.00,2.08,29.944,0
-18.75,7.50,5.44,0.9822,-0.0585,0.1713,-0.0500,-2.89,-1.07,5.99,-35.00,56.19,-25.31,6.74,0,1.70,0.0685,0.0196,39,0.837,1.744,125.00,2.08,29.944,0
-21.88,12.00,7.62,0.9744,-0.0861,0.1973,-0.0651,-4.15,-2.25,10.55,-58.75,54.31,-22.88,11.56,0,1.70,0.0792,0.0284,39,0.837,1.744,125.00,2.08,29.944,0
-25.38,17.50,8.62,0.9606,-0.1273,0.2360,-0.0731,-5.81,-3.27,11.88,-45.56,41.88,-8.69,13.62,0,1.70,0.0944,0.0420,39,0.837,1.744,125.00,2.08,29.944,0
phase1 acc_mag=13.765 gravity=9.508 motion=4.258 moving_avg=2.983 rms=3.617 mean_rms=3.398 max_rms=3.874 min_rms=3.064 std=0.304 var=0.092 state=standing thr=4.006/4.206/4.706
-27.12,19.94,7.75,0.9559,-0.1429,0.2488,-0.0627,-5.42,-3.00,10.81,-25.12,5.12,25.88,12.46,0,1.70,0.0987,0.0484,39,0.837,1.744,125.00,2.08,29.944,0
-27.06,19.19,5.88,0.9586,-0.1389,0.2439,-0.0481,-4.82,-2.18,9.35,12.19,-17.38,17.69,10.74,0,1.70,0.0962,0.0486,39,0.837,1.744,125.00,2.08,29.944,0
-26.06,17.00,4.75,0.9631,-0.1270,0.2336,-0.0402,-4.75,-2.68,8.25,27.31,-25.38,22.06,9.89,0,1.70,0.0920,0.0452,39,0.837,1.744,125.00,2.08,29.944,0
-24.81,14.50,3.75,0.9695,-0.1062,0.2191,-0.0298,-4.52,-2.26,7.78,39.00,-19.44,34.88,9.28,0,1.70,0.0862,0.0386,39,0.837,1.744,125.00,2.08,29.944,0
phase1 acc_mag=6.838 gravity=9.745 motion=2.907 moving_avg=2.629 rms=3.361 mean_rms=3.401 max_rms=3.874 min_rms=3.064 std=0.288 var=0.083 state=standing thr=3.976/4.176/4.676
-24.62,12.00,2.12,0.9716,-0.0936,0.2166,-0.0181,-3.13,-1.67,6.21,3.62,-2.62,17.81,7.15,0,1.70,0.0849,0.0348,40,0.745,1.140,91.88,1.53,30.688,0
-25.50,12.50,2.19,0.9688,-0.0984,0.2267,-0.0198,-2.82,-1.45,5.99,-17.56,34.44,-11.50,6.78,0,1.70,0.0886,0.0363,40,0.745,1.140,91.88,1.53,30.688,0
-27.81,15.00,3.44,0.9624,-0.1116,0.2460,-0.0289,-4.84,-1.94,7.57,-20.88,33.94,-21.75,9.19,0,1.70,0.0960,0.0401,40,0.745,1.140,91.88,1.53,30.688,0
phase1 acc_mag=11.933 gravity=9.518 motion=2.415 moving_avg=2.722 rms=3.417 mean_rms=3.466 max_rms=3.874 min_rms=3.064 std=0.243 var=0.059 state=standing thr=3.952/4.152/4.652
-29.00,18.12,4.81,0.9551,-0.1342,0.2606,-0.0419,-5.06,-2.43,10.53,-26.00,20.38,-24.75,11.93,0,1.70,0.1018,0.0469,40,0.745,1.140,91.88,1.53,30.688,0
-28.94,21.62,6.06,0.9507,-0.1556,0.2632,-0.0505,-8.23,-4.20,14.87,-15.19,4.06,-36.62,17.51,0,1.70,0.1032,0.0539,40,0.745,1.140,91.88,1.53,30.688,0
-25.88,18.62,6.38,0.9608,-0.1365,0.2352,-0.0540,-7.94,-4.18,10.52,72.25,-82.38,7.00,13.83,0,1.70,0.0933,0.0474,40,0.745,1.140,91.88,1.53,30.688,0
-20.62,11.31,5.56,0.9796,-0.0794,0.1788,-0.0460,-3.12,-2.15,5.30,77.25,-73.19,27.81,6.52,0,1.70,0.0715,0.0278,40,0.745,1.140,91.88,1.53,30.688,0
phase1 acc_mag=4.694 gravity=9.844 motion=5.150 moving_avg=3.148 rms=3.841 mean_rms=3.607 max_rms=3.963 min_rms=3.349 std=0.198 var=0.039 state=standing thr=4.003/4.203/4.703
-18.06,6.06,3.69,0.9857,-0.0458,0.1591,-0.0321,-1.28,-0.35,2.97,57.75,-19.50,36.56,3.25,0,1.70,0.0633,0.0160,41,0.856,1.661,116.50,1.94,31.544,0
-17.81,4.12,2.50,0.9868,-0.0323,0.1573,-0.0211,0.58,1.69,3.12,-9.00,17.19,7.38,3.60,0,1.70,0.0624,0.0114,41,0.856,1.661,116.50,1.94,31.544,0
-20.25,6.69,2.88,0.9824,-0.0515,0.1780,-0.0250,-3.32,0.32,6.87,-47.00,45.75,-25.56,7.64,0,1.70,0.0705,0.0184,41,0.856,1.661,116.50,1.94,31.544,0
-21.94,11.06,4.75,0.9755,-0.0875,0.1973,-0.0425,-5.47,-2.97,12.56,-51.50,28.75,-28.62,14.02,0,1.70,0.0785,0.0308,41,0.856,1.661,116.50,1.94,31.544,0
phase1 acc_mag=13.865 gravity=9.674 motion=4.191 moving_avg=3.110 rms=3.747 mean_rms=3.675 max_rms=4.112 min_rms=3.361 std=0.237 var=0.056 state=standing thr=4.150/4.350/4.850
-23.06,13.44,5.31,0.9719,-0.1016,0.2074,-0.0457,-4.96,-2.37,11.10,-15.06,13.12,-4.75,12.39,0,1.70,0.0825,0.0357,41,0.856,1.661,116.50,1.94,31.544,0
-23.44,13.38,5.06,0.9718,-0.0999,0.2091,-0.0432,-3.78,-1.47,8.48,8.12,-3.19,10.12,9.40,0,1.70,0.0830,0.0352,41,0.856,1.661,116.50,1.94,31.544,0
-23.12,12.44,4.56,0.9735,-0.0930,0.2053,-0.0385,-3.15,-1.70,7.29,10.31,-7.69,8.25,8.12,0,1.70,0.0814,0.0331,41,0.856,1.661,116.50,1.94,31.544,0
phase1 acc_mag=7.698 gravity=9.519 motion=1.820 moving_avg=2.705 rms=3.427 mean_rms=3.634 max_rms=4.112 min_rms=3.361 std=0.232 var=0.054 state=standing thr=4.098/4.298/4.798
-23.19,12.06,4.31,0.9736,-0.0912,0.2062,-0.0371,-2.93,-1.79,6.89,-6.50,9.50,-1.56,7.70,0,1.70,0.0816,0.0325,42,0.717,1.426,119.28,1.99,32.261,0
-25.31,14.12,4.44,0.9678,-0.1055,0.2252,-0.0380,-4.38,-2.34,7.80,-24.94,32.31,-5.44,9.25,0,1.70,0.0888,0.0374,42,0.717,1.426,119.28,1.99,32.261,0
-27.00,15.75,4.62,0.9628,-0.1163,0.2406,-0.0390,-4.51,-2.00,8.21,-12.31,19.38,1.06,9.58,0,1.70,0.0945,0.0410,42,0.717,1.426,119.28,1.99,32.261,0
-28.50,17.19,4.69,0.9573,-0.1272,0.2565,-0.0399,-4.78,-2.16,8.69,-21.62,25.62,-5.62,10.15,0,1.70,0.1002,0.0446,42,0.717,1.426,119.28,1.99,32.261,0
phase1 acc_mag=10.909 gravity=9.507 motion=1.401 moving_avg=2.600 rms=3.384 mean_rms=3.631 max_rms=4.112 min_rms=3.370 std=0.234 var=0.055 state=standing thr=4.099/4.299/4.799
-29.94,18.94,5.25,0.9527,-0.1355,0.2686,-0.0437,-5.76,-2.26,9.76,-8.00,19.62,-5.19,11.56,0,1.70,0.1047,0.0469,42,0.717,1.426,119.28,1.99,32.261,0
-30.69,19.31,5.44,0.9505,-0.1365,0.2754,-0.0453,-6.31,-2.22,11.80,-4.12,3.31,-4.94,13.56,0,1.70,0.1072,0.0469,42,0.717,1.426,119.28,1.99,32.261,0
-29.25,18.19,5.56,0.9550,-0.1298,0.2625,-0.0466,-7.25,-3.00,12.67,25.88,-40.00,-2.81,14.90,0,1.70,0.1027,0.0447,42,0.717,1.426,119.28,1.99,32.261,0
-25.31,13.88,5.12,0.9697,-0.0966,0.2201,-0.0448,-5.83,-4.19,10.00,70.12,-68.50,1.75,12.31,0,1.70,0.0871,0.0335,42,0.717,1.426,119.28,1.99,32.261,0
phase1 acc_mag=9.256 gravity=10.310 motion=1.053 moving_avg=2.828 rms=3.530 mean_rms=3.644 max_rms=4.112 min_rms=3.374 std=0.227 var=0.051 state=standing thr=4.097/4.297/4.797
-21.19,8.00,6.12,0.9791,-0.0565,0.1880,-0.0526,-2.24,-1.54,4.87,47.56,-52.06,6.44,5.58,0,1.70,0.0748,0.0182,42,0.717,1.426,119.28,1.99,32.261,0
-19.81,5.50,5.56,0.9830,-0.0345,0.1743,-0.0461,0.20,1.11,1.54,33.81,0.19,30.50,1.91,2,0.20,0.0692,0.0104,43,0.793,1.200,90.77,1.51,33.054,0
-21.06,4.00,4.12,0.9819,-0.0269,0.1841,-0.0356,0.25,1.12,2.76,-8.31,33.81,8.50,2.99,0,1.70,0.0727,0.0079,43,0.793,1.200,90.77,1.51,33.054,0
-23.94,7.88,5.19,0.9738,-0.0599,0.2143,-0.0470,-5.49,-1.85,7.98,-56.12,38.62,-39.75,9.86,0,1.70,0.0846,0.0193,43,0.793,1.200,90.77,1.51,33.054,0
phase1 acc_mag=11.732 gravity=9.087 motion=2.645 moving_avg=2.784 rms=3.481 mean_rms=3.579 max_rms=4.112 min_rms=3.355 std=0.205 var=0.042 state=standing thr=3.990/4.190/4.690
-25.69,12.50,7.19,0.9664,-0.0908,0.2322,-0.0634,-5.78,-2.18,11.13,-45.19,32.44,-30.38,12.73,0,1.70,0.0921,0.0292,43,0.793,1.200,90.77,1.51,33.054,0
-27.38,15.94,7.94,0.9604,-0.1101,0.2472,-0.0670,-5.54,-2.26,11.34,-18.94,15.31,-6.12,12.82,0,1.70,0.0979,0.0357,43,0.793,1.200,90.77,1.51,33.054,0
-27.62,16.00,7.81,0.9600,-0.1102,0.2491,-0.0651,-4.26,-1.40,9.53,2.56,-2.12,10.25,10.53,0,1.70,0.0985,0.0358,43,0.793,1.200,90.77,1.51,33.054,0
phase1 acc_mag=9.887 gravity=9.710 motion=0.177 moving_avg=2.352 rms=3.044 mean_rms=3.429 max_rms=3.721 min_rms=3.044 std=0.158 var=0.025 state=standing thr=3.744/3.944/4.444
-27.38,15.19,7.06,0.9617,-0.1061,0.2458,-0.0596,-4.62,-2.04,8.50,14.88,-12.19,12.00,9.89,0,1.70,0.0971,0.0349,43,0.793,1.200,90.77,1.51,33.054,0
-25.81,12.38,6.06,0.9679,-0.0874,0.2300,-0.0516,-3.55,-1.34,7.11,24.56,-26.69,20.19,8.06,0,1.70,0.0909,0.0291,43,0.793,1.200,90.77,1.51,33.054,0
-25.25,11.00,5.25,0.9704,-0.0787,0.2239,-0.0446,-3.73,-1.49,6.93,3.88,-0.56,5.19,8.01,0,1.70,0.0883,0.0266,44,0.725,1.183,97.88,1.63,33.780,0
-26.06,11.25,4.94,0.9683,-0.0818,0.2325,-0.0413,-3.51,-1.33,7.22,-12.88,21.06,4.19,8.14,0,1.70,0.0914,0.0278,44,0.725,1.183,97.88,1.63,33.780,0
phase1 acc_mag=8.605 gravity=9.627 motion=1.022 moving_avg=2.379 rms=3.055 mean_rms=3.334 max_rms=3.721 min_rms=3.043 std=0.201 var=0.040 state=standing thr=3.735/3.935/4.435
-28.44,12.56,5.12,0.9628,-0.0880,0.2517,-0.0433,-4.64,-2.02,8.19,-13.38,40.19,-2.88,9.63,0,1.70,0.0985,0.0295,44,0.725,1.183,97.88,1.63,33.780,0
-30.75,14.25,5.75,0.9548,-0.0995,0.2757,-0.0499,-6.10,-0.33,10.56,-25.38,37.38,-25.00,12.20,0,1.70,0.1073,0.0325,44,0.725,1.183,97.88,1.63,33.780,0
-30.88,16.88,7.69,0.9521,-0.1124,0.2771,-0.0640,-6.97,-1.79,13.95,-10.81,-7.31,-35.06,15.70,0,1.70,0.1084,0.0357,44,0.725,1.183,97.88,1.63,33.780,0
-28.69,15.62,8.50,0.9594,-0.1009,0.2537,-0.0712,-6.47,-2.98,12.70,47.56,-56.62,8.00,14.56,0,1.70,0.1002,0.0315,44,0.725,1.183,97.88,1.63,33.780,0
phase1 acc_mag=11.620 gravity=10.203 motion=1.417 moving_avg=2.874 rms=3.481 mean_rms=3.292 max_rms=3.721 min_rms=3.043 std=0.215 var=0.046 state=standing thr=3.722/3.922/4.422
-25.12,9.69,7.00,0.9709,-0.0649,0.2227,-0.0598,-4.92,-1.92,6.34,75.88,-58.88,47.31,8.25,0,1.70,0.0880,0.0199,44,0.725,1.183,97.88,1.63,33.780,0
-21.19,4.75,5.00,0.9822,-0.0285,0.1812,-0.0417,-1.48,-1.21,2.53,32.06,-53.44,19.62,3.17,0,1.70,0.0717,0.0082,45,0.812,1.577,116.50,1.94,34.592,0
-20.06,3.44,4.25,0.9835,-0.0222,0.1755,-0.0366,-0.46,0.09,3.62,-15.62,18.56,6.88,3.65,0,1.70,0.0694,0.0061,45,0.812,1.577,116.50,1.94,34.592,0
-22.75,6.00,4.56,0.9782,-0.0413,0.1996,-0.0394,-3.06,-0.43,7.08,-37.75,48.06,-18.06,7.72,0,1.70,0.0787,0.0130,45,0.812,1.577,116.50,1.94,34.592,0
phase1 acc_mag=9.558 gravity=8.853 motion=0.705 moving_avg=2.946 rms=3.683 mean_rms=3.321 max_rms=3.797 min_rms=3.043 std=0.250 var=0.063 state=standing thr=3.821/4.021/4.521
-25.69,9.56,6.00,0.9703,-0.0652,0.2271,-0.0510,-6.06,-1.90,10.39,-33.25,35.62,-25.75,12.18,0,1.70,0.0895,0.0207,45,0.812,1.577,116.50,1.94,34.592,0
-26.94,11.75,6.81,0.9659,-0.0799,0.2394,-0.0575,-4.93,-1.71,10.02,-14.94,15.12,-9.38,11.30,0,1.70,0.0943,0.0254,45,0.812,1.577,116.50,1.94,34.592,0
-27.69,13.00,7.00,0.9627,-0.0894,0.2484,-0.0594,-4.37,-1.42,9.49,-14.12,14.94,-4.75,10.54,0,1.70,0.0978,0.0285,45,0.812,1.577,116.50,1.94,34.592,0
-29.06,13.56,6.88,0.9598,-0.0911,0.2590,-0.0581,-5.00,-1.56,8.97,-1.25,17.06,7.19,10.39,0,1.70,0.1015,0.0290,45,0.812,1.577,116.50,1.94,34.592,0
phase1 acc_mag=10.013 gravity=9.688 motion=0.325 moving_avg=2.334 rms=3.028 mean_rms=3.265 max_rms=3.797 min_rms=3.028 std=0.236 var=0.056 state=standing thr=3.737/3.937/4.437
-29.69,13.38,6.75,0.9587,-0.0895,0.2640,-0.0568,-4.90,-1.74,7.80,0.38,5.06,1.12,9.37,0,1.70,0.1033,0.0283,45,0.812,1.577,116.50,1.94,34.592,0
-29.56,13.81,7.19,0.9584,-0.0919,0.2634,-0.0606,-4.28,-2.07,6.89,-3.62,-4.69,-17.44,8.37,0,1.70,0.1032,0.0288,45,0.812,1.577,116.50,1.94,34.592,0
-29.81,15.00,8.19,0.9554,-0.1006,0.2688,-0.0687,-4.50,-1.80,6.80,-26.12,19.81,-6.56,8.35,0,1.70,0.1055,0.0311,45,0.812,1.577,116.50,1.94,34.592,0
-32.00,17.56,8.50,0.9483,-0.1136,0.2879,-0.0706,-5.38,-1.86,8.40,-21.44,33.69,-9.56,10.15,0,1.70,0.1124,0.0350,45,0.812,1.577,116.50,1.94,34.592,0
phase1 acc_mag=10.737 gravity=9.366 motion=1.371 moving_avg=2.227 rms=2.965 mean_rms=3.234 max_rms=3.797 min_rms=2.959 std=0.260 var=0.067 state=standing thr=3.753/3.953/4.453
-33.19,19.69,9.38,0.9417,-0.1267,0.3018,-0.0787,-6.42,-1.92,10.74,-19.12,18.81,-21.88,12.66,0,1.70,0.1177,0.0382,45,0.812,1.577,116.50,1.94,34.592,0
-31.94,20.00,11.31,0.9432,-0.1247,0.2933,-0.0936,-8.97,-2.70,13.51,45.38,-44.50,-8.50,16.44,0,1.70,0.1153,0.0361,45,0.812,1.577,116.50,1.94,34.592,0
-27.56,11.75,10.69,0.9622,-0.0711,0.2472,-0.0901,-6.56,-3.01,8.77,100.50,-70.38,31.69,11.36,0,1.70,0.0977,0.0185,45,0.812,1.577,116.50,1.94,34.592,0
phase1 acc_mag=5.443 gravity=10.099 motion=4.656 moving_avg=2.774 rms=3.515 mean_rms=3.282 max_rms=3.797 min_rms=2.959 std=0.258 var=0.067 state=standing thr=3.799/3.999/4.499
-23.12,4.19,9.38,0.9769,-0.0131,0.1982,-0.0781,-3.16,-0.33,4.42,75.25,-65.50,26.62,5.44,0,1.70,0.0779,-0.0011,46,0.818,0.793,58.20,0.97,35.409,0
-21.12,0.75,7.31,0.9808,0.0041,0.1851,-0.0615,-0.64,0.79,3.53,-15.12,13.19,11.81,3.67,0,1.70,0.0725,-0.0062,46,0.818,0.793,58.20,0.97,35.409,0
-23.25,2.69,6.69,0.9775,-0.0103,0.2027,-0.0576,-3.68,0.00,7.80,-36.75,28.44,-4.75,8.62,0,1.70,0.0795,-0.0006,46,0.818,0.793,58.20,0.97,35.409,0
-24.38,5.75,7.75,0.9740,-0.0323,0.2144,-0.0662,-4.84,-0.89,9.89,-31.12,13.19,-17.50,11.05,0,1.70,0.0844,0.0069,46,0.818,0.793,58.20,0.97,35.409,0
phase1 acc_mag=11.523 gravity=9.037 motion=2.486 moving_avg=2.728 rms=3.550 mean_rms=3.345 max_rms=3.797 min_rms=2.959 std=0.295 var=0.087 state=standing thr=3.935/4.135/4.635
-25.12,8.31,8.38,0.9709,-0.0512,0.2227,-0.0714,-4.61,-0.87,9.49,-20.12,9.06,-6.25,10.59,0,1.70,0.0879,0.0135,46,0.818,0.793,58.20,0.97,35.409,0
-25.44,10.12,8.38,0.9689,-0.0671,0.2273,-0.0706,-3.96,-1.05,8.61,-21.31,3.25,-0.88,9.53,0,1.70,0.0900,0.0196,46,0.818,0.793,58.20,0.97,35.409,0
-26.25,11.44,7.81,0.9669,-0.0760,0.2342,-0.0663,-4.19,-1.44,8.38,-9.50,12.81,9.12,9.48,0,1.70,0.0926,0.0232,46,0.818,0.793,58.20,0.97,35.409,0
-27.06,11.56,7.62,0.9654,-0.0766,0.2410,-0.0644,-4.54,-1.45,7.90,1.06,15.69,1.38,9.23,0,1.70,0.0950,0.0234,46,0.818,0.793,58.20,0.97,35.409,0
phase1 acc_mag=9.193 gravity=9.760 motion=0.567 moving_avg=1.994 rms=2.884 mean_rms=3.231 max_rms=3.796 min_rms=2.884 std=0.273 var=0.075 state=standing thr=3.777/3.977/4.477
-27.88,12.12,7.62,0.9626,-0.0812,0.2498,-0.0652,-4.47,-1.84,7.54,-16.12,16.56,-11.19,8.96,0,1.70,0.0983,0.0248,46,0.818,0.793,58.20,0.97,35.409,0
-28.94,13.75,8.19,0.9584,-0.0920,0.2610,-0.0695,-4.93,-1.95,7.70,-18.69,21.94,-11.00,9.35,0,1.70,0.1026,0.0280,46,0.818,0.793,58.20,0.97,35.409,0
-30.06,15.94,8.81,0.9532,-0.1061,0.2728,-0.0750,-4.94,-1.94,8.51,-27.44,22.25,-17.56,10.03,0,1.70,0.1072,0.0323,46,0.818,0.793,58.20,0.97,35.409,0
-31.19,18.12,9.62,0.9486,-0.1163,0.2833,-0.0801,-5.57,-2.08,9.31,-15.00,19.25,-9.12,11.05,0,1.70,0.1112,0.0351,46,0.818,0.793,58.20,0.97,35.409,0
phase1 acc_mag=11.107 gravity=9.566 motion=1.541 moving_avg=1.950 rms=2.858 mean_rms=3.169 max_rms=3.796 min_rms=2.840 std=0.312 var=0.097 state=standing thr=3.793/3.993/4.493
-31.94,19.06,9.94,0.9456,-0.1216,0.2906,-0.0822,-5.55,-2.11,8.75,-1.06,7.00,-3.50,10.57,0,1.70,0.1139,0.0364,46,0.818,0.793,58.20,0.97,35.409,0
-32.06,19.19,10.12,0.9449,-0.1218,0.2920,-0.0840,-5.05,-2.15,7.78,0.75,2.75,-3.94,9.52,0,1.70,0.1145,0.0362,46,0.818,0.793,58.20,0.97,35.409,0
-32.19,19.44,10.56,0.9440,-0.1230,0.2935,-0.0878,-5.35,-1.98,8.78,-4.00,0.12,-7.69,10.47,0,1.70,0.1151,0.0361,46,0.818,0.793,58.20,0.97,35.409,0
-31.50,20.19,10.94,0.9442,-0.1283,0.2894,-0.0907,-5.86,-2.64,13.59,0.88,-5.12,-4.19,15.03,0,1.70,0.1140,0.0380,46,0.818,0.793,58.20,0.97,35.409,0
phase1 acc_mag=16.684 gravity=9.929 motion=6.755 moving_avg=2.016 rms=2.981 mean_rms=3.147 max_rms=3.796 min_rms=2.840 std=0.329 var=0.108 state=standing thr=3.805/4.005/4.505
-30.44,18.69,11.12,0.9505,-0.1154,0.2732,-0.0926,-9.04,-4.43,10.81,42.62,-66.00,3.81,14.77,0,1.70,0.1081,0.0338,46,0.818,0.793,58.20,0.97,35.409,0
-25.00,12.75,10.25,0.9665,-0.0833,0.2266,-0.0871,-4.00,-2.55,5.40,72.12,-91.75,37.12,7.19,0,1.70,0.0905,0.0243,46,0.818,0.793,58.20,0.97,35.409,0
-20.19,7.00,8.50,0.9799,-0.0454,0.1798,-0.0732,0.15,-0.05,0.85,36.94,-50.75,18.38,0.86,2,0.20,0.0718,0.0125,47,0.824,0.648,47.21,0.79,36.233,0
-19.38,5.38,8.06,0.9822,-0.0331,0.1713,-0.0696,1.59,1.82,1.47,16.25,22.00,17.81,2.83,0,1.70,0.0682,0.0082,47,0.824,0.648,47.21,0.79,36.233,0
phase1 acc_mag=3.469 gravity=9.077 motion=5.608 moving_avg=2.166 rms=3.267 mean_rms=3.072 max_rms=3.796 min_rms=2.730 std=0.310 var=0.096 state=standing thr=3.692/3.892/4.392
-24.38,9.62,8.75,0.9712,-0.0618,0.2177,-0.0747,-6.11,-1.73,8.90,-63.38,73.12,-30.44,10.93,0,1.70,0.0864,0.0175,47,0.824,0.648,47.21,0.79,36.233,0
-26.62,14.06,10.00,0.9616,-0.0945,0.2430,-0.0857,-7.48,-2.57,11.34,-27.25,23.06,-19.00,13.83,0,1.70,0.0967,0.0280,47,0.824,0.648,47.21,0.79,36.233,0
-27.06,16.00,10.75,0.9590,-0.1048,0.2474,-0.0905,-5.65,-2.14,10.34,-7.69,5.44,-3.00,11.98,0,1.70,0.0987,0.0312,47,0.824,0.648,47.21,0.79,36.233,0
phase1 acc_mag=10.420 gravity=9.791 motion=0.628 moving_avg=2.162 rms=3.205 mean_rms=2.978 max_rms=3.343 min_rms=2.730 std=0.160 var=0.026 state=standing thr=3.299/3.499/3.999
-27.50,15.25,10.06,0.9597,-0.0981,0.2500,-0.0834,-4.53,-1.69,9.23,12.44,2.00,17.88,10.42,0,1.70,0.0992,0.0293,47,0.824,0.648,47.21,0.79,36.233,0
-27.88,13.62,9.06,0.9612,-0.0874,0.2506,-0.0754,-4.74,-1.92,8.34,12.81,-3.38,16.06,9.78,0,1.70,0.0990,0.0260,47,0.824,0.648,47.21,0.79,36.233,0
-27.75,11.81,7.94,0.9636,-0.0769,0.2470,-0.0670,-4.23,-1.69,7.28,14.81,-6.44,22.19,8.59,0,1.70,0.0973,0.0230,47,0.824,0.648,47.21,0.79,36.233,0
-27.06,11.31,7.81,0.9655,-0.0740,0.2410,-0.0663,-4.00,-1.20,5.99,4.31,-13.19,0.31,7.30,0,1.70,0.0950,0.0222,48,0.723,1.165,96.77,1.61,36.956,0
phase1 acc_mag=7.108 gravity=9.663 motion=2.555 moving_avg=2.302 rms=3.263 mean_rms=3.028 max_rms=3.343 min_rms=2.730 std=0.180 var=0.032 state=standing thr=3.388/3.588/4.088
-26.94,11.38,7.12,0.9654,-0.0784,0.2411,-0.0609,-3.58,-2.03,6.27,-25.00,18.12,-10.06,7.50,0,1.70,0.0950,0.0244,48,0.723,1.165,96.77,1.61,36.956,0
-29.56,14.25,7.56,0.9578,-0.0945,0.2640,-0.0638,-5.68,-2.23,7.80,-49.88,58.75,-25.06,9.90,0,1.70,0.1035,0.0295,48,0.723,1.165,96.77,1.61,36.956,0
-31.94,18.44,8.19,0.9465,-0.1234,0.2900,-0.0687,-6.58,-2.71,10.82,-26.31,25.81,-13.38,12.95,0,1.70,0.1132,0.0388,48,0.723,1.165,96.77,1.61,36.956,0
-32.12,19.69,8.50,0.9453,-0.1293,0.2910,-0.0706,-6.90,-2.62,12.99,7.31,-14.56,-3.56,14.94,0,1.70,0.1137,0.0407,48,0.723,1.165,96.77,1.61,36.956,0
phase1 acc_mag=15.497 gravity=9.979 motion=5.518 moving_avg=2.737 rms=3.564 mean_rms=3.130 max_rms=3.564 min_rms=2.730 std=0.197 var=0.039 state=slow thr=3.523/3.723/4.223
-30.44,17.31,9.88,0.9526,-0.1069,0.2721,-0.0840,-7.98,-3.56,12.53,61.44,-41.31,-9.88,15.28,0,1.70,0.1073,0.0316,48,0.723,1.165,96.77,1.61,36.956,0
-26.31,11.38,10.06,0.9653,-0.0707,0.2363,-0.0851,-5.42,-2.67,7.82,86.94,-88.88,19.62,9.88,0,1.70,0.0936,0.0193,48,0.723,1.165,96.77,1.61,36.956,0
-20.69,4.00,7.94,0.9808,-0.0207,0.1817,-0.0683,-0.92,0.89,1.28,51.31,-76.12,42.56,1.81,2,0.20,0.0718,0.0032,49,0.826,1.701,123.46,2.06,37.782,0
-17.88,2.69,6.50,0.9854,-0.0148,0.1601,-0.0553,1.66,1.04,3.04,-3.38,15.81,7.38,3.62,0,1.70,0.0634,0.0023,49,0.826,1.701,123.46,2.06,37.782,0
phase1 acc_mag=5.659 gravity=9.067 motion=3.408 moving_avg=3.317 rms=4.061 mean_rms=3.337 max_rms=4.137 min_rms=2.730 std=0.323 var=0.104 state=slow thr=3.982/4.182/4.682
-21.06,6.06,7.00,0.9799,-0.0392,0.1863,-0.0601,-5.63,-3.11,10.37,-63.69,44.25,-31.25,12.20,0,1.70,0.0740,0.0109,49,0.826,1.701,123.46,2.06,37.782,0
-23.12,8.25,7.44,0.9750,-0.0547,0.2059,-0.0636,-4.38,-1.02,10.10,-2.25,6.44,1.50,11.06,0,1.70,0.0817,0.0161,49,0.826,1.701,123.46,2.06,37.782,0
-23.94,9.19,7.44,0.9731,-0.0614,0.2129,-0.0634,-3.75,-1.15,7.87,-18.38,13.50,0.44,8.79,0,1.70,0.0844,0.0185,49,0.826,1.701,123.46,2.06,37.782,0
-25.00,10.44,7.31,0.9704,-0.0703,0.2224,-0.0625,-3.58,-1.37,7.35,-18.75,19.31,-4.81,8.29,0,1.70,0.0881,0.0217,50,0.671,1.784,159.57,2.66,38.453,0
phase1 acc_mag=8.006 gravity=9.956 motion=1.950 moving_avg=2.738 rms=3.383 mean_rms=3.493 max_rms=4.137 min_rms=3.060 std=0.327 var=0.107 state=standing thr=4.148/4.348/4.848
-26.19,12.00,7.50,0.9667,-0.0814,0.2339,-0.0637,-4.29,-1.71,7.65,-24.25,25.31,-3.50,8.94,0,1.70,0.0925,0.0255,50,0.671,1.784,159.57,2.66,38.453,0
-27.62,13.50,7.38,0.9619,-0.0935,0.2493,-0.0623,-4.76,-1.90,7.99,-20.69,24.62,-1.81,9.49,0,1.70,0.0982,0.0298,50,0.671,1.784,159.57,2.66,38.453,0
-29.00,15.50,7.69,0.9573,-0.1057,0.2614,-0.0645,-5.49,-2.15,8.47,-14.44,12.19,-0.44,10.32,0,1.70,0.1028,0.0337,50,0.671,1.784,159.57,2.66,38.453,0
-29.50,17.38,8.50,0.9539,-0.1163,0.2672,-0.0714,-5.22,-1.99,8.56,-21.19,15.75,-22.56,10.22,0,1.70,0.1053,0.0368,50,0.671,1.784,159.57,2.66,38.453,0
phase1 acc_mag=10.446 gravity=9.505 motion=0.941 moving_avg=2.390 rms=3.152 mean_rms=3.497 max_rms=4.137 min_rms=3.150 std=0.325 var=0.105 state=standing thr=4.146/4.346/4.846
-30.00,20.25,9.81,0.9484,-0.1344,0.2752,-0.0819,-5.49,-2.94,10.41,-30.94,14.50,-27.38,12.13,0,1.70,0.1088,0.0420,50,0.671,1.784,159.57,2.66,38.453,0
-30.25,22.69,10.88,0.9436,-0.1498,0.2812,-0.0901,-6.39,-3.66,11.38,-13.88,4.12,-12.50,13.55,0,1.70,0.1115,0.0464,50,0.671,1.784,159.57,2.66,38.453,0
-28.81,20.75,11.00,0.9493,-0.1380,0.2673,-0.0915,-6.24,-3.20,11.99,40.25,-37.69,2.06,13.89,0,1.70,0.1066,0.0426,50,0.671,1.784,159.57,2.66,38.453,0
phase1 acc_mag=12.420 gravity=10.470 motion=1.950 moving_avg=2.719 rms=3.374 mean_rms=3.508 max_rms=4.137 min_rms=3.150 std=0.318 var=0.101 state=standing thr=4.144/4.344/4.844
-26.50,16.75,10.69,0.9608,-0.1073,0.2397,-0.0884,-6.91,-4.26,9.40,55.44,-40.25,20.12,12.42,0,1.70,0.0959,0.0328,50,0.671,1.784,159.57,2.66,38.453,0
-22.69,10.12,8.12,0.9758,-0.0644,0.1979,-0.0664,-1.90,-0.06,2.47,49.75,-64.50,42.50,3.12,0,1.70,0.0790,0.0199,51,0.770,1.170,91.19,1.52,39.223,0
-19.00,7.00,5.94,0.9831,-0.0499,0.1686,-0.0513,-0.18,0.69,2.39,7.81,-24.81,12.00,2.49,0,1.70,0.0673,0.0162,51,0.770,1.170,91.19,1.52,39.223,0
-20.38,8.56,5.69,0.9803,-0.0623,0.1807,-0.0487,-2.92,-2.13,5.54,-52.25,56.25,-14.81,6.61,0,1.70,0.0721,0.0209,51,0.770,1.170,91.19,1.52,39.223,0
phase1 acc_mag=9.405 gravity=8.811 motion=0.594 moving_avg=2.992 rms=3.799 mean_rms=3.561 max_rms=4.137 min_rms=3.150 std=0.329 var=0.108 state=standing thr=4.219/4.419/4.919
-23.75,13.38,7.00,0.9703,-0.0963,0.2135,-0.0596,-6.53,-3.45,10.69,-57.94,51.69,-30.00,12.99,0,1.70,0.0852,0.0323,51,0.770,1.170,91.19,1.52,39.223,0
-25.75,16.25,7.62,0.9623,-0.1176,0.2363,-0.0646,-5.65,-2.56,10.45,-28.69,33.50,-7.06,12.15,0,1.70,0.0940,0.0392,51,0.770,1.170,91.19,1.52,39.223,0
-27.12,17.44,7.50,0.9594,-0.1230,0.2460,-0.0631,-4.69,-2.17,9.23,-1.44,6.38,4.25,10.58,0,1.70,0.0975,0.0410,51,0.770,1.170,91.19,1.52,39.223,0
-27.88,17.62,7.31,0.9574,-0.1239,0.2535,-0.0616,-4.58,-2.30,8.19,-4.12,15.00,0.12,9.66,0,1.70,0.1001,0.0412,51,0.770,1.170,91.19,1.52,39.223,0
phase1 acc_mag=9.649 gravity=9.767 motion=0.117 moving_avg=2.495 rms=3.238 mean_rms=3.489 max_rms=4.086 min_rms=3.150 std=0.287 var=0.082 state=standing thr=4.063/4.263/4.763
-28.69,17.44,7.19,0.9564,-0.1213,0.2588,-0.0605,-4.59,-2.08,7.55,8.56,8.00,6.38,9.08,0,1.70,0.1019,0.0401,51,0.770,1.170,91.19,1.52,39.223,0
-29.19,17.31,7.19,0.9553,-0.1196,0.2637,-0.0603,-5.03,-2.28,7.33,-0.25,6.25,1.88,9.18,0,1.70,0.1037,0.0393,51,0.770,1.170,91.19,1.52,39.223,0
-29.75,17.69,7.31,0.9538,-0.1214,0.2680,-0.0612,-4.53,-1.92,7.08,-6.31,7.50,-3.62,8.62,0,1.70,0.1052,0.0398,51,0.770,1.170,91.19,1.52,39.223,0
-30.12,19.19,7.88,0.9504,-0.1319,0.2737,-0.0662,-5.16,-2.88,8.33,-13.38,6.31,-9.56,10.21,0,1.70,0.1075,0.0429,51,0.770,1.170,91.19,1.52,39.223,0
phase1 acc_mag=10.463 gravity=9.671 motion=0.792 moving_avg=2.209 rms=3.075 mean_rms=3.372 max_rms=3.903 min_rms=3.075 std=0.270 var=0.073 state=standing thr=3.911/4.111/4.611
-30.38,20.81,8.62,0.9476,-0.1409,0.2776,-0.0716,-5.37,-1.95,10.26,-19.44,7.38,-15.81,11.74,0,1.70,0.1093,0.0455,51,0.770,1.170,91.19,1.52,39.223,0
-29.88,21.25,8.62,0.9486,-0.1445,0.2722,-0.0716,-6.25,-2.54,13.19,10.62,-21.75,2.38,14.82,0,1.70,0.1074,0.0470,51,0.770,1.170,91.19,1.52,39.223,0
-27.44,18.31,8.12,0.9573,-0.1279,0.2501,-0.0683,-6.88,-3.22,11.08,55.38,-60.62,16.19,13.43,0,1.70,0.0993,0.0421,51,0.770,1.170,91.19,1.52,39.223,0
-22.94,11.62,7.25,0.9733,-0.0823,0.2054,-0.0617,-3.77,-1.91,5.41,69.44,-60.25,21.00,6.87,0,1.70,0.0820,0.0270,51,0.770,1.170,91.19,1.52,39.223,0
phase1 acc_mag=5.414 gravity=10.032 motion=4.619 moving_avg=2.698 rms=3.429 mean_rms=3.391 max_rms=3.903 min_rms=3.075 std=0.264 var=0.070 state=standing thr=3.919/4.119/4.619
-20.62,7.38,6.62,0.9802,-0.0510,0.1829,-0.0570,-1.25,-1.47,2.80,42.56,-20.81,15.44,3.40,0,1.70,0.0729,0.0158,52,0.783,0.758,58.08,0.97,40.006,0
-20.81,5.75,5.94,0.9809,-0.0387,0.1836,-0.0509,-1.02,-0.41,3.14,3.25,17.00,13.88,3.33,0,1.70,0.0728,0.0114,52,0.783,0.758,58.08,0.97,40.006,0
-23.31,7.56,5.62,0.9749,-0.0567,0.2097,-0.0487,-3.78,-0.86,6.44,-53.88,49.25,-14.69,7.52,0,1.70,0.0829,0.0180,52,0.783,0.758,58.08,0.97,40.006,0
-26.25,13.31,6.88,0.9658,-0.0931,0.2350,-0.0583,-6.11,-2.49,10.97,-59.19,36.94,-25.44,12.80,0,1.70,0.0930,0.0305,52,0.783,0.758,58.08,0.97,40.006,0
phase1 acc_mag=12.785 gravity=8.824 motion=3.961 moving_avg=2.962 rms=3.786 mean_rms=3.473 max_rms=3.903 min_rms=3.075 std=0.289 var=0.084 state=standing thr=4.051/4.251/4.751
-27.44,16.38,7.44,0.9594,-0.1169,0.2491,-0.0624,-5.03,-2.18,11.04,-29.88,17.19,-5.69,12.33,0,1.70,0.0985,0.0387,52,0.783,0.758,58.08,0.97,40.006,0
-28.38,17.81,7.25,0.9565,-0.1247,0.2567,-0.0609,-5.22,-1.89,9.85,-3.44,7.88,2.62,11.31,0,1.70,0.1012,0.0415,52,0.783,0.758,58.08,0.97,40.006,0
-28.62,17.56,6.88,0.9565,-0.1232,0.2579,-0.0576,-5.29,-2.21,9.24,5.19,-1.00,10.50,10.87,0,1.70,0.1015,0.0412,52,0.783,0.758,58.08,0.97,40.006,0
-28.50,16.00,6.38,0.9593,-0.1101,0.2546,-0.0529,-4.69,-2.02,7.94,21.25,-7.81,16.69,9.44,0,1.70,0.1000,0.0369,52,0.783,0.758,58.08,0.97,40.006,0
phase1 acc_mag=9.162 gravity=9.936 motion=0.773 moving_avg=2.218 rms=2.933 mean_rms=3.365 max_rms=3.868 min_rms=2.933 std=0.275 var=0.075 state=standing thr=3.914/4.114/4.614
-28.25,14.25,5.94,0.9614,-0.1001,0.2516,-0.0499,-4.32,-1.81,7.00,17.75,-5.62,6.62,8.42,0,1.70,0.0987,0.0335,52,0.783,0.758,58.08,0.97,40.006,0
-28.31,13.44,5.75,0.9620,-0.0936,0.2520,-0.0486,-3.88,-1.55,6.45,1.00,8.44,1.69,7.69,0,1.70,0.0988,0.0311,53,0.695,1.074,92.74,1.55,40.701,0
-29.44,14.44,6.06,0.9586,-0.0997,0.2618,-0.0508,-4.72,-2.03,7.08,-15.06,21.12,-12.69,8.75,0,1.70,0.1024,0.0329,53,0.695,1.074,92.74,1.55,40.701,0
-30.56,16.19,6.75,0.9540,-0.1097,0.2734,-0.0565,-5.57,-1.90,8.31,-20.62,24.56,-13.38,10.18,0,1.70,0.1068,0.0357,53,0.695,1.074,92.74,1.55,40.701,0
phase1 acc_mag=10.826 gravity=9.568 motion=1.258 moving_avg=2.243 rms=2.905 mean_rms=3.253 max_rms=3.786 min_rms=2.870 std=0.309 var=0.095 state=standing thr=3.870/4.070/4.570
-31.06,19.00,7.69,0.9491,-0.1283,0.2805,-0.0638,-5.56,-2.16,10.96,-26.56,-4.62,-19.00,12.48,0,1.70,0.1097,0.0415,53,0.695,1.074,92.74,1.55,40.701,0
-29.94,21.75,8.25,0.9474,-0.1500,0.2743,-0.0684,-8.52,-4.44,13.39,-5.75,-23.81,-23.56,16.48,0,1.70,0.1081,0.0493,53,0.695,1.074,92.74,1.55,40.701,0
-25.94,18.50,8.06,0.9621,-0.1276,0.2313,-0.0675,-6.22,-4.71,9.82,45.50,-71.19,12.00,12.54,0,1.70,0.0925,0.0428,53,0.695,1.074,92.74,1.55,40.701,0
phase1 acc_mag=6.565 gravity=10.068 motion=3.502 moving_avg=2.736 rms=3.312 mean_rms=3.265 max_rms=3.786 min_rms=2.870 std=0.312 var=0.097 state=standing thr=3.889/4.089/4.589
-22.25,12.25,6.38,0.9742,-0.0898,0.1996,-0.0543,-3.49,-2.35,5.04,67.06,-58.00,41.88,6.57,0,1.70,0.0797,0.0307,53,0.695,1.074,92.74,1.55,40.701,0
-19.38,6.88,4.06,0.9833,-0.0516,0.1707,-0.0350,-0.39,0.45,2.24,30.38,-26.88,30.12,2.32,0,1.70,0.0678,0.0179,54,0.817,1.608,118.11,1.97,41.518,0
-20.38,5.88,2.38,0.9827,-0.0455,0.1783,-0.0208,0.64,0.69,3.29,-14.69,60.44,10.12,3.42,0,1.70,0.0705,0.0164,54,0.817,1.608,118.11,1.97,41.518,0
-25.19,9.38,3.81,0.9722,-0.0684,0.2213,-0.0325,-6.32,-2.31,8.13,-54.25,67.00,-41.56,10.55,0,1.70,0.0870,0.0237,54,0.817,1.608,118.11,1.97,41.518,0
phase1 acc_mag=12.914 gravity=9.274 motion=3.640 moving_avg=2.873 rms=3.513 mean_rms=3.310 max_rms=3.786 min_rms=2.870 std=0.338 var=0.114 state=standing thr=3.986/4.186/4.686
-27.62,12.75,5.25,0.9644,-0.0901,0.2447,-0.0447,-7.03,-2.46,10.55,-40.00,56.25,-31.31,12.91,0,1.70,0.0960,0.0304,54,0.817,1.608,118.11,1.97,41.518,0
-30.31,16.88,6.50,0.9534,-0.1167,0.2727,-0.0546,-6.85,-2.38,11.59,-15.81,21.62,-6.19,13.67,0,1.70,0.1065,0.0386,54,0.817,1.608,118.11,1.97,41.518,0
-30.62,17.12,6.44,0.9529,-0.1179,0.2740,-0.0540,-5.24,-1.92,9.39,-1.38,-1.69,1.00,10.92,0,1.70,0.1070,0.0390,54,0.817,1.608,118.11,1.97,41.518,0
-30.31,16.69,6.25,0.9543,-0.1152,0.2708,-0.0521,-5.07,-2.12,8.48,8.94,-10.00,7.50,10.10,0,1.70,0.1058,0.0383,54,0.817,1.608,118.11,1.97,41.518,0
phase1 acc_mag=9.170 gravity=9.936 motion=0.766 moving_avg=2.488 rms=3.193 mean_rms=3.228 max_rms=3.722 min_rms=2.870 std=0.266 var=0.071 state=standing thr=3.759/3.959/4.459
-29.81,15.50,5.94,0.9567,-0.1075,0.2659,-0.0500,-4.63,-1.90,7.20,11.00,-6.88,4.12,8.77,0,1.70,0.1039,0.0358,54,0.817,1.608,118.11,1.97,41.518,0
-29.56,15.12,5.88,0.9578,-0.1049,0.2629,-0.0495,-4.45,-1.80,6.31,3.25,-3.25,-0.50,7.93,0,1.70,0.1028,0.0350,55,0.742,1.245,100.67,1.68,42.260,1
-29.88,15.50,6.00,0.9565,-0.1072,0.2664,-0.0506,-4.62,-1.88,6.70,-9.38,6.44,-4.69,8.35,0,1.70,0.1041,0.0356,55,0.742,1.245,100.67,1.68,42.260,0
-30.62,17.00,6.31,0.9524,-0.1188,0.2756,-0.0534,-5.54,-2.13,8.33,-19.38,17.88,-9.75,10.23,0,1.70,0.1075,0.0394,55,0.742,1.245,100.67,1.68,42.260,0
phase1 acc_mag=10.815 gravity=9.559 motion=1.256 moving_avg=2.478 rms=3.172 mean_rms=3.232 max_rms=3.722 min_rms=2.870 std=0.246 var=0.061 state=standing thr=3.724/3.924/4.424
-31.19,18.81,6.88,0.9495,-0.1284,0.2806,-0.0574,-5.67,-1.58,11.21,-9.44,-4.62,-8.06,12.66,0,1.70,0.1095,0.0423,55,0.742,1.245,100.67,1.68,42.260,0
-29.75,18.94,7.50,0.9533,-0.1277,0.2662,-0.0637,-7.69,-3.85,14.52,22.56,-31.75,-3.19,16.88,0,1.70,0.1048,0.0419,55,0.742,1.245,100.67,1.68,42.260,0
-25.06,12.50,8.44,0.9679,-0.0849,0.2253,-0.0719,-4.70,-2.26,8.73,111.06,-81.00,5.94,10.17,0,1.70,0.0897,0.0264,55,0.742,1.245,100.67,1.68,42.260,0
phase1 acc_mag=4.650 gravity=10.258 motion=5.608 moving_avg=3.099 rms=3.763 mean_rms=3.354 max_rms=3.763 min_rms=2.931 std=0.206 var=0.042 state=standing thr=3.766/3.966/4.466
-20.31,5.69,8.75,0.9813,-0.0280,0.1750,-0.0753,-2.44,-1.69,3.58,68.12,-64.69,20.25,4.65,0,1.70,0.0695,0.0057,56,0.835,1.902,136.67,2.28,43.095,0
-16.19,1.12,8.25,0.9877,0.0027,0.1399,-0.0704,0.90,1.95,0.87,27.19,-17.12,15.88,2.32,0,1.70,0.0552,-0.0050,56,0.835,1.902,136.67,2.28,43.095,0
-17.44,1.81,8.12,0.9858,-0.0046,0.1526,-0.0705,-1.71,1.07,5.19,-34.56,52.44,-8.44,5.57,0,1.70,0.0603,-0.0025,56,0.835,1.902,136.67,2.28,43.095,0
-22.31,7.75,9.88,0.9736,-0.0525,0.2048,-0.0858,-5.61,-3.23,11.23,-66.12,67.25,-25.12,12.96,0,1.70,0.0815,0.0134,56,0.835,1.902,136.67,2.28,43.095,0
phase1 acc_mag=13.291 gravity=9.182 motion=4.109 moving_avg=3.393 rms=4.153 mean_rms=3.536 max_rms=4.183 min_rms=3.156 std=0.339 var=0.115 state=standing thr=4.215/4.415/4.915
-26.31,12.81,10.81,0.9636,-0.0806,0.2379,-0.0915,-6.71,-2.30,12.20,-55.69,57.88,-23.62,14.11,0,1.70,0.0947,0.0223,56,0.835,1.902,136.67,2.28,43.095,0
-28.06,15.12,10.88,0.9578,-0.0962,0.2551,-0.0917,-5.68,-1.53,10.54,-6.25,1.50,6.00,12.07,0,1.70,0.1012,0.0275,56,0.835,1.902,136.67,2.28,43.095,0
-27.69,14.31,10.25,0.9604,-0.0906,0.2492,-0.0857,-4.97,-1.85,9.52,11.12,-12.62,8.38,10.90,0,1.70,0.0988,0.0263,56,0.835,1.902,136.67,2.28,43.095,0
-27.12,12.75,9.56,0.9630,-0.0817,0.2438,-0.0807,-4.63,-1.88,7.83,13.75,-8.25,9.88,9.29,0,1.70,0.0966,0.0236,56,0.835,1.902,136.67,2.28,43.095,0
phase1 acc_mag=8.991 gravity=10.123 motion=1.132 moving_avg=2.861 rms=3.668 mean_rms=3.584 max_rms=4.183 min_rms=3.156 std=0.364 var=0.132 state=standing thr=4.312/4.512/5.012
-26.50,11.50,9.25,0.9660,-0.0714,0.2361,-0.0775,-3.76,-1.66,7.13,22.06,-12.06,16.25,8.23,0,1.70,0.0935,0.0202,56,0.835,1.902,136.67,2.28,43.095,0
-26.25,11.12,9.25,0.9663,-0.0707,0.2349,-0.0784,-3.79,-1.58,6.25,-8.19,3.25,-7.69,7.48,0,1.70,0.0930,0.0200,57,0.755,1.180,93.75,1.56,43.850,0
-27.19,12.88,9.81,0.9615,-0.0853,0.2473,-0.0842,-3.63,-1.47,6.86,-33.94,31.81,-20.31,7.90,0,1.70,0.0980,0.0245,57,0.755,1.180,93.75,1.56,43.850,0
-29.44,16.06,10.75,0.9540,-0.1013,0.2675,-0.0899,-5.55,-1.50,9.86,-37.75,44.06,-17.38,11.41,0,1.70,0.1057,0.0290,57,0.755,1.180,93.75,1.56,43.850,0
phase1 acc_mag=12.574 gravity=9.549 motion=3.024 moving_avg=2.884 rms=3.630 mean_rms=3.642 max_rms=4.183 min_rms=3.156 std=0.337 var=0.114 state=standing thr=4.317/4.517/5.017
-30.69,19.25,11.81,0.9466,-0.1208,0.2823,-0.0983,-7.41,-2.75,13.36,-8.69,8.38,-10.25,15.52,0,1.70,0.1117,0.0346,57,0.755,1.180,93.75,1.56,43.850,0
-28.88,16.88,11.44,0.9561,-0.1016,0.2579,-0.0950,-8.89,-4.01,13.38,64.44,-70.50,21.25,16.56,0,1.70,0.1025,0.0291,57,0.755,1.180,93.75,1.56,43.850,0
-23.62,10.00,9.75,0.9716,-0.0639,0.2119,-0.0833,-6.46,-3.25,7.88,83.06,-105.94,42.00,10.70,0,1.70,0.0845,0.0178,57,0.755,1.180,93.75,1.56,43.850,0
-17.12,2.31,7.25,0.9877,-0.0018,0.1439,-0.0610,-0.61,-2.83,4.13,78.44,-76.44,42.31,5.04,0,1.70,0.0569,-0.0028,58,0.855,1.943,136.36,2.27,44.705,0
phase1 acc_mag=1.868 gravity=10.073 motion=8.205 moving_avg=3.636 rms=4.341 mean_rms=3.826 max_rms=4.341 min_rms=3.195 std=0.272 var=0.074 state=standing thr=4.370/4.570/5.070
-14.12,-0.88,5.69,0.9912,0.0138,0.1225,-0.0483,1.07,1.04,1.59,4.69,-15.25,15.12,2.18,0,1.70,0.0483,-0.0078,58,0.855,1.943,136.36,2.27,44.705,0
-16.50,0.88,5.81,0.9883,-0.0001,0.1439,-0.0507,-1.67,0.54,4.72,-47.75,63.19,-27.31,5.04,0,1.70,0.0569,-0.0029,58,0.855,1.943,136.36,2.27,44.705,0
-21.50,6.56,7.44,0.9773,-0.0483,0.1956,-0.0654,-6.23,-3.09,11.60,-82.00,64.88,-30.75,13.52,0,1.70,0.0777,0.0138,58,0.855,1.943,136.36,2.27,44.705,0
phase1 acc_mag=13.936 gravity=9.481 motion=4.455 moving_avg=3.675 rms=4.376 mean_rms=4.021 max_rms=4.546 min_rms=3.575 std=0.314 var=0.099 state=standing thr=4.649/4.849/5.349
-24.88,11.12,8.19,0.9696,-0.0743,0.2223,-0.0698,-6.23,-1.90,12.32,-33.94,33.00,-7.81,13.94,0,1.70,0.0883,0.0226,58,0.855,1.943,136.36,2.27,44.705,0
-25.62,12.12,8.38,0.9672,-0.0815,0.2297,-0.0711,-4.95,-1.01,10.06,0.94,2.00,-2.94,11.26,0,1.70,0.0912,0.0250,58,0.855,1.943,136.36,2.27,44.705,0
-25.31,11.19,8.12,0.9691,-0.0726,0.2255,-0.0687,-4.41,-1.31,8.94,22.12,-10.25,11.62,10.05,0,1.70,0.0894,0.0220,58,0.855,1.943,136.36,2.27,44.705,0
-24.50,8.69,7.56,0.9723,-0.0565,0.2174,-0.0646,-4.10,-1.15,7.77,25.12,-11.50,12.00,8.86,0,1.70,0.0860,0.0164,58,0.855,1.943,136.36,2.27,44.705,0
phase1 acc_mag=8.270 gravity=9.906 motion=1.636 moving_avg=2.955 rms=3.756 mean_rms=3.987 max_rms=4.546 min_rms=3.575 std=0.316 var=0.100 state=standing thr=4.618/4.818/5.318
-24.06,7.38,7.12,0.9741,-0.0472,0.2125,-0.0609,-3.70,-0.98,6.89,6.00,-4.06,5.31,7.88,0,1.70,0.0840,0.0132,58,0.855,1.943,136.36,2.27,44.705,0
-24.38,7.50,7.00,0.9736,-0.0480,0.2150,-0.0599,-3.45,-0.94,6.54,-8.75,6.19,-3.94,7.45,0,1.70,0.0849,0.0136,59,0.753,1.183,94.19,1.57,45.458,0
-25.31,8.75,7.31,0.9702,-0.0588,0.2264,-0.0631,-4.05,-1.16,7.08,-24.94,26.50,-11.12,8.24,0,1.70,0.0893,0.0171,59,0.753,1.183,94.19,1.57,45.458,0
-27.50,11.94,8.06,0.9639,-0.0782,0.2453,-0.0681,-5.04,-1.21,9.49,-33.50,29.19,-15.44,10.81,0,1.70,0.0967,0.0235,59,0.753,1.183,94.19,1.57,45.458,0
phase1 acc_mag=11.875 gravity=9.444 motion=2.431 moving_avg=2.955 rms=3.730 mean_rms=3.973 max_rms=4.546 min_rms=3.575 std=0.321 var=0.103 state=standing thr=4.615/4.815/5.315
-28.88,15.44,8.81,0.9573,-0.1019,0.2601,-0.0739,-7.12,-1.56,13.60,-42.94,13.38,-23.88,15.43,0,1.70,0.1026,0.0313,59,0.753,1.183,94.19,1.57,45.458,0
-27.19,16.31,8.88,0.9597,-0.1113,0.2469,-0.0747,-7.15,-3.37,14.14,29.19,-48.69,16.81,16.20,0,1.70,0.0981,0.0354,59,0.753,1.183,94.19,1.57,45.458,0
-23.44,11.12,7.50,0.9745,-0.0718,0.2031,-0.0628,-5.61,-2.41,8.93,70.56,-78.62,25.12,10.82,0,1.70,0.0810,0.0229,59,0.753,1.183,94.19,1.57,45.458,0
-17.50,4.69,5.75,0.9862,-0.0320,0.1546,-0.0498,-2.29,-0.88,3.96,56.44,-71.88,52.06,4.66,0,1.70,0.0616,0.0096,60,0.830,1.758,127.12,2.12,46.288,0
phase1 acc_mag=3.664 gravity=9.859 motion=6.194 moving_avg=3.392 rms=4.141 mean_rms=4.068 max_rms=4.546 min_rms=3.705 std=0.269 var=0.072 state=standing thr=4.606/4.806/5.306
-14.50,2.19,3.88,0.9912,-0.0145,0.1270,-0.0339,0.20,-0.09,3.09,7.25,-21.00,23.94,3.10,0,1.70,0.0505,0.0040,60,0.830,1.758,127.12,2.12,46.288,0
-15.75,3.38,3.56,0.9896,-0.0244,0.1383,-0.0311,-1.05,-0.62,5.20,-35.50,46.50,-12.31,5.34,0,1.70,0.0551,0.0079,60,0.830,1.758,127.12,2.12,46.288,0
-19.69,6.75,4.75,0.9814,-0.0537,0.1790,-0.0430,-4.25,-1.00,9.90,-50.62,62.44,-30.56,10.82,0,1.70,0.0712,0.0180,60,0.830,1.758,127.12,2.12,46.288,0
-22.94,11.06,6.31,0.9741,-0.0798,0.2047,-0.0541,-5.79,-1.73,11.69,-22.69,26.62,-15.12,13.16,0,1.70,0.0815,0.0267,60,0.830,1.758,127.12,2.12,46.288,0
phase1 acc_mag=12.713 gravity=9.678 motion=3.035 moving_avg=3.057 rms=3.697 mean_rms=4.033 max_rms=4.546 min_rms=3.697 std=0.257 var=0.066 state=standing thr=4.547/4.747/5.247
-23.50,12.12,6.69,0.9720,-0.0872,0.2104,-0.0571,-4.13,-1.13,10.40,-4.69,-0.19,-0.12,11.25,0,1.70,0.0838,0.0291,60,0.830,1.758,127.12,2.12,46.288,0
-23.38,12.06,6.56,0.9724,-0.0870,0.2094,-0.0560,-3.86,-1.22,8.95,4.56,-4.50,8.31,9.82,0,1.70,0.0834,0.0291,60,0.830,1.758,127.12,2.12,46.288,0
-23.00,11.19,6.06,0.9739,-0.0812,0.2052,-0.0519,-3.42,-1.16,7.52,11.38,-8.25,9.50,8.34,0,1.70,0.0816,0.0274,60,0.830,1.758,127.12,2.12,46.288,0
phase1 acc_mag=7.015 gravity=9.534 motion=2.519 moving_avg=2.459 rms=3.170 mean_rms=3.801 max_rms=4.170 min_rms=3.159 std=0.290 var=0.084 state=standing thr=4.381/4.581/5.081
-23.12,10.62,5.75,0.9742,-0.0765,0.2066,-0.0492,-2.85,-1.07,6.32,0.62,9.69,2.62,7.01,0,1.70,0.0820,0.0258,61,0.710,1.230,103.99,1.73,46.998,0
-25.69,11.88,5.75,0.9686,-0.0844,0.2285,-0.0488,-3.45,-1.32,6.60,-20.69,42.00,-3.75,7.56,0,1.70,0.0902,0.0282,61,0.710,1.230,103.99,1.73,46.998,0
-28.25,14.50,6.31,0.9610,-0.1011,0.2519,-0.0534,-5.53,-2.00,9.02,-38.94,46.88,-16.06,10.77,0,1.70,0.0990,0.0335,61,0.710,1.230,103.99,1.73,46.998,0
-30.06,17.81,6.94,0.9521,-0.1262,0.2722,-0.0586,-6.38,-2.46,13.27,-39.19,18.44,-16.69,14.93,0,1.70,0.1066,0.0417,61,0.710,1.230,103.99,1.73,46.998,0
phase1 acc_mag=18.442 gravity=9.942 motion=8.500 moving_avg=2.834 rms=3.544 mean_rms=3.685 max_rms=4.170 min_rms=3.159 std=0.359 var=0.129 state=standing thr=4.403/4.603/5.103
-29.06,19.38,7.62,0.9543,-0.1333,0.2595,-0.0643,-8.45,-3.39,14.03,16.00,-45.44,-9.88,16.73,0,1.70,0.1025,0.0442,61,0.710,1.230,103.99,1.73,46.998,0
-23.75,13.25,7.25,0.9703,-0.0945,0.2137,-0.0618,-5.43,-1.73,8.54,86.31,-80.19,20.56,10.27,0,1.70,0.0853,0.0314,61,0.710,1.230,103.99,1.73,46.998,0
-19.81,8.00,6.31,0.9825,-0.0518,0.1706,-0.0527,-2.88,-1.30,5.06,69.56,-66.88,23.81,5.97,0,1.70,0.0681,0.0168,62,0.826,1.781,129.31,2.16,47.824,1
-16.94,3.31,4.56,0.9879,-0.0220,0.1486,-0.0395,-0.64,-0.58,3.27,24.06,-13.56,25.62,3.38,0,1.70,0.0591,0.0064,62,0.826,1.781,129.31,2.16,47.824,0
phase1 acc_mag=2.650 gravity=9.397 motion=6.747 moving_avg=3.204 rms=3.915 mean_rms=3.680 max_rms=4.170 min_rms=3.159 std=0.361 var=0.131 state=standing thr=4.403/4.603/5.103
-17.56,3.00,4.75,0.9864,-0.0211,0.1574,-0.0425,0.28,1.22,3.48,-22.81,43.75,-14.38,3.70,0,1.70,0.0625,0.0056,62,0.826,1.781,129.31,2.16,47.824,0
-21.75,7.06,6.25,0.9786,-0.0482,0.1924,-0.0535,-5.86,-2.25,10.68,-59.81,56.69,-31.56,12.39,0,1.70,0.0764,0.0148,62,0.826,1.781,129.31,2.16,47.824,0
-24.62,10.88,7.25,0.9700,-0.0767,0.2220,-0.0621,-5.96,-1.54,12.37,-26.56,33.44,-11.44,13.82,0,1.70,0.0880,0.0242,62,0.826,1.781,129.31,2.16,47.824,0
phase1 acc_mag=11.356 gravity=9.719 motion=1.638 moving_avg=3.004 rms=3.663 mean_rms=3.619 max_rms=4.129 min_rms=3.159 std=0.302 var=0.091 state=standing thr=4.223/4.423/4.923
-25.38,12.00,7.44,0.9684,-0.0824,0.2269,-0.0631,-4.47,-0.91,10.40,0.69,-4.31,3.75,11.36,0,1.70,0.0900,0.0262,62,0.826,1.781,129.31,2.16,47.824,0
-24.62,11.06,6.81,0.9708,-0.0768,0.2197,-0.0582,-3.97,-1.18,8.14,9.81,-12.69,8.38,9.13,0,1.70,0.0871,0.0247,62,0.826,1.781,129.31,2.16,47.824,0
-24.19,10.25,6.44,0.9724,-0.0718,0.2152,-0.0547,-3.26,-1.08,6.67,5.69,-2.94,5.94,7.50,0,1.70,0.0853,0.0232,63,0.743,1.379,111.32,1.86,48.567,1
-24.62,10.62,6.38,0.9709,-0.0759,0.2205,-0.0551,-3.22,-1.08,5.91,-20.88,20.19,-9.06,6.82,0,1.70,0.0873,0.0246,63,0.743,1.379,111.32,1.86,48.567,0
phase1 acc_mag=7.207 gravity=9.412 motion=2.205 moving_avg=2.766 rms=3.474 mean_rms=3.537 max_rms=3.918 min_rms=3.159 std=0.243 var=0.059 state=standing thr=4.023/4.223/4.723
-26.19,12.62,6.81,0.9666,-0.0878,0.2339,-0.0577,-3.99,-1.45,6.42,-28.25,29.75,-7.88,7.70,0,1.70,0.0925,0.0285,63,0.743,1.379,111.32,1.86,48.567,0
-28.06,15.75,7.31,0.9584,-0.1122,0.2551,-0.0623,-4.85,-1.96,8.80,-40.00,29.50,-14.25,10.24,0,1.70,0.1006,0.0367,63,0.743,1.379,111.32,1.86,48.567,0
-29.69,19.12,7.81,0.9518,-0.1310,0.2693,-0.0654,-5.80,-2.68,12.24,-28.62,26.75,-6.38,13.81,0,1.70,0.1060,0.0428,63,0.743,1.379,111.32,1.86,48.567,0
-30.06,20.25,8.25,0.9493,-0.1380,0.2738,-0.0685,-7.69,-2.51,14.38,4.75,-17.00,-8.56,16.50,0,1.70,0.1078,0.0449,63,0.743,1.379,111.32,1.86,48.567,0
phase1 acc_mag=16.876 gravity=10.015 motion=6.861 moving_avg=3.197 rms=3.869 mean_rms=3.589 max_rms=3.918 min_rms=3.188 std=0.214 var=0.046 state=standing thr=4.017/4.217/4.717
-27.12,17.44,8.06,0.9613,-0.1166,0.2403,-0.0671,-7.01,-3.56,12.64,65.38,-78.56,18.69,14.89,0,1.70,0.0955,0.0384,63,0.743,1.379,111.32,1.86,48.567,0
-21.62,10.50,6.88,0.9764,-0.0754,0.1934,-0.0589,-4.33,-2.34,6.33,72.75,-80.69,25.19,8.02,0,1.70,0.0773,0.0249,63,0.743,1.379,111.32,1.86,48.567,0
-17.69,6.38,6.00,0.9861,-0.0416,0.1525,-0.0507,-1.22,-0.64,2.51,52.12,-58.38,21.19,2.86,0,1.70,0.0610,0.0133,64,0.825,1.539,111.94,1.87,49.392,0
-16.19,3.62,4.75,0.9886,-0.0251,0.1423,-0.0413,0.35,0.40,2.98,2.12,12.12,9.62,3.03,0,1.70,0.0567,0.0076,64,0.825,1.539,111.94,1.87,49.392,0
phase1 acc_mag=3.944 gravity=9.025 motion=5.081 moving_avg=3.517 rms=4.215 mean_rms=3.752 max_rms=4.256 min_rms=3.469 std=0.222 var=0.049 state=slow thr=4.197/4.397/4.897
-18.56,4.50,4.88,0.9852,-0.0307,0.1631,-0.0425,-2.38,0.17,6.82,-41.88,49.25,-17.50,7.23,0,1.70,0.0648,0.0093,64,0.825,1.539,111.94,1.87,49.392,0
-21.62,7.81,6.69,0.9783,-0.0536,0.1919,-0.0576,-5.73,-1.28,11.41,-8.31,23.94,-18.00,12.83,0,1.70,0.0763,0.0166,64,0.825,1.539,111.94,1.87,49.392,0
-22.56,8.12,7.12,0.9763,-0.0546,0.2002,-0.0612,-4.77,-0.63,10.46,-1.50,10.06,0.50,11.51,0,1.70,0.0795,0.0164,64,0.825,1.539,111.94,1.87,49.392,0
-22.75,8.06,6.75,0.9763,-0.0543,0.2018,-0.0572,-3.23,-0.17,8.59,1.31,-0.12,8.94,9.18,0,1.70,0.0801,0.0166,64,0.825,1.539,111.94,1.87,49.392,0
phase1 acc_mag=8.270 gravity=9.926 motion=1.656 moving_avg=3.116 rms=3.775 mean_rms=3.828 max_rms=4.274 min_rms=3.469 std=0.275 var=0.075 state=standing thr=4.378/4.578/5.078
-23.12,8.69,6.56,0.9753,-0.0596,0.2053,-0.0562,-3.68,-0.85,7.37,-15.62,10.69,-7.19,8.28,0,1.70,0.0814,0.0186,64,0.825,1.539,111.94,1.87,49.392,0
-24.00,9.50,6.69,0.9729,-0.0660,0.2143,-0.0568,-3.64,-1.22,7.12,-6.62,14.56,4.31,8.09,0,1.70,0.0849,0.0208,65,0.695,1.418,122.45,2.04,50.087,0
-25.75,11.19,6.62,0.9688,-0.0772,0.2288,-0.0562,-3.98,-1.81,7.47,-32.12,37.25,-7.06,8.66,0,1.70,0.0904,0.0248,65,0.695,1.418,122.45,2.04,50.087,0
phase1 acc_mag=9.552 gravity=9.263 motion=0.289 moving_avg=2.750 rms=3.504 mean_rms=3.795 max_rms=4.274 min_rms=3.469 std=0.288 var=0.083 state=standing thr=4.371/4.571/5.071
-28.38,14.00,7.00,0.9598,-0.0972,0.2564,-0.0590,-5.11,-2.07,7.80,-26.19,37.75,-3.12,9.55,0,1.70,0.1007,0.0313,65,0.695,1.418,122.45,2.04,50.087,0
-31.00,17.25,7.38,0.9515,-0.1159,0.2782,-0.0615,-5.68,-1.81,9.83,-29.06,25.56,-13.62,11.50,0,1.70,0.1087,0.0373,65,0.695,1.418,122.45,2.04,50.087,0
-31.88,19.31,7.88,0.9465,-0.1294,0.2883,-0.0660,-6.41,-2.38,12.29,-14.81,10.94,-11.69,14.06,0,1.70,0.1126,0.0414,65,0.695,1.418,122.45,2.04,50.087,0
-30.94,18.38,8.12,0.9498,-0.1224,0.2798,-0.0677,-6.78,-2.91,12.86,29.25,-32.25,8.00,14.83,0,1.70,0.1096,0.0389,65,0.695,1.418,122.45,2.04,50.087,0
phase1 acc_mag=13.764 gravity=10.327 motion=3.437 moving_avg=3.067 rms=3.790 mean_rms=3.815 max_rms=4.274 min_rms=3.482 std=0.274 var=0.075 state=standing thr=4.363/4.563/5.063
-28.44,14.44,7.81,0.9620,-0.0916,0.2488,-0.0647,-6.81,-3.19,9.19,67.81,-71.38,23.06,11.87,0,1.70,0.0981,0.0288,65,0.695,1.418,122.45,2.04,50.087,0
-23.00,7.81,6.81,0.9759,-0.0524,0.2036,-0.0583,-2.46,-1.43,3.74,51.81,-69.88,15.75,4.70,0,1.70,0.0807,0.0157,66,0.815,1.453,106.95,1.78,50.902,1
-20.12,5.56,6.31,0.9819,-0.0369,0.1776,-0.0544,0.37,0.12,1.40,8.31,-21.62,10.75,1.45,2,0.20,0.0705,0.0106,66,0.815,1.453,106.95,1.78,50.902,0
-21.88,6.38,6.12,0.9775,-0.0457,0.1989,-0.0539,-0.78,0.04,3.66,-41.69,70.75,-18.94,3.74,0,1.70,0.0787,0.0136,66,0.815,1.453,106.95,1.78,50.902,0
phase1 acc_mag=9.349 gravity=8.501 motion=0.849 moving_avg=3.376 rms=4.171 mean_rms=3.893 max_rms=4.274 min_rms=3.504 std=0.269 var=0.072 state=standing thr=4.431/4.631/5.131
-27.19,12.56,8.62,0.9636,-0.0823,0.2437,-0.0731,-6.60,-3.19,11.58,-55.38,57.62,-38.25,13.71,0,1.70,0.0963,0.0246,66,0.815,1.453,106.95,1.78,50.902,0
-29.75,16.44,10.00,0.9526,-0.1069,0.2725,-0.0833,-6.90,-2.34,12.04,-24.00,31.56,0.56,14.07,0,1.70,0.1074,0.0316,66,0.815,1.453,106.95,1.78,50.902,0
-30.69,17.00,9.81,0.9509,-0.1086,0.2780,-0.0818,-5.63,-1.40,9.80,11.56,-10.56,12.88,11.39,0,1.70,0.1093,0.0322,66,0.815,1.453,106.95,1.78,50.902,0
-30.12,15.88,9.19,0.9544,-0.1010,0.2704,-0.0758,-5.07,-1.52,8.78,13.06,-15.81,13.69,10.25,0,1.70,0.1063,0.0303,66,0.815,1.453,106.95,1.78,50.902,0
phase1 acc_mag=9.820 gravity=10.006 motion=0.187 moving_avg=3.144 rms=3.883 mean_rms=3.896 max_rms=4.352 min_rms=3.504 std=0.277 var=0.077 state=standing thr=4.451/4.651/5.151
-29.19,14.25,8.31,0.9582,-0.0933,0.2614,-0.0698,-4.63,-1.56,7.75,13.56,-19.00,16.38,9.16,0,1.70,0.1028,0.0285,66,0.815,1.453,106.95,1.78,50.902,0
-28.19,12.69,7.69,0.9625,-0.0829,0.2504,-0.0646,-4.42,-1.70,6.75,12.62,-15.44,7.44,8.25,0,1.70,0.0985,0.0254,66,0.815,1.453,106.95,1.78,50.902,0
-27.75,12.00,7.44,0.9637,-0.0795,0.2471,-0.0629,-3.94,-1.40,6.11,0.81,-0.12,2.62,7.40,0,1.70,0.0972,0.0244,67,0.759,1.240,98.04,1.63,51.661,0
-28.50,12.62,7.31,0.9609,-0.0854,0.2559,-0.0620,-3.86,-1.47,6.79,-19.19,25.06,-5.44,7.95,0,1.70,0.1005,0.0265,67,0.759,1.240,98.04,1.63,51.661,0
phase1 acc_mag=8.571 gravity=9.458 motion=0.886 moving_avg=2.969 rms=3.768 mean_rms=3.843 max_rms=4.352 min_rms=3.504 std=0.253 var=0.064 state=standing thr=4.350/4.550/5.050
-30.56,15.31,7.94,0.9528,-0.1041,0.2770,-0.0681,-5.11,-0.88,9.62,-35.12,42.31,-22.12,10.93,0,1.70,0.1084,0.0321,67,0.759,1.240,98.04,1.63,51.661,0
-31.62,19.38,9.56,0.9462,-0.1255,0.2876,-0.0792,-8.12,-2.73,13.56,-13.62,-1.88,-24.56,16.04,0,1.70,0.1128,0.0384,67,0.759,1.240,98.04,1.63,51.661,0
-29.44,17.00,9.44,0.9557,-0.1080,0.2626,-0.0777,-7.09,-2.71,11.35,45.25,-56.50,20.38,13.65,0,1.70,0.1038,0.0331,67,0.759,1.240,98.04,1.63,51.661,0
-25.56,13.81,8.81,0.9655,-0.0941,0.2312,-0.0746,-3.99,-2.73,7.92,20.69,-61.81,12.88,9.28,0,1.70,0.0921,0.0294,67,0.759,1.240,98.04,1.63,51.661,0
phase1 acc_mag=11.430 gravity=10.306 motion=1.124 moving_avg=3.439 rms=4.136 mean_rms=3.922 max_rms=4.352 min_rms=3.505 std=0.226 var=0.051 state=standing thr=4.373/4.573/5.073
-22.06,9.50,7.81,0.9760,-0.0649,0.1971,-0.0670,-1.72,-0.53,2.13,72.94,-55.88,34.19,2.79,0,1.70,0.0787,0.0200,68,0.813,1.839,135.75,2.26,52.474,0
-21.25,6.06,5.56,0.9802,-0.0413,0.1884,-0.0454,0.90,0.45,2.46,4.56,0.75,32.62,2.66,0,1.70,0.0746,0.0128,68,0.813,1.839,135.75,2.26,52.474,0
-24.38,7.44,5.12,0.9744,-0.0510,0.2144,-0.0440,-3.72,-0.50,6.18,-27.38,59.31,-25.06,7.23,0,1.70,0.0845,0.0161,68,0.813,1.839,135.75,2.26,52.474,0
phase1 acc_mag=13.154 gravity=8.927 motion=4.226 moving_avg=3.739 rms=4.481 mean_rms=4.082 max_rms=4.520 min_rms=3.742 std=0.250 var=0.062 state=standing thr=4.582/4.782/5.282
-26.94,11.44,7.38,0.9650,-0.0786,0.2421,-0.0643,-6.21,-2.42,11.34,-25.31,31.44,-28.62,13.15,0,1.70,0.0955,0.0241,68,0.813,1.839,135.75,2.26,52.474,0
-28.62,14.88,8.56,0.9581,-0.0997,0.2584,-0.0729,-6.79,-2.45,11.14,-16.75,9.19,-12.06,13.27,0,1.70,0.1019,0.0307,68,0.813,1.839,135.75,2.26,52.474,0
-28.25,14.81,8.31,0.9595,-0.0992,0.2540,-0.0701,-4.90,-1.21,9.44,6.50,-17.81,10.12,10.70,0,1.70,0.1003,0.0309,68,0.813,1.839,135.75,2.26,52.474,0
-27.19,13.75,7.38,0.9639,-0.0932,0.2416,-0.0615,-4.59,-1.61,8.27,11.69,-21.25,13.25,9.59,0,1.70,0.0955,0.0300,68,0.813,1.839,135.75,2.26,52.474,0
phase1 acc_mag=8.528 gravity=10.156 motion=1.628 moving_avg=2.972 rms=3.690 mean_rms=4.074 max_rms=4.520 min_rms=3.690 std=0.274 var=0.075 state=standing thr=4.621/4.821/5.321
-26.12,12.44,6.75,0.9669,-0.0865,0.2330,-0.0573,-4.24,-1.42,6.92,10.75,-12.56,9.00,8.24,0,1.70,0.0921,0.0281,68,0.813,1.839,135.75,2.26,52.474,0
-25.94,11.69,6.50,0.9681,-0.0812,0.2308,-0.0547,-3.95,-1.42,6.19,-1.44,2.19,4.56,7.48,0,1.70,0.0912,0.0264,69,0.728,1.257,103.63,1.73,53.201,0
-26.81,12.19,6.44,0.9660,-0.0843,0.2383,-0.0544,-3.66,-1.29,6.72,-10.69,19.62,-4.44,7.76,0,1.70,0.0939,0.0274,69,0.728,1.257,103.63,1.73,53.201,0
-29.31,14.56,7.06,0.9583,-0.0982,0.2615,-0.0595,-5.55,-1.42,9.65,-17.62,37.56,-8.62,11.22,0,1.70,0.1026,0.0314,69,0.728,1.257,103.63,1.73,53.201,0
phase1 acc_mag=12.262 gravity=9.425 motion=2.838 moving_avg=2.737 rms=3.404 mean_rms=3.941 max_rms=4.520 min_rms=3.381 std=0.364 var=0.132 state=standing thr=4.668/4.868/5.368
-30.19,16.12,7.62,0.9542,-0.1091,0.2709,-0.0645,-6.19,-1.06,12.64,-13.88,-2.44,-9.88,14.11,0,1.70,0.1062,0.0346,69,0.728,1.257,103.63,1.73,53.201,0
-28.69,16.19,7.44,0.9577,-0.1108,0.2580,-0.0627,-7.93,-2.54,13.61,14.38,-39.69,7.31,15.96,0,1.70,0.1016,0.0360,69,0.728,1.257,103.63,1.73,53.201,0
-24.31,11.12,5.62,0.9742,-0.0730,0.2088,-0.0442,-5.54,-1.76,9.54,75.19,-89.69,49.19,11.17,0,1.70,0.0827,0.0248,69,0.728,1.257,103.63,1.73,53.201,0
-18.12,3.75,3.88,0.9863,-0.0261,0.1591,-0.0336,-2.37,-0.04,4.65,78.31,-81.94,13.31,5.22,0,1.70,0.0631,0.0082,70,0.818,1.755,128.76,2.15,54.019,1
phase1 acc_mag=5.000 gravity=10.179 motion=5.179 moving_avg=3.245 rms=3.857 mean_rms=3.925 max_rms=4.520 min_rms=3.381 std=0.377 var=0.142 state=standing thr=4.679/4.879/5.379
-14.62,0.25,3.38,0.9917,0.0036,0.1254,-0.0278,0.04,0.51,2.26,31.00,-35.25,16.50,2.32,0,1.70,0.0497,-0.0028,70,0.818,1.755,128.76,2.15,54.019,0
-14.38,-0.12,2.12,0.9916,0.0027,0.1277,-0.0189,0.93,0.66,3.35,-14.38,25.88,-1.94,3.54,0,1.70,0.0507,-0.0021,70,0.818,1.755,128.76,2.15,54.019,0
-19.00,3.44,2.56,0.9855,-0.0254,0.1660,-0.0223,-4.04,-0.47,8.72,-64.12,75.75,-27.19,9.62,0,1.70,0.0657,0.0085,70,0.818,1.755,128.76,2.15,54.019,0
-22.25,8.06,3.50,0.9783,-0.0604,0.1957,-0.0302,-5.52,-1.01,12.32,-39.69,34.69,-11.25,13.54,0,1.70,0.0773,0.0213,70,0.818,1.755,128.76,2.15,54.019,0
phase1 acc_mag=13.523 gravity=9.208 motion=4.314 moving_avg=3.334 rms=3.935 mean_rms=3.923 max_rms=4.520 min_rms=3.381 std=0.369 var=0.136 state=standing thr=4.661/4.861/5.361
-23.50,10.25,3.44,0.9748,-0.0777,0.2072,-0.0295,-4.97,-0.77,11.19,-24.88,13.81,1.56,12.27,0,1.70,0.0817,0.0279,70,0.818,1.755,128.76,2.15,54.019,0
-24.12,11.19,3.06,0.9731,-0.0854,0.2125,-0.0261,-4.18,-1.30,9.44,-2.88,2.75,6.69,10.41,0,1.70,0.0836,0.0310,70,0.818,1.755,128.76,2.15,54.019,0
-24.00,10.25,2.38,0.9743,-0.0782,0.2103,-0.0200,-3.78,-0.76,8.34,10.50,-4.88,5.00,9.19,0,1.70,0.0826,0.0288,70,0.818,1.755,128.76,2.15,54.019,0
-23.69,9.06,2.25,0.9755,-0.0701,0.2078,-0.0196,-3.68,-0.82,7.54,16.94,-0.38,12.00,8.43,0,1.70,0.0816,0.0257,70,0.818,1.755,128.76,2.15,54.019,0
phase1 acc_mag=8.056 gravity=9.580 motion=1.524 moving_avg=2.644 rms=3.338 mean_rms=3.725 max_rms=4.332 min_rms=3.338 std=0.259 var=0.067 state=standing thr=4.244/4.444/4.944
-23.75,8.62,2.25,0.9755,-0.0666,0.2089,-0.0198,-3.06,-1.04,6.81,-1.81,8.12,-6.38,7.54,0,1.70,0.0820,0.0243,71,0.714,1.148,96.46,1.61,54.734,0
-24.94,9.56,2.75,0.9728,-0.0724,0.2190,-0.0234,-3.41,-0.89,6.88,-20.75,28.31,-9.94,7.73,0,1.70,0.0859,0.0261,71,0.714,1.148,96.46,1.61,54.734,0
-26.88,12.44,4.38,0.9664,-0.0903,0.2377,-0.0374,-3.93,-0.71,7.90,-23.94,21.44,-30.12,8.85,0,1.70,0.0932,0.0314,71,0.714,1.148,96.46,1.61,54.734,0
-28.25,15.94,5.94,0.9581,-0.1169,0.2561,-0.0519,-4.97,-2.00,10.06,-41.19,40.06,-30.50,11.40,0,1.70,0.1006,0.0395,71,0.714,1.148,96.46,1.61,54.734,0
phase1 acc_mag=13.285 gravity=9.412 motion=3.873 moving_avg=2.614 rms=3.322 mean_rms=3.621 max_rms=4.095 min_rms=3.307 std=0.275 var=0.075 state=standing thr=4.170/4.370/4.870
-29.81,18.69,7.25,0.9524,-0.1292,0.2694,-0.0605,-6.89,-2.01,13.34,-6.56,18.00,-12.31,15.15,0,1.70,0.1058,0.0427,71,0.714,1.148,96.46,1.61,54.734,0
-29.00,17.69,7.25,0.9571,-0.1186,0.2578,-0.0592,-7.82,-2.51,13.05,47.19,-51.19,23.44,15.42,0,1.70,0.1015,0.0393,71,0.714,1.148,96.46,1.61,54.734,0
-24.75,12.25,5.62,0.9702,-0.0886,0.2206,-0.0479,-4.98,-1.78,8.17,52.44,-84.31,37.19,9.73,0,1.70,0.0873,0.0302,71,0.714,1.148,96.46,1.61,54.734,0
-19.81,7.56,3.25,0.9838,-0.0533,0.1689,-0.0257,-2.26,-0.45,4.04,52.25,-63.88,35.75,4.65,0,1.70,0.0670,0.0193,72,0.838,1.666,119.28,1.99,55.572,0
phase1 acc_mag=2.552 gravity=9.623 motion=7.072 moving_avg=2.948 rms=3.706 mean_rms=3.665 max_rms=4.095 min_rms=3.307 std=0.261 var=0.068 state=standing thr=4.188/4.388/4.888
-17.19,4.75,1.81,0.9879,-0.0365,0.1501,-0.0150,-0.13,-0.43,2.36,16.12,-18.56,20.88,2.40,0,1.70,0.0595,0.0135,72,0.838,1.666,119.28,1.99,55.572,0
-18.31,4.12,1.69,0.9865,-0.0325,0.1603,-0.0148,-0.11,0.00,4.12,-17.88,43.19,-5.69,4.12,0,1.70,0.0634,0.0119,72,0.838,1.666,119.28,1.99,55.572,0
-22.31,8.19,3.50,0.9781,-0.0613,0.1964,-0.0300,-4.96,-1.88,10.94,-59.12,55.06,-33.94,12.16,0,1.70,0.0776,0.0216,72,0.838,1.666,119.28,1.99,55.572,0
-24.62,12.00,4.38,0.9705,-0.0917,0.2198,-0.0378,-5.22,-1.35,11.94,-27.88,17.12,-11.62,13.10,0,1.70,0.0867,0.0323,72,0.838,1.666,119.28,1.99,55.572,0
phase1 acc_mag=12.723 gravity=9.608 motion=3.116 moving_avg=2.932 rms=3.623 mean_rms=3.662 max_rms=4.095 min_rms=3.307 std=0.256 var=0.066 state=standing thr=4.175/4.375/4.875
-24.50,13.62,4.62,0.9697,-0.1020,0.2182,-0.0397,-3.84,-1.08,10.17,1.25,-14.62,-0.31,10.92,0,1.70,0.0863,0.0361,72,0.838,1.666,119.28,1.99,55.572,0
-24.00,13.25,4.31,0.9713,-0.0995,0.2129,-0.0361,-3.61,-1.16,8.80,4.25,-6.50,11.69,9.58,0,1.70,0.0841,0.0356,72,0.838,1.666,119.28,1.99,55.572,0
-23.62,12.19,3.62,0.9729,-0.0931,0.2093,-0.0311,-4.03,-1.39,8.08,10.44,-7.12,6.44,9.14,0,1.70,0.0826,0.0336,72,0.838,1.666,119.28,1.99,55.572,0
phase1 acc_mag=8.258 gravity=9.627 motion=1.369 moving_avg=2.373 rms=3.213 mean_rms=3.534 max_rms=3.928 min_rms=3.213 std=0.209 var=0.044 state=standing thr=3.953/4.153/4.653
-23.25,11.69,3.44,0.9742,-0.0895,0.2048,-0.0296,-3.76,-1.10,7.27,3.12,-8.69,1.31,8.26,0,1.70,0.0809,0.0325,72,0.838,1.666,119.28,1.99,55.572,0
-23.38,12.44,3.56,0.9728,-0.0956,0.2086,-0.0311,-3.04,-1.53,6.60,-3.44,18.69,-2.31,7.43,0,1.70,0.0824,0.0346,73,0.723,1.143,94.94,1.58,56.295,0
-25.19,13.75,4.06,0.9686,-0.1030,0.2234,-0.0348,-3.47,-1.46,6.91,-23.38,39.44,-11.81,7.87,0,1.70,0.0880,0.0368,73,0.723,1.143,94.94,1.58,56.295,0
-27.88,16.44,5.06,0.9589,-0.1224,0.2521,-0.0439,-4.85,-1.74,9.27,-32.62,40.25,-20.25,10.61,0,1.70,0.0989,0.0425,73,0.723,1.143,94.94,1.58,56.295,0
phase1 acc_mag=13.888 gravity=9.609 motion=4.279 moving_avg=2.553 rms=3.313 mean_rms=3.492 max_rms=3.928 min_rms=3.213 std=0.234 var=0.055 state=standing thr=3.960/4.160/4.660
-29.19,19.69,6.31,0.9528,-0.1399,0.2642,-0.0530,-4.56,-1.93,14.01,-23.06,17.75,-27.31,14.86,0,1.70,0.1036,0.0477,73,0.723,1.143,94.94,1.58,56.295,0
-27.81,22.88,8.69,0.9498,-0.1618,0.2580,-0.0723,-8.15,-6.13,13.90,10.38,-40.00,-14.31,17.24,0,1.70,0.1027,0.0540,73,0.723,1.143,94.94,1.58,56.295,0
-23.38,15.94,8.12,0.9703,-0.1084,0.2048,-0.0685,-5.17,-2.89,7.80,90.50,-96.00,15.19,9.79,0,1.70,0.0825,0.0365,73,0.723,1.143,94.94,1.58,56.295,0
-17.75,9.88,278.25,0.7446,-0.1646,0.0629,0.6438,-1.77,-1.34,3.28,55.00,-72.75,26.62,3.96,0,1.70,-0.0236,0.0652,74,0.845,1.858,131.87,2.20,57.140,0
phase1 acc_mag=2.492 gravity=9.859 motion=7.367 moving_avg=3.145 rms=3.922 mean_rms=3.570 max_rms=3.928 min_rms=3.213 std=0.242 var=0.059 state=standing thr=4.054/4.254/4.754
-15.50,7.88,277.19,0.7417,-0.1396,0.0573,0.6536,-0.95,-0.14,1.75,-0.50,-1.56,9.94,2.00,2,0.20,-0.0195,0.0564,74,0.845,1.858,131.87,2.20,57.140,0
-17.06,8.19,276.50,0.7346,-0.1526,0.0673,0.6577,-1.75,-0.66,4.66,-5.75,32.94,18.88,5.02,0,1.70,-0.0204,0.0626,74,0.845,1.858,131.87,2.20,57.140,0
-21.38,11.19,277.12,0.7333,-0.1930,0.0786,0.6472,-4.41,-1.45,11.20,-47.88,58.56,-19.94,12.12,0,1.70,-0.0269,0.0769,74,0.845,1.858,131.87,2.20,57.140,0
-24.12,14.88,278.50,0.7344,-0.2314,0.0807,0.6329,-6.92,-2.65,12.53,-26.00,27.56,-8.00,14.56,0,1.70,-0.0349,0.0884,74,0.845,1.858,131.87,2.20,57.140,0
phase1 acc_mag=12.630 gravity=9.636 motion=2.994 moving_avg=3.154 rms=3.890 mean_rms=3.627 max_rms=3.998 min_rms=3.213 std=0.289 var=0.084 state=standing thr=4.205/4.405/4.905
-24.62,14.75,277.88,0.7310,-0.2315,0.0839,0.6364,-4.04,-1.13,10.03,8.12,0.12,12.94,10.87,0,1.70,-0.0344,0.0891,74,0.845,1.858,131.87,2.20,57.140,0
-24.56,13.69,277.06,0.7269,-0.2240,0.0873,0.6433,-3.99,-1.32,8.72,12.44,-10.12,11.94,9.68,0,1.70,-0.0322,0.0876,74,0.845,1.858,131.87,2.20,57.140,0
-24.00,12.44,276.38,0.7252,-0.2150,0.0886,0.6481,-3.69,-1.55,7.42,9.56,-9.19,9.12,8.43,0,1.70,-0.0300,0.0853,74,0.845,1.858,131.87,2.20,57.140,0
phase1 acc_mag=7.336 gravity=9.613 motion=2.277 moving_avg=2.588 rms=3.416 mean_rms=3.577 max_rms=3.998 min_rms=3.213 std=0.273 var=0.075 state=standing thr=4.123/4.323/4.823
-23.81,12.25,276.06,0.7236,-0.2131,0.0874,0.6507,-3.32,-1.57,6.35,-5.19,2.75,0.75,7.34,0,1.70,-0.0302,0.0844,75,0.756,1.350,107.14,1.79,57.896,0
-24.81,13.56,276.31,0.7225,-0.2293,0.0886,0.6462,-3.53,-1.86,6.55,-17.75,19.44,-6.69,7.67,0,1.70,-0.0337,0.0892,75,0.756,1.350,107.14,1.79,57.896,0
-27.12,15.56,276.44,0.7181,-0.2550,0.0944,0.6406,-4.92,-1.84,9.28,-37.81,44.44,-8.62,10.66,0,1.70,-0.0382,0.0974,75,0.756,1.350,107.14,1.79,57.896,0
-29.25,18.31,276.19,0.7110,-0.2795,0.0948,0.6382,-5.92,-2.13,12.83,-26.19,21.00,5.00,14.29,0,1.70,-0.0444,0.1037,75,0.756,1.350,107.14,1.79,57.896,0
phase1 acc_mag=17.607 gravity=9.943 motion=7.665 moving_avg=3.072 rms=3.798 mean_rms=3.608 max_rms=3.998 min_rms=3.217 std=0.254 var=0.065 state=standing thr=4.117/4.317/4.817
-29.19,18.75,276.00,0.7101,-0.2803,0.0917,0.6393,-7.83,-2.96,15.49,2.75,-13.56,-3.88,17.61,0,1.70,-0.0456,0.1031,75,0.756,1.350,107.14,1.79,57.896,0
-24.69,13.12,275.75,0.7202,-0.2234,0.0886,0.6509,-6.21,-2.93,9.94,81.31,-70.88,13.38,12.08,0,1.70,-0.0327,0.0874,75,0.756,1.350,107.14,1.79,57.896,0
-20.56,6.88,273.94,0.7205,-0.1569,0.0916,0.6693,-2.29,-3.29,6.64,41.62,-73.19,42.94,7.76,0,1.70,-0.0156,0.0697,75,0.756,1.350,107.14,1.79,57.896,0
-17.25,1.12,272.88,0.7167,-0.1105,0.1024,0.6809,-1.82,2.31,0.14,65.81,-35.75,47.62,2.94,0,1.70,-0.0008,0.0596,76,0.818,1.690,123.97,2.07,58.714,0
phase1 acc_mag=2.817 gravity=9.717 motion=6.900 moving_avg=3.566 rms=4.310 mean_rms=3.745 max_rms=4.310 min_rms=3.348 std=0.231 var=0.054 state=slow thr=4.208/4.408/4.908
-16.50,0.31,270.94,0.7045,-0.1061,0.1008,0.6944,-0.44,0.57,3.82,-24.62,31.69,9.19,3.89,0,1.70,-0.0011,0.0579,76,0.818,1.690,123.97,2.07,58.714,0
-20.62,4.06,271.75,0.7060,-0.1493,0.1049,0.6843,-6.64,-1.05,10.45,-49.69,57.38,-46.00,12.43,0,1.70,-0.0113,0.0709,76,0.818,1.690,123.97,2.07,58.714,0
-22.19,7.69,274.19,0.7166,-0.1788,0.0991,0.6668,-5.95,-1.04,12.67,-3.75,11.94,8.12,14.04,0,1.70,-0.0193,0.0777,76,0.818,1.690,123.97,2.07,58.714,0
phase1 acc_mag=10.723 gravity=9.690 motion=1.033 moving_avg=3.264 rms=3.950 mean_rms=3.833 max_rms=4.319 min_rms=3.414 std=0.277 var=0.076 state=standing thr=4.386/4.586/5.086
-22.25,6.56,273.12,0.7116,-0.1724,0.1032,0.6732,-3.74,0.04,10.05,15.94,-9.62,21.19,10.72,0,1.70,-0.0171,0.0769,76,0.818,1.690,123.97,2.07,58.714,0
-21.19,4.06,271.50,0.7038,-0.1526,0.1085,0.6852,-3.27,-0.13,8.56,19.06,-15.62,17.50,9.16,0,1.70,-0.0113,0.0727,76,0.818,1.690,123.97,2.07,58.714,0
-20.12,2.31,271.00,0.7022,-0.1364,0.1114,0.6898,-3.39,0.47,7.45,21.69,-5.25,-4.69,8.20,0,1.70,-0.0064,0.0691,77,0.748,1.423,114.07,1.90,59.462,1
-20.69,2.44,270.19,0.6965,-0.1416,0.1130,0.6942,-2.64,0.11,6.36,1.31,7.88,4.19,6.89,0,1.70,-0.0078,0.0708,77,0.748,1.423,114.07,1.90,59.462,0
phase1 acc_mag=7.239 gravity=9.430 motion=2.191 moving_avg=2.792 rms=3.513 mean_rms=3.772 max_rms=4.319 min_rms=3.414 std=0.277 var=0.077 state=standing thr=4.327/4.527/5.027
-22.12,3.44,270.06,0.6946,-0.1597,0.1158,0.6918,-3.73,-0.48,6.73,-25.31,31.38,-19.12,7.71,0,1.70,-0.0120,0.0764,77,0.748,1.423,114.07,1.90,59.462,0
-24.19,6.25,271.31,0.6983,-0.1833,0.1147,0.6824,-3.60,-0.71,6.95,-38.00,37.75,-21.38,7.86,0,1.70,-0.0180,0.0825,77,0.748,1.423,114.07,1.90,59.462,0
-26.81,10.25,272.44,0.7002,-0.2275,0.1100,0.6678,-4.54,-0.78,8.80,-63.69,47.38,-36.19,9.93,0,1.70,-0.0300,0.0931,77,0.748,1.423,114.07,1.90,59.462,0
-29.44,15.69,274.25,0.7036,-0.2692,0.1041,0.6495,-5.66,-0.95,13.23,-40.00,42.50,-29.69,14.42,0,1.70,-0.0406,0.1028,77,0.748,1.423,114.07,1.90,59.462,0
phase1 acc_mag=17.726 gravity=9.725 motion=8.001 moving_avg=3.041 rms=3.773 mean_rms=3.772 max_rms=4.319 min_rms=3.419 std=0.275 var=0.076 state=standing thr=4.322/4.522/5.022
-29.56,16.75,275.50,0.7087,-0.2703,0.1028,0.6434,-6.98,-2.24,15.31,39.69,-25.31,10.56,16.97,0,1.70,-0.0404,0.1031,77,0.748,1.423,114.07,1.90,59.462,0
-25.88,10.50,274.62,0.7144,-0.2050,0.1072,0.6605,-5.65,-1.44,10.05,75.69,-89.75,30.25,11.62,0,1.70,-0.0235,0.0869,77,0.748,1.423,114.07,1.90,59.462,0
-19.25,4.25,273.00,0.7150,-0.1413,0.0970,0.6778,-3.21,-1.10,5.35,53.50,-80.06,25.75,6.34,0,1.70,-0.0106,0.0667,78,0.843,1.466,104.35,1.74,60.305,1
phase1 acc_mag=2.175 gravity=9.369 motion=7.194 moving_avg=3.287 rms=4.028 mean_rms=3.880 max_rms=4.319 min_rms=3.512 std=0.249 var=0.062 state=standing thr=4.378/4.578/5.078
-15.50,1.25,271.75,0.7107,-0.0992,0.0880,0.6909,-0.27,0.28,2.14,6.38,-32.00,18.38,2.18,0,1.70,-0.0024,0.0525,78,0.843,1.466,104.35,1.74,60.305,0
-16.56,2.06,271.00,0.7059,-0.1138,0.0904,0.6932,-0.02,0.39,3.77,-20.56,55.75,-13.75,3.79,0,1.70,-0.0060,0.0572,78,0.843,1.466,104.35,1.74,60.305,0
-21.31,5.69,272.62,0.7101,-0.1620,0.1016,0.6776,-4.51,-0.45,9.44,-52.12,85.06,-47.88,10.47,0,1.70,-0.0151,0.0735,78,0.843,1.466,104.35,1.74,60.305,0
-25.69,11.12,274.88,0.7147,-0.2227,0.1036,0.6549,-5.81,-1.79,12.28,-45.12,43.12,-18.00,13.70,0,1.70,-0.0287,0.0908,78,0.843,1.466,104.35,1.74,60.305,0
phase1 acc_mag=12.805 gravity=9.695 motion=3.110 moving_avg=3.188 rms=3.844 mean_rms=3.894 max_rms=4.279 min_rms=3.512 std=0.254 var=0.064 state=standing thr=4.402/4.602/5.102
-27.31,14.44,275.25,0.7126,-0.2476,0.0980,0.6490,-5.20,-1.93,11.15,-23.69,11.69,-9.69,12.45,0,1.70,-0.0364,0.0960,78,0.843,1.466,104.35,1.74,60.305,0
-28.06,15.50,275.06,0.7095,-0.2559,0.0976,0.6494,-4.95,-1.51,9.50,-6.06,5.69,3.50,10.82,0,1.70,-0.0388,0.0980,78,0.843,1.466,104.35,1.74,60.305,0
-28.62,14.88,274.38,0.7048,-0.2550,0.1042,0.6537,-5.10,-1.72,8.79,12.75,3.19,13.44,10.31,0,1.70,-0.0373,0.0991,78,0.843,1.466,104.35,1.74,60.305,0
-28.62,13.56,273.88,0.7033,-0.2486,0.1089,0.6570,-4.33,-1.34,7.89,9.00,-2.50,2.56,9.10,0,1.70,-0.0347,0.0986,78,0.843,1.466,104.35,1.74,60.305,0
phase1 acc_mag=9.167 gravity=9.484 motion=0.317 moving_avg=2.715 rms=3.511 mean_rms=3.803 max_rms=4.244 min_rms=3.511 std=0.241 var=0.058 state=standing thr=4.285/4.485/4.985
-28.56,13.50,274.31,0.7059,-0.2470,0.1096,0.6547,-4.90,-1.59,7.57,4.94,-2.25,-5.25,9.16,0,1.70,-0.0337,0.0985,78,0.843,1.466,104.35,1.74,60.305,0
-28.50,12.94,274.25,0.7064,-0.2435,0.1122,0.6552,-4.30,-1.18,7.76,-0.06,1.44,-1.12,8.95,0,1.70,-0.0321,0.0982,78,0.843,1.466,104.35,1.74,60.305,0
-28.75,13.31,274.81,0.7087,-0.2466,0.1132,0.6512,-4.49,-1.34,8.30,-0.56,3.88,-4.50,9.53,0,1.70,-0.0321,0.0994,78,0.843,1.466,104.35,1.74,60.305,0
-29.00,13.25,274.94,0.7090,-0.2475,0.1152,0.6501,-4.86,-1.41,8.56,-5.12,4.00,-2.62,9.94,0,1.70,-0.0317,0.1002,78,0.843,1.466,104.35,1.74,60.305,0
phase1 acc_mag=9.824 gravity=9.765 motion=0.059 moving_avg=2.393 rms=3.398 mean_rms=3.768 max_rms=4.244 min_rms=3.398 std=0.270 var=0.073 state=standing thr=4.309/4.509/5.009
-29.12,12.94,274.81,0.7084,-0.2463,0.1175,0.6510,-4.95,-1.33,8.48,-5.25,0.12,-1.38,9.91,0,1.70,-0.0309,0.1004,78,0.843,1.466,104.35,1.74,60.305,0
-28.94,12.88,274.62,0.7076,-0.2451,0.1160,0.6525,-4.59,-1.47,8.34,-2.19,-6.50,1.94,9.63,0,1.70,-0.0311,0.0997,78,0.843,1.466,104.35,1.74,60.305,0
-28.69,12.94,274.69,0.7083,-0.2441,0.1145,0.6525,-4.45,-1.35,7.69,0.50,-0.50,1.88,8.99,0,1.70,-0.0313,0.0990,78,0.843,1.466,104.35,1.74,60.305,0
phase1 acc_mag=8.974 gravity=9.255 motion=0.280 moving_avg=1.776 rms=2.737 mean_rms=3.694 max_rms=4.244 min_rms=2.737 std=0.346 var=0.120 state=standing thr=4.386/4.586/5.086
-28.94,13.00,274.50,0.7065,-0.2468,0.1161,0.6530,-4.49,-1.52,7.62,-4.56,10.12,2.19,8.97,0,1.70,-0.0316,0.1001,78,0.843,1.466,104.35,1.74,60.305,0
-29.88,14.06,274.88,0.7067,-0.2579,0.1173,0.6484,-5.39,-1.84,8.75,-4.75,11.12,-5.00,10.44,0,1.70,-0.0337,0.1033,78,0.843,1.466,104.35,1.74,60.305,0
-30.12,14.50,275.19,0.7078,-0.2603,0.1171,0.6461,-5.19,-1.42,10.16,-2.50,-1.38,-6.44,11.50,0,1.70,-0.0341,0.1040,78,0.843,1.466,104.35,1.74,60.305,0
-29.44,14.19,275.62,0.7124,-0.2518,0.1151,0.6449,-6.00,-1.34,12.65,26.06,-20.12,-1.12,14.06,0,1.70,-0.0322,0.1014,78,0.843,1.466,104.35,1.74,60.305,0
phase1 acc_mag=15.546 gravity=10.097 motion=5.449 moving_avg=1.477 rms=2.293 mean_rms=3.393 max_rms=4.244 min_rms=2.293 std=0.520 var=0.271 state=standing thr=4.433/4.633/5.133
-26.88,11.19,275.62,0.7177,-0.2231,0.1132,0.6498,-7.53,-2.82,12.16,59.69,-61.00,17.56,14.58,0,1.70,-0.0255,0.0935,78,0.843,1.466,104.35,1.74,60.305,0
-21.75,4.94,274.56,0.7209,-0.1585,0.1112,0.6655,-3.57,-1.57,5.83,75.88,-88.06,28.06,7.01,0,1.70,-0.0101,0.0753,78,0.843,1.466,104.35,1.74,60.305,0
-17.56,0.25,273.31,0.7181,-0.1031,0.1092,0.6796,-0.40,0.70,1.85,23.50,-35.69,20.81,2.02,0,1.70,0.0033,0.0593,79,0.795,0.506,38.17,0.64,61.100,0
-17.12,-0.06,272.62,0.7147,-0.1053,0.1092,0.6827,-0.02,0.78,1.89,-10.19,23.12,11.00,2.04,0,1.70,0.0025,0.0599,79,0.795,0.506,38.17,0.64,61.100,0
phase1 acc_mag=2.930 gravity=9.282 motion=6.352 moving_avg=1.812 rms=3.004 mean_rms=3.076 max_rms=3.810 min_rms=2.016 std=0.526 var=0.277 state=standing thr=4.128/4.328/4.828
-20.69,3.44,273.56,0.7167,-0.1439,0.1114,0.6732,-3.70,-0.22,6.33,-61.12,59.62,-41.81,7.34,0,1.70,-0.0068,0.0712,79,0.795,0.506,38.17,0.64,61.100,0
-24.06,10.12,276.06,0.7247,-0.2014,0.1005,0.6513,-5.83,-2.52,11.67,-68.19,54.38,-40.56,13.29,0,1.70,-0.0234,0.0846,79,0.795,0.506,38.17,0.64,61.100,0
-27.19,14.62,277.06,0.7227,-0.2443,0.1003,0.6387,-6.10,-2.05,11.90,-26.19,33.81,-3.69,13.53,0,1.70,-0.0334,0.0963,79,0.795,0.506,38.17,0.64,61.100,0
-28.19,15.19,276.88,0.7195,-0.2532,0.1047,0.6382,-4.62,-1.39,10.65,0.25,6.62,4.31,11.69,0,1.70,-0.0345,0.0996,79,0.795,0.506,38.17,0.64,61.100,0
phase1 acc_mag=11.158 gravity=9.614 motion=1.544 moving_avg=2.357 rms=3.374 mean_rms=2.983 max_rms=3.511 min_rms=2.016 std=0.452 var=0.205 state=standing thr=3.887/4.087/4.587
-28.50,14.75,276.50,0.7177,-0.2520,0.1077,0.6402,-4.83,-1.58,9.24,7.00,-4.19,13.44,10.55,0,1.70,-0.0336,0.0999,79,0.795,0.506,38.17,0.64,61.100,0
-28.06,13.19,275.88,0.7157,-0.2390,0.1120,0.6467,-4.50,-1.62,7.86,20.56,-12.75,15.00,9.20,0,1.70,-0.0297,0.0974,79,0.795,0.506,38.17,0.64,61.100,0
-27.62,11.44,275.25,0.7142,-0.2291,0.1164,0.6511,-4.07,-1.35,6.90,12.81,-3.50,7.44,8.12,0,1.70,-0.0264,0.0958,79,0.795,0.506,38.17,0.64,61.100,0
-27.81,11.00,275.25,0.7140,-0.2278,0.1196,0.6512,-4.25,-1.29,7.13,-0.69,6.88,-2.50,8.40,0,1.70,-0.0252,0.0962,80,0.743,1.140,92.02,1.53,61.843,0
phase1 acc_mag=8.460 gravity=9.533 motion=1.074 moving_avg=2.533 rms=3.412 mean_rms=2.968 max_rms=3.412 min_rms=2.016 std=0.437 var=0.191 state=standing thr=3.843/4.043/4.543
-28.50,11.75,275.62,0.7148,-0.2351,0.1208,0.6475,-4.70,-1.54,7.84,-10.50,14.75,-11.56,9.27,0,1.70,-0.0263,0.0985,80,0.743,1.140,92.02,1.53,61.843,0
-29.44,13.00,276.06,0.7147,-0.2487,0.1222,0.6422,-5.01,-1.60,8.54,-13.25,16.88,-8.94,10.03,0,1.70,-0.0289,0.1025,80,0.743,1.140,92.02,1.53,61.843,0
-30.25,14.12,276.31,0.7141,-0.2578,0.1224,0.6393,-5.19,-1.61,8.77,-8.06,6.88,-1.75,10.32,0,1.70,-0.0309,0.1049,80,0.743,1.140,92.02,1.53,61.843,0
-30.38,14.12,276.25,0.7136,-0.2581,0.1230,0.6396,-5.19,-1.69,8.65,-3.25,-0.25,-1.62,10.23,0,1.70,-0.0309,0.1052,80,0.743,1.140,92.02,1.53,61.843,0
phase1 acc_mag=9.899 gravity=9.651 motion=0.249 moving_avg=2.562 rms=3.415 mean_rms=3.022 max_rms=3.416 min_rms=2.016 std=0.454 var=0.206 state=standing thr=3.930/4.130/4.630
-30.19,13.81,276.19,0.7139,-0.2552,0.1233,0.6403,-5.21,-1.81,8.38,-0.06,-1.06,-1.00,10.03,0,1.70,-0.0302,0.1045,80,0.743,1.140,92.02,1.53,61.843,0
-30.06,13.50,276.19,0.7144,-0.2525,0.1243,0.6406,-4.94,-1.78,8.04,2.81,-2.12,-0.56,9.60,0,1.70,-0.0292,0.1040,80,0.743,1.140,92.02,1.53,61.843,0
-30.00,13.06,276.19,0.7148,-0.2498,0.1258,0.6409,-4.78,-1.61,7.82,3.50,-0.69,-1.31,9.31,0,1.70,-0.0281,0.1037,80,0.743,1.140,92.02,1.53,61.843,0
phase1 acc_mag=9.363 gravity=9.059 motion=0.304 moving_avg=2.002 rms=3.080 mean_rms=3.197 max_rms=3.416 min_rms=2.016 std=0.342 var=0.117 state=standing thr=3.880/4.080/4.580
-30.00,12.94,276.25,0.7153,-0.2494,0.1270,0.6404,-4.76,-1.75,7.87,0.19,2.38,-0.81,9.36,0,1.70,-0.0275,0.1039,80,0.743,1.140,92.02,1.53,61.843,0
-30.12,12.94,276.38,0.7158,-0.2502,0.1277,0.6394,-4.76,-1.69,7.98,-2.06,1.81,-3.06,9.44,0,1.70,-0.0274,0.1043,80,0.743,1.140,92.02,1.53,61.843,0
-30.38,13.12,276.44,0.7153,-0.2521,0.1283,0.6390,-4.93,-1.74,8.17,-3.19,3.75,-1.94,9.70,0,1.70,-0.0277,0.1049,80,0.743,1.140,92.02,1.53,61.843,0
-30.44,13.31,276.50,0.7155,-0.2537,0.1281,0.6382,-4.89,-1.55,8.11,-1.69,1.38,-0.50,9.60,0,1.70,-0.0281,0.1053,80,0.743,1.140,92.02,1.53,61.843,0
phase1 acc_mag=9.552 gravity=10.049 motion=0.497 moving_avg=0.967 rms=1.579 mean_rms=3.126 max_rms=3.416 min_rms=1.579 std=0.502 var=0.252 state=standing thr=4.131/4.331/4.831
-30.50,13.50,276.56,0.7156,-0.2547,0.1277,0.6377,-4.87,-1.81,8.16,-1.94,1.75,-0.69,9.67,0,1.70,-0.0284,0.1055,80,0.743,1.140,92.02,1.53,61.843,0
-30.50,13.50,276.56,0.7156,-0.2550,0.1279,0.6376,-4.94,-1.67,8.05,-0.12,-0.69,-0.81,9.59,0,1.70,-0.0284,0.1056,80,0.743,1.140,92.02,1.53,61.843,0
-30.56,13.44,276.50,0.7153,-0.2546,0.1287,0.6379,-4.93,-1.81,8.03,0.69,-0.12,2.00,9.59,0,1.70,-0.0282,0.1057,80,0.743,1.140,92.02,1.53,61.843,0
-30.62,13.44,276.50,0.7152,-0.2550,0.1292,0.6378,-5.00,-1.79,8.01,-2.50,2.94,0.00,9.61,0,1.70,-0.0281,0.1059,80,0.743,1.140,92.02,1.53,61.843,0
phase1 acc_mag=9.610 gravity=9.473 motion=0.136 moving_avg=0.389 rms=0.566 mean_rms=2.638 max_rms=3.416 min_rms=0.566 std=1.014 var=1.029 state=standing thr=4.666/4.866/5.366
-30.69,13.50,276.44,0.7147,-0.2559,0.1292,0.6381,-5.06,-1.82,7.96,-0.75,-0.38,-2.25,9.61,0,1.70,-0.0284,0.1061,80,0.743,1.140,92.02,1.53,61.843,0
-30.75,13.56,276.44,0.7146,-0.2565,0.1290,0.6379,-5.09,-1.84,7.97,-1.81,1.81,-0.06,9.63,0,1.70,-0.0286,0.1062,80,0.743,1.140,92.02,1.53,61.843,0
-30.81,13.62,276.38,0.7139,-0.2574,0.1290,0.6383,-5.06,-1.89,8.15,-2.19,1.25,-0.19,9.78,0,1.70,-0.0289,0.1064,80,0.743,1.140,92.02,1.53,61.843,0
-30.88,13.75,276.25,0.7129,-0.2585,0.1288,0.6390,-4.99,-1.90,8.19,-1.69,0.25,1.12,9.78,0,1.70,-0.0293,0.1066,80,0.743,1.140,92.02,1.53,61.843,0
phase1 acc_mag=9.857 gravity=9.677 motion=0.180 moving_avg=0.221 rms=0.303 mean_rms=1.986 max_rms=3.416 min_rms=0.303 std=1.244 var=1.548 state=standing thr=4.474/4.674/5.174
-30.94,13.81,276.19,0.7124,-0.2596,0.1287,0.6392,-4.94,-1.89,8.17,-2.81,1.88,0.06,9.73,0,1.70,-0.0297,0.1069,80,0.743,1.140,92.02,1.53,61.843,0
-31.06,13.94,276.12,0.7118,-0.2605,0.1284,0.6395,-5.05,-2.01,8.18,-2.56,-0.25,1.12,9.82,0,1.70,-0.0301,0.1070,80,0.743,1.140,92.02,1.53,61.843,0
-31.12,14.06,276.12,0.7117,-0.2619,0.1281,0.6391,-5.12,-1.99,8.28,-2.06,1.06,-0.31,9.94,0,1.70,-0.0305,0.1073,80,0.743,1.140,92.02,1.53,61.843,0
phase1 acc_mag=9.937 gravity=9.625 motion=0.312 moving_avg=0.158 rms=0.196 mean_rms=1.318 max_rms=3.396 min_rms=0.192 std=1.149 var=1.319 state=standing thr=3.615/3.815/4.315
-31.12,14.12,276.12,0.7118,-0.2620,0.1281,0.6390,-5.22,-1.94,8.23,-0.62,0.44,-1.69,9.94,0,1.70,-0.0305,0.1073,80,0.743,1.140,92.02,1.53,61.843,0
-31.06,14.06,276.19,0.7123,-0.2612,0.1280,0.6387,-5.14,-1.85,8.21,0.88,-1.19,0.19,9.86,0,1.70,-0.0303,0.1071,80,0.743,1.140,92.02,1.53,61.843,0
-30.94,14.00,276.25,0.7126,-0.2603,0.1278,0.6388,-4.99,-1.89,8.14,2.19,-2.44,-0.25,9.73,0,1.70,-0.0301,0.1069,80,0.743,1.140,92.02,1.53,61.843,0
-30.88,13.94,276.19,0.7126,-0.2597,0.1278,0.6390,-5.18,-1.94,8.18,-0.50,0.62,-0.25,9.87,0,1.70,-0.0299,0.1067,80,0.743,1.140,92.02,1.53,61.843,0
phase1 acc_mag=9.766 gravity=9.708 motion=0.057 moving_avg=0.162 rms=0.197 mean_rms=0.719 max_rms=2.885 min_rms=0.192 std=0.704 var=0.496 state=standing thr=2.127/2.327/2.827
-30.88,13.88,276.12,0.7123,-0.2593,0.1280,0.6395,-4.96,-1.80,8.08,0.81,-1.56,0.94,9.65,0,1.70,-0.0299,0.1066,80,0.743,0.000,0.00,0.00,61.843,0
-30.88,13.81,276.12,0.7121,-0.2589,0.1277,0.6400,-4.97,-1.82,8.09,0.25,-1.12,2.38,9.67,0,1.70,-0.0299,0.1064,80,0.743,0.000,0.00,0.00,61.843,0
-30.88,13.81,276.00,0.7115,-0.2592,0.1277,0.6406,-5.12,-1.85,8.14,-0.69,-0.25,1.44,9.79,0,1.70,-0.0301,0.1065,80,0.743,0.000,0.00,0.00,61.843,0
-30.81,13.94,276.06,0.7120,-0.2595,0.1271,0.6400,-5.13,-1.44,9.54,0.69,-1.50,-4.69,10.93,0,1.70,-0.0302,0.1064,80,0.743,0.000,0.00,0.00,61.843,0
phase1 acc_mag=12.429 gravity=9.810 motion=2.620 moving_avg=0.198 rms=0.382 mean_rms=0.354 max_rms=1.283 min_rms=0.178 std=0.235 var=0.055 state=standing thr=0.824/1.024/1.524
-30.25,14.12,276.44,0.7155,-0.2550,0.1226,0.6388,-5.76,-2.04,12.40,1.12,-17.88,-9.94,13.82,0,1.70,-0.0301,0.1043,80,0.743,0.000,0.00,0.00,61.843,0
-27.00,10.44,276.69,0.7236,-0.2184,0.1201,0.6436,-7.67,-2.80,12.89,65.88,-62.88,14.81,15.26,0,1.70,-0.0215,0.0941,80,0.743,0.000,0.00,0.00,61.843,0
-21.75,3.62,275.75,0.7280,-0.1490,0.1201,0.6583,-4.58,-1.90,7.06,83.06,-85.00,28.88,8.63,0,1.70,-0.0043,0.0750,80,0.743,0.000,0.00,0.00,61.843,0
-16.50,-1.38,274.94,0.7293,-0.0884,0.1140,0.6688,-1.10,-0.32,1.70,38.75,-43.94,15.62,2.05,0,1.70,0.0096,0.0563,81,0.813,0.000,0.00,0.00,62.656,0
phase1 acc_mag=1.134 gravity=9.925 motion=8.791 moving_avg=1.118 rms=2.335 mean_rms=0.508 max_rms=2.335 min_rms=0.178 std=0.541 var=0.293 state=running thr=1.590/1.790/2.290
-16.31,-1.38,274.38,0.7263,-0.0878,0.1123,0.6724,0.61,0.62,1.65,-24.12,37.94,2.56,1.87,2,0.20,0.0090,0.0557,81,0.813,0.000,0.00,0.00,62.656,0
-19.94,1.94,274.94,0.7264,-0.1375,0.1158,0.6633,-3.65,-0.53,6.62,-71.31,59.56,-34.88,7.58,0,1.70,-0.0028,0.0707,81,0.813,0.000,0.00,0.00,62.656,0
-24.25,9.19,277.44,0.7328,-0.1952,0.1093,0.6427,-5.96,-2.45,11.85,-67.31,61.25,-30.94,13.49,0,1.70,-0.0182,0.0853,81,0.813,0.000,0.00,0.00,62.656,0
phase1 acc_mag=13.606 gravity=9.649 motion=3.958 moving_avg=2.066 rms=3.300 mean_rms=1.066 max_rms=3.300 min_rms=0.178 std=1.152 var=1.326 state=standing thr=3.369/3.569/4.069
-27.00,12.75,277.88,0.7283,-0.2355,0.1110,0.6339,-6.35,-2.41,11.79,-39.25,43.38,-7.12,13.61,0,1.70,-0.0274,0.0967,81,0.813,0.000,0.00,0.00,62.656,0
-29.12,14.50,277.75,0.7233,-0.2543,0.1168,0.6313,-4.58,-1.38,10.04,-10.81,20.44,2.31,11.12,0,1.70,-0.0304,0.1031,81,0.813,0.000,0.00,0.00,62.656,0
-30.25,14.88,277.62,0.7208,-0.2606,0.1218,0.6307,-5.29,-2.05,9.12,2.62,7.31,7.81,10.74,0,1.70,-0.0306,0.1059,81,0.813,0.000,0.00,0.00,62.656,0
-30.31,14.12,277.31,0.7196,-0.2559,0.1254,0.6332,-4.95,-2.03,8.31,8.62,-4.69,5.19,9.88,0,1.70,-0.0287,0.1054,81,0.813,0.000,0.00,0.00,62.656,0
phase1 acc_mag=9.372 gravity=9.807 motion=0.435 moving_avg=2.222 rms=3.344 mean_rms=1.690 max_rms=3.344 min_rms=0.178 std=1.351 var=1.824 state=standing thr=4.391/4.591/5.091
-30.06,13.38,277.19,0.7200,-0.2512,0.1271,0.6343,-4.90,-1.85,7.41,8.88,-3.00,1.81,9.07,0,1.70,-0.0271,0.1046,81,0.813,0.000,0.00,0.00,62.656,0
-30.19,13.12,277.25,0.7202,-0.2513,0.1292,0.6336,-4.52,-1.49,8.21,-3.94,6.00,-0.94,9.49,0,1.70,-0.0265,0.1051,81,0.813,0.000,0.00,0.00,62.656,0
-30.38,14.25,277.38,0.7194,-0.2574,0.1245,0.6330,-5.74,-1.23,11.68,-4.50,-9.88,6.81,13.07,0,1.70,-0.0294,0.1056,81,0.813,0.000,0.00,0.00,62.656,0
-28.75,13.94,277.06,0.7208,-0.2482,0.1149,0.6369,-7.82,-2.41,13.41,10.81,-45.12,3.00,15.71,0,1.70,-0.0301,0.1008,81,0.813,0.000,0.00,0.00,62.656,0
phase1 acc_mag=14.122 gravity=10.233 motion=3.889 moving_avg=2.694 rms=3.629 mean_rms=2.332 max_rms=3.629 min_rms=0.178 std=1.252 var=1.567 state=standing thr=4.836/5.036/5.536
-23.81,9.25,275.75,0.7235,-0.1951,0.1029,0.6542,-5.16,-2.25,8.84,67.44,-74.69,29.69,10.48,0,1.70,-0.0213,0.0834,81,0.813,0.000,0.00,0.00,62.656,0
-20.31,4.56,274.44,0.7217,-0.1413,0.1039,0.6696,-2.49,-0.89,4.41,62.12,-58.12,33.75,5.14,0,1.70,-0.0078,0.0686,82,0.807,0.827,61.54,1.03,63.462,1
-18.06,1.75,273.19,0.7177,-0.1190,0.1038,0.6782,0.09,0.15,1.89,3.12,-5.62,13.19,1.90,2,0.20,-0.0025,0.0623,82,0.807,0.827,61.54,1.03,63.462,0
-20.19,2.94,272.94,0.7140,-0.1455,0.1107,0.6759,-1.85,-0.63,4.73,-41.62,56.56,-18.94,5.12,0,1.70,-0.0077,0.0715,82,0.807,0.827,61.54,1.03,63.462,0
phase1 acc_mag=10.183 gravity=9.117 motion=1.066 moving_avg=3.497 rms=4.322 mean_rms=3.108 max_rms=4.357 min_rms=0.983 std=0.801 var=0.642 state=standing thr=4.710/4.910/5.410
-24.94,7.94,274.38,0.7148,-0.1948,0.1152,0.6616,-7.23,-2.91,11.68,-52.12,73.69,-27.25,14.04,0,1.70,-0.0186,0.0862,82,0.807,0.827,61.54,1.03,63.462,0
-28.06,10.81,275.19,0.7134,-0.2277,0.1221,0.6514,-5.93,-1.68,11.28,-13.75,19.12,-9.62,12.85,0,1.70,-0.0245,0.0968,82,0.807,0.827,61.54,1.03,63.462,0
-28.44,11.31,275.56,0.7148,-0.2323,0.1223,0.6481,-4.34,-1.30,9.70,-3.19,-1.69,-2.88,10.71,0,1.70,-0.0253,0.0981,82,0.807,0.827,61.54,1.03,63.462,0
phase1 acc_mag=10.055 gravity=9.871 motion=0.184 moving_avg=3.003 rms=3.760 mean_rms=3.626 max_rms=4.357 min_rms=2.829 std=0.444 var=0.197 state=standing thr=4.515/4.715/5.215
-28.38,11.38,275.69,0.7154,-0.2321,0.1224,0.6476,-4.75,-1.69,8.70,1.06,0.44,2.38,10.06,0,1.70,-0.0251,0.0981,82,0.807,0.827,61.54,1.03,63.462,0
-28.12,10.81,275.69,0.7163,-0.2273,0.1234,0.6481,-4.53,-1.64,7.48,8.44,-6.88,0.38,8.90,0,1.70,-0.0236,0.0971,82,0.807,0.827,61.54,1.03,63.462,0
-27.94,10.75,276.00,0.7183,-0.2258,0.1233,0.6465,-3.96,-1.59,6.99,-3.62,7.81,-9.12,8.19,0,1.70,-0.0230,0.0967,83,0.722,1.168,97.09,1.62,64.184,1
-29.19,12.06,276.50,0.7184,-0.2396,0.1263,0.6407,-4.49,-1.75,7.75,-16.44,28.69,-10.44,9.13,0,1.70,-0.0251,0.1012,83,0.722,1.168,97.09,1.62,64.184,0
phase1 acc_mag=9.918 gravity=9.679 motion=0.239 moving_avg=2.452 rms=3.294 mean_rms=3.691 max_rms=4.357 min_rms=3.294 std=0.385 var=0.148 state=standing thr=4.461/4.661/5.161
-31.12,14.25,277.44,0.7188,-0.2617,0.1306,0.6308,-5.77,-1.52,10.00,-23.50,29.88,-17.19,11.64,0,1.70,-0.0285,0.1082,83,0.722,1.168,97.09,1.62,64.184,0
-31.94,16.00,278.06,0.7200,-0.2756,0.1285,0.6238,-6.39,-1.99,12.94,-6.25,1.00,-13.69,14.57,0,1.70,-0.0318,0.1114,83,0.722,1.168,97.09,1.62,64.184,0
-30.38,14.31,278.56,0.7270,-0.2505,0.1277,0.6264,-7.30,-2.17,11.95,51.69,-44.19,12.50,14.17,0,1.70,-0.0256,0.1049,83,0.722,1.168,97.09,1.62,64.184,0
-25.94,7.56,277.44,0.7310,-0.1945,0.1289,0.6412,-5.31,-1.35,7.68,68.56,-72.06,25.81,9.43,0,1.70,-0.0122,0.0899,83,0.722,1.168,97.09,1.62,64.184,0
phase1 acc_mag=8.427 gravity=10.167 motion=1.740 moving_avg=2.907 rms=3.613 mean_rms=3.718 max_rms=4.357 min_rms=3.293 std=0.368 var=0.135 state=standing thr=4.454/4.654/5.154
-22.12,3.69,276.56,0.7323,-0.1508,0.1229,0.6526,-2.59,-1.65,4.51,30.19,-66.69,25.38,5.46,0,1.70,-0.0034,0.0762,84,0.793,1.858,140.52,2.34,64.978,1
-19.69,1.19,275.81,0.7313,-0.1220,0.1203,0.6602,-0.62,-0.38,2.28,-5.69,15.25,0.62,2.39,0,1.70,0.0030,0.0675,84,0.793,1.858,140.52,2.34,64.978,0
-22.62,4.12,276.12,0.7290,-0.1567,0.1237,0.6548,-2.59,-2.05,6.54,-67.19,70.94,-25.12,7.33,0,1.70,-0.0050,0.0781,84,0.793,1.858,140.52,2.34,64.978,0
phase1 acc_mag=13.739 gravity=8.954 motion=4.785 moving_avg=3.407 rms=4.100 mean_rms=3.826 max_rms=4.357 min_rms=3.293 std=0.354 var=0.125 state=standing thr=4.533/4.733/5.233
-27.31,8.50,277.00,0.7259,-0.2126,0.1323,0.6406,-6.48,-1.93,11.96,-39.44,36.06,-20.69,13.74,0,1.70,-0.0161,0.0956,84,0.793,1.858,140.52,2.34,64.978,0
-28.56,11.19,277.62,0.7263,-0.2299,0.1282,0.6349,-5.65,-1.81,11.73,-1.62,-5.19,3.88,13.15,0,1.70,-0.0211,0.0993,84,0.793,1.858,140.52,2.34,64.978,0
-27.81,10.31,277.31,0.7260,-0.2213,0.1273,0.6385,-4.57,-0.59,9.47,14.12,-18.50,8.25,10.53,0,1.70,-0.0196,0.0968,84,0.793,1.858,140.52,2.34,64.978,0
-26.81,9.06,276.94,0.7259,-0.2068,0.1264,0.6437,-4.18,-1.07,7.81,18.06,-14.56,11.75,8.92,0,1.70,-0.0165,0.0926,84,0.793,1.858,140.52,2.34,64.978,0
phase1 acc_mag=8.612 gravity=10.155 motion=1.542 moving_avg=2.806 rms=3.481 mean_rms=3.785 max_rms=4.357 min_rms=3.293 std=0.338 var=0.114 state=standing thr=4.460/4.660/5.160
-26.19,7.56,276.38,0.7245,-0.1967,0.1287,0.6479,-4.06,-1.11,7.09,15.88,-9.62,10.12,8.25,0,1.70,-0.0137,0.0904,84,0.793,1.858,140.52,2.34,64.978,0
-25.94,6.88,276.25,0.7244,-0.1921,0.1309,0.6491,-3.19,-0.89,6.36,-3.44,9.00,-0.31,7.17,0,1.70,-0.0120,0.0896,85,0.753,1.360,108.30,1.81,65.731,0
-27.56,8.38,276.44,0.7226,-0.2090,0.1340,0.6451,-4.08,-1.21,6.49,-23.88,32.69,-8.62,7.76,0,1.70,-0.0152,0.0950,85,0.753,1.360,108.30,1.81,65.731,0
-30.00,11.56,277.25,0.7215,-0.2401,0.1356,0.6352,-5.46,-1.58,9.04,-42.94,40.38,-22.44,10.68,0,1.70,-0.0219,0.1037,85,0.753,1.360,108.30,1.81,65.731,0
phase1 acc_mag=12.109 gravity=9.465 motion=2.644 moving_avg=2.672 rms=3.316 mean_rms=3.615 max_rms=4.186 min_rms=3.293 std=0.297 var=0.088 state=standing thr=4.209/4.409/4.909
-31.56,15.75,278.19,0.7209,-0.2718,0.1279,0.6246,-5.02,-1.37,13.75,-42.94,16.88,-16.12,14.70,0,1.70,-0.0310,0.1103,85,0.753,1.360,108.30,1.81,65.731,0
-31.19,17.19,278.81,0.7247,-0.2732,0.1200,0.6211,-8.06,-3.17,14.40,24.00,-32.19,0.31,16.80,0,1.70,-0.0331,0.1090,85,0.753,1.360,108.30,1.81,65.731,0
-27.81,11.81,278.00,0.7292,-0.2215,0.1210,0.6360,-6.09,-2.12,8.73,65.44,-63.62,32.88,10.85,0,1.70,-0.0211,0.0954,85,0.753,1.360,108.30,1.81,65.731,0
-23.69,6.06,276.75,0.7303,-0.1675,0.1194,0.6514,-3.26,-2.49,5.24,49.75,-69.56,34.44,6.65,0,1.70,-0.0088,0.0800,85,0.753,1.360,108.30,1.81,65.731,0
phase1 acc_mag=4.818 gravity=10.190 motion=5.372 moving_avg=3.255 rms=3.891 mean_rms=3.675 max_rms=4.186 min_rms=3.302 std=0.289 var=0.084 state=standing thr=4.254/4.454/4.954
-20.81,2.31,275.38,0.7272,-0.1362,0.1210,0.6619,-0.99,-0.28,1.89,26.12,-24.00,22.69,2.15,0,1.70,-0.0009,0.0717,86,0.851,1.723,121.46,2.02,66.582,0
-21.38,2.06,274.81,0.7238,-0.1415,0.1266,0.6635,-0.84,0.07,3.14,-16.06,40.38,-13.81,3.25,0,1.70,-0.0009,0.0746,86,0.851,1.723,121.46,2.02,66.582,0
-25.62,6.25,276.31,0.7255,-0.1860,0.1320,0.6493,-5.36,-1.53,8.82,-60.38,63.19,-43.94,10.43,0,1.70,-0.0100,0.0883,86,0.851,1.723,121.46,2.02,66.582,0
phase1 acc_mag=14.504 gravity=9.238 motion=5.266 moving_avg=3.585 rms=4.305 mean_rms=3.816 max_rms=4.305 min_rms=3.302 std=0.336 var=0.113 state=standing thr=4.488/4.688/5.188
-27.88,11.62,278.31,0.7305,-0.2319,0.1215,0.6307,-6.82,-2.57,12.54,-44.81,18.94,-23.62,14.50,0,1.70,-0.0230,0.0984,86,0.851,1.723,121.46,2.02,66.582,0
-28.38,14.19,278.31,0.7280,-0.2471,0.1136,0.6293,-4.92,-1.71,10.06,-6.81,1.38,3.75,11.33,0,1.70,-0.0291,0.1006,86,0.851,1.723,121.46,2.02,66.582,0
-28.75,14.06,277.81,0.7251,-0.2480,0.1161,0.6319,-5.06,-1.89,9.17,4.25,5.88,11.56,10.64,0,1.70,-0.0290,0.1013,86,0.851,1.723,121.46,2.02,66.582,0
-29.06,12.62,277.00,0.7207,-0.2401,0.1243,0.6384,-5.20,-1.96,8.46,18.94,-6.56,14.56,10.12,0,1.70,-0.0255,0.1009,86,0.851,1.723,121.46,2.02,66.582,0
phase1 acc_mag=9.843 gravity=9.989 motion=0.146 moving_avg=2.800 rms=3.635 mean_rms=3.793 max_rms=4.305 min_rms=3.302 std=0.331 var=0.110 state=standing thr=4.455/4.655/5.155
-28.38,11.06,276.88,0.7224,-0.2289,0.1262,0.6401,-4.99,-1.86,7.88,19.75,-19.75,1.94,9.51,0,1.70,-0.0221,0.0985,86,0.851,1.723,121.46,2.02,66.582,0
-27.31,9.38,276.94,0.7251,-0.2133,0.1280,0.6422,-3.79,-1.23,7.69,13.56,-10.25,2.75,8.66,0,1.70,-0.0177,0.0947,86,0.851,1.723,121.46,2.02,66.582,0
-27.38,9.12,276.81,0.7242,-0.2132,0.1296,0.6428,-4.29,-1.20,8.08,-7.31,9.50,-0.56,9.23,0,1.70,-0.0173,0.0951,86,0.851,1.723,121.46,2.02,66.582,0
-27.94,9.81,276.75,0.7230,-0.2195,0.1293,0.6421,-4.62,-1.36,8.55,-10.12,5.62,-2.75,9.81,0,1.70,-0.0190,0.0967,86,0.851,1.723,121.46,2.02,66.582,0
phase1 acc_mag=10.090 gravity=9.714 motion=0.376 moving_avg=2.528 rms=3.478 mean_rms=3.741 max_rms=4.305 min_rms=3.302 std=0.328 var=0.108 state=standing thr=4.397/4.597/5.097
-28.25,10.25,276.62,0.7216,-0.2239,0.1289,0.6423,-4.96,-1.49,8.87,-3.81,1.88,1.31,10.27,0,1.70,-0.0203,0.0978,86,0.851,1.723,121.46,2.02,66.582,0
-28.25,10.25,276.50,0.7209,-0.2239,0.1288,0.6431,-4.77,-1.44,8.62,-0.56,0.06,0.62,9.96,0,1.70,-0.0204,0.0977,86,0.851,1.723,121.46,2.02,66.582,0
-28.19,10.31,276.62,0.7220,-0.2240,0.1281,0.6420,-4.58,-1.37,8.44,-1.50,0.06,-5.56,9.70,0,1.70,-0.0205,0.0976,86,0.851,1.723,121.46,2.02,66.582,0
-27.69,10.44,277.12,0.7252,-0.2217,0.1254,0.6397,-4.69,-1.16,8.18,6.81,-13.69,-2.94,9.50,0,1.70,-0.0204,0.0964,86,0.851,1.723,121.46,2.02,66.582,0
phase1 acc_mag=9.733 gravity=9.927 motion=0.194 moving_avg=2.168 rms=3.322 mean_rms=3.758 max_rms=4.305 min_rms=3.322 std=0.308 var=0.095 state=standing thr=4.373/4.573/5.073
-26.94,9.88,276.81,0.7249,-0.2145,0.1229,0.6429,-4.50,-1.40,8.48,4.75,-11.56,5.62,9.70,0,1.70,-0.0195,0.0938,86,0.851,1.723,121.46,2.02,66.582,0
-26.38,9.25,276.12,0.7222,-0.2084,0.1209,0.6483,-4.44,-1.34,8.58,0.31,-3.94,6.06,9.75,0,1.70,-0.0191,0.0916,86,0.851,1.723,121.46,2.02,66.582,0
-25.25,7.62,276.00,0.7236,-0.1928,0.1216,0.6514,-2.45,1.27,7.55,45.88,-32.81,15.56,8.04,0,1.70,-0.0150,0.0875,86,0.851,1.723,121.46,2.02,66.582,0
phase1 acc_mag=9.649 gravity=9.507 motion=0.142 moving_avg=1.325 rms=2.442 mean_rms=3.556 max_rms=4.305 min_rms=2.442 std=0.497 var=0.247 state=standing thr=4.550/4.750/5.250
-25.25,7.69,276.06,0.7241,-0.1930,0.1212,0.6510,-4.06,-1.05,8.69,-7.62,10.31,3.75,9.65,0,1.70,-0.0151,0.0875,86,0.851,1.723,121.46,2.02,66.582,0
-25.00,7.06,274.88,0.7180,-0.1893,0.1212,0.6588,-3.94,-0.76,8.70,4.31,-7.50,15.38,9.58,0,1.70,-0.0151,0.0863,86,0.851,1.723,121.46,2.02,66.582,0
-24.94,6.81,274.19,0.7139,-0.1874,0.1207,0.6638,-4.02,-0.65,8.50,-0.50,-5.94,6.69,9.43,0,1.70,-0.0153,0.0856,86,0.851,1.723,121.46,2.02,66.582,0
-24.88,6.62,273.75,0.7115,-0.1871,0.1208,0.6664,-4.61,-1.19,8.79,-6.19,5.88,-3.50,10.00,0,1.70,-0.0155,0.0854,86,0.851,1.723,121.46,2.02,66.582,0
phase1 acc_mag=9.562 gravity=9.817 motion=0.255 moving_avg=0.468 rms=0.756 mean_rms=3.014 max_rms=4.270 min_rms=0.756 std=0.859 var=0.737 state=standing thr=4.731/4.931/5.431
-24.44,6.25,273.94,0.7137,-0.1808,0.1201,0.6659,-3.78,-0.56,8.62,9.62,-13.81,1.25,9.43,0,1.70,-0.0139,0.0836,86,0.851,1.723,121.46,2.02,66.582,0
-23.94,5.81,273.94,0.7142,-0.1766,0.1196,0.6667,-4.07,-0.29,8.56,4.06,-5.50,1.81,9.48,0,1.70,-0.0129,0.0823,86,0.851,1.723,121.46,2.02,66.582,0
-23.75,5.62,273.62,0.7125,-0.1736,0.1191,0.6694,-4.27,-0.78,8.89,5.50,-7.25,9.88,9.89,0,1.70,-0.0125,0.0814,86,0.851,1.723,121.46,2.02,66.582,0
-23.44,5.44,273.31,0.7114,-0.1721,0.1176,0.6711,-3.74,-0.46,8.75,-4.31,-3.31,-1.06,9.53,0,1.70,-0.0128,0.0805,86,0.851,1.723,121.46,2.02,66.582,0
phase1 acc_mag=9.412 gravity=9.619 motion=0.207 moving_avg=0.317 rms=0.424 mean_rms=2.298 max_rms=3.534 min_rms=0.424 std=1.200 var=1.441 state=standing thr=4.699/4.899/5.399
-23.31,5.69,273.19,0.7105,-0.1729,0.1147,0.6724,-3.80,-0.81,8.91,-2.50,-2.12,3.62,9.72,0,1.70,-0.0139,0.0800,86,0.851,1.723,121.46,2.02,66.582,0
-23.12,5.69,273.19,0.7111,-0.1722,0.1140,0.6721,-3.77,-1.88,9.02,7.62,-3.38,0.50,9.96,0,1.70,-0.0139,0.0796,86,0.851,0.000,0.00,0.00,66.582,0
-23.12,5.50,273.44,0.7128,-0.1713,0.1151,0.6703,-3.76,-0.87,8.85,-1.19,4.38,-7.38,9.65,0,1.70,-0.0131,0.0797,86,0.851,0.000,0.00,0.00,66.582,0
-23.31,5.69,273.81,0.7145,-0.1726,0.1161,0.6680,-4.14,-0.90,8.63,-0.44,3.88,-3.56,9.61,0,1.70,-0.0129,0.0804,86,0.851,0.000,0.00,0.00,66.582,0
phase1 acc_mag=9.493 gravity=9.681 motion=0.188 moving_avg=0.238 rms=0.319 mean_rms=1.637 max_rms=3.443 min_rms=0.319 std=1.225 var=1.502 state=standing thr=4.088/4.288/4.788
-24.00,6.25,274.19,0.7157,-0.1796,0.1179,0.6646,-3.52,-0.83,8.80,-16.44,27.31,-20.38,9.51,0,1.70,-0.0140,0.0828,86,0.851,0.000,0.00,0.00,66.582,0
-24.38,6.62,275.19,0.7207,-0.1815,0.1204,0.6582,-3.85,-0.35,8.69,12.00,-9.44,6.50,9.51,0,1.70,-0.0131,0.0840,86,0.851,0.000,0.00,0.00,66.582,0
-24.06,6.25,275.12,0.7209,-0.1786,0.1200,0.6588,-3.98,-0.78,8.71,10.44,-13.00,8.25,9.61,0,1.70,-0.0125,0.0831,86,0.851,0.000,0.00,0.00,66.582,0
-22.88,5.56,275.25,0.7238,-0.1668,0.1158,0.6595,-3.67,-0.42,8.46,5.25,-11.12,-1.75,9.23,0,1.70,-0.0105,0.0789,86,0.851,0.000,0.00,0.00,66.582,0
phase1 acc_mag=9.562 gravity=9.667 motion=0.104 moving_avg=0.274 rms=0.383 mean_rms=1.010 max_rms=2.961 min_rms=0.318 std=0.909 var=0.826 state=standing thr=2.828/3.028/3.528
-22.19,5.12,275.12,0.7233,-0.1602,0.1133,0.6622,-3.64,-0.65,8.76,7.06,-14.38,9.69,9.51,0,1.70,-0.0096,0.0763,86,0.851,0.000,0.00,0.00,66.582,0
-21.56,4.75,275.00,0.7236,-0.1559,0.1117,0.6630,-3.67,-0.78,9.01,-3.88,0.69,-6.12,9.76,0,1.70,-0.0090,0.0747,86,0.851,0.000,0.00,0.00,66.582,0
-22.06,5.19,275.38,0.7254,-0.1609,0.1130,0.6597,-4.14,-0.93,8.94,-0.50,9.25,-1.75,9.90,0,1.70,-0.0097,0.0765,86,0.851,0.000,0.00,0.00,66.582,0
phase1 acc_mag=9.717 gravity=9.697 motion=0.020 moving_avg=0.240 rms=0.332 mean_rms=0.538 max_rms=1.768 min_rms=0.318 std=0.376 var=0.141 state=standing thr=1.291/1.491/1.991
-22.31,5.19,275.38,0.7250,-0.1624,0.1151,0.6594,-3.91,-0.80,8.86,-0.81,2.56,0.38,9.72,0,1.70,-0.0095,0.0774,86,0.851,0.000,0.00,0.00,66.582,0
-22.44,5.19,275.50,0.7255,-0.1628,0.1156,0.6586,-3.70,-0.67,8.93,0.06,0.50,-1.62,9.69,0,1.70,-0.0093,0.0777,86,0.851,0.000,0.00,0.00,66.582,0
-22.38,5.12,275.56,0.7259,-0.1622,0.1155,0.6584,-3.57,-0.58,8.87,1.44,-1.50,-1.12,9.58,0,1.70,-0.0092,0.0775,86,0.851,0.000,0.00,0.00,66.582,0
-22.38,5.19,275.56,0.7258,-0.1622,0.1154,0.6584,-3.65,-0.56,8.81,1.38,-0.88,0.31,9.55,0,1.70,-0.0092,0.0775,86,0.851,0.000,0.00,0.00,66.582,0
phase1 acc_mag=9.581 gravity=9.693 motion=0.112 moving_avg=0.189 rms=0.283 mean_rms=0.360 max_rms=0.458 min_rms=0.283 std=0.045 var=0.002 state=standing thr=0.450/0.650/1.150
-22.31,5.00,275.62,0.7264,-0.1609,0.1160,0.6580,-3.77,-0.69,8.94,1.25,0.12,0.69,9.73,0,1.70,-0.0087,0.0773,86,0.851,0.000,0.00,0.00,66.582,0
-22.44,5.06,275.75,0.7272,-0.1622,0.1165,0.6567,-3.77,-0.67,8.90,-2.62,3.00,-4.50,9.69,0,1.70,-0.0087,0.0778,86,0.851,0.000,0.00,0.00,66.582,0
-22.50,5.19,275.94,0.7279,-0.1626,0.1164,0.6559,-3.78,-0.76,8.92,-0.44,0.00,-0.62,9.72,0,1.70,-0.0088,0.0779,86,0.851,0.000,0.00,0.00,66.582,0
-22.38,5.25,276.06,0.7286,-0.1624,0.1158,0.6553,-3.74,-1.10,8.96,-0.44,-2.88,-1.38,9.77,0,1.70,-0.0088,0.0777,86,0.851,0.000,0.00,0.00,66.582,0
phase1 acc_mag=9.642 gravity=9.698 motion=0.055 moving_avg=0.176 rms=0.274 mean_rms=0.330 max_rms=0.385 min_rms=0.274 std=0.039 var=0.002 state=standing thr=0.408/0.608/1.108
-22.31,5.12,276.06,0.7288,-0.1614,0.1160,0.6552,-3.86,-0.76,8.81,-0.88,2.69,-0.12,9.65,0,1.70,-0.0085,0.0775,86,0.851,0.000,0.00,0.00,66.582,0
-22.38,5.12,276.00,0.7286,-0.1613,0.1160,0.6555,-3.52,-0.59,8.80,1.81,-1.00,-1.56,9.50,0,1.70,-0.0085,0.0774,86,0.851,0.000,0.00,0.00,66.582,0
-22.25,5.12,276.06,0.7288,-0.1608,0.1158,0.6554,-3.69,-0.84,8.95,-0.06,-1.06,-3.12,9.72,0,1.70,-0.0084,0.0772,86,0.851,0.000,0.00,0.00,66.582,0
-22.31,5.12,276.06,0.7287,-0.1613,0.1162,0.6553,-3.81,-0.82,9.02,-1.31,2.00,-0.31,9.83,0,1.70,-0.0084,0.0775,86,0.851,0.000,0.00,0.00,66.582,0
phase1 acc_mag=9.910 gravity=9.709 motion=0.201 moving_avg=0.156 rms=0.260 mean_rms=0.316 max_rms=0.385 min_rms=0.260 std=0.045 var=0.002 state=standing thr=0.406/0.606/1.106
-22.31,5.19,276.12,0.7292,-0.1616,0.1157,0.6547,-3.84,-0.71,8.89,-1.81,0.69,-3.69,9.71,0,1.70,-0.0086,0.0775,86,0.851,0.000,0.00,0.00,66.582,0
-22.31,5.25,276.25,0.7301,-0.1615,0.1152,0.6539,-3.96,-0.84,8.93,0.19,-0.25,-2.81,9.80,0,1.70,-0.0086,0.0773,86,0.851,0.000,0.00,0.00,66.582,0
-22.25,5.19,276.38,0.7308,-0.1612,0.1157,0.6531,-3.73,-0.81,8.91,1.94,0.81,-3.62,9.69,0,1.70,-0.0083,0.0774,86,0.851,0.000,0.00,0.00,66.582,0
phase1 acc_mag=9.804 gravity=9.679 motion=0.124 moving_avg=0.103 rms=0.129 mean_rms=0.271 max_rms=0.385 min_rms=0.129 std=0.068 var=0.005 state=standing thr=0.407/0.607/1.107
-22.38,5.19,276.50,0.7313,-0.1613,0.1166,0.6523,-3.92,-0.80,8.95,0.06,1.38,-2.81,9.80,0,1.70,-0.0080,0.0776,86,0.851,0.000,0.00,0.00,66.582,0
-22.44,5.25,276.69,0.7323,-0.1620,0.1168,0.6511,-3.80,-0.92,8.92,0.62,-0.81,-1.12,9.74,0,1.70,-0.0080,0.0779,86,0.851,0.000,0.00,0.00,66.582,0
-22.44,5.31,276.62,0.7319,-0.1624,0.1167,0.6514,-3.77,-0.80,8.90,-1.94,0.00,-0.06,9.70,0,1.70,-0.0081,0.0779,86,0.851,0.000,0.00,0.00,66.582,0
-22.44,5.25,276.62,0.7319,-0.1621,0.1169,0.6515,-3.61,-0.72,8.80,0.69,-1.25,-0.44,9.54,0,1.70,-0.0080,0.0779,86,0.851,0.000,0.00,0.00,66.582,0
phase1 acc_mag=9.567 gravity=9.682 motion=0.115 moving_avg=0.086 rms=0.106 mean_rms=0.222 max_rms=0.330 min_rms=0.104 std=0.076 var=0.006 state=standing thr=0.374/0.574/1.074
-22.50,5.31,276.62,0.7317,-0.1628,0.1169,0.6515,-3.76,-0.84,8.89,-2.12,2.00,-0.38,9.69,0,1.70,-0.0082,0.0781,86,0.851,0.000,0.00,0.00,66.582,0
-22.75,5.44,276.62,0.7316,-0.1647,0.1176,0.6511,-4.23,-0.79,8.98,-0.25,0.00,-0.25,9.96,0,1.70,-0.0085,0.0788,86,0.851,0.000,0.00,0.00,66.582,0
-22.50,5.38,276.56,0.7315,-0.1633,0.1163,0.6517,-3.81,-0.97,8.99,-2.19,-1.81,0.25,9.81,0,1.70,-0.0086,0.0781,86,0.851,0.000,0.00,0.00,66.582,0
phase1 acc_mag=9.757 gravity=9.689 motion=0.069 moving_avg=0.096 rms=0.124 mean_rms=0.184 max_rms=0.282 min_rms=0.104 std=0.073 var=0.005 state=standing thr=0.330/0.530/1.030
-22.38,5.44,276.56,0.7315,-0.1628,0.1153,0.6520,-3.65,-0.94,9.00,-1.06,-0.44,0.12,9.76,0,1.70,-0.0087,0.0777,86,0.851,0.000,0.00,0.00,66.582,0
-22.38,5.50,276.62,0.7320,-0.1634,0.1151,0.6514,-3.86,-0.91,8.94,0.56,-0.94,1.19,9.78,0,1.70,-0.0089,0.0778,86,0.851,0.000,0.00,0.00,66.582,0
-22.50,5.50,276.69,0.7321,-0.1637,0.1158,0.6510,-3.88,-0.66,8.80,-0.56,2.44,-1.62,9.64,0,1.70,-0.0087,0.0781,86,0.851,0.000,0.00,0.00,66.582,0
-22.50,5.50,276.75,0.7325,-0.1639,0.1161,0.6504,-3.58,-0.72,8.83,0.81,0.12,-1.06,9.56,0,1.70,-0.0086,0.0782,86,0.851,0.000,0.00,0.00,66.582,0
phase1 acc_mag=9.524 gravity=9.682 motion=0.158 moving_avg=0.092 rms=0.118 mean_rms=0.153 max_rms=0.272 min_rms=0.104 std=0.058 var=0.003 state=standing thr=0.269/0.469/0.969
-22.50,5.50,276.75,0.7324,-0.1642,0.1161,0.6505,-3.85,-1.00,8.93,-1.50,0.00,-0.38,9.78,0,1.70,-0.0087,0.0783,86,0.851,0.000,0.00,0.00,66.582,0
-22.56,5.50,276.62,0.7316,-0.1644,0.1166,0.6513,-3.72,-0.79,8.89,-1.62,1.12,1.31,9.67,0,1.70,-0.0087,0.0785,86,0.851,0.000,0.00,0.00,66.582,0
-22.69,5.50,276.56,0.7311,-0.1651,0.1168,0.6516,-3.85,-0.87,8.87,0.69,1.31,-0.69,9.71,0,1.70,-0.0089,0.0787,86,0.851,0.000,0.00,0.00,66.582,0
-22.69,5.50,276.62,0.7316,-0.1653,0.1168,0.6509,-3.57,-0.69,8.81,0.19,1.00,-0.94,9.53,0,1.70,-0.0088,0.0788,86,0.851,0.000,0.00,0.00,66.582,0
phase1 acc_mag=9.653 gravity=9.673 motion=0.020 moving_avg=0.083 rms=0.110 mean_rms=0.123 max_rms=0.187 min_rms=0.104 std=0.017 var=0.000 state=standing thr=0.156/0.356/0.856
-22.81,5.69,276.69,0.7314,-0.1671,0.1173,0.6506,-3.92,-0.70,8.80,-0.94,2.50,0.50,9.66,0,1.70,-0.0092,0.0794,86,0.851,0.000,0.00,0.00,66.582,0
-22.94,5.69,276.62,0.7313,-0.1677,0.1180,0.6505,-3.90,-0.89,8.83,-1.19,0.12,0.88,9.69,0,1.70,-0.0091,0.0798,86,0.851,0.000,0.00,0.00,66.582,0
-23.19,5.69,276.44,0.7297,-0.1689,0.1190,0.6518,-4.01,-0.79,8.82,-2.75,6.81,2.62,9.72,0,1.70,-0.0093,0.0803,86,0.851,0.000,0.00,0.00,66.582,0
-23.50,5.62,276.19,0.7281,-0.1704,0.1211,0.6528,-4.25,-0.57,8.76,2.19,2.06,1.50,9.75,0,1.70,-0.0092,0.0813,86,0.851,0.000,0.00,0.00,66.582,0
phase1 acc_mag=9.702 gravity=9.668 motion=0.034 moving_avg=0.096 rms=0.128 mean_rms=0.116 max_rms=0.129 min_rms=0.104 std=0.008 var=0.000 state=standing thr=0.132/0.350/0.850
-23.56,5.44,276.00,0.7267,-0.1703,0.1223,0.6541,-3.90,-0.66,8.75,-0.31,0.12,5.19,9.60,0,1.70,-0.0090,0.0815,86,0.851,0.000,0.00,0.00,66.582,0
-23.62,5.38,275.75,0.7252,-0.1706,0.1227,0.6557,-4.05,-0.87,8.87,0.06,3.31,1.00,9.79,0,1.70,-0.0091,0.0817,86,0.851,0.000,0.00,0.00,66.582,0
-23.81,5.50,275.56,0.7236,-0.1725,0.1229,0.6569,-4.03,-0.74,8.85,-1.50,1.44,3.50,9.75,0,1.70,-0.0098,0.0822,86,0.851,0.000,0.00,0.00,66.582,0
-23.81,5.50,275.12,0.7215,-0.1729,0.1223,0.6592,-3.75,-0.76,8.71,-4.44,-0.69,1.88,9.51,0,1.70,-0.0103,0.0821,86,0.851,0.000,0.00,0.00,66.582,0
phase1 acc_mag=9.635 gravity=9.681 motion=0.046 moving_avg=0.106 rms=0.139 mean_rms=0.121 max_rms=0.139 min_rms=0.106 std=0.009 var=0.000 state=standing thr=0.140/0.350/0.850
-23.75,5.62,274.81,0.7195,-0.1733,0.1204,0.6616,-3.92,-0.95,8.70,-4.19,-3.00,5.88,9.59,0,1.70,-0.0112,0.0817,86,0.851,0.000,0.00,0.00,66.582,0
-23.56,5.75,274.56,0.7184,-0.1735,0.1185,0.6631,-3.80,-0.79,8.64,-0.75,-3.62,1.06,9.47,0,1.70,-0.0120,0.0813,86,0.851,0.000,0.00,0.00,66.582,0
-23.38,6.12,274.38,0.7175,-0.1748,0.1147,0.6644,-3.89,-1.10,8.90,-7.25,-1.50,4.19,9.78,0,1.70,-0.0135,0.0806,86,0.851,0.000,0.00,0.00,66.582,0
-23.31,6.50,274.06,0.7157,-0.1772,0.1119,0.6662,-4.01,-1.07,8.93,-9.06,0.81,4.38,9.85,0,1.70,-0.0152,0.0806,86,0.851,0.000,0.00,0.00,66.582,0
phase1 acc_mag=9.793 gravity=9.671 motion=0.122 moving_avg=0.100 rms=0.128 mean_rms=0.123 max_rms=0.140 min_rms=0.107 std=0.010 var=0.000 state=standing thr=0.142/0.350/0.850
-23.31,6.81,273.62,0.7129,-0.1794,0.1096,0.6690,-3.39,-1.67,8.39,-2.56,0.31,8.19,9.20,0,1.70,-0.0168,0.0805,86,0.851,0.000,0.00,0.00,66.582,0
-23.44,6.81,273.19,0.7098,-0.1805,0.1095,0.6720,-3.97,-1.07,8.86,-3.88,1.06,4.69,9.77,0,1.70,-0.0174,0.0807,86,0.851,0.000,0.00,0.00,66.582,0
-23.38,6.88,272.62,0.7065,-0.1810,0.1081,0.6755,-3.95,-1.18,8.99,-1.94,-1.69,8.75,9.89,0,1.70,-0.0184,0.0804,86,0.851,0.000,0.00,0.00,66.582,0
-23.31,6.94,272.19,0.7045,-0.1816,0.1069,0.6777,-3.96,-1.19,8.89,-2.56,-1.56,4.56,9.80,0,1.70,-0.0191,0.0801,86,0.851,0.000,0.00,0.00,66.582,0
phase1 acc_mag=9.778 gravity=9.687 motion=0.091 moving_avg=0.120 rms=0.153 mean_rms=0.129 max_rms=0.153 min_rms=0.107 std=0.014 var=0.000 state=standing thr=0.156/0.356/0.856
-23.31,6.94,271.88,0.7021,-0.1819,0.1061,0.6802,-3.70,-1.06,8.78,-3.50,0.31,6.25,9.59,0,1.70,-0.0197,0.0799,86,0.851,0.000,0.00,0.00,66.582,0
-23.38,7.00,271.44,0.6998,-0.1833,0.1054,0.6823,-3.91,-1.22,8.82,-3.69,-0.75,2.38,9.72,0,1.70,-0.0205,0.0801,86,0.851,0.000,0.00,0.00,66.582,0
-23.31,7.12,271.12,0.6982,-0.1838,0.1039,0.6840,-3.78,-1.12,8.77,1.00,-0.94,6.56,9.62,0,1.70,-0.0213,0.0798,86,0.851,0.000,0.00,0.00,66.582,0
-23.50,6.94,270.56,0.6941,-0.1846,0.1053,0.6878,-3.84,-1.22,8.89,-1.19,1.50,6.31,9.76,0,1.70,-0.0215,0.0802,86,0.851,0.000,0.00,0.00,66.582,0
phase1 acc_mag=9.905 gravity=9.695 motion=0.210 moving_avg=0.130 rms=0.161 mean_rms=0.138 max_rms=0.161 min_rms=0.110 std=0.013 var=0.000 state=standing thr=0.165/0.365/0.865
-23.69,6.94,270.12,0.6918,-0.1855,0.1056,0.6898,-4.01,-1.03,8.89,-1.19,0.00,3.25,9.81,0,1.70,-0.0220,0.0805,86,0.851,0.000,0.00,0.00,66.582,0
-23.62,7.06,270.00,0.6908,-0.1864,0.1039,0.6909,-3.89,-1.04,8.79,-5.19,-0.75,-0.44,9.67,0,1.70,-0.0228,0.0802,86,0.851,0.000,0.00,0.00,66.582,0
-23.50,7.19,269.69,0.6893,-0.1862,0.1022,0.6927,-3.85,-1.11,8.87,0.94,-2.81,3.75,9.73,0,1.70,-0.0234,0.0797,86,0.851,0.000,0.00,0.00,66.582,0
-23.38,7.19,269.62,0.6890,-0.1856,0.1013,0.6933,-3.88,-1.08,8.82,-1.31,-1.88,0.94,9.70,0,1.70,-0.0236,0.0792,86,0.851,0.000,0.00,0.00,66.582,0
phase1 acc_mag=9.636 gravity=9.701 motion=0.064 moving_avg=0.119 rms=0.151 mean_rms=0.144 max_rms=0.161 min_rms=0.124 std=0.012 var=0.000 state=standing thr=0.167/0.367/0.867
-23.25,7.31,269.38,0.6876,-0.1859,0.0998,0.6948,-3.91,-1.08,8.91,-3.44,-3.12,3.31,9.79,0,1.70,-0.0242,0.0789,86,0.851,0.000,0.00,0.00,66.582,0
-23.12,7.31,269.12,0.6862,-0.1854,0.0980,0.6966,-3.69,-1.03,8.85,-3.75,-1.38,2.50,9.64,0,1.70,-0.0248,0.0782,86,0.851,0.000,0.00,0.00,66.582,0
-22.88,7.50,268.88,0.6844,-0.1850,0.0948,0.6988,-3.73,-1.29,8.80,-1.25,-5.00,6.38,9.64,0,1.70,-0.0258,0.0771,86,0.851,0.000,0.00,0.00,66.582,0
-22.81,7.38,268.44,0.6826,-0.1844,0.0948,0.7007,-3.57,-1.06,8.79,-1.56,-0.38,3.06,9.55,0,1.70,-0.0258,0.0769,86,0.851,0.000,0.00,0.00,66.582,0
phase1 acc_mag=9.593 gravity=9.700 motion=0.108 moving_avg=0.116 rms=0.148 mean_rms=0.146 max_rms=0.161 min_rms=0.124 std=0.010 var=0.000 state=standing thr=0.167/0.367/0.867
-22.81,7.50,268.31,0.6817,-0.1853,0.0941,0.7015,-3.46,-1.10,8.74,-1.38,-0.38,2.94,9.46,0,1.70,-0.0263,0.0769,86,0.851,0.000,0.00,0.00,66.582,0
-22.94,7.38,267.50,0.6765,-0.1860,0.0939,0.7064,-3.42,-1.00,9.04,-7.62,-2.50,17.56,9.72,0,1.70,-0.0271,0.0768,86,0.851,0.000,0.00,0.00,66.582,0
-22.75,7.50,267.38,0.6759,-0.1859,0.0915,0.7072,-3.71,-1.22,8.89,-2.19,-0.69,-3.50,9.71,0,1.70,-0.0279,0.0761,86,0.851,0.000,0.00,0.00,66.582,0
phase1 acc_mag=9.768 gravity=9.696 motion=0.072 moving_avg=0.122 rms=0.165 mean_rms=0.153 max_rms=0.176 min_rms=0.140 std=0.009 var=0.000 state=standing thr=0.171/0.371/0.871
-22.81,7.69,267.19,0.6748,-0.1873,0.0908,0.7081,-3.78,-1.25,8.92,-2.81,1.31,1.88,9.77,0,1.70,-0.0285,0.0763,86,0.851,0.000,0.00,0.00,66.582,0
-22.81,8.00,267.19,0.6744,-0.1888,0.0892,0.7082,-3.57,-1.14,8.87,-2.81,-0.88,-2.81,9.63,0,1.70,-0.0294,0.0762,86,0.851,0.000,0.00,0.00,66.582,0
-22.81,8.06,267.06,0.6737,-0.1898,0.0887,0.7087,-3.59,-1.21,8.82,-1.88,0.50,3.69,9.60,0,1.70,-0.0299,0.0763,86,0.851,0.000,0.00,0.00,66.582,0
-23.00,7.81,266.25,0.6688,-0.1902,0.0901,0.7131,-3.86,-1.56,8.99,-2.06,1.75,-2.06,9.91,0,1.70,-0.0301,0.0766,86,0.851,0.000,0.00,0.00,66.582,0
phase1 acc_mag=9.610 gravity=9.683 motion=0.074 moving_avg=0.117 rms=0.163 mean_rms=0.154 max_rms=0.176 min_rms=0.140 std=0.009 var=0.000 state=standing thr=0.172/0.372/0.872
-22.62,7.81,266.19,0.6685,-0.1879,0.0874,0.7144,-3.34,-1.28,8.99,-2.06,-1.94,0.25,9.68,0,1.70,-0.0303,0.0752,86,0.851,0.000,0.00,0.00,66.582,0
-22.56,8.00,266.31,0.6696,-0.1885,0.0856,0.7133,-3.74,-1.27,8.91,-2.56,-0.38,-6.75,9.75,0,1.70,-0.0309,0.0749,86,0.851,0.000,0.00,0.00,66.582,0
-22.62,8.50,266.56,0.6707,-0.1913,0.0844,0.7116,-3.68,-1.20,8.83,-3.62,5.25,2.50,9.64,0,1.70,-0.0318,0.0753,86,0.851,0.000,0.00,0.00,66.582,0
-23.19,8.38,265.75,0.6649,-0.1948,0.0868,0.7159,-4.00,-1.24,8.79,-3.44,7.44,14.69,9.74,0,1.70,-0.0327,0.0766,86,0.851,0.000,0.00,0.00,66.582,0
phase1 acc_mag=9.816 gravity=9.682 motion=0.134 moving_avg=0.112 rms=0.157 mean_rms=0.155 max_rms=0.176 min_rms=0.140 std=0.009 var=0.000 state=standing thr=0.174/0.374/0.874
-23.31,8.56,265.56,0.6635,-0.1965,0.0860,0.7168,-3.76,-1.15,8.81,-1.25,-1.19,-1.44,9.65,0,1.70,-0.0335,0.0768,86,0.851,0.000,0.00,0.00,66.582,0
-23.12,9.00,265.81,0.6652,-0.1978,0.0832,0.7152,-3.74,-1.48,8.94,-4.19,3.44,-7.94,9.80,0,1.70,-0.0345,0.0764,86,0.851,0.000,0.00,0.00,66.582,0
-23.25,9.06,265.88,0.6653,-0.1985,0.0832,0.7149,-3.80,-1.44,8.86,-0.94,-2.19,1.00,9.75,0,1.70,-0.0346,0.0766,86,0.851,0.000,0.00,0.00,66.582,0
-23.12,9.19,266.00,0.6663,-0.1988,0.0822,0.7141,-3.83,-1.42,8.80,-1.50,-0.56,-0.88,9.70,0,1.70,-0.0349,0.0765,86,0.851,0.000,0.00,0.00,66.582,0
phase1 acc_mag=9.711 gravity=9.691 motion=0.020 moving_avg=0.117 rms=0.165 mean_rms=0.158 max_rms=0.176 min_rms=0.140 std=0.009 var=0.000 state=standing thr=0.176/0.376/0.876
-23.06,9.38,265.94,0.6658,-0.1995,0.0808,0.7144,-3.82,-1.66,9.05,-1.50,-0.75,1.62,9.96,0,1.70,-0.0355,0.0762,86,0.851,0.000,0.00,0.00,66.582,0
-23.25,9.44,265.75,0.6643,-0.2011,0.0809,0.7153,-3.79,-1.39,8.84,-1.69,4.31,2.81,9.72,0,1.70,-0.0361,0.0766,86,0.851,0.000,0.00,0.00,66.582,0
-23.38,9.50,265.44,0.6622,-0.2022,0.0811,0.7169,-4.02,-1.58,8.86,-2.00,0.88,7.00,9.86,0,1.70,-0.0365,0.0768,86,0.851,0.000,0.00,0.00,66.582,0
-23.44,9.38,265.06,0.6595,-0.2024,0.0816,0.7193,-3.91,-1.45,8.64,-1.56,0.56,5.00,9.59,0,1.70,-0.0367,0.0769,86,0.851,0.000,0.00,0.00,66.582,0
phase1 acc_mag=9.627 gravity=9.718 motion=0.091 moving_avg=0.109 rms=0.158 mean_rms=0.162 max_rms=0.176 min_rms=0.154 std=0.006 var=0.000 state=standing thr=0.175/0.375/0.875
-23.69,9.44,264.88,0.6583,-0.2043,0.0823,0.7198,-4.03,-1.23,8.72,-0.56,8.50,1.31,9.68,0,1.70,-0.0372,0.0775,86,0.851,0.000,0.00,0.00,66.582,0
-23.75,9.50,264.62,0.6567,-0.2052,0.0819,0.7211,-3.89,-1.28,8.75,-1.94,-1.69,5.44,9.66,0,1.70,-0.0377,0.0775,86,0.851,0.000,0.00,0.00,66.582,0
-23.69,9.56,264.12,0.6534,-0.2052,0.0797,0.7243,-3.62,-1.27,8.72,-3.25,-4.75,6.19,9.53,0,1.70,-0.0386,0.0767,86,0.851,0.000,0.00,0.00,66.582,0
-23.44,9.69,263.56,0.6504,-0.2053,0.0770,0.7272,-3.69,-1.39,8.84,-4.75,-2.19,5.44,9.68,0,1.70,-0.0397,0.0758,86,0.851,0.000,0.00,0.00,66.582,0
phase1 acc_mag=9.753 gravity=9.722 motion=0.031 moving_avg=0.102 rms=0.137 mean_rms=0.156 max_rms=0.170 min_rms=0.130 std=0.011 var=0.000 state=standing thr=0.179/0.379/0.879
-23.44,9.75,262.94,0.6465,-0.2056,0.0754,0.7308,-3.59,-1.46,8.70,-4.94,-1.50,8.69,9.52,0,1.70,-0.0406,0.0752,86,0.851,0.000,0.00,0.00,66.582,0
-23.44,9.94,262.44,0.6430,-0.2072,0.0736,0.7336,-3.94,-1.57,9.13,-5.69,-0.81,7.25,10.07,0,1.70,-0.0419,0.0749,86,0.851,0.000,0.00,0.00,66.582,0
-23.56,10.06,261.88,0.6388,-0.2091,0.0719,0.7369,-3.87,-1.61,8.71,-3.69,-1.06,5.88,9.67,0,1.70,-0.0433,0.0746,86,0.851,0.000,0.00,0.00,66.582,0
-23.50,10.12,261.50,0.6367,-0.2092,0.0708,0.7388,-3.65,-1.59,8.69,-4.19,-0.19,4.38,9.56,0,1.70,-0.0438,0.0742,86,0.851,0.000,0.00,0.00,66.582,0
phase1 acc_mag=9.822 gravity=9.731 motion=0.091 moving_avg=0.131 rms=0.249 mean_rms=0.165 max_rms=0.251 min_rms=0.130 std=0.032 var=0.001 state=slow thr=0.230/0.430/0.930
-23.50,10.44,261.19,0.6345,-0.2112,0.0686,0.7404,-3.93,-1.80,9.02,-2.88,2.06,-0.38,10.00,0,1.70,-0.0451,0.0739,86,0.851,0.000,0.00,0.00,66.582,0
-23.50,10.44,261.06,0.6338,-0.2110,0.0681,0.7411,-3.78,-1.84,8.96,-2.50,-1.00,0.94,9.90,0,1.70,-0.0453,0.0737,86,0.851,0.000,0.00,0.00,66.582,0
-23.44,10.50,261.06,0.6337,-0.2112,0.0674,0.7411,-3.78,-1.66,8.84,-0.62,-0.50,2.44,9.76,0,1.70,-0.0455,0.0735,86,0.851,0.000,0.00,0.00,66.582,0
phase1 acc_mag=9.659 gravity=9.754 motion=0.095 moving_avg=0.134 rms=0.253 mean_rms=0.185 max_rms=0.256 min_rms=0.130 std=0.048 var=0.002 state=standing thr=0.281/0.481/0.981
-23.31,10.44,261.00,0.6335,-0.2101,0.0670,0.7416,-3.73,-1.57,8.77,1.19,-2.69,1.38,9.66,0,1.70,-0.0454,0.0731,86,0.851,0.000,0.00,0.00,66.582,0
-23.25,10.50,260.94,0.6331,-0.2101,0.0659,0.7421,-4.10,-1.73,8.85,-2.50,1.00,0.06,9.91,0,1.70,-0.0457,0.0728,86,0.851,0.000,0.00,0.00,66.582,0
-23.25,10.62,260.94,0.6332,-0.2106,0.0650,0.7419,-3.78,-1.61,8.80,-0.75,0.06,-3.50,9.71,0,1.70,-0.0460,0.0726,86,0.851,0.000,0.00,0.00,66.582,0
-23.19,10.81,260.81,0.6325,-0.2111,0.0637,0.7425,-4.00,-1.89,8.87,-2.31,-1.75,2.12,9.91,0,1.70,-0.0466,0.0723,86,0.851,0.000,0.00,0.00,66.582,0
phase1 acc_mag=9.639 gravity=9.746 motion=0.107 moving_avg=0.125 rms=0.245 mean_rms=0.202 max_rms=0.256 min_rms=0.130 std=0.052 var=0.003 state=standing thr=0.306/0.506/1.006
-23.19,10.75,260.69,0.6315,-0.2109,0.0635,0.7434,-3.80,-1.61,8.86,-1.88,-1.62,3.69,9.77,0,1.70,-0.0467,0.0722,86,0.851,0.000,0.00,0.00,66.582,0
-23.06,10.69,260.12,0.6283,-0.2103,0.0623,0.7465,-3.64,-1.56,8.80,-1.44,-1.69,5.19,9.65,0,1.70,-0.0472,0.0714,86,0.851,0.000,0.00,0.00,66.582,0
-23.00,10.81,259.94,0.6265,-0.2107,0.0609,0.7479,-3.90,-1.80,8.81,-0.94,-2.12,5.62,9.80,0,1.70,-0.0478,0.0710,86,0.851,0.000,0.00,0.00,66.582,0
-22.94,10.88,259.69,0.6254,-0.2107,0.0596,0.7490,-3.86,-1.71,8.86,-2.69,-1.50,0.81,9.81,0,1.70,-0.0482,0.0706,86,0.851,0.000,0.00,0.00,66.582,0
phase1 acc_mag=9.793 gravity=9.752 motion=0.041 moving_avg=0.119 rms=0.241 mean_rms=0.218 max_rms=0.256 min_rms=0.130 std=0.050 var=0.002 state=standing thr=0.318/0.518/1.018
-22.81,10.94,259.44,0.6232,-0.2106,0.0583,0.7509,-3.69,-1.80,8.78,-2.38,0.62,6.31,9.69,0,1.70,-0.0487,0.0700,86,0.851,0.000,0.00,0.00,66.582,0
-22.88,10.88,259.19,0.6220,-0.2105,0.0580,0.7520,-3.92,-1.90,8.91,-1.06,-2.81,0.31,9.92,0,1.70,-0.0489,0.0698,86,0.851,0.000,0.00,0.00,66.582,0
-22.81,10.88,258.94,0.6207,-0.2103,0.0573,0.7531,-3.82,-1.79,8.81,-2.88,0.00,2.12,9.77,0,1.70,-0.0491,0.0695,86,0.851,0.000,0.00,0.00,66.582,0
-22.75,10.94,258.75,0.6193,-0.2104,0.0561,0.7543,-3.74,-1.71,8.83,-1.12,-1.38,1.62,9.74,0,1.70,-0.0496,0.0690,86,0.851,0.000,0.00,0.00,66.582,0
phase1 acc_mag=9.753 gravity=9.752 motion=0.001 moving_avg=0.118 rms=0.241 mean_rms=0.242 max_rms=0.256 min_rms=0.137 std=0.025 var=0.001 state=standing thr=0.291/0.491/0.991
-22.75,11.00,258.50,0.6179,-0.2108,0.0555,0.7554,-3.55,-1.77,8.81,-2.88,0.81,2.56,9.66,0,1.70,-0.0500,0.0689,86,0.851,0.000,0.00,0.00,66.582,0
-22.75,11.38,258.62,0.6179,-0.2124,0.0535,0.7552,-3.47,-1.43,8.59,1.31,-3.31,8.44,9.37,0,1.70,-0.0509,0.0686,86,0.851,0.000,0.00,0.00,66.582,0
-22.81,11.50,258.50,0.6175,-0.2135,0.0529,0.7552,-3.72,-1.79,8.78,-3.25,1.44,1.31,9.70,0,1.70,-0.0514,0.0687,86,0.851,0.000,0.00,0.00,66.582,0
-22.69,11.56,258.56,0.6181,-0.2129,0.0519,0.7549,-3.70,-1.88,8.86,2.56,-2.00,-1.31,9.78,0,1.70,-0.0514,0.0683,86,0.851,0.000,0.00,0.00,66.582,0
phase1 acc_mag=9.693 gravity=9.729 motion=0.036 moving_avg=0.093 rms=0.127 mean_rms=0.230 max_rms=0.256 min_rms=0.127 std=0.040 var=0.002 state=standing thr=0.309/0.509/1.009
-22.62,11.56,258.62,0.6185,-0.2130,0.0517,0.7546,-3.68,-1.82,8.84,-1.06,-0.44,2.38,9.75,0,1.70,-0.0515,0.0683,86,0.851,0.000,0.00,0.00,66.582,0
-22.62,11.50,258.50,0.6173,-0.2128,0.0516,0.7556,-3.53,-1.72,8.79,0.19,-1.62,2.19,9.63,0,1.70,-0.0516,0.0682,86,0.851,0.000,0.00,0.00,66.582,0
-22.56,11.56,258.38,0.6168,-0.2126,0.0509,0.7561,-3.67,-1.67,8.81,1.69,-2.12,4.06,9.69,0,1.70,-0.0518,0.0679,86,0.851,0.000,0.00,0.00,66.582,0
phase1 acc_mag=9.926 gravity=9.716 motion=0.210 moving_avg=0.094 rms=0.128 mean_rms=0.203 max_rms=0.252 min_rms=0.124 std=0.055 var=0.003 state=standing thr=0.312/0.512/1.012
-22.56,11.56,258.25,0.6160,-0.2125,0.0503,0.7568,-3.90,-1.89,8.93,-4.06,0.12,-1.31,9.93,0,1.70,-0.0519,0.0676,86,0.851,0.000,0.00,0.00,66.582,0
-22.50,11.62,258.00,0.6144,-0.2129,0.0492,0.7581,-3.77,-1.86,8.85,-2.75,-0.25,-0.44,9.80,0,1.70,-0.0525,0.0672,86,0.851,0.000,0.00,0.00,66.582,0
-22.44,11.75,257.94,0.6139,-0.2133,0.0481,0.7585,-3.76,-1.84,8.80,-3.00,0.62,1.50,9.74,0,1.70,-0.0529,0.0670,86,0.851,0.000,0.00,0.00,66.582,0
-22.44,11.75,257.69,0.6120,-0.2130,0.0475,0.7601,-3.56,-1.64,8.73,-0.06,-2.19,6.31,9.57,0,1.70,-0.0531,0.0666,86,0.851,0.000,0.00,0.00,66.582,0
phase1 acc_mag=9.730 gravity=9.705 motion=0.025 moving_avg=0.090 rms=0.125 mean_rms=0.178 max_rms=0.245 min_rms=0.123 std=0.057 var=0.003 state=standing thr=0.292/0.492/0.992
-22.31,11.75,257.38,0.6101,-0.2126,0.0463,0.7618,-3.50,-1.71,8.75,-2.81,-2.06,2.69,9.58,0,1.70,-0.0535,0.0660,86,0.851,0.000,0.00,0.00,66.582,0
-22.38,12.00,257.19,0.6088,-0.2141,0.0447,0.7626,-3.38,-1.79,8.76,-5.62,1.00,3.12,9.56,0,1.70,-0.0544,0.0658,86,0.851,0.000,0.00,0.00,66.582,0
-22.62,12.38,256.94,0.6065,-0.2178,0.0432,0.7634,-3.78,-1.96,8.87,-1.94,-0.62,3.06,9.84,0,1.70,-0.0560,0.0660,86,0.851,0.000,0.00,0.00,66.582,0
-22.75,12.12,256.50,0.6037,-0.2174,0.0449,0.7657,-2.47,-1.01,8.53,15.12,-0.38,19.44,8.94,0,1.70,-0.0558,0.0662,86,0.851,0.000,0.00,0.00,66.582,0
phase1 acc_mag=9.557 gravity=9.700 motion=0.143 moving_avg=0.115 rms=0.177 mean_rms=0.157 max_rms=0.245 min_rms=0.123 std=0.048 var=0.002 state=standing thr=0.253/0.453/0.953
-22.69,12.56,256.25,0.6016,-0.2193,0.0404,0.7670,-3.02,-1.68,8.75,-8.25,-6.12,4.12,9.41,0,1.70,-0.0576,0.0652,86,0.851,0.000,0.00,0.00,66.582,0
-22.38,12.69,256.00,0.6005,-0.2183,0.0381,0.7683,-3.31,-1.85,8.67,-2.69,-2.88,0.00,9.46,0,1.70,-0.0579,0.0642,86,0.851,0.000,0.00,0.00,66.582,0
-22.44,13.00,255.94,0.5999,-0.2209,0.0365,0.7682,-3.46,-1.88,8.69,-4.12,2.25,0.88,9.54,0,1.70,-0.0591,0.0642,86,0.851,0.000,0.00,0.00,66.582,0
-22.62,13.19,255.94,0.5997,-0.2222,0.0363,0.7679,-3.92,-2.01,8.79,1.19,2.38,1.31,9.83,0,1.70,-0.0595,0.0644,86,0.851,0.000,0.00,0.00,66.582,0
phase1 acc_mag=9.586 gravity=9.700 motion=0.114 moving_avg=0.145 rms=0.221 mean_rms=0.150 max_rms=0.243 min_rms=0.123 std=0.037 var=0.001 state=standing thr=0.224/0.424/0.924
-22.69,13.06,255.75,0.5983,-0.2225,0.0371,0.7689,-3.73,-1.91,8.69,2.38,-1.50,2.00,9.65,0,1.70,-0.0596,0.0647,86,0.851,0.000,0.00,0.00,66.582,0
-22.69,12.94,255.56,0.5969,-0.2219,0.0374,0.7701,-3.72,-2.02,8.84,-1.62,-0.50,2.69,9.80,0,1.70,-0.0594,0.0645,86,0.851,0.000,0.00,0.00,66.582,0
-22.69,12.81,255.31,0.5955,-0.2211,0.0378,0.7714,-3.60,-1.82,8.76,3.31,-2.31,3.38,9.64,0,1.70,-0.0592,0.0643,86,0.851,0.000,0.00,0.00,66.582,0
-22.62,12.56,255.12,0.5945,-0.2194,0.0389,0.7726,-3.54,-1.96,8.74,3.00,-0.94,2.56,9.63,0,1.70,-0.0585,0.0642,86,0.851,0.000,0.00,0.00,66.582,0
phase1 acc_mag=9.702 gravity=9.713 motion=0.011 moving_avg=0.131 rms=0.206 mean_rms=0.164 max_rms=0.221 min_rms=0.123 std=0.041 var=0.002 state=standing thr=0.246/0.446/0.946
-22.62,12.31,255.00,0.5939,-0.2181,0.0399,0.7734,-3.59,-1.83,8.81,1.56,0.56,2.81,9.69,0,1.70,-0.0580,0.0642,86,0.851,0.000,0.00,0.00,66.582,0
-22.62,12.38,255.00,0.5936,-0.2187,0.0394,0.7734,-3.63,-1.95,8.88,-0.44,0.38,-0.38,9.79,0,1.70,-0.0583,0.0641,86,0.851,0.000,0.00,0.00,66.582,0
-22.69,12.56,254.94,0.5931,-0.2198,0.0386,0.7735,-3.69,-1.84,8.74,-0.38,-0.62,2.94,9.66,0,1.70,-0.0589,0.0641,86,0.851,0.000,0.00,0.00,66.582,0
-22.62,12.44,254.81,0.5923,-0.2189,0.0389,0.7745,-3.56,-1.70,8.69,3.50,-1.38,2.31,9.54,0,1.70,-0.0586,0.0639,86,0.851,0.000,0.00,0.00,66.582,0
phase1 acc_mag=9.716 gravity=9.724 motion=0.008 moving_avg=0.138 rms=0.210 mean_rms=0.182 max_rms=0.221 min_rms=0.123 std=0.039 var=0.001 state=standing thr=0.259/0.459/0.959
-22.50,12.38,254.62,0.5913,-0.2181,0.0383,0.7754,-3.55,-1.83,8.65,-2.12,-1.38,1.00,9.53,0,1.70,-0.0586,0.0635,86,0.851,0.000,0.00,0.00,66.582,0
-22.50,12.56,254.56,0.5907,-0.2188,0.0368,0.7758,-3.72,-1.90,8.70,-1.56,-0.56,1.62,9.65,0,1.70,-0.0592,0.0631,86,0.851,0.000,0.00,0.00,66.582,0
-22.44,12.62,254.44,0.5898,-0.2191,0.0358,0.7764,-3.74,-1.99,8.85,-1.88,-0.31,-0.19,9.81,0,1.70,-0.0596,0.0628,86,0.851,0.000,0.00,0.00,66.582,0
-22.38,12.50,254.44,0.5902,-0.2177,0.0361,0.7765,-3.78,-1.98,8.88,-0.31,-0.62,1.44,9.85,0,1.70,-0.0591,0.0626,86,0.851,0.000,0.00,0.00,66.582,0
phase1 acc_mag=9.938 gravity=9.731 motion=0.207 moving_avg=0.140 rms=0.213 mean_rms=0.200 max_rms=0.221 min_rms=0.125 std=0.026 var=0.001 state=standing thr=0.251/0.451/0.951
-22.25,12.38,254.31,0.5895,-0.2163,0.0361,0.7775,-3.67,-1.91,8.82,-0.31,-2.00,1.94,9.74,0,1.70,-0.0588,0.0622,86,0.851,0.000,0.00,0.00,66.582,0
-22.12,12.38,253.88,0.5866,-0.2155,0.0348,0.7799,-3.47,-1.90,8.95,-2.56,-3.00,6.00,9.79,0,1.70,-0.0591,0.0614,86,0.851,0.000,0.00,0.00,66.582,0
-22.00,12.50,253.69,0.5854,-0.2158,0.0329,0.7808,-3.63,-1.83,8.93,-2.44,-2.56,3.00,9.81,0,1.70,-0.0597,0.0608,86,0.851,0.000,0.00,0.00,66.582,0
-21.81,12.62,253.38,0.5829,-0.2150,0.0302,0.7830,-3.55,-1.98,8.79,-3.56,-3.88,2.50,9.68,0,1.70,-0.0603,0.0596,86,0.851,0.000,0.00,0.00,66.582,0
phase1 acc_mag=9.949 gravity=9.734 motion=0.214 moving_avg=0.102 rms=0.130 mean_rms=0.203 max_rms=0.221 min_rms=0.128 std=0.022 var=0.000 state=standing thr=0.247/0.447/0.947
-21.56,12.56,253.44,0.5842,-0.2131,0.0293,0.7826,-3.53,-2.03,8.82,5.00,-4.25,-5.94,9.71,0,1.70,-0.0599,0.0590,86,0.851,0.000,0.00,0.00,66.582,0
-21.19,12.31,253.44,0.5842,-0.2089,0.0284,0.7838,-3.23,-1.96,8.82,-0.88,-6.44,3.94,9.60,0,1.70,-0.0588,0.0577,86,0.851,0.000,0.00,0.00,66.582,0
-21.00,12.38,253.00,0.5817,-0.2086,0.0269,0.7857,-3.53,-1.90,8.94,-2.75,-1.69,4.38,9.80,0,1.70,-0.0593,0.0570,86,0.851,0.000,0.00,0.00,66.582,0
phase1 acc_mag=9.743 gravity=9.735 motion=0.008 moving_avg=0.094 rms=0.119 mean_rms=0.184 max_rms=0.213 min_rms=0.117 std=0.038 var=0.001 state=standing thr=0.260/0.460/0.960
-21.06,12.44,252.62,0.5787,-0.2095,0.0262,0.7877,-3.41,-1.93,8.92,-3.75,1.75,4.50,9.74,0,1.70,-0.0599,0.0568,86,0.851,0.000,0.00,0.00,66.582,0
-21.19,12.50,252.25,0.5762,-0.2108,0.0253,0.7893,-3.42,-1.92,8.80,-1.94,-0.50,1.31,9.63,0,1.70,-0.0607,0.0566,86,0.851,0.000,0.00,0.00,66.582,0
-21.38,12.56,252.12,0.5751,-0.2123,0.0261,0.7897,-3.48,-1.90,8.82,0.06,2.94,4.00,9.67,0,1.70,-0.0611,0.0571,86,0.851,0.000,0.00,0.00,66.582,0
-21.56,12.56,251.88,0.5732,-0.2139,0.0267,0.7905,-3.69,-2.07,8.92,-4.06,1.44,2.00,9.87,0,1.70,-0.0615,0.0575,86,0.851,0.000,0.00,0.00,66.582,0
phase1 acc_mag=9.722 gravity=9.725 motion=0.003 moving_avg=0.094 rms=0.119 mean_rms=0.166 max_rms=0.213 min_rms=0.115 std=0.043 var=0.002 state=standing thr=0.253/0.453/0.953
-21.62,12.56,251.62,0.5714,-0.2137,0.0264,0.7919,-3.44,-1.95,8.95,-0.69,-1.12,1.62,9.78,0,1.70,-0.0616,0.0572,86,0.851,0.000,0.00,0.00,66.582,0
-21.56,12.69,251.44,0.5701,-0.2144,0.0249,0.7927,-3.44,-1.93,8.81,-2.44,-0.62,3.81,9.65,0,1.70,-0.0623,0.0568,86,0.851,0.000,0.00,0.00,66.582,0
-21.50,12.69,251.12,0.5676,-0.2141,0.0239,0.7946,-3.46,-2.03,8.89,-3.75,-1.19,2.38,9.75,0,1.70,-0.0626,0.0562,86,0.851,0.000,0.00,0.00,66.582,0
-21.50,12.75,250.88,0.5663,-0.2144,0.0231,0.7955,-3.45,-1.97,8.83,0.88,-2.19,4.19,9.68,0,1.70,-0.0630,0.0559,86,0.851,0.000,0.00,0.00,66.582,0
phase1 acc_mag=9.530 gravity=9.718 motion=0.188 moving_avg=0.093 rms=0.119 mean_rms=0.149 max_rms=0.213 min_rms=0.115 std=0.040 var=0.002 state=standing thr=0.229/0.429/0.929
-21.56,12.75,250.62,0.5648,-0.2145,0.0230,0.7965,-3.88,-2.14,8.95,0.00,-1.12,1.94,9.99,0,1.70,-0.0631,0.0558,86,0.851,0.000,0.00,0.00,66.582,0
-21.44,12.75,250.62,0.5646,-0.2139,0.0225,0.7969,-3.75,-2.02,8.99,-1.00,-2.31,-0.06,9.95,0,1.70,-0.0631,0.0555,86,0.851,0.000,0.00,0.00,66.582,0
-21.25,12.62,250.44,0.5636,-0.2118,0.0217,0.7982,-3.24,-1.89,8.83,-0.44,-3.50,3.81,9.59,0,1.70,-0.0627,0.0547,86,0.851,0.000,0.00,0.00,66.582,0
-21.12,12.62,250.38,0.5636,-0.2114,0.0206,0.7983,-3.55,-2.00,8.78,-2.56,1.75,-1.75,9.68,0,1.70,-0.0628,0.0542,86,0.851,0.000,0.00,0.00,66.582,0
phase1 acc_mag=9.491 gravity=9.713 motion=0.222 moving_avg=0.102 rms=0.128 mean_rms=0.130 max_rms=0.208 min_rms=0.115 std=0.023 var=0.001 state=standing thr=0.175/0.375/0.875
-21.31,12.88,250.31,0.5625,-0.2136,0.0200,0.7985,-3.50,-2.09,8.67,-6.00,6.81,0.62,9.58,0,1.70,-0.0637,0.0545,86,0.851,0.000,0.00,0.00,66.582,0
-21.62,12.88,250.19,0.5615,-0.2159,0.0219,0.7985,-3.34,-1.82,8.67,-0.62,4.69,2.94,9.47,0,1.70,-0.0641,0.0555,86,0.851,0.000,0.00,0.00,66.582,0
-22.00,12.81,249.88,0.5591,-0.2181,0.0237,0.7996,-3.46,-1.87,8.86,0.12,3.44,5.62,9.69,0,1.70,-0.0645,0.0564,86,0.851,0.000,0.00,0.00,66.582,0
phase1 acc_mag=9.928 gravity=9.692 motion=0.236 moving_avg=0.110 rms=0.137 mean_rms=0.124 max_rms=0.137 min_rms=0.115 std=0.007 var=0.000 state=standing thr=0.138/0.350/0.850
-22.12,12.50,249.44,0.5560,-0.2173,0.0253,0.8018,-3.71,-2.04,8.98,0.81,-2.75,7.69,9.93,0,1.70,-0.0641,0.0565,86,0.851,0.000,0.00,0.00,66.582,0
-21.94,12.12,248.75,0.5513,-0.2147,0.0255,0.8058,-3.56,-1.80,8.72,-2.56,-0.50,7.88,9.59,0,1.70,-0.0636,0.0556,86,0.851,0.000,0.00,0.00,66.582,0
-21.94,12.44,248.38,0.5483,-0.2164,0.0228,0.8075,-3.78,-2.04,8.81,-5.25,0.56,1.31,9.80,0,1.70,-0.0649,0.0548,86,0.851,0.000,0.00,0.00,66.582,0
-21.94,12.75,248.12,0.5466,-0.2175,0.0203,0.8083,-3.51,-2.02,8.85,-5.31,0.06,-0.31,9.73,0,1.70,-0.0659,0.0541,86,0.851,0.000,0.00,0.00,66.582,0
phase1 acc_mag=9.721 gravity=9.698 motion=0.022 moving_avg=0.104 rms=0.130 mean_rms=0.126 max_rms=0.139 min_rms=0.115 std=0.007 var=0.000 state=standing thr=0.140/0.350/0.850
-22.06,13.25,248.06,0.5461,-0.2207,0.0177,0.8079,-3.81,-2.28,8.92,-7.06,1.62,0.19,9.96,0,1.70,-0.0675,0.0539,86,0.851,0.000,0.00,0.00,66.582,0
-22.06,13.38,248.06,0.5458,-0.2216,0.0166,0.8079,-3.60,-1.99,8.84,-2.88,0.50,-0.56,9.75,0,1.70,-0.0680,0.0538,86,0.851,0.000,0.00,0.00,66.582,0
-22.12,13.69,248.12,0.5458,-0.2238,0.0150,0.8074,-3.58,-2.05,8.83,-4.19,1.50,2.00,9.75,0,1.70,-0.0690,0.0537,86,0.851,0.000,0.00,0.00,66.582,0
-22.19,13.62,247.94,0.5447,-0.2238,0.0155,0.8080,-3.48,-2.02,8.76,-0.31,0.50,0.50,9.64,0,1.70,-0.0689,0.0538,86,0.851,0.000,0.00,0.00,66.582,0
phase1 acc_mag=10.809 gravity=9.720 motion=1.089 moving_avg=0.117 rms=0.177 mean_rms=0.129 max_rms=0.177 min_rms=0.117 std=0.008 var=0.000 state=slow thr=0.145/0.350/0.850
-22.38,14.00,247.88,0.5437,-0.2267,0.0142,0.8079,-3.65,-1.99,8.67,-2.00,1.62,4.19,9.62,0,1.70,-0.0702,0.0539,86,0.851,0.000,0.00,0.00,66.582,0
-22.44,14.12,247.69,0.5425,-0.2277,0.0131,0.8085,-3.65,-2.38,8.78,-3.12,-1.06,1.44,9.80,0,1.70,-0.0708,0.0536,86,0.851,0.000,0.00,0.00,66.582,0
-22.56,14.19,247.62,0.5418,-0.2288,0.0131,0.8087,-3.78,-2.12,8.69,-0.62,2.75,1.88,9.71,0,1.70,-0.0712,0.0538,86,0.851,0.000,0.00,0.00,66.582,0
-22.56,14.25,247.56,0.5414,-0.2292,0.0128,0.8088,-3.67,-2.32,8.87,-0.69,-1.00,2.12,9.88,0,1.70,-0.0714,0.0538,86,0.851,0.000,0.00,0.00,66.582,0
phase1 acc_mag=9.764 gravity=9.728 motion=0.036 moving_avg=0.114 rms=0.173 mean_rms=0.141 max_rms=0.178 min_rms=0.124 std=0.020 var=0.000 state=standing thr=0.181/0.381/0.881
-22.56,14.19,247.50,0.5409,-0.2288,0.0131,0.8093,-3.59,-2.07,8.66,-0.06,0.00,-1.25,9.60,0,1.70,-0.0712,0.0537,86,0.851,0.000,0.00,0.00,66.582,0
-22.62,14.31,247.56,0.5414,-0.2299,0.0123,0.8086,-3.78,-2.19,8.75,-1.88,1.69,-1.00,9.78,0,1.70,-0.0717,0.0538,86,0.851,0.000,0.00,0.00,66.582,0
-22.75,14.69,247.69,0.5421,-0.2325,0.0110,0.8074,-4.10,-2.57,8.85,-5.19,3.06,-2.38,10.09,0,1.70,-0.0727,0.0540,86,0.851,0.000,0.00,0.00,66.582,0
-22.88,14.69,247.75,0.5424,-0.2330,0.0116,0.8071,-3.62,-2.24,8.75,0.44,0.38,0.19,9.73,0,1.70,-0.0727,0.0543,86,0.851,0.000,0.00,0.00,66.582,0
phase1 acc_mag=9.757 gravity=9.735 motion=0.022 moving_avg=0.114 rms=0.180 mean_rms=0.152 max_rms=0.185 min_rms=0.129 std=0.022 var=0.001 state=standing thr=0.197/0.397/0.897
-22.88,14.69,247.69,0.5419,-0.2334,0.0117,0.8073,-3.78,-2.18,8.75,2.50,-0.75,1.94,9.78,0,1.70,-0.0728,0.0544,86,0.851,0.000,0.00,0.00,66.582,0
-23.06,14.88,247.81,0.5422,-0.2354,0.0113,0.8065,-3.82,-2.48,8.76,-4.06,1.75,-0.69,9.87,0,1.70,-0.0735,0.0547,86,0.851,0.000,0.00,0.00,66.582,0
-23.12,14.94,247.69,0.5415,-0.2363,0.0115,0.8067,-3.87,-2.27,8.69,-0.62,1.31,0.19,9.78,0,1.70,-0.0738,0.0549,86,0.851,0.000,0.00,0.00,66.582,0
-23.19,15.12,247.75,0.5416,-0.2372,0.0106,0.8064,-3.71,-2.22,8.62,-3.12,1.00,-0.12,9.64,0,1.70,-0.0742,0.0548,86,0.851,0.000,0.00,0.00,66.582,0
phase1 acc_mag=9.696 gravity=9.740 motion=0.044 moving_avg=0.113 rms=0.177 mean_rms=0.161 max_rms=0.185 min_rms=0.129 std=0.023 var=0.001 state=standing thr=0.207/0.407/0.907
-23.19,15.50,247.69,0.5410,-0.2390,0.0081,0.8063,-3.71,-2.52,8.59,-4.81,2.06,-0.25,9.69,0,1.70,-0.0753,0.0543,86,0.851,0.000,0.00,0.00,66.582,0
-23.25,15.12,247.25,0.5383,-0.2380,0.0101,0.8084,-3.97,-2.05,8.61,1.62,1.75,2.00,9.70,0,1.70,-0.0748,0.0545,86,0.851,0.000,0.00,0.00,66.582,0
-23.31,14.81,247.06,0.5370,-0.2368,0.0115,0.8096,-3.69,-2.09,8.64,2.44,-0.25,4.25,9.62,0,1.70,-0.0742,0.0546,86,0.851,0.000,0.00,0.00,66.582,0
phase1 acc_mag=9.698 gravity=9.737 motion=0.040 moving_avg=0.141 rms=0.248 mean_rms=0.183 max_rms=0.249 min_rms=0.129 std=0.032 var=0.001 state=slow thr=0.247/0.447/0.947
-23.38,14.69,246.94,0.5359,-0.2367,0.0126,0.8103,-3.84,-1.99,8.68,-0.25,1.38,-0.38,9.70,0,1.70,-0.0740,0.0548,86,0.851,0.000,0.00,0.00,66.582,0
-23.56,15.00,246.88,0.5352,-0.2397,0.0109,0.8100,-4.09,-2.29,8.67,-5.88,-0.56,-3.44,9.86,0,1.70,-0.0753,0.0548,86,0.851,0.000,0.00,0.00,66.582,0
-23.38,15.25,246.56,0.5331,-0.2394,0.0085,0.8114,-3.77,-2.31,8.61,1.19,-4.19,11.50,9.68,0,1.70,-0.0759,0.0538,86,0.851,0.000,0.00,0.00,66.582,0
-23.50,14.62,245.31,0.5227,-0.2371,0.0106,0.8188,-4.63,-2.05,8.56,-1.88,-3.25,23.25,9.95,0,1.70,-0.0754,0.0531,86,0.851,0.000,0.00,0.00,66.582,0
phase1 acc_mag=10.141 gravity=9.733 motion=0.408 moving_avg=0.132 rms=0.223 mean_rms=0.201 max_rms=0.249 min_rms=0.170 std=0.032 var=0.001 state=standing thr=0.264/0.464/0.964
-23.25,14.44,244.50,0.5188,-0.2350,0.0085,0.8219,-3.67,-2.24,8.89,-2.00,-4.44,-4.19,9.88,0,1.70,-0.0755,0.0516,86,0.851,0.000,0.00,0.00,66.582,0
-22.88,14.75,244.56,0.5197,-0.2337,0.0051,0.8218,-3.73,-2.30,8.61,-2.31,-7.50,2.12,9.66,0,1.70,-0.0758,0.0502,86,0.851,0.000,0.00,0.00,66.582,0
-22.44,14.50,244.25,0.5174,-0.2293,0.0037,0.8244,-3.81,-2.18,8.36,-0.38,-4.56,3.25,9.44,0,1.70,-0.0749,0.0487,86,0.851,0.000,0.00,0.00,66.582,0
-22.19,14.31,243.69,0.5141,-0.2271,0.0024,0.8271,-3.51,-2.48,8.66,-1.06,-2.94,4.44,9.67,0,1.70,-0.0746,0.0475,86,0.851,0.000,0.00,0.00,66.582,0
phase1 acc_mag=10.016 gravity=9.719 motion=0.296 moving_avg=0.146 rms=0.232 mean_rms=0.212 max_rms=0.249 min_rms=0.170 std=0.030 var=0.001 state=standing thr=0.272/0.472/0.972
-22.12,13.94,243.62,0.5140,-0.2252,0.0046,0.8278,-3.57,-1.80,8.88,16.88,-5.00,4.62,9.74,0,1.70,-0.0736,0.0478,86,0.851,0.000,0.00,0.00,66.582,0
-21.88,13.69,243.81,0.5158,-0.2208,0.0059,0.8278,-3.67,-1.99,8.66,0.31,-8.00,-3.44,9.61,0,1.70,-0.0719,0.0475,86,0.851,0.000,0.00,0.00,66.582,0
-21.00,12.88,243.56,0.5146,-0.2123,0.0063,0.8307,-2.73,-1.83,8.69,4.06,-11.19,-2.38,9.29,0,1.70,-0.0693,0.0458,86,0.851,0.000,0.00,0.00,66.582,0
-20.56,13.50,243.50,0.5143,-0.2120,-0.0007,0.8309,-4.21,-1.99,8.90,-7.38,-11.75,-1.00,10.04,0,1.70,-0.0706,0.0434,86,0.851,0.000,0.00,0.00,66.582,0
phase1 acc_mag=9.692 gravity=9.720 motion=0.028 moving_avg=0.165 rms=0.260 mean_rms=0.226 max_rms=0.261 min_rms=0.177 std=0.028 var=0.001 state=standing thr=0.281/0.481/0.981
-19.25,13.38,243.06,0.5112,-0.2006,-0.0077,0.8357,-2.23,-2.49,9.15,2.88,-24.62,14.25,9.74,0,1.70,-0.0686,0.0385,86,0.851,0.000,0.00,0.00,66.582,0
-18.75,13.25,242.31,0.5074,-0.1978,-0.0098,0.8386,-2.63,-1.73,8.71,-3.25,-4.50,5.81,9.26,0,1.70,-0.0683,0.0368,86,0.851,0.000,0.00,0.00,66.582,0
-18.94,13.25,241.62,0.5023,-0.1992,-0.0103,0.8414,-4.06,-2.01,8.63,9.88,2.19,2.56,9.75,0,1.70,-0.0691,0.0366,86,0.851,0.000,0.00,0.00,66.582,0
-19.12,12.44,241.25,0.4989,-0.1962,-0.0035,0.8442,-3.64,-2.11,9.14,8.31,2.19,10.06,10.06,0,1.70,-0.0670,0.0380,86,0.851,0.000,0.00,0.00,66.582,0
phase1 acc_mag=9.596 gravity=9.742 motion=0.146 moving_avg=0.210 rms=0.314 mean_rms=0.249 max_rms=0.314 min_rms=0.178 std=0.028 var=0.001 state=slow thr=0.306/0.506/1.006
-18.31,11.50,240.38,0.4942,-0.1870,-0.0028,0.8490,-3.26,-2.24,9.29,5.00,-23.69,8.25,10.10,0,1.70,-0.0641,0.0360,86,0.851,0.000,0.00,0.00,66.582,0
-17.75,11.00,240.19,0.4941,-0.1799,-0.0020,0.8506,-3.05,-1.87,9.06,7.81,-8.12,-5.69,9.74,0,1.70,-0.0616,0.0349,86,0.851,0.000,0.00,0.00,66.582,0
-17.44,10.44,240.06,0.4927,-0.1762,-0.0001,0.8521,-2.31,-1.21,9.19,10.12,-5.19,9.56,9.55,0,1.70,-0.0601,0.0347,86,0.851,0.000,0.00,0.00,66.582,0
-17.31,10.44,239.81,0.4913,-0.1752,-0.0008,0.8532,-2.58,-1.48,8.92,1.75,-2.56,8.56,9.40,0,1.70,-0.0600,0.0342,86,0.851,0.000,0.00,0.00,66.582,0
phase1 acc_mag=9.648 gravity=9.756 motion=0.108 moving_avg=0.210 rms=0.280 mean_rms=0.258 max_rms=0.316 min_rms=0.215 std=0.029 var=0.001 state=standing thr=0.315/0.515/1.015
-17.50,10.12,239.25,0.4868,-0.1754,0.0015,0.8557,-2.43,-1.04,8.79,-7.81,3.31,1.88,9.18,0,1.70,-0.0598,0.0347,86,0.851,0.000,0.00,0.00,66.582,0
-17.75,10.94,239.12,0.4854,-0.1804,-0.0038,0.8555,-3.35,-1.96,9.31,-5.75,-1.75,3.81,10.09,0,1.70,-0.0625,0.0337,86,0.851,0.000,0.00,0.00,66.582,0
-17.75,11.25,238.81,0.4829,-0.1822,-0.0067,0.8564,-3.00,-1.81,9.07,-5.00,1.69,-2.25,9.72,0,1.70,-0.0637,0.0329,86,0.851,0.000,0.00,0.00,66.582,0
-17.81,11.12,238.62,0.4815,-0.1821,-0.0054,0.8573,-2.70,-1.43,9.17,0.50,-1.31,6.31,9.67,0,1.70,-0.0635,0.0332,86,0.851,0.000,0.00,0.00,66.582,0
phase1 acc_mag=9.876 gravity=9.728 motion=0.148 moving_avg=0.224 rms=0.290 mean_rms=0.269 max_rms=0.316 min_rms=0.224 std=0.028 var=0.001 state=standing thr=0.325/0.525/1.025
-17.81,11.50,238.44,0.4803,-0.1832,-0.0084,0.8577,-2.54,-1.83,9.03,-8.00,2.00,0.38,9.56,0,1.70,-0.0644,0.0323,86,0.851,0.000,0.00,0.00,66.582,0
-18.31,11.69,238.38,0.4791,-0.1876,-0.0071,0.8575,-3.38,-1.67,8.66,7.56,3.19,1.81,9.45,0,1.70,-0.0657,0.0335,86,0.851,0.000,0.00,0.00,66.582,0
-18.19,11.62,238.00,0.4767,-0.1863,-0.0082,0.8591,-3.13,-2.03,9.80,-1.44,-2.31,8.44,10.49,0,1.70,-0.0656,0.0327,86,0.851,0.000,0.00,0.00,66.582,0
-18.06,11.38,237.56,0.4734,-0.1842,-0.0077,0.8613,-3.15,-1.71,8.59,1.31,-5.31,3.56,9.31,0,1.70,-0.0649,0.0322,86,0.851,0.000,0.00,0.00,66.582,0
phase1 acc_mag=9.794 gravity=9.724 motion=0.070 moving_avg=0.259 rms=0.320 mean_rms=0.285 max_rms=0.320 min_rms=0.236 std=0.022 var=0.000 state=standing thr=0.328/0.528/1.028
-17.62,11.25,237.31,0.4718,-0.1808,-0.0091,0.8629,-2.54,-1.72,9.48,-2.19,-2.50,3.06,9.96,0,1.70,-0.0641,0.0310,86,0.851,0.000,0.00,0.00,66.582,0
-17.69,11.38,237.31,0.4719,-0.1819,-0.0098,0.8627,-2.82,-1.62,8.94,-5.44,-0.19,-2.69,9.51,0,1.70,-0.0646,0.0309,86,0.851,0.000,0.00,0.00,66.582,0
-17.62,12.06,237.31,0.4715,-0.1846,-0.0155,0.8622,-2.59,-2.04,9.19,-7.75,2.56,-3.50,9.76,0,1.70,-0.0666,0.0295,86,0.851,0.000,0.00,0.00,66.582,0
-18.06,12.38,237.12,0.4696,-0.1884,-0.0156,0.8624,-2.26,-2.01,8.78,-11.00,12.06,5.00,9.29,0,1.70,-0.0679,0.0300,86,0.851,0.000,0.00,0.00,66.582,0
phase1 acc_mag=9.990 gravity=9.703 motion=0.287 moving_avg=0.263 rms=0.317 mean_rms=0.298 max_rms=0.327 min_rms=0.270 std=0.017 var=0.000 state=standing thr=0.333/0.533/1.033
-19.44,13.00,236.94,0.4670,-0.2010,-0.0140,0.8610,-3.56,-2.02,9.36,1.19,0.12,2.88,10.22,0,1.70,-0.0718,0.0327,86,0.851,0.000,0.00,0.00,66.582,0
-19.50,13.25,236.88,0.4664,-0.2027,-0.0162,0.8608,-2.98,-1.85,8.71,-0.69,0.50,4.31,9.39,0,1.70,-0.0728,0.0322,86,0.851,0.000,0.00,0.00,66.582,0
-19.81,13.62,236.94,0.4665,-0.2065,-0.0173,0.8599,-3.27,-1.92,9.05,-6.06,8.94,-5.56,9.81,0,1.70,-0.0743,0.0326,86,0.851,0.000,0.00,0.00,66.582,0
-19.88,14.12,237.19,0.4681,-0.2095,-0.0203,0.8583,-3.77,-2.47,8.73,-5.81,3.19,-3.31,9.82,0,1.70,-0.0757,0.0323,86,0.851,0.000,0.00,0.00,66.582,0
phase1 acc_mag=9.672 gravity=9.710 motion=0.038 moving_avg=0.267 rms=0.328 mean_rms=0.305 max_rms=0.342 min_rms=0.273 std=0.021 var=0.000 state=standing thr=0.347/0.547/1.047
-20.56,14.56,236.81,0.4645,-0.2161,-0.0207,0.8586,-3.05,-1.86,8.61,-12.19,16.50,7.94,9.32,0,1.70,-0.0780,0.0330,86,0.851,0.000,0.00,0.00,66.582,0
-21.62,15.94,236.75,0.4627,-0.2304,-0.0259,0.8557,-3.97,-2.57,8.92,-12.25,6.81,-4.06,10.10,0,1.70,-0.0837,0.0338,86,0.851,0.000,0.00,0.00,66.582,0
-22.44,16.25,236.56,0.4604,-0.2365,-0.0242,0.8553,-3.40,-2.45,8.70,1.75,5.94,10.19,9.66,0,1.70,-0.0853,0.0353,86,0.851,0.000,0.00,0.00,66.582,0
-23.00,15.94,236.25,0.4577,-0.2395,-0.0200,0.8560,-4.13,-2.57,8.59,5.44,10.38,3.19,9.87,0,1.70,-0.0857,0.0370,86,0.851,0.000,0.00,0.00,66.582,0
phase1 acc_mag=9.562 gravity=9.736 motion=0.175 moving_avg=0.281 rms=0.342 mean_rms=0.319 max_rms=0.349 min_rms=0.289 std=0.019 var=0.000 state=standing thr=0.358/0.558/1.058
-23.69,15.69,235.94,0.4543,-0.2437,-0.0153,0.8567,-4.29,-2.45,8.66,-0.81,7.06,11.44,9.97,0,1.70,-0.0863,0.0390,86,0.851,0.000,0.00,0.00,66.582,0
-24.00,15.44,235.19,0.4495,-0.2443,-0.0142,0.8591,-3.25,-2.07,8.07,-5.25,2.75,11.75,8.94,0,1.70,-0.0865,0.0391,86,0.851,0.000,0.00,0.00,66.582,0
-24.06,16.38,234.44,0.4421,-0.2488,-0.0234,0.8615,-4.36,-2.73,9.21,-21.12,-4.12,8.44,10.55,0,1.70,-0.0899,0.0359,86,0.851,0.000,0.00,0.00,66.582,0
phase1 acc_mag=9.531 gravity=9.736 motion=0.205 moving_avg=0.350 rms=0.488 mean_rms=0.340 max_rms=0.489 min_rms=0.292 std=0.041 var=0.002 state=slow thr=0.421/0.621/1.121
-24.50,14.94,233.44,0.4359,-0.2458,-0.0118,0.8657,-3.76,-1.37,8.65,18.81,7.81,20.81,9.53,0,1.70,-0.0872,0.0388,86,0.851,0.000,0.00,0.00,66.582,0
-25.00,14.12,232.94,0.4315,-0.2463,-0.0050,0.8678,-3.69,-1.95,8.48,7.25,-5.38,11.94,9.45,0,1.70,-0.0864,0.0408,86,0.851,0.000,0.00,0.00,66.582,0
-25.31,13.44,232.31,0.4277,-0.2461,0.0002,0.8698,-4.01,-2.05,8.77,6.06,2.25,3.12,9.86,0,1.70,-0.0856,0.0422,86,0.851,0.000,0.00,0.00,66.582,0
-25.31,12.75,232.50,0.4292,-0.2438,0.0051,0.8697,-4.38,-2.28,8.60,8.69,-0.50,0.75,9.92,0,1.70,-0.0839,0.0436,86,0.851,0.000,0.00,0.00,66.582,0
phase1 acc_mag=9.484 gravity=9.724 motion=0.241 moving_avg=0.335 rms=0.478 mean_rms=0.375 max_rms=0.491 min_rms=0.311 std=0.066 var=0.004 state=standing thr=0.507/0.707/1.207
-25.75,12.00,232.38,0.4279,-0.2445,0.0135,0.8701,-4.88,-1.63,8.92,12.62,15.19,7.69,10.30,0,1.70,-0.0828,0.0466,86,0.851,0.000,0.00,0.00,66.582,0
-25.94,11.00,232.31,0.4279,-0.2416,0.0201,0.8707,-4.20,-1.70,8.80,9.62,0.75,3.19,9.90,0,1.70,-0.0807,0.0484,86,0.851,0.000,0.00,0.00,66.582,0
-25.88,10.44,232.12,0.4265,-0.2393,0.0235,0.8719,-3.91,-1.57,8.65,2.94,5.06,1.88,9.62,0,1.70,-0.0794,0.0490,86,0.851,0.000,0.00,0.00,66.582,0
phase1 acc_mag=9.277 gravity=9.715 motion=0.438 moving_avg=0.325 rms=0.468 mean_rms=0.407 max_rms=0.491 min_rms=0.321 std=0.070 var=0.005 state=standing thr=0.547/0.747/1.247
-25.81,9.81,231.94,0.4255,-0.2363,0.0269,0.8732,-3.81,-1.22,8.37,8.19,-2.94,6.00,9.28,0,1.70,-0.0779,0.0496,86,0.851,0.000,0.00,0.00,66.582,0
-25.75,9.81,231.94,0.4256,-0.2358,0.0269,0.8732,-3.92,-1.35,8.67,1.69,-0.88,2.62,9.61,0,1.70,-0.0778,0.0495,86,0.851,0.000,0.00,0.00,66.582,0
-25.81,9.69,231.94,0.4254,-0.2360,0.0279,0.8733,-4.38,-1.73,8.60,1.38,0.06,0.69,9.80,0,1.70,-0.0777,0.0499,86,0.851,0.000,0.00,0.00,66.582,0
-25.50,9.44,231.81,0.4248,-0.2330,0.0281,0.8743,-4.91,-2.25,9.11,7.12,-13.38,8.50,10.59,0,1.70,-0.0767,0.0494,86,0.851,0.000,0.00,0.00,66.582,0
phase1 acc_mag=10.019 gravity=9.761 motion=0.258 moving_avg=0.313 rms=0.466 mean_rms=0.434 max_rms=0.491 min_rms=0.335 std=0.059 var=0.004 state=standing thr=0.553/0.753/1.253
-25.19,8.81,231.56,0.4236,-0.2281,0.0311,0.8761,-3.61,-1.41,8.77,4.94,0.19,0.25,9.59,0,1.70,-0.0747,0.0496,86,0.851,0.000,0.00,0.00,66.582,0
-25.12,8.56,231.50,0.4230,-0.2270,0.0323,0.8766,-4.25,-1.44,8.88,3.00,-5.69,8.69,9.95,0,1.70,-0.0741,0.0497,86,0.851,0.000,0.00,0.00,66.582,0
-24.88,8.25,231.25,0.4216,-0.2236,0.0328,0.8782,-4.06,-1.26,8.75,-0.06,-3.00,-0.25,9.73,0,1.70,-0.0730,0.0492,86,0.851,0.000,0.00,0.00,66.582,0
-24.69,8.12,231.00,0.4199,-0.2221,0.0327,0.8794,-3.88,-1.26,8.81,0.12,-0.62,0.50,9.71,0,1.70,-0.0726,0.0488,86,0.851,0.000,0.00,0.00,66.582,0
phase1 acc_mag=9.754 gravity=9.717 motion=0.037 moving_avg=0.278 rms=0.448 mean_rms=0.456 max_rms=0.491 min_rms=0.341 std=0.039 var=0.002 state=standing thr=0.534/0.734/1.234
-24.62,8.06,231.19,0.4214,-0.2213,0.0330,0.8788,-4.08,-1.26,8.84,3.38,-2.00,-3.56,9.82,0,1.70,-0.0722,0.0489,86,0.851,0.000,0.00,0.00,66.582,0
-24.31,7.88,231.50,0.4238,-0.2184,0.0339,0.8784,-4.02,-1.52,9.03,1.38,1.62,-8.69,10.00,0,1.70,-0.0710,0.0489,86,0.851,0.000,0.00,0.00,66.582,0
-24.06,8.06,232.38,0.4308,-0.2169,0.0333,0.8754,-3.78,-1.81,8.83,6.06,-3.81,-19.81,9.77,0,1.70,-0.0702,0.0490,86,0.851,0.000,0.00,0.00,66.582,0
phase1 acc_mag=9.346 gravity=9.727 motion=0.380 moving_avg=0.203 rms=0.279 mean_rms=0.449 max_rms=0.491 min_rms=0.278 std=0.052 var=0.003 state=standing thr=0.552/0.752/1.252
-23.50,8.00,233.56,0.4417,-0.2108,0.0338,0.8714,-3.79,-1.26,8.45,9.88,-9.75,-15.69,9.35,0,1.70,-0.0675,0.0490,86,0.851,0.000,0.00,0.00,66.582,0
-22.56,7.31,233.94,0.4435,-0.2015,0.0347,0.8726,-3.53,-0.77,9.19,-1.00,-8.56,4.31,9.87,0,1.70,-0.0642,0.0479,86,0.851,0.000,0.00,0.00,66.582,0
-22.31,7.12,233.69,0.4423,-0.1999,0.0353,0.8736,-3.82,-1.28,9.11,-0.81,1.81,-2.06,9.96,0,1.70,-0.0636,0.0477,86,0.851,0.000,0.00,0.00,66.582,0
-21.81,6.81,233.75,0.4424,-0.1932,0.0355,0.8750,-3.60,-0.93,9.23,6.19,-17.38,11.62,9.95,0,1.70,-0.0613,0.0466,86,0.851,0.000,0.00,0.00,66.582,0
phase1 acc_mag=9.671 gravity=9.716 motion=0.045 moving_avg=0.193 rms=0.269 mean_rms=0.407 max_rms=0.485 min_rms=0.263 std=0.083 var=0.007 state=standing thr=0.572/0.772/1.272
-21.25,6.19,233.38,0.4410,-0.1885,0.0370,0.8766,-3.62,-0.58,8.88,10.12,-4.19,6.56,9.61,0,1.70,-0.0596,0.0463,86,0.851,0.000,0.00,0.00,66.582,0
-20.94,6.00,233.06,0.4388,-0.1849,0.0369,0.8786,-3.27,-1.06,9.13,0.38,-1.06,3.44,9.76,0,1.70,-0.0585,0.0454,86,0.851,0.000,0.00,0.00,66.582,0
-20.88,6.00,233.19,0.4397,-0.1846,0.0368,0.8782,-3.67,-0.87,8.82,3.44,2.38,-5.12,9.59,0,1.70,-0.0584,0.0454,86,0.851,0.000,0.00,0.00,66.582,0
-20.75,6.00,233.19,0.4398,-0.1840,0.0361,0.8783,-3.19,-0.79,8.91,1.69,-3.38,3.25,9.50,0,1.70,-0.0583,0.0450,86,0.851,0.000,0.00,0.00,66.582,0
phase1 acc_mag=9.818 gravity=9.710 motion=0.108 moving_avg=0.160 rms=0.227 mean_rms=0.362 max_rms=0.466 min_rms=0.227 std=0.093 var=0.009 state=standing thr=0.549/0.749/1.249
-20.56,6.06,233.38,0.4416,-0.1827,0.0355,0.8777,-3.63,-1.02,8.96,-0.44,-0.88,-7.25,9.72,0,1.70,-0.0579,0.0447,86,0.851,0.000,0.00,0.00,66.582,0
-20.38,5.94,233.56,0.4434,-0.1808,0.0356,0.8771,-3.28,-0.82,9.08,1.62,-2.19,-4.75,9.69,0,1.70,-0.0571,0.0446,86,0.851,0.000,0.00,0.00,66.582,0
-20.38,6.00,233.69,0.4441,-0.1807,0.0353,0.8769,-3.20,-0.81,9.03,-0.81,-0.38,-2.00,9.61,0,1.70,-0.0571,0.0445,86,0.851,0.000,0.00,0.00,66.582,0
-20.25,5.94,233.69,0.4442,-0.1798,0.0355,0.8770,-3.35,-0.91,8.97,-1.44,0.75,-2.00,9.62,0,1.70,-0.0568,0.0444,86,0.851,0.000,0.00,0.00,66.582,0
phase1 acc_mag=9.595 gravity=9.676 motion=0.081 moving_avg=0.135 rms=0.191 mean_rms=0.308 max_rms=0.455 min_rms=0.191 std=0.091 var=0.008 state=standing thr=0.489/0.689/1.189
-20.31,6.00,233.69,0.4441,-0.1805,0.0355,0.8769,-3.60,-0.95,9.13,0.44,1.06,-0.19,9.86,0,1.70,-0.0570,0.0445,86,0.851,0.000,0.00,0.00,66.582,0
-20.31,5.94,233.69,0.4442,-0.1802,0.0355,0.8769,-3.33,-0.85,9.09,-1.88,0.69,-1.38,9.72,0,1.70,-0.0569,0.0445,86,0.851,0.000,0.00,0.00,66.582,0
-20.25,5.94,233.69,0.4442,-0.1799,0.0355,0.8770,-3.36,-0.89,9.03,-0.06,0.31,-1.69,9.68,0,1.70,-0.0568,0.0444,86,0.851,0.000,0.00,0.00,66.582,0
phase1 acc_mag=9.669 gravity=9.661 motion=0.008 moving_avg=0.134 rms=0.191 mean_rms=0.254 max_rms=0.434 min_rms=0.190 std=0.063 var=0.004 state=standing thr=0.379/0.579/1.079
-20.25,5.94,233.69,0.4440,-0.1797,0.0353,0.8771,-3.27,-0.85,9.06,0.19,-0.38,0.75,9.67,0,1.70,-0.0568,0.0443,86,0.851,0.000,0.00,0.00,66.582,0
-20.12,5.94,233.75,0.4449,-0.1785,0.0349,0.8770,-3.14,-0.76,9.00,-0.75,-2.12,-1.62,9.56,0,1.70,-0.0564,0.0440,86,0.851,0.000,0.00,0.00,66.582,0
-20.06,5.94,233.81,0.4455,-0.1782,0.0349,0.8766,-3.22,-0.73,8.91,0.62,0.25,-0.75,9.50,0,1.70,-0.0563,0.0440,86,0.851,0.000,0.00,0.00,66.582,0
-20.06,6.00,233.88,0.4457,-0.1782,0.0345,0.8766,-3.33,-0.79,9.06,0.38,-1.62,-0.06,9.68,0,1.70,-0.0563,0.0439,86,0.851,0.000,0.00,0.00,66.582,0
phase1 acc_mag=9.581 gravity=9.657 motion=0.076 moving_avg=0.106 rms=0.151 mean_rms=0.220 max_rms=0.289 min_rms=0.151 std=0.036 var=0.001 state=standing thr=0.292/0.492/0.992
-19.94,5.94,233.81,0.4451,-0.1771,0.0341,0.8771,-3.17,-0.92,9.04,0.25,-1.00,1.06,9.62,0,1.70,-0.0561,0.0435,86,0.851,0.000,0.00,0.00,66.582,0
-20.12,6.06,233.81,0.4452,-0.1790,0.0341,0.8767,-3.52,-0.99,8.84,-2.31,4.12,1.00,9.57,0,1.70,-0.0567,0.0438,86,0.851,0.000,0.00,0.00,66.582,0
-20.00,5.88,233.50,0.4432,-0.1776,0.0346,0.8780,-3.29,-0.91,9.08,1.00,-1.75,-2.75,9.70,0,1.70,-0.0562,0.0436,86,0.851,0.000,0.00,0.00,66.582,0
-19.94,5.94,233.75,0.4449,-0.1774,0.0341,0.8771,-3.36,-0.95,9.05,-0.88,0.19,-2.75,9.70,0,1.70,-0.0562,0.0435,86,0.851,0.000,0.00,0.00,66.582,0
phase1 acc_mag=9.566 gravity=9.657 motion=0.092 moving_avg=0.088 rms=0.125 mean_rms=0.193 max_rms=0.265 min_rms=0.125 std=0.038 var=0.001 state=standing thr=0.268/0.468/0.968
-19.88,5.94,233.81,0.4454,-0.1770,0.0341,0.8770,-3.52,-1.02,9.05,-0.19,1.50,-1.31,9.76,0,1.70,-0.0560,0.0435,86,0.851,0.000,0.00,0.00,66.582,0
-19.88,6.00,233.88,0.4459,-0.1769,0.0339,0.8768,-3.22,-0.83,9.05,-0.06,-0.69,-0.31,9.64,0,1.70,-0.0560,0.0434,86,0.851,0.000,0.00,0.00,66.582,0
-19.81,5.94,234.00,0.4468,-0.1761,0.0340,0.8765,-3.23,-0.92,9.11,0.31,-0.75,-1.88,9.71,0,1.70,-0.0557,0.0434,86,0.851,0.000,0.00,0.00,66.582,0
-19.81,6.00,234.12,0.4479,-0.1763,0.0338,0.8759,-3.28,-0.86,9.06,0.44,-0.12,-1.25,9.67,0,1.70,-0.0557,0.0434,86,0.851,0.000,0.00,0.00,66.582,0
phase1 acc_mag=9.654 gravity=9.654 motion=0.000 moving_avg=0.070 rms=0.091 mean_rms=0.164 max_rms=0.230 min_rms=0.091 std=0.041 var=0.002 state=standing thr=0.245/0.445/0.945
-19.81,6.06,234.25,0.4485,-0.1765,0.0334,0.8755,-3.13,-0.78,8.99,-1.75,0.44,-1.50,9.55,0,1.70,-0.0558,0.0434,86,0.851,0.000,0.00,0.00,66.582,0
-19.81,6.12,234.25,0.4487,-0.1768,0.0330,0.8754,-3.29,-0.80,9.16,2.50,-2.12,0.06,9.77,0,1.70,-0.0560,0.0433,86,0.851,0.000,0.00,0.00,66.582,0
-19.69,6.06,234.25,0.4490,-0.1758,0.0333,0.8754,-3.25,-0.86,9.05,0.06,1.06,-0.69,9.65,0,1.70,-0.0556,0.0432,86,0.851,0.000,0.00,0.00,66.582,0
-19.62,5.94,234.25,0.4490,-0.1749,0.0337,0.8756,-3.05,-0.79,9.04,0.94,-0.31,0.31,9.57,0,1.70,-0.0552,0.0432,86,0.851,0.000,0.00,0.00,66.582,0
phase1 acc_mag=9.655 gravity=9.659 motion=0.004 moving_avg=0.071 rms=0.088 mean_rms=0.137 max_rms=0.191 min_rms=0.086 std=0.040 var=0.002 state=standing thr=0.218/0.418/0.918
-19.75,6.00,234.31,0.4490,-0.1762,0.0337,0.8753,-3.16,-0.76,9.03,-1.50,2.31,-0.62,9.60,0,1.70,-0.0556,0.0434,86,0.851,0.000,0.00,0.00,66.582,0
-19.75,6.00,234.31,0.4492,-0.1760,0.0339,0.8753,-3.22,-0.77,9.03,0.88,-0.38,-0.62,9.62,0,1.70,-0.0555,0.0435,86,0.851,0.000,0.00,0.00,66.582,0
-19.75,6.06,234.38,0.4497,-0.1761,0.0337,0.8750,-3.15,-0.81,9.04,2.38,-1.06,2.25,9.61,0,1.70,-0.0556,0.0435,86,0.851,0.000,0.00,0.00,66.582,0
-19.75,6.00,234.44,0.4505,-0.1761,0.0338,0.8746,-3.15,-0.81,8.99,-2.25,2.19,-3.25,9.56,0,1.70,-0.0555,0.0436,86,0.851,0.000,0.00,0.00,66.582,0
phase1 acc_mag=9.721 gravity=9.665 motion=0.056 moving_avg=0.073 rms=0.092 mean_rms=0.115 max_rms=0.186 min_rms=0.086 std=0.032 var=0.001 state=standing thr=0.178/0.378/0.878
-19.81,6.06,234.56,0.4509,-0.1766,0.0338,0.8743,-3.36,-0.94,9.01,-1.00,2.00,-0.94,9.66,0,1.70,-0.0557,0.0437,86,0.851,0.000,0.00,0.00,66.582,0
-19.81,6.06,234.56,0.4511,-0.1766,0.0339,0.8742,-3.32,-0.92,9.08,-0.38,0.00,-0.81,9.71,0,1.70,-0.0556,0.0437,86,0.851,0.000,0.00,0.00,66.582,0
-19.81,6.06,234.56,0.4509,-0.1765,0.0339,0.8743,-3.17,-0.78,9.00,0.69,-0.25,1.75,9.57,0,1.70,-0.0556,0.0437,86,0.851,0.000,0.00,0.00,66.582,0
-19.81,6.06,234.56,0.4510,-0.1765,0.0339,0.8742,-3.31,-0.96,9.07,-0.50,-0.44,-0.81,9.70,0,1.70,-0.0556,0.0437,86,0.851,0.000,0.00,0.00,66.582,0
phase1 acc_mag=9.564 gravity=9.669 motion=0.105 moving_avg=0.073 rms=0.092 mean_rms=0.099 max_rms=0.149 min_rms=0.086 std=0.017 var=0.000 state=standing thr=0.132/0.350/0.850
-19.88,6.19,234.62,0.4515,-0.1773,0.0336,0.8738,-3.53,-1.04,9.07,-1.81,1.38,-2.06,9.79,0,1.70,-0.0559,0.0438,86,0.851,0.000,0.00,0.00,66.582,0
-19.81,6.12,234.62,0.4514,-0.1769,0.0337,0.8740,-3.36,-0.89,9.03,0.44,0.12,0.25,9.68,0,1.70,-0.0558,0.0437,86,0.851,0.000,0.00,0.00,66.582,0
-19.81,6.06,234.56,0.4514,-0.1769,0.0338,0.8740,-3.34,-0.97,9.02,-1.62,1.94,-1.69,9.67,0,1.70,-0.0557,0.0437,86,0.851,0.000,0.00,0.00,66.582,0
-19.81,6.12,234.56,0.4512,-0.1769,0.0338,0.8740,-3.25,-0.93,9.06,-0.31,0.31,-0.44,9.67,0,1.70,-0.0557,0.0437,86,0.851,0.000,0.00,0.00,66.582,0
phase1 acc_mag=9.621 gravity=9.668 motion=0.046 moving_avg=0.062 rms=0.083 mean_rms=0.090 max_rms=0.103 min_rms=0.082 std=0.005 var=0.000 state=standing thr=0.101/0.350/0.850
-19.88,6.12,234.62,0.4514,-0.1772,0.0339,0.8739,-3.49,-0.98,9.10,-0.75,0.25,-0.75,9.80,0,1.70,-0.0558,0.0438,86,0.851,0.000,0.00,0.00,66.582,0
-19.88,6.12,234.62,0.4517,-0.1772,0.0338,0.8737,-3.22,-0.91,9.04,-1.44,0.81,-2.12,9.64,0,1.70,-0.0558,0.0438,86,0.851,0.000,0.00,0.00,66.582,0
-19.94,6.19,234.62,0.4517,-0.1777,0.0338,0.8737,-3.41,-0.90,9.04,-0.06,0.38,0.38,9.70,0,1.70,-0.0560,0.0439,86,0.851,0.000,0.00,0.00,66.582,0
-19.88,6.12,234.62,0.4516,-0.1775,0.0339,0.8737,-3.25,-0.89,9.04,0.19,-0.25,0.31,9.65,0,1.70,-0.0559,0.0439,86,0.851,0.000,0.00,0.00,66.582,0
phase1 acc_mag=9.634 gravity=9.670 motion=0.036 moving_avg=0.057 rms=0.076 mean_rms=0.087 max_rms=0.093 min_rms=0.076 std=0.005 var=0.000 state=standing thr=0.098/0.350/0.850
-19.94,6.19,234.69,0.4518,-0.1779,0.0339,0.8735,-3.21,-0.88,8.98,0.62,1.00,-1.12,9.58,0,1.70,-0.0560,0.0440,86,0.851,0.000,0.00,0.00,66.582,0
-20.06,6.31,234.88,0.4532,-0.1796,0.0337,0.8725,-3.48,-0.99,9.02,-0.75,0.94,-1.50,9.72,0,1.70,-0.0566,0.0443,86,0.851,0.000,0.00,0.00,66.582,0
-20.06,6.25,234.81,0.4529,-0.1792,0.0340,0.8727,-3.34,-0.90,9.05,0.06,1.12,0.62,9.69,0,1.70,-0.0564,0.0443,86,0.851,0.000,0.00,0.00,66.582,0
-20.19,6.31,234.81,0.4529,-0.1802,0.0339,0.8725,-3.45,-1.05,9.03,-0.56,0.50,-0.56,9.72,0,1.70,-0.0567,0.0445,86,0.851,0.000,0.00,0.00,66.582,0
phase1 acc_mag=9.624 gravity=9.667 motion=0.044 moving_avg=0.054 rms=0.072 mean_rms=0.084 max_rms=0.093 min_rms=0.071 std=0.007 var=0.000 state=standing thr=0.099/0.350/0.850
-20.19,6.31,234.81,0.4526,-0.1802,0.0341,0.8727,-3.38,-1.00,9.00,-1.44,0.81,0.06,9.67,0,1.70,-0.0567,0.0445,86,0.851,0.000,0.00,0.00,66.582,0
-20.19,6.31,234.75,0.4521,-0.1805,0.0341,0.8728,-3.39,-0.85,8.99,-0.44,-1.00,3.25,9.65,0,1.70,-0.0569,0.0445,86,0.851,0.000,0.00,0.00,66.582,0
-20.19,6.44,234.38,0.4492,-0.1809,0.0325,0.8743,-3.50,-1.31,9.15,-2.56,-0.69,1.44,9.88,0,1.70,-0.0574,0.0439,86,0.851,0.000,0.00,0.00,66.582,0
-20.12,6.38,234.31,0.4489,-0.1802,0.0328,0.8746,-3.24,-0.89,8.99,0.19,0.50,-1.94,9.60,0,1.70,-0.0572,0.0438,86,0.851,0.000,0.00,0.00,66.582,0
phase1 acc_mag=9.674 gravity=9.663 motion=0.011 moving_avg=0.059 rms=0.085 mean_rms=0.081 max_rms=0.092 min_rms=0.067 std=0.008 var=0.000 state=standing thr=0.097/0.350/0.850
-20.19,6.38,234.38,0.4494,-0.1808,0.0329,0.8742,-3.35,-0.92,8.98,0.31,0.88,-0.62,9.63,0,1.70,-0.0573,0.0440,86,0.851,0.000,0.00,0.00,66.582,0
-20.25,6.38,234.38,0.4495,-0.1811,0.0331,0.8741,-3.29,-0.82,8.96,1.00,-0.12,1.94,9.58,0,1.70,-0.0574,0.0441,86,0.851,0.000,0.00,0.00,66.582,0
-20.06,6.31,234.06,0.4469,-0.1797,0.0325,0.8757,-2.85,-0.88,8.80,6.19,-3.94,6.62,9.29,0,1.70,-0.0571,0.0435,86,0.851,0.000,0.00,0.00,66.582,0
phase1 acc_mag=9.745 gravity=9.661 motion=0.085 moving_avg=0.066 rms=0.099 mean_rms=0.081 max_rms=0.099 min_rms=0.067 std=0.008 var=0.000 state=slow thr=0.098/0.350/0.850
-20.06,6.19,234.06,0.4470,-0.1794,0.0333,0.8757,-3.41,-1.04,9.07,0.50,0.69,0.12,9.75,0,1.70,-0.0569,0.0437,86,0.851,0.000,0.00,0.00,66.582,0
-20.12,6.19,234.12,0.4478,-0.1793,0.0341,0.8754,-3.41,-0.96,9.06,1.00,0.62,-1.19,9.73,0,1.70,-0.0567,0.0440,86,0.851,0.000,0.00,0.00,66.582,0
-20.06,6.12,234.19,0.4479,-0.1790,0.0343,0.8754,-3.25,-0.87,9.03,1.38,-1.00,1.31,9.64,0,1.70,-0.0565,0.0441,86,0.851,0.000,0.00,0.00,66.582,0
-20.12,6.06,234.25,0.4484,-0.1790,0.0345,0.8751,-3.40,-1.01,9.00,0.00,0.69,-1.38,9.67,0,1.70,-0.0565,0.0442,86,0.851,0.000,0.00,0.00,66.582,0
phase1 acc_mag=9.669 gravity=9.660 motion=0.009 moving_avg=0.064 rms=0.098 mean_rms=0.084 max_rms=0.099 min_rms=0.067 std=0.011 var=0.000 state=standing thr=0.106/0.350/0.850
-20.06,6.06,234.25,0.4489,-0.1790,0.0346,0.8748,-3.22,-0.84,9.01,-1.19,1.56,-3.19,9.60,0,1.70,-0.0564,0.0442,86,0.851,0.000,0.00,0.00,66.582,0
-20.12,6.12,234.38,0.4496,-0.1791,0.0348,0.8744,-3.26,-0.88,9.04,-0.44,1.12,-1.19,9.65,0,1.70,-0.0564,0.0444,86,0.851,0.000,0.00,0.00,66.582,0
-20.19,6.12,234.44,0.4500,-0.1796,0.0350,0.8741,-3.22,-0.73,9.03,0.00,0.69,-0.81,9.61,0,1.70,-0.0565,0.0446,86,0.851,0.000,0.00,0.00,66.582,0
-20.25,6.25,234.62,0.4513,-0.1810,0.0345,0.8732,-3.46,-0.96,8.98,-1.50,1.38,-1.94,9.67,0,1.70,-0.0570,0.0447,86,0.851,0.000,0.00,0.00,66.582,0
phase1 acc_mag=9.559 gravity=9.659 motion=0.100 moving_avg=0.064 rms=0.098 mean_rms=0.087 max_rms=0.099 min_rms=0.067 std=0.012 var=0.000 state=standing thr=0.110/0.350/0.850
-20.25,6.25,234.56,0.4510,-0.1806,0.0346,0.8734,-3.30,-0.83,9.03,0.06,0.25,-0.19,9.65,0,1.70,-0.0569,0.0447,86,0.851,0.000,0.00,0.00,66.582,0
-20.31,6.25,234.62,0.4510,-0.1810,0.0346,0.8733,-3.38,-0.98,9.04,-1.38,1.06,-0.94,9.70,0,1.70,-0.0570,0.0447,86,0.851,0.000,0.00,0.00,66.582,0
-20.31,6.25,234.62,0.4512,-0.1809,0.0346,0.8732,-3.22,-0.82,8.99,-0.56,0.62,-0.69,9.58,0,1.70,-0.0569,0.0447,86,0.851,0.000,0.00,0.00,66.582,0
-20.38,6.44,234.75,0.4520,-0.1823,0.0339,0.8726,-3.38,-0.93,9.00,-0.69,0.94,-1.00,9.66,0,1.70,-0.0575,0.0448,86,0.851,0.000,0.00,0.00,66.582,0
phase1 acc_mag=9.642 gravity=9.663 motion=0.021 moving_avg=0.064 rms=0.096 mean_rms=0.092 max_rms=0.099 min_rms=0.067 std=0.009 var=0.000 state=standing thr=0.110/0.350/0.850
-20.44,6.44,234.75,0.4521,-0.1827,0.0341,0.8724,-3.43,-0.95,9.00,-0.31,1.00,0.00,9.68,0,1.70,-0.0576,0.0449,86,0.851,0.000,0.00,0.00,66.582,0
-20.44,6.44,234.75,0.4519,-0.1826,0.0342,0.8725,-3.32,-0.88,9.03,1.94,-1.88,2.50,9.66,0,1.70,-0.0576,0.0449,86,0.851,0.000,0.00,0.00,66.582,0
-20.44,6.44,234.75,0.4521,-0.1829,0.0341,0.8723,-3.38,-0.90,8.97,-1.75,1.00,-3.12,9.63,0,1.70,-0.0576,0.0450,86,0.851,0.000,0.00,0.00,66.582,0
phase1 acc_mag=9.777 gravity=9.666 motion=0.111 moving_avg=0.053 rms=0.078 mean_rms=0.093 max_rms=0.099 min_rms=0.077 std=0.007 var=0.000 state=standing thr=0.108/0.350/0.850
-20.38,6.44,234.81,0.4523,-0.1824,0.0339,0.8724,-3.44,-0.97,9.10,-0.12,-0.50,-0.50,9.78,0,1.70,-0.0575,0.0448,86,0.851,0.000,0.00,0.00,66.582,0
-20.38,6.50,234.81,0.4525,-0.1825,0.0337,0.8723,-3.42,-0.97,8.92,0.25,-1.19,0.38,9.60,0,1.70,-0.0576,0.0448,86,0.851,0.000,0.00,0.00,66.582,0
-20.31,6.44,234.75,0.4522,-0.1817,0.0338,0.8726,-3.40,-1.01,9.00,-1.00,0.38,-0.62,9.67,0,1.70,-0.0573,0.0447,86,0.851,0.000,0.00,0.00,66.582,0
-20.31,6.38,234.69,0.4518,-0.1816,0.0340,0.8727,-3.30,-0.85,9.05,1.00,-1.62,1.38,9.67,0,1.70,-0.0573,0.0447,86,0.851,0.000,0.00,0.00,66.582,0
phase1 acc_mag=9.659 gravity=9.667 motion=0.008 moving_avg=0.045 rms=0.060 mean_rms=0.089 max_rms=0.099 min_rms=0.060 std=0.013 var=0.000 state=standing thr=0.114/0.350/0.850
-20.31,6.38,234.75,0.4521,-0.1816,0.0339,0.8726,-3.37,-0.97,8.98,-0.38,-0.12,-0.81,9.64,0,1.70,-0.0572,0.0447,86,0.851,0.000,0.00,0.00,66.582,0
-20.31,6.38,234.75,0.4519,-0.1813,0.0341,0.8727,-3.30,-0.86,8.99,0.69,-0.69,1.12,9.62,0,1.70,-0.0571,0.0447,86,0.851,0.000,0.00,0.00,66.582,0
-20.31,6.31,234.69,0.4518,-0.1815,0.0342,0.8727,-3.36,-0.91,8.99,-2.31,1.94,-2.50,9.64,0,1.70,-0.0572,0.0447,86,0.851,0.000,0.00,0.00,66.582,0
-20.31,6.31,234.69,0.4515,-0.1812,0.0344,0.8730,-3.38,-0.92,9.06,-0.62,0.00,0.06,9.71,0,1.70,-0.0571,0.0447,86,0.851,0.000,0.00,0.00,66.582,0
phase1 acc_mag=9.646 gravity=9.668 motion=0.021 moving_avg=0.049 rms=0.063 mean_rms=0.081 max_rms=0.098 min_rms=0.060 std=0.015 var=0.000 state=standing thr=0.112/0.350/0.850
-20.31,6.38,234.69,0.4515,-0.1813,0.0341,0.8730,-3.34,-1.03,8.99,-0.62,0.50,-0.06,9.65,0,1.70,-0.0572,0.0446,86,0.851,0.000,0.00,0.00,66.582,0
-20.31,6.31,234.69,0.4514,-0.1815,0.0342,0.8730,-3.44,-0.97,9.07,0.31,0.25,-0.31,9.75,0,1.70,-0.0572,0.0447,86,0.851,0.000,0.00,0.00,66.582,0
-20.38,6.38,234.69,0.4514,-0.1819,0.0342,0.8729,-3.45,-0.99,9.04,-1.19,1.81,-0.38,9.73,0,1.70,-0.0574,0.0448,86,0.851,0.000,0.00,0.00,66.582,0
-20.44,6.38,234.62,0.4510,-0.1826,0.0341,0.8730,-3.41,-0.93,9.00,-1.06,0.88,0.44,9.67,0,1.70,-0.0576,0.0448,86,0.851,0.000,0.00,0.00,66.582,0
phase1 acc_mag=9.695 gravity=9.673 motion=0.021 moving_avg=0.048 rms=0.061 mean_rms=0.074 max_rms=0.097 min_rms=0.059 std=0.015 var=0.000 state=standing thr=0.104/0.350/0.850
-20.44,6.44,234.56,0.4508,-0.1830,0.0338,0.8730,-3.42,-0.97,9.03,-0.56,0.06,-0.06,9.70,0,1.70,-0.0578,0.0448,86,0.851,0.000,0.00,0.00,66.582,0
-20.50,6.50,234.62,0.4510,-0.1833,0.0336,0.8728,-3.36,-0.92,9.00,-0.75,0.75,0.19,9.65,0,1.70,-0.0579,0.0448,86,0.851,0.000,0.00,0.00,66.582,0
-20.50,6.56,234.69,0.4513,-0.1838,0.0333,0.8726,-3.37,-0.97,8.97,-0.25,0.19,0.00,9.63,0,1.70,-0.0582,0.0448,86,0.851,0.000,0.00,0.00,66.582,0
-20.50,6.62,234.69,0.4514,-0.1841,0.0330,0.8725,-3.28,-0.92,8.95,-0.31,-0.19,-0.25,9.58,0,1.70,-0.0583,0.0448,86,0.851,0.000,0.00,0.00,66.582,0
phase1 acc_mag=9.540 gravity=9.671 motion=0.130 moving_avg=0.045 rms=0.058 mean_rms=0.067 max_rms=0.097 min_rms=0.053 std=0.012 var=0.000 state=standing thr=0.090/0.350/0.850
-20.50,6.62,234.69,0.4514,-0.1842,0.0328,0.8725,-3.48,-1.07,9.02,-0.12,-0.06,-0.12,9.73,0,1.70,-0.0584,0.0447,86,0.851,0.000,0.00,0.00,66.582,0
-20.56,6.69,234.69,0.4516,-0.1846,0.0326,0.8723,-3.49,-1.06,8.99,-1.19,0.94,-2.12,9.70,0,1.70,-0.0585,0.0447,86,0.851,0.000,0.00,0.00,66.582,0
-20.56,6.75,234.75,0.4520,-0.1849,0.0323,0.8721,-3.54,-1.12,9.03,-1.44,1.06,-2.19,9.76,0,1.70,-0.0587,0.0447,86,0.851,0.000,0.00,0.00,66.582,0
-20.69,6.94,234.88,0.4529,-0.1869,0.0319,0.8712,-3.69,-1.09,9.03,-3.00,5.75,-4.19,9.82,0,1.70,-0.0593,0.0450,86,0.851,0.000,0.00,0.00,66.582,0
phase1 acc_mag=9.971 gravity=9.678 motion=0.293 moving_avg=0.048 rms=0.065 mean_rms=0.061 max_rms=0.079 min_rms=0.053 std=0.007 var=0.000 state=standing thr=0.080/0.350/0.850
-20.88,7.19,235.06,0.4539,-0.1885,0.0309,0.8704,-3.55,-1.24,8.85,-0.25,-2.06,-0.62,9.62,0,1.70,-0.0600,0.0450,86,0.851,0.000,0.00,0.00,66.582,0
-20.62,6.81,234.56,0.4504,-0.1855,0.0320,0.8727,-3.52,-0.96,9.14,1.25,-1.50,8.06,9.84,0,1.70,-0.0590,0.0446,86,0.851,0.000,0.00,0.00,66.582,0
-20.62,6.75,234.50,0.4500,-0.1855,0.0321,0.8730,-3.45,-1.02,9.00,0.75,-0.62,-0.50,9.69,0,1.70,-0.0590,0.0446,86,0.851,0.000,0.00,0.00,66.582,0
-20.56,6.81,234.62,0.4509,-0.1853,0.0319,0.8726,-3.52,-1.07,9.03,-0.31,0.50,-1.06,9.75,0,1.70,-0.0589,0.0446,86,0.851,0.000,0.00,0.00,66.582,0
phase1 acc_mag=9.615 gravity=9.679 motion=0.064 moving_avg=0.063 rms=0.091 mean_rms=0.065 max_rms=0.091 min_rms=0.053 std=0.012 var=0.000 state=slow thr=0.089/0.350/0.850
-20.62,6.81,234.62,0.4511,-0.1854,0.0319,0.8724,-3.56,-1.08,8.97,-0.44,0.06,-0.44,9.71,0,1.70,-0.0589,0.0446,86,0.851,0.000,0.00,0.00,66.582,0
-20.56,6.81,234.69,0.4514,-0.1851,0.0320,0.8724,-3.47,-1.06,8.99,0.44,-0.62,-0.31,9.69,0,1.70,-0.0588,0.0446,86,0.851,0.000,0.00,0.00,66.582,0
-20.56,6.81,234.75,0.4517,-0.1849,0.0319,0.8722,-3.47,-1.05,8.99,-1.19,0.31,-0.88,9.69,0,1.70,-0.0587,0.0445,86,0.851,0.000,0.00,0.00,66.582,0
phase1 acc_mag=9.752 gravity=9.684 motion=0.068 moving_avg=0.062 rms=0.090 mean_rms=0.071 max_rms=0.091 min_rms=0.053 std=0.016 var=0.000 state=standing thr=0.102/0.350/0.850
-20.56,6.81,234.69,0.4517,-0.1853,0.0317,0.8722,-3.59,-1.10,9.00,-0.81,0.75,0.12,9.75,0,1.70,-0.0589,0.0445,86,0.851,0.000,0.00,0.00,66.582,0
-20.56,6.88,234.75,0.4517,-0.1854,0.0315,0.8721,-3.63,-1.18,8.96,-1.44,1.12,-1.81,9.74,0,1.70,-0.0590,0.0445,86,0.851,0.000,0.00,0.00,66.582,0
-20.56,6.88,234.75,0.4519,-0.1855,0.0314,0.8720,-3.40,-1.02,8.90,-1.62,1.06,-1.25,9.58,0,1.70,-0.0590,0.0445,86,0.851,0.000,0.00,0.00,66.582,0
-20.69,7.06,234.75,0.4518,-0.1870,0.0306,0.8718,-3.61,-1.04,9.02,-0.06,0.62,-1.12,9.77,0,1.70,-0.0597,0.0445,86,0.851,0.000,0.00,0.00,66.582,0
phase1 acc_mag=9.614 gravity=9.687 motion=0.073 moving_avg=0.067 rms=0.093 mean_rms=0.077 max_rms=0.093 min_rms=0.053 std=0.017 var=0.000 state=standing thr=0.110/0.350/0.850
-20.62,7.19,234.88,0.4526,-0.1869,0.0298,0.8714,-3.55,-1.25,9.00,-1.25,-0.81,-2.75,9.76,0,1.70,-0.0597,0.0442,86,0.851,0.000,0.00,0.00,66.582,0
-20.56,7.12,234.94,0.4534,-0.1863,0.0299,0.8711,-3.56,-1.14,9.03,-0.31,0.88,-1.44,9.77,0,1.70,-0.0595,0.0442,86,0.851,0.000,0.00,0.00,66.582,0
-20.62,7.19,234.94,0.4534,-0.1870,0.0299,0.8710,-3.44,-1.07,8.98,-0.75,1.06,0.31,9.68,0,1.70,-0.0597,0.0443,86,0.851,0.000,0.00,0.00,66.582,0
-20.69,7.19,234.94,0.4530,-0.1876,0.0299,0.8710,-3.56,-1.11,8.97,-0.81,0.38,0.00,9.71,0,1.70,-0.0599,0.0444,86,0.851,0.000,0.00,0.00,66.582,0
phase1 acc_mag=9.726 gravity=9.689 motion=0.037 moving_avg=0.068 rms=0.094 mean_rms=0.085 max_rms=0.097 min_rms=0.055 std=0.014 var=0.000 state=standing thr=0.112/0.350/0.850
-20.69,7.25,234.94,0.4532,-0.1876,0.0295,0.8709,-3.45,-1.01,8.98,0.75,-1.25,0.31,9.67,0,1.70,-0.0600,0.0443,86,0.851,0.000,0.00,0.00,66.582,0
-20.56,7.25,235.00,0.4534,-0.1870,0.0292,0.8710,-3.44,-0.98,8.95,0.44,-1.88,0.38,9.64,0,1.70,-0.0598,0.0441,86,0.851,0.000,0.00,0.00,66.582,0
-20.50,7.31,235.00,0.4537,-0.1866,0.0285,0.8709,-3.28,-0.97,8.94,-1.19,0.56,-0.12,9.57,0,1.70,-0.0598,0.0438,86,0.851,0.000,0.00,0.00,66.582,0
phase1 acc_mag=9.709 gravity=9.682 motion=0.027 moving_avg=0.060 rms=0.077 mean_rms=0.092 max_rms=0.097 min_rms=0.077 std=0.005 var=0.000 state=standing thr=0.102/0.350/0.850
-20.56,7.31,235.00,0.4537,-0.1873,0.0286,0.8708,-3.51,-1.06,8.99,-0.56,0.75,-0.56,9.71,0,1.70,-0.0600,0.0440,86,0.851,0.000,0.00,0.00,66.582,0
-20.56,7.31,235.00,0.4536,-0.1873,0.0288,0.8708,-3.44,-0.99,8.95,0.88,-0.25,0.62,9.64,0,1.70,-0.0600,0.0440,86,0.851,0.000,0.00,0.00,66.582,0
-20.62,7.38,235.00,0.4538,-0.1877,0.0286,0.8707,-3.48,-1.10,9.02,-0.81,0.50,-0.69,9.73,0,1.70,-0.0602,0.0440,86,0.851,0.000,0.00,0.00,66.582,0
-20.62,7.38,235.12,0.4543,-0.1877,0.0284,0.8704,-3.33,-0.87,8.95,1.38,-1.50,-0.06,9.59,0,1.70,-0.0602,0.0440,86,0.851,0.000,0.00,0.00,66.582,0
phase1 acc_mag=9.518 gravity=9.683 motion=0.165 moving_avg=0.054 rms=0.065 mean_rms=0.087 max_rms=0.097 min_rms=0.062 std=0.012 var=0.000 state=standing thr=0.110/0.350/0.850
-20.56,7.44,235.19,0.4549,-0.1877,0.0280,0.8701,-3.49,-1.11,8.97,0.06,-0.25,0.00,9.69,0,1.70,-0.0602,0.0439,86,0.851,0.000,0.00,0.00,66.582,0
-20.56,7.44,235.12,0.4547,-0.1876,0.0280,0.8702,-3.46,-1.07,9.02,-0.56,0.06,0.19,9.72,0,1.70,-0.0602,0.0439,86,0.851,0.000,0.00,0.00,66.582,0
-20.56,7.44,235.12,0.4546,-0.1877,0.0279,0.8702,-3.40,-1.07,8.93,-0.31,0.06,1.06,9.62,0,1.70,-0.0603,0.0438,86,0.851,0.000,0.00,0.00,66.582,0
-20.62,7.50,235.12,0.4545,-0.1880,0.0278,0.8702,-3.47,-1.12,8.94,-1.00,0.81,-0.56,9.65,0,1.70,-0.0604,0.0438,86,0.851,0.000,0.00,0.00,66.582,0
phase1 acc_mag=9.696 gravity=9.680 motion=0.016 moving_avg=0.053 rms=0.065 mean_rms=0.082 max_rms=0.097 min_rms=0.062 std=0.014 var=0.000 state=standing thr=0.110/0.350/0.850
-20.62,7.50,235.12,0.4546,-0.1880,0.0277,0.8702,-3.44,-1.07,8.97,-0.50,0.38,-0.81,9.67,0,1.70,-0.0604,0.0438,86,0.851,0.000,0.00,0.00,66.582,0
-20.62,7.56,235.12,0.4547,-0.1881,0.0275,0.8701,-3.44,-1.12,9.00,0.25,-1.19,1.00,9.70,0,1.70,-0.0605,0.0438,86,0.851,0.000,0.00,0.00,66.582,0
-20.62,7.50,235.12,0.4545,-0.1880,0.0275,0.8702,-3.48,-1.07,9.02,0.00,0.25,0.25,9.73,0,1.70,-0.0605,0.0437,86,0.851,0.000,0.00,0.00,66.582,0
-20.56,7.62,235.19,0.4550,-0.1882,0.0270,0.8700,-3.40,-1.04,8.81,0.19,-2.19,-0.75,9.50,0,1.70,-0.0606,0.0437,86,0.851,0.000,0.00,0.00,66.582,0
phase1 acc_mag=9.634 gravity=9.678 motion=0.043 moving_avg=0.047 rms=0.060 mean_rms=0.075 max_rms=0.097 min_rms=0.059 std=0.015 var=0.000 state=standing thr=0.105/0.350/0.850
-20.50,7.50,235.12,0.4548,-0.1873,0.0271,0.8702,-3.34,-1.09,9.03,0.81,-0.38,-1.25,9.69,0,1.70,-0.0603,0.0435,86,0.851,0.000,0.00,0.00,66.582,0
-20.50,7.44,235.19,0.4550,-0.1869,0.0276,0.8702,-3.49,-1.06,8.95,-0.50,-0.50,-0.69,9.66,0,1.70,-0.0600,0.0436,86,0.851,0.000,0.00,0.00,66.582,0
-20.44,7.50,235.25,0.4556,-0.1869,0.0272,0.8699,-3.54,-1.20,8.93,-0.56,0.25,-1.88,9.68,0,1.70,-0.0601,0.0435,86,0.851,0.000,0.00,0.00,66.582,0
-20.44,7.44,235.25,0.4557,-0.1867,0.0273,0.8699,-3.45,-1.10,8.99,-0.50,0.31,0.12,9.69,0,1.70,-0.0600,0.0436,86,0.851,0.000,0.00,0.00,66.582,0
phase1 acc_mag=9.782 gravity=9.674 motion=0.108 moving_avg=0.045 rms=0.058 mean_rms=0.067 max_rms=0.096 min_rms=0.057 std=0.012 var=0.000 state=standing thr=0.090/0.350/0.850
-20.38,7.44,235.31,0.4559,-0.1861,0.0275,0.8699,-3.53,-1.25,8.98,-0.12,-2.12,-1.69,9.73,0,1.70,-0.0597,0.0435,86,0.851,0.000,0.00,0.00,66.582,0
-20.31,7.38,235.31,0.4562,-0.1851,0.0275,0.8699,-3.19,-0.99,8.92,1.31,-0.38,1.19,9.52,0,1.70,-0.0594,0.0434,86,0.851,0.000,0.00,0.00,66.582,0
-20.38,7.38,235.31,0.4559,-0.1857,0.0280,0.8700,-3.45,-1.01,8.97,-0.25,0.88,-0.31,9.66,0,1.70,-0.0595,0.0436,86,0.851,0.000,0.00,0.00,66.582,0
phase1 acc_mag=9.669 gravity=9.671 motion=0.002 moving_avg=0.043 rms=0.058 mean_rms=0.062 max_rms=0.066 min_rms=0.057 std=0.005 var=0.000 state=standing thr=0.080/0.350/0.850
-20.38,7.38,235.31,0.4559,-0.1860,0.0280,0.8699,-3.48,-1.05,8.96,-0.38,0.31,-0.56,9.67,0,1.70,-0.0596,0.0436,86,0.851,0.000,0.00,0.00,66.582,0
-20.38,7.38,235.19,0.4553,-0.1859,0.0281,0.8702,-3.47,-1.11,9.01,0.25,0.38,0.69,9.72,0,1.70,-0.0596,0.0436,86,0.851,0.000,0.00,0.00,66.582,0
-20.38,7.31,235.19,0.4554,-0.1859,0.0282,0.8702,-3.35,-0.93,8.95,-0.44,-0.25,-0.88,9.60,0,1.70,-0.0596,0.0437,86,0.851,0.000,0.00,0.00,66.582,0
-20.38,7.31,235.19,0.4553,-0.1856,0.0283,0.8704,-3.46,-1.14,9.00,0.00,0.12,-0.56,9.71,0,1.70,-0.0595,0.0437,86,0.851,0.000,0.00,0.00,66.582,0
phase1 acc_mag=9.691 gravity=9.673 motion=0.018 moving_avg=0.041 rms=0.053 mean_rms=0.060 max_rms=0.066 min_rms=0.053 std=0.005 var=0.000 state=standing thr=0.080/0.350/0.850
-20.44,7.38,235.19,0.4552,-0.1863,0.0281,0.8702,-3.40,-1.14,8.94,-0.94,1.38,-0.38,9.63,0,1.70,-0.0597,0.0437,86,0.851,0.000,0.00,0.00,66.582,0
-20.50,7.44,235.19,0.4551,-0.1870,0.0281,0.8701,-3.39,-1.04,8.93,-0.69,0.69,1.00,9.61,0,1.70,-0.0600,0.0438,86,0.851,0.000,0.00,0.00,66.582,0
-20.62,7.50,235.19,0.4551,-0.1880,0.0277,0.8699,-3.44,-1.13,8.92,-0.69,0.44,-0.06,9.63,0,1.70,-0.0604,0.0439,86,0.851,0.000,0.00,0.00,66.582,0
phase1 acc_mag=9.702 gravity=9.675 motion=0.027 moving_avg=0.048 rms=0.063 mean_rms=0.059 max_rms=0.064 min_rms=0.053 std=0.004 var=0.000 state=standing thr=0.080/0.350/0.850
-20.62,7.56,235.25,0.4555,-0.1886,0.0276,0.8696,-3.49,-1.14,8.98,-1.44,1.44,-1.81,9.70,0,1.70,-0.0606,0.0440,86,0.851,0.000,0.00,0.00,66.582,0
-20.69,7.62,235.31,0.4561,-0.1889,0.0273,0.8693,-3.39,-1.21,8.96,0.81,-1.06,0.19,9.66,0,1.70,-0.0607,0.0440,86,0.851,0.000,0.00,0.00,66.582,0
-20.69,7.69,235.38,0.4563,-0.1896,0.0271,0.8690,-3.44,-1.10,8.97,0.31,0.44,-0.44,9.67,0,1.70,-0.0609,0.0440,86,0.851,0.000,0.00,0.00,66.582,0
-20.81,7.75,235.44,0.4568,-0.1904,0.0276,0.8685,-3.40,-1.07,8.85,1.38,-0.88,1.62,9.54,0,1.70,-0.0611,0.0444,86,0.851,0.000,0.00,0.00,66.582,0
phase1 acc_mag=9.688 gravity=9.677 motion=0.011 moving_avg=0.050 rms=0.066 mean_rms=0.060 max_rms=0.067 min_rms=0.053 std=0.005 var=0.000 state=standing thr=0.080/0.350/0.850
-20.88,7.69,235.50,0.4572,-0.1906,0.0278,0.8683,-3.46,-1.17,9.05,-1.31,0.50,-1.00,9.76,0,1.70,-0.0611,0.0445,86,0.851,0.000,0.00,0.00,66.582,0
-20.88,7.75,235.50,0.4570,-0.1910,0.0275,0.8683,-3.58,-1.31,8.99,-1.38,1.38,0.69,9.76,0,1.70,-0.0613,0.0445,86,0.851,0.000,0.00,0.00,66.582,0
-20.88,7.75,235.44,0.4566,-0.1910,0.0277,0.8685,-3.38,-1.17,8.96,-1.81,0.50,-1.06,9.65,0,1.70,-0.0613,0.0445,86,0.851,0.000,0.00,0.00,66.582,0
-20.94,7.81,235.50,0.4570,-0.1919,0.0276,0.8681,-3.45,-1.09,9.01,0.50,0.00,-0.44,9.71,0,1.70,-0.0616,0.0447,86,0.851,0.000,0.00,0.00,66.582,0
phase1 acc_mag=9.675 gravity=9.680 motion=0.005 moving_avg=0.054 rms=0.070 mean_rms=0.062 max_rms=0.071 min_rms=0.053 std=0.006 var=0.000 state=standing thr=0.080/0.350/0.850
-21.00,7.94,235.62,0.4578,-0.1925,0.0273,0.8676,-3.79,-0.94,9.19,-1.62,0.88,-1.19,9.99,0,1.70,-0.0618,0.0447,86,0.851,0.000,0.00,0.00,66.582,0
-20.94,7.81,235.56,0.4576,-0.1915,0.0278,0.8679,-3.58,-1.26,8.93,0.56,-0.44,-0.81,9.70,0,1.70,-0.0614,0.0447,86,0.851,0.000,0.00,0.00,66.582,0
-20.94,7.75,235.62,0.4579,-0.1912,0.0279,0.8677,-3.53,-1.15,8.96,-0.50,-0.69,-1.38,9.70,0,1.70,-0.0612,0.0447,86,0.851,0.000,0.00,0.00,66.582,0
phase1 acc_mag=9.728 gravity=9.687 motion=0.041 moving_avg=0.054 rms=0.074 mean_rms=0.065 max_rms=0.075 min_rms=0.053 std=0.007 var=0.000 state=standing thr=0.080/0.350/0.850
-20.88,7.75,235.56,0.4578,-0.1906,0.0278,0.8679,-3.53,-1.24,8.98,-0.88,0.25,-1.06,9.73,0,1.70,-0.0611,0.0446,86,0.851,0.000,0.00,0.00,66.582,0
-20.94,7.75,235.56,0.4577,-0.1913,0.0278,0.8679,-3.68,-1.29,9.06,-3.25,3.56,-0.88,9.86,0,1.70,-0.0613,0.0447,86,0.851,0.000,0.00,0.00,66.582,0
-21.00,7.81,235.56,0.4576,-0.1921,0.0277,0.8677,-3.49,-1.19,8.94,-0.38,-0.94,0.38,9.67,0,1.70,-0.0616,0.0448,86,0.851,0.000,0.00,0.00,66.582,0
-20.94,7.81,235.56,0.4576,-0.1915,0.0276,0.8679,-3.41,-1.07,8.86,1.19,-2.50,0.88,9.55,0,1.70,-0.0614,0.0446,86,0.851,0.000,0.00,0.00,66.582,0
phase1 acc_mag=9.685 gravity=9.690 motion=0.006 moving_avg=0.065 rms=0.087 mean_rms=0.070 max_rms=0.087 min_rms=0.056 std=0.009 var=0.000 state=standing thr=0.088/0.350/0.850
-20.88,7.75,235.56,0.4577,-0.1909,0.0276,0.8679,-3.51,-1.10,8.97,0.19,-0.12,0.00,9.69,0,1.70,-0.0612,0.0445,86,0.851,0.000,0.00,0.00,66.582,0
-20.88,7.75,235.56,0.4578,-0.1907,0.0276,0.8679,-3.46,-1.10,8.97,-0.19,-0.19,0.06,9.68,0,1.70,-0.0612,0.0445,86,0.851,0.000,0.00,0.00,66.582,0
-20.88,7.81,235.56,0.4578,-0.1909,0.0275,0.8679,-3.39,-1.01,8.94,0.56,-0.06,1.44,9.61,0,1.70,-0.0612,0.0445,86,0.851,0.000,0.00,0.00,66.582,0
-20.81,7.75,235.56,0.4576,-0.1906,0.0276,0.8680,-3.41,-1.09,8.94,-0.06,0.44,0.38,9.63,0,1.70,-0.0611,0.0445,86,0.851,0.000,0.00,0.00,66.582,0
phase1 acc_mag=9.628 gravity=9.688 motion=0.060 moving_avg=0.063 rms=0.085 mean_rms=0.075 max_rms=0.087 min_rms=0.062 std=0.009 var=0.000 state=standing thr=0.092/0.350/0.850
-20.88,7.81,235.56,0.4578,-0.1910,0.0275,0.8679,-3.63,-1.22,8.92,-0.62,0.50,-0.81,9.71,0,1.70,-0.0613,0.0445,86,0.851,0.000,0.00,0.00,66.582,0
-20.88,7.75,235.62,0.4579,-0.1910,0.0276,0.8678,-3.55,-1.18,8.99,-0.50,0.75,-1.31,9.74,0,1.70,-0.0612,0.0446,86,0.851,0.000,0.00,0.00,66.582,0
-20.94,7.81,235.62,0.4578,-0.1915,0.0275,0.8677,-3.42,-1.16,9.00,-1.19,1.38,0.00,9.70,0,1.70,-0.0614,0.0446,86,0.851,0.000,0.00,0.00,66.582,0
phase1 acc_mag=9.635 gravity=9.683 motion=0.048 moving_avg=0.059 rms=0.080 mean_rms=0.079 max_rms=0.087 min_rms=0.067 std=0.007 var=0.000 state=standing thr=0.093/0.350/0.850
-21.00,7.88,235.62,0.4578,-0.1924,0.0273,0.8676,-3.42,-1.10,8.94,-0.88,0.50,-0.38,9.63,0,1.70,-0.0618,0.0447,86,0.851,0.000,0.00,0.00,66.582,0
-21.00,7.88,235.62,0.4578,-0.1926,0.0273,0.8675,-3.48,-1.20,8.92,0.31,0.31,-0.25,9.65,0,1.70,-0.0618,0.0448,86,0.851,0.000,0.00,0.00,66.582,0
-21.00,7.88,235.62,0.4578,-0.1926,0.0273,0.8675,-3.45,-1.18,8.91,-1.50,1.00,-0.75,9.63,0,1.70,-0.0618,0.0447,86,0.851,0.000,0.00,0.00,66.582,0
-21.12,8.06,235.62,0.4579,-0.1938,0.0269,0.8672,-3.53,-1.16,8.95,-1.31,0.62,-1.25,9.69,0,1.70,-0.0623,0.0448,86,0.851,0.000,0.00,0.00,66.582,0
phase1 acc_mag=9.654 gravity=9.682 motion=0.028 moving_avg=0.053 rms=0.070 mean_rms=0.080 max_rms=0.087 min_rms=0.070 std=0.006 var=0.000 state=standing thr=0.092/0.350/0.850
-21.12,8.12,235.75,0.4586,-0.1943,0.0264,0.8668,-3.56,-1.24,8.95,0.19,0.06,0.19,9.71,0,1.70,-0.0625,0.0448,86,0.851,0.000,0.00,0.00,66.582,0
-21.12,8.06,235.69,0.4583,-0.1940,0.0266,0.8669,-3.56,-1.29,8.95,0.00,-0.69,0.12,9.72,0,1.70,-0.0624,0.0448,86,0.851,0.000,0.00,0.00,66.582,0
-21.12,8.06,235.69,0.4581,-0.1939,0.0266,0.8671,-3.46,-1.19,8.92,0.50,-0.38,0.62,9.64,0,1.70,-0.0624,0.0447,86,0.851,0.000,0.00,0.00,66.582,0
-21.12,8.12,235.69,0.4585,-0.1945,0.0264,0.8668,-3.49,-1.19,8.95,-1.31,1.69,-1.25,9.68,0,1.70,-0.0626,0.0448,86,0.851,0.000,0.00,0.00,66.582,0
phase1 acc_mag=9.709 gravity=9.688 motion=0.022 moving_avg=0.050 rms=0.064 mean_rms=0.079 max_rms=0.087 min_rms=0.064 std=0.007 var=0.000 state=standing thr=0.094/0.350/0.850
-21.31,8.19,235.81,0.4589,-0.1958,0.0266,0.8662,-3.68,-1.29,8.91,-0.25,1.62,-0.69,9.73,0,1.70,-0.0630,0.0452,86,0.851,0.000,0.00,0.00,66.582,0
-21.31,8.19,235.81,0.4589,-0.1959,0.0266,0.8662,-3.52,-1.18,8.92,-0.81,0.69,-1.56,9.66,0,1.70,-0.0630,0.0452,86,0.851,0.000,0.00,0.00,66.582,0
-21.25,8.19,235.81,0.4589,-0.1954,0.0266,0.8663,-3.56,-1.17,8.91,-0.19,-0.94,-0.69,9.67,0,1.70,-0.0628,0.0451,86,0.851,0.000,0.00,0.00,66.582,0
phase1 acc_mag=9.552 gravity=9.688 motion=0.135 moving_avg=0.043 rms=0.053 mean_rms=0.073 max_rms=0.086 min_rms=0.052 std=0.011 var=0.000 state=standing thr=0.096/0.350/0.850
-21.25,8.19,235.81,0.4594,-0.1954,0.0264,0.8661,-3.41,-1.14,8.85,-0.44,0.44,-1.38,9.55,0,1.70,-0.0628,0.0450,86,0.851,0.000,0.00,0.00,66.582,0
-21.38,8.38,235.94,0.4596,-0.1969,0.0261,0.8656,-3.90,-1.60,8.68,0.69,-1.31,2.94,9.65,0,1.70,-0.0634,0.0452,86,0.851,0.000,0.00,0.00,66.582,0
-21.38,8.38,235.94,0.4597,-0.1973,0.0260,0.8655,-3.56,-1.30,8.95,-0.62,-0.62,-1.50,9.72,0,1.70,-0.0635,0.0453,86,0.851,0.000,0.00,0.00,66.582,0
-21.38,8.44,235.94,0.4601,-0.1973,0.0256,0.8653,-3.56,-1.21,8.93,-0.69,1.06,-0.62,9.69,0,1.70,-0.0636,0.0452,86,0.851,0.000,0.00,0.00,66.582,0
phase1 acc_mag=9.688 gravity=9.691 motion=0.003 moving_avg=0.040 rms=0.052 mean_rms=0.067 max_rms=0.086 min_rms=0.052 std=0.012 var=0.000 state=standing thr=0.091/0.350/0.850
-21.38,8.50,236.00,0.4603,-0.1976,0.0251,0.8651,-3.43,-1.08,8.82,-0.31,-0.19,-0.38,9.52,0,1.70,-0.0638,0.0451,86,0.851,0.000,0.00,0.00,66.582,0
-21.44,8.56,236.00,0.4601,-0.1979,0.0251,0.8651,-3.78,-1.32,8.94,0.56,-0.38,0.25,9.80,0,1.70,-0.0639,0.0451,86,0.851,0.000,0.00,0.00,66.582,0
-21.38,8.50,236.00,0.4602,-0.1974,0.0251,0.8652,-3.53,-1.22,8.91,0.56,-0.06,0.75,9.66,0,1.70,-0.0637,0.0450,86,0.851,0.000,0.00,0.00,66.582,0
-21.38,8.50,235.94,0.4601,-0.1975,0.0252,0.8653,-3.56,-1.20,8.91,-0.50,1.00,0.12,9.67,0,1.70,-0.0637,0.0451,86,0.851,0.000,0.00,0.00,66.582,0
phase1 acc_mag=9.654 gravity=9.689 motion=0.036 moving_avg=0.047 rms=0.062 mean_rms=0.063 max_rms=0.077 min_rms=0.052 std=0.009 var=0.000 state=standing thr=0.080/0.350/0.850
-21.44,8.50,235.94,0.4598,-0.1978,0.0252,0.8654,-3.67,-1.31,8.94,-0.19,0.06,0.12,9.75,0,1.70,-0.0638,0.0451,86,0.851,0.000,0.00,0.00,66.582,0
-21.44,8.56,235.94,0.4598,-0.1983,0.0251,0.8652,-3.67,-1.25,8.93,-0.62,0.88,0.12,9.74,0,1.70,-0.0640,0.0452,86,0.851,0.000,0.00,0.00,66.582,0
-21.44,8.62,235.94,0.4599,-0.1983,0.0247,0.8652,-3.65,-1.31,8.88,-0.19,-0.75,-0.06,9.69,0,1.70,-0.0641,0.0450,86,0.851,0.000,0.00,0.00,66.582,0
-21.38,8.56,235.94,0.4600,-0.1975,0.0245,0.8653,-3.48,-1.24,8.92,1.31,-2.12,-0.62,9.65,0,1.70,-0.0639,0.0448,86,0.851,0.000,0.00,0.00,66.582,0
phase1 acc_mag=9.763 gravity=9.693 motion=0.070 moving_avg=0.048 rms=0.063 mean_rms=0.060 max_rms=0.069 min_rms=0.052 std=0.006 var=0.000 state=standing thr=0.080/0.350/0.850
-21.31,8.56,236.00,0.4601,-0.1971,0.0245,0.8654,-3.47,-1.07,8.90,0.19,-0.50,0.25,9.61,0,1.70,-0.0637,0.0448,86,0.851,0.000,0.00,0.00,66.582,0
-21.31,8.62,236.06,0.4606,-0.1974,0.0239,0.8651,-3.56,-1.30,8.93,-1.06,0.38,-0.94,9.70,0,1.70,-0.0639,0.0446,86,0.851,0.000,0.00,0.00,66.582,0
-21.25,8.69,236.00,0.4606,-0.1975,0.0235,0.8651,-3.67,-1.30,8.92,0.38,-1.88,1.06,9.73,0,1.70,-0.0640,0.0445,86,0.851,0.000,0.00,0.00,66.582,0
phase1 acc_mag=9.661 gravity=9.694 motion=0.034 moving_avg=0.050 rms=0.066 mean_rms=0.060 max_rms=0.066 min_rms=0.052 std=0.006 var=0.000 state=standing thr=0.080/0.350/0.850
-21.19,8.69,236.00,0.4604,-0.1971,0.0233,0.8652,-3.55,-1.23,8.90,-0.56,0.31,-0.25,9.66,0,1.70,-0.0639,0.0444,86,0.851,0.000,0.00,0.00,66.582,0
-21.19,8.56,236.00,0.4602,-0.1962,0.0236,0.8655,-3.55,-1.28,8.97,0.06,-0.75,0.12,9.73,0,1.70,-0.0636,0.0443,86,0.851,0.000,0.00,0.00,66.582,0
-21.12,8.56,236.00,0.4603,-0.1956,0.0237,0.8656,-3.50,-1.13,8.90,1.69,-1.75,1.25,9.63,0,1.70,-0.0634,0.0442,86,0.851,0.000,0.00,0.00,66.582,0
-21.06,8.56,236.00,0.4603,-0.1953,0.0236,0.8657,-3.51,-1.28,8.96,-0.12,-0.69,0.69,9.71,0,1.70,-0.0633,0.0441,86,0.851,0.000,0.00,0.00,66.582,0
phase1 acc_mag=9.679 gravity=9.696 motion=0.017 moving_avg=0.050 rms=0.064 mean_rms=0.063 max_rms=0.069 min_rms=0.052 std=0.006 var=0.000 state=standing thr=0.080/0.350/0.850
-21.00,8.50,235.94,0.4603,-0.1949,0.0236,0.8658,-3.46,-1.23,8.92,0.31,-0.81,0.00,9.65,0,1.70,-0.0631,0.0441,86,0.851,0.000,0.00,0.00,66.582,0
-21.00,8.50,235.94,0.4603,-0.1948,0.0236,0.8658,-3.62,-1.24,8.93,-0.44,0.06,-0.81,9.72,0,1.70,-0.0631,0.0440,86,0.851,0.000,0.00,0.00,66.582,0
-21.00,8.50,235.94,0.4602,-0.1948,0.0236,0.8658,-3.55,-1.28,8.91,-0.19,0.44,0.38,9.68,0,1.70,-0.0631,0.0440,86,0.851,0.000,0.00,0.00,66.582,0
-21.00,8.50,235.94,0.4603,-0.1946,0.0236,0.8658,-3.57,-1.24,8.96,0.81,-0.88,-0.56,9.72,0,1.70,-0.0631,0.0440,86,0.851,0.000,0.00,0.00,66.582,0
phase1 acc_mag=9.737 gravity=9.695 motion=0.042 moving_avg=0.046 rms=0.056 mean_rms=0.064 max_rms=0.069 min_rms=0.056 std=0.004 var=0.000 state=standing thr=0.080/0.350/0.850
-20.94,8.50,236.00,0.4606,-0.1942,0.0235,0.8658,-3.49,-1.20,8.95,0.62,-0.69,0.62,9.68,0,1.70,-0.0629,0.0439,86,0.851,0.000,0.00,0.00,66.582,0
-20.94,8.50,236.00,0.4606,-0.1942,0.0233,0.8658,-3.56,-1.29,8.92,0.75,-1.38,1.12,9.69,0,1.70,-0.0630,0.0438,86,0.851,0.000,0.00,0.00,66.582,0
-20.94,8.50,236.00,0.4606,-0.1943,0.0232,0.8658,-3.51,-1.26,8.91,-1.12,0.94,-0.50,9.66,0,1.70,-0.0630,0.0438,86,0.851,0.000,0.00,0.00,66.582,0
-20.94,8.56,236.00,0.4605,-0.1945,0.0231,0.8658,-3.63,-1.30,8.97,-1.06,0.50,-0.56,9.76,0,1.70,-0.0631,0.0438,86,0.851,0.000,0.00,0.00,66.582,0
phase1 acc_mag=9.688 gravity=9.696 motion=0.007 moving_avg=0.039 rms=0.050 mean_rms=0.062 max_rms=0.069 min_rms=0.049 std=0.007 var=0.000 state=standing thr=0.080/0.350/0.850
-20.94,8.50,235.94,0.4600,-0.1942,0.0233,0.8661,-3.43,-1.18,8.96,0.88,-0.81,1.75,9.67,0,1.70,-0.0630,0.0438,86,0.851,0.000,0.00,0.00,66.582,0
-21.00,8.50,235.94,0.4602,-0.1948,0.0232,0.8658,-3.74,-1.33,8.89,-1.12,1.44,-1.50,9.74,0,1.70,-0.0632,0.0439,86,0.851,0.000,0.00,0.00,66.582,0
-21.00,8.50,235.94,0.4600,-0.1946,0.0232,0.8660,-3.59,-1.28,8.94,-0.12,0.25,0.06,9.72,0,1.70,-0.0632,0.0439,86,0.851,0.000,0.00,0.00,66.582,0
phase1 acc_mag=9.707 gravity=9.692 motion=0.015 moving_avg=0.036 rms=0.046 mean_rms=0.058 max_rms=0.069 min_rms=0.046 std=0.009 var=0.000 state=standing thr=0.080/0.350/0.850
-21.00,8.56,235.94,0.4601,-0.1948,0.0231,0.8659,-3.49,-1.26,8.97,-0.19,-0.19,0.31,9.71,0,1.70,-0.0632,0.0438,86,0.851,0.000,0.00,0.00,66.582,0
-21.00,8.56,235.94,0.4601,-0.1951,0.0228,0.8658,-3.44,-1.20,8.92,-0.25,0.06,0.25,9.64,0,1.70,-0.0634,0.0438,86,0.851,0.000,0.00,0.00,66.582,0
-21.06,8.62,235.94,0.4599,-0.1953,0.0229,0.8659,-3.45,-1.10,8.89,1.38,-0.88,1.56,9.60,0,1.70,-0.0634,0.0439,86,0.851,0.000,0.00,0.00,66.582,0
-21.00,8.62,235.94,0.4602,-0.1952,0.0226,0.8658,-3.60,-1.33,8.95,-0.25,-0.12,-0.56,9.74,0,1.70,-0.0634,0.0438,86,0.851,0.000,0.00,0.00,66.582,0
phase1 acc_mag=9.765 gravity=9.691 motion=0.074 moving_avg=0.037 rms=0.048 mean_rms=0.055 max_rms=0.069 min_rms=0.044 std=0.009 var=0.000 state=standing thr=0.080/0.350/0.850
-21.00,8.69,236.00,0.4604,-0.1954,0.0223,0.8656,-3.59,-1.39,8.90,-0.75,-0.12,-0.62,9.70,0,1.70,-0.0636,0.0437,86,0.851,0.000,0.00,0.00,66.582,0
-21.00,8.62,235.94,0.4602,-0.1952,0.0225,0.8658,-3.53,-1.32,8.93,-0.62,0.06,-1.00,9.69,0,1.70,-0.0635,0.0437,86,0.851,0.000,0.00,0.00,66.582,0
-21.00,8.62,235.94,0.4601,-0.1953,0.0225,0.8658,-3.66,-1.26,8.92,0.38,-0.56,-0.19,9.72,0,1.70,-0.0635,0.0437,86,0.851,0.000,0.00,0.00,66.582,0
-20.94,8.62,235.94,0.4603,-0.1951,0.0223,0.8658,-3.49,-1.17,9.00,-0.19,0.31,-0.25,9.72,0,1.70,-0.0634,0.0437,86,0.851,0.000,0.00,0.00,66.582,0
phase1 acc_mag=9.824 gravity=9.692 motion=0.132 moving_avg=0.036 rms=0.048 mean_rms=0.051 max_rms=0.063 min_rms=0.044 std=0.006 var=0.000 state=standing thr=0.080/0.350/0.850
-21.00,8.62,235.94,0.4603,-0.1950,0.0223,0.8658,-3.58,-1.30,8.95,0.00,-0.81,0.25,9.73,0,1.70,-0.0634,0.0436,86,0.851,0.000,0.00,0.00,66.582,0
-20.94,8.62,235.94,0.4602,-0.1948,0.0224,0.8659,-3.58,-1.33,8.95,0.31,-0.75,0.44,9.73,0,1.70,-0.0633,0.0436,86,0.851,0.000,0.00,0.00,66.582,0
-20.94,8.62,235.94,0.4603,-0.1949,0.0223,0.8658,-3.61,-1.37,8.94,-1.06,0.38,-1.06,9.74,0,1.70,-0.0634,0.0436,86,0.851,0.000,0.00,0.00,66.582,0
-20.94,8.62,235.94,0.4601,-0.1948,0.0224,0.8660,-3.60,-1.27,8.92,-0.25,-0.31,-0.06,9.70,0,1.70,-0.0633,0.0436,86,0.851,0.000,0.00,0.00,66.582,0
phase1 acc_mag=9.700 gravity=9.694 motion=0.006 moving_avg=0.035 rms=0.047 mean_rms=0.048 max_rms=0.053 min_rms=0.044 std=0.004 var=0.000 state=standing thr=0.080/0.350/0.850
-20.94,8.62,235.94,0.4600,-0.1948,0.0225,0.8660,-3.66,-1.30,8.91,-0.50,0.69,-0.75,9.72,0,1.70,-0.0633,0.0437,86,0.851,0.000,0.00,0.00,66.582,0
-20.94,8.62,235.94,0.4601,-0.1948,0.0225,0.8660,-3.67,-1.38,8.93,0.00,0.00,-0.31,9.75,0,1.70,-0.0633,0.0437,86,0.851,0.000,0.00,0.00,66.582,0
-20.94,8.56,235.94,0.4602,-0.1944,0.0225,0.8660,-3.53,-1.32,8.92,-0.94,0.12,-1.94,9.68,0,1.70,-0.0632,0.0436,86,0.851,0.000,0.00,0.00,66.582,0
-20.94,8.62,236.00,0.4604,-0.1946,0.0223,0.8658,-3.49,-1.21,8.98,0.25,-1.00,1.00,9.71,0,1.70,-0.0633,0.0435,86,0.851,0.000,0.00,0.00,66.582,0
phase1 acc_mag=9.731 gravity=9.695 motion=0.036 moving_avg=0.039 rms=0.050 mean_rms=0.048 max_rms=0.050 min_rms=0.044 std=0.004 var=0.000 state=standing thr=0.080/0.350/0.850
-20.94,8.69,236.00,0.4604,-0.1948,0.0221,0.8658,-3.52,-1.18,8.89,-0.31,0.50,0.12,9.63,0,1.70,-0.0634,0.0435,86,0.851,0.000,0.00,0.00,66.582,0
-20.94,8.69,235.94,0.4601,-0.1948,0.0220,0.8660,-3.52,-1.17,8.94,0.44,0.00,0.75,9.68,0,1.70,-0.0634,0.0435,86,0.851,0.000,0.00,0.00,66.582,0
-20.94,8.69,235.94,0.4601,-0.1948,0.0219,0.8659,-3.50,-1.20,8.90,-0.25,0.38,0.19,9.64,0,1.70,-0.0634,0.0434,86,0.851,0.000,0.00,0.00,66.582,0
-20.94,8.69,235.94,0.4603,-0.1951,0.0217,0.8658,-3.52,-1.24,8.92,-0.19,-0.50,0.56,9.67,0,1.70,-0.0636,0.0434,86,0.851,0.000,0.00,0.00,66.582,0
phase1 acc_mag=9.666 gravity=9.695 motion=0.029 moving_avg=0.038 rms=0.049 mean_rms=0.048 max_rms=0.050 min_rms=0.045 std=0.004 var=0.000 state=standing thr=0.080/0.350/0.850
-20.94,8.69,235.94,0.4601,-0.1951,0.0217,0.8659,-3.50,-1.23,8.95,0.12,-0.31,0.19,9.69,0,1.70,-0.0636,0.0434,86,0.851,0.000,0.00,0.00,66.582,0
-20.94,8.75,235.94,0.4600,-0.1953,0.0215,0.8659,-3.55,-1.25,8.89,-0.62,-0.31,0.81,9.65,0,1.70,-0.0637,0.0434,86,0.851,0.000,0.00,0.00,66.582,0
-20.94,8.75,235.88,0.4597,-0.1953,0.0215,0.8661,-3.58,-1.27,8.95,-0.75,0.38,-0.12,9.72,0,1.70,-0.0637,0.0433,86,0.851,0.000,0.00,0.00,66.582,0
-20.94,8.75,235.88,0.4595,-0.1955,0.0213,0.8661,-3.62,-1.24,8.96,-0.69,1.19,0.12,9.74,0,1.70,-0.0638,0.0433,86,0.851,0.000,0.00,0.00,66.582,0
phase1 acc_mag=9.701 gravity=9.694 motion=0.007 moving_avg=0.031 rms=0.039 mean_rms=0.047 max_rms=0.050 min_rms=0.038 std=0.005 var=0.000 state=standing thr=0.080/0.350/0.850
-20.94,8.75,235.88,0.4595,-0.1956,0.0214,0.8661,-3.50,-1.20,8.90,0.69,-0.81,1.19,9.64,0,1.70,-0.0638,0.0433,86,0.851,0.000,0.00,0.00,66.582,0
-20.94,8.75,235.88,0.4594,-0.1956,0.0213,0.8662,-3.53,-1.28,8.94,-0.81,0.06,-0.50,9.70,0,1.70,-0.0638,0.0433,86,0.851,0.000,0.00,0.00,66.582,0
-20.88,8.75,235.88,0.4598,-0.1951,0.0210,0.8661,-3.51,-1.20,8.91,0.06,-0.50,-0.81,9.65,0,1.70,-0.0637,0.0431,86,0.851,0.000,0.00,0.00,66.582,0
phase1 acc_mag=9.701 gravity=9.693 motion=0.009 moving_avg=0.030 rms=0.036 mean_rms=0.045 max_rms=0.050 min_rms=0.036 std=0.006 var=0.000 state=standing thr=0.080/0.350/0.850
-20.88,8.81,235.94,0.4600,-0.1953,0.0208,0.8660,-3.55,-1.33,8.93,-0.56,-0.38,-0.25,9.70,0,1.70,-0.0638,0.0431,86,0.851,0.000,0.00,0.00,66.582,0
-20.88,8.81,235.94,0.4600,-0.1951,0.0208,0.8660,-3.59,-1.29,8.99,-0.38,0.62,-0.81,9.77,0,1.70,-0.0638,0.0431,86,0.851,0.000,0.00,0.00,66.582,0
-20.88,8.81,235.88,0.4598,-0.1951,0.0208,0.8661,-3.58,-1.32,8.94,-0.25,-0.19,0.12,9.72,0,1.70,-0.0638,0.0431,86,0.851,0.000,0.00,0.00,66.582,0
-20.88,8.81,235.94,0.4600,-0.1951,0.0208,0.8660,-3.58,-1.39,9.00,0.88,-0.94,0.31,9.79,0,1.70,-0.0637,0.0431,86,0.851,0.000,0.00,0.00,66.582,0
phase1 acc_mag=9.667 gravity=9.695 motion=0.028 moving_avg=0.031 rms=0.037 mean_rms=0.043 max_rms=0.050 min_rms=0.036 std=0.007 var=0.000 state=standing thr=0.080/0.350/0.850
-20.81,8.75,235.94,0.4600,-0.1944,0.0208,0.8661,-3.43,-1.22,8.93,-1.62,-0.19,-1.00,9.64,0,1.70,-0.0635,0.0430,86,0.851,0.000,0.00,0.00,66.582,0
-20.88,8.88,235.94,0.4599,-0.1952,0.0203,0.8660,-3.62,-1.36,8.94,-0.81,1.44,0.38,9.74,0,1.70,-0.0639,0.0429,86,0.851,0.000,0.00,0.00,66.582,0
-20.88,8.75,235.88,0.4598,-0.1945,0.0211,0.8662,-3.49,-1.25,8.87,1.12,-0.56,0.25,9.61,0,1.70,-0.0635,0.0431,86,0.851,0.000,0.00,0.00,66.582,0
-20.81,8.75,235.94,0.4601,-0.1945,0.0209,0.8660,-3.45,-1.31,8.83,-0.88,-1.44,-2.38,9.57,0,1.70,-0.0635,0.0430,86,0.851,0.000,0.00,0.00,66.582,0
phase1 acc_mag=9.346 gravity=9.691 motion=0.345 moving_avg=0.036 rms=0.053 mean_rms=0.041 max_rms=0.053 min_rms=0.036 std=0.006 var=0.000 state=standing thr=0.080/0.350/0.850
-20.88,8.88,236.00,0.4608,-0.1950,0.0205,0.8656,-3.76,-1.42,9.01,-1.25,1.00,-1.25,9.87,0,1.70,-0.0637,0.0430,86,0.851,0.000,0.00,0.00,66.582,0
-20.88,8.88,236.00,0.4608,-0.1953,0.0206,0.8655,-3.55,-1.26,8.96,-0.56,0.69,0.44,9.72,0,1.70,-0.0638,0.0431,86,0.851,0.000,0.00,0.00,66.582,0
-20.88,8.94,236.06,0.4611,-0.1956,0.0203,0.8653,-3.54,-1.31,8.92,-0.81,0.50,-0.94,9.69,0,1.70,-0.0640,0.0431,86,0.851,0.000,0.00,0.00,66.582,0
phase1 acc_mag=9.658 gravity=9.694 motion=0.036 moving_avg=0.041 rms=0.059 mean_rms=0.043 max_rms=0.059 min_rms=0.036 std=0.009 var=0.000 state=standing thr=0.080/0.350/0.850
-20.94,8.94,236.06,0.4611,-0.1959,0.0201,0.8652,-3.47,-1.29,8.92,-0.31,-0.56,0.19,9.66,0,1.70,-0.0641,0.0431,86,0.851,0.000,0.00,0.00,66.582,0
-21.00,9.00,236.06,0.4609,-0.1966,0.0200,0.8652,-3.53,-1.38,8.93,-0.88,1.00,-0.25,9.70,0,1.70,-0.0643,0.0432,86,0.851,0.000,0.00,0.00,66.582,0
-21.06,9.00,236.06,0.4610,-0.1974,0.0201,0.8649,-3.55,-1.35,8.90,-1.44,0.94,-0.94,9.68,0,1.70,-0.0646,0.0434,86,0.851,0.000,0.00,0.00,66.582,0
-21.12,9.12,236.12,0.4611,-0.1981,0.0200,0.8647,-3.57,-1.37,8.94,-0.94,1.19,-0.62,9.72,0,1.70,-0.0648,0.0434,86,0.851,0.000,0.00,0.00,66.582,0
phase1 acc_mag=9.739 gravity=9.694 motion=0.045 moving_avg=0.042 rms=0.060 mean_rms=0.046 max_rms=0.060 min_rms=0.036 std=0.011 var=0.000 state=standing thr=0.080/0.350/0.850
-21.19,9.12,236.12,0.4610,-0.1987,0.0200,0.8646,-3.65,-1.39,8.95,-1.25,1.06,-0.56,9.77,0,1.70,-0.0650,0.0435,86,0.851,0.000,0.00,0.00,66.582,0
-21.19,9.12,236.06,0.4606,-0.1988,0.0200,0.8648,-3.64,-1.37,8.87,-0.06,-0.38,0.25,9.69,0,1.70,-0.0651,0.0436,86,0.851,0.000,0.00,0.00,66.582,0
-21.25,9.19,236.06,0.4606,-0.1991,0.0200,0.8647,-3.57,-1.34,8.92,-0.94,0.31,0.06,9.70,0,1.70,-0.0652,0.0436,86,0.851,0.000,0.00,0.00,66.582,0
-21.25,9.19,236.06,0.4606,-0.1995,0.0197,0.8647,-3.57,-1.38,8.90,0.19,-0.06,0.12,9.69,0,1.70,-0.0654,0.0436,86,0.851,0.000,0.00,0.00,66.582,0
phase1 acc_mag=9.657 gravity=9.696 motion=0.038 moving_avg=0.044 rms=0.061 mean_rms=0.051 max_rms=0.061 min_rms=0.036 std=0.011 var=0.000 state=standing thr=0.080/0.350/0.850
-21.25,9.19,236.06,0.4605,-0.1995,0.0199,0.8647,-3.60,-1.37,8.92,0.56,-0.19,0.81,9.72,0,1.70,-0.0653,0.0436,86,0.851,0.000,0.00,0.00,66.582,0
-21.25,9.19,236.06,0.4606,-0.1994,0.0199,0.8647,-3.59,-1.36,8.92,-0.56,0.06,-0.19,9.71,0,1.70,-0.0653,0.0436,86,0.851,0.000,0.00,0.00,66.582,0
-21.25,9.19,236.00,0.4603,-0.1994,0.0200,0.8649,-3.59,-1.33,8.91,0.19,-0.62,0.62,9.70,0,1.70,-0.0653,0.0436,86,0.851,0.000,0.00,0.00,66.582,0
-21.25,9.19,236.06,0.4605,-0.1995,0.0199,0.8647,-3.61,-1.36,8.91,-0.62,1.19,-0.50,9.71,0,1.70,-0.0653,0.0436,86,0.851,0.000,0.00,0.00,66.582,0
phase1 acc_mag=9.640 gravity=9.697 motion=0.056 moving_avg=0.041 rms=0.059 mean_rms=0.056 max_rms=0.062 min_rms=0.036 std=0.009 var=0.000 state=standing thr=0.080/0.350/0.850
-21.31,9.19,236.00,0.4603,-0.1998,0.0199,0.8647,-3.61,-1.39,8.95,0.25,-0.50,0.44,9.75,0,1.70,-0.0655,0.0437,86,0.851,0.000,0.00,0.00,66.582,0
-21.25,9.19,236.00,0.4601,-0.1994,0.0200,0.8649,-3.59,-1.36,8.90,0.25,0.06,0.12,9.69,0,1.70,-0.0653,0.0436,86,0.851,0.000,0.00,0.00,66.582,0
-21.25,9.19,236.00,0.4601,-0.1992,0.0200,0.8650,-3.61,-1.35,8.95,1.62,-1.31,0.94,9.74,0,1.70,-0.0652,0.0436,86,0.851,0.000,0.00,0.00,66.582,0
-21.25,9.12,236.00,0.4601,-0.1989,0.0201,0.8651,-3.53,-1.29,8.87,-0.31,0.06,-0.62,9.63,0,1.70,-0.0651,0.0435,86,0.851,0.000,0.00,0.00,66.582,0
phase1 acc_mag=9.800 gravity=9.698 motion=0.103 moving_avg=0.035 rms=0.044 mean_rms=0.059 max_rms=0.062 min_rms=0.044 std=0.005 var=0.000 state=standing thr=0.080/0.350/0.850
-21.25,9.12,236.00,0.4600,-0.1989,0.0202,0.8651,-3.63,-1.37,8.97,-0.50,0.62,-0.50,9.77,0,1.70,-0.0651,0.0436,86,0.851,0.000,0.00,0.00,66.582,0
-21.19,9.06,235.94,0.4600,-0.1984,0.0203,0.8652,-3.48,-1.31,8.91,0.88,-0.81,0.88,9.65,0,1.70,-0.0649,0.0435,86,0.851,0.000,0.00,0.00,66.582,0
-21.19,9.06,235.94,0.4598,-0.1985,0.0203,0.8653,-3.61,-1.37,8.96,-0.31,-0.06,0.44,9.76,0,1.70,-0.0650,0.0435,86,0.851,0.000,0.00,0.00,66.582,0
phase1 acc_mag=9.739 gravity=9.702 motion=0.038 moving_avg=0.033 rms=0.041 mean_rms=0.056 max_rms=0.062 min_rms=0.041 std=0.008 var=0.000 state=standing thr=0.080/0.350/0.850
-21.19,9.12,235.94,0.4596,-0.1986,0.0201,0.8654,-3.66,-1.50,8.90,-0.38,-0.25,0.19,9.74,0,1.70,-0.0651,0.0435,86,0.851,0.000,0.00,0.00,66.582,0
-21.25,9.12,235.88,0.4595,-0.1989,0.0198,0.8654,-3.64,-1.37,8.89,-1.19,0.31,-0.81,9.70,0,1.70,-0.0652,0.0434,86,0.851,0.000,0.00,0.00,66.582,0
-21.19,9.19,235.88,0.4594,-0.1990,0.0195,0.8655,-3.53,-1.27,8.88,-0.25,0.12,0.69,9.64,0,1.70,-0.0653,0.0433,86,0.851,0.000,0.00,0.00,66.582,0
-21.19,9.25,235.94,0.4598,-0.1993,0.0190,0.8651,-3.53,-1.35,8.93,-1.19,0.31,-1.25,9.70,0,1.70,-0.0655,0.0432,86,0.851,0.000,0.00,0.00,66.582,0
phase1 acc_mag=9.729 gravity=9.699 motion=0.030 moving_avg=0.033 rms=0.043 mean_rms=0.052 max_rms=0.062 min_rms=0.040 std=0.010 var=0.000 state=standing thr=0.080/0.350/0.850
-21.31,9.44,236.06,0.4604,-0.2011,0.0184,0.8644,-3.65,-1.44,8.92,-2.38,3.38,-1.94,9.74,0,1.70,-0.0662,0.0434,86,0.851,0.000,0.00,0.00,66.582,0
-21.44,9.50,236.06,0.4604,-0.2020,0.0185,0.8643,-3.64,-1.41,8.92,-1.12,0.50,-0.38,9.74,0,1.70,-0.0664,0.0436,86,0.851,0.000,0.00,0.00,66.582,0
-21.56,9.69,236.12,0.4606,-0.2034,0.0178,0.8638,-3.67,-1.46,8.87,-2.62,3.25,-1.38,9.71,0,1.70,-0.0670,0.0436,86,0.851,0.000,0.00,0.00,66.582,0
-21.62,9.81,236.19,0.4609,-0.2047,0.0173,0.8633,-3.47,-1.36,8.87,-1.88,0.62,-0.62,9.62,0,1.70,-0.0675,0.0437,86,0.851,0.000,0.00,0.00,66.582,0
phase1 acc_mag=9.749 gravity=9.702 motion=0.046 moving_avg=0.040 rms=0.051 mean_rms=0.049 max_rms=0.062 min_rms=0.040 std=0.009 var=0.000 state=standing thr=0.080/0.350/0.850
-21.75,9.88,236.19,0.4609,-0.2056,0.0174,0.8632,-3.82,-1.50,8.91,-0.25,0.50,0.06,9.81,0,1.70,-0.0678,0.0439,86,0.851,0.000,0.00,0.00,66.582,0
-21.75,9.75,236.12,0.4605,-0.2052,0.0180,0.8634,-3.66,-1.37,8.86,0.25,1.06,0.25,9.68,0,1.70,-0.0676,0.0440,86,0.851,0.000,0.00,0.00,66.582,0
-21.75,9.75,236.12,0.4608,-0.2052,0.0180,0.8633,-3.64,-1.46,8.88,0.62,-0.69,-0.25,9.71,0,1.70,-0.0675,0.0440,86,0.851,0.000,0.00,0.00,66.582,0
-21.75,9.75,236.12,0.4608,-0.2050,0.0182,0.8633,-3.75,-1.47,8.86,0.62,-0.69,-0.06,9.73,0,1.70,-0.0674,0.0441,86,0.851,0.000,0.00,0.00,66.582,0
phase1 acc_mag=9.651 gravity=9.705 motion=0.054 moving_avg=0.043 rms=0.054 mean_rms=0.048 max_rms=0.060 min_rms=0.040 std=0.007 var=0.000 state=standing thr=0.080/0.350/0.850
-21.69,9.62,236.12,0.4609,-0.2044,0.0189,0.8634,-3.67,-1.43,8.86,0.62,-1.06,-0.50,9.70,0,1.70,-0.0671,0.0442,86,0.851,0.000,0.00,0.00,66.582,0
-21.62,9.50,236.19,0.4611,-0.2030,0.0194,0.8636,-3.56,-1.35,8.89,0.62,-1.25,0.44,9.67,0,1.70,-0.0665,0.0441,86,0.851,0.000,0.00,0.00,66.582,0
-21.56,9.44,236.12,0.4608,-0.2026,0.0195,0.8638,-3.67,-1.37,8.86,0.81,-1.12,1.00,9.69,0,1.70,-0.0664,0.0441,86,0.851,0.000,0.00,0.00,66.582,0
-21.50,9.44,236.12,0.4611,-0.2021,0.0192,0.8638,-3.60,-1.40,8.86,-0.62,-0.31,-1.56,9.67,0,1.70,-0.0663,0.0439,86,0.851,0.000,0.00,0.00,66.582,0
phase1 acc_mag=9.691 gravity=9.705 motion=0.015 moving_avg=0.042 rms=0.055 mean_rms=0.048 max_rms=0.057 min_rms=0.040 std=0.007 var=0.000 state=standing thr=0.080/0.350/0.850
-21.50,9.44,236.12,0.4611,-0.2021,0.0193,0.8638,-3.70,-1.37,8.89,-0.50,0.56,-0.25,9.73,0,1.70,-0.0663,0.0440,86,0.851,0.000,0.00,0.00,66.582,0
-21.38,9.31,236.12,0.4609,-0.2007,0.0196,0.8642,-3.51,-1.26,8.82,2.50,-3.38,1.31,9.58,0,1.70,-0.0658,0.0438,86,0.851,0.000,0.00,0.00,66.582,0
-21.31,9.31,236.12,0.4612,-0.2002,0.0194,0.8642,-3.57,-1.33,8.89,-0.31,-0.06,0.00,9.67,0,1.70,-0.0656,0.0436,86,0.851,0.000,0.00,0.00,66.582,0
phase1 acc_mag=9.654 gravity=9.704 motion=0.050 moving_avg=0.045 rms=0.058 mean_rms=0.051 max_rms=0.058 min_rms=0.040 std=0.007 var=0.000 state=standing thr=0.080/0.350/0.850
-21.25,9.19,236.12,0.4612,-0.1995,0.0203,0.8643,-3.54,-1.21,8.90,3.00,-1.94,0.25,9.65,0,1.70,-0.0652,0.0438,86,0.851,0.000,0.00,0.00,66.582,0
-21.19,9.19,236.19,0.4615,-0.1985,0.0201,0.8644,-3.64,-1.39,8.99,1.62,-0.94,2.06,9.80,0,1.70,-0.0649,0.0436,86,0.851,0.000,0.00,0.00,66.582,0
-21.12,9.06,236.12,0.4613,-0.1980,0.0203,0.8646,-3.47,-1.29,8.88,-0.12,-0.56,0.75,9.62,0,1.70,-0.0647,0.0435,86,0.851,0.000,0.00,0.00,66.582,0
-21.19,9.06,236.00,0.4603,-0.1982,0.0204,0.8651,-3.57,-1.40,8.98,-1.12,2.12,1.00,9.76,0,1.70,-0.0648,0.0436,86,0.851,0.000,0.00,0.00,66.582,0
phase1 acc_mag=9.638 gravity=9.699 motion=0.061 moving_avg=0.050 rms=0.062 mean_rms=0.055 max_rms=0.063 min_rms=0.045 std=0.006 var=0.000 state=standing thr=0.080/0.350/0.850
-21.31,9.19,236.00,0.4601,-0.1996,0.0202,0.8649,-3.68,-1.51,8.97,-0.50,1.06,0.62,9.81,0,1.70,-0.0653,0.0437,86,0.851,0.000,0.00,0.00,66.582,0
-21.25,9.00,236.06,0.4606,-0.1984,0.0212,0.8649,-3.48,-1.41,8.97,3.00,-4.12,-0.56,9.72,0,1.70,-0.0647,0.0439,86,0.851,0.000,0.00,0.00,66.582,0
-21.31,9.06,236.19,0.4615,-0.1998,0.0213,0.8641,-3.88,-1.41,8.95,-2.00,4.06,-2.88,9.86,0,1.70,-0.0651,0.0443,86,0.851,0.000,0.00,0.00,66.582,0
-21.31,9.12,236.25,0.4621,-0.1995,0.0212,0.8638,-3.45,-1.32,8.86,0.06,-0.94,-0.94,9.60,0,1.70,-0.0650,0.0442,86,0.851,0.000,0.00,0.00,66.582,0
phase1 acc_mag=9.673 gravity=9.701 motion=0.028 moving_avg=0.060 rms=0.082 mean_rms=0.061 max_rms=0.082 min_rms=0.053 std=0.009 var=0.000 state=slow thr=0.080/0.350/0.850
-21.38,9.19,236.31,0.4625,-0.2003,0.0210,0.8635,-3.81,-1.41,8.90,-0.56,0.94,-1.06,9.78,0,1.70,-0.0653,0.0443,86,0.851,0.000,0.00,0.00,66.582,0
-21.44,9.19,236.31,0.4625,-0.2004,0.0209,0.8635,-3.51,-1.39,8.91,-1.62,1.06,-0.25,9.68,0,1.70,-0.0654,0.0443,86,0.851,0.000,0.00,0.00,66.582,0
-21.50,9.25,236.31,0.4625,-0.2012,0.0208,0.8633,-3.68,-1.40,8.90,-0.75,0.06,-0.50,9.73,0,1.70,-0.0656,0.0444,86,0.851,0.000,0.00,0.00,66.582,0
-21.50,9.25,236.31,0.4624,-0.2012,0.0207,0.8633,-3.62,-1.41,8.91,-1.00,0.06,-0.44,9.72,0,1.70,-0.0657,0.0444,86,0.851,0.000,0.00,0.00,66.582,0
phase1 acc_mag=9.704 gravity=9.698 motion=0.006 moving_avg=0.057 rms=0.079 mean_rms=0.067 max_rms=0.082 min_rms=0.055 std=0.012 var=0.000 state=standing thr=0.090/0.350/0.850
-21.50,9.31,236.31,0.4625,-0.2014,0.0204,0.8632,-3.61,-1.33,8.88,0.06,-0.38,-0.06,9.68,0,1.70,-0.0657,0.0443,86,0.851,0.000,0.00,0.00,66.582,0
-21.44,9.31,236.31,0.4623,-0.2007,0.0203,0.8635,-3.68,-1.41,8.89,0.38,-1.38,0.06,9.72,0,1.70,-0.0656,0.0441,86,0.851,0.000,0.00,0.00,66.582,0
-21.31,9.25,236.31,0.4624,-0.1998,0.0200,0.8636,-3.41,-1.39,8.89,-0.06,-1.38,0.31,9.62,0,1.70,-0.0653,0.0438,86,0.851,0.000,0.00,0.00,66.582,0
-21.31,9.31,236.31,0.4622,-0.2004,0.0199,0.8636,-3.69,-1.44,8.92,-0.81,1.00,-0.12,9.76,0,1.70,-0.0656,0.0439,86,0.851,0.000,0.00,0.00,66.582,0
phase1 acc_mag=9.822 gravity=9.701 motion=0.121 moving_avg=0.059 rms=0.080 mean_rms=0.071 max_rms=0.082 min_rms=0.055 std=0.011 var=0.000 state=standing thr=0.093/0.350/0.850
-21.25,9.25,236.25,0.4623,-0.1996,0.0200,0.8638,-3.49,-1.34,8.92,2.06,-2.50,1.00,9.67,0,1.70,-0.0653,0.0438,86,0.851,0.000,0.00,0.00,66.582,0
-21.19,9.25,236.31,0.4627,-0.1992,0.0197,0.8636,-3.62,-1.45,8.89,-1.31,0.00,-1.25,9.71,0,1.70,-0.0652,0.0437,86,0.851,0.000,0.00,0.00,66.582,0
-21.19,9.31,236.31,0.4626,-0.1993,0.0193,0.8636,-3.65,-1.46,8.97,-0.06,-0.50,0.81,9.79,0,1.70,-0.0653,0.0436,86,0.851,0.000,0.00,0.00,66.582,0
-21.19,9.25,236.25,0.4618,-0.1991,0.0195,0.8641,-3.52,-1.38,8.95,0.12,0.19,1.81,9.72,0,1.70,-0.0652,0.0435,86,0.851,0.000,0.00,0.00,66.582,0
phase1 acc_mag=9.709 gravity=9.702 motion=0.007 moving_avg=0.055 rms=0.078 mean_rms=0.076 max_rms=0.082 min_rms=0.061 std=0.008 var=0.000 state=standing thr=0.092/0.350/0.850
-21.25,9.12,236.12,0.4609,-0.1990,0.0201,0.8646,-3.60,-1.27,8.94,-0.19,0.69,0.25,9.72,0,1.70,-0.0651,0.0437,86,0.851,0.000,0.00,0.00,66.582,0
-21.25,9.19,236.12,0.4609,-0.1993,0.0201,0.8646,-3.61,-1.32,8.95,0.06,0.31,-0.38,9.74,0,1.70,-0.0652,0.0437,86,0.851,0.000,0.00,0.00,66.582,0
-21.25,9.19,236.12,0.4610,-0.1995,0.0200,0.8644,-3.60,-1.37,8.92,0.50,0.31,0.50,9.72,0,1.70,-0.0653,0.0437,86,0.851,0.000,0.00,0.00,66.582,0
-21.31,9.25,236.19,0.4612,-0.2003,0.0200,0.8641,-3.56,-1.35,8.85,-1.19,1.31,-0.69,9.63,0,1.70,-0.0655,0.0439,86,0.851,0.000,0.00,0.00,66.582,0
phase1 acc_mag=9.719 gravity=9.700 motion=0.019 moving_avg=0.048 rms=0.067 mean_rms=0.078 max_rms=0.082 min_rms=0.067 std=0.005 var=0.000 state=standing thr=0.088/0.350/0.850
-21.56,9.25,236.12,0.4609,-0.2018,0.0208,0.8640,-3.55,-1.34,8.90,-1.88,4.06,-2.19,9.68,0,1.70,-0.0659,0.0444,86,0.851,0.000,0.00,0.00,66.582,0
-21.62,9.19,236.06,0.4607,-0.2020,0.0214,0.8640,-3.69,-1.42,8.91,-1.00,0.75,-0.94,9.75,0,1.70,-0.0659,0.0446,86,0.851,0.000,0.00,0.00,66.582,0
-21.62,9.19,236.06,0.4605,-0.2021,0.0214,0.8641,-3.63,-1.34,8.87,-0.50,0.25,-0.25,9.68,0,1.70,-0.0659,0.0446,86,0.851,0.000,0.00,0.00,66.582,0
phase1 acc_mag=9.779 gravity=9.705 motion=0.074 moving_avg=0.039 rms=0.055 mean_rms=0.074 max_rms=0.082 min_rms=0.054 std=0.009 var=0.000 state=standing thr=0.092/0.350/0.850
-21.62,9.25,236.12,0.4608,-0.2024,0.0212,0.8638,-3.76,-1.45,8.91,-1.12,0.19,-1.75,9.78,0,1.70,-0.0660,0.0446,86,0.851,0.000,0.00,0.00,66.582,0
-21.62,9.31,236.19,0.4611,-0.2027,0.0210,0.8636,-3.68,-1.40,8.91,-0.62,0.38,-0.56,9.74,0,1.70,-0.0662,0.0446,86,0.851,0.000,0.00,0.00,66.582,0
-21.69,9.25,236.12,0.4609,-0.2026,0.0211,0.8637,-3.63,-1.42,8.84,-0.19,-0.25,-0.25,9.66,0,1.70,-0.0661,0.0447,86,0.851,0.000,0.00,0.00,66.582,0
-21.69,9.25,236.12,0.4609,-0.2028,0.0212,0.8637,-3.68,-1.38,8.88,0.19,-0.25,0.06,9.71,0,1.70,-0.0661,0.0447,86,0.851,0.000,0.00,0.00,66.582,0
phase1 acc_mag=9.723 gravity=9.706 motion=0.017 moving_avg=0.039 rms=0.055 mean_rms=0.069 max_rms=0.080 min_rms=0.054 std=0.011 var=0.000 state=standing thr=0.091/0.350/0.850
-21.69,9.25,236.12,0.4608,-0.2027,0.0214,0.8638,-3.56,-1.32,8.87,-0.56,0.69,0.31,9.65,0,1.70,-0.0661,0.0447,86,0.851,0.000,0.00,0.00,66.582,0
-21.69,9.31,236.12,0.4608,-0.2031,0.0211,0.8636,-3.74,-1.43,8.89,-0.81,-0.12,-0.81,9.75,0,1.70,-0.0663,0.0447,86,0.851,0.000,0.00,0.00,66.582,0
-21.62,9.25,236.06,0.4605,-0.2025,0.0214,0.8640,-3.61,-1.36,8.89,0.88,-1.00,0.75,9.69,0,1.70,-0.0660,0.0447,86,0.851,0.000,0.00,0.00,66.582,0
-21.62,9.25,236.12,0.4606,-0.2025,0.0213,0.8640,-3.65,-1.39,8.82,-0.38,-0.12,-0.50,9.65,0,1.70,-0.0660,0.0447,86,0.851,0.000,0.00,0.00,66.582,0
phase1 acc_mag=9.662 gravity=9.703 motion=0.042 moving_avg=0.038 rms=0.054 mean_rms=0.064 max_rms=0.079 min_rms=0.054 std=0.011 var=0.000 state=standing thr=0.086/0.350/0.850
-21.69,9.19,236.06,0.4605,-0.2025,0.0215,0.8640,-3.63,-1.37,8.92,0.19,-0.06,-0.31,9.73,0,1.70,-0.0660,0.0447,86,0.851,0.000,0.00,0.00,66.582,0
-21.69,9.19,236.06,0.4606,-0.2025,0.0216,0.8640,-3.65,-1.46,8.93,0.38,-0.44,0.12,9.76,0,1.70,-0.0660,0.0448,86,0.851,0.000,0.00,0.00,66.582,0
-21.69,9.19,236.12,0.4608,-0.2023,0.0217,0.8639,-3.69,-1.39,8.89,0.06,-0.75,-0.44,9.73,0,1.70,-0.0659,0.0448,86,0.851,0.000,0.00,0.00,66.582,0
-21.62,9.19,236.19,0.4611,-0.2024,0.0216,0.8637,-3.69,-1.40,8.92,-0.38,0.38,-1.00,9.75,0,1.70,-0.0659,0.0448,86,0.851,0.000,0.00,0.00,66.582,0
phase1 acc_mag=9.679 gravity=9.706 motion=0.027 moving_avg=0.038 rms=0.053 mean_rms=0.059 max_rms=0.077 min_rms=0.053 std=0.009 var=0.000 state=standing thr=0.080/0.350/0.850
-21.62,9.19,236.12,0.4611,-0.2020,0.0217,0.8638,-3.58,-1.35,8.86,1.00,-0.44,1.06,9.65,0,1.70,-0.0658,0.0448,86,0.851,0.000,0.00,0.00,66.582,0
-21.62,9.19,236.12,0.4609,-0.2019,0.0217,0.8639,-3.67,-1.40,8.91,-0.62,0.56,-0.88,9.74,0,1.70,-0.0658,0.0447,86,0.851,0.000,0.00,0.00,66.582,0
-21.62,9.19,236.12,0.4611,-0.2019,0.0217,0.8638,-3.55,-1.37,8.90,-0.69,-0.25,-0.81,9.68,0,1.70,-0.0658,0.0447,86,0.851,0.000,0.00,0.00,66.582,0
-21.62,9.19,236.12,0.4609,-0.2019,0.0216,0.8639,-3.59,-1.38,8.89,-0.31,0.12,-0.19,9.69,0,1.70,-0.0658,0.0447,86,0.851,0.000,0.00,0.00,66.582,0
phase1 acc_mag=9.667 gravity=9.707 motion=0.041 moving_avg=0.037 rms=0.051 mean_rms=0.055 max_rms=0.066 min_rms=0.051 std=0.004 var=0.000 state=standing thr=0.080/0.350/0.850
-21.62,9.19,236.12,0.4609,-0.2020,0.0215,0.8639,-3.64,-1.39,8.89,0.06,-0.19,0.31,9.71,0,1.70,-0.0658,0.0447,86,0.851,0.000,0.00,0.00,66.582,0
-21.62,9.19,236.12,0.4608,-0.2017,0.0217,0.8640,-3.52,-1.37,8.86,0.38,-0.56,0.06,9.63,0,1.70,-0.0657,0.0447,86,0.851,0.000,0.00,0.00,66.582,0
-21.62,9.19,236.12,0.4608,-0.2017,0.0217,0.8640,-3.62,-1.35,8.88,0.25,-0.06,0.38,9.68,0,1.70,-0.0657,0.0447,86,0.851,0.000,0.00,0.00,66.582,0
-21.56,9.12,236.12,0.4607,-0.2015,0.0218,0.8641,-3.65,-1.35,8.87,0.00,-0.50,0.44,9.69,0,1.70,-0.0656,0.0447,86,0.851,0.000,0.00,0.00,66.582,0
phase1 acc_mag=9.757 gravity=9.703 motion=0.054 moving_avg=0.034 rms=0.041 mean_rms=0.051 max_rms=0.056 min_rms=0.041 std=0.006 var=0.000 state=standing thr=0.080/0.350/0.850
-21.50,9.12,236.06,0.4607,-0.2010,0.0215,0.8643,-3.50,-1.40,8.88,-0.19,-1.31,-0.50,9.65,0,1.70,-0.0655,0.0445,86,0.851,0.000,0.00,0.00,66.582,0
-21.50,9.12,236.12,0.4608,-0.2010,0.0212,0.8641,-3.67,-1.46,8.92,-1.19,0.44,-1.50,9.76,0,1.70,-0.0656,0.0444,86,0.851,0.000,0.00,0.00,66.582,0
-21.50,9.19,236.12,0.4608,-0.2012,0.0212,0.8642,-3.64,-1.42,8.89,-0.38,0.06,0.06,9.71,0,1.70,-0.0656,0.0444,86,0.851,0.000,0.00,0.00,66.582,0
-21.50,9.12,236.06,0.4605,-0.2010,0.0214,0.8643,-3.56,-1.31,8.89,1.06,-0.69,1.88,9.67,0,1.70,-0.0656,0.0444,86,0.851,0.000,0.00,0.00,66.582,0
phase1 acc_mag=9.637 gravity=9.701 motion=0.064 moving_avg=0.034 rms=0.042 mean_rms=0.048 max_rms=0.056 min_rms=0.041 std=0.007 var=0.000 state=standing thr=0.080/0.350/0.850
-21.50,9.06,236.00,0.4600,-0.2007,0.0220,0.8646,-3.60,-1.29,8.91,-0.06,0.38,-0.06,9.70,0,1.70,-0.0654,0.0445,86,0.851,0.000,0.00,0.00,66.582,0
-21.50,9.06,236.00,0.4600,-0.2007,0.0220,0.8646,-3.62,-1.31,8.92,-0.19,0.25,-0.38,9.72,0,1.70,-0.0654,0.0445,86,0.851,0.000,0.00,0.00,66.582,0
-21.56,9.06,236.00,0.4601,-0.2011,0.0219,0.8646,-3.56,-1.28,8.89,-0.62,0.94,-0.44,9.66,0,1.70,-0.0655,0.0446,86,0.851,0.000,0.00,0.00,66.582,0
-21.56,9.06,236.00,0.4600,-0.2014,0.0220,0.8645,-3.71,-1.36,8.87,-0.50,0.25,-0.69,9.71,0,1.70,-0.0656,0.0447,86,0.851,0.000,0.00,0.00,66.582,0
phase1 acc_mag=9.673 gravity=9.702 motion=0.029 moving_avg=0.034 rms=0.041 mean_rms=0.045 max_rms=0.054 min_rms=0.040 std=0.007 var=0.000 state=standing thr=0.080/0.350/0.850
-21.62,9.06,236.00,0.4599,-0.2015,0.0220,0.8645,-3.56,-1.35,8.90,0.06,-0.31,0.94,9.68,0,1.70,-0.0656,0.0447,86,0.851,0.000,0.00,0.00,66.582,0
-21.62,9.12,236.00,0.4598,-0.2018,0.0221,0.8645,-3.61,-1.37,8.87,-0.19,0.75,0.62,9.67,0,1.70,-0.0657,0.0448,86,0.851,0.000,0.00,0.00,66.582,0
-21.69,9.12,236.00,0.4599,-0.2021,0.0222,0.8644,-3.55,-1.24,8.87,0.81,-0.50,0.81,9.63,0,1.70,-0.0658,0.0449,86,0.851,0.000,0.00,0.00,66.582,0
phase1 acc_mag=9.703 gravity=9.702 motion=0.001 moving_avg=0.031 rms=0.038 mean_rms=0.043 max_rms=0.054 min_rms=0.038 std=0.006 var=0.000 state=standing thr=0.080/0.350/0.850
-21.69,9.12,236.06,0.4603,-0.2023,0.0220,0.8641,-3.69,-1.36,8.87,-0.81,1.00,-1.31,9.70,0,1.70,-0.0659,0.0449,86,0.851,0.000,0.00,0.00,66.582,0
-21.69,9.12,236.06,0.4602,-0.2025,0.0220,0.8641,-3.66,-1.33,8.91,0.06,0.62,0.25,9.72,0,1.70,-0.0659,0.0449,86,0.851,0.000,0.00,0.00,66.582,0
-21.69,9.12,236.06,0.4601,-0.2025,0.0220,0.8642,-3.57,-1.28,8.90,0.75,-0.56,1.00,9.67,0,1.70,-0.0659,0.0449,86,0.851,0.000,0.00,0.00,66.582,0
-21.69,9.12,236.06,0.4602,-0.2023,0.0220,0.8642,-3.67,-1.38,8.90,0.25,-1.12,-0.12,9.73,0,1.70,-0.0659,0.0448,86,0.851,0.000,0.00,0.00,66.582,0
phase1 acc_mag=9.660 gravity=9.702 motion=0.042 moving_avg=0.031 rms=0.039 mean_rms=0.040 max_rms=0.042 min_rms=0.038 std=0.004 var=0.000 state=standing thr=0.080/0.350/0.850
-21.62,9.12,236.00,0.4601,-0.2020,0.0218,0.8643,-3.68,-1.30,8.83,-0.81,0.50,-0.62,9.65,0,1.70,-0.0658,0.0447,86,0.851,0.000,0.00,0.00,66.582,0
-21.62,9.19,236.00,0.4601,-0.2021,0.0215,0.8643,-3.62,-1.30,8.90,-0.06,0.06,0.19,9.70,0,1.70,-0.0659,0.0446,86,0.851,0.000,0.00,0.00,66.582,0
-21.69,9.25,236.06,0.4605,-0.2028,0.0212,0.8639,-3.77,-1.38,8.84,-1.31,1.62,-1.50,9.71,0,1.70,-0.0662,0.0447,86,0.851,0.000,0.00,0.00,66.582,0
-21.62,9.19,236.06,0.4602,-0.2020,0.0212,0.8643,-3.62,-1.36,8.91,-0.56,0.25,-0.38,9.71,0,1.70,-0.0659,0.0445,86,0.851,0.000,0.00,0.00,66.582,0
phase1 acc_mag=9.741 gravity=9.701 motion=0.040 moving_avg=0.033 rms=0.040 mean_rms=0.040 max_rms=0.042 min_rms=0.038 std=0.004 var=0.000 state=standing thr=0.080/0.350/0.850
-21.62,9.25,236.06,0.4603,-0.2023,0.0209,0.8642,-3.71,-1.46,8.91,-0.50,-0.50,-0.31,9.76,0,1.70,-0.0661,0.0445,86,0.851,0.000,0.00,0.00,66.582,0
-21.56,9.19,236.00,0.4601,-0.2018,0.0210,0.8644,-3.66,-1.37,8.94,-0.44,0.06,-0.81,9.76,0,1.70,-0.0659,0.0444,86,0.851,0.000,0.00,0.00,66.582,0
-21.50,9.25,236.06,0.4606,-0.2016,0.0206,0.8642,-3.55,-1.38,8.88,0.38,-0.88,0.38,9.66,0,1.70,-0.0659,0.0443,86,0.851,0.000,0.00,0.00,66.582,0
-21.50,9.25,236.06,0.4605,-0.2016,0.0206,0.8642,-3.69,-1.40,8.87,-0.25,0.44,-0.25,9.71,0,1.70,-0.0659,0.0443,86,0.851,0.000,0.00,0.00,66.582,0
phase1 acc_mag=9.664 gravity=9.703 motion=0.040 moving_avg=0.033 rms=0.039 mean_rms=0.040 max_rms=0.042 min_rms=0.038 std=0.004 var=0.000 state=standing thr=0.080/0.350/0.850
-21.50,9.19,236.00,0.4602,-0.2012,0.0208,0.8645,-3.57,-1.30,8.87,0.44,-0.12,0.88,9.65,0,1.70,-0.0657,0.0442,86,0.851,0.000,0.00,0.00,66.582,0
-21.50,9.19,236.06,0.4603,-0.2011,0.0206,0.8644,-3.60,-1.33,8.89,-0.19,-0.50,-0.25,9.68,0,1.70,-0.0657,0.0442,86,0.851,0.000,0.00,0.00,66.582,0
-21.44,9.19,236.00,0.4602,-0.2009,0.0207,0.8645,-3.59,-1.40,8.90,-0.25,0.00,-0.50,9.70,0,1.70,-0.0657,0.0441,86,0.851,0.000,0.00,0.00,66.582,0
phase1 acc_mag=9.752 gravity=9.704 motion=0.048 moving_avg=0.032 rms=0.038 mean_rms=0.039 max_rms=0.041 min_rms=0.037 std=0.004 var=0.000 state=standing thr=0.080/0.350/0.850
-21.50,9.25,236.00,0.4602,-0.2012,0.0206,0.8644,-3.66,-1.46,8.92,-0.50,0.19,-0.44,9.75,0,1.70,-0.0658,0.0442,86,0.851,0.000,0.00,0.00,66.582,0
-21.50,9.19,236.00,0.4602,-0.2012,0.0207,0.8644,-3.62,-1.39,8.86,-0.31,0.56,0.06,9.67,0,1.70,-0.0658,0.0442,86,0.851,0.000,0.00,0.00,66.582,0
-21.50,9.19,236.00,0.4601,-0.2010,0.0208,0.8646,-3.73,-1.40,8.91,-0.56,0.31,-0.56,9.76,0,1.70,-0.0657,0.0442,86,0.851,0.000,0.00,0.00,66.582,0
-21.50,9.25,236.00,0.4601,-0.2012,0.0205,0.8645,-3.61,-1.34,8.89,-0.56,0.19,0.31,9.69,0,1.70,-0.0658,0.0441,86,0.851,0.000,0.00,0.00,66.582,0
phase1 acc_mag=9.794 gravity=9.705 motion=0.089 moving_avg=0.033 rms=0.039 mean_rms=0.039 max_rms=0.041 min_rms=0.037 std=0.004 var=0.000 state=standing thr=0.080/0.350/0.850
-21.50,9.25,236.00,0.4601,-0.2014,0.0203,0.8644,-3.61,-1.34,8.88,-0.19,-0.31,-0.25,9.68,0,1.70,-0.0659,0.0441,86,0.851,0.000,0.00,0.00,66.582,0
-21.50,9.38,236.12,0.4610,-0.2023,0.0195,0.8638,-3.71,-1.41,8.89,-2.06,1.19,-1.94,9.74,0,1.70,-0.0663,0.0440,86,0.851,0.000,0.00,0.00,66.582,0
-21.56,9.44,236.12,0.4608,-0.2023,0.0195,0.8639,-3.68,-1.37,8.88,0.88,-0.88,0.88,9.71,0,1.70,-0.0663,0.0440,86,0.851,0.000,0.00,0.00,66.582,0
-21.56,9.44,236.12,0.4606,-0.2026,0.0192,0.8640,-3.68,-1.43,8.88,-1.44,0.75,-0.62,9.72,0,1.70,-0.0665,0.0440,86,0.851,0.000,0.00,0.00,66.582,0
phase1 acc_mag=9.696 gravity=9.703 motion=0.007 moving_avg=0.033 rms=0.041 mean_rms=0.039 max_rms=0.041 min_rms=0.037 std=0.004 var=0.000 state=standing thr=0.080/0.350/0.850
-21.56,9.50,236.12,0.4608,-0.2027,0.0192,0.8638,-3.66,-1.40,8.91,0.19,-0.25,0.25,9.73,0,1.70,-0.0665,0.0440,86,0.851,0.000,0.00,0.00,66.582,0
-21.56,9.50,236.12,0.4608,-0.2026,0.0192,0.8638,-3.67,-1.40,8.89,-0.25,0.38,-0.31,9.72,0,1.70,-0.0665,0.0440,86,0.851,0.000,0.00,0.00,66.582,0
-21.50,9.44,236.12,0.4608,-0.2024,0.0191,0.8639,-3.69,-1.45,8.91,0.06,-0.62,-0.31,9.75,0,1.70,-0.0664,0.0439,86,0.851,0.000,0.00,0.00,66.582,0
-21.50,9.44,236.12,0.4608,-0.2022,0.0192,0.8640,-3.73,-1.43,8.90,0.00,-0.81,-0.12,9.76,0,1.70,-0.0663,0.0439,86,0.851,0.000,0.00,0.00,66.582,0
phase1 acc_mag=9.691 gravity=9.707 motion=0.015 moving_avg=0.032 rms=0.040 mean_rms=0.040 max_rms=0.041 min_rms=0.037 std=0.004 var=0.000 state=standing thr=0.080/0.350/0.850
-21.44,9.38,236.06,0.4604,-0.2016,0.0192,0.8643,-3.58,-1.34,8.87,0.56,-0.50,0.62,9.66,0,1.70,-0.0662,0.0438,86,0.851,0.000,0.00,0.00,66.582,0
-21.44,9.38,236.06,0.4603,-0.2013,0.0192,0.8644,-3.70,-1.43,8.87,-0.25,-0.62,0.12,9.72,0,1.70,-0.0661,0.0437,86,0.851,0.000,0.00,0.00,66.582,0
-21.44,9.38,236.00,0.4601,-0.2012,0.0192,0.8646,-3.66,-1.40,8.89,-0.06,-0.12,-0.19,9.72,0,1.70,-0.0660,0.0437,86,0.851,0.000,0.00,0.00,66.582,0
phase1 acc_mag=9.638 gravity=9.706 motion=0.068 moving_avg=0.033 rms=0.041 mean_rms=0.040 max_rms=0.041 min_rms=0.037 std=0.004 var=0.000 state=standing thr=0.080/0.350/0.850
-21.38,9.31,236.00,0.4601,-0.2005,0.0193,0.8647,-3.48,-1.32,8.89,0.56,-0.81,-0.31,9.64,0,1.70,-0.0658,0.0436,86,0.851,0.000,0.00,0.00,66.582,0
-21.31,9.31,236.06,0.4607,-0.2003,0.0192,0.8644,-3.76,-1.49,8.95,0.06,-0.31,0.19,9.82,0,1.70,-0.0657,0.0435,86,0.851,0.000,0.00,0.00,66.582,0
-21.31,9.31,236.06,0.4607,-0.2003,0.0192,0.8645,-3.59,-1.32,8.92,-0.19,0.38,0.19,9.71,0,1.70,-0.0657,0.0436,86,0.851,0.000,0.00,0.00,66.582,0
-21.31,9.31,236.06,0.4606,-0.2001,0.0193,0.8646,-3.54,-1.31,8.92,0.44,-0.19,0.50,9.69,0,1.70,-0.0656,0.0436,86,0.851,0.000,0.00,0.00,66.582,0
phase1 acc_mag=9.689 gravity=9.704 motion=0.015 moving_avg=0.036 rms=0.045 mean_rms=0.041 max_rms=0.046 min_rms=0.037 std=0.004 var=0.000 state=standing thr=0.080/0.350/0.850
-21.31,9.31,236.06,0.4605,-0.2000,0.0192,0.8646,-3.55,-1.29,8.88,0.12,-0.50,0.38,9.65,0,1.70,-0.0656,0.0435,86,0.851,0.000,0.00,0.00,66.582,0
-21.25,9.31,236.06,0.4604,-0.2000,0.0190,0.8646,-3.54,-1.33,8.88,-0.88,0.56,0.25,9.65,0,1.70,-0.0657,0.0434,86,0.851,0.000,0.00,0.00,66.582,0
-21.31,9.31,236.00,0.4603,-0.2001,0.0190,0.8647,-3.54,-1.34,8.86,-0.44,0.44,0.12,9.63,0,1.70,-0.0657,0.0434,86,0.851,0.000,0.00,0.00,66.582,0
-21.38,9.38,236.00,0.4601,-0.2009,0.0189,0.8646,-3.63,-1.36,8.91,-1.12,1.06,-0.62,9.72,0,1.70,-0.0660,0.0435,86,0.851,0.000,0.00,0.00,66.582,0
phase1 acc_mag=9.634 gravity=9.701 motion=0.066 moving_avg=0.035 rms=0.044 mean_rms=0.042 max_rms=0.046 min_rms=0.039 std=0.004 var=0.000 state=standing thr=0.080/0.350/0.850
-21.38,9.38,236.00,0.4600,-0.2010,0.0190,0.8647,-3.62,-1.34,8.92,-0.81,1.38,-0.44,9.72,0,1.70,-0.0660,0.0436,86,0.851,0.000,0.00,0.00,66.582,0
-21.50,9.44,236.00,0.4600,-0.2021,0.0187,0.8644,-3.69,-1.39,8.89,-1.31,1.06,-0.75,9.73,0,1.70,-0.0664,0.0437,86,0.851,0.000,0.00,0.00,66.582,0
-21.56,9.56,236.00,0.4600,-0.2029,0.0185,0.8643,-3.64,-1.41,8.87,-1.00,1.62,0.44,9.69,0,1.70,-0.0667,0.0437,86,0.851,0.000,0.00,0.00,66.582,0
-21.62,9.62,236.00,0.4600,-0.2041,0.0184,0.8640,-3.73,-1.38,8.91,-1.50,1.44,-0.94,9.76,0,1.70,-0.0671,0.0439,86,0.851,0.000,0.00,0.00,66.582,0
phase1 acc_mag=9.726 gravity=9.701 motion=0.025 moving_avg=0.036 rms=0.044 mean_rms=0.043 max_rms=0.046 min_rms=0.039 std=0.004 var=0.000 state=standing thr=0.080/0.350/0.850
-21.69,9.75,236.12,0.4605,-0.2051,0.0178,0.8635,-3.71,-1.44,8.87,-1.56,1.38,-0.88,9.72,0,1.70,-0.0676,0.0439,86,0.851,0.000,0.00,0.00,66.582,0
-21.75,9.88,236.12,0.4604,-0.2059,0.0173,0.8633,-3.67,-1.44,8.87,-0.31,0.38,0.12,9.71,0,1.70,-0.0679,0.0439,86,0.851,0.000,0.00,0.00,66.582,0
-21.81,9.94,236.12,0.4604,-0.2064,0.0172,0.8632,-3.67,-1.44,8.86,-0.56,0.31,-0.12,9.70,0,1.70,-0.0681,0.0439,86,0.851,0.000,0.00,0.00,66.582,0
-21.81,9.94,236.12,0.4605,-0.2065,0.0170,0.8632,-3.77,-1.45,8.86,0.38,-0.75,0.25,9.74,0,1.70,-0.0682,0.0439,86,0.851,0.000,0.00,0.00,66.582,0
phase1 acc_mag=9.663 gravity=9.702 motion=0.039 moving_avg=0.037 rms=0.045 mean_rms=0.044 max_rms=0.046 min_rms=0.039 std=0.004 var=0.000 state=standing thr=0.080/0.350/0.850
-21.81,9.94,236.12,0.4606,-0.2065,0.0169,0.8630,-3.69,-1.42,8.87,-1.12,0.88,-1.38,9.71,0,1.70,-0.0682,0.0439,86,0.851,0.000,0.00,0.00,66.582,0
-21.81,10.00,236.19,0.4608,-0.2067,0.0166,0.8629,-3.66,-1.40,8.85,-0.75,0.31,-0.31,9.68,0,1.70,-0.0683,0.0438,86,0.851,0.000,0.00,0.00,66.582,0
-21.81,10.00,236.19,0.4608,-0.2068,0.0165,0.8629,-3.66,-1.40,8.88,-0.25,0.31,0.25,9.71,0,1.70,-0.0683,0.0438,86,0.851,0.000,0.00,0.00,66.582,0
phase1 acc_mag=9.708 gravity=9.703 motion=0.005 moving_avg=0.032 rms=0.041 mean_rms=0.045 max_rms=0.046 min_rms=0.041 std=0.004 var=0.000 state=standing thr=0.080/0.350/0.850
-21.94,9.94,235.94,0.4592,-0.2072,0.0172,0.8637,-3.73,-1.42,8.85,0.19,0.38,2.38,9.71,0,1.70,-0.0684,0.0440,86,0.851,0.000,0.00,0.00,66.582,0
-21.88,9.94,236.00,0.4596,-0.2070,0.0172,0.8635,-3.78,-1.48,8.85,-0.12,-1.69,-1.44,9.74,0,1.70,-0.0683,0.0440,86,0.851,0.000,0.00,0.00,66.582,0
-21.81,9.88,236.00,0.4598,-0.2059,0.0174,0.8636,-3.72,-1.42,8.87,1.19,-0.88,-0.81,9.72,0,1.70,-0.0679,0.0439,86,0.851,0.000,0.00,0.00,66.582,0
-21.69,9.75,236.06,0.4603,-0.2048,0.0175,0.8636,-3.66,-1.48,8.86,1.12,-2.06,-0.69,9.70,0,1.70,-0.0675,0.0438,86,0.851,0.000,0.00,0.00,66.582,0
phase1 acc_mag=9.711 gravity=9.707 motion=0.004 moving_avg=0.030 rms=0.037 mean_rms=0.043 max_rms=0.046 min_rms=0.037 std=0.005 var=0.000 state=standing thr=0.080/0.350/0.850
-21.62,9.75,236.06,0.4602,-0.2045,0.0177,0.8638,-3.61,-1.37,8.87,-1.31,0.25,0.19,9.67,0,1.70,-0.0674,0.0438,86,0.851,0.000,0.00,0.00,66.582,0
-21.69,9.75,236.00,0.4597,-0.2050,0.0176,0.8639,-3.64,-1.32,8.83,0.19,0.25,1.44,9.64,0,1.70,-0.0676,0.0438,86,0.851,0.000,0.00,0.00,66.582,0
-21.75,9.81,236.00,0.4597,-0.2055,0.0176,0.8638,-3.64,-1.43,8.90,-1.00,1.19,-0.62,9.72,0,1.70,-0.0678,0.0439,86,0.851,0.000,0.00,0.00,66.582,0
-21.81,9.81,236.06,0.4599,-0.2062,0.0178,0.8635,-3.63,-1.36,8.86,0.19,0.31,-0.81,9.67,0,1.70,-0.0680,0.0441,86,0.851,0.000,0.00,0.00,66.582,0
phase1 acc_mag=9.710 gravity=9.709 motion=0.002 moving_avg=0.033 rms=0.042 mean_rms=0.042 max_rms=0.046 min_rms=0.037 std=0.005 var=0.000 state=standing thr=0.080/0.350/0.850
-21.88,9.88,236.12,0.4603,-0.2068,0.0176,0.8632,-3.83,-1.54,8.87,-1.00,1.25,-1.12,9.78,0,1.70,-0.0682,0.0441,86,0.851,0.000,0.00,0.00,66.582,0
-21.88,9.94,236.12,0.4605,-0.2069,0.0176,0.8630,-3.61,-1.39,8.81,0.06,0.50,-0.12,9.62,0,1.70,-0.0682,0.0442,86,0.851,0.000,0.00,0.00,66.582,0
-22.00,10.00,236.12,0.4605,-0.2079,0.0175,0.8628,-3.67,-1.36,8.83,-0.75,0.62,0.19,9.66,0,1.70,-0.0685,0.0443,86,0.851,0.000,0.00,0.00,66.582,0
phase1 acc_mag=9.704 gravity=9.711 motion=0.006 moving_avg=0.033 rms=0.042 mean_rms=0.041 max_rms=0.046 min_rms=0.037 std=0.005 var=0.000 state=standing thr=0.080/0.350/0.850
-22.06,10.06,236.12,0.4604,-0.2087,0.0173,0.8626,-3.74,-1.49,8.83,-1.31,1.50,-0.25,9.70,0,1.70,-0.0688,0.0444,86,0.851,0.000,0.00,0.00,66.582,0
-22.06,10.06,236.12,0.4601,-0.2089,0.0173,0.8627,-3.76,-1.46,8.83,-0.19,0.12,0.12,9.71,0,1.70,-0.0689,0.0444,86,0.851,0.000,0.00,0.00,66.582,0
-22.12,10.06,236.12,0.4603,-0.2091,0.0173,0.8626,-3.74,-1.48,8.83,-0.25,0.12,-0.62,9.70,0,1.70,-0.0690,0.0445,86,0.851,0.000,0.00,0.00,66.582,0
-22.06,10.06,236.19,0.4608,-0.2089,0.0173,0.8624,-3.66,-1.45,8.86,-0.31,-0.44,-1.19,9.70,0,1.70,-0.0689,0.0445,86,0.851,0.000,0.00,0.00,66.582,0
phase1 acc_mag=9.750 gravity=9.711 motion=0.039 moving_avg=0.032 rms=0.041 mean_rms=0.040 max_rms=0.045 min_rms=0.037 std=0.004 var=0.000 state=standing thr=0.080/0.350/0.850
-22.06,10.06,236.19,0.4608,-0.2090,0.0174,0.8624,-3.72,-1.50,8.86,0.00,0.00,0.31,9.73,0,1.70,-0.0689,0.0445,86,0.851,0.000,0.00,0.00,66.582,0
-22.06,10.06,236.19,0.4605,-0.2088,0.0174,0.8625,-3.73,-1.48,8.87,0.06,0.19,0.31,9.74,0,1.70,-0.0688,0.0445,86,0.851,0.000,0.00,0.00,66.582,0
-22.06,10.06,236.12,0.4603,-0.2089,0.0176,0.8627,-3.68,-1.41,8.85,1.06,-0.62,1.50,9.69,0,1.70,-0.0688,0.0445,86,0.851,0.000,0.00,0.00,66.582,0
-22.06,10.00,236.12,0.4601,-0.2086,0.0177,0.8629,-3.69,-1.46,8.84,0.00,-0.19,-0.31,9.69,0,1.70,-0.0687,0.0445,86,0.851,0.000,0.00,0.00,66.582,0
phase1 acc_mag=9.731 gravity=9.713 motion=0.018 moving_avg=0.033 rms=0.042 mean_rms=0.040 max_rms=0.042 min_rms=0.037 std=0.004 var=0.000 state=standing thr=0.080/0.350/0.850
-22.06,10.00,236.06,0.4600,-0.2086,0.0178,0.8629,-3.79,-1.51,8.86,-0.12,-0.31,-0.25,9.75,0,1.70,-0.0687,0.0445,86,0.851,0.000,0.00,0.00,66.582,0
-22.06,10.00,236.06,0.4600,-0.2086,0.0178,0.8629,-3.70,-1.46,8.83,-0.44,0.12,-0.50,9.68,0,1.70,-0.0687,0.0445,86,0.851,0.000,0.00,0.00,66.582,0
-22.06,10.00,236.06,0.4600,-0.2086,0.0178,0.8629,-3.70,-1.44,8.86,-0.31,-0.38,0.00,9.71,0,1.70,-0.0687,0.0445,86,0.851,0.000,0.00,0.00,66.582,0
-22.06,9.94,236.06,0.4598,-0.2081,0.0179,0.8630,-3.72,-1.44,8.87,0.50,-0.75,0.19,9.73,0,1.70,-0.0686,0.0445,86,0.851,0.000,0.00,0.00,66.582,0
phase1 acc_mag=9.734 gravity=9.716 motion=0.018 moving_avg=0.033 rms=0.042 mean_rms=0.041 max_rms=0.043 min_rms=0.037 std=0.004 var=0.000 state=standing thr=0.080/0.350/0.850
-22.06,9.94,236.06,0.4600,-0.2081,0.0178,0.8630,-3.85,-1.52,8.83,-0.44,-0.12,-0.81,9.75,0,1.70,-0.0686,0.0444,86,0.851,0.000,0.00,0.00,66.582,0
-22.00,9.94,236.06,0.4599,-0.2079,0.0178,0.8631,-3.78,-1.49,8.85,-0.38,-0.12,-0.31,9.74,0,1.70,-0.0685,0.0444,86,0.851,0.000,0.00,0.00,66.582,0
-21.94,9.88,236.06,0.4600,-0.2068,0.0178,0.8633,-3.53,-1.36,8.80,1.62,-3.19,0.44,9.58,0,1.70,-0.0681,0.0442,86,0.851,0.000,0.00,0.00,66.582,0
-21.88,9.88,236.06,0.4602,-0.2065,0.0175,0.8633,-3.65,-1.34,8.86,-0.69,0.38,0.12,9.68,0,1.70,-0.0681,0.0440,86,0.851,0.000,0.00,0.00,66.582,0
phase1 acc_mag=9.781 gravity=9.712 motion=0.069 moving_avg=0.029 rms=0.039 mean_rms=0.041 max_rms=0.043 min_rms=0.038 std=0.004 var=0.000 state=standing thr=0.080/0.350/0.850
-21.88,9.94,236.06,0.4601,-0.2068,0.0172,0.8633,-3.77,-1.46,8.88,0.12,0.25,0.81,9.76,0,1.70,-0.0683,0.0440,86,0.851,0.000,0.00,0.00,66.582,0
-21.88,9.94,236.06,0.4598,-0.2069,0.0172,0.8634,-3.67,-1.42,8.85,-0.81,0.69,-0.50,9.69,0,1.70,-0.0683,0.0440,86,0.851,0.000,0.00,0.00,66.582,0
-21.88,9.94,236.06,0.4600,-0.2071,0.0171,0.8633,-3.69,-1.46,8.86,-0.12,-0.31,-0.75,9.71,0,1.70,-0.0684,0.0440,86,0.851,0.000,0.00,0.00,66.582,0
-21.88,10.00,236.12,0.4602,-0.2071,0.0170,0.8632,-3.69,-1.39,8.83,0.12,0.00,-0.31,9.67,0,1.70,-0.0684,0.0440,86,0.851,0.000,0.00,0.00,66.582,0
phase1 acc_mag=9.665 gravity=9.714 motion=0.049 moving_avg=0.029 rms=0.038 mean_rms=0.040 max_rms=0.043 min_rms=0.037 std=0.004 var=0.000 state=standing thr=0.080/0.350/0.850
-21.88,10.00,236.12,0.4603,-0.2071,0.0168,0.8631,-3.69,-1.48,8.89,-0.62,0.56,-0.12,9.74,0,1.70,-0.0684,0.0439,86,0.851,0.000,0.00,0.00,66.582,0
-21.88,10.06,236.12,0.4601,-0.2075,0.0168,0.8631,-3.68,-1.45,8.84,0.69,-0.56,1.06,9.68,0,1.70,-0.0685,0.0440,86,0.851,0.000,0.00,0.00,66.582,0
-21.88,10.06,236.06,0.4601,-0.2075,0.0167,0.8632,-3.69,-1.49,8.83,-0.50,0.56,-0.25,9.69,0,1.70,-0.0686,0.0439,86,0.851,0.000,0.00,0.00,66.582,0
-21.94,10.00,236.06,0.4600,-0.2075,0.0167,0.8632,-3.69,-1.46,8.85,0.25,-0.38,0.19,9.70,0,1.70,-0.0686,0.0440,86,0.851,0.000,0.00,0.00,66.582,0
phase1 acc_mag=9.663 gravity=9.713 motion=0.050 moving_avg=0.028 rms=0.036 mean_rms=0.039 max_rms=0.043 min_rms=0.035 std=0.004 var=0.000 state=standing thr=0.080/0.350/0.850
-21.94,10.00,236.06,0.4597,-0.2075,0.0168,0.8633,-3.65,-1.42,8.85,-0.56,0.56,0.19,9.68,0,1.70,-0.0686,0.0440,86,0.851,0.000,0.00,0.00,66.582,0
-22.00,10.06,236.00,0.4596,-0.2081,0.0167,0.8632,-3.77,-1.51,8.90,-0.56,0.94,-0.31,9.78,0,1.70,-0.0688,0.0440,86,0.851,0.000,0.00,0.00,66.582,0
-22.00,10.06,236.06,0.4598,-0.2083,0.0168,0.8631,-3.66,-1.42,8.82,-0.19,0.81,-0.31,9.65,0,1.70,-0.0688,0.0441,86,0.851,0.000,0.00,0.00,66.582,0
-22.00,10.12,236.06,0.4599,-0.2087,0.0168,0.8630,-3.79,-1.46,8.86,0.44,-0.12,0.12,9.75,0,1.70,-0.0689,0.0442,86,0.851,0.000,0.00,0.00,66.582,0
phase1 acc_mag=9.670 gravity=9.711 motion=0.041 moving_avg=0.032 rms=0.040 mean_rms=0.038 max_rms=0.043 min_rms=0.035 std=0.004 var=0.000 state=standing thr=0.080/0.350/0.850
-22.00,10.06,236.06,0.4597,-0.2086,0.0168,0.8630,-3.70,-1.49,8.86,0.19,-0.38,0.31,9.72,0,1.70,-0.0689,0.0442,86,0.851,0.000,0.00,0.00,66.582,0
-22.00,10.06,236.06,0.4597,-0.2085,0.0169,0.8631,-3.78,-1.45,8.85,0.12,0.19,0.19,9.73,0,1.70,-0.0689,0.0442,86,0.851,0.000,0.00,0.00,66.582,0
-22.00,10.06,236.06,0.4597,-0.2084,0.0169,0.8631,-3.66,-1.44,8.87,0.94,-0.31,0.69,9.70,0,1.70,-0.0688,0.0442,86,0.851,0.000,0.00,0.00,66.582,0
phase1 acc_mag=9.747 gravity=9.711 motion=0.036 moving_avg=0.033 rms=0.042 mean_rms=0.038 max_rms=0.042 min_rms=0.035 std=0.004 var=0.000 state=standing thr=0.080/0.350/0.850
-22.00,10.06,236.06,0.4597,-0.2084,0.0168,0.8631,-3.72,-1.46,8.89,0.56,-0.50,0.75,9.75,0,1.70,-0.0689,0.0441,86,0.851,0.000,0.00,0.00,66.582,0
-22.00,10.06,236.06,0.4597,-0.2085,0.0168,0.8631,-3.71,-1.45,8.84,-0.19,-0.19,0.12,9.70,0,1.70,-0.0689,0.0441,86,0.851,0.000,0.00,0.00,66.582,0
-22.00,10.06,236.06,0.4597,-0.2083,0.0168,0.8632,-3.73,-1.45,8.84,0.00,-0.44,-0.25,9.70,0,1.70,-0.0688,0.0441,86,0.851,0.000,0.00,0.00,66.582,0
-22.00,10.06,236.06,0.4597,-0.2083,0.0168,0.8632,-3.77,-1.49,8.85,-0.06,0.25,0.00,9.73,0,1.70,-0.0688,0.0441,86,0.851,0.000,0.00,0.00,66.582,0
phase1 acc_mag=9.702 gravity=9.715 motion=0.012 moving_avg=0.033 rms=0.041 mean_rms=0.039 max_rms=0.043 min_rms=0.035 std=0.004 var=0.000 state=standing thr=0.080/0.350/0.850
-22.00,10.06,236.06,0.4597,-0.2083,0.0167,0.8632,-3.68,-1.41,8.82,0.50,-0.56,0.50,9.66,0,1.70,-0.0688,0.0441,86,0.851,0.000,0.00,0.00,66.582,0
-22.00,10.06,236.06,0.4597,-0.2083,0.0168,0.8632,-3.71,-1.42,8.82,0.12,-0.56,-0.81,9.67,0,1.70,-0.0688,0.0441,86,0.851,0.000,0.00,0.00,66.582,0
-22.00,10.12,236.12,0.4603,-0.2084,0.0163,0.8628,-3.75,-1.48,8.86,-1.00,0.44,-1.62,9.73,0,1.70,-0.0689,0.0440,86,0.851,0.000,0.00,0.00,66.582,0
-21.94,10.12,236.12,0.4603,-0.2084,0.0162,0.8628,-3.70,-1.43,8.85,-0.19,0.06,0.56,9.70,0,1.70,-0.0690,0.0440,86,0.851,0.000,0.00,0.00,66.582,0
phase1 acc_mag=9.725 gravity=9.711 motion=0.014 moving_avg=0.032 rms=0.040 mean_rms=0.040 max_rms=0.043 min_rms=0.035 std=0.004 var=0.000 state=standing thr=0.080/0.350/0.850
-21.94,10.12,236.12,0.4603,-0.2084,0.0162,0.8628,-3.71,-1.53,8.87,0.00,-0.62,0.44,9.74,0,1.70,-0.0689,0.0440,86,0.851,0.000,0.00,0.00,66.582,0
-22.00,10.19,236.12,0.4602,-0.2089,0.0161,0.8628,-3.75,-1.47,8.83,-1.00,0.81,-0.75,9.71,0,1.70,-0.0691,0.0440,86,0.851,0.000,0.00,0.00,66.582,0
-22.00,10.19,236.12,0.4603,-0.2087,0.0161,0.8627,-3.71,-1.40,8.87,0.69,-0.94,0.12,9.72,0,1.70,-0.0691,0.0440,86,0.851,0.000,0.00,0.00,66.582,0
-22.00,10.19,236.12,0.4603,-0.2087,0.0159,0.8627,-3.73,-1.41,8.85,0.50,-0.06,0.88,9.71,0,1.70,-0.0691,0.0439,86,0.851,0.000,0.00,0.00,66.582,0
phase1 acc_mag=9.790 gravity=9.712 motion=0.078 moving_avg=0.034 rms=0.043 mean_rms=0.041 max_rms=0.043 min_rms=0.036 std=0.004 var=0.000 state=standing thr=0.080/0.350/0.850
-21.94,10.19,236.12,0.4603,-0.2082,0.0161,0.8629,-3.74,-1.46,8.85,1.00,-0.62,0.56,9.72,0,1.70,-0.0689,0.0439,86,0.851,0.000,0.00,0.00,66.582,0
-21.94,10.12,236.06,0.4601,-0.2079,0.0162,0.8630,-3.65,-1.45,8.86,-1.38,0.88,-0.69,9.69,0,1.70,-0.0688,0.0439,86,0.851,0.000,0.00,0.00,66.582,0
-21.94,10.12,236.06,0.4600,-0.2081,0.0161,0.8630,-3.76,-1.46,8.87,-0.19,-0.25,0.50,9.74,0,1.70,-0.0689,0.0439,86,0.851,0.000,0.00,0.00,66.582,0
phase1 acc_mag=9.732 gravity=9.713 motion=0.019 moving_avg=0.030 rms=0.039 mean_rms=0.041 max_rms=0.043 min_rms=0.039 std=0.004 var=0.000 state=standing thr=0.080/0.350/0.850
-21.94,10.12,236.06,0.4600,-0.2081,0.0161,0.8630,-3.78,-1.45,8.85,0.31,0.06,-0.25,9.73,0,1.70,-0.0689,0.0438,86,0.851,0.000,0.00,0.00,66.582,0
-21.88,10.12,236.06,0.4600,-0.2078,0.0159,0.8631,-3.70,-1.49,8.88,-0.38,-0.25,-0.44,9.73,0,1.70,-0.0688,0.0437,86,0.851,0.000,0.00,0.00,66.582,0
-21.88,10.12,236.12,0.4605,-0.2076,0.0158,0.8629,-3.70,-1.41,8.84,-0.31,0.44,-1.94,9.69,0,1.70,-0.0688,0.0437,86,0.851,0.000,0.00,0.00,66.582,0
-21.88,10.19,236.19,0.4608,-0.2079,0.0156,0.8627,-3.75,-1.46,8.84,-0.31,0.62,0.25,9.71,0,1.70,-0.0689,0.0437,86,0.851,0.000,0.00,0.00,66.582,0
phase1 acc_mag=9.808 gravity=9.710 motion=0.097 moving_avg=0.031 rms=0.040 mean_rms=0.041 max_rms=0.043 min_rms=0.037 std=0.004 var=0.000 state=standing thr=0.080/0.350/0.850
-21.88,10.19,236.19,0.4606,-0.2079,0.0156,0.8627,-3.70,-1.54,8.86,0.00,-0.81,0.69,9.72,0,1.70,-0.0689,0.0437,86,0.851,0.000,0.00,0.00,66.582,0
-21.88,10.19,236.19,0.4606,-0.2079,0.0154,0.8627,-3.71,-1.58,8.87,-1.25,-0.19,-1.06,9.74,0,1.70,-0.0689,0.0436,86,0.851,0.000,0.00,0.00,66.582,0
-21.88,10.25,236.19,0.4607,-0.2079,0.0153,0.8627,-3.66,-1.49,8.85,0.50,-0.25,0.56,9.69,0,1.70,-0.0689,0.0436,86,0.851,0.000,0.00,0.00,66.582,0
-21.88,10.25,236.19,0.4606,-0.2079,0.0154,0.8627,-3.73,-1.46,8.87,-0.12,0.06,0.06,9.73,0,1.70,-0.0689,0.0436,86,0.851,0.000,0.00,0.00,66.582,0
phase1 acc_mag=9.705 gravity=9.710 motion=0.005 moving_avg=0.029 rms=0.038 mean_rms=0.040 max_rms=0.043 min_rms=0.037 std=0.004 var=0.000 state=standing thr=0.080/0.350/0.850
-21.88,10.25,236.19,0.4607,-0.2084,0.0151,0.8626,-3.71,-1.43,8.84,-1.06,0.31,-0.50,9.69,0,1.70,-0.0691,0.0436,86,0.851,0.000,0.00,0.00,66.582,0
-21.88,10.31,236.19,0.4606,-0.2086,0.0149,0.8626,-3.69,-1.49,8.88,-0.88,0.38,-0.25,9.73,0,1.70,-0.0692,0.0436,86,0.851,0.000,0.00,0.00,66.582,0
-22.00,10.44,236.19,0.4609,-0.2095,0.0145,0.8622,-3.79,-1.39,8.75,-1.88,1.44,-1.00,9.64,0,1.70,-0.0696,0.0436,86,0.851,0.000,0.00,0.00,66.582,0
-22.00,10.44,236.19,0.4608,-0.2098,0.0146,0.8622,-3.68,-1.48,8.89,-0.38,-0.19,-0.25,9.73,0,1.70,-0.0697,0.0437,86,0.851,0.000,0.00,0.00,66.582,0
phase1 acc_mag=9.742 gravity=9.711 motion=0.031 moving_avg=0.031 rms=0.039 mean_rms=0.040 max_rms=0.043 min_rms=0.036 std=0.004 var=0.000 state=standing thr=0.080/0.350/0.850
-22.00,10.44,236.19,0.4608,-0.2098,0.0148,0.8622,-3.73,-1.55,8.86,-0.69,0.25,-0.31,9.74,0,1.70,-0.0697,0.0438,86,0.851,0.000,0.00,0.00,66.582,0
-22.06,10.38,236.19,0.4609,-0.2100,0.0150,0.8621,-3.72,-1.51,8.84,-0.44,0.12,-0.69,9.71,0,1.70,-0.0696,0.0439,86,0.851,0.000,0.00,0.00,66.582,0
-22.06,10.50,236.31,0.4617,-0.2104,0.0143,0.8616,-3.79,-1.61,8.82,-1.12,0.25,-0.88,9.73,0,1.70,-0.0699,0.0438,86,0.851,0.000,0.00,0.00,66.582,0
phase1 acc_mag=9.706 gravity=9.714 motion=0.008 moving_avg=0.045 rms=0.097 mean_rms=0.042 max_rms=0.097 min_rms=0.036 std=0.013 var=0.000 state=slow thr=0.080/0.350/0.850
-22.06,10.44,236.25,0.4611,-0.2102,0.0145,0.8620,-3.68,-1.41,8.87,1.00,-0.56,1.25,9.71,0,1.70,-0.0698,0.0438,86,0.851,0.000,0.00,0.00,66.582,0
-22.00,10.38,236.19,0.4607,-0.2097,0.0150,0.8623,-3.76,-1.54,8.87,0.50,-0.62,0.75,9.76,0,1.70,-0.0696,0.0438,86,0.851,0.000,0.00,0.00,66.582,0
-22.00,10.44,236.31,0.4616,-0.2097,0.0146,0.8618,-3.76,-1.58,8.84,-4.31,1.56,-10.38,9.74,0,1.70,-0.0696,0.0438,86,0.851,0.000,0.00,0.00,66.582,0
-22.00,10.56,236.50,0.4628,-0.2101,0.0140,0.8611,-3.70,-1.41,8.80,-0.50,0.25,-1.31,9.65,0,1.70,-0.0698,0.0437,86,0.851,0.000,0.00,0.00,66.582,0
phase1 acc_mag=9.709 gravity=9.713 motion=0.005 moving_avg=0.055 rms=0.108 mean_rms=0.054 max_rms=0.108 min_rms=0.036 std=0.027 var=0.001 state=slow thr=0.108/0.350/0.850
-21.94,10.56,236.50,0.4630,-0.2100,0.0139,0.8610,-3.67,-1.51,8.83,0.56,-0.56,1.12,9.68,0,1.70,-0.0697,0.0437,86,0.851,0.000,0.00,0.00,66.582,0
-22.00,10.50,236.44,0.4627,-0.2100,0.0142,0.8612,-3.74,-1.52,8.85,-0.44,0.50,0.00,9.73,0,1.70,-0.0697,0.0438,86,0.851,0.000,0.00,0.00,66.582,0
-22.00,10.50,236.44,0.4626,-0.2098,0.0145,0.8613,-3.71,-1.52,8.88,-0.12,0.31,0.12,9.74,0,1.70,-0.0696,0.0438,86,0.851,0.000,0.00,0.00,66.582,0
-22.00,10.50,236.44,0.4626,-0.2100,0.0147,0.8613,-3.70,-1.55,8.86,0.12,-0.25,-0.25,9.73,0,1.70,-0.0696,0.0439,86,0.851,0.000,0.00,0.00,66.582,0
phase1 acc_mag=9.742 gravity=9.711 motion=0.032 moving_avg=0.052 rms=0.107 mean_rms=0.068 max_rms=0.108 min_rms=0.036 std=0.033 var=0.001 state=standing thr=0.133/0.350/0.850
-22.00,10.50,236.50,0.4630,-0.2101,0.0146,0.8610,-3.70,-1.57,8.85,-1.44,0.56,-1.56,9.72,0,1.70,-0.0697,0.0439,86,0.851,0.000,0.00,0.00,66.582,0
-22.00,10.56,236.62,0.4637,-0.2105,0.0143,0.8605,-3.67,-1.51,8.84,0.56,0.19,0.56,9.69,0,1.70,-0.0698,0.0440,86,0.851,0.000,0.00,0.00,66.582,0
-22.06,10.69,236.75,0.4647,-0.2109,0.0139,0.8599,-3.64,-1.55,8.82,-1.69,0.44,-2.06,9.67,0,1.70,-0.0700,0.0440,86,0.851,0.000,0.00,0.00,66.582,0
-22.06,10.75,236.81,0.4652,-0.2113,0.0135,0.8595,-3.78,-1.76,8.91,-0.81,-0.12,-0.81,9.84,0,1.70,-0.0701,0.0440,86,0.851,0.000,0.00,0.00,66.582,0
phase1 acc_mag=9.688 gravity=9.715 motion=0.027 moving_avg=0.057 rms=0.110 mean_rms=0.082 max_rms=0.110 min_rms=0.036 std=0.032 var=0.001 state=standing thr=0.146/0.350/0.850
-22.06,10.75,236.81,0.4651,-0.2113,0.0137,0.8596,-3.70,-1.55,8.85,-0.50,0.62,0.12,9.72,0,1.70,-0.0701,0.0440,86,0.851,0.000,0.00,0.00,66.582,0
-22.06,10.62,236.75,0.4645,-0.2107,0.0142,0.8600,-3.81,-1.70,8.85,1.06,-1.19,1.06,9.78,0,1.70,-0.0698,0.0440,86,0.851,0.000,0.00,0.00,66.582,0
-21.94,10.31,236.50,0.4632,-0.2089,0.0156,0.8611,-3.68,-1.45,8.91,-0.44,0.31,-0.56,9.75,0,1.70,-0.0690,0.0441,86,0.851,0.000,0.00,0.00,66.582,0
-22.00,10.44,236.62,0.4639,-0.2096,0.0152,0.8606,-3.67,-1.57,8.87,-0.19,-0.12,0.38,9.73,0,1.70,-0.0693,0.0441,86,0.851,0.000,0.00,0.00,66.582,0
phase1 acc_mag=9.640 gravity=9.717 motion=0.077 moving_avg=0.058 rms=0.111 mean_rms=0.096 max_rms=0.111 min_rms=0.038 std=0.024 var=0.001 state=standing thr=0.145/0.350/0.850
-22.00,10.44,236.62,0.4639,-0.2097,0.0153,0.8606,-3.66,-1.55,8.87,-0.25,0.25,0.00,9.72,0,1.70,-0.0693,0.0442,86,0.851,0.000,0.00,0.00,66.582,0
-22.06,10.44,236.62,0.4638,-0.2101,0.0153,0.8605,-3.67,-1.52,8.82,-0.38,0.38,-0.31,9.67,0,1.70,-0.0695,0.0442,86,0.851,0.000,0.00,0.00,66.582,0
-22.06,10.44,236.62,0.4638,-0.2102,0.0152,0.8605,-3.60,-1.45,8.82,-0.06,-0.12,0.56,9.64,0,1.70,-0.0695,0.0442,86,0.851,0.000,0.00,0.00,66.582,0
-22.06,10.50,236.62,0.4637,-0.2104,0.0152,0.8605,-3.65,-1.51,8.83,-0.06,0.12,0.19,9.67,0,1.70,-0.0696,0.0443,86,0.851,0.000,0.00,0.00,66.582,0
phase1 acc_mag=9.774 gravity=9.714 motion=0.060 moving_avg=0.045 rms=0.066 mean_rms=0.105 max_rms=0.111 min_rms=0.066 std=0.011 var=0.000 state=standing thr=0.127/0.350/0.850
-22.06,10.50,236.62,0.4637,-0.2105,0.0151,0.8605,-3.78,-1.59,8.86,-0.44,0.44,-0.56,9.76,0,1.70,-0.0697,0.0442,86,0.851,0.000,0.00,0.00,66.582,0
-22.06,10.50,236.62,0.4640,-0.2105,0.0151,0.8604,-3.74,-1.59,8.84,-1.00,0.94,-1.19,9.73,0,1.70,-0.0696,0.0443,86,0.851,0.000,0.00,0.00,66.582,0
-22.06,10.50,236.69,0.4641,-0.2107,0.0150,0.8602,-3.72,-1.55,8.87,-0.56,0.06,-0.12,9.74,0,1.70,-0.0697,0.0443,86,0.851,0.000,0.00,0.00,66.582,0
phase1 acc_mag=9.726 gravity=9.718 motion=0.008 moving_avg=0.040 rms=0.051 mean_rms=0.096 max_rms=0.111 min_rms=0.050 std=0.022 var=0.000 state=standing thr=0.140/0.350/0.850
-22.12,10.50,236.62,0.4637,-0.2106,0.0153,0.8605,-3.72,-1.50,8.86,0.12,0.75,0.88,9.73,0,1.70,-0.0697,0.0443,86,0.851,0.000,0.00,0.00,66.582,0
-22.12,10.50,236.62,0.4636,-0.2109,0.0153,0.8605,-3.78,-1.59,8.89,0.56,-0.44,0.81,9.79,0,1.70,-0.0698,0.0444,86,0.851,0.000,0.00,0.00,66.582,0
-22.12,10.50,236.62,0.4636,-0.2110,0.0151,0.8604,-3.70,-1.53,8.83,-0.69,0.44,-0.50,9.70,0,1.70,-0.0698,0.0443,86,0.851,0.000,0.00,0.00,66.582,0
-22.12,10.50,236.62,0.4636,-0.2109,0.0151,0.8605,-3.67,-1.48,8.83,-0.25,-0.81,-0.06,9.68,0,1.70,-0.0698,0.0443,86,0.851,0.000,0.00,0.00,66.582,0
phase1 acc_mag=9.740 gravity=9.720 motion=0.020 moving_avg=0.043 rms=0.053 mean_rms=0.086 max_rms=0.111 min_rms=0.050 std=0.027 var=0.001 state=standing thr=0.139/0.350/0.850
-22.12,10.56,236.56,0.4631,-0.2109,0.0150,0.8607,-3.69,-1.53,8.80,1.12,-0.62,1.94,9.66,0,1.70,-0.0699,0.0442,86,0.851,0.000,0.00,0.00,66.582,0
-22.06,10.56,236.50,0.4631,-0.2106,0.0142,0.8608,-3.70,-1.58,8.90,-1.38,-2.69,-1.69,9.77,0,1.70,-0.0699,0.0439,86,0.851,0.000,0.00,0.00,66.582,0
-21.81,10.50,236.44,0.4623,-0.2087,0.0134,0.8618,-3.47,-1.49,8.83,1.69,-3.75,2.94,9.60,0,1.70,-0.0694,0.0432,86,0.851,0.000,0.00,0.00,66.582,0
-21.81,10.44,236.31,0.4620,-0.2080,0.0137,0.8621,-3.64,-1.52,8.81,2.62,-2.31,-0.06,9.65,0,1.70,-0.0692,0.0432,86,0.851,0.000,0.00,0.00,66.582,0
phase1 acc_mag=9.752 gravity=9.717 motion=0.036 moving_avg=0.046 rms=0.056 mean_rms=0.074 max_rms=0.111 min_rms=0.049 std=0.026 var=0.001 state=standing thr=0.127/0.350/0.850
-21.56,10.25,236.56,0.4637,-0.2057,0.0143,0.8617,-3.54,-1.46,8.88,3.88,-2.44,-2.12,9.67,0,1.70,-0.0682,0.0431,86,0.851,0.000,0.00,0.00,66.582,0
-21.50,10.31,236.69,0.4650,-0.2051,0.0141,0.8611,-3.51,-1.63,8.90,1.12,-1.25,0.00,9.70,0,1.70,-0.0680,0.0430,86,0.851,0.000,0.00,0.00,66.582,0
-21.50,10.19,236.69,0.4647,-0.2048,0.0148,0.8613,-3.67,-1.52,8.94,-0.31,0.44,0.12,9.78,0,1.70,-0.0678,0.0432,86,0.851,0.000,0.00,0.00,66.582,0
-21.44,10.06,236.69,0.4647,-0.2043,0.0153,0.8615,-3.54,-1.37,8.86,1.06,-0.38,0.25,9.64,0,1.70,-0.0675,0.0433,86,0.851,0.000,0.00,0.00,66.582,0
phase1 acc_mag=9.723 gravity=9.713 motion=0.009 moving_avg=0.049 rms=0.061 mean_rms=0.064 max_rms=0.111 min_rms=0.049 std=0.018 var=0.000 state=standing thr=0.100/0.350/0.850
-21.50,10.12,236.69,0.4647,-0.2048,0.0155,0.8613,-3.64,-1.49,8.93,-1.19,1.88,-0.19,9.76,0,1.70,-0.0677,0.0434,86,0.851,0.000,0.00,0.00,66.582,0
-21.62,10.19,236.62,0.4643,-0.2060,0.0154,0.8613,-3.66,-1.47,8.86,-1.69,1.38,-0.50,9.70,0,1.70,-0.0681,0.0436,86,0.851,0.000,0.00,0.00,66.582,0
-21.69,10.25,236.62,0.4642,-0.2068,0.0151,0.8611,-3.66,-1.52,8.83,0.00,0.19,-0.06,9.68,0,1.70,-0.0684,0.0436,86,0.851,0.000,0.00,0.00,66.582,0
phase1 acc_mag=9.642 gravity=9.710 motion=0.068 moving_avg=0.049 rms=0.061 mean_rms=0.057 max_rms=0.068 min_rms=0.049 std=0.006 var=0.000 state=standing thr=0.080/0.350/0.850
-21.69,10.25,236.62,0.4642,-0.2068,0.0153,0.8611,-3.64,-1.45,8.81,1.12,-0.56,0.62,9.64,0,1.70,-0.0684,0.0437,86,0.851,0.000,0.00,0.00,66.582,0
-21.75,10.25,236.62,0.4642,-0.2070,0.0154,0.8610,-3.57,-1.48,8.88,-1.19,0.94,-0.19,9.68,0,1.70,-0.0684,0.0438,86,0.851,0.000,0.00,0.00,66.582,0
-21.81,10.38,236.62,0.4642,-0.2082,0.0151,0.8608,-3.64,-1.51,8.86,-1.50,1.25,-0.81,9.70,0,1.70,-0.0689,0.0439,86,0.851,0.000,0.00,0.00,66.582,0
-22.06,10.69,236.81,0.4650,-0.2109,0.0140,0.8597,-4.06,-1.85,8.94,-4.12,1.38,-1.44,9.99,0,1.70,-0.0699,0.0441,86,0.851,0.000,0.00,0.00,66.582,0
phase1 acc_mag=9.805 gravity=9.707 motion=0.098 moving_avg=0.061 rms=0.096 mean_rms=0.059 max_rms=0.096 min_rms=0.049 std=0.009 var=0.000 state=slow thr=0.080/0.350/0.850
-22.12,10.81,236.81,0.4648,-0.2124,0.0132,0.8594,-3.84,-1.77,8.91,-2.62,1.81,-0.62,9.86,0,1.70,-0.0706,0.0440,86,0.851,0.000,0.00,0.00,66.582,0
-22.19,10.88,236.75,0.4644,-0.2130,0.0132,0.8596,-3.78,-1.69,8.87,0.94,-0.25,1.81,9.79,0,1.70,-0.0708,0.0441,86,0.851,0.000,0.00,0.00,66.582,0
-22.19,10.81,236.75,0.4644,-0.2125,0.0137,0.8597,-3.70,-1.55,8.82,0.38,-0.38,-0.56,9.69,0,1.70,-0.0705,0.0442,86,0.851,0.000,0.00,0.00,66.582,0
-22.19,10.81,236.75,0.4647,-0.2125,0.0136,0.8595,-3.67,-1.61,8.84,-0.12,-0.31,-0.12,9.71,0,1.70,-0.0705,0.0442,86,0.851,0.000,0.00,0.00,66.582,0
phase1 acc_mag=9.695 gravity=9.710 motion=0.015 moving_avg=0.064 rms=0.100 mean_rms=0.070 max_rms=0.101 min_rms=0.049 std=0.018 var=0.000 state=standing thr=0.106/0.350/0.850
-22.19,10.88,236.75,0.4645,-0.2129,0.0134,0.8595,-3.79,-1.64,8.83,-1.00,1.00,-0.25,9.75,0,1.70,-0.0707,0.0442,86,0.851,0.000,0.00,0.00,66.582,0
-22.19,10.88,236.75,0.4645,-0.2130,0.0134,0.8594,-3.74,-1.71,8.83,-0.38,-0.12,0.06,9.74,0,1.70,-0.0707,0.0442,86,0.851,0.000,0.00,0.00,66.582,0
-22.19,10.75,236.69,0.4641,-0.2123,0.0137,0.8599,-3.76,-1.58,8.85,0.94,-0.75,0.88,9.74,0,1.70,-0.0705,0.0441,86,0.851,0.000,0.00,0.00,66.582,0
phase1 acc_mag=9.671 gravity=9.714 motion=0.043 moving_avg=0.054 rms=0.092 mean_rms=0.079 max_rms=0.101 min_rms=0.059 std=0.019 var=0.000 state=standing thr=0.116/0.350/0.850
-22.12,10.75,236.69,0.4640,-0.2120,0.0135,0.8600,-3.66,-1.53,8.82,0.38,-1.12,0.69,9.67,0,1.70,-0.0704,0.0440,86,0.851,0.000,0.00,0.00,66.582,0
-22.12,10.81,236.69,0.4642,-0.2120,0.0131,0.8599,-3.71,-1.64,8.83,-1.31,0.88,-2.06,9.72,0,1.70,-0.0705,0.0439,86,0.851,0.000,0.00,0.00,66.582,0
-22.12,10.81,236.69,0.4644,-0.2123,0.0131,0.8597,-3.76,-1.63,8.88,0.44,-0.31,0.50,9.78,0,1.70,-0.0706,0.0439,86,0.851,0.000,0.00,0.00,66.582,0
-22.12,10.88,236.69,0.4642,-0.2124,0.0130,0.8598,-3.83,-1.73,8.89,-1.06,0.62,-0.69,9.83,0,1.70,-0.0706,0.0439,86,0.851,0.000,0.00,0.00,66.582,0
phase1 acc_mag=9.736 gravity=9.717 motion=0.019 moving_avg=0.054 rms=0.092 mean_rms=0.085 max_rms=0.101 min_rms=0.059 std=0.017 var=0.000 state=standing thr=0.118/0.350/0.850
-22.12,10.88,236.69,0.4642,-0.2125,0.0129,0.8598,-3.72,-1.62,8.83,0.00,-0.19,0.12,9.72,0,1.70,-0.0707,0.0439,86,0.851,0.000,0.00,0.00,66.582,0
-22.12,10.88,236.69,0.4642,-0.2125,0.0128,0.8597,-3.63,-1.53,8.79,-0.69,0.25,-0.50,9.63,0,1.70,-0.0707,0.0439,86,0.851,0.000,0.00,0.00,66.582,0
-22.12,10.94,236.75,0.4643,-0.2130,0.0125,0.8596,-3.82,-1.68,8.86,-0.56,0.69,-0.31,9.79,0,1.70,-0.0709,0.0438,86,0.851,0.000,0.00,0.00,66.582,0
-22.19,10.94,236.69,0.4642,-0.2130,0.0125,0.8597,-3.76,-1.66,8.82,-0.38,0.12,0.06,9.73,0,1.70,-0.0709,0.0438,86,0.851,0.000,0.00,0.00,66.582,0
phase1 acc_mag=9.698 gravity=9.718 motion=0.020 moving_avg=0.052 rms=0.092 mean_rms=0.091 max_rms=0.101 min_rms=0.059 std=0.011 var=0.000 state=standing thr=0.114/0.350/0.850
-22.19,11.00,236.69,0.4642,-0.2131,0.0123,0.8596,-3.76,-1.66,8.84,-0.50,0.44,-0.19,9.75,0,1.70,-0.0710,0.0438,86,0.851,0.000,0.00,0.00,66.582,0
-22.19,11.00,236.69,0.4643,-0.2133,0.0123,0.8596,-3.81,-1.68,8.83,-0.75,0.81,-0.88,9.76,0,1.70,-0.0710,0.0438,86,0.851,0.000,0.00,0.00,66.582,0
-22.19,11.00,236.69,0.4642,-0.2135,0.0122,0.8595,-3.75,-1.67,8.82,-0.94,1.06,-0.44,9.73,0,1.70,-0.0711,0.0438,86,0.851,0.000,0.00,0.00,66.582,0
-22.25,11.06,236.75,0.4645,-0.2139,0.0121,0.8593,-3.68,-1.59,8.81,-0.75,0.56,-1.25,9.68,0,1.70,-0.0713,0.0439,86,0.851,0.000,0.00,0.00,66.582,0
phase1 acc_mag=9.694 gravity=9.718 motion=0.024 moving_avg=0.032 rms=0.041 mean_rms=0.089 max_rms=0.101 min_rms=0.041 std=0.016 var=0.000 state=standing thr=0.120/0.350/0.850
-22.31,11.25,236.88,0.4654,-0.2150,0.0114,0.8585,-3.81,-1.71,8.79,-0.56,0.69,-0.62,9.73,0,1.70,-0.0717,0.0439,86,0.851,0.000,0.00,0.00,66.582,0
-22.31,11.19,236.81,0.4650,-0.2150,0.0115,0.8588,-3.70,-1.64,8.81,0.56,0.06,1.38,9.70,0,1.70,-0.0717,0.0439,86,0.851,0.000,0.00,0.00,66.582,0
-22.31,11.19,236.81,0.4647,-0.2153,0.0118,0.8588,-3.83,-1.68,8.81,0.06,0.75,0.00,9.75,0,1.70,-0.0718,0.0441,86,0.851,0.000,0.00,0.00,66.582,0
-22.38,11.19,236.81,0.4647,-0.2153,0.0118,0.8588,-3.76,-1.65,8.82,-0.31,0.19,0.00,9.73,0,1.70,-0.0718,0.0441,86,0.851,0.000,0.00,0.00,66.582,0
phase1 acc_mag=9.532 gravity=9.718 motion=0.186 moving_avg=0.032 rms=0.043 mean_rms=0.075 max_rms=0.097 min_rms=0.039 std=0.024 var=0.001 state=standing thr=0.124/0.350/0.850
-22.44,11.19,236.81,0.4647,-0.2158,0.0119,0.8587,-3.65,-1.52,8.75,1.25,-0.38,1.69,9.60,0,1.70,-0.0719,0.0442,86,0.851,0.000,0.00,0.00,66.582,0
-22.44,11.19,236.81,0.4644,-0.2159,0.0119,0.8588,-3.80,-1.66,8.84,0.31,0.19,0.75,9.76,0,1.70,-0.0720,0.0442,86,0.851,0.000,0.00,0.00,66.582,0
-22.44,11.19,236.75,0.4644,-0.2160,0.0120,0.8588,-3.75,-1.65,8.80,0.12,0.31,0.44,9.71,0,1.70,-0.0720,0.0443,86,0.851,0.000,0.00,0.00,66.582,0
phase1 acc_mag=9.966 gravity=9.718 motion=0.248 moving_avg=0.044 rms=0.076 mean_rms=0.067 max_rms=0.093 min_rms=0.039 std=0.024 var=0.001 state=standing thr=0.114/0.350/0.850
-22.50,11.31,236.88,0.4655,-0.2171,0.0114,0.8580,-4.05,-1.97,8.89,-5.06,1.38,-8.94,9.97,0,1.70,-0.0724,0.0443,86,0.851,0.000,0.00,0.00,66.582,0
-22.50,11.31,236.88,0.4652,-0.2167,0.0117,0.8582,-3.88,-1.71,8.81,0.31,0.25,0.00,9.78,0,1.70,-0.0722,0.0443,86,0.851,0.000,0.00,0.00,66.582,0
-22.44,11.31,236.94,0.4656,-0.2166,0.0116,0.8580,-3.82,-1.74,8.81,-1.19,0.25,-2.31,9.76,0,1.70,-0.0722,0.0443,86,0.851,0.000,0.00,0.00,66.582,0
-22.44,11.38,237.00,0.4659,-0.2167,0.0114,0.8578,-3.83,-1.70,8.82,-0.44,-0.50,-0.12,9.76,0,1.70,-0.0722,0.0443,86,0.851,0.000,0.00,0.00,66.582,0
phase1 acc_mag=9.708 gravity=9.714 motion=0.006 moving_avg=0.045 rms=0.076 mean_rms=0.063 max_rms=0.092 min_rms=0.039 std=0.021 var=0.000 state=standing thr=0.105/0.350/0.850
-22.44,11.31,237.00,0.4659,-0.2166,0.0115,0.8578,-3.76,-1.69,8.78,-0.38,0.19,0.06,9.70,0,1.70,-0.0722,0.0443,86,0.851,0.000,0.00,0.00,66.582,0
-22.44,11.31,237.00,0.4658,-0.2167,0.0117,0.8578,-3.78,-1.71,8.77,0.44,-0.44,0.12,9.70,0,1.70,-0.0722,0.0444,86,0.851,0.000,0.00,0.00,66.582,0
-22.44,11.25,236.94,0.4658,-0.2162,0.0120,0.8580,-3.78,-1.69,8.80,0.12,-0.06,-0.12,9.73,0,1.70,-0.0720,0.0444,86,0.851,0.000,0.00,0.00,66.582,0
-22.44,11.25,237.00,0.4660,-0.2162,0.0118,0.8579,-3.70,-1.59,8.78,0.19,-0.75,0.25,9.66,0,1.70,-0.0720,0.0444,86,0.851,0.000,0.00,0.00,66.582,0
phase1 acc_mag=9.685 gravity=9.715 motion=0.031 moving_avg=0.042 rms=0.074 mean_rms=0.060 max_rms=0.092 min_rms=0.039 std=0.017 var=0.000 state=standing thr=0.094/0.350/0.850
-22.44,11.25,237.00,0.4659,-0.2162,0.0120,0.8579,-3.74,-1.65,8.80,0.38,0.00,0.69,9.70,0,1.70,-0.0720,0.0444,86,0.851,0.000,0.00,0.00,66.582,0
-22.44,11.25,236.94,0.4658,-0.2163,0.0121,0.8580,-3.78,-1.69,8.81,-0.69,0.81,-0.06,9.73,0,1.70,-0.0720,0.0445,86,0.851,0.000,0.00,0.00,66.582,0
-22.50,11.25,236.94,0.4657,-0.2167,0.0121,0.8579,-3.79,-1.65,8.81,-0.56,0.12,-0.25,9.73,0,1.70,-0.0721,0.0445,86,0.851,0.000,0.00,0.00,66.582,0
-22.50,11.25,236.94,0.4657,-0.2168,0.0121,0.8579,-3.83,-1.71,8.79,-0.44,0.38,-0.69,9.74,0,1.70,-0.0721,0.0446,86,0.851,0.000,0.00,0.00,66.582,0
phase1 acc_mag=9.767 gravity=9.715 motion=0.051 moving_avg=0.042 rms=0.074 mean_rms=0.064 max_rms=0.076 min_rms=0.039 std=0.015 var=0.000 state=standing thr=0.095/0.350/0.850
-22.50,11.31,237.00,0.4661,-0.2166,0.0121,0.8577,-3.75,-1.72,8.81,-1.00,0.12,-2.38,9.73,0,1.70,-0.0721,0.0445,86,0.851,0.000,0.00,0.00,66.582,0
-22.50,11.31,237.06,0.4666,-0.2169,0.0117,0.8574,-3.85,-1.70,8.77,-0.75,0.56,-0.94,9.73,0,1.70,-0.0722,0.0445,86,0.851,0.000,0.00,0.00,66.582,0
-22.50,11.38,237.06,0.4665,-0.2170,0.0118,0.8574,-3.87,-1.76,8.82,-0.38,0.00,0.06,9.79,0,1.70,-0.0722,0.0445,86,0.851,0.000,0.00,0.00,66.582,0
-22.50,11.31,237.06,0.4663,-0.2169,0.0120,0.8575,-3.73,-1.59,8.80,0.88,-0.81,0.94,9.69,0,1.70,-0.0722,0.0446,86,0.851,0.000,0.00,0.00,66.582,0
phase1 acc_mag=9.648 gravity=9.718 motion=0.071 moving_avg=0.039 rms=0.069 mean_rms=0.071 max_rms=0.076 min_rms=0.050 std=0.009 var=0.000 state=standing thr=0.090/0.350/0.850
-22.56,11.38,237.06,0.4664,-0.2173,0.0118,0.8574,-3.84,-1.68,8.77,-1.19,0.62,-0.69,9.72,0,1.70,-0.0723,0.0446,86,0.851,0.000,0.00,0.00,66.582,0
-22.56,11.44,237.06,0.4664,-0.2177,0.0115,0.8573,-3.85,-1.62,8.77,0.56,-0.56,0.31,9.71,0,1.70,-0.0725,0.0446,86,0.851,0.000,0.00,0.00,66.582,0
-22.56,11.44,237.06,0.4664,-0.2178,0.0115,0.8572,-3.82,-1.66,8.75,-0.62,0.62,-0.31,9.69,0,1.70,-0.0726,0.0446,86,0.851,0.000,0.00,0.00,66.582,0
-22.56,11.44,237.06,0.4663,-0.2179,0.0114,0.8573,-3.75,-1.63,8.77,0.00,-0.38,0.75,9.68,0,1.70,-0.0726,0.0445,86,0.851,0.000,0.00,0.00,66.582,0
phase1 acc_mag=9.765 gravity=9.723 motion=0.042 moving_avg=0.030 rms=0.036 mean_rms=0.071 max_rms=0.076 min_rms=0.036 std=0.010 var=0.000 state=standing thr=0.091/0.350/0.850
-22.56,11.50,237.06,0.4662,-0.2183,0.0112,0.8572,-3.79,-1.71,8.78,-1.00,1.12,-0.44,9.71,0,1.70,-0.0728,0.0445,86,0.851,0.000,0.00,0.00,66.582,0
-22.62,11.50,237.06,0.4664,-0.2185,0.0110,0.8571,-3.77,-1.66,8.75,0.38,-0.44,0.25,9.67,0,1.70,-0.0729,0.0445,86,0.851,0.000,0.00,0.00,66.582,0
-22.62,11.44,237.00,0.4661,-0.2182,0.0114,0.8573,-3.85,-1.72,8.79,1.31,-1.25,1.31,9.75,0,1.70,-0.0727,0.0446,86,0.851,0.000,0.00,0.00,66.582,0
-22.56,11.38,237.00,0.4659,-0.2178,0.0116,0.8575,-3.74,-1.66,8.78,-0.12,-0.56,-1.12,9.69,0,1.70,-0.0726,0.0446,86,0.851,0.000,0.00,0.00,66.582,0
phase1 acc_mag=9.710 gravity=9.725 motion=0.015 moving_avg=0.029 rms=0.035 mean_rms=0.062 max_rms=0.075 min_rms=0.034 std=0.017 var=0.000 state=standing thr=0.097/0.350/0.850
-22.56,11.50,237.06,0.4662,-0.2182,0.0113,0.8573,-3.85,-1.78,8.78,-0.62,0.62,0.12,9.75,0,1.70,-0.0727,0.0446,86,0.851,0.000,0.00,0.00,66.582,0
-22.62,11.38,236.94,0.4654,-0.2180,0.0117,0.8578,-3.79,-1.67,8.80,0.19,-0.19,1.31,9.73,0,1.70,-0.0726,0.0446,86,0.851,0.000,0.00,0.00,66.582,0
-22.62,11.38,236.88,0.4652,-0.2178,0.0119,0.8579,-3.78,-1.64,8.73,0.94,-0.69,0.12,9.65,0,1.70,-0.0725,0.0446,86,0.851,0.000,0.00,0.00,66.582,0
-22.56,11.31,236.94,0.4653,-0.2172,0.0121,0.8580,-3.69,-1.63,8.81,0.19,-0.25,-0.38,9.69,0,1.70,-0.0723,0.0446,86,0.851,0.000,0.00,0.00,66.582,0
phase1 acc_mag=9.721 gravity=9.727 motion=0.005 moving_avg=0.030 rms=0.037 mean_rms=0.054 max_rms=0.075 min_rms=0.034 std=0.019 var=0.000 state=standing thr=0.091/0.350/0.850
-22.56,11.38,236.94,0.4655,-0.2178,0.0117,0.8578,-3.83,-1.72,8.80,-0.62,0.19,0.31,9.75,0,1.70,-0.0725,0.0446,86,0.851,0.000,0.00,0.00,66.582,0
-22.56,11.38,236.94,0.4655,-0.2178,0.0117,0.8578,-3.73,-1.69,8.79,0.12,-0.12,0.56,9.70,0,1.70,-0.0726,0.0446,86,0.851,0.000,0.00,0.00,66.582,0
-22.56,11.38,236.94,0.4654,-0.2178,0.0117,0.8578,-3.90,-1.80,8.80,-0.25,0.12,0.00,9.79,0,1.70,-0.0726,0.0446,86,0.851,0.000,0.00,0.00,66.582,0
phase1 acc_mag=9.684 gravity=9.730 motion=0.047 moving_avg=0.033 rms=0.040 mean_rms=0.046 max_rms=0.075 min_rms=0.034 std=0.016 var=0.000 state=standing thr=0.080/0.350/0.850
-22.56,11.38,236.94,0.4654,-0.2176,0.0117,0.8578,-3.78,-1.71,8.75,0.81,-0.56,1.19,9.68,0,1.70,-0.0725,0.0445,86,0.851,0.000,0.00,0.00,66.582,0
-22.62,11.44,236.94,0.4655,-0.2183,0.0114,0.8577,-3.78,-1.72,8.81,-0.19,0.19,0.44,9.74,0,1.70,-0.0728,0.0446,86,0.851,0.000,0.00,0.00,66.582,0
-22.62,11.44,236.94,0.4654,-0.2185,0.0114,0.8576,-3.82,-1.69,8.79,-0.75,0.69,-0.38,9.73,0,1.70,-0.0728,0.0446,86,0.851,0.000,0.00,0.00,66.582,0
-22.62,11.56,237.06,0.4662,-0.2189,0.0105,0.8571,-3.78,-1.71,8.76,-1.88,0.56,-2.44,9.69,0,1.70,-0.0731,0.0444,86,0.851,0.000,0.00,0.00,66.582,0
phase1 acc_mag=9.779 gravity=9.730 motion=0.049 moving_avg=0.030 rms=0.037 mean_rms=0.039 max_rms=0.068 min_rms=0.034 std=0.009 var=0.000 state=standing thr=0.080/0.350/0.850
-22.62,11.75,237.12,0.4666,-0.2195,0.0097,0.8568,-3.84,-1.72,8.76,-0.88,0.12,0.19,9.72,0,1.70,-0.0734,0.0443,86,0.851,0.000,0.00,0.00,66.582,0
-22.62,11.75,237.06,0.4663,-0.2197,0.0094,0.8569,-3.74,-1.71,8.79,-1.31,0.44,0.62,9.70,0,1.70,-0.0736,0.0442,86,0.851,0.000,0.00,0.00,66.582,0
-22.69,12.00,237.12,0.4665,-0.2211,0.0084,0.8564,-3.97,-1.87,8.77,-3.38,1.38,-2.62,9.81,0,1.70,-0.0742,0.0441,86,0.851,0.000,0.00,0.00,66.582,0
phase1 acc_mag=9.738 gravity=9.731 motion=0.007 moving_avg=0.033 rms=0.041 mean_rms=0.037 max_rms=0.041 min_rms=0.034 std=0.004 var=0.000 state=standing thr=0.080/0.350/0.850
-22.69,12.06,237.12,0.4667,-0.2211,0.0081,0.8563,-3.85,-1.81,8.76,1.19,-1.06,0.06,9.74,0,1.70,-0.0742,0.0440,86,0.851,0.000,0.00,0.00,66.582,0
-22.62,11.94,237.19,0.4669,-0.2202,0.0088,0.8564,-3.80,-1.71,8.78,1.62,-0.75,1.12,9.72,0,1.70,-0.0738,0.0441,86,0.851,0.000,0.00,0.00,66.582,0
-22.62,11.88,237.12,0.4667,-0.2203,0.0089,0.8564,-3.84,-1.75,8.78,-0.62,0.62,0.12,9.74,0,1.70,-0.0738,0.0442,86,0.851,0.000,0.00,0.00,66.582,0
-22.69,11.94,237.12,0.4666,-0.2205,0.0087,0.8565,-3.91,-1.83,8.80,-0.81,0.38,-0.12,9.80,0,1.70,-0.0739,0.0441,86,0.851,0.000,0.00,0.00,66.582,0
phase1 acc_mag=9.717 gravity=9.730 motion=0.013 moving_avg=0.033 rms=0.042 mean_rms=0.038 max_rms=0.042 min_rms=0.035 std=0.004 var=0.000 state=standing thr=0.080/0.350/0.850
-22.69,11.88,237.12,0.4666,-0.2205,0.0087,0.8565,-3.88,-1.83,8.77,0.06,-0.38,0.12,9.76,0,1.70,-0.0739,0.0441,86,0.851,0.000,0.00,0.00,66.582,0
-22.62,11.88,237.12,0.4664,-0.2203,0.0088,0.8566,-3.90,-1.82,8.77,-0.44,0.25,-0.25,9.77,0,1.70,-0.0739,0.0441,86,0.851,0.000,0.00,0.00,66.582,0
-22.69,11.88,237.06,0.4662,-0.2203,0.0089,0.8568,-4.00,-1.86,8.79,0.06,0.12,-0.25,9.83,0,1.70,-0.0739,0.0441,86,0.851,0.000,0.00,0.00,66.582,0
-22.62,11.81,237.12,0.4664,-0.2198,0.0089,0.8568,-3.64,-1.68,8.76,0.00,-0.94,-0.62,9.63,0,1.70,-0.0737,0.0440,86,0.851,0.000,0.00,0.00,66.582,0
phase1 acc_mag=9.769 gravity=9.730 motion=0.039 moving_avg=0.034 rms=0.044 mean_rms=0.039 max_rms=0.044 min_rms=0.036 std=0.004 var=0.000 state=standing thr=0.080/0.350/0.850
-22.62,11.94,237.12,0.4667,-0.2202,0.0085,0.8565,-3.79,-1.64,8.69,0.38,-0.06,1.12,9.62,0,1.70,-0.0739,0.0440,86,0.851,0.000,0.00,0.00,66.582,0
-22.62,11.94,237.12,0.4664,-0.2202,0.0085,0.8567,-3.85,-1.81,8.77,-0.19,-0.06,0.50,9.75,0,1.70,-0.0739,0.0440,86,0.851,0.000,0.00,0.00,66.582,0
-22.62,11.94,237.06,0.4662,-0.2205,0.0085,0.8567,-3.84,-1.76,8.77,-0.38,0.44,0.31,9.73,0,1.70,-0.0740,0.0440,86,0.851,0.000,0.00,0.00,66.582,0
-22.69,11.94,237.06,0.4662,-0.2205,0.0085,0.8568,-3.80,-1.74,8.75,-0.38,-0.06,-0.06,9.70,0,1.70,-0.0740,0.0440,86,0.851,0.000,0.00,0.00,66.582,0
phase1 acc_mag=9.755 gravity=9.730 motion=0.024 moving_avg=0.033 rms=0.044 mean_rms=0.041 max_rms=0.047 min_rms=0.036 std=0.005 var=0.000 state=standing thr=0.080/0.350/0.850
-22.69,11.94,237.06,0.4662,-0.2205,0.0084,0.8567,-3.83,-1.73,8.77,0.00,0.06,0.25,9.72,0,1.70,-0.0740,0.0440,86,0.851,0.000,0.00,0.00,66.582,0
-22.69,11.94,237.06,0.4661,-0.2206,0.0085,0.8568,-3.89,-1.84,8.79,-0.31,0.81,0.19,9.79,0,1.70,-0.0740,0.0440,86,0.851,0.000,0.00,0.00,66.582,0
-22.69,11.88,237.06,0.4659,-0.2206,0.0086,0.8569,-3.85,-1.78,8.80,0.69,-0.25,1.19,9.77,0,1.70,-0.0740,0.0441,86,0.851,0.000,0.00,0.00,66.582,0
-22.69,11.88,237.00,0.4657,-0.2205,0.0087,0.8570,-3.86,-1.71,8.78,-0.06,0.06,0.06,9.74,0,1.70,-0.0740,0.0440,86,0.851,0.000,0.00,0.00,66.582,0
phase1 acc_mag=9.707 gravity=9.735 motion=0.028 moving_avg=0.033 rms=0.044 mean_rms=0.042 max_rms=0.047 min_rms=0.037 std=0.004 var=0.000 state=standing thr=0.080/0.350/0.850
-22.69,11.88,237.00,0.4656,-0.2205,0.0087,0.8570,-3.85,-1.69,8.76,-0.31,0.00,-0.12,9.72,0,1.70,-0.0740,0.0440,86,0.851,0.000,0.00,0.00,66.582,0
-22.69,11.94,237.00,0.4655,-0.2213,0.0083,0.8569,-3.81,-1.72,8.76,-1.00,0.94,0.56,9.71,0,1.70,-0.0743,0.0440,86,0.851,0.000,0.00,0.00,66.582,0
-22.75,11.94,237.00,0.4655,-0.2209,0.0084,0.8569,-3.87,-1.74,8.78,1.19,-1.50,-0.19,9.75,0,1.70,-0.0742,0.0440,86,0.851,0.000,0.00,0.00,66.582,0
phase1 acc_mag=9.738 gravity=9.735 motion=0.003 moving_avg=0.031 rms=0.041 mean_rms=0.043 max_rms=0.047 min_rms=0.040 std=0.004 var=0.000 state=standing thr=0.080/0.350/0.850
-22.62,11.94,237.00,0.4659,-0.2204,0.0083,0.8569,-3.78,-1.76,8.80,-0.75,-0.50,-0.75,9.74,0,1.70,-0.0740,0.0439,86,0.851,0.000,0.00,0.00,66.582,0
-22.62,12.00,237.06,0.4659,-0.2207,0.0078,0.8568,-3.88,-1.82,8.76,-0.25,0.31,0.44,9.75,0,1.70,-0.0742,0.0438,86,0.851,0.000,0.00,0.00,66.582,0
-22.69,12.00,237.00,0.4656,-0.2209,0.0079,0.8569,-3.78,-1.69,8.74,-0.56,0.62,0.44,9.67,0,1.70,-0.0742,0.0438,86,0.851,0.000,0.00,0.00,66.582,0
-22.69,12.00,237.00,0.4658,-0.2209,0.0078,0.8569,-3.89,-1.80,8.79,-0.69,0.25,-1.00,9.78,0,1.70,-0.0743,0.0438,86,0.851,0.000,0.00,0.00,66.582,0
phase1 acc_mag=9.765 gravity=9.737 motion=0.028 moving_avg=0.030 rms=0.039 mean_rms=0.043 max_rms=0.047 min_rms=0.039 std=0.004 var=0.000 state=standing thr=0.080/0.350/0.850
-22.69,12.06,237.06,0.4661,-0.2209,0.0076,0.8567,-3.86,-1.78,8.79,-0.44,-0.19,-0.81,9.76,0,1.70,-0.0743,0.0438,86,0.851,0.000,0.00,0.00,66.582,0
-22.62,12.06,237.06,0.4661,-0.2209,0.0076,0.8566,-3.82,-1.74,8.74,0.25,0.06,0.12,9.70,0,1.70,-0.0743,0.0438,86,0.851,0.000,0.00,0.00,66.582,0
-22.69,12.06,237.06,0.4661,-0.2213,0.0076,0.8566,-3.84,-1.75,8.76,-0.38,0.56,0.31,9.72,0,1.70,-0.0744,0.0438,86,0.851,0.000,0.00,0.00,66.582,0
-22.69,12.12,237.06,0.4660,-0.2215,0.0074,0.8566,-3.87,-1.82,8.73,-0.31,0.12,-0.19,9.72,0,1.70,-0.0745,0.0438,86,0.851,0.000,0.00,0.00,66.582,0
phase1 acc_mag=9.724 gravity=9.738 motion=0.014 moving_avg=0.025 rms=0.032 mean_rms=0.042 max_rms=0.047 min_rms=0.032 std=0.005 var=0.000 state=standing thr=0.080/0.350/0.850
-22.69,12.12,237.06,0.4660,-0.2215,0.0074,0.8566,-3.83,-1.83,8.79,-0.50,0.19,-0.06,9.76,0,1.70,-0.0745,0.0438,86,0.851,0.000,0.00,0.00,66.582,0
-22.75,12.12,237.06,0.4659,-0.2219,0.0076,0.8565,-3.90,-1.79,8.80,1.31,-0.12,1.62,9.79,0,1.70,-0.0746,0.0440,86,0.851,0.000,0.00,0.00,66.582,0
-22.69,11.50,236.50,0.4621,-0.2193,0.0106,0.8593,-2.18,0.26,8.07,19.06,-8.62,34.06,8.36,0,1.70,-0.0734,0.0442,86,0.851,0.000,0.00,0.00,66.582,0
-22.81,10.94,235.94,0.4578,-0.2183,0.0141,0.8618,-3.69,-1.58,8.66,-1.62,3.06,-0.69,9.55,0,1.70,-0.0727,0.0448,86,0.851,0.000,0.00,0.00,66.582,0
phase1 acc_mag=9.879 gravity=9.735 motion=0.145 moving_avg=0.069 rms=0.187 mean_rms=0.053 max_rms=0.187 min_rms=0.032 std=0.040 var=0.002 state=slow thr=0.133/0.350/0.850
-23.12,11.06,235.94,0.4577,-0.2206,0.0145,0.8612,-4.12,-1.82,8.83,-0.31,0.50,-2.06,9.91,0,1.70,-0.0733,0.0454,86,0.851,0.000,0.00,0.00,66.582,0
-23.12,11.19,236.12,0.4590,-0.2213,0.0136,0.8604,-3.97,-1.68,8.79,-1.62,-0.38,-3.12,9.79,0,1.70,-0.0737,0.0453,86,0.851,0.000,0.00,0.00,66.582,0
-23.12,11.31,236.19,0.4594,-0.2217,0.0135,0.8600,-3.90,-1.62,8.77,-0.50,0.69,-0.81,9.73,0,1.70,-0.0738,0.0454,86,0.851,0.000,0.00,0.00,66.582,0
-23.12,11.31,236.25,0.4600,-0.2216,0.0133,0.8597,-3.96,-1.62,8.78,0.19,0.06,-0.81,9.77,0,1.70,-0.0737,0.0453,86,0.851,0.000,0.00,0.00,66.582,0
phase1 acc_mag=9.728 gravity=9.741 motion=0.013 moving_avg=0.078 rms=0.193 mean_rms=0.084 max_rms=0.193 min_rms=0.032 std=0.069 var=0.005 state=standing thr=0.222/0.422/0.922
-23.12,11.31,236.31,0.4604,-0.2213,0.0133,0.8596,-3.94,-1.64,8.77,0.25,-0.12,-0.25,9.75,0,1.70,-0.0736,0.0453,86,0.851,0.000,0.00,0.00,66.582,0
-23.12,11.31,236.31,0.4606,-0.2214,0.0134,0.8595,-3.81,-1.60,8.78,0.12,-0.38,0.56,9.70,0,1.70,-0.0736,0.0454,86,0.851,0.000,0.00,0.00,66.582,0
-23.12,11.31,236.38,0.4606,-0.2216,0.0136,0.8594,-3.89,-1.66,8.75,0.19,-0.19,0.50,9.72,0,1.70,-0.0737,0.0455,86,0.851,0.000,0.00,0.00,66.582,0
phase1 acc_mag=9.734 gravity=9.741 motion=0.007 moving_avg=0.077 rms=0.193 mean_rms=0.118 max_rms=0.194 min_rms=0.032 std=0.077 var=0.006 state=standing thr=0.271/0.471/0.971
-23.12,11.31,236.38,0.4606,-0.2214,0.0137,0.8594,-3.91,-1.65,8.76,-0.19,-0.25,-0.62,9.73,0,1.70,-0.0736,0.0455,86,0.851,0.000,0.00,0.00,66.582,0
-23.12,11.25,236.38,0.4606,-0.2214,0.0139,0.8594,-3.88,-1.61,8.75,-0.25,-0.12,-0.12,9.71,0,1.70,-0.0736,0.0456,86,0.851,0.000,0.00,0.00,66.582,0
-23.12,11.25,236.31,0.4604,-0.2216,0.0139,0.8594,-3.99,-1.70,8.80,-0.12,0.75,-0.12,9.81,0,1.70,-0.0736,0.0456,86,0.851,0.000,0.00,0.00,66.582,0
-23.12,11.31,236.38,0.4609,-0.2218,0.0136,0.8592,-3.81,-1.58,8.72,-0.81,-0.50,-1.75,9.65,0,1.70,-0.0737,0.0456,86,0.851,0.000,0.00,0.00,66.582,0
phase1 acc_mag=9.790 gravity=9.738 motion=0.052 moving_avg=0.082 rms=0.194 mean_rms=0.147 max_rms=0.194 min_rms=0.032 std=0.070 var=0.005 state=standing thr=0.288/0.488/0.988
-23.12,11.38,236.44,0.4611,-0.2218,0.0134,0.8591,-3.86,-1.72,8.73,-0.75,0.50,-0.06,9.70,0,1.70,-0.0737,0.0455,86,0.851,0.000,0.00,0.00,66.582,0
-23.19,11.31,236.38,0.4606,-0.2218,0.0137,0.8593,-3.87,-1.64,8.78,-0.38,0.12,0.44,9.73,0,1.70,-0.0737,0.0456,86,0.851,0.000,0.00,0.00,66.582,0
-23.19,11.31,236.31,0.4604,-0.2219,0.0139,0.8594,-3.84,-1.62,8.74,-0.62,1.06,0.19,9.68,0,1.70,-0.0737,0.0456,86,0.851,0.000,0.00,0.00,66.582,0
-23.25,11.25,236.31,0.4602,-0.2223,0.0142,0.8594,-3.94,-1.71,8.72,1.38,-0.44,1.94,9.72,0,1.70,-0.0738,0.0458,86,0.851,0.000,0.00,0.00,66.582,0
phase1 acc_mag=9.761 gravity=9.735 motion=0.025 moving_avg=0.083 rms=0.194 mean_rms=0.182 max_rms=0.195 min_rms=0.035 std=0.039 var=0.002 state=standing thr=0.260/0.460/0.960
-23.25,11.25,236.31,0.4601,-0.2223,0.0142,0.8594,-4.05,-1.79,8.74,-1.25,-0.69,-0.50,9.80,0,1.70,-0.0738,0.0458,86,0.851,0.000,0.00,0.00,66.582,0
-23.12,11.19,236.19,0.4596,-0.2209,0.0143,0.8601,-3.99,-1.64,8.80,0.75,-0.44,0.19,9.80,0,1.70,-0.0734,0.0455,86,0.851,0.000,0.00,0.00,66.582,0
-23.00,11.12,236.19,0.4594,-0.2198,0.0139,0.8605,-3.82,-1.66,8.80,-0.38,-1.62,0.38,9.74,0,1.70,-0.0731,0.0452,86,0.851,0.000,0.00,0.00,66.582,0
-23.06,11.19,236.12,0.4592,-0.2205,0.0135,0.8604,-3.90,-1.77,8.76,-1.19,1.31,-0.19,9.75,0,1.70,-0.0734,0.0452,86,0.851,0.000,0.00,0.00,66.582,0
phase1 acc_mag=9.759 gravity=9.729 motion=0.030 moving_avg=0.036 rms=0.045 mean_rms=0.175 max_rms=0.195 min_rms=0.045 std=0.045 var=0.002 state=standing thr=0.266/0.466/0.966
-23.06,11.19,236.12,0.4590,-0.2207,0.0136,0.8605,-3.73,-1.54,8.74,0.44,-0.62,1.06,9.63,0,1.70,-0.0735,0.0452,86,0.851,0.000,0.00,0.00,66.582,0
-23.12,11.25,236.12,0.4590,-0.2214,0.0133,0.8603,-3.99,-1.67,8.74,-0.38,0.94,-0.62,9.75,0,1.70,-0.0737,0.0452,86,0.851,0.000,0.00,0.00,66.582,0
-23.06,11.31,236.25,0.4597,-0.2211,0.0130,0.8600,-3.79,-1.67,8.72,-0.12,-0.94,-0.75,9.65,0,1.70,-0.0737,0.0451,86,0.851,0.000,0.00,0.00,66.582,0
phase1 acc_mag=9.742 gravity=9.727 motion=0.015 moving_avg=0.036 rms=0.044 mean_rms=0.144 max_rms=0.195 min_rms=0.044 std=0.068 var=0.005 state=standing thr=0.279/0.479/0.979
-23.06,11.38,236.25,0.4601,-0.2213,0.0129,0.8597,-3.95,-1.71,8.74,-0.75,0.50,-0.62,9.74,0,1.70,-0.0737,0.0452,86,0.851,0.000,0.00,0.00,66.582,0
-23.06,11.31,236.25,0.4598,-0.2214,0.0129,0.8599,-3.92,-1.70,8.77,-0.12,1.00,-0.12,9.76,0,1.70,-0.0738,0.0452,86,0.851,0.000,0.00,0.00,66.582,0
-23.12,11.38,236.25,0.4599,-0.2215,0.0129,0.8598,-3.90,-1.68,8.77,-0.38,0.00,-0.81,9.74,0,1.70,-0.0738,0.0452,86,0.851,0.000,0.00,0.00,66.582,0
-23.12,11.38,236.31,0.4601,-0.2217,0.0128,0.8596,-4.04,-1.73,8.79,-0.69,0.81,-0.88,9.83,0,1.70,-0.0739,0.0452,86,0.851,0.000,0.00,0.00,66.582,0
phase1 acc_mag=9.736 gravity=9.727 motion=0.009 moving_avg=0.035 rms=0.044 mean_rms=0.114 max_rms=0.195 min_rms=0.044 std=0.072 var=0.005 state=standing thr=0.258/0.458/0.958
-23.06,11.38,236.31,0.4602,-0.2215,0.0128,0.8597,-3.89,-1.63,8.77,0.00,0.12,-0.38,9.73,0,1.70,-0.0738,0.0452,86,0.851,0.000,0.00,0.00,66.582,0
-23.12,11.38,236.31,0.4602,-0.2217,0.0126,0.8596,-4.00,-1.70,8.78,-0.31,0.06,-0.44,9.80,0,1.70,-0.0739,0.0452,86,0.851,0.000,0.00,0.00,66.582,0
-23.12,12.00,236.56,0.4620,-0.2242,0.0093,0.8580,-3.15,-1.95,8.77,-12.94,3.94,-12.44,9.52,0,1.70,-0.0752,0.0446,86,0.851,0.000,0.00,0.00,66.582,0
-23.56,12.56,236.81,0.4634,-0.2296,0.0078,0.8559,-4.07,-1.93,8.71,0.19,2.88,-0.62,9.81,0,1.70,-0.0772,0.0452,86,0.851,0.000,0.00,0.00,66.582,0
phase1 acc_mag=9.914 gravity=9.741 motion=0.173 moving_avg=0.055 rms=0.103 mean_rms=0.086 max_rms=0.195 min_rms=0.043 std=0.061 var=0.004 state=standing thr=0.209/0.409/0.909
-23.69,12.31,236.69,0.4620,-0.2294,0.0098,0.8566,-3.96,-1.84,8.77,4.06,-0.19,3.81,9.80,0,1.70,-0.0768,0.0458,86,0.851,0.000,0.00,0.00,66.582,0
-23.69,12.06,236.56,0.4614,-0.2288,0.0113,0.8571,-3.96,-1.78,8.66,0.94,-0.19,-0.06,9.69,0,1.70,-0.0764,0.0461,86,0.851,0.000,0.00,0.00,66.582,0
-23.69,12.06,236.56,0.4616,-0.2288,0.0113,0.8570,-3.85,-1.75,8.67,1.06,-0.81,0.56,9.65,0,1.70,-0.0763,0.0461,86,0.851,0.000,0.00,0.00,66.582,0
-23.88,12.06,236.56,0.4611,-0.2302,0.0120,0.8569,-4.18,-1.84,8.70,-2.50,2.44,-0.31,9.83,0,1.70,-0.0767,0.0466,86,0.851,0.000,0.00,0.00,66.582,0
phase1 acc_mag=9.818 gravity=9.746 motion=0.072 moving_avg=0.061 rms=0.105 mean_rms=0.067 max_rms=0.194 min_rms=0.043 std=0.032 var=0.001 state=standing thr=0.130/0.350/0.850
-23.94,12.12,236.56,0.4610,-0.2305,0.0117,0.8568,-4.14,-1.87,8.72,0.25,-0.25,0.38,9.83,0,1.70,-0.0768,0.0465,86,0.851,0.000,0.00,0.00,66.582,0
-23.88,12.00,236.50,0.4609,-0.2299,0.0123,0.8571,-3.97,-1.70,8.67,1.62,-0.94,1.00,9.69,0,1.70,-0.0765,0.0466,86,0.851,0.000,0.00,0.00,66.582,0
-23.88,12.00,236.50,0.4610,-0.2297,0.0125,0.8571,-4.06,-1.71,8.68,-0.75,-1.00,-0.44,9.73,0,1.70,-0.0765,0.0466,86,0.851,0.000,0.00,0.00,66.582,0
phase1 acc_mag=9.754 gravity=9.750 motion=0.004 moving_avg=0.061 rms=0.106 mean_rms=0.073 max_rms=0.106 min_rms=0.043 std=0.030 var=0.001 state=standing thr=0.132/0.350/0.850
-23.88,12.06,236.56,0.4614,-0.2300,0.0116,0.8568,-4.03,-1.84,8.69,-1.75,0.56,-0.62,9.75,0,1.70,-0.0767,0.0464,86,0.851,0.000,0.00,0.00,66.582,0
-23.88,12.12,236.56,0.4612,-0.2302,0.0117,0.8568,-4.04,-1.83,8.67,-0.62,0.31,-0.25,9.74,0,1.70,-0.0768,0.0465,86,0.851,0.000,0.00,0.00,66.582,0
-23.88,12.06,236.56,0.4611,-0.2302,0.0120,0.8569,-3.97,-1.73,8.67,1.25,-0.56,1.44,9.69,0,1.70,-0.0767,0.0466,86,0.851,0.000,0.00,0.00,66.582,0
-23.94,12.06,236.56,0.4611,-0.2302,0.0123,0.8569,-4.05,-1.78,8.68,0.31,0.00,-0.62,9.74,0,1.70,-0.0766,0.0467,86,0.851,0.000,0.00,0.00,66.582,0
phase1 acc_mag=9.643 gravity=9.753 motion=0.110 moving_avg=0.063 rms=0.106 mean_rms=0.085 max_rms=0.106 min_rms=0.043 std=0.028 var=0.001 state=standing thr=0.141/0.350/0.850
-23.88,12.00,236.56,0.4612,-0.2297,0.0124,0.8569,-4.02,-1.83,8.70,-0.38,-0.06,-0.19,9.76,0,1.70,-0.0765,0.0466,86,0.851,0.000,0.00,0.00,66.582,0
-23.88,11.94,236.56,0.4614,-0.2294,0.0129,0.8569,-3.95,-1.75,8.71,0.12,-0.88,-1.06,9.72,0,1.70,-0.0763,0.0468,86,0.851,0.000,0.00,0.00,66.582,0
-23.88,12.06,236.62,0.4618,-0.2301,0.0123,0.8565,-4.12,-1.88,8.73,-1.94,1.62,-1.75,9.83,0,1.70,-0.0766,0.0467,86,0.851,0.000,0.00,0.00,66.582,0
-23.94,12.00,236.62,0.4617,-0.2302,0.0127,0.8565,-4.03,-1.83,8.67,0.75,-0.56,-0.06,9.73,0,1.70,-0.0765,0.0469,86,0.851,0.000,0.00,0.00,66.582,0
phase1 acc_mag=9.788 gravity=9.756 motion=0.031 moving_avg=0.063 rms=0.106 mean_rms=0.098 max_rms=0.107 min_rms=0.043 std=0.019 var=0.000 state=standing thr=0.136/0.350/0.850
-23.94,11.94,236.62,0.4618,-0.2300,0.0131,0.8566,-4.01,-1.80,8.69,1.50,-0.38,0.31,9.74,0,1.70,-0.0764,0.0470,86,0.851,0.000,0.00,0.00,66.582,0
-23.88,11.81,236.62,0.4620,-0.2289,0.0138,0.8567,-4.02,-1.69,8.69,1.06,-1.31,0.06,9.72,0,1.70,-0.0759,0.0470,86,0.851,0.000,0.00,0.00,66.582,0
-23.81,11.81,236.62,0.4618,-0.2287,0.0139,0.8569,-4.04,-1.76,8.71,-0.06,0.12,1.44,9.76,0,1.70,-0.0758,0.0470,86,0.851,0.000,0.00,0.00,66.582,0
-23.81,11.75,236.56,0.4614,-0.2284,0.0140,0.8572,-3.97,-1.78,8.67,0.12,-0.44,0.56,9.70,0,1.70,-0.0757,0.0469,86,0.851,0.000,0.00,0.00,66.582,0
phase1 acc_mag=9.715 gravity=9.744 motion=0.028 moving_avg=0.040 rms=0.051 mean_rms=0.101 max_rms=0.107 min_rms=0.051 std=0.013 var=0.000 state=standing thr=0.128/0.350/0.850
-23.81,11.75,236.50,0.4610,-0.2284,0.0140,0.8574,-4.01,-1.71,8.69,0.12,-0.50,0.56,9.72,0,1.70,-0.0758,0.0469,86,0.851,0.000,0.00,0.00,66.582,0
-23.81,11.75,236.50,0.4610,-0.2284,0.0140,0.8574,-4.01,-1.74,8.73,-0.44,-0.50,-0.38,9.76,0,1.70,-0.0758,0.0469,86,0.851,0.000,0.00,0.00,66.582,0
-23.81,11.75,236.50,0.4609,-0.2282,0.0139,0.8575,-4.02,-1.76,8.77,0.56,-0.38,-0.06,9.81,0,1.70,-0.0757,0.0468,86,0.851,0.000,0.00,0.00,66.582,0
-23.81,11.69,236.44,0.4608,-0.2279,0.0141,0.8576,-3.91,-1.67,8.69,1.44,-1.12,1.62,9.67,0,1.70,-0.0756,0.0468,86,0.851,0.000,0.00,0.00,66.582,0
phase1 acc_mag=9.706 gravity=9.740 motion=0.034 moving_avg=0.033 rms=0.045 mean_rms=0.090 max_rms=0.107 min_rms=0.045 std=0.025 var=0.001 state=standing thr=0.140/0.350/0.850
-23.81,11.69,236.44,0.4608,-0.2277,0.0143,0.8577,-3.95,-1.65,8.71,0.75,-0.31,-0.31,9.71,0,1.70,-0.0755,0.0469,86,0.851,0.000,0.00,0.00,66.582,0
-23.75,11.69,236.50,0.4612,-0.2277,0.0140,0.8574,-3.92,-1.64,8.69,-1.06,0.00,-1.12,9.67,0,1.70,-0.0755,0.0468,86,0.851,0.000,0.00,0.00,66.582,0
-23.75,11.75,236.50,0.4612,-0.2279,0.0139,0.8574,-4.00,-1.74,8.70,-0.38,0.25,0.44,9.73,0,1.70,-0.0756,0.0468,86,0.851,0.000,0.00,0.00,66.582,0
-23.81,11.75,236.50,0.4610,-0.2282,0.0137,0.8574,-3.96,-1.71,8.71,-1.06,0.56,-0.06,9.72,0,1.70,-0.0757,0.0468,86,0.851,0.000,0.00,0.00,66.582,0
phase1 acc_mag=9.674 gravity=9.739 motion=0.066 moving_avg=0.032 rms=0.042 mean_rms=0.077 max_rms=0.107 min_rms=0.041 std=0.029 var=0.001 state=standing thr=0.136/0.350/0.850
-23.88,11.88,236.56,0.4612,-0.2291,0.0133,0.8571,-4.05,-1.71,8.73,0.75,0.19,0.69,9.77,0,1.70,-0.0761,0.0468,86,0.851,0.000,0.00,0.00,66.582,0
-23.81,11.94,236.56,0.4615,-0.2292,0.0126,0.8569,-3.83,-1.79,8.67,-2.81,1.38,-1.94,9.65,0,1.70,-0.0762,0.0466,86,0.851,0.000,0.00,0.00,66.582,0
-24.00,12.12,236.62,0.4617,-0.2316,0.0121,0.8562,-4.19,-1.79,8.71,-2.44,1.62,-1.62,9.83,0,1.70,-0.0771,0.0469,86,0.851,0.000,0.00,0.00,66.582,0
-24.00,12.12,236.62,0.4617,-0.2314,0.0122,0.8563,-4.02,-1.80,8.66,1.06,-0.88,0.38,9.72,0,1.70,-0.0770,0.0469,86,0.851,0.000,0.00,0.00,66.582,0
phase1 acc_mag=9.756 gravity=9.740 motion=0.016 moving_avg=0.038 rms=0.052 mean_rms=0.065 max_rms=0.107 min_rms=0.041 std=0.027 var=0.001 state=standing thr=0.118/0.350/0.850
-24.00,12.06,236.62,0.4615,-0.2308,0.0128,0.8564,-4.01,-1.73,8.70,1.56,-1.38,1.00,9.73,0,1.70,-0.0767,0.0470,86,0.851,0.000,0.00,0.00,66.582,0
-23.94,11.94,236.56,0.4614,-0.2300,0.0132,0.8568,-3.89,-1.68,8.70,1.75,0.06,1.69,9.68,0,1.70,-0.0764,0.0470,86,0.851,0.000,0.00,0.00,66.582,0
-23.94,11.88,236.56,0.4611,-0.2297,0.0134,0.8570,-4.09,-1.74,8.72,0.38,-0.81,0.56,9.79,0,1.70,-0.0763,0.0470,86,0.851,0.000,0.00,0.00,66.582,0
-23.88,11.81,236.50,0.4608,-0.2290,0.0135,0.8574,-3.98,-1.70,8.68,1.31,-0.69,1.25,9.70,0,1.70,-0.0760,0.0469,86,0.851,0.000,0.00,0.00,66.582,0
phase1 acc_mag=9.714 gravity=9.736 motion=0.022 moving_avg=0.042 rms=0.056 mean_rms=0.055 max_rms=0.106 min_rms=0.041 std=0.017 var=0.000 state=standing thr=0.088/0.350/0.850
-23.75,11.81,236.50,0.4609,-0.2283,0.0131,0.8575,-3.93,-1.76,8.69,-0.88,-1.62,-0.88,9.70,0,1.70,-0.0759,0.0466,86,0.851,0.000,0.00,0.00,66.582,0
-23.81,11.81,236.44,0.4606,-0.2283,0.0134,0.8576,-4.24,-1.72,8.72,1.12,0.19,1.19,9.85,0,1.70,-0.0759,0.0467,86,0.851,0.000,0.00,0.00,66.582,0
-23.75,11.62,236.38,0.4600,-0.2273,0.0141,0.8582,-3.97,-1.75,8.68,1.06,-0.31,0.12,9.70,0,1.70,-0.0754,0.0467,86,0.851,0.000,0.00,0.00,66.582,0
phase1 acc_mag=9.715 gravity=9.737 motion=0.022 moving_avg=0.044 rms=0.057 mean_rms=0.050 max_rms=0.058 min_rms=0.041 std=0.006 var=0.000 state=standing thr=0.080/0.350/0.850
-23.75,11.56,236.38,0.4600,-0.2271,0.0146,0.8583,-3.97,-1.66,8.71,0.44,-0.56,-0.12,9.71,0,1.70,-0.0753,0.0468,86,0.851,0.000,0.00,0.00,66.582,0
-23.69,11.44,236.31,0.4598,-0.2261,0.0153,0.8586,-4.08,-1.65,8.69,1.50,-1.69,2.00,9.74,0,1.70,-0.0748,0.0468,86,0.851,0.000,0.00,0.00,66.582,0
-23.56,11.19,236.00,0.4575,-0.2244,0.0153,0.8603,-3.69,-1.46,8.70,-2.88,-0.12,0.06,9.56,0,1.70,-0.0744,0.0463,86,0.851,0.000,0.00,0.00,66.582,0
-23.62,11.31,235.94,0.4573,-0.2251,0.0148,0.8602,-3.95,-1.60,8.71,0.19,0.31,0.44,9.70,0,1.70,-0.0748,0.0463,86,0.851,0.000,0.00,0.00,66.582,0
phase1 acc_mag=9.690 gravity=9.735 motion=0.045 moving_avg=0.050 rms=0.063 mean_rms=0.053 max_rms=0.063 min_rms=0.041 std=0.007 var=0.000 state=standing thr=0.080/0.350/0.850
-23.62,11.31,236.00,0.4579,-0.2253,0.0149,0.8598,-3.86,-1.51,8.69,-0.69,1.56,-1.94,9.63,0,1.70,-0.0748,0.0464,86,0.851,0.000,0.00,0.00,66.582,0
-23.62,11.44,236.12,0.4586,-0.2259,0.0146,0.8594,-4.01,-1.67,8.73,-0.50,0.19,-1.12,9.75,0,1.70,-0.0750,0.0465,86,0.851,0.000,0.00,0.00,66.582,0
-23.69,11.44,236.12,0.4586,-0.2261,0.0145,0.8593,-4.06,-1.74,8.80,-0.25,0.38,-0.44,9.85,0,1.70,-0.0750,0.0464,86,0.851,0.000,0.00,0.00,66.582,0
-23.69,11.38,236.19,0.4591,-0.2258,0.0150,0.8591,-3.93,-1.71,8.75,-0.88,0.38,-2.81,9.74,0,1.70,-0.0748,0.0466,86,0.851,0.000,0.00,0.00,66.582,0
phase1 acc_mag=9.775 gravity=9.734 motion=0.041 moving_avg=0.052 rms=0.066 mean_rms=0.058 max_rms=0.067 min_rms=0.043 std=0.006 var=0.000 state=standing thr=0.080/0.350/0.850
-23.62,11.38,236.25,0.4595,-0.2256,0.0152,0.8589,-4.00,-1.69,8.74,0.00,-1.44,0.12,9.76,0,1.70,-0.0747,0.0467,86,0.851,0.000,0.00,0.00,66.582,0
-23.62,11.38,236.25,0.4595,-0.2252,0.0149,0.8591,-4.01,-1.74,8.76,0.12,-1.31,-0.25,9.79,0,1.70,-0.0747,0.0465,86,0.851,0.000,0.00,0.00,66.582,0
-23.56,11.38,236.25,0.4594,-0.2248,0.0150,0.8592,-4.01,-1.70,8.77,1.69,-0.56,0.56,9.79,0,1.70,-0.0745,0.0465,86,0.851,0.000,0.00,0.00,66.582,0
-23.50,11.25,236.19,0.4590,-0.2242,0.0154,0.8596,-3.83,-1.56,8.70,0.25,-1.25,1.25,9.63,0,1.70,-0.0743,0.0465,86,0.851,0.000,0.00,0.00,66.582,0
phase1 acc_mag=9.683 gravity=9.733 motion=0.050 moving_avg=0.054 rms=0.065 mean_rms=0.061 max_rms=0.068 min_rms=0.053 std=0.005 var=0.000 state=standing thr=0.080/0.350/0.850
-23.50,11.31,236.12,0.4587,-0.2244,0.0148,0.8597,-3.91,-1.74,8.72,-2.50,1.19,-0.50,9.71,0,1.70,-0.0745,0.0463,86,0.851,0.000,0.00,0.00,66.582,0
-23.56,11.38,236.12,0.4586,-0.2252,0.0148,0.8595,-3.98,-1.66,8.75,0.38,0.50,0.44,9.75,0,1.70,-0.0747,0.0464,86,0.851,0.000,0.00,0.00,66.582,0
-23.62,11.31,236.12,0.4585,-0.2255,0.0154,0.8595,-3.99,-1.66,8.72,-1.56,2.75,-0.50,9.73,0,1.70,-0.0747,0.0466,86,0.851,0.000,0.00,0.00,66.582,0
phase1 acc_mag=9.672 gravity=9.739 motion=0.066 moving_avg=0.054 rms=0.067 mean_rms=0.062 max_rms=0.068 min_rms=0.055 std=0.005 var=0.000 state=standing thr=0.080/0.350/0.850
-23.69,11.31,236.12,0.4586,-0.2255,0.0156,0.8594,-3.89,-1.60,8.71,0.75,-2.44,-0.81,9.67,0,1.70,-0.0747,0.0467,86,0.851,0.000,0.00,0.00,66.582,0
-23.62,11.31,236.19,0.4592,-0.2250,0.0154,0.8593,-3.94,-1.67,8.75,-0.75,0.44,-1.06,9.74,0,1.70,-0.0745,0.0466,86,0.851,0.000,0.00,0.00,66.582,0
-23.62,11.44,236.25,0.4597,-0.2258,0.0149,0.8588,-3.96,-1.68,8.75,-2.31,1.31,-1.56,9.75,0,1.70,-0.0748,0.0466,86,0.851,0.000,0.00,0.00,66.582,0
-23.75,11.62,236.31,0.4598,-0.2272,0.0141,0.8583,-3.94,-1.76,8.71,-2.12,1.44,-0.38,9.72,0,1.70,-0.0754,0.0466,86,0.851,0.000,0.00,0.00,66.582,0
phase1 acc_mag=9.697 gravity=9.735 motion=0.038 moving_avg=0.052 rms=0.066 mean_rms=0.064 max_rms=0.068 min_rms=0.058 std=0.004 var=0.000 state=standing thr=0.080/0.350/0.850
-23.81,11.69,236.31,0.4596,-0.2280,0.0139,0.8583,-3.97,-1.71,8.68,-1.19,0.75,0.12,9.70,0,1.70,-0.0757,0.0467,86,0.851,0.000,0.00,0.00,66.582,0
-23.81,11.69,236.31,0.4596,-0.2283,0.0139,0.8582,-3.99,-1.72,8.67,-0.06,0.19,0.00,9.70,0,1.70,-0.0758,0.0467,86,0.851,0.000,0.00,0.00,66.582,0
-23.81,11.69,236.31,0.4595,-0.2281,0.0140,0.8583,-3.88,-1.70,8.73,-0.06,0.19,0.19,9.70,0,1.70,-0.0757,0.0467,86,0.851,0.000,0.00,0.00,66.582,0
-23.88,11.69,236.31,0.4594,-0.2285,0.0141,0.8582,-4.03,-1.74,8.71,-0.56,0.69,-0.31,9.75,0,1.70,-0.0759,0.0468,86,0.851,0.000,0.00,0.00,66.582,0
phase1 acc_mag=9.728 gravity=9.736 motion=0.008 moving_avg=0.046 rms=0.060 mean_rms=0.064 max_rms=0.068 min_rms=0.060 std=0.004 var=0.000 state=standing thr=0.080/0.350/0.850
-23.88,11.69,236.31,0.4593,-0.2289,0.0141,0.8582,-3.97,-1.78,8.70,0.06,0.62,0.75,9.73,0,1.70,-0.0760,0.0469,86,0.851,0.000,0.00,0.00,66.582,0
-23.94,11.69,236.25,0.4592,-0.2294,0.0143,0.8581,-4.07,-1.75,8.73,-0.81,0.88,0.00,9.79,0,1.70,-0.0761,0.0471,86,0.851,0.000,0.00,0.00,66.582,0
-24.00,11.75,236.25,0.4591,-0.2296,0.0143,0.8581,-3.95,-1.69,8.68,0.25,-0.31,0.75,9.69,0,1.70,-0.0762,0.0471,86,0.851,0.000,0.00,0.00,66.582,0
-24.00,11.75,236.25,0.4592,-0.2298,0.0144,0.8580,-4.06,-1.74,8.71,-0.38,-0.12,-0.62,9.77,0,1.70,-0.0762,0.0472,86,0.851,0.000,0.00,0.00,66.582,0
phase1 acc_mag=9.645 gravity=9.735 motion=0.090 moving_avg=0.044 rms=0.055 mean_rms=0.063 max_rms=0.068 min_rms=0.054 std=0.005 var=0.000 state=standing thr=0.080/0.350/0.850
-24.00,11.81,236.31,0.4597,-0.2296,0.0140,0.8578,-4.00,-1.72,8.69,-0.88,0.12,-0.12,9.72,0,1.70,-0.0762,0.0470,86,0.851,0.000,0.00,0.00,66.582,0
-24.00,11.81,236.31,0.4595,-0.2300,0.0138,0.8577,-4.08,-1.78,8.70,-0.81,0.69,-0.12,9.77,0,1.70,-0.0764,0.0470,86,0.851,0.000,0.00,0.00,66.582,0
-24.00,11.88,236.31,0.4594,-0.2302,0.0137,0.8578,-4.10,-1.81,8.74,-0.25,0.38,-0.19,9.82,0,1.70,-0.0765,0.0470,86,0.851,0.000,0.00,0.00,66.582,0
-24.00,11.88,236.31,0.4595,-0.2302,0.0136,0.8577,-3.95,-1.81,8.69,0.12,-0.38,-0.38,9.72,0,1.70,-0.0765,0.0470,86,0.851,0.000,0.00,0.00,66.582,0
phase1 acc_mag=9.699 gravity=9.740 motion=0.041 moving_avg=0.042 rms=0.053 mean_rms=0.060 max_rms=0.068 min_rms=0.051 std=0.006 var=0.000 state=standing thr=0.080/0.350/0.850
-24.00,11.88,236.38,0.4598,-0.2302,0.0134,0.8575,-4.00,-1.77,8.69,0.19,-0.75,0.06,9.73,0,1.70,-0.0765,0.0469,86,0.851,0.000,0.00,0.00,66.582,0
-24.00,11.94,236.44,0.4602,-0.2305,0.0130,0.8573,-4.03,-1.72,8.70,-1.38,0.38,-0.62,9.74,0,1.70,-0.0766,0.0469,86,0.851,0.000,0.00,0.00,66.582,0
-23.94,11.94,236.31,0.4594,-0.2302,0.0126,0.8578,-3.84,-1.75,8.66,0.31,-1.69,3.56,9.63,0,1.70,-0.0767,0.0466,86,0.851,0.000,0.00,0.00,66.582,0
-24.00,11.94,236.19,0.4585,-0.2302,0.0128,0.8583,-3.93,-1.79,8.71,0.12,0.81,0.75,9.72,0,1.70,-0.0767,0.0466,86,0.851,0.000,0.00,0.00,66.582,0
phase1 acc_mag=9.741 gravity=9.740 motion=0.001 moving_avg=0.041 rms=0.051 mean_rms=0.058 max_rms=0.067 min_rms=0.051 std=0.006 var=0.000 state=standing thr=0.080/0.350/0.850
-24.06,11.94,236.19,0.4586,-0.2307,0.0130,0.8581,-4.08,-1.87,8.71,0.06,0.38,-0.75,9.80,0,1.70,-0.0768,0.0468,86,0.851,0.000,0.00,0.00,66.582,0
-24.00,11.94,236.31,0.4593,-0.2303,0.0129,0.8578,-4.01,-1.79,8.71,0.06,0.06,-1.75,9.75,0,1.70,-0.0767,0.0468,86,0.851,0.000,0.00,0.00,66.582,0
-23.94,11.94,236.38,0.4597,-0.2302,0.0128,0.8577,-4.27,-1.92,8.70,-0.38,-0.94,0.25,9.88,0,1.70,-0.0766,0.0467,86,0.851,0.000,0.00,0.00,66.582,0
-23.75,11.56,235.88,0.4567,-0.2272,0.0136,0.8600,-3.78,-1.62,8.69,3.12,-4.56,6.12,9.61,0,1.70,-0.0757,0.0462,86,0.851,0.000,0.00,0.00,66.582,0
phase1 acc_mag=9.621 gravity=9.745 motion=0.124 moving_avg=0.046 rms=0.058 mean_rms=0.055 max_rms=0.065 min_rms=0.050 std=0.005 var=0.000 state=standing thr=0.080/0.350/0.850
-23.75,11.69,235.94,0.4571,-0.2273,0.0130,0.8598,-4.26,-2.01,8.85,-8.50,5.06,-14.06,10.03,0,1.70,-0.0758,0.0460,86,0.851,0.000,0.00,0.00,66.582,0
-23.69,11.69,236.00,0.4574,-0.2273,0.0130,0.8596,-3.86,-1.68,8.70,0.56,-0.62,-0.50,9.66,0,1.70,-0.0758,0.0461,86,0.851,0.000,0.00,0.00,66.582,0
-23.75,11.69,236.06,0.4578,-0.2278,0.0131,0.8593,-4.06,-1.75,8.70,-0.31,0.69,-0.81,9.76,0,1.70,-0.0759,0.0462,86,0.851,0.000,0.00,0.00,66.582,0
phase1 acc_mag=9.745 gravity=9.754 motion=0.009 moving_avg=0.056 rms=0.098 mean_rms=0.062 max_rms=0.099 min_rms=0.050 std=0.018 var=0.000 state=slow thr=0.098/0.350/0.850
-23.75,11.69,236.06,0.4580,-0.2277,0.0131,0.8592,-3.97,-1.73,8.73,-0.06,0.06,-0.94,9.75,0,1.70,-0.0758,0.0462,86,0.851,0.000,0.00,0.00,66.582,0
-23.75,11.69,236.12,0.4584,-0.2274,0.0137,0.8591,-3.94,-1.65,8.69,2.75,-1.56,0.81,9.68,0,1.70,-0.0756,0.0464,86,0.851,0.000,0.00,0.00,66.582,0
-23.75,11.56,236.12,0.4584,-0.2271,0.0140,0.8591,-3.96,-1.70,8.72,-0.38,0.94,-0.38,9.73,0,1.70,-0.0755,0.0465,86,0.851,0.000,0.00,0.00,66.582,0
-23.75,11.56,236.12,0.4583,-0.2274,0.0142,0.8591,-4.04,-1.72,8.74,1.06,-0.94,0.69,9.78,0,1.70,-0.0755,0.0465,86,0.851,0.000,0.00,0.00,66.582,0
phase1 acc_mag=9.714 gravity=9.755 motion=0.041 moving_avg=0.058 rms=0.099 mean_rms=0.071 max_rms=0.099 min_rms=0.050 std=0.023 var=0.001 state=standing thr=0.116/0.350/0.850
-23.75,11.56,236.12,0.4585,-0.2271,0.0141,0.8591,-3.91,-1.66,8.73,-0.81,-0.12,-2.00,9.71,0,1.70,-0.0755,0.0465,86,0.851,0.000,0.00,0.00,66.582,0
-23.69,11.62,236.25,0.4591,-0.2271,0.0136,0.8588,-3.97,-1.75,8.72,0.44,-1.12,0.19,9.74,0,1.70,-0.0755,0.0464,86,0.851,0.000,0.00,0.00,66.582,0
-23.69,11.62,236.19,0.4590,-0.2267,0.0137,0.8589,-3.96,-1.71,8.73,-0.19,0.56,0.56,9.74,0,1.70,-0.0754,0.0463,86,0.851,0.000,0.00,0.00,66.582,0
-23.69,11.62,236.19,0.4587,-0.2269,0.0139,0.8590,-4.04,-1.82,8.72,0.31,-0.25,0.31,9.78,0,1.70,-0.0754,0.0464,86,0.851,0.000,0.00,0.00,66.582,0
phase1 acc_mag=9.745 gravity=9.752 motion=0.006 moving_avg=0.053 rms=0.096 mean_rms=0.080 max_rms=0.099 min_rms=0.050 std=0.023 var=0.001 state=standing thr=0.125/0.350/0.850
-23.69,11.56,236.19,0.4588,-0.2269,0.0139,0.8589,-4.03,-1.78,8.74,-0.94,0.94,-1.38,9.79,0,1.70,-0.0754,0.0464,86,0.851,0.000,0.00,0.00,66.582,0
-23.69,11.56,236.19,0.4589,-0.2269,0.0140,0.8589,-4.00,-1.66,8.67,0.12,-0.88,-0.50,9.69,0,1.70,-0.0754,0.0465,86,0.851,0.000,0.00,0.00,66.582,0
-23.69,11.62,236.25,0.4591,-0.2271,0.0139,0.8588,-4.01,-1.71,8.71,-1.00,1.19,-0.50,9.74,0,1.70,-0.0754,0.0465,86,0.851,0.000,0.00,0.00,66.582,0
-23.75,11.62,236.19,0.4589,-0.2271,0.0139,0.8588,-3.90,-1.66,8.70,0.25,-0.31,0.88,9.68,0,1.70,-0.0755,0.0465,86,0.851,0.000,0.00,0.00,66.582,0
phase1 acc_mag=9.680 gravity=9.749 motion=0.069 moving_avg=0.053 rms=0.095 mean_rms=0.088 max_rms=0.099 min_rms=0.050 std=0.019 var=0.000 state=standing thr=0.125/0.350/0.850
-23.75,11.69,236.19,0.4589,-0.2277,0.0137,0.8588,-4.08,-1.85,8.75,-1.12,0.88,-0.44,9.83,0,1.70,-0.0757,0.0465,86,0.851,0.000,0.00,0.00,66.582,0
-23.75,11.69,236.19,0.4588,-0.2278,0.0137,0.8588,-4.04,-1.79,8.75,0.25,-0.44,0.19,9.80,0,1.70,-0.0757,0.0465,86,0.851,0.000,0.00,0.00,66.582,0
-23.75,11.62,236.19,0.4588,-0.2275,0.0137,0.8588,-4.00,-1.72,8.69,-0.06,0.00,0.25,9.72,0,1.70,-0.0756,0.0465,86,0.851,0.000,0.00,0.00,66.582,0
-23.75,11.62,236.19,0.4587,-0.2269,0.0139,0.8590,-3.92,-1.61,8.73,1.94,-1.75,0.75,9.70,0,1.70,-0.0754,0.0464,86,0.851,0.000,0.00,0.00,66.582,0
phase1 acc_mag=9.659 gravity=9.747 motion=0.088 moving_avg=0.041 rms=0.054 mean_rms=0.096 max_rms=0.099 min_rms=0.054 std=0.006 var=0.000 state=standing thr=0.108/0.350/0.850
-23.62,11.62,236.19,0.4590,-0.2266,0.0135,0.8589,-3.96,-1.76,8.75,-1.25,0.50,-1.25,9.76,0,1.70,-0.0754,0.0463,86,0.851,0.000,0.00,0.00,66.582,0
-23.69,11.69,236.19,0.4589,-0.2272,0.0129,0.8589,-3.97,-1.78,8.74,-0.81,0.69,-0.31,9.76,0,1.70,-0.0757,0.0461,86,0.851,0.000,0.00,0.00,66.582,0
-23.69,11.69,236.19,0.4587,-0.2272,0.0129,0.8589,-3.91,-1.71,8.71,0.25,-0.25,0.56,9.70,0,1.70,-0.0757,0.0461,86,0.851,0.000,0.00,0.00,66.582,0
phase1 acc_mag=9.771 gravity=9.740 motion=0.031 moving_avg=0.040 rms=0.047 mean_rms=0.086 max_rms=0.099 min_rms=0.046 std=0.021 var=0.000 state=standing thr=0.127/0.350/0.850
-23.69,11.75,236.19,0.4586,-0.2274,0.0128,0.8589,-4.05,-1.79,8.71,-0.56,0.19,-0.31,9.77,0,1.70,-0.0758,0.0461,86,0.851,0.000,0.00,0.00,66.582,0
-23.69,11.69,236.19,0.4588,-0.2272,0.0131,0.8589,-4.03,-1.77,8.73,1.00,0.06,-0.19,9.78,0,1.70,-0.0756,0.0462,86,0.851,0.000,0.00,0.00,66.582,0
-23.69,11.62,236.19,0.4587,-0.2267,0.0133,0.8591,-3.91,-1.63,8.71,-0.69,0.12,0.00,9.69,0,1.70,-0.0755,0.0462,86,0.851,0.000,0.00,0.00,66.582,0
-23.69,11.69,236.12,0.4586,-0.2270,0.0129,0.8591,-4.05,-1.80,8.75,-0.50,0.06,-0.25,9.81,0,1.70,-0.0756,0.0461,86,0.851,0.000,0.00,0.00,66.582,0
phase1 acc_mag=9.724 gravity=9.740 motion=0.016 moving_avg=0.038 rms=0.045 mean_rms=0.075 max_rms=0.098 min_rms=0.044 std=0.025 var=0.001 state=standing thr=0.124/0.350/0.850
-23.62,11.69,236.12,0.4584,-0.2268,0.0130,0.8592,-3.94,-1.74,8.66,-0.38,0.38,-0.06,9.67,0,1.70,-0.0756,0.0461,86,0.851,0.000,0.00,0.00,66.582,0
-23.69,11.69,236.12,0.4584,-0.2271,0.0126,0.8592,-3.97,-1.77,8.72,-1.44,0.44,-0.31,9.74,0,1.70,-0.0757,0.0460,86,0.851,0.000,0.00,0.00,66.582,0
-23.69,11.81,236.12,0.4583,-0.2278,0.0118,0.8591,-3.94,-1.69,8.69,-1.94,0.50,-0.50,9.69,0,1.70,-0.0761,0.0458,86,0.851,0.000,0.00,0.00,66.582,0
-23.75,12.00,236.12,0.4582,-0.2288,0.0113,0.8588,-3.99,-1.79,8.70,-0.94,1.06,-0.81,9.74,0,1.70,-0.0765,0.0458,86,0.851,0.000,0.00,0.00,66.582,0
phase1 acc_mag=9.664 gravity=9.739 motion=0.075 moving_avg=0.039 rms=0.046 mean_rms=0.064 max_rms=0.096 min_rms=0.044 std=0.024 var=0.001 state=standing thr=0.112/0.350/0.850
-23.81,12.06,236.19,0.4588,-0.2295,0.0107,0.8583,-4.06,-1.83,8.74,-1.19,0.19,-1.00,9.81,0,1.70,-0.0768,0.0458,86,0.851,0.000,0.00,0.00,66.582,0
-23.75,12.12,236.25,0.4590,-0.2296,0.0105,0.8582,-3.98,-1.79,8.69,0.19,-0.19,0.19,9.72,0,1.70,-0.0769,0.0457,86,0.851,0.000,0.00,0.00,66.582,0
-23.81,12.19,236.25,0.4590,-0.2299,0.0102,0.8581,-3.91,-1.84,8.68,-1.75,1.38,-0.75,9.70,0,1.70,-0.0770,0.0457,86,0.851,0.000,0.00,0.00,66.582,0
phase1 acc_mag=9.729 gravity=9.738 motion=0.009 moving_avg=0.036 rms=0.043 mean_rms=0.054 max_rms=0.096 min_rms=0.043 std=0.018 var=0.000 state=standing thr=0.090/0.350/0.850
-23.88,12.31,236.38,0.4598,-0.2310,0.0096,0.8574,-3.99,-1.89,8.67,-0.56,0.50,-0.69,9.73,0,1.70,-0.0775,0.0458,86,0.851,0.000,0.00,0.00,66.582,0
-23.88,12.38,236.38,0.4600,-0.2314,0.0093,0.8572,-4.05,-1.82,8.68,-0.12,0.38,-0.56,9.75,0,1.70,-0.0776,0.0458,86,0.851,0.000,0.00,0.00,66.582,0
-23.88,12.31,236.38,0.4597,-0.2310,0.0096,0.8575,-4.01,-1.86,8.69,1.31,-0.38,2.12,9.75,0,1.70,-0.0774,0.0458,86,0.851,0.000,0.00,0.00,66.582,0
-23.88,12.25,236.25,0.4586,-0.2308,0.0101,0.8581,-4.20,-1.82,8.69,0.31,-1.19,0.62,9.82,0,1.70,-0.0774,0.0458,86,0.851,0.000,0.00,0.00,66.582,0
phase1 acc_mag=9.714 gravity=9.742 motion=0.028 moving_avg=0.035 rms=0.043 mean_rms=0.045 max_rms=0.048 min_rms=0.041 std=0.004 var=0.000 state=standing thr=0.080/0.350/0.850
-23.88,12.25,236.19,0.4586,-0.2305,0.0101,0.8582,-3.91,-1.80,8.69,-0.31,0.06,0.56,9.70,0,1.70,-0.0773,0.0458,86,0.851,0.000,0.00,0.00,66.582,0
-23.94,12.25,236.19,0.4585,-0.2313,0.0103,0.8580,-4.08,-1.82,8.70,0.31,0.69,0.19,9.78,0,1.70,-0.0775,0.0460,86,0.851,0.000,0.00,0.00,66.582,0
-23.94,12.25,236.19,0.4586,-0.2310,0.0103,0.8580,-4.07,-1.83,8.66,-0.38,0.50,-0.88,9.74,0,1.70,-0.0774,0.0459,86,0.851,0.000,0.00,0.00,66.582,0
-23.94,12.31,236.31,0.4594,-0.2313,0.0103,0.8575,-3.99,-1.80,8.70,-0.06,0.81,-1.94,9.74,0,1.70,-0.0775,0.0460,86,0.851,0.000,0.00,0.00,66.582,0
phase1 acc_mag=9.737 gravity=9.744 motion=0.007 moving_avg=0.036 rms=0.046 mean_rms=0.045 max_rms=0.047 min_rms=0.041 std=0.004 var=0.000 state=standing thr=0.080/0.350/0.850
-23.88,12.38,236.50,0.4606,-0.2314,0.0097,0.8568,-3.99,-1.95,8.68,0.00,-1.06,-0.88,9.75,0,1.70,-0.0775,0.0460,86,0.851,0.000,0.00,0.00,66.582,0
-23.88,12.38,236.50,0.4606,-0.2313,0.0098,0.8569,-4.03,-1.86,8.70,-0.62,0.06,-0.12,9.77,0,1.70,-0.0775,0.0460,86,0.851,0.000,0.00,0.00,66.582,0
-23.88,12.31,236.38,0.4598,-0.2311,0.0101,0.8574,-4.03,-1.79,8.67,0.88,-0.19,1.88,9.73,0,1.70,-0.0774,0.0460,86,0.851,0.000,0.00,0.00,66.582,0
-23.94,12.31,236.38,0.4598,-0.2313,0.0101,0.8573,-4.09,-1.80,8.65,-0.56,0.69,-0.81,9.74,0,1.70,-0.0775,0.0460,86,0.851,0.000,0.00,0.00,66.582,0
phase1 acc_mag=9.687 gravity=9.747 motion=0.059 moving_avg=0.035 rms=0.045 mean_rms=0.045 max_rms=0.047 min_rms=0.041 std=0.004 var=0.000 state=standing thr=0.080/0.350/0.850
-23.94,12.38,236.44,0.4601,-0.2314,0.0099,0.8571,-4.06,-1.86,8.71,-0.25,0.25,-0.81,9.79,0,1.70,-0.0775,0.0460,86,0.851,0.000,0.00,0.00,66.582,0
-23.88,12.31,236.44,0.4600,-0.2310,0.0098,0.8573,-3.95,-1.79,8.66,0.25,-1.38,-0.19,9.69,0,1.70,-0.0774,0.0459,86,0.851,0.000,0.00,0.00,66.582,0
-23.88,12.31,236.44,0.4601,-0.2308,0.0098,0.8573,-4.01,-1.79,8.69,0.06,-0.69,0.25,9.74,0,1.70,-0.0773,0.0458,86,0.851,0.000,0.00,0.00,66.582,0
phase1 acc_mag=9.690 gravity=9.746 motion=0.056 moving_avg=0.036 rms=0.047 mean_rms=0.045 max_rms=0.048 min_rms=0.041 std=0.004 var=0.000 state=standing thr=0.080/0.350/0.850
-23.81,12.25,236.38,0.4598,-0.2305,0.0099,0.8575,-4.01,-1.78,8.64,0.06,0.12,0.25,9.69,0,1.70,-0.0772,0.0458,86,0.851,0.000,0.00,0.00,66.582,0
-23.81,12.25,236.38,0.4597,-0.2305,0.0101,0.8575,-3.97,-1.77,8.67,-0.12,-0.44,-0.12,9.70,0,1.70,-0.0772,0.0458,86,0.851,0.000,0.00,0.00,66.582,0
-23.81,12.25,236.38,0.4597,-0.2307,0.0102,0.8575,-4.30,-1.87,8.70,-0.56,1.50,-0.06,9.88,0,1.70,-0.0772,0.0459,86,0.851,0.000,0.00,0.00,66.582,0
-23.88,12.25,236.31,0.4594,-0.2305,0.0104,0.8577,-4.02,-1.80,8.70,0.38,-0.12,-0.06,9.75,0,1.70,-0.0772,0.0459,86,0.851,0.000,0.00,0.00,66.582,0
phase1 acc_mag=9.833 gravity=9.747 motion=0.086 moving_avg=0.038 rms=0.049 mean_rms=0.046 max_rms=0.049 min_rms=0.041 std=0.004 var=0.000 state=standing thr=0.080/0.350/0.850
-23.88,12.31,236.38,0.4601,-0.2308,0.0098,0.8573,-4.10,-1.87,8.70,-0.56,-0.44,-0.94,9.80,0,1.70,-0.0773,0.0458,86,0.851,0.000,0.00,0.00,66.582,0
-23.81,12.25,236.38,0.4598,-0.2302,0.0101,0.8576,-3.90,-1.75,8.66,1.06,-0.44,1.75,9.66,0,1.70,-0.0771,0.0458,86,0.851,0.000,0.00,0.00,66.582,0
-23.81,12.19,236.31,0.4594,-0.2302,0.0102,0.8578,-4.07,-1.83,8.73,-0.94,0.62,-0.06,9.80,0,1.70,-0.0771,0.0458,86,0.851,0.000,0.00,0.00,66.582,0
-23.88,12.31,236.31,0.4594,-0.2308,0.0099,0.8577,-4.03,-1.78,8.66,-1.06,1.12,-0.38,9.72,0,1.70,-0.0774,0.0458,86,0.851,0.000,0.00,0.00,66.582,0
phase1 acc_mag=9.818 gravity=9.746 motion=0.072 moving_avg=0.038 rms=0.048 mean_rms=0.047 max_rms=0.051 min_rms=0.043 std=0.004 var=0.000 state=standing thr=0.080/0.350/0.850
-23.88,12.38,236.31,0.4593,-0.2313,0.0096,0.8576,-4.01,-1.81,8.69,-0.94,-0.31,-0.56,9.74,0,1.70,-0.0776,0.0458,86,0.851,0.000,0.00,0.00,66.582,0
-23.94,12.44,236.31,0.4594,-0.2319,0.0093,0.8574,-4.04,-1.88,8.68,-0.75,1.19,-0.25,9.76,0,1.70,-0.0778,0.0458,86,0.851,0.000,0.00,0.00,66.582,0
-24.00,12.62,236.38,0.4597,-0.2334,0.0084,0.8568,-4.00,-1.89,8.68,-3.62,2.81,-2.12,9.74,0,1.70,-0.0785,0.0458,86,0.851,0.000,0.00,0.00,66.582,0
-24.19,12.75,236.44,0.4599,-0.2348,0.0082,0.8563,-4.18,-1.87,8.61,0.06,-0.88,0.44,9.75,0,1.70,-0.0789,0.0460,86,0.851,0.000,0.00,0.00,66.582,0
phase1 acc_mag=9.867 gravity=9.750 motion=0.117 moving_avg=0.040 rms=0.050 mean_rms=0.047 max_rms=0.051 min_rms=0.045 std=0.004 var=0.000 state=standing thr=0.080/0.350/0.850
-24.06,12.75,236.44,0.4598,-0.2340,0.0080,0.8566,-3.94,-1.86,8.70,1.38,-2.88,1.25,9.73,0,1.70,-0.0787,0.0458,86,0.851,0.000,0.00,0.00,66.582,0
-23.88,12.56,236.44,0.4601,-0.2320,0.0081,0.8569,-3.99,-1.77,8.64,1.00,-2.81,-1.06,9.68,0,1.70,-0.0780,0.0455,86,0.851,0.000,0.00,0.00,66.582,0
-23.81,12.69,236.50,0.4608,-0.2323,0.0073,0.8566,-4.00,-1.83,8.66,-1.62,1.38,-0.56,9.71,0,1.70,-0.0783,0.0453,86,0.851,0.000,0.00,0.00,66.582,0
-23.81,12.69,236.50,0.4604,-0.2323,0.0072,0.8567,-3.93,-1.82,8.66,1.06,-1.50,2.19,9.68,0,1.70,-0.0783,0.0453,86,0.851,0.000,0.00,0.00,66.582,0
phase1 acc_mag=9.751 gravity=9.750 motion=0.002 moving_avg=0.045 rms=0.057 mean_rms=0.049 max_rms=0.057 min_rms=0.045 std=0.005 var=0.000 state=standing thr=0.080/0.350/0.850
-23.88,12.62,236.38,0.4598,-0.2325,0.0076,0.8571,-4.11,-1.87,8.67,-0.62,0.94,0.81,9.78,0,1.70,-0.0783,0.0454,86,0.851,0.000,0.00,0.00,66.582,0
-23.88,12.56,236.38,0.4595,-0.2323,0.0080,0.8572,-4.13,-1.90,8.68,1.06,-1.25,0.62,9.80,0,1.70,-0.0782,0.0454,86,0.851,0.000,0.00,0.00,66.582,0
-23.81,12.38,236.31,0.4592,-0.2308,0.0092,0.8578,-4.04,-1.86,8.70,1.56,-0.69,0.44,9.77,0,1.70,-0.0775,0.0455,86,0.851,0.000,0.00,0.00,66.582,0
-23.81,12.25,236.25,0.4591,-0.2302,0.0096,0.8580,-4.01,-1.82,8.69,0.44,-0.44,0.12,9.74,0,1.70,-0.0772,0.0456,86,0.851,0.000,0.00,0.00,66.582,0
phase1 acc_mag=9.739 gravity=9.749 motion=0.010 moving_avg=0.046 rms=0.057 mean_rms=0.051 max_rms=0.057 min_rms=0.045 std=0.005 var=0.000 state=standing thr=0.080/0.350/0.850
-23.81,12.19,236.25,0.4589,-0.2300,0.0101,0.8582,-4.06,-1.90,8.73,-0.25,0.12,0.19,9.81,0,1.70,-0.0771,0.0457,86,0.851,0.000,0.00,0.00,66.582,0
-23.81,12.12,236.19,0.4587,-0.2299,0.0107,0.8583,-4.06,-1.81,8.68,1.12,-0.69,0.44,9.75,0,1.70,-0.0770,0.0458,86,0.851,0.000,0.00,0.00,66.582,0
-23.81,12.06,236.19,0.4586,-0.2294,0.0112,0.8585,-3.98,-1.76,8.73,0.19,0.19,-0.31,9.75,0,1.70,-0.0767,0.0459,86,0.851,0.000,0.00,0.00,66.582,0
-23.81,11.94,236.19,0.4584,-0.2289,0.0118,0.8586,-3.93,-1.72,8.72,2.56,-2.06,1.69,9.72,0,1.70,-0.0765,0.0460,86,0.851,0.000,0.00,0.00,66.582,0
phase1 acc_mag=9.708 gravity=9.750 motion=0.042 moving_avg=0.043 rms=0.053 mean_rms=0.052 max_rms=0.058 min_rms=0.045 std=0.005 var=0.000 state=standing thr=0.080/0.350/0.850
-23.75,11.81,236.19,0.4587,-0.2280,0.0123,0.8588,-3.84,-1.58,8.69,0.50,-0.06,-1.31,9.63,0,1.70,-0.0760,0.0461,86,0.851,0.000,0.00,0.00,66.582,0
-23.69,11.75,236.19,0.4589,-0.2274,0.0129,0.8588,-4.09,-1.68,8.69,1.69,-1.38,0.69,9.75,0,1.70,-0.0758,0.0462,86,0.851,0.000,0.00,0.00,66.582,0
-23.62,11.62,236.12,0.4586,-0.2264,0.0134,0.8592,-3.90,-1.65,8.71,1.50,-2.50,1.81,9.68,0,1.70,-0.0753,0.0461,86,0.851,0.000,0.00,0.00,66.582,0
-23.56,11.62,236.12,0.4583,-0.2264,0.0127,0.8594,-4.03,-1.73,8.75,-1.25,0.94,0.69,9.79,0,1.70,-0.0755,0.0459,86,0.851,0.000,0.00,0.00,66.582,0
phase1 acc_mag=9.680 gravity=9.749 motion=0.069 moving_avg=0.047 rms=0.058 mean_rms=0.054 max_rms=0.058 min_rms=0.045 std=0.005 var=0.000 state=standing thr=0.080/0.350/0.850
-23.62,11.62,236.06,0.4579,-0.2264,0.0128,0.8596,-3.84,-1.64,8.73,-0.38,-0.06,0.06,9.68,0,1.70,-0.0755,0.0459,86,0.851,0.000,0.00,0.00,66.582,0
-23.69,11.75,236.06,0.4579,-0.2276,0.0126,0.8593,-4.13,-1.83,8.76,-1.38,2.31,-0.44,9.86,0,1.70,-0.0759,0.0460,86,0.851,0.000,0.00,0.00,66.582,0
-23.75,11.75,236.12,0.4581,-0.2282,0.0127,0.8590,-4.07,-1.69,8.66,0.44,0.62,-0.06,9.72,0,1.70,-0.0761,0.0462,86,0.851,0.000,0.00,0.00,66.582,0
phase1 acc_mag=9.757 gravity=9.742 motion=0.015 moving_avg=0.045 rms=0.056 mean_rms=0.056 max_rms=0.059 min_rms=0.051 std=0.004 var=0.000 state=standing thr=0.080/0.350/0.850
-23.81,11.88,236.12,0.4584,-0.2291,0.0122,0.8586,-4.03,-1.71,8.72,-2.06,1.25,-1.25,9.76,0,1.70,-0.0764,0.0462,86,0.851,0.000,0.00,0.00,66.582,0
-23.88,11.94,236.19,0.4584,-0.2294,0.0120,0.8586,-3.97,-1.65,8.66,0.25,0.81,0.25,9.67,0,1.70,-0.0766,0.0462,86,0.851,0.000,0.00,0.00,66.582,0
-23.94,12.00,236.12,0.4581,-0.2302,0.0118,0.8585,-4.06,-1.75,8.72,-1.25,0.94,0.06,9.78,0,1.70,-0.0769,0.0462,86,0.851,0.000,0.00,0.00,66.582,0
-23.88,12.19,236.19,0.4585,-0.2305,0.0106,0.8582,-4.06,-1.86,8.71,-2.50,-0.38,-2.25,9.79,0,1.70,-0.0772,0.0459,86,0.851,0.000,0.00,0.00,66.582,0
phase1 acc_mag=9.831 gravity=9.744 motion=0.087 moving_avg=0.043 rms=0.052 mean_rms=0.055 max_rms=0.059 min_rms=0.052 std=0.004 var=0.000 state=standing thr=0.080/0.350/0.850
-23.81,12.06,236.12,0.4581,-0.2294,0.0107,0.8588,-4.05,-1.78,8.75,1.62,-2.88,1.56,9.80,0,1.70,-0.0768,0.0457,86,0.851,0.000,0.00,0.00,66.582,0
-23.75,11.94,236.06,0.4575,-0.2287,0.0116,0.8593,-4.07,-1.71,8.74,1.00,1.25,0.94,9.79,0,1.70,-0.0765,0.0458,86,0.851,0.000,0.00,0.00,66.582,0
-23.94,11.94,236.00,0.4573,-0.2298,0.0120,0.8590,-3.86,-1.70,8.69,-1.62,1.62,0.06,9.66,0,1.70,-0.0768,0.0461,86,0.851,0.000,0.00,0.00,66.582,0
-23.94,12.06,236.06,0.4574,-0.2304,0.0112,0.8588,-4.14,-1.88,8.74,-2.06,1.12,-1.69,9.85,0,1.70,-0.0771,0.0460,86,0.851,0.000,0.00,0.00,66.582,0
phase1 acc_mag=9.772 gravity=9.745 motion=0.027 moving_avg=0.054 rms=0.077 mean_rms=0.056 max_rms=0.077 min_rms=0.052 std=0.007 var=0.000 state=standing thr=0.080/0.350/0.850
-23.94,12.06,236.06,0.4575,-0.2306,0.0113,0.8588,-4.16,-1.82,8.73,-0.25,0.06,0.38,9.84,0,1.70,-0.0771,0.0461,86,0.851,0.000,0.00,0.00,66.582,0
-23.88,12.00,236.00,0.4570,-0.2297,0.0114,0.8593,-3.98,-1.75,8.73,0.56,-1.25,0.81,9.75,0,1.70,-0.0769,0.0459,86,0.851,0.000,0.00,0.00,66.582,0
-23.88,11.94,236.00,0.4570,-0.2296,0.0115,0.8593,-4.01,-1.78,8.72,-0.50,-0.44,-0.88,9.76,0,1.70,-0.0768,0.0459,86,0.851,0.000,0.00,0.00,66.582,0
-23.88,12.00,236.00,0.4572,-0.2297,0.0112,0.8591,-3.96,-1.77,8.74,-1.31,0.81,-0.38,9.76,0,1.70,-0.0769,0.0459,86,0.851,0.000,0.00,0.00,66.582,0
phase1 acc_mag=9.741 gravity=9.744 motion=0.003 moving_avg=0.052 rms=0.076 mean_rms=0.061 max_rms=0.078 min_rms=0.052 std=0.011 var=0.000 state=standing thr=0.083/0.350/0.850
-23.94,12.12,236.00,0.4572,-0.2307,0.0106,0.8589,-4.11,-1.82,8.70,-1.06,1.38,-0.19,9.79,0,1.70,-0.0773,0.0458,86,0.851,0.000,0.00,0.00,66.582,0
-23.94,12.19,236.06,0.4574,-0.2309,0.0105,0.8587,-3.96,-1.73,8.70,-0.69,-0.12,-1.94,9.71,0,1.70,-0.0774,0.0459,86,0.851,0.000,0.00,0.00,66.582,0
-23.94,12.25,236.12,0.4579,-0.2309,0.0103,0.8584,-4.14,-1.78,8.71,0.31,-0.50,-0.44,9.81,0,1.70,-0.0774,0.0458,86,0.851,0.000,0.00,0.00,66.582,0
-23.81,12.06,236.06,0.4578,-0.2294,0.0109,0.8588,-3.87,-1.74,8.71,1.38,-1.31,0.69,9.69,0,1.70,-0.0768,0.0458,86,0.851,0.000,0.00,0.00,66.582,0
phase1 acc_mag=9.673 gravity=9.749 motion=0.077 moving_avg=0.051 rms=0.075 mean_rms=0.065 max_rms=0.078 min_rms=0.052 std=0.011 var=0.000 state=standing thr=0.088/0.350/0.850
-23.81,12.06,236.12,0.4579,-0.2299,0.0105,0.8587,-3.87,-1.65,8.65,-1.81,1.06,-0.38,9.62,0,1.70,-0.0770,0.0457,86,0.851,0.000,0.00,0.00,66.582,0
-23.94,12.31,236.12,0.4579,-0.2314,0.0097,0.8583,-4.01,-1.86,8.67,-1.94,1.31,-0.44,9.73,0,1.70,-0.0777,0.0457,86,0.851,0.000,0.00,0.00,66.582,0
-24.06,12.50,236.19,0.4581,-0.2330,0.0088,0.8577,-4.15,-1.92,8.68,-3.62,1.81,-2.19,9.81,0,1.70,-0.0783,0.0457,86,0.851,0.000,0.00,0.00,66.582,0
-24.06,12.56,236.19,0.4584,-0.2332,0.0084,0.8576,-4.21,-1.86,8.71,1.19,-0.88,0.31,9.85,0,1.70,-0.0785,0.0456,86,0.851,0.000,0.00,0.00,66.582,0
phase1 acc_mag=9.664 gravity=9.751 motion=0.087 moving_avg=0.053 rms=0.076 mean_rms=0.069 max_rms=0.078 min_rms=0.052 std=0.011 var=0.000 state=standing thr=0.091/0.350/0.850
-23.94,12.44,236.19,0.4583,-0.2319,0.0089,0.8580,-4.02,-1.81,8.66,1.62,-1.00,1.12,9.72,0,1.70,-0.0780,0.0455,86,0.851,0.000,0.00,0.00,66.582,0
-23.94,12.38,236.19,0.4581,-0.2316,0.0092,0.8582,-4.03,-1.81,8.69,1.00,0.00,0.94,9.75,0,1.70,-0.0778,0.0456,86,0.851,0.000,0.00,0.00,66.582,0
-23.94,12.44,236.12,0.4579,-0.2320,0.0088,0.8582,-4.00,-1.81,8.69,-3.19,1.75,-1.25,9.74,0,1.70,-0.0780,0.0455,86,0.851,0.000,0.00,0.00,66.582,0
-24.06,12.69,236.19,0.4579,-0.2338,0.0077,0.8577,-4.11,-1.91,8.78,-2.06,2.00,-0.44,9.88,0,1.70,-0.0788,0.0455,86,0.851,0.000,0.00,0.00,66.582,0
phase1 acc_mag=9.810 gravity=9.753 motion=0.057 moving_avg=0.053 rms=0.077 mean_rms=0.074 max_rms=0.078 min_rms=0.052 std=0.007 var=0.000 state=standing thr=0.087/0.350/0.850
-24.19,12.88,236.31,0.4587,-0.2352,0.0073,0.8569,-4.06,-1.83,8.67,-0.50,2.56,-2.31,9.75,0,1.70,-0.0793,0.0457,86,0.851,0.000,0.00,0.00,66.582,0
-24.19,12.94,236.38,0.4594,-0.2359,0.0073,0.8563,-4.03,-1.84,8.61,1.19,-0.81,0.19,9.68,0,1.70,-0.0795,0.0459,86,0.851,0.000,0.00,0.00,66.582,0
-24.25,12.88,236.38,0.4592,-0.2361,0.0078,0.8564,-4.13,-1.86,8.61,1.06,-0.31,1.06,9.73,0,1.70,-0.0794,0.0460,86,0.851,0.000,0.00,0.00,66.582,0
-24.25,12.75,236.31,0.4589,-0.2355,0.0084,0.8566,-4.01,-1.83,8.64,1.69,-0.31,0.94,9.70,0,1.70,-0.0792,0.0461,86,0.851,0.000,0.00,0.00,66.582,0
phase1 acc_mag=9.719 gravity=9.754 motion=0.035 moving_avg=0.043 rms=0.054 mean_rms=0.073 max_rms=0.078 min_rms=0.054 std=0.008 var=0.000 state=standing thr=0.088/0.350/0.850
-24.25,12.69,236.31,0.4588,-0.2353,0.0091,0.8568,-4.18,-1.93,8.69,1.06,-0.94,1.12,9.83,0,1.70,-0.0790,0.0463,86,0.851,0.000,0.00,0.00,66.582,0
-24.25,12.50,236.25,0.4583,-0.2340,0.0103,0.8574,-4.04,-1.78,8.67,2.06,-1.31,1.25,9.73,0,1.70,-0.0784,0.0464,86,0.851,0.000,0.00,0.00,66.582,0
-24.19,12.25,236.19,0.4579,-0.2332,0.0112,0.8578,-4.01,-1.79,8.65,2.56,-1.56,2.00,9.70,0,1.70,-0.0779,0.0466,86,0.851,0.000,0.00,0.00,66.582,0
-24.19,12.06,236.06,0.4575,-0.2321,0.0123,0.8583,-4.04,-1.81,8.69,1.19,-0.88,0.94,9.75,0,1.70,-0.0774,0.0467,86,0.851,0.000,0.00,0.00,66.582,0
phase1 acc_mag=9.750 gravity=9.757 motion=0.007 moving_avg=0.044 rms=0.055 mean_rms=0.068 max_rms=0.077 min_rms=0.054 std=0.010 var=0.000 state=standing thr=0.089/0.350/0.850
-24.12,11.94,236.06,0.4572,-0.2314,0.0130,0.8586,-3.99,-1.68,8.67,1.75,-1.25,1.44,9.69,0,1.70,-0.0771,0.0468,86,0.851,0.000,0.00,0.00,66.582,0
-24.12,11.81,235.94,0.4567,-0.2308,0.0138,0.8591,-3.99,-1.63,8.69,0.12,0.06,0.25,9.70,0,1.70,-0.0768,0.0469,86,0.851,0.000,0.00,0.00,66.582,0
-24.12,11.88,235.94,0.4566,-0.2311,0.0134,0.8590,-4.01,-1.72,8.70,-0.88,0.06,-0.38,9.73,0,1.70,-0.0770,0.0468,86,0.851,0.000,0.00,0.00,66.582,0
-24.12,11.94,236.00,0.4567,-0.2313,0.0129,0.8589,-4.09,-1.81,8.72,-0.69,-1.12,-0.44,9.80,0,1.70,-0.0771,0.0467,86,0.851,0.000,0.00,0.00,66.582,0
phase1 acc_mag=9.699 gravity=9.756 motion=0.056 moving_avg=0.039 rms=0.050 mean_rms=0.064 max_rms=0.077 min_rms=0.050 std=0.011 var=0.000 state=standing thr=0.086/0.350/0.850
-24.12,12.00,236.00,0.4568,-0.2314,0.0125,0.8588,-4.09,-1.78,8.69,-1.56,0.44,-0.94,9.77,0,1.70,-0.0772,0.0466,86,0.851,0.000,0.00,0.00,66.582,0
-24.12,12.00,236.00,0.4567,-0.2313,0.0126,0.8589,-4.00,-1.83,8.71,0.75,-1.19,0.62,9.76,0,1.70,-0.0772,0.0466,86,0.851,0.000,0.00,0.00,66.582,0
-24.12,11.88,235.94,0.4565,-0.2310,0.0132,0.8591,-4.08,-1.79,8.70,0.25,0.19,-0.38,9.77,0,1.70,-0.0770,0.0467,86,0.851,0.000,0.00,0.00,66.582,0
phase1 acc_mag=9.771 gravity=9.754 motion=0.017 moving_avg=0.034 rms=0.046 mean_rms=0.058 max_rms=0.077 min_rms=0.045 std=0.011 var=0.000 state=standing thr=0.080/0.350/0.850
-24.12,11.81,235.94,0.4567,-0.2308,0.0137,0.8591,-4.02,-1.71,8.74,1.25,-0.88,0.88,9.77,0,1.70,-0.0768,0.0469,86,0.851,0.000,0.00,0.00,66.582,0
-24.12,11.81,236.00,0.4568,-0.2310,0.0139,0.8589,-4.13,-1.75,8.69,-0.50,1.25,-1.12,9.78,0,1.70,-0.0768,0.0470,86,0.851,0.000,0.00,0.00,66.582,0
-24.12,11.75,235.94,0.4567,-0.2308,0.0141,0.8591,-4.20,-1.75,8.68,0.75,-0.19,0.19,9.80,0,1.70,-0.0767,0.0470,86,0.851,0.000,0.00,0.00,66.582,0
-24.06,11.69,235.94,0.4567,-0.2298,0.0140,0.8593,-3.83,-1.67,8.67,0.00,-1.38,0.25,9.62,0,1.70,-0.0764,0.0468,86,0.851,0.000,0.00,0.00,66.582,0
phase1 acc_mag=9.729 gravity=9.748 motion=0.019 moving_avg=0.035 rms=0.044 mean_rms=0.052 max_rms=0.077 min_rms=0.041 std=0.007 var=0.000 state=standing thr=0.080/0.350/0.850
-24.06,11.75,235.94,0.4566,-0.2302,0.0137,0.8593,-4.06,-1.77,8.72,-1.00,0.25,-0.19,9.78,0,1.70,-0.0766,0.0468,86,0.851,0.000,0.00,0.00,66.582,0
-24.06,11.81,235.94,0.4566,-0.2303,0.0134,0.8592,-3.99,-1.70,8.70,-1.56,0.31,-1.25,9.72,0,1.70,-0.0767,0.0467,86,0.851,0.000,0.00,0.00,66.582,0
-24.06,12.00,236.06,0.4573,-0.2310,0.0125,0.8587,-4.06,-1.71,8.72,-1.25,-0.38,-1.06,9.77,0,1.70,-0.0771,0.0465,86,0.851,0.000,0.00,0.00,66.582,0
-24.06,12.06,236.06,0.4575,-0.2318,0.0119,0.8584,-4.04,-1.79,8.68,-0.44,1.19,-0.50,9.74,0,1.70,-0.0774,0.0465,86,0.851,0.000,0.00,0.00,66.582,0
phase1 acc_mag=9.793 gravity=9.743 motion=0.050 moving_avg=0.033 rms=0.041 mean_rms=0.048 max_rms=0.056 min_rms=0.040 std=0.006 var=0.000 state=standing thr=0.080/0.350/0.850
-24.12,12.06,236.06,0.4575,-0.2320,0.0121,0.8583,-4.11,-1.80,8.72,0.00,0.81,-0.25,9.81,0,1.70,-0.0774,0.0466,86,0.851,0.000,0.00,0.00,66.582,0
-24.12,12.12,236.12,0.4577,-0.2321,0.0119,0.8582,-4.06,-1.81,8.68,-0.62,0.31,-0.69,9.75,0,1.70,-0.0775,0.0466,86,0.851,0.000,0.00,0.00,66.582,0
-24.12,12.19,236.12,0.4577,-0.2324,0.0117,0.8581,-4.04,-1.78,8.69,-0.44,0.44,-0.06,9.75,0,1.70,-0.0776,0.0465,86,0.851,0.000,0.00,0.00,66.582,0
phase1 acc_mag=9.726 gravity=9.741 motion=0.015 moving_avg=0.034 rms=0.042 mean_rms=0.045 max_rms=0.054 min_rms=0.040 std=0.005 var=0.000 state=standing thr=0.080/0.350/0.850
-24.12,12.19,236.12,0.4578,-0.2326,0.0112,0.8580,-4.01,-1.78,8.68,-0.81,0.50,-0.38,9.73,0,1.70,-0.0778,0.0465,86,0.851,0.000,0.00,0.00,66.582,0
-24.19,12.31,236.12,0.4577,-0.2332,0.0107,0.8579,-4.11,-1.85,8.73,-1.06,0.62,-0.50,9.82,0,1.70,-0.0780,0.0464,86,0.851,0.000,0.00,0.00,66.582,0
-24.12,12.31,236.12,0.4576,-0.2330,0.0106,0.8580,-4.01,-1.78,8.69,-0.25,0.12,0.56,9.73,0,1.70,-0.0780,0.0463,86,0.851,0.000,0.00,0.00,66.582,0
-24.12,12.31,236.12,0.4576,-0.2330,0.0106,0.8580,-4.12,-1.81,8.67,0.00,0.19,-0.44,9.77,0,1.70,-0.0780,0.0463,86,0.851,0.000,0.00,0.00,66.582,0
phase1 acc_mag=9.776 gravity=9.743 motion=0.033 moving_avg=0.033 rms=0.041 mean_rms=0.043 max_rms=0.050 min_rms=0.040 std=0.004 var=0.000 state=standing thr=0.080/0.350/0.850
-24.12,12.38,236.19,0.4582,-0.2331,0.0104,0.8577,-4.01,-1.77,8.66,-1.00,0.44,-2.75,9.71,0,1.70,-0.0781,0.0463,86,0.851,0.000,0.00,0.00,66.582,0
-24.12,12.44,236.25,0.4587,-0.2334,0.0100,0.8573,-4.12,-1.85,8.68,0.00,-0.62,-0.06,9.78,0,1.70,-0.0782,0.0463,86,0.851,0.000,0.00,0.00,66.582,0
-24.12,12.38,236.25,0.4584,-0.2333,0.0102,0.8575,-4.01,-1.76,8.65,0.06,0.25,0.81,9.70,0,1.70,-0.0782,0.0463,86,0.851,0.000,0.00,0.00,66.582,0
-24.12,12.38,236.19,0.4584,-0.2335,0.0102,0.8575,-4.07,-1.80,8.65,0.25,-0.50,0.19,9.73,0,1.70,-0.0782,0.0463,86,0.851,0.000,0.00,0.00,66.582,0
phase1 acc_mag=9.791 gravity=9.745 motion=0.046 moving_avg=0.036 rms=0.044 mean_rms=0.043 max_rms=0.046 min_rms=0.040 std=0.004 var=0.000 state=standing thr=0.080/0.350/0.850
-24.12,12.38,236.19,0.4584,-0.2335,0.0102,0.8575,-4.15,-1.85,8.68,-0.38,-0.12,-0.50,9.80,0,1.70,-0.0782,0.0463,86,0.851,0.000,0.00,0.00,66.582,0
-24.12,12.44,236.19,0.4583,-0.2334,0.0101,0.8575,-4.10,-1.84,8.69,-0.25,0.25,-0.06,9.78,0,1.70,-0.0782,0.0463,86,0.851,0.000,0.00,0.00,66.582,0
-24.12,12.38,236.19,0.4582,-0.2334,0.0102,0.8576,-4.13,-1.82,8.66,-0.19,0.56,-0.25,9.77,0,1.70,-0.0782,0.0463,86,0.851,0.000,0.00,0.00,66.582,0
-24.12,12.38,236.19,0.4582,-0.2334,0.0102,0.8576,-4.04,-1.76,8.66,-0.19,0.06,-0.06,9.72,0,1.70,-0.0782,0.0463,86,0.851,0.000,0.00,0.00,66.582,0
phase1 acc_mag=9.695 gravity=9.745 motion=0.050 moving_avg=0.033 rms=0.039 mean_rms=0.042 max_rms=0.044 min_rms=0.039 std=0.004 var=0.000 state=standing thr=0.080/0.350/0.850
-24.19,12.44,236.19,0.4581,-0.2338,0.0101,0.8575,-4.14,-1.85,8.69,-1.19,1.06,-0.50,9.80,0,1.70,-0.0784,0.0463,86,0.851,0.000,0.00,0.00,66.582,0
-24.19,12.44,236.19,0.4579,-0.2338,0.0101,0.8576,-4.03,-1.77,8.67,0.81,-0.88,1.25,9.72,0,1.70,-0.0784,0.0463,86,0.851,0.000,0.00,0.00,66.582,0
-24.12,12.31,236.12,0.4578,-0.2328,0.0106,0.8580,-4.05,-1.77,8.67,1.38,-1.31,0.31,9.73,0,1.70,-0.0780,0.0462,86,0.851,0.000,0.00,0.00,66.582,0
-24.06,12.31,236.19,0.4583,-0.2324,0.0104,0.8578,-4.08,-1.83,8.68,0.12,-0.81,-0.62,9.76,0,1.70,-0.0778,0.0462,86,0.851,0.000,0.00,0.00,66.582,0
phase1 acc_mag=9.730 gravity=9.748 motion=0.018 moving_avg=0.030 rms=0.036 mean_rms=0.041 max_rms=0.044 min_rms=0.036 std=0.004 var=0.000 state=standing thr=0.080/0.350/0.850
-24.06,12.25,236.19,0.4581,-0.2322,0.0106,0.8580,-4.06,-1.81,8.63,0.56,-0.25,0.94,9.71,0,1.70,-0.0778,0.0462,86,0.851,0.000,0.00,0.00,66.582,0
-24.06,12.19,236.06,0.4575,-0.2318,0.0112,0.8584,-3.99,-1.67,8.67,0.81,-0.12,0.81,9.69,0,1.70,-0.0775,0.0463,86,0.851,0.000,0.00,0.00,66.582,0
-24.06,12.19,236.06,0.4575,-0.2318,0.0112,0.8584,-4.03,-1.79,8.67,-0.38,0.12,-0.25,9.73,0,1.70,-0.0775,0.0463,86,0.851,0.000,0.00,0.00,66.582,0
-24.06,12.12,236.06,0.4575,-0.2318,0.0113,0.8584,-4.05,-1.75,8.70,-0.19,0.06,-0.44,9.75,0,1.70,-0.0775,0.0463,86,0.851,0.000,0.00,0.00,66.582,0
phase1 acc_mag=9.680 gravity=9.747 motion=0.067 moving_avg=0.030 rms=0.036 mean_rms=0.040 max_rms=0.044 min_rms=0.034 std=0.005 var=0.000 state=standing thr=0.080/0.350/0.850
-24.06,12.19,236.06,0.4573,-0.2318,0.0112,0.8585,-4.08,-1.72,8.71,0.25,0.19,0.69,9.77,0,1.70,-0.0775,0.0463,86,0.851,0.000,0.00,0.00,66.582,0
-24.06,12.19,236.06,0.4573,-0.2321,0.0110,0.8585,-4.07,-1.76,8.65,-0.62,0.81,-0.06,9.72,0,1.70,-0.0777,0.0462,86,0.851,0.000,0.00,0.00,66.582,0
-24.12,12.19,236.06,0.4570,-0.2324,0.0110,0.8585,-4.01,-1.73,8.68,-0.19,0.44,0.75,9.72,0,1.70,-0.0778,0.0463,86,0.851,0.000,0.00,0.00,66.582,0
-24.12,12.25,236.00,0.4570,-0.2325,0.0110,0.8585,-4.08,-1.75,8.67,-0.12,0.38,0.12,9.74,0,1.70,-0.0778,0.0463,86,0.851,0.000,0.00,0.00,66.582,0
phase1 acc_mag=9.747 gravity=9.746 motion=0.001 moving_avg=0.027 rms=0.033 mean_rms=0.038 max_rms=0.044 min_rms=0.033 std=0.005 var=0.000 state=standing thr=0.080/0.350/0.850
-24.12,12.25,236.00,0.4569,-0.2327,0.0107,0.8585,-4.10,-1.85,8.66,-0.94,0.69,-0.50,9.76,0,1.70,-0.0780,0.0462,86,0.851,0.000,0.00,0.00,66.582,0
-24.12,12.31,236.06,0.4571,-0.2330,0.0104,0.8583,-4.07,-1.74,8.68,-0.88,0.31,-1.31,9.74,0,1.70,-0.0781,0.0462,86,0.851,0.000,0.00,0.00,66.582,0
-24.12,12.38,236.06,0.4575,-0.2330,0.0099,0.8581,-4.04,-1.78,8.64,-0.62,-0.12,-0.44,9.70,0,1.70,-0.0782,0.0460,86,0.851,0.000,0.00,0.00,66.582,0
-24.12,12.38,236.06,0.4573,-0.2330,0.0100,0.8582,-4.12,-1.82,8.72,-0.19,0.38,0.38,9.81,0,1.70,-0.0782,0.0461,86,0.851,0.000,0.00,0.00,66.582,0
phase1 acc_mag=9.773 gravity=9.745 motion=0.028 moving_avg=0.026 rms=0.032 mean_rms=0.035 max_rms=0.043 min_rms=0.029 std=0.005 var=0.000 state=standing thr=0.080/0.350/0.850
-24.12,12.38,236.06,0.4570,-0.2330,0.0101,0.8583,-4.01,-1.80,8.69,-0.25,0.50,0.56,9.74,0,1.70,-0.0782,0.0461,86,0.851,0.000,0.00,0.00,66.582,0
-24.12,12.38,236.06,0.4570,-0.2331,0.0101,0.8583,-4.08,-1.79,8.68,-0.19,0.06,-0.31,9.76,0,1.70,-0.0782,0.0461,86,0.851,0.000,0.00,0.00,66.582,0
-24.19,12.38,236.06,0.4570,-0.2334,0.0101,0.8582,-4.11,-1.78,8.68,-0.88,1.00,-0.56,9.77,0,1.70,-0.0783,0.0461,86,0.851,0.000,0.00,0.00,66.582,0
-24.19,12.38,236.00,0.4568,-0.2332,0.0103,0.8584,-4.12,-1.81,8.68,0.81,-0.69,0.50,9.78,0,1.70,-0.0782,0.0462,86,0.851,0.000,0.00,0.00,66.582,0
phase1 acc_mag=9.735 gravity=9.747 motion=0.013 moving_avg=0.026 rms=0.032 mean_rms=0.034 max_rms=0.039 min_rms=0.029 std=0.004 var=0.000 state=standing thr=0.080/0.350/0.850
-24.12,12.25,235.94,0.4565,-0.2324,0.0107,0.8588,-4.05,-1.70,8.64,1.75,-1.06,1.94,9.69,0,1.70,-0.0779,0.0461,86,0.851,0.000,0.00,0.00,66.582,0
-24.06,12.19,235.94,0.4564,-0.2319,0.0107,0.8590,-4.10,-1.79,8.70,-0.31,-0.12,-0.38,9.78,0,1.70,-0.0777,0.0460,86,0.851,0.000,0.00,0.00,66.582,0
-24.12,12.19,235.94,0.4564,-0.2325,0.0109,0.8588,-4.18,-1.78,8.67,-0.75,0.69,-0.75,9.79,0,1.70,-0.0779,0.0462,86,0.851,0.000,0.00,0.00,66.582,0
-24.12,12.19,235.94,0.4564,-0.2325,0.0109,0.8588,-4.05,-1.74,8.68,-0.25,0.25,-0.31,9.74,0,1.70,-0.0779,0.0462,86,0.851,0.000,0.00,0.00,66.582,0
phase1 acc_mag=9.723 gravity=9.744 motion=0.021 moving_avg=0.027 rms=0.034 mean_rms=0.033 max_rms=0.036 min_rms=0.029 std=0.004 var=0.000 state=standing thr=0.080/0.350/0.850
-24.19,12.31,236.00,0.4567,-0.2332,0.0105,0.8585,-4.09,-1.73,8.68,-0.75,0.00,-0.31,9.75,0,1.70,-0.0782,0.0462,86,0.851,0.000,0.00,0.00,66.582,0
-24.12,12.38,236.00,0.4568,-0.2332,0.0101,0.8584,-4.06,-1.67,8.64,1.06,-1.44,1.25,9.69,0,1.70,-0.0782,0.0461,86,0.851,0.000,0.00,0.00,66.582,0
-24.19,12.31,235.94,0.4564,-0.2333,0.0104,0.8586,-4.21,-1.76,8.67,-0.56,1.06,0.12,9.80,0,1.70,-0.0782,0.0462,86,0.851,0.000,0.00,0.00,66.582,0
-24.19,12.31,235.94,0.4563,-0.2333,0.0104,0.8586,-4.07,-1.79,8.67,0.19,0.12,-0.06,9.74,0,1.70,-0.0782,0.0462,86,0.851,0.000,0.00,0.00,66.582,0
phase1 acc_mag=9.748 gravity=9.747 motion=0.001 moving_avg=0.029 rms=0.039 mean_rms=0.034 max_rms=0.039 min_rms=0.029 std=0.004 var=0.000 state=standing thr=0.080/0.350/0.850
-24.19,12.31,235.94,0.4564,-0.2334,0.0104,0.8585,-4.14,-1.85,8.72,0.00,-0.19,-0.19,9.83,0,1.70,-0.0783,0.0462,86,0.851,0.000,0.00,0.00,66.582,0
-24.19,12.31,235.94,0.4565,-0.2334,0.0104,0.8585,-4.11,-1.81,8.69,-0.19,-0.06,-0.19,9.78,0,1.70,-0.0783,0.0462,86,0.851,0.000,0.00,0.00,66.582,0
-24.19,12.31,235.94,0.4564,-0.2335,0.0104,0.8585,-4.19,-1.80,8.67,-0.44,0.81,-0.06,9.80,0,1.70,-0.0783,0.0462,86,0.851,0.000,0.00,0.00,66.582,0
-24.19,12.31,235.94,0.4562,-0.2335,0.0104,0.8586,-4.11,-1.80,8.62,-0.12,-0.25,0.25,9.72,0,1.70,-0.0783,0.0462,86,0.851,0.000,0.00,0.00,66.582,0
phase1 acc_mag=9.807 gravity=9.750 motion=0.057 moving_avg=0.033 rms=0.042 mean_rms=0.035 max_rms=0.042 min_rms=0.029 std=0.005 var=0.000 state=standing thr=0.080/0.350/0.850
-24.19,12.31,235.94,0.4561,-0.2335,0.0104,0.8587,-4.15,-1.82,8.68,-0.25,-0.31,0.12,9.79,0,1.70,-0.0783,0.0462,86,0.851,0.000,0.00,0.00,66.582,0
-24.19,12.31,235.94,0.4563,-0.2335,0.0104,0.8586,-4.13,-1.78,8.67,-0.19,-0.19,-0.88,9.77,0,1.70,-0.0783,0.0462,86,0.851,0.000,0.00,0.00,66.582,0
-24.19,12.31,236.00,0.4565,-0.2331,0.0106,0.8585,-4.18,-1.75,8.68,-0.38,0.44,-1.38,9.79,0,1.70,-0.0781,0.0462,86,0.851,0.000,0.00,0.00,66.582,0
phase1 acc_mag=9.714 gravity=9.747 motion=0.034 moving_avg=0.033 rms=0.042 mean_rms=0.038 max_rms=0.043 min_rms=0.032 std=0.005 var=0.000 state=standing thr=0.080/0.350/0.850
-24.12,12.25,235.94,0.4564,-0.2327,0.0107,0.8587,-4.02,-1.74,8.67,0.94,-1.25,1.38,9.71,0,1.70,-0.0780,0.0462,86,0.851,0.000,0.00,0.00,66.582,0
-24.19,12.25,235.88,0.4560,-0.2332,0.0110,0.8588,-4.13,-1.76,8.67,-0.50,0.62,0.88,9.76,0,1.70,-0.0781,0.0463,86,0.851,0.000,0.00,0.00,66.582,0
-24.25,12.25,235.94,0.4561,-0.2336,0.0108,0.8586,-4.07,-1.77,8.67,-1.81,1.25,-1.25,9.74,0,1.70,-0.0783,0.0463,86,0.851,0.000,0.00,0.00,66.582,0
-24.31,12.50,236.00,0.4565,-0.2351,0.0101,0.8580,-4.18,-1.87,8.61,-0.50,2.50,-0.50,9.75,0,1.70,-0.0788,0.0464,86,0.851,0.000,0.00,0.00,66.582,0
phase1 acc_mag=9.766 gravity=9.746 motion=0.020 moving_avg=0.039 rms=0.052 mean_rms=0.040 max_rms=0.052 min_rms=0.033 std=0.006 var=0.000 state=standing thr=0.080/0.350/0.850
-24.50,12.62,236.00,0.4564,-0.2372,0.0100,0.8575,-4.13,-1.75,8.53,-1.56,2.94,0.25,9.64,0,1.70,-0.0795,0.0467,86,0.851,0.000,0.00,0.00,66.582,0
-24.69,12.69,236.00,0.4563,-0.2387,0.0101,0.8572,-4.21,-1.93,8.62,-0.56,1.88,-0.81,9.79,0,1.70,-0.0800,0.0470,86,0.851,0.000,0.00,0.00,66.582,0
-24.81,12.62,236.00,0.4561,-0.2390,0.0112,0.8572,-4.32,-1.97,8.66,0.88,-0.81,1.12,9.88,0,1.70,-0.0799,0.0474,86,0.851,0.000,0.00,0.00,66.582,0
-24.75,12.44,235.94,0.4557,-0.2379,0.0123,0.8577,-4.24,-1.83,8.63,1.88,-0.88,-0.62,9.79,0,1.70,-0.0794,0.0476,86,0.851,0.000,0.00,0.00,66.582,0
phase1 acc_mag=9.657 gravity=9.751 motion=0.094 moving_avg=0.046 rms=0.059 mean_rms=0.045 max_rms=0.059 min_rms=0.034 std=0.008 var=0.000 state=standing thr=0.080/0.350/0.850
-24.62,12.25,235.94,0.4557,-0.2360,0.0132,0.8582,-4.17,-1.88,8.64,3.00,-2.75,1.25,9.78,0,1.70,-0.0786,0.0475,86,0.851,0.000,0.00,0.00,66.582,0
-24.44,11.88,235.88,0.4559,-0.2328,0.0148,0.8589,-3.86,-1.71,8.62,5.56,-5.69,2.12,9.60,0,1.70,-0.0773,0.0476,86,0.851,0.000,0.00,0.00,66.582,0
-24.25,11.44,235.81,0.4557,-0.2297,0.0167,0.8598,-4.12,-1.56,8.68,5.62,-3.56,2.00,9.73,0,1.70,-0.0759,0.0476,86,0.851,0.000,0.00,0.00,66.582,0
-24.00,11.06,235.69,0.4547,-0.2267,0.0179,0.8611,-3.84,-1.56,8.72,0.88,-2.00,1.44,9.65,0,1.70,-0.0748,0.0474,86,0.851,0.000,0.00,0.00,66.582,0
phase1 acc_mag=9.748 gravity=9.748 motion=0.000 moving_avg=0.050 rms=0.064 mean_rms=0.049 max_rms=0.064 min_rms=0.039 std=0.009 var=0.000 state=standing thr=0.080/0.350/0.850
-23.88,10.94,235.50,0.4536,-0.2259,0.0179,0.8619,-4.20,-1.50,8.79,-1.25,-3.25,2.38,9.86,0,1.70,-0.0746,0.0472,86,0.851,0.000,0.00,0.00,66.582,0
-23.69,11.06,235.31,0.4525,-0.2250,0.0157,0.8628,-3.95,-1.53,8.73,-4.44,1.56,0.31,9.70,0,1.70,-0.0748,0.0461,86,0.851,0.000,0.00,0.00,66.582,0
-23.81,11.44,235.31,0.4522,-0.2271,0.0139,0.8624,-4.05,-1.70,8.71,-1.81,1.25,0.94,9.75,0,1.70,-0.0758,0.0459,86,0.851,0.000,0.00,0.00,66.582,0
phase1 acc_mag=9.758 gravity=9.741 motion=0.017 moving_avg=0.058 rms=0.073 mean_rms=0.055 max_rms=0.073 min_rms=0.041 std=0.011 var=0.000 state=standing thr=0.080/0.350/0.850
-23.88,11.50,235.25,0.4517,-0.2279,0.0137,0.8624,-3.94,-1.82,8.74,-1.19,1.50,1.81,9.76,0,1.70,-0.0762,0.0459,86,0.851,0.000,0.00,0.00,66.582,0
-24.00,11.25,235.19,0.4513,-0.2278,0.0158,0.8627,-4.18,-1.72,8.71,4.06,-2.44,0.06,9.81,0,1.70,-0.0758,0.0466,86,0.851,0.000,0.00,0.00,66.582,0
-23.88,11.06,235.31,0.4523,-0.2264,0.0166,0.8625,-4.03,-1.54,8.76,0.19,1.00,-1.56,9.76,0,1.70,-0.0751,0.0467,86,0.851,0.000,0.00,0.00,66.582,0
-23.94,11.06,235.38,0.4528,-0.2264,0.0169,0.8622,-3.97,-1.64,8.74,1.12,0.50,-0.88,9.74,0,1.70,-0.0750,0.0468,86,0.851,0.000,0.00,0.00,66.582,0
phase1 acc_mag=9.677 gravity=9.741 motion=0.063 moving_avg=0.065 rms=0.083 mean_rms=0.063 max_rms=0.084 min_rms=0.043 std=0.012 var=0.000 state=standing thr=0.088/0.350/0.850
-23.88,10.94,235.44,0.4531,-0.2258,0.0178,0.8622,-4.00,-1.54,8.71,1.69,-0.88,0.00,9.71,0,1.70,-0.0747,0.0471,86,0.851,0.000,0.00,0.00,66.582,0
-23.94,10.94,235.44,0.4531,-0.2260,0.0179,0.8621,-4.07,-1.64,8.75,-1.31,2.25,0.44,9.79,0,1.70,-0.0747,0.0471,86,0.851,0.000,0.00,0.00,66.582,0
-24.00,11.00,235.38,0.4528,-0.2269,0.0181,0.8621,-3.97,-1.59,8.71,0.25,0.25,0.88,9.70,0,1.70,-0.0750,0.0473,86,0.851,0.000,0.00,0.00,66.582,0
-24.12,10.94,235.31,0.4523,-0.2275,0.0187,0.8621,-4.05,-1.60,8.69,0.31,1.25,0.75,9.72,0,1.70,-0.0751,0.0476,86,0.851,0.000,0.00,0.00,66.582,0
phase1 acc_mag=9.704 gravity=9.738 motion=0.034 moving_avg=0.061 rms=0.078 mean_rms=0.070 max_rms=0.084 min_rms=0.055 std=0.011 var=0.000 state=standing thr=0.092/0.350/0.850
-24.19,10.88,235.31,0.4521,-0.2277,0.0193,0.8622,-4.08,-1.65,8.72,0.81,0.31,0.25,9.77,0,1.70,-0.0750,0.0478,86,0.851,0.000,0.00,0.00,66.582,0
-24.19,10.75,235.31,0.4521,-0.2272,0.0204,0.8623,-4.07,-1.55,8.70,1.31,-0.31,0.06,9.73,0,1.70,-0.0747,0.0481,86,0.851,0.000,0.00,0.00,66.582,0
-24.25,10.62,235.31,0.4521,-0.2270,0.0216,0.8624,-4.11,-1.49,8.70,1.94,0.94,0.44,9.74,0,1.70,-0.0744,0.0485,86,0.851,0.000,0.00,0.00,66.582,0
-24.31,10.56,235.31,0.4520,-0.2272,0.0222,0.8623,-4.10,-1.58,8.69,0.06,1.12,0.44,9.74,0,1.70,-0.0744,0.0487,86,0.851,0.000,0.00,0.00,66.582,0
phase1 acc_mag=9.778 gravity=9.731 motion=0.046 moving_avg=0.053 rms=0.072 mean_rms=0.074 max_rms=0.084 min_rms=0.059 std=0.008 var=0.000 state=standing thr=0.091/0.350/0.850
-24.31,10.50,235.31,0.4520,-0.2271,0.0222,0.8623,-4.07,-1.54,8.74,0.56,-1.19,-0.75,9.76,0,1.70,-0.0743,0.0487,86,0.851,0.000,0.00,0.00,66.582,0
-24.25,10.50,235.38,0.4528,-0.2264,0.0225,0.8621,-3.88,-1.51,8.71,2.12,-1.12,-0.69,9.65,0,1.70,-0.0740,0.0488,86,0.851,0.000,0.00,0.00,66.582,0
-24.12,10.38,235.44,0.4531,-0.2253,0.0229,0.8622,-4.06,-1.48,8.74,0.69,0.19,-0.56,9.75,0,1.70,-0.0735,0.0487,86,0.851,0.000,0.00,0.00,66.582,0
phase1 acc_mag=9.662 gravity=9.731 motion=0.069 moving_avg=0.050 rms=0.068 mean_rms=0.076 max_rms=0.084 min_rms=0.068 std=0.006 var=0.000 state=standing thr=0.088/0.350/0.850
-24.12,10.31,235.38,0.4532,-0.2250,0.0232,0.8622,-3.96,-1.41,8.70,0.81,-0.81,-0.38,9.66,0,1.70,-0.0734,0.0488,86,0.851,0.000,0.00,0.00,66.582,0
-24.12,10.31,235.50,0.4538,-0.2250,0.0234,0.8619,-4.09,-1.54,8.73,1.50,-0.19,0.19,9.76,0,1.70,-0.0733,0.0489,86,0.851,0.000,0.00,0.00,66.582,0
-24.12,10.25,235.50,0.4538,-0.2250,0.0237,0.8619,-4.06,-1.55,8.75,-0.06,-0.06,-0.19,9.77,0,1.70,-0.0733,0.0490,86,0.851,0.000,0.00,0.00,66.582,0
-24.19,10.25,235.50,0.4537,-0.2254,0.0242,0.8618,-4.11,-1.46,8.72,-1.56,1.69,-0.81,9.75,0,1.70,-0.0733,0.0492,86,0.851,0.000,0.00,0.00,66.582,0
phase1 acc_mag=9.814 gravity=9.727 motion=0.087 moving_avg=0.043 rms=0.062 mean_rms=0.075 max_rms=0.084 min_rms=0.062 std=0.008 var=0.000 state=standing thr=0.090/0.350/0.850
-24.25,10.25,235.50,0.4537,-0.2257,0.0242,0.8618,-3.97,-1.51,8.71,-0.44,0.25,-0.12,9.69,0,1.70,-0.0734,0.0493,86,0.851,0.000,0.00,0.00,66.582,0
-24.38,10.31,235.50,0.4534,-0.2270,0.0242,0.8616,-4.09,-1.51,8.71,-1.62,1.88,-0.19,9.74,0,1.70,-0.0738,0.0495,86,0.851,0.000,0.00,0.00,66.582,0
-24.44,10.38,235.44,0.4529,-0.2277,0.0245,0.8616,-3.96,-1.47,8.70,-0.31,1.00,1.56,9.67,0,1.70,-0.0740,0.0497,86,0.851,0.000,0.00,0.00,66.582,0
-24.56,10.38,235.38,0.4526,-0.2286,0.0247,0.8616,-4.05,-1.49,8.67,-0.31,1.06,0.81,9.68,0,1.70,-0.0743,0.0499,86,0.851,0.000,0.00,0.00,66.582,0
phase1 acc_mag=9.692 gravity=9.730 motion=0.038 moving_avg=0.037 rms=0.048 mean_rms=0.068 max_rms=0.084 min_rms=0.048 std=0.011 var=0.000 state=standing thr=0.090/0.350/0.850
-24.62,10.38,235.44,0.4527,-0.2287,0.0250,0.8615,-4.10,-1.50,8.69,0.06,0.00,-0.94,9.73,0,1.70,-0.0743,0.0500,86,0.851,0.000,0.00,0.00,66.582,0
-24.62,10.44,235.44,0.4531,-0.2292,0.0250,0.8611,-4.08,-1.53,8.69,-0.62,1.38,-0.94,9.72,0,1.70,-0.0744,0.0501,86,0.851,0.000,0.00,0.00,66.582,0
-24.69,10.31,235.44,0.4527,-0.2292,0.0255,0.8613,-4.16,-1.49,8.73,0.56,0.00,0.62,9.78,0,1.70,-0.0743,0.0503,86,0.851,0.000,0.00,0.00,66.582,0
-24.56,10.12,235.38,0.4527,-0.2276,0.0262,0.8617,-4.01,-1.49,8.82,1.00,-2.19,-0.50,9.80,0,1.70,-0.0737,0.0503,86,0.851,0.000,0.00,0.00,66.582,0
phase1 acc_mag=9.773 gravity=9.727 motion=0.046 moving_avg=0.043 rms=0.062 mean_rms=0.062 max_rms=0.076 min_rms=0.046 std=0.011 var=0.000 state=standing thr=0.084/0.350/0.850
-24.44,10.06,235.38,0.4528,-0.2265,0.0262,0.8620,-4.05,-1.47,8.74,0.69,-1.75,1.00,9.74,0,1.70,-0.0733,0.0501,86,0.851,0.000,0.00,0.00,66.582,0
-24.38,10.00,235.38,0.4526,-0.2258,0.0263,0.8623,-4.12,-1.45,8.74,0.62,-1.19,-0.50,9.77,0,1.70,-0.0731,0.0499,86,0.851,0.000,0.00,0.00,66.582,0
-24.38,10.00,235.44,0.4527,-0.2263,0.0269,0.8621,-4.51,-1.37,8.78,0.44,6.12,4.00,9.97,0,1.70,-0.0731,0.0503,86,0.851,0.000,0.00,0.00,66.582,0
-24.62,9.94,235.44,0.4528,-0.2273,0.0281,0.8617,-4.07,-1.50,8.67,-1.50,1.56,-1.81,9.69,0,1.70,-0.0732,0.0509,86,0.851,0.000,0.00,0.00,66.582,0
phase1 acc_mag=9.797 gravity=9.722 motion=0.075 moving_avg=0.064 rms=0.098 mean_rms=0.062 max_rms=0.098 min_rms=0.046 std=0.013 var=0.000 state=slow thr=0.089/0.350/0.850
-24.56,10.06,235.50,0.4534,-0.2272,0.0273,0.8615,-3.95,-1.42,8.54,-1.44,-2.56,-2.38,9.52,0,1.70,-0.0733,0.0506,86,0.851,0.000,0.00,0.00,66.582,0
-24.50,10.12,235.56,0.4541,-0.2272,0.0266,0.8611,-4.02,-1.45,8.66,-1.00,-1.00,-2.12,9.66,0,1.70,-0.0734,0.0504,86,0.851,0.000,0.00,0.00,66.582,0
-24.56,10.31,235.69,0.4550,-0.2280,0.0259,0.8605,-4.05,-1.38,8.69,-1.62,2.50,-2.06,9.69,0,1.70,-0.0738,0.0504,86,0.851,0.000,0.00,0.00,66.582,0
phase1 acc_mag=9.869 gravity=9.716 motion=0.153 moving_avg=0.073 rms=0.108 mean_rms=0.069 max_rms=0.108 min_rms=0.046 std=0.021 var=0.000 state=standing thr=0.111/0.350/0.850
-24.69,10.50,235.81,0.4556,-0.2301,0.0252,0.8596,-4.19,-1.81,8.75,-0.88,2.88,-0.31,9.87,0,1.70,-0.0745,0.0506,86,0.851,0.000,0.00,0.00,66.582,0
-24.81,10.50,235.88,0.4563,-0.2306,0.0259,0.8591,-4.39,-1.86,8.84,-1.06,-0.12,-2.06,10.04,0,1.70,-0.0745,0.0510,86,0.851,0.000,0.00,0.00,66.582,0
-24.75,10.50,235.94,0.4567,-0.2303,0.0261,0.8589,-4.14,-1.49,8.66,1.62,-0.94,-0.25,9.71,0,1.70,-0.0744,0.0510,86,0.851,0.000,0.00,0.00,66.582,0
-24.62,10.38,236.00,0.4571,-0.2288,0.0262,0.8591,-4.10,-1.55,8.71,1.38,-3.00,0.62,9.75,0,1.70,-0.0738,0.0508,86,0.851,0.000,0.00,0.00,66.582,0
phase1 acc_mag=9.784 gravity=9.726 motion=0.059 moving_avg=0.080 rms=0.115 mean_rms=0.079 max_rms=0.116 min_rms=0.046 std=0.027 var=0.001 state=standing thr=0.133/0.350/0.850
-24.50,10.25,235.94,0.4568,-0.2274,0.0267,0.8596,-4.05,-1.49,8.69,1.75,-1.94,1.88,9.70,0,1.70,-0.0733,0.0507,86,0.851,0.000,0.00,0.00,66.582,0
-24.44,10.06,235.81,0.4562,-0.2261,0.0273,0.8602,-3.96,-1.33,8.68,1.44,-1.12,2.38,9.63,0,1.70,-0.0728,0.0507,86,0.851,0.000,0.00,0.00,66.582,0
-24.44,10.00,235.81,0.4557,-0.2261,0.0276,0.8605,-4.08,-1.42,8.72,-0.38,-0.19,0.38,9.73,0,1.70,-0.0728,0.0507,86,0.851,0.000,0.00,0.00,66.582,0
-24.44,10.00,235.75,0.4557,-0.2260,0.0276,0.8605,-4.02,-1.42,8.72,0.31,-0.88,0.62,9.71,0,1.70,-0.0728,0.0507,86,0.851,0.000,0.00,0.00,66.582,0
phase1 acc_mag=9.773 gravity=9.722 motion=0.050 moving_avg=0.082 rms=0.116 mean_rms=0.092 max_rms=0.116 min_rms=0.046 std=0.026 var=0.001 state=standing thr=0.144/0.350/0.850
-24.44,10.00,235.75,0.4557,-0.2260,0.0276,0.8605,-4.07,-1.49,8.74,-0.56,-0.56,-0.06,9.76,0,1.70,-0.0727,0.0507,86,0.851,0.000,0.00,0.00,66.582,0
-24.44,10.00,235.75,0.4556,-0.2260,0.0278,0.8606,-4.14,-1.49,8.70,-0.25,0.25,-0.19,9.75,0,1.70,-0.0727,0.0507,86,0.851,0.000,0.00,0.00,66.582,0
-24.44,9.94,235.75,0.4556,-0.2256,0.0280,0.8607,-4.04,-1.43,8.73,0.62,-1.00,-0.38,9.73,0,1.70,-0.0726,0.0508,86,0.851,0.000,0.00,0.00,66.582,0
-24.44,9.94,235.75,0.4557,-0.2255,0.0280,0.8607,-4.08,-1.43,8.76,-0.62,1.19,-0.44,9.77,0,1.70,-0.0725,0.0508,86,0.851,0.000,0.00,0.00,66.582,0
phase1 acc_mag=9.723 gravity=9.719 motion=0.004 moving_avg=0.074 rms=0.108 mean_rms=0.106 max_rms=0.116 min_rms=0.063 std=0.015 var=0.000 state=standing thr=0.136/0.350/0.850
-24.44,10.00,235.75,0.4557,-0.2263,0.0276,0.8604,-4.11,-1.48,8.72,-1.88,1.31,-0.38,9.75,0,1.70,-0.0729,0.0508,86,0.851,0.000,0.00,0.00,66.582,0
-24.56,10.06,235.81,0.4557,-0.2275,0.0280,0.8601,-4.09,-1.14,8.58,-1.44,4.81,-0.69,9.57,0,1.70,-0.0732,0.0511,86,0.851,0.000,0.00,0.00,66.582,0
-24.75,10.00,235.81,0.4559,-0.2281,0.0289,0.8598,-3.90,-1.89,9.10,-3.50,-5.62,0.06,10.08,0,1.70,-0.0732,0.0516,86,0.851,0.000,0.00,0.00,66.582,0
-24.56,10.06,235.75,0.4553,-0.2272,0.0275,0.8604,-3.95,-1.42,8.78,-1.81,-2.06,0.75,9.73,0,1.70,-0.0732,0.0509,86,0.851,0.000,0.00,0.00,66.582,0
phase1 acc_mag=9.636 gravity=9.727 motion=0.091 moving_avg=0.070 rms=0.109 mean_rms=0.111 max_rms=0.116 min_rms=0.096 std=0.007 var=0.000 state=standing thr=0.124/0.350/0.850
-24.62,10.25,235.75,0.4551,-0.2285,0.0264,0.8602,-4.36,-1.76,8.80,-2.50,0.88,-1.75,9.98,0,1.70,-0.0738,0.0507,86,0.851,0.000,0.00,0.00,66.582,0
-24.56,10.19,235.69,0.4550,-0.2274,0.0267,0.8606,-3.99,-1.45,8.68,2.00,-2.69,1.31,9.66,0,1.70,-0.0734,0.0506,86,0.851,0.000,0.00,0.00,66.582,0
-24.44,10.06,235.62,0.4544,-0.2267,0.0267,0.8610,-4.17,-1.54,8.74,-0.12,-0.81,1.00,9.81,0,1.70,-0.0732,0.0504,86,0.851,0.000,0.00,0.00,66.582,0
-24.44,10.06,235.56,0.4542,-0.2261,0.0267,0.8613,-4.07,-1.49,8.74,0.81,-1.12,0.56,9.76,0,1.70,-0.0731,0.0503,86,0.851,0.000,0.00,0.00,66.582,0
phase1 acc_mag=9.748 gravity=9.736 motion=0.012 moving_avg=0.062 rms=0.103 mean_rms=0.112 max_rms=0.116 min_rms=0.096 std=0.006 var=0.000 state=standing thr=0.124/0.350/0.850
-24.38,10.00,235.62,0.4544,-0.2256,0.0270,0.8613,-4.05,-1.45,8.67,-0.12,0.12,-1.12,9.68,0,1.70,-0.0728,0.0503,86,0.851,0.000,0.00,0.00,66.582,0
-24.31,9.94,235.62,0.4547,-0.2247,0.0270,0.8615,-3.96,-1.43,8.72,0.88,-1.31,-0.19,9.68,0,1.70,-0.0725,0.0502,86,0.851,0.000,0.00,0.00,66.582,0
-24.31,9.94,235.62,0.4545,-0.2247,0.0270,0.8615,-4.08,-1.44,8.72,0.12,-0.06,0.94,9.73,0,1.70,-0.0725,0.0502,86,0.851,0.000,0.00,0.00,66.582,0
phase1 acc_mag=9.724 gravity=9.733 motion=0.009 moving_avg=0.055 rms=0.095 mean_rms=0.108 max_rms=0.116 min_rms=0.095 std=0.008 var=0.000 state=standing thr=0.124/0.350/0.850
-24.31,9.94,235.56,0.4544,-0.2248,0.0270,0.8616,-4.04,-1.48,8.72,-1.00,0.00,-0.25,9.72,0,1.70,-0.0726,0.0502,86,0.851,0.000,0.00,0.00,66.582,0
-24.25,9.94,235.56,0.4545,-0.2247,0.0267,0.8616,-4.04,-1.40,8.73,0.56,-0.88,-0.19,9.72,0,1.70,-0.0726,0.0500,86,0.851,0.000,0.00,0.00,66.582,0
-24.19,10.00,235.62,0.4550,-0.2244,0.0264,0.8614,-4.06,-1.48,8.70,0.50,-0.75,-0.12,9.71,0,1.70,-0.0725,0.0499,86,0.851,0.000,0.00,0.00,66.582,0
-24.19,9.94,235.62,0.4549,-0.2239,0.0266,0.8615,-3.95,-1.39,8.73,0.75,-0.75,0.81,9.68,0,1.70,-0.0723,0.0499,86,0.851,0.000,0.00,0.00,66.582,0
phase1 acc_mag=9.755 gravity=9.735 motion=0.020 moving_avg=0.053 rms=0.094 mean_rms=0.103 max_rms=0.116 min_rms=0.094 std=0.009 var=0.000 state=standing thr=0.120/0.350/0.850
-24.19,9.94,235.62,0.4548,-0.2239,0.0267,0.8616,-3.99,-1.40,8.71,0.31,-0.19,0.44,9.68,0,1.70,-0.0723,0.0499,86,0.851,0.000,0.00,0.00,66.582,0
-24.19,9.94,235.62,0.4547,-0.2239,0.0267,0.8616,-3.99,-1.34,8.71,0.31,0.38,1.12,9.67,0,1.70,-0.0723,0.0499,86,0.851,0.000,0.00,0.00,66.582,0
-24.19,9.94,235.62,0.4546,-0.2242,0.0267,0.8616,-3.95,-1.33,8.71,-0.38,0.00,0.44,9.66,0,1.70,-0.0724,0.0500,86,0.851,0.000,0.00,0.00,66.582,0
-24.25,10.06,235.62,0.4547,-0.2248,0.0261,0.8615,-4.06,-1.46,8.75,-1.44,1.06,-0.69,9.76,0,1.70,-0.0727,0.0499,86,0.851,0.000,0.00,0.00,66.582,0
phase1 acc_mag=9.749 gravity=9.735 motion=0.014 moving_avg=0.055 rms=0.095 mean_rms=0.100 max_rms=0.113 min_rms=0.094 std=0.008 var=0.000 state=standing thr=0.115/0.350/0.850
-24.31,10.12,235.62,0.4545,-0.2254,0.0259,0.8613,-4.11,-1.45,8.75,-0.12,0.00,-0.38,9.78,0,1.70,-0.0729,0.0499,86,0.851,0.000,0.00,0.00,66.582,0
-24.25,10.06,235.62,0.4546,-0.2252,0.0260,0.8614,-4.08,-1.42,8.74,0.56,-0.88,-0.25,9.75,0,1.70,-0.0729,0.0499,86,0.851,0.000,0.00,0.00,66.582,0
-24.25,10.06,235.62,0.4546,-0.2250,0.0258,0.8614,-3.98,-1.39,8.71,-0.50,-0.25,0.12,9.68,0,1.70,-0.0728,0.0498,86,0.851,0.000,0.00,0.00,66.582,0
-24.38,10.25,235.62,0.4544,-0.2266,0.0250,0.8611,-4.11,-1.43,8.72,-2.12,2.12,0.06,9.75,0,1.70,-0.0735,0.0498,86,0.851,0.000,0.00,0.00,66.582,0
phase1 acc_mag=9.781 gravity=9.727 motion=0.054 moving_avg=0.037 rms=0.046 mean_rms=0.091 max_rms=0.110 min_rms=0.046 std=0.016 var=0.000 state=standing thr=0.124/0.350/0.850
-24.44,10.44,235.62,0.4544,-0.2277,0.0243,0.8608,-3.94,-1.52,8.65,-2.38,2.50,-1.31,9.63,0,1.70,-0.0740,0.0498,86,0.851,0.000,0.00,0.00,66.582,0
-24.56,10.50,235.62,0.4545,-0.2291,0.0246,0.8605,-4.11,-1.50,8.70,1.25,-0.44,0.38,9.74,0,1.70,-0.0744,0.0501,86,0.851,0.000,0.00,0.00,66.582,0
-24.56,10.38,235.69,0.4546,-0.2283,0.0250,0.8606,-4.08,-1.48,8.72,1.44,-1.62,-0.50,9.74,0,1.70,-0.0741,0.0501,86,0.851,0.000,0.00,0.00,66.582,0
-24.44,10.25,235.69,0.4550,-0.2269,0.0256,0.8607,-4.21,-1.45,8.74,3.19,-2.44,0.00,9.81,0,1.70,-0.0735,0.0501,86,0.851,0.000,0.00,0.00,66.582,0
phase1 acc_mag=9.712 gravity=9.729 motion=0.017 moving_avg=0.039 rms=0.049 mean_rms=0.079 max_rms=0.096 min_rms=0.046 std=0.022 var=0.000 state=standing thr=0.122/0.350/0.850
-24.25,10.19,235.75,0.4556,-0.2252,0.0253,0.8608,-3.81,-1.37,8.65,1.12,-1.56,0.50,9.55,0,1.70,-0.0729,0.0497,86,0.851,0.000,0.00,0.00,66.582,0
-24.38,10.31,235.75,0.4553,-0.2267,0.0252,0.8606,-4.16,-1.50,8.84,-0.44,4.38,0.81,9.88,0,1.70,-0.0735,0.0500,86,0.851,0.000,0.00,0.00,66.582,0
-24.50,10.31,235.69,0.4547,-0.2280,0.0254,0.8606,-4.20,-1.55,8.75,-1.19,0.00,1.12,9.83,0,1.70,-0.0739,0.0502,86,0.851,0.000,0.00,0.00,66.582,0
-24.44,10.19,235.56,0.4540,-0.2271,0.0258,0.8612,-4.08,-1.46,8.72,0.56,-1.75,0.69,9.74,0,1.70,-0.0735,0.0501,86,0.851,0.000,0.00,0.00,66.582,0
phase1 acc_mag=9.712 gravity=9.724 motion=0.012 moving_avg=0.047 rms=0.059 mean_rms=0.071 max_rms=0.095 min_rms=0.046 std=0.021 var=0.000 state=standing thr=0.114/0.350/0.850
-24.44,10.19,235.50,0.4537,-0.2266,0.0259,0.8615,-4.09,-1.48,8.74,-0.81,-0.31,-0.69,9.76,0,1.70,-0.0734,0.0500,86,0.851,0.000,0.00,0.00,66.582,0
-24.44,10.19,235.50,0.4536,-0.2270,0.0258,0.8614,-4.04,-1.48,8.73,-1.56,1.12,-0.19,9.73,0,1.70,-0.0735,0.0501,86,0.851,0.000,0.00,0.00,66.582,0
-24.56,10.31,235.56,0.4536,-0.2285,0.0255,0.8610,-4.08,-1.54,8.71,-2.12,2.12,0.19,9.74,0,1.70,-0.0741,0.0502,86,0.851,0.000,0.00,0.00,66.582,0
phase1 acc_mag=9.766 gravity=9.725 motion=0.041 moving_avg=0.049 rms=0.062 mean_rms=0.064 max_rms=0.095 min_rms=0.046 std=0.018 var=0.000 state=standing thr=0.099/0.350/0.850
-24.75,10.44,235.50,0.4532,-0.2302,0.0250,0.8608,-4.20,-1.60,8.67,-2.00,1.75,-0.50,9.77,0,1.70,-0.0747,0.0504,86,0.851,0.000,0.00,0.00,66.582,0
-24.75,10.44,235.50,0.4529,-0.2300,0.0252,0.8610,-4.08,-1.55,8.72,0.75,-1.31,1.88,9.75,0,1.70,-0.0746,0.0503,86,0.851,0.000,0.00,0.00,66.582,0
-24.75,10.38,235.44,0.4528,-0.2297,0.0257,0.8611,-4.15,-1.48,8.71,0.56,0.12,-0.88,9.76,0,1.70,-0.0745,0.0505,86,0.851,0.000,0.00,0.00,66.582,0
-24.69,10.31,235.50,0.4533,-0.2292,0.0258,0.8610,-4.09,-1.47,8.75,1.69,-1.88,-0.69,9.77,0,1.70,-0.0743,0.0505,86,0.851,0.000,0.00,0.00,66.582,0
phase1 acc_mag=9.747 gravity=9.725 motion=0.022 moving_avg=0.051 rms=0.064 mean_rms=0.057 max_rms=0.093 min_rms=0.046 std=0.010 var=0.000 state=standing thr=0.080/0.350/0.850
-24.62,10.25,235.56,0.4540,-0.2281,0.0262,0.8608,-3.99,-1.44,8.68,0.12,-0.69,-1.25,9.66,0,1.70,-0.0738,0.0505,86,0.851,0.000,0.00,0.00,66.582,0
-24.56,10.25,235.62,0.4544,-0.2282,0.0261,0.8607,-4.04,-1.56,8.68,-0.19,0.00,-0.56,9.70,0,1.70,-0.0738,0.0505,86,0.851,0.000,0.00,0.00,66.582,0
-24.62,10.25,235.56,0.4539,-0.2284,0.0266,0.8608,-4.10,-1.45,8.65,0.75,-0.12,1.56,9.68,0,1.70,-0.0738,0.0506,86,0.851,0.000,0.00,0.00,66.582,0
-24.62,10.06,235.44,0.4531,-0.2277,0.0272,0.8615,-4.04,-1.40,8.66,1.31,-1.31,2.25,9.66,0,1.70,-0.0735,0.0506,86,0.851,0.000,0.00,0.00,66.582,0
phase1 acc_mag=9.750 gravity=9.729 motion=0.021 moving_avg=0.049 rms=0.061 mean_rms=0.058 max_rms=0.064 min_rms=0.047 std=0.007 var=0.000 state=standing thr=0.080/0.350/0.850
-24.56,9.94,235.38,0.4526,-0.2269,0.0276,0.8619,-4.01,-1.37,8.70,0.19,-0.56,0.69,9.68,0,1.70,-0.0732,0.0506,86,0.851,0.000,0.00,0.00,66.582,0
-24.56,10.00,235.38,0.4528,-0.2270,0.0275,0.8618,-4.13,-1.49,8.69,-0.56,-0.06,-1.12,9.74,0,1.70,-0.0733,0.0506,86,0.851,0.000,0.00,0.00,66.582,0
-24.50,10.00,235.56,0.4543,-0.2264,0.0272,0.8611,-4.12,-1.63,8.77,0.06,-1.56,-4.12,9.83,0,1.70,-0.0730,0.0505,86,0.851,0.000,0.00,0.00,66.582,0
-24.38,10.06,235.75,0.4557,-0.2257,0.0264,0.8606,-4.33,-1.47,8.79,-0.69,-2.12,-3.12,9.91,0,1.70,-0.0729,0.0502,86,0.851,0.000,0.00,0.00,66.582,0
phase1 acc_mag=9.658 gravity=9.726 motion=0.068 moving_avg=0.052 rms=0.070 mean_rms=0.061 max_rms=0.072 min_rms=0.052 std=0.005 var=0.000 state=standing thr=0.080/0.350/0.850
-24.31,10.06,235.81,0.4561,-0.2252,0.0269,0.8605,-3.95,-1.32,8.73,0.88,3.06,-0.69,9.67,0,1.70,-0.0726,0.0503,86,0.851,0.000,0.00,0.00,66.582,0
-24.38,10.06,235.81,0.4561,-0.2258,0.0273,0.8604,-4.10,-1.48,8.76,0.88,0.38,0.75,9.78,0,1.70,-0.0727,0.0506,86,0.851,0.000,0.00,0.00,66.582,0
-24.31,10.06,235.81,0.4560,-0.2253,0.0267,0.8606,-3.56,-1.15,8.59,0.50,-0.75,2.75,9.37,0,1.70,-0.0727,0.0503,86,0.851,0.000,0.00,0.00,66.582,0
-24.31,10.00,235.75,0.4556,-0.2253,0.0269,0.8608,-4.04,-1.41,8.73,0.06,-0.44,0.88,9.72,0,1.70,-0.0727,0.0503,86,0.851,0.000,0.00,0.00,66.582,0
phase1 acc_mag=9.787 gravity=9.719 motion=0.068 moving_avg=0.055 rms=0.077 mean_rms=0.065 max_rms=0.077 min_rms=0.059 std=0.006 var=0.000 state=standing thr=0.080/0.350/0.850
-24.25,9.94,235.69,0.4551,-0.2245,0.0273,0.8612,-3.98,-1.37,8.71,2.44,-2.25,2.56,9.67,0,1.70,-0.0724,0.0503,86,0.851,0.000,0.00,0.00,66.582,0
-24.19,9.81,235.62,0.4547,-0.2234,0.0276,0.8618,-3.95,-1.42,8.74,0.69,-1.50,1.06,9.70,0,1.70,-0.0720,0.0501,86,0.851,0.000,0.00,0.00,66.582,0
-24.12,9.75,235.56,0.4544,-0.2226,0.0277,0.8621,-4.05,-1.48,8.76,1.44,-1.50,0.69,9.76,0,1.70,-0.0717,0.0500,86,0.851,0.000,0.00,0.00,66.582,0
-24.00,9.50,235.50,0.4541,-0.2209,0.0286,0.8627,-3.83,-1.62,8.80,-2.38,-3.00,-1.94,9.73,0,1.70,-0.0711,0.0500,86,0.851,0.000,0.00,0.00,66.582,0
phase1 acc_mag=9.637 gravity=9.720 motion=0.083 moving_avg=0.055 rms=0.080 mean_rms=0.068 max_rms=0.080 min_rms=0.060 std=0.007 var=0.000 state=standing thr=0.083/0.350/0.850
-24.06,9.56,235.44,0.4537,-0.2219,0.0284,0.8626,-3.99,-1.36,8.72,-1.19,3.38,0.94,9.69,0,1.70,-0.0714,0.0501,86,0.851,0.000,0.00,0.00,66.582,0
-24.19,9.62,235.44,0.4535,-0.2230,0.0284,0.8624,-4.05,-1.43,8.76,-0.69,0.06,-0.12,9.76,0,1.70,-0.0718,0.0503,86,0.851,0.000,0.00,0.00,66.582,0
-24.19,9.62,235.44,0.4536,-0.2231,0.0286,0.8624,-3.99,-1.33,8.72,-0.31,0.56,-0.38,9.68,0,1.70,-0.0718,0.0503,86,0.851,0.000,0.00,0.00,66.582,0
-24.25,9.69,235.50,0.4539,-0.2234,0.0281,0.8622,-3.71,-1.25,8.59,1.06,-0.69,0.62,9.44,0,1.70,-0.0719,0.0503,86,0.851,0.000,0.00,0.00,66.582,0
phase1 acc_mag=9.818 gravity=9.718 motion=0.100 moving_avg=0.058 rms=0.085 mean_rms=0.072 max_rms=0.085 min_rms=0.060 std=0.008 var=0.000 state=standing thr=0.089/0.350/0.850
-24.31,9.69,235.44,0.4536,-0.2239,0.0284,0.8621,-3.99,-1.37,8.73,-0.88,0.06,0.75,9.70,0,1.70,-0.0721,0.0504,86,0.851,0.000,0.00,0.00,66.582,0
-24.31,9.69,235.44,0.4534,-0.2241,0.0283,0.8622,-4.12,-1.55,8.72,-0.38,0.06,0.31,9.77,0,1.70,-0.0721,0.0504,86,0.851,0.000,0.00,0.00,66.582,0
-24.25,9.19,235.00,0.4503,-0.2217,0.0311,0.8644,-3.92,-1.08,8.72,5.00,-0.94,6.88,9.62,0,1.70,-0.0711,0.0507,86,0.851,0.000,0.00,0.00,66.582,0
-24.31,9.44,235.06,0.4506,-0.2231,0.0298,0.8638,-4.02,-1.42,8.66,-1.62,1.12,0.62,9.65,0,1.70,-0.0717,0.0505,86,0.851,0.000,0.00,0.00,66.582,0
phase1 acc_mag=9.713 gravity=9.724 motion=0.011 moving_avg=0.092 rms=0.202 mean_rms=0.089 max_rms=0.202 min_rms=0.060 std=0.039 var=0.001 state=slow thr=0.166/0.366/0.866
-24.44,9.50,235.06,0.4503,-0.2244,0.0300,0.8637,-4.10,-1.33,8.73,-0.81,1.06,-0.56,9.74,0,1.70,-0.0721,0.0508,86,0.851,0.000,0.00,0.00,66.582,0
-24.50,9.56,235.12,0.4510,-0.2250,0.0295,0.8632,-4.01,-1.45,8.72,0.06,0.19,-1.31,9.71,0,1.70,-0.0724,0.0508,86,0.851,0.000,0.00,0.00,66.582,0
-24.56,9.56,235.19,0.4510,-0.2256,0.0300,0.8630,-4.12,-1.37,8.72,0.69,2.38,0.69,9.74,0,1.70,-0.0725,0.0511,86,0.851,0.000,0.00,0.00,66.582,0
-24.75,9.62,235.19,0.4514,-0.2271,0.0306,0.8624,-4.26,-1.42,8.72,-0.75,1.06,-1.94,9.81,0,1.70,-0.0728,0.0516,86,0.851,0.000,0.00,0.00,66.582,0
phase1 acc_mag=9.751 gravity=9.727 motion=0.024 moving_avg=0.082 rms=0.197 mean_rms=0.118 max_rms=0.203 min_rms=0.068 std=0.057 var=0.003 state=standing thr=0.231/0.431/0.931
-24.69,9.62,235.31,0.4520,-0.2267,0.0304,0.8622,-3.99,-1.33,8.64,0.50,-0.56,-1.81,9.61,0,1.70,-0.0727,0.0515,86,0.851,0.000,0.00,0.00,66.582,0
-24.69,9.75,235.38,0.4528,-0.2273,0.0298,0.8616,-4.13,-1.39,8.70,-1.94,1.25,-1.88,9.73,0,1.70,-0.0729,0.0514,86,0.851,0.000,0.00,0.00,66.582,0
-24.75,9.81,235.44,0.4531,-0.2275,0.0295,0.8615,-4.16,-1.44,8.73,-0.44,0.38,-0.31,9.78,0,1.70,-0.0730,0.0514,86,0.851,0.000,0.00,0.00,66.582,0
-24.75,9.88,235.44,0.4529,-0.2277,0.0293,0.8615,-4.03,-1.39,8.69,-0.69,0.19,0.81,9.68,0,1.70,-0.0732,0.0514,86,0.851,0.000,0.00,0.00,66.582,0
phase1 acc_mag=9.693 gravity=9.727 motion=0.033 moving_avg=0.080 rms=0.195 mean_rms=0.142 max_rms=0.203 min_rms=0.075 std=0.059 var=0.003 state=standing thr=0.260/0.460/0.960
-24.75,9.88,235.44,0.4527,-0.2282,0.0291,0.8615,-4.27,-1.49,8.76,-2.06,1.19,-1.06,9.86,0,1.70,-0.0734,0.0514,86,0.851,0.000,0.00,0.00,66.582,0
-24.88,10.00,235.38,0.4524,-0.2291,0.0287,0.8614,-4.00,-1.40,8.69,-1.94,0.56,0.25,9.67,0,1.70,-0.0737,0.0514,86,0.851,0.000,0.00,0.00,66.582,0
-24.94,9.88,235.25,0.4515,-0.2297,0.0292,0.8617,-3.23,-0.04,8.12,-4.12,2.19,-4.50,8.74,0,1.70,-0.0739,0.0515,86,0.851,0.000,0.00,0.00,66.582,0
-24.94,9.81,235.19,0.4511,-0.2291,0.0302,0.8621,-4.24,-1.38,8.69,1.88,-1.50,1.00,9.77,0,1.70,-0.0735,0.0517,86,0.851,0.000,0.00,0.00,66.582,0
phase1 acc_mag=9.714 gravity=9.724 motion=0.010 moving_avg=0.096 rms=0.224 mean_rms=0.171 max_rms=0.224 min_rms=0.080 std=0.051 var=0.003 state=standing thr=0.273/0.473/0.973
-24.81,9.69,235.12,0.4506,-0.2277,0.0299,0.8627,-4.08,-1.37,8.68,-0.62,-2.25,0.75,9.69,0,1.70,-0.0732,0.0514,86,0.851,0.000,0.00,0.00,66.582,0
-24.88,9.81,235.06,0.4498,-0.2288,0.0294,0.8628,-4.30,-1.50,8.74,-1.50,2.44,-0.19,9.86,0,1.70,-0.0737,0.0513,86,0.851,0.000,0.00,0.00,66.582,0
-24.88,9.75,235.00,0.4496,-0.2285,0.0297,0.8630,-4.01,-1.38,8.69,1.25,-0.62,1.50,9.67,0,1.70,-0.0735,0.0513,86,0.851,0.000,0.00,0.00,66.582,0
-24.94,9.81,234.94,0.4489,-0.2294,0.0298,0.8632,-3.88,-1.42,8.73,-1.31,2.06,2.25,9.66,0,1.70,-0.0738,0.0515,86,0.851,0.000,0.00,0.00,66.582,0
phase1 acc_mag=9.869 gravity=9.722 motion=0.146 moving_avg=0.101 rms=0.224 mean_rms=0.200 max_rms=0.225 min_rms=0.086 std=0.027 var=0.001 state=standing thr=0.254/0.454/0.954
-25.12,9.94,234.81,0.4479,-0.2314,0.0291,0.8632,-4.19,-1.45,8.57,-3.06,2.31,1.25,9.65,0,1.70,-0.0747,0.0515,86,0.851,0.000,0.00,0.00,66.582,0
-25.31,10.12,234.69,0.4467,-0.2334,0.0286,0.8633,-4.24,-1.51,8.68,-2.50,2.19,1.50,9.78,0,1.70,-0.0755,0.0516,86,0.851,0.000,0.00,0.00,66.582,0
-25.50,10.19,234.69,0.4464,-0.2349,0.0284,0.8630,-4.29,-1.60,8.66,0.50,0.69,-1.06,9.80,0,1.70,-0.0760,0.0517,86,0.851,0.000,0.00,0.00,66.582,0
-25.38,10.12,234.75,0.4469,-0.2338,0.0289,0.8630,-4.22,-1.43,8.61,1.81,-1.31,-1.25,9.69,0,1.70,-0.0755,0.0518,86,0.851,0.000,0.00,0.00,66.582,0
phase1 acc_mag=9.720 gravity=9.722 motion=0.002 moving_avg=0.069 rms=0.130 mean_rms=0.194 max_rms=0.225 min_rms=0.129 std=0.031 var=0.001 state=standing thr=0.257/0.457/0.957
-25.25,10.06,234.88,0.4482,-0.2322,0.0292,0.8627,-4.15,-1.44,8.65,1.62,-2.81,-1.19,9.70,0,1.70,-0.0749,0.0517,86,0.851,0.000,0.00,0.00,66.582,0
-25.12,9.94,234.94,0.4487,-0.2311,0.0295,0.8627,-4.16,-1.38,8.69,1.81,-1.38,0.00,9.73,0,1.70,-0.0745,0.0517,86,0.851,0.000,0.00,0.00,66.582,0
-25.12,9.94,234.94,0.4488,-0.2308,0.0295,0.8628,-4.11,-1.47,8.71,-0.25,0.19,0.00,9.74,0,1.70,-0.0744,0.0516,86,0.851,0.000,0.00,0.00,66.582,0
-25.12,9.88,234.94,0.4488,-0.2309,0.0295,0.8628,-4.22,-1.47,8.65,-0.88,0.19,-0.69,9.74,0,1.70,-0.0744,0.0516,86,0.851,0.000,0.00,0.00,66.582,0
phase1 acc_mag=9.690 gravity=9.720 motion=0.030 moving_avg=0.063 rms=0.127 mean_rms=0.179 max_rms=0.225 min_rms=0.127 std=0.041 var=0.002 state=standing thr=0.261/0.461/0.961
-25.12,9.94,234.94,0.4487,-0.2311,0.0294,0.8627,-4.24,-1.48,8.69,-0.88,1.00,-0.56,9.78,0,1.70,-0.0745,0.0516,86,0.851,0.000,0.00,0.00,66.582,0
-25.12,9.94,234.94,0.4487,-0.2311,0.0294,0.8628,-4.18,-1.41,8.61,-0.06,0.19,-0.50,9.67,0,1.70,-0.0745,0.0516,86,0.851,0.000,0.00,0.00,66.582,0
-25.12,9.94,234.94,0.4488,-0.2308,0.0293,0.8628,-4.19,-1.47,8.69,0.75,-0.75,0.31,9.76,0,1.70,-0.0744,0.0515,86,0.851,0.000,0.00,0.00,66.582,0
-25.06,9.94,235.00,0.4491,-0.2307,0.0295,0.8627,-4.17,-1.37,8.70,0.50,-0.06,-0.69,9.74,0,1.70,-0.0743,0.0516,86,0.851,0.000,0.00,0.00,66.582,0
phase1 acc_mag=9.805 gravity=9.722 motion=0.083 moving_avg=0.062 rms=0.126 mean_rms=0.165 max_rms=0.225 min_rms=0.126 std=0.045 var=0.002 state=standing thr=0.254/0.454/0.954
-25.06,9.88,235.00,0.4495,-0.2302,0.0295,0.8626,-4.23,-1.37,8.71,1.62,-1.75,0.44,9.78,0,1.70,-0.0741,0.0516,86,0.851,0.000,0.00,0.00,66.582,0
-24.94,9.81,235.06,0.4499,-0.2294,0.0295,0.8626,-4.26,-1.31,8.72,-0.62,-0.31,-1.75,9.79,0,1.70,-0.0738,0.0515,86,0.851,0.000,0.00,0.00,66.582,0
-24.81,9.81,235.12,0.4503,-0.2285,0.0294,0.8626,-4.03,-1.40,8.67,-1.19,0.38,-0.44,9.66,0,1.70,-0.0735,0.0513,86,0.851,0.000,0.00,0.00,66.582,0
-24.88,9.88,235.06,0.4500,-0.2291,0.0293,0.8627,-4.17,-1.42,8.71,-0.81,0.75,0.75,9.76,0,1.70,-0.0738,0.0513,86,0.851,0.000,0.00,0.00,66.582,0
phase1 acc_mag=9.727 gravity=9.729 motion=0.003 moving_avg=0.045 rms=0.059 mean_rms=0.134 max_rms=0.225 min_rms=0.059 std=0.048 var=0.002 state=standing thr=0.230/0.430/0.930
-24.94,9.94,235.00,0.4495,-0.2299,0.0289,0.8627,-4.10,-1.41,8.69,-2.25,1.62,0.31,9.71,0,1.70,-0.0741,0.0513,86,0.851,0.000,0.00,0.00,66.582,0
-25.06,10.06,235.00,0.4493,-0.2311,0.0286,0.8625,-4.29,-1.54,8.67,-1.00,1.00,-0.38,9.80,0,1.70,-0.0746,0.0514,86,0.851,0.000,0.00,0.00,66.582,0
-25.12,10.06,235.00,0.4493,-0.2316,0.0285,0.8624,-4.14,-1.44,8.65,-1.56,1.81,0.38,9.70,0,1.70,-0.0748,0.0515,86,0.851,0.000,0.00,0.00,66.582,0
-25.25,10.19,235.00,0.4490,-0.2327,0.0283,0.8622,-4.16,-1.41,8.67,-1.56,1.88,0.75,9.72,0,1.70,-0.0752,0.0516,86,0.851,0.000,0.00,0.00,66.582,0
phase1 acc_mag=9.752 gravity=9.729 motion=0.023 moving_avg=0.042 rms=0.055 mean_rms=0.103 max_rms=0.132 min_rms=0.055 std=0.033 var=0.001 state=standing thr=0.169/0.369/0.869
-25.38,10.25,234.94,0.4487,-0.2343,0.0282,0.8620,-4.28,-1.53,8.69,-1.38,2.69,-0.75,9.81,0,1.70,-0.0757,0.0518,86,0.851,0.000,0.00,0.00,66.582,0
-25.50,10.38,235.00,0.4488,-0.2353,0.0281,0.8616,-4.21,-1.43,8.61,-0.62,1.31,-0.19,9.69,0,1.70,-0.0761,0.0519,86,0.851,0.000,0.00,0.00,66.582,0
-25.56,10.44,235.00,0.4490,-0.2361,0.0281,0.8613,-4.19,-1.46,8.64,-0.62,0.81,-0.25,9.71,0,1.70,-0.0763,0.0521,86,0.851,0.000,0.00,0.00,66.582,0
phase1 acc_mag=9.775 gravity=9.729 motion=0.046 moving_avg=0.041 rms=0.054 mean_rms=0.087 max_rms=0.129 min_rms=0.054 std=0.035 var=0.001 state=standing thr=0.156/0.356/0.856
-25.69,10.56,235.06,0.4490,-0.2377,0.0280,0.8609,-4.27,-1.58,8.65,-1.44,1.88,0.00,9.78,0,1.70,-0.0768,0.0523,86,0.851,0.000,0.00,0.00,66.582,0
-25.81,10.56,235.00,0.4487,-0.2385,0.0279,0.8608,-4.21,-1.50,8.62,-0.75,1.25,1.31,9.71,0,1.70,-0.0771,0.0524,86,0.851,0.000,0.00,0.00,66.582,0
-25.94,10.69,235.00,0.4481,-0.2403,0.0277,0.8606,-4.47,-1.65,8.60,-1.62,1.69,0.69,9.83,0,1.70,-0.0778,0.0526,86,0.851,0.000,0.00,0.00,66.582,0
-26.00,10.69,234.94,0.4478,-0.2404,0.0278,0.8608,-4.27,-1.49,8.60,-0.12,0.38,1.12,9.72,0,1.70,-0.0778,0.0526,86,0.851,0.000,0.00,0.00,66.582,0
phase1 acc_mag=9.717 gravity=9.733 motion=0.016 moving_avg=0.043 rms=0.056 mean_rms=0.072 max_rms=0.127 min_rms=0.054 std=0.029 var=0.001 state=standing thr=0.130/0.350/0.850
-26.06,10.69,234.94,0.4476,-0.2407,0.0280,0.8608,-4.28,-1.47,8.57,0.31,0.00,0.56,9.69,0,1.70,-0.0779,0.0527,86,0.851,0.000,0.00,0.00,66.582,0
-26.06,10.69,234.94,0.4475,-0.2410,0.0281,0.8608,-4.33,-1.41,8.61,-0.38,0.88,-0.12,9.74,0,1.70,-0.0779,0.0528,86,0.851,0.000,0.00,0.00,66.582,0
-26.12,10.75,234.88,0.4473,-0.2418,0.0280,0.8606,-4.45,-1.59,8.59,-0.69,1.88,-0.25,9.80,0,1.70,-0.0782,0.0529,86,0.851,0.000,0.00,0.00,66.582,0
-26.25,10.81,234.88,0.4470,-0.2425,0.0281,0.8606,-4.37,-1.51,8.55,-0.69,1.12,0.44,9.72,0,1.70,-0.0784,0.0530,86,0.851,0.000,0.00,0.00,66.582,0
phase1 acc_mag=9.723 gravity=9.730 motion=0.007 moving_avg=0.046 rms=0.058 mean_rms=0.057 max_rms=0.115 min_rms=0.054 std=0.007 var=0.000 state=standing thr=0.080/0.350/0.850
-26.31,10.81,234.81,0.4467,-0.2432,0.0281,0.8605,-4.41,-1.55,8.56,-1.44,0.81,-0.06,9.75,0,1.70,-0.0787,0.0531,86,0.851,0.000,0.00,0.00,66.582,0
-26.31,10.81,234.75,0.4462,-0.2432,0.0283,0.8608,-4.38,-1.49,8.58,0.50,-0.50,0.69,9.75,0,1.70,-0.0787,0.0532,86,0.851,0.000,0.00,0.00,66.582,0
-26.31,10.75,234.75,0.4460,-0.2431,0.0283,0.8609,-4.44,-1.57,8.61,-0.44,0.31,0.12,9.81,0,1.70,-0.0787,0.0531,86,0.851,0.000,0.00,0.00,66.582,0
-26.31,10.81,234.75,0.4460,-0.2433,0.0282,0.8608,-4.38,-1.53,8.55,-0.56,0.94,-0.88,9.73,0,1.70,-0.0788,0.0531,86,0.851,0.000,0.00,0.00,66.582,0
phase1 acc_mag=9.739 gravity=9.739 motion=0.001 moving_avg=0.039 rms=0.048 mean_rms=0.055 max_rms=0.060 min_rms=0.047 std=0.005 var=0.000 state=standing thr=0.080/0.350/0.850
-26.44,10.81,234.69,0.4455,-0.2440,0.0286,0.8609,-4.45,-1.49,8.51,-0.94,2.12,1.44,9.72,0,1.70,-0.0789,0.0533,86,0.851,0.000,0.00,0.00,66.582,0
-26.50,10.81,234.62,0.4447,-0.2447,0.0287,0.8611,-4.41,-1.53,8.53,-0.38,0.44,1.19,9.72,0,1.70,-0.0792,0.0534,86,0.851,0.000,0.00,0.00,66.582,0
-26.50,10.69,234.56,0.4444,-0.2440,0.0292,0.8615,-4.34,-1.36,8.48,2.38,-1.31,0.50,9.62,0,1.70,-0.0789,0.0535,86,0.851,0.000,0.00,0.00,66.582,0
-26.38,10.69,234.56,0.4446,-0.2433,0.0289,0.8615,-4.43,-1.55,8.61,0.94,-1.75,-0.12,9.81,0,1.70,-0.0787,0.0533,86,0.851,0.000,0.00,0.00,66.582,0
phase1 acc_mag=9.662 gravity=9.740 motion=0.078 moving_avg=0.035 rms=0.045 mean_rms=0.052 max_rms=0.059 min_rms=0.044 std=0.006 var=0.000 state=standing thr=0.080/0.350/0.850
-26.31,10.69,234.56,0.4448,-0.2430,0.0286,0.8616,-4.53,-1.58,8.58,-1.75,0.69,-0.50,9.83,0,1.70,-0.0787,0.0531,86,0.851,0.000,0.00,0.00,66.582,0
-26.44,10.75,234.56,0.4448,-0.2438,0.0285,0.8614,-4.49,-1.54,8.58,-0.12,0.56,0.06,9.81,0,1.70,-0.0789,0.0532,86,0.851,0.000,0.00,0.00,66.582,0
-26.31,10.69,234.56,0.4448,-0.2427,0.0286,0.8616,-4.33,-1.48,8.57,1.62,-1.94,0.94,9.72,0,1.70,-0.0786,0.0530,86,0.851,0.000,0.00,0.00,66.582,0
-26.25,10.56,234.50,0.4445,-0.2416,0.0292,0.8621,-4.42,-1.52,8.59,0.69,-1.31,-0.19,9.78,0,1.70,-0.0781,0.0530,86,0.851,0.000,0.00,0.00,66.582,0
phase1 acc_mag=9.725 gravity=9.743 motion=0.018 moving_avg=0.039 rms=0.050 mean_rms=0.051 max_rms=0.059 min_rms=0.044 std=0.006 var=0.000 state=standing thr=0.080/0.350/0.850
-26.19,10.50,234.56,0.4448,-0.2411,0.0295,0.8621,-4.27,-1.37,8.57,0.81,-0.50,0.38,9.67,0,1.70,-0.0779,0.0531,86,0.851,0.000,0.00,0.00,66.582,0
-26.19,10.50,234.56,0.4448,-0.2413,0.0291,0.8621,-4.33,-1.43,8.60,-1.50,1.25,-0.50,9.73,0,1.70,-0.0780,0.0530,86,0.851,0.000,0.00,0.00,66.582,0
-26.19,10.62,234.56,0.4448,-0.2419,0.0284,0.8619,-4.29,-1.48,8.64,-2.94,-0.69,-0.44,9.76,0,1.70,-0.0783,0.0528,86,0.851,0.000,0.00,0.00,66.582,0
phase1 acc_mag=9.807 gravity=9.742 motion=0.065 moving_avg=0.043 rms=0.054 mean_rms=0.050 max_rms=0.059 min_rms=0.044 std=0.006 var=0.000 state=standing thr=0.080/0.350/0.850
-26.31,10.69,234.56,0.4446,-0.2427,0.0284,0.8618,-4.49,-1.49,8.59,-0.38,0.62,-0.31,9.81,0,1.70,-0.0786,0.0529,86,0.851,0.000,0.00,0.00,66.582,0
-26.25,10.62,234.62,0.4451,-0.2421,0.0291,0.8616,-4.33,-1.65,8.61,1.50,-0.44,-1.19,9.78,0,1.70,-0.0783,0.0531,86,0.851,0.000,0.00,0.00,66.582,0
-26.25,10.56,234.62,0.4454,-0.2419,0.0295,0.8615,-4.42,-1.51,8.57,0.38,0.62,-0.81,9.76,0,1.70,-0.0781,0.0533,86,0.851,0.000,0.00,0.00,66.582,0
-26.31,10.50,234.69,0.4456,-0.2418,0.0302,0.8615,-4.39,-1.50,8.56,-0.06,0.44,-0.69,9.74,0,1.70,-0.0779,0.0535,86,0.851,0.000,0.00,0.00,66.582,0
phase1 acc_mag=9.622 gravity=9.740 motion=0.117 moving_avg=0.044 rms=0.057 mean_rms=0.050 max_rms=0.057 min_rms=0.044 std=0.005 var=0.000 state=standing thr=0.080/0.350/0.850
-26.38,10.50,234.69,0.4456,-0.2426,0.0302,0.8613,-4.48,-1.50,8.57,-1.12,1.62,-0.69,9.79,0,1.70,-0.0782,0.0536,86,0.851,0.000,0.00,0.00,66.582,0
-26.44,10.50,234.69,0.4454,-0.2429,0.0304,0.8612,-4.42,-1.46,8.57,0.69,-0.62,0.12,9.75,0,1.70,-0.0783,0.0537,86,0.851,0.000,0.00,0.00,66.582,0
-26.38,10.50,234.69,0.4454,-0.2426,0.0306,0.8613,-4.40,-1.52,8.59,-0.31,0.44,-0.62,9.77,0,1.70,-0.0781,0.0538,86,0.851,0.000,0.00,0.00,66.582,0
-26.44,10.44,234.69,0.4454,-0.2428,0.0312,0.8612,-4.38,-1.44,8.54,1.00,-1.19,-0.12,9.71,0,1.70,-0.0781,0.0540,86,0.851,0.000,0.00,0.00,66.582,0
phase1 acc_mag=9.747 gravity=9.741 motion=0.006 moving_avg=0.046 rms=0.058 mean_rms=0.052 max_rms=0.059 min_rms=0.044 std=0.006 var=0.000 state=standing thr=0.080/0.350/0.850
-26.38,10.38,234.69,0.4456,-0.2421,0.0314,0.8613,-4.30,-1.31,8.57,1.38,-1.06,-0.12,9.68,0,1.70,-0.0778,0.0540,86,0.851,0.000,0.00,0.00,66.582,0
-26.38,10.44,234.69,0.4460,-0.2420,0.0311,0.8611,-4.40,-1.46,8.57,-0.56,-0.44,-0.81,9.74,0,1.70,-0.0778,0.0539,86,0.851,0.000,0.00,0.00,66.582,0
-26.31,10.38,234.75,0.4460,-0.2416,0.0311,0.8612,-4.35,-1.42,8.54,-0.19,-0.50,0.19,9.69,0,1.70,-0.0777,0.0538,86,0.851,0.000,0.00,0.00,66.582,0
-26.38,10.44,234.62,0.4451,-0.2427,0.0308,0.8614,-4.43,-1.51,8.57,-1.38,2.25,1.44,9.76,0,1.70,-0.0781,0.0538,86,0.851,0.000,0.00,0.00,66.582,0
phase1 acc_mag=9.767 gravity=9.737 motion=0.029 moving_avg=0.044 rms=0.057 mean_rms=0.055 max_rms=0.060 min_rms=0.047 std=0.005 var=0.000 state=standing thr=0.080/0.350/0.850
-26.50,10.44,234.56,0.4446,-0.2431,0.0311,0.8616,-4.43,-1.49,8.60,0.31,-0.31,0.75,9.79,0,1.70,-0.0782,0.0540,86,0.851,0.000,0.00,0.00,66.582,0
-26.50,10.38,234.56,0.4446,-0.2427,0.0317,0.8616,-4.46,-1.49,8.57,1.38,-0.25,-0.56,9.78,0,1.70,-0.0780,0.0541,86,0.851,0.000,0.00,0.00,66.582,0
-26.44,10.31,234.62,0.4453,-0.2419,0.0319,0.8615,-4.33,-1.46,8.54,1.06,-1.00,-0.62,9.69,0,1.70,-0.0777,0.0541,86,0.851,0.000,0.00,0.00,66.582,0
-26.38,10.31,234.69,0.4456,-0.2414,0.0318,0.8615,-4.37,-1.49,8.57,0.88,-0.94,0.00,9.73,0,1.70,-0.0775,0.0540,86,0.851,0.000,0.00,0.00,66.582,0
phase1 acc_mag=9.674 gravity=9.738 motion=0.064 moving_avg=0.043 rms=0.055 mean_rms=0.056 max_rms=0.060 min_rms=0.050 std=0.004 var=0.000 state=standing thr=0.080/0.350/0.850
-26.31,10.25,234.69,0.4456,-0.2412,0.0319,0.8616,-4.34,-1.47,8.56,0.69,0.12,0.69,9.71,0,1.70,-0.0775,0.0540,86,0.851,0.000,0.00,0.00,66.582,0
-26.31,10.25,234.69,0.4457,-0.2412,0.0318,0.8615,-4.32,-1.44,8.55,-0.38,-0.44,-1.06,9.69,0,1.70,-0.0775,0.0540,86,0.851,0.000,0.00,0.00,66.582,0
-26.31,10.31,234.69,0.4456,-0.2415,0.0317,0.8615,-4.41,-1.49,8.62,-0.75,0.00,0.19,9.80,0,1.70,-0.0775,0.0540,86,0.851,0.000,0.00,0.00,66.582,0
-26.38,10.31,234.62,0.4453,-0.2416,0.0317,0.8616,-4.36,-1.49,8.55,-0.31,-0.38,0.81,9.71,0,1.70,-0.0776,0.0539,86,0.851,0.000,0.00,0.00,66.582,0
phase1 acc_mag=9.721 gravity=9.739 motion=0.018 moving_avg=0.037 rms=0.045 mean_rms=0.056 max_rms=0.060 min_rms=0.045 std=0.005 var=0.000 state=standing thr=0.080/0.350/0.850
-26.38,10.25,234.56,0.4449,-0.2416,0.0319,0.8618,-4.38,-1.71,8.61,0.75,-0.56,1.12,9.81,0,1.70,-0.0776,0.0540,86,0.851,0.000,0.00,0.00,66.582,0
-26.31,10.06,234.44,0.4442,-0.2404,0.0328,0.8625,-4.35,-1.51,8.61,0.81,0.06,0.62,9.76,0,1.70,-0.0771,0.0540,86,0.851,0.000,0.00,0.00,66.582,0
-26.31,10.00,234.50,0.4444,-0.2402,0.0331,0.8624,-4.34,-1.38,8.59,-0.69,-0.62,-0.75,9.72,0,1.70,-0.0770,0.0541,86,0.851,0.000,0.00,0.00,66.582,0
phase1 acc_mag=9.692 gravity=9.738 motion=0.046 moving_avg=0.038 rms=0.045 mean_rms=0.053 max_rms=0.060 min_rms=0.043 std=0.006 var=0.000 state=standing thr=0.080/0.350/0.850
-26.31,10.06,234.50,0.4445,-0.2403,0.0328,0.8624,-4.24,-1.41,8.60,-1.50,1.19,-0.19,9.69,0,1.70,-0.0771,0.0540,86,0.851,0.000,0.00,0.00,66.582,0
-26.44,10.19,234.50,0.4442,-0.2418,0.0325,0.8621,-4.43,-1.43,8.56,-1.06,0.69,0.12,9.74,0,1.70,-0.0776,0.0542,86,0.851,0.000,0.00,0.00,66.582,0
-26.50,10.19,234.50,0.4441,-0.2421,0.0326,0.8621,-4.32,-1.42,8.55,0.00,0.94,0.56,9.68,0,1.70,-0.0777,0.0542,86,0.851,0.000,0.00,0.00,66.582,0
-26.50,10.19,234.50,0.4442,-0.2420,0.0328,0.8621,-4.35,-1.46,8.55,1.00,-0.75,0.31,9.70,0,1.70,-0.0776,0.0543,86,0.851,0.000,0.00,0.00,66.582,0
phase1 acc_mag=9.831 gravity=9.743 motion=0.088 moving_avg=0.036 rms=0.044 mean_rms=0.051 max_rms=0.060 min_rms=0.043 std=0.006 var=0.000 state=standing thr=0.080/0.350/0.850
-26.44,10.12,234.50,0.4441,-0.2416,0.0329,0.8622,-4.38,-1.40,8.54,0.88,-1.12,0.69,9.70,0,1.70,-0.0775,0.0543,86,0.851,0.000,0.00,0.00,66.582,0
-26.38,10.06,234.44,0.4440,-0.2407,0.0328,0.8624,-4.37,-1.45,8.60,1.25,-1.88,-0.12,9.75,0,1.70,-0.0772,0.0541,86,0.851,0.000,0.00,0.00,66.582,0
-26.25,10.00,234.50,0.4444,-0.2395,0.0331,0.8625,-4.34,-1.41,8.59,0.81,-0.44,-0.69,9.73,0,1.70,-0.0768,0.0540,86,0.851,0.000,0.00,0.00,66.582,0
-26.19,9.94,234.50,0.4446,-0.2391,0.0333,0.8626,-4.40,-1.37,8.58,0.38,0.56,-0.56,9.74,0,1.70,-0.0766,0.0540,86,0.851,0.000,0.00,0.00,66.582,0
phase1 acc_mag=9.740 gravity=9.743 motion=0.003 moving_avg=0.036 rms=0.044 mean_rms=0.048 max_rms=0.055 min_rms=0.043 std=0.006 var=0.000 state=standing thr=0.080/0.350/0.850
-26.25,9.94,234.56,0.4449,-0.2394,0.0333,0.8623,-4.28,-1.30,8.57,-0.19,1.25,-0.56,9.67,0,1.70,-0.0767,0.0541,86,0.851,0.000,0.00,0.00,66.582,0
-26.31,10.06,234.62,0.4453,-0.2404,0.0334,0.8619,-4.42,-1.41,8.64,-1.00,1.38,-0.31,9.81,0,1.70,-0.0769,0.0543,86,0.851,0.000,0.00,0.00,66.582,0
-26.38,10.06,234.62,0.4451,-0.2409,0.0336,0.8618,-4.46,-1.40,8.62,0.44,0.25,0.62,9.81,0,1.70,-0.0771,0.0545,86,0.851,0.000,0.00,0.00,66.582,0
-26.44,10.06,234.56,0.4450,-0.2414,0.0339,0.8617,-4.50,-1.37,8.58,-0.56,1.31,0.00,9.78,0,1.70,-0.0772,0.0546,86,0.851,0.000,0.00,0.00,66.582,0
phase1 acc_mag=9.738 gravity=9.737 motion=0.002 moving_avg=0.041 rms=0.051 mean_rms=0.046 max_rms=0.052 min_rms=0.043 std=0.004 var=0.000 state=standing thr=0.080/0.350/0.850
-26.50,10.06,234.56,0.4449,-0.2416,0.0336,0.8618,-4.36,-1.39,8.58,0.31,-0.81,-0.19,9.72,0,1.70,-0.0773,0.0546,86,0.851,0.000,0.00,0.00,66.582,0
-26.50,10.12,234.62,0.4452,-0.2419,0.0335,0.8615,-4.42,-1.40,8.58,-0.12,1.81,-0.44,9.75,0,1.70,-0.0774,0.0546,86,0.851,0.000,0.00,0.00,66.582,0
-26.56,10.06,234.62,0.4454,-0.2420,0.0342,0.8613,-4.51,-1.42,8.54,1.69,-1.00,0.12,9.76,0,1.70,-0.0773,0.0549,86,0.851,0.000,0.00,0.00,66.582,0
phase1 acc_mag=9.718 gravity=9.738 motion=0.019 moving_avg=0.041 rms=0.051 mean_rms=0.046 max_rms=0.052 min_rms=0.043 std=0.005 var=0.000 state=standing thr=0.080/0.350/0.850
-26.38,9.94,234.69,0.4459,-0.2402,0.0346,0.8616,-4.36,-1.35,8.58,2.44,-2.62,-0.62,9.72,0,1.70,-0.0766,0.0548,86,0.851,0.000,0.00,0.00,66.582,0
-26.25,9.69,234.69,0.4457,-0.2384,0.0356,0.8621,-4.24,-1.26,8.59,-2.06,0.38,0.44,9.66,0,1.70,-0.0759,0.0548,86,0.851,0.000,0.00,0.00,66.582,0
-26.38,9.81,234.50,0.4444,-0.2400,0.0350,0.8624,-4.28,-1.38,8.60,-2.69,2.31,3.38,9.70,0,1.70,-0.0766,0.0547,86,0.851,0.000,0.00,0.00,66.582,0
-26.69,9.94,234.38,0.4431,-0.2428,0.0352,0.8622,-4.48,-1.42,8.62,-1.00,1.69,0.94,9.82,0,1.70,-0.0775,0.0552,86,0.851,0.000,0.00,0.00,66.582,0
phase1 acc_mag=9.812 gravity=9.741 motion=0.071 moving_avg=0.047 rms=0.059 mean_rms=0.049 max_rms=0.059 min_rms=0.043 std=0.006 var=0.000 state=standing thr=0.080/0.350/0.850
-26.75,9.94,234.44,0.4435,-0.2434,0.0354,0.8618,-4.52,-1.35,8.52,1.00,0.12,-2.06,9.74,0,1.70,-0.0776,0.0554,86,0.851,0.000,0.00,0.00,66.582,0
-26.69,9.94,234.56,0.4446,-0.2430,0.0353,0.8614,-4.25,-1.33,8.56,-0.69,1.69,-1.94,9.65,0,1.70,-0.0775,0.0554,86,0.851,0.000,0.00,0.00,66.582,0
-27.00,10.12,234.62,0.4446,-0.2455,0.0353,0.8607,-4.74,-1.48,8.65,-3.06,4.50,-0.94,9.97,0,1.70,-0.0783,0.0558,86,0.851,0.000,0.00,0.00,66.582,0
-27.00,10.12,234.62,0.4446,-0.2458,0.0356,0.8606,-4.66,-1.47,8.55,1.75,-2.62,-0.88,9.85,0,1.70,-0.0783,0.0560,86,0.851,0.000,0.00,0.00,66.582,0
phase1 acc_mag=9.636 gravity=9.741 motion=0.105 moving_avg=0.056 rms=0.072 mean_rms=0.053 max_rms=0.072 min_rms=0.043 std=0.009 var=0.000 state=standing thr=0.080/0.350/0.850
-26.81,10.12,234.69,0.4451,-0.2443,0.0352,0.8608,-4.35,-1.40,8.55,-0.56,-0.25,0.12,9.69,0,1.70,-0.0779,0.0556,86,0.851,0.000,0.00,0.00,66.582,0
-27.00,10.19,234.62,0.4446,-0.2457,0.0351,0.8607,-4.56,-1.50,8.50,-1.69,1.31,1.06,9.76,0,1.70,-0.0784,0.0558,86,0.851,0.000,0.00,0.00,66.582,0
-26.94,10.19,234.50,0.4438,-0.2452,0.0349,0.8612,-4.38,-1.42,8.56,0.56,-2.56,1.19,9.72,0,1.70,-0.0783,0.0555,86,0.851,0.000,0.00,0.00,66.582,0
-26.88,10.12,234.44,0.4435,-0.2448,0.0349,0.8615,-4.44,-1.39,8.51,0.12,-0.38,0.25,9.70,0,1.70,-0.0782,0.0554,86,0.851,0.000,0.00,0.00,66.582,0
phase1 acc_mag=9.686 gravity=9.746 motion=0.059 moving_avg=0.060 rms=0.074 mean_rms=0.059 max_rms=0.075 min_rms=0.045 std=0.010 var=0.000 state=standing thr=0.080/0.350/0.850
-26.88,10.12,234.44,0.4434,-0.2450,0.0349,0.8615,-4.49,-1.45,8.56,0.12,0.94,-0.25,9.77,0,1.70,-0.0782,0.0555,86,0.851,0.000,0.00,0.00,66.582,0
-26.88,10.12,234.50,0.4440,-0.2446,0.0348,0.8613,-4.49,-1.35,8.57,1.38,-2.44,-0.81,9.77,0,1.70,-0.0781,0.0554,86,0.851,0.000,0.00,0.00,66.582,0
-26.75,10.12,234.56,0.4446,-0.2437,0.0346,0.8613,-4.42,-1.44,8.54,-0.06,-0.06,-0.50,9.72,0,1.70,-0.0778,0.0553,86,0.851,0.000,0.00,0.00,66.582,0
-26.75,10.06,234.56,0.4446,-0.2435,0.0349,0.8613,-4.50,-1.52,8.57,0.75,-0.44,0.19,9.80,0,1.70,-0.0777,0.0553,86,0.851,0.000,0.00,0.00,66.582,0
phase1 acc_mag=9.730 gravity=9.751 motion=0.020 moving_avg=0.059 rms=0.073 mean_rms=0.065 max_rms=0.076 min_rms=0.051 std=0.010 var=0.000 state=standing thr=0.084/0.350/0.850
-26.75,10.00,234.56,0.4446,-0.2433,0.0351,0.8613,-4.38,-1.47,8.53,-0.12,-0.62,0.38,9.70,0,1.70,-0.0776,0.0554,86,0.851,0.000,0.00,0.00,66.582,0
-26.81,10.06,234.56,0.4442,-0.2440,0.0350,0.8613,-4.47,-1.44,8.59,-1.50,1.25,0.06,9.79,0,1.70,-0.0778,0.0554,86,0.851,0.000,0.00,0.00,66.582,0
-26.88,10.06,234.50,0.4439,-0.2444,0.0352,0.8614,-4.53,-1.39,8.53,0.44,0.81,1.12,9.76,0,1.70,-0.0780,0.0555,86,0.851,0.000,0.00,0.00,66.582,0
-26.88,10.06,234.50,0.4438,-0.2444,0.0353,0.8615,-4.48,-1.40,8.52,0.69,-0.81,0.25,9.73,0,1.70,-0.0780,0.0555,86,0.851,0.000,0.00,0.00,66.582,0
phase1 acc_mag=9.743 gravity=9.751 motion=0.008 moving_avg=0.057 rms=0.071 mean_rms=0.069 max_rms=0.076 min_rms=0.054 std=0.008 var=0.000 state=standing thr=0.084/0.350/0.850
-26.88,10.00,234.50,0.4439,-0.2442,0.0355,0.8615,-4.54,-1.45,8.55,-0.44,0.88,-0.50,9.79,0,1.70,-0.0779,0.0556,86,0.851,0.000,0.00,0.00,66.582,0
-26.81,10.00,234.56,0.4443,-0.2440,0.0356,0.8613,-4.49,-1.47,8.54,0.06,-0.12,-1.19,9.76,0,1.70,-0.0777,0.0556,86,0.851,0.000,0.00,0.00,66.582,0
-26.88,10.00,234.56,0.4443,-0.2441,0.0356,0.8612,-4.42,-1.45,8.57,0.31,-0.12,0.56,9.75,0,1.70,-0.0777,0.0557,86,0.851,0.000,0.00,0.00,66.582,0
phase1 acc_mag=9.753 gravity=9.746 motion=0.007 moving_avg=0.050 rms=0.066 mean_rms=0.071 max_rms=0.076 min_rms=0.061 std=0.005 var=0.000 state=standing thr=0.082/0.350/0.850
-26.88,10.00,234.56,0.4443,-0.2440,0.0358,0.8613,-4.44,-1.40,8.57,0.12,-0.06,0.31,9.75,0,1.70,-0.0777,0.0557,86,0.851,0.000,0.00,0.00,66.582,0
-26.88,10.00,234.56,0.4444,-0.2441,0.0356,0.8612,-4.56,-1.44,8.63,0.62,-1.06,0.44,9.87,0,1.70,-0.0777,0.0557,86,0.851,0.000,0.00,0.00,66.582,0
-26.75,10.00,234.56,0.4444,-0.2435,0.0354,0.8613,-4.35,-1.36,8.56,0.06,0.06,-0.44,9.70,0,1.70,-0.0776,0.0555,86,0.851,0.000,0.00,0.00,66.582,0
-26.81,10.06,234.56,0.4445,-0.2442,0.0351,0.8611,-4.41,-1.49,8.53,-0.69,0.88,-0.19,9.72,0,1.70,-0.0779,0.0555,86,0.851,0.000,0.00,0.00,66.582,0
phase1 acc_mag=9.647 gravity=9.745 motion=0.099 moving_avg=0.044 rms=0.056 mean_rms=0.070 max_rms=0.076 min_rms=0.055 std=0.007 var=0.000 state=standing thr=0.084/0.350/0.850
-26.94,10.19,234.56,0.4444,-0.2452,0.0350,0.8609,-4.49,-1.47,8.53,-1.75,1.62,-0.38,9.75,0,1.70,-0.0782,0.0556,86,0.851,0.000,0.00,0.00,66.582,0
-27.00,10.19,234.56,0.4440,-0.2457,0.0350,0.8609,-4.62,-1.44,8.54,-0.50,0.88,0.00,9.82,0,1.70,-0.0784,0.0557,86,0.851,0.000,0.00,0.00,66.582,0
-26.94,10.19,234.50,0.4440,-0.2455,0.0350,0.8610,-4.52,-1.49,8.55,0.12,-0.19,-0.12,9.79,0,1.70,-0.0783,0.0557,86,0.851,0.000,0.00,0.00,66.582,0
-26.94,10.12,234.50,0.4441,-0.2454,0.0353,0.8610,-4.47,-1.48,8.55,-0.50,1.12,-0.75,9.76,0,1.70,-0.0782,0.0557,86,0.851,0.000,0.00,0.00,66.582,0
phase1 acc_mag=9.813 gravity=9.743 motion=0.069 moving_avg=0.042 rms=0.053 mean_rms=0.066 max_rms=0.076 min_rms=0.052 std=0.009 var=0.000 state=standing thr=0.084/0.350/0.850
-26.94,10.12,234.56,0.4445,-0.2452,0.0354,0.8608,-4.50,-1.45,8.54,1.38,-1.44,-0.81,9.76,0,1.70,-0.0781,0.0558,86,0.851,0.000,0.00,0.00,66.582,0
-26.81,10.06,234.62,0.4448,-0.2439,0.0353,0.8611,-4.33,-1.35,8.58,-0.12,-1.25,-0.06,9.71,0,1.70,-0.0777,0.0555,86,0.851,0.000,0.00,0.00,66.582,0
-26.88,10.12,234.56,0.4445,-0.2446,0.0352,0.8610,-4.53,-1.43,8.59,-0.88,1.62,0.38,9.82,0,1.70,-0.0780,0.0556,86,0.851,0.000,0.00,0.00,66.582,0
-26.88,10.06,234.56,0.4443,-0.2446,0.0352,0.8611,-4.44,-1.35,8.54,0.38,-0.69,0.62,9.72,0,1.70,-0.0780,0.0556,86,0.851,0.000,0.00,0.00,66.582,0
phase1 acc_mag=9.681 gravity=9.742 motion=0.061 moving_avg=0.041 rms=0.052 mean_rms=0.061 max_rms=0.074 min_rms=0.050 std=0.010 var=0.000 state=standing thr=0.080/0.350/0.850
-26.88,10.06,234.50,0.4441,-0.2443,0.0353,0.8613,-4.46,-1.37,8.55,0.69,-0.69,0.31,9.74,0,1.70,-0.0779,0.0556,86,0.851,0.000,0.00,0.00,66.582,0
-26.81,10.00,234.50,0.4442,-0.2440,0.0353,0.8614,-4.43,-1.35,8.55,-0.25,0.19,-0.06,9.72,0,1.70,-0.0778,0.0555,86,0.851,0.000,0.00,0.00,66.582,0
-26.88,10.06,234.50,0.4439,-0.2444,0.0352,0.8613,-4.43,-1.37,8.54,-1.69,1.31,0.19,9.72,0,1.70,-0.0780,0.0555,86,0.851,0.000,0.00,0.00,66.582,0
phase1 acc_mag=9.785 gravity=9.740 motion=0.045 moving_avg=0.039 rms=0.049 mean_rms=0.056 max_rms=0.070 min_rms=0.049 std=0.008 var=0.000 state=standing thr=0.080/0.350/0.850
-26.94,10.12,234.44,0.4434,-0.2450,0.0349,0.8615,-4.49,-1.46,8.57,-0.69,0.12,1.00,9.78,0,1.70,-0.0782,0.0555,86,0.851,0.000,0.00,0.00,66.582,0
-26.88,10.06,234.38,0.4430,-0.2444,0.0349,0.8618,-4.44,-1.41,8.56,1.06,-2.12,1.06,9.75,0,1.70,-0.0781,0.0554,86,0.851,0.000,0.00,0.00,66.582,0
-26.88,10.06,234.38,0.4431,-0.2442,0.0352,0.8619,-4.48,-1.43,8.55,0.44,0.31,-0.31,9.76,0,1.70,-0.0780,0.0554,86,0.851,0.000,0.00,0.00,66.582,0
-26.75,9.94,234.44,0.4434,-0.2433,0.0353,0.8619,-4.39,-1.42,8.55,0.00,-0.94,-1.06,9.72,0,1.70,-0.0776,0.0553,86,0.851,0.000,0.00,0.00,66.582,0
phase1 acc_mag=9.676 gravity=9.740 motion=0.064 moving_avg=0.041 rms=0.051 mean_rms=0.052 max_rms=0.066 min_rms=0.049 std=0.005 var=0.000 state=standing thr=0.080/0.350/0.850
-26.75,9.94,234.38,0.4434,-0.2430,0.0355,0.8621,-4.48,-1.44,8.56,-0.25,0.12,0.31,9.77,0,1.70,-0.0775,0.0553,86,0.851,0.000,0.00,0.00,66.582,0
-26.75,9.88,234.38,0.4429,-0.2428,0.0359,0.8623,-4.46,-1.33,8.57,1.25,-0.75,1.44,9.75,0,1.70,-0.0774,0.0554,86,0.851,0.000,0.00,0.00,66.582,0
-26.75,9.88,234.38,0.4429,-0.2432,0.0360,0.8622,-4.44,-1.39,8.54,-0.75,1.44,-0.50,9.73,0,1.70,-0.0775,0.0555,86,0.851,0.000,0.00,0.00,66.582,0
-26.81,9.94,234.38,0.4429,-0.2436,0.0358,0.8621,-4.44,-1.35,8.58,-0.75,0.25,0.44,9.75,0,1.70,-0.0777,0.0555,86,0.851,0.000,0.00,0.00,66.582,0
phase1 acc_mag=9.693 gravity=9.734 motion=0.041 moving_avg=0.036 rms=0.044 mean_rms=0.050 max_rms=0.055 min_rms=0.044 std=0.004 var=0.000 state=standing thr=0.080/0.350/0.850
-26.88,9.94,234.31,0.4424,-0.2442,0.0356,0.8622,-4.55,-1.44,8.57,-1.38,2.06,0.50,9.81,0,1.70,-0.0779,0.0555,86,0.851,0.000,0.00,0.00,66.582,0
-26.94,9.94,234.25,0.4421,-0.2444,0.0358,0.8623,-4.59,-1.36,8.57,0.88,-0.56,0.62,9.82,0,1.70,-0.0780,0.0556,86,0.851,0.000,0.00,0.00,66.582,0
-26.81,9.88,234.25,0.4423,-0.2434,0.0359,0.8625,-4.42,-1.29,8.57,0.56,-0.94,-0.69,9.73,0,1.70,-0.0776,0.0554,86,0.851,0.000,0.00,0.00,66.582,0
-26.81,9.88,234.38,0.4429,-0.2432,0.0359,0.8622,-4.40,-1.30,8.47,1.12,-0.81,-0.25,9.63,0,1.70,-0.0775,0.0555,86,0.851,0.000,0.00,0.00,66.582,0
phase1 acc_mag=9.666 gravity=9.732 motion=0.066 moving_avg=0.038 rms=0.048 mean_rms=0.048 max_rms=0.052 min_rms=0.044 std=0.004 var=0.000 state=standing thr=0.080/0.350/0.850
-26.75,9.81,234.38,0.4434,-0.2425,0.0362,0.8622,-4.49,-1.45,8.53,1.88,-1.12,0.38,9.75,0,1.70,-0.0772,0.0555,86,0.851,0.000,0.00,0.00,66.582,0
-26.69,9.56,234.38,0.4433,-0.2410,0.0375,0.8625,-4.40,-1.26,8.54,1.81,-0.75,0.19,9.69,0,1.70,-0.0765,0.0557,86,0.851,0.000,0.00,0.00,66.582,0
-26.69,9.62,234.38,0.4431,-0.2417,0.0375,0.8624,-4.39,-1.28,8.56,-1.06,1.56,0.75,9.70,0,1.70,-0.0767,0.0558,86,0.851,0.000,0.00,0.00,66.582,0
-26.81,9.69,234.31,0.4424,-0.2427,0.0374,0.8625,-4.47,-1.34,8.50,-1.00,0.06,1.00,9.70,0,1.70,-0.0771,0.0558,86,0.851,0.000,0.00,0.00,66.582,0
phase1 acc_mag=9.866 gravity=9.730 motion=0.136 moving_avg=0.040 rms=0.049 mean_rms=0.048 max_rms=0.051 min_rms=0.044 std=0.004 var=0.000 state=standing thr=0.080/0.350/0.850
-26.81,9.69,234.25,0.4423,-0.2424,0.0372,0.8627,-4.34,-1.24,8.51,-0.19,-1.62,-0.06,9.63,0,1.70,-0.0771,0.0557,86,0.851,0.000,0.00,0.00,66.582,0
-26.75,9.69,234.31,0.4427,-0.2421,0.0369,0.8625,-4.43,-1.37,8.56,-0.31,-0.25,-1.62,9.74,0,1.70,-0.0770,0.0556,86,0.851,0.000,0.00,0.00,66.582,0
-26.69,9.75,234.38,0.4431,-0.2421,0.0363,0.8624,-4.42,-1.34,8.61,-2.19,0.19,-1.06,9.77,0,1.70,-0.0771,0.0554,86,0.851,0.000,0.00,0.00,66.582,0
-27.12,9.88,234.12,0.4407,-0.2458,0.0367,0.8625,-4.45,-1.33,8.50,-4.38,10.62,9.62,9.69,0,1.70,-0.0783,0.0560,86,0.851,0.000,0.00,0.00,66.582,0
phase1 acc_mag=9.737 gravity=9.727 motion=0.010 moving_avg=0.043 rms=0.054 mean_rms=0.048 max_rms=0.054 min_rms=0.044 std=0.004 var=0.000 state=standing thr=0.080/0.350/0.850
-27.88,9.81,233.44,0.4349,-0.2511,0.0391,0.8638,-5.10,-1.34,8.47,-2.00,5.00,4.81,9.98,0,1.70,-0.0800,0.0572,86,0.851,0.000,0.00,0.00,66.582,0
-27.75,9.69,233.38,0.4349,-0.2501,0.0394,0.8641,-4.57,-1.30,8.48,2.69,-2.94,4.62,9.72,0,1.70,-0.0796,0.0571,86,0.851,0.000,0.00,0.00,66.582,0
-27.50,9.38,233.44,0.4359,-0.2468,0.0405,0.8646,-4.46,-1.04,8.52,1.56,-3.38,-7.19,9.67,0,1.70,-0.0783,0.0570,86,0.851,0.000,0.00,0.00,66.582,0
-27.31,9.50,233.88,0.4388,-0.2460,0.0399,0.8633,-4.60,-1.35,8.54,1.19,1.88,-4.06,9.79,0,1.70,-0.0780,0.0570,86,0.851,0.000,0.00,0.00,66.582,0
phase1 acc_mag=9.759 gravity=9.733 motion=0.026 moving_avg=0.059 rms=0.084 mean_rms=0.054 max_rms=0.084 min_rms=0.044 std=0.014 var=0.000 state=slow thr=0.082/0.350/0.850
-27.38,9.50,234.00,0.4397,-0.2460,0.0402,0.8629,-4.58,-1.41,8.57,0.94,-1.19,-0.56,9.82,0,1.70,-0.0778,0.0571,86,0.851,0.000,0.00,0.00,66.582,0
-27.19,9.38,233.88,0.4393,-0.2446,0.0405,0.8635,-4.46,-1.21,8.54,0.06,-2.56,1.56,9.71,0,1.70,-0.0774,0.0569,86,0.851,0.000,0.00,0.00,66.582,0
-27.25,9.38,233.81,0.4386,-0.2447,0.0403,0.8638,-4.48,-1.28,8.55,-0.69,1.19,0.06,9.74,0,1.70,-0.0775,0.0569,86,0.851,0.000,0.00,0.00,66.582,0
phase1 acc_mag=9.440 gravity=9.734 motion=0.294 moving_avg=0.069 rms=0.097 mean_rms=0.063 max_rms=0.097 min_rms=0.045 std=0.018 var=0.000 state=standing thr=0.099/0.350/0.850
-27.25,9.19,233.88,0.4392,-0.2440,0.0414,0.8636,-4.15,-1.08,8.41,3.12,-1.06,-0.75,9.44,0,1.70,-0.0770,0.0572,86,0.851,0.000,0.00,0.00,66.582,0
-27.44,9.06,233.81,0.4383,-0.2449,0.0432,0.8637,-4.60,-1.28,8.57,-0.44,0.56,1.31,9.81,0,1.70,-0.0770,0.0579,86,0.851,0.000,0.00,0.00,66.582,0
-27.50,9.12,233.75,0.4380,-0.2457,0.0431,0.8636,-4.30,-1.10,8.47,-1.88,1.75,1.81,9.56,0,1.70,-0.0773,0.0579,86,0.851,0.000,0.00,0.00,66.582,0
-27.75,9.25,233.62,0.4369,-0.2483,0.0429,0.8635,-4.72,-1.27,8.46,-0.62,1.12,1.00,9.77,0,1.70,-0.0783,0.0582,86,0.851,0.000,0.00,0.00,66.582,0
phase1 acc_mag=9.726 gravity=9.743 motion=0.017 moving_avg=0.076 rms=0.108 mean_rms=0.074 max_rms=0.108 min_rms=0.047 std=0.021 var=0.000 state=standing thr=0.117/0.350/0.850
-27.56,9.25,233.75,0.4379,-0.2470,0.0425,0.8634,-4.38,-1.18,8.45,-0.81,-0.94,-0.94,9.59,0,1.70,-0.0779,0.0579,86,0.851,0.000,0.00,0.00,66.582,0
-27.62,9.31,233.75,0.4381,-0.2476,0.0420,0.8632,-4.65,-1.27,8.52,-0.19,-0.38,-1.12,9.79,0,1.70,-0.0781,0.0579,86,0.851,0.000,0.00,0.00,66.582,0
-27.56,9.31,233.81,0.4380,-0.2469,0.0417,0.8634,-4.43,-1.31,8.49,0.12,-1.06,1.25,9.67,0,1.70,-0.0780,0.0577,86,0.851,0.000,0.00,0.00,66.582,0
-27.62,9.31,233.69,0.4375,-0.2473,0.0419,0.8635,-4.52,-1.25,8.43,0.31,0.00,0.69,9.65,0,1.70,-0.0781,0.0577,86,0.851,0.000,0.00,0.00,66.582,0
phase1 acc_mag=9.712 gravity=9.749 motion=0.037 moving_avg=0.079 rms=0.110 mean_rms=0.088 max_rms=0.110 min_rms=0.050 std=0.020 var=0.000 state=standing thr=0.128/0.350/0.850
-27.62,9.38,233.75,0.4377,-0.2474,0.0419,0.8634,-4.55,-1.25,8.50,0.75,0.12,0.50,9.72,0,1.70,-0.0781,0.0578,86,0.851,0.000,0.00,0.00,66.582,0
-27.69,9.31,233.69,0.4376,-0.2482,0.0424,0.8632,-4.66,-1.32,8.47,-0.12,1.50,-1.19,9.76,0,1.70,-0.0783,0.0581,86,0.851,0.000,0.00,0.00,66.582,0
-27.75,9.31,233.75,0.4378,-0.2482,0.0429,0.8631,-4.56,-1.24,8.50,1.25,-0.44,-0.38,9.73,0,1.70,-0.0782,0.0583,86,0.851,0.000,0.00,0.00,66.582,0
-27.75,9.31,233.81,0.4381,-0.2482,0.0429,0.8629,-4.62,-1.32,8.47,0.31,0.25,0.38,9.74,0,1.70,-0.0781,0.0583,86,0.851,0.000,0.00,0.00,66.582,0
phase1 acc_mag=9.805 gravity=9.741 motion=0.064 moving_avg=0.068 rms=0.092 mean_rms=0.098 max_rms=0.110 min_rms=0.080 std=0.012 var=0.000 state=standing thr=0.122/0.350/0.850
-27.75,9.31,233.81,0.4381,-0.2482,0.0430,0.8629,-4.58,-1.30,8.49,-0.06,0.69,0.19,9.73,0,1.70,-0.0781,0.0583,86,0.851,0.000,0.00,0.00,66.582,0
-27.75,9.25,233.81,0.4380,-0.2483,0.0432,0.8629,-4.63,-1.35,8.53,-1.06,0.06,-0.75,9.80,0,1.70,-0.0781,0.0584,86,0.851,0.000,0.00,0.00,66.582,0
-27.75,9.25,233.75,0.4379,-0.2483,0.0432,0.8630,-4.64,-1.29,8.52,-0.75,-1.00,0.00,9.79,0,1.70,-0.0782,0.0584,86,0.851,0.000,0.00,0.00,66.582,0
-27.75,9.25,233.75,0.4377,-0.2481,0.0428,0.8632,-4.51,-1.28,8.50,-1.75,0.62,0.12,9.71,0,1.70,-0.0782,0.0582,86,0.851,0.000,0.00,0.00,66.582,0
phase1 acc_mag=9.740 gravity=9.743 motion=0.003 moving_avg=0.064 rms=0.089 mean_rms=0.100 max_rms=0.110 min_rms=0.085 std=0.010 var=0.000 state=standing thr=0.120/0.350/0.850
-27.75,9.31,233.75,0.4377,-0.2482,0.0426,0.8632,-4.63,-1.34,8.47,1.31,-1.88,0.31,9.75,0,1.70,-0.0782,0.0582,86,0.851,0.000,0.00,0.00,66.582,0
-27.62,9.31,233.75,0.4379,-0.2471,0.0423,0.8633,-4.46,-1.23,8.49,0.06,0.38,0.12,9.67,0,1.70,-0.0779,0.0579,86,0.851,0.000,0.00,0.00,66.582,0
-27.75,9.38,233.81,0.4379,-0.2485,0.0424,0.8629,-4.60,-1.30,8.49,-1.12,1.88,-0.44,9.74,0,1.70,-0.0784,0.0582,86,0.851,0.000,0.00,0.00,66.582,0
phase1 acc_mag=9.750 gravity=9.742 motion=0.007 moving_avg=0.053 rms=0.072 mean_rms=0.099 max_rms=0.110 min_rms=0.072 std=0.012 var=0.000 state=standing thr=0.122/0.350/0.850
-27.81,9.44,233.81,0.4380,-0.2491,0.0423,0.8627,-4.59,-1.32,8.50,0.06,0.75,-0.31,9.75,0,1.70,-0.0785,0.0582,86,0.851,0.000,0.00,0.00,66.582,0
-27.81,9.44,233.88,0.4385,-0.2490,0.0424,0.8625,-4.68,-1.33,8.45,1.12,-0.88,-1.00,9.75,0,1.70,-0.0785,0.0583,86,0.851,0.000,0.00,0.00,66.582,0
-27.75,9.44,233.94,0.4392,-0.2487,0.0424,0.8622,-4.60,-1.31,8.40,-0.19,0.75,-2.06,9.67,0,1.70,-0.0783,0.0583,86,0.851,0.000,0.00,0.00,66.582,0
-27.75,9.44,234.00,0.4398,-0.2488,0.0424,0.8619,-4.64,-1.32,8.52,0.25,-0.06,-1.31,9.79,0,1.70,-0.0783,0.0584,86,0.851,0.000,0.00,0.00,66.582,0
phase1 acc_mag=9.807 gravity=9.741 motion=0.066 moving_avg=0.045 rms=0.055 mean_rms=0.090 max_rms=0.110 min_rms=0.055 std=0.018 var=0.000 state=standing thr=0.126/0.350/0.850
-27.75,9.50,234.06,0.4399,-0.2491,0.0422,0.8618,-4.49,-1.29,8.47,-0.69,0.62,0.06,9.67,0,1.70,-0.0784,0.0584,86,0.851,0.000,0.00,0.00,66.582,0
-27.88,9.56,234.12,0.4402,-0.2498,0.0422,0.8614,-4.61,-1.37,8.47,-0.50,0.62,-1.06,9.74,0,1.70,-0.0786,0.0585,86,0.851,0.000,0.00,0.00,66.582,0
-27.88,9.56,234.12,0.4402,-0.2501,0.0422,0.8614,-4.62,-1.37,8.48,-0.69,0.69,-0.06,9.75,0,1.70,-0.0787,0.0586,86,0.851,0.000,0.00,0.00,66.582,0
-27.88,9.62,234.12,0.4401,-0.2502,0.0421,0.8613,-4.52,-1.32,8.47,-0.75,-0.06,-0.75,9.69,0,1.70,-0.0788,0.0585,86,0.851,0.000,0.00,0.00,66.582,0
phase1 acc_mag=9.728 gravity=9.736 motion=0.008 moving_avg=0.039 rms=0.050 mean_rms=0.079 max_rms=0.110 min_rms=0.050 std=0.020 var=0.000 state=standing thr=0.119/0.350/0.850
-27.88,9.69,234.12,0.4401,-0.2508,0.0413,0.8613,-4.63,-1.38,8.49,-1.44,0.56,0.75,9.77,0,1.70,-0.0791,0.0584,86,0.851,0.000,0.00,0.00,66.582,0
-27.94,9.69,234.06,0.4399,-0.2510,0.0414,0.8613,-4.68,-1.41,8.55,-0.44,-0.31,-0.75,9.85,0,1.70,-0.0792,0.0584,86,0.851,0.000,0.00,0.00,66.582,0
-27.88,9.62,234.12,0.4403,-0.2502,0.0417,0.8613,-4.71,-1.38,8.47,1.00,-0.88,-0.50,9.79,0,1.70,-0.0788,0.0584,86,0.851,0.000,0.00,0.00,66.582,0
-27.75,9.50,234.12,0.4404,-0.2488,0.0419,0.8616,-4.58,-1.37,8.48,2.31,-3.25,-0.19,9.73,0,1.70,-0.0784,0.0583,86,0.851,0.000,0.00,0.00,66.582,0
phase1 acc_mag=9.730 gravity=9.744 motion=0.014 moving_avg=0.039 rms=0.050 mean_rms=0.068 max_rms=0.093 min_rms=0.049 std=0.017 var=0.000 state=standing thr=0.101/0.350/0.850
-27.44,9.25,234.12,0.4406,-0.2457,0.0424,0.8624,-4.38,-1.22,8.52,0.94,-1.56,1.06,9.66,0,1.70,-0.0773,0.0579,86,0.851,0.000,0.00,0.00,66.582,0
-27.50,9.31,234.12,0.4406,-0.2463,0.0425,0.8622,-4.62,-1.34,8.53,-0.75,1.56,-1.06,9.79,0,1.70,-0.0775,0.0581,86,0.851,0.000,0.00,0.00,66.582,0
-27.50,9.31,234.12,0.4406,-0.2463,0.0425,0.8622,-4.56,-1.30,8.52,0.12,-0.19,1.19,9.75,0,1.70,-0.0775,0.0581,86,0.851,0.000,0.00,0.00,66.582,0
-27.56,9.25,234.06,0.4401,-0.2467,0.0428,0.8623,-4.66,-1.31,8.50,-2.19,0.75,-0.44,9.78,0,1.70,-0.0776,0.0582,86,0.851,0.000,0.00,0.00,66.582,0
phase1 acc_mag=9.724 gravity=9.739 motion=0.015 moving_avg=0.041 rms=0.055 mean_rms=0.060 max_rms=0.090 min_rms=0.049 std=0.012 var=0.000 state=standing thr=0.085/0.350/0.850
-27.62,9.31,234.00,0.4398,-0.2476,0.0428,0.8622,-4.72,-1.35,8.54,-0.69,1.56,1.38,9.85,0,1.70,-0.0779,0.0583,86,0.851,0.000,0.00,0.00,66.582,0
-27.62,9.25,233.94,0.4396,-0.2469,0.0428,0.8625,-4.54,-1.34,8.51,0.12,-1.56,-1.44,9.74,0,1.70,-0.0777,0.0582,86,0.851,0.000,0.00,0.00,66.582,0
-27.56,9.31,234.06,0.4403,-0.2469,0.0427,0.8622,-4.52,-1.41,8.49,-0.38,-0.38,-1.31,9.72,0,1.70,-0.0776,0.0582,86,0.851,0.000,0.00,0.00,66.582,0
-27.56,9.25,234.00,0.4399,-0.2469,0.0429,0.8624,-4.51,-1.30,8.49,-0.31,-0.19,0.19,9.70,0,1.70,-0.0776,0.0583,86,0.851,0.000,0.00,0.00,66.582,0
phase1 acc_mag=9.718 gravity=9.736 motion=0.019 moving_avg=0.040 rms=0.054 mean_rms=0.054 max_rms=0.071 min_rms=0.049 std=0.006 var=0.000 state=standing thr=0.080/0.350/0.850
-27.56,9.25,234.00,0.4397,-0.2468,0.0430,0.8625,-4.56,-1.26,8.51,-0.75,0.31,0.56,9.74,0,1.70,-0.0776,0.0582,86,0.851,0.000,0.00,0.00,66.582,0
-27.62,9.25,234.00,0.4396,-0.2471,0.0430,0.8624,-4.57,-1.26,8.49,-0.25,0.12,-0.19,9.72,0,1.70,-0.0777,0.0583,86,0.851,0.000,0.00,0.00,66.582,0
-27.69,9.31,234.00,0.4394,-0.2478,0.0427,0.8624,-4.48,-1.30,8.52,-2.56,1.62,-0.69,9.71,0,1.70,-0.0780,0.0583,86,0.851,0.000,0.00,0.00,66.582,0
-27.88,9.44,233.94,0.4380,-0.2495,0.0430,0.8625,-3.90,-1.20,8.06,3.00,1.75,10.50,9.03,0,1.70,-0.0785,0.0586,86,0.851,0.000,0.00,0.00,66.582,0
phase1 acc_mag=9.468 gravity=9.726 motion=0.259 moving_avg=0.048 rms=0.093 mean_rms=0.053 max_rms=0.093 min_rms=0.049 std=0.007 var=0.000 state=slow thr=0.080/0.350/0.850
-27.94,9.44,233.88,0.4385,-0.2499,0.0430,0.8622,-4.48,-1.19,8.44,2.56,-2.25,1.69,9.63,0,1.70,-0.0786,0.0587,86,0.851,0.000,0.00,0.00,66.582,0
-27.81,9.38,233.88,0.4387,-0.2492,0.0428,0.8624,-4.54,-1.33,8.44,-0.06,-0.31,-2.19,9.68,0,1.70,-0.0784,0.0585,86,0.851,0.000,0.00,0.00,66.582,0
-27.81,9.50,234.00,0.4393,-0.2495,0.0419,0.8620,-4.63,-1.44,8.54,-0.94,0.94,0.56,9.82,0,1.70,-0.0786,0.0583,86,0.851,0.000,0.00,0.00,66.582,0
phase1 acc_mag=9.758 gravity=9.714 motion=0.044 moving_avg=0.058 rms=0.100 mean_rms=0.063 max_rms=0.100 min_rms=0.050 std=0.019 var=0.000 state=standing thr=0.101/0.350/0.850
-28.00,9.56,233.88,0.4379,-0.2517,0.0424,0.8620,-4.63,-1.37,8.48,-2.81,4.38,1.75,9.76,0,1.70,-0.0794,0.0587,86,0.851,0.000,0.00,0.00,66.582,0
-28.12,9.50,233.62,0.4366,-0.2517,0.0428,0.8627,-4.64,-1.48,8.49,1.50,-2.62,0.25,9.79,0,1.70,-0.0794,0.0587,86,0.851,0.000,0.00,0.00,66.582,0
-27.94,9.25,233.75,0.4376,-0.2490,0.0440,0.8629,-4.55,-1.34,8.35,3.00,-3.19,-2.12,9.60,0,1.70,-0.0782,0.0588,86,0.851,0.000,0.00,0.00,66.582,0
-27.69,9.12,233.88,0.4387,-0.2472,0.0441,0.8629,-4.29,-1.22,8.45,0.19,-1.75,0.56,9.55,0,1.70,-0.0776,0.0586,86,0.851,0.000,0.00,0.00,66.582,0
phase1 acc_mag=9.615 gravity=9.717 motion=0.102 moving_avg=0.065 rms=0.108 mean_rms=0.074 max_rms=0.108 min_rms=0.051 std=0.024 var=0.001 state=standing thr=0.121/0.350/0.850
-27.81,9.25,233.81,0.4380,-0.2487,0.0436,0.8628,-4.65,-1.30,8.43,-1.56,2.31,2.62,9.71,0,1.70,-0.0782,0.0586,86,0.851,0.000,0.00,0.00,66.582,0
-27.81,9.19,233.62,0.4369,-0.2486,0.0437,0.8634,-4.48,-1.26,8.47,1.12,-2.50,1.44,9.66,0,1.70,-0.0782,0.0585,86,0.851,0.000,0.00,0.00,66.582,0
-27.81,9.06,233.56,0.4362,-0.2483,0.0443,0.8638,-4.55,-1.26,8.47,0.19,1.00,0.38,9.70,0,1.70,-0.0781,0.0586,86,0.851,0.000,0.00,0.00,66.582,0
-27.81,9.00,233.62,0.4368,-0.2476,0.0451,0.8636,-4.45,-1.11,8.41,2.62,-0.75,-1.62,9.58,0,1.70,-0.0777,0.0588,86,0.851,0.000,0.00,0.00,66.582,0
phase1 acc_mag=9.688 gravity=9.717 motion=0.029 moving_avg=0.070 rms=0.111 mean_rms=0.085 max_rms=0.111 min_rms=0.051 std=0.025 var=0.001 state=standing thr=0.135/0.350/0.850
-27.81,8.94,233.69,0.4371,-0.2475,0.0455,0.8635,-4.62,-1.18,8.51,0.94,0.31,-0.38,9.75,0,1.70,-0.0775,0.0590,86,0.851,0.000,0.00,0.00,66.582,0
-27.75,8.88,233.69,0.4373,-0.2467,0.0457,0.8636,-4.35,-1.12,8.47,1.06,-1.38,0.81,9.59,0,1.70,-0.0772,0.0589,86,0.851,0.000,0.00,0.00,66.582,0
-27.88,8.94,233.69,0.4371,-0.2479,0.0460,0.8633,-4.77,-1.27,8.51,-0.81,1.75,-0.62,9.84,0,1.70,-0.0776,0.0592,86,0.851,0.000,0.00,0.00,66.582,0
-27.88,8.88,233.69,0.4374,-0.2474,0.0463,0.8633,-4.44,-1.12,8.45,1.50,-1.69,0.81,9.61,0,1.70,-0.0773,0.0593,86,0.851,0.000,0.00,0.00,66.582,0
phase1 acc_mag=9.712 gravity=9.719 motion=0.007 moving_avg=0.077 rms=0.115 mean_rms=0.097 max_rms=0.115 min_rms=0.051 std=0.021 var=0.000 state=standing thr=0.139/0.350/0.850
-27.88,8.94,233.69,0.4373,-0.2478,0.0460,0.8633,-4.62,-1.30,8.48,-1.62,1.50,-0.62,9.74,0,1.70,-0.0775,0.0592,86,0.851,0.000,0.00,0.00,66.582,0
-28.00,9.00,233.62,0.4366,-0.2490,0.0455,0.8633,-4.54,-1.24,8.46,-1.50,1.00,1.06,9.68,0,1.70,-0.0780,0.0592,86,0.851,0.000,0.00,0.00,66.582,0
-28.06,9.06,233.56,0.4363,-0.2498,0.0455,0.8633,-4.65,-1.23,8.49,0.50,-1.31,0.56,9.76,0,1.70,-0.0783,0.0593,86,0.851,0.000,0.00,0.00,66.582,0
-28.00,9.00,233.62,0.4365,-0.2489,0.0458,0.8633,-4.55,-1.16,8.46,1.69,-1.00,-0.88,9.68,0,1.70,-0.0780,0.0593,86,0.851,0.000,0.00,0.00,66.582,0
phase1 acc_mag=9.677 gravity=9.732 motion=0.055 moving_avg=0.065 rms=0.082 mean_rms=0.107 max_rms=0.116 min_rms=0.082 std=0.009 var=0.000 state=standing thr=0.124/0.350/0.850
-28.00,9.00,233.62,0.4369,-0.2488,0.0459,0.8632,-4.59,-1.22,8.42,0.50,0.31,-0.12,9.67,0,1.70,-0.0779,0.0593,86,0.851,0.000,0.00,0.00,66.582,0
-27.94,8.94,233.69,0.4370,-0.2484,0.0462,0.8633,-4.55,-1.17,8.41,1.69,-1.50,0.06,9.63,0,1.70,-0.0777,0.0594,86,0.851,0.000,0.00,0.00,66.582,0
-27.94,8.88,233.69,0.4373,-0.2480,0.0462,0.8632,-4.66,-1.25,8.47,0.25,-0.31,-0.81,9.75,0,1.70,-0.0775,0.0593,86,0.851,0.000,0.00,0.00,66.582,0
-27.88,8.88,233.69,0.4374,-0.2477,0.0463,0.8632,-4.58,-1.18,8.46,1.25,-0.31,0.38,9.69,0,1.70,-0.0774,0.0593,86,0.851,0.000,0.00,0.00,66.582,0
phase1 acc_mag=9.730 gravity=9.733 motion=0.003 moving_avg=0.060 rms=0.075 mean_rms=0.103 max_rms=0.116 min_rms=0.075 std=0.014 var=0.000 state=standing thr=0.131/0.350/0.850
-27.94,8.94,233.75,0.4376,-0.2480,0.0462,0.8630,-4.58,-1.24,8.47,-0.12,0.62,0.50,9.71,0,1.70,-0.0775,0.0594,86,0.851,0.000,0.00,0.00,66.582,0
-27.94,8.94,233.69,0.4369,-0.2484,0.0461,0.8633,-4.55,-1.26,8.50,-0.88,-0.25,1.25,9.72,0,1.70,-0.0777,0.0593,86,0.851,0.000,0.00,0.00,66.582,0
-28.00,9.00,233.62,0.4364,-0.2492,0.0456,0.8633,-4.70,-1.28,8.46,-1.56,1.38,1.12,9.76,0,1.70,-0.0781,0.0592,86,0.851,0.000,0.00,0.00,66.582,0
phase1 acc_mag=9.753 gravity=9.734 motion=0.019 moving_avg=0.049 rms=0.060 mean_rms=0.095 max_rms=0.116 min_rms=0.060 std=0.019 var=0.000 state=standing thr=0.134/0.350/0.850
-28.00,9.06,233.62,0.4364,-0.2491,0.0453,0.8634,-4.58,-1.25,8.52,0.19,0.19,-0.81,9.75,0,1.70,-0.0781,0.0591,86,0.851,0.000,0.00,0.00,66.582,0
-28.00,9.06,233.62,0.4368,-0.2493,0.0454,0.8632,-4.63,-1.28,8.48,-0.19,0.69,-1.06,9.75,0,1.70,-0.0781,0.0592,86,0.851,0.000,0.00,0.00,66.582,0
-28.00,9.06,233.62,0.4366,-0.2494,0.0452,0.8632,-4.57,-1.24,8.46,-0.75,0.69,0.06,9.70,0,1.70,-0.0782,0.0592,86,0.851,0.000,0.00,0.00,66.582,0
-28.06,9.12,233.56,0.4360,-0.2499,0.0450,0.8633,-4.55,-1.21,8.47,-1.19,1.62,1.75,9.69,0,1.70,-0.0785,0.0591,86,0.851,0.000,0.00,0.00,66.582,0
phase1 acc_mag=9.732 gravity=9.734 motion=0.002 moving_avg=0.043 rms=0.053 mean_rms=0.084 max_rms=0.116 min_rms=0.053 std=0.022 var=0.001 state=standing thr=0.129/0.350/0.850
-28.19,9.19,233.56,0.4356,-0.2514,0.0447,0.8632,-4.65,-1.26,8.43,-1.88,1.88,0.25,9.71,0,1.70,-0.0790,0.0593,86,0.851,0.000,0.00,0.00,66.582,0
-28.31,9.44,233.56,0.4359,-0.2528,0.0441,0.8627,-4.97,-1.38,8.53,-0.88,-0.69,-1.69,9.97,0,1.70,-0.0796,0.0593,86,0.851,0.000,0.00,0.00,66.582,0
-28.31,9.25,233.25,0.4331,-0.2527,0.0446,0.8640,-4.70,-1.29,8.39,-2.56,2.75,3.81,9.70,0,1.70,-0.0796,0.0592,86,0.851,0.000,0.00,0.00,66.582,0
-28.44,9.19,233.12,0.4322,-0.2532,0.0450,0.8643,-4.64,-1.35,8.46,0.44,-1.06,-0.56,9.74,0,1.70,-0.0797,0.0593,86,0.851,0.000,0.00,0.00,66.582,0
phase1 acc_mag=9.720 gravity=9.744 motion=0.025 moving_avg=0.059 rms=0.099 mean_rms=0.077 max_rms=0.116 min_rms=0.051 std=0.019 var=0.000 state=standing thr=0.115/0.350/0.850
-28.38,9.12,233.06,0.4321,-0.2526,0.0453,0.8645,-4.55,-1.18,8.45,-0.06,0.25,-0.25,9.67,0,1.70,-0.0795,0.0593,86,0.851,0.000,0.00,0.00,66.582,0
-28.25,9.06,233.12,0.4326,-0.2514,0.0452,0.8647,-5.56,-1.33,8.97,5.00,-8.88,0.56,10.64,0,1.70,-0.0791,0.0591,86,0.851,0.000,0.00,0.00,66.582,0
-26.12,9.56,234.25,0.4429,-0.2365,0.0350,0.8641,-3.28,-1.13,8.66,1.81,-6.19,-1.69,9.33,0,1.70,-0.0755,0.0540,86,0.851,0.000,0.00,0.00,66.582,0
-26.50,9.62,234.00,0.4408,-0.2402,0.0356,0.8641,-4.40,-1.35,8.59,-2.44,8.31,8.00,9.75,0,1.70,-0.0767,0.0546,86,0.851,0.000,0.00,0.00,66.582,0
phase1 acc_mag=9.668 gravity=9.728 motion=0.060 moving_avg=0.118 rms=0.237 mean_rms=0.092 max_rms=0.237 min_rms=0.051 std=0.051 var=0.003 state=slow thr=0.195/0.395/0.895
-26.88,9.62,233.62,0.4377,-0.2431,0.0366,0.8649,-4.55,-1.38,8.58,-1.25,2.75,5.44,9.81,0,1.70,-0.0777,0.0552,86,0.851,0.000,0.00,0.00,66.582,0
-27.06,9.56,233.50,0.4365,-0.2441,0.0375,0.8652,-4.54,-1.38,8.58,1.06,0.19,0.31,9.80,0,1.70,-0.0779,0.0556,86,0.851,0.000,0.00,0.00,66.582,0
-27.00,9.50,233.62,0.4374,-0.2434,0.0377,0.8649,-4.36,-1.34,8.49,0.94,-1.12,0.44,9.64,0,1.70,-0.0776,0.0556,86,0.851,0.000,0.00,0.00,66.582,0
-27.00,9.50,233.62,0.4374,-0.2437,0.0380,0.8648,-4.38,-1.23,8.57,-0.88,0.75,-1.81,9.70,0,1.70,-0.0776,0.0558,86,0.851,0.000,0.00,0.00,66.582,0
phase1 acc_mag=9.736 gravity=9.731 motion=0.005 moving_avg=0.120 rms=0.238 mean_rms=0.127 max_rms=0.238 min_rms=0.051 std=0.078 var=0.006 state=standing thr=0.283/0.483/0.983
-27.12,9.56,233.56,0.4370,-0.2445,0.0380,0.8648,-4.49,-1.38,8.50,-0.62,1.00,2.69,9.71,0,1.70,-0.0779,0.0559,86,0.851,0.000,0.00,0.00,66.582,0
-27.00,9.62,233.69,0.4380,-0.2441,0.0374,0.8644,-4.82,-1.60,9.05,-2.00,-10.00,-9.62,10.38,0,1.70,-0.0778,0.0557,86,0.851,0.000,0.00,0.00,66.582,0
-26.31,9.69,234.06,0.4413,-0.2390,0.0344,0.8643,-4.56,-1.08,8.23,-1.12,0.69,-2.19,9.47,0,1.70,-0.0765,0.0541,86,0.851,0.000,0.00,0.00,66.582,0
-26.50,9.62,233.94,0.4401,-0.2405,0.0354,0.8644,-4.89,-1.28,8.74,-3.31,3.38,5.56,10.10,0,1.70,-0.0769,0.0546,86,0.851,0.000,0.00,0.00,66.582,0
phase1 acc_mag=9.605 gravity=9.734 motion=0.129 moving_avg=0.162 rms=0.273 mean_rms=0.165 max_rms=0.273 min_rms=0.051 std=0.085 var=0.007 state=standing thr=0.336/0.536/1.036
-25.88,10.00,233.12,0.4344,-0.2372,0.0285,0.8684,-4.12,-0.86,8.38,-4.69,-6.44,8.88,9.38,0,1.70,-0.0774,0.0511,86,0.851,0.000,0.00,0.00,66.582,0
-25.88,10.25,233.19,0.4348,-0.2384,0.0269,0.8680,-4.44,-1.34,8.60,-1.44,1.12,2.06,9.77,0,1.70,-0.0781,0.0508,86,0.851,0.000,0.00,0.00,66.582,0
-25.81,10.50,233.38,0.4363,-0.2390,0.0252,0.8671,-4.55,-1.53,8.71,-3.56,2.88,-6.38,9.95,0,1.70,-0.0785,0.0504,86,0.851,0.000,0.00,0.00,66.582,0
phase1 acc_mag=9.577 gravity=9.714 motion=0.137 moving_avg=0.198 rms=0.294 mean_rms=0.214 max_rms=0.294 min_rms=0.052 std=0.074 var=0.005 state=standing thr=0.362/0.562/1.062
-25.88,11.06,233.62,0.4379,-0.2418,0.0219,0.8656,-4.17,-1.71,8.45,-6.88,3.81,-1.75,9.58,0,1.70,-0.0799,0.0499,86,0.851,0.000,0.00,0.00,66.582,0
-26.25,11.69,233.75,0.4380,-0.2461,0.0194,0.8644,-4.28,-1.45,8.39,-0.81,-1.12,1.06,9.53,0,1.70,-0.0817,0.0498,86,0.851,0.000,0.00,0.00,66.582,0
-26.12,11.69,233.44,0.4362,-0.2452,0.0181,0.8656,-4.12,-1.84,8.65,-2.50,-1.75,2.69,9.76,0,1.70,-0.0817,0.0491,86,0.851,0.000,0.00,0.00,66.582,0
-26.31,11.69,233.44,0.4355,-0.2468,0.0190,0.8655,-4.63,-1.77,8.56,1.19,1.50,2.00,9.89,0,1.70,-0.0821,0.0496,86,0.851,0.000,0.00,0.00,66.582,0
phase1 acc_mag=9.820 gravity=9.724 motion=0.096 moving_avg=0.195 rms=0.288 mean_rms=0.254 max_rms=0.295 min_rms=0.099 std=0.041 var=0.002 state=standing thr=0.337/0.537/1.037
-26.19,11.38,233.38,0.4354,-0.2446,0.0203,0.8661,-3.86,-1.58,8.56,6.50,-4.62,3.31,9.52,0,1.70,-0.0812,0.0496,86,0.851,0.000,0.00,0.00,66.582,0
-26.06,11.31,233.56,0.4371,-0.2437,0.0212,0.8655,-4.35,-1.49,8.58,2.62,0.12,0.44,9.73,0,1.70,-0.0806,0.0500,86,0.851,0.000,0.00,0.00,66.582,0
-26.06,11.19,233.56,0.4374,-0.2432,0.0219,0.8655,-4.26,-1.42,8.51,-2.12,0.81,-1.19,9.62,0,1.70,-0.0803,0.0501,86,0.851,0.000,0.00,0.00,66.582,0
-26.06,11.31,233.62,0.4374,-0.2435,0.0211,0.8654,-4.34,-1.57,8.56,0.94,-0.69,-1.88,9.72,0,1.70,-0.0806,0.0499,86,0.851,0.000,0.00,0.00,66.582,0
phase1 acc_mag=9.770 gravity=9.730 motion=0.041 moving_avg=0.143 rms=0.195 mean_rms=0.260 max_rms=0.295 min_rms=0.195 std=0.031 var=0.001 state=standing thr=0.322/0.522/1.022
-26.12,11.31,233.62,0.4374,-0.2439,0.0216,0.8652,-4.21,-1.52,8.50,1.00,1.12,0.75,9.61,0,1.70,-0.0806,0.0502,86,0.851,0.000,0.00,0.00,66.582,0
-26.25,11.31,233.62,0.4373,-0.2451,0.0219,0.8650,-4.42,-1.64,8.56,-0.38,1.88,-0.38,9.77,0,1.70,-0.0810,0.0505,86,0.851,0.000,0.00,0.00,66.582,0
-26.31,11.25,233.62,0.4376,-0.2451,0.0226,0.8649,-4.44,-1.60,8.57,1.56,-1.44,-0.12,9.78,0,1.70,-0.0808,0.0507,86,0.851,0.000,0.00,0.00,66.582,0
-26.31,11.19,233.69,0.4380,-0.2448,0.0231,0.8647,-4.28,-1.63,8.54,1.38,-0.19,0.25,9.69,0,1.70,-0.0806,0.0509,86,0.851,0.000,0.00,0.00,66.582,0
phase1 acc_mag=9.688 gravity=9.729 motion=0.042 moving_avg=0.141 rms=0.195 mean_rms=0.251 max_rms=0.295 min_rms=0.195 std=0.041 var=0.002 state=standing thr=0.332/0.532/1.032
-26.31,11.25,233.81,0.4387,-0.2451,0.0233,0.8643,-4.36,-1.49,8.54,0.38,0.56,1.00,9.70,0,1.70,-0.0806,0.0511,86,0.851,0.000,0.00,0.00,66.582,0
-26.38,11.25,233.88,0.4393,-0.2454,0.0233,0.8639,-4.37,-1.50,8.50,0.50,1.69,-1.50,9.67,0,1.70,-0.0807,0.0512,86,0.851,0.000,0.00,0.00,66.582,0
-26.38,11.25,233.94,0.4395,-0.2457,0.0233,0.8636,-4.28,-1.56,8.51,-0.50,0.56,-0.38,9.65,0,1.70,-0.0808,0.0513,86,0.851,0.000,0.00,0.00,66.582,0
-26.50,11.31,233.88,0.4391,-0.2469,0.0234,0.8635,-4.44,-1.65,8.54,-1.44,3.06,0.38,9.77,0,1.70,-0.0812,0.0514,86,0.851,0.000,0.00,0.00,66.582,0
phase1 acc_mag=9.760 gravity=9.732 motion=0.028 moving_avg=0.098 rms=0.137 mean_rms=0.231 max_rms=0.295 min_rms=0.137 std=0.053 var=0.003 state=standing thr=0.338/0.538/1.038
-26.62,11.38,233.88,0.4389,-0.2480,0.0236,0.8633,-4.45,-1.65,8.55,0.44,0.50,1.50,9.78,0,1.70,-0.0815,0.0517,86,0.851,0.000,0.00,0.00,66.582,0
-26.69,11.38,233.88,0.4387,-0.2482,0.0237,0.8633,-4.35,-1.60,8.51,0.25,0.81,1.56,9.69,0,1.70,-0.0815,0.0517,86,0.851,0.000,0.00,0.00,66.582,0
-26.75,11.44,233.88,0.4391,-0.2488,0.0240,0.8630,-4.52,-1.65,8.53,-0.44,0.75,-1.12,9.79,0,1.70,-0.0817,0.0520,86,0.851,0.000,0.00,0.00,66.582,0
phase1 acc_mag=9.736 gravity=9.750 motion=0.014 moving_avg=0.065 rms=0.089 mean_rms=0.191 max_rms=0.295 min_rms=0.089 std=0.062 var=0.004 state=standing thr=0.316/0.516/1.016
-26.75,11.44,233.94,0.4394,-0.2488,0.0239,0.8628,-4.39,-1.71,8.52,0.50,0.31,-0.62,9.74,0,1.70,-0.0817,0.0520,86,0.851,0.000,0.00,0.00,66.582,0
-26.75,11.38,233.94,0.4391,-0.2490,0.0242,0.8629,-4.45,-1.67,8.55,-0.44,0.75,-0.75,9.78,0,1.70,-0.0817,0.0521,86,0.851,0.000,0.00,0.00,66.582,0
-26.81,11.44,233.94,0.4394,-0.2494,0.0242,0.8626,-4.44,-1.62,8.42,-1.44,0.12,-1.75,9.66,0,1.70,-0.0818,0.0522,86,0.851,0.000,0.00,0.00,66.582,0
-26.81,11.56,233.88,0.4390,-0.2498,0.0232,0.8628,-4.45,-1.71,8.48,-1.31,0.69,1.12,9.73,0,1.70,-0.0821,0.0519,86,0.851,0.000,0.00,0.00,66.582,0
phase1 acc_mag=9.779 gravity=9.746 motion=0.033 moving_avg=0.048 rms=0.060 mean_rms=0.149 max_rms=0.277 min_rms=0.060 std=0.054 var=0.003 state=standing thr=0.257/0.457/0.957
-27.00,11.69,233.81,0.4379,-0.2515,0.0229,0.8628,-4.53,-1.75,8.51,-1.94,1.94,0.00,9.80,0,1.70,-0.0828,0.0520,86,0.851,0.000,0.00,0.00,66.582,0
-27.06,11.62,233.69,0.4370,-0.2520,0.0237,0.8631,-4.32,-2.00,8.63,4.12,1.94,4.56,9.86,0,1.70,-0.0829,0.0522,86,0.851,0.000,0.00,0.00,66.582,0
-27.19,11.69,233.69,0.4371,-0.2532,0.0234,0.8627,-4.50,-1.67,8.46,0.50,1.38,0.00,9.73,0,1.70,-0.0833,0.0523,86,0.851,0.000,0.00,0.00,66.582,0
phase1 acc_mag=9.702 gravity=9.754 motion=0.053 moving_avg=0.043 rms=0.051 mean_rms=0.116 max_rms=0.195 min_rms=0.051 std=0.052 var=0.003 state=standing thr=0.221/0.421/0.921
-27.19,11.75,233.81,0.4379,-0.2532,0.0234,0.8624,-4.46,-1.63,8.46,1.25,0.38,-2.00,9.70,0,1.70,-0.0833,0.0524,86,0.851,0.000,0.00,0.00,66.582,0
-26.88,11.75,233.62,0.4365,-0.2510,0.0215,0.8637,-3.97,-1.34,8.30,3.06,-2.50,4.12,9.30,0,1.70,-0.0830,0.0513,86,0.851,0.000,0.00,0.00,66.582,0
-27.06,11.88,233.50,0.4354,-0.2529,0.0213,0.8637,-4.80,-1.82,8.48,0.06,1.75,1.06,9.91,0,1.70,-0.0837,0.0514,86,0.851,0.000,0.00,0.00,66.582,0
-26.94,11.75,233.56,0.4363,-0.2518,0.0219,0.8636,-4.27,-1.56,8.43,2.19,-1.00,-2.44,9.58,0,1.70,-0.0832,0.0515,86,0.851,0.000,0.00,0.00,66.582,0
phase1 acc_mag=9.683 gravity=9.747 motion=0.064 moving_avg=0.066 rms=0.102 mean_rms=0.095 max_rms=0.185 min_rms=0.051 std=0.035 var=0.001 state=standing thr=0.165/0.365/0.865
-26.94,12.00,233.69,0.4375,-0.2529,0.0197,0.8627,-4.58,-1.85,8.50,-6.56,2.25,-6.00,9.83,0,1.70,-0.0838,0.0510,86,0.851,0.000,0.00,0.00,66.582,0
-26.88,12.50,234.00,0.4394,-0.2540,0.0174,0.8615,-4.44,-1.93,8.55,0.69,0.12,-6.62,9.83,0,1.70,-0.0845,0.0506,86,0.851,0.000,0.00,0.00,66.582,0
-26.94,12.38,234.06,0.4399,-0.2534,0.0186,0.8614,-4.46,-1.77,8.50,2.19,-1.19,0.50,9.76,0,1.70,-0.0840,0.0510,86,0.851,0.000,0.00,0.00,66.582,0
-26.88,12.25,234.06,0.4399,-0.2528,0.0189,0.8615,-4.46,-1.80,8.52,1.56,0.25,0.06,9.78,0,1.70,-0.0838,0.0510,86,0.851,0.000,0.00,0.00,66.582,0
phase1 acc_mag=9.702 gravity=9.759 motion=0.058 moving_avg=0.071 rms=0.109 mean_rms=0.086 max_rms=0.118 min_rms=0.051 std=0.022 var=0.000 state=standing thr=0.130/0.350/0.850
-26.88,12.19,234.06,0.4399,-0.2527,0.0194,0.8615,-4.53,-1.82,8.53,0.56,0.38,-0.06,9.83,0,1.70,-0.0837,0.0512,86,0.851,0.000,0.00,0.00,66.582,0
-26.88,12.12,234.06,0.4398,-0.2527,0.0201,0.8616,-4.37,-1.73,8.45,0.62,1.06,0.69,9.67,0,1.70,-0.0836,0.0514,86,0.851,0.000,0.00,0.00,66.582,0
-27.00,12.19,234.06,0.4396,-0.2538,0.0201,0.8613,-4.59,-1.80,8.51,0.19,1.12,0.25,9.84,0,1.70,-0.0839,0.0516,86,0.851,0.000,0.00,0.00,66.582,0
-27.06,12.12,234.06,0.4396,-0.2541,0.0208,0.8612,-4.61,-1.83,8.52,-0.06,1.06,-0.81,9.86,0,1.70,-0.0839,0.0518,86,0.851,0.000,0.00,0.00,66.582,0
phase1 acc_mag=9.804 gravity=9.760 motion=0.044 moving_avg=0.076 rms=0.112 mean_rms=0.088 max_rms=0.112 min_rms=0.051 std=0.022 var=0.001 state=standing thr=0.133/0.350/0.850
-27.12,12.00,234.19,0.4407,-0.2537,0.0219,0.8608,-4.41,-1.59,8.44,3.69,0.56,-3.31,9.65,0,1.70,-0.0835,0.0523,86,0.851,0.000,0.00,0.00,66.582,0
-27.00,12.12,234.56,0.4437,-0.2532,0.0218,0.8594,-4.63,-1.82,8.52,0.56,0.56,-3.31,9.87,0,1.70,-0.0832,0.0524,86,0.851,0.000,0.00,0.00,66.582,0
-27.00,12.00,234.62,0.4442,-0.2527,0.0225,0.8593,-4.51,-1.67,8.48,-0.50,1.31,-1.12,9.75,0,1.70,-0.0829,0.0527,86,0.851,0.000,0.00,0.00,66.582,0
-27.00,12.00,234.62,0.4443,-0.2529,0.0226,0.8591,-4.51,-1.72,8.49,0.44,0.12,-0.81,9.77,0,1.70,-0.0829,0.0527,86,0.851,0.000,0.00,0.00,66.582,0
phase1 acc_mag=9.744 gravity=9.757 motion=0.012 moving_avg=0.085 rms=0.120 mean_rms=0.098 max_rms=0.121 min_rms=0.051 std=0.022 var=0.000 state=standing thr=0.143/0.350/0.850
-27.00,12.00,234.62,0.4442,-0.2529,0.0228,0.8592,-4.45,-1.73,8.44,-0.69,0.44,0.12,9.70,0,1.70,-0.0829,0.0528,86,0.851,0.000,0.00,0.00,66.582,0
-27.06,12.06,234.69,0.4442,-0.2536,0.0226,0.8589,-4.46,-1.75,8.49,-1.94,0.62,-0.69,9.75,0,1.70,-0.0831,0.0528,86,0.851,0.000,0.00,0.00,66.582,0
-27.25,12.31,234.69,0.4443,-0.2556,0.0219,0.8584,-4.79,-1.82,8.44,-2.12,2.38,-0.88,9.87,0,1.70,-0.0839,0.0529,86,0.851,0.000,0.00,0.00,66.582,0
-27.19,12.31,234.75,0.4446,-0.2553,0.0217,0.8583,-4.47,-1.85,8.50,1.25,-1.31,-1.12,9.78,0,1.70,-0.0838,0.0529,86,0.851,0.000,0.00,0.00,66.582,0
phase1 acc_mag=9.849 gravity=9.755 motion=0.094 moving_avg=0.076 rms=0.103 mean_rms=0.111 max_rms=0.122 min_rms=0.094 std=0.008 var=0.000 state=standing thr=0.127/0.350/0.850
-27.19,12.12,234.81,0.4451,-0.2547,0.0228,0.8582,-4.46,-1.83,8.49,1.44,0.00,-0.31,9.76,0,1.70,-0.0834,0.0532,86,0.851,0.000,0.00,0.00,66.582,0
-27.12,12.00,234.81,0.4453,-0.2536,0.0234,0.8585,-4.38,-1.69,8.46,2.19,-1.56,0.19,9.68,0,1.70,-0.0829,0.0532,86,0.851,0.000,0.00,0.00,66.582,0
-27.12,11.94,234.75,0.4450,-0.2533,0.0237,0.8586,-4.50,-1.74,8.49,-0.62,0.25,1.00,9.77,0,1.70,-0.0828,0.0532,86,0.851,0.000,0.00,0.00,66.582,0
phase1 acc_mag=9.802 gravity=9.757 motion=0.045 moving_avg=0.062 rms=0.079 mean_rms=0.108 max_rms=0.122 min_rms=0.079 std=0.012 var=0.000 state=standing thr=0.133/0.350/0.850
-27.12,12.00,234.75,0.4448,-0.2536,0.0236,0.8586,-4.51,-1.87,8.50,-1.44,1.06,-1.88,9.80,0,1.70,-0.0829,0.0532,86,0.851,0.000,0.00,0.00,66.582,0
-27.25,12.00,234.62,0.4438,-0.2546,0.0237,0.8588,-4.53,-1.71,8.47,-0.69,1.00,2.25,9.76,0,1.70,-0.0833,0.0534,86,0.851,0.000,0.00,0.00,66.582,0
-27.38,12.00,234.56,0.4431,-0.2554,0.0239,0.8590,-4.55,-1.76,8.48,-0.19,-0.56,0.62,9.78,0,1.70,-0.0835,0.0535,86,0.851,0.000,0.00,0.00,66.582,0
-27.25,11.94,234.56,0.4434,-0.2545,0.0242,0.8591,-4.55,-1.72,8.46,1.38,-2.38,-1.25,9.76,0,1.70,-0.0832,0.0534,86,0.851,0.000,0.00,0.00,66.582,0
phase1 acc_mag=9.681 gravity=9.755 motion=0.074 moving_avg=0.064 rms=0.080 mean_rms=0.102 max_rms=0.122 min_rms=0.077 std=0.017 var=0.000 state=standing thr=0.136/0.350/0.850
-27.19,11.94,234.69,0.4446,-0.2536,0.0240,0.8588,-4.56,-1.67,8.51,-0.06,0.19,-1.94,9.80,0,1.70,-0.0828,0.0534,86,0.851,0.000,0.00,0.00,66.582,0
-27.19,11.94,234.81,0.4454,-0.2538,0.0240,0.8583,-4.59,-1.63,8.49,0.25,1.62,-2.75,9.79,0,1.70,-0.0828,0.0535,86,0.851,0.000,0.00,0.00,66.582,0
-27.25,12.12,234.88,0.4454,-0.2554,0.0233,0.8578,-4.48,-1.84,8.47,-1.31,4.19,1.31,9.76,0,1.70,-0.0835,0.0535,86,0.851,0.000,0.00,0.00,66.582,0
-27.44,12.25,234.81,0.4451,-0.2571,0.0232,0.8575,-4.61,-1.83,8.47,-2.31,-0.06,-0.06,9.82,0,1.70,-0.0841,0.0537,86,0.851,0.000,0.00,0.00,66.582,0
phase1 acc_mag=9.757 gravity=9.751 motion=0.006 moving_avg=0.062 rms=0.079 mean_rms=0.096 max_rms=0.122 min_rms=0.077 std=0.018 var=0.000 state=standing thr=0.132/0.350/0.850
-27.44,12.31,234.75,0.4446,-0.2570,0.0228,0.8578,-4.53,-1.80,8.45,-0.81,-0.50,0.62,9.76,0,1.70,-0.0841,0.0535,86,0.851,0.000,0.00,0.00,66.582,0
-27.44,12.31,234.75,0.4443,-0.2572,0.0226,0.8578,-4.58,-1.83,8.45,-0.81,0.81,-0.56,9.78,0,1.70,-0.0842,0.0535,86,0.851,0.000,0.00,0.00,66.582,0
-27.44,12.25,234.75,0.4448,-0.2568,0.0234,0.8577,-4.42,-1.61,8.42,2.62,0.38,-1.19,9.64,0,1.70,-0.0839,0.0537,86,0.851,0.000,0.00,0.00,66.582,0
-27.50,12.31,234.94,0.4460,-0.2574,0.0233,0.8569,-4.77,-1.79,8.46,-1.00,1.19,-2.75,9.88,0,1.70,-0.0841,0.0539,86,0.851,0.000,0.00,0.00,66.582,0
phase1 acc_mag=9.685 gravity=9.755 motion=0.070 moving_avg=0.057 rms=0.069 mean_rms=0.086 max_rms=0.122 min_rms=0.066 std=0.016 var=0.000 state=standing thr=0.119/0.350/0.850
-27.44,12.31,235.00,0.4461,-0.2573,0.0231,0.8569,-4.59,-1.74,8.44,-1.19,0.31,-0.75,9.76,0,1.70,-0.0841,0.0538,86,0.851,0.000,0.00,0.00,66.582,0
-27.50,12.44,234.94,0.4454,-0.2582,0.0225,0.8570,-4.63,-1.80,8.43,-1.31,1.88,1.94,9.78,0,1.70,-0.0845,0.0537,86,0.851,0.000,0.00,0.00,66.582,0
-27.62,12.31,234.75,0.4441,-0.2585,0.0234,0.8575,-4.54,-1.93,8.50,-0.62,-1.12,2.06,9.83,0,1.70,-0.0845,0.0539,86,0.851,0.000,0.00,0.00,66.582,0
-27.56,12.31,234.69,0.4439,-0.2581,0.0231,0.8578,-4.58,-1.74,8.45,-0.44,-0.31,0.81,9.77,0,1.70,-0.0845,0.0538,86,0.851,0.000,0.00,0.00,66.582,0
phase1 acc_mag=9.783 gravity=9.757 motion=0.026 moving_avg=0.067 rms=0.097 mean_rms=0.080 max_rms=0.098 min_rms=0.066 std=0.009 var=0.000 state=standing thr=0.098/0.350/0.850
-27.56,12.31,234.69,0.4439,-0.2580,0.0231,0.8578,-4.67,-1.80,8.46,-0.44,0.56,-0.25,9.83,0,1.70,-0.0844,0.0537,86,0.851,0.000,0.00,0.00,66.582,0
-27.56,12.31,234.69,0.4437,-0.2578,0.0233,0.8580,-4.73,-1.91,8.49,1.00,-1.19,1.00,9.90,0,1.70,-0.0844,0.0537,86,0.851,0.000,0.00,0.00,66.582,0
-27.38,12.06,234.62,0.4437,-0.2560,0.0239,0.8585,-4.54,-1.73,8.48,2.50,-3.00,0.44,9.77,0,1.70,-0.0837,0.0537,86,0.851,0.000,0.00,0.00,66.582,0
phase1 acc_mag=9.733 gravity=9.760 motion=0.027 moving_avg=0.063 rms=0.095 mean_rms=0.082 max_rms=0.098 min_rms=0.066 std=0.011 var=0.000 state=standing thr=0.104/0.350/0.850
-27.25,11.88,234.62,0.4438,-0.2543,0.0247,0.8589,-4.46,-1.71,8.48,1.00,-1.31,0.12,9.73,0,1.70,-0.0830,0.0536,86,0.851,0.000,0.00,0.00,66.582,0
-27.19,11.75,234.62,0.4438,-0.2532,0.0253,0.8592,-4.43,-1.70,8.46,1.94,-1.19,1.19,9.70,0,1.70,-0.0825,0.0536,86,0.851,0.000,0.00,0.00,66.582,0
-27.12,11.62,234.62,0.4440,-0.2522,0.0261,0.8594,-4.50,-1.65,8.47,1.69,-0.94,0.88,9.73,0,1.70,-0.0821,0.0538,86,0.851,0.000,0.00,0.00,66.582,0
-27.19,11.62,234.56,0.4436,-0.2526,0.0259,0.8595,-4.61,-1.69,8.50,-2.00,1.88,-0.19,9.82,0,1.70,-0.0822,0.0537,86,0.851,0.000,0.00,0.00,66.582,0
phase1 acc_mag=9.773 gravity=9.755 motion=0.019 moving_avg=0.062 rms=0.094 mean_rms=0.085 max_rms=0.098 min_rms=0.066 std=0.012 var=0.000 state=standing thr=0.109/0.350/0.850
-27.19,11.62,234.56,0.4435,-0.2531,0.0258,0.8594,-4.57,-1.70,8.47,-0.25,0.56,0.56,9.77,0,1.70,-0.0824,0.0538,86,0.851,0.000,0.00,0.00,66.582,0
-27.25,11.69,234.50,0.4431,-0.2538,0.0256,0.8594,-4.45,-1.62,8.46,-0.69,1.12,0.75,9.70,0,1.70,-0.0827,0.0538,86,0.851,0.000,0.00,0.00,66.582,0
-27.38,11.81,234.50,0.4429,-0.2548,0.0253,0.8593,-4.62,-1.71,8.49,-0.75,0.88,0.00,9.82,0,1.70,-0.0831,0.0538,86,0.851,0.000,0.00,0.00,66.582,0
-27.31,11.81,234.50,0.4429,-0.2545,0.0252,0.8594,-4.49,-1.73,8.43,-0.50,0.19,-0.56,9.71,0,1.70,-0.0830,0.0538,86,0.851,0.000,0.00,0.00,66.582,0
phase1 acc_mag=9.764 gravity=9.755 motion=0.010 moving_avg=0.061 rms=0.092 mean_rms=0.088 max_rms=0.098 min_rms=0.066 std=0.012 var=0.000 state=standing thr=0.112/0.350/0.850
-27.38,11.81,234.50,0.4426,-0.2551,0.0252,0.8593,-4.60,-1.70,8.43,-0.56,1.44,-0.06,9.75,0,1.70,-0.0832,0.0538,86,0.851,0.000,0.00,0.00,66.582,0
-27.38,11.88,234.50,0.4427,-0.2552,0.0251,0.8593,-4.46,-1.62,8.43,0.31,-0.12,0.19,9.67,0,1.70,-0.0833,0.0538,86,0.851,0.000,0.00,0.00,66.582,0
-27.44,11.88,234.50,0.4426,-0.2555,0.0249,0.8592,-4.69,-1.72,8.48,0.19,-0.06,-0.31,9.84,0,1.70,-0.0834,0.0538,86,0.851,0.000,0.00,0.00,66.582,0
-27.38,11.81,234.50,0.4426,-0.2549,0.0253,0.8593,-4.53,-1.58,8.41,1.50,-1.44,0.81,9.68,0,1.70,-0.0831,0.0538,86,0.851,0.000,0.00,0.00,66.582,0
phase1 acc_mag=9.766 gravity=9.761 motion=0.005 moving_avg=0.059 rms=0.091 mean_rms=0.092 max_rms=0.098 min_rms=0.069 std=0.008 var=0.000 state=standing thr=0.107/0.350/0.850
-27.31,11.75,234.50,0.4429,-0.2542,0.0252,0.8594,-4.50,-1.71,8.43,0.44,-0.12,-1.00,9.71,0,1.70,-0.0829,0.0537,86,0.851,0.000,0.00,0.00,66.582,0
-27.31,11.81,234.50,0.4430,-0.2542,0.0250,0.8594,-4.57,-1.72,8.48,-0.81,0.75,-0.50,9.79,0,1.70,-0.0829,0.0536,86,0.851,0.000,0.00,0.00,66.582,0
-27.31,11.88,234.50,0.4429,-0.2549,0.0249,0.8593,-4.65,-1.67,8.49,-1.12,1.69,0.75,9.82,0,1.70,-0.0832,0.0537,86,0.851,0.000,0.00,0.00,66.582,0
-27.44,11.88,234.50,0.4426,-0.2553,0.0250,0.8592,-4.57,-1.64,8.43,0.00,0.69,0.38,9.73,0,1.70,-0.0833,0.0538,86,0.851,0.000,0.00,0.00,66.582,0
phase1 acc_mag=9.788 gravity=9.753 motion=0.035 moving_avg=0.048 rms=0.057 mean_rms=0.089 max_rms=0.098 min_rms=0.056 std=0.012 var=0.000 state=standing thr=0.113/0.350/0.850
-27.44,11.88,234.50,0.4426,-0.2554,0.0250,0.8593,-4.49,-1.67,8.39,-0.44,0.62,0.56,9.66,0,1.70,-0.0834,0.0538,86,0.851,0.000,0.00,0.00,66.582,0
-27.50,11.94,234.44,0.4424,-0.2560,0.0248,0.8591,-4.58,-1.74,8.47,0.31,0.38,0.00,9.78,0,1.70,-0.0836,0.0539,86,0.851,0.000,0.00,0.00,66.582,0
-27.44,11.88,234.44,0.4423,-0.2557,0.0250,0.8593,-4.52,-1.62,8.43,0.75,-1.25,0.88,9.70,0,1.70,-0.0835,0.0538,86,0.851,0.000,0.00,0.00,66.582,0
-27.50,11.88,234.44,0.4422,-0.2562,0.0250,0.8592,-4.49,-1.62,8.39,-1.31,2.19,0.31,9.65,0,1.70,-0.0836,0.0539,86,0.851,0.000,0.00,0.00,66.582,0
phase1 acc_mag=9.701 gravity=9.749 motion=0.048 moving_avg=0.051 rms=0.060 mean_rms=0.082 max_rms=0.095 min_rms=0.056 std=0.017 var=0.000 state=standing thr=0.115/0.350/0.850
-27.75,12.12,234.38,0.4417,-0.2585,0.0245,0.8588,-4.77,-2.06,8.67,-1.94,2.50,1.06,10.11,0,1.70,-0.0845,0.0541,86,0.851,0.000,0.00,0.00,66.582,0
-27.81,12.12,234.25,0.4401,-0.2595,0.0246,0.8593,-4.57,-1.88,8.38,-2.50,1.19,1.44,9.73,0,1.70,-0.0849,0.0541,86,0.851,0.000,0.00,0.00,66.582,0
-27.94,12.19,234.19,0.4397,-0.2601,0.0245,0.8593,-4.66,-1.72,8.37,-1.25,-1.38,-0.38,9.73,0,1.70,-0.0851,0.0542,86,0.851,0.000,0.00,0.00,66.582,0
phase1 acc_mag=9.721 gravity=9.762 motion=0.041 moving_avg=0.058 rms=0.074 mean_rms=0.077 max_rms=0.093 min_rms=0.056 std=0.016 var=0.000 state=standing thr=0.108/0.350/0.850
-27.88,12.12,234.12,0.4390,-0.2601,0.0244,0.8597,-4.61,-1.64,8.40,-0.44,0.00,1.69,9.72,0,1.70,-0.0851,0.0541,86,0.851,0.000,0.00,0.00,66.582,0
-27.88,11.88,233.69,0.4362,-0.2587,0.0251,0.8615,-5.16,-1.79,8.49,1.88,-9.44,0.00,10.10,0,1.70,-0.0848,0.0538,86,0.851,0.000,0.00,0.00,66.582,0
-27.38,11.62,233.69,0.4369,-0.2539,0.0247,0.8626,-4.69,-1.79,8.55,1.31,-2.56,-0.31,9.91,0,1.70,-0.0833,0.0529,86,0.851,0.000,0.00,0.00,66.582,0
-27.38,11.56,233.75,0.4374,-0.2540,0.0256,0.8622,-4.48,-1.66,8.48,-0.56,2.44,-0.50,9.73,0,1.70,-0.0831,0.0533,86,0.851,0.000,0.00,0.00,66.582,0
phase1 acc_mag=9.754 gravity=9.760 motion=0.007 moving_avg=0.084 rms=0.131 mean_rms=0.082 max_rms=0.131 min_rms=0.056 std=0.024 var=0.001 state=slow thr=0.130/0.350/0.850
-27.69,11.69,233.88,0.4379,-0.2568,0.0265,0.8611,-4.91,-1.68,8.46,-1.00,1.81,0.19,9.92,0,1.70,-0.0838,0.0541,86,0.851,0.000,0.00,0.00,66.582,0
-27.75,11.69,233.75,0.4371,-0.2571,0.0261,0.8615,-4.57,-1.68,8.45,-1.38,0.44,0.88,9.75,0,1.70,-0.0840,0.0539,86,0.851,0.000,0.00,0.00,66.582,0
-27.81,11.75,233.75,0.4368,-0.2581,0.0258,0.8614,-4.65,-1.69,8.41,-1.69,0.62,-0.12,9.76,0,1.70,-0.0844,0.0540,86,0.851,0.000,0.00,0.00,66.582,0
-27.81,11.81,233.75,0.4369,-0.2581,0.0256,0.8613,-4.53,-1.67,8.42,0.00,-0.31,-0.62,9.71,0,1.70,-0.0844,0.0539,86,0.851,0.000,0.00,0.00,66.582,0
phase1 acc_mag=9.732 gravity=9.756 motion=0.024 moving_avg=0.083 rms=0.131 mean_rms=0.090 max_rms=0.132 min_rms=0.056 std=0.031 var=0.001 state=standing thr=0.153/0.353/0.853
-27.88,11.81,233.75,0.4370,-0.2586,0.0259,0.8611,-4.64,-1.65,8.39,-0.38,0.88,-0.88,9.73,0,1.70,-0.0846,0.0541,86,0.851,0.000,0.00,0.00,66.582,0
-28.00,11.88,233.81,0.4371,-0.2596,0.0259,0.8608,-4.72,-1.71,8.38,-1.12,1.12,-0.69,9.77,0,1.70,-0.0849,0.0543,86,0.851,0.000,0.00,0.00,66.582,0
-28.00,11.88,233.81,0.4373,-0.2596,0.0260,0.8607,-4.71,-1.72,8.39,0.56,-0.12,-0.62,9.77,0,1.70,-0.0848,0.0544,86,0.851,0.000,0.00,0.00,66.582,0
-27.94,11.75,233.75,0.4366,-0.2587,0.0266,0.8613,-4.55,-1.62,8.39,0.25,-1.75,1.44,9.68,0,1.70,-0.0845,0.0544,86,0.851,0.000,0.00,0.00,66.582,0
phase1 acc_mag=9.731 gravity=9.761 motion=0.030 moving_avg=0.079 rms=0.129 mean_rms=0.103 max_rms=0.132 min_rms=0.056 std=0.032 var=0.001 state=standing thr=0.166/0.366/0.866
-27.88,11.75,233.69,0.4364,-0.2584,0.0262,0.8615,-4.50,-1.59,8.40,-1.12,1.25,0.44,9.66,0,1.70,-0.0845,0.0541,86,0.851,0.000,0.00,0.00,66.582,0
-28.00,11.88,233.62,0.4359,-0.2598,0.0259,0.8613,-4.77,-1.76,8.45,-1.62,0.62,-0.44,9.86,0,1.70,-0.0850,0.0542,86,0.851,0.000,0.00,0.00,66.582,0
-27.88,11.69,233.75,0.4365,-0.2583,0.0266,0.8614,-4.54,-1.57,8.39,2.69,-2.38,-1.00,9.67,0,1.70,-0.0844,0.0543,86,0.851,0.000,0.00,0.00,66.582,0
phase1 acc_mag=9.737 gravity=9.757 motion=0.021 moving_avg=0.077 rms=0.125 mean_rms=0.118 max_rms=0.132 min_rms=0.070 std=0.023 var=0.001 state=standing thr=0.163/0.363/0.863
-27.81,11.62,233.75,0.4369,-0.2574,0.0270,0.8615,-4.61,-1.63,8.42,0.56,-0.25,-0.38,9.74,0,1.70,-0.0840,0.0543,86,0.851,0.000,0.00,0.00,66.582,0
-27.81,11.56,233.75,0.4370,-0.2570,0.0276,0.8615,-4.58,-1.66,8.44,0.88,-0.56,0.75,9.75,0,1.70,-0.0837,0.0544,86,0.851,0.000,0.00,0.00,66.582,0
-27.69,11.50,233.75,0.4372,-0.2561,0.0275,0.8617,-4.48,-1.62,8.44,0.56,-0.81,0.19,9.69,0,1.70,-0.0835,0.0543,86,0.851,0.000,0.00,0.00,66.582,0
-27.75,11.56,233.75,0.4370,-0.2568,0.0272,0.8616,-4.61,-1.63,8.44,-1.56,2.06,0.75,9.75,0,1.70,-0.0838,0.0543,86,0.851,0.000,0.00,0.00,66.582,0
phase1 acc_mag=9.867 gravity=9.756 motion=0.111 moving_avg=0.070 rms=0.118 mean_rms=0.128 max_rms=0.132 min_rms=0.106 std=0.006 var=0.000 state=standing thr=0.139/0.350/0.850
-27.81,11.62,233.75,0.4368,-0.2575,0.0272,0.8615,-4.70,-1.70,8.49,0.25,-0.12,0.12,9.85,0,1.70,-0.0840,0.0544,86,0.851,0.000,0.00,0.00,66.582,0
-27.81,11.50,233.69,0.4366,-0.2571,0.0277,0.8617,-4.63,-1.71,8.47,1.00,-0.12,-0.12,9.80,0,1.70,-0.0838,0.0545,86,0.851,0.000,0.00,0.00,66.582,0
-27.75,11.50,233.75,0.4371,-0.2566,0.0278,0.8616,-4.53,-1.70,8.49,0.00,-0.69,-1.94,9.77,0,1.70,-0.0836,0.0544,86,0.851,0.000,0.00,0.00,66.582,0
-27.81,11.50,233.88,0.4377,-0.2570,0.0278,0.8611,-4.50,-1.57,8.42,-0.06,0.69,-0.62,9.68,0,1.70,-0.0837,0.0546,86,0.851,0.000,0.00,0.00,66.582,0
phase1 acc_mag=9.787 gravity=9.755 motion=0.032 moving_avg=0.045 rms=0.056 mean_rms=0.115 max_rms=0.132 min_rms=0.056 std=0.026 var=0.001 state=standing thr=0.167/0.367/0.867
-27.81,11.56,233.88,0.4377,-0.2571,0.0276,0.8611,-4.53,-1.62,8.42,-1.19,0.44,0.25,9.70,0,1.70,-0.0837,0.0545,86,0.851,0.000,0.00,0.00,66.582,0
-27.94,11.62,233.75,0.4368,-0.2581,0.0275,0.8613,-4.69,-1.65,8.44,0.50,1.00,1.69,9.80,0,1.70,-0.0841,0.0546,86,0.851,0.000,0.00,0.00,66.582,0
-27.88,11.56,233.69,0.4363,-0.2577,0.0275,0.8616,-4.61,-1.73,8.43,0.62,-1.69,-0.44,9.76,0,1.70,-0.0840,0.0545,86,0.851,0.000,0.00,0.00,66.582,0
-27.81,11.56,233.75,0.4370,-0.2571,0.0274,0.8615,-4.60,-1.62,8.47,0.44,-0.94,-1.25,9.77,0,1.70,-0.0838,0.0544,86,0.851,0.000,0.00,0.00,66.582,0
phase1 acc_mag=9.727 gravity=9.761 motion=0.034 moving_avg=0.048 rms=0.060 mean_rms=0.100 max_rms=0.130 min_rms=0.056 std=0.032 var=0.001 state=standing thr=0.165/0.365/0.865
-27.75,11.50,233.75,0.4371,-0.2567,0.0274,0.8616,-4.62,-1.61,8.42,0.31,0.50,-0.75,9.74,0,1.70,-0.0837,0.0543,86,0.851,0.000,0.00,0.00,66.582,0
-27.75,11.56,233.75,0.4371,-0.2565,0.0270,0.8616,-4.64,-1.63,8.43,0.31,-1.94,-0.38,9.76,0,1.70,-0.0837,0.0541,86,0.851,0.000,0.00,0.00,66.582,0
-27.62,11.56,233.75,0.4368,-0.2557,0.0258,0.8621,-4.71,-1.60,8.50,-3.19,-1.88,-0.44,9.85,0,1.70,-0.0837,0.0536,86,0.851,0.000,0.00,0.00,66.582,0
-27.44,11.56,233.62,0.4363,-0.2545,0.0253,0.8627,-4.31,-1.69,8.38,1.50,-1.31,2.12,9.57,0,1.70,-0.0834,0.0531,86,0.851,0.000,0.00,0.00,66.582,0
phase1 acc_mag=9.481 gravity=9.765 motion=0.283 moving_avg=0.058 rms=0.077 mean_rms=0.086 max_rms=0.130 min_rms=0.056 std=0.031 var=0.001 state=standing thr=0.148/0.350/0.850
-27.69,11.44,233.44,0.4348,-0.2557,0.0270,0.8630,-4.48,-1.52,8.47,1.00,4.44,3.50,9.70,0,1.70,-0.0836,0.0538,86,0.851,0.000,0.00,0.00,66.582,0
-27.56,11.25,233.62,0.4363,-0.2540,0.0280,0.8627,-4.52,-1.43,8.32,3.12,-7.94,-3.56,9.58,0,1.70,-0.0828,0.0540,86,0.851,0.000,0.00,0.00,66.582,0
-27.50,11.25,233.75,0.4372,-0.2538,0.0279,0.8624,-4.72,-1.71,8.64,-4.00,6.50,-0.69,9.99,0,1.70,-0.0827,0.0540,86,0.851,0.000,0.00,0.00,66.582,0
-27.56,11.44,233.69,0.4368,-0.2547,0.0268,0.8624,-4.42,-1.53,8.40,-0.88,-1.81,0.62,9.61,0,1.70,-0.0832,0.0537,86,0.851,0.000,0.00,0.00,66.582,0
phase1 acc_mag=9.677 gravity=9.761 motion=0.084 moving_avg=0.090 rms=0.159 mean_rms=0.088 max_rms=0.159 min_rms=0.056 std=0.036 var=0.001 state=standing thr=0.161/0.361/0.861
-27.62,11.62,233.75,0.4369,-0.2562,0.0258,0.8619,-4.52,-1.70,8.42,-2.50,3.56,-0.62,9.71,0,1.70,-0.0838,0.0536,86,0.851,0.000,0.00,0.00,66.582,0
-28.19,11.94,233.88,0.4376,-0.2623,0.0267,0.8597,-5.00,-2.70,8.46,-2.56,13.81,-6.19,10.19,0,1.70,-0.0855,0.0551,86,0.851,0.000,0.00,0.00,66.582,0
-28.69,13.00,235.25,0.4467,-0.2687,0.0250,0.8530,-11.53,-5.90,11.02,-52.94,51.31,-91.25,17.01,0,1.70,-0.0872,0.0565,86,0.851,0.000,0.00,0.00,66.582,0
phase1 acc_mag=10.696 gravity=9.926 motion=0.770 moving_avg=0.369 rms=1.061 mean_rms=0.175 max_rms=1.061 min_rms=0.056 std=0.256 var=0.066 state=walking thr=0.687/0.887/1.387
-28.56,12.62,235.25,0.4466,-0.2665,0.0273,0.8537,-5.93,-2.30,8.60,-0.56,10.69,-5.56,10.70,0,1.70,-0.0861,0.0569,86,0.851,0.000,0.00,0.00,66.582,0
-28.56,12.56,235.31,0.4474,-0.2661,0.0277,0.8533,-4.53,-1.97,8.30,0.75,-0.94,-0.50,9.66,0,1.70,-0.0859,0.0571,86,0.851,0.000,0.00,0.00,66.582,0
-28.62,12.56,235.31,0.4475,-0.2665,0.0277,0.8532,-5.11,-2.06,8.46,-3.31,2.31,-1.25,10.10,0,1.70,-0.0860,0.0572,86,0.851,0.000,0.00,0.00,66.582,0
-28.81,12.62,235.19,0.4465,-0.2681,0.0279,0.8533,-4.73,-1.67,8.22,-2.56,3.12,-1.62,9.63,0,1.70,-0.0865,0.0574,86,0.851,0.000,0.00,0.00,66.582,0
phase1 acc_mag=10.005 gravity=9.930 motion=0.075 moving_avg=0.403 rms=1.068 mean_rms=0.366 max_rms=1.068 min_rms=0.059 std=0.421 var=0.177 state=standing thr=1.208/1.408/1.908
-29.00,12.69,235.19,0.4461,-0.2698,0.0281,0.8528,-4.87,-1.90,8.23,0.44,1.56,1.75,9.75,0,1.70,-0.0870,0.0577,86,0.851,0.000,0.00,0.00,66.582,0
-29.12,12.75,235.19,0.4460,-0.2708,0.0283,0.8526,-4.97,-1.97,8.29,-1.38,1.19,0.12,9.86,0,1.70,-0.0873,0.0579,86,0.851,0.000,0.00,0.00,66.582,0
-29.06,12.75,235.19,0.4459,-0.2706,0.0281,0.8527,-4.75,-1.82,8.23,0.06,0.31,-0.62,9.68,0,1.70,-0.0873,0.0579,86,0.851,0.000,0.00,0.00,66.582,0
-29.25,12.88,235.19,0.4456,-0.2723,0.0283,0.8524,-4.93,-1.92,8.28,-2.19,4.12,-0.75,9.83,0,1.70,-0.0878,0.0582,86,0.851,0.000,0.00,0.00,66.582,0
phase1 acc_mag=9.869 gravity=9.932 motion=0.063 moving_avg=0.422 rms=1.070 mean_rms=0.567 max_rms=1.070 min_rms=0.061 std=0.466 var=0.217 state=standing thr=1.499/1.699/2.199
-29.38,12.88,235.19,0.4456,-0.2731,0.0289,0.8521,-4.97,-1.86,8.26,1.75,-0.62,-0.62,9.82,0,1.70,-0.0879,0.0585,86,0.851,0.000,0.00,0.00,66.582,0
-29.38,12.81,235.25,0.4462,-0.2729,0.0292,0.8518,-4.94,-1.94,8.35,-1.81,1.69,-1.75,9.89,0,1.70,-0.0878,0.0587,86,0.851,0.000,0.00,0.00,66.582,0
-29.44,12.88,235.31,0.4465,-0.2736,0.0291,0.8514,-4.98,-1.84,8.26,0.06,0.50,-0.81,9.82,0,1.70,-0.0880,0.0588,86,0.851,0.000,0.00,0.00,66.582,0
-29.44,13.06,235.38,0.4470,-0.2746,0.0284,0.8509,-4.95,-1.91,8.29,-1.31,2.75,-1.62,9.84,0,1.70,-0.0884,0.0588,86,0.851,0.000,0.00,0.00,66.582,0
phase1 acc_mag=9.842 gravity=9.934 motion=0.092 moving_avg=0.436 rms=1.072 mean_rms=0.778 max_rms=1.072 min_rms=0.133 std=0.416 var=0.173 state=standing thr=1.611/1.811/2.311
-29.62,13.12,235.44,0.4473,-0.2759,0.0287,0.8503,-5.01,-1.94,8.25,0.25,1.44,0.06,9.85,0,1.70,-0.0887,0.0591,86,0.851,0.000,0.00,0.00,66.582,0
-29.62,12.94,235.50,0.4478,-0.2753,0.0301,0.8502,-4.78,-1.81,8.20,1.00,-1.00,-0.94,9.66,0,1.70,-0.0882,0.0595,86,0.851,0.000,0.00,0.00,66.582,0
-29.50,12.81,235.62,0.4488,-0.2738,0.0305,0.8501,-4.35,-2.48,8.16,2.69,-7.81,-4.50,9.57,0,1.70,-0.0876,0.0595,86,0.851,0.000,0.00,0.00,66.582,0
-29.00,12.19,235.50,0.4485,-0.2671,0.0325,0.8523,-4.49,-1.36,8.06,2.38,-4.94,2.75,9.33,0,1.70,-0.0852,0.0590,86,0.851,0.000,0.00,0.00,66.582,0
phase1 acc_mag=9.623 gravity=9.924 motion=0.302 moving_avg=0.452 rms=1.079 mean_rms=0.971 max_rms=1.079 min_rms=0.159 std=0.266 var=0.071 state=standing thr=1.503/1.703/2.203
-28.88,12.19,235.50,0.4486,-0.2671,0.0317,0.8523,-4.87,-1.87,8.33,-1.44,-0.38,-1.00,9.83,0,1.70,-0.0854,0.0587,86,0.851,0.000,0.00,0.00,66.582,0
-28.88,12.19,235.44,0.4484,-0.2670,0.0315,0.8525,-5.03,-1.86,8.38,-2.81,1.44,-0.19,9.95,0,1.70,-0.0854,0.0586,86,0.851,0.000,0.00,0.00,66.582,0
-28.88,12.12,235.38,0.4476,-0.2668,0.0318,0.8529,-5.01,-1.66,8.18,0.38,-4.62,1.00,9.73,0,1.70,-0.0853,0.0586,86,0.851,0.000,0.00,0.00,66.582,0
phase1 acc_mag=9.691 gravity=9.764 motion=0.072 moving_avg=0.182 rms=0.255 mean_rms=0.997 max_rms=1.079 min_rms=0.255 std=0.217 var=0.047 state=standing thr=1.431/1.631/2.131
-28.75,12.12,235.25,0.4468,-0.2654,0.0311,0.8538,-4.59,-1.77,8.35,0.38,-3.44,3.94,9.69,0,1.70,-0.0851,0.0580,86,0.851,0.000,0.00,0.00,66.582,0
-28.56,11.94,235.06,0.4456,-0.2631,0.0312,0.8552,-4.80,-1.64,8.46,2.31,-5.81,2.50,9.86,0,1.70,-0.0844,0.0576,86,0.851,0.000,0.00,0.00,66.582,0
-27.81,11.88,234.69,0.4437,-0.2583,0.0270,0.8577,-2.85,-1.04,8.21,11.75,-9.38,9.38,8.75,0,1.70,-0.0838,0.0551,86,0.851,0.000,0.00,0.00,66.582,0
-27.62,11.75,234.56,0.4430,-0.2562,0.0269,0.8588,-4.32,-1.57,8.20,1.88,-1.69,1.06,9.40,0,1.70,-0.0832,0.0546,86,0.851,0.000,0.00,0.00,66.582,0
phase1 acc_mag=10.036 gravity=9.770 motion=0.266 moving_avg=0.219 rms=0.330 mean_rms=0.844 max_rms=1.079 min_rms=0.252 std=0.347 var=0.120 state=standing thr=1.538/1.738/2.238
-27.50,11.56,234.50,0.4427,-0.2548,0.0276,0.8593,-4.60,-1.64,8.24,2.94,-2.81,0.88,9.58,0,1.70,-0.0827,0.0546,86,0.851,0.000,0.00,0.00,66.582,0
-27.31,11.38,234.50,0.4429,-0.2526,0.0278,0.8598,-4.69,-1.72,8.47,0.81,-2.25,-0.38,9.83,0,1.70,-0.0819,0.0543,86,0.851,0.000,0.00,0.00,66.582,0
-27.19,11.31,234.44,0.4429,-0.2516,0.0279,0.8601,-4.59,-1.80,8.57,0.50,-0.56,0.12,9.89,0,1.70,-0.0816,0.0542,86,0.851,0.000,0.00,0.00,66.582,0
-27.12,11.19,234.38,0.4423,-0.2505,0.0284,0.8607,-3.53,-0.76,8.01,10.38,-4.56,12.62,8.79,0,1.70,-0.0812,0.0541,86,0.851,0.000,0.00,0.00,66.582,0
phase1 acc_mag=9.742 gravity=9.767 motion=0.025 moving_avg=0.289 rms=0.506 mean_rms=0.695 max_rms=1.079 min_rms=0.252 std=0.370 var=0.137 state=standing thr=1.436/1.636/2.136
-27.06,11.31,234.50,0.4432,-0.2505,0.0270,0.8603,-4.44,-1.47,8.43,-0.12,-1.44,-1.12,9.64,0,1.70,-0.0814,0.0537,86,0.851,0.000,0.00,0.00,66.582,0
-27.00,11.31,234.50,0.4434,-0.2501,0.0271,0.8603,-4.34,-1.53,8.46,-0.56,0.19,-1.19,9.63,0,1.70,-0.0812,0.0537,86,0.851,0.000,0.00,0.00,66.582,0
-27.12,11.44,234.50,0.4434,-0.2517,0.0265,0.8599,-4.64,-1.79,8.61,-1.31,1.88,-0.75,9.94,0,1.70,-0.0819,0.0537,86,0.851,0.000,0.00,0.00,66.582,0
-27.25,11.56,234.50,0.4430,-0.2527,0.0266,0.8597,-4.53,-1.65,8.46,-1.56,2.00,1.06,9.74,0,1.70,-0.0822,0.0539,86,0.851,0.000,0.00,0.00,66.582,0
phase1 acc_mag=9.821 gravity=9.757 motion=0.065 moving_avg=0.276 rms=0.502 mean_rms=0.582 max_rms=1.079 min_rms=0.252 std=0.321 var=0.103 state=standing thr=1.224/1.424/1.924
-27.38,11.56,234.38,0.4421,-0.2537,0.0267,0.8599,-4.67,-1.72,8.46,-0.19,-1.12,0.94,9.82,0,1.70,-0.0825,0.0540,86,0.851,0.000,0.00,0.00,66.582,0
-27.25,11.44,234.31,0.4417,-0.2524,0.0270,0.8605,-4.47,-1.67,8.47,0.69,-0.31,0.75,9.72,0,1.70,-0.0821,0.0539,86,0.851,0.000,0.00,0.00,66.582,0
-27.25,11.44,234.31,0.4417,-0.2525,0.0270,0.8605,-4.36,-1.49,8.36,-1.44,0.56,0.12,9.55,0,1.70,-0.0821,0.0539,86,0.851,0.000,0.00,0.00,66.582,0
phase1 acc_mag=9.733 gravity=9.774 motion=0.042 moving_avg=0.236 rms=0.469 mean_rms=0.453 max_rms=1.079 min_rms=0.252 std=0.190 var=0.036 state=standing thr=0.832/1.032/1.532
-27.12,11.44,234.38,0.4424,-0.2517,0.0266,0.8604,-4.72,-1.70,8.34,2.44,-2.94,-2.38,9.73,0,1.70,-0.0819,0.0537,86,0.851,0.000,0.00,0.00,66.582,0
-27.06,11.38,234.38,0.4423,-0.2508,0.0266,0.8607,-4.71,-1.71,8.52,-0.56,-1.94,2.19,9.88,0,1.70,-0.0816,0.0535,86,0.851,0.000,0.00,0.00,66.582,0
-27.12,11.38,234.12,0.4406,-0.2513,0.0262,0.8615,-5.11,-2.42,8.78,-4.12,1.94,-1.56,10.44,0,1.70,-0.0820,0.0533,86,0.851,0.000,0.00,0.00,66.582,0
-27.00,11.25,234.00,0.4398,-0.2498,0.0267,0.8622,-4.20,-1.45,8.47,2.75,-3.06,2.44,9.56,0,1.70,-0.0814,0.0531,86,0.851,0.000,0.00,0.00,66.582,0
phase1 acc_mag=9.810 gravity=9.769 motion=0.041 moving_avg=0.251 rms=0.487 mean_rms=0.431 max_rms=0.507 min_rms=0.252 std=0.082 var=0.007 state=standing thr=0.595/0.795/1.295
-26.94,10.75,233.88,0.4390,-0.2477,0.0292,0.8632,-4.09,-1.55,8.55,3.69,-1.00,2.38,9.60,0,1.70,-0.0804,0.0536,86,0.851,0.000,0.00,0.00,66.582,0
-26.88,10.62,233.88,0.4393,-0.2468,0.0300,0.8632,-4.41,-1.44,8.84,0.19,-0.38,0.81,9.98,0,1.70,-0.0800,0.0537,86,0.851,0.000,0.00,0.00,66.582,0
-26.69,10.25,233.88,0.4394,-0.2440,0.0318,0.8640,-4.40,-1.23,8.51,4.06,-3.38,1.56,9.66,0,1.70,-0.0787,0.0539,86,0.851,0.000,0.00,0.00,66.582,0
-26.38,9.69,233.69,0.4383,-0.2396,0.0340,0.8657,-4.46,-1.34,8.48,6.69,-6.81,7.81,9.67,0,1.70,-0.0770,0.0538,86,0.851,0.000,0.00,0.00,66.582,0
phase1 acc_mag=9.891 gravity=9.767 motion=0.124 moving_avg=0.218 rms=0.437 mean_rms=0.461 max_rms=0.507 min_rms=0.335 std=0.053 var=0.003 state=standing thr=0.566/0.766/1.266
-26.12,9.38,233.50,0.4373,-0.2366,0.0347,0.8669,-4.57,-1.65,8.72,0.38,-2.44,-2.69,9.98,0,1.70,-0.0760,0.0534,86,0.851,0.000,0.00,0.00,66.582,0
-25.75,9.00,233.44,0.4374,-0.2325,0.0359,0.8679,-4.16,-0.63,7.70,11.06,-11.00,6.31,8.77,0,1.70,-0.0745,0.0531,86,0.851,0.000,0.00,0.00,66.582,0
-24.88,8.38,233.00,0.4346,-0.2228,0.0355,0.8719,-4.09,-0.78,8.38,4.81,-13.75,4.19,9.36,0,1.70,-0.0715,0.0511,86,0.851,0.000,0.00,0.00,66.582,0
-24.56,8.69,232.75,0.4331,-0.2228,0.0317,0.8728,-3.07,-1.24,8.38,-4.19,-5.06,-0.12,9.01,0,1.70,-0.0723,0.0497,86,0.851,0.000,0.00,0.00,66.582,0
phase1 acc_mag=10.270 gravity=9.804 motion=0.466 moving_avg=0.276 rms=0.542 mean_rms=0.485 max_rms=0.639 min_rms=0.435 std=0.041 var=0.002 state=standing thr=0.567/0.767/1.267
-24.81,9.00,232.38,0.4294,-0.2260,0.0300,0.8738,-4.20,-1.08,8.49,-0.44,2.00,4.88,9.53,0,1.70,-0.0739,0.0493,86,0.851,0.000,0.00,0.00,66.582,0
-24.75,9.06,232.44,0.4307,-0.2257,0.0290,0.8734,-3.99,-1.34,8.56,-0.31,-1.00,-5.06,9.54,0,1.70,-0.0739,0.0490,86,0.851,0.000,0.00,0.00,66.582,0
-24.75,9.12,232.56,0.4316,-0.2258,0.0289,0.8729,-4.00,-1.32,8.65,1.38,-0.94,0.25,9.62,0,1.70,-0.0739,0.0491,86,0.851,0.000,0.00,0.00,66.582,0
phase1 acc_mag=10.003 gravity=9.806 motion=0.196 moving_avg=0.295 rms=0.549 mean_rms=0.495 max_rms=0.639 min_rms=0.435 std=0.048 var=0.002 state=standing thr=0.591/0.791/1.291
-24.75,9.19,232.75,0.4327,-0.2260,0.0288,0.8723,-4.48,-1.65,8.79,1.50,-0.25,1.50,10.00,0,1.70,-0.0739,0.0492,86,0.851,0.000,0.00,0.00,66.582,0
-24.50,9.12,233.31,0.4383,-0.2230,0.0297,0.8702,-4.04,-1.31,8.89,8.25,-6.19,-8.75,9.85,0,1.70,-0.0724,0.0494,86,0.851,0.000,0.00,0.00,66.582,0
-24.25,9.06,234.19,0.4443,-0.2217,0.0304,0.8674,-3.28,-1.21,9.03,0.06,-0.94,0.31,9.68,0,1.70,-0.0715,0.0500,86,0.851,0.000,0.00,0.00,66.582,0
-24.12,9.06,234.50,0.4465,-0.2206,0.0304,0.8666,-4.20,-0.87,8.13,6.00,-5.06,0.06,9.19,0,1.70,-0.0710,0.0499,86,0.851,0.000,0.00,0.00,66.582,0
phase1 acc_mag=10.005 gravity=9.795 motion=0.211 moving_avg=0.320 rms=0.565 mean_rms=0.509 max_rms=0.639 min_rms=0.435 std=0.053 var=0.003 state=standing thr=0.614/0.814/1.314
-23.62,8.88,234.69,0.4486,-0.2159,0.0301,0.8667,-4.02,-1.36,8.42,2.50,-10.00,-12.94,9.43,0,1.70,-0.0695,0.0492,86,0.851,0.000,0.00,0.00,66.582,0
-23.38,8.94,234.88,0.4503,-0.2142,0.0290,0.8663,-3.51,-1.42,8.78,4.88,-2.06,3.12,9.56,0,1.70,-0.0690,0.0486,86,0.851,0.000,0.00,0.00,66.582,0
-23.38,9.12,235.06,0.4514,-0.2146,0.0280,0.8657,-4.46,-1.62,8.93,2.62,-3.81,1.62,10.11,0,1.70,-0.0692,0.0485,86,0.851,0.000,0.00,0.00,66.582,0
-23.31,9.12,235.06,0.4514,-0.2145,0.0277,0.8657,-4.09,-1.30,8.78,-1.31,1.06,0.69,9.77,0,1.70,-0.0693,0.0483,86,0.851,0.000,0.00,0.00,66.582,0
phase1 acc_mag=9.764 gravity=9.788 motion=0.024 moving_avg=0.320 rms=0.556 mean_rms=0.526 max_rms=0.639 min_rms=0.435 std=0.053 var=0.003 state=standing thr=0.633/0.833/1.333
-23.38,9.12,235.00,0.4508,-0.2148,0.0277,0.8660,-3.75,-1.30,8.72,-0.44,2.25,0.06,9.58,0,1.70,-0.0694,0.0483,86,0.851,0.000,0.00,0.00,66.582,0
-23.62,9.25,234.94,0.4504,-0.2179,0.0280,0.8654,-4.20,-1.50,8.83,-2.81,4.19,-1.12,9.89,0,1.70,-0.0704,0.0490,86,0.851,0.000,0.00,0.00,66.582,0
-23.81,9.31,234.94,0.4501,-0.2189,0.0280,0.8653,-4.04,-1.36,8.77,-0.81,0.00,0.06,9.75,0,1.70,-0.0707,0.0491,86,0.851,0.000,0.00,0.00,66.582,0
phase1 acc_mag=9.693 gravity=9.779 motion=0.087 moving_avg=0.292 rms=0.545 mean_rms=0.549 max_rms=0.639 min_rms=0.435 std=0.031 var=0.001 state=standing thr=0.611/0.811/1.311
-23.81,9.31,234.81,0.4491,-0.2191,0.0281,0.8657,-3.99,-1.28,8.74,-1.38,1.25,1.31,9.69,0,1.70,-0.0708,0.0491,86,0.851,0.000,0.00,0.00,66.582,0
-24.12,9.38,234.62,0.4477,-0.2213,0.0285,0.8659,-4.16,-1.42,8.72,-0.75,2.56,1.44,9.77,0,1.70,-0.0716,0.0495,86,0.851,0.000,0.00,0.00,66.582,0
-24.19,9.31,234.62,0.4473,-0.2220,0.0291,0.8659,-4.11,-1.37,8.74,-0.50,0.44,-0.81,9.75,0,1.70,-0.0717,0.0498,86,0.851,0.000,0.00,0.00,66.582,0
-24.19,9.31,234.62,0.4473,-0.2220,0.0292,0.8659,-3.99,-1.39,8.76,0.88,-0.38,0.25,9.73,0,1.70,-0.0717,0.0498,86,0.851,0.000,0.00,0.00,66.582,0
phase1 acc_mag=9.624 gravity=9.715 motion=0.091 moving_avg=0.149 rms=0.210 mean_rms=0.511 max_rms=0.570 min_rms=0.210 std=0.105 var=0.011 state=standing thr=0.721/0.921/1.421
-24.31,9.25,234.62,0.4471,-0.2226,0.0303,0.8658,-4.14,-1.49,8.75,-0.12,2.25,-0.50,9.79,0,1.70,-0.0717,0.0503,86,0.851,0.000,0.00,0.00,66.582,0
-24.38,9.31,234.69,0.4478,-0.2229,0.0301,0.8654,-4.28,-1.62,8.80,-3.12,0.00,-4.19,9.92,0,1.70,-0.0718,0.0503,86,0.851,0.000,0.00,0.00,66.582,0
-24.31,9.31,234.69,0.4477,-0.2228,0.0298,0.8655,-4.12,-1.33,8.72,0.06,0.19,0.56,9.74,0,1.70,-0.0718,0.0502,86,0.851,0.000,0.00,0.00,66.582,0
-24.38,9.38,234.69,0.4477,-0.2238,0.0297,0.8652,-4.11,-1.42,8.75,-2.25,3.88,-1.25,9.77,0,1.70,-0.0721,0.0504,86,0.851,0.000,0.00,0.00,66.582,0
phase1 acc_mag=9.658 gravity=9.714 motion=0.056 moving_avg=0.130 rms=0.197 mean_rms=0.438 max_rms=0.570 min_rms=0.197 std=0.159 var=0.025 state=standing thr=0.757/0.957/1.457
-24.62,9.38,234.69,0.4475,-0.2251,0.0307,0.8649,-4.15,-1.48,8.77,-0.38,0.94,0.56,9.81,0,1.70,-0.0724,0.0509,86,0.851,0.000,0.00,0.00,66.582,0
-24.62,9.38,234.69,0.4478,-0.2249,0.0308,0.8649,-4.03,-1.36,8.64,1.12,-1.81,-0.81,9.63,0,1.70,-0.0723,0.0509,86,0.851,0.000,0.00,0.00,66.582,0
-24.50,9.38,234.75,0.4481,-0.2242,0.0303,0.8649,-3.99,-1.34,8.69,0.19,-0.94,-0.12,9.66,0,1.70,-0.0721,0.0507,86,0.851,0.000,0.00,0.00,66.582,0
-24.62,9.38,234.69,0.4473,-0.2258,0.0309,0.8649,-3.97,-1.24,8.62,-2.38,5.50,2.75,9.57,0,1.70,-0.0726,0.0511,86,0.851,0.000,0.00,0.00,66.582,0
phase1 acc_mag=9.846 gravity=9.716 motion=0.129 moving_avg=0.092 rms=0.123 mean_rms=0.356 max_rms=0.570 min_rms=0.122 std=0.177 var=0.031 state=standing thr=0.710/0.910/1.410
-25.00,9.50,234.50,0.4456,-0.2285,0.0308,0.8651,-4.05,-1.30,8.58,-3.62,1.06,1.12,9.58,0,1.70,-0.0736,0.0514,86,0.851,0.000,0.00,0.00,66.582,0
-25.00,9.88,234.56,0.4463,-0.2304,0.0287,0.8643,-4.29,-1.58,8.77,-2.38,2.06,-3.75,9.89,0,1.70,-0.0745,0.0510,86,0.851,0.000,0.00,0.00,66.582,0
-25.12,9.88,234.75,0.4475,-0.2308,0.0298,0.8635,-4.20,-1.50,8.67,2.75,0.44,-1.06,9.75,0,1.70,-0.0744,0.0516,86,0.851,0.000,0.00,0.00,66.582,0
-25.06,9.75,234.94,0.4490,-0.2299,0.0308,0.8629,-4.34,-1.49,8.68,1.50,-2.81,-3.56,9.82,0,1.70,-0.0738,0.0519,86,0.851,0.000,0.00,0.00,66.582,0
phase1 acc_mag=9.688 gravity=9.723 motion=0.035 moving_avg=0.072 rms=0.092 mean_rms=0.256 max_rms=0.553 min_rms=0.092 std=0.162 var=0.026 state=standing thr=0.581/0.781/1.281
-24.88,9.69,235.12,0.4505,-0.2280,0.0304,0.8627,-3.97,-1.21,8.54,0.56,-0.75,-1.25,9.50,0,1.70,-0.0732,0.0516,86,0.851,0.000,0.00,0.00,66.582,0
-25.06,9.81,235.12,0.4505,-0.2299,0.0302,0.8621,-4.25,-1.48,8.68,-3.44,5.00,-1.12,9.78,0,1.70,-0.0738,0.0519,86,0.851,0.000,0.00,0.00,66.582,0
-25.31,9.94,235.12,0.4500,-0.2324,0.0305,0.8617,-4.37,-1.50,8.67,-0.50,3.50,0.19,9.82,0,1.70,-0.0746,0.0524,86,0.851,0.000,0.00,0.00,66.582,0
-25.31,9.94,235.12,0.4501,-0.2323,0.0308,0.8616,-4.41,-1.50,8.68,1.00,-1.69,-1.12,9.85,0,1.70,-0.0745,0.0524,86,0.851,0.000,0.00,0.00,66.582,0
phase1 acc_mag=9.767 gravity=9.724 motion=0.043 moving_avg=0.075 rms=0.095 mean_rms=0.162 max_rms=0.495 min_rms=0.092 std=0.070 var=0.005 state=standing thr=0.303/0.503/1.003
-25.12,9.88,235.25,0.4510,-0.2307,0.0306,0.8616,-4.03,-1.25,8.69,-0.12,-0.88,-1.25,9.66,0,1.70,-0.0740,0.0522,86,0.851,0.000,0.00,0.00,66.582,0
-25.25,10.06,235.31,0.4514,-0.2325,0.0301,0.8610,-4.30,-1.48,8.68,-3.19,5.25,-1.38,9.80,0,1.70,-0.0746,0.0523,86,0.851,0.000,0.00,0.00,66.582,0
-25.56,10.19,235.31,0.4511,-0.2352,0.0305,0.8604,-4.43,-1.69,8.68,-1.38,3.69,-2.25,9.89,0,1.70,-0.0754,0.0529,86,0.851,0.000,0.00,0.00,66.582,0
phase1 acc_mag=9.620 gravity=9.719 motion=0.099 moving_avg=0.087 rms=0.107 mean_rms=0.130 max_rms=0.205 min_rms=0.092 std=0.042 var=0.002 state=standing thr=0.214/0.414/0.914
-25.69,10.25,235.31,0.4510,-0.2363,0.0305,0.8602,-4.13,-1.43,8.57,-0.88,1.44,0.88,9.62,0,1.70,-0.0758,0.0531,86,0.851,0.000,0.00,0.00,66.582,0
-25.94,10.38,235.31,0.4506,-0.2388,0.0307,0.8596,-4.24,-1.36,8.55,0.25,2.94,1.19,9.64,0,1.70,-0.0766,0.0536,86,0.851,0.000,0.00,0.00,66.582,0
-26.19,10.50,235.31,0.4505,-0.2407,0.0309,0.8591,-4.48,-1.66,8.62,-1.94,2.19,-1.06,9.86,0,1.70,-0.0772,0.0540,86,0.851,0.000,0.00,0.00,66.582,0
-26.25,10.50,235.31,0.4504,-0.2415,0.0312,0.8589,-4.47,-1.55,8.57,0.19,0.88,-0.19,9.79,0,1.70,-0.0774,0.0542,86,0.851,0.000,0.00,0.00,66.582,0
phase1 acc_mag=9.710 gravity=9.728 motion=0.018 moving_avg=0.085 rms=0.106 mean_rms=0.111 max_rms=0.194 min_rms=0.092 std=0.023 var=0.001 state=standing thr=0.156/0.356/0.856
-26.25,10.50,235.31,0.4504,-0.2413,0.0311,0.8591,-4.31,-1.59,8.57,-0.38,0.06,-0.38,9.72,0,1.70,-0.0773,0.0541,86,0.851,0.000,0.00,0.00,66.582,0
-26.25,10.50,235.38,0.4507,-0.2415,0.0313,0.8588,-4.43,-1.49,8.53,1.31,-1.00,-0.38,9.73,0,1.70,-0.0773,0.0543,86,0.851,0.000,0.00,0.00,66.582,0
-26.19,10.44,235.38,0.4510,-0.2408,0.0314,0.8589,-4.39,-1.54,8.57,1.00,-0.56,-0.25,9.75,0,1.70,-0.0771,0.0542,86,0.851,0.000,0.00,0.00,66.582,0
-26.12,10.44,235.38,0.4510,-0.2402,0.0315,0.8590,-4.37,-1.58,8.60,-0.75,0.69,-0.88,9.78,0,1.70,-0.0769,0.0542,86,0.851,0.000,0.00,0.00,66.582,0
phase1 acc_mag=9.720 gravity=9.743 motion=0.024 moving_avg=0.080 rms=0.101 mean_rms=0.102 max_rms=0.115 min_rms=0.092 std=0.006 var=0.000 state=standing thr=0.115/0.350/0.850
-26.19,10.38,235.31,0.4507,-0.2403,0.0317,0.8591,-4.36,-1.54,8.57,-0.56,0.44,0.62,9.74,0,1.70,-0.0769,0.0542,86,0.851,0.000,0.00,0.00,66.582,0
-26.25,10.38,235.31,0.4504,-0.2407,0.0320,0.8592,-4.34,-1.53,8.59,0.38,1.31,0.75,9.74,0,1.70,-0.0769,0.0543,86,0.851,0.000,0.00,0.00,66.582,0
-26.19,10.31,235.25,0.4503,-0.2403,0.0320,0.8593,-4.42,-1.58,8.80,0.38,-1.12,-0.31,9.97,0,1.70,-0.0768,0.0543,86,0.851,0.000,0.00,0.00,66.582,0
-26.06,10.25,235.31,0.4507,-0.2390,0.0320,0.8595,-4.36,-1.46,8.57,0.31,-1.56,-1.19,9.73,0,1.70,-0.0764,0.0541,86,0.851,0.000,0.00,0.00,66.582,0
phase1 acc_mag=9.764 gravity=9.741 motion=0.023 moving_avg=0.068 rms=0.088 mean_rms=0.100 max_rms=0.107 min_rms=0.088 std=0.007 var=0.000 state=standing thr=0.114/0.350/0.850
-25.94,10.19,235.31,0.4508,-0.2380,0.0320,0.8597,-4.32,-1.56,8.61,0.12,-0.44,0.00,9.76,0,1.70,-0.0761,0.0539,86,0.851,0.000,0.00,0.00,66.582,0
-25.94,10.19,235.31,0.4509,-0.2375,0.0320,0.8598,-4.34,-1.53,8.63,0.38,-1.25,-0.94,9.78,0,1.70,-0.0759,0.0538,86,0.851,0.000,0.00,0.00,66.582,0
-25.75,10.12,235.31,0.4512,-0.2361,0.0317,0.8600,-4.17,-1.36,8.58,2.19,-3.75,1.50,9.64,0,1.70,-0.0755,0.0535,86,0.851,0.000,0.00,0.00,66.582,0
phase1 acc_mag=9.816 gravity=9.748 motion=0.069 moving_avg=0.059 rms=0.078 mean_rms=0.097 max_rms=0.107 min_rms=0.078 std=0.010 var=0.000 state=standing thr=0.118/0.350/0.850
-25.56,10.00,235.31,0.4512,-0.2343,0.0316,0.8605,-4.24,-1.35,8.75,-1.00,-1.62,-0.44,9.82,0,1.70,-0.0749,0.0532,86,0.851,0.000,0.00,0.00,66.582,0
-25.44,9.94,235.38,0.4518,-0.2332,0.0317,0.8605,-4.14,-1.35,8.68,0.06,0.31,0.88,9.71,0,1.70,-0.0745,0.0531,86,0.851,0.000,0.00,0.00,66.582,0
-25.50,9.94,235.38,0.4514,-0.2339,0.0320,0.8605,-4.21,-1.46,8.63,-1.19,2.19,2.25,9.71,0,1.70,-0.0747,0.0533,86,0.851,0.000,0.00,0.00,66.582,0
-25.56,9.94,235.25,0.4510,-0.2341,0.0319,0.8607,-3.90,-1.57,8.40,2.69,-2.38,-0.81,9.39,0,1.70,-0.0749,0.0532,86,0.851,0.000,0.00,0.00,66.582,0
phase1 acc_mag=9.720 gravity=9.742 motion=0.022 moving_avg=0.061 rms=0.085 mean_rms=0.092 max_rms=0.107 min_rms=0.071 std=0.012 var=0.000 state=standing thr=0.116/0.350/0.850
-25.38,9.88,235.25,0.4508,-0.2328,0.0316,0.8611,-3.97,-1.37,8.65,-0.50,-0.44,-0.25,9.62,0,1.70,-0.0745,0.0529,86,0.851,0.000,0.00,0.00,66.582,0
-25.50,10.00,235.25,0.4507,-0.2339,0.0311,0.8609,-4.30,-1.43,8.66,-1.12,2.12,0.75,9.77,0,1.70,-0.0750,0.0529,86,0.851,0.000,0.00,0.00,66.582,0
-25.56,10.00,235.25,0.4506,-0.2341,0.0311,0.8609,-4.36,-1.49,8.66,0.88,-2.12,-0.38,9.81,0,1.70,-0.0750,0.0529,86,0.851,0.000,0.00,0.00,66.582,0
-25.38,9.94,235.25,0.4509,-0.2328,0.0311,0.8611,-4.09,-1.41,8.61,-0.06,-1.38,-0.88,9.64,0,1.70,-0.0746,0.0527,86,0.851,0.000,0.00,0.00,66.582,0
phase1 acc_mag=9.751 gravity=9.735 motion=0.016 moving_avg=0.063 rms=0.085 mean_rms=0.088 max_rms=0.107 min_rms=0.071 std=0.010 var=0.000 state=standing thr=0.109/0.350/0.850
-25.38,10.00,235.25,0.4511,-0.2328,0.0308,0.8610,-4.16,-1.45,8.66,0.19,0.00,-0.56,9.72,0,1.70,-0.0746,0.0526,86,0.851,0.000,0.00,0.00,66.582,0
-25.38,10.00,235.31,0.4515,-0.2329,0.0307,0.8608,-4.24,-1.49,8.59,-0.88,1.00,-0.50,9.69,0,1.70,-0.0746,0.0526,86,0.851,0.000,0.00,0.00,66.582,0
-25.38,10.06,235.31,0.4514,-0.2334,0.0303,0.8608,-4.19,-1.46,8.66,-0.62,0.00,0.06,9.73,0,1.70,-0.0749,0.0526,86,0.851,0.000,0.00,0.00,66.582,0
-25.38,10.12,235.31,0.4514,-0.2340,0.0297,0.8606,-4.26,-1.57,8.66,-1.81,1.31,-1.00,9.78,0,1.70,-0.0752,0.0525,86,0.851,0.000,0.00,0.00,66.582,0
phase1 acc_mag=9.674 gravity=9.733 motion=0.059 moving_avg=0.061 rms=0.084 mean_rms=0.084 max_rms=0.093 min_rms=0.071 std=0.006 var=0.000 state=standing thr=0.096/0.350/0.850
-25.50,10.25,235.38,0.4517,-0.2348,0.0295,0.8602,-4.26,-1.48,8.66,-0.38,0.50,0.19,9.76,0,1.70,-0.0755,0.0526,86,0.851,0.000,0.00,0.00,66.582,0
-25.44,10.25,235.38,0.4518,-0.2346,0.0295,0.8602,-4.22,-1.52,8.64,0.38,0.56,-0.88,9.73,0,1.70,-0.0754,0.0526,86,0.851,0.000,0.00,0.00,66.582,0
-25.44,10.25,235.44,0.4520,-0.2346,0.0295,0.8601,-4.35,-1.57,8.62,-0.06,0.25,-0.69,9.78,0,1.70,-0.0754,0.0526,86,0.851,0.000,0.00,0.00,66.582,0
-25.44,10.25,235.44,0.4520,-0.2347,0.0295,0.8601,-4.33,-1.42,8.65,-0.50,1.06,-0.06,9.78,0,1.70,-0.0754,0.0526,86,0.851,0.000,0.00,0.00,66.582,0
phase1 acc_mag=9.739 gravity=9.729 motion=0.009 moving_avg=0.060 rms=0.082 mean_rms=0.082 max_rms=0.087 min_rms=0.071 std=0.005 var=0.000 state=standing thr=0.092/0.350/0.850
-25.50,10.31,235.44,0.4519,-0.2353,0.0295,0.8600,-4.46,-1.56,8.68,-0.12,0.81,-0.50,9.88,0,1.70,-0.0756,0.0527,86,0.851,0.000,0.00,0.00,66.582,0
-25.50,10.31,235.44,0.4520,-0.2352,0.0292,0.8600,-4.21,-1.49,8.68,-0.69,-0.19,-0.31,9.76,0,1.70,-0.0756,0.0526,86,0.851,0.000,0.00,0.00,66.582,0
-25.50,10.31,235.38,0.4517,-0.2353,0.0292,0.8601,-4.23,-1.46,8.63,-0.94,1.19,0.31,9.72,0,1.70,-0.0757,0.0526,86,0.851,0.000,0.00,0.00,66.582,0
-25.50,10.31,235.38,0.4519,-0.2351,0.0295,0.8600,-4.22,-1.48,8.63,1.25,-0.88,-0.19,9.72,0,1.70,-0.0756,0.0526,86,0.851,0.000,0.00,0.00,66.582,0
phase1 acc_mag=9.721 gravity=9.730 motion=0.009 moving_avg=0.055 rms=0.077 mean_rms=0.082 max_rms=0.087 min_rms=0.071 std=0.005 var=0.000 state=standing thr=0.092/0.350/0.850
-25.50,10.25,235.38,0.4518,-0.2350,0.0298,0.8600,-4.30,-1.48,8.62,0.12,0.31,0.88,9.75,0,1.70,-0.0755,0.0527,86,0.851,0.000,0.00,0.00,66.582,0
-25.50,10.25,235.38,0.4519,-0.2347,0.0296,0.8601,-4.21,-1.50,8.57,-0.44,-0.44,-0.69,9.67,0,1.70,-0.0754,0.0526,86,0.851,0.000,0.00,0.00,66.582,0
-25.50,10.25,235.38,0.4518,-0.2347,0.0296,0.8602,-4.25,-1.46,8.63,-0.31,0.38,0.12,9.73,0,1.70,-0.0754,0.0526,86,0.851,0.000,0.00,0.00,66.582,0
phase1 acc_mag=9.697 gravity=9.733 motion=0.036 moving_avg=0.044 rms=0.057 mean_rms=0.080 max_rms=0.087 min_rms=0.057 std=0.008 var=0.000 state=standing thr=0.097/0.350/0.850
-25.44,10.25,235.44,0.4521,-0.2347,0.0294,0.8600,-4.28,-1.45,8.58,0.62,-0.44,-0.62,9.70,0,1.70,-0.0754,0.0526,86,0.851,0.000,0.00,0.00,66.582,0
-25.44,10.25,235.44,0.4523,-0.2344,0.0294,0.8600,-4.22,-1.45,8.61,0.12,-0.25,-1.00,9.70,0,1.70,-0.0753,0.0525,86,0.851,0.000,0.00,0.00,66.582,0
-25.38,10.25,235.44,0.4522,-0.2341,0.0294,0.8602,-4.14,-1.47,8.63,0.88,-0.69,0.25,9.68,0,1.70,-0.0752,0.0525,86,0.851,0.000,0.00,0.00,66.582,0
-25.38,10.31,235.50,0.4528,-0.2340,0.0292,0.8599,-4.12,-1.49,8.60,0.88,-0.69,-0.12,9.65,0,1.70,-0.0752,0.0524,86,0.851,0.000,0.00,0.00,66.582,0
phase1 acc_mag=9.740 gravity=9.732 motion=0.008 moving_avg=0.040 rms=0.050 mean_rms=0.074 max_rms=0.085 min_rms=0.050 std=0.013 var=0.000 state=standing thr=0.100/0.350/0.850
-25.31,10.38,235.56,0.4534,-0.2340,0.0286,0.8596,-4.09,-1.43,8.59,-1.19,0.31,-1.69,9.62,0,1.70,-0.0753,0.0523,86,0.851,0.000,0.00,0.00,66.582,0
-25.50,10.50,235.62,0.4535,-0.2358,0.0286,0.8590,-3.98,-1.43,8.61,0.00,3.88,0.88,9.59,0,1.70,-0.0758,0.0526,86,0.851,0.000,0.00,0.00,66.582,0
-25.44,10.50,235.75,0.4543,-0.2354,0.0286,0.8587,-4.20,-1.35,8.56,1.62,-1.56,-1.12,9.63,0,1.70,-0.0756,0.0526,86,0.851,0.000,0.00,0.00,66.582,0
phase1 acc_mag=10.300 gravity=9.742 motion=0.558 moving_avg=0.057 rms=0.095 mean_rms=0.068 max_rms=0.095 min_rms=0.050 std=0.014 var=0.000 state=standing thr=0.096/0.350/0.850
-25.38,10.56,235.94,0.4558,-0.2347,0.0281,0.8582,-4.78,-1.87,8.93,1.25,-4.25,-2.06,10.30,0,1.70,-0.0754,0.0524,86,0.851,0.000,0.00,0.00,66.582,0
-25.06,10.50,236.12,0.4579,-0.2322,0.0272,0.8577,-4.02,-1.33,8.89,-0.06,-2.31,-3.19,9.85,0,1.70,-0.0747,0.0519,86,0.851,0.000,0.00,0.00,66.582,0
-25.06,10.56,236.19,0.4579,-0.2327,0.0273,0.8575,-4.32,-1.44,8.74,-0.38,2.50,1.19,9.86,0,1.70,-0.0748,0.0520,86,0.851,0.000,0.00,0.00,66.582,0
-25.12,10.56,236.25,0.4583,-0.2331,0.0275,0.8572,-4.12,-1.47,8.61,0.12,0.94,-0.62,9.66,0,1.70,-0.0749,0.0522,86,0.851,0.000,0.00,0.00,66.582,0
phase1 acc_mag=9.760 gravity=9.734 motion=0.025 moving_avg=0.068 rms=0.110 mean_rms=0.074 max_rms=0.112 min_rms=0.050 std=0.022 var=0.000 state=standing thr=0.117/0.350/0.850
-25.12,10.62,236.25,0.4584,-0.2336,0.0275,0.8571,-4.32,-1.53,8.68,0.44,0.06,-0.06,9.82,0,1.70,-0.0750,0.0522,86,0.851,0.000,0.00,0.00,66.582,0
-25.06,10.56,236.31,0.4588,-0.2325,0.0273,0.8571,-4.14,-1.59,8.63,0.75,-2.38,-1.69,9.70,0,1.70,-0.0747,0.0520,86,0.851,0.000,0.00,0.00,66.582,0
-24.88,10.50,236.31,0.4592,-0.2310,0.0272,0.8573,-4.01,-1.43,8.65,1.19,-1.94,0.88,9.64,0,1.70,-0.0742,0.0518,86,0.851,0.000,0.00,0.00,66.582,0
-24.88,10.50,236.31,0.4594,-0.2311,0.0272,0.8572,-4.24,-1.54,8.63,-0.12,0.62,0.12,9.74,0,1.70,-0.0742,0.0518,86,0.851,0.000,0.00,0.00,66.582,0
phase1 acc_mag=9.667 gravity=9.734 motion=0.067 moving_avg=0.072 rms=0.113 mean_rms=0.080 max_rms=0.113 min_rms=0.050 std=0.027 var=0.001 state=standing thr=0.133/0.350/0.850
-24.88,10.50,236.38,0.4594,-0.2310,0.0273,0.8572,-4.16,-1.42,8.68,0.56,-0.12,0.06,9.73,0,1.70,-0.0742,0.0518,86,0.851,0.000,0.00,0.00,66.582,0
-24.88,10.44,236.38,0.4595,-0.2307,0.0276,0.8572,-4.23,-1.52,8.72,0.94,-0.44,-0.38,9.81,0,1.70,-0.0740,0.0519,86,0.851,0.000,0.00,0.00,66.582,0
-24.88,10.38,236.31,0.4592,-0.2306,0.0276,0.8575,-4.21,-1.45,8.65,-0.62,1.06,0.62,9.73,0,1.70,-0.0740,0.0518,86,0.851,0.000,0.00,0.00,66.582,0
-24.88,10.44,236.25,0.4587,-0.2307,0.0275,0.8577,-4.15,-1.50,8.66,-0.62,0.06,0.06,9.72,0,1.70,-0.0741,0.0518,86,0.851,0.000,0.00,0.00,66.582,0
phase1 acc_mag=9.802 gravity=9.736 motion=0.066 moving_avg=0.075 rms=0.115 mean_rms=0.090 max_rms=0.115 min_rms=0.050 std=0.028 var=0.001 state=standing thr=0.146/0.350/0.850
-24.88,10.44,236.25,0.4586,-0.2308,0.0275,0.8577,-4.22,-1.53,8.68,0.19,-0.12,-0.50,9.77,0,1.70,-0.0741,0.0518,86,0.851,0.000,0.00,0.00,66.582,0
-24.88,10.31,236.19,0.4584,-0.2303,0.0281,0.8579,-4.20,-1.48,8.64,1.31,0.38,0.44,9.72,0,1.70,-0.0739,0.0519,86,0.851,0.000,0.00,0.00,66.582,0
-24.88,10.25,236.19,0.4583,-0.2301,0.0284,0.8580,-4.15,-1.40,8.63,-0.62,0.44,0.06,9.68,0,1.70,-0.0738,0.0519,86,0.851,0.000,0.00,0.00,66.582,0
-24.88,10.38,236.19,0.4583,-0.2308,0.0277,0.8578,-4.49,-1.56,8.74,-1.56,0.62,-2.12,9.95,0,1.70,-0.0741,0.0518,86,0.851,0.000,0.00,0.00,66.582,0
phase1 acc_mag=9.600 gravity=9.738 motion=0.137 moving_avg=0.077 rms=0.118 mean_rms=0.104 max_rms=0.118 min_rms=0.051 std=0.020 var=0.000 state=standing thr=0.144/0.350/0.850
-24.88,10.44,236.19,0.4582,-0.2313,0.0276,0.8578,-4.24,-1.52,8.70,-1.56,2.81,-0.06,9.80,0,1.70,-0.0743,0.0519,86,0.851,0.000,0.00,0.00,66.582,0
-25.00,10.50,236.19,0.4584,-0.2320,0.0276,0.8575,-4.30,-1.71,8.71,-1.06,0.06,-0.25,9.86,0,1.70,-0.0745,0.0520,86,0.851,0.000,0.00,0.00,66.582,0
-25.00,10.44,236.19,0.4584,-0.2318,0.0277,0.8575,-4.07,-1.34,8.59,0.69,-0.06,0.44,9.60,0,1.70,-0.0744,0.0520,86,0.851,0.000,0.00,0.00,66.582,0
-25.19,10.56,236.19,0.4579,-0.2338,0.0281,0.8573,-4.28,-1.50,8.60,-1.44,3.00,0.50,9.72,0,1.70,-0.0750,0.0524,86,0.851,0.000,0.00,0.00,66.582,0
phase1 acc_mag=9.735 gravity=9.731 motion=0.004 moving_avg=0.058 rms=0.076 mean_rms=0.112 max_rms=0.119 min_rms=0.076 std=0.009 var=0.000 state=standing thr=0.129/0.350/0.850
-25.31,10.69,236.19,0.4579,-0.2349,0.0272,0.8569,-4.04,-1.48,8.66,-2.38,-0.25,-2.12,9.67,0,1.70,-0.0755,0.0524,86,0.851,0.000,0.00,0.00,66.582,0
-25.19,10.88,236.38,0.4592,-0.2348,0.0258,0.8563,-4.02,-1.49,8.69,-0.19,-1.00,-3.44,9.69,0,1.70,-0.0757,0.0520,86,0.851,0.000,0.00,0.00,66.582,0
-25.12,10.94,236.50,0.4601,-0.2347,0.0258,0.8559,-4.34,-1.60,8.71,1.50,-0.69,-0.81,9.86,0,1.70,-0.0756,0.0520,86,0.851,0.000,0.00,0.00,66.582,0
phase1 acc_mag=9.576 gravity=9.732 motion=0.156 moving_avg=0.061 rms=0.082 mean_rms=0.104 max_rms=0.119 min_rms=0.071 std=0.017 var=0.000 state=standing thr=0.139/0.350/0.850
-24.94,10.69,236.50,0.4606,-0.2320,0.0265,0.8564,-4.03,-1.36,8.58,2.38,-4.62,-1.38,9.58,0,1.70,-0.0746,0.0518,86,0.851,0.000,0.00,0.00,66.582,0
-24.69,10.62,236.69,0.4620,-0.2299,0.0259,0.8562,-4.59,-1.57,8.61,1.75,-2.06,-0.94,9.88,0,1.70,-0.0739,0.0514,86,0.851,0.000,0.00,0.00,66.582,0
-24.50,10.50,236.50,0.4611,-0.2283,0.0258,0.8571,-3.58,-1.65,8.79,-0.81,-2.50,2.19,9.63,0,1.70,-0.0735,0.0509,86,0.851,0.000,0.00,0.00,66.582,0
-24.69,10.56,236.50,0.4604,-0.2303,0.0262,0.8569,-4.06,-1.28,8.58,-2.56,3.88,0.38,9.58,0,1.70,-0.0741,0.0514,86,0.851,0.000,0.00,0.00,66.582,0
phase1 acc_mag=9.630 gravity=9.728 motion=0.098 moving_avg=0.067 rms=0.089 mean_rms=0.099 max_rms=0.119 min_rms=0.071 std=0.018 var=0.000 state=standing thr=0.135/0.350/0.850
-25.06,10.75,236.44,0.4600,-0.2335,0.0268,0.8563,-4.14,-1.51,8.61,-1.56,6.31,0.25,9.67,0,1.70,-0.0750,0.0521,86,0.851,0.000,0.00,0.00,66.582,0
-25.38,10.75,236.38,0.4591,-0.2361,0.0280,0.8560,-4.51,-1.60,8.64,-0.62,3.81,1.88,9.88,0,1.70,-0.0757,0.0529,86,0.851,0.000,0.00,0.00,66.582,0
-25.56,10.62,236.25,0.4581,-0.2366,0.0290,0.8563,-4.06,-1.42,8.58,0.31,0.75,1.81,9.60,0,1.70,-0.0757,0.0533,86,0.851,0.000,0.00,0.00,66.582,0
-25.69,10.69,236.19,0.4576,-0.2379,0.0295,0.8563,-4.46,-1.65,8.72,-0.75,2.62,-0.31,9.93,0,1.70,-0.0761,0.0537,86,0.851,0.000,0.00,0.00,66.582,0
phase1 acc_mag=9.724 gravity=9.736 motion=0.012 moving_avg=0.077 rms=0.097 mean_rms=0.095 max_rms=0.119 min_rms=0.071 std=0.017 var=0.000 state=standing thr=0.128/0.350/0.850
-25.75,10.62,236.25,0.4578,-0.2380,0.0299,0.8561,-4.22,-1.46,8.62,1.31,-2.12,-0.19,9.71,0,1.70,-0.0760,0.0538,86,0.851,0.000,0.00,0.00,66.582,0
-25.62,10.50,236.31,0.4583,-0.2366,0.0303,0.8562,-4.19,-1.47,8.59,1.75,-2.31,0.19,9.67,0,1.70,-0.0755,0.0537,86,0.851,0.000,0.00,0.00,66.582,0
-25.50,10.44,236.31,0.4585,-0.2355,0.0301,0.8564,-4.21,-1.49,8.66,-0.69,-1.75,-0.75,9.74,0,1.70,-0.0751,0.0535,86,0.851,0.000,0.00,0.00,66.582,0
-25.50,10.50,236.31,0.4586,-0.2355,0.0299,0.8563,-4.36,-1.65,8.68,-0.88,0.31,-0.88,9.85,0,1.70,-0.0752,0.0535,86,0.851,0.000,0.00,0.00,66.582,0
phase1 acc_mag=9.704 gravity=9.732 motion=0.029 moving_avg=0.075 rms=0.094 mean_rms=0.091 max_rms=0.118 min_rms=0.071 std=0.013 var=0.000 state=standing thr=0.117/0.350/0.850
-25.50,10.50,236.31,0.4584,-0.2355,0.0300,0.8564,-4.29,-1.58,8.70,-0.81,0.31,-0.12,9.83,0,1.70,-0.0752,0.0534,86,0.851,0.000,0.00,0.00,66.582,0
-25.50,10.50,236.25,0.4583,-0.2357,0.0302,0.8564,-4.36,-1.56,8.69,-0.12,-0.56,0.88,9.85,0,1.70,-0.0752,0.0535,86,0.851,0.000,0.00,0.00,66.582,0
-25.38,10.38,236.25,0.4583,-0.2341,0.0302,0.8569,-4.06,-1.38,8.53,0.88,-1.50,-0.31,9.55,0,1.70,-0.0747,0.0533,86,0.851,0.000,0.00,0.00,66.582,0
-25.50,10.44,236.31,0.4585,-0.2352,0.0303,0.8565,-4.39,-1.66,8.71,-0.69,0.81,0.38,9.89,0,1.70,-0.0750,0.0535,86,0.851,0.000,0.00,0.00,66.582,0
phase1 acc_mag=9.801 gravity=9.739 motion=0.062 moving_avg=0.086 rms=0.104 mean_rms=0.090 max_rms=0.104 min_rms=0.071 std=0.009 var=0.000 state=standing thr=0.108/0.350/0.850
-25.44,10.25,236.25,0.4585,-0.2340,0.0311,0.8568,-4.31,-1.43,8.62,4.44,-4.62,0.69,9.74,0,1.70,-0.0745,0.0536,86,0.851,0.000,0.00,0.00,66.582,0
-25.25,10.19,236.38,0.4595,-0.2328,0.0306,0.8566,-4.22,-1.51,8.67,-3.75,2.69,-3.19,9.76,0,1.70,-0.0741,0.0533,86,0.851,0.000,0.00,0.00,66.582,0
-25.44,10.56,236.50,0.4598,-0.2353,0.0297,0.8558,-4.27,-1.48,8.66,-2.94,4.06,0.12,9.77,0,1.70,-0.0751,0.0535,86,0.851,0.000,0.00,0.00,66.582,0
-25.56,10.56,236.50,0.4598,-0.2359,0.0303,0.8556,-4.53,-1.64,8.71,3.75,-3.56,0.31,9.95,0,1.70,-0.0752,0.0537,86,0.851,0.000,0.00,0.00,66.582,0
phase1 acc_mag=9.873 gravity=9.740 motion=0.133 moving_avg=0.092 rms=0.114 mean_rms=0.096 max_rms=0.114 min_rms=0.083 std=0.008 var=0.000 state=slow thr=0.113/0.350/0.850
-25.19,10.31,236.50,0.4606,-0.2325,0.0305,0.8561,-3.90,-1.41,8.56,1.19,-4.44,-1.12,9.51,0,1.70,-0.0740,0.0533,86,0.851,0.000,0.00,0.00,66.582,0
-25.31,10.69,236.75,0.4619,-0.2355,0.0284,0.8547,-4.32,-1.46,8.61,-5.06,4.81,-1.75,9.74,0,1.70,-0.0752,0.0532,86,0.851,0.000,0.00,0.00,66.582,0
-25.44,10.75,236.62,0.4608,-0.2361,0.0287,0.8550,-4.24,-1.56,8.61,1.31,-1.12,3.62,9.72,0,1.70,-0.0755,0.0533,86,0.851,0.000,0.00,0.00,66.582,0
-25.44,10.62,236.50,0.4599,-0.2357,0.0294,0.8556,-4.16,-1.47,8.61,-0.12,-0.81,-0.94,9.67,0,1.70,-0.0752,0.0534,86,0.851,0.000,0.00,0.00,66.582,0
phase1 acc_mag=9.804 gravity=9.740 motion=0.063 moving_avg=0.093 rms=0.122 mean_rms=0.104 max_rms=0.125 min_rms=0.090 std=0.012 var=0.000 state=standing thr=0.128/0.350/0.850
-25.44,10.75,236.62,0.4610,-0.2363,0.0286,0.8549,-4.36,-1.74,8.65,-1.19,0.56,-3.25,9.84,0,1.70,-0.0755,0.0533,86,0.851,0.000,0.00,0.00,66.582,0
-25.44,10.75,236.75,0.4617,-0.2360,0.0286,0.8546,-4.18,-1.53,8.60,1.69,-2.12,-0.06,9.68,0,1.70,-0.0754,0.0533,86,0.851,0.000,0.00,0.00,66.582,0
-25.44,10.75,236.69,0.4615,-0.2361,0.0289,0.8547,-4.12,-1.48,8.62,-1.06,0.94,1.19,9.67,0,1.70,-0.0754,0.0535,86,0.851,0.000,0.00,0.00,66.582,0
phase1 acc_mag=9.790 gravity=9.737 motion=0.053 moving_avg=0.090 rms=0.118 mean_rms=0.109 max_rms=0.125 min_rms=0.093 std=0.012 var=0.000 state=standing thr=0.132/0.350/0.850
-25.50,10.81,236.69,0.4614,-0.2369,0.0287,0.8546,-4.31,-1.62,8.64,-0.56,-0.12,0.38,9.79,0,1.70,-0.0757,0.0535,86,0.851,0.000,0.00,0.00,66.582,0
-25.62,10.94,236.75,0.4615,-0.2380,0.0281,0.8542,-4.39,-1.75,8.64,-1.00,1.31,-0.88,9.85,0,1.70,-0.0761,0.0535,86,0.851,0.000,0.00,0.00,66.582,0
-25.56,10.88,236.75,0.4615,-0.2377,0.0283,0.8542,-4.16,-1.58,8.60,0.69,-1.38,-0.12,9.68,0,1.70,-0.0760,0.0535,86,0.851,0.000,0.00,0.00,66.582,0
-25.56,10.88,236.75,0.4617,-0.2375,0.0286,0.8542,-4.37,-1.63,8.66,1.06,-0.50,0.50,9.84,0,1.70,-0.0759,0.0536,86,0.851,0.000,0.00,0.00,66.582,0
phase1 acc_mag=9.738 gravity=9.747 motion=0.009 moving_avg=0.091 rms=0.119 mean_rms=0.114 max_rms=0.125 min_rms=0.094 std=0.010 var=0.000 state=standing thr=0.134/0.350/0.850
-25.50,10.69,236.69,0.4611,-0.2360,0.0295,0.8549,-4.12,-1.56,8.68,0.00,-0.94,1.00,9.73,0,1.70,-0.0753,0.0536,86,0.851,0.000,0.00,0.00,66.582,0
-25.50,10.62,236.56,0.4605,-0.2360,0.0298,0.8552,-4.23,-1.53,8.66,0.00,0.75,0.50,9.76,0,1.70,-0.0752,0.0537,86,0.851,0.000,0.00,0.00,66.582,0
-25.56,10.69,236.56,0.4604,-0.2371,0.0294,0.8549,-4.29,-1.64,8.64,-1.81,1.00,-1.31,9.78,0,1.70,-0.0756,0.0537,86,0.851,0.000,0.00,0.00,66.582,0
-25.62,10.75,236.56,0.4604,-0.2374,0.0292,0.8549,-4.39,-1.57,8.63,0.06,0.50,-0.31,9.81,0,1.70,-0.0758,0.0537,86,0.851,0.000,0.00,0.00,66.582,0
phase1 acc_mag=9.713 gravity=9.741 motion=0.029 moving_avg=0.077 rms=0.108 mean_rms=0.117 max_rms=0.125 min_rms=0.104 std=0.007 var=0.000 state=standing thr=0.130/0.350/0.850
-25.56,10.75,236.56,0.4605,-0.2370,0.0292,0.8549,-4.24,-1.56,8.62,-0.44,0.31,-0.56,9.73,0,1.70,-0.0757,0.0537,86,0.851,0.000,0.00,0.00,66.582,0
-25.50,10.75,236.62,0.4609,-0.2367,0.0291,0.8548,-4.21,-1.53,8.59,-0.06,-0.69,-0.69,9.69,0,1.70,-0.0756,0.0536,86,0.851,0.000,0.00,0.00,66.582,0
-25.50,10.75,236.69,0.4613,-0.2366,0.0292,0.8546,-4.21,-1.51,8.61,0.69,-0.44,0.56,9.70,0,1.70,-0.0755,0.0536,86,0.851,0.000,0.00,0.00,66.582,0
-25.50,10.69,236.62,0.4608,-0.2365,0.0294,0.8549,-4.29,-1.59,8.62,0.81,-0.69,1.94,9.76,0,1.70,-0.0755,0.0536,86,0.851,0.000,0.00,0.00,66.582,0
phase1 acc_mag=9.757 gravity=9.747 motion=0.009 moving_avg=0.052 rms=0.068 mean_rms=0.114 max_rms=0.125 min_rms=0.068 std=0.011 var=0.000 state=standing thr=0.137/0.350/0.850
-25.50,10.62,236.56,0.4603,-0.2360,0.0297,0.8553,-4.24,-1.58,8.65,-0.69,0.38,-0.31,9.76,0,1.70,-0.0753,0.0536,86,0.851,0.000,0.00,0.00,66.582,0
-25.50,10.62,236.56,0.4603,-0.2360,0.0297,0.8553,-4.40,-1.53,8.61,-0.19,0.00,-0.69,9.79,0,1.70,-0.0753,0.0536,86,0.851,0.000,0.00,0.00,66.582,0
-25.44,10.56,236.56,0.4604,-0.2354,0.0295,0.8554,-4.17,-1.49,8.59,0.31,-0.38,0.44,9.66,0,1.70,-0.0751,0.0535,86,0.851,0.000,0.00,0.00,66.582,0
-25.44,10.62,236.56,0.4607,-0.2360,0.0293,0.8552,-4.42,-1.65,8.62,-1.12,0.94,-1.81,9.83,0,1.70,-0.0753,0.0535,86,0.851,0.000,0.00,0.00,66.582,0
phase1 acc_mag=9.677 gravity=9.745 motion=0.068 moving_avg=0.049 rms=0.061 mean_rms=0.101 max_rms=0.120 min_rms=0.061 std=0.022 var=0.001 state=standing thr=0.146/0.350/0.850
-25.44,10.62,236.56,0.4605,-0.2355,0.0293,0.8553,-4.25,-1.58,8.59,0.12,-0.19,-0.38,9.71,0,1.70,-0.0752,0.0534,86,0.851,0.000,0.00,0.00,66.582,0
-25.38,10.56,236.56,0.4606,-0.2350,0.0294,0.8554,-4.28,-1.58,8.65,0.44,-1.12,-0.38,9.78,0,1.70,-0.0750,0.0533,86,0.851,0.000,0.00,0.00,66.582,0
-25.31,10.56,236.62,0.4615,-0.2342,0.0291,0.8552,-4.38,-1.70,8.66,-0.12,-0.38,-3.38,9.85,0,1.70,-0.0747,0.0532,86,0.851,0.000,0.00,0.00,66.582,0
-25.12,10.44,236.69,0.4615,-0.2328,0.0293,0.8555,-4.08,-1.43,8.64,2.25,-1.88,2.12,9.66,0,1.70,-0.0743,0.0530,86,0.851,0.000,0.00,0.00,66.582,0
phase1 acc_mag=9.801 gravity=9.742 motion=0.059 moving_avg=0.044 rms=0.056 mean_rms=0.089 max_rms=0.120 min_rms=0.054 std=0.026 var=0.001 state=standing thr=0.141/0.350/0.850
-25.19,10.50,236.62,0.4614,-0.2332,0.0290,0.8555,-4.25,-1.49,8.71,0.69,-0.62,1.38,9.81,0,1.70,-0.0744,0.0529,86,0.851,0.000,0.00,0.00,66.582,0
-25.19,10.56,236.62,0.4615,-0.2336,0.0288,0.8553,-4.26,-1.52,8.68,-1.81,2.69,-2.06,9.79,0,1.70,-0.0746,0.0530,86,0.851,0.000,0.00,0.00,66.582,0
-25.31,10.81,236.75,0.4620,-0.2354,0.0280,0.8546,-4.35,-1.73,8.72,-2.62,2.06,-1.75,9.90,0,1.70,-0.0753,0.0531,86,0.851,0.000,0.00,0.00,66.582,0
-25.38,10.81,236.75,0.4618,-0.2360,0.0278,0.8546,-4.25,-1.61,8.64,-0.69,0.62,-0.44,9.76,0,1.70,-0.0755,0.0531,86,0.851,0.000,0.00,0.00,66.582,0
phase1 acc_mag=9.707 gravity=9.740 motion=0.033 moving_avg=0.044 rms=0.055 mean_rms=0.075 max_rms=0.118 min_rms=0.054 std=0.023 var=0.001 state=standing thr=0.121/0.350/0.850
-25.38,10.81,236.69,0.4615,-0.2358,0.0280,0.8547,-4.20,-1.58,8.65,0.31,0.06,0.06,9.74,0,1.70,-0.0755,0.0531,86,0.851,0.000,0.00,0.00,66.582,0
-25.31,10.81,236.75,0.4621,-0.2352,0.0280,0.8546,-4.50,-1.71,8.68,1.81,-2.94,0.06,9.93,0,1.70,-0.0752,0.0530,86,0.851,0.000,0.00,0.00,66.582,0
-25.19,10.62,236.69,0.4618,-0.2335,0.0286,0.8552,-4.13,-1.46,8.61,0.06,-0.69,0.94,9.66,0,1.70,-0.0746,0.0529,86,0.851,0.000,0.00,0.00,66.582,0
-25.19,10.62,236.69,0.4617,-0.2337,0.0285,0.8552,-4.17,-1.53,8.68,-0.62,0.62,0.25,9.75,0,1.70,-0.0747,0.0529,86,0.851,0.000,0.00,0.00,66.582,0
phase1 acc_mag=9.803 gravity=9.738 motion=0.065 moving_avg=0.049 rms=0.063 mean_rms=0.064 max_rms=0.102 min_rms=0.054 std=0.014 var=0.000 state=standing thr=0.091/0.350/0.850
-25.19,10.62,236.69,0.4616,-0.2340,0.0283,0.8552,-4.22,-1.55,8.64,-0.75,0.50,-0.81,9.74,0,1.70,-0.0748,0.0529,86,0.851,0.000,0.00,0.00,66.582,0
-25.25,10.69,236.69,0.4617,-0.2346,0.0280,0.8550,-4.18,-1.54,8.65,-0.44,0.31,-0.50,9.73,0,1.70,-0.0750,0.0529,86,0.851,0.000,0.00,0.00,66.582,0
-25.25,10.75,236.69,0.4617,-0.2346,0.0280,0.8550,-4.30,-1.58,8.66,-0.38,-0.19,-0.50,9.80,0,1.70,-0.0751,0.0529,86,0.851,0.000,0.00,0.00,66.582,0
phase1 acc_mag=9.847 gravity=9.738 motion=0.108 moving_avg=0.050 rms=0.064 mean_rms=0.059 max_rms=0.065 min_rms=0.054 std=0.005 var=0.000 state=standing thr=0.080/0.350/0.850
-25.25,10.75,236.69,0.4616,-0.2349,0.0279,0.8550,-4.33,-1.64,8.69,-0.81,0.88,0.12,9.85,0,1.70,-0.0752,0.0529,86,0.851,0.000,0.00,0.00,66.582,0
-25.25,10.75,236.75,0.4621,-0.2348,0.0277,0.8547,-3.95,-1.45,8.60,0.06,-0.50,-0.69,9.57,0,1.70,-0.0752,0.0529,86,0.851,0.000,0.00,0.00,66.582,0
-25.31,10.81,236.81,0.4623,-0.2354,0.0276,0.8544,-4.19,-1.59,8.60,-0.12,-0.38,0.88,9.70,0,1.70,-0.0753,0.0530,86,0.851,0.000,0.00,0.00,66.582,0
-25.31,10.81,236.75,0.4617,-0.2352,0.0277,0.8548,-4.13,-1.50,8.64,0.31,-0.50,2.06,9.69,0,1.70,-0.0753,0.0529,86,0.851,0.000,0.00,0.00,66.582,0
phase1 acc_mag=9.737 gravity=9.740 motion=0.003 moving_avg=0.051 rms=0.066 mean_rms=0.060 max_rms=0.067 min_rms=0.054 std=0.005 var=0.000 state=standing thr=0.080/0.350/0.850
-25.31,10.81,236.75,0.4617,-0.2356,0.0276,0.8547,-4.34,-1.52,8.63,1.44,-1.00,1.44,9.78,0,1.70,-0.0754,0.0530,86,0.851,0.000,0.00,0.00,66.582,0
-25.25,10.81,236.75,0.4618,-0.2349,0.0276,0.8549,-4.07,-1.50,8.63,0.19,0.00,0.81,9.66,0,1.70,-0.0752,0.0528,86,0.851,0.000,0.00,0.00,66.582,0
-25.31,10.88,236.75,0.4619,-0.2354,0.0275,0.8547,-4.13,-1.43,8.61,1.56,-0.94,1.06,9.66,0,1.70,-0.0754,0.0529,86,0.851,0.000,0.00,0.00,66.582,0
-25.25,10.88,236.75,0.4622,-0.2354,0.0273,0.8546,-4.18,-1.58,8.64,-0.94,0.12,-1.12,9.73,0,1.70,-0.0754,0.0528,86,0.851,0.000,0.00,0.00,66.582,0
phase1 acc_mag=9.735 gravity=9.740 motion=0.004 moving_avg=0.053 rms=0.070 mean_rms=0.063 max_rms=0.071 min_rms=0.055 std=0.006 var=0.000 state=standing thr=0.080/0.350/0.850
-25.44,11.19,236.94,0.4631,-0.2378,0.0261,0.8534,-3.27,-1.13,8.46,-5.44,9.19,-4.06,9.14,0,1.70,-0.0763,0.0530,86,0.851,0.000,0.00,0.00,66.582,0
-25.88,11.56,237.06,0.4633,-0.2422,0.0255,0.8521,-4.57,-1.65,8.57,3.44,-4.19,5.88,9.85,0,1.70,-0.0778,0.0536,86,0.851,0.000,0.00,0.00,66.582,0
-25.00,10.56,236.38,0.4594,-0.2313,0.0275,0.8572,-4.27,-1.62,8.70,6.19,-9.88,2.56,9.83,0,1.70,-0.0742,0.0519,86,0.851,0.000,0.00,0.00,66.582,0
-24.94,10.50,236.38,0.4597,-0.2317,0.0275,0.8569,-4.24,-1.44,8.61,-5.50,7.94,-4.31,9.70,0,1.70,-0.0744,0.0520,86,0.851,0.000,0.00,0.00,66.582,0
phase1 acc_mag=9.755 gravity=9.741 motion=0.014 moving_avg=0.109 rms=0.203 mean_rms=0.088 max_rms=0.203 min_rms=0.056 std=0.048 var=0.002 state=slow thr=0.183/0.383/0.883
-25.31,11.00,236.62,0.4608,-0.2362,0.0261,0.8551,-4.27,-1.34,8.58,-1.56,1.69,-1.31,9.68,0,1.70,-0.0760,0.0525,86,0.851,0.000,0.00,0.00,66.582,0
-25.19,10.88,236.56,0.4606,-0.2349,0.0267,0.8556,-4.08,-1.53,8.60,-0.88,0.88,-0.69,9.64,0,1.70,-0.0755,0.0524,86,0.851,0.000,0.00,0.00,66.582,0
-25.31,10.88,236.56,0.4604,-0.2356,0.0268,0.8555,-4.41,-1.66,8.66,-0.38,-0.38,-0.62,9.86,0,1.70,-0.0757,0.0526,86,0.851,0.000,0.00,0.00,66.582,0
phase1 acc_mag=9.616 gravity=9.747 motion=0.131 moving_avg=0.118 rms=0.212 mean_rms=0.119 max_rms=0.212 min_rms=0.062 std=0.066 var=0.004 state=standing thr=0.250/0.450/0.950
-25.25,10.88,236.56,0.4605,-0.2355,0.0266,0.8555,-4.12,-1.49,8.56,-0.56,0.19,-0.06,9.62,0,1.70,-0.0757,0.0525,86,0.851,0.000,0.00,0.00,66.582,0
-25.19,10.81,236.50,0.4600,-0.2347,0.0270,0.8560,-4.11,-1.08,8.62,2.50,3.31,3.94,9.61,0,1.70,-0.0754,0.0524,86,0.851,0.000,0.00,0.00,66.582,0
-25.44,10.88,236.50,0.4598,-0.2368,0.0275,0.8554,-4.43,-1.51,8.65,1.12,1.62,0.56,9.84,0,1.70,-0.0759,0.0530,86,0.851,0.000,0.00,0.00,66.582,0
-25.31,10.81,236.50,0.4601,-0.2357,0.0273,0.8555,-4.25,-1.54,8.67,0.19,-1.75,-0.12,9.78,0,1.70,-0.0756,0.0527,86,0.851,0.000,0.00,0.00,66.582,0
phase1 acc_mag=9.707 gravity=9.746 motion=0.039 moving_avg=0.129 rms=0.217 mean_rms=0.149 max_rms=0.217 min_rms=0.064 std=0.068 var=0.005 state=standing thr=0.285/0.485/0.985
-25.31,10.81,236.56,0.4606,-0.2355,0.0273,0.8554,-4.37,-1.67,8.68,0.81,-2.19,-1.06,9.86,0,1.70,-0.0755,0.0527,86,0.851,0.000,0.00,0.00,66.582,0
-25.25,10.75,236.62,0.4612,-0.2345,0.0276,0.8553,-4.28,-1.51,8.63,-0.94,0.06,-1.94,9.75,0,1.70,-0.0751,0.0527,86,0.851,0.000,0.00,0.00,66.582,0
-25.25,10.88,236.75,0.4619,-0.2357,0.0270,0.8547,-4.39,-1.69,8.67,-1.75,1.81,-2.44,9.86,0,1.70,-0.0756,0.0528,86,0.851,0.000,0.00,0.00,66.582,0
-25.25,10.94,236.81,0.4626,-0.2355,0.0266,0.8543,-4.04,-1.53,8.64,-0.19,-0.19,-0.69,9.66,0,1.70,-0.0755,0.0527,86,0.851,0.000,0.00,0.00,66.582,0
phase1 acc_mag=9.740 gravity=9.739 motion=0.001 moving_avg=0.136 rms=0.220 mean_rms=0.183 max_rms=0.221 min_rms=0.068 std=0.055 var=0.003 state=standing thr=0.294/0.494/0.994
-25.31,11.00,236.88,0.4626,-0.2363,0.0267,0.8541,-4.48,-1.70,8.69,-0.69,0.88,0.19,9.92,0,1.70,-0.0758,0.0529,86,0.851,0.000,0.00,0.00,66.582,0
-25.25,10.94,236.81,0.4622,-0.2354,0.0269,0.8545,-4.10,-1.56,8.60,0.25,0.25,-0.06,9.65,0,1.70,-0.0755,0.0527,86,0.851,0.000,0.00,0.00,66.582,0
-25.31,11.00,236.81,0.4624,-0.2363,0.0267,0.8542,-4.38,-1.59,8.69,-1.00,0.31,-1.25,9.86,0,1.70,-0.0758,0.0528,86,0.851,0.000,0.00,0.00,66.582,0
phase1 acc_mag=9.731 gravity=9.752 motion=0.022 moving_avg=0.112 rms=0.173 mean_rms=0.212 max_rms=0.221 min_rms=0.173 std=0.012 var=0.000 state=standing thr=0.235/0.435/0.935
-25.31,11.00,236.88,0.4626,-0.2361,0.0267,0.8541,-4.24,-1.55,8.62,-0.38,0.44,-0.38,9.73,0,1.70,-0.0757,0.0528,86,0.851,0.000,0.00,0.00,66.582,0
-25.38,11.06,236.88,0.4626,-0.2368,0.0267,0.8539,-4.25,-1.58,8.65,-0.31,-0.31,0.38,9.77,0,1.70,-0.0759,0.0529,86,0.851,0.000,0.00,0.00,66.582,0
-25.38,11.00,236.81,0.4625,-0.2367,0.0269,0.8541,-4.20,-1.55,8.60,0.00,0.31,1.12,9.70,0,1.70,-0.0759,0.0530,86,0.851,0.000,0.00,0.00,66.582,0
-25.44,11.12,236.88,0.4626,-0.2374,0.0266,0.8538,-4.15,-1.65,8.59,-0.44,-0.19,-0.31,9.68,0,1.70,-0.0762,0.0530,86,0.851,0.000,0.00,0.00,66.582,0
phase1 acc_mag=9.826 gravity=9.737 motion=0.089 moving_avg=0.071 rms=0.094 mean_rms=0.197 max_rms=0.221 min_rms=0.094 std=0.039 var=0.002 state=standing thr=0.275/0.475/0.975
-25.44,11.06,236.88,0.4624,-0.2375,0.0269,0.8538,-4.29,-1.64,8.66,1.19,-1.12,0.94,9.80,0,1.70,-0.0761,0.0531,86,0.851,0.000,0.00,0.00,66.582,0
-25.44,11.00,236.81,0.4623,-0.2368,0.0273,0.8541,-4.20,-1.58,8.61,0.81,-1.00,0.38,9.71,0,1.70,-0.0759,0.0531,86,0.851,0.000,0.00,0.00,66.582,0
-25.44,11.00,236.88,0.4626,-0.2370,0.0272,0.8539,-4.28,-1.64,8.63,-1.06,1.38,-1.12,9.77,0,1.70,-0.0759,0.0531,86,0.851,0.000,0.00,0.00,66.582,0
phase1 acc_mag=9.572 gravity=9.740 motion=0.168 moving_avg=0.066 rms=0.089 mean_rms=0.172 max_rms=0.221 min_rms=0.089 std=0.056 var=0.003 state=standing thr=0.284/0.484/0.984
-25.44,11.00,236.88,0.4624,-0.2368,0.0272,0.8540,-4.06,-1.43,8.55,1.00,-1.50,1.81,9.57,0,1.70,-0.0759,0.0531,86,0.851,0.000,0.00,0.00,66.582,0
-25.44,11.00,236.81,0.4622,-0.2369,0.0270,0.8541,-4.28,-1.55,8.66,-0.56,0.38,1.06,9.78,0,1.70,-0.0759,0.0530,86,0.851,0.000,0.00,0.00,66.582,0
-25.44,11.00,236.75,0.4620,-0.2369,0.0269,0.8542,-4.32,-1.61,8.65,-0.69,0.25,-0.50,9.80,0,1.70,-0.0760,0.0530,86,0.851,0.000,0.00,0.00,66.582,0
-25.44,11.06,236.81,0.4620,-0.2372,0.0266,0.8541,-4.23,-1.60,8.62,-1.44,0.69,-0.81,9.73,0,1.70,-0.0761,0.0529,86,0.851,0.000,0.00,0.00,66.582,0
phase1 acc_mag=9.819 gravity=9.734 motion=0.085 moving_avg=0.059 rms=0.080 mean_rms=0.145 max_rms=0.221 min_rms=0.080 std=0.061 var=0.004 state=standing thr=0.266/0.466/0.966
-25.38,11.06,236.75,0.4619,-0.2370,0.0266,0.8543,-4.17,-1.56,8.64,0.62,-1.00,0.62,9.72,0,1.70,-0.0761,0.0529,86,0.851,0.000,0.00,0.00,66.582,0
-25.38,11.06,236.75,0.4619,-0.2371,0.0263,0.8542,-4.24,-1.64,8.64,-0.62,0.06,-0.19,9.76,0,1.70,-0.0761,0.0528,86,0.851,0.000,0.00,0.00,66.582,0
-25.38,11.12,236.81,0.4620,-0.2372,0.0261,0.8542,-4.32,-1.71,8.57,-0.12,0.00,-0.56,9.75,0,1.70,-0.0762,0.0527,86,0.851,0.000,0.00,0.00,66.582,0
-25.38,11.12,236.75,0.4617,-0.2371,0.0260,0.8544,-4.32,-1.69,8.65,0.19,-0.38,0.81,9.82,0,1.70,-0.0762,0.0527,86,0.851,0.000,0.00,0.00,66.582,0
phase1 acc_mag=9.740 gravity=9.740 motion=0.000 moving_avg=0.054 rms=0.069 mean_rms=0.115 max_rms=0.221 min_rms=0.069 std=0.053 var=0.003 state=standing thr=0.220/0.420/0.920
-25.38,11.12,236.75,0.4615,-0.2372,0.0261,0.8544,-4.19,-1.55,8.64,0.00,-0.69,1.19,9.73,0,1.70,-0.0763,0.0527,86,0.851,0.000,0.00,0.00,66.582,0
-25.38,11.12,236.75,0.4619,-0.2372,0.0259,0.8542,-4.24,-1.72,8.62,-0.19,0.06,-0.75,9.76,0,1.70,-0.0763,0.0527,86,0.851,0.000,0.00,0.00,66.582,0
-25.44,11.19,236.75,0.4616,-0.2375,0.0258,0.8543,-4.21,-1.63,8.62,-0.25,0.38,0.38,9.73,0,1.70,-0.0764,0.0527,86,0.851,0.000,0.00,0.00,66.582,0
phase1 acc_mag=9.740 gravity=9.743 motion=0.003 moving_avg=0.047 rms=0.061 mean_rms=0.084 max_rms=0.145 min_rms=0.060 std=0.020 var=0.000 state=standing thr=0.123/0.350/0.850
-25.44,11.19,236.75,0.4615,-0.2377,0.0256,0.8543,-4.24,-1.66,8.61,-0.88,0.56,-0.25,9.74,0,1.70,-0.0765,0.0526,86,0.851,0.000,0.00,0.00,66.582,0
-25.44,11.19,236.75,0.4616,-0.2380,0.0255,0.8542,-4.31,-1.71,8.62,-1.25,0.81,-1.75,9.79,0,1.70,-0.0766,0.0526,86,0.851,0.000,0.00,0.00,66.582,0
-25.50,11.25,236.75,0.4616,-0.2383,0.0254,0.8541,-4.23,-1.60,8.60,-0.75,0.75,0.12,9.72,0,1.70,-0.0767,0.0527,86,0.851,0.000,0.00,0.00,66.582,0
-25.62,11.38,236.62,0.4606,-0.2399,0.0250,0.8542,-4.12,-1.74,8.50,-2.69,1.88,0.19,9.60,0,1.70,-0.0774,0.0528,86,0.851,0.000,0.00,0.00,66.582,0
phase1 acc_mag=9.737 gravity=9.741 motion=0.004 moving_avg=0.049 rms=0.063 mean_rms=0.073 max_rms=0.095 min_rms=0.060 std=0.012 var=0.000 state=standing thr=0.097/0.350/0.850
-25.56,11.31,236.62,0.4606,-0.2394,0.0250,0.8543,-4.20,-1.70,8.61,0.88,-1.75,-1.19,9.73,0,1.70,-0.0772,0.0527,86,0.851,0.000,0.00,0.00,66.582,0
-25.56,11.38,236.62,0.4607,-0.2394,0.0250,0.8543,-4.30,-1.73,8.64,-0.44,0.00,-0.50,9.80,0,1.70,-0.0772,0.0526,86,0.851,0.000,0.00,0.00,66.582,0
-25.56,11.44,236.69,0.4610,-0.2400,0.0246,0.8540,-4.41,-1.78,8.60,-1.19,1.44,-1.50,9.83,0,1.70,-0.0774,0.0527,86,0.851,0.000,0.00,0.00,66.582,0
-25.56,11.44,236.69,0.4611,-0.2399,0.0245,0.8539,-4.24,-1.67,8.55,0.19,-0.44,-0.31,9.69,0,1.70,-0.0774,0.0526,86,0.851,0.000,0.00,0.00,66.582,0
phase1 acc_mag=9.728 gravity=9.746 motion=0.019 moving_avg=0.044 rms=0.056 mean_rms=0.067 max_rms=0.082 min_rms=0.056 std=0.008 var=0.000 state=standing thr=0.084/0.350/0.850
-25.56,11.44,236.75,0.4613,-0.2396,0.0246,0.8539,-4.38,-1.69,8.59,-0.75,0.44,-0.88,9.79,0,1.70,-0.0773,0.0526,86,0.851,0.000,0.00,0.00,66.582,0
-25.56,11.44,236.69,0.4610,-0.2397,0.0246,0.8541,-4.16,-1.69,8.61,-0.06,-0.38,0.69,9.71,0,1.70,-0.0773,0.0526,86,0.851,0.000,0.00,0.00,66.582,0
-25.56,11.38,236.62,0.4605,-0.2393,0.0249,0.8544,-4.26,-1.63,8.58,1.44,-1.12,1.25,9.72,0,1.70,-0.0772,0.0526,86,0.851,0.000,0.00,0.00,66.582,0
-25.44,11.12,236.62,0.4606,-0.2377,0.0256,0.8549,-4.28,-1.59,8.59,2.06,-3.56,-0.44,9.73,0,1.70,-0.0766,0.0525,86,0.851,0.000,0.00,0.00,66.582,0
phase1 acc_mag=9.533 gravity=9.755 motion=0.222 moving_avg=0.044 rms=0.059 mean_rms=0.062 max_rms=0.071 min_rms=0.056 std=0.005 var=0.000 state=standing thr=0.080/0.350/0.850
-25.31,11.19,236.62,0.4608,-0.2371,0.0252,0.8549,-4.48,-1.96,8.76,1.94,0.69,2.19,10.03,0,1.70,-0.0764,0.0523,86,0.851,0.000,0.00,0.00,66.582,0
-25.06,10.75,236.44,0.4597,-0.2333,0.0266,0.8564,-3.98,-1.70,8.59,-2.00,-8.06,1.25,9.62,0,1.70,-0.0750,0.0520,86,0.851,0.000,0.00,0.00,66.582,0
-25.06,10.44,236.00,0.4567,-0.2322,0.0276,0.8583,-4.41,-1.48,8.58,3.00,0.06,6.00,9.76,0,1.70,-0.0747,0.0519,86,0.851,0.000,0.00,0.00,66.582,0
-24.94,10.25,235.81,0.4553,-0.2305,0.0278,0.8596,-4.31,-1.54,8.72,-0.56,-4.12,0.69,9.85,0,1.70,-0.0742,0.0515,86,0.851,0.000,0.00,0.00,66.582,0
phase1 acc_mag=9.871 gravity=9.760 motion=0.110 moving_avg=0.061 rms=0.083 mean_rms=0.063 max_rms=0.083 min_rms=0.056 std=0.008 var=0.000 state=slow thr=0.080/0.350/0.850
-24.44,10.25,235.88,0.4562,-0.2268,0.0261,0.8601,-4.30,-1.67,8.75,0.69,-8.25,-3.62,9.89,0,1.70,-0.0733,0.0504,86,0.851,0.000,0.00,0.00,66.582,0
-23.75,10.12,236.19,0.4591,-0.2214,0.0242,0.8600,-3.66,-1.36,8.63,2.81,-8.94,-3.19,9.47,0,1.70,-0.0717,0.0490,86,0.851,0.000,0.00,0.00,66.582,0
-23.62,10.12,236.19,0.4591,-0.2208,0.0240,0.8602,-3.77,-1.41,8.76,0.12,3.75,1.81,9.64,0,1.70,-0.0715,0.0488,86,0.851,0.000,0.00,0.00,66.582,0
-23.88,10.06,236.06,0.4585,-0.2222,0.0251,0.8601,-4.03,-1.48,8.77,-0.19,1.94,0.75,9.76,0,1.70,-0.0718,0.0494,86,0.851,0.000,0.00,0.00,66.582,0
phase1 acc_mag=9.727 gravity=9.750 motion=0.023 moving_avg=0.075 rms=0.103 mean_rms=0.070 max_rms=0.103 min_rms=0.056 std=0.015 var=0.000 state=slow thr=0.100/0.350/0.850
-24.00,10.06,236.00,0.4573,-0.2233,0.0260,0.8604,-4.01,-1.44,8.75,0.31,2.50,2.50,9.73,0,1.70,-0.0721,0.0498,86,0.851,0.000,0.00,0.00,66.582,0
-24.25,10.06,235.88,0.4565,-0.2249,0.0264,0.8605,-4.12,-1.51,8.74,-0.56,1.44,1.12,9.78,0,1.70,-0.0726,0.0502,86,0.851,0.000,0.00,0.00,66.582,0
-24.44,10.12,235.81,0.4560,-0.2267,0.0267,0.8602,-3.90,-1.37,8.68,-3.06,4.50,-0.44,9.61,0,1.70,-0.0731,0.0505,86,0.851,0.000,0.00,0.00,66.582,0
-24.88,10.44,235.94,0.4562,-0.2313,0.0267,0.8589,-4.24,-1.51,8.67,-2.56,5.44,-0.81,9.77,0,1.70,-0.0746,0.0514,86,0.851,0.000,0.00,0.00,66.582,0
phase1 acc_mag=9.730 gravity=9.742 motion=0.012 moving_avg=0.078 rms=0.106 mean_rms=0.079 max_rms=0.106 min_rms=0.056 std=0.020 var=0.000 state=standing thr=0.119/0.350/0.850
-25.19,10.69,236.00,0.4564,-0.2343,0.0264,0.8580,-4.31,-1.65,8.69,-2.94,6.06,-1.94,9.84,0,1.70,-0.0756,0.0518,86,0.851,0.000,0.00,0.00,66.582,0
-25.50,10.88,236.06,0.4565,-0.2377,0.0270,0.8569,-4.15,-1.54,8.59,-2.69,6.50,-1.12,9.66,0,1.70,-0.0766,0.0527,86,0.851,0.000,0.00,0.00,66.582,0
-25.88,10.88,235.94,0.4555,-0.2401,0.0284,0.8568,-4.51,-2.26,9.05,-2.12,4.75,-1.06,10.36,0,1.70,-0.0771,0.0535,86,0.851,0.000,0.00,0.00,66.582,0
phase1 acc_mag=9.830 gravity=9.742 motion=0.089 moving_avg=0.108 rms=0.175 mean_rms=0.095 max_rms=0.175 min_rms=0.056 std=0.030 var=0.001 state=slow thr=0.156/0.356/0.856
-26.06,11.00,236.06,0.4559,-0.2421,0.0286,0.8560,-4.48,-1.56,8.61,-0.88,2.25,-1.19,9.83,0,1.70,-0.0777,0.0540,86,0.851,0.000,0.00,0.00,66.582,0
-26.12,11.00,236.06,0.4561,-0.2424,0.0286,0.8558,-4.49,-1.62,8.64,-0.62,0.62,-2.19,9.87,0,1.70,-0.0778,0.0540,86,0.851,0.000,0.00,0.00,66.582,0
-26.06,11.12,236.31,0.4579,-0.2422,0.0281,0.8549,-3.93,-1.37,8.55,0.00,-0.75,-4.12,9.51,0,1.70,-0.0777,0.0540,86,0.851,0.000,0.00,0.00,66.582,0
-26.25,11.56,236.56,0.4595,-0.2451,0.0262,0.8533,-3.78,-2.93,8.49,-1.88,6.25,-0.50,9.74,0,1.70,-0.0788,0.0540,86,0.851,0.000,0.00,0.00,66.582,0
phase1 acc_mag=10.537 gravity=9.744 motion=0.793 moving_avg=0.121 rms=0.195 mean_rms=0.119 max_rms=0.195 min_rms=0.068 std=0.038 var=0.001 state=standing thr=0.196/0.396/0.896
-26.44,11.50,236.56,0.4592,-0.2456,0.0276,0.8533,-4.62,-1.80,8.60,1.69,-5.88,-0.75,9.93,0,1.70,-0.0787,0.0546,86,0.851,0.000,0.00,0.00,66.582,0
-25.88,11.38,236.62,0.4605,-0.2418,0.0260,0.8537,-4.25,-1.61,8.65,0.44,-6.75,-1.50,9.77,0,1.70,-0.0778,0.0534,86,0.851,0.000,0.00,0.00,66.582,0
-25.62,11.38,236.69,0.4609,-0.2397,0.0250,0.8541,-4.07,-1.50,8.54,-2.06,-0.62,-0.31,9.58,0,1.70,-0.0773,0.0527,86,0.851,0.000,0.00,0.00,66.582,0
-25.62,11.38,236.56,0.4602,-0.2401,0.0252,0.8544,-4.60,-1.59,8.60,1.81,0.31,1.88,9.88,0,1.70,-0.0774,0.0528,86,0.851,0.000,0.00,0.00,66.582,0
phase1 acc_mag=9.755 gravity=9.743 motion=0.012 moving_avg=0.128 rms=0.201 mean_rms=0.143 max_rms=0.201 min_rms=0.084 std=0.043 var=0.002 state=standing thr=0.228/0.428/0.928
-25.50,11.12,236.50,0.4599,-0.2374,0.0261,0.8552,-4.36,-1.64,8.65,3.44,-4.62,-0.06,9.82,0,1.70,-0.0764,0.0526,86,0.851,0.000,0.00,0.00,66.582,0
-25.19,10.88,236.56,0.4604,-0.2349,0.0262,0.8557,-3.92,-1.55,8.58,-0.50,-0.94,-1.12,9.56,0,1.70,-0.0756,0.0522,86,0.851,0.000,0.00,0.00,66.582,0
-25.31,11.00,236.50,0.4601,-0.2365,0.0259,0.8553,-3.64,-1.07,8.45,-6.12,7.69,-1.00,9.26,0,1.70,-0.0761,0.0524,86,0.851,0.000,0.00,0.00,66.582,0
-26.31,12.06,236.75,0.4606,-0.2488,0.0246,0.8517,-5.13,-1.92,8.20,0.56,16.81,0.75,9.86,0,1.70,-0.0802,0.0542,86,0.851,0.000,0.00,0.00,66.582,0
phase1 acc_mag=10.261 gravity=9.737 motion=0.524 moving_avg=0.144 rms=0.216 mean_rms=0.165 max_rms=0.216 min_rms=0.102 std=0.040 var=0.002 state=standing thr=0.246/0.446/0.946
-26.75,12.19,236.75,0.4603,-0.2513,0.0251,0.8511,-4.65,-1.83,8.43,0.75,-2.31,-0.75,9.80,0,1.70,-0.0809,0.0548,86,0.851,0.000,0.00,0.00,66.582,0
-26.44,12.00,236.69,0.4600,-0.2477,0.0247,0.8523,-4.57,-1.82,8.60,5.19,-5.25,-0.25,9.91,0,1.70,-0.0799,0.0540,86,0.851,0.000,0.00,0.00,66.582,0
-26.12,11.69,236.69,0.4601,-0.2451,0.0252,0.8530,-4.24,-1.65,8.60,0.56,-1.56,1.12,9.73,0,1.70,-0.0790,0.0537,86,0.851,0.000,0.00,0.00,66.582,0
-26.25,11.69,236.50,0.4589,-0.2458,0.0253,0.8535,-4.23,-1.82,8.52,-1.94,2.06,2.00,9.68,0,1.70,-0.0793,0.0538,86,0.851,0.000,0.00,0.00,66.582,0
phase1 acc_mag=9.878 gravity=9.752 motion=0.126 moving_avg=0.162 rms=0.229 mean_rms=0.189 max_rms=0.229 min_rms=0.106 std=0.032 var=0.001 state=standing thr=0.253/0.453/0.953
-26.44,11.69,236.31,0.4576,-0.2469,0.0261,0.8538,-4.47,-1.67,8.57,1.25,0.81,3.25,9.81,0,1.70,-0.0796,0.0541,86,0.851,0.000,0.00,0.00,66.582,0
-26.38,11.56,236.19,0.4564,-0.2461,0.0264,0.8547,-4.32,-1.66,8.54,0.44,-0.25,1.38,9.71,0,1.70,-0.0793,0.0540,86,0.851,0.000,0.00,0.00,66.582,0
-26.50,11.50,236.00,0.4548,-0.2469,0.0269,0.8553,-4.32,-1.63,8.59,-3.31,1.38,3.06,9.75,0,1.70,-0.0796,0.0541,86,0.851,0.000,0.00,0.00,66.582,0
phase1 acc_mag=9.758 gravity=9.746 motion=0.013 moving_avg=0.135 rms=0.183 mean_rms=0.203 max_rms=0.230 min_rms=0.176 std=0.018 var=0.000 state=standing thr=0.239/0.439/0.939
-26.69,11.56,235.69,0.4525,-0.2485,0.0266,0.8560,-4.33,-1.74,8.57,-2.31,1.62,2.81,9.76,0,1.70,-0.0803,0.0541,86,0.851,0.000,0.00,0.00,66.582,0
-26.81,11.56,235.50,0.4509,-0.2494,0.0266,0.8566,-4.42,-1.75,8.56,0.56,-1.81,1.00,9.79,0,1.70,-0.0807,0.0541,86,0.851,0.000,0.00,0.00,66.582,0
-26.75,11.56,235.44,0.4507,-0.2492,0.0264,0.8568,-4.58,-1.80,8.56,-2.06,0.50,-1.38,9.87,0,1.70,-0.0806,0.0540,86,0.851,0.000,0.00,0.00,66.582,0
-26.75,11.62,235.50,0.4510,-0.2494,0.0261,0.8566,-4.34,-1.66,8.49,-1.12,1.00,-1.50,9.68,0,1.70,-0.0807,0.0539,86,0.851,0.000,0.00,0.00,66.582,0
phase1 acc_mag=9.642 gravity=9.735 motion=0.093 moving_avg=0.121 rms=0.156 mean_rms=0.202 max_rms=0.230 min_rms=0.156 std=0.018 var=0.000 state=standing thr=0.239/0.439/0.939
-26.81,11.69,235.56,0.4514,-0.2503,0.0259,0.8561,-4.55,-1.76,8.53,-2.00,2.44,-1.50,9.83,0,1.70,-0.0810,0.0541,86,0.851,0.000,0.00,0.00,66.582,0
-26.88,11.75,235.56,0.4514,-0.2509,0.0258,0.8560,-4.43,-1.75,8.56,-0.38,0.00,0.50,9.80,0,1.70,-0.0812,0.0541,86,0.851,0.000,0.00,0.00,66.582,0
-26.94,11.81,235.56,0.4512,-0.2517,0.0258,0.8558,-4.39,-1.59,8.42,-0.88,1.62,0.69,9.63,0,1.70,-0.0815,0.0542,86,0.851,0.000,0.00,0.00,66.582,0
-27.12,11.81,235.44,0.4499,-0.2529,0.0260,0.8561,-4.31,-1.79,8.45,-1.25,0.06,1.88,9.65,0,1.70,-0.0819,0.0544,86,0.851,0.000,0.00,0.00,66.582,0
phase1 acc_mag=9.976 gravity=9.746 motion=0.230 moving_avg=0.114 rms=0.151 mean_rms=0.192 max_rms=0.230 min_rms=0.148 std=0.028 var=0.001 state=standing thr=0.248/0.448/0.948
-27.06,11.81,235.44,0.4503,-0.2523,0.0261,0.8561,-4.44,-1.71,8.47,2.81,-4.19,-1.81,9.71,0,1.70,-0.0817,0.0544,86,0.851,0.000,0.00,0.00,66.582,0
-26.88,11.75,235.56,0.4514,-0.2505,0.0259,0.8560,-4.24,-1.56,8.51,0.25,-2.31,-0.38,9.63,0,1.70,-0.0811,0.0541,86,0.851,0.000,0.00,0.00,66.582,0
-26.94,11.75,235.56,0.4514,-0.2516,0.0260,0.8557,-4.31,-1.52,8.39,-1.06,2.56,0.56,9.55,0,1.70,-0.0814,0.0543,86,0.851,0.000,0.00,0.00,66.582,0
-27.25,12.06,235.62,0.4511,-0.2544,0.0253,0.8550,-4.56,-1.84,8.48,-1.44,1.69,1.00,9.80,0,1.70,-0.0824,0.0546,86,0.851,0.000,0.00,0.00,66.582,0
phase1 acc_mag=9.790 gravity=9.756 motion=0.034 moving_avg=0.091 rms=0.114 mean_rms=0.178 max_rms=0.230 min_rms=0.114 std=0.035 var=0.001 state=standing thr=0.248/0.448/0.948
-27.19,12.06,235.62,0.4514,-0.2544,0.0253,0.8550,-4.66,-1.77,8.51,2.50,-1.38,-0.31,9.86,0,1.70,-0.0824,0.0546,86,0.851,0.000,0.00,0.00,66.582,0
-27.12,12.06,235.75,0.4525,-0.2538,0.0255,0.8545,-4.51,-1.76,8.52,-0.19,0.94,-1.94,9.80,0,1.70,-0.0821,0.0547,86,0.851,0.000,0.00,0.00,66.582,0
-27.25,12.06,235.81,0.4526,-0.2546,0.0260,0.8542,-4.44,-1.71,8.46,-0.56,3.44,0.00,9.71,0,1.70,-0.0823,0.0550,86,0.851,0.000,0.00,0.00,66.582,0
-27.50,12.19,235.75,0.4520,-0.2569,0.0264,0.8538,-4.51,-1.55,8.36,-1.38,3.00,1.19,9.62,0,1.70,-0.0830,0.0555,86,0.851,0.000,0.00,0.00,66.582,0
phase1 acc_mag=9.839 gravity=9.751 motion=0.088 moving_avg=0.075 rms=0.092 mean_rms=0.150 max_rms=0.229 min_rms=0.091 std=0.036 var=0.001 state=standing thr=0.222/0.422/0.922
-27.56,12.31,235.69,0.4515,-0.2579,0.0253,0.8538,-4.76,-1.74,8.38,-0.12,1.75,0.94,9.79,0,1.70,-0.0835,0.0552,86,0.851,0.000,0.00,0.00,66.582,0
-27.62,12.25,235.56,0.4504,-0.2581,0.0256,0.8543,-4.29,-1.83,8.48,0.44,-1.12,1.44,9.68,0,1.70,-0.0836,0.0553,86,0.851,0.000,0.00,0.00,66.582,0
-27.62,12.25,235.62,0.4507,-0.2578,0.0257,0.8542,-4.60,-1.84,8.41,0.94,-1.00,-0.06,9.76,0,1.70,-0.0835,0.0553,86,0.851,0.000,0.00,0.00,66.582,0
-27.62,12.25,235.62,0.4506,-0.2581,0.0256,0.8542,-4.64,-1.69,8.45,-1.19,2.00,-0.31,9.79,0,1.70,-0.0836,0.0553,86,0.851,0.000,0.00,0.00,66.582,0
phase1 acc_mag=9.765 gravity=9.758 motion=0.008 moving_avg=0.072 rms=0.089 mean_rms=0.128 max_rms=0.186 min_rms=0.089 std=0.032 var=0.001 state=standing thr=0.192/0.392/0.892
-27.62,12.19,235.56,0.4506,-0.2578,0.0261,0.8544,-4.55,-1.81,8.47,3.88,-1.12,0.50,9.78,0,1.70,-0.0834,0.0554,86,0.851,0.000,0.00,0.00,66.582,0
-27.69,12.12,235.56,0.4501,-0.2581,0.0272,0.8544,-4.71,-1.84,8.55,0.44,0.69,2.00,9.93,0,1.70,-0.0833,0.0557,86,0.851,0.000,0.00,0.00,66.582,0
-27.75,12.00,235.38,0.4489,-0.2582,0.0275,0.8550,-4.65,-1.73,8.55,-2.44,0.94,0.88,9.89,0,1.70,-0.0834,0.0558,86,0.851,0.000,0.00,0.00,66.582,0
-27.88,12.06,235.06,0.4465,-0.2593,0.0272,0.8560,-4.58,-1.85,8.40,-0.81,0.06,7.69,9.74,0,1.70,-0.0839,0.0556,86,0.851,0.000,0.00,0.00,66.582,0
phase1 acc_mag=9.761 gravity=9.765 motion=0.004 moving_avg=0.075 rms=0.095 mean_rms=0.111 max_rms=0.153 min_rms=0.089 std=0.024 var=0.001 state=standing thr=0.159/0.359/0.859
-27.69,11.88,234.75,0.4445,-0.2574,0.0270,0.8576,-4.76,-1.84,8.49,3.31,-7.88,3.75,9.91,0,1.70,-0.0835,0.0550,86,0.851,0.000,0.00,0.00,66.582,0
-27.56,11.69,234.81,0.4451,-0.2556,0.0275,0.8578,-4.52,-1.65,8.48,-2.06,1.81,-3.31,9.75,0,1.70,-0.0828,0.0549,86,0.851,0.000,0.00,0.00,66.582,0
-27.62,11.75,234.81,0.4446,-0.2564,0.0275,0.8578,-4.58,-1.82,8.50,-0.38,0.19,2.19,9.83,0,1.70,-0.0831,0.0550,86,0.851,0.000,0.00,0.00,66.582,0
-27.69,11.75,234.69,0.4440,-0.2570,0.0277,0.8579,-4.59,-1.74,8.46,0.31,-1.31,0.38,9.78,0,1.70,-0.0833,0.0551,86,0.851,0.000,0.00,0.00,66.582,0
phase1 acc_mag=9.687 gravity=9.762 motion=0.075 moving_avg=0.086 rms=0.110 mean_rms=0.102 max_rms=0.146 min_rms=0.089 std=0.014 var=0.000 state=standing thr=0.131/0.350/0.850
-27.69,11.75,234.69,0.4438,-0.2569,0.0277,0.8580,-4.51,-1.64,8.45,-0.25,1.12,0.31,9.72,0,1.70,-0.0833,0.0551,86,0.851,0.000,0.00,0.00,66.582,0
-27.81,11.75,234.69,0.4438,-0.2577,0.0278,0.8578,-4.62,-1.76,8.48,0.69,-0.19,-0.81,9.82,0,1.70,-0.0835,0.0553,86,0.851,0.000,0.00,0.00,66.582,0
-27.75,11.75,234.69,0.4439,-0.2570,0.0279,0.8580,-4.69,-1.70,8.47,1.19,-2.69,-0.62,9.83,0,1.70,-0.0833,0.0552,86,0.851,0.000,0.00,0.00,66.582,0
phase1 acc_mag=9.950 gravity=9.765 motion=0.185 moving_avg=0.080 rms=0.104 mean_rms=0.098 max_rms=0.112 min_rms=0.089 std=0.008 var=0.000 state=standing thr=0.115/0.350/0.850
-27.44,11.62,234.75,0.4446,-0.2542,0.0277,0.8585,-4.69,-1.84,8.58,0.69,-3.50,-1.38,9.95,0,1.70,-0.0823,0.0547,86,0.851,0.000,0.00,0.00,66.582,0
-27.06,11.38,234.81,0.4458,-0.2506,0.0274,0.8589,-4.46,-1.72,8.52,1.12,-2.50,-0.69,9.77,0,1.70,-0.0812,0.0541,86,0.851,0.000,0.00,0.00,66.582,0
-26.94,11.25,234.81,0.4458,-0.2495,0.0278,0.8593,-4.47,-1.57,8.50,1.00,-1.00,1.25,9.73,0,1.70,-0.0808,0.0540,86,0.851,0.000,0.00,0.00,66.582,0
-26.81,11.12,234.62,0.4445,-0.2479,0.0279,0.8604,-4.37,-1.68,8.56,4.12,-5.19,5.62,9.76,0,1.70,-0.0804,0.0537,86,0.851,0.000,0.00,0.00,66.582,0
phase1 acc_mag=9.663 gravity=9.764 motion=0.101 moving_avg=0.083 rms=0.107 mean_rms=0.101 max_rms=0.112 min_rms=0.089 std=0.008 var=0.000 state=standing thr=0.117/0.350/0.850
-26.69,10.69,234.25,0.4415,-0.2460,0.0298,0.8624,-4.11,-1.02,8.57,-3.06,4.69,9.25,9.56,0,1.70,-0.0796,0.0537,86,0.851,0.000,0.00,0.00,66.582,0
-27.31,10.88,233.75,0.4374,-0.2510,0.0300,0.8630,-5.02,-1.91,8.61,-3.50,7.69,2.75,10.15,0,1.70,-0.0814,0.0543,86,0.851,0.000,0.00,0.00,66.582,0
-26.94,10.94,233.56,0.4366,-0.2487,0.0274,0.8642,-4.53,-1.72,8.57,-1.50,-16.19,0.81,9.85,0,1.70,-0.0812,0.0529,86,0.851,0.000,0.00,0.00,66.582,0
phase1 acc_mag=9.651 gravity=9.762 motion=0.112 moving_avg=0.112 rms=0.152 mean_rms=0.110 max_rms=0.152 min_rms=0.089 std=0.016 var=0.000 state=slow thr=0.143/0.350/0.850
-26.12,10.81,233.62,0.4376,-0.2418,0.0249,0.8657,-4.09,-1.45,8.62,1.69,-4.75,-3.50,9.65,0,1.70,-0.0794,0.0509,86,0.851,0.000,0.00,0.00,66.582,0
-26.12,10.75,233.62,0.4380,-0.2418,0.0252,0.8655,-4.26,-1.45,8.53,0.50,1.88,-1.25,9.64,0,1.70,-0.0793,0.0511,86,0.851,0.000,0.00,0.00,66.582,0
-26.31,10.81,233.81,0.4388,-0.2433,0.0260,0.8646,-4.30,-1.49,8.53,1.38,4.06,-1.06,9.67,0,1.70,-0.0796,0.0517,86,0.851,0.000,0.00,0.00,66.582,0
-26.50,10.75,233.88,0.4393,-0.2444,0.0275,0.8640,-4.40,-1.48,8.61,3.38,-2.12,3.31,9.78,0,1.70,-0.0796,0.0525,86,0.851,0.000,0.00,0.00,66.582,0
phase1 acc_mag=9.684 gravity=9.748 motion=0.064 moving_avg=0.107 rms=0.149 mean_rms=0.122 max_rms=0.153 min_rms=0.101 std=0.020 var=0.000 state=standing thr=0.162/0.362/0.862
-26.50,10.69,233.88,0.4396,-0.2442,0.0282,0.8640,-4.24,-1.49,8.50,-0.88,1.06,-1.81,9.61,0,1.70,-0.0794,0.0527,86,0.851,0.000,0.00,0.00,66.582,0
-26.62,10.81,233.94,0.4393,-0.2461,0.0275,0.8635,-4.22,-1.46,8.53,-4.50,1.69,1.38,9.63,0,1.70,-0.0802,0.0527,86,0.851,0.000,0.00,0.00,66.582,0
-26.88,11.12,233.75,0.4379,-0.2487,0.0259,0.8636,-4.27,-1.74,8.57,-3.00,4.31,0.00,9.73,0,1.70,-0.0814,0.0525,86,0.851,0.000,0.00,0.00,66.582,0
-27.00,11.12,233.69,0.4374,-0.2498,0.0269,0.8635,-4.44,-1.61,8.56,1.31,0.31,1.50,9.78,0,1.70,-0.0816,0.0530,86,0.851,0.000,0.00,0.00,66.582,0
phase1 acc_mag=9.772 gravity=9.756 motion=0.015 moving_avg=0.103 rms=0.143 mean_rms=0.128 max_rms=0.153 min_rms=0.101 std=0.020 var=0.000 state=standing thr=0.169/0.369/0.869
-26.94,11.06,233.75,0.4379,-0.2488,0.0272,0.8635,-4.48,-1.55,8.56,2.38,-1.94,-2.12,9.79,0,1.70,-0.0812,0.0530,86,0.851,0.000,0.00,0.00,66.582,0
-26.88,11.00,233.94,0.4395,-0.2484,0.0274,0.8628,-4.24,-1.50,8.49,-0.31,0.62,-3.25,9.61,0,1.70,-0.0809,0.0531,86,0.851,0.000,0.00,0.00,66.582,0
-27.38,11.44,234.19,0.4407,-0.2543,0.0272,0.8604,-4.40,-1.15,8.34,-6.69,8.12,-5.19,9.50,0,1.70,-0.0827,0.0542,86,0.851,0.000,0.00,0.00,66.582,0
-27.50,11.50,234.06,0.4397,-0.2545,0.0271,0.8609,-4.69,-1.78,8.52,-1.50,-0.31,1.81,9.89,0,1.70,-0.0829,0.0541,86,0.851,0.000,0.00,0.00,66.582,0
phase1 acc_mag=9.858 gravity=9.743 motion=0.115 moving_avg=0.114 rms=0.152 mean_rms=0.138 max_rms=0.154 min_rms=0.105 std=0.017 var=0.000 state=standing thr=0.171/0.371/0.871
-27.44,11.31,233.94,0.4388,-0.2534,0.0276,0.8616,-4.65,-1.67,8.48,1.38,-1.19,0.62,9.81,0,1.70,-0.0825,0.0540,86,0.851,0.000,0.00,0.00,66.582,0
-27.25,11.12,233.88,0.4386,-0.2513,0.0279,0.8624,-4.42,-1.52,8.51,1.12,-2.06,0.38,9.71,0,1.70,-0.0818,0.0537,86,0.851,0.000,0.00,0.00,66.582,0
-27.12,11.12,233.94,0.4392,-0.2502,0.0280,0.8624,-4.62,-1.65,8.55,1.62,-1.62,-1.56,9.86,0,1.70,-0.0814,0.0536,86,0.851,0.000,0.00,0.00,66.582,0
-27.06,11.06,234.06,0.4401,-0.2496,0.0280,0.8621,-4.47,-1.63,8.53,-0.19,0.06,-0.62,9.77,0,1.70,-0.0811,0.0536,86,0.851,0.000,0.00,0.00,66.582,0
phase1 acc_mag=9.887 gravity=9.746 motion=0.140 moving_avg=0.105 rms=0.137 mean_rms=0.146 max_rms=0.154 min_rms=0.128 std=0.007 var=0.000 state=standing thr=0.161/0.361/0.861
-27.06,11.00,234.00,0.4399,-0.2496,0.0285,0.8622,-4.37,-1.56,8.54,0.69,0.62,0.50,9.72,0,1.70,-0.0811,0.0537,86,0.851,0.000,0.00,0.00,66.582,0
-27.12,11.00,234.06,0.4402,-0.2499,0.0289,0.8619,-4.65,-1.56,8.62,0.12,0.50,-1.94,9.92,0,1.70,-0.0811,0.0540,86,0.851,0.000,0.00,0.00,66.582,0
-27.12,11.00,234.12,0.4407,-0.2499,0.0289,0.8617,-4.53,-1.58,8.53,-1.25,0.88,-2.50,9.79,0,1.70,-0.0810,0.0540,86,0.851,0.000,0.00,0.00,66.582,0
-27.25,11.19,234.19,0.4409,-0.2515,0.0285,0.8611,-4.51,-1.56,8.52,-1.69,2.44,-0.06,9.77,0,1.70,-0.0816,0.0542,86,0.851,0.000,0.00,0.00,66.582,0
phase1 acc_mag=9.766 gravity=9.734 motion=0.031 moving_avg=0.086 rms=0.107 mean_rms=0.141 max_rms=0.154 min_rms=0.107 std=0.014 var=0.000 state=standing thr=0.169/0.369/0.869
-27.44,11.31,234.19,0.4405,-0.2532,0.0284,0.8608,-4.50,-1.65,8.54,-0.06,0.88,1.06,9.79,0,1.70,-0.0822,0.0544,86,0.851,0.000,0.00,0.00,66.582,0
-27.50,11.25,234.12,0.4400,-0.2537,0.0287,0.8610,-4.66,-1.68,8.55,0.12,-0.44,-0.25,9.88,0,1.70,-0.0823,0.0545,86,0.851,0.000,0.00,0.00,66.582,0
-27.38,11.25,234.19,0.4405,-0.2528,0.0285,0.8610,-4.51,-1.60,8.52,0.62,-1.81,-0.31,9.77,0,1.70,-0.0820,0.0544,86,0.851,0.000,0.00,0.00,66.582,0
phase1 acc_mag=9.798 gravity=9.748 motion=0.050 moving_avg=0.085 rms=0.105 mean_rms=0.133 max_rms=0.154 min_rms=0.105 std=0.018 var=0.000 state=standing thr=0.169/0.369/0.869
-27.31,11.25,234.25,0.4411,-0.2517,0.0284,0.8610,-4.56,-1.72,8.50,0.62,-2.56,-1.00,9.80,0,1.70,-0.0817,0.0542,86,0.851,0.000,0.00,0.00,66.582,0
-27.12,11.06,234.19,0.4407,-0.2501,0.0289,0.8616,-4.63,-1.61,8.49,1.31,-2.50,1.81,9.80,0,1.70,-0.0811,0.0541,86,0.851,0.000,0.00,0.00,66.582,0
-26.94,10.75,234.06,0.4402,-0.2476,0.0295,0.8626,-4.24,-1.50,8.47,2.19,-4.44,3.00,9.59,0,1.70,-0.0802,0.0538,86,0.851,0.000,0.00,0.00,66.582,0
-26.88,10.69,233.81,0.4386,-0.2468,0.0294,0.8636,-4.51,-1.49,8.60,-1.69,-0.25,2.94,9.82,0,1.70,-0.0801,0.0535,86,0.851,0.000,0.00,0.00,66.582,0
phase1 acc_mag=9.719 gravity=9.736 motion=0.017 moving_avg=0.079 rms=0.100 mean_rms=0.124 max_rms=0.154 min_rms=0.099 std=0.021 var=0.000 state=standing thr=0.167/0.367/0.867
-26.75,10.69,233.81,0.4386,-0.2463,0.0290,0.8638,-4.43,-1.50,8.55,-0.88,-0.56,0.12,9.75,0,1.70,-0.0800,0.0532,86,0.851,0.000,0.00,0.00,66.582,0
-26.75,10.69,233.81,0.4385,-0.2462,0.0289,0.8639,-4.34,-1.47,8.56,-0.06,-0.50,0.00,9.71,0,1.70,-0.0800,0.0532,86,0.851,0.000,0.00,0.00,66.582,0
-26.75,10.69,233.81,0.4387,-0.2460,0.0287,0.8638,-4.36,-1.57,8.57,-0.62,0.12,-1.25,9.74,0,1.70,-0.0800,0.0531,86,0.851,0.000,0.00,0.00,66.582,0
-26.81,10.81,233.88,0.4388,-0.2468,0.0284,0.8635,-4.37,-1.55,8.57,-0.94,1.81,-1.00,9.74,0,1.70,-0.0803,0.0531,86,0.851,0.000,0.00,0.00,66.582,0
phase1 acc_mag=9.835 gravity=9.749 motion=0.086 moving_avg=0.062 rms=0.079 mean_rms=0.111 max_rms=0.152 min_rms=0.078 std=0.021 var=0.000 state=standing thr=0.154/0.354/0.854
-26.81,10.81,233.94,0.4397,-0.2471,0.0287,0.8630,-4.76,-1.63,8.58,2.38,-3.12,-1.56,9.95,0,1.70,-0.0803,0.0534,86,0.851,0.000,0.00,0.00,66.582,0
-26.50,10.62,234.06,0.4412,-0.2435,0.0291,0.8632,-4.12,-1.36,8.52,5.44,-5.38,-1.88,9.56,0,1.70,-0.0789,0.0530,86,0.851,0.000,0.00,0.00,66.582,0
-26.19,10.50,234.19,0.4421,-0.2410,0.0285,0.8635,-4.01,-1.49,8.55,-1.38,-1.50,-1.38,9.56,0,1.70,-0.0782,0.0525,86,0.851,0.000,0.00,0.00,66.582,0
-26.38,10.62,234.19,0.4417,-0.2435,0.0286,0.8630,-4.39,-1.50,8.56,-2.38,5.19,0.19,9.74,0,1.70,-0.0790,0.0529,86,0.851,0.000,0.00,0.00,66.582,0
phase1 acc_mag=9.640 gravity=9.741 motion=0.101 moving_avg=0.075 rms=0.098 mean_rms=0.100 max_rms=0.131 min_rms=0.078 std=0.013 var=0.000 state=standing thr=0.125/0.350/0.850
-26.62,10.75,234.06,0.4406,-0.2455,0.0287,0.8630,-4.59,-1.59,8.61,-2.81,4.50,1.12,9.89,0,1.70,-0.0797,0.0532,86,0.851,0.000,0.00,0.00,66.582,0
-26.81,10.75,233.94,0.4395,-0.2469,0.0287,0.8632,-4.30,-1.54,8.54,-1.06,2.44,-0.44,9.68,0,1.70,-0.0802,0.0533,86,0.851,0.000,0.00,0.00,66.582,0
-26.88,10.81,233.94,0.4395,-0.2474,0.0287,0.8630,-4.60,-1.57,8.53,-0.88,0.81,-1.25,9.82,0,1.70,-0.0804,0.0534,86,0.851,0.000,0.00,0.00,66.582,0
phase1 acc_mag=9.832 gravity=9.743 motion=0.088 moving_avg=0.072 rms=0.094 mean_rms=0.096 max_rms=0.110 min_rms=0.078 std=0.010 var=0.000 state=standing thr=0.115/0.350/0.850
-26.88,10.88,234.00,0.4398,-0.2477,0.0284,0.8628,-4.58,-1.71,8.53,-1.25,1.44,-1.38,9.83,0,1.70,-0.0805,0.0534,86,0.851,0.000,0.00,0.00,66.582,0
-26.81,10.88,234.00,0.4399,-0.2474,0.0283,0.8629,-4.51,-1.60,8.51,0.12,0.62,-0.38,9.76,0,1.70,-0.0804,0.0533,86,0.851,0.000,0.00,0.00,66.582,0
-26.88,10.88,233.94,0.4394,-0.2479,0.0284,0.8629,-4.48,-1.68,8.60,-1.25,1.38,-0.31,9.84,0,1.70,-0.0806,0.0534,86,0.851,0.000,0.00,0.00,66.582,0
-26.94,10.94,233.94,0.4393,-0.2488,0.0281,0.8628,-4.53,-1.68,8.58,-0.69,0.25,-0.19,9.85,0,1.70,-0.0809,0.0534,86,0.851,0.000,0.00,0.00,66.582,0
phase1 acc_mag=9.749 gravity=9.739 motion=0.010 moving_avg=0.070 rms=0.093 mean_rms=0.093 max_rms=0.105 min_rms=0.078 std=0.008 var=0.000 state=standing thr=0.109/0.350/0.850
-26.94,11.00,234.00,0.4396,-0.2488,0.0281,0.8625,-4.48,-1.65,8.55,0.38,-0.25,-1.19,9.79,0,1.70,-0.0809,0.0534,86,0.851,0.000,0.00,0.00,66.582,0
-26.94,11.00,234.00,0.4400,-0.2484,0.0280,0.8625,-4.46,-1.62,8.53,-0.69,-0.25,-1.00,9.76,0,1.70,-0.0808,0.0534,86,0.851,0.000,0.00,0.00,66.582,0
-26.88,11.00,234.00,0.4399,-0.2483,0.0280,0.8626,-4.41,-1.61,8.57,0.00,-1.25,0.88,9.77,0,1.70,-0.0808,0.0533,86,0.851,0.000,0.00,0.00,66.582,0
-26.88,10.94,234.00,0.4397,-0.2478,0.0280,0.8629,-4.32,-1.51,8.55,-0.12,1.00,1.44,9.70,0,1.70,-0.0806,0.0533,86,0.851,0.000,0.00,0.00,66.582,0
phase1 acc_mag=9.825 gravity=9.742 motion=0.083 moving_avg=0.067 rms=0.090 mean_rms=0.091 max_rms=0.099 min_rms=0.078 std=0.007 var=0.000 state=standing thr=0.105/0.350/0.850
-27.00,11.00,234.00,0.4396,-0.2489,0.0281,0.8625,-4.31,-1.59,8.47,-1.69,2.31,0.25,9.64,0,1.70,-0.0809,0.0535,86,0.851,0.000,0.00,0.00,66.582,0
-27.12,11.06,233.94,0.4391,-0.2502,0.0284,0.8624,-4.70,-1.84,8.60,-1.31,2.38,0.06,9.97,0,1.70,-0.0813,0.0538,86,0.851,0.000,0.00,0.00,66.582,0
-26.94,10.75,233.94,0.4392,-0.2479,0.0294,0.8630,-4.05,-1.39,8.42,2.19,-8.56,1.75,9.45,0,1.70,-0.0804,0.0537,86,0.851,0.000,0.00,0.00,66.582,0
-27.00,10.88,233.81,0.4384,-0.2485,0.0286,0.8633,-4.34,-1.45,8.53,-4.50,8.50,0.94,9.68,0,1.70,-0.0808,0.0535,86,0.851,0.000,0.00,0.00,66.582,0
phase1 acc_mag=9.725 gravity=9.724 motion=0.001 moving_avg=0.091 rms=0.127 mean_rms=0.096 max_rms=0.129 min_rms=0.084 std=0.010 var=0.000 state=slow thr=0.116/0.350/0.850
-27.38,11.25,233.75,0.4368,-0.2526,0.0276,0.8629,-5.14,-1.81,8.56,-0.31,-4.62,6.44,10.15,0,1.70,-0.0824,0.0537,86,0.851,0.000,0.00,0.00,66.582,0
-26.94,11.00,233.31,0.4347,-0.2488,0.0266,0.8651,-3.79,-1.12,8.30,-0.06,-0.69,1.44,9.19,0,1.70,-0.0815,0.0525,86,0.851,0.000,0.00,0.00,66.582,0
-26.81,10.75,233.12,0.4340,-0.2470,0.0270,0.8660,-3.61,-0.91,8.26,1.88,-0.06,-7.62,9.06,0,1.70,-0.0809,0.0522,86,0.851,0.000,0.00,0.00,66.582,0
-26.69,10.75,233.38,0.4354,-0.2462,0.0274,0.8655,-4.60,-1.29,8.54,1.69,-2.38,2.50,9.79,0,1.70,-0.0804,0.0524,86,0.851,0.000,0.00,0.00,66.582,0
phase1 acc_mag=9.813 gravity=9.730 motion=0.083 moving_avg=0.144 rms=0.230 mean_rms=0.119 max_rms=0.230 min_rms=0.089 std=0.045 var=0.002 state=slow thr=0.209/0.409/0.909
-26.50,10.62,233.31,0.4350,-0.2444,0.0272,0.8662,-4.16,-1.24,8.43,2.38,-2.44,0.06,9.48,0,1.70,-0.0800,0.0519,86,0.851,0.000,0.00,0.00,66.582,0
-26.38,10.81,233.75,0.4389,-0.2432,0.0264,0.8646,-4.56,-1.68,8.63,3.50,-5.00,-3.81,9.90,0,1.70,-0.0795,0.0518,86,0.851,0.000,0.00,0.00,66.582,0
-26.25,10.56,233.94,0.4402,-0.2420,0.0281,0.8642,-4.00,-1.83,8.70,7.88,4.88,-0.06,9.75,0,1.70,-0.0787,0.0523,86,0.851,0.000,0.00,0.00,66.582,0
phase1 acc_mag=9.850 gravity=9.722 motion=0.128 moving_avg=0.169 rms=0.251 mean_rms=0.149 max_rms=0.251 min_rms=0.089 std=0.063 var=0.004 state=standing thr=0.276/0.476/0.976
-26.62,10.44,233.75,0.4375,-0.2439,0.0298,0.8650,-4.51,-1.89,8.55,-8.06,-2.94,10.88,9.85,0,1.70,-0.0792,0.0530,86,0.851,0.000,0.00,0.00,66.582,0
-26.38,10.50,232.88,0.4315,-0.2429,0.0267,0.8684,-4.10,-1.44,8.54,0.44,-2.44,7.19,9.58,0,1.70,-0.0797,0.0512,86,0.851,0.000,0.00,0.00,66.582,0
-26.44,10.62,232.62,0.4299,-0.2437,0.0253,0.8690,-4.63,-1.64,8.58,-2.19,-0.69,1.62,9.89,0,1.70,-0.0804,0.0507,86,0.851,0.000,0.00,0.00,66.582,0
-26.12,10.38,232.62,0.4303,-0.2408,0.0256,0.8696,-4.30,-1.56,8.65,4.56,-3.50,-0.44,9.78,0,1.70,-0.0793,0.0504,86,0.851,0.000,0.00,0.00,66.582,0
phase1 acc_mag=9.666 gravity=9.733 motion=0.067 moving_avg=0.189 rms=0.264 mean_rms=0.181 max_rms=0.264 min_rms=0.089 std=0.069 var=0.005 state=standing thr=0.319/0.519/1.019
-25.88,10.19,232.75,0.4318,-0.2375,0.0262,0.8697,-4.51,-1.39,8.60,-0.06,-7.44,-2.94,9.81,0,1.70,-0.0781,0.0502,86,0.851,0.000,0.00,0.00,66.582,0
-25.31,9.88,232.56,0.4308,-0.2325,0.0258,0.8716,-3.73,-1.45,8.65,7.56,-5.69,2.31,9.53,0,1.70,-0.0766,0.0491,86,0.851,0.000,0.00,0.00,66.582,0
-25.12,9.56,232.75,0.4324,-0.2301,0.0274,0.8713,-4.25,-1.41,8.70,1.38,-3.25,-2.19,9.78,0,1.70,-0.0755,0.0494,86,0.851,0.000,0.00,0.00,66.582,0
-25.12,9.56,232.88,0.4334,-0.2300,0.0280,0.8709,-3.87,-1.18,8.59,-2.44,4.81,-1.62,9.50,0,1.70,-0.0753,0.0496,86,0.851,0.000,0.00,0.00,66.582,0
phase1 acc_mag=9.550 gravity=9.715 motion=0.165 moving_avg=0.211 rms=0.274 mean_rms=0.216 max_rms=0.274 min_rms=0.093 std=0.058 var=0.003 state=standing thr=0.333/0.533/1.033
-25.44,10.06,232.94,0.4332,-0.2343,0.0256,0.8699,-4.44,-1.56,8.79,-7.50,2.56,1.25,9.97,0,1.70,-0.0771,0.0495,86,0.851,0.000,0.00,0.00,66.582,0
-25.44,10.25,232.81,0.4324,-0.2350,0.0240,0.8702,-4.23,-1.58,8.67,-3.00,-0.88,-0.88,9.78,0,1.70,-0.0776,0.0490,86,0.851,0.000,0.00,0.00,66.582,0
-25.31,10.31,232.88,0.4331,-0.2341,0.0237,0.8701,-4.24,-1.57,8.67,4.88,-2.94,-1.69,9.78,0,1.70,-0.0774,0.0488,86,0.851,0.000,0.00,0.00,66.582,0
-25.25,10.00,233.00,0.4339,-0.2325,0.0256,0.8701,-4.28,-1.38,8.68,2.00,-0.50,-2.06,9.78,0,1.70,-0.0765,0.0492,86,0.851,0.000,0.00,0.00,66.582,0
phase1 acc_mag=9.769 gravity=9.720 motion=0.049 moving_avg=0.186 rms=0.237 mean_rms=0.249 max_rms=0.279 min_rms=0.179 std=0.026 var=0.001 state=standing thr=0.301/0.501/1.001
-25.12,9.88,233.06,0.4346,-0.2313,0.0258,0.8701,-4.20,-1.55,8.71,-0.44,-1.38,-2.00,9.79,0,1.70,-0.0760,0.0492,86,0.851,0.000,0.00,0.00,66.582,0
-25.12,9.94,233.12,0.4354,-0.2313,0.0259,0.8696,-4.26,-1.43,8.66,1.19,0.88,-1.25,9.76,0,1.70,-0.0759,0.0493,86,0.851,0.000,0.00,0.00,66.582,0
-25.12,9.88,233.19,0.4358,-0.2311,0.0261,0.8695,-4.14,-1.43,8.71,-0.38,0.00,-0.06,9.75,0,1.70,-0.0758,0.0493,86,0.851,0.000,0.00,0.00,66.582,0
-25.06,9.88,233.25,0.4363,-0.2309,0.0265,0.8692,-3.97,-1.39,8.65,1.50,-0.56,0.50,9.62,0,1.70,-0.0757,0.0495,86,0.851,0.000,0.00,0.00,66.582,0
phase1 acc_mag=9.737 gravity=9.740 motion=0.003 moving_avg=0.137 rms=0.176 mean_rms=0.248 max_rms=0.279 min_rms=0.175 std=0.028 var=0.001 state=standing thr=0.305/0.505/1.005
-25.12,9.88,233.31,0.4367,-0.2312,0.0264,0.8690,-4.29,-1.51,8.70,-1.31,2.06,-1.88,9.82,0,1.70,-0.0757,0.0496,86,0.851,0.000,0.00,0.00,66.582,0
-25.12,9.88,233.31,0.4366,-0.2313,0.0269,0.8690,-3.97,-1.33,8.67,0.44,-0.19,0.75,9.63,0,1.70,-0.0757,0.0497,86,0.851,0.000,0.00,0.00,66.582,0
-25.19,9.94,233.38,0.4369,-0.2321,0.0265,0.8687,-4.22,-1.37,8.55,-0.38,0.81,0.31,9.63,0,1.70,-0.0760,0.0498,86,0.851,0.000,0.00,0.00,66.582,0
phase1 acc_mag=9.673 gravity=9.737 motion=0.064 moving_avg=0.109 rms=0.140 mean_rms=0.232 max_rms=0.279 min_rms=0.140 std=0.045 var=0.002 state=standing thr=0.323/0.523/1.023
-25.19,9.94,233.38,0.4369,-0.2320,0.0264,0.8687,-4.10,-1.45,8.64,0.00,0.25,-0.56,9.67,0,1.70,-0.0760,0.0497,86,0.851,0.000,0.00,0.00,66.582,0
-25.19,10.00,233.38,0.4372,-0.2321,0.0264,0.8685,-4.10,-1.48,8.69,1.19,-1.31,-0.88,9.72,0,1.70,-0.0760,0.0497,86,0.851,0.000,0.00,0.00,66.582,0
-25.19,9.94,233.44,0.4377,-0.2318,0.0267,0.8683,-4.13,-1.42,8.70,-0.31,0.12,-0.88,9.73,0,1.70,-0.0758,0.0498,86,0.851,0.000,0.00,0.00,66.582,0
-25.19,9.94,233.50,0.4379,-0.2318,0.0268,0.8682,-4.16,-1.43,8.62,0.12,0.25,0.38,9.68,0,1.70,-0.0758,0.0499,86,0.851,0.000,0.00,0.00,66.582,0
phase1 acc_mag=9.772 gravity=9.725 motion=0.047 moving_avg=0.095 rms=0.122 mean_rms=0.205 max_rms=0.279 min_rms=0.122 std=0.058 var=0.003 state=standing thr=0.321/0.521/1.021
-25.25,10.00,233.50,0.4376,-0.2324,0.0266,0.8682,-4.16,-1.42,8.63,-1.25,1.31,0.12,9.68,0,1.70,-0.0761,0.0499,86,0.851,0.000,0.00,0.00,66.582,0
-25.25,10.06,233.50,0.4378,-0.2328,0.0263,0.8680,-4.20,-1.40,8.67,-0.75,0.00,-0.38,9.73,0,1.70,-0.0762,0.0499,86,0.851,0.000,0.00,0.00,66.582,0
-25.25,10.12,233.50,0.4380,-0.2329,0.0257,0.8679,-4.24,-1.47,8.64,-1.31,-0.38,-1.56,9.74,0,1.70,-0.0764,0.0497,86,0.851,0.000,0.00,0.00,66.582,0
-25.25,10.25,233.56,0.4382,-0.2338,0.0247,0.8676,-4.18,-1.45,8.65,-2.88,1.19,-1.31,9.72,0,1.70,-0.0768,0.0496,86,0.851,0.000,0.00,0.00,66.582,0
phase1 acc_mag=9.724 gravity=9.738 motion=0.015 moving_avg=0.065 rms=0.084 mean_rms=0.172 max_rms=0.279 min_rms=0.084 std=0.059 var=0.003 state=standing thr=0.290/0.490/0.990
-25.38,10.56,233.56,0.4380,-0.2358,0.0229,0.8672,-4.38,-1.67,8.71,-2.62,0.88,-1.31,9.89,0,1.70,-0.0778,0.0493,86,0.851,0.000,0.00,0.00,66.582,0
-25.31,10.69,233.62,0.4383,-0.2359,0.0221,0.8671,-4.41,-1.69,8.75,0.00,-2.25,-0.44,9.94,0,1.70,-0.0779,0.0490,86,0.851,0.000,0.00,0.00,66.582,0
-25.06,10.62,233.69,0.4391,-0.2336,0.0219,0.8672,-4.18,-1.56,8.68,1.56,-3.12,-1.88,9.76,0,1.70,-0.0772,0.0486,86,0.851,0.000,0.00,0.00,66.582,0
-25.06,10.62,233.75,0.4398,-0.2335,0.0217,0.8669,-4.34,-1.59,8.64,-0.56,1.38,0.00,9.80,0,1.70,-0.0772,0.0486,86,0.851,0.000,0.00,0.00,66.582,0
phase1 acc_mag=9.681 gravity=9.736 motion=0.055 moving_avg=0.066 rms=0.086 mean_rms=0.134 max_rms=0.231 min_rms=0.080 std=0.042 var=0.002 state=standing thr=0.218/0.418/0.918
-25.06,10.50,233.75,0.4399,-0.2332,0.0226,0.8670,-4.12,-1.40,8.65,1.62,-0.19,1.56,9.68,0,1.70,-0.0769,0.0489,86,0.851,0.000,0.00,0.00,66.582,0
-25.00,10.50,233.69,0.4393,-0.2328,0.0225,0.8674,-4.27,-1.52,8.71,-0.69,-1.19,0.88,9.82,0,1.70,-0.0768,0.0487,86,0.851,0.000,0.00,0.00,66.582,0
-24.88,10.44,233.62,0.4390,-0.2317,0.0221,0.8678,-4.11,-1.54,8.68,1.00,-1.44,0.38,9.73,0,1.70,-0.0765,0.0484,86,0.851,0.000,0.00,0.00,66.582,0
phase1 acc_mag=9.736 gravity=9.742 motion=0.006 moving_avg=0.062 rms=0.080 mean_rms=0.111 max_rms=0.173 min_rms=0.080 std=0.030 var=0.001 state=standing thr=0.170/0.370/0.870
-24.81,10.31,233.56,0.4387,-0.2303,0.0225,0.8683,-4.07,-1.48,8.72,1.88,-2.75,1.56,9.74,0,1.70,-0.0760,0.0482,86,0.851,0.000,0.00,0.00,66.582,0
-24.69,10.31,233.56,0.4388,-0.2293,0.0222,0.8685,-4.02,-1.44,8.69,0.31,-0.31,0.88,9.68,0,1.70,-0.0758,0.0480,86,0.851,0.000,0.00,0.00,66.582,0
-24.62,10.25,233.56,0.4387,-0.2288,0.0222,0.8687,-3.87,-1.39,8.61,1.31,-1.81,0.94,9.54,0,1.70,-0.0756,0.0478,86,0.851,0.000,0.00,0.00,66.582,0
-24.62,10.25,233.56,0.4385,-0.2289,0.0220,0.8688,-4.10,-1.53,8.71,-0.19,0.62,-0.19,9.75,0,1.70,-0.0757,0.0478,86,0.851,0.000,0.00,0.00,66.582,0
phase1 acc_mag=9.753 gravity=9.741 motion=0.012 moving_avg=0.061 rms=0.082 mean_rms=0.095 max_rms=0.132 min_rms=0.077 std=0.018 var=0.000 state=standing thr=0.132/0.350/0.850
-24.69,10.25,233.50,0.4384,-0.2292,0.0224,0.8688,-4.16,-1.49,8.70,0.75,-0.94,1.06,9.76,0,1.70,-0.0757,0.0480,86,0.851,0.000,0.00,0.00,66.582,0
-24.62,10.19,233.56,0.4387,-0.2285,0.0228,0.8688,-3.93,-1.39,8.56,1.00,-2.38,-0.88,9.52,0,1.70,-0.0754,0.0480,86,0.851,0.000,0.00,0.00,66.582,0
-24.56,10.25,233.62,0.4392,-0.2285,0.0222,0.8685,-4.24,-1.51,8.78,0.19,-0.69,1.50,9.87,0,1.70,-0.0755,0.0478,86,0.851,0.000,0.00,0.00,66.582,0
-24.62,10.25,233.69,0.4395,-0.2288,0.0222,0.8683,-4.23,-1.50,8.72,1.19,0.38,0.69,9.81,0,1.70,-0.0756,0.0479,86,0.851,0.000,0.00,0.00,66.582,0
phase1 acc_mag=9.778 gravity=9.743 motion=0.035 moving_avg=0.062 rms=0.084 mean_rms=0.086 max_rms=0.117 min_rms=0.077 std=0.010 var=0.000 state=standing thr=0.106/0.350/0.850
-24.56,10.19,233.75,0.4404,-0.2279,0.0228,0.8681,-3.88,-1.37,8.52,2.00,-1.81,-1.06,9.46,0,1.70,-0.0751,0.0481,86,0.851,0.000,0.00,0.00,66.582,0
-24.56,10.25,233.75,0.4403,-0.2283,0.0225,0.8680,-4.18,-1.45,8.70,-1.25,0.81,0.50,9.76,0,1.70,-0.0753,0.0480,86,0.851,0.000,0.00,0.00,66.582,0
-24.56,10.25,233.69,0.4398,-0.2284,0.0220,0.8683,-4.09,-1.48,8.75,-0.44,-1.69,0.94,9.77,0,1.70,-0.0755,0.0478,86,0.851,0.000,0.00,0.00,66.582,0
-24.56,10.25,233.69,0.4399,-0.2285,0.0219,0.8682,-4.21,-1.48,8.73,-1.25,1.44,-1.81,9.80,0,1.70,-0.0755,0.0478,86,0.851,0.000,0.00,0.00,66.582,0
phase1 acc_mag=9.830 gravity=9.740 motion=0.089 moving_avg=0.068 rms=0.092 mean_rms=0.085 max_rms=0.095 min_rms=0.077 std=0.006 var=0.000 state=standing thr=0.097/0.350/0.850
-24.44,10.31,233.75,0.4404,-0.2278,0.0217,0.8682,-3.97,-1.46,8.72,2.62,-0.62,1.06,9.69,0,1.70,-0.0753,0.0477,86,0.851,0.000,0.00,0.00,66.582,0
-24.44,10.25,233.75,0.4403,-0.2277,0.0218,0.8682,-4.22,-1.61,8.80,-1.62,0.12,-0.50,9.89,0,1.70,-0.0752,0.0477,86,0.851,0.000,0.00,0.00,66.582,0
-24.50,10.31,233.75,0.4403,-0.2280,0.0215,0.8682,-3.97,-1.52,8.72,-1.62,-0.56,-0.44,9.70,0,1.70,-0.0754,0.0476,86,0.851,0.000,0.00,0.00,66.582,0
phase1 acc_mag=9.832 gravity=9.736 motion=0.096 moving_avg=0.061 rms=0.083 mean_rms=0.085 max_rms=0.095 min_rms=0.077 std=0.006 var=0.000 state=standing thr=0.097/0.350/0.850
-24.50,10.31,233.75,0.4400,-0.2282,0.0215,0.8682,-4.20,-1.57,8.75,-0.88,0.69,-0.06,9.83,0,1.70,-0.0755,0.0476,86,0.851,0.000,0.00,0.00,66.582,0
