===== Connected at 115200 baud =====
.013 rms=0.016 mean_rms=0.015 max_rms=0.016 min_rms=0.014 std=0.001 var=0.000 state=standing thr=0.080/0.350/0.850
-20.25,-25.12,359.69,0.9615,0.2070,0.1806,0.0022,-3.26,3.98,8.27,0.06,-0.19,-0.06,9.74,0,1.70,0.0696,-0.0795,0,0.000,0.000,0.00,0.00,0.000,0
-20.25,-25.12,359.69,0.9615,0.2070,0.1806,0.0022,-3.27,3.96,8.25,-0.06,-0.06,0.19,9.72,0,1.70,0.0696,-0.0795,0,0.000,0.000,0.00,0.00,0.000,0
-20.25,-25.12,359.69,0.9615,0.2070,0.1806,0.0022,-3.26,3.95,8.28,-0.19,0.12,-0.06,9.74,0,1.70,0.0696,-0.0795,0,0.000,0.000,0.00,0.00,0.000,0
-20.25,-25.12,359.69,0.9615,0.2070,0.1806,0.0022,-3.27,3.96,8.29,0.12,-0.31,0.19,9.75,0,1.70,0.0696,-0.0795,0,0.000,0.000,0.00,0.00,0.000,0
phase1 acc_mag=9.760 gravity=9.741 motion=0.019 moving_avg=0.013 rms=0.016 mean_rms=0.015 max_rms=0.016 min_rms=0.014 std=0.001 var=0.000 state=standing thr=0.080/0.350/0.850
-20.25,-25.12,359.69,0.9615,0.2070,0.1806,0.0022,-3.29,3.97,8.27,-0.31,0.06,0.00,9.75,0,1.70,0.0696,-0.0795,0,0.000,0.000,0.00,0.00,0.000,0
-20.25,-25.12,359.69,0.9615,0.2070,0.1806,0.0022,-3.26,3.98,8.28,0.00,-0.31,0.00,9.75,0,1.70,0.0696,-0.0795,0,0.000,0.000,0.00,0.00,0.000,0
-20.25,-25.12,359.69,0.9615,0.2070,0.1806,0.0022,-3.28,3.97,8.29,0.06,0.06,-0.06,9.76,0,1.70,0.0696,-0.0795,0,0.000,0.000,0.00,0.00,0.000,0
-20.25,-25.12,359.69,0.9615,0.2070,0.1806,0.0022,-3.29,3.97,8.26,0.00,0.19,-0.19,9.74,0,1.70,0.0696,-0.0795,0,0.000,0.000,0.00,0.00,0.000,0
phase1 acc_mag=9.739 gravity=9.741 motion=0.002 moving_avg=0.013 rms=0.016 mean_rms=0.015 max_rms=0.016 min_rms=0.014 std=0.001 var=0.000 state=standing thr=0.080/0.350/0.850
-20.25,-25.12,359.69,0.9615,0.2070,0.1806,0.0022,-3.25,3.96,8.30,0.12,-0.06,0.00,9.75,0,1.70,0.0696,-0.0795,0,0.000,0.000,0.00,0.00,0.000,0
-20.25,-25.12,359.69,0.9615,0.2070,0.1806,0.0022,-3.26,3.96,8.28,0.06,0.19,0.00,9.74,0,1.70,0.0696,-0.0795,0,0.000,0.000,0.00,0.00,0.000,0
-20.25,-25.12,359.69,0.9615,0.2070,0.1806,0.0022,-3.28,3.96,8.28,0.12,0.06,-0.12,9.75,0,1.70,0.0696,-0.0795,0,0.000,0.000,0.00,0.00,0.000,0
-20.25,-25.12,359.69,0.9615,0.2070,0.1806,0.0022,-3.27,3.96,8.26,0.00,0.00,0.06,9.73,0,1.70,0.0696,-0.0795,0,0.000,0.000,0.00,0.00,0.000,0
phase1 acc_mag=9.753 gravity=9.741 motion=0.012 moving_avg=0.012 rms=0.015 mean_rms=0.016 max_rms=0.016 min_rms=0.014 std=0.000 var=0.000 state=standing thr=0.080/0.350/0.850
-20.25,-25.12,359.69,0.9615,0.2070,0.1806,0.0022,-3.29,3.98,8.26,0.00,0.12,0.06,9.74,0,1.70,0.0696,-0.0795,0,0.000,0.000,0.00,0.00,0.000,0
-20.25,-25.12,359.69,0.9615,0.2070,0.1806,0.0022,-3.28,3.98,8.29,-0.06,0.25,-0.19,9.76,0,1.70,0.0696,-0.0795,0,0.000,0.000,0.00,0.00,0.000,0
-20.25,-25.12,359.69,0.9615,0.2070,0.1806,0.0022,-3.27,3.99,8.27,0.12,-0.25,0.06,9.75,0,1.70,0.0696,-0.0795,0,0.000,0.000,0.00,0.00,0.000,0
-20.25,-25.12,359.69,0.9615,0.2070,0.1806,0.0022,-3.28,3.96,8.28,-0.12,0.12,-0.25,9.75,0,1.70,0.0696,-0.0795,0,0.000,0.000,0.00,0.00,0.000,0
phase1 acc_mag=9.749 gravity=9.743 motion=0.006 moving_avg=0.012 rms=0.015 mean_rms=0.016 max_rms=0.016 min_rms=0.015 std=0.000 var=0.000 state=standing thr=0.080/0.350/0.850
-20.25,-25.12,359.69,0.9615,0.2070,0.1806,0.0022,-3.26,3.98,8.29,0.19,-0.38,0.12,9.76,0,1.70,0.0696,-0.0795,0,0.000,0.000,0.00,0.00,0.000,0
-20.25,-25.12,359.69,0.9615,0.2070,0.1806,0.0022,-3.26,3.98,8.28,0.12,-0.06,-0.06,9.75,0,1.70,0.0696,-0.0795,0,0.000,0.000,0.00,0.00,0.000,0
-20.25,-25.12,359.69,0.9615,0.2070,0.1806,0.0022,-3.27,3.98,8.29,0.06,0.12,-0.12,9.76,0,1.70,0.0696,-0.0795,0,0.000,0.000,0.00,0.00,0.000,0
-20.25,-25.12,359.69,0.9615,0.2070,0.1806,0.0022,-3.28,3.97,8.26,0.12,-0.31,0.06,9.73,0,1.70,0.0696,-0.0795,0,0.000,0.000,0.00,0.00,0.000,0
phase1 acc_mag=9.732 gravity=9.742 motion=0.011 moving_avg=0.011 rms=0.014 mean_rms=0.015 max_rms=0.016 min_rms=0.014 std=0.000 var=0.000 state=standing thr=0.080/0.350/0.850
-20.25,-25.12,359.69,0.9615,0.2070,0.1806,0.0022,-3.31,3.95,8.29,0.00,0.12,-0.06,9.76,0,1.70,0.0696,-0.0795,0,0.000,0.000,0.00,0.00,0.000,0
-20.25,-25.12,359.69,0.9615,0.2070,0.1806,0.0022,-3.26,3.97,8.28,0.19,-0.19,-0.06,9.74,0,1.70,0.0696,-0.0795,0,0.000,0.000,0.00,0.00,0.000,0
-20.25,-25.12,359.69,0.9615,0.2070,0.1806,0.0022,-3.27,3.95,8.27,0.06,0.19,-0.06,9.73,0,1.70,0.0696,-0.0795,0,0.000,0.000,0.00,0.00,0.000,0
-20.25,-25.12,359.69,0.9615,0.2070,0.1806,0.0022,-3.28,3.97,8.32,0.00,0.00,0.00,9.78,0,1.70,0.0696,-0.0795,0,0.000,0.000,0.00,0.00,0.000,0
phase1 acc_mag=9.705 gravity=9.741 motion=0.036 moving_avg=0.012 rms=0.016 mean_rms=0.015 max_rms=0.016 min_rms=0.014 std=0.001 var=0.000 state=standing thr=0.080/0.350/0.850
-20.25,-25.12,359.69,0.9615,0.2070,0.1806,0.0022,-3.28,3.99,8.26,0.06,0.06,0.00,9.74,0,1.70,0.0696,-0.0795,0,0.000,0.000,0.00,0.00,0.000,0
-20.25,-25.12,359.69,0.9615,0.2070,0.1806,0.0022,-3.30,3.97,8.27,0.19,0.25,-0.06,9.75,0,1.70,0.0696,-0.0795,0,0.000,0.000,0.00,0.00,0.000,0
-20.25,-25.12,359.69,0.9615,0.2070,0.1806,0.0022,-3.26,3.97,8.26,0.19,0.06,-0.12,9.73,0,1.70,0.0696,-0.0795,0,0.000,0.000,0.00,0.00,0.000,0
-20.25,-25.12,359.69,0.9615,0.2070,0.1806,0.0022,-3.27,3.97,8.27,0.19,0.00,0.06,9.74,0,1.70,0.0696,-0.0795,0,0.000,0.000,0.00,0.00,0.000,0
phase1 acc_mag=9.727 gravity=9.740 motion=0.013 moving_avg=0.012 rms=0.016 mean_rms=0.015 max_rms=0.016 min_rms=0.014 std=0.000 var=0.000 state=standing thr=0.080/0.350/0.850
-20.25,-25.12,359.69,0.9615,0.2070,0.1806,0.0022,-3.28,3.98,8.25,0.12,0.06,0.06,9.73,0,1.70,0.0696,-0.0795,0,0.000,0.000,0.00,0.00,0.000,0
-20.25,-25.12,359.69,0.9615,0.2070,0.1806,0.0022,-3.27,3.97,8.28,0.00,0.00,-0.12,9.75,0,1.70,0.0696,-0.0795,0,0.000,0.000,0.00,0.00,0.000,0
-20.25,-25.12,359.69,0.9615,0.2070,0.1806,0.0022,-3.29,3.97,8.28,0.12,0.00,-0.12,9.75,0,1.70,0.0696,-0.0795,0,0.000,0.000,0.00,0.00,0.000,0
phase1 acc_mag=9.742 gravity=9.740 motion=0.003 moving_avg=0.012 rms=0.015 mean_rms=0.015 max_rms=0.016 min_rms=0.014 std=0.000 var=0.000 state=standing thr=0.080/0.350/0.850
-20.25,-25.12,359.69,0.9615,0.2070,0.1806,0.0022,-3.28,3.97,8.27,-0.06,0.19,-0.12,9.74,0,1.70,0.0696,-0.0795,0,0.000,0.000,0.00,0.00,0.000,0
-20.25,-25.12,359.69,0.9615,0.2070,0.1806,0.0022,-3.28,3.97,8.29,0.12,0.00,0.06,9.76,0,1.70,0.0696,-0.0795,0,0.000,0.000,0.00,0.00,0.000,0
-20.25,-25.12,359.69,0.9615,0.2070,0.1806,0.0022,-3.26,3.96,8.27,0.19,0.12,-0.06,9.73,0,1.70,0.0696,-0.0795,0,0.000,0.000,0.00,0.00,0.000,0
-20.25,-25.12,359.69,0.9615,0.2070,0.1806,0.0022,-3.30,3.93,8.26,-0.56,0.38,-0.38,9.72,0,1.70,0.0696,-0.0795,0,0.000,0.000,0.00,0.00,0.000,0
phase1 acc_mag=9.767 gravity=9.739 motion=0.027 moving_avg=0.014 rms=0.019 mean_rms=0.015 max_rms=0.019 min_rms=0.014 std=0.001 var=0.000 state=standing thr=0.080/0.350/0.850
-20.25,-25.12,359.69,0.9615,0.2071,0.1805,0.0022,-3.27,4.00,8.26,0.62,-0.81,0.31,9.74,0,1.70,0.0696,-0.0795,0,0.000,0.000,0.00,0.00,0.000,0
-20.19,-25.12,359.69,0.9615,0.2071,0.1804,0.0021,-3.28,3.97,8.29,-0.44,1.00,-0.69,9.76,0,1.70,0.0696,-0.0795,0,0.000,0.000,0.00,0.00,0.000,0
-20.25,-25.12,359.69,0.9615,0.2072,0.1804,0.0022,-3.28,3.97,8.24,1.19,-1.12,0.69,9.72,0,1.70,0.0696,-0.0795,0,0.000,0.000,0.00,0.00,0.000,0
-20.19,-25.12,359.69,0.9615,0.2071,0.1803,0.0023,-3.27,3.95,8.27,-1.06,1.06,-0.69,9.73,0,1.70,0.0695,-0.0795,0,0.000,0.000,0.00,0.00,0.000,0
phase1 acc_mag=9.746 gravity=9.740 motion=0.006 moving_avg=0.015 rms=0.019 mean_rms=0.016 max_rms=0.020 min_rms=0.014 std=0.002 var=0.000 state=standing thr=0.080/0.350/0.850
-20.25,-25.12,359.69,0.9615,0.2071,0.1805,0.0023,-3.29,3.97,8.27,0.88,-0.81,0.62,9.75,0,1.70,0.0696,-0.0795,0,0.000,0.000,0.00,0.00,0.000,0
-20.19,-25.19,359.69,0.9615,0.2073,0.1802,0.0023,-3.24,3.98,8.25,-0.81,0.94,-0.50,9.72,0,1.70,0.0695,-0.0796,0,0.000,0.000,0.00,0.00,0.000,0
-20.19,-25.19,359.69,0.9615,0.2073,0.1803,0.0023,-3.26,3.95,8.29,0.62,-0.56,0.25,9.74,0,1.70,0.0695,-0.0796,0,0.000,0.000,0.00,0.00,0.000,0
-20.19,-25.19,359.69,0.9615,0.2073,0.1802,0.0023,-3.29,4.00,8.26,0.06,0.19,-0.12,9.75,0,1.70,0.0695,-0.0796,0,0.000,0.000,0.00,0.00,0.000,0
phase1 acc_mag=9.740 gravity=9.741 motion=0.001 moving_avg=0.015 rms=0.019 mean_rms=0.017 max_rms=0.020 min_rms=0.015 std=0.002 var=0.000 state=standing thr=0.080/0.350/0.850
-20.19,-25.19,359.69,0.9615,0.2073,0.1802,0.0023,-3.30,3.96,8.27,0.06,0.06,-0.06,9.74,0,1.70,0.0695,-0.0796,0,0.000,0.000,0.00,0.00,0.000,0
-20.19,-25.19,359.69,0.9615,0.2073,0.1802,0.0023,-3.26,4.00,8.25,0.19,-0.06,-0.06,9.73,0,1.70,0.0695,-0.0796,0,0.000,0.000,0.00,0.00,0.000,0
-20.19,-25.19,359.69,0.9615,0.2073,0.1802,0.0023,-3.30,3.93,8.32,0.19,-0.19,0.06,9.78,0,1.70,0.0695,-0.0796,0,0.000,0.000,0.00,0.00,0.000,0
phase1 acc_mag=9.728 gravity=9.742 motion=0.014 moving_avg=0.015 rms=0.019 mean_rms=0.018 max_rms=0.020 min_rms=0.015 std=0.002 var=0.000 state=standing thr=0.080/0.350/0.850
-20.19,-25.19,359.69,0.9615,0.2073,0.1802,0.0023,-3.25,3.96,8.27,0.12,-0.06,-0.06,9.73,0,1.70,0.0695,-0.0796,0,0.000,0.000,0.00,0.00,0.000,0
-20.19,-25.19,359.69,0.9615,0.2073,0.1802,0.0023,-3.29,3.96,8.30,0.19,-0.12,-0.06,9.77,0,1.70,0.0695,-0.0796,0,0.000,0.000,0.00,0.00,0.000,0
-20.19,-25.19,359.69,0.9615,0.2073,0.1802,0.0023,-3.26,3.99,8.28,0.12,-0.06,0.06,9.75,0,1.70,0.0695,-0.0796,0,0.000,0.000,0.00,0.00,0.000,0
-20.19,-25.19,359.69,0.9615,0.2073,0.1802,0.0023,-3.28,3.96,8.30,0.06,0.19,-0.12,9.76,0,1.70,0.0695,-0.0796,0,0.000,0.000,0.00,0.00,0.000,0
phase1 acc_mag=9.742 gravity=9.742 motion=0.000 moving_avg=0.014 rms=0.018 mean_rms=0.019 max_rms=0.020 min_rms=0.016 std=0.001 var=0.000 state=standing thr=0.080/0.350/0.850
-20.19,-25.19,359.69,0.9615,0.2073,0.1802,0.0023,-3.27,3.97,8.25,0.06,-0.19,0.12,9.72,0,1.70,0.0695,-0.0796,0,0.000,0.000,0.00,0.00,0.000,0
-20.19,-25.19,359.69,0.9615,0.2073,0.1802,0.0023,-3.31,3.95,8.29,-0.12,0.19,-0.12,9.76,0,1.70,0.0695,-0.0796,0,0.000,0.000,0.00,0.00,0.000,0
-20.19,-25.19,359.69,0.9615,0.2073,0.1802,0.0023,-3.27,3.96,8.29,0.06,0.00,0.00,9.75,0,1.70,0.0695,-0.0796,0,0.000,0.000,0.00,0.00,0.000,0
-20.19,-25.19,359.69,0.9615,0.2073,0.1802,0.0023,-3.27,3.95,8.28,-0.06,-0.06,0.00,9.74,0,1.70,0.0695,-0.0796,0,0.000,0.000,0.00,0.00,0.000,0
phase1 acc_mag=9.719 gravity=9.741 motion=0.022 moving_avg=0.013 rms=0.016 mean_rms=0.019 max_rms=0.020 min_rms=0.016 std=0.001 var=0.000 state=standing thr=0.080/0.350/0.850
-20.19,-25.19,359.69,0.9615,0.2073,0.1802,0.0023,-3.26,3.97,8.29,0.12,-0.12,0.06,9.75,0,1.70,0.0695,-0.0796,0,0.000,0.000,0.00,0.00,0.000,0
-20.19,-25.19,359.69,0.9615,0.2073,0.1802,0.0023,-3.27,3.96,8.29,-0.12,0.25,-0.12,9.75,0,1.70,0.0695,-0.0796,0,0.000,0.000,0.00,0.00,0.000,0
-20.19,-25.19,359.69,0.9615,0.2073,0.1802,0.0023,-3.26,3.98,8.28,0.12,-0.12,0.12,9.75,0,1.70,0.0695,-0.0796,0,0.000,0.000,0.00,0.00,0.000,0
-20.19,-25.19,359.69,0.9615,0.2073,0.1802,0.0023,-3.27,3.99,8.25,-0.12,0.06,-0.06,9.73,0,1.70,0.0695,-0.0796,0,0.000,0.000,0.00,0.00,0.000,0
phase1 acc_mag=9.764 gravity=9.740 motion=0.024 moving_avg=0.013 rms=0.016 mean_rms=0.018 max_rms=0.020 min_rms=0.015 std=0.002 var=0.000 state=standing thr=0.080/0.350/0.850
-20.19,-25.19,359.69,0.9615,0.2073,0.1802,0.0023,-3.27,3.97,8.26,0.25,-0.25,-0.06,9.73,0,1.70,0.0695,-0.0796,0,0.000,0.000,0.00,0.00,0.000,0
-20.19,-25.19,359.69,0.9615,0.2073,0.1802,0.0023,-3.27,3.96,8.26,-0.06,-0.38,0.06,9.73,0,1.70,0.0695,-0.0796,0,0.000,0.000,0.00,0.00,0.000,0
-20.19,-25.19,359.69,0.9615,0.2073,0.1802,0.0023,-3.27,3.98,8.27,0.06,-0.12,-0.19,9.74,0,1.70,0.0695,-0.0796,0,0.000,0.000,0.00,0.00,0.000,0
phase1 acc_mag=9.748 gravity=9.740 motion=0.008 moving_avg=0.012 rms=0.016 mean_rms=0.017 max_rms=0.020 min_rms=0.015 std=0.002 var=0.000 state=standing thr=0.080/0.350/0.850
-20.19,-25.19,359.69,0.9615,0.2073,0.1802,0.0023,-3.26,3.98,8.28,0.06,-0.19,0.00,9.75,0,1.70,0.0695,-0.0796,0,0.000,0.000,0.00,0.00,0.000,0
-20.19,-25.19,359.69,0.9615,0.2073,0.1802,0.0023,-3.27,3.96,8.28,0.12,-0.19,0.19,9.74,0,1.70,0.0695,-0.0796,0,0.000,0.000,0.00,0.00,0.000,0
-20.19,-25.19,359.69,0.9615,0.2073,0.1802,0.0023,-3.26,3.96,8.26,-0.19,0.00,-0.12,9.72,0,1.70,0.0695,-0.0796,0,0.000,0.000,0.00,0.00,0.000,0
-20.19,-25.19,359.69,0.9615,0.2073,0.1802,0.0023,-3.26,3.99,8.28,-0.06,0.06,0.12,9.75,0,1.70,0.0695,-0.0796,0,0.000,0.000,0.00,0.00,0.000,0
phase1 acc_mag=9.726 gravity=9.740 motion=0.014 moving_avg=0.013 rms=0.016 mean_rms=0.016 max_rms=0.019 min_rms=0.015 std=0.001 var=0.000 state=standing thr=0.080/0.350/0.850
-20.19,-25.19,359.69,0.9615,0.2073,0.1802,0.0023,-3.28,3.95,8.27,-0.06,-0.12,-0.06,9.73,0,1.70,0.0695,-0.0796,0,0.000,0.000,0.00,0.00,0.000,0
-20.19,-25.19,359.69,0.9615,0.2073,0.1802,0.0023,-3.27,3.96,8.25,0.06,-0.19,-0.06,9.72,0,1.70,0.0695,-0.0796,0,0.000,0.000,0.00,0.00,0.000,0
-20.19,-25.19,359.69,0.9615,0.2073,0.1802,0.0023,-3.25,3.97,8.29,0.12,-0.06,0.06,9.75,0,1.70,0.0695,-0.0796,0,0.000,0.000,0.00,0.00,0.000,0
-20.19,-25.19,359.69,0.9615,0.2073,0.1802,0.0023,-3.27,3.98,8.28,0.00,0.00,0.00,9.75,0,1.70,0.0695,-0.0796,0,0.000,0.000,0.00,0.00,0.000,0
phase1 acc_mag=9.747 gravity=9.741 motion=0.006 moving_avg=0.013 rms=0.016 mean_rms=0.016 max_rms=0.019 min_rms=0.015 std=0.001 var=0.000 state=standing thr=0.080/0.350/0.850
-20.19,-25.19,359.69,0.9615,0.2073,0.1802,0.0023,-3.26,3.96,8.25,0.06,-0.12,-0.06,9.71,0,1.70,0.0695,-0.0796,0,0.000,0.000,0.00,0.00,0.000,0
-20.19,-25.19,359.69,0.9615,0.2073,0.1802,0.0023,-3.26,3.96,8.28,0.12,-0.19,0.00,9.74,0,1.70,0.0695,-0.0796,0,0.000,0.000,0.00,0.00,0.000,0
-20.19,-25.19,359.69,0.9615,0.2073,0.1802,0.0023,-3.27,3.99,8.26,0.00,0.00,0.00,9.74,0,1.70,0.0695,-0.0796,0,0.000,0.000,0.00,0.00,0.000,0
-20.19,-25.19,359.69,0.9615,0.2073,0.1802,0.0023,-3.29,3.95,8.29,0.00,0.00,0.00,9.75,0,1.70,0.0695,-0.0796,0,0.000,0.000,0.00,0.00,0.000,0
phase1 acc_mag=9.723 gravity=9.741 motion=0.018 moving_avg=0.013 rms=0.016 mean_rms=0.016 max_rms=0.016 min_rms=0.015 std=0.000 var=0.000 state=standing thr=0.080/0.350/0.850
-20.19,-25.19,359.69,0.9615,0.2073,0.1802,0.0023,-3.26,3.96,8.25,-0.19,-0.12,0.06,9.71,0,1.70,0.0695,-0.0796,0,0.000,0.000,0.00,0.00,0.000,0
-20.19,-25.19,359.69,0.9615,0.2073,0.1802,0.0023,-3.28,3.95,8.30,-0.12,-0.19,0.06,9.76,0,1.70,0.0695,-0.0796,0,0.000,0.000,0.00,0.00,0.000,0
-20.19,-25.19,359.69,0.9615,0.2073,0.1802,0.0023,-3.27,3.98,8.29,-0.12,-0.12,0.19,9.76,0,1.70,0.0695,-0.0796,0,0.000,0.000,0.00,0.00,0.000,0
-20.19,-25.19,359.69,0.9615,0.2073,0.1802,0.0023,-3.26,3.98,8.25,-0.19,-0.06,-0.12,9.72,0,1.70,0.0695,-0.0796,0,0.000,0.000,0.00,0.00,0.000,0
phase1 acc_mag=9.729 gravity=9.741 motion=0.012 moving_avg=0.013 rms=0.015 mean_rms=0.015 max_rms=0.016 min_rms=0.015 std=0.000 var=0.000 state=standing thr=0.080/0.350/0.850
-20.19,-25.19,359.69,0.9615,0.2073,0.1802,0.0023,-3.29,3.96,8.31,0.00,-0.19,0.12,9.78,0,1.70,0.0695,-0.0796,0,0.000,0.000,0.00,0.00,0.000,0
-20.19,-25.19,359.69,0.9615,0.2073,0.1802,0.0023,-3.27,3.98,8.27,-0.12,0.25,-0.06,9.74,0,1.70,0.0695,-0.0796,0,0.000,0.000,0.00,0.00,0.000,0
-20.19,-25.19,359.69,0.9615,0.2073,0.1802,0.0023,-3.25,3.99,8.26,0.06,-0.31,0.19,9.73,0,1.70,0.0695,-0.0796,0,0.000,0.000,0.00,0.00,0.000,0
-20.19,-25.19,359.69,0.9615,0.2073,0.1802,0.0023,-3.26,3.96,8.27,0.00,0.06,-0.06,9.73,0,1.70,0.0695,-0.0796,0,0.000,0.000,0.00,0.00,0.000,0
phase1 acc_mag=9.736 gravity=9.741 motion=0.005 moving_avg=0.014 rms=0.016 mean_rms=0.016 max_rms=0.017 min_rms=0.015 std=0.000 var=0.000 state=standing thr=0.080/0.350/0.850
-20.19,-25.19,359.69,0.9615,0.2073,0.1802,0.0023,-3.27,3.99,8.27,0.12,-0.31,-0.06,9.75,0,1.70,0.0695,-0.0796,0,0.000,0.000,0.00,0.00,0.000,0
-20.19,-25.19,359.69,0.9615,0.2073,0.1802,0.0023,-3.28,3.97,8.27,-0.06,0.19,0.00,9.74,0,1.70,0.0695,-0.0796,0,0.000,0.000,0.00,0.00,0.000,0
-20.19,-25.19,359.69,0.9615,0.2073,0.1802,0.0023,-3.27,3.97,8.26,0.12,-0.25,0.06,9.73,0,1.70,0.0695,-0.0796,0,0.000,0.000,0.00,0.00,0.000,0
phase1 acc_mag=9.726 gravity=9.741 motion=0.015 moving_avg=0.013 rms=0.016 mean_rms=0.016 max_rms=0.017 min_rms=0.015 std=0.000 var=0.000 state=standing thr=0.080/0.350/0.850
-20.19,-25.19,359.69,0.9615,0.2073,0.1802,0.0023,-3.27,3.96,8.26,0.00,0.25,-0.19,9.73,0,1.70,0.0695,-0.0796,0,0.000,0.000,0.00,0.00,0.000,0
-20.19,-25.19,359.69,0.9615,0.2073,0.1802,0.0023,-3.27,3.98,8.27,0.19,-0.25,0.12,9.74,0,1.70,0.0695,-0.0796,0,0.000,0.000,0.00,0.00,0.000,0
-20.19,-25.19,359.69,0.9615,0.2073,0.1802,0.0023,-3.29,3.97,8.29,0.06,-0.06,-0.19,9.76,0,1.70,0.0695,-0.0796,0,0.000,0.000,0.00,0.00,0.000,0
-20.19,-25.19,359.69,0.9615,0.2073,0.1802,0.0023,-3.27,3.96,8.29,0.06,-0.12,0.06,9.75,0,1.70,0.0695,-0.0796,0,0.000,0.000,0.00,0.00,0.000,0
phase1 acc_mag=9.727 gravity=9.742 motion=0.015 moving_avg=0.013 rms=0.016 mean_rms=0.016 max_rms=0.017 min_rms=0.015 std=0.000 var=0.000 state=standing thr=0.080/0.350/0.850
-20.19,-25.19,359.69,0.9615,0.2073,0.1802,0.0023,-3.27,3.98,8.30,-0.06,0.06,-0.06,9.77,0,1.70,0.0695,-0.0796,0,0.000,0.000,0.00,0.00,0.000,0
-20.19,-25.19,359.69,0.9615,0.2073,0.1802,0.0023,-3.27,3.97,8.25,0.25,0.00,0.00,9.72,0,1.70,0.0695,-0.0796,0,0.000,0.000,0.00,0.00,0.000,0
-20.19,-25.19,359.69,0.9615,0.2073,0.1802,0.0023,-3.27,3.98,8.28,-0.12,0.06,-0.12,9.75,0,1.70,0.0695,-0.0796,0,0.000,0.000,0.00,0.00,0.000,0
-20.19,-25.19,359.69,0.9615,0.2073,0.1802,0.0023,-3.26,3.96,8.26,0.06,-0.19,-0.06,9.72,0,1.70,0.0695,-0.0796,0,0.000,0.000,0.00,0.00,0.000,0
phase1 acc_mag=9.761 gravity=9.743 motion=0.018 moving_avg=0.014 rms=0.017 mean_rms=0.016 max_rms=0.017 min_rms=0.015 std=0.000 var=0.000 state=standing thr=0.080/0.350/0.850
-20.19,-25.19,359.69,0.9615,0.2073,0.1802,0.0023,-3.26,3.98,8.28,-0.06,-0.19,-0.06,9.75,0,1.70,0.0695,-0.0796,0,0.000,0.000,0.00,0.00,0.000,0
-20.19,-25.19,359.69,0.9615,0.2073,0.1802,0.0023,-3.26,3.96,8.27,0.06,0.00,0.06,9.73,0,1.70,0.0695,-0.0796,0,0.000,0.000,0.00,0.00,0.000,0
-20.19,-25.19,359.69,0.9615,0.2073,0.1802,0.0023,-3.26,3.96,8.30,0.00,0.06,0.12,9.76,0,1.70,0.0695,-0.0796,0,0.000,0.000,0.00,0.00,0.000,0
-20.19,-25.19,359.69,0.9615,0.2073,0.1802,0.0023,-3.25,3.96,8.28,0.00,0.12,0.00,9.74,0,1.70,0.0695,-0.0796,0,0.000,0.000,0.00,0.00,0.000,0
phase1 acc_mag=9.723 gravity=9.743 motion=0.020 moving_avg=0.013 rms=0.016 mean_rms=0.016 max_rms=0.017 min_rms=0.015 std=0.000 var=0.000 state=standing thr=0.080/0.350/0.850
-20.19,-25.19,359.69,0.9615,0.2073,0.1802,0.0023,-3.27,4.00,8.29,-0.06,0.00,0.12,9.77,0,1.70,0.0695,-0.0796,0,0.000,0.000,0.00,0.00,0.000,0
-20.19,-25.19,359.69,0.9615,0.2073,0.1802,0.0023,-3.26,3.96,8.26,-0.12,0.06,0.00,9.72,0,1.70,0.0695,-0.0796,0,0.000,0.000,0.00,0.00,0.000,0
-20.19,-25.19,359.69,0.9615,0.2073,0.1802,0.0023,-3.26,3.97,8.29,-0.19,0.06,0.00,9.75,0,1.70,0.0695,-0.0796,0,0.000,0.000,0.00,0.00,0.000,0
-20.19,-25.19,359.69,0.9615,0.2073,0.1802,0.0023,-3.26,3.97,8.26,0.00,-0.06,0.06,9.73,0,1.70,0.0695,-0.0796,0,0.000,0.000,0.00,0.00,0.000,0
phase1 acc_mag=9.736 gravity=9.744 motion=0.009 moving_avg=0.014 rms=0.017 mean_rms=0.016 max_rms=0.017 min_rms=0.015 std=0.000 var=0.000 state=standing thr=0.080/0.350/0.850
-20.19,-25.19,359.69,0.9615,0.2073,0.1802,0.0023,-3.27,3.97,8.27,-0.06,-0.06,0.00,9.74,0,1.70,0.0695,-0.0796,0,0.000,0.000,0.00,0.00,0.000,0
-20.19,-25.19,359.69,0.9615,0.2073,0.1802,0.0023,-3.26,3.99,8.27,-0.06,-0.12,0.06,9.74,0,1.70,0.0695,-0.0796,0,0.000,0.000,0.00,0.00,0.000,0
-20.19,-25.19,359.69,0.9615,0.2073,0.1802,0.0023,-3.28,3.98,8.27,0.12,0.12,-0.12,9.75,0,1.70,0.0695,-0.0796,0,0.000,0.000,0.00,0.00,0.000,0
-20.19,-25.19,359.69,0.9615,0.2073,0.1802,0.0023,-3.27,3.97,8.29,0.06,-0.19,0.12,9.76,0,1.70,0.0695,-0.0796,0,0.000,0.000,0.00,0.00,0.000,0
phase1 acc_mag=9.734 gravity=9.744 motion=0.010 moving_avg=0.013 rms=0.016 mean_rms=0.016 max_rms=0.017 min_rms=0.015 std=0.000 var=0.000 state=standing thr=0.080/0.350/0.850
-20.19,-25.19,359.69,0.9615,0.2073,0.1802,0.0023,-3.27,3.95,8.26,0.00,0.12,-0.12,9.72,0,1.70,0.0695,-0.0796,0,0.000,0.000,0.00,0.00,0.000,0
-20.19,-25.19,359.69,0.9615,0.2073,0.1802,0.0023,-3.26,3.96,8.30,0.06,-0.12,0.00,9.76,0,1.70,0.0695,-0.0796,0,0.000,0.000,0.00,0.00,0.000,0
-20.19,-25.19,359.69,0.9615,0.2073,0.1802,0.0023,-3.23,3.95,8.26,-0.06,-0.06,0.00,9.71,0,1.70,0.0695,-0.0796,0,0.000,0.000,0.00,0.00,0.000,0
-20.19,-25.19,359.69,0.9615,0.2073,0.1802,0.0023,-3.26,3.95,8.25,-0.06,0.00,0.06,9.71,0,1.70,0.0695,-0.0796,0,0.000,0.000,0.00,0.00,0.000,0
phase1 acc_mag=9.753 gravity=9.743 motion=0.009 moving_avg=0.013 rms=0.016 mean_rms=0.016 max_rms=0.017 min_rms=0.015 std=0.000 var=0.000 state=standing thr=0.080/0.350/0.850
-20.19,-25.19,359.69,0.9615,0.2073,0.1802,0.0023,-3.26,4.00,8.27,0.06,0.06,0.06,9.75,0,1.70,0.0695,-0.0796,0,0.000,0.000,0.00,0.00,0.000,0
-20.19,-25.19,359.69,0.9615,0.2073,0.1802,0.0023,-3.26,3.95,8.27,-0.06,0.06,-0.12,9.73,0,1.70,0.0695,-0.0796,0,0.000,0.000,0.00,0.00,0.000,0
-20.19,-25.19,359.69,0.9615,0.2073,0.1802,0.0023,-3.26,3.94,8.26,0.12,-0.06,0.00,9.71,0,1.70,0.0695,-0.0796,0,0.000,0.000,0.00,0.00,0.000,0
-20.19,-25.19,359.69,0.9615,0.2073,0.1802,0.0023,-3.27,3.96,8.29,-0.19,0.12,-0.12,9.75,0,1.70,0.0695,-0.0796,0,0.000,0.000,0.00,0.00,0.000,0
phase1 acc_mag=9.725 gravity=9.742 motion=0.017 moving_avg=0.013 rms=0.016 mean_rms=0.016 max_rms=0.017 min_rms=0.015 std=0.000 var=0.000 state=standing thr=0.080/0.350/0.850
-20.19,-25.19,359.69,0.9615,0.2073,0.1802,0.0023,-3.25,3.96,8.28,0.06,0.19,0.06,9.74,0,1.70,0.0695,-0.0796,0,0.000,0.000,0.00,0.00,0.000,0
-20.19,-25.19,359.69,0.9615,0.2073,0.1802,0.0023,-3.27,3.97,8.28,-0.06,0.12,-0.12,9.75,0,1.70,0.0695,-0.0796,0,0.000,0.000,0.00,0.00,0.000,0
-20.19,-25.19,359.69,0.9615,0.2073,0.1802,0.0023,-3.26,3.97,8.28,0.06,0.06,0.00,9.74,0,1.70,0.0695,-0.0796,0,0.000,0.000,0.00,0.00,0.000,0
-20.19,-25.19,359.69,0.9615,0.2073,0.1802,0.0023,-3.28,3.96,8.26,-0.12,0.00,0.00,9.73,0,1.70,0.0695,-0.0796,0,0.000,0.000,0.00,0.00,0.000,0
phase1 acc_mag=9.735 gravity=9.741 motion=0.006 moving_avg=0.012 rms=0.015 mean_rms=0.016 max_rms=0.017 min_rms=0.015 std=0.000 var=0.000 state=standing thr=0.080/0.350/0.850
-20.19,-25.19,359.69,0.9615,0.2073,0.1802,0.0023,-3.26,3.99,8.25,0.06,0.00,0.06,9.73,0,1.70,0.0695,-0.0796,0,0.000,0.000,0.00,0.00,0.000,0
-20.19,-25.19,359.69,0.9615,0.2073,0.1802,0.0023,-3.28,3.97,8.28,0.00,0.19,-0.06,9.75,0,1.70,0.0695,-0.0796,0,0.000,0.000,0.00,0.00,0.000,0
-20.19,-25.19,359.69,0.9615,0.2073,0.1802,0.0023,-3.26,3.98,8.29,0.06,0.06,0.06,9.76,0,1.70,0.0695,-0.0796,0,0.000,0.000,0.00,0.00,0.000,0
-20.19,-25.19,359.69,0.9615,0.2073,0.1802,0.0023,-3.30,3.97,8.28,-0.06,0.12,0.00,9.76,0,1.70,0.0695,-0.0796,0,0.000,0.000,0.00,0.00,0.000,0
phase1 acc_mag=9.751 gravity=9.742 motion=0.009 moving_avg=0.012 rms=0.016 mean_rms=0.016 max_rms=0.017 min_rms=0.015 std=0.000 var=0.000 state=standing thr=0.080/0.350/0.850
-20.19,-25.19,359.69,0.9615,0.2073,0.1802,0.0023,-3.27,3.97,8.28,0.19,0.06,0.06,9.75,0,1.70,0.0695,-0.0796,0,0.000,0.000,0.00,0.00,0.000,0
-20.19,-25.19,359.69,0.9615,0.2073,0.1802,0.0023,-3.26,3.96,8.29,-0.12,0.06,-0.12,9.75,0,1.70,0.0695,-0.0796,0,0.000,0.000,0.00,0.00,0.000,0
-20.19,-25.19,359.69,0.9615,0.2073,0.1802,0.0023,-3.26,3.98,8.27,0.25,-0.06,0.00,9.74,0,1.70,0.0695,-0.0796,0,0.000,0.000,0.00,0.00,0.000,0
-20.19,-25.19,359.69,0.9615,0.2073,0.1802,0.0023,-3.25,3.94,8.29,-0.19,0.06,-0.06,9.74,0,1.70,0.0695,-0.0796,0,0.000,0.000,0.00,0.00,0.000,0
phase1 acc_mag=9.727 gravity=9.742 motion=0.015 moving_avg=0.012 rms=0.016 mean_rms=0.016 max_rms=0.017 min_rms=0.015 std=0.000 var=0.000 state=standing thr=0.080/0.350/0.850
-20.19,-25.19,359.69,0.9615,0.2073,0.1802,0.0023,-3.26,3.96,8.25,-0.12,-0.06,0.19,9.71,0,1.70,0.0695,-0.0796,0,0.000,0.000,0.00,0.00,0.000,0
-20.19,-25.19,359.69,0.9615,0.2073,0.1802,0.0023,-3.27,3.95,8.29,-0.12,0.12,-0.12,9.75,0,1.70,0.0695,-0.0796,0,0.000,0.000,0.00,0.00,0.000,0
-20.19,-25.19,359.69,0.9615,0.2073,0.1802,0.0023,-3.26,3.98,8.27,0.00,-0.06,0.00,9.74,0,1.70,0.0695,-0.0796,0,0.000,0.000,0.00,0.00,0.000,0
-20.19,-25.19,359.69,0.9615,0.2073,0.1802,0.0023,-3.26,3.99,8.30,0.06,0.06,-0.12,9.77,0,1.70,0.0695,-0.0796,0,0.000,0.000,0.00,0.00,0.000,0
phase1 acc_mag=9.747 gravity=9.743 motion=0.005 moving_avg=0.012 rms=0.015 mean_rms=0.016 max_rms=0.016 min_rms=0.015 std=0.000 var=0.000 state=standing thr=0.080/0.350/0.850
-20.19,-25.19,359.69,0.9615,0.2073,0.1802,0.0023,-3.29,3.97,8.27,0.12,0.06,-0.06,9.75,0,1.70,0.0695,-0.0796,0,0.000,0.000,0.00,0.00,0.000,0
-20.19,-25.19,359.69,0.9615,0.2073,0.1802,0.0023,-3.26,4.00,8.27,0.06,-0.12,-0.06,9.75,0,1.70,0.0695,-0.0796,0,0.000,0.000,0.00,0.00,0.000,0
-20.19,-25.19,359.69,0.9615,0.2073,0.1802,0.0023,-3.27,3.98,8.31,0.06,0.00,-0.06,9.78,0,1.70,0.0695,-0.0796,0,0.000,0.000,0.00,0.00,0.000,0
phase1 acc_mag=9.718 gravity=9.745 motion=0.027 moving_avg=0.012 rms=0.015 mean_rms=0.015 max_rms=0.016 min_rms=0.014 std=0.000 var=0.000 state=standing thr=0.080/0.350/0.850
-20.19,-25.19,359.69,0.9615,0.2073,0.1802,0.0023,-3.27,3.98,8.24,0.19,0.19,-0.06,9.72,0,1.70,0.0695,-0.0796,0,0.000,0.000,0.00,0.00,0.000,0
-20.19,-25.19,359.69,0.9615,0.2073,0.1802,0.0023,-3.27,3.96,8.32,0.12,0.00,0.06,9.78,0,1.70,0.0695,-0.0796,0,0.000,0.000,0.00,0.00,0.000,0
-20.19,-25.19,359.69,0.9615,0.2073,0.1802,0.0023,-3.26,3.98,8.25,0.06,0.12,0.00,9.72,0,1.70,0.0695,-0.0796,0,0.000,0.000,0.00,0.00,0.000,0
-20.19,-25.19,359.69,0.9615,0.2073,0.1802,0.0023,-3.28,3.95,8.28,0.06,0.06,-0.06,9.74,0,1.70,0.0695,-0.0796,0,0.000,0.000,0.00,0.00,0.000,0
phase1 acc_mag=9.768 gravity=9.744 motion=0.024 moving_avg=0.013 rms=0.016 mean_rms=0.015 max_rms=0.016 min_rms=0.014 std=0.000 var=0.000 state=standing thr=0.080/0.350/0.850
-20.19,-25.19,359.69,0.9615,0.2073,0.1802,0.0023,-3.27,3.98,8.26,0.12,-0.25,0.06,9.73,0,1.70,0.0695,-0.0796,0,0.000,0.000,0.00,0.00,0.000,0
-20.19,-25.19,359.69,0.9615,0.2073,0.1802,0.0023,-3.27,3.95,8.27,-0.06,0.12,-0.12,9.73,0,1.70,0.0695,-0.0796,0,0.000,0.000,0.00,0.00,0.000,0
-20.19,-25.19,359.69,0.9615,0.2073,0.1802,0.0023,-3.26,3.99,8.27,-0.06,-0.25,0.19,9.74,0,1.70,0.0695,-0.0796,0,0.000,0.000,0.00,0.00,0.000,0
-20.19,-25.19,359.69,0.9615,0.2073,0.1802,0.0023,-3.28,3.95,8.32,-0.12,0.12,0.00,9.78,0,1.70,0.0695,-0.0796,0,0.000,0.000,0.00,0.00,0.000,0
phase1 acc_mag=9.747 gravity=9.743 motion=0.004 moving_avg=0.012 rms=0.015 mean_rms=0.015 max_rms=0.016 min_rms=0.014 std=0.000 var=0.000 state=standing thr=0.080/0.350/0.850
-20.19,-25.19,359.69,0.9615,0.2073,0.1802,0.0023,-3.26,3.97,8.31,0.06,-0.19,0.06,9.77,0,1.70,0.0695,-0.0796,0,0.000,0.000,0.00,0.00,0.000,0
-20.19,-25.19,359.69,0.9615,0.2073,0.1802,0.0023,-3.25,3.98,8.28,-0.12,-0.12,0.06,9.74,0,1.70,0.0695,-0.0796,0,0.000,0.000,0.00,0.00,0.000,0
-20.19,-25.19,359.69,0.9615,0.2073,0.1802,0.0023,-3.26,3.98,8.29,0.06,-0.06,0.06,9.76,0,1.70,0.0695,-0.0796,0,0.000,0.000,0.00,0.00,0.000,0
-20.19,-25.19,359.69,0.9615,0.2073,0.1802,0.0023,-3.26,3.96,8.28,0.00,0.00,-0.12,9.74,0,1.70,0.0695,-0.0796,0,0.000,0.000,0.00,0.00,0.000,0
phase1 acc_mag=9.756 gravity=9.743 motion=0.012 moving_avg=0.012 rms=0.015 mean_rms=0.015 max_rms=0.016 min_rms=0.014 std=0.000 var=0.000 state=standing thr=0.080/0.350/0.850
-20.19,-25.19,359.69,0.9615,0.2073,0.1802,0.0023,-3.26,3.97,8.30,0.19,-0.19,0.00,9.76,0,1.70,0.0695,-0.0796,0,0.000,0.000,0.00,0.00,0.000,0
-20.19,-25.19,359.69,0.9615,0.2073,0.1802,0.0023,-3.26,3.96,8.29,-0.12,0.19,-0.19,9.75,0,1.70,0.0695,-0.0796,0,0.000,0.000,0.00,0.00,0.000,0
-20.19,-25.19,359.69,0.9615,0.2073,0.1802,0.0023,-3.26,3.98,8.26,0.25,-0.19,0.12,9.73,0,1.70,0.0695,-0.0796,0,0.000,0.000,0.00,0.00,0.000,0
-20.19,-25.19,359.69,0.9615,0.2073,0.1802,0.0023,-3.26,3.97,8.26,-0.12,0.44,-0.12,9.73,0,1.70,0.0695,-0.0796,0,0.000,0.000,0.00,0.00,0.000,0
phase1 acc_mag=9.729 gravity=9.743 motion=0.013 moving_avg=0.012 rms=0.015 mean_rms=0.015 max_rms=0.016 min_rms=0.014 std=0.000 var=0.000 state=standing thr=0.080/0.350/0.850
-20.19,-25.19,359.69,0.9615,0.2073,0.1802,0.0023,-3.27,3.96,8.29,0.25,0.06,0.06,9.75,0,1.70,0.0695,-0.0796,0,0.000,0.000,0.00,0.00,0.000,0
-20.19,-25.19,359.69,0.9615,0.2073,0.1802,0.0023,-3.29,3.95,8.29,-0.19,0.19,-0.06,9.75,0,1.70,0.0695,-0.0796,0,0.000,0.000,0.00,0.00,0.000,0
-20.19,-25.19,359.69,0.9615,0.2073,0.1802,0.0023,-3.28,3.97,8.28,0.19,-0.19,0.19,9.75,0,1.70,0.0695,-0.0796,0,0.000,0.000,0.00,0.00,0.000,0
-20.19,-25.19,359.69,0.9615,0.2073,0.1802,0.0023,-3.26,3.97,8.28,-0.12,0.00,-0.06,9.74,0,1.70,0.0695,-0.0796,0,0.000,0.000,0.00,0.00,0.000,0
phase1 acc_mag=9.760 gravity=9.742 motion=0.018 moving_avg=0.011 rms=0.014 mean_rms=0.015 max_rms=0.016 min_rms=0.014 std=0.001 var=0.000 state=standing thr=0.080/0.350/0.850
-20.19,-25.19,359.69,0.9615,0.2073,0.1802,0.0023,-3.26,3.96,8.28,0.31,-0.19,0.12,9.74,0,1.70,0.0695,-0.0796,0,0.000,0.000,0.00,0.00,0.000,0
-20.19,-25.19,359.69,0.9615,0.2073,0.1802,0.0023,-3.26,3.96,8.26,0.00,0.19,0.00,9.72,0,1.70,0.0695,-0.0796,0,0.000,0.000,0.00,0.00,0.000,0
-20.19,-25.19,359.69,0.9615,0.2073,0.1802,0.0023,-3.26,3.97,8.29,0.19,-0.12,-0.06,9.75,0,1.70,0.0695,-0.0796,0,0.000,0.000,0.00,0.00,0.000,0
-20.19,-25.19,359.69,0.9615,0.2073,0.1802,0.0023,-3.26,3.97,8.30,0.00,-0.12,-0.06,9.76,0,1.70,0.0695,-0.0796,0,0.000,0.000,0.00,0.00,0.000,0
phase1 acc_mag=9.710 gravity=9.741 motion=0.031 moving_avg=0.012 rms=0.014 mean_rms=0.015 max_rms=0.016 min_rms=0.013 std=0.001 var=0.000 state=standing thr=0.080/0.350/0.850
-20.19,-25.19,359.69,0.9615,0.2073,0.1802,0.0023,-3.28,3.96,8.25,-0.06,0.06,-0.06,9.72,0,1.70,0.0695,-0.0796,0,0.000,0.000,0.00,0.00,0.000,0
-20.19,-25.19,359.69,0.9615,0.2073,0.1802,0.0023,-3.25,3.99,8.25,-0.06,0.00,0.19,9.72,0,1.70,0.0695,-0.0796,0,0.000,0.000,0.00,0.00,0.000,0
-20.19,-25.19,359.69,0.9615,0.2073,0.1802,0.0023,-3.26,3.98,8.25,-0.06,0.00,-0.19,9.72,0,1.70,0.0695,-0.0796,0,0.000,0.000,0.00,0.00,0.000,0
-20.19,-25.19,359.69,0.9615,0.2073,0.1802,0.0023,-3.27,3.98,8.29,-0.06,-0.19,0.12,9.76,0,1.70,0.0695,-0.0796,0,0.000,0.000,0.00,0.00,0.000,0
phase1 acc_mag=9.719 gravity=9.740 motion=0.021 moving_avg=0.012 rms=0.014 mean_rms=0.014 max_rms=0.016 min_rms=0.013 std=0.001 var=0.000 state=standing thr=0.080/0.350/0.850
-20.19,-25.19,359.69,0.9615,0.2073,0.1802,0.0023,-3.26,3.97,8.26,-0.06,0.00,-0.06,9.73,0,1.70,0.0695,-0.0796,0,0.000,0.000,0.00,0.00,0.000,0
-20.19,-25.19,359.69,0.9615,0.2073,0.1802,0.0023,-3.26,3.95,8.25,0.06,0.00,0.06,9.71,0,1.70,0.0695,-0.0796,0,0.000,0.000,0.00,0.00,0.000,0
-20.19,-25.19,359.69,0.9615,0.2073,0.1802,0.0023,-3.25,3.97,8.31,-0.06,-0.06,0.00,9.77,0,1.70,0.0695,-0.0796,0,0.000,0.000,0.00,0.00,0.000,0
-20.19,-25.19,359.69,0.9615,0.2073,0.1802,0.0023,-3.28,3.96,8.27,-0.19,0.00,0.06,9.74,0,1.70,0.0695,-0.0796,0,0.000,0.000,0.00,0.00,0.000,0
phase1 acc_mag=9.768 gravity=9.740 motion=0.028 moving_avg=0.012 rms=0.015 mean_rms=0.014 max_rms=0.015 min_rms=0.013 std=0.000 var=0.000 state=standing thr=0.080/0.350/0.850
-20.19,-25.19,359.69,0.9615,0.2073,0.1802,0.0023,-3.24,3.96,8.27,0.00,0.06,0.00,9.72,0,1.70,0.0695,-0.0796,0,0.000,0.000,0.00,0.00,0.000,0
-20.19,-25.19,359.69,0.9615,0.2073,0.1802,0.0023,-3.26,3.94,8.28,0.12,-0.19,0.06,9.73,0,1.70,0.0695,-0.0796,0,0.000,0.000,0.00,0.00,0.000,0
-20.19,-25.19,359.69,0.9615,0.2073,0.1802,0.0023,-3.27,3.97,8.27,-0.06,0.12,-0.12,9.74,0,1.70,0.0695,-0.0796,0,0.000,0.000,0.00,0.00,0.000,0
-20.19,-25.19,359.69,0.9615,0.2073,0.1802,0.0023,-3.25,3.99,8.28,0.25,-0.12,0.00,9.75,0,1.70,0.0695,-0.0796,0,0.000,0.000,0.00,0.00,0.000,0
phase1 acc_mag=9.760 gravity=9.738 motion=0.022 moving_avg=0.012 rms=0.015 mean_rms=0.014 max_rms=0.015 min_rms=0.013 std=0.000 var=0.000 state=standing thr=0.080/0.350/0.850
-20.19,-25.19,359.69,0.9615,0.2073,0.1802,0.0023,-3.27,3.97,8.25,-0.12,-0.06,-0.06,9.72,0,1.70,0.0695,-0.0796,0,0.000,0.000,0.00,0.00,0.000,0
-20.19,-25.19,359.69,0.9615,0.2073,0.1802,0.0023,-3.25,3.98,8.25,0.00,-0.19,-0.06,9.72,0,1.70,0.0695,-0.0796,0,0.000,0.000,0.00,0.00,0.000,0
-20.19,-25.19,359.69,0.9615,0.2073,0.1802,0.0023,-3.29,3.97,8.29,-0.06,-0.12,0.19,9.76,0,1.70,0.0695,-0.0796,0,0.000,0.000,0.00,0.00,0.000,0
-20.19,-25.19,359.69,0.9615,0.2073,0.1802,0.0023,-3.27,3.97,8.26,0.06,0.00,-0.19,9.73,0,1.70,0.0695,-0.0796,0,0.000,0.000,0.00,0.00,0.000,0
phase1 acc_mag=9.744 gravity=9.739 motion=0.006 moving_avg=0.012 rms=0.015 mean_rms=0.014 max_rms=0.015 min_rms=0.013 std=0.000 var=0.000 state=standing thr=0.080/0.350/0.850
-20.19,-25.19,359.69,0.9615,0.2073,0.1802,0.0023,-3.26,3.97,8.29,0.06,-0.06,0.00,9.75,0,1.70,0.0695,-0.0796,0,0.000,0.000,0.00,0.00,0.000,0
-20.19,-25.19,359.69,0.9615,0.2073,0.1802,0.0023,-3.26,3.98,8.28,0.06,-0.31,0.12,9.75,0,1.70,0.0695,-0.0796,0,0.000,0.000,0.00,0.00,0.000,0
-20.19,-25.19,359.69,0.9615,0.2073,0.1802,0.0023,-3.28,3.97,8.26,-0.06,0.19,-0.12,9.73,0,1.70,0.0695,-0.0796,0,0.000,0.000,0.00,0.00,0.000,0
-20.19,-25.19,359.69,0.9615,0.2073,0.1802,0.0023,-3.25,4.01,8.25,0.25,-0.25,0.12,9.73,0,1.70,0.0695,-0.0796,0,0.000,0.000,0.00,0.00,0.000,0
phase1 acc_mag=9.737 gravity=9.739 motion=0.001 moving_avg=0.011 rms=0.014 mean_rms=0.014 max_rms=0.015 min_rms=0.014 std=0.000 var=0.000 state=standing thr=0.080/0.350/0.850
-20.19,-25.19,359.69,0.9615,0.2073,0.1802,0.0023,-3.27,3.97,8.29,-0.25,0.25,-0.25,9.76,0,1.70,0.0695,-0.0796,0,0.000,0.000,0.00,0.00,0.000,0
-20.19,-25.19,359.69,0.9615,0.2073,0.1802,0.0023,-3.26,3.98,8.28,0.19,-0.12,0.19,9.75,0,1.70,0.0695,-0.0796,0,0.000,0.000,0.00,0.00,0.000,0
-20.19,-25.19,359.69,0.9615,0.2073,0.1802,0.0023,-3.26,3.98,8.27,0.00,-0.25,0.19,9.74,0,1.70,0.0695,-0.0796,0,0.000,0.000,0.00,0.00,0.000,0
-20.19,-25.19,359.69,0.9615,0.2073,0.1802,0.0023,-3.28,3.95,8.28,0.00,0.12,-0.06,9.74,0,1.70,0.0695,-0.0796,0,0.000,0.000,0.00,0.00,0.000,0
phase1 acc_mag=9.749 gravity=9.740 motion=0.008 moving_avg=0.012 rms=0.015 mean_rms=0.015 max_rms=0.016 min_rms=0.014 std=0.000 var=0.000 state=standing thr=0.080/0.350/0.850
-20.19,-25.19,359.69,0.9615,0.2073,0.1802,0.0023,-3.24,3.98,8.26,0.00,-0.06,0.19,9.72,0,1.70,0.0695,-0.0796,0,0.000,0.000,0.00,0.00,0.000,0
-20.19,-25.19,359.69,0.9615,0.2073,0.1802,0.0023,-3.27,3.98,8.26,-0.12,0.06,-0.06,9.73,0,1.70,0.0695,-0.0796,0,0.000,0.000,0.00,0.00,0.000,0
-20.19,-25.19,359.69,0.9615,0.2073,0.1802,0.0023,-3.26,3.99,8.29,0.25,-0.06,0.00,9.76,0,1.70,0.0695,-0.0796,0,0.000,0.000,0.00,0.00,0.000,0
-20.19,-25.19,359.69,0.9615,0.2073,0.1802,0.0023,-3.27,3.95,8.26,-0.19,0.25,-0.12,9.72,0,1.70,0.0695,-0.0796,0,0.000,0.000,0.00,0.00,0.000,0
phase1 acc_mag=9.727 gravity=9.741 motion=0.014 moving_avg=0.011 rms=0.014 mean_rms=0.015 max_rms=0.016 min_rms=0.014 std=0.000 var=0.000 state=standing thr=0.080/0.350/0.850
-20.19,-25.19,359.69,0.9615,0.2073,0.1802,0.0023,-3.26,3.96,8.27,0.25,-0.19,-0.06,9.73,0,1.70,0.0695,-0.0796,0,0.000,0.000,0.00,0.00,0.000,0
-20.19,-25.19,359.69,0.9615,0.2073,0.1802,0.0023,-3.25,3.96,8.24,-0.25,0.06,-0.06,9.70,0,1.70,0.0695,-0.0796,0,0.000,0.000,0.00,0.00,0.000,0
-20.19,-25.19,359.69,0.9615,0.2073,0.1802,0.0023,-3.26,3.99,8.25,0.50,-0.62,0.31,9.73,0,1.70,0.0695,-0.0796,0,0.000,0.000,0.00,0.00,0.000,0
-20.19,-25.19,359.69,0.9615,0.2073,0.1802,0.0023,-3.27,3.96,8.28,-0.50,0.56,-0.31,9.74,0,1.70,0.0695,-0.0796,0,0.000,0.000,0.00,0.00,0.000,0
phase1 acc_mag=9.750 gravity=9.741 motion=0.009 moving_avg=0.012 rms=0.016 mean_rms=0.015 max_rms=0.016 min_rms=0.014 std=0.001 var=0.000 state=standing thr=0.080/0.350/0.850
-20.19,-25.19,359.69,0.9615,0.2073,0.1802,0.0023,-3.27,3.99,8.28,0.38,-0.31,0.12,9.76,0,1.70,0.0695,-0.0796,0,0.000,0.000,0.00,0.00,0.000,0
-20.19,-25.19,359.69,0.9615,0.2073,0.1801,0.0023,-3.25,3.98,8.23,-0.06,0.31,-0.06,9.70,0,1.70,0.0695,-0.0796,0,0.000,0.000,0.00,0.00,0.000,0
-20.19,-25.12,359.69,0.9615,0.2072,0.1802,0.0023,-3.25,3.92,8.26,-0.38,-0.56,0.56,9.70,0,1.70,0.0695,-0.0795,0,0.000,0.000,0.00,0.00,0.000,0
-20.19,-25.19,359.69,0.9615,0.2074,0.1802,0.0022,-3.20,3.95,8.29,-0.50,-0.56,0.44,9.72,0,1.70,0.0695,-0.0796,0,0.000,0.000,0.00,0.00,0.000,0
phase1 acc_mag=9.761 gravity=9.743 motion=0.019 moving_avg=0.016 rms=0.021 mean_rms=0.016 max_rms=0.021 min_rms=0.014 std=0.002 var=0.000 state=standing thr=0.080/0.350/0.850
-20.19,-25.19,359.69,0.9615,0.2074,0.1802,0.0022,-3.24,3.94,8.29,-0.50,-0.38,0.25,9.73,0,1.70,0.0695,-0.0796,0,0.000,0.000,0.00,0.00,0.000,0
-20.19,-25.19,359.69,0.9615,0.2076,0.1802,0.0022,-3.27,3.97,8.29,0.12,0.19,-0.25,9.76,0,1.70,0.0695,-0.0797,0,0.000,0.000,0.00,0.00,0.000,0
-20.19,-25.19,359.69,0.9615,0.2076,0.1802,0.0022,-3.24,3.96,8.33,0.56,-0.06,-0.06,9.78,0,1.70,0.0695,-0.0797,0,0.000,0.000,0.00,0.00,0.000,0
phase1 acc_mag=9.752 gravity=9.740 motion=0.012 moving_avg=0.018 rms=0.023 mean_rms=0.017 max_rms=0.023 min_rms=0.014 std=0.003 var=0.000 state=standing thr=0.080/0.350/0.850
-20.19,-25.19,359.69,0.9614,0.2076,0.1803,0.0021,-3.27,3.96,8.29,0.25,0.50,-0.69,9.75,0,1.70,0.0695,-0.0797,0,0.000,0.000,0.00,0.00,0.000,0
-20.19,-25.19,359.75,0.9614,0.2078,0.1804,0.0021,-3.29,3.99,8.31,0.94,0.00,-0.12,9.79,0,1.70,0.0696,-0.0797,0,0.000,0.000,0.00,0.00,0.000,0
-20.19,-25.25,359.75,0.9614,0.2078,0.1803,0.0020,-3.30,4.00,8.24,0.44,0.69,-0.50,9.74,0,1.70,0.0695,-0.0798,0,0.000,0.000,0.00,0.00,0.000,0
-20.19,-25.25,359.75,0.9614,0.2078,0.1803,0.0020,-3.28,3.99,8.28,0.44,-0.19,0.00,9.76,0,1.70,0.0695,-0.0798,0,0.000,0.000,0.00,0.00,0.000,0
phase1 acc_mag=9.756 gravity=9.740 motion=0.016 moving_avg=0.020 rms=0.025 mean_rms=0.019 max_rms=0.025 min_rms=0.014 std=0.004 var=0.000 state=standing thr=0.080/0.350/0.850
-20.19,-25.25,359.75,0.9614,0.2078,0.1803,0.0020,-3.26,3.97,8.27,0.25,-0.12,-0.06,9.74,0,1.70,0.0695,-0.0798,0,0.000,0.000,0.00,0.00,0.000,0
-20.19,-25.25,359.75,0.9614,0.2078,0.1803,0.0020,-3.27,3.98,8.27,0.00,0.00,-0.19,9.74,0,1.70,0.0695,-0.0798,0,0.000,0.000,0.00,0.00,0.000,0
-20.19,-25.25,359.75,0.9614,0.2078,0.1803,0.0020,-3.25,4.00,8.25,0.12,-0.19,0.12,9.73,0,1.70,0.0695,-0.0798,0,0.000,0.000,0.00,0.00,0.000,0
-20.19,-25.25,359.75,0.9614,0.2078,0.1803,0.0020,-3.24,3.96,8.26,-0.19,0.12,-0.06,9.72,0,1.70,0.0695,-0.0798,0,0.000,0.000,0.00,0.00,0.000,0
phase1 acc_mag=9.745 gravity=9.740 motion=0.005 moving_avg=0.019 rms=0.024 mean_rms=0.021 max_rms=0.025 min_rms=0.015 std=0.003 var=0.000 state=standing thr=0.080/0.350/0.850
-20.19,-25.25,359.75,0.9614,0.2078,0.1803,0.0020,-3.26,3.98,8.30,0.00,-0.25,0.12,9.77,0,1.70,0.0695,-0.0798,0,0.000,0.000,0.00,0.00,0.000,0
-20.19,-25.25,359.75,0.9614,0.2078,0.1803,0.0020,-3.24,3.97,8.28,0.00,-0.06,0.19,9.74,0,1.70,0.0695,-0.0798,0,0.000,0.000,0.00,0.00,0.000,0
-20.19,-25.25,359.75,0.9614,0.2078,0.1803,0.0020,-3.25,3.96,8.28,-0.25,-0.12,-0.06,9.74,0,1.70,0.0695,-0.0798,0,0.000,0.000,0.00,0.00,0.000,0
-20.19,-25.25,359.75,0.9614,0.2078,0.1803,0.0020,-3.26,3.97,8.29,0.06,-0.19,0.19,9.75,0,1.70,0.0695,-0.0798,0,0.000,0.000,0.00,0.00,0.000,0
phase1 acc_mag=9.727 gravity=9.741 motion=0.014 moving_avg=0.019 rms=0.024 mean_rms=0.023 max_rms=0.025 min_rms=0.016 std=0.002 var=0.000 state=standing thr=0.080/0.350/0.850
-20.19,-25.25,359.75,0.9614,0.2078,0.1803,0.0020,-3.25,4.00,8.28,-0.06,0.19,-0.12,9.75,0,1.70,0.0695,-0.0798,0,0.000,0.000,0.00,0.00,0.000,0
-20.19,-25.25,359.75,0.9614,0.2078,0.1803,0.0020,-3.26,4.00,8.31,0.38,-0.06,0.00,9.78,0,1.70,0.0695,-0.0798,0,0.000,0.000,0.00,0.00,0.000,0
-20.19,-25.25,359.75,0.9614,0.2078,0.1803,0.0020,-3.28,4.00,8.25,-0.12,0.19,0.00,9.74,0,1.70,0.0695,-0.0798,0,0.000,0.000,0.00,0.00,0.000,0
-20.19,-25.25,359.75,0.9614,0.2078,0.1803,0.0020,-3.24,3.96,8.25,-0.06,-0.19,0.19,9.71,0,1.70,0.0695,-0.0798,0,0.000,0.000,0.00,0.00,0.000,0
phase1 acc_mag=9.731 gravity=9.741 motion=0.010 moving_avg=0.015 rms=0.020 mean_rms=0.023 max_rms=0.025 min_rms=0.020 std=0.002 var=0.000 state=standing thr=0.080/0.350/0.850
-20.19,-25.25,359.75,0.9614,0.2078,0.1803,0.0020,-3.29,3.96,8.24,-0.19,0.00,0.06,9.72,0,1.70,0.0695,-0.0798,0,0.000,0.000,0.00,0.00,0.000,0
-20.19,-25.25,359.75,0.9614,0.2078,0.1803,0.0020,-3.26,3.97,8.27,-0.25,-0.06,0.12,9.74,0,1.70,0.0695,-0.0798,0,0.000,0.000,0.00,0.00,0.000,0
-20.19,-25.25,359.75,0.9614,0.2078,0.1803,0.0020,-3.26,3.97,8.27,-0.25,0.00,-0.12,9.74,0,1.70,0.0695,-0.0798,0,0.000,0.000,0.00,0.00,0.000,0
-20.19,-25.25,359.75,0.9614,0.2078,0.1803,0.0020,-3.29,3.99,8.26,-0.12,0.12,0.12,9.75,0,1.70,0.0695,-0.0798,0,0.000,0.000,0.00,0.00,0.000,0
phase1 acc_mag=9.769 gravity=9.743 motion=0.026 moving_avg=0.012 rms=0.015 mean_rms=0.022 max_rms=0.025 min_rms=0.015 std=0.003 var=0.000 state=standing thr=0.080/0.350/0.850
-20.19,-25.25,359.75,0.9614,0.2078,0.1803,0.0020,-3.23,3.95,8.28,-0.44,-0.06,0.25,9.73,0,1.70,0.0695,-0.0798,0,0.000,0.000,0.00,0.00,0.000,0
-20.19,-25.25,359.75,0.9614,0.2078,0.1803,0.0020,-3.30,3.96,8.28,0.25,0.12,-0.06,9.75,0,1.70,0.0695,-0.0798,0,0.000,0.000,0.00,0.00,0.000,0
-20.19,-25.25,359.75,0.9614,0.2078,0.1802,0.0020,-3.26,4.01,8.27,-0.44,0.12,0.00,9.75,0,1.70,0.0695,-0.0798,0,0.000,0.000,0.00,0.00,0.000,0
phase1 acc_mag=9.761 gravity=9.743 motion=0.018 moving_avg=0.015 rms=0.019 mean_rms=0.021 max_rms=0.025 min_rms=0.015 std=0.003 var=0.000 state=standing thr=0.080/0.350/0.850
-20.19,-25.19,359.75,0.9615,0.2077,0.1802,0.0020,-3.30,4.02,8.26,0.31,0.06,-0.06,9.76,0,1.70,0.0695,-0.0797,0,0.000,0.000,0.00,0.00,0.000,0
-20.19,-25.19,359.75,0.9615,0.2077,0.1801,0.0020,-3.26,4.00,8.28,-0.62,0.06,0.00,9.76,0,1.70,0.0694,-0.0797,0,0.000,0.000,0.00,0.00,0.000,0
-20.19,-25.19,359.75,0.9615,0.2077,0.1801,0.0020,-3.25,3.95,8.28,0.12,-0.50,0.19,9.73,0,1.70,0.0694,-0.0797,0,0.000,0.000,0.00,0.00,0.000,0
-20.19,-25.19,359.75,0.9615,0.2077,0.1801,0.0020,-3.24,3.98,8.27,-0.31,0.50,-0.19,9.73,0,1.70,0.0694,-0.0797,0,0.000,0.000,0.00,0.00,0.000,0
phase1 acc_mag=9.753 gravity=9.743 motion=0.010 moving_avg=0.014 rms=0.019 mean_rms=0.020 max_rms=0.024 min_rms=0.015 std=0.002 var=0.000 state=standing thr=0.080/0.350/0.850
-20.19,-25.19,359.75,0.9615,0.2077,0.1802,0.0020,-3.27,3.97,8.26,0.06,-0.19,0.06,9.73,0,1.70,0.0695,-0.0797,0,0.000,0.000,0.00,0.00,0.000,0
-20.19,-25.19,359.75,0.9615,0.2077,0.1802,0.0020,-3.24,3.95,8.27,-0.19,0.00,-0.19,9.72,0,1.70,0.0695,-0.0797,0,0.000,0.000,0.00,0.00,0.000,0
-20.19,-25.19,359.75,0.9614,0.2077,0.1802,0.0020,-3.31,3.96,8.26,-0.06,0.12,-0.06,9.74,0,1.70,0.0695,-0.0797,0,0.000,0.000,0.00,0.00,0.000,0
-20.19,-25.25,359.75,0.9614,0.2078,0.1802,0.0020,-3.25,4.00,8.26,-0.19,0.00,0.06,9.74,0,1.70,0.0695,-0.0798,0,0.000,0.000,0.00,0.00,0.000,0
phase1 acc_mag=9.755 gravity=9.742 motion=0.013 moving_avg=0.014 rms=0.018 mean_rms=0.019 max_rms=0.022 min_rms=0.015 std=0.001 var=0.000 state=standing thr=0.080/0.350/0.850
-20.19,-25.25,359.75,0.9614,0.2078,0.1802,0.0020,-3.30,3.96,8.26,-0.06,0.25,-0.31,9.74,0,1.70,0.0695,-0.0798,0,0.000,0.000,0.00,0.00,0.000,0
-20.19,-25.25,359.75,0.9614,0.2078,0.1802,0.0020,-3.28,4.02,8.25,0.19,-0.12,0.00,9.75,0,1.70,0.0695,-0.0798,0,0.000,0.000,0.00,0.00,0.000,0
-20.19,-25.25,359.75,0.9614,0.2078,0.1802,0.0020,-3.26,3.99,8.32,-0.06,0.00,-0.12,9.79,0,1.70,0.0695,-0.0798,0,0.000,0.000,0.00,0.00,0.000,0
-20.19,-25.25,359.75,0.9614,0.2078,0.1802,0.0020,-3.27,3.99,8.25,0.12,0.06,0.06,9.73,0,1.70,0.0695,-0.0798,0,0.000,0.000,0.00,0.00,0.000,0
phase1 acc_mag=9.757 gravity=9.742 motion=0.015 moving_avg=0.014 rms=0.018 mean_rms=0.018 max_rms=0.019 min_rms=0.015 std=0.001 var=0.000 state=standing thr=0.080/0.350/0.850
-20.19,-25.25,359.75,0.9614,0.2078,0.1802,0.0020,-3.26,4.00,8.26,0.12,0.00,-0.12,9.74,0,1.70,0.0695,-0.0798,0,0.000,0.000,0.00,0.00,0.000,0
-20.19,-25.25,359.75,0.9614,0.2078,0.1802,0.0020,-3.29,3.99,8.29,0.38,-0.06,-0.12,9.77,0,1.70,0.0695,-0.0798,0,0.000,0.000,0.00,0.00,0.000,0
-20.19,-25.25,359.75,0.9614,0.2078,0.1802,0.0020,-3.26,4.02,8.29,0.12,0.31,-0.38,9.77,0,1.70,0.0695,-0.0798,0,0.000,0.000,0.00,0.00,0.000,0
-20.19,-25.25,359.75,0.9614,0.2078,0.1802,0.0020,-3.30,3.99,8.28,0.44,0.00,-0.06,9.77,0,1.70,0.0695,-0.0798,0,0.000,0.000,0.00,0.00,0.000,0
phase1 acc_mag=9.733 gravity=9.742 motion=0.008 moving_avg=0.014 rms=0.018 mean_rms=0.018 max_rms=0.019 min_rms=0.016 std=0.001 var=0.000 state=standing thr=0.080/0.350/0.850
-20.19,-25.25,359.75,0.9614,0.2078,0.1802,0.0020,-3.25,3.99,8.28,0.06,0.12,-0.25,9.75,0,1.70,0.0695,-0.0798,0,0.000,0.000,0.00,0.00,0.000,0
-20.19,-25.25,359.75,0.9614,0.2078,0.1802,0.0020,-3.28,3.99,8.28,0.25,0.19,-0.25,9.76,0,1.70,0.0695,-0.0798,0,0.000,0.000,0.00,0.00,0.000,0
-20.19,-25.25,359.75,0.9614,0.2078,0.1802,0.0020,-3.24,4.00,8.28,0.31,-0.19,-0.06,9.75,0,1.70,0.0695,-0.0798,0,0.000,0.000,0.00,0.00,0.000,0
-20.19,-25.25,359.75,0.9614,0.2078,0.1802,0.0020,-3.26,3.96,8.25,-0.06,0.31,-0.19,9.71,0,1.70,0.0695,-0.0798,0,0.000,0.000,0.00,0.00,0.000,0
phase1 acc_mag=9.754 gravity=9.741 motion=0.013 moving_avg=0.012 rms=0.015 mean_rms=0.018 max_rms=0.019 min_rms=0.015 std=0.001 var=0.000 state=standing thr=0.080/0.350/0.850
-20.19,-25.25,359.75,0.9614,0.2078,0.1802,0.0020,-3.24,3.98,8.28,0.00,-0.31,0.06,9.74,0,1.70,0.0695,-0.0798,0,0.000,0.000,0.00,0.00,0.000,0
-20.19,-25.25,359.75,0.9614,0.2078,0.1802,0.0020,-3.23,3.94,8.29,-0.06,-0.44,0.06,9.73,0,1.70,0.0695,-0.0798,0,0.000,0.000,0.00,0.00,0.000,0
-20.19,-25.25,359.75,0.9614,0.2078,0.1802,0.0020,-3.24,3.95,8.25,0.12,0.25,-0.31,9.70,0,1.70,0.0695,-0.0798,0,0.000,0.000,0.00,0.00,0.000,0
-20.19,-25.25,359.75,0.9614,0.2078,0.1802,0.0020,-3.22,3.95,8.31,0.12,-0.31,0.12,9.75,0,1.70,0.0695,-0.0798,0,0.000,0.000,0.00,0.00,0.000,0
phase1 acc_mag=9.746 gravity=9.741 motion=0.005 moving_avg=0.013 rms=0.017 mean_rms=0.017 max_rms=0.019 min_rms=0.015 std=0.001 var=0.000 state=standing thr=0.080/0.350/0.850
-20.19,-25.25,359.75,0.9614,0.2078,0.1802,0.0020,-3.25,3.94,8.28,-0.19,0.25,-0.25,9.73,0,1.70,0.0695,-0.0798,0,0.000,0.000,0.00,0.00,0.000,0
-20.19,-25.25,359.75,0.9614,0.2078,0.1802,0.0020,-3.24,3.98,8.29,0.25,-0.25,0.12,9.75,0,1.70,0.0695,-0.0798,0,0.000,0.000,0.00,0.00,0.000,0
-20.19,-25.25,359.75,0.9614,0.2078,0.1802,0.0020,-3.26,3.97,8.28,-0.31,0.19,-0.12,9.74,0,1.70,0.0695,-0.0798,0,0.000,0.000,0.00,0.00,0.000,0
-20.19,-25.25,359.75,0.9614,0.2078,0.1802,0.0020,-3.26,3.99,8.28,0.31,-0.31,0.25,9.75,0,1.70,0.0695,-0.0798,0,0.000,0.000,0.00,0.00,0.000,0
phase1 acc_mag=9.752 gravity=9.742 motion=0.009 moving_avg=0.014 rms=0.019 mean_rms=0.017 max_rms=0.019 min_rms=0.015 std=0.001 var=0.000 state=standing thr=0.080/0.350/0.850
-20.19,-25.25,359.75,0.9614,0.2078,0.1802,0.0020,-3.27,3.98,8.30,-0.44,0.12,-0.06,9.77,0,1.70,0.0695,-0.0798,0,0.000,0.000,0.00,0.00,0.000,0
-20.19,-25.25,359.75,0.9614,0.2078,0.1802,0.0020,-3.26,4.00,8.27,0.19,-0.25,0.31,9.75,0,1.70,0.0695,-0.0798,0,0.000,0.000,0.00,0.00,0.000,0
-20.19,-25.25,359.75,0.9614,0.2078,0.1802,0.0020,-3.26,3.95,8.28,0.00,0.56,-0.44,9.74,0,1.70,0.0695,-0.0798,0,0.000,0.000,0.00,0.00,0.000,0
phase1 acc_mag=9.724 gravity=9.745 motion=0.021 moving_avg=0.016 rms=0.019 mean_rms=0.017 max_rms=0.019 min_rms=0.015 std=0.001 var=0.000 state=standing thr=0.080/0.350/0.850
-20.19,-25.25,359.75,0.9614,0.2078,0.1802,0.0020,-3.25,3.97,8.26,0.19,-0.38,0.25,9.72,0,1.70,0.0695,-0.0798,0,0.000,0.000,0.00,0.00,0.000,0
-20.19,-25.25,359.75,0.9614,0.2078,0.1802,0.0020,-3.26,3.97,8.28,-0.06,0.06,-0.06,9.74,0,1.70,0.0695,-0.0798,0,0.000,0.000,0.00,0.00,0.000,0
-20.19,-25.25,359.75,0.9614,0.2078,0.1802,0.0020,-3.24,3.96,8.28,-0.12,-0.06,0.00,9.73,0,1.70,0.0695,-0.0798,0,0.000,0.000,0.00,0.00,0.000,0
-20.19,-25.25,359.75,0.9614,0.2078,0.1802,0.0020,-3.23,3.98,8.29,-0.25,-0.25,0.06,9.75,0,1.70,0.0695,-0.0798,0,0.000,0.000,0.00,0.00,0.000,0
phase1 acc_mag=9.769 gravity=9.745 motion=0.024 moving_avg=0.015 rms=0.019 mean_rms=0.018 max_rms=0.019 min_rms=0.015 std=0.002 var=0.000 state=standing thr=0.080/0.350/0.850
-20.19,-25.25,359.75,0.9614,0.2078,0.1802,0.0020,-3.26,3.96,8.27,-0.31,0.06,-0.12,9.73,0,1.70,0.0695,-0.0798,0,0.000,0.000,0.00,0.00,0.000,0
-20.19,-25.25,359.75,0.9614,0.2078,0.1802,0.0020,-3.25,3.98,8.28,-0.12,-0.19,0.06,9.74,0,1.70,0.0695,-0.0798,0,0.000,0.000,0.00,0.00,0.000,0
-20.19,-25.25,359.75,0.9614,0.2078,0.1802,0.0020,-3.26,3.95,8.27,-0.44,-0.19,0.06,9.73,0,1.70,0.0695,-0.0798,0,0.000,0.000,0.00,0.00,0.000,0
-20.19,-25.25,359.75,0.9614,0.2078,0.1802,0.0020,-3.25,3.96,8.27,-0.12,0.12,0.00,9.73,0,1.70,0.0695,-0.0798,0,0.000,0.000,0.00,0.00,0.000,0
phase1 acc_mag=9.727 gravity=9.746 motion=0.019 moving_avg=0.015 rms=0.019 mean_rms=0.018 max_rms=0.019 min_rms=0.015 std=0.001 var=0.000 state=standing thr=0.080/0.350/0.850
-20.19,-25.25,359.75,0.9614,0.2078,0.1802,0.0020,-3.28,4.00,8.30,0.00,0.06,-0.19,9.78,0,1.70,0.0695,-0.0798,0,0.000,0.000,0.00,0.00,0.000,0
-20.19,-25.25,359.75,0.9614,0.2078,0.1802,0.0020,-3.28,3.96,8.28,-0.19,-0.25,0.06,9.75,0,1.70,0.0695,-0.0798,0,0.000,0.000,0.00,0.00,0.000,0
-20.19,-25.25,359.75,0.9614,0.2078,0.1802,0.0020,-3.26,3.99,8.28,-0.12,0.00,-0.19,9.75,0,1.70,0.0695,-0.0798,0,0.000,0.000,0.00,0.00,0.000,0
phase1 acc_mag=9.724 gravity=9.747 motion=0.023 moving_avg=0.014 rms=0.018 mean_rms=0.019 max_rms=0.019 min_rms=0.018 std=0.000 var=0.000 state=standing thr=0.080/0.350/0.850
-20.19,-25.25,359.75,0.9614,0.2078,0.1802,0.0020,-3.24,4.00,8.25,-0.06,0.00,0.00,9.72,0,1.70,0.0695,-0.0798,0,0.000,0.000,0.00,0.00,0.000,0
-20.19,-25.25,359.75,0.9614,0.2078,0.1802,0.0020,-3.25,4.00,8.28,0.00,-0.06,0.06,9.75,0,1.70,0.0695,-0.0798,0,0.000,0.000,0.00,0.00,0.000,0
-20.19,-25.25,359.75,0.9614,0.2078,0.1802,0.0020,-3.25,3.97,8.28,-0.25,0.38,-0.12,9.74,0,1.70,0.0695,-0.0798,0,0.000,0.000,0.00,0.00,0.000,0
-20.19,-25.25,359.75,0.9614,0.2078,0.1802,0.0020,-3.26,3.97,8.30,-0.06,-0.12,0.06,9.76,0,1.70,0.0695,-0.0798,0,0.000,0.000,0.00,0.00,0.000,0
phase1 acc_mag=9.749 gravity=9.748 motion=0.002 moving_avg=0.013 rms=0.017 mean_rms=0.019 max_rms=0.019 min_rms=0.017 std=0.001 var=0.000 state=standing thr=0.080/0.350/0.850
-20.19,-25.25,359.75,0.9614,0.2078,0.1802,0.0020,-3.25,3.97,8.29,-0.06,-0.12,0.00,9.75,0,1.70,0.0695,-0.0798,0,0.000,0.000,0.00,0.00,0.000,0
-20.19,-25.25,359.75,0.9614,0.2078,0.1802,0.0020,-3.27,3.93,8.33,0.25,-0.06,-0.38,9.77,0,1.70,0.0695,-0.0798,0,0.000,0.000,0.00,0.00,0.000,0
-20.19,-25.25,359.75,0.9614,0.2078,0.1802,0.0020,-3.22,3.98,8.25,0.06,0.12,-0.12,9.71,0,1.70,0.0695,-0.0798,0,0.000,0.000,0.00,0.00,0.000,0
-20.19,-25.25,359.75,0.9614,0.2078,0.1802,0.0020,-3.29,3.95,8.23,-0.06,-0.38,0.06,9.70,0,1.70,0.0695,-0.0798,0,0.000,0.000,0.00,0.00,0.000,0
phase1 acc_mag=9.739 gravity=9.746 motion=0.008 moving_avg=0.014 rms=0.019 mean_rms=0.019 max_rms=0.019 min_rms=0.017 std=0.001 var=0.000 state=standing thr=0.080/0.350/0.850
-20.19,-25.25,359.75,0.9614,0.2078,0.1802,0.0020,-3.27,3.99,8.26,-0.19,-0.19,0.12,9.74,0,1.70,0.0695,-0.0798,0,0.000,0.000,0.00,0.00,0.000,0
-20.19,-25.25,359.75,0.9614,0.2078,0.1802,0.0020,-3.26,3.96,8.26,-0.25,-0.12,0.00,9.72,0,1.70,0.0695,-0.0798,0,0.000,0.000,0.00,0.00,0.000,0
-20.19,-25.25,359.75,0.9614,0.2078,0.1802,0.0020,-3.27,3.97,8.25,0.00,-0.12,0.06,9.72,0,1.70,0.0695,-0.0798,0,0.000,0.000,0.00,0.00,0.000,0
-20.19,-25.25,359.75,0.9614,0.2078,0.1802,0.0020,-3.24,3.97,8.28,0.00,0.00,0.25,9.74,0,1.70,0.0695,-0.0798,0,0.000,0.000,0.00,0.00,0.000,0
phase1 acc_mag=9.761 gravity=9.746 motion=0.015 moving_avg=0.014 rms=0.020 mean_rms=0.019 max_rms=0.020 min_rms=0.017 std=0.001 var=0.000 state=standing thr=0.080/0.350/0.850
-20.19,-25.25,359.75,0.9614,0.2078,0.1802,0.0020,-3.25,3.97,8.27,-0.44,0.12,-0.06,9.73,0,1.70,0.0695,-0.0798,0,0.000,0.000,0.00,0.00,0.000,0
-20.19,-25.25,359.75,0.9614,0.2078,0.1802,0.0020,-3.25,3.99,8.27,0.19,-0.31,0.25,9.74,0,1.70,0.0695,-0.0798,0,0.000,0.000,0.00,0.00,0.000,0
-20.19,-25.25,359.75,0.9614,0.2078,0.1802,0.0020,-3.27,3.98,8.27,-0.19,0.06,-0.12,9.74,0,1.70,0.0695,-0.0798,0,0.000,0.000,0.00,0.00,0.000,0
-20.19,-25.25,359.75,0.9614,0.2078,0.1802,0.0020,-3.27,3.97,8.27,0.25,-0.12,0.06,9.74,0,1.70,0.0695,-0.0798,0,0.000,0.000,0.00,0.00,0.000,0
phase1 acc_mag=9.727 gravity=9.745 motion=0.018 moving_avg=0.014 rms=0.019 mean_rms=0.019 max_rms=0.020 min_rms=0.017 std=0.001 var=0.000 state=standing thr=0.080/0.350/0.850
-20.19,-25.25,359.75,0.9614,0.2078,0.1802,0.0020,-3.28,3.96,8.30,0.00,0.31,-0.19,9.76,0,1.70,0.0695,-0.0798,0,0.000,0.000,0.00,0.00,0.000,0
-20.19,-25.25,359.75,0.9614,0.2078,0.1802,0.0020,-3.25,4.00,8.26,0.06,0.00,0.06,9.74,0,1.70,0.0695,-0.0798,0,0.000,0.000,0.00,0.00,0.000,0
-20.19,-25.25,359.75,0.9614,0.2078,0.1802,0.0020,-3.28,3.95,8.30,-0.06,-0.06,-0.06,9.76,0,1.70,0.0695,-0.0798,0,0.000,0.000,0.00,0.00,0.000,0
-20.19,-25.25,359.75,0.9614,0.2078,0.1802,0.0020,-3.26,3.97,8.27,0.12,-0.25,0.12,9.74,0,1.70,0.0695,-0.0798,0,0.000,0.000,0.00,0.00,0.000,0
phase1 acc_mag=9.783 gravity=9.745 motion=0.038 moving_avg=0.014 rms=0.019 mean_rms=0.019 max_rms=0.020 min_rms=0.017 std=0.001 var=0.000 state=standing thr=0.080/0.350/0.850
-20.19,-25.25,359.75,0.9614,0.2078,0.1802,0.0020,-3.24,3.96,8.27,-0.31,0.12,-0.06,9.72,0,1.70,0.0695,-0.0798,0,0.000,0.000,0.00,0.00,0.000,0
-20.19,-25.25,359.75,0.9614,0.2078,0.1802,0.0020,-3.25,3.95,8.25,-0.06,0.00,0.06,9.71,0,1.70,0.0695,-0.0798,0,0.000,0.000,0.00,0.00,0.000,0
-20.19,-25.25,359.75,0.9614,0.2078,0.1802,0.0020,-3.26,3.94,8.29,-0.12,-0.06,0.06,9.74,0,1.70,0.0695,-0.0798,0,0.000,0.000,0.00,0.00,0.000,0
phase1 acc_mag=9.746 gravity=9.743 motion=0.003 moving_avg=0.013 rms=0.017 mean_rms=0.019 max_rms=0.020 min_rms=0.017 std=0.001 var=0.000 state=standing thr=0.080/0.350/0.850
-20.19,-25.25,359.75,0.9614,0.2078,0.1802,0.0020,-3.28,3.98,8.27,-0.19,0.00,-0.06,9.75,0,1.70,0.0695,-0.0798,0,0.000,0.000,0.00,0.00,0.000,0
-20.19,-25.25,359.75,0.9614,0.2078,0.1802,0.0020,-3.26,3.97,8.28,0.12,-0.19,0.19,9.74,0,1.70,0.0695,-0.0798,0,0.000,0.000,0.00,0.00,0.000,0
-20.19,-25.25,359.75,0.9614,0.2078,0.1802,0.0020,-3.27,3.97,8.27,-0.06,0.25,-0.06,9.74,0,1.70,0.0695,-0.0798,0,0.000,0.000,0.00,0.00,0.000,0
-20.19,-25.25,359.75,0.9614,0.2078,0.1802,0.0020,-3.25,3.99,8.28,0.19,-0.12,0.00,9.75,0,1.70,0.0695,-0.0798,0,0.000,0.000,0.00,0.00,0.000,0
phase1 acc_mag=9.744 gravity=9.743 motion=0.001 moving_avg=0.012 rms=0.015 mean_rms=0.019 max_rms=0.020 min_rms=0.015 std=0.001 var=0.000 state=standing thr=0.080/0.350/0.850
-20.19,-25.25,359.75,0.9614,0.2078,0.1802,0.0020,-3.25,3.98,8.30,-0.06,0.31,-0.12,9.76,0,1.70,0.0695,-0.0798,0,0.000,0.000,0.00,0.00,0.000,0
-20.19,-25.25,359.75,0.9614,0.2078,0.1802,0.0020,-3.26,3.96,8.28,0.00,-0.12,0.25,9.74,0,1.70,0.0695,-0.0798,0,0.000,0.000,0.00,0.00,0.000,0
-20.19,-25.25,359.75,0.9614,0.2078,0.1802,0.0020,-3.26,3.99,8.29,-0.06,0.25,0.00,9.76,0,1.70,0.0695,-0.0798,0,0.000,0.000,0.00,0.00,0.000,0
-20.19,-25.25,359.75,0.9614,0.2078,0.1802,0.0020,-3.28,3.98,8.26,0.12,0.00,0.00,9.74,0,1.70,0.0695,-0.0798,0,0.000,0.000,0.00,0.00,0.000,0
phase1 acc_mag=9.770 gravity=9.743 motion=0.026 moving_avg=0.011 rms=0.014 mean_rms=0.017 max_rms=0.020 min_rms=0.014 std=0.002 var=0.000 state=standing thr=0.080/0.350/0.850
-20.19,-25.25,359.75,0.9614,0.2078,0.1802,0.0020,-3.27,3.99,8.26,0.06,-0.12,-0.06,9.74,0,1.70,0.0695,-0.0798,0,0.000,0.000,0.00,0.00,0.000,0
-20.19,-25.25,359.75,0.9614,0.2078,0.1802,0.0020,-3.27,3.97,8.29,0.00,0.00,-0.06,9.76,0,1.70,0.0695,-0.0798,0,0.000,0.000,0.00,0.00,0.000,0
-20.19,-25.25,359.75,0.9614,0.2078,0.1802,0.0020,-3.25,3.98,8.25,-0.06,-0.12,0.12,9.72,0,1.70,0.0695,-0.0798,0,0.000,0.000,0.00,0.00,0.000,0
-20.19,-25.25,359.75,0.9614,0.2078,0.1802,0.0020,-3.27,3.96,8.30,0.00,0.12,0.06,9.76,0,1.70,0.0695,-0.0798,0,0.000,0.000,0.00,0.00,0.000,0
phase1 acc_mag=9.737 gravity=9.744 motion=0.007 moving_avg=0.011 rms=0.014 mean_rms=0.016 max_rms=0.020 min_rms=0.014 std=0.002 var=0.000 state=standing thr=0.080/0.350/0.850
-20.19,-25.25,359.75,0.9614,0.2078,0.1802,0.0020,-3.26,3.98,8.28,0.25,-0.06,0.06,9.75,0,1.70,0.0695,-0.0798,0,0.000,0.000,0.00,0.00,0.000,0
-20.19,-25.25,359.75,0.9614,0.2078,0.1802,0.0020,-3.27,4.00,8.28,-0.12,0.19,0.00,9.76,0,1.70,0.0695,-0.0798,0,0.000,0.000,0.00,0.00,0.000,0
-20.19,-25.25,359.75,0.9614,0.2078,0.1802,0.0020,-3.26,3.99,8.25,-0.06,-0.25,0.12,9.73,0,1.70,0.0695,-0.0798,0,0.000,0.000,0.00,0.00,0.000,0
-20.19,-25.25,359.75,0.9614,0.2078,0.1802,0.0020,-3.27,3.96,8.29,-0.12,0.19,-0.12,9.75,0,1.70,0.0695,-0.0798,0,0.000,0.000,0.00,0.00,0.000,0
phase1 acc_mag=9.755 gravity=9.744 motion=0.011 moving_avg=0.010 rms=0.012 mean_rms=0.015 max_rms=0.020 min_rms=0.012 std=0.002 var=0.000 state=standing thr=0.080/0.350/0.850
-20.19,-25.25,359.75,0.9614,0.2078,0.1802,0.0020,-3.25,3.96,8.30,0.06,-0.19,0.06,9.75,0,1.70,0.0695,-0.0798,0,0.000,0.000,0.00,0.00,0.000,0
-20.19,-25.25,359.75,0.9614,0.2078,0.1802,0.0020,-3.25,3.98,8.29,0.00,0.00,0.00,9.75,0,1.70,0.0695,-0.0798,0,0.000,0.000,0.00,0.00,0.000,0
-20.19,-25.25,359.75,0.9614,0.2078,0.1802,0.0020,-3.26,3.98,8.30,-0.19,0.19,-0.12,9.77,0,1.70,0.0695,-0.0798,0,0.000,0.000,0.00,0.00,0.000,0
phase1 acc_mag=9.732 gravity=9.746 motion=0.014 moving_avg=0.010 rms=0.013 mean_rms=0.014 max_rms=0.016 min_rms=0.012 std=0.001 var=0.000 state=standing thr=0.080/0.350/0.850
-20.19,-25.25,359.75,0.9614,0.2078,0.1802,0.0020,-3.25,3.99,8.26,0.00,-0.19,0.12,9.73,0,1.70,0.0695,-0.0798,0,0.000,0.000,0.00,0.00,0.000,0
-20.19,-25.25,359.75,0.9614,0.2078,0.1802,0.0020,-3.26,3.94,8.28,-0.12,0.06,-0.12,9.73,0,1.70,0.0695,-0.0798,0,0.000,0.000,0.00,0.00,0.000,0
-20.19,-25.25,359.75,0.9614,0.2078,0.1802,0.0020,-3.26,3.99,8.23,0.12,-0.06,0.00,9.71,0,1.70,0.0695,-0.0798,0,0.000,0.000,0.00,0.00,0.000,0
-20.19,-25.25,359.75,0.9614,0.2078,0.1802,0.0020,-3.24,3.97,8.29,-0.12,0.00,-0.06,9.75,0,1.70,0.0695,-0.0798,0,0.000,0.000,0.00,0.00,0.000,0
phase1 acc_mag=9.755 gravity=9.745 motion=0.010 moving_avg=0.011 rms=0.014 mean_rms=0.013 max_rms=0.015 min_rms=0.012 std=0.001 var=0.000 state=standing thr=0.080/0.350/0.850
-20.19,-25.25,359.75,0.9614,0.2078,0.1802,0.0020,-3.26,3.97,8.30,-0.19,-0.19,0.06,9.76,0,1.70,0.0695,-0.0798,0,0.000,0.000,0.00,0.00,0.000,0
-20.19,-25.25,359.75,0.9614,0.2078,0.1802,0.0020,-3.26,3.96,8.27,-0.06,0.06,0.06,9.73,0,1.70,0.0695,-0.0798,0,0.000,0.000,0.00,0.00,0.000,0
-20.19,-25.25,359.75,0.9614,0.2078,0.1802,0.0020,-3.25,3.98,8.30,0.00,-0.06,0.12,9.76,0,1.70,0.0695,-0.0798,0,0.000,0.000,0.00,0.00,0.000,0
-20.19,-25.25,359.75,0.9614,0.2078,0.1802,0.0020,-3.26,3.97,8.25,-0.19,0.06,0.00,9.72,0,1.70,0.0695,-0.0798,0,0.000,0.000,0.00,0.00,0.000,0
phase1 acc_mag=9.757 gravity=9.746 motion=0.011 moving_avg=0.012 rms=0.015 mean_rms=0.013 max_rms=0.015 min_rms=0.012 std=0.001 var=0.000 state=standing thr=0.080/0.350/0.850
-20.19,-25.25,359.75,0.9614,0.2078,0.1802,0.0020,-3.27,3.98,8.30,0.19,-0.19,0.00,9.77,0,1.70,0.0695,-0.0798,0,0.000,0.000,0.00,0.00,0.000,0
-20.19,-25.25,359.75,0.9614,0.2078,0.1802,0.0020,-3.26,3.97,8.27,-0.12,0.06,-0.12,9.74,0,1.70,0.0695,-0.0798,0,0.000,0.000,0.00,0.00,0.000,0
-20.19,-25.25,359.75,0.9614,0.2078,0.1802,0.0020,-3.26,3.99,8.30,0.25,-0.19,0.12,9.77,0,1.70,0.0695,-0.0798,0,0.000,0.000,0.00,0.00,0.000,0
-20.19,-25.25,359.75,0.9614,0.2078,0.1802,0.0020,-3.25,4.00,8.29,-0.25,0.25,-0.19,9.76,0,1.70,0.0695,-0.0798,0,0.000,0.000,0.00,0.00,0.000,0
phase1 acc_mag=9.726 gravity=9.745 motion=0.019 moving_avg=0.012 rms=0.015 mean_rms=0.013 max_rms=0.015 min_rms=0.012 std=0.001 var=0.000 state=standing thr=0.080/0.350/0.850
-20.19,-25.25,359.75,0.9614,0.2078,0.1802,0.0020,-3.26,3.96,8.29,0.00,-0.06,-0.06,9.75,0,1.70,0.0695,-0.0798,0,0.000,0.000,0.00,0.00,0.000,0
-20.19,-25.25,359.75,0.9614,0.2078,0.1802,0.0020,-3.25,3.98,8.30,-0.06,0.06,-0.06,9.76,0,1.70,0.0695,-0.0798,0,0.000,0.000,0.00,0.00,0.000,0
-20.19,-25.25,359.75,0.9614,0.2078,0.1802,0.0020,-3.27,3.98,8.28,0.12,0.00,0.06,9.75,0,1.70,0.0695,-0.0798,0,0.000,0.000,0.00,0.00,0.000,0
-20.19,-25.25,359.75,0.9614,0.2078,0.1802,0.0020,-3.27,3.98,8.29,-0.12,0.12,-0.06,9.76,0,1.70,0.0695,-0.0798,0,0.000,0.000,0.00,0.00,0.000,0
phase1 acc_mag=9.753 gravity=9.746 motion=0.006 moving_avg=0.012 rms=0.015 mean_rms=0.014 max_rms=0.015 min_rms=0.012 std=0.001 var=0.000 state=standing thr=0.080/0.350/0.850
-20.19,-25.25,359.75,0.9614,0.2078,0.1802,0.0020,-3.26,3.99,8.27,0.12,0.00,0.06,9.74,0,1.70,0.0695,-0.0798,0,0.000,0.000,0.00,0.00,0.000,0
-20.19,-25.25,359.75,0.9614,0.2078,0.1802,0.0020,-3.26,4.00,8.25,0.00,0.12,-0.06,9.73,0,1.70,0.0695,-0.0798,0,0.000,0.000,0.00,0.00,0.000,0
-20.19,-25.25,359.75,0.9614,0.2078,0.1802,0.0020,-3.25,3.95,8.26,0.12,-0.06,0.12,9.72,0,1.70,0.0695,-0.0798,0,0.000,0.000,0.00,0.00,0.000,0
-20.19,-25.25,359.75,0.9614,0.2078,0.1802,0.0020,-3.27,3.97,8.28,-0.12,0.12,-0.06,9.75,0,1.70,0.0695,-0.0798,0,0.000,0.000,0.00,0.00,0.000,0
phase1 acc_mag=9.747 gravity=9.745 motion=0.002 moving_avg=0.012 rms=0.015 mean_rms=0.015 max_rms=0.016 min_rms=0.013 std=0.001 var=0.000 state=standing thr=0.080/0.350/0.850
-20.19,-25.25,359.75,0.9614,0.2078,0.1802,0.0020,-3.25,4.00,8.28,0.12,-0.19,0.06,9.75,0,1.70,0.0695,-0.0798,0,0.000,0.000,0.00,0.00,0.000,0
-20.19,-25.25,359.75,0.9614,0.2078,0.1802,0.0020,-3.29,3.97,8.26,-0.19,0.00,-0.12,9.74,0,1.70,0.0695,-0.0798,0,0.000,0.000,0.00,0.00,0.000,0
-20.19,-25.25,359.75,0.9614,0.2078,0.1802,0.0020,-3.25,3.99,8.27,0.19,0.00,-0.06,9.74,0,1.70,0.0695,-0.0798,0,0.000,0.000,0.00,0.00,0.000,0
-20.19,-25.25,359.75,0.9614,0.2078,0.1802,0.0020,-3.26,3.96,8.29,0.06,0.31,-0.12,9.75,0,1.70,0.0695,-0.0798,0,0.000,0.000,0.00,0.00,0.000,0
phase1 acc_mag=9.730 gravity=9.745 motion=0.015 moving_avg=0.013 rms=0.015 mean_rms=0.015 max_rms=0.016 min_rms=0.014 std=0.000 var=0.000 state=standing thr=0.080/0.350/0.850
-20.19,-25.25,359.75,0.9614,0.2078,0.1802,0.0020,-3.26,3.98,8.27,0.31,0.00,0.06,9.74,0,1.70,0.0695,-0.0798,0,0.000,0.000,0.00,0.00,0.000,0
-20.19,-25.25,359.75,0.9614,0.2078,0.1802,0.0020,-3.26,3.98,8.27,-0.06,0.19,-0.19,9.74,0,1.70,0.0695,-0.0798,0,0.000,0.000,0.00,0.00,0.000,0
-20.19,-25.25,359.75,0.9614,0.2078,0.1802,0.0020,-3.26,3.97,8.29,0.25,0.06,0.00,9.75,0,1.70,0.0695,-0.0798,0,0.000,0.000,0.00,0.00,0.000,0
-20.19,-25.25,359.75,0.9614,0.2078,0.1802,0.0020,-3.26,3.98,8.25,0.06,0.19,-0.19,9.72,0,1.70,0.0695,-0.0798,0,0.000,0.000,0.00,0.00,0.000,0
phase1 acc_mag=9.746 gravity=9.744 motion=0.002 moving_avg=0.012 rms=0.015 mean_rms=0.015 max_rms=0.016 min_rms=0.014 std=0.000 var=0.000 state=standing thr=0.080/0.350/0.850
-20.19,-25.25,359.75,0.9614,0.2078,0.1802,0.0020,-3.26,3.95,8.27,0.00,-0.06,0.06,9.73,0,1.70,0.0695,-0.0798,0,0.000,0.000,0.00,0.00,0.000,0
-20.19,-25.25,359.75,0.9614,0.2078,0.1802,0.0020,-3.23,3.99,8.28,-0.06,-0.12,0.12,9.74,0,1.70,0.0695,-0.0798,0,0.000,0.000,0.00,0.00,0.000,0
-20.19,-25.25,359.75,0.9614,0.2078,0.1802,0.0020,-3.26,3.96,8.27,-0.06,0.19,0.00,9.73,0,1.70,0.0695,-0.0798,0,0.000,0.000,0.00,0.00,0.000,0
-20.19,-25.25,359.75,0.9614,0.2078,0.1802,0.0020,-3.23,3.99,8.31,0.12,-0.25,0.06,9.77,0,1.70,0.0695,-0.0798,0,0.000,0.000,0.00,0.00,0.000,0
phase1 acc_mag=9.741 gravity=9.744 motion=0.003 moving_avg=0.013 rms=0.015 mean_rms=0.015 max_rms=0.016 min_rms=0.015 std=0.000 var=0.000 state=standing thr=0.080/0.350/0.850
-20.19,-25.25,359.75,0.9614,0.2078,0.1802,0.0020,-3.27,3.97,8.25,0.00,0.19,0.00,9.72,0,1.70,0.0695,-0.0798,0,0.000,0.000,0.00,0.00,0.000,0
-20.19,-25.25,359.75,0.9614,0.2078,0.1802,0.0020,-3.26,4.00,8.30,0.12,-0.06,0.12,9.77,0,1.70,0.0695,-0.0798,0,0.000,0.000,0.00,0.00,0.000,0
-20.19,-25.25,359.75,0.9614,0.2078,0.1802,0.0020,-3.24,3.95,8.24,-0.12,0.00,0.25,9.70,0,1.70,0.0695,-0.0798,0,0.000,0.000,0.00,0.00,0.000,0
phase1 acc_mag=9.718 gravity=9.744 motion=0.027 moving_avg=0.015 rms=0.019 mean_rms=0.016 max_rms=0.019 min_rms=0.015 std=0.001 var=0.000 state=standing thr=0.080/0.350/0.850
-20.19,-25.25,359.75,0.9614,0.2078,0.1802,0.0020,-3.23,3.93,8.28,-0.31,-0.31,0.44,9.72,0,1.70,0.0695,-0.0798,0,0.000,0.000,0.00,0.00,0.000,0
-20.19,-25.25,359.75,0.9614,0.2078,0.1802,0.0020,-3.29,4.00,8.29,0.44,0.56,-0.62,9.77,0,1.70,0.0695,-0.0798,0,0.000,0.000,0.00,0.00,0.000,0
-20.19,-25.25,359.75,0.9614,0.2078,0.1802,0.0019,-3.26,4.01,8.28,0.44,0.12,0.00,9.76,0,1.70,0.0694,-0.0798,0,0.000,0.000,0.00,0.00,0.000,0
-20.19,-25.25,359.75,0.9614,0.2079,0.1802,0.0019,-3.26,3.95,8.27,-0.19,0.25,-0.12,9.73,0,1.70,0.0694,-0.0798,0,0.000,0.000,0.00,0.00,0.000,0
phase1 acc_mag=9.762 gravity=9.744 motion=0.018 moving_avg=0.017 rms=0.021 mean_rms=0.017 max_rms=0.021 min_rms=0.015 std=0.002 var=0.000 state=standing thr=0.080/0.350/0.850
-20.19,-25.25,359.75,0.9614,0.2079,0.1802,0.0019,-3.28,3.98,8.26,0.50,-0.06,0.00,9.74,0,1.70,0.0694,-0.0798,0,0.000,0.000,0.00,0.00,0.000,0
-20.19,-25.25,359.75,0.9614,0.2078,0.1801,0.0019,-3.20,3.95,7.93,-0.62,-0.69,0.44,9.42,0,1.70,0.0694,-0.0798,0,0.000,0.000,0.00,0.00,0.000,0
-20.12,-25.12,359.69,0.9615,0.2075,0.1799,0.0021,-2.70,3.39,8.37,3.56,2.25,-3.06,9.43,0,1.70,0.0694,-0.0796,0,0.000,0.000,0.00,0.00,0.000,0
-20.12,-25.19,359.75,0.9615,0.2076,0.1799,0.0020,-3.13,3.78,8.40,1.00,1.62,-1.69,9.73,0,1.70,0.0693,-0.0797,0,0.000,0.000,0.00,0.00,0.000,0
phase1 acc_mag=9.887 gravity=9.742 motion=0.146 moving_avg=0.054 rms=0.116 mean_rms=0.028 max_rms=0.116 min_rms=0.015 std=0.028 var=0.001 state=slow thr=0.084/0.350/0.850
-20.19,-25.19,359.69,0.9615,0.2075,0.1799,0.0021,-3.11,3.78,8.38,0.69,0.19,0.00,9.70,0,1.70,0.0694,-0.0797,0,0.000,0.000,0.00,0.00,0.000,0
-20.12,-25.25,359.69,0.9615,0.2078,0.1799,0.0022,-3.18,3.89,8.36,0.38,0.69,-0.56,9.75,0,1.70,0.0694,-0.0798,0,0.000,0.000,0.00,0.00,0.000,0
-20.12,-25.25,359.69,0.9614,0.2081,0.1797,0.0021,-3.24,3.96,8.25,0.19,-0.06,-0.06,9.71,0,1.70,0.0693,-0.0799,0,0.000,0.000,0.00,0.00,0.000,0
-20.12,-25.25,359.69,0.9614,0.2083,0.1796,0.0022,-3.28,3.99,8.25,0.31,0.31,-0.19,9.73,0,1.70,0.0693,-0.0799,0,0.000,0.000,0.00,0.00,0.000,0
phase1 acc_mag=9.769 gravity=9.741 motion=0.028 moving_avg=0.057 rms=0.117 mean_rms=0.050 max_rms=0.117 min_rms=0.015 std=0.044 var=0.002 state=standing thr=0.139/0.350/0.850
-20.12,-25.25,359.69,0.9614,0.2083,0.1795,0.0023,-3.24,3.97,8.30,0.56,0.06,-0.06,9.75,0,1.70,0.0692,-0.0799,0,0.000,0.000,0.00,0.00,0.000,0
-20.06,-25.31,359.69,0.9614,0.2084,0.1793,0.0023,-3.25,3.98,8.28,0.19,0.00,0.19,9.74,0,1.70,0.0692,-0.0800,0,0.000,0.000,0.00,0.00,0.000,0
-20.06,-25.31,359.69,0.9614,0.2085,0.1793,0.0024,-3.26,3.98,8.26,0.12,-0.25,0.19,9.73,0,1.70,0.0691,-0.0800,0,0.000,0.000,0.00,0.00,0.000,0
-20.06,-25.31,359.69,0.9614,0.2086,0.1791,0.0024,-3.23,3.97,8.26,-0.25,-0.06,0.00,9.72,0,1.70,0.0691,-0.0801,0,0.000,0.000,0.00,0.00,0.000,0
phase1 acc_mag=9.787 gravity=9.741 motion=0.046 moving_avg=0.056 rms=0.117 mean_rms=0.073 max_rms=0.117 min_rms=0.016 std=0.047 var=0.002 state=standing thr=0.166/0.366/0.866
-20.06,-25.31,359.69,0.9615,0.2087,0.1790,0.0024,-3.25,3.95,8.25,-0.19,-0.25,0.31,9.71,0,1.70,0.0691,-0.0801,0,0.000,0.000,0.00,0.00,0.000,0
-20.00,-25.31,359.69,0.9615,0.2088,0.1789,0.0025,-3.26,3.99,8.29,-0.12,0.00,0.06,9.76,0,1.70,0.0690,-0.0801,0,0.000,0.000,0.00,0.00,0.000,0
-20.00,-25.31,359.69,0.9615,0.2089,0.1788,0.0025,-3.26,3.96,8.28,0.25,-0.38,0.19,9.74,0,1.70,0.0690,-0.0801,0,0.000,0.000,0.00,0.00,0.000,0
phase1 acc_mag=9.721 gravity=9.739 motion=0.018 moving_avg=0.054 rms=0.116 mean_rms=0.093 max_rms=0.117 min_rms=0.020 std=0.039 var=0.002 state=standing thr=0.171/0.371/0.871
-20.00,-25.38,359.69,0.9615,0.2089,0.1786,0.0026,-3.24,3.93,8.28,-0.19,0.25,-0.19,9.72,0,1.70,0.0689,-0.0802,0,0.000,0.000,0.00,0.00,0.000,0
-20.00,-25.38,359.62,0.9615,0.2090,0.1785,0.0026,-3.22,3.93,8.29,0.06,-0.19,0.12,9.72,0,1.70,0.0689,-0.0802,0,0.000,0.000,0.00,0.00,0.000,0
-19.94,-25.38,359.62,0.9615,0.2091,0.1784,0.0027,-3.24,3.94,8.28,-0.12,-0.06,0.00,9.73,0,1.70,0.0688,-0.0802,0,0.000,0.000,0.00,0.00,0.000,0
-19.94,-25.38,359.62,0.9615,0.2092,0.1783,0.0027,-3.26,3.96,8.27,0.00,-0.06,-0.06,9.73,0,1.70,0.0688,-0.0803,0,0.000,0.000,0.00,0.00,0.000,0
phase1 acc_mag=9.738 gravity=9.739 motion=0.001 moving_avg=0.053 rms=0.116 mean_rms=0.113 max_rms=0.117 min_rms=0.039 std=0.012 var=0.000 state=standing thr=0.137/0.350/0.850
-19.94,-25.38,359.62,0.9615,0.2092,0.1783,0.0027,-3.26,3.96,8.27,-0.44,-0.25,0.19,9.73,0,1.70,0.0688,-0.0803,0,0.000,0.000,0.00,0.00,0.000,0
-19.94,-25.38,359.62,0.9615,0.2092,0.1783,0.0027,-3.25,3.99,8.26,0.19,0.06,-0.06,9.73,0,1.70,0.0688,-0.0803,0,0.000,0.000,0.00,0.00,0.000,0
-19.94,-25.38,359.62,0.9615,0.2092,0.1783,0.0027,-3.26,3.95,8.31,0.06,0.25,0.00,9.76,0,1.70,0.0688,-0.0803,0,0.000,0.000,0.00,0.00,0.000,0
-19.94,-25.38,359.62,0.9615,0.2092,0.1783,0.0027,-3.23,3.99,8.25,0.31,0.00,-0.12,9.72,0,1.70,0.0688,-0.0803,0,0.000,0.000,0.00,0.00,0.000,0
phase1 acc_mag=9.740 gravity=9.741 motion=0.000 moving_avg=0.016 rms=0.020 mean_rms=0.102 max_rms=0.117 min_rms=0.020 std=0.031 var=0.001 state=standing thr=0.164/0.364/0.864
-19.94,-25.38,359.62,0.9615,0.2092,0.1783,0.0027,-3.27,4.00,8.28,0.19,0.25,-0.19,9.76,0,1.70,0.0688,-0.0803,0,0.000,0.000,0.00,0.00,0.000,0
-19.94,-25.38,359.62,0.9615,0.2092,0.1783,0.0027,-3.28,3.96,8.29,0.12,0.31,-0.12,9.76,0,1.70,0.0688,-0.0803,0,0.000,0.000,0.00,0.00,0.000,0
-19.94,-25.38,359.62,0.9615,0.2092,0.1783,0.0027,-3.22,3.98,8.27,0.00,0.06,0.06,9.73,0,1.70,0.0688,-0.0803,0,0.000,0.000,0.00,0.00,0.000,0
-19.94,-25.38,359.62,0.9615,0.2092,0.1783,0.0027,-3.27,3.98,8.26,0.06,0.06,0.00,9.73,0,1.70,0.0688,-0.0803,0,0.000,0.000,0.00,0.00,0.000,0
phase1 acc_mag=9.743 gravity=9.741 motion=0.002 moving_avg=0.015 rms=0.018 mean_rms=0.081 max_rms=0.117 min_rms=0.018 std=0.044 var=0.002 state=standing thr=0.170/0.370/0.870
-19.94,-25.38,359.62,0.9615,0.2092,0.1783,0.0027,-3.24,3.95,8.27,-0.12,0.06,0.25,9.72,0,1.70,0.0688,-0.0803,0,0.000,0.000,0.00,0.00,0.000,0
-19.94,-25.38,359.62,0.9615,0.2092,0.1783,0.0027,-3.26,3.96,8.30,0.25,0.00,-0.06,9.76,0,1.70,0.0688,-0.0803,0,0.000,0.000,0.00,0.00,0.000,0
-19.94,-25.38,359.62,0.9615,0.2092,0.1783,0.0027,-3.27,3.97,8.29,-0.06,0.25,-0.12,9.76,0,1.70,0.0688,-0.0803,0,0.000,0.000,0.00,0.00,0.000,0
-19.94,-25.38,359.62,0.9615,0.2092,0.1783,0.0027,-3.26,3.95,8.27,0.44,0.19,-0.25,9.73,0,1.70,0.0688,-0.0803,0,0.000,0.000,0.00,0.00,0.000,0
phase1 acc_mag=9.756 gravity=9.740 motion=0.017 moving_avg=0.015 rms=0.018 mean_rms=0.060 max_rms=0.117 min_rms=0.017 std=0.046 var=0.002 state=standing thr=0.151/0.351/0.851
-19.94,-25.38,359.62,0.9615,0.2092,0.1783,0.0027,-3.26,3.99,8.29,0.25,0.25,-0.06,9.76,0,1.70,0.0688,-0.0803,0,0.000,0.000,0.00,0.00,0.000,0
-19.94,-25.38,359.62,0.9615,0.2092,0.1783,0.0027,-3.25,3.98,8.26,0.06,0.19,-0.12,9.73,0,1.70,0.0688,-0.0803,0,0.000,0.000,0.00,0.00,0.000,0
-19.94,-25.38,359.62,0.9615,0.2092,0.1783,0.0027,-3.23,3.99,8.29,0.19,-0.12,0.06,9.75,0,1.70,0.0688,-0.0803,0,0.000,0.000,0.00,0.00,0.000,0
phase1 acc_mag=9.719 gravity=9.739 motion=0.020 moving_avg=0.014 rms=0.016 mean_rms=0.038 max_rms=0.116 min_rms=0.016 std=0.036 var=0.001 state=standing thr=0.111/0.350/0.850
-19.94,-25.38,359.62,0.9615,0.2092,0.1783,0.0027,-3.26,3.95,8.26,-0.31,0.19,-0.06,9.72,0,1.70,0.0688,-0.0803,0,0.000,0.000,0.00,0.00,0.000,0
-19.94,-25.38,359.62,0.9615,0.2092,0.1783,0.0027,-3.27,3.99,8.29,0.12,-0.19,0.06,9.76,0,1.70,0.0688,-0.0803,0,0.000,0.000,0.00,0.00,0.000,0
-19.94,-25.38,359.62,0.9615,0.2092,0.1783,0.0027,-3.29,3.96,8.29,0.12,0.12,-0.19,9.76,0,1.70,0.0688,-0.0803,0,0.000,0.000,0.00,0.00,0.000,0
-19.94,-25.38,359.62,0.9615,0.2092,0.1783,0.0027,-3.26,3.97,8.28,0.19,-0.12,-0.06,9.74,0,1.70,0.0688,-0.0803,0,0.000,0.000,0.00,0.00,0.000,0
phase1 acc_mag=9.740 gravity=9.741 motion=0.000 moving_avg=0.014 rms=0.016 mean_rms=0.019 max_rms=0.058 min_rms=0.016 std=0.007 var=0.000 state=standing thr=0.080/0.350/0.850
-19.94,-25.38,359.62,0.9615,0.2092,0.1783,0.0027,-3.28,3.99,8.25,-0.12,0.12,-0.06,9.73,0,1.70,0.0688,-0.0803,0,0.000,0.000,0.00,0.00,0.000,0
-19.94,-25.38,359.62,0.9615,0.2092,0.1783,0.0027,-3.25,3.97,8.28,0.25,-0.25,0.19,9.74,0,1.70,0.0688,-0.0803,0,0.000,0.000,0.00,0.00,0.000,0
-19.94,-25.38,359.62,0.9615,0.2092,0.1783,0.0027,-3.24,3.97,8.29,-0.19,0.06,-0.06,9.75,0,1.70,0.0688,-0.0803,0,0.000,0.000,0.00,0.00,0.000,0
-19.94,-25.38,359.62,0.9615,0.2092,0.1783,0.0027,-3.24,3.98,8.27,0.06,-0.19,0.19,9.73,0,1.70,0.0688,-0.0803,0,0.000,0.000,0.00,0.00,0.000,0
phase1 acc_mag=9.743 gravity=9.740 motion=0.002 moving_avg=0.013 rms=0.016 mean_rms=0.017 max_rms=0.018 min_rms=0.015 std=0.001 var=0.000 state=standing thr=0.080/0.350/0.850
-19.94,-25.38,359.62,0.9615,0.2092,0.1783,0.0027,-3.27,3.98,8.28,-0.12,-0.12,0.12,9.75,0,1.70,0.0688,-0.0803,0,0.000,0.000,0.00,0.00,0.000,0
-19.94,-25.38,359.62,0.9615,0.2092,0.1783,0.0027,-3.24,3.98,8.27,0.19,-0.06,-0.06,9.73,0,1.70,0.0688,-0.0803,0,0.000,0.000,0.00,0.00,0.000,0
-19.94,-25.38,359.62,0.9615,0.2092,0.1783,0.0027,-3.27,4.01,8.27,-0.06,0.00,-0.06,9.76,0,1.70,0.0688,-0.0803,0,0.000,0.000,0.00,0.00,0.000,0
-19.94,-25.38,359.62,0.9615,0.2092,0.1783,0.0027,-3.26,4.00,8.30,0.19,0.12,-0.06,9.77,0,1.70,0.0688,-0.0803,0,0.000,0.000,0.00,0.00,0.000,0
phase1 acc_mag=9.784 gravity=9.742 motion=0.042 moving_avg=0.014 rms=0.017 mean_rms=0.017 max_rms=0.018 min_rms=0.015 std=0.001 var=0.000 state=standing thr=0.080/0.350/0.850
-19.94,-25.38,359.62,0.9615,0.2092,0.1783,0.0027,-3.25,3.99,8.25,0.06,-0.06,0.25,9.72,0,1.70,0.0688,-0.0803,0,0.000,0.000,0.00,0.00,0.000,0
-19.94,-25.38,359.62,0.9615,0.2092,0.1783,0.0027,-3.27,3.99,8.28,0.12,0.06,-0.12,9.76,0,1.70,0.0688,-0.0803,0,0.000,0.000,0.00,0.00,0.000,0
-19.94,-25.38,359.62,0.9615,0.2092,0.1783,0.0027,-3.25,4.00,8.28,0.06,-0.12,0.06,9.75,0,1.70,0.0688,-0.0803,0,0.000,0.000,0.00,0.00,0.000,0
-19.94,-25.38,359.62,0.9615,0.2092,0.1783,0.0027,-3.26,3.97,8.30,0.00,0.19,-0.19,9.76,0,1.70,0.0688,-0.0803,0,0.000,0.000,0.00,0.00,0.000,0
phase1 acc_mag=9.719 gravity=9.743 motion=0.024 moving_avg=0.013 rms=0.017 mean_rms=0.016 max_rms=0.018 min_rms=0.015 std=0.001 var=0.000 state=standing thr=0.080/0.350/0.850
-19.94,-25.38,359.62,0.9615,0.2092,0.1783,0.0027,-3.27,3.96,8.26,-0.12,-0.06,0.06,9.73,0,1.70,0.0688,-0.0803,0,0.000,0.000,0.00,0.00,0.000,0
-19.94,-25.38,359.62,0.9615,0.2092,0.1783,0.0027,-3.25,3.99,8.27,0.00,0.00,0.00,9.74,0,1.70,0.0688,-0.0803,0,0.000,0.000,0.00,0.00,0.000,0
-19.94,-25.38,359.62,0.9615,0.2092,0.1783,0.0027,-3.26,4.00,8.26,0.00,-0.12,0.00,9.74,0,1.70,0.0688,-0.0803,0,0.000,0.000,0.00,0.00,0.000,0
-19.94,-25.38,359.62,0.9615,0.2092,0.1783,0.0027,-3.27,3.97,8.26,-0.12,0.00,0.00,9.73,0,1.70,0.0688,-0.0803,0,0.000,0.000,0.00,0.00,0.000,0
phase1 acc_mag=9.741 gravity=9.743 motion=0.002 moving_avg=0.013 rms=0.016 mean_rms=0.016 max_rms=0.018 min_rms=0.015 std=0.001 var=0.000 state=standing thr=0.080/0.350/0.850
-19.94,-25.38,359.62,0.9615,0.2092,0.1783,0.0027,-3.26,3.99,8.27,0.00,-0.12,0.12,9.74,0,1.70,0.0688,-0.0803,0,0.000,0.000,0.00,0.00,0.000,0
-19.94,-25.38,359.62,0.9615,0.2092,0.1783,0.0027,-3.27,4.00,8.25,0.00,-0.06,0.00,9.73,0,1.70,0.0688,-0.0803,0,0.000,0.000,0.00,0.00,0.000,0
-19.94,-25.38,359.62,0.9615,0.2092,0.1783,0.0027,-3.27,3.98,8.29,-0.06,0.12,0.00,9.76,0,1.70,0.0688,-0.0803,0,0.000,0.000,0.00,0.00,0.000,0
-19.94,-25.38,359.62,0.9615,0.2092,0.1783,0.0027,-3.27,4.01,8.25,-0.19,-0.06,0.12,9.74,0,1.70,0.0688,-0.0803,0,0.000,0.000,0.00,0.00,0.000,0
phase1 acc_mag=9.729 gravity=9.743 motion=0.014 moving_avg=0.014 rms=0.018 mean_rms=0.017 max_rms=0.018 min_rms=0.015 std=0.001 var=0.000 state=standing thr=0.080/0.350/0.850
-19.94,-25.38,359.62,0.9615,0.2092,0.1783,0.0027,-3.27,3.98,8.27,0.25,0.31,-0.19,9.74,0,1.70,0.0688,-0.0803,0,0.000,0.000,0.00,0.00,0.000,0
-19.94,-25.38,359.62,0.9615,0.2092,0.1783,0.0027,-3.26,4.00,8.26,0.06,0.00,0.06,9.74,0,1.70,0.0688,-0.0803,0,0.000,0.000,0.00,0.00,0.000,0
-19.94,-25.38,359.62,0.9615,0.2092,0.1783,0.0027,-3.27,4.01,8.28,0.12,0.44,-0.19,9.76,0,1.70,0.0688,-0.0803,0,0.000,0.000,0.00,0.00,0.000,0
-19.94,-25.38,359.62,0.9615,0.2092,0.1783,0.0027,-3.26,3.99,8.29,0.12,0.06,-0.06,9.76,0,1.70,0.0688,-0.0803,0,0.000,0.000,0.00,0.00,0.000,0
phase1 acc_mag=9.727 gravity=9.744 motion=0.017 moving_avg=0.013 rms=0.017 mean_rms=0.017 max_rms=0.018 min_rms=0.016 std=0.000 var=0.000 state=standing thr=0.080/0.350/0.850
-19.94,-25.38,359.62,0.9615,0.2092,0.1783,0.0027,-3.25,3.97,8.28,0.06,-0.06,0.12,9.74,0,1.70,0.0688,-0.0803,0,0.000,0.000,0.00,0.00,0.000,0
-19.94,-25.38,359.62,0.9615,0.2092,0.1783,0.0027,-3.26,3.96,8.26,-0.12,0.00,0.12,9.72,0,1.70,0.0688,-0.0803,0,0.000,0.000,0.00,0.00,0.000,0
-19.94,-25.38,359.62,0.9615,0.2092,0.1783,0.0027,-3.25,3.97,8.29,0.19,-0.12,0.06,9.75,0,1.70,0.0688,-0.0803,0,0.000,0.000,0.00,0.00,0.000,0
-19.94,-25.38,359.62,0.9615,0.2092,0.1783,0.0027,-3.27,4.01,8.26,-0.06,0.12,0.00,9.75,0,1.70,0.0688,-0.0803,0,0.000,0.000,0.00,0.00,0.000,0
phase1 acc_mag=9.768 gravity=9.742 motion=0.026 moving_avg=0.013 rms=0.016 mean_rms=0.017 max_rms=0.018 min_rms=0.015 std=0.001 var=0.000 state=standing thr=0.080/0.350/0.850
-19.94,-25.38,359.62,0.9615,0.2092,0.1783,0.0027,-3.25,3.98,8.29,-0.06,-0.25,0.12,9.75,0,1.70,0.0688,-0.0803,0,0.000,0.000,0.00,0.00,0.000,0
-19.94,-25.38,359.62,0.9615,0.2092,0.1783,0.0027,-3.26,3.98,8.27,-0.25,0.00,0.12,9.74,0,1.70,0.0688,-0.0803,0,0.000,0.000,0.00,0.00,0.000,0
-19.94,-25.38,359.62,0.9615,0.2092,0.1783,0.0027,-3.24,3.97,8.28,-0.06,0.06,0.00,9.74,0,1.70,0.0688,-0.0803,0,0.000,0.000,0.00,0.00,0.000,0
-19.94,-25.38,359.62,0.9615,0.2092,0.1783,0.0027,-3.24,3.97,8.30,-0.12,-0.06,0.12,9.75,0,1.70,0.0688,-0.0803,0,0.000,0.000,0.00,0.00,0.000,0
phase1 acc_mag=9.741 gravity=9.742 motion=0.001 moving_avg=0.013 rms=0.016 mean_rms=0.017 max_rms=0.018 min_rms=0.015 std=0.001 var=0.000 state=standing thr=0.080/0.350/0.850
-19.94,-25.38,359.62,0.9615,0.2092,0.1783,0.0027,-3.27,3.98,8.27,-0.12,0.00,0.00,9.74,0,1.70,0.0688,-0.0803,0,0.000,0.000,0.00,0.00,0.000,0
-19.94,-25.38,359.62,0.9615,0.2092,0.1783,0.0027,-3.26,3.97,8.30,-0.06,-0.06,0.00,9.76,0,1.70,0.0688,-0.0803,0,0.000,0.000,0.00,0.00,0.000,0
-19.94,-25.38,359.62,0.9615,0.2092,0.1783,0.0027,-3.26,3.95,8.26,0.00,0.12,0.19,9.72,0,1.70,0.0688,-0.0803,0,0.000,0.000,0.00,0.00,0.000,0
-19.94,-25.38,359.62,0.9615,0.2092,0.1783,0.0027,-3.26,3.97,8.29,0.00,0.25,-0.06,9.75,0,1.70,0.0688,-0.0803,0,0.000,0.000,0.00,0.00,0.000,0
phase1 acc_mag=9.745 gravity=9.742 motion=0.002 moving_avg=0.013 rms=0.016 mean_rms=0.017 max_rms=0.018 min_rms=0.015 std=0.001 var=0.000 state=standing thr=0.080/0.350/0.850
-19.94,-25.38,359.62,0.9615,0.2092,0.1783,0.0027,-3.26,3.98,8.23,0.06,-0.06,0.00,9.71,0,1.70,0.0688,-0.0803,0,0.000,0.000,0.00,0.00,0.000,0
-19.94,-25.38,359.62,0.9615,0.2092,0.1783,0.0027,-3.24,3.97,8.28,0.00,-0.12,0.06,9.74,0,1.70,0.0688,-0.0803,0,0.000,0.000,0.00,0.00,0.000,0
-19.94,-25.38,359.62,0.9615,0.2092,0.1783,0.0027,-3.27,3.99,8.27,0.12,0.06,0.00,9.75,0,1.70,0.0688,-0.0803,0,0.000,0.000,0.00,0.00,0.000,0
-19.94,-25.38,359.62,0.9615,0.2092,0.1783,0.0027,-3.25,3.99,8.27,0.00,0.00,-0.06,9.74,0,1.70,0.0688,-0.0803,0,0.000,0.000,0.00,0.00,0.000,0
phase1 acc_mag=9.740 gravity=9.742 motion=0.002 moving_avg=0.012 rms=0.015 mean_rms=0.016 max_rms=0.017 min_rms=0.014 std=0.001 var=0.000 state=standing thr=0.080/0.350/0.850
-19.94,-25.38,359.62,0.9615,0.2092,0.1783,0.0027,-3.26,3.98,8.27,0.12,-0.19,0.12,9.74,0,1.70,0.0688,-0.0803,0,0.000,0.000,0.00,0.00,0.000,0
-19.94,-25.38,359.62,0.9615,0.2092,0.1783,0.0027,-3.26,3.99,8.29,0.00,0.25,0.00,9.76,0,1.70,0.0688,-0.0803,0,0.000,0.000,0.00,0.00,0.000,0
-19.94,-25.38,359.62,0.9615,0.2092,0.1783,0.0027,-3.26,3.97,8.28,0.19,0.00,0.06,9.74,0,1.70,0.0688,-0.0803,0,0.000,0.000,0.00,0.00,0.000,0
-19.94,-25.38,359.62,0.9615,0.2092,0.1783,0.0027,-3.25,3.97,8.29,0.06,0.06,-0.06,9.75,0,1.70,0.0688,-0.0803,0,0.000,0.000,0.00,0.00,0.000,0
phase1 acc_mag=9.755 gravity=9.743 motion=0.012 moving_avg=0.011 rms=0.014 mean_rms=0.016 max_rms=0.016 min_rms=0.014 std=0.001 var=0.000 state=standing thr=0.080/0.350/0.850
-19.94,-25.38,359.62,0.9615,0.2092,0.1783,0.0027,-3.26,3.97,8.28,-0.06,0.00,-0.06,9.74,0,1.70,0.0688,-0.0803,0,0.000,0.000,0.00,0.00,0.000,0
-19.94,-25.38,359.62,0.9615,0.2092,0.1783,0.0027,-3.26,4.00,8.28,0.19,-0.12,0.12,9.76,0,1.70,0.0688,-0.0803,0,0.000,0.000,0.00,0.00,0.000,0
-19.94,-25.38,359.62,0.9615,0.2092,0.1783,0.0027,-3.25,3.97,8.29,0.00,0.00,-0.06,9.75,0,1.70,0.0688,-0.0803,0,0.000,0.000,0.00,0.00,0.000,0
-19.94,-25.38,359.62,0.9615,0.2092,0.1783,0.0027,-3.28,3.99,8.26,-0.12,-0.25,0.12,9.74,0,1.70,0.0688,-0.0803,0,0.000,0.000,0.00,0.00,0.000,0
phase1 acc_mag=9.757 gravity=9.743 motion=0.014 moving_avg=0.011 rms=0.014 mean_rms=0.015 max_rms=0.016 min_rms=0.014 std=0.001 var=0.000 state=standing thr=0.080/0.350/0.850
-19.94,-25.38,359.62,0.9615,0.2092,0.1783,0.0027,-3.27,3.96,8.27,-0.12,0.00,-0.06,9.73,0,1.70,0.0688,-0.0803,0,0.000,0.000,0.00,0.00,0.000,0
-19.94,-25.38,359.62,0.9615,0.2092,0.1783,0.0027,-3.26,3.98,8.26,0.00,-0.12,0.00,9.73,0,1.70,0.0688,-0.0803,0,0.000,0.000,0.00,0.00,0.000,0
-19.94,-25.38,359.62,0.9615,0.2092,0.1783,0.0027,-3.26,3.98,8.29,0.00,-0.19,0.00,9.76,0,1.70,0.0688,-0.0803,0,0.000,0.000,0.00,0.00,0.000,0
phase1 acc_mag=9.745 gravity=9.744 motion=0.001 moving_avg=0.011 rms=0.014 mean_rms=0.015 max_rms=0.016 min_rms=0.013 std=0.001 var=0.000 state=standing thr=0.080/0.350/0.850
-19.94,-25.38,359.62,0.9615,0.2092,0.1783,0.0027,-3.25,3.98,8.28,-0.12,-0.12,0.06,9.74,0,1.70,0.0688,-0.0803,0,0.000,0.000,0.00,0.00,0.000,0
-19.94,-25.38,359.62,0.9615,0.2092,0.1783,0.0027,-3.27,3.98,8.26,0.00,-0.06,0.00,9.73,0,1.70,0.0688,-0.0803,0,0.000,0.000,0.00,0.00,0.000,0
-19.94,-25.38,359.62,0.9615,0.2092,0.1783,0.0027,-3.24,4.00,8.27,-0.19,0.00,0.06,9.74,0,1.70,0.0688,-0.0803,0,0.000,0.000,0.00,0.00,0.000,0
-19.94,-25.38,359.62,0.9615,0.2092,0.1783,0.0027,-3.24,3.97,8.30,-0.06,0.00,0.00,9.75,0,1.70,0.0688,-0.0803,0,0.000,0.000,0.00,0.00,0.000,0
phase1 acc_mag=9.748 gravity=9.744 motion=0.004 moving_avg=0.010 rms=0.013 mean_rms=0.014 max_rms=0.015 min_rms=0.013 std=0.001 var=0.000 state=standing thr=0.080/0.350/0.850
-19.94,-25.38,359.62,0.9615,0.2092,0.1783,0.0027,-3.24,4.00,8.30,-0.12,-0.12,0.19,9.77,0,1.70,0.0688,-0.0803,0,0.000,0.000,0.00,0.00,0.000,0
-19.94,-25.38,359.62,0.9615,0.2092,0.1783,0.0027,-3.24,3.98,8.26,-0.38,0.12,-0.06,9.72,0,1.70,0.0688,-0.0803,0,0.000,0.000,0.00,0.00,0.000,0
-19.94,-25.38,359.62,0.9615,0.2092,0.1783,0.0027,-3.26,3.97,8.28,-0.06,-0.12,0.19,9.74,0,1.70,0.0688,-0.0803,0,0.000,0.000,0.00,0.00,0.000,0
-19.94,-25.38,359.62,0.9615,0.2092,0.1783,0.0027,-3.24,3.97,8.26,-0.31,-0.06,0.12,9.72,0,1.70,0.0688,-0.0803,0,0.000,0.000,0.00,0.00,0.000,0
phase1 acc_mag=9.735 gravity=9.744 motion=0.009 moving_avg=0.012 rms=0.014 mean_rms=0.014 max_rms=0.015 min_rms=0.013 std=0.000 var=0.000 state=standing thr=0.080/0.350/0.850
-19.94,-25.38,359.62,0.9615,0.2092,0.1783,0.0027,-3.22,3.97,8.30,-0.19,0.00,-0.12,9.75,0,1.70,0.0688,-0.0803,0,0.000,0.000,0.00,0.00,0.000,0
-19.94,-25.38,359.62,0.9615,0.2092,0.1783,0.0027,-3.23,3.98,8.26,0.06,-0.25,0.25,9.72,0,1.70,0.0688,-0.0803,0,0.000,0.000,0.00,0.00,0.000,0
-19.94,-25.38,359.62,0.9615,0.2092,0.1783,0.0027,-3.25,3.96,8.27,-0.19,0.12,0.00,9.73,0,1.70,0.0688,-0.0803,0,0.000,0.000,0.00,0.00,0.000,0
-19.94,-25.38,359.62,0.9615,0.2092,0.1783,0.0027,-3.24,3.98,8.26,-0.06,-0.31,0.25,9.72,0,1.70,0.0688,-0.0803,0,0.000,0.000,0.00,0.00,0.000,0
phase1 acc_mag=9.751 gravity=9.744 motion=0.007 moving_avg=0.013 rms=0.016 mean_rms=0.014 max_rms=0.016 min_rms=0.013 std=0.001 var=0.000 state=standing thr=0.080/0.350/0.850
-19.94,-25.38,359.62,0.9615,0.2092,0.1783,0.0027,-3.26,3.97,8.26,-0.06,0.19,-0.06,9.73,0,1.70,0.0688,-0.0803,0,0.000,0.000,0.00,0.00,0.000,0
-19.94,-25.38,359.62,0.9615,0.2092,0.1783,0.0027,-3.27,3.98,8.29,-0.25,0.00,0.12,9.76,0,1.70,0.0688,-0.0803,0,0.000,0.000,0.00,0.00,0.000,0
-19.94,-25.38,359.62,0.9615,0.2092,0.1783,0.0027,-3.24,4.00,8.27,-0.06,-0.19,0.00,9.74,0,1.70,0.0688,-0.0803,0,0.000,0.000,0.00,0.00,0.000,0
-19.94,-25.38,359.62,0.9615,0.2092,0.1783,0.0027,-3.26,3.96,8.28,-0.12,0.00,-0.12,9.74,0,1.70,0.0688,-0.0803,0,0.000,0.000,0.00,0.00,0.000,0
phase1 acc_mag=9.735 gravity=9.745 motion=0.010 moving_avg=0.013 rms=0.016 mean_rms=0.014 max_rms=0.016 min_rms=0.013 std=0.001 var=0.000 state=standing thr=0.080/0.350/0.850
-19.94,-25.38,359.62,0.9615,0.2092,0.1783,0.0027,-3.26,3.99,8.24,-0.06,-0.12,-0.06,9.72,0,1.70,0.0688,-0.0803,0,0.000,0.000,0.00,0.00,0.000,0
-19.94,-25.38,359.62,0.9615,0.2092,0.1783,0.0027,-3.25,4.00,8.29,0.06,-0.12,0.00,9.76,0,1.70,0.0688,-0.0803,0,0.000,0.000,0.00,0.00,0.000,0
-19.94,-25.38,359.62,0.9615,0.2092,0.1783,0.0027,-3.26,3.99,8.28,0.06,-0.06,0.12,9.75,0,1.70,0.0688,-0.0803,0,0.000,0.000,0.00,0.00,0.000,0
-19.94,-25.38,359.62,0.9615,0.2092,0.1783,0.0027,-3.26,3.98,8.25,0.00,0.12,-0.12,9.72,0,1.70,0.0688,-0.0803,0,0.000,0.000,0.00,0.00,0.000,0
phase1 acc_mag=9.748 gravity=9.746 motion=0.002 moving_avg=0.013 rms=0.016 mean_rms=0.015 max_rms=0.017 min_rms=0.013 std=0.001 var=0.000 state=standing thr=0.080/0.350/0.850
-19.94,-25.38,359.62,0.9615,0.2092,0.1783,0.0027,-3.25,3.97,8.26,0.19,-0.19,0.12,9.72,0,1.70,0.0688,-0.0803,0,0.000,0.000,0.00,0.00,0.000,0
-19.94,-25.38,359.62,0.9615,0.2092,0.1783,0.0027,-3.27,3.97,8.27,0.06,0.19,-0.19,9.74,0,1.70,0.0688,-0.0803,0,0.000,0.000,0.00,0.00,0.000,0
-19.94,-25.38,359.62,0.9615,0.2092,0.1783,0.0027,-3.25,4.00,8.29,-0.06,-0.06,0.06,9.76,0,1.70,0.0688,-0.0803,0,0.000,0.000,0.00,0.00,0.000,0
phase1 acc_mag=9.729 gravity=9.745 motion=0.016 moving_avg=0.013 rms=0.016 mean_rms=0.016 max_rms=0.017 min_rms=0.014 std=0.001 var=0.000 state=standing thr=0.080/0.350/0.850
-19.94,-25.38,359.62,0.9615,0.2092,0.1783,0.0027,-3.24,3.95,8.28,-0.19,0.00,-0.12,9.73,0,1.70,0.0688,-0.0803,0,0.000,0.000,0.00,0.00,0.000,0
-19.94,-25.38,359.62,0.9615,0.2092,0.1783,0.0027,-3.25,3.98,8.26,0.06,-0.12,0.06,9.73,0,1.70,0.0688,-0.0803,0,0.000,0.000,0.00,0.00,0.000,0
-19.94,-25.38,359.62,0.9615,0.2092,0.1783,0.0027,-3.26,3.97,8.28,0.00,-0.19,-0.06,9.74,0,1.70,0.0688,-0.0803,0,0.000,0.000,0.00,0.00,0.000,0
-19.94,-25.38,359.62,0.9615,0.2092,0.1783,0.0027,-3.26,3.97,8.26,-0.06,0.00,0.06,9.73,0,1.70,0.0688,-0.0803,0,0.000,0.000,0.00,0.00,0.000,0
phase1 acc_mag=9.735 gravity=9.744 motion=0.009 moving_avg=0.013 rms=0.015 mean_rms=0.016 max_rms=0.017 min_rms=0.015 std=0.000 var=0.000 state=standing thr=0.080/0.350/0.850
-19.94,-25.38,359.62,0.9615,0.2092,0.1783,0.0027,-3.26,3.98,8.25,0.00,-0.19,0.00,9.72,0,1.70,0.0688,-0.0803,0,0.000,0.000,0.00,0.00,0.000,0
-19.94,-25.38,359.62,0.9615,0.2092,0.1783,0.0027,-3.25,3.98,8.29,0.00,0.00,-0.06,9.75,0,1.70,0.0688,-0.0803,0,0.000,0.000,0.00,0.00,0.000,0
-19.94,-25.38,359.62,0.9615,0.2092,0.1783,0.0027,-3.26,3.98,8.25,-0.06,-0.06,0.12,9.72,0,1.70,0.0688,-0.0803,0,0.000,0.000,0.00,0.00,0.000,0
-19.94,-25.38,359.62,0.9615,0.2092,0.1783,0.0027,-3.23,3.98,8.26,-0.06,0.00,-0.06,9.72,0,1.70,0.0688,-0.0803,0,0.000,0.000,0.00,0.00,0.000,0
phase1 acc_mag=9.740 gravity=9.743 motion=0.003 moving_avg=0.013 rms=0.015 mean_rms=0.016 max_rms=0.017 min_rms=0.015 std=0.001 var=0.000 state=standing thr=0.080/0.350/0.850
-19.94,-25.38,359.62,0.9615,0.2092,0.1783,0.0027,-3.24,4.00,8.27,0.00,0.00,0.12,9.74,0,1.70,0.0688,-0.0803,0,0.000,0.000,0.00,0.00,0.000,0
-19.94,-25.38,359.62,0.9615,0.2092,0.1783,0.0027,-3.26,4.01,8.27,-0.12,0.06,-0.06,9.75,0,1.70,0.0688,-0.0803,0,0.000,0.000,0.00,0.00,0.000,0
-19.94,-25.38,359.62,0.9615,0.2092,0.1783,0.0027,-3.26,3.99,8.27,-0.06,-0.12,0.06,9.74,0,1.70,0.0688,-0.0803,0,0.000,0.000,0.00,0.00,0.000,0
-19.94,-25.38,359.62,0.9615,0.2092,0.1783,0.0027,-3.27,3.98,8.28,-0.12,0.19,-0.06,9.75,0,1.70,0.0688,-0.0803,0,0.000,0.000,0.00,0.00,0.000,0
phase1 acc_mag=9.761 gravity=9.743 motion=0.018 moving_avg=0.012 rms=0.014 mean_rms=0.015 max_rms=0.017 min_rms=0.014 std=0.001 var=0.000 state=standing thr=0.080/0.350/0.850
-19.94,-25.38,359.62,0.9615,0.2092,0.1783,0.0027,-3.21,3.97,8.25,0.12,-0.25,0.12,9.70,0,1.70,0.0688,-0.0803,0,0.000,0.000,0.00,0.00,0.000,0
-19.94,-25.38,359.62,0.9615,0.2092,0.1783,0.0027,-3.26,3.99,8.28,-0.06,0.00,-0.06,9.75,0,1.70,0.0688,-0.0803,0,0.000,0.000,0.00,0.00,0.000,0
-19.94,-25.38,359.62,0.9615,0.2092,0.1783,0.0027,-3.27,3.99,8.29,-0.12,0.12,0.00,9.76,0,1.70,0.0688,-0.0803,0,0.000,0.000,0.00,0.00,0.000,0
-19.94,-25.38,359.62,0.9615,0.2092,0.1783,0.0027,-3.26,3.99,8.27,0.12,-0.19,0.19,9.74,0,1.70,0.0688,-0.0803,0,0.000,0.000,0.00,0.00,0.000,0
phase1 acc_mag=9.716 gravity=9.742 motion=0.026 moving_avg=0.012 rms=0.014 mean_rms=0.015 max_rms=0.017 min_rms=0.014 std=0.001 var=0.000 state=standing thr=0.080/0.350/0.850
-19.94,-25.38,359.62,0.9615,0.2092,0.1783,0.0027,-3.26,3.99,8.26,-0.06,0.25,-0.06,9.74,0,1.70,0.0688,-0.0803,0,0.000,0.000,0.00,0.00,0.000,0
-19.94,-25.38,359.62,0.9615,0.2092,0.1783,0.0027,-3.26,3.99,8.27,0.12,0.12,-0.12,9.74,0,1.70,0.0688,-0.0803,0,0.000,0.000,0.00,0.00,0.000,0
-19.94,-25.38,359.62,0.9615,0.2092,0.1783,0.0027,-3.25,3.97,8.29,0.06,-0.06,0.06,9.75,0,1.70,0.0688,-0.0803,0,0.000,0.000,0.00,0.00,0.000,0
-19.94,-25.38,359.62,0.9615,0.2092,0.1783,0.0027,-3.24,3.97,8.29,0.06,0.12,-0.25,9.75,0,1.70,0.0688,-0.0803,0,0.000,0.000,0.00,0.00,0.000,0
phase1 acc_mag=9.733 gravity=9.741 motion=0.008 moving_avg=0.012 rms=0.014 mean_rms=0.015 max_rms=0.016 min_rms=0.014 std=0.000 var=0.000 state=standing thr=0.080/0.350/0.850
-19.94,-25.38,359.62,0.9615,0.2092,0.1783,0.0027,-3.22,3.98,8.28,-0.19,-0.19,0.25,9.73,0,1.70,0.0688,-0.0803,0,0.000,0.000,0.00,0.00,0.000,0
-19.94,-25.38,359.62,0.9615,0.2092,0.1783,0.0027,-3.25,3.99,8.28,-0.31,0.00,-0.06,9.75,0,1.70,0.0688,-0.0803,0,0.000,0.000,0.00,0.00,0.000,0
-19.94,-25.38,359.62,0.9615,0.2092,0.1783,0.0027,-3.26,3.98,8.29,-0.12,0.00,0.00,9.76,0,1.70,0.0688,-0.0803,0,0.000,0.000,0.00,0.00,0.000,0
-19.94,-25.38,359.62,0.9615,0.2092,0.1783,0.0027,-3.25,3.99,8.27,0.06,0.00,0.00,9.74,0,1.70,0.0688,-0.0803,0,0.000,0.000,0.00,0.00,0.000,0
phase1 acc_mag=9.756 gravity=9.742 motion=0.015 moving_avg=0.012 rms=0.014 mean_rms=0.014 max_rms=0.015 min_rms=0.014 std=0.000 var=0.000 state=standing thr=0.080/0.350/0.850
-19.94,-25.38,359.62,0.9615,0.2092,0.1783,0.0027,-3.26,3.97,8.30,0.19,0.19,-0.19,9.76,0,1.70,0.0688,-0.0803,0,0.000,0.000,0.00,0.00,0.000,0
-19.94,-25.38,359.62,0.9615,0.2092,0.1783,0.0027,-3.26,4.00,8.30,0.06,-0.12,0.00,9.77,0,1.70,0.0688,-0.0803,0,0.000,0.000,0.00,0.00,0.000,0
-19.94,-25.38,359.62,0.9615,0.2092,0.1783,0.0027,-3.26,4.00,8.25,0.00,0.12,-0.19,9.73,0,1.70,0.0688,-0.0803,0,0.000,0.000,0.00,0.00,0.000,0
-19.94,-25.38,359.62,0.9615,0.2092,0.1783,0.0027,-3.25,3.98,8.28,0.25,-0.06,0.06,9.74,0,1.70,0.0688,-0.0803,0,0.000,0.000,0.00,0.00,0.000,0
phase1 acc_mag=9.747 gravity=9.742 motion=0.005 moving_avg=0.012 rms=0.015 mean_rms=0.014 max_rms=0.015 min_rms=0.014 std=0.000 var=0.000 state=standing thr=0.080/0.350/0.850
-19.94,-25.38,359.62,0.9615,0.2092,0.1783,0.0027,-3.25,3.96,8.26,-0.12,0.06,0.00,9.72,0,1.70,0.0688,-0.0803,0,0.000,0.000,0.00,0.00,0.000,0
-19.94,-25.38,359.62,0.9615,0.2092,0.1783,0.0027,-3.26,3.98,8.29,-0.06,-0.19,0.06,9.76,0,1.70,0.0688,-0.0803,0,0.000,0.000,0.00,0.00,0.000,0
-19.94,-25.38,359.62,0.9615,0.2092,0.1783,0.0027,-3.26,3.98,8.30,0.00,0.06,0.06,9.77,0,1.70,0.0688,-0.0803,0,0.000,0.000,0.00,0.00,0.000,0
-19.94,-25.38,359.62,0.9615,0.2092,0.1783,0.0027,-3.25,3.99,8.28,-0.19,0.06,0.00,9.75,0,1.70,0.0688,-0.0803,0,0.000,0.000,0.00,0.00,0.000,0
phase1 acc_mag=9.723 gravity=9.742 motion=0.019 moving_avg=0.012 rms=0.015 mean_rms=0.015 max_rms=0.016 min_rms=0.014 std=0.000 var=0.000 state=standing thr=0.080/0.350/0.850
-19.94,-25.38,359.62,0.9615,0.2092,0.1783,0.0027,-3.25,4.01,8.27,0.12,-0.19,0.00,9.75,0,1.70,0.0688,-0.0803,0,0.000,0.000,0.00,0.00,0.000,0
-19.94,-25.38,359.62,0.9615,0.2092,0.1783,0.0027,-3.27,4.00,8.25,0.06,-0.12,-0.06,9.73,0,1.70,0.0688,-0.0803,0,0.000,0.000,0.00,0.00,0.000,0
-19.94,-25.38,359.62,0.9615,0.2092,0.1783,0.0027,-3.26,3.99,8.29,0.12,0.25,-0.06,9.76,0,1.70,0.0688,-0.0803,0,0.000,0.000,0.00,0.00,0.000,0
phase1 acc_mag=9.736 gravity=9.744 motion=0.008 moving_avg=0.013 rms=0.016 mean_rms=0.015 max_rms=0.016 min_rms=0.014 std=0.001 var=0.000 state=standing thr=0.080/0.350/0.850
-19.94,-25.38,359.62,0.9615,0.2092,0.1783,0.0027,-3.26,3.97,8.27,0.25,-0.06,0.00,9.74,0,1.70,0.0688,-0.0803,0,0.000,0.000,0.00,0.00,0.000,0
-19.94,-25.38,359.62,0.9615,0.2092,0.1783,0.0027,-3.25,3.98,8.27,-0.12,-0.06,-0.19,9.74,0,1.70,0.0688,-0.0803,0,0.000,0.000,0.00,0.00,0.000,0
-19.94,-25.38,359.62,0.9615,0.2092,0.1783,0.0027,-3.26,4.00,8.30,0.00,0.12,0.00,9.77,0,1.70,0.0688,-0.0803,0,0.000,0.000,0.00,0.00,0.000,0
-19.94,-25.38,359.62,0.9615,0.2092,0.1783,0.0027,-3.26,4.00,8.29,0.06,0.06,0.06,9.76,0,1.70,0.0688,-0.0803,0,0.000,0.000,0.00,0.00,0.000,0
phase1 acc_mag=9.743 gravity=9.745 motion=0.002 moving_avg=0.014 rms=0.017 mean_rms=0.015 max_rms=0.017 min_rms=0.014 std=0.001 var=0.000 state=standing thr=0.080/0.350/0.850
-19.94,-25.38,359.62,0.9615,0.2092,0.1783,0.0027,-3.25,3.98,8.25,0.06,0.19,-0.12,9.72,0,1.70,0.0688,-0.0803,0,0.000,0.000,0.00,0.00,0.000,0
-19.94,-25.38,359.62,0.9615,0.2092,0.1783,0.0027,-3.25,3.97,8.28,0.19,0.00,0.00,9.74,0,1.70,0.0688,-0.0803,0,0.000,0.000,0.00,0.00,0.000,0
-19.94,-25.38,359.62,0.9615,0.2092,0.1783,0.0027,-3.27,3.99,8.27,0.12,0.00,-0.12,9.75,0,1.70,0.0688,-0.0803,0,0.000,0.000,0.00,0.00,0.000,0
-19.94,-25.38,359.62,0.9615,0.2092,0.1783,0.0027,-3.23,3.98,8.29,0.06,0.06,0.00,9.75,0,1.70,0.0688,-0.0803,0,0.000,0.000,0.00,0.00,0.000,0
phase1 acc_mag=9.743 gravity=9.745 motion=0.002 moving_avg=0.013 rms=0.016 mean_rms=0.016 max_rms=0.017 min_rms=0.014 std=0.001 var=0.000 state=standing thr=0.080/0.350/0.850
-19.94,-25.38,359.62,0.9615,0.2092,0.1783,0.0027,-3.24,3.98,8.29,0.06,0.00,-0.06,9.75,0,1.70,0.0688,-0.0803,0,0.000,0.000,0.00,0.00,0.000,0
-19.94,-25.38,359.62,0.9615,0.2092,0.1783,0.0027,-3.26,3.98,8.24,0.06,0.12,-0.06,9.71,0,1.70,0.0688,-0.0803,0,0.000,0.000,0.00,0.00,0.000,0
-19.94,-25.38,359.62,0.9615,0.2092,0.1783,0.0027,-3.26,3.98,8.28,0.06,0.19,0.00,9.75,0,1.70,0.0688,-0.0803,0,0.000,0.000,0.00,0.00,0.000,0
-19.94,-25.38,359.62,0.9615,0.2092,0.1783,0.0027,-3.25,3.97,8.26,0.00,-0.06,0.00,9.72,0,1.70,0.0688,-0.0803,0,0.000,0.000,0.00,0.00,0.000,0
phase1 acc_mag=9.748 gravity=9.744 motion=0.004 moving_avg=0.012 rms=0.016 mean_rms=0.016 max_rms=0.017 min_rms=0.015 std=0.000 var=0.000 state=standing thr=0.080/0.350/0.850
-19.94,-25.38,359.62,0.9615,0.2092,0.1783,0.0027,-3.27,3.98,8.28,-0.06,0.12,0.12,9.75,0,1.70,0.0688,-0.0803,0,0.000,0.000,0.00,0.00,0.000,0
-19.94,-25.38,359.62,0.9615,0.2092,0.1783,0.0027,-3.26,3.99,8.28,-0.06,0.00,-0.06,9.75,0,1.70,0.0688,-0.0803,0,0.000,0.000,0.00,0.00,0.000,0
-19.94,-25.38,359.62,0.9615,0.2092,0.1783,0.0027,-3.25,4.00,8.31,0.12,0.00,0.06,9.78,0,1.70,0.0688,-0.0803,0,0.000,0.000,0.00,0.00,0.000,0
-19.94,-25.38,359.62,0.9615,0.2092,0.1783,0.0027,-3.23,3.99,8.27,0.12,-0.06,0.06,9.73,0,1.70,0.0688,-0.0803,0,0.000,0.000,0.00,0.00,0.000,0
phase1 acc_mag=9.742 gravity=9.744 motion=0.002 moving_avg=0.011 rms=0.015 mean_rms=0.016 max_rms=0.017 min_rms=0.015 std=0.000 var=0.000 state=standing thr=0.080/0.350/0.850
-19.94,-25.38,359.62,0.9615,0.2092,0.1783,0.0027,-3.27,3.98,8.27,-0.19,0.19,-0.06,9.74,0,1.70,0.0688,-0.0803,0,0.000,0.000,0.00,0.00,0.000,0
-19.94,-25.38,359.62,0.9615,0.2092,0.1783,0.0027,-3.26,4.00,8.25,0.19,0.00,0.06,9.73,0,1.70,0.0688,-0.0803,0,0.000,0.000,0.00,0.00,0.000,0
-19.94,-25.38,359.62,0.9615,0.2092,0.1783,0.0027,-3.24,3.95,8.29,0.00,-0.12,0.00,9.74,0,1.70,0.0688,-0.0803,0,0.000,0.000,0.00,0.00,0.000,0
-19.94,-25.38,359.62,0.9615,0.2092,0.1783,0.0027,-3.26,3.99,8.28,-0.06,-0.25,0.06,9.75,0,1.70,0.0688,-0.0803,0,0.000,0.000,0.00,0.00,0.000,0
phase1 acc_mag=9.753 gravity=9.743 motion=0.010 moving_avg=0.011 rms=0.014 mean_rms=0.016 max_rms=0.017 min_rms=0.014 std=0.001 var=0.000 state=standing thr=0.080/0.350/0.850
-19.94,-25.38,359.62,0.9615,0.2092,0.1783,0.0027,-3.24,3.97,8.28,0.00,-0.12,0.06,9.74,0,1.70,0.0688,-0.0803,0,0.000,0.000,0.00,0.00,0.000,0
-19.94,-25.38,359.62,0.9615,0.2092,0.1783,0.0027,-3.25,3.99,8.27,-0.06,0.19,0.00,9.74,0,1.70,0.0688,-0.0803,0,0.000,0.000,0.00,0.00,0.000,0
-19.94,-25.38,359.62,0.9615,0.2092,0.1783,0.0027,-3.27,3.98,8.30,0.06,-0.12,-0.12,9.77,0,1.70,0.0688,-0.0803,0,0.000,0.000,0.00,0.00,0.000,0
-19.94,-25.38,359.62,0.9615,0.2092,0.1783,0.0027,-3.23,3.96,8.31,-0.06,0.06,0.06,9.76,0,1.70,0.0688,-0.0803,0,0.000,0.000,0.00,0.00,0.000,0
phase1 acc_mag=9.753 gravity=9.742 motion=0.011 moving_avg=0.011 rms=0.014 mean_rms=0.015 max_rms=0.016 min_rms=0.014 std=0.001 var=0.000 state=standing thr=0.080/0.350/0.850
-19.94,-25.38,359.62,0.9615,0.2092,0.1783,0.0027,-3.26,3.96,8.27,0.12,0.06,-0.06,9.73,0,1.70,0.0688,-0.0803,0,0.000,0.000,0.00,0.00,0.000,0
-19.94,-25.38,359.62,0.9615,0.2092,0.1783,0.0027,-3.25,3.99,8.29,0.06,0.12,0.00,9.76,0,1.70,0.0688,-0.0803,0,0.000,0.000,0.00,0.00,0.000,0
-19.94,-25.38,359.62,0.9615,0.2092,0.1783,0.0027,-3.26,3.99,8.26,0.19,0.25,-0.06,9.74,0,1.70,0.0688,-0.0803,0,0.000,0.000,0.00,0.00,0.000,0
phase1 acc_mag=9.760 gravity=9.743 motion=0.016 moving_avg=0.011 rms=0.013 mean_rms=0.015 max_rms=0.016 min_rms=0.013 std=0.001 var=0.000 state=standing thr=0.080/0.350/0.850
-19.94,-25.38,359.62,0.9615,0.2092,0.1783,0.0027,-3.27,4.00,8.28,0.31,0.19,-0.12,9.76,0,1.70,0.0688,-0.0803,0,0.000,0.000,0.00,0.00,0.000,0
-19.94,-25.38,359.62,0.9615,0.2092,0.1783,0.0027,-3.22,3.98,8.29,-0.19,0.00,-0.06,9.74,0,1.70,0.0688,-0.0803,0,0.000,0.000,0.00,0.00,0.000,0
-19.94,-25.38,359.62,0.9615,0.2092,0.1783,0.0027,-3.26,4.00,8.27,-0.19,0.06,-0.06,9.75,0,1.70,0.0688,-0.0803,0,0.000,0.000,0.00,0.00,0.000,0
-19.94,-25.38,359.62,0.9615,0.2092,0.1783,0.0027,-3.22,4.00,8.29,0.12,-0.06,-0.06,9.75,0,1.70,0.0688,-0.0803,0,0.000,0.000,0.00,0.00,0.000,0
phase1 acc_mag=9.744 gravity=9.743 motion=0.001 moving_avg=0.010 rms=0.013 mean_rms=0.014 max_rms=0.015 min_rms=0.012 std=0.001 var=0.000 state=standing thr=0.080/0.350/0.850
-19.94,-25.38,359.62,0.9615,0.2092,0.1783,0.0027,-3.26,3.98,8.26,-0.06,-0.06,-0.06,9.73,0,1.70,0.0688,-0.0803,0,0.000,0.000,0.00,0.00,0.000,0
-19.94,-25.38,359.62,0.9615,0.2092,0.1783,0.0027,-3.26,3.97,8.28,0.12,-0.12,0.00,9.74,0,1.70,0.0688,-0.0803,0,0.000,0.000,0.00,0.00,0.000,0
-19.94,-25.38,359.62,0.9615,0.2092,0.1783,0.0027,-3.23,4.00,8.28,0.00,-0.19,0.06,9.75,0,1.70,0.0688,-0.0803,0,0.000,0.000,0.00,0.00,0.000,0
-19.94,-25.38,359.62,0.9615,0.2092,0.1783,0.0027,-3.24,3.97,8.26,0.00,0.12,0.06,9.72,0,1.70,0.0688,-0.0803,0,0.000,0.000,0.00,0.00,0.000,0
phase1 acc_mag=9.735 gravity=9.742 motion=0.007 moving_avg=0.010 rms=0.013 mean_rms=0.013 max_rms=0.015 min_rms=0.012 std=0.001 var=0.000 state=standing thr=0.080/0.350/0.850
-19.94,-25.38,359.62,0.9615,0.2092,0.1783,0.0027,-3.25,3.99,8.28,0.19,0.19,-0.06,9.75,0,1.70,0.0688,-0.0803,0,0.000,0.000,0.00,0.00,0.000,0
-19.94,-25.38,359.62,0.9615,0.2092,0.1783,0.0027,-3.24,3.99,8.28,0.06,0.06,0.00,9.75,0,1.70,0.0688,-0.0803,0,0.000,0.000,0.00,0.00,0.000,0
-19.94,-25.38,359.62,0.9615,0.2092,0.1783,0.0027,-3.24,3.97,8.26,0.00,0.00,-0.06,9.72,0,1.70,0.0688,-0.0803,0,0.000,0.000,0.00,0.00,0.000,0
phase1 acc_mag=9.750 gravity=9.743 motion=0.007 moving_avg=0.010 rms=0.013 mean_rms=0.013 max_rms=0.014 min_rms=0.012 std=0.000 var=0.000 state=standing thr=0.080/0.350/0.850
-19.94,-25.38,359.62,0.9615,0.2092,0.1783,0.0027,-3.24,4.00,8.28,0.06,0.06,0.00,9.75,0,1.70,0.0688,-0.0803,0,0.000,0.000,0.00,0.00,0.000,0
-19.94,-25.38,359.62,0.9615,0.2092,0.1783,0.0027,-3.26,3.99,8.27,0.00,0.25,0.12,9.74,0,1.70,0.0688,-0.0803,0,0.000,0.000,0.00,0.00,0.000,0
-19.94,-25.38,359.62,0.9615,0.2092,0.1783,0.0027,-3.24,3.97,8.32,0.06,-0.19,0.19,9.77,0,1.70,0.0688,-0.0803,0,0.000,0.000,0.00,0.00,0.000,0
-19.94,-25.38,359.62,0.9615,0.2092,0.1783,0.0027,-3.26,4.00,8.27,0.12,-0.06,0.12,9.75,0,1.70,0.0688,-0.0803,0,0.000,0.000,0.00,0.00,0.000,0
phase1 acc_mag=9.737 gravity=9.742 motion=0.005 moving_avg=0.010 rms=0.013 mean_rms=0.013 max_rms=0.014 min_rms=0.012 std=0.000 var=0.000 state=standing thr=0.080/0.350/0.850
-19.94,-25.38,359.62,0.9615,0.2092,0.1783,0.0027,-3.26,4.00,8.27,0.06,0.00,-0.06,9.75,0,1.70,0.0688,-0.0803,0,0.000,0.000,0.00,0.00,0.000,0
-19.94,-25.38,359.62,0.9615,0.2092,0.1783,0.0027,-3.24,3.99,8.29,0.06,0.00,-0.06,9.75,0,1.70,0.0688,-0.0803,0,0.000,0.000,0.00,0.00,0.000,0
-19.94,-25.38,359.62,0.9615,0.2092,0.1783,0.0027,-3.27,3.97,8.28,-0.06,0.06,0.00,9.75,0,1.70,0.0688,-0.0803,0,0.000,0.000,0.00,0.00,0.000,0
-19.94,-25.38,359.62,0.9615,0.2092,0.1783,0.0027,-3.25,3.98,8.28,0.06,-0.06,0.25,9.74,0,1.70,0.0688,-0.0803,0,0.000,0.000,0.00,0.00,0.000,0
phase1 acc_mag=9.745 gravity=9.742 motion=0.002 moving_avg=0.010 rms=0.013 mean_rms=0.013 max_rms=0.014 min_rms=0.012 std=0.000 var=0.000 state=standing thr=0.080/0.350/0.850
-19.94,-25.38,359.62,0.9615,0.2092,0.1783,0.0027,-3.24,3.98,8.29,-0.19,0.00,0.00,9.75,0,1.70,0.0688,-0.0803,0,0.000,0.000,0.00,0.00,0.000,0
-19.94,-25.38,359.62,0.9615,0.2092,0.1783,0.0027,-3.26,3.99,8.29,0.06,-0.12,0.06,9.76,0,1.70,0.0688,-0.0803,0,0.000,0.000,0.00,0.00,0.000,0
-19.94,-25.38,359.62,0.9615,0.2092,0.1783,0.0027,-3.26,3.97,8.27,-0.12,0.12,-0.12,9.74,0,1.70,0.0688,-0.0803,0,0.000,0.000,0.00,0.00,0.000,0
-19.94,-25.38,359.62,0.9615,0.2092,0.1783,0.0027,-3.27,4.00,8.25,0.25,0.06,0.00,9.73,0,1.70,0.0688,-0.0803,0,0.000,0.000,0.00,0.00,0.000,0
phase1 acc_mag=9.716 gravity=9.742 motion=0.026 moving_avg=0.011 rms=0.013 mean_rms=0.013 max_rms=0.014 min_rms=0.012 std=0.000 var=0.000 state=standing thr=0.080/0.350/0.850
-19.94,-25.38,359.62,0.9615,0.2092,0.1783,0.0027,-3.27,3.98,8.28,0.00,0.19,0.00,9.75,0,1.70,0.0688,-0.0803,0,0.000,0.000,0.00,0.00,0.000,0
-19.94,-25.38,359.62,0.9615,0.2092,0.1783,0.0027,-3.25,3.99,8.29,0.31,0.06,0.06,9.76,0,1.70,0.0688,-0.0803,0,0.000,0.000,0.00,0.00,0.000,0
-19.94,-25.38,359.62,0.9615,0.2092,0.1783,0.0027,-3.27,4.00,8.27,0.06,0.19,-0.06,9.75,0,1.70,0.0688,-0.0803,0,0.000,0.000,0.00,0.00,0.000,0
-19.94,-25.38,359.62,0.9615,0.2092,0.1783,0.0027,-3.26,3.98,8.26,0.06,0.06,-0.06,9.73,0,1.70,0.0688,-0.0803,0,0.000,0.000,0.00,0.00,0.000,0
phase1 acc_mag=9.736 gravity=9.743 motion=0.006 moving_avg=0.012 rms=0.014 mean_rms=0.013 max_rms=0.014 min_rms=0.013 std=0.000 var=0.000 state=standing thr=0.080/0.350/0.850
-19.94,-25.38,359.62,0.9615,0.2092,0.1783,0.0027,-3.26,3.97,8.29,0.12,0.06,0.12,9.75,0,1.70,0.0688,-0.0803,0,0.000,0.000,0.00,0.00,0.000,0
-19.94,-25.38,359.62,0.9615,0.2092,0.1783,0.0027,-3.25,3.98,8.30,0.00,-0.06,0.00,9.76,0,1.70,0.0688,-0.0803,0,0.000,0.000,0.00,0.00,0.000,0
-19.94,-25.38,359.62,0.9615,0.2092,0.1783,0.0027,-3.23,3.97,8.29,0.00,-0.31,0.00,9.74,0,1.70,0.0688,-0.0803,0,0.000,0.000,0.00,0.00,0.000,0
-19.94,-25.38,359.62,0.9615,0.2092,0.1783,0.0027,-3.26,3.98,8.28,-0.06,-0.12,0.00,9.75,0,1.70,0.0688,-0.0803,0,0.000,0.000,0.00,0.00,0.000,0
phase1 acc_mag=9.752 gravity=9.743 motion=0.010 moving_avg=0.013 rms=0.015 mean_rms=0.014 max_rms=0.015 min_rms=0.013 std=0.001 var=0.000 state=standing thr=0.080/0.350/0.850
-19.94,-25.38,359.62,0.9615,0.2092,0.1783,0.0027,-3.24,3.97,8.31,0.06,-0.19,0.00,9.76,0,1.70,0.0688,-0.0803,0,0.000,0.000,0.00,0.00,0.000,0
-19.94,-25.38,359.62,0.9615,0.2092,0.1783,0.0027,-3.26,3.99,8.31,0.00,-0.31,0.06,9.78,0,1.70,0.0688,-0.0803,0,0.000,0.000,0.00,0.00,0.000,0
-19.94,-25.38,359.62,0.9615,0.2092,0.1783,0.0027,-3.26,3.98,8.28,0.06,0.12,-0.12,9.75,0,1.70,0.0688,-0.0803,0,0.000,0.000,0.00,0.00,0.000,0
phase1 acc_mag=9.777 gravity=9.744 motion=0.034 moving_avg=0.013 rms=0.016 mean_rms=0.014 max_rms=0.016 min_rms=0.013 std=0.001 var=0.000 state=standing thr=0.080/0.350/0.850
-19.94,-25.38,359.62,0.9615,0.2092,0.1783,0.0027,-3.26,4.01,8.30,0.06,-0.25,0.12,9.78,0,1.70,0.0688,-0.0803,0,0.000,0.000,0.00,0.00,0.000,0
-19.94,-25.38,359.62,0.9615,0.2092,0.1783,0.0027,-3.26,3.99,8.30,0.00,-0.12,-0.06,9.77,0,1.70,0.0688,-0.0803,0,0.000,0.000,0.00,0.00,0.000,0
-19.94,-25.38,359.62,0.9615,0.2092,0.1783,0.0027,-3.25,3.98,8.29,-0.12,0.00,0.00,9.75,0,1.70,0.0688,-0.0803,0,0.000,0.000,0.00,0.00,0.000,0
-19.94,-25.38,359.62,0.9615,0.2092,0.1783,0.0027,-3.24,3.97,8.26,0.06,0.00,-0.06,9.72,0,1.70,0.0688,-0.0803,0,0.000,0.000,0.00,0.00,0.000,0
phase1 acc_mag=9.715 gravity=9.743 motion=0.029 moving_avg=0.014 rms=0.017 mean_rms=0.015 max_rms=0.017 min_rms=0.013 std=0.001 var=0.000 state=standing thr=0.080/0.350/0.850
-19.94,-25.38,359.62,0.9615,0.2092,0.1783,0.0027,-3.21,3.98,8.26,0.12,-0.12,0.06,9.71,0,1.70,0.0688,-0.0803,0,0.000,0.000,0.00,0.00,0.000,0
-19.94,-25.38,359.62,0.9615,0.2092,0.1783,0.0027,-3.25,3.99,8.29,-0.06,0.00,0.12,9.76,0,1.70,0.0688,-0.0803,0,0.000,0.000,0.00,0.00,0.000,0
-19.94,-25.38,359.62,0.9615,0.2092,0.1783,0.0027,-3.24,4.02,8.26,0.31,-0.06,0.06,9.74,0,1.70,0.0688,-0.0803,0,0.000,0.000,0.00,0.00,0.000,0
-19.94,-25.38,359.62,0.9615,0.2092,0.1783,0.0027,-3.21,3.96,8.30,-0.06,0.12,-0.12,9.74,0,1.70,0.0688,-0.0803,0,0.000,0.000,0.00,0.00,0.000,0
phase1 acc_mag=9.761 gravity=9.743 motion=0.018 moving_avg=0.014 rms=0.016 mean_rms=0.015 max_rms=0.017 min_rms=0.014 std=0.001 var=0.000 state=standing thr=0.080/0.350/0.850
-19.94,-25.38,359.62,0.9615,0.2092,0.1783,0.0027,-3.26,3.97,8.30,0.00,0.25,-0.06,9.76,0,1.70,0.0688,-0.0803,0,0.000,0.000,0.00,0.00,0.000,0
-19.94,-25.38,359.62,0.9615,0.2093,0.1783,0.0027,-3.22,3.99,8.29,-0.31,-0.06,0.12,9.75,0,1.70,0.0688,-0.0803,0,0.000,0.000,0.00,0.00,0.000,0
-20.00,-25.38,359.62,0.9614,0.2090,0.1786,0.0026,-3.32,4.00,8.27,0.25,0.62,-0.50,9.77,0,1.70,0.0689,-0.0802,0,0.000,0.000,0.00,0.00,0.000,0
-19.94,-25.38,359.62,0.9615,0.2092,0.1784,0.0026,-3.24,4.04,8.27,0.50,-0.19,0.00,9.76,0,1.70,0.0688,-0.0803,0,0.000,0.000,0.00,0.00,0.000,0
phase1 acc_mag=9.719 gravity=9.743 motion=0.024 moving_avg=0.015 rms=0.019 mean_rms=0.016 max_rms=0.019 min_rms=0.014 std=0.001 var=0.000 state=standing thr=0.080/0.350/0.850
-20.00,-25.38,359.62,0.9615,0.2090,0.1785,0.0027,-3.26,3.95,8.26,-0.06,0.75,-0.44,9.72,0,1.70,0.0689,-0.0802,0,0.000,0.000,0.00,0.00,0.000,0
-20.00,-25.38,359.62,0.9615,0.2090,0.1785,0.0027,-3.26,4.02,8.26,0.25,0.06,0.00,9.75,0,1.70,0.0689,-0.0802,0,0.000,0.000,0.00,0.00,0.000,0
-20.00,-25.38,359.62,0.9615,0.2090,0.1785,0.0027,-3.29,4.00,8.30,-0.25,0.25,-0.31,9.78,0,1.70,0.0689,-0.0802,0,0.000,0.000,0.00,0.00,0.000,0
-20.00,-25.38,359.62,0.9614,0.2091,0.1785,0.0027,-3.28,3.98,8.25,0.62,0.06,-0.19,9.73,0,1.70,0.0689,-0.0802,0,0.000,0.000,0.00,0.00,0.000,0
phase1 acc_mag=9.730 gravity=9.743 motion=0.013 moving_avg=0.016 rms=0.020 mean_rms=0.017 max_rms=0.020 min_rms=0.015 std=0.001 var=0.000 state=standing thr=0.080/0.350/0.850
-20.00,-25.38,359.62,0.9614,0.2091,0.1785,0.0027,-3.24,3.98,8.28,-0.31,0.38,-0.25,9.74,0,1.70,0.0689,-0.0802,0,0.000,0.000,0.00,0.00,0.000,0
-20.00,-25.38,359.62,0.9614,0.2091,0.1786,0.0027,-3.18,3.93,8.48,0.56,-0.31,0.50,9.87,0,1.70,0.0689,-0.0802,0,0.000,0.000,0.00,0.00,0.000,0
-20.00,-25.38,359.62,0.9614,0.2091,0.1786,0.0027,-3.22,3.96,8.28,-0.50,0.38,0.31,9.73,0,1.70,0.0689,-0.0802,0,0.000,0.000,0.00,0.00,0.000,0
-20.00,-25.38,359.69,0.9614,0.2091,0.1786,0.0027,-3.29,4.00,8.18,0.19,-0.06,-0.69,9.68,0,1.70,0.0689,-0.0802,0,0.000,0.000,0.00,0.00,0.000,0
phase1 acc_mag=9.763 gravity=9.742 motion=0.021 moving_avg=0.025 rms=0.038 mean_rms=0.021 max_rms=0.038 min_rms=0.015 std=0.007 var=0.000 state=standing thr=0.080/0.350/0.850
-20.00,-25.38,359.69,0.9614,0.2091,0.1786,0.0026,-3.23,4.00,8.28,0.12,0.31,-0.31,9.75,0,1.70,0.0689,-0.0802,0,0.000,0.000,0.00,0.00,0.000,0
-20.00,-25.38,359.69,0.9614,0.2091,0.1786,0.0026,-3.24,3.95,8.30,0.00,0.19,-0.25,9.75,0,1.70,0.0689,-0.0802,0,0.000,0.000,0.00,0.00,0.000,0
-20.00,-25.38,359.69,0.9614,0.2091,0.1786,0.0026,-3.25,4.00,8.28,0.25,-0.06,-0.12,9.75,0,1.70,0.0689,-0.0802,0,0.000,0.000,0.00,0.00,0.000,0
-20.00,-25.38,359.69,0.9614,0.2091,0.1786,0.0026,-3.28,4.00,8.27,-0.31,0.06,-0.25,9.75,0,1.70,0.0689,-0.0802,0,0.000,0.000,0.00,0.00,0.000,0
phase1 acc_mag=9.723 gravity=9.743 motion=0.019 moving_avg=0.025 rms=0.038 mean_rms=0.025 max_rms=0.038 min_rms=0.016 std=0.009 var=0.000 state=standing thr=0.080/0.350/0.850
-20.00,-25.38,359.62,0.9614,0.2091,0.1786,0.0027,-3.26,4.01,8.36,0.38,0.00,-0.44,9.83,0,1.70,0.0689,-0.0802,0,0.000,0.000,0.00,0.00,0.000,0
-20.00,-25.38,359.69,0.9614,0.2090,0.1786,0.0026,-3.28,3.96,8.27,-0.25,0.31,-0.62,9.74,0,1.70,0.0689,-0.0802,0,0.000,0.000,0.00,0.00,0.000,0
-20.00,-25.38,359.69,0.9614,0.2090,0.1786,0.0026,-3.21,3.99,8.26,0.00,-0.06,0.00,9.72,0,1.70,0.0689,-0.0802,0,0.000,0.000,0.00,0.00,0.000,0
-20.00,-25.38,359.69,0.9614,0.2090,0.1786,0.0026,-3.27,3.99,8.27,0.12,0.19,-0.06,9.75,0,1.70,0.0689,-0.0802,0,0.000,0.000,0.00,0.00,0.000,0
phase1 acc_mag=9.757 gravity=9.742 motion=0.014 moving_avg=0.026 rms=0.039 mean_rms=0.030 max_rms=0.039 min_rms=0.016 std=0.009 var=0.000 state=standing thr=0.080/0.350/0.850
-20.00,-25.38,359.69,0.9614,0.2090,0.1786,0.0026,-3.24,4.00,8.26,0.00,-0.06,-0.19,9.73,0,1.70,0.0689,-0.0802,0,0.000,0.000,0.00,0.00,0.000,0
-20.00,-25.38,359.69,0.9614,0.2090,0.1786,0.0026,-3.26,3.97,8.26,-0.06,-0.12,0.12,9.73,0,1.70,0.0689,-0.0802,0,0.000,0.000,0.00,0.00,0.000,0
-20.00,-25.38,359.69,0.9614,0.2090,0.1786,0.0026,-3.24,4.00,8.28,0.06,0.00,-0.06,9.75,0,1.70,0.0689,-0.0802,0,0.000,0.000,0.00,0.00,0.000,0
phase1 acc_mag=9.723 gravity=9.744 motion=0.021 moving_avg=0.024 rms=0.038 mean_rms=0.035 max_rms=0.039 min_rms=0.019 std=0.007 var=0.000 state=standing thr=0.080/0.350/0.850
-20.00,-25.38,359.69,0.9614,0.2090,0.1786,0.0026,-3.25,3.99,8.25,-0.25,0.12,-0.12,9.72,0,1.70,0.0689,-0.0802,0,0.000,0.000,0.00,0.00,0.000,0
-20.00,-25.38,359.69,0.9614,0.2090,0.1786,0.0026,-3.25,3.99,8.29,0.25,-0.06,0.00,9.76,0,1.70,0.0689,-0.0802,0,0.000,0.000,0.00,0.00,0.000,0
-20.00,-25.38,359.69,0.9614,0.2090,0.1786,0.0026,-3.26,3.96,8.26,-0.06,0.19,-0.12,9.72,0,1.70,0.0689,-0.0802,0,0.000,0.000,0.00,0.00,0.000,0
-20.00,-25.38,359.69,0.9614,0.2090,0.1786,0.0026,-3.25,3.99,8.29,0.19,0.00,-0.12,9.76,0,1.70,0.0689,-0.0802,0,0.000,0.000,0.00,0.00,0.000,0
phase1 acc_mag=9.749 gravity=9.743 motion=0.006 moving_avg=0.021 rms=0.031 mean_rms=0.038 max_rms=0.039 min_rms=0.029 std=0.002 var=0.000 state=standing thr=0.080/0.350/0.850
-20.00,-25.38,359.69,0.9614,0.2090,0.1786,0.0026,-3.22,3.98,8.24,0.00,0.31,-0.19,9.70,0,1.70,0.0689,-0.0802,0,0.000,0.000,0.00,0.00,0.000,0
-20.00,-25.38,359.69,0.9614,0.2090,0.1786,0.0026,-3.26,3.98,8.28,0.00,-0.06,0.06,9.75,0,1.70,0.0689,-0.0802,0,0.000,0.000,0.00,0.00,0.000,0
-20.00,-25.38,359.69,0.9614,0.2090,0.1786,0.0026,-3.24,3.97,8.28,-0.19,-0.12,0.12,9.74,0,1.70,0.0689,-0.0802,0,0.000,0.000,0.00,0.00,0.000,0
-20.00,-25.38,359.69,0.9614,0.2090,0.1786,0.0026,-3.23,3.98,8.27,0.00,-0.12,0.06,9.73,0,1.70,0.0689,-0.0802,0,0.000,0.000,0.00,0.00,0.000,0
phase1 acc_mag=9.771 gravity=9.743 motion=0.028 moving_avg=0.015 rms=0.018 mean_rms=0.035 max_rms=0.039 min_rms=0.018 std=0.007 var=0.000 state=standing thr=0.080/0.350/0.850
-20.00,-25.38,359.69,0.9614,0.2090,0.1786,0.0026,-3.23,4.01,8.26,-0.06,-0.19,0.19,9.73,0,1.70,0.0689,-0.0802,0,0.000,0.000,0.00,0.00,0.000,0
-20.00,-25.38,359.69,0.9614,0.2090,0.1786,0.0026,-3.25,4.00,8.27,0.00,-0.06,-0.06,9.74,0,1.70,0.0689,-0.0802,0,0.000,0.000,0.00,0.00,0.000,0
-20.00,-25.38,359.69,0.9614,0.2090,0.1786,0.0026,-3.24,3.98,8.30,0.12,-0.12,0.06,9.76,0,1.70,0.0689,-0.0802,0,0.000,0.000,0.00,0.00,0.000,0
-20.00,-25.38,359.69,0.9614,0.2090,0.1786,0.0026,-3.25,3.99,8.24,-0.12,0.06,-0.06,9.71,0,1.70,0.0689,-0.0802,0,0.000,0.000,0.00,0.00,0.000,0
phase1 acc_mag=9.734 gravity=9.742 motion=0.008 moving_avg=0.013 rms=0.016 mean_rms=0.030 max_rms=0.039 min_rms=0.015 std=0.010 var=0.000 state=standing thr=0.080/0.350/0.850
-20.00,-25.38,359.69,0.9614,0.2090,0.1786,0.0026,-3.23,4.00,8.27,0.00,-0.06,0.00,9.74,0,1.70,0.0689,-0.0802,0,0.000,0.000,0.00,0.00,0.000,0
-20.00,-25.38,359.69,0.9614,0.2090,0.1786,0.0026,-3.24,3.99,8.31,0.00,-0.19,-0.12,9.77,0,1.70,0.0689,-0.0802,0,0.000,0.000,0.00,0.00,0.000,0
-20.00,-25.38,359.69,0.9614,0.2090,0.1786,0.0026,-3.25,4.00,8.27,0.12,-0.06,0.00,9.74,0,1.70,0.0689,-0.0802,0,0.000,0.000,0.00,0.00,0.000,0
-20.00,-25.38,359.69,0.9614,0.2090,0.1786,0.0026,-3.24,4.00,8.27,-0.12,0.06,-0.12,9.74,0,1.70,0.0689,-0.0802,0,0.000,0.000,0.00,0.00,0.000,0
phase1 acc_mag=9.753 gravity=9.742 motion=0.011 moving_avg=0.012 rms=0.015 mean_rms=0.025 max_rms=0.039 min_rms=0.015 std=0.010 var=0.000 state=standing thr=0.080/0.350/0.850
-20.00,-25.38,359.69,0.9614,0.2090,0.1786,0.0026,-3.23,4.00,8.25,-0.19,-0.06,0.00,9.72,0,1.70,0.0689,-0.0802,0,0.000,0.000,0.00,0.00,0.000,0
-20.00,-25.38,359.69,0.9614,0.2090,0.1786,0.0026,-3.23,4.00,8.30,-0.12,0.12,0.00,9.76,0,1.70,0.0689,-0.0802,0,0.000,0.000,0.00,0.00,0.000,0
-20.00,-25.38,359.69,0.9614,0.2090,0.1786,0.0026,-3.24,3.99,8.29,0.06,-0.19,0.00,9.75,0,1.70,0.0689,-0.0802,0,0.000,0.000,0.00,0.00,0.000,0
-20.00,-25.38,359.69,0.9614,0.2090,0.1786,0.0026,-3.23,3.99,8.30,-0.12,0.00,-0.06,9.76,0,1.70,0.0689,-0.0802,0,0.000,0.000,0.00,0.00,0.000,0
phase1 acc_mag=9.733 gravity=9.742 motion=0.009 moving_avg=0.012 rms=0.015 mean_rms=0.020 max_rms=0.038 min_rms=0.015 std=0.007 var=0.000 state=standing thr=0.080/0.350/0.850
-20.00,-25.38,359.69,0.9614,0.2090,0.1786,0.0026,-3.25,3.99,8.29,-0.06,0.25,0.00,9.76,0,1.70,0.0689,-0.0802,0,0.000,0.000,0.00,0.00,0.000,0
-20.00,-25.38,359.69,0.9614,0.2090,0.1786,0.0026,-3.25,4.00,8.24,0.00,0.00,-0.12,9.72,0,1.70,0.0689,-0.0802,0,0.000,0.000,0.00,0.00,0.000,0
-20.00,-25.38,359.69,0.9614,0.2090,0.1786,0.0026,-3.25,4.00,8.26,-0.19,0.00,0.00,9.74,0,1.70,0.0689,-0.0802,0,0.000,0.000,0.00,0.00,0.000,0
-20.00,-25.38,359.69,0.9614,0.2090,0.1786,0.0026,-3.24,3.98,8.27,0.00,0.00,0.06,9.73,0,1.70,0.0689,-0.0802,0,0.000,0.000,0.00,0.00,0.000,0
phase1 acc_mag=9.770 gravity=9.742 motion=0.028 moving_avg=0.012 rms=0.014 mean_rms=0.016 max_rms=0.021 min_rms=0.014 std=0.002 var=0.000 state=standing thr=0.080/0.350/0.850
-20.00,-25.38,359.69,0.9614,0.2090,0.1786,0.0026,-3.25,3.96,8.27,-0.12,0.12,-0.06,9.73,0,1.70,0.0689,-0.0802,0,0.000,0.000,0.00,0.00,0.000,0
-20.00,-25.38,359.69,0.9614,0.2090,0.1786,0.0026,-3.25,3.99,8.26,0.00,0.06,0.12,9.73,0,1.70,0.0689,-0.0802,0,0.000,0.000,0.00,0.00,0.000,0
-20.00,-25.38,359.69,0.9614,0.2090,0.1786,0.0026,-3.26,3.96,8.26,0.00,0.25,-0.12,9.72,0,1.70,0.0689,-0.0802,0,0.000,0.000,0.00,0.00,0.000,0
-20.00,-25.38,359.69,0.9614,0.2090,0.1786,0.0026,-3.23,3.99,8.28,0.00,-0.12,0.12,9.74,0,1.70,0.0689,-0.0802,0,0.000,0.000,0.00,0.00,0.000,0
phase1 acc_mag=9.770 gravity=9.742 motion=0.028 moving_avg=0.013 rms=0.015 mean_rms=0.015 max_rms=0.018 min_rms=0.014 std=0.001 var=0.000 state=standing thr=0.080/0.350/0.850
-20.00,-25.38,359.69,0.9614,0.2090,0.1786,0.0026,-3.25,3.97,8.25,-0.25,-0.06,0.12,9.72,0,1.70,0.0689,-0.0802,0,0.000,0.000,0.00,0.00,0.000,0
-20.00,-25.38,359.69,0.9614,0.2090,0.1786,0.0026,-3.25,4.00,8.28,0.12,0.00,-0.06,9.75,0,1.70,0.0689,-0.0802,0,0.000,0.000,0.00,0.00,0.000,0
-20.00,-25.38,359.69,0.9614,0.2090,0.1786,0.0026,-3.24,4.00,8.32,0.06,0.06,-0.06,9.78,0,1.70,0.0689,-0.0802,0,0.000,0.000,0.00,0.00,0.000,0
-20.00,-25.38,359.69,0.9614,0.2090,0.1786,0.0026,-3.25,3.98,8.27,0.06,0.06,-0.12,9.74,0,1.70,0.0689,-0.0802,0,0.000,0.000,0.00,0.00,0.000,0
phase1 acc_mag=9.750 gravity=9.742 motion=0.008 moving_avg=0.013 rms=0.016 mean_rms=0.015 max_rms=0.017 min_rms=0.014 std=0.001 var=0.000 state=standing thr=0.080/0.350/0.850
-20.00,-25.38,359.69,0.9614,0.2090,0.1786,0.0026,-3.25,4.01,8.29,0.06,0.00,0.00,9.77,0,1.70,0.0689,-0.0802,0,0.000,0.000,0.00,0.00,0.000,0
-20.00,-25.38,359.69,0.9614,0.2090,0.1786,0.0026,-3.26,3.99,8.26,0.06,0.19,-0.12,9.74,0,1.70,0.0689,-0.0802,0,0.000,0.000,0.00,0.00,0.000,0
-20.00,-25.38,359.69,0.9614,0.2090,0.1786,0.0026,-3.28,3.98,8.40,-0.25,-0.44,0.62,9.86,0,1.70,0.0689,-0.0802,0,0.000,0.000,0.00,0.00,0.000,0
-19.75,-24.75,359.44,0.9629,0.2039,0.1769,0.0046,-3.57,3.06,8.33,-21.75,-8.31,-7.62,9.57,0,1.70,0.0685,-0.0782,0,0.000,0.000,0.00,0.00,0.000,0
phase1 acc_mag=9.251 gravity=9.748 motion=0.498 moving_avg=0.033 rms=0.083 mean_rms=0.018 max_rms=0.083 min_rms=0.014 std=0.011 var=0.000 state=slow thr=0.080/0.350/0.850
-18.81,-25.00,359.44,0.9637,0.2070,0.1685,0.0045,-3.25,4.84,8.48,9.56,-17.50,10.88,10.29,0,1.70,0.0653,-0.0795,0,0.000,0.000,0.00,0.00,0.000,0
-20.12,-24.94,359.81,0.9620,0.2059,0.1791,0.0011,-3.81,2.05,12.86,22.19,51.69,-39.25,13.57,0,1.70,0.0690,-0.0791,0,0.000,0.000,0.00,0.00,0.000,0
-17.94,-28.12,1.06,0.9572,0.2447,0.1545,-0.0104,-2.24,4.31,7.69,107.69,-45.81,13.19,9.10,0,1.70,0.0581,-0.0943,0,0.000,0.000,0.00,0.00,0.000,0
-12.56,-34.44,0.00,0.9499,0.2908,0.1147,-0.0005,-6.75,11.13,7.27,37.00,-51.31,40.75,14.91,0,1.70,0.0435,-0.1105,0,0.000,0.000,0.00,0.00,0.000,0
phase1 acc_mag=13.063 gravity=9.980 motion=3.083 moving_avg=0.576 rms=2.138 mean_rms=0.162 max_rms=2.138 min_rms=0.014 std=0.402 var=0.162 state=running thr=0.966/1.166/1.666
-7.56,-32.44,4.06,0.9576,0.2798,0.0590,-0.0344,0.19,6.27,7.67,11.62,-159.25,-15.38,9.91,0,1.70,0.0187,-0.1080,0,0.000,0.000,0.00,0.00,0.000,0
-4.44,-29.25,6.19,0.9665,0.2490,0.0298,-0.0551,-1.91,3.70,7.45,-62.19,24.50,-41.88,8.53,0,1.70,0.0060,-0.0969,0,0.000,0.000,0.00,0.00,0.000,0
-7.94,-24.88,10.44,0.9702,0.2196,0.0512,-0.0888,2.24,4.14,7.37,-66.00,39.69,-97.56,8.74,0,1.70,0.0121,-0.0870,0,0.000,0.000,0.00,0.00,0.000,0
-14.06,-19.69,14.56,0.9700,0.1819,0.1023,-0.1244,-1.63,1.09,8.01,-83.19,91.12,-98.19,8.25,0,1.70,0.0306,-0.0757,0,0.000,0.000,0.00,0.00,0.000,0
phase1 acc_mag=9.549 gravity=9.887 motion=0.339 moving_avg=0.749 rms=2.191 mean_rms=0.612 max_rms=2.191 min_rms=0.015 std=0.890 var=0.792 state=standing thr=2.391/2.591/3.091
-18.50,-15.31,18.81,0.9651,0.1531,0.1394,-0.1601,-8.08,-0.51,9.10,-75.19,-12.25,14.06,12.18,0,1.70,0.0440,-0.0680,0,0.000,0.000,0.00,0.00,0.000,0
-7.00,-20.62,11.50,0.9769,0.1784,0.0508,-0.1067,-1.20,-0.10,9.30,-63.69,54.56,-113.88,9.38,0,1.70,0.0122,-0.0719,0,0.000,0.000,0.00,0.00,0.000,0
-9.50,-20.19,14.00,0.9738,0.1828,0.0623,-0.1197,-1.06,5.18,7.29,7.94,19.94,-25.69,9.01,0,1.70,0.0155,-0.0742,0,0.000,0.000,0.00,0.00,0.000,0
-13.50,-26.88,12.56,0.9550,0.2593,0.1040,-0.0993,-1.37,7.03,0.90,219.25,149.00,64.44,7.22,0,1.70,0.0294,-0.1032,1,0.788,0.000,0.00,0.00,0.788,0
phase1 acc_mag=27.040 gravity=10.011 motion=17.029 moving_avg=1.324 rms=2.990 mean_rms=1.097 max_rms=2.990 min_rms=0.015 std=1.051 var=1.105 state=standing thr=3.199/3.399/3.899
-22.38,-41.25,6.12,0.9192,0.3421,0.1889,-0.0493,-5.61,10.23,18.69,-99.94,167.44,98.19,22.03,0,1.70,0.0627,-0.1295,1,0.788,0.000,0.00,0.00,0.788,0
-23.50,-35.81,1.38,0.9338,0.2893,0.2098,-0.0145,-6.51,1.88,4.87,-3.44,-19.38,-34.06,8.34,0,1.70,0.0767,-0.1093,1,0.788,0.000,0.00,0.00,0.788,0
-22.44,-39.19,7.19,0.9244,0.3279,0.1860,-0.0585,-3.57,8.96,7.92,64.88,-58.19,-86.00,12.48,0,1.70,0.0611,-0.1256,1,0.788,0.000,0.00,0.00,0.788,0
phase1 acc_mag=7.367 gravity=10.469 motion=3.103 moving_avg=2.003 rms=3.899 mean_rms=1.895 max_rms=3.899 min_rms=0.016 std=1.332 var=1.774 state=standing thr=4.559/4.759/5.259
-21.88,-34.75,9.06,0.9357,0.2967,0.1760,-0.0743,0.35,2.93,6.75,-12.38,52.38,13.75,7.37,0,1.70,0.0570,-0.1163,1,0.788,0.000,0.00,0.00,0.788,0
-25.38,-34.75,5.12,0.9323,0.2859,0.2174,-0.0421,-1.92,-0.19,6.66,-162.00,-45.56,158.19,6.93,0,1.70,0.0763,-0.1103,1,0.788,0.000,0.00,0.00,0.788,0
-28.62,-37.88,4.19,0.9164,0.3104,0.2505,-0.0344,-7.83,6.22,2.35,117.38,69.88,-24.50,10.27,0,1.70,0.0876,-0.1172,1,0.788,0.000,0.00,0.00,0.788,0
-25.56,-46.88,10.00,0.8956,0.3858,0.2073,-0.0785,-3.66,10.22,6.71,135.38,-95.38,-30.81,12.76,0,1.70,0.0622,-0.1447,1,0.788,0.000,0.00,0.00,0.788,0
phase1 acc_mag=14.597 gravity=10.901 motion=3.696 moving_avg=2.581 rms=4.513 mean_rms=2.762 max_rms=4.513 min_rms=0.253 std=1.262 var=1.592 state=standing thr=5.286/5.486/5.986
-24.75,-45.69,12.00,0.9036,0.3708,0.1935,-0.0926,-2.47,5.33,5.73,-148.94,-2.56,0.00,8.21,0,1.70,0.0562,-0.1412,1,0.788,0.000,0.00,0.00,0.788,0
-26.62,-44.00,8.19,0.9039,0.3598,0.2222,-0.0649,-7.16,7.45,7.15,39.12,73.50,-7.94,12.57,0,1.70,0.0710,-0.1359,1,0.788,0.000,0.00,0.00,0.788,0
-26.88,-41.81,8.88,0.9116,0.3405,0.2181,-0.0742,-4.16,5.16,5.36,-39.81,-65.12,-30.88,8.52,0,1.70,0.0694,-0.1306,1,0.788,0.000,0.00,0.00,0.788,0
-26.00,-39.00,11.69,0.9166,0.3296,0.2056,-0.0941,-3.80,5.87,8.11,0.50,19.38,-25.88,10.71,0,1.70,0.0630,-0.1286,1,0.788,0.000,0.00,0.00,0.788,0
phase1 acc_mag=9.997 gravity=10.689 motion=0.692 moving_avg=2.359 rms=4.057 mean_rms=3.432 max_rms=4.540 min_rms=2.138 std=0.980 var=0.960 state=standing thr=5.391/5.591/6.091
-26.25,-37.06,11.75,0.9212,0.3149,0.2079,-0.0948,-2.84,4.14,6.60,-26.44,5.12,2.44,8.29,0,1.70,0.0647,-0.1239,1,0.788,0.000,0.00,0.00,0.788,0
-27.81,-37.88,11.62,0.9166,0.3189,0.2222,-0.0935,-5.57,5.55,7.49,18.31,-27.31,-15.31,10.86,0,1.70,0.0696,-0.1252,1,0.788,0.000,0.00,0.00,0.788,0
-26.50,-37.00,15.56,0.9172,0.3209,0.1997,-0.1255,-5.20,6.26,6.56,21.25,-32.56,-43.06,10.45,0,1.70,0.0572,-0.1278,1,0.788,0.000,0.00,0.00,0.788,0
-24.06,-36.44,19.31,0.9179,0.3242,0.1671,-0.1566,-2.93,6.68,6.91,37.50,-40.12,-17.25,10.05,0,1.70,0.0410,-0.1295,1,0.788,0.000,0.00,0.00,0.788,0
phase1 acc_mag=10.693 gravity=10.712 motion=0.019 moving_avg=2.373 rms=4.065 mean_rms=3.850 max_rms=4.540 min_rms=2.219 std=0.724 var=0.525 state=standing thr=5.299/5.499/5.999
-23.31,-35.44,20.81,0.9194,0.3186,0.1569,-0.1694,-3.98,4.75,6.48,-38.00,-55.81,-18.00,8.97,0,1.70,0.0361,-0.1278,1,0.788,0.000,0.00,0.00,0.788,0
-23.00,-34.38,22.44,0.9200,0.3124,0.1503,-0.1826,-3.50,4.58,7.06,35.44,-3.12,-17.25,9.11,0,1.70,0.0325,-0.1260,1,0.788,0.000,0.00,0.00,0.788,0
-22.44,-35.06,22.06,0.9200,0.3172,0.1465,-0.1772,-2.17,5.07,6.94,-6.50,16.56,26.56,8.86,0,1.70,0.0314,-0.1271,1,0.788,0.000,0.00,0.00,0.788,0
-23.31,-36.44,19.56,0.9188,0.3243,0.1596,-0.1586,-4.32,6.09,7.57,1.88,54.50,23.56,10.63,0,1.70,0.0381,-0.1293,1,0.788,0.000,0.00,0.00,0.788,0
phase1 acc_mag=11.208 gravity=10.205 motion=1.004 moving_avg=1.686 rms=2.694 mean_rms=4.109 max_rms=4.540 min_rms=2.694 std=0.322 var=0.104 state=standing thr=4.753/4.953/5.453
-25.00,-36.12,17.81,0.9193,0.3189,0.1802,-0.1442,-6.38,6.93,4.94,-22.81,38.25,-30.50,10.64,0,1.70,0.0479,-0.1277,1,0.788,0.000,0.00,0.00,0.788,0
-24.12,-34.06,15.88,0.9282,0.3003,0.1783,-0.1283,-2.92,4.00,6.73,-24.44,-1.94,17.31,8.36,0,1.70,0.0508,-0.1206,1,0.788,0.000,0.00,0.00,0.788,0
-25.62,-34.19,14.25,0.9269,0.2979,0.1961,-0.1163,-5.06,6.15,6.23,-42.88,58.50,7.50,10.11,0,1.70,0.0589,-0.1196,1,0.788,0.000,0.00,0.00,0.788,0
phase1 acc_mag=11.740 gravity=9.941 motion=1.798 moving_avg=1.312 rms=1.699 mean_rms=3.842 max_rms=4.540 min_rms=1.699 std=0.708 var=0.502 state=standing thr=5.259/5.459/5.959
-27.31,-34.19,11.44,0.9258,0.2933,0.2194,-0.0933,-5.90,5.50,8.53,32.06,37.69,1.81,11.74,0,1.70,0.0703,-0.1168,1,0.788,0.000,0.00,0.00,0.788,0
-25.88,-30.44,12.00,0.9366,0.2655,0.2043,-0.1021,-6.20,4.54,7.53,15.75,-20.50,-35.25,10.76,0,1.70,0.0657,-0.1078,1,0.788,0.000,0.00,0.00,0.788,0
-23.62,-27.56,14.31,0.9443,0.2475,0.1813,-0.1188,-2.46,4.42,8.65,-53.38,-72.75,-19.38,10.02,0,1.70,0.0567,-0.1021,1,0.788,0.000,0.00,0.00,0.788,0
-28.25,-26.00,10.12,0.9458,0.2134,0.2315,-0.0798,-10.60,3.65,8.10,-154.69,-4.62,12.06,13.83,0,1.70,0.0808,-0.0881,1,0.788,0.000,0.00,0.00,0.788,0
phase1 acc_mag=6.411 gravity=10.116 motion=3.705 moving_avg=1.313 rms=1.841 mean_rms=3.289 max_rms=4.540 min_rms=1.530 std=1.026 var=1.052 state=standing thr=5.340/5.540/6.040
-23.56,-22.62,8.25,0.9581,0.1982,0.1946,-0.0693,6.07,4.57,7.36,70.12,6.06,107.25,10.58,0,1.70,0.0691,-0.0814,1,0.788,0.000,0.00,0.00,0.788,0
-26.00,-21.00,8.50,0.9575,0.1844,0.2108,-0.0696,-2.80,5.59,9.85,-3.25,-54.75,29.06,11.67,0,1.70,0.0756,-0.0765,1,0.788,0.000,0.00,0.00,0.788,0
-16.25,-14.56,6.25,0.9807,0.1307,0.1355,-0.0539,2.78,7.30,7.23,-151.31,-173.31,126.31,10.64,0,1.70,0.0503,-0.0542,1,0.788,0.000,0.00,0.00,0.788,0
-21.69,-15.94,5.19,0.9719,0.1399,0.1840,-0.0443,-7.78,11.32,7.22,-70.69,4.62,84.69,15.52,0,1.70,0.0690,-0.0576,1,0.788,0.000,0.00,0.00,0.788,0
phase1 acc_mag=8.377 gravity=10.774 motion=2.397 moving_avg=1.646 rms=2.640 mean_rms=2.847 max_rms=4.081 min_rms=1.530 std=0.970 var=0.941 state=standing thr=4.787/4.987/5.487
-22.19,-9.31,357.44,0.9780,0.0723,0.1947,0.0219,0.32,-0.17,5.94,-162.75,172.81,55.00,5.95,0,1.70,0.0768,-0.0266,1,0.788,0.000,0.00,0.00,0.788,0
-25.75,-8.19,355.00,0.9716,0.0565,0.2261,0.0421,-1.44,1.75,8.49,50.06,-49.25,37.38,8.79,0,1.70,0.0888,-0.0181,1,0.788,0.000,0.00,0.00,0.788,0
-26.69,-10.00,358.31,0.9693,0.0769,0.2331,0.0140,-4.32,1.45,8.78,90.19,19.81,-89.25,9.89,0,1.70,0.0908,-0.0285,1,0.788,0.000,0.00,0.00,0.788,0
-27.19,-11.31,2.38,0.9669,0.0958,0.2355,-0.0214,-1.71,0.79,8.36,8.56,13.88,-11.31,8.57,0,1.70,0.0903,-0.0391,1,0.788,0.000,0.00,0.00,0.788,0
phase1 acc_mag=6.055 gravity=10.913 motion=4.858 moving_avg=2.031 rms=2.984 mean_rms=2.596 max_rms=4.053 min_rms=1.530 std=0.751 var=0.564 state=standing thr=4.097/4.297/4.797
-29.81,-12.31,5.38,0.9600,0.1085,0.2542,-0.0454,-3.96,3.80,8.45,25.69,0.69,6.44,10.08,0,1.70,0.0956,-0.0463,1,0.788,0.000,0.00,0.00,0.788,0
-31.00,-11.94,6.94,0.9570,0.1077,0.2626,-0.0596,-3.12,0.34,8.48,-4.50,-5.31,-19.38,9.04,0,1.70,0.0979,-0.0475,1,0.788,0.000,0.00,0.00,0.788,0
-31.19,-12.25,9.31,0.9548,0.1168,0.2620,-0.0782,-3.88,2.69,7.89,18.31,-28.06,9.31,9.19,0,1.70,0.0964,-0.0528,1,0.788,0.000,0.00,0.00,0.788,0
-30.50,-11.38,10.69,0.9563,0.1124,0.2535,-0.0929,-4.70,2.51,8.42,7.00,-25.00,-36.56,9.96,0,1.70,0.0928,-0.0524,1,0.788,0.000,0.00,0.00,0.788,0
phase1 acc_mag=9.347 gravity=10.970 motion=1.623 moving_avg=2.021 rms=2.986 mean_rms=2.453 max_rms=2.986 min_rms=1.530 std=0.523 var=0.273 state=standing thr=3.498/3.698/4.198
-29.25,-9.25,13.06,0.9583,0.1012,0.2433,-0.1102,-4.44,2.40,8.38,-12.44,-21.62,-23.56,9.78,0,1.70,0.0888,-0.0495,1,0.788,0.000,0.00,0.00,0.788,0
-28.81,-6.44,15.75,0.9579,0.0846,0.2400,-0.1326,-5.52,3.33,7.99,-12.88,3.88,-97.81,10.27,0,1.70,0.0875,-0.0451,1,0.788,0.000,0.00,0.00,0.788,0
-27.56,-0.38,20.19,0.9561,0.0449,0.2341,-0.1704,-4.25,1.00,8.72,-20.50,-69.44,51.88,9.75,0,1.70,0.0865,-0.0331,1,0.788,0.000,0.00,0.00,0.788,0
-25.94,-1.19,19.12,0.9604,0.0466,0.2214,-0.1628,-4.82,1.69,8.95,-3.19,14.44,-11.44,10.30,0,1.70,0.0820,-0.0323,1,0.788,0.000,0.00,0.00,0.788,0
phase1 acc_mag=10.166 gravity=10.974 motion=0.808 moving_avg=2.090 rms=3.007 mean_rms=2.567 max_rms=3.015 min_rms=1.530 std=0.540 var=0.292 state=standing thr=3.648/3.848/4.348
-24.94,0.19,18.44,0.9637,0.0330,0.2134,-0.1569,-4.25,1.31,8.89,-38.44,-8.25,-2.94,9.94,0,1.70,0.0802,-0.0261,1,0.788,0.000,0.00,0.00,0.788,0
-23.69,0.75,16.44,0.9684,0.0269,0.2043,-0.1406,-1.88,-1.36,10.40,43.44,5.25,1.62,10.66,0,1.70,0.0776,-0.0219,1,0.788,0.000,0.00,0.00,0.788,0
-23.75,0.62,16.06,0.9689,0.0237,0.2048,-0.1367,-4.96,1.41,9.77,-1.69,-2.38,3.31,11.05,0,1.70,0.0781,-0.0204,1,0.788,0.000,0.00,0.00,0.788,0
phase1 acc_mag=10.549 gravity=10.716 motion=0.167 moving_avg=1.738 rms=2.640 mean_rms=2.801 max_rms=3.015 min_rms=1.862 std=0.322 var=0.104 state=standing thr=3.445/3.645/4.145
-23.44,0.31,15.94,0.9696,0.0253,0.2020,-0.1359,-3.94,-0.33,9.78,21.56,-3.44,4.75,10.55,0,1.70,0.0770,-0.0208,1,0.788,0.000,0.00,0.00,0.788,0
-22.88,0.31,16.19,0.9703,0.0252,0.1971,-0.1381,-5.07,0.80,9.69,-18.00,-12.50,16.38,10.97,0,1.70,0.0751,-0.0207,1,0.788,0.000,0.00,0.00,0.788,0
-22.38,-1.06,14.06,0.9738,0.0358,0.1915,-0.1171,-5.18,0.32,9.62,30.94,2.31,42.12,10.93,0,1.70,0.0729,-0.0229,1,0.788,0.000,0.00,0.00,0.788,0
-22.06,-6.19,9.94,0.9763,0.0679,0.1870,-0.0851,-4.17,2.25,11.36,13.50,-13.06,65.12,12.31,0,1.70,0.0707,-0.0329,1,0.788,0.000,0.00,0.00,0.788,0
phase1 acc_mag=11.529 gravity=10.541 motion=0.988 moving_avg=1.230 rms=1.629 mean_rms=2.788 max_rms=3.015 min_rms=1.629 std=0.350 var=0.123 state=standing thr=3.488/3.688/4.188
-20.50,-10.88,6.12,0.9785,0.1054,0.1710,-0.0461,-3.41,3.80,10.87,53.31,-25.56,88.50,12.01,0,1.70,0.0650,-0.0444,1,0.788,0.000,0.00,0.00,0.788,0
-16.75,-14.88,0.19,0.9811,0.1258,0.1470,-0.0021,-1.32,3.02,10.46,9.56,-37.56,77.50,10.97,0,1.70,0.0576,-0.0495,1,0.788,0.000,0.00,0.00,0.788,0
-12.25,-17.69,356.44,0.9821,0.1477,0.1131,0.0302,-1.14,1.88,8.02,39.75,-47.62,54.44,8.32,0,1.70,0.0462,-0.0567,1,0.788,0.000,0.00,0.00,0.788,0
-7.12,-18.62,353.31,0.9832,0.1573,0.0725,0.0569,-0.22,0.65,8.39,-24.25,-53.75,32.69,8.42,0,1.70,0.0321,-0.0602,2,0.890,0.000,0.00,0.00,1.678,0
phase1 acc_mag=9.215 gravity=10.239 motion=1.024 moving_avg=1.100 rms=1.319 mean_rms=2.480 max_rms=3.015 min_rms=1.282 std=0.648 var=0.421 state=standing thr=3.777/3.977/4.477
-3.56,-18.56,351.88,0.9839,0.1597,0.0395,0.0700,0.99,2.59,9.60,8.38,-41.19,9.12,9.99,0,1.70,0.0200,-0.0617,2,0.890,0.000,0.00,0.00,1.678,0
0.69,-21.19,351.62,0.9803,0.1839,0.0068,0.0716,1.08,4.29,9.21,70.12,-51.94,6.56,10.22,0,1.70,0.0079,-0.0719,2,0.890,0.000,0.00,0.00,1.678,0
4.38,-25.94,351.25,0.9709,0.2267,-0.0221,0.0739,1.85,5.01,7.94,51.62,-64.44,32.69,9.57,0,1.70,-0.0019,-0.0887,2,0.890,0.000,0.00,0.00,1.678,0
7.69,-28.25,350.62,0.9645,0.2473,-0.0494,0.0789,2.39,5.17,8.02,34.06,-35.44,17.19,9.84,0,1.70,-0.0113,-0.0970,2,0.890,0.000,0.00,0.00,1.678,0
phase1 acc_mag=9.001 gravity=10.224 motion=1.223 moving_avg=0.952 rms=1.200 mean_rms=2.095 max_rms=3.015 min_rms=1.200 std=0.749 var=0.561 state=standing thr=3.593/3.793/4.293
9.56,-29.94,349.81,0.9590,0.2626,-0.0635,0.0853,1.76,5.96,7.70,44.56,-12.50,24.88,9.89,0,1.70,-0.0154,-0.1029,2,0.890,0.000,0.00,0.00,1.678,0
11.12,-31.19,348.25,0.9536,0.2748,-0.0734,0.0986,2.31,5.40,7.09,12.56,1.69,10.06,9.21,0,1.70,-0.0172,-0.1077,2,0.890,0.000,0.00,0.00,1.678,0
11.12,-31.25,347.00,0.9526,0.2755,-0.0704,0.1085,1.84,5.42,6.33,-1.25,8.94,37.69,8.53,0,1.70,-0.0149,-0.1080,2,0.890,0.000,0.00,0.00,1.678,0
11.69,-30.19,343.56,0.9507,0.2675,-0.0677,0.1418,1.68,6.25,6.87,-11.75,20.38,53.69,9.44,0,1.70,-0.0106,-0.1055,2,0.890,0.000,0.00,0.00,1.678,0
phase1 acc_mag=9.235 gravity=10.082 motion=0.847 moving_avg=0.902 rms=1.153 mean_rms=1.712 max_rms=3.010 min_rms=1.153 std=0.644 var=0.415 state=standing thr=3.001/3.201/3.701
12.62,-30.38,338.94,0.9420,0.2759,-0.0642,0.1804,3.15,6.04,6.77,37.94,22.81,56.00,9.60,0,1.70,-0.0043,-0.1086,2,0.890,0.000,0.00,0.00,1.678,0
13.81,-30.88,333.44,0.9318,0.2823,-0.0620,0.2195,3.16,5.43,6.96,6.88,27.56,66.25,9.38,0,1.70,0.0017,-0.1107,2,0.890,0.000,0.00,0.00,1.678,0
14.38,-32.06,327.94,0.9150,0.2966,-0.0499,0.2689,2.08,7.00,9.53,39.88,35.38,61.06,12.01,0,1.70,0.0136,-0.1139,2,0.890,0.000,0.00,0.00,1.678,0
phase1 acc_mag=10.584 gravity=10.097 motion=0.487 moving_avg=1.019 rms=1.248 mean_rms=1.379 max_rms=2.562 min_rms=1.147 std=0.357 var=0.127 state=standing thr=2.093/2.293/2.793
16.62,-33.00,321.31,0.8961,0.3093,-0.0513,0.3143,1.04,3.54,9.92,7.00,11.25,72.62,10.58,0,1.70,0.0205,-0.1173,2,0.890,0.000,0.00,0.00,1.678,0
20.06,-31.56,315.81,0.8791,0.3083,-0.0703,0.3567,1.36,1.43,6.12,-1.06,2.00,34.81,6.43,0,1.70,0.0193,-0.1184,2,0.890,0.000,0.00,0.00,1.678,0
20.50,-31.19,314.69,0.8759,0.3071,-0.0719,0.3653,2.47,2.81,5.74,3.06,7.94,-10.19,6.85,0,1.70,0.0197,-0.1181,2,0.890,0.000,0.00,0.00,1.678,0
19.31,-32.94,316.00,0.8781,0.3182,-0.0581,0.3525,1.66,4.85,4.95,17.88,12.00,-32.12,7.13,0,1.70,0.0245,-0.1200,2,0.890,0.000,0.00,0.00,1.678,0
phase1 acc_mag=6.916 gravity=9.146 motion=2.230 moving_avg=1.275 rms=1.577 mean_rms=1.275 max_rms=1.577 min_rms=1.147 std=0.120 var=0.014 state=slow thr=1.515/1.715/2.215
17.06,-35.19,317.50,0.8795,0.3288,-0.0394,0.3419,1.81,5.90,6.47,37.69,17.44,-27.56,8.94,0,1.70,0.0311,-0.1210,2,0.890,0.000,0.00,0.00,1.678,0
15.75,-35.94,318.69,0.8831,0.3314,-0.0284,0.3309,1.86,3.90,4.97,2.50,7.12,-19.56,6.59,0,1.70,0.0338,-0.1208,2,0.890,0.000,0.00,0.00,1.678,0
14.44,-35.00,320.94,0.8924,0.3209,-0.0262,0.3162,2.27,1.50,4.36,-15.75,12.56,-47.81,5.14,0,1.70,0.0312,-0.1179,2,0.890,0.000,0.00,0.00,1.678,0
10.25,-37.62,324.38,0.8979,0.3323,0.0073,0.2885,1.91,6.61,7.66,47.31,41.56,-91.44,10.30,0,1.70,0.0410,-0.1185,2,0.890,0.000,0.00,0.00,1.678,0
phase1 acc_mag=10.138 gravity=8.735 motion=1.403 moving_avg=1.418 rms=1.729 mean_rms=1.337 max_rms=1.729 min_rms=1.147 std=0.192 var=0.037 state=slow thr=1.720/1.920/2.420
3.88,-41.12,199.12,0.1559,0.0943,0.3398,0.9227,0.48,7.91,8.12,51.94,26.81,-78.38,11.35,0,1.70,0.0560,0.1195,2,0.890,0.000,0.00,0.00,1.678,0
2.50,-39.12,201.88,0.1833,0.0837,0.3202,0.9257,2.29,5.76,8.66,-61.25,3.69,-55.06,10.65,0,1.70,0.0545,0.1124,2,0.890,0.000,0.00,0.00,1.678,0
-0.81,-37.38,205.94,0.2128,0.0645,0.3141,0.9230,1.44,6.49,9.04,-1.19,14.50,-59.94,11.22,0,1.70,0.0505,0.1105,2,0.890,0.000,0.00,0.00,1.678,0
-4.94,-39.88,208.94,0.2351,0.0405,0.3411,0.9093,-0.48,9.03,8.43,32.81,22.75,-17.44,12.36,0,1.70,0.0468,0.1202,2,0.890,0.000,0.00,0.00,1.678,0
phase1 acc_mag=11.729 gravity=9.190 motion=2.539 moving_avg=1.849 rms=2.112 mean_rms=1.495 max_rms=2.112 min_rms=1.147 std=0.297 var=0.088 state=slow thr=2.088/2.288/2.788
-6.38,-39.38,208.62,0.2325,0.0253,0.3400,0.9109,-0.69,7.29,8.30,-13.44,34.25,-8.25,11.07,0,1.70,0.0408,0.1215,2,0.890,0.000,0.00,0.00,1.678,0
-7.94,-39.06,208.31,0.2297,0.0070,0.3408,0.9116,-1.07,7.49,8.31,3.06,33.38,-10.25,11.24,0,1.70,0.0339,0.1236,2,0.890,0.000,0.00,0.00,1.678,0
-9.19,-39.19,207.69,0.2242,-0.0051,0.3428,0.9122,-1.35,6.23,7.46,-5.19,18.44,0.75,9.81,0,1.70,0.0289,0.1256,2,0.890,0.000,0.00,0.00,1.678,0
-10.00,-38.75,207.31,0.2221,-0.0125,0.3406,0.9135,-1.80,5.30,7.86,-5.62,5.88,-4.44,9.65,0,1.70,0.0257,0.1256,2,0.890,0.000,0.00,0.00,1.678,0
phase1 acc_mag=9.835 gravity=9.405 motion=0.430 moving_avg=1.871 rms=2.129 mean_rms=1.694 max_rms=2.133 min_rms=1.147 std=0.331 var=0.110 state=standing thr=2.357/2.557/3.057
-10.50,-38.88,208.44,0.2312,-0.0136,0.3427,0.9105,-2.39,6.18,8.33,7.38,-9.12,-16.50,10.64,0,1.70,0.0267,0.1260,2,0.890,0.000,0.00,0.00,1.678,0
-9.44,-38.19,209.25,0.2381,-0.0027,0.3357,0.9114,-1.62,5.01,8.70,-20.88,-29.62,-0.38,10.17,0,1.70,0.0310,0.1226,2,0.890,0.000,0.00,0.00,1.678,0
-8.06,-37.62,210.44,0.2484,0.0121,0.3284,0.9112,-1.29,5.40,7.66,6.00,-29.25,-12.31,9.46,0,1.70,0.0370,0.1185,2,0.890,0.000,0.00,0.00,1.678,0
phase1 acc_mag=10.243 gravity=9.458 motion=0.785 moving_avg=1.716 rms=2.009 mean_rms=1.889 max_rms=2.149 min_rms=1.427 std=0.245 var=0.060 state=standing thr=2.379/2.579/3.079
-6.62,-37.12,211.31,0.2559,0.0286,0.3198,0.9119,-1.32,6.36,7.92,-17.88,-30.12,6.81,10.24,0,1.70,0.0432,0.1137,2,0.890,0.000,0.00,0.00,1.678,0
-4.19,-35.69,211.25,0.2562,0.0483,0.3037,0.9164,-0.75,7.46,9.80,-6.00,-33.06,14.50,12.34,0,1.70,0.0488,0.1064,2,0.890,0.000,0.00,0.00,1.678,0
-2.00,-34.38,211.56,0.2601,0.0629,0.2896,0.9189,-1.15,7.82,10.36,-30.88,-39.75,0.81,13.03,0,1.70,0.0532,0.0999,2,0.890,0.000,0.00,0.00,1.678,0
2.81,-32.25,210.56,0.2512,0.1046,0.2561,0.9276,-0.24,5.01,9.00,-33.56,-77.94,54.06,10.30,0,1.70,0.0645,0.0845,2,0.890,0.000,0.00,0.00,1.678,0
phase1 acc_mag=9.165 gravity=10.308 motion=1.143 moving_avg=1.657 rms=1.977 mean_rms=1.976 max_rms=2.149 min_rms=1.585 std=0.168 var=0.028 state=standing thr=2.312/2.512/3.012
8.62,-30.25,208.69,0.2355,0.1455,0.2289,0.9333,0.57,6.03,8.34,-10.44,-58.88,54.06,10.31,0,1.70,0.0759,0.0717,2,0.890,0.000,0.00,0.00,1.678,0
14.94,-28.88,205.00,0.2031,0.1905,0.2066,0.9380,3.89,3.98,7.47,8.00,-63.44,78.75,9.32,0,1.70,0.0883,0.0620,2,0.890,0.000,0.00,0.00,1.678,0
20.88,-28.94,200.31,0.1682,0.2263,0.2003,0.9383,5.13,5.12,7.70,34.12,-27.38,55.56,10.57,0,1.70,0.0984,0.0600,2,0.890,0.000,0.00,0.00,1.678,0
24.00,-30.12,197.88,0.1470,0.2504,0.2059,0.9345,4.44,5.48,7.03,17.25,-50.44,36.38,9.96,0,1.70,0.1057,0.0622,2,0.890,0.000,0.00,0.00,1.678,0
phase1 acc_mag=8.831 gravity=10.618 motion=1.787 moving_avg=1.395 rms=1.709 mean_rms=2.008 max_rms=2.149 min_rms=1.709 std=0.116 var=0.013 state=standing thr=2.240/2.440/2.940
28.69,-31.12,195.31,0.1251,0.2870,0.2058,0.9272,4.20,3.05,5.05,23.75,-48.31,38.81,7.24,0,1.70,0.1167,0.0620,2,0.890,0.000,0.00,0.00,1.678,0
31.75,-32.88,192.88,0.0985,0.3146,0.2180,0.9186,4.06,2.71,5.06,42.62,-34.75,60.75,7.03,0,1.70,0.1242,0.0677,3,0.723,0.000,0.00,0.00,2.401,0
34.44,-35.19,189.50,0.0758,0.3298,0.2336,0.9116,3.93,1.62,4.35,46.25,-9.00,17.62,6.08,0,1.70,0.1273,0.0752,3,0.723,0.000,0.00,0.00,2.401,0
35.19,-37.19,187.94,0.0634,0.3356,0.2493,0.9062,4.33,0.92,3.80,25.31,2.69,-2.69,5.83,0,1.70,0.1280,0.0818,3,0.723,0.000,0.00,0.00,2.401,0
phase1 acc_mag=5.376 gravity=9.643 motion=4.267 moving_avg=1.599 rms=2.029 mean_rms=1.976 max_rms=2.149 min_rms=1.707 std=0.137 var=0.019 state=standing thr=2.250/2.450/2.950
34.12,-39.25,189.19,0.0726,0.3321,0.2634,0.9028,3.86,3.22,3.91,10.50,3.56,-35.94,6.37,0,1.70,0.1276,0.0855,3,0.723,0.000,0.00,0.00,2.401,0
33.00,-41.19,191.25,0.0888,0.3304,0.2746,0.8986,5.80,4.42,6.55,28.00,-18.75,-34.44,9.80,0,1.70,0.1285,0.0870,3,0.723,0.000,0.00,0.00,2.401,0
33.19,-45.94,193.88,0.1075,0.3469,0.2983,0.8827,10.04,9.09,6.82,36.25,-44.75,-26.06,15.16,0,1.70,0.1353,0.0904,3,0.723,0.000,0.00,0.00,2.401,0
34.00,-46.19,196.38,0.1279,0.3619,0.2858,0.8781,9.08,7.68,5.94,-38.44,-25.75,4.88,13.29,0,1.70,0.1417,0.0818,3,0.723,0.000,0.00,0.00,2.401,0
phase1 acc_mag=11.837 gravity=9.899 motion=1.939 moving_avg=2.076 rms=2.581 mean_rms=1.996 max_rms=2.581 min_rms=1.707 std=0.187 var=0.035 state=walking thr=2.370/2.570/3.070
35.44,-42.50,197.44,0.1373,0.3669,0.2492,0.8857,7.08,6.06,4.87,-69.38,-7.06,11.88,10.52,0,1.70,0.1437,0.0681,3,0.723,0.000,0.00,0.00,2.401,0
35.50,-37.50,198.50,0.1462,0.3603,0.2182,0.8951,5.85,3.99,5.64,-46.38,2.94,6.75,9.05,0,1.70,0.1418,0.0571,3,0.723,0.000,0.00,0.00,2.401,0
34.81,-35.31,199.69,0.1602,0.3489,0.2036,0.9006,5.93,2.72,5.23,-19.56,21.81,-35.50,8.36,0,1.70,0.1388,0.0510,3,0.723,0.000,0.00,0.00,2.401,0
phase1 acc_mag=8.109 gravity=9.684 motion=1.575 moving_avg=2.137 rms=2.607 mean_rms=2.099 max_rms=2.607 min_rms=1.707 std=0.307 var=0.094 state=standing thr=2.713/2.913/3.413
31.94,-34.69,203.81,0.1904,0.3354,0.1970,0.9014,4.17,5.19,4.63,-44.50,4.25,-57.31,8.11,0,1.70,0.1359,0.0455,4,0.782,1.089,83.57,1.39,3.183,0
30.44,-31.38,207.94,0.2252,0.3222,0.1685,0.9039,4.16,4.51,5.28,-50.56,0.25,-24.69,8.09,0,1.70,0.1317,0.0319,4,0.782,1.089,83.57,1.39,3.183,0
30.38,-27.75,209.75,0.2413,0.3153,0.1376,0.9074,3.86,3.58,4.82,-88.38,-10.50,7.88,7.14,0,1.70,0.1277,0.0195,4,0.782,1.089,83.57,1.39,3.183,0
30.31,-24.19,211.00,0.2546,0.3076,0.1082,0.9104,3.99,2.75,5.71,-12.94,-2.38,-16.69,7.49,0,1.70,0.1230,0.0081,4,0.782,1.089,83.57,1.39,3.183,0
phase1 acc_mag=7.461 gravity=8.955 motion=1.494 moving_avg=2.096 rms=2.531 mean_rms=2.211 max_rms=2.607 min_rms=1.707 std=0.339 var=0.115 state=standing thr=2.889/3.089/3.589
29.94,-24.44,212.75,0.2681,0.3067,0.1088,0.9068,3.76,3.61,5.53,2.69,0.81,-23.06,7.60,0,1.70,0.1229,0.0066,4,0.782,1.089,83.57,1.39,3.183,0
29.25,-26.56,214.38,0.2816,0.3089,0.1252,0.8998,3.98,5.33,6.56,30.31,1.38,-43.81,9.34,0,1.70,0.1253,0.0103,4,0.782,1.089,83.57,1.39,3.183,0
28.12,-29.69,214.75,0.2808,0.3090,0.1469,0.8967,4.31,4.69,7.03,17.44,8.81,6.12,9.49,0,1.70,0.1273,0.0180,4,0.782,1.089,83.57,1.39,3.183,0
27.94,-32.50,212.69,0.2632,0.3123,0.1731,0.8962,6.75,6.76,8.19,69.38,13.75,32.69,12.58,0,1.70,0.1302,0.0292,4,0.782,1.089,83.57,1.39,3.183,0
phase1 acc_mag=11.174 gravity=9.108 motion=2.065 moving_avg=2.123 rms=2.565 mean_rms=2.354 max_rms=2.607 min_rms=1.728 std=0.289 var=0.084 state=standing thr=2.933/3.133/3.633
28.31,-35.12,208.62,0.2292,0.3154,0.2017,0.8984,7.33,5.92,7.25,76.62,9.75,46.69,11.89,0,1.70,0.1319,0.0436,4,0.782,1.089,83.57,1.39,3.183,0
27.81,-37.19,206.06,0.2044,0.3113,0.2283,0.8995,5.19,5.69,6.44,51.62,32.31,21.19,10.04,0,1.70,0.1307,0.0567,4,0.782,1.089,83.57,1.39,3.183,0
27.25,-38.81,202.19,0.1775,0.3027,0.2491,0.9026,4.26,6.57,7.15,33.81,31.25,36.62,10.60,0,1.70,0.1270,0.0685,4,0.782,1.089,83.57,1.39,3.183,0
28.31,-39.75,198.00,0.1383,0.3047,0.2662,0.9039,4.30,6.20,5.78,51.38,13.19,44.50,9.50,0,1.70,0.1249,0.0794,4,0.782,1.089,83.57,1.39,3.183,0
phase1 acc_mag=9.254 gravity=9.880 motion=0.626 moving_avg=1.617 rms=2.083 mean_rms=2.454 max_rms=2.607 min_rms=2.062 std=0.170 var=0.029 state=standing thr=2.794/2.994/3.494
30.00,-41.50,193.12,0.1038,0.3098,0.2825,0.9019,4.78,5.33,3.67,52.56,14.75,56.00,8.05,0,1.70,0.1235,0.0890,4,0.782,1.089,83.57,1.39,3.183,0
30.38,-43.88,187.69,0.0608,0.3026,0.3124,0.8984,3.79,5.32,4.76,75.12,47.19,42.50,8.08,0,1.70,0.1163,0.1049,5,0.676,0.724,64.31,1.07,3.859,0
30.88,-44.06,182.56,0.0203,0.2928,0.3255,0.8988,4.69,3.30,5.74,25.06,32.81,31.56,8.11,0,1.70,0.1079,0.1147,5,0.676,0.724,64.31,1.07,3.859,0
29.25,-46.44,180.19,0.0018,0.2740,0.3528,0.8947,3.42,4.11,4.60,51.25,33.88,-13.00,7.05,0,1.70,0.0983,0.1261,5,0.676,0.724,64.31,1.07,3.859,0
phase1 acc_mag=6.642 gravity=8.971 motion=2.330 moving_avg=1.373 rms=1.571 mean_rms=2.365 max_rms=2.607 min_rms=1.543 std=0.298 var=0.089 state=standing thr=2.960/3.160/3.660
26.50,-48.62,180.31,0.0027,0.2513,0.3757,0.8920,2.79,4.06,4.66,24.31,25.12,-22.75,6.78,0,1.70,0.0901,0.1338,5,0.676,0.724,64.31,1.07,3.859,0
24.31,-50.50,182.06,0.0163,0.2392,0.3914,0.8885,3.34,2.35,4.93,50.56,9.75,-72.31,6.40,0,1.70,0.0876,0.1375,5,0.676,0.724,64.31,1.07,3.859,0
20.44,-55.12,186.12,0.0521,0.2238,0.4242,0.8759,3.16,7.85,5.69,-54.94,-36.56,-39.62,10.20,0,1.70,0.0872,0.1440,5,0.676,0.724,64.31,1.07,3.859,0
18.25,-50.31,191.62,0.0908,0.2157,0.3882,0.8914,3.04,8.33,6.32,-112.50,4.06,-55.69,10.89,0,1.70,0.0910,0.1306,5,0.676,0.724,64.31,1.07,3.859,0
phase1 acc_mag=10.945 gravity=8.879 motion=2.065 moving_avg=1.507 rms=1.688 mean_rms=2.179 max_rms=2.594 min_rms=1.543 std=0.380 var=0.144 state=standing thr=2.939/3.139/3.639
17.75,-42.69,193.88,0.1117,0.2069,0.3279,0.9150,4.50,7.09,6.51,-106.38,21.50,-6.88,10.63,0,1.70,0.0904,0.1108,5,0.676,0.724,64.31,1.07,3.859,0
15.56,-36.81,195.06,0.1270,0.1774,0.2854,0.9332,5.18,4.11,7.96,-46.50,28.44,-38.19,10.35,0,1.70,0.0807,0.0975,5,0.676,0.724,64.31,1.07,3.859,0
11.12,-38.81,197.75,0.1451,0.1526,0.3077,0.9279,3.93,6.39,7.52,38.31,25.19,-40.19,10.62,0,1.70,0.0745,0.1053,5,0.676,0.724,64.31,1.07,3.859,0
phase1 acc_mag=11.953 gravity=9.596 motion=2.357 moving_avg=1.602 rms=1.773 mean_rms=2.011 max_rms=2.578 min_rms=1.543 std=0.368 var=0.136 state=standing thr=2.748/2.948/3.448
7.25,-39.81,199.38,0.1585,0.1202,0.3195,0.9265,2.30,7.71,8.84,-31.62,38.62,-17.19,11.95,0,1.70,0.0648,0.1108,5,0.676,0.724,64.31,1.07,3.859,0
4.62,-34.62,200.31,0.1683,0.0945,0.2847,0.9390,1.21,5.99,8.29,-50.25,18.81,-25.69,10.30,0,1.70,0.0547,0.1006,5,0.676,0.724,64.31,1.07,3.859,0
2.44,-31.50,201.38,0.1790,0.0726,0.2625,0.9454,0.29,7.00,8.10,-35.38,25.25,-9.31,10.71,0,1.70,0.0463,0.0941,5,0.676,0.724,64.31,1.07,3.859,0
1.94,-27.50,200.44,0.1723,0.0598,0.2309,0.9557,0.77,4.75,8.59,-58.56,20.69,8.50,9.85,0,1.70,0.0388,0.0841,5,0.676,0.724,64.31,1.07,3.859,0
phase1 acc_mag=9.446 gravity=9.492 motion=0.046 moving_avg=1.378 rms=1.560 mean_rms=1.846 max_rms=2.538 min_rms=1.543 std=0.268 var=0.072 state=standing thr=2.381/2.581/3.081
1.31,-25.06,199.25,0.1616,0.0461,0.2104,0.9631,0.95,3.94,8.09,-23.00,26.62,15.81,9.05,0,1.70,0.0314,0.0781,5,0.676,0.724,64.31,1.07,3.859,0
0.00,-24.69,197.56,0.1493,0.0324,0.2117,0.9653,0.89,3.49,8.98,19.94,22.69,12.00,9.68,0,1.70,0.0252,0.0798,5,0.676,0.724,64.31,1.07,3.859,0
-1.19,-25.31,197.06,0.1452,0.0217,0.2183,0.9648,-0.30,4.00,9.42,-9.38,10.25,7.94,10.24,0,1.70,0.0211,0.0830,5,0.676,0.724,64.31,1.07,3.859,0
-1.31,-24.62,196.75,0.1426,0.0193,0.2131,0.9664,-0.35,3.69,8.50,-19.88,-15.19,20.81,9.27,0,1.70,0.0196,0.0813,5,0.676,0.724,64.31,1.07,3.859,0
phase1 acc_mag=9.790 gravity=9.458 motion=0.332 moving_avg=1.296 rms=1.519 mean_rms=1.695 max_rms=2.131 min_rms=1.519 std=0.151 var=0.023 state=standing thr=1.996/2.196/2.696
0.12,-24.12,195.88,0.1351,0.0303,0.2070,0.9685,2.31,2.02,8.79,12.19,-14.38,6.44,9.31,0,1.70,0.0229,0.0785,5,0.676,0.724,64.31,1.07,3.859,0
-0.62,-25.50,197.50,0.1489,0.0268,0.2209,0.9635,0.69,5.19,9.29,16.06,10.25,-8.06,10.66,0,1.70,0.0235,0.0835,5,0.676,0.724,64.31,1.07,3.859,0
-1.62,-26.31,197.62,0.1492,0.0202,0.2272,0.9622,1.02,3.51,9.54,-2.25,-9.06,25.62,10.22,0,1.70,0.0213,0.0862,5,0.676,0.724,64.31,1.07,3.859,0
phase1 acc_mag=9.659 gravity=9.957 motion=0.298 moving_avg=1.020 rms=1.281 mean_rms=1.601 max_rms=1.786 min_rms=1.281 std=0.138 var=0.019 state=standing thr=1.877/2.077/2.577
-1.19,-25.88,197.00,0.1430,0.0223,0.2214,0.9644,0.59,3.80,8.86,-23.31,3.50,12.88,9.66,0,1.70,0.0213,0.0841,5,0.676,0.724,64.31,1.07,3.859,0
-0.81,-23.62,196.25,0.1384,0.0222,0.2017,0.9694,-0.07,3.21,8.58,-25.88,-7.56,4.75,9.16,0,1.70,0.0198,0.0770,5,0.676,0.724,64.31,1.07,3.859,0
0.06,-22.75,195.75,0.1348,0.0278,0.1956,0.9710,0.62,3.27,8.28,-3.38,1.00,-1.81,8.92,0,1.70,0.0213,0.0745,5,0.676,0.724,64.31,1.07,3.859,0
-0.44,-22.75,196.19,0.1391,0.0223,0.1965,0.9703,0.96,3.11,8.18,-0.25,6.19,-1.25,8.80,0,1.70,0.0196,0.0750,5,0.676,0.724,64.31,1.07,3.859,0
phase1 acc_mag=11.429 gravity=10.048 motion=1.381 moving_avg=0.888 rms=1.121 mean_rms=1.502 max_rms=1.786 min_rms=1.121 std=0.211 var=0.045 state=standing thr=1.924/2.124/2.624
-1.38,-23.62,197.19,0.1467,0.0182,0.2048,0.9676,0.94,4.96,11.66,14.06,-2.81,-13.06,12.71,0,1.70,0.0191,0.0782,5,0.676,0.724,64.31,1.07,3.859,0
-0.31,-22.94,196.75,0.1412,0.0290,0.1931,0.9706,1.68,7.91,17.23,-43.94,-35.31,33.31,19.03,0,1.70,0.0222,0.0733,5,0.676,0.724,64.31,1.07,3.859,0
4.31,-17.69,195.50,0.1334,0.0588,0.1471,0.9783,-0.65,1.17,2.30,-70.94,-40.50,9.56,2.66,0,1.70,0.0309,0.0544,5,0.676,0.000,0.00,0.00,3.859,0
5.56,-12.94,194.62,0.1274,0.0620,0.1030,0.9846,0.96,-2.56,-1.25,-32.25,8.00,-9.62,3.01,0,1.70,0.0296,0.0374,6,0.898,0.000,0.00,0.00,4.757,0
phase1 acc_mag=3.097 gravity=9.666 motion=6.569 moving_avg=1.778 rms=3.179 mean_rms=1.610 max_rms=3.179 min_rms=1.121 std=0.461 var=0.213 state=walking thr=2.532/2.732/3.232
0.62,-15.81,196.00,0.1381,0.0247,0.1359,0.9807,-1.40,3.13,9.16,109.69,142.75,-56.62,9.78,0,1.70,0.0172,0.0520,6,0.898,0.000,0.00,0.00,4.757,0
-3.94,-22.69,196.31,0.1392,-0.0068,0.1994,0.9700,0.05,6.89,14.02,77.44,-6.44,5.69,15.62,0,1.70,0.0085,0.0777,6,0.898,0.000,0.00,0.00,4.757,0
-3.69,-23.56,196.00,0.1365,-0.0045,0.2068,0.9688,0.17,4.51,11.60,-19.75,7.31,1.06,12.45,0,1.70,0.0096,0.0804,6,0.898,0.000,0.00,0.00,4.757,0
-3.31,-23.31,195.62,0.1338,-0.0020,0.2055,0.9695,1.03,2.98,8.37,16.50,3.25,-4.50,8.94,0,1.70,0.0102,0.0798,6,0.898,0.000,0.00,0.00,4.757,0
phase1 acc_mag=8.989 gravity=9.959 motion=0.970 moving_avg=2.498 rms=3.882 mean_rms=2.035 max_rms=3.882 min_rms=1.121 std=0.984 var=0.969 state=standing thr=4.004/4.204/4.704
-3.62,-24.69,195.81,0.1343,-0.0027,0.2159,0.9671,1.67,4.93,12.26,16.12,-8.88,15.94,13.32,0,1.70,0.0105,0.0837,6,0.898,0.000,0.00,0.00,4.757,0
-2.06,-24.69,194.69,0.1226,0.0132,0.2120,0.9695,1.89,8.93,17.43,-26.25,-47.19,44.44,19.68,0,1.70,0.0155,0.0816,6,0.898,0.000,0.00,0.00,4.757,0
3.44,-21.62,193.44,0.1151,0.0529,0.1827,0.9750,-0.42,2.88,5.87,-41.00,-97.94,37.56,6.55,0,1.70,0.0290,0.0688,6,0.898,0.000,0.00,0.00,4.757,0
7.56,-18.38,192.88,0.1111,0.0864,0.1456,0.9793,0.08,-3.02,-3.49,-53.06,-28.31,2.25,4.62,0,1.70,0.0403,0.0532,7,0.897,1.569,104.90,1.75,5.654,0
phase1 acc_mag=6.050 gravity=10.198 motion=4.148 moving_avg=3.555 rms=4.815 mean_rms=2.632 max_rms=4.815 min_rms=1.121 std=1.313 var=1.725 state=standing thr=5.259/5.459/5.959
5.31,-17.88,194.56,0.1306,0.0549,0.1546,0.9778,-1.97,0.04,1.49,45.44,116.00,-91.00,2.47,0,1.70,0.0296,0.0576,7,0.897,1.569,104.90,1.75,5.654,0
-6.00,-22.69,198.06,0.1539,-0.0224,0.2022,0.9669,-1.67,6.45,16.93,29.38,63.38,-42.69,18.19,0,1.70,0.0038,0.0796,7,0.897,1.569,104.90,1.75,5.654,0
-7.38,-24.56,198.69,0.1581,-0.0297,0.2235,0.9614,0.71,3.56,11.16,34.25,-8.19,24.75,11.74,0,1.70,0.0027,0.0878,7,0.897,1.569,104.90,1.75,5.654,0
phase1 acc_mag=11.035 gravity=10.740 motion=0.295 moving_avg=4.383 rms=5.412 mean_rms=3.454 max_rms=5.412 min_rms=1.121 std=1.470 var=2.160 state=standing thr=6.393/6.593/7.093
-8.88,-30.06,200.75,0.1737,-0.0327,0.2676,0.9471,1.24,2.35,10.71,-12.62,-15.44,34.75,11.03,0,1.70,0.0062,0.1037,7,0.897,1.569,104.90,1.75,5.654,0
-6.25,-29.19,199.62,0.1647,-0.0129,0.2571,0.9521,-1.22,10.33,16.03,-46.94,-43.50,36.25,19.11,0,1.70,0.0120,0.0988,7,0.897,1.569,104.90,1.75,5.654,0
1.00,-23.31,197.44,0.1445,0.0477,0.1862,0.9706,-0.06,8.81,10.09,-131.06,-99.75,76.81,13.40,0,1.70,0.0293,0.0695,7,0.897,1.569,104.90,1.75,5.654,0
8.19,-13.50,194.56,0.1257,0.0862,0.1066,0.9825,0.79,1.12,1.28,-152.56,-91.62,68.00,1.88,2,0.20,0.0393,0.0375,8,0.860,1.575,109.89,1.83,6.514,0
phase1 acc_mag=2.912 gravity=10.891 motion=7.979 moving_avg=5.277 rms=6.070 mean_rms=4.363 max_rms=6.070 min_rms=1.565 std=1.153 var=1.328 state=standing thr=6.668/6.868/7.368
11.38,-6.69,193.38,0.1156,0.1064,0.0387,0.9868,1.70,-2.16,-0.96,-82.56,-15.31,14.12,2.91,0,1.70,0.0438,0.0104,8,0.860,1.575,109.89,1.83,6.514,0
8.75,-2.69,194.38,0.1251,0.0732,0.0146,0.9893,1.88,0.12,9.18,2.06,69.00,-2.19,9.37,0,1.70,0.0297,0.0021,8,0.860,1.575,109.89,1.83,6.514,0
4.62,-4.19,194.56,0.1269,0.0452,0.0314,0.9904,1.72,1.39,12.67,43.31,29.25,-6.50,12.86,0,1.70,0.0195,0.0101,8,0.860,1.575,109.89,1.83,6.514,0
2.94,-7.31,195.25,0.1332,0.0319,0.0609,0.9887,1.02,1.90,11.70,8.62,26.69,-7.69,11.90,0,1.70,0.0158,0.0224,8,0.860,1.575,109.89,1.83,6.514,0
phase1 acc_mag=10.360 gravity=11.419 motion=1.059 moving_avg=4.463 rms=5.372 mean_rms=5.003 max_rms=6.070 min_rms=3.405 std=0.799 var=0.638 state=standing thr=6.600/6.800/7.300
2.00,-8.25,195.50,0.1353,0.0267,0.0707,0.9879,0.59,1.54,9.42,20.88,7.44,-11.38,9.56,0,1.70,0.0144,0.0265,8,0.860,1.575,109.89,1.83,6.514,0
1.81,-8.44,195.88,0.1381,0.0261,0.0710,0.9875,0.70,-0.15,9.01,2.50,-5.88,-0.31,9.04,0,1.70,0.0142,0.0266,8,0.860,1.575,109.89,1.83,6.514,0
1.69,-9.62,196.69,0.1446,0.0272,0.0812,0.9858,0.57,1.32,9.94,-0.56,1.62,-13.81,10.04,0,1.70,0.0154,0.0305,8,0.860,1.575,109.89,1.83,6.514,0
1.31,-9.56,197.38,0.1506,0.0242,0.0811,0.9850,0.89,1.34,10.18,5.50,9.75,-16.44,10.31,0,1.70,0.0144,0.0305,8,0.860,1.575,109.89,1.83,6.514,0
phase1 acc_mag=9.808 gravity=10.803 motion=0.996 moving_avg=4.084 rms=5.074 mean_rms=5.271 max_rms=6.070 min_rms=3.897 std=0.523 var=0.273 state=standing thr=6.317/6.517/7.017
0.38,-10.31,198.19,0.1577,0.0178,0.0887,0.9833,0.88,1.56,9.36,3.50,9.69,-9.00,9.53,0,1.70,0.0126,0.0338,8,0.860,1.575,109.89,1.83,6.514,0
-0.69,-10.44,198.69,0.1622,0.0089,0.0911,0.9825,1.08,0.99,9.82,-13.75,7.81,1.56,9.93,0,1.70,0.0094,0.0352,8,0.860,1.575,109.89,1.83,6.514,0
-0.94,-10.56,199.25,0.1669,0.0070,0.0922,0.9816,0.20,2.34,9.64,2.00,3.19,-18.56,9.92,0,1.70,0.0089,0.0357,8,0.860,1.575,109.89,1.83,6.514,0
-0.81,-10.31,199.88,0.1732,0.0089,0.0898,0.9808,0.58,1.45,9.34,-4.69,-6.00,-10.44,9.47,0,1.70,0.0097,0.0346,8,0.860,1.575,109.89,1.83,6.514,0
phase1 acc_mag=9.311 gravity=10.712 motion=1.401 moving_avg=2.960 rms=4.083 mean_rms=5.289 max_rms=6.070 min_rms=4.083 std=0.494 var=0.244 state=standing thr=6.276/6.476/6.976
-0.81,-10.31,200.75,0.1793,0.0090,0.0903,0.9796,0.37,1.91,9.87,-0.19,-1.62,-10.00,10.06,0,1.70,0.0100,0.0347,8,0.860,1.575,109.89,1.83,6.514,0
-0.81,-10.25,201.50,0.1866,0.0099,0.0892,0.9783,0.57,1.68,10.05,-0.88,-0.44,-10.12,10.21,0,1.70,0.0105,0.0342,8,0.860,1.575,109.89,1.83,6.514,0
-0.94,-10.00,202.06,0.1908,0.0085,0.0872,0.9777,0.55,1.63,9.50,-1.75,3.56,-9.44,9.65,0,1.70,0.0100,0.0334,8,0.860,1.575,109.89,1.83,6.514,0
-1.00,-10.00,202.81,0.1975,0.0087,0.0874,0.9764,0.10,1.66,9.50,0.69,3.81,-16.38,9.64,0,1.70,0.0103,0.0335,8,0.860,1.575,109.89,1.83,6.514,0
phase1 acc_mag=9.701 gravity=9.899 motion=0.197 moving_avg=2.167 rms=3.351 mean_rms=4.920 max_rms=6.070 min_rms=3.351 std=0.864 var=0.747 state=standing thr=6.648/6.848/7.348
-1.31,-10.12,203.94,0.2072,0.0073,0.0889,0.9742,0.46,1.31,9.73,1.75,-4.81,-5.69,9.83,0,1.70,0.0102,0.0341,8,0.860,1.575,109.89,1.83,6.514,0
-1.38,-10.69,205.06,0.2163,0.0085,0.0936,0.9718,0.32,2.21,9.57,10.19,-4.19,-7.81,9.83,0,1.70,0.0114,0.0357,8,0.860,1.575,109.89,1.83,6.514,0
-1.12,-10.75,205.38,0.2194,0.0110,0.0939,0.9711,0.35,2.23,9.59,0.69,-1.50,-3.31,9.85,0,1.70,0.0125,0.0355,8,0.860,1.575,109.89,1.83,6.514,0
phase1 acc_mag=9.744 gravity=10.000 motion=0.256 moving_avg=0.892 rms=1.340 mean_rms=4.235 max_rms=5.957 min_rms=1.340 std=1.174 var=1.379 state=standing thr=6.584/6.784/7.284
-0.94,-10.88,205.81,0.2225,0.0131,0.0943,0.9703,0.34,2.14,9.50,-2.62,1.19,-5.25,9.74,0,1.70,0.0135,0.0354,8,0.860,1.575,109.89,1.83,6.514,0
-1.06,-11.06,206.31,0.2268,0.0128,0.0963,0.9691,-0.13,2.82,9.45,12.38,5.25,-17.19,9.86,0,1.70,0.0137,0.0362,8,0.860,1.575,109.89,1.83,6.514,0
-1.19,-11.12,206.62,0.2291,0.0121,0.0970,0.9685,0.20,1.35,9.65,3.06,-0.62,1.94,9.75,0,1.70,0.0136,0.0365,8,0.860,1.575,109.89,1.83,6.514,0
-0.88,-11.31,206.38,0.2275,0.0150,0.0977,0.9688,0.57,1.78,9.43,2.69,-3.38,4.00,9.61,0,1.70,0.0147,0.0365,8,0.860,1.575,109.89,1.83,6.514,0
phase1 acc_mag=9.319 gravity=9.735 motion=0.417 moving_avg=0.572 rms=0.771 mean_rms=3.327 max_rms=5.254 min_rms=0.771 std=1.497 var=2.241 state=standing thr=6.321/6.521/7.021
-1.06,-11.38,206.38,0.2274,0.0135,0.0989,0.9687,0.75,1.10,9.51,-3.00,9.94,0.88,9.60,0,1.70,0.0142,0.0371,8,0.860,1.575,109.89,1.83,6.514,0
-2.12,-12.12,206.81,0.2309,0.0063,0.1073,0.9670,-0.12,2.91,9.57,11.94,8.81,-5.44,10.00,0,1.70,0.0124,0.0409,8,0.860,1.575,109.89,1.83,6.514,0
-3.00,-11.19,207.19,0.2343,-0.0027,0.1010,0.9669,-0.35,1.78,10.71,-6.19,9.12,-5.19,10.86,0,1.70,0.0084,0.0393,8,0.860,1.575,109.89,1.83,6.514,0
-2.94,-10.56,207.38,0.2360,-0.0033,0.0959,0.9670,-0.20,1.30,9.56,-10.94,-8.88,2.62,9.65,0,1.70,0.0078,0.0374,8,0.860,1.575,109.89,1.83,6.514,0
phase1 acc_mag=9.448 gravity=9.803 motion=0.354 moving_avg=0.395 rms=0.507 mean_rms=2.424 max_rms=4.985 min_rms=0.507 std=1.516 var=2.298 state=standing thr=5.456/5.656/6.156
-2.38,-10.31,207.31,0.2352,0.0005,0.0927,0.9675,0.06,1.81,9.09,2.12,-5.44,1.50,9.27,0,1.70,0.0089,0.0358,8,0.860,0.000,0.00,0.00,6.514,0
-2.19,-10.12,207.19,0.2341,0.0017,0.0905,0.9680,0.14,1.77,9.65,-2.94,-2.00,1.88,9.81,0,1.70,0.0091,0.0349,8,0.860,0.000,0.00,0.00,6.514,0
-1.75,-9.88,206.81,0.2313,0.0049,0.0876,0.9689,0.44,1.40,9.94,-2.81,-0.12,5.62,10.05,0,1.70,0.0100,0.0335,8,0.860,0.000,0.00,0.00,6.514,0
-1.19,-9.94,206.31,0.2272,0.0096,0.0872,0.9699,0.48,1.56,9.63,1.62,-4.81,7.19,9.77,0,1.70,0.0116,0.0330,8,0.860,0.000,0.00,0.00,6.514,0
phase1 acc_mag=9.642 gravity=9.794 motion=0.153 moving_avg=0.280 rms=0.355 mean_rms=1.547 max_rms=3.857 min_rms=0.355 std=1.218 var=1.484 state=standing thr=3.983/4.183/4.683
-0.62,-10.06,205.94,0.2231,0.0143,0.0869,0.9708,0.05,2.23,9.58,-0.88,-2.50,6.50,9.84,0,1.70,0.0133,0.0325,8,0.860,0.000,0.00,0.00,6.514,0
-0.38,-9.88,205.25,0.2180,0.0156,0.0852,0.9721,0.23,1.50,9.54,1.50,5.19,5.00,9.66,0,1.70,0.0135,0.0318,8,0.860,0.000,0.00,0.00,6.514,0
-0.44,-10.19,204.69,0.2132,0.0151,0.0879,0.9730,0.31,1.39,9.89,3.50,6.50,7.88,9.99,0,1.70,0.0134,0.0329,8,0.860,0.000,0.00,0.00,6.514,0
phase1 acc_mag=9.780 gravity=9.779 motion=0.001 moving_avg=0.246 rms=0.331 mean_rms=0.896 max_rms=3.031 min_rms=0.331 std=0.780 var=0.608 state=standing thr=2.455/2.655/3.155
-0.56,-10.50,204.19,0.2083,0.0140,0.0911,0.9737,0.25,1.85,9.60,3.94,7.94,6.06,9.78,0,1.70,0.0130,0.0343,8,0.860,0.000,0.00,0.00,6.514,0
-0.94,-11.06,203.69,0.2043,0.0112,0.0971,0.9740,0.10,1.54,9.94,10.69,7.00,4.19,10.06,0,1.70,0.0123,0.0369,8,0.860,0.000,0.00,0.00,6.514,0
-1.44,-12.06,203.50,0.2028,0.0088,0.1058,0.9734,-0.20,1.70,10.18,17.12,9.44,-7.19,10.32,0,1.70,0.0120,0.0405,8,0.860,0.000,0.00,0.00,6.514,0
-1.62,-13.06,204.06,0.2064,0.0112,0.1153,0.9716,-0.92,1.97,9.43,16.12,-14.75,2.94,9.68,0,1.70,0.0139,0.0439,8,0.860,0.000,0.00,0.00,6.514,0
phase1 acc_mag=10.255 gravity=9.811 motion=0.443 moving_avg=0.230 rms=0.310 mean_rms=0.499 max_rms=1.123 min_rms=0.299 std=0.206 var=0.043 state=standing thr=0.911/1.111/1.611
-0.94,-19.56,203.56,0.2015,0.0266,0.1683,0.9645,-7.07,17.44,3.77,88.62,-36.50,-1.31,19.19,0,1.70,0.0238,0.0628,8,0.860,0.000,0.00,0.00,6.514,0
0.38,-19.62,203.25,0.1987,0.0378,0.1667,0.9650,1.73,1.68,9.28,-5.44,-3.44,12.12,9.59,0,1.70,0.0278,0.0614,8,0.860,0.000,0.00,0.00,6.514,0
0.94,-18.81,202.88,0.1957,0.0408,0.1569,0.9672,0.20,3.43,8.76,-22.81,-4.25,3.94,9.41,0,1.70,0.0281,0.0575,8,0.860,0.000,0.00,0.00,6.514,0
1.56,-16.69,202.50,0.1933,0.0420,0.1398,0.9702,0.22,2.68,8.83,-18.31,-4.62,6.25,9.23,0,1.70,0.0271,0.0510,8,0.860,0.000,0.00,0.00,6.514,0
phase1 acc_mag=9.365 gravity=9.962 motion=0.597 moving_avg=0.392 rms=1.082 mean_rms=0.541 max_rms=1.082 min_rms=0.299 std=0.281 var=0.079 state=standing thr=1.104/1.304/1.804
1.38,-16.06,202.00,0.1881,0.0380,0.1343,0.9722,0.70,2.39,9.43,-8.69,9.75,9.88,9.75,0,1.70,0.0249,0.0494,8,0.860,0.000,0.00,0.00,6.514,0
1.31,-15.50,201.06,0.1812,0.0365,0.1306,0.9741,0.62,2.93,9.58,-2.31,1.44,10.81,10.04,0,1.70,0.0237,0.0482,8,0.860,0.000,0.00,0.00,6.514,0
0.81,-16.81,200.62,0.1774,0.0327,0.1454,0.9728,-0.08,3.87,8.60,38.25,17.31,1.81,9.43,0,1.70,0.0230,0.0543,8,0.860,0.000,0.00,0.00,6.514,0
phase1 acc_mag=9.789 gravity=9.929 motion=0.140 moving_avg=0.361 rms=1.069 mean_rms=0.654 max_rms=1.082 min_rms=0.299 std=0.355 var=0.126 state=standing thr=1.363/1.563/2.063
0.06,-18.88,200.69,0.1773,0.0305,0.1611,0.9704,-0.19,2.69,9.41,13.88,6.62,-1.44,9.79,0,1.70,0.0233,0.0604,8,0.860,0.000,0.00,0.00,6.514,0
-0.19,-20.00,201.00,0.1797,0.0298,0.1713,0.9683,-0.45,3.92,9.02,-3.25,-0.88,-5.12,9.85,0,1.70,0.0238,0.0642,8,0.860,0.000,0.00,0.00,6.514,0
-0.56,-19.62,201.44,0.1836,0.0268,0.1687,0.9680,-0.08,3.18,9.02,-0.94,9.25,-21.88,9.56,0,1.70,0.0228,0.0634,8,0.860,0.000,0.00,0.00,6.514,0
-1.38,-19.81,202.31,0.1913,0.0204,0.1715,0.9662,-0.39,4.54,8.53,-1.69,9.62,-4.81,9.67,0,1.70,0.0210,0.0647,8,0.860,0.000,0.00,0.00,6.514,0
phase1 acc_mag=9.193 gravity=9.914 motion=0.721 moving_avg=0.394 rms=1.077 mean_rms=0.784 max_rms=1.082 min_rms=0.299 std=0.364 var=0.132 state=standing thr=1.511/1.711/2.211
-3.00,-19.94,202.81,0.1952,0.0079,0.1750,0.9650,-0.89,5.14,9.04,-0.31,28.44,-19.31,10.44,0,1.70,0.0167,0.0670,8,0.860,0.000,0.00,0.00,6.514,0
-4.19,-18.88,202.31,0.1899,-0.0071,0.1663,0.9676,-0.56,3.08,9.97,-30.12,21.56,12.88,10.45,0,1.70,0.0099,0.0649,8,0.860,0.000,0.00,0.00,6.514,0
-5.31,-17.44,201.62,0.1855,-0.0181,0.1573,0.9698,-0.80,2.69,8.89,-17.12,22.19,-4.62,9.32,0,1.70,0.0047,0.0624,8,0.860,0.000,0.00,0.00,6.514,0
-7.44,-16.62,202.12,0.1899,-0.0368,0.1537,0.9690,-1.07,3.27,9.25,-9.75,32.75,-11.81,9.87,0,1.70,-0.0026,0.0624,8,0.860,0.000,0.00,0.00,6.514,0
phase1 acc_mag=9.797 gravity=9.950 motion=0.152 moving_avg=0.448 rms=1.093 mean_rms=0.933 max_rms=1.093 min_rms=0.299 std=0.298 var=0.089 state=standing thr=1.530/1.730/2.230
-9.62,-16.19,202.00,0.1883,-0.0566,0.1531,0.9684,-1.24,3.14,8.97,-11.06,37.00,-0.94,9.58,0,1.70,-0.0104,0.0636,8,0.860,0.000,0.00,0.00,6.514,0
-12.00,-15.44,201.31,0.1824,-0.0794,0.1494,0.9686,-1.41,2.73,9.38,-15.00,36.75,7.00,9.87,0,1.70,-0.0199,0.0637,8,0.860,0.000,0.00,0.00,6.514,0
-14.25,-15.31,201.19,0.1812,-0.0991,0.1511,0.9667,-1.81,3.23,9.74,8.38,26.31,-8.06,10.42,0,1.70,-0.0274,0.0656,8,0.860,0.000,0.00,0.00,6.514,0
-15.50,-16.88,201.50,0.1829,-0.1072,0.1660,0.9631,-2.61,3.35,9.47,24.00,14.38,-5.12,10.38,0,1.70,-0.0292,0.0718,8,0.860,0.000,0.00,0.00,6.514,0
phase1 acc_mag=10.066 gravity=9.829 motion=0.237 moving_avg=0.324 rms=0.391 mean_rms=1.059 max_rms=1.097 min_rms=0.388 std=0.118 var=0.014 state=standing thr=1.296/1.496/1.996
-15.31,-18.50,200.81,0.1753,-0.1039,0.1805,0.9622,-2.70,2.67,8.76,24.62,-1.94,22.88,9.55,0,1.70,-0.0273,0.0767,8,0.860,0.000,0.00,0.00,6.514,0
-14.62,-19.75,199.69,0.1673,-0.0986,0.1871,0.9630,-2.44,2.13,9.18,1.44,-11.19,11.62,9.73,0,1.70,-0.0255,0.0787,8,0.860,0.000,0.00,0.00,6.514,0
-14.00,-20.00,200.44,0.1749,-0.0910,0.1902,0.9617,-2.69,2.91,9.16,15.06,-11.56,-13.38,9.98,0,1.70,-0.0217,0.0795,8,0.860,0.000,0.00,0.00,6.514,0
-13.12,-20.62,201.44,0.1823,-0.0814,0.1943,0.9604,-2.05,3.19,9.44,10.69,-17.38,-22.12,10.17,0,1.70,-0.0171,0.0806,8,0.860,0.000,0.00,0.00,6.514,0
phase1 acc_mag=10.410 gravity=9.861 motion=0.549 moving_avg=0.291 rms=0.356 mean_rms=0.916 max_rms=1.097 min_rms=0.350 std=0.300 var=0.090 state=standing thr=1.516/1.716/2.216
-12.25,-21.19,202.94,0.1944,-0.0707,0.1988,0.9579,-2.45,2.54,9.18,15.44,-28.44,-3.44,9.83,0,1.70,-0.0116,0.0817,8,0.860,0.000,0.00,0.00,6.514,0
-11.00,-22.81,204.69,0.2087,-0.0538,0.2117,0.9532,-1.85,3.00,7.87,33.69,-23.75,-26.31,8.62,0,1.70,-0.0028,0.0852,8,0.860,0.000,0.00,0.00,6.514,0
-10.56,-23.50,206.81,0.2282,-0.0443,0.2166,0.9482,-2.08,4.23,9.15,-6.19,-17.25,-19.75,10.29,0,1.70,0.0030,0.0862,8,0.860,0.000,0.00,0.00,6.514,0
phase1 acc_mag=9.658 gravity=9.826 motion=0.168 moving_avg=0.338 rms=0.436 mean_rms=0.778 max_rms=1.097 min_rms=0.350 std=0.344 var=0.119 state=standing thr=1.467/1.667/2.167
-9.81,-22.75,208.38,0.2396,-0.0370,0.2106,0.9470,-1.66,3.85,8.70,-2.50,-18.00,-14.69,9.66,0,1.70,0.0062,0.0833,8,0.860,0.000,0.00,0.00,6.514,0
-9.44,-22.38,209.75,0.2513,-0.0322,0.2073,0.9449,-1.63,3.91,8.90,-8.69,-7.31,-16.12,9.86,0,1.70,0.0087,0.0816,8,0.860,0.000,0.00,0.00,6.514,0
-9.25,-21.12,210.69,0.2612,-0.0308,0.1956,0.9448,-1.35,3.27,8.83,-13.81,-8.94,-17.25,9.51,0,1.70,0.0088,0.0771,8,0.860,0.000,0.00,0.00,6.514,0
-9.31,-20.75,212.19,0.2719,-0.0300,0.1948,0.9420,-1.63,3.57,8.56,8.56,-2.94,-24.00,9.42,0,1.70,0.0099,0.0766,8,0.860,0.000,0.00,0.00,6.514,0
phase1 acc_mag=9.311 gravity=9.807 motion=0.496 moving_avg=0.332 rms=0.428 mean_rms=0.657 max_rms=1.097 min_rms=0.350 std=0.332 var=0.110 state=standing thr=1.321/1.521/2.021
-9.56,-21.06,213.19,0.2800,-0.0300,0.1978,0.9390,-1.00,3.99,8.90,-2.56,3.12,-16.19,9.80,0,1.70,0.0109,0.0776,8,0.860,0.000,0.00,0.00,6.514,0
-9.69,-20.44,213.81,0.2853,-0.0314,0.1934,0.9382,-1.40,3.46,9.37,-2.38,-9.00,-1.69,10.09,0,1.70,0.0103,0.0762,8,0.860,0.000,0.00,0.00,6.514,0
-9.56,-20.50,214.38,0.2906,-0.0288,0.1931,0.9367,-1.66,3.84,8.42,-2.44,-5.94,-3.69,9.40,0,1.70,0.0117,0.0757,8,0.860,0.000,0.00,0.00,6.514,0
-9.56,-20.00,214.38,0.2905,-0.0300,0.1894,0.9375,-1.53,4.24,8.69,-14.62,5.44,1.19,9.79,0,1.70,0.0108,0.0745,8,0.860,0.000,0.00,0.00,6.514,0
phase1 acc_mag=10.514 gravity=9.800 motion=0.714 moving_avg=0.330 rms=0.431 mean_rms=0.525 max_rms=1.097 min_rms=0.350 std=0.257 var=0.066 state=standing thr=1.038/1.238/1.738
-9.44,-18.25,213.31,0.2823,-0.0352,0.1746,0.9426,-1.77,2.89,9.46,-30.75,-2.44,21.06,10.05,0,1.70,0.0064,0.0698,8,0.860,0.000,0.00,0.00,6.514,0
-9.00,-17.62,212.19,0.2732,-0.0345,0.1683,0.9465,-1.25,2.20,8.51,1.88,6.12,4.88,8.88,0,1.70,0.0053,0.0675,8,0.860,0.000,0.00,0.00,6.514,0
-9.62,-18.19,212.31,0.2739,-0.0388,0.1759,0.9447,-0.80,2.99,8.48,19.62,9.00,-1.88,9.03,0,1.70,0.0046,0.0707,8,0.860,0.000,0.00,0.00,6.514,0
-10.88,-19.31,212.50,0.2751,-0.0461,0.1861,0.9421,-1.51,4.03,9.46,4.44,16.50,2.75,10.39,0,1.70,0.0031,0.0752,8,0.860,0.000,0.00,0.00,6.514,0
phase1 acc_mag=10.549 gravity=9.665 motion=0.884 moving_avg=0.391 rms=0.498 mean_rms=0.424 max_rms=0.498 min_rms=0.350 std=0.038 var=0.001 state=standing thr=0.500/0.700/1.200
-11.44,-19.12,212.12,0.2710,-0.0523,0.1859,0.9430,-1.49,2.70,9.71,-0.12,5.19,6.06,10.19,0,1.70,0.0004,0.0758,8,0.860,0.000,0.00,0.00,6.514,0
-11.75,-19.88,212.12,0.2712,-0.0532,0.1924,0.9416,-1.90,3.14,9.03,11.75,3.19,-2.56,9.75,0,1.70,0.0008,0.0782,8,0.860,0.000,0.00,0.00,6.514,0
-11.94,-20.75,212.00,0.2695,-0.0532,0.2006,0.9404,-2.20,3.97,8.68,9.19,7.62,2.38,9.80,0,1.70,0.0016,0.0812,8,0.860,0.000,0.00,0.00,6.514,0
-12.12,-20.69,211.50,0.2657,-0.0554,0.1995,0.9415,-2.34,3.66,9.38,-1.75,6.69,3.06,10.34,0,1.70,0.0003,0.0810,8,0.860,0.000,0.00,0.00,6.514,0
phase1 acc_mag=10.060 gravity=9.666 motion=0.394 moving_avg=0.434 rms=0.529 mean_rms=0.457 max_rms=0.529 min_rms=0.367 std=0.040 var=0.002 state=standing thr=0.537/0.737/1.237
-12.06,-20.75,210.81,0.2600,-0.0560,0.1993,0.9431,-2.22,3.29,8.78,-4.88,2.31,11.50,9.64,0,1.70,-0.0004,0.0810,8,0.860,0.000,0.00,0.00,6.514,0
-11.81,-20.12,209.62,0.2495,-0.0571,0.1920,0.9474,-1.98,2.94,9.11,-18.06,-0.38,16.69,9.78,0,1.70,-0.0025,0.0784,8,0.860,0.000,0.00,0.00,6.514,0
-11.25,-19.25,208.31,0.2404,-0.0559,0.1846,0.9514,-1.70,3.23,9.19,-6.12,-0.69,13.50,9.89,0,1.70,-0.0035,0.0756,8,0.860,0.000,0.00,0.00,6.514,0
phase1 acc_mag=9.719 gravity=9.731 motion=0.012 moving_avg=0.361 rms=0.452 mean_rms=0.465 max_rms=0.529 min_rms=0.418 std=0.037 var=0.001 state=standing thr=0.539/0.739/1.239
-10.94,-19.12,207.56,0.2339,-0.0553,0.1824,0.9534,-1.59,3.08,9.08,-2.88,1.75,9.56,9.72,0,1.70,-0.0040,0.0747,8,0.860,0.000,0.00,0.00,6.514,0
-10.81,-18.81,207.19,0.2315,-0.0555,0.1796,0.9545,-1.52,3.16,9.17,-0.44,4.00,-4.94,9.82,0,1.70,-0.0046,0.0737,8,0.860,0.000,0.00,0.00,6.514,0
-11.12,-18.50,207.19,0.2310,-0.0582,0.1776,0.9548,-1.87,3.36,9.48,-4.12,5.88,1.12,10.23,0,1.70,-0.0058,0.0732,8,0.860,0.000,0.00,0.00,6.514,0
-11.38,-18.69,206.94,0.2291,-0.0607,0.1795,0.9548,-1.76,2.83,8.40,5.69,8.88,1.25,9.04,0,1.70,-0.0067,0.0741,8,0.860,0.000,0.00,0.00,6.514,0
phase1 acc_mag=9.372 gravity=9.704 motion=0.332 moving_avg=0.360 rms=0.448 mean_rms=0.470 max_rms=0.529 min_rms=0.418 std=0.033 var=0.001 state=standing thr=0.537/0.737/1.237
-12.12,-18.81,206.38,0.2232,-0.0690,0.1804,0.9554,-1.70,2.98,9.28,-13.19,13.44,7.50,9.89,0,1.70,-0.0103,0.0751,8,0.860,0.000,0.00,0.00,6.514,0
-12.56,-17.88,205.75,0.2191,-0.0740,0.1740,0.9572,-1.69,3.05,9.56,-7.38,4.75,-1.38,10.18,0,1.70,-0.0131,0.0731,8,0.860,0.000,0.00,0.00,6.514,0
-12.81,-17.69,205.88,0.2203,-0.0765,0.1721,0.9571,-1.97,3.25,9.42,-3.25,1.19,0.62,10.16,0,1.70,-0.0141,0.0726,8,0.860,0.000,0.00,0.00,6.514,0
-13.00,-17.69,205.75,0.2191,-0.0783,0.1730,0.9570,-1.75,2.50,8.40,4.75,3.00,7.12,8.94,0,1.70,-0.0148,0.0731,8,0.860,0.000,0.00,0.00,6.514,0
phase1 acc_mag=8.723 gravity=9.718 motion=0.995 moving_avg=0.389 rms=0.480 mean_rms=0.476 max_rms=0.529 min_rms=0.445 std=0.028 var=0.001 state=standing thr=0.532/0.732/1.232
-13.62,-18.31,205.56,0.2171,-0.0831,0.1787,0.9561,-1.63,3.24,8.29,5.00,15.00,7.06,9.05,0,1.70,-0.0162,0.0756,8,0.860,0.000,0.00,0.00,6.514,0
-14.31,-18.00,204.62,0.2092,-0.0910,0.1762,0.9575,-1.64,2.63,9.90,-8.94,4.44,6.56,10.37,0,1.70,-0.0201,0.0751,8,0.860,0.000,0.00,0.00,6.514,0
-14.44,-18.38,204.94,0.2115,-0.0906,0.1801,0.9564,-2.25,3.63,9.88,12.94,-3.00,-6.12,10.76,0,1.70,-0.0194,0.0766,8,0.860,0.000,0.00,0.00,6.514,0
-14.00,-18.75,205.12,0.2132,-0.0854,0.1829,0.9559,-2.40,2.54,9.08,5.69,-5.94,1.69,9.73,0,1.70,-0.0171,0.0772,8,0.860,0.000,0.00,0.00,6.514,0
phase1 acc_mag=9.883 gravity=9.828 motion=0.054 moving_avg=0.362 rms=0.453 mean_rms=0.471 max_rms=0.529 min_rms=0.445 std=0.026 var=0.001 state=standing thr=0.524/0.724/1.224
-13.69,-18.38,205.19,0.2142,-0.0836,0.1790,0.9566,-2.65,2.07,9.43,-14.19,-8.94,-1.88,10.01,0,1.70,-0.0167,0.0756,8,0.860,0.000,0.00,0.00,6.514,0
-13.38,-17.88,206.19,0.2251,-0.0801,0.1759,0.9550,-2.32,2.17,8.64,6.75,-7.75,-29.31,9.21,0,1.70,-0.0148,0.0744,8,0.860,0.000,0.00,0.00,6.514,0
-13.69,-18.69,208.00,0.2371,-0.0789,0.1838,0.9507,-1.97,3.63,8.03,10.44,1.06,-13.44,9.03,0,1.70,-0.0126,0.0774,8,0.860,0.000,0.00,0.00,6.514,0
-14.06,-18.44,208.19,0.2387,-0.0825,0.1826,0.9502,-1.69,3.72,8.56,-6.00,7.56,-4.81,9.49,0,1.70,-0.0139,0.0773,8,0.860,0.000,0.00,0.00,6.514,0
phase1 acc_mag=9.856 gravity=9.753 motion=0.103 moving_avg=0.397 rms=0.490 mean_rms=0.460 max_rms=0.490 min_rms=0.445 std=0.011 var=0.000 state=slow thr=0.482/0.682/1.182
-14.75,-18.44,208.31,0.2396,-0.0879,0.1836,0.9493,-2.01,4.73,10.22,-1.50,6.88,2.31,11.44,0,1.70,-0.0158,0.0781,8,0.860,0.000,0.00,0.00,6.514,0
-14.44,-17.94,207.62,0.2343,-0.0875,0.1784,0.9517,-2.37,1.89,8.92,-9.25,-12.00,19.38,9.42,0,1.70,-0.0166,0.0761,8,0.860,0.000,0.00,0.00,6.514,0
-13.56,-18.69,207.50,0.2339,-0.0781,0.1844,0.9514,-2.49,3.76,7.71,17.56,-1.25,-6.62,8.93,0,1.70,-0.0124,0.0775,8,0.860,0.000,0.00,0.00,6.514,0
-14.00,-18.56,207.31,0.2318,-0.0828,0.1826,0.9518,-2.39,3.32,8.90,-15.56,11.69,18.06,9.80,0,1.70,-0.0146,0.0772,8,0.860,0.000,0.00,0.00,6.514,0
phase1 acc_mag=10.246 gravity=9.760 motion=0.486 moving_avg=0.550 rms=0.685 mean_rms=0.495 max_rms=0.686 min_rms=0.445 std=0.072 var=0.005 state=slow thr=0.639/0.839/1.339
-14.50,-17.38,206.06,0.2203,-0.0918,0.1714,0.9559,-1.98,2.73,10.17,-18.25,6.12,7.81,10.71,0,1.70,-0.0200,0.0736,8,0.860,0.000,0.00,0.00,6.514,0
-14.56,-16.75,205.81,0.2197,-0.0934,0.1677,0.9565,-2.02,2.97,9.55,-0.94,-0.44,-0.75,10.20,0,1.70,-0.0210,0.0724,8,0.860,0.000,0.00,0.00,6.514,0
-14.56,-16.81,206.00,0.2211,-0.0926,0.1682,0.9562,-2.23,3.02,8.70,2.25,-1.38,-0.50,9.48,0,1.70,-0.0205,0.0725,8,0.860,0.000,0.00,0.00,6.514,0
phase1 acc_mag=9.038 gravity=9.802 motion=0.764 moving_avg=0.595 rms=0.720 mean_rms=0.549 max_rms=0.720 min_rms=0.446 std=0.109 var=0.012 state=standing thr=0.767/0.967/1.467
-14.38,-17.00,205.69,0.2177,-0.0917,0.1696,0.9568,-2.25,2.87,8.27,0.75,1.19,6.81,9.04,0,1.70,-0.0203,0.0729,8,0.860,0.000,0.00,0.00,6.514,0
-14.56,-17.19,204.62,0.2092,-0.0945,0.1699,0.9584,-2.26,3.98,10.07,-10.56,6.19,18.56,11.06,0,1.70,-0.0220,0.0730,8,0.860,0.000,0.00,0.00,6.514,0
-13.44,-16.75,202.44,0.1915,-0.0886,0.1630,0.9638,-2.66,2.61,8.98,-7.75,-22.06,35.75,9.72,0,1.70,-0.0217,0.0696,8,0.860,0.000,0.00,0.00,6.514,0
-10.69,-16.12,199.19,0.1646,-0.0700,0.1525,0.9720,-2.04,1.69,9.36,-30.50,-30.12,60.00,9.73,0,1.70,-0.0172,0.0639,8,0.860,0.000,0.00,0.00,6.514,0
phase1 acc_mag=9.754 gravity=9.898 motion=0.144 moving_avg=0.587 rms=0.731 mean_rms=0.605 max_rms=0.764 min_rms=0.446 std=0.121 var=0.015 state=standing thr=0.847/1.047/1.547
-8.44,-14.56,196.31,0.1404,-0.0558,0.1353,0.9792,-1.53,1.02,9.79,-15.75,-22.88,40.81,9.96,0,1.70,-0.0143,0.0561,8,0.860,0.000,0.00,0.00,6.514,0
-7.31,-15.25,195.62,0.1346,-0.0460,0.1398,0.9799,-1.36,2.08,9.07,20.56,-12.31,2.25,9.40,0,1.70,-0.0105,0.0573,8,0.860,0.000,0.00,0.00,6.514,0
-7.75,-18.56,196.00,0.1370,-0.0479,0.1740,0.9740,-1.52,3.60,7.62,58.75,24.12,-7.69,8.56,0,1.70,-0.0091,0.0704,8,0.860,0.000,0.00,0.00,6.514,0
-9.31,-21.06,193.12,0.1122,-0.0615,0.1893,0.9735,-2.41,3.53,8.70,-4.50,21.44,74.81,9.69,0,1.70,-0.0154,0.0765,8,0.860,0.000,0.00,0.00,6.514,0
phase1 acc_mag=9.256 gravity=9.754 motion=0.498 moving_avg=0.606 rms=0.760 mean_rms=0.662 max_rms=0.764 min_rms=0.446 std=0.104 var=0.011 state=standing thr=0.869/1.069/1.569
-8.75,-22.12,188.44,0.0723,-0.0638,0.1958,0.9759,-2.16,2.81,8.54,26.06,14.38,83.31,9.25,0,1.70,-0.0193,0.0783,8,0.860,0.000,0.00,0.00,6.514,0
-8.50,-27.06,185.75,0.0491,-0.0644,0.2357,0.9684,-2.24,5.10,9.00,88.12,-1.19,1.88,10.58,0,1.70,-0.0203,0.0926,8,0.860,0.000,0.00,0.00,6.514,0
-8.56,-32.50,189.19,0.0771,-0.0554,0.2829,0.9545,-1.14,5.76,8.59,70.62,-39.06,-56.94,10.41,0,1.70,-0.0124,0.1097,8,0.860,0.000,0.00,0.00,6.514,0
-9.69,-35.69,195.88,0.1428,-0.0480,0.3195,0.9355,0.17,6.08,7.65,92.69,-11.19,-139.94,9.77,0,1.70,0.0003,0.1223,8,0.860,0.000,0.00,0.00,6.514,0
phase1 acc_mag=10.022 gravity=9.879 motion=0.144 moving_avg=0.626 rms=0.786 mean_rms=0.729 max_rms=0.821 min_rms=0.593 std=0.047 var=0.002 state=standing thr=0.822/1.022/1.522
-11.12,-40.06,200.69,0.1684,-0.0413,0.3506,0.9203,-0.84,9.65,7.19,45.88,-41.88,39.75,12.06,0,1.70,0.0084,0.1318,8,0.860,0.000,0.00,0.00,6.514,0
-9.31,-40.19,200.38,0.1711,-0.0276,0.3477,0.9214,-0.50,5.69,7.18,-32.00,2.38,-70.81,9.17,0,1.70,0.0136,0.1300,8,0.860,0.000,0.00,0.00,6.514,0
-11.44,-38.06,204.81,0.2023,-0.0341,0.3365,0.9190,0.18,8.59,7.12,-70.94,-6.88,-1.81,11.16,0,1.70,0.0147,0.1265,8,0.860,0.000,0.00,0.00,6.514,0
phase1 acc_mag=9.080 gravity=10.014 motion=0.934 moving_avg=0.651 rms=0.856 mean_rms=0.758 max_rms=0.863 min_rms=0.711 std=0.040 var=0.002 state=slow thr=0.838/1.038/1.538
-9.44,-32.06,202.12,0.1771,-0.0284,0.2770,0.9440,0.03,5.52,7.21,-113.62,-46.56,105.75,9.08,0,1.70,0.0089,0.1066,8,0.860,0.000,0.00,0.00,6.514,0
-6.38,-27.06,197.75,0.1500,-0.0206,0.2394,0.9590,0.09,4.00,7.20,-27.75,15.19,24.06,8.24,0,1.70,0.0065,0.0931,8,0.860,0.000,0.00,0.00,6.514,0
-7.19,-22.50,193.75,0.1104,-0.0413,0.1905,0.9746,-1.75,3.13,8.78,-126.31,12.75,75.88,9.48,0,1.70,-0.0077,0.0761,8,0.860,0.000,0.00,0.00,6.514,0
-6.81,-16.62,188.44,0.0732,-0.0493,0.1482,0.9850,-1.18,2.33,10.11,-20.44,19.50,49.62,10.44,0,1.70,-0.0151,0.0598,8,0.860,0.000,0.00,0.00,6.514,0
phase1 acc_mag=9.940 gravity=10.001 motion=0.061 moving_avg=0.703 rms=0.905 mean_rms=0.794 max_rms=0.907 min_rms=0.714 std=0.063 var=0.004 state=standing thr=0.919/1.119/1.619
-5.19,-15.00,184.00,0.0278,-0.0399,0.1298,0.9904,0.75,0.62,8.52,-30.88,-4.75,84.06,8.58,0,1.70,-0.0144,0.0518,8,0.860,0.000,0.00,0.00,6.514,0
-6.00,-13.62,180.75,0.0066,-0.0524,0.1190,0.9915,-0.51,2.52,9.77,-22.38,11.75,44.69,10.10,0,1.70,-0.0205,0.0473,8,0.860,0.000,0.00,0.00,6.514,0
-6.00,-13.31,178.00,-0.0201,-0.0536,0.1156,0.9916,-0.82,1.12,9.61,7.12,-5.69,35.38,9.71,0,1.70,-0.0222,0.0454,8,0.860,0.000,0.00,0.00,6.514,0
-3.38,-14.19,174.19,-0.0503,-0.0360,0.1219,0.9906,1.07,0.09,9.46,-19.06,-30.62,78.44,9.52,0,1.70,-0.0167,0.0476,8,0.860,0.000,0.00,0.00,6.514,0
phase1 acc_mag=10.038 gravity=9.910 motion=0.128 moving_avg=0.699 rms=0.896 mean_rms=0.824 max_rms=0.916 min_rms=0.714 std=0.066 var=0.004 state=standing thr=0.955/1.155/1.655
-1.12,-13.94,170.69,-0.0825,-0.0181,0.1182,0.9894,0.86,3.14,10.00,-30.88,-17.56,27.25,10.52,0,1.70,-0.0111,0.0462,8,0.860,0.000,0.00,0.00,6.514,0
0.12,-12.94,169.88,-0.0872,-0.0085,0.1125,0.9898,0.10,4.61,11.65,-3.75,-24.50,29.62,12.53,0,1.70,-0.0073,0.0442,8,0.860,0.000,0.00,0.00,6.514,0
2.94,-11.88,166.25,-0.1190,0.0134,0.1058,0.9871,-0.34,1.83,10.05,-38.50,-42.31,81.50,10.22,0,1.70,0.0003,0.0424,8,0.860,0.000,0.00,0.00,6.514,0
7.25,-8.88,160.56,-0.1721,0.0503,0.0861,0.9800,1.25,-0.28,7.06,-9.19,1.62,50.56,7.18,0,1.70,0.0138,0.0372,9,0.744,0.000,0.00,0.00,7.257,1
phase1 acc_mag=6.898 gravity=10.074 motion=3.176 moving_avg=0.954 rms=1.256 mean_rms=0.888 max_rms=1.256 min_rms=0.752 std=0.107 var=0.011 state=slow thr=1.102/1.302/1.802
5.19,-9.62,158.31,-0.1873,0.0290,0.0912,0.9777,-0.45,1.07,7.32,58.06,68.25,19.94,7.41,0,1.70,0.0045,0.0378,9,0.744,0.000,0.00,0.00,7.257,0
4.25,-11.19,155.06,-0.2181,0.0188,0.1089,0.9697,1.95,1.27,9.51,58.75,-47.50,46.31,9.79,0,1.70,-0.0022,0.0439,9,0.744,0.000,0.00,0.00,7.257,0
7.00,-14.00,149.75,-0.2581,0.0278,0.1335,0.9564,12.76,-0.11,11.55,173.06,84.56,88.50,17.21,0,1.70,-0.0031,0.0539,9,0.744,0.000,0.00,0.00,7.257,0
0.44,-16.31,151.31,-0.2450,-0.0311,0.1386,0.9590,-0.76,1.06,15.90,41.31,10.00,-24.94,15.95,0,1.70,-0.0255,0.0501,9,0.744,0.000,0.00,0.00,7.257,0
phase1 acc_mag=14.086 gravity=10.383 motion=3.702 moving_avg=1.580 rms=2.595 mean_rms=1.076 max_rms=2.595 min_rms=0.752 std=0.389 var=0.151 state=running thr=1.853/2.053/2.553
2.62,-15.25,150.31,-0.2551,-0.0059,0.1344,0.9575,-1.75,1.57,7.16,-15.56,-62.38,29.06,7.54,0,1.70,-0.0160,0.0509,9,0.744,0.000,0.00,0.00,7.257,0
6.31,-12.25,149.44,-0.2614,0.0254,0.1174,0.9578,1.10,-0.85,6.69,-65.94,-25.31,6.69,6.83,0,1.70,-0.0025,0.0476,10,0.857,2.105,147.42,2.46,8.114,0
7.56,-10.12,148.19,-0.2717,0.0406,0.1006,0.9562,1.82,1.03,9.97,-41.38,4.31,-12.44,10.19,0,1.70,0.0046,0.0429,10,0.857,2.105,147.42,2.46,8.114,0
9.19,-7.44,147.50,-0.2780,0.0591,0.0844,0.9551,-0.52,1.80,10.49,-99.69,-70.44,25.19,10.66,0,1.70,0.0132,0.0388,10,0.857,2.105,147.42,2.46,8.114,0
phase1 acc_mag=11.347 gravity=10.246 motion=1.100 moving_avg=1.728 rms=2.707 mean_rms=1.483 max_rms=2.718 min_rms=0.882 std=0.728 var=0.530 state=standing thr=2.940/3.140/3.640
13.44,-5.19,147.25,-0.2785,0.1053,0.0772,0.9515,1.58,1.28,7.93,-0.56,-58.12,-22.31,8.19,0,1.70,0.0315,0.0411,10,0.857,2.105,147.42,2.46,8.114,0
16.69,-3.19,146.94,-0.2832,0.1347,0.0588,0.9478,0.04,4.17,7.74,-103.12,-4.81,42.69,8.79,0,1.70,0.0444,0.0376,10,0.857,2.105,147.42,2.46,8.114,0
14.56,0.62,144.75,-0.3000,0.1227,0.0332,0.9454,0.96,-2.15,11.90,-68.75,-9.94,26.44,12.13,0,1.70,0.0424,0.0273,10,0.857,2.105,147.42,2.46,8.114,0
18.50,4.44,145.75,-0.2902,0.1648,0.0118,0.9426,6.73,-5.18,7.84,-30.31,-62.38,-31.31,11.56,0,1.70,0.0608,0.0236,10,0.857,2.105,147.42,2.46,8.114,0
phase1 acc_mag=10.484 gravity=10.430 motion=0.054 moving_avg=2.084 rms=3.010 mean_rms=1.911 max_rms=3.010 min_rms=0.882 std=0.828 var=0.686 state=standing thr=3.568/3.768/4.268
19.06,3.25,146.25,-0.2858,0.1668,0.0216,0.9434,5.86,-0.13,6.27,31.12,19.00,19.00,8.58,0,1.70,0.0605,0.0272,10,0.857,2.105,147.42,2.46,8.114,0
15.19,2.62,146.19,-0.2878,0.1334,0.0169,0.9482,2.52,-2.88,9.84,-1.81,26.50,17.94,10.56,0,1.70,0.0486,0.0218,10,0.857,2.105,147.42,2.46,8.114,0
15.19,2.12,146.44,-0.2857,0.1341,0.0207,0.9487,3.95,-1.10,8.16,-9.50,-22.38,-3.06,9.13,0,1.70,0.0485,0.0232,10,0.857,2.105,147.42,2.46,8.114,0
15.75,3.06,146.69,-0.2836,0.1392,0.0143,0.9487,4.20,-2.17,8.58,-3.56,8.81,-8.50,9.80,0,1.70,0.0512,0.0212,10,0.857,2.105,147.42,2.46,8.114,0
phase1 acc_mag=9.735 gravity=10.220 motion=0.486 moving_avg=2.121 rms=3.004 mean_rms=2.377 max_rms=3.042 min_rms=1.030 std=0.721 var=0.520 state=standing thr=3.819/4.019/4.519
15.69,2.19,147.56,-0.2756,0.1373,0.0215,0.9512,2.74,-1.24,9.09,11.94,-15.81,-12.62,9.57,0,1.70,0.0499,0.0233,10,0.857,2.105,147.42,2.46,8.114,0
15.00,0.00,146.62,-0.2846,0.1251,0.0373,0.9497,0.50,4.16,10.49,-5.19,44.25,51.81,11.30,0,1.70,0.0433,0.0284,10,0.857,2.105,147.42,2.46,8.114,0
13.56,1.44,142.56,-0.3182,0.1166,0.0308,0.9403,0.31,-4.28,7.52,51.06,-26.19,-9.69,8.66,0,1.70,0.0400,0.0264,10,0.857,2.105,147.42,2.46,8.114,0
16.69,-3.19,144.06,-0.3047,0.1302,0.0710,0.9409,8.99,8.10,7.62,59.50,-13.75,-56.50,14.30,0,1.70,0.0403,0.0426,10,0.857,2.105,147.42,2.46,8.114,0
phase1 acc_mag=13.398 gravity=10.778 motion=2.620 moving_avg=2.077 rms=3.010 mean_rms=2.735 max_rms=3.042 min_rms=1.353 std=0.430 var=0.185 state=standing thr=3.596/3.796/4.296
14.38,-2.81,146.44,-0.2858,0.1133,0.0592,0.9497,4.16,-0.57,9.09,-29.38,-5.00,15.31,10.01,0,1.70,0.0363,0.0354,10,0.857,2.105,147.42,2.46,8.114,0
14.06,-3.69,148.25,-0.2711,0.1096,0.0641,0.9542,2.45,2.01,6.01,10.38,-0.12,1.31,6.79,0,1.70,0.0349,0.0364,11,0.777,0.678,52.36,0.87,8.892,1
11.56,-3.44,150.00,-0.2573,0.0900,0.0549,0.9606,3.46,2.02,9.16,3.12,14.12,-22.69,10.00,0,1.70,0.0289,0.0303,11,0.777,0.678,52.36,0.87,8.892,0
9.81,-3.00,151.31,-0.2465,0.0765,0.0466,0.9650,1.90,-0.01,9.23,-20.62,24.00,-15.12,9.42,0,1.70,0.0250,0.0255,11,0.777,0.678,52.36,0.87,8.892,0
phase1 acc_mag=9.282 gravity=10.298 motion=1.015 moving_avg=1.496 rms=2.022 mean_rms=2.816 max_rms=3.042 min_rms=2.022 std=0.282 var=0.080 state=standing thr=3.381/3.581/4.081
8.19,-3.75,151.69,-0.2435,0.0613,0.0492,0.9667,1.81,0.93,9.91,39.31,24.62,-4.00,10.12,0,1.70,0.0189,0.0250,11,0.777,0.678,52.36,0.87,8.892,0
8.19,-4.31,151.56,-0.2444,0.0604,0.0538,0.9663,1.47,0.50,9.21,-35.69,-11.94,6.19,9.34,0,1.70,0.0181,0.0267,11,0.777,0.678,52.36,0.87,8.892,0
6.56,-1.44,149.38,-0.2679,0.0571,0.0206,0.9615,-3.61,1.01,14.49,-92.19,-37.25,64.00,14.97,0,1.70,0.0197,0.0140,11,0.777,0.678,52.36,0.87,8.892,0
12.31,7.25,146.31,-0.2870,0.1210,-0.0286,0.9498,3.07,-8.56,4.60,-110.50,-88.12,-11.94,10.19,0,1.70,0.0492,0.0030,11,0.777,0.678,52.36,0.87,8.892,0
phase1 acc_mag=11.404 gravity=10.482 motion=0.922 moving_avg=1.707 rms=2.440 mean_rms=2.702 max_rms=3.042 min_rms=1.956 std=0.405 var=0.164 state=standing thr=3.511/3.711/4.211
11.25,6.19,150.38,-0.2442,0.0936,-0.0216,0.9650,8.63,-0.92,12.68,87.94,164.62,-126.00,15.37,0,1.70,0.0382,0.0008,11,0.777,0.678,52.36,0.87,8.892,0
6.62,2.62,155.12,-0.2148,0.0618,-0.0102,0.9746,2.98,-2.71,8.62,-21.31,-10.88,10.69,9.51,0,1.70,0.0250,0.0013,11,0.777,0.678,52.36,0.87,8.892,0
8.94,2.44,153.75,-0.2261,0.0812,-0.0032,0.9707,2.04,-1.91,7.35,1.50,-23.12,5.50,7.86,0,1.70,0.0318,0.0061,11,0.777,0.678,52.36,0.87,8.892,0
9.69,1.25,153.75,-0.2289,0.0868,0.0111,0.9695,2.08,-0.13,8.78,33.25,-17.56,13.62,9.02,0,1.70,0.0326,0.0123,12,0.781,1.157,88.89,1.48,9.673,0
phase1 acc_mag=10.280 gravity=10.323 motion=0.043 moving_avg=1.665 rms=2.313 mean_rms=2.565 max_rms=3.042 min_rms=1.956 std=0.402 var=0.162 state=standing thr=3.370/3.570/4.070
8.94,-0.50,153.81,-0.2255,0.0751,0.0223,0.9711,1.33,-1.32,9.17,31.69,27.38,-16.06,9.36,0,1.70,0.0272,0.0154,12,0.781,1.157,88.89,1.48,9.673,0
8.12,-2.06,154.38,-0.2228,0.0649,0.0356,0.9720,2.50,-1.95,10.40,24.62,1.44,20.00,10.87,0,1.70,0.0221,0.0196,12,0.781,1.157,88.89,1.48,9.673,0
4.62,-3.75,151.06,-0.2495,0.0314,0.0418,0.9670,-1.77,0.27,16.66,62.00,81.12,47.06,16.76,0,1.70,0.0080,0.0193,12,0.781,1.157,88.89,1.48,9.673,0
10.44,-3.94,148.00,-0.2766,0.0908,0.0548,0.9551,1.79,-6.03,5.15,-82.31,-131.06,31.81,8.13,0,1.70,0.0286,0.0310,12,0.781,1.157,88.89,1.48,9.673,0
phase1 acc_mag=7.167 gravity=10.597 motion=3.430 moving_avg=2.001 rms=2.704 mean_rms=2.446 max_rms=3.022 min_rms=1.956 std=0.336 var=0.113 state=standing thr=3.117/3.317/3.817
10.44,-3.62,150.25,-0.2561,0.0779,0.0579,0.9618,-0.59,3.21,11.39,42.50,50.12,-40.00,11.85,0,1.70,0.0240,0.0302,12,0.781,1.157,88.89,1.48,9.673,0
9.69,-5.06,150.56,-0.2525,0.0709,0.0640,0.9629,2.77,-0.59,8.72,-4.06,-2.00,38.75,9.17,0,1.70,0.0208,0.0318,12,0.781,1.157,88.89,1.48,9.673,0
8.06,-4.06,150.81,-0.2509,0.0596,0.0521,0.9648,1.24,-0.25,10.02,-24.81,18.06,-4.00,10.10,0,1.70,0.0178,0.0261,12,0.781,1.157,88.89,1.48,9.673,0
8.06,-4.56,152.50,-0.2368,0.0590,0.0552,0.9682,2.62,3.15,9.47,7.06,-12.19,-24.00,10.32,0,1.70,0.0176,0.0270,12,0.781,1.157,88.89,1.48,9.673,0
phase1 acc_mag=9.564 gravity=10.342 motion=0.778 moving_avg=1.818 rms=2.563 mean_rms=2.371 max_rms=2.870 min_rms=1.956 std=0.227 var=0.052 state=standing thr=2.825/3.025/3.525
9.19,-3.56,152.62,-0.2354,0.0724,0.0480,0.9680,2.70,0.85,8.67,-20.12,-13.25,2.38,9.12,0,1.70,0.0235,0.0254,12,0.781,1.157,88.89,1.48,9.673,0
9.69,-2.62,153.12,-0.2310,0.0771,0.0421,0.9690,1.21,1.05,10.18,-18.94,-10.00,-9.94,10.31,0,1.70,0.0260,0.0234,12,0.781,1.157,88.89,1.48,9.673,0
9.44,-1.88,152.62,-0.2358,0.0762,0.0353,0.9682,-1.59,1.22,10.28,-38.12,35.44,32.31,10.47,0,1.70,0.0262,0.0209,12,0.781,1.157,88.89,1.48,9.673,0
9.06,0.81,149.94,-0.2559,0.0815,0.0111,0.9632,2.30,-1.42,7.10,-37.44,-28.88,-28.06,7.60,0,1.70,0.0303,0.0126,12,0.781,1.157,88.89,1.48,9.673,0
phase1 acc_mag=7.371 gravity=10.386 motion=3.015 moving_avg=1.848 rms=2.580 mean_rms=2.445 max_rms=2.711 min_rms=1.956 std=0.178 var=0.032 state=standing thr=2.800/3.000/3.500
8.81,3.06,153.75,-0.2263,0.0814,-0.0084,0.9706,8.10,-4.59,12.81,-27.31,15.31,-16.88,15.84,0,1.70,0.0324,0.0041,12,0.781,1.157,88.89,1.48,9.673,0
9.19,-0.19,156.56,-0.1986,0.0765,0.0178,0.9769,6.04,0.49,9.43,-1.62,20.88,-45.25,11.21,0,1.70,0.0285,0.0130,12,0.781,1.157,88.89,1.48,9.673,0
8.31,-0.56,156.56,-0.2023,0.0704,0.0196,0.9766,0.15,-2.15,9.61,-25.25,5.56,-0.31,9.85,0,1.70,0.0259,0.0133,12,0.781,1.157,88.89,1.48,9.673,0
10.50,0.00,156.38,-0.2034,0.0898,0.0188,0.9748,2.94,-2.10,7.24,-9.00,-50.81,1.25,8.09,0,1.70,0.0335,0.0146,12,0.781,1.157,88.89,1.48,9.673,0
phase1 acc_mag=7.695 gravity=10.022 motion=2.327 moving_avg=1.525 rms=2.073 mean_rms=2.450 max_rms=2.711 min_rms=2.071 std=0.174 var=0.030 state=standing thr=2.798/2.998/3.498
11.25,-0.56,156.88,-0.1995,0.0954,0.0250,0.9749,3.15,-0.07,9.32,-6.06,1.75,8.38,9.84,0,1.70,0.0352,0.0173,13,0.792,0.668,50.55,0.84,10.465,0
9.69,-1.06,156.94,-0.1994,0.0784,0.0284,0.9764,3.56,-2.33,10.50,29.81,23.88,-0.44,11.33,0,1.70,0.0284,0.0174,13,0.792,0.668,50.55,0.84,10.465,0
7.44,-4.69,157.69,-0.1927,0.0562,0.0527,0.9782,-0.67,2.69,8.86,34.19,5.56,19.50,9.28,0,1.70,0.0179,0.0249,13,0.792,0.668,50.55,0.84,10.465,0
phase1 acc_mag=14.017 gravity=10.331 motion=3.686 moving_avg=1.435 rms=2.040 mean_rms=2.390 max_rms=2.711 min_rms=1.951 std=0.251 var=0.063 state=standing thr=2.891/3.091/3.591
5.06,-5.06,153.62,-0.2275,0.0331,0.0530,0.9718,-4.97,1.10,13.06,20.69,87.00,28.12,14.02,0,1.70,0.0080,0.0236,13,0.792,0.668,50.55,0.84,10.465,0
7.69,-3.00,149.88,-0.2589,0.0583,0.0431,0.9632,8.59,-12.64,8.52,-96.25,-56.81,12.25,17.50,0,1.70,0.0180,0.0226,13,0.792,0.668,50.55,0.84,10.465,0
5.38,-6.69,151.25,-0.2476,0.0314,0.0683,0.9659,2.23,8.63,12.69,5.94,22.50,35.25,15.51,0,1.70,0.0054,0.0295,13,0.792,0.668,50.55,0.84,10.465,0
6.38,-4.50,150.75,-0.2481,0.0441,0.0520,0.9663,1.23,-2.59,8.19,-11.25,-17.69,-23.44,8.68,0,1.70,0.0119,0.0245,13,0.792,0.668,50.55,0.84,10.465,0
phase1 acc_mag=8.172 gravity=10.395 motion=2.223 moving_avg=1.448 rms=2.038 mean_rms=2.307 max_rms=2.666 min_rms=1.951 std=0.257 var=0.066 state=standing thr=2.821/3.021/3.521
6.56,-3.94,152.38,-0.2379,0.0477,0.0475,0.9689,1.64,0.55,9.51,-10.62,-1.06,-38.69,9.67,0,1.70,0.0140,0.0229,13,0.792,0.668,50.55,0.84,10.465,0
8.31,-4.44,153.00,-0.2322,0.0624,0.0555,0.9691,2.38,2.03,9.45,7.06,-17.19,-3.69,9.95,0,1.70,0.0190,0.0273,13,0.792,0.668,50.55,0.84,10.465,0
7.75,-6.25,153.81,-0.2257,0.0537,0.0685,0.9703,-0.28,3.84,8.84,19.38,22.31,-23.94,9.64,0,1.70,0.0147,0.0315,13,0.792,0.668,50.55,0.84,10.465,0
6.50,-5.94,154.94,-0.2163,0.0447,0.0630,0.9733,-2.01,2.93,8.07,-31.56,10.19,-14.06,8.82,0,1.70,0.0119,0.0284,13,0.792,0.668,50.55,0.84,10.465,0
phase1 acc_mag=8.758 gravity=10.294 motion=1.535 moving_avg=1.364 rms=1.962 mean_rms=2.171 max_rms=2.642 min_rms=1.950 std=0.228 var=0.052 state=standing thr=2.627/2.827/3.327
8.56,0.81,153.31,-0.2300,0.0743,0.0102,0.9703,13.80,-17.19,11.07,-179.69,-24.12,29.31,24.67,0,1.70,0.0279,0.0108,13,0.792,0.668,50.55,0.84,10.465,0
0.31,-7.06,164.94,-0.1306,-0.0051,0.0616,0.9895,-1.74,7.78,15.68,-25.81,-44.75,-65.88,17.59,0,1.70,-0.0052,0.0241,13,0.792,0.668,50.55,0.84,10.465,0
6.50,-3.88,161.69,-0.1580,0.0512,0.0374,0.9854,1.41,-0.29,4.14,-61.88,4.88,-2.50,4.38,0,1.70,0.0178,0.0180,13,0.792,0.668,50.55,0.84,10.465,0
7.19,-1.81,160.81,-0.1659,0.0597,0.0261,0.9840,2.90,-0.79,6.79,11.25,26.19,-12.75,7.43,0,1.70,0.0218,0.0142,14,0.970,0.926,57.31,0.96,11.435,0
phase1 acc_mag=8.568 gravity=10.805 motion=2.236 moving_avg=2.516 rms=4.258 mean_rms=2.434 max_rms=4.276 min_rms=1.950 std=0.783 var=0.613 state=walking thr=4.000/4.200/4.700
5.56,-2.69,161.75,-0.1580,0.0445,0.0312,0.9860,0.78,0.76,10.48,25.50,-13.50,22.19,10.54,0,1.70,0.0156,0.0151,14,0.970,0.926,57.31,0.96,11.435,0
8.00,-4.00,161.31,-0.1614,0.0636,0.0455,0.9838,4.09,-1.08,8.58,22.31,-33.69,17.31,9.57,0,1.70,0.0221,0.0220,14,0.970,0.926,57.31,0.96,11.435,0
6.62,-6.31,160.19,-0.1712,0.0477,0.0639,0.9820,0.97,2.55,9.76,35.38,52.75,4.31,10.13,0,1.70,0.0143,0.0284,14,0.970,0.926,57.31,0.96,11.435,0
phase1 acc_mag=9.127 gravity=10.939 motion=1.812 moving_avg=2.486 rms=4.256 mean_rms=2.865 max_rms=4.276 min_rms=1.950 std=1.055 var=1.112 state=standing thr=4.974/5.174/5.674
4.75,-7.94,158.38,-0.1869,0.0280,0.0757,0.9791,-2.65,1.21,8.65,-5.12,27.75,18.50,9.13,0,1.70,0.0053,0.0317,14,0.970,0.926,57.31,0.96,11.435,0
2.00,-9.00,152.94,-0.2331,-0.0012,0.0804,0.9691,-1.64,3.03,9.41,4.69,-40.06,94.62,10.02,0,1.70,-0.0079,0.0311,14,0.970,0.926,57.31,0.96,11.435,0
5.31,-8.94,151.88,-0.2416,0.0262,0.0870,0.9661,6.92,1.16,5.43,108.56,-18.12,-27.19,8.87,0,1.70,0.0017,0.0361,14,0.970,0.926,57.31,0.96,11.435,0
0.31,-12.38,154.56,-0.2147,-0.0247,0.1047,0.9708,3.38,7.23,14.15,-8.31,42.12,-54.00,16.25,0,1.70,-0.0186,0.0385,14,0.970,0.926,57.31,0.96,11.435,0
phase1 acc_mag=9.624 gravity=11.429 motion=1.805 moving_avg=2.772 rms=4.428 mean_rms=3.336 max_rms=4.445 min_rms=1.950 std=1.091 var=1.190 state=standing thr=5.518/5.718/6.218
2.12,-12.94,154.56,-0.2196,-0.0029,0.1131,0.9690,4.12,-0.19,7.60,0.88,-73.00,82.19,8.65,0,1.70,-0.0110,0.0436,14,0.970,0.926,57.31,0.96,11.435,0
2.94,-12.31,155.31,-0.2108,0.0029,0.1101,0.9713,1.13,1.53,8.80,-8.06,-4.81,-17.06,9.00,0,1.70,-0.0082,0.0430,14,0.970,0.926,57.31,0.96,11.435,0
3.06,-12.56,156.88,-0.1991,0.0048,0.1126,0.9734,0.29,5.77,10.57,-3.88,-19.62,-14.62,12.05,0,1.70,-0.0071,0.0442,14,0.970,0.926,57.31,0.96,11.435,0
7.50,-8.81,155.38,-0.2119,0.0483,0.0887,0.9720,2.44,0.96,10.47,-59.56,-88.94,32.19,10.79,0,1.70,0.0113,0.0386,14,0.970,0.926,57.31,0.96,11.435,0
phase1 acc_mag=7.405 gravity=11.094 motion=3.689 moving_avg=2.710 rms=4.338 mean_rms=3.790 max_rms=4.445 min_rms=1.950 std=0.929 var=0.863 state=standing thr=5.648/5.848/6.348
11.94,-5.50,155.81,-0.2056,0.0960,0.0654,0.9717,1.68,0.12,6.82,-43.12,-40.94,-20.00,7.02,0,1.70,0.0319,0.0333,14,0.970,0.926,57.31,0.96,11.435,0
13.81,-3.38,157.06,-0.1972,0.1123,0.0522,0.9725,-2.05,2.51,6.93,-36.31,-28.69,20.81,7.65,0,1.70,0.0396,0.0292,15,0.792,0.855,64.72,1.08,12.227,0
11.44,-1.12,157.19,-0.1967,0.0959,0.0295,0.9753,-3.94,7.21,16.56,98.88,145.75,-178.69,18.49,0,1.70,0.0351,0.0190,15,0.792,0.855,64.72,1.08,12.227,0
14.31,-1.56,158.12,-0.1881,0.1201,0.0372,0.9741,4.35,-2.30,6.35,-33.44,-30.94,-29.81,8.03,0,1.70,0.0440,0.0235,15,0.792,0.855,64.72,1.08,12.227,0
phase1 acc_mag=8.129 gravity=11.193 motion=3.063 moving_avg=3.126 rms=4.450 mean_rms=4.298 max_rms=4.663 min_rms=2.907 std=0.250 var=0.063 state=standing thr=4.799/4.999/5.499
14.69,-1.81,158.31,-0.1842,0.1187,0.0375,0.9750,2.49,-1.18,6.86,-16.06,54.00,-27.19,7.39,0,1.70,0.0435,0.0234,15,0.792,0.855,64.72,1.08,12.227,0
11.56,-1.69,157.88,-0.1907,0.0965,0.0336,0.9763,0.66,0.92,10.38,-4.00,16.19,5.50,10.44,0,1.70,0.0351,0.0205,15,0.792,0.855,64.72,1.08,12.227,0
12.75,-0.88,157.38,-0.1936,0.1096,0.0301,0.9745,3.15,-1.19,7.35,-4.56,-27.12,-0.88,8.08,0,1.70,0.0404,0.0202,15,0.792,0.855,64.72,1.08,12.227,0
13.06,-1.06,158.00,-0.1891,0.1102,0.0308,0.9753,3.86,-1.08,8.16,2.38,-3.50,17.94,9.09,0,1.70,0.0407,0.0203,15,0.792,0.855,64.72,1.08,12.227,0
phase1 acc_mag=9.202 gravity=10.548 motion=1.346 moving_avg=2.155 rms=2.738 mean_rms=4.113 max_rms=4.663 min_rms=2.737 std=0.559 var=0.312 state=standing thr=5.231/5.431/5.931
11.62,-1.38,158.19,-0.1867,0.0940,0.0317,0.9774,2.43,-0.47,9.90,14.44,36.38,-19.25,10.20,0,1.70,0.0344,0.0194,15,0.792,0.855,64.72,1.08,12.227,0
9.31,-3.25,160.06,-0.1722,0.0754,0.0418,0.9813,0.15,2.34,9.27,-20.25,20.75,-5.31,9.56,0,1.70,0.0267,0.0216,15,0.792,0.855,64.72,1.08,12.227,0
2.62,-5.50,157.12,-0.1957,0.0073,0.0599,0.9788,-6.61,-2.08,20.18,46.25,184.81,-128.00,21.34,0,1.70,-0.0018,0.0240,15,0.792,0.855,64.72,1.08,12.227,0
9.56,-4.25,153.00,-0.2321,0.0729,0.0557,0.9684,2.27,-11.97,2.70,-173.56,-49.94,-96.88,12.48,0,1.70,0.0231,0.0284,15,0.792,0.855,64.72,1.08,12.227,0
phase1 acc_mag=10.263 gravity=10.795 motion=0.532 moving_avg=2.401 rms=3.084 mean_rms=3.830 max_rms=4.663 min_rms=2.711 std=0.745 var=0.555 state=standing thr=5.320/5.520/6.020
5.50,-8.88,157.44,-0.1945,0.0325,0.0851,0.9767,-1.95,7.11,14.92,56.06,46.50,-65.50,16.64,0,1.70,0.0061,0.0358,15,0.792,0.855,64.72,1.08,12.227,0
8.00,-8.12,156.69,-0.1991,0.0556,0.0827,0.9749,1.60,-3.23,8.16,-10.75,-15.62,-16.69,8.92,0,1.70,0.0151,0.0367,15,0.792,0.855,64.72,1.08,12.227,0
7.44,-7.75,157.75,-0.1917,0.0508,0.0787,0.9770,0.67,0.19,9.43,-26.06,22.81,-13.81,9.46,0,1.70,0.0138,0.0347,15,0.792,0.855,64.72,1.08,12.227,0
7.38,-8.12,158.75,-0.1834,0.0540,0.0807,0.9782,1.56,4.17,10.79,-13.88,-36.50,8.50,11.67,0,1.70,0.0152,0.0355,15,0.792,0.855,64.72,1.08,12.227,0
phase1 acc_mag=10.639 gravity=10.437 motion=0.202 moving_avg=2.238 rms=2.929 mean_rms=3.556 max_rms=4.663 min_rms=2.711 std=0.738 var=0.545 state=standing thr=5.032/5.232/5.732
10.19,-6.50,158.44,-0.1856,0.0773,0.0719,0.9769,2.77,0.24,9.08,-33.00,-28.00,-8.06,9.50,0,1.70,0.0249,0.0338,15,0.792,0.855,64.72,1.08,12.227,0
11.19,-5.44,159.56,-0.1759,0.0881,0.0638,0.9784,0.81,3.20,8.11,-10.94,-5.88,-14.06,8.76,0,1.70,0.0300,0.0312,15,0.792,0.855,64.72,1.08,12.227,0
10.75,-3.31,158.31,-0.1871,0.0867,0.0460,0.9774,-0.53,-2.84,8.75,-57.31,16.38,62.69,9.21,0,1.70,0.0304,0.0245,15,0.792,0.855,64.72,1.08,12.227,0
5.88,-1.62,160.00,-0.1675,0.0511,0.0225,0.9843,-2.45,-0.46,12.87,-18.62,-33.94,-65.19,13.11,0,1.70,0.0186,0.0123,15,0.792,0.855,64.72,1.08,12.227,0
phase1 acc_mag=10.880 gravity=10.664 motion=0.215 moving_avg=2.256 rms=2.975 mean_rms=3.251 max_rms=4.663 min_rms=2.711 std=0.646 var=0.418 state=standing thr=4.544/4.744/5.244
7.62,-0.69,166.75,-0.1147,0.0659,0.0142,0.9911,4.16,-4.36,9.15,-46.31,18.38,-76.00,10.96,0,1.70,0.0255,0.0086,15,0.792,0.855,64.72,1.08,12.227,0
5.88,-1.81,167.12,-0.1127,0.0452,0.0198,0.9924,-0.77,0.39,9.86,-12.56,53.75,8.94,9.90,0,1.70,0.0171,0.0099,15,0.792,0.855,64.72,1.08,12.227,0
6.50,-1.06,165.25,-0.1277,0.0555,0.0167,0.9901,1.23,-1.43,8.65,-7.75,-42.94,6.25,8.85,0,1.70,0.0211,0.0095,15,0.792,0.855,64.72,1.08,12.227,0
phase1 acc_mag=8.062 gravity=10.446 motion=2.384 moving_avg=1.789 rms=2.461 mean_rms=2.870 max_rms=3.347 min_rms=2.450 std=0.190 var=0.036 state=standing thr=3.251/3.451/3.951
9.88,-1.00,165.62,-0.1234,0.0892,0.0200,0.9882,2.66,-0.11,7.61,0.00,-60.44,-10.25,8.06,0,1.70,0.0343,0.0123,15,0.792,0.855,64.72,1.08,12.227,0
11.75,-1.81,165.94,-0.1226,0.1001,0.0295,0.9869,3.06,-1.32,9.47,14.50,-4.31,11.25,10.04,0,1.70,0.0381,0.0165,15,0.792,0.855,64.72,1.08,12.227,0
10.06,-6.38,167.31,-0.1095,0.0814,0.0643,0.9886,-1.87,4.47,10.06,66.06,39.12,-63.00,11.17,0,1.70,0.0294,0.0290,15,0.792,0.855,64.72,1.08,12.227,0
8.12,-6.00,165.62,-0.1353,0.0618,0.0582,0.9872,-0.11,1.90,14.16,-16.69,36.94,128.94,14.29,0,1.70,0.0213,0.0263,15,0.792,0.855,64.72,1.08,12.227,0
phase1 acc_mag=14.454 gravity=10.695 motion=3.759 moving_avg=1.863 rms=2.528 mean_rms=2.785 max_rms=3.120 min_rms=2.425 std=0.237 var=0.056 state=standing thr=3.260/3.460/3.960
5.50,-6.00,160.88,-0.1796,0.0533,0.0612,0.9803,4.42,-5.11,8.84,-3.44,-92.62,92.62,11.13,0,1.70,0.0165,0.0278,15,0.792,0.855,64.72,1.08,12.227,0
8.31,-6.19,161.31,-0.1609,0.0620,0.0720,0.9824,3.34,7.56,8.37,82.88,-0.81,-9.38,11.76,0,1.70,0.0197,0.0323,15,0.792,0.855,64.72,1.08,12.227,0
7.75,-8.44,163.81,-0.1397,0.0569,0.0819,0.9852,1.90,4.49,8.50,-5.94,-21.56,4.62,9.80,0,1.70,0.0178,0.0355,15,0.792,0.000,0.00,0.00,12.227,0
8.31,-8.06,164.12,-0.1359,0.0599,0.0806,0.9856,1.35,2.33,9.03,13.56,26.19,-19.88,9.42,0,1.70,0.0192,0.0350,15,0.792,0.000,0.00,0.00,12.227,0
phase1 acc_mag=10.191 gravity=10.382 motion=0.192 moving_avg=1.534 rms=1.992 mean_rms=2.676 max_rms=3.120 min_rms=1.992 std=0.289 var=0.083 state=standing thr=3.253/3.453/3.953
8.06,-8.75,164.12,-0.1373,0.0610,0.0852,0.9850,2.57,2.99,9.76,7.75,-17.25,10.06,10.53,0,1.70,0.0193,0.0369,15,0.792,0.000,0.00,0.00,12.227,0
9.62,-7.69,163.62,-0.1415,0.0740,0.0778,0.9841,2.12,0.97,9.65,-28.38,-26.62,11.81,9.93,0,1.70,0.0247,0.0348,15,0.792,0.000,0.00,0.00,12.227,0
11.56,-6.62,163.50,-0.1423,0.0919,0.0710,0.9830,2.43,2.17,9.36,0.12,-19.31,-6.19,9.91,0,1.70,0.0321,0.0332,15,0.792,0.000,0.00,0.00,12.227,0
phase1 acc_mag=9.298 gravity=10.357 motion=1.059 moving_avg=1.347 rms=1.834 mean_rms=2.433 max_rms=3.013 min_rms=1.833 std=0.365 var=0.133 state=standing thr=3.162/3.362/3.862
12.38,-5.25,163.69,-0.1395,0.0992,0.0581,0.9835,0.26,2.87,8.84,-20.19,21.75,-13.81,9.30,0,1.70,0.0358,0.0284,15,0.792,0.000,0.00,0.00,12.227,0
7.25,-3.31,163.19,-0.1454,0.0589,0.0379,0.9869,3.52,-0.93,12.25,80.94,77.25,-49.50,12.78,0,1.70,0.0210,0.0184,15,0.792,0.000,0.00,0.00,12.227,0
5.81,-3.81,166.75,-0.1149,0.0468,0.0391,0.9915,1.96,-1.44,10.75,-29.12,-56.50,25.62,11.02,0,1.70,0.0167,0.0177,15,0.792,0.000,0.00,0.00,12.227,0
4.12,-7.69,169.12,-0.0906,0.0260,0.0705,0.9930,-1.68,6.04,9.13,6.12,38.50,-48.62,11.08,0,1.70,0.0078,0.0289,15,0.792,0.000,0.00,0.00,12.227,0
phase1 acc_mag=8.473 gravity=10.378 motion=1.905 moving_avg=1.184 rms=1.522 mean_rms=2.204 max_rms=2.922 min_rms=1.510 std=0.366 var=0.134 state=standing thr=2.937/3.137/3.637
5.06,-4.81,166.62,-0.1178,0.0407,0.0439,0.9912,1.12,-1.92,8.23,-44.62,-24.31,52.62,8.52,0,1.70,0.0141,0.0193,15,0.792,0.000,0.00,0.00,12.227,0
7.94,-3.25,167.06,-0.1125,0.0724,0.0377,0.9903,3.67,-1.52,7.13,9.19,-76.44,8.06,8.16,0,1.70,0.0270,0.0182,15,0.792,0.000,0.00,0.00,12.227,0
10.12,-4.19,167.81,-0.1052,0.0844,0.0455,0.9898,3.26,2.81,9.93,4.38,1.88,-3.62,10.82,0,1.70,0.0315,0.0216,16,0.810,0.000,0.00,0.00,13.037,0
9.88,-3.69,167.38,-0.1094,0.0822,0.0412,0.9897,2.69,-1.27,9.74,-17.75,-12.81,10.25,10.18,0,1.70,0.0307,0.0199,16,0.810,0.000,0.00,0.00,13.037,0
phase1 acc_mag=8.522 gravity=10.345 motion=1.823 moving_avg=1.192 rms=1.525 mean_rms=1.987 max_rms=2.579 min_rms=1.510 std=0.364 var=0.132 state=standing thr=2.715/2.915/3.415
10.19,-2.88,169.19,-0.0922,0.0872,0.0308,0.9915,1.53,-2.46,7.93,-28.25,-6.88,-13.56,8.44,0,1.70,0.0335,0.0154,16,0.810,0.000,0.00,0.00,13.037,0
3.38,-5.00,170.25,-0.0844,0.0260,0.0461,0.9950,-5.53,2.30,14.11,-0.12,13.62,61.12,15.33,0,1.70,0.0088,0.0192,16,0.810,0.000,0.00,0.00,13.037,0
6.88,-3.44,172.19,-0.0679,0.0582,0.0340,0.9954,-1.32,-4.13,5.38,-17.25,-92.19,-50.88,6.91,0,1.70,0.0222,0.0151,16,0.810,0.000,0.00,0.00,13.037,0
7.69,-4.06,177.88,-0.0184,0.0665,0.0368,0.9969,1.58,1.69,12.00,30.81,19.00,-86.19,12.22,0,1.70,0.0263,0.0152,17,0.782,2.057,157.89,2.63,13.819,0
phase1 acc_mag=14.187 gravity=10.332 motion=3.855 moving_avg=1.451 rms=1.933 mean_rms=1.855 max_rms=2.579 min_rms=1.510 std=0.271 var=0.074 state=standing thr=2.397/2.597/3.097
8.94,-7.62,181.56,0.0141,0.0794,0.0650,0.9946,3.33,2.35,9.10,5.69,-74.12,12.88,9.97,0,1.70,0.0320,0.0254,17,0.782,2.057,157.89,2.63,13.819,0
10.88,-7.62,180.88,0.0081,0.0956,0.0654,0.9932,2.71,0.61,9.13,7.44,13.31,12.31,9.54,0,1.70,0.0382,0.0257,17,0.782,2.057,157.89,2.63,13.819,0
10.56,-8.88,181.12,0.0102,0.0931,0.0757,0.9927,1.57,2.95,9.88,-0.12,-15.69,-2.44,10.43,0,1.70,0.0373,0.0297,17,0.782,2.057,157.89,2.63,13.819,0
phase1 acc_mag=9.384 gravity=10.263 motion=0.878 moving_avg=1.531 rms=1.996 mean_rms=1.802 max_rms=2.030 min_rms=1.510 std=0.178 var=0.032 state=standing thr=2.159/2.359/2.859
11.88,-8.25,180.62,0.0059,0.1049,0.0698,0.9920,2.22,1.40,9.01,-8.81,-2.88,1.00,9.38,0,1.70,0.0418,0.0274,17,0.782,2.057,157.89,2.63,13.819,0
12.06,-7.88,179.75,-0.0025,0.1050,0.0678,0.9921,2.30,1.33,9.49,0.38,7.94,7.56,9.85,0,1.70,0.0416,0.0270,17,0.782,2.057,157.89,2.63,13.819,0
12.62,-7.88,179.12,-0.0074,0.1100,0.0687,0.9915,2.91,1.72,9.06,4.56,-21.31,16.00,9.67,0,1.70,0.0434,0.0276,17,0.782,2.057,157.89,2.63,13.819,0
13.44,-7.75,178.38,-0.0151,0.1165,0.0675,0.9908,2.33,1.21,8.97,-3.56,0.75,13.06,9.35,0,1.70,0.0458,0.0275,17,0.782,2.057,157.89,2.63,13.819,0
phase1 acc_mag=9.442 gravity=10.208 motion=0.765 moving_avg=1.498 rms=1.960 mean_rms=1.830 max_rms=2.030 min_rms=1.510 std=0.194 var=0.038 state=standing thr=2.217/2.417/2.917
13.00,-7.69,177.69,-0.0200,0.1125,0.0684,0.9911,1.86,1.37,9.26,7.00,14.56,-0.38,9.54,0,1.70,0.0440,0.0280,17,0.782,2.057,157.89,2.63,13.819,0
12.50,-7.94,177.50,-0.0215,0.1077,0.0712,0.9914,2.38,2.02,9.30,6.62,-0.25,-0.94,9.81,0,1.70,0.0421,0.0292,17,0.782,2.057,157.89,2.63,13.819,0
12.94,-7.94,177.44,-0.0220,0.1114,0.0709,0.9910,2.97,1.84,8.86,-1.81,-3.56,1.00,9.52,0,1.70,0.0435,0.0291,17,0.782,2.057,157.89,2.63,13.819,0
12.56,-7.50,177.38,-0.0225,0.1086,0.0668,0.9916,2.46,1.07,9.45,-8.19,4.50,2.19,9.82,0,1.70,0.0425,0.0275,17,0.782,2.057,157.89,2.63,13.819,0
phase1 acc_mag=9.902 gravity=10.004 motion=0.102 moving_avg=1.253 rms=1.812 mean_rms=1.862 max_rms=2.030 min_rms=1.525 std=0.169 var=0.028 state=standing thr=2.199/2.399/2.899
12.56,-7.25,177.38,-0.0228,0.1089,0.0650,0.9916,2.57,1.54,9.22,-3.19,-3.88,2.00,9.69,0,1.70,0.0426,0.0268,17,0.782,2.057,157.89,2.63,13.819,0
12.75,-6.94,177.19,-0.0238,0.1099,0.0621,0.9917,2.80,1.04,9.10,-5.25,-0.12,3.56,9.58,0,1.70,0.0430,0.0257,17,0.782,2.057,157.89,2.63,13.819,0
12.44,-6.56,177.12,-0.0245,0.1071,0.0587,0.9922,2.61,1.27,9.37,-6.00,8.44,-0.62,9.81,0,1.70,0.0419,0.0243,17,0.782,2.057,157.89,2.63,13.819,0
12.19,-6.44,177.00,-0.0256,0.1053,0.0581,0.9924,2.29,1.11,9.28,-0.94,1.81,0.69,9.62,0,1.70,0.0412,0.0241,17,0.782,2.057,157.89,2.63,13.819,0
phase1 acc_mag=9.542 gravity=10.005 motion=0.462 moving_avg=1.060 rms=1.690 mean_rms=1.899 max_rms=2.030 min_rms=1.580 std=0.110 var=0.012 state=standing thr=2.118/2.318/2.818
12.31,-6.62,176.81,-0.0273,0.1056,0.0601,0.9922,2.21,1.32,9.41,1.88,4.56,0.56,9.76,0,1.70,0.0412,0.0250,17,0.782,2.057,157.89,2.63,13.819,0
12.06,-6.94,176.56,-0.0296,0.1039,0.0630,0.9921,2.23,1.68,9.16,6.62,8.12,-0.75,9.58,0,1.70,0.0405,0.0263,17,0.782,2.057,157.89,2.63,13.819,0
11.69,-7.12,176.44,-0.0308,0.1001,0.0648,0.9924,2.30,1.48,9.37,4.31,8.56,-0.69,9.76,0,1.70,0.0389,0.0270,17,0.782,2.057,157.89,2.63,13.819,0
11.38,-7.25,176.44,-0.0306,0.0978,0.0654,0.9926,2.16,1.34,9.52,-0.75,1.25,0.06,9.85,0,1.70,0.0380,0.0271,17,0.782,2.057,157.89,2.63,13.819,0
phase1 acc_mag=9.742 gravity=9.640 motion=0.102 moving_avg=0.504 rms=0.743 mean_rms=1.726 max_rms=2.030 min_rms=0.743 std=0.363 var=0.132 state=standing thr=2.453/2.653/3.153
11.56,-7.19,176.56,-0.0295,0.0991,0.0648,0.9926,2.21,1.09,9.21,-0.69,-2.69,-3.62,9.53,0,1.70,0.0386,0.0269,17,0.782,2.057,157.89,2.63,13.819,0
11.62,-7.19,176.81,-0.0269,0.1003,0.0650,0.9925,2.18,1.28,9.36,0.38,0.31,-2.62,9.70,0,1.70,0.0391,0.0269,17,0.782,2.057,157.89,2.63,13.819,0
11.69,-7.31,177.06,-0.0251,0.1004,0.0657,0.9924,2.32,1.23,9.34,0.88,2.31,-3.56,9.70,0,1.70,0.0392,0.0271,17,0.782,2.057,157.89,2.63,13.819,0
11.69,-7.31,177.31,-0.0228,0.1014,0.0652,0.9924,2.20,1.10,9.38,-1.38,-5.69,-1.19,9.70,0,1.70,0.0396,0.0268,17,0.782,2.057,157.89,2.63,13.819,0
phase1 acc_mag=9.662 gravity=9.686 motion=0.024 moving_avg=0.279 rms=0.367 mean_rms=1.406 max_rms=2.001 min_rms=0.367 std=0.588 var=0.346 state=standing thr=2.583/2.783/3.283
11.81,-7.25,177.62,-0.0204,0.1022,0.0645,0.9924,2.11,1.34,9.32,-2.31,-1.50,-4.56,9.65,0,1.70,0.0400,0.0264,17,0.782,2.057,157.89,2.63,13.819,0
12.00,-7.12,177.88,-0.0178,0.1041,0.0633,0.9924,2.17,1.23,9.31,-1.69,-1.06,-4.31,9.64,0,1.70,0.0409,0.0259,17,0.782,2.057,157.89,2.63,13.819,0
12.19,-7.19,178.06,-0.0167,0.1057,0.0637,0.9922,2.22,1.38,9.26,-0.69,-0.88,-1.25,9.62,0,1.70,0.0415,0.0260,17,0.782,2.057,157.89,2.63,13.819,0
phase1 acc_mag=9.708 gravity=9.693 motion=0.015 moving_avg=0.166 rms=0.232 mean_rms=1.055 max_rms=1.889 min_rms=0.232 std=0.641 var=0.411 state=standing thr=2.337/2.537/3.037
12.19,-7.25,178.19,-0.0157,0.1057,0.0638,0.9922,2.01,1.55,9.37,1.88,0.94,-1.81,9.71,0,1.70,0.0415,0.0260,17,0.782,2.057,157.89,2.63,13.819,0
12.25,-7.12,178.19,-0.0154,0.1060,0.0631,0.9922,2.40,1.34,9.20,3.00,-0.94,-0.44,9.60,0,1.70,0.0417,0.0257,17,0.782,0.000,0.00,0.00,13.819,0
12.19,-7.25,178.38,-0.0140,0.1060,0.0638,0.9922,1.93,1.48,9.45,-2.12,3.44,-4.88,9.76,0,1.70,0.0417,0.0259,17,0.782,0.000,0.00,0.00,13.819,0
12.19,-7.19,178.44,-0.0131,0.1059,0.0633,0.9922,1.99,1.13,9.34,2.31,1.50,-3.00,9.62,0,1.70,0.0417,0.0257,17,0.782,0.000,0.00,0.00,13.819,0
phase1 acc_mag=9.795 gravity=9.689 motion=0.106 moving_avg=0.118 rms=0.184 mean_rms=0.728 max_rms=1.756 min_rms=0.184 std=0.569 var=0.323 state=standing thr=1.866/2.066/2.566
12.25,-7.25,178.50,-0.0129,0.1061,0.0638,0.9922,1.99,1.07,9.26,-1.94,0.94,-2.69,9.53,0,1.70,0.0418,0.0259,17,0.782,0.000,0.00,0.00,13.819,0
12.12,-7.25,178.50,-0.0135,0.1054,0.0641,0.9922,2.05,1.05,9.43,-2.06,1.44,-1.00,9.71,0,1.70,0.0415,0.0260,17,0.782,0.000,0.00,0.00,13.819,0
12.19,-7.25,178.25,-0.0150,0.1057,0.0638,0.9922,2.56,1.22,9.44,-0.81,-3.00,7.75,9.86,0,1.70,0.0416,0.0259,17,0.782,0.000,0.00,0.00,13.819,0
phase1 acc_mag=9.442 gravity=9.693 motion=0.251 moving_avg=0.063 rms=0.085 mean_rms=0.397 max_rms=1.223 min_rms=0.081 std=0.305 var=0.093 state=standing thr=1.007/1.207/1.707
12.19,-7.06,178.12,-0.0159,0.1057,0.0623,0.9923,2.11,0.89,9.16,-2.50,0.06,-0.75,9.44,0,1.70,0.0416,0.0254,17,0.782,0.000,0.00,0.00,13.819,0
12.12,-7.00,178.00,-0.0170,0.1049,0.0620,0.9924,2.33,1.32,9.48,-2.62,-0.88,5.44,9.85,0,1.70,0.0412,0.0253,17,0.782,0.000,0.00,0.00,13.819,0
12.25,-6.81,177.88,-0.0178,0.1058,0.0604,0.9924,2.10,1.23,9.34,0.19,1.12,-2.06,9.65,0,1.70,0.0416,0.0247,17,0.782,0.000,0.00,0.00,13.819,0
12.25,-6.75,177.88,-0.0182,0.1061,0.0599,0.9924,2.42,1.53,9.33,2.00,-4.25,7.12,9.76,0,1.70,0.0417,0.0246,17,0.782,0.000,0.00,0.00,13.819,0
phase1 acc_mag=9.653 gravity=9.699 motion=0.046 moving_avg=0.062 rms=0.082 mean_rms=0.226 max_rms=0.562 min_rms=0.081 std=0.128 var=0.016 state=standing thr=0.483/0.683/1.183
12.31,-6.69,177.75,-0.0192,0.1068,0.0594,0.9923,2.49,1.29,9.24,-0.62,0.12,3.19,9.66,0,1.70,0.0419,0.0244,17,0.782,0.000,0.00,0.00,13.819,0
12.25,-6.56,177.69,-0.0200,0.1063,0.0588,0.9924,2.08,1.05,9.41,-0.56,1.56,-0.25,9.69,0,1.70,0.0417,0.0242,17,0.782,0.000,0.00,0.00,13.819,0
12.31,-6.56,177.62,-0.0201,0.1063,0.0585,0.9924,2.03,1.08,9.43,-0.94,-0.44,-0.88,9.71,0,1.70,0.0417,0.0241,17,0.782,0.000,0.00,0.00,13.819,0
12.31,-6.50,177.62,-0.0202,0.1066,0.0582,0.9924,2.21,1.26,9.32,-0.62,0.44,0.69,9.66,0,1.70,0.0418,0.0240,17,0.782,0.000,0.00,0.00,13.819,0
phase1 acc_mag=9.687 gravity=9.695 motion=0.008 moving_avg=0.061 rms=0.080 mean_rms=0.157 max_rms=0.355 min_rms=0.080 std=0.085 var=0.007 state=standing thr=0.327/0.527/1.027
12.25,-6.44,177.62,-0.0203,0.1060,0.0578,0.9925,2.20,1.03,9.35,2.62,1.56,0.19,9.66,0,1.70,0.0416,0.0238,17,0.782,0.000,0.00,0.00,13.819,0
12.25,-6.44,177.56,-0.0212,0.1062,0.0580,0.9924,2.45,1.22,9.38,0.56,-1.06,4.00,9.77,0,1.70,0.0417,0.0239,17,0.782,0.000,0.00,0.00,13.819,0
12.31,-6.31,177.50,-0.0215,0.1063,0.0569,0.9925,2.37,0.98,9.37,0.38,-1.38,2.44,9.71,0,1.70,0.0417,0.0235,17,0.782,0.000,0.00,0.00,13.819,0
phase1 acc_mag=9.807 gravity=9.703 motion=0.104 moving_avg=0.069 rms=0.085 mean_rms=0.113 max_rms=0.230 min_rms=0.080 std=0.048 var=0.002 state=standing thr=0.210/0.410/0.910
12.31,-6.31,177.44,-0.0217,0.1068,0.0567,0.9924,2.42,1.26,9.42,-0.69,-1.25,0.81,9.81,0,1.70,0.0419,0.0234,17,0.782,0.000,0.00,0.00,13.819,0
12.38,-6.25,177.56,-0.0211,0.1073,0.0562,0.9924,1.95,1.09,9.36,-0.06,-1.75,-0.38,9.62,0,1.70,0.0421,0.0232,17,0.782,0.000,0.00,0.00,13.819,0
12.44,-6.25,177.44,-0.0220,0.1077,0.0563,0.9924,2.19,1.20,9.34,1.38,2.81,-0.19,9.67,0,1.70,0.0422,0.0233,17,0.782,0.000,0.00,0.00,13.819,0
12.38,-6.25,177.44,-0.0220,0.1068,0.0562,0.9924,2.22,0.98,9.44,0.31,0.69,0.31,9.75,0,1.70,0.0419,0.0232,17,0.782,0.000,0.00,0.00,13.819,0
phase1 acc_mag=9.739 gravity=9.702 motion=0.037 moving_avg=0.065 rms=0.080 mean_rms=0.089 max_rms=0.163 min_rms=0.080 std=0.017 var=0.000 state=standing thr=0.123/0.350/0.850
12.44,-6.19,177.44,-0.0218,0.1077,0.0559,0.9924,2.18,0.78,9.38,-2.81,-0.94,-0.88,9.66,0,1.70,0.0423,0.0231,17,0.782,0.000,0.00,0.00,13.819,0
12.44,-6.19,177.44,-0.0223,0.1078,0.0553,0.9924,2.10,1.31,9.32,-0.12,-0.69,0.94,9.64,0,1.70,0.0423,0.0229,17,0.782,0.000,0.00,0.00,13.819,0
12.44,-6.12,177.50,-0.0214,0.1077,0.0553,0.9924,2.09,1.28,9.40,1.12,0.12,-2.94,9.71,0,1.70,0.0423,0.0229,17,0.782,0.000,0.00,0.00,13.819,0
12.62,-6.12,177.50,-0.0214,0.1090,0.0550,0.9923,2.34,1.14,9.28,0.94,-1.38,1.19,9.64,0,1.70,0.0428,0.0228,17,0.782,0.000,0.00,0.00,13.819,0
phase1 acc_mag=9.754 gravity=9.696 motion=0.057 moving_avg=0.054 rms=0.067 mean_rms=0.081 max_rms=0.089 min_rms=0.067 std=0.005 var=0.000 state=standing thr=0.091/0.350/0.850
12.56,-6.12,177.50,-0.0215,0.1088,0.0554,0.9923,2.25,1.05,9.30,0.88,-0.50,3.00,9.63,0,1.70,0.0427,0.0229,17,0.782,0.000,0.00,0.00,13.819,0
12.50,-6.25,177.44,-0.0219,0.1080,0.0562,0.9923,2.33,1.04,9.43,1.94,-0.19,3.38,9.77,0,1.70,0.0424,0.0232,17,0.782,0.000,0.00,0.00,13.819,0
12.50,-6.31,177.44,-0.0220,0.1078,0.0568,0.9923,2.32,1.05,9.41,-0.50,-1.81,2.69,9.75,0,1.70,0.0423,0.0235,17,0.782,0.000,0.00,0.00,13.819,0
12.50,-6.31,177.38,-0.0225,0.1081,0.0570,0.9922,2.36,1.07,9.36,0.88,-0.62,2.44,9.71,0,1.70,0.0424,0.0236,17,0.782,0.000,0.00,0.00,13.819,0
phase1 acc_mag=9.683 gravity=9.697 motion=0.014 moving_avg=0.047 rms=0.056 mean_rms=0.075 max_rms=0.085 min_rms=0.056 std=0.010 var=0.000 state=standing thr=0.095/0.350/0.850
12.44,-6.44,177.38,-0.0225,0.1074,0.0576,0.9923,2.18,1.04,9.41,1.12,-0.38,1.69,9.72,0,1.70,0.0421,0.0238,17,0.782,0.000,0.00,0.00,13.819,0
12.44,-6.44,177.31,-0.0231,0.1076,0.0579,0.9922,2.30,1.04,9.43,-0.19,-1.06,3.38,9.76,0,1.70,0.0422,0.0240,17,0.782,0.000,0.00,0.00,13.819,0
12.50,-6.44,177.31,-0.0231,0.1082,0.0577,0.9922,2.05,1.00,9.42,-1.88,-2.19,1.19,9.69,0,1.70,0.0424,0.0239,17,0.782,0.000,0.00,0.00,13.819,0
12.62,-6.44,177.25,-0.0237,0.1088,0.0580,0.9921,2.28,1.22,9.31,1.81,-1.25,2.88,9.66,0,1.70,0.0426,0.0241,17,0.782,0.000,0.00,0.00,13.819,0
phase1 acc_mag=9.740 gravity=9.697 motion=0.043 moving_avg=0.046 rms=0.055 mean_rms=0.069 max_rms=0.085 min_rms=0.055 std=0.012 var=0.000 state=standing thr=0.093/0.350/0.850
12.62,-6.44,177.19,-0.0238,0.1093,0.0582,0.9920,2.08,1.04,9.36,0.62,-0.62,-1.00,9.64,0,1.70,0.0428,0.0241,17,0.782,0.000,0.00,0.00,13.819,0
12.62,-6.44,177.25,-0.0238,0.1093,0.0584,0.9920,2.18,1.40,9.44,2.31,0.50,0.69,9.79,0,1.70,0.0428,0.0242,17,0.782,0.000,0.00,0.00,13.819,0
12.69,-6.44,177.25,-0.0239,0.1098,0.0579,0.9920,2.43,1.18,9.29,-1.25,-3.62,4.19,9.67,0,1.70,0.0430,0.0240,17,0.782,0.000,0.00,0.00,13.819,0
12.75,-6.44,177.12,-0.0247,0.1103,0.0583,0.9919,2.62,1.36,9.29,2.44,0.00,4.19,9.75,0,1.70,0.0432,0.0242,17,0.782,0.000,0.00,0.00,13.819,0
phase1 acc_mag=9.654 gravity=9.697 motion=0.043 moving_avg=0.046 rms=0.054 mean_rms=0.063 max_rms=0.083 min_rms=0.054 std=0.010 var=0.000 state=standing thr=0.084/0.350/0.850
12.62,-6.44,177.19,-0.0240,0.1091,0.0582,0.9920,2.09,1.21,9.29,0.19,2.38,-2.19,9.60,0,1.70,0.0427,0.0241,17,0.782,0.000,0.00,0.00,13.819,0
12.56,-6.50,177.19,-0.0244,0.1085,0.0583,0.9921,2.22,1.07,9.51,0.69,1.31,0.94,9.82,0,1.70,0.0425,0.0242,17,0.782,0.000,0.00,0.00,13.819,0
12.56,-6.44,177.06,-0.0250,0.1082,0.0582,0.9921,2.13,0.99,9.42,-0.06,1.12,1.12,9.71,0,1.70,0.0424,0.0242,17,0.782,0.000,0.00,0.00,13.819,0
12.50,-6.44,177.06,-0.0255,0.1080,0.0581,0.9921,2.31,1.10,9.34,-1.00,-0.38,2.38,9.68,0,1.70,0.0423,0.0242,17,0.782,0.000,0.00,0.00,13.819,0
phase1 acc_mag=9.601 gravity=9.699 motion=0.098 moving_avg=0.050 rms=0.060 mean_rms=0.059 max_rms=0.075 min_rms=0.054 std=0.006 var=0.000 state=standing thr=0.080/0.350/0.850
12.56,-6.44,176.94,-0.0260,0.1082,0.0581,0.9921,2.32,1.07,9.39,1.12,0.38,1.62,9.73,0,1.70,0.0423,0.0242,17,0.782,0.000,0.00,0.00,13.819,0
12.44,-6.44,177.00,-0.0261,0.1072,0.0580,0.9922,2.07,1.10,9.40,-1.25,-0.12,1.62,9.69,0,1.70,0.0420,0.0242,17,0.782,0.000,0.00,0.00,13.819,0
12.44,-6.38,176.94,-0.0264,0.1071,0.0575,0.9922,2.12,1.06,9.43,-2.38,-1.50,2.19,9.72,0,1.70,0.0419,0.0239,17,0.782,0.000,0.00,0.00,13.819,0
phase1 acc_mag=9.711 gravity=9.706 motion=0.005 moving_avg=0.048 rms=0.058 mean_rms=0.057 max_rms=0.060 min_rms=0.054 std=0.002 var=0.000 state=standing thr=0.080/0.350/0.850
12.44,-6.25,176.88,-0.0266,0.1072,0.0568,0.9922,2.25,1.28,9.36,2.00,-0.50,1.19,9.71,0,1.70,0.0419,0.0237,17,0.782,0.000,0.00,0.00,13.819,0
12.38,-6.19,176.94,-0.0264,0.1071,0.0558,0.9923,2.06,1.13,9.35,-1.19,-0.50,0.50,9.64,0,1.70,0.0419,0.0233,17,0.782,0.000,0.00,0.00,13.819,0
12.44,-6.06,176.94,-0.0262,0.1071,0.0552,0.9924,2.00,0.95,9.45,-1.50,1.25,-2.31,9.71,0,1.70,0.0419,0.0230,17,0.782,0.000,0.00,0.00,13.819,0
12.44,-6.06,176.94,-0.0261,0.1072,0.0549,0.9924,1.96,1.12,9.40,0.56,-0.62,-1.62,9.67,0,1.70,0.0420,0.0229,17,0.782,0.000,0.00,0.00,13.819,0
phase1 acc_mag=9.678 gravity=9.704 motion=0.026 moving_avg=0.045 rms=0.054 mean_rms=0.057 max_rms=0.060 min_rms=0.054 std=0.002 var=0.000 state=standing thr=0.080/0.350/0.850
12.44,-6.00,177.00,-0.0257,0.1072,0.0547,0.9924,2.01,1.09,9.47,0.38,0.12,-0.75,9.74,0,1.70,0.0420,0.0228,17,0.782,0.000,0.00,0.00,13.819,0
12.44,-6.00,177.06,-0.0250,0.1074,0.0544,0.9924,2.00,1.10,9.45,-1.00,0.75,-2.62,9.72,0,1.70,0.0421,0.0227,17,0.782,0.000,0.00,0.00,13.819,0
12.50,-5.94,177.06,-0.0253,0.1078,0.0541,0.9924,2.18,1.00,9.43,-0.50,1.50,-0.81,9.73,0,1.70,0.0423,0.0226,17,0.782,0.000,0.00,0.00,13.819,0
12.50,-5.88,177.06,-0.0254,0.1078,0.0536,0.9924,2.16,0.96,9.38,-1.00,0.38,0.38,9.67,0,1.70,0.0422,0.0224,17,0.782,0.000,0.00,0.00,13.819,0
phase1 acc_mag=9.735 gravity=9.708 motion=0.027 moving_avg=0.040 rms=0.050 mean_rms=0.056 max_rms=0.060 min_rms=0.050 std=0.003 var=0.000 state=standing thr=0.080/0.350/0.850
12.44,-5.88,177.06,-0.0252,0.1073,0.0531,0.9925,2.09,0.82,9.48,-1.94,0.44,0.25,9.74,0,1.70,0.0421,0.0222,17,0.782,0.000,0.00,0.00,13.819,0
12.31,-5.81,177.06,-0.0253,0.1064,0.0527,0.9926,2.18,0.86,9.44,-0.62,-0.12,1.88,9.73,0,1.70,0.0417,0.0220,17,0.782,0.000,0.00,0.00,13.819,0
12.25,-5.81,177.06,-0.0250,0.1058,0.0530,0.9927,2.16,1.03,9.33,1.12,0.94,0.00,9.63,0,1.70,0.0415,0.0221,17,0.782,0.000,0.00,0.00,13.819,0
phase1 acc_mag=9.769 gravity=9.710 motion=0.059 moving_avg=0.041 rms=0.050 mean_rms=0.055 max_rms=0.060 min_rms=0.049 std=0.004 var=0.000 state=standing thr=0.080/0.350/0.850
12.12,-6.00,177.19,-0.0237,0.1044,0.0546,0.9927,2.15,1.23,9.45,-0.38,2.31,-3.44,9.77,0,1.70,0.0409,0.0227,17,0.782,0.000,0.00,0.00,13.819,0
12.00,-6.12,177.31,-0.0230,0.1040,0.0556,0.9927,2.19,1.00,9.42,1.81,-1.50,0.81,9.72,0,1.70,0.0408,0.0230,17,0.782,0.000,0.00,0.00,13.819,0
12.06,-6.25,177.38,-0.0223,0.1043,0.0562,0.9927,2.19,1.16,9.46,0.56,-1.75,0.94,9.78,0,1.70,0.0409,0.0233,17,0.782,0.000,0.00,0.00,13.819,0
12.12,-6.31,177.44,-0.0220,0.1050,0.0569,0.9926,2.22,1.16,9.18,3.38,-2.69,1.25,9.52,0,1.70,0.0412,0.0235,17,0.782,0.000,0.00,0.00,13.819,0
phase1 acc_mag=9.695 gravity=9.707 motion=0.012 moving_avg=0.038 rms=0.050 mean_rms=0.053 max_rms=0.059 min_rms=0.046 std=0.004 var=0.000 state=standing thr=0.080/0.350/0.850
11.94,-6.44,177.44,-0.0217,0.1030,0.0577,0.9927,2.10,0.91,9.44,-0.44,1.19,2.38,9.71,0,1.70,0.0404,0.0238,17,0.782,0.000,0.00,0.00,13.819,0
11.75,-6.44,177.44,-0.0222,0.1017,0.0577,0.9929,1.94,1.10,9.51,-0.19,-0.06,1.69,9.77,0,1.70,0.0399,0.0238,17,0.782,0.000,0.00,0.00,13.819,0
11.75,-6.38,177.38,-0.0223,0.1015,0.0574,0.9929,1.96,1.04,9.43,0.12,1.44,-2.38,9.69,0,1.70,0.0398,0.0237,17,0.782,0.000,0.00,0.00,13.819,0
11.69,-6.38,177.44,-0.0220,0.1010,0.0574,0.9930,1.98,0.97,9.56,-0.56,-0.62,0.44,9.81,0,1.70,0.0396,0.0237,17,0.782,0.000,0.00,0.00,13.819,0
phase1 acc_mag=9.635 gravity=9.709 motion=0.075 moving_avg=0.043 rms=0.056 mean_rms=0.052 max_rms=0.056 min_rms=0.046 std=0.003 var=0.000 state=standing thr=0.080/0.350/0.850
11.81,-6.44,177.38,-0.0224,0.1019,0.0580,0.9929,2.01,1.32,9.38,3.00,-0.75,0.06,9.68,0,1.70,0.0399,0.0239,17,0.782,0.000,0.00,0.00,13.819,0
11.81,-6.44,177.31,-0.0228,0.1022,0.0578,0.9928,2.09,0.76,9.40,-2.75,-0.25,2.19,9.66,0,1.70,0.0400,0.0239,17,0.782,0.000,0.00,0.00,13.819,0
11.75,-6.50,177.31,-0.0228,0.1010,0.0584,0.9929,1.83,1.13,9.45,0.00,2.50,-1.56,9.69,0,1.70,0.0396,0.0241,17,0.782,0.000,0.00,0.00,13.819,0
11.69,-6.44,177.19,-0.0239,0.1010,0.0581,0.9929,2.08,0.87,9.43,-0.50,-1.38,3.94,9.70,0,1.70,0.0395,0.0240,17,0.782,0.000,0.00,0.00,13.819,0
phase1 acc_mag=9.730 gravity=9.713 motion=0.017 moving_avg=0.047 rms=0.062 mean_rms=0.052 max_rms=0.062 min_rms=0.046 std=0.004 var=0.000 state=standing thr=0.080/0.350/0.850
11.69,-6.44,177.19,-0.0242,0.1011,0.0580,0.9929,2.01,1.22,9.46,-1.50,-0.69,1.25,9.75,0,1.70,0.0396,0.0240,17,0.782,0.000,0.00,0.00,13.819,0
11.75,-6.31,177.19,-0.0244,0.1014,0.0572,0.9929,1.97,1.17,9.41,0.25,0.69,-1.38,9.68,0,1.70,0.0397,0.0237,17,0.782,0.000,0.00,0.00,13.819,0
11.81,-6.25,177.12,-0.0249,0.1019,0.0568,0.9929,2.20,0.96,9.43,-0.31,-0.31,1.25,9.73,0,1.70,0.0399,0.0236,17,0.782,0.000,0.00,0.00,13.819,0
11.75,-6.31,177.19,-0.0243,0.1013,0.0567,0.9929,2.04,0.85,9.45,0.19,-0.38,1.69,9.70,0,1.70,0.0397,0.0235,17,0.782,0.000,0.00,0.00,13.819,0
phase1 acc_mag=9.663 gravity=9.713 motion=0.050 moving_avg=0.048 rms=0.062 mean_rms=0.055 max_rms=0.064 min_rms=0.046 std=0.006 var=0.000 state=standing thr=0.080/0.350/0.850
11.75,-6.31,177.12,-0.0248,0.1012,0.0569,0.9929,2.08,1.30,9.39,2.38,-1.19,2.50,9.71,0,1.70,0.0396,0.0236,17,0.782,0.000,0.00,0.00,13.819,0
11.69,-6.31,177.12,-0.0250,0.1010,0.0574,0.9929,2.08,1.22,9.48,1.94,1.25,1.38,9.78,0,1.70,0.0395,0.0238,17,0.782,0.000,0.00,0.00,13.819,0
11.69,-6.38,177.06,-0.0254,0.1010,0.0577,0.9929,2.15,0.75,9.39,0.69,-0.25,1.88,9.66,0,1.70,0.0395,0.0239,17,0.782,0.000,0.00,0.00,13.819,0
11.62,-6.50,177.00,-0.0257,0.1003,0.0586,0.9929,2.04,1.44,9.37,4.44,1.69,0.62,9.70,0,1.70,0.0393,0.0243,17,0.782,0.000,0.00,0.00,13.819,0
phase1 acc_mag=9.841 gravity=9.713 motion=0.128 moving_avg=0.046 rms=0.062 mean_rms=0.057 max_rms=0.064 min_rms=0.046 std=0.006 var=0.000 state=standing thr=0.080/0.350/0.850
11.69,-6.44,176.94,-0.0262,0.1010,0.0583,0.9928,2.05,1.11,9.40,-1.06,-0.94,0.25,9.68,0,1.70,0.0395,0.0242,17,0.782,0.000,0.00,0.00,13.819,0
11.81,-6.44,176.94,-0.0262,0.1017,0.0581,0.9927,2.08,1.04,9.40,-0.25,-1.44,0.56,9.68,0,1.70,0.0398,0.0241,17,0.782,0.000,0.00,0.00,13.819,0
11.81,-6.44,177.00,-0.0258,0.1019,0.0583,0.9927,1.93,1.10,9.40,0.12,0.31,-1.25,9.66,0,1.70,0.0398,0.0242,17,0.782,0.000,0.00,0.00,13.819,0
11.81,-6.44,177.00,-0.0258,0.1017,0.0583,0.9927,1.98,0.97,9.46,-0.88,-0.31,0.06,9.71,0,1.70,0.0398,0.0242,17,0.782,0.000,0.00,0.00,13.819,0
phase1 acc_mag=9.685 gravity=9.710 motion=0.026 moving_avg=0.042 rms=0.056 mean_rms=0.060 max_rms=0.064 min_rms=0.053 std=0.004 var=0.000 state=standing thr=0.080/0.350/0.850
11.81,-6.50,177.06,-0.0252,0.1017,0.0587,0.9927,2.00,1.08,9.44,-0.19,-1.19,-0.12,9.71,0,1.70,0.0398,0.0243,17,0.782,0.000,0.00,0.00,13.819,0
11.81,-6.56,177.00,-0.0255,0.1020,0.0594,0.9927,2.19,1.26,9.48,3.19,0.88,-0.38,9.81,0,1.70,0.0399,0.0246,17,0.782,0.000,0.00,0.00,13.819,0
11.88,-6.56,177.06,-0.0256,0.1025,0.0585,0.9927,2.15,0.62,9.48,-4.38,-2.12,1.75,9.74,0,1.70,0.0401,0.0243,17,0.782,0.000,0.00,0.00,13.819,0
11.94,-6.50,177.00,-0.0259,0.1031,0.0590,0.9926,2.01,1.30,9.32,2.62,-2.06,2.06,9.62,0,1.70,0.0403,0.0245,17,0.782,0.000,0.00,0.00,13.819,0
phase1 acc_mag=9.661 gravity=9.706 motion=0.046 moving_avg=0.041 rms=0.055 mean_rms=0.060 max_rms=0.064 min_rms=0.054 std=0.003 var=0.000 state=standing thr=0.080/0.350/0.850
12.06,-6.56,176.94,-0.0261,0.1039,0.0591,0.9925,2.16,1.03,9.42,0.38,-0.69,0.00,9.72,0,1.70,0.0406,0.0246,17,0.782,0.000,0.00,0.00,13.819,0
12.12,-6.56,176.94,-0.0264,0.1047,0.0594,0.9924,2.20,1.08,9.39,-0.25,-3.44,3.25,9.70,0,1.70,0.0409,0.0247,17,0.782,0.000,0.00,0.00,13.819,0
12.31,-6.56,176.88,-0.0267,0.1060,0.0594,0.9922,2.16,1.10,9.40,0.12,-3.44,2.12,9.71,0,1.70,0.0414,0.0247,17,0.782,0.000,0.00,0.00,13.819,0
12.38,-6.62,176.88,-0.0270,0.1066,0.0599,0.9921,2.20,1.22,9.53,0.75,-0.38,1.31,9.86,0,1.70,0.0416,0.0249,17,0.782,0.000,0.00,0.00,13.819,0
phase1 acc_mag=9.718 gravity=9.706 motion=0.013 moving_avg=0.039 rms=0.053 mean_rms=0.058 max_rms=0.064 min_rms=0.050 std=0.005 var=0.000 state=standing thr=0.080/0.350/0.850
12.38,-6.62,176.81,-0.0275,0.1069,0.0601,0.9921,2.17,1.16,9.42,1.25,-0.19,2.06,9.74,0,1.70,0.0417,0.0250,17,0.782,0.000,0.00,0.00,13.819,0
12.38,-6.56,176.75,-0.0280,0.1067,0.0598,0.9921,2.18,1.03,9.36,-0.56,-0.50,2.12,9.67,0,1.70,0.0417,0.0249,17,0.782,0.000,0.00,0.00,13.819,0
12.31,-6.56,176.69,-0.0286,0.1063,0.0598,0.9921,2.19,1.11,9.42,-0.94,-1.12,2.06,9.73,0,1.70,0.0415,0.0249,17,0.782,0.000,0.00,0.00,13.819,0
12.38,-6.62,176.69,-0.0283,0.1063,0.0599,0.9921,2.17,1.24,9.51,1.19,-0.88,0.62,9.83,0,1.70,0.0415,0.0250,17,0.782,0.000,0.00,0.00,13.819,0
phase1 acc_mag=9.773 gravity=9.706 motion=0.067 moving_avg=0.042 rms=0.055 mean_rms=0.056 max_rms=0.063 min_rms=0.050 std=0.004 var=0.000 state=standing thr=0.080/0.350/0.850
12.38,-6.62,176.81,-0.0269,0.1064,0.0603,0.9921,2.22,0.99,9.24,2.25,1.31,-2.62,9.55,0,1.70,0.0416,0.0251,17,0.782,0.000,0.00,0.00,13.819,0
12.25,-6.75,177.00,-0.0259,0.1053,0.0610,0.9922,1.88,1.33,9.39,1.62,2.75,-4.44,9.67,0,1.70,0.0412,0.0253,17,0.782,0.000,0.00,0.00,13.819,0
12.12,-6.75,177.06,-0.0252,0.1044,0.0610,0.9924,1.78,1.01,9.50,-2.38,0.50,-0.31,9.72,0,1.70,0.0408,0.0253,17,0.782,0.000,0.00,0.00,13.819,0
phase1 acc_mag=9.641 gravity=9.703 motion=0.061 moving_avg=0.044 rms=0.058 mean_rms=0.056 max_rms=0.063 min_rms=0.050 std=0.004 var=0.000 state=standing thr=0.080/0.350/0.850
12.19,-6.75,177.00,-0.0258,0.1049,0.0612,0.9922,2.12,1.02,9.35,2.12,-0.56,1.62,9.64,0,1.70,0.0410,0.0254,17,0.782,0.000,0.00,0.00,13.819,0
12.12,-6.75,177.00,-0.0256,0.1046,0.0610,0.9923,1.99,1.45,9.37,2.38,3.12,-4.00,9.69,0,1.70,0.0409,0.0253,17,0.782,0.000,0.00,0.00,13.819,0
12.19,-6.75,177.06,-0.0253,0.1050,0.0608,0.9923,2.15,1.33,9.39,-4.12,0.94,-4.81,9.72,0,1.70,0.0411,0.0252,17,0.782,0.000,0.00,0.00,13.819,0
12.12,-6.69,177.12,-0.0251,0.1050,0.0602,0.9923,2.00,1.02,9.44,2.06,-3.25,5.31,9.70,0,1.70,0.0411,0.0249,17,0.782,0.000,0.00,0.00,13.819,0
phase1 acc_mag=9.727 gravity=9.709 motion=0.017 moving_avg=0.049 rms=0.063 mean_rms=0.056 max_rms=0.064 min_rms=0.050 std=0.004 var=0.000 state=standing thr=0.080/0.350/0.850
12.25,-6.62,177.00,-0.0258,0.1057,0.0596,0.9922,2.31,1.18,9.38,0.12,-0.94,3.12,9.73,0,1.70,0.0413,0.0248,17,0.782,0.000,0.00,0.00,13.819,0
12.31,-6.56,176.94,-0.0264,0.1061,0.0591,0.9922,2.16,1.09,9.44,-1.69,-0.12,1.94,9.75,0,1.70,0.0415,0.0246,17,0.782,0.000,0.00,0.00,13.819,0
12.25,-6.50,176.88,-0.0269,0.1057,0.0588,0.9923,2.03,1.10,9.40,-0.31,1.62,-0.25,9.68,0,1.70,0.0413,0.0245,17,0.782,0.000,0.00,0.00,13.819,0
12.25,-6.44,176.81,-0.0276,0.1058,0.0583,0.9923,1.97,1.06,9.43,-2.44,-1.00,0.56,9.69,0,1.70,0.0414,0.0243,17,0.782,0.000,0.00,0.00,13.819,0
phase1 acc_mag=9.689 gravity=9.709 motion=0.021 moving_avg=0.049 rms=0.063 mean_rms=0.058 max_rms=0.064 min_rms=0.050 std=0.005 var=0.000 state=standing thr=0.080/0.350/0.850
12.38,-6.31,176.69,-0.0283,0.1069,0.0575,0.9922,2.19,1.20,9.32,0.19,-1.06,0.94,9.65,0,1.70,0.0418,0.0240,17,0.782,0.000,0.00,0.00,13.819,0
12.44,-6.31,176.69,-0.0286,0.1070,0.0576,0.9922,2.14,1.15,9.41,0.62,2.31,0.31,9.72,0,1.70,0.0418,0.0241,17,0.782,0.000,0.00,0.00,13.819,0
12.38,-6.38,176.62,-0.0287,0.1063,0.0577,0.9922,2.11,1.02,9.49,-0.62,0.56,0.38,9.78,0,1.70,0.0415,0.0241,17,0.782,0.000,0.00,0.00,13.819,0
12.38,-6.38,176.62,-0.0291,0.1063,0.0580,0.9922,2.06,0.99,9.47,0.69,-1.94,1.94,9.74,0,1.70,0.0415,0.0243,17,0.782,0.000,0.00,0.00,13.819,0
phase1 acc_mag=9.836 gravity=9.709 motion=0.126 moving_avg=0.045 rms=0.059 mean_rms=0.060 max_rms=0.064 min_rms=0.052 std=0.004 var=0.000 state=standing thr=0.080/0.350/0.850
12.50,-6.38,176.56,-0.0295,0.1075,0.0579,0.9921,2.20,1.05,9.35,0.12,-3.38,1.94,9.66,0,1.70,0.0420,0.0242,17,0.782,0.000,0.00,0.00,13.819,0
12.62,-6.38,176.62,-0.0287,0.1094,0.0580,0.9919,2.17,1.08,9.42,-1.00,-5.06,0.94,9.73,0,1.70,0.0428,0.0243,17,0.782,0.000,0.00,0.00,13.819,0
13.00,-6.44,176.69,-0.0282,0.1118,0.0586,0.9916,2.24,1.21,9.38,2.44,-2.44,-2.00,9.72,0,1.70,0.0437,0.0245,17,0.782,0.000,0.00,0.00,13.819,0
phase1 acc_mag=9.689 gravity=9.711 motion=0.022 moving_avg=0.039 rms=0.051 mean_rms=0.060 max_rms=0.064 min_rms=0.050 std=0.003 var=0.000 state=standing thr=0.080/0.350/0.850
13.19,-6.56,176.81,-0.0275,0.1139,0.0594,0.9913,2.31,1.14,9.34,0.75,-3.69,0.25,9.69,0,1.70,0.0445,0.0248,17,0.782,0.000,0.00,0.00,13.819,0
13.31,-6.56,176.81,-0.0275,0.1146,0.0596,0.9912,2.24,1.07,9.32,0.12,-0.31,1.44,9.64,0,1.70,0.0448,0.0249,17,0.782,0.000,0.00,0.00,13.819,0
13.25,-6.56,176.81,-0.0275,0.1140,0.0594,0.9913,2.30,1.04,9.46,-1.44,1.69,0.44,9.79,0,1.70,0.0446,0.0248,17,0.782,0.000,0.00,0.00,13.819,0
13.19,-6.56,176.81,-0.0272,0.1136,0.0594,0.9914,2.23,1.12,9.39,-0.56,0.88,-1.25,9.72,0,1.70,0.0444,0.0248,17,0.782,0.000,0.00,0.00,13.819,0
phase1 acc_mag=9.671 gravity=9.706 motion=0.035 moving_avg=0.038 rms=0.051 mean_rms=0.058 max_rms=0.064 min_rms=0.049 std=0.005 var=0.000 state=standing thr=0.080/0.350/0.850
13.12,-6.50,176.88,-0.0269,0.1132,0.0593,0.9915,2.26,1.07,9.26,0.00,0.31,-0.50,9.59,0,1.70,0.0443,0.0247,17,0.782,0.000,0.00,0.00,13.819,0
13.06,-6.56,176.88,-0.0269,0.1129,0.0595,0.9915,2.28,1.13,9.37,-0.25,0.44,1.19,9.71,0,1.70,0.0441,0.0248,17,0.782,0.000,0.00,0.00,13.819,0
12.94,-6.56,176.88,-0.0267,0.1117,0.0593,0.9916,2.20,0.93,9.46,-1.69,1.12,-0.56,9.76,0,1.70,0.0437,0.0247,17,0.782,0.000,0.00,0.00,13.819,0
13.00,-6.44,176.88,-0.0269,0.1119,0.0585,0.9916,2.32,1.04,9.26,-0.56,-0.50,1.69,9.60,0,1.70,0.0438,0.0244,17,0.782,0.000,0.00,0.00,13.819,0
phase1 acc_mag=9.733 gravity=9.701 motion=0.033 moving_avg=0.042 rms=0.054 mean_rms=0.056 max_rms=0.063 min_rms=0.047 std=0.005 var=0.000 state=standing thr=0.080/0.350/0.850
12.88,-6.38,176.94,-0.0263,0.1111,0.0576,0.9918,2.11,0.97,9.42,-1.38,1.12,-0.31,9.70,0,1.70,0.0435,0.0240,17,0.782,0.000,0.00,0.00,13.819,0
12.94,-6.25,176.88,-0.0266,0.1115,0.0567,0.9918,2.08,1.09,9.48,-1.31,-3.81,1.19,9.77,0,1.70,0.0436,0.0237,17,0.782,0.000,0.00,0.00,13.819,0
13.06,-6.25,177.00,-0.0257,0.1126,0.0565,0.9917,2.23,1.10,9.30,1.56,0.06,-2.38,9.63,0,1.70,0.0441,0.0236,17,0.782,0.000,0.00,0.00,13.819,0
13.00,-6.19,177.00,-0.0258,0.1119,0.0561,0.9918,2.14,0.99,9.33,-1.44,3.19,-1.31,9.62,0,1.70,0.0438,0.0234,17,0.782,0.000,0.00,0.00,13.819,0
phase1 acc_mag=9.702 gravity=9.700 motion=0.001 moving_avg=0.046 rms=0.061 mean_rms=0.055 max_rms=0.062 min_rms=0.047 std=0.005 var=0.000 state=standing thr=0.080/0.350/0.850
12.88,-6.19,177.00,-0.0256,0.1109,0.0559,0.9919,2.09,0.94,9.45,-0.50,1.75,-1.69,9.72,0,1.70,0.0434,0.0233,17,0.782,0.000,0.00,0.00,13.819,0
12.75,-6.12,177.00,-0.0255,0.1100,0.0551,0.9921,2.31,0.93,9.39,-2.38,1.12,1.94,9.71,0,1.70,0.0431,0.0230,17,0.782,0.000,0.00,0.00,13.819,0
12.69,-6.12,177.12,-0.0247,0.1095,0.0552,0.9921,2.23,0.96,9.41,-0.12,-0.94,0.56,9.72,0,1.70,0.0429,0.0230,17,0.782,0.000,0.00,0.00,13.819,0
phase1 acc_mag=9.716 gravity=9.700 motion=0.016 moving_avg=0.047 rms=0.063 mean_rms=0.056 max_rms=0.065 min_rms=0.047 std=0.006 var=0.000 state=standing thr=0.080/0.350/0.850
12.69,-6.12,177.25,-0.0236,0.1096,0.0552,0.9921,2.03,1.08,9.44,-0.31,-0.25,-2.44,9.72,0,1.70,0.0430,0.0230,17,0.782,0.000,0.00,0.00,13.819,0
12.75,-6.12,177.31,-0.0231,0.1102,0.0553,0.9921,2.18,1.13,9.33,0.50,-0.25,-1.06,9.65,0,1.70,0.0432,0.0230,17,0.782,0.000,0.00,0.00,13.819,0
12.62,-6.19,177.44,-0.0220,0.1094,0.0555,0.9922,1.98,1.13,9.45,-0.75,1.50,-3.06,9.72,0,1.70,0.0429,0.0230,17,0.782,0.000,0.00,0.00,13.819,0
12.69,-6.12,177.50,-0.0213,0.1099,0.0551,0.9922,2.03,0.91,9.47,-2.50,1.19,-3.88,9.73,0,1.70,0.0431,0.0228,17,0.782,0.000,0.00,0.00,13.819,0
phase1 acc_mag=9.611 gravity=9.698 motion=0.087 moving_avg=0.048 rms=0.063 mean_rms=0.057 max_rms=0.065 min_rms=0.047 std=0.006 var=0.000 state=standing thr=0.080/0.350/0.850
12.62,-6.12,177.62,-0.0198,0.1091,0.0552,0.9923,2.01,1.18,9.46,0.44,1.25,-3.75,9.74,0,1.70,0.0429,0.0228,17,0.782,0.000,0.00,0.00,13.819,0
12.44,-6.12,177.88,-0.0179,0.1077,0.0549,0.9925,1.98,1.26,9.54,-0.56,4.25,-4.44,9.82,0,1.70,0.0424,0.0226,17,0.782,0.000,0.00,0.00,13.819,0
12.50,-6.06,178.00,-0.0171,0.1083,0.0540,0.9925,2.06,0.77,9.34,-2.31,-0.81,-1.81,9.60,0,1.70,0.0426,0.0222,17,0.782,0.000,0.00,0.00,13.819,0
12.56,-6.06,178.06,-0.0164,0.1093,0.0538,0.9924,2.16,0.95,9.19,0.38,-2.88,-1.88,9.49,0,1.70,0.0430,0.0221,17,0.782,0.000,0.00,0.00,13.819,0
phase1 acc_mag=9.551 gravity=9.698 motion=0.147 moving_avg=0.060 rms=0.078 mean_rms=0.061 max_rms=0.078 min_rms=0.047 std=0.007 var=0.000 state=standing thr=0.080/0.350/0.850
12.88,-6.25,178.12,-0.0157,0.1115,0.0553,0.9921,2.39,1.34,9.36,1.56,-2.00,-1.25,9.75,0,1.70,0.0439,0.0226,17,0.782,0.000,0.00,0.00,13.819,0
12.94,-6.25,178.12,-0.0159,0.1121,0.0555,0.9920,2.09,0.92,9.25,1.25,0.44,0.56,9.53,0,1.70,0.0441,0.0228,17,0.782,0.000,0.00,0.00,13.819,0
12.81,-6.25,178.06,-0.0164,0.1113,0.0557,0.9921,2.33,1.26,9.43,0.00,1.00,2.00,9.79,0,1.70,0.0438,0.0228,17,0.782,0.000,0.00,0.00,13.819,0
12.81,-6.25,178.06,-0.0165,0.1111,0.0552,0.9921,2.28,1.01,9.38,-1.81,-0.69,0.88,9.71,0,1.70,0.0437,0.0226,17,0.782,0.000,0.00,0.00,13.819,0
phase1 acc_mag=9.571 gravity=9.700 motion=0.129 moving_avg=0.063 rms=0.080 mean_rms=0.067 max_rms=0.080 min_rms=0.055 std=0.007 var=0.000 state=standing thr=0.082/0.350/0.850
12.88,-6.19,178.00,-0.0169,0.1119,0.0552,0.9921,2.15,1.13,9.42,0.50,0.19,-1.06,9.73,0,1.70,0.0440,0.0227,17,0.782,0.000,0.00,0.00,13.819,0
12.94,-6.19,178.00,-0.0169,0.1119,0.0552,0.9921,2.32,1.03,9.43,-0.06,-0.06,0.69,9.77,0,1.70,0.0440,0.0227,17,0.782,0.000,0.00,0.00,13.819,0
12.88,-6.12,178.00,-0.0172,0.1117,0.0547,0.9921,2.02,0.51,9.38,-5.94,-1.00,-1.06,9.61,0,1.70,0.0439,0.0225,17,0.782,0.000,0.00,0.00,13.819,0
12.94,-6.06,177.88,-0.0181,0.1122,0.0540,0.9921,2.39,0.97,9.36,-1.00,-2.38,1.81,9.71,0,1.70,0.0442,0.0222,17,0.782,0.000,0.00,0.00,13.819,0
phase1 acc_mag=9.699 gravity=9.701 motion=0.002 moving_avg=0.062 rms=0.079 mean_rms=0.071 max_rms=0.081 min_rms=0.063 std=0.007 var=0.000 state=standing thr=0.086/0.350/0.850
12.88,-6.12,177.81,-0.0188,0.1116,0.0546,0.9921,2.31,1.30,9.51,3.06,3.12,2.00,9.87,0,1.70,0.0439,0.0225,17,0.782,0.000,0.00,0.00,13.819,0
12.94,-6.00,177.69,-0.0200,0.1121,0.0536,0.9921,2.21,0.68,9.34,-3.62,2.56,-1.75,9.62,0,1.70,0.0440,0.0222,17,0.782,0.000,0.00,0.00,13.819,0
12.81,-6.00,177.69,-0.0197,0.1111,0.0532,0.9922,1.97,0.94,9.47,-2.38,1.75,-4.62,9.72,0,1.70,0.0437,0.0220,17,0.782,0.000,0.00,0.00,13.819,0
12.88,-5.88,177.50,-0.0213,0.1113,0.0527,0.9922,2.12,0.97,9.42,-0.94,0.94,0.94,9.70,0,1.70,0.0437,0.0219,17,0.782,0.000,0.00,0.00,13.819,0
phase1 acc_mag=9.609 gravity=9.706 motion=0.097 moving_avg=0.069 rms=0.085 mean_rms=0.076 max_rms=0.085 min_rms=0.063 std=0.007 var=0.000 state=standing thr=0.090/0.350/0.850
12.94,-5.81,177.38,-0.0225,0.1121,0.0523,0.9921,2.28,1.15,9.42,0.62,-1.56,1.94,9.76,0,1.70,0.0440,0.0218,17,0.782,0.000,0.00,0.00,13.819,0
12.94,-5.75,177.25,-0.0233,0.1120,0.0523,0.9921,2.21,0.91,9.35,2.12,0.88,1.44,9.65,0,1.70,0.0440,0.0218,17,0.782,0.000,0.00,0.00,13.819,0
12.94,-5.81,177.19,-0.0240,0.1115,0.0528,0.9921,2.28,0.95,9.36,0.00,-0.19,1.62,9.68,0,1.70,0.0437,0.0220,17,0.782,0.000,0.00,0.00,13.819,0
phase1 acc_mag=9.725 gravity=9.705 motion=0.020 moving_avg=0.071 rms=0.086 mean_rms=0.081 max_rms=0.088 min_rms=0.065 std=0.005 var=0.000 state=standing thr=0.091/0.350/0.850
12.81,-5.88,177.19,-0.0242,0.1107,0.0533,0.9921,2.20,1.00,9.42,0.94,0.75,0.44,9.73,0,1.70,0.0434,0.0222,17,0.782,0.000,0.00,0.00,13.819,0
12.88,-6.00,177.12,-0.0245,0.1110,0.0542,0.9921,2.26,0.74,9.47,1.25,-2.00,1.62,9.76,0,1.70,0.0435,0.0226,17,0.782,0.000,0.00,0.00,13.819,0
13.06,-6.06,177.00,-0.0255,0.1127,0.0551,0.9918,2.56,1.27,9.29,4.19,-4.06,4.81,9.72,0,1.70,0.0442,0.0230,17,0.782,0.000,0.00,0.00,13.819,0
13.12,-6.12,177.06,-0.0254,0.1135,0.0556,0.9916,2.27,0.99,9.47,-0.56,2.12,-3.31,9.79,0,1.70,0.0445,0.0232,17,0.782,0.000,0.00,0.00,13.819,0
phase1 acc_mag=9.824 gravity=9.710 motion=0.114 moving_avg=0.061 rms=0.075 mean_rms=0.081 max_rms=0.088 min_rms=0.074 std=0.004 var=0.000 state=standing thr=0.090/0.350/0.850
13.19,-6.12,177.00,-0.0258,0.1141,0.0555,0.9916,2.48,1.10,9.39,1.44,-2.31,4.38,9.77,0,1.70,0.0447,0.0232,17,0.782,0.000,0.00,0.00,13.819,0
13.25,-6.06,176.94,-0.0261,0.1145,0.0554,0.9915,2.66,1.18,9.24,2.44,-2.06,4.31,9.69,0,1.70,0.0448,0.0232,17,0.782,0.000,0.00,0.00,13.819,0
13.19,-6.06,177.00,-0.0255,0.1136,0.0554,0.9916,2.35,1.29,9.36,2.25,1.50,-1.12,9.74,0,1.70,0.0445,0.0231,17,0.782,0.000,0.00,0.00,13.819,0
13.19,-6.06,177.00,-0.0258,0.1136,0.0552,0.9916,2.29,1.08,9.36,-0.06,1.69,-0.94,9.70,0,1.70,0.0445,0.0231,17,0.782,0.000,0.00,0.00,13.819,0
phase1 acc_mag=9.687 gravity=9.710 motion=0.023 moving_avg=0.056 rms=0.070 mean_rms=0.080 max_rms=0.088 min_rms=0.070 std=0.006 var=0.000 state=standing thr=0.092/0.350/0.850
13.12,-6.06,177.00,-0.0256,0.1133,0.0551,0.9917,2.35,1.00,9.36,-0.94,-2.75,2.94,9.70,0,1.70,0.0444,0.0230,17,0.782,0.000,0.00,0.00,13.819,0
13.12,-6.06,177.06,-0.0253,0.1136,0.0548,0.9917,2.13,1.19,9.33,-0.69,-0.31,-0.62,9.64,0,1.70,0.0445,0.0229,17,0.782,0.000,0.00,0.00,13.819,0
13.06,-6.06,177.06,-0.0254,0.1130,0.0548,0.9918,2.03,1.04,9.37,-0.94,0.94,-0.19,9.64,0,1.70,0.0443,0.0229,17,0.782,0.000,0.00,0.00,13.819,0
13.00,-6.00,176.94,-0.0260,0.1124,0.0547,0.9918,2.32,0.92,9.42,0.50,1.06,2.06,9.75,0,1.70,0.0440,0.0229,17,0.782,0.000,0.00,0.00,13.819,0
phase1 acc_mag=9.715 gravity=9.698 motion=0.017 moving_avg=0.048 rms=0.059 mean_rms=0.076 max_rms=0.088 min_rms=0.059 std=0.009 var=0.000 state=standing thr=0.095/0.350/0.850
13.06,-6.06,176.88,-0.0269,0.1125,0.0552,0.9918,2.10,1.03,9.36,-1.31,1.50,-0.19,9.65,0,1.70,0.0440,0.0231,17,0.782,0.000,0.00,0.00,13.819,0
13.00,-6.06,176.88,-0.0270,0.1122,0.0554,0.9918,2.11,1.15,9.33,0.62,4.50,-5.50,9.63,0,1.70,0.0439,0.0232,17,0.782,0.000,0.00,0.00,13.819,0
13.00,-6.12,176.88,-0.0269,0.1120,0.0557,0.9918,2.13,1.03,9.41,0.88,0.38,-0.94,9.70,0,1.70,0.0438,0.0233,17,0.782,0.000,0.00,0.00,13.819,0
13.00,-6.12,176.88,-0.0270,0.1118,0.0558,0.9918,2.23,1.15,9.47,1.62,1.56,-0.44,9.80,0,1.70,0.0437,0.0234,17,0.782,0.000,0.00,0.00,13.819,0
phase1 acc_mag=9.779 gravity=9.700 motion=0.079 moving_avg=0.046 rms=0.056 mean_rms=0.070 max_rms=0.088 min_rms=0.056 std=0.011 var=0.000 state=standing thr=0.092/0.350/0.850
12.88,-6.19,176.88,-0.0269,0.1112,0.0562,0.9918,1.88,1.27,9.31,2.62,3.00,-4.19,9.58,0,1.70,0.0435,0.0235,17,0.782,0.000,0.00,0.00,13.819,0
12.88,-6.12,176.81,-0.0270,0.1109,0.0560,0.9919,1.92,1.19,9.31,0.69,3.69,-3.00,9.58,0,1.70,0.0434,0.0234,17,0.782,0.000,0.00,0.00,13.819,0
12.81,-6.19,176.88,-0.0269,0.1104,0.0564,0.9919,2.32,1.04,9.29,2.62,2.19,-0.69,9.63,0,1.70,0.0432,0.0236,17,0.782,0.000,0.00,0.00,13.819,0
12.50,-6.38,177.00,-0.0257,0.1078,0.0576,0.9922,2.02,1.20,9.49,-0.19,2.44,-0.19,9.78,0,1.70,0.0422,0.0240,17,0.782,0.000,0.00,0.00,13.819,0
phase1 acc_mag=9.737 gravity=9.698 motion=0.040 moving_avg=0.049 rms=0.062 mean_rms=0.065 max_rms=0.082 min_rms=0.056 std=0.008 var=0.000 state=standing thr=0.080/0.350/0.850
12.50,-6.31,176.94,-0.0265,0.1077,0.0573,0.9922,2.03,1.09,9.50,-0.19,0.56,-0.44,9.78,0,1.70,0.0421,0.0239,17,0.782,0.000,0.00,0.00,13.819,0
12.62,-6.19,176.81,-0.0273,0.1091,0.0564,0.9921,2.42,1.02,9.29,-0.81,-2.12,3.56,9.65,0,1.70,0.0427,0.0236,17,0.782,0.000,0.00,0.00,13.819,0
12.50,-6.19,176.88,-0.0267,0.1080,0.0562,0.9922,2.17,1.09,9.41,0.69,1.31,-0.19,9.72,0,1.70,0.0423,0.0234,17,0.782,0.000,0.00,0.00,13.819,0
phase1 acc_mag=9.815 gravity=9.699 motion=0.116 moving_avg=0.052 rms=0.064 mean_rms=0.062 max_rms=0.071 min_rms=0.056 std=0.005 var=0.000 state=standing thr=0.080/0.350/0.850
12.31,-6.12,176.94,-0.0261,0.1066,0.0557,0.9924,2.12,1.10,9.52,-1.56,-0.69,2.06,9.82,0,1.70,0.0417,0.0232,17,0.782,0.000,0.00,0.00,13.819,0
12.38,-5.94,176.81,-0.0272,0.1066,0.0543,0.9924,2.02,0.95,9.37,-0.75,1.94,0.19,9.63,0,1.70,0.0417,0.0227,17,0.782,0.000,0.00,0.00,13.819,0
12.31,-5.88,176.75,-0.0277,0.1061,0.0536,0.9925,2.09,0.99,9.38,-0.75,0.00,1.56,9.66,0,1.70,0.0415,0.0225,17,0.782,0.000,0.00,0.00,13.819,0
12.19,-5.81,176.81,-0.0278,0.1052,0.0529,0.9927,1.83,1.13,9.43,-1.56,0.75,-1.94,9.67,0,1.70,0.0412,0.0222,17,0.782,0.000,0.00,0.00,13.819,0
phase1 acc_mag=9.785 gravity=9.701 motion=0.084 moving_avg=0.056 rms=0.067 mean_rms=0.061 max_rms=0.067 min_rms=0.056 std=0.004 var=0.000 state=standing thr=0.080/0.350/0.850
12.25,-5.75,176.81,-0.0273,0.1054,0.0522,0.9927,1.51,0.99,9.46,-3.25,-2.56,-0.75,9.63,0,1.70,0.0413,0.0219,17,0.782,0.000,0.00,0.00,13.819,0
12.25,-5.75,176.81,-0.0273,0.1057,0.0523,0.9927,1.64,1.29,9.39,0.06,0.81,-2.56,9.62,0,1.70,0.0414,0.0219,17,0.782,0.000,0.00,0.00,13.819,0
12.38,-5.69,176.75,-0.0277,0.1068,0.0519,0.9926,2.16,0.94,9.38,1.12,-0.69,0.06,9.67,0,1.70,0.0418,0.0218,17,0.782,0.000,0.00,0.00,13.819,0
12.38,-5.62,176.81,-0.0276,0.1071,0.0515,0.9926,2.17,0.72,9.50,-2.56,-1.88,1.81,9.77,0,1.70,0.0419,0.0216,17,0.782,0.000,0.00,0.00,13.819,0
phase1 acc_mag=9.662 gravity=9.705 motion=0.043 moving_avg=0.055 rms=0.067 mean_rms=0.063 max_rms=0.069 min_rms=0.056 std=0.005 var=0.000 state=standing thr=0.080/0.350/0.850
12.50,-5.62,176.75,-0.0280,0.1078,0.0516,0.9924,2.29,1.17,9.33,2.06,-1.06,1.88,9.68,0,1.70,0.0422,0.0217,17,0.782,0.000,0.00,0.00,13.819,0
12.50,-5.69,176.81,-0.0273,0.1079,0.0518,0.9924,2.20,1.08,9.35,0.44,-0.69,-1.38,9.67,0,1.70,0.0423,0.0217,17,0.782,0.000,0.00,0.00,13.819,0
12.50,-5.69,176.88,-0.0267,0.1079,0.0518,0.9924,1.93,0.84,9.41,-1.81,1.00,-3.00,9.64,0,1.70,0.0423,0.0217,17,0.782,0.000,0.00,0.00,13.819,0
12.56,-5.69,176.81,-0.0275,0.1086,0.0518,0.9924,2.10,0.87,9.46,0.25,-0.06,1.50,9.73,0,1.70,0.0425,0.0218,17,0.782,0.000,0.00,0.00,13.819,0
phase1 acc_mag=9.761 gravity=9.704 motion=0.057 moving_avg=0.051 rms=0.062 mean_rms=0.065 max_rms=0.069 min_rms=0.057 std=0.003 var=0.000 state=standing thr=0.080/0.350/0.850
12.56,-5.69,176.81,-0.0273,0.1086,0.0518,0.9924,2.17,0.83,9.42,0.31,-0.69,0.75,9.70,0,1.70,0.0425,0.0217,17,0.782,0.000,0.00,0.00,13.819,0
12.56,-5.75,176.94,-0.0262,0.1086,0.0524,0.9924,2.21,1.04,9.31,0.62,-0.62,-1.50,9.63,0,1.70,0.0426,0.0220,17,0.782,0.000,0.00,0.00,13.819,0
12.50,-5.88,177.00,-0.0255,0.1082,0.0532,0.9924,2.18,1.10,9.42,1.31,-1.12,0.81,9.73,0,1.70,0.0424,0.0222,17,0.782,0.000,0.00,0.00,13.819,0
phase1 acc_mag=9.781 gravity=9.705 motion=0.076 moving_avg=0.046 rms=0.057 mean_rms=0.065 max_rms=0.069 min_rms=0.057 std=0.004 var=0.000 state=standing thr=0.080/0.350/0.850
12.50,-5.81,177.06,-0.0254,0.1080,0.0529,0.9924,2.11,0.76,9.52,-2.44,0.12,-0.06,9.78,0,1.70,0.0423,0.0221,17,0.782,0.000,0.00,0.00,13.819,0
12.50,-5.81,177.06,-0.0254,0.1080,0.0527,0.9924,2.20,0.71,9.48,0.00,-1.12,2.25,9.76,0,1.70,0.0423,0.0220,17,0.782,0.000,0.00,0.00,13.819,0
12.44,-5.81,177.06,-0.0251,0.1073,0.0525,0.9926,1.95,0.91,9.47,-1.94,1.31,-2.44,9.71,0,1.70,0.0421,0.0219,17,0.782,0.000,0.00,0.00,13.819,0
12.38,-5.75,177.06,-0.0250,0.1068,0.0521,0.9926,2.19,1.07,9.34,2.12,1.25,1.12,9.65,0,1.70,0.0419,0.0217,17,0.782,0.000,0.00,0.00,13.819,0
phase1 acc_mag=9.670 gravity=9.708 motion=0.037 moving_avg=0.044 rms=0.054 mean_rms=0.063 max_rms=0.069 min_rms=0.054 std=0.005 var=0.000 state=standing thr=0.080/0.350/0.850
12.25,-5.69,177.12,-0.0250,0.1063,0.0517,0.9927,2.40,1.04,9.37,0.94,-3.31,5.06,9.73,0,1.70,0.0417,0.0216,17,0.782,0.000,0.00,0.00,13.819,0
12.38,-5.69,177.06,-0.0251,0.1067,0.0515,0.9926,2.25,1.00,9.38,-0.38,-3.81,4.56,9.70,0,1.70,0.0418,0.0215,17,0.782,0.000,0.00,0.00,13.819,0
12.38,-5.62,177.00,-0.0255,0.1071,0.0514,0.9926,2.15,1.03,9.42,0.25,-1.25,2.81,9.72,0,1.70,0.0420,0.0215,17,0.782,0.000,0.00,0.00,13.819,0
12.50,-5.69,177.00,-0.0259,0.1077,0.0517,0.9925,2.09,1.01,9.42,1.12,-0.12,-0.62,9.70,0,1.70,0.0422,0.0216,17,0.782,0.000,0.00,0.00,13.819,0
phase1 acc_mag=9.685 gravity=9.708 motion=0.023 moving_avg=0.037 rms=0.047 mean_rms=0.060 max_rms=0.069 min_rms=0.047 std=0.007 var=0.000 state=standing thr=0.080/0.350/0.850
12.50,-5.69,177.00,-0.0257,0.1078,0.0518,0.9925,2.14,0.87,9.45,-0.88,-1.94,1.75,9.73,0,1.70,0.0423,0.0217,17,0.782,0.000,0.00,0.00,13.819,0
12.44,-5.69,177.00,-0.0256,0.1075,0.0517,0.9926,1.95,0.87,9.41,-1.62,-0.12,0.69,9.65,0,1.70,0.0422,0.0216,17,0.782,0.000,0.00,0.00,13.819,0
12.50,-5.62,176.94,-0.0261,0.1081,0.0514,0.9925,2.29,0.85,9.38,-0.62,-2.12,2.44,9.69,0,1.70,0.0424,0.0215,17,0.782,0.000,0.00,0.00,13.819,0
phase1 acc_mag=9.672 gravity=9.708 motion=0.036 moving_avg=0.039 rms=0.048 mean_rms=0.055 max_rms=0.067 min_rms=0.044 std=0.007 var=0.000 state=standing thr=0.080/0.350/0.850
12.56,-5.56,176.94,-0.0264,0.1085,0.0508,0.9924,2.21,0.93,9.37,-1.19,-1.19,1.06,9.67,0,1.70,0.0425,0.0213,17,0.782,0.000,0.00,0.00,13.819,0
12.50,-5.50,176.88,-0.0270,0.1082,0.0503,0.9925,1.96,0.95,9.47,-0.75,-1.69,3.56,9.72,0,1.70,0.0424,0.0211,17,0.782,0.000,0.00,0.00,13.819,0
12.38,-5.50,176.88,-0.0267,0.1066,0.0502,0.9927,2.05,0.95,9.43,1.75,3.81,-0.75,9.70,0,1.70,0.0418,0.0211,17,0.782,0.000,0.00,0.00,13.819,0
12.25,-5.44,176.88,-0.0269,0.1058,0.0500,0.9928,2.16,0.93,9.49,0.81,0.88,-0.06,9.78,0,1.70,0.0415,0.0210,17,0.782,0.000,0.00,0.00,13.819,0
phase1 acc_mag=9.734 gravity=9.716 motion=0.018 moving_avg=0.041 rms=0.051 mean_rms=0.052 max_rms=0.060 min_rms=0.044 std=0.005 var=0.000 state=standing thr=0.080/0.350/0.850
12.12,-5.50,176.81,-0.0272,0.1047,0.0501,0.9929,2.04,0.88,9.51,1.69,1.56,0.62,9.77,0,1.70,0.0410,0.0210,17,0.782,0.000,0.00,0.00,13.819,0
12.12,-5.50,176.81,-0.0276,0.1049,0.0505,0.9928,1.97,0.69,9.57,-1.06,-0.12,0.19,9.79,0,1.70,0.0411,0.0212,17,0.782,0.000,0.00,0.00,13.819,0
12.12,-5.56,176.88,-0.0270,0.1045,0.0508,0.9929,1.97,1.09,9.44,0.56,1.00,-2.00,9.70,0,1.70,0.0409,0.0213,17,0.782,0.000,0.00,0.00,13.819,0
12.12,-5.44,176.88,-0.0270,0.1049,0.0500,0.9929,1.96,0.68,9.47,-2.56,-0.56,-0.50,9.69,0,1.70,0.0411,0.0210,17,0.782,0.000,0.00,0.00,13.819,0
phase1 acc_mag=9.698 gravity=9.717 motion=0.019 moving_avg=0.043 rms=0.052 mean_rms=0.051 max_rms=0.055 min_rms=0.044 std=0.003 var=0.000 state=standing thr=0.080/0.350/0.850
12.06,-5.44,176.81,-0.0273,0.1044,0.0499,0.9929,2.03,0.94,9.57,0.75,-0.25,2.38,9.83,0,1.70,0.0409,0.0209,17,0.782,0.000,0.00,0.00,13.819,0
12.12,-5.44,176.81,-0.0271,0.1047,0.0497,0.9929,1.93,0.88,9.48,-1.38,0.62,-3.56,9.71,0,1.70,0.0411,0.0209,17,0.782,0.000,0.00,0.00,13.819,0
12.25,-5.44,176.94,-0.0264,0.1059,0.0499,0.9928,2.20,0.97,9.37,1.38,-1.75,-0.81,9.67,0,1.70,0.0415,0.0209,17,0.782,0.000,0.00,0.00,13.819,0
phase1 acc_mag=9.698 gravity=9.715 motion=0.017 moving_avg=0.044 rms=0.054 mean_rms=0.050 max_rms=0.054 min_rms=0.044 std=0.003 var=0.000 state=standing thr=0.080/0.350/0.850
12.31,-5.44,177.00,-0.0260,0.1065,0.0499,0.9927,2.13,0.77,9.43,-1.06,0.56,-0.88,9.70,0,1.70,0.0418,0.0209,17,0.782,0.000,0.00,0.00,13.819,0
12.50,-5.44,176.94,-0.0262,0.1078,0.0499,0.9926,2.08,0.77,9.39,-0.88,-0.38,-0.81,9.65,0,1.70,0.0423,0.0209,17,0.782,0.000,0.00,0.00,13.819,0
12.62,-5.56,176.88,-0.0266,0.1088,0.0508,0.9924,2.15,1.26,9.37,3.00,0.00,-0.69,9.70,0,1.70,0.0427,0.0213,17,0.782,0.000,0.00,0.00,13.819,0
12.69,-5.62,176.94,-0.0264,0.1097,0.0515,0.9922,2.06,0.76,9.41,2.19,-1.69,1.19,9.66,0,1.70,0.0430,0.0216,17,0.782,0.000,0.00,0.00,13.819,0
phase1 acc_mag=9.869 gravity=9.719 motion=0.150 moving_avg=0.049 rms=0.059 mean_rms=0.051 max_rms=0.059 min_rms=0.044 std=0.003 var=0.000 state=standing thr=0.080/0.350/0.850
12.81,-5.69,176.88,-0.0270,0.1104,0.0518,0.9922,2.31,0.94,9.38,0.19,-2.81,4.69,9.71,0,1.70,0.0433,0.0217,17,0.782,0.000,0.00,0.00,13.819,0
12.88,-5.69,176.81,-0.0275,0.1111,0.0521,0.9921,2.20,1.12,9.39,1.00,-1.62,2.06,9.71,0,1.70,0.0435,0.0219,17,0.782,0.000,0.00,0.00,13.819,0
12.88,-5.69,176.75,-0.0278,0.1112,0.0519,0.9921,2.04,1.04,9.37,-0.94,0.69,-1.88,9.65,0,1.70,0.0436,0.0218,17,0.782,0.000,0.00,0.00,13.819,0
12.81,-5.69,176.75,-0.0277,0.1108,0.0523,0.9921,2.20,1.12,9.57,0.31,0.56,0.38,9.88,0,1.70,0.0434,0.0220,17,0.782,0.000,0.00,0.00,13.819,0
phase1 acc_mag=9.808 gravity=9.720 motion=0.087 moving_avg=0.051 rms=0.065 mean_rms=0.054 max_rms=0.065 min_rms=0.049 std=0.004 var=0.000 state=standing thr=0.080/0.350/0.850
12.94,-5.62,176.56,-0.0294,0.1118,0.0515,0.9919,2.23,0.88,9.23,0.38,0.56,3.31,9.54,0,1.70,0.0438,0.0218,17,0.782,0.000,0.00,0.00,13.819,0
12.88,-5.62,176.56,-0.0293,0.1108,0.0516,0.9921,2.34,0.70,9.47,-2.44,-0.38,0.88,9.78,0,1.70,0.0434,0.0218,17,0.782,0.000,0.00,0.00,13.819,0
12.75,-5.62,176.62,-0.0289,0.1104,0.0513,0.9921,2.25,0.89,9.45,-1.06,0.06,-0.44,9.75,0,1.70,0.0432,0.0216,17,0.782,0.000,0.00,0.00,13.819,0
12.81,-5.50,176.50,-0.0300,0.1105,0.0508,0.9921,2.28,1.11,9.45,1.19,2.62,1.88,9.78,0,1.70,0.0432,0.0215,17,0.782,0.000,0.00,0.00,13.819,0
phase1 acc_mag=9.834 gravity=9.713 motion=0.121 moving_avg=0.059 rms=0.075 mean_rms=0.058 max_rms=0.075 min_rms=0.051 std=0.007 var=0.000 state=standing thr=0.080/0.350/0.850
12.69,-5.38,176.50,-0.0304,0.1096,0.0495,0.9923,2.16,0.73,9.29,-0.69,0.06,1.94,9.57,0,1.70,0.0429,0.0210,17,0.782,0.000,0.00,0.00,13.819,0
12.62,-5.31,176.38,-0.0312,0.1088,0.0491,0.9924,2.28,0.85,9.45,-2.56,-0.38,2.81,9.76,0,1.70,0.0426,0.0208,17,0.782,0.000,0.00,0.00,13.819,0
12.56,-5.19,176.25,-0.0320,0.1083,0.0481,0.9924,2.11,0.84,9.43,-0.31,2.25,0.50,9.70,0,1.70,0.0424,0.0205,17,0.782,0.000,0.00,0.00,13.819,0
phase1 acc_mag=9.750 gravity=9.705 motion=0.045 moving_avg=0.060 rms=0.077 mean_rms=0.063 max_rms=0.078 min_rms=0.052 std=0.009 var=0.000 state=standing thr=0.082/0.350/0.850
12.50,-5.19,176.25,-0.0323,0.1075,0.0482,0.9925,2.20,1.05,9.44,0.31,2.62,0.31,9.75,0,1.70,0.0421,0.0205,17,0.782,0.000,0.00,0.00,13.819,0
12.31,-5.19,176.25,-0.0323,0.1063,0.0480,0.9927,2.09,0.89,9.46,1.12,0.94,0.44,9.73,0,1.70,0.0416,0.0204,17,0.782,0.000,0.00,0.00,13.819,0
12.38,-5.25,176.31,-0.0317,0.1066,0.0485,0.9926,2.11,0.91,9.42,0.06,0.06,-1.69,9.70,0,1.70,0.0417,0.0206,17,0.782,0.000,0.00,0.00,13.819,0
12.38,-5.19,176.31,-0.0314,0.1066,0.0483,0.9926,2.12,0.92,9.50,-1.12,0.31,-0.62,9.78,0,1.70,0.0417,0.0205,17,0.782,0.000,0.00,0.00,13.819,0
phase1 acc_mag=9.707 gravity=9.703 motion=0.004 moving_avg=0.061 rms=0.082 mean_rms=0.069 max_rms=0.085 min_rms=0.055 std=0.010 var=0.000 state=standing thr=0.090/0.350/0.850
12.38,-5.19,176.31,-0.0316,0.1064,0.0482,0.9927,2.02,0.92,9.39,0.81,0.44,-0.31,9.65,0,1.70,0.0417,0.0205,17,0.782,0.000,0.00,0.00,13.819,0
12.31,-5.12,176.31,-0.0320,0.1064,0.0480,0.9927,2.12,0.66,9.36,-0.50,-0.50,0.94,9.62,0,1.70,0.0416,0.0204,17,0.782,0.000,0.00,0.00,13.819,0
12.12,-5.25,176.31,-0.0319,0.1047,0.0486,0.9928,2.00,0.87,9.57,1.06,0.12,2.50,9.82,0,1.70,0.0409,0.0207,17,0.782,0.000,0.00,0.00,13.819,0
12.06,-5.31,176.38,-0.0312,0.1040,0.0491,0.9929,1.97,0.93,9.58,-1.38,0.75,-1.38,9.82,0,1.70,0.0407,0.0208,17,0.782,0.000,0.00,0.00,13.819,0
phase1 acc_mag=9.611 gravity=9.704 motion=0.093 moving_avg=0.060 rms=0.081 mean_rms=0.075 max_rms=0.085 min_rms=0.058 std=0.008 var=0.000 state=standing thr=0.092/0.350/0.850
12.06,-5.25,176.44,-0.0308,0.1040,0.0487,0.9929,1.99,0.86,9.42,-0.31,1.06,-1.62,9.67,0,1.70,0.0407,0.0206,17,0.782,0.000,0.00,0.00,13.819,0
12.06,-5.25,176.44,-0.0309,0.1041,0.0486,0.9929,2.11,0.87,9.46,-0.81,-0.06,0.75,9.73,0,1.70,0.0407,0.0206,17,0.782,0.000,0.00,0.00,13.819,0
12.06,-5.25,176.44,-0.0308,0.1041,0.0486,0.9929,2.04,0.80,9.49,-0.06,-0.75,0.19,9.74,0,1.70,0.0408,0.0206,17,0.782,0.000,0.00,0.00,13.819,0
12.06,-5.31,176.50,-0.0300,0.1042,0.0491,0.9929,2.10,0.90,9.40,1.44,2.19,-3.62,9.67,0,1.70,0.0408,0.0208,17,0.782,0.000,0.00,0.00,13.819,0
phase1 acc_mag=9.765 gravity=9.701 motion=0.064 moving_avg=0.052 rms=0.070 mean_rms=0.078 max_rms=0.085 min_rms=0.068 std=0.005 var=0.000 state=standing thr=0.088/0.350/0.850
12.06,-5.44,176.62,-0.0292,0.1041,0.0499,0.9929,2.10,0.92,9.43,0.31,-1.25,-0.69,9.70,0,1.70,0.0408,0.0210,17,0.782,0.000,0.00,0.00,13.819,0
12.06,-5.44,176.62,-0.0289,0.1042,0.0499,0.9929,2.12,0.94,9.45,0.50,0.25,-0.19,9.73,0,1.70,0.0408,0.0210,17,0.782,0.000,0.00,0.00,13.819,0
12.06,-5.44,176.62,-0.0290,0.1041,0.0501,0.9929,2.04,0.92,9.45,-0.31,-0.38,0.56,9.71,0,1.70,0.0407,0.0211,17,0.782,0.000,0.00,0.00,13.819,0
12.06,-5.44,176.56,-0.0297,0.1042,0.0502,0.9929,1.99,1.01,9.34,1.00,-2.31,2.50,9.60,0,1.70,0.0408,0.0212,17,0.782,0.000,0.00,0.00,13.819,0
phase1 acc_mag=9.555 gravity=9.702 motion=0.147 moving_avg=0.046 rms=0.064 mean_rms=0.077 max_rms=0.085 min_rms=0.062 std=0.007 var=0.000 state=standing thr=0.090/0.350/0.850
12.00,-5.50,176.44,-0.0305,0.1034,0.0508,0.9929,1.95,1.07,9.59,0.50,4.50,-0.44,9.84,0,1.70,0.0404,0.0214,17,0.782,0.000,0.00,0.00,13.819,0
11.94,-5.50,176.38,-0.0312,0.1028,0.0506,0.9929,1.87,0.73,9.34,-1.25,1.94,-1.38,9.55,0,1.70,0.0402,0.0214,17,0.782,0.000,0.00,0.00,13.819,0
11.69,-5.56,176.31,-0.0316,0.1003,0.0516,0.9931,1.83,1.15,9.50,2.31,4.81,-1.38,9.74,0,1.70,0.0392,0.0218,17,0.782,0.000,0.00,0.00,13.819,0
11.62,-5.69,176.06,-0.0338,0.1002,0.0524,0.9930,1.95,0.92,9.29,1.00,-1.88,4.25,9.54,0,1.70,0.0391,0.0222,17,0.782,0.000,0.00,0.00,13.819,0
phase1 acc_mag=9.704 gravity=9.712 motion=0.008 moving_avg=0.057 rms=0.081 mean_rms=0.076 max_rms=0.085 min_rms=0.062 std=0.007 var=0.000 state=standing thr=0.091/0.350/0.850
11.62,-5.69,175.88,-0.0359,0.1000,0.0530,0.9929,1.73,0.99,9.45,3.50,-1.25,2.75,9.66,0,1.70,0.0389,0.0225,17,0.782,0.000,0.00,0.00,13.819,0
11.69,-5.81,175.62,-0.0377,0.1002,0.0538,0.9928,1.90,0.93,9.52,1.50,0.75,1.44,9.75,0,1.70,0.0390,0.0229,17,0.782,0.000,0.00,0.00,13.819,0
11.69,-5.81,175.50,-0.0386,0.1002,0.0540,0.9927,2.06,1.08,9.49,2.56,0.25,1.19,9.77,0,1.70,0.0389,0.0230,17,0.782,0.000,0.00,0.00,13.819,0
phase1 acc_mag=9.730 gravity=9.709 motion=0.022 moving_avg=0.060 rms=0.087 mean_rms=0.077 max_rms=0.088 min_rms=0.062 std=0.008 var=0.000 state=standing thr=0.094/0.350/0.850
11.69,-5.81,175.56,-0.0383,0.1002,0.0542,0.9927,2.12,0.94,9.45,0.50,0.88,-2.25,9.73,0,1.70,0.0390,0.0231,17,0.782,0.000,0.00,0.00,13.819,0
11.69,-5.88,175.75,-0.0367,0.1003,0.0546,0.9928,2.25,1.09,9.37,1.06,-2.56,1.19,9.70,0,1.70,0.0390,0.0231,17,0.782,0.000,0.00,0.00,13.819,0
11.62,-5.88,175.81,-0.0359,0.1000,0.0546,0.9929,2.02,0.92,9.43,-0.12,2.25,-2.62,9.69,0,1.70,0.0389,0.0231,17,0.782,0.000,0.00,0.00,13.819,0
11.62,-5.94,175.88,-0.0355,0.0996,0.0547,0.9929,1.98,1.07,9.40,0.69,-0.88,0.69,9.67,0,1.70,0.0388,0.0231,17,0.782,0.000,0.00,0.00,13.819,0
phase1 acc_mag=9.688 gravity=9.710 motion=0.021 moving_avg=0.058 rms=0.085 mean_rms=0.078 max_rms=0.088 min_rms=0.062 std=0.009 var=0.000 state=standing thr=0.096/0.350/0.850
11.69,-5.88,175.75,-0.0363,0.1004,0.0544,0.9928,1.96,0.93,9.44,-1.31,1.00,-0.06,9.69,0,1.70,0.0391,0.0231,17,0.782,0.000,0.00,0.00,13.819,0
11.62,-5.88,175.75,-0.0367,0.0999,0.0543,0.9929,1.91,1.01,9.50,0.12,1.69,-0.62,9.74,0,1.70,0.0389,0.0230,17,0.782,0.000,0.00,0.00,13.819,0
11.69,-5.81,175.69,-0.0373,0.1001,0.0540,0.9928,2.01,0.91,9.44,-0.12,-0.25,0.75,9.69,0,1.70,0.0389,0.0229,17,0.782,0.000,0.00,0.00,13.819,0
11.56,-5.88,175.75,-0.0368,0.0991,0.0543,0.9929,1.78,1.02,9.40,-0.50,1.25,-2.75,9.62,0,1.70,0.0386,0.0230,17,0.782,0.000,0.00,0.00,13.819,0
phase1 acc_mag=9.746 gravity=9.712 motion=0.034 moving_avg=0.057 rms=0.085 mean_rms=0.080 max_rms=0.088 min_rms=0.062 std=0.009 var=0.000 state=standing thr=0.098/0.350/0.850
11.56,-5.88,175.75,-0.0366,0.0991,0.0547,0.9929,1.82,0.78,9.57,2.31,-1.50,2.56,9.77,0,1.70,0.0385,0.0232,17,0.782,0.000,0.00,0.00,13.819,0
11.50,-6.00,175.81,-0.0361,0.0986,0.0554,0.9929,1.90,1.09,9.55,-0.62,1.81,-1.31,9.80,0,1.70,0.0384,0.0234,17,0.782,0.000,0.00,0.00,13.819,0
11.56,-5.94,175.75,-0.0366,0.0994,0.0551,0.9929,2.17,0.99,9.47,-0.12,-1.19,0.44,9.77,0,1.70,0.0387,0.0233,17,0.782,0.000,0.00,0.00,13.819,0
11.62,-5.94,175.81,-0.0363,0.1000,0.0552,0.9928,1.86,1.01,9.48,-0.50,-3.44,2.50,9.71,0,1.70,0.0389,0.0234,17,0.782,0.000,0.00,0.00,13.819,0
phase1 acc_mag=9.682 gravity=9.709 motion=0.027 moving_avg=0.055 rms=0.081 mean_rms=0.084 max_rms=0.088 min_rms=0.069 std=0.005 var=0.000 state=standing thr=0.094/0.350/0.850
11.75,-6.00,175.75,-0.0367,0.1007,0.0558,0.9927,2.01,1.13,9.38,0.56,-1.50,2.50,9.66,0,1.70,0.0392,0.0236,17,0.782,0.000,0.00,0.00,13.819,0
11.75,-6.06,175.69,-0.0372,0.1010,0.0562,0.9926,1.98,0.96,9.46,0.38,-2.00,2.50,9.71,0,1.70,0.0392,0.0238,17,0.782,0.000,0.00,0.00,13.819,0
11.81,-6.12,175.56,-0.0379,0.1008,0.0566,0.9926,2.05,1.26,9.49,2.94,0.75,2.31,9.79,0,1.70,0.0392,0.0240,17,0.782,0.000,0.00,0.00,13.819,0
11.81,-6.06,175.50,-0.0385,0.1012,0.0563,0.9926,2.03,0.82,9.44,-1.38,1.31,-1.62,9.69,0,1.70,0.0393,0.0239,17,0.782,0.000,0.00,0.00,13.819,0
phase1 acc_mag=9.678 gravity=9.711 motion=0.033 moving_avg=0.037 rms=0.045 mean_rms=0.082 max_rms=0.088 min_rms=0.045 std=0.010 var=0.000 state=standing thr=0.102/0.350/0.850
11.81,-6.06,175.50,-0.0383,0.1013,0.0564,0.9925,2.15,1.28,9.46,-1.44,1.56,-3.50,9.79,0,1.70,0.0394,0.0239,17,0.782,0.000,0.00,0.00,13.819,0
11.88,-6.00,175.56,-0.0381,0.1020,0.0559,0.9925,1.98,1.05,9.38,0.19,-0.50,-2.19,9.64,0,1.70,0.0396,0.0238,17,0.782,0.000,0.00,0.00,13.819,0
11.88,-6.00,175.62,-0.0377,0.1019,0.0557,0.9925,2.06,1.09,9.45,0.06,-1.06,-0.12,9.73,0,1.70,0.0396,0.0237,17,0.782,0.000,0.00,0.00,13.819,0
11.88,-6.00,175.69,-0.0369,0.1021,0.0555,0.9926,2.14,1.07,9.46,-0.88,-0.31,0.25,9.76,0,1.70,0.0397,0.0235,17,0.782,0.000,0.00,0.00,13.819,0
phase1 acc_mag=9.719 gravity=9.711 motion=0.007 moving_avg=0.039 rms=0.048 mean_rms=0.073 max_rms=0.088 min_rms=0.045 std=0.017 var=0.000 state=standing thr=0.106/0.350/0.850
11.94,-6.00,175.81,-0.0362,0.1023,0.0553,0.9926,2.03,1.00,9.43,-0.50,0.69,-1.81,9.70,0,1.70,0.0398,0.0234,17,0.782,0.000,0.00,0.00,13.819,0
11.94,-5.94,175.81,-0.0362,0.1024,0.0551,0.9926,1.86,0.92,9.51,-1.69,-2.00,1.12,9.73,0,1.70,0.0398,0.0233,17,0.782,0.000,0.00,0.00,13.819,0
12.00,-5.94,175.88,-0.0353,0.1029,0.0546,0.9926,2.12,0.84,9.46,-0.69,-0.06,0.25,9.73,0,1.70,0.0401,0.0231,17,0.782,0.000,0.00,0.00,13.819,0
11.88,-5.88,175.88,-0.0353,0.1017,0.0540,0.9927,2.10,1.07,9.48,-1.69,2.62,1.12,9.77,0,1.70,0.0396,0.0229,17,0.782,0.000,0.00,0.00,13.819,0
phase1 acc_mag=9.671 gravity=9.715 motion=0.044 moving_avg=0.044 rms=0.054 mean_rms=0.066 max_rms=0.087 min_rms=0.045 std=0.017 var=0.000 state=standing thr=0.099/0.350/0.850
11.69,-5.69,175.81,-0.0363,0.1004,0.0526,0.9929,1.98,0.81,9.45,-1.69,2.81,2.31,9.69,0,1.70,0.0391,0.0224,17,0.782,0.000,0.00,0.00,13.819,0
11.50,-5.62,175.81,-0.0361,0.0989,0.0519,0.9931,2.06,0.88,9.51,-1.12,0.62,-0.19,9.77,0,1.70,0.0385,0.0220,17,0.782,0.000,0.00,0.00,13.819,0
11.44,-5.62,175.81,-0.0360,0.0984,0.0519,0.9932,2.06,1.10,9.40,1.69,1.31,1.12,9.69,0,1.70,0.0383,0.0221,17,0.782,0.000,0.00,0.00,13.819,0
phase1 acc_mag=9.703 gravity=9.711 motion=0.008 moving_avg=0.044 rms=0.056 mean_rms=0.059 max_rms=0.087 min_rms=0.045 std=0.014 var=0.000 state=standing thr=0.086/0.350/0.850
11.38,-5.62,175.81,-0.0360,0.0977,0.0519,0.9932,1.88,0.86,9.48,0.38,2.12,-0.88,9.70,0,1.70,0.0381,0.0220,17,0.782,0.000,0.00,0.00,13.819,0
11.38,-5.62,175.81,-0.0360,0.0975,0.0522,0.9932,1.91,0.95,9.50,-0.06,-0.56,-0.31,9.74,0,1.70,0.0380,0.0221,17,0.782,0.000,0.00,0.00,13.819,0
11.38,-5.69,175.88,-0.0354,0.0980,0.0524,0.9932,2.07,0.94,9.49,-0.56,-1.38,-0.12,9.76,0,1.70,0.0382,0.0222,17,0.782,0.000,0.00,0.00,13.819,0
11.50,-5.62,175.94,-0.0350,0.0988,0.0524,0.9931,1.99,1.13,9.35,1.06,-3.00,1.06,9.63,0,1.70,0.0385,0.0222,17,0.782,0.000,0.00,0.00,13.819,0
phase1 acc_mag=9.680 gravity=9.709 motion=0.029 moving_avg=0.043 rms=0.054 mean_rms=0.053 max_rms=0.075 min_rms=0.045 std=0.006 var=0.000 state=standing thr=0.080/0.350/0.850
11.56,-5.69,176.00,-0.0344,0.0992,0.0529,0.9930,2.02,0.97,9.48,0.75,0.19,-1.06,9.74,0,1.70,0.0387,0.0224,17,0.782,0.000,0.00,0.00,13.819,0
11.62,-5.75,176.00,-0.0342,0.1002,0.0531,0.9930,2.15,1.16,9.40,0.62,-1.19,-0.50,9.71,0,1.70,0.0391,0.0225,17,0.782,0.000,0.00,0.00,13.819,0
11.69,-5.75,176.19,-0.0329,0.1006,0.0532,0.9930,2.00,1.00,9.43,0.00,-1.31,-1.94,9.69,0,1.70,0.0393,0.0224,17,0.782,0.000,0.00,0.00,13.819,0
phase1 acc_mag=9.680 gravity=9.708 motion=0.027 moving_avg=0.045 rms=0.061 mean_rms=0.054 max_rms=0.064 min_rms=0.046 std=0.005 var=0.000 state=standing thr=0.080/0.350/0.850
11.75,-5.75,176.25,-0.0323,0.1011,0.0529,0.9930,2.13,1.00,9.39,-0.38,-0.69,0.06,9.68,0,1.70,0.0395,0.0223,17,0.782,0.000,0.00,0.00,13.819,0
11.81,-5.62,176.25,-0.0322,0.1016,0.0520,0.9929,1.93,0.97,9.38,1.06,-0.50,0.00,9.63,0,1.70,0.0397,0.0220,17,0.782,0.000,0.00,0.00,13.819,0
11.75,-5.62,176.25,-0.0320,0.1013,0.0518,0.9930,1.98,0.89,9.43,-0.56,0.50,-0.75,9.68,0,1.70,0.0396,0.0219,17,0.782,0.000,0.00,0.00,13.819,0
11.75,-5.62,176.25,-0.0320,0.1011,0.0519,0.9930,2.05,0.91,9.50,-0.06,0.00,0.69,9.76,0,1.70,0.0395,0.0219,17,0.782,0.000,0.00,0.00,13.819,0
phase1 acc_mag=9.762 gravity=9.708 motion=0.054 moving_avg=0.044 rms=0.060 mean_rms=0.057 max_rms=0.064 min_rms=0.048 std=0.004 var=0.000 state=standing thr=0.080/0.350/0.850
11.81,-5.56,176.25,-0.0325,0.1014,0.0515,0.9930,1.96,0.92,9.48,-0.75,-0.31,0.50,9.72,0,1.70,0.0396,0.0218,17,0.782,0.000,0.00,0.00,13.819,0
11.81,-5.56,176.19,-0.0325,0.1017,0.0516,0.9930,1.95,0.87,9.50,0.12,0.69,-1.88,9.74,0,1.70,0.0397,0.0218,17,0.782,0.000,0.00,0.00,13.819,0
11.81,-5.62,176.25,-0.0323,0.1017,0.0518,0.9929,2.03,0.91,9.52,-0.62,-0.44,0.31,9.78,0,1.70,0.0397,0.0219,17,0.782,0.000,0.00,0.00,13.819,0
11.88,-5.56,176.25,-0.0324,0.1022,0.0515,0.9929,2.09,0.86,9.41,0.44,-0.50,0.56,9.68,0,1.70,0.0399,0.0218,17,0.782,0.000,0.00,0.00,13.819,0
phase1 acc_mag=9.719 gravity=9.706 motion=0.013 moving_avg=0.039 rms=0.056 mean_rms=0.057 max_rms=0.064 min_rms=0.053 std=0.004 var=0.000 state=standing thr=0.080/0.350/0.850
11.81,-5.62,176.25,-0.0320,0.1018,0.0516,0.9929,1.98,1.14,9.47,0.00,-0.19,-0.12,9.74,0,1.70,0.0398,0.0218,17,0.782,0.000,0.00,0.00,13.819,0
11.81,-5.62,176.31,-0.0320,0.1018,0.0516,0.9929,1.97,0.92,9.46,-0.44,-0.06,-0.12,9.71,0,1.70,0.0398,0.0218,17,0.782,0.000,0.00,0.00,13.819,0
11.81,-5.62,176.25,-0.0322,0.1017,0.0516,0.9929,2.02,1.07,9.50,-0.25,1.12,-0.12,9.77,0,1.70,0.0397,0.0218,17,0.782,0.000,0.00,0.00,13.819,0
11.81,-5.56,176.31,-0.0319,0.1014,0.0512,0.9930,1.86,0.97,9.39,0.88,1.38,-2.88,9.62,0,1.70,0.0396,0.0216,17,0.782,0.000,0.00,0.00,13.819,0
phase1 acc_mag=9.717 gravity=9.709 motion=0.008 moving_avg=0.041 rms=0.057 mean_rms=0.058 max_rms=0.064 min_rms=0.053 std=0.003 var=0.000 state=standing thr=0.080/0.350/0.850
11.75,-5.50,176.31,-0.0319,0.1009,0.0510,0.9931,1.89,0.81,9.51,-2.00,0.75,-0.56,9.73,0,1.70,0.0394,0.0215,17,0.782,0.000,0.00,0.00,13.819,0
11.69,-5.50,176.25,-0.0322,0.1005,0.0508,0.9931,1.94,0.86,9.47,-0.31,1.81,-0.62,9.70,0,1.70,0.0393,0.0215,17,0.782,0.000,0.00,0.00,13.819,0
11.69,-5.50,176.25,-0.0324,0.1006,0.0507,0.9931,2.06,0.89,9.49,-0.44,0.50,0.38,9.75,0,1.70,0.0393,0.0214,17,0.782,0.000,0.00,0.00,13.819,0
phase1 acc_mag=9.689 gravity=9.714 motion=0.025 moving_avg=0.040 rms=0.057 mean_rms=0.058 max_rms=0.064 min_rms=0.054 std=0.003 var=0.000 state=standing thr=0.080/0.350/0.850
11.69,-5.44,176.19,-0.0327,0.1003,0.0500,0.9932,1.85,1.07,9.45,-0.19,1.06,-0.38,9.69,0,1.70,0.0392,0.0212,17,0.782,0.000,0.00,0.00,13.819,0
11.69,-5.38,176.19,-0.0330,0.1006,0.0496,0.9932,1.99,1.10,9.44,0.75,-0.50,-0.44,9.71,0,1.70,0.0393,0.0210,17,0.782,0.000,0.00,0.00,13.819,0
11.69,-5.31,176.19,-0.0327,0.1004,0.0491,0.9932,2.07,0.98,9.49,-0.44,1.19,-1.06,9.76,0,1.70,0.0392,0.0208,17,0.782,0.000,0.00,0.00,13.819,0
11.69,-5.25,176.19,-0.0327,0.1005,0.0486,0.9932,1.98,0.78,9.46,-1.75,-0.62,0.12,9.70,0,1.70,0.0393,0.0206,17,0.782,0.000,0.00,0.00,13.819,0
phase1 acc_mag=9.773 gravity=9.710 motion=0.064 moving_avg=0.036 rms=0.048 mean_rms=0.056 max_rms=0.061 min_rms=0.046 std=0.004 var=0.000 state=standing thr=0.080/0.350/0.850
11.69,-5.19,176.19,-0.0330,0.1008,0.0483,0.9932,2.09,0.94,9.43,0.19,-0.94,0.88,9.70,0,1.70,0.0394,0.0205,17,0.782,0.000,0.00,0.00,13.819,0
11.69,-5.25,176.19,-0.0328,0.1005,0.0485,0.9932,1.85,1.04,9.42,0.69,1.19,-2.81,9.66,0,1.70,0.0393,0.0206,17,0.782,0.000,0.00,0.00,13.819,0
11.75,-5.19,176.12,-0.0336,0.1014,0.0481,0.9931,2.35,0.97,9.39,0.56,-5.38,7.50,9.73,0,1.70,0.0397,0.0205,17,0.782,0.000,0.00,0.00,13.819,0
11.75,-5.12,176.06,-0.0338,0.1012,0.0480,0.9931,2.20,0.81,9.48,0.25,-0.56,2.81,9.77,0,1.70,0.0395,0.0205,17,0.782,0.000,0.00,0.00,13.819,0
phase1 acc_mag=9.742 gravity=9.710 motion=0.032 moving_avg=0.037 rms=0.050 mean_rms=0.054 max_rms=0.059 min_rms=0.046 std=0.004 var=0.000 state=standing thr=0.080/0.350/0.850
11.75,-5.12,176.06,-0.0338,0.1013,0.0479,0.9931,2.02,0.77,9.51,-1.50,0.75,-0.75,9.75,0,1.70,0.0396,0.0204,17,0.782,0.000,0.00,0.00,13.819,0
11.81,-5.12,176.06,-0.0338,0.1017,0.0477,0.9931,2.01,0.87,9.45,-0.62,1.25,-1.62,9.70,0,1.70,0.0397,0.0203,17,0.782,0.000,0.00,0.00,13.819,0
11.81,-5.06,176.12,-0.0333,0.1015,0.0475,0.9932,2.26,1.21,9.39,1.44,0.50,0.00,9.73,0,1.70,0.0397,0.0202,17,0.782,0.000,0.00,0.00,13.819,0
11.75,-5.06,176.19,-0.0330,0.1013,0.0471,0.9932,2.24,0.90,9.52,0.44,2.56,-2.56,9.82,0,1.70,0.0396,0.0201,17,0.782,0.000,0.00,0.00,13.819,0
phase1 acc_mag=9.726 gravity=9.711 motion=0.015 moving_avg=0.036 rms=0.049 mean_rms=0.052 max_rms=0.059 min_rms=0.046 std=0.004 var=0.000 state=standing thr=0.080/0.350/0.850
11.75,-5.06,176.19,-0.0327,0.1010,0.0469,0.9932,2.11,0.83,9.41,-1.06,0.06,0.56,9.68,0,1.70,0.0395,0.0199,17,0.782,0.000,0.00,0.00,13.819,0
11.69,-5.00,176.19,-0.0329,0.1008,0.0465,0.9933,1.98,1.04,9.50,-1.56,0.06,1.06,9.76,0,1.70,0.0394,0.0198,17,0.782,0.000,0.00,0.00,13.819,0
11.69,-5.06,176.19,-0.0330,0.1010,0.0469,0.9932,2.24,1.19,9.42,2.69,2.69,-0.88,9.76,0,1.70,0.0395,0.0200,17,0.782,0.000,0.00,0.00,13.819,0
11.69,-5.06,176.12,-0.0333,0.1009,0.0469,0.9932,2.37,0.98,9.41,0.25,-0.12,-0.44,9.75,0,1.70,0.0395,0.0200,17,0.782,0.000,0.00,0.00,13.819,0
phase1 acc_mag=9.700 gravity=9.713 motion=0.013 moving_avg=0.034 rms=0.046 mean_rms=0.050 max_rms=0.058 min_rms=0.044 std=0.004 var=0.000 state=standing thr=0.080/0.350/0.850
11.69,-5.06,176.12,-0.0332,0.1007,0.0469,0.9933,2.00,0.77,9.43,-0.31,2.06,-2.00,9.67,0,1.70,0.0394,0.0200,17,0.782,0.000,0.00,0.00,13.819,0
11.69,-5.06,176.12,-0.0332,0.1008,0.0471,0.9932,2.03,0.90,9.43,0.19,-0.75,0.69,9.69,0,1.70,0.0394,0.0200,17,0.782,0.000,0.00,0.00,13.819,0
11.75,-5.06,176.06,-0.0336,0.1011,0.0469,0.9932,2.15,0.79,9.50,0.44,0.50,1.50,9.77,0,1.70,0.0395,0.0200,17,0.782,0.000,0.00,0.00,13.819,0
11.75,-5.06,176.06,-0.0338,0.1013,0.0470,0.9932,2.14,1.00,9.40,1.75,-1.06,1.38,9.69,0,1.70,0.0396,0.0200,17,0.782,0.000,0.00,0.00,13.819,0
phase1 acc_mag=9.643 gravity=9.711 motion=0.068 moving_avg=0.036 rms=0.046 mean_rms=0.048 max_rms=0.051 min_rms=0.044 std=0.003 var=0.000 state=standing thr=0.080/0.350/0.850
11.69,-5.06,176.12,-0.0334,0.1008,0.0472,0.9932,1.90,0.77,9.51,-1.44,0.44,-0.50,9.73,0,1.70,0.0394,0.0201,17,0.782,0.000,0.00,0.00,13.819,0
11.69,-5.12,176.06,-0.0341,0.1008,0.0477,0.9932,2.19,0.96,9.43,1.75,0.31,2.38,9.73,0,1.70,0.0394,0.0203,17,0.782,0.000,0.00,0.00,13.819,0
11.69,-5.12,176.06,-0.0339,0.1005,0.0476,0.9932,1.92,0.83,9.50,-1.19,2.94,-5.12,9.73,0,1.70,0.0393,0.0203,17,0.782,0.000,0.00,0.00,13.819,0
11.62,-5.12,176.06,-0.0337,0.1001,0.0477,0.9933,1.95,0.84,9.60,-0.31,2.50,-2.62,9.83,0,1.70,0.0391,0.0203,17,0.782,0.000,0.00,0.00,13.819,0
phase1 acc_mag=9.670 gravity=9.719 motion=0.049 moving_avg=0.040 rms=0.050 mean_rms=0.047 max_rms=0.051 min_rms=0.044 std=0.003 var=0.000 state=standing thr=0.080/0.350/0.850
11.62,-5.12,176.12,-0.0333,0.0999,0.0478,0.9933,1.92,0.86,9.42,-0.38,2.12,-2.75,9.65,0,1.70,0.0390,0.0203,17,0.782,0.000,0.00,0.00,13.819,0
11.56,-5.12,176.12,-0.0334,0.0995,0.0478,0.9933,2.03,0.80,9.51,-0.88,-1.44,2.88,9.76,0,1.70,0.0389,0.0203,17,0.782,0.000,0.00,0.00,13.819,0
11.62,-5.12,176.00,-0.0343,0.1000,0.0482,0.9932,2.09,1.17,9.46,3.00,0.06,2.06,9.76,0,1.70,0.0391,0.0205,17,0.782,0.000,0.00,0.00,13.819,0
11.62,-5.12,175.94,-0.0348,0.0997,0.0480,0.9932,1.92,0.78,9.48,-0.75,1.06,0.31,9.70,0,1.70,0.0390,0.0204,17,0.782,0.000,0.00,0.00,13.819,0
phase1 acc_mag=9.682 gravity=9.718 motion=0.035 moving_avg=0.046 rms=0.056 mean_rms=0.048 max_rms=0.056 min_rms=0.044 std=0.004 var=0.000 state=standing thr=0.080/0.350/0.850
11.62,-5.12,175.94,-0.0352,0.1000,0.0478,0.9932,1.80,0.89,9.44,-1.62,-1.44,1.12,9.65,0,1.70,0.0391,0.0204,17,0.782,0.000,0.00,0.00,13.819,0
11.69,-5.12,175.88,-0.0357,0.1005,0.0478,0.9932,2.10,0.83,9.43,-0.31,-1.56,1.69,9.70,0,1.70,0.0393,0.0204,17,0.782,0.000,0.00,0.00,13.819,0
11.69,-5.12,175.88,-0.0356,0.1003,0.0477,0.9932,1.96,0.84,9.45,0.00,0.19,-0.81,9.69,0,1.70,0.0392,0.0204,17,0.782,0.000,0.00,0.00,13.819,0
11.69,-5.12,175.88,-0.0356,0.1004,0.0479,0.9932,2.06,0.90,9.45,-0.69,0.19,0.25,9.71,0,1.70,0.0392,0.0204,17,0.782,0.000,0.00,0.00,13.819,0
phase1 acc_mag=9.727 gravity=9.716 motion=0.011 moving_avg=0.045 rms=0.055 mean_rms=0.050 max_rms=0.057 min_rms=0.044 std=0.005 var=0.000 state=standing thr=0.080/0.350/0.850
11.62,-5.12,175.88,-0.0354,0.1002,0.0479,0.9932,2.07,0.91,9.45,0.81,0.31,0.12,9.72,0,1.70,0.0391,0.0204,17,0.782,0.000,0.00,0.00,13.819,0
11.62,-5.12,175.94,-0.0352,0.1000,0.0481,0.9932,2.05,0.91,9.49,-0.50,-0.50,0.06,9.75,0,1.70,0.0391,0.0205,17,0.782,0.000,0.00,0.00,13.819,0
11.62,-5.12,175.94,-0.0350,0.1000,0.0480,0.9932,2.00,0.87,9.47,0.19,0.75,-0.44,9.72,0,1.70,0.0390,0.0205,17,0.782,0.000,0.00,0.00,13.819,0
phase1 acc_mag=9.683 gravity=9.713 motion=0.030 moving_avg=0.042 rms=0.053 mean_rms=0.051 max_rms=0.057 min_rms=0.045 std=0.005 var=0.000 state=standing thr=0.080/0.350/0.850
11.56,-5.19,176.06,-0.0341,0.0995,0.0483,0.9933,2.06,0.88,9.42,0.75,0.88,-2.06,9.68,0,1.70,0.0389,0.0205,17,0.782,0.000,0.00,0.00,13.819,0
11.50,-5.25,176.12,-0.0334,0.0992,0.0489,0.9933,2.06,0.94,9.44,0.62,-0.69,0.56,9.71,0,1.70,0.0388,0.0207,17,0.782,0.000,0.00,0.00,13.819,0
11.56,-5.38,176.19,-0.0325,0.0992,0.0498,0.9933,2.03,1.12,9.38,4.88,-3.38,0.56,9.66,0,1.70,0.0388,0.0211,17,0.782,0.000,0.00,0.00,13.819,0
11.69,-5.50,176.31,-0.0319,0.1004,0.0507,0.9932,2.25,1.00,9.30,1.06,0.56,-1.19,9.62,0,1.70,0.0392,0.0214,17,0.782,0.000,0.00,0.00,13.819,0
phase1 acc_mag=9.733 gravity=9.713 motion=0.021 moving_avg=0.043 rms=0.056 mean_rms=0.053 max_rms=0.057 min_rms=0.045 std=0.004 var=0.000 state=standing thr=0.080/0.350/0.850
11.62,-5.50,176.31,-0.0319,0.0999,0.0507,0.9932,2.03,0.93,9.48,-0.81,0.62,-0.38,9.74,0,1.70,0.0390,0.0214,17,0.782,0.000,0.00,0.00,13.819,0
11.62,-5.50,176.19,-0.0326,0.1002,0.0507,0.9932,1.94,0.89,9.48,-0.44,-0.19,0.75,9.72,0,1.70,0.0391,0.0214,17,0.782,0.000,0.00,0.00,13.819,0
11.69,-5.44,176.12,-0.0331,0.1005,0.0505,0.9931,1.94,0.90,9.56,-0.62,-0.31,0.31,9.80,0,1.70,0.0392,0.0214,17,0.782,0.000,0.00,0.00,13.819,0
11.81,-5.44,176.12,-0.0336,0.1017,0.0506,0.9930,2.07,0.88,9.39,-1.62,0.62,-1.25,9.66,0,1.70,0.0397,0.0215,17,0.782,0.000,0.00,0.00,13.819,0
phase1 acc_mag=9.645 gravity=9.711 motion=0.066 moving_avg=0.038 rms=0.049 mean_rms=0.054 max_rms=0.057 min_rms=0.049 std=0.002 var=0.000 state=standing thr=0.080/0.350/0.850
11.75,-5.44,176.06,-0.0335,0.1011,0.0503,0.9930,1.97,0.90,9.48,-1.25,1.88,-1.50,9.72,0,1.70,0.0395,0.0213,17,0.782,0.000,0.00,0.00,13.819,0
11.75,-5.38,176.12,-0.0336,0.1013,0.0496,0.9930,2.00,0.67,9.54,-3.69,-1.12,1.25,9.77,0,1.70,0.0396,0.0211,17,0.782,0.000,0.00,0.00,13.819,0
11.88,-5.25,176.06,-0.0345,0.1026,0.0488,0.9929,2.30,0.96,9.39,1.06,-5.19,6.69,9.72,0,1.70,0.0401,0.0208,17,0.782,0.000,0.00,0.00,13.819,0
11.81,-5.25,176.12,-0.0335,0.1016,0.0486,0.9930,2.13,1.00,9.42,0.44,0.31,2.38,9.71,0,1.70,0.0397,0.0207,17,0.782,0.000,0.00,0.00,13.819,0
phase1 acc_mag=9.771 gravity=9.711 motion=0.060 moving_avg=0.034 rms=0.046 mean_rms=0.053 max_rms=0.056 min_rms=0.045 std=0.004 var=0.000 state=standing thr=0.080/0.350/0.850
11.81,-5.12,176.06,-0.0337,0.1017,0.0479,0.9931,2.10,0.92,9.35,-0.69,0.19,-0.19,9.63,0,1.70,0.0398,0.0204,17,0.782,0.000,0.00,0.00,13.819,0
11.81,-5.12,176.06,-0.0339,0.1015,0.0479,0.9931,2.17,1.14,9.47,0.88,0.12,0.81,9.78,0,1.70,0.0397,0.0204,17,0.782,0.000,0.00,0.00,13.819,0
11.75,-5.06,176.06,-0.0338,0.1014,0.0473,0.9932,2.03,0.65,9.43,-1.00,0.69,0.12,9.67,0,1.70,0.0396,0.0202,17,0.782,0.000,0.00,0.00,13.819,0
phase1 acc_mag=9.633 gravity=9.713 motion=0.079 moving_avg=0.037 rms=0.048 mean_rms=0.051 max_rms=0.056 min_rms=0.045 std=0.004 var=0.000 state=standing thr=0.080/0.350/0.850
11.69,-5.12,176.06,-0.0336,0.1008,0.0476,0.9932,1.90,1.01,9.39,0.44,1.19,-0.88,9.63,0,1.70,0.0394,0.0203,17,0.782,0.000,0.00,0.00,13.819,0
11.62,-5.12,176.06,-0.0340,0.1002,0.0479,0.9932,2.07,1.08,9.42,2.50,1.81,2.31,9.71,0,1.70,0.0392,0.0204,17,0.782,0.000,0.00,0.00,13.819,0
11.69,-5.12,176.00,-0.0345,0.1003,0.0478,0.9932,2.02,0.89,9.48,-1.38,0.12,-0.88,9.73,0,1.70,0.0392,0.0204,17,0.782,0.000,0.00,0.00,13.819,0
11.69,-5.12,176.00,-0.0345,0.1003,0.0480,0.9932,1.92,1.07,9.38,1.94,0.94,-1.06,9.63,0,1.70,0.0392,0.0204,17,0.782,0.000,0.00,0.00,13.819,0
phase1 acc_mag=9.741 gravity=9.712 motion=0.029 moving_avg=0.039 rms=0.050 mean_rms=0.050 max_rms=0.056 min_rms=0.045 std=0.004 var=0.000 state=standing thr=0.080/0.350/0.850
11.62,-5.19,176.00,-0.0342,0.1002,0.0480,0.9932,2.08,0.72,9.50,0.06,0.38,1.06,9.75,0,1.70,0.0391,0.0205,17,0.782,0.000,0.00,0.00,13.819,0
11.62,-5.19,176.00,-0.0343,0.1000,0.0485,0.9932,2.09,0.82,9.44,0.06,-1.56,1.81,9.70,0,1.70,0.0391,0.0206,17,0.782,0.000,0.00,0.00,13.819,0
11.56,-5.25,176.06,-0.0341,0.0997,0.0488,0.9932,1.92,1.01,9.40,2.12,-0.06,-0.94,9.65,0,1.70,0.0389,0.0208,17,0.782,0.000,0.00,0.00,13.819,0
11.56,-5.31,176.06,-0.0337,0.0995,0.0491,0.9933,1.89,1.02,9.54,1.62,1.19,-1.94,9.78,0,1.70,0.0389,0.0208,17,0.782,0.000,0.00,0.00,13.819,0
phase1 acc_mag=9.791 gravity=9.712 motion=0.079 moving_avg=0.037 rms=0.046 mean_rms=0.048 max_rms=0.056 min_rms=0.045 std=0.003 var=0.000 state=standing thr=0.080/0.350/0.850
11.56,-5.31,176.12,-0.0335,0.0994,0.0491,0.9933,1.96,0.85,9.44,0.38,0.81,-1.12,9.68,0,1.70,0.0388,0.0209,17,0.782,0.000,0.00,0.00,13.819,0
11.50,-5.38,176.12,-0.0335,0.0991,0.0496,0.9933,1.99,0.87,9.56,-0.94,0.88,-0.44,9.80,0,1.70,0.0387,0.0210,17,0.782,0.000,0.00,0.00,13.819,0
11.56,-5.38,176.06,-0.0339,0.0996,0.0498,0.9932,1.93,1.07,9.39,2.56,0.38,-0.62,9.65,0,1.70,0.0389,0.0211,17,0.782,0.000,0.00,0.00,13.819,0
11.50,-5.44,176.12,-0.0338,0.0994,0.0504,0.9932,2.08,1.00,9.41,1.12,-4.38,4.25,9.69,0,1.70,0.0388,0.0213,17,0.782,0.000,0.00,0.00,13.819,0
phase1 acc_mag=9.721 gravity=9.712 motion=0.009 moving_avg=0.036 rms=0.046 mean_rms=0.047 max_rms=0.051 min_rms=0.045 std=0.002 var=0.000 state=standing thr=0.080/0.350/0.850
11.69,-5.44,176.00,-0.0342,0.1003,0.0507,0.9931,1.93,0.87,9.40,0.69,-1.44,1.00,9.64,0,1.70,0.0391,0.0215,17,0.782,0.000,0.00,0.00,13.819,0
11.69,-5.50,175.94,-0.0351,0.1008,0.0510,0.9930,2.04,0.96,9.42,0.62,-1.50,2.94,9.69,0,1.70,0.0393,0.0217,17,0.782,0.000,0.00,0.00,13.819,0
11.69,-5.50,175.88,-0.0355,0.1006,0.0510,0.9930,2.01,0.93,9.38,0.69,-0.75,0.94,9.64,0,1.70,0.0392,0.0217,17,0.782,0.000,0.00,0.00,13.819,0
11.62,-5.50,175.88,-0.0353,0.1000,0.0511,0.9930,1.99,0.94,9.48,0.06,1.44,-1.19,9.73,0,1.70,0.0390,0.0217,17,0.782,0.000,0.00,0.00,13.819,0
phase1 acc_mag=9.648 gravity=9.713 motion=0.065 moving_avg=0.038 rms=0.046 mean_rms=0.047 max_rms=0.051 min_rms=0.045 std=0.002 var=0.000 state=standing thr=0.080/0.350/0.850
11.62,-5.50,175.88,-0.0355,0.1000,0.0511,0.9930,2.05,1.05,9.50,-0.62,-0.44,0.56,9.78,0,1.70,0.0390,0.0217,17,0.782,0.000,0.00,0.00,13.819,0
11.56,-5.50,175.94,-0.0352,0.0996,0.0511,0.9931,1.99,0.96,9.49,0.06,0.62,-0.12,9.74,0,1.70,0.0388,0.0217,17,0.782,0.000,0.00,0.00,13.819,0
11.56,-5.50,175.94,-0.0351,0.0994,0.0513,0.9931,2.03,0.99,9.45,1.44,1.50,-0.19,9.72,0,1.70,0.0388,0.0218,17,0.782,0.000,0.00,0.00,13.819,0
11.56,-5.56,175.94,-0.0349,0.0990,0.0513,0.9932,1.91,0.85,9.44,-0.56,1.19,-1.56,9.67,0,1.70,0.0386,0.0218,17,0.782,0.000,0.00,0.00,13.819,0
phase1 acc_mag=9.662 gravity=9.710 motion=0.047 moving_avg=0.039 rms=0.048 mean_rms=0.047 max_rms=0.051 min_rms=0.045 std=0.002 var=0.000 state=standing thr=0.080/0.350/0.850
11.50,-5.56,175.94,-0.0349,0.0988,0.0517,0.9932,1.97,1.06,9.51,0.25,1.31,-1.75,9.77,0,1.70,0.0385,0.0219,17,0.782,0.000,0.00,0.00,13.819,0
11.56,-5.56,175.88,-0.0352,0.0989,0.0519,0.9931,2.09,0.98,9.39,1.62,2.12,-0.88,9.67,0,1.70,0.0386,0.0220,17,0.782,0.000,0.00,0.00,13.819,0
11.44,-5.62,175.94,-0.0349,0.0985,0.0520,0.9932,1.92,0.92,9.43,-0.44,0.44,-1.38,9.67,0,1.70,0.0384,0.0220,17,0.782,0.000,0.00,0.00,13.819,0
11.44,-5.69,175.94,-0.0350,0.0985,0.0525,0.9931,1.95,1.01,9.50,0.44,0.00,0.44,9.75,0,1.70,0.0384,0.0222,17,0.782,0.000,0.00,0.00,13.819,0
phase1 acc_mag=9.792 gravity=9.712 motion=0.081 moving_avg=0.040 rms=0.048 mean_rms=0.047 max_rms=0.050 min_rms=0.045 std=0.002 var=0.000 state=standing thr=0.080/0.350/0.850
11.50,-5.69,175.88,-0.0355,0.0989,0.0525,0.9931,1.97,1.01,9.46,0.50,-1.06,0.75,9.72,0,1.70,0.0386,0.0223,17,0.782,0.000,0.00,0.00,13.819,0
11.56,-5.69,175.88,-0.0356,0.0992,0.0526,0.9930,2.00,1.05,9.40,1.06,-0.25,-0.38,9.67,0,1.70,0.0386,0.0223,17,0.782,0.000,0.00,0.00,13.819,0
11.50,-5.69,175.88,-0.0356,0.0986,0.0527,0.9931,1.86,0.97,9.51,-0.69,1.38,-0.81,9.74,0,1.70,0.0384,0.0223,17,0.782,0.000,0.00,0.00,13.819,0
11.50,-5.69,175.88,-0.0353,0.0989,0.0527,0.9931,1.91,1.02,9.40,0.56,-0.62,-0.81,9.65,0,1.70,0.0385,0.0223,17,0.782,0.000,0.00,0.00,13.819,0
phase1 acc_mag=9.738 gravity=9.710 motion=0.029 moving_avg=0.040 rms=0.047 mean_rms=0.047 max_rms=0.050 min_rms=0.046 std=0.002 var=0.000 state=standing thr=0.080/0.350/0.850
11.50,-5.69,175.94,-0.0350,0.0988,0.0528,0.9931,1.97,1.01,9.46,0.12,0.56,-1.69,9.72,0,1.70,0.0385,0.0224,17,0.782,0.000,0.00,0.00,13.819,0
11.50,-5.69,176.00,-0.0345,0.0988,0.0527,0.9931,1.91,0.97,9.46,-0.38,0.38,-1.25,9.70,0,1.70,0.0385,0.0223,17,0.782,0.000,0.00,0.00,13.819,0
11.44,-5.69,176.06,-0.0340,0.0983,0.0528,0.9932,1.97,1.04,9.53,-0.38,0.19,0.19,9.79,0,1.70,0.0383,0.0223,17,0.782,0.000,0.00,0.00,13.819,0
phase1 acc_mag=9.655 gravity=9.710 motion=0.056 moving_avg=0.042 rms=0.050 mean_rms=0.048 max_rms=0.050 min_rms=0.046 std=0.002 var=0.000 state=standing thr=0.080/0.350/0.850
11.44,-5.69,176.06,-0.0339,0.0985,0.0525,0.9932,1.91,0.80,9.43,-0.88,0.00,-0.50,9.65,0,1.70,0.0384,0.0222,17,0.782,0.000,0.00,0.00,13.819,0
11.44,-5.69,176.06,-0.0340,0.0982,0.0526,0.9932,2.02,0.96,9.46,-0.31,-1.00,1.62,9.72,0,1.70,0.0383,0.0222,17,0.782,0.000,0.00,0.00,13.819,0
11.38,-5.69,176.00,-0.0345,0.0978,0.0524,0.9932,1.95,0.88,9.49,-1.06,0.62,1.75,9.73,0,1.70,0.0381,0.0222,17,0.782,0.000,0.00,0.00,13.819,0
11.38,-5.69,175.94,-0.0352,0.0975,0.0524,0.9932,2.09,0.88,9.54,-0.31,-1.75,5.12,9.81,0,1.70,0.0380,0.0222,17,0.782,0.000,0.00,0.00,13.819,0
phase1 acc_mag=9.647 gravity=9.712 motion=0.065 moving_avg=0.040 rms=0.048 mean_rms=0.048 max_rms=0.050 min_rms=0.046 std=0.002 var=0.000 state=standing thr=0.080/0.350/0.850
11.31,-5.69,175.88,-0.0357,0.0969,0.0524,0.9933,2.11,1.02,9.43,0.94,-0.31,4.00,9.72,0,1.70,0.0378,0.0222,17,0.782,0.000,0.00,0.00,13.819,0
11.25,-5.62,175.81,-0.0359,0.0967,0.0524,0.9933,2.13,0.77,9.48,-1.88,-1.88,3.38,9.75,0,1.70,0.0377,0.0222,17,0.782,0.000,0.00,0.00,13.819,0
11.25,-5.62,175.81,-0.0361,0.0964,0.0523,0.9933,1.75,0.92,9.48,0.06,1.06,-0.50,9.68,0,1.70,0.0375,0.0222,17,0.782,0.000,0.00,0.00,13.819,0
11.19,-5.69,175.81,-0.0361,0.0959,0.0524,0.9933,1.80,1.09,9.49,0.88,0.44,0.12,9.72,0,1.70,0.0374,0.0222,17,0.782,0.000,0.00,0.00,13.819,0
phase1 acc_mag=9.732 gravity=9.715 motion=0.017 moving_avg=0.037 rms=0.045 mean_rms=0.048 max_rms=0.050 min_rms=0.045 std=0.002 var=0.000 state=standing thr=0.080/0.350/0.850
11.19,-5.69,175.81,-0.0363,0.0958,0.0525,0.9933,1.90,0.85,9.61,-1.69,1.19,-0.94,9.83,0,1.70,0.0373,0.0222,17,0.782,0.000,0.00,0.00,13.819,0
11.12,-5.62,175.81,-0.0360,0.0956,0.0522,0.9934,1.58,1.12,9.36,1.50,2.00,-3.50,9.56,0,1.70,0.0373,0.0221,17,0.782,0.000,0.00,0.00,13.819,0
11.19,-5.62,175.81,-0.0363,0.0958,0.0520,0.9934,1.76,1.11,9.50,-0.69,0.38,-1.12,9.73,0,1.70,0.0373,0.0221,17,0.782,0.000,0.00,0.00,13.819,0
11.25,-5.56,175.75,-0.0364,0.0964,0.0516,0.9933,1.94,0.86,9.49,-1.12,1.25,-1.56,9.72,0,1.70,0.0376,0.0219,17,0.782,0.000,0.00,0.00,13.819,0
phase1 acc_mag=9.677 gravity=9.714 motion=0.036 moving_avg=0.041 rms=0.052 mean_rms=0.048 max_rms=0.052 min_rms=0.045 std=0.002 var=0.000 state=standing thr=0.080/0.350/0.850
11.25,-5.50,175.81,-0.0358,0.0966,0.0513,0.9933,1.96,0.92,9.37,0.19,-1.19,-0.44,9.62,0,1.70,0.0376,0.0218,17,0.782,0.000,0.00,0.00,13.819,0
11.19,-5.56,175.88,-0.0354,0.0963,0.0513,0.9934,1.85,1.01,9.52,0.31,-1.38,0.75,9.75,0,1.70,0.0375,0.0217,17,0.782,0.000,0.00,0.00,13.819,0
11.25,-5.50,175.88,-0.0353,0.0966,0.0513,0.9933,1.86,0.85,9.50,0.31,1.25,-1.81,9.72,0,1.70,0.0377,0.0217,17,0.782,0.000,0.00,0.00,13.819,0
11.25,-5.56,175.88,-0.0356,0.0969,0.0515,0.9933,1.90,0.96,9.48,1.06,-0.75,0.56,9.72,0,1.70,0.0378,0.0218,17,0.782,0.000,0.00,0.00,13.819,0
phase1 acc_mag=9.794 gravity=9.716 motion=0.078 moving_avg=0.039 rms=0.050 mean_rms=0.049 max_rms=0.053 min_rms=0.045 std=0.003 var=0.000 state=standing thr=0.080/0.350/0.850
11.31,-5.56,175.75,-0.0364,0.0969,0.0516,0.9933,1.86,1.01,9.52,-0.12,0.69,0.38,9.75,0,1.70,0.0378,0.0219,17,0.782,0.000,0.00,0.00,13.819,0
11.38,-5.56,175.69,-0.0373,0.0977,0.0519,0.9932,2.03,0.85,9.44,2.50,0.12,0.19,9.69,0,1.70,0.0380,0.0221,17,0.782,0.000,0.00,0.00,13.819,0
11.31,-5.62,175.69,-0.0371,0.0969,0.0521,0.9932,2.05,1.03,9.31,-0.75,2.75,-0.81,9.59,0,1.70,0.0377,0.0221,17,0.782,0.000,0.00,0.00,13.819,0
11.25,-5.56,175.69,-0.0372,0.0966,0.0518,0.9933,1.82,0.73,9.54,-2.50,0.31,-1.00,9.74,0,1.70,0.0376,0.0220,17,0.782,0.000,0.00,0.00,13.819,0
phase1 acc_mag=9.669 gravity=9.716 motion=0.047 moving_avg=0.041 rms=0.054 mean_rms=0.050 max_rms=0.054 min_rms=0.045 std=0.003 var=0.000 state=standing thr=0.080/0.350/0.850
11.31,-5.56,175.62,-0.0378,0.0969,0.0518,0.9932,1.96,0.99,9.41,0.62,0.88,0.38,9.66,0,1.70,0.0377,0.0221,17,0.782,0.000,0.00,0.00,13.819,0
11.31,-5.50,175.62,-0.0380,0.0972,0.0513,0.9932,1.92,0.87,9.41,-1.56,-2.19,1.69,9.64,0,1.70,0.0378,0.0218,17,0.782,0.000,0.00,0.00,13.819,0
11.31,-5.44,175.56,-0.0383,0.0970,0.0510,0.9932,1.93,0.91,9.50,-0.94,-1.81,3.00,9.74,0,1.70,0.0378,0.0218,17,0.782,0.000,0.00,0.00,13.819,0
11.38,-5.44,175.50,-0.0390,0.0974,0.0507,0.9932,1.99,0.96,9.44,0.31,-0.12,2.31,9.70,0,1.70,0.0379,0.0216,17,0.782,0.000,0.00,0.00,13.819,0
phase1 acc_mag=9.721 gravity=9.710 motion=0.011 moving_avg=0.043 rms=0.055 mean_rms=0.051 max_rms=0.056 min_rms=0.045 std=0.003 var=0.000 state=standing thr=0.080/0.350/0.850
11.31,-5.38,175.38,-0.0396,0.0973,0.0506,0.9932,2.04,0.98,9.44,-0.06,1.00,0.38,9.71,0,1.70,0.0378,0.0216,17,0.782,0.000,0.00,0.00,13.819,0
11.25,-5.38,175.44,-0.0396,0.0966,0.0505,0.9932,1.89,0.92,9.49,0.19,-0.88,1.12,9.72,0,1.70,0.0376,0.0216,17,0.782,0.000,0.00,0.00,13.819,0
11.31,-5.38,175.38,-0.0400,0.0969,0.0506,0.9932,1.90,0.96,9.48,0.06,0.69,-0.38,9.72,0,1.70,0.0377,0.0217,17,0.782,0.000,0.00,0.00,13.819,0
11.25,-5.44,175.38,-0.0400,0.0966,0.0511,0.9932,1.92,1.04,9.44,1.44,1.12,-0.81,9.69,0,1.70,0.0375,0.0218,17,0.782,0.000,0.00,0.00,13.819,0
phase1 acc_mag=9.743 gravity=9.708 motion=0.034 moving_avg=0.038 rms=0.050 mean_rms=0.053 max_rms=0.056 min_rms=0.049 std=0.003 var=0.000 state=standing thr=0.080/0.350/0.850
11.25,-5.50,175.31,-0.0405,0.0963,0.0513,0.9932,2.00,1.01,9.44,1.44,1.31,0.31,9.70,0,1.70,0.0374,0.0220,17,0.782,0.000,0.00,0.00,13.819,0
11.19,-5.50,175.25,-0.0412,0.0958,0.0515,0.9932,1.80,0.82,9.54,-0.88,-0.12,0.31,9.74,0,1.70,0.0372,0.0220,17,0.782,0.000,0.00,0.00,13.819,0
11.19,-5.50,175.19,-0.0414,0.0959,0.0516,0.9932,1.80,0.98,9.43,0.88,0.75,-1.00,9.65,0,1.70,0.0373,0.0221,17,0.782,0.000,0.00,0.00,13.819,0
11.19,-5.56,175.19,-0.0413,0.0956,0.0519,0.9932,1.94,0.95,9.56,-0.94,0.94,0.00,9.80,0,1.70,0.0371,0.0222,17,0.782,0.000,0.00,0.00,13.819,0
phase1 acc_mag=9.739 gravity=9.712 motion=0.027 moving_avg=0.036 rms=0.047 mean_rms=0.052 max_rms=0.056 min_rms=0.046 std=0.004 var=0.000 state=standing thr=0.080/0.350/0.850
11.12,-5.56,175.25,-0.0411,0.0954,0.0519,0.9932,1.79,0.94,9.37,1.19,1.00,-1.69,9.59,0,1.70,0.0370,0.0222,17,0.782,0.000,0.00,0.00,13.819,0
11.19,-5.56,175.19,-0.0417,0.0959,0.0520,0.9932,2.13,0.89,9.50,-0.75,-3.06,3.75,9.78,0,1.70,0.0372,0.0223,17,0.782,0.000,0.00,0.00,13.819,0
11.25,-5.50,175.12,-0.0419,0.0961,0.0518,0.9932,2.04,0.98,9.51,-0.62,-0.81,1.88,9.78,0,1.70,0.0373,0.0222,17,0.782,0.000,0.00,0.00,13.819,0
11.12,-5.50,175.19,-0.0417,0.0952,0.0518,0.9932,1.81,0.94,9.51,-0.81,1.00,-1.19,9.73,0,1.70,0.0370,0.0222,17,0.782,0.000,0.00,0.00,13.819,0
phase1 acc_mag=9.723 gravity=9.711 motion=0.012 moving_avg=0.036 rms=0.048 mean_rms=0.051 max_rms=0.056 min_rms=0.046 std=0.004 var=0.000 state=standing thr=0.080/0.350/0.850
11.12,-5.50,175.12,-0.0422,0.0955,0.0514,0.9932,1.84,0.94,9.42,0.31,0.19,0.31,9.64,0,1.70,0.0371,0.0220,17,0.782,0.000,0.00,0.00,13.819,0
11.12,-5.50,175.06,-0.0426,0.0952,0.0516,0.9932,1.93,0.84,9.54,-0.50,-0.81,1.44,9.77,0,1.70,0.0369,0.0221,17,0.782,0.000,0.00,0.00,13.819,0
11.12,-5.50,174.94,-0.0438,0.0950,0.0517,0.9932,1.61,1.02,9.55,0.50,0.56,-0.25,9.74,0,1.70,0.0368,0.0222,17,0.782,0.000,0.00,0.00,13.819,0
11.12,-5.50,174.88,-0.0443,0.0950,0.0521,0.9931,1.89,0.94,9.38,2.19,3.06,-1.94,9.61,0,1.70,0.0368,0.0224,17,0.782,0.000,0.00,0.00,13.819,0
phase1 acc_mag=9.699 gravity=9.710 motion=0.011 moving_avg=0.037 rms=0.048 mean_rms=0.050 max_rms=0.056 min_rms=0.043 std=0.004 var=0.000 state=standing thr=0.080/0.350/0.850
11.00,-5.56,174.88,-0.0441,0.0941,0.0525,0.9932,1.91,1.13,9.58,-0.19,1.50,-0.62,9.83,0,1.70,0.0364,0.0225,17,0.782,0.000,0.00,0.00,13.819,0
10.94,-5.62,174.88,-0.0444,0.0934,0.0528,0.9932,1.82,0.98,9.41,1.06,2.25,-0.44,9.63,0,1.70,0.0362,0.0226,17,0.782,0.000,0.00,0.00,13.819,0
10.94,-5.62,174.81,-0.0448,0.0935,0.0529,0.9932,1.91,0.93,9.53,-0.06,-0.88,-0.12,9.76,0,1.70,0.0362,0.0227,17,0.782,0.000,0.00,0.00,13.819,0
phase1 acc_mag=9.764 gravity=9.718 motion=0.047 moving_avg=0.044 rms=0.055 mean_rms=0.049 max_rms=0.055 min_rms=0.043 std=0.003 var=0.000 state=standing thr=0.080/0.350/0.850
11.00,-5.62,174.81,-0.0447,0.0941,0.0530,0.9932,1.99,0.97,9.51,0.12,-2.56,2.00,9.76,0,1.70,0.0364,0.0227,17,0.782,0.000,0.00,0.00,13.819,0
11.12,-5.62,174.81,-0.0449,0.0951,0.0530,0.9930,1.92,0.96,9.49,-0.31,-0.56,0.69,9.73,0,1.70,0.0368,0.0228,17,0.782,0.000,0.00,0.00,13.819,0
11.12,-5.69,174.81,-0.0450,0.0952,0.0535,0.9930,1.98,1.02,9.46,0.81,-0.44,1.88,9.72,0,1.70,0.0368,0.0230,17,0.782,0.000,0.00,0.00,13.819,0
11.12,-5.75,174.81,-0.0448,0.0952,0.0537,0.9930,1.97,0.85,9.55,-1.06,-1.00,0.19,9.79,0,1.70,0.0369,0.0230,17,0.782,0.000,0.00,0.00,13.819,0
phase1 acc_mag=9.715 gravity=9.713 motion=0.002 moving_avg=0.047 rms=0.057 mean_rms=0.050 max_rms=0.058 min_rms=0.043 std=0.004 var=0.000 state=standing thr=0.080/0.350/0.850
11.12,-5.75,174.81,-0.0445,0.0952,0.0539,0.9930,1.84,1.06,9.51,0.25,1.44,-2.44,9.74,0,1.70,0.0369,0.0231,17,0.782,0.000,0.00,0.00,13.819,0
11.19,-5.75,174.81,-0.0447,0.0955,0.0540,0.9930,1.91,0.96,9.45,-0.12,-0.56,0.62,9.69,0,1.70,0.0370,0.0231,17,0.782,0.000,0.00,0.00,13.819,0
11.25,-5.75,174.75,-0.0451,0.0960,0.0540,0.9929,2.08,1.12,9.41,1.25,-1.38,2.19,9.70,0,1.70,0.0372,0.0232,17,0.782,0.000,0.00,0.00,13.819,0
11.25,-5.75,174.69,-0.0455,0.0959,0.0544,0.9929,1.99,0.99,9.43,0.38,1.19,1.88,9.69,0,1.70,0.0371,0.0233,17,0.782,0.000,0.00,0.00,13.819,0
phase1 acc_mag=9.727 gravity=9.714 motion=0.013 moving_avg=0.043 rms=0.053 mean_rms=0.052 max_rms=0.058 min_rms=0.043 std=0.004 var=0.000 state=standing thr=0.080/0.350/0.850
11.25,-5.75,174.62,-0.0463,0.0958,0.0544,0.9929,1.86,1.00,9.51,0.00,-0.12,0.00,9.74,0,1.70,0.0370,0.0234,17,0.782,0.000,0.00,0.00,13.819,0
11.19,-5.81,174.62,-0.0461,0.0956,0.0549,0.9928,1.92,1.23,9.50,1.69,-0.56,0.81,9.77,0,1.70,0.0370,0.0236,17,0.782,0.000,0.00,0.00,13.819,0
11.31,-5.81,174.62,-0.0464,0.0964,0.0550,0.9927,1.91,0.92,9.41,-0.56,-1.25,0.06,9.65,0,1.70,0.0373,0.0236,17,0.782,0.000,0.00,0.00,13.819,0
11.44,-5.81,174.56,-0.0466,0.0972,0.0551,0.9926,1.90,0.98,9.50,0.12,0.69,-2.62,9.74,0,1.70,0.0376,0.0237,17,0.782,0.000,0.00,0.00,13.819,0
phase1 acc_mag=9.684 gravity=9.713 motion=0.029 moving_avg=0.048 rms=0.059 mean_rms=0.054 max_rms=0.059 min_rms=0.043 std=0.005 var=0.000 state=standing thr=0.080/0.350/0.850
11.38,-5.88,174.62,-0.0461,0.0972,0.0555,0.9926,1.94,1.06,9.40,0.62,0.38,-1.12,9.66,0,1.70,0.0376,0.0238,17,0.782,0.000,0.00,0.00,13.819,0
11.38,-5.94,174.62,-0.0462,0.0969,0.0561,0.9926,1.88,1.14,9.49,-0.19,-0.25,1.56,9.74,0,1.70,0.0374,0.0241,17,0.782,0.000,0.00,0.00,13.819,0
11.31,-5.94,174.56,-0.0469,0.0966,0.0558,0.9927,1.94,0.97,9.41,0.06,-0.56,2.31,9.66,0,1.70,0.0373,0.0240,17,0.782,0.000,0.00,0.00,13.819,0
11.31,-5.94,174.50,-0.0475,0.0963,0.0558,0.9927,1.92,0.89,9.51,-1.00,-0.44,1.88,9.74,0,1.70,0.0372,0.0240,17,0.782,0.000,0.00,0.00,13.819,0
phase1 acc_mag=9.750 gravity=9.710 motion=0.041 moving_avg=0.041 rms=0.051 mean_rms=0.056 max_rms=0.060 min_rms=0.051 std=0.003 var=0.000 state=standing thr=0.080/0.350/0.850
11.25,-5.94,174.44,-0.0480,0.0961,0.0560,0.9926,1.87,1.05,9.43,1.12,1.12,-0.50,9.67,0,1.70,0.0371,0.0241,17,0.782,0.000,0.00,0.00,13.819,0
11.25,-6.00,174.44,-0.0479,0.0958,0.0564,0.9927,1.99,0.98,9.50,-0.38,1.19,-0.50,9.76,0,1.70,0.0370,0.0242,17,0.782,0.000,0.00,0.00,13.819,0
11.25,-6.00,174.44,-0.0480,0.0960,0.0567,0.9926,1.82,1.10,9.50,0.12,0.50,-1.25,9.74,0,1.70,0.0370,0.0244,17,0.782,0.000,0.00,0.00,13.819,0
11.31,-6.00,174.44,-0.0479,0.0962,0.0568,0.9926,1.98,1.28,9.39,2.00,-0.12,1.25,9.68,0,1.70,0.0371,0.0244,17,0.782,0.000,0.00,0.00,13.819,0
phase1 acc_mag=9.780 gravity=9.713 motion=0.067 moving_avg=0.036 rms=0.045 mean_rms=0.054 max_rms=0.060 min_rms=0.044 std=0.004 var=0.000 state=standing thr=0.080/0.350/0.850
11.25,-6.00,174.44,-0.0480,0.0960,0.0563,0.9926,1.94,1.11,9.41,-1.19,-1.31,2.00,9.67,0,1.70,0.0370,0.0242,17,0.782,0.000,0.00,0.00,13.819,0
11.31,-5.94,174.38,-0.0485,0.0961,0.0560,0.9926,2.02,1.09,9.43,-0.06,-0.12,1.44,9.71,0,1.70,0.0371,0.0241,17,0.782,0.000,0.00,0.00,13.819,0
11.25,-5.88,174.31,-0.0490,0.0958,0.0557,0.9926,1.86,0.99,9.50,0.19,-1.12,1.88,9.73,0,1.70,0.0370,0.0240,17,0.782,0.000,0.00,0.00,13.819,0
11.31,-5.88,174.31,-0.0492,0.0961,0.0557,0.9926,1.97,1.01,9.47,0.31,-1.44,1.31,9.73,0,1.70,0.0370,0.0240,17,0.782,0.000,0.00,0.00,13.819,0
phase1 acc_mag=9.680 gravity=9.710 motion=0.029 moving_avg=0.036 rms=0.045 mean_rms=0.052 max_rms=0.060 min_rms=0.044 std=0.006 var=0.000 state=standing thr=0.080/0.350/0.850
11.25,-5.88,174.31,-0.0491,0.0956,0.0557,0.9927,1.87,1.05,9.47,-0.44,2.25,-1.75,9.71,0,1.70,0.0369,0.0240,17,0.782,0.000,0.00,0.00,13.819,0
11.25,-5.88,174.31,-0.0488,0.0956,0.0558,0.9927,1.82,0.88,9.41,-0.12,-0.75,-0.06,9.62,0,1.70,0.0369,0.0240,17,0.782,0.000,0.00,0.00,13.819,0
11.12,-5.94,174.38,-0.0483,0.0948,0.0562,0.9927,1.87,1.01,9.61,-0.81,0.31,0.00,9.84,0,1.70,0.0366,0.0242,17,0.782,0.000,0.00,0.00,13.819,0
11.12,-6.00,174.44,-0.0480,0.0947,0.0565,0.9927,1.96,0.90,9.50,-0.31,2.00,-1.12,9.74,0,1.70,0.0365,0.0242,17,0.782,0.000,0.00,0.00,13.819,0
phase1 acc_mag=9.741 gravity=9.713 motion=0.028 moving_avg=0.039 rms=0.049 mean_rms=0.050 max_rms=0.060 min_rms=0.044 std=0.006 var=0.000 state=standing thr=0.080/0.350/0.850
11.12,-6.00,174.56,-0.0471,0.0947,0.0565,0.9928,1.77,0.99,9.44,-1.31,2.75,-6.00,9.66,0,1.70,0.0365,0.0242,17,0.782,0.000,0.00,0.00,13.819,0
11.19,-6.00,174.56,-0.0466,0.0949,0.0564,0.9928,1.89,1.06,9.43,-0.94,1.69,-4.31,9.68,0,1.70,0.0366,0.0242,17,0.782,0.000,0.00,0.00,13.819,0
11.19,-6.00,174.69,-0.0460,0.0953,0.0566,0.9928,2.00,1.08,9.53,0.75,-0.88,0.19,9.80,0,1.70,0.0368,0.0242,17,0.782,0.000,0.00,0.00,13.819,0
11.19,-6.06,174.69,-0.0457,0.0953,0.0568,0.9928,2.03,1.13,9.48,0.25,0.12,-0.88,9.76,0,1.70,0.0368,0.0243,17,0.782,0.000,0.00,0.00,13.819,0
phase1 acc_mag=9.655 gravity=9.712 motion=0.057 moving_avg=0.039 rms=0.047 mean_rms=0.048 max_rms=0.058 min_rms=0.044 std=0.003 var=0.000 state=standing thr=0.080/0.350/0.850
11.25,-6.06,174.69,-0.0457,0.0957,0.0569,0.9927,1.90,1.04,9.41,-0.69,0.44,-1.50,9.66,0,1.70,0.0370,0.0243,17,0.782,0.000,0.00,0.00,13.819,0
11.25,-6.12,174.75,-0.0454,0.0959,0.0572,0.9927,1.98,1.15,9.45,0.81,-1.06,0.38,9.72,0,1.70,0.0370,0.0245,17,0.782,0.000,0.00,0.00,13.819,0
11.25,-6.12,174.81,-0.0449,0.0961,0.0575,0.9927,1.81,1.10,9.47,0.00,-1.62,-0.31,9.70,0,1.70,0.0371,0.0246,17,0.782,0.000,0.00,0.00,13.819,0
11.38,-6.12,174.81,-0.0447,0.0969,0.0576,0.9926,1.91,1.11,9.48,0.69,0.81,-2.06,9.73,0,1.70,0.0375,0.0246,17,0.782,0.000,0.00,0.00,13.819,0
phase1 acc_mag=9.749 gravity=9.710 motion=0.038 moving_avg=0.038 rms=0.047 mean_rms=0.047 max_rms=0.051 min_rms=0.044 std=0.002 var=0.000 state=standing thr=0.080/0.350/0.850
11.38,-6.12,174.88,-0.0444,0.0973,0.0573,0.9926,2.02,1.00,9.48,-1.00,-1.31,-0.56,9.74,0,1.70,0.0376,0.0245,17,0.782,0.000,0.00,0.00,13.819,0
11.44,-6.12,174.88,-0.0441,0.0976,0.0570,0.9926,1.89,1.21,9.42,0.25,1.44,-3.00,9.68,0,1.70,0.0377,0.0244,17,0.782,0.000,0.00,0.00,13.819,0
11.38,-6.19,174.94,-0.0437,0.0973,0.0577,0.9926,2.09,1.20,9.53,2.38,-0.38,1.69,9.83,0,1.70,0.0376,0.0246,17,0.782,0.000,0.00,0.00,13.819,0
11.50,-6.31,174.94,-0.0441,0.0985,0.0589,0.9924,1.84,1.29,9.32,2.50,-2.69,6.19,9.59,0,1.70,0.0381,0.0251,17,0.782,0.000,0.00,0.00,13.819,0
phase1 acc_mag=9.634 gravity=9.709 motion=0.076 moving_avg=0.044 rms=0.054 mean_rms=0.047 max_rms=0.054 min_rms=0.045 std=0.002 var=0.000 state=standing thr=0.080/0.350/0.850
11.44,-6.62,174.38,-0.0485,0.0969,0.0618,0.9922,1.96,1.14,9.46,3.88,1.56,10.94,9.73,0,1.70,0.0373,0.0264,17,0.782,0.000,0.00,0.00,13.819,0
11.31,-6.56,173.69,-0.0551,0.0956,0.0620,0.9919,1.67,0.75,9.57,-0.75,3.44,8.81,9.74,0,1.70,0.0366,0.0267,17,0.782,0.000,0.00,0.00,13.819,0
10.88,-6.50,173.31,-0.0575,0.0920,0.0615,0.9922,1.76,0.91,9.77,-1.38,11.38,-2.12,9.97,0,1.70,0.0351,0.0265,17,0.782,0.000,0.00,0.00,13.819,0
10.69,-6.31,173.44,-0.0563,0.0904,0.0598,0.9925,2.09,0.88,9.55,-3.19,-0.69,-0.62,9.82,0,1.70,0.0345,0.0258,17,0.782,0.000,0.00,0.00,13.819,0
phase1 acc_mag=9.799 gravity=9.722 motion=0.077 moving_avg=0.068 rms=0.104 mean_rms=0.053 max_rms=0.104 min_rms=0.046 std=0.014 var=0.000 state=slow thr=0.082/0.350/0.850
10.75,-6.19,174.06,-0.0513,0.0910,0.0584,0.9928,1.94,1.06,9.24,-3.69,-3.12,-8.88,9.50,0,1.70,0.0349,0.0251,17,0.782,0.000,0.00,0.00,13.819,0
10.81,-6.25,174.69,-0.0460,0.0918,0.0583,0.9930,2.16,1.14,9.49,-0.31,-1.88,-6.56,9.80,0,1.70,0.0354,0.0248,17,0.782,0.000,0.00,0.00,13.819,0
11.00,-6.19,174.88,-0.0439,0.0936,0.0575,0.9930,1.91,1.36,9.50,-1.12,-2.50,1.06,9.79,0,1.70,0.0362,0.0245,17,0.782,0.000,0.00,0.00,13.819,0
phase1 acc_mag=9.534 gravity=9.719 motion=0.186 moving_avg=0.073 rms=0.110 mean_rms=0.066 max_rms=0.110 min_rms=0.046 std=0.026 var=0.001 state=standing thr=0.118/0.350/0.850
11.12,-6.00,174.81,-0.0446,0.0947,0.0560,0.9929,1.97,0.84,9.29,-3.12,-2.25,3.31,9.53,0,1.70,0.0366,0.0239,17,0.782,0.000,0.00,0.00,13.819,0
11.00,-6.00,174.62,-0.0466,0.0938,0.0561,0.9929,1.99,0.91,9.67,-2.38,1.00,4.69,9.91,0,1.70,0.0362,0.0240,17,0.782,0.000,0.00,0.00,13.819,0
11.12,-5.88,174.19,-0.0503,0.0948,0.0556,0.9927,1.71,0.96,9.40,-0.38,0.19,4.06,9.60,0,1.70,0.0365,0.0240,17,0.782,0.000,0.00,0.00,13.819,0
11.00,-5.88,174.12,-0.0505,0.0935,0.0558,0.9928,1.78,0.92,9.51,2.88,1.31,0.62,9.72,0,1.70,0.0360,0.0240,17,0.782,0.000,0.00,0.00,13.819,0
phase1 acc_mag=9.728 gravity=9.716 motion=0.011 moving_avg=0.081 rms=0.117 mean_rms=0.080 max_rms=0.118 min_rms=0.047 std=0.030 var=0.001 state=standing thr=0.140/0.350/0.850
10.88,-6.06,174.12,-0.0510,0.0924,0.0570,0.9928,1.76,1.29,9.52,0.88,1.62,0.50,9.77,0,1.70,0.0355,0.0245,17,0.782,0.000,0.00,0.00,13.819,0
11.00,-6.12,173.94,-0.0525,0.0931,0.0579,0.9926,1.86,1.04,9.31,1.88,-0.62,2.25,9.55,0,1.70,0.0357,0.0249,17,0.782,0.000,0.00,0.00,13.819,0
10.94,-6.19,173.94,-0.0524,0.0927,0.0586,0.9926,1.65,0.99,9.62,-1.06,-1.12,1.12,9.81,0,1.70,0.0356,0.0252,17,0.782,0.000,0.00,0.00,13.819,0
10.94,-6.31,173.81,-0.0535,0.0929,0.0595,0.9924,1.77,1.35,9.46,0.12,0.81,-1.38,9.72,0,1.70,0.0356,0.0256,17,0.782,0.000,0.00,0.00,13.819,0
phase1 acc_mag=9.771 gravity=9.718 motion=0.053 moving_avg=0.086 rms=0.120 mean_rms=0.094 max_rms=0.120 min_rms=0.047 std=0.028 var=0.001 state=standing thr=0.150/0.350/0.850
11.00,-6.25,173.75,-0.0540,0.0933,0.0594,0.9924,1.86,0.81,9.66,-0.88,-2.81,2.25,9.87,0,1.70,0.0358,0.0256,17,0.782,0.000,0.00,0.00,13.819,0
11.19,-6.12,173.69,-0.0548,0.0952,0.0580,0.9922,1.71,1.05,9.42,-3.69,-3.38,3.81,9.63,0,1.70,0.0365,0.0251,17,0.782,0.000,0.00,0.00,13.819,0
11.25,-6.00,173.62,-0.0549,0.0955,0.0571,0.9922,1.80,1.21,9.50,-0.19,0.81,-2.50,9.74,0,1.70,0.0366,0.0248,17,0.782,0.000,0.00,0.00,13.819,0
phase1 acc_mag=9.688 gravity=9.721 motion=0.033 moving_avg=0.092 rms=0.124 mean_rms=0.110 max_rms=0.125 min_rms=0.054 std=0.017 var=0.000 state=standing thr=0.144/0.350/0.850
11.25,-5.88,173.75,-0.0536,0.0958,0.0558,0.9924,1.98,0.67,9.46,-2.31,-0.06,-1.25,9.69,0,1.70,0.0368,0.0242,17,0.782,0.000,0.00,0.00,13.819,0
11.19,-5.88,174.00,-0.0515,0.0951,0.0555,0.9926,1.93,0.68,9.50,-3.44,-0.31,-1.69,9.72,0,1.70,0.0366,0.0240,17,0.782,0.000,0.00,0.00,13.819,0
11.12,-5.88,174.06,-0.0513,0.0945,0.0560,0.9926,1.95,1.22,9.56,0.31,2.19,-0.06,9.83,0,1.70,0.0364,0.0242,17,0.782,0.000,0.00,0.00,13.819,0
11.12,-5.88,174.12,-0.0508,0.0944,0.0555,0.9927,1.86,0.85,9.40,-0.69,0.19,-1.56,9.62,0,1.70,0.0363,0.0239,17,0.782,0.000,0.00,0.00,13.819,0
phase1 acc_mag=9.761 gravity=9.712 motion=0.049 moving_avg=0.072 rms=0.089 mean_rms=0.115 max_rms=0.125 min_rms=0.089 std=0.009 var=0.000 state=standing thr=0.133/0.350/0.850
11.06,-5.88,174.25,-0.0495,0.0940,0.0557,0.9928,1.83,1.01,9.45,0.25,0.62,-3.81,9.68,0,1.70,0.0362,0.0240,17,0.782,0.000,0.00,0.00,13.819,0
11.06,-5.94,174.38,-0.0483,0.0944,0.0558,0.9928,1.82,1.07,9.49,-0.50,-1.94,-1.44,9.72,0,1.70,0.0364,0.0240,17,0.782,0.000,0.00,0.00,13.819,0
11.12,-5.94,174.50,-0.0475,0.0947,0.0560,0.9928,1.81,0.87,9.42,-0.25,2.19,-3.19,9.63,0,1.70,0.0365,0.0241,17,0.782,0.000,0.00,0.00,13.819,0
11.12,-6.00,174.50,-0.0477,0.0951,0.0564,0.9927,2.05,1.03,9.34,0.94,-0.81,0.94,9.62,0,1.70,0.0367,0.0242,17,0.782,0.000,0.00,0.00,13.819,0
phase1 acc_mag=9.628 gravity=9.711 motion=0.083 moving_avg=0.065 rms=0.082 mean_rms=0.110 max_rms=0.125 min_rms=0.082 std=0.015 var=0.000 state=standing thr=0.140/0.350/0.850
11.12,-6.06,174.44,-0.0478,0.0945,0.0568,0.9927,1.89,1.26,9.48,2.19,0.94,1.38,9.75,0,1.70,0.0364,0.0244,17,0.782,0.000,0.00,0.00,13.819,0
11.12,-6.00,174.31,-0.0491,0.0945,0.0569,0.9927,1.96,0.87,9.47,2.50,1.81,-0.69,9.71,0,1.70,0.0364,0.0244,17,0.782,0.000,0.00,0.00,13.819,0
11.06,-6.06,174.19,-0.0504,0.0943,0.0572,0.9926,2.07,0.97,9.50,1.00,-0.44,3.94,9.77,0,1.70,0.0363,0.0246,17,0.782,0.000,0.00,0.00,13.819,0
11.06,-6.06,174.06,-0.0515,0.0942,0.0571,0.9926,1.81,1.04,9.48,-2.81,-0.81,2.75,9.71,0,1.70,0.0362,0.0246,17,0.782,0.000,0.00,0.00,13.819,0
phase1 acc_mag=9.681 gravity=9.716 motion=0.034 moving_avg=0.056 rms=0.072 mean_rms=0.101 max_rms=0.125 min_rms=0.072 std=0.020 var=0.000 state=standing thr=0.142/0.350/0.850
11.06,-6.00,174.00,-0.0519,0.0941,0.0569,0.9926,1.82,1.27,9.43,1.50,0.31,1.44,9.69,0,1.70,0.0362,0.0245,17,0.782,0.000,0.00,0.00,13.819,0
10.94,-6.00,174.06,-0.0513,0.0931,0.0567,0.9927,1.92,1.03,9.52,-0.88,-0.88,1.06,9.77,0,1.70,0.0358,0.0244,17,0.782,0.000,0.00,0.00,13.819,0
11.00,-6.00,174.06,-0.0512,0.0933,0.0566,0.9927,1.65,0.94,9.45,-1.06,1.81,-2.50,9.64,0,1.70,0.0359,0.0244,17,0.782,0.000,0.00,0.00,13.819,0
phase1 acc_mag=9.812 gravity=9.712 motion=0.100 moving_avg=0.051 rms=0.064 mean_rms=0.090 max_rms=0.125 min_rms=0.064 std=0.021 var=0.000 state=standing thr=0.132/0.350/0.850
10.88,-5.94,174.25,-0.0497,0.0927,0.0560,0.9929,1.55,0.87,9.65,-3.25,1.12,-5.44,9.81,0,1.70,0.0357,0.0241,17,0.782,0.000,0.00,0.00,13.819,0
10.94,-5.88,174.38,-0.0485,0.0931,0.0555,0.9929,1.86,0.90,9.43,-0.94,0.50,-1.06,9.65,0,1.70,0.0359,0.0239,17,0.782,0.000,0.00,0.00,13.819,0
10.88,-5.88,174.44,-0.0477,0.0928,0.0551,0.9930,1.94,0.94,9.45,-1.12,-0.56,-0.75,9.69,0,1.70,0.0358,0.0237,17,0.782,0.000,0.00,0.00,13.819,0
10.88,-5.81,174.50,-0.0474,0.0927,0.0549,0.9930,1.98,1.05,9.52,-0.25,1.06,-0.69,9.78,0,1.70,0.0358,0.0236,17,0.782,0.000,0.00,0.00,13.819,0
phase1 acc_mag=9.652 gravity=9.715 motion=0.063 moving_avg=0.047 rms=0.058 mean_rms=0.078 max_rms=0.123 min_rms=0.058 std=0.015 var=0.000 state=standing thr=0.108/0.350/0.850
10.81,-5.81,174.56,-0.0468,0.0922,0.0544,0.9932,1.85,0.92,9.46,-1.25,-0.38,-0.31,9.68,0,1.70,0.0356,0.0234,17,0.782,0.000,0.00,0.00,13.819,0
10.88,-5.75,174.56,-0.0471,0.0927,0.0542,0.9931,1.90,1.07,9.48,0.19,-1.69,1.44,9.73,0,1.70,0.0358,0.0233,17,0.782,0.000,0.00,0.00,13.819,0
10.88,-5.75,174.56,-0.0468,0.0925,0.0543,0.9931,1.71,1.06,9.47,-0.25,-0.31,-1.19,9.68,0,1.70,0.0357,0.0233,17,0.782,0.000,0.00,0.00,13.819,0
10.94,-5.75,174.50,-0.0472,0.0933,0.0544,0.9930,2.04,1.06,9.42,2.00,-1.38,2.06,9.70,0,1.70,0.0360,0.0234,17,0.782,0.000,0.00,0.00,13.819,0
phase1 acc_mag=9.638 gravity=9.717 motion=0.079 moving_avg=0.043 rms=0.052 mean_rms=0.068 max_rms=0.087 min_rms=0.051 std=0.011 var=0.000 state=standing thr=0.090/0.350/0.850
10.94,-5.75,174.56,-0.0471,0.0935,0.0542,0.9930,1.95,0.79,9.54,-2.12,-1.56,1.12,9.77,0,1.70,0.0361,0.0233,17,0.782,0.000,0.00,0.00,13.819,0
10.94,-5.75,174.56,-0.0469,0.0936,0.0540,0.9930,1.84,0.91,9.48,-0.44,-0.88,0.38,9.70,0,1.70,0.0362,0.0232,17,0.782,0.000,0.00,0.00,13.819,0
11.00,-5.69,174.56,-0.0469,0.0936,0.0539,0.9930,1.84,0.94,9.44,-0.25,0.06,0.19,9.66,0,1.70,0.0362,0.0232,17,0.782,0.000,0.00,0.00,13.819,0
phase1 acc_mag=9.788 gravity=9.719 motion=0.069 moving_avg=0.039 rms=0.046 mean_rms=0.061 max_rms=0.077 min_rms=0.046 std=0.009 var=0.000 state=standing thr=0.080/0.350/0.850
10.88,-5.75,174.62,-0.0463,0.0928,0.0540,0.9932,1.81,0.97,9.57,0.38,1.62,-1.06,9.79,0,1.70,0.0359,0.0232,17,0.782,0.000,0.00,0.00,13.819,0
10.81,-5.75,174.69,-0.0457,0.0922,0.0541,0.9932,1.69,1.06,9.60,-0.62,1.69,-3.25,9.81,0,1.70,0.0357,0.0232,17,0.782,0.000,0.00,0.00,13.819,0
10.88,-5.69,174.69,-0.0455,0.0926,0.0537,0.9932,1.98,0.99,9.38,1.88,-1.00,-0.19,9.64,0,1.70,0.0358,0.0230,17,0.782,0.000,0.00,0.00,13.819,0
10.81,-5.75,174.81,-0.0444,0.0926,0.0538,0.9933,1.93,0.83,9.51,-1.94,-0.75,-2.06,9.74,0,1.70,0.0358,0.0230,17,0.782,0.000,0.00,0.00,13.819,0
phase1 acc_mag=9.663 gravity=9.713 motion=0.050 moving_avg=0.044 rms=0.053 mean_rms=0.056 max_rms=0.071 min_rms=0.046 std=0.007 var=0.000 state=standing thr=0.080/0.350/0.850
10.88,-5.75,174.88,-0.0441,0.0930,0.0539,0.9932,2.06,0.99,9.44,1.62,-2.44,3.50,9.71,0,1.70,0.0360,0.0231,17,0.782,0.000,0.00,0.00,13.819,0
11.00,-5.75,174.81,-0.0446,0.0939,0.0540,0.9931,2.19,1.05,9.38,0.31,-0.50,-0.25,9.69,0,1.70,0.0364,0.0231,17,0.782,0.000,0.00,0.00,13.819,0
11.00,-5.75,174.81,-0.0443,0.0941,0.0542,0.9931,1.77,0.93,9.49,-0.19,0.12,-3.00,9.70,0,1.70,0.0364,0.0232,17,0.782,0.000,0.00,0.00,13.819,0
11.06,-5.75,174.81,-0.0446,0.0946,0.0541,0.9930,1.98,0.86,9.52,-0.25,-0.31,0.62,9.76,0,1.70,0.0366,0.0232,17,0.782,0.000,0.00,0.00,13.819,0
phase1 acc_mag=9.700 gravity=9.715 motion=0.015 moving_avg=0.042 rms=0.051 mean_rms=0.053 max_rms=0.065 min_rms=0.046 std=0.005 var=0.000 state=standing thr=0.080/0.350/0.850
11.06,-5.81,174.81,-0.0446,0.0944,0.0546,0.9930,1.71,1.03,9.44,0.69,1.38,-2.75,9.65,0,1.70,0.0365,0.0234,17,0.782,0.000,0.00,0.00,13.819,0
11.06,-5.88,174.81,-0.0450,0.0943,0.0550,0.9930,1.85,0.87,9.55,-0.56,-0.88,0.56,9.77,0,1.70,0.0365,0.0235,17,0.782,0.000,0.00,0.00,13.819,0
11.06,-5.88,174.81,-0.0449,0.0942,0.0552,0.9930,1.98,0.97,9.52,0.50,-1.44,2.69,9.77,0,1.70,0.0364,0.0236,17,0.782,0.000,0.00,0.00,13.819,0
11.06,-5.88,174.75,-0.0453,0.0944,0.0551,0.9930,1.94,1.09,9.46,0.94,-0.75,1.62,9.72,0,1.70,0.0365,0.0236,17,0.782,0.000,0.00,0.00,13.819,0
phase1 acc_mag=9.716 gravity=9.719 motion=0.003 moving_avg=0.042 rms=0.051 mean_rms=0.051 max_rms=0.056 min_rms=0.046 std=0.002 var=0.000 state=standing thr=0.080/0.350/0.850
11.06,-5.81,174.75,-0.0452,0.0944,0.0545,0.9930,2.08,0.80,9.54,-2.56,-1.94,2.00,9.80,0,1.70,0.0365,0.0234,17,0.782,0.000,0.00,0.00,13.819,0
11.06,-5.81,174.88,-0.0444,0.0944,0.0544,0.9930,1.77,1.01,9.49,-1.69,0.19,-2.06,9.71,0,1.70,0.0365,0.0233,17,0.782,0.000,0.00,0.00,13.819,0
11.06,-5.75,174.88,-0.0446,0.0943,0.0542,0.9930,1.88,0.95,9.54,-0.25,0.19,1.88,9.77,0,1.70,0.0365,0.0232,17,0.782,0.000,0.00,0.00,13.819,0
11.19,-5.62,174.75,-0.0455,0.0955,0.0532,0.9930,2.10,0.85,9.52,-1.44,-1.62,1.56,9.79,0,1.70,0.0369,0.0229,17,0.782,0.000,0.00,0.00,13.819,0
phase1 acc_mag=9.652 gravity=9.722 motion=0.070 moving_avg=0.044 rms=0.054 mean_rms=0.051 max_rms=0.054 min_rms=0.046 std=0.002 var=0.000 state=standing thr=0.080/0.350/0.850
11.25,-5.62,174.75,-0.0455,0.0966,0.0529,0.9929,1.94,1.04,9.43,-0.12,-2.88,1.31,9.68,0,1.70,0.0374,0.0228,17,0.782,0.000,0.00,0.00,13.819,0
11.31,-5.56,174.75,-0.0452,0.0968,0.0527,0.9929,1.92,0.84,9.38,0.62,-0.31,-0.50,9.61,0,1.70,0.0375,0.0227,17,0.782,0.000,0.00,0.00,13.819,0
11.25,-5.62,174.81,-0.0449,0.0961,0.0529,0.9930,1.92,0.88,9.55,-1.75,-0.25,0.06,9.78,0,1.70,0.0372,0.0227,17,0.782,0.000,0.00,0.00,13.819,0
11.31,-5.56,174.69,-0.0457,0.0969,0.0524,0.9929,2.03,1.00,9.52,0.12,-0.44,2.00,9.79,0,1.70,0.0375,0.0226,17,0.782,0.000,0.00,0.00,13.819,0
phase1 acc_mag=9.742 gravity=9.723 motion=0.019 moving_avg=0.050 rms=0.061 mean_rms=0.053 max_rms=0.061 min_rms=0.050 std=0.003 var=0.000 state=standing thr=0.080/0.350/0.850
11.38,-5.56,174.81,-0.0450,0.0973,0.0523,0.9929,1.98,0.84,9.49,-0.56,0.62,-2.62,9.73,0,1.70,0.0377,0.0225,17,0.782,0.000,0.00,0.00,13.819,0
11.38,-5.56,174.88,-0.0443,0.0974,0.0526,0.9929,2.13,1.07,9.45,0.56,-2.12,1.75,9.75,0,1.70,0.0378,0.0226,17,0.782,0.000,0.00,0.00,13.819,0
11.44,-5.62,174.88,-0.0444,0.0978,0.0527,0.9928,2.12,0.98,9.41,1.44,0.19,0.81,9.70,0,1.70,0.0379,0.0227,17,0.782,0.000,0.00,0.00,13.819,0
11.44,-5.56,174.81,-0.0448,0.0980,0.0527,0.9928,1.81,0.99,9.43,-1.00,-0.62,-0.44,9.65,0,1.70,0.0380,0.0227,17,0.782,0.000,0.00,0.00,13.819,0
phase1 acc_mag=9.609 gravity=9.720 motion=0.111 moving_avg=0.049 rms=0.058 mean_rms=0.055 max_rms=0.061 min_rms=0.050 std=0.004 var=0.000 state=standing thr=0.080/0.350/0.850
11.44,-5.69,174.81,-0.0449,0.0979,0.0534,0.9927,1.78,1.19,9.54,2.12,0.81,-2.19,9.78,0,1.70,0.0379,0.0230,17,0.782,0.000,0.00,0.00,13.819,0

===== Disconnected =====
