===== Connected at 115200 baud =====
BNO055 NOT found! Expected 0xA0, got 0x00
BNO055 detected! Chip ID: 0xA0
BNO055 initialized successfully!
roll,pitch,yaw,qw,qx,qy,qz,accx,accy,accz,gyrox,gyroy,gyroz,svm,state,z_v,lever_offx,lever_offy,steps,stride_m,velocity_mps,cadence_spm,cadence_sps,distance_m,step_flag
phase1 acc_mag=9.632 gravity=9.632 motion=0.000 moving_avg=0.000 rms=0.000 mean_rms=0.000 max_rms=0.000 min_rms=0.000 std=0.000 var=0.000 state=standing thr=0.080/0.350/0.850
0.00,0.00,0.00,0.0000,0.0000,0.0000,0.0000,-0.56,-4.94,8.25,-2.00,-0.56,-4.56,9.63,0,1.70,0.0000,0.0000,0,0.000,0.000,0.00,0.00,0.000,0,1000
-1.75,32.19,0.50,0.9604,-0.2780,0.0172,-0.0048,-0.30,-5.12,8.16,-4.19,-3.00,-4.25,9.64,0,1.70,0.0071,0.1068,0,0.000,0.000,0.00,0.00,0.000,0,1000
-1.50,32.31,0.56,0.9603,-0.2786,0.0151,-0.0051,-0.23,-5.00,8.01,0.12,-3.31,0.81,9.45,0,1.70,0.0064,0.1070,0,0.000,0.000,0.00,0.00,0.000,0,1000
-1.31,32.25,0.19,0.9604,-0.2781,0.0128,-0.0018,-0.11,-5.01,8.03,0.94,-4.94,6.81,9.47,0,1.70,0.0051,0.1068,0,0.000,0.000,0.00,0.00,0.000,0,1000
phase1 acc_mag=9.610 gravity=9.573 motion=0.037 moving_avg=0.062 rms=0.071 mean_rms=0.059 max_rms=0.074 min_rms=0.000 std=0.018 var=0.000 state=standing thr=0.095/0.350/0.850
-1.50,32.06,359.94,0.9609,-0.2766,0.0135,0.0004,-0.43,-5.09,8.33,2.81,3.06,0.88,9.77,0,1.70,0.0051,0.1063,0,0.000,0.000,0.00,0.00,0.000,0,1000
-1.62,31.81,359.94,0.9615,-0.2742,0.0149,0.0005,-0.35,-5.28,8.27,3.56,-2.56,3.38,9.82,0,1.70,0.0057,0.1055,0,0.000,0.000,0.00,0.00,0.000,0,1000
-1.56,31.50,359.25,0.9623,-0.2717,0.0130,0.0059,-0.02,-4.94,8.20,4.94,-4.81,10.00,9.57,0,1.70,0.0044,0.1046,0,0.000,0.000,0.00,0.00,0.000,0,1000
-1.75,31.31,358.50,0.9627,-0.2700,0.0128,0.0125,-0.31,-4.83,8.25,1.31,-3.06,12.50,9.56,0,1.70,0.0036,0.1040,0,0.000,0.000,0.00,0.00,0.000,0,1000
phase1 acc_mag=9.496 gravity=9.623 motion=0.127 moving_avg=0.099 rms=0.126 mean_rms=0.092 max_rms=0.141 min_rms=0.000 std=0.037 var=0.001 state=standing thr=0.166/0.366/0.866
-2.12,31.19,357.56,0.9627,-0.2693,0.0140,0.0215,-0.49,-4.94,8.27,0.75,-2.50,18.19,9.65,0,1.70,0.0031,0.1038,0,0.000,0.000,0.00,0.00,0.000,0,1000
-2.62,31.06,356.19,0.9627,-0.2679,0.0151,0.0334,-0.54,-4.52,8.30,1.50,-4.62,19.56,9.47,0,1.70,0.0023,0.1034,0,0.000,0.000,0.00,0.00,0.000,0,1000
-3.06,31.00,354.44,0.9621,-0.2683,0.0151,0.0462,-0.32,-4.79,8.27,-5.19,-6.00,21.75,9.56,0,1.70,0.0008,0.1035,0,0.000,0.000,0.00,0.00,0.000,0,1000
-3.25,31.19,353.00,0.9610,-0.2700,0.0134,0.0586,-0.26,-4.81,8.28,-1.94,-6.88,17.81,9.58,0,1.70,-0.0012,0.1041,0,0.000,0.000,0.00,0.00,0.000,0,1000
phase1 acc_mag=9.547 gravity=9.599 motion=0.052 moving_avg=0.087 rms=0.115 mean_rms=0.101 max_rms=0.141 min_rms=0.000 std=0.033 var=0.001 state=standing thr=0.167/0.367/0.867
-3.38,31.06,351.94,0.9606,-0.2690,0.0121,0.0685,-0.26,-4.78,8.26,1.50,-1.44,11.88,9.55,0,1.70,-0.0027,0.1037,0,0.000,0.000,0.00,0.00,0.000,0,1000
-3.56,31.00,351.25,0.9604,-0.2686,0.0123,0.0731,-0.45,-4.84,8.25,-0.56,-0.88,5.62,9.58,0,1.70,-0.0031,0.1035,0,0.000,0.000,0.00,0.00,0.000,0,1000
-3.69,31.06,351.00,0.9600,-0.2697,0.0126,0.0752,-0.57,-4.97,8.27,-0.62,0.69,1.12,9.67,0,1.70,-0.0033,0.1039,0,0.000,0.000,0.00,0.00,0.000,0,1000
phase1 acc_mag=9.608 gravity=9.602 motion=0.006 moving_avg=0.077 rms=0.104 mean_rms=0.103 max_rms=0.141 min_rms=0.000 std=0.029 var=0.001 state=standing thr=0.160/0.360/0.860
-3.69,31.00,351.19,0.9603,-0.2689,0.0133,0.0738,-0.63,-4.85,8.27,1.50,2.31,-3.88,9.61,0,1.70,-0.0028,0.1037,0,0.000,0.000,0.00,0.00,0.000,0,1000
-3.62,30.94,351.69,0.9608,-0.2680,0.0140,0.0695,-0.63,-4.89,8.41,2.12,2.44,-6.31,9.75,0,1.70,-0.0021,0.1034,0,0.000,0.000,0.00,0.00,0.000,0,1000
-3.62,30.94,352.06,0.9610,-0.2682,0.0145,0.0662,-0.68,-5.15,8.44,-1.00,3.19,-4.50,9.91,0,1.70,-0.0015,0.1035,0,0.000,0.000,0.00,0.00,0.000,0,1000
-3.62,30.88,352.44,0.9614,-0.2676,0.0156,0.0626,-0.70,-4.90,8.49,2.25,2.38,-5.94,9.83,0,1.70,-0.0007,0.1033,0,0.000,0.000,0.00,0.00,0.000,0,1000
phase1 acc_mag=9.779 gravity=9.636 motion=0.143 moving_avg=0.093 rms=0.123 mean_rms=0.108 max_rms=0.141 min_rms=0.059 std=0.020 var=0.000 state=standing thr=0.149/0.350/0.850
-3.56,30.81,352.81,0.9617,-0.2672,0.0159,0.0599,-0.68,-4.91,8.35,-0.69,1.44,-3.75,9.71,0,1.70,-0.0003,0.1031,0,0.000,0.000,0.00,0.00,0.000,0,1000
-3.50,30.81,353.00,0.9617,-0.2672,0.0157,0.0585,-0.58,-4.94,8.35,0.25,0.31,-2.06,9.72,0,1.70,-0.0002,0.1032,0,0.000,0.000,0.00,0.00,0.000,0,1000
-3.50,30.88,353.12,0.9617,-0.2676,0.0165,0.0572,-0.69,-4.91,8.52,-1.75,3.06,-1.81,9.86,0,1.70,0.0002,0.1033,0,0.000,0.000,0.00,0.00,0.000,0,1000
-3.62,30.81,353.31,0.9619,-0.2669,0.0176,0.0562,-0.68,-4.97,8.44,0.75,1.00,-0.75,9.82,0,1.70,0.0008,0.1031,0,0.000,0.000,0.00,0.00,0.000,0,1000
phase1 acc_mag=9.807 gravity=9.666 motion=0.141 moving_avg=0.097 rms=0.123 mean_rms=0.119 max_rms=0.141 min_rms=0.101 std=0.010 var=0.000 state=standing thr=0.140/0.350/0.850
-3.69,30.81,353.19,0.9619,-0.2668,0.0178,0.0570,-0.67,-4.90,8.45,0.25,-0.75,2.44,9.79,0,1.70,0.0008,0.1031,0,0.000,0.000,0.00,0.00,0.000,0,1000
-3.75,30.81,352.81,0.9617,-0.2669,0.0174,0.0601,-0.60,-4.98,8.46,-2.50,-2.56,5.69,9.84,0,1.70,0.0003,0.1031,0,0.000,0.000,0.00,0.00,0.000,0,1000
-3.69,31.00,352.44,0.9609,-0.2689,0.0162,0.0632,-0.49,-4.96,8.38,-5.12,-2.50,2.75,9.75,0,1.70,-0.0006,0.1038,0,0.000,0.000,0.00,0.00,0.000,0,1000
-3.62,31.12,352.31,0.9606,-0.2698,0.0150,0.0645,-0.57,-4.98,8.54,0.25,-2.31,0.69,9.90,0,1.70,-0.0012,0.1040,0,0.000,0.000,0.00,0.00,0.000,0,1000
phase1 acc_mag=9.866 gravity=9.703 motion=0.163 moving_avg=0.106 rms=0.128 mean_rms=0.117 max_rms=0.130 min_rms=0.101 std=0.008 var=0.000 state=standing thr=0.134/0.350/0.850
-3.50,30.94,352.25,0.9611,-0.2682,0.0138,0.0646,-0.43,-4.90,8.37,5.62,-2.25,-1.06,9.71,0,1.70,-0.0016,0.1035,0,0.000,0.000,0.00,0.00,0.000,0,1000
-3.38,30.94,352.38,0.9612,-0.2682,0.0129,0.0637,-0.34,-5.05,8.48,-3.50,0.94,-3.12,9.88,0,1.70,-0.0019,0.1035,0,0.000,0.000,0.00,0.00,0.000,0,1000
-3.25,30.81,352.94,0.9619,-0.2668,0.0136,0.0590,-0.53,-5.01,8.35,6.88,5.56,-11.75,9.75,0,1.70,-0.0011,0.1030,0,0.000,0.000,0.00,0.00,0.000,0,1000
-3.25,30.69,353.81,0.9626,-0.2658,0.0157,0.0508,-0.75,-4.90,8.47,-0.31,3.94,-8.31,9.81,0,1.70,0.0007,0.1027,0,0.000,0.000,0.00,0.00,0.000,0,1000
phase1 acc_mag=9.831 gravity=9.754 motion=0.077 moving_avg=0.108 rms=0.131 mean_rms=0.119 max_rms=0.131 min_rms=0.101 std=0.010 var=0.000 state=standing thr=0.139/0.350/0.850
-3.19,30.69,354.38,0.9628,-0.2654,0.0161,0.0472,-0.51,-4.98,8.50,-0.44,0.69,-3.62,9.86,0,1.70,0.0012,0.1025,0,0.000,0.000,0.00,0.00,0.000,0,1000
-3.19,30.50,354.62,0.9633,-0.2642,0.0168,0.0449,-0.57,-4.75,8.41,1.12,2.38,-2.81,9.68,0,1.70,0.0017,0.1021,0,0.000,0.000,0.00,0.00,0.000,0,1000
-3.25,30.62,354.75,0.9631,-0.2650,0.0179,0.0437,-0.63,-4.82,8.45,-1.94,2.19,-1.12,9.75,0,1.70,0.0023,0.1024,0,0.000,0.000,0.00,0.00,0.000,0,1000
phase1 acc_mag=9.821 gravity=9.793 motion=0.028 moving_avg=0.110 rms=0.131 mean_rms=0.124 max_rms=0.132 min_rms=0.101 std=0.008 var=0.000 state=standing thr=0.141/0.350/0.850
-3.31,30.81,354.81,0.9627,-0.2665,0.0181,0.0436,-0.54,-5.01,8.43,-2.31,-0.69,0.44,9.82,0,1.70,0.0023,0.1029,0,0.000,0.000,0.00,0.00,0.000,0,1000
-3.31,30.88,354.75,0.9625,-0.2672,0.0181,0.0437,-0.63,-4.95,8.42,1.88,0.50,-0.06,9.79,0,1.70,0.0023,0.1032,0,0.000,0.000,0.00,0.00,0.000,0,1000
-3.31,30.81,354.75,0.9625,-0.2669,0.0182,0.0441,-0.58,-4.97,8.38,-1.44,-0.44,1.44,9.76,0,1.70,0.0023,0.1031,0,0.000,0.000,0.00,0.00,0.000,0,1000
-3.31,30.94,354.62,0.9623,-0.2675,0.0179,0.0451,-0.57,-5.08,8.39,-0.38,-0.69,1.31,9.82,0,1.70,0.0021,0.1033,0,0.000,0.000,0.00,0.00,0.000,0,1000
phase1 acc_mag=9.793 gravity=9.797 motion=0.004 moving_avg=0.086 rms=0.106 mean_rms=0.126 max_rms=0.132 min_rms=0.106 std=0.007 var=0.000 state=standing thr=0.139/0.350/0.850
-3.31,30.94,354.50,0.9622,-0.2677,0.0175,0.0458,-0.61,-5.08,8.43,-0.69,-0.50,0.94,9.86,0,1.70,0.0018,0.1034,0,0.000,0.000,0.00,0.00,0.000,0,1000
-3.31,30.94,354.50,0.9622,-0.2679,0.0175,0.0459,-0.62,-5.04,8.46,-1.50,-0.50,0.12,9.87,0,1.70,0.0018,0.1034,0,0.000,0.000,0.00,0.00,0.000,0,1000
-3.31,31.00,354.38,0.9621,-0.2682,0.0170,0.0470,-0.58,-4.99,8.43,-0.38,-0.88,1.31,9.81,0,1.70,0.0015,0.1035,0,0.000,0.000,0.00,0.00,0.000,0,1000
-3.31,31.00,354.38,0.9621,-0.2681,0.0170,0.0470,-0.61,-4.98,8.41,-0.88,0.56,-0.50,9.79,0,1.70,0.0015,0.1035,0,0.000,0.000,0.00,0.00,0.000,0,1000
phase1 acc_mag=9.748 gravity=9.799 motion=0.050 moving_avg=0.069 rms=0.091 mean_rms=0.120 max_rms=0.132 min_rms=0.091 std=0.013 var=0.000 state=standing thr=0.146/0.350/0.850
-3.31,31.00,354.31,0.9620,-0.2684,0.0169,0.0473,-0.60,-4.92,8.33,0.00,-0.81,1.25,9.69,0,1.70,0.0014,0.1036,0,0.000,0.000,0.00,0.00,0.000,0,1000
-3.25,31.12,354.25,0.9617,-0.2693,0.0164,0.0481,-0.52,-5.04,8.41,-1.19,-1.19,0.50,9.82,0,1.70,0.0011,0.1039,0,0.000,0.000,0.00,0.00,0.000,0,1000
-3.25,31.12,354.25,0.9617,-0.2693,0.0161,0.0480,-0.51,-4.98,8.42,0.56,0.06,-0.75,9.80,0,1.70,0.0010,0.1039,0,0.000,0.000,0.00,0.00,0.000,0,1000
-3.25,31.12,354.31,0.9617,-0.2693,0.0163,0.0475,-0.57,-5.06,8.40,0.88,0.81,-1.69,9.82,0,1.70,0.0012,0.1039,0,0.000,0.000,0.00,0.00,0.000,0,1000
phase1 acc_mag=9.776 gravity=9.794 motion=0.018 moving_avg=0.049 rms=0.067 mean_rms=0.111 max_rms=0.132 min_rms=0.067 std=0.021 var=0.000 state=standing thr=0.153/0.353/0.853
-3.19,31.12,354.38,0.9618,-0.2692,0.0162,0.0471,-0.60,-5.11,8.41,1.00,-0.56,0.12,9.86,0,1.70,0.0012,0.1039,0,0.000,0.000,0.00,0.00,0.000,0,1000
-3.12,31.00,354.38,0.9622,-0.2679,0.0158,0.0469,-0.40,-5.02,8.41,1.50,0.69,-1.31,9.80,0,1.70,0.0011,0.1034,0,0.000,0.000,0.00,0.00,0.000,0,1000
-3.19,31.00,354.50,0.9621,-0.2684,0.0161,0.0458,-0.57,-4.94,8.44,-0.44,0.75,-1.31,9.80,0,1.70,0.0013,0.1036,0,0.000,0.000,0.00,0.00,0.000,0,1000
phase1 acc_mag=9.848 gravity=9.796 motion=0.051 moving_avg=0.039 rms=0.049 mean_rms=0.096 max_rms=0.132 min_rms=0.049 std=0.028 var=0.001 state=standing thr=0.152/0.352/0.852
-3.19,31.12,354.50,0.9617,-0.2697,0.0161,0.0458,-0.64,-5.05,8.43,-2.38,0.06,0.12,9.85,0,1.70,0.0013,0.1040,0,0.000,0.000,0.00,0.00,0.000,0,1000
-3.12,31.38,354.44,0.9612,-0.2717,0.0155,0.0462,-0.44,-5.13,8.37,-3.31,-0.75,0.25,9.83,0,1.70,0.0009,0.1047,0,0.000,0.000,0.00,0.00,0.000,0,1000
-3.12,31.38,354.69,0.9613,-0.2714,0.0160,0.0446,-0.55,-5.05,8.34,1.56,2.94,-4.06,9.77,0,1.70,0.0013,0.1047,0,0.000,0.000,0.00,0.00,0.000,0,1000
-3.19,31.31,354.81,0.9615,-0.2708,0.0168,0.0435,-0.60,-4.96,8.51,1.38,-0.12,1.56,9.87,0,1.70,0.0018,0.1044,0,0.000,0.000,0.00,0.00,0.000,0,1000
phase1 acc_mag=9.833 gravity=9.800 motion=0.033 moving_avg=0.039 rms=0.048 mean_rms=0.079 max_rms=0.131 min_rms=0.046 std=0.027 var=0.001 state=standing thr=0.133/0.350/0.850
-3.25,31.25,354.56,0.9615,-0.2706,0.0170,0.0455,-0.57,-4.91,8.35,0.88,-1.75,4.94,9.70,0,1.70,0.0016,0.1044,0,0.000,0.000,0.00,0.00,0.000,0,1000
-3.31,31.38,354.19,0.9611,-0.2714,0.0165,0.0487,-0.55,-5.26,8.31,-1.12,-1.94,4.38,9.85,0,1.70,0.0010,0.1047,0,0.000,0.000,0.00,0.00,0.000,0,1000
-3.38,31.38,353.88,0.9609,-0.2715,0.0164,0.0510,-0.54,-4.94,8.36,-1.56,-0.75,3.75,9.73,0,1.70,0.0008,0.1047,0,0.000,0.000,0.00,0.00,0.000,0,1000
-3.50,31.44,353.62,0.9605,-0.2725,0.0169,0.0536,-0.53,-5.07,8.34,-2.06,0.00,4.75,9.77,0,1.70,0.0007,0.1051,0,0.000,0.000,0.00,0.00,0.000,0,1000
phase1 acc_mag=9.818 gravity=9.803 motion=0.016 moving_avg=0.042 rms=0.053 mean_rms=0.066 max_rms=0.103 min_rms=0.046 std=0.020 var=0.000 state=standing thr=0.105/0.350/0.850
-3.62,31.50,353.44,0.9603,-0.2729,0.0175,0.0549,-0.49,-5.28,8.37,-0.25,1.25,0.88,9.91,0,1.70,0.0007,0.1052,0,0.000,0.000,0.00,0.00,0.000,0,1000
-3.69,31.38,353.62,0.9607,-0.2719,0.0189,0.0531,-0.57,-5.13,8.40,1.94,3.75,-3.50,9.86,0,1.70,0.0015,0.1049,0,0.000,0.000,0.00,0.00,0.000,0,1000
-3.81,31.31,353.75,0.9609,-0.2711,0.0204,0.0522,-0.67,-5.11,8.32,0.00,1.06,1.62,9.79,0,1.70,0.0022,0.1046,0,0.000,0.000,0.00,0.00,0.000,0,1000
-3.94,31.44,353.56,0.9605,-0.2723,0.0208,0.0536,-0.72,-5.07,8.38,-1.88,-0.19,2.56,9.82,0,1.70,0.0021,0.1051,0,0.000,0.000,0.00,0.00,0.000,0,1000
phase1 acc_mag=9.843 gravity=9.812 motion=0.032 moving_avg=0.043 rms=0.054 mean_rms=0.057 max_rms=0.089 min_rms=0.046 std=0.012 var=0.000 state=standing thr=0.081/0.350/0.850
-4.00,31.56,353.62,0.9602,-0.2734,0.0220,0.0527,-0.73,-5.26,8.35,-1.31,5.12,-4.38,9.90,0,1.70,0.0027,0.1055,0,0.000,0.000,0.00,0.00,0.000,0,1000
-4.12,31.62,354.06,0.9602,-0.2739,0.0236,0.0493,-0.57,-5.02,8.28,-1.56,6.38,-5.81,9.70,0,1.70,0.0037,0.1057,0,0.000,0.000,0.00,0.00,0.000,0,1000
-4.44,31.62,354.75,0.9604,-0.2736,0.0290,0.0430,-0.74,-4.81,8.32,4.06,9.06,-6.56,9.64,0,1.70,0.0064,0.1056,0,0.000,0.000,0.00,0.00,0.000,0,1000
-4.81,31.62,355.12,0.9604,-0.2735,0.0325,0.0406,-0.97,-5.08,8.51,-3.31,3.38,2.75,9.96,0,1.70,0.0081,0.1056,0,0.000,0.000,0.00,0.00,0.000,0,1000
phase1 acc_mag=9.938 gravity=9.816 motion=0.122 moving_avg=0.052 rms=0.066 mean_rms=0.053 max_rms=0.067 min_rms=0.046 std=0.005 var=0.000 state=standing thr=0.080/0.350/0.850
-4.94,31.56,354.62,0.9603,-0.2731,0.0324,0.0453,-0.72,-4.98,8.32,3.75,-3.62,4.12,9.72,0,1.70,0.0075,0.1055,0,0.000,0.000,0.00,0.00,0.000,0,1000
-4.94,31.31,354.44,0.9609,-0.2711,0.0317,0.0464,-0.80,-5.05,8.34,3.69,-0.56,-0.38,9.78,0,1.70,0.0072,0.1048,0,0.000,0.000,0.00,0.00,0.000,0,1000
-4.88,31.06,354.56,0.9616,-0.2689,0.0316,0.0452,-0.90,-4.96,8.41,3.69,0.75,-1.38,9.81,0,1.70,0.0073,0.1040,0,0.000,0.000,0.00,0.00,0.000,0,1000
-5.00,30.88,354.56,0.9619,-0.2676,0.0328,0.0454,-1.06,-5.12,8.12,-3.12,1.00,2.81,9.66,0,1.70,0.0078,0.1036,0,0.000,0.000,0.00,0.00,0.000,0,1000
phase1 acc_mag=9.881 gravity=9.803 motion=0.078 moving_avg=0.065 rms=0.087 mean_rms=0.058 max_rms=0.087 min_rms=0.046 std=0.012 var=0.000 state=slow thr=0.082/0.350/0.850
-5.06,30.88,354.44,0.9619,-0.2675,0.0329,0.0468,-0.98,-5.01,8.44,-0.38,-1.62,2.31,9.86,0,1.70,0.0077,0.1035,0,0.000,0.000,0.00,0.00,0.000,0,1000
-5.06,30.81,354.25,0.9619,-0.2670,0.0331,0.0481,-0.98,-5.09,8.31,-1.00,0.81,1.81,9.79,0,1.70,0.0076,0.1034,0,0.000,0.000,0.00,0.00,0.000,0,1000
-5.12,30.75,354.19,0.9620,-0.2667,0.0334,0.0483,-0.87,-5.05,8.40,0.44,0.56,0.75,9.84,0,1.70,0.0077,0.1033,0,0.000,0.000,0.00,0.00,0.000,0,1000
-5.25,30.81,354.12,0.9617,-0.2673,0.0341,0.0491,-0.85,-5.14,8.35,-0.88,0.19,1.62,9.84,0,1.70,0.0078,0.1035,0,0.000,0.000,0.00,0.00,0.000,0,1000
phase1 acc_mag=9.853 gravity=9.805 motion=0.048 moving_avg=0.059 rms=0.084 mean_rms=0.067 max_rms=0.087 min_rms=0.050 std=0.014 var=0.000 state=standing thr=0.095/0.350/0.850
-5.25,30.88,354.06,0.9617,-0.2676,0.0341,0.0493,-0.80,-4.87,8.44,-1.62,1.75,-0.81,9.78,0,1.70,0.0078,0.1036,0,0.000,0.000,0.00,0.00,0.000,0,1000
-5.31,30.94,354.12,0.9614,-0.2684,0.0347,0.0489,-0.98,-5.06,8.40,1.06,0.25,-0.62,9.86,0,1.70,0.0081,0.1039,0,0.000,0.000,0.00,0.00,0.000,0,1000
-5.31,30.88,354.00,0.9616,-0.2676,0.0347,0.0503,-0.86,-4.88,8.38,-0.44,-2.06,4.38,9.74,0,1.70,0.0080,0.1036,0,0.000,0.000,0.00,0.00,0.000,0,1000
phase1 acc_mag=9.840 gravity=9.800 motion=0.040 moving_avg=0.053 rms=0.080 mean_rms=0.073 max_rms=0.087 min_rms=0.052 std=0.013 var=0.000 state=standing thr=0.099/0.350/0.850
-5.38,30.88,353.81,0.9615,-0.2678,0.0345,0.0515,-0.90,-4.91,8.48,0.94,-0.50,-0.56,9.84,0,1.70,0.0078,0.1037,0,0.000,0.000,0.00,0.00,0.000,0,1000
-5.31,30.75,353.94,0.9619,-0.2667,0.0343,0.0505,-0.93,-4.93,8.35,1.44,-0.19,-0.31,9.74,0,1.70,0.0078,0.1033,0,0.000,0.000,0.00,0.00,0.000,0,1000
-5.25,30.81,353.88,0.9616,-0.2675,0.0339,0.0510,-0.87,-4.89,8.52,-1.50,-2.00,1.12,9.86,0,1.70,0.0076,0.1036,0,0.000,0.000,0.00,0.00,0.000,0,1000
-5.19,30.88,353.88,0.9615,-0.2677,0.0329,0.0514,-0.78,-5.20,8.40,-0.44,-0.88,-0.25,9.91,0,1.70,0.0072,0.1036,0,0.000,0.000,0.00,0.00,0.000,0,1000
phase1 acc_mag=9.813 gravity=9.796 motion=0.017 moving_avg=0.054 rms=0.080 mean_rms=0.078 max_rms=0.087 min_rms=0.053 std=0.009 var=0.000 state=standing thr=0.096/0.350/0.850
-5.12,30.69,354.06,0.9621,-0.2661,0.0331,0.0499,-0.92,-5.04,8.47,2.56,1.75,-2.56,9.90,0,1.70,0.0074,0.1031,0,0.000,0.000,0.00,0.00,0.000,0,1000
-5.12,30.56,354.19,0.9625,-0.2649,0.0335,0.0485,-0.93,-5.07,8.45,0.62,0.75,-1.62,9.90,0,1.70,0.0078,0.1026,0,0.000,0.000,0.00,0.00,0.000,0,1000
-5.12,30.44,354.25,0.9628,-0.2638,0.0338,0.0479,-0.92,-4.91,8.45,1.06,0.75,-0.94,9.82,0,1.70,0.0079,0.1022,0,0.000,0.000,0.00,0.00,0.000,0,1000
-5.19,30.44,354.31,0.9627,-0.2641,0.0339,0.0478,-0.91,-4.99,8.44,-0.50,0.44,-0.56,9.85,0,1.70,0.0080,0.1023,0,0.000,0.000,0.00,0.00,0.000,0,1000
phase1 acc_mag=9.733 gravity=9.808 motion=0.075 moving_avg=0.045 rms=0.061 mean_rms=0.081 max_rms=0.087 min_rms=0.061 std=0.005 var=0.000 state=standing thr=0.090/0.350/0.850
-5.12,30.44,354.31,0.9628,-0.2638,0.0339,0.0477,-0.86,-4.82,8.42,0.62,0.19,0.06,9.74,0,1.70,0.0080,0.1022,0,0.000,0.000,0.00,0.00,0.000,0,1000
-5.19,30.44,354.25,0.9627,-0.2641,0.0339,0.0479,-0.90,-4.97,8.40,-0.56,-0.12,0.94,9.80,0,1.70,0.0080,0.1024,0,0.000,0.000,0.00,0.00,0.000,0,1000
-5.19,30.50,354.25,0.9626,-0.2644,0.0341,0.0484,-0.96,-5.06,8.40,-0.31,0.12,1.50,9.85,0,1.70,0.0080,0.1025,0,0.000,0.000,0.00,0.00,0.000,0,1000
-5.25,30.56,354.06,0.9623,-0.2651,0.0340,0.0496,-0.89,-4.94,8.45,-0.50,-0.69,1.00,9.83,0,1.70,0.0078,0.1027,0,0.000,0.000,0.00,0.00,0.000,0,1000
phase1 acc_mag=9.901 gravity=9.819 motion=0.082 moving_avg=0.037 rms=0.048 mean_rms=0.075 max_rms=0.087 min_rms=0.046 std=0.011 var=0.000 state=standing thr=0.098/0.350/0.850
-5.25,30.56,354.06,0.9623,-0.2651,0.0341,0.0497,-0.92,-4.92,8.41,-0.31,0.44,-0.38,9.79,0,1.70,0.0078,0.1027,0,0.000,0.000,0.00,0.00,0.000,0,1000
-5.25,30.56,354.00,0.9623,-0.2653,0.0341,0.0500,-0.93,-4.92,8.40,0.19,0.06,1.00,9.78,0,1.70,0.0078,0.1028,0,0.000,0.000,0.00,0.00,0.000,0,1000
-5.31,30.56,353.94,0.9622,-0.2653,0.0341,0.0509,-0.90,-4.87,8.44,0.06,-0.81,1.44,9.79,0,1.70,0.0077,0.1028,0,0.000,0.000,0.00,0.00,0.000,0,1000
-5.31,30.56,353.69,0.9621,-0.2654,0.0336,0.0528,-1.01,-4.98,8.38,-0.38,-2.06,3.94,9.80,0,1.70,0.0073,0.1029,0,0.000,0.000,0.00,0.00,0.000,0,1000
phase1 acc_mag=9.709 gravity=9.817 motion=0.107 moving_avg=0.041 rms=0.052 mean_rms=0.067 max_rms=0.082 min_rms=0.046 std=0.014 var=0.000 state=standing thr=0.095/0.350/0.850
-5.31,30.69,353.25,0.9617,-0.2664,0.0328,0.0562,-0.93,-5.00,8.46,-3.38,-2.38,5.44,9.87,0,1.70,0.0066,0.1032,0,0.000,0.000,0.00,0.00,0.000,0,1000
-5.31,30.75,353.00,0.9613,-0.2672,0.0322,0.0585,-0.85,-5.00,8.45,-0.56,-1.94,2.12,9.86,0,1.70,0.0061,0.1035,0,0.000,0.000,0.00,0.00,0.000,0,1000
-5.25,30.81,352.94,0.9612,-0.2675,0.0316,0.0593,-0.91,-4.91,8.40,-1.00,-1.12,0.75,9.77,0,1.70,0.0058,0.1036,0,0.000,0.000,0.00,0.00,0.000,0,1000
-5.25,30.88,352.75,0.9611,-0.2678,0.0311,0.0605,-0.95,-4.87,8.35,-1.38,-1.56,3.12,9.71,0,1.70,0.0055,0.1037,0,0.000,0.000,0.00,0.00,0.000,0,1000
phase1 acc_mag=9.709 gravity=9.811 motion=0.102 moving_avg=0.043 rms=0.053 mean_rms=0.061 max_rms=0.081 min_rms=0.046 std=0.013 var=0.000 state=standing thr=0.087/0.350/0.850
-5.25,31.00,352.50,0.9605,-0.2693,0.0302,0.0631,-0.81,-5.03,8.43,-2.88,-2.69,2.69,9.85,0,1.70,0.0048,0.1042,0,0.000,0.000,0.00,0.00,0.000,0,1000
-5.25,31.12,352.38,0.9603,-0.2701,0.0298,0.0637,-0.88,-5.08,8.43,-0.06,1.00,-0.62,9.88,0,1.70,0.0046,0.1045,0,0.000,0.000,0.00,0.00,0.000,0,1000
-5.19,31.06,352.50,0.9605,-0.2695,0.0300,0.0626,-0.97,-5.04,8.43,0.75,0.06,-1.12,9.87,0,1.70,0.0048,0.1043,0,0.000,0.000,0.00,0.00,0.000,0,1000
-5.19,31.00,352.56,0.9606,-0.2693,0.0298,0.0624,-0.91,-5.05,8.44,0.31,-0.81,0.00,9.88,0,1.70,0.0047,0.1042,0,0.000,0.000,0.00,0.00,0.000,0,1000
phase1 acc_mag=9.743 gravity=9.815 motion=0.072 moving_avg=0.044 rms=0.056 mean_rms=0.056 max_rms=0.079 min_rms=0.046 std=0.009 var=0.000 state=standing thr=0.080/0.350/0.850
-5.12,31.12,352.44,0.9602,-0.2704,0.0292,0.0630,-0.85,-4.85,8.39,-3.56,-1.69,1.81,9.73,0,1.70,0.0044,0.1046,0,0.000,0.000,0.00,0.00,0.000,0,1000
-5.12,31.38,352.19,0.9595,-0.2724,0.0283,0.0652,-0.82,-5.00,8.41,-2.44,-1.62,2.00,9.82,0,1.70,0.0038,0.1053,0,0.000,0.000,0.00,0.00,0.000,0,1000
-5.06,31.50,352.25,0.9594,-0.2733,0.0280,0.0646,-0.87,-5.01,8.28,0.25,1.06,-3.12,9.72,0,1.70,0.0037,0.1056,0,0.000,0.000,0.00,0.00,0.000,0,1000
-5.06,31.56,352.44,0.9594,-0.2736,0.0281,0.0629,-0.88,-4.92,8.37,-0.88,-0.19,-0.69,9.75,0,1.70,0.0039,0.1057,0,0.000,0.000,0.00,0.00,0.000,0,1000
phase1 acc_mag=9.806 gravity=9.810 motion=0.005 moving_avg=0.043 rms=0.055 mean_rms=0.053 max_rms=0.059 min_rms=0.046 std=0.003 var=0.000 state=standing thr=0.080/0.350/0.850
-5.00,31.69,352.38,0.9590,-0.2748,0.0276,0.0635,-0.86,-5.11,8.38,-2.06,-1.06,1.44,9.85,0,1.70,0.0036,0.1061,0,0.000,0.000,0.00,0.00,0.000,0,1000
-5.00,31.69,352.44,0.9590,-0.2750,0.0275,0.0630,-0.87,-5.14,8.37,-0.44,1.25,-2.62,9.86,0,1.70,0.0036,0.1062,0,0.000,0.000,0.00,0.00,0.000,0,1000
-4.94,31.75,352.69,0.9591,-0.2751,0.0275,0.0610,-0.85,-5.08,8.33,-0.31,0.50,-2.75,9.79,0,1.70,0.0038,0.1062,0,0.000,0.000,0.00,0.00,0.000,0,1000
-4.88,31.75,352.75,0.9590,-0.2755,0.0272,0.0605,-0.79,-5.08,8.32,-1.00,-1.06,-0.38,9.78,0,1.70,0.0037,0.1063,0,0.000,0.000,0.00,0.00,0.000,0,1000
phase1 acc_mag=9.821 gravity=9.808 motion=0.013 moving_avg=0.041 rms=0.053 mean_rms=0.054 max_rms=0.057 min_rms=0.049 std=0.002 var=0.000 state=standing thr=0.080/0.350/0.850
-4.81,31.94,352.69,0.9587,-0.2767,0.0266,0.0607,-0.78,-5.07,8.39,-2.12,-1.12,-0.19,9.83,0,1.70,0.0035,0.1068,0,0.000,0.000,0.00,0.00,0.000,0,1000
-4.75,32.00,352.81,0.9585,-0.2775,0.0258,0.0601,-0.81,-5.17,8.33,-0.38,0.25,-2.38,9.84,0,1.70,0.0032,0.1070,0,0.000,0.000,0.00,0.00,0.000,0,1000
-4.62,32.00,353.00,0.9587,-0.2774,0.0255,0.0579,-0.84,-5.19,8.28,0.75,0.75,-3.50,9.81,0,1.70,0.0034,0.1070,0,0.000,0.000,0.00,0.00,0.000,0,1000
-4.56,32.00,353.31,0.9589,-0.2772,0.0255,0.0560,-0.85,-5.20,8.34,0.31,0.56,-2.56,9.86,0,1.70,0.0036,0.1069,0,0.000,0.000,0.00,0.00,0.000,0,1000
phase1 acc_mag=9.787 gravity=9.814 motion=0.027 moving_avg=0.041 rms=0.053 mean_rms=0.054 max_rms=0.057 min_rms=0.051 std=0.002 var=0.000 state=standing thr=0.080/0.350/0.850
-4.50,31.94,353.56,0.9592,-0.2766,0.0259,0.0535,-0.85,-5.18,8.35,2.12,2.50,-4.44,9.86,0,1.70,0.0040,0.1067,0,0.000,0.000,0.00,0.00,0.000,0,1000
-4.56,31.75,353.88,0.9597,-0.2752,0.0270,0.0510,-0.81,-5.24,8.37,0.75,2.12,-1.81,9.91,0,1.70,0.0048,0.1062,0,0.000,0.000,0.00,0.00,0.000,0,1000
-4.62,31.81,353.94,0.9596,-0.2754,0.0276,0.0504,-0.82,-5.12,8.44,-0.69,0.12,0.12,9.91,0,1.70,0.0051,0.1063,0,0.000,0.000,0.00,0.00,0.000,0,1000
-4.62,31.88,353.69,0.9594,-0.2759,0.0270,0.0526,-0.73,-5.16,8.30,-0.94,-2.25,4.12,9.80,0,1.70,0.0045,0.1065,0,0.000,0.000,0.00,0.00,0.000,0,1000
phase1 acc_mag=9.861 gravity=9.818 motion=0.043 moving_avg=0.042 rms=0.054 mean_rms=0.055 max_rms=0.059 min_rms=0.051 std=0.002 var=0.000 state=standing thr=0.080/0.350/0.850
-4.62,31.75,353.44,0.9594,-0.2752,0.0267,0.0550,-0.83,-5.14,8.30,1.25,-1.62,3.44,9.80,0,1.70,0.0042,0.1062,0,0.000,0.000,0.00,0.00,0.000,0,1000
-4.69,31.75,353.12,0.9592,-0.2755,0.0263,0.0575,-0.79,-5.10,8.33,-2.25,-1.62,3.25,9.80,0,1.70,0.0038,0.1063,0,0.000,0.000,0.00,0.00,0.000,0,1000
-4.69,31.75,353.06,0.9594,-0.2750,0.0260,0.0581,-0.69,-5.05,8.33,1.00,0.12,-0.75,9.77,0,1.70,0.0036,0.1061,0,0.000,0.000,0.00,0.00,0.000,0,1000
phase1 acc_mag=9.875 gravity=9.816 motion=0.059 moving_avg=0.040 rms=0.052 mean_rms=0.054 max_rms=0.059 min_rms=0.051 std=0.002 var=0.000 state=standing thr=0.080/0.350/0.850
-4.62,31.75,353.12,0.9594,-0.2749,0.0258,0.0573,-0.78,-5.10,8.42,-0.38,-0.12,-1.69,9.87,0,1.70,0.0036,0.1061,0,0.000,0.000,0.00,0.00,0.000,0,1000
-4.56,31.62,353.31,0.9597,-0.2742,0.0255,0.0558,-0.74,-5.08,8.34,0.75,-0.06,-1.69,9.79,0,1.70,0.0036,0.1058,0,0.000,0.000,0.00,0.00,0.000,0,1000
-4.44,31.75,353.44,0.9595,-0.2750,0.0251,0.0549,-0.78,-5.14,8.37,-2.06,-0.19,-2.31,9.85,0,1.70,0.0036,0.1061,0,0.000,0.000,0.00,0.00,0.000,0,1000
-4.38,31.81,353.62,0.9595,-0.2755,0.0247,0.0531,-0.81,-5.20,8.35,-1.38,0.94,-3.19,9.87,0,1.70,0.0036,0.1063,0,0.000,0.000,0.00,0.00,0.000,0,1000
phase1 acc_mag=9.869 gravity=9.815 motion=0.054 moving_avg=0.039 rms=0.051 mean_rms=0.054 max_rms=0.059 min_rms=0.051 std=0.002 var=0.000 state=standing thr=0.080/0.350/0.850
-4.38,31.81,353.75,0.9596,-0.2753,0.0251,0.0519,-0.91,-5.09,8.32,1.81,0.12,-0.56,9.80,0,1.70,0.0039,0.1062,0,0.000,0.000,0.00,0.00,0.000,0,1000
-4.44,31.75,353.62,0.9597,-0.2748,0.0254,0.0530,-0.89,-5.04,8.40,0.50,-1.44,3.31,9.84,0,1.70,0.0039,0.1060,0,0.000,0.000,0.00,0.00,0.000,0,1000
-4.50,31.69,353.31,0.9596,-0.2747,0.0250,0.0560,-0.84,-5.17,8.32,0.25,-2.00,3.75,9.83,0,1.70,0.0035,0.1060,0,0.000,0.000,0.00,0.00,0.000,0,1000
-4.50,31.69,353.06,0.9595,-0.2744,0.0247,0.0578,-0.68,-5.15,8.30,0.19,-1.31,2.06,9.79,0,1.70,0.0031,0.1059,0,0.000,0.000,0.00,0.00,0.000,0,1000
phase1 acc_mag=9.806 gravity=9.819 motion=0.013 moving_avg=0.042 rms=0.054 mean_rms=0.053 max_rms=0.059 min_rms=0.051 std=0.002 var=0.000 state=standing thr=0.080/0.350/0.850
-4.50,31.69,353.00,0.9595,-0.2745,0.0243,0.0580,-0.71,-5.16,8.38,0.50,0.12,-0.62,9.87,0,1.70,0.0029,0.1059,0,0.000,0.000,0.00,0.00,0.000,0,1000
-4.44,31.62,353.38,0.9598,-0.2738,0.0250,0.0553,-0.77,-5.02,8.37,1.88,3.31,-5.56,9.79,0,1.70,0.0035,0.1057,0,0.000,0.000,0.00,0.00,0.000,0,1000
-4.38,31.50,353.88,0.9603,-0.2731,0.0257,0.0513,-0.79,-5.06,8.30,1.56,1.94,-4.81,9.75,0,1.70,0.0043,0.1054,0,0.000,0.000,0.00,0.00,0.000,0,1000
-4.38,31.56,354.06,0.9603,-0.2734,0.0256,0.0496,-0.89,-5.10,8.35,-1.69,0.69,-1.88,9.82,0,1.70,0.0044,0.1055,0,0.000,0.000,0.00,0.00,0.000,0,1000
phase1 acc_mag=9.788 gravity=9.814 motion=0.025 moving_avg=0.038 rms=0.049 mean_rms=0.053 max_rms=0.059 min_rms=0.049 std=0.002 var=0.000 state=standing thr=0.080/0.350/0.850
-4.31,31.69,354.19,0.9601,-0.2741,0.0253,0.0486,-0.84,-5.13,8.30,-1.62,0.81,-2.62,9.79,0,1.70,0.0044,0.1058,0,0.000,0.000,0.00,0.00,0.000,0,1000
-4.25,31.62,354.44,0.9604,-0.2737,0.0258,0.0458,-0.87,-5.07,8.44,2.44,1.69,-3.81,9.88,0,1.70,0.0049,0.1056,0,0.000,0.000,0.00,0.00,0.000,0,1000
-4.25,31.56,354.62,0.9606,-0.2732,0.0259,0.0452,-0.71,-5.10,8.31,0.31,-0.88,1.69,9.78,0,1.70,0.0050,0.1054,0,0.000,0.000,0.00,0.00,0.000,0,1000
-4.31,31.56,354.31,0.9604,-0.2731,0.0258,0.0473,-0.78,-5.00,8.34,-0.88,-1.19,3.50,9.76,0,1.70,0.0048,0.1054,0,0.000,0.000,0.00,0.00,0.000,0,1000
phase1 acc_mag=9.815 gravity=9.812 motion=0.003 moving_avg=0.034 rms=0.044 mean_rms=0.050 max_rms=0.054 min_rms=0.041 std=0.004 var=0.000 state=standing thr=0.080/0.350/0.850
-4.31,31.69,354.19,0.9600,-0.2744,0.0253,0.0486,-0.75,-5.18,8.39,-2.69,-0.62,0.75,9.89,0,1.70,0.0044,0.1059,0,0.000,0.000,0.00,0.00,0.000,0,1000
-4.25,31.75,354.19,0.9599,-0.2750,0.0252,0.0487,-0.79,-5.02,8.35,-0.56,-0.31,-0.12,9.77,0,1.70,0.0043,0.1061,0,0.000,0.000,0.00,0.00,0.000,0,1000
-4.25,31.94,354.12,0.9594,-0.2767,0.0245,0.0490,-0.67,-5.13,8.37,-3.75,-0.75,-0.56,9.84,0,1.70,0.0040,0.1067,0,0.000,0.000,0.00,0.00,0.000,0,1000
-4.19,32.00,354.12,0.9594,-0.2770,0.0242,0.0488,-0.68,-5.13,8.29,1.81,-0.69,-0.75,9.77,0,1.70,0.0039,0.1068,0,0.000,0.000,0.00,0.00,0.000,0,1000
phase1 acc_mag=9.837 gravity=9.814 motion=0.023 moving_avg=0.036 rms=0.046 mean_rms=0.049 max_rms=0.054 min_rms=0.041 std=0.004 var=0.000 state=standing thr=0.080/0.350/0.850
-4.12,31.88,354.12,0.9596,-0.2761,0.0236,0.0494,-0.71,-5.08,8.33,0.19,-1.81,2.56,9.78,0,1.70,0.0036,0.1064,0,0.000,0.000,0.00,0.00,0.000,0,1000
-4.12,32.19,353.75,0.9587,-0.2787,0.0227,0.0518,-0.74,-5.22,8.34,-6.62,-3.19,3.88,9.87,0,1.70,0.0029,0.1074,0,0.000,0.000,0.00,0.00,0.000,0,1000
-4.12,32.62,353.44,0.9576,-0.2820,0.0215,0.0546,-0.72,-5.24,8.34,-7.25,-2.25,3.38,9.88,0,1.70,0.0021,0.1085,0,0.000,0.000,0.00,0.00,0.000,0,1000
phase1 acc_mag=9.863 gravity=9.822 motion=0.041 moving_avg=0.040 rms=0.052 mean_rms=0.048 max_rms=0.054 min_rms=0.041 std=0.004 var=0.000 state=standing thr=0.080/0.350/0.850
-4.06,32.81,353.19,0.9570,-0.2836,0.0205,0.0569,-0.66,-5.35,8.26,0.25,-1.75,2.06,9.86,0,1.70,0.0014,0.1090,0,0.000,0.000,0.00,0.00,0.000,0,1000
-4.19,32.75,352.94,0.9569,-0.2834,0.0207,0.0593,-0.75,-5.19,8.25,-0.81,-1.12,4.06,9.78,0,1.70,0.0012,0.1090,0,0.000,0.000,0.00,0.00,0.000,0,1000
-4.25,32.75,352.69,0.9568,-0.2836,0.0209,0.0611,-0.73,-5.24,8.32,0.38,-0.06,2.25,9.86,0,1.70,0.0011,0.1090,0,0.000,0.000,0.00,0.00,0.000,0,1000
-4.31,32.69,352.69,0.9570,-0.2830,0.0218,0.0610,-0.76,-5.19,8.30,0.31,1.25,0.69,9.82,0,1.70,0.0014,0.1088,0,0.000,0.000,0.00,0.00,0.000,0,1000
phase1 acc_mag=9.810 gravity=9.820 motion=0.011 moving_avg=0.038 rms=0.050 mean_rms=0.047 max_rms=0.053 min_rms=0.041 std=0.003 var=0.000 state=standing thr=0.080/0.350/0.850
-4.44,32.62,352.50,0.9570,-0.2823,0.0222,0.0623,-0.79,-5.07,8.24,1.19,-0.81,4.06,9.71,0,1.70,0.0015,0.1086,0,0.000,0.000,0.00,0.00,0.000,0,1000
-4.50,32.62,352.12,0.9567,-0.2826,0.0220,0.0660,-0.74,-5.26,8.30,-0.12,-2.25,6.12,9.85,0,1.70,0.0009,0.1087,0,0.000,0.000,0.00,0.00,0.000,0,1000
-4.62,32.62,351.69,0.9565,-0.2827,0.0222,0.0690,-0.76,-5.19,8.29,0.69,-0.88,4.75,9.81,0,1.70,0.0007,0.1088,0,0.000,0.000,0.00,0.00,0.000,0,1000
-4.75,32.62,351.50,0.9562,-0.2830,0.0226,0.0712,-0.84,-5.19,8.33,-0.56,-0.31,2.88,9.85,0,1.70,0.0006,0.1089,0,0.000,0.000,0.00,0.00,0.000,0,1000
phase1 acc_mag=9.845 gravity=9.823 motion=0.023 moving_avg=0.040 rms=0.053 mean_rms=0.048 max_rms=0.054 min_rms=0.041 std=0.004 var=0.000 state=standing thr=0.080/0.350/0.850
-4.81,32.69,351.31,0.9561,-0.2833,0.0228,0.0723,-0.79,-5.12,8.30,0.50,-0.06,2.06,9.78,0,1.70,0.0005,0.1090,0,0.000,0.000,0.00,0.00,0.000,0,1000
-4.88,32.69,351.19,0.9559,-0.2836,0.0230,0.0734,-0.80,-5.23,8.27,-1.06,-0.69,1.50,9.82,0,1.70,0.0005,0.1091,0,0.000,0.000,0.00,0.00,0.000,0,1000
-4.94,32.75,351.12,0.9556,-0.2841,0.0232,0.0742,-0.84,-5.14,8.32,-2.31,0.31,1.00,9.82,0,1.70,0.0004,0.1093,0,0.000,0.000,0.00,0.00,0.000,0,1000
-4.94,32.88,351.12,0.9553,-0.2852,0.0234,0.0740,-0.91,-5.30,8.34,-1.69,1.25,-1.00,9.92,0,1.70,0.0005,0.1097,0,0.000,0.000,0.00,0.00,0.000,0,1000
phase1 acc_mag=9.817 gravity=9.825 motion=0.007 moving_avg=0.035 rms=0.047 mean_rms=0.049 max_rms=0.054 min_rms=0.045 std=0.003 var=0.000 state=standing thr=0.080/0.350/0.850
-4.94,32.94,351.19,0.9553,-0.2855,0.0235,0.0736,-0.86,-5.19,8.21,0.38,0.25,-0.56,9.75,0,1.70,0.0006,0.1098,0,0.000,0.000,0.00,0.00,0.000,0,1000
-5.00,32.94,351.12,0.9553,-0.2855,0.0236,0.0739,-0.93,-5.42,8.23,1.62,-1.12,1.75,9.90,0,1.70,0.0006,0.1098,0,0.000,0.000,0.00,0.00,0.000,0,1000
-5.00,32.81,351.12,0.9555,-0.2846,0.0237,0.0741,-0.90,-5.19,8.22,0.31,0.94,-0.38,9.76,0,1.70,0.0006,0.1095,0,0.000,0.000,0.00,0.00,0.000,0,1000
-5.00,33.00,351.06,0.9550,-0.2862,0.0237,0.0745,-0.87,-5.31,8.24,-3.62,0.25,0.81,9.84,0,1.70,0.0005,0.1100,0,0.000,0.000,0.00,0.00,0.000,0,1000
phase1 acc_mag=9.787 gravity=9.825 motion=0.038 moving_avg=0.035 rms=0.047 mean_rms=0.050 max_rms=0.054 min_rms=0.045 std=0.003 var=0.000 state=standing thr=0.080/0.350/0.850
-5.06,33.19,351.12,0.9545,-0.2878,0.0244,0.0738,-0.86,-5.38,8.23,-1.75,2.38,-2.38,9.87,0,1.70,0.0008,0.1106,0,0.000,0.000,0.00,0.00,0.000,0,1000
-5.06,33.19,351.44,0.9547,-0.2878,0.0255,0.0707,-0.93,-5.25,8.23,0.25,4.06,-5.25,9.81,0,1.70,0.0016,0.1106,0,0.000,0.000,0.00,0.00,0.000,0,1000
-5.12,33.19,351.88,0.9550,-0.2877,0.0268,0.0674,-0.94,-5.07,8.24,-0.62,2.31,-3.38,9.72,0,1.70,0.0025,0.1106,0,0.000,0.000,0.00,0.00,0.000,0,1000
phase1 acc_mag=9.893 gravity=9.818 motion=0.075 moving_avg=0.036 rms=0.052 mean_rms=0.050 max_rms=0.054 min_rms=0.047 std=0.002 var=0.000 state=standing thr=0.080/0.350/0.850
-5.19,33.25,352.06,0.9550,-0.2879,0.0276,0.0658,-0.92,-5.32,8.29,0.38,2.00,-2.19,9.89,0,1.70,0.0030,0.1107,0,0.000,0.000,0.00,0.00,0.000,0,1000
-5.12,33.12,352.38,0.9554,-0.2870,0.0283,0.0631,-0.90,-5.34,8.21,1.62,1.69,-2.88,9.84,0,1.70,0.0036,0.1104,0,0.000,0.000,0.00,0.00,0.000,0,1000
-5.12,33.12,352.50,0.9556,-0.2868,0.0286,0.0621,-0.91,-5.36,8.32,-0.75,0.00,-0.38,9.94,0,1.70,0.0038,0.1103,0,0.000,0.000,0.00,0.00,0.000,0,1000
-5.12,33.06,352.50,0.9558,-0.2859,0.0284,0.0623,-0.83,-5.22,8.16,2.44,0.19,-0.62,9.72,0,1.70,0.0037,0.1100,0,0.000,0.000,0.00,0.00,0.000,0,1000
phase1 acc_mag=9.827 gravity=9.825 motion=0.002 moving_avg=0.040 rms=0.057 mean_rms=0.050 max_rms=0.058 min_rms=0.047 std=0.003 var=0.000 state=standing thr=0.080/0.350/0.850
-5.12,32.88,352.56,0.9562,-0.2849,0.0286,0.0617,-0.90,-5.31,8.22,4.12,0.25,-1.62,9.83,0,1.70,0.0039,0.1097,0,0.000,0.000,0.00,0.00,0.000,0,1000
-5.06,32.75,352.62,0.9566,-0.2835,0.0284,0.0611,-0.88,-5.32,8.26,1.44,0.44,-1.12,9.86,0,1.70,0.0040,0.1092,0,0.000,0.000,0.00,0.00,0.000,0,1000
-5.00,32.69,352.81,0.9568,-0.2830,0.0281,0.0598,-0.86,-5.29,8.26,-0.56,0.19,-2.94,9.85,0,1.70,0.0040,0.1090,0,0.000,0.000,0.00,0.00,0.000,0,1000
-4.94,32.75,352.94,0.9567,-0.2838,0.0276,0.0584,-0.84,-5.29,8.28,-1.62,0.19,-2.19,9.86,0,1.70,0.0040,0.1092,0,0.000,0.000,0.00,0.00,0.000,0,1000
phase1 acc_mag=9.886 gravity=9.825 motion=0.061 moving_avg=0.042 rms=0.058 mean_rms=0.051 max_rms=0.058 min_rms=0.047 std=0.004 var=0.000 state=standing thr=0.080/0.350/0.850
-4.88,32.75,353.12,0.9568,-0.2836,0.0275,0.0574,-0.94,-5.16,8.34,1.56,0.38,-1.94,9.85,0,1.70,0.0040,0.1092,0,0.000,0.000,0.00,0.00,0.000,0,1000
-4.88,32.75,353.06,0.9569,-0.2832,0.0276,0.0576,-0.97,-5.19,8.28,1.12,-0.62,0.94,9.82,0,1.70,0.0040,0.1090,0,0.000,0.000,0.00,0.00,0.000,0,1000
-4.88,32.69,353.00,0.9568,-0.2834,0.0272,0.0585,-0.85,-5.23,8.29,-1.00,-1.62,1.69,9.84,0,1.70,0.0038,0.1091,0,0.000,0.000,0.00,0.00,0.000,0,1000
-4.81,32.69,352.81,0.9568,-0.2833,0.0266,0.0596,-0.85,-5.38,8.23,0.19,-1.06,1.94,9.87,0,1.70,0.0034,0.1090,0,0.000,0.000,0.00,0.00,0.000,0,1000
phase1 acc_mag=9.754 gravity=9.827 motion=0.073 moving_avg=0.041 rms=0.057 mean_rms=0.053 max_rms=0.058 min_rms=0.047 std=0.004 var=0.000 state=standing thr=0.080/0.350/0.850
-4.81,32.62,352.75,0.9568,-0.2829,0.0265,0.0606,-0.83,-5.29,8.30,-1.06,-0.81,1.31,9.88,0,1.70,0.0033,0.1089,0,0.000,0.000,0.00,0.00,0.000,0,1000
-4.88,32.69,352.56,0.9567,-0.2831,0.0264,0.0618,-0.89,-5.35,8.28,-1.94,-0.81,1.88,9.90,0,1.70,0.0031,0.1090,0,0.000,0.000,0.00,0.00,0.000,0,1000
-4.81,32.75,352.50,0.9565,-0.2837,0.0259,0.0622,-0.77,-5.21,8.34,-1.06,-0.94,-0.25,9.86,0,1.70,0.0028,0.1092,0,0.000,0.000,0.00,0.00,0.000,0,1000
-4.81,32.81,352.56,0.9564,-0.2844,0.0256,0.0619,-0.82,-5.20,8.24,-1.81,0.31,-1.25,9.78,0,1.70,0.0028,0.1094,0,0.000,0.000,0.00,0.00,0.000,0,1000
phase1 acc_mag=9.840 gravity=9.829 motion=0.011 moving_avg=0.039 rms=0.056 mean_rms=0.055 max_rms=0.058 min_rms=0.047 std=0.003 var=0.000 state=standing thr=0.080/0.350/0.850
-4.75,33.06,352.69,0.9559,-0.2861,0.0253,0.0610,-0.84,-5.27,8.23,-3.44,-0.12,-1.56,9.81,0,1.70,0.0027,0.1100,0,0.000,0.000,0.00,0.00,0.000,0,1000
-4.69,33.19,352.75,0.9556,-0.2874,0.0250,0.0600,-0.80,-5.28,8.25,-1.44,0.50,-2.38,9.83,0,1.70,0.0026,0.1105,0,0.000,0.000,0.00,0.00,0.000,0,1000
-4.62,33.25,352.94,0.9556,-0.2876,0.0248,0.0590,-0.86,-5.27,8.25,0.62,0.19,-1.19,9.83,0,1.70,0.0027,0.1105,0,0.000,0.000,0.00,0.00,0.000,0,1000
-4.62,33.25,352.88,0.9555,-0.2878,0.0247,0.0592,-0.88,-5.37,8.23,-1.38,-1.31,1.62,9.87,0,1.70,0.0026,0.1106,0,0.000,0.000,0.00,0.00,0.000,0,1000
phase1 acc_mag=9.787 gravity=9.830 motion=0.043 moving_avg=0.034 rms=0.044 mean_rms=0.055 max_rms=0.058 min_rms=0.044 std=0.004 var=0.000 state=standing thr=0.080/0.350/0.850
-4.62,33.25,352.69,0.9554,-0.2878,0.0242,0.0608,-0.80,-5.31,8.18,-0.25,-1.44,3.00,9.79,0,1.70,0.0023,0.1106,0,0.000,0.000,0.00,0.00,0.000,0,1000
-4.62,33.25,352.44,0.9554,-0.2877,0.0238,0.0627,-0.76,-5.32,8.20,0.31,-1.38,2.50,9.80,0,1.70,0.0019,0.1105,0,0.000,0.000,0.00,0.00,0.000,0,1000
-4.62,33.25,352.31,0.9553,-0.2878,0.0234,0.0641,-0.72,-5.25,8.21,-1.12,-1.19,2.12,9.77,0,1.70,0.0016,0.1106,0,0.000,0.000,0.00,0.00,0.000,0,1000
-4.69,33.25,352.19,0.9552,-0.2878,0.0235,0.0648,-0.74,-5.32,8.23,-0.25,0.19,-0.81,9.83,0,1.70,0.0015,0.1106,0,0.000,0.000,0.00,0.00,0.000,0,1000
phase1 acc_mag=9.795 gravity=9.823 motion=0.029 moving_avg=0.027 rms=0.033 mean_rms=0.052 max_rms=0.058 min_rms=0.033 std=0.008 var=0.000 state=standing thr=0.080/0.350/0.850
-4.62,33.25,352.31,0.9553,-0.2879,0.0234,0.0638,-0.77,-5.39,8.20,-0.06,0.50,-2.00,9.84,0,1.70,0.0016,0.1106,0,0.000,0.000,0.00,0.00,0.000,0,1000
-4.56,33.25,352.44,0.9553,-0.2880,0.0232,0.0629,-0.81,-5.28,8.21,0.19,0.19,-1.25,9.79,0,1.70,0.0016,0.1106,0,0.000,0.000,0.00,0.00,0.000,0,1000
-4.56,33.31,352.44,0.9551,-0.2886,0.0231,0.0626,-0.81,-5.27,8.26,-1.19,-0.06,0.00,9.83,0,1.70,0.0016,0.1108,0,0.000,0.000,0.00,0.00,0.000,0,1000
-4.56,33.31,352.50,0.9552,-0.2884,0.0231,0.0624,-0.79,-5.29,8.29,0.50,0.25,-0.62,9.87,0,1.70,0.0016,0.1108,0,0.000,0.000,0.00,0.00,0.000,0,1000
phase1 acc_mag=9.828 gravity=9.824 motion=0.005 moving_avg=0.027 rms=0.032 mean_rms=0.046 max_rms=0.058 min_rms=0.032 std=0.010 var=0.000 state=standing thr=0.080/0.350/0.850
-4.56,33.31,352.50,0.9553,-0.2881,0.0231,0.0622,-0.83,-5.42,8.23,0.19,0.81,-0.69,9.89,0,1.70,0.0017,0.1107,0,0.000,0.000,0.00,0.00,0.000,0,1000
-4.56,33.31,352.50,0.9553,-0.2882,0.0233,0.0624,-0.84,-5.35,8.19,-0.69,-0.31,1.06,9.82,0,1.70,0.0017,0.1107,0,0.000,0.000,0.00,0.00,0.000,0,1000
-4.62,33.31,352.44,0.9551,-0.2883,0.0234,0.0630,-0.83,-5.25,8.23,-0.56,-0.44,1.25,9.80,0,1.70,0.0017,0.1107,0,0.000,0.000,0.00,0.00,0.000,0,1000
phase1 acc_mag=9.900 gravity=9.827 motion=0.073 moving_avg=0.027 rms=0.034 mean_rms=0.041 max_rms=0.057 min_rms=0.032 std=0.009 var=0.000 state=standing thr=0.080/0.350/0.850
-4.62,33.31,352.38,0.9551,-0.2885,0.0235,0.0634,-0.86,-5.39,8.26,-0.31,-0.06,0.44,9.90,0,1.70,0.0017,0.1108,0,0.000,0.000,0.00,0.00,0.000,0,1000
-4.62,33.38,352.31,0.9549,-0.2889,0.0233,0.0640,-0.82,-5.40,8.19,-0.94,-1.62,1.56,9.84,0,1.70,0.0015,0.1110,0,0.000,0.000,0.00,0.00,0.000,0,1000
-4.56,33.31,352.25,0.9551,-0.2881,0.0224,0.0645,-0.86,-5.37,8.20,0.62,-1.12,0.50,9.84,0,1.70,0.0011,0.1107,0,0.000,0.000,0.00,0.00,0.000,0,1000
-4.50,33.25,352.12,0.9552,-0.2878,0.0216,0.0655,-0.90,-5.25,8.23,1.25,-3.19,2.75,9.80,0,1.70,0.0007,0.1105,0,0.000,0.000,0.00,0.00,0.000,0,1000
phase1 acc_mag=9.827 gravity=9.828 motion=0.002 moving_avg=0.031 rms=0.036 mean_rms=0.037 max_rms=0.055 min_rms=0.032 std=0.006 var=0.000 state=standing thr=0.080/0.350/0.850
-4.44,33.31,351.88,0.9550,-0.2883,0.0203,0.0676,-0.74,-5.36,8.22,-2.56,-3.12,2.56,9.84,0,1.70,-0.0001,0.1107,0,0.000,0.000,0.00,0.00,0.000,0,1000
-4.38,33.25,351.88,0.9553,-0.2875,0.0199,0.0671,-0.86,-5.36,8.39,3.94,0.69,-3.81,9.99,0,1.70,-0.0001,0.1104,0,0.000,0.000,0.00,0.00,0.000,0,1000
-4.25,33.06,352.31,0.9559,-0.2861,0.0199,0.0640,-0.76,-5.23,8.22,0.44,2.50,-5.31,9.77,0,1.70,0.0003,0.1099,0,0.000,0.000,0.00,0.00,0.000,0,1000
-4.19,33.06,352.62,0.9560,-0.2862,0.0203,0.0613,-0.79,-5.23,8.26,0.25,0.31,-1.75,9.81,0,1.70,0.0008,0.1099,0,0.000,0.000,0.00,0.00,0.000,0,1000
phase1 acc_mag=9.741 gravity=9.830 motion=0.088 moving_avg=0.036 rms=0.048 mean_rms=0.036 max_rms=0.048 min_rms=0.032 std=0.005 var=0.000 state=standing thr=0.080/0.350/0.850
-4.19,33.12,352.69,0.9559,-0.2866,0.0201,0.0607,-0.72,-5.20,8.30,-0.88,0.12,-1.38,9.82,0,1.70,0.0007,0.1101,0,0.000,0.000,0.00,0.00,0.000,0,1000
-4.12,33.19,352.81,0.9558,-0.2871,0.0198,0.0596,-0.72,-5.24,8.30,0.88,0.31,-3.06,9.84,0,1.70,0.0007,0.1102,0,0.000,0.000,0.00,0.00,0.000,0,1000
-4.00,33.19,353.00,0.9560,-0.2869,0.0192,0.0578,-0.60,-5.22,8.24,0.44,-0.06,-2.62,9.77,0,1.70,0.0007,0.1101,0,0.000,0.000,0.00,0.00,0.000,0,1000
-3.88,33.12,353.25,0.9562,-0.2866,0.0189,0.0563,-0.65,-5.32,8.26,-0.50,1.00,-2.06,9.85,0,1.70,0.0008,0.1101,0,0.000,0.000,0.00,0.00,0.000,0,1000
phase1 acc_mag=9.791 gravity=9.828 motion=0.037 moving_avg=0.039 rms=0.052 mean_rms=0.039 max_rms=0.053 min_rms=0.032 std=0.007 var=0.000 state=standing thr=0.080/0.350/0.850
-3.88,33.19,353.31,0.9562,-0.2870,0.0192,0.0552,-0.71,-5.24,8.28,0.12,1.06,-1.25,9.82,0,1.70,0.0010,0.1102,0,0.000,0.000,0.00,0.00,0.000,0,1000
-3.88,33.06,353.56,0.9565,-0.2860,0.0197,0.0536,-0.66,-5.37,8.24,4.25,2.50,-4.06,9.86,0,1.70,0.0014,0.1099,0,0.000,0.000,0.00,0.00,0.000,0,1000
-3.94,32.81,353.88,0.9574,-0.2836,0.0210,0.0508,-0.73,-5.21,8.30,1.81,2.06,-1.94,9.83,0,1.70,0.0023,0.1090,0,0.000,0.000,0.00,0.00,0.000,0,1000
phase1 acc_mag=9.756 gravity=9.823 motion=0.068 moving_avg=0.043 rms=0.056 mean_rms=0.043 max_rms=0.056 min_rms=0.032 std=0.008 var=0.000 state=standing thr=0.080/0.350/0.850
-3.94,32.62,354.00,0.9579,-0.2820,0.0217,0.0499,-0.68,-5.13,8.27,0.75,0.81,0.50,9.76,0,1.70,0.0027,0.1085,0,0.000,0.000,0.00,0.00,0.000,0,1000
-4.06,32.69,353.88,0.9576,-0.2826,0.0220,0.0512,-0.67,-5.14,8.29,-0.12,-0.25,2.12,9.78,0,1.70,0.0026,0.1087,0,0.000,0.000,0.00,0.00,0.000,0,1000
-4.06,32.69,353.75,0.9576,-0.2826,0.0223,0.0517,-0.75,-5.17,8.30,1.38,0.62,-0.62,9.81,0,1.70,0.0027,0.1087,0,0.000,0.000,0.00,0.00,0.000,0,1000
-4.06,32.56,353.94,0.9579,-0.2819,0.0227,0.0502,-0.80,-5.12,8.33,0.38,0.12,-1.62,9.81,0,1.70,0.0030,0.1085,0,0.000,0.000,0.00,0.00,0.000,0,1000
phase1 acc_mag=9.779 gravity=9.819 motion=0.040 moving_avg=0.044 rms=0.057 mean_rms=0.048 max_rms=0.057 min_rms=0.034 std=0.008 var=0.000 state=standing thr=0.080/0.350/0.850
-4.06,32.62,353.94,0.9577,-0.2823,0.0225,0.0505,-0.78,-5.21,8.27,-2.50,-1.56,1.19,9.81,0,1.70,0.0029,0.1086,0,0.000,0.000,0.00,0.00,0.000,0,1000
-4.06,32.75,353.81,0.9575,-0.2831,0.0222,0.0513,-0.64,-5.21,8.27,-0.69,-0.06,0.62,9.80,0,1.70,0.0027,0.1089,0,0.000,0.000,0.00,0.00,0.000,0,1000
-4.06,32.81,353.81,0.9573,-0.2837,0.0222,0.0514,-0.74,-5.20,8.29,-1.19,0.62,-0.44,9.81,0,1.70,0.0027,0.1091,0,0.000,0.000,0.00,0.00,0.000,0,1000
-4.12,32.88,353.81,0.9570,-0.2845,0.0225,0.0513,-0.75,-5.25,8.28,-3.38,0.44,-0.06,9.83,0,1.70,0.0028,0.1094,0,0.000,0.000,0.00,0.00,0.000,0,1000
phase1 acc_mag=9.827 gravity=9.815 motion=0.012 moving_avg=0.042 rms=0.056 mean_rms=0.053 max_rms=0.057 min_rms=0.037 std=0.005 var=0.000 state=standing thr=0.080/0.350/0.850
-4.12,33.12,353.81,0.9565,-0.2863,0.0226,0.0513,-0.76,-5.37,8.27,-1.69,0.94,-0.06,9.89,0,1.70,0.0028,0.1100,0,0.000,0.000,0.00,0.00,0.000,0,1000
-4.19,33.12,353.81,0.9565,-0.2861,0.0231,0.0514,-0.68,-5.26,8.26,-0.19,-0.31,1.12,9.82,0,1.70,0.0029,0.1100,0,0.000,0.000,0.00,0.00,0.000,0,1000
-4.19,33.12,353.69,0.9564,-0.2863,0.0230,0.0524,-0.67,-5.24,8.25,0.81,-0.81,1.62,9.80,0,1.70,0.0028,0.1100,0,0.000,0.000,0.00,0.00,0.000,0,1000
-4.25,33.19,353.69,0.9562,-0.2872,0.0230,0.0524,-0.81,-5.48,8.24,-2.50,0.44,-0.75,9.93,0,1.70,0.0028,0.1103,0,0.000,0.000,0.00,0.00,0.000,0,1000
phase1 acc_mag=9.764 gravity=9.817 motion=0.053 moving_avg=0.037 rms=0.047 mean_rms=0.053 max_rms=0.057 min_rms=0.046 std=0.004 var=0.000 state=standing thr=0.080/0.350/0.850
-4.19,33.38,353.69,0.9559,-0.2883,0.0230,0.0523,-0.87,-5.48,8.15,-3.00,-0.44,0.38,9.86,0,1.70,0.0028,0.1107,0,0.000,0.000,0.00,0.00,0.000,0,1000
-4.25,33.38,353.56,0.9557,-0.2885,0.0229,0.0533,-0.73,-5.25,8.19,-1.06,-0.31,1.62,9.76,0,1.70,0.0026,0.1108,0,0.000,0.000,0.00,0.00,0.000,0,1000
-4.31,33.56,353.50,0.9551,-0.2905,0.0233,0.0538,-0.78,-5.43,8.18,-3.81,0.94,0.56,9.85,0,1.70,0.0027,0.1115,0,0.000,0.000,0.00,0.00,0.000,0,1000
-4.38,33.62,353.50,0.9551,-0.2903,0.0236,0.0541,-0.86,-5.32,8.20,1.75,0.44,0.88,9.81,0,1.70,0.0027,0.1114,0,0.000,0.000,0.00,0.00,0.000,0,1000
phase1 acc_mag=9.829 gravity=9.816 motion=0.014 moving_avg=0.036 rms=0.046 mean_rms=0.052 max_rms=0.057 min_rms=0.046 std=0.005 var=0.000 state=standing thr=0.080/0.350/0.850
-4.38,33.62,353.44,0.9550,-0.2905,0.0237,0.0544,-0.79,-5.42,8.22,-2.19,-0.06,0.50,9.88,0,1.70,0.0027,0.1115,0,0.000,0.000,0.00,0.00,0.000,0,1000
-4.38,33.62,353.44,0.9551,-0.2904,0.0237,0.0544,-0.80,-5.34,8.19,0.56,0.12,0.50,9.81,0,1.70,0.0027,0.1115,0,0.000,0.000,0.00,0.00,0.000,0,1000
-4.38,33.56,353.44,0.9552,-0.2899,0.0236,0.0544,-0.75,-5.40,8.25,0.31,-0.62,0.31,9.89,0,1.70,0.0027,0.1113,0,0.000,0.000,0.00,0.00,0.000,0,1000
-4.38,33.44,353.44,0.9554,-0.2892,0.0237,0.0544,-0.77,-5.25,8.22,2.31,0.19,0.12,9.78,0,1.70,0.0028,0.1110,0,0.000,0.000,0.00,0.00,0.000,0,1000
phase1 acc_mag=9.857 gravity=9.822 motion=0.035 moving_avg=0.033 rms=0.042 mean_rms=0.050 max_rms=0.057 min_rms=0.041 std=0.006 var=0.000 state=standing thr=0.080/0.350/0.850
-4.38,33.44,353.44,0.9555,-0.2889,0.0237,0.0544,-0.82,-5.35,8.19,0.75,-0.25,-0.50,9.82,0,1.70,0.0028,0.1109,0,0.000,0.000,0.00,0.00,0.000,0,1000
-4.38,33.31,353.50,0.9557,-0.2883,0.0237,0.0541,-0.80,-5.39,8.20,-0.31,0.00,-0.31,9.85,0,1.70,0.0028,0.1107,0,0.000,0.000,0.00,0.00,0.000,0,1000
-4.38,33.31,353.50,0.9557,-0.2881,0.0237,0.0541,-0.74,-5.35,8.20,0.88,-0.25,0.00,9.82,0,1.70,0.0028,0.1107,0,0.000,0.000,0.00,0.00,0.000,0,1000
-4.31,33.31,353.62,0.9559,-0.2878,0.0236,0.0530,-0.83,-5.37,8.16,0.88,0.69,-1.94,9.80,0,1.70,0.0029,0.1106,0,0.000,0.000,0.00,0.00,0.000,0,1000
phase1 acc_mag=9.776 gravity=9.826 motion=0.049 moving_avg=0.031 rms=0.040 mean_rms=0.046 max_rms=0.057 min_rms=0.040 std=0.005 var=0.000 state=standing thr=0.080/0.350/0.850
-4.31,33.31,353.69,0.9560,-0.2877,0.0236,0.0525,-0.82,-5.32,8.26,0.19,0.31,-0.31,9.86,0,1.70,0.0030,0.1105,0,0.000,0.000,0.00,0.00,0.000,0,1000
-4.31,33.38,353.69,0.9557,-0.2885,0.0240,0.0524,-0.87,-5.31,8.11,1.25,0.88,-0.31,9.73,0,1.70,0.0031,0.1108,0,0.000,0.000,0.00,0.00,0.000,0,1000
-4.31,33.25,353.75,0.9561,-0.2875,0.0241,0.0518,-0.90,-5.18,8.51,-0.12,0.44,-1.50,10.00,0,1.70,0.0033,0.1105,0,0.000,0.000,0.00,0.00,0.000,0,1000
-4.31,33.19,353.81,0.9564,-0.2865,0.0242,0.0516,-0.82,-5.25,8.25,3.62,-0.56,-0.06,9.81,0,1.70,0.0033,0.1101,0,0.000,0.000,0.00,0.00,0.000,0,1000
phase1 acc_mag=9.780 gravity=9.829 motion=0.049 moving_avg=0.038 rms=0.051 mean_rms=0.044 max_rms=0.051 min_rms=0.039 std=0.003 var=0.000 state=standing thr=0.080/0.350/0.850
-4.31,33.00,353.75,0.9568,-0.2852,0.0239,0.0518,-0.67,-5.18,8.25,1.12,-0.56,-0.06,9.76,0,1.70,0.0033,0.1096,0,0.000,0.000,0.00,0.00,0.000,0,1000
-4.31,32.88,353.81,0.9571,-0.2841,0.0241,0.0511,-0.79,-5.15,8.24,0.12,0.81,-2.06,9.75,0,1.70,0.0034,0.1093,0,0.000,0.000,0.00,0.00,0.000,0,1000
-4.25,32.94,354.00,0.9571,-0.2845,0.0241,0.0497,-0.71,-5.24,8.20,-2.69,0.38,-1.44,9.76,0,1.70,0.0036,0.1094,0,0.000,0.000,0.00,0.00,0.000,0,1000
-4.25,33.12,354.00,0.9565,-0.2863,0.0239,0.0499,-0.81,-5.27,8.25,-1.44,-0.75,0.38,9.82,0,1.70,0.0034,0.1100,0,0.000,0.000,0.00,0.00,0.000,0,1000
phase1 acc_mag=9.553 gravity=9.823 motion=0.270 moving_avg=0.042 rms=0.058 mean_rms=0.046 max_rms=0.058 min_rms=0.039 std=0.004 var=0.000 state=standing thr=0.080/0.350/0.850
-4.19,33.06,354.19,0.9567,-0.2860,0.0243,0.0481,-0.59,-5.38,8.29,1.31,3.94,-5.38,9.90,0,1.70,0.0038,0.1099,0,0.000,0.000,0.00,0.00,0.000,0,1000
-4.25,32.94,354.75,0.9573,-0.2846,0.0262,0.0433,-0.79,-5.25,8.25,2.38,4.69,-5.38,9.81,0,1.70,0.0051,0.1094,0,0.000,0.000,0.00,0.00,0.000,0,1000
-4.31,32.88,355.00,0.9575,-0.2842,0.0272,0.0414,-0.83,-5.21,8.27,-1.12,0.38,-0.31,9.81,0,1.70,0.0057,0.1093,0,0.000,0.000,0.00,0.00,0.000,0,1000
phase1 acc_mag=9.770 gravity=9.824 motion=0.054 moving_avg=0.040 rms=0.056 mean_rms=0.048 max_rms=0.058 min_rms=0.039 std=0.006 var=0.000 state=standing thr=0.080/0.350/0.850
-4.31,33.12,354.81,0.9568,-0.2860,0.0269,0.0430,-0.75,-5.05,8.33,-3.31,-2.69,3.50,9.77,0,1.70,0.0054,0.1099,0,0.000,0.000,0.00,0.00,0.000,0,1000
-4.31,33.19,354.75,0.9567,-0.2865,0.0266,0.0435,-0.73,-5.44,8.22,3.81,0.88,-2.38,9.88,0,1.70,0.0052,0.1101,0,0.000,0.000,0.00,0.00,0.000,0,1000
-4.31,32.94,354.94,0.9574,-0.2845,0.0270,0.0418,-0.72,-5.36,8.27,1.56,1.25,-1.00,9.88,0,1.70,0.0056,0.1094,0,0.000,0.000,0.00,0.00,0.000,0,1000
-4.31,32.88,354.88,0.9574,-0.2842,0.0272,0.0425,-0.83,-5.20,8.26,-0.12,-0.94,2.12,9.80,0,1.70,0.0056,0.1093,0,0.000,0.000,0.00,0.00,0.000,0,1000
phase1 acc_mag=9.806 gravity=9.825 motion=0.018 moving_avg=0.044 rms=0.060 mean_rms=0.051 max_rms=0.060 min_rms=0.039 std=0.007 var=0.000 state=standing thr=0.080/0.350/0.850
-4.38,32.94,354.81,0.9572,-0.2849,0.0273,0.0433,-0.83,-5.28,8.23,-0.06,1.00,0.25,9.81,0,1.70,0.0055,0.1095,0,0.000,0.000,0.00,0.00,0.000,0,1000
-4.50,32.88,354.88,0.9575,-0.2838,0.0286,0.0428,-0.91,-5.28,8.27,2.06,0.69,1.25,9.85,0,1.70,0.0061,0.1092,0,0.000,0.000,0.00,0.00,0.000,0,1000
-4.62,32.75,354.50,0.9576,-0.2831,0.0291,0.0458,-0.82,-5.25,8.27,-1.69,-2.12,7.06,9.83,0,1.70,0.0060,0.1090,0,0.000,0.000,0.00,0.00,0.000,0,1000
-4.81,32.81,354.00,0.9572,-0.2837,0.0292,0.0505,-0.79,-5.18,8.30,-0.88,-1.56,7.31,9.82,0,1.70,0.0055,0.1092,0,0.000,0.000,0.00,0.00,0.000,0,1000
phase1 acc_mag=9.766 gravity=9.822 motion=0.056 moving_avg=0.046 rms=0.062 mean_rms=0.055 max_rms=0.062 min_rms=0.040 std=0.005 var=0.000 state=standing thr=0.080/0.350/0.850
-4.94,32.75,353.62,0.9570,-0.2836,0.0295,0.0531,-0.77,-5.24,8.29,1.62,-0.81,2.25,9.84,0,1.70,0.0053,0.1092,0,0.000,0.000,0.00,0.00,0.000,0,1000
-4.88,32.75,353.44,0.9570,-0.2834,0.0287,0.0548,-0.71,-5.13,8.23,-1.88,-2.88,3.94,9.72,0,1.70,0.0048,0.1091,0,0.000,0.000,0.00,0.00,0.000,0,1000
-4.81,32.94,353.06,0.9564,-0.2849,0.0270,0.0577,-0.68,-5.32,8.25,-0.25,-1.94,1.19,9.84,0,1.70,0.0038,0.1096,0,0.000,0.000,0.00,0.00,0.000,0,1000
phase1 acc_mag=9.917 gravity=9.823 motion=0.093 moving_avg=0.045 rms=0.060 mean_rms=0.058 max_rms=0.062 min_rms=0.051 std=0.003 var=0.000 state=standing thr=0.080/0.350/0.850
-4.88,32.69,353.31,0.9570,-0.2832,0.0281,0.0555,-1.03,-5.25,8.35,7.00,4.06,-5.56,9.92,0,1.70,0.0045,0.1090,0,0.000,0.000,0.00,0.00,0.000,0,1000
-4.88,32.25,353.62,0.9583,-0.2792,0.0292,0.0529,-0.89,-5.12,8.30,2.75,-0.88,0.88,9.79,0,1.70,0.0053,0.1077,0,0.000,0.000,0.00,0.00,0.000,0,1000
-4.88,32.25,353.44,0.9583,-0.2791,0.0287,0.0549,-0.86,-5.21,8.34,-0.81,-1.75,2.44,9.87,0,1.70,0.0049,0.1076,0,0.000,0.000,0.00,0.00,0.000,0,1000
-4.88,32.12,353.38,0.9584,-0.2785,0.0286,0.0554,-0.90,-5.05,8.35,3.19,0.81,-0.75,9.80,0,1.70,0.0048,0.1074,0,0.000,0.000,0.00,0.00,0.000,0,1000
phase1 acc_mag=9.775 gravity=9.825 motion=0.050 moving_avg=0.042 rms=0.053 mean_rms=0.059 max_rms=0.062 min_rms=0.053 std=0.002 var=0.000 state=standing thr=0.080/0.350/0.850
-4.94,32.00,353.38,0.9587,-0.2773,0.0290,0.0554,-0.91,-5.08,8.36,0.56,-0.81,1.31,9.82,0,1.70,0.0050,0.1070,0,0.000,0.000,0.00,0.00,0.000,0,1000
-4.94,31.94,353.12,0.9587,-0.2769,0.0284,0.0573,-0.82,-5.10,8.31,1.12,-1.69,3.31,9.78,0,1.70,0.0046,0.1068,0,0.000,0.000,0.00,0.00,0.000,0,1000
-4.94,32.00,352.81,0.9585,-0.2774,0.0276,0.0603,-0.77,-5.19,8.26,-2.56,-2.81,3.38,9.79,0,1.70,0.0039,0.1070,0,0.000,0.000,0.00,0.00,0.000,0,1000
-4.81,32.19,352.50,0.9579,-0.2789,0.0260,0.0624,-0.78,-5.26,8.36,-0.75,-3.62,1.44,9.91,0,1.70,0.0030,0.1075,0,0.000,0.000,0.00,0.00,0.000,0,1000
phase1 acc_mag=9.827 gravity=9.821 motion=0.006 moving_avg=0.045 rms=0.056 mean_rms=0.059 max_rms=0.062 min_rms=0.053 std=0.003 var=0.000 state=standing thr=0.080/0.350/0.850
-4.75,32.19,352.56,0.9580,-0.2789,0.0252,0.0618,-0.74,-5.25,8.26,-1.81,1.38,-2.50,9.82,0,1.70,0.0028,0.1075,0,0.000,0.000,0.00,0.00,0.000,0,1000
-4.69,32.31,352.81,0.9579,-0.2797,0.0255,0.0598,-0.77,-5.12,8.30,-1.44,1.62,-4.44,9.78,0,1.70,0.0031,0.1078,0,0.000,0.000,0.00,0.00,0.000,0,1000
-4.69,32.44,353.19,0.9577,-0.2809,0.0267,0.0566,-0.92,-5.09,8.45,-0.50,3.75,-3.00,9.91,0,1.70,0.0039,0.1082,0,0.000,0.000,0.00,0.00,0.000,0,1000
-4.75,32.25,353.31,0.9582,-0.2793,0.0274,0.0555,-0.79,-5.04,8.29,4.38,-0.81,-2.38,9.73,0,1.70,0.0043,0.1077,0,0.000,0.000,0.00,0.00,0.000,0,1000
phase1 acc_mag=9.803 gravity=9.820 motion=0.017 moving_avg=0.042 rms=0.053 mean_rms=0.057 max_rms=0.062 min_rms=0.051 std=0.003 var=0.000 state=standing thr=0.080/0.350/0.850
-4.69,32.19,353.56,0.9585,-0.2787,0.0275,0.0536,-0.87,-5.28,8.34,0.00,2.25,-4.31,9.91,0,1.70,0.0046,0.1074,0,0.000,0.000,0.00,0.00,0.000,0,1000
-4.69,32.06,353.88,0.9589,-0.2777,0.0282,0.0508,-0.93,-5.17,8.23,0.62,0.75,-2.94,9.76,0,1.70,0.0052,0.1071,0,0.000,0.000,0.00,0.00,0.000,0,1000
-4.69,32.19,354.06,0.9587,-0.2786,0.0289,0.0493,-0.90,-5.10,8.32,-4.12,2.56,-1.56,9.80,0,1.70,0.0056,0.1074,0,0.000,0.000,0.00,0.00,0.000,0,1000
-4.69,32.06,354.25,0.9590,-0.2776,0.0294,0.0477,-0.91,-5.14,8.32,4.38,0.56,-2.19,9.82,0,1.70,0.0060,0.1071,0,0.000,0.000,0.00,0.00,0.000,0,1000
phase1 acc_mag=9.797 gravity=9.820 motion=0.023 moving_avg=0.045 rms=0.058 mean_rms=0.056 max_rms=0.062 min_rms=0.051 std=0.003 var=0.000 state=standing thr=0.080/0.350/0.850
-4.75,31.88,354.31,0.9596,-0.2758,0.0297,0.0473,-0.86,-5.03,8.33,1.00,-0.50,0.69,9.77,0,1.70,0.0062,0.1064,0,0.000,0.000,0.00,0.00,0.000,0,1000
-4.75,31.88,354.25,0.9597,-0.2756,0.0297,0.0477,-0.86,-5.04,8.38,1.25,0.06,-0.25,9.82,0,1.70,0.0061,0.1063,0,0.000,0.000,0.00,0.00,0.000,0,1000
-4.75,31.81,354.25,0.9597,-0.2753,0.0299,0.0477,-0.89,-5.04,8.34,0.81,0.50,1.19,9.79,0,1.70,0.0062,0.1063,0,0.000,0.000,0.00,0.00,0.000,0,1000
-4.81,31.75,354.25,0.9597,-0.2751,0.0301,0.0480,-0.78,-5.06,8.37,-0.38,-0.50,0.56,9.81,0,1.70,0.0063,0.1062,0,0.000,0.000,0.00,0.00,0.000,0,1000
phase1 acc_mag=9.767 gravity=9.818 motion=0.051 moving_avg=0.041 rms=0.053 mean_rms=0.055 max_rms=0.060 min_rms=0.051 std=0.002 var=0.000 state=standing thr=0.080/0.350/0.850
-4.81,31.75,354.25,0.9598,-0.2749,0.0301,0.0482,-0.78,-5.05,8.33,-0.19,0.44,0.38,9.77,0,1.70,0.0063,0.1061,0,0.000,0.000,0.00,0.00,0.000,0,1000
-4.81,31.75,354.19,0.9598,-0.2749,0.0301,0.0483,-0.79,-5.12,8.28,0.19,-0.81,0.69,9.77,0,1.70,0.0062,0.1061,0,0.000,0.000,0.00,0.00,0.000,0,1000
-4.81,31.75,354.25,0.9599,-0.2746,0.0300,0.0482,-0.86,-5.12,8.30,2.62,-0.19,-0.56,9.79,0,1.70,0.0062,0.1060,0,0.000,0.000,0.00,0.00,0.000,0,1000
-4.75,31.69,354.19,0.9600,-0.2743,0.0298,0.0483,-0.79,-5.03,8.30,0.44,-0.31,0.31,9.74,0,1.70,0.0062,0.1059,0,0.000,0.000,0.00,0.00,0.000,0,1000
phase1 acc_mag=9.805 gravity=9.818 motion=0.013 moving_avg=0.044 rms=0.057 mean_rms=0.055 max_rms=0.059 min_rms=0.051 std=0.002 var=0.000 state=standing thr=0.080/0.350/0.850
-4.75,31.75,354.31,0.9599,-0.2747,0.0297,0.0477,-0.85,-5.17,8.36,-1.31,0.56,-2.25,9.87,0,1.70,0.0062,0.1060,0,0.000,0.000,0.00,0.00,0.000,0,1000
-4.69,31.75,354.44,0.9598,-0.2751,0.0298,0.0462,-0.86,-5.11,8.34,-0.81,0.56,-1.69,9.82,0,1.70,0.0064,0.1062,0,0.000,0.000,0.00,0.00,0.000,0,1000
-4.69,31.81,354.50,0.9597,-0.2756,0.0297,0.0460,-0.88,-5.13,8.35,-0.44,0.56,-0.44,9.84,0,1.70,0.0063,0.1063,0,0.000,0.000,0.00,0.00,0.000,0,1000
-4.69,31.81,354.50,0.9597,-0.2756,0.0298,0.0461,-0.90,-5.10,8.31,-0.75,-1.00,1.38,9.79,0,1.70,0.0064,0.1064,0,0.000,0.000,0.00,0.00,0.000,0,1000
phase1 acc_mag=9.760 gravity=9.819 motion=0.059 moving_avg=0.043 rms=0.055 mean_rms=0.055 max_rms=0.059 min_rms=0.051 std=0.002 var=0.000 state=standing thr=0.080/0.350/0.850
-4.75,31.88,354.38,0.9596,-0.2758,0.0297,0.0469,-0.91,-5.13,8.39,-0.12,-0.81,1.56,9.88,0,1.70,0.0062,0.1064,0,0.000,0.000,0.00,0.00,0.000,0,1000
-4.75,31.88,354.19,0.9596,-0.2757,0.0296,0.0483,-0.87,-5.11,8.34,0.12,-0.94,2.12,9.82,0,1.70,0.0060,0.1064,0,0.000,0.000,0.00,0.00,0.000,0,1000
-4.75,31.88,354.06,0.9594,-0.2760,0.0294,0.0494,-0.88,-5.27,8.30,-1.88,-0.62,1.62,9.87,0,1.70,0.0058,0.1065,0,0.000,0.000,0.00,0.00,0.000,0,1000
phase1 acc_mag=9.854 gravity=9.820 motion=0.034 moving_avg=0.040 rms=0.052 mean_rms=0.055 max_rms=0.059 min_rms=0.051 std=0.002 var=0.000 state=standing thr=0.080/0.350/0.850
-4.75,31.94,354.00,0.9593,-0.2764,0.0289,0.0503,-0.80,-5.25,8.30,-1.00,-1.06,1.38,9.85,0,1.70,0.0055,0.1066,0,0.000,0.000,0.00,0.00,0.000,0,1000
-4.81,31.94,353.81,0.9592,-0.2766,0.0289,0.0516,-0.78,-5.19,8.33,-1.19,-0.56,1.56,9.85,0,1.70,0.0054,0.1067,0,0.000,0.000,0.00,0.00,0.000,0,1000
-4.88,31.88,353.62,0.9592,-0.2760,0.0292,0.0533,-0.88,-5.08,8.40,1.94,-1.06,3.44,9.86,0,1.70,0.0053,0.1065,0,0.000,0.000,0.00,0.00,0.000,0,1000
-4.94,31.81,353.31,0.9592,-0.2757,0.0289,0.0557,-0.79,-5.02,8.33,-2.00,-1.25,1.50,9.76,0,1.70,0.0049,0.1064,0,0.000,0.000,0.00,0.00,0.000,0,1000
phase1 acc_mag=9.835 gravity=9.819 motion=0.016 moving_avg=0.039 rms=0.051 mean_rms=0.054 max_rms=0.058 min_rms=0.046 std=0.003 var=0.000 state=standing thr=0.080/0.350/0.850
-4.88,32.00,353.38,0.9588,-0.2772,0.0287,0.0550,-0.84,-5.19,8.39,-1.38,1.31,-3.00,9.90,0,1.70,0.0049,0.1070,0,0.000,0.000,0.00,0.00,0.000,0,1000
-4.81,32.00,353.62,0.9589,-0.2773,0.0289,0.0530,-0.87,-5.17,8.32,-0.06,0.06,-2.19,9.83,0,1.70,0.0052,0.1070,0,0.000,0.000,0.00,0.00,0.000,0,1000
-4.75,32.19,353.56,0.9585,-0.2785,0.0280,0.0538,-0.74,-5.17,8.32,-1.69,-2.69,2.44,9.82,0,1.70,0.0047,0.1074,0,0.000,0.000,0.00,0.00,0.000,0,1000
-4.75,32.25,353.38,0.9582,-0.2794,0.0275,0.0552,-0.80,-5.15,8.28,-2.25,-0.38,1.12,9.78,0,1.70,0.0044,0.1077,0,0.000,0.000,0.00,0.00,0.000,0,1000
phase1 acc_mag=9.847 gravity=9.819 motion=0.028 moving_avg=0.038 rms=0.049 mean_rms=0.053 max_rms=0.058 min_rms=0.046 std=0.003 var=0.000 state=standing thr=0.080/0.350/0.850
-4.75,32.31,353.38,0.9581,-0.2797,0.0275,0.0552,-0.85,-5.12,8.35,-0.50,-0.38,0.56,9.83,0,1.70,0.0043,0.1078,0,0.000,0.000,0.00,0.00,0.000,0,1000
-4.75,32.31,353.38,0.9580,-0.2800,0.0275,0.0553,-0.82,-5.13,8.40,-0.62,0.44,-0.44,9.88,0,1.70,0.0043,0.1079,0,0.000,0.000,0.00,0.00,0.000,0,1000
-4.81,32.31,353.38,0.9581,-0.2797,0.0276,0.0555,-0.82,-5.31,8.22,-0.19,0.31,1.06,9.82,0,1.70,0.0044,0.1078,0,0.000,0.000,0.00,0.00,0.000,0,1000
-4.81,32.31,353.31,0.9580,-0.2798,0.0278,0.0555,-0.91,-5.15,8.33,0.50,0.62,-0.19,9.84,0,1.70,0.0044,0.1079,0,0.000,0.000,0.00,0.00,0.000,0,1000
phase1 acc_mag=9.808 gravity=9.821 motion=0.013 moving_avg=0.034 rms=0.046 mean_rms=0.051 max_rms=0.055 min_rms=0.046 std=0.003 var=0.000 state=standing thr=0.080/0.350/0.850
-4.81,32.38,353.38,0.9579,-0.2804,0.0279,0.0552,-0.86,-5.26,8.29,0.00,1.19,-1.75,9.86,0,1.70,0.0045,0.1081,0,0.000,0.000,0.00,0.00,0.000,0,1000
-4.75,32.31,353.62,0.9582,-0.2798,0.0282,0.0532,-0.82,-5.03,8.34,2.50,0.81,-2.56,9.77,0,1.70,0.0049,0.1078,0,0.000,0.000,0.00,0.00,0.000,0,1000
-4.75,32.31,353.69,0.9583,-0.2795,0.0281,0.0527,-0.73,-5.17,8.25,0.25,-0.19,-0.19,9.76,0,1.70,0.0049,0.1077,0,0.000,0.000,0.00,0.00,0.000,0,1000
-4.75,32.19,353.69,0.9586,-0.2785,0.0283,0.0524,-0.82,-5.16,8.33,1.81,0.88,-1.38,9.83,0,1.70,0.0050,0.1074,0,0.000,0.000,0.00,0.00,0.000,0,1000
phase1 acc_mag=9.770 gravity=9.820 motion=0.049 moving_avg=0.034 rms=0.047 mean_rms=0.049 max_rms=0.055 min_rms=0.046 std=0.003 var=0.000 state=standing thr=0.080/0.350/0.850
-4.75,32.19,353.88,0.9587,-0.2784,0.0284,0.0511,-0.84,-5.14,8.30,0.38,0.94,-2.44,9.80,0,1.70,0.0052,0.1074,0,0.000,0.000,0.00,0.00,0.000,0,1000
-4.69,32.12,354.12,0.9589,-0.2783,0.0286,0.0484,-0.83,-5.24,8.24,0.56,1.12,-4.38,9.80,0,1.70,0.0056,0.1073,0,0.000,0.000,0.00,0.00,0.000,0,1000
-4.62,32.12,354.44,0.9590,-0.2780,0.0291,0.0463,-1.01,-5.11,8.34,0.88,1.38,-2.31,9.83,0,1.70,0.0060,0.1072,0,0.000,0.000,0.00,0.00,0.000,0,1000
phase1 acc_mag=9.848 gravity=9.823 motion=0.025 moving_avg=0.036 rms=0.047 mean_rms=0.048 max_rms=0.053 min_rms=0.045 std=0.002 var=0.000 state=standing thr=0.080/0.350/0.850
-4.62,32.19,354.56,0.9589,-0.2785,0.0293,0.0453,-0.87,-5.18,8.33,-0.19,0.94,-1.75,9.85,0,1.70,0.0062,0.1074,0,0.000,0.000,0.00,0.00,0.000,0,1000
-4.62,32.19,354.81,0.9590,-0.2785,0.0300,0.0427,-0.85,-5.10,8.30,0.25,1.62,-3.38,9.78,0,1.70,0.0067,0.1074,0,0.000,0.000,0.00,0.00,0.000,0,1000
-4.62,32.25,355.00,0.9590,-0.2789,0.0303,0.0417,-0.90,-5.06,8.32,0.00,0.12,0.62,9.78,0,1.70,0.0070,0.1075,0,0.000,0.000,0.00,0.00,0.000,0,1000
-4.62,32.31,354.88,0.9587,-0.2794,0.0301,0.0425,-0.85,-5.28,8.30,-0.38,-0.56,0.44,9.87,0,1.70,0.0068,0.1076,0,0.000,0.000,0.00,0.00,0.000,0,1000
phase1 acc_mag=9.820 gravity=9.825 motion=0.005 moving_avg=0.031 rms=0.039 mean_rms=0.047 max_rms=0.052 min_rms=0.039 std=0.003 var=0.000 state=standing thr=0.080/0.350/0.850
-4.62,32.25,354.88,0.9589,-0.2791,0.0299,0.0425,-0.80,-5.18,8.31,0.12,-0.69,0.38,9.82,0,1.70,0.0067,0.1075,0,0.000,0.000,0.00,0.00,0.000,0,1000
-4.62,32.19,354.81,0.9590,-0.2786,0.0298,0.0432,-0.82,-5.15,8.26,0.38,-1.25,1.06,9.77,0,1.70,0.0066,0.1074,0,0.000,0.000,0.00,0.00,0.000,0,1000
-4.56,32.25,354.69,0.9588,-0.2789,0.0290,0.0447,-0.83,-5.24,8.27,-0.69,-1.94,2.38,9.83,0,1.70,0.0061,0.1075,0,0.000,0.000,0.00,0.00,0.000,0,1000
-4.56,32.31,354.44,0.9587,-0.2794,0.0282,0.0463,-0.80,-5.26,8.28,-0.50,-2.00,2.00,9.84,0,1.70,0.0056,0.1076,0,0.000,0.000,0.00,0.00,0.000,0,1000
phase1 acc_mag=9.705 gravity=9.824 motion=0.119 moving_avg=0.032 rms=0.041 mean_rms=0.044 max_rms=0.048 min_rms=0.039 std=0.003 var=0.000 state=standing thr=0.080/0.350/0.850
-4.50,32.25,354.44,0.9587,-0.2791,0.0278,0.0463,-0.81,-5.19,8.38,-0.19,-0.25,-1.38,9.89,0,1.70,0.0055,0.1076,0,0.000,0.000,0.00,0.00,0.000,0,1000
-4.44,32.19,354.56,0.9589,-0.2787,0.0276,0.0455,-0.78,-5.25,8.39,0.12,-0.19,-1.81,9.93,0,1.70,0.0055,0.1074,0,0.000,0.000,0.00,0.00,0.000,0,1000
-4.44,32.19,354.50,0.9590,-0.2784,0.0271,0.0457,-0.80,-5.10,8.28,0.75,-0.88,1.12,9.76,0,1.70,0.0053,0.1073,0,0.000,0.000,0.00,0.00,0.000,0,1000
phase1 acc_mag=9.839 gravity=9.819 motion=0.020 moving_avg=0.036 rms=0.046 mean_rms=0.044 max_rms=0.047 min_rms=0.039 std=0.003 var=0.000 state=standing thr=0.080/0.350/0.850
-4.38,32.25,354.38,0.9588,-0.2790,0.0267,0.0469,-0.81,-5.14,8.35,-1.62,-0.81,1.00,9.84,0,1.70,0.0050,0.1075,0,0.000,0.000,0.00,0.00,0.000,0,1000
-4.38,32.25,354.31,0.9587,-0.2792,0.0266,0.0472,-0.80,-5.22,8.28,-1.38,-0.44,0.62,9.82,0,1.70,0.0049,0.1076,0,0.000,0.000,0.00,0.00,0.000,0,1000
-4.38,32.25,354.31,0.9587,-0.2792,0.0264,0.0472,-0.78,-5.18,8.35,-0.44,-0.62,-0.12,9.86,0,1.70,0.0049,0.1076,0,0.000,0.000,0.00,0.00,0.000,0,1000
-4.38,32.31,354.31,0.9586,-0.2795,0.0264,0.0472,-0.82,-5.10,8.37,-0.56,-0.69,0.44,9.84,0,1.70,0.0048,0.1077,0,0.000,0.000,0.00,0.00,0.000,0,1000
phase1 acc_mag=9.842 gravity=9.818 motion=0.024 moving_avg=0.036 rms=0.046 mean_rms=0.044 max_rms=0.047 min_rms=0.039 std=0.003 var=0.000 state=standing thr=0.080/0.350/0.850
-4.31,32.38,354.19,0.9584,-0.2803,0.0256,0.0483,-0.70,-5.20,8.35,-2.38,-1.12,1.50,9.86,0,1.70,0.0044,0.1079,0,0.000,0.000,0.00,0.00,0.000,0,1000
-4.31,32.50,354.12,0.9581,-0.2812,0.0253,0.0491,-0.74,-5.15,8.28,-1.94,-0.69,1.12,9.78,0,1.70,0.0042,0.1083,0,0.000,0.000,0.00,0.00,0.000,0,1000
-4.38,32.69,354.12,0.9576,-0.2827,0.0254,0.0490,-0.71,-5.30,8.24,-1.56,1.25,-1.81,9.82,0,1.70,0.0042,0.1088,0,0.000,0.000,0.00,0.00,0.000,0,1000
-4.31,32.81,354.31,0.9575,-0.2836,0.0258,0.0472,-0.82,-5.41,8.26,-1.81,1.06,-1.81,9.91,0,1.70,0.0045,0.1091,0,0.000,0.000,0.00,0.00,0.000,0,1000
phase1 acc_mag=9.867 gravity=9.818 motion=0.048 moving_avg=0.038 rms=0.048 mean_rms=0.044 max_rms=0.048 min_rms=0.039 std=0.003 var=0.000 state=standing thr=0.080/0.350/0.850
-4.31,32.69,354.38,0.9577,-0.2828,0.0255,0.0469,-0.72,-5.20,8.26,1.69,-0.75,0.38,9.79,0,1.70,0.0045,0.1088,0,0.000,0.000,0.00,0.00,0.000,0,1000
-4.31,32.38,354.38,0.9585,-0.2800,0.0256,0.0468,-0.69,-5.15,8.20,6.88,1.06,-1.12,9.71,0,1.70,0.0046,0.1078,0,0.000,0.000,0.00,0.00,0.000,0,1000
-4.31,32.12,354.44,0.9592,-0.2776,0.0262,0.0461,-0.80,-5.05,8.33,2.81,-0.31,0.06,9.77,0,1.70,0.0049,0.1070,0,0.000,0.000,0.00,0.00,0.000,0,1000
-4.31,32.06,354.44,0.9592,-0.2778,0.0259,0.0468,-0.72,-5.13,8.31,-2.06,-1.12,1.88,9.79,0,1.70,0.0048,0.1071,0,0.000,0.000,0.00,0.00,0.000,0,1000
phase1 acc_mag=9.806 gravity=9.814 motion=0.008 moving_avg=0.044 rms=0.055 mean_rms=0.046 max_rms=0.056 min_rms=0.039 std=0.004 var=0.000 state=standing thr=0.080/0.350/0.850
-4.25,32.19,354.25,0.9589,-0.2787,0.0253,0.0477,-0.73,-5.20,8.32,-0.31,-0.69,-0.25,9.84,0,1.70,0.0044,0.1074,0,0.000,0.000,0.00,0.00,0.000,0,1000
-4.19,32.12,354.38,0.9593,-0.2776,0.0247,0.0465,-0.74,-5.05,8.20,2.62,-0.81,-2.69,9.66,0,1.70,0.0043,0.1070,0,0.000,0.000,0.00,0.00,0.000,0,1000
-4.12,31.94,354.44,0.9597,-0.2761,0.0247,0.0464,-0.75,-5.04,8.30,0.25,-0.75,2.19,9.74,0,1.70,0.0044,0.1064,0,0.000,0.000,0.00,0.00,0.000,0,1000
phase1 acc_mag=9.823 gravity=9.817 motion=0.006 moving_avg=0.046 rms=0.062 mean_rms=0.051 max_rms=0.065 min_rms=0.042 std=0.007 var=0.000 state=standing thr=0.080/0.350/0.850
-4.12,32.00,354.25,0.9595,-0.2766,0.0242,0.0478,-0.72,-5.09,8.37,-1.50,-2.00,2.19,9.82,0,1.70,0.0040,0.1066,0,0.000,0.000,0.00,0.00,0.000,0,1000
-4.12,32.12,354.19,0.9590,-0.2780,0.0239,0.0485,-0.75,-5.13,8.36,-1.62,-0.12,0.25,9.84,0,1.70,0.0038,0.1071,0,0.000,0.000,0.00,0.00,0.000,0,1000
-4.12,32.19,354.12,0.9587,-0.2789,0.0238,0.0492,-0.78,-5.14,8.33,-2.44,-0.44,1.81,9.82,0,1.70,0.0036,0.1074,0,0.000,0.000,0.00,0.00,0.000,0,1000
-4.12,32.38,354.12,0.9585,-0.2798,0.0237,0.0488,-0.74,-5.15,8.39,-0.44,-0.12,-1.94,9.87,0,1.70,0.0036,0.1077,0,0.000,0.000,0.00,0.00,0.000,0,1000
phase1 acc_mag=9.909 gravity=9.821 motion=0.088 moving_avg=0.043 rms=0.060 mean_rms=0.054 max_rms=0.065 min_rms=0.045 std=0.007 var=0.000 state=standing thr=0.080/0.350/0.850
-4.12,32.25,354.19,0.9588,-0.2789,0.0236,0.0484,-0.69,-5.07,8.31,2.00,0.38,0.12,9.76,0,1.70,0.0037,0.1074,0,0.000,0.000,0.00,0.00,0.000,0,1000
-4.12,32.25,354.12,0.9587,-0.2793,0.0236,0.0491,-0.77,-5.20,8.37,-0.88,-0.88,2.12,9.88,0,1.70,0.0036,0.1076,0,0.000,0.000,0.00,0.00,0.000,0,1000
-4.19,32.31,354.00,0.9585,-0.2797,0.0237,0.0499,-0.73,-5.24,8.30,-1.12,0.19,0.75,9.84,0,1.70,0.0035,0.1077,0,0.000,0.000,0.00,0.00,0.000,0,1000
-4.19,32.31,354.00,0.9584,-0.2799,0.0237,0.0500,-0.74,-5.17,8.34,-1.12,-0.19,0.50,9.84,0,1.70,0.0035,0.1078,0,0.000,0.000,0.00,0.00,0.000,0,1000
phase1 acc_mag=9.805 gravity=9.820 motion=0.015 moving_avg=0.045 rms=0.061 mean_rms=0.057 max_rms=0.065 min_rms=0.045 std=0.006 var=0.000 state=standing thr=0.080/0.350/0.850
-4.19,32.44,353.94,0.9583,-0.2804,0.0237,0.0506,-0.77,-5.29,8.30,-1.19,-0.38,1.19,9.87,0,1.70,0.0034,0.1080,0,0.000,0.000,0.00,0.00,0.000,0,1000
-4.19,32.44,353.94,0.9582,-0.2805,0.0237,0.0506,-0.75,-5.21,8.29,-1.31,0.56,-1.25,9.82,0,1.70,0.0034,0.1080,0,0.000,0.000,0.00,0.00,0.000,0,1000
-4.25,32.44,354.00,0.9583,-0.2806,0.0241,0.0499,-0.76,-5.12,8.33,0.81,1.06,-1.00,9.81,0,1.70,0.0036,0.1080,0,0.000,0.000,0.00,0.00,0.000,0,1000
-4.25,32.44,354.00,0.9583,-0.2806,0.0242,0.0497,-0.77,-5.14,8.30,-0.88,0.12,0.50,9.79,0,1.70,0.0037,0.1080,0,0.000,0.000,0.00,0.00,0.000,0,1000
phase1 acc_mag=9.876 gravity=9.817 motion=0.059 moving_avg=0.041 rms=0.058 mean_rms=0.059 max_rms=0.065 min_rms=0.049 std=0.003 var=0.000 state=standing thr=0.080/0.350/0.850
-4.25,32.50,354.00,0.9581,-0.2810,0.0242,0.0497,-0.74,-5.18,8.35,0.06,0.19,-0.50,9.85,0,1.70,0.0037,0.1082,0,0.000,0.000,0.00,0.00,0.000,0,1000
-4.25,32.44,354.00,0.9581,-0.2808,0.0242,0.0497,-0.78,-5.23,8.24,-0.38,0.19,0.12,9.79,0,1.70,0.0037,0.1081,0,0.000,0.000,0.00,0.00,0.000,0,1000
-4.25,32.44,354.00,0.9581,-0.2808,0.0242,0.0497,-0.77,-5.16,8.34,0.50,-0.12,-0.38,9.84,0,1.70,0.0037,0.1081,0,0.000,0.000,0.00,0.00,0.000,0,1000
phase1 acc_mag=9.814 gravity=9.816 motion=0.002 moving_avg=0.036 rms=0.051 mean_rms=0.059 max_rms=0.065 min_rms=0.051 std=0.004 var=0.000 state=standing thr=0.080/0.350/0.850
-4.25,32.44,354.00,0.9583,-0.2806,0.0242,0.0497,-0.76,-5.15,8.32,-0.12,-0.31,0.25,9.81,0,1.70,0.0037,0.1081,0,0.000,0.000,0.00,0.00,0.000,0,1000
-4.19,32.44,354.06,0.9582,-0.2808,0.0240,0.0495,-0.74,-5.19,8.32,-0.62,0.31,-1.12,9.83,0,1.70,0.0037,0.1081,0,0.000,0.000,0.00,0.00,0.000,0,1000
-4.12,32.56,354.19,0.9579,-0.2819,0.0238,0.0485,-0.73,-5.24,8.31,-2.44,0.12,-2.12,9.85,0,1.70,0.0037,0.1085,0,0.000,0.000,0.00,0.00,0.000,0,1000
-4.06,32.75,354.25,0.9576,-0.2833,0.0234,0.0476,-0.72,-5.25,8.32,-2.44,-0.19,-1.69,9.86,0,1.70,0.0036,0.1090,0,0.000,0.000,0.00,0.00,0.000,0,1000
phase1 acc_mag=9.860 gravity=9.818 motion=0.042 moving_avg=0.033 rms=0.040 mean_rms=0.055 max_rms=0.062 min_rms=0.038 std=0.008 var=0.000 state=standing thr=0.080/0.350/0.850
-4.00,32.75,354.44,0.9578,-0.2828,0.0227,0.0464,-0.63,-5.34,8.41,-0.19,-0.81,-1.00,9.98,0,1.70,0.0034,0.1088,0,0.000,0.000,0.00,0.00,0.000,0,1000
-3.94,32.88,354.44,0.9574,-0.2841,0.0226,0.0464,-0.61,-5.48,8.25,-4.00,-0.19,-0.94,9.92,0,1.70,0.0034,0.1092,0,0.000,0.000,0.00,0.00,0.000,0,1000
-3.81,32.94,354.62,0.9574,-0.2845,0.0219,0.0443,-0.70,-5.24,8.36,-0.62,-0.12,-3.44,9.89,0,1.70,0.0033,0.1094,0,0.000,0.000,0.00,0.00,0.000,0,1000
-3.69,32.88,354.81,0.9576,-0.2841,0.0209,0.0432,-0.59,-5.28,8.23,2.50,-2.12,-3.12,9.80,0,1.70,0.0031,0.1092,0,0.000,0.000,0.00,0.00,0.000,0,1000
phase1 acc_mag=9.866 gravity=9.820 motion=0.046 moving_avg=0.039 rms=0.050 mean_rms=0.053 max_rms=0.062 min_rms=0.038 std=0.008 var=0.000 state=standing thr=0.080/0.350/0.850
-3.44,32.81,355.25,0.9581,-0.2831,0.0201,0.0387,-1.30,-4.75,8.24,1.50,1.75,-6.56,9.60,0,1.70,0.0033,0.1088,0,0.000,0.000,0.00,0.00,0.000,0,1000
-3.44,33.12,355.56,0.9573,-0.2859,0.0206,0.0369,-0.84,-5.37,8.14,-9.06,2.25,-0.75,9.79,0,1.70,0.0037,0.1098,0,0.000,0.000,0.00,0.00,0.000,0,1000
-3.50,33.31,355.62,0.9568,-0.2877,0.0212,0.0361,-0.72,-5.15,8.28,-0.31,0.44,-2.19,9.78,0,1.70,0.0040,0.1104,0,0.000,0.000,0.00,0.00,0.000,0,1000
-3.50,33.19,355.69,0.9572,-0.2864,0.0213,0.0361,-0.58,-5.42,8.23,1.94,0.19,1.50,9.87,0,1.70,0.0040,0.1100,0,0.000,0.000,0.00,0.00,0.000,0,1000
phase1 acc_mag=9.780 gravity=9.818 motion=0.038 moving_avg=0.052 rms=0.069 mean_rms=0.053 max_rms=0.069 min_rms=0.038 std=0.008 var=0.000 state=standing thr=0.080/0.350/0.850
-3.56,33.06,355.50,0.9574,-0.2855,0.0217,0.0372,-0.66,-5.21,8.16,1.38,-0.38,2.69,9.70,0,1.70,0.0041,0.1097,0,0.000,0.000,0.00,0.00,0.000,0,1000
-3.62,33.19,355.31,0.9569,-0.2869,0.0218,0.0389,-0.59,-5.46,8.28,-2.69,-1.19,1.38,9.94,0,1.70,0.0039,0.1101,0,0.000,0.000,0.00,0.00,0.000,0,1000
-3.62,33.31,355.19,0.9567,-0.2877,0.0211,0.0400,-0.56,-5.25,8.26,-0.50,-2.75,2.38,9.80,0,1.70,0.0035,0.1104,0,0.000,0.000,0.00,0.00,0.000,0,1000
-3.56,33.31,355.06,0.9568,-0.2872,0.0206,0.0411,-0.58,-5.38,8.21,1.19,-0.62,0.44,9.83,0,1.70,0.0032,0.1102,0,0.000,0.000,0.00,0.00,0.000,0,1000
phase1 acc_mag=9.791 gravity=9.819 motion=0.028 moving_avg=0.059 rms=0.078 mean_rms=0.057 max_rms=0.078 min_rms=0.038 std=0.012 var=0.000 state=standing thr=0.081/0.350/0.850
-3.56,33.19,355.19,0.9571,-0.2863,0.0207,0.0400,-0.64,-5.32,8.33,0.94,1.50,-2.81,9.90,0,1.70,0.0033,0.1099,0,0.000,0.000,0.00,0.00,0.000,0,1000
-3.56,33.12,355.31,0.9572,-0.2859,0.0211,0.0386,-0.69,-5.31,8.20,0.94,0.62,-0.75,9.79,0,1.70,0.0037,0.1098,0,0.000,0.000,0.00,0.00,0.000,0,1000
-3.56,33.12,355.31,0.9572,-0.2861,0.0212,0.0389,-0.66,-5.28,8.27,-1.19,0.06,1.00,9.83,0,1.70,0.0037,0.1099,0,0.000,0.000,0.00,0.00,0.000,0,1000
-3.56,33.12,355.31,0.9573,-0.2856,0.0214,0.0387,-0.64,-5.22,8.26,1.88,1.06,-1.62,9.79,0,1.70,0.0038,0.1097,0,0.000,0.000,0.00,0.00,0.000,0,1000
phase1 acc_mag=9.840 gravity=9.821 motion=0.018 moving_avg=0.060 rms=0.078 mean_rms=0.062 max_rms=0.079 min_rms=0.038 std=0.014 var=0.000 state=standing thr=0.091/0.350/0.850
-3.62,32.94,355.50,0.9576,-0.2846,0.0220,0.0375,-0.70,-5.16,8.27,2.12,1.75,-1.62,9.77,0,1.70,0.0042,0.1093,0,0.000,0.000,0.00,0.00,0.000,0,1000
-3.62,32.88,355.62,0.9579,-0.2837,0.0228,0.0361,-0.66,-5.23,8.26,1.50,1.50,-2.00,9.80,0,1.70,0.0046,0.1090,0,0.000,0.000,0.00,0.00,0.000,0,1000
-3.69,32.75,355.88,0.9583,-0.2828,0.0238,0.0343,-0.69,-5.20,8.29,1.12,1.75,-1.38,9.81,0,1.70,0.0052,0.1087,0,0.000,0.000,0.00,0.00,0.000,0,1000
-3.75,32.69,355.88,0.9584,-0.2825,0.0242,0.0342,-0.75,-5.20,8.22,-0.50,-0.12,0.88,9.76,0,1.70,0.0054,0.1086,0,0.000,0.000,0.00,0.00,0.000,0,1000
phase1 acc_mag=9.787 gravity=9.821 motion=0.033 moving_avg=0.056 rms=0.073 mean_rms=0.070 max_rms=0.079 min_rms=0.049 std=0.010 var=0.000 state=standing thr=0.090/0.350/0.850
-3.75,32.69,355.81,0.9584,-0.2824,0.0244,0.0346,-0.63,-5.14,8.32,1.44,0.94,-0.62,9.80,0,1.70,0.0054,0.1086,0,0.000,0.000,0.00,0.00,0.000,0,1000
-3.81,32.69,356.00,0.9585,-0.2821,0.0250,0.0333,-0.68,-5.21,8.33,1.50,1.56,-1.88,9.85,0,1.70,0.0058,0.1085,0,0.000,0.000,0.00,0.00,0.000,0,1000
-3.81,32.69,356.12,0.9584,-0.2823,0.0252,0.0323,-0.62,-5.23,8.28,-0.81,0.25,-0.69,9.81,0,1.70,0.0060,0.1085,0,0.000,0.000,0.00,0.00,0.000,0,1000
-3.81,32.81,356.12,0.9583,-0.2830,0.0252,0.0323,-0.68,-5.21,8.29,-1.50,-0.06,-0.31,9.81,0,1.70,0.0060,0.1088,0,0.000,0.000,0.00,0.00,0.000,0,1000
phase1 acc_mag=9.848 gravity=9.822 motion=0.027 moving_avg=0.048 rms=0.064 mean_rms=0.073 max_rms=0.079 min_rms=0.060 std=0.005 var=0.000 state=standing thr=0.084/0.350/0.850
-3.81,32.75,356.19,0.9584,-0.2826,0.0254,0.0316,-0.70,-5.15,8.23,2.44,1.38,-1.88,9.73,0,1.70,0.0062,0.1087,0,0.000,0.000,0.00,0.00,0.000,0,1000
-3.81,32.62,356.38,0.9587,-0.2817,0.0259,0.0300,-0.70,-5.35,8.24,2.31,1.94,-2.69,9.85,0,1.70,0.0066,0.1083,0,0.000,0.000,0.00,0.00,0.000,0,1000
-3.88,32.44,356.56,0.9591,-0.2802,0.0271,0.0285,-0.76,-5.09,8.30,3.00,2.44,-1.00,9.77,0,1.70,0.0072,0.1078,0,0.000,0.000,0.00,0.00,0.000,0,1000
-4.00,32.38,356.44,0.9593,-0.2795,0.0280,0.0300,-0.78,-5.08,8.26,-0.44,-0.81,5.25,9.73,0,1.70,0.0074,0.1076,0,0.000,0.000,0.00,0.00,0.000,0,1000
phase1 acc_mag=9.783 gravity=9.821 motion=0.038 moving_avg=0.038 rms=0.051 mean_rms=0.072 max_rms=0.079 min_rms=0.051 std=0.008 var=0.000 state=standing thr=0.088/0.350/0.850
-4.12,32.44,356.00,0.9589,-0.2803,0.0278,0.0334,-0.68,-5.31,8.27,-2.75,-2.31,6.44,9.85,0,1.70,0.0069,0.1079,0,0.000,0.000,0.00,0.00,0.000,0,1000
-4.12,32.62,355.75,0.9584,-0.2820,0.0278,0.0352,-0.64,-5.25,8.36,-1.06,0.25,0.19,9.89,0,1.70,0.0067,0.1085,0,0.000,0.000,0.00,0.00,0.000,0,1000
-4.19,32.75,355.75,0.9581,-0.2828,0.0278,0.0353,-0.72,-5.19,8.28,-2.94,0.38,0.81,9.80,0,1.70,0.0067,0.1088,0,0.000,0.000,0.00,0.00,0.000,0,1000
-4.19,32.88,355.69,0.9578,-0.2839,0.0280,0.0359,-0.74,-5.22,8.28,-2.25,-0.31,0.94,9.82,0,1.70,0.0067,0.1092,0,0.000,0.000,0.00,0.00,0.000,0,1000
phase1 acc_mag=9.789 gravity=9.817 motion=0.027 moving_avg=0.034 rms=0.042 mean_rms=0.065 max_rms=0.079 min_rms=0.042 std=0.013 var=0.000 state=standing thr=0.091/0.350/0.850
-4.25,33.06,355.62,0.9572,-0.2856,0.0281,0.0366,-0.78,-5.31,8.28,-3.44,-0.62,1.00,9.87,0,1.70,0.0066,0.1098,0,0.000,0.000,0.00,0.00,0.000,0,1000
-4.25,33.19,355.50,0.9568,-0.2869,0.0277,0.0375,-0.74,-5.32,8.23,-2.44,-0.75,1.19,9.83,0,1.70,0.0063,0.1102,0,0.000,0.000,0.00,0.00,0.000,0,1000
-4.25,33.38,355.38,0.9564,-0.2881,0.0275,0.0382,-0.69,-5.33,8.16,-2.38,-0.31,0.88,9.77,0,1.70,0.0061,0.1106,0,0.000,0.000,0.00,0.00,0.000,0,1000
-4.25,33.44,355.38,0.9562,-0.2889,0.0274,0.0381,-0.76,-5.38,8.24,-1.19,-0.06,-1.00,9.87,0,1.70,0.0061,0.1109,0,0.000,0.000,0.00,0.00,0.000,0,1000
phase1 acc_mag=9.797 gravity=9.818 motion=0.021 moving_avg=0.034 rms=0.042 mean_rms=0.057 max_rms=0.079 min_rms=0.040 std=0.014 var=0.000 state=standing thr=0.085/0.350/0.850
-4.19,33.50,355.50,0.9561,-0.2894,0.0272,0.0374,-0.74,-5.37,8.20,-0.38,0.12,-1.00,9.83,0,1.70,0.0061,0.1111,0,0.000,0.000,0.00,0.00,0.000,0,1000
-4.19,33.56,355.50,0.9560,-0.2897,0.0270,0.0372,-0.73,-5.24,8.22,-0.69,0.19,-0.19,9.78,0,1.70,0.0060,0.1112,0,0.000,0.000,0.00,0.00,0.000,0,1000
-4.19,33.62,355.56,0.9559,-0.2901,0.0272,0.0368,-0.79,-5.42,8.26,1.62,0.94,-1.62,9.91,0,1.70,0.0061,0.1113,0,0.000,0.000,0.00,0.00,0.000,0,1000
-4.19,33.50,355.69,0.9562,-0.2893,0.0276,0.0356,-0.78,-5.38,8.18,0.69,1.31,-0.88,9.82,0,1.70,0.0065,0.1110,0,0.000,0.000,0.00,0.00,0.000,0,1000
phase1 acc_mag=9.803 gravity=9.820 motion=0.018 moving_avg=0.033 rms=0.041 mean_rms=0.050 max_rms=0.072 min_rms=0.040 std=0.011 var=0.000 state=standing thr=0.080/0.350/0.850
-4.19,33.50,355.69,0.9562,-0.2891,0.0276,0.0359,-0.73,-5.34,8.17,-0.88,-0.69,1.50,9.79,0,1.70,0.0064,0.1110,0,0.000,0.000,0.00,0.00,0.000,0,1000
-4.44,33.38,355.69,0.9564,-0.2883,0.0300,0.0358,-1.04,-4.86,8.44,-0.69,-3.31,4.38,9.79,0,1.70,0.0074,0.1107,0,0.000,0.000,0.00,0.00,0.000,0,1000
-4.25,33.50,355.50,0.9560,-0.2897,0.0272,0.0377,-0.53,-5.70,8.11,-6.69,-4.50,1.19,9.93,0,1.70,0.0060,0.1112,0,0.000,0.000,0.00,0.00,0.000,0,1000
-4.19,33.62,355.38,0.9558,-0.2902,0.0270,0.0383,-0.72,-5.30,8.25,0.88,-0.44,0.69,9.83,0,1.70,0.0059,0.1114,0,0.000,0.000,0.00,0.00,0.000,0,1000
phase1 acc_mag=9.515 gravity=9.838 motion=0.323 moving_avg=0.061 rms=0.139 mean_rms=0.060 max_rms=0.139 min_rms=0.040 std=0.034 var=0.001 state=slow thr=0.127/0.350/0.850
-4.38,33.38,355.56,0.9565,-0.2877,0.0289,0.0370,-0.85,-3.82,8.58,2.12,-0.69,1.31,9.43,0,1.70,0.0068,0.1105,0,0.000,0.000,0.00,0.00,0.000,0,1000
-4.19,33.56,355.44,0.9561,-0.2894,0.0269,0.0379,-0.57,-6.04,7.96,-7.81,-4.62,3.25,10.01,0,1.70,0.0059,0.1111,0,0.000,0.000,0.00,0.00,0.000,0,1000
-4.19,33.62,355.31,0.9559,-0.2900,0.0265,0.0389,-0.79,-5.34,8.30,1.50,0.12,0.50,9.90,0,1.70,0.0056,0.1113,0,0.000,0.000,0.00,0.00,0.000,0,1000
-4.12,33.50,355.31,0.9561,-0.2892,0.0263,0.0389,-0.79,-5.30,8.20,-0.50,-0.69,0.44,9.80,0,1.70,0.0056,0.1110,0,0.000,0.000,0.00,0.00,0.000,0,1000
phase1 acc_mag=9.895 gravity=9.838 motion=0.057 moving_avg=0.094 rms=0.180 mean_rms=0.085 max_rms=0.180 min_rms=0.040 std=0.057 var=0.003 state=standing thr=0.199/0.399/0.899
-4.12,33.50,355.19,0.9561,-0.2894,0.0259,0.0399,-0.77,-5.36,8.22,-0.62,-1.81,2.25,9.84,0,1.70,0.0053,0.1111,0,0.000,0.000,0.00,0.00,0.000,0,1000
-4.12,33.50,354.94,0.9559,-0.2895,0.0250,0.0422,-0.72,-5.46,8.26,-1.44,-1.62,2.56,9.93,0,1.70,0.0047,0.1111,0,0.000,0.000,0.00,0.00,0.000,0,1000
-4.06,33.38,354.88,0.9562,-0.2884,0.0244,0.0426,-0.74,-5.35,8.20,0.25,-1.25,0.88,9.82,0,1.70,0.0044,0.1107,0,0.000,0.000,0.00,0.00,0.000,0,1000
-4.06,33.31,354.75,0.9564,-0.2879,0.0240,0.0435,-0.68,-5.21,8.23,1.88,-1.38,1.62,9.76,0,1.70,0.0042,0.1106,0,0.000,0.000,0.00,0.00,0.000,0,1000
phase1 acc_mag=9.841 gravity=9.839 motion=0.002 moving_avg=0.093 rms=0.179 mean_rms=0.114 max_rms=0.180 min_rms=0.040 std=0.062 var=0.004 state=standing thr=0.238/0.438/0.938
-4.00,33.31,354.69,0.9564,-0.2877,0.0233,0.0443,-0.68,-5.25,8.24,1.12,-0.94,-0.56,9.79,0,1.70,0.0038,0.1105,0,0.000,0.000,0.00,0.00,0.000,0,1000
-4.00,33.31,354.69,0.9565,-0.2876,0.0233,0.0442,-0.71,-5.27,8.18,-0.88,-0.25,0.56,9.76,0,1.70,0.0038,0.1104,0,0.000,0.000,0.00,0.00,0.000,0,1000
-4.00,33.44,354.56,0.9561,-0.2886,0.0229,0.0451,-0.65,-5.43,8.23,-2.69,-1.31,1.25,9.88,0,1.70,0.0035,0.1108,0,0.000,0.000,0.00,0.00,0.000,0,1000
phase1 acc_mag=9.881 gravity=9.842 motion=0.039 moving_avg=0.093 rms=0.180 mean_rms=0.145 max_rms=0.180 min_rms=0.040 std=0.052 var=0.003 state=standing thr=0.248/0.448/0.948
-4.00,33.50,354.56,0.9558,-0.2897,0.0229,0.0449,-0.67,-5.35,8.28,-1.50,0.94,-0.94,9.88,0,1.70,0.0036,0.1112,0,0.000,0.000,0.00,0.00,0.000,0,1000
-4.00,33.56,354.75,0.9558,-0.2899,0.0239,0.0435,-0.80,-5.37,8.20,0.75,1.56,-1.44,9.83,0,1.70,0.0041,0.1112,0,0.000,0.000,0.00,0.00,0.000,0,1000
-4.06,33.44,354.88,0.9562,-0.2888,0.0245,0.0424,-0.68,-5.19,8.26,2.88,1.81,-1.81,9.78,0,1.70,0.0045,0.1109,0,0.000,0.000,0.00,0.00,0.000,0,1000
-4.06,33.38,354.94,0.9563,-0.2883,0.0248,0.0424,-0.73,-5.28,8.29,1.56,-0.75,1.19,9.86,0,1.70,0.0046,0.1107,0,0.000,0.000,0.00,0.00,0.000,0,1000
phase1 acc_mag=9.832 gravity=9.829 motion=0.004 moving_avg=0.077 rms=0.143 mean_rms=0.170 max_rms=0.180 min_rms=0.117 std=0.017 var=0.000 state=standing thr=0.205/0.405/0.905
-4.06,33.38,354.75,0.9562,-0.2883,0.0244,0.0437,-0.71,-5.36,8.18,-1.25,-1.50,2.56,9.81,0,1.70,0.0043,0.1107,0,0.000,0.000,0.00,0.00,0.000,0,1000
-4.06,33.38,354.62,0.9562,-0.2881,0.0239,0.0448,-0.75,-5.30,8.20,1.12,-1.00,0.94,9.79,0,1.70,0.0040,0.1106,0,0.000,0.000,0.00,0.00,0.000,0,1000
-4.00,33.31,354.56,0.9563,-0.2879,0.0233,0.0452,-0.61,-5.33,8.25,0.25,-0.62,0.62,9.84,0,1.70,0.0037,0.1105,0,0.000,0.000,0.00,0.00,0.000,0,1000
-4.00,33.38,354.56,0.9563,-0.2881,0.0231,0.0449,-0.71,-5.41,8.19,-0.12,-0.25,-1.44,9.84,0,1.70,0.0037,0.1106,0,0.000,0.000,0.00,0.00,0.000,0,1000
phase1 acc_mag=9.800 gravity=9.830 motion=0.030 moving_avg=0.045 rms=0.070 mean_rms=0.165 max_rms=0.180 min_rms=0.070 std=0.027 var=0.001 state=standing thr=0.220/0.420/0.920
-3.94,33.44,354.69,0.9561,-0.2889,0.0229,0.0441,-0.75,-5.30,8.21,-1.88,0.38,-1.19,9.80,0,1.70,0.0037,0.1109,0,0.000,0.000,0.00,0.00,0.000,0,1000
-3.94,33.62,354.69,0.9557,-0.2903,0.0225,0.0441,-0.72,-5.37,8.21,-2.31,-0.81,0.12,9.84,0,1.70,0.0035,0.1114,0,0.000,0.000,0.00,0.00,0.000,0,1000
-3.88,33.81,354.69,0.9552,-0.2917,0.0224,0.0442,-0.74,-5.45,8.20,-2.12,-0.31,-0.06,9.87,0,1.70,0.0034,0.1119,0,0.000,0.000,0.00,0.00,0.000,0,1000
-3.94,33.88,354.69,0.9550,-0.2926,0.0227,0.0443,-0.77,-5.46,8.19,-2.00,0.06,0.81,9.87,0,1.70,0.0035,0.1122,0,0.000,0.000,0.00,0.00,0.000,0,1000
phase1 acc_mag=9.778 gravity=9.830 motion=0.052 moving_avg=0.035 rms=0.053 mean_rms=0.139 max_rms=0.180 min_rms=0.040 std=0.053 var=0.003 state=standing thr=0.245/0.445/0.945
-4.00,34.00,354.44,0.9547,-0.2933,0.0229,0.0460,-0.81,-5.33,8.22,-1.69,-1.56,4.06,9.83,0,1.70,0.0033,0.1124,0,0.000,0.000,0.00,0.00,0.000,0,1000
-4.12,34.00,354.12,0.9544,-0.2937,0.0229,0.0488,-0.72,-5.40,8.16,-0.69,-1.56,4.62,9.81,0,1.70,0.0030,0.1126,0,0.000,0.000,0.00,0.00,0.000,0,1000
-4.25,34.06,353.75,0.9541,-0.2940,0.0229,0.0522,-0.70,-5.46,8.20,-0.88,-1.00,4.25,9.88,0,1.70,0.0026,0.1127,0,0.000,0.000,0.00,0.00,0.000,0,1000
phase1 acc_mag=9.830 gravity=9.832 motion=0.002 moving_avg=0.033 rms=0.051 mean_rms=0.111 max_rms=0.180 min_rms=0.040 std=0.058 var=0.003 state=standing thr=0.227/0.427/0.927
-4.31,34.06,353.44,0.9539,-0.2943,0.0231,0.0545,-0.71,-5.42,8.17,-2.50,-0.75,3.88,9.83,0,1.70,0.0024,0.1128,0,0.000,0.000,0.00,0.00,0.000,0,1000
-4.44,34.12,352.94,0.9535,-0.2949,0.0229,0.0586,-0.70,-5.39,8.19,-0.94,-3.25,6.12,9.83,0,1.70,0.0018,0.1130,0,0.000,0.000,0.00,0.00,0.000,0,1000
-4.50,34.12,352.50,0.9531,-0.2952,0.0219,0.0627,-0.68,-5.38,8.13,-0.94,-2.56,4.31,9.77,0,1.70,0.0009,0.1131,0,0.000,0.000,0.00,0.00,0.000,0,1000
-4.50,34.19,352.19,0.9529,-0.2955,0.0213,0.0648,-0.73,-5.36,8.16,-0.12,-1.38,2.62,9.79,0,1.70,0.0005,0.1132,0,0.000,0.000,0.00,0.00,0.000,0,1000
phase1 acc_mag=9.856 gravity=9.834 motion=0.023 moving_avg=0.031 rms=0.048 mean_rms=0.085 max_rms=0.180 min_rms=0.040 std=0.050 var=0.002 state=standing thr=0.185/0.385/0.885
-4.50,34.19,352.00,0.9527,-0.2958,0.0208,0.0668,-0.72,-5.56,8.15,0.31,-2.38,2.69,9.89,0,1.70,0.0000,0.1133,0,0.000,0.000,0.00,0.00,0.000,0,1000
-4.38,34.06,351.94,0.9531,-0.2945,0.0197,0.0668,-0.74,-5.25,8.20,3.75,-0.12,-2.44,9.76,0,1.70,-0.0004,0.1128,0,0.000,0.000,0.00,0.00,0.000,0,1000
-4.38,33.94,352.00,0.9534,-0.2936,0.0197,0.0664,-0.80,-5.48,8.12,-1.25,-0.50,1.12,9.83,0,1.70,-0.0003,0.1125,0,0.000,0.000,0.00,0.00,0.000,0,1000
-4.38,34.06,351.62,0.9528,-0.2949,0.0187,0.0695,-0.59,-5.39,8.20,-1.94,-4.00,5.06,9.83,0,1.70,-0.0011,0.1129,0,0.000,0.000,0.00,0.00,0.000,0,1000
phase1 acc_mag=9.854 gravity=9.833 motion=0.021 moving_avg=0.034 rms=0.051 mean_rms=0.061 max_rms=0.128 min_rms=0.040 std=0.026 var=0.001 state=standing thr=0.113/0.350/0.850
-4.38,34.06,351.50,0.9528,-0.2948,0.0186,0.0704,-0.76,-5.43,8.18,1.94,1.31,-0.88,9.85,0,1.70,-0.0012,0.1129,0,0.000,0.000,0.00,0.00,0.000,0,1000
-4.38,34.00,351.56,0.9531,-0.2940,0.0190,0.0699,-0.77,-5.36,8.16,0.75,-0.12,0.62,9.79,0,1.70,-0.0010,0.1126,0,0.000,0.000,0.00,0.00,0.000,0,1000
-4.44,34.00,351.44,0.9530,-0.2939,0.0191,0.0711,-0.72,-5.38,8.21,0.25,-0.88,2.31,9.84,0,1.70,-0.0011,0.1126,0,0.000,0.000,0.00,0.00,0.000,0,1000
phase1 acc_mag=9.836 gravity=9.835 motion=0.001 moving_avg=0.031 rms=0.049 mean_rms=0.050 max_rms=0.053 min_rms=0.040 std=0.003 var=0.000 state=standing thr=0.080/0.350/0.850
-4.50,34.00,351.31,0.9528,-0.2943,0.0195,0.0725,-0.79,-5.42,8.17,-1.69,-0.06,2.25,9.84,0,1.70,-0.0011,0.1127,0,0.000,0.000,0.00,0.00,0.000,0,1000
-4.62,34.12,351.06,0.9523,-0.2952,0.0198,0.0742,-0.77,-5.48,8.19,-1.31,-0.69,2.00,9.88,0,1.70,-0.0012,0.1130,0,0.000,0.000,0.00,0.00,0.000,0,1000
-4.69,34.19,350.88,0.9521,-0.2957,0.0195,0.0755,-0.68,-5.44,8.18,-1.44,-0.88,2.19,9.85,0,1.70,-0.0015,0.1132,0,0.000,0.000,0.00,0.00,0.000,0,1000
-4.62,34.19,350.81,0.9520,-0.2957,0.0191,0.0762,-0.69,-5.42,8.15,1.12,-0.12,-0.44,9.81,0,1.70,-0.0017,0.1132,0,0.000,0.000,0.00,0.00,0.000,0,1000
phase1 acc_mag=9.800 gravity=9.836 motion=0.037 moving_avg=0.028 rms=0.036 mean_rms=0.049 max_rms=0.053 min_rms=0.036 std=0.004 var=0.000 state=standing thr=0.080/0.350/0.850
-4.62,34.12,350.88,0.9523,-0.2952,0.0193,0.0755,-0.79,-5.42,8.18,-0.44,1.12,-1.38,9.84,0,1.70,-0.0016,0.1130,0,0.000,0.000,0.00,0.00,0.000,0,1000
-4.62,34.19,351.06,0.9521,-0.2958,0.0195,0.0743,-0.80,-5.54,8.12,0.19,0.44,-2.25,9.86,0,1.70,-0.0014,0.1133,0,0.000,0.000,0.00,0.00,0.000,0,1000
-4.56,34.06,351.25,0.9526,-0.2947,0.0198,0.0724,-0.76,-5.41,8.21,1.94,0.94,-2.06,9.86,0,1.70,-0.0010,0.1129,0,0.000,0.000,0.00,0.00,0.000,0,1000
-4.56,33.94,351.50,0.9531,-0.2938,0.0202,0.0704,-0.83,-5.37,8.19,1.31,0.75,-2.44,9.83,0,1.70,-0.0006,0.1126,0,0.000,0.000,0.00,0.00,0.000,0,1000
phase1 acc_mag=9.883 gravity=9.839 motion=0.044 moving_avg=0.034 rms=0.044 mean_rms=0.047 max_rms=0.051 min_rms=0.036 std=0.005 var=0.000 state=standing thr=0.080/0.350/0.850
-4.50,33.94,351.62,0.9532,-0.2936,0.0199,0.0692,-0.77,-5.44,8.14,0.75,-0.25,-1.88,9.82,0,1.70,-0.0005,0.1125,0,0.000,0.000,0.00,0.00,0.000,0,1000
-4.44,34.00,351.75,0.9532,-0.2939,0.0195,0.0685,-0.73,-5.36,8.22,-1.25,-0.75,-1.50,9.84,0,1.70,-0.0006,0.1126,0,0.000,0.000,0.00,0.00,0.000,0,1000
-4.38,34.00,351.88,0.9531,-0.2943,0.0194,0.0674,-0.77,-5.51,8.10,0.06,0.88,-2.06,9.83,0,1.70,-0.0005,0.1127,0,0.000,0.000,0.00,0.00,0.000,0,1000
-4.31,34.00,352.06,0.9534,-0.2939,0.0193,0.0658,-0.76,-5.42,8.15,1.00,0.31,-2.81,9.82,0,1.70,-0.0004,0.1126,0,0.000,0.000,0.00,0.00,0.000,0,1000
phase1 acc_mag=9.801 gravity=9.838 motion=0.038 moving_avg=0.035 rms=0.048 mean_rms=0.046 max_rms=0.051 min_rms=0.036 std=0.005 var=0.000 state=standing thr=0.080/0.350/0.850
-4.19,34.00,352.25,0.9535,-0.2938,0.0189,0.0644,-0.78,-5.45,8.17,-0.56,0.56,-2.62,9.85,0,1.70,-0.0004,0.1125,0,0.000,0.000,0.00,0.00,0.000,0,1000
-4.12,34.00,352.38,0.9536,-0.2938,0.0183,0.0634,-0.66,-5.50,8.14,0.06,-1.06,-0.38,9.85,0,1.70,-0.0005,0.1125,0,0.000,0.000,0.00,0.00,0.000,0,1000
-4.06,34.06,352.31,0.9534,-0.2944,0.0175,0.0638,-0.68,-5.39,8.16,-0.56,-1.62,-0.25,9.80,0,1.70,-0.0008,0.1127,0,0.000,0.000,0.00,0.00,0.000,0,1000
-3.94,34.00,352.31,0.9535,-0.2941,0.0167,0.0638,-0.59,-5.41,8.13,-0.19,-1.00,-0.25,9.78,0,1.70,-0.0011,0.1126,0,0.000,0.000,0.00,0.00,0.000,0,1000
phase1 acc_mag=9.791 gravity=9.835 motion=0.045 moving_avg=0.032 rms=0.045 mean_rms=0.046 max_rms=0.051 min_rms=0.036 std=0.004 var=0.000 state=standing thr=0.080/0.350/0.850
-3.94,34.00,352.31,0.9536,-0.2939,0.0166,0.0637,-0.71,-5.51,8.12,1.31,-0.25,-1.19,9.84,0,1.70,-0.0012,0.1125,0,0.000,0.000,0.00,0.00,0.000,0,1000
-3.88,33.94,352.44,0.9538,-0.2933,0.0165,0.0630,-0.71,-5.47,8.24,0.44,0.69,-1.38,9.92,0,1.70,-0.0011,0.1123,0,0.000,0.000,0.00,0.00,0.000,0,1000
-3.88,33.88,352.50,0.9540,-0.2927,0.0165,0.0624,-0.64,-5.45,8.26,-0.12,-0.88,-0.44,9.92,0,1.70,-0.0010,0.1121,0,0.000,0.000,0.00,0.00,0.000,0,1000
-3.88,33.81,352.50,0.9543,-0.2920,0.0165,0.0620,-0.60,-5.38,8.15,1.62,0.62,-1.31,9.78,0,1.70,-0.0009,0.1119,0,0.000,0.000,0.00,0.00,0.000,0,1000
phase1 acc_mag=9.845 gravity=9.841 motion=0.005 moving_avg=0.037 rms=0.051 mean_rms=0.045 max_rms=0.052 min_rms=0.036 std=0.004 var=0.000 state=standing thr=0.080/0.350/0.850
-3.88,33.56,352.81,0.9549,-0.2903,0.0177,0.0598,-0.74,-5.37,8.22,2.75,3.50,-2.75,9.85,0,1.70,-0.0002,0.1113,0,0.000,0.000,0.00,0.00,0.000,0,1000
-3.94,33.56,352.94,0.9550,-0.2902,0.0186,0.0585,-0.81,-5.48,8.16,-0.94,1.75,-1.69,9.86,0,1.70,0.0003,0.1113,0,0.000,0.000,0.00,0.00,0.000,0,1000
-3.94,33.56,352.94,0.9549,-0.2904,0.0186,0.0589,-0.69,-5.25,8.23,-1.56,-1.75,3.06,9.79,0,1.70,0.0002,0.1114,0,0.000,0.000,0.00,0.00,0.000,0,1000
-4.00,33.69,352.75,0.9546,-0.2913,0.0184,0.0601,-0.57,-5.42,8.20,-1.00,1.00,0.12,9.85,0,1.70,0.0000,0.1117,0,0.000,0.000,0.00,0.00,0.000,0,1000
phase1 acc_mag=9.861 gravity=9.837 motion=0.024 moving_avg=0.037 rms=0.050 mean_rms=0.047 max_rms=0.052 min_rms=0.038 std=0.003 var=0.000 state=standing thr=0.080/0.350/0.850
-4.00,33.62,353.00,0.9549,-0.2906,0.0194,0.0580,-0.73,-5.31,8.21,2.62,2.94,-3.56,9.80,0,1.70,0.0007,0.1115,0,0.000,0.000,0.00,0.00,0.000,0,1000
-4.06,33.56,353.06,0.9550,-0.2902,0.0200,0.0575,-0.74,-5.27,8.15,-0.31,0.00,0.94,9.73,0,1.70,0.0009,0.1113,0,0.000,0.000,0.00,0.00,0.000,0,1000
-4.06,33.62,353.06,0.9549,-0.2906,0.0201,0.0574,-0.72,-5.39,8.24,0.81,1.12,-1.12,9.87,0,1.70,0.0010,0.1115,0,0.000,0.000,0.00,0.00,0.000,0,1000
-4.12,33.50,353.31,0.9554,-0.2893,0.0212,0.0551,-0.74,-5.35,8.23,2.62,2.00,-2.75,9.84,0,1.70,0.0017,0.1110,0,0.000,0.000,0.00,0.00,0.000,0,1000
phase1 acc_mag=9.875 gravity=9.837 motion=0.038 moving_avg=0.034 rms=0.046 mean_rms=0.048 max_rms=0.052 min_rms=0.044 std=0.002 var=0.000 state=standing thr=0.080/0.350/0.850
-4.19,33.31,353.38,0.9557,-0.2882,0.0216,0.0551,-0.79,-5.31,8.22,0.25,-0.81,2.56,9.82,0,1.70,0.0019,0.1107,0,0.000,0.000,0.00,0.00,0.000,0,1000
-4.19,33.38,353.19,0.9554,-0.2889,0.0215,0.0565,-0.73,-5.31,8.21,-0.94,-0.44,1.12,9.80,0,1.70,0.0017,0.1109,0,0.000,0.000,0.00,0.00,0.000,0,1000
-4.19,33.38,353.19,0.9556,-0.2885,0.0216,0.0566,-0.75,-5.37,8.23,-0.38,-0.25,0.62,9.86,0,1.70,0.0017,0.1107,0,0.000,0.000,0.00,0.00,0.000,0,1000
phase1 acc_mag=9.805 gravity=9.835 motion=0.029 moving_avg=0.033 rms=0.043 mean_rms=0.047 max_rms=0.052 min_rms=0.042 std=0.003 var=0.000 state=standing thr=0.080/0.350/0.850
-4.19,33.38,353.12,0.9555,-0.2885,0.0210,0.0574,-0.69,-5.27,8.24,0.25,-1.50,0.75,9.81,0,1.70,0.0014,0.1108,0,0.000,0.000,0.00,0.00,0.000,0,1000
-4.12,33.44,353.06,0.9554,-0.2891,0.0203,0.0576,-0.70,-5.37,8.33,-1.56,-0.81,0.75,9.94,0,1.70,0.0011,0.1109,0,0.000,0.000,0.00,0.00,0.000,0,1000
-4.06,33.31,353.00,0.9556,-0.2881,0.0198,0.0584,-0.66,-5.38,8.26,1.56,-0.31,0.19,9.88,0,1.70,0.0009,0.1106,0,0.000,0.000,0.00,0.00,0.000,0,1000
-4.06,33.12,353.00,0.9561,-0.2865,0.0198,0.0582,-0.69,-5.27,8.23,1.62,0.06,-0.25,9.80,0,1.70,0.0009,0.1100,0,0.000,0.000,0.00,0.00,0.000,0,1000
phase1 acc_mag=9.556 gravity=9.832 motion=0.276 moving_avg=0.040 rms=0.058 mean_rms=0.047 max_rms=0.058 min_rms=0.042 std=0.003 var=0.000 state=standing thr=0.080/0.350/0.850
-4.06,33.00,352.94,0.9564,-0.2853,0.0201,0.0587,-0.84,-5.46,8.37,1.31,-0.56,2.00,10.03,0,1.70,0.0010,0.1096,0,0.000,0.000,0.00,0.00,0.000,0,1000
-4.12,32.88,352.75,0.9565,-0.2846,0.0198,0.0601,-0.75,-5.20,8.27,-0.31,-1.25,1.38,9.80,0,1.70,0.0007,0.1094,0,0.000,0.000,0.00,0.00,0.000,0,1000
-4.06,32.88,352.69,0.9566,-0.2842,0.0195,0.0610,-0.65,-5.21,8.22,-0.88,-0.56,0.62,9.75,0,1.70,0.0005,0.1092,0,0.000,0.000,0.00,0.00,0.000,0,1000
-4.12,33.00,352.56,0.9562,-0.2853,0.0192,0.0618,-0.76,-5.26,8.26,-1.56,-1.44,1.69,9.82,0,1.70,0.0003,0.1096,0,0.000,0.000,0.00,0.00,0.000,0,1000
phase1 acc_mag=9.833 gravity=9.825 motion=0.008 moving_avg=0.040 rms=0.059 mean_rms=0.050 max_rms=0.063 min_rms=0.042 std=0.006 var=0.000 state=standing thr=0.080/0.350/0.850
-4.12,33.12,352.31,0.9557,-0.2865,0.0186,0.0640,-0.71,-5.32,8.24,-2.75,-1.69,3.62,9.83,0,1.70,-0.0002,0.1100,0,0.000,0.000,0.00,0.00,0.000,0,1000
-4.12,33.38,352.06,0.9550,-0.2886,0.0182,0.0660,-0.67,-5.25,8.22,-2.19,-0.62,2.38,9.78,0,1.70,-0.0007,0.1107,0,0.000,0.000,0.00,0.00,0.000,0,1000
-4.25,33.38,351.94,0.9549,-0.2886,0.0189,0.0669,-0.63,-5.31,8.30,2.25,2.00,0.19,9.87,0,1.70,-0.0005,0.1108,0,0.000,0.000,0.00,0.00,0.000,0,1000
-4.31,33.19,352.06,0.9555,-0.2868,0.0203,0.0656,-0.69,-5.32,8.26,3.00,2.12,-1.81,9.85,0,1.70,0.0002,0.1101,0,0.000,0.000,0.00,0.00,0.000,0,1000
phase1 acc_mag=9.837 gravity=9.823 motion=0.014 moving_avg=0.043 rms=0.062 mean_rms=0.052 max_rms=0.063 min_rms=0.042 std=0.008 var=0.000 state=standing thr=0.080/0.350/0.850
-4.38,33.00,352.19,0.9559,-0.2856,0.0208,0.0651,-0.75,-5.22,8.26,0.25,-0.31,1.25,9.80,0,1.70,0.0005,0.1097,0,0.000,0.000,0.00,0.00,0.000,0,1000
-4.44,33.06,352.06,0.9556,-0.2863,0.0208,0.0657,-0.73,-5.41,8.30,-1.56,-0.44,-0.19,9.93,0,1.70,0.0004,0.1100,0,0.000,0.000,0.00,0.00,0.000,0,1000
-4.38,33.06,352.12,0.9557,-0.2862,0.0206,0.0656,-0.77,-5.32,8.26,1.38,-0.81,0.06,9.86,0,1.70,0.0004,0.1099,0,0.000,0.000,0.00,0.00,0.000,0,1000
phase1 acc_mag=9.778 gravity=9.826 motion=0.049 moving_avg=0.047 rms=0.071 mean_rms=0.057 max_rms=0.071 min_rms=0.042 std=0.009 var=0.000 state=standing thr=0.080/0.350/0.850
-4.31,33.06,352.12,0.9557,-0.2860,0.0201,0.0657,-0.72,-5.23,8.23,0.62,-0.56,-0.62,9.78,0,1.70,0.0002,0.1099,0,0.000,0.000,0.00,0.00,0.000,0,1000
-4.31,33.00,352.25,0.9560,-0.2855,0.0203,0.0645,-0.75,-5.25,8.29,-0.56,1.44,-1.81,9.84,0,1.70,0.0004,0.1097,0,0.000,0.000,0.00,0.00,0.000,0,1000
-4.31,33.06,352.25,0.9559,-0.2859,0.0204,0.0643,-0.75,-5.31,8.30,-0.94,-0.62,1.06,9.88,0,1.70,0.0005,0.1099,0,0.000,0.000,0.00,0.00,0.000,0,1000
-4.31,33.06,352.12,0.9557,-0.2864,0.0200,0.0656,-0.72,-5.36,8.26,-1.06,-1.06,1.50,9.87,0,1.70,0.0001,0.1100,0,0.000,0.000,0.00,0.00,0.000,0,1000
phase1 acc_mag=9.837 gravity=9.827 motion=0.011 moving_avg=0.046 rms=0.070 mean_rms=0.062 max_rms=0.071 min_rms=0.044 std=0.008 var=0.000 state=standing thr=0.080/0.350/0.850
-4.31,33.06,352.06,0.9557,-0.2864,0.0198,0.0657,-0.75,-5.35,8.22,0.69,0.62,-0.94,9.84,0,1.70,0.0001,0.1100,0,0.000,0.000,0.00,0.00,0.000,0,1000
-4.31,33.06,352.12,0.9557,-0.2861,0.0197,0.0657,-0.74,-5.25,8.31,-1.31,-1.06,1.31,9.86,0,1.70,0.0000,0.1099,0,0.000,0.000,0.00,0.00,0.000,0,1000
-4.25,33.12,352.06,0.9556,-0.2867,0.0194,0.0662,-0.71,-5.34,8.25,-1.00,-0.56,-0.12,9.85,0,1.70,-0.0002,0.1101,0,0.000,0.000,0.00,0.00,0.000,0,1000
-4.25,33.06,352.12,0.9557,-0.2864,0.0193,0.0657,-0.72,-5.25,8.22,-0.06,0.12,-0.62,9.78,0,1.70,-0.0002,0.1100,0,0.000,0.000,0.00,0.00,0.000,0,1000
phase1 acc_mag=9.869 gravity=9.822 motion=0.046 moving_avg=0.037 rms=0.053 mean_rms=0.065 max_rms=0.071 min_rms=0.053 std=0.005 var=0.000 state=standing thr=0.080/0.350/0.850
-4.25,33.12,352.12,0.9555,-0.2870,0.0192,0.0657,-0.73,-5.18,8.26,-0.94,-0.62,-0.31,9.78,0,1.70,-0.0002,0.1102,0,0.000,0.000,0.00,0.00,0.000,0,1000
-4.25,33.25,352.12,0.9553,-0.2877,0.0192,0.0657,-0.76,-5.22,8.28,-1.12,0.38,-0.12,9.82,0,1.70,-0.0002,0.1104,0,0.000,0.000,0.00,0.00,0.000,0,1000
-4.19,33.25,352.06,0.9553,-0.2877,0.0189,0.0658,-0.71,-5.29,8.27,-0.56,-0.56,0.00,9.84,0,1.70,-0.0004,0.1104,0,0.000,0.000,0.00,0.00,0.000,0,1000
phase1 acc_mag=9.793 gravity=9.826 motion=0.033 moving_avg=0.036 rms=0.052 mean_rms=0.063 max_rms=0.071 min_rms=0.052 std=0.007 var=0.000 state=standing thr=0.080/0.350/0.850
-4.19,33.25,352.12,0.9554,-0.2874,0.0189,0.0657,-0.71,-5.26,8.23,1.25,0.69,-0.94,9.79,0,1.70,-0.0003,0.1103,0,0.000,0.000,0.00,0.00,0.000,0,1000
-4.19,33.19,352.12,0.9554,-0.2872,0.0191,0.0652,-0.74,-5.26,8.23,0.75,-0.38,-0.12,9.80,0,1.70,-0.0002,0.1103,0,0.000,0.000,0.00,0.00,0.000,0,1000
-4.19,33.25,352.12,0.9554,-0.2875,0.0191,0.0652,-0.81,-5.38,8.24,-0.94,0.19,0.12,9.87,0,1.70,-0.0002,0.1104,0,0.000,0.000,0.00,0.00,0.000,0,1000
-4.19,33.25,352.19,0.9554,-0.2876,0.0188,0.0651,-0.64,-5.24,8.26,0.56,-0.38,-1.00,9.80,0,1.70,-0.0003,0.1104,0,0.000,0.000,0.00,0.00,0.000,0,1000
phase1 acc_mag=9.858 gravity=9.825 motion=0.033 moving_avg=0.033 rms=0.049 mean_rms=0.061 max_rms=0.071 min_rms=0.048 std=0.009 var=0.000 state=standing thr=0.080/0.350/0.850
-4.12,33.19,352.25,0.9554,-0.2874,0.0188,0.0645,-0.68,-5.22,8.25,-0.25,-0.06,0.12,9.79,0,1.70,-0.0002,0.1103,0,0.000,0.000,0.00,0.00,0.000,0,1000
-4.12,33.25,352.25,0.9554,-0.2875,0.0187,0.0645,-0.68,-5.26,8.31,-0.44,-0.38,0.06,9.86,0,1.70,-0.0003,0.1104,0,0.000,0.000,0.00,0.00,0.000,0,1000
-4.12,33.25,352.25,0.9554,-0.2876,0.0187,0.0644,-0.70,-5.31,8.25,-0.06,0.12,-0.88,9.84,0,1.70,-0.0003,0.1104,0,0.000,0.000,0.00,0.00,0.000,0,1000
-4.12,33.25,352.31,0.9554,-0.2875,0.0186,0.0640,-0.67,-5.26,8.22,-1.06,-0.38,-0.50,9.78,0,1.70,-0.0003,0.1104,0,0.000,0.000,0.00,0.00,0.000,0,1000
phase1 acc_mag=9.797 gravity=9.819 motion=0.022 moving_avg=0.028 rms=0.033 mean_rms=0.054 max_rms=0.070 min_rms=0.032 std=0.012 var=0.000 state=standing thr=0.080/0.350/0.850
-4.12,33.31,352.31,0.9552,-0.2883,0.0184,0.0641,-0.65,-5.31,8.22,-1.88,-0.75,0.62,9.81,0,1.70,-0.0004,0.1106,0,0.000,0.000,0.00,0.00,0.000,0,1000
-4.06,33.38,352.25,0.9550,-0.2891,0.0179,0.0644,-0.67,-5.34,8.21,-2.06,-0.69,0.38,9.82,0,1.70,-0.0006,0.1109,0,0.000,0.000,0.00,0.00,0.000,0,1000
-4.06,33.50,352.25,0.9548,-0.2895,0.0178,0.0644,-0.68,-5.30,8.23,-1.44,-0.69,0.31,9.81,0,1.70,-0.0006,0.1110,0,0.000,0.000,0.00,0.00,0.000,0,1000
-4.06,33.56,352.19,0.9545,-0.2903,0.0173,0.0654,-0.67,-5.31,8.25,-2.50,-1.44,2.31,9.83,0,1.70,-0.0010,0.1113,0,0.000,0.000,0.00,0.00,0.000,0,1000
phase1 acc_mag=9.821 gravity=9.819 motion=0.003 moving_avg=0.027 rms=0.033 mean_rms=0.046 max_rms=0.069 min_rms=0.032 std=0.011 var=0.000 state=standing thr=0.080/0.350/0.850
-4.00,33.69,351.94,0.9542,-0.2911,0.0164,0.0669,-0.59,-5.31,8.23,-0.38,-1.69,0.62,9.81,0,1.70,-0.0015,0.1115,0,0.000,0.000,0.00,0.00,0.000,0,1000
-4.00,33.69,351.94,0.9542,-0.2913,0.0161,0.0670,-0.71,-5.48,8.20,-0.56,-0.19,0.88,9.89,0,1.70,-0.0017,0.1116,0,0.000,0.000,0.00,0.00,0.000,0,1000
-4.00,33.69,351.94,0.9541,-0.2914,0.0161,0.0671,-0.65,-5.36,8.21,-0.69,-0.06,0.19,9.83,0,1.70,-0.0017,0.1117,0,0.000,0.000,0.00,0.00,0.000,0,1000
phase1 acc_mag=9.816 gravity=9.824 motion=0.008 moving_avg=0.027 rms=0.032 mean_rms=0.040 max_rms=0.053 min_rms=0.032 std=0.009 var=0.000 state=standing thr=0.080/0.350/0.850
-4.00,33.69,351.94,0.9541,-0.2914,0.0161,0.0671,-0.69,-5.32,8.22,0.44,0.12,-0.25,9.82,0,1.70,-0.0017,0.1117,0,0.000,0.000,0.00,0.00,0.000,0,1000
-3.94,33.75,351.94,0.9540,-0.2918,0.0160,0.0671,-0.62,-5.43,8.14,-0.75,-0.25,0.00,9.80,0,1.70,-0.0017,0.1118,0,0.000,0.000,0.00,0.00,0.000,0,1000
-3.94,33.81,351.94,0.9539,-0.2923,0.0159,0.0671,-0.70,-5.41,8.20,-1.25,-0.19,-0.25,9.85,0,1.70,-0.0018,0.1120,0,0.000,0.000,0.00,0.00,0.000,0,1000
-3.94,33.81,351.94,0.9538,-0.2925,0.0159,0.0671,-0.63,-5.37,8.17,0.00,-0.19,0.62,9.80,0,1.70,-0.0018,0.1120,0,0.000,0.000,0.00,0.00,0.000,0,1000
phase1 acc_mag=9.809 gravity=9.826 motion=0.016 moving_avg=0.025 rms=0.031 mean_rms=0.036 max_rms=0.052 min_rms=0.031 std=0.007 var=0.000 state=standing thr=0.080/0.350/0.850
-3.94,33.81,351.94,0.9538,-0.2925,0.0159,0.0670,-0.68,-5.45,8.20,-0.06,0.19,-0.94,9.87,0,1.70,-0.0018,0.1120,0,0.000,0.000,0.00,0.00,0.000,0,1000
-3.94,33.81,352.00,0.9540,-0.2921,0.0159,0.0663,-0.63,-5.28,8.24,1.75,0.38,-1.38,9.81,0,1.70,-0.0017,0.1119,0,0.000,0.000,0.00,0.00,0.000,0,1000
-3.94,33.81,352.00,0.9539,-0.2922,0.0159,0.0662,-0.70,-5.31,8.26,-0.44,0.06,0.31,9.84,0,1.70,-0.0017,0.1119,0,0.000,0.000,0.00,0.00,0.000,0,1000
-3.88,33.81,352.00,0.9538,-0.2925,0.0156,0.0663,-0.61,-5.36,8.23,0.00,-0.12,-0.25,9.84,0,1.70,-0.0018,0.1120,0,0.000,0.000,0.00,0.00,0.000,0,1000
phase1 acc_mag=9.851 gravity=9.828 motion=0.023 moving_avg=0.027 rms=0.035 mean_rms=0.033 max_rms=0.036 min_rms=0.031 std=0.001 var=0.000 state=standing thr=0.080/0.350/0.850
-3.88,33.81,352.00,0.9539,-0.2923,0.0156,0.0663,-0.68,-5.33,8.26,0.75,-0.12,0.00,9.85,0,1.70,-0.0018,0.1119,0,0.000,0.000,0.00,0.00,0.000,0,1000
-3.88,33.81,352.00,0.9538,-0.2925,0.0155,0.0663,-0.60,-5.32,8.23,1.44,-0.56,-0.31,9.82,0,1.70,-0.0018,0.1120,0,0.000,0.000,0.00,0.00,0.000,0,1000
-3.88,33.81,352.06,0.9540,-0.2921,0.0154,0.0660,-0.66,-5.35,8.19,1.06,0.12,-0.38,9.80,0,1.70,-0.0018,0.1119,0,0.000,0.000,0.00,0.00,0.000,0,1000
-3.81,33.69,352.12,0.9544,-0.2910,0.0153,0.0654,-0.65,-5.40,8.22,3.06,0.50,-2.12,9.86,0,1.70,-0.0018,0.1115,0,0.000,0.000,0.00,0.00,0.000,0,1000
phase1 acc_mag=9.692 gravity=9.831 motion=0.139 moving_avg=0.030 rms=0.040 mean_rms=0.033 max_rms=0.040 min_rms=0.031 std=0.002 var=0.000 state=standing thr=0.080/0.350/0.850
-3.81,33.62,352.25,0.9545,-0.2908,0.0154,0.0641,-0.68,-5.36,8.23,-1.25,0.56,-0.62,9.85,0,1.70,-0.0016,0.1114,0,0.000,0.000,0.00,0.00,0.000,0,1000
-3.81,33.50,352.31,0.9548,-0.2898,0.0154,0.0641,-0.62,-5.28,8.24,2.94,0.44,-0.25,9.81,0,1.70,-0.0015,0.1111,0,0.000,0.000,0.00,0.00,0.000,0,1000
-3.75,33.31,352.25,0.9553,-0.2883,0.0150,0.0644,-0.70,-5.43,8.16,2.00,-2.25,0.56,9.83,0,1.70,-0.0017,0.1106,0,0.000,0.000,0.00,0.00,0.000,0,1000
phase1 acc_mag=9.745 gravity=9.831 motion=0.086 moving_avg=0.038 rms=0.052 mean_rms=0.036 max_rms=0.052 min_rms=0.031 std=0.006 var=0.000 state=standing thr=0.080/0.350/0.850
-3.62,33.31,352.19,0.9553,-0.2880,0.0139,0.0651,-0.59,-5.20,8.22,-0.38,-2.19,0.94,9.74,0,1.70,-0.0022,0.1104,0,0.000,0.000,0.00,0.00,0.000,0,1000
-3.56,33.31,352.25,0.9553,-0.2882,0.0135,0.0643,-0.55,-5.31,8.25,1.19,1.31,-2.25,9.83,0,1.70,-0.0023,0.1105,0,0.000,0.000,0.00,0.00,0.000,0,1000
-3.56,33.19,352.50,0.9558,-0.2870,0.0140,0.0621,-0.58,-5.26,8.18,2.38,1.75,-3.69,9.74,0,1.70,-0.0018,0.1101,0,0.000,0.000,0.00,0.00,0.000,0,1000
-3.50,33.06,352.81,0.9563,-0.2859,0.0145,0.0598,-0.66,-5.16,8.33,1.25,0.69,-2.31,9.82,0,1.70,-0.0013,0.1097,0,0.000,0.000,0.00,0.00,0.000,0,1000
phase1 acc_mag=9.777 gravity=9.829 motion=0.052 moving_avg=0.041 rms=0.056 mean_rms=0.040 max_rms=0.056 min_rms=0.031 std=0.009 var=0.000 state=standing thr=0.080/0.350/0.850
-3.44,32.88,352.88,0.9568,-0.2844,0.0139,0.0591,-0.63,-5.27,8.17,3.69,-1.19,-1.38,9.74,0,1.70,-0.0014,0.1092,0,0.000,0.000,0.00,0.00,0.000,0,1000
-3.38,32.69,352.94,0.9573,-0.2827,0.0134,0.0589,-0.64,-5.16,8.32,1.62,-1.44,-0.69,9.81,0,1.70,-0.0015,0.1086,0,0.000,0.000,0.00,0.00,0.000,0,1000
-3.25,32.56,352.88,0.9578,-0.2812,0.0123,0.0591,-0.55,-5.09,8.34,2.62,-1.12,-0.94,9.79,0,1.70,-0.0019,0.1080,0,0.000,0.000,0.00,0.00,0.000,0,1000
-3.19,32.44,353.00,0.9581,-0.2804,0.0120,0.0582,-0.51,-5.04,8.33,2.88,1.38,-2.94,9.75,0,1.70,-0.0019,0.1077,0,0.000,0.000,0.00,0.00,0.000,0,1000
phase1 acc_mag=9.845 gravity=9.822 motion=0.023 moving_avg=0.043 rms=0.059 mean_rms=0.046 max_rms=0.059 min_rms=0.032 std=0.010 var=0.000 state=standing thr=0.080/0.350/0.850
-3.12,32.38,353.25,0.9584,-0.2795,0.0123,0.0557,-0.51,-5.22,8.35,2.69,1.25,-3.31,9.86,0,1.70,-0.0015,0.1074,0,0.000,0.000,0.00,0.00,0.000,0,1000
-3.06,32.19,353.44,0.9588,-0.2785,0.0120,0.0548,-0.53,-5.09,8.33,-0.12,-1.31,-0.25,9.78,0,1.70,-0.0015,0.1071,0,0.000,0.000,0.00,0.00,0.000,0,1000
-2.94,32.25,353.31,0.9587,-0.2788,0.0106,0.0558,-0.56,-5.15,8.33,-1.75,-2.44,0.44,9.81,0,1.70,-0.0021,0.1072,0,0.000,0.000,0.00,0.00,0.000,0,1000
-2.81,32.38,353.25,0.9584,-0.2798,0.0095,0.0560,-0.45,-5.04,8.35,-2.94,-0.50,-1.12,9.76,0,1.70,-0.0026,0.1075,0,0.000,0.000,0.00,0.00,0.000,0,1000
phase1 acc_mag=9.756 gravity=9.808 motion=0.052 moving_avg=0.051 rms=0.072 mean_rms=0.052 max_rms=0.072 min_rms=0.033 std=0.010 var=0.000 state=standing thr=0.080/0.350/0.850
-2.81,32.44,353.44,0.9583,-0.2805,0.0096,0.0545,-0.53,-5.14,8.39,1.94,1.62,-3.31,9.85,0,1.70,-0.0024,0.1077,0,0.000,0.000,0.00,0.00,0.000,0,1000
-2.62,32.25,353.69,0.9589,-0.2787,0.0091,0.0526,-0.35,-5.28,8.35,5.12,-0.94,-3.81,9.89,0,1.70,-0.0024,0.1071,0,0.000,0.000,0.00,0.00,0.000,0,1000
-2.62,32.00,353.94,0.9597,-0.2763,0.0094,0.0505,-0.50,-5.13,8.53,3.12,1.81,-2.88,9.97,0,1.70,-0.0020,0.1063,0,0.000,0.000,0.00,0.00,0.000,0,1000
-2.62,31.94,354.06,0.9598,-0.2761,0.0101,0.0494,-0.57,-5.07,8.34,-2.06,-0.19,0.19,9.78,0,1.70,-0.0016,0.1062,0,0.000,0.000,0.00,0.00,0.000,0,1000
phase1 acc_mag=9.816 gravity=9.807 motion=0.010 moving_avg=0.061 rms=0.090 mean_rms=0.062 max_rms=0.092 min_rms=0.043 std=0.013 var=0.000 state=slow thr=0.087/0.350/0.850
-2.56,32.12,353.94,0.9593,-0.2777,0.0090,0.0507,-0.48,-5.14,8.37,-2.06,-2.12,1.56,9.83,0,1.70,-0.0022,0.1067,0,0.000,0.000,0.00,0.00,0.000,0,1000
-2.50,32.19,353.81,0.9592,-0.2780,0.0081,0.0515,-0.44,-5.13,8.34,-1.12,-2.19,0.31,9.80,0,1.70,-0.0026,0.1068,0,0.000,0.000,0.00,0.00,0.000,0,1000
-2.44,32.19,353.69,0.9591,-0.2781,0.0074,0.0528,-0.37,-5.07,8.35,-0.62,-1.38,3.44,9.78,0,1.70,-0.0030,0.1068,0,0.000,0.000,0.00,0.00,0.000,0,1000
phase1 acc_mag=9.820 gravity=9.805 motion=0.015 moving_avg=0.060 rms=0.089 mean_rms=0.070 max_rms=0.092 min_rms=0.051 std=0.015 var=0.000 state=standing thr=0.100/0.350/0.850
-2.44,32.31,353.44,0.9587,-0.2791,0.0067,0.0547,-0.25,-5.21,8.32,-1.06,-0.88,1.12,9.82,0,1.70,-0.0036,0.1072,0,0.000,0.000,0.00,0.00,0.000,0,1000
-2.44,32.25,353.81,0.9589,-0.2788,0.0078,0.0513,-0.45,-5.06,8.35,0.94,4.00,-6.44,9.77,0,1.70,-0.0028,0.1071,0,0.000,0.000,0.00,0.00,0.000,0,1000
-2.50,32.25,354.31,0.9592,-0.2784,0.0090,0.0476,-0.53,-5.03,8.37,0.62,2.00,-4.19,9.78,0,1.70,-0.0018,0.1070,0,0.000,0.000,0.00,0.00,0.000,0,1000
-2.50,32.25,354.50,0.9592,-0.2787,0.0095,0.0460,-0.49,-5.27,8.41,0.31,1.50,-2.56,9.94,0,1.70,-0.0015,0.1071,0,0.000,0.000,0.00,0.00,0.000,0,1000
phase1 acc_mag=9.783 gravity=9.804 motion=0.021 moving_avg=0.058 rms=0.087 mean_rms=0.077 max_rms=0.092 min_rms=0.057 std=0.014 var=0.000 state=standing thr=0.104/0.350/0.850
-2.50,32.19,354.69,0.9594,-0.2783,0.0103,0.0443,-0.58,-5.14,8.35,-0.81,2.12,-1.62,9.82,0,1.70,-0.0010,0.1070,0,0.000,0.000,0.00,0.00,0.000,0,1000
-2.56,32.19,354.75,0.9595,-0.2779,0.0111,0.0437,-0.48,-5.03,8.29,0.06,0.44,-0.12,9.71,0,1.70,-0.0006,0.1069,0,0.000,0.000,0.00,0.00,0.000,0,1000
-2.62,32.12,354.75,0.9597,-0.2775,0.0117,0.0435,-0.47,-5.04,8.36,1.38,1.31,-0.19,9.77,0,1.70,-0.0004,0.1067,0,0.000,0.000,0.00,0.00,0.000,0,1000
-2.69,32.06,354.81,0.9598,-0.2769,0.0123,0.0432,-0.53,-5.22,8.31,1.00,1.38,-1.12,9.83,0,1.70,-0.0000,0.1065,0,0.000,0.000,0.00,0.00,0.000,0,1000
phase1 acc_mag=9.811 gravity=9.804 motion=0.007 moving_avg=0.057 rms=0.087 mean_rms=0.083 max_rms=0.092 min_rms=0.059 std=0.010 var=0.000 state=standing thr=0.102/0.350/0.850
-2.69,31.94,354.94,0.9601,-0.2762,0.0124,0.0423,-0.43,-5.04,8.34,0.62,-0.12,-0.69,9.75,0,1.70,0.0001,0.1063,0,0.000,0.000,0.00,0.00,0.000,0,1000
-2.69,32.00,354.94,0.9599,-0.2769,0.0124,0.0424,-0.50,-5.09,8.34,-2.06,-0.06,0.38,9.78,0,1.70,0.0001,0.1065,0,0.000,0.000,0.00,0.00,0.000,0,1000
-2.69,32.12,354.88,0.9597,-0.2773,0.0123,0.0428,-0.50,-5.15,8.34,0.06,-0.56,0.38,9.81,0,1.70,-0.0000,0.1067,0,0.000,0.000,0.00,0.00,0.000,0,1000
-2.69,32.19,354.88,0.9595,-0.2780,0.0123,0.0428,-0.47,-5.14,8.35,-2.19,-0.56,0.88,9.82,0,1.70,-0.0000,0.1069,0,0.000,0.000,0.00,0.00,0.000,0,1000
phase1 acc_mag=9.869 gravity=9.809 motion=0.060 moving_avg=0.049 rms=0.075 mean_rms=0.086 max_rms=0.092 min_rms=0.075 std=0.005 var=0.000 state=standing thr=0.096/0.350/0.850
-2.75,32.25,354.81,0.9594,-0.2786,0.0125,0.0434,-0.46,-5.13,8.31,-0.88,-0.25,0.56,9.78,0,1.70,-0.0001,0.1071,0,0.000,0.000,0.00,0.00,0.000,0,1000
-2.69,32.25,354.88,0.9594,-0.2785,0.0125,0.0428,-0.49,-5.15,8.29,-0.38,0.69,-1.12,9.77,0,1.70,0.0000,0.1071,0,0.000,0.000,0.00,0.00,0.000,0,1000
-2.75,32.38,354.94,0.9592,-0.2794,0.0128,0.0424,-0.54,-5.22,8.40,-3.25,0.81,-0.06,9.90,0,1.70,0.0002,0.1074,0,0.000,0.000,0.00,0.00,0.000,0,1000
phase1 acc_mag=9.818 gravity=9.804 motion=0.014 moving_avg=0.037 rms=0.048 mean_rms=0.080 max_rms=0.090 min_rms=0.047 std=0.014 var=0.000 state=standing thr=0.107/0.350/0.850
-2.75,32.44,354.88,0.9588,-0.2805,0.0128,0.0424,-0.46,-5.16,8.34,-2.31,-0.06,0.50,9.82,0,1.70,0.0001,0.1078,0,0.000,0.000,0.00,0.00,0.000,0,1000
-2.75,32.69,354.88,0.9583,-0.2824,0.0129,0.0427,-0.47,-5.31,8.32,-0.69,0.81,0.38,9.88,0,1.70,0.0001,0.1085,0,0.000,0.000,0.00,0.00,0.000,0,1000
-2.81,32.62,354.88,0.9585,-0.2816,0.0134,0.0425,-0.48,-5.17,8.24,0.88,0.69,-0.56,9.74,0,1.70,0.0004,0.1082,0,0.000,0.000,0.00,0.00,0.000,0,1000
-2.81,32.56,354.88,0.9586,-0.2812,0.0136,0.0424,-0.53,-5.21,8.38,0.94,0.06,-0.25,9.88,0,1.70,0.0004,0.1081,0,0.000,0.000,0.00,0.00,0.000,0,1000
phase1 acc_mag=9.809 gravity=9.805 motion=0.004 moving_avg=0.036 rms=0.045 mean_rms=0.071 max_rms=0.089 min_rms=0.043 std=0.018 var=0.000 state=standing thr=0.108/0.350/0.850
-2.81,32.50,354.88,0.9587,-0.2808,0.0137,0.0424,-0.55,-5.25,8.29,-1.56,-0.12,0.38,9.83,0,1.70,0.0005,0.1079,0,0.000,0.000,0.00,0.00,0.000,0,1000
-2.88,32.56,354.81,0.9586,-0.2810,0.0135,0.0435,-0.56,-5.25,8.24,0.06,-1.12,2.31,9.79,0,1.70,0.0003,0.1080,0,0.000,0.000,0.00,0.00,0.000,0,1000
-2.88,32.56,354.69,0.9585,-0.2814,0.0132,0.0444,-0.45,-5.17,8.33,-0.62,-0.94,1.06,9.81,0,1.70,0.0001,0.1081,0,0.000,0.000,0.00,0.00,0.000,0,1000
-2.88,32.56,354.62,0.9584,-0.2816,0.0134,0.0446,-0.49,-5.16,8.30,-0.81,0.81,-0.19,9.79,0,1.70,0.0001,0.1082,0,0.000,0.000,0.00,0.00,0.000,0,1000
phase1 acc_mag=9.793 gravity=9.804 motion=0.012 moving_avg=0.034 rms=0.043 mean_rms=0.063 max_rms=0.088 min_rms=0.043 std=0.019 var=0.000 state=standing thr=0.100/0.350/0.850
-2.88,32.62,354.69,0.9584,-0.2818,0.0137,0.0439,-0.52,-5.20,8.29,-1.06,0.69,-0.88,9.80,0,1.70,0.0003,0.1083,0,0.000,0.000,0.00,0.00,0.000,0,1000
-2.88,32.81,354.75,0.9579,-0.2833,0.0137,0.0439,-0.52,-5.31,8.25,-2.25,0.31,0.62,9.82,0,1.70,0.0003,0.1088,0,0.000,0.000,0.00,0.00,0.000,0,1000
-2.88,32.88,354.69,0.9577,-0.2839,0.0137,0.0439,-0.52,-5.31,8.28,-1.00,-0.44,-0.31,9.85,0,1.70,0.0002,0.1090,0,0.000,0.000,0.00,0.00,0.000,0,1000
-2.88,32.88,354.75,0.9578,-0.2838,0.0136,0.0436,-0.44,-4.91,8.22,0.81,-0.44,0.25,9.58,0,1.70,0.0003,0.1090,0,0.000,0.000,0.00,0.00,0.000,0,1000
phase1 acc_mag=9.766 gravity=9.807 motion=0.041 moving_avg=0.036 rms=0.049 mean_rms=0.054 max_rms=0.086 min_rms=0.041 std=0.015 var=0.000 state=standing thr=0.083/0.350/0.850
-2.88,32.88,354.69,0.9578,-0.2837,0.0133,0.0441,-0.44,-5.31,8.22,-0.06,-0.44,0.06,9.80,0,1.70,0.0001,0.1089,0,0.000,0.000,0.00,0.00,0.000,0,1000
-2.94,32.75,354.81,0.9581,-0.2830,0.0142,0.0433,-0.59,-5.28,8.20,1.62,2.06,-0.94,9.77,0,1.70,0.0005,0.1087,0,0.000,0.000,0.00,0.00,0.000,0,1000
-2.94,32.69,354.69,0.9583,-0.2822,0.0143,0.0443,-0.49,-5.18,8.26,0.44,-1.12,2.31,9.76,0,1.70,0.0005,0.1084,0,0.000,0.000,0.00,0.00,0.000,0,1000
-3.00,32.69,354.50,0.9581,-0.2822,0.0144,0.0456,-0.52,-5.16,8.27,0.75,0.12,1.75,9.76,0,1.70,0.0004,0.1084,0,0.000,0.000,0.00,0.00,0.000,0,1000
phase1 acc_mag=9.810 gravity=9.810 motion=0.000 moving_avg=0.038 rms=0.050 mean_rms=0.047 max_rms=0.073 min_rms=0.041 std=0.006 var=0.000 state=standing thr=0.080/0.350/0.850
-3.06,32.62,354.44,0.9583,-0.2817,0.0146,0.0459,-0.56,-5.26,8.24,1.12,0.25,-0.50,9.79,0,1.70,0.0004,0.1083,0,0.000,0.000,0.00,0.00,0.000,0,1000
-3.12,32.56,354.62,0.9584,-0.2813,0.0154,0.0447,-0.65,-5.20,8.23,-0.38,1.38,-1.75,9.76,0,1.70,0.0009,0.1081,0,0.000,0.000,0.00,0.00,0.000,0,1000
-3.12,32.56,354.69,0.9584,-0.2816,0.0156,0.0445,-0.57,-5.20,8.30,-1.19,-0.19,0.56,9.81,0,1.70,0.0010,0.1082,0,0.000,0.000,0.00,0.00,0.000,0,1000
phase1 acc_mag=9.855 gravity=9.814 motion=0.042 moving_avg=0.037 rms=0.048 mean_rms=0.046 max_rms=0.050 min_rms=0.041 std=0.003 var=0.000 state=standing thr=0.080/0.350/0.850
-3.12,32.81,354.56,0.9579,-0.2831,0.0154,0.0453,-0.50,-5.29,8.30,-2.75,-0.62,1.19,9.86,0,1.70,0.0008,0.1088,0,0.000,0.000,0.00,0.00,0.000,0,1000
-3.12,32.88,354.56,0.9576,-0.2839,0.0154,0.0454,-0.54,-5.24,8.24,0.44,0.69,-0.19,9.78,0,1.70,0.0008,0.1090,0,0.000,0.000,0.00,0.00,0.000,0,1000
-3.19,32.88,354.62,0.9577,-0.2838,0.0162,0.0446,-0.62,-5.28,8.27,0.12,1.75,-1.62,9.83,0,1.70,0.0011,0.1090,0,0.000,0.000,0.00,0.00,0.000,0,1000
-3.25,32.88,354.69,0.9577,-0.2840,0.0165,0.0440,-0.56,-5.18,8.25,-1.38,-0.62,0.06,9.76,0,1.70,0.0013,0.1091,0,0.000,0.000,0.00,0.00,0.000,0,1000
phase1 acc_mag=9.818 gravity=9.813 motion=0.006 moving_avg=0.034 rms=0.046 mean_rms=0.047 max_rms=0.050 min_rms=0.041 std=0.003 var=0.000 state=standing thr=0.080/0.350/0.850
-3.19,32.94,354.69,0.9575,-0.2845,0.0165,0.0440,-0.57,-5.24,8.31,-0.31,1.00,-0.56,9.84,0,1.70,0.0013,0.1093,0,0.000,0.000,0.00,0.00,0.000,0,1000
-3.25,32.94,354.75,0.9576,-0.2844,0.0168,0.0437,-0.62,-5.20,8.24,-0.19,0.31,-0.06,9.76,0,1.70,0.0015,0.1092,0,0.000,0.000,0.00,0.00,0.000,0,1000
-3.31,32.94,354.69,0.9575,-0.2846,0.0170,0.0443,-0.59,-5.31,8.27,0.88,0.19,0.94,9.85,0,1.70,0.0015,0.1093,0,0.000,0.000,0.00,0.00,0.000,0,1000
-3.31,32.75,354.75,0.9579,-0.2831,0.0173,0.0436,-0.51,-5.33,8.23,3.69,1.56,-1.56,9.82,0,1.70,0.0017,0.1088,0,0.000,0.000,0.00,0.00,0.000,0,1000
phase1 acc_mag=9.866 gravity=9.818 motion=0.048 moving_avg=0.035 rms=0.045 mean_rms=0.047 max_rms=0.050 min_rms=0.041 std=0.003 var=0.000 state=standing thr=0.080/0.350/0.850
-3.38,32.50,354.88,0.9587,-0.2808,0.0186,0.0425,-0.81,-5.22,8.26,4.50,1.69,-0.06,9.80,0,1.70,0.0024,0.1080,0,0.000,0.000,0.00,0.00,0.000,0,1000
-3.38,32.50,354.75,0.9585,-0.2811,0.0182,0.0436,-0.60,-5.14,8.31,-5.38,-2.56,2.88,9.79,0,1.70,0.0021,0.1081,0,0.000,0.000,0.00,0.00,0.000,0,1000
-3.31,32.81,354.50,0.9578,-0.2834,0.0171,0.0456,-0.52,-5.23,8.36,1.25,-1.00,0.06,9.87,0,1.70,0.0014,0.1089,0,0.000,0.000,0.00,0.00,0.000,0,1000
-3.31,32.69,354.69,0.9581,-0.2825,0.0175,0.0444,-0.63,-5.33,8.26,1.19,1.88,-2.50,9.85,0,1.70,0.0017,0.1086,0,0.000,0.000,0.00,0.00,0.000,0,1000
phase1 acc_mag=9.898 gravity=9.816 motion=0.081 moving_avg=0.036 rms=0.048 mean_rms=0.048 max_rms=0.055 min_rms=0.043 std=0.003 var=0.000 state=standing thr=0.080/0.350/0.850
-3.25,32.62,354.81,0.9582,-0.2823,0.0173,0.0430,-0.63,-5.11,8.25,0.06,-0.38,-2.06,9.72,0,1.70,0.0018,0.1085,0,0.000,0.000,0.00,0.00,0.000,0,1000
-3.25,32.94,354.75,0.9576,-0.2844,0.0168,0.0437,-0.54,-5.20,8.38,-1.38,0.00,0.88,9.88,0,1.70,0.0015,0.1092,0,0.000,0.000,0.00,0.00,0.000,0,1000
-3.19,32.75,354.88,0.9580,-0.2831,0.0169,0.0428,-0.48,-5.28,8.26,2.69,0.75,-3.19,9.82,0,1.70,0.0016,0.1088,0,0.000,0.000,0.00,0.00,0.000,0,1000
-3.25,32.69,355.06,0.9583,-0.2822,0.0175,0.0411,-0.67,-5.34,8.25,1.06,1.25,-0.88,9.85,0,1.70,0.0021,0.1085,0,0.000,0.000,0.00,0.00,0.000,0,1000
phase1 acc_mag=9.802 gravity=9.815 motion=0.014 moving_avg=0.038 rms=0.050 mean_rms=0.048 max_rms=0.055 min_rms=0.043 std=0.003 var=0.000 state=standing thr=0.080/0.350/0.850
-3.19,32.75,354.94,0.9581,-0.2827,0.0167,0.0422,-0.54,-5.15,8.21,-4.06,-3.56,2.81,9.71,0,1.70,0.0016,0.1086,0,0.000,0.000,0.00,0.00,0.000,0,1000
-3.19,33.00,354.81,0.9575,-0.2849,0.0162,0.0433,-0.61,-5.19,8.37,-0.38,0.62,0.06,9.87,0,1.70,0.0013,0.1094,0,0.000,0.000,0.00,0.00,0.000,0,1000
-3.19,32.69,354.94,0.9583,-0.2822,0.0167,0.0421,-0.43,-5.24,8.28,4.12,2.06,-2.88,9.81,0,1.70,0.0017,0.1085,0,0.000,0.000,0.00,0.00,0.000,0,1000
phase1 acc_mag=9.817 gravity=9.818 motion=0.001 moving_avg=0.042 rms=0.056 mean_rms=0.049 max_rms=0.056 min_rms=0.043 std=0.004 var=0.000 state=standing thr=0.080/0.350/0.850
-3.19,32.44,355.19,0.9589,-0.2802,0.0174,0.0403,-0.62,-5.19,8.31,2.75,0.94,-2.44,9.82,0,1.70,0.0022,0.1077,0,0.000,0.000,0.00,0.00,0.000,0,1000
-3.12,32.56,355.12,0.9587,-0.2812,0.0168,0.0403,-0.57,-5.13,8.34,-1.69,-1.19,1.38,9.81,0,1.70,0.0019,0.1081,0,0.000,0.000,0.00,0.00,0.000,0,1000
-3.12,32.44,355.12,0.9591,-0.2797,0.0170,0.0404,-0.57,-5.21,8.32,3.38,1.12,-1.31,9.83,0,1.70,0.0020,0.1076,0,0.000,0.000,0.00,0.00,0.000,0,1000
-3.12,32.31,355.25,0.9592,-0.2793,0.0175,0.0393,-0.56,-5.25,8.23,-0.19,0.81,-1.25,9.78,0,1.70,0.0023,0.1074,0,0.000,0.000,0.00,0.00,0.000,0,1000
phase1 acc_mag=9.784 gravity=9.816 motion=0.031 moving_avg=0.043 rms=0.056 mean_rms=0.051 max_rms=0.056 min_rms=0.043 std=0.004 var=0.000 state=standing thr=0.080/0.350/0.850
-3.12,32.38,355.31,0.9590,-0.2799,0.0174,0.0391,-0.51,-5.14,8.31,-1.75,0.06,-0.31,9.78,0,1.70,0.0023,0.1076,0,0.000,0.000,0.00,0.00,0.000,0,1000
-3.00,32.62,355.25,0.9585,-0.2820,0.0162,0.0394,-0.34,-5.30,8.35,-3.69,-1.88,0.00,9.90,0,1.70,0.0018,0.1084,0,0.000,0.000,0.00,0.00,0.000,0,1000
-2.88,32.81,355.38,0.9582,-0.2831,0.0151,0.0383,-0.31,-5.29,8.28,-0.19,-0.44,-5.56,9.83,0,1.70,0.0014,0.1088,0,0.000,0.000,0.00,0.00,0.000,0,1000
-2.62,32.75,356.00,0.9586,-0.2825,0.0145,0.0322,-0.43,-5.11,8.31,-0.06,3.19,-9.50,9.76,0,1.70,0.0019,0.1085,0,0.000,0.000,0.00,0.00,0.000,0,1000
phase1 acc_mag=9.806 gravity=9.815 motion=0.009 moving_avg=0.045 rms=0.058 mean_rms=0.054 max_rms=0.062 min_rms=0.048 std=0.004 var=0.000 state=standing thr=0.080/0.350/0.850
-2.50,32.62,356.75,0.9590,-0.2816,0.0151,0.0269,-0.55,-5.25,8.23,4.06,4.75,-9.94,9.78,0,1.70,0.0028,0.1082,0,0.000,0.000,0.00,0.00,0.000,0,1000
-2.50,32.31,357.56,0.9601,-0.2785,0.0176,0.0190,-0.67,-5.16,8.37,4.19,6.62,-10.12,9.86,0,1.70,0.0047,0.1071,0,0.000,0.000,0.00,0.00,0.000,0,1000
-2.62,32.12,358.25,0.9606,-0.2770,0.0202,0.0142,-0.70,-5.24,8.29,0.19,2.88,-4.94,9.83,0,1.70,0.0062,0.1066,0,0.000,0.000,0.00,0.00,0.000,0,1000
-2.69,32.12,358.44,0.9606,-0.2767,0.0211,0.0126,-0.60,-5.22,8.27,0.31,1.31,-1.19,9.80,0,1.70,0.0067,0.1064,0,0.000,0.000,0.00,0.00,0.000,0,1000
phase1 acc_mag=9.919 gravity=9.813 motion=0.107 moving_avg=0.043 rms=0.054 mean_rms=0.055 max_rms=0.062 min_rms=0.049 std=0.003 var=0.000 state=standing thr=0.080/0.350/0.850
-2.75,32.06,358.44,0.9607,-0.2764,0.0215,0.0129,-0.52,-5.03,8.35,1.50,0.12,0.88,9.76,0,1.70,0.0068,0.1063,0,0.000,0.000,0.00,0.00,0.000,0,1000
-2.88,32.00,358.38,0.9608,-0.2760,0.0227,0.0134,-0.57,-5.16,8.29,1.06,2.12,1.19,9.78,0,1.70,0.0072,0.1062,0,0.000,0.000,0.00,0.00,0.000,0,1000
-3.06,31.88,358.44,0.9611,-0.2748,0.0244,0.0130,-0.54,-5.12,8.35,2.19,2.56,0.50,9.81,0,1.70,0.0080,0.1058,0,0.000,0.000,0.00,0.00,0.000,0,1000
-3.19,31.69,358.38,0.9615,-0.2734,0.0258,0.0132,-0.63,-5.12,8.34,1.38,1.00,1.94,9.81,0,1.70,0.0085,0.1053,0,0.000,0.000,0.00,0.00,0.000,0,1000
phase1 acc_mag=9.849 gravity=9.814 motion=0.035 moving_avg=0.038 rms=0.050 mean_rms=0.055 max_rms=0.062 min_rms=0.050 std=0.002 var=0.000 state=standing thr=0.080/0.350/0.850
-3.31,31.62,358.19,0.9616,-0.2727,0.0259,0.0147,-0.53,-5.04,8.38,1.12,-1.00,2.88,9.79,0,1.70,0.0083,0.1050,0,0.000,0.000,0.00,0.00,0.000,0,1000
-3.25,31.56,358.06,0.9617,-0.2725,0.0253,0.0164,-0.53,-5.12,8.38,0.75,-1.38,1.25,9.83,0,1.70,0.0079,0.1050,0,0.000,0.000,0.00,0.00,0.000,0,1000
-3.25,31.56,357.94,0.9617,-0.2726,0.0248,0.0172,-0.67,-5.19,8.44,-2.12,-1.19,1.25,9.93,0,1.70,0.0077,0.1050,0,0.000,0.000,0.00,0.00,0.000,0,1000
-3.19,31.69,357.81,0.9615,-0.2733,0.0240,0.0184,-0.54,-5.14,8.31,-2.00,-1.31,1.62,9.79,0,1.70,0.0072,0.1053,0,0.000,0.000,0.00,0.00,0.000,0,1000
phase1 acc_mag=9.818 gravity=9.812 motion=0.005 moving_avg=0.036 rms=0.048 mean_rms=0.053 max_rms=0.062 min_rms=0.046 std=0.004 var=0.000 state=standing thr=0.080/0.350/0.850
-3.19,31.75,357.75,0.9612,-0.2740,0.0239,0.0185,-0.62,-5.14,8.31,-0.25,0.19,-0.94,9.79,0,1.70,0.0072,0.1055,0,0.000,0.000,0.00,0.00,0.000,0,1000
-3.12,31.75,357.88,0.9613,-0.2739,0.0239,0.0175,-0.62,-5.04,8.34,0.06,0.94,-1.94,9.76,0,1.70,0.0073,0.1055,0,0.000,0.000,0.00,0.00,0.000,0,1000
-3.19,31.88,357.94,0.9610,-0.2750,0.0240,0.0172,-0.61,-5.15,8.35,-1.62,-0.88,-0.06,9.83,0,1.70,0.0073,0.1059,0,0.000,0.000,0.00,0.00,0.000,0,1000
-3.12,32.00,357.88,0.9608,-0.2759,0.0235,0.0178,-0.62,-5.08,8.37,-2.38,-1.25,1.31,9.81,0,1.70,0.0071,0.1062,0,0.000,0.000,0.00,0.00,0.000,0,1000
phase1 acc_mag=9.814 gravity=9.810 motion=0.004 moving_avg=0.035 rms=0.047 mean_rms=0.052 max_rms=0.062 min_rms=0.046 std=0.004 var=0.000 state=standing thr=0.080/0.350/0.850
-3.06,32.12,357.69,0.9603,-0.2773,0.0225,0.0195,-0.63,-5.25,8.28,-2.19,-2.44,1.31,9.82,0,1.70,0.0065,0.1067,0,0.000,0.000,0.00,0.00,0.000,0,1000
-3.00,32.31,357.62,0.9600,-0.2785,0.0219,0.0198,-0.53,-5.20,8.34,-3.00,-0.81,-0.25,9.84,0,1.70,0.0062,0.1071,0,0.000,0.000,0.00,0.00,0.000,0,1000
-2.94,32.38,357.69,0.9597,-0.2796,0.0212,0.0191,-0.59,-5.09,8.30,-2.62,-1.00,-1.75,9.75,0,1.70,0.0060,0.1075,0,0.000,0.000,0.00,0.00,0.000,0,1000
phase1 acc_mag=9.747 gravity=9.811 motion=0.063 moving_avg=0.031 rms=0.039 mean_rms=0.048 max_rms=0.055 min_rms=0.038 std=0.005 var=0.000 state=standing thr=0.080/0.350/0.850
-2.75,32.62,357.88,0.9593,-0.2811,0.0201,0.0176,-0.30,-5.23,8.22,-1.94,0.19,-4.75,9.75,0,1.70,0.0057,0.1080,0,0.000,0.000,0.00,0.00,0.000,0,1000
-2.56,33.00,358.56,0.9584,-0.2847,0.0202,0.0108,-0.42,-5.31,8.21,-4.88,2.56,-9.38,9.79,0,1.70,0.0065,0.1092,0,0.000,0.000,0.00,0.00,0.000,0,1000
-2.19,33.50,359.38,0.9574,-0.2882,0.0188,0.0052,-0.23,-5.40,8.24,-6.31,-0.81,-11.00,9.85,0,1.70,0.0066,0.1104,0,0.000,0.000,0.00,0.00,0.000,0,1000
-1.69,33.75,0.38,0.9567,-0.2905,0.0165,-0.0048,-0.13,-5.54,8.21,-1.12,3.88,-17.69,9.91,0,1.70,0.0069,0.1112,0,0.000,0.000,0.00,0.00,0.000,0,1000
phase1 acc_mag=9.709 gravity=9.821 motion=0.113 moving_avg=0.037 rms=0.057 mean_rms=0.046 max_rms=0.057 min_rms=0.038 std=0.005 var=0.000 state=standing thr=0.080/0.350/0.850
-1.19,33.88,1.88,0.9563,-0.2915,0.0159,-0.0157,-0.12,-5.41,8.20,-0.38,4.25,-19.06,9.82,0,1.70,0.0079,0.1114,0,0.000,0.000,0.00,0.00,0.000,0,1000
-0.62,33.44,3.44,0.9572,-0.2877,0.0145,-0.0289,-0.02,-5.45,8.06,11.00,5.00,-25.38,9.73,0,1.70,0.0089,0.1100,0,0.000,0.000,0.00,0.00,0.000,0,1000
-0.06,32.88,5.31,0.9581,-0.2824,0.0143,-0.0464,-0.23,-5.43,8.38,6.44,7.50,-21.75,9.99,0,1.70,0.0107,0.1080,0,0.000,0.000,0.00,0.00,0.000,0,1000
phase1 acc_mag=9.514 gravity=9.810 motion=0.296 moving_avg=0.065 rms=0.107 mean_rms=0.052 max_rms=0.107 min_rms=0.038 std=0.016 var=0.000 state=slow thr=0.084/0.350/0.850
0.25,32.44,6.56,0.9586,-0.2791,0.0132,-0.0551,0.21,-4.92,8.14,3.06,0.25,-9.94,9.51,0,1.70,0.0112,0.1067,0,0.000,0.000,0.00,0.00,0.000,0,1000
0.75,32.31,6.88,0.9585,-0.2791,0.0093,-0.0580,0.31,-4.97,8.12,-5.62,-3.81,-2.06,9.53,0,1.70,0.0101,0.1068,0,0.000,0.000,0.00,0.00,0.000,0,1000
1.00,32.94,7.50,0.9568,-0.2835,0.0091,-0.0627,-0.31,-5.45,8.68,-7.06,7.50,-13.88,10.25,0,1.70,0.0106,0.1083,0,0.000,0.000,0.00,0.00,0.000,0,1000
1.25,33.25,8.56,0.9554,-0.2863,0.0099,-0.0715,0.14,-5.68,8.44,-1.00,1.12,-10.44,10.17,0,1.70,0.0120,0.1091,0,0.000,0.000,0.00,0.00,0.000,0,1000
phase1 acc_mag=9.843 gravity=9.826 motion=0.017 moving_avg=0.119 rms=0.188 mean_rms=0.072 max_rms=0.188 min_rms=0.038 std=0.043 var=0.002 state=slow thr=0.158/0.358/0.858
1.56,33.12,8.75,0.9555,-0.2855,0.0076,-0.0735,0.57,-5.04,7.92,1.62,-3.31,-2.56,9.40,0,1.70,0.0113,0.1089,0,0.000,0.000,0.00,0.00,0.000,0,1000
1.88,33.38,9.12,0.9545,-0.2880,0.0056,-0.0765,0.11,-5.42,8.22,-5.50,1.88,-10.69,9.85,0,1.70,0.0109,0.1098,0,0.000,0.000,0.00,0.00,0.000,0,1000
2.00,33.50,10.12,0.9536,-0.2884,0.0074,-0.0858,0.01,-5.71,8.29,1.38,6.31,-13.38,10.07,0,1.70,0.0127,0.1098,0,0.000,0.000,0.00,0.00,0.000,0,1000
1.94,33.44,10.69,0.9534,-0.2881,0.0090,-0.0895,-0.03,-5.27,7.99,-1.62,2.25,-3.25,9.57,0,1.70,0.0138,0.1095,0,0.000,0.000,0.00,0.00,0.000,0,1000
phase1 acc_mag=9.610 gravity=9.820 motion=0.210 moving_avg=0.154 rms=0.212 mean_rms=0.105 max_rms=0.212 min_rms=0.038 std=0.065 var=0.004 state=standing thr=0.236/0.436/0.936
1.81,33.62,10.75,0.9528,-0.2900,0.0105,-0.0900,0.03,-5.45,8.10,-2.00,1.44,-0.81,9.76,0,1.70,0.0144,0.1101,0,0.000,0.000,0.00,0.00,0.000,0,1000
1.69,33.56,10.88,0.9529,-0.2890,0.0117,-0.0911,0.04,-5.35,8.03,2.19,1.88,-0.38,9.65,0,1.70,0.0150,0.1097,0,0.000,0.000,0.00,0.00,0.000,0,1000
1.56,33.38,10.75,0.9534,-0.2877,0.0128,-0.0899,0.00,-5.06,8.02,0.88,-0.88,3.44,9.48,0,1.70,0.0152,0.1092,0,0.000,0.000,0.00,0.00,0.000,0,1000
1.19,33.50,10.31,0.9535,-0.2883,0.0148,-0.0865,0.04,-5.46,8.13,-4.31,0.62,6.44,9.79,0,1.70,0.0156,0.1094,0,0.000,0.000,0.00,0.00,0.000,0,1000
phase1 acc_mag=9.821 gravity=9.800 motion=0.021 moving_avg=0.180 rms=0.232 mean_rms=0.143 max_rms=0.232 min_rms=0.038 std=0.069 var=0.005 state=standing thr=0.281/0.481/0.981
0.88,33.69,10.19,0.9532,-0.2897,0.0173,-0.0850,0.12,-5.68,8.30,-3.62,4.31,1.19,10.06,0,1.70,0.0165,0.1099,0,0.000,0.000,0.00,0.00,0.000,0,1000
0.69,34.06,10.31,0.9520,-0.2932,0.0203,-0.0864,-0.02,-5.70,8.06,-7.31,3.06,-2.38,9.87,0,1.70,0.0178,0.1109,0,0.000,0.000,0.00,0.00,0.000,0,1000
0.62,34.31,10.75,0.9511,-0.2946,0.0220,-0.0898,-0.11,-5.37,8.24,-0.19,4.69,-6.19,9.84,0,1.70,0.0189,0.1113,0,0.000,0.000,0.00,0.00,0.000,0,1000
phase1 acc_mag=9.762 gravity=9.799 motion=0.037 moving_avg=0.181 rms=0.231 mean_rms=0.182 max_rms=0.236 min_rms=0.068 std=0.055 var=0.003 state=standing thr=0.292/0.492/0.992
0.50,34.31,11.06,0.9509,-0.2943,0.0239,-0.0924,-0.04,-5.58,8.01,-0.19,4.25,-2.62,9.76,0,1.70,0.0200,0.1110,0,0.000,0.000,0.00,0.00,0.000,0,1000
0.38,34.25,11.44,0.9507,-0.2938,0.0256,-0.0954,0.00,-5.53,8.20,1.38,2.94,-3.75,9.89,0,1.70,0.0210,0.1108,0,0.000,0.000,0.00,0.00,0.000,0,1000
0.38,34.31,11.75,0.9503,-0.2943,0.0266,-0.0984,-0.03,-5.64,8.10,-2.50,3.31,-3.62,9.87,0,1.70,0.0217,0.1108,0,0.000,0.000,0.00,0.00,0.000,0,1000
0.25,34.50,12.00,0.9497,-0.2954,0.0284,-0.1000,-0.19,-5.64,8.14,-1.50,4.44,-3.88,9.90,0,1.70,0.0226,0.1111,0,0.000,0.000,0.00,0.00,0.000,0,1000
phase1 acc_mag=9.831 gravity=9.830 motion=0.001 moving_avg=0.158 rms=0.211 mean_rms=0.209 max_rms=0.236 min_rms=0.124 std=0.029 var=0.001 state=standing thr=0.267/0.467/0.967
0.12,34.50,12.38,0.9493,-0.2953,0.0308,-0.1029,-0.17,-5.35,8.07,-0.88,4.94,-3.69,9.68,0,1.70,0.0239,0.1109,0,0.000,0.000,0.00,0.00,0.000,0,1000
-0.06,34.75,12.31,0.9488,-0.2969,0.0328,-0.1025,-0.09,-5.54,8.14,-2.62,-0.94,3.38,9.85,0,1.70,0.0246,0.1113,0,0.000,0.000,0.00,0.00,0.000,0,1000
-0.19,34.94,11.94,0.9485,-0.2986,0.0336,-0.0996,-0.14,-5.40,8.05,-6.19,-1.00,7.19,9.69,0,1.70,0.0246,0.1120,0,0.000,0.000,0.00,0.00,0.000,0,1000
-0.44,35.12,11.50,0.9485,-0.2999,0.0345,-0.0958,-0.27,-5.59,8.06,-0.31,-0.44,1.75,9.81,0,1.70,0.0246,0.1125,0,0.000,0.000,0.00,0.00,0.000,0,1000
phase1 acc_mag=9.899 gravity=9.815 motion=0.083 moving_avg=0.109 rms=0.144 mean_rms=0.213 max_rms=0.236 min_rms=0.144 std=0.022 var=0.001 state=standing thr=0.258/0.458/0.958
-0.56,35.31,11.50,0.9481,-0.3013,0.0356,-0.0956,-0.14,-5.70,8.01,-3.19,3.19,1.06,9.83,0,1.70,0.0250,0.1129,0,0.000,0.000,0.00,0.00,0.000,0,1000
-0.75,35.44,11.25,0.9479,-0.3024,0.0373,-0.0931,-0.25,-5.50,8.04,-2.19,-0.75,5.88,9.74,0,1.70,0.0254,0.1133,0,0.000,0.000,0.00,0.00,0.000,0,1000
-0.94,35.75,10.88,0.9473,-0.3050,0.0377,-0.0902,0.04,-5.81,7.99,-2.62,0.06,2.88,9.88,0,1.70,0.0253,0.1142,0,0.000,0.000,0.00,0.00,0.000,0,1000
-1.00,36.00,10.75,0.9468,-0.3068,0.0386,-0.0892,-0.18,-5.78,8.08,-4.75,1.12,2.69,9.94,0,1.70,0.0256,0.1148,0,0.000,0.000,0.00,0.00,0.000,0,1000
phase1 acc_mag=9.781 gravity=9.815 motion=0.035 moving_avg=0.090 rms=0.123 mean_rms=0.197 max_rms=0.236 min_rms=0.123 std=0.040 var=0.002 state=standing thr=0.278/0.478/0.978
-1.19,36.25,10.44,0.9463,-0.3091,0.0397,-0.0858,-0.43,-5.51,8.10,-4.12,-2.06,10.81,9.81,0,1.70,0.0256,0.1157,0,0.000,0.000,0.00,0.00,0.000,0,1000
-1.44,36.12,10.19,0.9467,-0.3080,0.0410,-0.0847,-0.31,-5.63,7.90,3.38,1.69,1.06,9.71,0,1.70,0.0259,0.1153,0,0.000,0.000,0.00,0.00,0.000,0,1000
-1.44,36.00,10.25,0.9470,-0.3070,0.0413,-0.0854,-0.23,-5.71,8.06,0.50,0.81,-1.50,9.88,0,1.70,0.0261,0.1149,0,0.000,0.000,0.00,0.00,0.000,0,1000
-1.44,36.00,10.38,0.9470,-0.3067,0.0412,-0.0864,-0.23,-5.73,7.97,-0.12,0.19,-1.06,9.82,0,1.70,0.0262,0.1148,0,0.000,0.000,0.00,0.00,0.000,0,1000
phase1 acc_mag=9.858 gravity=9.823 motion=0.035 moving_avg=0.063 rms=0.081 mean_rms=0.171 max_rms=0.236 min_rms=0.081 std=0.052 var=0.003 state=standing thr=0.275/0.475/0.975
-1.38,35.94,10.44,0.9471,-0.3063,0.0410,-0.0866,-0.38,-5.66,7.98,0.81,-0.81,-0.06,9.79,0,1.70,0.0261,0.1146,0,0.000,0.000,0.00,0.00,0.000,0,1000
-1.31,35.94,10.31,0.9473,-0.3061,0.0399,-0.0858,-0.26,-5.78,7.99,1.50,-1.62,0.38,9.86,0,1.70,0.0256,0.1146,0,0.000,0.000,0.00,0.00,0.000,0,1000
-1.25,35.88,10.31,0.9474,-0.3057,0.0393,-0.0856,-0.23,-5.67,7.95,0.25,-0.94,0.31,9.77,0,1.70,0.0254,0.1145,0,0.000,0.000,0.00,0.00,0.000,0,1000
phase1 acc_mag=9.798 gravity=9.820 motion=0.022 moving_avg=0.058 rms=0.077 mean_rms=0.139 max_rms=0.229 min_rms=0.077 std=0.051 var=0.003 state=standing thr=0.241/0.441/0.941
-1.19,35.75,10.31,0.9477,-0.3048,0.0390,-0.0861,-0.17,-5.64,8.01,1.88,1.06,-1.81,9.80,0,1.70,0.0253,0.1142,0,0.000,0.000,0.00,0.00,0.000,0,1000
-1.25,35.50,10.62,0.9481,-0.3027,0.0402,-0.0885,-0.34,-5.72,8.05,1.44,2.56,-2.44,9.88,0,1.70,0.0260,0.1134,0,0.000,0.000,0.00,0.00,0.000,0,1000
-1.31,35.38,10.81,0.9483,-0.3016,0.0407,-0.0901,-0.26,-5.64,8.00,1.06,1.00,-1.62,9.79,0,1.70,0.0263,0.1129,0,0.000,0.000,0.00,0.00,0.000,0,1000
-1.31,35.31,10.94,0.9484,-0.3009,0.0411,-0.0910,-0.27,-5.50,8.03,1.12,0.88,-1.06,9.74,0,1.70,0.0266,0.1127,0,0.000,0.000,0.00,0.00,0.000,0,1000
phase1 acc_mag=9.771 gravity=9.816 motion=0.044 moving_avg=0.056 rms=0.076 mean_rms=0.111 max_rms=0.203 min_rms=0.075 std=0.036 var=0.001 state=standing thr=0.182/0.382/0.882
-1.25,35.38,11.00,0.9482,-0.3013,0.0410,-0.0917,-0.26,-5.55,8.01,-2.69,0.31,-1.31,9.75,0,1.70,0.0266,0.1128,0,0.000,0.000,0.00,0.00,0.000,0,1000
-1.25,35.62,11.06,0.9474,-0.3036,0.0412,-0.0920,-0.25,-5.73,8.08,-1.44,0.50,-1.44,9.91,0,1.70,0.0268,0.1135,0,0.000,0.000,0.00,0.00,0.000,0,1000
-1.25,35.81,11.12,0.9470,-0.3049,0.0413,-0.0922,-0.26,-5.71,8.02,-3.00,-0.06,0.12,9.85,0,1.70,0.0269,0.1140,0,0.000,0.000,0.00,0.00,0.000,0,1000
-1.19,35.94,11.06,0.9467,-0.3062,0.0410,-0.0917,-0.18,-5.68,7.95,-1.94,-1.25,1.00,9.77,0,1.70,0.0267,0.1144,0,0.000,0.000,0.00,0.00,0.000,0,1000
phase1 acc_mag=9.808 gravity=9.814 motion=0.007 moving_avg=0.050 rms=0.069 mean_rms=0.091 max_rms=0.140 min_rms=0.069 std=0.022 var=0.000 state=standing thr=0.135/0.350/0.850
-1.19,36.06,11.00,0.9464,-0.3071,0.0409,-0.0917,-0.24,-5.71,8.01,-0.50,0.56,-0.88,9.84,0,1.70,0.0267,0.1147,0,0.000,0.000,0.00,0.00,0.000,0,1000
-1.19,36.06,11.12,0.9464,-0.3071,0.0411,-0.0922,-0.25,-5.77,7.95,-0.50,1.19,-1.38,9.83,0,1.70,0.0269,0.1147,0,0.000,0.000,0.00,0.00,0.000,0,1000
-1.19,35.94,11.19,0.9465,-0.3062,0.0412,-0.0931,-0.27,-5.65,8.04,2.12,-0.31,0.06,9.83,0,1.70,0.0270,0.1144,0,0.000,0.000,0.00,0.00,0.000,0,1000
phase1 acc_mag=9.872 gravity=9.829 motion=0.043 moving_avg=0.043 rms=0.054 mean_rms=0.079 max_rms=0.123 min_rms=0.054 std=0.013 var=0.000 state=standing thr=0.104/0.350/0.850
-1.19,35.88,11.06,0.9469,-0.3054,0.0406,-0.0919,-0.24,-5.78,8.00,3.50,-1.56,2.06,9.87,0,1.70,0.0266,0.1142,0,0.000,0.000,0.00,0.00,0.000,0,1000
-1.19,35.50,10.81,0.9480,-0.3026,0.0397,-0.0899,-0.26,-5.59,8.01,4.94,-1.38,2.12,9.77,0,1.70,0.0259,0.1133,0,0.000,0.000,0.00,0.00,0.000,0,1000
-1.19,35.31,10.56,0.9487,-0.3011,0.0392,-0.0882,-0.28,-5.60,8.07,1.31,-2.12,3.88,9.83,0,1.70,0.0255,0.1129,0,0.000,0.000,0.00,0.00,0.000,0,1000
-1.25,35.25,10.06,0.9495,-0.3003,0.0378,-0.0831,-0.15,-5.65,8.14,3.12,-6.75,8.69,9.91,0,1.70,0.0244,0.1128,0,0.000,0.000,0.00,0.00,0.000,0,1000
phase1 acc_mag=10.151 gravity=9.840 motion=0.311 moving_avg=0.050 rms=0.070 mean_rms=0.070 max_rms=0.080 min_rms=0.052 std=0.009 var=0.000 state=standing thr=0.088/0.350/0.850
-1.06,34.62,9.25,0.9515,-0.2958,0.0342,-0.0771,-0.19,-6.27,8.05,3.44,-6.06,10.19,10.21,0,1.70,0.0222,0.1115,0,0.000,0.000,0.00,0.00,0.000,0,1000
-1.12,34.50,9.00,0.9520,-0.2949,0.0339,-0.0752,-0.30,-5.42,8.09,2.56,-0.12,1.62,9.74,0,1.70,0.0218,0.1113,0,0.000,0.000,0.00,0.00,0.000,0,1000
-1.25,34.38,9.00,0.9523,-0.2938,0.0350,-0.0751,-0.44,-5.59,8.12,0.25,-0.38,1.06,9.87,0,1.70,0.0222,0.1109,0,0.000,0.000,0.00,0.00,0.000,0,1000
-1.25,34.31,8.81,0.9525,-0.2934,0.0346,-0.0735,-0.23,-5.43,8.10,-0.38,-2.56,3.06,9.75,0,1.70,0.0218,0.1108,0,0.000,0.000,0.00,0.00,0.000,0,1000
phase1 acc_mag=9.826 gravity=9.832 motion=0.006 moving_avg=0.063 rms=0.108 mean_rms=0.076 max_rms=0.108 min_rms=0.052 std=0.018 var=0.000 state=standing thr=0.112/0.350/0.850
-1.25,34.31,8.62,0.9526,-0.2936,0.0338,-0.0718,-0.11,-5.56,8.05,0.75,-1.44,1.06,9.78,0,1.70,0.0213,0.1109,0,0.000,0.000,0.00,0.00,0.000,0,1000
-1.19,34.19,8.56,0.9530,-0.2924,0.0334,-0.0718,-0.15,-5.42,8.19,1.88,0.38,0.12,9.82,0,1.70,0.0211,0.1105,0,0.000,0.000,0.00,0.00,0.000,0,1000
-1.31,34.06,8.44,0.9533,-0.2916,0.0337,-0.0707,-0.20,-5.54,8.13,-0.19,-0.25,2.62,9.84,0,1.70,0.0211,0.1103,0,0.000,0.000,0.00,0.00,0.000,0,1000
-1.38,34.06,8.38,0.9536,-0.2910,0.0339,-0.0698,-0.24,-5.49,8.14,1.81,-0.19,-0.25,9.82,0,1.70,0.0211,0.1101,0,0.000,0.000,0.00,0.00,0.000,0,1000
phase1 acc_mag=9.851 gravity=9.836 motion=0.015 moving_avg=0.056 rms=0.104 mean_rms=0.082 max_rms=0.108 min_rms=0.052 std=0.022 var=0.000 state=standing thr=0.126/0.350/0.850
-1.38,33.88,8.44,0.9539,-0.2896,0.0344,-0.0709,-0.22,-5.40,8.22,3.81,2.56,-1.88,9.84,0,1.70,0.0213,0.1095,0,0.000,0.000,0.00,0.00,0.000,0,1000
-1.44,33.62,8.75,0.9544,-0.2870,0.0356,-0.0741,-0.31,-5.48,8.11,4.81,3.31,-5.88,9.79,0,1.70,0.0221,0.1085,0,0.000,0.000,0.00,0.00,0.000,0,1000
-1.44,33.31,9.25,0.9547,-0.2849,0.0363,-0.0776,-0.24,-5.24,8.17,1.31,2.88,-3.06,9.71,0,1.70,0.0227,0.1077,0,0.000,0.000,0.00,0.00,0.000,0,1000
-1.44,33.38,9.44,0.9543,-0.2856,0.0374,-0.0791,-0.26,-5.33,8.19,-1.50,2.00,-1.69,9.78,0,1.70,0.0233,0.1079,0,0.000,0.000,0.00,0.00,0.000,0,1000
phase1 acc_mag=9.846 gravity=9.830 motion=0.017 moving_avg=0.057 rms=0.104 mean_rms=0.089 max_rms=0.108 min_rms=0.052 std=0.022 var=0.001 state=standing thr=0.134/0.350/0.850
-1.50,33.50,9.44,0.9542,-0.2862,0.0377,-0.0790,-0.21,-5.40,8.28,-0.06,-1.06,1.12,9.89,0,1.70,0.0234,0.1080,0,0.000,0.000,0.00,0.00,0.000,0,1000
-1.56,33.44,9.44,0.9543,-0.2856,0.0380,-0.0791,-0.39,-5.58,8.06,2.19,1.19,-0.69,9.81,0,1.70,0.0235,0.1078,0,0.000,0.000,0.00,0.00,0.000,0,1000
-1.50,33.31,9.56,0.9545,-0.2847,0.0382,-0.0805,-0.26,-5.42,8.05,0.12,1.81,-1.31,9.71,0,1.70,0.0238,0.1075,0,0.000,0.000,0.00,0.00,0.000,0,1000
phase1 acc_mag=9.769 gravity=9.821 motion=0.052 moving_avg=0.060 rms=0.107 mean_rms=0.098 max_rms=0.108 min_rms=0.052 std=0.018 var=0.000 state=standing thr=0.134/0.350/0.850
-1.56,33.31,9.69,0.9544,-0.2846,0.0390,-0.0809,-0.38,-5.25,8.23,0.12,0.81,-0.31,9.77,0,1.70,0.0241,0.1074,0,0.000,0.000,0.00,0.00,0.000,0,1000
-1.50,33.50,9.75,0.9539,-0.2861,0.0387,-0.0820,-0.25,-5.46,8.27,-1.12,1.06,-3.56,9.91,0,1.70,0.0241,0.1079,0,0.000,0.000,0.00,0.00,0.000,0,1000
-1.50,33.56,10.00,0.9536,-0.2865,0.0392,-0.0844,-0.32,-5.69,8.17,-1.19,2.88,-4.81,9.96,0,1.70,0.0246,0.1080,0,0.000,0.000,0.00,0.00,0.000,0,1000
-1.44,33.38,10.69,0.9536,-0.2849,0.0400,-0.0897,-0.26,-5.30,8.26,7.62,2.19,-10.50,9.82,0,1.70,0.0255,0.1072,0,0.000,0.000,0.00,0.00,0.000,0,1000
phase1 acc_mag=9.671 gravity=9.820 motion=0.149 moving_avg=0.050 rms=0.068 mean_rms=0.104 max_rms=0.108 min_rms=0.066 std=0.008 var=0.000 state=standing thr=0.120/0.350/0.850
-1.31,32.81,11.25,0.9545,-0.2800,0.0400,-0.0942,-0.28,-4.87,8.23,7.62,1.88,-3.44,9.57,0,1.70,0.0258,0.1054,0,0.000,0.000,0.00,0.00,0.000,0,1000
-1.31,32.81,11.12,0.9546,-0.2801,0.0399,-0.0934,-0.26,-5.23,8.26,-1.94,-2.00,2.00,9.78,0,1.70,0.0257,0.1055,0,0.000,0.000,0.00,0.00,0.000,0,1000
-1.31,32.81,11.00,0.9547,-0.2803,0.0391,-0.0917,-0.25,-5.14,8.35,-0.75,-1.62,3.12,9.81,0,1.70,0.0252,0.1056,0,0.000,0.000,0.00,0.00,0.000,0,1000
-1.31,32.94,10.62,0.9547,-0.2812,0.0386,-0.0891,-0.27,-5.34,8.18,-1.75,-4.75,3.62,9.77,0,1.70,0.0248,0.1060,0,0.000,0.000,0.00,0.00,0.000,0,1000
phase1 acc_mag=9.809 gravity=9.809 motion=0.000 moving_avg=0.055 rms=0.077 mean_rms=0.097 max_rms=0.108 min_rms=0.066 std=0.013 var=0.000 state=standing thr=0.124/0.350/0.850
-1.19,33.00,10.44,0.9547,-0.2821,0.0370,-0.0873,-0.21,-5.37,8.31,-1.12,-1.19,0.56,9.90,0,1.70,0.0240,0.1064,0,0.000,0.000,0.00,0.00,0.000,0,1000
-1.19,33.00,10.50,0.9546,-0.2822,0.0372,-0.0880,-0.23,-5.30,8.25,0.44,0.69,-1.50,9.81,0,1.70,0.0241,0.1064,0,0.000,0.000,0.00,0.00,0.000,0,1000
-1.19,32.88,10.75,0.9548,-0.2808,0.0377,-0.0899,-0.23,-5.51,8.26,2.31,2.88,-3.06,9.93,0,1.70,0.0245,0.1059,0,0.000,0.000,0.00,0.00,0.000,0,1000
phase1 acc_mag=9.800 gravity=9.812 motion=0.012 moving_avg=0.060 rms=0.081 mean_rms=0.091 max_rms=0.108 min_rms=0.066 std=0.015 var=0.000 state=standing thr=0.121/0.350/0.850
-1.25,32.56,10.94,0.9554,-0.2781,0.0386,-0.0916,-0.33,-5.07,8.38,4.25,1.06,-0.62,9.80,0,1.70,0.0249,0.1049,0,0.000,0.000,0.00,0.00,0.000,0,1000
-1.31,32.88,9.94,0.9554,-0.2813,0.0361,-0.0823,-0.50,-5.35,8.17,-0.88,-12.31,8.81,9.78,0,1.70,0.0230,0.1063,0,0.000,0.000,0.00,0.00,0.000,0,1000
-1.19,32.81,9.81,0.9556,-0.2805,0.0354,-0.0823,-0.21,-5.40,8.22,0.75,4.25,-3.25,9.84,0,1.70,0.0228,0.1061,0,0.000,0.000,0.00,0.00,0.000,0,1000
-1.25,32.69,10.25,0.9556,-0.2794,0.0366,-0.0860,-0.21,-5.28,8.25,3.06,3.81,-5.56,9.80,0,1.70,0.0236,0.1055,0,0.000,0.000,0.00,0.00,0.000,0,1000
phase1 acc_mag=9.720 gravity=9.807 motion=0.087 moving_avg=0.065 rms=0.088 mean_rms=0.088 max_rms=0.108 min_rms=0.066 std=0.013 var=0.000 state=standing thr=0.115/0.350/0.850
-1.25,32.62,10.44,0.9556,-0.2787,0.0375,-0.0876,-0.26,-5.31,8.26,-1.69,0.88,0.19,9.82,0,1.70,0.0241,0.1052,0,0.000,0.000,0.00,0.00,0.000,0,1000
-1.31,32.75,10.44,0.9553,-0.2797,0.0377,-0.0873,-0.19,-5.31,8.20,-1.69,0.00,0.50,9.77,0,1.70,0.0242,0.1056,0,0.000,0.000,0.00,0.00,0.000,0,1000
-1.31,32.75,10.56,0.9551,-0.2801,0.0381,-0.0889,-0.23,-5.20,8.29,-1.38,2.69,-4.38,9.79,0,1.70,0.0245,0.1056,0,0.000,0.000,0.00,0.00,0.000,0,1000
-1.31,33.06,10.94,0.9541,-0.2823,0.0393,-0.0916,-0.34,-5.27,8.27,-6.88,2.81,-3.94,9.81,0,1.70,0.0253,0.1063,0,0.000,0.000,0.00,0.00,0.000,0,1000
phase1 acc_mag=9.939 gravity=9.806 motion=0.133 moving_avg=0.061 rms=0.085 mean_rms=0.084 max_rms=0.108 min_rms=0.066 std=0.010 var=0.000 state=standing thr=0.104/0.350/0.850
-1.31,33.38,11.12,0.9531,-0.2852,0.0399,-0.0931,-0.23,-5.37,8.24,-2.81,0.06,-2.25,9.84,0,1.70,0.0258,0.1072,0,0.000,0.000,0.00,0.00,0.000,0,1000
-1.25,33.62,11.25,0.9525,-0.2871,0.0403,-0.0939,-0.26,-5.39,8.24,-1.31,1.12,-1.38,9.85,0,1.70,0.0261,0.1079,0,0.000,0.000,0.00,0.00,0.000,0,1000
-1.31,33.75,11.50,0.9520,-0.2876,0.0412,-0.0963,-0.22,-5.42,8.22,1.62,4.56,-5.56,9.85,0,1.70,0.0268,0.1079,0,0.000,0.000,0.00,0.00,0.000,0,1000
-1.44,33.50,11.88,0.9523,-0.2850,0.0433,-0.0996,-0.32,-5.26,8.27,4.06,3.19,-1.38,9.81,0,1.70,0.0279,0.1068,0,0.000,0.000,0.00,0.00,0.000,0,1000
phase1 acc_mag=9.726 gravity=9.815 motion=0.089 moving_avg=0.049 rms=0.067 mean_rms=0.082 max_rms=0.089 min_rms=0.067 std=0.005 var=0.000 state=standing thr=0.093/0.350/0.850
-1.56,33.44,11.88,0.9525,-0.2848,0.0440,-0.0992,-0.35,-5.50,8.18,-1.94,0.19,1.94,9.86,0,1.70,0.0281,0.1068,0,0.000,0.000,0.00,0.00,0.000,0,1000
-1.56,33.31,11.88,0.9527,-0.2838,0.0444,-0.0994,-0.27,-5.39,8.15,2.88,2.62,-1.75,9.77,0,1.70,0.0282,0.1064,0,0.000,0.000,0.00,0.00,0.000,0,1000
-1.69,33.31,12.06,0.9526,-0.2834,0.0458,-0.1006,-0.43,-5.39,8.11,0.12,0.56,0.75,9.75,0,1.70,0.0289,0.1061,0,0.000,0.000,0.00,0.00,0.000,0,1000
-1.75,33.31,11.75,0.9528,-0.2834,0.0457,-0.0984,-0.32,-5.32,8.23,-1.62,-2.19,3.94,9.80,0,1.70,0.0286,0.1062,0,0.000,0.000,0.00,0.00,0.000,0,1000
phase1 acc_mag=9.803 gravity=9.818 motion=0.014 moving_avg=0.051 rms=0.069 mean_rms=0.080 max_rms=0.089 min_rms=0.067 std=0.008 var=0.000 state=standing thr=0.095/0.350/0.850
-1.75,33.38,11.50,0.9528,-0.2843,0.0453,-0.0964,-0.27,-5.37,8.20,-0.75,-1.19,1.69,9.81,0,1.70,0.0282,0.1066,0,0.000,0.000,0.00,0.00,0.000,0,1000
-1.75,33.44,11.38,0.9528,-0.2848,0.0450,-0.0953,-0.39,-5.39,8.10,-1.62,-1.31,1.88,9.74,0,1.70,0.0280,0.1068,0,0.000,0.000,0.00,0.00,0.000,0,1000
-1.81,33.62,11.19,0.9525,-0.2866,0.0447,-0.0934,-0.32,-5.40,8.21,-4.25,-1.50,2.69,9.83,0,1.70,0.0278,0.1075,0,0.000,0.000,0.00,0.00,0.000,0,1000
-1.81,33.88,10.94,0.9521,-0.2885,0.0446,-0.0916,-0.38,-5.50,8.06,-3.88,-1.75,3.25,9.77,0,1.70,0.0276,0.1082,0,0.000,0.000,0.00,0.00,0.000,0,1000
phase1 acc_mag=9.813 gravity=9.812 motion=0.001 moving_avg=0.044 rms=0.057 mean_rms=0.077 max_rms=0.089 min_rms=0.057 std=0.009 var=0.000 state=standing thr=0.096/0.350/0.850
-1.81,34.00,10.69,0.9519,-0.2897,0.0439,-0.0894,-0.27,-5.39,8.15,-2.69,-1.62,3.12,9.77,0,1.70,0.0271,0.1087,0,0.000,0.000,0.00,0.00,0.000,0,1000
-1.88,34.06,10.50,0.9520,-0.2900,0.0440,-0.0878,-0.33,-5.45,8.15,0.38,-0.56,1.00,9.81,0,1.70,0.0269,0.1089,0,0.000,0.000,0.00,0.00,0.000,0,1000
-1.88,34.06,10.50,0.9520,-0.2900,0.0440,-0.0878,-0.31,-5.39,8.20,-0.75,0.12,0.38,9.82,0,1.70,0.0269,0.1089,0,0.000,0.000,0.00,0.00,0.000,0,1000
phase1 acc_mag=9.802 gravity=9.821 motion=0.019 moving_avg=0.040 rms=0.051 mean_rms=0.070 max_rms=0.089 min_rms=0.051 std=0.012 var=0.000 state=standing thr=0.094/0.350/0.850
-1.88,34.06,10.50,0.9518,-0.2905,0.0441,-0.0878,-0.35,-5.42,8.16,-0.31,-0.25,-0.62,9.80,0,1.70,0.0270,0.1090,0,0.000,0.000,0.00,0.00,0.000,0,1000
-1.81,34.25,10.56,0.9514,-0.2918,0.0440,-0.0883,-0.31,-5.58,8.14,-2.31,0.38,-1.44,9.87,0,1.70,0.0271,0.1095,0,0.000,0.000,0.00,0.00,0.000,0,1000
-1.75,34.31,10.69,0.9512,-0.2922,0.0440,-0.0892,-0.31,-5.46,8.05,-0.81,0.44,-0.94,9.73,0,1.70,0.0272,0.1096,0,0.000,0.000,0.00,0.00,0.000,0,1000
-1.75,34.44,10.69,0.9508,-0.2934,0.0437,-0.0894,-0.27,-5.46,8.08,-2.50,-0.12,-0.94,9.76,0,1.70,0.0271,0.1100,0,0.000,0.000,0.00,0.00,0.000,0,1000
phase1 acc_mag=9.792 gravity=9.821 motion=0.029 moving_avg=0.040 rms=0.051 mean_rms=0.063 max_rms=0.085 min_rms=0.050 std=0.010 var=0.000 state=standing thr=0.084/0.350/0.850
-1.69,34.50,10.81,0.9505,-0.2939,0.0439,-0.0906,-0.31,-5.50,8.11,1.06,1.44,-2.56,9.80,0,1.70,0.0274,0.1101,0,0.000,0.000,0.00,0.00,0.000,0,1000
-1.69,34.50,11.06,0.9504,-0.2938,0.0443,-0.0924,-0.30,-5.64,8.11,-0.12,0.94,-2.56,9.88,0,1.70,0.0277,0.1100,0,0.000,0.000,0.00,0.00,0.000,0,1000
-1.69,34.50,11.12,0.9504,-0.2936,0.0443,-0.0931,-0.32,-5.55,8.12,0.06,-0.12,0.44,9.84,0,1.70,0.0278,0.1100,0,0.000,0.000,0.00,0.00,0.000,0,1000
-1.62,34.50,11.12,0.9503,-0.2940,0.0441,-0.0930,-0.28,-5.42,8.15,-2.12,-1.12,-0.12,9.79,0,1.70,0.0277,0.1101,0,0.000,0.000,0.00,0.00,0.000,0,1000
phase1 acc_mag=9.821 gravity=9.816 motion=0.006 moving_avg=0.038 rms=0.046 mean_rms=0.058 max_rms=0.070 min_rms=0.046 std=0.008 var=0.000 state=standing thr=0.080/0.350/0.850
-1.62,34.56,11.06,0.9502,-0.2944,0.0438,-0.0924,-0.31,-5.70,7.99,1.38,-0.94,1.69,9.82,0,1.70,0.0275,0.1103,0,0.000,0.000,0.00,0.00,0.000,0,1000
-1.62,34.56,10.88,0.9504,-0.2946,0.0432,-0.0901,-0.36,-5.44,8.08,-2.69,-2.75,4.69,9.75,0,1.70,0.0271,0.1104,0,0.000,0.000,0.00,0.00,0.000,0,1000
-1.56,34.81,10.38,0.9502,-0.2965,0.0419,-0.0867,-0.32,-5.53,8.10,-2.69,-5.38,5.81,9.81,0,1.70,0.0262,0.1112,0,0.000,0.000,0.00,0.00,0.000,0,1000
-1.56,34.81,10.12,0.9503,-0.2966,0.0408,-0.0847,-0.25,-5.68,8.12,1.69,-0.06,-0.56,9.91,0,1.70,0.0255,0.1114,0,0.000,0.000,0.00,0.00,0.000,0,1000
phase1 acc_mag=9.807 gravity=9.823 motion=0.016 moving_avg=0.038 rms=0.047 mean_rms=0.053 max_rms=0.069 min_rms=0.046 std=0.007 var=0.000 state=standing thr=0.080/0.350/0.850
-1.44,34.62,10.38,0.9506,-0.2953,0.0406,-0.0865,-0.27,-5.50,7.95,1.00,0.62,-2.88,9.67,0,1.70,0.0257,0.1109,0,0.000,0.000,0.00,0.00,0.000,0,1000
-1.38,34.69,10.44,0.9504,-0.2958,0.0402,-0.0869,-0.18,-5.55,8.05,-0.19,-1.31,-0.25,9.78,0,1.70,0.0255,0.1111,0,0.000,0.000,0.00,0.00,0.000,0,1000
-1.38,34.88,10.38,0.9498,-0.2980,0.0397,-0.0862,-0.27,-5.72,8.01,-3.50,-0.75,0.50,9.85,0,1.70,0.0254,0.1119,0,0.000,0.000,0.00,0.00,0.000,0,1000
-1.31,35.00,10.31,0.9496,-0.2988,0.0391,-0.0860,-0.27,-5.55,8.10,-0.56,-1.69,0.31,9.82,0,1.70,0.0251,0.1122,0,0.000,0.000,0.00,0.00,0.000,0,1000
phase1 acc_mag=9.892 gravity=9.824 motion=0.067 moving_avg=0.040 rms=0.050 mean_rms=0.050 max_rms=0.054 min_rms=0.046 std=0.002 var=0.000 state=standing thr=0.080/0.350/0.850
-1.12,35.00,10.38,0.9497,-0.2985,0.0379,-0.0867,-0.19,-5.60,8.10,1.06,-0.81,-2.31,9.85,0,1.70,0.0247,0.1121,0,0.000,0.000,0.00,0.00,0.000,0,1000
-1.12,35.00,10.44,0.9495,-0.2989,0.0380,-0.0870,-0.23,-5.63,7.99,-1.62,0.88,-0.31,9.78,0,1.70,0.0248,0.1122,0,0.000,0.000,0.00,0.00,0.000,0,1000
-1.12,35.00,10.50,0.9495,-0.2988,0.0382,-0.0877,-0.22,-5.55,8.06,0.12,0.88,-1.19,9.79,0,1.70,0.0250,0.1122,0,0.000,0.000,0.00,0.00,0.000,0,1000
phase1 acc_mag=9.919 gravity=9.828 motion=0.092 moving_avg=0.047 rms=0.061 mean_rms=0.051 max_rms=0.061 min_rms=0.046 std=0.004 var=0.000 state=standing thr=0.080/0.350/0.850
-1.19,35.00,10.56,0.9496,-0.2983,0.0391,-0.0881,-0.18,-5.68,8.13,2.81,1.75,-0.38,9.92,0,1.70,0.0253,0.1119,0,0.000,0.000,0.00,0.00,0.000,0,1000
-1.25,34.69,10.81,0.9501,-0.2961,0.0398,-0.0900,-0.21,-5.63,8.05,2.06,1.62,-1.62,9.83,0,1.70,0.0258,0.1111,0,0.000,0.000,0.00,0.00,0.000,0,1000
-1.31,34.62,10.81,0.9503,-0.2952,0.0403,-0.0901,-0.27,-5.59,8.15,0.88,0.00,2.12,9.89,0,1.70,0.0259,0.1107,0,0.000,0.000,0.00,0.00,0.000,0,1000
-1.38,34.31,10.75,0.9512,-0.2924,0.0409,-0.0901,-0.22,-5.37,8.18,2.38,1.75,-1.81,9.79,0,1.70,0.0261,0.1098,0,0.000,0.000,0.00,0.00,0.000,0,1000
phase1 acc_mag=9.925 gravity=9.824 motion=0.101 moving_avg=0.056 rms=0.083 mean_rms=0.054 max_rms=0.083 min_rms=0.046 std=0.009 var=0.000 state=slow thr=0.080/0.350/0.850
-1.44,34.25,11.00,0.9510,-0.2922,0.0414,-0.0917,-0.24,-5.56,8.12,1.38,1.94,-2.88,9.84,0,1.70,0.0265,0.1096,0,0.000,0.000,0.00,0.00,0.000,0,1000
-1.44,34.12,11.19,0.9512,-0.2910,0.0421,-0.0934,-0.32,-5.41,8.13,0.50,0.50,-0.31,9.77,0,1.70,0.0269,0.1091,0,0.000,0.000,0.00,0.00,0.000,0,1000
-1.44,34.19,11.12,0.9512,-0.2914,0.0419,-0.0931,-0.23,-5.43,8.16,-1.19,-0.88,0.94,9.80,0,1.70,0.0268,0.1093,0,0.000,0.000,0.00,0.00,0.000,0,1000
-1.44,34.25,11.12,0.9511,-0.2916,0.0415,-0.0928,-0.27,-5.59,8.23,2.12,-1.75,-1.38,9.95,0,1.70,0.0266,0.1094,0,0.000,0.000,0.00,0.00,0.000,0,1000
phase1 acc_mag=9.757 gravity=9.820 motion=0.063 moving_avg=0.056 rms=0.083 mean_rms=0.061 max_rms=0.084 min_rms=0.046 std=0.014 var=0.000 state=standing thr=0.089/0.350/0.850
-1.19,34.06,11.38,0.9514,-0.2898,0.0399,-0.0963,-0.63,-5.80,8.72,0.88,1.69,-9.19,10.49,0,1.70,0.0263,0.1088,0,0.000,0.000,0.00,0.00,0.000,0,1000
-1.12,34.06,11.88,0.9509,-0.2904,0.0410,-0.0989,-0.36,-5.56,8.22,-4.06,3.12,-1.81,9.93,0,1.70,0.0271,0.1088,0,0.000,0.000,0.00,0.00,0.000,0,1000
-1.19,34.25,11.81,0.9504,-0.2920,0.0415,-0.0987,-0.19,-5.47,8.19,-3.19,-0.50,1.62,9.85,0,1.70,0.0273,0.1094,0,0.000,0.000,0.00,0.00,0.000,0,1000
phase1 acc_mag=9.820 gravity=9.825 motion=0.005 moving_avg=0.068 rms=0.111 mean_rms=0.074 max_rms=0.112 min_rms=0.049 std=0.022 var=0.000 state=standing thr=0.117/0.350/0.850
-1.25,34.31,11.81,0.9502,-0.2927,0.0419,-0.0984,-0.28,-5.50,8.13,-0.62,0.81,-0.44,9.82,0,1.70,0.0274,0.1096,0,0.000,0.000,0.00,0.00,0.000,0,1000
-1.25,34.38,11.94,0.9500,-0.2929,0.0423,-0.0994,-0.33,-5.62,8.11,1.25,0.50,-0.69,9.87,0,1.70,0.0277,0.1096,0,0.000,0.000,0.00,0.00,0.000,0,1000
-1.19,34.12,11.94,0.9507,-0.2910,0.0414,-0.0994,-0.19,-5.33,8.17,4.56,-1.44,-0.94,9.76,0,1.70,0.0273,0.1090,0,0.000,0.000,0.00,0.00,0.000,0,1000
-1.12,34.06,12.00,0.9506,-0.2908,0.0413,-0.1001,-0.28,-5.37,8.21,-1.88,1.38,-0.56,9.81,0,1.70,0.0274,0.1089,0,0.000,0.000,0.00,0.00,0.000,0,1000
phase1 acc_mag=9.834 gravity=9.823 motion=0.011 moving_avg=0.073 rms=0.118 mean_rms=0.086 max_rms=0.118 min_rms=0.050 std=0.022 var=0.001 state=standing thr=0.131/0.350/0.850
-1.19,34.19,12.00,0.9504,-0.2915,0.0417,-0.1000,-0.25,-5.35,8.17,-0.31,-0.62,0.00,9.77,0,1.70,0.0275,0.1092,0,0.000,0.000,0.00,0.00,0.000,0,1000
-1.12,34.50,12.00,0.9497,-0.2938,0.0419,-0.1000,-0.22,-5.54,8.09,-5.12,-0.62,-0.88,9.81,0,1.70,0.0277,0.1099,0,0.000,0.000,0.00,0.00,0.000,0,1000
-1.12,34.69,12.06,0.9492,-0.2953,0.0420,-0.1006,-0.18,-5.36,7.98,0.19,0.25,-0.06,9.61,0,1.70,0.0278,0.1104,0,0.000,0.000,0.00,0.00,0.000,0,1000
phase1 acc_mag=9.874 gravity=9.820 motion=0.054 moving_avg=0.076 rms=0.120 mean_rms=0.099 max_rms=0.121 min_rms=0.061 std=0.019 var=0.000 state=standing thr=0.137/0.350/0.850
-1.12,34.81,11.94,0.9488,-0.2968,0.0420,-0.0995,-0.31,-5.58,8.14,-3.25,-1.62,1.50,9.87,0,1.70,0.0277,0.1110,0,0.000,0.000,0.00,0.00,0.000,0,1000
-1.12,35.00,11.88,0.9484,-0.2984,0.0419,-0.0988,-0.19,-5.66,8.07,-0.38,0.62,-0.81,9.86,0,1.70,0.0277,0.1115,0,0.000,0.000,0.00,0.00,0.000,0,1000
-1.12,34.94,11.88,0.9485,-0.2978,0.0417,-0.0991,-0.25,-5.43,8.08,1.06,0.06,-0.31,9.74,0,1.70,0.0276,0.1113,0,0.000,0.000,0.00,0.00,0.000,0,1000
-1.12,34.94,11.88,0.9486,-0.2977,0.0418,-0.0992,-0.28,-5.50,8.11,0.75,0.75,0.56,9.80,0,1.70,0.0277,0.1113,0,0.000,0.000,0.00,0.00,0.000,0,1000
phase1 acc_mag=9.862 gravity=9.826 motion=0.036 moving_avg=0.069 rms=0.107 mean_rms=0.108 max_rms=0.121 min_rms=0.082 std=0.013 var=0.000 state=standing thr=0.134/0.350/0.850
-1.19,34.94,11.81,0.9486,-0.2978,0.0421,-0.0986,-0.25,-5.53,8.09,-0.38,-0.31,1.88,9.80,0,1.70,0.0277,0.1113,0,0.000,0.000,0.00,0.00,0.000,0,1000
-1.25,35.06,11.62,0.9485,-0.2986,0.0424,-0.0967,-0.23,-5.59,8.12,-1.00,-1.38,2.88,9.86,0,1.70,0.0276,0.1117,0,0.000,0.000,0.00,0.00,0.000,0,1000
-1.31,35.06,11.44,0.9487,-0.2985,0.0427,-0.0955,-0.22,-5.54,8.08,-0.25,0.94,0.94,9.80,0,1.70,0.0276,0.1116,0,0.000,0.000,0.00,0.00,0.000,0,1000
-1.38,34.88,11.56,0.9490,-0.2972,0.0431,-0.0961,-0.24,-5.46,8.06,3.50,1.94,-1.25,9.74,0,1.70,0.0278,0.1112,0,0.000,0.000,0.00,0.00,0.000,0,1000
phase1 acc_mag=9.745 gravity=9.829 motion=0.084 moving_avg=0.067 rms=0.104 mean_rms=0.112 max_rms=0.121 min_rms=0.104 std=0.005 var=0.000 state=standing thr=0.123/0.350/0.850
-1.44,34.81,11.56,0.9492,-0.2966,0.0433,-0.0963,-0.25,-5.57,8.08,-0.44,0.19,0.06,9.82,0,1.70,0.0279,0.1109,0,0.000,0.000,0.00,0.00,0.000,0,1000
-1.44,34.88,11.56,0.9490,-0.2970,0.0434,-0.0961,-0.27,-5.47,8.14,-1.69,0.00,1.31,9.81,0,1.70,0.0279,0.1111,0,0.000,0.000,0.00,0.00,0.000,0,1000
-1.44,35.00,11.50,0.9488,-0.2979,0.0436,-0.0958,-0.25,-5.58,8.11,-0.81,-0.12,-0.75,9.85,0,1.70,0.0279,0.1114,0,0.000,0.000,0.00,0.00,0.000,0,1000
-1.38,35.00,11.62,0.9487,-0.2979,0.0435,-0.0967,-0.28,-5.64,8.04,0.06,0.81,-1.94,9.82,0,1.70,0.0280,0.1114,0,0.000,0.000,0.00,0.00,0.000,0,1000
phase1 acc_mag=9.854 gravity=9.821 motion=0.033 moving_avg=0.053 rms=0.075 mean_rms=0.106 max_rms=0.121 min_rms=0.075 std=0.015 var=0.000 state=standing thr=0.136/0.350/0.850
-1.38,35.00,11.75,0.9485,-0.2980,0.0435,-0.0979,-0.35,-5.61,8.01,-1.06,0.00,-0.88,9.79,0,1.70,0.0282,0.1114,0,0.000,0.000,0.00,0.00,0.000,0,1000
-1.31,35.06,11.62,0.9484,-0.2987,0.0430,-0.0970,-0.30,-5.70,8.08,-1.94,-1.94,2.38,9.89,0,1.70,0.0279,0.1117,0,0.000,0.000,0.00,0.00,0.000,0,1000
-1.31,35.12,11.50,0.9484,-0.2992,0.0427,-0.0959,-0.22,-5.62,8.10,0.00,-0.19,0.50,9.86,0,1.70,0.0277,0.1119,0,0.000,0.000,0.00,0.00,0.000,0,1000
-1.31,35.19,11.50,0.9482,-0.2999,0.0427,-0.0953,-0.29,-5.59,8.14,-3.12,-0.94,1.44,9.88,0,1.70,0.0276,0.1121,0,0.000,0.000,0.00,0.00,0.000,0,1000
phase1 acc_mag=9.829 gravity=9.821 motion=0.007 moving_avg=0.047 rms=0.063 mean_rms=0.096 max_rms=0.121 min_rms=0.062 std=0.021 var=0.000 state=standing thr=0.137/0.350/0.850
-1.38,35.31,11.38,0.9479,-0.3010,0.0428,-0.0947,-0.24,-5.63,8.05,-2.12,-0.56,0.88,9.83,0,1.70,0.0276,0.1125,0,0.000,0.000,0.00,0.00,0.000,0,1000
-1.38,35.44,11.31,0.9477,-0.3019,0.0430,-0.0942,-0.30,-5.65,8.06,-0.94,0.44,0.25,9.85,0,1.70,0.0277,0.1128,0,0.000,0.000,0.00,0.00,0.000,0,1000
-1.44,35.50,11.25,0.9475,-0.3027,0.0432,-0.0935,-0.25,-5.71,8.06,-2.69,-0.62,1.06,9.88,0,1.70,0.0277,0.1131,0,0.000,0.000,0.00,0.00,0.000,0,1000
phase1 acc_mag=9.842 gravity=9.825 motion=0.016 moving_avg=0.036 rms=0.046 mean_rms=0.082 max_rms=0.121 min_rms=0.046 std=0.023 var=0.001 state=standing thr=0.128/0.350/0.850
-1.44,35.56,11.19,0.9474,-0.3031,0.0434,-0.0930,-0.29,-5.64,8.06,-0.88,-0.44,0.88,9.84,0,1.70,0.0277,0.1132,0,0.000,0.000,0.00,0.00,0.000,0,1000
-1.44,35.75,11.00,0.9472,-0.3043,0.0432,-0.0913,-0.26,-5.65,8.00,-1.38,-1.75,2.38,9.80,0,1.70,0.0275,0.1137,0,0.000,0.000,0.00,0.00,0.000,0,1000
-1.50,35.81,10.81,0.9472,-0.3047,0.0428,-0.0901,-0.25,-5.67,7.99,-1.00,-0.75,1.25,9.80,0,1.70,0.0272,0.1139,0,0.000,0.000,0.00,0.00,0.000,0,1000
-1.50,35.81,10.81,0.9471,-0.3049,0.0428,-0.0899,-0.27,-5.68,8.04,0.06,0.12,0.25,9.85,0,1.70,0.0272,0.1140,0,0.000,0.000,0.00,0.00,0.000,0,1000
phase1 acc_mag=9.843 gravity=9.826 motion=0.017 moving_avg=0.032 rms=0.042 mean_rms=0.068 max_rms=0.107 min_rms=0.042 std=0.021 var=0.000 state=standing thr=0.111/0.350/0.850
-1.44,35.81,10.81,0.9471,-0.3049,0.0427,-0.0900,-0.29,-5.66,8.06,-0.38,-0.06,-0.81,9.85,0,1.70,0.0272,0.1140,0,0.000,0.000,0.00,0.00,0.000,0,1000
-1.44,35.94,10.88,0.9468,-0.3057,0.0428,-0.0902,-0.29,-5.60,8.07,-2.19,0.56,-0.19,9.83,0,1.70,0.0272,0.1142,0,0.000,0.000,0.00,0.00,0.000,0,1000
-1.44,36.06,10.88,0.9465,-0.3069,0.0430,-0.0902,-0.39,-5.68,8.00,-0.69,-0.88,0.38,9.82,0,1.70,0.0274,0.1146,0,0.000,0.000,0.00,0.00,0.000,0,1000
phase1 acc_mag=9.760 gravity=9.829 motion=0.069 moving_avg=0.031 rms=0.042 mean_rms=0.056 max_rms=0.078 min_rms=0.038 std=0.014 var=0.000 state=standing thr=0.084/0.350/0.850
-1.38,36.00,10.88,0.9467,-0.3064,0.0424,-0.0903,-0.27,-5.67,7.94,0.50,0.06,-0.38,9.76,0,1.70,0.0271,0.1145,0,0.000,0.000,0.00,0.00,0.000,0,1000
-1.38,36.12,10.88,0.9464,-0.3074,0.0425,-0.0903,-0.31,-5.71,8.05,-0.06,-0.44,0.31,9.87,0,1.70,0.0272,0.1148,0,0.000,0.000,0.00,0.00,0.000,0,1000
-1.38,36.12,10.81,0.9463,-0.3076,0.0424,-0.0899,-0.23,-5.76,8.02,-0.38,-0.31,0.12,9.88,0,1.70,0.0271,0.1149,0,0.000,0.000,0.00,0.00,0.000,0,1000
-1.38,36.19,10.88,0.9462,-0.3079,0.0424,-0.0903,-0.30,-5.70,8.06,-0.06,0.62,-1.50,9.88,0,1.70,0.0271,0.1150,0,0.000,0.000,0.00,0.00,0.000,0,1000
phase1 acc_mag=9.833 gravity=9.838 motion=0.004 moving_avg=0.035 rms=0.047 mean_rms=0.050 max_rms=0.075 min_rms=0.038 std=0.010 var=0.000 state=standing thr=0.080/0.350/0.850
-1.31,36.25,10.94,0.9458,-0.3088,0.0422,-0.0908,-0.22,-5.71,8.01,0.44,0.00,-0.88,9.84,0,1.70,0.0272,0.1153,0,0.000,0.000,0.00,0.00,0.000,0,1000
-1.31,36.31,10.94,0.9457,-0.3090,0.0423,-0.0908,-0.25,-5.92,7.84,0.00,0.75,-0.50,9.83,0,1.70,0.0272,0.1154,0,0.000,0.000,0.00,0.00,0.000,0,1000
-1.31,36.19,11.00,0.9459,-0.3083,0.0424,-0.0914,-0.53,-6.14,8.30,-1.38,-1.69,0.56,10.34,0,1.70,0.0273,0.1151,0,0.000,0.000,0.00,0.00,0.000,0,1000
-1.31,36.19,11.06,0.9460,-0.3078,0.0424,-0.0920,-0.24,-5.81,7.91,0.94,-0.12,-0.75,9.82,0,1.70,0.0274,0.1149,0,0.000,0.000,0.00,0.00,0.000,0,1000
phase1 acc_mag=9.814 gravity=9.845 motion=0.032 moving_avg=0.046 rms=0.077 mean_rms=0.049 max_rms=0.077 min_rms=0.038 std=0.010 var=0.000 state=standing thr=0.080/0.350/0.850
-1.31,36.06,11.19,0.9462,-0.3071,0.0428,-0.0930,-0.34,-5.67,7.95,-0.94,1.19,-1.00,9.77,0,1.70,0.0276,0.1146,0,0.000,0.000,0.00,0.00,0.000,0,1000
-1.38,36.12,11.25,0.9460,-0.3073,0.0435,-0.0936,-0.28,-5.78,7.95,-0.62,1.88,-0.62,9.83,0,1.70,0.0280,0.1146,0,0.000,0.000,0.00,0.00,0.000,0,1000
-1.44,36.06,11.31,0.9461,-0.3068,0.0438,-0.0938,-0.38,-5.77,7.97,-0.06,-0.25,0.69,9.85,0,1.70,0.0281,0.1145,0,0.000,0.000,0.00,0.00,0.000,0,1000
-1.38,36.12,11.19,0.9460,-0.3077,0.0435,-0.0928,-0.23,-5.78,8.01,-0.06,-0.69,1.06,9.88,0,1.70,0.0279,0.1148,0,0.000,0.000,0.00,0.00,0.000,0,1000
phase1 acc_mag=9.807 gravity=9.846 motion=0.039 moving_avg=0.046 rms=0.076 mean_rms=0.054 max_rms=0.078 min_rms=0.038 std=0.015 var=0.000 state=standing thr=0.085/0.350/0.850
-1.44,36.12,11.12,0.9461,-0.3073,0.0436,-0.0923,-0.31,-5.74,7.99,-0.81,-0.50,0.69,9.84,0,1.70,0.0279,0.1147,0,0.000,0.000,0.00,0.00,0.000,0,1000
-1.50,36.12,11.00,0.9462,-0.3073,0.0436,-0.0916,-0.33,-5.81,7.96,-0.56,-1.62,2.38,9.86,0,1.70,0.0278,0.1147,0,0.000,0.000,0.00,0.00,0.000,0,1000
-1.44,36.12,10.81,0.9464,-0.3074,0.0428,-0.0897,-0.25,-5.86,7.99,-0.62,-2.00,2.75,9.91,0,1.70,0.0273,0.1148,0,0.000,0.000,0.00,0.00,0.000,0,1000
-1.50,36.00,10.62,0.9469,-0.3063,0.0425,-0.0883,-0.25,-5.73,8.02,2.12,-0.44,1.38,9.86,0,1.70,0.0269,0.1145,0,0.000,0.000,0.00,0.00,0.000,0,1000
phase1 acc_mag=9.807 gravity=9.851 motion=0.044 moving_avg=0.049 rms=0.079 mean_rms=0.062 max_rms=0.079 min_rms=0.038 std=0.016 var=0.000 state=standing thr=0.095/0.350/0.850
-1.50,35.75,10.69,0.9473,-0.3047,0.0425,-0.0887,-0.28,-5.68,8.00,2.69,0.81,-1.44,9.82,0,1.70,0.0269,0.1139,0,0.000,0.000,0.00,0.00,0.000,0,1000
-1.50,35.62,10.75,0.9476,-0.3035,0.0430,-0.0896,-0.29,-5.65,7.99,2.06,1.12,-0.38,9.79,0,1.70,0.0272,0.1135,0,0.000,0.000,0.00,0.00,0.000,0,1000
-1.50,35.62,10.69,0.9478,-0.3033,0.0426,-0.0884,-0.35,-5.67,7.99,-0.88,-2.94,2.75,9.80,0,1.70,0.0269,0.1135,0,0.000,0.000,0.00,0.00,0.000,0,1000
-1.44,35.81,10.31,0.9476,-0.3051,0.0413,-0.0860,-0.15,-5.72,8.02,-4.19,-2.75,2.88,9.85,0,1.70,0.0262,0.1142,0,0.000,0.000,0.00,0.00,0.000,0,1000
phase1 acc_mag=9.789 gravity=9.839 motion=0.050 moving_avg=0.052 rms=0.081 mean_rms=0.071 max_rms=0.083 min_rms=0.045 std=0.013 var=0.000 state=standing thr=0.097/0.350/0.850
-1.44,35.94,10.19,0.9472,-0.3065,0.0411,-0.0849,-0.17,-5.72,7.97,-1.00,0.06,-0.44,9.81,0,1.70,0.0260,0.1147,0,0.000,0.000,0.00,0.00,0.000,0,1000
-1.38,36.00,10.44,0.9470,-0.3065,0.0410,-0.0869,-0.16,-5.81,8.04,1.38,2.56,-6.44,9.92,0,1.70,0.0262,0.1147,0,0.000,0.000,0.00,0.00,0.000,0,1000
-1.31,35.88,11.06,0.9467,-0.3056,0.0422,-0.0927,-0.27,-5.86,7.93,1.00,5.25,-7.19,9.86,0,1.70,0.0273,0.1142,0,0.000,0.000,0.00,0.00,0.000,0,1000
-1.31,35.94,11.50,0.9462,-0.3062,0.0431,-0.0955,-0.22,-5.76,7.91,-2.31,1.88,-2.50,9.79,0,1.70,0.0280,0.1142,0,0.000,0.000,0.00,0.00,0.000,0,1000
phase1 acc_mag=9.818 gravity=9.843 motion=0.025 moving_avg=0.052 rms=0.079 mean_rms=0.079 max_rms=0.085 min_rms=0.056 std=0.005 var=0.000 state=standing thr=0.089/0.350/0.850
-1.31,36.06,11.62,0.9459,-0.3068,0.0439,-0.0967,-0.25,-5.79,7.96,-0.94,2.31,-2.12,9.85,0,1.70,0.0285,0.1144,0,0.000,0.000,0.00,0.00,0.000,0,1000
-1.38,36.00,11.88,0.9457,-0.3063,0.0451,-0.0992,-0.30,-5.79,8.00,0.00,3.44,-3.25,9.88,0,1.70,0.0292,0.1141,0,0.000,0.000,0.00,0.00,0.000,0,1000
-1.44,36.00,12.19,0.9454,-0.3062,0.0463,-0.1014,-0.35,-5.84,8.00,-0.06,2.44,-2.50,9.91,0,1.70,0.0299,0.1139,0,0.000,0.000,0.00,0.00,0.000,0,1000
-1.50,36.06,12.31,0.9453,-0.3063,0.0471,-0.1020,-0.37,-5.77,8.02,-0.88,0.75,0.31,9.89,0,1.70,0.0303,0.1139,0,0.000,0.000,0.00,0.00,0.000,0,1000
phase1 acc_mag=9.815 gravity=9.840 motion=0.025 moving_avg=0.042 rms=0.057 mean_rms=0.076 max_rms=0.085 min_rms=0.057 std=0.009 var=0.000 state=standing thr=0.094/0.350/0.850
-1.56,36.06,12.19,0.9454,-0.3062,0.0474,-0.1013,-0.34,-5.77,7.99,0.44,0.06,1.06,9.86,0,1.70,0.0303,0.1139,0,0.000,0.000,0.00,0.00,0.000,0,1000
-1.56,35.94,12.12,0.9458,-0.3051,0.0475,-0.1008,-0.37,-5.88,7.96,0.25,0.00,1.44,9.90,0,1.70,0.0303,0.1135,0,0.000,0.000,0.00,0.00,0.000,0,1000
-1.62,35.81,12.00,0.9462,-0.3041,0.0475,-0.0999,-0.33,-5.71,8.05,1.56,-0.06,1.12,9.87,0,1.70,0.0301,0.1132,0,0.000,0.000,0.00,0.00,0.000,0,1000
phase1 acc_mag=9.836 gravity=9.840 motion=0.004 moving_avg=0.041 rms=0.055 mean_rms=0.072 max_rms=0.085 min_rms=0.055 std=0.012 var=0.000 state=standing thr=0.095/0.350/0.850
-1.69,35.69,11.88,0.9466,-0.3034,0.0476,-0.0985,-0.34,-5.57,8.10,0.38,-1.81,3.94,9.84,0,1.70,0.0300,0.1130,0,0.000,0.000,0.00,0.00,0.000,0,1000
-1.75,35.62,11.50,0.9470,-0.3031,0.0470,-0.0955,-0.32,-5.64,8.03,1.12,-2.50,3.62,9.82,0,1.70,0.0294,0.1130,0,0.000,0.000,0.00,0.00,0.000,0,1000
-1.75,35.62,11.25,0.9472,-0.3032,0.0466,-0.0935,-0.29,-5.74,8.01,0.50,-0.69,1.44,9.86,0,1.70,0.0290,0.1131,0,0.000,0.000,0.00,0.00,0.000,0,1000
-1.81,35.56,11.12,0.9475,-0.3026,0.0463,-0.0925,-0.27,-5.58,8.00,0.31,-1.06,1.75,9.76,0,1.70,0.0287,0.1130,0,0.000,0.000,0.00,0.00,0.000,0,1000
phase1 acc_mag=9.811 gravity=9.837 motion=0.026 moving_avg=0.039 rms=0.054 mean_rms=0.067 max_rms=0.085 min_rms=0.054 std=0.013 var=0.000 state=standing thr=0.093/0.350/0.850
-1.81,35.62,11.00,0.9473,-0.3033,0.0462,-0.0916,-0.26,-5.70,8.01,-2.12,-0.19,1.38,9.83,0,1.70,0.0286,0.1133,0,0.000,0.000,0.00,0.00,0.000,0,1000
-1.88,35.69,11.06,0.9473,-0.3032,0.0470,-0.0920,-0.34,-5.73,8.05,2.06,2.56,-1.81,9.89,0,1.70,0.0290,0.1132,0,0.000,0.000,0.00,0.00,0.000,0,1000
-1.88,35.56,11.25,0.9475,-0.3020,0.0476,-0.0937,-0.35,-5.65,8.01,1.00,1.25,-1.25,9.81,0,1.70,0.0294,0.1127,0,0.000,0.000,0.00,0.00,0.000,0,1000
-1.94,35.62,11.25,0.9473,-0.3026,0.0479,-0.0936,-0.38,-5.65,8.03,-2.56,-0.31,1.19,9.83,0,1.70,0.0295,0.1129,0,0.000,0.000,0.00,0.00,0.000,0,1000
phase1 acc_mag=9.820 gravity=9.843 motion=0.023 moving_avg=0.035 rms=0.046 mean_rms=0.060 max_rms=0.085 min_rms=0.045 std=0.012 var=0.000 state=standing thr=0.085/0.350/0.850
-1.94,35.69,11.06,0.9472,-0.3035,0.0477,-0.0918,-0.35,-5.66,8.02,-0.19,-1.75,2.88,9.82,0,1.70,0.0292,0.1132,0,0.000,0.000,0.00,0.00,0.000,0,1000
-1.94,35.69,10.94,0.9473,-0.3037,0.0472,-0.0909,-0.33,-5.65,8.01,-0.50,-1.12,0.44,9.81,0,1.70,0.0289,0.1134,0,0.000,0.000,0.00,0.00,0.000,0,1000
-1.94,35.69,10.88,0.9474,-0.3034,0.0472,-0.0906,-0.35,-5.63,8.05,1.06,0.38,0.06,9.83,0,1.70,0.0289,0.1133,0,0.000,0.000,0.00,0.00,0.000,0,1000
-1.94,35.62,10.88,0.9476,-0.3029,0.0471,-0.0906,-0.30,-5.64,8.02,2.31,0.06,0.19,9.81,0,1.70,0.0288,0.1131,0,0.000,0.000,0.00,0.00,0.000,0,1000
phase1 acc_mag=9.784 gravity=9.839 motion=0.055 moving_avg=0.031 rms=0.039 mean_rms=0.051 max_rms=0.076 min_rms=0.038 std=0.007 var=0.000 state=standing thr=0.080/0.350/0.850
-1.94,35.50,10.94,0.9478,-0.3019,0.0473,-0.0909,-0.37,-5.76,8.02,1.69,0.75,-0.88,9.88,0,1.70,0.0289,0.1128,0,0.000,0.000,0.00,0.00,0.000,0,1000
-1.94,35.44,11.06,0.9479,-0.3013,0.0474,-0.0925,-0.40,-5.61,8.08,0.25,0.56,-2.00,9.84,0,1.70,0.0291,0.1125,0,0.000,0.000,0.00,0.00,0.000,0,1000
-1.88,35.44,11.12,0.9479,-0.3013,0.0471,-0.0925,-0.27,-5.59,7.97,-0.31,-1.00,0.56,9.74,0,1.70,0.0290,0.1125,0,0.000,0.000,0.00,0.00,0.000,0,1000
phase1 acc_mag=9.863 gravity=9.834 motion=0.029 moving_avg=0.032 rms=0.040 mean_rms=0.047 max_rms=0.058 min_rms=0.037 std=0.008 var=0.000 state=standing thr=0.080/0.350/0.850
-1.88,35.50,11.12,0.9477,-0.3019,0.0469,-0.0925,-0.32,-5.69,8.05,-0.50,0.56,-0.44,9.86,0,1.70,0.0290,0.1127,0,0.000,0.000,0.00,0.00,0.000,0,1000
-1.94,35.44,11.12,0.9479,-0.3012,0.0473,-0.0927,-0.32,-5.56,8.07,1.06,0.31,-0.44,9.81,0,1.70,0.0291,0.1124,0,0.000,0.000,0.00,0.00,0.000,0,1000
-1.94,35.44,11.19,0.9478,-0.3015,0.0474,-0.0928,-0.32,-5.61,8.10,-1.56,0.75,-1.06,9.86,0,1.70,0.0291,0.1125,0,0.000,0.000,0.00,0.00,0.000,0,1000
-1.88,35.50,11.31,0.9474,-0.3019,0.0474,-0.0942,-0.35,-5.69,7.97,-1.62,-0.19,-2.00,9.80,0,1.70,0.0294,0.1126,0,0.000,0.000,0.00,0.00,0.000,0,1000
phase1 acc_mag=9.769 gravity=9.831 motion=0.061 moving_avg=0.032 rms=0.039 mean_rms=0.043 max_rms=0.056 min_rms=0.037 std=0.006 var=0.000 state=standing thr=0.080/0.350/0.850
-1.81,35.69,11.44,0.9469,-0.3035,0.0473,-0.0952,-0.31,-5.70,8.03,-2.06,-0.44,-0.62,9.85,0,1.70,0.0295,0.1132,0,0.000,0.000,0.00,0.00,0.000,0,1000
-1.75,35.75,11.44,0.9467,-0.3041,0.0473,-0.0953,-0.32,-5.56,8.10,-0.81,0.62,-0.75,9.83,0,1.70,0.0295,0.1133,0,0.000,0.000,0.00,0.00,0.000,0,1000
-1.81,35.81,11.50,0.9466,-0.3043,0.0476,-0.0955,-0.32,-5.69,8.00,-0.38,0.88,-0.69,9.82,0,1.70,0.0296,0.1134,0,0.000,0.000,0.00,0.00,0.000,0,1000
-1.81,35.88,11.50,0.9464,-0.3047,0.0479,-0.0956,-0.36,-5.68,8.07,-0.62,-1.00,0.56,9.88,0,1.70,0.0298,0.1135,0,0.000,0.000,0.00,0.00,0.000,0,1000
phase1 acc_mag=9.811 gravity=9.834 motion=0.022 moving_avg=0.032 rms=0.040 mean_rms=0.040 max_rms=0.051 min_rms=0.037 std=0.003 var=0.000 state=standing thr=0.080/0.350/0.850
-1.81,36.00,11.38,0.9462,-0.3058,0.0475,-0.0947,-0.29,-5.73,7.93,-1.31,-0.44,0.38,9.79,0,1.70,0.0296,0.1140,0,0.000,0.000,0.00,0.00,0.000,0,1000
-1.75,36.19,11.44,0.9456,-0.3074,0.0474,-0.0952,-0.29,-5.65,8.07,-2.69,0.38,-1.06,9.86,0,1.70,0.0296,0.1145,0,0.000,0.000,0.00,0.00,0.000,0,1000
-1.75,36.19,11.50,0.9457,-0.3071,0.0477,-0.0953,-0.39,-5.81,8.05,2.12,0.19,0.38,9.94,0,1.70,0.0297,0.1143,0,0.000,0.000,0.00,0.00,0.000,0,1000
-1.75,35.94,11.50,0.9462,-0.3052,0.0472,-0.0959,-0.25,-5.76,8.01,3.88,1.81,-2.62,9.87,0,1.70,0.0296,0.1137,0,0.000,0.000,0.00,0.00,0.000,0,1000
phase1 acc_mag=9.836 gravity=9.842 motion=0.005 moving_avg=0.035 rms=0.044 mean_rms=0.040 max_rms=0.045 min_rms=0.037 std=0.002 var=0.000 state=standing thr=0.080/0.350/0.850
-1.75,35.75,11.75,0.9465,-0.3038,0.0475,-0.0975,-0.35,-5.75,8.00,0.62,0.19,-1.69,9.86,0,1.70,0.0298,0.1132,0,0.000,0.000,0.00,0.00,0.000,0,1000
-1.56,35.62,11.81,0.9467,-0.3030,0.0463,-0.0986,-0.24,-5.60,7.98,1.31,-1.00,-2.31,9.75,0,1.70,0.0295,0.1129,0,0.000,0.000,0.00,0.00,0.000,0,1000
-1.44,35.81,11.88,0.9462,-0.3047,0.0454,-0.0988,-0.28,-5.65,8.03,-2.94,-1.81,-0.06,9.82,0,1.70,0.0292,0.1135,0,0.000,0.000,0.00,0.00,0.000,0,1000
-1.38,36.00,11.88,0.9456,-0.3066,0.0448,-0.0989,-0.30,-5.77,7.96,-4.00,-1.56,-1.38,9.84,0,1.70,0.0291,0.1142,0,0.000,0.000,0.00,0.00,0.000,0,1000
phase1 acc_mag=9.813 gravity=9.837 motion=0.024 moving_avg=0.037 rms=0.048 mean_rms=0.041 max_rms=0.048 min_rms=0.037 std=0.003 var=0.000 state=standing thr=0.080/0.350/0.850
-1.25,36.25,12.06,0.9449,-0.3082,0.0446,-0.1002,-0.16,-5.90,7.98,-2.56,1.94,-4.19,9.93,0,1.70,0.0292,0.1147,0,0.000,0.000,0.00,0.00,0.000,0,1000
-1.19,36.25,12.50,0.9445,-0.3083,0.0456,-0.1044,-0.19,-5.70,7.95,-0.81,4.00,-5.56,9.78,0,1.70,0.0301,0.1146,0,0.000,0.000,0.00,0.00,0.000,0,1000
-1.19,36.31,13.06,0.9438,-0.3086,0.0468,-0.1082,-0.15,-5.82,8.02,0.50,4.12,-6.38,9.91,0,1.70,0.0310,0.1145,0,0.000,0.000,0.00,0.00,0.000,0,1000
-1.25,36.25,13.56,0.9435,-0.3078,0.0485,-0.1126,-0.29,-5.88,7.92,1.06,5.00,-5.69,9.87,0,1.70,0.0322,0.1140,0,0.000,0.000,0.00,0.00,0.000,0,1000
phase1 acc_mag=9.871 gravity=9.846 motion=0.025 moving_avg=0.042 rms=0.051 mean_rms=0.044 max_rms=0.051 min_rms=0.037 std=0.005 var=0.000 state=standing thr=0.080/0.350/0.850
-1.25,36.19,13.94,0.9434,-0.3068,0.0494,-0.1161,-0.25,-5.69,8.00,1.56,3.38,-4.81,9.82,0,1.70,0.0329,0.1135,0,0.000,0.000,0.00,0.00,0.000,0,1000
-1.19,36.12,14.38,0.9431,-0.3065,0.0500,-0.1191,-0.28,-5.66,7.99,-0.88,1.50,-3.81,9.80,0,1.70,0.0335,0.1132,0,0.000,0.000,0.00,0.00,0.000,0,1000
-1.06,36.25,14.69,0.9424,-0.3072,0.0503,-0.1226,-0.19,-5.87,8.03,0.31,3.06,-6.19,9.95,0,1.70,0.0340,0.1133,0,0.000,0.000,0.00,0.00,0.000,0,1000
phase1 acc_mag=9.857 gravity=9.846 motion=0.011 moving_avg=0.045 rms=0.055 mean_rms=0.047 max_rms=0.055 min_rms=0.037 std=0.005 var=0.000 state=standing thr=0.080/0.350/0.850
-1.12,35.94,15.25,0.9426,-0.3046,0.0517,-0.1265,-0.44,-5.70,8.03,2.56,2.88,-2.19,9.86,0,1.70,0.0349,0.1122,0,0.000,0.000,0.00,0.00,0.000,0,1000
-1.12,36.00,15.00,0.9428,-0.3050,0.0512,-0.1245,-0.27,-5.78,7.97,-1.94,-2.69,4.38,9.85,0,1.70,0.0345,0.1125,0,0.000,0.000,0.00,0.00,0.000,0,1000
-1.19,36.00,14.69,0.9431,-0.3054,0.0508,-0.1219,-0.31,-5.68,7.99,-0.56,-2.00,3.56,9.81,0,1.70,0.0341,0.1127,0,0.000,0.000,0.00,0.00,0.000,0,1000
-1.19,36.06,14.50,0.9431,-0.3061,0.0505,-0.1202,-0.47,-5.78,8.04,-1.19,-0.75,1.50,9.91,0,1.70,0.0338,0.1130,0,0.000,0.000,0.00,0.00,0.000,0,1000
phase1 acc_mag=9.897 gravity=9.849 motion=0.048 moving_avg=0.043 rms=0.053 mean_rms=0.050 max_rms=0.056 min_rms=0.041 std=0.004 var=0.000 state=standing thr=0.080/0.350/0.850
-1.38,36.25,14.19,0.9430,-0.3071,0.0513,-0.1176,-0.70,-5.94,8.01,-1.50,-1.50,4.44,10.00,0,1.70,0.0338,0.1134,0,0.000,0.000,0.00,0.00,0.000,0,1000
-1.56,36.31,13.69,0.9434,-0.3078,0.0517,-0.1126,-0.48,-5.85,7.93,-1.56,-6.75,9.88,9.87,0,1.70,0.0334,0.1138,0,0.000,0.000,0.00,0.00,0.000,0,1000
-1.62,36.38,12.50,0.9442,-0.3086,0.0493,-0.1039,-0.36,-5.64,7.90,-0.12,-9.38,12.38,9.71,0,1.70,0.0314,0.1145,0,0.000,0.000,0.00,0.00,0.000,0,1000
-1.69,36.38,11.69,0.9449,-0.3093,0.0472,-0.0963,-0.42,-5.78,7.90,-0.88,-5.56,8.06,9.80,0,1.70,0.0298,0.1151,0,0.000,0.000,0.00,0.00,0.000,0,1000
phase1 acc_mag=9.869 gravity=9.845 motion=0.024 moving_avg=0.049 rms=0.060 mean_rms=0.053 max_rms=0.060 min_rms=0.045 std=0.004 var=0.000 state=standing thr=0.080/0.350/0.850
-1.81,36.44,11.00,0.9453,-0.3096,0.0468,-0.0913,-0.60,-5.81,7.88,-1.56,-4.94,8.44,9.81,0,1.70,0.0290,0.1154,0,0.000,0.000,0.00,0.00,0.000,0,1000
-1.88,36.62,10.25,0.9454,-0.3117,0.0452,-0.0844,-0.50,-5.95,7.91,-3.19,-5.69,8.62,9.91,0,1.70,0.0276,0.1163,0,0.000,0.000,0.00,0.00,0.000,0,1000
-1.94,36.88,9.50,0.9453,-0.3137,0.0440,-0.0786,-0.14,-5.90,8.07,-5.62,-6.50,9.88,10.00,0,1.70,0.0265,0.1172,0,0.000,0.000,0.00,0.00,0.000,0,1000
-1.88,37.19,8.69,0.9448,-0.3171,0.0415,-0.0710,-0.54,-5.46,7.72,-4.50,-7.38,7.81,9.47,0,1.70,0.0247,0.1187,0,0.000,0.000,0.00,0.00,0.000,0,1000
phase1 acc_mag=9.662 gravity=9.839 motion=0.177 moving_avg=0.058 rms=0.083 mean_rms=0.056 max_rms=0.083 min_rms=0.049 std=0.006 var=0.000 state=slow thr=0.080/0.350/0.850
-1.88,37.75,8.19,0.9435,-0.3217,0.0408,-0.0679,-0.23,-6.18,7.61,-8.94,0.19,0.31,9.81,0,1.70,0.0242,0.1203,0,0.000,0.000,0.00,0.00,0.000,0,1000
-1.69,38.25,8.44,0.9418,-0.3262,0.0398,-0.0701,-0.04,-6.14,7.66,-4.50,-3.00,-5.62,9.82,0,1.70,0.0241,0.1218,0,0.000,0.000,0.00,0.00,0.000,0,1000
-0.88,39.06,8.88,0.9395,-0.3329,0.0342,-0.0729,0.18,-6.69,7.33,-10.75,-7.69,-9.62,9.93,0,1.70,0.0226,0.1241,0,0.000,0.000,0.00,0.00,0.000,0,1000
phase1 acc_mag=9.848 gravity=9.837 motion=0.011 moving_avg=0.066 rms=0.093 mean_rms=0.064 max_rms=0.093 min_rms=0.051 std=0.013 var=0.000 state=slow thr=0.091/0.350/0.850
-0.12,39.56,9.50,0.9377,-0.3373,0.0295,-0.0783,0.21,-6.32,7.55,-9.44,-3.00,-13.81,9.85,0,1.70,0.0216,0.1256,0,0.000,0.000,0.00,0.00,0.000,0,1000
0.88,40.62,9.38,0.9340,-0.3485,0.0196,-0.0766,0.63,-6.60,7.30,-17.00,-8.50,2.88,9.86,0,1.70,0.0180,0.1296,0,0.000,0.000,0.00,0.00,0.000,0,1000
1.50,42.25,9.31,0.9295,-0.3605,0.0150,-0.0760,0.55,-6.47,7.26,-16.00,-9.00,-6.44,9.74,0,1.70,0.0165,0.1336,0,0.000,0.000,0.00,0.00,0.000,0,1000
2.00,43.25,9.25,0.9260,-0.3700,0.0098,-0.0745,0.51,-6.75,7.41,-14.62,-11.94,3.31,10.04,0,1.70,0.0146,0.1368,0,0.000,0.000,0.00,0.00,0.000,0,1000
phase1 acc_mag=10.174 gravity=9.863 motion=0.311 moving_avg=0.097 rms=0.154 mean_rms=0.081 max_rms=0.154 min_rms=0.053 std=0.032 var=0.001 state=slow thr=0.144/0.350/0.850
2.25,43.38,8.44,0.9263,-0.3704,0.0058,-0.0685,0.96,-7.39,6.84,13.44,-10.75,11.56,10.12,0,1.70,0.0123,0.1371,0,0.000,0.000,0.00,0.00,0.000,0,1000
2.00,42.25,6.81,0.9308,-0.3611,0.0026,-0.0558,1.10,-7.40,6.46,17.56,-12.94,21.75,9.88,0,1.70,0.0090,0.1344,0,0.000,0.000,0.00,0.00,0.000,0,1000
2.00,42.12,5.38,0.9316,-0.3609,-0.0026,-0.0424,0.80,-7.09,6.31,8.88,-1.75,20.19,9.52,0,1.70,0.0052,0.1345,0,0.000,0.000,0.00,0.00,0.000,0,1000
1.19,42.50,3.88,0.9313,-0.3629,0.0010,-0.0315,0.91,-7.11,6.08,1.56,2.50,22.44,9.40,0,1.70,0.0050,0.1352,0,0.000,0.000,0.00,0.00,0.000,0,1000
phase1 acc_mag=9.337 gravity=9.831 motion=0.494 moving_avg=0.142 rms=0.205 mean_rms=0.105 max_rms=0.205 min_rms=0.056 std=0.045 var=0.002 state=slow thr=0.195/0.395/0.895
0.00,43.19,2.69,0.9295,-0.3680,0.0090,-0.0220,-0.88,-6.87,6.82,-5.88,4.12,19.38,9.72,0,1.70,0.0066,0.1368,0,0.000,0.000,0.00,0.00,0.000,0,1000
-1.06,43.69,0.88,0.9280,-0.3723,0.0134,-0.0073,-1.07,-8.61,6.99,-15.81,-6.25,22.31,11.14,0,1.70,0.0061,0.1382,0,0.000,0.000,0.00,0.00,0.000,0,1000
-0.44,44.69,0.69,0.9243,-0.3817,0.0042,-0.0043,-1.71,-5.83,9.91,-14.12,-31.12,-5.00,11.62,0,1.70,0.0022,0.1411,0,0.000,0.000,0.00,0.00,0.000,0,1000
-0.75,45.12,354.81,0.9223,-0.3841,-0.0096,0.0413,2.12,-6.41,7.95,-5.31,-41.06,103.81,10.43,0,1.70,-0.0099,0.1415,0,0.000,0.000,0.00,0.00,0.000,0,1000
phase1 acc_mag=10.186 gravity=10.041 motion=0.146 moving_avg=0.321 rms=0.517 mean_rms=0.169 max_rms=0.517 min_rms=0.060 std=0.120 var=0.014 state=slow thr=0.409/0.609/1.109
-3.06,46.00,350.75,0.9174,-0.3906,-0.0018,0.0763,-0.96,-5.59,7.89,11.31,-8.06,26.81,9.72,0,1.70,-0.0126,0.1433,0,0.000,0.000,0.00,0.00,0.000,0,1000
-3.56,44.12,349.56,0.9224,-0.3770,-0.0002,0.0840,-0.28,-5.48,7.16,25.88,0.69,8.38,9.02,0,1.70,-0.0127,0.1391,0,0.000,0.000,0.00,0.00,0.000,0,1000
-4.00,42.81,349.25,0.9269,-0.3647,0.0035,0.0879,-0.75,-5.94,7.77,22.12,-3.38,10.62,9.81,0,1.70,-0.0115,0.1353,0,0.000,0.000,0.00,0.00,0.000,0,1000
-4.06,40.81,348.19,0.9316,-0.3505,0.0024,0.0959,-0.88,-5.63,7.49,21.06,-8.44,8.81,9.41,0,1.70,-0.0125,0.1307,0,0.000,0.000,0.00,0.00,0.000,0,1000
phase1 acc_mag=9.856 gravity=9.969 motion=0.113 moving_avg=0.412 rms=0.584 mean_rms=0.268 max_rms=0.584 min_rms=0.085 std=0.183 var=0.033 state=standing thr=0.633/0.833/1.333
-3.94,39.88,347.75,0.9341,-0.3427,0.0006,0.0999,-0.88,-5.79,7.30,7.69,-6.62,0.69,9.36,0,1.70,-0.0135,0.1281,0,0.000,0.000,0.00,0.00,0.000,0,1000
-3.50,39.69,347.62,0.9348,-0.3406,-0.0049,0.1012,-0.65,-5.68,6.95,6.69,-12.62,-0.31,9.00,0,1.70,-0.0156,0.1272,0,0.000,0.000,0.00,0.00,0.000,0,1000
-3.06,39.56,347.50,0.9352,-0.3392,-0.0084,0.1019,-1.02,-6.32,7.27,6.44,-6.31,-4.06,9.69,0,1.70,-0.0170,0.1265,0,0.000,0.000,0.00,0.00,0.000,0,1000
-2.44,39.06,347.88,0.9368,-0.3353,-0.0129,0.0986,-0.66,-6.56,6.68,-3.31,1.94,-7.69,9.39,0,1.70,-0.0180,0.1251,0,0.000,0.000,0.00,0.00,0.000,0,1000
phase1 acc_mag=9.685 gravity=9.905 motion=0.220 moving_avg=0.463 rms=0.613 mean_rms=0.375 max_rms=0.619 min_rms=0.133 std=0.197 var=0.039 state=standing thr=0.768/0.968/1.468
-1.94,40.38,348.81,0.9336,-0.3465,-0.0159,0.0898,-1.10,-7.06,5.85,-19.12,-0.06,-17.81,9.23,0,1.70,-0.0184,0.1288,0,0.000,0.000,0.00,0.00,0.000,0,1000
-1.38,42.62,350.62,0.9283,-0.3637,-0.0165,0.0760,0.67,-9.39,6.35,-77.75,34.25,-33.31,11.36,0,1.70,-0.0172,0.1345,0,0.000,0.000,0.00,0.00,0.000,0,1000
-0.62,49.44,354.75,0.9051,-0.4232,-0.0140,0.0389,0.62,-9.49,9.53,-77.50,2.62,-41.81,13.46,0,1.70,-0.0117,0.1530,0,0.000,0.000,0.00,0.00,0.000,0,1000
phase1 acc_mag=10.321 gravity=10.060 motion=0.261 moving_avg=0.744 rms=1.068 mean_rms=0.513 max_rms=1.068 min_rms=0.160 std=0.232 var=0.054 state=slow thr=0.977/1.177/1.677
0.25,52.00,355.62,0.8979,-0.4384,-0.0194,0.0339,-0.31,-6.55,7.97,-7.25,-0.56,2.88,10.32,0,1.70,-0.0129,0.1572,0,0.000,0.000,0.00,0.00,0.000,0,1000
0.38,51.69,352.06,0.8977,-0.4349,-0.0341,0.0621,1.81,-6.97,5.84,21.19,-60.62,53.38,9.27,0,1.70,-0.0230,0.1553,0,0.000,0.000,0.00,0.00,0.000,0,1000
-0.50,51.31,347.62,0.8962,-0.4310,-0.0417,0.0971,0.56,-6.63,7.28,-8.38,-16.81,20.44,9.86,0,1.70,-0.0317,0.1529,0,0.000,0.000,0.00,0.00,0.000,0,1000
-0.19,51.50,345.81,0.8937,-0.4310,-0.0527,0.1130,2.42,-8.51,6.92,-0.94,-28.25,10.75,11.23,0,1.70,-0.0383,0.1517,0,0.000,0.000,0.00,0.00,0.000,0,1000
phase1 acc_mag=10.765 gravity=10.093 motion=0.672 moving_avg=0.825 rms=1.115 mean_rms=0.687 max_rms=1.115 min_rms=0.210 std=0.258 var=0.067 state=standing thr=1.203/1.403/1.903
-0.25,50.00,344.19,0.8976,-0.4193,-0.0555,0.1243,1.04,-7.01,5.92,31.25,-8.38,13.19,9.23,0,1.70,-0.0408,0.1478,0,0.000,0.000,0.00,0.00,0.000,0,1000
-0.69,48.69,343.31,0.9013,-0.4091,-0.0526,0.1326,0.90,-7.26,5.60,2.62,1.88,9.62,9.21,0,1.70,-0.0406,0.1447,0,0.000,0.000,0.00,0.00,0.000,0,1000
-1.12,49.19,343.31,0.8995,-0.4136,-0.0495,0.1315,0.97,-8.51,5.10,-13.81,12.38,-2.19,9.97,0,1.70,-0.0396,0.1462,0,0.000,0.000,0.00,0.00,0.000,0,1000
-1.94,49.81,343.44,0.8973,-0.4196,-0.0418,0.1303,-0.38,-7.39,5.41,-8.69,12.00,9.50,9.17,0,1.70,-0.0369,0.1484,0,0.000,0.000,0.00,0.00,0.000,0,1000
phase1 acc_mag=9.277 gravity=9.808 motion=0.531 moving_avg=0.738 rms=1.048 mean_rms=0.831 max_rms=1.118 min_rms=0.519 std=0.241 var=0.058 state=standing thr=1.313/1.513/2.013
-3.06,51.12,343.88,0.8928,-0.4313,-0.0309,0.1263,-0.02,-8.36,5.86,-28.50,29.19,-9.00,10.21,0,1.70,-0.0328,0.1525,0,0.000,0.000,0.00,0.00,0.000,0,1000
-3.88,55.44,345.69,0.8756,-0.4709,-0.0184,0.1058,-2.47,-9.95,11.18,-95.75,43.88,-24.19,15.17,0,1.70,-0.0264,0.1641,0,0.000,0.000,0.00,0.00,0.000,0,1000
-3.94,53.00,346.00,0.8879,-0.4468,-0.0159,0.1088,-1.45,-4.65,5.47,65.62,-14.38,34.19,7.32,0,1.70,-0.0251,0.1580,0,0.000,0.000,0.00,0.00,0.000,0,1000
-4.88,52.75,343.69,0.8860,-0.4456,-0.0152,0.1267,-0.29,-6.44,7.06,-34.00,-8.25,20.19,9.56,0,1.70,-0.0280,0.1572,0,0.000,0.000,0.00,0.00,0.000,0,1000
phase1 acc_mag=10.461 gravity=10.018 motion=0.443 moving_avg=0.967 rms=1.432 mean_rms=0.975 max_rms=1.432 min_rms=0.588 std=0.264 var=0.070 state=standing thr=1.503/1.703/2.203
-4.81,53.88,343.62,0.8818,-0.4540,-0.0175,0.1266,-0.56,-7.63,7.58,17.19,2.06,-13.69,10.77,0,1.70,-0.0292,0.1592,0,0.000,0.000,0.00,0.00,0.000,0,1000
-5.19,50.75,344.19,0.8957,-0.4270,-0.0076,0.1242,-1.30,-5.54,6.35,42.88,6.44,8.25,8.53,0,1.70,-0.0239,0.1526,0,0.000,0.000,0.00,0.00,0.000,0,1000
-5.38,49.44,343.75,0.8983,-0.4202,-0.0074,0.1279,-0.55,-6.59,7.45,1.25,-5.94,3.25,9.96,0,1.70,-0.0242,0.1506,0,0.000,0.000,0.00,0.00,0.000,0,1000
-5.56,49.12,344.12,0.9000,-0.4176,-0.0040,0.1252,-1.23,-6.61,7.24,8.25,17.00,-5.69,9.88,0,1.70,-0.0223,0.1501,0,0.000,0.000,0.00,0.00,0.000,0,1000
phase1 acc_mag=9.971 gravity=10.113 motion=0.142 moving_avg=1.046 rms=1.496 mean_rms=1.161 max_rms=1.504 min_rms=0.617 std=0.248 var=0.061 state=standing thr=1.657/1.857/2.357
-5.62,49.19,345.19,0.9006,-0.4186,0.0007,0.1168,-1.48,-6.69,7.31,-7.31,6.62,-13.00,10.02,0,1.70,-0.0193,0.1508,0,0.000,0.000,0.00,0.00,0.000,0,1000
-5.31,49.75,345.81,0.8995,-0.4224,-0.0005,0.1118,-1.08,-6.01,7.14,-14.69,2.12,-6.44,9.40,0,1.70,-0.0191,0.1520,0,0.000,0.000,0.00,0.00,0.000,0,1000
-5.56,49.12,345.94,0.9014,-0.4185,0.0022,0.1106,-1.17,-6.12,7.83,-7.50,0.50,-6.12,10.01,0,1.70,-0.0177,0.1510,0,0.000,0.000,0.00,0.00,0.000,0,1000
-5.06,49.00,346.25,0.9028,-0.4163,-0.0009,0.1083,-1.27,-5.58,7.96,13.62,-10.19,-5.12,9.80,0,1.70,-0.0183,0.1503,0,0.000,0.000,0.00,0.00,0.000,0,1000
phase1 acc_mag=9.733 gravity=9.917 motion=0.184 moving_avg=0.798 rms=1.223 mean_rms=1.269 max_rms=1.504 min_rms=1.039 std=0.181 var=0.033 state=standing thr=1.632/1.832/2.332
-4.25,47.12,345.31,0.9084,-0.4011,-0.0104,0.1169,-1.23,-6.05,7.54,29.06,-32.69,17.06,9.75,0,1.70,-0.0226,0.1453,0,0.000,0.000,0.00,0.00,0.000,0,1000
-3.62,48.44,345.38,0.9042,-0.4113,-0.0174,0.1135,-0.83,-10.02,7.73,-23.75,8.62,-21.69,12.68,0,1.70,-0.0250,0.1480,0,0.000,0.000,0.00,0.00,0.000,0,1000
-3.06,44.88,347.88,0.9188,-0.3825,-0.0109,0.0974,-1.66,-6.70,4.84,50.44,12.88,-21.50,8.43,0,1.70,-0.0189,0.1401,0,0.000,0.000,0.00,0.00,0.000,0,1000
phase1 acc_mag=11.332 gravity=10.076 motion=1.256 moving_avg=0.949 rms=1.446 mean_rms=1.326 max_rms=1.504 min_rms=1.039 std=0.165 var=0.027 state=standing thr=1.656/1.856/2.356
-1.31,43.81,349.69,0.9245,-0.3712,-0.0242,0.0831,1.78,-8.36,7.44,14.06,-29.88,-26.19,11.33,0,1.70,-0.0213,0.1364,0,0.000,0.000,0.00,0.00,0.000,0,1000
0.75,42.94,346.88,0.9235,-0.3643,-0.0511,0.1091,0.74,-5.19,6.64,-17.31,-36.88,27.62,8.46,0,1.70,-0.0348,0.1323,0,0.000,0.000,0.00,0.00,0.000,0,1000
1.25,44.50,344.44,0.9168,-0.3739,-0.0633,0.1251,1.25,-7.04,7.22,-26.00,-35.31,14.88,10.16,0,1.70,-0.0419,0.1340,0,0.000,0.000,0.00,0.00,0.000,0,1000
2.25,46.69,343.00,0.9065,-0.3906,-0.0820,0.1376,1.93,-6.62,6.74,-28.38,-29.44,13.44,9.64,0,1.70,-0.0512,0.1371,0,0.000,0.000,0.00,0.00,0.000,0,1000
phase1 acc_mag=9.300 gravity=10.097 motion=0.797 moving_avg=0.965 rms=1.459 mean_rms=1.402 max_rms=1.504 min_rms=1.039 std=0.108 var=0.012 state=standing thr=1.618/1.818/2.318
2.44,48.06,341.00,0.9006,-0.3976,-0.0906,0.1504,1.42,-7.20,6.36,-9.88,-17.00,12.81,9.71,0,1.70,-0.0565,0.1378,0,0.000,0.000,0.00,0.00,0.000,0,1000
2.06,48.06,340.88,0.9005,-0.3984,-0.0873,0.1513,1.16,-6.13,7.39,7.00,12.06,0.94,9.67,0,1.70,-0.0556,0.1382,0,0.000,0.000,0.00,0.00,0.000,0,1000
1.12,47.38,340.25,0.9020,-0.3942,-0.0800,0.1569,0.97,-6.95,7.26,13.38,1.94,20.31,10.10,0,1.70,-0.0536,0.1372,0,0.000,0.000,0.00,0.00,0.000,0,1000
0.25,43.12,338.62,0.9138,-0.3611,-0.0706,0.1721,1.75,-6.64,8.01,93.94,-15.12,29.94,10.55,0,1.70,-0.0507,0.1271,0,0.000,0.000,0.00,0.00,0.000,0,1000
phase1 acc_mag=9.711 gravity=9.985 motion=0.274 moving_avg=0.659 rms=1.038 mean_rms=1.372 max_rms=1.504 min_rms=1.038 std=0.141 var=0.020 state=standing thr=1.653/1.853/2.353
-0.31,40.38,337.31,0.9198,-0.3404,-0.0640,0.1843,0.57,-8.31,9.26,-10.31,9.88,1.50,12.46,0,1.70,-0.0487,0.1205,0,0.000,0.000,0.00,0.00,0.000,0,1000
-0.44,40.31,337.06,0.9199,-0.3389,-0.0645,0.1865,-0.34,-8.44,6.88,24.19,-13.44,9.88,10.89,0,1.70,-0.0490,0.1199,0,0.000,0.000,0.00,0.00,0.000,0,1000
-1.06,38.50,335.06,0.9218,-0.3245,-0.0612,0.2035,-0.22,-4.19,5.02,10.12,2.31,33.31,6.54,0,1.70,-0.0490,0.1146,1,0.744,0.000,0.00,0.00,0.744,1,1000
-2.31,39.94,332.62,0.9131,-0.3367,-0.0597,0.2219,-0.06,-5.87,8.10,-25.12,-15.94,23.81,10.00,0,1.70,-0.0517,0.1177,1,0.744,0.000,0.00,0.00,0.744,0,1000
phase1 acc_mag=11.517 gravity=10.021 motion=1.496 moving_avg=0.917 rms=1.369 mean_rms=1.322 max_rms=1.494 min_rms=1.038 std=0.141 var=0.020 state=standing thr=1.605/1.805/2.305
-2.12,41.25,331.94,0.9078,-0.3467,-0.0658,0.2267,-0.86,-7.07,7.10,0.56,3.94,-3.25,10.06,0,1.70,-0.0553,0.1199,1,0.744,0.000,0.00,0.00,0.744,0,1000
-2.75,40.38,332.62,0.9117,-0.3414,-0.0563,0.2217,-1.78,-4.84,6.50,12.06,20.75,-6.38,8.30,0,1.70,-0.0508,0.1195,1,0.744,0.000,0.00,0.00,0.744,0,1000
-3.12,41.19,333.31,0.9102,-0.3497,-0.0524,0.2156,-0.83,-6.40,7.06,-7.88,2.31,-3.31,9.57,0,1.70,-0.0492,0.1228,1,0.744,0.000,0.00,0.00,0.744,0,1000
-3.19,41.31,333.62,0.9106,-0.3503,-0.0512,0.2130,-0.60,-5.37,8.00,3.81,7.06,-4.56,9.65,0,1.70,-0.0485,0.1233,1,0.744,0.000,0.00,0.00,0.744,0,1000
phase1 acc_mag=9.547 gravity=9.937 motion=0.389 moving_avg=0.983 rms=1.413 mean_rms=1.330 max_rms=1.459 min_rms=1.038 std=0.135 var=0.018 state=standing thr=1.601/1.801/2.301
-2.50,40.75,334.44,0.9139,-0.3448,-0.0538,0.2072,0.00,-5.56,8.14,5.19,-3.38,-16.75,9.86,0,1.70,-0.0483,0.1216,1,0.744,0.000,0.00,0.00,0.744,0,1000
-1.81,39.94,335.88,0.9202,-0.3358,-0.0538,0.1940,-0.86,-5.19,8.68,21.56,6.81,-24.31,10.15,0,1.70,-0.0459,0.1194,1,0.744,0.000,0.00,0.00,0.744,0,1000
-1.50,37.56,337.19,0.9280,-0.3184,-0.0499,0.1871,-0.97,-5.80,9.23,33.44,1.62,-6.38,10.94,0,1.70,-0.0423,0.1144,1,0.744,0.000,0.00,0.00,0.744,0,1000
-1.50,38.19,338.44,0.9293,-0.3232,-0.0439,0.1732,-0.40,-9.05,8.29,-11.31,36.69,-25.94,12.28,0,1.70,-0.0387,0.1171,1,0.744,0.000,0.00,0.00,0.744,0,1000
phase1 acc_mag=6.705 gravity=10.028 motion=3.322 moving_avg=1.008 rms=1.495 mean_rms=1.314 max_rms=1.495 min_rms=1.038 std=0.137 var=0.019 state=standing thr=1.588/1.788/2.288
-2.81,34.00,340.81,0.9427,-0.2924,-0.0232,0.1590,-1.24,-4.02,4.53,86.50,22.31,-14.44,6.18,0,1.70,-0.0273,0.1088,1,0.744,0.000,0.00,0.00,0.744,0,1000
-1.38,32.06,340.56,0.9464,-0.2764,-0.0359,0.1635,2.03,-7.48,8.97,-28.38,-22.12,12.00,11.85,0,1.70,-0.0317,0.1023,1,0.744,0.000,0.00,0.00,0.744,0,1000
-1.69,32.75,339.44,0.9439,-0.2805,-0.0347,0.1707,0.89,-6.52,7.88,13.00,6.25,17.56,10.27,0,1.70,-0.0323,0.1035,1,0.744,0.000,0.00,0.00,0.744,0,1000
-1.25,32.12,338.06,0.9437,-0.2707,-0.0435,0.1854,1.15,-6.53,7.27,32.62,-38.81,20.06,9.84,0,1.70,-0.0365,0.0989,1,0.744,0.000,0.00,0.00,0.744,0,1000
phase1 acc_mag=9.273 gravity=10.064 motion=0.791 moving_avg=1.133 rms=1.615 mean_rms=1.345 max_rms=1.618 min_rms=1.038 std=0.175 var=0.031 state=standing thr=1.695/1.895/2.395
-0.50,29.94,335.88,0.9447,-0.2538,-0.0494,0.2017,0.79,-5.13,6.69,14.44,-14.06,26.75,8.47,0,1.70,-0.0391,0.0919,1,0.744,0.000,0.00,0.00,0.744,0,1000
-1.38,30.88,333.25,0.9378,-0.2620,-0.0493,0.2225,0.52,-6.94,8.73,-28.12,0.25,28.12,11.16,0,1.70,-0.0418,0.0939,1,0.744,0.000,0.00,0.00,0.744,0,1000
-2.00,30.94,330.88,0.9320,-0.2603,-0.0502,0.2472,-0.36,-6.22,7.86,17.06,-28.06,47.88,10.03,0,1.70,-0.0444,0.0921,1,0.744,0.000,0.00,0.00,0.744,0,1000
phase1 acc_mag=8.122 gravity=9.856 motion=1.734 moving_avg=1.219 rms=1.632 mean_rms=1.452 max_rms=1.665 min_rms=1.134 std=0.165 var=0.027 state=standing thr=1.781/1.981/2.481
-2.44,29.94,325.44,0.9223,-0.2533,-0.0553,0.2865,0.05,-5.55,5.93,-4.69,-10.62,58.69,8.12,0,1.70,-0.0494,0.0871,1,0.744,0.000,0.00,0.00,0.744,0,1000
-5.50,33.56,323.12,0.9073,-0.2891,-0.0430,0.3021,-3.32,-6.50,9.37,-92.88,46.19,10.19,11.88,0,1.70,-0.0505,0.0997,1,0.744,0.000,0.00,0.00,0.744,0,1000
-5.56,37.31,322.69,0.8967,-0.3185,-0.0530,0.3026,-0.61,-6.51,9.34,-10.69,-34.44,26.19,11.40,0,1.70,-0.0576,0.1078,1,0.744,0.000,0.00,0.00,0.744,0,1000
-5.56,38.06,319.50,0.8845,-0.3243,-0.0652,0.3292,-0.12,-4.33,7.51,-20.44,-21.25,31.00,8.67,0,1.70,-0.0658,0.1061,1,0.744,0.000,0.00,0.00,0.744,0,1000
phase1 acc_mag=8.944 gravity=10.017 motion=1.073 moving_avg=1.148 rms=1.516 mean_rms=1.502 max_rms=1.665 min_rms=1.162 std=0.139 var=0.019 state=standing thr=1.780/1.980/2.480
-5.69,38.81,317.06,0.8769,-0.3274,-0.0720,0.3445,0.12,-5.73,7.58,-14.25,-12.00,10.25,9.50,0,1.70,-0.0704,0.1049,1,0.744,0.000,0.00,0.00,0.744,0,1000
-5.69,39.38,318.25,0.8795,-0.3334,-0.0690,0.3325,-0.69,-6.27,8.42,-1.19,21.62,-23.75,10.52,0,1.70,-0.0686,0.1081,1,0.744,0.000,0.00,0.00,0.744,0,1000
-5.31,39.06,320.94,0.8875,-0.3309,-0.0647,0.3143,-1.46,-6.02,7.20,16.94,11.38,-31.75,9.50,0,1.70,-0.0646,0.1093,1,0.744,0.000,0.00,0.00,0.744,0,1000
-5.12,37.62,323.12,0.8990,-0.3178,-0.0551,0.2963,-1.43,-5.80,7.19,36.25,21.88,-30.00,9.35,0,1.70,-0.0575,0.1078,1,0.744,0.000,0.00,0.00,0.744,0,1000
phase1 acc_mag=9.498 gravity=10.104 motion=0.606 moving_avg=1.121 rms=1.490 mean_rms=1.518 max_rms=1.665 min_rms=1.162 std=0.131 var=0.017 state=standing thr=1.781/1.981/2.481
-4.56,35.31,325.81,0.9102,-0.3016,-0.0486,0.2797,-1.72,-5.24,6.80,18.75,10.00,-41.12,8.76,0,1.70,-0.0515,0.1044,1,0.744,0.000,0.00,0.00,0.744,0,1000
-3.38,37.12,329.31,0.9135,-0.3190,-0.0550,0.2463,-1.78,-6.82,7.17,-47.56,12.81,-47.69,10.05,0,1.70,-0.0515,0.1111,1,0.744,0.000,0.00,0.00,0.744,0,1000
-1.75,40.12,332.19,0.9117,-0.3372,-0.0661,0.2253,0.51,-8.18,7.77,-44.69,-2.88,-43.38,11.29,0,1.70,-0.0545,0.1170,1,0.744,0.000,0.00,0.00,0.744,0,1000
-0.19,43.00,334.88,0.9074,-0.3615,-0.0782,0.1994,1.18,-7.24,7.22,-40.88,10.00,-33.00,10.29,0,1.70,-0.0572,0.1250,1,0.744,0.000,0.00,0.00,0.744,0,1000
phase1 acc_mag=10.173 gravity=10.029 motion=0.144 moving_avg=0.877 rms=1.049 mean_rms=1.526 max_rms=1.665 min_rms=1.049 std=0.125 var=0.016 state=standing thr=1.775/1.975/2.475
0.88,44.38,335.75,0.9051,-0.3677,-0.0883,0.1945,2.30,-5.47,6.30,-0.12,-23.62,-3.50,8.65,0,1.70,-0.0606,0.1263,1,0.744,0.000,0.00,0.00,0.744,0,1000
0.00,46.25,338.38,0.9032,-0.3860,-0.0740,0.1724,0.04,-8.33,9.47,-51.56,58.31,-46.69,12.61,0,1.70,-0.0534,0.1344,1,0.744,0.000,0.00,0.00,0.744,0,1000
2.75,49.62,343.94,0.8993,-0.4105,-0.0867,0.1237,2.62,-8.56,7.85,-12.19,-5.88,-56.19,11.91,0,1.70,-0.0515,0.1434,1,0.744,0.000,0.00,0.00,0.744,0,1000
phase1 acc_mag=7.471 gravity=10.102 motion=2.631 moving_avg=1.132 rms=1.397 mean_rms=1.439 max_rms=1.665 min_rms=1.043 std=0.182 var=0.033 state=standing thr=1.802/2.002/2.502
4.00,46.88,344.50,0.9086,-0.3885,-0.0911,0.1232,1.14,-4.80,5.61,41.44,-14.25,7.75,7.47,0,1.70,-0.0522,0.1367,1,0.744,0.000,0.00,0.00,0.744,0,1000
4.06,46.19,343.44,0.9099,-0.3819,-0.0944,0.1321,2.03,-7.02,6.63,-8.88,-1.88,2.69,9.87,0,1.70,-0.0545,0.1340,1,0.744,0.000,0.00,0.00,0.744,0,1000
3.81,47.00,343.12,0.9067,-0.3884,-0.0946,0.1343,1.63,-8.08,6.77,-9.19,-1.06,8.94,10.67,0,1.70,-0.0552,0.1358,1,0.744,0.000,0.00,0.00,0.744,0,1000
3.31,46.56,342.62,0.9077,-0.3857,-0.0908,0.1384,1.20,-7.52,6.02,20.50,3.50,7.62,9.71,0,1.70,-0.0543,0.1350,1,0.744,0.000,0.00,0.00,0.744,0,1000
phase1 acc_mag=9.533 gravity=10.164 motion=0.631 moving_avg=1.037 rms=1.332 mean_rms=1.385 max_rms=1.578 min_rms=1.043 std=0.151 var=0.023 state=standing thr=1.686/1.886/2.386
2.75,45.50,341.81,0.9103,-0.3770,-0.0867,0.1474,1.25,-6.82,5.53,12.50,-2.00,17.94,8.87,0,1.70,-0.0538,0.1322,1,0.744,0.000,0.00,0.00,0.744,0,1000
1.62,45.94,339.25,0.9056,-0.3812,-0.0853,0.1653,0.74,-7.53,5.85,-14.00,-11.62,35.19,9.56,0,1.70,-0.0561,0.1324,1,0.744,0.000,0.00,0.00,0.744,0,1000
0.31,47.19,337.31,0.8970,-0.3952,-0.0807,0.1809,0.38,-8.76,5.04,-29.25,6.00,28.31,10.11,0,1.70,-0.0575,0.1360,1,0.744,0.000,0.00,0.00,0.744,0,1000
-1.62,50.62,337.50,0.8841,-0.4296,-0.0635,0.1727,-3.15,-9.25,9.84,-82.50,74.06,-5.00,13.87,0,1.70,-0.0521,0.1475,1,0.744,0.000,0.00,0.00,0.744,0,1000
phase1 acc_mag=13.320 gravity=10.146 motion=3.174 moving_avg=0.998 rms=1.330 mean_rms=1.332 max_rms=1.508 min_rms=1.043 std=0.139 var=0.019 state=standing thr=1.610/1.810/2.310
-1.88,52.44,339.06,0.8825,-0.4346,-0.0652,0.1677,-0.91,-6.47,8.12,31.56,-49.00,17.81,10.42,0,1.70,-0.0522,0.1490,1,0.744,0.000,0.00,0.00,0.744,0,1000
-2.81,51.12,333.06,0.8754,-0.4278,-0.0717,0.2136,0.87,-6.84,5.55,-17.81,3.75,57.38,8.85,0,1.70,-0.0617,0.1437,1,0.744,0.000,0.00,0.00,0.744,0,1000
-4.12,52.12,331.50,0.8701,-0.4352,-0.0688,0.2208,0.46,-7.38,7.53,-21.50,3.38,1.94,10.55,0,1.70,-0.0624,0.1454,1,0.744,0.000,0.00,0.00,0.744,0,1000
-3.88,52.88,333.44,0.8711,-0.4413,-0.0650,0.2053,-2.01,-7.06,7.17,21.50,27.06,-22.94,10.26,0,1.70,-0.0589,0.1484,1,0.744,0.000,0.00,0.00,0.744,0,1000
phase1 acc_mag=9.111 gravity=10.198 motion=1.087 moving_avg=1.073 rms=1.388 mean_rms=1.310 max_rms=1.508 min_rms=1.043 std=0.120 var=0.014 state=standing thr=1.550/1.750/2.250
-3.81,50.69,334.38,0.8820,-0.4222,-0.0586,0.2009,-1.14,-6.30,6.43,43.12,-5.25,0.00,9.07,0,1.70,-0.0546,0.1442,1,0.744,0.000,0.00,0.00,0.744,0,1000
-2.88,48.38,333.75,0.8881,-0.4055,-0.0655,0.2066,-0.39,-7.49,6.27,22.12,-12.12,-6.00,9.78,0,1.70,-0.0568,0.1386,1,0.744,0.000,0.00,0.00,0.744,0,1000
-2.38,47.00,334.38,0.8951,-0.3922,-0.0657,0.2018,-0.81,-7.18,6.06,24.25,2.75,-14.19,9.43,0,1.70,-0.0552,0.1351,1,0.744,0.000,0.00,0.00,0.744,0,1000
-1.56,46.19,335.75,0.9000,-0.3857,-0.0682,0.1910,-0.67,-7.15,5.87,10.88,-0.69,-28.19,9.28,0,1.70,-0.0540,0.1337,1,0.744,0.000,0.00,0.00,0.744,0,1000
phase1 acc_mag=8.411 gravity=10.049 motion=1.638 moving_avg=1.051 rms=1.371 mean_rms=1.320 max_rms=1.403 min_rms=1.043 std=0.092 var=0.008 state=standing thr=1.504/1.704/2.204
-0.12,46.06,338.81,0.9046,-0.3850,-0.0705,0.1689,-0.72,-7.12,5.22,-3.50,18.44,-55.31,8.86,0,1.70,-0.0515,0.1346,1,0.744,0.000,0.00,0.00,0.744,0,1000
2.19,50.56,343.31,0.8917,-0.4265,-0.0850,0.1260,1.88,-11.44,7.03,-106.44,9.81,-52.69,13.56,0,1.70,-0.0518,0.1478,1,0.744,0.000,0.00,0.00,0.744,0,1000
3.31,54.31,344.62,0.8813,-0.4478,-0.0931,0.1186,1.68,-6.53,7.81,-5.38,-19.00,19.31,10.32,0,1.70,-0.0541,0.1535,1,0.744,0.000,0.00,0.00,0.744,0,1000
2.19,54.19,343.25,0.8807,-0.4472,-0.0875,0.1292,-0.45,-6.75,6.42,14.19,12.75,17.62,9.33,0,1.70,-0.0539,0.1530,1,0.744,0.000,0.00,0.00,0.744,0,1000
phase1 acc_mag=9.757 gravity=10.132 motion=0.375 moving_avg=0.915 rms=1.223 mean_rms=1.343 max_rms=1.408 min_rms=1.221 std=0.056 var=0.003 state=standing thr=1.454/1.654/2.154
1.94,52.81,344.12,0.8869,-0.4377,-0.0804,0.1237,1.20,-7.91,6.29,-11.88,20.25,-27.19,10.18,0,1.70,-0.0502,0.1513,1,0.744,0.000,0.00,0.00,0.744,0,1000
2.88,54.81,345.62,0.8801,-0.4532,-0.0875,0.1107,2.35,-8.20,7.77,-7.19,-15.81,-7.00,11.54,0,1.70,-0.0509,0.1557,1,0.744,0.000,0.00,0.00,0.744,0,1000
3.56,52.44,343.81,0.8878,-0.4321,-0.0969,0.1260,2.27,-5.74,5.98,46.50,-27.69,20.88,8.59,0,1.70,-0.0562,0.1485,1,0.744,0.000,0.00,0.00,0.744,0,1000
2.25,51.00,341.25,0.8902,-0.4208,-0.0908,0.1490,1.49,-6.35,6.42,10.62,-0.69,32.75,9.15,0,1.70,-0.0574,0.1444,1,0.744,0.000,0.00,0.00,0.744,0,1000
phase1 acc_mag=9.601 gravity=10.114 motion=0.514 moving_avg=1.012 rms=1.297 mean_rms=1.321 max_rms=1.408 min_rms=1.218 std=0.063 var=0.004 state=standing thr=1.448/1.648/2.148
1.44,51.25,340.06,0.8878,-0.4238,-0.0889,0.1559,1.96,-7.44,6.39,-6.31,3.31,6.88,10.00,0,1.70,-0.0580,0.1450,1,0.744,0.000,0.00,0.00,0.744,0,1000
1.12,51.88,341.38,0.8879,-0.4303,-0.0800,0.1419,0.97,-7.53,7.01,-1.38,36.81,-23.81,10.33,0,1.70,-0.0528,0.1483,1,0.744,0.000,0.00,0.00,0.744,0,1000
1.00,52.06,344.62,0.8904,-0.4338,-0.0685,0.1201,0.98,-9.68,6.53,-14.38,19.38,-22.81,11.72,0,1.70,-0.0452,0.1512,1,0.744,0.000,0.00,0.00,0.744,0,1000
1.25,51.19,346.94,0.8959,-0.4280,-0.0612,0.1024,-0.02,-7.29,6.59,52.06,37.81,-18.31,9.83,0,1.70,-0.0395,0.1509,1,0.744,0.000,0.00,0.00,0.744,0,1000
phase1 acc_mag=8.652 gravity=10.120 motion=1.468 moving_avg=0.957 rms=1.239 mean_rms=1.320 max_rms=1.408 min_rms=1.218 std=0.061 var=0.004 state=standing thr=1.442/1.642/2.142
0.00,48.56,348.88,0.9072,-0.4094,-0.0397,0.0883,-1.81,-5.59,5.36,-7.12,52.88,-15.06,7.95,0,1.70,-0.0288,0.1472,1,0.744,0.000,0.00,0.00,0.744,0,1000
-0.62,50.25,351.00,0.9025,-0.4239,-0.0273,0.0710,-0.35,-6.49,7.81,-21.00,17.62,-9.88,10.16,0,1.70,-0.0219,0.1523,1,0.744,0.000,0.00,0.00,0.744,0,1000
-1.12,51.00,349.38,0.8987,-0.4287,-0.0284,0.0876,-0.33,-7.44,7.61,17.69,-23.88,47.50,10.65,0,1.70,-0.0253,0.1531,1,0.744,0.000,0.00,0.00,0.744,0,1000
-3.00,49.25,345.00,0.9009,-0.4169,-0.0255,0.1182,-0.76,-6.14,7.08,16.00,-21.31,52.38,9.40,0,1.70,-0.0289,0.1490,1,0.744,0.000,0.00,0.00,0.744,0,1000
phase1 acc_mag=9.309 gravity=10.147 motion=0.838 moving_avg=0.987 rms=1.276 mean_rms=1.298 max_rms=1.408 min_rms=1.218 std=0.054 var=0.003 state=standing thr=1.407/1.607/2.107
-3.62,49.44,343.19,0.8981,-0.4186,-0.0259,0.1323,-0.73,-6.32,6.76,-8.69,2.50,1.56,9.28,0,1.70,-0.0315,0.1490,1,0.744,0.000,0.00,0.00,0.744,0,1000
-3.94,50.25,344.12,0.8960,-0.4261,-0.0202,0.1232,-1.40,-6.27,7.22,-10.31,14.94,-10.75,9.66,0,1.70,-0.0282,0.1517,1,0.744,0.000,0.00,0.00,0.744,0,1000
-3.94,49.94,344.38,0.8976,-0.4230,-0.0193,0.1228,-0.62,-6.15,7.33,0.69,-10.25,5.19,9.59,0,1.70,-0.0277,0.1509,1,0.744,0.000,0.00,0.00,0.744,0,1000
phase1 acc_mag=9.710 gravity=10.159 motion=0.448 moving_avg=0.960 rms=1.248 mean_rms=1.278 max_rms=1.408 min_rms=1.218 std=0.038 var=0.001 state=standing thr=1.353/1.553/2.053
-3.88,50.19,342.81,0.8943,-0.4251,-0.0268,0.1369,-0.65,-5.72,7.82,-9.12,-19.75,17.69,9.71,0,1.70,-0.0329,0.1506,1,0.744,0.000,0.00,0.00,0.744,0,1000
-3.81,49.88,340.50,0.8942,-0.4185,-0.0358,0.1548,-0.74,-7.00,7.32,31.31,-24.06,10.19,10.16,0,1.70,-0.0387,0.1475,1,0.744,0.000,0.00,0.00,0.744,0,1000
-2.50,52.00,341.50,0.8869,-0.4364,-0.0461,0.1443,-0.79,-12.94,8.66,-131.69,27.00,-51.81,15.59,0,1.70,-0.0416,0.1522,1,0.744,0.000,0.00,0.00,0.744,0,1000
-0.50,51.25,348.69,0.8971,-0.4312,-0.0377,0.0887,-1.24,-4.23,3.69,143.38,26.56,-42.62,5.75,0,1.70,-0.0288,0.1534,1,0.744,0.000,0.00,0.00,0.744,0,1000
phase1 acc_mag=5.699 gravity=10.098 motion=4.399 moving_avg=1.149 rms=1.608 mean_rms=1.270 max_rms=1.608 min_rms=1.025 std=0.083 var=0.007 state=slow thr=1.436/1.636/2.136
0.25,45.62,347.06,0.9156,-0.3842,-0.0490,0.1080,2.03,-7.74,5.96,7.62,-52.31,37.25,9.98,0,1.70,-0.0346,0.1386,2,0.774,0.000,0.00,0.00,1.518,0,1000
1.00,48.75,344.50,0.9024,-0.4078,-0.0655,0.1226,0.92,-8.52,7.97,-51.75,-37.38,3.50,11.70,0,1.70,-0.0436,0.1440,2,0.774,0.000,0.00,0.00,1.518,0,1000
2.88,48.69,342.00,0.9003,-0.3992,-0.0931,0.1465,1.49,-6.75,5.60,41.06,-39.31,36.88,8.90,0,1.70,-0.0569,0.1383,2,0.774,0.000,0.00,0.00,1.518,0,1000
0.75,45.31,338.00,0.9058,-0.3767,-0.0809,0.1760,1.54,-4.61,3.39,17.31,13.44,63.88,5.93,0,1.70,-0.0558,0.1308,2,0.774,0.000,0.00,0.00,1.518,0,1000
phase1 acc_mag=10.144 gravity=10.040 motion=0.103 moving_avg=1.251 rms=1.753 mean_rms=1.346 max_rms=1.753 min_rms=1.025 std=0.174 var=0.030 state=slow thr=1.694/1.894/2.394
-0.50,51.12,337.44,0.8817,-0.4313,-0.0805,0.1737,1.52,-10.14,8.15,-106.50,13.12,-14.88,13.10,0,1.70,-0.0584,0.1465,2,0.774,0.000,0.00,0.00,1.518,0,1000
0.19,53.12,338.25,0.8784,-0.4390,-0.0861,0.1683,0.81,-6.97,6.93,18.12,-8.12,-7.25,9.86,0,1.70,-0.0598,0.1485,2,0.774,0.000,0.00,0.00,1.518,0,1000
-0.19,52.12,337.19,0.8807,-0.4297,-0.0841,0.1808,1.62,-6.51,7.45,20.19,-17.00,38.12,10.03,0,1.70,-0.0607,0.1453,2,0.774,0.000,0.00,0.00,1.518,0,1000
-1.44,49.50,332.81,0.8832,-0.4072,-0.0847,0.2169,1.13,-7.93,7.28,43.75,-30.56,41.38,10.82,0,1.70,-0.0653,0.1365,2,0.774,0.000,0.00,0.00,1.518,0,1000
phase1 acc_mag=12.701 gravity=10.063 motion=2.638 moving_avg=1.333 rms=1.793 mean_rms=1.458 max_rms=1.828 min_rms=1.025 std=0.243 var=0.059 state=standing thr=1.945/2.145/2.645
-2.06,49.88,332.00,0.8796,-0.4142,-0.0825,0.2189,0.08,-12.05,8.47,4.81,40.56,-7.06,14.73,0,1.70,-0.0653,0.1385,2,0.774,0.000,0.00,0.00,1.518,0,1000
-1.44,46.25,333.94,0.8975,-0.3831,-0.0735,0.2055,-2.24,-5.48,4.76,39.44,16.19,-16.25,7.60,0,1.70,-0.0579,0.1315,2,0.774,0.000,0.00,0.00,1.518,0,1000
-2.81,45.31,333.88,0.8988,-0.3812,-0.0605,0.2080,-0.14,-6.04,6.18,-3.44,-1.75,33.69,8.64,0,1.70,-0.0535,0.1320,3,0.755,1.054,83.68,1.39,2.273,0,1421
-3.69,46.44,329.50,0.8840,-0.3922,-0.0702,0.2448,0.43,-8.42,7.64,-39.31,-15.06,42.50,11.38,0,1.70,-0.0632,0.1318,3,0.755,1.054,83.68,1.39,2.273,0,1421
phase1 acc_mag=10.910 gravity=10.159 motion=0.752 moving_avg=1.548 rms=2.067 mean_rms=1.613 max_rms=2.067 min_rms=1.025 std=0.305 var=0.093 state=standing thr=2.223/2.423/2.923
-5.06,47.62,327.88,0.8792,-0.3990,-0.0621,0.2529,-1.82,-6.83,5.64,16.94,17.81,13.56,9.04,0,1.70,-0.0622,0.1340,3,0.755,1.054,83.68,1.39,2.273,0,1421
-6.38,46.25,329.50,0.8860,-0.3932,-0.0444,0.2415,-1.67,-6.04,6.58,-2.62,35.75,-22.19,9.09,0,1.70,-0.0537,0.1351,3,0.755,1.054,83.68,1.39,2.273,0,1421
-6.19,47.75,331.56,0.8854,-0.4059,-0.0417,0.2228,-0.96,-6.93,6.60,-11.12,6.88,-16.19,9.62,0,1.70,-0.0510,0.1400,3,0.755,1.054,83.68,1.39,2.273,0,1421
phase1 acc_mag=9.628 gravity=10.080 motion=0.452 moving_avg=1.601 rms=2.097 mean_rms=1.785 max_rms=2.098 min_rms=1.025 std=0.293 var=0.086 state=standing thr=2.371/2.571/3.071
-5.50,47.94,332.00,0.8857,-0.4058,-0.0466,0.2208,-0.45,-6.70,6.90,-5.00,-4.19,-3.62,9.63,0,1.70,-0.0523,0.1397,3,0.755,1.054,83.68,1.39,2.273,0,1421
-4.62,48.75,333.56,0.8860,-0.4112,-0.0506,0.2081,-1.06,-6.43,7.47,-5.25,10.25,-34.12,9.91,0,1.70,-0.0522,0.1415,3,0.755,1.054,83.68,1.39,2.273,0,1421
-2.69,48.88,336.88,0.8917,-0.4103,-0.0575,0.1822,-0.50,-6.70,7.40,20.19,1.94,-35.44,9.99,0,1.70,-0.0504,0.1422,3,0.755,1.054,83.68,1.39,2.273,0,1421
-1.31,48.56,338.50,0.8945,-0.4095,-0.0657,0.1671,0.19,-9.58,8.31,-43.75,-1.81,-32.69,12.68,0,1.70,-0.0509,0.1421,3,0.755,1.054,83.68,1.39,2.273,0,1421
phase1 acc_mag=13.080 gravity=10.149 motion=2.930 moving_avg=1.352 rms=1.789 mean_rms=1.902 max_rms=2.098 min_rms=1.606 std=0.167 var=0.028 state=standing thr=2.235/2.435/2.935
0.00,52.44,342.00,0.8860,-0.4366,-0.0687,0.1401,-0.89,-9.76,5.62,-30.50,41.44,-41.00,11.30,0,1.70,-0.0488,0.1509,3,0.755,1.054,83.68,1.39,2.273,0,1421
0.12,49.06,344.81,0.9037,-0.4072,-0.0569,0.1198,1.02,-5.73,3.83,53.50,-11.06,-9.50,6.97,0,1.70,-0.0401,0.1445,4,0.712,0.936,78.84,1.31,2.986,1,1374
0.94,49.94,345.44,0.8991,-0.4177,-0.0629,0.1148,1.01,-9.06,5.13,-55.50,13.06,-18.81,10.46,0,1.70,-0.0418,0.1473,4,0.712,0.936,78.84,1.31,2.986,0,1374
1.88,53.81,348.94,0.8866,-0.4512,-0.0618,0.0807,1.03,-9.93,6.16,-34.75,25.88,-48.00,11.73,0,1.70,-0.0365,0.1580,4,0.712,0.936,78.84,1.31,2.986,0,1374
phase1 acc_mag=10.953 gravity=10.146 motion=0.806 moving_avg=1.332 rms=1.733 mean_rms=1.927 max_rms=2.098 min_rms=1.716 std=0.134 var=0.018 state=standing thr=2.196/2.396/2.896
2.69,53.50,351.12,0.8912,-0.4439,-0.0617,0.0700,1.59,-7.89,4.81,31.88,-4.94,0.12,9.38,0,1.70,-0.0344,0.1565,4,0.712,0.936,78.84,1.31,2.986,0,1374
2.75,52.81,348.69,0.8909,-0.4399,-0.0708,0.0879,1.28,-7.20,5.31,-14.25,-25.62,21.62,9.04,0,1.70,-0.0407,0.1543,4,0.712,0.936,78.84,1.31,2.986,0,1374
2.25,54.31,347.12,0.8831,-0.4521,-0.0737,0.1017,0.76,-8.59,6.17,-11.25,-16.12,21.25,10.60,0,1.70,-0.0444,0.1567,4,0.712,0.936,78.84,1.31,2.986,0,1374
phase1 acc_mag=10.563 gravity=9.896 motion=0.667 moving_avg=1.165 rms=1.516 mean_rms=1.902 max_rms=2.098 min_rms=1.516 std=0.163 var=0.027 state=standing thr=2.229/2.429/2.929
1.00,53.75,343.50,0.8828,-0.4460,-0.0744,0.1276,0.38,-8.76,5.89,21.81,-31.38,52.44,10.56,0,1.70,-0.0490,0.1537,4,0.712,0.936,78.84,1.31,2.986,0,1374
-1.00,51.88,336.62,0.8804,-0.4306,-0.0790,0.1820,0.16,-9.64,4.52,11.50,-36.44,62.56,10.65,0,1.70,-0.0592,0.1459,4,0.712,0.936,78.84,1.31,2.986,0,1374
-2.81,52.44,332.94,0.8723,-0.4338,-0.0781,0.2118,-1.29,-8.02,4.98,16.75,-40.38,11.25,9.53,0,1.70,-0.0640,0.1447,4,0.712,0.936,78.84,1.31,2.986,0,1374
-2.88,51.19,329.12,0.8676,-0.4224,-0.0884,0.2472,-0.02,-7.37,5.53,14.25,-49.44,69.75,9.21,0,1.70,-0.0724,0.1378,4,0.712,0.936,78.84,1.31,2.986,0,1374
phase1 acc_mag=10.271 gravity=9.966 motion=0.305 moving_avg=0.991 rms=1.265 mean_rms=1.772 max_rms=2.098 min_rms=1.265 std=0.261 var=0.068 state=standing thr=2.294/2.494/2.994
-5.38,50.75,321.44,0.8520,-0.4207,-0.0917,0.2979,0.34,-8.37,6.64,-13.50,-51.62,91.12,10.69,0,1.70,-0.0814,0.1324,4,0.712,0.936,78.84,1.31,2.986,0,1374
-6.75,50.75,316.44,0.8370,-0.4205,-0.0980,0.3363,-1.08,-6.95,6.31,-5.25,-14.25,16.00,9.45,0,1.70,-0.0894,0.1276,4,0.712,0.936,78.84,1.31,2.986,0,1374
-7.25,50.88,316.19,0.8366,-0.4222,-0.0939,0.3361,-1.56,-7.43,6.33,5.44,17.44,-2.56,9.88,0,1.70,-0.0882,0.1287,4,0.712,0.936,78.84,1.31,2.986,0,1374
-7.19,49.75,317.31,0.8436,-0.4150,-0.0875,0.3293,-1.54,-7.70,5.99,23.56,3.81,-11.25,9.88,0,1.70,-0.0842,0.1285,4,0.712,0.936,78.84,1.31,2.986,0,1374
phase1 acc_mag=9.709 gravity=10.101 motion=0.392 moving_avg=0.885 rms=1.195 mean_rms=1.598 max_rms=2.097 min_rms=1.195 std=0.281 var=0.079 state=standing thr=2.160/2.360/2.860
-6.94,48.44,318.56,0.8533,-0.4037,-0.0807,0.3199,-2.10,-7.16,5.63,28.25,15.88,-19.31,9.35,0,1.70,-0.0792,0.1275,4,0.712,0.936,78.84,1.31,2.986,0,1374
-6.81,48.38,321.19,0.8592,-0.4061,-0.0736,0.3024,-2.25,-7.10,5.70,-4.56,13.50,-39.88,9.38,0,1.70,-0.0744,0.1307,4,0.712,0.936,78.84,1.31,2.986,0,1374
-5.44,50.06,323.88,0.8610,-0.4186,-0.0818,0.2769,-1.18,-8.02,6.01,-20.81,11.69,-43.69,10.09,0,1.70,-0.0746,0.1351,4,0.712,0.936,78.84,1.31,2.986,0,1374
-3.88,50.06,326.69,0.8676,-0.4158,-0.0847,0.2592,-0.31,-7.88,5.70,18.56,6.12,-32.06,9.73,0,1.70,-0.0725,0.1355,4,0.712,0.936,78.84,1.31,2.986,0,1374
phase1 acc_mag=9.498 gravity=9.879 motion=0.381 moving_avg=0.798 rms=1.049 mean_rms=1.454 max_rms=1.862 min_rms=1.049 std=0.256 var=0.065 state=standing thr=1.966/2.166/2.666
-1.31,52.81,330.38,0.8657,-0.4336,-0.1011,0.2287,3.22,-12.84,9.02,-108.50,-5.69,-66.69,16.02,0,1.70,-0.0747,0.1409,4,0.712,0.936,78.84,1.31,2.986,0,1374
0.38,52.06,334.19,0.8757,-0.4272,-0.1017,0.2005,0.06,-4.57,5.19,50.81,30.31,-22.56,6.92,0,1.70,-0.0699,0.1415,4,0.712,0.936,78.84,1.31,2.986,0,1374
0.94,51.50,335.69,0.8810,-0.4226,-0.1005,0.1874,1.55,-7.39,5.80,-0.19,7.06,-20.88,9.52,0,1.70,-0.0671,0.1414,4,0.712,0.936,78.84,1.31,2.986,0,1374
phase1 acc_mag=10.145 gravity=10.002 motion=0.143 moving_avg=0.828 rms=1.328 mean_rms=1.356 max_rms=1.720 min_rms=1.032 std=0.192 var=0.037 state=standing thr=1.740/1.940/2.440
1.50,51.44,338.81,0.8854,-0.4241,-0.0942,0.1652,0.63,-7.83,6.42,-54.62,46.19,-50.69,10.15,0,1.70,-0.0614,0.1440,4,0.712,0.936,78.84,1.31,2.986,0,1374
3.12,54.00,342.44,0.8801,-0.4438,-0.0996,0.1358,2.15,-8.65,6.02,42.88,-23.94,-3.06,10.76,0,1.70,-0.0592,0.1508,4,0.712,0.936,78.84,1.31,2.986,0,1374
3.25,50.56,340.38,0.8906,-0.4152,-0.1038,0.1536,1.25,-6.36,5.00,22.00,-9.38,29.12,8.19,0,1.70,-0.0625,0.1415,4,0.712,0.936,78.84,1.31,2.986,0,1374
2.06,49.69,338.81,0.8918,-0.4092,-0.0959,0.1671,0.89,-7.52,4.96,7.81,9.88,10.81,9.05,0,1.70,-0.0616,0.1396,4,0.712,0.936,78.84,1.31,2.986,0,1374
phase1 acc_mag=9.359 gravity=9.973 motion=0.614 moving_avg=0.918 rms=1.395 mean_rms=1.291 max_rms=1.586 min_rms=1.032 std=0.098 var=0.010 state=standing thr=1.487/1.687/2.187
1.19,51.12,338.19,0.8856,-0.4218,-0.0934,0.1706,0.62,-8.78,5.38,-29.94,-8.00,19.19,10.32,0,1.70,-0.0619,0.1430,4,0.712,0.936,78.84,1.31,2.986,0,1374
0.00,52.25,336.12,0.8780,-0.4312,-0.0894,0.1876,-1.09,-8.26,4.86,-0.62,2.69,30.19,9.65,0,1.70,-0.0637,0.1447,4,0.712,0.936,78.84,1.31,2.986,0,1374
-0.31,56.50,336.38,0.8621,-0.4642,-0.0937,0.1801,-0.10,-11.79,12.79,-91.19,9.12,-35.12,17.40,0,1.70,-0.0658,0.1533,4,0.712,0.936,78.84,1.31,2.986,0,1374
phase1 acc_mag=7.405 gravity=10.156 motion=2.751 moving_avg=1.227 rms=2.043 mean_rms=1.342 max_rms=2.043 min_rms=1.032 std=0.200 var=0.040 state=walking thr=1.742/1.942/2.442
0.31,53.19,332.31,0.8672,-0.4310,-0.1122,0.2225,0.98,-5.21,5.17,62.31,-87.38,81.50,7.40,0,1.70,-0.0773,0.1395,4,0.712,0.000,0.00,0.00,2.986,0,1000
-2.38,53.81,327.50,0.8571,-0.4386,-0.1012,0.2504,0.56,-6.20,6.34,43.12,17.88,18.75,8.89,0,1.70,-0.0786,0.1402,4,0.712,0.000,0.00,0.00,2.986,0,1000
-3.12,51.62,329.25,0.8677,-0.4277,-0.0857,0.2386,-0.18,-7.61,6.13,12.38,35.31,-34.69,9.77,0,1.70,-0.0706,0.1403,4,0.712,0.000,0.00,0.00,2.986,0,1000
-3.38,50.69,332.19,0.8770,-0.4229,-0.0709,0.2167,-1.05,-7.07,6.91,15.19,26.69,-19.38,9.94,0,1.70,-0.0615,0.1422,4,0.712,0.000,0.00,0.00,2.986,0,1000
phase1 acc_mag=10.390 gravity=10.086 motion=0.304 moving_avg=1.312 rms=2.072 mean_rms=1.511 max_rms=2.072 min_rms=1.032 std=0.334 var=0.112 state=standing thr=2.179/2.379/2.879
-2.50,49.12,334.12,0.8862,-0.4104,-0.0694,0.2035,-0.43,-6.62,6.73,27.56,2.06,-22.00,9.45,0,1.70,-0.0580,0.1398,4,0.712,0.000,0.00,0.00,2.986,0,1000
-2.06,47.62,335.75,0.8943,-0.3989,-0.0649,0.1919,-0.94,-9.01,5.56,34.75,13.00,-26.94,10.63,0,1.70,-0.0539,0.1377,4,0.712,0.000,0.00,0.00,2.986,0,1000
-0.94,44.69,339.94,0.9120,-0.3750,-0.0566,0.1563,-0.22,-5.93,6.01,14.69,24.25,-49.50,8.45,0,1.70,-0.0441,0.1333,4,0.712,0.000,0.00,0.00,2.986,0,1000
-0.06,44.69,342.94,0.9147,-0.3763,-0.0555,0.1369,-0.43,-6.78,5.05,16.44,12.94,-26.19,8.46,0,1.70,-0.0409,0.1346,4,0.712,0.000,0.00,0.00,2.986,0,1000
phase1 acc_mag=8.744 gravity=9.995 motion=1.252 moving_avg=1.403 rms=2.107 mean_rms=1.692 max_rms=2.115 min_rms=1.088 std=0.349 var=0.122 state=standing thr=2.390/2.590/3.090
0.00,44.00,344.12,0.9162,-0.3771,-0.0524,0.1250,1.12,-11.11,8.34,-72.00,10.44,-27.56,13.94,0,1.70,-0.0380,0.1356,4,0.712,0.000,0.00,0.00,2.986,0,1000
1.19,47.56,348.31,0.9102,-0.4001,-0.0524,0.0930,0.98,-6.61,7.59,14.56,18.06,-35.62,10.11,0,1.70,-0.0340,0.1437,4,0.712,0.000,0.00,0.00,2.986,0,1000
1.56,45.00,348.81,0.9193,-0.3795,-0.0520,0.0898,0.83,-5.95,6.48,19.31,21.88,-5.44,8.84,0,1.70,-0.0328,0.1377,4,0.712,0.000,0.00,0.00,2.986,0,1000
2.25,48.06,352.62,0.9112,-0.4050,-0.0480,0.0586,0.73,-9.65,9.59,-104.06,10.06,-71.81,13.62,0,1.70,-0.0270,0.1465,4,0.712,0.000,0.00,0.00,2.986,0,1000
phase1 acc_mag=13.578 gravity=10.148 motion=3.430 moving_avg=1.460 rms=2.064 mean_rms=1.823 max_rms=2.115 min_rms=1.323 std=0.313 var=0.098 state=standing thr=2.450/2.650/3.150
5.00,50.75,355.69,0.9021,-0.4252,-0.0647,0.0337,0.09,-6.30,8.14,17.38,-10.62,9.06,10.29,0,1.70,-0.0291,0.1526,4,0.712,0.000,0.00,0.00,2.986,0,1000
4.62,46.00,350.69,0.9182,-0.3799,-0.0772,0.0817,0.41,-3.74,6.15,88.19,-58.12,44.00,7.21,0,1.70,-0.0408,0.1370,4,0.712,0.000,0.00,0.00,2.986,0,1000
3.81,44.25,346.56,0.9196,-0.3693,-0.0800,0.1082,1.72,-6.17,6.95,-12.62,-15.50,22.06,9.45,0,1.70,-0.0454,0.1324,4,0.712,0.000,0.00,0.00,2.986,0,1000
3.56,45.25,344.94,0.9146,-0.3768,-0.0842,0.1207,2.22,-7.23,7.34,-0.69,-25.94,25.75,10.54,0,1.70,-0.0490,0.1338,4,0.712,0.000,0.00,0.00,2.986,0,1000
phase1 acc_mag=10.800 gravity=10.134 motion=0.667 moving_avg=1.476 rms=2.121 mean_rms=1.975 max_rms=2.144 min_rms=1.356 std=0.224 var=0.050 state=standing thr=2.422/2.622/3.122
3.12,43.75,344.00,0.9186,-0.3647,-0.0808,0.1287,1.66,-6.29,7.21,15.19,27.75,-5.19,9.71,0,1.70,-0.0485,0.1298,4,0.712,0.000,0.00,0.00,2.986,0,1000
2.06,43.00,345.44,0.9227,-0.3624,-0.0640,0.1154,1.22,-7.33,6.23,-0.88,36.81,-14.62,9.70,0,1.70,-0.0404,0.1308,4,0.712,0.000,0.00,0.00,2.986,0,1000
1.00,45.00,347.69,0.9183,-0.3799,-0.0505,0.0990,0.24,-6.31,7.00,-11.94,32.69,-0.75,9.43,0,1.70,-0.0336,0.1375,4,0.712,0.000,0.00,0.00,2.986,0,1000
phase1 acc_mag=9.335 gravity=9.840 motion=0.506 moving_avg=1.122 rms=1.483 mean_rms=2.028 max_rms=2.144 min_rms=1.483 std=0.148 var=0.022 state=standing thr=2.325/2.525/3.025
-0.75,45.94,347.75,0.9138,-0.3932,-0.0326,0.0969,-1.61,-5.83,7.11,-35.00,30.50,6.06,9.33,0,1.70,-0.0272,0.1425,4,0.712,0.000,0.00,0.00,2.986,0,1000
-0.69,50.00,350.44,0.9023,-0.4237,-0.0275,0.0748,-1.43,-6.53,7.97,-21.19,13.00,-0.81,10.40,0,1.70,-0.0226,0.1521,4,0.712,0.000,0.00,0.00,2.986,0,1000
-2.25,50.25,347.94,0.9000,-0.4247,-0.0225,0.0950,-0.57,-5.94,8.21,10.06,-26.75,55.38,10.15,0,1.70,-0.0243,0.1521,4,0.712,0.000,0.00,0.00,2.986,0,1000
-3.44,49.94,344.81,0.8978,-0.4231,-0.0225,0.1205,0.47,-6.93,7.76,-5.81,-4.19,13.69,10.41,0,1.70,-0.0285,0.1509,4,0.712,0.000,0.00,0.00,2.986,0,1000
phase1 acc_mag=10.150 gravity=9.986 motion=0.164 moving_avg=1.093 rms=1.472 mean_rms=1.912 max_rms=2.144 min_rms=1.472 std=0.260 var=0.068 state=standing thr=2.433/2.633/3.133
-3.56,50.00,344.56,0.8979,-0.4230,-0.0219,0.1199,-0.18,-7.22,6.59,5.00,6.50,-9.50,9.78,0,1.70,-0.0281,0.1509,4,0.712,0.000,0.00,0.00,2.986,0,1000
-3.06,50.38,346.44,0.8982,-0.4261,-0.0203,0.1063,-0.79,-6.72,6.99,-6.12,15.75,-20.50,9.73,0,1.70,-0.0254,0.1522,4,0.712,0.000,0.00,0.00,2.986,0,1000
-3.00,50.19,347.62,0.9004,-0.4240,-0.0159,0.0963,-0.66,-7.46,6.93,8.94,10.50,-10.00,10.20,0,1.70,-0.0221,0.1521,4,0.712,0.000,0.00,0.00,2.986,0,1000
-2.31,49.44,348.50,0.9035,-0.4185,-0.0194,0.0908,-0.77,-6.70,6.28,11.12,-7.50,-12.69,9.22,0,1.70,-0.0222,0.1505,4,0.712,0.000,0.00,0.00,2.986,0,1000
phase1 acc_mag=9.137 gravity=10.044 motion=0.908 moving_avg=0.937 rms=1.357 mean_rms=1.784 max_rms=2.144 min_rms=1.357 std=0.300 var=0.090 state=standing thr=2.384/2.584/3.084
-1.44,49.25,349.00,0.9047,-0.4161,-0.0275,0.0872,-1.58,-5.83,7.82,-0.06,-21.44,-5.69,9.88,0,1.70,-0.0245,0.1496,4,0.712,0.000,0.00,0.00,2.986,0,1000
-0.75,48.25,347.69,0.9073,-0.4073,-0.0363,0.0977,-1.71,-5.64,7.69,8.94,-40.06,12.69,9.69,0,1.70,-0.0291,0.1464,4,0.712,0.000,0.00,0.00,2.986,0,1000
0.19,48.19,345.62,0.9052,-0.4055,-0.0551,0.1146,-0.17,-6.80,7.09,-6.75,-23.25,1.88,9.83,0,1.70,-0.0385,0.1443,4,0.712,0.000,0.00,0.00,2.986,0,1000
0.88,47.44,344.56,0.9071,-0.3978,-0.0625,0.1227,0.60,-6.54,9.45,38.00,-26.38,25.25,11.51,0,1.70,-0.0422,0.1413,4,0.712,0.000,0.00,0.00,2.986,0,1000
phase1 acc_mag=10.392 gravity=9.890 motion=0.502 moving_avg=0.698 rms=0.983 mean_rms=1.603 max_rms=2.144 min_rms=0.983 std=0.367 var=0.135 state=standing thr=2.338/2.538/3.038
1.19,45.19,341.62,0.9116,-0.3750,-0.0748,0.1513,1.64,-8.21,5.63,32.62,-47.44,28.75,10.09,0,1.70,-0.0500,0.1322,4,0.712,0.000,0.00,0.00,2.986,0,1000
1.00,44.06,340.12,0.9132,-0.3675,-0.0745,0.1595,0.39,-8.36,6.58,5.69,-2.31,-4.56,10.65,0,1.70,-0.0507,0.1295,4,0.712,0.000,0.00,0.00,2.986,0,1000
2.38,44.31,342.06,0.9146,-0.3690,-0.0810,0.1442,2.17,-7.58,7.23,-9.69,4.62,-41.50,10.70,0,1.70,-0.0509,0.1303,4,0.712,0.000,0.00,0.00,2.986,0,1000
3.50,44.88,343.50,0.9147,-0.3724,-0.0875,0.1306,1.38,-7.16,6.22,-5.50,9.75,-18.25,9.58,0,1.70,-0.0514,0.1317,4,0.712,0.000,0.00,0.00,2.986,0,1000
phase1 acc_mag=7.963 gravity=10.100 motion=2.137 moving_avg=0.647 rms=0.879 mean_rms=1.344 max_rms=2.126 min_rms=0.849 std=0.344 var=0.118 state=standing thr=2.032/2.232/2.732
3.81,44.12,344.88,0.9182,-0.3675,-0.0848,0.1215,1.77,-5.59,5.53,12.00,1.62,-9.62,8.06,0,1.70,-0.0490,0.1308,4,0.712,0.000,0.00,0.00,2.986,0,1000
4.25,43.31,343.62,0.9188,-0.3599,-0.0926,0.1327,2.86,-5.56,5.78,-12.88,-5.12,7.12,8.51,0,1.70,-0.0531,0.1274,5,0.792,0.000,0.00,0.00,3.778,0,1000
4.12,47.00,344.62,0.9083,-0.3893,-0.0925,0.1222,1.72,-7.38,7.91,-65.62,7.44,-13.75,10.95,0,1.70,-0.0526,0.1369,5,0.792,0.000,0.00,0.00,3.778,0,1000
phase1 acc_mag=11.311 gravity=10.070 motion=1.241 moving_avg=0.771 rms=1.041 mean_rms=1.177 max_rms=1.490 min_rms=0.849 std=0.235 var=0.055 state=standing thr=1.648/1.848/2.348
4.38,51.81,347.00,0.8931,-0.4286,-0.0916,0.1014,1.47,-7.94,7.92,-48.31,22.56,-15.31,11.31,0,1.70,-0.0501,0.1494,5,0.792,0.000,0.00,0.00,3.778,0,1000
3.56,51.38,346.50,0.8945,-0.4258,-0.0854,0.1058,1.38,-5.98,6.58,32.81,-8.31,17.75,9.00,0,1.70,-0.0486,0.1487,5,0.792,0.000,0.00,0.00,3.778,0,1000
2.75,49.81,344.56,0.8984,-0.4136,-0.0831,0.1217,1.83,-6.36,7.46,20.06,-12.62,30.94,9.97,0,1.70,-0.0500,0.1446,5,0.792,0.000,0.00,0.00,3.778,0,1000
0.81,46.31,339.75,0.9050,-0.3859,-0.0769,0.1614,2.32,-7.50,8.68,54.31,-26.69,62.50,11.70,0,1.70,-0.0528,0.1347,5,0.792,0.000,0.00,0.00,3.778,0,1000
phase1 acc_mag=16.089 gravity=10.124 motion=5.965 moving_avg=0.916 rms=1.312 mean_rms=1.095 max_rms=1.471 min_rms=0.849 std=0.183 var=0.033 state=standing thr=1.461/1.661/2.161
0.19,47.94,339.44,0.8991,-0.3995,-0.0742,0.1627,1.26,-9.85,7.37,25.00,25.06,-6.81,12.37,0,1.70,-0.0527,0.1388,5,0.792,0.000,0.00,0.00,3.778,0,1000
-0.62,45.38,340.19,0.9089,-0.3811,-0.0600,0.1583,-1.17,-4.88,3.33,-15.88,50.75,-10.56,6.02,0,1.70,-0.0459,0.1348,6,0.756,1.336,106.01,1.77,4.534,0,1535
-2.38,48.00,340.81,0.9006,-0.4047,-0.0452,0.1521,-0.66,-6.61,6.95,-39.56,-1.56,18.06,9.61,0,1.70,-0.0409,0.1430,6,0.756,1.336,106.01,1.77,4.534,0,1535
phase1 acc_mag=12.357 gravity=10.158 motion=2.199 moving_avg=1.427 rms=1.902 mean_rms=1.157 max_rms=1.902 min_rms=0.849 std=0.298 var=0.089 state=slow thr=1.753/1.953/2.453
-0.88,50.88,339.94,0.8882,-0.4256,-0.0696,0.1588,0.40,-9.60,7.77,-21.94,-46.44,3.38,12.36,0,1.70,-0.0518,0.1468,6,0.756,1.336,106.01,1.77,4.534,0,1535
-1.38,49.75,258.44,0.5737,-0.2767,-0.3175,0.7025,-0.88,-5.86,4.89,8.88,1.31,21.81,7.68,0,1.70,-0.1506,-0.0257,7,0.682,2.718,239.04,3.98,5.216,1,2000
-2.12,50.00,258.81,0.5755,-0.2846,-0.3132,0.6998,0.07,-7.23,7.07,-3.62,28.88,-14.88,10.11,0,1.70,-0.1518,-0.0222,7,0.682,2.718,239.04,3.98,5.216,0,2000
-1.50,50.81,261.06,0.5880,-0.2898,-0.3173,0.6853,-0.26,-6.83,6.99,-5.31,0.56,-17.12,9.78,0,1.70,-0.1541,-0.0188,7,0.682,2.718,239.04,3.98,5.216,0,2000
phase1 acc_mag=10.087 gravity=9.890 motion=0.197 moving_avg=1.424 rms=1.898 mean_rms=1.326 max_rms=1.986 min_rms=0.849 std=0.426 var=0.182 state=standing thr=2.178/2.378/2.878
-0.94,50.25,261.06,0.5876,-0.2804,-0.3162,0.6900,0.28,-6.29,8.00,22.38,-22.50,10.12,10.18,0,1.70,-0.1517,-0.0214,7,0.682,2.718,239.04,3.98,5.216,0,2000
-0.69,48.56,260.00,0.5858,-0.2700,-0.3108,0.6981,0.30,-6.34,6.96,-14.69,16.38,-12.25,9.42,0,1.70,-0.1482,-0.0235,7,0.682,2.718,239.04,3.98,5.216,0,2000
-0.12,49.06,262.06,0.5991,-0.2755,-0.3151,0.6826,-0.27,-9.26,8.84,-39.06,6.06,-43.56,12.80,0,1.70,-0.1507,-0.0200,7,0.682,2.718,239.04,3.98,5.216,0,2000
1.81,52.69,267.44,0.6195,-0.2938,-0.3331,0.6473,-1.10,-8.61,4.51,15.00,66.69,-51.56,9.78,0,1.70,-0.1586,-0.0134,7,0.682,2.718,239.04,3.98,5.216,0,2000
phase1 acc_mag=7.821 gravity=10.072 motion=2.250 moving_avg=1.618 rms=2.165 mean_rms=1.547 max_rms=2.186 min_rms=0.957 std=0.427 var=0.182 state=standing thr=2.400/2.600/3.100
1.50,47.31,271.69,0.6572,-0.2780,-0.2902,0.6376,1.25,-3.37,3.40,99.62,7.69,1.19,4.95,0,1.70,-0.1472,-0.0010,8,0.779,1.542,118.81,1.98,5.995,1,1617
2.00,50.06,271.50,0.6473,-0.2935,-0.3148,0.6291,1.59,-9.81,6.17,-105.50,-7.12,-15.19,11.70,0,1.70,-0.1554,-0.0032,8,0.779,1.542,118.81,1.98,5.995,0,1617
2.88,53.62,272.44,0.6442,-0.3059,-0.3326,0.6171,1.23,-9.45,6.95,-47.56,3.44,-21.88,11.79,0,1.70,-0.1612,-0.0033,8,0.779,1.542,118.81,1.98,5.995,0,1617
phase1 acc_mag=9.326 gravity=10.064 motion=0.738 moving_avg=1.760 rms=2.321 mean_rms=1.816 max_rms=2.330 min_rms=1.035 std=0.411 var=0.169 state=standing thr=2.638/2.838/3.338
3.56,53.56,274.12,0.6547,-0.3035,-0.3287,0.6093,2.14,-7.71,4.79,54.94,10.75,5.69,9.33,0,1.70,-0.1600,-0.0006,8,0.779,1.542,118.81,1.98,5.995,0,1617
2.69,51.88,272.25,0.6482,-0.2973,-0.3218,0.6228,1.79,-7.09,5.52,-33.19,-8.31,15.62,9.16,0,1.70,-0.1575,-0.0031,8,0.779,1.542,118.81,1.98,5.995,0,1617
2.25,53.44,272.56,0.6457,-0.3099,-0.3261,0.6170,1.09,-7.77,7.15,-8.81,12.81,-2.88,10.62,0,1.70,-0.1607,-0.0005,8,0.779,1.542,118.81,1.98,5.995,0,1617
0.81,50.25,269.75,0.6390,-0.2943,-0.3068,0.6411,0.68,-7.63,6.35,57.38,-26.00,53.81,9.95,0,1.70,-0.1539,-0.0035,8,0.779,1.542,118.81,1.98,5.995,0,1617
phase1 acc_mag=11.200 gravity=9.880 motion=1.320 moving_avg=1.637 rms=2.142 mean_rms=2.049 max_rms=2.344 min_rms=1.466 std=0.248 var=0.062 state=standing thr=2.546/2.746/3.246
-0.38,50.00,266.94,0.6227,-0.2949,-0.3035,0.6582,-0.54,-10.20,6.56,-3.25,6.69,16.31,12.14,0,1.70,-0.1532,-0.0065,8,0.779,1.542,118.81,1.98,5.995,0,1617
-1.06,47.50,264.62,0.6138,-0.2759,-0.2889,0.6808,-0.90,-7.17,4.49,54.06,-32.62,40.81,8.51,0,1.70,-0.1461,-0.0109,8,0.779,1.542,118.81,1.98,5.995,0,1617
-3.06,46.19,260.25,0.5929,-0.2752,-0.2805,0.7029,-0.05,-7.08,6.39,-11.50,-0.81,50.88,9.54,0,1.70,-0.1439,-0.0136,8,0.779,1.542,118.81,1.98,5.995,0,1617
-4.19,47.81,256.38,0.5604,-0.2817,-0.2955,0.7206,-0.54,-7.97,7.13,-24.38,-42.75,46.31,10.71,0,1.70,-0.1474,-0.0220,8,0.779,1.542,118.81,1.98,5.995,0,1617
phase1 acc_mag=10.613 gravity=9.988 motion=0.625 moving_avg=1.314 rms=1.816 mean_rms=2.104 max_rms=2.344 min_rms=1.816 std=0.186 var=0.034 state=standing thr=2.475/2.675/3.175
-5.06,49.06,251.69,0.5325,-0.2819,-0.3069,0.7367,-1.33,-7.40,6.52,-2.94,-17.94,40.12,9.95,0,1.70,-0.1485,-0.0304,8,0.779,1.542,118.81,1.98,5.995,0,1617
-6.31,47.38,249.31,0.5201,-0.2772,-0.2949,0.7521,-0.57,-6.89,5.99,17.25,-4.81,20.31,9.15,0,1.70,-0.1447,-0.0310,8,0.779,1.542,118.81,1.98,5.995,0,1617
-6.75,47.19,248.50,0.5154,-0.2776,-0.2925,0.7561,-0.75,-7.12,6.26,-1.56,1.38,4.25,9.51,0,1.70,-0.1443,-0.0313,8,0.779,1.542,118.81,1.98,5.995,0,1617
phase1 acc_mag=9.466 gravity=10.074 motion=0.609 moving_avg=1.259 rms=1.747 mean_rms=2.064 max_rms=2.344 min_rms=1.732 std=0.231 var=0.053 state=standing thr=2.526/2.726/3.226
-6.62,47.31,249.00,0.5192,-0.2783,-0.2932,0.7530,-1.20,-7.06,6.19,-0.38,7.50,-14.56,9.47,0,1.70,-0.1447,-0.0305,8,0.779,1.542,118.81,1.98,5.995,0,1617
-6.06,47.88,251.06,0.5325,-0.2830,-0.2954,0.7410,-1.16,-7.54,6.17,-5.94,11.69,-24.81,9.81,0,1.70,-0.1468,-0.0273,8,0.779,1.542,118.81,1.98,5.995,0,1617
-5.06,49.06,253.50,0.5438,-0.2869,-0.3025,0.7283,-0.88,-7.73,5.63,-17.00,10.56,-34.19,9.60,0,1.70,-0.1494,-0.0257,8,0.779,1.542,118.81,1.98,5.995,0,1617
-3.44,50.62,256.75,0.5612,-0.2913,-0.3140,0.7083,-0.32,-7.46,5.78,-28.12,13.69,-48.75,9.44,0,1.70,-0.1530,-0.0236,8,0.779,1.542,118.81,1.98,5.995,0,1617
phase1 acc_mag=10.010 gravity=9.845 motion=0.165 moving_avg=0.903 rms=1.260 mean_rms=1.983 max_rms=2.344 min_rms=1.260 std=0.307 var=0.095 state=standing thr=2.598/2.798/3.298
-1.50,52.62,261.94,0.5879,-0.3021,-0.3252,0.6763,-0.60,-8.47,4.24,-2.94,47.06,-69.75,9.49,0,1.70,-0.1582,-0.0169,8,0.779,1.542,118.81,1.98,5.995,0,1617
0.12,54.56,267.44,0.6154,-0.3201,-0.3389,0.6355,2.38,-12.42,9.11,-95.94,21.06,-65.88,15.59,0,1.70,-0.1648,-0.0073,8,0.779,1.542,118.81,1.98,5.995,0,1617
2.00,55.38,272.50,0.6397,-0.3219,-0.3354,0.6121,-0.55,-4.19,5.37,46.19,57.88,-30.88,6.83,0,1.70,-0.1647,0.0002,8,0.779,1.542,118.81,1.98,5.995,0,1617
1.50,55.12,278.44,0.6754,-0.3438,-0.3140,0.5720,0.05,-9.81,6.92,-32.88,58.88,-70.81,12.01,0,1.70,-0.1635,0.0210,9,0.718,0.472,39.42,0.66,6.713,0,1189
phase1 acc_mag=12.264 gravity=9.932 motion=2.332 moving_avg=0.967 rms=1.389 mean_rms=1.768 max_rms=2.344 min_rms=1.003 std=0.379 var=0.144 state=standing thr=2.527/2.727/3.227
5.62,56.25,284.75,0.6981,-0.3363,-0.3322,0.5377,2.60,-8.28,6.65,9.75,-21.12,-11.00,10.93,0,1.70,-0.1651,0.0225,9,0.718,0.472,39.42,0.66,6.713,0,1189
5.81,54.31,281.31,0.6876,-0.3151,-0.3326,0.5634,1.59,-6.24,5.40,37.00,-53.31,47.75,8.40,0,1.70,-0.1625,0.0117,9,0.718,0.472,39.42,0.66,6.713,0,1189
5.00,53.50,276.81,0.6657,-0.3032,-0.3350,0.5939,2.50,-7.66,5.65,-1.62,-17.12,26.44,9.84,0,1.70,-0.1612,0.0011,9,0.718,0.472,39.42,0.66,6.713,0,1189
4.56,53.94,275.00,0.6558,-0.3028,-0.3391,0.6027,2.34,-8.97,5.83,-1.44,-14.12,13.62,10.95,0,1.70,-0.1620,-0.0023,9,0.718,0.472,39.42,0.66,6.713,0,1189
phase1 acc_mag=10.708 gravity=9.902 motion=0.806 moving_avg=0.974 rms=1.362 mean_rms=1.577 max_rms=2.148 min_rms=1.003 std=0.276 var=0.076 state=standing thr=2.128/2.328/2.828
4.44,52.94,274.06,0.6549,-0.2961,-0.3347,0.6094,1.89,-8.07,5.29,27.75,-5.81,8.50,9.83,0,1.70,-0.1598,-0.0040,9,0.718,0.472,39.42,0.66,6.713,0,1189
3.69,51.19,272.62,0.6513,-0.2870,-0.3227,0.6240,1.58,-7.47,4.62,13.75,-0.62,19.69,8.92,0,1.70,-0.1557,-0.0058,9,0.718,0.472,39.42,0.66,6.713,0,1189
2.50,51.19,271.19,0.6442,-0.2914,-0.3198,0.6307,0.80,-7.70,4.99,-9.88,-1.25,18.44,9.21,0,1.70,-0.1559,-0.0056,9,0.718,0.472,39.42,0.66,6.713,0,1189
phase1 acc_mag=10.114 gravity=9.833 motion=0.281 moving_avg=0.898 rms=1.307 mean_rms=1.446 max_rms=1.774 min_rms=1.003 std=0.206 var=0.043 state=standing thr=1.859/2.059/2.559
1.62,51.50,269.88,0.6349,-0.2964,-0.3184,0.6385,0.67,-9.13,4.30,-5.62,-0.56,23.25,10.11,0,1.70,-0.1566,-0.0061,9,0.718,0.472,39.42,0.66,6.713,0,1189
0.25,56.62,270.44,0.6249,-0.3337,-0.3352,0.6211,-2.75,-8.17,9.93,18.25,-6.19,10.06,13.15,0,1.70,-0.1667,0.0001,9,0.718,0.472,39.42,0.66,6.713,0,1189
-0.94,51.06,263.88,0.6030,-0.2950,-0.3146,0.6711,1.36,-6.11,5.54,77.06,-84.19,108.75,8.36,0,1.70,-0.1551,-0.0133,9,0.718,0.472,39.42,0.66,6.713,0,1189
-3.69,49.88,256.94,0.5638,-0.2899,-0.3074,0.7097,0.92,-5.90,6.67,15.31,-27.81,36.12,8.95,0,1.70,-0.1516,-0.0219,9,0.718,0.472,39.42,0.66,6.713,0,1189
phase1 acc_mag=11.032 gravity=10.035 motion=0.998 moving_avg=1.175 rms=1.708 mean_rms=1.424 max_rms=1.747 min_rms=1.003 std=0.185 var=0.034 state=standing thr=1.794/1.994/2.494
-4.00,50.31,255.19,0.5519,-0.2905,-0.3124,0.7165,-0.80,-8.31,7.56,-3.69,7.00,1.94,11.26,0,1.70,-0.1522,-0.0254,9,0.718,0.472,39.42,0.66,6.713,0,1189
-4.81,48.00,256.00,0.5640,-0.2839,-0.2864,0.7206,-2.22,-6.16,6.40,64.94,20.12,-0.44,9.16,0,1.70,-0.1464,-0.0185,9,0.718,0.472,39.42,0.66,6.713,0,1189
-5.00,43.44,256.19,0.5727,-0.2650,-0.2617,0.7303,-0.64,-5.89,6.65,35.12,-4.81,4.31,8.91,0,1.70,-0.1374,-0.0158,9,0.718,0.472,39.42,0.66,6.713,0,1189
-4.88,42.12,256.12,0.5757,-0.2560,-0.2534,0.7340,-0.57,-7.24,6.98,18.00,-1.44,-7.94,10.07,0,1.70,-0.1335,-0.0154,9,0.718,0.472,39.42,0.66,6.713,0,1189
phase1 acc_mag=10.075 gravity=10.025 motion=0.050 moving_avg=1.266 rms=1.749 mean_rms=1.460 max_rms=1.750 min_rms=1.003 std=0.203 var=0.041 state=standing thr=1.866/2.066/2.566
-4.38,40.69,256.81,0.5824,-0.2479,-0.2465,0.7339,-1.11,-6.74,6.78,21.19,-0.94,-11.00,9.62,0,1.70,-0.1302,-0.0146,9,0.718,0.472,39.42,0.66,6.713,0,1189
-3.69,40.25,258.06,0.5914,-0.2433,-0.2451,0.7287,-1.15,-6.68,6.65,6.62,8.50,-18.44,9.50,0,1.70,-0.1289,-0.0139,9,0.718,0.472,39.42,0.66,6.713,0,1189
-3.25,39.44,259.31,0.6008,-0.2388,-0.2399,0.7242,-0.34,-6.46,6.24,22.94,-0.31,-7.50,8.99,0,1.70,-0.1268,-0.0121,9,0.718,0.472,39.42,0.66,6.713,0,1189
phase1 acc_mag=13.533 gravity=9.852 motion=3.681 moving_avg=0.990 rms=1.406 mean_rms=1.519 max_rms=1.750 min_rms=1.307 std=0.172 var=0.030 state=standing thr=1.863/2.063/2.563
-3.12,38.88,259.81,0.6054,-0.2393,-0.2389,0.7205,0.70,-10.17,8.90,-52.31,20.69,-21.19,13.53,0,1.70,-0.1268,-0.0109,9,0.718,0.472,39.42,0.66,6.713,0,1189
-2.19,40.75,261.50,0.6120,-0.2429,-0.2501,0.7098,0.77,-5.60,8.70,-34.25,-17.69,6.38,10.38,0,1.70,-0.1302,-0.0116,9,0.718,0.472,39.42,0.66,6.713,0,1189
-3.50,43.31,261.50,0.6068,-0.2719,-0.2590,0.7006,-0.03,-5.65,9.78,-46.94,43.50,-5.31,11.29,0,1.70,-0.1391,-0.0066,9,0.718,0.472,39.42,0.66,6.713,0,1189
-2.56,47.94,263.81,0.6102,-0.2901,-0.2856,0.6796,4.29,0.23,4.48,63.00,-52.75,26.62,6.21,0,1.70,-0.1486,-0.0068,9,0.718,0.472,39.42,0.66,6.713,0,1189
phase1 acc_mag=8.387 gravity=10.075 motion=1.689 moving_avg=1.173 rms=1.765 mean_rms=1.536 max_rms=1.765 min_rms=1.307 std=0.174 var=0.030 state=standing thr=1.884/2.084/2.584
-3.06,44.50,259.06,0.5891,-0.2618,-0.2720,0.7144,0.60,-4.50,8.51,27.00,-7.31,5.19,9.65,0,1.70,-0.1389,-0.0161,9,0.718,0.472,39.42,0.66,6.713,0,1189
-4.94,41.50,258.06,0.5892,-0.2562,-0.2388,0.7281,0.39,-7.09,7.18,61.62,31.38,13.06,10.10,0,1.70,-0.1309,-0.0092,9,0.718,0.472,39.42,0.66,6.713,0,1189
-6.94,34.94,255.81,0.5853,-0.2338,-0.1962,0.7512,1.06,-5.17,7.27,45.25,12.31,28.56,8.98,0,1.70,-0.1162,-0.0042,9,0.718,0.472,39.42,0.66,6.713,0,1189
phase1 acc_mag=10.042 gravity=10.063 motion=0.021 moving_avg=1.199 rms=1.785 mean_rms=1.633 max_rms=1.785 min_rms=1.320 std=0.154 var=0.024 state=standing thr=1.941/2.141/2.641
-7.81,32.94,256.88,0.5961,-0.2304,-0.1718,0.7497,0.05,-6.07,8.00,38.50,24.44,3.62,10.04,0,1.70,-0.1100,0.0034,9,0.718,0.472,39.42,0.66,6.713,0,1189
-9.94,28.38,258.62,0.6127,-0.2234,-0.1265,0.7475,-0.29,-4.27,7.20,39.00,33.50,12.62,8.38,0,1.70,-0.0978,0.0169,9,0.718,0.000,0.00,0.00,6.713,0,1000
-12.25,25.69,257.19,0.6049,-0.2221,-0.0148,-0.0001,-0.24,-6.08,6.44,49.69,25.12,69.88,8.86,0,1.70,-0.0036,0.0537,9,0.718,0.000,0.00,0.00,6.713,0,1000
-13.75,28.38,261.31,0.6354,-0.2464,-0.1050,0.7242,-2.91,-8.65,13.92,10.94,-37.31,-118.25,16.65,0,1.70,-0.0981,0.0322,9,0.718,0.000,0.00,0.00,6.713,0,1000
phase1 acc_mag=9.424 gravity=10.065 motion=0.641 moving_avg=1.148 rms=1.851 mean_rms=1.628 max_rms=1.857 min_rms=1.359 std=0.163 var=0.027 state=standing thr=1.955/2.155/2.655
-12.31,21.69,265.00,0.6601,-0.2056,-0.0623,0.7198,-2.50,4.09,9.82,114.62,82.12,-38.12,10.93,0,1.70,-0.0756,0.0364,9,0.718,0.000,0.00,0.00,6.713,0,1000
-14.31,27.38,273.19,0.7009,-0.2564,-0.0652,0.6624,-12.25,-7.40,9.35,-128.44,46.44,29.38,17.10,0,1.70,-0.0862,0.0546,9,0.718,0.000,0.00,0.00,6.713,0,1000
-16.69,23.62,265.56,0.6484,-0.2392,-0.0375,0.7217,-2.47,-2.28,7.62,71.44,-17.50,185.31,8.33,0,1.70,-0.0788,0.0512,9,0.718,0.000,0.00,0.00,6.713,0,1000
-18.75,20.38,263.12,0.6445,-0.2370,-0.0172,0.7267,-4.77,-2.54,9.35,33.12,17.94,-80.31,10.80,0,1.70,-0.0733,0.0561,9,0.718,0.000,0.00,0.00,6.713,0,1000
phase1 acc_mag=11.014 gravity=10.275 motion=0.738 moving_avg=1.324 rms=2.078 mean_rms=1.680 max_rms=2.078 min_rms=1.359 std=0.226 var=0.051 state=standing thr=2.132/2.332/2.832
-18.06,17.94,266.88,0.6721,-0.2170,0.0021,0.7079,-3.16,-1.72,8.18,35.25,2.25,-9.38,8.94,0,1.70,-0.0609,0.0589,9,0.718,0.000,0.00,0.00,6.713,0,1000
-18.38,17.25,267.00,0.6725,-0.2167,0.0073,0.7076,-3.68,-1.99,8.43,11.50,2.06,1.94,9.41,0,1.70,-0.0594,0.0604,9,0.718,0.000,0.00,0.00,6.713,0,1000
-18.19,17.56,267.69,0.6771,-0.2175,0.0056,0.7030,-2.85,-2.19,8.61,4.44,3.19,-2.62,9.33,0,1.70,-0.0596,0.0605,9,0.718,0.000,0.00,0.00,6.713,0,1000
-18.38,16.69,267.00,0.6727,-0.2132,0.0101,0.7085,-3.36,-1.89,8.86,-5.00,-0.62,11.75,9.66,0,1.70,-0.0577,0.0602,9,0.718,0.000,0.00,0.00,6.713,0,1000
phase1 acc_mag=9.679 gravity=10.199 motion=0.520 moving_avg=1.327 rms=2.063 mean_rms=1.803 max_rms=2.106 min_rms=1.359 std=0.250 var=0.063 state=standing thr=2.303/2.503/3.003
-18.50,17.50,266.31,0.6677,-0.2191,0.0047,0.7115,-3.30,-2.71,9.14,-23.19,-3.81,9.81,10.09,0,1.70,-0.0611,0.0598,9,0.718,0.000,0.00,0.00,6.713,0,1000
-18.12,18.62,265.12,0.6583,-0.2236,-0.0081,0.7188,-3.17,-1.86,8.87,-20.38,-10.00,13.56,9.60,0,1.70,-0.0664,0.0565,9,0.718,0.000,0.00,0.00,6.713,0,1000
-17.62,19.75,263.44,0.6483,-0.2265,-0.0199,0.7267,-2.37,-1.67,8.61,-22.25,-14.44,20.06,9.09,0,1.70,-0.0710,0.0529,9,0.718,0.000,0.00,0.00,6.713,0,1000
phase1 acc_mag=9.613 gravity=9.969 motion=0.356 moving_avg=1.045 rms=1.713 mean_rms=1.888 max_rms=2.106 min_rms=1.418 std=0.204 var=0.042 state=standing thr=2.296/2.496/2.996
-17.31,20.88,262.56,0.6412,-0.2308,-0.0311,0.7312,-2.53,-1.63,9.13,-13.44,-7.81,9.94,9.61,0,1.70,-0.0755,0.0501,9,0.718,0.000,0.00,0.00,6.713,0,1000
-16.75,20.50,261.31,0.6336,-0.2245,-0.0365,0.7394,-2.22,-1.04,9.42,-18.81,-22.00,12.44,9.73,0,1.70,-0.0757,0.0461,9,0.718,0.000,0.00,0.00,6.713,0,1000
-15.12,20.81,259.38,0.6208,-0.2115,-0.0516,0.7531,-2.18,-1.57,10.10,5.38,-52.75,33.69,10.45,0,1.70,-0.0765,0.0370,9,0.718,0.000,0.00,0.00,6.713,0,1000
-12.31,23.00,257.12,0.6078,-0.2080,-0.0850,0.7617,-2.02,-6.57,9.39,-33.12,-39.44,13.69,11.64,0,1.70,-0.0840,0.0247,9,0.718,0.000,0.00,0.00,6.713,0,1000
phase1 acc_mag=7.797 gravity=10.234 motion=2.437 moving_avg=1.266 rms=1.996 mean_rms=1.890 max_rms=2.106 min_rms=1.418 std=0.209 var=0.044 state=standing thr=2.309/2.509/3.009
-11.44,18.81,256.81,0.6099,-0.1793,-0.0634,0.7693,-0.52,-1.87,6.00,57.88,-5.19,-6.44,6.31,0,1.70,-0.0706,0.0242,9,0.718,0.000,0.00,0.00,6.713,0,1000
-10.50,18.75,257.62,0.6167,-0.1724,-0.0694,0.7650,-1.28,-4.79,9.95,-14.31,-21.31,-15.62,11.12,0,1.70,-0.0699,0.0213,9,0.718,0.000,0.00,0.00,6.713,0,1000
-9.00,19.56,257.25,0.6135,-0.1678,-0.0818,0.7673,-0.48,-3.72,9.25,-13.12,-10.75,12.75,9.98,0,1.70,-0.0716,0.0161,9,0.718,0.000,0.00,0.00,6.713,0,1000
-8.38,19.44,256.44,0.6077,-0.1605,-0.0867,0.7729,0.25,-2.93,8.20,2.62,-21.75,5.94,8.71,0,1.70,-0.0707,0.0122,9,0.718,0.000,0.00,0.00,6.713,0,1000
phase1 acc_mag=8.732 gravity=10.004 motion=1.271 moving_avg=1.105 rms=1.676 mean_rms=1.955 max_rms=2.106 min_rms=1.666 std=0.155 var=0.024 state=standing thr=2.266/2.466/2.966
-7.44,19.50,255.50,0.6017,-0.1548,-0.0936,0.7780,0.41,-3.57,8.76,-1.31,-10.56,8.12,9.47,0,1.70,-0.0707,0.0081,9,0.718,0.000,0.00,0.00,6.713,0,1000
-7.31,19.88,255.31,0.6009,-0.1567,-0.0961,0.7779,-0.28,-2.85,8.83,-9.38,13.12,-7.50,9.28,0,1.70,-0.0719,0.0078,9,0.718,0.000,0.00,0.00,6.713,0,1000
-8.56,21.38,256.56,0.6083,-0.1758,-0.0976,0.7678,-0.24,-3.90,9.76,-21.06,23.69,-19.75,10.51,0,1.70,-0.0778,0.0128,9,0.718,0.000,0.00,0.00,6.713,0,1000
phase1 acc_mag=9.879 gravity=9.834 motion=0.045 moving_avg=0.872 rms=1.346 mean_rms=1.836 max_rms=2.106 min_rms=1.346 std=0.255 var=0.065 state=standing thr=2.345/2.545/3.045
-8.81,22.44,257.12,0.6100,-0.1818,-0.1018,0.7645,-0.23,-2.70,9.50,-7.81,-0.88,0.19,9.88,0,1.70,-0.0804,0.0132,9,0.718,0.000,0.00,0.00,6.713,0,1000
-9.25,20.50,254.94,0.5967,-0.1724,-0.0901,0.7785,0.09,-1.74,9.12,36.19,2.12,46.38,9.28,0,1.70,-0.0752,0.0131,9,0.718,0.000,0.00,0.00,6.713,0,1000
-10.75,17.25,250.62,0.5652,-0.1651,-0.0684,0.8053,-0.73,-5.62,10.88,-39.88,-0.75,41.50,12.27,0,1.70,-0.0686,0.0153,9,0.718,0.000,0.00,0.00,6.713,0,1000
-11.94,17.44,249.00,0.5571,-0.1717,-0.0632,0.8101,-3.30,-3.88,11.58,30.31,23.50,14.69,12.65,0,1.70,-0.0697,0.0178,9,0.718,0.000,0.00,0.00,6.713,0,1000
phase1 acc_mag=9.266 gravity=10.179 motion=0.913 moving_avg=1.049 rms=1.762 mean_rms=1.716 max_rms=2.062 min_rms=1.307 std=0.266 var=0.071 state=standing thr=2.248/2.448/2.948
-12.81,16.44,248.94,0.5569,-0.1724,-0.0518,0.8109,-3.34,-3.17,6.06,32.06,-4.31,1.00,7.61,0,1.70,-0.0674,0.0216,9,0.718,0.000,0.00,0.00,6.713,0,1000
-12.94,12.75,246.62,0.5426,-0.1549,-0.0289,0.8251,-1.32,-1.72,7.45,15.44,6.38,40.19,7.76,0,1.70,-0.0574,0.0241,10,0.778,0.000,0.00,0.00,7.491,0,1000
-13.69,14.69,245.56,0.5327,-0.1705,-0.0429,0.8278,-1.50,-3.12,10.81,-38.75,-7.38,2.75,11.35,0,1.70,-0.0656,0.0221,10,0.778,0.000,0.00,0.00,7.491,0,1000
-13.62,15.81,245.75,0.5339,-0.1741,-0.0479,0.8260,-3.33,-1.69,7.42,23.94,15.19,-10.19,8.31,0,1.70,-0.0677,0.0214,10,0.778,0.000,0.00,0.00,7.491,0,1000
phase1 acc_mag=8.477 gravity=10.015 motion=1.538 moving_avg=1.278 rms=1.951 mean_rms=1.709 max_rms=2.061 min_rms=1.307 std=0.253 var=0.064 state=standing thr=2.215/2.415/2.915
-14.94,15.06,247.38,0.5457,-0.1800,-0.0335,0.8177,-2.70,-2.02,8.81,7.25,13.25,-18.81,9.43,0,1.70,-0.0662,0.0283,10,0.778,0.000,0.00,0.00,7.491,0,1000
-14.50,15.81,248.31,0.5519,-0.1813,-0.0397,0.8130,-2.40,-2.43,9.35,-11.62,-13.31,-13.50,9.95,0,1.70,-0.0677,0.0271,10,0.778,0.000,0.00,0.00,7.491,0,1000
-12.31,15.94,248.62,0.5554,-0.1667,-0.0515,0.8130,-1.40,-1.15,8.35,3.44,-30.00,-10.62,8.54,0,1.70,-0.0657,0.0203,10,0.778,0.000,0.00,0.00,7.491,0,1000
-10.81,15.50,249.56,0.5630,-0.1544,-0.0547,0.8101,-1.66,-1.08,9.52,18.81,-7.38,-25.00,9.72,0,1.70,-0.0623,0.0170,10,0.778,0.000,0.00,0.00,7.491,0,1000
phase1 acc_mag=9.602 gravity=9.768 motion=0.166 moving_avg=0.990 rms=1.573 mean_rms=1.714 max_rms=2.061 min_rms=1.307 std=0.256 var=0.065 state=standing thr=2.226/2.426/2.926
-9.81,13.44,251.69,0.5795,-0.1378,-0.0432,0.8021,-0.89,-1.51,10.41,40.56,-13.00,-23.25,10.56,0,1.70,-0.0542,0.0181,10,0.778,0.000,0.00,0.00,7.491,0,1000
-8.38,14.62,254.19,0.6002,-0.1351,-0.0583,0.7863,-1.75,-8.59,12.30,-13.56,-12.38,-52.38,15.10,0,1.70,-0.0565,0.0141,10,0.778,0.000,0.00,0.00,7.491,0,1000
-8.88,9.75,258.94,0.6316,-0.1140,-0.0159,0.7667,-1.46,-0.95,5.42,105.06,-17.25,-65.94,5.69,0,1.70,-0.0390,0.0239,11,0.807,1.211,89.96,1.50,8.298,0,1484
phase1 acc_mag=13.928 gravity=9.962 motion=3.966 moving_avg=1.635 rms=2.544 mean_rms=1.762 max_rms=2.544 min_rms=1.307 std=0.334 var=0.112 state=slow thr=2.430/2.630/3.130
-6.56,11.38,262.62,0.6559,-0.1083,-0.0361,0.7462,0.51,-3.97,13.34,-77.38,-13.06,-33.38,13.93,0,1.70,-0.0418,0.0177,11,0.807,1.211,89.96,1.50,8.298,0,1484
-6.56,13.56,261.81,0.6495,-0.1211,-0.0511,0.7490,-0.36,-1.74,7.53,-1.25,-20.06,-1.44,7.74,0,1.70,-0.0496,0.0161,11,0.807,1.211,89.96,1.50,8.298,0,1484
-5.50,14.19,260.56,0.6392,-0.1177,-0.0639,0.7573,0.33,-3.92,9.02,-16.00,-8.94,22.75,9.84,0,1.70,-0.0520,0.0107,11,0.807,1.211,89.96,1.50,8.298,0,1484
-6.00,15.19,259.00,0.6296,-0.1249,-0.0677,0.7638,0.07,-2.83,9.32,-18.00,8.75,13.06,9.74,0,1.70,-0.0552,0.0108,11,0.807,1.211,89.96,1.50,8.298,0,1484
phase1 acc_mag=9.703 gravity=9.905 motion=0.202 moving_avg=1.688 rms=2.573 mean_rms=1.995 max_rms=2.577 min_rms=1.307 std=0.400 var=0.160 state=standing thr=2.795/2.995/3.495
-6.44,16.12,258.50,0.6257,-0.1332,-0.0724,0.7652,-0.38,-3.43,9.53,0.88,15.31,3.94,10.14,0,1.70,-0.0589,0.0112,11,0.807,1.211,89.96,1.50,8.298,0,1484
-7.56,15.56,257.62,0.6198,-0.1364,-0.0634,0.7703,-0.37,-2.96,8.94,5.56,9.69,20.75,9.42,0,1.70,-0.0577,0.0143,11,0.807,1.211,89.96,1.50,8.298,0,1484
-8.69,14.75,254.81,0.6011,-0.1381,-0.0546,0.7852,-0.39,-2.01,9.53,11.19,-0.75,51.12,9.75,0,1.70,-0.0565,0.0161,11,0.807,1.211,89.96,1.50,8.298,0,1484
-9.31,14.88,251.75,0.5778,-0.1428,-0.0560,0.8016,-0.81,-5.51,10.02,-12.88,8.19,23.56,11.46,0,1.70,-0.0587,0.0150,11,0.807,1.211,89.96,1.50,8.298,0,1484
phase1 acc_mag=10.967 gravity=9.870 motion=1.098 moving_avg=1.464 rms=2.429 mean_rms=2.205 max_rms=2.730 min_rms=1.572 std=0.356 var=0.126 state=standing thr=2.916/3.116/3.616
-11.25,14.12,250.88,0.5729,-0.1511,-0.0412,0.8045,-2.81,-2.46,7.70,7.50,28.69,4.75,8.56,0,1.70,-0.0581,0.0214,11,0.807,1.211,89.96,1.50,8.298,0,1484
-13.69,14.88,251.19,0.5731,-0.1740,-0.0323,0.8002,-2.77,-2.47,8.60,-8.19,27.69,1.06,9.37,0,1.70,-0.0631,0.0295,11,0.807,1.211,89.96,1.50,8.298,0,1484
-14.12,15.62,250.56,0.5662,-0.1786,-0.0379,0.8038,-1.17,-3.05,9.68,-16.50,-10.69,20.25,10.22,0,1.70,-0.0660,0.0283,11,0.807,1.211,89.96,1.50,8.298,0,1484
-14.69,16.06,248.31,0.5518,-0.1838,-0.0402,0.8125,-2.70,-2.06,9.12,-7.75,2.25,21.94,9.73,0,1.70,-0.0686,0.0275,11,0.807,1.211,89.96,1.50,8.298,0,1484
phase1 acc_mag=9.704 gravity=9.946 motion=0.242 moving_avg=1.333 rms=2.347 mean_rms=2.297 max_rms=2.730 min_rms=1.572 std=0.328 var=0.108 state=standing thr=2.953/3.153/3.653
-14.69,15.94,247.38,0.5449,-0.1822,-0.0414,0.8174,-2.57,-2.80,8.78,-0.75,-8.44,5.06,9.57,0,1.70,-0.0686,0.0262,11,0.807,1.211,89.96,1.50,8.298,0,1484
-14.75,15.69,247.94,0.5491,-0.1823,-0.0378,0.8148,-3.11,-2.64,8.70,13.31,16.12,-16.56,9.61,0,1.70,-0.0677,0.0277,11,0.807,1.211,89.96,1.50,8.298,0,1484
-14.94,15.38,249.44,0.5615,-0.1815,-0.0319,0.8068,-2.97,-2.83,8.61,13.00,-5.12,-19.06,9.54,0,1.70,-0.0657,0.0305,11,0.807,1.211,89.96,1.50,8.298,0,1484
-14.81,15.38,250.81,0.5709,-0.1826,-0.0311,0.7999,-3.08,-2.91,8.50,10.44,-5.62,-19.38,9.50,0,1.70,-0.0655,0.0318,11,0.807,1.211,89.96,1.50,8.298,0,1484
phase1 acc_mag=9.587 gravity=9.967 motion=0.380 moving_avg=1.286 rms=2.332 mean_rms=2.409 max_rms=2.730 min_rms=1.575 std=0.191 var=0.037 state=standing thr=2.792/2.992/3.492
-14.94,15.56,252.25,0.5795,-0.1842,-0.0294,0.7933,-3.03,-3.00,8.59,13.38,-9.00,-14.31,9.59,0,1.70,-0.0653,0.0334,11,0.807,1.211,89.96,1.50,8.298,0,1484
-14.44,15.81,253.12,0.5864,-0.1805,-0.0329,0.7890,-3.05,-3.21,8.17,11.69,-19.56,-13.12,9.29,0,1.70,-0.0647,0.0320,11,0.807,1.211,89.96,1.50,8.298,0,1484
-12.62,15.44,254.12,0.5941,-0.1683,-0.0385,0.7857,-2.55,-3.90,7.34,3.44,-15.56,-29.19,8.69,0,1.70,-0.0621,0.0279,11,0.807,1.211,89.96,1.50,8.298,0,1484
phase1 acc_mag=16.242 gravity=9.700 motion=6.542 moving_avg=0.701 rms=1.375 mean_rms=2.275 max_rms=2.730 min_rms=1.210 std=0.393 var=0.155 state=standing thr=3.062/3.262/3.762
-11.31,16.44,257.38,0.6208,-0.1685,-0.0554,0.7637,-1.21,-3.14,15.89,-80.31,-21.88,-92.12,16.24,0,1.70,-0.0652,0.0249,12,0.689,0.474,41.29,0.69,8.988,0,1190
-5.88,21.44,257.12,0.6078,-0.1556,-0.1112,0.7707,1.82,-1.33,8.74,18.19,-11.31,65.88,9.03,0,1.70,-0.0750,0.0035,12,0.689,0.474,41.29,0.69,8.988,0,1190
-6.06,19.56,255.62,0.6058,-0.1447,-0.0977,0.7762,0.09,-2.69,9.30,33.12,11.00,-14.81,9.68,0,1.70,-0.0686,0.0047,12,0.689,0.474,41.29,0.69,8.988,0,1190
-6.69,15.88,259.50,0.6322,-0.1337,-0.0677,0.7601,-0.66,-1.52,6.47,38.38,49.81,-59.62,6.68,0,1.70,-0.0578,0.0132,12,0.689,0.474,41.29,0.69,8.988,0,1190
phase1 acc_mag=8.285 gravity=9.693 motion=1.409 moving_avg=0.945 rms=1.669 mean_rms=2.079 max_rms=2.730 min_rms=1.210 std=0.451 var=0.203 state=standing thr=2.980/3.180/3.680
-6.25,17.12,263.00,0.6544,-0.1399,-0.0742,0.7394,-0.13,-1.89,10.11,-43.56,-26.38,-36.19,10.29,0,1.70,-0.0608,0.0147,12,0.689,0.474,41.29,0.69,8.988,0,1190
-4.19,19.62,263.19,0.6530,-0.1413,-0.1038,0.7368,1.74,-3.64,9.47,-12.75,-9.81,10.19,10.29,0,1.70,-0.0688,0.0063,12,0.689,0.474,41.29,0.69,8.988,0,1190
-4.69,18.19,262.75,0.6525,-0.1359,-0.0909,0.7399,-0.03,-2.70,8.84,33.12,2.12,7.62,9.24,0,1.70,-0.0640,0.0086,12,0.689,0.474,41.29,0.69,8.988,0,1190
-4.56,17.12,262.25,0.6500,-0.1285,-0.0851,0.7441,-0.02,-2.61,9.02,1.75,-3.56,3.62,9.39,0,1.70,-0.0604,0.0081,12,0.689,0.474,41.29,0.69,8.988,0,1190
phase1 acc_mag=9.521 gravity=9.551 motion=0.030 moving_avg=0.835 rms=1.358 mean_rms=1.877 max_rms=2.408 min_rms=1.210 std=0.440 var=0.193 state=standing thr=2.757/2.957/3.457
-4.62,17.75,262.19,0.6492,-0.1329,-0.0897,0.7435,0.35,-3.62,9.39,-13.06,0.88,-1.06,10.07,0,1.70,-0.0628,0.0078,12,0.689,0.474,41.29,0.69,8.988,0,1190
-4.19,17.50,262.12,0.6491,-0.1281,-0.0898,0.7444,0.82,-3.34,9.02,17.81,-5.12,1.88,9.65,0,1.70,-0.0615,0.0065,12,0.689,0.474,41.29,0.69,8.988,0,1190
-4.31,16.44,262.00,0.6491,-0.1228,-0.0818,0.7462,0.39,-3.63,8.32,7.88,7.81,1.06,9.09,0,1.70,-0.0579,0.0075,12,0.689,0.474,41.29,0.69,8.988,0,1190
-5.19,16.31,262.06,0.6495,-0.1277,-0.0765,0.7456,-0.11,-3.45,8.09,-3.19,14.56,-2.06,8.80,0,1.70,-0.0580,0.0104,12,0.689,0.474,41.29,0.69,8.988,0,1190
phase1 acc_mag=8.883 gravity=9.527 motion=0.643 moving_avg=0.801 rms=1.333 mean_rms=1.660 max_rms=2.348 min_rms=1.210 std=0.398 var=0.159 state=standing thr=2.456/2.656/3.156
-6.25,17.06,262.31,0.6500,-0.1390,-0.0747,0.7433,-1.03,-4.28,8.02,-2.56,19.12,4.12,9.15,0,1.70,-0.0607,0.0139,12,0.689,0.474,41.29,0.69,8.988,0,1190
-8.75,17.31,263.06,0.6539,-0.1572,-0.0607,0.7375,-1.18,-3.48,13.77,-52.38,80.19,-50.44,14.25,0,1.70,-0.0622,0.0232,12,0.689,0.474,41.29,0.69,8.988,0,1190
-7.69,18.88,264.88,0.6642,-0.1603,-0.0743,0.7264,-4.07,0.95,9.66,47.31,-63.31,40.62,10.53,0,1.70,-0.0663,0.0210,12,0.689,0.474,41.29,0.69,8.988,0,1190
phase1 acc_mag=8.321 gravity=9.806 motion=1.485 moving_avg=1.219 rms=2.289 mean_rms=1.560 max_rms=2.297 min_rms=1.210 std=0.319 var=0.102 state=slow thr=2.198/2.398/2.898
-7.12,18.31,259.44,0.6300,-0.1497,-0.0815,0.7576,-0.05,-2.76,7.85,11.00,14.06,104.62,8.32,0,1.70,-0.0659,0.0130,12,0.689,0.474,41.29,0.69,8.988,0,1190
-8.56,15.06,254.56,0.5980,-0.1396,-0.0573,0.7872,-0.85,-0.94,8.94,1.38,7.81,13.00,9.03,0,1.70,-0.0576,0.0154,12,0.689,0.474,41.29,0.69,8.988,0,1190
-11.00,14.19,255.00,0.6016,-0.1512,-0.0377,0.7834,-2.55,-1.52,9.25,32.38,41.88,-12.56,9.71,0,1.70,-0.0565,0.0246,13,0.808,0.647,48.04,0.80,9.796,0,1259
-10.69,14.12,257.69,0.6198,-0.1495,-0.0357,0.7695,-1.95,-1.54,10.05,-19.50,-11.50,-45.25,10.35,0,1.70,-0.0549,0.0261,13,0.808,0.647,48.04,0.80,9.796,0,1259
phase1 acc_mag=9.048 gravity=9.873 motion=0.825 moving_avg=1.287 rms=2.313 mean_rms=1.697 max_rms=2.326 min_rms=1.325 std=0.408 var=0.167 state=standing thr=2.514/2.714/3.214
-10.00,13.62,258.12,0.6235,-0.1423,-0.0357,0.7679,-1.92,-1.69,9.19,33.06,-14.19,13.38,9.54,0,1.70,-0.0526,0.0245,13,0.808,0.647,48.04,0.80,9.796,0,1259
-9.06,12.00,257.50,0.6208,-0.1269,-0.0309,0.7729,-1.18,-1.94,8.35,18.88,-22.00,4.12,8.65,0,1.70,-0.0469,0.0219,13,0.808,0.647,48.04,0.80,9.796,0,1259
-8.06,10.81,257.00,0.6186,-0.1140,-0.0292,0.7769,-1.05,-1.97,8.27,9.75,0.50,-0.75,8.57,0,1.70,-0.0426,0.0191,13,0.808,0.647,48.04,0.80,9.796,0,1259
-8.56,11.06,258.50,0.6284,-0.1193,-0.0265,0.7683,-1.32,-1.52,7.83,-0.88,12.62,-35.75,8.08,0,1.70,-0.0433,0.0218,13,0.808,0.647,48.04,0.80,9.796,0,1259
phase1 acc_mag=10.411 gravity=9.712 motion=0.698 moving_avg=1.049 rms=2.017 mean_rms=1.811 max_rms=2.326 min_rms=1.325 std=0.424 var=0.180 state=standing thr=2.659/2.859/3.359
-7.06,13.56,261.81,0.6492,-0.1241,-0.0479,0.7490,-1.21,-3.66,12.74,-72.62,-29.69,-69.25,13.31,0,1.70,-0.0496,0.0179,13,0.808,0.647,48.04,0.80,9.796,0,1259
-5.25,15.75,263.06,0.6533,-0.1204,-0.0757,0.7437,1.00,-3.66,7.37,-1.19,-83.56,40.06,8.29,0,1.70,-0.0556,0.0089,13,0.808,0.647,48.04,0.80,9.796,0,1259
-6.56,12.94,263.38,0.6599,-0.1181,-0.0455,0.7407,-2.15,-1.44,8.44,24.69,71.31,-74.31,8.83,0,1.70,-0.0470,0.0177,14,0.692,1.234,106.95,1.78,10.488,0,1493
-2.62,16.50,269.38,0.6964,-0.1168,-0.0933,0.7020,3.31,-2.40,12.08,-60.12,-73.56,-18.38,12.75,0,1.70,-0.0588,0.0063,14,0.692,1.234,106.95,1.78,10.488,0,1493
phase1 acc_mag=11.345 gravity=9.859 motion=1.485 moving_avg=1.448 rms=2.347 mean_rms=1.959 max_rms=2.347 min_rms=1.325 std=0.406 var=0.165 state=standing thr=2.771/2.971/3.471
-1.56,18.06,266.44,0.6738,-0.1181,-0.1039,0.7220,-0.57,0.45,8.25,8.12,0.62,42.75,8.28,0,1.70,-0.0621,0.0018,14,0.692,1.234,106.95,1.78,10.488,0,1493
-0.94,17.88,265.12,0.6682,-0.1115,-0.1086,0.7275,0.33,-1.56,8.91,-1.50,-32.44,-0.19,9.05,0,1.70,-0.0615,-0.0018,14,0.692,1.234,106.95,1.78,10.488,0,1493
-0.38,18.19,264.31,0.6630,-0.1089,-0.1148,0.7317,1.08,-1.64,9.56,-0.25,3.50,16.25,9.76,0,1.70,-0.0623,-0.0047,14,0.692,1.234,106.95,1.78,10.488,0,1493
0.00,18.12,263.44,0.6569,-0.1046,-0.1184,0.7372,0.56,-2.11,9.51,-0.06,-14.44,6.69,9.76,0,1.70,-0.0619,-0.0074,14,0.692,1.234,106.95,1.78,10.488,0,1493
phase1 acc_mag=9.507 gravity=9.847 motion=0.340 moving_avg=1.473 rms=2.361 mean_rms=2.165 max_rms=2.367 min_rms=1.335 std=0.275 var=0.076 state=standing thr=2.716/2.916/3.416
-0.44,18.06,263.94,0.6604,-0.1085,-0.1142,0.7342,0.19,-2.37,9.65,-2.81,20.44,-3.81,9.94,0,1.70,-0.0620,-0.0049,14,0.692,1.234,106.95,1.78,10.488,0,1493
-1.19,17.56,263.69,0.6588,-0.1099,-0.1054,0.7368,-0.28,-2.11,9.27,14.38,3.69,13.44,9.51,0,1.70,-0.0602,-0.0021,14,0.692,1.234,106.95,1.78,10.488,0,1493
-1.69,16.75,262.12,0.6498,-0.1075,-0.1001,0.7458,0.51,-1.92,9.26,-3.06,5.12,31.75,9.47,0,1.70,-0.0581,-0.0019,14,0.692,1.234,106.95,1.78,10.488,0,1493
phase1 acc_mag=9.968 gravity=9.552 motion=0.416 moving_avg=1.037 rms=1.450 mean_rms=2.167 max_rms=2.367 min_rms=1.450 std=0.265 var=0.070 state=standing thr=2.697/2.897/3.397
-2.62,17.12,260.44,0.6369,-0.1156,-0.0985,0.7559,0.12,-2.25,9.71,-12.88,9.56,23.56,9.97,0,1.70,-0.0600,-0.0003,14,0.692,1.234,106.95,1.78,10.488,0,1493
-3.62,18.25,258.75,0.6247,-0.1262,-0.1018,0.7639,0.29,-2.09,9.56,-3.44,0.62,22.62,9.79,0,1.70,-0.0640,0.0004,14,0.692,1.234,106.95,1.78,10.488,0,1493
-3.81,17.88,257.00,0.6146,-0.1234,-0.1006,0.7726,0.34,-2.03,9.18,2.31,-3.44,32.38,9.41,0,1.70,-0.0629,-0.0007,14,0.692,1.234,106.95,1.78,10.488,0,1493
-4.19,17.62,254.31,0.5939,-0.1229,-0.0998,0.7888,0.92,-2.15,9.14,-7.75,-3.94,43.31,9.43,0,1.70,-0.0625,-0.0023,14,0.692,1.234,106.95,1.78,10.488,0,1493
phase1 acc_mag=9.566 gravity=9.593 motion=0.027 moving_avg=0.872 rms=1.359 mean_rms=1.985 max_rms=2.367 min_rms=1.359 std=0.390 var=0.152 state=standing thr=2.764/2.964/3.464
-4.31,18.31,251.44,0.5732,-0.1265,-0.1086,0.8023,0.78,-2.13,9.26,-35.38,2.06,45.12,9.53,0,1.70,-0.0655,-0.0058,14,0.692,1.234,106.95,1.78,10.488,0,1493
-5.44,21.56,249.25,0.5576,-0.1461,-0.1262,0.8074,0.98,-2.09,9.33,-37.06,12.81,14.44,9.61,0,1.70,-0.0753,-0.0082,14,0.692,1.234,106.95,1.78,10.488,0,1493
-6.69,22.38,247.69,0.5411,-0.1574,-0.1262,0.8164,-0.03,-2.00,9.23,-0.31,-1.88,54.81,9.44,0,1.70,-0.0787,-0.0071,14,0.692,1.234,106.95,1.78,10.488,0,1493
-8.56,21.62,242.75,0.5100,-0.1622,-0.1191,0.8363,-0.77,-9.19,11.99,-49.38,-1.62,22.19,15.13,0,1.70,-0.0785,-0.0068,14,0.692,1.234,106.95,1.78,10.488,0,1493
phase1 acc_mag=12.905 gravity=9.844 motion=3.061 moving_avg=0.856 rms=1.457 mean_rms=1.838 max_rms=2.367 min_rms=1.309 std=0.455 var=0.207 state=standing thr=2.748/2.948/3.448
-10.69,19.62,244.06,0.5206,-0.1699,-0.0925,0.8316,-6.11,-2.10,9.47,42.50,52.62,-57.19,11.46,0,1.70,-0.0758,0.0046,14,0.692,1.234,106.95,1.78,10.488,0,1493
-9.81,21.00,244.94,0.5209,-0.1657,-0.1080,0.8304,-2.40,-3.35,9.87,-24.12,-62.19,39.88,10.70,0,1.70,-0.0776,-0.0014,14,0.692,1.234,106.95,1.78,10.488,0,1493
-7.69,17.56,235.12,0.4565,-0.1308,-0.1028,0.8740,0.66,-2.60,7.04,27.25,-21.38,150.94,7.53,0,1.70,-0.0645,-0.0121,14,0.692,1.234,106.95,1.78,10.488,0,1493
-9.94,15.75,229.19,0.4093,-0.1391,-0.0856,0.8976,-1.96,-1.83,8.01,-0.69,33.62,24.25,8.45,0,1.70,-0.0640,-0.0080,15,0.713,0.491,41.32,0.69,11.200,0,1196
phase1 acc_mag=8.585 gravity=9.662 motion=1.077 moving_avg=0.672 rms=1.099 mean_rms=1.626 max_rms=2.367 min_rms=1.095 std=0.458 var=0.209 state=standing thr=2.541/2.741/3.241
-11.62,15.94,230.00,0.4168,-0.1507,-0.0803,0.8928,-2.76,-2.40,9.88,-7.00,8.62,-25.69,10.54,0,1.70,-0.0672,-0.0036,15,0.713,0.491,41.32,0.69,11.200,0,1196
-11.19,17.06,230.62,0.4212,-0.1523,-0.0901,0.8895,-2.05,-2.26,8.76,-8.94,-12.94,8.56,9.28,0,1.70,-0.0694,-0.0064,15,0.713,0.491,41.32,0.69,11.200,0,1196
-10.94,17.38,229.88,0.4151,-0.1505,-0.0947,0.8922,-1.90,-1.71,9.10,-9.00,-4.19,7.44,9.45,0,1.70,-0.0694,-0.0088,15,0.713,0.491,41.32,0.69,11.200,0,1196
phase1 acc_mag=9.071 gravity=9.711 motion=0.640 moving_avg=0.635 rms=1.070 mean_rms=1.355 max_rms=2.358 min_rms=1.070 std=0.294 var=0.086 state=standing thr=1.942/2.142/2.642
-10.25,17.38,229.62,0.4128,-0.1440,-0.0991,0.8939,-1.32,-1.30,8.88,-9.88,-19.19,2.88,9.07,0,1.70,-0.0679,-0.0117,15,0.713,0.491,41.32,0.69,11.200,0,1196
-8.06,17.31,228.62,0.4050,-0.1222,-0.1072,0.8998,-0.95,-1.38,9.59,19.00,-50.88,12.31,9.74,0,1.70,-0.0613,-0.0188,15,0.713,0.491,41.32,0.69,11.200,0,1196
-4.81,14.25,226.75,0.3936,-0.0854,-0.0964,0.9102,-1.10,-2.15,9.07,49.06,-48.56,19.81,9.39,0,1.70,-0.0463,-0.0217,15,0.713,0.491,41.32,0.69,11.200,0,1196
-3.44,16.75,227.50,0.3986,-0.0867,-0.1209,0.9050,1.12,-6.23,11.41,-2.25,-47.25,4.25,13.05,0,1.70,-0.0507,-0.0300,15,0.713,0.491,41.32,0.69,11.200,0,1196
phase1 acc_mag=10.316 gravity=9.994 motion=0.322 moving_avg=0.966 rms=1.641 mean_rms=1.259 max_rms=1.641 min_rms=1.070 std=0.163 var=0.027 state=slow thr=1.586/1.786/2.286
-2.31,15.19,225.62,0.3824,-0.0704,-0.1140,0.9142,-0.28,-1.76,7.50,-2.06,-3.81,25.56,7.71,0,1.70,-0.0432,-0.0309,15,0.713,0.491,41.32,0.69,11.200,0,1196
-2.88,15.50,224.62,0.3765,-0.0750,-0.1152,0.9162,0.02,-4.07,7.86,6.31,1.50,0.19,8.85,0,1.70,-0.0448,-0.0309,15,0.713,0.491,41.32,0.69,11.200,0,1196
-2.12,14.25,226.56,0.3923,-0.0667,-0.1064,0.9112,1.36,-3.12,8.54,3.81,1.56,-21.94,9.19,0,1.70,-0.0410,-0.0283,15,0.713,0.491,41.32,0.69,11.200,0,1196
-1.50,15.00,227.56,0.4005,-0.0651,-0.1154,0.9067,1.56,-3.82,9.05,-14.94,-10.50,-12.38,9.95,0,1.70,-0.0421,-0.0314,15,0.713,0.491,41.32,0.69,11.200,0,1196
phase1 acc_mag=9.755 gravity=9.885 motion=0.130 moving_avg=1.107 rms=1.710 mean_rms=1.320 max_rms=1.711 min_rms=1.070 std=0.240 var=0.058 state=standing thr=1.800/2.000/2.500
-1.75,15.69,227.94,0.4026,-0.0698,-0.1187,0.9050,0.44,-2.68,9.40,-4.94,2.75,0.31,9.78,0,1.70,-0.0444,-0.0317,15,0.713,0.491,41.32,0.69,11.200,0,1196
-1.81,16.06,228.06,0.4033,-0.0718,-0.1215,0.9041,1.23,-2.51,9.06,-4.12,-3.12,1.81,9.48,0,1.70,-0.0456,-0.0324,15,0.713,0.491,41.32,0.69,11.200,0,1196
-1.75,16.38,227.62,0.3997,-0.0721,-0.1239,0.9054,1.28,-2.27,9.43,-0.50,-3.75,15.25,9.78,0,1.70,-0.0459,-0.0333,15,0.713,0.491,41.32,0.69,11.200,0,1196
phase1 acc_mag=8.749 gravity=9.685 motion=0.936 moving_avg=0.963 rms=1.527 mean_rms=1.385 max_rms=1.711 min_rms=1.070 std=0.282 var=0.079 state=standing thr=1.948/2.148/2.648
-2.56,16.12,225.75,0.3851,-0.0759,-0.1205,0.9119,1.35,-2.12,8.38,6.06,11.19,26.12,8.75,0,1.70,-0.0462,-0.0323,15,0.713,0.491,41.32,0.69,11.200,0,1196
-4.19,13.12,222.38,0.3592,-0.0756,-0.0931,0.9255,0.96,-1.36,9.21,46.50,7.94,62.25,9.36,0,1.70,-0.0414,-0.0236,15,0.713,0.491,41.32,0.69,11.200,0,1196
-6.06,11.75,217.12,0.3165,-0.0831,-0.0798,0.9416,0.89,-7.73,15.71,-42.69,23.44,44.50,17.53,0,1.70,-0.0414,-0.0195,15,0.713,0.491,41.32,0.69,11.200,0,1196
-7.12,11.56,215.88,0.3062,-0.0906,-0.0750,0.9447,-4.65,-2.68,7.57,11.25,4.38,1.31,9.28,0,1.70,-0.0434,-0.0172,15,0.713,0.491,41.32,0.69,11.200,0,1196
phase1 acc_mag=7.897 gravity=10.085 motion=2.188 moving_avg=1.101 rms=1.920 mean_rms=1.473 max_rms=1.920 min_rms=1.070 std=0.294 var=0.086 state=standing thr=2.061/2.261/2.761
-6.56,10.06,213.50,0.2870,-0.0803,-0.0670,0.9522,-0.63,-0.52,6.75,21.06,-2.50,57.75,6.80,0,1.70,-0.0383,-0.0163,16,0.773,0.524,40.71,0.68,11.973,1,1210
-7.56,11.38,211.19,0.2672,-0.0906,-0.0772,0.9562,0.07,-3.96,9.71,-36.12,-3.06,2.06,10.49,0,1.70,-0.0429,-0.0199,16,0.773,0.524,40.71,0.68,11.973,0,1210
-8.38,12.25,211.88,0.2726,-0.1003,-0.0817,0.9534,-2.58,-2.20,8.09,5.69,29.12,-36.50,8.77,0,1.70,-0.0472,-0.0202,16,0.773,0.524,40.71,0.68,11.973,0,1210
phase1 acc_mag=9.616 gravity=9.973 motion=0.357 moving_avg=1.277 rms=2.040 mean_rms=1.672 max_rms=2.041 min_rms=1.073 std=0.275 var=0.076 state=standing thr=2.222/2.422/2.922
-9.44,11.19,215.88,0.3058,-0.1088,-0.0663,0.9435,-2.51,-1.62,9.14,15.25,18.50,-60.25,9.62,0,1.70,-0.0492,-0.0117,16,0.773,0.524,40.71,0.68,11.973,0,1210
-8.69,11.50,218.75,0.3311,-0.1039,-0.0686,0.9353,-1.38,-2.61,9.36,5.00,-8.81,-21.25,9.81,0,1.70,-0.0480,-0.0119,16,0.773,0.524,40.71,0.68,11.973,0,1210
-8.19,11.50,220.19,0.3439,-0.1016,-0.0693,0.9309,-1.48,-1.55,9.37,0.62,-2.06,-31.44,9.61,0,1.70,-0.0474,-0.0118,16,0.773,0.524,40.71,0.68,11.973,0,1210
-7.44,12.69,222.44,0.3591,-0.1008,-0.0789,0.9245,-2.10,-1.83,9.07,-14.94,-0.31,-35.75,9.49,0,1.70,-0.0486,-0.0147,16,0.773,0.524,40.71,0.68,11.973,0,1210
phase1 acc_mag=8.808 gravity=9.679 motion=0.870 moving_avg=0.983 rms=1.627 mean_rms=1.794 max_rms=2.041 min_rms=1.486 std=0.186 var=0.035 state=standing thr=2.166/2.366/2.866
-6.31,13.06,224.81,0.3783,-0.0948,-0.0837,0.9170,-0.88,-1.88,7.66,13.00,-17.31,-41.88,7.94,0,1.70,-0.0474,-0.0164,16,0.773,0.524,40.71,0.68,11.973,0,1210
-4.62,12.38,227.19,0.4019,-0.0814,-0.0851,0.9081,-1.46,-2.77,9.14,-30.62,-1.12,-55.31,9.66,0,1.70,-0.0432,-0.0178,16,0.773,0.524,40.71,0.68,11.973,0,1210
-2.88,16.88,230.44,0.4214,-0.0858,-0.1219,0.8945,1.51,-4.28,11.72,-54.25,-18.88,-33.44,12.57,0,1.70,-0.0512,-0.0292,16,0.773,0.524,40.71,0.68,11.973,0,1210
-4.00,16.38,232.25,0.4359,-0.0946,-0.1122,0.8879,0.86,-3.56,8.56,29.44,16.56,-39.25,9.31,0,1.70,-0.0532,-0.0234,16,0.773,0.524,40.71,0.68,11.973,0,1210
phase1 acc_mag=9.016 gravity=9.980 motion=0.964 moving_avg=1.215 rms=1.965 mean_rms=1.814 max_rms=2.041 min_rms=1.486 std=0.193 var=0.037 state=standing thr=2.200/2.400/2.900
-3.06,14.75,234.44,0.4564,-0.0811,-0.1004,0.8804,1.14,-4.78,7.64,24.56,-9.50,-34.25,9.08,0,1.70,-0.0469,-0.0206,16,0.773,0.524,40.71,0.68,11.973,0,1210
-2.69,13.69,237.31,0.4802,-0.0788,-0.0938,0.8686,0.06,-2.62,7.75,-0.75,12.69,-51.44,8.18,0,1.70,-0.0454,-0.0174,16,0.773,0.524,40.71,0.68,11.973,0,1210
-2.19,16.56,241.19,0.5037,-0.0901,-0.1141,0.8516,1.03,-4.71,10.09,-43.44,7.06,-44.62,11.18,0,1.70,-0.0537,-0.0207,16,0.773,0.524,40.71,0.68,11.973,0,1210
-2.38,17.12,243.31,0.5206,-0.0957,-0.1147,0.8406,0.70,-3.67,9.15,17.44,5.50,-18.56,9.88,0,1.70,-0.0561,-0.0186,16,0.773,0.524,40.71,0.68,11.973,0,1210
phase1 acc_mag=9.114 gravity=9.997 motion=0.883 moving_avg=1.356 rms=2.025 mean_rms=1.885 max_rms=2.041 min_rms=1.486 std=0.186 var=0.035 state=standing thr=2.258/2.458/2.958
-1.69,15.69,243.75,0.5234,-0.0851,-0.1081,0.8409,0.74,-3.59,8.65,11.25,-11.44,3.62,9.39,0,1.70,-0.0513,-0.0185,16,0.773,0.524,40.71,0.68,11.973,0,1210
-1.00,16.19,242.75,0.5145,-0.0812,-0.1186,0.8454,0.91,-3.59,8.54,-11.00,0.69,16.69,9.31,0,1.70,-0.0519,-0.0234,16,0.773,0.524,40.71,0.68,11.973,0,1210
-1.69,18.19,241.56,0.5056,-0.0939,-0.1284,0.8480,-0.42,-5.16,8.62,-21.06,31.00,7.81,10.06,0,1.70,-0.0578,-0.0245,16,0.773,0.524,40.71,0.68,11.973,0,1210
phase1 acc_mag=9.192 gravity=9.696 motion=0.504 moving_avg=0.984 rms=1.467 mean_rms=1.906 max_rms=2.041 min_rms=1.467 std=0.177 var=0.031 state=standing thr=2.259/2.459/2.959
-2.81,18.25,241.94,0.5088,-0.1035,-0.1211,0.8460,0.47,-4.32,8.10,16.38,13.44,-3.31,9.19,0,1.70,-0.0597,-0.0199,16,0.773,0.524,40.71,0.68,11.973,0,1210
-3.94,16.81,239.88,0.4914,-0.1052,-0.1080,0.8578,0.89,-3.52,8.49,-1.19,22.44,35.38,9.23,0,1.70,-0.0573,-0.0164,16,0.773,0.524,40.71,0.68,11.973,0,1210
-7.06,17.00,236.12,0.4647,-0.1245,-0.1006,0.8708,-2.45,2.67,13.40,23.69,-24.88,102.00,13.88,0,1.70,-0.0621,-0.0119,16,0.773,0.524,40.71,0.68,11.973,0,1210
-7.88,17.56,231.06,0.4251,-0.1284,-0.1070,0.8896,-2.89,-2.77,9.16,-50.94,28.00,27.56,10.00,0,1.70,-0.0639,-0.0162,16,0.773,0.524,40.71,0.68,11.973,0,1210
phase1 acc_mag=8.497 gravity=10.045 motion=1.548 moving_avg=1.197 rms=1.899 mean_rms=1.844 max_rms=2.038 min_rms=1.394 std=0.203 var=0.041 state=standing thr=2.250/2.450/2.950
-10.69,14.81,229.69,0.4150,-0.1387,-0.0724,0.8962,-1.61,-1.46,8.40,62.31,24.94,19.56,8.68,0,1.70,-0.0618,-0.0029,16,0.773,0.524,40.71,0.68,11.973,0,1210
-10.19,16.31,229.88,0.4160,-0.1411,-0.0895,0.8939,-1.59,-2.76,8.87,-28.62,-12.19,13.19,9.42,0,1.70,-0.0653,-0.0085,16,0.773,0.524,40.71,0.68,11.973,0,1210
-9.69,14.50,227.50,0.3961,-0.1266,-0.0789,0.9060,-1.76,-1.58,9.32,26.56,-14.81,32.31,9.62,0,1.70,-0.0584,-0.0085,16,0.773,0.524,40.71,0.68,11.973,0,1210
-9.06,13.50,225.25,0.3812,-0.1184,-0.0770,0.9136,-2.87,-2.19,8.45,6.62,-13.38,21.06,9.19,0,1.70,-0.0550,-0.0101,16,0.773,0.524,40.71,0.68,11.973,0,1210
phase1 acc_mag=9.195 gravity=10.008 motion=0.813 moving_avg=1.254 rms=1.916 mean_rms=1.853 max_rms=2.032 min_rms=1.394 std=0.188 var=0.035 state=standing thr=2.229/2.429/2.929
-8.62,12.94,225.38,0.3824,-0.1132,-0.0743,0.9140,-2.37,-2.58,8.77,7.19,-2.81,-19.44,9.44,0,1.70,-0.0528,-0.0098,16,0.773,0.524,40.71,0.68,11.973,0,1210
-7.81,12.81,227.44,0.4013,-0.1067,-0.0745,0.9067,-2.14,-3.00,7.70,1.69,-10.25,-30.56,8.54,0,1.70,-0.0507,-0.0099,16,0.773,0.524,40.71,0.68,11.973,0,1210
-6.31,13.00,230.56,0.4240,-0.0986,-0.0782,0.8969,-0.94,-3.25,7.80,-0.25,3.75,-42.38,8.50,0,1.70,-0.0487,-0.0113,16,0.773,0.000,0.00,0.00,11.973,0,1000
-5.75,14.50,233.56,0.4504,-0.1021,-0.0957,0.8818,-1.09,-4.34,12.18,-50.50,-16.50,-59.81,12.98,0,1.70,-0.0533,-0.0154,16,0.773,0.000,0.00,0.00,11.973,0,1000
phase1 acc_mag=14.261 gravity=9.781 motion=4.480 moving_avg=1.118 rms=1.666 mean_rms=1.827 max_rms=2.032 min_rms=1.394 std=0.197 var=0.039 state=standing thr=2.220/2.420/2.920
-3.00,20.69,236.06,0.4624,-0.1084,-0.1458,0.8679,1.95,-3.91,14.00,-109.69,-35.12,-0.38,14.67,0,1.70,-0.0646,-0.0306,16,0.773,0.000,0.00,0.00,11.973,0,1000
-3.56,22.00,235.38,0.4592,-0.1182,-0.1494,0.8677,-0.90,-1.43,7.91,45.94,44.12,-28.81,8.09,0,1.70,-0.0685,-0.0301,16,0.773,0.000,0.00,0.00,11.973,0,1000
-2.19,18.69,238.88,0.4851,-0.0972,-0.1319,0.8589,0.33,-2.67,6.69,44.50,-44.69,-39.31,7.21,0,1.70,-0.0590,-0.0265,17,0.768,0.000,0.00,0.00,12.740,0,1000
-1.62,18.12,240.56,0.5017,-0.0967,-0.1284,0.8500,0.57,-1.28,9.74,-25.25,43.12,-16.19,9.84,0,1.70,-0.0586,-0.0243,17,0.768,0.000,0.00,0.00,12.740,0,1000
phase1 acc_mag=11.334 gravity=9.835 motion=1.499 moving_avg=1.345 rms=2.027 mean_rms=1.816 max_rms=2.032 min_rms=1.394 std=0.189 var=0.036 state=standing thr=2.194/2.394/2.894
-1.81,18.19,241.75,0.5070,-0.0950,-0.1273,0.8472,2.31,-2.85,9.88,41.31,-36.56,-5.94,10.54,0,1.70,-0.0580,-0.0239,17,0.768,0.000,0.00,0.00,12.740,0,1000
-2.31,13.25,242.06,0.5122,-0.0773,-0.0886,0.8508,0.15,-1.97,7.81,44.62,43.50,-13.06,8.06,0,1.70,-0.0445,-0.0143,17,0.768,0.000,0.00,0.00,12.740,0,1000
-3.94,12.69,243.81,0.5250,-0.0881,-0.0755,0.8431,0.18,-1.76,9.84,-23.94,3.75,-24.06,10.00,0,1.70,-0.0456,-0.0070,17,0.768,0.000,0.00,0.00,12.740,0,1000
phase1 acc_mag=9.529 gravity=9.875 motion=0.346 moving_avg=1.366 rms=2.044 mean_rms=1.878 max_rms=2.046 min_rms=1.394 std=0.170 var=0.029 state=standing thr=2.218/2.418/2.918
-2.88,15.69,243.62,0.5223,-0.0937,-0.1029,0.8413,1.43,-3.39,8.79,-9.44,-18.56,17.88,9.53,0,1.70,-0.0530,-0.0151,17,0.768,0.000,0.00,0.00,12.740,0,1000
-2.62,15.69,242.31,0.5110,-0.0915,-0.1050,0.8482,0.65,-3.41,8.00,-8.88,-0.94,18.50,8.72,0,1.70,-0.0525,-0.0169,17,0.768,0.000,0.00,0.00,12.740,0,1000
-3.94,15.88,241.44,0.5072,-0.1008,-0.0976,0.8503,-0.74,-4.15,8.31,33.00,19.88,5.44,9.32,0,1.70,-0.0541,-0.0128,17,0.768,0.000,0.00,0.00,12.740,0,1000
-7.25,16.06,243.69,0.5218,-0.1282,-0.0844,0.8392,-4.06,-3.55,16.45,-40.75,137.38,-5.38,17.31,0,1.70,-0.0606,-0.0016,17,0.768,0.000,0.00,0.00,12.740,0,1000
phase1 acc_mag=11.171 gravity=9.876 motion=1.295 moving_avg=1.365 rms=2.096 mean_rms=1.893 max_rms=2.098 min_rms=1.567 std=0.164 var=0.027 state=standing thr=2.220/2.420/2.920
-7.19,14.88,244.31,0.5271,-0.1224,-0.0751,0.8376,-3.84,0.91,8.09,38.94,-35.38,28.31,9.00,0,1.70,-0.0568,0.0006,17,0.768,0.000,0.00,0.00,12.740,0,1000
-6.06,15.75,239.88,0.4863,-0.1132,-0.0940,0.8613,0.70,-1.27,9.06,-25.56,-37.25,91.31,9.18,0,1.70,-0.0573,-0.0104,17,0.768,0.000,0.00,0.00,12.740,0,1000
-6.12,13.56,233.56,0.4473,-0.1012,-0.0806,0.8850,-0.79,-2.20,8.72,42.25,10.38,26.94,9.03,0,1.70,-0.0502,-0.0104,17,0.768,0.000,0.00,0.00,12.740,0,1000
-8.19,10.12,234.88,0.4608,-0.1049,-0.0402,0.8804,-3.35,-0.23,7.92,54.25,35.56,-22.25,8.60,0,1.70,-0.0443,0.0052,18,0.778,0.876,67.57,1.13,13.519,0,1351
phase1 acc_mag=9.691 gravity=9.808 motion=0.117 moving_avg=1.477 rms=2.174 mean_rms=1.934 max_rms=2.176 min_rms=1.567 std=0.189 var=0.036 state=standing thr=2.312/2.512/3.012
-8.56,9.44,237.69,0.4796,-0.1055,-0.0352,0.8704,-2.78,-1.14,10.14,-4.81,-9.06,-27.06,10.58,0,1.70,-0.0435,0.0080,18,0.778,0.876,67.57,1.13,13.519,0,1351
-7.25,8.38,238.38,0.4848,-0.0888,-0.0318,0.8695,-1.59,-1.12,8.83,22.75,-17.75,12.88,9.04,0,1.70,-0.0371,0.0062,18,0.778,0.876,67.57,1.13,13.519,0,1351
-6.69,7.62,237.25,0.4757,-0.0828,-0.0308,0.8752,-1.08,-1.12,9.13,-5.75,-10.62,27.62,9.26,0,1.70,-0.0348,0.0050,18,0.778,0.876,67.57,1.13,13.519,0,1351
-6.00,8.56,235.75,0.4659,-0.0815,-0.0413,0.8801,-1.35,-1.60,8.66,-28.94,-15.19,13.19,8.91,0,1.70,-0.0364,0.0006,18,0.778,0.876,67.57,1.13,13.519,0,1351
phase1 acc_mag=9.541 gravity=9.585 motion=0.043 moving_avg=1.221 rms=1.833 mean_rms=2.022 max_rms=2.178 min_rms=1.590 std=0.149 var=0.022 state=standing thr=2.319/2.519/3.019
-5.50,10.88,235.44,0.4627,-0.0872,-0.0613,0.8801,-1.03,-2.91,8.32,-45.19,-2.19,-4.19,8.87,0,1.70,-0.0420,-0.0054,18,0.778,0.876,67.57,1.13,13.519,0,1351
-5.00,14.00,237.12,0.4744,-0.0972,-0.0856,0.8707,-1.20,-2.19,11.78,-46.75,-8.94,-47.19,12.04,0,1.70,-0.0501,-0.0114,18,0.778,0.876,67.57,1.13,13.519,0,1351
-0.81,18.94,238.75,0.4839,-0.0875,-0.1400,0.8594,1.95,-4.16,9.47,-38.88,-54.94,-6.06,10.53,0,1.70,-0.0572,-0.0312,18,0.778,0.876,67.57,1.13,13.519,0,1351
-1.31,17.44,239.69,0.4920,-0.0860,-0.1259,0.8571,-0.78,-0.25,6.37,40.19,39.44,-33.50,6.42,0,1.70,-0.0543,-0.0262,19,0.699,1.178,101.18,1.69,14.217,0,1471
phase1 acc_mag=8.887 gravity=9.751 motion=0.863 moving_avg=1.314 rms=1.931 mean_rms=1.989 max_rms=2.178 min_rms=1.590 std=0.169 var=0.029 state=standing thr=2.327/2.527/3.027
0.00,23.00,246.38,0.5367,-0.1090,-0.1673,0.8198,1.46,-4.39,12.75,-93.88,-31.56,-70.69,13.56,0,1.70,-0.0717,-0.0315,19,0.699,1.178,101.18,1.69,14.217,0,1471
3.44,22.31,245.19,0.5286,-0.0784,-0.1794,0.8260,1.06,-2.70,9.41,66.88,-58.69,45.12,9.85,0,1.70,-0.0639,-0.0427,19,0.699,1.178,101.18,1.69,14.217,0,1471
5.12,16.88,240.50,0.4979,-0.0347,-0.1497,0.8535,1.09,-0.95,7.53,87.00,-29.50,68.19,7.67,0,1.70,-0.0416,-0.0442,19,0.699,1.178,101.18,1.69,14.217,0,1471
phase1 acc_mag=10.150 gravity=9.864 motion=0.287 moving_avg=1.577 rms=2.143 mean_rms=1.997 max_rms=2.178 min_rms=1.590 std=0.175 var=0.031 state=standing thr=2.347/2.547/3.047
4.88,15.81,235.38,0.4599,-0.0255,-0.1420,0.8762,2.73,-1.90,9.59,-8.94,-20.44,56.12,10.15,0,1.70,-0.0350,-0.0451,19,0.699,1.178,101.18,1.69,14.217,0,1471
4.38,16.81,232.81,0.4399,-0.0303,-0.1479,0.8853,0.96,-1.62,9.24,11.25,8.00,7.56,9.43,0,1.70,-0.0368,-0.0471,19,0.699,1.178,101.18,1.69,14.217,0,1471
4.31,15.62,232.94,0.4415,-0.0256,-0.1376,0.8863,1.87,-2.08,8.85,18.00,-2.69,-0.88,9.28,0,1.70,-0.0334,-0.0443,19,0.699,1.178,101.18,1.69,14.217,0,1471
4.06,15.06,232.81,0.4410,-0.0261,-0.1332,0.8872,1.84,-1.93,9.27,1.44,5.12,6.31,9.65,0,1.70,-0.0328,-0.0427,19,0.699,1.178,101.18,1.69,14.217,0,1471
phase1 acc_mag=9.609 gravity=9.562 motion=0.048 moving_avg=1.234 rms=1.617 mean_rms=2.022 max_rms=2.178 min_rms=1.617 std=0.162 var=0.026 state=standing thr=2.346/2.546/3.046
4.56,15.06,231.88,0.4334,-0.0211,-0.1352,0.8907,1.86,-1.94,9.24,-17.19,4.00,23.62,9.62,0,1.70,-0.0309,-0.0445,19,0.699,1.178,101.18,1.69,14.217,0,1471
4.00,16.69,230.19,0.4180,-0.0317,-0.1480,0.8958,1.90,-1.85,9.08,-27.31,8.81,23.31,9.46,0,1.70,-0.0361,-0.0477,19,0.699,1.178,101.18,1.69,14.217,0,1471
2.50,17.19,228.12,0.4030,-0.0407,-0.1456,0.9026,1.99,-1.93,7.73,16.69,15.31,41.25,8.21,0,1.70,-0.0382,-0.0460,19,0.699,1.178,101.18,1.69,14.217,0,1471
phase1 acc_mag=8.974 gravity=9.534 motion=0.559 moving_avg=1.097 rms=1.527 mean_rms=1.902 max_rms=2.177 min_rms=1.502 std=0.232 var=0.054 state=standing thr=2.366/2.566/3.066
0.50,15.12,224.06,0.3660,-0.0454,-0.1200,0.9218,1.37,-0.83,8.83,40.06,8.19,77.81,8.97,0,1.70,-0.0343,-0.0376,19,0.699,1.178,101.18,1.69,14.217,0,1471
-3.31,16.19,219.88,0.3394,-0.0780,-0.1200,0.9297,-1.37,-3.67,13.59,16.81,36.50,-13.56,14.14,0,1.70,-0.0453,-0.0340,19,0.699,1.178,101.18,1.69,14.217,0,1471
-3.94,14.88,221.69,0.3528,-0.0790,-0.1086,0.9260,-2.76,-2.60,6.65,8.44,-4.88,-22.81,7.66,0,1.70,-0.0446,-0.0291,19,0.699,1.178,101.18,1.69,14.217,0,1471
-5.50,12.69,218.31,0.3262,-0.0819,-0.0882,0.9376,0.10,-2.19,7.48,16.12,30.50,70.62,7.79,0,1.70,-0.0422,-0.0224,20,0.811,0.775,57.31,0.96,15.029,0,1310
phase1 acc_mag=10.010 gravity=9.827 motion=0.183 moving_avg=1.602 rms=2.370 mean_rms=1.923 max_rms=2.372 min_rms=1.502 std=0.264 var=0.069 state=standing thr=2.450/2.650/3.150
-7.06,14.75,215.94,0.3054,-0.0988,-0.1024,0.9415,-0.78,-2.03,10.74,-42.94,13.12,33.56,10.96,0,1.70,-0.0497,-0.0265,20,0.811,0.775,57.31,0.96,15.029,0,1310
-7.75,15.94,213.31,0.2802,-0.1047,-0.1122,0.9476,-3.11,-2.06,8.36,3.50,-8.19,43.69,9.15,0,1.70,-0.0523,-0.0308,20,0.811,0.775,57.31,0.96,15.029,0,1310
-8.56,16.00,210.75,0.2623,-0.1096,-0.1130,0.9520,-1.76,-2.08,8.57,-15.19,11.50,17.00,8.99,0,1.70,-0.0536,-0.0315,20,0.811,0.775,57.31,0.96,15.029,0,1310
-9.56,16.12,210.19,0.2571,-0.1180,-0.1121,0.9526,-1.43,-1.81,9.53,-0.94,12.69,-1.62,9.81,0,1.70,-0.0565,-0.0306,20,0.811,0.775,57.31,0.96,15.029,0,1310
phase1 acc_mag=9.619 gravity=9.752 motion=0.133 moving_avg=1.345 rms=2.175 mean_rms=2.015 max_rms=2.375 min_rms=1.502 std=0.296 var=0.087 state=standing thr=2.607/2.807/3.307
-9.62,17.00,211.00,0.2641,-0.1205,-0.1190,0.9495,-1.07,-1.94,8.84,-2.25,-8.31,-8.12,9.11,0,1.70,-0.0584,-0.0325,20,0.811,0.775,57.31,0.96,15.029,0,1310
-8.56,17.00,211.38,0.2670,-0.1127,-0.1209,0.9494,-0.75,-0.88,9.18,1.00,-17.62,-12.25,9.25,0,1.70,-0.0557,-0.0339,20,0.811,0.775,57.31,0.96,15.029,0,1310
-7.06,16.31,212.00,0.2728,-0.0991,-0.1187,0.9496,-0.50,-0.46,9.45,24.69,-28.00,-17.69,9.47,0,1.70,-0.0506,-0.0343,20,0.811,0.775,57.31,0.96,15.029,0,1310
phase1 acc_mag=12.454 gravity=9.651 motion=2.803 moving_avg=1.077 rms=1.967 mean_rms=2.006 max_rms=2.375 min_rms=1.502 std=0.295 var=0.087 state=standing thr=2.596/2.796/3.296
-3.44,13.81,211.81,0.2745,-0.0604,-0.1079,0.9536,-0.87,-4.55,11.56,-2.44,-18.88,-29.38,12.45,0,1.70,-0.0349,-0.0345,20,0.811,0.775,57.31,0.96,15.029,0,1310
-1.94,15.25,216.06,0.3068,-0.0578,-0.1212,0.9423,-0.11,-4.06,8.84,48.75,-6.81,-35.12,9.73,0,1.70,-0.0367,-0.0386,20,0.811,0.775,57.31,0.96,15.029,0,1310
-1.75,12.50,218.38,0.3290,-0.0502,-0.0967,0.9380,-1.76,-1.72,7.15,26.56,6.75,-34.12,7.56,0,1.70,-0.0316,-0.0297,21,0.731,0.974,79.89,1.33,15.760,0,1390
-0.25,12.56,219.56,0.3368,-0.0397,-0.1022,0.9352,1.32,-3.39,8.30,2.88,-24.12,-15.00,9.06,0,1.70,-0.0286,-0.0329,21,0.731,0.974,79.89,1.33,15.760,0,1390
phase1 acc_mag=9.625 gravity=9.613 motion=0.012 moving_avg=1.463 rms=2.359 mean_rms=2.061 max_rms=2.375 min_rms=1.502 std=0.302 var=0.091 state=standing thr=2.665/2.865/3.365
0.12,13.38,219.62,0.3367,-0.0383,-0.1103,0.9344,1.98,-3.34,9.43,-26.19,-1.31,-3.00,10.20,0,1.70,-0.0292,-0.0361,21,0.731,0.974,79.89,1.33,15.760,0,1390
0.00,13.50,219.38,0.3352,-0.0405,-0.1104,0.9348,0.55,-2.58,8.88,4.81,7.81,-4.25,9.26,0,1.70,-0.0299,-0.0358,21,0.731,0.974,79.89,1.33,15.760,0,1390
-0.75,14.06,219.88,0.3388,-0.0486,-0.1130,0.9328,0.12,-2.00,9.03,-13.12,9.56,-7.31,9.25,0,1.70,-0.0334,-0.0356,21,0.731,0.974,79.89,1.33,15.760,0,1390
phase1 acc_mag=9.940 gravity=9.741 motion=0.199 moving_avg=1.403 rms=2.327 mean_rms=2.227 max_rms=2.375 min_rms=1.527 std=0.173 var=0.030 state=standing thr=2.572/2.772/3.272
-1.69,15.00,219.62,0.3355,-0.0603,-0.1184,0.9326,0.89,-2.61,9.55,-11.44,17.94,10.25,9.94,0,1.70,-0.0384,-0.0361,21,0.731,0.974,79.89,1.33,15.760,0,1390
-2.88,15.75,218.56,0.3257,-0.0705,-0.1208,0.9351,0.67,-1.75,9.07,-4.38,7.75,16.50,9.26,0,1.70,-0.0421,-0.0360,21,0.731,0.974,79.89,1.33,15.760,0,1390
-3.75,15.75,216.88,0.3108,-0.0756,-0.1191,0.9399,1.24,-1.67,8.73,0.44,5.38,30.06,8.97,0,1.70,-0.0432,-0.0354,21,0.731,0.974,79.89,1.33,15.760,0,1390
-4.75,14.25,213.94,0.2897,-0.0762,-0.1063,0.9482,1.16,-2.58,10.62,51.94,-4.00,37.75,10.99,0,1.70,-0.0412,-0.0315,21,0.731,0.974,79.89,1.33,15.760,0,1390
phase1 acc_mag=10.978 gravity=9.559 motion=1.420 moving_avg=0.863 rms=1.451 mean_rms=2.139 max_rms=2.375 min_rms=1.444 std=0.275 var=0.075 state=standing thr=2.689/2.889/3.389
-7.00,9.50,212.94,0.2823,-0.0824,-0.0616,0.9538,-1.10,-4.29,13.90,25.12,42.81,-26.62,14.59,0,1.70,-0.0384,-0.0142,21,0.731,0.974,79.89,1.33,15.760,0,1390
-6.88,7.50,214.12,0.2950,-0.0762,-0.0426,0.9515,-2.37,-2.23,8.53,52.94,-0.94,-16.50,9.13,0,1.70,-0.0340,-0.0072,21,0.731,0.974,79.89,1.33,15.760,0,1390
-7.81,6.31,215.81,0.3063,-0.0823,-0.0311,0.9479,-2.29,-0.37,6.94,11.12,26.62,-10.81,7.32,0,1.70,-0.0350,-0.0017,22,0.712,0.852,71.86,1.20,16.472,0,1341
-8.94,7.50,215.81,0.3065,-0.0963,-0.0432,0.9460,-1.76,-0.88,9.43,-58.81,3.31,-14.94,9.63,0,1.70,-0.0417,-0.0045,22,0.712,0.852,71.86,1.20,16.472,0,1341
phase1 acc_mag=10.001 gravity=9.597 motion=0.403 moving_avg=1.115 rms=1.749 mean_rms=2.015 max_rms=2.364 min_rms=1.444 std=0.308 var=0.095 state=standing thr=2.630/2.830/3.330
-8.50,11.69,214.00,0.2901,-0.1009,-0.0750,0.9487,-2.02,-2.31,9.37,-31.69,-6.75,27.81,9.86,0,1.70,-0.0470,-0.0167,22,0.712,0.852,71.86,1.20,16.472,0,1341
-9.62,11.62,213.62,0.2888,-0.1111,-0.0710,0.9482,-3.28,-0.27,8.57,6.62,17.06,-19.56,9.18,0,1.70,-0.0504,-0.0141,22,0.712,0.852,71.86,1.20,16.472,0,1341
-10.38,12.38,215.56,0.3027,-0.1198,-0.0737,0.9427,-1.93,-2.41,9.19,1.62,18.88,-35.50,9.69,0,1.70,-0.0541,-0.0133,22,0.712,0.852,71.86,1.20,16.472,0,1341
phase1 acc_mag=9.293 gravity=9.629 motion=0.336 moving_avg=1.045 rms=1.712 mean_rms=1.956 max_rms=2.364 min_rms=1.444 std=0.324 var=0.105 state=standing thr=2.605/2.805/3.305
-11.00,11.25,217.81,0.3245,-0.1226,-0.0581,0.9361,-1.86,-1.38,9.00,31.62,10.25,-35.50,9.29,0,1.70,-0.0535,-0.0058,22,0.712,0.852,71.86,1.20,16.472,0,1341
-10.69,10.25,221.56,0.3520,-0.1190,-0.0495,0.9271,-2.36,-0.88,8.99,1.38,-5.31,-53.25,9.34,0,1.70,-0.0511,-0.0016,22,0.712,0.852,71.86,1.20,16.472,0,1341
-9.00,10.56,224.25,0.3790,-0.1060,-0.0568,0.9175,-2.73,-1.38,10.34,0.69,-27.62,-60.75,10.78,0,1.70,-0.0475,-0.0048,22,0.712,0.852,71.86,1.20,16.472,0,1341
-6.31,13.44,227.81,0.4021,-0.0980,-0.0840,0.9064,-0.34,-3.24,10.05,-22.50,-34.50,-35.12,10.56,0,1.70,-0.0490,-0.0147,22,0.712,0.852,71.86,1.20,16.472,0,1341
phase1 acc_mag=9.474 gravity=9.793 motion=0.319 moving_avg=0.826 rms=1.323 mean_rms=1.774 max_rms=2.364 min_rms=1.170 std=0.358 var=0.128 state=standing thr=2.490/2.690/3.190
-4.81,12.81,228.56,0.4084,-0.0847,-0.0840,0.9050,-0.32,-2.83,7.83,12.62,-5.88,-11.12,8.33,0,1.70,-0.0444,-0.0166,22,0.712,0.852,71.86,1.20,16.472,0,1341
-4.19,13.44,231.06,0.4326,-0.0848,-0.0903,0.8930,-0.22,-3.63,8.58,-10.75,6.31,-54.62,9.32,0,1.70,-0.0459,-0.0176,22,0.712,0.852,71.86,1.20,16.472,0,1341
-3.81,15.00,236.31,0.4680,-0.0916,-0.0990,0.8734,-1.05,-2.27,8.71,-20.81,8.56,-70.88,9.06,0,1.70,-0.0505,-0.0174,22,0.712,0.852,71.86,1.20,16.472,0,1341
phase1 acc_mag=10.481 gravity=9.721 motion=0.760 moving_avg=0.903 rms=1.377 mean_rms=1.567 max_rms=2.326 min_rms=1.170 std=0.221 var=0.049 state=standing thr=2.009/2.209/2.709
-2.44,17.19,241.00,0.5060,-0.0947,-0.1205,0.8488,0.17,-3.32,9.94,-28.06,-10.56,-66.44,10.48,0,1.70,-0.0565,-0.0218,22,0.712,0.852,71.86,1.20,16.472,0,1341
-1.44,18.44,244.44,0.5275,-0.0960,-0.1292,0.8342,-0.20,-2.86,9.42,2.69,-2.44,-15.19,9.85,0,1.70,-0.0593,-0.0228,22,0.712,0.852,71.86,1.20,16.472,0,1341
-0.56,18.00,245.06,0.5312,-0.0887,-0.1294,0.8326,0.57,-3.16,9.60,14.56,-15.12,-12.38,10.12,0,1.70,-0.0570,-0.0242,22,0.712,0.852,71.86,1.20,16.472,0,1341
-0.44,17.19,247.44,0.5489,-0.0864,-0.1223,0.8224,-0.22,-2.57,9.06,9.56,25.50,-41.38,9.42,0,1.70,-0.0553,-0.0213,22,0.712,0.852,71.86,1.20,16.472,0,1341
phase1 acc_mag=9.732 gravity=9.750 motion=0.018 moving_avg=0.851 rms=1.349 mean_rms=1.504 max_rms=1.750 min_rms=1.170 std=0.188 var=0.035 state=standing thr=1.880/2.080/2.580
-0.25,16.56,249.88,0.5670,-0.0847,-0.1170,0.8110,0.28,-2.59,9.38,10.75,-8.75,-21.69,9.74,0,1.70,-0.0540,-0.0188,22,0.712,0.852,71.86,1.20,16.472,0,1341
0.81,15.62,249.75,0.5667,-0.0719,-0.1158,0.8126,0.69,-2.98,8.31,19.56,-13.44,5.56,8.86,0,1.70,-0.0496,-0.0214,22,0.712,0.852,71.86,1.20,16.472,0,1341
1.31,14.12,250.75,0.5779,-0.0617,-0.1069,0.8068,0.44,-2.57,8.85,1.94,9.56,-41.75,9.23,0,1.70,-0.0446,-0.0202,22,0.712,0.852,71.86,1.20,16.472,0,1341
2.62,15.75,253.50,0.5929,-0.0634,-0.1240,0.7932,0.54,-3.12,10.63,-24.06,-30.31,-15.62,11.09,0,1.70,-0.0495,-0.0243,22,0.712,0.852,71.86,1.20,16.472,0,1341
phase1 acc_mag=10.619 gravity=9.737 motion=0.882 moving_avg=0.661 rms=0.994 mean_rms=1.364 max_rms=1.750 min_rms=0.914 std=0.239 var=0.057 state=standing thr=1.842/2.042/2.542
3.94,15.69,251.44,0.5782,-0.0513,-0.1314,0.8036,0.77,-2.03,8.85,17.12,-13.12,27.25,9.11,0,1.70,-0.0469,-0.0304,22,0.712,0.852,71.86,1.20,16.472,0,1341
4.69,14.69,248.94,0.5599,-0.0361,-0.1292,0.8176,1.20,-2.44,8.36,15.12,-25.31,18.69,8.79,0,1.70,-0.0407,-0.0342,22,0.712,0.852,71.86,1.20,16.472,0,1341
5.56,15.69,246.81,0.5448,-0.0338,-0.1411,0.8259,1.53,-2.34,9.14,-23.44,-9.06,6.62,9.56,0,1.70,-0.0419,-0.0393,22,0.712,0.852,71.86,1.20,16.472,0,1341
5.38,16.75,246.62,0.5436,-0.0405,-0.1475,0.8253,1.22,-3.02,9.83,-3.50,8.94,-6.00,10.36,0,1.70,-0.0455,-0.0399,22,0.712,0.852,71.86,1.20,16.472,0,1341
phase1 acc_mag=10.119 gravity=9.724 motion=0.395 moving_avg=0.705 rms=1.014 mean_rms=1.216 max_rms=1.564 min_rms=0.914 std=0.179 var=0.032 state=standing thr=1.574/1.774/2.274
5.38,16.12,247.00,0.5459,-0.0377,-0.1431,0.8246,0.88,-3.11,9.06,18.12,-2.69,-9.81,9.62,0,1.70,-0.0437,-0.0390,22,0.712,0.852,71.86,1.20,16.472,0,1341
5.44,15.38,248.06,0.5551,-0.0353,-0.1378,0.8195,0.99,-2.71,9.23,-1.12,7.12,-15.56,9.67,0,1.70,-0.0422,-0.0373,22,0.712,0.852,71.86,1.20,16.472,0,1341
5.25,15.00,248.62,0.5587,-0.0353,-0.1339,0.8177,1.23,-2.54,9.15,11.50,6.50,-3.25,9.58,0,1.70,-0.0414,-0.0359,22,0.712,0.852,71.86,1.20,16.472,0,1341
4.56,14.00,248.38,0.5568,-0.0353,-0.1214,0.8209,1.32,-2.88,9.12,16.38,12.31,9.50,9.65,0,1.70,-0.0386,-0.0320,22,0.712,0.000,0.00,0.00,16.472,0,1000
phase1 acc_mag=9.780 gravity=9.654 motion=0.126 moving_avg=0.464 rms=0.628 mean_rms=1.122 max_rms=1.379 min_rms=0.628 std=0.215 var=0.046 state=standing thr=1.552/1.752/2.252
4.00,13.69,247.38,0.5492,-0.0369,-0.1175,0.8265,0.93,-2.81,8.92,15.38,6.00,20.44,9.40,0,1.70,-0.0380,-0.0307,22,0.712,0.000,0.00,0.00,16.472,0,1000
3.06,12.75,245.50,0.5377,-0.0373,-0.1085,0.8353,1.15,-3.37,8.72,13.12,9.94,31.06,9.42,0,1.70,-0.0358,-0.0282,22,0.712,0.000,0.00,0.00,16.472,0,1000
1.81,11.31,243.62,0.5250,-0.0385,-0.0921,0.8453,0.44,-2.33,8.07,33.56,15.88,27.62,8.41,0,1.70,-0.0323,-0.0231,22,0.712,0.000,0.00,0.00,16.472,0,1000
-0.12,9.31,241.12,0.5051,-0.0463,-0.0710,0.8589,-0.42,-2.21,13.00,-41.38,26.44,24.31,13.19,0,1.70,-0.0303,-0.0150,23,0.688,0.000,0.00,0.00,17.160,0,1000
phase1 acc_mag=14.271 gravity=9.627 motion=4.644 moving_avg=0.569 rms=0.893 mean_rms=0.971 max_rms=1.379 min_rms=0.604 std=0.243 var=0.059 state=standing thr=1.456/1.656/2.156
-2.00,13.19,242.06,0.5120,-0.0748,-0.0894,0.8511,-3.17,0.28,9.45,2.69,13.50,-11.44,9.97,0,1.70,-0.0438,-0.0151,23,0.688,0.000,0.00,0.00,17.160,0,1000
-2.31,12.44,238.12,0.4717,-0.0708,-0.0830,0.8750,0.72,-2.06,9.94,15.88,-5.56,151.62,10.18,0,1.70,-0.0404,-0.0157,23,0.688,0.000,0.00,0.00,17.160,0,1000
-4.56,10.44,227.19,0.3984,-0.0732,-0.0674,0.9118,-0.68,-1.40,9.04,-13.75,-11.69,83.88,9.17,0,1.70,-0.0375,-0.0129,23,0.688,0.000,0.00,0.00,17.160,0,1000
phase1 acc_mag=8.370 gravity=9.656 motion=1.286 moving_avg=0.694 rms=1.046 mean_rms=0.904 max_rms=1.081 min_rms=0.604 std=0.160 var=0.026 state=standing thr=1.224/1.424/1.924
-4.56,10.56,224.81,0.3788,-0.0723,-0.0679,0.9202,-1.35,-0.09,8.26,17.88,5.31,13.19,8.37,0,1.70,-0.0369,-0.0140,23,0.688,0.000,0.00,0.00,17.160,0,1000
-4.31,8.69,224.12,0.3737,-0.0618,-0.0555,0.9238,-0.92,-0.75,9.59,14.19,-20.12,12.44,9.66,0,1.70,-0.0311,-0.0113,23,0.688,0.000,0.00,0.00,17.160,0,1000
-3.81,8.12,222.88,0.3635,-0.0571,-0.0530,0.9283,-1.05,-1.32,8.50,7.25,-2.69,18.50,8.67,0,1.70,-0.0289,-0.0114,23,0.688,0.000,0.00,0.00,17.160,0,1000
-3.75,8.00,222.62,0.3635,-0.0564,-0.0535,0.9283,-1.09,-1.14,9.26,-3.62,-0.25,-7.56,9.39,0,1.70,-0.0287,-0.0117,23,0.688,0.000,0.00,0.00,17.160,0,1000
phase1 acc_mag=9.363 gravity=9.586 motion=0.223 moving_avg=0.578 rms=0.949 mean_rms=0.906 max_rms=1.046 min_rms=0.604 std=0.161 var=0.026 state=standing thr=1.228/1.428/1.928
-3.94,8.69,223.69,0.3710,-0.0603,-0.0575,0.9249,-1.71,-2.22,8.85,-9.88,5.25,-18.62,9.28,0,1.70,-0.0308,-0.0123,23,0.688,0.000,0.00,0.00,17.160,0,1000
-3.44,8.88,224.81,0.3813,-0.0559,-0.0594,0.9208,-1.72,-1.53,7.90,12.62,-14.19,-15.06,8.23,0,1.70,-0.0297,-0.0134,23,0.688,0.000,0.00,0.00,17.160,0,1000
-3.12,7.75,228.31,0.4128,-0.0524,-0.0485,0.9080,-1.80,-3.61,8.04,23.50,11.19,-45.81,9.00,0,1.70,-0.0270,-0.0090,23,0.688,0.000,0.00,0.00,17.160,0,1000
-3.00,8.44,233.19,0.4465,-0.0568,-0.0543,0.8913,1.26,-3.90,20.80,-108.06,-6.62,-43.00,21.20,0,1.70,-0.0300,-0.0092,23,0.688,0.000,0.00,0.00,17.160,0,1000
phase1 acc_mag=17.688 gravity=9.829 motion=7.858 moving_avg=0.896 rms=1.870 mean_rms=0.916 max_rms=1.870 min_rms=0.604 std=0.203 var=0.041 state=walking thr=1.322/1.522/2.022
-1.31,14.75,235.12,0.4581,-0.0681,-0.1081,0.8796,1.77,1.66,7.48,14.75,-22.25,10.69,7.86,0,1.70,-0.0438,-0.0256,23,0.688,0.000,0.00,0.00,17.160,0,1000
1.31,12.94,234.88,0.4581,-0.0414,-0.1058,0.8816,1.36,-3.23,8.93,12.12,-36.12,-6.31,9.59,0,1.70,-0.0340,-0.0297,23,0.688,0.000,0.00,0.00,17.160,0,1000
1.62,13.38,238.56,0.4960,-0.0493,-0.1075,0.8602,0.12,-0.59,8.16,-9.81,51.31,-60.12,8.18,0,1.70,-0.0383,-0.0272,24,0.804,0.762,56.87,0.95,17.965,0,1305
0.44,16.06,244.25,0.5269,-0.0712,-0.1207,0.8383,0.05,-1.92,10.16,-57.38,-5.94,-58.56,10.34,0,1.70,-0.0493,-0.0255,24,0.804,0.762,56.87,0.95,17.965,0,1305
phase1 acc_mag=10.123 gravity=9.728 motion=0.394 moving_avg=1.062 rms=1.940 mean_rms=1.140 max_rms=1.940 min_rms=0.604 std=0.438 var=0.192 state=standing thr=2.016/2.216/2.716
3.19,16.81,245.69,0.5366,-0.0557,-0.1382,0.8306,2.69,-3.37,9.37,23.19,-27.69,12.06,10.31,0,1.70,-0.0482,-0.0339,24,0.804,0.762,56.87,0.95,17.965,0,1305
2.44,15.38,245.19,0.5327,-0.0531,-0.1233,0.8356,0.94,-1.47,8.21,18.12,-0.31,20.19,8.39,0,1.70,-0.0440,-0.0299,24,0.804,0.762,56.87,0.95,17.965,0,1305
2.50,15.44,243.69,0.5228,-0.0521,-0.1257,0.8415,0.99,-3.82,8.64,-5.31,-2.38,24.44,9.50,0,1.70,-0.0438,-0.0314,24,0.804,0.762,56.87,0.95,17.965,0,1305
1.31,16.12,244.06,0.5254,-0.0643,-0.1254,0.8391,0.61,-4.01,9.09,-20.50,24.44,-17.38,9.95,0,1.70,-0.0480,-0.0286,24,0.804,0.762,56.87,0.95,17.965,0,1305
phase1 acc_mag=9.754 gravity=9.647 motion=0.107 moving_avg=0.915 rms=1.784 mean_rms=1.401 max_rms=1.958 min_rms=0.940 std=0.454 var=0.206 state=standing thr=2.309/2.509/3.009
0.06,16.94,246.12,0.5399,-0.0800,-0.1240,0.8287,1.10,-4.73,8.67,4.00,26.19,-13.31,9.94,0,1.70,-0.0533,-0.0238,24,0.804,0.762,56.87,0.95,17.965,0,1305
-0.19,15.69,245.88,0.5386,-0.0759,-0.1140,0.8313,0.26,-3.59,8.97,24.25,-23.50,15.69,9.67,0,1.70,-0.0498,-0.0216,24,0.804,0.762,56.87,0.95,17.965,0,1305
-0.88,13.62,243.69,0.5229,-0.0696,-0.0925,0.8445,-0.52,-3.27,7.01,43.12,25.75,23.25,7.75,0,1.70,-0.0428,-0.0167,24,0.804,0.762,56.87,0.95,17.965,0,1305
-3.88,15.75,245.19,0.5363,-0.1088,-0.0961,0.8315,-2.92,-1.52,15.72,-63.56,74.31,-36.69,16.06,0,1.70,-0.0568,-0.0086,24,0.804,0.762,56.87,0.95,17.965,0,1305
phase1 acc_mag=11.547 gravity=9.896 motion=1.651 moving_avg=1.108 rms=2.091 mean_rms=1.563 max_rms=2.091 min_rms=0.940 std=0.436 var=0.190 state=standing thr=2.435/2.635/3.135
-2.50,14.94,246.06,0.5406,-0.0896,-0.0969,0.8309,-2.15,-1.31,9.06,-8.12,-41.31,26.25,9.40,0,1.70,-0.0507,-0.0128,24,0.804,0.762,56.87,0.95,17.965,0,1305
-2.25,13.12,241.31,0.5066,-0.0754,-0.0883,0.8544,0.44,-0.21,9.66,41.50,-9.38,71.31,9.67,0,1.70,-0.0437,-0.0149,24,0.804,0.762,56.87,0.95,17.965,0,1305
-2.81,12.19,239.62,0.4944,-0.0746,-0.0800,0.8623,-0.53,-0.83,8.63,-5.31,20.75,0.19,8.69,0,1.70,-0.0416,-0.0128,24,0.804,0.762,56.87,0.95,17.965,0,1305
phase1 acc_mag=9.413 gravity=9.848 motion=0.435 moving_avg=1.197 rms=2.123 mean_rms=1.795 max_rms=2.123 min_rms=0.940 std=0.360 var=0.129 state=standing thr=2.515/2.715/3.215
-4.31,11.69,240.31,0.4993,-0.0848,-0.0662,0.8597,-1.66,-1.01,9.21,24.50,19.81,5.69,9.41,0,1.70,-0.0424,-0.0058,24,0.804,0.762,56.87,0.95,17.965,0,1305
-3.88,9.56,239.19,0.4894,-0.0692,-0.0549,0.8676,-1.33,-1.40,8.65,16.69,-16.19,33.31,8.86,0,1.70,-0.0348,-0.0055,24,0.804,0.762,56.87,0.95,17.965,0,1305
-3.25,8.12,236.88,0.4750,-0.0589,-0.0486,0.8767,-1.11,-0.88,9.50,14.06,-18.25,31.19,9.61,0,1.70,-0.0299,-0.0058,24,0.804,0.762,56.87,0.95,17.965,0,1305
-2.88,8.31,235.31,0.4627,-0.0573,-0.0535,0.8831,-0.74,-1.94,9.04,-16.06,2.88,9.19,9.28,0,1.70,-0.0301,-0.0083,24,0.804,0.762,56.87,0.95,17.965,0,1305
phase1 acc_mag=9.100 gravity=9.512 motion=0.412 moving_avg=0.932 rms=1.410 mean_rms=1.946 max_rms=2.136 min_rms=1.410 std=0.167 var=0.028 state=standing thr=2.280/2.480/2.980
-3.94,9.56,235.94,0.4672,-0.0699,-0.0574,0.8795,-0.77,-2.94,8.69,-16.69,30.75,-19.25,9.21,0,1.70,-0.0353,-0.0071,24,0.804,0.762,56.87,0.95,17.965,0,1305
-5.81,10.38,238.19,0.4838,-0.0887,-0.0542,0.8690,-1.76,-1.16,9.21,-0.12,5.19,-13.75,9.45,0,1.70,-0.0413,-0.0017,24,0.804,0.762,56.87,0.95,17.965,0,1305
-5.00,13.88,238.19,0.4815,-0.0994,-0.0917,0.8660,-0.39,-3.39,12.60,-95.00,-22.94,-1.62,13.05,0,1.70,-0.0521,-0.0126,24,0.804,0.762,56.87,0.95,17.965,0,1305
-4.56,16.94,236.88,0.4708,-0.1055,-0.1102,0.8690,0.42,-1.73,10.83,-15.00,-14.25,37.00,10.98,0,1.70,-0.0574,-0.0184,24,0.804,0.762,56.87,0.95,17.965,0,1305
phase1 acc_mag=9.133 gravity=9.826 motion=0.693 moving_avg=1.027 rms=1.557 mean_rms=1.859 max_rms=2.136 min_rms=1.377 std=0.258 var=0.066 state=standing thr=2.375/2.575/3.075
-3.62,15.06,233.31,0.4446,-0.0879,-0.1028,0.8854,0.52,-1.81,8.22,60.44,-24.62,39.69,8.43,0,1.70,-0.0494,-0.0208,24,0.804,0.762,56.87,0.95,17.965,0,1305
-3.25,12.50,231.44,0.4301,-0.0720,-0.0850,0.8959,0.55,-1.10,9.61,14.38,-14.38,18.44,9.69,0,1.70,-0.0404,-0.0181,24,0.804,0.762,56.87,0.95,17.965,0,1305
-2.50,12.94,230.75,0.4254,-0.0693,-0.0941,0.8975,0.04,-0.79,9.12,-21.62,-2.25,5.62,9.15,0,1.70,-0.0409,-0.0220,24,0.804,0.762,56.87,0.95,17.965,0,1305
phase1 acc_mag=8.809 gravity=9.779 motion=0.971 moving_avg=1.038 rms=1.562 mean_rms=1.784 max_rms=2.136 min_rms=1.377 std=0.280 var=0.078 state=standing thr=2.344/2.544/3.044
-2.06,12.88,230.75,0.4260,-0.0649,-0.0936,0.8975,0.00,-1.50,8.68,19.19,-0.75,-1.38,8.81,0,1.70,-0.0393,-0.0225,24,0.804,0.762,56.87,0.95,17.965,0,1305
-2.69,12.12,231.25,0.4293,-0.0676,-0.0867,0.8964,0.82,-1.41,10.19,-14.94,0.25,3.44,10.32,0,1.70,-0.0391,-0.0195,24,0.804,0.762,56.87,0.95,17.965,0,1305
-1.50,14.44,230.00,0.4196,-0.0657,-0.1085,0.8988,0.92,-1.41,9.96,-19.56,-28.75,24.44,10.10,0,1.70,-0.0418,-0.0280,24,0.804,0.762,56.87,0.95,17.965,0,1305
-0.38,14.25,227.94,0.4002,-0.0516,-0.1115,0.9081,0.88,-1.13,9.10,20.19,-24.69,38.94,9.21,0,1.70,-0.0366,-0.0322,24,0.804,0.762,56.87,0.95,17.965,0,1305
phase1 acc_mag=8.408 gravity=9.578 motion=1.170 moving_avg=0.832 rms=1.102 mean_rms=1.719 max_rms=2.136 min_rms=1.102 std=0.304 var=0.093 state=standing thr=2.328/2.528/3.028
0.56,13.25,225.94,0.3881,-0.0403,-0.1087,0.9143,0.96,-1.04,9.78,0.12,-13.75,10.50,9.88,0,1.70,-0.0316,-0.0335,24,0.804,0.000,0.00,0.00,17.965,0,1000
0.62,13.69,226.38,0.3928,-0.0424,-0.1123,0.9117,1.22,-1.55,9.12,-9.00,8.44,-20.69,9.33,0,1.70,-0.0331,-0.0343,24,0.804,0.000,0.00,0.00,17.965,0,1000
0.50,14.12,228.75,0.4096,-0.0467,-0.1139,0.9039,0.93,-1.58,9.44,-5.31,20.62,-38.81,9.62,0,1.70,-0.0355,-0.0335,24,0.804,0.000,0.00,0.00,17.965,0,1000
0.00,14.06,231.44,0.4338,-0.0539,-0.1097,0.8927,0.96,-1.11,9.12,3.50,14.94,-28.00,9.24,0,1.70,-0.0383,-0.0298,24,0.804,0.000,0.00,0.00,17.965,0,1000
phase1 acc_mag=9.350 gravity=9.657 motion=0.307 moving_avg=0.709 rms=1.023 mean_rms=1.513 max_rms=2.136 min_rms=1.023 std=0.323 var=0.105 state=standing thr=2.160/2.360/2.860
-0.25,13.00,232.88,0.4428,-0.0529,-0.1002,0.8894,0.89,-0.49,9.35,15.62,16.12,-3.88,9.41,0,1.70,-0.0366,-0.0263,24,0.804,0.000,0.00,0.00,17.965,0,1000
-1.69,10.56,232.75,0.4430,-0.0542,-0.0706,0.8921,2.00,-1.35,9.37,57.00,26.38,0.81,9.68,0,1.70,-0.0319,-0.0156,24,0.804,0.000,0.00,0.00,17.965,0,1000
-3.62,7.06,233.75,0.4514,-0.0565,-0.0403,0.8896,-0.19,-0.64,10.02,13.88,30.31,-21.50,10.04,0,1.70,-0.0274,-0.0041,24,0.804,0.000,0.00,0.00,17.965,0,1000
phase1 acc_mag=12.371 gravity=9.952 motion=2.420 moving_avg=0.801 rms=1.281 mean_rms=1.322 max_rms=1.571 min_rms=0.967 std=0.237 var=0.056 state=standing thr=1.796/1.996/2.496
-4.69,8.75,236.62,0.4770,-0.0738,-0.0466,0.8746,-3.05,-1.29,11.92,5.19,23.75,-56.44,12.37,0,1.70,-0.0347,-0.0022,24,0.804,0.000,0.00,0.00,17.965,0,1000
-5.94,6.81,240.19,0.5000,-0.0751,-0.0255,0.8624,-1.56,-1.05,8.42,15.94,15.69,4.88,8.63,0,1.70,-0.0310,0.0062,24,0.804,0.000,0.00,0.00,17.965,0,1000
-6.75,6.94,238.50,0.4870,-0.0813,-0.0238,0.8693,-0.73,-0.98,8.24,-11.94,7.69,35.44,8.33,0,1.70,-0.0329,0.0076,24,0.804,0.000,0.00,0.00,17.965,0,1000
-7.12,8.94,236.44,0.4700,-0.0941,-0.0421,0.8766,-1.90,-1.15,9.14,-45.56,4.56,7.25,9.41,0,1.70,-0.0409,0.0029,25,0.751,0.000,0.00,0.00,18.716,0,1000
phase1 acc_mag=8.632 gravity=9.564 motion=0.932 moving_avg=0.703 rms=1.084 mean_rms=1.269 max_rms=1.571 min_rms=0.967 std=0.230 var=0.053 state=standing thr=1.730/1.930/2.430
-8.00,10.69,237.75,0.4798,-0.1065,-0.0474,0.8696,-2.70,-1.04,9.59,-5.12,23.44,-38.81,10.02,0,1.70,-0.0461,0.0040,25,0.751,0.000,0.00,0.00,18.716,0,1000
-8.00,11.62,239.75,0.4954,-0.1110,-0.0536,0.8599,-1.66,-1.48,9.25,-11.56,-7.62,-12.62,9.51,0,1.70,-0.0488,0.0036,25,0.751,0.000,0.00,0.00,18.716,0,1000
-6.88,12.12,239.81,0.4951,-0.1049,-0.0612,0.8603,-1.41,-0.73,8.83,-7.19,-12.94,-3.31,8.97,0,1.70,-0.0482,-0.0003,25,0.751,0.000,0.00,0.00,18.716,0,1000
phase1 acc_mag=9.424 gravity=9.632 motion=0.207 moving_avg=0.636 rms=1.042 mean_rms=1.164 max_rms=1.568 min_rms=0.967 std=0.184 var=0.034 state=standing thr=1.531/1.731/2.231
-6.50,12.44,241.62,0.5125,-0.1038,-0.0641,0.8500,-1.53,-0.60,9.28,-0.44,-6.44,-56.25,9.42,0,1.70,-0.0484,-0.0005,25,0.751,0.000,0.00,0.00,18.716,0,1000
-4.62,12.50,246.38,0.5437,-0.0936,-0.0688,0.8312,-1.87,-0.52,9.07,18.19,-12.12,-28.12,9.28,0,1.70,-0.0461,-0.0025,25,0.751,0.000,0.00,0.00,18.716,0,1000
-2.88,11.00,247.00,0.5493,-0.0743,-0.0663,0.8297,-1.68,-0.06,9.60,27.56,-41.19,0.94,9.75,0,1.70,-0.0392,-0.0057,25,0.751,0.000,0.00,0.00,18.716,0,1000
-0.31,9.81,244.25,0.5300,-0.0484,-0.0712,0.8436,1.13,-2.45,14.83,-38.19,-34.25,22.12,15.07,0,1.70,-0.0314,-0.0138,25,0.751,0.000,0.00,0.00,18.716,0,1000
phase1 acc_mag=11.814 gravity=9.842 motion=1.972 moving_avg=0.814 rms=1.407 mean_rms=1.097 max_rms=1.407 min_rms=0.967 std=0.103 var=0.011 state=slow thr=1.302/1.502/2.002
2.19,12.50,243.25,0.5217,-0.0399,-0.1037,0.8458,1.90,-3.41,9.57,-7.31,-26.31,-1.31,10.34,0,1.70,-0.0351,-0.0268,25,0.751,0.000,0.00,0.00,18.716,0,1000
1.75,10.31,244.31,0.5304,-0.0349,-0.0847,0.8428,-0.98,-1.84,7.21,26.31,-4.31,-23.19,7.51,0,1.70,-0.0297,-0.0212,26,0.739,1.032,83.80,1.40,19.455,0,1413
2.38,9.75,245.25,0.5378,-0.0278,-0.0839,0.8384,0.86,-1.52,9.14,-7.00,-7.31,-10.75,9.31,0,1.70,-0.0274,-0.0222,26,0.739,1.032,83.80,1.40,19.455,0,1413
3.38,11.69,244.00,0.5270,-0.0286,-0.1021,0.8432,1.50,-2.20,9.75,-39.06,-36.75,39.50,10.11,0,1.70,-0.0312,-0.0284,26,0.739,1.032,83.80,1.40,19.455,0,1413
phase1 acc_mag=9.225 gravity=9.710 motion=0.485 moving_avg=1.004 rms=1.567 mean_rms=1.186 max_rms=1.568 min_rms=0.967 std=0.198 var=0.039 state=standing thr=1.581/1.781/2.281
4.94,12.12,238.75,0.4877,-0.0140,-0.1132,0.8655,1.48,-2.25,8.10,21.25,-24.00,62.06,8.54,0,1.70,-0.0269,-0.0365,26,0.739,1.032,83.80,1.40,19.455,0,1413
5.25,12.62,236.50,0.4697,-0.0130,-0.1212,0.8744,1.37,-2.40,9.15,-34.69,3.56,6.69,9.56,0,1.70,-0.0273,-0.0399,26,0.739,1.032,83.80,1.40,19.455,0,1413
4.94,15.44,237.56,0.4767,-0.0262,-0.1385,0.8677,1.10,-2.65,10.06,-31.38,9.75,-26.81,10.46,0,1.70,-0.0355,-0.0431,26,0.739,1.032,83.80,1.40,19.455,0,1413
4.56,15.75,238.50,0.4843,-0.0317,-0.1381,0.8633,0.89,-2.62,9.35,11.38,10.81,-6.12,9.75,0,1.70,-0.0377,-0.0416,26,0.739,1.032,83.80,1.40,19.455,0,1413
phase1 acc_mag=9.318 gravity=9.497 motion=0.178 moving_avg=0.901 rms=1.357 mean_rms=1.285 max_rms=1.595 min_rms=1.033 std=0.224 var=0.050 state=standing thr=1.733/1.933/2.433
3.56,15.25,238.38,0.4835,-0.0370,-0.1313,0.8647,0.79,-1.45,9.27,-1.44,15.69,1.31,9.42,0,1.70,-0.0382,-0.0383,26,0.739,1.032,83.80,1.40,19.455,0,1413
2.75,15.62,237.50,0.4749,-0.0444,-0.1313,0.8691,1.44,-1.81,9.73,-4.31,1.75,26.38,10.00,0,1.70,-0.0404,-0.0372,26,0.739,1.032,83.80,1.40,19.455,0,1413
2.12,15.25,234.38,0.4529,-0.0436,-0.1270,0.8814,1.98,-0.97,8.82,13.00,1.94,44.19,9.09,0,1.70,-0.0384,-0.0369,26,0.739,1.032,83.80,1.40,19.455,0,1413
phase1 acc_mag=9.234 gravity=9.590 motion=0.355 moving_avg=0.774 rms=1.276 mean_rms=1.308 max_rms=1.595 min_rms=1.033 std=0.214 var=0.046 state=standing thr=1.737/1.937/2.437
0.44,12.75,230.12,0.4212,-0.0435,-0.1027,0.9001,-0.21,-0.88,9.19,66.56,13.88,75.25,9.23,0,1.70,-0.0329,-0.0296,26,0.739,1.032,83.80,1.40,19.455,0,1413
-1.81,11.00,226.56,0.3931,-0.0562,-0.0839,0.9139,0.36,-5.09,14.03,-39.31,24.44,7.81,14.93,0,1.70,-0.0337,-0.0219,26,0.739,1.032,83.80,1.40,19.455,0,1413
-3.94,9.81,227.75,0.4033,-0.0663,-0.0645,0.9104,-3.24,-2.50,5.87,49.25,44.94,-38.31,7.16,0,1.70,-0.0346,-0.0128,26,0.739,1.032,83.80,1.40,19.455,0,1413
-4.94,5.62,229.38,0.4172,-0.0599,-0.0269,0.9064,-0.68,0.08,8.10,10.94,12.62,2.88,8.13,0,1.70,-0.0262,0.0003,27,0.829,0.899,65.08,1.08,20.284,0,1360
phase1 acc_mag=10.208 gravity=9.817 motion=0.391 moving_avg=1.407 rms=2.379 mean_rms=1.514 max_rms=2.379 min_rms=1.033 std=0.373 var=0.139 state=slow thr=2.260/2.460/2.960
-4.75,9.06,228.62,0.4100,-0.0728,-0.0624,0.9070,0.04,-4.75,10.60,-89.31,-13.81,-5.88,11.62,0,1.70,-0.0366,-0.0107,27,0.829,0.899,65.08,1.08,20.284,0,1360
-5.25,12.62,229.25,0.4142,-0.0880,-0.0805,0.9023,-3.09,-1.68,9.30,-9.69,28.94,-15.31,9.94,0,1.70,-0.0451,-0.0145,27,0.829,0.899,65.08,1.08,20.284,0,1360
-5.62,13.62,231.69,0.4363,-0.0979,-0.0866,0.8903,-1.04,-2.34,8.67,-22.81,12.62,-52.75,9.04,0,1.70,-0.0500,-0.0138,27,0.829,0.899,65.08,1.08,20.284,0,1360
-6.44,14.56,235.31,0.4600,-0.1089,-0.0855,0.8771,-1.81,-2.64,9.37,5.88,34.75,-52.25,9.90,0,1.70,-0.0539,-0.0100,27,0.829,0.899,65.08,1.08,20.284,0,1360
phase1 acc_mag=10.010 gravity=9.620 motion=0.390 moving_avg=1.247 rms=2.198 mean_rms=1.763 max_rms=2.402 min_rms=1.269 std=0.430 var=0.185 state=standing thr=2.624/2.824/3.324
-6.00,14.88,239.62,0.4925,-0.1101,-0.0856,0.8591,-1.25,-2.04,9.70,3.19,-9.25,-48.69,9.99,0,1.70,-0.0547,-0.0077,27,0.829,0.899,65.08,1.08,20.284,0,1360
-5.38,14.00,242.50,0.5187,-0.1041,-0.0773,0.8450,-1.84,-2.45,8.36,21.38,21.38,-53.19,8.90,0,1.70,-0.0512,-0.0045,27,0.829,0.899,65.08,1.08,20.284,0,1360
-5.56,13.19,246.38,0.5461,-0.1033,-0.0699,0.8284,-2.10,-2.90,9.52,0.06,-0.50,-39.06,10.17,0,1.70,-0.0495,-0.0006,27,0.829,0.899,65.08,1.08,20.284,0,1360
phase1 acc_mag=10.210 gravity=9.844 motion=0.366 moving_avg=1.100 rms=2.096 mean_rms=1.885 max_rms=2.402 min_rms=1.269 std=0.431 var=0.186 state=standing thr=2.747/2.947/3.447
-5.12,13.12,248.88,0.5613,-0.1017,-0.0685,0.8184,-1.85,-2.67,9.68,14.88,5.44,-31.00,10.21,0,1.70,-0.0487,0.0004,27,0.829,0.899,65.08,1.08,20.284,0,1360
-4.25,11.44,248.38,0.5569,-0.0841,-0.0601,0.8241,0.34,-2.19,8.36,31.81,-20.75,27.12,8.65,0,1.70,-0.0411,-0.0011,27,0.829,0.899,65.08,1.08,20.284,0,1360
-3.50,10.38,246.12,0.5433,-0.0756,-0.0590,0.8340,-0.22,-1.59,9.45,-10.75,-8.38,12.81,9.59,0,1.70,-0.0380,-0.0032,27,0.829,0.899,65.08,1.08,20.284,0,1360
-3.00,11.69,246.00,0.5420,-0.0776,-0.0709,0.8338,-0.94,-2.18,9.53,-12.75,-2.88,-14.06,9.82,0,1.70,-0.0413,-0.0068,27,0.829,0.899,65.08,1.08,20.284,0,1360
phase1 acc_mag=10.212 gravity=9.804 motion=0.408 moving_avg=1.069 rms=2.091 mean_rms=1.992 max_rms=2.402 min_rms=1.269 std=0.396 var=0.156 state=standing thr=2.783/2.983/3.483
-2.62,11.81,246.69,0.5466,-0.0761,-0.0731,0.8307,-0.75,-1.85,9.87,7.69,-5.38,-5.38,10.07,0,1.70,-0.0413,-0.0077,27,0.829,0.899,65.08,1.08,20.284,0,1360
-2.06,11.44,245.94,0.5404,-0.0693,-0.0751,0.8352,0.02,-2.01,9.34,-8.44,-12.94,17.88,9.55,0,1.70,-0.0394,-0.0101,27,0.829,0.899,65.08,1.08,20.284,0,1360
-1.31,12.12,244.38,0.5299,-0.0663,-0.0835,0.8413,0.18,-1.88,9.51,-7.06,-14.75,21.12,9.70,0,1.70,-0.0400,-0.0140,27,0.829,0.899,65.08,1.08,20.284,0,1360
-0.69,12.31,242.88,0.5173,-0.0613,-0.0890,0.8489,0.02,-1.79,9.50,-7.06,-8.31,11.12,9.67,0,1.70,-0.0392,-0.0175,27,0.829,0.899,65.08,1.08,20.284,0,1360
phase1 acc_mag=9.593 gravity=9.879 motion=0.286 moving_avg=1.048 rms=2.084 mean_rms=2.151 max_rms=2.402 min_rms=1.276 std=0.192 var=0.037 state=standing thr=2.535/2.735/3.235
-0.38,12.88,242.31,0.5145,-0.0610,-0.0952,0.8500,0.03,-2.19,9.37,-6.69,-5.75,-3.00,9.62,0,1.70,-0.0403,-0.0198,27,0.829,0.899,65.08,1.08,20.284,0,1360
0.06,13.25,242.88,0.5184,-0.0599,-0.0990,0.8473,0.37,-2.02,9.51,-1.50,1.00,-11.62,9.73,0,1.70,-0.0408,-0.0211,27,0.829,0.899,65.08,1.08,20.284,0,1360
0.19,13.31,243.88,0.5259,-0.0596,-0.0995,0.8426,0.30,-2.20,9.55,-0.81,2.19,-19.06,9.80,0,1.70,-0.0410,-0.0210,27,0.829,0.899,65.08,1.08,20.284,0,1360
phase1 acc_mag=9.680 gravity=9.677 motion=0.004 moving_avg=0.363 rms=0.489 mean_rms=1.934 max_rms=2.402 min_rms=0.489 std=0.511 var=0.261 state=standing thr=2.955/3.155/3.655
0.12,13.06,245.88,0.5402,-0.0609,-0.0964,0.8338,-0.27,-1.94,9.48,2.06,12.50,-27.62,9.68,0,1.70,-0.0411,-0.0190,27,0.829,0.899,65.08,1.08,20.284,0,1360
-0.50,12.75,248.44,0.5592,-0.0663,-0.0894,0.8215,-0.79,-2.11,9.55,4.00,12.44,-27.50,9.81,0,1.70,-0.0418,-0.0146,27,0.829,0.899,65.08,1.08,20.284,0,1360
-1.06,12.19,250.19,0.5734,-0.0701,-0.0808,0.8123,-0.47,-1.93,9.18,-0.94,16.06,-23.94,9.39,0,1.70,-0.0413,-0.0102,27,0.829,0.899,65.08,1.08,20.284,0,1360
-1.62,12.50,251.75,0.5829,-0.0757,-0.0798,0.8051,-0.73,-2.04,9.29,-4.38,9.44,-22.56,9.54,0,1.70,-0.0430,-0.0081,27,0.829,0.899,65.08,1.08,20.284,0,1360
phase1 acc_mag=9.792 gravity=9.659 motion=0.133 moving_avg=0.299 rms=0.415 mean_rms=1.568 max_rms=2.199 min_rms=0.415 std=0.721 var=0.520 state=standing thr=3.010/3.210/3.710
-1.75,12.56,253.62,0.5957,-0.0784,-0.0783,0.7955,-0.73,-2.27,9.27,2.50,8.31,-22.00,9.57,0,1.70,-0.0436,-0.0062,27,0.829,0.899,65.08,1.08,20.284,0,1360
-2.00,12.62,255.12,0.6069,-0.0820,-0.0764,0.7869,-0.98,-2.09,9.70,-3.44,7.38,-17.56,9.97,0,1.70,-0.0443,-0.0041,27,0.829,0.899,65.08,1.08,20.284,0,1360
-2.56,12.31,255.56,0.6090,-0.0837,-0.0711,0.7855,-0.92,-2.10,9.35,7.69,4.38,3.50,9.63,0,1.70,-0.0436,-0.0019,27,0.829,0.899,65.08,1.08,20.284,0,1360
phase1 acc_mag=9.620 gravity=9.623 motion=0.002 moving_avg=0.210 rms=0.323 mean_rms=1.198 max_rms=2.097 min_rms=0.323 std=0.792 var=0.628 state=standing thr=2.782/2.982/3.482
-3.12,12.12,254.88,0.6033,-0.0871,-0.0670,0.7899,-0.96,-1.86,9.39,-4.19,5.12,15.88,9.62,0,1.70,-0.0437,-0.0002,27,0.829,0.899,65.08,1.08,20.284,0,1360
-4.12,12.44,253.12,0.5919,-0.0941,-0.0652,0.7978,-0.92,-1.93,9.49,-0.75,0.69,15.69,9.73,0,1.70,-0.0455,0.0015,27,0.829,0.000,0.00,0.00,20.284,0,1000
-4.25,12.12,252.12,0.5852,-0.0927,-0.0632,0.8031,-0.60,-2.25,9.37,5.19,0.12,18.62,9.66,0,1.70,-0.0446,0.0014,27,0.829,0.000,0.00,0.00,20.284,0,1000
-4.44,11.81,251.00,0.5765,-0.0920,-0.0610,0.8096,-0.76,-1.86,9.38,-1.38,-0.88,12.12,9.59,0,1.70,-0.0438,0.0015,27,0.829,0.000,0.00,0.00,20.284,0,1000
phase1 acc_mag=9.672 gravity=9.649 motion=0.022 moving_avg=0.135 rms=0.174 mean_rms=0.824 max_rms=2.093 min_rms=0.174 std=0.721 var=0.519 state=standing thr=2.265/2.465/2.965
-4.44,12.19,250.31,0.5721,-0.0935,-0.0643,0.8123,-0.79,-1.98,9.37,-6.44,-3.00,9.31,9.61,0,1.70,-0.0451,0.0005,27,0.829,0.000,0.00,0.00,20.284,0,1000
-4.50,12.62,249.94,0.5696,-0.0964,-0.0680,0.8134,-0.82,-2.13,9.25,-9.69,2.62,-2.19,9.53,0,1.70,-0.0468,-0.0002,27,0.829,0.000,0.00,0.00,20.284,0,1000
-4.44,13.31,250.44,0.5727,-0.0989,-0.0717,0.8106,-0.66,-2.18,9.37,-8.50,0.25,-11.00,9.64,0,1.70,-0.0485,-0.0006,27,0.829,0.000,0.00,0.00,20.284,0,1000
-4.50,13.69,251.00,0.5764,-0.1014,-0.0740,0.8074,-0.91,-2.25,9.32,-3.00,3.06,-5.75,9.63,0,1.70,-0.0498,-0.0005,27,0.829,0.000,0.00,0.00,20.284,0,1000
phase1 acc_mag=9.644 gravity=9.651 motion=0.007 moving_avg=0.098 rms=0.132 mean_rms=0.436 max_rms=2.067 min_rms=0.132 std=0.372 var=0.139 state=standing thr=1.181/1.381/1.881
-4.50,13.81,250.94,0.5759,-0.1021,-0.0749,0.8076,-0.80,-2.26,9.31,-2.12,-2.31,4.31,9.61,0,1.70,-0.0502,-0.0007,27,0.829,0.000,0.00,0.00,20.284,0,1000
-4.44,14.31,250.69,0.5733,-0.1044,-0.0790,0.8088,-0.85,-2.36,9.37,-3.69,-0.25,4.19,9.70,0,1.70,-0.0519,-0.0016,27,0.829,0.000,0.00,0.00,20.284,0,1000
-4.44,14.69,250.69,0.5735,-0.1060,-0.0814,0.8082,-0.94,-2.56,9.39,-4.31,-0.94,-3.38,9.78,0,1.70,-0.0530,-0.0020,27,0.829,0.000,0.00,0.00,20.284,0,1000
-4.31,14.81,251.00,0.5759,-0.1063,-0.0830,0.8063,-0.79,-2.44,9.34,-2.25,0.19,-5.62,9.69,0,1.70,-0.0534,-0.0023,27,0.829,0.000,0.00,0.00,20.284,0,1000
phase1 acc_mag=9.780 gravity=9.651 motion=0.130 moving_avg=0.079 rms=0.106 mean_rms=0.251 max_rms=0.451 min_rms=0.105 std=0.123 var=0.015 state=standing thr=0.497/0.697/1.197
-4.25,15.00,251.25,0.5773,-0.1066,-0.0839,0.8052,-0.86,-2.51,9.32,-2.00,-1.19,-1.00,9.69,0,1.70,-0.0537,-0.0024,27,0.829,0.000,0.00,0.00,20.284,0,1000
-4.12,15.25,251.00,0.5748,-0.1071,-0.0876,0.8065,-0.73,-2.46,9.33,-9.62,-3.69,6.12,9.68,0,1.70,-0.0547,-0.0036,27,0.829,0.000,0.00,0.00,20.284,0,1000
-4.19,15.56,250.06,0.5684,-0.1080,-0.0898,0.8107,-0.84,-2.53,9.35,0.69,-2.50,15.62,9.72,0,1.70,-0.0555,-0.0046,27,0.829,0.000,0.00,0.00,20.284,0,1000
phase1 acc_mag=9.755 gravity=9.663 motion=0.092 moving_avg=0.069 rms=0.091 mean_rms=0.182 max_rms=0.389 min_rms=0.089 std=0.094 var=0.009 state=standing thr=0.369/0.569/1.069
-4.25,15.50,249.25,0.5624,-0.1071,-0.0889,0.8151,-0.84,-2.58,9.37,3.44,-2.12,10.56,9.75,0,1.70,-0.0549,-0.0049,27,0.829,0.000,0.00,0.00,20.284,0,1000
-4.38,14.81,248.94,0.5613,-0.1047,-0.0837,0.8167,-0.80,-2.32,9.23,4.88,1.06,-1.62,9.55,0,1.70,-0.0530,-0.0038,27,0.829,0.000,0.00,0.00,20.284,0,1000
-4.44,14.94,249.44,0.5646,-0.1061,-0.0844,0.8141,-0.79,-2.47,9.25,-9.94,3.50,-11.69,9.61,0,1.70,-0.0536,-0.0035,27,0.829,0.000,0.00,0.00,20.284,0,1000
-4.44,15.38,249.88,0.5675,-0.1089,-0.0869,0.8115,-0.78,-2.50,9.41,-1.44,1.19,-1.50,9.77,0,1.70,-0.0551,-0.0035,27,0.829,0.000,0.00,0.00,20.284,0,1000
phase1 acc_mag=9.702 gravity=9.655 motion=0.047 moving_avg=0.070 rms=0.086 mean_rms=0.129 max_rms=0.321 min_rms=0.081 std=0.048 var=0.002 state=standing thr=0.226/0.426/0.926
-4.44,15.56,249.88,0.5673,-0.1100,-0.0882,0.8114,-0.74,-2.42,9.26,-6.00,0.19,0.69,9.60,0,1.70,-0.0557,-0.0037,27,0.829,0.000,0.00,0.00,20.284,0,1000
-4.56,15.75,249.75,0.5657,-0.1111,-0.0890,0.8122,-0.91,-2.54,9.32,1.06,0.81,3.31,9.70,0,1.70,-0.0562,-0.0038,27,0.829,0.000,0.00,0.00,20.284,0,1000
-4.56,15.56,249.56,0.5651,-0.1106,-0.0880,0.8129,-0.72,-2.62,9.27,1.06,-0.31,-1.19,9.66,0,1.70,-0.0559,-0.0036,27,0.829,0.000,0.00,0.00,20.284,0,1000
-4.56,15.62,249.56,0.5644,-0.1110,-0.0892,0.8131,-1.06,-2.26,9.09,-4.56,-0.88,4.19,9.43,0,1.70,-0.0563,-0.0040,27,0.829,0.000,0.00,0.00,20.284,0,1000
phase1 acc_mag=9.785 gravity=9.661 motion=0.123 moving_avg=0.071 rms=0.088 mean_rms=0.105 max_rms=0.165 min_rms=0.081 std=0.025 var=0.001 state=standing thr=0.154/0.354/0.854
-4.69,15.81,248.88,0.5599,-0.1121,-0.0897,0.8160,-0.86,-2.55,9.35,-0.62,-1.62,10.94,9.73,0,1.70,-0.0567,-0.0042,27,0.829,0.000,0.00,0.00,20.284,0,1000
-4.81,15.75,248.38,0.5558,-0.1122,-0.0893,0.8188,-0.89,-2.48,9.26,0.44,-0.25,7.19,9.63,0,1.70,-0.0566,-0.0043,27,0.829,0.000,0.00,0.00,20.284,0,1000
-4.94,15.56,248.00,0.5536,-0.1118,-0.0878,0.8206,-0.86,-2.43,9.30,2.19,-0.06,3.88,9.65,0,1.70,-0.0561,-0.0041,27,0.829,0.000,0.00,0.00,20.284,0,1000
phase1 acc_mag=9.590 gravity=9.671 motion=0.081 moving_avg=0.068 rms=0.084 mean_rms=0.092 max_rms=0.129 min_rms=0.081 std=0.012 var=0.000 state=standing thr=0.115/0.350/0.850
-5.00,15.56,247.62,0.5506,-0.1125,-0.0879,0.8224,-0.79,-2.48,9.23,-4.81,-0.06,4.50,9.59,0,1.70,-0.0564,-0.0041,27,0.829,0.000,0.00,0.00,20.284,0,1000
-5.19,16.06,247.12,0.5469,-0.1152,-0.0909,0.8242,-0.99,-2.73,9.25,-2.44,-0.06,8.00,9.70,0,1.70,-0.0579,-0.0048,27,0.829,0.000,0.00,0.00,20.284,0,1000
-5.25,16.12,246.56,0.5432,-0.1159,-0.0916,0.8265,-0.93,-2.76,9.35,-2.56,-1.31,9.19,9.79,0,1.70,-0.0582,-0.0051,27,0.829,0.000,0.00,0.00,20.284,0,1000
-5.38,16.06,245.94,0.5378,-0.1155,-0.0907,0.8302,-0.91,-2.60,9.27,2.88,-0.94,9.19,9.67,0,1.70,-0.0579,-0.0053,27,0.829,0.000,0.00,0.00,20.284,0,1000
phase1 acc_mag=9.566 gravity=9.667 motion=0.101 moving_avg=0.063 rms=0.078 mean_rms=0.086 max_rms=0.105 min_rms=0.077 std=0.006 var=0.000 state=standing thr=0.098/0.350/0.850
-5.38,15.88,245.38,0.5346,-0.1149,-0.0903,0.8323,-0.84,-2.61,9.18,-1.38,-1.62,5.81,9.58,0,1.70,-0.0576,-0.0055,27,0.829,0.000,0.00,0.00,20.284,0,1000
-5.50,15.94,245.06,0.5316,-0.1154,-0.0906,0.8342,-0.92,-2.60,9.34,-1.06,-0.56,4.62,9.74,0,1.70,-0.0578,-0.0057,27,0.829,0.000,0.00,0.00,20.284,0,1000
-5.56,16.06,244.69,0.5294,-0.1160,-0.0915,0.8354,-0.95,-2.80,9.24,-0.12,-0.81,4.50,9.70,0,1.70,-0.0581,-0.0060,27,0.829,0.000,0.00,0.00,20.284,0,1000
-5.50,16.06,244.62,0.5289,-0.1161,-0.0919,0.8356,-0.97,-2.57,9.38,-2.75,0.06,-0.81,9.77,0,1.70,-0.0583,-0.0062,27,0.829,0.000,0.00,0.00,20.284,0,1000
phase1 acc_mag=9.671 gravity=9.667 motion=0.004 moving_avg=0.059 rms=0.074 mean_rms=0.082 max_rms=0.091 min_rms=0.073 std=0.005 var=0.000 state=standing thr=0.092/0.350/0.850
-5.56,16.19,244.69,0.5292,-0.1168,-0.0925,0.8353,-0.83,-2.57,9.25,-1.56,0.62,-2.56,9.64,0,1.70,-0.0586,-0.0062,27,0.829,0.000,0.00,0.00,20.284,0,1000
-5.50,16.25,244.81,0.5302,-0.1168,-0.0927,0.8347,-0.84,-2.68,9.33,-0.06,0.06,-0.44,9.74,0,1.70,-0.0587,-0.0062,27,0.829,0.000,0.00,0.00,20.284,0,1000
-5.50,16.31,244.88,0.5304,-0.1171,-0.0937,0.8344,-0.85,-2.48,9.31,-1.69,-1.25,0.12,9.67,0,1.70,-0.0589,-0.0064,27,0.829,0.000,0.00,0.00,20.284,0,1000
-5.44,16.31,244.75,0.5298,-0.1165,-0.0938,0.8348,-0.79,-2.65,9.27,-0.56,-0.38,-0.88,9.67,0,1.70,-0.0588,-0.0066,27,0.829,0.000,0.00,0.00,20.284,0,1000
phase1 acc_mag=9.692 gravity=9.681 motion=0.011 moving_avg=0.054 rms=0.067 mean_rms=0.079 max_rms=0.088 min_rms=0.067 std=0.006 var=0.000 state=standing thr=0.092/0.350/0.850
-5.38,16.38,245.06,0.5318,-0.1168,-0.0944,0.8334,-0.77,-2.63,9.24,-1.31,1.38,-6.88,9.64,0,1.70,-0.0590,-0.0066,27,0.829,0.000,0.00,0.00,20.284,0,1000
-5.38,16.38,245.75,0.5377,-0.1171,-0.0935,0.8297,-0.86,-2.61,9.27,3.69,2.88,-11.50,9.67,0,1.70,-0.0590,-0.0058,27,0.829,0.000,0.00,0.00,20.284,0,1000
-5.25,16.38,246.88,0.5452,-0.1176,-0.0930,0.8248,-0.99,-2.80,9.37,1.31,2.75,-15.12,9.83,0,1.70,-0.0591,-0.0050,27,0.829,0.000,0.00,0.00,20.284,0,1000
phase1 acc_mag=9.645 gravity=9.682 motion=0.037 moving_avg=0.053 rms=0.067 mean_rms=0.075 max_rms=0.086 min_rms=0.065 std=0.007 var=0.000 state=standing thr=0.089/0.350/0.850
-5.19,16.12,247.62,0.5511,-0.1162,-0.0903,0.8214,-0.91,-2.54,9.26,4.25,2.00,-10.00,9.65,0,1.70,-0.0581,-0.0041,27,0.829,0.000,0.00,0.00,20.284,0,1000
-5.06,16.12,248.38,0.5566,-0.1160,-0.0911,0.8176,-0.97,-2.72,9.32,-3.06,0.00,-9.38,9.76,0,1.70,-0.0582,-0.0040,27,0.829,0.000,0.00,0.00,20.284,0,1000
-4.88,16.50,249.06,0.5616,-0.1171,-0.0942,0.8137,-0.89,-2.65,9.26,-6.50,0.19,-11.69,9.67,0,1.70,-0.0593,-0.0044,27,0.829,0.000,0.00,0.00,20.284,0,1000
-4.75,17.00,249.69,0.5652,-0.1190,-0.0971,0.8105,-0.95,-2.91,9.42,-3.06,1.62,-5.50,9.90,0,1.70,-0.0605,-0.0046,27,0.829,0.000,0.00,0.00,20.284,0,1000
phase1 acc_mag=9.675 gravity=9.692 motion=0.017 moving_avg=0.064 rms=0.083 mean_rms=0.073 max_rms=0.083 min_rms=0.065 std=0.005 var=0.000 state=standing thr=0.084/0.350/0.850
-4.81,17.00,249.94,0.5666,-0.1196,-0.0965,0.8095,-0.83,-2.69,9.30,1.31,2.88,-2.94,9.72,0,1.70,-0.0606,-0.0041,27,0.829,0.000,0.00,0.00,20.284,0,1000
-4.94,16.75,250.44,0.5703,-0.1196,-0.0936,0.8073,-0.77,-2.63,9.22,5.56,4.19,-10.94,9.62,0,1.70,-0.0600,-0.0029,27,0.829,0.000,0.00,0.00,20.284,0,1000
-4.81,16.56,251.69,0.5791,-0.1191,-0.0919,0.8013,-0.90,-2.63,9.23,2.69,3.50,-19.25,9.64,0,1.70,-0.0594,-0.0019,27,0.829,0.000,0.00,0.00,20.284,0,1000
-4.69,16.50,252.88,0.5884,-0.1189,-0.0906,0.7946,-1.04,-2.63,9.18,-1.25,1.06,-13.00,9.61,0,1.70,-0.0591,-0.0008,27,0.829,0.000,0.00,0.00,20.284,0,1000
phase1 acc_mag=9.668 gravity=9.687 motion=0.019 moving_avg=0.063 rms=0.082 mean_rms=0.074 max_rms=0.084 min_rms=0.065 std=0.006 var=0.000 state=standing thr=0.087/0.350/0.850
-4.69,16.62,253.44,0.5912,-0.1199,-0.0906,0.7924,-0.99,-2.61,9.27,1.69,0.62,-0.62,9.68,0,1.70,-0.0594,-0.0004,27,0.829,0.000,0.00,0.00,20.284,0,1000
-4.81,16.50,253.31,0.5903,-0.1196,-0.0894,0.7933,-0.99,-2.74,9.25,0.88,0.44,4.06,9.70,0,1.70,-0.0590,-0.0001,27,0.829,0.000,0.00,0.00,20.284,0,1000
-4.88,16.44,253.00,0.5886,-0.1199,-0.0890,0.7946,-0.91,-2.66,9.25,-1.25,-0.06,2.88,9.67,0,1.70,-0.0591,-0.0000,27,0.829,0.000,0.00,0.00,20.284,0,1000
-4.94,16.50,252.94,0.5875,-0.1206,-0.0897,0.7951,-0.90,-2.62,9.25,-1.06,-0.56,1.88,9.66,0,1.70,-0.0594,-0.0002,27,0.829,0.000,0.00,0.00,20.284,0,1000
phase1 acc_mag=9.586 gravity=9.685 motion=0.099 moving_avg=0.066 rms=0.086 mean_rms=0.076 max_rms=0.086 min_rms=0.065 std=0.008 var=0.000 state=standing thr=0.091/0.350/0.850
-4.94,16.62,252.69,0.5862,-0.1210,-0.0903,0.7960,-0.86,-2.69,9.24,-2.81,-1.19,2.62,9.66,0,1.70,-0.0597,-0.0004,27,0.829,0.000,0.00,0.00,20.284,0,1000
-4.94,16.75,252.56,0.5851,-0.1216,-0.0912,0.7966,-0.85,-2.65,9.22,-1.00,0.12,0.31,9.63,0,1.70,-0.0601,-0.0006,27,0.829,0.000,0.00,0.00,20.284,0,1000
-4.94,16.75,252.62,0.5857,-0.1216,-0.0914,0.7961,-0.85,-2.73,9.22,-0.81,0.25,-2.94,9.65,0,1.70,-0.0601,-0.0006,27,0.829,0.000,0.00,0.00,20.284,0,1000
-4.88,16.75,252.81,0.5867,-0.1214,-0.0912,0.7955,-0.91,-2.71,9.27,1.62,0.62,-0.38,9.70,0,1.70,-0.0600,-0.0005,27,0.829,0.000,0.00,0.00,20.284,0,1000
phase1 acc_mag=9.664 gravity=9.682 motion=0.018 moving_avg=0.059 rms=0.080 mean_rms=0.078 max_rms=0.086 min_rms=0.065 std=0.007 var=0.000 state=standing thr=0.093/0.350/0.850
-5.06,16.50,252.62,0.5858,-0.1211,-0.0891,0.7964,-0.96,-2.66,9.27,3.88,1.38,5.00,9.69,0,1.70,-0.0595,-0.0000,27,0.829,0.000,0.00,0.00,20.284,0,1000
-5.31,16.25,252.38,0.5839,-0.1215,-0.0852,0.7982,-1.06,-2.51,9.22,7.62,3.81,5.25,9.61,0,1.70,-0.0587,0.0012,27,0.829,0.000,0.00,0.00,20.284,0,1000
-5.62,16.00,252.31,0.5837,-0.1220,-0.0826,0.7985,-1.20,-2.63,9.21,-0.31,1.75,0.38,9.65,0,1.70,-0.0583,0.0021,27,0.829,0.000,0.00,0.00,20.284,0,1000
phase1 acc_mag=9.642 gravity=9.677 motion=0.035 moving_avg=0.058 rms=0.078 mean_rms=0.080 max_rms=0.086 min_rms=0.068 std=0.005 var=0.000 state=standing thr=0.090/0.350/0.850
-5.75,15.94,252.31,0.5838,-0.1231,-0.0816,0.7983,-1.18,-2.60,9.21,-2.00,2.00,-2.31,9.64,0,1.70,-0.0584,0.0027,27,0.829,0.000,0.00,0.00,20.284,0,1000
-6.00,15.56,252.19,0.5828,-0.1223,-0.0776,0.7996,-1.00,-2.74,9.34,2.62,1.50,5.69,9.78,0,1.70,-0.0572,0.0037,27,0.829,0.000,0.00,0.00,20.284,0,1000
-6.12,15.62,251.62,0.5792,-0.1234,-0.0779,0.8020,-0.97,-2.57,9.23,-4.19,-0.31,8.69,9.63,0,1.70,-0.0576,0.0036,27,0.829,0.000,0.00,0.00,20.284,0,1000
-6.19,16.00,251.12,0.5746,-0.1258,-0.0817,0.8046,-0.97,-2.88,9.26,-9.62,-1.81,7.00,9.75,0,1.70,-0.0593,0.0026,27,0.829,0.000,0.00,0.00,20.284,0,1000
phase1 acc_mag=9.667 gravity=9.672 motion=0.005 moving_avg=0.047 rms=0.061 mean_rms=0.080 max_rms=0.086 min_rms=0.061 std=0.006 var=0.000 state=standing thr=0.092/0.350/0.850
-6.12,16.44,250.69,0.5718,-0.1268,-0.0846,0.8061,-1.00,-2.72,9.26,-4.56,-1.69,3.50,9.70,0,1.70,-0.0602,0.0017,27,0.829,0.000,0.00,0.00,20.284,0,1000
-6.19,16.19,250.44,0.5704,-0.1255,-0.0829,0.8075,-0.99,-2.66,9.26,5.69,-0.25,0.81,9.69,0,1.70,-0.0595,0.0019,27,0.829,0.000,0.00,0.00,20.284,0,1000
-6.19,15.88,250.38,0.5701,-0.1239,-0.0806,0.8082,-1.07,-2.61,9.22,3.06,-0.69,2.25,9.64,0,1.70,-0.0584,0.0022,27,0.829,0.000,0.00,0.00,20.284,0,1000
-6.25,15.69,250.06,0.5674,-0.1234,-0.0799,0.8102,-1.15,-2.54,9.22,0.69,-1.31,8.25,9.63,0,1.70,-0.0581,0.0021,27,0.829,0.000,0.00,0.00,20.284,0,1000
phase1 acc_mag=9.666 gravity=9.674 motion=0.008 moving_avg=0.042 rms=0.055 mean_rms=0.075 max_rms=0.086 min_rms=0.055 std=0.010 var=0.000 state=standing thr=0.095/0.350/0.850
-6.31,15.69,249.50,0.5640,-0.1235,-0.0803,0.8126,-1.09,-2.55,9.22,-2.25,-1.25,7.00,9.63,0,1.70,-0.0582,0.0018,27,0.829,0.000,0.00,0.00,20.284,0,1000
-6.25,15.94,249.31,0.5626,-0.1243,-0.0823,0.8132,-1.02,-2.76,9.25,-1.69,-0.62,-1.38,9.71,0,1.70,-0.0590,0.0012,27,0.829,0.000,0.00,0.00,20.284,0,1000
-6.19,16.00,249.56,0.5645,-0.1243,-0.0825,0.8118,-1.13,-2.56,9.22,1.88,1.31,-4.25,9.64,0,1.70,-0.0590,0.0013,27,0.829,0.000,0.00,0.00,20.284,0,1000
-6.19,15.88,249.88,0.5672,-0.1241,-0.0818,0.8101,-0.93,-2.68,9.27,-1.06,1.12,-7.56,9.69,0,1.70,-0.0588,0.0017,27,0.829,0.000,0.00,0.00,20.284,0,1000
phase1 acc_mag=9.700 gravity=9.678 motion=0.022 moving_avg=0.040 rms=0.052 mean_rms=0.068 max_rms=0.084 min_rms=0.052 std=0.012 var=0.000 state=standing thr=0.092/0.350/0.850
-6.12,15.94,250.50,0.5707,-0.1244,-0.0817,0.8076,-1.03,-2.56,9.24,1.62,1.75,-6.88,9.64,0,1.70,-0.0588,0.0020,27,0.829,0.000,0.00,0.00,20.284,0,1000
-6.06,16.06,250.94,0.5744,-0.1248,-0.0824,0.8048,-1.02,-2.70,9.22,-0.50,1.25,-6.50,9.66,0,1.70,-0.0591,0.0022,27,0.829,0.000,0.00,0.00,20.284,0,1000
-6.00,16.19,251.44,0.5775,-0.1252,-0.0832,0.8024,-1.11,-2.74,9.35,-1.19,0.69,-6.31,9.81,0,1.70,-0.0594,0.0022,27,0.829,0.000,0.00,0.00,20.284,0,1000
phase1 acc_mag=9.647 gravity=9.680 motion=0.033 moving_avg=0.046 rms=0.058 mean_rms=0.063 max_rms=0.080 min_rms=0.052 std=0.010 var=0.000 state=standing thr=0.084/0.350/0.850
-5.94,16.19,251.81,0.5801,-0.1249,-0.0826,0.8006,-1.02,-2.65,9.22,2.00,0.62,-3.88,9.65,0,1.70,-0.0592,0.0025,27,0.829,0.000,0.00,0.00,20.284,0,1000
-5.94,16.12,251.88,0.5804,-0.1245,-0.0826,0.8005,-0.99,-2.60,9.29,-0.06,-1.31,0.19,9.70,0,1.70,-0.0590,0.0025,27,0.829,0.000,0.00,0.00,20.284,0,1000
-5.81,16.25,251.88,0.5804,-0.1243,-0.0840,0.8004,-0.94,-2.61,9.26,-2.62,-1.81,-0.94,9.67,0,1.70,-0.0593,0.0020,27,0.829,0.000,0.00,0.00,20.284,0,1000
-5.69,16.25,251.88,0.5806,-0.1237,-0.0850,0.8003,-1.00,-2.64,9.23,-1.00,-1.88,-1.75,9.65,0,1.70,-0.0593,0.0015,27,0.829,0.000,0.00,0.00,20.284,0,1000
phase1 acc_mag=9.749 gravity=9.683 motion=0.066 moving_avg=0.043 rms=0.055 mean_rms=0.059 max_rms=0.077 min_rms=0.052 std=0.007 var=0.000 state=standing thr=0.080/0.350/0.850
-5.50,16.38,251.94,0.5810,-0.1230,-0.0864,0.7999,-0.99,-2.75,9.26,-0.69,-2.00,-0.69,9.71,0,1.70,-0.0594,0.0009,27,0.829,0.000,0.00,0.00,20.284,0,1000
-5.38,16.44,251.94,0.5807,-0.1224,-0.0878,0.8000,-0.88,-2.70,9.29,-1.75,-2.31,0.31,9.71,0,1.70,-0.0596,0.0004,27,0.829,0.000,0.00,0.00,20.284,0,1000
-5.25,16.56,251.88,0.5804,-0.1220,-0.0894,0.8001,-0.88,-2.73,9.25,-2.19,-2.00,-0.44,9.68,0,1.70,-0.0598,-0.0003,27,0.829,0.000,0.00,0.00,20.284,0,1000
-5.12,16.62,251.88,0.5803,-0.1216,-0.0905,0.8002,-0.84,-2.69,9.25,-0.62,-0.88,-1.69,9.67,0,1.70,-0.0599,-0.0007,27,0.829,0.000,0.00,0.00,20.284,0,1000
phase1 acc_mag=9.740 gravity=9.686 motion=0.054 moving_avg=0.041 rms=0.053 mean_rms=0.056 max_rms=0.060 min_rms=0.052 std=0.003 var=0.000 state=standing thr=0.080/0.350/0.850
-5.06,16.62,252.06,0.5820,-0.1210,-0.0901,0.7991,-0.85,-2.80,9.25,2.88,-0.19,-4.56,9.70,0,1.70,-0.0597,-0.0007,27,0.829,0.000,0.00,0.00,20.284,0,1000
-5.00,16.38,252.50,0.5851,-0.1197,-0.0885,0.7972,-0.92,-2.73,9.26,2.25,1.06,-6.81,9.70,0,1.70,-0.0589,-0.0002,27,0.829,0.000,0.00,0.00,20.284,0,1000
-4.94,16.31,252.81,0.5875,-0.1194,-0.0883,0.7955,-0.86,-2.73,9.24,-2.25,0.00,-2.06,9.67,0,1.70,-0.0587,-0.0000,27,0.829,0.000,0.00,0.00,20.284,0,1000
-4.88,16.56,252.94,0.5878,-0.1204,-0.0898,0.7949,-0.84,-2.61,9.27,-2.06,-0.25,-0.44,9.67,0,1.70,-0.0594,-0.0003,27,0.829,0.000,0.00,0.00,20.284,0,1000
phase1 acc_mag=9.716 gravity=9.686 motion=0.031 moving_avg=0.042 rms=0.053 mean_rms=0.055 max_rms=0.060 min_rms=0.052 std=0.003 var=0.000 state=standing thr=0.080/0.350/0.850
-4.88,16.75,252.94,0.5880,-0.1216,-0.0918,0.7944,-0.70,-2.83,9.17,-4.75,-0.88,-3.00,9.62,0,1.70,-0.0602,-0.0006,27,0.829,0.000,0.00,0.00,20.284,0,1000
-4.75,17.12,253.12,0.5889,-0.1224,-0.0944,0.7933,-0.74,-2.90,9.32,-1.38,-0.88,-0.69,9.79,0,1.70,-0.0611,-0.0011,27,0.829,0.000,0.00,0.00,20.284,0,1000
-4.69,17.06,253.12,0.5886,-0.1212,-0.0940,0.7937,-0.79,-2.83,9.27,3.12,-2.44,2.69,9.72,0,1.70,-0.0606,-0.0013,27,0.829,0.000,0.00,0.00,20.284,0,1000
-4.62,16.69,252.94,0.5876,-0.1192,-0.0925,0.7950,-0.80,-2.65,9.24,6.38,0.06,1.12,9.65,0,1.70,-0.0596,-0.0014,27,0.829,0.000,0.00,0.00,20.284,0,1000
phase1 acc_mag=9.671 gravity=9.693 motion=0.022 moving_avg=0.044 rms=0.059 mean_rms=0.056 max_rms=0.061 min_rms=0.052 std=0.003 var=0.000 state=standing thr=0.080/0.350/0.850
-4.62,16.44,253.06,0.5891,-0.1183,-0.0903,0.7943,-0.90,-2.78,9.18,4.12,1.56,-3.75,9.63,0,1.70,-0.0589,-0.0008,27,0.829,0.000,0.00,0.00,20.284,0,1000
-4.75,16.25,253.50,0.5925,-0.1182,-0.0876,0.7921,-1.11,-2.52,9.37,4.88,3.69,-6.19,9.77,0,1.70,-0.0582,0.0003,27,0.829,0.000,0.00,0.00,20.284,0,1000
-4.94,16.12,253.62,0.5928,-0.1194,-0.0860,0.7917,-1.01,-2.74,9.39,-6.19,0.75,2.56,9.83,0,1.70,-0.0582,0.0011,27,0.829,0.000,0.00,0.00,20.284,0,1000
-5.06,16.25,253.44,0.5913,-0.1202,-0.0865,0.7927,-0.84,-2.60,9.27,-0.62,0.12,2.06,9.66,0,1.70,-0.0586,0.0010,27,0.829,0.000,0.00,0.00,20.284,0,1000
phase1 acc_mag=9.632 gravity=9.691 motion=0.059 moving_avg=0.050 rms=0.069 mean_rms=0.057 max_rms=0.070 min_rms=0.052 std=0.005 var=0.000 state=standing thr=0.080/0.350/0.850
-5.00,16.31,253.50,0.5920,-0.1203,-0.0867,0.7922,-0.60,-2.78,9.25,-0.81,1.06,-3.94,9.68,0,1.70,-0.0586,0.0010,27,0.829,0.000,0.00,0.00,20.284,0,1000
-4.94,16.38,254.06,0.5967,-0.1207,-0.0870,0.7885,-0.85,-2.56,9.28,-0.69,1.50,-11.56,9.66,0,1.70,-0.0588,0.0014,27,0.829,0.000,0.00,0.00,20.284,0,1000
-4.81,16.69,254.88,0.6011,-0.1220,-0.0892,0.7847,-1.13,-2.73,9.40,-3.44,-0.06,-10.38,9.85,0,1.70,-0.0597,0.0013,27,0.829,0.000,0.00,0.00,20.284,0,1000
-4.88,16.25,255.19,0.6036,-0.1204,-0.0853,0.7835,-1.00,-2.60,9.24,7.44,0.12,2.12,9.65,0,1.70,-0.0583,0.0023,27,0.829,0.000,0.00,0.00,20.284,0,1000
phase1 acc_mag=9.582 gravity=9.699 motion=0.117 moving_avg=0.057 rms=0.080 mean_rms=0.060 max_rms=0.080 min_rms=0.052 std=0.008 var=0.000 state=standing thr=0.080/0.350/0.850
-4.94,15.94,254.94,0.6019,-0.1194,-0.0832,0.7852,-0.97,-2.62,9.23,0.12,-0.25,4.94,9.64,0,1.70,-0.0575,0.0026,27,0.829,0.000,0.00,0.00,20.284,0,1000
-5.00,16.25,254.50,0.5984,-0.1207,-0.0859,0.7874,-0.92,-2.74,9.32,-6.38,-3.56,8.62,9.76,0,1.70,-0.0586,0.0018,27,0.829,0.000,0.00,0.00,20.284,0,1000
-5.00,16.25,253.62,0.5928,-0.1202,-0.0867,0.7916,-0.87,-2.56,9.25,2.62,-2.00,11.50,9.64,0,1.70,-0.0586,0.0010,27,0.829,0.000,0.00,0.00,20.284,0,1000
phase1 acc_mag=9.655 gravity=9.699 motion=0.043 moving_avg=0.065 rms=0.085 mean_rms=0.067 max_rms=0.085 min_rms=0.053 std=0.011 var=0.000 state=standing thr=0.089/0.350/0.850
-5.00,16.12,253.00,0.5881,-0.1188,-0.0863,0.7953,-0.83,-2.71,9.23,0.31,-2.44,8.00,9.66,0,1.70,-0.0581,0.0005,27,0.829,0.000,0.00,0.00,20.284,0,1000
-4.94,16.19,252.06,0.5812,-0.1181,-0.0883,0.8003,-0.79,-2.76,9.38,-3.94,-4.94,13.69,9.81,0,1.70,-0.0583,-0.0008,27,0.829,0.000,0.00,0.00,20.284,0,1000
-4.94,16.38,250.94,0.5740,-0.1185,-0.0906,0.8052,-0.82,-2.70,9.28,-5.31,-3.38,12.38,9.70,0,1.70,-0.0590,-0.0020,27,0.829,0.000,0.00,0.00,20.284,0,1000
-4.94,16.44,250.38,0.5695,-0.1180,-0.0917,0.8083,-0.69,-2.63,9.14,1.44,-0.69,4.88,9.54,0,1.70,-0.0590,-0.0028,27,0.829,0.000,0.00,0.00,20.284,0,1000
phase1 acc_mag=9.539 gravity=9.699 motion=0.160 moving_avg=0.075 rms=0.094 mean_rms=0.074 max_rms=0.094 min_rms=0.055 std=0.012 var=0.000 state=standing thr=0.097/0.350/0.850
-5.00,16.25,250.12,0.5685,-0.1176,-0.0900,0.8093,-0.72,-2.65,9.23,3.56,1.00,1.56,9.63,0,1.70,-0.0585,-0.0024,27,0.829,0.000,0.00,0.00,20.284,0,1000
-5.00,16.38,250.19,0.5685,-0.1179,-0.0908,0.8091,-0.76,-2.95,9.40,-1.44,-0.38,-0.19,9.88,0,1.70,-0.0588,-0.0026,27,0.829,0.000,0.00,0.00,20.284,0,1000
-4.88,16.44,250.19,0.5684,-0.1177,-0.0920,0.8091,-0.70,-2.67,9.31,-1.62,-1.25,1.25,9.71,0,1.70,-0.0590,-0.0030,27,0.829,0.000,0.00,0.00,20.284,0,1000
-4.88,16.38,250.00,0.5673,-0.1173,-0.0917,0.8100,-0.73,-2.58,9.18,1.12,-0.25,2.38,9.56,0,1.70,-0.0588,-0.0031,27,0.829,0.000,0.00,0.00,20.284,0,1000
phase1 acc_mag=9.553 gravity=9.696 motion=0.143 moving_avg=0.077 rms=0.095 mean_rms=0.080 max_rms=0.095 min_rms=0.058 std=0.011 var=0.000 state=standing thr=0.102/0.350/0.850
-4.94,16.31,250.06,0.5681,-0.1173,-0.0907,0.8095,-0.85,-2.65,9.16,1.00,2.44,-4.50,9.57,0,1.70,-0.0586,-0.0027,27,0.829,0.000,0.00,0.00,20.284,0,1000
-5.00,16.38,250.44,0.5707,-0.1185,-0.0906,0.8074,-0.93,-2.80,9.21,-2.00,2.12,-5.00,9.67,0,1.70,-0.0590,-0.0022,27,0.829,0.000,0.00,0.00,20.284,0,1000
-5.00,16.50,250.94,0.5738,-0.1191,-0.0909,0.8052,-0.92,-2.76,9.33,0.88,1.56,-5.19,9.77,0,1.70,-0.0592,-0.0019,27,0.829,0.000,0.00,0.00,20.284,0,1000
phase1 acc_mag=9.747 gravity=9.693 motion=0.054 moving_avg=0.074 rms=0.089 mean_rms=0.086 max_rms=0.098 min_rms=0.068 std=0.008 var=0.000 state=standing thr=0.102/0.350/0.850
-5.00,16.50,251.12,0.5753,-0.1197,-0.0908,0.8041,-0.90,-2.81,9.29,-2.75,0.62,-2.19,9.75,0,1.70,-0.0594,-0.0017,27,0.829,0.000,0.00,0.00,20.284,0,1000
-5.06,16.81,251.12,0.5746,-0.1215,-0.0930,0.8040,-0.95,-2.74,9.32,-4.88,-0.31,2.69,9.76,0,1.70,-0.0604,-0.0020,27,0.829,0.000,0.00,0.00,20.284,0,1000
-5.12,16.94,250.81,0.5723,-0.1221,-0.0935,0.8055,-0.99,-2.68,9.18,0.75,-0.38,5.50,9.61,0,1.70,-0.0608,-0.0022,27,0.829,0.000,0.00,0.00,20.284,0,1000
-5.19,16.94,250.44,0.5699,-0.1224,-0.0939,0.8071,-0.92,-2.77,9.32,-2.50,-0.94,4.81,9.77,0,1.70,-0.0609,-0.0024,27,0.829,0.000,0.00,0.00,20.284,0,1000
phase1 acc_mag=9.643 gravity=9.690 motion=0.047 moving_avg=0.064 rms=0.077 mean_rms=0.088 max_rms=0.098 min_rms=0.077 std=0.005 var=0.000 state=standing thr=0.099/0.350/0.850
-5.25,17.00,250.06,0.5671,-0.1229,-0.0942,0.8090,-0.95,-2.79,9.28,-1.88,-0.75,6.00,9.74,0,1.70,-0.0611,-0.0026,27,0.829,0.000,0.00,0.00,20.284,0,1000
-5.25,17.12,249.56,0.5638,-0.1233,-0.0957,0.8110,-0.93,-2.80,9.25,-3.94,-2.44,6.06,9.71,0,1.70,-0.0616,-0.0032,27,0.829,0.000,0.00,0.00,20.284,0,1000
-5.25,17.31,249.06,0.5591,-0.1233,-0.0975,0.8140,-0.92,-2.81,9.24,-0.38,-2.81,10.62,9.70,0,1.70,-0.0620,-0.0042,27,0.829,0.000,0.00,0.00,20.284,0,1000
-5.25,17.25,248.25,0.5541,-0.1227,-0.0975,0.8176,-0.91,-2.76,9.10,1.19,-2.06,8.50,9.55,0,1.70,-0.0618,-0.0047,27,0.829,0.000,0.00,0.00,20.284,0,1000
phase1 acc_mag=9.601 gravity=9.689 motion=0.089 moving_avg=0.063 rms=0.077 mean_rms=0.087 max_rms=0.098 min_rms=0.075 std=0.007 var=0.000 state=standing thr=0.100/0.350/0.850
-5.31,17.19,247.81,0.5505,-0.1220,-0.0974,0.8201,-0.85,-2.79,9.18,1.25,-1.12,8.25,9.63,0,1.70,-0.0615,-0.0051,27,0.829,0.000,0.00,0.00,20.284,0,1000
-5.38,17.06,247.19,0.5466,-0.1215,-0.0972,0.8228,-0.84,-2.86,9.19,0.75,-1.88,7.31,9.66,0,1.70,-0.0613,-0.0054,27,0.829,0.000,0.00,0.00,20.284,0,1000
-5.38,16.94,246.62,0.5430,-0.1206,-0.0970,0.8253,-0.79,-2.83,9.25,1.31,-2.50,8.50,9.71,0,1.70,-0.0609,-0.0058,27,0.829,0.000,0.00,0.00,20.284,0,1000
-5.38,16.94,246.00,0.5377,-0.1201,-0.0975,0.8288,-0.80,-2.81,9.23,-2.44,-2.25,9.06,9.68,0,1.70,-0.0608,-0.0065,27,0.829,0.000,0.00,0.00,20.284,0,1000
phase1 acc_mag=9.743 gravity=9.690 motion=0.052 moving_avg=0.054 rms=0.067 mean_rms=0.083 max_rms=0.098 min_rms=0.067 std=0.009 var=0.000 state=standing thr=0.101/0.350/0.850
-5.44,16.81,245.25,0.5330,-0.1194,-0.0970,0.8320,-0.94,-2.65,9.24,3.12,-1.56,10.12,9.66,0,1.70,-0.0604,-0.0068,27,0.829,0.000,0.00,0.00,20.284,0,1000
-5.50,16.75,244.69,0.5283,-0.1191,-0.0966,0.8351,-0.73,-2.84,9.24,2.19,-0.81,6.69,9.69,0,1.70,-0.0602,-0.0071,27,0.829,0.000,0.00,0.00,20.284,0,1000
-5.50,16.75,244.56,0.5278,-0.1189,-0.0969,0.8354,-0.90,-2.85,9.30,-3.38,-0.38,-3.44,9.77,0,1.70,-0.0602,-0.0073,27,0.829,0.000,0.00,0.00,20.284,0,1000
phase1 acc_mag=9.650 gravity=9.678 motion=0.029 moving_avg=0.045 rms=0.057 mean_rms=0.077 max_rms=0.097 min_rms=0.057 std=0.010 var=0.000 state=standing thr=0.097/0.350/0.850
-5.44,16.75,244.62,0.5286,-0.1187,-0.0970,0.8349,-0.83,-2.69,9.23,-1.00,-0.06,0.38,9.65,0,1.70,-0.0601,-0.0073,27,0.829,0.000,0.00,0.00,20.284,0,1000
-5.50,16.69,244.50,0.5274,-0.1185,-0.0969,0.8357,-0.76,-2.82,9.14,-2.56,-0.50,-0.62,9.60,0,1.70,-0.0601,-0.0074,27,0.829,0.000,0.00,0.00,20.284,0,1000
-5.38,16.94,244.69,0.5289,-0.1191,-0.0988,0.8345,-0.82,-2.81,9.33,-1.56,-0.06,-5.38,9.78,0,1.70,-0.0607,-0.0078,27,0.829,0.000,0.00,0.00,20.284,0,1000
-5.25,17.06,245.06,0.5319,-0.1186,-0.0995,0.8325,-0.86,-2.78,9.26,3.12,-0.69,-4.06,9.71,0,1.70,-0.0607,-0.0079,27,0.829,0.000,0.00,0.00,20.284,0,1000
phase1 acc_mag=9.514 gravity=9.677 motion=0.164 moving_avg=0.057 rms=0.073 mean_rms=0.071 max_rms=0.089 min_rms=0.056 std=0.009 var=0.000 state=standing thr=0.089/0.350/0.850
-5.00,17.12,245.50,0.5345,-0.1177,-0.1009,0.8308,-0.75,-2.77,9.32,-5.44,-3.06,-8.69,9.75,0,1.70,-0.0607,-0.0084,27,0.829,0.000,0.00,0.00,20.284,0,1000
-4.62,17.38,245.94,0.5378,-0.1166,-0.1039,0.8284,-0.78,-2.76,9.22,7.50,-1.31,-4.88,9.66,0,1.70,-0.0610,-0.0094,27,0.829,0.000,0.00,0.00,20.284,0,1000
-4.44,16.81,246.06,0.5389,-0.1129,-0.1015,0.8286,-0.71,-2.52,9.12,-2.25,-2.75,-0.94,9.49,0,1.70,-0.0593,-0.0093,27,0.829,0.000,0.00,0.00,20.284,0,1000
-4.25,17.19,245.94,0.5379,-0.1129,-0.1050,0.8288,-0.66,-2.66,9.30,-5.50,-3.19,1.81,9.70,0,1.70,-0.0600,-0.0105,27,0.829,0.000,0.00,0.00,20.284,0,1000
phase1 acc_mag=9.769 gravity=9.663 motion=0.106 moving_avg=0.071 rms=0.095 mean_rms=0.072 max_rms=0.095 min_rms=0.056 std=0.010 var=0.000 state=slow thr=0.093/0.350/0.850
-4.12,17.56,246.06,0.5392,-0.1140,-0.1083,0.8274,-0.46,-3.11,9.33,-4.31,0.88,-5.75,9.85,0,1.70,-0.0611,-0.0112,27,0.829,0.000,0.00,0.00,20.284,0,1000
-3.94,17.56,247.19,0.5468,-0.1136,-0.1078,0.8225,-0.64,-3.14,9.31,2.69,3.06,-19.38,9.85,0,1.70,-0.0610,-0.0106,27,0.829,0.000,0.00,0.00,20.284,0,1000
-3.69,16.94,248.50,0.5577,-0.1097,-0.1027,0.8163,-0.57,-2.78,9.21,9.19,1.38,-16.62,9.64,0,1.70,-0.0587,-0.0091,27,0.829,0.000,0.00,0.00,20.284,0,1000
-3.56,16.62,249.31,0.5630,-0.1086,-0.1008,0.8130,-0.52,-2.71,9.06,2.50,2.25,-7.31,9.47,0,1.70,-0.0580,-0.0083,27,0.829,0.000,0.00,0.00,20.284,0,1000
phase1 acc_mag=9.687 gravity=9.670 motion=0.016 moving_avg=0.080 rms=0.105 mean_rms=0.077 max_rms=0.105 min_rms=0.056 std=0.016 var=0.000 state=standing thr=0.109/0.350/0.850
-3.56,16.62,249.56,0.5642,-0.1087,-0.1007,0.8123,-0.82,-2.67,9.09,0.00,-0.88,0.06,9.51,0,1.70,-0.0580,-0.0082,27,0.829,0.000,0.00,0.00,20.284,0,1000
-3.50,16.75,249.19,0.5612,-0.1080,-0.1024,0.8142,-0.59,-2.83,9.31,2.94,-6.06,8.38,9.75,0,1.70,-0.0582,-0.0091,27,0.829,0.000,0.00,0.00,20.284,0,1000
-3.19,16.56,248.56,0.5574,-0.1047,-0.1028,0.8172,-0.50,-2.80,9.48,-1.50,-5.62,4.25,9.90,0,1.70,-0.0571,-0.0103,27,0.829,0.000,0.00,0.00,20.284,0,1000
phase1 acc_mag=9.805 gravity=9.676 motion=0.128 moving_avg=0.095 rms=0.118 mean_rms=0.085 max_rms=0.118 min_rms=0.056 std=0.020 var=0.000 state=standing thr=0.126/0.350/0.850
-2.88,16.56,248.44,0.5566,-0.1021,-0.1052,0.8177,-0.27,-2.74,9.41,-0.25,-3.38,0.31,9.80,0,1.70,-0.0568,-0.0117,27,0.829,0.000,0.00,0.00,20.284,0,1000
-2.62,16.31,248.44,0.5574,-0.0988,-0.1041,0.8177,-0.18,-2.46,9.18,4.38,-1.56,-7.12,9.51,0,1.70,-0.0555,-0.0120,27,0.829,0.000,0.00,0.00,20.284,0,1000
-2.44,16.19,249.12,0.5626,-0.0981,-0.1033,0.8144,-0.21,-2.88,9.42,1.75,3.31,-10.69,9.85,0,1.70,-0.0552,-0.0116,27,0.829,0.000,0.00,0.00,20.284,0,1000
-2.50,15.75,250.50,0.5718,-0.0977,-0.0991,0.8085,-0.53,-2.44,9.35,2.31,5.44,-22.75,9.68,0,1.70,-0.0542,-0.0097,27,0.829,0.000,0.00,0.00,20.284,0,1000
phase1 acc_mag=9.600 gravity=9.670 motion=0.071 moving_avg=0.107 rms=0.128 mean_rms=0.097 max_rms=0.128 min_rms=0.056 std=0.021 var=0.000 state=standing thr=0.138/0.350/0.850
-2.50,15.50,251.94,0.5837,-0.0974,-0.0956,0.8004,-0.51,-2.65,9.31,9.25,6.56,-23.88,9.69,0,1.70,-0.0535,-0.0079,27,0.829,0.000,0.00,0.00,20.284,0,1000
-2.50,15.00,253.44,0.5930,-0.0959,-0.0916,0.7943,-0.47,-2.49,9.28,4.56,3.38,-17.25,9.62,0,1.70,-0.0522,-0.0063,27,0.829,0.000,0.00,0.00,20.284,0,1000
-2.31,15.19,254.31,0.5992,-0.0964,-0.0929,0.7894,-0.30,-2.45,9.36,-1.25,-0.44,-6.44,9.68,0,1.70,-0.0527,-0.0062,27,0.829,0.000,0.00,0.00,20.284,0,1000
-2.19,15.25,254.69,0.6012,-0.0965,-0.0939,0.7877,-0.28,-2.54,9.26,-2.25,0.00,-5.88,9.61,0,1.70,-0.0530,-0.0064,27,0.829,0.000,0.00,0.00,20.284,0,1000
phase1 acc_mag=9.561 gravity=9.666 motion=0.105 moving_avg=0.101 rms=0.124 mean_rms=0.110 max_rms=0.128 min_rms=0.075 std=0.015 var=0.000 state=standing thr=0.139/0.350/0.850
-2.19,15.56,255.56,0.6071,-0.0983,-0.0953,0.7828,-0.44,-2.53,9.27,-3.25,4.19,-15.69,9.62,0,1.70,-0.0539,-0.0060,27,0.829,0.000,0.00,0.00,20.284,0,1000
-2.06,15.56,256.69,0.6161,-0.0984,-0.0947,0.7757,-0.39,-2.76,9.22,3.31,1.19,-24.06,9.63,0,1.70,-0.0539,-0.0051,27,0.829,0.000,0.00,0.00,20.284,0,1000
-1.81,15.44,258.62,0.6279,-0.0980,-0.0938,0.7664,-0.34,-2.31,9.37,-0.69,6.19,-22.75,9.66,0,1.70,-0.0536,-0.0041,27,0.829,0.000,0.00,0.00,20.284,0,1000
-1.94,15.69,260.12,0.6387,-0.1017,-0.0933,0.7570,-0.62,-2.83,9.31,-0.94,5.00,-18.06,9.75,0,1.70,-0.0546,-0.0023,27,0.829,0.000,0.00,0.00,20.284,0,1000
phase1 acc_mag=9.696 gravity=9.664 motion=0.032 moving_avg=0.092 rms=0.112 mean_rms=0.115 max_rms=0.128 min_rms=0.098 std=0.010 var=0.000 state=standing thr=0.134/0.350/0.850
-2.00,15.62,261.31,0.6454,-0.1021,-0.0917,0.7513,-0.45,-2.56,9.34,1.25,5.69,-16.19,9.69,0,1.70,-0.0544,-0.0012,27,0.829,0.000,0.00,0.00,20.284,0,1000
-2.12,15.56,262.38,0.6537,-0.1036,-0.0891,0.7443,-0.62,-2.65,9.37,2.00,5.19,-14.50,9.76,0,1.70,-0.0541,0.0006,27,0.829,0.000,0.00,0.00,20.284,0,1000
-2.25,15.38,263.19,0.6580,-0.1037,-0.0869,0.7407,-0.67,-2.45,9.28,2.88,1.56,-7.62,9.62,0,1.70,-0.0536,0.0016,27,0.829,0.000,0.00,0.00,20.284,0,1000
-2.31,15.38,263.88,0.6637,-0.1052,-0.0854,0.7357,-0.71,-2.54,9.32,0.56,0.81,-1.00,9.69,0,1.70,-0.0536,0.0028,27,0.829,0.000,0.00,0.00,20.284,0,1000
phase1 acc_mag=9.649 gravity=9.664 motion=0.015 moving_avg=0.084 rms=0.104 mean_rms=0.116 max_rms=0.128 min_rms=0.104 std=0.008 var=0.000 state=standing thr=0.132/0.350/0.850
-2.44,15.38,264.25,0.6646,-0.1061,-0.0848,0.7348,-0.58,-2.53,9.17,-2.56,0.75,-1.12,9.53,0,1.70,-0.0537,0.0033,27,0.829,0.000,0.00,0.00,20.284,0,1000
-2.56,15.69,264.88,0.6683,-0.1089,-0.0855,0.7308,-0.66,-2.56,9.34,-0.88,2.81,-8.94,9.71,0,1.70,-0.0547,0.0041,27,0.829,0.000,0.00,0.00,20.284,0,1000
-2.69,15.50,265.62,0.6732,-0.1094,-0.0830,0.7266,-0.65,-2.48,9.37,1.75,2.56,-5.31,9.71,0,1.70,-0.0541,0.0053,27,0.829,0.000,0.00,0.00,20.284,0,1000
phase1 acc_mag=9.711 gravity=9.659 motion=0.052 moving_avg=0.073 rms=0.092 mean_rms=0.114 max_rms=0.128 min_rms=0.092 std=0.011 var=0.000 state=standing thr=0.135/0.350/0.850
-2.75,15.56,266.06,0.6763,-0.1107,-0.0825,0.7236,-0.68,-2.57,9.34,-1.56,1.19,-2.81,9.71,0,1.70,-0.0543,0.0061,27,0.829,0.000,0.00,0.00,20.284,0,1000
-2.88,15.62,266.50,0.6785,-0.1118,-0.0817,0.7214,-0.65,-2.50,9.28,-1.44,0.12,0.81,9.63,0,1.70,-0.0544,0.0067,27,0.829,0.000,0.00,0.00,20.284,0,1000
-2.94,15.81,266.31,0.6772,-0.1132,-0.0826,0.7223,-0.59,-2.60,9.39,-2.00,-0.62,7.25,9.76,0,1.70,-0.0551,0.0068,27,0.829,0.000,0.00,0.00,20.284,0,1000
-3.00,15.94,265.81,0.6738,-0.1144,-0.0838,0.7252,-0.52,-2.71,9.29,-3.50,-1.81,6.00,9.69,0,1.70,-0.0558,0.0065,27,0.829,0.000,0.00,0.00,20.284,0,1000
phase1 acc_mag=9.666 gravity=9.675 motion=0.009 moving_avg=0.059 rms=0.072 mean_rms=0.105 max_rms=0.128 min_rms=0.072 std=0.016 var=0.000 state=standing thr=0.137/0.350/0.850
-3.00,16.19,265.50,0.6720,-0.1154,-0.0854,0.7265,-0.49,-2.61,9.23,-0.25,-1.19,4.25,9.60,0,1.70,-0.0565,0.0062,27,0.829,0.000,0.00,0.00,20.284,0,1000
-3.00,16.12,265.44,0.6715,-0.1150,-0.0848,0.7271,-0.58,-2.65,9.26,0.56,-0.19,-0.19,9.65,0,1.70,-0.0562,0.0062,27,0.829,0.000,0.00,0.00,20.284,0,1000
-3.00,16.00,265.50,0.6722,-0.1144,-0.0840,0.7266,-0.50,-2.63,9.25,0.81,0.50,-1.81,9.63,0,1.70,-0.0558,0.0063,27,0.829,0.000,0.00,0.00,20.284,0,1000
phase1 acc_mag=9.606 gravity=9.666 motion=0.060 moving_avg=0.057 rms=0.070 mean_rms=0.094 max_rms=0.120 min_rms=0.069 std=0.017 var=0.000 state=standing thr=0.127/0.350/0.850
-3.00,15.94,265.81,0.6746,-0.1144,-0.0834,0.7245,-0.57,-2.67,9.21,-0.38,1.69,-5.62,9.61,0,1.70,-0.0556,0.0067,27,0.829,0.000,0.00,0.00,20.284,0,1000
-3.00,16.00,266.31,0.6774,-0.1150,-0.0831,0.7217,-0.57,-2.65,9.22,3.56,1.94,-3.25,9.61,0,1.70,-0.0557,0.0072,27,0.829,0.000,0.00,0.00,20.284,0,1000
-3.06,15.88,266.69,0.6797,-0.1145,-0.0819,0.7199,-0.45,-2.62,9.26,0.81,1.44,-7.44,9.63,0,1.70,-0.0552,0.0075,27,0.829,0.000,0.00,0.00,20.284,0,1000
-3.00,15.81,267.25,0.6837,-0.1144,-0.0817,0.7161,-0.55,-2.60,9.33,-1.94,0.88,-8.62,9.70,0,1.70,-0.0551,0.0079,27,0.829,0.000,0.00,0.00,20.284,0,1000
phase1 acc_mag=9.734 gravity=9.673 motion=0.061 moving_avg=0.054 rms=0.065 mean_rms=0.084 max_rms=0.109 min_rms=0.062 std=0.016 var=0.000 state=standing thr=0.116/0.350/0.850
-2.94,15.88,267.69,0.6862,-0.1146,-0.0811,0.7137,-0.60,-2.45,9.16,2.62,1.38,-4.38,9.50,0,1.70,-0.0550,0.0083,27,0.829,0.000,0.00,0.00,20.284,0,1000
-3.00,15.81,267.81,0.6868,-0.1148,-0.0805,0.7132,-0.60,-2.54,9.29,0.69,0.25,0.75,9.65,0,1.70,-0.0549,0.0086,27,0.829,0.000,0.00,0.00,20.284,0,1000
-3.06,15.81,267.81,0.6867,-0.1149,-0.0802,0.7133,-0.64,-2.60,9.33,0.25,0.06,0.12,9.71,0,1.70,-0.0548,0.0087,27,0.829,0.000,0.00,0.00,20.284,0,1000
-3.06,15.75,267.81,0.6867,-0.1146,-0.0797,0.7134,-0.57,-2.52,9.27,1.25,-0.19,-0.50,9.62,0,1.70,-0.0546,0.0087,27,0.829,0.000,0.00,0.00,20.284,0,1000
phase1 acc_mag=9.763 gravity=9.669 motion=0.094 moving_avg=0.052 rms=0.065 mean_rms=0.076 max_rms=0.102 min_rms=0.062 std=0.013 var=0.000 state=standing thr=0.101/0.350/0.850
-3.06,15.69,267.75,0.6864,-0.1141,-0.0790,0.7138,-0.64,-2.61,9.31,2.56,0.50,1.44,9.69,0,1.70,-0.0543,0.0088,27,0.829,0.000,0.00,0.00,20.284,0,1000
-3.12,15.50,267.56,0.6855,-0.1136,-0.0782,0.7149,-0.61,-2.58,9.30,0.50,-0.19,3.69,9.67,0,1.70,-0.0539,0.0088,27,0.829,0.000,0.00,0.00,20.284,0,1000
-3.19,15.50,267.31,0.6841,-0.1136,-0.0779,0.7162,-0.61,-2.56,9.32,-0.62,-0.31,2.56,9.68,0,1.70,-0.0539,0.0088,27,0.829,0.000,0.00,0.00,20.284,0,1000
phase1 acc_mag=9.689 gravity=9.662 motion=0.027 moving_avg=0.048 rms=0.061 mean_rms=0.069 max_rms=0.089 min_rms=0.061 std=0.007 var=0.000 state=standing thr=0.082/0.350/0.850
-3.19,15.56,267.19,0.6831,-0.1142,-0.0786,0.7170,-0.64,-2.57,9.32,-2.75,-0.56,0.88,9.69,0,1.70,-0.0542,0.0087,27,0.829,0.000,0.00,0.00,20.284,0,1000
-3.25,15.69,266.94,0.6813,-0.1151,-0.0790,0.7186,-0.57,-2.56,9.25,0.69,0.38,5.00,9.61,0,1.70,-0.0546,0.0086,27,0.829,0.000,0.00,0.00,20.284,0,1000
-3.31,15.94,266.75,0.6797,-0.1170,-0.0807,0.7195,-0.65,-2.60,9.36,-3.69,0.50,1.69,9.74,0,1.70,-0.0556,0.0086,27,0.829,0.000,0.00,0.00,20.284,0,1000
-3.38,16.25,266.62,0.6787,-0.1190,-0.0825,0.7200,-0.66,-2.76,9.33,-5.00,0.56,2.88,9.75,0,1.70,-0.0567,0.0085,27,0.829,0.000,0.00,0.00,20.284,0,1000
phase1 acc_mag=9.733 gravity=9.656 motion=0.076 moving_avg=0.051 rms=0.063 mean_rms=0.065 max_rms=0.074 min_rms=0.060 std=0.004 var=0.000 state=standing thr=0.080/0.350/0.850
-3.44,16.38,266.38,0.6774,-0.1199,-0.0831,0.7210,-0.62,-2.63,9.25,-1.94,0.56,2.69,9.64,0,1.70,-0.0571,0.0085,27,0.829,0.000,0.00,0.00,20.284,0,1000
-3.56,16.44,266.06,0.6754,-0.1207,-0.0828,0.7228,-0.63,-2.59,9.24,0.94,0.81,4.88,9.62,0,1.70,-0.0573,0.0087,27,0.829,0.000,0.00,0.00,20.284,0,1000
-3.62,16.44,265.88,0.6738,-0.1213,-0.0829,0.7242,-0.62,-2.68,9.21,-1.81,0.50,3.06,9.61,0,1.70,-0.0575,0.0087,27,0.829,0.000,0.00,0.00,20.284,0,1000
-3.69,16.62,265.62,0.6720,-0.1228,-0.0840,0.7255,-0.76,-2.78,9.32,-3.88,-0.19,6.19,9.76,0,1.70,-0.0582,0.0086,27,0.829,0.000,0.00,0.00,20.284,0,1000
phase1 acc_mag=9.771 gravity=9.670 motion=0.100 moving_avg=0.049 rms=0.061 mean_rms=0.063 max_rms=0.071 min_rms=0.060 std=0.004 var=0.000 state=standing thr=0.080/0.350/0.850
-3.94,16.75,264.88,0.6665,-0.1237,-0.0836,0.7304,-0.77,-2.89,9.38,3.50,-2.19,15.94,9.85,0,1.70,-0.0584,0.0085,27,0.829,0.000,0.00,0.00,20.284,0,1000
-4.00,16.50,264.00,0.6619,-0.1227,-0.0828,0.7348,-0.62,-2.76,9.20,0.25,-0.81,5.38,9.63,0,1.70,-0.0580,0.0081,27,0.829,0.000,0.00,0.00,20.284,0,1000
-4.06,16.50,263.81,0.6608,-0.1224,-0.0826,0.7359,-0.72,-2.67,9.19,2.00,-0.62,1.50,9.60,0,1.70,-0.0579,0.0080,27,0.829,0.000,0.00,0.00,20.284,0,1000
-4.06,16.50,263.69,0.6599,-0.1227,-0.0830,0.7366,-0.75,-2.58,9.31,-0.44,-0.19,4.88,9.69,0,1.70,-0.0581,0.0079,27,0.829,0.000,0.00,0.00,20.284,0,1000
phase1 acc_mag=9.667 gravity=9.671 motion=0.004 moving_avg=0.049 rms=0.061 mean_rms=0.062 max_rms=0.066 min_rms=0.060 std=0.003 var=0.000 state=standing thr=0.080/0.350/0.850
-4.19,16.56,263.38,0.6577,-0.1235,-0.0831,0.7384,-0.87,-2.73,9.25,-2.38,0.69,4.25,9.68,0,1.70,-0.0583,0.0079,27,0.829,0.000,0.00,0.00,20.284,0,1000
-4.38,16.44,262.94,0.6544,-0.1237,-0.0806,0.7416,-0.85,-2.87,9.22,6.44,1.62,9.38,9.69,0,1.70,-0.0578,0.0085,27,0.829,0.000,0.00,0.00,20.284,0,1000
-4.62,16.06,262.25,0.6503,-0.1226,-0.0781,0.7457,-0.94,-2.43,9.31,3.06,-1.38,10.56,9.67,0,1.70,-0.0569,0.0086,27,0.829,0.000,0.00,0.00,20.284,0,1000
-4.75,15.81,261.31,0.6449,-0.1218,-0.0768,0.7505,-0.84,-2.62,9.38,1.38,-1.50,16.88,9.78,0,1.70,-0.0564,0.0084,27,0.829,0.000,0.00,0.00,20.284,0,1000
phase1 acc_mag=9.619 gravity=9.668 motion=0.049 moving_avg=0.056 rms=0.074 mean_rms=0.063 max_rms=0.074 min_rms=0.060 std=0.005 var=0.000 state=standing thr=0.080/0.350/0.850
-4.81,15.56,260.06,0.6371,-0.1196,-0.0761,0.7576,-0.69,-2.45,9.17,-1.44,-5.56,12.88,9.52,0,1.70,-0.0556,0.0074,27,0.829,0.000,0.00,0.00,20.284,0,1000
-4.62,15.81,259.19,0.6302,-0.1193,-0.0802,0.7630,-0.64,-2.40,9.25,-5.88,-6.25,12.94,9.58,0,1.70,-0.0566,0.0056,27,0.829,0.000,0.00,0.00,20.284,0,1000
-4.44,16.44,258.50,0.6258,-0.1211,-0.0855,0.7658,-0.71,-2.62,9.19,-14.62,-2.88,4.62,9.58,0,1.70,-0.0585,0.0041,27,0.829,0.000,0.00,0.00,20.284,0,1000
-4.12,17.00,258.50,0.6259,-0.1218,-0.0915,0.7648,-0.55,-2.82,9.36,-0.81,-1.81,-5.38,9.79,0,1.70,-0.0602,0.0025,27,0.829,0.000,0.00,0.00,20.284,0,1000
phase1 acc_mag=9.821 gravity=9.664 motion=0.157 moving_avg=0.067 rms=0.084 mean_rms=0.067 max_rms=0.084 min_rms=0.060 std=0.008 var=0.000 state=slow thr=0.083/0.350/0.850
-3.94,16.56,259.12,0.6301,-0.1190,-0.0888,0.7622,-0.52,-2.67,9.11,7.38,2.25,-11.12,9.51,0,1.70,-0.0587,0.0029,27,0.829,0.000,0.00,0.00,20.284,0,1000
-3.75,16.25,260.19,0.6384,-0.1164,-0.0861,0.7560,-0.50,-2.48,9.19,9.31,2.50,-16.12,9.53,0,1.70,-0.0572,0.0037,27,0.829,0.000,0.00,0.00,20.284,0,1000
-3.69,16.06,261.44,0.6464,-0.1162,-0.0847,0.7493,-0.69,-2.89,9.46,-5.06,3.88,-13.75,9.92,0,1.70,-0.0567,0.0047,27,0.829,0.000,0.00,0.00,20.284,0,1000
phase1 acc_mag=9.776 gravity=9.656 motion=0.119 moving_avg=0.086 rms=0.113 mean_rms=0.074 max_rms=0.113 min_rms=0.060 std=0.014 var=0.000 state=slow thr=0.102/0.350/0.850
-3.75,16.06,262.00,0.6499,-0.1172,-0.0830,0.7463,-0.45,-2.50,9.44,3.44,5.94,-7.69,9.78,0,1.70,-0.0566,0.0057,27,0.829,0.000,0.00,0.00,20.284,0,1000
-4.12,15.75,262.88,0.6563,-0.1182,-0.0776,0.7411,-0.54,-2.63,9.27,6.69,7.69,-14.50,9.65,0,1.70,-0.0554,0.0080,27,0.829,0.000,0.00,0.00,20.284,0,1000
-4.12,15.56,264.88,0.6683,-0.1184,-0.0751,0.7306,-0.67,-2.45,9.25,4.31,6.12,-32.88,9.59,0,1.70,-0.0547,0.0097,27,0.829,0.000,0.00,0.00,20.284,0,1000
-4.00,15.31,266.94,0.6840,-0.1172,-0.0718,0.7165,-0.76,-2.38,9.42,7.88,8.00,-34.38,9.75,0,1.70,-0.0532,0.0115,27,0.829,0.000,0.00,0.00,20.284,0,1000
phase1 acc_mag=9.584 gravity=9.653 motion=0.070 moving_avg=0.086 rms=0.113 mean_rms=0.085 max_rms=0.115 min_rms=0.060 std=0.019 var=0.000 state=standing thr=0.123/0.350/0.850
-4.00,14.94,269.25,0.6964,-0.1165,-0.0676,0.7048,-0.93,-2.41,9.20,7.19,7.38,-31.56,9.56,0,1.70,-0.0517,0.0134,27,0.829,0.000,0.00,0.00,20.284,0,1000
-3.94,15.06,271.44,0.7111,-0.1183,-0.0663,0.6899,-1.28,-2.28,8.91,0.62,5.62,-28.06,9.29,0,1.70,-0.0515,0.0154,27,0.829,0.000,0.00,0.00,20.284,0,1000
-3.81,15.19,273.12,0.7194,-0.1193,-0.0661,0.6810,-0.91,-2.37,9.29,-2.50,2.12,-22.38,9.63,0,1.70,-0.0515,0.0163,27,0.829,0.000,0.00,0.00,20.284,0,1000
-3.75,15.19,274.25,0.7269,-0.1194,-0.0656,0.6732,-0.93,-2.59,9.35,2.88,1.38,-10.94,9.75,0,1.70,-0.0512,0.0171,27,0.829,0.000,0.00,0.00,20.284,0,1000
phase1 acc_mag=9.690 gravity=9.654 motion=0.036 moving_avg=0.095 rms=0.124 mean_rms=0.096 max_rms=0.124 min_rms=0.060 std=0.020 var=0.000 state=standing thr=0.136/0.350/0.850
-3.69,15.06,274.81,0.7296,-0.1188,-0.0648,0.6704,-0.83,-2.51,9.24,3.69,-0.06,-3.88,9.61,0,1.70,-0.0508,0.0173,27,0.829,0.000,0.00,0.00,20.284,0,1000
-3.62,15.00,274.94,0.7304,-0.1181,-0.0646,0.6696,-0.87,-2.60,9.33,2.44,-2.00,0.25,9.72,0,1.70,-0.0505,0.0172,27,0.829,0.000,0.00,0.00,20.284,0,1000
-3.56,14.94,274.88,0.7299,-0.1171,-0.0645,0.6703,-0.78,-2.39,9.28,0.25,-2.94,1.12,9.61,0,1.70,-0.0502,0.0169,27,0.829,0.000,0.00,0.00,20.284,0,1000
-3.50,14.81,274.62,0.7286,-0.1159,-0.0649,0.6719,-0.74,-2.54,9.24,0.56,-3.88,3.31,9.61,0,1.70,-0.0501,0.0163,27,0.829,0.000,0.00,0.00,20.284,0,1000
phase1 acc_mag=9.723 gravity=9.653 motion=0.071 moving_avg=0.091 rms=0.117 mean_rms=0.106 max_rms=0.124 min_rms=0.077 std=0.017 var=0.000 state=standing thr=0.139/0.350/0.850
-3.00,15.19,274.56,0.7282,-0.1154,-0.0701,0.6719,-0.57,-2.54,9.37,-4.88,-10.06,-5.06,9.72,0,1.70,-0.0514,0.0148,27,0.829,0.000,0.00,0.00,20.284,0,1000
-2.50,15.25,274.75,0.7294,-0.1125,-0.0740,0.6707,-0.33,-2.55,9.34,-2.31,-3.38,-3.38,9.69,0,1.70,-0.0518,0.0130,27,0.829,0.000,0.00,0.00,20.284,0,1000
-2.19,15.50,275.00,0.7305,-0.1127,-0.0766,0.6691,-0.39,-2.66,9.39,0.69,-2.38,-1.81,9.77,0,1.70,-0.0526,0.0124,27,0.829,0.000,0.00,0.00,20.284,0,1000
phase1 acc_mag=9.604 gravity=9.656 motion=0.052 moving_avg=0.091 rms=0.118 mean_rms=0.114 max_rms=0.124 min_rms=0.086 std=0.010 var=0.000 state=standing thr=0.135/0.350/0.850
-2.12,15.44,275.06,0.7308,-0.1122,-0.0766,0.6690,-0.41,-2.40,9.29,-1.88,0.31,0.56,9.60,0,1.70,-0.0524,0.0123,27,0.829,0.000,0.00,0.00,20.284,0,1000
-2.25,15.56,274.81,0.7292,-0.1135,-0.0768,0.6705,-0.42,-2.59,9.35,0.50,0.19,2.19,9.71,0,1.70,-0.0528,0.0125,27,0.829,0.000,0.00,0.00,20.284,0,1000
-2.38,15.50,274.69,0.7286,-0.1136,-0.0757,0.6711,-0.45,-2.67,9.19,2.31,1.69,0.88,9.58,0,1.70,-0.0526,0.0128,27,0.829,0.000,0.00,0.00,20.284,0,1000
-2.44,15.38,274.62,0.7285,-0.1131,-0.0750,0.6714,-0.39,-2.43,9.27,0.94,0.31,1.19,9.59,0,1.70,-0.0522,0.0128,27,0.829,0.000,0.00,0.00,20.284,0,1000
phase1 acc_mag=9.710 gravity=9.659 motion=0.051 moving_avg=0.068 rms=0.088 mean_rms=0.116 max_rms=0.124 min_rms=0.088 std=0.008 var=0.000 state=standing thr=0.131/0.350/0.850
-2.50,15.38,274.62,0.7283,-0.1133,-0.0745,0.6717,-0.44,-2.46,9.37,0.56,1.81,0.12,9.70,0,1.70,-0.0521,0.0130,27,0.829,0.000,0.00,0.00,20.284,0,1000
-2.56,15.44,274.69,0.7288,-0.1144,-0.0743,0.6710,-0.44,-2.59,9.26,-1.44,0.94,-0.44,9.63,0,1.70,-0.0524,0.0134,27,0.829,0.000,0.00,0.00,20.284,0,1000
-2.56,15.38,274.75,0.7291,-0.1144,-0.0739,0.6707,-0.50,-2.45,9.32,0.12,0.56,-1.06,9.65,0,1.70,-0.0523,0.0135,27,0.829,0.000,0.00,0.00,20.284,0,1000
-2.62,15.50,274.69,0.7288,-0.1154,-0.0743,0.6708,-0.51,-2.53,9.36,-1.31,0.44,0.62,9.71,0,1.70,-0.0526,0.0137,27,0.829,0.000,0.00,0.00,20.284,0,1000
phase1 acc_mag=9.644 gravity=9.657 motion=0.013 moving_avg=0.063 rms=0.085 mean_rms=0.110 max_rms=0.124 min_rms=0.085 std=0.014 var=0.000 state=standing thr=0.139/0.350/0.850
-2.62,15.56,274.69,0.7286,-0.1157,-0.0744,0.6710,-0.55,-2.54,9.36,-0.81,0.38,0.94,9.71,0,1.70,-0.0527,0.0137,27,0.829,0.000,0.00,0.00,20.284,0,1000
-2.69,15.69,274.56,0.7277,-0.1166,-0.0750,0.6718,-0.58,-2.60,9.36,-3.25,-0.69,1.12,9.73,0,1.70,-0.0531,0.0138,27,0.829,0.000,0.00,0.00,20.284,0,1000
-2.75,15.69,274.44,0.7269,-0.1168,-0.0749,0.6726,-0.54,-2.59,9.33,1.56,1.06,2.00,9.70,0,1.70,-0.0532,0.0138,27,0.829,0.000,0.00,0.00,20.284,0,1000
-2.81,15.62,274.38,0.7266,-0.1168,-0.0743,0.6730,-0.49,-2.47,9.23,-0.38,0.31,-0.38,9.57,0,1.70,-0.0530,0.0139,27,0.829,0.000,0.00,0.00,20.284,0,1000
phase1 acc_mag=9.507 gravity=9.653 motion=0.146 moving_avg=0.054 rms=0.067 mean_rms=0.100 max_rms=0.124 min_rms=0.065 std=0.020 var=0.000 state=standing thr=0.140/0.350/0.850
-2.75,15.94,274.44,0.7277,-0.1187,-0.0760,0.6713,-0.69,-2.58,9.24,-5.56,1.12,-6.69,9.62,0,1.70,-0.0540,0.0141,27,0.829,0.000,0.00,0.00,20.284,0,1000
-2.62,15.69,275.50,0.7330,-0.1170,-0.0747,0.6658,-0.43,-2.39,9.24,2.75,1.75,-11.25,9.55,0,1.70,-0.0531,0.0144,27,0.829,0.000,0.00,0.00,20.284,0,1000
-2.69,15.38,276.00,0.7371,-0.1151,-0.0710,0.6622,-0.60,-2.39,9.49,7.44,3.56,-8.56,9.80,0,1.70,-0.0514,0.0151,27,0.829,0.000,0.00,0.00,20.284,0,1000
-2.88,14.88,276.44,0.7394,-0.1136,-0.0674,0.6602,-0.30,-2.48,9.52,1.31,5.12,-0.25,9.84,0,1.70,-0.0500,0.0158,27,0.829,0.000,0.00,0.00,20.284,0,1000
phase1 acc_mag=10.000 gravity=9.660 motion=0.340 moving_avg=0.063 rms=0.084 mean_rms=0.091 max_rms=0.120 min_rms=0.065 std=0.020 var=0.000 state=standing thr=0.130/0.350/0.850
-3.31,14.56,276.31,0.7388,-0.1144,-0.0625,0.6612,-0.43,-2.38,9.05,11.31,7.62,5.69,9.37,0,1.70,-0.0487,0.0173,27,0.829,0.000,0.00,0.00,20.284,0,1000
-3.56,14.19,276.44,0.7397,-0.1133,-0.0582,0.6607,-0.91,-1.86,9.23,7.06,3.62,-1.69,9.46,0,1.70,-0.0472,0.0182,27,0.829,0.000,0.00,0.00,20.284,0,1000
-3.75,14.12,276.62,0.7412,-0.1141,-0.0570,0.6591,-0.63,-2.29,9.32,-4.00,0.62,-7.00,9.62,0,1.70,-0.0470,0.0188,27,0.829,0.000,0.00,0.00,20.284,0,1000
-3.62,14.38,277.25,0.7442,-0.1154,-0.0585,0.6553,-0.80,-2.30,9.22,-1.75,0.50,-8.56,9.54,0,1.70,-0.0476,0.0190,27,0.829,0.000,0.00,0.00,20.284,0,1000
phase1 acc_mag=9.451 gravity=9.637 motion=0.187 moving_avg=0.069 rms=0.097 mean_rms=0.085 max_rms=0.118 min_rms=0.065 std=0.015 var=0.000 state=standing thr=0.115/0.350/0.850
-3.50,14.50,277.69,0.7469,-0.1154,-0.0604,0.6520,-0.67,-2.29,9.17,-4.69,-4.31,-7.62,9.48,0,1.70,-0.0481,0.0187,27,0.829,0.000,0.00,0.00,20.284,0,1000
-3.19,15.06,278.38,0.7500,-0.1177,-0.0644,0.6476,-0.69,-2.42,9.33,-4.25,0.00,-8.69,9.66,0,1.70,-0.0498,0.0186,27,0.829,0.000,0.00,0.00,20.284,0,1000
-3.25,14.94,278.88,0.7530,-0.1179,-0.0626,0.6443,-0.82,-2.43,9.34,5.19,4.06,-5.56,9.69,0,1.70,-0.0493,0.0194,27,0.829,0.000,0.00,0.00,20.284,0,1000
phase1 acc_mag=9.704 gravity=9.641 motion=0.063 moving_avg=0.080 rms=0.109 mean_rms=0.086 max_rms=0.109 min_rms=0.065 std=0.014 var=0.000 state=standing thr=0.115/0.350/0.850
-3.38,14.81,279.31,0.7562,-0.1178,-0.0602,0.6409,-0.83,-2.46,9.35,2.88,2.12,-8.38,9.70,0,1.70,-0.0484,0.0202,27,0.829,0.000,0.00,0.00,20.284,0,1000
-3.50,14.25,280.00,0.7603,-0.1149,-0.0555,0.6368,-0.92,-2.38,9.31,6.81,0.75,-4.25,9.65,0,1.70,-0.0462,0.0208,27,0.829,0.000,0.00,0.00,20.284,0,1000
-3.56,13.81,280.00,0.7601,-0.1124,-0.0530,0.6378,-0.75,-2.32,9.36,4.81,-0.94,5.12,9.67,0,1.70,-0.0448,0.0206,27,0.829,0.000,0.00,0.00,20.284,0,1000
-3.69,13.81,279.31,0.7565,-0.1130,-0.0530,0.6420,-0.84,-2.23,9.47,-4.56,-1.25,11.81,9.77,0,1.70,-0.0451,0.0206,27,0.829,0.000,0.00,0.00,20.284,0,1000
phase1 acc_mag=9.618 gravity=9.638 motion=0.021 moving_avg=0.082 rms=0.110 mean_rms=0.091 max_rms=0.110 min_rms=0.065 std=0.017 var=0.000 state=standing thr=0.125/0.350/0.850
-3.88,13.81,278.38,0.7512,-0.1135,-0.0529,0.6481,-0.66,-2.23,9.28,-2.00,-1.44,12.38,9.57,0,1.70,-0.0453,0.0204,27,0.829,0.000,0.00,0.00,20.284,0,1000
-3.94,13.94,277.81,0.7472,-0.1146,-0.0535,0.6525,-0.79,-2.34,9.32,-1.06,-0.75,8.31,9.64,0,1.70,-0.0459,0.0203,27,0.829,0.000,0.00,0.00,20.284,0,1000
-4.06,13.94,277.00,0.7433,-0.1145,-0.0533,0.6569,-0.73,-2.31,9.33,-1.12,-1.56,11.31,9.64,0,1.70,-0.0459,0.0200,27,0.829,0.000,0.00,0.00,20.284,0,1000
-4.06,14.12,276.31,0.7384,-0.1158,-0.0553,0.6620,-0.71,-2.41,9.31,-6.06,-2.38,9.94,9.64,0,1.70,-0.0470,0.0196,27,0.829,0.000,0.00,0.00,20.284,0,1000
phase1 acc_mag=9.660 gravity=9.635 motion=0.025 moving_avg=0.078 rms=0.108 mean_rms=0.099 max_rms=0.110 min_rms=0.069 std=0.014 var=0.000 state=standing thr=0.126/0.350/0.850
-4.12,14.38,275.44,0.7338,-0.1172,-0.0571,0.6667,-0.68,-2.28,9.23,-3.38,-2.44,10.50,9.53,0,1.70,-0.0480,0.0192,27,0.829,0.000,0.00,0.00,20.284,0,1000
-4.12,14.81,274.69,0.7284,-0.1199,-0.0605,0.6719,-0.62,-2.40,9.32,-5.44,-1.56,10.12,9.64,0,1.70,-0.0499,0.0187,27,0.829,0.000,0.00,0.00,20.284,0,1000
-4.25,14.88,274.06,0.7252,-0.1201,-0.0607,0.6753,-0.67,-2.41,9.24,-0.19,-0.69,5.06,9.57,0,1.70,-0.0501,0.0184,27,0.829,0.000,0.00,0.00,20.284,0,1000
phase1 acc_mag=9.703 gravity=9.634 motion=0.069 moving_avg=0.066 rms=0.089 mean_rms=0.105 max_rms=0.110 min_rms=0.089 std=0.006 var=0.000 state=standing thr=0.117/0.350/0.850
-4.19,14.88,273.88,0.7241,-0.1201,-0.0610,0.6764,-0.68,-2.54,9.34,2.50,-0.50,2.50,9.70,0,1.70,-0.0502,0.0183,27,0.829,0.000,0.00,0.00,20.284,0,1000
-4.25,14.81,273.62,0.7228,-0.1196,-0.0609,0.6779,-0.74,-2.37,9.22,-0.25,-0.94,3.75,9.55,0,1.70,-0.0500,0.0181,27,0.829,0.000,0.00,0.00,20.284,0,1000
-4.25,14.94,273.44,0.7215,-0.1206,-0.0615,0.6790,-0.68,-2.37,9.25,-3.25,-0.12,2.69,9.57,0,1.70,-0.0505,0.0181,27,0.829,0.000,0.00,0.00,20.284,0,1000
-4.31,15.12,273.25,0.7202,-0.1224,-0.0629,0.6800,-0.66,-2.43,9.33,-4.44,0.06,1.62,9.66,0,1.70,-0.0514,0.0181,27,0.829,0.000,0.00,0.00,20.284,0,1000
phase1 acc_mag=9.698 gravity=9.654 motion=0.044 moving_avg=0.052 rms=0.066 mean_rms=0.101 max_rms=0.110 min_rms=0.066 std=0.013 var=0.000 state=standing thr=0.126/0.350/0.850
-4.31,15.31,273.25,0.7200,-0.1233,-0.0638,0.6799,-0.72,-2.54,9.33,-0.81,0.19,-0.38,9.70,0,1.70,-0.0519,0.0181,27,0.829,0.000,0.00,0.00,20.284,0,1000
-4.31,15.19,273.38,0.7209,-0.1225,-0.0627,0.6793,-0.70,-2.43,9.29,3.25,0.56,-2.75,9.63,0,1.70,-0.0514,0.0183,27,0.829,0.000,0.00,0.00,20.284,0,1000
-4.31,15.06,273.62,0.7226,-0.1216,-0.0621,0.6776,-0.70,-2.54,9.32,1.00,0.62,-4.19,9.69,0,1.70,-0.0509,0.0183,27,0.829,0.000,0.00,0.00,20.284,0,1000
-4.25,15.06,273.88,0.7240,-0.1213,-0.0621,0.6762,-0.76,-2.48,9.28,0.25,0.38,-2.31,9.64,0,1.70,-0.0508,0.0183,27,0.829,0.000,0.00,0.00,20.284,0,1000
phase1 acc_mag=9.616 gravity=9.649 motion=0.033 moving_avg=0.043 rms=0.053 mean_rms=0.090 max_rms=0.110 min_rms=0.053 std=0.021 var=0.000 state=standing thr=0.133/0.350/0.850
-4.19,15.06,273.94,0.7243,-0.1213,-0.0621,0.6758,-0.76,-2.48,9.40,0.69,-0.31,0.38,9.75,0,1.70,-0.0508,0.0183,27,0.829,0.000,0.00,0.00,20.284,0,1000
-4.19,15.06,273.94,0.7244,-0.1212,-0.0620,0.6758,-0.72,-2.06,9.07,-0.62,-0.06,0.38,9.33,0,1.70,-0.0507,0.0184,27,0.829,0.000,0.00,0.00,20.284,0,1000
-4.25,15.12,273.81,0.7235,-0.1219,-0.0623,0.6766,-0.66,-2.48,9.28,-1.88,0.38,1.38,9.63,0,1.70,-0.0510,0.0184,27,0.829,0.000,0.00,0.00,20.284,0,1000
-4.25,15.25,273.81,0.7236,-0.1225,-0.0629,0.6763,-0.75,-2.38,9.30,-0.50,0.12,-0.94,9.63,0,1.70,-0.0513,0.0185,27,0.829,0.000,0.00,0.00,20.284,0,1000
phase1 acc_mag=9.704 gravity=9.649 motion=0.055 moving_avg=0.049 rms=0.065 mean_rms=0.081 max_rms=0.110 min_rms=0.053 std=0.022 var=0.000 state=standing thr=0.125/0.350/0.850
-4.25,15.25,273.81,0.7234,-0.1227,-0.0634,0.6765,-0.79,-2.47,9.35,-2.00,-0.88,0.81,9.70,0,1.70,-0.0515,0.0183,27,0.829,0.000,0.00,0.00,20.284,0,1000
-4.25,15.25,273.69,0.7224,-0.1226,-0.0636,0.6776,-0.68,-2.50,9.25,-0.19,-0.44,2.69,9.61,0,1.70,-0.0516,0.0182,27,0.829,0.000,0.00,0.00,20.284,0,1000
-4.25,15.31,273.44,0.7213,-0.1227,-0.0639,0.6786,-0.71,-2.44,9.25,0.44,-1.12,2.25,9.59,0,1.70,-0.0517,0.0180,27,0.829,0.000,0.00,0.00,20.284,0,1000
phase1 acc_mag=9.644 gravity=9.650 motion=0.006 moving_avg=0.048 rms=0.063 mean_rms=0.072 max_rms=0.107 min_rms=0.053 std=0.017 var=0.000 state=standing thr=0.105/0.350/0.850
-4.25,15.25,273.31,0.7206,-0.1224,-0.0639,0.6795,-0.64,-2.47,9.30,-0.25,-0.25,1.31,9.64,0,1.70,-0.0517,0.0179,27,0.829,0.000,0.00,0.00,20.284,0,1000
-4.25,15.19,273.31,0.7205,-0.1219,-0.0634,0.6797,-0.75,-2.56,9.24,0.94,-0.19,-0.62,9.62,0,1.70,-0.0514,0.0179,27,0.829,0.000,0.00,0.00,20.284,0,1000
-4.25,15.25,273.25,0.7202,-0.1225,-0.0639,0.6799,-0.68,-2.59,9.30,-3.38,0.31,1.19,9.68,0,1.70,-0.0517,0.0179,27,0.829,0.000,0.00,0.00,20.284,0,1000
-4.25,15.38,273.19,0.7196,-0.1231,-0.0646,0.6804,-0.73,-2.50,9.31,-1.50,-1.31,2.62,9.67,0,1.70,-0.0521,0.0179,27,0.829,0.000,0.00,0.00,20.284,0,1000
phase1 acc_mag=9.629 gravity=9.650 motion=0.021 moving_avg=0.044 rms=0.060 mean_rms=0.064 max_rms=0.084 min_rms=0.053 std=0.008 var=0.000 state=standing thr=0.080/0.350/0.850
-4.25,15.56,273.00,0.7183,-0.1242,-0.0659,0.6813,-0.73,-2.69,9.28,-3.38,-0.50,2.38,9.69,0,1.70,-0.0528,0.0177,27,0.829,0.000,0.00,0.00,20.284,0,1000
-4.25,15.69,272.94,0.7179,-0.1251,-0.0666,0.6816,-0.71,-2.62,9.30,-2.06,0.44,-0.19,9.69,0,1.70,-0.0532,0.0178,27,0.829,0.000,0.00,0.00,20.284,0,1000
-4.25,15.69,272.94,0.7178,-0.1248,-0.0663,0.6817,-0.75,-2.59,9.24,1.50,-0.25,1.00,9.63,0,1.70,-0.0531,0.0178,27,0.829,0.000,0.00,0.00,20.284,0,1000
-4.25,15.62,272.81,0.7172,-0.1246,-0.0663,0.6824,-0.81,-2.59,9.25,0.38,-1.12,3.12,9.64,0,1.70,-0.0530,0.0176,27,0.829,0.000,0.00,0.00,20.284,0,1000
phase1 acc_mag=9.640 gravity=9.653 motion=0.013 moving_avg=0.043 rms=0.059 mean_rms=0.061 max_rms=0.067 min_rms=0.053 std=0.005 var=0.000 state=standing thr=0.080/0.350/0.850
-4.25,15.75,272.50,0.7151,-0.1253,-0.0674,0.6844,-0.68,-2.62,9.25,-5.25,-1.06,5.94,9.64,0,1.70,-0.0536,0.0174,27,0.829,0.000,0.00,0.00,20.284,0,1000
-4.31,16.00,272.06,0.7121,-0.1267,-0.0692,0.6871,-0.68,-2.53,9.26,-1.50,-1.38,5.31,9.62,0,1.70,-0.0545,0.0171,27,0.829,0.000,0.00,0.00,20.284,0,1000
-4.31,16.00,271.75,0.7103,-0.1268,-0.0695,0.6888,-0.67,-2.58,9.27,1.19,-1.19,3.25,9.65,0,1.70,-0.0547,0.0169,27,0.829,0.000,0.00,0.00,20.284,0,1000
phase1 acc_mag=9.659 gravity=9.654 motion=0.004 moving_avg=0.044 rms=0.060 mean_rms=0.062 max_rms=0.067 min_rms=0.054 std=0.003 var=0.000 state=standing thr=0.080/0.350/0.850
-4.31,16.00,271.56,0.7092,-0.1265,-0.0693,0.6901,-0.72,-2.65,9.26,-0.44,-0.69,2.88,9.66,0,1.70,-0.0546,0.0168,27,0.829,0.000,0.00,0.00,20.284,0,1000
-4.31,16.25,271.19,0.7065,-0.1280,-0.0715,0.6924,-0.78,-2.70,9.27,-4.12,-1.69,4.62,9.69,0,1.70,-0.0557,0.0164,27,0.829,0.000,0.00,0.00,20.284,0,1000
-4.31,16.50,270.75,0.7039,-0.1290,-0.0736,0.6946,-0.69,-2.70,9.26,-3.69,-2.00,5.25,9.67,0,1.70,-0.0566,0.0159,27,0.829,0.000,0.00,0.00,20.284,0,1000
-4.25,16.62,270.44,0.7021,-0.1294,-0.0748,0.6962,-0.67,-2.75,9.30,-0.88,-0.69,2.69,9.72,0,1.70,-0.0570,0.0155,27,0.829,0.000,0.00,0.00,20.284,0,1000
phase1 acc_mag=9.638 gravity=9.660 motion=0.022 moving_avg=0.034 rms=0.043 mean_rms=0.059 max_rms=0.065 min_rms=0.043 std=0.006 var=0.000 state=standing thr=0.080/0.350/0.850
-4.31,16.56,270.44,0.7020,-0.1291,-0.0745,0.6965,-0.64,-2.79,9.22,1.94,0.31,-0.81,9.65,0,1.70,-0.0569,0.0155,27,0.829,0.000,0.00,0.00,20.284,0,1000
-4.25,16.50,270.56,0.7028,-0.1286,-0.0739,0.6958,-0.77,-2.65,9.27,1.56,0.56,-2.56,9.67,0,1.70,-0.0566,0.0156,27,0.829,0.000,0.00,0.00,20.284,0,1000
-4.25,16.38,270.62,0.7034,-0.1277,-0.0729,0.6954,-0.69,-2.69,9.22,2.25,0.19,0.62,9.63,0,1.70,-0.0560,0.0157,27,0.829,0.000,0.00,0.00,20.284,0,1000
-4.25,16.19,270.69,0.7039,-0.1267,-0.0720,0.6952,-0.64,-2.69,9.26,3.19,0.00,-0.75,9.66,0,1.70,-0.0555,0.0156,27,0.829,0.000,0.00,0.00,20.284,0,1000
phase1 acc_mag=9.688 gravity=9.665 motion=0.023 moving_avg=0.032 rms=0.042 mean_rms=0.055 max_rms=0.063 min_rms=0.042 std=0.009 var=0.000 state=standing thr=0.080/0.350/0.850
-4.25,16.00,270.75,0.7043,-0.1255,-0.0710,0.6951,-0.79,-2.53,9.31,3.06,-0.69,-2.12,9.68,0,1.70,-0.0549,0.0156,27,0.829,0.000,0.00,0.00,20.284,0,1000
-4.19,15.75,270.69,0.7044,-0.1232,-0.0696,0.6956,-0.68,-2.77,9.33,6.00,-0.94,2.12,9.76,0,1.70,-0.0539,0.0154,27,0.829,0.000,0.00,0.00,20.284,0,1000
-4.12,15.25,270.56,0.7039,-0.1203,-0.0674,0.6967,-0.63,-2.33,9.26,2.19,-0.88,2.62,9.57,0,1.70,-0.0525,0.0151,27,0.829,0.000,0.00,0.00,20.284,0,1000
-4.12,15.31,270.38,0.7028,-0.1204,-0.0679,0.6978,-0.68,-2.46,9.29,0.75,-0.50,1.12,9.63,0,1.70,-0.0527,0.0149,27,0.829,0.000,0.00,0.00,20.284,0,1000
phase1 acc_mag=9.617 gravity=9.663 motion=0.046 moving_avg=0.033 rms=0.046 mean_rms=0.051 max_rms=0.061 min_rms=0.040 std=0.009 var=0.000 state=standing thr=0.080/0.350/0.850
-4.12,15.31,270.38,0.7030,-0.1202,-0.0677,0.6977,-0.67,-2.53,9.36,-0.06,0.38,-1.19,9.72,0,1.70,-0.0526,0.0149,27,0.829,0.000,0.00,0.00,20.284,0,1000
-4.06,15.19,270.50,0.7036,-0.1195,-0.0674,0.6972,-0.58,-2.39,9.26,0.56,0.31,-2.44,9.58,0,1.70,-0.0523,0.0148,27,0.829,0.000,0.00,0.00,20.284,0,1000
-4.06,15.19,270.81,0.7056,-0.1194,-0.0669,0.6953,-0.65,-2.33,9.37,2.88,0.94,-3.56,9.68,0,1.70,-0.0521,0.0151,27,0.829,0.000,0.00,0.00,20.284,0,1000
-4.06,15.06,271.00,0.7069,-0.1191,-0.0661,0.6941,-0.71,-2.49,9.34,1.00,0.88,-3.31,9.69,0,1.70,-0.0518,0.0153,27,0.829,0.000,0.00,0.00,20.284,0,1000
phase1 acc_mag=9.619 gravity=9.658 motion=0.039 moving_avg=0.035 rms=0.049 mean_rms=0.048 max_rms=0.061 min_rms=0.040 std=0.007 var=0.000 state=standing thr=0.080/0.350/0.850
-4.06,15.00,271.25,0.7085,-0.1186,-0.0652,0.6926,-0.67,-2.43,9.31,0.94,0.62,-3.12,9.65,0,1.70,-0.0513,0.0155,27,0.829,0.000,0.00,0.00,20.284,0,1000
-4.06,14.94,271.50,0.7100,-0.1180,-0.0647,0.6913,-0.72,-2.46,9.27,2.06,0.25,-2.25,9.62,0,1.70,-0.0510,0.0156,27,0.829,0.000,0.00,0.00,20.284,0,1000
-4.06,14.81,271.62,0.7106,-0.1176,-0.0643,0.6907,-0.65,-2.39,9.33,-0.12,0.62,-1.94,9.65,0,1.70,-0.0508,0.0156,27,0.829,0.000,0.00,0.00,20.284,0,1000
-4.00,14.88,271.75,0.7114,-0.1179,-0.0645,0.6899,-0.69,-2.37,9.35,-1.19,0.56,-2.06,9.67,0,1.70,-0.0509,0.0157,27,0.829,0.000,0.00,0.00,20.284,0,1000
phase1 acc_mag=9.622 gravity=9.654 motion=0.032 moving_avg=0.033 rms=0.047 mean_rms=0.045 max_rms=0.060 min_rms=0.040 std=0.004 var=0.000 state=standing thr=0.080/0.350/0.850
-4.00,14.81,272.06,0.7135,-0.1172,-0.0640,0.6878,-0.50,-2.05,9.14,7.00,0.25,-6.19,9.38,0,1.70,-0.0505,0.0158,27,0.829,0.000,0.00,0.00,20.284,0,1000
-3.88,14.81,272.38,0.7152,-0.1171,-0.0651,0.6860,-0.52,-2.53,9.42,-4.12,-0.88,-0.50,9.77,0,1.70,-0.0507,0.0156,27,0.829,0.000,0.00,0.00,20.284,0,1000
-3.88,14.88,272.31,0.7148,-0.1170,-0.0649,0.6863,-0.66,-2.56,9.22,1.62,-0.44,1.25,9.59,0,1.70,-0.0507,0.0156,27,0.829,0.000,0.00,0.00,20.284,0,1000
-3.62,14.62,272.31,0.7156,-0.1135,-0.0646,0.6862,-0.50,-2.49,9.53,10.12,-1.00,-6.38,9.86,0,1.70,-0.0496,0.0147,27,0.829,0.000,0.00,0.00,20.284,0,1000
phase1 acc_mag=9.629 gravity=9.653 motion=0.023 moving_avg=0.048 rms=0.070 mean_rms=0.049 max_rms=0.070 min_rms=0.040 std=0.008 var=0.000 state=standing thr=0.080/0.350/0.850
-3.62,13.50,273.56,0.7236,-0.1075,-0.0573,0.6794,-0.67,-2.11,9.32,20.25,5.62,-21.12,9.58,0,1.70,-0.0458,0.0156,27,0.829,0.000,0.00,0.00,20.284,0,1000
-3.69,12.44,274.56,0.7302,-0.1016,-0.0489,0.6740,-0.76,-1.98,9.24,8.31,2.06,-3.88,9.48,0,1.70,-0.0417,0.0165,27,0.829,0.000,0.00,0.00,20.284,0,1000
-3.88,12.81,274.06,0.7270,-0.1050,-0.0511,0.6766,-0.71,-2.06,9.22,-13.69,-2.06,10.06,9.47,0,1.70,-0.0433,0.0167,27,0.829,0.000,0.00,0.00,20.284,0,1000
phase1 acc_mag=9.642 gravity=9.636 motion=0.006 moving_avg=0.061 rms=0.084 mean_rms=0.057 max_rms=0.084 min_rms=0.040 std=0.013 var=0.000 state=slow thr=0.084/0.350/0.850
-3.81,13.31,273.50,0.7228,-0.1080,-0.0552,0.6804,-0.56,-2.16,9.38,-5.94,-1.62,4.88,9.64,0,1.70,-0.0454,0.0162,27,0.829,0.000,0.00,0.00,20.284,0,1000
-3.81,13.69,273.19,0.7211,-0.1099,-0.0571,0.6816,-0.65,-2.05,9.23,0.19,0.12,1.25,9.48,0,1.70,-0.0464,0.0161,27,0.829,0.000,0.00,0.00,20.284,0,1000
-3.81,13.69,273.19,0.7211,-0.1102,-0.0574,0.6816,-0.65,-2.20,9.36,-2.12,-0.31,0.00,9.64,0,1.70,-0.0466,0.0161,27,0.829,0.000,0.00,0.00,20.284,0,1000
-3.81,13.75,273.25,0.7215,-0.1104,-0.0576,0.6812,-0.65,-2.16,9.35,0.94,0.00,-2.19,9.62,0,1.70,-0.0467,0.0161,27,0.829,0.000,0.00,0.00,20.284,0,1000
phase1 acc_mag=9.656 gravity=9.636 motion=0.019 moving_avg=0.062 rms=0.084 mean_rms=0.065 max_rms=0.086 min_rms=0.046 std=0.016 var=0.000 state=standing thr=0.096/0.350/0.850
-3.81,13.69,273.31,0.7220,-0.1099,-0.0573,0.6807,-0.68,-2.22,9.38,0.81,0.31,-0.19,9.66,0,1.70,-0.0465,0.0161,27,0.829,0.000,0.00,0.00,20.284,0,1000
-3.81,13.81,273.31,0.7216,-0.1105,-0.0581,0.6809,-0.69,-2.22,9.37,-3.19,-0.94,1.06,9.65,0,1.70,-0.0469,0.0161,27,0.829,0.000,0.00,0.00,20.284,0,1000
-3.81,14.00,273.06,0.7202,-0.1118,-0.0591,0.6821,-0.70,-2.30,9.34,-3.38,0.06,5.62,9.64,0,1.70,-0.0475,0.0161,27,0.829,0.000,0.00,0.00,20.284,0,1000
-4.06,14.31,272.19,0.7147,-0.1150,-0.0604,0.6873,-0.70,-2.16,9.20,-8.69,-0.75,13.12,9.48,0,1.70,-0.0489,0.0163,27,0.829,0.000,0.00,0.00,20.284,0,1000
phase1 acc_mag=9.594 gravity=9.633 motion=0.039 moving_avg=0.066 rms=0.088 mean_rms=0.072 max_rms=0.088 min_rms=0.046 std=0.015 var=0.000 state=standing thr=0.101/0.350/0.850
-4.19,14.94,271.50,0.7099,-0.1190,-0.0640,0.6912,-0.67,-2.61,9.34,-5.69,0.06,5.19,9.72,0,1.70,-0.0511,0.0161,27,0.829,0.000,0.00,0.00,20.284,0,1000
-4.25,14.69,271.88,0.7122,-0.1180,-0.0618,0.6892,-0.67,-2.28,9.27,6.06,3.19,-9.62,9.57,0,1.70,-0.0501,0.0166,27,0.829,0.000,0.00,0.00,20.284,0,1000
-4.31,14.62,272.38,0.7153,-0.1184,-0.0603,0.6861,-0.86,-2.65,9.38,-3.81,3.19,-2.38,9.79,0,1.70,-0.0497,0.0173,27,0.829,0.000,0.00,0.00,20.284,0,1000
phase1 acc_mag=9.693 gravity=9.643 motion=0.050 moving_avg=0.073 rms=0.091 mean_rms=0.081 max_rms=0.095 min_rms=0.059 std=0.009 var=0.000 state=standing thr=0.099/0.350/0.850
-4.62,15.12,272.12,0.7130,-0.1240,-0.0620,0.6874,-0.91,-2.35,9.36,-5.94,4.94,5.62,9.69,0,1.70,-0.0518,0.0183,27,0.829,0.000,0.00,0.00,20.284,0,1000
-5.00,15.06,272.12,0.7132,-0.1249,-0.0588,0.6873,-0.76,-2.41,9.18,8.31,3.12,-1.69,9.52,0,1.70,-0.0511,0.0195,27,0.829,0.000,0.00,0.00,20.284,0,1000
-5.00,14.75,272.19,0.7141,-0.1232,-0.0568,0.6868,-0.86,-2.46,9.31,2.38,-1.12,0.56,9.67,0,1.70,-0.0501,0.0196,27,0.829,0.000,0.00,0.00,20.284,0,1000
-5.00,14.75,271.81,0.7112,-0.1231,-0.0577,0.6897,-0.80,-2.29,9.30,-5.12,-1.94,9.56,9.61,0,1.70,-0.0504,0.0191,27,0.829,0.000,0.00,0.00,20.284,0,1000
phase1 acc_mag=9.736 gravity=9.633 motion=0.103 moving_avg=0.065 rms=0.082 mean_rms=0.084 max_rms=0.095 min_rms=0.071 std=0.005 var=0.000 state=standing thr=0.094/0.350/0.850
-5.00,15.00,271.06,0.7068,-0.1244,-0.0598,0.6937,-0.76,-2.47,9.28,-3.88,-2.44,12.31,9.63,0,1.70,-0.0514,0.0186,27,0.829,0.000,0.00,0.00,20.284,0,1000
-5.25,15.06,270.00,0.7004,-0.1256,-0.0598,0.7001,-0.77,-2.22,9.17,1.88,0.44,13.25,9.47,0,1.70,-0.0519,0.0185,27,0.829,0.000,0.00,0.00,20.284,0,1000
-5.50,15.06,269.12,0.6946,-0.1262,-0.0588,0.7058,-0.84,-2.42,9.27,2.50,0.50,9.88,9.62,0,1.70,-0.0520,0.0185,27,0.829,0.000,0.00,0.00,20.284,0,1000
-5.44,15.00,268.62,0.6918,-0.1257,-0.0596,0.7086,-0.99,-2.23,9.18,-5.19,-4.25,6.81,9.50,0,1.70,-0.0521,0.0179,27,0.829,0.000,0.00,0.00,20.284,0,1000
phase1 acc_mag=9.711 gravity=9.639 motion=0.072 moving_avg=0.066 rms=0.085 mean_rms=0.085 max_rms=0.095 min_rms=0.080 std=0.004 var=0.000 state=standing thr=0.093/0.350/0.850
-5.44,15.75,267.50,0.6843,-0.1296,-0.0654,0.7146,-1.02,-2.62,9.27,-8.44,-3.12,18.12,9.69,0,1.70,-0.0549,0.0168,27,0.829,0.000,0.00,0.00,20.284,0,1000
-5.50,16.00,266.62,0.6786,-0.1307,-0.0675,0.7196,-0.74,-2.62,9.30,-1.75,-2.19,4.69,9.69,0,1.70,-0.0560,0.0161,27,0.829,0.000,0.00,0.00,20.284,0,1000
-5.50,15.81,266.44,0.6777,-0.1296,-0.0668,0.7207,-0.90,-2.60,9.36,1.12,-0.38,1.00,9.76,0,1.70,-0.0555,0.0159,27,0.829,0.000,0.00,0.00,20.284,0,1000
-5.44,15.69,266.44,0.6777,-0.1282,-0.0664,0.7210,-0.81,-2.49,9.21,2.19,-1.06,-1.00,9.57,0,1.70,-0.0550,0.0156,27,0.829,0.000,0.00,0.00,20.284,0,1000
phase1 acc_mag=9.740 gravity=9.646 motion=0.094 moving_avg=0.066 rms=0.084 mean_rms=0.085 max_rms=0.095 min_rms=0.080 std=0.004 var=0.000 state=standing thr=0.093/0.350/0.850
-5.31,15.31,266.50,0.6786,-0.1247,-0.0639,0.7210,-0.61,-2.33,9.18,12.62,-3.25,1.81,9.49,0,1.70,-0.0533,0.0154,27,0.829,0.000,0.00,0.00,20.284,0,1000
-5.19,15.44,266.50,0.6783,-0.1254,-0.0660,0.7209,-0.89,-2.73,9.42,-3.62,-1.12,0.50,9.85,0,1.70,-0.0541,0.0150,27,0.829,0.000,0.00,0.00,20.284,0,1000
-5.19,15.38,266.56,0.6791,-0.1248,-0.0653,0.7204,-0.74,-2.53,9.34,3.19,1.38,-3.06,9.70,0,1.70,-0.0537,0.0151,27,0.829,0.000,0.00,0.00,20.284,0,1000
phase1 acc_mag=9.607 gravity=9.653 motion=0.046 moving_avg=0.071 rms=0.090 mean_rms=0.086 max_rms=0.095 min_rms=0.080 std=0.004 var=0.000 state=standing thr=0.095/0.350/0.850
-5.25,14.75,267.06,0.6823,-0.1219,-0.0613,0.7182,-0.77,-2.55,9.23,10.81,2.56,-9.38,9.61,0,1.70,-0.0517,0.0157,27,0.829,0.000,0.00,0.00,20.284,0,1000
-5.12,14.31,268.12,0.6893,-0.1192,-0.0577,0.7122,-0.77,-2.33,9.25,4.12,1.69,-13.31,9.57,0,1.70,-0.0499,0.0164,27,0.829,0.000,0.00,0.00,20.284,0,1000
-5.06,14.31,268.75,0.6934,-0.1194,-0.0576,0.7083,-0.83,-2.31,9.37,-3.44,1.31,-8.06,9.69,0,1.70,-0.0498,0.0168,27,0.829,0.000,0.00,0.00,20.284,0,1000
-5.00,14.44,269.38,0.6972,-0.1199,-0.0580,0.7044,-0.78,-2.40,9.34,3.31,1.12,-9.25,9.67,0,1.70,-0.0500,0.0171,27,0.829,0.000,0.00,0.00,20.284,0,1000
phase1 acc_mag=9.604 gravity=9.649 motion=0.045 moving_avg=0.069 rms=0.089 mean_rms=0.085 max_rms=0.092 min_rms=0.080 std=0.004 var=0.000 state=standing thr=0.094/0.350/0.850
-4.94,14.31,269.88,0.7009,-0.1187,-0.0569,0.7010,-0.80,-2.26,9.30,5.56,0.69,-10.81,9.60,0,1.70,-0.0492,0.0173,27,0.829,0.000,0.00,0.00,20.284,0,1000
-4.81,13.94,270.75,0.7064,-0.1157,-0.0547,0.6962,-0.91,-2.28,9.38,7.38,0.19,-5.81,9.70,0,1.70,-0.0477,0.0175,27,0.829,0.000,0.00,0.00,20.284,0,1000
-4.81,13.25,271.00,0.7081,-0.1119,-0.0504,0.6954,-0.95,-2.09,9.01,5.50,0.56,1.62,9.30,0,1.70,-0.0454,0.0177,27,0.829,0.000,0.00,0.00,20.284,0,1000
-4.69,13.44,271.00,0.7076,-0.1132,-0.0530,0.6954,-0.82,-2.18,9.42,-7.88,-1.31,-0.19,9.70,0,1.70,-0.0465,0.0173,27,0.829,0.000,0.00,0.00,20.284,0,1000
phase1 acc_mag=9.655 gravity=9.647 motion=0.008 moving_avg=0.077 rms=0.103 mean_rms=0.088 max_rms=0.104 min_rms=0.080 std=0.006 var=0.000 state=slow thr=0.101/0.350/0.850
-4.69,13.94,271.06,0.7078,-0.1157,-0.0554,0.6947,-0.77,-2.13,9.34,-2.69,-0.81,-3.06,9.61,0,1.70,-0.0478,0.0173,27,0.829,0.000,0.00,0.00,20.284,0,1000
-4.50,14.06,271.31,0.7099,-0.1156,-0.0571,0.6924,-0.79,-2.29,9.48,-1.75,-2.00,-6.31,9.78,0,1.70,-0.0482,0.0170,27,0.829,0.000,0.00,0.00,20.284,0,1000
-4.25,14.19,271.75,0.7121,-0.1152,-0.0589,0.6901,-0.79,-2.27,9.49,0.56,-2.75,-3.69,9.79,0,1.70,-0.0486,0.0165,27,0.829,0.000,0.00,0.00,20.284,0,1000
-4.12,14.19,271.50,0.7106,-0.1140,-0.0601,0.6917,-0.79,-2.17,9.26,-6.25,-1.88,2.81,9.54,0,1.70,-0.0486,0.0158,27,0.829,0.000,0.00,0.00,20.284,0,1000
phase1 acc_mag=9.546 gravity=9.649 motion=0.103 moving_avg=0.072 rms=0.096 mean_rms=0.091 max_rms=0.104 min_rms=0.081 std=0.007 var=0.000 state=standing thr=0.104/0.350/0.850
-4.06,14.62,271.44,0.7098,-0.1167,-0.0637,0.6917,-0.73,-2.44,9.37,-7.62,-1.19,-0.44,9.71,0,1.70,-0.0504,0.0155,27,0.829,0.000,0.00,0.00,20.284,0,1000
-4.00,15.19,271.69,0.7107,-0.1198,-0.0664,0.6901,-0.71,-2.60,9.41,-6.00,1.19,-5.94,9.79,0,1.70,-0.0519,0.0157,27,0.829,0.000,0.00,0.00,20.284,0,1000
-4.00,15.19,272.00,0.7128,-0.1201,-0.0663,0.6878,-0.79,-2.43,9.29,1.56,1.31,-5.12,9.63,0,1.70,-0.0519,0.0160,27,0.829,0.000,0.00,0.00,20.284,0,1000
-3.94,15.19,272.25,0.7142,-0.1199,-0.0664,0.6863,-0.68,-2.43,9.31,0.38,0.50,-1.94,9.65,0,1.70,-0.0519,0.0160,27,0.829,0.000,0.00,0.00,20.284,0,1000
phase1 acc_mag=9.684 gravity=9.650 motion=0.034 moving_avg=0.068 rms=0.093 mean_rms=0.094 max_rms=0.104 min_rms=0.085 std=0.005 var=0.000 state=standing thr=0.104/0.350/0.850
-3.94,15.19,272.38,0.7151,-0.1196,-0.0663,0.6855,-0.68,-2.44,9.39,0.75,-0.31,-1.38,9.73,0,1.70,-0.0518,0.0160,27,0.829,0.000,0.00,0.00,20.284,0,1000
-3.94,15.19,272.38,0.7148,-0.1196,-0.0663,0.6858,-0.64,-2.47,9.25,-0.50,-0.31,1.81,9.60,0,1.70,-0.0518,0.0160,27,0.829,0.000,0.00,0.00,20.284,0,1000
-3.94,15.38,272.19,0.7139,-0.1206,-0.0674,0.6865,-0.68,-2.43,9.33,-3.06,-0.19,2.12,9.67,0,1.70,-0.0524,0.0159,27,0.829,0.000,0.00,0.00,20.284,0,1000
phase1 acc_mag=9.620 gravity=9.648 motion=0.028 moving_avg=0.061 rms=0.087 mean_rms=0.093 max_rms=0.104 min_rms=0.085 std=0.006 var=0.000 state=standing thr=0.105/0.350/0.850
-4.00,15.38,272.12,0.7131,-0.1208,-0.0674,0.6873,-0.68,-2.48,9.27,-0.88,0.00,1.06,9.62,0,1.70,-0.0525,0.0159,27,0.829,0.000,0.00,0.00,20.284,0,1000
-4.00,15.50,272.06,0.7129,-0.1216,-0.0682,0.6873,-0.70,-2.62,9.31,-1.94,0.06,-0.50,9.70,0,1.70,-0.0529,0.0159,27,0.829,0.000,0.00,0.00,20.284,0,1000
-4.00,15.56,272.06,0.7127,-0.1222,-0.0687,0.6873,-0.62,-2.50,9.29,-1.25,0.19,0.44,9.64,0,1.70,-0.0532,0.0160,27,0.829,0.000,0.00,0.00,20.284,0,1000
-4.06,15.94,272.06,0.7123,-0.1247,-0.0704,0.6871,-0.76,-2.64,9.35,-10.31,0.94,0.06,9.75,0,1.70,-0.0543,0.0162,27,0.829,0.000,0.00,0.00,20.284,0,1000
phase1 acc_mag=9.694 gravity=9.643 motion=0.051 moving_avg=0.058 rms=0.085 mean_rms=0.093 max_rms=0.104 min_rms=0.085 std=0.006 var=0.000 state=standing thr=0.105/0.350/0.850
-4.06,16.31,271.88,0.7111,-0.1272,-0.0727,0.6877,-0.67,-2.76,9.29,-5.50,-0.50,2.19,9.71,0,1.70,-0.0557,0.0162,27,0.829,0.000,0.00,0.00,20.284,0,1000
-4.12,16.44,271.69,0.7097,-0.1280,-0.0731,0.6890,-0.64,-2.60,9.28,0.94,0.50,3.56,9.66,0,1.70,-0.0560,0.0162,27,0.829,0.000,0.00,0.00,20.284,0,1000
-4.19,16.31,271.56,0.7089,-0.1274,-0.0723,0.6899,-0.67,-2.59,9.34,2.19,0.06,1.50,9.72,0,1.70,-0.0556,0.0162,27,0.829,0.000,0.00,0.00,20.284,0,1000
-4.19,16.12,271.50,0.7087,-0.1265,-0.0711,0.6904,-0.69,-2.50,9.18,2.00,0.19,1.00,9.54,0,1.70,-0.0551,0.0162,27,0.829,0.000,0.00,0.00,20.284,0,1000
phase1 acc_mag=9.631 gravity=9.654 motion=0.023 moving_avg=0.055 rms=0.071 mean_rms=0.088 max_rms=0.098 min_rms=0.069 std=0.009 var=0.000 state=standing thr=0.106/0.350/0.850
-4.19,16.12,271.50,0.7088,-0.1265,-0.0710,0.6903,-0.70,-2.54,9.36,0.50,0.75,-0.75,9.72,0,1.70,-0.0551,0.0162,27,0.829,0.000,0.00,0.00,20.284,0,1000
-4.31,16.00,271.50,0.7089,-0.1264,-0.0698,0.6904,-0.81,-2.58,9.28,0.50,0.94,0.06,9.67,0,1.70,-0.0547,0.0166,27,0.829,0.000,0.00,0.00,20.284,0,1000
-4.31,16.00,271.50,0.7089,-0.1266,-0.0695,0.6904,-0.73,-2.60,9.27,-0.81,1.00,0.00,9.66,0,1.70,-0.0547,0.0167,27,0.829,0.000,0.00,0.00,20.284,0,1000
-4.38,16.31,271.50,0.7086,-0.1286,-0.0710,0.6901,-0.83,-2.62,9.23,-7.06,-0.50,0.69,9.63,0,1.70,-0.0556,0.0169,27,0.829,0.000,0.00,0.00,20.284,0,1000
phase1 acc_mag=9.664 gravity=9.657 motion=0.006 moving_avg=0.047 rms=0.062 mean_rms=0.082 max_rms=0.098 min_rms=0.062 std=0.011 var=0.000 state=standing thr=0.104/0.350/0.850
-4.44,16.81,270.88,0.7045,-0.1316,-0.0744,0.6934,-0.56,-2.80,9.38,-2.00,-4.69,10.00,9.80,0,1.70,-0.0575,0.0164,27,0.829,0.000,0.00,0.00,20.284,0,1000
-4.38,16.69,270.62,0.7032,-0.1308,-0.0742,0.6949,-0.71,-2.71,9.35,1.38,1.44,-0.56,9.76,0,1.70,-0.0572,0.0162,27,0.829,0.000,0.00,0.00,20.284,0,1000
-4.50,16.69,270.81,0.7042,-0.1311,-0.0733,0.6939,-0.78,-2.72,9.20,0.50,1.12,-2.00,9.63,0,1.70,-0.0570,0.0166,27,0.829,0.000,0.00,0.00,20.284,0,1000
-4.56,16.69,270.75,0.7039,-0.1313,-0.0729,0.6943,-0.87,-2.69,9.31,-0.38,0.31,2.25,9.73,0,1.70,-0.0570,0.0167,27,0.829,0.000,0.00,0.00,20.284,0,1000
phase1 acc_mag=9.651 gravity=9.665 motion=0.013 moving_avg=0.048 rms=0.068 mean_rms=0.077 max_rms=0.091 min_rms=0.062 std=0.010 var=0.000 state=standing thr=0.096/0.350/0.850
-4.62,17.00,270.69,0.7031,-0.1336,-0.0746,0.6945,-0.72,-2.94,9.29,-4.94,0.31,0.62,9.77,0,1.70,-0.0581,0.0169,27,0.829,0.000,0.00,0.00,20.284,0,1000
-4.69,16.81,270.75,0.7036,-0.1331,-0.0728,0.6942,-0.80,-2.64,9.23,3.50,1.81,-1.38,9.63,0,1.70,-0.0574,0.0173,27,0.829,0.000,0.00,0.00,20.284,0,1000
-4.81,16.62,270.88,0.7044,-0.1327,-0.0709,0.6937,-0.90,-2.62,9.16,1.00,1.31,0.06,9.57,0,1.70,-0.0568,0.0177,27,0.829,0.000,0.00,0.00,20.284,0,1000
phase1 acc_mag=9.688 gravity=9.669 motion=0.019 moving_avg=0.049 rms=0.070 mean_rms=0.073 max_rms=0.087 min_rms=0.062 std=0.008 var=0.000 state=standing thr=0.088/0.350/0.850
-4.94,16.62,270.75,0.7038,-0.1334,-0.0703,0.6942,-0.89,-2.74,9.25,-0.31,1.94,2.94,9.69,0,1.70,-0.0568,0.0180,27,0.829,0.000,0.00,0.00,20.284,0,1000
-5.12,16.44,270.62,0.7031,-0.1331,-0.0677,0.6953,-0.79,-2.61,9.21,3.88,1.44,-1.06,9.61,0,1.70,-0.0561,0.0186,27,0.829,0.000,0.00,0.00,20.284,0,1000
-5.19,16.00,270.75,0.7043,-0.1314,-0.0649,0.6946,-0.86,-2.66,9.23,4.31,1.31,-2.69,9.64,0,1.70,-0.0548,0.0190,27,0.829,0.000,0.00,0.00,20.284,0,1000
-5.25,15.81,270.88,0.7052,-0.1304,-0.0630,0.6940,-0.91,-2.59,9.27,3.06,1.06,0.94,9.67,0,1.70,-0.0540,0.0193,27,0.829,0.000,0.00,0.00,20.284,0,1000
phase1 acc_mag=9.637 gravity=9.669 motion=0.032 moving_avg=0.044 rms=0.061 mean_rms=0.069 max_rms=0.087 min_rms=0.061 std=0.005 var=0.000 state=standing thr=0.080/0.350/0.850
-5.38,15.69,270.75,0.7044,-0.1306,-0.0621,0.6949,-0.89,-2.52,9.25,-0.12,1.06,2.38,9.63,0,1.70,-0.0538,0.0195,27,0.829,0.000,0.00,0.00,20.284,0,1000
-5.50,15.69,270.62,0.7038,-0.1312,-0.0614,0.6955,-0.92,-2.57,9.29,-0.81,0.88,0.44,9.68,0,1.70,-0.0538,0.0199,27,0.829,0.000,0.00,0.00,20.284,0,1000
-5.50,15.75,270.56,0.7034,-0.1315,-0.0615,0.6958,-1.02,-2.56,9.29,0.81,0.06,2.50,9.69,0,1.70,-0.0539,0.0199,27,0.829,0.000,0.00,0.00,20.284,0,1000
phase1 acc_mag=9.736 gravity=9.668 motion=0.068 moving_avg=0.042 rms=0.059 mean_rms=0.066 max_rms=0.073 min_rms=0.058 std=0.005 var=0.000 state=standing thr=0.080/0.350/0.850
-5.56,15.69,270.38,0.7019,-0.1314,-0.0611,0.6973,-1.01,-2.52,9.35,-0.75,-0.31,3.88,9.74,0,1.70,-0.0538,0.0199,27,0.829,0.000,0.00,0.00,20.284,0,1000
-5.69,15.69,269.94,0.6994,-0.1320,-0.0610,0.6998,-0.94,-2.49,9.26,-4.12,-0.25,4.19,9.63,0,1.70,-0.0540,0.0198,27,0.829,0.000,0.00,0.00,20.284,0,1000
-5.75,15.75,269.75,0.6983,-0.1326,-0.0613,0.7007,-0.99,-2.45,9.26,1.56,0.19,1.62,9.63,0,1.70,-0.0543,0.0199,27,0.829,0.000,0.00,0.00,20.284,0,1000
-5.75,15.62,269.69,0.6979,-0.1317,-0.0602,0.7014,-1.03,-2.47,9.27,2.12,-0.38,1.50,9.65,0,1.70,-0.0538,0.0199,27,0.829,0.000,0.00,0.00,20.284,0,1000
phase1 acc_mag=9.625 gravity=9.664 motion=0.038 moving_avg=0.040 rms=0.053 mean_rms=0.065 max_rms=0.073 min_rms=0.053 std=0.006 var=0.000 state=standing thr=0.080/0.350/0.850
-5.75,15.44,269.56,0.6974,-0.1307,-0.0591,0.7021,-1.00,-2.43,9.23,2.00,-0.50,2.38,9.60,0,1.70,-0.0532,0.0198,27,0.829,0.000,0.00,0.00,20.284,0,1000
-5.88,15.69,269.19,0.6948,-0.1325,-0.0605,0.7043,-0.96,-2.45,9.35,-5.38,0.44,5.38,9.71,0,1.70,-0.0542,0.0198,27,0.829,0.000,0.00,0.00,20.284,0,1000
-5.94,15.62,269.00,0.6936,-0.1326,-0.0596,0.7056,-0.87,-2.43,9.15,5.81,-0.25,-0.88,9.51,0,1.70,-0.0539,0.0200,27,0.829,0.000,0.00,0.00,20.284,0,1000
-5.81,15.31,269.00,0.6939,-0.1301,-0.0586,0.7058,-0.62,-2.53,9.24,-0.19,-0.81,2.44,9.60,0,1.70,-0.0530,0.0196,27,0.829,0.000,0.00,0.00,20.284,0,1000
phase1 acc_mag=9.649 gravity=9.653 motion=0.004 moving_avg=0.043 rms=0.055 mean_rms=0.061 max_rms=0.071 min_rms=0.046 std=0.008 var=0.000 state=standing thr=0.080/0.350/0.850
-5.81,15.94,268.81,0.6923,-0.1336,-0.0625,0.7064,-1.17,-2.61,9.43,-10.75,0.94,-0.25,9.85,0,1.70,-0.0551,0.0193,27,0.829,0.000,0.00,0.00,20.284,0,1000
-5.88,16.12,269.06,0.6943,-0.1351,-0.0630,0.7041,-1.07,-2.49,9.17,0.62,2.06,-6.50,9.56,0,1.70,-0.0555,0.0198,27,0.829,0.000,0.00,0.00,20.284,0,1000
-5.88,16.12,269.69,0.6979,-0.1353,-0.0626,0.7005,-1.01,-2.56,9.24,0.31,0.94,-8.75,9.64,0,1.70,-0.0554,0.0202,27,0.829,0.000,0.00,0.00,20.284,0,1000
-5.75,16.19,270.25,0.7010,-0.1354,-0.0628,0.6974,-1.04,-2.64,9.27,-1.94,0.81,-8.25,9.69,0,1.70,-0.0554,0.0205,27,0.829,0.000,0.00,0.00,20.284,0,1000
phase1 acc_mag=9.763 gravity=9.653 motion=0.110 moving_avg=0.050 rms=0.069 mean_rms=0.060 max_rms=0.071 min_rms=0.046 std=0.007 var=0.000 state=standing thr=0.080/0.350/0.850
-5.69,16.31,270.81,0.7044,-0.1366,-0.0635,0.6936,-1.06,-2.57,9.25,-1.25,1.56,-5.31,9.66,0,1.70,-0.0558,0.0209,27,0.829,0.000,0.00,0.00,20.284,0,1000
-5.69,16.38,271.12,0.7060,-0.1368,-0.0637,0.6920,-1.02,-2.64,9.28,0.31,0.56,-3.75,9.70,0,1.70,-0.0559,0.0210,27,0.829,0.000,0.00,0.00,20.284,0,1000
-5.69,16.56,271.31,0.7070,-0.1386,-0.0648,0.6904,-1.22,-2.39,9.46,-11.75,-0.44,0.75,9.83,0,1.70,-0.0566,0.0213,27,0.829,0.000,0.00,0.00,20.284,0,1000
phase1 acc_mag=9.801 gravity=9.651 motion=0.150 moving_avg=0.057 rms=0.080 mean_rms=0.061 max_rms=0.080 min_rms=0.046 std=0.008 var=0.000 state=standing thr=0.080/0.350/0.850
-5.62,17.56,271.19,0.7052,-0.1439,-0.0709,0.6906,-0.87,-3.18,9.23,-13.00,-2.88,0.50,9.80,0,1.70,-0.0598,0.0210,27,0.829,0.000,0.00,0.00,20.284,0,1000
-5.62,17.88,270.94,0.7032,-0.1453,-0.0732,0.6921,-1.03,-2.99,9.17,0.38,-1.94,4.81,9.70,0,1.70,-0.0608,0.0206,27,0.829,0.000,0.00,0.00,20.284,0,1000
-5.62,17.62,270.69,0.7022,-0.1436,-0.0720,0.6936,-0.94,-2.88,9.21,4.81,-0.56,1.00,9.70,0,1.70,-0.0601,0.0204,27,0.829,0.000,0.00,0.00,20.284,0,1000
-5.56,17.12,270.75,0.7032,-0.1404,-0.0693,0.6935,-0.90,-2.73,9.18,7.06,-0.31,-3.25,9.62,0,1.70,-0.0584,0.0203,27,0.829,0.000,0.00,0.00,20.284,0,1000
phase1 acc_mag=9.798 gravity=9.657 motion=0.141 moving_avg=0.062 rms=0.085 mean_rms=0.066 max_rms=0.085 min_rms=0.046 std=0.012 var=0.000 state=standing thr=0.090/0.350/0.850
-5.50,16.75,270.94,0.7045,-0.1378,-0.0670,0.6929,-0.82,-2.72,9.05,4.31,-0.75,-1.12,9.49,0,1.70,-0.0571,0.0202,27,0.829,0.000,0.00,0.00,20.284,0,1000
-5.38,16.94,270.88,0.7039,-0.1388,-0.0699,0.6931,-0.93,-2.66,9.16,-10.12,-2.88,2.75,9.58,0,1.70,-0.0582,0.0197,27,0.829,0.000,0.00,0.00,20.284,0,1000
-5.31,17.69,270.50,0.7011,-0.1420,-0.0745,0.6948,-0.84,-3.07,9.28,-3.94,-1.69,4.69,9.81,0,1.70,-0.0604,0.0191,27,0.829,0.000,0.00,0.00,20.284,0,1000
phase1 acc_mag=9.736 gravity=9.663 motion=0.073 moving_avg=0.073 rms=0.094 mean_rms=0.073 max_rms=0.094 min_rms=0.046 std=0.014 var=0.000 state=standing thr=0.102/0.350/0.850
-5.25,17.56,270.44,0.7009,-0.1407,-0.0743,0.6953,-0.81,-3.05,9.21,3.50,-0.94,-2.06,9.74,0,1.70,-0.0600,0.0188,27,0.829,0.000,0.00,0.00,20.284,0,1000
-5.06,17.00,270.88,0.7047,-0.1368,-0.0712,0.6926,-0.85,-2.83,9.19,5.31,0.75,-6.69,9.65,0,1.70,-0.0580,0.0188,27,0.829,0.000,0.00,0.00,20.284,0,1000
-4.94,17.00,271.56,0.7082,-0.1365,-0.0717,0.6890,-0.86,-2.70,9.20,-3.88,0.56,-9.94,9.63,0,1.70,-0.0579,0.0189,27,0.829,0.000,0.00,0.00,20.284,0,1000
-4.88,17.69,271.75,0.7089,-0.1408,-0.0760,0.6870,-0.78,-3.01,9.19,-8.25,0.00,-0.50,9.70,0,1.70,-0.0602,0.0190,27,0.829,0.000,0.00,0.00,20.284,0,1000
phase1 acc_mag=9.661 gravity=9.666 motion=0.005 moving_avg=0.068 rms=0.089 mean_rms=0.081 max_rms=0.095 min_rms=0.062 std=0.011 var=0.000 state=standing thr=0.103/0.350/0.850
-4.81,17.88,272.25,0.7118,-0.1417,-0.0767,0.6837,-0.89,-2.98,9.24,1.25,1.88,-9.12,9.75,0,1.70,-0.0606,0.0194,27,0.829,0.000,0.00,0.00,20.284,0,1000
-4.69,17.75,272.88,0.7156,-0.1406,-0.0760,0.6799,-0.74,-2.95,9.17,3.44,0.56,-8.44,9.66,0,1.70,-0.0600,0.0196,27,0.829,0.000,0.00,0.00,20.284,0,1000
-4.62,17.44,273.38,0.7194,-0.1379,-0.0734,0.6768,-0.82,-2.83,9.17,7.88,1.12,-7.12,9.63,0,1.70,-0.0585,0.0198,27,0.829,0.000,0.00,0.00,20.284,0,1000
-4.56,17.12,274.00,0.7227,-0.1362,-0.0718,0.6738,-0.81,-2.79,9.21,3.69,0.88,-6.31,9.66,0,1.70,-0.0575,0.0200,27,0.829,0.000,0.00,0.00,20.284,0,1000
phase1 acc_mag=9.728 gravity=9.675 motion=0.053 moving_avg=0.067 rms=0.083 mean_rms=0.085 max_rms=0.095 min_rms=0.068 std=0.008 var=0.000 state=standing thr=0.101/0.350/0.850
-4.50,16.94,274.25,0.7248,-0.1349,-0.0709,0.6719,-0.82,-2.70,9.17,1.88,0.44,-4.31,9.59,0,1.70,-0.0568,0.0201,27,0.829,0.000,0.00,0.00,20.284,0,1000
-4.38,17.00,274.56,0.7262,-0.1351,-0.0715,0.6703,-0.82,-2.93,9.27,-0.44,-0.56,-2.62,9.76,0,1.70,-0.0570,0.0201,27,0.829,0.000,0.00,0.00,20.284,0,1000
-4.38,16.94,274.56,0.7263,-0.1345,-0.0713,0.6703,-0.76,-2.75,9.17,0.69,-1.00,1.06,9.60,0,1.70,-0.0568,0.0200,27,0.829,0.000,0.00,0.00,20.284,0,1000
-4.31,16.94,274.50,0.7257,-0.1343,-0.0717,0.6710,-0.77,-2.82,9.25,1.31,-0.56,2.44,9.70,0,1.70,-0.0569,0.0197,27,0.829,0.000,0.00,0.00,20.284,0,1000
phase1 acc_mag=9.615 gravity=9.675 motion=0.060 moving_avg=0.056 rms=0.069 mean_rms=0.086 max_rms=0.095 min_rms=0.069 std=0.006 var=0.000 state=standing thr=0.099/0.350/0.850
-4.38,16.88,274.25,0.7244,-0.1337,-0.0712,0.6725,-0.80,-2.81,9.25,0.69,-1.00,2.25,9.70,0,1.70,-0.0566,0.0196,27,0.829,0.000,0.00,0.00,20.284,0,1000
-4.38,16.75,274.00,0.7228,-0.1331,-0.0709,0.6744,-0.79,-2.68,9.26,1.00,-0.94,4.81,9.67,0,1.70,-0.0564,0.0193,27,0.829,0.000,0.00,0.00,20.284,0,1000
-4.44,16.81,273.62,0.7211,-0.1334,-0.0710,0.6761,-0.75,-2.74,9.22,-1.81,-0.31,3.25,9.65,0,1.70,-0.0566,0.0193,27,0.829,0.000,0.00,0.00,20.284,0,1000
phase1 acc_mag=9.762 gravity=9.684 motion=0.079 moving_avg=0.056 rms=0.069 mean_rms=0.083 max_rms=0.095 min_rms=0.068 std=0.010 var=0.000 state=standing thr=0.102/0.350/0.850
-4.50,16.81,273.38,0.7193,-0.1338,-0.0712,0.6780,-0.75,-2.74,9.34,0.38,-0.88,4.81,9.76,0,1.70,-0.0568,0.0192,27,0.829,0.000,0.00,0.00,20.284,0,1000
-4.56,16.38,273.31,0.7195,-0.1313,-0.0684,0.6785,-0.78,-2.71,9.20,2.25,1.31,0.00,9.62,0,1.70,-0.0553,0.0193,27,0.829,0.000,0.00,0.00,20.284,0,1000
-4.56,16.31,273.31,0.7194,-0.1309,-0.0677,0.6788,-0.75,-2.61,9.14,-1.38,0.19,0.25,9.53,0,1.70,-0.0550,0.0193,27,0.829,0.000,0.00,0.00,20.284,0,1000
-4.62,16.56,273.19,0.7184,-0.1328,-0.0694,0.6793,-0.84,-2.74,9.26,-4.94,-0.69,3.69,9.69,0,1.70,-0.0560,0.0193,27,0.829,0.000,0.00,0.00,20.284,0,1000
phase1 acc_mag=9.630 gravity=9.668 motion=0.038 moving_avg=0.056 rms=0.071 mean_rms=0.078 max_rms=0.095 min_rms=0.068 std=0.009 var=0.000 state=standing thr=0.096/0.350/0.850
-4.62,16.94,272.81,0.7161,-0.1347,-0.0715,0.6812,-0.76,-2.78,9.21,-6.25,-0.69,3.38,9.65,0,1.70,-0.0572,0.0191,27,0.829,0.000,0.00,0.00,20.284,0,1000
-4.69,17.12,272.62,0.7147,-0.1364,-0.0729,0.6821,-0.80,-2.88,9.40,-1.31,-0.75,3.50,9.86,0,1.70,-0.0581,0.0191,27,0.829,0.000,0.00,0.00,20.284,0,1000
-4.69,16.88,272.56,0.7146,-0.1345,-0.0709,0.6828,-0.76,-2.71,9.23,5.19,1.06,0.19,9.65,0,1.70,-0.0570,0.0191,27,0.829,0.000,0.00,0.00,20.284,0,1000
-4.81,16.56,272.62,0.7150,-0.1334,-0.0685,0.6829,-0.83,-2.65,9.22,2.81,1.06,-0.25,9.63,0,1.70,-0.0560,0.0194,27,0.829,0.000,0.00,0.00,20.284,0,1000
phase1 acc_mag=9.619 gravity=9.666 motion=0.047 moving_avg=0.057 rms=0.072 mean_rms=0.075 max_rms=0.084 min_rms=0.068 std=0.006 var=0.000 state=standing thr=0.087/0.350/0.850
-4.81,16.56,272.62,0.7150,-0.1335,-0.0686,0.6829,-0.79,-2.62,9.25,-2.12,0.56,0.12,9.65,0,1.70,-0.0561,0.0194,27,0.829,0.000,0.00,0.00,20.284,0,1000
-4.81,16.75,272.50,0.7141,-0.1350,-0.0699,0.6833,-0.83,-2.67,9.23,-2.25,-0.56,1.50,9.64,0,1.70,-0.0569,0.0194,27,0.829,0.000,0.00,0.00,20.284,0,1000
-4.81,17.00,272.31,0.7130,-0.1362,-0.0714,0.6841,-0.81,-2.74,9.29,-3.25,-0.81,2.12,9.72,0,1.70,-0.0576,0.0193,27,0.829,0.000,0.00,0.00,20.284,0,1000
phase1 acc_mag=9.716 gravity=9.665 motion=0.052 moving_avg=0.055 rms=0.072 mean_rms=0.072 max_rms=0.083 min_rms=0.068 std=0.004 var=0.000 state=standing thr=0.081/0.350/0.850
-4.81,17.25,272.31,0.7125,-0.1377,-0.0729,0.6841,-0.84,-2.98,9.21,-1.94,-0.19,0.25,9.72,0,1.70,-0.0585,0.0193,27,0.829,0.000,0.00,0.00,20.284,0,1000
-4.81,17.25,272.38,0.7129,-0.1377,-0.0729,0.6837,-0.82,-2.87,9.25,-0.12,0.06,-1.19,9.72,0,1.70,-0.0585,0.0193,27,0.829,0.000,0.00,0.00,20.284,0,1000
-4.75,17.25,272.50,0.7136,-0.1375,-0.0730,0.6830,-0.90,-3.04,9.28,0.56,0.19,-0.69,9.81,0,1.70,-0.0584,0.0193,27,0.829,0.000,0.00,0.00,20.284,0,1000
-4.75,17.25,272.44,0.7135,-0.1376,-0.0731,0.6831,-0.82,-2.77,9.21,-0.19,-0.06,0.88,9.65,0,1.70,-0.0584,0.0193,27,0.829,0.000,0.00,0.00,20.284,0,1000
phase1 acc_mag=9.674 gravity=9.668 motion=0.006 moving_avg=0.053 rms=0.071 mean_rms=0.071 max_rms=0.075 min_rms=0.068 std=0.003 var=0.000 state=standing thr=0.080/0.350/0.850
-4.75,17.31,272.44,0.7135,-0.1378,-0.0732,0.6830,-0.79,-2.94,9.20,0.31,0.44,0.06,9.69,0,1.70,-0.0585,0.0193,27,0.829,0.000,0.00,0.00,20.284,0,1000
-4.81,17.25,272.50,0.7136,-0.1376,-0.0729,0.6830,-0.83,-2.82,9.14,0.44,0.81,-0.44,9.60,0,1.70,-0.0584,0.0194,27,0.829,0.000,0.00,0.00,20.284,0,1000
-4.81,17.25,272.50,0.7139,-0.1380,-0.0726,0.6827,-0.85,-2.80,9.25,0.12,0.81,-0.81,9.70,0,1.70,-0.0584,0.0196,27,0.829,0.000,0.00,0.00,20.284,0,1000
-4.81,17.25,272.56,0.7144,-0.1378,-0.0724,0.6823,-0.80,-2.82,9.16,-0.06,0.31,-1.31,9.62,0,1.70,-0.0583,0.0196,27,0.829,0.000,0.00,0.00,20.284,0,1000
phase1 acc_mag=9.657 gravity=9.667 motion=0.009 moving_avg=0.045 rms=0.062 mean_rms=0.071 max_rms=0.075 min_rms=0.062 std=0.003 var=0.000 state=standing thr=0.080/0.350/0.850
-4.75,17.31,272.75,0.7151,-0.1382,-0.0731,0.6813,-0.87,-2.89,9.23,-0.56,0.44,-0.75,9.71,0,1.70,-0.0586,0.0196,27,0.829,0.000,0.00,0.00,20.284,0,1000
-4.81,17.38,272.69,0.7147,-0.1387,-0.0734,0.6816,-0.78,-2.84,9.22,-1.31,0.12,0.62,9.68,0,1.70,-0.0588,0.0196,27,0.829,0.000,0.00,0.00,20.284,0,1000
-4.81,17.38,272.75,0.7151,-0.1388,-0.0734,0.6811,-0.90,-2.85,9.20,0.50,0.69,-1.38,9.67,0,1.70,-0.0588,0.0197,27,0.829,0.000,0.00,0.00,20.284,0,1000
phase1 acc_mag=9.662 gravity=9.676 motion=0.014 moving_avg=0.037 rms=0.052 mean_rms=0.068 max_rms=0.075 min_rms=0.052 std=0.008 var=0.000 state=standing thr=0.083/0.350/0.850
-4.81,17.38,272.81,0.7155,-0.1386,-0.0732,0.6808,-0.84,-2.83,9.20,0.31,-0.19,0.25,9.66,0,1.70,-0.0587,0.0197,27,0.829,0.000,0.00,0.00,20.284,0,1000
-4.81,17.44,272.69,0.7145,-0.1390,-0.0734,0.6818,-0.89,-2.74,9.21,0.00,-0.56,3.25,9.65,0,1.70,-0.0589,0.0197,27,0.829,0.000,0.00,0.00,20.284,0,1000
-4.88,17.31,272.50,0.7135,-0.1388,-0.0728,0.6829,-0.86,-2.87,9.23,1.69,-0.31,1.62,9.70,0,1.70,-0.0587,0.0197,27,0.829,0.000,0.00,0.00,20.284,0,1000
-4.94,17.25,272.31,0.7126,-0.1385,-0.0723,0.6838,-0.98,-2.82,9.23,-1.19,0.31,1.94,9.70,0,1.70,-0.0585,0.0197,27,0.829,0.000,0.00,0.00,20.284,0,1000
phase1 acc_mag=9.669 gravity=9.679 motion=0.010 moving_avg=0.029 rms=0.040 mean_rms=0.062 max_rms=0.072 min_rms=0.040 std=0.012 var=0.000 state=standing thr=0.085/0.350/0.850
-5.00,17.25,272.31,0.7125,-0.1385,-0.0716,0.6841,-0.96,-2.79,9.17,1.62,0.62,0.81,9.63,0,1.70,-0.0583,0.0199,27,0.829,0.000,0.00,0.00,20.284,0,1000
-5.00,17.19,272.19,0.7119,-0.1384,-0.0712,0.6849,-0.95,-2.81,9.22,0.56,0.31,1.19,9.69,0,1.70,-0.0582,0.0199,27,0.829,0.000,0.00,0.00,20.284,0,1000
-5.12,17.06,272.00,0.7108,-0.1380,-0.0704,0.6861,-0.94,-2.78,9.15,1.94,-0.31,4.06,9.61,0,1.70,-0.0579,0.0199,27,0.829,0.000,0.00,0.00,20.284,0,1000
phase1 acc_mag=9.698 gravity=9.680 motion=0.017 moving_avg=0.027 rms=0.037 mean_rms=0.055 max_rms=0.072 min_rms=0.036 std=0.013 var=0.000 state=standing thr=0.082/0.350/0.850
-5.19,17.00,271.75,0.7091,-0.1381,-0.0699,0.6879,-0.99,-2.74,9.25,0.62,0.31,3.44,9.70,0,1.70,-0.0578,0.0199,27,0.829,0.000,0.00,0.00,20.284,0,1000
-5.31,17.00,271.25,0.7064,-0.1385,-0.0696,0.6906,-1.08,-2.85,9.26,-0.81,-0.69,6.62,9.75,0,1.70,-0.0579,0.0199,27,0.829,0.000,0.00,0.00,20.284,0,1000
-5.38,16.94,270.69,0.7031,-0.1384,-0.0694,0.6940,-1.02,-2.77,9.18,-0.62,-1.19,8.62,9.64,0,1.70,-0.0579,0.0197,27,0.829,0.000,0.00,0.00,20.284,0,1000
-5.50,17.00,270.12,0.6990,-0.1388,-0.0695,0.6981,-1.07,-2.74,9.25,-0.06,-0.56,7.75,9.71,0,1.70,-0.0582,0.0194,27,0.829,0.000,0.00,0.00,20.284,0,1000
phase1 acc_mag=9.622 gravity=9.680 motion=0.058 moving_avg=0.027 rms=0.035 mean_rms=0.048 max_rms=0.071 min_rms=0.033 std=0.012 var=0.000 state=standing thr=0.080/0.350/0.850
-5.56,16.88,269.62,0.6965,-0.1382,-0.0695,0.7006,-1.13,-2.72,9.21,-1.06,-2.12,7.31,9.67,0,1.70,-0.0581,0.0191,27,0.829,0.000,0.00,0.00,20.284,0,1000
-5.56,16.88,269.00,0.6918,-0.1381,-0.0701,0.7053,-1.13,-2.66,9.15,-2.19,-3.25,10.25,9.60,0,1.70,-0.0583,0.0184,27,0.829,0.000,0.00,0.00,20.284,0,1000
-5.50,17.06,268.12,0.6873,-0.1380,-0.0721,0.7095,-0.86,-3.05,9.12,-3.56,-6.19,13.12,9.65,0,1.70,-0.0590,0.0175,27,0.829,0.000,0.00,0.00,20.284,0,1000
-5.31,17.25,267.19,0.6805,-0.1374,-0.0765,0.7157,-0.82,-2.71,9.28,-6.12,-6.62,11.44,9.70,0,1.70,-0.0602,0.0155,27,0.829,0.000,0.00,0.00,20.284,0,1000
phase1 acc_mag=9.643 gravity=9.673 motion=0.030 moving_avg=0.030 rms=0.038 mean_rms=0.042 max_rms=0.059 min_rms=0.033 std=0.007 var=0.000 state=standing thr=0.080/0.350/0.850
-5.19,17.56,266.38,0.6758,-0.1379,-0.0796,0.7197,-0.84,-2.79,9.22,-3.75,-4.31,11.38,9.67,0,1.70,-0.0612,0.0144,27,0.829,0.000,0.00,0.00,20.284,0,1000
-5.12,17.69,265.81,0.6722,-0.1379,-0.0816,0.7229,-0.81,-2.95,9.20,-2.44,-2.19,2.31,9.70,0,1.70,-0.0618,0.0135,27,0.829,0.000,0.00,0.00,20.284,0,1000
-4.94,17.75,265.69,0.6712,-0.1369,-0.0833,0.7238,-0.88,-2.95,9.15,-1.81,-3.88,1.62,9.65,0,1.70,-0.0620,0.0127,27,0.829,0.000,0.00,0.00,20.284,0,1000
phase1 acc_mag=9.724 gravity=9.676 motion=0.048 moving_avg=0.034 rms=0.044 mean_rms=0.039 max_rms=0.049 min_rms=0.033 std=0.004 var=0.000 state=standing thr=0.080/0.350/0.850
-4.62,18.19,265.25,0.6682,-0.1373,-0.0882,0.7259,-0.78,-2.99,9.22,-8.12,-6.19,6.62,9.72,0,1.70,-0.0634,0.0111,27,0.829,0.000,0.00,0.00,20.284,0,1000
-4.25,18.38,264.62,0.6642,-0.1357,-0.0925,0.7293,-0.51,-2.93,9.14,-0.94,-6.31,3.69,9.61,0,1.70,-0.0642,0.0091,27,0.829,0.000,0.00,0.00,20.284,0,1000
-3.94,18.31,264.56,0.6643,-0.1324,-0.0941,0.7296,-0.69,-2.92,9.18,3.75,-4.06,-3.44,9.66,0,1.70,-0.0637,0.0077,27,0.829,0.000,0.00,0.00,20.284,0,1000
-3.50,18.00,264.81,0.6658,-0.1287,-0.0947,0.7289,-0.66,-2.87,9.20,1.75,-5.75,-1.81,9.66,0,1.70,-0.0627,0.0066,27,0.829,0.000,0.00,0.00,20.284,0,1000
phase1 acc_mag=9.676 gravity=9.674 motion=0.001 moving_avg=0.037 rms=0.049 mean_rms=0.040 max_rms=0.050 min_rms=0.033 std=0.005 var=0.000 state=standing thr=0.080/0.350/0.850
-3.19,18.00,264.69,0.6650,-0.1262,-0.0964,0.7297,-0.63,-2.88,9.14,0.88,-4.88,2.38,9.60,0,1.70,-0.0625,0.0054,27,0.829,0.000,0.00,0.00,20.284,0,1000
-2.81,17.94,264.31,0.6630,-0.1235,-0.0989,0.7317,-0.34,-2.88,9.14,-1.88,-7.56,4.62,9.59,0,1.70,-0.0624,0.0038,27,0.829,0.000,0.00,0.00,20.284,0,1000
-2.44,18.19,263.88,0.6596,-0.1216,-0.1036,0.7344,-0.27,-2.97,9.28,-4.00,-7.56,4.75,9.75,0,1.70,-0.0631,0.0017,27,0.829,0.000,0.00,0.00,20.284,0,1000
-2.06,18.38,263.56,0.6577,-0.1207,-0.1069,0.7358,-0.26,-3.00,9.25,-1.44,-3.25,3.62,9.73,0,1.70,-0.0636,0.0003,27,0.829,0.000,0.00,0.00,20.284,0,1000
phase1 acc_mag=9.798 gravity=9.671 motion=0.128 moving_avg=0.042 rms=0.054 mean_rms=0.043 max_rms=0.054 min_rms=0.033 std=0.007 var=0.000 state=standing thr=0.080/0.350/0.850
-1.94,18.31,263.38,0.6567,-0.1189,-0.1077,0.7368,-0.13,-2.99,9.05,2.12,-3.94,-0.38,9.53,0,1.70,-0.0633,-0.0005,27,0.829,0.000,0.00,0.00,20.284,0,1000
-1.44,18.50,263.25,0.6556,-0.1168,-0.1115,0.7377,-0.03,-3.11,9.11,-10.25,-7.31,5.12,9.63,0,1.70,-0.0637,-0.0023,27,0.829,0.000,0.00,0.00,20.284,0,1000
-1.00,19.50,262.56,0.6498,-0.1195,-0.1230,0.7405,0.13,-3.21,9.08,-17.81,-6.12,7.25,9.63,0,1.70,-0.0674,-0.0054,27,0.829,0.000,0.00,0.00,20.284,0,1000
-0.75,20.50,262.00,0.6457,-0.1223,-0.1302,0.7424,-0.14,-4.08,9.72,-8.88,-6.19,5.31,10.54,0,1.70,-0.0699,-0.0071,27,0.829,0.000,0.00,0.00,20.284,0,1000
phase1 acc_mag=9.746 gravity=9.674 motion=0.073 moving_avg=0.057 rms=0.107 mean_rms=0.049 max_rms=0.107 min_rms=0.036 std=0.011 var=0.000 state=slow thr=0.080/0.350/0.850
-0.62,20.62,261.81,0.6445,-0.1221,-0.1318,0.7432,-0.06,-3.35,9.12,-1.31,-1.69,0.56,9.72,0,1.70,-0.0703,-0.0077,27,0.829,0.000,0.00,0.00,20.284,0,1000
-0.56,20.44,261.81,0.6447,-0.1204,-0.1307,0.7435,0.02,-3.32,9.06,7.31,-1.62,0.06,9.65,0,1.70,-0.0695,-0.0078,27,0.829,0.000,0.00,0.00,20.284,0,1000
-0.50,20.06,261.62,0.6434,-0.1173,-0.1292,0.7454,0.15,-3.18,9.11,2.12,-0.75,5.12,9.65,0,1.70,-0.0682,-0.0083,27,0.829,0.000,0.00,0.00,20.284,0,1000
-0.50,20.12,261.12,0.6405,-0.1172,-0.1300,0.7477,0.05,-3.23,9.12,-3.56,-2.44,7.69,9.68,0,1.70,-0.0684,-0.0088,27,0.829,0.000,0.00,0.00,20.284,0,1000
phase1 acc_mag=9.742 gravity=9.679 motion=0.063 moving_avg=0.054 rms=0.105 mean_rms=0.063 max_rms=0.107 min_rms=0.040 std=0.024 var=0.001 state=standing thr=0.110/0.350/0.850
-0.38,20.19,260.69,0.6372,-0.1165,-0.1314,0.7504,-0.10,-3.31,9.07,2.38,-1.25,3.88,9.66,0,1.70,-0.0685,-0.0097,27,0.829,0.000,0.00,0.00,20.284,0,1000
-0.44,19.75,260.38,0.6359,-0.1140,-0.1283,0.7525,-0.17,-3.10,9.08,8.62,-2.44,5.12,9.60,0,1.70,-0.0669,-0.0096,27,0.829,0.000,0.00,0.00,20.284,0,1000
-0.50,19.38,259.94,0.6332,-0.1118,-0.1259,0.7554,-0.21,-3.17,9.14,4.94,-2.50,8.88,9.68,0,1.70,-0.0657,-0.0097,27,0.829,0.000,0.00,0.00,20.284,0,1000
-0.50,19.31,258.94,0.6258,-0.1106,-0.1269,0.7616,0.12,-3.17,9.01,-6.31,-4.88,16.06,9.55,0,1.70,-0.0655,-0.0110,27,0.829,0.000,0.00,0.00,20.284,0,1000
phase1 acc_mag=9.677 gravity=9.665 motion=0.011 moving_avg=0.055 rms=0.105 mean_rms=0.076 max_rms=0.107 min_rms=0.048 std=0.026 var=0.001 state=standing thr=0.128/0.350/0.850
-0.56,19.94,257.81,0.6187,-0.1127,-0.1315,0.7664,0.19,-3.18,9.16,-10.44,-4.19,16.38,9.70,0,1.70,-0.0671,-0.0124,27,0.829,0.000,0.00,0.00,20.284,0,1000
-0.56,20.44,256.94,0.6115,-0.1147,-0.1360,0.7710,0.08,-3.48,9.22,-4.06,-3.19,9.81,9.86,0,1.70,-0.0687,-0.0139,27,0.829,0.000,0.00,0.00,20.284,0,1000
-0.56,20.69,256.50,0.6094,-0.1154,-0.1378,0.7723,-0.05,-3.38,9.06,-7.69,0.69,0.25,9.67,0,1.70,-0.0692,-0.0145,27,0.829,0.000,0.00,0.00,20.284,0,1000
phase1 acc_mag=9.778 gravity=9.668 motion=0.110 moving_avg=0.080 rms=0.186 mean_rms=0.091 max_rms=0.186 min_rms=0.049 std=0.031 var=0.001 state=slow thr=0.152/0.352/0.852
-0.56,20.62,256.81,0.6112,-0.1156,-0.1372,0.7709,-0.11,-3.55,9.11,8.56,2.12,-5.00,9.78,0,1.70,-0.0692,-0.0140,27,0.829,0.000,0.00,0.00,20.284,0,1000
-0.56,19.88,257.19,0.6147,-0.1121,-0.1318,0.7696,-0.06,-3.30,9.04,8.12,0.81,-4.25,9.62,0,1.70,-0.0669,-0.0130,27,0.829,0.000,0.00,0.00,20.284,0,1000
-0.50,19.38,257.31,0.6161,-0.1084,-0.1284,0.7695,0.00,-3.02,9.18,5.50,-0.69,1.06,9.66,0,1.70,-0.0650,-0.0128,27,0.829,0.000,0.00,0.00,20.284,0,1000
-0.50,19.25,257.19,0.6152,-0.1082,-0.1281,0.7703,0.04,-3.21,9.07,-1.12,0.69,3.19,9.62,0,1.70,-0.0649,-0.0129,27,0.829,0.000,0.00,0.00,20.284,0,1000
phase1 acc_mag=9.642 gravity=9.670 motion=0.028 moving_avg=0.077 rms=0.186 mean_rms=0.118 max_rms=0.187 min_rms=0.059 std=0.042 var=0.002 state=standing thr=0.201/0.401/0.901
-0.56,19.31,257.06,0.6144,-0.1087,-0.1279,0.7709,-0.08,-3.10,9.13,-0.12,1.06,0.31,9.64,0,1.70,-0.0649,-0.0127,27,0.829,0.000,0.00,0.00,20.284,0,1000
-0.62,19.25,257.00,0.6141,-0.1086,-0.1273,0.7712,-0.12,-3.13,9.09,0.38,-0.31,1.50,9.61,0,1.70,-0.0648,-0.0126,27,0.829,0.000,0.00,0.00,20.284,0,1000
-0.62,19.31,256.94,0.6135,-0.1092,-0.1278,0.7716,-0.09,-3.14,9.12,-2.25,0.19,0.88,9.65,0,1.70,-0.0651,-0.0127,27,0.829,0.000,0.00,0.00,20.284,0,1000
-0.62,19.38,256.88,0.6132,-0.1096,-0.1281,0.7717,-0.04,-3.13,9.20,0.56,0.44,-0.25,9.72,0,1.70,-0.0652,-0.0127,27,0.829,0.000,0.00,0.00,20.284,0,1000
phase1 acc_mag=9.665 gravity=9.658 motion=0.006 moving_avg=0.065 rms=0.162 mean_rms=0.140 max_rms=0.187 min_rms=0.104 std=0.039 var=0.002 state=standing thr=0.218/0.418/0.918
-0.69,19.19,257.12,0.6149,-0.1091,-0.1262,0.7707,-0.08,-3.16,9.14,3.88,2.50,-3.81,9.67,0,1.70,-0.0647,-0.0120,27,0.829,0.000,0.00,0.00,20.284,0,1000
-0.81,19.00,257.38,0.6168,-0.1090,-0.1245,0.7695,-0.13,-3.16,9.14,0.88,2.25,-3.12,9.67,0,1.70,-0.0643,-0.0114,27,0.829,0.000,0.00,0.00,20.284,0,1000
-0.88,19.00,257.56,0.6179,-0.1097,-0.1240,0.7687,-0.18,-3.14,9.18,-1.06,1.12,-0.06,9.70,0,1.70,-0.0644,-0.0110,27,0.829,0.000,0.00,0.00,20.284,0,1000
-0.94,19.25,257.56,0.6176,-0.1115,-0.1250,0.7685,-0.14,-3.15,9.15,-2.81,1.56,0.75,9.68,0,1.70,-0.0651,-0.0109,27,0.829,0.000,0.00,0.00,20.284,0,1000
phase1 acc_mag=9.679 gravity=9.657 motion=0.022 moving_avg=0.065 rms=0.162 mean_rms=0.152 max_rms=0.187 min_rms=0.104 std=0.035 var=0.001 state=standing thr=0.222/0.422/0.922
-1.06,19.38,257.75,0.6187,-0.1132,-0.1249,0.7673,-0.29,-3.00,9.16,-2.00,3.56,-5.69,9.64,0,1.70,-0.0657,-0.0103,27,0.829,0.000,0.00,0.00,20.284,0,1000
-1.12,19.44,258.00,0.6203,-0.1145,-0.1248,0.7659,-0.28,-3.32,9.06,-3.06,0.75,-1.44,9.65,0,1.70,-0.0660,-0.0098,27,0.829,0.000,0.00,0.00,20.284,0,1000
-1.12,19.62,258.12,0.6213,-0.1155,-0.1264,0.7646,-0.29,-3.07,9.09,-3.06,0.56,-4.00,9.60,0,1.70,-0.0667,-0.0100,27,0.829,0.000,0.00,0.00,20.284,0,1000
-1.12,20.00,258.31,0.6222,-0.1177,-0.1284,0.7632,-0.15,-3.11,9.08,-8.31,2.38,-1.38,9.60,0,1.70,-0.0679,-0.0099,27,0.829,0.000,0.00,0.00,20.284,0,1000
phase1 acc_mag=9.622 gravity=9.659 motion=0.037 moving_avg=0.063 rms=0.161 mean_rms=0.164 max_rms=0.187 min_rms=0.105 std=0.026 var=0.001 state=standing thr=0.215/0.415/0.915
-1.50,20.50,258.56,0.6238,-0.1245,-0.1288,0.7607,0.01,-3.98,9.18,-3.31,13.56,-9.19,10.01,0,1.70,-0.0700,-0.0082,27,0.829,0.000,0.00,0.00,20.284,0,1000
-2.75,19.81,260.06,0.6336,-0.1297,-0.1157,0.7539,-0.62,-3.05,9.16,26.06,31.94,-17.38,9.67,0,1.70,-0.0684,-0.0020,27,0.829,0.000,0.00,0.00,20.284,0,1000
-4.62,17.88,261.75,0.6462,-0.1328,-0.0906,0.7460,-0.92,-3.03,9.07,17.94,29.50,-18.81,9.61,0,1.70,-0.0630,0.0073,27,0.829,0.000,0.00,0.00,20.284,0,1000
-5.62,18.69,264.25,0.6633,-0.1487,-0.0869,0.7283,-1.37,-3.31,9.05,-25.81,27.19,-35.81,9.73,0,1.70,-0.0664,0.0141,27,0.829,0.000,0.00,0.00,20.284,0,1000
phase1 acc_mag=9.706 gravity=9.672 motion=0.034 moving_avg=0.059 rms=0.088 mean_rms=0.166 max_rms=0.187 min_rms=0.088 std=0.023 var=0.001 state=standing thr=0.213/0.413/0.913
-6.19,20.06,266.00,0.6708,-0.1584,-0.0894,0.7189,-0.81,-3.26,9.38,-12.62,19.00,-24.50,9.96,0,1.70,-0.0696,0.0168,27,0.829,0.000,0.00,0.00,20.284,0,1000
-7.38,20.19,267.75,0.6826,-0.1700,-0.0795,0.7063,-1.36,-3.01,9.23,-5.00,23.38,-22.00,9.80,0,1.70,-0.0697,0.0240,27,0.829,0.000,0.00,0.00,20.284,0,1000
-8.50,19.69,268.56,0.6873,-0.1726,-0.0663,0.7025,-1.03,-2.57,9.02,24.56,15.50,2.81,9.44,0,1.70,-0.0667,0.0288,27,0.829,0.000,0.00,0.00,20.284,0,1000
-10.75,19.31,271.38,0.7048,-0.1871,-0.0446,0.6829,-2.07,-3.09,8.88,11.62,46.19,-30.19,9.63,0,1.70,-0.0637,0.0406,27,0.829,0.000,0.00,0.00,20.284,0,1000

===== Disconnected =====
