===== Connected at 115200 baud =====
BNO055 NOT found! Expected 0xA0, got 0x00
BNO055 detected! Chip ID: 0xA0
BNO055 initialized successfully!
roll,pitch,yaw,qw,qx,qy,qz,accx,accy,accz,gyrox,gyroy,gyroz,svm,state,z_v,lever_offx,lever_offy,steps,stride_m,velocity_mps,cadence_spm,cadence_sps,distance_m,step_flag
phase1 acc_mag=9.630 gravity=9.630 motion=0.000 moving_avg=0.000 rms=0.000 mean_rms=0.000 max_rms=0.000 min_rms=0.000 std=0.000 var=0.000 state=standing thr=0.080/0.350/0.850
0.00,0.00,0.00,0.0000,0.0000,0.0000,0.0000,0.46,-4.06,8.72,-0.69,0.25,-0.62,9.63,0,1.70,0.0000,0.0000,0,0.000,0.000,0.00,0.00,0.000,0
4.06,23.69,359.88,0.9780,-0.2051,-0.0366,0.0007,0.53,-3.70,8.57,-1.62,1.94,3.12,9.35,0,1.70,-0.0144,0.0802,0,0.000,0.000,0.00,0.00,0.000,0
3.88,23.88,359.75,0.9777,-0.2072,-0.0350,0.0015,0.57,-3.87,8.68,-5.06,1.88,-0.69,9.52,0,1.70,-0.0138,0.0810,0,0.000,0.000,0.00,0.00,0.000,0
3.69,24.25,359.75,0.9772,-0.2098,-0.0334,0.0017,0.66,-3.60,8.53,0.38,1.31,0.25,9.28,0,1.70,-0.0132,0.0820,0,0.000,0.000,0.00,0.00,0.000,0
phase1 acc_mag=9.519 gravity=9.464 motion=0.055 moving_avg=0.112 rms=0.140 mean_rms=0.125 max_rms=0.162 min_rms=0.000 std=0.039 var=0.002 state=standing thr=0.204/0.404/0.904
3.69,24.31,359.75,0.9771,-0.2104,-0.0334,0.0017,0.60,-3.81,8.63,-0.25,-2.38,-1.31,9.45,0,1.70,-0.0132,0.0822,0,0.000,0.000,0.00,0.00,0.000,0
4.06,24.69,359.81,0.9763,-0.2136,-0.0366,0.0012,0.04,-3.89,8.54,-9.69,-7.19,-2.50,9.38,0,1.70,-0.0144,0.0834,0,0.000,0.000,0.00,0.00,0.000,0
4.69,24.69,359.62,0.9761,-0.2131,-0.0435,0.0035,0.90,-4.30,8.48,1.00,-12.94,4.12,9.55,0,1.70,-0.0173,0.0831,0,0.000,0.000,0.00,0.00,0.000,0
4.88,24.50,359.19,0.9763,-0.2116,-0.0450,0.0065,0.79,-4.18,8.44,1.81,2.88,3.81,9.45,0,1.70,-0.0181,0.0825,0,0.000,0.000,0.00,0.00,0.000,0
phase1 acc_mag=9.696 gravity=9.483 motion=0.213 moving_avg=0.104 rms=0.133 mean_rms=0.129 max_rms=0.162 min_rms=0.000 std=0.028 var=0.001 state=standing thr=0.186/0.386/0.886
4.62,24.19,359.12,0.9770,-0.2087,-0.0431,0.0074,0.64,-3.47,8.53,9.56,2.06,1.62,9.23,0,1.70,-0.0175,0.0814,0,0.000,0.000,0.00,0.00,0.000,0
4.75,24.00,359.25,0.9772,-0.2074,-0.0439,0.0059,0.63,-4.05,8.75,4.31,-1.88,-1.69,9.66,0,1.70,-0.0177,0.0810,0,0.000,0.000,0.00,0.00,0.000,0
5.12,23.75,359.44,0.9776,-0.2051,-0.0473,0.0043,0.63,-3.50,8.51,4.31,-6.81,-4.56,9.22,0,1.70,-0.0189,0.0801,0,0.000,0.000,0.00,0.00,0.000,0
5.50,23.69,359.50,0.9775,-0.2048,-0.0499,0.0040,0.71,-3.89,8.72,-0.50,-1.62,3.38,9.57,0,1.70,-0.0198,0.0800,0,0.000,0.000,0.00,0.00,0.000,0
phase1 acc_mag=9.483 gravity=9.491 motion=0.008 moving_avg=0.152 rms=0.226 mean_rms=0.152 max_rms=0.237 min_rms=0.000 std=0.045 var=0.002 state=standing thr=0.241/0.441/0.941
5.62,23.62,359.25,0.9776,-0.2040,-0.0516,0.0060,0.99,-3.80,8.54,3.81,-4.19,1.31,9.40,0,1.70,-0.0207,0.0797,0,0.000,0.000,0.00,0.00,0.000,0
5.69,23.31,359.25,0.9782,-0.2009,-0.0524,0.0054,0.91,-3.71,8.52,6.44,-1.12,-7.31,9.34,0,1.70,-0.0209,0.0785,0,0.000,0.000,0.00,0.00,0.000,0
6.06,22.81,0.12,0.9788,-0.1977,-0.0538,-0.0016,0.76,-3.61,8.76,-5.56,-1.12,-4.69,9.51,0,1.70,-0.0209,0.0774,0,0.000,0.000,0.00,0.00,0.000,0
6.25,22.94,0.12,0.9786,-0.1981,-0.0556,-0.0011,0.83,-3.77,8.72,-0.62,-0.88,1.56,9.54,0,1.70,-0.0217,0.0776,0,0.000,0.000,0.00,0.00,0.000,0
phase1 acc_mag=9.409 gravity=9.477 motion=0.068 moving_avg=0.140 rms=0.205 mean_rms=0.167 max_rms=0.237 min_rms=0.000 std=0.047 var=0.002 state=standing thr=0.261/0.461/0.961
6.25,23.06,359.94,0.9783,-0.1997,-0.0558,0.0006,0.96,-3.82,8.64,-4.50,-0.81,1.50,9.50,0,1.70,-0.0219,0.0781,0,0.000,0.000,0.00,0.00,0.000,0
6.12,23.56,359.88,0.9775,-0.2035,-0.0551,0.0010,1.01,-4.09,8.81,-4.75,0.38,2.56,9.77,0,1.70,-0.0216,0.0795,0,0.000,0.000,0.00,0.00,0.000,0
6.00,23.88,359.75,0.9771,-0.2061,-0.0543,0.0020,0.80,-4.02,8.89,-6.75,2.75,2.12,9.79,0,1.70,-0.0214,0.0805,0,0.000,0.000,0.00,0.00,0.000,0
5.88,24.31,359.56,0.9763,-0.2100,-0.0535,0.0036,0.98,-3.91,8.77,-4.75,0.62,3.88,9.65,0,1.70,-0.0212,0.0819,0,0.000,0.000,0.00,0.00,0.000,0
phase1 acc_mag=9.522 gravity=9.530 motion=0.008 moving_avg=0.154 rms=0.213 mean_rms=0.182 max_rms=0.237 min_rms=0.126 std=0.036 var=0.001 state=standing thr=0.255/0.455/0.955
5.69,24.44,359.50,0.9761,-0.2109,-0.0522,0.0042,0.91,-3.85,8.79,2.81,2.12,1.38,9.64,0,1.70,-0.0207,0.0823,0,0.000,0.000,0.00,0.00,0.000,0
5.69,24.19,359.38,0.9766,-0.2088,-0.0521,0.0054,0.94,-3.89,8.73,0.94,-3.88,3.75,9.60,0,1.70,-0.0208,0.0815,0,0.000,0.000,0.00,0.00,0.000,0
5.81,24.19,359.00,0.9766,-0.2081,-0.0546,0.0087,0.97,-3.99,8.73,4.25,-6.62,4.00,9.65,0,1.70,-0.0220,0.0811,0,0.000,0.000,0.00,0.00,0.000,0
6.50,23.81,359.69,0.9769,-0.2053,-0.0585,0.0021,1.21,-3.49,8.84,2.50,-3.25,-18.31,9.58,0,1.70,-0.0230,0.0802,0,0.000,0.000,0.00,0.00,0.000,0
phase1 acc_mag=10.067 gravity=9.575 motion=0.492 moving_avg=0.173 rms=0.230 mean_rms=0.198 max_rms=0.237 min_rms=0.126 std=0.032 var=0.001 state=standing thr=0.262/0.462/0.962
7.00,23.31,359.81,0.9775,-0.2012,-0.0627,0.0015,1.13,-3.60,8.85,11.69,-9.88,-1.88,9.62,0,1.70,-0.0247,0.0786,0,0.000,0.000,0.00,0.00,0.000,0
7.62,22.31,359.44,0.9791,-0.1910,-0.0698,0.0049,1.15,-3.40,8.95,15.25,-11.56,3.00,9.64,0,1.70,-0.0277,0.0747,0,0.000,0.000,0.00,0.00,0.000,0
8.25,21.56,358.88,0.9797,-0.1854,-0.0750,0.0092,1.83,-3.23,8.93,11.75,-5.94,-0.56,9.67,0,1.70,-0.0301,0.0724,0,0.000,0.000,0.00,0.00,0.000,0
phase1 acc_mag=9.799 gravity=9.607 motion=0.192 moving_avg=0.162 rms=0.213 mean_rms=0.216 max_rms=0.237 min_rms=0.181 std=0.012 var=0.000 state=standing thr=0.240/0.440/0.940
8.12,21.06,358.75,0.9809,-0.1797,-0.0740,0.0109,1.51,-3.62,8.98,9.94,2.19,4.88,9.80,0,1.70,-0.0298,0.0702,0,0.000,0.000,0.00,0.00,0.000,0
7.81,20.69,358.19,0.9814,-0.1772,-0.0724,0.0154,1.35,-2.84,8.86,0.31,1.19,14.50,9.40,0,1.70,-0.0295,0.0691,0,0.000,0.000,0.00,0.00,0.000,0
7.19,20.88,357.62,0.9813,-0.1790,-0.0680,0.0203,1.07,-3.25,8.76,-7.94,8.06,5.88,9.40,0,1.70,-0.0281,0.0697,0,0.000,0.000,0.00,0.00,0.000,0
6.38,21.31,357.19,0.9810,-0.1826,-0.0614,0.0238,1.09,-3.09,8.93,-4.38,6.69,12.69,9.51,0,1.70,-0.0258,0.0711,0,0.000,0.000,0.00,0.00,0.000,0
phase1 acc_mag=9.731 gravity=9.606 motion=0.125 moving_avg=0.155 rms=0.192 mean_rms=0.211 max_rms=0.232 min_rms=0.177 std=0.013 var=0.000 state=standing thr=0.238/0.438/0.938
6.12,21.69,356.38,0.9801,-0.1862,-0.0610,0.0323,0.93,-3.64,9.21,-6.38,-9.94,15.31,9.95,0,1.70,-0.0263,0.0722,0,0.000,0.000,0.00,0.00,0.000,0
6.31,22.38,355.00,0.9786,-0.1907,-0.0646,0.0426,1.03,-3.77,8.98,-10.81,-9.75,20.44,9.79,0,1.70,-0.0286,0.0736,0,0.000,0.000,0.00,0.00,0.000,0
6.31,22.81,353.31,0.9769,-0.1935,-0.0684,0.0588,1.30,-3.37,8.75,0.81,-8.25,21.69,9.47,0,1.70,-0.0313,0.0740,0,0.000,0.000,0.00,0.00,0.000,0
6.00,23.25,351.88,0.9757,-0.1967,-0.0679,0.0688,1.15,-3.75,8.78,-13.38,4.94,13.25,9.62,0,1.70,-0.0319,0.0749,0,0.000,0.000,0.00,0.00,0.000,0
phase1 acc_mag=9.475 gravity=9.649 motion=0.174 moving_avg=0.173 rms=0.209 mean_rms=0.209 max_rms=0.232 min_rms=0.177 std=0.014 var=0.000 state=standing thr=0.238/0.438/0.938
5.38,23.88,351.19,0.9743,-0.2024,-0.0635,0.0760,1.07,-3.50,8.91,-7.44,5.38,12.75,9.63,0,1.70,-0.0309,0.0769,0,0.000,0.000,0.00,0.00,0.000,0
4.56,24.12,350.19,0.9736,-0.2045,-0.0585,0.0834,0.28,-3.76,9.02,-2.88,5.81,17.88,9.78,0,1.70,-0.0296,0.0777,0,0.000,0.000,0.00,0.00,0.000,0
4.19,24.19,348.44,0.9722,-0.2047,-0.0587,0.0980,0.85,-3.83,8.82,2.88,-11.19,27.12,9.65,0,1.70,-0.0308,0.0773,0,0.000,0.000,0.00,0.00,0.000,0
3.88,23.81,346.38,0.9708,-0.2004,-0.0592,0.1182,0.11,-3.29,8.60,7.06,-5.44,27.19,9.21,0,1.70,-0.0325,0.0750,0,0.000,0.000,0.00,0.00,0.000,0
phase1 acc_mag=9.524 gravity=9.635 motion=0.111 moving_avg=0.166 rms=0.205 mean_rms=0.208 max_rms=0.232 min_rms=0.177 std=0.014 var=0.000 state=standing thr=0.237/0.437/0.937
3.56,23.88,344.06,0.9684,-0.2007,-0.0601,0.1352,0.20,-3.55,9.25,-1.81,-10.06,37.56,9.91,0,1.70,-0.0341,0.0745,0,0.000,0.000,0.00,0.00,0.000,0
3.31,24.19,341.19,0.9643,-0.2016,-0.0635,0.1594,0.53,-3.40,9.34,1.88,-16.00,37.81,9.95,0,1.70,-0.0374,0.0737,0,0.000,0.000,0.00,0.00,0.000,0
3.12,23.56,338.62,0.9611,-0.1954,-0.0660,0.1834,0.61,-3.31,9.24,0.62,-12.50,26.69,9.83,0,1.70,-0.0397,0.0703,0,0.000,0.000,0.00,0.00,0.000,0
2.94,24.00,337.12,0.9585,-0.1986,-0.0668,0.1934,1.44,-3.22,10.34,-8.06,10.88,6.00,10.93,0,1.70,-0.0410,0.0710,0,0.000,0.000,0.00,0.00,0.000,0
phase1 acc_mag=10.960 gravity=9.738 motion=1.222 moving_avg=0.241 rms=0.353 mean_rms=0.212 max_rms=0.353 min_rms=0.177 std=0.027 var=0.001 state=slow thr=0.266/0.466/0.966
1.81,24.69,338.06,0.9597,-0.2047,-0.0557,0.1846,-0.79,-2.88,8.23,29.56,8.50,-10.06,8.76,0,1.70,-0.0365,0.0744,0,0.000,0.000,0.00,0.00,0.000,0
2.12,23.75,339.31,0.9626,-0.1990,-0.0559,0.1754,0.24,-3.33,7.29,10.12,7.44,-28.00,8.02,0,1.70,-0.0355,0.0727,0,0.000,0.000,0.00,0.00,0.000,0
3.25,22.75,341.62,0.9686,-0.1877,-0.0615,0.1512,0.27,-2.88,6.76,22.19,-6.56,-49.19,7.35,0,1.70,-0.0352,0.0690,0,0.000,0.000,0.00,0.00,0.000,0
phase1 acc_mag=5.402 gravity=9.414 motion=4.012 moving_avg=0.608 rms=1.022 mean_rms=0.293 max_rms=1.022 min_rms=0.177 std=0.183 var=0.034 state=walking thr=0.660/0.860/1.360
5.69,21.81,345.19,0.9725,-0.1805,-0.0748,0.1263,0.65,-0.88,5.29,-11.38,-32.94,-33.12,5.40,0,1.70,-0.0382,0.0664,0,0.000,0.000,0.00,0.00,0.000,0
7.12,27.75,351.81,0.9666,-0.2333,-0.0810,0.0687,-2.51,-14.40,15.40,-117.94,10.12,-77.75,21.23,0,1.70,-0.0377,0.0880,0,0.000,0.000,0.00,0.00,0.000,0
8.31,25.62,353.06,0.9708,-0.2155,-0.0880,0.0588,2.46,-4.08,3.57,21.06,-39.38,-33.38,5.95,0,1.70,-0.0392,0.0816,1,0.893,0.000,0.00,0.00,0.893,1
11.00,25.00,353.50,0.9705,-0.2076,-0.1101,0.0551,0.35,-4.60,7.92,-25.56,3.75,-2.94,9.17,0,1.70,-0.0473,0.0782,1,0.893,0.000,0.00,0.00,0.893,0
phase1 acc_mag=10.357 gravity=9.752 motion=0.606 moving_avg=1.605 rms=3.146 mean_rms=0.815 max_rms=3.146 min_rms=0.194 std=1.032 var=1.064 state=walking thr=2.878/3.078/3.578
10.12,26.62,354.44,0.9684,-0.2241,-0.1003,0.0443,3.51,-5.34,8.04,-13.75,23.69,-22.44,10.27,0,1.70,-0.0428,0.0850,1,0.893,0.000,0.00,0.00,0.893,0
9.44,25.88,356.19,0.9709,-0.2190,-0.0919,0.0319,1.49,-6.72,7.46,21.75,9.69,-5.38,10.15,0,1.70,-0.0385,0.0839,1,0.893,0.000,0.00,0.00,0.893,0
9.44,24.69,355.31,0.9728,-0.2080,-0.0933,0.0396,1.36,-5.33,7.26,21.19,-17.19,20.38,9.11,0,1.70,-0.0396,0.0795,1,0.893,0.000,0.00,0.00,0.893,0
9.69,23.69,353.31,0.9737,-0.1968,-0.0987,0.0591,1.51,-4.49,6.84,18.00,-9.56,24.31,8.32,0,1.70,-0.0431,0.0743,1,0.893,0.000,0.00,0.00,0.893,0
phase1 acc_mag=9.024 gravity=9.750 motion=0.726 moving_avg=1.705 rms=3.162 mean_rms=1.435 max_rms=3.162 min_rms=0.196 std=1.323 var=1.750 state=standing thr=4.081/4.281/4.781
9.25,23.44,351.44,0.9731,-0.1953,-0.0972,0.0745,1.83,-5.00,7.17,-3.50,1.12,21.81,8.93,0,1.70,-0.0436,0.0731,1,0.893,0.000,0.00,0.00,0.893,0
8.75,24.56,349.62,0.9701,-0.2020,-0.0994,0.0906,1.32,-5.91,6.01,15.50,-33.69,26.94,8.53,0,1.70,-0.0459,0.0748,1,0.893,0.000,0.00,0.00,0.893,0
7.94,26.31,345.75,0.9639,-0.2159,-0.0989,0.1202,2.23,-9.69,19.87,-56.44,82.31,55.19,22.22,0,1.70,-0.0485,0.0785,1,0.893,0.000,0.00,0.00,0.893,0
0.81,27.44,344.06,0.9620,-0.2339,-0.0405,0.1346,-4.08,-1.85,9.05,3.81,72.00,4.94,10.10,0,1.70,-0.0282,0.0878,1,0.893,0.000,0.00,0.00,0.893,0
phase1 acc_mag=7.932 gravity=10.253 motion=2.322 moving_avg=2.381 rms=3.878 mean_rms=2.077 max_rms=3.878 min_rms=0.215 std=1.356 var=1.838 state=standing thr=4.789/4.989/5.489
3.00,25.81,341.19,0.9614,-0.2158,-0.0632,0.1589,-0.30,-1.81,9.73,-3.19,-104.19,29.06,9.90,0,1.70,-0.0380,0.0790,1,0.893,0.000,0.00,0.00,0.893,0
5.38,27.44,338.31,0.9531,-0.2233,-0.0923,0.1824,3.71,-2.49,4.89,-0.44,-52.50,54.62,6.62,0,1.70,-0.0515,0.0784,1,0.893,0.000,0.00,0.00,0.893,0
6.62,30.00,335.19,0.9419,-0.2388,-0.1139,0.2070,1.74,-6.45,9.25,-16.19,-34.19,16.12,11.41,0,1.70,-0.0627,0.0805,2,0.846,1.074,76.14,1.27,1.739,0
7.38,27.94,333.62,0.9437,-0.2131,-0.1182,0.2234,-1.15,-4.80,8.48,67.56,-9.06,18.50,9.81,0,1.70,-0.0637,0.0699,2,0.846,1.074,76.14,1.27,1.739,0
phase1 acc_mag=6.579 gravity=10.101 motion=3.522 moving_avg=2.594 rms=3.976 mean_rms=2.849 max_rms=3.976 min_rms=0.428 std=1.136 var=1.290 state=standing thr=5.120/5.320/5.820
8.44,25.19,333.44,0.9474,-0.1931,-0.1234,0.2232,1.04,-3.51,7.53,9.31,-17.00,-26.81,8.37,0,1.70,-0.0640,0.0622,2,0.846,1.074,76.14,1.27,1.739,0
9.31,24.25,336.69,0.9559,-0.1860,-0.1231,0.1912,-0.86,-4.03,8.03,10.75,14.62,-66.56,9.03,0,1.70,-0.0613,0.0617,2,0.846,1.074,76.14,1.27,1.739,0
10.62,25.69,341.31,0.9581,-0.2012,-0.1296,0.1572,-0.57,-6.08,6.01,-58.94,4.38,-54.44,8.57,0,1.70,-0.0623,0.0689,2,0.846,1.074,76.14,1.27,1.739,0
10.12,29.31,342.81,0.9531,-0.2339,-0.1276,0.1436,4.64,-3.76,11.55,-55.56,35.00,29.94,13.00,0,1.70,-0.0621,0.0819,2,0.846,1.074,76.14,1.27,1.739,0
phase1 acc_mag=15.937 gravity=10.077 motion=5.860 moving_avg=2.204 rms=3.466 mean_rms=3.518 max_rms=3.985 min_rms=2.685 std=0.405 var=0.164 state=standing thr=4.328/4.528/5.028
7.19,33.56,343.81,0.9462,-0.2751,-0.1052,0.1344,5.63,-5.88,13.72,-36.94,46.12,-36.12,15.95,0,1.70,-0.0546,0.0985,2,0.846,1.074,76.14,1.27,1.739,0
7.75,35.75,347.88,0.9433,-0.2998,-0.1045,0.0971,1.50,-4.70,6.48,-43.25,6.56,-47.75,8.14,0,1.70,-0.0511,0.1091,2,0.846,1.074,76.14,1.27,1.739,0
7.94,36.31,347.12,0.9432,-0.2963,-0.1052,0.1072,2.51,-3.04,4.39,44.69,13.50,13.06,5.90,0,1.70,-0.0524,0.1073,3,0.804,1.355,101.18,1.69,2.543,0
6.62,33.69,346.94,0.9495,-0.2795,-0.0930,0.1084,1.92,-2.68,9.12,-1.38,32.12,-4.50,9.70,0,1.70,-0.0474,0.1021,3,0.804,1.355,101.18,1.69,2.543,0
phase1 acc_mag=12.719 gravity=10.050 motion=2.669 moving_avg=2.179 rms=3.118 mean_rms=3.519 max_rms=3.985 min_rms=2.968 std=0.401 var=0.161 state=standing thr=4.321/4.521/5.021
6.19,35.25,348.50,0.9469,-0.2947,-0.0867,0.0951,2.13,-5.94,7.77,-12.81,-8.25,-19.00,10.01,0,1.70,-0.0440,0.1083,3,0.804,1.355,101.18,1.69,2.543,0
7.44,35.06,348.94,0.9475,-0.2899,-0.0978,0.0930,2.18,-6.24,5.59,18.06,-15.38,4.69,8.66,0,1.70,-0.0478,0.1062,3,0.804,1.355,101.18,1.69,2.543,0
7.25,33.69,347.62,0.9497,-0.2794,-0.0970,0.1026,1.16,-5.47,6.87,5.38,0.56,13.19,8.86,0,1.70,-0.0483,0.1022,3,0.804,1.355,101.18,1.69,2.543,0
7.94,35.12,346.69,0.9449,-0.2891,-0.1068,0.1101,2.46,-6.05,6.55,-18.81,-38.00,4.06,9.25,0,1.70,-0.0531,0.1046,3,0.804,1.355,101.18,1.69,2.543,0
phase1 acc_mag=9.940 gravity=10.061 motion=0.122 moving_avg=2.275 rms=3.158 mean_rms=3.517 max_rms=3.985 min_rms=2.968 std=0.402 var=0.162 state=standing thr=4.322/4.522/5.022
10.62,35.94,346.31,0.9407,-0.2908,-0.1330,0.1129,1.41,-5.82,5.79,10.12,-51.38,-13.31,8.33,0,1.70,-0.0632,0.1034,3,0.804,1.355,101.18,1.69,2.543,0
13.50,36.25,345.88,0.9365,-0.2859,-0.1640,0.1202,2.88,-5.95,6.91,-10.06,-53.69,-4.75,9.56,0,1.70,-0.0752,0.0992,3,0.804,1.355,101.18,1.69,2.543,0
8.62,39.81,343.56,0.9277,-0.3301,-0.1128,0.1332,-0.49,-8.98,12.68,-62.12,176.00,63.44,15.55,0,1.70,-0.0594,0.1165,3,0.804,1.355,101.18,1.69,2.543,0
0.50,34.31,345.38,0.9510,-0.2814,-0.0306,0.1241,0.49,0.39,4.27,135.75,123.56,30.12,4.32,0,1.70,-0.0256,0.1055,3,0.804,1.355,101.18,1.69,2.543,0
phase1 acc_mag=5.475 gravity=9.962 motion=4.487 moving_avg=2.373 rms=3.437 mean_rms=3.450 max_rms=3.985 min_rms=2.968 std=0.395 var=0.156 state=standing thr=4.240/4.440/4.940
-1.75,31.25,344.88,0.9545,-0.2693,-0.0190,0.1263,-1.62,-4.45,10.11,5.06,-36.50,10.56,11.16,0,1.70,-0.0209,0.1019,4,0.885,1.317,89.29,1.49,3.428,0
0.25,33.50,342.12,0.9450,-0.2857,-0.0516,0.1505,0.23,-4.64,8.84,-24.81,-54.69,6.44,9.99,0,1.70,-0.0367,0.1049,4,0.885,1.317,89.29,1.49,3.428,0
1.56,33.06,342.19,0.9470,-0.2788,-0.0583,0.1483,0.00,-4.55,9.34,30.81,13.25,1.56,10.39,0,1.70,-0.0386,0.1022,4,0.885,1.317,89.29,1.49,3.428,0
phase1 acc_mag=9.128 gravity=10.074 motion=0.946 moving_avg=2.231 rms=3.356 mean_rms=3.330 max_rms=3.985 min_rms=2.968 std=0.297 var=0.088 state=standing thr=3.923/4.123/4.623
-0.12,31.94,342.38,0.9501,-0.2725,-0.0390,0.1468,-0.38,-3.33,8.49,4.38,24.56,1.81,9.13,0,1.70,-0.0308,0.1013,4,0.885,1.317,89.29,1.49,3.428,0
-0.12,32.38,341.50,0.9474,-0.2760,-0.0460,0.1556,-0.52,-3.32,8.92,-10.62,-32.44,8.75,9.53,0,1.70,-0.0346,0.1017,4,0.885,1.317,89.29,1.49,3.428,0
1.56,33.50,340.06,0.9431,-0.2813,-0.0640,0.1653,0.11,-4.08,8.20,-16.62,-30.25,6.00,9.16,0,1.70,-0.0427,0.1019,4,0.885,1.317,89.29,1.49,3.428,0
2.62,34.62,339.12,0.9387,-0.2881,-0.0776,0.1725,0.93,-3.59,8.56,-16.31,-16.62,8.94,9.33,0,1.70,-0.0490,0.1028,4,0.885,1.317,89.29,1.49,3.428,0
phase1 acc_mag=9.852 gravity=9.814 motion=0.038 moving_avg=1.971 rms=3.119 mean_rms=3.232 max_rms=3.440 min_rms=2.968 std=0.133 var=0.018 state=standing thr=3.498/3.698/4.198
0.50,34.69,337.06,0.9354,-0.2916,-0.0642,0.1895,1.64,-3.16,9.98,16.56,57.38,73.81,10.60,0,1.70,-0.0461,0.1042,4,0.885,1.317,89.29,1.49,3.428,0
-3.44,33.88,336.25,0.9357,-0.2935,-0.0278,0.1939,-7.29,-6.74,8.52,15.75,35.12,-0.06,13.08,0,1.70,-0.0332,0.1077,4,0.885,1.317,89.29,1.49,3.428,0
-2.75,37.75,337.94,0.9274,-0.3259,-0.0357,0.1802,2.05,-13.53,8.33,-38.38,20.38,3.44,16.02,0,1.70,-0.0367,0.1183,4,0.885,1.317,89.29,1.49,3.428,0
-1.94,36.12,336.69,0.9310,-0.3076,-0.0448,0.1916,1.54,-5.04,3.74,55.31,-53.44,-8.69,6.46,0,1.70,-0.0403,0.1111,4,0.885,1.317,89.29,1.49,3.428,0
phase1 acc_mag=8.345 gravity=10.457 motion=2.112 moving_avg=2.243 rms=3.523 mean_rms=3.276 max_rms=3.523 min_rms=3.051 std=0.131 var=0.017 state=standing thr=3.538/3.738/4.238
0.12,32.56,336.25,0.9393,-0.2742,-0.0592,0.1973,-4.13,-4.46,7.01,12.69,5.69,29.19,9.28,0,1.70,-0.0439,0.0984,4,0.885,1.317,89.29,1.49,3.428,0
1.25,32.44,335.12,0.9370,-0.2701,-0.0764,0.2079,0.04,-3.74,6.11,-1.62,-53.75,-4.38,7.16,0,1.70,-0.0511,0.0949,5,0.862,0.967,67.34,1.12,4.290,0
4.19,33.50,335.06,0.9344,-0.2727,-0.0995,0.2064,1.48,-6.02,8.06,-10.19,-25.19,-4.19,10.17,0,1.70,-0.0597,0.0937,5,0.862,0.967,67.34,1.12,4.290,0
5.38,34.75,334.19,0.9288,-0.2792,-0.1155,0.2147,2.19,-5.91,6.91,-2.19,-23.19,17.12,9.35,0,1.70,-0.0669,0.0938,5,0.862,0.967,67.34,1.12,4.290,0
phase1 acc_mag=8.842 gravity=10.451 motion=1.609 moving_avg=2.319 rms=3.580 mean_rms=3.363 max_rms=3.584 min_rms=3.051 std=0.155 var=0.024 state=standing thr=3.673/3.873/4.373
5.25,34.56,333.00,0.9276,-0.2768,-0.1161,0.2223,2.02,-4.93,8.56,8.00,-0.31,-34.00,10.08,0,1.70,-0.0677,0.0924,5,0.862,0.967,67.34,1.12,4.290,0
5.19,33.56,333.75,0.9318,-0.2684,-0.1092,0.2188,4.12,-2.56,6.93,22.69,19.81,23.75,8.46,0,1.70,-0.0642,0.0905,5,0.862,0.967,67.34,1.12,4.290,0
4.06,31.81,332.50,0.9336,-0.2570,-0.1012,0.2282,0.30,-6.11,8.73,57.06,-41.88,28.56,10.66,0,1.70,-0.0613,0.0867,5,0.862,0.967,67.34,1.12,4.290,0
6.31,26.19,330.94,0.9420,-0.2003,-0.1104,0.2457,1.15,-5.50,8.63,52.06,-3.94,15.94,10.30,0,1.70,-0.0613,0.0646,5,0.862,0.967,67.34,1.12,4.290,0
phase1 acc_mag=17.802 gravity=10.123 motion=7.679 moving_avg=1.663 rms=2.537 mean_rms=3.294 max_rms=3.584 min_rms=2.421 std=0.313 var=0.098 state=standing thr=3.920/4.120/4.620
4.94,26.31,330.19,0.9402,-0.2079,-0.1016,0.2499,-1.23,-9.30,14.31,-3.19,47.62,3.38,17.11,0,1.70,-0.0590,0.0680,5,0.862,0.967,67.34,1.12,4.290,0
2.06,23.56,328.31,0.9416,-0.1913,-0.0739,0.2672,0.39,-2.31,3.56,24.19,-31.62,54.56,4.26,0,1.70,-0.0483,0.0642,6,0.835,1.395,100.17,1.67,5.125,0
4.50,22.75,325.75,0.9353,-0.1762,-0.0992,0.2903,-0.51,-4.93,7.80,12.81,-47.19,25.12,9.24,0,1.70,-0.0576,0.0544,6,0.835,1.395,100.17,1.67,5.125,0
phase1 acc_mag=10.679 gravity=10.094 motion=0.586 moving_avg=2.195 rms=3.271 mean_rms=3.248 max_rms=3.584 min_rms=2.421 std=0.321 var=0.103 state=standing thr=3.890/4.090/4.590
3.62,24.12,324.25,0.9304,-0.1885,-0.0952,0.2996,1.30,-3.31,10.07,-27.25,35.62,14.12,10.68,0,1.70,-0.0580,0.0588,6,0.835,1.395,100.17,1.67,5.125,0
1.88,25.88,327.69,0.9360,-0.2104,-0.0788,0.2709,-1.05,-4.03,8.41,1.62,38.31,-38.31,9.38,0,1.70,-0.0523,0.0702,6,0.835,1.395,100.17,1.67,5.125,0
1.50,26.31,330.06,0.9410,-0.2180,-0.0716,0.2486,0.06,-4.10,8.49,-18.62,16.88,-27.31,9.43,0,1.70,-0.0486,0.0749,6,0.835,1.395,100.17,1.67,5.125,0
1.31,28.06,332.44,0.9422,-0.2327,-0.0693,0.2308,-0.30,-5.94,9.51,-29.56,14.94,-32.00,11.22,0,1.70,-0.0476,0.0813,6,0.835,1.395,100.17,1.67,5.125,0
phase1 acc_mag=10.356 gravity=10.153 motion=0.202 moving_avg=2.136 rms=3.249 mean_rms=3.247 max_rms=3.584 min_rms=2.421 std=0.318 var=0.101 state=standing thr=3.882/4.082/4.582
1.88,27.56,334.69,0.9476,-0.2287,-0.0691,0.2124,-0.62,-5.46,9.61,20.75,0.50,-32.00,11.07,0,1.70,-0.0456,0.0808,6,0.835,1.395,100.17,1.67,5.125,0
2.94,26.81,338.94,0.9565,-0.2244,-0.0679,0.1738,0.19,-3.20,8.54,-12.62,17.25,-63.88,9.12,0,1.70,-0.0416,0.0811,6,0.835,1.395,100.17,1.67,5.125,0
3.31,26.81,345.00,0.9640,-0.2260,-0.0598,0.1268,-0.44,-4.86,8.84,-5.56,22.69,-90.56,10.10,0,1.70,-0.0345,0.0841,6,0.835,1.395,100.17,1.67,5.125,0
4.44,25.62,350.00,0.9713,-0.2155,-0.0591,0.0818,-1.84,-6.44,11.84,16.69,12.12,-36.56,13.60,0,1.70,-0.0300,0.0818,6,0.835,1.395,100.17,1.67,5.125,0
phase1 acc_mag=13.591 gravity=9.848 motion=3.743 moving_avg=1.587 rms=2.563 mean_rms=3.132 max_rms=3.584 min_rms=2.421 std=0.373 var=0.139 state=standing thr=3.878/4.078/4.578
5.75,24.88,353.06,0.9736,-0.2111,-0.0643,0.0587,-0.13,-3.04,8.83,23.44,-5.12,-32.19,9.34,0,1.70,-0.0300,0.0807,6,0.835,1.395,100.17,1.67,5.125,0
6.88,24.12,354.25,0.9750,-0.2039,-0.0726,0.0495,2.08,-5.66,5.69,7.62,-9.19,3.81,8.29,0,1.70,-0.0324,0.0781,6,0.835,1.395,100.17,1.67,5.125,0
5.81,23.00,353.38,0.9770,-0.1958,-0.0634,0.0565,-1.40,-4.34,7.37,0.62,3.00,-2.56,8.67,0,1.70,-0.0292,0.0751,6,0.835,1.395,100.17,1.67,5.125,0
6.69,23.81,355.56,0.9761,-0.2028,-0.0676,0.0376,1.48,-4.55,8.16,-16.50,9.50,-51.62,9.46,0,1.70,-0.0295,0.0782,6,0.835,1.395,100.17,1.67,5.125,0
phase1 acc_mag=9.545 gravity=9.931 motion=0.386 moving_avg=1.573 rms=2.542 mean_rms=2.904 max_rms=3.574 min_rms=2.421 std=0.349 var=0.122 state=standing thr=3.602/3.802/4.302
7.25,23.94,358.00,0.9761,-0.2055,-0.0684,0.0168,1.23,-4.61,7.79,-1.12,0.69,-12.69,9.14,0,1.70,-0.0281,0.0798,6,0.835,1.395,100.17,1.67,5.125,0
7.38,24.44,357.75,0.9752,-0.2092,-0.0702,0.0186,1.66,-5.24,7.68,6.00,-1.19,12.00,9.44,0,1.70,-0.0289,0.0811,6,0.835,1.395,100.17,1.67,5.125,0
6.81,23.62,356.12,0.9768,-0.2001,-0.0673,0.0361,1.69,-5.14,7.86,24.75,-4.06,36.88,9.54,0,1.70,-0.0292,0.0772,6,0.835,1.395,100.17,1.67,5.125,0
5.62,21.50,351.19,0.9783,-0.1819,-0.0646,0.0750,-0.37,-5.43,6.46,29.88,-15.69,90.69,8.45,0,1.70,-0.0307,0.0693,6,0.835,1.395,100.17,1.67,5.125,0
phase1 acc_mag=7.459 gravity=9.395 motion=1.936 moving_avg=1.214 rms=1.821 mean_rms=2.808 max_rms=3.275 min_rms=1.812 std=0.400 var=0.160 state=standing thr=3.608/3.808/4.308
5.81,21.19,345.56,0.9734,-0.1735,-0.0759,0.1285,0.23,-5.65,8.56,21.94,-33.25,55.88,10.26,0,1.70,-0.0385,0.0637,7,0.706,0.547,46.48,0.77,5.831,0
5.25,20.56,342.69,0.9717,-0.1690,-0.0732,0.1478,2.21,-5.49,16.72,-6.25,38.25,29.81,17.74,0,1.70,-0.0384,0.0614,7,0.706,0.547,46.48,0.77,5.831,0
3.44,22.69,347.06,0.9745,-0.1906,-0.0526,0.1061,-1.97,-1.34,11.22,7.44,30.50,-71.62,11.47,0,1.70,-0.0286,0.0721,7,0.706,0.547,46.48,0.77,5.831,0
5.31,22.25,349.06,0.9753,-0.1865,-0.0696,0.0952,-0.29,-2.28,7.54,6.00,-48.06,11.94,7.88,0,1.70,-0.0343,0.0701,7,0.706,0.547,46.48,0.77,5.831,0
phase1 acc_mag=7.309 gravity=10.087 motion=2.778 moving_avg=1.280 rms=1.933 mean_rms=2.497 max_rms=3.275 min_rms=1.341 std=0.511 var=0.261 state=standing thr=3.519/3.719/4.219
7.06,21.94,345.88,0.9720,-0.1791,-0.0863,0.1255,1.43,-2.72,6.43,18.44,-25.06,58.44,7.13,0,1.70,-0.0425,0.0653,8,0.778,2.568,198.02,3.30,6.609,0
6.25,21.31,342.12,0.9689,-0.1738,-0.0837,0.1550,0.20,-3.02,9.19,0.56,-4.75,33.62,9.68,0,1.70,-0.0432,0.0622,8,0.778,2.568,198.02,3.30,6.609,0
5.62,22.06,341.94,0.9681,-0.1809,-0.0797,0.1539,-0.15,-3.67,9.39,-8.19,21.62,-19.75,10.08,0,1.70,-0.0420,0.0652,8,0.778,2.568,198.02,3.30,6.609,0
5.38,21.38,343.19,0.9711,-0.1760,-0.0745,0.1431,0.04,-3.60,8.51,15.69,-1.31,-15.50,9.24,0,1.70,-0.0390,0.0641,8,0.778,2.568,198.02,3.30,6.609,0
phase1 acc_mag=8.598 gravity=9.999 motion=1.401 moving_avg=1.373 rms=2.013 mean_rms=2.228 max_rms=2.812 min_rms=1.341 std=0.350 var=0.123 state=standing thr=2.929/3.129/3.629
6.31,20.50,343.31,0.9722,-0.1676,-0.0811,0.1423,-0.21,-3.86,7.24,8.19,-16.81,1.00,8.21,0,1.70,-0.0411,0.0606,8,0.778,2.568,198.02,3.30,6.609,0
6.75,20.50,343.00,0.9716,-0.1663,-0.0856,0.1449,-0.32,-4.61,7.69,-2.25,-6.88,7.19,8.97,0,1.70,-0.0429,0.0597,8,0.778,2.568,198.02,3.30,6.609,0
7.00,21.38,342.69,0.9708,-0.1725,-0.0893,0.1411,2.16,-4.24,7.23,5.06,16.62,-70.56,8.66,0,1.70,-0.0444,0.0620,8,0.778,2.568,198.02,3.30,6.609,0
7.44,23.94,344.94,0.9678,-0.1959,-0.0933,0.1278,1.87,-4.32,10.39,-36.69,4.00,-6.56,11.41,0,1.70,-0.0461,0.0711,8,0.778,2.568,198.02,3.30,6.609,0
phase1 acc_mag=17.466 gravity=9.787 motion=7.680 moving_avg=1.328 rms=2.000 mean_rms=2.105 max_rms=2.553 min_rms=1.341 std=0.313 var=0.098 state=standing thr=2.731/2.931/3.431
3.50,26.44,342.50,0.9606,-0.2290,-0.0596,0.1456,5.35,-8.33,16.09,-83.25,90.00,1.19,18.89,0,1.70,-0.0362,0.0845,8,0.778,2.568,198.02,3.30,6.609,0
3.62,29.12,348.50,0.9625,-0.2468,-0.0582,0.0968,0.21,-3.34,5.41,-41.88,-44.50,-50.25,6.36,0,1.70,-0.0319,0.0927,9,0.859,1.330,92.88,1.55,7.469,0
6.44,28.94,349.75,0.9638,-0.2386,-0.0792,0.0887,-0.03,-2.07,8.84,53.62,-2.75,20.06,9.08,0,1.70,-0.0390,0.0892,9,0.859,1.330,92.88,1.55,7.469,0
6.25,29.06,348.69,0.9615,-0.2452,-0.0831,0.0927,1.15,-4.12,8.32,-28.31,-14.38,-31.38,9.36,0,1.70,-0.0410,0.0912,9,0.859,1.330,92.88,1.55,7.469,0
phase1 acc_mag=9.996 gravity=9.817 motion=0.178 moving_avg=1.912 rms=3.012 mean_rms=2.183 max_rms=3.012 min_rms=1.341 std=0.442 var=0.195 state=standing thr=3.066/3.266/3.766
7.19,27.69,348.81,0.9645,-0.2306,-0.0878,0.0943,2.30,-4.35,8.77,56.25,-8.19,31.75,10.06,0,1.70,-0.0426,0.0856,9,0.859,1.330,92.88,1.55,7.469,0
6.56,26.25,346.12,0.9649,-0.2169,-0.0872,0.1194,2.04,-5.15,7.18,3.62,-20.12,23.44,9.07,0,1.70,-0.0440,0.0795,9,0.859,1.330,92.88,1.55,7.469,0
7.31,25.88,344.50,0.9639,-0.2120,-0.0948,0.1306,1.48,-4.70,6.70,6.00,-13.81,13.38,8.32,0,1.70,-0.0476,0.0768,9,0.859,1.330,92.88,1.55,7.469,0
5.88,26.38,343.38,0.9619,-0.2186,-0.0826,0.1422,0.37,-5.69,7.20,-6.56,27.12,29.62,9.18,0,1.70,-0.0442,0.0794,9,0.859,1.330,92.88,1.55,7.469,0
phase1 acc_mag=9.850 gravity=9.684 motion=0.166 moving_avg=1.875 rms=2.939 mean_rms=2.379 max_rms=3.032 min_rms=1.630 std=0.507 var=0.257 state=standing thr=3.393/3.593/4.093
4.06,26.69,341.94,0.9603,-0.2221,-0.0724,0.1523,0.84,-5.82,6.90,-11.75,1.75,16.94,9.07,0,1.70,-0.0414,0.0809,9,0.859,1.330,92.88,1.55,7.469,0
3.69,28.88,341.06,0.9532,-0.2457,-0.0734,0.1604,1.24,-4.83,9.12,-65.69,8.44,27.31,10.39,0,1.70,-0.0438,0.0890,9,0.859,1.330,92.88,1.55,7.469,0
-2.38,32.44,339.44,0.9446,-0.2787,-0.0280,0.1708,-5.75,-6.80,18.33,23.38,157.06,11.69,20.38,0,1.70,-0.0296,0.1034,9,0.859,1.330,92.88,1.55,7.469,0
-4.81,29.88,341.19,0.9534,-0.2571,-0.0004,0.1579,-0.98,1.71,6.00,47.00,-24.38,0.56,6.32,0,1.70,-0.0164,0.0980,9,0.859,1.330,92.88,1.55,7.469,0
phase1 acc_mag=4.640 gravity=10.203 motion=5.563 moving_avg=2.322 rms=4.003 mean_rms=2.669 max_rms=4.003 min_rms=1.843 std=0.603 var=0.363 state=slow thr=3.874/4.074/4.574
-2.56,28.25,339.31,0.9537,-0.2444,-0.0208,0.1740,-2.38,-3.14,5.23,31.69,-57.88,34.31,6.55,0,1.70,-0.0249,0.0918,10,0.910,1.182,77.92,1.30,8.378,0
-1.38,26.69,334.62,0.9485,-0.2286,-0.0403,0.2153,3.11,-1.59,6.65,-10.62,-22.06,16.12,7.51,0,1.70,-0.0350,0.0833,10,0.910,1.182,77.92,1.30,8.378,0
0.31,26.25,335.38,0.9514,-0.2216,-0.0518,0.2076,-1.00,-3.16,12.56,22.12,-9.44,-18.25,12.99,0,1.70,-0.0381,0.0800,10,0.910,1.182,77.92,1.30,8.378,0
0.06,27.00,339.19,0.9564,-0.2298,-0.0432,0.1753,-0.32,-3.25,8.06,-10.88,33.69,-41.12,8.70,0,1.70,-0.0326,0.0849,10,0.910,1.182,77.92,1.30,8.378,0
phase1 acc_mag=8.233 gravity=10.098 motion=1.865 moving_avg=2.631 rms=4.162 mean_rms=3.132 max_rms=4.168 min_rms=1.843 std=0.722 var=0.522 state=standing thr=4.577/4.777/5.277
-0.19,26.69,340.44,0.9588,-0.2281,-0.0370,0.1650,-0.23,-3.50,8.53,1.38,4.50,-2.75,9.22,0,1.70,-0.0293,0.0851,10,0.910,1.182,77.92,1.30,8.378,0
-0.38,26.56,339.56,0.9577,-0.2273,-0.0370,0.1725,-0.95,-3.18,8.80,1.81,-13.31,16.75,9.41,0,1.70,-0.0299,0.0845,10,0.910,1.182,77.92,1.30,8.378,0
0.19,27.00,339.12,0.9561,-0.2300,-0.0448,0.1760,-0.76,-3.93,9.23,-7.31,-4.62,0.75,10.06,0,1.70,-0.0333,0.0848,10,0.910,1.182,77.92,1.30,8.378,0
0.81,27.56,339.62,0.9557,-0.2336,-0.0499,0.1716,-0.57,-3.76,8.30,-8.06,-6.50,-14.19,9.13,0,1.70,-0.0351,0.0859,10,0.910,1.182,77.92,1.30,8.378,0
phase1 acc_mag=9.287 gravity=9.843 motion=0.556 moving_avg=2.058 rms=3.493 mean_rms=3.516 max_rms=4.168 min_rms=2.665 std=0.567 var=0.321 state=standing thr=4.650/4.850/5.350
1.81,28.19,340.56,0.9552,-0.2400,-0.0571,0.1635,-1.27,-4.10,9.62,-27.06,3.06,-0.12,10.53,0,1.70,-0.0375,0.0880,10,0.910,1.182,77.92,1.30,8.378,0
1.06,29.56,340.62,0.9531,-0.2500,-0.0523,0.1623,0.90,-3.63,8.34,7.00,4.00,0.00,9.14,0,1.70,-0.0362,0.0919,10,0.910,1.182,77.92,1.30,8.378,0
1.31,30.00,341.00,0.9527,-0.2533,-0.0546,0.1589,1.36,-4.29,8.23,-20.62,-5.88,-11.31,9.38,0,1.70,-0.0369,0.0931,10,0.910,1.182,77.92,1.30,8.378,0
1.81,30.19,340.25,0.9509,-0.2531,-0.0613,0.1673,1.26,-4.29,9.06,6.50,-13.06,21.06,10.10,0,1.70,-0.0402,0.0922,10,0.910,1.182,77.92,1.30,8.378,0
phase1 acc_mag=9.499 gravity=10.135 motion=0.635 moving_avg=1.973 rms=3.416 mean_rms=3.605 max_rms=4.168 min_rms=2.665 std=0.508 var=0.258 state=standing thr=4.621/4.821/5.321
1.88,30.38,339.12,0.9490,-0.2548,-0.0641,0.1746,0.88,-4.80,8.03,-9.94,-10.44,8.19,9.40,0,1.70,-0.0421,0.0922,10,0.910,1.182,77.92,1.30,8.378,0
2.75,31.00,338.56,0.9460,-0.2585,-0.0756,0.1801,1.14,-4.71,8.44,-7.81,-12.19,10.12,9.73,0,1.70,-0.0472,0.0924,10,0.910,1.182,77.92,1.30,8.378,0
3.25,31.44,337.94,0.9444,-0.2604,-0.0808,0.1838,1.82,-4.58,9.07,-5.69,-9.44,4.94,10.32,0,1.70,-0.0497,0.0924,10,0.910,1.182,77.92,1.30,8.378,0
3.38,31.69,338.06,0.9437,-0.2633,-0.0817,0.1828,1.67,-5.20,8.43,-10.69,4.00,5.19,10.04,0,1.70,-0.0501,0.0934,10,0.910,1.182,77.92,1.30,8.378,0
phase1 acc_mag=9.722 gravity=10.335 motion=0.613 moving_avg=1.867 rms=3.382 mean_rms=3.697 max_rms=4.168 min_rms=2.665 std=0.409 var=0.167 state=standing thr=4.514/4.714/5.214
2.88,31.94,338.12,0.9437,-0.2649,-0.0781,0.1822,1.75,-4.46,8.31,-0.19,9.12,-0.06,9.59,0,1.70,-0.0488,0.0943,10,0.910,1.182,77.92,1.30,8.378,0
2.25,31.81,338.50,0.9449,-0.2651,-0.0699,0.1787,2.16,-3.36,8.24,9.50,17.88,-2.38,9.16,0,1.70,-0.0454,0.0952,10,0.910,1.182,77.92,1.30,8.378,0
1.25,30.50,340.88,0.9512,-0.2578,-0.0550,0.1600,1.42,-1.18,8.61,26.50,41.38,-27.50,8.81,0,1.70,-0.0374,0.0946,10,0.910,1.182,77.92,1.30,8.378,0
phase1 acc_mag=11.082 gravity=9.758 motion=1.324 moving_avg=0.897 rms=1.175 mean_rms=3.383 max_rms=4.168 min_rms=1.175 std=0.826 var=0.681 state=standing thr=5.034/5.234/5.734
-0.75,27.81,340.75,0.9573,-0.2346,-0.0311,0.1660,-0.04,-3.80,10.41,61.50,11.62,36.06,11.08,0,1.70,-0.0275,0.0878,10,0.910,1.182,77.92,1.30,8.378,0
-3.94,27.06,337.44,0.9534,-0.2311,-0.0101,0.1938,-3.43,-5.08,8.17,59.69,-15.06,47.62,10.21,0,1.70,-0.0218,0.0873,10,0.910,1.182,77.92,1.30,8.378,0
-3.00,24.38,336.75,0.9571,-0.2120,-0.0162,0.1969,-2.47,-2.24,3.34,5.69,-28.25,-13.19,4.72,0,1.70,-0.0229,0.0799,11,0.795,0.536,40.46,0.67,9.174,0
-2.25,23.94,333.94,0.9520,-0.2070,-0.0263,0.2241,-0.45,-3.61,10.36,3.19,-12.44,59.94,10.98,0,1.70,-0.0286,0.0765,11,0.795,0.536,40.46,0.67,9.174,0
phase1 acc_mag=10.328 gravity=9.812 motion=0.516 moving_avg=1.231 rms=2.079 mean_rms=2.934 max_rms=4.162 min_rms=1.175 std=0.902 var=0.813 state=standing thr=4.737/4.937/5.437
-3.50,25.06,333.12,0.9490,-0.2181,-0.0197,0.2266,-0.74,-4.12,8.52,-8.81,18.62,-5.62,9.49,0,1.70,-0.0272,0.0810,11,0.795,0.536,40.46,0.67,9.174,0
-3.62,26.44,335.12,0.9504,-0.2321,-0.0173,0.2065,-1.94,-4.13,8.36,-19.31,10.56,-33.69,9.52,0,1.70,-0.0258,0.0868,11,0.795,0.536,40.46,0.67,9.174,0
-3.44,27.75,337.12,0.9512,-0.2410,-0.0167,0.1921,-0.91,-3.90,8.98,-17.06,14.62,-14.25,9.83,0,1.70,-0.0249,0.0904,11,0.795,0.536,40.46,0.67,9.174,0
-4.56,27.75,337.38,0.9513,-0.2429,-0.0064,0.1898,-1.01,-2.87,8.70,0.75,9.81,-6.44,9.22,0,1.70,-0.0209,0.0919,11,0.795,0.536,40.46,0.67,9.174,0
phase1 acc_mag=9.636 gravity=9.765 motion=0.129 moving_avg=1.214 rms=2.074 mean_rms=2.566 max_rms=3.419 min_rms=1.175 std=0.783 var=0.613 state=standing thr=4.132/4.332/4.832
-3.94,28.44,339.31,0.9537,-0.2476,-0.0096,0.1704,-0.89,-3.52,9.29,1.25,2.12,-42.75,9.97,0,1.70,-0.0205,0.0938,11,0.795,0.536,40.46,0.67,9.174,0
-2.25,27.12,341.75,0.9595,-0.2351,-0.0170,0.1540,-2.34,-2.24,9.28,26.75,-21.12,-53.00,9.83,0,1.70,-0.0210,0.0892,11,0.795,0.536,40.46,0.67,9.174,0
1.31,26.25,347.31,0.9686,-0.2225,-0.0358,0.1052,-5.33,-6.46,10.30,40.19,12.81,-59.94,13.28,0,1.70,-0.0232,0.0847,11,0.795,0.536,40.46,0.67,9.174,0
0.38,25.19,347.06,0.9696,-0.2167,-0.0281,0.1099,0.24,-5.48,7.85,-1.12,45.00,-9.44,9.58,0,1.70,-0.0204,0.0828,11,0.795,0.536,40.46,0.67,9.174,0
phase1 acc_mag=7.114 gravity=10.134 motion=3.020 moving_avg=1.489 rms=2.522 mean_rms=2.305 max_rms=3.417 min_rms=1.175 std=0.658 var=0.433 state=standing thr=3.622/3.822/4.322
0.31,26.62,348.50,0.9683,-0.2289,-0.0308,0.0956,1.63,-2.81,2.53,-10.38,-32.56,-28.81,4.12,0,1.70,-0.0207,0.0875,12,0.828,1.120,81.19,1.35,10.001,1
3.00,25.88,349.00,0.9704,-0.2175,-0.0469,0.0941,-1.42,-3.14,9.29,37.62,10.69,14.06,9.91,0,1.70,-0.0264,0.0827,12,0.828,1.120,81.19,1.35,10.001,0
1.81,25.94,349.31,0.9700,-0.2222,-0.0375,0.0906,-1.19,-4.34,9.17,-25.62,17.00,-29.06,10.21,0,1.70,-0.0226,0.0849,12,0.828,1.120,81.19,1.35,10.001,0
1.94,26.56,350.75,0.9698,-0.2278,-0.0369,0.0780,1.70,-5.22,7.38,-4.75,-3.38,-6.44,9.20,0,1.70,-0.0214,0.0872,12,0.828,1.120,81.19,1.35,10.001,0
phase1 acc_mag=9.349 gravity=9.963 motion=0.614 moving_avg=1.652 rms=2.707 mean_rms=2.158 max_rms=3.381 min_rms=1.175 std=0.440 var=0.194 state=standing thr=3.038/3.238/3.738
2.62,26.62,349.69,0.9689,-0.2275,-0.0444,0.0870,1.11,-4.81,8.40,-14.25,-17.44,15.62,9.74,0,1.70,-0.0251,0.0866,12,0.828,1.120,81.19,1.35,10.001,0
2.88,27.69,347.88,0.9651,-0.2355,-0.0513,0.1025,0.80,-4.30,7.99,-4.31,-19.31,17.62,9.11,0,1.70,-0.0294,0.0888,12,0.828,1.120,81.19,1.35,10.001,0
2.94,28.38,346.19,0.9617,-0.2409,-0.0554,0.1185,0.82,-4.12,8.81,-10.56,-0.50,25.06,9.76,0,1.70,-0.0327,0.0900,12,0.828,1.120,81.19,1.35,10.001,0
phase1 acc_mag=10.176 gravity=9.730 motion=0.447 moving_avg=1.386 rms=2.389 mean_rms=2.335 max_rms=2.709 min_rms=1.650 std=0.324 var=0.105 state=standing thr=2.983/3.183/3.683
1.81,28.69,344.31,0.9596,-0.2433,-0.0500,0.1320,1.45,-3.82,9.32,-6.19,11.62,21.88,10.18,0,1.70,-0.0320,0.0907,12,0.828,1.120,81.19,1.35,10.001,0
-1.44,28.50,342.56,0.9580,-0.2453,-0.0243,0.1465,-0.56,-3.59,8.15,13.69,14.38,38.56,8.92,0,1.70,-0.0237,0.0926,12,0.828,1.120,81.19,1.35,10.001,0
-2.62,27.19,339.00,0.9554,-0.2355,-0.0193,0.1768,0.60,-3.81,8.73,23.50,-15.19,53.88,9.54,0,1.70,-0.0240,0.0886,12,0.828,1.120,81.19,1.35,10.001,0
-2.50,25.25,335.12,0.9525,-0.2153,-0.0253,0.2143,-0.67,-4.16,8.93,33.19,-26.50,46.44,9.87,0,1.70,-0.0281,0.0798,12,0.828,1.120,81.19,1.35,10.001,0
phase1 acc_mag=13.514 gravity=9.924 motion=3.590 moving_avg=1.046 rms=1.931 mean_rms=2.337 max_rms=2.709 min_rms=1.875 std=0.324 var=0.105 state=standing thr=2.985/3.185/3.685
-3.94,25.56,330.62,0.9428,-0.2229,-0.0215,0.2469,-3.40,-7.89,12.78,-39.62,9.19,45.38,15.40,0,1.70,-0.0301,0.0819,12,0.828,1.120,81.19,1.35,10.001,0
-6.50,24.38,325.69,0.9326,-0.2182,-0.0065,0.2874,-0.49,-2.53,4.22,2.31,0.50,35.44,4.94,0,1.70,-0.0275,0.0807,13,0.770,0.868,67.64,1.13,10.772,1
-6.31,24.44,323.94,0.9280,-0.2183,-0.0115,0.3016,-3.03,-5.40,8.74,8.88,-5.75,52.38,10.71,0,1.70,-0.0306,0.0796,13,0.770,0.868,67.64,1.13,10.772,0
-8.38,23.81,320.31,0.9175,-0.2194,0.0031,0.3315,-0.88,-3.79,8.68,-14.62,21.88,22.75,9.51,0,1.70,-0.0280,0.0809,13,0.770,0.868,67.64,1.13,10.772,0
phase1 acc_mag=10.151 gravity=9.978 motion=0.172 moving_avg=1.420 rms=2.401 mean_rms=2.391 max_rms=2.709 min_rms=1.875 std=0.299 var=0.089 state=standing thr=2.989/3.189/3.689
-10.06,23.81,320.94,0.9187,-0.2225,0.0163,0.3259,-3.53,-4.90,9.36,2.12,37.00,-13.06,11.14,0,1.70,-0.0230,0.0839,13,0.770,0.868,67.64,1.13,10.772,0
-12.00,24.81,322.12,0.9191,-0.2363,0.0349,0.3132,-1.79,-3.55,7.87,-8.88,31.62,-16.19,8.82,0,1.70,-0.0168,0.0913,13,0.770,0.868,67.64,1.13,10.772,0
-13.19,25.50,323.06,0.9193,-0.2429,0.0430,0.3069,-3.20,-4.09,8.49,3.44,13.75,2.62,9.95,0,1.70,-0.0140,0.0946,13,0.770,0.868,67.64,1.13,10.772,0
-13.19,25.06,322.81,0.9194,-0.2390,0.0431,0.3093,-3.38,-4.40,9.16,2.44,-8.75,1.94,10.71,0,1.70,-0.0137,0.0932,13,0.770,0.868,67.64,1.13,10.772,0
phase1 acc_mag=10.054 gravity=9.810 motion=0.244 moving_avg=0.918 rms=1.610 mean_rms=2.358 max_rms=2.709 min_rms=1.610 std=0.323 var=0.104 state=standing thr=3.004/3.204/3.704
-12.81,24.75,322.69,0.9200,-0.2360,0.0411,0.3102,-3.01,-4.02,8.11,4.06,-3.25,1.62,9.54,0,1.70,-0.0142,0.0920,13,0.770,0.868,67.64,1.13,10.772,0
-12.69,24.62,322.69,0.9203,-0.2349,0.0397,0.3104,-2.75,-4.26,8.52,-1.88,-6.12,-4.25,9.91,0,1.70,-0.0145,0.0914,13,0.770,0.868,67.64,1.13,10.772,0
-12.56,24.81,322.81,0.9202,-0.2367,0.0400,0.3091,-3.14,-4.32,8.34,0.50,-1.75,-2.94,9.90,0,1.70,-0.0146,0.0921,13,0.770,0.868,67.64,1.13,10.772,0
phase1 acc_mag=10.008 gravity=9.829 motion=0.179 moving_avg=0.851 rms=1.585 mean_rms=2.125 max_rms=2.706 min_rms=1.585 std=0.383 var=0.147 state=standing thr=2.891/3.091/3.591
-12.19,25.12,323.44,0.9218,-0.2372,0.0362,0.3044,-3.04,-4.38,8.47,2.25,-9.75,-14.94,10.01,0,1.70,-0.0155,0.0919,13,0.770,0.868,67.64,1.13,10.772,0
-11.62,25.69,323.50,0.9214,-0.2404,0.0303,0.3036,-3.12,-4.40,7.72,-14.31,-13.69,3.81,9.42,0,1.70,-0.0180,0.0923,13,0.770,0.868,67.64,1.13,10.772,0
-11.19,26.38,322.69,0.9178,-0.2466,0.0219,0.3105,-2.84,-5.05,7.36,-19.06,-8.38,6.56,9.37,0,1.70,-0.0226,0.0932,13,0.770,0.868,67.64,1.13,10.772,0
-10.38,26.81,322.62,0.9179,-0.2468,0.0149,0.3104,-2.47,-4.68,7.98,0.31,-13.75,-3.56,9.58,0,1.70,-0.0252,0.0925,13,0.770,0.868,67.64,1.13,10.772,0
phase1 acc_mag=10.104 gravity=9.831 motion=0.273 moving_avg=0.846 rms=1.585 mean_rms=1.919 max_rms=2.407 min_rms=1.577 std=0.333 var=0.111 state=standing thr=2.585/2.785/3.285
-9.44,26.94,322.69,0.9188,-0.2458,0.0043,0.3088,-2.53,-5.03,8.39,-6.69,-21.00,-18.19,10.10,0,1.70,-0.0288,0.0909,13,0.770,0.868,67.64,1.13,10.772,0
-6.50,28.06,326.25,0.9281,-0.2490,-0.0164,0.2764,-2.75,-5.04,6.82,-16.25,-13.69,-57.56,8.91,0,1.70,-0.0336,0.0906,13,0.770,0.868,67.64,1.13,10.772,0
-4.69,29.44,329.44,0.9322,-0.2560,-0.0258,0.2546,-0.22,-5.80,12.17,-11.44,22.50,-43.75,13.48,0,1.70,-0.0357,0.0928,13,0.770,0.868,67.64,1.13,10.772,0
-5.31,32.56,336.12,0.9381,-0.2839,-0.0104,0.1980,-0.25,-7.68,9.00,3.50,57.12,-119.50,11.83,0,1.70,-0.0264,0.1057,13,0.770,0.868,67.64,1.13,10.772,0
phase1 acc_mag=8.377 gravity=10.114 motion=1.738 moving_avg=1.140 rms=2.106 mean_rms=1.895 max_rms=2.407 min_rms=1.577 std=0.354 var=0.125 state=standing thr=2.604/2.804/3.304
-3.12,30.38,339.50,0.9497,-0.2620,-0.0224,0.1700,-0.31,-3.00,6.54,1.56,-40.88,-31.69,7.20,0,1.70,-0.0263,0.0980,13,0.770,0.868,67.64,1.13,10.772,0
-0.50,28.94,339.50,0.9528,-0.2471,-0.0397,0.1718,-0.27,-1.58,6.37,36.50,-31.06,5.81,6.57,0,1.70,-0.0321,0.0914,14,0.835,0.613,44.02,0.73,11.607,0
1.31,28.50,340.00,0.9547,-0.2411,-0.0558,0.1655,2.10,-4.42,9.37,-11.62,-6.31,-34.00,10.57,0,1.70,-0.0373,0.0884,14,0.835,0.613,44.02,0.73,11.607,0
2.56,26.75,341.94,0.9606,-0.2249,-0.0594,0.1525,2.76,-5.27,9.59,41.00,-10.88,-19.38,11.29,0,1.70,-0.0365,0.0828,14,0.835,0.613,44.02,0.73,11.607,0
phase1 acc_mag=8.865 gravity=10.081 motion=1.216 moving_avg=1.180 rms=2.065 mean_rms=1.835 max_rms=2.407 min_rms=1.577 std=0.289 var=0.083 state=standing thr=2.412/2.612/3.112
3.69,25.44,343.44,0.9652,-0.2120,-0.0658,0.1381,1.05,-3.79,7.34,6.75,-7.62,-30.94,8.33,0,1.70,-0.0371,0.0782,14,0.835,0.613,44.02,0.73,11.607,0
4.00,25.00,343.88,0.9661,-0.2092,-0.0662,0.1364,0.92,-3.76,7.85,4.00,4.56,22.56,8.75,0,1.70,-0.0370,0.0772,14,0.835,0.613,44.02,0.73,11.607,0
3.56,25.25,342.75,0.9641,-0.2116,-0.0641,0.1473,1.23,-5.02,8.65,5.44,-0.94,6.62,10.08,0,1.70,-0.0372,0.0778,14,0.835,0.613,44.02,0.73,11.607,0
phase1 acc_mag=9.984 gravity=9.892 motion=0.091 moving_avg=1.276 rms=2.122 mean_rms=1.837 max_rms=2.357 min_rms=1.577 std=0.256 var=0.066 state=standing thr=2.350/2.550/3.050
1.69,27.06,342.38,0.9606,-0.2290,-0.0510,0.1489,0.95,-6.38,7.62,-43.81,39.50,7.38,9.98,0,1.70,-0.0332,0.0850,14,0.835,0.613,44.02,0.73,11.607,0
-2.00,27.44,342.38,0.9598,-0.2375,-0.0184,0.1487,-2.53,-5.46,5.93,6.00,32.81,10.50,8.45,0,1.70,-0.0212,0.0901,14,0.835,0.613,44.02,0.73,11.607,0
0.62,28.81,342.06,0.9567,-0.2451,-0.0444,0.1506,0.11,-7.92,16.84,-54.25,-35.06,17.06,18.61,0,1.70,-0.0317,0.0911,14,0.835,0.613,44.02,0.73,11.607,0
-1.81,32.00,343.50,0.9512,-0.2755,-0.0229,0.1374,-3.26,-2.87,10.01,-31.44,38.62,-32.44,10.91,0,1.70,-0.0239,0.1036,14,0.835,0.613,44.02,0.73,11.607,0
phase1 acc_mag=7.585 gravity=10.227 motion=2.642 moving_avg=1.759 rms=2.735 mean_rms=1.991 max_rms=2.735 min_rms=1.577 std=0.326 var=0.107 state=slow thr=2.643/2.843/3.343
-0.88,30.50,343.62,0.9549,-0.2618,-0.0295,0.1369,-1.91,-2.38,7.36,24.38,-34.19,8.69,7.97,0,1.70,-0.0256,0.0984,14,0.835,0.613,44.02,0.73,11.607,0
-0.62,30.75,340.12,0.9498,-0.2624,-0.0399,0.1659,0.34,-3.79,6.75,-18.75,-26.12,73.06,7.75,0,1.70,-0.0326,0.0970,14,0.835,0.613,44.02,0.73,11.607,0
-1.56,31.00,335.62,0.9416,-0.2629,-0.0433,0.2058,0.30,-4.03,9.08,13.81,-24.69,28.44,9.94,0,1.70,-0.0380,0.0954,15,0.815,0.975,71.77,1.20,12.422,0
-0.75,30.06,334.56,0.9420,-0.2547,-0.0504,0.2125,-1.87,-4.89,9.97,-9.06,-7.62,-3.38,11.26,0,1.70,-0.0406,0.0917,15,0.815,0.975,71.77,1.20,12.422,0
phase1 acc_mag=10.571 gravity=10.220 motion=0.351 moving_avg=2.011 rms=2.836 mean_rms=2.234 max_rms=2.836 min_rms=1.584 std=0.381 var=0.145 state=standing thr=2.995/3.195/3.695
-0.44,30.31,335.38,0.9433,-0.2555,-0.0513,0.2056,-0.36,-4.72,7.56,15.19,-0.31,2.56,8.92,0,1.70,-0.0404,0.0922,15,0.815,0.975,71.77,1.20,12.422,0
0.00,29.44,335.31,0.9448,-0.2482,-0.0548,0.2066,-1.14,-4.57,8.11,6.44,-16.06,-5.25,9.38,0,1.70,-0.0412,0.0893,15,0.815,0.975,71.77,1.20,12.422,0
0.94,29.12,334.50,0.9440,-0.2433,-0.0640,0.2134,-1.82,-4.78,7.10,10.62,-23.75,7.88,8.75,0,1.70,-0.0450,0.0864,15,0.815,0.975,71.77,1.20,12.422,0
1.94,28.88,332.69,0.9402,-0.2388,-0.0773,0.2300,-0.86,-5.12,7.58,-6.31,-20.38,16.19,9.19,0,1.70,-0.0510,0.0827,15,0.815,0.975,71.77,1.20,12.422,0
phase1 acc_mag=9.383 gravity=9.672 motion=0.289 moving_avg=1.578 rms=2.200 mean_rms=2.402 max_rms=2.848 min_rms=2.010 std=0.336 var=0.113 state=standing thr=3.074/3.274/3.774
2.81,30.25,332.50,0.9374,-0.2475,-0.0869,0.2290,0.75,-4.72,6.05,-28.69,-12.88,-14.12,7.71,0,1.70,-0.0552,0.0848,15,0.815,0.975,71.77,1.20,12.422,0
4.38,32.00,334.00,0.9356,-0.2618,-0.1002,0.2145,3.17,-5.56,13.44,-26.88,16.00,-8.44,14.89,0,1.70,-0.0600,0.0894,15,0.815,0.975,71.77,1.20,12.422,0
1.31,34.44,337.56,0.9368,-0.2882,-0.0695,0.1857,4.28,-5.75,11.27,-28.38,126.81,-53.25,13.36,0,1.70,-0.0474,0.1028,15,0.815,0.975,71.77,1.20,12.422,0
1.88,34.50,341.69,0.9427,-0.2889,-0.0684,0.1520,-0.79,-2.46,5.76,7.00,-52.06,-10.00,6.31,0,1.70,-0.0433,0.1048,15,0.815,0.975,71.77,1.20,12.422,0
phase1 acc_mag=7.073 gravity=10.064 motion=2.991 moving_avg=1.887 rms=2.680 mean_rms=2.474 max_rms=2.848 min_rms=2.082 std=0.303 var=0.092 state=standing thr=3.081/3.281/3.781
3.12,34.94,339.88,0.9380,-0.2909,-0.0789,0.1708,2.21,-2.71,8.99,-0.56,-6.31,48.69,9.65,0,1.70,-0.0495,0.1038,16,0.815,1.140,83.92,1.40,13.237,0
0.19,35.75,335.38,0.9299,-0.2994,-0.0676,0.2028,1.17,-4.55,9.90,3.56,-11.56,24.50,10.96,0,1.70,-0.0494,0.1059,16,0.815,1.140,83.92,1.40,13.237,0
2.06,33.56,336.06,0.9371,-0.2755,-0.0799,0.1989,0.39,-3.41,7.09,40.00,-24.25,-1.56,7.88,0,1.70,-0.0519,0.0969,16,0.815,1.140,83.92,1.40,13.237,0
phase1 acc_mag=10.373 gravity=10.204 motion=0.169 moving_avg=1.920 rms=2.701 mean_rms=2.596 max_rms=2.848 min_rms=2.116 std=0.243 var=0.059 state=standing thr=3.081/3.281/3.781
2.12,31.94,334.12,0.9368,-0.2640,-0.0807,0.2150,2.14,-5.39,8.60,6.38,-2.94,29.12,10.37,0,1.70,-0.0529,0.0920,16,0.815,1.140,83.92,1.40,13.237,0
2.62,31.75,333.00,0.9351,-0.2605,-0.0873,0.2240,1.77,-4.85,8.50,17.12,-16.25,-14.75,9.95,0,1.70,-0.0560,0.0896,16,0.815,1.140,83.92,1.40,13.237,0
3.31,31.25,333.81,0.9377,-0.2553,-0.0904,0.2177,0.01,-5.40,9.08,-5.19,2.94,-6.75,10.56,0,1.70,-0.0561,0.0879,16,0.815,1.140,83.92,1.40,13.237,0
3.06,31.56,334.88,0.9393,-0.2600,-0.0851,0.2072,0.37,-3.33,7.01,-4.38,25.94,-17.94,7.77,0,1.70,-0.0535,0.0906,16,0.815,1.140,83.92,1.40,13.237,0
phase1 acc_mag=9.350 gravity=9.921 motion=0.571 moving_avg=1.525 rms=2.100 mean_rms=2.558 max_rms=2.848 min_rms=2.100 std=0.264 var=0.070 state=standing thr=3.086/3.286/3.786
2.00,32.00,335.69,0.9396,-0.2656,-0.0759,0.2022,-0.78,-4.55,9.43,-12.56,15.38,9.69,10.50,0,1.70,-0.0500,0.0937,16,0.815,1.140,83.92,1.40,13.237,0
0.12,32.44,333.88,0.9339,-0.2744,-0.0632,0.2203,-0.32,-4.40,8.83,-22.94,7.19,49.88,9.87,0,1.70,-0.0478,0.0969,16,0.815,1.140,83.92,1.40,13.237,0
-1.62,33.75,331.56,0.9276,-0.2853,-0.0567,0.2346,-0.98,-3.87,9.44,-8.56,9.62,7.75,10.25,0,1.70,-0.0478,0.1005,16,0.815,1.140,83.92,1.40,13.237,0
-2.50,33.56,330.75,0.9261,-0.2846,-0.0502,0.2424,-0.79,-4.41,9.00,9.31,2.56,14.44,10.05,0,1.70,-0.0462,0.1006,16,0.815,1.140,83.92,1.40,13.237,0
phase1 acc_mag=9.596 gravity=10.010 motion=0.415 moving_avg=1.282 rms=1.977 mean_rms=2.391 max_rms=2.848 min_rms=1.977 std=0.297 var=0.088 state=standing thr=2.985/3.185/3.685
-2.81,32.94,329.25,0.9244,-0.2805,-0.0502,0.2537,-0.43,-3.74,7.97,2.62,-11.12,19.12,8.81,0,1.70,-0.0470,0.0986,16,0.815,1.140,83.92,1.40,13.237,0
-2.62,33.44,327.19,0.9174,-0.2844,-0.0594,0.2719,0.08,-3.58,8.45,-21.44,-22.38,21.94,9.18,0,1.70,-0.0527,0.0979,16,0.815,1.140,83.92,1.40,13.237,0
-2.50,35.12,325.94,0.9114,-0.2953,-0.0662,0.2789,-0.38,-3.23,8.92,-24.19,-2.75,12.06,9.49,0,1.70,-0.0571,0.1003,16,0.815,1.140,83.92,1.40,13.237,0
phase1 acc_mag=10.467 gravity=10.122 motion=0.345 moving_avg=1.273 rms=1.966 mean_rms=2.286 max_rms=2.705 min_rms=1.966 std=0.307 var=0.094 state=standing thr=2.900/3.100/3.600
-2.62,36.75,325.94,0.9068,-0.3101,-0.0699,0.2769,0.07,-4.35,9.52,-22.56,-3.38,-9.62,10.47,0,1.70,-0.0597,0.1047,16,0.815,1.140,83.92,1.40,13.237,0
-0.44,38.62,328.31,0.9078,-0.3197,-0.0860,0.2573,-4.84,-9.71,12.66,-20.25,-4.88,-56.69,16.67,0,1.70,-0.0641,0.1072,16,0.815,1.140,83.92,1.40,13.237,0
-2.81,37.19,326.19,0.9061,-0.3186,-0.0670,0.2701,4.34,-6.19,8.53,31.50,50.88,51.06,11.40,0,1.70,-0.0587,0.1082,16,0.815,1.140,83.92,1.40,13.237,0
0.62,38.75,331.56,0.9146,-0.3202,-0.0872,0.2313,-0.07,-6.05,5.42,-16.62,-38.81,-98.44,8.12,0,1.70,-0.0615,0.1091,17,0.827,0.632,45.84,0.76,14.064,0
phase1 acc_mag=8.029 gravity=10.053 motion=2.024 moving_avg=1.382 rms=2.192 mean_rms=2.205 max_rms=2.705 min_rms=1.920 std=0.293 var=0.086 state=standing thr=2.791/2.991/3.491
1.94,36.75,331.88,0.9202,-0.3002,-0.0938,0.2333,-3.37,-4.18,6.30,15.94,-8.75,31.75,8.28,0,1.70,-0.0625,0.1017,17,0.827,0.632,45.84,0.76,14.064,0
1.00,36.75,329.44,0.9153,-0.3019,-0.0922,0.2499,2.12,-7.11,8.14,8.06,-1.62,16.25,11.01,0,1.70,-0.0639,0.1013,17,0.827,0.632,45.84,0.76,14.064,0
2.38,36.50,330.31,0.9178,-0.2972,-0.1014,0.2427,2.82,-5.91,6.83,-11.31,-17.62,-35.25,9.46,0,1.70,-0.0661,0.0993,17,0.827,0.632,45.84,0.76,14.064,0
5.44,38.50,334.75,0.9210,-0.3116,-0.1232,0.1985,1.25,-5.27,7.10,-33.25,9.75,-83.81,8.93,0,1.70,-0.0701,0.1050,17,0.827,0.632,45.84,0.76,14.064,0
phase1 acc_mag=8.908 gravity=9.977 motion=1.068 moving_avg=1.377 rms=2.170 mean_rms=2.096 max_rms=2.686 min_rms=1.920 std=0.158 var=0.025 state=standing thr=2.412/2.612/3.112
6.62,38.81,338.62,0.9254,-0.3135,-0.1218,0.1745,0.91,-4.96,8.03,9.00,26.75,2.62,9.48,0,1.70,-0.0670,0.1076,17,0.827,0.632,45.84,0.76,14.064,0
4.19,37.19,337.50,0.9301,-0.3024,-0.0973,0.1846,1.82,-4.43,8.32,39.69,27.19,7.81,9.60,0,1.70,-0.0585,0.1053,17,0.827,0.632,45.84,0.76,14.064,0
1.31,35.12,336.00,0.9324,-0.2930,-0.0748,0.1978,1.39,-5.11,7.02,7.38,23.44,32.12,8.79,0,1.70,-0.0511,0.1033,17,0.827,0.632,45.84,0.76,14.064,0
phase1 acc_mag=10.790 gravity=9.958 motion=0.832 moving_avg=1.344 rms=2.147 mean_rms=2.075 max_rms=2.204 min_rms=1.920 std=0.093 var=0.009 state=standing thr=2.261/2.461/2.961
0.25,35.94,336.00,0.9302,-0.3047,-0.0665,0.1938,1.92,-5.52,9.07,-29.50,24.38,-21.06,10.79,0,1.70,-0.0484,0.1082,17,0.827,0.632,45.84,0.76,14.064,0
-0.44,34.88,335.50,0.9307,-0.2928,-0.0594,0.2114,-3.88,-6.84,15.26,13.44,-38.44,104.94,17.17,0,1.70,-0.0469,0.1040,17,0.827,0.632,45.84,0.76,14.064,0
-0.56,35.12,333.88,0.9287,-0.2953,-0.0628,0.2152,-1.54,-3.13,3.02,45.12,10.81,25.94,4.61,0,1.70,-0.0488,0.1043,17,0.827,0.632,45.84,0.76,14.064,0
1.44,33.06,331.38,0.9285,-0.2711,-0.0889,0.2377,-1.23,-3.89,4.66,-2.69,-69.12,-8.81,6.19,0,1.70,-0.0588,0.0922,18,0.826,1.049,76.14,1.27,14.890,0
phase1 acc_mag=11.046 gravity=9.886 motion=1.160 moving_avg=2.120 rms=3.094 mean_rms=2.203 max_rms=3.094 min_rms=1.920 std=0.283 var=0.080 state=walking thr=2.769/2.969/3.469
1.38,32.25,327.44,0.9221,-0.2631,-0.0901,0.2690,-0.70,-5.22,9.94,19.50,15.00,104.62,11.25,0,1.70,-0.0615,0.0873,18,0.826,1.049,76.14,1.27,14.890,0
-2.50,30.94,324.94,0.9189,-0.2610,-0.0585,0.2900,0.17,-5.82,9.81,16.31,43.56,-22.50,11.41,0,1.70,-0.0518,0.0892,18,0.826,1.049,76.14,1.27,14.890,0
-4.06,29.75,326.69,0.9257,-0.2554,-0.0364,0.2766,-1.28,-4.08,6.64,13.31,21.19,-0.88,7.90,0,1.70,-0.0417,0.0905,18,0.826,1.049,76.14,1.27,14.890,0
-4.62,28.56,325.94,0.9260,-0.2476,-0.0319,0.2831,-1.51,-4.15,9.03,16.25,-6.06,18.69,10.05,0,1.70,-0.0399,0.0881,18,0.826,1.049,76.14,1.27,14.890,0
phase1 acc_mag=9.987 gravity=9.968 motion=0.020 moving_avg=2.195 rms=3.136 mean_rms=2.432 max_rms=3.140 min_rms=1.920 std=0.432 var=0.186 state=standing thr=3.295/3.495/3.995
-4.44,28.31,325.50,0.9255,-0.2452,-0.0352,0.2864,-1.58,-3.44,8.78,-5.50,-9.81,-8.69,9.56,0,1.70,-0.0411,0.0868,18,0.826,1.049,76.14,1.27,14.890,0
-3.50,28.69,326.75,0.9279,-0.2465,-0.0403,0.2769,-1.30,-4.00,8.61,-3.50,3.38,-21.56,9.58,0,1.70,-0.0423,0.0870,18,0.826,1.049,76.14,1.27,14.890,0
-2.81,29.25,328.25,0.9305,-0.2499,-0.0441,0.2641,-1.11,-3.37,8.62,-4.38,-1.00,-20.38,9.32,0,1.70,-0.0428,0.0884,18,0.826,1.049,76.14,1.27,14.890,0
-2.00,30.25,329.81,0.9321,-0.2577,-0.0514,0.2494,0.12,-4.52,8.92,-15.69,-8.69,-23.88,10.00,0,1.70,-0.0449,0.0909,18,0.826,1.049,76.14,1.27,14.890,0
phase1 acc_mag=9.678 gravity=9.775 motion=0.096 moving_avg=1.460 rms=2.406 mean_rms=2.565 max_rms=3.140 min_rms=2.138 std=0.408 var=0.167 state=standing thr=3.381/3.581/4.081
-0.06,30.69,332.19,0.9362,-0.2571,-0.0626,0.2313,-0.68,-4.27,9.35,2.50,-7.75,-43.44,10.30,0,1.70,-0.0472,0.0905,18,0.826,1.049,76.14,1.27,14.890,0
1.75,29.44,336.38,0.9481,-0.2440,-0.0675,0.1924,-2.91,-3.73,8.76,20.44,17.12,-62.62,9.96,0,1.70,-0.0444,0.0873,18,0.826,1.049,76.14,1.27,14.890,0
4.25,32.06,340.69,0.9468,-0.2654,-0.0847,0.1609,3.47,-8.08,9.50,-47.25,-32.31,-16.19,12.95,0,1.70,-0.0491,0.0951,18,0.826,1.049,76.14,1.27,14.890,0
phase1 acc_mag=8.405 gravity=10.145 motion=1.740 moving_avg=1.722 rms=2.819 mean_rms=2.650 max_rms=3.140 min_rms=2.138 std=0.366 var=0.134 state=standing thr=3.382/3.582/4.082
5.12,32.06,342.75,0.9497,-0.2643,-0.0906,0.1414,-2.77,-7.76,1.66,8.69,-28.44,-35.38,8.41,0,1.70,-0.0494,0.0953,18,0.826,1.049,76.14,1.27,14.890,0
8.94,33.25,344.75,0.9460,-0.2754,-0.1185,0.1232,2.62,-6.43,8.84,-63.06,15.75,-28.06,11.24,0,1.70,-0.0584,0.0984,18,0.826,1.049,76.14,1.27,14.890,0
9.44,36.31,348.56,0.9425,-0.2985,-0.1171,0.0944,3.05,-8.28,7.04,-16.88,10.56,-64.31,11.29,0,1.70,-0.0554,0.1081,18,0.826,1.049,76.14,1.27,14.890,0
9.69,34.06,351.94,0.9507,-0.2830,-0.1083,0.0665,2.08,-5.64,7.44,16.81,46.25,-33.75,9.57,0,1.70,-0.0487,0.1047,18,0.826,1.049,76.14,1.27,14.890,0
phase1 acc_mag=9.687 gravity=10.210 motion=0.523 moving_avg=1.757 rms=2.826 mean_rms=2.786 max_rms=3.140 min_rms=2.230 std=0.271 var=0.074 state=standing thr=3.329/3.529/4.029
8.62,32.62,354.75,0.9572,-0.2725,-0.0887,0.0402,0.74,-4.39,8.45,28.69,38.25,-31.88,9.55,0,1.70,-0.0383,0.1029,18,0.826,1.049,76.14,1.27,14.890,0
8.25,31.50,356.38,0.9597,-0.2669,-0.0832,0.0300,0.83,-5.03,7.74,8.50,-7.75,-3.31,9.27,0,1.70,-0.0351,0.1015,18,0.826,1.049,76.14,1.27,14.890,0
9.25,31.81,355.81,0.9580,-0.2684,-0.0949,0.0351,1.77,-5.49,7.46,-2.94,-17.81,4.81,9.43,0,1.70,-0.0401,0.1015,18,0.826,1.049,76.14,1.27,14.890,0
9.44,31.38,355.25,0.9589,-0.2639,-0.0965,0.0393,1.48,-5.98,7.17,8.75,-0.88,9.69,9.45,0,1.70,-0.0412,0.0997,18,0.826,1.049,76.14,1.27,14.890,0
phase1 acc_mag=9.467 gravity=10.135 motion=0.668 moving_avg=1.062 rms=1.784 mean_rms=2.653 max_rms=3.140 min_rms=1.784 std=0.380 var=0.144 state=standing thr=3.413/3.613/4.113
8.88,31.19,354.31,0.9594,-0.2619,-0.0928,0.0488,1.10,-5.95,7.57,5.38,2.88,20.12,9.69,0,1.70,-0.0407,0.0987,18,0.826,1.049,76.14,1.27,14.890,0
7.81,30.94,352.81,0.9597,-0.2602,-0.0875,0.0601,1.49,-6.03,7.26,4.19,4.44,26.00,9.55,0,1.70,-0.0398,0.0978,18,0.826,1.049,76.14,1.27,14.890,0
6.44,30.94,350.75,0.9592,-0.2596,-0.0781,0.0807,1.04,-5.65,6.39,7.38,5.12,41.81,8.59,0,1.70,-0.0383,0.0971,18,0.826,1.049,76.14,1.27,14.890,0
5.75,30.31,347.69,0.9585,-0.2535,-0.0798,0.1034,-0.81,-6.29,5.85,13.50,-38.00,43.25,8.63,0,1.70,-0.0411,0.0939,18,0.826,1.049,76.14,1.27,14.890,0
phase1 acc_mag=9.081 gravity=10.037 motion=0.956 moving_avg=1.080 rms=1.768 mean_rms=2.377 max_rms=3.012 min_rms=1.713 std=0.435 var=0.189 state=standing thr=3.246/3.446/3.946
5.25,31.25,344.12,0.9529,-0.2594,-0.0842,0.1324,3.07,-6.73,17.16,-18.00,34.88,69.69,18.69,0,1.70,-0.0458,0.0944,18,0.826,1.049,76.14,1.27,14.890,0
-3.19,31.88,342.62,0.9501,-0.2759,-0.0127,0.1448,-0.62,-4.09,13.80,66.06,97.69,10.44,14.41,0,1.70,-0.0208,0.1041,18,0.826,1.049,76.14,1.27,14.890,0
-4.62,28.19,344.50,0.9608,-0.2466,0.0047,0.1271,-0.58,-1.26,6.62,-4.00,-39.44,-48.62,6.76,0,1.70,-0.0107,0.0950,18,0.826,1.049,76.14,1.27,14.890,0
-0.88,26.50,343.12,0.9628,-0.2281,-0.0258,0.1426,1.61,-4.62,8.39,5.44,-60.81,43.75,9.71,0,1.70,-0.0230,0.0864,19,0.851,0.431,30.38,0.51,15.741,0
phase1 acc_mag=8.965 gravity=10.499 motion=1.534 moving_avg=1.993 rms=2.980 mean_rms=2.408 max_rms=2.980 min_rms=1.713 std=0.469 var=0.220 state=standing thr=3.346/3.546/4.046
1.88,24.94,341.75,0.9639,-0.2109,-0.0509,0.1544,0.61,-3.81,9.46,22.94,-47.81,-12.81,10.22,0,1.70,-0.0326,0.0782,19,0.851,0.431,30.38,0.51,15.741,0
3.38,24.31,344.56,0.9683,-0.2047,-0.0583,0.1312,-0.46,-2.40,8.97,-14.56,36.94,-61.06,9.30,0,1.70,-0.0333,0.0762,19,0.851,0.431,30.38,0.51,15.741,0
2.12,24.69,348.81,0.9726,-0.2109,-0.0386,0.0897,0.25,-2.66,8.98,2.56,34.25,-55.44,9.37,0,1.70,-0.0226,0.0807,19,0.851,0.431,30.38,0.51,15.741,0
2.25,24.75,353.62,0.9751,-0.2128,-0.0321,0.0539,-1.20,-3.35,8.81,-0.19,13.88,-49.62,9.50,0,1.70,-0.0171,0.0823,19,0.851,0.431,30.38,0.51,15.741,0
phase1 acc_mag=9.010 gravity=10.106 motion=1.095 moving_avg=1.696 rms=2.586 mean_rms=2.425 max_rms=2.990 min_rms=1.713 std=0.478 var=0.228 state=standing thr=3.381/3.581/4.081
3.38,24.75,356.44,0.9758,-0.2135,-0.0381,0.0263,-0.36,-3.74,8.95,-5.62,-2.44,-47.81,9.71,0,1.70,-0.0171,0.0829,19,0.851,0.431,30.38,0.51,15.741,0
4.56,25.38,0.00,0.9748,-0.2192,-0.0411,-0.0001,-0.84,-4.07,9.54,-18.19,12.69,-54.88,10.41,0,1.70,-0.0160,0.0855,19,0.851,0.431,30.38,0.51,15.741,0
4.75,26.69,4.25,0.9711,-0.2330,-0.0327,-0.0412,0.76,-4.53,9.31,-23.19,32.06,-57.31,10.38,0,1.70,-0.0088,0.0911,19,0.851,0.431,30.38,0.51,15.741,0
5.31,27.62,8.50,0.9673,-0.2413,-0.0304,-0.0719,0.26,-3.88,8.04,-25.56,2.81,-43.88,8.93,0,1.70,-0.0048,0.0942,19,0.851,0.431,30.38,0.51,15.741,0
phase1 acc_mag=9.714 gravity=9.974 motion=0.260 moving_avg=1.675 rms=2.572 mean_rms=2.380 max_rms=2.990 min_rms=1.713 std=0.449 var=0.201 state=standing thr=3.277/3.477/3.977
5.88,28.38,9.69,0.9648,-0.2478,-0.0322,-0.0817,0.83,-4.05,9.36,-1.31,2.44,-1.19,10.23,0,1.70,-0.0043,0.0967,19,0.851,0.431,30.38,0.51,15.741,0
5.75,28.88,10.69,0.9624,-0.2534,-0.0286,-0.0933,1.37,-4.53,9.22,-14.44,12.06,-34.19,10.36,0,1.70,-0.0015,0.0986,19,0.851,0.431,30.38,0.51,15.741,0
6.56,29.25,13.88,0.9589,-0.2568,-0.0287,-0.1169,1.54,-4.38,8.51,-4.31,4.94,-34.31,9.69,0,1.70,0.0010,0.0998,19,0.851,0.431,30.38,0.51,15.741,0
7.12,29.31,16.06,0.9561,-0.2585,-0.0286,-0.1352,1.42,-4.86,8.53,-3.19,8.06,-37.62,9.92,0,1.70,0.0030,0.1004,19,0.851,0.431,30.38,0.51,15.741,0
phase1 acc_mag=9.733 gravity=10.090 motion=0.357 moving_avg=1.568 rms=2.548 mean_rms=2.521 max_rms=2.990 min_rms=1.713 std=0.358 var=0.128 state=standing thr=3.237/3.437/3.937
7.56,28.88,17.94,0.9546,-0.2553,-0.0288,-0.1507,1.17,-3.96,8.83,1.81,9.12,-18.38,9.75,0,1.70,0.0044,0.0992,19,0.851,0.431,30.38,0.51,15.741,0
7.25,29.00,19.19,0.9525,-0.2565,-0.0225,-0.1627,1.02,-4.42,8.44,-4.25,11.06,-12.19,9.58,0,1.70,0.0081,0.0992,19,0.851,0.431,30.38,0.51,15.741,0
6.81,28.94,20.31,0.9515,-0.2555,-0.0167,-0.1707,1.55,-3.76,7.94,0.94,17.50,-10.44,8.92,0,1.70,0.0111,0.0984,19,0.851,0.431,30.38,0.51,15.741,0
5.94,28.94,20.69,0.9512,-0.2546,-0.0078,-0.1741,1.41,-4.08,8.93,-2.00,21.31,0.88,9.92,0,1.70,0.0148,0.0974,19,0.851,0.431,30.38,0.51,15.741,0
phase1 acc_mag=9.734 gravity=9.525 motion=0.209 moving_avg=0.938 rms=1.375 mean_rms=2.591 max_rms=2.990 min_rms=1.375 std=0.267 var=0.071 state=standing thr=3.126/3.326/3.826
4.38,28.75,20.62,0.9523,-0.2512,0.0053,-0.1735,0.23,-3.83,8.19,6.62,18.06,14.81,9.04,0,1.70,0.0195,0.0953,19,0.851,0.431,30.38,0.51,15.741,0
3.38,27.94,20.12,0.9550,-0.2421,0.0132,-0.1708,1.02,-3.25,9.08,16.19,16.00,-2.56,9.70,0,1.70,0.0216,0.0916,19,0.851,0.431,30.38,0.51,15.741,0
1.88,27.31,18.25,0.9592,-0.2360,0.0208,-0.1544,-2.79,-6.51,11.41,-18.81,4.06,96.12,13.43,0,1.70,0.0225,0.0893,19,0.851,0.431,30.38,0.51,15.741,0
0.50,29.38,12.88,0.9611,-0.2529,0.0239,-0.1089,0.00,-5.14,5.54,-25.94,11.81,54.88,7.56,0,1.70,0.0202,0.0962,19,0.851,0.431,30.38,0.51,15.741,0
phase1 acc_mag=5.277 gravity=9.883 motion=4.606 moving_avg=0.914 rms=1.725 mean_rms=2.261 max_rms=2.917 min_rms=0.857 std=0.553 var=0.306 state=standing thr=3.368/3.568/4.068
-1.19,28.00,12.94,0.9640,-0.2391,0.0381,-0.1097,-1.87,-1.66,6.72,19.75,19.94,12.56,7.17,0,1.70,0.0252,0.0905,20,0.789,0.524,39.84,0.66,16.530,1
-1.94,27.75,10.19,0.9674,-0.2368,0.0380,-0.0812,-2.98,-3.63,10.94,16.31,-22.69,69.56,11.91,0,1.70,0.0224,0.0904,20,0.789,0.524,39.84,0.66,16.530,0
-1.19,28.62,257.12,0.6031,-0.1610,-0.1880,0.7583,-0.55,-3.89,7.42,2.56,-31.25,6.12,8.40,0,1.70,-0.0942,-0.0182,20,0.789,0.524,39.84,0.66,16.530,0
0.19,28.75,255.75,0.5948,-0.1511,-0.1974,0.7645,-0.55,-3.89,8.98,-9.44,-15.94,11.44,9.80,0,1.70,-0.0932,-0.0244,20,0.789,0.524,39.84,0.66,16.530,0
phase1 acc_mag=9.626 gravity=9.958 motion=0.331 moving_avg=1.086 rms=1.905 mean_rms=2.103 max_rms=2.576 min_rms=0.857 std=0.533 var=0.284 state=standing thr=3.169/3.369/3.869
0.50,29.56,256.12,0.5961,-0.1537,-0.2041,0.7612,-0.49,-4.15,8.71,-1.88,-1.81,-19.62,9.66,0,1.70,-0.0955,-0.0255,20,0.789,0.524,39.84,0.66,16.530,0
1.56,29.38,257.44,0.6069,-0.1469,-0.2082,0.7528,-0.70,-4.02,9.24,-8.88,-10.12,-27.12,10.10,0,1.70,-0.0948,-0.0270,20,0.789,0.524,39.84,0.66,16.530,0
4.00,29.12,261.75,0.6331,-0.1372,-0.2137,0.7313,-0.32,-4.65,8.68,20.38,4.94,-77.25,9.85,0,1.70,-0.0942,-0.0278,20,0.789,0.524,39.84,0.66,16.530,0
6.56,29.50,266.88,0.6639,-0.1311,-0.2253,0.7009,-2.49,-6.48,12.36,-71.31,-19.62,-85.69,14.18,0,1.70,-0.0966,-0.0283,20,0.789,0.524,39.84,0.66,16.530,0
phase1 acc_mag=9.811 gravity=10.168 motion=0.357 moving_avg=1.169 rms=2.070 mean_rms=1.967 max_rms=2.564 min_rms=0.857 std=0.479 var=0.230 state=standing thr=2.925/3.125/3.625
9.12,32.69,269.19,0.6718,-0.1367,-0.2567,0.6813,4.14,-5.22,2.76,-66.94,3.81,-40.00,7.21,0,1.70,-0.1062,-0.0332,20,0.789,0.524,39.84,0.66,16.530,0
10.62,32.00,271.12,0.6848,-0.1246,-0.2561,0.6707,3.35,-4.42,9.04,47.31,11.81,-2.50,10.61,0,1.70,-0.1036,-0.0346,21,0.734,1.223,100.00,1.67,17.264,0
8.44,30.75,273.62,0.7014,-0.1395,-0.2361,0.6578,-1.19,-5.27,10.21,-13.81,64.56,-47.81,11.55,0,1.70,-0.1030,-0.0230,21,0.734,1.223,100.00,1.67,17.264,0
8.75,28.94,278.62,0.7324,-0.1368,-0.2216,0.6292,1.51,-3.39,5.92,9.19,-5.94,-58.00,6.99,0,1.70,-0.0993,-0.0157,21,0.734,1.223,100.00,1.67,17.264,0
phase1 acc_mag=8.667 gravity=9.995 motion=1.328 moving_avg=1.589 rms=2.386 mean_rms=1.896 max_rms=2.541 min_rms=0.857 std=0.409 var=0.168 state=standing thr=2.715/2.915/3.415
8.94,29.00,280.62,0.7430,-0.1395,-0.2207,0.6163,2.06,-5.76,10.28,-62.31,28.69,-16.75,11.96,0,1.70,-0.1000,-0.0130,21,0.734,1.223,100.00,1.67,17.264,0
8.69,30.56,282.00,0.7495,-0.1533,-0.2233,0.6040,2.26,-5.61,7.19,8.25,21.00,-22.69,9.40,0,1.70,-0.1040,-0.0080,21,0.734,1.223,100.00,1.67,17.264,0
7.19,27.94,282.56,0.7557,-0.1470,-0.2004,0.6060,0.61,-3.04,7.17,3.50,3.69,3.88,7.81,0,1.70,-0.0962,-0.0041,22,0.694,1.911,165.29,2.75,17.958,0
5.62,27.50,282.81,0.7584,-0.1537,-0.1877,0.6050,1.16,-3.69,10.18,-7.81,55.81,-3.81,10.89,0,1.70,-0.0941,0.0012,22,0.694,1.911,165.29,2.75,17.958,0
phase1 acc_mag=11.178 gravity=10.079 motion=1.099 moving_avg=1.918 rms=2.668 mean_rms=1.986 max_rms=2.668 min_rms=0.857 std=0.436 var=0.190 state=standing thr=2.857/3.057/3.557
3.12,27.25,284.75,0.7696,-0.1691,-0.1663,0.5928,1.82,-5.18,9.91,23.56,23.38,-15.94,11.33,0,1.70,-0.0913,0.0126,22,0.694,1.911,165.29,2.75,17.958,0
2.19,24.62,286.31,0.7839,-0.1556,-0.1400,0.5845,-1.16,-4.94,6.92,34.69,22.19,-27.81,8.58,0,1.70,-0.0803,0.0161,22,0.694,1.911,165.29,2.75,17.958,0
2.56,25.69,285.94,0.7783,-0.1636,-0.1522,0.5868,-2.50,-9.86,12.48,-61.81,-14.88,18.06,16.10,0,1.70,-0.0858,0.0152,22,0.694,1.911,165.29,2.75,17.958,0
0.88,25.00,282.56,0.7618,-0.1639,-0.1418,0.6105,4.77,-0.27,2.83,35.31,10.19,36.44,5.55,0,1.70,-0.0832,0.0153,22,0.694,1.911,165.29,2.75,17.958,0
phase1 acc_mag=7.160 gravity=10.187 motion=3.027 moving_avg=2.018 rms=2.797 mean_rms=2.256 max_rms=2.802 min_rms=1.821 std=0.323 var=0.104 state=standing thr=2.901/3.101/3.601
-1.12,22.44,282.44,0.7646,-0.1584,-0.1142,0.6142,-3.56,-4.82,10.53,4.75,41.62,18.12,12.12,0,1.70,-0.0739,0.0204,23,0.803,1.894,141.51,2.36,18.761,0
-2.00,23.00,282.06,0.7611,-0.1675,-0.1108,0.6167,-1.24,-2.50,7.53,14.44,9.25,7.88,8.03,0,1.70,-0.0751,0.0237,23,0.803,1.894,141.51,2.36,18.761,0
-2.31,22.50,282.00,0.7623,-0.1649,-0.1066,0.6167,-1.85,-4.25,7.29,18.19,-13.38,2.81,8.64,0,1.70,-0.0732,0.0240,23,0.803,1.894,141.51,2.36,18.761,0
-2.06,22.12,280.81,0.7563,-0.1600,-0.1082,0.6251,-0.63,-2.98,9.73,-3.62,0.12,17.50,10.20,0,1.70,-0.0727,0.0213,23,0.803,1.894,141.51,2.36,18.761,0
phase1 acc_mag=10.276 gravity=10.166 motion=0.110 moving_avg=2.159 rms=2.890 mean_rms=2.457 max_rms=2.891 min_rms=1.859 std=0.333 var=0.111 state=standing thr=3.123/3.323/3.823
-2.25,22.31,281.12,0.7576,-0.1625,-0.1075,0.6229,-2.61,-3.54,9.49,3.75,-4.00,-12.31,10.46,0,1.70,-0.0731,0.0225,23,0.803,1.894,141.51,2.36,18.761,0
-1.62,22.50,282.12,0.7643,-0.1610,-0.1104,0.6147,-0.83,-4.33,8.82,11.75,8.81,-21.00,9.86,0,1.70,-0.0733,0.0221,23,0.803,1.894,141.51,2.36,18.761,0
-1.56,23.00,283.69,0.7706,-0.1656,-0.1119,0.6052,-1.53,-3.68,8.32,-3.19,1.94,-17.75,9.23,0,1.70,-0.0746,0.0240,23,0.803,1.894,141.51,2.36,18.761,0
-1.19,23.31,284.69,0.7768,-0.1669,-0.1152,0.5963,-1.05,-3.50,8.95,-7.31,1.50,-22.56,9.67,0,1.70,-0.0756,0.0244,23,0.803,1.894,141.51,2.36,18.761,0
phase1 acc_mag=9.764 gravity=10.014 motion=0.250 moving_avg=1.941 rms=2.706 mean_rms=2.643 max_rms=2.891 min_rms=2.157 std=0.229 var=0.052 state=standing thr=3.100/3.300/3.800
-0.31,23.81,286.75,0.7854,-0.1677,-0.1205,0.5835,-1.14,-3.75,9.33,-13.88,-4.50,-36.75,10.12,0,1.70,-0.0770,0.0246,23,0.803,1.894,141.51,2.36,18.761,0
0.94,24.25,290.06,0.8038,-0.1672,-0.1279,0.5564,-0.98,-3.91,9.24,2.44,4.81,-55.81,10.08,0,1.70,-0.0783,0.0253,23,0.803,1.894,141.51,2.36,18.761,0
2.06,23.81,294.06,0.8209,-0.1630,-0.1282,0.5320,-3.75,-3.59,8.98,-10.00,11.56,-62.19,10.37,0,1.70,-0.0768,0.0263,23,0.803,1.894,141.51,2.36,18.761,0
3.69,26.00,297.62,0.8333,-0.1750,-0.1449,0.5040,4.45,-8.57,9.45,-42.25,-7.12,-25.44,13.51,0,1.70,-0.0836,0.0291,23,0.803,1.894,141.51,2.36,18.761,0
phase1 acc_mag=6.307 gravity=10.149 motion=3.842 moving_avg=1.721 rms=2.573 mean_rms=2.713 max_rms=2.891 min_rms=2.404 std=0.134 var=0.018 state=standing thr=2.981/3.181/3.681
4.12,26.19,299.44,0.8405,-0.1769,-0.1465,0.4907,-0.55,-3.72,6.36,12.19,-13.25,-23.94,7.39,0,1.70,-0.0840,0.0307,23,0.803,1.894,141.51,2.36,18.761,0
6.00,25.94,300.50,0.8451,-0.1674,-0.1579,0.4826,0.81,-5.49,10.99,-15.81,1.75,-29.94,12.31,0,1.70,-0.0857,0.0261,23,0.803,1.894,141.51,2.36,18.761,0
5.25,26.81,302.62,0.8534,-0.1792,-0.1519,0.4653,-0.19,-4.66,7.32,13.44,3.00,-13.56,8.68,0,1.70,-0.0852,0.0329,23,0.803,1.894,141.51,2.36,18.761,0
6.38,25.75,303.38,0.8572,-0.1682,-0.1558,0.4612,-0.66,-4.51,9.30,2.19,-13.81,-14.00,10.36,0,1.70,-0.0845,0.0289,23,0.803,1.894,141.51,2.36,18.761,0
phase1 acc_mag=10.922 gravity=10.121 motion=0.801 moving_avg=1.578 rms=2.425 mean_rms=2.684 max_rms=2.891 min_rms=2.404 std=0.163 var=0.027 state=standing thr=3.011/3.211/3.711
6.62,27.81,303.31,0.8525,-0.1851,-0.1663,0.4598,1.90,-5.94,10.62,-30.06,10.25,7.50,12.32,0,1.70,-0.0907,0.0325,23,0.803,1.894,141.51,2.36,18.761,0
5.62,28.00,303.19,0.8525,-0.1882,-0.1595,0.4608,1.38,-4.45,6.87,12.50,5.06,-1.94,8.30,0,1.70,-0.0891,0.0348,23,0.803,1.894,141.51,2.36,18.761,0
5.81,27.75,302.81,0.8515,-0.1851,-0.1604,0.4636,-0.23,-5.20,9.32,-5.94,-8.25,5.00,10.67,0,1.70,-0.0890,0.0333,23,0.803,1.894,141.51,2.36,18.761,0
phase1 acc_mag=9.596 gravity=9.816 motion=0.219 moving_avg=1.018 rms=1.446 mean_rms=2.528 max_rms=2.891 min_rms=1.446 std=0.373 var=0.139 state=standing thr=3.274/3.474/3.974
6.31,28.12,302.31,0.8483,-0.1841,-0.1677,0.4674,1.24,-4.60,8.33,1.31,-14.69,0.56,9.60,0,1.70,-0.0913,0.0311,23,0.803,1.894,141.51,2.36,18.761,0
7.19,28.25,302.25,0.8476,-0.1815,-0.1740,0.4673,1.38,-4.96,8.36,0.38,-6.50,-3.88,9.82,0,1.70,-0.0929,0.0290,23,0.803,1.894,141.51,2.36,18.761,0
7.50,28.00,302.19,0.8477,-0.1779,-0.1757,0.4679,0.82,-4.78,8.23,9.56,-3.94,-4.00,9.55,0,1.70,-0.0929,0.0275,23,0.803,1.894,141.51,2.36,18.761,0
8.00,26.81,302.06,0.8494,-0.1653,-0.1740,0.4700,1.07,-4.32,8.67,14.81,1.12,-2.25,9.75,0,1.70,-0.0902,0.0235,23,0.803,1.894,141.51,2.36,18.761,0
phase1 acc_mag=9.649 gravity=9.884 motion=0.234 moving_avg=0.856 rms=1.294 mean_rms=2.217 max_rms=2.889 min_rms=1.291 std=0.556 var=0.309 state=standing thr=3.329/3.529/4.029
7.56,25.50,302.12,0.8519,-0.1593,-0.1657,0.4706,0.91,-3.63,9.08,17.06,12.50,-2.56,9.82,0,1.70,-0.0865,0.0231,23,0.803,1.894,141.51,2.36,18.761,0
6.62,25.88,302.50,0.8532,-0.1671,-0.1597,0.4675,-0.51,-4.99,8.96,-12.25,2.94,1.38,10.27,0,1.70,-0.0857,0.0272,23,0.803,1.894,141.51,2.36,18.761,0
7.44,25.94,302.31,0.8519,-0.1622,-0.1663,0.4694,0.76,-4.54,7.96,10.12,-9.62,2.75,9.20,0,1.70,-0.0871,0.0241,23,0.803,1.894,141.51,2.36,18.761,0
7.81,24.94,301.81,0.8513,-0.1538,-0.1655,0.4734,0.66,-4.62,9.09,18.12,-3.00,4.00,10.22,0,1.70,-0.0855,0.0210,23,0.803,1.894,141.51,2.36,18.761,0
phase1 acc_mag=9.784 gravity=9.924 motion=0.141 moving_avg=0.830 rms=1.278 mean_rms=1.915 max_rms=2.678 min_rms=1.277 std=0.570 var=0.325 state=standing thr=3.055/3.255/3.755
7.69,24.06,301.62,0.8522,-0.1475,-0.1610,0.4755,0.15,-4.11,8.62,14.44,-0.44,2.25,9.55,0,1.70,-0.0829,0.0197,23,0.803,1.894,141.51,2.36,18.761,0
7.62,22.38,301.25,0.8533,-0.1347,-0.1540,0.4797,0.34,-2.93,8.78,24.00,-8.56,4.88,9.26,0,1.70,-0.0784,0.0164,23,0.803,0.000,0.00,0.00,18.761,0
7.88,21.50,300.94,0.8529,-0.1266,-0.1523,0.4830,0.62,-3.30,8.79,10.38,-0.44,3.19,9.41,0,1.70,-0.0764,0.0138,23,0.803,0.000,0.00,0.00,18.761,0
7.81,20.94,300.69,0.8525,-0.1219,-0.1500,0.4857,0.28,-3.43,9.07,8.31,-3.69,4.56,9.70,0,1.70,-0.0748,0.0125,23,0.803,0.000,0.00,0.00,18.761,0
phase1 acc_mag=9.684 gravity=9.816 motion=0.131 moving_avg=0.546 rms=0.768 mean_rms=1.626 max_rms=2.601 min_rms=0.768 std=0.523 var=0.273 state=standing thr=2.671/2.871/3.371
6.88,20.69,300.19,0.8513,-0.1249,-0.1412,0.4896,0.25,-3.66,9.12,-0.94,-1.38,2.62,9.83,0,1.70,-0.0725,0.0149,23,0.803,0.000,0.00,0.00,18.761,0
6.62,20.88,299.88,0.8495,-0.1263,-0.1422,0.4921,0.29,-3.62,9.06,-3.31,-8.06,3.50,9.76,0,1.70,-0.0732,0.0149,23,0.803,0.000,0.00,0.00,18.761,0
6.62,21.06,299.44,0.8476,-0.1275,-0.1428,0.4949,0.92,-3.36,8.88,5.25,-6.69,2.50,9.54,0,1.70,-0.0737,0.0150,23,0.803,0.000,0.00,0.00,18.761,0
6.62,20.94,299.31,0.8475,-0.1270,-0.1420,0.4955,0.79,-2.78,8.86,-3.44,4.06,-1.25,9.32,0,1.70,-0.0733,0.0149,23,0.803,0.000,0.00,0.00,18.761,0
phase1 acc_mag=9.316 gravity=9.697 motion=0.381 moving_avg=0.372 rms=0.526 mean_rms=1.254 max_rms=2.448 min_rms=0.526 std=0.425 var=0.181 state=standing thr=2.104/2.304/2.804
6.38,20.88,299.50,0.8483,-0.1274,-0.1403,0.4945,0.43,-3.33,9.11,0.56,-0.38,-2.94,9.71,0,1.70,-0.0728,0.0155,23,0.803,0.000,0.00,0.00,18.761,0
6.44,21.00,299.56,0.8484,-0.1279,-0.1410,0.4940,0.62,-3.61,8.92,-5.38,-6.38,-2.69,9.64,0,1.70,-0.0731,0.0156,23,0.803,0.000,0.00,0.00,18.761,0
6.88,21.19,299.69,0.8486,-0.1274,-0.1450,0.4926,0.94,-3.51,8.84,-2.75,-9.06,-2.00,9.56,0,1.70,-0.0743,0.0147,23,0.803,0.000,0.00,0.00,18.761,0
phase1 acc_mag=9.808 gravity=9.690 motion=0.118 moving_avg=0.259 rms=0.328 mean_rms=0.942 max_rms=1.409 min_rms=0.327 std=0.383 var=0.147 state=standing thr=1.708/1.908/2.408
7.25,21.56,299.75,0.8480,-0.1285,-0.1500,0.4918,0.98,-3.89,8.95,-3.69,-4.44,-2.88,9.81,0,1.70,-0.0762,0.0141,23,0.803,0.000,0.00,0.00,18.761,0
7.50,22.12,299.94,0.8481,-0.1318,-0.1534,0.4897,1.08,-3.91,8.82,-7.56,1.31,-3.31,9.71,0,1.70,-0.0779,0.0146,23,0.803,0.000,0.00,0.00,18.761,0
7.31,22.31,300.31,0.8493,-0.1346,-0.1526,0.4871,1.00,-3.38,8.84,-2.06,4.94,-5.06,9.52,0,1.70,-0.0781,0.0160,23,0.803,0.000,0.00,0.00,18.761,0
7.12,22.56,300.75,0.8513,-0.1379,-0.1512,0.4831,0.83,-3.54,8.90,-2.88,1.50,-7.44,9.61,0,1.70,-0.0781,0.0177,23,0.803,0.000,0.00,0.00,18.761,0
phase1 acc_mag=9.575 gravity=9.673 motion=0.097 moving_avg=0.232 rms=0.308 mean_rms=0.745 max_rms=1.294 min_rms=0.308 std=0.398 var=0.158 state=standing thr=1.541/1.741/2.241
7.31,22.69,301.25,0.8527,-0.1385,-0.1531,0.4799,0.94,-3.81,8.87,-4.00,-1.94,-6.25,9.70,0,1.70,-0.0788,0.0179,23,0.803,0.000,0.00,0.00,18.761,0
7.38,22.94,301.50,0.8537,-0.1406,-0.1541,0.4771,1.05,-3.71,8.80,-2.69,1.06,-4.62,9.61,0,1.70,-0.0795,0.0186,23,0.803,0.000,0.00,0.00,18.761,0
7.25,23.06,301.94,0.8552,-0.1425,-0.1534,0.4742,0.91,-3.69,8.82,-5.31,4.12,-5.06,9.60,0,1.70,-0.0795,0.0197,23,0.803,0.000,0.00,0.00,18.761,0
7.12,23.31,302.25,0.8561,-0.1455,-0.1526,0.4717,1.05,-3.80,8.89,-6.00,4.06,-2.62,9.72,0,1.70,-0.0797,0.0210,23,0.803,0.000,0.00,0.00,18.761,0
phase1 acc_mag=9.608 gravity=9.652 motion=0.044 moving_avg=0.167 rms=0.218 mean_rms=0.530 max_rms=1.281 min_rms=0.218 std=0.319 var=0.102 state=standing thr=1.167/1.367/1.867
7.00,23.44,302.62,0.8575,-0.1477,-0.1519,0.4687,0.93,-3.76,8.88,-1.38,1.75,-5.06,9.69,0,1.70,-0.0798,0.0222,23,0.803,0.000,0.00,0.00,18.761,0
6.94,23.50,302.94,0.8586,-0.1486,-0.1516,0.4665,0.98,-3.92,8.73,-2.00,2.25,-3.81,9.62,0,1.70,-0.0798,0.0227,23,0.803,0.000,0.00,0.00,18.761,0
6.81,23.62,303.19,0.8596,-0.1509,-0.1504,0.4645,0.99,-3.78,8.80,-4.31,4.12,-1.69,9.63,0,1.70,-0.0797,0.0239,23,0.803,0.000,0.00,0.00,18.761,0
6.50,23.88,303.38,0.8600,-0.1539,-0.1489,0.4631,0.91,-3.89,8.84,-2.19,3.50,-0.19,9.70,0,1.70,-0.0797,0.0254,23,0.803,0.000,0.00,0.00,18.761,0
phase1 acc_mag=9.629 gravity=9.660 motion=0.031 moving_avg=0.132 rms=0.172 mean_rms=0.341 max_rms=0.722 min_rms=0.172 std=0.156 var=0.024 state=standing thr=0.652/0.852/1.352
6.38,23.94,303.38,0.8601,-0.1547,-0.1481,0.4630,0.88,-3.98,8.87,0.00,0.56,-0.25,9.76,0,1.70,-0.0796,0.0258,23,0.803,0.000,0.00,0.00,18.761,0
6.31,23.88,303.38,0.8602,-0.1548,-0.1477,0.4629,0.95,-3.78,8.88,1.62,-0.44,-0.25,9.70,0,1.70,-0.0795,0.0259,23,0.803,0.000,0.00,0.00,18.761,0
6.25,23.75,303.56,0.8613,-0.1539,-0.1460,0.4617,0.90,-3.74,8.74,2.88,3.38,-3.25,9.55,0,1.70,-0.0787,0.0261,23,0.803,0.000,0.00,0.00,18.761,0
phase1 acc_mag=9.802 gravity=9.681 motion=0.121 moving_avg=0.108 rms=0.134 mean_rms=0.245 max_rms=0.406 min_rms=0.133 std=0.075 var=0.006 state=standing thr=0.396/0.596/1.096
6.06,23.56,303.81,0.8625,-0.1540,-0.1438,0.4600,0.83,-4.00,8.91,3.12,0.69,-4.56,9.80,0,1.70,-0.0779,0.0267,23,0.803,0.000,0.00,0.00,18.761,0
6.06,23.19,304.00,0.8639,-0.1514,-0.1420,0.4589,0.84,-3.60,8.92,8.19,-1.38,-3.50,9.66,0,1.70,-0.0769,0.0263,23,0.803,0.000,0.00,0.00,18.761,0
6.19,22.81,304.25,0.8655,-0.1484,-0.1411,0.4572,0.87,-3.68,8.88,0.88,-0.50,-3.69,9.65,0,1.70,-0.0760,0.0256,23,0.803,0.000,0.00,0.00,18.761,0
6.38,22.56,304.44,0.8666,-0.1456,-0.1409,0.4561,0.95,-3.62,8.83,3.56,-1.62,-3.06,9.59,0,1.70,-0.0754,0.0248,23,0.803,0.000,0.00,0.00,18.761,0
phase1 acc_mag=9.595 gravity=9.679 motion=0.084 moving_avg=0.102 rms=0.129 mean_rms=0.203 max_rms=0.327 min_rms=0.124 std=0.068 var=0.005 state=standing thr=0.340/0.540/1.040
6.44,22.19,304.62,0.8676,-0.1432,-0.1398,0.4553,0.82,-3.68,8.93,4.75,0.12,-2.75,9.69,0,1.70,-0.0746,0.0242,23,0.803,0.000,0.00,0.00,18.761,0
6.44,21.81,304.69,0.8685,-0.1403,-0.1384,0.4548,0.94,-3.40,8.89,3.25,-0.94,-1.56,9.56,0,1.70,-0.0736,0.0235,23,0.803,0.000,0.00,0.00,18.761,0
6.44,21.62,304.75,0.8691,-0.1390,-0.1375,0.4544,0.95,-3.31,8.89,3.12,0.44,-0.25,9.53,0,1.70,-0.0731,0.0233,23,0.803,0.000,0.00,0.00,18.761,0
6.38,21.44,304.69,0.8692,-0.1376,-0.1363,0.4550,0.91,-3.53,9.00,3.75,-0.56,0.62,9.71,0,1.70,-0.0724,0.0231,23,0.803,0.000,0.00,0.00,18.761,0
phase1 acc_mag=9.657 gravity=9.683 motion=0.026 moving_avg=0.084 rms=0.104 mean_rms=0.162 max_rms=0.296 min_rms=0.104 std=0.046 var=0.002 state=standing thr=0.253/0.453/0.953
6.31,21.38,304.75,0.8694,-0.1375,-0.1356,0.4548,0.90,-3.55,8.96,4.25,0.06,-1.31,9.68,0,1.70,-0.0721,0.0231,23,0.803,0.000,0.00,0.00,18.761,0
6.31,21.19,304.81,0.8700,-0.1360,-0.1343,0.4545,1.00,-3.51,9.07,6.88,1.81,-1.31,9.78,0,1.70,-0.0715,0.0229,23,0.803,0.000,0.00,0.00,18.761,0
6.12,20.88,304.94,0.8709,-0.1349,-0.1318,0.4538,0.90,-3.34,8.98,2.88,2.31,-0.94,9.62,0,1.70,-0.0704,0.0231,23,0.803,0.000,0.00,0.00,18.761,0
phase1 acc_mag=9.646 gravity=9.694 motion=0.048 moving_avg=0.085 rms=0.104 mean_rms=0.134 max_rms=0.194 min_rms=0.102 std=0.028 var=0.001 state=standing thr=0.189/0.389/0.889
6.00,20.75,305.06,0.8715,-0.1348,-0.1306,0.4531,0.84,-3.42,8.98,3.88,1.12,-1.81,9.65,0,1.70,-0.0699,0.0233,23,0.803,0.000,0.00,0.00,18.761,0
6.00,20.56,305.06,0.8718,-0.1336,-0.1294,0.4531,0.93,-3.27,8.95,0.56,0.94,0.94,9.57,0,1.70,-0.0693,0.0231,23,0.803,0.000,0.00,0.00,18.761,0
6.00,20.38,305.06,0.8723,-0.1314,-0.1289,0.4531,0.97,-3.25,9.07,2.25,-1.75,-0.19,9.68,0,1.70,-0.0688,0.0225,23,0.803,0.000,0.00,0.00,18.761,0
6.12,20.19,305.12,0.8727,-0.1301,-0.1287,0.4528,0.90,-3.49,9.01,2.81,-0.81,-2.38,9.70,0,1.70,-0.0685,0.0221,23,0.803,0.000,0.00,0.00,18.761,0
phase1 acc_mag=9.566 gravity=9.688 motion=0.122 moving_avg=0.082 rms=0.103 mean_rms=0.120 max_rms=0.166 min_rms=0.102 std=0.019 var=0.000 state=standing thr=0.158/0.358/0.858
6.12,20.06,305.19,0.8731,-0.1288,-0.1282,0.4523,0.96,-3.21,8.96,1.94,0.38,-0.62,9.57,0,1.70,-0.0681,0.0218,23,0.803,0.000,0.00,0.00,18.761,0
6.06,19.81,305.25,0.8739,-0.1272,-0.1268,0.4517,0.91,-3.35,9.21,4.50,-1.00,-5.25,9.84,0,1.70,-0.0673,0.0216,23,0.803,0.000,0.00,0.00,18.761,0
6.25,19.75,305.44,0.8743,-0.1265,-0.1280,0.4507,0.57,-3.98,9.28,-0.88,-3.44,-1.38,10.11,0,1.70,-0.0676,0.0212,23,0.803,0.000,0.00,0.00,18.761,0
6.88,18.75,304.62,0.8723,-0.1155,-0.1292,0.4573,1.18,-3.78,9.39,6.06,-12.00,16.81,10.19,0,1.70,-0.0662,0.0167,23,0.803,0.000,0.00,0.00,18.761,0
phase1 acc_mag=9.452 gravity=9.673 motion=0.221 moving_avg=0.109 rms=0.152 mean_rms=0.114 max_rms=0.152 min_rms=0.101 std=0.014 var=0.000 state=slow thr=0.142/0.350/0.850
7.06,18.56,304.25,0.8708,-0.1129,-0.1304,0.4603,1.07,-2.80,8.96,-2.00,-0.75,1.75,9.45,0,1.70,-0.0662,0.0153,23,0.803,0.000,0.00,0.00,18.761,0
7.06,18.88,304.12,0.8699,-0.1151,-0.1317,0.4611,1.23,-2.95,9.06,-0.38,-1.94,3.56,9.61,0,1.70,-0.0671,0.0158,23,0.803,0.000,0.00,0.00,18.761,0
7.00,19.00,304.06,0.8694,-0.1159,-0.1322,0.4618,1.12,-2.95,9.03,1.00,-0.88,1.25,9.57,0,1.70,-0.0674,0.0159,23,0.803,0.000,0.00,0.00,18.761,0
7.06,19.25,303.88,0.8686,-0.1174,-0.1334,0.4626,1.12,-3.32,9.09,-4.62,-0.88,2.12,9.74,0,1.70,-0.0681,0.0161,23,0.803,0.000,0.00,0.00,18.761,0
phase1 acc_mag=9.685 gravity=9.665 motion=0.020 moving_avg=0.112 rms=0.153 mean_rms=0.119 max_rms=0.158 min_rms=0.101 std=0.021 var=0.000 state=standing thr=0.161/0.361/0.861
7.00,19.19,303.81,0.8682,-0.1171,-0.1331,0.4634,1.05,-3.01,9.08,3.56,-1.00,0.75,9.62,0,1.70,-0.0679,0.0160,23,0.803,0.000,0.00,0.00,18.761,0
7.00,19.12,303.69,0.8679,-0.1168,-0.1330,0.4641,1.06,-3.04,9.03,-0.25,-0.06,1.62,9.59,0,1.70,-0.0678,0.0158,23,0.803,0.000,0.00,0.00,18.761,0
6.94,19.06,303.62,0.8678,-0.1165,-0.1323,0.4646,1.06,-2.95,8.93,2.44,0.12,1.44,9.46,0,1.70,-0.0676,0.0158,23,0.803,0.000,0.00,0.00,18.761,0
6.81,19.06,303.44,0.8670,-0.1165,-0.1315,0.4663,1.04,-3.14,9.10,0.44,1.44,3.94,9.68,0,1.70,-0.0673,0.0159,23,0.803,0.000,0.00,0.00,18.761,0
phase1 acc_mag=9.725 gravity=9.656 motion=0.069 moving_avg=0.110 rms=0.153 mean_rms=0.128 max_rms=0.158 min_rms=0.101 std=0.024 var=0.001 state=standing thr=0.177/0.377/0.877
6.69,19.12,303.12,0.8657,-0.1174,-0.1310,0.4687,1.06,-3.07,9.06,-3.19,-1.06,4.00,9.62,0,1.70,-0.0674,0.0161,23,0.803,0.000,0.00,0.00,18.761,0
6.62,19.44,302.81,0.8641,-0.1196,-0.1324,0.4706,1.15,-3.20,9.06,-4.69,-2.44,4.38,9.68,0,1.70,-0.0683,0.0164,23,0.803,0.000,0.00,0.00,18.761,0
6.62,19.75,302.56,0.8625,-0.1218,-0.1337,0.4725,1.12,-2.80,8.88,-3.44,-0.12,3.19,9.38,0,1.70,-0.0691,0.0167,23,0.803,0.000,0.00,0.00,18.761,0
6.50,20.06,302.38,0.8616,-0.1244,-0.1344,0.4734,1.04,-2.85,8.93,-1.56,-0.44,2.94,9.43,0,1.70,-0.0699,0.0174,23,0.803,0.000,0.00,0.00,18.761,0
phase1 acc_mag=9.779 gravity=9.650 motion=0.129 moving_avg=0.118 rms=0.160 mean_rms=0.139 max_rms=0.160 min_rms=0.101 std=0.022 var=0.000 state=standing thr=0.184/0.384/0.884
6.50,20.44,302.25,0.8605,-0.1270,-0.1362,0.4742,1.07,-3.39,8.93,-3.75,-1.12,2.25,9.61,0,1.70,-0.0709,0.0179,23,0.803,0.000,0.00,0.00,18.761,0
6.44,20.75,302.12,0.8595,-0.1294,-0.1373,0.4750,0.96,-3.64,9.02,-5.38,-0.31,1.94,9.77,0,1.70,-0.0718,0.0184,23,0.803,0.000,0.00,0.00,18.761,0
6.31,21.06,302.06,0.8588,-0.1323,-0.1376,0.4753,1.06,-3.29,8.97,-4.31,3.12,0.94,9.61,0,1.70,-0.0724,0.0193,23,0.803,0.000,0.00,0.00,18.761,0
phase1 acc_mag=9.692 gravity=9.648 motion=0.044 moving_avg=0.117 rms=0.158 mean_rms=0.151 max_rms=0.162 min_rms=0.106 std=0.014 var=0.000 state=standing thr=0.179/0.379/0.879
6.25,21.25,302.12,0.8588,-0.1340,-0.1377,0.4749,1.08,-3.43,9.00,-4.31,0.69,0.38,9.69,0,1.70,-0.0727,0.0199,23,0.803,0.000,0.00,0.00,18.761,0
6.12,21.62,302.19,0.8587,-0.1373,-0.1382,0.4740,1.41,-3.69,9.11,-7.19,3.56,1.94,9.93,0,1.70,-0.0735,0.0210,23,0.803,0.000,0.00,0.00,18.761,0
5.69,21.69,302.25,0.8593,-0.1396,-0.1343,0.4734,0.87,-3.60,8.91,4.12,5.56,-0.81,9.65,0,1.70,-0.0726,0.0226,23,0.803,0.000,0.00,0.00,18.761,0
5.38,21.44,302.31,0.8597,-0.1393,-0.1317,0.4733,0.98,-3.44,9.08,-2.69,1.81,0.31,9.76,0,1.70,-0.0717,0.0230,23,0.803,0.000,0.00,0.00,18.761,0
phase1 acc_mag=9.641 gravity=9.648 motion=0.007 moving_avg=0.092 rms=0.117 mean_rms=0.152 max_rms=0.162 min_rms=0.117 std=0.012 var=0.000 state=standing thr=0.175/0.375/0.875
5.25,21.62,302.31,0.8596,-0.1415,-0.1314,0.4730,0.63,-3.59,9.03,0.75,2.12,-0.25,9.74,0,1.70,-0.0720,0.0238,23,0.803,0.000,0.00,0.00,18.761,0
5.25,21.56,302.31,0.8597,-0.1409,-0.1308,0.4731,0.88,-3.58,8.95,0.00,0.69,-0.62,9.68,0,1.70,-0.0716,0.0237,23,0.803,0.000,0.00,0.00,18.761,0
5.31,21.50,302.44,0.8604,-0.1402,-0.1313,0.4722,0.84,-3.44,8.99,-1.12,-2.12,-3.25,9.66,0,1.70,-0.0717,0.0235,23,0.803,0.000,0.00,0.00,18.761,0
5.44,21.38,302.75,0.8617,-0.1390,-0.1313,0.4700,0.94,-3.35,8.80,8.94,0.44,-5.12,9.46,0,1.70,-0.0714,0.0232,23,0.803,0.000,0.00,0.00,18.761,0
phase1 acc_mag=9.605 gravity=9.663 motion=0.058 moving_avg=0.090 rms=0.116 mean_rms=0.143 max_rms=0.162 min_rms=0.108 std=0.020 var=0.000 state=standing thr=0.183/0.383/0.883
5.38,20.94,303.06,0.8639,-0.1364,-0.1281,0.4676,0.87,-3.30,8.97,2.06,4.56,-4.19,9.60,0,1.70,-0.0698,0.0232,23,0.803,0.000,0.00,0.00,18.761,0
5.31,21.00,303.38,0.8647,-0.1374,-0.1279,0.4658,0.72,-3.49,9.03,-2.31,-0.06,-2.44,9.71,0,1.70,-0.0698,0.0237,23,0.803,0.000,0.00,0.00,18.761,0
5.62,20.88,303.62,0.8660,-0.1354,-0.1294,0.4636,0.78,-3.23,8.88,0.69,-1.62,-3.19,9.48,0,1.70,-0.0699,0.0229,23,0.803,0.000,0.00,0.00,18.761,0
phase1 acc_mag=9.887 gravity=9.668 motion=0.219 moving_avg=0.094 rms=0.118 mean_rms=0.135 max_rms=0.162 min_rms=0.108 std=0.022 var=0.000 state=standing thr=0.179/0.379/0.879
5.81,20.94,303.75,0.8663,-0.1354,-0.1309,0.4627,1.07,-3.59,9.15,-0.12,-3.44,-0.50,9.89,0,1.70,-0.0704,0.0227,23,0.803,0.000,0.00,0.00,18.761,0
5.62,20.81,304.00,0.8675,-0.1354,-0.1289,0.4610,0.85,-3.41,9.05,-0.38,3.12,-3.81,9.71,0,1.70,-0.0697,0.0232,23,0.803,0.000,0.00,0.00,18.761,0
5.56,20.75,304.19,0.8683,-0.1357,-0.1280,0.4595,0.84,-3.37,9.02,0.38,0.06,-1.56,9.67,0,1.70,-0.0694,0.0236,23,0.803,0.000,0.00,0.00,18.761,0
5.62,20.88,304.25,0.8685,-0.1364,-0.1286,0.4590,0.93,-3.28,8.99,-3.12,-0.50,1.00,9.61,0,1.70,-0.0697,0.0238,23,0.803,0.000,0.00,0.00,18.761,0
phase1 acc_mag=9.816 gravity=9.674 motion=0.142 moving_avg=0.081 rms=0.103 mean_rms=0.126 max_rms=0.162 min_rms=0.102 std=0.021 var=0.000 state=standing thr=0.167/0.367/0.867
5.56,21.06,304.25,0.8682,-0.1383,-0.1294,0.4587,0.81,-3.49,9.03,-3.00,-0.44,-1.12,9.71,0,1.70,-0.0703,0.0243,23,0.803,0.000,0.00,0.00,18.761,0
5.75,21.56,304.38,0.8677,-0.1411,-0.1327,0.4577,1.12,-3.51,8.85,-6.88,-1.06,-0.06,9.59,0,1.70,-0.0719,0.0247,23,0.803,0.000,0.00,0.00,18.761,0
5.50,21.81,304.25,0.8672,-0.1438,-0.1314,0.4583,0.82,-3.59,9.15,-0.38,1.56,2.00,9.86,0,1.70,-0.0719,0.0258,23,0.803,0.000,0.00,0.00,18.761,0
5.56,21.69,304.19,0.8669,-0.1426,-0.1318,0.4590,0.97,-3.59,9.09,-3.31,-2.62,0.69,9.82,0,1.70,-0.0719,0.0253,23,0.803,0.000,0.00,0.00,18.761,0
phase1 acc_mag=9.580 gravity=9.678 motion=0.098 moving_avg=0.081 rms=0.105 mean_rms=0.114 max_rms=0.159 min_rms=0.102 std=0.012 var=0.000 state=standing thr=0.138/0.350/0.850
5.81,21.81,304.12,0.8663,-0.1430,-0.1345,0.4594,0.83,-3.39,8.91,-4.44,-3.75,3.25,9.57,0,1.70,-0.0729,0.0248,23,0.803,0.000,0.00,0.00,18.761,0
5.88,22.19,303.75,0.8646,-0.1446,-0.1365,0.4615,0.96,-3.72,8.90,0.19,-1.25,4.69,9.69,0,1.70,-0.0739,0.0248,23,0.803,0.000,0.00,0.00,18.761,0
5.88,22.19,303.44,0.8632,-0.1440,-0.1370,0.4641,1.01,-3.39,8.91,0.62,-1.94,4.75,9.59,0,1.70,-0.0740,0.0243,23,0.803,0.000,0.00,0.00,18.761,0
phase1 acc_mag=9.600 gravity=9.675 motion=0.075 moving_avg=0.077 rms=0.097 mean_rms=0.108 max_rms=0.119 min_rms=0.095 std=0.008 var=0.000 state=standing thr=0.125/0.350/0.850
5.94,22.31,303.19,0.8618,-0.1445,-0.1384,0.4661,1.20,-3.52,8.85,-1.31,-3.12,2.25,9.60,0,1.70,-0.0747,0.0240,23,0.803,0.000,0.00,0.00,18.761,0
5.94,22.31,303.00,0.8611,-0.1442,-0.1385,0.4675,0.93,-3.71,8.87,-0.81,1.94,-0.19,9.66,0,1.70,-0.0747,0.0238,23,0.803,0.000,0.00,0.00,18.761,0
5.75,22.19,302.94,0.8612,-0.1444,-0.1367,0.4678,1.03,-3.49,8.86,1.25,4.00,1.31,9.58,0,1.70,-0.0741,0.0242,23,0.803,0.000,0.00,0.00,18.761,0
5.44,22.19,302.88,0.8608,-0.1461,-0.1342,0.4687,0.84,-3.39,8.87,-0.19,4.56,2.19,9.53,0,1.70,-0.0736,0.0251,23,0.803,0.000,0.00,0.00,18.761,0
phase1 acc_mag=9.861 gravity=9.665 motion=0.196 moving_avg=0.076 rms=0.094 mean_rms=0.105 max_rms=0.119 min_rms=0.090 std=0.009 var=0.000 state=standing thr=0.124/0.350/0.850
5.25,22.44,302.81,0.8605,-0.1478,-0.1342,0.4686,0.88,-3.62,8.92,-3.44,-0.31,0.44,9.67,0,1.70,-0.0739,0.0257,23,0.803,0.000,0.00,0.00,18.761,0
5.25,22.75,302.81,0.8600,-0.1503,-0.1356,0.4685,0.70,-3.93,8.93,-4.69,0.00,-0.81,9.78,0,1.70,-0.0748,0.0263,23,0.803,0.000,0.00,0.00,18.761,0
5.25,22.94,302.81,0.8597,-0.1520,-0.1364,0.4681,0.84,-3.60,8.82,-4.00,2.25,0.38,9.56,0,1.70,-0.0754,0.0267,23,0.803,0.000,0.00,0.00,18.761,0
phase1 acc_mag=9.670 gravity=9.669 motion=0.001 moving_avg=0.076 rms=0.095 mean_rms=0.100 max_rms=0.119 min_rms=0.090 std=0.008 var=0.000 state=standing thr=0.115/0.350/0.850
5.06,23.19,302.81,0.8594,-0.1549,-0.1357,0.4681,0.80,-3.79,8.86,-1.69,3.00,0.44,9.67,0,1.70,-0.0757,0.0278,23,0.803,0.000,0.00,0.00,18.761,0
4.88,23.44,302.81,0.8590,-0.1572,-0.1352,0.4681,0.80,-4.09,9.10,-1.19,-0.56,0.12,10.01,0,1.70,-0.0759,0.0287,23,0.803,0.000,0.00,0.00,18.761,0
5.00,23.62,302.94,0.8591,-0.1583,-0.1368,0.4670,0.88,-3.84,8.77,-5.50,-0.12,-2.94,9.61,0,1.70,-0.0766,0.0288,23,0.803,0.000,0.00,0.00,18.761,0
5.19,23.88,303.19,0.8600,-0.1600,-0.1392,0.4641,0.84,-4.24,8.90,-4.94,-0.81,-5.44,9.89,0,1.70,-0.0776,0.0292,23,0.803,0.000,0.00,0.00,18.761,0
phase1 acc_mag=9.742 gravity=9.685 motion=0.057 moving_avg=0.089 rms=0.111 mean_rms=0.099 max_rms=0.112 min_rms=0.090 std=0.007 var=0.000 state=standing thr=0.114/0.350/0.850
5.25,24.06,303.62,0.8613,-0.1613,-0.1396,0.4611,0.89,-3.80,8.71,1.56,1.69,-5.25,9.54,0,1.70,-0.0778,0.0298,23,0.803,0.000,0.00,0.00,18.761,0
5.25,24.06,304.00,0.8630,-0.1612,-0.1393,0.4580,0.74,-3.84,8.92,1.88,0.12,-6.12,9.74,0,1.70,-0.0776,0.0301,23,0.803,0.000,0.00,0.00,18.761,0
5.50,24.00,304.50,0.8647,-0.1608,-0.1401,0.4547,0.88,-4.00,8.93,-3.00,-0.62,-6.44,9.82,0,1.70,-0.0777,0.0301,23,0.803,0.000,0.00,0.00,18.761,0
5.56,24.12,304.75,0.8657,-0.1617,-0.1412,0.4521,0.80,-4.00,8.82,-2.44,-0.56,-4.69,9.72,0,1.70,-0.0781,0.0305,23,0.803,0.000,0.00,0.00,18.761,0
phase1 acc_mag=9.677 gravity=9.688 motion=0.011 moving_avg=0.088 rms=0.109 mean_rms=0.100 max_rms=0.112 min_rms=0.090 std=0.008 var=0.000 state=standing thr=0.117/0.350/0.850
5.69,24.12,304.94,0.8661,-0.1616,-0.1416,0.4513,0.99,-3.80,8.85,-2.00,-0.38,-1.19,9.68,0,1.70,-0.0782,0.0304,23,0.803,0.000,0.00,0.00,18.761,0
5.75,24.19,305.00,0.8663,-0.1618,-0.1423,0.4506,1.06,-3.77,8.75,1.44,-2.38,-1.25,9.59,0,1.70,-0.0785,0.0304,23,0.803,0.000,0.00,0.00,18.761,0
5.81,24.31,305.12,0.8666,-0.1622,-0.1431,0.4496,0.92,-3.91,8.76,0.00,1.75,-1.38,9.64,0,1.70,-0.0788,0.0305,23,0.803,0.000,0.00,0.00,18.761,0
5.88,24.25,305.31,0.8674,-0.1616,-0.1431,0.4484,0.99,-3.95,8.88,-0.12,-1.31,-3.56,9.77,0,1.70,-0.0786,0.0304,23,0.803,0.000,0.00,0.00,18.761,0
phase1 acc_mag=9.663 gravity=9.697 motion=0.035 moving_avg=0.085 rms=0.108 mean_rms=0.102 max_rms=0.112 min_rms=0.090 std=0.009 var=0.000 state=standing thr=0.120/0.350/0.850
6.00,24.31,305.50,0.8680,-0.1618,-0.1443,0.4467,0.92,-4.00,8.80,-2.06,-0.81,-3.56,9.71,0,1.70,-0.0790,0.0304,23,0.803,0.000,0.00,0.00,18.761,0
6.12,24.38,305.62,0.8683,-0.1622,-0.1450,0.4457,0.97,-4.24,8.86,-2.75,0.56,-1.31,9.87,0,1.70,-0.0793,0.0305,23,0.803,0.000,0.00,0.00,18.761,0
6.06,24.38,305.69,0.8685,-0.1627,-0.1443,0.4455,0.97,-4.07,8.83,-4.94,3.12,-0.06,9.77,0,1.70,-0.0791,0.0308,23,0.803,0.000,0.00,0.00,18.761,0
6.06,24.31,305.75,0.8691,-0.1623,-0.1439,0.4446,1.06,-3.76,8.72,0.88,-0.50,-1.81,9.56,0,1.70,-0.0789,0.0308,23,0.803,0.000,0.00,0.00,18.761,0
phase1 acc_mag=9.713 gravity=9.705 motion=0.008 moving_avg=0.090 rms=0.111 mean_rms=0.106 max_rms=0.112 min_rms=0.090 std=0.008 var=0.000 state=standing thr=0.121/0.350/0.850
6.06,24.38,305.88,0.8694,-0.1627,-0.1442,0.4438,1.05,-4.03,8.76,0.50,0.12,-0.44,9.70,0,1.70,-0.0790,0.0310,23,0.803,0.000,0.00,0.00,18.761,0
6.06,24.38,306.00,0.8699,-0.1627,-0.1437,0.4429,1.00,-4.16,8.89,2.69,1.38,-1.38,9.87,0,1.70,-0.0788,0.0311,23,0.803,0.000,0.00,0.00,18.761,0
6.00,24.19,306.06,0.8704,-0.1615,-0.1428,0.4426,0.97,-4.03,8.87,0.12,-0.38,-0.88,9.79,0,1.70,-0.0783,0.0310,23,0.803,0.000,0.00,0.00,18.761,0
phase1 acc_mag=9.783 gravity=9.703 motion=0.080 moving_avg=0.082 rms=0.101 mean_rms=0.109 max_rms=0.112 min_rms=0.101 std=0.005 var=0.000 state=standing thr=0.118/0.350/0.850
6.00,24.06,306.06,0.8705,-0.1609,-0.1424,0.4427,0.92,-4.00,8.88,0.75,-0.38,0.06,9.78,0,1.70,-0.0781,0.0308,23,0.803,0.000,0.00,0.00,18.761,0
6.06,23.94,306.00,0.8705,-0.1595,-0.1424,0.4434,0.97,-3.89,8.85,4.31,-1.12,-0.31,9.72,0,1.70,-0.0779,0.0303,23,0.803,0.000,0.00,0.00,18.761,0
6.06,23.94,306.00,0.8705,-0.1599,-0.1418,0.4432,0.84,-4.03,8.85,-3.19,5.31,0.38,9.76,0,1.70,-0.0777,0.0305,23,0.803,0.000,0.00,0.00,18.761,0
6.00,24.06,306.19,0.8710,-0.1611,-0.1422,0.4418,0.85,-3.98,8.79,5.12,1.00,-2.50,9.69,0,1.70,-0.0780,0.0310,23,0.803,0.000,0.00,0.00,18.761,0
phase1 acc_mag=10.049 gravity=9.712 motion=0.336 moving_avg=0.102 rms=0.155 mean_rms=0.110 max_rms=0.155 min_rms=0.098 std=0.010 var=0.000 state=slow thr=0.131/0.350/0.850
6.06,23.69,306.25,0.8719,-0.1579,-0.1404,0.4417,1.57,-4.27,8.96,6.69,2.19,-1.00,10.05,0,1.70,-0.0769,0.0303,23,0.803,0.000,0.00,0.00,18.761,0
5.81,23.25,306.31,0.8729,-0.1559,-0.1372,0.4415,0.93,-3.54,8.85,7.88,2.50,-4.38,9.58,0,1.70,-0.0754,0.0302,23,0.803,0.000,0.00,0.00,18.761,0
5.62,22.81,306.50,0.8745,-0.1533,-0.1334,0.4405,0.64,-3.89,8.94,7.31,3.12,-0.12,9.77,0,1.70,-0.0737,0.0301,23,0.803,0.000,0.00,0.00,18.761,0
5.69,22.25,306.50,0.8752,-0.1491,-0.1318,0.4409,1.01,-3.15,8.74,7.50,-1.56,-1.25,9.35,0,1.70,-0.0724,0.0290,23,0.803,0.000,0.00,0.00,18.761,0
phase1 acc_mag=9.581 gravity=9.700 motion=0.119 moving_avg=0.118 rms=0.171 mean_rms=0.122 max_rms=0.172 min_rms=0.098 std=0.024 var=0.001 state=slow thr=0.170/0.370/0.870
5.69,22.19,306.69,0.8762,-0.1485,-0.1317,0.4391,0.90,-3.62,8.94,1.62,-0.44,-5.44,9.69,0,1.70,-0.0722,0.0289,23,0.803,0.000,0.00,0.00,18.761,0
5.75,22.12,306.88,0.8768,-0.1482,-0.1315,0.4380,0.95,-3.58,8.97,1.94,0.38,-1.88,9.70,0,1.70,-0.0721,0.0289,23,0.803,0.000,0.00,0.00,18.761,0
5.75,22.06,307.00,0.8774,-0.1476,-0.1311,0.4371,0.96,-3.40,8.84,4.38,-0.06,-2.25,9.52,0,1.70,-0.0718,0.0289,23,0.803,0.000,0.00,0.00,18.761,0
5.75,21.88,307.19,0.8783,-0.1467,-0.1302,0.4361,0.93,-3.71,9.04,-0.38,1.94,-0.62,9.82,0,1.70,-0.0713,0.0288,23,0.803,0.000,0.00,0.00,18.761,0
phase1 acc_mag=9.537 gravity=9.695 motion=0.157 moving_avg=0.125 rms=0.175 mean_rms=0.134 max_rms=0.175 min_rms=0.098 std=0.030 var=0.001 state=standing thr=0.194/0.394/0.894
5.75,21.81,307.31,0.8788,-0.1463,-0.1300,0.4351,0.93,-3.62,9.02,-0.25,0.44,-3.50,9.76,0,1.70,-0.0712,0.0288,23,0.803,0.000,0.00,0.00,18.761,0
5.81,21.75,307.56,0.8799,-0.1461,-0.1300,0.4330,0.77,-3.68,9.04,-1.56,1.88,-2.75,9.79,0,1.70,-0.0711,0.0289,23,0.803,0.000,0.00,0.00,18.761,0
5.88,21.75,307.69,0.8804,-0.1461,-0.1301,0.4320,0.96,-3.50,8.97,0.81,-2.06,-2.94,9.68,0,1.70,-0.0710,0.0290,23,0.803,0.000,0.00,0.00,18.761,0
5.94,21.81,307.69,0.8802,-0.1460,-0.1309,0.4321,0.96,-3.46,8.97,1.19,-0.88,0.56,9.66,0,1.70,-0.0713,0.0288,23,0.803,0.000,0.00,0.00,18.761,0
phase1 acc_mag=9.587 gravity=9.689 motion=0.102 moving_avg=0.124 rms=0.175 mean_rms=0.148 max_rms=0.176 min_rms=0.098 std=0.031 var=0.001 state=standing thr=0.210/0.410/0.910
6.06,21.75,307.69,0.8803,-0.1452,-0.1315,0.4320,0.93,-3.74,9.01,-1.62,-1.88,-0.31,9.80,0,1.70,-0.0714,0.0284,23,0.803,0.000,0.00,0.00,18.761,0
6.12,21.75,307.69,0.8803,-0.1447,-0.1320,0.4321,0.99,-3.54,8.96,1.06,-2.38,-0.81,9.68,0,1.70,-0.0715,0.0281,23,0.803,0.000,0.00,0.00,18.761,0
6.19,21.69,307.62,0.8800,-0.1441,-0.1324,0.4327,0.98,-3.28,8.87,-0.62,0.00,2.00,9.51,0,1.70,-0.0715,0.0278,23,0.803,0.000,0.00,0.00,18.761,0
6.12,21.75,307.50,0.8795,-0.1448,-0.1322,0.4337,0.91,-3.60,9.00,-0.94,0.25,1.75,9.74,0,1.70,-0.0716,0.0280,23,0.803,0.000,0.00,0.00,18.761,0
phase1 acc_mag=9.662 gravity=9.679 motion=0.016 moving_avg=0.122 rms=0.173 mean_rms=0.163 max_rms=0.176 min_rms=0.098 std=0.021 var=0.000 state=standing thr=0.206/0.406/0.906
6.12,21.75,307.38,0.8792,-0.1443,-0.1324,0.4343,0.95,-3.52,8.94,0.94,-0.44,1.56,9.65,0,1.70,-0.0716,0.0277,23,0.803,0.000,0.00,0.00,18.761,0
6.06,21.81,307.25,0.8787,-0.1447,-0.1324,0.4352,1.09,-3.18,8.79,4.12,-1.00,3.06,9.41,0,1.70,-0.0717,0.0278,23,0.803,0.000,0.00,0.00,18.761,0
6.00,21.81,307.12,0.8779,-0.1452,-0.1321,0.4367,0.96,-3.33,8.92,1.19,-0.38,2.19,9.57,0,1.70,-0.0717,0.0279,23,0.803,0.000,0.00,0.00,18.761,0
6.00,21.94,306.94,0.8773,-0.1459,-0.1326,0.4377,0.97,-3.49,8.92,1.50,-2.38,0.25,9.63,0,1.70,-0.0721,0.0280,23,0.803,0.000,0.00,0.00,18.761,0
phase1 acc_mag=9.607 gravity=9.658 motion=0.051 moving_avg=0.090 rms=0.118 mean_rms=0.168 max_rms=0.177 min_rms=0.118 std=0.014 var=0.000 state=standing thr=0.196/0.396/0.896
6.06,21.94,306.75,0.8766,-0.1454,-0.1336,0.4388,0.98,-3.53,8.98,-1.38,-1.19,2.56,9.70,0,1.70,-0.0724,0.0275,23,0.803,0.000,0.00,0.00,18.761,0
6.19,21.94,306.75,0.8766,-0.1447,-0.1345,0.4388,1.06,-3.66,8.91,3.50,-1.44,-1.00,9.69,0,1.70,-0.0726,0.0271,23,0.803,0.000,0.00,0.00,18.761,0
6.12,21.81,306.81,0.8769,-0.1440,-0.1334,0.4388,0.91,-3.53,8.89,0.06,2.06,0.94,9.61,0,1.70,-0.0721,0.0271,23,0.803,0.000,0.00,0.00,18.761,0
phase1 acc_mag=9.600 gravity=9.669 motion=0.069 moving_avg=0.087 rms=0.110 mean_rms=0.155 max_rms=0.177 min_rms=0.105 std=0.028 var=0.001 state=standing thr=0.211/0.411/0.911
6.00,21.81,306.69,0.8765,-0.1446,-0.1324,0.4398,1.01,-3.35,8.94,-1.31,1.06,1.81,9.60,0,1.70,-0.0719,0.0274,23,0.803,0.000,0.00,0.00,18.761,0
6.00,21.81,306.50,0.8756,-0.1445,-0.1331,0.4413,1.00,-3.66,9.05,-1.69,-1.94,2.06,9.81,0,1.70,-0.0721,0.0271,23,0.803,0.000,0.00,0.00,18.761,0
5.81,21.88,306.38,0.8753,-0.1456,-0.1319,0.4418,0.66,-4.03,8.87,-5.88,7.00,4.00,9.76,0,1.70,-0.0719,0.0277,23,0.803,0.000,0.00,0.00,18.761,0
5.62,22.00,306.19,0.8748,-0.1466,-0.1307,0.4429,1.47,-3.52,8.97,-0.25,-0.38,0.69,9.75,0,1.70,-0.0717,0.0281,23,0.803,0.000,0.00,0.00,18.761,0
phase1 acc_mag=9.489 gravity=9.671 motion=0.181 moving_avg=0.085 rms=0.106 mean_rms=0.142 max_rms=0.177 min_rms=0.104 std=0.032 var=0.001 state=standing thr=0.205/0.405/0.905
5.62,21.50,306.44,0.8761,-0.1434,-0.1288,0.4419,0.76,-3.47,8.92,3.00,1.25,-1.44,9.60,0,1.70,-0.0705,0.0275,23,0.803,0.000,0.00,0.00,18.761,0
5.81,21.06,306.62,0.8774,-0.1395,-0.1279,0.4409,0.99,-3.24,8.95,14.06,-2.44,-7.25,9.57,0,1.70,-0.0695,0.0264,23,0.803,0.000,0.00,0.00,18.761,0
6.00,20.00,307.06,0.8809,-0.1304,-0.1246,0.4376,1.56,-2.42,8.80,10.25,0.31,-9.25,9.26,0,1.70,-0.0667,0.0241,23,0.803,0.000,0.00,0.00,18.761,0
6.12,18.94,307.69,0.8842,-0.1231,-0.1212,0.4341,1.02,-2.81,9.11,7.25,3.50,-6.19,9.59,0,1.70,-0.0642,0.0225,23,0.803,0.000,0.00,0.00,18.761,0
phase1 acc_mag=9.621 gravity=9.664 motion=0.043 moving_avg=0.115 rms=0.165 mean_rms=0.134 max_rms=0.177 min_rms=0.104 std=0.029 var=0.001 state=standing thr=0.192/0.392/0.892
6.06,18.44,307.81,0.8857,-0.1183,-0.1178,0.4332,1.20,-2.24,8.84,21.25,-0.12,-1.25,9.20,0,1.70,-0.0622,0.0215,23,0.803,0.000,0.00,0.00,18.761,0
6.25,17.38,307.81,0.8865,-0.1107,-0.1160,0.4340,1.20,-3.15,9.25,8.44,-5.19,5.31,9.85,0,1.70,-0.0604,0.0191,23,0.803,0.000,0.00,0.00,18.761,0
6.69,16.38,307.50,0.8862,-0.1003,-0.1161,0.4371,0.70,-2.90,9.32,10.06,-5.94,6.00,9.79,0,1.70,-0.0587,0.0153,23,0.803,0.000,0.00,0.00,18.761,0
6.75,16.00,307.38,0.8861,-0.0981,-0.1149,0.4382,1.14,-2.06,8.92,6.50,0.12,3.62,9.23,0,1.70,-0.0579,0.0146,23,0.803,0.000,0.00,0.00,18.761,0
phase1 acc_mag=9.532 gravity=9.644 motion=0.111 moving_avg=0.151 rms=0.208 mean_rms=0.136 max_rms=0.208 min_rms=0.104 std=0.033 var=0.001 state=slow thr=0.202/0.402/0.902
6.69,15.94,307.31,0.8860,-0.0979,-0.1142,0.4385,1.02,-2.50,9.32,4.19,4.94,-3.50,9.70,0,1.70,-0.0576,0.0147,23,0.803,0.000,0.00,0.00,18.761,0
6.31,15.38,307.50,0.8875,-0.0952,-0.1091,0.4374,1.11,-2.50,9.30,-0.75,1.88,2.25,9.69,0,1.70,-0.0554,0.0147,23,0.803,0.000,0.00,0.00,18.761,0
5.88,15.94,307.62,0.8875,-0.1011,-0.1076,0.4365,0.96,-2.46,9.13,-12.75,12.38,1.88,9.50,0,1.70,-0.0558,0.0171,23,0.803,0.000,0.00,0.00,18.761,0
5.56,16.44,308.00,0.8887,-0.1068,-0.1067,0.4330,0.78,-2.62,9.29,-3.88,2.31,-12.25,9.68,0,1.70,-0.0564,0.0195,23,0.803,0.000,0.00,0.00,18.761,0
phase1 acc_mag=9.784 gravity=9.643 motion=0.140 moving_avg=0.157 rms=0.211 mean_rms=0.151 max_rms=0.211 min_rms=0.104 std=0.043 var=0.002 state=standing thr=0.237/0.437/0.937
5.50,16.75,308.12,0.8888,-0.1097,-0.1075,0.4318,0.89,-2.71,9.24,-7.06,0.56,0.00,9.67,0,1.70,-0.0572,0.0204,23,0.803,0.000,0.00,0.00,18.761,0
5.50,17.25,308.12,0.8881,-0.1132,-0.1091,0.4319,0.88,-2.65,9.13,-2.81,-0.12,3.06,9.55,0,1.70,-0.0583,0.0214,23,0.803,0.000,0.00,0.00,18.761,0
5.50,17.44,307.94,0.8872,-0.1146,-0.1105,0.4331,0.93,-2.91,9.21,-5.81,-1.88,2.62,9.70,0,1.70,-0.0591,0.0215,23,0.803,0.000,0.00,0.00,18.761,0
5.62,17.56,307.81,0.8864,-0.1151,-0.1119,0.4341,0.86,-2.84,9.18,-1.50,-1.00,2.38,9.65,0,1.70,-0.0596,0.0214,23,0.803,0.000,0.00,0.00,18.761,0
phase1 acc_mag=9.692 gravity=9.639 motion=0.053 moving_avg=0.148 rms=0.206 mean_rms=0.173 max_rms=0.211 min_rms=0.104 std=0.041 var=0.002 state=standing thr=0.256/0.456/0.956
5.56,17.38,307.38,0.8849,-0.1133,-0.1111,0.4378,0.98,-2.61,9.07,0.44,-2.25,7.25,9.49,0,1.70,-0.0592,0.0206,23,0.803,0.000,0.00,0.00,18.761,0
5.56,17.31,307.12,0.8844,-0.1125,-0.1109,0.4392,0.88,-2.70,9.07,1.75,0.50,0.38,9.50,0,1.70,-0.0590,0.0203,23,0.803,0.000,0.00,0.00,18.761,0
5.44,17.62,307.19,0.8842,-0.1155,-0.1111,0.4388,0.93,-3.39,9.38,-7.75,2.25,-1.62,10.02,0,1.70,-0.0596,0.0214,23,0.803,0.000,0.00,0.00,18.761,0
phase1 acc_mag=9.651 gravity=9.622 motion=0.029 moving_avg=0.152 rms=0.211 mean_rms=0.194 max_rms=0.212 min_rms=0.109 std=0.024 var=0.001 state=standing thr=0.242/0.442/0.942
5.50,17.38,307.31,0.8850,-0.1134,-0.1103,0.4378,0.79,-2.84,9.19,4.19,-0.81,-2.75,9.65,0,1.70,-0.0589,0.0208,23,0.803,0.000,0.00,0.00,18.761,0
5.56,17.06,307.50,0.8860,-0.1113,-0.1096,0.4365,0.95,-2.51,8.99,5.12,0.06,1.38,9.38,0,1.70,-0.0583,0.0203,23,0.803,0.000,0.00,0.00,18.761,0
5.38,16.94,307.56,0.8865,-0.1107,-0.1078,0.4361,0.87,-2.81,9.15,2.44,3.50,-1.25,9.61,0,1.70,-0.0575,0.0205,23,0.803,0.000,0.00,0.00,18.761,0
5.25,16.88,307.56,0.8867,-0.1108,-0.1065,0.4362,0.86,-2.75,9.23,2.06,1.12,-1.12,9.67,0,1.70,-0.0571,0.0207,23,0.803,0.000,0.00,0.00,18.761,0
phase1 acc_mag=9.804 gravity=9.623 motion=0.182 moving_avg=0.126 rms=0.173 mean_rms=0.201 max_rms=0.212 min_rms=0.172 std=0.013 var=0.000 state=standing thr=0.227/0.427/0.927
5.38,16.12,307.56,0.8873,-0.1047,-0.1046,0.4368,1.12,-2.37,9.00,19.81,-1.00,1.00,9.37,0,1.70,-0.0554,0.0189,23,0.803,0.000,0.00,0.00,18.761,0
5.31,15.69,307.44,0.8874,-0.1014,-0.1026,0.4379,0.93,-2.41,9.21,6.00,-1.25,4.19,9.57,0,1.70,-0.0542,0.0180,23,0.803,0.000,0.00,0.00,18.761,0
5.50,15.31,307.50,0.8881,-0.0975,-0.1025,0.4374,0.88,-2.60,9.18,4.38,1.31,-4.19,9.58,0,1.70,-0.0535,0.0167,23,0.803,0.000,0.00,0.00,18.761,0
5.38,15.12,307.69,0.8890,-0.0969,-0.1002,0.4361,0.75,-2.41,9.28,4.81,1.88,-3.44,9.62,0,1.70,-0.0525,0.0170,23,0.803,0.000,0.00,0.00,18.761,0
phase1 acc_mag=9.583 gravity=9.639 motion=0.055 moving_avg=0.106 rms=0.138 mean_rms=0.192 max_rms=0.212 min_rms=0.138 std=0.024 var=0.001 state=standing thr=0.239/0.439/0.939
5.31,14.88,307.81,0.8896,-0.0955,-0.0993,0.4354,1.01,-2.25,9.24,4.94,-0.56,-3.12,9.56,0,1.70,-0.0520,0.0167,23,0.803,0.000,0.00,0.00,18.761,0
5.38,14.69,308.12,0.8911,-0.0932,-0.0984,0.4330,0.80,-2.70,9.45,7.44,-0.62,-4.12,9.86,0,1.70,-0.0512,0.0162,23,0.803,0.000,0.00,0.00,18.761,0
5.31,14.38,308.31,0.8922,-0.0920,-0.0966,0.4316,1.02,-2.33,9.31,2.19,6.00,-2.56,9.65,0,1.70,-0.0504,0.0161,23,0.803,0.000,0.00,0.00,18.761,0
5.31,14.56,308.38,0.8921,-0.0937,-0.0975,0.4312,0.98,-2.76,9.54,-7.75,-2.44,-0.56,9.98,0,1.70,-0.0509,0.0166,23,0.803,0.000,0.00,0.00,18.761,0
phase1 acc_mag=9.568 gravity=9.631 motion=0.062 moving_avg=0.122 rms=0.162 mean_rms=0.179 max_rms=0.212 min_rms=0.137 std=0.029 var=0.001 state=standing thr=0.236/0.436/0.936
5.25,14.81,308.44,0.8919,-0.0957,-0.0975,0.4311,0.93,-2.02,9.12,0.31,-1.12,3.25,9.39,0,1.70,-0.0513,0.0173,23,0.803,0.000,0.00,0.00,18.761,0
5.00,15.06,308.06,0.8905,-0.0981,-0.0972,0.4335,0.67,-2.66,9.33,-1.31,6.44,4.12,9.72,0,1.70,-0.0516,0.0181,23,0.803,0.000,0.00,0.00,18.761,0
4.81,15.06,308.00,0.8903,-0.0988,-0.0958,0.4341,0.72,-2.43,9.22,-1.12,2.25,0.81,9.56,0,1.70,-0.0513,0.0185,23,0.803,0.000,0.00,0.00,18.761,0
phase1 acc_mag=9.522 gravity=9.629 motion=0.107 moving_avg=0.128 rms=0.167 mean_rms=0.170 max_rms=0.212 min_rms=0.137 std=0.024 var=0.001 state=standing thr=0.218/0.418/0.918
4.81,15.06,308.00,0.8903,-0.0995,-0.0957,0.4340,0.80,-2.36,9.19,-1.44,1.62,0.88,9.52,0,1.70,-0.0514,0.0188,23,0.803,0.000,0.00,0.00,18.761,0
4.69,15.31,308.19,0.8907,-0.1016,-0.0956,0.4326,0.79,-2.53,9.25,-1.75,1.75,-1.62,9.62,0,1.70,-0.0516,0.0196,23,0.803,0.000,0.00,0.00,18.761,0
4.62,15.38,308.25,0.8911,-0.1024,-0.0952,0.4318,0.65,-2.36,9.26,-2.44,1.94,-1.00,9.58,0,1.70,-0.0516,0.0201,23,0.803,0.000,0.00,0.00,18.761,0
4.62,15.44,308.31,0.8913,-0.1030,-0.0955,0.4310,0.92,-2.33,9.10,4.56,-0.81,-1.38,9.44,0,1.70,-0.0518,0.0203,23,0.803,0.000,0.00,0.00,18.761,0
phase1 acc_mag=9.634 gravity=9.637 motion=0.002 moving_avg=0.119 rms=0.155 mean_rms=0.161 max_rms=0.196 min_rms=0.137 std=0.015 var=0.000 state=standing thr=0.190/0.390/0.890
4.69,15.31,308.56,0.8922,-0.1021,-0.0951,0.4296,0.74,-2.45,9.23,1.19,0.75,-2.75,9.58,0,1.70,-0.0515,0.0201,23,0.803,0.000,0.00,0.00,18.761,0
4.69,15.31,308.69,0.8926,-0.1021,-0.0949,0.4286,0.86,-2.34,9.27,-1.25,-0.56,0.94,9.60,0,1.70,-0.0514,0.0202,23,0.803,0.000,0.00,0.00,18.761,0
4.62,15.31,308.69,0.8928,-0.1021,-0.0945,0.4285,0.72,-2.31,9.29,0.06,-0.25,-0.81,9.60,0,1.70,-0.0513,0.0203,23,0.803,0.000,0.00,0.00,18.761,0
phase1 acc_mag=9.603 gravity=9.632 motion=0.029 moving_avg=0.111 rms=0.146 mean_rms=0.155 max_rms=0.169 min_rms=0.137 std=0.012 var=0.000 state=standing thr=0.178/0.378/0.878
4.62,15.31,308.62,0.8926,-0.1023,-0.0948,0.4288,0.76,-2.35,9.28,0.69,-1.19,-0.25,9.60,0,1.70,-0.0514,0.0203,23,0.803,0.000,0.00,0.00,18.761,0
4.75,15.31,308.56,0.8922,-0.1016,-0.0958,0.4295,0.66,-2.69,9.31,-2.62,-1.25,0.00,9.71,0,1.70,-0.0516,0.0198,23,0.803,0.000,0.00,0.00,18.761,0
4.75,15.31,308.44,0.8916,-0.1019,-0.0961,0.4306,0.74,-2.72,9.31,-1.94,0.06,1.94,9.73,0,1.70,-0.0518,0.0198,23,0.803,0.000,0.00,0.00,18.761,0
4.75,15.31,308.25,0.8912,-0.1012,-0.0961,0.4317,0.88,-2.63,9.32,2.19,-1.19,2.06,9.72,0,1.70,-0.0517,0.0195,23,0.803,0.000,0.00,0.00,18.761,0
phase1 acc_mag=9.549 gravity=9.628 motion=0.079 moving_avg=0.103 rms=0.137 mean_rms=0.154 max_rms=0.169 min_rms=0.137 std=0.012 var=0.000 state=standing thr=0.178/0.378/0.878
4.75,15.25,308.25,0.8911,-0.1010,-0.0958,0.4320,0.75,-2.73,9.42,-0.56,-1.06,2.19,9.84,0,1.70,-0.0516,0.0194,23,0.803,0.000,0.00,0.00,18.761,0
4.75,15.12,308.19,0.8910,-0.1000,-0.0956,0.4324,0.93,-2.35,9.27,3.75,-0.19,0.88,9.61,0,1.70,-0.0514,0.0191,23,0.803,0.000,0.00,0.00,18.761,0
4.75,15.00,308.06,0.8907,-0.0988,-0.0950,0.4334,0.56,-2.51,9.29,2.31,-0.12,1.94,9.64,0,1.70,-0.0510,0.0187,23,0.803,0.000,0.00,0.00,18.761,0
4.75,14.88,307.81,0.8899,-0.0972,-0.0944,0.4356,0.54,-2.49,9.38,4.88,-0.81,2.25,9.72,0,1.70,-0.0505,0.0182,23,0.803,0.000,0.00,0.00,18.761,0
phase1 acc_mag=9.742 gravity=9.647 motion=0.095 moving_avg=0.075 rms=0.095 mean_rms=0.148 max_rms=0.169 min_rms=0.095 std=0.019 var=0.000 state=standing thr=0.186/0.386/0.886
4.81,14.69,307.69,0.8895,-0.0960,-0.0946,0.4365,0.97,-2.24,9.22,2.31,-2.19,3.50,9.54,0,1.70,-0.0504,0.0176,23,0.803,0.000,0.00,0.00,18.761,0
4.81,14.56,307.62,0.8894,-0.0948,-0.0938,0.4372,0.74,-2.26,9.32,1.94,-0.25,2.00,9.62,0,1.70,-0.0500,0.0173,23,0.803,0.000,0.00,0.00,18.761,0
4.81,14.38,307.88,0.8905,-0.0935,-0.0930,0.4355,0.80,-2.21,9.26,3.88,0.19,0.44,9.55,0,1.70,-0.0494,0.0171,23,0.803,0.000,0.00,0.00,18.761,0
4.75,14.25,307.94,0.8909,-0.0927,-0.0922,0.4350,0.80,-2.47,9.41,0.69,0.44,0.25,9.76,0,1.70,-0.0490,0.0170,23,0.803,0.000,0.00,0.00,18.761,0
phase1 acc_mag=9.490 gravity=9.648 motion=0.158 moving_avg=0.077 rms=0.095 mean_rms=0.132 max_rms=0.168 min_rms=0.090 std=0.026 var=0.001 state=standing thr=0.184/0.384/0.884
4.75,14.25,307.88,0.8907,-0.0929,-0.0920,0.4354,0.81,-2.24,9.27,0.00,-0.19,1.94,9.57,0,1.70,-0.0489,0.0171,23,0.803,0.000,0.00,0.00,18.761,0
4.69,14.19,308.06,0.8914,-0.0928,-0.0914,0.4340,0.74,-2.22,9.31,-1.00,0.81,2.75,9.60,0,1.70,-0.0487,0.0172,23,0.803,0.000,0.00,0.00,18.761,0
4.69,14.19,308.12,0.8916,-0.0928,-0.0911,0.4338,0.66,-2.46,9.28,1.75,-0.12,2.38,9.62,0,1.70,-0.0486,0.0173,23,0.803,0.000,0.00,0.00,18.761,0
4.62,14.12,308.12,0.8919,-0.0927,-0.0905,0.4332,0.65,-2.58,9.47,-1.06,0.56,-1.38,9.84,0,1.70,-0.0484,0.0174,23,0.803,0.000,0.00,0.00,18.761,0
phase1 acc_mag=9.573 gravity=9.648 motion=0.075 moving_avg=0.076 rms=0.094 mean_rms=0.117 max_rms=0.153 min_rms=0.090 std=0.024 var=0.001 state=standing thr=0.166/0.366/0.866
4.62,14.19,308.12,0.8917,-0.0928,-0.0911,0.4335,0.87,-2.29,9.29,-1.56,-1.12,1.50,9.61,0,1.70,-0.0486,0.0173,23,0.803,0.000,0.00,0.00,18.761,0
4.69,14.12,308.00,0.8914,-0.0923,-0.0912,0.4343,0.78,-2.31,9.22,2.00,-0.56,1.19,9.54,0,1.70,-0.0486,0.0171,23,0.803,0.000,0.00,0.00,18.761,0
4.69,14.19,308.19,0.8920,-0.0929,-0.0910,0.4329,0.68,-2.69,9.45,-3.12,0.06,0.12,9.85,0,1.70,-0.0486,0.0174,23,0.803,0.000,0.00,0.00,18.761,0
4.69,14.19,308.12,0.8918,-0.0933,-0.0916,0.4332,0.91,-2.14,9.15,-2.69,-0.12,-1.12,9.44,0,1.70,-0.0488,0.0174,23,0.803,0.000,0.00,0.00,18.761,0
phase1 acc_mag=9.594 gravity=9.637 motion=0.042 moving_avg=0.079 rms=0.098 mean_rms=0.106 max_rms=0.141 min_rms=0.090 std=0.019 var=0.000 state=standing thr=0.144/0.350/0.850
4.69,14.31,308.25,0.8920,-0.0940,-0.0918,0.4325,0.78,-2.48,9.27,-2.94,1.38,-1.44,9.63,0,1.70,-0.0490,0.0177,23,0.803,0.000,0.00,0.00,18.761,0
4.62,14.31,308.31,0.8922,-0.0946,-0.0909,0.4321,0.84,-2.12,9.20,-0.31,0.88,-0.44,9.48,0,1.70,-0.0488,0.0180,23,0.803,0.000,0.00,0.00,18.761,0
4.50,14.38,308.44,0.8936,-0.0955,-0.0902,0.4292,0.54,-2.45,9.36,0.19,0.75,-1.00,9.69,0,1.70,-0.0486,0.0187,23,0.803,0.000,0.00,0.00,18.761,0
phase1 acc_mag=9.642 gravity=9.634 motion=0.009 moving_avg=0.080 rms=0.099 mean_rms=0.098 max_rms=0.129 min_rms=0.090 std=0.009 var=0.000 state=standing thr=0.116/0.350/0.850
4.50,14.50,308.94,0.8947,-0.0965,-0.0905,0.4268,0.72,-2.48,9.29,-0.94,1.06,-2.44,9.64,0,1.70,-0.0488,0.0191,23,0.803,0.000,0.00,0.00,18.761,0
4.50,14.44,309.12,0.8954,-0.0965,-0.0897,0.4254,0.83,-2.16,9.35,1.56,-0.69,-0.38,9.63,0,1.70,-0.0485,0.0193,23,0.803,0.000,0.00,0.00,18.761,0
4.44,14.44,309.19,0.8956,-0.0968,-0.0897,0.4248,0.84,-2.37,9.34,-0.69,-0.88,0.44,9.67,0,1.70,-0.0486,0.0194,23,0.803,0.000,0.00,0.00,18.761,0
4.50,14.44,309.25,0.8958,-0.0963,-0.0898,0.4246,0.70,-2.30,9.30,0.69,0.06,-0.31,9.61,0,1.70,-0.0485,0.0193,23,0.803,0.000,0.00,0.00,18.761,0
phase1 acc_mag=9.565 gravity=9.626 motion=0.061 moving_avg=0.075 rms=0.094 mean_rms=0.096 max_rms=0.102 min_rms=0.091 std=0.005 var=0.000 state=standing thr=0.107/0.350/0.850
4.50,14.38,309.25,0.8957,-0.0958,-0.0900,0.4247,0.79,-2.38,9.43,0.81,-2.75,0.25,9.76,0,1.70,-0.0485,0.0190,23,0.803,0.000,0.00,0.00,18.761,0
4.62,14.19,309.19,0.8958,-0.0941,-0.0902,0.4249,0.62,-2.16,9.21,2.50,0.00,-0.69,9.48,0,1.70,-0.0483,0.0184,23,0.803,0.000,0.00,0.00,18.761,0
4.56,14.12,309.25,0.8961,-0.0932,-0.0891,0.4249,0.68,-2.07,9.18,3.75,0.56,0.75,9.44,0,1.70,-0.0478,0.0183,23,0.803,0.000,0.00,0.00,18.761,0
4.56,13.94,309.12,0.8958,-0.0923,-0.0884,0.4258,0.78,-2.14,9.33,1.38,-0.25,2.00,9.60,0,1.70,-0.0474,0.0180,23,0.803,0.000,0.00,0.00,18.761,0
phase1 acc_mag=9.726 gravity=9.630 motion=0.096 moving_avg=0.071 rms=0.092 mean_rms=0.096 max_rms=0.102 min_rms=0.091 std=0.005 var=0.000 state=standing thr=0.106/0.350/0.850
4.62,13.94,308.88,0.8949,-0.0919,-0.0890,0.4275,0.78,-2.31,9.41,1.06,-3.75,3.31,9.72,0,1.70,-0.0476,0.0177,23,0.803,0.000,0.00,0.00,18.761,0
4.88,13.81,308.62,0.8938,-0.0900,-0.0908,0.4299,0.83,-2.12,9.30,2.94,-4.56,5.44,9.57,0,1.70,-0.0479,0.0165,23,0.803,0.000,0.00,0.00,18.761,0
5.19,13.75,308.38,0.8928,-0.0869,-0.0936,0.4321,1.15,-1.76,9.16,2.12,-6.81,0.06,9.40,0,1.70,-0.0484,0.0149,23,0.803,0.000,0.00,0.00,18.761,0
phase1 acc_mag=9.497 gravity=9.620 motion=0.123 moving_avg=0.071 rms=0.090 mean_rms=0.095 max_rms=0.102 min_rms=0.087 std=0.006 var=0.000 state=standing thr=0.107/0.350/0.850
5.31,13.75,308.12,0.8920,-0.0869,-0.0947,0.4335,0.95,-2.24,9.18,0.00,-0.62,1.88,9.50,0,1.70,-0.0488,0.0146,23,0.803,0.000,0.00,0.00,18.761,0
5.38,13.56,308.06,0.8919,-0.0853,-0.0944,0.4340,0.75,-2.16,9.25,0.44,1.00,-0.31,9.53,0,1.70,-0.0485,0.0140,23,0.803,0.000,0.00,0.00,18.761,0
5.44,13.50,308.19,0.8923,-0.0848,-0.0945,0.4333,1.06,-2.06,9.24,-4.12,-1.56,-0.50,9.53,0,1.70,-0.0484,0.0139,23,0.803,0.000,0.00,0.00,18.761,0
5.50,13.69,308.19,0.8923,-0.0862,-0.0958,0.4327,0.99,-2.44,9.37,-3.06,0.50,-1.19,9.73,0,1.70,-0.0491,0.0142,23,0.803,0.000,0.00,0.00,18.761,0
phase1 acc_mag=9.714 gravity=9.614 motion=0.100 moving_avg=0.070 rms=0.086 mean_rms=0.094 max_rms=0.102 min_rms=0.085 std=0.006 var=0.000 state=standing thr=0.106/0.350/0.850
5.38,13.69,308.31,0.8928,-0.0867,-0.0947,0.4319,0.91,-2.12,9.25,0.62,1.81,0.06,9.53,0,1.70,-0.0488,0.0146,23,0.803,0.000,0.00,0.00,18.761,0
5.25,13.62,308.31,0.8928,-0.0865,-0.0931,0.4321,1.11,-2.06,9.26,5.12,1.94,0.31,9.55,0,1.70,-0.0482,0.0148,23,0.803,0.000,0.00,0.00,18.761,0
5.12,13.56,308.50,0.8937,-0.0864,-0.0917,0.4305,0.79,-2.20,9.40,0.94,0.31,-1.75,9.69,0,1.70,-0.0477,0.0151,23,0.803,0.000,0.00,0.00,18.761,0
4.94,13.44,308.56,0.8940,-0.0866,-0.0901,0.4303,0.87,-2.33,9.23,0.06,4.50,-0.06,9.56,0,1.70,-0.0471,0.0155,23,0.803,0.000,0.00,0.00,18.761,0
phase1 acc_mag=9.693 gravity=9.609 motion=0.084 moving_avg=0.073 rms=0.089 mean_rms=0.091 max_rms=0.100 min_rms=0.083 std=0.006 var=0.000 state=standing thr=0.102/0.350/0.850
4.81,13.19,308.62,0.8945,-0.0851,-0.0883,0.4300,0.93,-1.93,9.36,3.56,-0.69,0.88,9.60,0,1.70,-0.0462,0.0153,23,0.803,0.000,0.00,0.00,18.761,0
4.88,13.31,308.62,0.8943,-0.0856,-0.0889,0.4301,0.62,-2.30,9.46,1.12,-2.12,-0.12,9.76,0,1.70,-0.0465,0.0153,23,0.803,0.000,0.00,0.00,18.761,0
4.88,13.38,308.56,0.8940,-0.0858,-0.0893,0.4305,0.80,-2.25,9.29,0.81,0.88,1.00,9.59,0,1.70,-0.0467,0.0153,23,0.803,0.000,0.00,0.00,18.761,0
phase1 acc_mag=9.594 gravity=9.608 motion=0.014 moving_avg=0.073 rms=0.093 mean_rms=0.090 max_rms=0.095 min_rms=0.083 std=0.005 var=0.000 state=standing thr=0.100/0.350/0.850
4.81,13.19,308.62,0.8945,-0.0852,-0.0883,0.4300,0.75,-2.06,9.34,1.12,0.75,-1.31,9.59,0,1.70,-0.0462,0.0153,23,0.803,0.000,0.00,0.00,18.761,0
4.81,13.19,308.81,0.8953,-0.0853,-0.0882,0.4283,0.80,-2.03,9.32,0.12,0.31,-3.62,9.57,0,1.70,-0.0462,0.0154,23,0.803,0.000,0.00,0.00,18.761,0
4.88,13.38,309.06,0.8959,-0.0865,-0.0889,0.4267,0.78,-2.32,9.38,-1.69,-0.06,-2.81,9.69,0,1.70,-0.0466,0.0158,23,0.803,0.000,0.00,0.00,18.761,0
5.00,13.44,309.19,0.8964,-0.0866,-0.0900,0.4253,0.94,-2.12,9.33,-1.00,-0.25,-1.50,9.61,0,1.70,-0.0470,0.0157,23,0.803,0.000,0.00,0.00,18.761,0
phase1 acc_mag=9.633 gravity=9.606 motion=0.027 moving_avg=0.073 rms=0.093 mean_rms=0.090 max_rms=0.095 min_rms=0.083 std=0.005 var=0.000 state=standing thr=0.100/0.350/0.850
4.88,13.62,309.50,0.8973,-0.0887,-0.0893,0.4231,0.68,-2.21,9.30,-2.12,2.69,-4.81,9.58,0,1.70,-0.0471,0.0167,23,0.803,0.000,0.00,0.00,18.761,0
4.81,13.50,309.88,0.8990,-0.0887,-0.0883,0.4196,0.81,-2.03,9.26,-0.94,3.94,-4.69,9.51,0,1.70,-0.0466,0.0171,23,0.803,0.000,0.00,0.00,18.761,0
4.75,13.56,310.19,0.8998,-0.0897,-0.0876,0.4177,0.77,-2.18,9.39,-0.50,0.38,-2.75,9.67,0,1.70,-0.0465,0.0176,23,0.803,0.000,0.00,0.00,18.761,0
4.69,13.62,310.44,0.9009,-0.0909,-0.0873,0.4154,0.72,-2.28,9.36,-3.56,2.50,-3.56,9.66,0,1.70,-0.0466,0.0182,23,0.803,0.000,0.00,0.00,18.761,0
phase1 acc_mag=9.672 gravity=9.617 motion=0.055 moving_avg=0.069 rms=0.089 mean_rms=0.091 max_rms=0.096 min_rms=0.083 std=0.005 var=0.000 state=standing thr=0.101/0.350/0.850
4.56,13.69,310.69,0.9017,-0.0915,-0.0866,0.4136,0.87,-2.57,9.41,-2.50,2.62,-4.25,9.79,0,1.70,-0.0464,0.0187,23,0.803,0.000,0.00,0.00,18.761,0
4.44,13.81,310.94,0.9026,-0.0930,-0.0854,0.4115,0.60,-2.12,9.39,-1.50,1.62,-4.31,9.65,0,1.70,-0.0461,0.0195,23,0.803,0.000,0.00,0.00,18.761,0
4.44,13.75,311.12,0.9032,-0.0928,-0.0854,0.4102,0.63,-2.18,9.35,-1.00,-0.69,-1.00,9.62,0,1.70,-0.0461,0.0195,23,0.803,0.000,0.00,0.00,18.761,0
4.44,13.81,311.25,0.9036,-0.0931,-0.0854,0.4093,0.73,-2.14,9.29,0.81,0.94,-1.44,9.56,0,1.70,-0.0461,0.0197,23,0.803,0.000,0.00,0.00,18.761,0
phase1 acc_mag=9.677 gravity=9.626 motion=0.051 moving_avg=0.068 rms=0.090 mean_rms=0.091 max_rms=0.096 min_rms=0.083 std=0.005 var=0.000 state=standing thr=0.101/0.350/0.850
4.38,13.75,311.31,0.9040,-0.0930,-0.0847,0.4086,0.64,-2.05,9.26,1.62,1.88,-1.31,9.51,0,1.70,-0.0458,0.0198,23,0.803,0.000,0.00,0.00,18.761,0
4.31,13.69,311.38,0.9042,-0.0927,-0.0837,0.4083,0.68,-2.11,9.31,1.88,0.94,-0.81,9.57,0,1.70,-0.0454,0.0198,23,0.803,0.000,0.00,0.00,18.761,0
4.19,13.62,311.38,0.9044,-0.0925,-0.0826,0.4083,0.72,-2.03,9.40,2.88,-1.56,2.56,9.64,0,1.70,-0.0450,0.0200,23,0.803,0.000,0.00,0.00,18.761,0
4.19,13.50,311.38,0.9044,-0.0919,-0.0821,0.4085,0.58,-2.18,9.33,-0.19,0.94,1.88,9.60,0,1.70,-0.0447,0.0198,23,0.803,0.000,0.00,0.00,18.761,0
phase1 acc_mag=9.666 gravity=9.624 motion=0.041 moving_avg=0.071 rms=0.097 mean_rms=0.092 max_rms=0.098 min_rms=0.088 std=0.005 var=0.000 state=standing thr=0.102/0.350/0.850
4.12,13.44,311.25,0.9039,-0.0918,-0.0813,0.4097,0.61,-2.11,9.29,0.06,-0.31,3.25,9.55,0,1.70,-0.0444,0.0199,23,0.803,0.000,0.00,0.00,18.761,0
4.00,13.50,310.88,0.9028,-0.0921,-0.0809,0.4121,0.50,-2.04,9.28,-2.19,1.19,2.00,9.51,0,1.70,-0.0444,0.0199,23,0.803,0.000,0.00,0.00,18.761,0
4.06,13.38,310.56,0.9016,-0.0909,-0.0812,0.4149,0.67,-2.41,9.39,2.56,-2.31,4.69,9.72,0,1.70,-0.0444,0.0193,23,0.803,0.000,0.00,0.00,18.761,0
4.06,13.38,310.19,0.9005,-0.0905,-0.0817,0.4176,0.72,-2.12,9.41,-0.94,-2.25,5.50,9.67,0,1.70,-0.0445,0.0189,23,0.803,0.000,0.00,0.00,18.761,0
phase1 acc_mag=9.612 gravity=9.625 motion=0.014 moving_avg=0.071 rms=0.093 mean_rms=0.093 max_rms=0.098 min_rms=0.088 std=0.005 var=0.000 state=standing thr=0.102/0.350/0.850
4.12,13.44,309.81,0.8989,-0.0909,-0.0826,0.4207,0.72,-2.16,9.33,-0.75,-1.25,4.75,9.60,0,1.70,-0.0450,0.0188,23,0.803,0.000,0.00,0.00,18.761,0
4.06,13.50,309.56,0.8979,-0.0911,-0.0829,0.4225,0.64,-2.16,9.27,-2.31,0.19,3.31,9.54,0,1.70,-0.0452,0.0187,23,0.803,0.000,0.00,0.00,18.761,0
4.12,13.69,309.44,0.8973,-0.0920,-0.0837,0.4234,0.49,-2.76,9.45,1.19,-1.88,0.31,9.86,0,1.70,-0.0456,0.0188,23,0.803,0.000,0.00,0.00,18.761,0
4.19,13.62,309.38,0.8970,-0.0917,-0.0840,0.4243,0.77,-2.20,9.29,0.00,-0.06,1.56,9.58,0,1.70,-0.0457,0.0186,23,0.803,0.000,0.00,0.00,18.761,0
phase1 acc_mag=9.655 gravity=9.625 motion=0.030 moving_avg=0.070 rms=0.092 mean_rms=0.092 max_rms=0.098 min_rms=0.088 std=0.005 var=0.000 state=standing thr=0.102/0.350/0.850
4.12,13.69,309.25,0.8965,-0.0922,-0.0843,0.4251,0.71,-2.31,9.41,1.00,-1.62,2.62,9.72,0,1.70,-0.0459,0.0187,23,0.803,0.000,0.00,0.00,18.761,0
4.25,13.62,309.19,0.8962,-0.0914,-0.0848,0.4257,0.65,-2.32,9.28,-1.31,0.44,1.25,9.59,0,1.70,-0.0459,0.0183,23,0.803,0.000,0.00,0.00,18.761,0
4.31,13.69,309.12,0.8962,-0.0913,-0.0856,0.4257,0.67,-2.31,9.39,-1.38,-1.75,-0.75,9.69,0,1.70,-0.0462,0.0182,23,0.803,0.000,0.00,0.00,18.761,0
4.38,13.62,309.12,0.8962,-0.0909,-0.0858,0.4258,0.73,-2.19,9.27,-0.56,0.00,-0.06,9.55,0,1.70,-0.0462,0.0180,23,0.803,0.000,0.00,0.00,18.761,0
phase1 acc_mag=9.639 gravity=9.623 motion=0.016 moving_avg=0.065 rms=0.085 mean_rms=0.092 max_rms=0.098 min_rms=0.085 std=0.005 var=0.000 state=standing thr=0.102/0.350/0.850
4.38,13.62,309.12,0.8961,-0.0904,-0.0857,0.4260,0.92,-2.08,9.27,2.56,-0.12,0.94,9.54,0,1.70,-0.0461,0.0178,23,0.803,0.000,0.00,0.00,18.761,0
4.31,13.62,309.19,0.8963,-0.0909,-0.0853,0.4255,0.69,-2.25,9.33,-2.44,0.00,-0.69,9.62,0,1.70,-0.0461,0.0181,23,0.803,0.000,0.00,0.00,18.761,0
4.38,13.69,309.19,0.8964,-0.0911,-0.0858,0.4253,0.84,-2.09,9.28,0.12,-1.00,0.25,9.55,0,1.70,-0.0463,0.0181,23,0.803,0.000,0.00,0.00,18.761,0
phase1 acc_mag=9.728 gravity=9.621 motion=0.107 moving_avg=0.061 rms=0.080 mean_rms=0.090 max_rms=0.098 min_rms=0.079 std=0.007 var=0.000 state=standing thr=0.103/0.350/0.850
4.31,13.81,309.19,0.8963,-0.0920,-0.0861,0.4252,0.57,-2.44,9.40,-1.44,0.31,0.38,9.73,0,1.70,-0.0465,0.0183,23,0.803,0.000,0.00,0.00,18.761,0
4.31,13.81,309.19,0.8962,-0.0920,-0.0862,0.4254,0.80,-2.12,9.27,0.88,-0.31,1.62,9.54,0,1.70,-0.0466,0.0183,23,0.803,0.000,0.00,0.00,18.761,0
4.31,13.81,309.12,0.8960,-0.0922,-0.0863,0.4257,0.66,-2.10,9.27,-0.81,0.38,0.25,9.53,0,1.70,-0.0466,0.0183,23,0.803,0.000,0.00,0.00,18.761,0
4.38,13.81,309.06,0.8957,-0.0922,-0.0868,0.4263,0.81,-2.26,9.31,-0.94,-0.75,-0.56,9.61,0,1.70,-0.0468,0.0182,23,0.803,0.000,0.00,0.00,18.761,0
phase1 acc_mag=9.639 gravity=9.621 motion=0.018 moving_avg=0.058 rms=0.069 mean_rms=0.085 max_rms=0.095 min_rms=0.069 std=0.009 var=0.000 state=standing thr=0.104/0.350/0.850
4.44,13.81,309.06,0.8958,-0.0919,-0.0870,0.4262,0.62,-2.22,9.37,1.44,-1.50,-0.81,9.65,0,1.70,-0.0468,0.0181,23,0.803,0.000,0.00,0.00,18.761,0
4.44,13.88,309.00,0.8954,-0.0920,-0.0876,0.4267,0.93,-2.11,9.27,0.50,-0.56,0.81,9.55,0,1.70,-0.0471,0.0180,23,0.803,0.000,0.00,0.00,18.761,0

===== Disconnected =====
