0.000,0.00,0.00,66.582,0
-24.56,10.19,233.62,0.4395,-0.2284,0.0226,0.8684,-4.02,-1.41,8.69,2.69,3.25,2.25,9.68,0,1.70,-0.0754,0.0480,86,0.851,0.000,0.00,0.00,66.582,0
-24.62,10.44,233.56,0.4387,-0.2295,0.0208,0.8685,-4.15,-1.49,8.80,-11.62,-3.69,-1.94,9.84,0,1.70,-0.0761,0.0475,86,0.851,0.000,0.00,0.00,66.582,0
phase1 acc_mag=9.701 gravity=9.728 motion=0.028 moving_avg=0.066 rms=0.087 mean_rms=0.086 max_rms=0.095 min_rms=0.077 std=0.006 var=0.000 state=standing thr=0.098/0-37.00,-2.94,261.50,0.6190,-0.2264,0.2241,0.7180,-5.81,0.52,7.71,0.00,-0.19,0.06,9.67,0,1.70,-0.0095,0.1204,87,0.771,0.000,0.00,0.00,67.353,0
phase1 acc_mag=9.711 gravity=9.678 motion=0.033 moving_avg=0.014 rms=0.018 mean_rms=0.016 max_rms=0.019 min_rms=0.015 std=0.004 var=0.000 state=standing thr=0.080/0.350/0.850
-37.00,-2.94,261.50,0.6190,-0.2264,0.2241,0.7180,-5.82,0.52,7.70,0.12,-0.12,0.06,9.67,0,1.70,-0.0095,0.1204,87,0.771,0.000,0.00,0.00,67.353,0
-37.00,-2.94,261.50,0.6190,-0.2264,0.2241,0.7180,-5.82,0.53,7.71,0.12,0.00,0.00,9.67,0,1.70,-0.0095,0.1204,87,0.771,0.000,0.00,0.00,67.353,0
-37.00,-2.94,261.50,0.6190,-0.2264,0.2241,0.7180,-5.80,0.54,7.69,0.06,-0.12,0.00,9.65,0,1.70,-0.0095,0.1204,87,0.771,0.000,0.00,0.00,67.353,0
-37.00,-2.94,261.50,0.6190,-0.2264,0.2241,0.7180,-5.83,0.50,7.72,0.06,-0.06,0.06,9.69,0,1.70,-0.0095,0.1204,87,0.771,0.000,0.00,0.00,67.353,0
phase1 acc_mag=9.669 gravity=9.678 motion=0.009 moving_avg=0.015 rms=0.019 mean_rms=0.017 max_rms=0.019 min_rms=0.015 std=0.004 var=0.000 state=standing thr=0.080/0.350/0.850
-37.00,-2.94,261.50,0.6190,-0.2264,0.2241,0.7180,-5.82,0.51,7.72,0.00,0.06,0.06,9.68,0,1.70,-0.0095,0.1204,87,0.771,0.000,0.00,0.00,67.353,0
-37.00,-2.94,261.50,0.6190,-0.2264,0.2241,0.7180,-5.82,0.55,7.71,0.00,-0.06,-0.19,9.68,0,1.70,-0.0095,0.1204,87,0.771,0.000,0.00,0.00,67.353,0
-37.00,-2.94,261.50,0.6190,-0.2264,0.2241,0.7180,-5.81,0.54,7.76,0.06,0.06,-0.06,9.71,0,1.70,-0.0095,0.1204,87,0.771,0.000,0.00,0.00,67.353,0
-37.00,-2.94,261.50,0.6190,-0.2264,0.2241,0.7180,-5.80,0.51,7.74,0.06,0.00,-0.19,9.69,0,1.70,-0.0095,0.1204,87,0.771,0.000,0.00,0.00,67.353,0
phase1 acc_mag=9.681 gravity=9.677 motion=0.004 moving_avg=0.016 rms=0.019 mean_rms=0.017 max_rms=0.020 min_rms=0.015 std=0.004 var=0.000 state=standing thr=0.080/0.350/0.850
-37.00,-2.94,261.50,0.6190,-0.2264,0.2241,0.7180,-5.81,0.56,7.71,0.19,0.12,0.06,9.67,0,1.70,-0.0095,0.1204,87,0.771,0.000,0.00,0.00,67.353,0
-37.00,-2.94,261.50,0.6190,-0.2264,0.2241,0.7180,-5.82,0.55,7.70,0.19,-0.12,0.12,9.67,0,1.70,-0.0095,0.1204,87,0.771,0.000,0.00,0.00,67.353,0
-37.00,-2.94,261.50,0.6190,-0.2264,0.2241,0.7180,-5.80,0.53,7.72,0.00,-0.19,0.12,9.67,0,1.70,-0.0095,0.1204,87,0.771,0.000,0.00,0.00,67.353,0
phase1 acc_mag=9.699 gravity=9.679 motion=0.020 moving_avg=0.015 rms=0.019 mean_rms=0.018 max_rms=0.020 min_rms=0.016 std=0.004 var=0.000 state=standing thr=0.080/0.350/0.850
-37.00,-2.94,261.50,0.6190,-0.2264,0.2241,0.7180,-5.82,0.54,7.74,-0.06,-0.12,0.06,9.70,0,1.70,-0.0095,0.1204,87,0.771,0.000,0.00,0.00,67.353,0
-37.00,-2.94,261.50,0.6190,-0.2264,0.2241,0.7180,-5.81,0.53,7.71,0.19,-0.12,0.00,9.67,0,1.70,-0.0095,0.1204,87,0.771,0.000,0.00,0.00,67.353,0
-37.00,-2.94,261.50,0.6190,-0.2264,0.2241,0.7180,-5.81,0.54,7.71,0.06,0.00,0.00,9.67,0,1.70,-0.0095,0.1204,87,0.771,0.000,0.00,0.00,67.353,0
-37.00,-2.94,261.50,0.6190,-0.2264,0.2241,0.7180,-5.81,0.50,7.74,0.00,-0.19,0.12,9.69,0,1.70,-0.0095,0.1204,87,0.771,0.000,0.00,0.00,67.353,0
phase1 acc_mag=9.672 gravity=9.678 motion=0.006 moving_avg=0.014 rms=0.016 mean_rms=0.018 max_rms=0.020 min_rms=0.016 std=0.004 var=0.000 state=standing thr=0.080/0.350/0.850
-37.00,-2.94,261.50,0.6190,-0.2264,0.2241,0.7180,-5.81,0.54,7.69,0.19,-0.19,-0.12,9.65,0,1.70,-0.0095,0.1204,87,0.771,0.000,0.00,0.00,67.353,0
-37.00,-2.94,261.50,0.6190,-0.2264,0.2241,0.7180,-5.82,0.53,7.69,0.19,-0.12,0.12,9.66,0,1.70,-0.0095,0.1204,87,0.771,0.000,0.00,0.00,67.353,0
-37.00,-2.94,261.50,0.6190,-0.2264,0.2241,0.7180,-5.81,0.53,7.73,0.25,0.00,-0.12,9.68,0,1.70,-0.0095,0.1204,87,0.771,0.000,0.00,0.00,67.353,0
-37.00,-2.94,261.50,0.6190,-0.2264,0.2241,0.7180,-5.79,0.54,7.73,0.06,-0.12,0.06,9.67,0,1.70,-0.0095,0.1204,87,0.771,0.000,0.00,0.00,67.353,0
phase1 acc_mag=9.572 gravity=9.678 motion=0.106 moving_avg=0.015 rms=0.020 mean_rms=0.018 max_rms=0.020 min_rms=0.016 std=0.004 var=0.000 state=standing thr=0.080/0.350/0.850
-37.00,-2.94,261.50,0.6190,-0.2263,0.2241,0.7179,-5.62,0.25,7.82,0.75,0.06,-1.25,9.63,0,1.70,-0.0095,0.1204,87,0.771,0.000,0.00,0.00,67.353,0
-37.00,-2.94,261.50,0.6190,-0.2264,0.2241,0.7179,-5.85,0.57,7.73,0.25,0.12,-0.31,9.71,0,1.70,-0.0095,0.1204,87,0.771,0.000,0.00,0.00,67.353,0
-37.00,-2.94,261.50,0.6189,-0.2264,0.2241,0.7180,-5.79,0.49,7.45,1.06,0.62,-2.19,9.45,0,1.70,-0.0095,0.1204,87,0.771,0.000,0.00,0.00,67.353,0
-37.00,-3.00,261.50,0.6190,-0.2263,0.2242,0.7178,-5.81,0.52,7.82,1.06,0.06,-1.88,9.76,0,1.70,-0.0094,0.1204,87,0.771,0.000,0.00,0.00,67.353,0
phase1 acc_mag=9.353 gravity=9.675 motion=0.322 moving_avg=0.030 rms=0.058 mean_rms=0.021 max_rms=0.058 min_rms=0.016 std=0.009 var=0.000 state=standing thr=0.080/0.350/0.850
-37.12,-3.06,261.50,0.6194,-0.2265,0.2253,0.7172,-6.49,1.23,7.44,-1.94,2.75,0.06,9.95,0,1.70,-0.0091,0.1208,87,0.771,0.000,0.00,0.00,67.353,0
-37.12,-3.00,261.94,0.6216,-0.2263,0.2253,0.7153,-6.10,0.20,7.82,-3.69,0.19,-5.38,9.92,0,1.70,-0.0087,0.1207,87,0.771,0.000,0.00,0.00,67.353,0
-37.00,-3.00,261.94,0.6217,-0.2253,0.2253,0.7155,-5.83,0.36,7.79,-3.56,3.38,-5.31,9.74,0,1.70,-0.0085,0.1205,87,0.771,0.000,0.00,0.00,67.353,0
-34.25,-0.56,258.75,0.6064,-0.2250,0.1903,0.7385,-7.53,-1.52,6.39,-21.06,-0.50,-29.88,9.99,0,1.70,-0.0203,0.1108,87,0.771,0.000,0.00,0.00,67.353,0
phase1 acc_mag=8.419 gravity=9.705 motion=1.286 moving_avg=0.228 rms=0.824 mean_rms=0.077 max_rms=0.824 min_rms=0.016 std=0.180 var=0.033 state=walking thr=0.438/0.638/1.138
-33.81,-0.12,258.94,0.6083,-0.2238,0.1857,0.7385,-5.24,0.78,9.25,5.12,-43.25,8.31,10.66,0,1.70,-0.0209,0.1093,87,0.771,0.000,0.00,0.00,67.353,0
-28.06,1.69,260.19,0.6248,-0.1945,0.1462,0.7419,-0.15,-4.33,5.43,24.94,-122.19,-80.31,6.95,0,1.70,-0.0212,0.0920,87,0.771,0.000,0.00,0.00,67.353,0
-24.00,1.69,260.94,0.6328,-0.1667,0.1198,0.7467,-3.78,-0.10,8.05,-46.44,-43.94,31.19,8.89,0,1.70,-0.0195,0.0780,87,0.771,0.000,0.00,0.00,67.353,0
-21.62,1.31,258.44,0.6212,-0.1526,0.1103,0.7607,-3.69,0.57,9.01,-18.31,0.00,11.12,9.75,0,1.70,-0.0190,0.0715,87,0.771,0.000,0.00,0.00,67.353,0
phase1 acc_mag=10.764 gravity=9.720 motion=1.044 moving_avg=0.472 rms=1.069 mean_rms=0.273 max_rms=1.069 min_rms=0.016 std=0.406 var=0.165 state=standing thr=1.085/1.285/1.785
-19.81,1.25,257.06,0.6107,-0.1373,0.0966,0.7739,-2.43,-0.53,8.81,-1.06,-59.44,56.12,9.15,0,1.70,-0.0189,0.0635,87,0.771,0.000,0.00,0.00,67.353,0
-13.12,-2.25,251.00,0.5771,-0.0818,0.0824,0.8083,-3.82,2.14,7.56,128.81,-171.62,72.56,8.74,0,1.70,-0.0074,0.0455,87,0.771,0.000,0.00,0.00,67.353,0
-16.06,1.62,251.00,0.5751,-0.1223,0.0699,0.8059,-4.40,-2.38,9.81,-149.38,110.62,59.69,11.01,0,1.70,-0.0233,0.0507,87,0.771,0.000,0.00,0.00,67.353,0
-11.44,0.12,247.56,0.5519,-0.0786,0.0517,0.8286,-0.38,0.48,9.31,6.31,-68.75,27.62,9.33,0,1.70,-0.0146,0.0345,87,0.771,0.000,0.00,0.00,67.353,0
phase1 acc_mag=10.102 gravity=9.730 motion=0.372 moving_avg=0.725 rms=1.272 mean_rms=0.526 max_rms=1.272 min_rms=0.016 std=0.513 var=0.263 state=standing thr=1.552/1.752/2.252
-13.12,1.12,246.19,0.5424,-0.1011,0.0543,0.8322,-3.70,0.06,10.23,-29.50,45.94,2.00,10.88,0,1.70,-0.0219,0.0400,87,0.771,0.000,0.00,0.00,67.353,0
-16.31,2.62,245.25,0.5339,-0.1317,0.0577,0.8333,-0.57,-0.20,9.38,-39.88,9.94,-1.38,9.40,0,1.70,-0.0316,0.0474,87,0.771,0.000,0.00,0.00,67.353,0
-20.56,7.25,246.50,0.5367,-0.1915,0.0445,0.8206,-5.11,-0.98,7.77,-76.81,87.50,-31.44,9.35,0,1.70,-0.0533,0.0557,87,0.771,0.000,0.00,0.00,67.353,0
-20.62,12.38,242.75,0.5095,-0.2077,0.0062,0.8350,-4.38,-2.56,10.01,-59.50,-22.75,21.69,11.22,0,1.70,-0.0681,0.0444,87,0.771,0.000,0.00,0.00,67.353,0
phase1 acc_mag=10.069 gravity=9.781 motion=0.288 moving_avg=0.838 rms=1.313 mean_rms=0.792 max_rms=1.313 min_rms=0.022 std=0.509 var=0.260 state=standing thr=1.811/2.011/2.511
-16.38,12.81,237.44,0.4630,-0.1699,-0.0317,0.8693,-2.87,-3.85,8.13,-32.56,-130.25,124.00,9.44,0,1.70,-0.0650,0.0205,87,0.771,0.000,0.00,0.00,67.353,0
-13.00,12.12,225.81,0.3847,-0.1457,-0.0513,0.9100,-6.13,-3.86,8.76,-63.62,-80.38,41.69,11.37,0,1.70,-0.0609,0.0038,87,0.771,0.000,0.00,0.00,67.353,0
-10.44,9.12,218.25,0.3184,-0.1108,-0.0447,0.9404,-2.08,-1.49,8.16,-5.12,-21.75,87.12,8.55,0,1.70,-0.0474,-0.0027,87,0.771,0.000,0.00,0.00,67.353,0
-9.25,8.56,215.31,0.3016,-0.0998,-0.0460,0.9471,-0.22,-1.10,9.13,14.50,-3.69,-18.38,9.20,0,1.70,-0.0434,-0.0054,87,0.771,0.000,0.00,0.00,67.353,0
phase1 acc_mag=10.185 gravity=9.811 motion=0.374 moving_avg=0.993 rms=1.392 mean_rms=1.070 max_rms=1.392 min_rms=0.072 std=0.366 var=0.134 state=standing thr=1.802/2.002/2.502
-10.81,9.38,218.81,0.3358,-0.1196,-0.0438,0.9333,0.84,-1.90,9.46,4.50,44.75,-73.56,9.69,0,1.70,-0.0505,-0.0003,87,0.771,0.000,0.00,0.00,67.353,0
-11.62,9.31,220.62,0.3444,-0.1234,-0.0398,0.9298,-1.80,-0.90,8.94,19.50,-16.06,25.94,9.16,0,1.70,-0.0514,0.0022,87,0.771,0.000,0.00,0.00,67.353,0
-13.06,10.00,221.56,0.3513,-0.1373,-0.0393,0.9253,-1.34,-2.37,9.43,-22.00,49.44,-19.12,9.82,0,1.70,-0.0563,0.0047,87,0.771,0.000,0.00,0.00,67.353,0
-9.69,10.44,221.25,0.3496,-0.1115,-0.0544,0.9286,0.36,-0.86,10.99,-39.31,-176.56,-47.38,11.03,0,1.70,-0.0490,-0.0046,87,0.771,0.000,0.00,0.00,67.353,0
phase1 acc_mag=10.075 gravity=9.822 motion=0.253 moving_avg=0.894 rms=1.165 mean_rms=1.240 max_rms=1.399 min_rms=0.965 std=0.125 var=0.016 state=standing thr=1.490/1.690/2.190
-3.94,18.56,233.94,0.4478,-0.1047,-0.1278,0.8788,-7.24,-11.34,10.25,-64.31,35.50,-388.88,16.91,0,1.70,-0.0597,-0.0262,87,0.771,0.000,0.00,0.00,67.353,0
-1.56,20.81,245.25,0.5305,-0.1094,-0.1447,0.8281,-0.80,-2.89,8.29,0.62,11.00,-55.31,8.82,0,1.70,-0.0670,-0.0247,87,0.771,0.000,0.00,0.00,67.353,0
-2.38,20.50,246.19,0.5316,-0.1165,-0.1370,0.8276,-1.34,-2.85,9.63,-7.06,2.00,84.56,10.13,0,1.70,-0.0677,-0.0206,87,0.771,0.000,0.00,0.00,67.353,0
-3.31,18.81,239.81,0.4919,-0.1072,-0.1270,0.8547,-0.32,-3.93,9.15,33.56,-25.25,61.50,9.96,0,1.70,-0.0616,-0.0223,87,0.771,0.000,0.00,0.00,67.353,0
phase1 acc_mag=11.160 gravity=10.011 motion=1.148 moving_avg=1.059 rms=1.573 mean_rms=1.346 max_rms=1.579 min_rms=1.095 std=0.132 var=0.017 state=standing thr=1.610/1.810/2.310
-2.56,17.50,240.75,0.4966,-0.0976,-0.1190,0.8542,-0.65,-3.08,10.41,2.62,2.81,46.38,10.88,0,1.70,-0.0570,-0.0213,87,0.771,0.000,0.00,0.00,67.353,0
-1.00,17.62,241.50,0.5053,-0.0861,-0.1272,0.8491,0.54,-2.92,9.91,-0.31,-21.25,-1.88,10.35,0,1.70,-0.0550,-0.0258,87,0.771,0.000,0.00,0.00,67.353,0
-0.62,18.25,240.12,0.4901,-0.0853,-0.1371,0.8566,-2.06,-2.24,8.02,-12.06,-8.88,30.31,8.58,0,1.70,-0.0561,-0.0303,87,0.771,0.000,0.00,0.00,67.353,0
2.69,17.56,236.62,0.4690,-0.0515,-0.1459,0.8696,2.21,-2.86,9.32,38.19,-46.44,12.75,10.00,0,1.70,-0.0453,-0.0411,87,0.771,0.000,0.00,0.00,67.353,0
phase1 acc_mag=11.353 gravity=9.949 motion=1.404 moving_avg=0.979 rms=1.478 mean_rms=1.402 max_rms=1.579 min_rms=1.151 std=0.123 var=0.015 state=standing thr=1.648/1.848/2.348
2.50,13.38,236.56,0.4666,-0.0376,-0.1095,0.8769,0.74,-1.42,10.50,73.50,29.25,23.12,10.62,0,1.70,-0.0336,-0.0314,87,0.771,0.000,0.00,0.00,67.353,0
1.38,14.25,234.75,0.4557,-0.0444,-0.1192,0.8810,-1.82,-2.29,8.26,-26.75,-39.44,6.31,8.76,0,1.70,-0.0374,-0.0339,87,0.771,0.000,0.00,0.00,67.353,0
3.62,14.81,234.19,0.4517,-0.0301,-0.1295,0.8822,0.94,-3.27,9.32,4.19,-30.38,4.38,9.92,0,1.70,-0.0340,-0.0403,87,0.771,0.000,0.00,0.00,67.353,0
4.19,12.88,235.06,0.4611,-0.0156,-0.1116,0.8801,0.96,-2.23,7.78,73.50,-9.00,-24.56,8.15,0,1.70,-0.0261,-0.0364,88,0.759,0.000,0.00,0.00,68.112,0
phase1 acc_mag=9.243 gravity=9.794 motion=0.551 moving_avg=1.069 rms=1.560 mean_rms=1.448 max_rms=1.579 min_rms=1.151 std=0.118 var=0.014 state=standing thr=1.684/1.884/2.384
3.69,7.44,236.06,0.4691,-0.0018,-0.0727,0.8801,0.20,-0.72,11.92,81.81,33.31,-40.38,11.94,0,1.70,-0.0143,-0.0252,88,0.759,0.000,0.00,0.00,68.112,0
3.56,6.25,239.19,0.4932,0.0002,-0.0631,0.8676,1.19,-0.38,10.57,-21.75,-28.06,-53.19,10.64,0,1.70,-0.0124,-0.0220,88,0.759,0.000,0.00,0.00,68.112,0
6.19,8.38,242.25,0.5148,0.0089,-0.0905,0.8525,2.64,-0.78,8.37,-22.56,-34.12,-23.44,8.81,0,1.70,-0.0156,-0.0327,88,0.759,0.000,0.00,0.00,68.112,0
5.06,10.62,243.50,0.5234,-0.0104,-0.1022,0.8458,0.86,-2.39,9.54,-39.56,33.88,-26.00,9.87,0,1.70,-0.0249,-0.0324,88,0.759,0.000,0.00,0.00,68.112,0
phase1 acc_mag=8.931 gravity=9.806 motion=0.875 moving_avg=1.065 rms=1.570 mean_rms=1.486 max_rms=1.584 min_rms=1.151 std=0.121 var=0.015 state=standing thr=1.729/1.929/2.429
3.19,11.94,245.50,0.5382,-0.0324,-0.1027,0.8359,0.76,-1.39,9.16,-36.81,67.69,-38.06,9.30,0,1.70,-0.0330,-0.0274,88,0.759,0.000,0.00,0.00,68.112,0
-1.38,13.44,248.12,0.5563,-0.0760,-0.0899,0.8226,-0.55,-2.35,9.62,-31.12,31.88,15.94,9.92,0,1.70,-0.0450,-0.0127,88,0.759,0.000,0.00,0.00,68.112,0
-1.81,12.88,247.06,0.5491,-0.0758,-0.0847,0.8279,2.63,-1.55,8.99,44.62,-5.31,55.25,9.49,0,1.70,-0.0437,-0.0114,88,0.759,0.000,0.00,0.00,68.112,0
phase1 acc_mag=9.431 gravity=9.572 motion=0.141 moving_avg=0.770 rms=0.996 mean_rms=1.514 max_rms=1.584 min_rms=0.996 std=0.108 var=0.012 state=standing thr=1.730/1.930/2.430
-3.12,11.12,244.12,0.5266,-0.0745,-0.0668,0.8442,0.18,-1.14,9.36,8.81,-2.50,22.50,9.43,0,1.70,-0.0392,-0.0068,88,0.759,0.000,0.00,0.00,68.112,0
-3.25,10.50,242.56,0.5171,-0.0732,-0.0634,0.8504,0.55,-0.61,10.68,-8.50,8.81,-2.06,10.71,0,1.70,-0.0380,-0.0064,88,0.759,0.000,0.00,0.00,68.112,0
-3.25,10.25,243.56,0.5247,-0.0717,-0.0606,0.8461,-0.70,-1.05,10.12,5.00,5.31,-21.31,10.20,0,1.70,-0.0370,-0.0055,88,0.759,0.000,0.00,0.00,68.112,0
-5.12,13.81,244.75,0.5314,-0.1027,-0.0771,0.8373,-0.73,-2.86,8.41,-81.94,36.81,-9.06,8.91,0,1.70,-0.0508,-0.0040,88,0.759,0.000,0.00,0.00,68.112,0
phase1 acc_mag=9.835 gravity=9.591 motion=0.244 moving_avg=0.802 rms=1.051 mean_rms=1.413 max_rms=1.584 min_rms=0.996 std=0.210 var=0.044 state=standing thr=1.834/2.034/2.534
-6.94,16.69,244.56,0.5266,-0.1321,-0.0904,0.8350,-0.69,-2.73,9.32,-32.50,21.00,16.25,9.74,0,1.70,-0.0632,-0.0024,88,0.759,0.000,0.00,0.00,68.112,0
-8.06,18.19,244.00,0.5220,-0.1439,-0.0950,0.8353,0.22,-2.01,8.55,2.88,2.00,-1.94,8.79,0,1.70,-0.0679,-0.0017,88,0.759,0.000,0.00,0.00,68.112,0
-7.50,17.25,245.81,0.5381,-0.1375,-0.0868,0.8270,-3.49,-3.70,9.41,20.56,24.81,-18.94,10.70,0,1.70,-0.0642,0.0009,88,0.759,0.000,0.00,0.00,68.112,0
-9.25,16.56,246.25,0.5392,-0.1462,-0.0749,0.8259,-1.97,-1.99,9.75,16.25,22.31,0.75,10.14,0,1.70,-0.0645,0.0068,88,0.759,0.000,0.00,0.00,68.112,0
phase1 acc_mag=9.632 gravity=9.650 motion=0.018 moving_avg=0.760 rms=1.026 mean_rms=1.325 max_rms=1.584 min_rms=0.996 std=0.252 var=0.063 state=standing thr=1.828/2.028/2.528
-9.25,17.44,246.12,0.5378,-0.1508,-0.0814,0.8254,-2.55,-3.35,9.66,-28.50,0.19,9.94,10.54,0,1.70,-0.0673,0.0056,88,0.759,0.000,0.00,0.00,68.112,0
-8.75,18.00,245.69,0.5348,-0.1481,-0.0881,0.8272,-1.26,-2.84,9.59,6.25,-11.81,0.38,10.08,0,1.70,-0.0678,0.0025,88,0.759,0.000,0.00,0.00,68.112,0
-8.38,17.94,245.75,0.5351,-0.1465,-0.0900,0.8271,-0.88,-2.26,9.73,-7.62,-0.12,-2.69,10.03,0,1.70,-0.0677,0.0016,88,0.759,0.000,0.00,0.00,68.112,0
-7.69,19.06,246.25,0.5378,-0.1473,-0.1008,0.8240,-1.41,-3.44,10.67,-24.31,-5.62,-16.69,11.30,0,1.70,-0.0702,-0.0016,88,0.759,0.000,0.00,0.00,68.112,0
phase1 acc_mag=11.243 gravity=9.823 motion=1.420 moving_avg=0.689 rms=0.890 mean_rms=1.212 max_rms=1.584 min_rms=0.868 std=0.263 var=0.069 state=standing thr=1.739/1.939/2.439
-9.50,18.69,245.88,0.5348,-0.1580,-0.0895,0.8252,-2.26,-2.37,9.01,2.94,0.56,0.81,9.59,0,1.70,-0.0713,0.0042,88,0.759,0.000,0.00,0.00,68.112,0
-10.25,18.56,245.12,0.5287,-0.1642,-0.0849,0.8284,-0.72,-2.51,9.11,-1.94,14.62,9.56,9.48,0,1.70,-0.0724,0.0066,88,0.759,0.000,0.00,0.00,68.112,0
-11.38,18.69,245.31,0.5299,-0.1713,-0.0804,0.8267,-1.63,-3.07,9.74,1.94,-10.06,-11.69,10.34,0,1.70,-0.0737,0.0097,88,0.759,0.000,0.00,0.00,68.112,0
-11.19,17.62,246.19,0.5382,-0.1640,-0.0698,0.8238,-2.10,-3.30,8.98,37.12,8.12,-5.50,9.79,0,1.70,-0.0691,0.0123,88,0.759,0.000,0.00,0.00,68.112,0
phase1 acc_mag=9.252 gravity=9.849 motion=0.598 moving_avg=0.715 rms=0.933 mean_rms=1.075 max_rms=1.573 min_rms=0.868 std=0.205 var=0.042 state=standing thr=1.486/1.686/2.186
-12.19,16.50,246.19,0.5384,-0.1677,-0.0568,0.8239,-1.56,-3.31,10.39,7.50,19.19,-2.44,11.02,0,1.70,-0.0675,0.0174,88,0.759,0.000,0.00,0.00,68.112,0
-13.88,14.19,247.38,0.5468,-0.1689,-0.0330,0.8194,-3.26,-2.33,10.34,53.94,26.50,-10.81,11.09,0,1.70,-0.0626,0.0261,88,0.759,0.000,0.00,0.00,68.112,0
-14.38,12.19,247.88,0.5516,-0.1625,-0.0148,0.8180,-2.49,-1.94,9.27,10.31,3.62,-6.19,9.79,0,1.70,-0.0565,0.0310,88,0.759,0.000,0.00,0.00,68.112,0
phase1 acc_mag=9.469 gravity=9.925 motion=0.456 moving_avg=0.726 rms=0.950 mean_rms=0.979 max_rms=1.054 min_rms=0.868 std=0.057 var=0.003 state=standing thr=1.093/1.293/1.793
-13.88,12.94,248.06,0.5524,-0.1627,-0.0236,0.8173,-2.31,-2.69,8.78,-5.50,-4.62,10.75,9.47,0,1.70,-0.0584,0.0282,88,0.759,0.000,0.00,0.00,68.112,0
-12.81,9.44,248.06,0.5555,-0.1386,-0.0034,0.8199,-2.52,-1.71,9.93,6.19,7.12,-10.88,10.39,0,1.70,-0.0462,0.0297,88,0.759,0.000,0.00,0.00,68.112,0
-14.00,10.50,247.62,0.5504,-0.1519,-0.0064,0.8210,-1.44,-1.73,8.80,-5.06,4.00,3.38,9.08,0,1.70,-0.0513,0.0313,88,0.759,0.000,0.00,0.00,68.112,0
-14.31,10.75,247.38,0.5483,-0.1551,-0.0067,0.8217,-2.71,-1.51,8.05,-10.44,6.44,-2.44,8.63,0,1.70,-0.0524,0.0318,88,0.759,0.000,0.00,0.00,68.112,0
phase1 acc_mag=9.361 gravity=9.799 motion=0.437 moving_avg=0.677 rms=0.868 mean_rms=0.947 max_rms=1.053 min_rms=0.853 std=0.062 var=0.004 state=standing thr=1.070/1.270/1.770
-14.44,10.06,247.12,0.5469,-0.1535,0.0018,0.8230,-2.63,-2.25,10.53,28.50,29.88,-1.19,11.08,0,1.70,-0.0501,0.0342,88,0.759,0.000,0.00,0.00,68.112,0
-15.31,8.88,247.88,0.5519,-0.1533,0.0119,0.8196,-1.27,-1.26,9.51,11.12,-3.12,-4.50,9.68,0,1.70,-0.0476,0.0377,88,0.759,0.000,0.00,0.00,68.112,0
-16.12,6.94,247.19,0.5472,-0.1499,0.0291,0.8229,-2.25,-0.88,10.21,16.06,-8.00,34.31,10.49,0,1.70,-0.0430,0.0424,88,0.759,0.000,0.00,0.00,68.112,0
phase1 acc_mag=9.376 gravity=9.825 motion=0.448 moving_avg=0.643 rms=0.825 mean_rms=0.908 max_rms=1.029 min_rms=0.824 std=0.050 var=0.003 state=standing thr=1.009/1.209/1.709
-16.12,7.19,245.75,0.5370,-0.1512,0.0251,0.8295,-3.13,-1.38,8.73,-6.69,2.31,0.38,9.38,0,1.70,-0.0448,0.0408,88,0.759,0.000,0.00,0.00,68.112,0
-14.50,8.31,247.50,0.5499,-0.1449,0.0113,0.8225,-2.52,-1.82,9.08,-13.69,-25.94,-16.62,9.60,0,1.70,-0.0452,0.0356,88,0.759,0.000,0.00,0.00,68.112,0
-13.44,7.81,247.56,0.5511,-0.1353,0.0096,0.8233,-1.59,-1.04,8.97,13.19,-2.38,-7.56,9.17,0,1.70,-0.0424,0.0330,88,0.759,0.000,0.00,0.00,68.112,0
-13.56,8.00,248.44,0.5572,-0.1367,0.0100,0.8190,-3.34,-1.40,8.89,-17.69,12.50,-11.94,9.60,0,1.70,-0.0425,0.0337,88,0.759,0.000,0.00,0.00,68.112,0
phase1 acc_mag=9.043 gravity=9.642 motion=0.599 moving_avg=0.562 rms=0.721 mean_rms=0.879 max_rms=0.959 min_rms=0.721 std=0.056 var=0.003 state=standing thr=0.990/1.190/1.690
-12.88,8.56,248.38,0.5571,-0.1343,0.0026,0.8195,-1.92,-1.88,10.82,22.88,1.94,-1.81,11.15,0,1.70,-0.0435,0.0308,88,0.759,0.000,0.00,0.00,68.112,0
-13.44,7.44,248.62,0.5593,-0.1335,0.0134,0.8181,-2.20,-0.59,8.93,-2.00,2.38,-3.81,9.22,0,1.70,-0.0407,0.0342,88,0.759,0.000,0.00,0.00,68.112,0
-13.81,8.00,248.69,0.5585,-0.1400,0.0122,0.8175,-2.23,-0.70,8.96,-2.81,16.69,2.44,9.26,0,1.70,-0.0430,0.0353,88,0.759,0.000,0.00,0.00,68.112,0
-14.81,8.12,248.75,0.5585,-0.1462,0.0159,0.8164,-1.85,-0.81,9.27,-3.38,16.62,-5.56,9.49,0,1.70,-0.0442,0.0379,88,0.759,0.000,0.00,0.00,68.112,0
phase1 acc_mag=8.862 gravity=9.548 motion=0.686 moving_avg=0.535 rms=0.666 mean_rms=0.837 max_rms=0.959 min_rms=0.666 std=0.082 var=0.007 state=standing thr=1.001/1.201/1.701
-15.56,8.50,248.75,0.5576,-0.1534,0.0182,0.8156,-2.62,-0.76,10.76,4.31,9.44,9.81,11.10,0,1.70,-0.0460,0.0401,88,0.759,0.000,0.00,0.00,68.112,0
-16.88,7.31,248.44,0.5553,-0.1566,0.0313,0.8162,-3.37,0.00,9.35,20.31,12.25,4.81,9.94,0,1.70,-0.0442,0.0450,88,0.759,0.000,0.00,0.00,68.112,0
-16.38,6.81,248.44,0.5559,-0.1506,0.0323,0.8168,-2.39,-0.73,9.23,-12.69,-9.25,6.81,9.56,0,1.70,-0.0420,0.0441,88,0.759,0.000,0.00,0.00,68.112,0
-16.38,7.12,248.12,0.5534,-0.1525,0.0300,0.8183,-3.08,-1.21,9.55,10.56,8.69,5.50,10.11,0,1.70,-0.0433,0.0436,88,0.759,0.000,0.00,0.00,68.112,0
phase1 acc_mag=8.547 gravity=9.530 motion=0.983 moving_avg=0.602 rms=0.751 mean_rms=0.792 max_rms=0.947 min_rms=0.666 std=0.069 var=0.005 state=standing thr=0.930/1.130/1.630
-16.81,7.00,248.06,0.5530,-0.1547,0.0332,0.8180,-2.48,-0.99,9.03,-6.81,-4.06,0.06,9.42,0,1.70,-0.0433,0.0451,88,0.759,0.000,0.00,0.00,68.112,0
-16.81,7.25,247.81,0.5500,-0.1562,0.0306,0.8198,-2.95,-1.30,9.82,-5.69,-1.69,8.94,10.34,0,1.70,-0.0445,0.0444,88,0.759,0.000,0.00,0.00,68.112,0
-17.38,7.25,247.00,0.5447,-0.1602,0.0323,0.8225,-3.08,-0.89,8.90,-4.38,8.00,11.75,9.46,0,1.70,-0.0457,0.0456,88,0.759,0.000,0.00,0.00,68.112,0
-18.62,7.56,245.69,0.5323,-0.1723,0.0336,0.8282,-3.44,-0.85,8.91,-23.19,3.69,23.19,9.59,0,1.70,-0.0499,0.0478,88,0.759,0.000,0.00,0.00,68.112,0
phase1 acc_mag=9.265 gravity=9.593 motion=0.328 moving_avg=0.540 rms=0.727 mean_rms=0.767 max_rms=0.883 min_rms=0.666 std=0.056 var=0.003 state=standing thr=0.878/1.078/1.578
-17.50,9.06,244.75,0.5266,-0.1691,0.0151,0.8330,-0.95,-4.91,11.74,-10.00,-32.25,20.19,12.76,0,1.70,-0.0532,0.0406,88,0.759,0.000,0.00,0.00,68.112,0
-16.50,8.94,244.44,0.5264,-0.1623,0.0128,0.8345,-1.48,-1.42,9.96,-4.00,-11.62,-17.62,10.17,0,1.70,-0.0515,0.0385,88,0.759,0.000,0.00,0.00,68.112,0
-16.12,9.69,245.50,0.5342,-0.1628,0.0073,0.8295,-1.73,-1.97,9.54,4.75,10.50,3.56,9.89,0,1.70,-0.0525,0.0372,88,0.759,0.000,0.00,0.00,68.112,0
phase1 acc_mag=9.518 gravity=9.655 motion=0.138 moving_avg=0.616 rms=0.891 mean_rms=0.772 max_rms=0.894 min_rms=0.666 std=0.067 var=0.005 state=standing thr=0.907/1.107/1.607
-17.31,8.00,244.88,0.5287,-0.1642,0.0260,0.8324,-2.95,-1.03,8.99,17.38,15.06,7.81,9.52,0,1.70,-0.0492,0.0434,88,0.759,0.000,0.00,0.00,68.112,0
-17.94,6.38,245.00,0.5296,-0.1609,0.0388,0.8319,-2.80,-0.97,9.43,0.75,2.50,5.06,9.88,0,1.70,-0.0453,0.0470,88,0.759,0.000,0.00,0.00,68.112,0
-18.12,6.19,245.06,0.5306,-0.1613,0.0409,0.8312,-2.56,-0.90,9.07,0.31,4.00,-4.31,9.47,0,1.70,-0.0449,0.0478,88,0.759,0.000,0.00,0.00,68.112,0
-18.31,5.94,245.12,0.5309,-0.1616,0.0445,0.8307,-3.00,-0.85,9.28,4.25,4.19,-0.56,9.79,0,1.70,-0.0442,0.0491,88,0.759,0.000,0.00,0.00,68.112,0
phase1 acc_mag=9.306 gravity=9.688 motion=0.382 moving_avg=0.545 rms=0.832 mean_rms=0.790 max_rms=0.900 min_rms=0.666 std=0.080 var=0.006 state=standing thr=0.951/1.151/1.651
-18.62,5.88,245.12,0.5309,-0.1633,0.0454,0.8303,-2.96,-0.91,9.26,-2.19,5.31,-0.44,9.76,0,1.70,-0.0446,0.0498,88,0.759,0.000,0.00,0.00,68.112,0
-18.88,5.94,245.31,0.5316,-0.1655,0.0464,0.8294,-3.09,-0.86,9.17,-2.75,1.31,-4.38,9.71,0,1.70,-0.0450,0.0506,88,0.759,0.000,0.00,0.00,68.112,0
-18.81,6.31,245.44,0.5325,-0.1668,0.0437,0.8287,-2.84,-1.11,9.03,-3.38,0.44,0.44,9.53,0,1.70,-0.0460,0.0500,88,0.759,0.000,0.00,0.00,68.112,0
-18.94,6.25,245.19,0.5306,-0.1673,0.0448,0.8297,-3.13,-0.88,9.18,6.50,-0.06,2.50,9.74,0,1.70,-0.0460,0.0504,88,0.759,0.000,0.00,0.00,68.112,0
phase1 acc_mag=9.434 gravity=9.761 motion=0.327 moving_avg=0.477 rms=0.796 mean_rms=0.813 max_rms=0.900 min_rms=0.691 std=0.068 var=0.005 state=standing thr=0.948/1.148/1.648
-19.06,5.75,245.12,0.5303,-0.1662,0.0488,0.8300,-2.99,-0.80,8.83,0.44,3.00,2.38,9.36,0,1.70,-0.0448,0.0514,88,0.759,0.000,0.00,0.00,68.112,0
-19.25,5.69,245.25,0.5311,-0.1669,0.0500,0.8292,-3.09,-0.68,9.03,-3.31,-2.81,-8.56,9.57,0,1.70,-0.0447,0.0520,88,0.759,0.000,0.00,0.00,68.112,0
-19.06,6.06,245.50,0.5329,-0.1674,0.0471,0.8281,-3.16,-0.94,9.32,0.06,2.38,-0.19,9.89,0,1.70,-0.0454,0.0513,88,0.759,0.000,0.00,0.00,68.112,0
-19.06,6.25,245.69,0.5345,-0.1682,0.0453,0.8270,-3.14,-0.73,8.99,-9.00,-1.81,-6.50,9.55,0,1.70,-0.0459,0.0510,88,0.759,0.000,0.00,0.00,68.112,0
phase1 acc_mag=9.582 gravity=9.744 motion=0.162 moving_avg=0.371 rms=0.689 mean_rms=0.811 max_rms=0.900 min_rms=0.688 std=0.072 var=0.005 state=standing thr=0.954/1.154/1.654
-18.94,6.38,245.50,0.5332,-0.1679,0.0444,0.8279,-3.36,-0.92,9.15,0.81,-0.12,4.00,9.79,0,1.70,-0.0461,0.0505,88,0.759,0.000,0.00,0.00,68.112,0
-18.81,6.56,245.75,0.5348,-0.1674,0.0426,0.8271,-2.98,-0.95,9.14,0.75,-0.38,-1.75,9.66,0,1.70,-0.0463,0.0499,88,0.759,0.000,0.00,0.00,68.112,0
-18.75,6.56,245.69,0.5347,-0.1672,0.0424,0.8273,-3.03,-0.99,9.25,-0.62,0.56,-2.31,9.78,0,1.70,-0.0462,0.0498,88,0.759,0.000,0.00,0.00,68.112,0
phase1 acc_mag=9.657 gravity=9.686 motion=0.028 moving_avg=0.209 rms=0.283 mean_rms=0.771 max_rms=0.900 min_rms=0.283 std=0.128 var=0.016 state=standing thr=1.026/1.226/1.726
-18.62,6.81,246.00,0.5367,-0.1674,0.0406,0.8260,-2.96,-0.98,9.14,-4.81,-0.88,-4.00,9.66,0,1.70,-0.0466,0.0494,88,0.759,0.000,0.00,0.00,68.112,0
-18.62,7.00,246.06,0.5372,-0.1683,0.0396,0.8256,-2.84,-0.85,9.04,1.06,0.00,0.44,9.51,0,1.70,-0.0471,0.0492,88,0.759,0.000,0.00,0.00,68.112,0
-18.56,7.19,246.12,0.5377,-0.1686,0.0375,0.8253,-3.07,-1.23,8.97,-9.69,-4.81,-3.06,9.56,0,1.70,-0.0476,0.0486,88,0.759,0.000,0.00,0.00,68.112,0
-18.38,7.62,246.31,0.5389,-0.1694,0.0341,0.8245,-3.02,-1.27,9.28,3.81,3.50,-0.44,9.84,0,1.70,-0.0485,0.0478,88,0.759,0.000,0.00,0.00,68.112,0
phase1 acc_mag=9.660 gravity=9.664 motion=0.004 moving_avg=0.157 rms=0.199 mean_rms=0.642 max_rms=0.899 min_rms=0.199 std=0.226 var=0.051 state=standing thr=1.094/1.294/1.794
-18.50,7.56,246.31,0.5388,-0.1702,0.0345,0.8243,-2.85,-1.07,9.07,-6.44,0.31,-2.56,9.57,0,1.70,-0.0487,0.0481,88,0.759,0.000,0.00,0.00,68.112,0
-18.56,7.88,246.38,0.5394,-0.1718,0.0335,0.8237,-2.84,-1.22,9.06,0.81,4.25,1.12,9.57,0,1.70,-0.0494,0.0481,88,0.759,0.000,0.00,0.00,68.112,0
-18.81,7.62,246.25,0.5382,-0.1727,0.0361,0.8242,-3.00,-1.08,9.14,0.00,1.88,1.69,9.68,0,1.70,-0.0491,0.0491,88,0.759,0.000,0.00,0.00,68.112,0
-18.75,7.75,246.31,0.5386,-0.1724,0.0352,0.8240,-2.79,-1.22,9.12,1.12,-2.81,1.44,9.61,0,1.70,-0.0492,0.0487,88,0.759,0.000,0.00,0.00,68.112,0
phase1 acc_mag=9.568 gravity=9.661 motion=0.093 moving_avg=0.138 rms=0.175 mean_rms=0.505 max_rms=0.825 min_rms=0.175 std=0.253 var=0.064 state=standing thr=1.011/1.211/1.711
-18.56,7.38,246.19,0.5385,-0.1683,0.0363,0.8249,-3.04,-1.12,9.22,4.94,-10.81,-3.12,9.77,0,1.70,-0.0477,0.0482,88,0.759,0.000,0.00,0.00,68.112,0
-18.19,7.06,246.44,0.5402,-0.1653,0.0374,0.8243,-2.87,-0.84,8.93,4.38,1.12,0.69,9.42,0,1.70,-0.0464,0.0481,88,0.759,0.000,0.00,0.00,68.112,0
-18.19,6.94,246.31,0.5392,-0.1648,0.0386,0.8250,-2.98,-0.99,9.25,5.31,1.44,2.00,9.77,0,1.70,-0.0461,0.0483,88,0.759,0.000,0.00,0.00,68.112,0
phase1 acc_mag=9.589 gravity=9.655 motion=0.066 moving_avg=0.127 rms=0.154 mean_rms=0.371 max_rms=0.762 min_rms=0.154 std=0.224 var=0.050 state=standing thr=0.819/1.019/1.519
-18.31,6.94,246.38,0.5396,-0.1656,0.0383,0.8246,-2.79,-1.00,9.12,-3.31,-1.62,0.56,9.59,0,1.70,-0.0464,0.0484,88,0.759,0.000,0.00,0.00,68.112,0
-18.19,7.12,246.44,0.5400,-0.1657,0.0367,0.8244,-2.69,-1.13,9.07,-2.06,-0.19,-0.19,9.53,0,1.70,-0.0467,0.0479,88,0.759,0.000,0.00,0.00,68.112,0
-18.25,7.19,246.44,0.5401,-0.1660,0.0365,0.8243,-2.97,-1.23,8.99,-1.62,-2.19,-1.69,9.55,0,1.70,-0.0469,0.0479,88,0.759,0.000,0.00,0.00,68.112,0
-18.06,7.31,246.38,0.5399,-0.1656,0.0345,0.8245,-3.31,-1.27,9.05,-2.31,-0.62,-0.56,9.72,0,1.70,-0.0472,0.0472,88,0.759,0.000,0.00,0.00,68.112,0
phase1 acc_mag=9.732 gravity=9.650 motion=0.083 moving_avg=0.118 rms=0.145 mean_rms=0.261 max_rms=0.640 min_rms=0.143 std=0.163 var=0.026 state=standing thr=0.587/0.787/1.287
-17.88,7.44,246.56,0.5411,-0.1649,0.0330,0.8240,-2.56,-1.06,9.11,-0.19,-1.19,0.94,9.52,0,1.70,-0.0472,0.0466,88,0.759,0.000,0.00,0.00,68.112,0
-18.06,7.50,246.31,0.5390,-0.1664,0.0336,0.8250,-3.01,-1.15,9.21,1.81,2.25,1.31,9.76,0,1.70,-0.0477,0.0470,88,0.759,0.000,0.00,0.00,68.112,0
-18.12,7.50,246.38,0.5396,-0.1668,0.0335,0.8245,-2.87,-1.20,9.10,-1.44,-1.31,-1.88,9.62,0,1.70,-0.0478,0.0471,88,0.759,0.000,0.00,0.00,68.112,0
-18.12,7.50,246.38,0.5396,-0.1672,0.0335,0.8245,-2.93,-1.16,8.97,-1.12,1.19,-0.50,9.51,0,1.70,-0.0479,0.0471,88,0.759,0.000,0.00,0.00,68.112,0
phase1 acc_mag=9.705 gravity=9.650 motion=0.055 moving_avg=0.116 rms=0.140 mean_rms=0.179 max_rms=0.282 min_rms=0.140 std=0.039 var=0.001 state=standing thr=0.256/0.456/0.956
-18.12,7.50,246.50,0.5404,-0.1669,0.0340,0.8240,-3.05,-1.15,9.18,3.12,-2.00,-2.69,9.74,0,1.70,-0.0477,0.0473,88,0.759,0.000,0.00,0.00,68.112,0
-18.12,7.56,246.44,0.5402,-0.1674,0.0337,0.8240,-3.03,-1.15,9.08,1.44,1.06,0.69,9.64,0,1.70,-0.0479,0.0473,88,0.759,0.000,0.00,0.00,68.112,0
-18.19,7.50,246.50,0.5406,-0.1669,0.0344,0.8238,-2.83,-1.02,9.00,2.50,0.25,-0.12,9.49,0,1.70,-0.0476,0.0474,88,0.759,0.000,0.00,0.00,68.112,0
-18.19,7.44,246.50,0.5405,-0.1671,0.0346,0.8239,-3.01,-1.12,9.15,-0.06,1.00,0.31,9.70,0,1.70,-0.0476,0.0475,88,0.759,0.000,0.00,0.00,68.112,0
phase1 acc_mag=9.478 gravity=9.650 motion=0.172 moving_avg=0.111 rms=0.134 mean_rms=0.157 max_rms=0.188 min_rms=0.131 std=0.018 var=0.000 state=standing thr=0.192/0.392/0.892
-18.12,7.56,246.50,0.5407,-0.1671,0.0333,0.8238,-2.95,-1.25,9.22,-0.94,0.81,0.00,9.76,0,1.70,-0.0478,0.0471,88,0.759,0.000,0.00,0.00,68.112,0
-18.12,7.56,246.50,0.5406,-0.1674,0.0335,0.8237,-2.91,-1.16,9.04,0.38,-0.44,0.38,9.57,0,1.70,-0.0479,0.0472,88,0.759,0.000,0.00,0.00,68.112,0
-18.19,7.56,246.50,0.5403,-0.1675,0.0336,0.8239,-3.03,-1.19,9.12,-0.94,0.44,1.00,9.68,0,1.70,-0.0479,0.0473,88,0.759,0.000,0.00,0.00,68.112,0
-18.25,7.25,245.81,0.5357,-0.1669,0.0355,0.8270,-3.21,-1.22,9.31,6.31,0.38,16.06,9.92,0,1.70,-0.0476,0.0475,88,0.759,0.000,0.00,0.00,68.112,0
phase1 acc_mag=10.175 gravity=9.660 motion=0.515 moving_avg=0.115 rms=0.142 mean_rms=0.146 max_rms=0.177 min_rms=0.123 std=0.015 var=0.000 state=standing thr=0.175/0.375/0.875
-18.25,6.81,245.56,0.5345,-0.1644,0.0377,0.8282,-2.97,-1.02,8.99,-1.06,-3.81,-5.81,9.52,0,1.70,-0.0464,0.0476,88,0.759,0.000,0.00,0.00,68.112,0
-18.00,6.94,245.88,0.5364,-0.1634,0.0361,0.8272,-2.97,-1.10,8.93,3.94,-0.56,0.25,9.48,0,1.70,-0.0463,0.0470,88,0.759,0.000,0.00,0.00,68.112,0
-18.00,6.69,246.00,0.5374,-0.1621,0.0385,0.8268,-3.02,-1.11,9.14,4.62,1.12,-0.06,9.69,0,1.70,-0.0453,0.0476,88,0.759,0.000,0.00,0.00,68.112,0
-18.00,6.62,246.00,0.5374,-0.1619,0.0386,0.8267,-2.99,-1.15,9.26,-1.06,0.19,-0.12,9.80,0,1.70,-0.0453,0.0476,88,0.759,0.000,0.00,0.00,68.112,0
phase1 acc_mag=9.741 gravity=9.669 motion=0.073 moving_avg=0.107 rms=0.136 mean_rms=0.140 max_rms=0.153 min_rms=0.123 std=0.008 var=0.000 state=standing thr=0.156/0.356/0.856
-18.06,6.50,246.00,0.5374,-0.1621,0.0397,0.8267,-3.02,-1.00,9.28,0.69,0.31,-0.94,9.81,0,1.70,-0.0451,0.0480,88,0.759,0.000,0.00,0.00,68.112,0
-18.12,6.69,246.12,0.5380,-0.1630,0.0389,0.8261,-3.00,-1.09,9.30,-3.44,0.19,-2.38,9.83,0,1.70,-0.0455,0.0479,88,0.759,0.000,0.00,0.00,68.112,0
-18.19,6.75,246.12,0.5380,-0.1640,0.0387,0.8259,-3.20,-1.13,9.25,1.12,2.25,1.06,9.85,0,1.70,-0.0459,0.0481,88,0.759,0.000,0.00,0.00,68.112,0
phase1 acc_mag=9.609 gravity=9.679 motion=0.069 moving_avg=0.108 rms=0.140 mean_rms=0.138 max_rms=0.149 min_rms=0.123 std=0.007 var=0.000 state=standing thr=0.152/0.352/0.852
-18.25,6.69,246.12,0.5376,-0.1641,0.0396,0.8262,-2.90,-0.87,9.12,1.69,0.06,2.38,9.61,0,1.70,-0.0457,0.0484,88,0.759,0.000,0.00,0.00,68.112,0
-18.25,6.75,246.19,0.5384,-0.1646,0.0390,0.8255,-3.11,-1.05,9.18,-1.06,1.38,-3.06,9.75,0,1.70,-0.0459,0.0483,88,0.759,0.000,0.00,0.00,68.112,0
-18.31,6.81,246.25,0.5387,-0.1649,0.0393,0.8253,-2.97,-1.05,9.11,-0.38,0.56,-1.62,9.64,0,1.70,-0.0460,0.0485,88,0.759,0.000,0.00,0.00,68.112,0
-18.38,6.81,246.25,0.5386,-0.1653,0.0394,0.8252,-2.98,-1.11,9.05,0.50,2.88,1.75,9.59,0,1.70,-0.0461,0.0486,88,0.759,0.000,0.00,0.00,68.112,0
phase1 acc_mag=9.688 gravity=9.676 motion=0.011 moving_avg=0.101 rms=0.134 mean_rms=0.136 max_rms=0.142 min_rms=0.123 std=0.006 var=0.000 state=standing thr=0.148/0.350/0.850
-18.38,6.62,246.00,0.5372,-0.1646,0.0403,0.8263,-3.06,-1.11,9.16,0.56,-0.50,-0.50,9.72,0,1.70,-0.0457,0.0487,88,0.759,0.000,0.00,0.00,68.112,0
-18.31,6.69,246.12,0.5381,-0.1642,0.0400,0.8257,-2.93,-0.99,9.18,-1.12,-0.44,-2.25,9.69,0,1.70,-0.0456,0.0486,88,0.759,0.000,0.00,0.00,68.112,0
-18.31,6.62,246.25,0.5388,-0.1643,0.0409,0.8253,-3.10,-1.17,9.10,2.12,-0.25,-0.62,9.68,0,1.70,-0.0454,0.0489,88,0.759,0.000,0.00,0.00,68.112,0
-18.38,6.50,246.25,0.5388,-0.1641,0.0417,0.8253,-3.00,-0.97,9.20,0.56,0.25,2.06,9.73,0,1.70,-0.0452,0.0491,88,0.759,0.000,0.00,0.00,68.112,0
phase1 acc_mag=9.731 gravity=9.675 motion=0.056 moving_avg=0.097 rms=0.133 mean_rms=0.136 max_rms=0.142 min_rms=0.123 std=0.006 var=0.000 state=standing thr=0.147/0.350/0.850
-18.44,6.38,246.25,0.5387,-0.1637,0.0431,0.8253,-3.16,-1.03,9.19,2.50,1.81,-0.81,9.77,0,1.70,-0.0448,0.0495,88,0.759,0.000,0.00,0.00,68.112,0
-18.44,6.38,246.19,0.5385,-0.1644,0.0427,0.8254,-3.05,-0.94,9.03,-2.19,1.00,0.69,9.58,0,1.70,-0.0451,0.0495,88,0.759,0.000,0.00,0.00,68.112,0
-18.50,6.44,246.25,0.5386,-0.1649,0.0428,0.8251,-3.04,-0.93,9.14,1.75,1.25,-1.56,9.68,0,1.70,-0.0452,0.0497,88,0.759,0.000,0.00,0.00,68.112,0
-18.56,6.44,246.19,0.5384,-0.1653,0.0431,0.8252,-3.16,-1.04,9.10,-0.88,2.69,1.50,9.69,0,1.70,-0.0453,0.0498,88,0.759,0.000,0.00,0.00,68.112,0
phase1 acc_mag=9.677 gravity=9.675 motion=0.002 moving_avg=0.089 rms=0.116 mean_rms=0.136 max_rms=0.142 min_rms=0.116 std=0.006 var=0.000 state=standing thr=0.148/0.350/0.850
-18.56,6.50,246.25,0.5386,-0.1655,0.0424,0.8251,-2.87,-1.04,9.19,0.50,-1.06,0.00,9.68,0,1.70,-0.0455,0.0496,88,0.759,0.000,0.00,0.00,68.112,0
-18.62,6.25,246.12,0.5377,-0.1646,0.0444,0.8257,-2.96,-0.91,9.12,0.75,2.00,3.56,9.63,0,1.70,-0.0448,0.0501,88,0.759,0.000,0.00,0.00,68.112,0
-18.69,6.31,246.19,0.5384,-0.1655,0.0444,0.8251,-3.12,-1.13,9.16,-0.94,-1.12,-5.12,9.74,0,1.70,-0.0450,0.0503,88,0.759,0.000,0.00,0.00,68.112,0
-18.69,6.38,246.25,0.5388,-0.1656,0.0443,0.8248,-3.22,-1.05,9.18,-0.25,2.25,-0.31,9.78,0,1.70,-0.0451,0.0503,88,0.759,0.000,0.00,0.00,68.112,0
phase1 acc_mag=9.581 gravity=9.677 motion=0.096 moving_avg=0.082 rms=0.110 mean_rms=0.130 max_rms=0.142 min_rms=0.110 std=0.011 var=0.000 state=standing thr=0.152/0.352/0.852
-18.69,6.62,246.50,0.5403,-0.1670,0.0428,0.8236,-3.19,-1.07,9.08,-1.75,0.44,-1.69,9.68,0,1.70,-0.0458,0.0502,88,0.759,0.000,0.00,0.00,68.112,0
-18.69,6.62,246.31,0.5387,-0.1667,0.0425,0.8248,-3.06,-1.02,9.05,-1.06,-1.88,2.69,9.61,0,1.70,-0.0458,0.0499,88,0.759,0.000,0.00,0.00,68.112,0
-18.62,6.69,246.38,0.5396,-0.1664,0.0420,0.8242,-3.07,-1.06,9.15,1.75,0.81,-1.38,9.71,0,1.70,-0.0458,0.0498,88,0.759,0.000,0.00,0.00,68.112,0
phase1 acc_mag=9.736 gravity=9.680 motion=0.056 moving_avg=0.073 rms=0.095 mean_rms=0.123 max_rms=0.141 min_rms=0.094 std=0.014 var=0.000 state=standing thr=0.152/0.352/0.852
-18.50,6.69,246.38,0.5397,-0.1660,0.0413,0.8243,-3.10,-1.13,9.16,-0.31,-0.62,-0.62,9.74,0,1.70,-0.0458,0.0494,88,0.759,0.000,0.00,0.00,68.112,0
-18.31,6.94,246.69,0.5417,-0.1656,0.0389,0.8231,-2.84,-1.10,9.11,-3.19,-2.56,-1.56,9.61,0,1.70,-0.0461,0.0487,88,0.759,0.000,0.00,0.00,68.112,0
-18.31,7.00,246.69,0.5418,-0.1659,0.0389,0.8231,-3.07,-1.10,9.19,0.62,0.44,-0.88,9.75,0,1.70,-0.0462,0.0488,88,0.759,0.000,0.00,0.00,68.112,0
-18.19,6.81,246.62,0.5416,-0.1643,0.0391,0.8235,-2.99,-1.16,9.15,3.50,-3.25,2.12,9.70,0,1.70,-0.0456,0.0485,88,0.759,0.000,0.00,0.00,68.112,0
phase1 acc_mag=9.387 gravity=9.673 motion=0.287 moving_avg=0.084 rms=0.108 mean_rms=0.115 max_rms=0.137 min_rms=0.094 std=0.015 var=0.000 state=standing thr=0.145/0.350/0.850
-18.12,6.75,246.75,0.5428,-0.1633,0.0394,0.8229,-3.18,-1.14,9.09,-1.94,0.12,-3.00,9.70,0,1.70,-0.0452,0.0484,88,0.759,0.000,0.00,0.00,68.112,0
-18.25,6.75,246.62,0.5416,-0.1639,0.0399,0.8235,-3.07,-0.89,8.98,1.94,2.69,3.88,9.53,0,1.70,-0.0454,0.0486,88,0.759,0.000,0.00,0.00,68.112,0
-18.25,6.69,246.50,0.5409,-0.1639,0.0396,0.8240,-3.03,-1.10,9.15,-2.62,-2.88,-2.62,9.70,0,1.70,-0.0455,0.0485,88,0.759,0.000,0.00,0.00,68.112,0
-18.19,6.75,246.50,0.5408,-0.1639,0.0397,0.8241,-3.07,-1.03,9.08,2.12,1.44,0.62,9.64,0,1.70,-0.0454,0.0485,88,0.759,0.000,0.00,0.00,68.112,0
phase1 acc_mag=9.719 gravity=9.675 motion=0.044 moving_avg=0.083 rms=0.105 mean_rms=0.110 max_rms=0.137 min_rms=0.094 std=0.012 var=0.000 state=standing thr=0.133/0.350/0.850
-18.25,6.75,246.56,0.5411,-0.1642,0.0396,0.8238,-3.10,-1.17,9.18,0.50,-0.38,-0.62,9.76,0,1.70,-0.0456,0.0486,88,0.759,0.000,0.00,0.00,68.112,0
-18.25,6.94,246.69,0.5419,-0.1649,0.0386,0.8232,-3.05,-1.09,9.11,-1.06,3.81,-2.00,9.67,0,1.70,-0.0459,0.0485,88,0.759,0.000,0.00,0.00,68.112,0
-18.50,6.75,246.62,0.5416,-0.1663,0.0413,0.8230,-3.37,-1.16,9.21,-0.56,3.19,-1.50,9.88,0,1.70,-0.0458,0.0496,88,0.759,0.000,0.00,0.00,68.112,0
-18.56,6.94,246.69,0.5417,-0.1671,0.0400,0.8228,-3.01,-1.20,9.06,-3.50,-0.81,-0.88,9.62,0,1.70,-0.0463,0.0494,88,0.759,0.000,0.00,0.00,68.112,0
phase1 acc_mag=9.692 gravity=9.663 motion=0.029 moving_avg=0.091 rms=0.118 mean_rms=0.107 max_rms=0.118 min_rms=0.094 std=0.007 var=0.000 state=standing thr=0.121/0.350/0.850
-18.56,6.94,246.69,0.5418,-0.1672,0.0405,0.8227,-3.19,-0.99,9.13,2.25,1.75,1.19,9.72,0,1.70,-0.0463,0.0496,88,0.759,0.000,0.00,0.00,68.112,0
-18.56,7.00,246.75,0.5419,-0.1675,0.0400,0.8226,-3.15,-1.19,9.30,-3.00,0.31,-0.88,9.89,0,1.70,-0.0464,0.0495,88,0.759,0.000,0.00,0.00,68.112,0
-18.56,7.12,246.81,0.5425,-0.1682,0.0391,0.8221,-3.00,-1.16,9.13,-1.69,0.19,-1.69,9.68,0,1.70,-0.0468,0.0494,88,0.759,0.000,0.00,0.00,68.112,0
-18.56,7.31,246.94,0.5437,-0.1686,0.0375,0.8213,-3.09,-1.10,9.03,-4.25,-3.50,-2.38,9.61,0,1.70,-0.0472,0.0490,88,0.759,0.000,0.00,0.00,68.112,0
phase1 acc_mag=9.431 gravity=9.652 motion=0.221 moving_avg=0.101 rms=0.127 mean_rms=0.109 max_rms=0.127 min_rms=0.094 std=0.010 var=0.000 state=standing thr=0.129/0.350/0.850
-18.38,7.44,246.94,0.5433,-0.1685,0.0361,0.8217,-3.06,-1.27,9.13,-1.56,-0.62,2.31,9.71,0,1.70,-0.0475,0.0485,88,0.759,0.000,0.00,0.00,68.112,0
-18.31,7.12,246.75,0.5424,-0.1665,0.0378,0.8226,-3.04,-1.10,9.27,1.75,-1.38,1.00,9.82,0,1.70,-0.0466,0.0486,88,0.759,0.000,0.00,0.00,68.112,0
-18.44,6.94,246.62,0.5414,-0.1666,0.0398,0.8231,-3.02,-0.87,9.02,4.19,1.81,2.38,9.55,0,1.70,-0.0462,0.0492,88,0.759,0.000,0.00,0.00,68.112,0
phase1 acc_mag=9.740 gravity=9.659 motion=0.081 moving_avg=0.103 rms=0.127 mean_rms=0.114 max_rms=0.127 min_rms=0.094 std=0.010 var=0.000 state=standing thr=0.135/0.350/0.850
-18.44,7.06,246.75,0.5422,-0.1671,0.0386,0.8226,-3.01,-1.08,9.20,-3.56,0.81,-3.81,9.74,0,1.70,-0.0466,0.0490,88,0.759,0.000,0.00,0.00,68.112,0
-18.31,7.94,247.38,0.5466,-0.1701,0.0332,0.8192,-2.99,-1.33,9.01,1.25,-0.62,0.25,9.59,0,1.70,-0.0485,0.0481,88,0.759,0.000,0.00,0.00,68.112,0
-18.56,7.56,247.25,0.5457,-0.1699,0.0367,0.8198,-3.18,-1.03,8.96,4.56,4.12,1.62,9.56,0,1.70,-0.0477,0.0491,88,0.759,0.000,0.00,0.00,68.112,0
-18.56,7.56,247.38,0.5462,-0.1701,0.0372,0.8193,-3.21,-1.20,9.13,-0.06,0.06,-0.25,9.75,0,1.70,-0.0476,0.0494,88,0.759,0.000,0.00,0.00,68.112,0
phase1 acc_mag=9.993 gravity=9.661 motion=0.332 moving_avg=0.101 rms=0.129 mean_rms=0.119 max_rms=0.129 min_rms=0.104 std=0.009 var=0.000 state=standing thr=0.136/0.350/0.850
-18.62,7.44,247.31,0.5458,-0.1696,0.0381,0.8197,-2.93,-1.18,9.21,3.19,2.06,-0.75,9.74,0,1.70,-0.0473,0.0495,88,0.759,0.000,0.00,0.00,68.112,0
-18.50,7.56,247.56,0.5476,-0.1697,0.0369,0.8185,-2.81,-1.24,9.20,-3.44,-3.56,-2.69,9.70,0,1.70,-0.0475,0.0493,88,0.759,0.000,0.00,0.00,68.112,0
-18.56,7.56,247.56,0.5478,-0.1697,0.0370,0.8184,-3.04,-1.21,9.18,-1.12,0.06,-2.38,9.75,0,1.70,-0.0475,0.0493,88,0.759,0.000,0.00,0.00,68.112,0
-18.44,7.50,247.56,0.5479,-0.1690,0.0370,0.8185,-2.95,-1.18,9.17,-0.31,-0.94,1.50,9.70,0,1.70,-0.0472,0.0492,88,0.759,0.000,0.00,0.00,68.112,0
phase1 acc_mag=9.591 gravity=9.653 motion=0.063 moving_avg=0.103 rms=0.127 mean_rms=0.124 max_rms=0.132 min_rms=0.108 std=0.007 var=0.000 state=standing thr=0.137/0.350/0.850
-18.44,7.44,247.50,0.5476,-0.1686,0.0375,0.8187,-3.07,-1.20,9.13,2.94,-0.25,-0.06,9.71,0,1.70,-0.0470,0.0492,88,0.759,0.000,0.00,0.00,68.112,0
-18.50,7.12,247.50,0.5473,-0.1674,0.0400,0.8190,-3.13,-1.07,9.10,0.31,0.31,0.31,9.68,0,1.70,-0.0461,0.0498,88,0.759,0.000,0.00,0.00,68.112,0
-18.44,7.25,247.62,0.5483,-0.1676,0.0388,0.8184,-2.92,-1.13,8.97,0.12,0.75,-1.31,9.50,0,1.70,-0.0463,0.0495,88,0.759,0.000,0.00,0.00,68.112,0
-18.50,7.12,247.62,0.5484,-0.1674,0.0399,0.8184,-3.07,-0.94,9.14,-0.69,-0.75,-0.56,9.69,0,1.70,-0.0460,0.0498,88,0.759,0.000,0.00,0.00,68.112,0
phase1 acc_mag=9.726 gravity=9.674 motion=0.053 moving_avg=0.098 rms=0.121 mean_rms=0.126 max_rms=0.132 min_rms=0.120 std=0.005 var=0.000 state=standing thr=0.135/0.350/0.850
-18.44,7.31,247.75,0.5493,-0.1680,0.0391,0.8177,-3.13,-1.11,8.95,1.19,2.38,-0.62,9.55,0,1.70,-0.0464,0.0497,88,0.759,0.000,0.00,0.00,68.112,0
-18.62,7.19,247.56,0.5479,-0.1685,0.0402,0.8184,-3.16,-1.06,9.14,1.75,2.06,2.56,9.73,0,1.70,-0.0464,0.0501,88,0.759,0.000,0.00,0.00,68.112,0
-18.69,7.19,247.50,0.5472,-0.1689,0.0403,0.8188,-3.08,-1.05,9.14,0.38,0.12,2.19,9.70,0,1.70,-0.0465,0.0502,88,0.759,0.000,0.00,0.00,68.112,0
-18.81,7.12,247.56,0.5482,-0.1696,0.0416,0.8179,-2.99,-0.99,8.87,2.06,3.50,-7.31,9.41,0,1.70,-0.0463,0.0508,88,0.759,0.000,0.00,0.00,68.112,0
phase1 acc_mag=9.513 gravity=9.688 motion=0.175 moving_avg=0.112 rms=0.139 mean_rms=0.125 max_rms=0.139 min_rms=0.119 std=0.006 var=0.000 state=slow thr=0.136/0.350/0.850
-18.56,7.44,248.31,0.5533,-0.1689,0.0393,0.8148,-2.56,-0.93,8.83,1.12,-2.94,-4.88,9.24,0,1.70,-0.0463,0.0502,88,0.759,0.000,0.00,0.00,68.112,0
-18.56,7.38,248.25,0.5519,-0.1685,0.0400,0.8157,-2.90,-1.12,9.15,2.69,0.12,10.00,9.66,0,1.70,-0.0462,0.0502,88,0.759,0.000,0.00,0.00,68.112,0
-18.75,6.81,247.50,0.5475,-0.1675,0.0430,0.8187,-3.17,-1.08,9.28,1.56,3.12,6.44,9.87,0,1.70,-0.0454,0.0508,88,0.759,0.000,0.00,0.00,68.112,0
-18.69,6.88,247.69,0.5490,-0.1675,0.0430,0.8177,-2.99,-1.13,9.23,-3.12,-1.44,-5.44,9.77,0,1.70,-0.0454,0.0509,88,0.759,0.000,0.00,0.00,68.112,0
phase1 acc_mag=9.456 gravity=9.678 motion=0.222 moving_avg=0.118 rms=0.154 mean_rms=0.132 max_rms=0.158 min_rms=0.119 std=0.013 var=0.000 state=standing thr=0.158/0.358/0.858
-18.69,7.00,247.75,0.5492,-0.1680,0.0418,0.8176,-2.88,-1.12,9.24,-3.19,-0.81,0.69,9.74,0,1.70,-0.0457,0.0506,88,0.759,0.000,0.00,0.00,68.112,0
-18.75,7.06,247.75,0.5493,-0.1685,0.0422,0.8174,-3.08,-1.16,8.91,1.12,0.31,0.31,9.50,0,1.70,-0.0458,0.0508,88,0.759,0.000,0.00,0.00,68.112,0
-18.81,7.12,247.75,0.5493,-0.1694,0.0418,0.8172,-3.13,-1.37,9.23,-1.88,1.62,-0.88,9.84,0,1.70,-0.0462,0.0509,88,0.759,0.000,0.00,0.00,68.112,0
-19.00,6.94,247.62,0.5483,-0.1700,0.0440,0.8176,-3.01,-1.03,9.08,3.19,2.75,5.00,9.62,0,1.70,-0.0459,0.0517,88,0.759,0.000,0.00,0.00,68.112,0
phase1 acc_mag=9.882 gravity=9.677 motion=0.205 moving_avg=0.120 rms=0.153 mean_rms=0.137 max_rms=0.158 min_rms=0.119 std=0.015 var=0.000 state=standing thr=0.168/0.368/0.868
-18.56,6.62,247.94,0.5508,-0.1655,0.0438,0.8168,-2.80,-0.97,8.93,-1.94,-2.50,-4.38,9.41,0,1.70,-0.0444,0.0508,88,0.759,0.000,0.00,0.00,68.112,0
-18.56,6.50,247.94,0.5507,-0.1646,0.0450,0.8171,-3.15,-0.92,9.11,4.25,2.44,3.88,9.68,0,1.70,-0.0439,0.0510,88,0.759,0.000,0.00,0.00,68.112,0
-18.56,6.44,247.94,0.5510,-0.1643,0.0450,0.8170,-2.90,-0.82,8.83,-2.50,-2.62,-2.81,9.33,0,1.70,-0.0438,0.0509,88,0.759,0.000,0.00,0.00,68.112,0
phase1 acc_mag=9.861 gravity=9.681 motion=0.180 moving_avg=0.136 rms=0.182 mean_rms=0.147 max_rms=0.182 min_rms=0.119 std=0.022 var=0.000 state=standing thr=0.191/0.391/0.891
-18.50,6.56,247.81,0.5499,-0.1647,0.0443,0.8176,-3.17,-1.04,9.28,1.00,2.00,1.69,9.86,0,1.70,-0.0441,0.0507,88,0.759,0.000,0.00,0.00,68.112,0
-18.50,6.62,247.88,0.5504,-0.1647,0.0437,0.8173,-3.06,-0.92,9.10,1.31,-1.19,-0.75,9.64,0,1.70,-0.0442,0.0506,88,0.759,0.000,0.00,0.00,68.112,0
-18.44,6.56,247.94,0.5505,-0.1644,0.0440,0.8173,-2.97,-0.94,8.97,1.50,-1.00,1.00,9.50,0,1.70,-0.0440,0.0506,88,0.759,0.000,0.00,0.00,68.112,0
-18.50,6.50,247.94,0.5508,-0.1646,0.0448,0.8170,-3.15,-1.03,9.09,1.44,0.69,-0.44,9.68,0,1.70,-0.0439,0.0509,88,0.759,0.000,0.00,0.00,68.112,0
phase1 acc_mag=9.738 gravity=9.684 motion=0.054 moving_avg=0.131 rms=0.180 mean_rms=0.160 max_rms=0.182 min_rms=0.119 std=0.020 var=0.000 state=standing thr=0.200/0.400/0.900
-18.56,6.44,247.88,0.5504,-0.1645,0.0453,0.8173,-3.03,-0.92,8.93,2.38,0.12,0.94,9.47,0,1.70,-0.0438,0.0510,88,0.759,0.000,0.00,0.00,68.112,0
-18.56,6.38,247.88,0.5504,-0.1639,0.0460,0.8173,-3.07,-1.08,9.18,0.62,0.00,0.06,9.74,0,1.70,-0.0435,0.0511,88,0.759,0.000,0.00,0.00,68.112,0
-18.56,6.19,247.81,0.5496,-0.1632,0.0470,0.8180,-2.72,-0.71,9.00,0.56,0.06,4.00,9.43,0,1.70,-0.0431,0.0513,88,0.759,0.000,0.00,0.00,68.112,0
-18.50,6.06,247.75,0.5496,-0.1624,0.0475,0.8181,-2.78,-1.43,9.79,-3.00,-16.50,-9.44,10.28,0,1.70,-0.0427,0.0513,88,0.759,0.000,0.00,0.00,68.112,0
phase1 acc_mag=9.643 gravity=9.683 motion=0.040 moving_avg=0.110 rms=0.160 mean_rms=0.169 max_rms=0.182 min_rms=0.151 std=0.012 var=0.000 state=standing thr=0.194/0.394/0.894
-18.38,6.12,247.69,0.5491,-0.1615,0.0464,0.8187,-2.89,-0.94,8.94,-0.06,0.00,1.31,9.44,0,1.70,-0.0427,0.0507,88,0.759,0.000,0.00,0.00,68.112,0
-18.31,6.19,247.69,0.5494,-0.1615,0.0458,0.8185,-2.96,-0.89,9.16,-1.06,0.56,0.25,9.67,0,1.70,-0.0428,0.0505,88,0.759,0.000,0.00,0.00,68.112,0
-18.25,6.25,247.69,0.5492,-0.1613,0.0450,0.8187,-2.95,-0.90,9.25,-1.94,-0.06,1.88,9.75,0,1.70,-0.0429,0.0502,88,0.759,0.000,0.00,0.00,68.112,0
-18.25,6.31,247.69,0.5493,-0.1617,0.0441,0.8186,-2.80,-0.99,9.11,-3.19,-1.38,-1.81,9.58,0,1.70,-0.0433,0.0500,88,0.759,0.000,0.00,0.00,68.112,0
phase1 acc_mag=9.673 gravity=9.681 motion=0.008 moving_avg=0.112 rms=0.164 mean_rms=0.171 max_rms=0.182 min_rms=0.151 std=0.011 var=0.000 state=standing thr=0.192/0.392/0.892
-18.19,6.38,247.75,0.5495,-0.1616,0.0434,0.8185,-2.86,-1.08,9.18,-0.12,-1.56,0.44,9.68,0,1.70,-0.0434,0.0497,88,0.759,0.000,0.00,0.00,68.112,0
-18.19,6.31,247.69,0.5494,-0.1615,0.0444,0.8186,-3.05,-0.81,9.16,0.06,0.75,0.25,9.69,0,1.70,-0.0431,0.0500,88,0.759,0.000,0.00,0.00,68.112,0
-18.19,6.44,247.75,0.5497,-0.1620,0.0433,0.8184,-2.90,-1.14,9.09,-2.00,-0.44,-2.56,9.61,0,1.70,-0.0435,0.0498,88,0.759,0.000,0.00,0.00,68.112,0
-18.19,6.44,247.75,0.5499,-0.1619,0.0435,0.8183,-3.10,-0.92,9.09,1.56,-0.44,1.31,9.65,0,1.70,-0.0434,0.0498,88,0.759,0.000,0.00,0.00,68.112,0
phase1 acc_mag=9.854 gravity=9.675 motion=0.179 moving_avg=0.088 rms=0.128 mean_rms=0.169 max_rms=0.182 min_rms=0.127 std=0.013 var=0.000 state=standing thr=0.196/0.396/0.896
-18.19,6.44,247.75,0.5496,-0.1615,0.0435,0.8185,-3.13,-1.06,9.22,3.00,0.31,1.69,9.79,0,1.70,-0.0433,0.0497,88,0.759,0.000,0.00,0.00,68.112,0
-18.25,6.19,247.69,0.5494,-0.1610,0.0453,0.8187,-2.84,-0.88,9.02,2.81,0.19,1.06,9.50,0,1.70,-0.0428,0.0502,88,0.759,0.000,0.00,0.00,68.112,0
-18.31,6.12,247.75,0.5499,-0.1612,0.0463,0.8182,-3.08,-0.88,9.24,-0.12,0.56,-2.94,9.78,0,1.70,-0.0426,0.0506,88,0.759,0.000,0.00,0.00,68.112,0
phase1 acc_mag=9.799 gravity=9.666 motion=0.133 moving_avg=0.091 rms=0.127 mean_rms=0.158 max_rms=0.182 min_rms=0.125 std=0.020 var=0.000 state=standing thr=0.198/0.398/0.898
-18.44,5.88,247.81,0.5502,-0.1608,0.0485,0.8179,-2.96,-0.88,9.30,0.81,2.31,3.75,9.80,0,1.70,-0.0419,0.0513,88,0.759,0.000,0.00,0.00,68.112,0
-18.56,5.88,247.75,0.5497,-0.1617,0.0491,0.8181,-3.08,-0.92,9.16,-1.44,1.12,-1.31,9.71,0,1.70,-0.0421,0.0516,88,0.759,0.000,0.00,0.00,68.112,0
-18.56,5.75,247.62,0.5490,-0.1616,0.0499,0.8185,-3.04,-0.82,9.29,0.88,2.25,-1.19,9.81,0,1.70,-0.0420,0.0518,88,0.759,0.000,0.00,0.00,68.112,0
-18.56,5.75,247.75,0.5496,-0.1611,0.0498,0.8182,-2.98,-0.93,9.07,-0.50,-0.56,-1.19,9.59,0,1.70,-0.0418,0.0517,88,0.759,0.000,0.00,0.00,68.112,0
phase1 acc_mag=9.667 gravity=9.665 motion=0.002 moving_avg=0.093 rms=0.129 mean_rms=0.147 max_rms=0.178 min_rms=0.124 std=0.020 var=0.000 state=standing thr=0.187/0.387/0.887
-18.56,5.69,247.75,0.5495,-0.1611,0.0505,0.8182,-3.08,-0.88,9.20,0.31,0.19,0.62,9.74,0,1.70,-0.0416,0.0519,88,0.759,0.000,0.00,0.00,68.112,0
-18.69,5.81,247.75,0.5494,-0.1624,0.0500,0.8181,-3.03,-0.92,9.11,-3.38,1.31,1.12,9.64,0,1.70,-0.0421,0.0521,88,0.759,0.000,0.00,0.00,68.112,0
-18.38,5.88,247.75,0.5499,-0.1603,0.0481,0.8183,-4.09,-1.22,9.09,-4.31,8.69,14.12,10.04,0,1.70,-0.0419,0.0510,88,0.759,0.000,0.00,0.00,68.112,0
-18.25,5.69,247.69,0.5496,-0.1590,0.0488,0.8187,-2.90,-1.01,9.37,-0.19,0.31,1.69,9.86,0,1.70,-0.0413,0.0509,88,0.759,0.000,0.00,0.00,68.112,0
phase1 acc_mag=9.639 gravity=9.671 motion=0.032 moving_avg=0.106 rms=0.143 mean_rms=0.141 max_rms=0.167 min_rms=0.124 std=0.016 var=0.000 state=standing thr=0.174/0.374/0.874
-18.31,5.50,247.69,0.5491,-0.1589,0.0504,0.8189,-3.03,-0.98,9.08,-2.81,3.12,1.94,9.62,0,1.70,-0.0410,0.0514,88,0.759,0.000,0.00,0.00,68.112,0
-18.38,5.31,247.69,0.5496,-0.1580,0.0519,0.8187,-2.99,-0.86,9.42,0.81,0.75,-0.31,9.92,0,1.70,-0.0403,0.0517,88,0.759,0.000,0.00,0.00,68.112,0
-18.31,5.25,247.69,0.5493,-0.1577,0.0521,0.8190,-2.91,-0.81,9.38,-1.62,1.69,1.12,9.85,0,1.70,-0.0402,0.0517,88,0.759,0.000,0.00,0.00,68.112,0
-18.44,5.38,247.62,0.5487,-0.1586,0.0519,0.8192,-2.82,-0.60,9.31,0.31,-4.19,-3.62,9.75,0,1.70,-0.0406,0.0518,88,0.759,0.000,0.00,0.00,68.112,0
phase1 acc_mag=9.902 gravity=9.660 motion=0.241 moving_avg=0.124 rms=0.168 mean_rms=0.138 max_rms=0.168 min_rms=0.124 std=0.013 var=0.000 state=slow thr=0.164/0.364/0.864
-18.50,5.44,247.56,0.5484,-0.1592,0.0517,0.8193,-3.22,-0.85,9.32,-0.56,0.06,0.62,9.90,0,1.70,-0.0408,0.0519,88,0.759,0.000,0.00,0.00,68.112,0
-18.56,5.56,247.44,0.5474,-0.1606,0.0511,0.8198,-2.99,-0.98,8.82,-2.12,0.12,1.56,9.36,0,1.70,-0.0415,0.0519,88,0.759,0.000,0.00,0.00,68.112,0
-18.56,5.38,247.44,0.5474,-0.1597,0.0524,0.8198,-3.07,-0.86,8.83,0.88,2.69,2.19,9.39,0,1.70,-0.0409,0.0522,88,0.759,0.000,0.00,0.00,68.112,0
phase1 acc_mag=9.484 gravity=9.652 motion=0.168 moving_avg=0.143 rms=0.183 mean_rms=0.144 max_rms=0.183 min_rms=0.124 std=0.020 var=0.000 state=standing thr=0.185/0.385/0.885
-18.62,5.31,247.44,0.5475,-0.1598,0.0530,0.8196,-2.76,-0.89,9.03,1.56,2.31,-2.69,9.48,0,1.70,-0.0408,0.0524,88,0.759,0.000,0.00,0.00,68.112,0
-19.00,5.00,247.50,0.5477,-0.1606,0.0569,0.8191,-3.28,-0.28,8.92,0.44,3.50,3.75,9.51,0,1.70,-0.0402,0.0539,88,0.759,0.000,0.00,0.00,68.112,0
-18.81,4.81,247.06,0.5448,-0.1589,0.0565,0.8215,-3.02,-0.58,9.76,3.44,-8.88,6.06,10.23,0,1.70,-0.0399,0.0532,88,0.759,0.000,0.00,0.00,68.112,0
-18.62,4.88,246.81,0.5428,-0.1580,0.0551,0.8230,-2.23,-0.87,8.72,-3.56,-4.44,-3.12,9.04,0,1.70,-0.0400,0.0524,88,0.759,0.000,0.00,0.00,68.112,0
phase1 acc_mag=9.642 gravity=9.661 motion=0.018 moving_avg=0.192 rms=0.254 mean_rms=0.163 max_rms=0.254 min_rms=0.124 std=0.035 var=0.001 state=slow thr=0.234/0.434/0.934
-18.44,4.62,247.25,0.5469,-0.1551,0.0570,0.8207,-2.81,-0.06,9.62,5.62,-0.81,-5.81,10.02,0,1.70,-0.0384,0.0526,88,0.759,0.000,0.00,0.00,68.112,0
-18.81,5.00,247.69,0.5493,-0.1594,0.0563,0.8184,-2.81,-0.87,8.66,-15.06,-0.31,-11.50,9.15,0,1.70,-0.0398,0.0534,88,0.759,0.000,0.00,0.00,68.112,0
-19.25,5.38,247.94,0.5505,-0.1642,0.0562,0.8166,-3.66,-0.52,8.58,-1.06,1.62,-4.06,9.34,0,1.70,-0.0413,0.0545,88,0.759,0.000,0.00,0.00,68.112,0
-19.00,5.69,247.88,0.5502,-0.1641,0.0528,0.8171,-3.11,-1.15,9.87,-3.69,-1.75,0.56,10.41,0,1.70,-0.0420,0.0534,88,0.759,0.000,0.00,0.00,68.112,0
phase1 acc_mag=9.818 gravity=9.635 motion=0.183 moving_avg=0.274 rms=0.361 mean_rms=0.203 max_rms=0.362 min_rms=0.132 std=0.068 var=0.005 state=slow thr=0.339/0.539/1.039
-19.19,5.50,247.62,0.5485,-0.1647,0.0546,0.8180,-3.18,-0.92,9.17,-0.62,1.50,3.75,9.75,0,1.70,-0.0419,0.0540,88,0.759,0.000,0.00,0.00,68.112,0
-19.19,5.50,247.31,0.5460,-0.1650,0.0540,0.8196,-3.15,-0.93,9.03,-2.25,-0.69,2.69,9.61,0,1.70,-0.0423,0.0538,88,0.759,0.000,0.00,0.00,68.112,0
-19.25,5.69,247.31,0.5460,-0.1658,0.0530,0.8195,-3.15,-0.97,9.03,-3.06,0.81,-2.00,9.61,0,1.70,-0.0428,0.0536,88,0.759,0.000,0.00,0.00,68.112,0
-19.19,5.81,247.38,0.5466,-0.1659,0.0520,0.8192,-3.05,-0.86,9.21,-1.00,-0.69,-1.12,9.74,0,1.70,-0.0430,0.0533,88,0.759,0.000,0.00,0.00,68.112,0
phase1 acc_mag=9.588 gravity=9.637 motion=0.048 moving_avg=0.258 rms=0.352 mean_rms=0.248 max_rms=0.363 min_rms=0.135 std=0.082 var=0.007 state=standing thr=0.412/0.612/1.112
-19.12,5.75,247.44,0.5469,-0.1655,0.0522,0.8190,-3.08,-0.72,8.96,1.38,-1.25,0.25,9.50,0,1.70,-0.0428,0.0533,88,0.759,0.000,0.00,0.00,68.112,0
-19.12,5.81,247.44,0.5470,-0.1655,0.0519,0.8190,-3.22,-0.71,8.98,-0.31,-0.88,-0.31,9.57,0,1.70,-0.0429,0.0532,88,0.759,0.000,0.00,0.00,68.112,0
-19.06,5.81,247.44,0.5469,-0.1652,0.0514,0.8191,-3.23,-0.97,9.16,-1.69,0.19,-0.94,9.76,0,1.70,-0.0429,0.0530,88,0.759,0.000,0.00,0.00,68.112,0
-19.06,5.94,247.44,0.5468,-0.1658,0.0507,0.8192,-3.15,-0.91,9.23,-1.19,0.19,-0.50,9.80,0,1.70,-0.0432,0.0529,88,0.759,0.000,0.00,0.00,68.112,0
phase1 acc_mag=9.755 gravity=9.648 motion=0.107 moving_avg=0.230 rms=0.335 mean_rms=0.289 max_rms=0.363 min_rms=0.175 std=0.071 var=0.005 state=standing thr=0.431/0.631/1.131
-19.12,5.88,247.38,0.5465,-0.1661,0.0515,0.8192,-3.44,-0.84,9.25,1.75,-0.38,0.81,9.90,0,1.70,-0.0432,0.0532,88,0.759,0.000,0.00,0.00,68.112,0
-19.06,5.88,247.38,0.5466,-0.1655,0.0511,0.8193,-3.05,-0.92,8.89,-1.00,-0.69,-1.75,9.44,0,1.70,-0.0431,0.0530,88,0.759,0.000,0.00,0.00,68.112,0
-19.06,5.94,247.38,0.5467,-0.1656,0.0508,0.8192,-3.33,-0.99,9.18,1.44,1.12,0.69,9.82,0,1.70,-0.0432,0.0529,88,0.759,0.000,0.00,0.00,68.112,0
phase1 acc_mag=9.644 gravity=9.637 motion=0.007 moving_avg=0.214 rms=0.323 mean_rms=0.321 max_rms=0.363 min_rms=0.207 std=0.046 var=0.002 state=standing thr=0.412/0.612/1.112
-19.00,5.94,247.31,0.5464,-0.1654,0.0503,0.8195,-3.10,-0.88,9.09,-3.06,-1.31,-1.75,9.64,0,1.70,-0.0432,0.0526,88,0.759,0.000,0.00,0.00,68.112,0
-18.94,6.06,247.44,0.5469,-0.1656,0.0496,0.8192,-3.15,-0.76,8.83,1.44,-0.94,-2.00,9.41,0,1.70,-0.0434,0.0525,88,0.759,0.000,0.00,0.00,68.112,0
-18.94,6.06,247.44,0.5468,-0.1655,0.0495,0.8192,-3.10,-0.83,9.04,0.62,0.56,1.81,9.59,0,1.70,-0.0434,0.0524,88,0.759,0.000,0.00,0.00,68.112,0
-18.94,6.12,247.44,0.5472,-0.1658,0.0490,0.8189,-3.12,-0.98,9.23,-0.44,-0.31,-0.81,9.79,0,1.70,-0.0436,0.0523,88,0.759,0.000,0.00,0.00,68.112,0
phase1 acc_mag=9.537 gravity=9.654 motion=0.117 moving_avg=0.166 rms=0.267 mean_rms=0.333 max_rms=0.363 min_rms=0.267 std=0.024 var=0.001 state=standing thr=0.380/0.580/1.080
-18.94,6.12,247.44,0.5472,-0.1658,0.0491,0.8190,-3.13,-0.80,9.07,1.25,-1.31,0.69,9.63,0,1.70,-0.0436,0.0524,88,0.759,0.000,0.00,0.00,68.112,0
-18.94,6.12,247.50,0.5474,-0.1660,0.0488,0.8188,-3.06,-1.04,9.00,-1.94,-0.31,-1.25,9.56,0,1.70,-0.0437,0.0523,88,0.759,0.000,0.00,0.00,68.112,0
-18.94,6.25,247.56,0.5477,-0.1661,0.0482,0.8185,-3.08,-0.98,8.96,-0.50,0.06,-0.25,9.53,0,1.70,-0.0438,0.0522,88,0.759,0.000,0.00,0.00,68.112,0
-18.94,6.25,247.56,0.5480,-0.1662,0.0483,0.8184,-3.27,-0.97,9.21,-0.94,1.00,0.00,9.82,0,1.70,-0.0438,0.0522,88,0.759,0.000,0.00,0.00,68.112,0
phase1 acc_mag=9.522 gravity=9.665 motion=0.143 moving_avg=0.093 rms=0.122 mean_rms=0.303 max_rms=0.362 min_rms=0.122 std=0.067 var=0.004 state=standing thr=0.437/0.637/1.137
-18.94,6.31,247.56,0.5480,-0.1665,0.0477,0.8184,-3.07,-1.02,8.96,-2.31,0.38,0.50,9.53,0,1.70,-0.0440,0.0521,88,0.759,0.000,0.00,0.00,68.112,0
-18.94,6.38,247.62,0.5483,-0.1668,0.0473,0.8181,-3.12,-1.00,9.13,0.50,0.12,0.25,9.70,0,1.70,-0.0442,0.0521,88,0.759,0.000,0.00,0.00,68.112,0
-18.88,6.44,247.75,0.5491,-0.1666,0.0469,0.8176,-3.26,-1.02,9.26,2.12,-1.31,-3.75,9.87,0,1.70,-0.0442,0.0519,88,0.759,0.000,0.00,0.00,68.112,0
-18.81,6.50,247.88,0.5503,-0.1663,0.0462,0.8170,-3.16,-1.04,9.25,-0.44,-0.94,1.62,9.83,0,1.70,-0.0442,0.0517,88,0.759,0.000,0.00,0.00,68.112,0
phase1 acc_mag=9.749 gravity=9.675 motion=0.074 moving_avg=0.094 rms=0.122 mean_rms=0.251 max_rms=0.352 min_rms=0.118 std=0.093 var=0.009 state=standing thr=0.436/0.636/1.136
-18.75,6.50,247.88,0.5504,-0.1661,0.0460,0.8170,-3.15,-0.96,9.14,0.38,1.44,-0.62,9.72,0,1.70,-0.0441,0.0516,88,0.759,0.000,0.00,0.00,68.112,0
-18.69,6.50,247.94,0.5506,-0.1658,0.0458,0.8168,-3.10,-0.98,8.99,1.31,-1.19,-0.50,9.56,0,1.70,-0.0441,0.0515,88,0.759,0.000,0.00,0.00,68.112,0
-18.69,6.50,247.94,0.5507,-0.1657,0.0456,0.8168,-2.98,-1.14,9.28,-2.56,1.50,0.25,9.81,0,1.70,-0.0441,0.0514,88,0.759,0.000,0.00,0.00,68.112,0
-18.88,6.75,247.94,0.5504,-0.1681,0.0449,0.8166,-3.34,-1.17,8.95,-0.38,0.75,0.81,9.62,0,1.70,-0.0450,0.0517,88,0.759,0.000,0.00,0.00,68.112,0
phase1 acc_mag=9.801 gravity=9.681 motion=0.120 moving_avg=0.094 rms=0.120 mean_rms=0.203 max_rms=0.336 min_rms=0.118 std=0.090 var=0.008 state=standing thr=0.382/0.582/1.082
-18.81,6.75,248.00,0.5507,-0.1677,0.0446,0.8165,-3.05,-1.02,9.04,5.69,-4.12,-2.69,9.60,0,1.70,-0.0449,0.0515,88,0.759,0.000,0.00,0.00,68.112,0
-18.69,6.56,248.00,0.5512,-0.1661,0.0453,0.8164,-3.22,-0.97,8.97,0.44,0.12,0.19,9.58,0,1.70,-0.0442,0.0514,88,0.759,0.000,0.00,0.00,68.112,0
-18.81,6.62,247.88,0.5502,-0.1673,0.0455,0.8168,-3.17,-0.96,9.00,-0.06,1.31,0.81,9.59,0,1.70,-0.0447,0.0517,88,0.759,0.000,0.00,0.00,68.112,0
-18.81,6.75,247.94,0.5505,-0.1677,0.0449,0.8166,-3.14,-1.13,9.12,1.25,-1.06,0.19,9.71,0,1.70,-0.0449,0.0516,88,0.759,0.000,0.00,0.00,68.112,0
phase1 acc_mag=9.753 gravity=9.682 motion=0.071 moving_avg=0.092 rms=0.111 mean_rms=0.161 max_rms=0.319 min_rms=0.111 std=0.066 var=0.004 state=standing thr=0.293/0.493/0.993
-18.88,6.69,247.94,0.5504,-0.1678,0.0453,0.8167,-3.25,-1.02,8.95,0.69,0.00,-0.44,9.58,0,1.70,-0.0449,0.0517,88,0.759,0.000,0.00,0.00,68.112,0
-18.75,6.62,248.00,0.5508,-0.1668,0.0452,0.8165,-2.93,-1.07,8.91,1.00,0.12,0.12,9.44,0,1.70,-0.0445,0.0515,88,0.759,0.000,0.00,0.00,68.112,0
-18.81,6.69,247.94,0.5505,-0.1677,0.0450,0.8166,-3.11,-1.13,9.06,-1.94,1.00,0.56,9.65,0,1.70,-0.0449,0.0516,88,0.759,0.000,0.00,0.00,68.112,0
phase1 acc_mag=9.738 gravity=9.686 motion=0.052 moving_avg=0.096 rms=0.116 mean_rms=0.125 max_rms=0.203 min_rms=0.109 std=0.020 var=0.000 state=standing thr=0.166/0.366/0.866
-18.75,6.75,248.00,0.5512,-0.1674,0.0443,0.8162,-3.05,-0.94,9.20,-1.06,0.06,-2.25,9.74,0,1.70,-0.0449,0.0514,88,0.759,0.000,0.00,0.00,68.112,0
-18.69,6.94,248.19,0.5521,-0.1673,0.0430,0.8157,-3.11,-0.98,9.02,-1.25,-0.50,-0.94,9.59,0,1.70,-0.0451,0.0510,88,0.759,0.000,0.00,0.00,68.112,0
-18.62,6.94,248.06,0.5516,-0.1672,0.0425,0.8161,-3.13,-1.12,9.07,0.06,-0.69,-0.44,9.66,0,1.70,-0.0452,0.0508,88,0.759,0.000,0.00,0.00,68.112,0
-18.81,7.19,248.00,0.5508,-0.1697,0.0419,0.8161,-3.08,-1.04,9.08,-1.88,2.69,0.50,9.64,0,1.70,-0.0462,0.0511,88,0.759,0.000,0.00,0.00,68.112,0
phase1 acc_mag=9.747 gravity=9.682 motion=0.065 moving_avg=0.088 rms=0.107 mean_rms=0.117 max_rms=0.126 min_rms=0.107 std=0.006 var=0.000 state=standing thr=0.130/0.350/0.850
-18.88,7.38,248.12,0.5514,-0.1711,0.0411,0.8155,-3.22,-1.15,9.00,0.44,-1.00,-1.75,9.63,0,1.70,-0.0468,0.0511,88,0.759,0.000,0.00,0.00,68.112,0
-18.81,7.25,248.06,0.5512,-0.1701,0.0414,0.8158,-3.10,-1.07,9.03,1.12,0.25,1.31,9.61,0,1.70,-0.0464,0.0510,88,0.759,0.000,0.00,0.00,68.112,0
-18.88,7.25,247.94,0.5505,-0.1704,0.0416,0.8162,-3.19,-1.24,9.07,-0.88,0.12,-0.50,9.69,0,1.70,-0.0465,0.0511,88,0.759,0.000,0.00,0.00,68.112,0
-18.88,7.19,247.94,0.5502,-0.1699,0.0421,0.8165,-3.17,-1.04,9.09,0.75,0.12,-0.44,9.68,0,1.70,-0.0462,0.0511,88,0.759,0.000,0.00,0.00,68.112,0
phase1 acc_mag=9.461 gravity=9.676 motion=0.216 moving_avg=0.083 rms=0.103 mean_rms=0.114 max_rms=0.126 min_rms=0.100 std=0.008 var=0.000 state=standing thr=0.130/0.350/0.850
-18.88,7.12,247.94,0.5502,-0.1700,0.0421,0.8165,-3.15,-1.02,9.16,0.38,-0.12,-0.25,9.74,0,1.70,-0.0463,0.0511,88,0.759,0.000,0.00,0.00,68.112,0
-18.88,7.19,247.88,0.5497,-0.1703,0.0418,0.8167,-3.09,-1.09,8.98,-1.12,0.12,0.50,9.56,0,1.70,-0.0464,0.0511,88,0.759,0.000,0.00,0.00,68.112,0
-18.88,7.12,247.88,0.5500,-0.1699,0.0421,0.8167,-3.04,-1.09,9.26,-0.06,0.06,-0.06,9.81,0,1.70,-0.0463,0.0511,88,0.759,0.000,0.00,0.00,68.112,0
-18.88,7.19,247.88,0.5500,-0.1704,0.0419,0.8165,-3.20,-1.13,9.19,-1.31,1.38,-0.38,9.80,0,1.70,-0.0464,0.0512,88,0.759,0.000,0.00,0.00,68.112,0
phase1 acc_mag=9.725 gravity=9.673 motion=0.052 moving_avg=0.082 rms=0.101 mean_rms=0.110 max_rms=0.123 min_rms=0.098 std=0.008 var=0.000 state=standing thr=0.125/0.350/0.850
-19.06,7.50,247.88,0.5496,-0.1728,0.0406,0.8163,-3.38,-1.31,9.07,-3.00,1.31,-0.88,9.77,0,1.70,-0.0475,0.0513,88,0.759,0.000,0.00,0.00,68.112,0
-18.94,7.38,247.81,0.5496,-0.1714,0.0410,0.8167,-3.14,-1.11,9.08,2.19,-2.06,-1.44,9.67,0,1.70,-0.0470,0.0511,88,0.759,0.000,0.00,0.00,68.112,0
-18.81,7.31,247.94,0.5504,-0.1704,0.0411,0.8163,-2.82,-1.02,9.13,0.38,-0.19,-0.50,9.61,0,1.70,-0.0466,0.0509,88,0.759,0.000,0.00,0.00,68.112,0
-18.88,7.25,248.00,0.5506,-0.1706,0.0418,0.8161,-3.13,-1.13,9.20,2.31,-0.31,-0.81,9.78,0,1.70,-0.0465,0.0512,88,0.759,0.000,0.00,0.00,68.112,0
phase1 acc_mag=9.703 gravity=9.673 motion=0.030 moving_avg=0.079 rms=0.099 mean_rms=0.105 max_rms=0.117 min_rms=0.095 std=0.007 var=0.000 state=standing thr=0.119/0.350/0.850
-19.06,7.31,247.88,0.5499,-0.1721,0.0417,0.8162,-3.25,-1.16,9.05,-2.81,2.19,2.12,9.69,0,1.70,-0.0470,0.0515,88,0.759,0.000,0.00,0.00,68.112,0
-19.00,7.31,248.00,0.5507,-0.1710,0.0421,0.8159,-3.01,-1.15,9.13,5.94,-3.25,-1.62,9.68,0,1.70,-0.0465,0.0514,88,0.759,0.000,0.00,0.00,68.112,0
-18.88,7.12,248.00,0.5508,-0.1700,0.0422,0.8160,-3.33,-1.20,9.11,-2.81,0.19,-1.56,9.77,0,1.70,-0.0462,0.0512,88,0.759,0.000,0.00,0.00,68.112,0
phase1 acc_mag=9.741 gravity=9.677 motion=0.064 moving_avg=0.074 rms=0.094 mean_rms=0.102 max_rms=0.115 min_rms=0.092 std=0.007 var=0.000 state=standing thr=0.115/0.350/0.850
-18.75,7.06,247.94,0.5506,-0.1688,0.0425,0.8164,-3.10,-1.17,9.16,0.31,1.31,0.88,9.74,0,1.70,-0.0457,0.0511,88,0.759,0.000,0.00,0.00,68.112,0
-18.75,6.94,247.94,0.5504,-0.1683,0.0432,0.8167,-3.14,-1.24,9.09,0.19,-0.06,-1.25,9.70,0,1.70,-0.0455,0.0511,88,0.759,0.000,0.00,0.00,68.112,0
-18.75,6.81,247.94,0.5507,-0.1671,0.0439,0.8167,-3.29,-1.22,9.18,2.19,-1.12,-0.19,9.83,0,1.70,-0.0449,0.0511,88,0.759,0.000,0.00,0.00,68.112,0
-18.69,6.75,248.00,0.5510,-0.1669,0.0439,0.8165,-3.08,-1.04,9.11,1.81,-1.25,-1.38,9.67,0,1.70,-0.0448,0.0511,88,0.759,0.000,0.00,0.00,68.112,0
phase1 acc_mag=9.741 gravity=9.686 motion=0.054 moving_avg=0.075 rms=0.095 mean_rms=0.098 max_rms=0.108 min_rms=0.092 std=0.005 var=0.000 state=standing thr=0.109/0.350/0.850
-18.69,6.69,247.94,0.5507,-0.1665,0.0443,0.8168,-2.99,-1.02,9.03,0.88,0.00,1.06,9.57,0,1.70,-0.0446,0.0512,88,0.759,0.000,0.00,0.00,68.112,0
-18.69,6.69,247.94,0.5507,-0.1664,0.0443,0.8168,-3.12,-1.12,9.06,2.25,-1.38,-1.38,9.65,0,1.70,-0.0446,0.0511,88,0.759,0.000,0.00,0.00,68.112,0
-18.31,6.31,248.19,0.5529,-0.1623,0.0455,0.8160,-2.93,-0.86,9.40,5.31,-3.69,-0.75,9.88,0,1.70,-0.0429,0.0508,88,0.759,0.000,0.00,0.00,68.112,0
-18.44,6.38,248.12,0.5522,-0.1629,0.0456,0.8163,-3.16,-0.99,8.96,0.25,0.12,1.19,9.55,0,1.70,-0.0431,0.0509,88,0.759,0.000,0.00,0.00,68.112,0
phase1 acc_mag=9.731 gravity=9.680 motion=0.051 moving_avg=0.079 rms=0.099 mean_rms=0.097 max_rms=0.102 min_rms=0.092 std=0.004 var=0.000 state=standing thr=0.106/0.350/0.850
-18.44,6.31,248.06,0.5519,-0.1629,0.0457,0.8166,-3.08,-0.88,9.14,1.56,-0.69,0.31,9.69,0,1.70,-0.0431,0.0509,88,0.759,0.000,0.00,0.00,68.112,0
-18.50,6.38,248.06,0.5516,-0.1638,0.0453,0.8166,-3.03,-1.00,9.22,-3.75,1.56,0.06,9.76,0,1.70,-0.0435,0.0510,88,0.759,0.000,0.00,0.00,68.112,0
-18.62,6.69,248.06,0.5514,-0.1660,0.0446,0.8163,-3.09,-0.94,9.08,1.88,-0.31,0.38,9.64,0,1.70,-0.0444,0.0512,88,0.759,0.000,0.00,0.00,68.112,0
phase1 acc_mag=9.666 gravity=9.678 motion=0.012 moving_avg=0.073 rms=0.094 mean_rms=0.097 max_rms=0.102 min_rms=0.092 std=0.004 var=0.000 state=standing thr=0.105/0.350/0.850
-18.56,6.56,248.06,0.5518,-0.1649,0.0451,0.8162,-3.07,-1.09,9.10,-0.94,-0.31,-0.12,9.67,0,1.70,-0.0439,0.0511,88,0.759,0.000,0.00,0.00,68.112,0
-18.62,6.62,248.12,0.5522,-0.1655,0.0449,0.8159,-3.13,-0.93,9.03,0.31,-0.88,-0.50,9.60,0,1.70,-0.0441,0.0512,88,0.759,0.000,0.00,0.00,68.112,0
-18.62,6.69,248.06,0.5516,-0.1663,0.0443,0.8162,-2.94,-1.11,8.94,-3.31,1.19,-0.56,9.48,0,1.70,-0.0445,0.0512,88,0.759,0.000,0.00,0.00,68.112,0
-18.56,6.81,248.31,0.5533,-0.1662,0.0438,0.8151,-3.12,-0.98,9.01,2.62,-1.44,0.12,9.59,0,1.70,-0.0445,0.0510,88,0.759,0.000,0.00,0.00,68.112,0
phase1 acc_mag=9.901 gravity=9.677 motion=0.223 moving_avg=0.075 rms=0.095 mean_rms=0.095 max_rms=0.102 min_rms=0.089 std=0.004 var=0.000 state=standing thr=0.104/0.350/0.850
-18.62,6.69,248.31,0.5531,-0.1660,0.0443,0.8152,-3.23,-1.05,8.93,-0.88,2.94,1.12,9.55,0,1.70,-0.0443,0.0512,88,0.759,0.000,0.00,0.00,68.112,0
-18.50,6.69,248.44,0.5541,-0.1648,0.0443,0.8148,-3.01,-1.04,9.07,4.56,-2.94,-2.94,9.61,0,1.70,-0.0439,0.0509,88,0.759,0.000,0.00,0.00,68.112,0
-18.56,6.69,248.38,0.5538,-0.1655,0.0443,0.8148,-3.20,-1.03,9.03,-0.44,-0.56,-0.38,9.64,0,1.70,-0.0441,0.0511,88,0.759,0.000,0.00,0.00,68.112,0
-18.44,6.69,248.56,0.5550,-0.1647,0.0441,0.8141,-3.10,-0.94,9.12,3.12,-2.62,-2.75,9.68,0,1.70,-0.0439,0.0509,88,0.759,0.000,0.00,0.00,68.112,0
phase1 acc_mag=9.672 gravity=9.669 motion=0.003 moving_avg=0.074 rms=0.094 mean_rms=0.095 max_rms=0.102 min_rms=0.089 std=0.004 var=0.000 state=standing thr=0.104/0.350/0.850
-18.44,6.69,248.50,0.5549,-0.1648,0.0441,0.8143,-3.03,-1.03,9.07,1.50,0.00,0.12,9.62,0,1.70,-0.0439,0.0509,88,0.759,0.000,0.00,0.00,68.112,0
-18.50,6.69,248.62,0.5559,-0.1647,0.0444,0.8136,-3.19,-0.93,9.07,1.25,-0.44,-1.75,9.66,0,1.70,-0.0437,0.0511,88,0.759,0.000,0.00,0.00,68.112,0
-18.44,6.75,248.69,0.5562,-0.1650,0.0438,0.8133,-3.00,-1.17,9.21,-2.50,1.69,0.62,9.76,0,1.70,-0.0440,0.0510,88,0.759,0.000,0.00,0.00,68.112,0
phase1 acc_mag=9.595 gravity=9.662 motion=0.067 moving_avg=0.073 rms=0.092 mean_rms=0.095 max_rms=0.102 min_rms=0.089 std=0.005 var=0.000 state=standing thr=0.104/0.350/0.850
-18.38,6.75,248.81,0.5569,-0.1645,0.0436,0.8129,-3.12,-0.98,9.02,2.50,-2.88,-1.31,9.59,0,1.70,-0.0438,0.0508,88,0.759,0.000,0.00,0.00,68.112,0
-18.38,6.75,248.75,0.5566,-0.1645,0.0436,0.8132,-3.05,-1.05,9.35,-2.12,1.50,0.75,9.89,0,1.70,-0.0438,0.0508,88,0.759,0.000,0.00,0.00,68.112,0
-18.38,6.75,248.81,0.5569,-0.1642,0.0435,0.8130,-2.97,-1.06,9.16,0.25,-0.81,-0.88,9.69,0,1.70,-0.0437,0.0507,88,0.759,0.000,0.00,0.00,68.112,0
-18.38,6.81,248.75,0.5565,-0.1649,0.0432,0.8132,-3.01,-1.02,9.05,1.25,-0.12,1.25,9.59,0,1.70,-0.0440,0.0507,88,0.759,0.000,0.00,0.00,68.112,0
phase1 acc_mag=9.637 gravity=9.664 motion=0.027 moving_avg=0.072 rms=0.091 mean_rms=0.094 max_rms=0.100 min_rms=0.089 std=0.004 var=0.000 state=standing thr=0.102/0.350/0.850
-18.38,6.88,248.75,0.5567,-0.1650,0.0430,0.8130,-3.01,-1.04,9.01,-0.25,0.06,-0.12,9.56,0,1.70,-0.0441,0.0507,88,0.759,0.000,0.00,0.00,68.112,0
-18.44,7.00,248.75,0.5566,-0.1659,0.0424,0.8129,-3.08,-1.15,9.10,-3.12,1.44,-1.19,9.68,0,1.70,-0.0445,0.0507,88,0.759,0.000,0.00,0.00,68.112,0
-18.38,6.94,248.88,0.5576,-0.1654,0.0425,0.8124,-3.08,-0.99,9.14,-0.56,0.00,-1.06,9.70,0,1.70,-0.0443,0.0507,88,0.759,0.000,0.00,0.00,68.112,0
-18.38,7.06,249.00,0.5580,-0.1660,0.0416,0.8120,-2.96,-0.93,8.94,3.06,-1.81,-1.56,9.46,0,1.70,-0.0446,0.0506,88,0.759,0.000,0.00,0.00,68.112,0
phase1 acc_mag=9.645 gravity=9.656 motion=0.011 moving_avg=0.078 rms=0.101 mean_rms=0.093 max_rms=0.101 min_rms=0.089 std=0.004 var=0.000 state=standing thr=0.101/0.350/0.850
-18.44,7.19,249.06,0.5585,-0.1664,0.0414,0.8116,-2.97,-1.11,9.00,-2.50,1.69,-1.06,9.54,0,1.70,-0.0448,0.0506,88,0.759,0.000,0.00,0.00,68.112,0
-18.44,7.25,249.19,0.5593,-0.1671,0.0413,0.8109,-3.24,-1.13,9.29,1.62,-0.12,-1.81,9.90,0,1.70,-0.0450,0.0508,88,0.759,0.000,0.00,0.00,68.112,0
-18.44,7.19,249.12,0.5591,-0.1670,0.0413,0.8110,-3.11,-1.17,9.04,-2.44,1.44,1.44,9.63,0,1.70,-0.0449,0.0507,88,0.759,0.000,0.00,0.00,68.112,0
-18.44,7.31,249.12,0.5590,-0.1671,0.0407,0.8111,-3.04,-1.22,9.19,-0.25,-0.69,-0.75,9.76,0,1.70,-0.0451,0.0506,88,0.759,0.000,0.00,0.00,68.112,0
phase1 acc_mag=9.729 gravity=9.659 motion=0.070 moving_avg=0.081 rms=0.106 mean_rms=0.096 max_rms=0.111 min_rms=0.090 std=0.007 var=0.000 state=standing thr=0.110/0.350/0.850
-18.44,7.25,249.06,0.5588,-0.1669,0.0410,0.8113,-3.01,-1.14,9.14,-2.38,1.19,2.25,9.69,0,1.70,-0.0450,0.0506,88,0.759,0.000,0.00,0.00,68.112,0
-18.44,7.25,249.06,0.5587,-0.1671,0.0410,0.8113,-3.04,-1.15,9.03,-0.56,0.25,-0.62,9.60,0,1.70,-0.0451,0.0506,88,0.759,0.000,0.00,0.00,68.112,0
-18.50,7.38,249.06,0.5587,-0.1680,0.0405,0.8112,-3.11,-1.25,9.16,0.00,0.44,-0.06,9.75,0,1.70,-0.0455,0.0507,88,0.759,0.000,0.00,0.00,68.112,0
-18.56,7.44,249.06,0.5584,-0.1688,0.0402,0.8112,-3.04,-1.15,8.99,-1.12,-0.31,1.81,9.56,0,1.70,-0.0458,0.0508,88,0.759,0.000,0.00,0.00,68.112,0
phase1 acc_mag=9.812 gravity=9.657 motion=0.155 moving_avg=0.084 rms=0.109 mean_rms=0.098 max_rms=0.111 min_rms=0.090 std=0.008 var=0.000 state=standing thr=0.114/0.350/0.850
-18.56,7.44,249.06,0.5585,-0.1686,0.0402,0.8112,-3.14,-1.19,8.98,-0.50,0.81,0.06,9.59,0,1.70,-0.0457,0.0507,88,0.759,0.000,0.00,0.00,68.112,0
-18.56,7.44,249.00,0.5580,-0.1687,0.0400,0.8115,-3.12,-1.08,9.07,1.12,-0.88,0.62,9.65,0,1.70,-0.0458,0.0506,88,0.759,0.000,0.00,0.00,68.112,0
-18.56,7.50,249.06,0.5583,-0.1688,0.0398,0.8113,-2.98,-1.17,9.07,-0.62,0.50,-0.19,9.62,0,1.70,-0.0459,0.0506,88,0.759,0.000,0.00,0.00,68.112,0
-18.50,7.44,249.06,0.5586,-0.1686,0.0400,0.8112,-3.26,-1.24,9.23,0.06,-0.31,-0.88,9.87,0,1.70,-0.0458,0.0507,88,0.759,0.000,0.00,0.00,68.112,0
phase1 acc_mag=9.642 gravity=9.668 motion=0.026 moving_avg=0.090 rms=0.115 mean_rms=0.102 max_rms=0.115 min_rms=0.090 std=0.009 var=0.000 state=standing thr=0.120/0.350/0.850
-18.44,7.56,249.12,0.5590,-0.1688,0.0390,0.8109,-3.00,-1.30,9.12,-3.12,-0.75,-2.25,9.69,0,1.70,-0.0460,0.0504,88,0.759,0.000,0.00,0.00,68.112,0
-18.50,7.62,249.12,0.5590,-0.1693,0.0387,0.8109,-3.09,-1.26,8.95,-1.81,2.50,1.75,9.55,0,1.70,-0.0462,0.0504,88,0.759,0.000,0.00,0.00,68.112,0
-18.62,7.75,249.12,0.5587,-0.1707,0.0386,0.8107,-3.12,-1.15,9.05,1.12,-0.44,0.69,9.64,0,1.70,-0.0467,0.0507,88,0.759,0.000,0.00,0.00,68.112,0
-18.69,7.69,249.00,0.5576,-0.1709,0.0388,0.8113,-2.87,-1.10,8.83,-2.19,1.94,2.94,9.35,0,1.70,-0.0468,0.0507,88,0.759,0.000,0.00,0.00,68.112,0
phase1 acc_mag=9.206 gravity=9.664 motion=0.457 moving_avg=0.098 rms=0.131 mean_rms=0.108 max_rms=0.131 min_rms=0.092 std=0.009 var=0.000 state=slow thr=0.125/0.350/0.850
-19.19,7.75,248.25,0.5513,-0.1754,0.0402,0.8147,-3.51,-1.38,9.11,-4.44,7.19,8.38,9.86,0,1.70,-0.0483,0.0518,88,0.759,0.000,0.00,0.00,68.112,0
-19.06,7.75,248.44,0.5536,-0.1740,0.0398,0.8134,-3.12,-1.21,9.13,2.19,-5.06,-11.31,9.72,0,1.70,-0.0478,0.0515,88,0.759,0.000,0.00,0.00,68.112,0
-18.94,7.75,248.69,0.5556,-0.1727,0.0394,0.8124,-3.07,-1.19,9.01,3.81,-1.62,-1.56,9.59,0,1.70,-0.0474,0.0512,88,0.759,0.000,0.00,0.00,68.112,0
-18.88,7.81,248.69,0.5556,-0.1730,0.0391,0.8123,-3.17,-1.31,8.98,-0.75,-0.12,0.25,9.61,0,1.70,-0.0475,0.0511,88,0.759,0.000,0.00,0.00,68.112,0
phase1 acc_mag=9.543 gravity=9.675 motion=0.132 moving_avg=0.107 rms=0.137 mean_rms=0.116 max_rms=0.141 min_rms=0.102 std=0.012 var=0.000 state=standing thr=0.140/0.350/0.850
-18.94,7.81,248.69,0.5556,-0.1733,0.0389,0.8123,-3.16,-1.31,9.17,-2.94,2.38,0.94,9.79,0,1.70,-0.0477,0.0512,88,0.759,0.000,0.00,0.00,68.112,0
-19.06,7.94,248.56,0.5544,-0.1749,0.0388,0.8127,-3.04,-1.21,9.13,-3.69,3.31,4.56,9.70,0,1.70,-0.0483,0.0514,88,0.759,0.000,0.00,0.00,68.112,0
-19.31,7.94,248.19,0.5514,-0.1767,0.0397,0.8143,-3.47,-1.34,9.08,2.75,-0.12,1.88,9.81,0,1.70,-0.0488,0.0519,88,0.759,0.000,0.00,0.00,68.112,0
-19.25,7.94,248.38,0.5531,-0.1762,0.0392,0.8133,-3.12,-1.24,9.10,-0.12,-1.50,-3.94,9.70,0,1.70,-0.0487,0.0517,88,0.759,0.000,0.00,0.00,68.112,0
phase1 acc_mag=9.646 gravity=9.675 motion=0.028 moving_avg=0.103 rms=0.130 mean_rms=0.121 max_rms=0.141 min_rms=0.102 std=0.012 var=0.000 state=standing thr=0.146/0.350/0.850
-19.25,7.94,248.44,0.5532,-0.1761,0.0396,0.8132,-3.28,-1.24,9.06,1.12,0.75,0.88,9.71,0,1.70,-0.0485,0.0519,88,0.759,0.000,0.00,0.00,68.112,0
-19.31,7.94,248.38,0.5529,-0.1764,0.0396,0.8134,-3.13,-1.19,9.02,0.50,0.56,-0.31,9.62,0,1.70,-0.0486,0.0519,88,0.759,0.000,0.00,0.00,68.112,0
-19.31,8.00,248.44,0.5533,-0.1768,0.0395,0.8130,-3.19,-1.25,9.06,-1.56,0.81,1.44,9.69,0,1.70,-0.0487,0.0520,88,0.759,0.000,0.00,0.00,68.112,0
-19.31,8.00,248.44,0.5533,-0.1769,0.0392,0.8130,-3.22,-1.26,9.22,1.81,-0.38,-1.62,9.85,0,1.70,-0.0489,0.0519,88,0.759,0.000,0.00,0.00,68.112,0
phase1 acc_mag=9.628 gravity=9.678 motion=0.050 moving_avg=0.097 rms=0.125 mean_rms=0.126 max_rms=0.141 min_rms=0.111 std=0.010 var=0.000 state=standing thr=0.146/0.350/0.850
-19.44,8.06,248.31,0.5523,-0.1780,0.0393,0.8135,-3.23,-1.30,9.08,-2.44,1.31,0.56,9.72,0,1.70,-0.0492,0.0521,88,0.759,0.000,0.00,0.00,68.112,0
-19.50,8.06,248.31,0.5522,-0.1783,0.0396,0.8135,-3.28,-1.39,9.22,-0.50,0.06,-1.44,9.88,0,1.70,-0.0493,0.0523,88,0.759,0.000,0.00,0.00,68.112,0
-19.44,8.00,248.38,0.5526,-0.1780,0.0400,0.8132,-3.25,-1.21,8.87,-0.88,1.06,2.12,9.52,0,1.70,-0.0491,0.0524,88,0.759,0.000,0.00,0.00,68.112,0
-19.56,8.00,248.31,0.5522,-0.1785,0.0403,0.8134,-3.29,-1.31,9.06,0.31,-0.06,-0.25,9.73,0,1.70,-0.0492,0.0525,88,0.759,0.000,0.00,0.00,68.112,0
phase1 acc_mag=9.865 gravity=9.680 motion=0.185 moving_avg=0.100 rms=0.129 mean_rms=0.129 max_rms=0.141 min_rms=0.114 std=0.007 var=0.000 state=standing thr=0.144/0.350/0.850
-19.50,7.94,248.38,0.5526,-0.1779,0.0407,0.8132,-3.30,-1.27,9.16,-0.56,0.44,-1.19,9.82,0,1.70,-0.0489,0.0526,88,0.759,0.000,0.00,0.00,68.112,0
-19.50,8.00,248.38,0.5526,-0.1785,0.0403,0.8131,-3.27,-1.30,9.11,-1.44,1.06,-0.88,9.77,0,1.70,-0.0492,0.0526,88,0.759,0.000,0.00,0.00,68.112,0
-19.50,8.00,248.44,0.5530,-0.1782,0.0402,0.8129,-3.20,-1.22,9.06,0.19,-2.56,-1.50,9.69,0,1.70,-0.0491,0.0525,88,0.759,0.000,0.00,0.00,68.112,0
-19.44,8.00,248.38,0.5529,-0.1780,0.0399,0.8130,-3.15,-1.26,8.92,0.88,0.31,-0.25,9.54,0,1.70,-0.0491,0.0523,88,0.759,0.000,0.00,0.00,68.112,0
phase1 acc_mag=9.569 gravity=9.676 motion=0.107 moving_avg=0.085 rms=0.105 mean_rms=0.129 max_rms=0.141 min_rms=0.105 std=0.008 var=0.000 state=standing thr=0.144/0.350/0.850
-19.50,8.06,248.38,0.5527,-0.1785,0.0397,0.8130,-3.29,-1.33,9.08,-2.12,1.38,0.38,9.75,0,1.70,-0.0493,0.0524,88,0.759,0.000,0.00,0.00,68.112,0
-19.50,8.19,248.44,0.5533,-0.1791,0.0390,0.8126,-3.26,-1.34,8.97,-2.25,0.62,-1.50,9.64,0,1.70,-0.0496,0.0523,88,0.759,0.000,0.00,0.00,68.112,0
-19.50,8.19,248.50,0.5536,-0.1789,0.0390,0.8124,-3.18,-1.30,9.08,1.00,-0.50,0.38,9.71,0,1.70,-0.0495,0.0523,88,0.759,0.000,0.00,0.00,68.112,0
-19.50,8.12,248.44,0.5533,-0.1787,0.0392,0.8126,-3.21,-1.33,9.14,-0.38,-0.06,-0.88,9.78,0,1.70,-0.0494,0.0523,88,0.759,0.000,0.00,0.00,68.112,0
phase1 acc_mag=9.579 gravity=9.681 motion=0.102 moving_avg=0.076 rms=0.096 mean_rms=0.121 max_rms=0.132 min_rms=0.094 std=0.013 var=0.000 state=standing thr=0.148/0.350/0.850
-19.44,8.12,248.50,0.5533,-0.1785,0.0392,0.8126,-3.07,-1.22,9.10,1.00,-2.25,-1.06,9.68,0,1.70,-0.0493,0.0523,88,0.759,0.000,0.00,0.00,68.112,0
-19.50,8.12,248.44,0.5532,-0.1788,0.0395,0.8127,-3.14,-1.23,8.99,0.25,0.12,-0.88,9.60,0,1.70,-0.0494,0.0524,88,0.759,0.000,0.00,0.00,68.112,0
-19.38,8.12,248.69,0.5547,-0.1779,0.0394,0.8118,-3.11,-1.31,9.26,2.62,-1.94,-3.94,9.86,0,1.70,-0.0490,0.0523,88,0.759,0.000,0.00,0.00,68.112,0
-19.25,7.88,248.75,0.5557,-0.1761,0.0402,0.8116,-3.15,-1.07,8.83,-2.81,1.31,-0.31,9.44,0,1.70,-0.0482,0.0522,88,0.759,0.000,0.00,0.00,68.112,0
phase1 acc_mag=9.609 gravity=9.675 motion=0.067 moving_avg=0.079 rms=0.099 mean_rms=0.114 max_rms=0.132 min_rms=0.094 std=0.015 var=0.000 state=standing thr=0.145/0.350/0.850
-19.31,8.00,248.75,0.5553,-0.1767,0.0399,0.8116,-3.17,-1.22,9.11,-2.19,0.75,1.81,9.72,0,1.70,-0.0485,0.0522,88,0.759,0.000,0.00,0.00,68.112,0
-19.31,7.94,248.62,0.5546,-0.1765,0.0400,0.8122,-3.31,-1.30,9.13,2.06,-1.50,1.19,9.80,0,1.70,-0.0485,0.0522,88,0.759,0.000,0.00,0.00,68.112,0
-19.12,7.75,248.62,0.5549,-0.1744,0.0407,0.8124,-3.07,-1.21,9.28,1.31,-1.12,0.62,9.85,0,1.70,-0.0476,0.0519,88,0.759,0.000,0.00,0.00,68.112,0
-19.25,7.81,248.56,0.5543,-0.1757,0.0403,0.8126,-3.23,-1.08,8.94,0.25,-1.50,-0.69,9.57,0,1.70,-0.0482,0.0521,88,0.759,0.000,0.00,0.00,68.112,0
phase1 acc_mag=9.599 gravity=9.674 motion=0.074 moving_avg=0.082 rms=0.102 mean_rms=0.109 max_rms=0.131 min_rms=0.094 std=0.014 var=0.000 state=standing thr=0.137/0.350/0.850
-19.19,7.81,248.50,0.5540,-0.1754,0.0401,0.8129,-3.16,-1.33,9.18,-0.62,0.81,1.62,9.80,0,1.70,-0.0482,0.0519,88,0.759,0.000,0.00,0.00,68.112,0
-19.25,7.81,248.50,0.5535,-0.1758,0.0404,0.8131,-3.32,-1.33,9.06,-1.12,0.94,-0.56,9.74,0,1.70,-0.0482,0.0521,88,0.759,0.000,0.00,0.00,68.112,0
-19.25,7.75,248.38,0.5529,-0.1757,0.0405,0.8135,-3.19,-1.17,9.00,2.44,-0.94,0.75,9.62,0,1.70,-0.0482,0.0520,88,0.759,0.000,0.00,0.00,68.112,0
phase1 acc_mag=9.781 gravity=9.675 motion=0.106 moving_avg=0.086 rms=0.103 mean_rms=0.103 max_rms=0.129 min_rms=0.094 std=0.010 var=0.000 state=standing thr=0.122/0.350/0.850
-19.25,7.75,248.44,0.5532,-0.1754,0.0408,0.8134,-3.25,-1.18,9.15,-0.56,1.06,-0.50,9.78,0,1.70,-0.0480,0.0521,88,0.759,0.000,0.00,0.00,68.112,0
-19.31,7.81,248.44,0.5534,-0.1761,0.0405,0.8130,-3.27,-1.17,8.91,0.06,-0.12,0.94,9.56,0,1.70,-0.0483,0.0522,88,0.759,0.000,0.00,0.00,68.112,0
-19.19,7.75,248.56,0.5542,-0.1749,0.0406,0.8127,-3.00,-1.18,8.88,3.06,-4.12,-3.12,9.45,0,1.70,-0.0479,0.0520,88,0.759,0.000,0.00,0.00,68.112,0
-19.00,7.62,248.75,0.5559,-0.1729,0.0406,0.8121,-3.03,-1.24,9.06,-1.06,-0.25,0.00,9.63,0,1.70,-0.0471,0.0517,88,0.759,0.000,0.00,0.00,68.112,0
phase1 acc_mag=9.598 gravity=9.668 motion=0.070 moving_avg=0.093 rms=0.112 mean_rms=0.101 max_rms=0.112 min_rms=0.094 std=0.006 var=0.000 state=standing thr=0.114/0.350/0.850
-19.12,7.75,248.62,0.5550,-0.1742,0.0404,0.8124,-3.18,-1.26,8.93,-1.56,0.88,0.50,9.56,0,1.70,-0.0476,0.0518,88,0.759,0.000,0.00,0.00,68.112,0
-19.06,7.69,248.69,0.5551,-0.1738,0.0405,0.8124,-3.13,-1.22,9.41,-1.81,1.25,0.88,9.99,0,1.70,-0.0475,0.0518,88,0.759,0.000,0.00,0.00,68.112,0
-19.25,7.88,248.56,0.5541,-0.1759,0.0400,0.8126,-3.22,-1.30,9.07,-2.12,1.44,1.81,9.71,0,1.70,-0.0483,0.0520,88,0.759,0.000,0.00,0.00,68.112,0
-19.31,7.88,248.56,0.5540,-0.1763,0.0402,0.8127,-3.27,-1.24,9.19,-0.50,-0.25,-1.50,9.83,0,1.70,-0.0484,0.0521,88,0.759,0.000,0.00,0.00,68.112,0
phase1 acc_mag=9.837 gravity=9.672 motion=0.165 moving_avg=0.103 rms=0.121 mean_rms=0.105 max_rms=0.121 min_rms=0.095 std=0.008 var=0.000 state=standing thr=0.122/0.350/0.850
-19.31,7.88,248.44,0.5534,-0.1768,0.0402,0.8129,-3.32,-1.29,9.15,-2.62,2.06,0.50,9.82,0,1.70,-0.0486,0.0522,88,0.759,0.000,0.00,0.00,68.112,0
-19.38,7.88,248.50,0.5538,-0.1766,0.0403,0.8127,-3.37,-1.15,9.11,2.44,-1.12,-1.12,9.78,0,1.70,-0.0485,0.0522,88,0.759,0.000,0.00,0.00,68.112,0
-18.94,7.81,248.56,0.5547,-0.1728,0.0389,0.8129,-2.70,-1.27,9.39,1.75,-6.75,-1.88,9.85,0,1.70,-0.0475,0.0510,88,0.759,0.000,0.00,0.00,68.112,0
phase1 acc_mag=9.771 gravity=9.669 motion=0.101 moving_avg=0.111 rms=0.132 mean_rms=0.112 max_rms=0.132 min_rms=0.099 std=0.011 var=0.000 state=standing thr=0.135/0.350/0.850
-18.81,7.62,248.56,0.5546,-0.1715,0.0395,0.8133,-3.17,-1.23,9.16,1.19,1.06,1.44,9.77,0,1.70,-0.0470,0.0509,88,0.759,0.000,0.00,0.00,68.112,0
-19.00,7.81,248.56,0.5544,-0.1741,0.0391,0.8129,-3.24,-1.27,9.19,-1.62,1.25,0.94,9.83,0,1.70,-0.0479,0.0513,88,0.759,0.000,0.00,0.00,68.112,0
-19.00,7.88,248.56,0.5541,-0.1742,0.0390,0.8131,-3.41,-1.26,8.95,1.12,-1.06,0.19,9.66,0,1.70,-0.0480,0.0513,88,0.759,0.000,0.00,0.00,68.112,0
-18.88,7.81,248.56,0.5548,-0.1725,0.0388,0.8130,-3.10,-1.14,9.15,3.75,-2.88,-1.94,9.73,0,1.70,-0.0475,0.0509,88,0.759,0.000,0.00,0.00,68.112,0
phase1 acc_mag=9.640 gravity=9.664 motion=0.024 moving_avg=0.104 rms=0.125 mean_rms=0.118 max_rms=0.132 min_rms=0.099 std=0.011 var=0.000 state=standing thr=0.140/0.350/0.850
-18.81,7.75,248.62,0.5549,-0.1722,0.0390,0.8129,-3.23,-1.25,9.04,0.00,0.00,0.62,9.68,0,1.70,-0.0474,0.0509,88,0.759,0.000,0.00,0.00,68.112,0
-18.88,7.81,248.62,0.5551,-0.1730,0.0388,0.8127,-3.12,-1.28,8.99,-0.56,1.00,0.06,9.60,0,1.70,-0.0476,0.0510,88,0.759,0.000,0.00,0.00,68.112,0
-18.94,7.81,248.56,0.5544,-0.1736,0.0390,0.8130,-3.24,-1.21,9.17,0.38,-0.50,0.38,9.80,0,1.70,-0.0478,0.0512,88,0.759,0.000,0.00,0.00,68.112,0
-18.94,7.81,248.56,0.5548,-0.1732,0.0390,0.8128,-3.04,-1.31,8.84,-0.75,1.38,-1.00,9.44,0,1.70,-0.0477,0.0511,88,0.759,0.000,0.00,0.00,68.112,0
phase1 acc_mag=10.077 gravity=9.671 motion=0.406 moving_avg=0.103 rms=0.129 mean_rms=0.122 max_rms=0.132 min_rms=0.104 std=0.009 var=0.000 state=standing thr=0.139/0.350/0.850
-19.00,7.88,248.62,0.5551,-0.1741,0.0387,0.8125,-3.04,-1.16,9.13,-2.12,1.88,0.31,9.69,0,1.70,-0.0480,0.0512,88,0.759,0.000,0.00,0.00,68.112,0
-18.88,7.88,248.81,0.5563,-0.1733,0.0385,0.8118,-3.13,-1.19,9.18,3.06,-2.25,-2.50,9.77,0,1.70,-0.0477,0.0511,88,0.759,0.000,0.00,0.00,68.112,0
-18.88,8.06,249.00,0.5577,-0.1739,0.0377,0.8107,-3.00,-1.37,9.11,-2.31,-0.06,-2.81,9.69,0,1.70,-0.0480,0.0510,88,0.759,0.000,0.00,0.00,68.112,0
phase1 acc_mag=9.775 gravity=9.678 motion=0.097 moving_avg=0.102 rms=0.130 mean_rms=0.126 max_rms=0.133 min_rms=0.112 std=0.006 var=0.000 state=standing thr=0.139/0.350/0.850
-18.75,8.12,249.19,0.5592,-0.1735,0.0367,0.8099,-3.01,-1.29,9.21,-0.81,-0.81,-0.88,9.77,0,1.70,-0.0480,0.0507,88,0.759,0.000,0.00,0.00,68.112,0
-18.81,8.19,249.19,0.5588,-0.1738,0.0366,0.8100,-3.20,-1.19,9.09,-0.50,0.69,2.06,9.71,0,1.70,-0.0481,0.0507,88,0.759,0.000,0.00,0.00,68.112,0
-18.69,8.06,249.19,0.5592,-0.1721,0.0367,0.8101,-3.08,-1.24,9.20,4.19,-3.56,-2.69,9.78,0,1.70,-0.0476,0.0504,88,0.759,0.000,0.00,0.00,68.112,0
-18.44,8.00,249.44,0.5612,-0.1706,0.0366,0.8091,-3.00,-1.26,9.26,-0.81,-0.69,0.19,9.82,0,1.70,-0.0470,0.0501,88,0.759,0.000,0.00,0.00,68.112,0
phase1 acc_mag=9.816 gravity=9.670 motion=0.146 moving_avg=0.093 rms=0.121 mean_rms=0.127 max_rms=0.133 min_rms=0.120 std=0.005 var=0.000 state=standing thr=0.137/0.350/0.850
-18.50,8.00,249.38,0.5606,-0.1711,0.0367,0.8094,-3.19,-1.30,9.21,-1.50,0.88,1.75,9.83,0,1.70,-0.0472,0.0502,88,0.759,0.000,0.00,0.00,68.112,0
-18.50,8.00,249.38,0.5604,-0.1709,0.0366,0.8096,-3.06,-1.30,9.07,-0.25,-1.25,-0.88,9.66,0,1.70,-0.0471,0.0502,88,0.759,0.000,0.00,0.00,68.112,0
-18.50,8.00,249.31,0.5600,-0.1713,0.0365,0.8098,-3.10,-1.36,9.31,-1.88,0.69,1.62,9.91,0,1.70,-0.0473,0.0502,88,0.759,0.000,0.00,0.00,68.112,0
-18.62,8.25,249.38,0.5603,-0.1730,0.0356,0.8093,-3.14,-1.20,8.83,-1.69,-0.44,-3.56,9.45,0,1.70,-0.0480,0.0503,88,0.759,0.000,0.00,0.00,68.112,0
phase1 acc_mag=9.635 gravity=9.679 motion=0.044 moving_avg=0.097 rms=0.124 mean_rms=0.124 max_rms=0.133 min_rms=0.111 std=0.006 var=0.000 state=standing thr=0.137/0.350/0.850
-18.50,8.38,249.62,0.5620,-0.1727,0.0345,0.8082,-3.15,-1.37,9.22,-0.62,0.44,-1.31,9.84,0,1.70,-0.0481,0.0500,88,0.759,0.000,0.00,0.00,68.112,0
-18.56,8.44,249.56,0.5616,-0.1736,0.0343,0.8082,-3.05,-1.27,8.89,-0.56,1.31,2.00,9.48,0,1.70,-0.0484,0.0501,88,0.759,0.000,0.00,0.00,68.112,0
-18.69,8.50,249.44,0.5605,-0.1749,0.0342,0.8088,-3.10,-1.37,9.04,-0.44,1.19,1.88,9.65,0,1.70,-0.0489,0.0503,88,0.759,0.000,0.00,0.00,68.112,0
-18.88,8.56,249.38,0.5600,-0.1768,0.0347,0.8087,-3.40,-1.29,8.78,-1.56,4.50,-1.69,9.50,0,1.70,-0.0494,0.0508,88,0.759,0.000,0.00,0.00,68.112,0
phase1 acc_mag=9.434 gravity=9.689 motion=0.255 moving_avg=0.106 rms=0.134 mean_rms=0.124 max_rms=0.134 min_rms=0.111 std=0.006 var=0.000 state=standing thr=0.137/0.350/0.850
-18.94,8.69,249.44,0.5604,-0.1772,0.0344,0.8083,-3.26,-1.30,9.49,-2.00,1.19,-2.00,10.12,0,1.70,-0.0496,0.0508,88,0.759,0.000,0.00,0.00,68.112,0
-18.88,8.62,249.44,0.5607,-0.1767,0.0344,0.8083,-3.22,-1.47,9.19,0.44,-0.50,-1.75,9.85,0,1.70,-0.0494,0.0507,88,0.759,0.000,0.00,0.00,68.112,0
-18.81,8.50,249.50,0.5608,-0.1757,0.0349,0.8083,-3.14,-1.27,9.03,1.69,-0.44,1.06,9.64,0,1.70,-0.0490,0.0507,88,0.759,0.000,0.00,0.00,68.112,0
-18.94,8.50,249.31,0.5598,-0.1764,0.0352,0.8089,-2.93,-1.37,9.37,-1.62,1.50,1.75,9.91,0,1.70,-0.0492,0.0509,88,0.759,0.000,0.00,0.00,68.112,0
phase1 acc_mag=9.632 gravity=9.690 motion=0.059 moving_avg=0.118 rms=0.151 mean_rms=0.131 max_rms=0.157 min_rms=0.111 std=0.014 var=0.000 state=standing thr=0.158/0.358/0.858
-19.12,8.62,249.31,0.5591,-0.1782,0.0353,0.8089,-3.11,-1.31,9.02,1.81,-0.88,1.44,9.63,0,1.70,-0.0498,0.0513,88,0.759,0.000,0.00,0.00,68.112,0
-19.06,8.50,249.31,0.5594,-0.1772,0.0358,0.8089,-3.16,-1.38,8.96,-1.44,0.62,-1.44,9.60,0,1.70,-0.0493,0.0512,88,0.759,0.000,0.00,0.00,68.112,0
-19.00,8.50,249.31,0.5593,-0.1771,0.0358,0.8090,-3.23,-1.39,9.14,-0.62,0.88,1.06,9.79,0,1.70,-0.0493,0.0512,88,0.759,0.000,0.00,0.00,68.112,0
-19.06,8.50,249.19,0.5588,-0.1771,0.0358,0.8094,-3.08,-1.36,9.02,1.94,-2.25,-1.19,9.63,0,1.70,-0.0493,0.0512,88,0.759,0.000,0.00,0.00,68.112,0
phase1 acc_mag=9.775 gravity=9.686 motion=0.089 moving_avg=0.120 rms=0.152 mean_rms=0.135 max_rms=0.157 min_rms=0.111 std=0.016 var=0.000 state=standing thr=0.167/0.367/0.867
-19.06,8.50,249.19,0.5586,-0.1773,0.0356,0.8095,-3.13,-1.26,9.03,-0.25,0.06,0.81,9.64,0,1.70,-0.0495,0.0511,88,0.759,0.000,0.00,0.00,68.112,0
-19.06,8.56,249.25,0.5588,-0.1777,0.0353,0.8092,-3.15,-1.42,8.98,-2.62,1.25,-0.25,9.62,0,1.70,-0.0496,0.0512,88,0.759,0.000,0.00,0.00,68.112,0
-19.06,8.62,249.19,0.5588,-0.1778,0.0350,0.8093,-3.13,-1.40,9.13,0.12,0.25,0.88,9.75,0,1.70,-0.0497,0.0511,88,0.759,0.000,0.00,0.00,68.112,0
phase1 acc_mag=9.608 gravity=9.686 motion=0.079 moving_avg=0.117 rms=0.151 mean_rms=0.142 max_rms=0.157 min_rms=0.111 std=0.015 var=0.000 state=standing thr=0.172/0.372/0.872
-19.12,8.62,249.19,0.5583,-0.1785,0.0352,0.8094,-3.15,-1.32,8.98,-1.38,1.69,1.94,9.61,0,1.70,-0.0499,0.0512,88,0.759,0.000,0.00,0.00,68.112,0
-19.12,8.62,249.31,0.5594,-0.1782,0.0354,0.8087,-3.22,-1.33,9.10,0.31,0.12,-2.88,9.74,0,1.70,-0.0497,0.0513,88,0.759,0.000,0.00,0.00,68.112,0
-19.06,8.56,249.38,0.5601,-0.1778,0.0355,0.8084,-3.10,-1.36,9.19,0.75,-0.19,0.94,9.79,0,1.70,-0.0495,0.0513,88,0.759,0.000,0.00,0.00,68.112,0
-19.06,8.62,249.44,0.5605,-0.1776,0.0353,0.8080,-3.14,-1.36,9.01,1.25,-1.62,-2.69,9.64,0,1.70,-0.0495,0.0512,88,0.759,0.000,0.00,0.00,68.112,0
phase1 acc_mag=9.710 gravity=9.684 motion=0.026 moving_avg=0.103 rms=0.137 mean_rms=0.147 max_rms=0.157 min_rms=0.124 std=0.010 var=0.000 state=standing thr=0.167/0.367/0.867
-19.06,8.56,249.44,0.5605,-0.1776,0.0355,0.8082,-3.24,-1.43,9.00,-1.56,1.81,0.31,9.67,0,1.70,-0.0494,0.0513,88,0.759,0.000,0.00,0.00,68.112,0
-19.06,8.56,249.50,0.5607,-0.1776,0.0358,0.8080,-3.19,-1.33,9.20,0.19,0.75,-0.56,9.83,0,1.70,-0.0494,0.0514,88,0.759,0.000,0.00,0.00,68.112,0
-19.12,8.62,249.44,0.5604,-0.1781,0.0356,0.8080,-3.00,-1.37,8.96,0.12,-1.06,-0.06,9.55,0,1.70,-0.0496,0.0514,88,0.759,0.000,0.00,0.00,68.112,0
-19.12,8.62,249.44,0.5602,-0.1782,0.0356,0.8081,-3.19,-1.26,8.98,-0.62,1.44,0.88,9.61,0,1.70,-0.0496,0.0515,88,0.759,0.000,0.00,0.00,68.112,0
phase1 acc_mag=9.598 gravity=9.690 motion=0.092 moving_avg=0.085 rms=0.106 mean_rms=0.146 max_rms=0.157 min_rms=0.106 std=0.011 var=0.000 state=standing thr=0.168/0.368/0.868
-19.12,8.69,249.44,0.5602,-0.1784,0.0353,0.8082,-3.10,-1.33,9.04,0.88,-1.12,-0.50,9.65,0,1.70,-0.0498,0.0514,88,0.759,0.000,0.00,0.00,68.112,0
-19.06,8.62,249.50,0.5609,-0.1781,0.0356,0.8077,-3.23,-1.29,9.07,0.12,-0.12,-1.25,9.71,0,1.70,-0.0496,0.0515,88,0.759,0.000,0.00,0.00,68.112,0
-19.06,8.62,249.56,0.5612,-0.1779,0.0354,0.8076,-3.15,-1.33,9.02,-0.25,-0.06,0.19,9.65,0,1.70,-0.0495,0.0514,88,0.759,0.000,0.00,0.00,68.112,0
phase1 acc_mag=9.756 gravity=9.689 motion=0.067 moving_avg=0.072 rms=0.087 mean_rms=0.134 max_rms=0.154 min_rms=0.085 std=0.023 var=0.001 state=standing thr=0.179/0.379/0.879
-19.06,8.62,249.50,0.5607,-0.1779,0.0354,0.8079,-3.09,-1.31,9.16,-0.62,-0.25,2.56,9.76,0,1.70,-0.0496,0.0513,88,0.759,0.000,0.00,0.00,68.112,0
-19.06,8.62,249.44,0.5603,-0.1781,0.0352,0.8081,-3.11,-1.40,9.07,0.00,-0.69,-2.44,9.69,0,1.70,-0.0497,0.0513,88,0.759,0.000,0.00,0.00,68.112,0
-19.00,8.62,249.62,0.5618,-0.1774,0.0353,0.8073,-3.23,-1.34,9.03,2.19,-0.94,-3.06,9.68,0,1.70,-0.0493,0.0513,88,0.759,0.000,0.00,0.00,68.112,0
-18.75,8.50,249.94,0.5646,-0.1744,0.0354,0.8060,-3.05,-1.33,9.17,2.88,-3.19,-4.44,9.76,0,1.70,-0.0482,0.0508,88,0.759,0.000,0.00,0.00,68.112,0
phase1 acc_mag=9.849 gravity=9.684 motion=0.165 moving_avg=0.083 rms=0.107 mean_rms=0.123 max_rms=0.153 min_rms=0.085 std=0.024 var=0.001 state=standing thr=0.171/0.371/0.871
-18.69,8.62,250.19,0.5660,-0.1750,0.0347,0.8049,-3.15,-1.31,9.09,-1.69,1.75,-1.38,9.71,0,1.70,-0.0485,0.0508,88,0.759,0.000,0.00,0.00,68.112,0
-18.75,8.69,250.06,0.5651,-0.1757,0.0344,0.8054,-3.11,-1.37,9.06,-2.88,1.38,4.12,9.68,0,1.70,-0.0488,0.0508,88,0.759,0.000,0.00,0.00,68.112,0
-18.88,8.69,249.69,0.5623,-0.1770,0.0345,0.8071,-3.16,-1.45,9.02,0.94,0.75,0.88,9.67,0,1.70,-0.0494,0.0510,88,0.759,0.000,0.00,0.00,68.112,0
-18.75,8.69,250.00,0.5648,-0.1758,0.0340,0.8056,-3.20,-1.37,9.04,2.75,-2.75,-7.00,9.69,0,1.70,-0.0490,0.0507,88,0.759,0.000,0.00,0.00,68.112,0
phase1 acc_mag=9.572 gravity=9.685 motion=0.112 moving_avg=0.085 rms=0.109 mean_rms=0.114 max_rms=0.151 min_rms=0.085 std=0.019 var=0.000 state=standing thr=0.152/0.352/0.852
-18.69,8.75,250.19,0.5661,-0.1755,0.0336,0.8047,-3.13,-1.31,9.10,-0.12,0.44,-0.44,9.71,0,1.70,-0.0489,0.0506,88,0.759,0.000,0.00,0.00,68.112,0
-18.69,8.75,250.19,0.5659,-0.1756,0.0336,0.8049,-3.01,-1.40,8.94,0.38,-0.44,1.38,9.54,0,1.70,-0.0489,0.0506,88,0.759,0.000,0.00,0.00,68.112,0
-18.94,8.69,249.81,0.5626,-0.1772,0.0346,0.8068,-3.31,-1.33,8.95,-0.62,1.12,6.88,9.63,0,1.70,-0.0494,0.0511,88,0.759,0.000,0.00,0.00,68.112,0
-18.81,8.69,249.62,0.5618,-0.1764,0.0341,0.8076,-3.10,-1.47,9.33,-0.62,-2.00,-1.25,9.94,0,1.70,-0.0493,0.0507,88,0.759,0.000,0.00,0.00,68.112,0
phase1 acc_mag=9.655 gravity=9.689 motion=0.033 moving_avg=0.087 rms=0.113 mean_rms=0.107 max_rms=0.137 min_rms=0.085 std=0.013 var=0.000 state=standing thr=0.134/0.350/0.850
-18.81,8.69,249.69,0.5622,-0.1765,0.0341,0.8073,-3.14,-1.31,8.94,-0.62,1.50,2.31,9.57,0,1.70,-0.0493,0.0507,88,0.759,0.000,0.00,0.00,68.112,0
-18.88,8.69,249.62,0.5618,-0.1769,0.0343,0.8074,-3.16,-1.38,9.03,0.88,-0.25,0.94,9.67,0,1.70,-0.0494,0.0508,88,0.759,0.000,0.00,0.00,68.112,0
-18.88,8.69,249.62,0.5612,-0.1773,0.0343,0.8077,-3.05,-1.37,9.07,-2.44,3.38,5.19,9.67,0,1.70,-0.0496,0.0509,88,0.759,0.000,0.00,0.00,68.112,0
-19.12,8.81,249.44,0.5601,-0.1791,0.0342,0.8081,-3.64,-1.35,9.38,-2.38,1.75,-4.75,10.15,0,1.70,-0.0502,0.0512,88,0.759,0.000,0.00,0.00,68.112,0
phase1 acc_mag=9.608 gravity=9.692 motion=0.084 moving_avg=0.089 rms=0.122 mean_rms=0.105 max_rms=0.122 min_rms=0.085 std=0.009 var=0.000 state=standing thr=0.123/0.350/0.850
-19.06,8.94,249.56,0.5610,-0.1794,0.0334,0.8074,-3.00,-1.37,9.15,0.44,-1.00,1.88,9.73,0,1.70,-0.0505,0.0511,88,0.759,0.000,0.00,0.00,68.112,0
-19.06,8.88,249.44,0.5604,-0.1791,0.0339,0.8079,-3.11,-1.49,9.08,1.44,0.25,1.38,9.71,0,1.70,-0.0503,0.0511,88,0.759,0.000,0.00,0.00,68.112,0
-19.12,8.81,249.44,0.5601,-0.1792,0.0341,0.8081,-3.19,-1.35,9.14,-0.06,-0.19,-0.12,9.77,0,1.70,-0.0503,0.0512,88,0.759,0.000,0.00,0.00,68.112,0
-19.12,8.81,249.31,0.5593,-0.1793,0.0344,0.8086,-3.23,-1.53,9.28,-0.12,1.06,2.00,9.94,0,1.70,-0.0503,0.0512,88,0.759,0.000,0.00,0.00,68.112,0
phase1 acc_mag=9.509 gravity=9.691 motion=0.182 moving_avg=0.086 rms=0.122 mean_rms=0.111 max_rms=0.125 min_rms=0.098 std=0.008 var=0.000 state=standing thr=0.127/0.350/0.850
-19.12,8.75,249.31,0.5595,-0.1790,0.0349,0.8085,-3.08,-1.32,9.04,-2.44,0.75,0.56,9.64,0,1.70,-0.0501,0.0513,88,0.759,0.000,0.00,0.00,68.112,0
-19.06,8.69,249.50,0.5606,-0.1784,0.0349,0.8079,-3.03,-1.19,8.64,0.75,0.12,0.00,9.23,0,1.70,-0.0498,0.0513,88,0.759,0.000,0.00,0.00,68.112,0
-19.12,8.75,249.44,0.5603,-0.1787,0.0347,0.8080,-3.47,-1.47,9.07,-0.06,0.12,-0.81,9.82,0,1.70,-0.0500,0.0513,88,0.759,0.000,0.00,0.00,68.112,0
phase1 acc_mag=9.838 gravity=9.694 motion=0.144 moving_avg=0.092 rms=0.131 mean_rms=0.116 max_rms=0.131 min_rms=0.106 std=0.008 var=0.000 state=standing thr=0.132/0.350/0.850
-19.06,8.75,249.44,0.5604,-0.1786,0.0345,0.8080,-3.11,-1.45,9.22,-1.12,0.50,-1.69,9.84,0,1.70,-0.0500,0.0512,88,0.759,0.000,0.00,0.00,68.112,0
-19.12,8.75,249.38,0.5596,-0.1791,0.0346,0.8085,-3.07,-1.36,8.95,0.19,0.25,1.25,9.56,0,1.70,-0.0502,0.0513,88,0.759,0.000,0.00,0.00,68.112,0
-19.12,8.75,249.44,0.5602,-0.1788,0.0346,0.8080,-3.13,-1.37,9.13,-0.62,0.44,-1.25,9.75,0,1.70,-0.0500,0.0513,88,0.759,0.000,0.00,0.00,68.112,0
-19.12,8.75,249.44,0.5601,-0.1789,0.0347,0.8082,-3.09,-1.41,8.89,-0.19,-0.62,1.06,9.52,0,1.70,-0.0501,0.0513,88,0.759,0.000,0.00,0.00,68.112,0
phase1 acc_mag=9.742 gravity=9.686 motion=0.056 moving_avg=0.093 rms=0.132 mean_rms=0.121 max_rms=0.133 min_rms=0.106 std=0.009 var=0.000 state=standing thr=0.139/0.350/0.850
-19.12,8.69,249.50,0.5605,-0.1786,0.0350,0.8079,-3.15,-1.32,9.01,2.69,0.12,-0.75,9.64,0,1.70,-0.0499,0.0513,88,0.759,0.000,0.00,0.00,68.112,0
-19.12,8.69,249.50,0.5607,-0.1786,0.0350,0.8077,-3.14,-1.35,9.01,-1.31,0.56,0.94,9.64,0,1.70,-0.0499,0.0514,88,0.759,0.000,0.00,0.00,68.112,0
-19.06,8.75,249.50,0.5609,-0.1785,0.0349,0.8077,-3.16,-1.29,8.89,1.31,-0.94,-0.81,9.52,0,1.70,-0.0498,0.0513,88,0.759,0.000,0.00,0.00,68.112,0
-19.06,8.75,249.56,0.5613,-0.1783,0.0350,0.8074,-3.14,-1.28,9.14,1.69,-0.25,-1.31,9.75,0,1.70,-0.0497,0.0513,88,0.759,0.000,0.00,0.00,68.112,0
phase1 acc_mag=9.822 gravity=9.684 motion=0.137 moving_avg=0.088 rms=0.126 mean_rms=0.125 max_rms=0.133 min_rms=0.112 std=0.007 var=0.000 state=standing thr=0.140/0.350/0.850
-19.06,8.75,249.62,0.5616,-0.1785,0.0349,0.8071,-3.18,-1.40,9.18,-0.62,0.81,-1.25,9.82,0,1.70,-0.0498,0.0514,88,0.759,0.000,0.00,0.00,68.112,0
-19.06,8.81,249.62,0.5616,-0.1790,0.0344,0.8071,-3.18,-1.49,8.91,-2.50,0.50,-0.69,9.58,0,1.70,-0.0500,0.0513,88,0.759,0.000,0.00,0.00,68.112,0
-19.12,9.00,249.69,0.5619,-0.1798,0.0336,0.8067,-3.17,-1.39,8.99,0.62,0.19,-1.75,9.63,0,1.70,-0.0505,0.0512,88,0.759,0.000,0.00,0.00,68.112,0
-19.12,9.00,249.69,0.5617,-0.1802,0.0337,0.8068,-3.34,-1.37,8.98,-1.31,1.00,1.69,9.68,0,1.70,-0.0506,0.0514,88,0.759,0.000,0.00,0.00,68.112,0
phase1 acc_mag=9.732 gravity=9.686 motion=0.046 moving_avg=0.089 rms=0.121 mean_rms=0.127 max_rms=0.133 min_rms=0.118 std=0.006 var=0.000 state=standing thr=0.139/0.350/0.850
-19.12,9.06,249.62,0.5616,-0.1804,0.0333,0.8068,-3.09,-1.54,8.85,-1.88,0.62,-0.62,9.50,0,1.70,-0.0507,0.0513,88,0.759,0.000,0.00,0.00,68.112,0
-19.12,9.00,249.69,0.5618,-0.1803,0.0335,0.8068,-3.25,-1.49,9.14,-0.81,-0.06,0.25,9.81,0,1.70,-0.0507,0.0513,88,0.759,0.000,0.00,0.00,68.112,0
-19.12,9.00,249.69,0.5618,-0.1803,0.0333,0.8066,-3.23,-1.45,9.14,-0.62,0.69,-0.38,9.80,0,1.70,-0.0507,0.0513,88,0.759,0.000,0.00,0.00,68.112,0
-19.12,9.06,249.75,0.5621,-0.1805,0.0331,0.8065,-3.21,-1.49,8.88,-0.19,-0.31,-0.19,9.56,0,1.70,-0.0508,0.0513,88,0.759,0.000,0.00,0.00,68.112,0
phase1 acc_mag=9.755 gravity=9.686 motion=0.069 moving_avg=0.087 rms=0.114 mean_rms=0.127 max_rms=0.133 min_rms=0.114 std=0.006 var=0.000 state=standing thr=0.139/0.350/0.850
-19.12,9.06,249.75,0.5622,-0.1803,0.0330,0.8064,-3.21,-1.39,9.03,1.25,-0.44,0.88,9.68,0,1.70,-0.0507,0.0512,88,0.759,0.000,0.00,0.00,68.112,0
-19.12,9.12,249.69,0.5619,-0.1810,0.0326,0.8065,-3.15,-1.49,9.08,-1.31,0.88,0.12,9.73,0,1.70,-0.0511,0.0512,88,0.759,0.000,0.00,0.00,68.112,0
-19.06,9.12,249.81,0.5629,-0.1802,0.0327,0.8060,-3.20,-1.49,9.21,-0.69,-1.06,-1.38,9.86,0,1.70,-0.0507,0.0511,88,0.759,0.000,0.00,0.00,68.112,0
-19.06,9.12,249.81,0.5627,-0.1802,0.0325,0.8062,-3.23,-1.52,9.03,-2.12,1.31,1.00,9.71,0,1.70,-0.0508,0.0510,88,0.759,0.000,0.00,0.00,68.112,0
phase1 acc_mag=9.656 gravity=9.694 motion=0.038 moving_avg=0.072 rms=0.088 mean_rms=0.121 max_rms=0.133 min_rms=0.088 std=0.014 var=0.000 state=standing thr=0.149/0.350/0.850
-19.06,9.19,249.81,0.5627,-0.1803,0.0322,0.8061,-3.28,-1.45,9.17,0.62,-0.56,-0.50,9.85,0,1.70,-0.0509,0.0510,88,0.759,0.000,0.00,0.00,68.112,0
-19.06,9.12,249.81,0.5627,-0.1802,0.0322,0.8061,-3.15,-1.45,9.08,-0.19,0.56,0.44,9.72,0,1.70,-0.0508,0.0509,88,0.759,0.000,0.00,0.00,68.112,0
-19.06,9.12,249.81,0.5627,-0.1802,0.0323,0.8061,-3.14,-1.40,9.01,0.94,-0.88,-2.38,9.64,0,1.70,-0.0508,0.0510,88,0.759,0.000,0.00,0.00,68.112,0
-19.06,9.25,249.88,0.5633,-0.1808,0.0319,0.8056,-3.11,-1.50,8.91,-1.12,0.50,-0.38,9.56,0,1.70,-0.0511,0.0510,88,0.759,0.000,0.00,0.00,68.112,0
phase1 acc_mag=9.789 gravity=9.703 motion=0.085 moving_avg=0.082 rms=0.098 mean_rms=0.113 max_rms=0.132 min_rms=0.087 std=0.016 var=0.000 state=standing thr=0.144/0.350/0.850
-19.06,9.19,249.81,0.5629,-0.1807,0.0320,0.8058,-3.26,-1.54,9.03,-0.62,0.69,-0.94,9.72,0,1.70,-0.0510,0.0510,88,0.759,0.000,0.00,0.00,68.112,0
-19.06,9.25,249.94,0.5635,-0.1808,0.0320,0.8055,-3.17,-1.43,9.20,0.75,-0.50,-2.31,9.84,0,1.70,-0.0511,0.0511,88,0.759,0.000,0.00,0.00,68.112,0
-19.25,9.44,249.88,0.5628,-0.1827,0.0315,0.8055,-3.10,-1.50,8.96,-2.12,0.00,0.81,9.60,0,1.70,-0.0518,0.0513,88,0.759,0.000,0.00,0.00,68.112,0
-19.25,9.44,249.88,0.5631,-0.1830,0.0313,0.8052,-3.17,-1.52,9.09,-1.62,1.50,0.38,9.75,0,1.70,-0.0519,0.0513,88,0.759,0.000,0.00,0.00,68.112,0
phase1 acc_mag=9.789 gravity=9.701 motion=0.089 moving_avg=0.088 rms=0.104 mean_rms=0.107 max_rms=0.128 min_rms=0.087 std=0.014 var=0.000 state=standing thr=0.134/0.350/0.850
-19.25,9.50,249.94,0.5634,-0.1833,0.0312,0.8051,-3.15,-1.44,9.10,-0.12,-0.12,-2.31,9.74,0,1.70,-0.0520,0.0514,88,0.759,0.000,0.00,0.00,68.112,0
-19.25,9.56,249.94,0.5635,-0.1836,0.0305,0.8049,-3.15,-1.48,9.03,-0.50,-0.94,0.69,9.68,0,1.70,-0.0522,0.0512,88,0.759,0.000,0.00,0.00,68.112,0
-19.25,9.81,250.06,0.5639,-0.1851,0.0292,0.8043,-3.23,-1.60,9.03,-3.56,0.88,-4.62,9.72,0,1.70,-0.0530,0.0511,88,0.759,0.000,0.00,0.00,68.112,0
phase1 acc_mag=9.541 gravity=9.696 motion=0.155 moving_avg=0.107 rms=0.161 mean_rms=0.105 max_rms=0.161 min_rms=0.087 std=0.015 var=0.000 state=slow thr=0.136/0.350/0.850
-19.38,10.19,250.31,0.5658,-0.1870,0.0281,0.8026,-3.61,-1.27,8.74,3.56,-0.25,0.62,9.54,0,1.70,-0.0536,0.0513,88,0.759,0.000,0.00,0.00,68.112,0
-19.44,10.12,250.25,0.5652,-0.1871,0.0284,0.8030,-3.21,-1.62,8.95,3.69,-2.38,0.00,9.65,0,1.70,-0.0537,0.0514,88,0.759,0.000,0.00,0.00,68.112,0
-19.19,9.62,250.25,0.5656,-0.1832,0.0303,0.8035,-3.17,-1.40,9.18,9.06,-4.81,1.31,9.81,0,1.70,-0.0520,0.0512,88,0.759,0.000,0.00,0.00,68.112,0
-19.12,9.44,250.25,0.5654,-0.1818,0.0314,0.8040,-3.20,-1.44,9.12,3.12,-0.38,2.94,9.77,0,1.70,-0.0514,0.0512,88,0.759,0.000,0.00,0.00,68.112,0
phase1 acc_mag=9.617 gravity=9.684 motion=0.067 moving_avg=0.114 rms=0.167 mean_rms=0.114 max_rms=0.167 min_rms=0.087 std=0.028 var=0.001 state=standing thr=0.171/0.371/0.871
-19.19,9.38,250.06,0.5643,-0.1824,0.0320,0.8046,-3.19,-1.61,9.05,-1.19,0.75,2.94,9.73,0,1.70,-0.0515,0.0515,88,0.759,0.000,0.00,0.00,68.112,0
-19.44,9.38,250.12,0.5644,-0.1844,0.0330,0.8040,-3.58,-1.35,9.03,-4.88,2.88,-1.25,9.81,0,1.70,-0.0519,0.0522,88,0.759,0.000,0.00,0.00,68.112,0
-19.56,9.44,250.12,0.5643,-0.1849,0.0333,0.8039,-3.28,-1.50,9.01,-2.06,0.75,0.06,9.71,0,1.70,-0.0519,0.0525,88,0.759,0.000,0.00,0.00,68.112,0
-19.50,9.44,250.12,0.5646,-0.1844,0.0330,0.8039,-3.23,-1.50,9.16,0.25,-1.19,-0.88,9.83,0,1.70,-0.0518,0.0522,88,0.759,0.000,0.00,0.00,68.112,0
phase1 acc_mag=9.655 gravity=9.689 motion=0.034 moving_avg=0.136 rms=0.206 mean_rms=0.135 max_rms=0.207 min_rms=0.091 std=0.041 var=0.002 state=standing thr=0.217/0.417/0.917
-19.25,9.31,250.38,0.5671,-0.1817,0.0328,0.8027,-3.30,-1.31,8.82,6.94,-6.44,-5.62,9.51,0,1.70,-0.0509,0.0517,88,0.759,0.000,0.00,0.00,68.112,0
-19.12,9.31,250.50,0.5674,-0.1815,0.0328,0.8025,-3.40,-1.45,9.00,1.69,1.00,1.88,9.73,0,1.70,-0.0508,0.0517,88,0.759,0.000,0.00,0.00,68.112,0
-19.25,9.44,250.38,0.5665,-0.1827,0.0324,0.8029,-3.14,-1.62,9.07,-0.81,1.25,2.69,9.73,0,1.70,-0.0513,0.0518,88,0.759,0.000,0.00,0.00,68.112,0
phase1 acc_mag=9.593 gravity=9.674 motion=0.081 moving_avg=0.138 rms=0.207 mean_rms=0.159 max_rms=0.209 min_rms=0.100 std=0.044 var=0.002 state=standing thr=0.246/0.446/0.946
-19.25,9.31,250.38,0.5663,-0.1821,0.0329,0.8031,-3.07,-1.46,8.97,-1.31,1.06,1.19,9.59,0,1.70,-0.0511,0.0518,88,0.759,0.000,0.00,0.00,68.112,0
-19.19,9.31,250.50,0.5673,-0.1820,0.0328,0.8025,-3.26,-1.47,9.13,0.25,-0.69,-2.81,9.81,0,1.70,-0.0510,0.0518,88,0.759,0.000,0.00,0.00,68.112,0
-19.00,9.38,250.69,0.5690,-0.1806,0.0319,0.8016,-3.08,-1.46,8.94,1.12,-1.94,-0.88,9.57,0,1.70,-0.0506,0.0513,88,0.759,0.000,0.00,0.00,68.112,0
-19.00,9.38,250.69,0.5689,-0.1808,0.0320,0.8016,-3.38,-1.52,9.24,-0.50,1.06,1.25,9.96,0,1.70,-0.0507,0.0514,88,0.759,0.000,0.00,0.00,68.112,0
phase1 acc_mag=9.616 gravity=9.676 motion=0.061 moving_avg=0.136 rms=0.208 mean_rms=0.180 max_rms=0.209 min_rms=0.104 std=0.036 var=0.001 state=standing thr=0.252/0.452/0.952
-19.06,9.38,250.69,0.5687,-0.1812,0.0320,0.8016,-3.21,-1.47,9.03,0.75,0.88,0.62,9.70,0,1.70,-0.0508,0.0515,88,0.759,0.000,0.00,0.00,68.112,0
-19.06,9.38,250.62,0.5682,-0.1813,0.0322,0.8020,-3.14,-1.50,9.04,-1.31,0.06,-1.19,9.69,0,1.70,-0.0508,0.0516,88,0.759,0.000,0.00,0.00,68.112,0
-19.06,9.44,250.75,0.5692,-0.1814,0.0320,0.8013,-3.26,-1.41,9.00,0.38,-0.06,-0.38,9.68,0,1.70,-0.0508,0.0516,88,0.759,0.000,0.00,0.00,68.112,0
-19.06,9.44,250.75,0.5690,-0.1815,0.0318,0.8014,-3.31,-1.44,9.05,-1.19,-0.81,-0.06,9.74,0,1.70,-0.0509,0.0515,88,0.759,0.000,0.00,0.00,68.112,0
phase1 acc_mag=9.567 gravity=9.681 motion=0.114 moving_avg=0.115 rms=0.168 mean_rms=0.195 max_rms=0.210 min_rms=0.161 std=0.019 var=0.000 state=standing thr=0.233/0.433/0.933
-18.88,9.56,250.75,0.5693,-0.1809,0.0304,0.8014,-3.21,-1.65,9.25,-0.69,-1.12,-1.19,9.93,0,1.70,-0.0511,0.0509,88,0.759,0.000,0.00,0.00,68.112,0
-18.94,9.62,250.69,0.5689,-0.1815,0.0300,0.8016,-3.08,-1.58,8.71,-0.75,0.62,0.25,9.37,0,1.70,-0.0514,0.0509,88,0.759,0.000,0.00,0.00,68.112,0
-19.00,9.56,250.56,0.5681,-0.1814,0.0305,0.8021,-3.16,-1.57,9.05,-0.94,2.00,1.31,9.71,0,1.70,-0.0513,0.0510,88,0.759,0.000,0.00,0.00,68.112,0
-19.00,9.50,250.62,0.5682,-0.1813,0.0310,0.8021,-3.18,-1.43,8.92,1.06,-0.88,-0.12,9.58,0,1.70,-0.0511,0.0512,88,0.759,0.000,0.00,0.00,68.112,0
phase1 acc_mag=9.641 gravity=9.696 motion=0.055 moving_avg=0.114 rms=0.167 mean_rms=0.197 max_rms=0.210 min_rms=0.167 std=0.017 var=0.000 state=standing thr=0.230/0.430/0.930
-19.00,9.50,250.56,0.5678,-0.1815,0.0310,0.8023,-3.04,-1.60,9.17,-1.88,1.06,1.38,9.79,0,1.70,-0.0512,0.0512,88,0.759,0.000,0.00,0.00,68.112,0
-19.00,9.44,250.56,0.5681,-0.1810,0.0311,0.8022,-3.33,-1.42,8.93,-0.19,-1.88,-1.31,9.64,0,1.70,-0.0510,0.0511,88,0.759,0.000,0.00,0.00,68.112,0
-18.75,9.56,250.62,0.5688,-0.1796,0.0294,0.8021,-3.22,-1.49,9.05,-2.19,-2.81,-0.88,9.72,0,1.70,-0.0509,0.0503,88,0.759,0.000,0.00,0.00,68.112,0
-18.62,9.62,250.69,0.5692,-0.1796,0.0283,0.8019,-2.99,-1.61,9.06,0.44,0.88,-0.06,9.68,0,1.70,-0.0512,0.0499,88,0.759,0.000,0.00,0.00,68.112,0
phase1 acc_mag=9.563 gravity=9.699 motion=0.136 moving_avg=0.098 rms=0.125 mean_rms=0.180 max_rms=0.210 min_rms=0.119 std=0.032 var=0.001 state=standing thr=0.245/0.445/0.945
-18.69,9.62,250.69,0.5689,-0.1800,0.0287,0.8019,-3.10,-1.38,8.94,-0.69,0.50,0.19,9.56,0,1.70,-0.0512,0.0502,88,0.759,0.000,0.00,0.00,68.112,0
-18.69,9.62,250.69,0.5690,-0.1799,0.0286,0.8019,-2.92,-1.35,8.79,0.50,-0.12,0.69,9.36,0,1.70,-0.0512,0.0501,88,0.759,0.000,0.00,0.00,68.112,0
-18.69,9.62,250.69,0.5689,-0.1801,0.0285,0.8019,-3.07,-1.56,8.83,0.56,-1.25,-1.00,9.48,0,1.70,-0.0513,0.0501,88,0.759,0.000,0.00,0.00,68.112,0
-18.69,9.62,250.69,0.5689,-0.1797,0.0284,0.8020,-3.14,-1.65,8.96,-0.19,0.06,0.75,9.64,0,1.70,-0.0512,0.0500,88,0.759,0.000,0.00,0.00,68.112,0
phase1 acc_mag=9.723 gravity=9.709 motion=0.014 moving_avg=0.103 rms=0.132 mean_rms=0.163 max_rms=0.210 min_rms=0.119 std=0.034 var=0.001 state=standing thr=0.231/0.431/0.931
-18.75,9.69,250.69,0.5688,-0.1805,0.0285,0.8019,-3.16,-1.74,9.33,-1.19,2.62,-1.00,10.00,0,1.70,-0.0514,0.0502,88,0.759,0.000,0.00,0.00,68.112,0
-18.69,9.62,250.69,0.5692,-0.1796,0.0284,0.8018,-3.25,-1.51,9.23,-0.88,-3.38,-1.38,9.90,0,1.70,-0.0511,0.0500,88,0.759,0.000,0.00,0.00,68.112,0
-18.62,9.62,250.69,0.5690,-0.1795,0.0284,0.8020,-3.14,-1.49,9.17,1.44,0.06,0.38,9.81,0,1.70,-0.0511,0.0500,88,0.759,0.000,0.00,0.00,68.112,0
-18.69,9.56,250.69,0.5691,-0.1794,0.0290,0.8019,-3.14,-1.48,9.06,-0.19,-0.62,-2.19,9.70,0,1.70,-0.0509,0.0501,88,0.759,0.000,0.00,0.00,68.112,0
phase1 acc_mag=9.532 gravity=9.704 motion=0.172 moving_avg=0.109 rms=0.137 mean_rms=0.147 max_rms=0.209 min_rms=0.119 std=0.025 var=0.001 state=standing thr=0.198/0.398/0.898
-18.69,9.56,250.81,0.5699,-0.1794,0.0291,0.8014,-3.19,-1.58,9.06,0.62,1.00,-1.00,9.73,0,1.70,-0.0509,0.0502,88,0.759,0.000,0.00,0.00,68.112,0
-18.69,9.56,250.81,0.5699,-0.1794,0.0293,0.8014,-3.02,-1.49,9.25,-0.12,0.25,0.38,9.84,0,1.70,-0.0508,0.0503,88,0.759,0.000,0.00,0.00,68.112,0
-18.94,9.69,250.75,0.5693,-0.1817,0.0297,0.8013,-3.23,-1.61,8.81,-2.38,0.88,1.06,9.52,0,1.70,-0.0515,0.0509,88,0.759,0.000,0.00,0.00,68.112,0
-18.88,9.69,250.75,0.5693,-0.1817,0.0292,0.8013,-3.16,-1.51,8.70,-1.81,0.69,0.25,9.38,0,1.70,-0.0516,0.0507,88,0.759,0.000,0.00,0.00,68.112,0
phase1 acc_mag=9.990 gravity=9.699 motion=0.291 moving_avg=0.128 rms=0.159 mean_rms=0.139 max_rms=0.172 min_rms=0.119 std=0.015 var=0.000 state=standing thr=0.170/0.370/0.870
-18.94,9.62,250.69,0.5689,-0.1815,0.0296,0.8016,-3.02,-1.44,9.06,1.75,-0.19,1.25,9.66,0,1.70,-0.0515,0.0508,88,0.759,0.000,0.00,0.00,68.112,0
-18.94,9.69,250.69,0.5690,-0.1815,0.0297,0.8015,-2.99,-1.60,8.79,2.81,-1.25,-0.19,9.42,0,1.70,-0.0514,0.0508,88,0.759,0.000,0.00,0.00,68.112,0
-18.94,9.62,250.69,0.5690,-0.1813,0.0298,0.8016,-3.17,-1.51,9.14,0.06,0.38,0.44,9.79,0,1.70,-0.0513,0.0508,88,0.759,0.000,0.00,0.00,68.112,0
-18.94,9.62,250.69,0.5691,-0.1818,0.0296,0.8014,-3.24,-1.61,9.25,-2.00,-0.19,-2.19,9.93,0,1.70,-0.0515,0.0509,88,0.759,0.000,0.00,0.00,68.112,0
phase1 acc_mag=9.627 gravity=9.704 motion=0.077 moving_avg=0.140 rms=0.173 mean_rms=0.141 max_rms=0.173 min_rms=0.119 std=0.017 var=0.000 state=standing thr=0.175/0.375/0.875
-18.88,9.69,250.75,0.5693,-0.1814,0.0295,0.8013,-3.17,-1.43,9.06,1.88,0.06,0.62,9.70,0,1.70,-0.0514,0.0508,88,0.759,0.000,0.00,0.00,68.112,0
-18.81,9.44,250.81,0.5699,-0.1797,0.0304,0.8012,-3.27,-1.57,9.06,-0.50,-0.69,-0.25,9.76,0,1.70,-0.0507,0.0507,88,0.759,0.000,0.00,0.00,68.112,0
-18.81,9.56,250.75,0.5694,-0.1804,0.0297,0.8015,-3.22,-1.56,9.11,-2.56,1.31,1.38,9.79,0,1.70,-0.0511,0.0506,88,0.759,0.000,0.00,0.00,68.112,0
phase1 acc_mag=9.739 gravity=9.701 motion=0.038 moving_avg=0.135 rms=0.167 mean_rms=0.151 max_rms=0.175 min_rms=0.124 std=0.018 var=0.000 state=standing thr=0.186/0.386/0.886
-18.81,9.56,250.75,0.5694,-0.1805,0.0295,0.8015,-3.18,-1.51,9.08,-0.62,-0.44,-0.06,9.74,0,1.70,-0.0512,0.0506,88,0.759,0.000,0.00,0.00,68.112,0
-18.81,9.62,250.75,0.5695,-0.1807,0.0291,0.8013,-3.07,-1.54,9.08,-0.19,-0.31,-0.81,9.71,0,1.70,-0.0513,0.0505,88,0.759,0.000,0.00,0.00,68.112,0
-18.75,9.56,250.81,0.5699,-0.1801,0.0294,0.8011,-3.24,-1.57,9.19,0.69,0.50,0.44,9.87,0,1.70,-0.0510,0.0505,88,0.759,0.000,0.00,0.00,68.112,0
-18.81,9.69,250.81,0.5696,-0.1810,0.0289,0.8012,-2.98,-1.49,8.76,-2.56,0.31,-0.44,9.37,0,1.70,-0.0514,0.0505,88,0.759,0.000,0.00,0.00,68.112,0
phase1 acc_mag=9.571 gravity=9.693 motion=0.123 moving_avg=0.129 rms=0.162 mean_rms=0.157 max_rms=0.175 min_rms=0.135 std=0.014 var=0.000 state=standing thr=0.186/0.386/0.886
-18.81,9.75,250.81,0.5696,-0.1812,0.0288,0.8011,-3.33,-1.45,8.99,-0.62,0.56,-0.75,9.70,0,1.70,-0.0515,0.0505,88,0.759,0.000,0.00,0.00,68.112,0
-18.69,9.75,250.88,0.5704,-0.1804,0.0282,0.8008,-3.04,-1.53,9.06,1.31,-2.19,-2.88,9.68,0,1.70,-0.0513,0.0502,88,0.759,0.000,0.00,0.00,68.112,0
-18.62,9.75,251.00,0.5709,-0.1799,0.0280,0.8006,-2.95,-1.47,8.98,-0.94,1.00,2.44,9.57,0,1.70,-0.0512,0.0501,88,0.759,0.000,0.00,0.00,68.112,0
-18.62,9.81,251.00,0.5712,-0.1804,0.0278,0.8003,-3.10,-1.75,9.05,-1.50,1.25,-1.75,9.72,0,1.70,-0.0514,0.0501,88,0.759,0.000,0.00,0.00,68.112,0
phase1 acc_mag=9.702 gravity=9.713 motion=0.011 moving_avg=0.121 rms=0.156 mean_rms=0.161 max_rms=0.175 min_rms=0.138 std=0.010 var=0.000 state=standing thr=0.182/0.382/0.882
-18.62,9.75,251.06,0.5715,-0.1801,0.0280,0.8002,-3.05,-1.58,8.90,-0.19,0.19,0.06,9.54,0,1.70,-0.0513,0.0501,88,0.759,0.000,0.00,0.00,68.112,0
-18.75,9.75,251.00,0.5710,-0.1807,0.0287,0.8004,-3.18,-1.45,8.98,2.12,2.12,1.38,9.64,0,1.70,-0.0513,0.0505,88,0.759,0.000,0.00,0.00,68.112,0
-18.75,9.69,251.06,0.5715,-0.1806,0.0289,0.7999,-3.18,-1.37,9.07,0.69,-1.19,-2.06,9.71,0,1.70,-0.0512,0.0505,88,0.759,0.000,0.00,0.00,68.112,0
-18.69,9.75,251.06,0.5716,-0.1805,0.0284,0.7999,-3.10,-1.53,8.98,-1.94,1.06,0.75,9.62,0,1.70,-0.0513,0.0504,88,0.759,0.000,0.00,0.00,68.112,0
phase1 acc_mag=9.632 gravity=9.707 motion=0.074 moving_avg=0.104 rms=0.131 mean_rms=0.161 max_rms=0.175 min_rms=0.131 std=0.010 var=0.000 state=standing thr=0.182/0.382/0.882
-18.75,9.88,251.06,0.5715,-0.1816,0.0280,0.7997,-3.25,-1.51,9.13,-1.56,0.62,-1.25,9.81,0,1.70,-0.0517,0.0505,88,0.759,0.000,0.00,0.00,68.112,0
-18.75,10.06,251.25,0.5727,-0.1819,0.0269,0.7989,-3.09,-1.61,9.06,1.19,-0.88,-3.00,9.71,0,1.70,-0.0520,0.0503,88,0.759,0.000,0.00,0.00,68.112,0
-18.75,10.06,251.25,0.5728,-0.1821,0.0269,0.7988,-3.13,-1.53,9.14,0.19,0.56,0.75,9.78,0,1.70,-0.0520,0.0503,88,0.759,0.000,0.00,0.00,68.112,0
phase1 acc_mag=9.445 gravity=9.707 motion=0.262 moving_avg=0.092 rms=0.115 mean_rms=0.150 max_rms=0.175 min_rms=0.110 std=0.019 var=0.000 state=standing thr=0.188/0.388/0.888
-18.75,10.06,251.19,0.5725,-0.1822,0.0267,0.7990,-2.94,-1.50,8.85,-0.56,0.25,0.50,9.45,0,1.70,-0.0521,0.0502,88,0.759,0.000,0.00,0.00,68.112,0
-18.75,10.12,251.19,0.5723,-0.1826,0.0262,0.7991,-3.17,-1.66,8.99,-0.31,0.44,-0.38,9.68,0,1.70,-0.0524,0.0502,88,0.759,0.000,0.00,0.00,68.112,0
-18.69,10.19,251.38,0.5735,-0.1824,0.0259,0.7982,-3.10,-1.70,9.02,0.44,-1.62,-3.88,9.69,0,1.70,-0.0523,0.0501,88,0.759,0.000,0.00,0.00,68.112,0
-18.69,10.19,251.44,0.5741,-0.1821,0.0259,0.7979,-3.22,-1.55,9.00,-1.44,1.44,1.12,9.68,0,1.70,-0.0522,0.0501,88,0.759,0.000,0.00,0.00,68.112,0
phase1 acc_mag=9.551 gravity=9.704 motion=0.154 moving_avg=0.091 rms=0.115 mean_rms=0.139 max_rms=0.164 min_rms=0.110 std=0.020 var=0.000 state=standing thr=0.180/0.380/0.880
-18.62,10.12,251.38,0.5735,-0.1818,0.0262,0.7983,-3.07,-1.56,9.11,0.56,0.06,0.44,9.74,0,1.70,-0.0521,0.0501,88,0.759,0.000,0.00,0.00,68.112,0
-18.75,10.25,251.38,0.5734,-0.1829,0.0258,0.7982,-3.16,-1.64,9.11,-0.38,0.12,-0.62,9.78,0,1.70,-0.0525,0.0502,88,0.759,0.000,0.00,0.00,68.112,0
-18.62,10.19,251.44,0.5744,-0.1819,0.0258,0.7977,-3.09,-1.61,9.06,0.88,-1.06,-1.25,9.71,0,1.70,-0.0521,0.0500,88,0.759,0.000,0.00,0.00,68.112,0
-18.62,10.25,251.50,0.5745,-0.1826,0.0253,0.7975,-3.17,-1.54,9.04,-0.75,0.81,0.00,9.70,0,1.70,-0.0524,0.0500,88,0.759,0.000,0.00,0.00,68.112,0
phase1 acc_mag=9.543 gravity=9.708 motion=0.164 moving_avg=0.085 rms=0.108 mean_rms=0.129 max_rms=0.157 min_rms=0.107 std=0.019 var=0.000 state=standing thr=0.167/0.367/0.867
-18.69,10.31,251.44,0.5740,-0.1829,0.0251,0.7977,-3.12,-1.64,9.10,-1.38,0.62,0.94,9.76,0,1.70,-0.0526,0.0500,88,0.759,0.000,0.00,0.00,68.112,0
-18.75,10.31,251.38,0.5735,-0.1835,0.0253,0.7980,-3.09,-1.61,9.11,-0.06,0.69,1.69,9.75,0,1.70,-0.0528,0.0502,88,0.759,0.000,0.00,0.00,68.112,0
-18.88,10.31,251.25,0.5727,-0.1841,0.0257,0.7984,-3.17,-1.59,9.05,-0.44,1.81,2.81,9.72,0,1.70,-0.0529,0.0504,88,0.759,0.000,0.00,0.00,68.112,0
-18.88,10.31,251.31,0.5728,-0.1845,0.0258,0.7982,-3.14,-1.61,9.01,0.94,-0.50,-1.75,9.68,0,1.70,-0.0530,0.0505,88,0.759,0.000,0.00,0.00,68.112,0
phase1 acc_mag=9.544 gravity=9.701 motion=0.157 moving_avg=0.076 rms=0.099 mean_rms=0.118 max_rms=0.157 min_rms=0.099 std=0.015 var=0.000 state=standing thr=0.149/0.350/0.850
-18.88,10.31,251.31,0.5728,-0.1846,0.0259,0.7982,-3.19,-1.64,9.04,-0.31,0.31,2.25,9.73,0,1.70,-0.0530,0.0506,88,0.759,0.000,0.00,0.00,68.112,0
-18.94,10.38,251.19,0.5722,-0.1849,0.0259,0.7986,-3.09,-1.63,8.98,-0.88,0.38,1.38,9.64,0,1.70,-0.0532,0.0506,88,0.759,0.000,0.00,0.00,68.112,0
-19.00,10.44,251.19,0.5721,-0.1858,0.0259,0.7985,-3.22,-1.66,9.14,0.81,-0.31,-1.00,9.83,0,1.70,-0.0534,0.0508,88,0.759,0.000,0.00,0.00,68.112,0
-19.00,10.38,251.19,0.5721,-0.1855,0.0257,0.7985,-3.10,-1.57,8.91,-0.62,-0.44,2.31,9.56,0,1.70,-0.0534,0.0507,88,0.759,0.000,0.00,0.00,68.112,0
phase1 acc_mag=9.571 gravity=9.698 motion=0.127 moving_avg=0.076 rms=0.096 mean_rms=0.108 max_rms=0.121 min_rms=0.091 std=0.009 var=0.000 state=standing thr=0.125/0.350/0.850
-18.88,10.50,251.25,0.5722,-0.1854,0.0247,0.7985,-2.88,-1.45,8.97,0.44,-3.75,-1.19,9.53,0,1.70,-0.0536,0.0503,88,0.759,0.000,0.00,0.00,68.112,0
-19.00,10.50,251.12,0.5712,-0.1864,0.0249,0.7990,-3.25,-1.71,9.01,-3.38,4.06,3.50,9.73,0,1.70,-0.0539,0.0505,88,0.759,0.000,0.00,0.00,68.112,0
-19.06,10.56,251.12,0.5715,-0.1866,0.0254,0.7987,-3.43,-0.88,9.29,3.19,-0.50,0.50,9.94,0,1.70,-0.0538,0.0508,88,0.759,0.000,0.00,0.00,68.112,0
-19.12,10.50,251.19,0.5720,-0.1869,0.0256,0.7983,-3.19,-1.74,9.13,0.62,-0.50,-1.88,9.83,0,1.70,-0.0538,0.0509,88,0.759,0.000,0.00,0.00,68.112,0
phase1 acc_mag=9.590 gravity=9.712 motion=0.122 moving_avg=0.086 rms=0.122 mean_rms=0.109 max_rms=0.126 min_rms=0.091 std=0.011 var=0.000 state=standing thr=0.130/0.350/0.850
-19.12,10.50,251.25,0.5724,-0.1868,0.0256,0.7980,-3.14,-1.65,8.96,1.38,-1.06,-1.50,9.64,0,1.70,-0.0537,0.0509,88,0.759,0.000,0.00,0.00,68.112,0
-19.06,10.50,251.38,0.5730,-0.1867,0.0256,0.7976,-3.13,-1.65,8.96,-2.25,1.06,-0.69,9.63,0,1.70,-0.0537,0.0510,88,0.759,0.000,0.00,0.00,68.112,0
-19.19,10.94,251.44,0.5734,-0.1893,0.0237,0.7968,-3.10,-1.75,9.04,-7.31,2.44,-3.56,9.72,0,1.70,-0.0549,0.0510,88,0.759,0.000,0.00,0.00,68.112,0
-19.19,11.00,251.44,0.5728,-0.1899,0.0236,0.7970,-3.20,-1.80,9.08,0.94,-0.44,2.75,9.79,0,1.70,-0.0552,0.0510,88,0.759,0.000,0.00,0.00,68.112,0
phase1 acc_mag=9.671 gravity=9.709 motion=0.037 moving_avg=0.086 rms=0.123 mean_rms=0.111 max_rms=0.126 min_rms=0.091 std=0.012 var=0.000 state=standing thr=0.134/0.350/0.850
-19.38,10.81,251.06,0.5706,-0.1906,0.0248,0.7985,-3.25,-1.82,8.87,1.81,1.56,5.81,9.62,0,1.70,-0.0552,0.0514,88,0.759,0.000,0.00,0.00,68.112,0
-19.44,10.62,251.00,0.5701,-0.1901,0.0261,0.7988,-3.27,-1.70,8.91,-2.44,1.06,0.94,9.64,0,1.70,-0.0548,0.0517,88,0.759,0.000,0.00,0.00,68.112,0
-19.38,10.62,251.00,0.5704,-0.1893,0.0264,0.7988,-3.16,-1.69,9.12,2.06,-0.75,-0.75,9.80,0,1.70,-0.0545,0.0516,88,0.759,0.000,0.00,0.00,68.112,0
-19.44,10.62,251.06,0.5707,-0.1899,0.0266,0.7984,-3.37,-1.68,8.88,1.75,0.06,-0.62,9.65,0,1.70,-0.0546,0.0519,88,0.759,0.000,0.00,0.00,68.112,0
phase1 acc_mag=9.689 gravity=9.715 motion=0.026 moving_avg=0.093 rms=0.127 mean_rms=0.114 max_rms=0.127 min_rms=0.091 std=0.013 var=0.000 state=standing thr=0.140/0.350/0.850
-19.50,10.62,251.06,0.5704,-0.1899,0.0267,0.7986,-3.18,-1.68,8.92,-1.25,1.00,0.06,9.62,0,1.70,-0.0546,0.0519,88,0.759,0.000,0.00,0.00,68.112,0
-19.50,10.62,251.06,0.5706,-0.1899,0.0268,0.7986,-3.19,-1.69,9.07,1.00,-0.69,0.00,9.76,0,1.70,-0.0545,0.0519,88,0.759,0.000,0.00,0.00,68.112,0
-19.50,10.56,250.94,0.5699,-0.1899,0.0270,0.7990,-3.66,-1.66,8.88,1.31,-1.00,2.19,9.75,0,1.70,-0.0545,0.0519,88,0.759,0.000,0.00,0.00,68.112,0
phase1 acc_mag=9.419 gravity=9.715 motion=0.296 moving_avg=0.100 rms=0.134 mean_rms=0.120 max_rms=0.134 min_rms=0.091 std=0.012 var=0.000 state=standing thr=0.144/0.350/0.850
-19.44,10.50,250.81,0.5690,-0.1893,0.0269,0.7997,-3.21,-1.65,8.70,-1.81,0.94,1.44,9.42,0,1.70,-0.0544,0.0517,88,0.759,0.000,0.00,0.00,68.112,0
-19.44,10.50,250.75,0.5682,-0.1895,0.0267,0.8003,-3.26,-1.71,9.02,-1.19,0.19,-0.50,9.74,0,1.70,-0.0546,0.0516,88,0.759,0.000,0.00,0.00,68.112,0
-19.38,10.50,250.81,0.5690,-0.1890,0.0264,0.7999,-3.19,-1.70,9.08,-0.50,-0.75,-1.19,9.77,0,1.70,-0.0545,0.0514,88,0.759,0.000,0.00,0.00,68.112,0
-19.31,10.56,251.00,0.5703,-0.1885,0.0258,0.7991,-3.14,-1.77,9.01,-0.81,-0.31,-1.94,9.70,0,1.70,-0.0544,0.0513,88,0.759,0.000,0.00,0.00,68.112,0
phase1 acc_mag=9.781 gravity=9.715 motion=0.066 moving_avg=0.088 rms=0.109 mean_rms=0.126 max_rms=0.139 min_rms=0.109 std=0.007 var=0.000 state=standing thr=0.140/0.350/0.850
-19.25,10.69,251.12,0.5714,-0.1888,0.0251,0.7983,-3.27,-1.70,8.83,-1.06,0.12,-3.00,9.57,0,1.70,-0.0545,0.0512,88,0.759,0.000,0.00,0.00,68.112,0
-19.19,10.69,251.19,0.5718,-0.1885,0.0247,0.7980,-3.10,-1.75,8.86,-1.25,0.44,0.19,9.55,0,1.70,-0.0545,0.0510,88,0.759,0.000,0.00,0.00,68.112,0
-19.19,10.62,251.19,0.5719,-0.1879,0.0252,0.7982,-3.17,-1.69,9.05,1.19,-0.25,-0.25,9.74,0,1.70,-0.0542,0.0510,88,0.759,0.000,0.00,0.00,68.112,0
-19.19,10.69,251.25,0.5720,-0.1881,0.0250,0.7980,-3.15,-1.54,8.80,0.81,-0.88,1.25,9.47,0,1.70,-0.0543,0.0510,88,0.759,0.000,0.00,0.00,68.112,0
phase1 acc_mag=9.911 gravity=9.712 motion=0.199 moving_avg=0.091 rms=0.113 mean_rms=0.123 max_rms=0.139 min_rms=0.107 std=0.010 var=0.000 state=standing thr=0.143/0.350/0.850
-19.12,10.62,251.25,0.5721,-0.1879,0.0251,0.7980,-3.20,-1.72,9.06,-0.75,-0.06,-0.56,9.76,0,1.70,-0.0542,0.0510,88,0.759,0.000,0.00,0.00,68.112,0
-19.19,10.69,251.25,0.5720,-0.1885,0.0251,0.7979,-3.12,-1.60,9.12,1.75,-0.50,0.38,9.77,0,1.70,-0.0544,0.0511,88,0.759,0.000,0.00,0.00,68.112,0
-19.19,10.69,251.25,0.5720,-0.1885,0.0251,0.7979,-3.11,-1.73,8.99,-1.06,-0.62,-0.19,9.67,0,1.70,-0.0544,0.0511,88,0.759,0.000,0.00,0.00,68.112,0
-19.25,10.75,251.25,0.5719,-0.1889,0.0247,0.7979,-3.22,-1.71,8.88,-1.44,0.69,-0.12,9.60,0,1.70,-0.0546,0.0511,88,0.759,0.000,0.00,0.00,68.112,0
phase1 acc_mag=9.643 gravity=9.718 motion=0.075 moving_avg=0.089 rms=0.109 mean_rms=0.121 max_rms=0.139 min_rms=0.107 std=0.011 var=0.000 state=standing thr=0.143/0.350/0.850
-19.19,10.69,251.25,0.5718,-0.1887,0.0249,0.7980,-3.26,-1.62,9.06,-0.62,0.81,0.94,9.76,0,1.70,-0.0545,0.0511,88,0.759,0.000,0.00,0.00,68.112,0
-19.19,10.75,251.19,0.5717,-0.1887,0.0247,0.7981,-3.07,-1.63,8.86,0.12,0.31,0.62,9.52,0,1.70,-0.0546,0.0510,88,0.759,0.000,0.00,0.00,68.112,0
-19.19,10.75,251.19,0.5717,-0.1888,0.0247,0.7981,-3.25,-1.65,9.01,-0.56,0.25,-0.94,9.72,0,1.70,-0.0546,0.0511,88,0.759,0.000,0.00,0.00,68.112,0
-19.19,10.75,251.25,0.5719,-0.1889,0.0244,0.7979,-3.17,-1.72,9.13,-1.00,1.12,0.06,9.82,0,1.70,-0.0547,0.0510,88,0.759,0.000,0.00,0.00,68.112,0
phase1 acc_mag=9.639 gravity=9.723 motion=0.084 moving_avg=0.087 rms=0.109 mean_rms=0.118 max_rms=0.139 min_rms=0.107 std=0.011 var=0.000 state=standing thr=0.140/0.350/0.850
-19.25,10.75,251.19,0.5715,-0.1891,0.0245,0.7982,-3.24,-1.73,9.11,-0.50,-0.06,0.25,9.82,0,1.70,-0.0548,0.0510,88,0.759,0.000,0.00,0.00,68.112,0
-19.25,10.75,251.19,0.5716,-0.1890,0.0246,0.7981,-3.22,-1.74,9.09,-0.88,0.38,-0.31,9.80,0,1.70,-0.0547,0.0511,88,0.759,0.000,0.00,0.00,68.112,0
-19.25,10.75,251.19,0.5713,-0.1891,0.0247,0.7983,-3.28,-1.84,9.23,-1.62,0.81,1.12,9.97,0,1.70,-0.0547,0.0511,88,0.759,0.000,0.00,0.00,68.112,0
-19.19,10.69,251.19,0.5714,-0.1885,0.0250,0.7983,-3.18,-1.71,8.99,-1.19,1.19,0.25,9.69,0,1.70,-0.0545,0.0511,88,0.759,0.000,0.00,0.00,68.112,0
phase1 acc_mag=9.677 gravity=9.727 motion=0.050 moving_avg=0.080 rms=0.099 mean_rms=0.113 max_rms=0.139 min_rms=0.099 std=0.010 var=0.000 state=standing thr=0.132/0.350/0.850
-19.25,10.69,251.19,0.5714,-0.1888,0.0252,0.7983,-3.16,-1.61,9.03,0.12,0.12,-0.69,9.70,0,1.70,-0.0545,0.0512,88,0.759,0.000,0.00,0.00,68.112,0
-19.25,10.75,251.19,0.5717,-0.1890,0.0248,0.7980,-3.16,-1.68,8.91,0.75,0.00,0.12,9.60,0,1.70,-0.0547,0.0511,88,0.759,0.000,0.00,0.00,68.112,0
-19.25,10.75,251.19,0.5715,-0.1892,0.0246,0.7981,-3.22,-1.71,8.94,-1.00,-0.06,0.38,9.65,0,1.70,-0.0548,0.0511,88,0.759,0.000,0.00,0.00,68.112,0
-19.25,10.81,251.19,0.5715,-0.1894,0.0244,0.7981,-3.28,-1.80,8.91,-0.62,-0.12,-0.50,9.66,0,1.70,-0.0549,0.0511,88,0.759,0.000,0.00,0.00,68.112,0
phase1 acc_mag=9.576 gravity=9.723 motion=0.146 moving_avg=0.086 rms=0.104 mean_rms=0.108 max_rms=0.114 min_rms=0.099 std=0.005 var=0.000 state=standing thr=0.118/0.350/0.850
-19.19,10.81,251.19,0.5717,-0.1888,0.0242,0.7980,-3.16,-1.75,9.04,-0.62,0.25,0.06,9.73,0,1.70,-0.0547,0.0509,88,0.759,0.000,0.00,0.00,68.112,0
-19.19,10.81,251.25,0.5721,-0.1887,0.0239,0.7979,-3.18,-1.75,8.98,1.81,-1.56,-0.81,9.69,0,1.70,-0.0548,0.0508,88,0.759,0.000,0.00,0.00,68.112,0
-19.12,10.88,251.25,0.5721,-0.1891,0.0235,0.7977,-3.19,-1.79,9.13,-3.50,1.25,0.38,9.84,0,1.70,-0.0550,0.0508,88,0.759,0.000,0.00,0.00,68.112,0
phase1 acc_mag=9.619 gravity=9.721 motion=0.102 moving_avg=0.084 rms=0.102 mean_rms=0.106 max_rms=0.114 min_rms=0.099 std=0.005 var=0.000 state=standing thr=0.117/0.350/0.850
-19.12,10.88,251.25,0.5721,-0.1891,0.0234,0.7977,-3.27,-1.62,8.90,1.12,-0.25,-0.50,9.62,0,1.70,-0.0550,0.0508,88,0.759,0.000,0.00,0.00,68.112,0
-19.19,10.81,251.12,0.5713,-0.1889,0.0237,0.7984,-3.15,-1.75,8.98,-0.81,1.88,4.56,9.68,0,1.70,-0.0549,0.0507,88,0.759,0.000,0.00,0.00,68.112,0
-19.19,10.75,251.06,0.5710,-0.1890,0.0244,0.7985,-3.27,-1.78,8.89,0.00,0.94,-0.88,9.64,0,1.70,-0.0548,0.0510,88,0.759,0.000,0.00,0.00,68.112,0
-19.19,10.75,251.19,0.5715,-0.1888,0.0245,0.7983,-3.19,-1.78,9.03,0.56,-0.12,-1.00,9.74,0,1.70,-0.0547,0.0510,88,0.759,0.000,0.00,0.00,68.112,0
phase1 acc_mag=9.693 gravity=9.722 motion=0.029 moving_avg=0.086 rms=0.106 mean_rms=0.105 max_rms=0.110 min_rms=0.099 std=0.005 var=0.000 state=standing thr=0.114/0.350/0.850
-19.19,10.75,251.25,0.5720,-0.1887,0.0244,0.7979,-3.20,-1.71,8.97,1.00,-0.88,-2.12,9.68,0,1.70,-0.0547,0.0509,88,0.759,0.000,0.00,0.00,68.112,0
-19.19,10.75,251.25,0.5721,-0.1886,0.0247,0.7979,-3.16,-1.76,8.73,-0.94,1.25,0.88,9.45,0,1.70,-0.0545,0.0510,88,0.759,0.000,0.00,0.00,68.112,0
-19.19,10.75,251.25,0.5722,-0.1884,0.0247,0.7978,-3.11,-1.65,9.00,-0.62,0.31,0.50,9.66,0,1.70,-0.0545,0.0510,88,0.759,0.000,0.00,0.00,68.112,0
-19.19,10.81,251.25,0.5721,-0.1889,0.0243,0.7977,-3.25,-1.69,9.05,0.94,-0.62,0.00,9.76,0,1.70,-0.0547,0.0510,88,0.759,0.000,0.00,0.00,68.112,0
phase1 acc_mag=9.708 gravity=9.717 motion=0.009 moving_avg=0.092 rms=0.112 mean_rms=0.105 max_rms=0.114 min_rms=0.099 std=0.005 var=0.000 state=standing thr=0.115/0.350/0.850
-19.19,10.88,251.25,0.5720,-0.1892,0.0240,0.7977,-3.20,-1.70,9.01,-0.44,-0.31,-0.31,9.71,0,1.70,-0.0549,0.0509,88,0.759,0.000,0.00,0.00,68.112,0
-19.19,10.81,251.25,0.5721,-0.1890,0.0240,0.7977,-3.23,-1.74,9.05,-0.38,0.25,0.69,9.77,0,1.70,-0.0548,0.0509,88,0.759,0.000,0.00,0.00,68.112,0
-19.19,10.88,251.19,0.5718,-0.1893,0.0241,0.7979,-3.28,-1.69,8.94,1.81,-0.06,-0.75,9.67,0,1.70,-0.0549,0.0510,88,0.759,0.000,0.00,0.00,68.112,0
-19.25,10.88,251.19,0.5714,-0.1897,0.0241,0.7981,-3.27,-1.78,9.12,-0.81,0.88,0.31,9.85,0,1.70,-0.0550,0.0511,88,0.759,0.000,0.00,0.00,68.112,0
phase1 acc_mag=9.592 gravity=9.705 motion=0.114 moving_avg=0.083 rms=0.105 mean_rms=0.106 max_rms=0.114 min_rms=0.100 std=0.005 var=0.000 state=standing thr=0.116/0.350/0.850
-19.25,10.81,251.19,0.5716,-0.1893,0.0245,0.7980,-3.22,-1.82,9.11,0.44,0.62,0.75,9.83,0,1.70,-0.0548,0.0511,88,0.759,0.000,0.00,0.00,68.112,0
-19.31,10.81,251.19,0.5714,-0.1900,0.0247,0.7980,-3.26,-1.76,9.05,-1.94,1.50,0.44,9.78,0,1.70,-0.0550,0.0513,88,0.759,0.000,0.00,0.00,68.112,0
-19.31,10.81,251.19,0.5714,-0.1899,0.0248,0.7980,-3.27,-1.81,9.07,0.19,-0.38,-1.06,9.81,0,1.70,-0.0550,0.0513,88,0.759,0.000,0.00,0.00,68.112,0
-19.38,10.81,251.12,0.5712,-0.1900,0.0250,0.7982,-3.15,-1.68,8.91,-0.38,0.69,2.12,9.60,0,1.70,-0.0550,0.0514,88,0.759,0.000,0.00,0.00,68.112,0
phase1 acc_mag=9.646 gravity=9.713 motion=0.067 moving_avg=0.083 rms=0.104 mean_rms=0.107 max_rms=0.114 min_rms=0.101 std=0.005 var=0.000 state=standing thr=0.116/0.350/0.850
-19.38,10.75,251.12,0.5709,-0.1900,0.0252,0.7983,-3.19,-1.68,9.04,1.06,-0.44,1.19,9.73,0,1.70,-0.0549,0.0514,88,0.759,0.000,0.00,0.00,68.112,0
-19.38,10.75,251.12,0.5709,-0.1899,0.0253,0.7984,-3.19,-1.65,9.04,0.75,-0.62,-0.94,9.73,0,1.70,-0.0549,0.0514,88,0.759,0.000,0.00,0.00,68.112,0
-19.38,10.75,251.12,0.5713,-0.1898,0.0253,0.7982,-3.20,-1.72,9.01,0.56,-1.00,-1.31,9.71,0,1.70,-0.0548,0.0514,88,0.759,0.000,0.00,0.00,68.112,0
-19.31,10.75,251.12,0.5712,-0.1898,0.0252,0.7982,-3.14,-1.81,9.01,-0.25,0.44,0.00,9.71,0,1.70,-0.0548,0.0514,88,0.759,0.000,0.00,0.00,68.112,0
phase1 acc_mag=9.803 gravity=9.712 motion=0.091 moving_avg=0.077 rms=0.098 mean_rms=0.106 max_rms=0.114 min_rms=0.098 std=0.005 var=0.000 state=standing thr=0.116/0.350/0.850
-19.38,10.75,251.12,0.5711,-0.1899,0.0254,0.7982,-3.22,-1.62,8.83,-0.69,0.81,1.06,9.54,0,1.70,-0.0548,0.0515,88,0.759,0.000,0.00,0.00,68.112,0
-19.38,10.75,251.12,0.5712,-0.1899,0.0253,0.7982,-3.28,-1.65,9.06,2.75,-1.00,-0.94,9.78,0,1.70,-0.0548,0.0515,88,0.759,0.000,0.00,0.00,68.112,0
-19.38,10.75,251.12,0.5712,-0.1899,0.0254,0.7982,-3.22,-1.74,9.12,-0.25,-0.38,-0.31,9.83,0,1.70,-0.0548,0.0515,88,0.759,0.000,0.00,0.00,68.112,0
-19.38,10.75,251.19,0.5714,-0.1899,0.0253,0.7980,-3.25,-1.86,8.88,-1.56,-0.06,-0.31,9.64,0,1.70,-0.0549,0.0515,88,0.759,0.000,0.00,0.00,68.112,0
phase1 acc_mag=9.748 gravity=9.710 motion=0.039 moving_avg=0.078 rms=0.097 mean_rms=0.104 max_rms=0.114 min_rms=0.095 std=0.006 var=0.000 state=standing thr=0.117/0.350/0.850
-19.38,10.88,251.12,0.5712,-0.1904,0.0247,0.7980,-3.26,-1.74,8.92,-1.62,-0.25,0.69,9.66,0,1.70,-0.0551,0.0514,88,0.759,0.000,0.00,0.00,68.112,0
-19.31,10.81,251.12,0.5710,-0.1898,0.0247,0.7983,-3.13,-1.71,9.20,0.31,0.25,1.19,9.87,0,1.70,-0.0550,0.0512,88,0.759,0.000,0.00,0.00,68.112,0
-19.31,10.75,251.12,0.5710,-0.1895,0.0247,0.7984,-3.12,-1.76,9.09,0.19,-0.75,1.06,9.77,0,1.70,-0.0549,0.0512,88,0.759,0.000,0.00,0.00,68.112,0
-19.31,10.81,251.06,0.5708,-0.1899,0.0247,0.7985,-3.31,-1.81,8.95,-0.94,1.25,0.00,9.71,0,1.70,-0.0550,0.0513,88,0.759,0.000,0.00,0.00,68.112,0
phase1 acc_mag=9.695 gravity=9.715 motion=0.020 moving_avg=0.072 rms=0.088 mean_rms=0.100 max_rms=0.111 min_rms=0.087 std=0.007 var=0.000 state=standing thr=0.115/0.350/0.850
-19.25,10.75,251.06,0.5707,-0.1895,0.0247,0.7986,-3.12,-1.61,8.96,0.19,-0.62,1.00,9.62,0,1.70,-0.0549,0.0511,88,0.759,0.000,0.00,0.00,68.112,0
-19.31,10.81,251.00,0.5704,-0.1897,0.0245,0.7988,-3.33,-1.83,9.24,0.06,0.81,0.69,9.99,0,1.70,-0.0550,0.0511,88,0.759,0.000,0.00,0.00,68.112,0
-19.38,10.81,251.00,0.5699,-0.1904,0.0246,0.7990,-3.31,-1.67,8.94,-1.38,0.75,0.62,9.68,0,1.70,-0.0552,0.0513,88,0.759,0.000,0.00,0.00,68.112,0
-19.31,10.81,251.00,0.5699,-0.1901,0.0244,0.7990,-3.23,-1.76,9.10,0.44,-0.75,-0.50,9.82,0,1.70,-0.0552,0.0511,88,0.759,0.000,0.00,0.00,68.112,0
phase1 acc_mag=9.725 gravity=9.712 motion=0.013 moving_avg=0.071 rms=0.089 mean_rms=0.097 max_rms=0.109 min_rms=0.087 std=0.007 var=0.000 state=standing thr=0.111/0.350/0.850
-19.38,10.75,251.00,0.5699,-0.1901,0.0248,0.7990,-3.24,-1.67,9.00,-0.12,0.81,0.38,9.71,0,1.70,-0.0551,0.0513,88,0.759,0.000,0.00,0.00,68.112,0
-19.38,10.81,251.00,0.5700,-0.1902,0.0247,0.7990,-3.16,-1.71,9.03,-1.19,-0.19,-0.50,9.72,0,1.70,-0.0552,0.0513,88,0.759,0.000,0.00,0.00,68.112,0
-19.31,10.81,251.06,0.5705,-0.1899,0.0246,0.7986,-3.32,-1.76,9.18,1.69,-0.62,-0.75,9.92,0,1.70,-0.0551,0.0512,88,0.759,0.000,0.00,0.00,68.112,0
-19.31,10.81,251.06,0.5705,-0.1899,0.0247,0.7986,-3.22,-1.71,8.82,0.31,-0.69,-0.44,9.54,0,1.70,-0.0550,0.0512,88,0.759,0.000,0.00,0.00,68.112,0
phase1 acc_mag=9.749 gravity=9.707 motion=0.042 moving_avg=0.073 rms=0.094 mean_rms=0.094 max_rms=0.104 min_rms=0.086 std=0.006 var=0.000 state=standing thr=0.105/0.350/0.850
-19.31,10.75,251.06,0.5707,-0.1895,0.0246,0.7986,-3.16,-1.73,9.24,1.31,-1.19,-1.00,9.92,0,1.70,-0.0549,0.0511,88,0.759,0.000,0.00,0.00,68.112,0
-19.25,10.75,251.06,0.5709,-0.1892,0.0250,0.7985,-3.18,-1.63,9.05,0.88,-0.50,0.31,9.73,0,1.70,-0.0547,0.0512,88,0.759,0.000,0.00,0.00,68.112,0
-19.31,10.81,251.06,0.5708,-0.1896,0.0246,0.7985,-3.18,-1.75,8.89,-1.69,0.19,0.44,9.60,0,1.70,-0.0550,0.0512,88,0.759,0.000,0.00,0.00,68.112,0
-19.31,10.81,251.06,0.5708,-0.1898,0.0247,0.7985,-3.14,-1.65,8.98,0.06,1.44,0.31,9.66,0,1.70,-0.0550,0.0512,88,0.759,0.000,0.00,0.00,68.112,0
phase1 acc_mag=9.644 gravity=9.708 motion=0.064 moving_avg=0.075 rms=0.099 mean_rms=0.094 max_rms=0.102 min_rms=0.086 std=0.006 var=0.000 state=standing thr=0.106/0.350/0.850
-19.31,10.75,251.12,0.5710,-0.1896,0.0247,0.7984,-3.32,-1.73,8.91,-0.12,-0.75,0.38,9.66,0,1.70,-0.0549,0.0512,88,0.759,0.000,0.00,0.00,68.112,0
-19.31,10.81,251.12,0.5709,-0.1898,0.0245,0.7984,-3.36,-1.77,8.93,0.69,-0.06,0.81,9.70,0,1.70,-0.0550,0.0512,88,0.759,0.000,0.00,0.00,68.112,0
-19.31,10.81,251.12,0.5709,-0.1900,0.0247,0.7983,-3.24,-1.64,8.95,0.12,0.88,-0.06,9.66,0,1.70,-0.0550,0.0513,88,0.759,0.000,0.00,0.00,68.112,0
-19.31,10.75,251.19,0.5714,-0.1897,0.0251,0.7980,-3.16,-1.63,8.90,0.69,-0.19,-0.50,9.58,0,1.70,-0.0548,0.0514,88,0.759,0.000,0.00,0.00,68.112,0
phase1 acc_mag=9.721 gravity=9.714 motion=0.007 moving_avg=0.073 rms=0.098 mean_rms=0.095 max_rms=0.102 min_rms=0.086 std=0.006 var=0.000 state=standing thr=0.107/0.350/0.850
-19.31,10.81,251.19,0.5714,-0.1899,0.0248,0.7980,-3.27,-1.68,8.91,0.88,-0.44,-1.00,9.64,0,1.70,-0.0549,0.0513,88,0.759,0.000,0.00,0.00,68.112,0
-19.31,10.81,251.19,0.5714,-0.1899,0.0248,0.7980,-3.24,-1.71,9.03,0.31,-0.25,0.00,9.74,0,1.70,-0.0549,0.0513,88,0.759,0.000,0.00,0.00,68.112,0
-19.31,10.81,251.19,0.5714,-0.1898,0.0250,0.7980,-3.21,-1.64,9.13,1.38,-0.12,0.06,9.82,0,1.70,-0.0549,0.0514,88,0.759,0.000,0.00,0.00,68.112,0
-19.31,10.75,251.19,0.5714,-0.1897,0.0250,0.7981,-3.22,-1.63,9.01,-0.25,-0.19,-0.19,9.71,0,1.70,-0.0549,0.0513,88,0.759,0.000,0.00,0.00,68.112,0
phase1 acc_mag=9.667 gravity=9.701 motion=0.034 moving_avg=0.079 rms=0.107 mean_rms=0.097 max_rms=0.109 min_rms=0.086 std=0.006 var=0.000 state=standing thr=0.110/0.350/0.850
-19.31,10.75,251.19,0.5716,-0.1896,0.0251,0.7980,-3.16,-1.69,8.89,-0.50,0.06,-0.38,9.59,0,1.70,-0.0548,0.0514,88,0.759,0.000,0.00,0.00,68.112,0
-19.31,10.81,251.19,0.5717,-0.1899,0.0247,0.7979,-3.12,-1.71,8.93,0.50,-0.06,0.12,9.61,0,1.70,-0.0549,0.0513,88,0.759,0.000,0.00,0.00,68.112,0
-19.25,10.81,251.25,0.5718,-0.1893,0.0248,0.7979,-3.08,-1.71,9.11,0.19,-1.19,-0.81,9.77,0,1.70,-0.0548,0.0512,88,0.759,0.000,0.00,0.00,68.112,0
-19.25,10.75,251.19,0.5718,-0.1893,0.0249,0.7979,-3.22,-1.77,9.00,-2.19,1.06,0.75,9.72,0,1.70,-0.0547,0.0513,88,0.759,0.000,0.00,0.00,68.112,0
phase1 acc_mag=9.620 gravity=9.695 motion=0.075 moving_avg=0.080 rms=0.106 mean_rms=0.099 max_rms=0.109 min_rms=0.086 std=0.006 var=0.000 state=standing thr=0.112/0.350/0.850
-19.31,10.81,251.19,0.5716,-0.1895,0.0248,0.7980,-3.29,-1.74,9.15,-0.31,-0.44,0.25,9.88,0,1.70,-0.0548,0.0512,88,0.759,0.000,0.00,0.00,68.112,0
-19.25,10.81,251.25,0.5720,-0.1895,0.0245,0.7977,-3.26,-1.87,9.07,-1.81,0.31,-0.81,9.82,0,1.70,-0.0549,0.0512,88,0.759,0.000,0.00,0.00,68.112,0
-19.25,10.88,251.25,0.5720,-0.1898,0.0241,0.7976,-3.13,-1.69,8.93,-0.19,0.12,0.25,9.61,0,1.70,-0.0550,0.0511,88,0.759,0.000,0.00,0.00,68.112,0
-19.25,10.88,251.25,0.5720,-0.1898,0.0242,0.7976,-3.20,-1.74,8.97,-0.31,0.19,0.50,9.68,0,1.70,-0.0550,0.0511,88,0.759,0.000,0.00,0.00,68.112,0
phase1 acc_mag=9.743 gravity=9.694 motion=0.049 moving_avg=0.072 rms=0.095 mean_rms=0.102 max_rms=0.110 min_rms=0.095 std=0.005 var=0.000 state=standing thr=0.113/0.350/0.850
-19.25,10.88,251.31,0.5723,-0.1896,0.0239,0.7974,-3.05,-1.68,9.05,-0.81,-0.19,-0.31,9.70,0,1.70,-0.0550,0.0510,88,0.759,0.000,0.00,0.00,68.112,0
-19.25,10.88,251.31,0.5723,-0.1898,0.0242,0.7974,-3.25,-1.71,9.03,0.19,-0.50,-0.81,9.75,0,1.70,-0.0550,0.0512,88,0.759,0.000,0.00,0.00,68.112,0
-19.25,10.94,251.31,0.5724,-0.1898,0.0237,0.7974,-2.99,-1.75,8.95,-1.56,-0.38,0.75,9.60,0,1.70,-0.0551,0.0510,88,0.759,0.000,0.00,0.00,68.112,0
-19.25,10.88,251.31,0.5724,-0.1896,0.0239,0.7974,-3.22,-1.71,9.06,-0.75,0.06,1.31,9.77,0,1.70,-0.0550,0.0510,88,0.759,0.000,0.00,0.00,68.112,0
phase1 acc_mag=9.812 gravity=9.691 motion=0.121 moving_avg=0.071 rms=0.094 mean_rms=0.101 max_rms=0.110 min_rms=0.092 std=0.006 var=0.000 state=standing thr=0.113/0.350/0.850
-19.25,10.94,251.25,0.5721,-0.1900,0.0239,0.7975,-3.18,-1.66,9.02,1.00,-0.31,-0.62,9.71,0,1.70,-0.0551,0.0511,88,0.759,0.000,0.00,0.00,68.112,0
-19.25,10.88,251.31,0.5722,-0.1898,0.0240,0.7975,-3.13,-1.76,9.02,0.69,0.00,0.81,9.71,0,1.70,-0.0550,0.0511,88,0.759,0.000,0.00,0.00,68.112,0
-19.25,10.88,251.38,0.5729,-0.1896,0.0241,0.7971,-3.20,-1.65,8.93,-0.31,0.19,-1.75,9.63,0,1.70,-0.0549,0.0511,88,0.759,0.000,0.00,0.00,68.112,0
phase1 acc_mag=9.692 gravity=9.691 motion=0.001 moving_avg=0.069 rms=0.092 mean_rms=0.100 max_rms=0.110 min_rms=0.092 std=0.007 var=0.000 state=standing thr=0.114/0.350/0.850
-19.25,10.88,251.44,0.5733,-0.1896,0.0240,0.7968,-3.18,-1.68,9.00,-1.50,0.31,-0.69,9.69,0,1.70,-0.0549,0.0512,88,0.759,0.000,0.00,0.00,68.112,0
-19.25,10.94,251.38,0.5729,-0.1901,0.0239,0.7969,-3.13,-1.76,9.04,-0.75,0.69,0.31,9.73,0,1.70,-0.0551,0.0512,88,0.759,0.000,0.00,0.00,68.112,0
-19.25,10.94,251.31,0.5723,-0.1901,0.0240,0.7974,-3.30,-1.73,8.92,-1.38,-1.12,1.12,9.67,0,1.70,-0.0551,0.0512,88,0.759,0.000,0.00,0.00,68.112,0
-19.25,10.94,251.25,0.5721,-0.1901,0.0238,0.7975,-3.14,-1.85,9.04,1.19,0.44,-0.19,9.75,0,1.70,-0.0552,0.0511,88,0.759,0.000,0.00,0.00,68.112,0
phase1 acc_mag=9.551 gravity=9.692 motion=0.141 moving_avg=0.063 rms=0.084 mean_rms=0.097 max_rms=0.110 min_rms=0.083 std=0.008 var=0.000 state=standing thr=0.113/0.350/0.850
-19.31,10.94,251.31,0.5721,-0.1904,0.0242,0.7974,-3.47,-1.71,9.07,1.00,0.38,0.38,9.86,0,1.70,-0.0552,0.0513,88,0.759,0.000,0.00,0.00,68.112,0
-19.31,10.88,251.31,0.5722,-0.1902,0.0242,0.7974,-3.09,-1.80,9.08,-0.25,-0.44,-0.25,9.76,0,1.70,-0.0551,0.0513,88,0.759,0.000,0.00,0.00,68.112,0
-19.31,10.94,251.25,0.5720,-0.1906,0.0244,0.7974,-3.29,-1.78,9.07,-0.50,0.94,0.69,9.81,0,1.70,-0.0552,0.0514,88,0.759,0.000,0.00,0.00,68.112,0
-19.38,10.88,251.25,0.5721,-0.1904,0.0245,0.7974,-3.10,-1.74,9.10,1.00,-1.06,-0.44,9.77,0,1.70,-0.0551,0.0514,88,0.759,0.000,0.00,0.00,68.112,0
phase1 acc_mag=9.666 gravity=9.701 motion=0.035 moving_avg=0.060 rms=0.077 mean_rms=0.092 max_rms=0.110 min_rms=0.076 std=0.009 var=0.000 state=standing thr=0.109/0.350/0.850
-19.31,10.81,251.31,0.5723,-0.1900,0.0250,0.7974,-3.28,-1.68,9.04,-0.44,0.81,0.88,9.76,0,1.70,-0.0549,0.0515,88,0.759,0.000,0.00,0.00,68.112,0
-19.38,10.88,251.31,0.5724,-0.1904,0.0249,0.7972,-3.24,-1.69,9.00,-0.75,1.19,-0.44,9.71,0,1.70,-0.0550,0.0515,88,0.759,0.000,0.00,0.00,68.112,0
-19.31,10.81,251.31,0.5726,-0.1900,0.0248,0.7971,-3.23,-1.80,9.02,-0.56,-0.62,-0.81,9.75,0,1.70,-0.0549,0.0514,88,0.759,0.000,0.00,0.00,68.112,0
-19.31,10.81,251.31,0.5724,-0.1899,0.0250,0.7973,-3.27,-1.76,8.95,-0.06,0.19,0.62,9.69,0,1.70,-0.0548,0.0514,88,0.759,0.000,0.00,0.00,68.112,0
phase1 acc_mag=9.824 gravity=9.708 motion=0.116 moving_avg=0.059 rms=0.077 mean_rms=0.086 max_rms=0.095 min_rms=0.075 std=0.008 var=0.000 state=standing thr=0.102/0.350/0.850
-19.31,10.88,251.38,0.5726,-0.1899,0.0247,0.7971,-3.22,-1.69,8.90,-0.44,-0.31,-1.31,9.61,0,1.70,-0.0549,0.0514,88,0.759,0.000,0.00,0.00,68.112,0
-19.31,10.81,251.31,0.5726,-0.1898,0.0248,0.7972,-3.27,-1.82,9.11,-0.12,-0.56,-0.69,9.85,0,1.70,-0.0548,0.0514,88,0.759,0.000,0.00,0.00,68.112,0
-19.25,10.81,251.38,0.5727,-0.1896,0.0248,0.7972,-3.27,-1.71,9.01,0.06,0.50,0.62,9.74,0,1.70,-0.0548,0.0513,88,0.759,0.000,0.00,0.00,68.112,0
-19.25,10.69,251.31,0.5726,-0.1890,0.0255,0.7974,-3.32,-1.71,9.08,1.00,0.75,0.81,9.82,0,1.70,-0.0544,0.0514,88,0.759,0.000,0.00,0.00,68.112,0
phase1 acc_mag=9.719 gravity=9.713 motion=0.006 moving_avg=0.066 rms=0.084 mean_rms=0.084 max_rms=0.094 min_rms=0.075 std=0.007 var=0.000 state=standing thr=0.098/0.350/0.850
-19.19,10.62,251.38,0.5728,-0.1883,0.0256,0.7974,-3.17,-1.66,9.08,1.00,-1.56,-0.88,9.76,0,1.70,-0.0542,0.0513,88,0.759,0.000,0.00,0.00,68.112,0
-19.25,10.62,251.31,0.5725,-0.1886,0.0257,0.7975,-3.17,-1.67,9.01,-0.06,0.44,0.44,9.70,0,1.70,-0.0543,0.0514,88,0.759,0.000,0.00,0.00,68.112,0
-19.19,10.62,251.38,0.5728,-0.1880,0.0258,0.7974,-3.28,-1.70,9.01,0.75,-1.00,0.00,9.74,0,1.70,-0.0541,0.0513,88,0.759,0.000,0.00,0.00,68.112,0
-19.19,10.56,251.38,0.5731,-0.1877,0.0258,0.7972,-3.21,-1.73,9.03,-0.44,-0.25,-1.62,9.74,0,1.70,-0.0540,0.0513,88,0.759,0.000,0.00,0.00,68.112,0
phase1 acc_mag=9.706 gravity=9.715 motion=0.009 moving_avg=0.069 rms=0.086 mean_rms=0.082 max_rms=0.092 min_rms=0.075 std=0.005 var=0.000 state=standing thr=0.093/0.350/0.850
-19.19,10.56,251.38,0.5731,-0.1879,0.0259,0.7972,-3.13,-1.56,8.80,1.25,-0.25,0.44,9.47,0,1.70,-0.0540,0.0513,88,0.759,0.000,0.00,0.00,68.112,0
-19.19,10.56,251.38,0.5731,-0.1876,0.0261,0.7973,-3.05,-1.71,8.88,-0.88,-0.12,-0.25,9.54,0,1.70,-0.0539,0.0513,88,0.759,0.000,0.00,0.00,68.112,0
-19.19,10.50,251.38,0.5731,-0.1873,0.0262,0.7974,-3.10,-1.65,8.82,0.56,-0.88,-0.81,9.49,0,1.70,-0.0537,0.0513,88,0.759,0.000,0.00,0.00,68.112,0
-19.12,10.50,251.38,0.5732,-0.1871,0.0259,0.7974,-3.16,-1.64,8.97,-0.94,0.19,0.19,9.65,0,1.70,-0.0537,0.0511,88,0.759,0.000,0.00,0.00,68.112,0
phase1 acc_mag=9.758 gravity=9.713 motion=0.045 moving_avg=0.071 rms=0.088 mean_rms=0.082 max_rms=0.090 min_rms=0.075 std=0.005 var=0.000 state=standing thr=0.093/0.350/0.850
-19.06,10.50,251.38,0.5731,-0.1868,0.0258,0.7975,-3.12,-1.61,8.96,-0.88,0.19,0.88,9.62,0,1.70,-0.0537,0.0511,88,0.759,0.000,0.00,0.00,68.112,0
-19.06,10.56,251.38,0.5732,-0.1869,0.0256,0.7974,-3.21,-1.59,9.10,1.31,-1.38,-1.12,9.78,0,1.70,-0.0537,0.0510,88,0.759,0.000,0.00,0.00,68.112,0
-18.88,10.50,251.44,0.5737,-0.1852,0.0250,0.7974,-2.97,-1.63,9.17,0.88,-2.62,-0.62,9.78,0,1.70,-0.0533,0.0505,88,0.759,0.000,0.00,0.00,68.112,0
-18.88,10.50,251.44,0.5735,-0.1852,0.0248,0.7976,-3.04,-1.66,9.17,-0.12,1.56,0.94,9.80,0,1.70,-0.0534,0.0504,88,0.759,0.000,0.00,0.00,68.112,0
phase1 acc_mag=9.581 gravity=9.712 motion=0.132 moving_avg=0.081 rms=0.098 mean_rms=0.085 max_rms=0.099 min_rms=0.075 std=0.007 var=0.000 state=standing thr=0.099/0.350/0.850
-18.94,10.50,251.38,0.5732,-0.1859,0.0250,0.7976,-3.13,-1.57,9.14,-0.69,-0.06,0.38,9.79,0,1.70,-0.0536,0.0506,88,0.759,0.000,0.00,0.00,68.112,0
-18.94,10.56,251.44,0.5739,-0.1859,0.0250,0.7972,-3.18,-1.58,9.07,-0.94,1.06,-0.50,9.74,0,1.70,-0.0535,0.0506,88,0.759,0.000,0.00,0.00,68.112,0
-18.94,10.62,251.44,0.5737,-0.1863,0.0245,0.7972,-3.09,-1.68,8.98,0.69,-0.88,-0.25,9.64,0,1.70,-0.0538,0.0506,88,0.759,0.000,0.00,0.00,68.112,0
phase1 acc_mag=9.753 gravity=9.703 motion=0.050 moving_avg=0.080 rms=0.098 mean_rms=0.090 max_rms=0.100 min_rms=0.080 std=0.007 var=0.000 state=standing thr=0.105/0.350/0.850
-18.94,10.56,251.44,0.5738,-0.1861,0.0247,0.7972,-3.14,-1.68,9.08,0.06,-0.25,0.75,9.75,0,1.70,-0.0537,0.0506,88,0.759,0.000,0.00,0.00,68.112,0
-19.00,10.69,251.56,0.5742,-0.1871,0.0243,0.7966,-3.18,-1.62,9.03,-0.88,1.75,-2.06,9.71,0,1.70,-0.0541,0.0507,88,0.759,0.000,0.00,0.00,68.112,0
-19.06,10.75,251.56,0.5743,-0.1876,0.0242,0.7964,-3.14,-1.72,8.99,-0.19,0.12,0.50,9.68,0,1.70,-0.0542,0.0508,88,0.759,0.000,0.00,0.00,68.112,0
-19.06,10.81,251.56,0.5742,-0.1881,0.0242,0.7964,-3.18,-1.67,8.87,-0.06,0.62,0.69,9.57,0,1.70,-0.0544,0.0509,88,0.759,0.000,0.00,0.00,68.112,0
phase1 acc_mag=9.843 gravity=9.698 motion=0.145 moving_avg=0.075 rms=0.096 mean_rms=0.093 max_rms=0.100 min_rms=0.084 std=0.007 var=0.000 state=standing thr=0.106/0.350/0.850
-19.06,10.75,251.50,0.5740,-0.1880,0.0243,0.7966,-3.25,-1.67,9.07,-0.88,0.50,-0.44,9.78,0,1.70,-0.0543,0.0509,88,0.759,0.000,0.00,0.00,68.112,0
-19.06,10.75,251.56,0.5741,-0.1880,0.0243,0.7965,-3.30,-1.71,9.11,-0.31,0.31,-0.38,9.84,0,1.70,-0.0543,0.0509,88,0.759,0.000,0.00,0.00,68.112,0
-19.06,10.75,251.50,0.5742,-0.1880,0.0244,0.7965,-3.21,-1.60,8.82,1.44,-0.38,0.06,9.52,0,1.70,-0.0543,0.0509,88,0.759,0.000,0.00,0.00,68.112,0
-19.06,10.81,251.62,0.5748,-0.1880,0.0242,0.7960,-3.22,-1.78,9.18,0.06,-0.25,-1.31,9.89,0,1.70,-0.0543,0.0509,88,0.759,0.000,0.00,0.00,68.112,0
phase1 acc_mag=9.668 gravity=9.706 motion=0.038 moving_avg=0.079 rms=0.100 mean_rms=0.095 max_rms=0.101 min_rms=0.084 std=0.006 var=0.000 state=standing thr=0.106/0.350/0.850
-19.19,10.88,251.62,0.5746,-0.1895,0.0244,0.7958,-3.10,-1.75,8.93,-2.12,5.94,1.12,9.61,0,1.70,-0.0547,0.0513,88,0.759,0.000,0.00,0.00,68.112,0
-19.44,10.94,251.56,0.5738,-0.1913,0.0252,0.7960,-3.52,-1.43,8.63,-3.06,-1.31,-0.38,9.43,0,1.70,-0.0551,0.0519,88,0.759,0.000,0.00,0.00,68.112,0
-19.38,11.00,251.56,0.5739,-0.1912,0.0242,0.7960,-3.04,-1.73,9.11,0.31,-1.75,0.00,9.76,0,1.70,-0.0553,0.0516,88,0.759,0.000,0.00,0.00,68.112,0
phase1 acc_mag=9.645 gravity=9.697 motion=0.052 moving_avg=0.091 rms=0.121 mean_rms=0.100 max_rms=0.122 min_rms=0.091 std=0.009 var=0.000 state=slow thr=0.118/0.350/0.850
-19.38,11.00,251.56,0.5739,-0.1909,0.0244,0.7960,-3.31,-1.64,8.91,-0.69,0.25,-1.19,9.65,0,1.70,-0.0552,0.0516,88,0.759,0.000,0.00,0.00,68.112,0
-19.50,11.50,251.62,0.5742,-0.1946,0.0220,0.7950,-3.11,-1.58,8.82,2.38,0.88,1.94,9.48,0,1.70,-0.0568,0.0517,88,0.759,0.000,0.00,0.00,68.112,0
-19.50,11.62,251.62,0.5742,-0.1951,0.0214,0.7949,-3.11,-1.87,9.00,-0.62,0.12,0.94,9.70,0,1.70,-0.0571,0.0516,88,0.759,0.000,0.00,0.00,68.112,0
-19.56,11.56,251.62,0.5741,-0.1951,0.0216,0.7949,-3.31,-1.88,8.89,-1.06,0.81,-0.19,9.67,0,1.70,-0.0571,0.0517,88,0.759,0.000,0.00,0.00,68.112,0
phase1 acc_mag=9.740 gravity=9.701 motion=0.039 moving_avg=0.101 rms=0.143 mean_rms=0.109 max_rms=0.146 min_rms=0.094 std=0.018 var=0.000 state=standing thr=0.144/0.350/0.850
-19.56,11.50,251.62,0.5739,-0.1949,0.0222,0.7950,-3.27,-1.78,9.03,1.75,0.88,0.81,9.77,0,1.70,-0.0569,0.0518,88,0.759,0.000,0.00,0.00,68.112,0
-19.62,11.50,251.62,0.5740,-0.1953,0.0224,0.7949,-3.21,-1.83,8.96,0.19,-0.50,-1.25,9.69,0,1.70,-0.0570,0.0520,88,0.759,0.000,0.00,0.00,68.112,0
-19.56,11.56,251.75,0.5746,-0.1952,0.0223,0.7945,-3.28,-1.86,8.95,0.19,-0.19,-0.62,9.71,0,1.70,-0.0569,0.0519,88,0.759,0.000,0.00,0.00,68.112,0
phase1 acc_mag=9.718 gravity=9.715 motion=0.003 moving_avg=0.102 rms=0.144 mean_rms=0.118 max_rms=0.146 min_rms=0.094 std=0.021 var=0.000 state=standing thr=0.161/0.361/0.861
-19.56,11.56,251.75,0.5747,-0.1952,0.0219,0.7944,-3.28,-1.89,8.95,-2.31,0.88,1.31,9.72,0,1.70,-0.0570,0.0518,88,0.759,0.000,0.00,0.00,68.112,0
-19.56,11.56,251.69,0.5743,-0.1952,0.0220,0.7947,-3.19,-1.90,9.31,-2.25,3.06,-0.06,10.02,0,1.70,-0.0570,0.0518,88,0.759,0.000,0.00,0.00,68.112,0
-19.75,11.75,251.62,0.5735,-0.1973,0.0217,0.7948,-3.31,-1.83,8.66,-2.19,1.50,2.31,9.45,0,1.70,-0.0577,0.0521,88,0.759,0.000,0.00,0.00,68.112,0
-19.62,11.69,251.62,0.5737,-0.1960,0.0215,0.7950,-3.22,-1.79,8.92,0.75,-2.12,-0.50,9.65,0,1.70,-0.0574,0.0518,88,0.759,0.000,0.00,0.00,68.112,0
phase1 acc_mag=9.835 gravity=9.718 motion=0.117 moving_avg=0.121 rms=0.163 mean_rms=0.130 max_rms=0.164 min_rms=0.095 std=0.022 var=0.001 state=standing thr=0.175/0.375/0.875
-19.56,11.56,251.62,0.5739,-0.1951,0.0215,0.7951,-3.18,-1.79,8.93,0.88,-0.81,-0.12,9.65,0,1.70,-0.0571,0.0516,88,0.759,0.000,0.00,0.00,68.112,0
-19.50,11.50,251.56,0.5738,-0.1946,0.0219,0.7952,-3.34,-1.78,9.02,1.38,-0.38,0.38,9.78,0,1.70,-0.0569,0.0516,88,0.759,0.000,0.00,0.00,68.112,0
-19.50,11.50,251.56,0.5739,-0.1943,0.0219,0.7953,-3.05,-1.87,9.07,0.88,-0.19,0.38,9.75,0,1.70,-0.0568,0.0515,88,0.759,0.000,0.00,0.00,68.112,0
-19.56,11.50,251.62,0.5740,-0.1948,0.0223,0.7951,-3.24,-1.75,8.83,0.19,0.88,-0.69,9.57,0,1.70,-0.0568,0.0518,88,0.759,0.000,0.00,0.00,68.112,0
phase1 acc_mag=9.617 gravity=9.712 motion=0.095 moving_avg=0.121 rms=0.162 mean_rms=0.144 max_rms=0.164 min_rms=0.098 std=0.017 var=0.000 state=standing thr=0.179/0.379/0.879
-19.50,11.44,251.62,0.5742,-0.1944,0.0225,0.7950,-3.17,-1.83,9.01,-0.19,1.06,-0.69,9.73,0,1.70,-0.0567,0.0518,88,0.759,0.000,0.00,0.00,68.112,0
-19.56,11.44,251.69,0.5743,-0.1946,0.0226,0.7949,-3.29,-1.72,8.88,-0.06,0.19,1.56,9.62,0,1.70,-0.0567,0.0519,88,0.759,0.000,0.00,0.00,68.112,0
-19.56,11.44,251.69,0.5743,-0.1945,0.0225,0.7949,-3.31,-1.81,9.06,0.69,-0.56,0.25,9.81,0,1.70,-0.0567,0.0518,88,0.759,0.000,0.00,0.00,68.112,0
-19.50,11.44,251.69,0.5743,-0.1941,0.0226,0.7950,-3.25,-1.82,8.97,-0.31,0.25,-0.56,9.71,0,1.70,-0.0565,0.0518,88,0.759,0.000,0.00,0.00,68.112,0
phase1 acc_mag=9.616 gravity=9.728 motion=0.112 moving_avg=0.108 rms=0.145 mean_rms=0.151 max_rms=0.164 min_rms=0.125 std=0.010 var=0.000 state=standing thr=0.170/0.370/0.870
-19.50,11.38,251.69,0.5745,-0.1940,0.0226,0.7948,-3.31,-1.81,9.00,-0.12,0.31,-1.00,9.76,0,1.70,-0.0565,0.0518,88,0.759,0.000,0.00,0.00,68.112,0
-19.50,11.38,251.69,0.5746,-0.1938,0.0226,0.7949,-3.15,-1.80,8.96,0.12,-0.56,0.25,9.67,0,1.70,-0.0564,0.0517,88,0.759,0.000,0.00,0.00,68.112,0
-19.50,11.38,251.69,0.5746,-0.1938,0.0226,0.7948,-3.33,-1.72,8.91,2.56,-0.94,-0.88,9.67,0,1.70,-0.0564,0.0518,88,0.759,0.000,0.00,0.00,68.112,0
phase1 acc_mag=9.744 gravity=9.716 motion=0.028 moving_avg=0.094 rms=0.120 mean_rms=0.147 max_rms=0.164 min_rms=0.116 std=0.016 var=0.000 state=standing thr=0.178/0.378/0.878
-19.50,11.38,251.69,0.5745,-0.1937,0.0227,0.7950,-3.20,-1.83,9.02,-0.62,0.25,0.69,9.74,0,1.70,-0.0564,0.0517,88,0.759,0.000,0.00,0.00,68.112,0
-19.50,11.38,251.69,0.5748,-0.1937,0.0231,0.7947,-3.22,-1.82,9.00,1.12,-0.56,-0.88,9.73,0,1.70,-0.0562,0.0519,88,0.759,0.000,0.00,0.00,68.112,0
-19.50,11.38,251.75,0.5748,-0.1938,0.0229,0.7947,-3.33,-1.84,8.98,-0.12,0.56,-0.25,9.75,0,1.70,-0.0563,0.0519,88,0.759,0.000,0.00,0.00,68.112,0
-19.50,11.38,251.75,0.5748,-0.1938,0.0231,0.7947,-3.19,-1.87,9.12,-1.06,0.06,0.50,9.84,0,1.70,-0.0563,0.0519,88,0.759,0.000,0.00,0.00,68.112,0
phase1 acc_mag=9.704 gravity=9.713 motion=0.009 moving_avg=0.092 rms=0.119 mean_rms=0.142 max_rms=0.164 min_rms=0.116 std=0.019 var=0.000 state=standing thr=0.180/0.380/0.880
-19.56,11.44,251.69,0.5745,-0.1946,0.0228,0.7947,-3.18,-1.86,9.01,-2.62,0.69,-0.44,9.73,0,1.70,-0.0566,0.0519,88,0.759,0.000,0.00,0.00,68.112,0
-19.50,11.44,251.69,0.5746,-0.1942,0.0226,0.7947,-3.28,-1.73,9.03,1.38,-0.62,0.25,9.76,0,1.70,-0.0565,0.0518,88,0.759,0.000,0.00,0.00,68.112,0
-19.50,11.50,251.69,0.5746,-0.1945,0.0222,0.7947,-3.32,-1.80,8.93,0.69,-0.25,-0.75,9.70,0,1.70,-0.0567,0.0518,88,0.759,0.000,0.00,0.00,68.112,0
-19.50,11.50,251.69,0.5743,-0.1944,0.0218,0.7949,-3.31,-1.82,9.12,-1.31,-0.44,-0.44,9.87,0,1.70,-0.0568,0.0516,88,0.759,0.000,0.00,0.00,68.112,0
phase1 acc_mag=9.899 gravity=9.721 motion=0.178 moving_avg=0.079 rms=0.097 mean_rms=0.129 max_rms=0.163 min_rms=0.092 std=0.023 var=0.001 state=standing thr=0.176/0.376/0.876
-19.50,11.75,251.69,0.5744,-0.1954,0.0203,0.7946,-3.29,-1.82,8.61,-4.56,0.88,0.00,9.40,0,1.70,-0.0574,0.0514,88,0.759,0.000,0.00,0.00,68.112,0
-19.44,11.94,251.81,0.5751,-0.1962,0.0187,0.7940,-3.38,-1.99,8.98,-2.69,-1.75,-1.94,9.80,0,1.70,-0.0580,0.0511,88,0.759,0.000,0.00,0.00,68.112,0
-19.50,12.06,251.94,0.5760,-0.1971,0.0187,0.7931,-3.53,-1.78,8.85,-1.38,0.88,-5.06,9.69,0,1.70,-0.0582,0.0514,88,0.759,0.000,0.00,0.00,68.112,0
-19.31,12.19,252.25,0.5783,-0.1963,0.0174,0.7916,-3.13,-1.63,9.07,-0.94,-2.25,-4.50,9.73,0,1.70,-0.0581,0.0509,88,0.759,0.000,0.00,0.00,68.112,0
phase1 acc_mag=9.828 gravity=9.728 motion=0.101 moving_avg=0.082 rms=0.104 mean_rms=0.118 max_rms=0.157 min_rms=0.092 std=0.018 var=0.000 state=standing thr=0.154/0.354/0.854
-18.94,12.56,252.56,0.5806,-0.1957,0.0136,0.7902,-3.46,-1.93,9.61,-6.25,-5.62,-8.06,10.39,0,1.70,-0.0587,0.0498,88,0.759,0.000,0.00,0.00,68.112,0
-17.94,13.06,252.88,0.5834,-0.1913,0.0051,0.7894,-4.09,-1.93,10.94,-12.62,-16.44,-9.69,11.84,0,1.70,-0.0592,0.0463,88,0.759,0.000,0.00,0.00,68.112,0
-15.75,12.62,253.25,0.5884,-0.1707,-0.0034,0.7904,-1.98,-3.60,11.31,30.50,-36.69,-2.31,12.03,0,1.70,-0.0548,0.0391,88,0.759,0.000,0.00,0.00,68.112,0
-14.19,10.38,253.50,0.5913,-0.1527,0.0035,0.7918,-2.55,-1.94,7.98,32.75,-17.00,-5.94,8.60,0,1.70,-0.0475,0.0372,88,0.759,0.000,0.00,0.00,68.112,0
phase1 acc_mag=7.673 gravity=9.952 motion=2.279 moving_avg=0.386 rms=0.800 mean_rms=0.190 max_rms=0.800 min_rms=0.092 std=0.193 var=0.037 state=walking thr=0.576/0.776/1.276
-13.19,8.19,253.88,0.5955,-0.1346,0.0131,0.7919,-1.11,-1.66,7.17,25.19,4.38,4.19,7.44,0,1.70,-0.0395,0.0362,89,0.695,0.000,0.00,0.00,68.806,1
-14.00,7.56,254.12,0.5969,-0.1366,0.0219,0.7903,-2.18,-0.39,5.22,-3.12,5.81,-5.25,5.67,0,1.70,-0.0379,0.0395,89,0.695,0.000,0.00,0.00,68.806,0
-14.44,9.00,255.06,0.6028,-0.1469,0.0161,0.7841,-2.35,-1.17,7.35,-16.88,11.62,-17.38,7.80,0,1.70,-0.0422,0.0405,89,0.695,0.000,0.00,0.00,68.806,0
-15.25,11.44,255.69,0.6055,-0.1674,0.0043,0.7781,-2.82,-2.02,10.15,-28.19,11.50,-11.19,10.73,0,1.70,-0.0511,0.0419,89,0.695,0.000,0.00,0.00,68.806,0
phase1 acc_mag=11.480 gravity=9.589 motion=1.891 moving_avg=0.833 rms=1.409 mean_rms=0.422 max_rms=1.409 min_rms=0.092 std=0.465 var=0.216 state=slow thr=1.352/1.552/2.052
-16.31,13.31,255.88,0.6047,-0.1818,-0.0007,0.7754,-3.41,-2.35,12.08,-19.31,14.88,0.38,12.77,0,1.70,-0.0566,0.0437,89,0.695,0.000,0.00,0.00,68.806,0
-16.88,13.75,255.50,0.6011,-0.1880,-0.0010,0.7767,-2.56,-1.91,10.57,1.75,-1.00,8.56,11.04,0,1.70,-0.0586,0.0449,89,0.695,0.000,0.00,0.00,68.806,0
-16.75,13.44,255.06,0.5988,-0.1855,-0.0002,0.7791,-2.79,-1.96,8.79,2.44,-5.19,3.88,9.43,0,1.70,-0.0579,0.0444,89,0.695,0.000,0.00,0.00,68.806,0
-16.50,13.00,254.69,0.5968,-0.1819,0.0004,0.7815,-2.90,-2.30,8.61,5.19,-2.44,4.69,9.37,0,1.70,-0.0568,0.0435,89,0.695,0.000,0.00,0.00,68.806,0
phase1 acc_mag=8.942 gravity=9.776 motion=0.834 moving_avg=1.092 rms=1.596 mean_rms=0.740 max_rms=1.596 min_rms=0.092 std=0.618 var=0.382 state=standing thr=1.977/2.177/2.677
-16.50,12.62,254.50,0.5956,-0.1796,0.0024,0.7830,-2.84,-2.18,8.37,3.19,-2.25,2.50,9.10,0,1.70,-0.0557,0.0435,89,0.695,0.000,0.00,0.00,68.806,0
-16.50,12.31,254.38,0.5949,-0.1783,0.0046,0.7838,-3.22,-1.97,8.22,4.12,2.69,2.38,9.05,0,1.70,-0.0548,0.0439,89,0.695,0.000,0.00,0.00,68.806,0
-17.19,12.94,254.06,0.5919,-0.1877,0.0035,0.7839,-2.20,-2.50,9.70,-14.38,16.06,0.69,10.26,0,1.70,-0.0580,0.0455,89,0.695,0.000,0.00,0.00,68.806,0
-18.00,14.12,254.31,0.5924,-0.1974,0.0006,0.7811,-3.36,-2.29,10.08,-18.38,6.38,-3.25,10.87,0,1.70,-0.0615,0.0470,89,0.695,0.000,0.00,0.00,68.806,0
phase1 acc_mag=11.198 gravity=9.765 motion=1.433 moving_avg=1.186 rms=1.621 mean_rms=1.043 max_rms=1.621 min_rms=0.101 std=0.598 var=0.358 state=standing thr=2.239/2.439/2.939
-17.94,15.31,254.81,0.5964,-0.2015,-0.0079,0.7769,-4.18,-3.17,13.48,2.56,-21.25,-23.25,14.46,0,1.70,-0.0645,0.0456,89,0.695,0.000,0.00,0.00,68.806,0
-14.31,11.25,256.88,0.6141,-0.1580,0.0030,0.7733,-2.71,-2.35,11.14,77.50,-37.88,-9.12,11.70,0,1.70,-0.0481,0.0397,89,0.695,0.000,0.00,0.00,68.806,0
-11.88,6.56,257.12,0.6190,-0.1093,0.0242,0.7773,-2.71,-1.42,8.46,84.62,-44.25,7.44,9.00,0,1.70,-0.0280,0.0346,89,0.695,0.000,0.00,0.00,68.806,0
-9.31,1.50,256.25,0.6144,-0.0685,0.0409,0.7850,-0.84,-0.19,3.73,33.38,-27.12,18.44,3.83,0,1.70,-0.0115,0.0297,90,0.803,0.777,58.08,0.97,69.609,0
phase1 acc_mag=3.145 gravity=9.822 motion=6.677 moving_avg=1.938 rms=2.575 mean_rms=1.482 max_rms=2.575 min_rms=0.325 std=0.493 var=0.243 state=slow thr=2.467/2.667/3.167
-8.31,0.81,255.38,0.6100,-0.0619,0.0387,0.7891,0.10,0.51,3.14,-15.50,-0.94,7.75,3.18,0,1.70,-0.0101,0.0273,90,0.803,0.777,58.08,0.97,69.609,0
-10.31,4.19,255.38,0.6088,-0.0936,0.0264,0.7874,-2.93,-0.96,7.19,-58.94,49.88,-15.31,7.82,0,1.70,-0.0230,0.0311,90,0.803,0.777,58.08,0.97,69.609,0
-12.56,8.06,256.00,0.6112,-0.1332,0.0110,0.7801,-2.37,-2.02,10.53,-47.12,21.19,-14.38,10.98,0,1.70,-0.0389,0.0360,90,0.803,0.777,58.08,0.97,69.609,0
-14.44,11.12,256.50,0.6116,-0.1582,0.0038,0.7752,-3.19,-1.83,10.41,-36.94,39.69,-4.31,11.04,0,1.70,-0.0481,0.0399,90,0.803,0.777,58.08,0.97,69.609,0
phase1 acc_mag=12.996 gravity=9.430 motion=3.566 moving_avg=2.059 rms=2.825 mean_rms=1.911 max_rms=2.873 min_rms=1.086 std=0.544 var=0.296 state=standing thr=2.999/3.199/3.699
-16.56,13.00,256.62,0.6099,-0.1841,0.0034,0.7708,-3.72,-2.30,12.02,-16.88,17.31,-2.12,12.79,0,1.70,-0.0559,0.0460,90,0.803,0.777,58.08,0.97,69.609,0
-16.69,13.25,256.75,0.6103,-0.1841,0.0030,0.7705,-2.20,-0.79,10.40,15.69,-18.25,-3.69,10.66,0,1.70,-0.0560,0.0459,90,0.803,0.777,58.08,0.97,69.609,0
-15.94,13.00,256.62,0.6104,-0.1769,0.0006,0.7721,-2.74,-2.08,9.14,6.62,-11.62,1.56,9.77,0,1.70,-0.0545,0.0434,90,0.803,0.777,58.08,0.97,69.609,0
-15.12,11.88,256.50,0.6107,-0.1669,0.0029,0.7740,-2.71,-1.95,8.46,13.44,-7.62,3.56,9.09,0,1.70,-0.0510,0.0417,90,0.803,0.777,58.08,0.97,69.609,0
phase1 acc_mag=8.599 gravity=9.729 motion=1.130 moving_avg=1.870 rms=2.703 mean_rms=2.219 max_rms=2.873 min_rms=1.568 std=0.547 var=0.299 state=standing thr=3.314/3.514/4.014
-14.81,11.31,256.38,0.6100,-0.1613,0.0040,0.7758,-3.28,-1.68,8.49,2.00,-3.50,6.25,9.26,0,1.70,-0.0491,0.0406,90,0.803,0.777,58.08,0.97,69.609,0
-14.62,10.94,256.06,0.6087,-0.1586,0.0059,0.7773,-2.71,-1.85,8.61,2.94,2.25,-1.06,9.21,0,1.70,-0.0479,0.0404,90,0.803,0.777,58.08,0.97,69.609,0
-14.88,11.62,256.50,0.6111,-0.1636,0.0032,0.7745,-2.38,-1.49,8.57,-6.31,7.00,-7.88,9.02,0,1.70,-0.0499,0.0410,90,0.803,0.777,58.08,0.97,69.609,0
-15.44,11.94,256.88,0.6129,-0.1690,0.0045,0.7719,-2.51,-2.05,9.38,3.31,7.50,-0.19,9.92,0,1.70,-0.0511,0.0428,90,0.803,0.777,58.08,0.97,69.609,0
phase1 acc_mag=10.433 gravity=9.660 motion=0.773 moving_avg=1.831 rms=2.687 mean_rms=2.460 max_rms=2.873 min_rms=1.605 std=0.451 var=0.203 state=standing thr=3.362/3.562/4.062
-16.00,11.81,257.19,0.6147,-0.1721,0.0096,0.7697,-2.95,-1.94,10.47,-1.75,14.75,-4.06,11.05,0,1.70,-0.0506,0.0453,90,0.803,0.777,58.08,0.97,69.609,0
-16.50,11.81,257.25,0.6150,-0.1752,0.0121,0.7687,-2.79,-2.17,10.19,0.62,1.75,-1.19,10.79,0,1.70,-0.0509,0.0468,90,0.803,0.777,58.08,0.97,69.609,0
-16.44,11.31,257.44,0.6162,-0.1721,0.0151,0.7684,-2.99,-1.64,8.05,4.69,-2.00,-1.25,8.74,0,1.70,-0.0492,0.0471,90,0.803,0.777,58.08,0.97,69.609,0
-16.12,11.62,257.50,0.6166,-0.1719,0.0120,0.7682,-2.35,-1.91,8.21,-10.62,2.69,-1.00,8.75,0,1.70,-0.0499,0.0461,90,0.803,0.777,58.08,0.97,69.609,0
phase1 acc_mag=8.975 gravity=9.337 motion=0.362 moving_avg=1.634 rms=2.420 mean_rms=2.659 max_rms=2.873 min_rms=2.073 std=0.210 var=0.044 state=standing thr=3.079/3.279/3.779
-16.31,12.44,257.50,0.6163,-0.1785,0.0064,0.7670,-2.55,-2.03,9.87,-16.12,4.19,-2.94,10.39,0,1.70,-0.0532,0.0460,90,0.803,0.777,58.08,0.97,69.609,0
-15.69,12.94,258.44,0.6224,-0.1760,0.0021,0.7626,-5.55,-2.39,12.20,18.06,-37.06,-19.25,13.61,0,1.70,-0.0532,0.0445,90,0.803,0.777,58.08,0.97,69.609,0
-12.69,11.00,259.44,0.6340,-0.1415,0.0035,0.7603,-2.49,-2.27,12.52,77.50,-4.44,-17.88,12.97,0,1.70,-0.0422,0.0370,90,0.803,0.777,58.08,0.97,69.609,0
-11.06,5.44,260.12,0.6403,-0.1041,0.0263,0.7606,-2.58,-1.57,7.61,56.00,-32.44,0.00,8.19,0,1.70,-0.0249,0.0347,90,0.803,0.777,58.08,0.97,69.609,0
phase1 acc_mag=5.988 gravity=10.237 motion=4.249 moving_avg=1.410 rms=1.994 mean_rms=2.658 max_rms=2.873 min_rms=1.993 std=0.191 var=0.037 state=standing thr=3.040/3.240/3.740
-9.31,2.75,260.12,0.6416,-0.0778,0.0339,0.7623,-1.31,-0.01,3.08,26.75,-23.12,1.00,3.35,0,1.70,-0.0150,0.0303,91,0.793,0.532,40.24,0.67,70.402,0
-8.69,3.00,260.19,0.6422,-0.0748,0.0289,0.7623,0.19,-0.74,5.29,-27.81,-2.12,-11.81,5.34,0,1.70,-0.0154,0.0280,91,0.793,0.532,40.24,0.67,70.402,0
-11.25,6.06,260.69,0.6436,-0.1088,0.0240,0.7571,-3.89,-1.96,10.31,-48.81,57.62,-2.69,11.19,0,1.70,-0.0268,0.0353,91,0.793,0.532,40.24,0.67,70.402,0
phase1 acc_mag=12.086 gravity=9.622 motion=2.464 moving_avg=1.780 rms=2.615 mean_rms=2.594 max_rms=2.791 min_rms=1.993 std=0.189 var=0.036 state=standing thr=2.972/3.172/3.672
-13.19,8.44,260.75,0.6420,-0.1349,0.0197,0.7545,-2.99,-1.74,11.58,-31.12,13.69,-4.69,12.09,0,1.70,-0.0357,0.0406,91,0.793,0.532,40.24,0.67,70.402,0
-14.25,10.19,260.50,0.6382,-0.1520,0.0143,0.7545,-2.49,-1.47,10.52,-11.06,9.38,7.31,10.91,0,1.70,-0.0422,0.0431,91,0.793,0.532,40.24,0.67,70.402,0
-14.44,10.06,260.00,0.6348,-0.1515,0.0156,0.7575,-2.42,-1.38,9.74,2.94,-3.69,7.81,10.13,0,1.70,-0.0419,0.0432,91,0.793,0.532,40.24,0.67,70.402,0
-14.19,9.38,259.44,0.6324,-0.1469,0.0179,0.7604,-2.65,-1.79,9.17,13.00,-3.19,8.81,9.71,0,1.70,-0.0401,0.0426,91,0.793,0.532,40.24,0.67,70.402,0
phase1 acc_mag=8.995 gravity=9.725 motion=0.730 moving_avg=1.805 rms=2.622 mean_rms=2.569 max_rms=2.704 min_rms=1.993 std=0.173 var=0.030 state=standing thr=2.915/3.115/3.615
-14.12,8.56,259.12,0.6301,-0.1413,0.0232,0.7632,-2.38,-1.63,8.52,9.69,0.12,6.19,9.00,0,1.70,-0.0373,0.0427,91,0.793,0.532,40.24,0.67,70.402,0
-14.62,8.06,258.94,0.6293,-0.1431,0.0287,0.7633,-2.28,-1.22,7.81,-1.81,7.31,-2.31,8.23,0,1.70,-0.0365,0.0448,91,0.793,0.532,40.24,0.67,70.402,0
-15.25,8.69,259.56,0.6325,-0.1498,0.0282,0.7594,-2.05,-1.19,8.51,-10.12,15.06,-12.06,8.83,0,1.70,-0.0384,0.0465,91,0.793,0.532,40.24,0.67,70.402,0
-16.12,9.44,260.06,0.6351,-0.1602,0.0310,0.7550,-2.67,-1.81,10.54,-0.75,15.94,-1.25,11.02,0,1.70,-0.0405,0.0501,91,0.793,0.532,40.24,0.67,70.402,0
phase1 acc_mag=11.027 gravity=9.665 motion=1.363 moving_avg=1.929 rms=2.666 mean_rms=2.561 max_rms=2.704 min_rms=1.993 std=0.168 var=0.028 state=standing thr=2.897/3.097/3.597
-17.12,9.62,260.62,0.6376,-0.1666,0.0349,0.7513,-3.82,-1.77,10.20,0.12,4.69,-5.38,11.03,0,1.70,-0.0412,0.0530,91,0.793,0.532,40.24,0.67,70.402,0
-17.12,9.69,260.69,0.6380,-0.1671,0.0341,0.7509,-2.99,-1.63,8.80,-7.44,-4.12,-0.56,9.44,0,1.70,-0.0415,0.0529,91,0.793,0.532,40.24,0.67,70.402,0
-17.12,10.56,260.69,0.6376,-0.1719,0.0290,0.7504,-3.17,-1.70,8.60,-18.50,2.81,-3.00,9.32,0,1.70,-0.0442,0.0526,91,0.793,0.532,40.24,0.67,70.402,0
phase1 acc_mag=10.598 gravity=9.717 motion=0.881 moving_avg=1.892 rms=2.657 mean_rms=2.571 max_rms=2.704 min_rms=1.993 std=0.162 var=0.026 state=standing thr=2.896/3.096/3.596
-17.25,11.81,260.62,0.6363,-0.1799,0.0211,0.7499,-3.80,-1.68,9.75,-15.81,4.00,-1.62,10.60,0,1.70,-0.0486,0.0521,91,0.793,0.532,40.24,0.67,70.402,0
-16.19,11.69,260.69,0.6376,-0.1690,0.0144,0.7514,-3.12,-0.64,15.15,4.31,-42.12,1.75,15.48,0,1.70,-0.0471,0.0474,91,0.793,0.532,40.24,0.67,70.402,0
-13.31,8.31,260.38,0.6394,-0.1348,0.0205,0.7567,-2.56,-1.74,11.14,62.38,-40.94,9.00,11.56,0,1.70,-0.0356,0.0407,91,0.793,0.532,40.24,0.67,70.402,0
-10.88,4.75,260.06,0.6398,-0.0991,0.0297,0.7615,-2.54,-1.57,6.11,50.69,-33.44,9.00,6.80,0,1.70,-0.0226,0.0344,91,0.793,0.532,40.24,0.67,70.402,0
phase1 acc_mag=5.225 gravity=9.667 motion=4.442 moving_avg=1.710 rms=2.382 mean_rms=2.609 max_rms=2.704 min_rms=2.220 std=0.084 var=0.007 state=standing thr=2.777/2.977/3.477
-9.12,2.12,259.56,0.6381,-0.0735,0.0367,0.7656,-1.19,-0.46,3.10,19.88,-15.50,4.50,3.35,0,1.70,-0.0131,0.0300,92,0.737,0.557,45.39,0.76,71.139,0
-9.94,3.25,259.44,0.6364,-0.0849,0.0338,0.7660,-0.73,-0.64,4.48,-32.88,30.44,-0.81,4.58,0,1.70,-0.0174,0.0320,92,0.737,0.557,45.39,0.76,71.139,0
-12.94,6.62,259.88,0.6373,-0.1299,0.0267,0.7592,-3.20,-1.43,9.82,-59.12,55.25,-15.06,10.43,0,1.70,-0.0326,0.0412,92,0.737,0.557,45.39,0.76,71.139,0
-15.50,11.19,260.06,0.6346,-0.1651,0.0146,0.7549,-3.67,-2.15,11.71,-38.94,22.50,-0.75,12.46,0,1.70,-0.0461,0.0463,92,0.737,0.557,45.39,0.76,71.139,0
phase1 acc_mag=12.250 gravity=9.607 motion=2.643 moving_avg=1.799 rms=2.475 mean_rms=2.569 max_rms=2.675 min_rms=2.325 std=0.108 var=0.012 state=standing thr=2.785/2.985/3.485
-16.81,13.25,259.75,0.6301,-0.1851,0.0089,0.7541,-3.09,-2.05,10.90,-18.62,15.50,4.38,11.51,0,1.70,-0.0536,0.0493,92,0.737,0.557,45.39,0.76,71.139,0
-17.31,13.50,259.38,0.6270,-0.1891,0.0098,0.7556,-2.69,-1.83,10.22,0.69,1.12,5.56,10.73,0,1.70,-0.0547,0.0504,92,0.737,0.557,45.39,0.76,71.139,0
-17.12,12.88,259.12,0.6259,-0.1840,0.0123,0.7578,-2.77,-2.04,9.85,9.38,-3.94,3.31,10.43,0,1.70,-0.0527,0.0498,92,0.737,0.557,45.39,0.76,71.139,0
-16.69,11.88,259.00,0.6263,-0.1765,0.0154,0.7592,-2.95,-2.33,9.27,14.69,-7.19,2.88,10.00,0,1.70,-0.0497,0.0489,92,0.737,0.557,45.39,0.76,71.139,0
phase1 acc_mag=9.636 gravity=9.729 motion=0.094 moving_avg=1.842 rms=2.500 mean_rms=2.544 max_rms=2.675 min_rms=2.325 std=0.107 var=0.011 state=standing thr=2.758/2.958/3.458
-16.81,10.88,258.94,0.6261,-0.1720,0.0222,0.7603,-3.19,-2.04,8.44,13.50,2.94,2.50,9.25,0,1.70,-0.0467,0.0498,92,0.737,0.557,45.39,0.76,71.139,0
-16.75,10.19,259.00,0.6268,-0.1681,0.0267,0.7603,-2.49,-1.59,8.02,7.06,-1.69,-0.81,8.55,0,1.70,-0.0444,0.0503,92,0.737,0.557,45.39,0.76,71.139,0
-16.88,10.06,259.12,0.6273,-0.1686,0.0285,0.7598,-2.54,-1.29,8.35,-4.12,7.62,0.38,8.82,0,1.70,-0.0441,0.0510,92,0.737,0.557,45.39,0.76,71.139,0
-17.75,11.31,258.88,0.6248,-0.1804,0.0253,0.7592,-3.69,-2.18,9.56,-18.75,11.44,-3.12,10.48,0,1.70,-0.0485,0.0528,92,0.737,0.557,45.39,0.76,71.139,0
phase1 acc_mag=9.709 gravity=9.636 motion=0.074 moving_avg=1.736 rms=2.457 mean_rms=2.509 max_rms=2.672 min_rms=2.325 std=0.092 var=0.008 state=standing thr=2.693/2.893/3.393
-18.12,12.00,258.94,0.6245,-0.1879,0.0231,0.7578,-3.33,-1.99,8.91,-12.88,10.38,0.94,9.72,0,1.70,-0.0512,0.0539,92,0.737,0.557,45.39,0.76,71.139,0
-18.94,12.75,258.94,0.6233,-0.1956,0.0229,0.7568,-3.36,-1.82,9.78,-8.50,11.94,-2.94,10.50,0,1.70,-0.0535,0.0557,92,0.737,0.557,45.39,0.76,71.139,0
-19.06,13.00,259.19,0.6252,-0.1967,0.0222,0.7550,-2.74,-1.56,11.87,3.44,-7.25,-5.06,12.28,0,1.70,-0.0538,0.0559,92,0.737,0.557,45.39,0.76,71.139,0
-16.69,11.44,260.00,0.6330,-0.1741,0.0196,0.7541,-2.99,-2.66,13.16,36.50,-48.19,-10.06,13.76,0,1.70,-0.0475,0.0500,92,0.737,0.557,45.39,0.76,71.139,0
phase1 acc_mag=12.600 gravity=9.969 motion=2.631 moving_avg=1.985 rms=2.624 mean_rms=2.477 max_rms=2.624 min_rms=2.325 std=0.057 var=0.003 state=slow thr=2.591/2.791/3.291
-14.19,9.19,260.38,0.6395,-0.1401,0.0203,0.7557,-3.56,-2.30,9.93,51.69,-34.25,-0.06,10.80,0,1.70,-0.0372,0.0420,92,0.737,0.557,45.39,0.76,71.139,0
-11.94,5.50,259.88,0.6378,-0.1105,0.0310,0.7616,-3.15,-1.65,4.99,23.12,-9.94,13.44,6.13,0,1.70,-0.0258,0.0376,93,0.755,0.613,48.74,0.81,71.893,0
-12.12,5.00,259.31,0.6342,-0.1092,0.0345,0.7646,-0.60,-0.05,3.77,-10.94,14.31,6.06,3.82,0,1.70,-0.0246,0.0382,93,0.755,0.613,48.74,0.81,71.893,0
-14.12,7.25,259.44,0.6329,-0.1345,0.0311,0.7618,-1.85,-1.05,7.22,-37.50,45.50,-7.19,7.53,0,1.70,-0.0331,0.0435,93,0.755,0.613,48.74,0.81,71.893,0
phase1 acc_mag=10.138 gravity=9.376 motion=0.762 moving_avg=1.960 rms=2.565 mean_rms=2.511 max_rms=2.840 min_rms=2.325 std=0.095 var=0.009 state=standing thr=2.702/2.902/3.402
-16.19,9.38,260.25,0.6360,-0.1594,0.0302,0.7544,-4.00,-1.62,10.94,-23.00,18.56,-14.06,11.76,0,1.70,-0.0404,0.0497,93,0.755,0.613,48.74,0.81,71.893,0
-16.88,10.81,260.62,0.6370,-0.1743,0.0252,0.7505,-2.94,-1.86,11.48,-24.19,18.88,-1.00,12.00,0,1.70,-0.0459,0.0520,93,0.755,0.613,48.74,0.81,71.893,0
-18.25,12.25,260.12,0.6315,-0.1895,0.0245,0.7515,-3.12,-1.53,9.80,-10.81,12.00,6.12,10.40,0,1.70,-0.0508,0.0552,93,0.755,0.613,48.74,0.81,71.893,0
-18.38,12.50,259.81,0.6298,-0.1906,0.0229,0.7527,-2.93,-2.21,10.14,0.94,-5.44,3.31,10.78,0,1.70,-0.0516,0.0549,93,0.755,0.613,48.74,0.81,71.893,0
phase1 acc_mag=10.863 gravity=9.751 motion=1.112 moving_avg=1.638 rms=2.202 mean_rms=2.488 max_rms=2.840 min_rms=2.202 std=0.126 var=0.016 state=standing thr=2.741/2.941/3.441
-18.12,11.94,259.62,0.6287,-0.1852,0.0253,0.7548,-3.29,-1.98,9.15,11.94,-5.06,5.81,9.92,0,1.70,-0.0496,0.0542,93,0.755,0.613,48.74,0.81,71.893,0
-17.69,10.94,259.50,0.6290,-0.1780,0.0280,0.7562,-2.92,-1.81,8.47,7.50,-6.69,-0.19,9.14,0,1.70,-0.0468,0.0533,93,0.755,0.613,48.74,0.81,71.893,0
-17.56,10.75,259.56,0.6302,-0.1758,0.0290,0.7557,-2.85,-1.72,8.36,3.50,-0.19,-4.00,9.00,0,1.70,-0.0458,0.0531,93,0.755,0.613,48.74,0.81,71.893,0
phase1 acc_mag=9.469 gravity=9.600 motion=0.131 moving_avg=1.589 rms=2.181 mean_rms=2.422 max_rms=2.840 min_rms=2.181 std=0.175 var=0.031 state=standing thr=2.773/2.973/3.473
-17.81,11.00,259.88,0.6316,-0.1786,0.0291,0.7538,-3.05,-1.71,8.80,-5.94,5.31,-3.75,9.47,0,1.70,-0.0465,0.0539,93,0.755,0.613,48.74,0.81,71.893,0
-18.25,11.75,260.12,0.6324,-0.1857,0.0274,0.7516,-3.32,-1.91,8.74,-9.50,6.69,-3.44,9.54,0,1.70,-0.0489,0.0552,93,0.755,0.613,48.74,0.81,71.893,0
-18.69,12.56,260.38,0.6331,-0.1929,0.0251,0.7493,-2.99,-1.27,8.32,-8.69,9.81,-5.06,8.93,0,1.70,-0.0515,0.0564,93,0.755,0.613,48.74,0.81,71.893,0
-19.50,14.06,260.56,0.6324,-0.2065,0.0210,0.7463,-3.45,-2.10,10.47,-17.94,15.25,-4.25,11.22,0,1.70,-0.0563,0.0585,93,0.755,0.613,48.74,0.81,71.893,0
phase1 acc_mag=14.405 gravity=9.821 motion=4.584 moving_avg=1.670 rms=2.271 mean_rms=2.362 max_rms=2.840 min_rms=2.159 std=0.197 var=0.039 state=standing thr=2.757/2.957/3.457
-20.12,14.81,260.56,0.6312,-0.2148,0.0209,0.7451,-3.16,-2.76,13.78,-8.00,10.00,4.06,14.40,0,1.70,-0.0587,0.0605,93,0.755,0.613,48.74,0.81,71.893,0
-20.12,12.62,260.44,0.6329,-0.1976,0.0355,0.7477,-4.88,-2.43,10.95,52.44,-29.94,4.19,12.23,0,1.70,-0.0501,0.0606,93,0.755,0.613,48.74,0.81,71.893,0
-16.81,8.00,260.75,0.6396,-0.1559,0.0437,0.7515,-3.12,-0.61,7.68,63.81,-62.31,-1.31,8.31,0,1.70,-0.0357,0.0530,93,0.755,0.613,48.74,0.81,71.893,0
-14.88,5.38,260.50,0.6400,-0.1260,0.0504,0.7563,-2.25,-0.82,4.85,34.31,-14.62,10.81,5.41,0,1.70,-0.0252,0.0475,94,0.748,0.612,49.10,0.82,72.641,0
phase1 acc_mag=4.194 gravity=9.222 motion=5.027 moving_avg=1.802 rms=2.456 mean_rms=2.325 max_rms=2.840 min_rms=2.159 std=0.177 var=0.032 state=standing thr=2.680/2.880/3.380
-14.38,4.19,259.81,0.6364,-0.1194,0.0533,0.7602,-1.30,-0.01,3.88,-8.50,-0.94,10.19,4.09,0,1.70,-0.0227,0.0466,94,0.748,0.612,49.10,0.82,72.641,0
-15.62,6.94,259.44,0.6321,-0.1429,0.0417,0.7604,-3.37,-1.80,7.50,-41.38,24.81,-5.75,8.42,0,1.70,-0.0329,0.0488,94,0.748,0.612,49.10,0.82,72.641,0
-17.38,9.81,259.75,0.6318,-0.1698,0.0340,0.7555,-3.25,-1.79,10.44,-35.81,31.44,-10.50,11.08,0,1.70,-0.0427,0.0532,94,0.748,0.612,49.10,0.82,72.641,0
-19.19,12.38,260.25,0.6320,-0.1975,0.0289,0.7488,-3.36,-2.13,12.02,-22.06,23.19,-6.06,12.66,0,1.70,-0.0519,0.0586,94,0.748,0.612,49.10,0.82,72.641,0
phase1 acc_mag=12.422 gravity=9.825 motion=2.597 moving_avg=1.533 rms=2.068 mean_rms=2.254 max_rms=2.562 min_rms=2.032 std=0.120 var=0.014 state=standing thr=2.494/2.694/3.194
-20.38,13.38,260.31,0.6308,-0.2079,0.0298,0.7469,-3.76,-1.79,10.69,-5.94,7.50,3.12,11.47,0,1.70,-0.0546,0.0614,94,0.748,0.612,49.10,0.82,72.641,0
-20.25,13.44,259.88,0.6277,-0.2069,0.0278,0.7499,-3.39,-2.03,9.22,1.19,-9.56,6.75,10.03,0,1.70,-0.0551,0.0603,94,0.748,0.612,49.10,0.82,72.641,0
-19.69,12.88,259.44,0.6261,-0.2009,0.0275,0.7529,-3.11,-2.08,8.83,7.62,-4.25,4.38,9.59,0,1.70,-0.0536,0.0586,94,0.748,0.612,49.10,0.82,72.641,0
phase1 acc_mag=9.173 gravity=9.673 motion=0.500 moving_avg=1.424 rms=2.012 mean_rms=2.199 max_rms=2.562 min_rms=2.012 std=0.144 var=0.021 state=standing thr=2.488/2.688/3.188
-19.56,12.56,259.38,0.6259,-0.1981,0.0287,0.7538,-3.41,-2.03,8.27,2.06,-3.12,1.00,9.17,0,1.70,-0.0525,0.0583,94,0.748,0.612,49.10,0.82,72.641,0
-19.56,12.19,259.56,0.6277,-0.1968,0.0316,0.7526,-2.89,-1.94,7.91,0.19,1.81,-3.56,8.64,0,1.70,-0.0513,0.0589,94,0.748,0.612,49.10,0.82,72.641,0
-20.19,12.50,259.75,0.6277,-0.2020,0.0334,0.7510,-3.38,-2.02,8.10,-2.75,13.12,-1.38,9.01,0,1.70,-0.0523,0.0607,94,0.748,0.612,49.10,0.82,72.641,0
-21.06,13.12,260.12,0.6289,-0.2126,0.0352,0.7470,-3.70,-2.13,9.06,-9.56,17.88,-6.19,10.02,0,1.70,-0.0547,0.0640,94,0.748,0.612,49.10,0.82,72.641,0
phase1 acc_mag=10.566 gravity=9.675 motion=0.891 moving_avg=1.483 rms=2.031 mean_rms=2.167 max_rms=2.562 min_rms=2.012 std=0.161 var=0.026 state=standing thr=2.489/2.689/3.189
-21.31,14.56,260.50,0.6303,-0.2205,0.0289,0.7438,-3.13,-1.35,10.39,-27.75,-1.31,-14.19,10.93,0,1.70,-0.0583,0.0642,94,0.748,0.612,49.10,0.82,72.641,0
-20.75,15.00,260.88,0.6329,-0.2155,0.0239,0.7432,-3.90,-2.64,12.88,33.25,-31.44,9.06,13.71,0,1.70,-0.0580,0.0616,94,0.748,0.612,49.10,0.82,72.641,0
-18.19,11.62,260.50,0.6351,-0.1843,0.0283,0.7496,-3.43,-2.71,11.56,46.62,-41.12,6.56,12.36,0,1.70,-0.0481,0.0553,94,0.748,0.612,49.10,0.82,72.641,0
-16.19,6.44,259.69,0.6337,-0.1435,0.0485,0.7586,-2.93,-0.99,6.53,55.56,-17.50,23.44,7.23,0,1.70,-0.0312,0.0511,94,0.748,0.612,49.10,0.82,72.641,0
phase1 acc_mag=6.209 gravity=9.868 motion=3.659 moving_avg=1.759 rms=2.246 mean_rms=2.178 max_rms=2.562 min_rms=2.012 std=0.168 var=0.028 state=standing thr=2.514/2.714/3.214
-14.81,3.88,258.81,0.6291,-0.1189,0.0562,0.7662,-1.00,0.17,3.30,9.94,-24.44,9.19,3.45,0,1.70,-0.0223,0.0471,95,0.767,0.652,51.02,0.85,73.408,0
-14.50,4.62,258.69,0.6284,-0.1232,0.0496,0.7665,-0.31,-0.46,3.80,-21.88,18.62,-4.31,3.84,0,1.70,-0.0253,0.0462,95,0.767,0.652,51.02,0.85,73.408,0
-17.31,7.50,259.12,0.6293,-0.1631,0.0464,0.7584,-4.52,-1.86,8.20,-54.19,50.25,-21.69,9.55,0,1.70,-0.0378,0.0552,95,0.767,0.652,51.02,0.85,73.408,0
-19.75,11.00,260.44,0.6334,-0.1907,0.0413,0.7488,-4.16,-2.34,13.48,-33.06,19.62,-18.31,14.30,0,1.70,-0.0467,0.0607,95,0.767,0.652,51.02,0.85,73.408,0
phase1 acc_mag=14.636 gravity=9.797 motion=4.839 moving_avg=2.033 rms=2.663 mean_rms=2.233 max_rms=2.777 min_rms=2.012 std=0.254 var=0.065 state=standing thr=2.742/2.942/3.442
-20.38,12.25,261.00,0.6359,-0.2018,0.0386,0.7440,-3.59,-2.04,12.40,-3.06,6.75,-3.12,13.07,0,1.70,-0.0503,0.0628,95,0.767,0.652,51.02,0.85,73.408,0
-20.44,12.50,260.81,0.6345,-0.2036,0.0367,0.7448,-3.53,-1.37,9.73,-2.06,-8.44,0.25,10.44,0,1.70,-0.0513,0.0626,95,0.767,0.652,51.02,0.85,73.408,0
-19.81,12.19,260.69,0.6343,-0.1967,0.0342,0.7469,-3.30,-1.59,8.66,6.31,-13.25,3.38,9.40,0,1.70,-0.0501,0.0601,95,0.767,0.652,51.02,0.85,73.408,0
-19.25,11.69,260.50,0.6339,-0.1919,0.0341,0.7484,-3.22,-1.73,8.05,4.75,-3.00,4.00,8.84,0,1.70,-0.0488,0.0589,95,0.767,0.652,51.02,0.85,73.408,0
phase1 acc_mag=9.163 gravity=9.804 motion=0.641 moving_avg=1.825 rms=2.557 mean_rms=2.322 max_rms=2.777 min_rms=2.012 std=0.289 var=0.084 state=standing thr=2.901/3.101/3.601
-19.19,11.56,260.38,0.6331,-0.1906,0.0347,0.7495,-3.48,-1.85,8.21,0.69,-2.12,-2.00,9.11,0,1.70,-0.0484,0.0587,95,0.767,0.652,51.02,0.85,73.408,0
-19.25,11.75,260.44,0.6336,-0.1918,0.0336,0.7488,-2.98,-1.99,8.58,-5.38,2.81,-0.50,9.30,0,1.70,-0.0489,0.0587,95,0.767,0.652,51.02,0.85,73.408,0
-19.94,12.25,260.44,0.6326,-0.2005,0.0348,0.7473,-3.05,-1.84,8.52,-12.00,15.56,-0.12,9.23,0,1.70,-0.0511,0.0611,95,0.767,0.652,51.02,0.85,73.408,0
-21.12,13.06,260.50,0.6312,-0.2110,0.0369,0.7454,-3.68,-2.17,9.22,-3.31,10.06,-2.62,10.16,0,1.70,-0.0536,0.0643,95,0.767,0.652,51.02,0.85,73.408,0
phase1 acc_mag=10.318 gravity=9.699 motion=0.619 moving_avg=1.831 rms=2.553 mean_rms=2.434 max_rms=2.777 min_rms=2.017 std=0.252 var=0.063 state=standing thr=2.938/3.138/3.638
-21.31,13.25,260.69,0.6323,-0.2130,0.0372,0.7440,-2.75,-2.06,10.16,-0.62,0.50,-6.12,10.73,0,1.70,-0.0540,0.0650,95,0.767,0.652,51.02,0.85,73.408,0
-21.31,14.06,261.06,0.6349,-0.2178,0.0324,0.7405,-3.72,-2.50,12.18,-6.25,-0.69,-10.56,12.98,0,1.70,-0.0563,0.0649,95,0.767,0.652,51.02,0.85,73.408,0
-19.69,12.06,261.69,0.6412,-0.1959,0.0364,0.7410,-3.51,-2.63,11.78,48.12,-34.88,0.06,12.57,0,1.70,-0.0487,0.0610,95,0.767,0.652,51.02,0.85,73.408,0
-17.56,8.12,261.81,0.6457,-0.1608,0.0487,0.7449,-3.50,-1.63,7.76,57.50,-29.50,11.69,8.67,0,1.70,-0.0353,0.0560,95,0.767,0.652,51.02,0.85,73.408,0
phase1 acc_mag=6.686 gravity=10.056 motion=3.370 moving_avg=2.032 rms=2.686 mean_rms=2.562 max_rms=2.777 min_rms=2.155 std=0.153 var=0.023 state=standing thr=2.869/3.069/3.569
-16.75,5.62,261.44,0.6448,-0.1419,0.0594,0.7487,-1.55,-0.22,4.35,5.12,3.62,2.31,4.62,0,1.70,-0.0272,0.0544,96,0.764,0.671,52.68,0.88,74.172,0
-18.06,6.12,261.19,0.6417,-0.1531,0.0632,0.7488,-1.21,-0.69,3.82,-16.56,25.19,-0.50,4.07,0,1.70,-0.0297,0.0582,96,0.764,0.671,52.68,0.88,74.172,0
-19.56,8.06,262.06,0.6465,-0.1758,0.0596,0.7399,-4.05,-1.81,8.62,-30.94,16.19,-26.56,9.69,0,1.70,-0.0366,0.0631,96,0.764,0.671,52.68,0.88,74.172,0
-20.12,10.00,263.38,0.6524,-0.1865,0.0548,0.7325,-3.85,-1.40,11.30,-19.44,12.19,-7.88,12.02,0,1.70,-0.0404,0.0647,96,0.764,0.671,52.68,0.88,74.172,0
phase1 acc_mag=12.503 gravity=9.648 motion=2.855 moving_avg=2.079 rms=2.704 mean_rms=2.684 max_rms=3.008 min_rms=2.550 std=0.127 var=0.016 state=standing thr=2.938/3.138/3.638
-21.06,11.44,263.25,0.6501,-0.2004,0.0513,0.7311,-3.57,-1.44,11.44,-14.56,10.62,3.94,12.07,0,1.70,-0.0453,0.0671,96,0.764,0.671,52.68,0.88,74.172,0
-21.44,11.75,262.62,0.6456,-0.2047,0.0505,0.7339,-3.62,-1.32,10.40,-3.62,-0.06,12.88,11.09,0,1.70,-0.0470,0.0677,96,0.764,0.671,52.68,0.88,74.172,0
-21.19,11.56,261.94,0.6411,-0.2018,0.0486,0.7389,-3.46,-1.67,8.97,0.44,-11.25,9.00,9.76,0,1.70,-0.0472,0.0661,96,0.764,0.671,52.68,0.88,74.172,0
-20.56,10.94,261.50,0.6395,-0.1954,0.0484,0.7420,-3.37,-1.80,8.84,8.06,-6.19,5.94,9.63,0,1.70,-0.0456,0.0643,96,0.764,0.671,52.68,0.88,74.172,0
phase1 acc_mag=9.353 gravity=9.724 motion=0.371 moving_avg=1.596 rms=2.219 mean_rms=2.629 max_rms=3.008 min_rms=2.219 std=0.171 var=0.029 state=standing thr=2.970/3.170/3.670
-20.44,10.38,261.19,0.6379,-0.1916,0.0513,0.7441,-3.01,-1.98,8.58,7.56,7.50,2.69,9.31,0,1.70,-0.0439,0.0642,96,0.764,0.671,52.68,0.88,74.172,0
-20.56,9.88,261.38,0.6392,-0.1895,0.0545,0.7433,-3.15,-1.46,7.85,5.19,0.88,-2.12,8.58,0,1.70,-0.0424,0.0647,96,0.764,0.671,52.68,0.88,74.172,0
-20.94,10.19,261.50,0.6396,-0.1956,0.0548,0.7414,-2.97,-1.06,7.80,-19.06,13.44,-3.44,8.41,0,1.70,-0.0440,0.0663,96,0.764,0.671,52.68,0.88,74.172,0
phase1 acc_mag=9.892 gravity=9.635 motion=0.256 moving_avg=1.609 rms=2.225 mean_rms=2.548 max_rms=3.008 min_rms=2.218 std=0.237 var=0.056 state=standing thr=3.022/3.222/3.722
-21.75,11.62,261.75,0.6395,-0.2065,0.0516,0.7387,-3.72,-1.57,9.03,-12.62,12.06,-3.38,9.89,0,1.70,-0.0478,0.0681,96,0.764,0.671,52.68,0.88,74.172,0
-22.00,12.75,261.88,0.6397,-0.2142,0.0465,0.7367,-4.21,-2.30,10.99,-4.25,-0.88,-4.00,11.99,0,1.70,-0.0512,0.0685,96,0.764,0.671,52.68,0.88,74.172,0
-21.62,12.12,262.00,0.6412,-0.2086,0.0485,0.7369,-3.61,-1.54,10.79,17.44,-11.31,-1.38,11.48,0,1.70,-0.0490,0.0678,96,0.764,0.671,52.68,0.88,74.172,0
-20.25,9.88,262.44,0.6464,-0.1871,0.0549,0.7377,-4.46,-1.95,11.08,34.69,-23.25,2.25,12.10,0,1.70,-0.0410,0.0646,96,0.764,0.671,52.68,0.88,74.172,0
phase1 acc_mag=11.249 gravity=9.986 motion=1.263 moving_avg=1.837 rms=2.341 mean_rms=2.496 max_rms=3.008 min_rms=2.218 std=0.259 var=0.067 state=standing thr=3.015/3.215/3.715
-18.44,6.75,262.06,0.6471,-0.1588,0.0628,0.7430,-3.33,-1.53,8.39,39.44,-28.25,13.75,9.16,0,1.70,-0.0309,0.0598,96,0.764,0.671,52.68,0.88,74.172,0
-17.19,4.50,261.50,0.6451,-0.1384,0.0692,0.7483,-2.04,-0.35,4.75,28.19,-21.81,14.62,5.18,0,1.70,-0.0236,0.0564,97,0.695,0.599,51.72,0.86,74.867,0
-16.12,3.69,260.75,0.6406,-0.1284,0.0665,0.7542,-0.32,0.36,3.95,-13.31,1.31,8.94,3.98,0,1.70,-0.0217,0.0529,97,0.695,0.599,51.72,0.86,74.867,0
-17.75,5.88,260.56,0.6383,-0.1498,0.0622,0.7524,-3.50,-1.08,7.94,-40.25,41.75,-9.56,8.74,0,1.70,-0.0292,0.0570,97,0.695,0.599,51.72,0.86,74.867,0
phase1 acc_mag=11.378 gravity=9.108 motion=2.270 moving_avg=1.938 rms=2.528 mean_rms=2.454 max_rms=3.008 min_rms=2.218 std=0.250 var=0.062 state=standing thr=2.954/3.154/3.654
-20.25,9.50,260.88,0.6366,-0.1888,0.0533,0.7458,-4.24,-1.94,11.89,-30.56,23.31,-7.38,12.77,0,1.70,-0.0428,0.0640,97,0.695,0.599,51.72,0.86,74.867,0
-21.25,11.19,261.31,0.6377,-0.2009,0.0507,0.7419,-3.92,-1.75,11.81,-12.06,12.44,-8.56,12.57,0,1.70,-0.0467,0.0663,97,0.695,0.599,51.72,0.86,74.867,0
-21.50,11.50,261.50,0.6385,-0.2040,0.0505,0.7404,-3.78,-1.25,9.53,5.12,-1.56,1.00,10.33,0,1.70,-0.0475,0.0671,97,0.695,0.599,51.72,0.86,74.867,0
-21.56,11.44,261.31,0.6370,-0.2039,0.0507,0.7417,-3.68,-1.45,9.03,0.38,-2.75,3.19,9.86,0,1.70,-0.0476,0.0670,97,0.695,0.599,51.72,0.86,74.867,0
phase1 acc_mag=10.145 gravity=9.823 motion=0.322 moving_avg=1.527 rms=2.058 mean_rms=2.319 max_rms=2.614 min_rms=2.058 std=0.137 var=0.019 state=standing thr=2.593/2.793/3.293
-21.06,11.06,261.19,0.6371,-0.1994,0.0502,0.7429,-3.41,-1.76,8.80,8.06,-7.00,3.19,9.60,0,1.70,-0.0465,0.0657,97,0.695,0.599,51.72,0.86,74.867,0
-20.62,10.44,261.19,0.6379,-0.1927,0.0509,0.7439,-3.07,-1.39,8.08,1.69,-5.56,-2.19,8.75,0,1.70,-0.0444,0.0643,97,0.695,0.599,51.72,0.86,74.867,0
-20.69,10.81,261.25,0.6380,-0.1954,0.0494,0.7432,-3.18,-1.53,8.04,-6.69,4.69,-2.75,8.78,0,1.70,-0.0455,0.0645,97,0.695,0.599,51.72,0.86,74.867,0
phase1 acc_mag=10.294 gravity=9.563 motion=0.732 moving_avg=1.492 rms=2.021 mean_rms=2.239 max_rms=2.611 min_rms=2.009 std=0.161 var=0.026 state=standing thr=2.562/2.762/3.262
-21.19,11.75,261.31,0.6373,-0.2047,0.0465,0.7415,-3.85,-1.83,9.37,-11.81,3.69,-3.75,10.29,0,1.70,-0.0488,0.0660,97,0.695,0.599,51.72,0.86,74.867,0
-21.19,12.00,261.50,0.6386,-0.2042,0.0457,0.7405,-3.41,-1.65,11.16,9.81,-7.44,-1.81,11.79,0,1.70,-0.0488,0.0657,97,0.695,0.599,51.72,0.86,74.867,0
-20.12,10.50,261.31,0.6390,-0.1901,0.0480,0.7438,-3.28,-1.81,13.51,27.50,-22.50,9.56,14.02,0,1.70,-0.0443,0.0629,97,0.695,0.599,51.72,0.86,74.867,0
-18.44,8.31,260.62,0.6373,-0.1641,0.0510,0.7513,-4.49,-1.69,10.37,30.88,-30.81,8.75,11.43,0,1.70,-0.0363,0.0572,97,0.695,0.599,51.72,0.86,74.867,0
phase1 acc_mag=8.536 gravity=10.056 motion=1.520 moving_avg=1.783 rms=2.250 mean_rms=2.224 max_rms=2.611 min_rms=2.009 std=0.170 var=0.029 state=standing thr=2.564/2.764/3.264
-15.69,5.12,260.50,0.6398,-0.1326,0.0549,0.7550,-3.22,-0.30,5.45,55.38,-48.69,2.62,6.34,0,1.70,-0.0260,0.0505,97,0.695,0.599,51.72,0.86,74.867,0
-12.81,2.88,260.25,0.6406,-0.1017,0.0529,0.7593,-1.44,-0.20,4.07,6.19,-29.12,8.25,4.32,0,1.70,-0.0173,0.0421,98,0.754,0.706,56.18,0.94,75.621,0
-13.06,3.81,259.69,0.6362,-0.1086,0.0481,0.7623,-1.17,-0.58,6.37,-24.69,26.00,4.50,6.50,0,1.70,-0.0209,0.0423,98,0.754,0.706,56.18,0.94,75.621,0
-16.12,6.69,259.88,0.6349,-0.1497,0.0464,0.7565,-3.84,-1.26,9.77,-43.62,45.88,-12.56,10.57,0,1.70,-0.0335,0.0520,98,0.754,0.706,56.18,0.94,75.621,0
phase1 acc_mag=11.595 gravity=9.129 motion=2.465 moving_avg=2.102 rms=2.668 mean_rms=2.278 max_rms=2.672 min_rms=2.009 std=0.225 var=0.051 state=standing thr=2.728/2.928/3.428
-18.56,9.88,260.50,0.6356,-0.1776,0.0414,0.7502,-3.44,-1.82,11.43,-30.12,24.06,-8.56,12.07,0,1.70,-0.0428,0.0576,98,0.754,0.706,56.18,0.94,75.621,0
-19.75,11.44,260.56,0.6339,-0.1946,0.0385,0.7476,-3.45,-1.44,10.61,-10.81,5.50,1.19,11.25,0,1.70,-0.0484,0.0609,98,0.754,0.706,56.18,0.94,75.621,0
-19.88,11.75,260.38,0.6324,-0.1958,0.0373,0.7485,-3.25,-1.74,10.19,1.44,-2.12,3.25,10.84,0,1.70,-0.0492,0.0607,98,0.754,0.706,56.18,0.94,75.621,0
phase1 acc_mag=10.147 gravity=9.962 motion=0.185 moving_avg=1.740 rms=2.256 mean_rms=2.277 max_rms=2.687 min_rms=2.009 std=0.230 var=0.053 state=standing thr=2.737/2.937/3.437
-19.44,11.06,260.12,0.6317,-0.1881,0.0388,0.7510,-3.21,-1.61,9.49,13.12,-13.00,3.19,10.15,0,1.70,-0.0467,0.0592,98,0.754,0.706,56.18,0.94,75.621,0
-18.50,9.69,260.19,0.6340,-0.1750,0.0422,0.7521,-3.32,-1.57,8.14,8.62,-5.19,-1.44,8.93,0,1.70,-0.0419,0.0571,98,0.754,0.706,56.18,0.94,75.621,0
-18.50,9.50,260.25,0.6339,-0.1747,0.0432,0.7521,-3.20,-1.44,8.20,-1.50,1.31,-2.50,8.92,0,1.70,-0.0416,0.0573,98,0.754,0.706,56.18,0.94,75.621,0
-18.56,9.56,260.44,0.6354,-0.1758,0.0437,0.7506,-2.92,-1.63,8.83,2.19,5.31,-0.56,9.44,0,1.70,-0.0417,0.0578,98,0.754,0.706,56.18,0.94,75.621,0
phase1 acc_mag=9.315 gravity=9.597 motion=0.282 moving_avg=1.630 rms=2.147 mean_rms=2.273 max_rms=2.687 min_rms=2.009 std=0.228 var=0.052 state=standing thr=2.729/2.929/3.429
-19.06,9.81,260.56,0.6354,-0.1808,0.0449,0.7493,-3.33,-1.36,8.69,-8.25,9.50,-1.38,9.41,0,1.70,-0.0428,0.0594,98,0.754,0.706,56.18,0.94,75.621,0
-19.44,10.31,260.81,0.6364,-0.1853,0.0444,0.7475,-3.02,-1.46,9.58,-4.00,6.38,-4.50,10.15,0,1.70,-0.0441,0.0605,98,0.754,0.706,56.18,0.94,75.621,0
-19.88,10.81,261.00,0.6371,-0.1906,0.0442,0.7455,-3.67,-1.53,10.17,-3.12,3.62,-2.69,10.92,0,1.70,-0.0456,0.0618,98,0.754,0.706,56.18,0.94,75.621,0
-19.44,10.44,261.38,0.6408,-0.1841,0.0447,0.7439,-2.59,-1.59,12.75,15.25,-13.00,-9.31,13.11,0,1.70,-0.0433,0.0605,98,0.754,0.706,56.18,0.94,75.621,0
phase1 acc_mag=14.103 gravity=9.958 motion=4.145 moving_avg=1.760 rms=2.258 mean_rms=2.302 max_rms=2.687 min_rms=2.028 std=0.202 var=0.041 state=standing thr=2.706/2.906/3.406
-18.12,8.12,262.19,0.6475,-0.1642,0.0525,0.7422,-3.16,-2.23,11.57,59.94,-24.38,-3.56,12.20,0,1.70,-0.0352,0.0581,98,0.754,0.706,56.18,0.94,75.621,0
-16.38,3.38,262.44,0.6522,-0.1263,0.0723,0.7440,-2.87,-0.65,6.43,46.81,-19.62,6.88,7.07,0,1.70,-0.0187,0.0545,98,0.754,0.706,56.18,0.94,75.621,0
-15.00,1.56,262.44,0.6533,-0.1072,0.0762,0.7456,-1.69,-0.14,4.36,1.88,-16.06,9.19,4.68,0,1.70,-0.0120,0.0507,99,0.734,0.629,51.37,0.86,76.355,0
phase1 acc_mag=5.378 gravity=9.082 motion=3.705 moving_avg=1.979 rms=2.582 mean_rms=2.339 max_rms=2.687 min_rms=2.138 std=0.195 var=0.038 state=standing thr=2.729/2.929/3.429
-15.25,2.75,261.75,0.6478,-0.1190,0.0681,0.7494,-1.69,-0.23,5.10,-35.50,21.00,2.69,5.38,0,1.70,-0.0180,0.0512,99,0.734,0.629,51.37,0.86,76.355,0
-18.12,8.00,262.00,0.6465,-0.1635,0.0529,0.7432,-4.17,-1.95,10.84,-47.69,30.31,-10.81,11.78,0,1.70,-0.0349,0.0580,99,0.734,0.629,51.37,0.86,76.355,0
-19.44,10.25,262.00,0.6443,-0.1843,0.0468,0.7407,-3.47,-1.84,12.04,-29.25,20.44,-2.50,12.66,0,1.70,-0.0426,0.0614,99,0.734,0.629,51.37,0.86,76.355,0
-20.50,11.38,261.62,0.6397,-0.1980,0.0457,0.7413,-3.58,-1.28,10.30,-4.38,6.69,5.50,10.98,0,1.70,-0.0470,0.0642,99,0.734,0.629,51.37,0.86,76.355,0
phase1 acc_mag=10.753 gravity=9.917 motion=0.837 moving_avg=1.734 rms=2.239 mean_rms=2.281 max_rms=2.687 min_rms=2.138 std=0.145 var=0.021 state=standing thr=2.572/2.772/3.272
-20.50,11.06,261.25,0.6379,-0.1946,0.0472,0.7436,-3.40,-1.57,9.96,9.75,-7.19,4.56,10.64,0,1.70,-0.0458,0.0637,99,0.734,0.629,51.37,0.86,76.355,0
-20.19,10.25,260.94,0.6368,-0.1885,0.0498,0.7460,-3.57,-1.82,9.35,12.12,-6.50,3.88,10.17,0,1.70,-0.0436,0.0629,99,0.734,0.629,51.37,0.86,76.355,0
-19.81,9.12,260.69,0.6359,-0.1812,0.0539,0.7483,-3.06,-1.55,8.60,15.62,-2.50,6.12,9.26,0,1.70,-0.0405,0.0622,99,0.734,0.629,51.37,0.86,76.355,0
-19.69,8.75,260.69,0.6364,-0.1782,0.0553,0.7485,-3.19,-1.60,8.30,1.44,-5.25,-1.50,9.03,0,1.70,-0.0393,0.0619,99,0.734,0.629,51.37,0.86,76.355,0
phase1 acc_mag=8.881 gravity=9.612 motion=0.731 moving_avg=1.563 rms=2.129 mean_rms=2.225 max_rms=2.582 min_rms=2.125 std=0.115 var=0.013 state=standing thr=2.455/2.655/3.155
-19.75,8.75,260.81,0.6370,-0.1786,0.0559,0.7478,-3.44,-1.40,8.40,-3.62,1.50,-3.62,9.18,0,1.70,-0.0392,0.0622,99,0.734,0.629,51.37,0.86,76.355,0
-19.69,9.25,261.06,0.6387,-0.1812,0.0524,0.7460,-3.29,-1.67,9.04,-8.50,1.75,-5.44,9.76,0,1.70,-0.0407,0.0619,99,0.734,0.629,51.37,0.86,76.355,0
-19.81,9.94,261.19,0.6388,-0.1853,0.0494,0.7451,-3.14,-1.53,9.36,-4.88,1.19,-2.19,9.99,0,1.70,-0.0426,0.0621,99,0.734,0.629,51.37,0.86,76.355,0
-20.06,10.19,261.25,0.6390,-0.1884,0.0498,0.7441,-3.50,-1.57,9.69,-2.12,1.31,-2.56,10.42,0,1.70,-0.0433,0.0630,99,0.734,0.629,51.37,0.86,76.355,0
phase1 acc_mag=10.441 gravity=9.741 motion=0.700 moving_avg=1.502 rms=2.115 mean_rms=2.218 max_rms=2.582 min_rms=2.112 std=0.120 var=0.014 state=standing thr=2.458/2.658/3.158
-19.88,10.06,261.31,0.6397,-0.1861,0.0495,0.7441,-3.30,-1.23,10.44,5.50,-4.50,0.38,11.02,0,1.70,-0.0427,0.0624,99,0.734,0.629,51.37,0.86,76.355,0
-19.31,9.25,261.62,0.6431,-0.1763,0.0525,0.7434,-6.56,-2.19,14.43,24.31,-7.75,0.00,16.00,0,1.70,-0.0389,0.0609,99,0.734,0.629,51.37,0.86,76.355,0
-16.00,4.56,261.44,0.6456,-0.1312,0.0616,0.7498,-2.65,-0.91,9.08,80.75,-66.25,16.62,9.50,0,1.70,-0.0234,0.0524,99,0.734,0.629,51.37,0.86,76.355,0
phase1 acc_mag=6.190 gravity=9.699 motion=3.509 moving_avg=1.697 rms=2.344 mean_rms=2.239 max_rms=2.582 min_rms=2.112 std=0.128 var=0.017 state=standing thr=2.496/2.696/3.196
-13.25,0.56,260.56,0.6408,-0.0886,0.0724,0.7591,-1.20,-0.87,6.01,31.88,-16.00,27.31,6.19,0,1.70,-0.0084,0.0447,100,0.773,0.632,49.06,0.82,77.128,1
-12.44,-1.31,258.69,0.6290,-0.0782,0.0764,0.7697,0.56,0.88,1.87,-28.62,4.12,17.50,2.14,0,1.70,-0.0049,0.0432,100,0.773,0.632,49.06,0.82,77.128,0
-15.12,1.81,258.44,0.6270,-0.1117,0.0714,0.7677,-3.47,0.38,5.61,-39.38,50.00,-16.62,6.61,0,1.70,-0.0164,0.0499,100,0.773,0.632,49.06,0.82,77.128,0
-17.31,4.38,259.25,0.6302,-0.1400,0.0677,0.7607,-4.05,-2.09,12.02,-57.69,39.12,-14.31,12.85,0,1.70,-0.0255,0.0559,100,0.773,0.632,49.06,0.82,77.128,0
phase1 acc_mag=12.742 gravity=9.854 motion=2.888 moving_avg=1.803 rms=2.545 mean_rms=2.293 max_rms=2.806 min_rms=2.112 std=0.204 var=0.042 state=standing thr=2.701/2.901/3.401
-18.88,6.69,259.81,0.6318,-0.1655,0.0612,0.7548,-3.77,-1.81,12.32,-34.38,21.50,-8.38,13.01,0,1.70,-0.0345,0.0603,100,0.773,0.632,49.06,0.82,77.128,0
-19.81,8.44,259.81,0.6307,-0.1774,0.0568,0.7534,-3.72,-1.21,10.77,-12.75,6.62,-0.19,11.46,0,1.70,-0.0391,0.0619,100,0.773,0.632,49.06,0.82,77.128,0
-19.81,8.69,259.50,0.6281,-0.1789,0.0543,0.7553,-2.86,-1.24,9.68,0.19,-5.06,4.31,10.17,0,1.70,-0.0404,0.0613,100,0.773,0.632,49.06,0.82,77.128,0
-19.25,8.19,259.44,0.6285,-0.1732,0.0545,0.7563,-3.01,-1.32,9.55,11.00,-9.50,2.56,10.10,0,1.70,-0.0387,0.0600,100,0.773,0.632,49.06,0.82,77.128,0
phase1 acc_mag=8.905 gravity=9.720 motion=0.815 moving_avg=1.672 rms=2.464 mean_rms=2.340 max_rms=2.806 min_rms=2.112 std=0.221 var=0.049 state=standing thr=2.781/2.981/3.481
-19.00,7.44,259.50,0.6301,-0.1664,0.0588,0.7562,-2.83,-1.23,8.51,11.81,-3.56,-2.00,9.05,0,1.70,-0.0355,0.0597,100,0.773,0.632,49.06,0.82,77.128,0
-19.00,6.81,259.94,0.6328,-0.1637,0.0629,0.7542,-3.07,-1.09,8.38,4.38,1.81,-4.88,8.99,0,1.70,-0.0335,0.0604,100,0.773,0.632,49.06,0.82,77.128,0
-19.38,6.75,260.50,0.6359,-0.1652,0.0660,0.7510,-3.08,-0.86,8.54,4.44,5.06,-3.38,9.12,0,1.70,-0.0328,0.0618,100,0.773,0.632,49.06,0.82,77.128,0
-19.50,7.00,260.75,0.6376,-0.1683,0.0651,0.7489,-3.12,-1.04,8.48,-8.00,6.06,-4.50,9.10,0,1.70,-0.0338,0.0624,100,0.773,0.632,49.06,0.82,77.128,0
phase1 acc_mag=9.047 gravity=9.647 motion=0.600 moving_avg=1.686 rms=2.467 mean_rms=2.409 max_rms=2.806 min_rms=2.112 std=0.197 var=0.039 state=standing thr=2.802/3.002/3.502
-20.00,7.94,261.06,0.6389,-0.1755,0.0630,0.7464,-3.24,-1.41,8.13,-13.06,9.88,-8.38,8.86,0,1.70,-0.0363,0.0637,100,0.773,0.632,49.06,0.82,77.128,0
-21.00,9.19,261.75,0.6423,-0.1898,0.0627,0.7399,-3.56,-1.00,10.91,-3.31,18.62,-15.44,11.52,0,1.70,-0.0401,0.0673,100,0.773,0.632,49.06,0.82,77.128,0
-21.38,9.44,262.69,0.6471,-0.1915,0.0643,0.7352,-4.62,-1.59,13.99,-3.88,-6.06,-6.06,14.82,0,1.70,-0.0397,0.0685,100,0.773,0.632,49.06,0.82,77.128,0
-19.25,8.00,262.88,0.6516,-0.1652,0.0612,0.7379,-3.89,-1.54,12.76,35.88,-43.50,4.56,13.43,0,1.70,-0.0328,0.0611,100,0.773,0.632,49.06,0.82,77.128,0
phase1 acc_mag=12.637 gravity=10.063 motion=2.574 moving_avg=2.157 rms=2.828 mean_rms=2.509 max_rms=2.828 min_rms=2.121 std=0.148 var=0.022 state=slow thr=2.805/3.005/3.505
-16.06,4.12,262.38,0.6519,-0.1283,0.0660,0.7444,-3.33,-0.63,8.87,64.62,-53.56,16.81,9.50,0,1.70,-0.0210,0.0531,100,0.773,0.632,49.06,0.82,77.128,0
-13.00,1.81,261.31,0.6470,-0.0916,0.0609,0.7546,-2.16,-0.09,5.17,27.75,-52.00,14.38,5.60,0,1.70,-0.0119,0.0421,101,0.760,0.625,49.30,0.82,77.888,0
-9.81,-0.44,260.81,0.6460,-0.0626,0.0589,0.7585,-0.19,0.34,2.97,19.12,-25.88,3.12,3.00,0,1.70,-0.0038,0.0341,101,0.760,0.625,49.30,0.82,77.888,0
-9.81,-0.38,261.31,0.6492,-0.0628,0.0586,0.7557,-0.31,-0.29,5.55,-25.12,25.06,-15.44,5.57,0,1.70,-0.0038,0.0340,101,0.760,0.625,49.30,0.82,77.888,0
phase1 acc_mag=6.504 gravity=9.195 motion=2.691 moving_avg=2.244 rms=2.935 mean_rms=2.614 max_rms=3.041 min_rms=2.463 std=0.163 var=0.027 state=standing thr=2.940/3.140/3.640
-12.50,2.25,262.06,0.6527,-0.1013,0.0566,0.7487,-3.54,-1.55,9.59,-59.44,53.00,-16.94,10.34,0,1.70,-0.0156,0.0434,101,0.760,0.625,49.30,0.82,77.888,0
-15.88,5.75,262.75,0.6542,-0.1361,0.0549,0.7420,-3.40,-0.96,12.30,-33.25,35.69,-14.44,12.80,0,1.70,-0.0260,0.0519,101,0.760,0.625,49.30,0.82,77.888,0
-17.38,7.50,263.12,0.6539,-0.1575,0.0535,0.7380,-2.88,-1.04,12.36,-18.19,21.62,-0.38,12.73,0,1.70,-0.0325,0.0570,101,0.760,0.625,49.30,0.82,77.888,0
-18.38,7.62,262.38,0.6488,-0.1628,0.0573,0.7411,-3.78,-0.76,10.37,-2.12,6.06,10.75,11.06,0,1.70,-0.0334,0.0593,101,0.760,0.625,49.30,0.82,77.888,0
phase1 acc_mag=10.132 gravity=9.821 motion=0.311 moving_avg=1.992 rms=2.611 mean_rms=2.617 max_rms=3.041 min_rms=2.463 std=0.159 var=0.025 state=standing thr=2.936/3.136/3.636
-18.06,7.12,261.75,0.6454,-0.1584,0.0576,0.7451,-2.65,-0.87,9.09,7.75,-10.06,10.31,9.51,0,1.70,-0.0324,0.0581,101,0.760,0.625,49.30,0.82,77.888,0
-17.56,6.69,261.38,0.6434,-0.1530,0.0573,0.7479,-2.66,-1.45,8.85,5.75,-5.50,3.19,9.35,0,1.70,-0.0310,0.0565,101,0.760,0.625,49.30,0.82,77.888,0
-17.44,6.00,261.38,0.6436,-0.1483,0.0611,0.7484,-2.83,-1.15,8.08,5.94,0.31,-0.69,8.64,0,1.70,-0.0287,0.0565,101,0.760,0.625,49.30,0.82,77.888,0
-18.25,6.25,261.81,0.6456,-0.1547,0.0645,0.7451,-2.84,-1.48,8.60,0.31,16.38,-5.88,9.18,0,1.70,-0.0294,0.0592,102,0.716,1.063,89.02,1.48,78.605,0
phase1 acc_mag=8.599 gravity=9.593 motion=0.994 moving_avg=1.953 rms=2.602 mean_rms=2.640 max_rms=3.041 min_rms=2.464 std=0.145 var=0.021 state=standing thr=2.930/3.130/3.630
-19.12,7.00,262.06,0.6461,-0.1645,0.0652,0.7424,-2.88,-1.08,8.25,-19.56,15.50,-5.88,8.80,0,1.70,-0.0320,0.0619,102,0.716,1.063,89.02,1.48,78.605,0
-20.31,8.88,262.31,0.6462,-0.1818,0.0610,0.7387,-3.36,-1.42,9.84,-22.19,18.44,-6.38,10.49,0,1.70,-0.0380,0.0650,102,0.716,1.063,89.02,1.48,78.605,0
-21.00,10.00,262.69,0.6481,-0.1917,0.0576,0.7348,-3.59,-1.37,11.53,-5.00,-13.12,-9.56,12.15,0,1.70,-0.0414,0.0666,102,0.716,1.063,89.02,1.48,78.605,0
-18.06,7.38,263.19,0.6546,-0.1592,0.0582,0.7368,-4.48,-1.19,13.37,75.12,-51.56,5.38,14.15,0,1.70,-0.0317,0.0588,102,0.716,1.063,89.02,1.48,78.605,0
phase1 acc_mag=12.208 gravity=10.204 motion=2.004 moving_avg=2.337 rms=2.966 mean_rms=2.690 max_rms=3.041 min_rms=2.475 std=0.129 var=0.017 state=slow thr=2.948/3.148/3.648
-14.31,3.12,263.38,0.6603,-0.1046,0.0629,0.7410,-2.19,-0.51,8.54,53.44,-60.19,4.50,8.83,0,1.70,-0.0144,0.0463,102,0.716,1.063,89.02,1.48,78.605,0
-10.94,0.19,263.06,0.6601,-0.0728,0.0620,0.7451,-1.06,-0.08,3.60,24.69,-26.06,11.81,3.75,0,1.70,-0.0053,0.0377,103,0.808,1.737,129.03,2.15,79.413,0
-11.12,0.44,262.12,0.6541,-0.0761,0.0610,0.7501,-1.38,-0.43,4.40,-30.25,29.62,12.00,4.63,0,1.70,-0.0069,0.0382,103,0.808,1.737,129.03,2.15,79.413,0
-13.62,2.94,262.12,0.6526,-0.1095,0.0591,0.7474,-2.82,-1.18,8.60,-26.31,30.69,-10.00,9.13,0,1.70,-0.0173,0.0463,103,0.808,1.737,129.03,2.15,79.413,0
phase1 acc_mag=9.978 gravity=8.974 motion=1.005 moving_avg=2.470 rms=3.192 mean_rms=2.771 max_rms=3.219 min_rms=2.585 std=0.202 var=0.041 state=slow thr=3.175/3.375/3.875
-15.88,5.12,262.88,0.6552,-0.1325,0.0590,0.7414,-3.80,-1.01,12.12,-27.62,27.88,-13.38,12.74,0,1.70,-0.0238,0.0522,103,0.808,1.737,129.03,2.15,79.413,0
-17.50,6.94,263.25,0.6555,-0.1530,0.0573,0.7374,-3.25,-1.09,11.75,-14.75,15.25,1.62,12.24,0,1.70,-0.0301,0.0570,103,0.808,1.737,129.03,2.15,79.413,0
-17.88,7.06,262.88,0.6528,-0.1562,0.0586,0.7389,-2.89,-0.55,10.15,1.38,1.06,2.00,10.57,0,1.70,-0.0309,0.0581,103,0.808,1.737,129.03,2.15,79.413,0
phase1 acc_mag=10.703 gravity=9.915 motion=0.788 moving_avg=2.061 rms=2.752 mean_rms=2.796 max_rms=3.219 min_rms=2.585 std=0.210 var=0.044 state=standing thr=3.216/3.416/3.916
-17.69,6.75,262.62,0.6511,-0.1525,0.0596,0.7411,-3.31,-1.26,10.10,8.88,-4.44,7.25,10.70,0,1.70,-0.0297,0.0574,103,0.808,1.737,129.03,2.15,79.413,0
-17.00,5.38,262.31,0.6505,-0.1404,0.0637,0.7437,-2.87,-1.07,8.56,11.31,-8.31,2.94,9.09,0,1.70,-0.0252,0.0555,103,0.808,1.737,129.03,2.15,79.413,0
-16.62,4.69,262.44,0.6518,-0.1354,0.0654,0.7433,-3.07,-1.25,8.36,5.25,-1.19,-1.38,8.99,0,1.70,-0.0232,0.0547,103,0.808,1.737,129.03,2.15,79.413,0
-16.81,4.94,262.81,0.6545,-0.1387,0.0656,0.7404,-2.71,-0.99,8.28,-4.00,6.44,-11.00,8.77,0,1.70,-0.0239,0.0557,103,0.808,1.737,129.03,2.15,79.413,0
phase1 acc_mag=9.079 gravity=9.489 motion=0.410 moving_avg=1.901 rms=2.637 mean_rms=2.800 max_rms=3.219 min_rms=2.585 std=0.207 var=0.043 state=standing thr=3.214/3.414/3.914
-17.50,5.56,263.31,0.6563,-0.1453,0.0660,0.7374,-2.87,-0.76,8.67,-11.94,11.19,-2.88,9.16,0,1.70,-0.0255,0.0576,103,0.808,1.737,129.03,2.15,79.413,0
-18.19,6.44,263.44,0.6559,-0.1553,0.0651,0.7358,-2.95,-0.85,9.36,-7.06,7.94,1.44,9.85,0,1.70,-0.0286,0.0599,103,0.808,1.737,129.03,2.15,79.413,0
-18.75,7.25,263.38,0.6551,-0.1626,0.0630,0.7352,-3.22,-1.01,9.24,-12.94,5.88,-4.06,9.84,0,1.70,-0.0313,0.0611,103,0.808,1.737,129.03,2.15,79.413,0
-19.19,8.06,263.56,0.6553,-0.1708,0.0613,0.7333,-3.41,-1.13,9.97,-5.38,9.38,0.75,10.60,0,1.70,-0.0340,0.0628,103,0.808,1.737,129.03,2.15,79.413,0
phase1 acc_mag=10.966 gravity=9.694 motion=1.273 moving_avg=1.846 rms=2.618 mean_rms=2.805 max_rms=3.219 min_rms=2.603 std=0.202 var=0.041 state=standing thr=3.209/3.409/3.909
-19.31,8.12,263.69,0.6561,-0.1707,0.0615,0.7325,-3.15,-1.20,11.10,2.94,-5.44,-3.25,11.60,0,1.70,-0.0339,0.0628,103,0.808,1.737,129.03,2.15,79.413,0
-18.44,7.06,263.75,0.6580,-0.1592,0.0634,0.7333,-3.26,-1.11,11.09,22.25,-13.50,2.75,11.61,0,1.70,-0.0300,0.0605,103,0.808,1.737,129.03,2.15,79.413,0
-16.88,5.00,264.06,0.6620,-0.1376,0.0672,0.7337,-3.08,-1.45,11.22,35.44,-29.88,-5.62,11.73,0,1.70,-0.0226,0.0562,103,0.808,1.737,129.03,2.15,79.413,0
phase1 acc_mag=8.879 gravity=9.557 motion=0.679 moving_avg=1.669 rms=2.302 mean_rms=2.747 max_rms=3.219 min_rms=2.302 std=0.239 var=0.057 state=standing thr=3.224/3.424/3.924
-14.69,1.75,264.62,0.6683,-0.0995,0.0768,0.7332,-2.90,-0.93,8.34,58.56,-31.38,4.56,8.88,0,1.70,-0.0087,0.0491,103,0.808,1.737,129.03,2.15,79.413,0
-11.88,-2.56,264.88,0.6713,-0.0614,0.0865,0.7335,-1.27,0.41,4.25,19.88,-28.25,5.19,4.45,0,1.70,0.0052,0.0419,104,0.718,0.539,45.01,0.75,80.131,0
-11.75,-2.06,264.56,0.6694,-0.0640,0.0825,0.7355,-0.45,0.65,4.72,-21.75,13.00,3.12,4.79,0,1.70,0.0033,0.0414,104,0.718,0.539,45.01,0.75,80.131,0
-13.88,0.88,264.38,0.6671,-0.1013,0.0743,0.7344,-3.09,-0.35,8.04,-62.44,43.88,-14.25,8.62,0,1.70,-0.0099,0.0489,104,0.718,0.539,45.01,0.75,80.131,0
phase1 acc_mag=10.888 gravity=9.667 motion=1.222 moving_avg=1.579 rms=2.108 mean_rms=2.561 max_rms=3.138 min_rms=2.093 std=0.253 var=0.064 state=standing thr=3.067/3.267/3.767
-16.69,5.50,264.94,0.6671,-0.1437,0.0624,0.7283,-4.07,-1.49,10.66,-53.12,34.62,-10.06,11.51,0,1.70,-0.0252,0.0565,104,0.718,0.539,45.01,0.75,80.131,0
-18.81,8.56,264.88,0.6639,-0.1698,0.0578,0.7260,-3.53,-1.33,10.97,-27.31,25.38,-4.25,11.60,0,1.70,-0.0340,0.0619,104,0.718,0.539,45.01,0.75,80.131,0
-19.81,9.75,264.81,0.6619,-0.1843,0.0568,0.7243,-3.60,-1.30,10.55,-12.94,14.31,0.69,11.22,0,1.70,-0.0383,0.0653,104,0.718,0.539,45.01,0.75,80.131,0
-20.38,10.31,264.50,0.6595,-0.1891,0.0561,0.7254,-3.79,-1.62,10.14,-2.44,0.50,8.12,10.95,0,1.70,-0.0401,0.0662,104,0.718,0.539,45.01,0.75,80.131,0
phase1 acc_mag=10.026 gravity=9.634 motion=0.392 moving_avg=1.575 rms=2.035 mean_rms=2.389 max_rms=2.711 min_rms=1.996 std=0.260 var=0.067 state=standing thr=2.908/3.108/3.608
-20.25,9.69,263.75,0.6539,-0.1841,0.0581,0.7315,-3.24,-1.76,9.22,10.31,-8.94,20.31,9.93,0,1.70,-0.0387,0.0652,104,0.718,0.539,45.01,0.75,80.131,0
-20.00,8.88,263.12,0.6516,-0.1796,0.0604,0.7345,-3.37,-1.55,8.51,4.50,-0.81,-0.25,9.28,0,1.70,-0.0370,0.0646,104,0.718,0.539,45.01,0.75,80.131,0
-19.94,8.75,263.62,0.6552,-0.1783,0.0620,0.7315,-3.11,-1.59,8.64,3.44,2.12,-3.06,9.32,0,1.70,-0.0359,0.0649,104,0.718,0.539,45.01,0.75,80.131,0
-20.25,8.75,263.88,0.6561,-0.1807,0.0635,0.7300,-3.43,-1.38,8.68,-1.06,5.69,-1.44,9.43,0,1.70,-0.0361,0.0660,104,0.718,0.539,45.01,0.75,80.131,0
phase1 acc_mag=9.399 gravity=9.743 motion=0.344 moving_avg=1.503 rms=2.013 mean_rms=2.265 max_rms=2.639 min_rms=1.996 std=0.256 var=0.066 state=standing thr=2.777/2.977/3.477
-20.56,9.19,263.94,0.6559,-0.1844,0.0628,0.7292,-3.28,-1.39,8.75,-5.81,4.50,-1.88,9.45,0,1.70,-0.0373,0.0667,104,0.718,0.539,45.01,0.75,80.131,0
-20.75,9.69,264.06,0.6565,-0.1891,0.0612,0.7277,-3.52,-1.27,9.96,-9.56,4.94,-2.88,10.64,0,1.70,-0.0390,0.0675,104,0.718,0.539,45.01,0.75,80.131,0
-20.50,10.44,264.56,0.6595,-0.1908,0.0560,0.7249,-3.73,-1.56,12.03,2.25,-8.25,-9.81,12.69,0,1.70,-0.0406,0.0666,104,0.718,0.539,45.01,0.75,80.131,0
phase1 acc_mag=11.865 gravity=9.980 motion=1.884 moving_avg=1.721 rms=2.181 mean_rms=2.147 max_rms=2.639 min_rms=1.996 std=0.185 var=0.034 state=standing thr=2.516/2.716/3.216
-19.19,8.62,264.62,0.6624,-0.1683,0.0604,0.7275,-3.97,-1.34,11.10,37.94,-28.12,11.94,11.86,0,1.70,-0.0330,0.0622,104,0.718,0.539,45.01,0.75,80.131,0
-15.88,4.19,263.81,0.6605,-0.1223,0.0665,0.7379,-2.54,-1.02,7.11,40.12,-40.19,20.31,7.62,0,1.70,-0.0185,0.0519,104,0.718,0.539,45.01,0.75,80.131,0
-13.81,1.56,262.69,0.6558,-0.0995,0.0695,0.7451,-1.66,-0.62,5.29,27.44,-23.31,20.31,5.58,0,1.70,-0.0114,0.0468,105,0.732,0.632,51.81,0.86,80.862,0
-13.31,0.62,261.56,0.6487,-0.0939,0.0712,0.7519,-1.39,0.00,4.79,-22.38,17.44,2.31,4.99,0,1.70,-0.0098,0.0458,105,0.732,0.632,51.81,0.86,80.862,0
phase1 acc_mag=7.687 gravity=9.142 motion=1.455 moving_avg=1.918 rms=2.457 mean_rms=2.109 max_rms=2.475 min_rms=1.996 std=0.119 var=0.014 state=slow thr=2.348/2.548/3.048
-14.94,2.38,262.38,0.6530,-0.1113,0.0705,0.7458,-2.32,-0.45,7.36,-11.62,32.25,-24.25,7.73,0,1.70,-0.0148,0.0501,105,0.732,0.632,51.81,0.86,80.862,0
-17.81,5.56,263.31,0.6557,-0.1523,0.0679,0.7363,-3.54,-1.22,10.09,-40.06,43.44,-9.81,10.76,0,1.70,-0.0271,0.0600,105,0.732,0.632,51.81,0.86,80.862,0
-20.81,9.75,264.12,0.6567,-0.1891,0.0615,0.7275,-3.90,-1.68,11.18,-41.38,29.81,-10.62,11.96,0,1.70,-0.0389,0.0676,105,0.732,0.632,51.81,0.86,80.862,0
-21.88,11.69,263.88,0.6532,-0.2066,0.0562,0.7263,-3.76,-1.91,11.09,-15.56,6.06,9.00,11.86,0,1.70,-0.0454,0.0703,105,0.732,0.632,51.81,0.86,80.862,0
phase1 acc_mag=11.502 gravity=9.990 motion=1.512 moving_avg=1.592 rms=2.009 mean_rms=2.100 max_rms=2.475 min_rms=1.940 std=0.135 var=0.018 state=standing thr=2.370/2.570/3.070
-21.69,11.50,263.38,0.6500,-0.2034,0.0546,0.7302,-3.60,-1.64,9.66,6.19,-15.00,6.56,10.44,0,1.70,-0.0452,0.0688,105,0.732,0.632,51.81,0.86,80.862,0
-20.62,10.62,262.94,0.6489,-0.1934,0.0532,0.7339,-3.09,-1.79,8.80,12.19,-16.56,5.56,9.50,0,1.70,-0.0430,0.0658,105,0.732,0.632,51.81,0.86,80.862,0
-19.81,9.50,262.75,0.6490,-0.1822,0.0551,0.7366,-3.40,-1.73,8.26,10.69,-6.69,1.19,9.10,0,1.70,-0.0394,0.0635,105,0.732,0.632,51.81,0.86,80.862,0
-19.50,8.75,262.94,0.6511,-0.1757,0.0579,0.7361,-3.09,-1.41,8.10,8.75,-2.00,-3.44,8.78,0,1.70,-0.0367,0.0628,105,0.732,0.632,51.81,0.86,80.862,0
phase1 acc_mag=8.516 gravity=9.634 motion=1.118 moving_avg=1.386 rms=1.881 mean_rms=2.078 max_rms=2.475 min_rms=1.875 std=0.154 var=0.024 state=standing thr=2.386/2.586/3.086
-19.69,8.81,263.31,0.6533,-0.1774,0.0593,0.7336,-3.18,-1.45,7.95,-4.25,5.69,-5.56,8.68,0,1.70,-0.0366,0.0637,105,0.732,0.632,51.81,0.86,80.862,0
-20.50,9.56,263.69,0.6545,-0.1883,0.0603,0.7297,-3.62,-1.61,9.14,-12.81,23.44,-6.75,9.96,0,1.70,-0.0392,0.0669,105,0.732,0.632,51.81,0.86,80.862,0
-21.81,10.75,263.50,0.6514,-0.2008,0.0605,0.7291,-3.63,-1.71,11.44,-3.81,6.69,4.94,12.12,0,1.70,-0.0428,0.0700,105,0.732,0.632,51.81,0.86,80.862,0
-22.25,10.94,263.81,0.6528,-0.2046,0.0626,0.7267,-4.61,-1.79,12.03,2.69,0.38,-5.06,13.01,0,1.70,-0.0431,0.0716,105,0.732,0.632,51.81,0.86,80.862,0
phase1 acc_mag=12.525 gravity=9.936 motion=2.589 moving_avg=1.655 rms=2.083 mean_rms=2.059 max_rms=2.475 min_rms=1.875 std=0.167 var=0.028 state=standing thr=2.393/2.593/3.093
-21.00,9.62,263.81,0.6548,-0.1895,0.0630,0.7289,-4.58,-2.21,10.94,34.38,-34.56,9.31,12.06,0,1.70,-0.0387,0.0680,105,0.732,0.632,51.81,0.86,80.862,0
-18.88,6.56,263.56,0.6565,-0.1555,0.0694,0.7349,-3.67,-1.52,8.00,43.44,-32.25,10.19,8.93,0,1.70,-0.0275,0.0612,105,0.732,0.632,51.81,0.86,80.862,0
-16.94,3.88,263.06,0.6556,-0.1290,0.0733,0.7404,-1.14,-0.51,5.46,27.62,-29.00,9.25,5.60,0,1.70,-0.0190,0.0555,106,0.716,0.625,52.45,0.87,81.578,0
-15.81,2.69,262.88,0.6556,-0.1185,0.0740,0.7421,-0.28,0.20,4.44,-15.69,6.25,0.50,4.45,0,1.70,-0.0158,0.0531,106,0.716,0.625,52.45,0.87,81.578,0
phase1 acc_mag=4.943 gravity=9.138 motion=4.194 moving_avg=1.955 rms=2.442 mean_rms=2.081 max_rms=2.475 min_rms=1.875 std=0.179 var=0.032 state=slow thr=2.439/2.639/3.139
-17.06,4.69,263.31,0.6568,-0.1428,0.0689,0.7372,-2.92,-1.41,7.17,-41.88,42.81,-13.44,7.87,0,1.70,-0.0240,0.0578,106,0.716,0.625,52.45,0.87,81.578,0
-19.62,7.69,263.94,0.6577,-0.1700,0.0667,0.7308,-4.54,-1.54,9.71,-35.81,31.75,-15.31,10.83,0,1.70,-0.0322,0.0642,106,0.716,0.625,52.45,0.87,81.578,0
-21.00,10.38,264.50,0.6582,-0.1964,0.0587,0.7244,-4.22,-2.15,11.69,-28.62,18.19,-5.00,12.61,0,1.70,-0.0415,0.0687,106,0.716,0.625,52.45,0.87,81.578,0
-21.62,11.81,264.12,0.6550,-0.2055,0.0542,0.7252,-3.97,-1.51,10.27,-8.69,-1.81,7.69,11.11,0,1.70,-0.0454,0.0696,106,0.716,0.625,52.45,0.87,81.578,0
phase1 acc_mag=10.582 gravity=10.006 motion=0.576 moving_avg=1.773 rms=2.196 mean_rms=2.075 max_rms=2.447 min_rms=1.875 std=0.169 var=0.029 state=standing thr=2.414/2.614/3.114
-20.94,11.62,263.69,0.6527,-0.2006,0.0504,0.7288,-3.56,-1.90,9.35,5.25,-14.25,4.38,10.18,0,1.70,-0.0453,0.0671,106,0.716,0.625,52.45,0.87,81.578,0
-20.25,10.62,263.56,0.6533,-0.1894,0.0526,0.7311,-3.36,-2.01,8.67,17.75,-7.81,2.62,9.51,0,1.70,-0.0416,0.0649,106,0.716,0.625,52.45,0.87,81.578,0
-20.19,9.31,263.44,0.6532,-0.1828,0.0593,0.7324,-2.96,-1.54,7.54,7.06,4.94,4.50,8.25,0,1.70,-0.0380,0.0651,106,0.716,0.625,52.45,0.87,81.578,0
-20.69,9.44,263.50,0.6531,-0.1866,0.0615,0.7314,-2.70,-1.25,7.21,-10.12,12.69,-3.00,7.80,0,1.70,-0.0385,0.0668,107,0.697,1.087,93.60,1.56,82.274,0
phase1 acc_mag=8.056 gravity=9.490 motion=1.434 moving_avg=1.659 rms=2.122 mean_rms=2.099 max_rms=2.447 min_rms=1.875 std=0.164 var=0.027 state=standing thr=2.427/2.627/3.127
-21.94,11.12,263.94,0.6535,-0.2037,0.0596,0.7266,-4.31,-1.91,9.55,-26.38,22.31,-11.38,10.65,0,1.70,-0.0436,0.0706,107,0.697,1.087,93.60,1.56,82.274,0
-22.44,13.00,264.19,0.6534,-0.2170,0.0515,0.7234,-5.05,-3.47,12.75,-9.75,-4.94,4.06,14.15,0,1.70,-0.0494,0.0716,107,0.697,1.087,93.60,1.56,82.274,0
-21.12,12.19,263.44,0.6509,-0.2049,0.0479,0.7294,-3.86,-1.84,11.92,19.25,-29.69,10.31,12.66,0,1.70,-0.0473,0.0673,107,0.697,1.087,93.60,1.56,82.274,0
-17.50,9.00,263.06,0.6535,-0.1648,0.0445,0.7374,-3.47,-1.86,9.13,45.88,-57.00,3.38,9.94,0,1.70,-0.0370,0.0562,107,0.697,1.087,93.60,1.56,82.274,0
phase1 acc_mag=9.254 gravity=10.101 motion=0.847 moving_avg=1.980 rms=2.440 mean_rms=2.189 max_rms=2.447 min_rms=1.891 std=0.153 var=0.023 state=standing thr=2.495/2.695/3.195
-15.12,5.94,262.88,0.6553,-0.1287,0.0508,0.7426,-2.93,-0.63,6.08,44.06,-22.88,9.75,6.78,0,1.70,-0.0249,0.0488,107,0.697,1.087,93.60,1.56,82.274,0
-13.25,3.56,262.88,0.6573,-0.1069,0.0534,0.7441,-0.78,-0.89,5.70,14.25,-16.31,-4.31,5.82,0,1.70,-0.0178,0.0440,108,0.757,1.820,144.23,2.40,83.032,0
-13.81,4.12,263.00,0.6574,-0.1179,0.0531,0.7424,-0.20,0.03,4.96,-34.12,32.12,-6.25,4.96,0,1.70,-0.0211,0.0468,108,0.757,1.820,144.23,2.40,83.032,0
phase1 acc_mag=12.219 gravity=9.033 motion=3.185 moving_avg=2.324 rms=2.829 mean_rms=2.330 max_rms=2.829 min_rms=2.075 std=0.219 var=0.048 state=slow thr=2.768/2.968/3.468
-17.94,7.94,263.62,0.6571,-0.1611,0.0545,0.7344,-4.69,-2.72,10.95,-55.62,63.44,-11.00,12.22,0,1.70,-0.0330,0.0584,108,0.757,1.820,144.23,2.40,83.032,0
-20.75,10.69,263.81,0.6545,-0.1941,0.0551,0.7287,-4.89,-2.19,12.60,-24.31,21.75,-0.38,13.69,0,1.70,-0.0421,0.0669,108,0.757,1.820,144.23,2.40,83.032,0
-21.25,11.44,263.31,0.6502,-0.2017,0.0526,0.7306,-3.44,-1.75,10.67,-2.06,-5.44,4.00,11.35,0,1.70,-0.0453,0.0678,108,0.757,1.820,144.23,2.40,83.032,0
-20.62,11.12,262.94,0.6486,-0.1948,0.0496,0.7341,-3.57,-2.01,9.36,6.19,-14.69,2.31,10.22,0,1.70,-0.0443,0.0651,108,0.757,1.820,144.23,2.40,83.032,0
phase1 acc_mag=9.625 gravity=10.046 motion=0.420 moving_avg=2.154 rms=2.664 mean_rms=2.437 max_rms=2.954 min_rms=2.075 std=0.285 var=0.081 state=standing thr=3.007/3.207/3.707
-19.50,10.06,262.69,0.6489,-0.1832,0.0493,0.7368,-3.12,-1.95,8.17,13.44,-13.69,3.94,8.96,0,1.70,-0.0412,0.0621,108,0.757,1.820,144.23,2.40,83.032,0
-19.06,9.44,262.75,0.6501,-0.1767,0.0509,0.7372,-2.94,-1.73,7.48,6.06,-3.06,-3.06,8.22,0,1.70,-0.0389,0.0610,108,0.757,1.820,144.23,2.40,83.032,0
-19.25,9.44,263.31,0.6535,-0.1778,0.0527,0.7338,-3.26,-1.64,7.74,-4.06,10.94,-9.81,8.56,0,1.70,-0.0384,0.0620,109,0.716,1.171,98.04,1.63,83.748,0
phase1 acc_mag=10.131 gravity=9.470 motion=0.660 moving_avg=2.066 rms=2.580 mean_rms=2.514 max_rms=2.954 min_rms=2.075 std=0.269 var=0.072 state=standing thr=3.052/3.252/3.752
-20.25,10.25,263.62,0.6537,-0.1905,0.0542,0.7304,-3.29,-1.64,9.44,-14.19,16.88,-2.69,10.13,0,1.70,-0.0415,0.0656,109,0.716,1.171,98.04,1.63,83.748,0
-21.44,12.00,263.81,0.6530,-0.2061,0.0511,0.7269,-3.93,-1.64,11.54,-7.19,4.56,-2.94,12.30,0,1.70,-0.0466,0.0687,109,0.716,1.171,98.04,1.63,83.748,0
-20.38,10.88,264.12,0.6566,-0.1926,0.0522,0.7274,-3.55,-1.74,13.49,36.88,-31.62,-5.06,14.06,0,1.70,-0.0423,0.0658,109,0.716,1.171,98.04,1.63,83.748,0
-17.56,7.75,264.31,0.6620,-0.1577,0.0544,0.7307,-3.44,-2.35,10.40,44.69,-44.75,6.56,11.20,0,1.70,-0.0317,0.0577,109,0.716,1.171,98.04,1.63,83.748,0
phase1 acc_mag=7.868 gravity=10.176 motion=2.308 moving_avg=2.415 rms=2.859 mean_rms=2.641 max_rms=2.954 min_rms=2.125 std=0.195 var=0.038 state=standing thr=3.032/3.232/3.732
-15.31,4.88,263.50,0.6597,-0.1272,0.0581,0.7384,-2.63,-0.63,5.24,24.62,-35.31,17.25,5.90,0,1.70,-0.0222,0.0507,109,0.716,1.171,98.04,1.63,83.748,0
-14.06,4.19,262.75,0.6552,-0.1161,0.0535,0.7445,-1.70,-0.35,3.75,-7.56,-4.94,5.75,4.13,0,1.70,-0.0206,0.0464,110,0.784,1.708,130.72,2.18,84.532,0
-15.00,5.50,262.69,0.6542,-0.1295,0.0510,0.7435,-1.70,-0.90,7.25,-30.19,32.81,-7.81,7.50,0,1.70,-0.0251,0.0490,110,0.784,1.708,130.72,2.18,84.532,0
-17.56,8.19,263.31,0.6559,-0.1638,0.0496,0.7352,-3.94,-1.91,10.60,-31.94,26.19,-16.19,11.47,0,1.70,-0.0352,0.0575,110,0.784,1.708,130.72,2.18,84.532,0
phase1 acc_mag=11.974 gravity=9.220 motion=2.754 moving_avg=2.566 rms=3.021 mean_rms=2.769 max_rms=3.021 min_rms=2.459 std=0.158 var=0.025 state=standing thr=3.084/3.284/3.784
-18.94,10.38,263.88,0.6567,-0.1812,0.0461,0.7306,-3.50,-1.88,10.97,-21.56,20.75,-3.50,11.67,0,1.70,-0.0408,0.0611,110,0.784,1.708,130.72,2.18,84.532,0
-20.00,11.75,263.81,0.6546,-0.1956,0.0441,0.7289,-3.42,-1.74,10.18,-12.62,8.69,0.19,10.88,0,1.70,-0.0455,0.0641,110,0.784,1.708,130.72,2.18,84.532,0
-20.19,11.94,263.69,0.6536,-0.1978,0.0437,0.7292,-3.53,-1.73,9.24,0.75,-2.00,-1.56,10.04,0,1.70,-0.0463,0.0645,110,0.784,1.708,130.72,2.18,84.532,0
phase1 acc_mag=9.459 gravity=10.022 motion=0.563 moving_avg=2.033 rms=2.519 mean_rms=2.783 max_rms=3.025 min_rms=2.519 std=0.164 var=0.027 state=standing thr=3.111/3.311/3.811
-20.06,11.88,263.94,0.6559,-0.1959,0.0436,0.7277,-3.29,-1.91,8.66,6.19,-3.56,-6.81,9.46,0,1.70,-0.0456,0.0641,110,0.784,1.708,130.72,2.18,84.532,0
-19.69,11.62,264.88,0.6615,-0.1925,0.0447,0.7234,-3.59,-2.28,9.14,2.19,2.25,-10.06,10.08,0,1.70,-0.0439,0.0639,110,0.784,1.708,130.72,2.18,84.532,0
-19.62,11.94,265.19,0.6635,-0.1934,0.0428,0.7215,-3.19,-2.18,9.03,-4.00,-5.06,-5.38,9.82,0,1.70,-0.0445,0.0637,110,0.784,1.708,130.72,2.18,84.532,0
-19.81,13.00,265.25,0.6633,-0.2007,0.0378,0.7200,-3.46,-2.02,8.83,-15.81,3.12,-2.06,9.70,0,1.70,-0.0478,0.0641,110,0.784,1.708,130.72,2.18,84.532,0
phase1 acc_mag=10.017 gravity=9.704 motion=0.313 moving_avg=1.679 rms=2.264 mean_rms=2.687 max_rms=3.025 min_rms=2.264 std=0.241 var=0.058 state=standing thr=3.169/3.369/3.869
-20.12,14.06,265.31,0.6624,-0.2090,0.0336,0.7187,-3.36,-2.31,8.68,-6.69,9.06,-3.25,9.59,0,1.70,-0.0512,0.0650,110,0.784,1.708,130.72,2.18,84.532,0
-21.00,14.25,265.81,0.6644,-0.2150,0.0385,0.7148,-2.71,-2.17,9.04,5.62,19.50,-9.69,9.68,0,1.70,-0.0512,0.0681,110,0.784,1.708,130.72,2.18,84.532,0
-21.75,13.56,266.94,0.6710,-0.2151,0.0494,0.7078,-2.99,-1.82,8.71,32.75,2.62,-15.12,9.39,0,1.70,-0.0476,0.0717,110,0.784,1.708,130.72,2.18,84.532,0
-22.62,13.25,267.88,0.6764,-0.2177,0.0587,0.7012,-3.90,-1.61,8.50,-13.75,25.69,-10.31,9.49,0,1.70,-0.0452,0.0754,110,0.784,1.708,130.72,2.18,84.532,0
phase1 acc_mag=9.324 gravity=9.878 motion=0.553 moving_avg=1.513 rms=2.197 mean_rms=2.608 max_rms=3.025 min_rms=2.197 std=0.309 var=0.095 state=standing thr=3.225/3.425/3.925
-23.88,14.12,268.44,0.6774,-0.2301,0.0630,0.6959,-5.35,-2.16,9.84,-4.19,14.50,-7.56,11.41,0,1.70,-0.0470,0.0799,110,0.784,1.708,130.72,2.18,84.532,0
-22.75,13.94,269.62,0.6862,-0.2216,0.0590,0.6904,-3.53,-2.59,12.56,6.56,-23.44,-29.06,13.30,0,1.70,-0.0450,0.0771,110,0.784,1.708,130.72,2.18,84.532,0
-19.62,11.75,272.12,0.7078,-0.1825,0.0568,0.6801,-3.09,-2.15,10.03,70.25,-48.44,-4.81,10.71,0,1.70,-0.0336,0.0671,110,0.784,1.708,130.72,2.18,84.532,0
-18.19,8.12,272.00,0.7086,-0.1593,0.0667,0.6841,-3.31,-0.85,4.34,12.25,-4.12,23.19,5.52,0,1.70,-0.0247,0.0634,111,0.745,0.575,46.30,0.77,85.277,1
phase1 acc_mag=4.985 gravity=9.599 motion=4.614 moving_avg=1.422 rms=2.085 mean_rms=2.461 max_rms=3.025 min_rms=2.009 std=0.354 var=0.126 state=standing thr=3.170/3.370/3.870
-18.44,7.44,270.75,0.7012,-0.1572,0.0704,0.6919,-3.01,-0.94,5.51,-12.31,16.62,12.12,6.35,0,1.70,-0.0238,0.0636,111,0.745,0.575,46.30,0.77,85.277,0
-20.38,9.75,270.38,0.6958,-0.1830,0.0692,0.6911,-4.35,-1.28,8.79,-35.94,27.44,-6.44,9.89,0,1.70,-0.0313,0.0701,111,0.745,0.575,46.30,0.77,85.277,0
-21.75,12.25,270.25,0.6913,-0.2081,0.0631,0.6891,-4.29,-2.14,10.14,-29.31,17.38,2.12,11.22,0,1.70,-0.0399,0.0749,111,0.745,0.575,46.30,0.77,85.277,0
phase1 acc_mag=10.293 gravity=9.887 motion=0.406 moving_avg=1.109 rms=1.656 mean_rms=2.212 max_rms=2.993 min_rms=1.656 std=0.311 var=0.097 state=standing thr=2.834/3.034/3.534
-22.38,13.19,269.62,0.6872,-0.2150,0.0611,0.6912,-3.36,-2.10,9.50,-10.06,0.75,5.94,10.29,0,1.70,-0.0427,0.0760,111,0.745,0.575,46.30,0.77,85.277,0
-22.94,13.50,269.25,0.6840,-0.2203,0.0621,0.6927,-3.68,-1.90,8.90,-2.19,6.19,7.81,9.82,0,1.70,-0.0440,0.0775,111,0.745,0.575,46.30,0.77,85.277,0
-23.12,13.00,269.00,0.6825,-0.2184,0.0657,0.6944,-4.23,-2.04,9.57,7.69,-0.94,-1.31,10.66,0,1.70,-0.0427,0.0779,111,0.745,0.575,46.30,0.77,85.277,0
-23.12,12.38,269.00,0.6829,-0.2148,0.0692,0.6948,-3.91,-1.98,8.87,13.69,-2.06,5.38,9.89,0,1.70,-0.0408,0.0779,111,0.745,0.575,46.30,0.77,85.277,0
phase1 acc_mag=9.146 gravity=9.830 motion=0.684 moving_avg=1.058 rms=1.613 mean_rms=2.003 max_rms=2.448 min_rms=1.599 std=0.264 var=0.070 state=standing thr=2.531/2.731/3.231
-22.94,11.50,268.81,0.6826,-0.2090,0.0724,0.6965,-3.71,-1.71,7.95,8.94,-5.38,-0.81,8.94,0,1.70,-0.0385,0.0773,111,0.745,0.575,46.30,0.77,85.277,0
-22.62,11.38,269.00,0.6842,-0.2061,0.0719,0.6959,-3.50,-1.86,8.12,3.88,-4.25,-4.19,9.04,0,1.70,-0.0377,0.0764,111,0.745,0.575,46.30,0.77,85.277,0
-22.94,11.69,269.19,0.6847,-0.2096,0.0721,0.6943,-4.35,-1.95,8.72,-7.69,6.88,-5.81,9.94,0,1.70,-0.0385,0.0774,111,0.745,0.575,46.30,0.77,85.277,0
-23.12,12.38,269.44,0.6855,-0.2149,0.0701,0.6920,-3.86,-1.71,10.13,-11.50,4.50,-3.81,10.97,0,1.70,-0.0403,0.0783,111,0.745,0.575,46.30,0.77,85.277,0
phase1 acc_mag=12.077 gravity=9.854 motion=2.224 moving_avg=1.200 rms=1.680 mean_rms=1.871 max_rms=2.254 min_rms=1.599 std=0.248 var=0.061 state=standing thr=2.366/2.566/3.066
-23.31,13.19,269.50,0.6852,-0.2205,0.0666,0.6909,-4.63,-2.13,11.44,-3.25,-7.06,-1.94,12.52,0,1.70,-0.0427,0.0788,111,0.745,0.575,46.30,0.77,85.277,0
-22.00,11.75,269.44,0.6877,-0.2004,0.0668,0.6945,-5.24,-2.05,10.95,37.38,-34.38,4.00,12.31,0,1.70,-0.0373,0.0737,111,0.745,0.575,46.30,0.77,85.277,0
-18.94,8.19,269.06,0.6903,-0.1661,0.0669,0.7010,-3.14,-1.89,7.56,35.25,-38.44,17.06,8.40,0,1.70,-0.0281,0.0646,111,0.745,0.575,46.30,0.77,85.277,0
-17.19,6.12,267.81,0.6837,-0.1428,0.0659,0.7126,-1.41,-0.56,4.86,6.69,-18.44,20.44,5.09,0,1.70,-0.0227,0.0578,112,0.716,0.687,57.53,0.96,85.993,0
phase1 acc_mag=5.310 gravity=9.797 motion=4.486 moving_avg=1.645 rms=2.147 mean_rms=1.801 max_rms=2.172 min_rms=1.599 std=0.187 var=0.035 state=standing thr=2.175/2.375/2.875
-17.25,6.44,266.69,0.6779,-0.1465,0.0638,0.7177,-2.22,-0.97,6.43,-17.44,14.19,6.19,6.87,0,1.70,-0.0248,0.0580,112,0.716,0.687,57.53,0.96,85.993,0
-19.19,8.44,267.00,0.6769,-0.1703,0.0639,0.7133,-3.48,-1.77,9.14,-27.44,32.88,-10.06,9.94,0,1.70,-0.0313,0.0644,112,0.716,0.687,57.53,0.96,85.993,0
-21.31,10.81,267.06,0.6741,-0.1965,0.0634,0.7092,-3.93,-2.02,10.21,-23.12,21.06,1.88,11.13,0,1.70,-0.0387,0.0710,112,0.716,0.687,57.53,0.96,85.993,0
-22.44,12.19,266.75,0.6701,-0.2112,0.0614,0.7089,-3.81,-1.71,9.81,-16.38,10.94,2.56,10.66,0,1.70,-0.0434,0.0740,112,0.716,0.687,57.53,0.96,85.993,0
phase1 acc_mag=10.697 gravity=9.766 motion=0.931 moving_avg=1.361 rms=1.819 mean_rms=1.801 max_rms=2.214 min_rms=1.599 std=0.194 var=0.038 state=standing thr=2.189/2.389/2.889
-22.56,12.75,266.44,0.6677,-0.2153,0.0585,0.7102,-3.40,-1.76,9.68,-9.00,-0.75,3.31,10.41,0,1.70,-0.0455,0.0741,112,0.716,0.687,57.53,0.96,85.993,0
-22.31,12.75,266.31,0.6674,-0.2134,0.0569,0.7112,-3.83,-2.20,9.21,4.25,-3.94,-1.69,10.21,0,1.70,-0.0455,0.0732,112,0.716,0.687,57.53,0.96,85.993,0
-21.81,11.88,266.50,0.6696,-0.2059,0.0593,0.7111,-3.84,-2.17,8.76,13.12,-1.62,2.31,9.81,0,1.70,-0.0427,0.0720,112,0.716,0.687,57.53,0.96,85.993,0
-22.44,11.56,266.62,0.6699,-0.2074,0.0652,0.7099,-3.58,-2.02,8.54,5.38,17.88,-0.25,9.48,0,1.70,-0.0414,0.0741,112,0.716,0.687,57.53,0.96,85.993,0
phase1 acc_mag=8.915 gravity=9.822 motion=0.907 moving_avg=1.224 rms=1.700 mean_rms=1.791 max_rms=2.214 min_rms=1.599 std=0.190 var=0.036 state=standing thr=2.172/2.372/2.872
-23.69,12.19,267.50,0.6733,-0.2184,0.0711,0.7028,-3.63,-1.35,6.97,-8.19,13.62,-14.69,7.97,0,1.70,-0.0422,0.0788,112,0.716,0.687,57.53,0.96,85.993,0
-24.44,13.19,267.88,0.6740,-0.2299,0.0703,0.6986,-3.81,-1.83,8.40,-18.00,16.00,-7.56,9.40,0,1.70,-0.0453,0.0816,112,0.716,0.687,57.53,0.96,85.993,0
-25.31,15.19,268.50,0.6752,-0.2440,0.0663,0.6929,-5.15,-2.34,10.65,-15.94,5.94,-9.56,12.06,0,1.70,-0.0497,0.0843,112,0.716,0.687,57.53,0.96,85.993,0
phase1 acc_mag=14.429 gravity=9.962 motion=4.467 moving_avg=1.521 rms=1.994 mean_rms=1.827 max_rms=2.214 min_rms=1.627 std=0.171 var=0.029 state=standing thr=2.169/2.369/2.869
-24.81,15.38,268.62,0.6766,-0.2422,0.0624,0.6925,-5.98,-3.10,12.76,11.44,-14.62,0.81,14.43,0,1.70,-0.0502,0.0829,112,0.716,0.687,57.53,0.96,85.993,0
-22.44,11.19,268.25,0.6801,-0.2045,0.0701,0.7005,-4.00,-1.94,9.48,54.94,-45.00,15.50,10.47,0,1.70,-0.0382,0.0753,112,0.716,0.687,57.53,0.96,85.993,0
-19.81,7.44,267.25,0.6781,-0.1638,0.0739,0.7126,-3.10,0.34,3.69,28.44,-38.56,12.69,4.83,0,1.70,-0.0267,0.0655,113,0.766,0.723,56.60,0.94,86.759,0
-17.06,6.56,267.00,0.6799,-0.1463,0.0622,0.7158,-0.98,-1.37,4.84,0.81,-17.00,-1.94,5.12,0,1.70,-0.0250,0.0576,113,0.766,0.723,56.60,0.94,86.759,0
phase1 acc_mag=7.059 gravity=9.329 motion=2.270 moving_avg=1.921 rms=2.500 mean_rms=1.935 max_rms=2.514 min_rms=1.698 std=0.220 var=0.048 state=slow thr=2.375/2.575/3.075
-19.31,8.50,266.69,0.6749,-0.1713,0.0637,0.7149,-3.38,-1.93,9.21,-37.00,45.44,-2.75,10.00,0,1.70,-0.0318,0.0645,113,0.766,0.723,56.60,0.94,86.759,0
-21.50,11.56,267.06,0.6737,-0.2045,0.0593,0.7076,-4.70,-2.39,10.86,-32.94,21.56,-12.06,12.07,0,1.70,-0.0419,0.0719,113,0.766,0.723,56.60,0.94,86.759,0
-22.50,13.25,267.12,0.6718,-0.2174,0.0566,0.7058,-4.04,-2.72,10.28,-9.19,10.88,4.69,11.38,0,1.70,-0.0462,0.0744,113,0.766,0.723,56.60,0.94,86.759,0
phase1 acc_mag=9.829 gravity=9.898 motion=0.069 moving_avg=1.671 rms=2.225 mean_rms=2.033 max_rms=2.517 min_rms=1.698 std=0.290 var=0.084 state=standing thr=2.613/2.813/3.313
-22.88,13.31,267.06,0.6706,-0.2202,0.0588,0.7060,-3.52,-1.94,8.97,2.19,3.94,0.19,9.83,0,1.70,-0.0464,0.0757,113,0.766,0.723,56.60,0.94,86.759,0
-22.44,12.69,267.06,0.6724,-0.2131,0.0595,0.7064,-3.98,-2.21,9.12,7.12,-4.88,-4.81,10.19,0,1.70,-0.0442,0.0741,113,0.766,0.723,56.60,0.94,86.759,0
-21.94,12.25,267.81,0.6770,-0.2084,0.0601,0.7033,-3.55,-1.94,8.04,12.81,-5.81,-10.25,9.00,0,1.70,-0.0423,0.0733,113,0.766,0.723,56.60,0.94,86.759,0
-21.81,12.38,268.75,0.6829,-0.2074,0.0601,0.6979,-3.36,-1.26,7.28,-9.12,1.38,-13.12,8.12,0,1.70,-0.0415,0.0734,113,0.766,0.723,56.60,0.94,86.759,0
phase1 acc_mag=8.820 gravity=9.622 motion=0.802 moving_avg=1.591 rms=2.193 mean_rms=2.070 max_rms=2.517 min_rms=1.698 std=0.292 var=0.085 state=standing thr=2.653/2.853/3.353
-22.00,14.31,269.44,0.6857,-0.2196,0.0519,0.6920,-4.06,-2.58,8.97,-23.62,14.44,-14.12,10.18,0,1.70,-0.0465,0.0746,113,0.766,0.723,56.60,0.94,86.759,0
-22.62,15.56,269.88,0.6867,-0.2304,0.0496,0.6876,-4.28,-2.39,9.68,-9.75,11.31,-8.12,10.85,0,1.70,-0.0498,0.0769,113,0.766,0.723,56.60,0.94,86.759,0
-22.62,16.50,270.38,0.6889,-0.2357,0.0457,0.6839,-4.18,-2.35,10.28,-0.81,-8.50,-7.19,11.34,0,1.70,-0.0519,0.0774,113,0.766,0.723,56.60,0.94,86.759,0
-22.12,17.38,270.75,0.6911,-0.2388,0.0364,0.6812,-6.05,-4.71,12.53,-33.69,-1.94,-19.38,14.69,0,1.70,-0.0550,0.0759,113,0.766,0.723,56.60,0.94,86.759,0
phase1 acc_mag=13.610 gravity=9.948 motion=3.662 moving_avg=1.849 rms=2.362 mean_rms=2.173 max_rms=2.517 min_rms=1.712 std=0.235 var=0.055 state=standing thr=2.643/2.843/3.343
-20.12,13.94,269.81,0.6904,-0.2065,0.0426,0.6920,-5.81,-3.76,10.34,60.69,-47.50,29.38,12.44,0,1.70,-0.0454,0.0688,113,0.766,0.723,56.60,0.94,86.759,0
-16.38,8.62,268.25,0.6874,-0.1537,0.0469,0.7083,-1.02,-0.63,5.59,59.19,-58.44,26.69,5.72,0,1.70,-0.0307,0.0555,113,0.766,0.723,56.60,0.94,86.759,0
-14.62,6.75,267.25,0.6833,-0.1323,0.0464,0.7165,0.06,0.37,3.21,1.44,-7.25,9.62,3.23,0,1.70,-0.0252,0.0495,114,0.757,0.709,56.18,0.94,87.516,0
-17.06,9.12,267.38,0.6812,-0.1686,0.0477,0.7109,-3.41,-1.15,4.75,-47.56,67.31,-13.81,5.96,0,1.70,-0.0349,0.0595,114,0.757,0.709,56.18,0.94,87.516,0
phase1 acc_mag=9.619 gravity=9.096 motion=0.523 moving_avg=2.264 rms=2.926 mean_rms=2.355 max_rms=2.961 min_rms=2.019 std=0.229 var=0.052 state=slow thr=2.812/3.012/3.512
-19.94,12.69,268.62,0.6840,-0.1987,0.0461,0.7004,-4.91,-3.16,11.21,-33.69,34.88,-17.12,12.64,0,1.70,-0.0430,0.0673,114,0.757,0.709,56.18,0.94,87.516,0
-20.94,14.06,269.12,0.6849,-0.2126,0.0457,0.6954,-3.88,-2.92,11.46,-10.44,9.56,-10.38,12.45,0,1.70,-0.0466,0.0709,114,0.757,0.709,56.18,0.94,87.516,0
-21.44,15.00,269.44,0.6857,-0.2208,0.0442,0.6922,-4.14,-2.56,9.83,-0.44,1.19,2.62,10.97,0,1.70,-0.0490,0.0728,114,0.757,0.709,56.18,0.94,87.516,0
-21.50,14.25,269.12,0.6846,-0.2164,0.0483,0.6944,-3.72,-1.89,8.82,12.12,-3.94,3.56,9.76,0,1.70,-0.0469,0.0727,114,0.757,0.709,56.18,0.94,87.516,0
phase1 acc_mag=9.836 gravity=9.961 motion=0.125 moving_avg=2.058 rms=2.666 mean_rms=2.482 max_rms=3.040 min_rms=2.183 std=0.290 var=0.084 state=standing thr=3.062/3.262/3.762
-21.12,13.31,269.19,0.6857,-0.2092,0.0513,0.6953,-3.75,-2.04,8.88,10.19,-3.56,0.12,9.85,0,1.70,-0.0441,0.0717,114,0.757,0.709,56.18,0.94,87.516,0
-20.81,12.62,269.31,0.6873,-0.2031,0.0535,0.6954,-3.37,-2.16,8.26,11.88,-7.75,-0.38,9.18,0,1.70,-0.0418,0.0707,114,0.757,0.709,56.18,0.94,87.516,0
-20.69,12.06,269.44,0.6887,-0.1992,0.0562,0.6949,-3.26,-1.96,7.40,0.00,2.31,-1.69,8.32,0,1.70,-0.0399,0.0705,115,0.693,1.135,98.36,1.64,88.209,0
-21.00,12.25,269.62,0.6895,-0.2017,0.0576,0.6934,-3.54,-2.03,7.90,-6.81,11.50,-4.50,8.89,0,1.70,-0.0400,0.0716,115,0.693,1.135,98.36,1.64,88.209,0
phase1 acc_mag=9.460 gravity=9.558 motion=0.098 moving_avg=1.900 rms=2.568 mean_rms=2.523 max_rms=3.040 min_rms=2.183 std=0.283 var=0.080 state=standing thr=3.088/3.288/3.788
-21.88,13.44,270.12,0.6905,-0.2133,0.0573,0.6888,-4.01,-2.05,9.42,-14.94,15.06,-8.50,10.44,0,1.70,-0.0429,0.0747,115,0.693,1.135,98.36,1.64,88.209,0
-22.38,14.75,270.38,0.6906,-0.2253,0.0529,0.6852,-4.41,-2.43,10.10,-18.06,5.12,-4.88,11.29,0,1.70,-0.0471,0.0767,115,0.693,1.135,98.36,1.64,88.209,0
-22.38,15.06,270.56,0.6913,-0.2258,0.0524,0.6844,-4.53,-2.60,10.63,8.88,3.31,1.62,11.84,0,1.70,-0.0473,0.0768,115,0.693,1.135,98.36,1.64,88.209,0
phase1 acc_mag=12.323 gravity=9.989 motion=2.334 moving_avg=2.092 rms=2.662 mean_rms=2.609 max_rms=3.040 min_rms=2.196 std=0.227 var=0.052 state=standing thr=3.063/3.263/3.763
-21.94,13.31,270.38,0.6924,-0.2097,0.0595,0.6878,-5.11,-2.46,10.94,28.06,-20.19,7.12,12.32,0,1.70,-0.0412,0.0744,115,0.693,1.135,98.36,1.64,88.209,0
-19.31,9.00,269.75,0.6937,-0.1674,0.0666,0.6974,-3.16,-1.07,7.06,52.00,-36.50,13.50,7.81,0,1.70,-0.0282,0.0650,115,0.693,1.135,98.36,1.64,88.209,0
-16.81,5.88,269.38,0.6948,-0.1393,0.0676,0.7023,-1.10,-0.50,5.17,38.12,-38.06,10.25,5.31,0,1.70,-0.0204,0.0577,116,0.690,1.395,121.21,2.02,88.899,0
-16.31,5.19,269.44,0.6962,-0.1353,0.0686,0.7016,-1.55,-0.57,6.08,-27.62,27.75,-8.69,6.30,0,1.70,-0.0189,0.0569,116,0.690,1.395,121.21,2.02,88.899,0
phase1 acc_mag=9.059 gravity=9.089 motion=0.029 moving_avg=2.168 rms=2.786 mean_rms=2.702 max_rms=3.040 min_rms=2.394 std=0.155 var=0.024 state=standing thr=3.012/3.212/3.712
-18.12,7.75,270.19,0.6979,-0.1579,0.0657,0.6954,-3.84,-1.78,8.54,-42.31,29.12,-13.12,9.53,0,1.70,-0.0256,0.0623,116,0.690,1.395,121.21,2.02,88.899,0
-19.81,11.50,270.50,0.6962,-0.1902,0.0555,0.6899,-4.09,-2.56,10.88,-36.50,24.19,-0.75,11.90,0,1.70,-0.0370,0.0683,116,0.690,1.395,121.21,2.02,88.899,0
-21.06,13.31,270.06,0.6909,-0.2092,0.0521,0.6901,-4.06,-2.10,10.22,-18.50,8.56,1.88,11.20,0,1.70,-0.0433,0.0722,116,0.690,1.395,121.21,2.02,88.899,0
-21.06,13.81,269.81,0.6892,-0.2112,0.0491,0.6913,-3.50,-2.04,9.52,-3.50,-1.81,2.19,10.35,0,1.70,-0.0449,0.0718,116,0.690,1.395,121.21,2.02,88.899,0
phase1 acc_mag=10.320 gravity=10.007 motion=0.314 moving_avg=1.578 rms=1.996 mean_rms=2.626 max_rms=3.040 min_rms=1.996 std=0.213 var=0.045 state=standing thr=3.052/3.252/3.752
-21.00,13.75,269.75,0.6891,-0.2103,0.0490,0.6918,-3.54,-2.19,8.83,5.69,-3.38,-1.06,9.76,0,1.70,-0.0447,0.0715,116,0.690,1.395,121.21,2.02,88.899,0
-20.81,12.19,269.94,0.6915,-0.1999,0.0571,0.6918,-3.35,-2.20,8.42,25.31,4.25,4.31,9.33,0,1.70,-0.0395,0.0711,116,0.690,1.395,121.21,2.02,88.899,0
-21.50,10.88,269.94,0.6916,-0.1963,0.0690,0.6917,-3.51,-1.42,7.29,9.12,11.62,3.81,8.21,0,1.70,-0.0352,0.0734,116,0.690,1.395,121.21,2.02,88.899,0
-22.38,11.19,269.88,0.6898,-0.2050,0.0727,0.6906,-3.76,-1.80,8.24,-15.75,13.38,-7.06,9.23,0,1.70,-0.0366,0.0766,116,0.690,1.395,121.21,2.02,88.899,0
phase1 acc_mag=9.825 gravity=9.565 motion=0.260 moving_avg=1.416 rms=1.810 mean_rms=2.408 max_rms=2.826 min_rms=1.773 std=0.360 var=0.130 state=standing thr=3.128/3.328/3.828
-23.06,13.00,270.56,0.6921,-0.2175,0.0681,0.6848,-4.91,-3.09,10.46,-14.19,5.25,-9.06,11.96,0,1.70,-0.0407,0.0789,116,0.690,1.395,121.21,2.02,88.899,0
-23.56,13.88,269.94,0.6873,-0.2258,0.0654,0.6873,-4.33,-2.09,10.91,-10.06,1.44,8.38,11.92,0,1.70,-0.0441,0.0801,116,0.690,1.395,121.21,2.02,88.899,0
-22.31,12.81,269.94,0.6891,-0.2126,0.0630,0.6898,-5.64,-2.32,11.53,30.50,-33.38,2.00,13.04,0,1.70,-0.0413,0.0760,116,0.690,1.395,121.21,2.02,88.899,0
phase1 acc_mag=10.895 gravity=10.158 motion=0.737 moving_avg=1.670 rms=2.011 mean_rms=2.268 max_rms=2.826 min_rms=1.773 std=0.399 var=0.159 state=standing thr=3.065/3.265/3.765
-20.19,10.12,269.31,0.6896,-0.1795,0.0645,0.6986,-3.26,-2.01,10.20,46.81,-38.25,17.31,10.90,0,1.70,-0.0324,0.0675,116,0.690,1.395,121.21,2.02,88.899,0
-17.62,5.94,268.19,0.6859,-0.1429,0.0713,0.7100,-1.75,-0.93,5.63,22.62,-19.12,19.88,5.97,0,1.70,-0.0210,0.0594,117,0.714,0.677,56.93,0.95,89.613,0
-18.00,5.31,267.31,0.6812,-0.1461,0.0767,0.7133,-1.98,0.21,3.03,-0.69,18.94,1.56,3.63,0,1.70,-0.0208,0.0617,117,0.714,0.677,56.93,0.95,89.613,0
-19.69,7.94,268.25,0.6848,-0.1693,0.0717,0.7052,-3.48,-1.67,7.91,-45.56,36.56,-28.19,8.80,0,1.70,-0.0281,0.0666,117,0.714,0.677,56.93,0.95,89.613,0
phase1 acc_mag=10.137 gravity=9.173 motion=0.964 moving_avg=1.958 rms=2.489 mean_rms=2.210 max_rms=2.826 min_rms=1.773 std=0.373 var=0.139 state=standing thr=2.956/3.156/3.656
-21.44,11.81,269.44,0.6881,-0.2055,0.0610,0.6932,-4.37,-2.76,11.65,-42.94,23.69,-16.38,12.75,0,1.70,-0.0402,0.0735,117,0.714,0.677,56.93,0.95,89.613,0
-22.94,14.69,269.50,0.6847,-0.2272,0.0557,0.6903,-5.60,-2.94,11.28,-33.81,15.62,-1.56,12.93,0,1.70,-0.0475,0.0776,117,0.714,0.677,56.93,0.95,89.613,0
-22.94,15.31,269.06,0.6813,-0.2303,0.0518,0.6929,-3.78,-2.11,10.13,8.81,-2.81,9.88,11.02,0,1.70,-0.0497,0.0771,117,0.714,0.677,56.93,0.95,89.613,0
-22.69,14.25,268.69,0.6802,-0.2237,0.0549,0.6959,-4.12,-1.86,8.76,7.56,-10.56,2.19,9.86,0,1.70,-0.0473,0.0761,117,0.714,0.677,56.93,0.95,89.613,0
phase1 acc_mag=10.193 gravity=10.017 motion=0.177 moving_avg=1.835 rms=2.350 mean_rms=2.152 max_rms=2.766 min_rms=1.773 std=0.302 var=0.091 state=standing thr=2.755/2.955/3.455
-21.81,13.44,268.62,0.6818,-0.2126,0.0545,0.6978,-3.61,-2.31,8.70,15.12,-10.00,2.75,9.70,0,1.70,-0.0445,0.0732,117,0.714,0.677,56.93,0.95,89.613,0
-21.31,12.44,268.69,0.6832,-0.2050,0.0568,0.6985,-3.75,-2.11,7.76,8.50,-5.50,0.50,8.87,0,1.70,-0.0418,0.0719,117,0.714,0.677,56.93,0.95,89.613,0
-21.12,12.06,268.75,0.6839,-0.2018,0.0579,0.6987,-3.08,-1.86,7.59,3.69,0.56,0.31,8.40,0,1.70,-0.0406,0.0714,117,0.714,0.677,56.93,0.95,89.613,0
-21.75,12.50,268.94,0.6844,-0.2087,0.0598,0.6959,-3.47,-2.08,7.65,-5.75,12.25,-5.06,8.65,0,1.70,-0.0417,0.0738,117,0.714,0.677,56.93,0.95,89.613,0
phase1 acc_mag=8.892 gravity=9.597 motion=0.705 moving_avg=1.769 rms=2.289 mean_rms=2.155 max_rms=2.592 min_rms=1.773 std=0.274 var=0.075 state=standing thr=2.703/2.903/3.403
-22.75,13.62,269.25,0.6841,-0.2199,0.0601,0.6928,-3.55,-2.13,8.00,-19.31,21.94,-4.81,9.01,0,1.70,-0.0445,0.0768,117,0.714,0.677,56.93,0.95,89.613,0
-24.12,15.56,269.62,0.6832,-0.2416,0.0587,0.6866,-4.47,-2.37,9.75,-27.06,22.31,-8.25,10.98,0,1.70,-0.0503,0.0821,117,0.714,0.677,56.93,0.95,89.613,0
-24.56,17.31,269.88,0.6829,-0.2514,0.0532,0.6839,-4.89,-2.81,12.02,-11.19,-6.19,-6.25,13.28,0,1.70,-0.0543,0.0832,117,0.714,0.677,56.93,0.95,89.613,0
-23.25,16.50,269.62,0.6835,-0.2393,0.0482,0.6879,-5.20,-2.92,11.26,31.19,-31.31,7.94,12.74,0,1.70,-0.0527,0.0787,117,0.714,0.677,56.93,0.95,89.613,0
phase1 acc_mag=11.854 gravity=10.141 motion=1.713 moving_avg=2.033 rms=2.514 mean_rms=2.272 max_rms=2.592 min_rms=1.823 std=0.212 var=0.045 state=standing thr=2.697/2.897/3.397
-21.06,13.50,269.25,0.6865,-0.2039,0.0507,0.6962,-4.12,-2.66,8.96,50.44,-43.69,11.94,10.21,0,1.70,-0.0429,0.0701,117,0.714,0.677,56.93,0.95,89.613,0
-18.88,9.25,268.56,0.6866,-0.1724,0.0596,0.7037,-2.79,-1.72,6.17,56.94,-28.19,19.19,6.99,0,1.70,-0.0322,0.0641,117,0.714,0.677,56.93,0.95,89.613,0
-17.88,6.06,268.06,0.6856,-0.1470,0.0726,0.7092,-1.50,-0.23,4.20,11.44,0.81,3.94,4.47,0,1.70,-0.0218,0.0609,118,0.750,0.643,51.50,0.86,90.363,0
-18.25,6.38,268.38,0.6873,-0.1516,0.0726,0.7067,-1.36,-0.29,5.47,-22.94,16.75,-14.62,5.64,0,1.70,-0.0229,0.0622,118,0.750,0.643,51.50,0.86,90.363,0
phase1 acc_mag=7.104 gravity=9.127 motion=2.023 moving_avg=2.219 rms=2.796 mean_rms=2.407 max_rms=2.796 min_rms=2.030 std=0.155 var=0.024 state=slow thr=2.717/2.917/3.417
-20.88,10.50,269.50,0.6896,-0.1908,0.0666,0.6954,-4.85,-2.32,9.07,-57.06,45.25,-23.94,10.54,0,1.70,-0.0347,0.0712,118,0.750,0.643,51.50,0.86,90.363,0
-22.31,14.19,270.12,0.6894,-0.2204,0.0558,0.6877,-4.60,-2.81,11.38,-34.19,15.25,-9.25,12.59,0,1.70,-0.0452,0.0761,118,0.750,0.643,51.50,0.86,90.363,0
-23.00,15.62,270.12,0.6873,-0.2328,0.0526,0.6860,-4.32,-2.41,10.51,0.81,5.44,4.44,11.62,0,1.70,-0.0494,0.0785,118,0.750,0.643,51.50,0.86,90.363,0
-22.94,14.69,269.88,0.6870,-0.2272,0.0566,0.6879,-3.81,-1.93,9.24,17.62,-7.62,5.12,10.18,0,1.70,-0.0469,0.0780,118,0.750,0.643,51.50,0.86,90.363,0
phase1 acc_mag=9.873 gravity=9.989 motion=0.116 moving_avg=1.837 rms=2.324 mean_rms=2.441 max_rms=2.796 min_rms=2.267 std=0.150 var=0.023 state=standing thr=2.742/2.942/3.442
-22.56,13.44,269.69,0.6872,-0.2178,0.0607,0.6904,-3.97,-2.11,8.56,14.69,-9.50,2.75,9.67,0,1.70,-0.0435,0.0766,118,0.750,0.643,51.50,0.86,90.363,0
-22.19,12.44,269.69,0.6881,-0.2096,0.0638,0.6917,-3.95,-2.20,8.13,8.31,-1.62,1.69,9.30,0,1.70,-0.0404,0.0753,118,0.750,0.643,51.50,0.86,90.363,0
-22.06,11.81,269.75,0.6891,-0.2050,0.0670,0.6918,-3.41,-1.77,7.62,4.69,1.25,-1.19,8.53,0,1.70,-0.0383,0.0751,118,0.750,0.643,51.50,0.86,90.363,0
-22.50,12.25,270.00,0.6896,-0.2103,0.0677,0.6896,-3.23,-1.88,7.85,-10.75,9.19,-4.31,8.69,0,1.70,-0.0393,0.0767,118,0.750,0.643,51.50,0.86,90.363,0
phase1 acc_mag=8.859 gravity=9.600 motion=0.741 moving_avg=1.767 rms=2.235 mean_rms=2.402 max_rms=2.796 min_rms=2.209 std=0.169 var=0.029 state=standing thr=2.740/2.940/3.440
-23.69,13.88,270.12,0.6880,-0.2263,0.0668,0.6863,-4.26,-2.16,8.29,-27.50,25.38,-4.25,9.57,0,1.70,-0.0437,0.0806,118,0.750,0.643,51.50,0.86,90.363,0
-24.75,15.94,270.31,0.6865,-0.2441,0.0624,0.6821,-4.54,-2.58,10.72,-31.69,18.62,-8.62,11.92,0,1.70,-0.0495,0.0841,118,0.750,0.643,51.50,0.86,90.363,0
-24.81,18.12,271.12,0.6892,-0.2570,0.0531,0.6754,-4.32,-3.47,13.82,-7.25,-5.19,-18.00,14.89,0,1.70,-0.0548,0.0852,118,0.750,0.643,51.50,0.86,90.363,0
-23.62,16.12,271.94,0.6984,-0.2327,0.0592,0.6743,-5.78,-3.22,11.27,62.50,-35.19,1.44,13.07,0,1.70,-0.0462,0.0810,118,0.750,0.643,51.50,0.86,90.363,0
phase1 acc_mag=10.634 gravity=10.335 motion=0.299 moving_avg=2.123 rms=2.617 mean_rms=2.420 max_rms=2.796 min_rms=2.209 std=0.173 var=0.030 state=standing thr=2.766/2.966/3.466
-20.75,10.81,271.94,0.7043,-0.1906,0.0677,0.6805,-3.26,-2.15,6.82,71.38,-52.12,19.50,7.86,0,1.70,-0.0328,0.0721,118,0.750,0.643,51.50,0.86,90.363,0
-18.25,5.62,269.62,0.6931,-0.1459,0.0792,0.7015,-2.27,-1.23,4.11,1.88,3.50,34.81,4.85,0,1.70,-0.0190,0.0627,119,0.803,0.740,55.25,0.92,91.166,0
-18.69,5.94,269.50,0.6938,-0.1508,0.0794,0.6997,-1.90,-0.40,4.17,-14.75,11.69,-15.81,4.60,0,1.70,-0.0202,0.0641,119,0.803,0.740,55.25,0.92,91.166,0
-20.12,8.56,270.81,0.6998,-0.1788,0.0751,0.6876,-2.73,-0.89,7.89,-38.06,41.75,-17.69,8.40,0,1.70,-0.0282,0.0707,119,0.803,0.740,55.25,0.92,91.166,0
phase1 acc_mag=10.577 gravity=9.159 motion=1.417 moving_avg=2.412 rms=2.963 mean_rms=2.506 max_rms=2.963 min_rms=2.209 std=0.241 var=0.058 state=standing thr=2.989/3.189/3.689
-22.31,12.38,271.62,0.6994,-0.2127,0.0669,0.6791,-5.74,-2.15,10.79,-47.69,21.94,-12.44,12.41,0,1.70,-0.0391,0.0777,119,0.803,0.740,55.25,0.92,91.166,0
-22.75,15.06,271.62,0.6971,-0.2273,0.0568,0.6776,-4.26,-2.74,11.44,-18.19,0.88,-0.69,12.51,0,1.70,-0.0458,0.0788,119,0.803,0.740,55.25,0.92,91.166,0
-22.69,14.94,270.69,0.6911,-0.2255,0.0556,0.6844,-3.71,-1.99,9.46,9.75,-9.44,14.62,10.35,0,1.70,-0.0464,0.0776,119,0.803,0.740,55.25,0.92,91.166,0
-22.12,13.56,270.00,0.6895,-0.2159,0.0581,0.6888,-3.55,-1.92,8.62,18.06,-13.44,10.50,9.52,0,1.70,-0.0435,0.0756,119,0.803,0.740,55.25,0.92,91.166,0
phase1 acc_mag=9.881 gravity=10.045 motion=0.164 moving_avg=2.118 rms=2.686 mean_rms=2.543 max_rms=2.988 min_rms=2.209 std=0.273 var=0.075 state=standing thr=3.089/3.289/3.789
-21.62,11.50,269.38,0.6876,-0.2012,0.0652,0.6945,-3.59,-2.05,8.13,19.94,-2.25,10.56,9.12,0,1.70,-0.0380,0.0735,119,0.803,0.740,55.25,0.92,91.166,0
-21.94,10.62,269.25,0.6868,-0.1979,0.0728,0.6956,-3.52,-1.85,7.71,9.31,7.62,2.56,8.68,0,1.70,-0.0351,0.0746,119,0.803,0.740,55.25,0.92,91.166,0
-23.19,11.06,269.50,0.6866,-0.2072,0.0779,0.6925,-3.26,-1.75,7.26,-10.50,24.06,-3.94,8.15,0,1.70,-0.0360,0.0785,120,0.708,1.097,93.02,1.55,91.874,0
phase1 acc_mag=8.843 gravity=9.505 motion=0.662 moving_avg=2.017 rms=2.589 mean_rms=2.579 max_rms=2.988 min_rms=2.209 std=0.261 var=0.068 state=standing thr=3.102/3.302/3.802
-24.81,12.50,269.75,0.6851,-0.2281,0.0810,0.6871,-4.12,-1.94,7.58,-21.00,27.69,-7.62,8.84,0,1.70,-0.0405,0.0848,120,0.708,1.097,93.02,1.55,91.874,0
-26.81,15.31,270.25,0.6837,-0.2538,0.0787,0.6797,-4.86,-2.35,11.09,-23.19,10.12,-8.81,12.33,0,1.70,-0.0475,0.0908,120,0.708,1.097,93.02,1.55,91.874,0
-26.12,17.25,270.69,0.6855,-0.2593,0.0657,0.6771,-5.71,-3.66,13.62,-18.25,-26.75,-13.00,15.22,0,1.70,-0.0522,0.0889,120,0.708,1.097,93.02,1.55,91.874,0
-22.75,15.25,270.44,0.6900,-0.2291,0.0534,0.6845,-5.01,-2.52,9.65,38.88,-55.31,3.69,11.16,0,1.70,-0.0480,0.0779,120,0.708,1.097,93.02,1.55,91.874,0
phase1 acc_mag=9.550 gravity=10.205 motion=0.654 moving_avg=2.374 rms=2.908 mean_rms=2.681 max_rms=2.988 min_rms=2.228 std=0.208 var=0.043 state=standing thr=3.097/3.297/3.797
-19.06,11.81,270.38,0.6962,-0.1877,0.0486,0.6912,-3.00,-2.15,6.89,46.88,-52.19,-0.50,7.82,0,1.70,-0.0384,0.0657,120,0.708,1.097,93.02,1.55,91.874,0
-16.94,8.38,270.19,0.6987,-0.1547,0.0549,0.6963,-1.79,-0.78,4.43,46.12,-21.31,11.00,4.84,0,1.70,-0.0277,0.0585,121,0.777,1.790,138.25,2.30,92.650,0
-16.81,7.06,270.25,0.7000,-0.1492,0.0605,0.6958,-2.09,-0.06,4.41,-35.44,20.00,-10.94,4.88,0,1.70,-0.0246,0.0586,121,0.777,1.790,138.25,2.30,92.650,0
-18.94,10.50,271.25,0.7024,-0.1788,0.0569,0.6866,-3.41,-1.77,8.09,-44.69,35.81,-25.00,8.96,0,1.70,-0.0331,0.0659,121,0.777,1.790,138.25,2.30,92.650,0
phase1 acc_mag=11.488 gravity=8.999 motion=2.489 moving_avg=2.498 rms=3.024 mean_rms=2.815 max_rms=3.140 min_rms=2.566 std=0.176 var=0.031 state=standing thr=3.166/3.366/3.866
-20.31,14.25,272.44,0.7054,-0.2130,0.0452,0.6746,-3.80,-2.83,11.07,-47.56,23.81,-16.19,12.04,0,1.70,-0.0447,0.0723,121,0.777,1.790,138.25,2.30,92.650,0
-21.62,17.44,272.62,0.7018,-0.2375,0.0383,0.6705,-4.64,-3.11,11.06,-30.88,20.31,-2.12,12.39,0,1.70,-0.0530,0.0769,121,0.777,1.790,138.25,2.30,92.650,0
-22.12,17.88,272.19,0.6989,-0.2404,0.0381,0.6725,-3.71,-2.56,9.94,5.00,-7.00,5.62,10.91,0,1.70,-0.0540,0.0775,121,0.777,1.790,138.25,2.30,92.650,0
-21.69,17.00,271.81,0.6979,-0.2321,0.0397,0.6764,-3.61,-2.58,9.20,12.06,-8.00,6.88,10.21,0,1.70,-0.0517,0.0755,121,0.777,1.790,138.25,2.30,92.650,0
phase1 acc_mag=9.985 gravity=10.033 motion=0.048 moving_avg=2.115 rms=2.617 mean_rms=2.805 max_rms=3.140 min_rms=2.566 std=0.180 var=0.033 state=standing thr=3.165/3.365/3.865
-21.19,15.88,271.56,0.6980,-0.2238,0.0418,0.6790,-3.72,-2.51,8.07,14.88,-9.00,4.25,9.23,0,1.70,-0.0491,0.0738,121,0.777,1.790,138.25,2.30,92.650,0
-20.94,14.94,271.38,0.6982,-0.2164,0.0450,0.6810,-3.44,-2.43,7.81,8.88,-4.75,0.88,8.87,0,1.70,-0.0464,0.0727,121,0.777,1.790,138.25,2.30,92.650,0
-21.06,14.75,271.50,0.6986,-0.2167,0.0472,0.6803,-3.56,-2.30,7.93,-0.25,6.38,0.56,8.99,0,1.70,-0.0458,0.0734,121,0.777,1.790,138.25,2.30,92.650,0
-21.62,15.38,271.50,0.6976,-0.2231,0.0476,0.6793,-3.56,-2.29,8.31,-8.44,6.25,-0.69,9.33,0,1.70,-0.0473,0.0752,121,0.777,1.790,138.25,2.30,92.650,0
phase1 acc_mag=9.744 gravity=9.609 motion=0.136 moving_avg=1.891 rms=2.445 mean_rms=2.734 max_rms=3.140 min_rms=2.444 std=0.218 var=0.048 state=standing thr=3.170/3.370/3.870
-22.12,16.25,271.62,0.6971,-0.2308,0.0460,0.6772,-3.83,-2.52,9.46,-12.88,8.38,-4.81,10.51,0,1.70,-0.0497,0.0768,121,0.777,1.790,138.25,2.30,92.650,0
-22.12,16.19,271.75,0.6978,-0.2307,0.0464,0.6765,-4.46,-3.13,11.66,-1.50,-5.44,-2.00,12.87,0,1.70,-0.0495,0.0769,121,0.777,1.790,138.25,2.30,92.650,0
-21.50,14.06,271.50,0.6989,-0.2114,0.0546,0.6812,-5.13,-2.51,11.29,33.31,-19.88,11.56,12.65,0,1.70,-0.0423,0.0740,121,0.777,1.790,138.25,2.30,92.650,0
-19.44,10.44,270.81,0.6993,-0.1810,0.0598,0.6889,-4.00,-2.64,10.13,58.38,-45.81,18.69,11.21,0,1.70,-0.0332,0.0671,121,0.777,1.790,138.25,2.30,92.650,0
phase1 acc_mag=9.613 gravity=10.227 motion=0.613 moving_avg=2.061 rms=2.580 mean_rms=2.719 max_rms=3.140 min_rms=2.444 std=0.231 var=0.053 state=standing thr=3.181/3.381/3.881
-16.62,5.38,269.81,0.6978,-0.1351,0.0699,0.7000,-2.34,-1.07,6.17,46.06,-33.25,18.88,6.69,0,1.70,-0.0183,0.0573,121,0.777,1.790,138.25,2.30,92.650,0
-14.50,3.31,269.31,0.6974,-0.1066,0.0674,0.7055,-0.28,0.66,2.96,22.12,-41.75,4.69,3.05,0,1.70,-0.0113,0.0488,122,0.742,0.657,53.14,0.89,93.393,0
-14.44,5.81,269.62,0.6983,-0.1246,0.0539,0.7028,-1.32,-0.50,4.35,-43.56,28.81,-19.56,4.57,0,1.70,-0.0200,0.0499,122,0.742,0.657,53.14,0.89,93.393,0
-17.06,10.38,270.88,0.7020,-0.1741,0.0439,0.6892,-4.17,-3.11,10.22,-63.81,50.81,-17.00,11.47,0,1.70,-0.0356,0.0610,122,0.742,0.657,53.14,0.89,93.393,0
phase1 acc_mag=12.028 gravity=9.077 motion=2.951 moving_avg=2.223 rms=2.829 mean_rms=2.709 max_rms=3.140 min_rms=2.444 std=0.225 var=0.051 state=standing thr=3.158/3.358/3.858
-19.88,14.19,271.25,0.6982,-0.2103,0.0422,0.6830,-4.77,-3.09,12.35,-40.62,39.75,0.44,13.59,0,1.70,-0.0457,0.0703,122,0.742,0.657,53.14,0.89,93.393,0
-21.38,15.56,271.06,0.6951,-0.2229,0.0438,0.6821,-3.69,-2.33,11.23,-4.31,4.94,3.19,12.05,0,1.70,-0.0486,0.0739,122,0.742,0.657,53.14,0.89,93.393,0
-21.56,15.44,270.81,0.6937,-0.2230,0.0458,0.6833,-3.47,-2.01,9.45,5.38,0.75,2.44,10.27,0,1.70,-0.0482,0.0744,122,0.742,0.657,53.14,0.89,93.393,0
-21.25,14.69,270.88,0.6948,-0.2174,0.0475,0.6840,-3.70,-2.36,8.92,11.12,-6.25,-1.50,9.94,0,1.70,-0.0463,0.0734,122,0.742,0.657,53.14,0.89,93.393,0
phase1 acc_mag=9.785 gravity=9.954 motion=0.169 moving_avg=1.904 rms=2.527 mean_rms=2.630 max_rms=3.004 min_rms=2.444 std=0.146 var=0.021 state=standing thr=2.922/3.122/3.622
-21.00,14.00,270.94,0.6963,-0.2106,0.0507,0.6843,-3.67,-2.39,8.21,13.81,-3.56,2.56,9.31,0,1.70,-0.0435,0.0725,122,0.742,0.657,53.14,0.89,93.393,0
-20.88,13.31,271.00,0.6970,-0.2065,0.0530,0.6847,-3.30,-1.97,7.67,3.50,-3.56,0.06,8.58,0,1.70,-0.0418,0.0721,122,0.742,0.657,53.14,0.89,93.393,0
-21.06,13.69,271.00,0.6965,-0.2103,0.0522,0.6841,-3.42,-2.08,7.86,-10.81,7.06,-1.94,8.82,0,1.70,-0.0430,0.0729,122,0.742,0.657,53.14,0.89,93.393,0
-21.75,14.75,271.06,0.6953,-0.2216,0.0507,0.6819,-3.90,-2.39,9.10,-13.88,12.88,-2.31,10.18,0,1.70,-0.0463,0.0754,122,0.742,0.657,53.14,0.89,93.393,0
phase1 acc_mag=10.321 gravity=9.600 motion=0.721 moving_avg=1.751 rms=2.416 mean_rms=2.567 max_rms=2.841 min_rms=2.415 std=0.144 var=0.021 state=standing thr=2.856/3.056/3.556
-22.50,16.00,271.12,0.6939,-0.2319,0.0492,0.6800,-3.94,-2.23,10.43,-13.06,6.50,-2.31,11.37,0,1.70,-0.0494,0.0777,122,0.742,0.657,53.14,0.89,93.393,0
-22.12,16.00,271.31,0.6959,-0.2277,0.0470,0.6794,-5.09,-3.10,12.21,22.19,-17.81,-2.00,13.59,0,1.70,-0.0488,0.0761,122,0.742,0.657,53.14,0.89,93.393,0
-20.19,12.62,271.31,0.7000,-0.1984,0.0529,0.6840,-4.00,-2.56,10.59,54.50,-37.81,8.50,11.61,0,1.70,-0.0395,0.0700,122,0.742,0.657,53.14,0.89,93.393,0
phase1 acc_mag=8.795 gravity=10.066 motion=1.272 moving_avg=2.059 rms=2.621 mean_rms=2.586 max_rms=2.841 min_rms=2.415 std=0.138 var=0.019 state=standing thr=2.863/3.063/3.563
-17.94,8.69,270.94,0.7025,-0.1563,0.0618,0.6915,-2.88,-1.94,8.08,61.12,-39.31,15.12,8.79,0,1.70,-0.0259,0.0610,122,0.742,0.657,53.14,0.89,93.393,0
-16.56,5.56,270.12,0.6996,-0.1341,0.0700,0.6983,-1.04,-0.30,4.49,19.62,-5.81,8.06,4.62,0,1.70,-0.0179,0.0571,123,0.745,0.679,54.69,0.91,94.137,0
-17.00,5.31,270.06,0.6990,-0.1368,0.0732,0.6981,-2.14,-0.48,5.17,-11.62,17.94,-5.94,5.62,0,1.70,-0.0177,0.0587,123,0.745,0.679,54.69,0.91,94.137,0
-18.56,7.88,270.56,0.7001,-0.1654,0.0676,0.6913,-3.55,-2.09,7.54,-45.00,29.94,-19.06,8.59,0,1.70,-0.0268,0.0650,123,0.745,0.679,54.69,0.91,94.137,0
phase1 acc_mag=10.102 gravity=9.228 motion=0.874 moving_avg=2.137 rms=2.777 mean_rms=2.633 max_rms=2.866 min_rms=2.415 std=0.159 var=0.025 state=standing thr=2.952/3.152/3.652
-20.31,11.19,271.19,0.7003,-0.1908,0.0617,0.6852,-3.85,-2.36,9.94,-49.62,28.50,-13.12,10.92,0,1.70,-0.0350,0.0704,123,0.745,0.679,54.69,0.91,94.137,0
-22.50,15.19,271.44,0.6966,-0.2266,0.0541,0.6786,-4.30,-2.36,10.42,-37.38,24.12,-4.88,11.52,0,1.70,-0.0464,0.0778,123,0.745,0.679,54.69,0.91,94.137,0
-23.56,17.25,271.31,0.6920,-0.2462,0.0494,0.6768,-4.43,-2.69,10.32,-19.94,13.12,1.19,11.55,0,1.70,-0.0529,0.0815,123,0.745,0.679,54.69,0.91,94.137,0
-23.69,17.25,271.06,0.6912,-0.2457,0.0504,0.6778,-4.35,-2.72,9.32,4.12,-5.25,5.81,10.64,0,1.70,-0.0527,0.0816,123,0.745,0.679,54.69,0.91,94.137,0
phase1 acc_mag=10.539 gravity=9.959 motion=0.580 moving_avg=1.668 rms=2.138 mean_rms=2.549 max_rms=2.866 min_rms=2.138 std=0.175 var=0.031 state=standing thr=2.900/3.100/3.600
-23.38,16.75,270.88,0.6908,-0.2402,0.0507,0.6801,-3.91,-2.76,8.60,9.06,-5.50,2.12,9.84,0,1.70,-0.0514,0.0802,123,0.745,0.679,54.69,0.91,94.137,0
-23.31,16.19,270.75,0.6906,-0.2374,0.0526,0.6812,-3.99,-2.69,8.01,4.38,-0.31,3.19,9.34,0,1.70,-0.0501,0.0799,123,0.745,0.679,54.69,0.91,94.137,0
-23.50,16.06,270.62,0.6896,-0.2384,0.0546,0.6816,-3.96,-2.63,8.09,0.88,1.38,1.88,9.38,0,1.70,-0.0500,0.0806,123,0.745,0.679,54.69,0.91,94.137,0
-24.06,16.12,270.56,0.6886,-0.2414,0.0573,0.6814,-3.72,-2.36,7.92,2.06,6.44,3.19,9.06,0,1.70,-0.0500,0.0821,123,0.745,0.679,54.69,0.91,94.137,0
phase1 acc_mag=9.148 gravity=9.686 motion=0.539 moving_avg=1.517 rms=2.007 mean_rms=2.425 max_rms=2.866 min_rms=2.004 std=0.269 var=0.072 state=standing thr=2.963/3.163/3.663
-24.69,16.38,270.50,0.6871,-0.2477,0.0599,0.6804,-4.01,-2.63,8.20,-12.75,6.56,-3.06,9.50,0,1.70,-0.0510,0.0844,123,0.745,0.679,54.69,0.91,94.137,0
-24.94,17.62,270.75,0.6871,-0.2551,0.0557,0.6780,-3.98,-2.79,9.08,-14.12,7.62,-6.88,10.30,0,1.70,-0.0539,0.0852,123,0.745,0.679,54.69,0.91,94.137,0
-25.38,18.81,270.75,0.6857,-0.2646,0.0519,0.6761,-4.96,-2.96,10.59,-6.62,-0.75,-1.06,12.06,0,1.70,-0.0573,0.0866,123,0.745,0.679,54.69,0.91,94.137,0
phase1 acc_mag=12.668 gravity=10.043 motion=2.626 moving_avg=1.657 rms=2.130 mean_rms=2.343 max_rms=2.866 min_rms=1.988 std=0.315 var=0.099 state=standing thr=2.972/3.172/3.672
-24.69,17.75,270.62,0.6871,-0.2507,0.0533,0.6797,-5.44,-2.89,11.07,28.06,-25.69,5.00,12.67,0,1.70,-0.0535,0.0834,123,0.745,0.679,54.69,0.91,94.137,0
-21.88,14.06,270.06,0.6899,-0.2125,0.0547,0.6898,-3.95,-2.93,9.52,47.19,-35.12,15.31,10.72,0,1.70,-0.0435,0.0737,123,0.745,0.679,54.69,0.91,94.137,0
-19.94,9.81,269.25,0.6894,-0.1814,0.0637,0.6984,-3.29,-1.80,7.03,54.12,-34.56,21.31,7.97,0,1.70,-0.0331,0.0678,123,0.745,0.679,54.69,0.91,94.137,0
-18.00,6.31,268.50,0.6883,-0.1470,0.0716,0.7068,-1.75,-0.58,5.47,25.12,-21.56,7.75,5.77,0,1.70,-0.0218,0.0607,124,0.722,0.574,47.73,0.80,94.859,0
phase1 acc_mag=4.642 gravity=9.479 motion=4.838 moving_avg=1.620 rms=2.096 mean_rms=2.234 max_rms=2.866 min_rms=1.934 std=0.311 var=0.097 state=standing thr=2.857/3.057/3.557
-17.12,5.56,268.44,0.6891,-0.1399,0.0706,0.7075,-0.99,-0.01,4.55,-8.25,4.19,-4.25,4.66,0,1.70,-0.0201,0.0585,124,0.722,0.574,47.73,0.80,94.859,0
-18.88,8.19,269.00,0.6899,-0.1653,0.0664,0.7017,-3.33,-1.70,6.87,-49.06,39.12,-17.50,7.82,0,1.70,-0.0281,0.0642,124,0.722,0.574,47.73,0.80,94.859,0
-21.06,12.44,269.88,0.6907,-0.2034,0.0572,0.6917,-4.13,-2.85,10.18,-46.44,35.88,-15.44,11.35,0,1.70,-0.0405,0.0720,124,0.722,0.574,47.73,0.80,94.859,0
-23.25,16.00,270.19,0.6873,-0.2364,0.0522,0.6849,-5.01,-2.91,10.99,-27.38,18.56,-4.12,12.42,0,1.70,-0.0504,0.0793,124,0.722,0.574,47.73,0.80,94.859,0
phase1 acc_mag=12.252 gravity=10.020 motion=2.232 moving_avg=1.555 rms=1.955 mean_rms=2.066 max_rms=2.621 min_rms=1.850 std=0.150 var=0.023 state=standing thr=2.367/2.567/3.067
-23.75,17.06,270.06,0.6849,-0.2457,0.0490,0.6842,-4.30,-2.72,10.39,-6.31,1.88,2.19,11.57,0,1.70,-0.0538,0.0807,124,0.722,0.574,47.73,0.80,94.859,0
-23.62,16.94,270.00,0.6849,-0.2440,0.0492,0.6848,-4.04,-2.46,9.26,6.00,-4.69,-0.56,10.40,0,1.70,-0.0534,0.0803,124,0.722,0.574,47.73,0.80,94.859,0
-23.12,16.12,270.06,0.6865,-0.2366,0.0503,0.6857,-3.73,-2.53,8.54,8.50,-4.25,1.50,9.66,0,1.70,-0.0511,0.0788,124,0.722,0.574,47.73,0.80,94.859,0
-23.12,15.62,270.06,0.6874,-0.2332,0.0536,0.6857,-4.03,-2.54,8.00,7.25,1.81,-0.19,9.31,0,1.70,-0.0492,0.0788,124,0.722,0.574,47.73,0.80,94.859,0
phase1 acc_mag=9.372 gravity=9.791 motion=0.419 moving_avg=1.394 rms=1.861 mean_rms=1.982 max_rms=2.131 min_rms=1.850 std=0.078 var=0.006 state=standing thr=2.138/2.338/2.838
-23.25,14.81,270.25,0.6888,-0.2294,0.0588,0.6851,-4.00,-2.10,7.56,8.56,2.00,0.00,8.81,0,1.70,-0.0467,0.0793,124,0.722,0.574,47.73,0.80,94.859,0
-23.75,15.00,270.44,0.6889,-0.2341,0.0613,0.6832,-3.99,-2.05,7.66,-7.00,9.38,-3.06,8.88,0,1.70,-0.0471,0.0813,124,0.722,0.574,47.73,0.80,94.859,0
-24.25,16.31,270.56,0.6880,-0.2435,0.0574,0.6812,-3.82,-2.79,9.71,-15.25,7.56,-3.75,10.80,0,1.70,-0.0505,0.0827,124,0.722,0.574,47.73,0.80,94.859,0
phase1 acc_mag=12.334 gravity=9.936 motion=2.398 moving_avg=1.545 rms=1.948 mean_rms=1.955 max_rms=2.131 min_rms=1.850 std=0.086 var=0.007 state=standing thr=2.126/2.326/2.826
-24.81,17.50,270.62,0.6866,-0.2538,0.0546,0.6791,-4.62,-2.91,11.06,-10.25,3.44,-1.12,12.33,0,1.70,-0.0539,0.0845,124,0.722,0.574,47.73,0.80,94.859,0
-23.19,16.56,270.06,0.6865,-0.2353,0.0479,0.6864,-4.61,-2.96,11.22,31.94,-42.12,9.75,12.49,0,1.70,-0.0515,0.0777,124,0.722,0.574,47.73,0.80,94.859,0
-20.81,13.62,269.50,0.6877,-0.2090,0.0479,0.6936,-4.02,-2.37,8.20,40.19,-38.00,11.50,9.43,0,1.70,-0.0448,0.0708,124,0.722,0.574,47.73,0.80,94.859,0
-18.69,11.06,268.88,0.6874,-0.1791,0.0479,0.7022,-2.46,-1.76,5.55,13.56,-23.81,13.81,6.32,0,1.70,-0.0371,0.0627,125,0.729,0.648,53.29,0.89,95.588,0
phase1 acc_mag=4.856 gravity=9.529 motion=4.673 moving_avg=1.711 rms=2.153 mean_rms=1.954 max_rms=2.153 min_rms=1.850 std=0.083 var=0.007 state=slow thr=2.121/2.321/2.821
-18.31,11.12,268.00,0.6827,-0.1801,0.0439,0.7068,-1.03,-1.56,4.61,-19.50,16.56,6.69,4.97,0,1.70,-0.0389,0.0616,125,0.729,0.648,53.29,0.89,95.588,0
-20.31,11.81,267.75,0.6786,-0.1990,0.0536,0.7050,-2.29,-1.09,5.14,-13.12,39.69,-2.31,5.73,0,1.70,-0.0416,0.0692,125,0.729,0.648,53.29,0.89,95.588,0
-23.19,15.06,268.88,0.6805,-0.2310,0.0543,0.6933,-5.23,-2.63,9.18,-41.19,36.62,-21.12,10.89,0,1.70,-0.0493,0.0779,125,0.729,0.648,53.29,0.89,95.588,0
-25.38,17.69,268.88,0.6749,-0.2613,0.0546,0.6879,-5.44,-4.13,11.76,-17.81,26.94,2.69,13.60,0,1.70,-0.0572,0.0855,125,0.729,0.648,53.29,0.89,95.588,0
phase1 acc_mag=12.847 gravity=9.874 motion=2.973 moving_avg=1.755 rms=2.176 mean_rms=2.006 max_rms=2.356 min_rms=1.850 std=0.157 var=0.025 state=standing thr=2.320/2.520/3.020
-26.31,18.00,269.12,0.6755,-0.2653,0.0593,0.6854,-4.45,-2.15,10.02,3.31,2.94,-4.06,11.17,0,1.70,-0.0567,0.0879,125,0.729,0.648,53.29,0.89,95.588,0
-26.12,17.81,269.31,0.6770,-0.2626,0.0591,0.6851,-4.07,-2.51,9.48,1.69,-6.50,0.19,10.62,0,1.70,-0.0559,0.0873,125,0.729,0.648,53.29,0.89,95.588,0
-25.44,17.50,269.19,0.6776,-0.2574,0.0563,0.6866,-4.32,-2.92,8.71,4.50,-11.44,0.50,10.15,0,1.70,-0.0554,0.0852,125,0.729,0.648,53.29,0.89,95.588,0
-24.81,16.81,269.19,0.6788,-0.2490,0.0563,0.6885,-4.00,-2.62,8.16,12.00,-6.25,3.69,9.46,0,1.70,-0.0533,0.0831,125,0.729,0.648,53.29,0.89,95.588,0
phase1 acc_mag=9.146 gravity=9.833 motion=0.687 moving_avg=1.467 rms=1.975 mean_rms=2.033 max_rms=2.356 min_rms=1.860 std=0.153 var=0.023 state=standing thr=2.339/2.539/3.039
-24.56,16.06,268.88,0.6779,-0.2449,0.0577,0.6908,-3.97,-2.40,7.65,2.56,-3.94,5.06,8.95,0,1.70,-0.0520,0.0824,125,0.729,0.648,53.29,0.89,95.588,0
-24.44,16.19,268.88,0.6777,-0.2457,0.0560,0.6907,-3.92,-2.41,7.49,-5.00,3.69,-3.31,8.79,0,1.70,-0.0527,0.0821,125,0.729,0.648,53.29,0.89,95.588,0
-25.00,17.25,269.00,0.6772,-0.2538,0.0541,0.6885,-4.48,-2.67,7.33,-20.62,11.31,-5.06,9.00,0,1.70,-0.0552,0.0836,125,0.729,0.648,53.29,0.89,95.588,0
-25.81,18.94,269.12,0.6752,-0.2703,0.0506,0.6844,-4.29,-2.12,9.11,-17.56,17.50,-4.75,10.29,0,1.70,-0.0603,0.0869,125,0.729,0.648,53.29,0.89,95.588,0
phase1 acc_mag=12.325 gravity=9.762 motion=2.563 moving_avg=1.548 rms=2.009 mean_rms=2.057 max_rms=2.356 min_rms=1.872 std=0.134 var=0.018 state=standing thr=2.325/2.525/3.025
-25.56,19.56,269.75,0.6799,-0.2669,0.0465,0.6814,-3.92,-3.05,12.11,27.81,-28.75,-9.31,13.09,0,1.70,-0.0601,0.0853,125,0.729,0.648,53.29,0.89,95.588,0
-23.12,17.88,270.81,0.6897,-0.2463,0.0422,0.6796,-4.50,-3.54,12.19,59.00,-44.38,-11.62,13.47,0,1.70,-0.0553,0.0794,125,0.729,0.648,53.29,0.89,95.588,0
-20.62,14.50,270.56,0.6937,-0.2080,0.0441,0.6882,-4.44,-2.39,8.18,38.19,-32.62,13.88,9.61,0,1.70,-0.0450,0.0698,125,0.729,0.648,53.29,0.89,95.588,0
phase1 acc_mag=5.284 gravity=9.791 motion=4.507 moving_avg=1.864 rms=2.350 mean_rms=2.124 max_rms=2.356 min_rms=1.974 std=0.125 var=0.016 state=standing thr=2.375/2.575/3.075
-17.62,11.12,270.00,0.6958,-0.1755,0.0427,0.6952,-2.20,-1.71,4.49,34.81,-39.06,8.06,5.28,0,1.70,-0.0369,0.0607,126,0.760,0.668,52.77,0.88,96.348,0
-17.31,10.50,269.25,0.6917,-0.1698,0.0433,0.7007,-1.71,-1.18,4.18,-25.75,16.12,0.69,4.67,0,1.70,-0.0356,0.0591,126,0.760,0.668,52.77,0.88,96.348,0
-19.75,13.31,269.38,0.6885,-0.2059,0.0428,0.6940,-3.72,-2.49,8.06,-40.88,46.94,-13.00,9.22,0,1.70,-0.0454,0.0686,126,0.760,0.668,52.77,0.88,96.348,0
-22.12,16.25,270.38,0.6898,-0.2314,0.0434,0.6847,-4.93,-3.60,11.16,-53.06,39.31,-14.19,12.72,0,1.70,-0.0514,0.0757,126,0.760,0.668,52.77,0.88,96.348,0
phase1 acc_mag=13.182 gravity=9.752 motion=3.430 moving_avg=1.954 rms=2.466 mean_rms=2.218 max_rms=2.653 min_rms=1.974 std=0.206 var=0.042 state=standing thr=2.630/2.830/3.330
-23.50,19.19,271.00,0.6891,-0.2563,0.0381,0.6768,-4.87,-3.20,11.37,-16.56,13.25,-4.88,12.78,0,1.70,-0.0589,0.0810,126,0.760,0.668,52.77,0.88,96.348,0
-23.69,19.38,270.75,0.6866,-0.2579,0.0380,0.6786,-3.88,-2.78,10.28,7.44,-6.00,8.81,11.33,0,1.70,-0.0596,0.0811,126,0.760,0.668,52.77,0.88,96.348,0
-23.25,17.88,270.06,0.6851,-0.2473,0.0414,0.6839,-3.76,-2.45,8.74,22.31,-16.81,9.38,9.82,0,1.70,-0.0563,0.0791,126,0.760,0.668,52.77,0.88,96.348,0
-22.44,16.25,269.69,0.6851,-0.2319,0.0448,0.6891,-3.64,-2.61,8.15,15.94,-11.75,6.81,9.30,0,1.70,-0.0517,0.0759,126,0.760,0.668,52.77,0.88,96.348,0
phase1 acc_mag=8.846 gravity=9.879 motion=1.033 moving_avg=1.673 rms=2.243 mean_rms=2.239 max_rms=2.653 min_rms=1.974 std=0.214 var=0.046 state=standing thr=2.668/2.868/3.368
-22.06,15.44,269.19,0.6834,-0.2268,0.0458,0.6924,-3.31,-2.55,7.50,-3.06,-0.31,5.25,8.59,0,1.70,-0.0503,0.0747,126,0.760,0.668,52.77,0.88,96.348,0
-22.44,15.88,269.06,0.6815,-0.2328,0.0450,0.6923,-3.32,-2.38,7.20,-12.19,9.31,-0.44,8.28,0,1.70,-0.0522,0.0759,127,0.702,1.021,87.21,1.45,97.051,0
-23.56,17.50,269.06,0.6790,-0.2471,0.0434,0.6899,-4.02,-2.78,8.42,-19.25,18.25,-2.00,9.74,0,1.70,-0.0564,0.0791,127,0.702,1.021,87.21,1.45,97.051,0
phase1 acc_mag=11.448 gravity=9.727 motion=1.721 moving_avg=1.813 rms=2.296 mean_rms=2.289 max_rms=2.653 min_rms=1.981 std=0.186 var=0.035 state=standing thr=2.661/2.861/3.361
-24.44,18.88,269.19,0.6771,-0.2616,0.0415,0.6865,-4.17,-2.79,10.29,-14.00,9.56,-2.88,11.45,0,1.70,-0.0606,0.0823,127,0.702,1.021,87.21,1.45,97.051,0
-24.31,19.56,269.12,0.6766,-0.2623,0.0369,0.6870,-4.52,-3.20,11.92,8.75,-14.00,3.62,13.14,0,1.70,-0.0621,0.0811,127,0.702,1.021,87.21,1.45,97.051,0
-22.62,17.69,268.81,0.6785,-0.2433,0.0353,0.6923,-4.24,-3.20,9.65,29.88,-39.31,4.50,11.02,0,1.70,-0.0578,0.0758,127,0.702,1.021,87.21,1.45,97.051,0
-20.19,14.19,268.25,0.6804,-0.2092,0.0386,0.7013,-3.02,-2.44,7.59,47.25,-36.44,17.69,8.53,0,1.70,-0.0482,0.0678,127,0.702,1.021,87.21,1.45,97.051,0
phase1 acc_mag=7.318 gravity=9.934 motion=2.616 moving_avg=1.932 rms=2.380 mean_rms=2.368 max_rms=2.653 min_rms=2.114 std=0.121 var=0.015 state=standing thr=2.611/2.811/3.311
-18.75,11.38,267.38,0.6785,-0.1841,0.0444,0.7098,-2.00,-1.12,5.31,22.94,-20.00,12.81,5.78,0,1.70,-0.0402,0.0626,128,0.727,1.591,131.29,2.19,97.778,0
-18.19,10.56,267.00,0.6772,-0.1765,0.0450,0.7130,-1.09,-0.47,4.69,1.19,0.31,2.25,4.84,0,1.70,-0.0381,0.0606,128,0.727,1.591,131.29,2.19,97.778,0
-19.75,12.94,267.44,0.6769,-0.2048,0.0408,0.7059,-3.37,-2.27,7.57,-49.38,40.25,-17.00,8.59,0,1.70,-0.0468,0.0670,128,0.727,1.591,131.29,2.19,97.778,0
-21.94,16.69,268.12,0.6758,-0.2338,0.0355,0.6981,-4.41,-3.64,10.82,-37.56,33.00,-8.69,12.24,0,1.70,-0.0557,0.0731,128,0.727,1.591,131.29,2.19,97.778,0
phase1 acc_mag=12.717 gravity=9.595 motion=3.122 moving_avg=1.928 rms=2.354 mean_rms=2.407 max_rms=2.653 min_rms=2.243 std=0.112 var=0.013 state=standing thr=2.631/2.831/3.331
-23.69,18.88,268.38,0.6736,-0.2563,0.0350,0.6923,-4.79,-3.12,10.94,-15.81,13.62,-3.31,12.34,0,1.70,-0.0616,0.0787,128,0.727,1.591,131.29,2.19,97.778,0
-23.69,19.12,268.31,0.6730,-0.2570,0.0333,0.6928,-3.80,-2.52,9.35,5.44,-8.62,1.69,10.40,0,1.70,-0.0623,0.0784,128,0.727,1.591,131.29,2.19,97.778,0
-23.06,18.44,268.19,0.6735,-0.2502,0.0328,0.6948,-3.84,-2.84,8.66,9.19,-8.38,3.00,9.89,0,1.70,-0.0607,0.0765,128,0.727,1.591,131.29,2.19,97.778,0
-22.94,18.00,268.06,0.6732,-0.2466,0.0347,0.6963,-3.78,-2.75,8.08,5.44,-1.56,2.12,9.33,0,1.70,-0.0593,0.0761,128,0.727,1.591,131.29,2.19,97.778,0
phase1 acc_mag=9.091 gravity=9.829 motion=0.738 moving_avg=1.539 rms=1.982 mean_rms=2.320 max_rms=2.549 min_rms=1.982 std=0.129 var=0.017 state=standing thr=2.578/2.778/3.278
-23.06,17.38,268.00,0.6732,-0.2443,0.0385,0.6969,-3.66,-2.43,7.60,6.62,2.12,2.94,8.78,0,1.70,-0.0578,0.0765,128,0.727,1.591,131.29,2.19,97.778,0
-23.25,17.69,267.94,0.6721,-0.2480,0.0378,0.6967,-3.63,-2.71,7.71,-8.38,7.31,0.31,8.94,0,1.70,-0.0589,0.0772,128,0.727,1.591,131.29,2.19,97.778,0
-24.06,18.69,267.94,0.6705,-0.2573,0.0378,0.6948,-3.54,-2.62,7.49,-16.62,13.69,-1.00,8.69,0,1.70,-0.0614,0.0795,128,0.727,1.591,131.29,2.19,97.778,0
phase1 acc_mag=10.199 gravity=9.629 motion=0.570 moving_avg=1.521 rms=1.955 mean_rms=2.243 max_rms=2.549 min_rms=1.954 std=0.190 var=0.036 state=standing thr=2.624/2.824/3.324
-25.19,20.62,268.06,0.6682,-0.2768,0.0344,0.6898,-4.59,-3.11,8.56,-21.75,13.69,-9.81,10.20,0,1.70,-0.0672,0.0835,128,0.727,1.591,131.29,2.19,97.778,0
-25.25,21.69,268.88,0.6727,-0.2783,0.0312,0.6848,-5.33,-4.34,13.41,15.25,-12.88,-8.75,15.07,0,1.70,-0.0678,0.0835,128,0.727,1.591,131.29,2.19,97.778,0
-23.44,19.38,268.88,0.6763,-0.2575,0.0319,0.6894,-4.51,-3.53,11.77,37.19,-35.88,7.38,13.09,0,1.70,-0.0624,0.0784,128,0.727,1.591,131.29,2.19,97.778,0
-20.00,14.50,268.81,0.6838,-0.2097,0.0364,0.6980,-3.73,-2.48,7.34,62.00,-50.94,5.50,8.60,0,1.70,-0.0486,0.0675,128,0.727,1.591,131.29,2.19,97.778,0
phase1 acc_mag=7.005 gravity=10.126 motion=3.121 moving_avg=1.883 rms=2.397 mean_rms=2.242 max_rms=2.549 min_rms=1.954 std=0.201 var=0.040 state=standing thr=2.643/2.843/3.343
-17.50,10.75,268.44,0.6866,-0.1684,0.0422,0.7060,-2.09,-1.41,5.06,42.06,-35.50,10.94,5.65,0,1.70,-0.0360,0.0582,129,0.777,0.710,54.79,0.91,98.554,0
-17.06,10.12,267.62,0.6821,-0.1669,0.0412,0.7108,-1.20,-0.77,3.75,-21.56,13.50,6.44,4.01,0,1.70,-0.0362,0.0572,129,0.777,0.710,54.79,0.91,98.554,0
-18.94,12.81,267.69,0.6796,-0.1996,0.0372,0.7050,-2.61,-2.13,6.35,-48.75,48.25,-21.25,7.19,0,1.70,-0.0462,0.0648,129,0.777,0.710,54.79,0.91,98.554,0
-22.62,17.88,268.94,0.6788,-0.2511,0.0338,0.6893,-4.39,-3.29,9.48,-59.75,58.06,-22.25,10.95,0,1.70,-0.0600,0.0775,129,0.777,0.710,54.79,0.91,98.554,0
phase1 acc_mag=13.243 gravity=9.251 motion=3.991 moving_avg=2.290 rms=2.910 mean_rms=2.310 max_rms=2.913 min_rms=1.954 std=0.295 var=0.087 state=slow thr=2.900/3.100/3.600
-24.94,22.12,269.62,0.6760,-0.2819,0.0289,0.6802,-5.25,-4.36,12.96,-26.75,19.81,-4.62,14.65,0,1.70,-0.0689,0.0841,129,0.777,0.710,54.79,0.91,98.554,0
-25.25,22.88,269.44,0.6738,-0.2876,0.0262,0.6802,-4.26,-3.18,10.77,1.75,-6.12,5.31,12.01,0,1.70,-0.0712,0.0846,129,0.777,0.710,54.79,0.91,98.554,0
-24.44,21.69,269.12,0.6742,-0.2766,0.0265,0.6843,-4.03,-2.99,8.78,19.69,-20.00,3.19,10.11,0,1.70,-0.0686,0.0818,129,0.777,0.710,54.79,0.91,98.554,0
phase1 acc_mag=9.365 gravity=9.959 motion=0.594 moving_avg=2.124 rms=2.844 mean_rms=2.410 max_rms=2.957 min_rms=1.954 std=0.390 var=0.152 state=standing thr=3.191/3.391/3.891
-23.44,20.19,269.00,0.6763,-0.2599,0.0284,0.6886,-3.65,-2.99,8.09,23.19,-17.94,4.19,9.37,0,1.70,-0.0639,0.0781,129,0.777,0.710,54.79,0.91,98.554,0
-22.94,18.62,268.69,0.6763,-0.2499,0.0323,0.6922,-3.62,-2.72,7.49,9.38,-2.25,4.81,8.75,0,1.70,-0.0604,0.0766,129,0.777,0.710,54.79,0.91,98.554,0
-23.12,18.19,268.56,0.6758,-0.2491,0.0355,0.6928,-3.57,-2.52,7.09,-0.88,3.44,0.38,8.33,0,1.70,-0.0595,0.0772,129,0.777,0.710,54.79,0.91,98.554,0
-23.44,18.69,268.75,0.6765,-0.2550,0.0351,0.6900,-3.45,-2.50,7.43,-11.25,9.88,-6.19,8.56,0,1.70,-0.0609,0.0787,130,0.756,1.077,85.47,1.42,99.311,0
phase1 acc_mag=9.403 gravity=9.647 motion=0.244 moving_avg=2.192 rms=2.853 mean_rms=2.555 max_rms=2.957 min_rms=1.954 std=0.386 var=0.149 state=standing thr=3.327/3.527/4.027
-24.12,20.12,269.19,0.6766,-0.2655,0.0329,0.6860,-4.00,-3.16,8.90,-19.00,13.62,-7.38,10.26,0,1.70,-0.0640,0.0809,130,0.756,1.077,85.47,1.42,99.311,0
-24.88,21.94,269.44,0.6752,-0.2802,0.0288,0.6817,-4.44,-3.36,11.19,-16.00,5.38,-4.12,12.50,0,1.70,-0.0686,0.0835,130,0.756,1.077,85.47,1.42,99.311,0
-24.19,21.69,269.44,0.6771,-0.2722,0.0259,0.6832,-4.74,-3.49,12.01,20.81,-19.00,1.50,13.37,0,1.70,-0.0673,0.0808,130,0.756,1.077,85.47,1.42,99.311,0
-21.06,17.88,269.88,0.6865,-0.2352,0.0263,0.6875,-3.66,-3.16,10.40,58.19,-53.50,-1.00,11.47,0,1.70,-0.0575,0.0718,130,0.756,1.077,85.47,1.42,99.311,0
phase1 acc_mag=10.358 gravity=10.275 motion=0.083 moving_avg=2.484 rms=3.032 mean_rms=2.752 max_rms=3.033 min_rms=1.974 std=0.268 var=0.072 state=standing thr=3.288/3.488/3.988
-18.62,13.69,269.69,0.6917,-0.1909,0.0356,0.6956,-3.25,-2.47,6.96,61.81,-39.19,11.62,8.07,0,1.70,-0.0433,0.0627,130,0.756,1.077,85.47,1.42,99.311,0
-17.38,10.56,268.81,0.6890,-0.1711,0.0428,0.7029,-2.38,-1.83,5.41,14.44,-8.25,18.50,6.19,0,1.70,-0.0363,0.0592,131,0.755,1.653,131.29,2.19,100.066,0
-17.75,10.06,267.88,0.6830,-0.1709,0.0466,0.7086,-1.15,-0.46,3.58,-11.12,7.75,7.94,3.79,0,1.70,-0.0357,0.0599,131,0.755,1.653,131.29,2.19,100.066,0
-19.38,12.44,267.81,0.6799,-0.2006,0.0413,0.7042,-2.09,-1.28,6.31,-57.69,43.50,-13.06,6.77,0,1.70,-0.0453,0.0662,131,0.755,1.653,131.29,2.19,100.066,0
phase1 acc_mag=9.739 gravity=9.098 motion=0.640 moving_avg=2.580 rms=3.127 mean_rms=2.898 max_rms=3.156 min_rms=2.430 std=0.127 var=0.016 state=standing thr=3.152/3.352/3.852
-22.31,17.75,268.81,0.6787,-0.2422,0.0333,0.6925,-5.19,-3.97,11.47,-68.06,45.75,-20.00,13.20,0,1.70,-0.0581,0.0750,131,0.755,1.653,131.29,2.19,100.066,0
-24.06,21.06,269.00,0.6736,-0.2733,0.0270,0.6862,-5.47,-4.00,12.44,-22.56,19.06,8.06,14.17,0,1.70,-0.0677,0.0811,131,0.755,1.653,131.29,2.19,100.066,0
-24.38,21.19,268.44,0.6707,-0.2736,0.0273,0.6889,-4.07,-3.11,10.68,9.94,-12.00,8.31,11.84,0,1.70,-0.0681,0.0809,131,0.755,1.653,131.29,2.19,100.066,0
-23.31,19.62,268.00,0.6708,-0.2588,0.0278,0.6944,-3.44,-2.62,8.22,13.12,-16.94,2.81,9.29,0,1.70,-0.0644,0.0772,131,0.755,1.653,131.29,2.19,100.066,0
phase1 acc_mag=9.419 gravity=10.165 motion=0.746 moving_avg=2.281 rms=2.812 mean_rms=2.939 max_rms=3.156 min_rms=2.812 std=0.086 var=0.007 state=standing thr=3.112/3.312/3.812
-22.44,18.69,268.06,0.6733,-0.2483,0.0273,0.6958,-3.47,-3.13,8.19,13.31,-5.50,-1.56,9.43,0,1.70,-0.0617,0.0745,131,0.755,1.653,131.29,2.19,100.066,0
-22.44,17.56,268.25,0.6754,-0.2416,0.0339,0.6959,-3.78,-2.57,7.51,23.38,-0.88,2.25,8.79,0,1.70,-0.0581,0.0747,131,0.755,1.653,131.29,2.19,100.066,0
-22.38,16.94,268.19,0.6755,-0.2379,0.0369,0.6969,-3.13,-2.08,7.13,-2.06,2.44,0.38,8.06,0,1.70,-0.0563,0.0746,132,0.762,1.155,90.91,1.52,100.828,1
-22.75,17.75,268.25,0.6749,-0.2446,0.0351,0.6954,-3.07,-2.18,7.39,-18.94,15.81,-2.25,8.29,0,1.70,-0.0586,0.0758,132,0.762,1.155,90.91,1.52,100.828,0
phase1 acc_mag=8.540 gravity=9.583 motion=1.043 moving_avg=2.129 rms=2.611 mean_rms=2.877 max_rms=3.156 min_rms=2.573 std=0.159 var=0.025 state=standing thr=3.194/3.394/3.894
-24.19,19.94,268.38,0.6719,-0.2653,0.0322,0.6907,-4.42,-3.15,8.19,-31.06,23.25,-5.50,9.83,0,1.70,-0.0646,0.0802,132,0.762,1.155,90.91,1.52,100.828,0
-25.38,21.88,268.56,0.6693,-0.2844,0.0305,0.6857,-4.68,-3.31,10.45,-18.44,18.31,-3.06,11.92,0,1.70,-0.0698,0.0845,132,0.762,1.155,90.91,1.52,100.828,0
-24.62,22.88,268.88,0.6712,-0.2847,0.0208,0.6841,-4.37,-3.31,13.07,-1.75,-33.81,-11.88,14.17,0,1.70,-0.0723,0.0821,132,0.762,1.155,90.91,1.52,100.828,0
-21.00,21.31,269.12,0.6802,-0.2484,0.0038,0.6896,-3.34,-4.70,13.76,49.81,-69.00,-10.06,14.92,0,1.70,-0.0675,0.0686,132,0.762,1.155,90.91,1.52,100.828,0
phase1 acc_mag=13.570 gravity=10.370 motion=3.200 moving_avg=2.485 rms=2.958 mean_rms=2.849 max_rms=3.156 min_rms=2.573 std=0.182 var=0.033 state=standing thr=3.213/3.413/3.913
-18.31,18.06,268.62,0.6816,-0.2210,0.0045,0.6975,-4.52,-4.08,8.71,49.06,-32.06,18.50,10.63,0,1.70,-0.0604,0.0615,132,0.762,1.155,90.91,1.52,100.828,0
-15.75,13.50,267.62,0.6813,-0.1790,0.0132,0.7097,-2.66,-1.47,3.33,48.25,-40.62,13.00,4.51,0,1.70,-0.0472,0.0525,133,0.809,1.669,123.71,2.06,101.638,0
-14.06,11.44,267.19,0.6811,-0.1550,0.0148,0.7155,-0.47,-0.49,2.08,15.06,-13.06,6.75,2.19,0,1.70,-0.0403,0.0465,133,0.809,1.669,123.71,2.06,101.638,0
-15.69,11.94,267.44,0.6813,-0.1694,0.0217,0.7119,-0.62,-1.55,5.91,-28.94,53.00,-10.81,6.14,0,1.70,-0.0423,0.0523,133,0.809,1.669,123.71,2.06,101.638,0
phase1 acc_mag=6.528 gravity=9.023 motion=2.496 moving_avg=3.005 rms=3.638 mean_rms=2.905 max_rms=3.638 min_rms=2.573 std=0.269 var=0.072 state=slow thr=3.442/3.642/4.142
-20.25,16.44,268.44,0.6797,-0.2225,0.0261,0.6984,-5.34,-3.84,10.40,-72.31,70.00,-11.94,12.31,0,1.70,-0.0551,0.0678,133,0.809,1.669,123.71,2.06,101.638,0
-23.38,21.94,268.50,0.6699,-0.2797,0.0151,0.6876,-5.47,-5.01,12.50,-81.69,57.44,-5.00,14.54,0,1.70,-0.0729,0.0791,133,0.809,1.669,123.71,2.06,101.638,0
-25.88,24.75,268.25,0.6638,-0.3021,0.0179,0.6839,-4.69,-3.67,11.47,-0.94,17.94,9.00,12.92,0,1.70,-0.0779,0.0851,133,0.809,1.669,123.71,2.06,101.638,0
-26.31,24.44,268.12,0.6631,-0.3019,0.0224,0.6846,-4.15,-3.13,9.82,8.25,-5.50,0.25,11.11,0,1.70,-0.0767,0.0862,133,0.809,1.669,123.71,2.06,101.638,0
phase1 acc_mag=10.864 gravity=10.244 motion=0.620 moving_avg=2.834 rms=3.503 mean_rms=3.016 max_rms=3.638 min_rms=2.573 std=0.382 var=0.146 state=standing thr=3.781/3.981/4.481
-25.88,23.75,268.12,0.6644,-0.2964,0.0226,0.6857,-3.82,-3.56,9.00,10.31,-5.94,1.94,10.41,0,1.70,-0.0753,0.0850,133,0.809,1.669,123.71,2.06,101.638,0
-25.69,22.56,268.12,0.6661,-0.2872,0.0282,0.6877,-4.24,-3.45,8.01,17.38,-8.56,1.62,9.70,0,1.70,-0.0715,0.0843,133,0.809,1.669,123.71,2.06,101.638,0
-25.25,21.19,268.12,0.6677,-0.2785,0.0323,0.6896,-3.88,-3.08,7.44,12.06,-7.12,2.88,8.94,0,1.70,-0.0682,0.0833,133,0.809,1.669,123.71,2.06,101.638,0
-24.88,21.06,268.19,0.6687,-0.2764,0.0295,0.6896,-3.53,-2.17,6.29,-13.88,-2.00,-7.31,7.53,0,1.70,-0.0684,0.0821,134,0.765,1.077,84.51,1.41,102.402,1
phase1 acc_mag=8.913 gravity=9.724 motion=0.811 moving_avg=2.496 rms=3.250 mean_rms=3.091 max_rms=3.638 min_rms=2.573 std=0.389 var=0.151 state=standing thr=3.868/4.068/4.568
-24.50,22.19,268.50,0.6700,-0.2799,0.0228,0.6871,-3.94,-3.16,8.42,-9.50,3.12,-5.81,9.82,0,1.70,-0.0708,0.0813,134,0.765,1.077,84.51,1.41,102.402,0
-24.62,22.44,268.81,0.6714,-0.2820,0.0231,0.6849,-3.94,-3.18,8.60,2.56,2.94,-1.94,9.98,0,1.70,-0.0711,0.0821,134,0.765,1.077,84.51,1.41,102.402,0
-24.81,22.56,268.88,0.6714,-0.2838,0.0237,0.6842,-3.93,-3.19,8.77,-4.75,2.94,-0.12,10.13,0,1.70,-0.0713,0.0827,134,0.765,1.077,84.51,1.41,102.402,0
phase1 acc_mag=9.850 gravity=9.982 motion=0.133 moving_avg=2.317 rms=3.207 mean_rms=3.224 max_rms=3.638 min_rms=2.605 std=0.293 var=0.086 state=standing thr=3.810/4.010/4.510
-24.75,22.38,268.81,0.6711,-0.2821,0.0245,0.6851,-3.94,-3.04,8.50,0.00,2.00,2.44,9.85,0,1.70,-0.0707,0.0825,134,0.765,1.077,84.51,1.41,102.402,0
-24.75,22.56,268.75,0.6706,-0.2833,0.0228,0.6852,-3.97,-3.18,8.05,-5.50,-0.88,-1.94,9.52,0,1.70,-0.0716,0.0822,134,0.765,1.077,84.51,1.41,102.402,0
-24.69,23.00,268.81,0.6704,-0.2859,0.0203,0.6844,-4.21,-3.42,8.17,-7.06,-0.88,-3.06,9.81,0,1.70,-0.0728,0.0822,134,0.765,1.077,84.51,1.41,102.402,0
-24.69,23.44,268.75,0.6695,-0.2883,0.0181,0.6844,-4.23,-3.49,8.14,1.06,3.44,1.88,9.81,0,1.70,-0.0741,0.0822,134,0.765,1.077,84.51,1.41,102.402,0
phase1 acc_mag=9.860 gravity=9.312 motion=0.548 moving_avg=1.766 rms=2.836 mean_rms=3.278 max_rms=3.638 min_rms=2.835 std=0.220 var=0.048 state=standing thr=3.717/3.917/4.417
-24.81,23.31,268.62,0.6688,-0.2881,0.0190,0.6851,-3.88,-3.17,8.15,-0.75,-0.38,2.19,9.57,0,1.70,-0.0738,0.0823,134,0.765,1.077,84.51,1.41,102.402,0
-25.38,23.62,268.44,0.6667,-0.2930,0.0205,0.6850,-4.83,-3.57,8.36,-1.44,0.00,3.19,10.29,0,1.70,-0.0748,0.0838,134,0.765,1.077,84.51,1.41,102.402,0
-25.50,23.62,268.19,0.6652,-0.2940,0.0209,0.6861,-4.35,-3.38,8.17,0.06,-0.12,4.19,9.85,0,1.70,-0.0751,0.0840,134,0.765,1.077,84.51,1.41,102.402,0
-25.75,23.44,267.94,0.6635,-0.2941,0.0227,0.6876,-4.32,-3.31,8.02,-2.25,0.88,3.44,9.69,0,1.70,-0.0749,0.0843,134,0.765,1.077,84.51,1.41,102.402,0
phase1 acc_mag=9.834 gravity=10.237 motion=0.403 moving_avg=0.849 rms=1.522 mean_rms=3.028 max_rms=3.617 min_rms=1.522 std=0.544 var=0.296 state=standing thr=4.115/4.315/4.815
-25.81,23.50,267.69,0.6620,-0.2949,0.0226,0.6887,-3.92,-3.48,8.30,-0.94,2.00,5.06,9.82,0,1.70,-0.0752,0.0843,134,0.765,1.077,84.51,1.41,102.402,0
-26.06,23.25,267.38,0.6598,-0.2950,0.0247,0.6907,-3.87,-3.14,8.11,0.19,1.75,4.69,9.52,0,1.70,-0.0750,0.0847,134,0.765,1.077,84.51,1.41,102.402,0
-26.31,23.25,267.00,0.6575,-0.2964,0.0258,0.6922,-3.76,-3.15,8.24,-2.19,4.38,2.44,9.59,0,1.70,-0.0753,0.0851,134,0.765,1.077,84.51,1.41,102.402,0
phase1 acc_mag=9.497 gravity=9.639 motion=0.142 moving_avg=0.352 rms=0.509 mean_rms=2.451 max_rms=3.301 min_rms=0.506 std=0.991 var=0.982 state=standing thr=4.433/4.633/5.133
-26.75,24.19,266.94,0.6555,-0.3040,0.0234,0.6910,-4.10,-3.29,7.91,-17.31,11.38,0.00,9.50,0,1.70,-0.0779,0.0862,134,0.765,1.077,84.51,1.41,102.402,0
-27.38,25.12,266.88,0.6532,-0.3127,0.0227,0.6891,-4.63,-3.71,7.92,-5.38,5.44,1.19,9.90,0,1.70,-0.0803,0.0880,134,0.765,1.077,84.51,1.41,102.402,0
-27.12,24.94,266.88,0.6537,-0.3089,0.0215,0.6904,-4.33,-3.80,8.11,11.62,-11.94,2.81,9.95,0,1.70,-0.0797,0.0867,134,0.765,1.077,84.51,1.41,102.402,0
-26.62,22.88,266.38,0.6537,-0.2958,0.0281,0.6959,-4.63,-3.15,7.96,28.69,-19.00,15.19,9.73,0,1.70,-0.0750,0.0852,134,0.765,1.077,84.51,1.41,102.402,0
phase1 acc_mag=9.892 gravity=9.816 motion=0.076 moving_avg=0.293 rms=0.363 mean_rms=1.896 max_rms=3.248 min_rms=0.361 std=1.155 var=1.335 state=standing thr=4.207/4.407/4.907
-26.00,21.06,265.31,0.6490,-0.2798,0.0302,0.7068,-3.92,-2.50,7.99,17.31,-32.12,22.25,9.24,0,1.70,-0.0713,0.0812,134,0.765,1.077,84.51,1.41,102.402,0
-24.19,19.25,264.19,0.6467,-0.2623,0.0266,0.7157,-3.05,-2.69,8.76,21.19,-36.19,15.50,9.66,0,1.70,-0.0682,0.0754,134,0.765,1.077,84.51,1.41,102.402,0
-23.81,18.69,262.94,0.6389,-0.2551,0.0256,0.7253,-4.54,-3.96,9.85,23.19,-18.75,22.81,11.55,0,1.70,-0.0675,0.0726,134,0.765,1.077,84.51,1.41,102.402,0
-22.62,14.56,261.50,0.6353,-0.2277,0.0389,0.7369,-1.48,-0.26,7.60,46.25,-33.56,29.69,7.75,0,1.70,-0.0572,0.0693,134,0.765,1.077,84.51,1.41,102.402,0
phase1 acc_mag=9.662 gravity=9.837 motion=0.175 moving_avg=0.415 rms=0.579 mean_rms=1.341 max_rms=3.200 min_rms=0.361 std=1.046 var=1.094 state=standing thr=3.434/3.634/4.134
-21.50,12.88,260.00,0.6280,-0.2125,0.0394,0.7476,-2.99,-2.03,8.64,12.06,-18.75,19.50,9.37,0,1.70,-0.0536,0.0651,134,0.765,1.077,84.51,1.41,102.402,0
-22.25,12.62,258.75,0.6190,-0.2163,0.0432,0.7538,-3.44,-1.28,8.09,-13.25,15.94,17.50,8.88,0,1.70,-0.0545,0.0666,134,0.765,1.077,84.51,1.41,102.402,0
-22.62,12.81,257.62,0.6111,-0.2199,0.0421,0.7592,-4.00,-2.23,9.34,12.12,-10.62,17.12,10.40,0,1.70,-0.0565,0.0665,134,0.765,1.077,84.51,1.41,102.402,0
phase1 acc_mag=9.733 gravity=9.812 motion=0.079 moving_avg=0.507 rms=0.672 mean_rms=0.847 max_rms=2.754 min_rms=0.361 std=0.615 var=0.379 state=standing thr=2.078/2.278/2.778
-22.38,12.31,256.56,0.6035,-0.2174,0.0406,0.7661,-3.74,-2.17,8.72,-21.75,5.50,8.88,9.73,0,1.70,-0.0568,0.0649,134,0.765,1.077,84.51,1.41,102.402,0
-23.62,12.94,255.62,0.5958,-0.2291,0.0432,0.7686,-3.88,-1.65,8.77,-9.50,12.50,9.75,9.73,0,1.70,-0.0601,0.0679,134,0.765,0.000,0.00,0.00,102.402,0
-24.19,13.38,255.19,0.5930,-0.2339,0.0428,0.7693,-4.04,-1.89,8.66,-9.94,7.50,1.62,9.74,0,1.70,-0.0618,0.0686,134,0.765,0.000,0.00,0.00,102.402,0
-24.25,14.81,255.06,0.5914,-0.2411,0.0326,0.7688,-4.11,-2.53,8.26,-10.00,-10.94,-5.19,9.57,0,1.70,-0.0664,0.0671,134,0.765,0.000,0.00,0.00,102.402,0
phase1 acc_mag=10.490 gravity=9.832 motion=0.659 moving_avg=0.494 rms=0.666 mean_rms=0.589 max_rms=1.344 min_rms=0.361 std=0.168 var=0.028 state=standing thr=0.925/1.125/1.625
-23.31,14.25,255.56,0.5958,-0.2325,0.0327,0.7680,-3.20,-2.45,8.81,20.69,-1.50,-4.75,9.69,0,1.70,-0.0636,0.0655,134,0.765,0.000,0.00,0.00,102.402,0
-22.44,14.38,256.25,0.6012,-0.2275,0.0285,0.7655,-3.40,-1.68,9.32,-6.25,-29.25,-10.81,10.06,0,1.70,-0.0628,0.0634,134,0.765,0.000,0.00,0.00,102.402,0
-22.31,17.12,256.62,0.6018,-0.2438,0.0089,0.7605,-3.82,-2.93,8.46,-49.69,14.75,-12.12,9.73,0,1.70,-0.0720,0.0614,134,0.765,0.000,0.00,0.00,102.402,0
-22.94,21.00,257.44,0.6031,-0.2653,-0.0071,0.7522,-3.68,-3.24,8.38,-48.81,2.62,-15.75,9.71,0,1.70,-0.0816,0.0619,134,0.765,0.000,0.00,0.00,102.402,0
phase1 acc_mag=9.051 gravity=9.871 motion=0.821 moving_avg=0.521 rms=0.685 mean_rms=0.583 max_rms=0.690 min_rms=0.361 std=0.110 var=0.012 state=standing thr=0.803/1.003/1.503
-22.56,22.81,257.56,0.6025,-0.2724,-0.0212,0.7499,-3.66,-4.38,8.72,-12.94,-10.44,-3.38,10.42,0,1.70,-0.0868,0.0593,134,0.765,0.000,0.00,0.00,102.402,0
-22.19,23.12,257.56,0.6027,-0.2719,-0.0245,0.7498,-3.77,-4.12,8.33,1.69,-6.00,-3.81,10.03,0,1.70,-0.0875,0.0582,134,0.765,0.000,0.00,0.00,102.402,0
-21.50,23.00,257.50,0.6028,-0.2688,-0.0294,0.7507,-2.65,-3.12,8.26,-25.19,1.00,-2.81,9.22,0,1.70,-0.0878,0.0560,134,0.765,0.000,0.00,0.00,102.402,0
-22.12,24.94,257.31,0.5994,-0.2807,-0.0363,0.7488,-3.32,-3.32,7.82,-21.81,11.31,1.38,9.12,0,1.70,-0.0928,0.0564,134,0.765,0.000,0.00,0.00,102.402,0
phase1 acc_mag=10.124 gravity=9.814 motion=0.310 moving_avg=0.514 rms=0.679 mean_rms=0.631 max_rms=0.696 min_rms=0.400 std=0.088 var=0.008 state=standing thr=0.806/1.006/1.506
-23.94,25.62,256.94,0.5941,-0.2966,-0.0275,0.7473,-5.03,-4.04,8.65,17.56,52.88,20.44,10.79,0,1.70,-0.0952,0.0622,134,0.765,0.000,0.00,0.00,102.402,0
-24.50,24.75,256.81,0.5934,-0.2941,-0.0203,0.7490,-3.57,-4.06,8.30,8.19,3.56,7.38,9.91,0,1.70,-0.0929,0.0637,134,0.765,0.000,0.00,0.00,102.402,0
-26.06,23.38,256.56,0.5917,-0.2966,-0.0040,0.7496,-4.36,-3.07,8.41,23.25,29.62,10.69,9.96,0,1.70,-0.0899,0.0690,134,0.765,0.000,0.00,0.00,102.402,0
-26.44,23.50,257.06,0.5946,-0.3000,-0.0004,0.7460,-3.74,-3.51,8.23,3.38,9.88,-1.12,9.70,0,1.70,-0.0896,0.0712,134,0.765,0.000,0.00,0.00,102.402,0
phase1 acc_mag=9.860 gravity=9.810 motion=0.050 moving_avg=0.405 rms=0.537 mean_rms=0.664 max_rms=0.699 min_rms=0.537 std=0.035 var=0.001 state=standing thr=0.735/0.935/1.435
-27.12,23.56,257.12,0.5942,-0.3030,0.0026,0.7451,-4.76,-3.45,7.76,3.81,-6.44,-1.81,9.74,0,1.70,-0.0897,0.0728,134,0.765,0.000,0.00,0.00,102.402,0
-27.38,23.56,257.06,0.5933,-0.3054,0.0048,0.7448,-4.78,-3.41,7.93,0.06,7.88,2.00,9.87,0,1.70,-0.0898,0.0739,134,0.765,0.000,0.00,0.00,102.402,0
-26.75,22.19,256.62,0.5927,-0.2947,0.0076,0.7495,-4.58,-2.82,7.35,25.81,-15.56,0.94,9.11,0,1.70,-0.0866,0.0722,134,0.765,0.000,0.00,0.00,102.402,0
-25.88,20.44,256.69,0.5957,-0.2800,0.0129,0.7527,-3.82,-2.68,7.94,23.50,-7.62,5.50,9.21,0,1.70,-0.0812,0.0706,134,0.765,0.000,0.00,0.00,102.402,0
phase1 acc_mag=9.704 gravity=9.843 motion=0.140 moving_avg=0.329 rms=0.445 mean_rms=0.628 max_rms=0.699 min_rms=0.441 std=0.085 var=0.007 state=standing thr=0.799/0.999/1.499
-26.19,19.88,256.38,0.5938,-0.2794,0.0174,0.7543,-4.30,-2.84,8.22,5.50,-5.31,6.31,9.70,0,1.70,-0.0802,0.0716,134,0.765,0.000,0.00,0.00,102.402,0
-25.88,19.12,255.75,0.5905,-0.2736,0.0184,0.7590,-4.39,-2.54,8.27,8.38,-7.38,10.44,9.70,0,1.70,-0.0787,0.0702,134,0.765,0.000,0.00,0.00,102.402,0
-25.44,18.19,255.25,0.5884,-0.2662,0.0203,0.7632,-3.65,-2.90,8.70,18.75,-13.62,7.31,9.87,0,1.70,-0.0765,0.0688,134,0.765,0.000,0.00,0.00,102.402,0
phase1 acc_mag=9.686 gravity=9.860 motion=0.174 moving_avg=0.318 rms=0.438 mean_rms=0.580 max_rms=0.699 min_rms=0.438 std=0.109 var=0.012 state=standing thr=0.797/0.997/1.497
-24.94,16.75,255.25,0.5905,-0.2542,0.0269,0.7655,-3.79,-2.45,8.57,19.50,-5.50,0.12,9.69,0,1.70,-0.0715,0.0683,134,0.765,0.000,0.00,0.00,102.402,0
-24.38,15.56,255.50,0.5938,-0.2451,0.0314,0.7657,-3.72,-2.42,8.77,12.19,-5.56,-1.12,9.83,0,1.70,-0.0676,0.0678,134,0.765,0.000,0.00,0.00,102.402,0
-24.19,14.50,255.62,0.5953,-0.2390,0.0364,0.7663,-3.55,-1.95,8.61,7.94,-1.31,2.31,9.52,0,1.70,-0.0646,0.0681,134,0.765,0.000,0.00,0.00,102.402,0
-24.12,14.00,255.50,0.5948,-0.2357,0.0394,0.7676,-3.78,-2.60,8.96,6.50,-3.00,0.75,10.07,0,1.70,-0.0630,0.0682,134,0.765,0.000,0.00,0.00,102.402,0
phase1 acc_mag=10.491 gravity=9.820 motion=0.671 moving_avg=0.268 rms=0.389 mean_rms=0.524 max_rms=0.699 min_rms=0.383 std=0.113 var=0.013 state=standing thr=0.750/0.950/1.450
-23.88,12.94,255.25,0.5937,-0.2296,0.0435,0.7700,-2.90,-2.17,9.24,8.06,-5.12,6.12,9.92,0,1.70,-0.0604,0.0679,134,0.765,0.000,0.00,0.00,102.402,0
-23.56,11.75,255.00,0.5928,-0.2206,0.0500,0.7729,-3.59,-1.70,8.48,16.25,-2.00,10.38,9.36,0,1.70,-0.0563,0.0678,134,0.765,0.000,0.00,0.00,102.402,0
-23.56,10.25,254.50,0.5903,-0.2141,0.0574,0.7761,-3.76,-1.16,8.40,5.69,1.75,5.94,9.28,0,1.70,-0.0529,0.0684,134,0.765,0.000,0.00,0.00,102.402,0
-23.44,10.38,254.31,0.5891,-0.2144,0.0558,0.7771,-3.58,-1.54,8.82,-3.69,4.00,3.38,9.64,0,1.70,-0.0535,0.0679,134,0.765,0.000,0.00,0.00,102.402,0
phase1 acc_mag=9.723 gravity=9.771 motion=0.049 moving_avg=0.238 rms=0.316 mean_rms=0.464 max_rms=0.699 min_rms=0.316 std=0.090 var=0.008 state=standing thr=0.645/0.845/1.345
-23.69,10.88,254.44,0.5895,-0.2181,0.0543,0.7759,-3.97,-1.96,8.85,-2.19,-2.62,-4.38,9.90,0,1.70,-0.0549,0.0683,134,0.765,0.000,0.00,0.00,102.402,0
-23.38,10.69,254.38,0.5895,-0.2148,0.0537,0.7768,-3.75,-1.55,8.72,2.25,-4.00,2.69,9.62,0,1.70,-0.0541,0.0673,134,0.765,0.000,0.00,0.00,102.402,0
-23.31,10.94,254.25,0.5887,-0.2158,0.0513,0.7773,-3.81,-1.72,8.84,-3.25,-1.38,-0.94,9.78,0,1.70,-0.0550,0.0667,134,0.765,0.000,0.00,0.00,102.402,0
-23.31,10.88,254.12,0.5876,-0.2163,0.0515,0.7780,-3.74,-1.67,8.83,-0.25,4.62,3.19,9.73,0,1.70,-0.0552,0.0669,134,0.765,0.000,0.00,0.00,102.402,0
phase1 acc_mag=9.679 gravity=9.751 motion=0.073 moving_avg=0.219 rms=0.298 mean_rms=0.399 max_rms=0.526 min_rms=0.298 std=0.059 var=0.003 state=standing thr=0.517/0.717/1.217
-23.31,10.81,254.12,0.5879,-0.2155,0.0517,0.7780,-3.85,-1.87,8.91,0.94,-2.75,-2.12,9.88,0,1.70,-0.0549,0.0668,134,0.765,0.000,0.00,0.00,102.402,0
-23.19,10.56,254.12,0.5881,-0.2134,0.0529,0.7783,-3.78,-1.64,8.81,2.88,-0.81,0.44,9.73,0,1.70,-0.0540,0.0667,134,0.765,0.000,0.00,0.00,102.402,0
-23.19,10.38,254.06,0.5878,-0.2125,0.0536,0.7787,-3.52,-1.62,8.80,1.00,1.81,3.19,9.62,0,1.70,-0.0536,0.0667,134,0.765,0.000,0.00,0.00,102.402,0
-23.56,10.12,253.31,0.5813,-0.2148,0.0564,0.7828,-3.53,-1.30,8.42,2.50,2.19,19.81,9.22,0,1.70,-0.0541,0.0676,134,0.765,0.000,0.00,0.00,102.402,0
phase1 acc_mag=9.723 gravity=9.718 motion=0.005 moving_avg=0.183 rms=0.262 mean_rms=0.360 max_rms=0.447 min_rms=0.261 std=0.062 var=0.004 state=standing thr=0.484/0.684/1.184
-23.50,10.12,253.12,0.5814,-0.2136,0.0554,0.7831,-3.70,-1.49,8.76,-0.19,-6.00,-7.25,9.63,0,1.70,-0.0540,0.0670,134,0.765,0.000,0.00,0.00,102.402,0
-23.38,10.25,253.25,0.5818,-0.2138,0.0542,0.7828,-3.76,-1.66,8.87,-2.00,3.00,2.00,9.78,0,1.70,-0.0543,0.0667,134,0.765,0.000,0.00,0.00,102.402,0
-23.50,10.31,253.19,0.5816,-0.2144,0.0543,0.7828,-3.73,-1.62,8.83,-0.44,0.69,-0.12,9.72,0,1.70,-0.0545,0.0669,134,0.765,0.000,0.00,0.00,102.402,0
-23.50,10.38,253.19,0.5817,-0.2150,0.0538,0.7827,-3.56,-1.53,8.75,0.56,0.00,1.69,9.57,0,1.70,-0.0548,0.0669,134,0.765,0.000,0.00,0.00,102.402,0
phase1 acc_mag=9.744 gravity=9.693 motion=0.051 moving_avg=0.156 rms=0.240 mean_rms=0.320 max_rms=0.414 min_rms=0.240 std=0.059 var=0.003 state=standing thr=0.438/0.638/1.138
-23.56,10.44,253.19,0.5811,-0.2158,0.0540,0.7828,-3.76,-1.67,8.75,-0.94,0.06,0.44,9.67,0,1.70,-0.0550,0.0671,134,0.765,0.000,0.00,0.00,102.402,0
-23.62,10.56,253.00,0.5798,-0.2168,0.0527,0.7836,-4.32,-1.63,8.50,-3.44,0.62,3.25,9.67,0,1.70,-0.0557,0.0668,134,0.765,0.000,0.00,0.00,102.402,0
-23.69,10.81,252.94,0.5792,-0.2185,0.0515,0.7836,-3.88,-1.69,8.76,1.00,-1.56,-2.81,9.73,0,1.70,-0.0566,0.0668,134,0.765,0.000,0.00,0.00,102.402,0
phase1 acc_mag=9.637 gravity=9.697 motion=0.060 moving_avg=0.137 rms=0.208 mean_rms=0.286 max_rms=0.398 min_rms=0.208 std=0.051 var=0.003 state=standing thr=0.389/0.589/1.089
-23.50,10.88,253.06,0.5804,-0.2174,0.0507,0.7831,-3.77,-1.67,8.71,2.44,-0.06,1.38,9.64,0,1.70,-0.0563,0.0663,134,0.765,0.000,0.00,0.00,102.402,0
-23.50,10.81,253.06,0.5803,-0.2174,0.0508,0.7832,-3.62,-1.72,8.81,0.38,0.31,0.25,9.68,0,1.70,-0.0563,0.0664,134,0.765,0.000,0.00,0.00,102.402,0
-23.62,10.81,253.00,0.5801,-0.2182,0.0513,0.7831,-3.78,-1.66,8.81,-0.25,1.38,0.31,9.73,0,1.70,-0.0564,0.0667,134,0.765,0.000,0.00,0.00,102.402,0
-23.62,10.88,253.12,0.5806,-0.2183,0.0514,0.7827,-3.70,-1.69,8.78,0.38,1.00,-2.62,9.68,0,1.70,-0.0564,0.0668,134,0.765,0.000,0.00,0.00,102.402,0
phase1 acc_mag=9.628 gravity=9.720 motion=0.092 moving_avg=0.094 rms=0.141 mean_rms=0.244 max_rms=0.310 min_rms=0.141 std=0.050 var=0.003 state=standing thr=0.345/0.545/1.045
-23.69,11.00,253.19,0.5809,-0.2195,0.0511,0.7821,-3.84,-1.59,8.74,-3.44,1.44,-3.75,9.68,0,1.70,-0.0568,0.0670,134,0.765,0.000,0.00,0.00,102.402,0
-23.75,11.50,253.44,0.5826,-0.2229,0.0483,0.7802,-3.42,-1.65,8.71,-5.00,7.69,-3.19,9.50,0,1.70,-0.0583,0.0670,134,0.765,0.000,0.00,0.00,102.402,0
-24.25,11.88,253.56,0.5826,-0.2271,0.0491,0.7789,-3.84,-1.81,8.60,2.94,2.88,0.00,9.59,0,1.70,-0.0593,0.0682,134,0.765,0.000,0.00,0.00,102.402,0
-24.38,11.81,253.56,0.5825,-0.2275,0.0505,0.7787,-3.98,-1.82,8.72,2.12,-0.12,1.31,9.76,0,1.70,-0.0591,0.0687,134,0.765,0.000,0.00,0.00,102.402,0
phase1 acc_mag=9.640 gravity=9.719 motion=0.080 moving_avg=0.093 rms=0.138 mean_rms=0.211 max_rms=0.295 min_rms=0.136 std=0.054 var=0.003 state=standing thr=0.320/0.520/1.020
-24.31,11.62,253.50,0.5823,-0.2266,0.0510,0.7791,-3.91,-1.71,8.71,-1.31,1.94,1.38,9.70,0,1.70,-0.0588,0.0687,134,0.765,0.000,0.00,0.00,102.402,0
-24.44,12.00,253.44,0.5816,-0.2288,0.0493,0.7791,-4.00,-2.02,8.74,-4.56,-0.38,-1.88,9.82,0,1.70,-0.0598,0.0686,134,0.765,0.000,0.00,0.00,102.402,0
-24.38,12.06,253.44,0.5814,-0.2288,0.0486,0.7792,-3.90,-1.80,8.78,0.56,0.19,2.31,9.77,0,1.70,-0.0600,0.0684,134,0.765,0.000,0.00,0.00,102.402,0
-24.38,12.06,253.38,0.5804,-0.2294,0.0477,0.7798,-3.26,-1.47,8.11,-8.50,-3.62,6.25,8.86,0,1.70,-0.0605,0.0681,134,0.765,0.000,0.00,0.00,102.402,0
phase1 acc_mag=9.652 gravity=9.719 motion=0.068 moving_avg=0.090 rms=0.141 mean_rms=0.181 max_rms=0.262 min_rms=0.113 std=0.049 var=0.002 state=standing thr=0.280/0.480/0.980
-24.31,12.06,253.31,0.5807,-0.2288,0.0477,0.7798,-3.82,-1.88,8.68,2.62,0.25,2.19,9.67,0,1.70,-0.0603,0.0680,134,0.765,0.000,0.00,0.00,102.402,0
-24.38,11.81,253.19,0.5800,-0.2275,0.0496,0.7806,-3.88,-1.85,8.73,4.56,-1.25,2.25,9.73,0,1.70,-0.0595,0.0683,134,0.765,0.000,0.00,0.00,102.402,0
-24.25,11.56,253.12,0.5799,-0.2258,0.0503,0.7812,-4.02,-1.96,8.77,2.88,-2.31,1.06,9.84,0,1.70,-0.0589,0.0681,134,0.765,0.000,0.00,0.00,102.402,0
phase1 acc_mag=9.638 gravity=9.731 motion=0.093 moving_avg=0.095 rms=0.144 mean_rms=0.159 max_rms=0.239 min_rms=0.113 std=0.036 var=0.001 state=standing thr=0.232/0.432/0.932
-23.88,11.25,253.06,0.5804,-0.2212,0.0499,0.7821,-3.70,-1.73,8.73,2.19,-5.38,-4.31,9.64,0,1.70,-0.0576,0.0670,134,0.765,0.000,0.00,0.00,102.402,0
-23.75,11.31,253.25,0.5815,-0.2214,0.0491,0.7813,-3.89,-1.78,8.76,-1.88,2.19,-1.88,9.75,0,1.70,-0.0578,0.0668,134,0.765,0.000,0.00,0.00,102.402,0
-23.69,11.31,253.25,0.5813,-0.2208,0.0493,0.7816,-3.83,-1.77,8.74,0.12,0.81,1.19,9.71,0,1.70,-0.0576,0.0668,134,0.765,0.000,0.00,0.00,102.402,0
-23.75,11.31,253.19,0.5809,-0.2212,0.0494,0.7817,-3.75,-1.71,8.75,-0.88,0.69,0.12,9.67,0,1.70,-0.0577,0.0668,134,0.765,0.000,0.00,0.00,102.402,0
phase1 acc_mag=9.709 gravity=9.725 motion=0.016 moving_avg=0.083 rms=0.131 mean_rms=0.141 max_rms=0.190 min_rms=0.113 std=0.012 var=0.000 state=standing thr=0.164/0.364/0.864
-23.75,11.31,253.25,0.5812,-0.2214,0.0493,0.7816,-3.84,-1.83,8.81,-0.94,1.06,0.69,9.78,0,1.70,-0.0578,0.0669,134,0.765,0.000,0.00,0.00,102.402,0
-23.81,11.19,253.19,0.5808,-0.2209,0.0504,0.7819,-3.83,-1.74,8.77,1.62,-0.19,-0.25,9.73,0,1.70,-0.0574,0.0671,134,0.765,0.000,0.00,0.00,102.402,0
-23.81,11.12,253.19,0.5809,-0.2210,0.0508,0.7818,-3.84,-1.73,8.73,-1.44,1.56,-0.06,9.69,0,1.70,-0.0573,0.0673,134,0.765,0.000,0.00,0.00,102.402,0
-23.94,11.25,253.19,0.5804,-0.2222,0.0504,0.7817,-3.86,-1.81,8.79,-1.00,-0.12,0.12,9.77,0,1.70,-0.0578,0.0673,134,0.765,0.000,0.00,0.00,102.402,0
phase1 acc_mag=9.735 gravity=9.733 motion=0.002 moving_avg=0.084 rms=0.132 mean_rms=0.137 max_rms=0.145 min_rms=0.113 std=0.008 var=0.000 state=standing thr=0.152/0.352/0.852
-23.94,11.44,253.19,0.5805,-0.2231,0.0494,0.7816,-3.98,-1.46,8.54,-5.31,0.38,-2.19,9.53,0,1.70,-0.0583,0.0672,134,0.765,0.000,0.00,0.00,102.402,0
-23.69,12.00,253.19,0.5806,-0.2244,0.0448,0.7813,-3.79,-1.94,8.78,-1.81,0.00,0.25,9.76,0,1.70,-0.0597,0.0661,134,0.765,0.000,0.00,0.00,102.402,0
-23.69,11.94,253.25,0.5809,-0.2241,0.0449,0.7812,-3.89,-1.91,8.79,0.38,0.06,-1.81,9.80,0,1.70,-0.0596,0.0661,134,0.765,0.000,0.00,0.00,102.402,0
phase1 acc_mag=9.800 gravity=9.737 motion=0.063 moving_avg=0.081 rms=0.132 mean_rms=0.135 max_rms=0.145 min_rms=0.113 std=0.008 var=0.000 state=standing thr=0.151/0.351/0.851
-23.75,11.94,253.25,0.5806,-0.2245,0.0455,0.7812,-3.83,-1.89,8.82,0.44,2.94,1.56,9.80,0,1.70,-0.0596,0.0664,134,0.765,0.000,0.00,0.00,102.402,0
-23.88,11.94,253.25,0.5809,-0.2256,0.0461,0.7808,-3.92,-1.89,8.72,-2.00,2.38,-3.75,9.75,0,1.70,-0.0597,0.0668,134,0.765,0.000,0.00,0.00,102.402,0
-23.94,12.31,253.44,0.5819,-0.2273,0.0444,0.7795,-4.05,-1.93,8.75,-5.94,-1.94,-2.25,9.83,0,1.70,-0.0605,0.0668,134,0.765,0.000,0.00,0.00,102.402,0
-23.88,12.62,253.44,0.5817,-0.2286,0.0420,0.7795,-3.98,-2.01,8.78,-2.19,1.69,-0.19,9.85,0,1.70,-0.0615,0.0663,134,0.765,0.000,0.00,0.00,102.402,0
phase1 acc_mag=9.769 gravity=9.747 motion=0.022 moving_avg=0.063 rms=0.088 mean_rms=0.133 max_rms=0.145 min_rms=0.088 std=0.011 var=0.000 state=standing thr=0.156/0.356/0.856
-23.88,12.75,253.50,0.5818,-0.2290,0.0414,0.7793,-3.84,-2.00,8.69,-0.44,0.19,1.88,9.71,0,1.70,-0.0618,0.0662,134,0.765,0.000,0.00,0.00,102.402,0
-24.06,12.69,253.38,0.5809,-0.2302,0.0428,0.7796,-3.93,-1.90,8.69,-0.88,5.38,-0.44,9.72,0,1.70,-0.0618,0.0668,134,0.765,0.000,0.00,0.00,102.402,0
-24.19,12.88,253.56,0.5819,-0.2320,0.0428,0.7783,-4.01,-2.03,8.68,0.62,2.00,1.44,9.77,0,1.70,-0.0623,0.0673,134,0.765,0.000,0.00,0.00,102.402,0
-24.31,12.88,253.50,0.5816,-0.2325,0.0432,0.7783,-3.94,-1.90,8.62,1.50,-0.12,1.00,9.67,0,1.70,-0.0623,0.0676,134,0.765,0.000,0.00,0.00,102.402,0
phase1 acc_mag=9.875 gravity=9.747 motion=0.128 moving_avg=0.063 rms=0.090 mean_rms=0.121 max_rms=0.142 min_rms=0.084 std=0.020 var=0.000 state=standing thr=0.162/0.362/0.862
-24.25,12.94,253.56,0.5821,-0.2327,0.0423,0.7780,-3.93,-1.95,8.69,-1.94,0.88,-0.62,9.73,0,1.70,-0.0626,0.0673,134,0.765,0.000,0.00,0.00,102.402,0
-24.12,13.00,253.62,0.5825,-0.2319,0.0416,0.7780,-4.05,-1.98,8.62,0.19,-3.06,-1.75,9.73,0,1.70,-0.0625,0.0670,134,0.765,0.000,0.00,0.00,102.402,0
-23.69,13.00,253.75,0.5834,-0.2289,0.0396,0.7783,-3.38,-2.00,8.77,2.75,-2.06,4.38,9.61,0,1.70,-0.0620,0.0657,134,0.765,0.000,0.00,0.00,102.402,0
-23.75,13.00,253.69,0.5833,-0.2295,0.0394,0.7782,-3.84,-2.03,8.75,-0.62,-1.19,-1.56,9.77,0,1.70,-0.0623,0.0658,134,0.765,0.000,0.00,0.00,102.402,0
phase1 acc_mag=9.826 gravity=9.750 motion=0.076 moving_avg=0.073 rms=0.108 mean_rms=0.114 max_rms=0.136 min_rms=0.084 std=0.020 var=0.000 state=standing thr=0.154/0.354/0.854
-23.69,12.81,253.69,0.5836,-0.2284,0.0405,0.7782,-3.66,-1.92,8.61,3.62,0.31,1.06,9.55,0,1.70,-0.0616,0.0659,134,0.765,0.000,0.00,0.00,102.402,0
-23.75,12.75,253.62,0.5832,-0.2283,0.0412,0.7785,-3.79,-2.07,8.72,3.94,-2.00,0.94,9.73,0,1.70,-0.0615,0.0661,134,0.765,0.000,0.00,0.00,102.402,0
-23.88,12.38,253.50,0.5823,-0.2271,0.0435,0.7794,-3.93,-1.83,8.71,-0.12,-0.69,1.88,9.73,0,1.70,-0.0607,0.0665,134,0.765,0.000,0.00,0.00,102.402,0
phase1 acc_mag=9.853 gravity=9.747 motion=0.106 moving_avg=0.075 rms=0.110 mean_rms=0.109 max_rms=0.136 min_rms=0.084 std=0.018 var=0.000 state=standing thr=0.145/0.350/0.850
-23.75,12.31,253.44,0.5819,-0.2263,0.0435,0.7799,-3.96,-1.99,8.80,2.38,0.19,1.56,9.85,0,1.70,-0.0605,0.0662,134,0.765,0.000,0.00,0.00,102.402,0
-23.75,12.06,253.31,0.5814,-0.2251,0.0447,0.7806,-3.76,-1.82,8.67,1.81,-1.56,-0.25,9.62,0,1.70,-0.0599,0.0663,134,0.765,0.000,0.00,0.00,102.402,0
-23.69,12.06,253.50,0.5826,-0.2243,0.0447,0.7800,-3.81,-1.95,8.83,3.00,-1.75,-0.62,9.81,0,1.70,-0.0596,0.0662,134,0.765,0.000,0.00,0.00,102.402,0
-23.69,11.81,253.38,0.5821,-0.2231,0.0463,0.7806,-3.89,-1.78,8.72,3.94,-0.25,3.56,9.71,0,1.70,-0.0589,0.0664,134,0.765,0.000,0.00,0.00,102.402,0
phase1 acc_mag=9.842 gravity=9.748 motion=0.094 moving_avg=0.069 rms=0.096 mean_rms=0.103 max_rms=0.129 min_rms=0.084 std=0.015 var=0.000 state=standing thr=0.132/0.350/0.850
-23.62,11.75,253.31,0.5817,-0.2225,0.0463,0.7810,-3.79,-1.87,8.82,0.94,0.06,3.25,9.78,0,1.70,-0.0587,0.0662,134,0.765,0.000,0.00,0.00,102.402,0
-23.69,11.50,253.19,0.5809,-0.2217,0.0477,0.7818,-3.84,-1.79,8.75,3.38,-1.12,2.88,9.72,0,1.70,-0.0582,0.0664,134,0.765,0.000,0.00,0.00,102.402,0
-23.62,11.25,253.19,0.5808,-0.2204,0.0488,0.7821,-4.05,-1.85,8.75,1.31,-0.69,-0.31,9.82,0,1.70,-0.0576,0.0665,134,0.765,0.000,0.00,0.00,102.402,0
-23.50,11.19,253.25,0.5815,-0.2192,0.0490,0.7819,-3.77,-1.68,8.78,1.44,-0.19,-1.12,9.70,0,1.70,-0.0571,0.0663,134,0.765,0.000,0.00,0.00,102.402,0
phase1 acc_mag=9.836 gravity=9.746 motion=0.091 moving_avg=0.072 rms=0.099 mean_rms=0.099 max_rms=0.112 min_rms=0.084 std=0.010 var=0.000 state=standing thr=0.118/0.350/0.850
-23.50,11.25,253.25,0.5816,-0.2193,0.0486,0.7819,-3.93,-1.90,8.82,-0.56,-0.19,-0.50,9.84,0,1.70,-0.0573,0.0662,134,0.765,0.000,0.00,0.00,102.402,0
-23.56,11.19,253.25,0.5817,-0.2194,0.0490,0.7817,-3.90,-1.64,8.82,-0.44,1.69,0.19,9.78,0,1.70,-0.0572,0.0664,134,0.765,0.000,0.00,0.00,102.402,0
-23.50,11.19,253.25,0.5817,-0.2190,0.0490,0.7819,-3.72,-1.73,8.74,3.12,-1.00,0.44,9.65,0,1.70,-0.0571,0.0663,134,0.765,0.000,0.00,0.00,102.402,0
phase1 acc_mag=9.885 gravity=9.748 motion=0.137 moving_avg=0.066 rms=0.092 mean_rms=0.101 max_rms=0.112 min_rms=0.091 std=0.008 var=0.000 state=standing thr=0.117/0.350/0.850
-23.50,11.12,253.25,0.5816,-0.2186,0.0494,0.7820,-3.92,-1.87,8.88,-0.50,-0.19,1.06,9.89,0,1.70,-0.0569,0.0663,134,0.765,0.000,0.00,0.00,102.402,0
-23.50,10.62,253.06,0.5807,-0.2161,0.0520,0.7831,-3.78,-1.84,8.80,8.56,-1.38,4.31,9.75,0,1.70,-0.0556,0.0665,134,0.765,0.000,0.00,0.00,102.402,0
-23.56,9.69,252.81,0.5793,-0.2121,0.0579,0.7849,-3.76,-1.29,8.68,4.81,2.69,3.06,9.55,0,1.70,-0.0532,0.0673,134,0.765,0.000,0.00,0.00,102.402,0
-23.81,9.75,252.81,0.5787,-0.2139,0.0590,0.7847,-3.78,-1.37,8.80,-4.81,-0.50,-1.12,9.67,0,1.70,-0.0535,0.0680,134,0.765,0.000,0.00,0.00,102.402,0
phase1 acc_mag=9.673 gravity=9.740 motion=0.067 moving_avg=0.064 rms=0.082 mean_rms=0.098 max_rms=0.112 min_rms=0.081 std=0.009 var=0.000 state=standing thr=0.117/0.350/0.850
-23.81,10.19,252.88,0.5792,-0.2165,0.0558,0.7840,-3.95,-1.59,8.77,-4.31,2.25,-2.31,9.75,0,1.70,-0.0550,0.0677,134,0.765,0.000,0.00,0.00,102.402,0
-23.81,10.31,252.75,0.5784,-0.2167,0.0552,0.7845,-3.90,-1.63,8.73,1.00,-2.25,1.75,9.70,0,1.70,-0.0552,0.0675,134,0.765,0.000,0.00,0.00,102.402,0
-23.75,10.19,252.81,0.5786,-0.2156,0.0557,0.7846,-3.86,-1.68,8.82,3.88,-0.81,0.81,9.77,0,1.70,-0.0548,0.0674,134,0.765,0.000,0.00,0.00,102.402,0
-23.81,10.25,252.81,0.5787,-0.2166,0.0559,0.7842,-3.87,-1.64,8.80,-5.69,3.31,-3.12,9.75,0,1.70,-0.0550,0.0677,134,0.765,0.000,0.00,0.00,102.402,0
phase1 acc_mag=9.765 gravity=9.737 motion=0.027 moving_avg=0.063 rms=0.081 mean_rms=0.092 max_rms=0.109 min_rms=0.079 std=0.009 var=0.000 state=standing thr=0.110/0.350/0.850
-23.94,10.56,253.00,0.5795,-0.2189,0.0550,0.7831,-3.87,-1.56,8.76,-0.31,1.06,-1.62,9.70,0,1.70,-0.0558,0.0680,134,0.765,0.000,0.00,0.00,102.402,0
-24.06,10.56,252.94,0.5790,-0.2198,0.0558,0.7831,-4.00,-1.65,8.78,-0.56,1.44,1.31,9.79,0,1.70,-0.0559,0.0684,134,0.765,0.000,0.00,0.00,102.402,0
-24.12,10.38,252.81,0.5784,-0.2193,0.0565,0.7838,-3.88,-1.60,8.76,0.44,0.81,1.62,9.71,0,1.70,-0.0557,0.0684,134,0.765,0.000,0.00,0.00,102.402,0
-24.12,10.81,252.94,0.5791,-0.2214,0.0543,0.7827,-3.94,-1.60,9.00,-11.44,0.75,-8.06,9.95,0,1.70,-0.0567,0.0683,134,0.765,0.000,0.00,0.00,102.402,0
phase1 acc_mag=9.636 gravity=9.728 motion=0.092 moving_avg=0.070 rms=0.097 mean_rms=0.089 max_rms=0.102 min_rms=0.079 std=0.010 var=0.000 state=standing thr=0.108/0.350/0.850
-24.44,11.50,253.12,0.5795,-0.2270,0.0516,0.7811,-3.75,-1.63,8.61,3.62,0.69,7.69,9.53,0,1.70,-0.0589,0.0687,134,0.765,0.000,0.00,0.00,102.402,0
-24.50,11.31,252.88,0.5777,-0.2263,0.0525,0.7825,-3.94,-1.62,8.77,-2.75,-2.62,-1.44,9.75,0,1.70,-0.0587,0.0687,134,0.765,0.000,0.00,0.00,102.402,0
-24.44,11.31,252.81,0.5771,-0.2258,0.0526,0.7831,-3.92,-1.81,8.69,2.19,-0.31,4.88,9.70,0,1.70,-0.0586,0.0686,134,0.765,0.000,0.00,0.00,102.402,0
-24.38,11.12,252.75,0.5772,-0.2248,0.0533,0.7832,-3.86,-1.58,8.70,1.62,-1.75,-3.38,9.65,0,1.70,-0.0581,0.0686,134,0.765,0.000,0.00,0.00,102.402,0
phase1 acc_mag=9.716 gravity=9.744 motion=0.029 moving_avg=0.084 rms=0.147 mean_rms=0.100 max_rms=0.150 min_rms=0.079 std=0.026 var=0.001 state=standing thr=0.153/0.353/0.853
-24.31,11.06,252.81,0.5780,-0.2242,0.0530,0.7828,-3.95,-1.66,8.69,-1.75,1.69,-1.31,9.69,0,1.70,-0.0580,0.0684,134,0.765,0.000,0.00,0.00,102.402,0
-24.25,11.31,253.00,0.5791,-0.2245,0.0514,0.7820,-3.79,-1.91,8.72,0.81,-3.00,-0.94,9.70,0,1.70,-0.0583,0.0681,134,0.765,0.000,0.00,0.00,102.402,0
-24.38,11.25,252.94,0.5787,-0.2252,0.0523,0.7820,-3.97,-1.72,8.72,-1.75,-0.06,-1.00,9.73,0,1.70,-0.0583,0.0685,134,0.765,0.000,0.00,0.00,102.402,0
-24.31,11.25,253.00,0.5788,-0.2248,0.0524,0.7822,-3.87,-1.71,8.69,2.50,-0.12,0.94,9.67,0,1.70,-0.0582,0.0684,134,0.765,0.000,0.00,0.00,102.402,0
phase1 acc_mag=9.776 gravity=9.744 motion=0.032 moving_avg=0.081 rms=0.146 mean_rms=0.110 max_rms=0.150 min_rms=0.079 std=0.032 var=0.001 state=standing thr=0.174/0.374/0.874
-24.25,11.19,253.00,0.5790,-0.2241,0.0526,0.7822,-3.91,-1.63,8.70,-2.00,-1.12,-1.69,9.68,0,1.70,-0.0579,0.0683,134,0.765,0.000,0.00,0.00,102.402,0
-24.19,11.12,253.00,0.5791,-0.2232,0.0527,0.7823,-3.76,-1.53,8.68,2.38,0.25,1.00,9.58,0,1.70,-0.0576,0.0682,134,0.765,0.000,0.00,0.00,102.402,0
-24.19,11.25,253.06,0.5795,-0.2241,0.0516,0.7819,-3.84,-1.78,8.71,-0.81,0.44,-1.00,9.68,0,1.70,-0.0581,0.0681,134,0.765,0.000,0.00,0.00,102.402,0
phase1 acc_mag=9.679 gravity=9.745 motion=0.066 moving_avg=0.078 rms=0.141 mean_rms=0.122 max_rms=0.150 min_rms=0.080 std=0.031 var=0.001 state=standing thr=0.185/0.385/0.885
-24.19,11.50,253.25,0.5804,-0.2253,0.0505,0.7809,-3.90,-1.77,8.68,-3.31,-2.69,-0.19,9.68,0,1.70,-0.0587,0.0681,134,0.765,0.000,0.00,0.00,102.402,0
-24.31,11.62,253.12,0.5797,-0.2266,0.0504,0.7811,-4.20,-1.75,8.76,-0.56,0.31,-0.19,9.87,0,1.70,-0.0591,0.0683,134,0.765,0.000,0.00,0.00,102.402,0
-24.19,11.62,253.06,0.5792,-0.2261,0.0493,0.7817,-3.95,-1.85,8.72,2.31,-1.06,2.19,9.75,0,1.70,-0.0593,0.0678,134,0.765,0.000,0.00,0.00,102.402,0
-23.94,11.25,253.06,0.5800,-0.2222,0.0504,0.7822,-3.99,-1.79,8.84,9.25,-10.81,-0.25,9.86,0,1.70,-0.0578,0.0673,134,0.765,0.000,0.00,0.00,102.402,0
phase1 acc_mag=9.444 gravity=9.751 motion=0.307 moving_avg=0.086 rms=0.149 mean_rms=0.134 max_rms=0.150 min_rms=0.080 std=0.024 var=0.001 state=standing thr=0.183/0.383/0.883
-23.19,10.56,253.19,0.5819,-0.2139,0.0510,0.7830,-3.59,-1.44,8.62,5.50,-6.31,-0.88,9.45,0,1.70,-0.0551,0.0658,134,0.765,0.000,0.00,0.00,102.402,0
-23.12,10.75,253.25,0.5819,-0.2145,0.0495,0.7829,-3.88,-1.74,8.88,-3.56,1.50,0.31,9.85,0,1.70,-0.0557,0.0654,134,0.765,0.000,0.00,0.00,102.402,0
-23.12,10.94,253.31,0.5825,-0.2153,0.0480,0.7823,-3.75,-1.90,8.89,-3.25,0.00,-1.38,9.83,0,1.70,-0.0562,0.0652,134,0.765,0.000,0.00,0.00,102.402,0
-23.12,10.94,253.25,0.5822,-0.2150,0.0483,0.7827,-3.83,-1.66,8.79,0.81,1.12,2.00,9.73,0,1.70,-0.0560,0.0652,134,0.765,0.000,0.00,0.00,102.402,0
phase1 acc_mag=9.718 gravity=9.735 motion=0.017 moving_avg=0.069 rms=0.094 mean_rms=0.146 max_rms=0.157 min_rms=0.094 std=0.010 var=0.000 state=standing thr=0.165/0.365/0.865
-23.12,10.88,253.25,0.5822,-0.2151,0.0490,0.7825,-3.71,-1.72,8.84,1.44,0.25,2.06,9.74,0,1.70,-0.0559,0.0654,134,0.765,0.000,0.00,0.00,102.402,0
-23.12,10.75,253.31,0.5827,-0.2139,0.0496,0.7825,-3.81,-1.64,8.79,2.12,-1.94,-1.56,9.72,0,1.70,-0.0554,0.0654,134,0.765,0.000,0.00,0.00,102.402,0
-22.88,10.50,253.50,0.5843,-0.2113,0.0504,0.7819,-3.71,-1.66,8.82,4.69,-0.44,0.06,9.71,0,1.70,-0.0543,0.0652,134,0.765,0.000,0.00,0.00,102.402,0
-22.94,10.25,253.50,0.5845,-0.2106,0.0520,0.7819,-3.81,-1.55,8.81,0.00,0.50,-0.25,9.72,0,1.70,-0.0537,0.0655,134,0.765,0.000,0.00,0.00,102.402,0
phase1 acc_mag=9.738 gravity=9.732 motion=0.006 moving_avg=0.066 rms=0.092 mean_rms=0.134 max_rms=0.157 min_rms=0.092 std=0.023 var=0.001 state=standing thr=0.181/0.381/0.881
-22.94,10.25,253.50,0.5845,-0.2106,0.0525,0.7819,-3.74,-1.49,8.79,1.56,0.25,0.94,9.67,0,1.70,-0.0536,0.0657,134,0.765,0.000,0.00,0.00,102.402,0
-23.00,10.31,253.50,0.5842,-0.2113,0.0523,0.7819,-3.76,-1.66,8.82,-0.19,-0.56,0.00,9.73,0,1.70,-0.0539,0.0657,134,0.765,0.000,0.00,0.00,102.402,0
-23.06,10.31,253.50,0.5842,-0.2118,0.0526,0.7817,-3.96,-1.65,8.85,-0.88,1.50,-1.00,9.83,0,1.70,-0.0539,0.0659,134,0.765,0.000,0.00,0.00,102.402,0
phase1 acc_mag=9.664 gravity=9.727 motion=0.063 moving_avg=0.065 rms=0.092 mean_rms=0.123 max_rms=0.157 min_rms=0.091 std=0.028 var=0.001 state=standing thr=0.178/0.378/0.878
-23.06,10.31,253.50,0.5843,-0.2114,0.0527,0.7817,-3.67,-1.52,8.81,2.19,0.25,-0.25,9.66,0,1.70,-0.0538,0.0659,134,0.765,0.000,0.00,0.00,102.402,0
-22.94,10.25,253.69,0.5856,-0.2104,0.0524,0.7810,-3.73,-1.54,8.79,0.44,-1.44,-1.00,9.67,0,1.70,-0.0535,0.0656,134,0.765,0.000,0.00,0.00,102.402,0
-22.94,10.25,253.69,0.5856,-0.2104,0.0526,0.7811,-3.75,-1.58,8.85,-0.19,-0.69,0.44,9.74,0,1.70,-0.0534,0.0657,134,0.765,0.000,0.00,0.00,102.402,0
-22.94,10.25,253.69,0.5855,-0.2104,0.0525,0.7811,-3.73,-1.59,8.83,-0.69,-0.69,-0.12,9.72,0,1.70,-0.0534,0.0657,134,0.765,0.000,0.00,0.00,102.402,0
phase1 acc_mag=9.710 gravity=9.725 motion=0.016 moving_avg=0.061 rms=0.088 mean_rms=0.112 max_rms=0.157 min_rms=0.088 std=0.028 var=0.001 state=standing thr=0.169/0.369/0.869
-22.94,10.31,253.69,0.5854,-0.2109,0.0522,0.7811,-3.76,-1.59,8.81,-1.31,2.12,1.88,9.71,0,1.70,-0.0536,0.0657,134,0.765,0.000,0.00,0.00,102.402,0
-23.06,10.31,253.62,0.5850,-0.2114,0.0528,0.7812,-3.79,-1.63,8.82,1.06,-0.31,-1.50,9.74,0,1.70,-0.0537,0.0660,134,0.765,0.000,0.00,0.00,102.402,0
-22.94,10.19,253.75,0.5862,-0.2102,0.0530,0.7806,-3.70,-1.62,8.86,0.81,-3.00,-1.62,9.74,0,1.70,-0.0532,0.0659,134,0.765,0.000,0.00,0.00,102.402,0
-22.88,10.12,253.81,0.5865,-0.2095,0.0532,0.7805,-3.77,-1.49,8.83,1.50,0.88,0.00,9.72,0,1.70,-0.0529,0.0657,134,0.765,0.000,0.00,0.00,102.402,0
phase1 acc_mag=9.852 gravity=9.728 motion=0.124 moving_avg=0.049 rms=0.061 mean_rms=0.100 max_rms=0.157 min_rms=0.061 std=0.024 var=0.001 state=standing thr=0.149/0.350/0.850
-22.69,10.00,253.56,0.5851,-0.2078,0.0526,0.7821,-3.77,-1.44,8.83,2.62,-4.06,4.75,9.71,0,1.70,-0.0527,0.0651,134,0.765,0.000,0.00,0.00,102.402,0
-22.62,10.31,253.56,0.5851,-0.2089,0.0502,0.7819,-3.76,-1.70,8.98,-3.94,0.56,-2.81,9.88,0,1.70,-0.0536,0.0646,134,0.765,0.000,0.00,0.00,102.402,0
-22.69,10.19,253.56,0.5851,-0.2084,0.0513,0.7820,-3.77,-1.48,8.84,2.31,1.62,0.12,9.72,0,1.70,-0.0532,0.0648,134,0.765,0.000,0.00,0.00,102.402,0
-22.69,10.12,253.56,0.5848,-0.2080,0.0516,0.7823,-3.66,-1.62,8.87,1.88,1.12,1.50,9.73,0,1.70,-0.0530,0.0648,134,0.765,0.000,0.00,0.00,102.402,0
phase1 acc_mag=9.715 gravity=9.731 motion=0.016 moving_avg=0.055 rms=0.076 mean_rms=0.087 max_rms=0.094 min_rms=0.061 std=0.009 var=0.000 state=standing thr=0.104/0.350/0.850
-22.75,10.00,253.50,0.5847,-0.2079,0.0526,0.7824,-3.72,-1.54,8.85,-1.00,-0.88,-0.25,9.72,0,1.70,-0.0528,0.0651,134,0.765,0.000,0.00,0.00,102.402,0
-22.75,10.00,253.38,0.5837,-0.2078,0.0527,0.7831,-3.64,-1.48,8.87,0.81,0.38,3.62,9.70,0,1.70,-0.0528,0.0650,134,0.765,0.000,0.00,0.00,102.402,0
-22.81,10.00,253.31,0.5834,-0.2083,0.0527,0.7833,-3.74,-1.57,8.86,-0.44,-0.44,-0.31,9.74,0,1.70,-0.0529,0.0651,134,0.765,0.000,0.00,0.00,102.402,0
-22.81,9.94,253.25,0.5829,-0.2080,0.0533,0.7836,-3.78,-1.51,8.81,1.31,0.88,1.81,9.70,0,1.70,-0.0528,0.0652,134,0.765,0.000,0.00,0.00,102.402,0
phase1 acc_mag=9.662 gravity=9.735 motion=0.073 moving_avg=0.054 rms=0.076 mean_rms=0.083 max_rms=0.093 min_rms=0.061 std=0.009 var=0.000 state=standing thr=0.101/0.350/0.850
-22.81,9.81,253.19,0.5827,-0.2075,0.0539,0.7839,-3.67,-1.49,8.84,2.00,-0.44,1.12,9.69,0,1.70,-0.0525,0.0653,134,0.765,0.000,0.00,0.00,102.402,0
-22.88,9.75,253.19,0.5826,-0.2078,0.0545,0.7838,-3.71,-1.46,8.85,1.19,-0.50,-0.19,9.71,0,1.70,-0.0524,0.0655,134,0.765,0.000,0.00,0.00,102.402,0
-22.88,9.75,253.25,0.5827,-0.2077,0.0549,0.7838,-3.72,-1.41,8.80,0.75,0.69,-0.44,9.66,0,1.70,-0.0523,0.0656,134,0.765,0.000,0.00,0.00,102.402,0
phase1 acc_mag=9.770 gravity=9.733 motion=0.036 moving_avg=0.055 rms=0.076 mean_rms=0.080 max_rms=0.091 min_rms=0.061 std=0.008 var=0.000 state=standing thr=0.096/0.350/0.850
-22.88,9.69,253.25,0.5827,-0.2073,0.0549,0.7839,-3.79,-1.55,8.87,0.69,0.56,0.69,9.77,0,1.70,-0.0522,0.0655,134,0.765,0.000,0.00,0.00,102.402,0
-22.88,9.75,253.19,0.5825,-0.2074,0.0547,0.7841,-3.66,-1.49,8.89,0.56,-0.56,1.19,9.73,0,1.70,-0.0523,0.0655,134,0.765,0.000,0.00,0.00,102.402,0
-22.88,9.62,253.19,0.5825,-0.2075,0.0552,0.7840,-3.72,-1.45,8.82,-0.12,-0.25,-1.00,9.68,0,1.70,-0.0522,0.0657,134,0.765,0.000,0.00,0.00,102.402,0
-22.88,9.62,253.19,0.5825,-0.2073,0.0554,0.7841,-3.69,-1.48,8.83,0.50,0.69,0.88,9.68,0,1.70,-0.0521,0.0657,134,0.765,0.000,0.00,0.00,102.402,0
phase1 acc_mag=9.647 gravity=9.733 motion=0.086 moving_avg=0.052 rms=0.073 mean_rms=0.077 max_rms=0.088 min_rms=0.061 std=0.007 var=0.000 state=standing thr=0.090/0.350/0.850
-22.94,9.56,253.19,0.5823,-0.2074,0.0561,0.7841,-3.78,-1.42,8.84,1.44,0.12,-0.06,9.72,0,1.70,-0.0520,0.0659,134,0.765,0.000,0.00,0.00,102.402,0
-23.00,9.62,253.25,0.5828,-0.2076,0.0561,0.7836,-3.81,-1.44,8.83,-1.00,1.00,-2.62,9.72,0,1.70,-0.0520,0.0660,134,0.765,0.000,0.00,0.00,102.402,0
-23.00,10.12,253.50,0.5848,-0.2104,0.0530,0.7816,-4.16,-1.73,8.90,-4.75,-0.25,-5.62,9.98,0,1.70,-0.0534,0.0658,134,0.765,0.000,0.00,0.00,102.402,0
-23.00,10.06,253.56,0.5848,-0.2100,0.0536,0.7817,-3.75,-1.69,8.77,4.56,2.81,1.94,9.69,0,1.70,-0.0531,0.0659,134,0.765,0.000,0.00,0.00,102.402,0
phase1 acc_mag=9.730 gravity=9.728 motion=0.002 moving_avg=0.050 rms=0.069 mean_rms=0.075 max_rms=0.078 min_rms=0.069 std=0.005 var=0.000 state=standing thr=0.085/0.350/0.850
-23.06,9.69,253.50,0.5846,-0.2083,0.0565,0.7821,-3.80,-1.43,8.82,2.44,0.38,0.06,9.71,0,1.70,-0.0519,0.0664,134,0.765,0.000,0.00,0.00,102.402,0
-23.00,9.69,253.62,0.5853,-0.2080,0.0562,0.7817,-3.76,-1.50,8.85,-1.44,-0.75,-1.44,9.73,0,1.70,-0.0519,0.0663,134,0.765,0.000,0.00,0.00,102.402,0
-23.00,9.75,253.62,0.5854,-0.2085,0.0560,0.7815,-3.66,-1.36,8.79,0.19,0.12,-0.31,9.62,0,1.70,-0.0521,0.0663,134,0.765,0.000,0.00,0.00,102.402,0
-23.06,9.94,253.69,0.5855,-0.2098,0.0555,0.7811,-3.72,-1.45,8.75,0.56,0.50,0.25,9.62,0,1.70,-0.0525,0.0665,134,0.765,0.000,0.00,0.00,102.402,0
phase1 acc_mag=9.716 gravity=9.726 motion=0.010 moving_avg=0.048 rms=0.062 mean_rms=0.072 max_rms=0.078 min_rms=0.060 std=0.007 var=0.000 state=standing thr=0.087/0.350/0.850
-23.12,9.94,253.69,0.5854,-0.2100,0.0557,0.7811,-3.75,-1.53,8.84,-0.88,-0.12,0.44,9.72,0,1.70,-0.0526,0.0666,134,0.765,0.000,0.00,0.00,102.402,0
-23.12,9.88,253.62,0.5852,-0.2097,0.0561,0.7813,-3.77,-1.51,8.82,0.69,0.44,0.56,9.71,0,1.70,-0.0524,0.0666,134,0.765,0.000,0.00,0.00,102.402,0
-23.19,9.88,253.69,0.5854,-0.2101,0.0563,0.7810,-3.80,-1.52,8.85,-0.12,1.12,-0.31,9.75,0,1.70,-0.0525,0.0668,134,0.765,0.000,0.00,0.00,102.402,0
-23.31,9.94,253.75,0.5857,-0.2112,0.0565,0.7805,-3.64,-1.44,8.75,-2.94,4.25,-3.12,9.59,0,1.70,-0.0527,0.0671,134,0.765,0.000,0.00,0.00,102.402,0
phase1 acc_mag=9.725 gravity=9.721 motion=0.004 moving_avg=0.049 rms=0.063 mean_rms=0.069 max_rms=0.078 min_rms=0.060 std=0.008 var=0.000 state=standing thr=0.086/0.350/0.850
-23.44,10.12,253.88,0.5864,-0.2128,0.0563,0.7795,-3.74,-1.53,8.79,1.69,-0.75,0.06,9.67,0,1.70,-0.0532,0.0675,134,0.765,0.000,0.00,0.00,102.402,0
-23.38,10.12,253.88,0.5864,-0.2127,0.0563,0.7796,-3.84,-1.58,8.80,-1.31,0.38,0.12,9.73,0,1.70,-0.0531,0.0675,134,0.765,0.000,0.00,0.00,102.402,0
-23.50,10.25,253.81,0.5859,-0.2141,0.0558,0.7797,-4.12,-1.61,8.72,-1.94,-0.56,1.69,9.78,0,1.70,-0.0537,0.0676,134,0.765,0.000,0.00,0.00,102.402,0
-23.50,10.25,253.75,0.5856,-0.2140,0.0558,0.7799,-3.75,-1.53,8.80,-0.25,-0.94,0.25,9.69,0,1.70,-0.0537,0.0675,134,0.765,0.000,0.00,0.00,102.402,0
phase1 acc_mag=9.722 gravity=9.723 motion=0.001 moving_avg=0.047 rms=0.062 mean_rms=0.066 max_rms=0.078 min_rms=0.060 std=0.008 var=0.000 state=standing thr=0.082/0.350/0.850
-23.50,10.19,253.75,0.5856,-0.2137,0.0559,0.7800,-3.77,-1.53,8.80,1.19,-0.69,0.75,9.70,0,1.70,-0.0536,0.0675,134,0.765,0.000,0.00,0.00,102.402,0
-23.50,10.19,253.75,0.5856,-0.2137,0.0560,0.7799,-3.85,-1.65,8.81,0.44,-0.06,-0.56,9.76,0,1.70,-0.0536,0.0675,134,0.765,0.000,0.00,0.00,102.402,0
-23.50,10.25,253.88,0.5862,-0.2141,0.0561,0.7793,-4.07,-1.74,8.96,-2.31,2.38,-3.69,9.99,0,1.70,-0.0536,0.0677,134,0.765,0.000,0.00,0.00,102.402,0
phase1 acc_mag=9.674 gravity=9.725 motion=0.051 moving_avg=0.052 rms=0.071 mean_rms=0.064 max_rms=0.078 min_rms=0.060 std=0.007 var=0.000 state=standing thr=0.080/0.350/0.850
-23.62,10.25,253.94,0.5865,-0.2148,0.0567,0.7789,-3.86,-1.46,8.75,-0.62,1.88,-0.75,9.67,0,1.70,-0.0536,0.0681,134,0.765,0.000,0.00,0.00,102.402,0
-23.62,10.38,253.94,0.5865,-0.2155,0.0562,0.7787,-3.89,-1.61,8.81,0.19,0.06,0.44,9.76,0,1.70,-0.0539,0.0681,134,0.765,0.000,0.00,0.00,102.402,0
-23.62,10.38,253.94,0.5865,-0.2152,0.0561,0.7788,-3.70,-1.51,8.71,-0.06,-0.81,1.12,9.58,0,1.70,-0.0539,0.0680,134,0.765,0.000,0.00,0.00,102.402,0
-23.62,10.38,253.94,0.5863,-0.2154,0.0558,0.7789,-3.79,-1.57,8.79,-0.50,-0.06,-0.06,9.70,0,1.70,-0.0540,0.0679,134,0.765,0.000,0.00,0.00,102.402,0
phase1 acc_mag=9.750 gravity=9.724 motion=0.027 moving_avg=0.047 rms=0.064 mean_rms=0.063 max_rms=0.071 min_rms=0.060 std=0.006 var=0.000 state=standing thr=0.080/0.350/0.850
-23.69,10.38,253.88,0.5861,-0.2159,0.0566,0.7789,-3.83,-1.57,8.72,0.44,3.94,0.38,9.65,0,1.70,-0.0540,0.0682,134,0.765,0.000,0.00,0.00,102.402,0
-23.94,10.69,254.00,0.5866,-0.2190,0.0560,0.7777,-3.92,-1.62,8.84,-5.25,2.44,-3.31,9.80,0,1.70,-0.0550,0.0688,134,0.765,0.000,0.00,0.00,102.402,0
-23.94,10.81,254.06,0.5870,-0.2196,0.0551,0.7773,-4.08,-1.82,8.70,-1.44,-0.75,0.94,9.78,0,1.70,-0.0553,0.0687,134,0.765,0.000,0.00,0.00,102.402,0
-23.75,10.31,253.69,0.5845,-0.2161,0.0563,0.7800,-3.88,-1.45,8.62,8.38,-4.50,10.62,9.56,0,1.70,-0.0542,0.0681,134,0.765,0.000,0.00,0.00,102.402,0
phase1 acc_mag=9.628 gravity=9.728 motion=0.100 moving_avg=0.056 rms=0.076 mean_rms=0.065 max_rms=0.076 min_rms=0.060 std=0.007 var=0.000 state=standing thr=0.080/0.350/0.850
-23.69,9.94,253.31,0.5818,-0.2143,0.0580,0.7824,-4.01,-1.63,8.90,-1.88,1.94,3.75,9.90,0,1.70,-0.0536,0.0680,134,0.765,0.000,0.00,0.00,102.402,0
-23.75,9.94,253.25,0.5820,-0.2144,0.0580,0.7823,-3.87,-1.47,8.79,-0.50,-0.31,-3.88,9.72,0,1.70,-0.0536,0.0681,134,0.765,0.000,0.00,0.00,102.402,0
-23.62,10.19,253.50,0.5837,-0.2148,0.0560,0.7811,-3.82,-1.53,8.80,-1.75,-1.38,-0.94,9.71,0,1.70,-0.0540,0.0677,134,0.765,0.000,0.00,0.00,102.402,0
-23.62,10.31,253.50,0.5836,-0.2151,0.0555,0.7810,-3.94,-1.68,8.80,-0.31,0.25,-0.50,9.79,0,1.70,-0.0543,0.0676,134,0.765,0.000,0.00,0.00,102.402,0
phase1 acc_mag=9.590 gravity=9.734 motion=0.144 moving_avg=0.057 rms=0.078 mean_rms=0.069 max_rms=0.078 min_rms=0.060 std=0.008 var=0.000 state=standing thr=0.084/0.350/0.850
-23.56,10.31,253.50,0.5838,-0.2149,0.0551,0.7810,-3.82,-1.57,8.77,-1.06,-0.31,-0.81,9.69,0,1.70,-0.0543,0.0674,134,0.765,0.000,0.00,0.00,102.402,0
-23.56,10.44,253.56,0.5842,-0.2153,0.0546,0.7806,-3.75,-1.51,8.78,0.31,0.81,-1.38,9.67,0,1.70,-0.0545,0.0674,134,0.765,0.000,0.00,0.00,102.402,0
-23.62,10.62,253.75,0.5850,-0.2167,0.0541,0.7797,-3.86,-1.61,8.79,-2.69,1.12,-1.44,9.73,0,1.70,-0.0549,0.0676,134,0.765,0.000,0.00,0.00,102.402,0
phase1 acc_mag=9.798 gravity=9.731 motion=0.067 moving_avg=0.055 rms=0.076 mean_rms=0.072 max_rms=0.078 min_rms=0.062 std=0.007 var=0.000 state=standing thr=0.086/0.350/0.850
-23.69,10.94,253.88,0.5859,-0.2184,0.0527,0.7787,-3.90,-1.78,8.81,-2.50,-0.56,-3.00,9.80,0,1.70,-0.0557,0.0676,134,0.765,0.000,0.00,0.00,102.402,0
-23.69,11.19,253.94,0.5860,-0.2203,0.0512,0.7781,-3.86,-1.70,8.75,-4.62,3.06,-0.75,9.71,0,1.70,-0.0566,0.0676,134,0.765,0.000,0.00,0.00,102.402,0
-23.75,11.50,254.06,0.5865,-0.2219,0.0499,0.7773,-3.83,-1.84,8.74,1.00,-1.00,-0.38,9.72,0,1.70,-0.0573,0.0676,134,0.765,0.000,0.00,0.00,102.402,0
-23.81,11.31,254.06,0.5867,-0.2216,0.0515,0.7772,-3.98,-1.74,8.82,2.44,1.06,0.56,9.83,0,1.70,-0.0568,0.0680,134,0.765,0.000,0.00,0.00,102.402,0
phase1 acc_mag=9.779 gravity=9.739 motion=0.040 moving_avg=0.052 rms=0.072 mean_rms=0.074 max_rms=0.079 min_rms=0.064 std=0.007 var=0.000 state=standing thr=0.087/0.350/0.850
-23.88,11.25,254.06,0.5868,-0.2214,0.0518,0.7772,-3.89,-1.73,8.74,0.19,0.56,-0.81,9.72,0,1.70,-0.0567,0.0680,134,0.765,0.000,0.00,0.00,102.402,0
-23.88,11.25,254.12,0.5873,-0.2214,0.0521,0.7767,-3.91,-1.71,8.74,-0.12,0.31,-0.88,9.73,0,1.70,-0.0566,0.0682,134,0.765,0.000,0.00,0.00,102.402,0
-23.94,11.31,254.19,0.5873,-0.2221,0.0520,0.7765,-3.89,-1.72,8.73,-2.06,2.94,-0.38,9.71,0,1.70,-0.0568,0.0683,134,0.765,0.000,0.00,0.00,102.402,0
-24.12,11.50,254.19,0.5870,-0.2245,0.0519,0.7761,-3.91,-1.79,8.70,-2.44,3.88,-0.38,9.70,0,1.70,-0.0575,0.0688,134,0.765,0.000,0.00,0.00,102.402,0
phase1 acc_mag=9.923 gravity=9.741 motion=0.182 moving_avg=0.052 rms=0.073 mean_rms=0.075 max_rms=0.079 min_rms=0.064 std=0.006 var=0.000 state=standing thr=0.086/0.350/0.850
-24.19,11.50,254.25,0.5875,-0.2247,0.0525,0.7756,-3.87,-1.72,8.72,3.81,-1.69,0.06,9.69,0,1.70,-0.0574,0.0691,134,0.765,0.000,0.00,0.00,102.402,0
-24.19,11.38,254.31,0.5878,-0.2239,0.0536,0.7755,-3.96,-1.77,8.73,2.12,0.69,1.56,9.75,0,1.70,-0.0568,0.0693,134,0.765,0.000,0.00,0.00,102.402,0
-24.19,11.19,254.25,0.5878,-0.2230,0.0549,0.7758,-4.10,-1.72,8.75,0.38,0.88,-0.69,9.81,0,1.70,-0.0563,0.0695,134,0.765,0.000,0.00,0.00,102.402,0
-24.12,11.25,254.31,0.5880,-0.2228,0.0540,0.7758,-3.96,-1.84,8.77,-0.38,-1.81,0.12,9.80,0,1.70,-0.0564,0.0691,134,0.765,0.000,0.00,0.00,102.402,0
phase1 acc_mag=9.729 gravity=9.750 motion=0.021 moving_avg=0.047 rms=0.063 mean_rms=0.073 max_rms=0.079 min_rms=0.063 std=0.006 var=0.000 state=standing thr=0.086/0.350/0.850
-24.06,11.25,254.31,0.5882,-0.2227,0.0535,0.7756,-4.06,-1.47,8.60,1.38,1.50,-2.06,9.62,0,1.70,-0.0565,0.0690,134,0.765,0.000,0.00,0.00,102.402,0
-24.00,11.31,254.38,0.5886,-0.2224,0.0529,0.7754,-3.82,-1.73,8.74,-0.88,1.06,0.62,9.69,0,1.70,-0.0565,0.0688,134,0.765,0.000,0.00,0.00,102.402,0
-24.06,11.31,254.38,0.5884,-0.2230,0.0532,0.7755,-3.91,-1.78,8.76,0.62,-1.00,-0.56,9.76,0,1.70,-0.0566,0.0690,134,0.765,0.000,0.00,0.00,102.402,0
phase1 acc_mag=9.795 gravity=9.759 motion=0.035 moving_avg=0.052 rms=0.070 mean_rms=0.071 max_rms=0.079 min_rms=0.061 std=0.007 var=0.000 state=standing thr=0.084/0.350/0.850
-24.12,11.25,254.38,0.5884,-0.2228,0.0539,0.7754,-4.03,-1.82,8.74,2.19,0.94,1.25,9.79,0,1.70,-0.0564,0.0692,134,0.765,0.000,0.00,0.00,102.402,0
-24.12,10.94,254.25,0.5879,-0.2215,0.0557,0.7761,-4.03,-1.73,8.76,2.69,-0.81,0.06,9.80,0,1.70,-0.0557,0.0694,134,0.765,0.000,0.00,0.00,102.402,0
-24.12,10.88,254.25,0.5878,-0.2211,0.0562,0.7761,-4.01,-1.70,8.82,-0.44,0.50,0.19,9.84,0,1.70,-0.0554,0.0694,134,0.765,0.000,0.00,0.00,102.402,0
-24.19,10.94,254.25,0.5877,-0.2217,0.0559,0.7761,-3.96,-1.74,8.74,0.19,-0.25,-0.25,9.75,0,1.70,-0.0557,0.0695,134,0.765,0.000,0.00,0.00,102.402,0
phase1 acc_mag=9.734 gravity=9.764 motion=0.030 moving_avg=0.054 rms=0.071 mean_rms=0.070 max_rms=0.079 min_rms=0.061 std=0.006 var=0.000 state=standing thr=0.082/0.350/0.850
-24.12,11.00,254.31,0.5885,-0.2218,0.0557,0.7755,-3.90,-1.54,8.69,0.19,0.00,-2.75,9.65,0,1.70,-0.0557,0.0695,134,0.765,0.000,0.00,0.00,102.402,0
-24.12,11.06,254.44,0.5891,-0.2217,0.0554,0.7751,-3.94,-1.71,8.73,-0.12,0.06,-0.31,9.73,0,1.70,-0.0557,0.0694,134,0.765,0.000,0.00,0.00,102.402,0
-24.06,11.06,254.44,0.5890,-0.2214,0.0552,0.7753,-3.93,-1.74,8.77,0.25,-0.88,1.31,9.77,0,1.70,-0.0557,0.0693,134,0.765,0.000,0.00,0.00,102.402,0
-24.06,10.88,254.38,0.5886,-0.2205,0.0560,0.7758,-3.90,-1.66,8.76,1.12,-0.81,0.81,9.73,0,1.70,-0.0553,0.0693,134,0.765,0.000,0.00,0.00,102.402,0
phase1 acc_mag=9.678 gravity=9.757 motion=0.078 moving_avg=0.055 rms=0.069 mean_rms=0.069 max_rms=0.074 min_rms=0.061 std=0.005 var=0.000 state=standing thr=0.080/0.350/0.850
-24.06,10.81,254.31,0.5885,-0.2205,0.0563,0.7758,-3.90,-1.59,8.71,-0.19,0.94,0.00,9.67,0,1.70,-0.0552,0.0694,134,0.765,0.000,0.00,0.00,102.402,0
-24.06,10.81,254.38,0.5886,-0.2204,0.0562,0.7758,-3.82,-1.69,8.74,-0.25,0.25,0.38,9.69,0,1.70,-0.0552,0.0693,134,0.765,0.000,0.00,0.00,102.402,0
-24.12,10.94,254.38,0.5886,-0.2211,0.0560,0.7756,-3.92,-1.64,8.76,-1.50,-0.25,-1.00,9.74,0,1.70,-0.0554,0.0694,134,0.765,0.000,0.00,0.00,102.402,0
-24.06,11.00,254.38,0.5888,-0.2216,0.0554,0.7753,-4.02,-1.69,8.76,-1.75,1.06,-1.12,9.79,0,1.70,-0.0557,0.0694,134,0.765,0.000,0.00,0.00,102.402,0
phase1 acc_mag=9.690 gravity=9.752 motion=0.061 moving_avg=0.056 rms=0.068 mean_rms=0.069 max_rms=0.073 min_rms=0.061 std=0.005 var=0.000 state=standing thr=0.080/0.350/0.850
-24.12,11.12,254.50,0.5896,-0.2221,0.0549,0.7747,-3.87,-1.66,8.76,-0.06,-1.38,-2.56,9.72,0,1.70,-0.0559,0.0694,134,0.765,0.000,0.00,0.00,102.402,0
-24.12,11.19,254.62,0.5902,-0.2224,0.0547,0.7741,-4.00,-1.76,8.72,0.44,1.38,-0.44,9.75,0,1.70,-0.0559,0.0694,134,0.765,0.000,0.00,0.00,102.402,0
-24.12,11.19,254.62,0.5903,-0.2225,0.0552,0.7740,-3.87,-1.68,8.74,0.12,1.12,0.44,9.70,0,1.70,-0.0558,0.0696,134,0.765,0.000,0.00,0.00,102.402,0
phase1 acc_mag=9.736 gravity=9.743 motion=0.007 moving_avg=0.050 rms=0.061 mean_rms=0.069 max_rms=0.073 min_rms=0.061 std=0.005 var=0.000 state=standing thr=0.080/0.350/0.850
-24.19,11.19,254.62,0.5901,-0.2227,0.0554,0.7740,-3.96,-1.70,8.73,0.00,0.25,-1.00,9.74,0,1.70,-0.0559,0.0697,134,0.765,0.000,0.00,0.00,102.402,0
-24.19,11.25,254.69,0.5906,-0.2230,0.0551,0.7736,-3.96,-1.73,8.73,-1.56,0.88,0.00,9.74,0,1.70,-0.0560,0.0697,134,0.765,0.000,0.00,0.00,102.402,0
-24.19,11.31,254.69,0.5905,-0.2236,0.0546,0.7736,-4.00,-1.80,8.74,-0.81,0.19,0.06,9.78,0,1.70,-0.0563,0.0697,134,0.765,0.000,0.00,0.00,102.402,0
-24.19,11.38,254.69,0.5905,-0.2238,0.0542,0.7735,-3.91,-1.80,8.73,-1.56,-0.75,-0.44,9.73,0,1.70,-0.0564,0.0696,134,0.765,0.000,0.00,0.00,102.402,0
phase1 acc_mag=9.785 gravity=9.736 motion=0.049 moving_avg=0.043 rms=0.052 mean_rms=0.066 max_rms=0.073 min_rms=0.051 std=0.008 var=0.000 state=standing thr=0.082/0.350/0.850
-24.19,11.38,254.69,0.5903,-0.2238,0.0545,0.7736,-4.00,-1.73,8.74,0.69,0.19,0.19,9.77,0,1.70,-0.0564,0.0697,134,0.765,0.000,0.00,0.00,102.402,0
-24.25,11.38,254.62,0.5902,-0.2242,0.0545,0.7736,-4.07,-1.85,8.79,-0.44,1.44,-0.44,9.86,0,1.70,-0.0565,0.0698,134,0.765,0.000,0.00,0.00,102.402,0
-24.25,11.38,254.69,0.5905,-0.2242,0.0546,0.7734,-3.97,-1.81,8.74,-0.25,0.12,-1.06,9.77,0,1.70,-0.0565,0.0698,134,0.765,0.000,0.00,0.00,102.402,0
-24.25,11.44,254.69,0.5905,-0.2247,0.0544,0.7733,-3.93,-1.79,8.71,-0.94,0.94,1.00,9.72,0,1.70,-0.0567,0.0699,134,0.765,0.000,0.00,0.00,102.402,0
phase1 acc_mag=9.723 gravity=9.738 motion=0.014 moving_avg=0.038 rms=0.046 mean_rms=0.062 max_rms=0.073 min_rms=0.046 std=0.010 var=0.000 state=standing thr=0.081/0.350/0.850
-24.31,11.50,254.69,0.5905,-0.2255,0.0543,0.7730,-3.99,-1.79,8.73,-1.44,0.62,-1.00,9.76,0,1.70,-0.0569,0.0700,134,0.765,0.000,0.00,0.00,102.402,0
-24.44,11.56,254.69,0.5902,-0.2267,0.0544,0.7728,-4.01,-1.82,8.71,-0.88,2.69,-0.06,9.76,0,1.70,-0.0572,0.0704,134,0.765,0.000,0.00,0.00,102.402,0
-24.69,11.62,254.62,0.5894,-0.2282,0.0551,0.7729,-4.06,-1.83,8.62,-1.25,3.31,0.62,9.70,0,1.70,-0.0576,0.0708,134,0.765,0.000,0.00,0.00,102.402,0
phase1 acc_mag=9.872 gravity=9.745 motion=0.127 moving_avg=0.045 rms=0.064 mean_rms=0.058 max_rms=0.071 min_rms=0.046 std=0.010 var=0.000 state=standing thr=0.080/0.350/0.850
-24.75,11.69,254.69,0.5897,-0.2291,0.0554,0.7725,-4.14,-1.98,8.74,-1.81,0.12,-2.12,9.87,0,1.70,-0.0577,0.0711,134,0.765,0.000,0.00,0.00,102.402,0
-24.88,11.75,254.69,0.5897,-0.2300,0.0556,0.7722,-4.04,-1.72,8.62,-1.62,2.25,-1.19,9.67,0,1.70,-0.0579,0.0714,134,0.765,0.000,0.00,0.00,102.402,0
-24.88,11.88,254.69,0.5896,-0.2306,0.0552,0.7721,-3.99,-1.84,8.70,1.75,-0.88,1.19,9.75,0,1.70,-0.0582,0.0714,134,0.765,0.000,0.00,0.00,102.402,0
-24.88,11.75,254.69,0.5895,-0.2305,0.0559,0.7721,-4.00,-1.71,8.64,-0.62,1.25,-0.25,9.67,0,1.70,-0.0580,0.0716,134,0.765,0.000,0.00,0.00,102.402,0
phase1 acc_mag=9.825 gravity=9.745 motion=0.081 moving_avg=0.045 rms=0.065 mean_rms=0.057 max_rms=0.067 min_rms=0.046 std=0.009 var=0.000 state=standing thr=0.080/0.350/0.850
-25.00,11.75,254.62,0.5891,-0.2308,0.0562,0.7723,-4.01,-1.77,8.65,2.62,-0.31,1.50,9.70,0,1.70,-0.0581,0.0717,134,0.765,0.000,0.00,0.00,102.402,0
-25.00,11.81,254.56,0.5887,-0.2313,0.0560,0.7725,-4.20,-1.88,8.70,-2.25,0.44,0.31,9.84,0,1.70,-0.0583,0.0718,134,0.765,0.000,0.00,0.00,102.402,0
-25.00,11.81,254.62,0.5889,-0.2315,0.0558,0.7723,-4.12,-1.72,8.63,-0.19,1.38,-0.62,9.72,0,1.70,-0.0584,0.0718,134,0.765,0.000,0.00,0.00,102.402,0
-25.00,11.94,254.69,0.5891,-0.2319,0.0554,0.7721,-4.14,-1.96,8.72,-0.19,0.12,-0.88,9.85,0,1.70,-0.0586,0.0717,134,0.765,0.000,0.00,0.00,102.402,0
phase1 acc_mag=9.697 gravity=9.747 motion=0.050 moving_avg=0.052 rms=0.074 mean_rms=0.058 max_rms=0.074 min_rms=0.046 std=0.010 var=0.000 state=standing thr=0.080/0.350/0.850
-25.00,11.94,254.69,0.5895,-0.2319,0.0553,0.7718,-4.09,-1.85,8.65,-0.44,0.62,-0.50,9.75,0,1.70,-0.0586,0.0718,134,0.765,0.000,0.00,0.00,102.402,0
-25.12,12.00,254.62,0.5886,-0.2332,0.0551,0.7722,-4.10,-1.87,8.65,-2.00,2.00,1.19,9.75,0,1.70,-0.0590,0.0719,134,0.765,0.000,0.00,0.00,102.402,0
-25.12,12.12,254.62,0.5886,-0.2339,0.0548,0.7719,-4.08,-1.79,8.66,-1.44,-0.56,-1.50,9.74,0,1.70,-0.0593,0.0720,134,0.765,0.000,0.00,0.00,102.402,0
-25.12,12.19,254.69,0.5891,-0.2339,0.0543,0.7715,-4.08,-1.90,8.68,-1.38,0.00,-1.62,9.78,0,1.70,-0.0594,0.0719,134,0.765,0.000,0.00,0.00,102.402,0
phase1 acc_mag=9.774 gravity=9.751 motion=0.023 moving_avg=0.052 rms=0.074 mean_rms=0.062 max_rms=0.074 min_rms=0.046 std=0.011 var=0.000 state=standing thr=0.085/0.350/0.850
-25.12,12.25,254.69,0.5891,-0.2343,0.0542,0.7715,-4.17,-1.93,8.62,-0.88,0.94,-0.38,9.77,0,1.70,-0.0595,0.0719,134,0.765,0.000,0.00,0.00,102.402,0
-25.12,12.25,254.75,0.5892,-0.2344,0.0541,0.7714,-4.09,-1.87,8.65,0.56,0.25,-0.06,9.75,0,1.70,-0.0596,0.0719,134,0.765,0.000,0.00,0.00,102.402,0
-25.12,12.25,254.69,0.5891,-0.2346,0.0542,0.7714,-4.03,-1.86,8.60,-0.94,0.56,-0.06,9.68,0,1.70,-0.0596,0.0720,134,0.765,0.000,0.00,0.00,102.402,0
-25.44,12.31,254.50,0.5875,-0.2365,0.0553,0.7719,-4.18,-1.84,8.56,-0.12,4.31,4.12,9.70,0,1.70,-0.0600,0.0727,134,0.765,0.000,0.00,0.00,102.402,0
phase1 acc_mag=9.855 gravity=9.754 motion=0.101 moving_avg=0.054 rms=0.075 mean_rms=0.068 max_rms=0.076 min_rms=0.047 std=0.009 var=0.000 state=standing thr=0.086/0.350/0.850
-25.44,12.25,254.56,0.5878,-0.2365,0.0555,0.7717,-4.17,-1.90,8.59,2.06,-1.19,-2.25,9.74,0,1.70,-0.0599,0.0727,134,0.765,0.000,0.00,0.00,102.402,0
-25.44,12.12,254.62,0.5881,-0.2356,0.0562,0.7716,-4.20,-1.86,8.63,0.00,0.19,-0.31,9.78,0,1.70,-0.0595,0.0728,134,0.765,0.000,0.00,0.00,102.402,0
-25.44,12.19,254.62,0.5884,-0.2357,0.0560,0.7714,-4.19,-1.81,8.64,0.12,0.81,-1.19,9.77,0,1.70,-0.0595,0.0728,134,0.765,0.000,0.00,0.00,102.402,0
phase1 acc_mag=9.739 gravity=9.758 motion=0.019 moving_avg=0.045 rms=0.059 mean_rms=0.070 max_rms=0.076 min_rms=0.058 std=0.007 var=0.000 state=standing thr=0.084/0.350/0.850
-25.38,12.19,254.69,0.5890,-0.2355,0.0558,0.7711,-4.10,-1.93,8.62,1.19,-0.94,0.00,9.74,0,1.70,-0.0595,0.0727,134,0.765,0.000,0.00,0.00,102.402,0
-25.38,12.12,254.69,0.5888,-0.2353,0.0561,0.7712,-4.08,-1.84,8.63,-0.44,0.38,0.69,9.72,0,1.70,-0.0594,0.0727,134,0.765,0.000,0.00,0.00,102.402,0
-25.38,12.25,254.75,0.5890,-0.2359,0.0557,0.7709,-4.19,-1.88,8.64,-0.94,-0.31,-1.50,9.78,0,1.70,-0.0596,0.0727,134,0.765,0.000,0.00,0.00,102.402,0
-25.38,12.25,254.75,0.5892,-0.2357,0.0557,0.7709,-4.20,-1.91,8.65,-0.06,0.94,-0.38,9.80,0,1.70,-0.0596,0.0727,134,0.765,0.000,0.00,0.00,102.402,0
phase1 acc_mag=9.711 gravity=9.766 motion=0.055 moving_avg=0.042 rms=0.055 mean_rms=0.069 max_rms=0.076 min_rms=0.055 std=0.008 var=0.000 state=standing thr=0.085/0.350/0.850
-25.38,12.25,254.75,0.5894,-0.2358,0.0554,0.7708,-4.10,-1.87,8.62,-0.75,0.38,-1.38,9.73,0,1.70,-0.0596,0.0727,134,0.765,0.000,0.00,0.00,102.402,0
-25.38,12.38,254.81,0.5894,-0.2363,0.0551,0.7705,-4.09,-1.85,8.61,-0.25,-0.69,0.12,9.71,0,1.70,-0.0598,0.0727,134,0.765,0.000,0.00,0.00,102.402,0
-25.38,12.25,254.81,0.5895,-0.2361,0.0558,0.7705,-4.11,-1.76,8.60,0.81,1.12,1.00,9.69,0,1.70,-0.0596,0.0729,134,0.765,0.000,0.00,0.00,102.402,0
-25.50,12.25,254.81,0.5893,-0.2365,0.0563,0.7704,-4.24,-2.01,8.65,0.56,0.69,0.00,9.84,0,1.70,-0.0596,0.0731,134,0.765,0.000,0.00,0.00,102.402,0
phase1 acc_mag=9.740 gravity=9.763 motion=0.023 moving_avg=0.039 rms=0.048 mean_rms=0.065 max_rms=0.076 min_rms=0.048 std=0.011 var=0.000 state=standing thr=0.086/0.350/0.850
-25.50,12.12,254.75,0.5890,-0.2357,0.0570,0.7709,-4.16,-1.92,8.66,0.94,-0.75,1.12,9.80,0,1.70,-0.0593,0.0731,134,0.765,0.000,0.00,0.00,102.402,0
-25.56,12.00,254.69,0.5887,-0.2358,0.0579,0.7710,-4.22,-1.82,8.63,0.38,0.25,-0.06,9.78,0,1.70,-0.0591,0.0734,134,0.765,0.000,0.00,0.00,102.402,0
-25.50,12.00,254.75,0.5891,-0.2355,0.0578,0.7709,-4.24,-1.96,8.65,-0.44,0.12,-1.06,9.83,0,1.70,-0.0590,0.0733,134,0.765,0.000,0.00,0.00,102.402,0
phase1 acc_mag=9.839 gravity=9.765 motion=0.074 moving_avg=0.040 rms=0.049 mean_rms=0.059 max_rms=0.076 min_rms=0.048 std=0.011 var=0.000 state=standing thr=0.081/0.350/0.850
-25.50,12.12,254.75,0.5890,-0.2362,0.0571,0.7708,-4.17,-1.93,8.70,-3.81,1.38,-1.31,9.84,0,1.70,-0.0594,0.0732,134,0.765,0.000,0.00,0.00,102.402,0
-25.69,12.19,254.75,0.5889,-0.2375,0.0574,0.7704,-4.33,-1.77,8.61,0.38,1.69,-1.56,9.80,0,1.70,-0.0597,0.0736,134,0.765,0.000,0.00,0.00,102.402,0
-25.56,12.31,254.88,0.5900,-0.2372,0.0567,0.7697,-4.09,-1.88,8.57,0.69,-1.06,-1.44,9.68,0,1.70,-0.0597,0.0734,134,0.765,0.000,0.00,0.00,102.402,0
-25.56,12.50,255.06,0.5909,-0.2380,0.0554,0.7689,-4.11,-1.86,8.61,-3.06,-1.00,-2.62,9.72,0,1.70,-0.0601,0.0733,134,0.765,0.000,0.00,0.00,102.402,0
phase1 acc_mag=9.738 gravity=9.764 motion=0.026 moving_avg=0.041 rms=0.050 mean_rms=0.055 max_rms=0.075 min_rms=0.048 std=0.008 var=0.000 state=standing thr=0.080/0.350/0.850
-25.56,12.69,255.19,0.5916,-0.2391,0.0551,0.7679,-3.78,-1.56,8.50,1.19,2.19,-1.50,9.43,0,1.70,-0.0604,0.0735,134,0.765,0.000,0.00,0.00,102.402,0
-25.81,12.56,255.19,0.5914,-0.2401,0.0569,0.7677,-4.22,-1.94,8.60,4.31,3.69,2.50,9.77,0,1.70,-0.0603,0.0743,134,0.765,0.000,0.00,0.00,102.402,0
-26.12,12.19,255.06,0.5902,-0.2400,0.0620,0.7682,-4.19,-1.69,8.51,7.62,3.38,4.44,9.63,0,1.70,-0.0591,0.0757,134,0.765,0.000,0.00,0.00,102.402,0
-26.38,11.69,255.00,0.5899,-0.2394,0.0651,0.7684,-4.44,-1.76,8.68,3.38,2.19,0.38,9.91,0,1.70,-0.0582,0.0765,134,0.765,0.000,0.00,0.00,102.402,0
phase1 acc_mag=9.850 gravity=9.769 motion=0.081 moving_avg=0.057 rms=0.082 mean_rms=0.057 max_rms=0.082 min_rms=0.048 std=0.011 var=0.000 state=slow thr=0.080/0.350/0.850
-26.50,11.62,255.12,0.5906,-0.2397,0.0664,0.7676,-4.29,-1.61,8.49,-0.50,2.69,-1.50,9.65,0,1.70,-0.0579,0.0770,134,0.765,0.000,0.00,0.00,102.402,0
-26.56,11.88,255.31,0.5915,-0.2416,0.0658,0.7665,-4.39,-1.83,8.63,-1.38,2.06,-3.94,9.85,0,1.70,-0.0585,0.0773,134,0.765,0.000,0.00,0.00,102.402,0
-26.75,12.06,255.56,0.5930,-0.2431,0.0663,0.7648,-4.46,-1.89,8.54,0.38,3.62,-2.06,9.82,0,1.70,-0.0586,0.0780,134,0.765,0.000,0.00,0.00,102.402,0
phase1 acc_mag=9.830 gravity=9.768 motion=0.061 moving_avg=0.063 rms=0.090 mean_rms=0.063 max_rms=0.090 min_rms=0.048 std=0.017 var=0.000 state=standing thr=0.097/0.350/0.850
-26.88,12.25,255.75,0.5941,-0.2447,0.0662,0.7634,-4.38,-1.91,8.59,-0.50,2.31,-2.88,9.83,0,1.70,-0.0590,0.0784,134,0.765,0.000,0.00,0.00,102.402,0
-26.75,11.88,255.75,0.5945,-0.2424,0.0680,0.7636,-4.32,-1.58,8.39,8.62,-5.25,2.38,9.57,0,1.70,-0.0579,0.0784,134,0.765,0.000,0.00,0.00,102.402,0
-26.50,11.50,255.69,0.5945,-0.2385,0.0687,0.7648,-4.18,-1.66,8.56,2.25,-3.88,0.56,9.67,0,1.70,-0.0566,0.0777,134,0.765,0.000,0.00,0.00,102.402,0
-26.38,11.56,255.81,0.5955,-0.2380,0.0679,0.7642,-4.32,-1.81,8.69,-0.94,-1.12,-3.94,9.87,0,1.70,-0.0566,0.0774,134,0.765,0.000,0.00,0.00,102.402,0
phase1 acc_mag=9.703 gravity=9.766 motion=0.063 moving_avg=0.072 rms=0.100 mean_rms=0.072 max_rms=0.101 min_rms=0.048 std=0.019 var=0.000 state=standing thr=0.110/0.350/0.850
-26.19,11.62,256.06,0.5975,-0.2372,0.0667,0.7631,-4.16,-1.79,8.58,1.38,-5.38,-3.31,9.70,0,1.70,-0.0565,0.0770,134,0.765,0.000,0.00,0.00,102.402,0
-25.88,11.38,256.12,0.5982,-0.2339,0.0667,0.7635,-4.34,-1.81,8.69,4.06,-3.94,0.88,9.88,0,1.70,-0.0555,0.0764,134,0.765,0.000,0.00,0.00,102.402,0
-25.56,11.19,256.31,0.5998,-0.2308,0.0663,0.7633,-4.01,-1.55,8.60,1.50,-3.00,-2.12,9.61,0,1.70,-0.0546,0.0756,134,0.765,0.000,0.00,0.00,102.402,0
-25.38,11.12,256.38,0.6008,-0.2291,0.0657,0.7631,-4.39,-1.84,8.70,-0.25,-3.56,-1.19,9.92,0,1.70,-0.0541,0.0751,134,0.765,0.000,0.00,0.00,102.402,0
phase1 acc_mag=9.694 gravity=9.769 motion=0.075 moving_avg=0.083 rms=0.110 mean_rms=0.083 max_rms=0.110 min_rms=0.048 std=0.020 var=0.000 state=standing thr=0.122/0.350/0.850
-25.19,11.19,256.50,0.6015,-0.2286,0.0646,0.7628,-4.17,-1.76,8.69,-0.12,-1.56,-1.00,9.80,0,1.70,-0.0542,0.0747,134,0.765,0.000,0.00,0.00,102.402,0
-25.12,11.19,256.50,0.6016,-0.2277,0.0643,0.7630,-4.12,-1.67,8.65,0.69,-0.38,0.19,9.73,0,1.70,-0.0540,0.0744,134,0.765,0.000,0.00,0.00,102.402,0
-25.06,11.25,256.62,0.6024,-0.2278,0.0640,0.7623,-4.13,-1.66,8.64,-0.06,-0.44,-3.69,9.72,0,1.70,-0.0541,0.0744,134,0.765,0.000,0.00,0.00,102.402,0
-25.06,11.19,256.62,0.6027,-0.2269,0.0643,0.7623,-4.21,-1.75,8.69,2.31,-1.12,1.44,9.81,0,1.70,-0.0537,0.0743,134,0.765,0.000,0.00,0.00,102.402,0
phase1 acc_mag=9.745 gravity=9.765 motion=0.020 moving_avg=0.073 rms=0.095 mean_rms=0.095 max_rms=0.110 min_rms=0.074 std=0.013 var=0.000 state=standing thr=0.121/0.350/0.850
-24.94,11.12,256.62,0.6026,-0.2263,0.0641,0.7626,-3.98,-1.74,8.84,-2.44,-3.12,0.44,9.85,0,1.70,-0.0536,0.0741,134,0.765,0.000,0.00,0.00,102.402,0
-24.94,11.19,256.56,0.6023,-0.2268,0.0634,0.7628,-4.09,-1.67,8.61,-1.56,0.88,-0.12,9.68,0,1.70,-0.0539,0.0740,134,0.765,0.000,0.00,0.00,102.402,0
-24.94,11.25,256.56,0.6023,-0.2269,0.0630,0.7628,-3.99,-1.72,8.72,-0.56,0.88,-0.88,9.74,0,1.70,-0.0540,0.0739,134,0.765,0.000,0.00,0.00,102.402,0
-25.06,11.44,256.69,0.6030,-0.2288,0.0629,0.7617,-3.93,-1.66,8.51,1.19,-0.38,-0.25,9.52,0,1.70,-0.0546,0.0743,134,0.765,0.000,0.00,0.00,102.402,0
phase1 acc_mag=9.695 gravity=9.754 motion=0.059 moving_avg=0.072 rms=0.095 mean_rms=0.099 max_rms=0.110 min_rms=0.084 std=0.009 var=0.000 state=standing thr=0.117/0.350/0.850
-25.19,11.38,256.81,0.6036,-0.2292,0.0640,0.7610,-4.46,-1.42,8.50,2.19,2.88,0.12,9.70,0,1.70,-0.0543,0.0748,134,0.765,0.000,0.00,0.00,102.402,0
-25.19,11.38,256.81,0.6034,-0.2294,0.0640,0.7610,-4.00,-1.58,8.61,1.12,0.69,1.19,9.62,0,1.70,-0.0544,0.0749,134,0.765,0.000,0.00,0.00,102.402,0
phase1 acc_mag=0.000 gravity=9.650 motion=9.650 moving_avg=0.166 rms=0.970 mean_rms=0.108 max_rms=0.970 min_rms=0.090 std=0.087 var=0.008 state=walking thr=0.282/0.482/0.982
0.00,0.00,0.00,0.0000,0.0000,0.0000,0.0000,0.00,0.00,0.00,0.00,0.00,0.00,0.00,2,0.20,0.0000,0.0000,134,0.765,0.000,0.00,0.00,102.402,0
0.00,0.00,0.00,0.0000,0.0000,0.0000,0.0000,0.00,0.00,0.00,0.00,0.00,0.00,0.00,2,0.20,0.0000,0.0000,134,0.765,0.000,0.00,0.00,102.402,0
0.00,0.00,0.00,0.0000,0.0000,0.0000,0.0000,0.00,0.00,0.00,0.00,0.00,0.00,0.00,2,0.20,0.0000,0.0000,134,0.765,0.000,0.00,0.00,102.402,0
0.00,0.00,0.00,0.0000,0.0000,0.0000,0.0000,0.00,0.00,0.00,0.00,0.00,0.00,0.00,2,0.20,0.0000,0.0000,134,0.765,0.000,0.00,0.00,102.402,0
phase1 acc_mag=0.000 gravity=7.795 motion=7.795 moving_avg=1.800 rms=3.910 mean_rms=0.643 max_rms=3.910 min_rms=0.093 std=1.146 var=1.314 state=running thr=2.936/3.136/3.636
0.00,0.00,0.00,0.0000,0.0000,0.0000,0.0000,0.00,0.00,0.00,0.00,0.00,0.00,0.00,2,0.20,0.0000,0.0000,134,0.765,0.000,0.00,0.00,102.402,0
0.00,0.00,0.00,0.0000,0.0000,0.0000,0.0000,0.00,0.00,0.00,0.00,0.00,0.00,0.00,2,0.20,0.0000,0.0000,134,0.765,0.000,0.00,0.00,102.402,0
0.00,0.00,0.00,0.0000,0.0000,0.0000,0.0000,0.00,0.00,0.00,0.00,0.00,0.00,0.00,2,0.20,0.0000,0.0000,134,0.765,0.000,0.00,0.00,102.402,0
0.00,0.00,0.00,0.0000,0.0000,0.0000,0.0000,0.00,0.00,0.00,0.00,0.00,0.00,0.00,2,0.20,0.0000,0.0000,134,0.765,0.000,0.00,0.00,102.402,0
phase1 acc_mag=0.000 gravity=5.842 motion=5.842 moving_avg=3.134 rms=4.952 mean_rms=1.528 max_rms=4.952 min_rms=0.093 std=1.872 var=3.506 state=standing thr=5.273/5.473/5.973
0.00,0.00,0.00,0.0000,0.0000,0.0000,0.0000,0.00,0.00,0.00,0.00,0.00,0.00,0.00,2,0.20,0.0000,0.0000,134,0.765,0.000,0.00,0.00,102.402,0
0.00,0.00,0.00,0.0000,0.0000,0.0000,0.0000,0.00,0.00,0.00,0.00,0.00,0.00,0.00,2,0.20,0.0000,0.0000,134,0.765,0.000,0.00,0.00,102.402,0
0.00,0.00,0.00,0.0000,0.0000,0.0000,0.0000,0.00,0.00,0.00,0.00,0.00,0.00,0.00,2,0.20,0.0000,0.0000,134,0.765,0.000,0.00,0.00,102.402,0
0.00,0.00,0.00,0.0000,0.0000,0.0000,0.0000,0.00,0.00,0.00,0.00,0.00,0.00,0.00,2,0.20,0.0000,0.0000,134,0.765,0.000,0.00,0.00,102.402,0
phase1 acc_mag=0.000 gravity=3.891 motion=3.891 moving_avg=4.088 rms=5.406 mean_rms=2.551 max_rms=5.406 min_rms=0.093 std=2.189 var=4.792 state=standing thr=6.929/7.129/7.629
0.00,0.00,0.00,0.0000,0.0000,0.0000,0.0000,0.00,0.00,0.00,0.00,0.00,0.00,0.00,2,0.20,0.0000,0.0000,134,0.765,0.000,0.00,0.00,102.402,0
0.00,0.00,0.00,0.0000,0.0000,0.0000,0.0000,0.00,0.00,0.00,0.00,0.00,0.00,0.00,2,0.20,0.0000,0.0000,134,0.765,0.000,0.00,0.00,102.402,0
0.00,0.00,0.00,0.0000,0.0000,0.0000,0.0000,0.00,0.00,0.00,0.00,0.00,0.00,0.00,2,0.20,0.0000,0.0000,134,0.765,0.000,0.00,0.00,102.402,0
0.00,0.00,0.00,0.0000,0.0000,0.0000,0.0000,0.00,0.00,0.00,0.00,0.00,0.00,0.00,2,0.20,0.0000,0.0000,134,0.765,0.000,0.00,0.00,102.402,0
phase1 acc_mag=0.000 gravity=1.943 motion=1.943 moving_avg=4.650 rms=5.562 mean_rms=3.632 max_rms=5.562 min_rms=0.093 std=2.042 var=4.169 state=standing thr=7.715/7.915/8.415
0.00,0.00,0.00,0.0000,0.0000,0.0000,0.0000,0.00,0.00,0.00,0.00,0.00,0.00,0.00,2,0.20,0.0000,0.0000,134,0.765,0.000,0.00,0.00,102.402,0
0.00,0.00,0.00,0.0000,0.0000,0.0000,0.0000,0.00,0.00,0.00,0.00,0.00,0.00,0.00,2,0.20,0.0000,0.0000,134,0.765,0.000,0.00,0.00,102.402,0
0.00,0.00,0.00,0.0000,0.0000,0.0000,0.0000,0.00,0.00,0.00,0.00,0.00,0.00,0.00,2,0.20,0.0000,0.0000,134,0.765,0.000,0.00,0.00,102.402,0
0.00,0.00,0.00,0.0000,0.0000,0.0000,0.0000,0.00,0.00,0.00,0.00,0.00,0.00,0.00,2,0.20,0.0000,0.0000,134,0.765,0.000,0.00,0.00,102.402,0
phase1 acc_mag=0.000 gravity=-0.000 motion=0.000 moving_avg=4.821 rms=5.582 mean_rms=4.728 max_rms=5.582 min_rms=0.970 std=1.105 var=1.221 state=standing thr=6.938/7.138/7.638
0.00,0.00,0.00,0.0000,0.0000,0.0000,0.0000,0.00,0.00,0.00,0.00,0.00,0.00,0.00,2,0.20,0.0000,0.0000,134,0.765,0.000,0.00,0.00,102.402,0
0.00,0.00,0.00,0.0000,0.0000,0.0000,0.0000,0.00,0.00,0.00,0.00,0.00,0.00,0.00,2,0.20,0.0000,0.0000,134,0.765,0.000,0.00,0.00,102.402,0
0.00,0.00,0.00,0.0000,0.0000,0.0000,0.0000,0.00,0.00,0.00,0.00,0.00,0.00,0.00,2,0.20,0.0000,0.0000,134,0.765,0.000,0.00,0.00,102.402,0
0.00,0.00,0.00,0.0000,0.0000,0.0000,0.0000,0.00,0.00,0.00,0.00,0.00,0.00,0.00,2,0.20,0.0000,0.0000,134,0.765,0.000,0.00,0.00,102.402,0
phase1 acc_mag=0.000 gravity=-0.000 motion=0.000 moving_avg=3.076 rms=3.985 mean_rms=5.112 max_rms=5.582 min_rms=3.985 std=0.487 var=0.238 state=standing thr=6.087/6.287/6.787
0.00,0.00,0.00,0.0000,0.0000,0.0000,0.0000,0.00,0.00,0.00,0.00,0.00,0.00,0.00,2,0.20,0.0000,0.0000,134,0.765,0.000,0.00,0.00,102.402,0
0.00,0.00,0.00,0.0000,0.0000,0.0000,0.0000,0.00,0.00,0.00,0.00,0.00,0.00,0.00,2,0.20,0.0000,0.0000,134,0.765,0.000,0.00,0.00,102.402,0
0.00,0.00,0.00,0.0000,0.0000,0.0000,0.0000,0.00,0.00,0.00,0.00,0.00,0.00,0.00,2,0.20,0.0000,0.0000,134,0.765,0.000,0.00,0.00,102.402,0
0.00,0.00,0.00,0.0000,0.0000,0.0000,0.0000,0.00,0.00,0.00,0.00,0.00,0.00,0.00,2,0.20,0.0000,0.0000,134,0.765,0.000,0.00,0.00,102.402,0
phase1 acc_mag=0.000 gravity=-0.000 motion=0.000 moving_avg=1.722 rms=2.578 mean_rms=4.853 max_rms=5.582 min_rms=2.578 std=0.909 var=0.826 state=standing thr=6.671/6.871/7.371
0.00,0.00,0.00,0.0000,0.0000,0.0000,0.0000,0.00,0.00,0.00,0.00,0.00,0.00,0.00,2,0.20,0.0000,0.0000,134,0.765,0.000,0.00,0.00,102.402,0
0.00,0.00,0.00,0.0000,0.0000,0.0000,0.0000,0.00,0.00,0.00,0.00,0.00,0.00,0.00,2,0.20,0.0000,0.0000,134,0.765,0.000,0.00,0.00,102.402,0
0.00,0.00,0.00,0.0000,0.0000,0.0000,0.0000,0.00,0.00,0.00,0.00,0.00,0.00,0.00,2,0.20,0.0000,0.0000,134,0.765,0.000,0.00,0.00,102.402,0
0.00,0.00,0.00,0.0000,0.0000,0.0000,0.0000,0.00,0.00,0.00,0.00,0.00,0.00,0.00,2,0.20,0.0000,0.0000,134,0.765,0.000,0.00,0.00,102.402,0
phase1 acc_mag=0.000 gravity=-0.000 motion=0.000 moving_avg=0.758 rms=1.394 mean_rms=4.195 max_rms=5.582 min_rms=1.394 std=1.445 var=2.088 state=standing thr=7.086/7.286/7.786
0.00,0.00,0.00,0.0000,0.0000,0.0000,0.0000,0.00,0.00,0.00,0.00,0.00,0.00,0.00,2,0.20,0.0000,0.0000,134,0.765,0.000,0.00,0.00,102.402,0
0.00,0.00,0.00,0.0000,0.0000,0.0000,0.0000,0.00,0.00,0.00,0.00,0.00,0.00,0.00,2,0.20,0.0000,0.0000,134,0.765,0.000,0.00,0.00,102.402,0
0.00,0.00,0.00,0.0000,0.0000,0.0000,0.0000,0.00,0.00,0.00,0.00,0.00,0.00,0.00,2,0.20,0.0000,0.0000,134,0.765,0.000,0.00,0.00,102.402,0
0.00,0.00,0.00,0.0000,0.0000,0.0000,0.0000,0.00,0.00,0.00,0.00,0.00,0.00,0.00,2,0.20,0.0000,0.0000,134,0.765,0.000,0.00,0.00,102.402,0
phase1 acc_mag=0.000 gravity=-0.000 motion=0.000 moving_avg=0.184 rms=0.483 mean_rms=3.272 max_rms=5.582 min_rms=0.483 std=1.759 var=3.092 state=standing thr=6.789/6.989/7.489
0.00,0.00,0.00,0.0000,0.0000,0.0000,0.0000,0.00,0.00,0.00,0.00,0.00,0.00,0.00,2,0.20,0.0000,0.0000,134,0.765,0.000,0.00,0.00,102.402,0
0.00,0.00,0.00,0.0000,0.0000,0.0000,0.0000,0.00,0.00,0.00,0.00,0.00,0.00,0.00,2,0.20,0.0000,0.0000,134,0.765,0.000,0.00,0.00,102.402,0
0.00,0.00,0.00,0.0000,0.0000,0.0000,0.0000,0.00,0.00,0.00,0.00,0.00,0.00,0.00,2,0.20,0.0000,0.0000,134,0.765,0.000,0.00,0.00,102.402,0
0.00,0.00,0.00,0.0000,0.0000,0.0000,0.0000,0.00,0.00,0.00,0.00,0.00,0.00,0.00,2,0.20,0.0000,0.0000,134,0.765,0.000,0.00,0.00,102.402,0
phase1 acc_mag=0.000 gravity=-0.000 motion=0.000 moving_avg=-0.000 rms=nan mean_rms=nan max_rms=5.498 min_rms=0.007 std=nan var=nan state=standing thr=0.080/0.350/0.850
0.00,0.00,0.00,0.0000,0.0000,0.0000,0.0000,0.00,0.00,0.00,0.00,0.00,0.00,0.00,2,0.20,0.0000,0.0000,134,0.765,0.000,0.00,0.00,102.402,0
0.00,0.00,0.00,0.0000,0.0000,0.0000,0.0000,0.00,0.00,0.00,0.00,0.00,0.00,0.00,2,0.20,0.0000,0.0000,134,0.765,0.000,0.00,0.00,102.402,0
0.00,0.00,0.00,0.0000,0.0000,0.0000,0.0000,0.00,0.00,0.00,0.00,0.00,0.00,0.00,2,0.20,0.0000,0.0000,134,0.765,0.000,0.00,0.00,102.402,0
0.00,0.00,0.00,0.0000,0.0000,0.0000,0.0000,0.00,0.00,0.00,0.00,0.00,0.00,0.00,2,0.20,0.0000,0.0000,134,0.765,0.000,0.00,0.00,102.402,0
phase1 acc_mag=0.000 gravity=-0.000 motion=0.000 moving_avg=-0.000 rms=nan mean_rms=nan max_rms=3.910 min_rms=0.007 std=nan var=nan state=standing thr=0.080/0.350/0.850
0.00,0.00,0.00,0.0000,0.0000,0.0000,0.0000,0.00,0.00,0.00,0.00,0.00,0.00,0.00,2,0.20,0.0000,0.0000,134,0.765,0.000,0.00,0.00,102.402,0
0.00,0.00,0.00,0.0000,0.0000,0.0000,0.0000,0.00,0.00,0.00,0.00,0.00,0.00,0.00,2,0.20,0.0000,0.0000,134,0.765,0.000,0.00,0.00,102.402,0
0.00,0.00,0.00,0.0000,0.0000,0.0000,0.0000,0.00,0.00,0.00,0.00,0.00,0.00,0.00,2,0.20,0.0000,0.0000,134,0.765,0.000,0.00,0.00,102.402,0
0.00,0.00,0.00,0.0000,0.0000,0.0000,0.0000,0.00,0.00,0.00,0.00,0.00,0.00,0.00,2,0.20,0.0000,0.0000,134,0.765,0.000,0.00,0.00,102.402,0
phase1 acc_mag=0.000 gravity=-0.000 motion=0.000 moving_avg=-0.000 rms=nan mean_rms=nan max_rms=2.513 min_rms=0.007 std=nan var=nan state=standing thr=0.080/0.350/0.850
0.00,0.00,0.00,0.0000,0.0000,0.0000,0.0000,0.00,0.00,0.00,0.00,0.00,0.00,0.00,2,0.20,0.0000,0.0000,134,0.765,0.000,0.00,0.00,102.402,0
0.00,0.00,0.00,0.0000,0.0000,0.0000,0.0000,0.00,0.00,0.00,0.00,0.00,0.00,0.00,2,0.20,0.0000,0.0000,134,0.765,0.000,0.00,0.00,102.402,0
0.00,0.00,0.00,0.0000,0.0000,0.0000,0.0000,0.00,0.00,0.00,0.00,0.00,0.00,0.00,2,0.20,0.0000,0.0000,134,0.765,0.000,0.00,0.00,102.402,0
0.00,0.00,0.00,0.0000,0.0000,0.0000,0.0000,0.00,0.00,0.00,0.00,0.00,0.00,0.00,2,0.20,0.0000,0.0000,134,0.765,0.000,0.00,0.00,102.402,0
phase1 acc_mag=0.000 gravity=-0.000 motion=0.000 moving_avg=-0.000 rms=nan mean_rms=nan max_rms=1.341 min_rms=0.007 std=nan var=nan state=standing thr=0.080/0.350/0.850
0.00,0.00,0.00,0.0000,0.0000,0.0000,0.0000,0.00,0.00,0.00,0.00,0.00,0.00,0.00,2,0.20,0.0000,0.0000,134,0.765,0.000,0.00,0.00,102.402,0
0.00,0.00,0.00,0.0000,0.0000,0.0000,0.0000,0.00,0.00,0.00,0.00,0.00,0.00,0.00,2,0.20,0.0000,0.0000,134,0.765,0.000,0.00,0.00,102.402,0
0.00,0.00,0.00,0.0000,0.0000,0.0000,0.0000,0.00,0.00,0.00,0.00,0.00,0.00,0.00,2,0.20,0.0000,0.0000,134,0.765,0.000,0.00,0.00,102.402,0
0.00,0.00,0.00,0.0000,0.0000,0.0000,0.0000,0.00,0.00,0.00,0.00,0.00,0.00,0.00,2,0.20,0.0000,0.0000,134,0.765,0.000,0.00,0.00,102.402,0
phase1 acc_mag=0.000 gravity=-0.000 motion=0.000 moving_avg=-0.000 rms=nan mean_rms=nan max_rms=0.446 min_rms=0.007 std=nan var=nan state=standing thr=0.080/0.350/0.850
0.00,0.00,0.00,0.0000,0.0000,0.0000,0.0000,0.00,0.00,0.00,0.00,0.00,0.00,0.00,2,0.20,0.0000,0.0000,134,0.765,0.000,0.00,0.00,102.402,0
0.00,0.00,0.00,0.0000,0.0000,0.0000,0.0000,0.00,0.00,0.00,0.00,0.00,0.00,0.00,2,0.20,0.0000,0.0000,134,0.765,0.000,0.00,0.00,102.402,0
0.00,0.00,0.00,0.0000,0.0000,0.0000,0.0000,0.00,0.00,0.00,0.00,0.00,0.00,0.00,2,0.20,0.0000,0.0000,134,0.765,0.000,0.00,0.00,102.402,0
0.00,0.00,0.00,0.0000,0.0000,0.0000,0.0000,0.00,0.00,0.00,0.00,0.00,0.00,0.00,2,0.20,0.0000,0.0000,134,0.765,0.000,0.00,0.00,102.402,0
phase1 acc_mag=0.000 gravity=-0.000 motion=0.000 moving_avg=-0.000 rms=nan mean_rms=nan max_rms=-1000000.000 min_rms=1000000.000 std=nan var=nan state=standing thr=0.080/0.350/0.850
0.00,0.00,0.00,0.0000,0.0000,0.0000,0.0000,0.00,0.00,0.00,0.00,0.00,0.00,0.00,2,0.20,0.0000,0.0000,134,0.765,0.000,0.00,0.00,102.402,0
0.00,0.00,0.00,0.0000,0.0000,0.0000,0.0000,0.00,0.00,0.00,0.00,0.00,0.00,0.00,2,0.20,0.0000,0.0000,134,0.765,0.000,0.00,0.00,102.402,0
0.00,0.00,0.00,0.0000,0.0000,0.0000,0.0000,0.00,0.00,0.00,0.00,0.00,0.00,0.00,2,0.20,0.0000,0.0000,134,0.765,0.000,0.00,0.00,102.402,0
0.00,0.00,0.00,0.0000,0.0000,0.0000,0.0000,0.00,0.00,0.00,0.00,0.00,0.00,0.00,2,0.20,0.0000,0.0000,134,0.765,0.000,0.00,0.00,102.402,0
phase1 acc_mag=0.000 gravity=-0.000 motion=0.000 moving_avg=-0.000 rms=nan mean_rms=nan max_rms=-1000000.000 min_rms=1000000.000 std=nan var=nan state=standing thr=0.080/0.350/0.850
0.00,0.00,0.00,0.0000,0.0000,0.0000,0.0000,0.00,0.00,0.00,0.00,0.00,0.00,0.00,2,0.20,0.0000,0.0000,134,0.765,0.000,0.00,0.00,102.402,0
0.00,0.00,0.00,0.0000,0.0000,0.0000,0.0000,0.00,0.00,0.00,0.00,0.00,0.00,0.00,2,0.20,0.0000,0.0000,134,0.765,0.000,0.00,0.00,102.402,0
0.00,0.00,0.00,0.0000,0.0000,0.0000,0.0000,0.00,0.00,0.00,0.00,0.00,0.00,0.00,2,0.20,0.0000,0.0000,134,0.765,0.000,0.00,0.00,102.402,0
0.00,0.00,0.00,0.0000,0.0000,0.0000,0.0000,0.00,0.00,0.00,0.00,0.00,0.00,0.00,2,0.20,0.0000,0.0000,134,0.765,0.000,0.00,0.00,102.402,0
phase1 acc_mag=0.000 gravity=-0.000 motion=0.000 moving_avg=-0.000 rms=nan mean_rms=nan max_rms=-1000000.000 min_rms=1000000.000 std=nan var=nan state=standing thr=0.080/0.350/0.850
0.00,0.00,0.00,0.0000,0.0000,0.0000,0.0000,0.00,0.00,0.00,0.00,0.00,0.00,0.00,2,0.20,0.0000,0.0000,134,0.765,0.000,0.00,0.00,102.402,0
0.00,0.00,0.00,0.0000,0.0000,0.0000,0.0000,0.00,0.00,0.00,0.00,0.00,0.00,0.00,2,0.20,0.0000,0.0000,134,0.765,0.000,0.00,0.00,102.402,0
0.00,0.00,0.00,0.0000,0.0000,0.0000,0.0000,0.00,0.00,0.00,0.00,0.00,0.00,0.00,2,0.20,0.0000,0.0000,134,0.765,0.000,0.00,0.00,102.402,0
0.00,0.00,0.00,0.0000,0.0000,0.0000,0.0000,0.00,0.00,0.00,0.00,0.00,0.00,0.00,2,0.20,0.0000,0.0000,134,0.765,0.000,0.00,0.00,102.402,0
phase1 acc_mag=0.000 gravity=-0.000 motion=0.000 moving_avg=-0.000 rms=nan mean_rms=nan max_rms=-1000000.000 min_rms=1000000.000 std=nan var=nan state=standing thr=0.080/0.350/0.850
0.00,0.00,0.00,0.0000,0.0000,0.0000,0.0000,0.00,0.00,0.00,0.00,0.00,0.00,0.00,2,0.20,0.0000,0.0000,134,0.765,0.000,0.00,0.00,102.402,0
0.00,0.00,0.00,0.0000,0.0000,0.0000,0.0000,0.00,0.00,0.00,0.00,0.00,0.00,0.00,2,0.20,0.0000,0.0000,134,0.765,0.000,0.00,0.00,102.402,0
0.00,0.00,0.00,0.0000,0.0000,0.0000,0.0000,0.00,0.00,0.00,0.00,0.00,0.00,0.00,2,0.20,0.0000,0.0000,134,0.765,0.000,0.00,0.00,102.402,0
0.00,0.00,0.00,0.0000,0.0000,0.0000,0.0000,0.00,0.00,0.00,0.00,0.00,0.00,0.00,2,0.20,0.0000,0.0000,134,0.765,0.000,0.00,0.00,102.402,0
phase1 acc_mag=0.000 gravity=-0.000 motion=0.000 moving_avg=-0.000 rms=nan mean_rms=nan max_rms=-1000000.000 min_rms=1000000.000 std=nan var=nan state=standing thr=0.080/0.350/0.850
0.00,0.00,0.00,0.0000,0.0000,0.0000,0.0000,0.00,0.00,0.00,0.00,0.00,0.00,0.00,2,0.20,0.0000,0.0000,134,0.765,0.000,0.00,0.00,102.402,0
0.00,0.00,0.00,0.0000,0.0000,0.0000,0.0000,0.00,0.00,0.00,0.00,0.00,0.00,0.00,2,0.20,0.0000,0.0000,134,0.765,0.000,0.00,0.00,102.402,0
0.00,0.00,0.00,0.0000,0.0000,0.0000,0.0000,0.00,0.00,0.00,0.00,0.00,0.00,0.00,2,0.20,0.0000,0.0000,134,0.765,0.000,0.00,0.00,102.402,0
0.00,0.00,0.00,0.0000,0.0000,0.0000,0.0000,0.00,0.00,0.00,0.00,0.00,0.00,0.00,2,0.20,0.0000,0.0000,134,0.765,0.000,0.00,0.00,102.402,0
phase1 acc_mag=0.000 gravity=-0.000 motion=0.000 moving_avg=-0.000 rms=nan mean_rms=nan max_rms=-1000000.000 min_rms=1000000.000 std=nan var=nan state=standing thr=0.080/0.350/0.850
0.00,0.00,0.00,0.0000,0.0000,0.0000,0.0000,0.00,0.00,0.00,0.00,0.00,0.00,0.00,2,0.20,0.0000,0.0000,134,0.765,0.000,0.00,0.00,102.402,0
0.00,0.00,0.00,0.0000,0.0000,0.0000,0.0000,0.00,0.00,0.00,0.00,0.00,0.00,0.00,2,0.20,0.0000,0.0000,134,0.765,0.000,0.00,0.00,102.402,0
0.00,0.00,0.00,0.0000,0.0000,0.0000,0.0000,0.00,0.00,0.00,0.00,0.00,0.00,0.00,2,0.20,0.0000,0.0000,134,0.765,0.000,0.00,0.00,102.402,0
0.00,0.00,0.00,0.0000,0.0000,0.0000,0.0000,0.00,0.00,0.00,0.00,0.00,0.00,0.00,2,0.20,0.0000,0.0000,134,0.765,0.000,0.00,0.00,102.402,0
phase1 acc_mag=0.000 gravity=-0.000 motion=0.000 moving_avg=-0.000 rms=nan mean_rms=nan max_rms=-1000000.000 min_rms=1000000.000 std=nan var=nan state=standing thr=0.080/0.350/0.850
0.00,0.00,0.00,0.0000,0.0000,0.0000,0.0000,0.00,0.00,0.00,0.00,0.00,0.00,0.00,2,0.20,0.0000,0.0000,134,0.765,0.000,0.00,0.00,102.402,0
0.00,0.00,0.00,0.0000,0.0000,0.0000,0.0000,0.00,0.00,0.00,0.00,0.00,0.00,0.00,2,0.20,0.0000,0.0000,134,0.765,0.000,0.00,0.00,102.402,0
0.00,0.00,0.00,0.0000,0.0000,0.0000,0.0000,0.00,0.00,0.00,0.00,0.00,0.00,0.00,2,0.20,0.0000,0.0000,134,0.765,0.000,0.00,0.00,102.402,0
0.00,0.00,0.00,0.0000,0.0000,0.0000,0.0000,0.00,0.00,0.00,0.00,0.00,0.00,0.00,2,0.20,0.0000,0.0000,134,0.765,0.000,0.00,0.00,102.402,0
phase1 acc_mag=0.000 gravity=-0.000 motion=0.000 moving_avg=-0.000 rms=nan mean_rms=nan max_rms=-1000000.000 min_rms=1000000.000 std=nan var=nan state=standing thr=0.080/0.350/0.850
0.00,0.00,0.00,0.0000,0.0000,0.0000,0.0000,0.00,0.00,0.00,0.00,0.00,0.00,0.00,2,0.20,0.0000,0.0000,134,0.765,0.000,0.00,0.00,102.402,0
0.00,0.00,0.00,0.0000,0.0000,0.0000,0.0000,0.00,0.00,0.00,0.00,0.00,0.00,0.00,2,0.20,0.0000,0.0000,134,0.765,0.000,0.00,0.00,102.402,0
0.00,0.00,0.00,0.0000,0.0000,0.0000,0.0000,0.00,0.00,0.00,0.00,0.00,0.00,0.00,2,0.20,0.0000,0.0000,134,0.765,0.000,0.00,0.00,102.402,0
0.00,0.00,0.00,0.0000,0.0000,0.0000,0.0000,0.00,0.00,0.00,0.00,0.00,0.00,0.00,2,0.20,0.0000,0.0000,134,0.765,0.000,0.00,0.00,102.402,0
phase1 acc_mag=0.000 gravity=-0.000 motion=0.000 moving_avg=-0.000 rms=nan mean_rms=nan max_rms=-1000000.000 min_rms=1000000.000 std=nan var=nan state=standing thr=0.080/0.350/0.850
0.00,0.00,0.00,0.0000,0.0000,0.0000,0.0000,0.00,0.00,0.00,0.00,0.00,0.00,0.00,2,0.20,0.0000,0.0000,134,0.765,0.000,0.00,0.00,102.402,0
0.00,0.00,0.00,0.0000,0.0000,0.0000,0.0000,0.00,0.00,0.00,0.00,0.00,0.00,0.00,2,0.20,0.0000,0.0000,134,0.765,0.000,0.00,0.00,102.402,0
0.00,0.00,0.00,0.0000,0.0000,0.0000,0.0000,0.00,0.00,0.00,0.00,0.00,0.00,0.00,2,0.20,0.0000,0.0000,134,0.765,0.000,0.00,0.00,102.402,0
0.00,0.00,0.00,0.0000,0.0000,0.0000,0.0000,0.00,0.00,0.00,0.00,0.00,0.00,0.00,2,0.20,0.0000,0.0000,134,0.765,0.000,0.00,0.00,102.402,0
phase1 acc_mag=0.000 gravity=-0.000 motion=0.000 moving_avg=-0.000 rms=nan mean_rms=nan max_rms=-1000000.000 min_rms=1000000.000 std=nan var=nan state=standing thr=0.080/0.350/0.850
0.00,0.00,0.00,0.0000,0.0000,0.0000,0.0000,0.00,0.00,0.00,0.00,0.00,0.00,0.00,2,0.20,0.0000,0.0000,134,0.765,0.000,0.00,0.00,102.402,0
0.00,0.00,0.00,0.0000,0.0000,0.0000,0.0000,0.00,0.00,0.00,0.00,0.00,0.00,0.00,2,0.20,0.0000,0.0000,134,0.765,0.000,0.00,0.00,102.402,0
0.00,0.00,0.00,0.0000,0.0000,0.0000,0.0000,0.00,0.00,0.00,0.00,0.00,0.00,0.00,2,0.20,0.0000,0.0000,134,0.765,0.000,0.00,0.00,102.402,0
0.00,0.00,0.00,0.0000,0.0000,0.0000,0.0000,0.00,0.00,0.00,0.00,0.00,0.00,0.00,2,0.20,0.0000,0.0000,134,0.765,0.000,0.00,0.00,102.402,0
phase1 acc_mag=0.000 gravity=-0.000 motion=0.000 moving_avg=-0.000 rms=nan mean_rms=nan max_rms=-1000000.000 min_rms=1000000.000 std=nan var=nan state=standing thr=0.080/0.350/0.850
0.00,0.00,0.00,0.0000,0.0000,0.0000,0.0000,0.00,0.00,0.00,0.00,0.00,0.00,0.00,2,0.20,0.0000,0.0000,134,0.765,0.000,0.00,0.00,102.402,0
0.00,0.00,0.00,0.0000,0.0000,0.0000,0.0000,0.00,0.00,0.00,0.00,0.00,0.00,0.00,2,0.20,0.0000,0.0000,134,0.765,0.000,0.00,0.00,102.402,0
0.00,0.00,0.00,0.0000,0.0000,0.0000,0.0000,0.00,0.00,0.00,0.00,0.00,0.00,0.00,2,0.20,0.0000,0.0000,134,0.765,0.000,0.00,0.00,102.402,0
0.00,0.00,0.00,0.0000,0.0000,0.0000,0.0000,0.00,0.00,0.00,0.00,0.00,0.00,0.00,2,0.20,0.0000,0.0000,134,0.765,0.000,0.00,0.00,102.402,0
phase1 acc_mag=0.000 gravity=-0.000 motion=0.000 moving_avg=-0.000 rms=nan mean_rms=nan max_rms=-1000000.000 min_rms=1000000.000 std=nan var=nan state=standing thr=0.080/0.350/0.850
0.00,0.00,0.00,0.0000,0.0000,0.0000,0.0000,0.00,0.00,0.00,0.00,0.00,0.00,0.00,2,0.20,0.0000,0.0000,134,0.765,0.000,0.00,0.00,102.402,0
0.00,0.00,0.00,0.0000,0.0000,0.0000,0.0000,0.00,0.00,0.00,0.00,0.00,0.00,0.00,2,0.20,0.0000,0.0000,134,0.765,0.000,0.00,0.00,102.402,0
0.00,0.00,0.00,0.0000,0.0000,0.0000,0.0000,0.00,0.00,0.00,0.00,0.00,0.00,0.00,2,0.20,0.0000,0.0000,134,0.765,0.000,0.00,0.00,102.402,0
0.00,0.00,0.00,0.0000,0.0000,0.0000,0.0000,0.00,0.00,0.00,0.00,0.00,0.00,0.00,2,0.20,0.0000,0.0000,134,0.765,0.000,0.00,0.00,102.402,0
phase1 acc_mag=0.000 gravity=-0.000 motion=0.000 moving_avg=-0.000 rms=nan mean_rms=nan max_rms=-1000000.000 min_rms=1000000.000 std=nan var=nan state=standing thr=0.080/0.350/0.850
0.00,0.00,0.00,0.0000,0.0000,0.0000,0.0000,0.00,0.00,0.00,0.00,0.00,0.00,0.00,2,0.20,0.0000,0.0000,134,0.765,0.000,0.00,0.00,102.402,0
0.00,0.00,0.00,0.0000,0.0000,0.0000,0.0000,0.00,0.00,0.00,0.00,0.00,0.00,0.00,2,0.20,0.0000,0.0000,134,0.765,0.000,0.00,0.00,102.402,0
0.00,0.00,0.00,0.0000,0.0000,0.0000,0.0000,0.00,0.00,0.00,0.00,0.00,0.00,0.00,2,0.20,0.0000,0.0000,134,0.765,0.000,0.00,0.00,102.402,0
0.00,0.00,0.00,0.0000,0.0000,0.0000,0.0000,0.00,0.00,0.00,0.00,0.00,0.00,0.00,2,0.20,0.0000,0.0000,134,0.765,0.000,0.00,0.00,102.402,0
phase1 acc_mag=0.000 gravity=-0.000 motion=0.000 moving_avg=-0.000 rms=nan mean_rms=nan max_rms=-1000000.000 min_rms=1000000.000 std=nan var=nan state=standing thr=0.080/0.350/0.850
0.00,0.00,0.00,0.0000,0.0000,0.0000,0.0000,0.00,0.00,0.00,0.00,0.00,0.00,0.00,2,0.20,0.0000,0.0000,134,0.765,0.000,0.00,0.00,102.402,0
0.00,0.00,0.00,0.0000,0.0000,0.0000,0.0000,0.00,0.00,0.00,0.00,0.00,0.00,0.00,2,0.20,0.0000,0.0000,134,0.765,0.000,0.00,0.00,102.402,0
0.00,0.00,0.00,0.0000,0.0000,0.0000,0.0000,0.00,0.00,0.00,0.00,0.00,0.00,0.00,2,0.20,0.0000,0.0000,134,0.765,0.000,0.00,0.00,102.402,0
0.00,0.00,0.00,0.0000,0.0000,0.0000,0.0000,0.00,0.00,0.00,0.00,0.00,0.00,0.00,2,0.20,0.0000,0.0000,134,0.765,0.000,0.00,0.00,102.402,0
phase1 acc_mag=0.000 gravity=-0.000 motion=0.000 moving_avg=-0.000 rms=nan mean_rms=nan max_rms=-1000000.000 min_rms=1000000.000 std=nan var=nan state=standing thr=0.080/0.350/0.850
0.00,0.00,0.00,0.0000,0.0000,0.0000,0.0000,0.00,0.00,0.00,0.00,0.00,0.00,0.00,2,0.20,0.0000,0.0000,134,0.765,0.000,0.00,0.00,102.402,0
0.00,0.00,0.00,0.0000,0.0000,0.0000,0.0000,0.00,0.00,0.00,0.00,0.00,0.00,0.00,2,0.20,0.0000,0.0000,134,0.765,0.000,0.00,0.00,102.402,0
0.00,0.00,0.00,0.0000,0.0000,0.0000,0.0000,0.00,0.00,0.00,0.00,0.00,0.00,0.00,2,0.20,0.0000,0.0000,134,0.765,0.000,0.00,0.00,102.402,0
0.00,0.00,0.00,0.0000,0.0000,0.0000,0.0000,0.00,0.00,0.00,0.00,0.00,0.00,0.00,2,0.20,0.0000,0.0000,134,0.765,0.000,0.00,0.00,102.402,0
phase1 acc_mag=0.000 gravity=-0.000 motion=0.000 moving_avg=-0.000 rms=nan mean_rms=nan max_rms=-1000000.000 min_rms=1000000.000 std=nan var=nan state=standing thr=0.080/0.350/0.850
0.00,0.00,0.00,0.0000,0.0000,0.0000,0.0000,0.00,0.00,0.00,0.00,0.00,0.00,0.00,2,0.20,0.0000,0.0000,134,0.765,0.000,0.00,0.00,102.402,0
0.00,0.00,0.00,0.0000,0.0000,0.0000,0.0000,0.00,0.00,0.00,0.00,0.00,0.00,0.00,2,0.20,0.0000,0.0000,134,0.765,0.000,0.00,0.00,102.402,0
0.00,0.00,0.00,0.0000,0.0000,0.0000,0.0000,0.00,0.00,0.00,0.00,0.00,0.00,0.00,2,0.20,0.0000,0.0000,134,0.765,0.000,0.00,0.00,102.402,0
0.00,0.00,0.00,0.0000,0.0000,0.0000,0.0000,0.00,0.00,0.00,0.00,0.00,0.00,0.00,2,0.20,0.0000,0.0000,134,0.765,0.000,0.00,0.00,102.402,0
phase1 acc_mag=0.000 gravity=-0.000 motion=0.000 moving_avg=-0.000 rms=nan mean_rms=nan max_rms=-1000000.000 min_rms=1000000.000 std=nan var=nan state=standing thr=0.080/0.350/0.850
0.00,0.00,0.00,0.0000,0.0000,0.0000,0.0000,0.00,0.00,0.00,0.00,0.00,0.00,0.00,2,0.20,0.0000,0.0000,134,0.765,0.000,0.00,0.00,102.402,0
0.00,0.00,0.00,0.0000,0.0000,0.0000,0.0000,0.00,0.00,0.00,0.00,0.00,0.00,0.00,2,0.20,0.0000,0.0000,134,0.765,0.000,0.00,0.00,102.402,0
0.00,0.00,0.00,0.0000,0.0000,0.0000,0.0000,0.00,0.00,0.00,0.00,0.00,0.00,0.00,2,0.20,0.0000,0.0000,134,0.765,0.000,0.00,0.00,102.402,0
0.00,0.00,0.00,0.0000,0.0000,0.0000,0.0000,0.00,0.00,0.00,0.00,0.00,0.00,0.00,2,0.20,0.0000,0.0000,134,0.765,0.000,0.00,0.00,102.402,0
phase1 acc_mag=0.000 gravity=-0.000 motion=0.000 moving_avg=-0.000 rms=nan mean_rms=nan max_rms=-1000000.000 min_rms=1000000.000 std=nan var=nan state=standing thr=0.080/0.350/0.850
0.00,0.00,0.00,0.0000,0.0000,0.0000,0.0000,0.00,0.00,0.00,0.00,0.00,0.00,0.00,2,0.20,0.0000,0.0000,134,0.765,0.000,0.00,0.00,102.402,0
0.00,0.00,0.00,0.0000,0.0000,0.0000,0.0000,0.00,0.00,0.00,0.00,0.00,0.00,0.00,2,0.20,0.0000,0.0000,134,0.765,0.000,0.00,0.00,102.402,0
0.00,0.00,0.00,0.0000,0.0000,0.0000,0.0000,0.00,0.00,0.00,0.00,0.00,0.00,0.00,2,0.20,0.0000,0.0000,134,0.765,0.000,0.00,0.00,102.402,0
0.00,0.00,0.00,0.0000,0.0000,0.0000,0.0000,0.00,0.00,0.00,0.00,0.00,0.00,0.00,2,0.20,0.0000,0.0000,134,0.765,0.000,0.00,0.00,102.402,0
phase1 acc_mag=0.000 gravity=-0.000 motion=0.000 moving_avg=-0.000 rms=nan mean_rms=nan max_rms=-1000000.000 min_rms=1000000.000 std=nan var=nan state=standing thr=0.080/0.350/0.850
0.00,0.00,0.00,0.0000,0.0000,0.0000,0.0000,0.00,0.00,0.00,0.00,0.00,0.00,0.00,2,0.20,0.0000,0.0000,134,0.765,0.000,0.00,0.00,102.402,0
0.00,0.00,0.00,0.0000,0.0000,0.0000,0.0000,0.00,0.00,0.00,0.00,0.00,0.00,0.00,2,0.20,0.0000,0.0000,134,0.765,0.000,0.00,0.00,102.402,0
0.00,0.00,0.00,0.0000,0.0000,0.0000,0.0000,0.00,0.00,0.00,0.00,0.00,0.00,0.00,2,0.20,0.0000,0.0000,134,0.765,0.000,0.00,0.00,102.402,0
0.00,0.00,0.00,0.0000,0.0000,0.0000,0.0000,0.00,0.00,0.00,0.00,0.00,0.00,0.00,2,0.20,0.0000,0.0000,134,0.765,0.000,0.00,0.00,102.402,0
phase1 acc_mag=0.000 gravity=-0.000 motion=0.000 moving_avg=-0.000 rms=nan mean_rms=nan max_rms=-1000000.000 min_rms=1000000.000 std=nan var=nan state=standing thr=0.080/0.350/0.850
0.00,0.00,0.00,0.0000,0.0000,0.0000,0.0000,0.00,0.00,0.00,0.00,0.00,0.00,0.00,2,0.20,0.0000,0.0000,134,0.765,0.000,0.00,0.00,102.402,0
0.00,0.00,0.00,0.0000,0.0000,0.0000,0.0000,0.00,0.00,0.00,0.00,0.00,0.00,0.00,2,0.20,0.0000,0.0000,134,0.765,0.000,0.00,0.00,102.402,0
0.00,0.00,0.00,0.0000,0.0000,0.0000,0.0000,0.00,0.00,0.00,0.00,0.00,0.00,0.00,2,0.20,0.0000,0.0000,134,0.765,0.000,0.00,0.00,102.402,0
0.00,0.00,0.00,0.0000,0.0000,0.0000,0.0000,0.00,0.00,0.00,0.00,0.00,0.00,0.00,2,0.20,0.0000,0.0000,134,0.765,0.000,0.00,0.00,102.402,0
phase1 acc_mag=0.000 gravity=-0.000 motion=0.000 moving_avg=-0.000 rms=nan mean_rms=nan max_rms=-1000000.000 min_rms=1000000.000 std=nan var=nan state=standing thr=0.080/0.350/0.850
0.00,0.00,0.00,0.0000,0.0000,0.0000,0.0000,0.00,0.00,0.00,0.00,0.00,0.00,0.00,2,0.20,0.0000,0.0000,134,0.765,0.000,0.00,0.00,102.402,0
0.00,0.00,0.00,0.0000,0.0000,0.0000,0.0000,0.00,0.00,0.00,0.00,0.00,0.00,0.00,2,0.20,0.0000,0.0000,134,0.765,0.000,0.00,0.00,102.402,0
0.00,0.00,0.00,0.0000,0.0000,0.0000,0.0000,0.00,0.00,0.00,0.00,0.00,0.00,0.00,2,0.20,0.0000,0.0000,134,0.765,0.000,0.00,0.00,102.402,0
0.00,0.00,0.00,0.0000,0.0000,0.0000,0.0000,0.00,0.00,0.00,0.00,0.00,0.00,0.00,2,0.20,0.0000,0.0000,134,0.765,0.000,0.00,0.00,102.402,0
phase1 acc_mag=0.000 gravity=-0.000 motion=0.000 moving_avg=-0.000 rms=nan mean_rms=nan max_rms=-1000000.000 min_rms=1000000.000 std=nan var=nan state=standing thr=0.080/0.350/0.850
0.00,0.00,0.00,0.0000,0.0000,0.0000,0.0000,0.00,0.00,0.00,0.00,0.00,0.00,0.00,2,0.20,0.0000,0.0000,134,0.765,0.000,0.00,0.00,102.402,0
0.00,0.00,0.00,0.0000,0.0000,0.0000,0.0000,0.00,0.00,0.00,0.00,0.00,0.00,0.00,2,0.20,0.0000,0.0000,134,0.765,0.000,0.00,0.00,102.402,0
0.00,0.00,0.00,0.0000,0.0000,0.0000,0.0000,0.00,0.00,0.00,0.00,0.00,0.00,0.00,2,0.20,0.0000,0.0000,134,0.765,0.000,0.00,0.00,102.402,0
0.00,0.00,0.00,0.0000,0.0000,0.0000,0.0000,0.00,0.00,0.00,0.00,0.00,0.00,0.00,2,0.20,0.0000,0.0000,134,0.765,0.000,0.00,0.00,102.402,0
phase1 acc_mag=0.000 gravity=-0.000 motion=0.000 moving_avg=-0.000 rms=nan mean_rms=nan max_rms=-1000000.000 min_rms=1000000.000 std=nan var=nan state=standing thr=0.080/0.350/0.850
0.00,0.00,0.00,0.0000,0.0000,0.0000,0.0000,0.00,0.00,0.00,0.00,0.00,0.00,0.00,2,0.20,0.0000,0.0000,134,0.765,0.000,0.00,0.00,102.402,0
0.00,0.00,0.00,0.0000,0.0000,0.0000,0.0000,0.00,0.00,0.00,0.00,0.00,0.00,0.00,2,0.20,0.0000,0.0000,134,0.765,0.000,0.00,0.00,102.402,0
0.00,0.00,0.00,0.0000,0.0000,0.0000,0.0000,0.00,0.00,0.00,0.00,0.00,0.00,0.00,2,0.20,0.0000,0.0000,134,0.765,0.000,0.00,0.00,102.402,0
0.00,0.00,0.00,0.0000,0.0000,0.0000,0.0000,0.00,0.00,0.00,0.00,0.00,0.00,0.00,2,0.20,0.0000,0.0000,134,0.765,0.000,0.00,0.00,102.402,0
phase1 acc_mag=0.000 gravity=-0.000 motion=0.000 moving_avg=-0.000 rms=nan mean_rms=nan max_rms=-1000000.000 min_rms=1000000.000 std=nan var=nan state=standing thr=0.080/0.350/0.850
0.00,0.00,0.00,0.0000,0.0000,0.0000,0.0000,0.00,0.00,0.00,0.00,0.00,0.00,0.00,2,0.20,0.0000,0.0000,134,0.765,0.000,0.00,0.00,102.402,0
0.00,0.00,0.00,0.0000,0.0000,0.0000,0.0000,0.00,0.00,0.00,0.00,0.00,0.00,0.00,2,0.20,0.0000,0.0000,134,0.765,0.000,0.00,0.00,102.402,0
0.00,0.00,0.00,0.0000,0.0000,0.0000,0.0000,0.00,0.00,0.00,0.00,0.00,0.00,0.00,2,0.20,0.0000,0.0000,134,0.765,0.000,0.00,0.00,102.402,0
0.00,0.00,0.00,0.0000,0.0000,0.0000,0.0000,0.00,0.00,0.00,0.00,0.00,0.00,0.00,2,0.20,0.0000,0.0000,134,0.765,0.000,0.00,0.00,102.402,0
phase1 acc_mag=0.000 gravity=-0.000 motion=0.000 moving_avg=-0.000 rms=nan mean_rms=nan max_rms=-1000000.000 min_rms=1000000.000 std=nan var=nan state=standing thr=0.080/0.350/0.850
0.00,0.00,0.00,0.0000,0.0000,0.0000,0.0000,0.00,0.00,0.00,0.00,0.00,0.00,0.00,2,0.20,0.0000,0.0000,134,0.765,0.000,0.00,0.00,102.402,0
0.00,0.00,0.00,0.0000,0.0000,0.0000,0.0000,0.00,0.00,0.00,0.00,0.00,0.00,0.00,2,0.20,0.0000,0.0000,134,0.765,0.000,0.00,0.00,102.402,0
0.00,0.00,0.00,0.0000,0.0000,0.0000,0.0000,0.00,0.00,0.00,0.00,0.00,0.00,0.00,2,0.20,0.0000,0.0000,134,0.765,0.000,0.00,0.00,102.402,0
0.00,0.00,0.00,0.0000,0.0000,0.0000,0.0000,0.00,0.00,0.00,0.00,0.00,0.00,0.00,2,0.20,0.0000,0.0000,134,0.765,0.000,0.00,0.00,102.402,0
phase1 acc_mag=0.000 gravity=-0.000 motion=0.000 moving_avg=-0.000 rms=nan mean_rms=nan max_rms=-1000000.000 min_rms=1000000.000 std=nan var=nan state=standing thr=0.080/0.350/0.850
0.00,0.00,0.00,0.0000,0.0000,0.0000,0.0000,0.00,0.00,0.00,0.00,0.00,0.00,0.00,2,0.20,0.0000,0.0000,134,0.765,0.000,0.00,0.00,102.402,0
0.00,0.00,0.00,0.0000,0.0000,0.0000,0.0000,0.00,0.00,0.00,0.00,0.00,0.00,0.00,2,0.20,0.0000,0.0000,134,0.765,0.000,0.00,0.00,102.402,0
0.00,0.00,0.00,0.0000,0.0000,0.0000,0.0000,0.00,0.00,0.00,0.00,0.00,0.00,0.00,2,0.20,0.0000,0.0000,134,0.765,0.000,0.00,0.00,102.402,0
0.00,0.00,0.00,0.0000,0.0000,0.0000,0.0000,0.00,0.00,0.00,0.00,0.00,0.00,0.00,2,0.20,0.0000,0.0000,134,0.765,0.000,0.00,0.00,102.402,0
phase1 acc_mag=0.000 gravity=-0.000 motion=0.000 moving_avg=-0.000 rms=nan mean_rms=nan max_rms=-1000000.000 min_rms=1000000.000 std=nan var=nan state=standing thr=0.080/0.350/0.850
0.00,0.00,0.00,0.0000,0.0000,0.0000,0.0000,0.00,0.00,0.00,0.00,0.00,0.00,0.00,2,0.20,0.0000,0.0000,134,0.765,0.000,0.00,0.00,102.402,0
0.00,0.00,0.00,0.0000,0.0000,0.0000,0.0000,0.00,0.00,0.00,0.00,0.00,0.00,0.00,2,0.20,0.0000,0.0000,134,0.765,0.000,0.00,0.00,102.402,0
0.00,0.00,0.00,0.0000,0.0000,0.0000,0.0000,0.00,0.00,0.00,0.00,0.00,0.00,0.00,2,0.20,0.0000,0.0000,134,0.765,0.000,0.00,0.00,102.402,0
0.00,0.00,0.00,0.0000,0.0000,0.0000,0.0000,0.00,0.00,0.00,0.00,0.00,0.00,0.00,2,0.20,0.0000,0.0000,134,0.765,0.000,0.00,0.00,102.402,0
phase1 acc_mag=0.000 gravity=-0.000 motion=0.000 moving_avg=-0.000 rms=nan mean_rms=nan max_rms=-1000000.000 min_rms=1000000.000 std=nan var=nan state=standing thr=0.080/0.350/0.850
0.00,0.00,0.00,0.0000,0.0000,0.0000,0.0000,0.00,0.00,0.00,0.00,0.00,0.00,0.00,2,0.20,0.0000,0.0000,134,0.765,0.000,0.00,0.00,102.402,0
0.00,0.00,0.00,0.0000,0.0000,0.0000,0.0000,0.00,0.00,0.00,0.00,0.00,0.00,0.00,2,0.20,0.0000,0.0000,134,0.765,0.000,0.00,0.00,102.402,0
0.00,0.00,0.00,0.0000,0.0000,0.0000,0.0000,0.00,0.00,0.00,0.00,0.00,0.00,0.00,2,0.20,0.0000,0.0000,134,0.765,0.000,0.00,0.00,102.402,0
0.00,0.00,0.00,0.0000,0.0000,0.0000,0.0000,0.00,0.00,0.00,0.00,0.00,0.00,0.00,2,0.20,0.0000,0.0000,134,0.765,0.000,0.00,0.00,102.402,0
phase1 acc_mag=0.000 gravity=-0.000 motion=0.000 moving_avg=-0.000 rms=nan mean_rms=nan max_rms=-1000000.000 min_rms=1000000.000 std=nan var=nan state=standing thr=0.080/0.350/0.850
0.00,0.00,0.00,0.0000,0.0000,0.0000,0.0000,0.00,0.00,0.00,0.00,0.00,0.00,0.00,2,0.20,0.0000,0.0000,134,0.765,0.000,0.00,0.00,102.402,0
0.00,0.00,0.00,0.0000,0.0000,0.0000,0.0000,0.00,0.00,0.00,0.00,0.00,0.00,0.00,2,0.20,0.0000,0.0000,134,0.765,0.000,0.00,0.00,102.402,0
0.00,0.00,0.00,0.0000,0.0000,0.0000,0.0000,0.00,0.00,0.00,0.00,0.00,0.00,0.00,2,0.20,0.0000,0.0000,134,0.765,0.000,0.00,0.00,102.402,0
0.00,0.00,0.00,0.0000,0.0000,0.0000,0.0000,0.00,0.00,0.00,0.00,0.00,0.00,0.00,2,0.20,0.0000,0.0000,134,0.765,0.000,0.00,0.00,102.402,0
phase1 acc_mag=0.000 gravity=-0.000 motion=0.000 moving_avg=-0.000 rms=nan mean_rms=nan max_rms=-1000000.000 min_rms=1000000.000 std=nan var=nan state=standing thr=0.080/0.350/0.850
0.00,0.00,0.00,0.0000,0.0000,0.0000,0.0000,0.00,0.00,0.00,0.00,0.00,0.00,0.00,2,0.20,0.0000,0.0000,134,0.765,0.000,0.00,0.00,102.402,0
0.00,0.00,0.00,0.0000,0.0000,0.0000,0.0000,0.00,0.00,0.00,0.00,0.00,0.00,0.00,2,0.20,0.0000,0.0000,134,0.765,0.000,0.00,0.00,102.402,0
0.00,0.00,0.00,0.0000,0.0000,0.0000,0.0000,0.00,0.00,0.00,0.00,0.00,0.00,0.00,2,0.20,0.0000,0.0000,134,0.765,0.000,0.00,0.00,102.402,0
0.00,0.00,0.00,0.0000,0.0000,0.0000,0.0000,0.00,0.00,0.00,0.00,0.00,0.00,0.00,2,0.20,0.0000,0.0000,134,0.765,0.000,0.00,0.00,102.402,0
phase1 acc_mag=0.000 gravity=-0.000 motion=0.000 moving_avg=-0.000 rms=nan mean_rms=nan max_rms=-1000000.000 min_rms=1000000.000 std=nan var=nan state=standing thr=0.080/0.350/0.850
0.00,0.00,0.00,0.0000,0.0000,0.0000,0.0000,0.00,0.00,0.00,0.00,0.00,0.00,0.00,2,0.20,0.0000,0.0000,134,0.765,0.000,0.00,0.00,102.402,0
0.00,0.00,0.00,0.0000,0.0000,0.0000,0.0000,0.00,0.00,0.00,0.00,0.00,0.00,0.00,2,0.20,0.0000,0.0000,134,0.765,0.000,0.00,0.00,102.402,0
0.00,0.00,0.00,0.0000,0.0000,0.0000,0.0000,0.00,0.00,0.00,0.00,0.00,0.00,0.00,2,0.20,0.0000,0.0000,134,0.765,0.000,0.00,0.00,102.402,0
0.00,0.00,0.00,0.0000,0.0000,0.0000,0.0000,0.00,0.00,0.00,0.00,0.00,0.00,0.00,2,0.20,0.0000,0.0000,134,0.765,0.000,0.00,0.00,102.402,0
phase1 acc_mag=0.000 gravity=-0.000 motion=0.000 moving_avg=-0.000 rms=nan mean_rms=nan max_rms=-1000000.000 min_rms=1000000.000 std=nan var=nan state=standing thr=0.080/0.350/0.850
0.00,0.00,0.00,0.0000,0.0000,0.0000,0.0000,0.00,0.00,0.00,0.00,0.00,0.00,0.00,2,0.20,0.0000,0.0000,134,0.765,0.000,0.00,0.00,102.402,0
0.00,0.00,0.00,0.0000,0.0000,0.0000,0.0000,0.00,0.00,0.00,0.00,0.00,0.00,0.00,2,0.20,0.0000,0.0000,134,0.765,0.000,0.00,0.00,102.402,0
0.00,0.00,0.00,0.0000,0.0000,0.0000,0.0000,0.00,0.00,0.00,0.00,0.00,0.00,0.00,2,0.20,0.0000,0.0000,134,0.765,0.000,0.00,0.00,102.402,0
0.00,0.00,0.00,0.0000,0.0000,0.0000,0.0000,0.00,0.00,0.00,0.00,0.00,0.00,0.00,2,0.20,0.0000,0.0000,134,0.765,0.000,0.00,0.00,102.402,0
phase1 acc_mag=0.000 gravity=-0.000 motion=0.000 moving_avg=-0.000 rms=nan mean_rms=nan max_rms=-1000000.000 min_rms=1000000.000 std=nan var=nan state=standing thr=0.080/0.350/0.850
0.00,0.00,0.00,0.0000,0.0000,0.0000,0.0000,0.00,0.00,0.00,0.00,0.00,0.00,0.00,2,0.20,0.0000,0.0000,134,0.765,0.000,0.00,0.00,102.402,0
0.00,0.00,0.00,0.0000,0.0000,0.0000,0.0000,0.00,0.00,0.00,0.00,0.00,0.00,0.00,2,0.20,0.0000,0.0000,134,0.765,0.000,0.00,0.00,102.402,0
0.00,0.00,0.00,0.0000,0.0000,0.0000,0.0000,0.00,0.00,0.00,0.00,0.00,0.00,0.00,2,0.20,0.0000,0.0000,134,0.765,0.000,0.00,0.00,102.402,0
0.00,0.00,0.00,0.0000,0.0000,0.0000,0.0000,0.00,0.00,0.00,0.00,0.00,0.00,0.00,2,0.20,0.0000,0.0000,134,0.765,0.000,0.00,0.00,102.402,0
phase1 acc_mag=0.000 gravity=-0.000 motion=0.000 moving_avg=-0.000 rms=nan mean_rms=nan max_rms=-1000000.000 min_rms=1000000.000 std=nan var=nan state=standing thr=0.080/0.350/0.850
0.00,0.00,0.00,0.0000,0.0000,0.0000,0.0000,0.00,0.00,0.00,0.00,0.00,0.00,0.00,2,0.20,0.0000,0.0000,134,0.765,0.000,0.00,0.00,102.402,0
0.00,0.00,0.00,0.0000,0.0000,0.0000,0.0000,0.00,0.00,0.00,0.00,0.00,0.00,0.00,2,0.20,0.0000,0.0000,134,0.765,0.000,0.00,0.00,102.402,0
0.00,0.00,0.00,0.0000,0.0000,0.0000,0.0000,0.00,0.00,0.00,0.00,0.00,0.00,0.00,2,0.20,0.0000,0.0000,134,0.765,0.000,0.00,0.00,102.402,0
0.00,0.00,0.00,0.0000,0.0000,0.0000,0.0000,0.00,0.00,0.00,0.00,0.00,0.00,0.00,2,0.20,0.0000,0.0000,134,0.765,0.000,0.00,0.00,102.402,0
phase1 acc_mag=0.000 gravity=-0.000 motion=0.000 moving_avg=-0.000 rms=nan mean_rms=nan max_rms=-1000000.000 min_rms=1000000.000 std=nan var=nan state=standing thr=0.080/0.350/0.850
0.00,0.00,0.00,0.0000,0.0000,0.0000,0.0000,0.00,0.00,0.00,0.00,0.00,0.00,0.00,2,0.20,0.0000,0.0000,134,0.765,0.000,0.00,0.00,102.402,0
0.00,0.00,0.00,0.0000,0.0000,0.0000,0.0000,0.00,0.00,0.00,0.00,0.00,0.00,0.00,2,0.20,0.0000,0.0000,134,0.765,0.000,0.00,0.00,102.402,0
0.00,0.00,0.00,0.0000,0.0000,0.0000,0.0000,0.00,0.00,0.00,0.00,0.00,0.00,0.00,2,0.20,0.0000,0.0000,134,0.765,0.000,0.00,0.00,102.402,0
0.00,0.00,0.00,0.0000,0.0000,0.0000,0.0000,0.00,0.00,0.00,0.00,0.00,0.00,0.00,2,0.20,0.0000,0.0000,134,0.765,0.000,0.00,0.00,102.402,0
phase1 acc_mag=0.000 gravity=-0.000 motion=0.000 moving_avg=-0.000 rms=nan mean_rms=nan max_rms=-1000000.000 min_rms=1000000.000 std=nan var=nan state=standing thr=0.080/0.350/0.850
0.00,0.00,0.00,0.0000,0.0000,0.0000,0.0000,0.00,0.00,0.00,0.00,0.00,0.00,0.00,2,0.20,0.0000,0.0000,134,0.765,0.000,0.00,0.00,102.402,0
0.00,0.00,0.00,0.0000,0.0000,0.0000,0.0000,0.00,0.00,0.00,0.00,0.00,0.00,0.00,2,0.20,0.0000,0.0000,134,0.765,0.000,0.00,0.00,102.402,0
0.00,0.00,0.00,0.0000,0.0000,0.0000,0.0000,0.00,0.00,0.00,0.00,0.00,0.00,0.00,2,0.20,0.0000,0.0000,134,0.765,0.000,0.00,0.00,102.402,0
0.00,0.00,0.00,0.0000,0.0000,0.0000,0.0000,0.00,0.00,0.00,0.00,0.00,0.00,0.00,2,0.20,0.0000,0.0000,134,0.765,0.000,0.00,0.00,102.402,0
phase1 acc_mag=0.000 gravity=-0.000 motion=0.000 moving_avg=-0.000 rms=nan mean_rms=nan max_rms=-1000000.000 min_rms=1000000.000 std=nan var=nan state=standing thr=0.080/0.350/0.850
0.00,0.00,0.00,0.0000,0.0000,0.0000,0.0000,0.00,0.00,0.00,0.00,0.00,0.00,0.00,2,0.20,0.0000,0.0000,134,0.765,0.000,0.00,0.00,102.402,0
0.00,0.00,0.00,0.0000,0.0000,0.0000,0.0000,0.00,0.00,0.00,0.00,0.00,0.00,0.00,2,0.20,0.0000,0.0000,134,0.765,0.000,0.00,0.00,102.402,0
0.00,0.00,0.00,0.0000,0.0000,0.0000,0.0000,0.00,0.00,0.00,0.00,0.00,0.00,0.00,2,0.20,0.0000,0.0000,134,0.765,0.000,0.00,0.00,102.402,0
0.00,0.00,0.00,0.0000,0.0000,0.0000,0.0000,0.00,0.00,0.00,0.00,0.00,0.00,0.00,2,0.20,0.0000,0.0000,134,0.765,0.000,0.00,0.00,102.402,0
phase1 acc_mag=0.000 gravity=-0.000 motion=0.000 moving_avg=-0.000 rms=nan mean_rms=nan max_rms=-1000000.000 min_rms=1000000.000 std=nan var=nan state=standing thr=0.080/0.350/0.850
0.00,0.00,0.00,0.0000,0.0000,0.0000,0.0000,0.00,0.00,0.00,0.00,0.00,0.00,0.00,2,0.20,0.0000,0.0000,134,0.765,0.000,0.00,0.00,102.402,0
0.00,0.00,0.00,0.0000,0.0000,0.0000,0.0000,0.00,0.00,0.00,0.00,0.00,0.00,0.00,2,0.20,0.0000,0.0000,134,0.765,0.000,0.00,0.00,102.402,0
0.00,0.00,0.00,0.0000,0.0000,0.0000,0.0000,0.00,0.00,0.00,0.00,0.00,0.00,0.00,2,0.20,0.0000,0.0000,134,0.765,0.000,0.00,0.00,102.402,0
0.00,0.00,0.00,0.0000,0.0000,0.0000,0.0000,0.00,0.00,0.00,0.00,0.00,0.00,0.00,2,0.20,0.0000,0.0000,134,0.765,0.000,0.00,0.00,102.402,0
phase1 acc_mag=0.000 gravity=-0.000 motion=0.000 moving_avg=-0.000 rms=nan mean_rms=nan max_rms=-1000000.000 min_rms=1000000.000 std=nan var=nan state=standing thr=0.080/0.350/0.850
0.00,0.00,0.00,0.0000,0.0000,0.0000,0.0000,0.00,0.00,0.00,0.00,0.00,0.00,0.00,2,0.20,0.0000,0.0000,134,0.765,0.000,0.00,0.00,102.402,0
0.00,0.00,0.00,0.0000,0.0000,0.0000,0.0000,0.00,0.00,0.00,0.00,0.00,0.00,0.00,2,0.20,0.0000,0.0000,134,0.765,0.000,0.00,0.00,102.402,0
0.00,0.00,0.00,0.0000,0.0000,0.0000,0.0000,0.00,0.00,0.00,0.00,0.00,0.00,0.00,2,0.20,0.0000,0.0000,134,0.765,0.000,0.00,0.00,102.402,0
0.00,0.00,0.00,0.0000,0.0000,0.0000,0.0000,0.00,0.00,0.00,0.00,0.00,0.00,0.00,2,0.20,0.0000,0.0000,134,0.765,0.000,0.00,0.00,102.402,0
phase1 acc_mag=0.000 gravity=-0.000 motion=0.000 moving_avg=-0.000 rms=nan mean_rms=nan max_rms=-1000000.000 min_rms=1000000.000 std=nan var=nan state=standing thr=0.080/0.350/0.850
0.00,0.00,0.00,0.0000,0.0000,0.0000,0.0000,0.00,0.00,0.00,0.00,0.00,0.00,0.00,2,0.20,0.0000,0.0000,134,0.765,0.000,0.00,0.00,102.402,0
0.00,0.00,0.00,0.0000,0.0000,0.0000,0.0000,0.00,0.00,0.00,0.00,0.00,0.00,0.00,2,0.20,0.0000,0.0000,134,0.765,0.000,0.00,0.00,102.402,0
0.00,0.00,0.00,0.0000,0.0000,0.0000,0.0000,0.00,0.00,0.00,0.00,0.00,0.00,0.00,2,0.20,0.0000,0.0000,134,0.765,0.000,0.00,0.00,102.402,0
0.00,0.00,0.00,0.0000,0.0000,0.0000,0.0000,0.00,0.00,0.00,0.00,0.00,0.00,0.00,2,0.20,0.0000,0.0000,134,0.765,0.000,0.00,0.00,102.402,0
phase1 acc_mag=0.000 gravity=-0.000 motion=0.000 moving_avg=-0.000 rms=nan mean_rms=nan max_rms=-1000000.000 min_rms=1000000.000 std=nan var=nan state=standing thr=0.080/0.350/0.850
0.00,0.00,0.00,0.0000,0.0000,0.0000,0.0000,0.00,0.00,0.00,0.00,0.00,0.00,0.00,2,0.20,0.0000,0.0000,134,0.765,0.000,0.00,0.00,102.402,0
0.00,0.00,0.00,0.0000,0.0000,0.0000,0.0000,0.00,0.00,0.00,0.00,0.00,0.00,0.00,2,0.20,0.0000,0.0000,134,0.765,0.000,0.00,0.00,102.402,0
0.00,0.00,0.00,0.0000,0.0000,0.0000,0.0000,0.00,0.00,0.00,0.00,0.00,0.00,0.00,2,0.20,0.0000,0.0000,134,0.765,0.000,0.00,0.00,102.402,0
0.00,0.00,0.00,0.0000,0.0000,0.0000,0.0000,0.00,0.00,0.00,0.00,0.00,0.00,0.00,2,0.20,0.0000,0.0000,134,0.765,0.000,0.00,0.00,102.402,0
phase1 acc_mag=0.000 gravity=-0.000 motion=0.000 moving_avg=-0.000 rms=nan mean_rms=nan max_rms=-1000000.000 min_rms=1000000.000 std=nan var=nan state=standing thr=0.080/0.350/0.850
0.00,0.00,0.00,0.0000,0.0000,0.0000,0.0000,0.00,0.00,0.00,0.00,0.00,0.00,0.00,2,0.20,0.0000,0.0000,134,0.765,0.000,0.00,0.00,102.402,0
0.00,0.00,0.00,0.0000,0.0000,0.0000,0.0000,0.00,0.00,0.00,0.00,0.00,0.00,0.00,2,0.20,0.0000,0.0000,134,0.765,0.000,0.00,0.00,102.402,0
0.00,0.00,0.00,0.0000,0.0000,0.0000,0.0000,0.00,0.00,0.00,0.00,0.00,0.00,0.00,2,0.20,0.0000,0.0000,134,0.765,0.000,0.00,0.00,102.402,0
0.00,0.00,0.00,0.0000,0.0000,0.0000,0.0000,0.00,0.00,0.00,0.00,0.00,0.00,0.00,2,0.20,0.0000,0.0000,134,0.765,0.000,0.00,0.00,102.402,0
phase1 acc_mag=0.000 gravity=-0.000 motion=0.000 moving_avg=-0.000 rms=nan mean_rms=nan max_rms=-1000000.000 min_rms=1000000.000 std=nan var=nan state=standing thr=0.080/0.350/0.850
0.00,0.00,0.00,0.0000,0.0000,0.0000,0.0000,0.00,0.00,0.00,0.00,0.00,0.00,0.00,2,0.20,0.0000,0.0000,134,0.765,0.000,0.00,0.00,102.402,0
0.00,0.00,0.00,0.0000,0.0000,0.0000,0.0000,0.00,0.00,0.00,0.00,0.00,0.00,0.00,2,0.20,0.0000,0.0000,134,0.765,0.000,0.00,0.00,102.402,0
0.00,0.00,0.00,0.0000,0.0000,0.0000,0.0000,0.00,0.00,0.00,0.00,0.00,0.00,0.00,2,0.20,0.0000,0.0000,134,0.765,0.000,0.00,0.00,102.402,0
0.00,0.00,0.00,0.0000,0.0000,0.0000,0.0000,0.00,0.00,0.00,0.00,0.00,0.00,0.00,2,0.20,0.0000,0.0000,134,0.765,0.000,0.00,0.00,102.402,0
phase1 acc_mag=0.000 gravity=-0.000 motion=0.000 moving_avg=-0.000 rms=nan mean_rms=nan max_rms=-1000000.000 min_rms=1000000.000 std=nan var=nan state=standing thr=0.080/0.350/0.850
0.00,0.00,0.00,0.0000,0.0000,0.0000,0.0000,0.00,0.00,0.00,0.00,0.00,0.00,0.00,2,0.20,0.0000,0.0000,134,0.765,0.000,0.00,0.00,102.402,0
0.00,0.00,0.00,0.0000,0.0000,0.0000,0.0000,0.00,0.00,0.00,0.00,0.00,0.00,0.00,2,0.20,0.0000,0.0000,134,0.765,0.000,0.00,0.00,102.402,0
0.00,0.00,0.00,0.0000,0.0000,0.0000,0.0000,0.00,0.00,0.00,0.00,0.00,0.00,0.00,2,0.20,0.0000,0.0000,134,0.765,0.000,0.00,0.00,102.402,0
0.00,0.00,0.00,0.0000,0.0000,0.0000,0.0000,0.00,0.00,0.00,0.00,0.00,0.00,0.00,2,0.20,0.0000,0.0000,134,0.765,0.000,0.00,0.00,102.402,0
phase1 acc_mag=0.000 gravity=-0.000 motion=0.000 moving_avg=-0.000 rms=nan mean_rms=nan max_rms=-1000000.000 min_rms=1000000.000 std=nan var=nan state=standing thr=0.080/0.350/0.850
0.00,0.00,0.00,0.0000,0.0000,0.0000,0.0000,0.00,0.00,0.00,0.00,0.00,0.00,0.00,2,0.20,0.0000,0.0000,134,0.765,0.000,0.00,0.00,102.402,0
0.00,0.00,0.00,0.0000,0.0000,0.0000,0.0000,0.00,0.00,0.00,0.00,0.00,0.00,0.00,2,0.20,0.0000,0.0000,134,0.765,0.000,0.00,0.00,102.402,0
0.00,0.00,0.00,0.0000,0.0000,0.0000,0.0000,0.00,0.00,0.00,0.00,0.00,0.00,0.00,2,0.20,0.0000,0.0000,134,0.765,0.000,0.00,0.00,102.402,0
0.00,0.00,0.00,0.0000,0.0000,0.0000,0.0000,0.00,0.00,0.00,0.00,0.00,0.00,0.00,2,0.20,0.0000,0.0000,134,0.765,0.000,0.00,0.00,102.402,0
phase1 acc_mag=0.000 gravity=-0.000 motion=0.000 moving_avg=-0.000 rms=nan mean_rms=nan max_rms=-1000000.000 min_rms=1000000.000 std=nan var=nan state=standing thr=0.080/0.350/0.850
0.00,0.00,0.00,0.0000,0.0000,0.0000,0.0000,0.00,0.00,0.00,0.00,0.00,0.00,0.00,2,0.20,0.0000,0.0000,134,0.765,0.000,0.00,0.00,102.402,0
0.00,0.00,0.00,0.0000,0.0000,0.0000,0.0000,0.00,0.00,0.00,0.00,0.00,0.00,0.00,2,0.20,0.0000,0.0000,134,0.765,0.000,0.00,0.00,102.402,0
0.00,0.00,0.00,0.0000,0.0000,0.0000,0.0000,0.00,0.00,0.00,0.00,0.00,0.00,0.00,2,0.20,0.0000,0.0000,134,0.765,0.000,0.00,0.00,102.402,0
0.00,0.00,0.00,0.0000,0.0000,0.0000,0.0000,0.00,0.00,0.00,0.00,0.00,0.00,0.00,2,0.20,0.0000,0.0000,134,0.765,0.000,0.00,0.00,102.402,0
phase1 acc_mag=0.000 gravity=-0.000 motion=0.000 moving_avg=-0.000 rms=nan mean_rms=nan max_rms=-1000000.000 min_rms=1000000.000 std=nan var=nan state=standing thr=0.080/0.350/0.850
0.00,0.00,0.00,0.0000,0.0000,0.0000,0.0000,0.00,0.00,0.00,0.00,0.00,0.00,0.00,2,0.20,0.0000,0.0000,134,0.765,0.000,0.00,0.00,102.402,0
0.00,0.00,0.00,0.0000,0.0000,0.0000,0.0000,0.00,0.00,0.00,0.00,0.00,0.00,0.00,2,0.20,0.0000,0.0000,134,0.765,0.000,0.00,0.00,102.402,0
0.00,0.00,0.00,0.0000,0.0000,0.0000,0.0000,0.00,0.00,0.00,0.00,0.00,0.00,0.00,2,0.20,0.0000,0.0000,134,0.765,0.000,0.00,0.00,102.402,0
0.00,0.00,0.00,0.0000,0.0000,0.0000,0.0000,0.00,0.00,0.00,0.00,0.00,0.00,0.00,2,0.20,0.0000,0.0000,134,0.765,0.000,0.00,0.00,102.402,0
phase1 acc_mag=0.000 gravity=-0.000 motion=0.000 moving_avg=-0.000 rms=nan mean_rms=nan max_rms=-1000000.000 min_rms=1000000.000 std=nan var=nan state=standing thr=0.080/0.350/0.850
0.00,0.00,0.00,0.0000,0.0000,0.0000,0.0000,0.00,0.00,0.00,0.00,0.00,0.00,0.00,2,0.20,0.0000,0.0000,134,0.765,0.000,0.00,0.00,102.402,0
0.00,0.00,0.00,0.0000,0.0000,0.0000,0.0000,0.00,0.00,0.00,0.00,0.00,0.00,0.00,2,0.20,0.0000,0.0000,134,0.765,0.000,0.00,0.00,102.402,0
0.00,0.00,0.00,0.0000,0.0000,0.0000,0.0000,0.00,0.00,0.00,0.00,0.00,0.00,0.00,2,0.20,0.0000,0.0000,134,0.765,0.000,0.00,0.00,102.402,0
0.00,0.00,0.00,0.0000,0.0000,0.0000,0.0000,0.00,0.00,0.00,0.00,0.00,0.00,0.00,2,0.20,0.0000,0.0000,134,0.765,0.000,0.00,0.00,102.402,0
phase1 acc_mag=0.000 gravity=-0.000 motion=0.000 moving_avg=-0.000 rms=nan mean_rms=nan max_rms=-1000000.000 min_rms=1000000.000 std=nan var=nan state=standing thr=0.080/0.350/0.850
0.00,0.00,0.00,0.0000,0.0000,0.0000,0.0000,0.00,0.00,0.00,0.00,0.00,0.00,0.00,2,0.20,0.0000,0.0000,134,0.765,0.000,0.00,0.00,102.402,0
0.00,0.00,0.00,0.0000,0.0000,0.0000,0.0000,0.00,0.00,0.00,0.00,0.00,0.00,0.00,2,0.20,0.0000,0.0000,134,0.765,0.000,0.00,0.00,102.402,0
0.00,0.00,0.00,0.0000,0.0000,0.0000,0.0000,0.00,0.00,0.00,0.00,0.00,0.00,0.00,2,0.20,0.0000,0.0000,134,0.765,0.000,0.00,0.00,102.402,0
0.00,0.00,0.00,0.0000,0.0000,0.0000,0.0000,0.00,0.00,0.00,0.00,0.00,0.00,0.00,2,0.20,0.0000,0.0000,134,0.765,0.000,0.00,0.00,102.402,0
phase1 acc_mag=0.000 gravity=-0.000 motion=0.000 moving_avg=-0.000 rms=nan mean_rms=nan max_rms=-1000000.000 min_rms=1000000.000 std=nan var=nan state=standing thr=0.080/0.350/0.850
0.00,0.00,0.00,0.0000,0.0000,0.0000,0.0000,0.00,0.00,0.00,0.00,0.00,0.00,0.00,2,0.20,0.0000,0.0000,134,0.765,0.000,0.00,0.00,102.402,0
0.00,0.00,0.00,0.0000,0.0000,0.0000,0.0000,0.00,0.00,0.00,0.00,0.00,0.00,0.00,2,0.20,0.0000,0.0000,134,0.765,0.000,0.00,0.00,102.402,0
0.00,0.00,0.00,0.0000,0.0000,0.0000,0.0000,0.00,0.00,0.00,0.00,0.00,0.00,0.00,2,0.20,0.0000,0.0000,134,0.765,0.000,0.00,0.00,102.402,0
0.00,0.00,0.00,0.0000,0.0000,0.0000,0.0000,0.00,0.00,0.00,0.00,0.00,0.00,0.00,2,0.20,0.0000,0.0000,134,0.765,0.000,0.00,0.00,102.402,0
phase1 acc_mag=0.000 gravity=-0.000 motion=0.000 moving_avg=-0.000 rms=nan mean_rms=nan max_rms=-1000000.000 min_rms=1000000.000 std=nan var=nan state=standing thr=0.080/0.350/0.850
0.00,0.00,0.00,0.0000,0.0000,0.0000,0.0000,0.00,0.00,0.00,0.00,0.00,0.00,0.00,2,0.20,0.0000,0.0000,134,0.765,0.000,0.00,0.00,102.402,0
0.00,0.00,0.00,0.0000,0.0000,0.0000,0.0000,0.00,0.00,0.00,0.00,0.00,0.00,0.00,2,0.20,0.0000,0.0000,134,0.765,0.000,0.00,0.00,102.402,0
