BNO055 initialized successfully!
roll,pitch,yaw,qw,qx,qy,qz,accx,accy,accz,gyrox,gyroy,gyroz,svm,state,z_v,lever_offx,lever_offy,steps,stride_m,velocity_mps,cadence_spm,cadence_sps,distance_m,step_flag
phase1 acc_mag=9.513 gravity=9.513 motion=0.000 moving_avg=0.000 rms=0.000 mean_rms=0.000 max_rms=0.000 min_rms=0.000 std=0.000 var=0.000 state=standing thr=0.080/0.350/0.850
0.00,0.00,0.00,0.0000,0.0000,0.0000,0.0000,-1.92,-3.31,8.71,-0.31,1.31,3.94,9.51,0,1.70,0.0000,0.0000,0,0.000,0.000,0.00,0.00,0.000,0
-11.62,20.94,359.75,0.9784,-0.1792,0.1031,0.0018,-1.79,-3.23,8.74,-2.12,-1.25,-0.81,9.49,0,1.70,0.0402,0.0702,0,0.000,0.000,0.00,0.00,0.000,0
-11.50,20.94,359.69,0.9785,-0.1794,0.1017,0.0027,-1.80,-3.50,8.84,-0.31,-2.06,3.44,9.68,0,1.70,0.0396,0.0703,0,0.000,0.000,0.00,0.00,0.000,0
-11.56,21.06,359.56,0.9781,-0.1810,0.1021,0.0034,-2.20,-3.79,8.42,-1.38,1.00,-1.12,9.49,0,1.70,0.0397,0.0710,0,0.000,0.000,0.00,0.00,0.000,0
phase1 acc_mag=9.840 gravity=9.547 motion=0.293 moving_avg=0.144 rms=0.175 mean_rms=0.117 max_rms=0.175 min_rms=0.000 std=0.052 var=0.003 state=standing thr=0.222/0.422/0.922
-11.50,21.06,359.81,0.9783,-0.1804,0.1019,0.0013,-1.70,-3.35,8.63,4.88,0.44,-1.25,9.41,0,1.70,0.0398,0.0706,0,0.000,0.000,0.00,0.00,0.000,0
-11.56,21.06,359.94,0.9783,-0.1802,0.1025,0.0001,-1.93,-3.48,8.53,0.44,0.56,-1.88,9.41,0,1.70,0.0401,0.0705,0,0.000,0.000,0.00,0.00,0.000,0
-11.50,21.06,0.12,0.9783,-0.1805,0.1022,-0.0012,-1.86,-3.53,8.46,-2.88,0.12,-1.31,9.35,0,1.70,0.0401,0.0706,0,0.000,0.000,0.00,0.00,0.000,0
-11.50,21.12,0.12,0.9783,-0.1804,0.1024,-0.0013,-1.91,-3.45,8.51,-0.25,-0.31,0.56,9.38,0,1.70,0.0402,0.0705,0,0.000,0.000,0.00,0.00,0.000,0
phase1 acc_mag=9.405 gravity=9.537 motion=0.132 moving_avg=0.130 rms=0.157 mean_rms=0.138 max_rms=0.175 min_rms=0.000 std=0.043 var=0.002 state=standing thr=0.225/0.425/0.925
-11.50,21.06,0.12,0.9783,-0.1803,0.1025,-0.0015,-2.05,-3.68,8.90,-1.88,1.38,-1.38,9.85,0,1.70,0.0402,0.0705,0,0.000,0.000,0.00,0.00,0.000,0
-11.56,21.12,0.00,0.9781,-0.1811,0.1027,-0.0005,-1.58,-3.28,8.75,-1.19,-0.31,2.06,9.48,0,1.70,0.0402,0.0708,0,0.000,0.000,0.00,0.00,0.000,0
-11.62,21.12,0.00,0.9781,-0.1804,0.1032,0.0001,-1.64,-3.11,8.46,2.94,0.56,3.38,9.16,0,1.70,0.0404,0.0706,0,0.000,0.000,0.00,0.00,0.000,0
-11.75,21.12,359.94,0.9780,-0.1804,0.1044,0.0002,-2.03,-3.20,8.52,4.50,2.44,-0.19,9.32,0,1.70,0.0408,0.0706,0,0.000,0.000,0.00,0.00,0.000,0
phase1 acc_mag=9.828 gravity=9.546 motion=0.282 moving_avg=0.132 rms=0.162 mean_rms=0.145 max_rms=0.175 min_rms=0.000 std=0.037 var=0.001 state=standing thr=0.219/0.419/0.919
-11.81,20.94,359.94,0.9783,-0.1788,0.1049,0.0001,-2.09,-2.62,8.61,9.88,0.62,-4.25,9.24,0,1.70,0.0410,0.0700,0,0.000,0.000,0.00,0.00,0.000,0
-11.75,21.06,0.06,0.9782,-0.1797,0.1041,-0.0007,-1.85,-2.98,8.63,3.56,-3.75,1.38,9.32,0,1.70,0.0408,0.0703,0,0.000,0.000,0.00,0.00,0.000,0
-11.38,21.06,0.75,0.9785,-0.1793,0.1019,-0.0076,-1.46,-3.33,8.90,3.31,-2.31,-8.50,9.61,0,1.70,0.0404,0.0699,0,0.000,0.000,0.00,0.00,0.000,0
phase1 acc_mag=9.071 gravity=9.532 motion=0.461 moving_avg=0.173 rms=0.229 mean_rms=0.162 max_rms=0.229 min_rms=0.000 std=0.044 var=0.002 state=standing thr=0.250/0.450/0.950
-11.31,21.06,1.00,0.9785,-0.1793,0.1021,-0.0085,-2.05,-3.14,8.26,4.00,1.50,2.50,9.07,0,1.70,0.0406,0.0698,0,0.000,0.000,0.00,0.00,0.000,0
-11.12,20.81,1.06,0.9789,-0.1773,0.1004,-0.0093,-1.43,-3.44,9.30,6.81,-1.88,7.25,10.02,0,1.70,0.0400,0.0691,0,0.000,0.000,0.00,0.00,0.000,0
-11.25,20.62,0.75,0.9792,-0.1757,0.1008,-0.0067,-1.54,-3.00,8.56,2.44,-3.81,1.25,9.20,0,1.70,0.0399,0.0686,0,0.000,0.000,0.00,0.00,0.000,0
-11.06,20.62,0.94,0.9793,-0.1758,0.0995,-0.0087,-1.69,-3.26,8.97,-1.38,0.12,-4.38,9.69,0,1.70,0.0396,0.0685,0,0.000,0.000,0.00,0.00,0.000,0
phase1 acc_mag=9.694 gravity=9.561 motion=0.133 moving_avg=0.201 rms=0.266 mean_rms=0.188 max_rms=0.267 min_rms=0.079 std=0.045 var=0.002 state=standing thr=0.278/0.478/0.978
-11.00,20.69,1.06,0.9793,-0.1761,0.0992,-0.0092,-1.60,-3.31,8.90,2.25,-1.44,3.88,9.63,0,1.70,0.0395,0.0686,0,0.000,0.000,0.00,0.00,0.000,0
-10.94,20.69,1.12,0.9793,-0.1765,0.0988,-0.0093,-1.79,-3.50,8.76,-0.88,-1.25,3.69,9.60,0,1.70,0.0393,0.0688,0,0.000,0.000,0.00,0.00,0.000,0
-11.00,20.75,0.88,0.9791,-0.1773,0.0989,-0.0079,-1.72,-3.46,8.57,-0.38,-0.56,-1.19,9.40,0,1.70,0.0393,0.0691,0,0.000,0.000,0.00,0.00,0.000,0
-10.88,20.81,1.06,0.9791,-0.1775,0.0983,-0.0096,-2.00,-3.97,8.91,-1.88,1.00,-1.56,9.96,0,1.70,0.0392,0.0691,0,0.000,0.000,0.00,0.00,0.000,0
phase1 acc_mag=9.697 gravity=9.564 motion=0.133 moving_avg=0.195 rms=0.263 mean_rms=0.211 max_rms=0.267 min_rms=0.154 std=0.047 var=0.002 state=standing thr=0.304/0.504/1.004
-10.81,20.81,1.31,0.9791,-0.1777,0.0980,-0.0125,-1.66,-3.41,9.05,-2.31,1.94,-11.31,9.81,0,1.70,0.0393,0.0691,0,0.000,0.000,0.00,0.00,0.000,0
-10.62,20.88,1.94,0.9791,-0.1774,0.0975,-0.0169,-1.40,-3.30,9.25,2.62,-0.62,-0.19,9.92,0,1.70,0.0394,0.0688,0,0.000,0.000,0.00,0.00,0.000,0
-10.62,20.81,2.19,0.9792,-0.1768,0.0978,-0.0189,-2.09,-3.40,8.75,3.06,-1.12,-1.50,9.62,0,1.70,0.0397,0.0685,0,0.000,0.000,0.00,0.00,0.000,0
-10.56,20.75,2.31,0.9793,-0.1762,0.0975,-0.0200,-1.74,-2.92,8.96,-1.81,0.56,2.69,9.58,0,1.70,0.0396,0.0682,0,0.000,0.000,0.00,0.00,0.000,0
phase1 acc_mag=9.251 gravity=9.571 motion=0.320 moving_avg=0.201 rms=0.269 mean_rms=0.234 max_rms=0.272 min_rms=0.154 std=0.042 var=0.002 state=standing thr=0.318/0.518/1.018
-10.62,20.62,2.25,0.9795,-0.1752,0.0977,-0.0197,-1.72,-3.22,8.79,3.69,-1.81,2.56,9.52,0,1.70,0.0397,0.0679,0,0.000,0.000,0.00,0.00,0.000,0
-10.50,20.56,2.69,0.9796,-0.1741,0.0975,-0.0230,-1.52,-3.31,8.66,4.38,-0.31,-8.12,9.39,0,1.70,0.0398,0.0673,0,0.000,0.000,0.00,0.00,0.000,0
-10.62,20.38,2.69,0.9799,-0.1722,0.0984,-0.0228,-1.83,-3.21,8.83,4.25,2.00,5.88,9.57,0,1.70,0.0402,0.0666,0,0.000,0.000,0.00,0.00,0.000,0
-10.69,20.12,2.75,0.9801,-0.1703,0.0992,-0.0236,-1.81,-2.91,8.54,8.94,0.38,-2.88,9.20,0,1.70,0.0405,0.0658,0,0.000,0.000,0.00,0.00,0.000,0
phase1 acc_mag=9.624 gravity=9.571 motion=0.053 moving_avg=0.195 rms=0.262 mean_rms=0.257 max_rms=0.272 min_rms=0.198 std=0.018 var=0.000 state=standing thr=0.293/0.493/0.993
-10.69,20.00,2.94,0.9803,-0.1689,0.0991,-0.0256,-1.65,-3.35,8.79,3.19,0.88,0.38,9.55,0,1.70,0.0406,0.0652,0,0.000,0.000,0.00,0.00,0.000,0
-10.69,19.75,3.06,0.9807,-0.1666,0.0994,-0.0266,-1.83,-3.22,8.81,5.94,2.19,1.56,9.56,0,1.70,0.0408,0.0643,0,0.000,0.000,0.00,0.00,0.000,0
-10.88,19.38,2.88,0.9811,-0.1635,0.1006,-0.0242,-1.69,-2.93,8.70,7.56,0.12,6.38,9.33,0,1.70,0.0411,0.0632,0,0.000,0.000,0.00,0.00,0.000,0
phase1 acc_mag=9.617 gravity=9.572 motion=0.045 moving_avg=0.152 rms=0.196 mean_rms=0.259 max_rms=0.272 min_rms=0.196 std=0.015 var=0.000 state=standing thr=0.289/0.489/0.989
-10.94,19.00,2.81,0.9815,-0.1607,0.1010,-0.0247,-1.84,-3.06,8.93,3.19,1.56,-1.75,9.62,0,1.70,0.0412,0.0621,0,0.000,0.000,0.00,0.00,0.000,0
-10.94,18.62,2.94,0.9821,-0.1573,0.1008,-0.0252,-1.84,-3.23,8.90,1.19,-0.88,-1.31,9.65,0,1.70,0.0412,0.0608,0,0.000,0.000,0.00,0.00,0.000,0
-10.81,18.62,3.00,0.9821,-0.1572,0.1002,-0.0261,-2.00,-3.19,9.05,-0.88,-1.31,-1.06,9.80,0,1.70,0.0410,0.0607,0,0.000,0.000,0.00,0.00,0.000,0
-10.75,18.62,3.06,0.9822,-0.1572,0.0994,-0.0265,-1.59,-2.83,8.90,-1.19,-1.19,-2.62,9.47,0,1.70,0.0407,0.0607,0,0.000,0.000,0.00,0.00,0.000,0
phase1 acc_mag=9.479 gravity=9.579 motion=0.100 moving_avg=0.140 rms=0.174 mean_rms=0.241 max_rms=0.272 min_rms=0.170 std=0.036 var=0.001 state=standing thr=0.313/0.513/1.013
-10.62,18.62,3.31,0.9822,-0.1574,0.0986,-0.0286,-1.78,-3.25,8.85,-3.06,0.44,-4.69,9.59,0,1.70,0.0405,0.0607,0,0.000,0.000,0.00,0.00,0.000,0
-10.56,18.56,3.38,0.9822,-0.1570,0.0983,-0.0297,-1.73,-2.94,9.07,-0.75,-0.38,-0.81,9.69,0,1.70,0.0405,0.0605,0,0.000,0.000,0.00,0.00,0.000,0
-10.44,18.69,3.69,0.9822,-0.1576,0.0976,-0.0319,-1.69,-3.28,9.04,0.12,-1.81,-2.00,9.76,0,1.70,0.0404,0.0607,0,0.000,0.000,0.00,0.00,0.000,0
-10.38,18.56,3.81,0.9824,-0.1564,0.0972,-0.0328,-1.88,-3.14,8.70,4.12,1.62,-4.81,9.44,0,1.70,0.0402,0.0602,0,0.000,0.000,0.00,0.00,0.000,0
phase1 acc_mag=9.627 gravity=9.563 motion=0.064 moving_avg=0.130 rms=0.164 mean_rms=0.221 max_rms=0.272 min_rms=0.164 std=0.043 var=0.002 state=standing thr=0.308/0.508/1.008
-10.31,18.06,4.06,0.9830,-0.1517,0.0968,-0.0350,-1.70,-2.86,8.87,7.69,1.19,-4.06,9.47,0,1.70,0.0402,0.0583,0,0.000,0.000,0.00,0.00,0.000,0
-10.25,17.56,4.50,0.9836,-0.1475,0.0965,-0.0389,-1.59,-3.04,9.30,1.69,1.56,-3.19,9.91,0,1.70,0.0403,0.0565,0,0.000,0.000,0.00,0.00,0.000,0
-10.31,17.62,4.62,0.9835,-0.1476,0.0971,-0.0401,-1.36,-2.77,8.83,0.81,-0.50,1.44,9.35,0,1.70,0.0406,0.0565,0,0.000,0.000,0.00,0.00,0.000,0
-10.31,17.56,4.69,0.9835,-0.1472,0.0972,-0.0408,-1.81,-2.81,9.05,1.44,0.88,-0.50,9.65,0,1.70,0.0406,0.0563,0,0.000,0.000,0.00,0.00,0.000,0
phase1 acc_mag=9.600 gravity=9.564 motion=0.036 moving_avg=0.138 rms=0.176 mean_rms=0.200 max_rms=0.271 min_rms=0.154 std=0.038 var=0.001 state=standing thr=0.277/0.477/0.977
-10.31,17.56,4.69,0.9835,-0.1473,0.0975,-0.0403,-1.91,-2.87,9.03,-0.19,1.44,-0.56,9.67,0,1.70,0.0407,0.0564,0,0.000,0.000,0.00,0.00,0.000,0
-10.31,17.69,4.69,0.9833,-0.1481,0.0976,-0.0403,-1.84,-3.06,9.04,-2.31,0.12,-2.38,9.72,0,1.70,0.0408,0.0567,0,0.000,0.000,0.00,0.00,0.000,0
-10.44,18.06,4.38,0.9828,-0.1518,0.0983,-0.0378,-1.84,-3.49,8.70,-4.00,1.69,2.00,9.55,0,1.70,0.0409,0.0582,0,0.000,0.000,0.00,0.00,0.000,0
phase1 acc_mag=9.567 gravity=9.559 motion=0.007 moving_avg=0.129 rms=0.163 mean_rms=0.181 max_rms=0.238 min_rms=0.154 std=0.022 var=0.000 state=standing thr=0.225/0.425/0.925
-10.56,18.12,4.25,0.9828,-0.1517,0.0991,-0.0359,-1.51,-2.84,9.01,2.25,0.50,6.50,9.57,0,1.70,0.0411,0.0582,0,0.000,0.000,0.00,0.00,0.000,0
-10.62,18.06,3.88,0.9828,-0.1519,0.0993,-0.0333,-1.90,-3.10,8.95,1.00,-3.81,-4.69,9.66,0,1.70,0.0411,0.0584,0,0.000,0.000,0.00,0.00,0.000,0
-10.44,18.12,4.00,0.9828,-0.1523,0.0980,-0.0347,-1.66,-2.83,8.83,-2.12,-0.50,-3.25,9.42,0,1.70,0.0406,0.0585,0,0.000,0.000,0.00,0.00,0.000,0
-10.38,18.19,4.25,0.9827,-0.1528,0.0978,-0.0367,-1.60,-2.68,8.93,-0.81,-0.06,-6.19,9.46,0,1.70,0.0407,0.0586,0,0.000,0.000,0.00,0.00,0.000,0
phase1 acc_mag=9.716 gravity=9.561 motion=0.154 moving_avg=0.127 rms=0.161 mean_rms=0.169 max_rms=0.179 min_rms=0.154 std=0.006 var=0.000 state=standing thr=0.181/0.381/0.881
-10.38,18.19,4.31,0.9827,-0.1528,0.0974,-0.0372,-1.84,-2.80,8.92,-0.50,-1.44,-0.88,9.53,0,1.70,0.0406,0.0586,0,0.000,0.000,0.00,0.00,0.000,0
-10.25,18.38,4.50,0.9825,-0.1542,0.0967,-0.0389,-1.65,-3.12,8.99,-0.31,-0.25,-3.12,9.66,0,1.70,0.0404,0.0591,0,0.000,0.000,0.00,0.00,0.000,0
-10.31,18.38,4.44,0.9824,-0.1546,0.0977,-0.0381,-1.86,-2.97,8.97,-1.50,0.19,0.06,9.63,0,1.70,0.0407,0.0593,0,0.000,0.000,0.00,0.00,0.000,0
-10.38,18.38,4.50,0.9824,-0.1544,0.0979,-0.0388,-1.86,-2.99,8.84,-0.38,0.12,2.75,9.52,0,1.70,0.0409,0.0591,0,0.000,0.000,0.00,0.00,0.000,0
phase1 acc_mag=9.731 gravity=9.567 motion=0.164 moving_avg=0.114 rms=0.149 mean_rms=0.165 max_rms=0.179 min_rms=0.148 std=0.009 var=0.000 state=standing thr=0.182/0.382/0.882
-10.19,18.75,4.94,0.9819,-0.1570,0.0972,-0.0426,-1.75,-3.34,8.50,-4.19,1.50,-18.31,9.30,0,1.70,0.0408,0.0600,0,0.000,0.000,0.00,0.00,0.000,0
-9.94,18.94,6.12,0.9813,-0.1578,0.0964,-0.0540,-1.99,-3.06,8.88,2.88,1.06,-15.00,9.60,0,1.70,0.0413,0.0599,0,0.000,0.000,0.00,0.00,0.000,0
-9.88,18.88,6.38,0.9813,-0.1572,0.0964,-0.0551,-1.61,-3.06,8.92,0.75,-0.81,-1.69,9.57,0,1.70,0.0413,0.0596,0,0.000,0.000,0.00,0.00,0.000,0
-9.75,18.81,6.75,0.9813,-0.1564,0.0961,-0.0582,-1.70,-3.03,8.93,3.31,0.88,0.00,9.58,0,1.70,0.0413,0.0591,0,0.000,0.000,0.00,0.00,0.000,0
phase1 acc_mag=9.398 gravity=9.562 motion=0.164 moving_avg=0.105 rms=0.134 mean_rms=0.162 max_rms=0.179 min_rms=0.134 std=0.010 var=0.000 state=standing thr=0.182/0.382/0.882
-9.75,18.69,6.81,0.9814,-0.1553,0.0958,-0.0589,-1.70,-2.95,9.00,2.56,-1.06,-3.06,9.62,0,1.70,0.0413,0.0587,0,0.000,0.000,0.00,0.00,0.000,0
-9.69,18.75,7.19,0.9811,-0.1559,0.0959,-0.0624,-1.80,-3.25,9.33,-0.75,1.69,-2.88,10.04,0,1.70,0.0415,0.0588,0,0.000,0.000,0.00,0.00,0.000,0
-9.12,19.00,8.50,0.9805,-0.1571,0.0926,-0.0729,-1.42,-3.36,8.60,3.12,-6.88,-16.56,9.34,0,1.70,0.0409,0.0589,0,0.000,0.000,0.00,0.00,0.000,0
-8.50,18.88,9.56,0.9803,-0.1561,0.0887,-0.0823,-1.22,-2.76,8.76,4.44,-2.62,-9.62,9.27,0,1.70,0.0399,0.0583,0,0.000,0.000,0.00,0.00,0.000,0
phase1 acc_mag=9.942 gravity=9.576 motion=0.366 moving_avg=0.139 rms=0.214 mean_rms=0.161 max_rms=0.214 min_rms=0.121 std=0.019 var=0.000 state=slow thr=0.198/0.398/0.898
-8.19,18.81,10.62,0.9798,-0.1553,0.0873,-0.0912,-1.32,-2.97,8.91,0.94,-1.06,-6.25,9.48,0,1.70,0.0399,0.0577,0,0.000,0.000,0.00,0.00,0.000,0
-8.19,18.81,10.50,0.9799,-0.1553,0.0873,-0.0902,-1.36,-2.92,9.03,-0.75,-0.44,0.62,9.59,0,1.70,0.0398,0.0577,0,0.000,0.000,0.00,0.00,0.000,0
-7.75,19.00,11.56,0.9789,-0.1559,0.0850,-0.1005,-1.31,-2.72,8.87,2.38,-0.38,-10.62,9.37,0,1.70,0.0395,0.0577,0,0.000,0.000,0.00,0.00,0.000,0
-7.69,19.00,11.88,0.9788,-0.1561,0.0850,-0.1020,-1.20,-3.04,9.09,0.25,-0.50,6.12,9.66,0,1.70,0.0396,0.0576,0,0.000,0.000,0.00,0.00,0.000,0
phase1 acc_mag=9.748 gravity=9.570 motion=0.178 moving_avg=0.138 rms=0.213 mean_rms=0.171 max_rms=0.217 min_rms=0.121 std=0.029 var=0.001 state=standing thr=0.229/0.429/0.929
-7.81,19.00,11.62,0.9789,-0.1562,0.0854,-0.0999,-1.37,-2.97,8.84,1.06,-0.25,3.75,9.43,0,1.70,0.0397,0.0577,0,0.000,0.000,0.00,0.00,0.000,0
-7.81,18.94,11.44,0.9791,-0.1560,0.0854,-0.0984,-1.48,-3.11,8.87,-4.31,-2.12,-0.62,9.52,0,1.70,0.0396,0.0577,0,0.000,0.000,0.00,0.00,0.000,0
-7.69,19.19,11.62,0.9786,-0.1580,0.0850,-0.1001,-1.41,-3.18,9.12,-3.00,1.25,-5.50,9.76,0,1.70,0.0396,0.0585,0,0.000,0.000,0.00,0.00,0.000,0
phase1 acc_mag=9.750 gravity=9.566 motion=0.184 moving_avg=0.141 rms=0.214 mean_rms=0.181 max_rms=0.217 min_rms=0.121 std=0.033 var=0.001 state=standing thr=0.248/0.448/0.948
-7.62,19.50,11.94,0.9779,-0.1611,0.0852,-0.1026,-1.53,-3.37,9.02,-6.56,1.12,-3.06,9.75,0,1.70,0.0399,0.0595,0,0.000,0.000,0.00,0.00,0.000,0
-8.31,19.69,10.75,0.9783,-0.1622,0.0897,-0.0922,-1.47,-3.09,8.73,-2.00,6.19,12.25,9.38,0,1.70,0.0411,0.0602,0,0.000,0.000,0.00,0.00,0.000,0
-8.56,19.94,10.75,0.9777,-0.1641,0.0921,-0.0931,-1.65,-3.03,8.89,1.06,0.56,-8.12,9.54,0,1.70,0.0421,0.0607,0,0.000,0.000,0.00,0.00,0.000,0
-8.62,20.19,10.94,0.9773,-0.1659,0.0931,-0.0937,-1.65,-3.54,8.82,-4.75,1.81,-6.31,9.65,0,1.70,0.0426,0.0614,0,0.000,0.000,0.00,0.00,0.000,0
phase1 acc_mag=9.723 gravity=9.566 motion=0.158 moving_avg=0.151 rms=0.223 mean_rms=0.196 max_rms=0.226 min_rms=0.121 std=0.033 var=0.001 state=standing thr=0.261/0.461/0.961
-8.56,20.38,11.31,0.9767,-0.1674,0.0929,-0.0973,-1.47,-3.31,9.05,-0.88,0.75,-5.50,9.75,0,1.70,0.0428,0.0618,0,0.000,0.000,0.00,0.00,0.000,0
-8.44,20.38,11.56,0.9766,-0.1674,0.0922,-0.0992,-1.36,-2.86,8.80,-1.88,-2.94,-6.75,9.35,0,1.70,0.0427,0.0617,0,0.000,0.000,0.00,0.00,0.000,0
-8.00,20.75,12.00,0.9759,-0.1707,0.0892,-0.1027,-1.29,-2.38,8.57,9.25,-6.38,6.81,8.99,0,1.70,0.0418,0.0630,0,0.000,0.000,0.00,0.00,0.000,0
-8.06,20.62,11.38,0.9766,-0.1697,0.0891,-0.0978,-1.52,-4.00,9.17,3.75,-0.94,10.19,10.12,0,1.70,0.0414,0.0628,0,0.000,0.000,0.00,0.00,0.000,0
phase1 acc_mag=9.584 gravity=9.583 motion=0.000 moving_avg=0.183 rms=0.267 mean_rms=0.216 max_rms=0.267 min_rms=0.121 std=0.026 var=0.001 state=standing thr=0.268/0.468/0.968
-8.12,20.06,10.88,0.9779,-0.1649,0.0881,-0.0932,-1.19,-3.31,8.89,5.62,-4.69,0.44,9.56,0,1.70,0.0406,0.0612,0,0.000,0.000,0.00,0.00,0.000,0
-7.69,19.81,11.12,0.9782,-0.1634,0.0849,-0.0958,-1.07,-3.25,8.94,2.69,-2.38,-9.75,9.57,0,1.70,0.0395,0.0607,0,0.000,0.000,0.00,0.00,0.000,0
-7.62,19.88,11.62,0.9777,-0.1639,0.0848,-0.0999,-1.36,-3.25,8.89,-1.75,2.56,-7.00,9.56,0,1.70,0.0397,0.0607,0,0.000,0.000,0.00,0.00,0.000,0
phase1 acc_mag=9.671 gravity=9.575 motion=0.096 moving_avg=0.129 rms=0.194 mean_rms=0.223 max_rms=0.267 min_rms=0.194 std=0.018 var=0.000 state=standing thr=0.260/0.460/0.960
-7.75,20.00,11.69,0.9775,-0.1646,0.0864,-0.1000,-1.32,-3.23,9.02,-2.25,1.38,5.62,9.67,0,1.70,0.0404,0.0609,0,0.000,0.000,0.00,0.00,0.000,0
-7.88,20.06,11.56,0.9774,-0.1652,0.0869,-0.0992,-1.18,-3.40,8.99,-0.06,1.12,-4.56,9.68,0,1.70,0.0405,0.0611,0,0.000,0.000,0.00,0.00,0.000,0
-7.94,20.12,11.75,0.9771,-0.1656,0.0882,-0.1010,-1.40,-3.33,8.93,-2.81,3.00,2.12,9.63,0,1.70,0.0412,0.0612,0,0.000,0.000,0.00,0.00,0.000,0
-7.94,20.19,12.00,0.9767,-0.1660,0.0885,-0.1031,-1.36,-3.39,9.04,-0.69,0.25,-0.62,9.75,0,1.70,0.0414,0.0612,0,0.000,0.000,0.00,0.00,0.000,0
phase1 acc_mag=9.515 gravity=9.576 motion=0.061 moving_avg=0.127 rms=0.193 mean_rms=0.219 max_rms=0.267 min_rms=0.193 std=0.022 var=0.000 state=standing thr=0.262/0.462/0.962
-7.94,20.19,11.88,0.9768,-0.1660,0.0884,-0.1021,-1.42,-3.21,8.89,-1.94,-1.62,12.44,9.56,0,1.70,0.0413,0.0613,0,0.000,0.000,0.00,0.00,0.000,0
-8.25,20.12,11.06,0.9775,-0.1660,0.0897,-0.0948,-1.31,-3.36,8.92,-0.50,2.31,4.81,9.62,0,1.70,0.0414,0.0615,0,0.000,0.000,0.00,0.00,0.000,0
-8.12,20.12,11.75,0.9770,-0.1649,0.0896,-0.1015,-1.52,-3.28,9.03,3.06,0.44,-6.31,9.73,0,1.70,0.0417,0.0608,0,0.000,0.000,0.00,0.00,0.000,0
-7.94,20.00,12.12,0.9769,-0.1644,0.0885,-0.1043,-1.24,-3.19,9.00,-0.44,-2.19,-1.88,9.63,0,1.70,0.0414,0.0605,0,0.000,0.000,0.00,0.00,0.000,0
phase1 acc_mag=9.502 gravity=9.589 motion=0.088 moving_avg=0.122 rms=0.195 mean_rms=0.215 max_rms=0.267 min_rms=0.190 std=0.024 var=0.001 state=standing thr=0.263/0.463/0.963
-7.81,20.06,12.44,0.9766,-0.1647,0.0875,-0.1073,-1.44,-3.30,9.00,-0.06,-1.81,-5.62,9.69,0,1.70,0.0412,0.0606,0,0.000,0.000,0.00,0.00,0.000,0
-7.62,20.00,12.38,0.9768,-0.1646,0.0860,-0.1064,-1.26,-3.37,8.88,0.00,0.25,1.38,9.58,0,1.70,0.0406,0.0606,0,0.000,0.000,0.00,0.00,0.000,0
-7.56,20.25,12.75,0.9761,-0.1665,0.0865,-0.1097,-1.31,-3.42,8.80,-2.88,1.88,-8.50,9.53,0,1.70,0.0411,0.0612,0,0.000,0.000,0.00,0.00,0.000,0
-7.62,20.12,12.81,0.9763,-0.1650,0.0869,-0.1100,-1.50,-2.96,8.84,4.94,-3.94,6.12,9.44,0,1.70,0.0412,0.0606,0,0.000,0.000,0.00,0.00,0.000,0
phase1 acc_mag=9.393 gravity=9.573 motion=0.181 moving_avg=0.113 rms=0.187 mean_rms=0.208 max_rms=0.267 min_rms=0.186 std=0.025 var=0.001 state=standing thr=0.259/0.459/0.959
-7.44,20.06,12.44,0.9768,-0.1649,0.0847,-0.1069,-1.31,-3.31,8.96,-0.75,-1.25,-1.94,9.64,0,1.70,0.0401,0.0608,0,0.000,0.000,0.00,0.00,0.000,0
-7.62,20.00,11.88,0.9773,-0.1647,0.0854,-0.1022,-1.36,-3.10,8.80,-0.56,1.25,2.88,9.43,0,1.70,0.0401,0.0609,0,0.000,0.000,0.00,0.00,0.000,0
-7.56,20.00,12.06,0.9772,-0.1647,0.0851,-0.1034,-1.14,-3.30,8.86,2.25,0.25,-0.44,9.52,0,1.70,0.0401,0.0609,0,0.000,0.000,0.00,0.00,0.000,0
phase1 acc_mag=9.529 gravity=9.551 motion=0.022 moving_avg=0.093 rms=0.127 mean_rms=0.185 max_rms=0.240 min_rms=0.125 std=0.024 var=0.001 state=standing thr=0.233/0.433/0.933
-7.62,19.75,12.00,0.9775,-0.1629,0.0856,-0.1028,-1.36,-3.12,8.90,-2.06,-0.38,4.00,9.53,0,1.70,0.0402,0.0602,0,0.000,0.000,0.00,0.00,0.000,0
-7.69,20.06,11.81,0.9773,-0.1652,0.0858,-0.1015,-1.29,-3.42,9.01,0.62,0.62,0.75,9.72,0,1.70,0.0402,0.0611,0,0.000,0.000,0.00,0.00,0.000,0
-7.62,20.00,11.94,0.9774,-0.1644,0.0851,-0.1024,-1.08,-3.48,9.01,3.12,-0.50,-0.88,9.72,0,1.70,0.0400,0.0608,0,0.000,0.000,0.00,0.00,0.000,0
-7.56,19.69,11.62,0.9780,-0.1626,0.0842,-0.1000,-1.13,-3.36,8.96,0.75,-3.56,10.06,9.64,0,1.70,0.0395,0.0602,0,0.000,0.000,0.00,0.00,0.000,0
phase1 acc_mag=9.577 gravity=9.559 motion=0.018 moving_avg=0.101 rms=0.136 mean_rms=0.171 max_rms=0.202 min_rms=0.125 std=0.029 var=0.001 state=standing thr=0.229/0.429/0.929
-7.69,20.00,11.12,0.9777,-0.1667,0.0854,-0.0956,-1.12,-2.94,8.91,-20.38,5.56,-1.56,9.45,0,1.70,0.0398,0.0619,0,0.000,0.000,0.00,0.00,0.000,0
-7.88,21.19,11.38,0.9756,-0.1753,0.0885,-0.0976,-1.72,-3.42,8.38,-6.31,5.00,-2.94,9.21,0,1.70,0.0414,0.0650,0,0.000,0.000,0.00,0.00,0.000,0
-7.88,21.25,11.50,0.9755,-0.1756,0.0884,-0.0984,-1.15,-3.17,8.78,0.50,-3.25,-1.94,9.41,0,1.70,0.0414,0.0650,0,0.000,0.000,0.00,0.00,0.000,0
-7.81,21.00,11.06,0.9764,-0.1740,0.0865,-0.0948,-1.08,-3.29,8.83,1.88,-5.81,17.19,9.48,0,1.70,0.0404,0.0647,0,0.000,0.000,0.00,0.00,0.000,0
phase1 acc_mag=9.280 gravity=9.550 motion=0.270 moving_avg=0.131 rms=0.177 mean_rms=0.163 max_rms=0.202 min_rms=0.125 std=0.027 var=0.001 state=standing thr=0.218/0.418/0.918
-8.00,20.81,10.44,0.9771,-0.1724,0.0875,-0.0894,-1.38,-3.44,8.99,3.88,-1.25,0.25,9.72,0,1.70,0.0404,0.0642,0,0.000,0.000,0.00,0.00,0.000,0
-8.00,20.56,10.19,0.9777,-0.1702,0.0867,-0.0876,-1.32,-3.44,8.73,4.62,-2.81,8.31,9.48,0,1.70,0.0399,0.0635,0,0.000,0.000,0.00,0.00,0.000,0
-7.88,20.25,10.19,0.9782,-0.1680,0.0850,-0.0876,-1.64,-3.16,8.79,-2.44,-3.75,-4.94,9.48,0,1.70,0.0392,0.0627,0,0.000,0.000,0.00,0.00,0.000,0
-7.50,20.12,10.69,0.9782,-0.1669,0.0825,-0.0917,-1.02,-2.77,8.82,6.19,-2.50,-6.12,9.30,0,1.70,0.0384,0.0623,0,0.000,0.000,0.00,0.00,0.000,0
phase1 acc_mag=9.638 gravity=9.551 motion=0.087 moving_avg=0.134 rms=0.174 mean_rms=0.158 max_rms=0.188 min_rms=0.125 std=0.023 var=0.001 state=standing thr=0.203/0.403/0.903
-7.31,20.06,11.12,0.9781,-0.1660,0.0816,-0.0955,-1.25,-3.08,8.94,2.38,-1.25,-3.75,9.54,0,1.70,0.0383,0.0618,0,0.000,0.000,0.00,0.00,0.000,0
-7.25,20.06,11.12,0.9781,-0.1663,0.0808,-0.0954,-1.25,-2.41,8.98,-2.75,0.06,3.88,9.38,0,1.70,0.0380,0.0620,0,0.000,0.000,0.00,0.00,0.000,0
-7.44,20.44,11.00,0.9775,-0.1693,0.0829,-0.0944,-0.52,-2.91,8.94,7.81,-3.31,7.06,9.42,0,1.70,0.0388,0.0631,0,0.000,0.000,0.00,0.00,0.000,0
-7.44,20.06,11.06,0.9780,-0.1664,0.0828,-0.0948,-1.36,-3.07,8.91,7.81,0.00,-3.56,9.52,0,1.70,0.0387,0.0619,0,0.000,0.000,0.00,0.00,0.000,0
phase1 acc_mag=9.440 gravity=9.566 motion=0.126 moving_avg=0.157 rms=0.204 mean_rms=0.159 max_rms=0.205 min_rms=0.125 std=0.025 var=0.001 state=standing thr=0.210/0.410/0.910
-7.38,19.88,11.19,0.9782,-0.1647,0.0821,-0.0963,-1.00,-2.97,8.77,2.75,-1.06,1.19,9.31,0,1.70,0.0385,0.0613,0,0.000,0.000,0.00,0.00,0.000,0
-7.38,19.88,11.19,0.9783,-0.1644,0.0823,-0.0959,-1.28,-3.08,8.88,-2.19,-0.25,1.56,9.49,0,1.70,0.0385,0.0612,0,0.000,0.000,0.00,0.00,0.000,0
-7.25,20.06,11.75,0.9775,-0.1659,0.0816,-0.1014,-1.32,-3.45,9.11,3.62,0.25,-8.94,9.83,0,1.70,0.0386,0.0616,0,0.000,0.000,0.00,0.00,0.000,0
-7.06,20.25,12.56,0.9766,-0.1672,0.0816,-0.1078,-1.24,-3.44,8.98,-3.62,-0.19,-1.50,9.70,0,1.70,0.0391,0.0618,0,0.000,0.000,0.00,0.00,0.000,0
phase1 acc_mag=9.483 gravity=9.576 motion=0.093 moving_avg=0.166 rms=0.210 mean_rms=0.176 max_rms=0.212 min_rms=0.131 std=0.026 var=0.001 state=standing thr=0.228/0.428/0.928
-7.19,20.19,12.12,0.9772,-0.1671,0.0817,-0.1023,-1.23,-3.26,8.86,-6.75,-5.50,17.56,9.52,0,1.70,0.0388,0.0620,0,0.000,0.000,0.00,0.00,0.000,0
-7.06,20.75,11.31,0.9770,-0.1722,0.0801,-0.0969,-0.77,-2.97,8.94,-4.50,-7.06,5.94,9.45,0,1.70,0.0380,0.0642,0,0.000,0.000,0.00,0.00,0.000,0
-6.75,21.06,11.38,0.9766,-0.1752,0.0778,-0.0975,-1.03,-3.68,9.05,-5.94,-4.12,-5.06,9.82,0,1.70,0.0372,0.0654,0,0.000,0.000,0.00,0.00,0.000,0
-6.50,21.00,11.62,0.9766,-0.1746,0.0764,-0.0999,-1.03,-3.15,8.79,5.50,1.06,-1.69,9.39,0,1.70,0.0368,0.0651,0,0.000,0.000,0.00,0.00,0.000,0
phase1 acc_mag=9.696 gravity=9.590 motion=0.106 moving_avg=0.157 rms=0.195 mean_rms=0.192 max_rms=0.212 min_rms=0.160 std=0.018 var=0.000 state=standing thr=0.227/0.427/0.927
-6.44,20.88,12.00,0.9766,-0.1733,0.0762,-0.1027,-1.07,-3.52,8.96,0.38,0.06,-5.88,9.69,0,1.70,0.0369,0.0646,0,0.000,0.000,0.00,0.00,0.000,0
-6.38,20.81,12.19,0.9763,-0.1732,0.0759,-0.1053,-0.97,-3.28,8.92,-0.38,0.94,-8.94,9.55,0,1.70,0.0369,0.0644,0,0.000,0.000,0.00,0.00,0.000,0
-6.25,20.81,12.50,0.9761,-0.1732,0.0751,-0.1073,-0.91,-3.06,8.88,1.19,-1.19,-1.56,9.44,0,1.70,0.0367,0.0644,0,0.000,0.000,0.00,0.00,0.000,0
-6.12,20.88,12.94,0.9758,-0.1732,0.0744,-0.1110,-1.16,-3.20,8.82,-0.12,-2.25,-2.88,9.45,0,1.70,0.0367,0.0643,0,0.000,0.000,0.00,0.00,0.000,0
phase1 acc_mag=9.558 gravity=9.565 motion=0.007 moving_avg=0.145 rms=0.181 mean_rms=0.196 max_rms=0.212 min_rms=0.169 std=0.014 var=0.000 state=standing thr=0.223/0.423/0.923
-5.94,20.88,12.75,0.9760,-0.1739,0.0726,-0.1094,-1.08,-2.91,8.73,1.44,-3.38,2.19,9.27,0,1.70,0.0360,0.0647,0,0.000,0.000,0.00,0.00,0.000,0
-5.75,21.00,12.75,0.9758,-0.1750,0.0715,-0.1093,-1.09,-2.96,8.67,-1.00,-1.31,-3.44,9.23,0,1.70,0.0356,0.0652,0,0.000,0.000,0.00,0.00,0.000,0
-5.69,21.25,12.94,0.9753,-0.1768,0.0714,-0.1116,-1.02,-3.53,8.94,1.94,1.56,-7.94,9.67,0,1.70,0.0358,0.0658,0,0.000,0.000,0.00,0.00,0.000,0
-5.50,21.44,13.00,0.9751,-0.1786,0.0696,-0.1113,-0.77,-3.67,8.92,-5.44,-5.75,-2.00,9.68,0,1.70,0.0351,0.0666,0,0.000,0.000,0.00,0.00,0.000,0
phase1 acc_mag=9.649 gravity=9.567 motion=0.082 moving_avg=0.139 rms=0.174 mean_rms=0.197 max_rms=0.212 min_rms=0.174 std=0.011 var=0.000 state=standing thr=0.220/0.420/0.920
-5.31,21.38,13.25,0.9750,-0.1786,0.0683,-0.1134,-1.10,-3.59,8.96,2.31,-0.62,-7.00,9.71,0,1.70,0.0347,0.0666,0,0.000,0.000,0.00,0.00,0.000,0
-4.94,21.38,13.81,0.9744,-0.1788,0.0660,-0.1192,-0.86,-3.59,8.85,0.44,0.38,-12.44,9.59,0,1.70,0.0343,0.0666,0,0.000,0.000,0.00,0.00,0.000,0
-4.62,21.44,14.81,0.9735,-0.1786,0.0651,-0.1270,-0.47,-3.55,9.47,-0.50,1.94,-11.25,10.12,0,1.70,0.0344,0.0663,0,0.000,0.000,0.00,0.00,0.000,0
phase1 acc_mag=9.132 gravity=9.563 motion=0.431 moving_avg=0.167 rms=0.279 mean_rms=0.192 max_rms=0.279 min_rms=0.151 std=0.021 var=0.000 state=slow thr=0.235/0.435/0.935
-4.56,21.44,15.69,0.9725,-0.1785,0.0661,-0.1346,-1.36,-3.51,8.32,2.56,4.31,-9.06,9.13,0,1.70,0.0353,0.0659,0,0.000,0.000,0.00,0.00,0.000,0
-4.50,21.50,15.25,0.9730,-0.1791,0.0645,-0.1304,-0.73,-3.67,8.84,-2.00,-2.62,6.19,9.60,0,1.70,0.0345,0.0663,0,0.000,0.000,0.00,0.00,0.000,0
-4.69,21.50,14.88,0.9733,-0.1793,0.0661,-0.1272,-0.67,-3.64,8.68,1.69,6.69,2.00,9.44,0,1.70,0.0349,0.0664,0,0.000,0.000,0.00,0.00,0.000,0
-4.75,20.88,15.94,0.9731,-0.1735,0.0670,-0.1363,-0.57,-2.99,8.88,5.81,3.25,-15.56,9.39,0,1.70,0.0355,0.0639,0,0.000,0.000,0.00,0.00,0.000,0
phase1 acc_mag=9.465 gravity=9.560 motion=0.095 moving_avg=0.162 rms=0.280 mean_rms=0.206 max_rms=0.283 min_rms=0.151 std=0.042 var=0.002 state=standing thr=0.290/0.490/0.990
-4.88,20.56,16.44,0.9728,-0.1701,0.0690,-0.1410,-1.17,-3.19,8.91,0.19,1.69,-0.75,9.54,0,1.70,0.0365,0.0623,0,0.000,0.000,0.00,0.00,0.000,0
-5.00,21.00,15.88,0.9729,-0.1739,0.0693,-0.1357,-1.21,-3.43,8.89,-8.62,0.62,0.00,9.61,0,1.70,0.0364,0.0639,0,0.000,0.000,0.00,0.00,0.000,0
-5.00,21.12,15.88,0.9726,-0.1757,0.0692,-0.1359,-1.33,-3.71,9.22,-5.50,1.00,-5.81,10.03,0,1.70,0.0365,0.0646,0,0.000,0.000,0.00,0.00,0.000,0
-4.81,21.38,15.69,0.9725,-0.1776,0.0681,-0.1343,-0.80,-3.58,8.85,-3.62,-1.00,4.50,9.58,0,1.70,0.0360,0.0654,0,0.000,0.000,0.00,0.00,0.000,0
phase1 acc_mag=9.701 gravity=9.554 motion=0.147 moving_avg=0.166 rms=0.285 mean_rms=0.222 max_rms=0.285 min_rms=0.151 std=0.052 var=0.003 state=standing thr=0.326/0.526/1.026
-4.75,21.31,16.06,0.9721,-0.1766,0.0681,-0.1384,-0.68,-3.50,8.96,3.88,3.12,-8.06,9.64,0,1.70,0.0362,0.0649,0,0.000,0.000,0.00,0.00,0.000,0
-4.88,21.19,16.62,0.9717,-0.1755,0.0696,-0.1422,-0.83,-3.05,8.68,4.00,3.88,-6.75,9.24,0,1.70,0.0370,0.0642,0,0.000,0.000,0.00,0.00,0.000,0
-5.06,21.06,16.69,0.9716,-0.1743,0.0710,-0.1435,-0.94,-3.35,9.02,4.94,0.62,3.00,9.67,0,1.70,0.0376,0.0637,0,0.000,0.000,0.00,0.00,0.000,0
phase1 acc_mag=9.444 gravity=9.573 motion=0.129 moving_avg=0.174 rms=0.297 mean_rms=0.244 max_rms=0.298 min_rms=0.151 std=0.054 var=0.003 state=standing thr=0.351/0.551/1.051
-4.62,20.94,18.44,0.9698,-0.1725,0.0696,-0.1578,-0.58,-3.43,8.78,2.06,6.06,-37.06,9.44,0,1.70,0.0379,0.0625,0,0.000,0.000,0.00,0.00,0.000,0
-4.25,21.00,20.75,0.9665,-0.1721,0.0702,-0.1771,-0.68,-3.28,8.77,-1.81,4.94,-18.12,9.39,0,1.70,0.0393,0.0616,0,0.000,0.000,0.00,0.00,0.000,0
-4.00,20.88,22.19,0.9644,-0.1710,0.0698,-0.1893,-0.61,-3.37,8.93,0.94,-2.25,-7.06,9.56,0,1.70,0.0399,0.0607,0,0.000,0.000,0.00,0.00,0.000,0
-4.25,20.75,21.44,0.9659,-0.1694,0.0715,-0.1819,-0.75,-3.40,8.89,3.06,3.00,16.06,9.55,0,1.70,0.0399,0.0602,0,0.000,0.000,0.00,0.00,0.000,0
phase1 acc_mag=9.951 gravity=9.573 motion=0.378 moving_avg=0.183 rms=0.302 mean_rms=0.267 max_rms=0.302 min_rms=0.151 std=0.046 var=0.002 state=standing thr=0.359/0.559/1.059
-5.25,20.44,19.12,0.9695,-0.1666,0.0753,-0.1634,-1.24,-3.37,8.99,-1.56,-0.12,41.06,9.68,0,1.70,0.0401,0.0597,0,0.000,0.000,0.00,0.00,0.000,0
-6.50,19.88,14.94,0.9750,-0.1630,0.0797,-0.1281,-1.11,-3.42,9.03,-9.38,-7.44,20.81,9.72,0,1.70,0.0394,0.0595,0,0.000,0.000,0.00,0.00,0.000,0
-6.31,19.81,14.50,0.9758,-0.1628,0.0775,-0.1234,-1.00,-3.37,9.15,3.31,-3.50,9.06,9.80,0,1.70,0.0383,0.0597,0,0.000,0.000,0.00,0.00,0.000,0
-6.38,19.56,13.75,0.9768,-0.1615,0.0768,-0.1179,-1.10,-3.02,8.81,0.88,-3.12,10.12,9.38,0,1.70,0.0376,0.0595,0,0.000,0.000,0.00,0.00,0.000,0
phase1 acc_mag=9.118 gravity=9.581 motion=0.464 moving_avg=0.159 rms=0.218 mean_rms=0.286 max_rms=0.305 min_rms=0.213 std=0.018 var=0.000 state=standing thr=0.321/0.521/1.021
-6.12,19.50,14.50,0.9763,-0.1608,0.0752,-0.1243,-0.79,-3.47,9.16,0.62,2.00,-11.62,9.83,0,1.70,0.0374,0.0591,0,0.000,0.000,0.00,0.00,0.000,0
-6.00,19.50,15.06,0.9756,-0.1603,0.0746,-0.1299,-1.18,-3.11,9.00,0.81,-1.56,-7.94,9.60,0,1.70,0.0375,0.0587,0,0.000,0.000,0.00,0.00,0.000,0
-5.75,19.50,15.56,0.9752,-0.1603,0.0735,-0.1335,-1.02,-3.06,9.03,0.31,-2.06,-1.19,9.59,0,1.70,0.0373,0.0586,0,0.000,0.000,0.00,0.00,0.000,0
-5.50,19.44,15.50,0.9755,-0.1603,0.0710,-0.1331,-0.94,-3.20,8.93,1.44,-3.50,-0.62,9.53,0,1.70,0.0362,0.0588,0,0.000,0.000,0.00,0.00,0.000,0
phase1 acc_mag=9.425 gravity=9.584 motion=0.159 moving_avg=0.157 rms=0.216 mean_rms=0.273 max_rms=0.305 min_rms=0.213 std=0.033 var=0.001 state=standing thr=0.339/0.539/1.039
-5.19,19.38,15.75,0.9754,-0.1600,0.0689,-0.1349,-1.06,-3.08,9.31,3.44,-4.44,-10.44,9.86,0,1.70,0.0355,0.0587,0,0.000,0.000,0.00,0.00,0.000,0
-4.88,19.38,15.19,0.9761,-0.1611,0.0652,-0.1301,-0.69,-3.30,9.00,-5.38,-4.19,3.75,9.61,0,1.70,0.0339,0.0595,0,0.000,0.000,0.00,0.00,0.000,0
-4.62,19.44,15.38,0.9759,-0.1618,0.0635,-0.1321,-0.75,-2.97,8.92,-0.31,-2.38,-3.12,9.43,0,1.70,0.0333,0.0598,0,0.000,0.000,0.00,0.00,0.000,0
phase1 acc_mag=9.446 gravity=9.578 motion=0.132 moving_avg=0.154 rms=0.211 mean_rms=0.259 max_rms=0.305 min_rms=0.210 std=0.040 var=0.002 state=standing thr=0.339/0.539/1.039
-4.50,19.62,15.62,0.9753,-0.1633,0.0629,-0.1343,-0.92,-2.97,8.92,-3.38,-0.12,-7.94,9.45,0,1.70,0.0333,0.0603,0,0.000,0.000,0.00,0.00,0.000,0
-4.38,20.00,15.94,0.9745,-0.1666,0.0626,-0.1369,-0.53,-3.39,9.03,-6.19,-1.56,-1.69,9.66,0,1.70,0.0335,0.0615,0,0.000,0.000,0.00,0.00,0.000,0
-4.44,20.31,14.75,0.9756,-0.1696,0.0618,-0.1249,-0.67,-3.56,8.89,-0.88,-2.75,16.94,9.60,0,1.70,0.0326,0.0631,0,0.000,0.000,0.00,0.00,0.000,0
-4.50,20.31,14.88,0.9752,-0.1696,0.0626,-0.1276,-0.83,-3.33,8.97,0.31,2.69,-9.38,9.60,0,1.70,0.0331,0.0629,0,0.000,0.000,0.00,0.00,0.000,0
phase1 acc_mag=9.601 gravity=9.575 motion=0.026 moving_avg=0.130 rms=0.184 mean_rms=0.241 max_rms=0.305 min_rms=0.184 std=0.042 var=0.002 state=standing thr=0.326/0.526/1.026
-4.31,20.38,15.12,0.9750,-0.1703,0.0613,-0.1292,-0.97,-3.13,8.97,-2.19,-4.50,2.94,9.55,0,1.70,0.0327,0.0632,0,0.000,0.000,0.00,0.00,0.000,0
-4.56,20.44,13.62,0.9764,-0.1709,0.0616,-0.1172,-0.95,-2.92,9.01,-3.31,-5.31,35.69,9.52,0,1.70,0.0321,0.0639,0,0.000,0.000,0.00,0.00,0.000,0
-4.94,20.56,11.81,0.9777,-0.1730,0.0620,-0.1014,-1.10,-3.17,8.85,-6.31,-6.69,17.12,9.46,0,1.70,0.0313,0.0651,0,0.000,0.000,0.00,0.00,0.000,0
-4.69,20.88,11.12,0.9779,-0.1764,0.0590,-0.0954,-0.89,-3.69,8.91,-1.81,-6.12,0.56,9.68,0,1.70,0.0298,0.0667,0,0.000,0.000,0.00,0.00,0.000,0
phase1 acc_mag=9.742 gravity=9.580 motion=0.162 moving_avg=0.149 rms=0.216 mean_rms=0.221 max_rms=0.305 min_rms=0.183 std=0.033 var=0.001 state=standing thr=0.287/0.487/0.987
-4.31,20.81,11.56,0.9778,-0.1758,0.0565,-0.0991,-0.89,-3.70,8.95,4.25,1.12,-19.50,9.73,0,1.70,0.0290,0.0665,0,0.000,0.000,0.00,0.00,0.000,0
-3.88,20.62,13.00,0.9769,-0.1737,0.0546,-0.1118,-0.84,-2.93,8.83,4.06,-0.50,-11.81,9.34,0,1.70,0.0291,0.0654,0,0.000,0.000,0.00,0.00,0.000,0
-3.62,20.44,13.44,0.9768,-0.1720,0.0525,-0.1161,-0.75,-2.77,9.07,4.06,-3.56,-6.19,9.51,0,1.70,0.0285,0.0648,0,0.000,0.000,0.00,0.00,0.000,0
-3.31,20.50,13.62,0.9766,-0.1734,0.0507,-0.1169,-0.64,-3.20,8.79,-2.19,0.38,-0.69,9.38,0,1.70,0.0279,0.0654,0,0.000,0.000,0.00,0.00,0.000,0
phase1 acc_mag=9.449 gravity=9.554 motion=0.105 moving_avg=0.127 rms=0.182 mean_rms=0.206 max_rms=0.222 min_rms=0.182 std=0.013 var=0.000 state=standing thr=0.232/0.432/0.932
-3.44,20.69,13.81,0.9761,-0.1746,0.0524,-0.1186,-0.46,-3.40,8.95,-2.31,5.50,-8.00,9.59,0,1.70,0.0287,0.0657,0,0.000,0.000,0.00,0.00,0.000,0
-3.75,20.81,14.31,0.9753,-0.1750,0.0558,-0.1227,-0.85,-3.34,8.96,-1.75,7.06,-0.31,9.60,0,1.70,0.0304,0.0656,0,0.000,0.000,0.00,0.00,0.000,0
-4.00,21.12,14.69,0.9743,-0.1771,0.0592,-0.1261,-0.84,-4.25,9.21,-8.94,5.25,-15.00,10.18,0,1.70,0.0320,0.0660,0,0.000,0.000,0.00,0.00,0.000,0
-4.00,21.38,14.81,0.9738,-0.1796,0.0593,-0.1265,-0.55,-3.35,8.89,-5.25,-3.25,6.00,9.52,0,1.70,0.0322,0.0669,0,0.000,0.000,0.00,0.00,0.000,0
phase1 acc_mag=9.615 gravity=9.554 motion=0.061 moving_avg=0.133 rms=0.197 mean_rms=0.200 max_rms=0.218 min_rms=0.181 std=0.013 var=0.000 state=standing thr=0.227/0.427/0.927
-3.88,21.56,15.25,0.9730,-0.1809,0.0593,-0.1303,-0.65,-3.49,8.96,-2.75,3.38,-9.44,9.64,0,1.70,0.0325,0.0673,0,0.000,0.000,0.00,0.00,0.000,0
-3.94,21.62,15.25,0.9729,-0.1813,0.0598,-0.1304,-0.79,-3.55,8.91,1.38,2.31,-8.00,9.62,0,1.70,0.0327,0.0674,0,0.000,0.000,0.00,0.00,0.000,0
-3.81,21.31,15.75,0.9727,-0.1783,0.0593,-0.1359,-0.78,-3.46,8.92,4.38,1.44,-11.44,9.60,0,1.70,0.0328,0.0661,0,0.000,0.000,0.00,0.00,0.000,0
-3.75,21.25,16.62,0.9719,-0.1776,0.0600,-0.1425,-0.73,-2.59,8.93,-0.56,1.88,-3.31,9.33,0,1.70,0.0334,0.0656,0,0.000,0.000,0.00,0.00,0.000,0
phase1 acc_mag=9.958 gravity=9.560 motion=0.399 moving_avg=0.137 rms=0.203 mean_rms=0.197 max_rms=0.218 min_rms=0.181 std=0.012 var=0.000 state=standing thr=0.220/0.420/0.920
-3.38,21.69,18.00,0.9695,-0.1812,0.0591,-0.1538,-0.27,-3.54,8.59,-5.31,2.94,-26.19,9.29,0,1.70,0.0341,0.0666,0,0.000,0.000,0.00,0.00,0.000,0
-3.19,22.06,18.75,0.9679,-0.1843,0.0596,-0.1602,-0.65,-3.69,8.89,-4.69,0.31,1.25,9.65,0,1.70,0.0349,0.0675,0,0.000,0.000,0.00,0.00,0.000,0
-3.44,22.25,18.75,0.9675,-0.1854,0.0620,-0.1603,-0.63,-3.57,8.77,-1.44,4.75,-8.44,9.49,0,1.70,0.0359,0.0678,0,0.000,0.000,0.00,0.00,0.000,0
-3.50,22.31,19.25,0.9666,-0.1852,0.0632,-0.1656,-0.60,-3.81,8.80,3.44,4.81,-14.94,9.61,0,1.70,0.0367,0.0674,0,0.000,0.000,0.00,0.00,0.000,0
phase1 acc_mag=9.448 gravity=9.569 motion=0.121 moving_avg=0.148 rms=0.213 mean_rms=0.201 max_rms=0.218 min_rms=0.181 std=0.012 var=0.000 state=standing thr=0.225/0.425/0.925
-3.38,22.25,20.81,0.9647,-0.1841,0.0644,-0.1772,-0.84,-3.72,8.95,-0.75,4.38,-18.00,9.73,0,1.70,0.0379,0.0665,0,0.000,0.000,0.00,0.00,0.000,0
-3.50,22.12,21.06,0.9647,-0.1826,0.0660,-0.1782,-0.84,-3.39,8.84,-1.38,-1.56,13.62,9.50,0,1.70,0.0385,0.0658,0,0.000,0.000,0.00,0.00,0.000,0
-3.94,22.25,19.69,0.9661,-0.1840,0.0679,-0.1678,-0.82,-3.63,8.94,-4.06,-0.06,16.81,9.68,0,1.70,0.0386,0.0666,0,0.000,0.000,0.00,0.00,0.000,0
phase1 acc_mag=9.514 gravity=9.550 motion=0.036 moving_avg=0.115 rms=0.166 mean_rms=0.195 max_rms=0.216 min_rms=0.166 std=0.015 var=0.000 state=standing thr=0.224/0.424/0.924
-4.56,22.44,18.50,0.9675,-0.1851,0.0720,-0.1567,-0.64,-3.68,8.75,-2.31,4.00,15.31,9.51,0,1.70,0.0394,0.0671,0,0.000,0.000,0.00,0.00,0.000,0
-4.81,22.81,19.12,0.9655,-0.1877,0.0758,-0.1638,-1.09,-3.58,8.82,-3.25,8.62,-15.94,9.58,0,1.70,0.0416,0.0675,0,0.000,0.000,0.00,0.00,0.000,0
-4.94,23.00,20.12,0.9639,-0.1882,0.0785,-0.1711,-0.61,-3.78,8.88,-1.81,6.12,-8.25,9.67,0,1.70,0.0431,0.0672,0,0.000,0.000,0.00,0.00,0.000,0
-5.12,23.12,20.62,0.9628,-0.1886,0.0813,-0.1754,-0.91,-3.64,8.79,-0.62,2.44,1.94,9.56,0,1.70,0.0445,0.0669,0,0.000,0.000,0.00,0.00,0.000,0
phase1 acc_mag=9.489 gravity=9.577 motion=0.088 moving_avg=0.110 rms=0.161 mean_rms=0.189 max_rms=0.215 min_rms=0.161 std=0.019 var=0.000 state=standing thr=0.226/0.426/0.926
-5.12,23.12,20.19,0.9636,-0.1888,0.0801,-0.1719,-0.90,-3.35,8.41,0.12,-4.62,6.50,9.10,0,1.70,0.0438,0.0673,0,0.000,0.000,0.00,0.00,0.000,0
-5.19,23.12,20.25,0.9633,-0.1890,0.0811,-0.1724,-1.12,-3.69,8.77,0.62,2.75,-5.88,9.58,0,1.70,0.0443,0.0672,0,0.000,0.000,0.00,0.00,0.000,0
-5.12,23.19,20.31,0.9633,-0.1892,0.0806,-0.1727,-0.92,-3.64,8.78,0.75,0.44,-5.75,9.55,0,1.70,0.0441,0.0673,0,0.000,0.000,0.00,0.00,0.000,0
-5.19,23.19,20.00,0.9637,-0.1892,0.0809,-0.1703,-0.93,-3.81,8.80,-0.12,-2.56,10.69,9.63,0,1.70,0.0441,0.0674,0,0.000,0.000,0.00,0.00,0.000,0
phase1 acc_mag=9.575 gravity=9.572 motion=0.003 moving_avg=0.097 rms=0.137 mean_rms=0.180 max_rms=0.215 min_rms=0.137 std=0.024 var=0.001 state=standing thr=0.229/0.429/0.929
-5.19,23.06,19.69,0.9643,-0.1887,0.0801,-0.1677,-0.86,-3.66,8.74,0.94,-1.88,-0.50,9.51,0,1.70,0.0435,0.0674,0,0.000,0.000,0.00,0.00,0.000,0
-5.25,23.12,19.75,0.9641,-0.1892,0.0806,-0.1678,-0.79,-3.71,8.70,-1.00,2.94,-1.94,9.49,0,1.70,0.0438,0.0676,0,0.000,0.000,0.00,0.00,0.000,0
-5.25,23.19,20.75,0.9620,-0.1884,0.0825,-0.1793,-1.21,-3.57,8.95,3.88,7.62,-30.31,9.71,0,1.70,0.0453,0.0666,0,0.000,0.000,0.00,0.00,0.000,0
phase1 acc_mag=9.794 gravity=9.582 motion=0.212 moving_avg=0.096 rms=0.148 mean_rms=0.169 max_rms=0.215 min_rms=0.136 std=0.025 var=0.001 state=standing thr=0.218/0.418/0.918
-4.88,23.06,22.31,0.9604,-0.1874,0.0813,-0.1895,-0.66,-3.99,8.92,0.75,-0.62,-6.75,9.79,0,1.70,0.0454,0.0658,0,0.000,0.000,0.00,0.00,0.000,0
-5.00,23.06,21.88,0.9610,-0.1877,0.0817,-0.1859,-0.85,-3.75,8.84,-1.62,-0.75,14.62,9.64,0,1.70,0.0453,0.0661,0,0.000,0.000,0.00,0.00,0.000,0
-5.25,23.06,21.00,0.9623,-0.1875,0.0830,-0.1785,-0.85,-3.82,8.84,1.94,0.75,4.81,9.67,0,1.70,0.0453,0.0662,0,0.000,0.000,0.00,0.00,0.000,0
-5.31,23.00,21.06,0.9622,-0.1869,0.0831,-0.1800,-1.20,-3.58,8.62,2.69,0.62,-11.38,9.41,0,1.70,0.0454,0.0659,0,0.000,0.000,0.00,0.00,0.000,0
phase1 acc_mag=9.513 gravity=9.580 motion=0.067 moving_avg=0.100 rms=0.157 mean_rms=0.157 max_rms=0.199 min_rms=0.136 std=0.013 var=0.000 state=standing thr=0.183/0.383/0.883
-5.00,23.00,22.31,0.9604,-0.1866,0.0825,-0.1896,-0.89,-3.58,8.83,2.44,4.19,-28.94,9.57,0,1.70,0.0458,0.0655,0,0.000,0.000,0.00,0.00,0.000,0
-4.75,23.06,23.25,0.9586,-0.1869,0.0823,-0.1984,-0.67,-3.76,8.79,-0.94,1.81,-4.38,9.58,0,1.70,0.0464,0.0651,0,0.000,0.000,0.00,0.00,0.000,0
-4.81,23.19,23.69,0.9577,-0.1876,0.0834,-0.2017,-0.69,-3.91,8.81,-2.19,2.38,-2.81,9.66,0,1.70,0.0471,0.0651,0,0.000,0.000,0.00,0.00,0.000,0
-4.94,23.31,23.62,0.9576,-0.1882,0.0849,-0.2008,-1.12,-3.51,8.70,-1.00,2.38,-2.88,9.45,0,1.70,0.0476,0.0653,0,0.000,0.000,0.00,0.00,0.000,0
phase1 acc_mag=9.374 gravity=9.580 motion=0.206 moving_avg=0.098 rms=0.155 mean_rms=0.154 max_rms=0.169 min_rms=0.136 std=0.010 var=0.000 state=standing thr=0.173/0.373/0.873
-5.19,23.25,23.38,0.9581,-0.1874,0.0865,-0.1986,-0.87,-3.89,8.90,3.62,5.50,-9.50,9.75,0,1.70,0.0481,0.0649,0,0.000,0.000,0.00,0.00,0.000,0
-5.12,23.25,23.94,0.9572,-0.1872,0.0867,-0.2032,-0.83,-3.87,8.71,0.62,0.44,-9.19,9.57,0,1.70,0.0484,0.0646,0,0.000,0.000,0.00,0.00,0.000,0
-4.94,23.25,24.62,0.9557,-0.1873,0.0864,-0.2097,-0.83,-3.73,8.73,0.38,2.38,-10.31,9.53,0,1.70,0.0487,0.0644,0,0.000,0.000,0.00,0.00,0.000,0
-5.12,23.31,24.75,0.9556,-0.1869,0.0883,-0.2101,-0.99,-3.67,8.65,-1.75,2.38,9.44,9.45,0,1.70,0.0495,0.0640,0,0.000,0.000,0.00,0.00,0.000,0
phase1 acc_mag=9.594 gravity=9.580 motion=0.014 moving_avg=0.097 rms=0.151 mean_rms=0.152 max_rms=0.169 min_rms=0.136 std=0.008 var=0.000 state=standing thr=0.169/0.369/0.869
-5.38,23.38,24.50,0.9559,-0.1871,0.0903,-0.2075,-0.90,-3.97,8.84,-1.50,1.69,3.12,9.73,0,1.70,0.0501,0.0641,0,0.000,0.000,0.00,0.00,0.000,0
-5.38,23.38,24.75,0.9554,-0.1872,0.0902,-0.2100,-0.96,-3.79,8.77,-0.50,0.00,-4.62,9.60,0,1.70,0.0502,0.0640,0,0.000,0.000,0.00,0.00,0.000,0
-5.25,23.44,25.12,0.9544,-0.1875,0.0901,-0.2141,-0.71,-3.88,8.73,-0.38,2.88,-10.69,9.58,0,1.70,0.0505,0.0639,0,0.000,0.000,0.00,0.00,0.000,0
-5.12,23.38,26.19,0.9528,-0.1865,0.0909,-0.2219,-1.01,-3.82,8.78,1.56,4.12,-9.75,9.63,0,1.70,0.0512,0.0630,0,0.000,0.000,0.00,0.00,0.000,0
phase1 acc_mag=9.524 gravity=9.582 motion=0.058 moving_avg=0.099 rms=0.152 mean_rms=0.154 max_rms=0.166 min_rms=0.136 std=0.006 var=0.000 state=standing thr=0.166/0.366/0.866
-5.19,23.38,26.38,0.9523,-0.1861,0.0915,-0.2237,-0.99,-3.59,8.68,-0.69,-1.56,5.75,9.45,0,1.70,0.0515,0.0627,0,0.000,0.000,0.00,0.00,0.000,0
-5.25,23.44,26.25,0.9526,-0.1868,0.0921,-0.2219,-0.87,-3.82,8.77,-0.38,0.06,2.12,9.61,0,1.70,0.0517,0.0630,0,0.000,0.000,0.00,0.00,0.000,0
-5.31,23.50,26.00,0.9529,-0.1871,0.0923,-0.2201,-0.96,-3.72,8.78,-0.81,-1.81,7.88,9.58,0,1.70,0.0517,0.0632,0,0.000,0.000,0.00,0.00,0.000,0
-5.50,23.50,25.19,0.9542,-0.1873,0.0926,-0.2139,-1.02,-3.87,8.76,0.50,-0.75,0.62,9.63,0,1.70,0.0514,0.0636,0,0.000,0.000,0.00,0.00,0.000,0
phase1 acc_mag=9.880 gravity=9.586 motion=0.295 moving_avg=0.085 rms=0.118 mean_rms=0.149 max_rms=0.162 min_rms=0.114 std=0.015 var=0.000 state=standing thr=0.179/0.379/0.879
-5.25,23.38,26.12,0.9528,-0.1865,0.0917,-0.2211,-0.97,-3.75,8.73,0.31,2.19,-10.75,9.55,0,1.70,0.0514,0.0630,0,0.000,0.000,0.00,0.00,0.000,0
-5.25,23.50,26.50,0.9520,-0.1870,0.0923,-0.2244,-0.87,-3.78,8.78,-2.12,0.06,0.38,9.60,0,1.70,0.0519,0.0629,0,0.000,0.000,0.00,0.00,0.000,0
-5.38,23.56,26.19,0.9523,-0.1877,0.0934,-0.2216,-0.77,-3.96,8.77,-1.12,-0.19,4.06,9.65,0,1.70,0.0522,0.0632,0,0.000,0.000,0.00,0.00,0.000,0
-5.44,23.62,25.62,0.9533,-0.1880,0.0931,-0.2173,-0.98,-3.80,8.66,-0.44,-1.19,2.62,9.51,0,1.70,0.0519,0.0636,0,0.000,0.000,0.00,0.00,0.000,0
phase1 acc_mag=9.536 gravity=9.586 motion=0.050 moving_avg=0.069 rms=0.092 mean_rms=0.137 max_rms=0.162 min_rms=0.092 std=0.024 var=0.001 state=standing thr=0.185/0.385/0.885
-5.38,23.62,25.69,0.9529,-0.1885,0.0926,-0.2191,-0.90,-3.98,8.81,1.12,3.12,-17.25,9.71,0,1.70,0.0518,0.0637,0,0.000,0.000,0.00,0.00,0.000,0
-5.19,23.62,26.69,0.9514,-0.1879,0.0925,-0.2257,-0.91,-3.78,8.73,0.50,0.44,-3.56,9.56,0,1.70,0.0522,0.0632,0,0.000,0.000,0.00,0.00,0.000,0
-5.19,23.62,26.69,0.9513,-0.1880,0.0927,-0.2260,-0.74,-3.90,8.74,-0.38,-0.81,5.44,9.60,0,1.70,0.0523,0.0632,0,0.000,0.000,0.00,0.00,0.000,0
-5.25,23.62,26.75,0.9511,-0.1879,0.0930,-0.2268,-0.87,-3.82,8.77,0.88,1.31,-3.81,9.61,0,1.70,0.0524,0.0630,0,0.000,0.000,0.00,0.00,0.000,0
phase1 acc_mag=9.591 gravity=9.582 motion=0.009 moving_avg=0.060 rms=0.077 mean_rms=0.122 max_rms=0.160 min_rms=0.077 std=0.028 var=0.001 state=standing thr=0.178/0.378/0.878
-5.19,23.62,27.00,0.9507,-0.1876,0.0931,-0.2285,-0.99,-3.79,8.79,0.44,1.19,-4.56,9.62,0,1.70,0.0525,0.0628,0,0.000,0.000,0.00,0.00,0.000,0
-5.12,23.56,27.25,0.9504,-0.1871,0.0929,-0.2304,-0.94,-3.71,8.73,0.81,-0.12,1.38,9.53,0,1.70,0.0526,0.0626,0,0.000,0.000,0.00,0.00,0.000,0
-5.19,23.56,27.31,0.9503,-0.1869,0.0931,-0.2312,-0.91,-3.71,8.73,0.81,0.12,-0.56,9.53,0,1.70,0.0527,0.0624,0,0.000,0.000,0.00,0.00,0.000,0
-5.19,23.56,27.31,0.9503,-0.1868,0.0931,-0.2311,-0.88,-3.79,8.79,0.06,0.38,0.69,9.61,0,1.70,0.0527,0.0624,0,0.000,0.000,0.00,0.00,0.000,0
phase1 acc_mag=9.534 gravity=9.583 motion=0.049 moving_avg=0.051 rms=0.068 mean_rms=0.105 max_rms=0.154 min_rms=0.068 std=0.027 var=0.001 state=standing thr=0.160/0.360/0.860
-5.19,23.50,27.31,0.9503,-0.1867,0.0931,-0.2309,-0.91,-3.81,8.78,0.81,-0.44,-0.56,9.61,0,1.70,0.0526,0.0624,0,0.000,0.000,0.00,0.00,0.000,0
-5.25,23.44,27.19,0.9506,-0.1860,0.0933,-0.2304,-0.80,-3.96,8.77,0.06,0.94,1.75,9.66,0,1.70,0.0526,0.0621,0,0.000,0.000,0.00,0.00,0.000,0
-5.25,23.38,27.31,0.9504,-0.1852,0.0938,-0.2318,-1.05,-3.68,8.76,1.25,2.12,-5.38,9.56,0,1.70,0.0528,0.0617,0,0.000,0.000,0.00,0.00,0.000,0
-5.12,23.31,27.94,0.9493,-0.1848,0.0935,-0.2364,-0.88,-3.74,8.77,1.00,1.06,-6.69,9.57,0,1.70,0.0530,0.0613,0,0.000,0.000,0.00,0.00,0.000,0
phase1 acc_mag=9.533 gravity=9.586 motion=0.053 moving_avg=0.048 rms=0.064 mean_rms=0.088 max_rms=0.119 min_rms=0.063 std=0.018 var=0.000 state=standing thr=0.124/0.350/0.850
-5.19,23.31,27.88,0.9496,-0.1843,0.0937,-0.2357,-0.96,-3.71,8.75,-0.69,-1.94,10.31,9.55,0,1.70,0.0530,0.0612,0,0.000,0.000,0.00,0.00,0.000,0
-5.31,23.25,27.19,0.9510,-0.1844,0.0938,-0.2297,-0.90,-3.74,8.83,-0.44,-1.88,5.75,9.63,0,1.70,0.0526,0.0615,0,0.000,0.000,0.00,0.00,0.000,0
-5.44,23.19,26.25,0.9529,-0.1843,0.0930,-0.2223,-0.91,-3.72,8.79,2.12,-4.06,6.44,9.59,0,1.70,0.0518,0.0620,0,0.000,0.000,0.00,0.00,0.000,0
-5.38,22.94,25.88,0.9539,-0.1828,0.0914,-0.2196,-0.81,-3.85,8.84,2.94,-3.38,7.31,9.68,0,1.70,0.0509,0.0617,0,0.000,0.000,0.00,0.00,0.000,0
phase1 acc_mag=9.493 gravity=9.581 motion=0.088 moving_avg=0.044 rms=0.056 mean_rms=0.075 max_rms=0.103 min_rms=0.055 std=0.014 var=0.000 state=standing thr=0.102/0.350/0.850
-5.31,22.75,25.44,0.9551,-0.1816,0.0897,-0.2161,-1.00,-3.62,8.71,1.50,-6.38,13.56,9.49,0,1.70,0.0500,0.0616,0,0.000,0.000,0.00,0.00,0.000,0
-5.19,22.62,25.00,0.9564,-0.1810,0.0874,-0.2121,-0.89,-3.51,8.89,0.94,-2.88,3.00,9.60,0,1.70,0.0488,0.0618,0,0.000,0.000,0.00,0.00,0.000,0
-4.94,22.50,24.12,0.9584,-0.1812,0.0836,-0.2040,-0.71,-3.62,8.87,3.31,-7.69,13.44,9.61,0,1.70,0.0468,0.0626,0,0.000,0.000,0.00,0.00,0.000,0
-4.81,22.25,23.12,0.9603,-0.1801,0.0810,-0.1970,-0.72,-3.52,8.75,1.88,-4.31,6.62,9.46,0,1.70,0.0453,0.0628,0,0.000,0.000,0.00,0.00,0.000,0
phase1 acc_mag=9.414 gravity=9.576 motion=0.161 moving_avg=0.057 rms=0.078 mean_rms=0.070 max_rms=0.093 min_rms=0.055 std=0.009 var=0.000 state=standing thr=0.089/0.350/0.850
-4.81,22.19,22.94,0.9609,-0.1794,0.0807,-0.1951,-1.04,-3.57,8.75,0.25,0.31,4.50,9.51,0,1.70,0.0450,0.0626,0,0.000,0.000,0.00,0.00,0.000,0
-4.94,22.19,22.69,0.9612,-0.1797,0.0809,-0.1929,-0.79,-3.69,8.92,-2.31,-0.69,4.81,9.69,0,1.70,0.0450,0.0628,0,0.000,0.000,0.00,0.00,0.000,0
-4.88,22.19,22.75,0.9610,-0.1799,0.0810,-0.1938,-0.79,-3.58,8.83,0.25,0.69,0.62,9.56,0,1.70,0.0451,0.0629,0,0.000,0.000,0.00,0.00,0.000,0
-4.94,22.31,22.38,0.9616,-0.1812,0.0809,-0.1896,-0.95,-3.57,8.89,-4.88,-5.19,11.62,9.63,0,1.70,0.0449,0.0636,0,0.000,0.000,0.00,0.00,0.000,0
phase1 acc_mag=9.506 gravity=9.572 motion=0.066 moving_avg=0.064 rms=0.083 mean_rms=0.069 max_rms=0.083 min_rms=0.055 std=0.008 var=0.000 state=standing thr=0.086/0.350/0.850
-4.94,22.62,21.38,0.9626,-0.1841,0.0801,-0.1821,-0.71,-4.06,9.00,-7.44,-2.50,9.94,9.90,0,1.70,0.0442,0.0651,0,0.000,0.000,0.00,0.00,0.000,0
-4.94,22.69,21.50,0.9623,-0.1846,0.0801,-0.1828,-0.78,-3.99,8.95,-0.25,2.94,-5.00,9.83,0,1.70,0.0443,0.0652,0,0.000,0.000,0.00,0.00,0.000,0
-4.88,22.56,22.31,0.9611,-0.1830,0.0805,-0.1909,-0.76,-3.62,8.80,3.81,3.44,-12.25,9.55,0,1.70,0.0449,0.0642,0,0.000,0.000,0.00,0.00,0.000,0
phase1 acc_mag=9.570 gravity=9.581 motion=0.011 moving_avg=0.085 rms=0.111 mean_rms=0.077 max_rms=0.112 min_rms=0.055 std=0.017 var=0.000 state=slow thr=0.111/0.350/0.850
-4.81,22.50,23.06,0.9600,-0.1821,0.0811,-0.1964,-0.90,-3.53,8.85,-1.19,1.75,-1.69,9.57,0,1.70,0.0455,0.0636,0,0.000,0.000,0.00,0.00,0.000,0
-4.88,22.50,22.94,0.9603,-0.1822,0.0818,-0.1949,-0.68,-3.63,8.80,0.88,0.38,-0.06,9.54,0,1.70,0.0456,0.0636,0,0.000,0.000,0.00,0.00,0.000,0
-4.94,22.50,23.19,0.9599,-0.1818,0.0824,-0.1970,-0.85,-3.70,8.89,2.50,2.25,-7.38,9.67,0,1.70,0.0460,0.0633,0,0.000,0.000,0.00,0.00,0.000,0
-4.94,22.44,23.44,0.9595,-0.1812,0.0829,-0.1993,-0.87,-3.92,8.84,-2.06,1.44,0.25,9.71,0,1.70,0.0463,0.0629,0,0.000,0.000,0.00,0.00,0.000,0
phase1 acc_mag=9.697 gravity=9.588 motion=0.109 moving_avg=0.098 rms=0.122 mean_rms=0.087 max_rms=0.122 min_rms=0.055 std=0.021 var=0.000 state=standing thr=0.129/0.350/0.850
-5.06,22.44,23.44,0.9594,-0.1813,0.0838,-0.1990,-0.83,-3.87,8.98,-1.25,1.56,0.25,9.81,0,1.70,0.0466,0.0629,0,0.000,0.000,0.00,0.00,0.000,0
-5.12,22.50,23.25,0.9597,-0.1815,0.0844,-0.1975,-0.73,-3.64,8.79,-2.31,-0.44,6.56,9.54,0,1.70,0.0467,0.0630,0,0.000,0.000,0.00,0.00,0.000,0
-5.19,22.56,23.31,0.9595,-0.1816,0.0849,-0.1981,-1.02,-3.64,8.85,1.06,0.94,-1.31,9.62,0,1.70,0.0470,0.0630,0,0.000,0.000,0.00,0.00,0.000,0
-5.25,22.56,23.44,0.9592,-0.1815,0.0856,-0.1993,-1.32,-3.31,8.84,-0.19,1.81,-2.00,9.53,0,1.70,0.0473,0.0628,0,0.000,0.000,0.00,0.00,0.000,0
phase1 acc_mag=9.543 gravity=9.591 motion=0.048 moving_avg=0.108 rms=0.135 mean_rms=0.103 max_rms=0.141 min_rms=0.070 std=0.023 var=0.001 state=standing thr=0.149/0.350/0.850
-5.25,22.62,23.50,0.9589,-0.1823,0.0858,-0.1998,-0.48,-3.42,8.75,3.12,-1.81,-0.69,9.41,0,1.70,0.0475,0.0631,0,0.000,0.000,0.00,0.00,0.000,0
-5.38,22.69,23.25,0.9592,-0.1823,0.0867,-0.1981,-0.83,-3.48,8.66,0.75,2.88,-2.75,9.37,0,1.70,0.0477,0.0631,0,0.000,0.000,0.00,0.00,0.000,0
-5.50,22.69,23.50,0.9586,-0.1823,0.0882,-0.2001,-0.69,-3.73,8.82,-0.88,2.25,-2.12,9.60,0,1.70,0.0484,0.0628,0,0.000,0.000,0.00,0.00,0.000,0
-5.50,22.69,23.94,0.9579,-0.1820,0.0887,-0.2032,-0.87,-3.68,8.79,-0.31,0.50,-2.06,9.57,0,1.70,0.0488,0.0625,0,0.000,0.000,0.00,0.00,0.000,0
phase1 acc_mag=9.686 gravity=9.590 motion=0.096 moving_avg=0.136 rms=0.204 mean_rms=0.124 max_rms=0.205 min_rms=0.078 std=0.033 var=0.001 state=slow thr=0.191/0.391/0.891
-5.44,22.69,24.12,0.9576,-0.1820,0.0885,-0.2048,-0.94,-3.69,8.85,-0.62,0.25,0.12,9.63,0,1.70,0.0488,0.0625,0,0.000,0.000,0.00,0.00,0.000,0
-5.44,22.69,24.19,0.9575,-0.1819,0.0887,-0.2055,-1.18,-3.50,8.74,-0.31,1.31,-3.81,9.49,0,1.70,0.0489,0.0624,0,0.000,0.000,0.00,0.00,0.000,0
-5.50,22.75,24.00,0.9577,-0.1823,0.0894,-0.2040,-0.86,-3.66,8.79,-2.62,-0.81,8.81,9.56,0,1.70,0.0491,0.0625,0,0.000,0.000,0.00,0.00,0.000,0
-5.62,22.81,23.81,0.9578,-0.1830,0.0898,-0.2025,-0.92,-3.67,8.77,-0.69,0.19,0.19,9.55,0,1.70,0.0492,0.0628,0,0.000,0.000,0.00,0.00,0.000,0
phase1 acc_mag=9.582 gravity=9.575 motion=0.007 moving_avg=0.123 rms=0.195 mean_rms=0.150 max_rms=0.205 min_rms=0.102 std=0.038 var=0.001 state=standing thr=0.226/0.426/0.926
-5.62,22.88,23.75,0.9579,-0.1833,0.0900,-0.2018,-0.93,-3.85,8.86,-2.06,-0.69,4.94,9.70,0,1.70,0.0493,0.0630,0,0.000,0.000,0.00,0.00,0.000,0
-5.69,22.88,23.44,0.9585,-0.1835,0.0903,-0.1985,-1.07,-3.51,8.80,-1.50,-0.88,7.81,9.53,0,1.70,0.0492,0.0632,0,0.000,0.000,0.00,0.00,0.000,0
-5.75,22.94,23.31,0.9586,-0.1838,0.0905,-0.1979,-1.04,-3.54,8.78,0.06,0.06,0.12,9.52,0,1.70,0.0493,0.0633,0,0.000,0.000,0.00,0.00,0.000,0
-5.81,22.94,23.12,0.9588,-0.1841,0.0909,-0.1964,-1.04,-3.74,8.78,-1.38,0.25,2.25,9.60,0,1.70,0.0493,0.0635,0,0.000,0.000,0.00,0.00,0.000,0
phase1 acc_mag=9.596 gravity=9.576 motion=0.020 moving_avg=0.115 rms=0.191 mean_rms=0.166 max_rms=0.205 min_rms=0.112 std=0.035 var=0.001 state=standing thr=0.236/0.436/0.936
-5.81,23.00,23.12,0.9587,-0.1846,0.0911,-0.1964,-0.92,-3.81,8.84,-1.44,0.69,-2.12,9.67,0,1.70,0.0494,0.0636,0,0.000,0.000,0.00,0.00,0.000,0
-5.88,23.06,23.12,0.9587,-0.1851,0.0917,-0.1957,-1.13,-3.59,8.79,0.50,1.50,-1.38,9.56,0,1.70,0.0496,0.0638,0,0.000,0.000,0.00,0.00,0.000,0
-5.94,23.12,22.88,0.9589,-0.1854,0.0917,-0.1944,-0.88,-3.72,8.78,0.38,-0.38,0.31,9.58,0,1.70,0.0496,0.0640,0,0.000,0.000,0.00,0.00,0.000,0
-5.94,23.19,22.94,0.9587,-0.1855,0.0920,-0.1947,-1.03,-3.68,8.82,-0.81,0.06,3.88,9.61,0,1.70,0.0497,0.0640,0,0.000,0.000,0.00,0.00,0.000,0
phase1 acc_mag=9.583 gravity=9.565 motion=0.018 moving_avg=0.097 rms=0.178 mean_rms=0.181 max_rms=0.205 min_rms=0.135 std=0.025 var=0.001 state=standing thr=0.231/0.431/0.931
-6.06,23.19,22.44,0.9595,-0.1860,0.0922,-0.1906,-1.00,-3.82,8.90,-0.12,-0.56,1.50,9.74,0,1.70,0.0496,0.0643,0,0.000,0.000,0.00,0.00,0.000,0
-6.00,23.19,22.75,0.9589,-0.1859,0.0922,-0.1934,-1.00,-3.69,8.80,-0.19,0.50,-3.44,9.59,0,1.70,0.0497,0.0642,0,0.000,0.000,0.00,0.00,0.000,0
-5.94,23.19,22.88,0.9587,-0.1860,0.0921,-0.1943,-1.03,-3.78,8.78,0.06,0.69,-2.88,9.61,0,1.70,0.0498,0.0642,0,0.000,0.000,0.00,0.00,0.000,0
-5.94,23.19,22.75,0.9590,-0.1860,0.0919,-0.1931,-1.00,-3.78,8.82,0.50,-0.31,-0.31,9.65,0,1.70,0.0496,0.0642,0,0.000,0.000,0.00,0.00,0.000,0
phase1 acc_mag=9.561 gravity=9.569 motion=0.007 moving_avg=0.085 rms=0.167 mean_rms=0.188 max_rms=0.205 min_rms=0.142 std=0.015 var=0.000 state=standing thr=0.218/0.418/0.918
-5.94,23.19,22.56,0.9594,-0.1859,0.0916,-0.1917,-1.10,-3.60,8.73,1.06,-0.62,-1.50,9.51,0,1.70,0.0494,0.0643,0,0.000,0.000,0.00,0.00,0.000,0
-5.94,23.12,22.62,0.9592,-0.1858,0.0913,-0.1923,-0.93,-3.71,8.81,0.38,-0.50,0.38,9.60,0,1.70,0.0493,0.0643,0,0.000,0.000,0.00,0.00,0.000,0
-5.81,23.12,22.94,0.9589,-0.1858,0.0909,-0.1946,-1.01,-3.71,8.83,0.50,0.38,-4.00,9.63,0,1.70,0.0493,0.0642,0,0.000,0.000,0.00,0.00,0.000,0
-5.88,23.19,22.75,0.9590,-0.1859,0.0909,-0.1934,-0.82,-3.89,8.82,-1.12,0.12,-1.25,9.67,0,1.70,0.0492,0.0643,0,0.000,0.000,0.00,0.00,0.000,0
phase1 acc_mag=9.570 gravity=9.578 motion=0.008 moving_avg=0.060 rms=0.076 mean_rms=0.170 max_rms=0.204 min_rms=0.072 std=0.041 var=0.002 state=standing thr=0.252/0.452/0.952
-5.94,23.25,22.44,0.9595,-0.1866,0.0914,-0.1904,-0.98,-3.80,8.80,-2.25,-0.81,9.81,9.64,0,1.70,0.0493,0.0646,0,0.000,0.000,0.00,0.00,0.000,0
-6.00,23.25,22.25,0.9597,-0.1868,0.0912,-0.1893,-0.95,-3.74,8.79,0.31,-0.62,-3.69,9.60,0,1.70,0.0491,0.0648,0,0.000,0.000,0.00,0.00,0.000,0
-5.94,23.25,22.38,0.9595,-0.1868,0.0911,-0.1901,-0.98,-3.79,8.79,-1.06,0.69,-0.06,9.62,0,1.70,0.0492,0.0648,0,0.000,0.000,0.00,0.00,0.000,0
-5.88,23.25,22.50,0.9594,-0.1869,0.0909,-0.1909,-1.06,-3.68,8.74,-0.25,-0.69,3.06,9.54,0,1.70,0.0492,0.0648,0,0.000,0.000,0.00,0.00,0.000,0
phase1 acc_mag=9.556 gravity=9.583 motion=0.027 moving_avg=0.054 rms=0.070 mean_rms=0.144 max_rms=0.194 min_rms=0.070 std=0.052 var=0.003 state=standing thr=0.249/0.449/0.949
-5.88,23.25,22.44,0.9594,-0.1870,0.0909,-0.1904,-0.94,-3.76,8.82,0.38,0.12,-1.38,9.63,0,1.70,0.0491,0.0648,0,0.000,0.000,0.00,0.00,0.000,0
-5.88,23.25,22.31,0.9597,-0.1868,0.0903,-0.1898,-0.98,-3.81,8.84,0.19,-1.56,2.50,9.68,0,1.70,0.0489,0.0649,0,0.000,0.000,0.00,0.00,0.000,0
-5.81,23.25,22.44,0.9595,-0.1868,0.0900,-0.1908,-1.04,-3.63,8.80,0.81,0.69,-5.62,9.58,0,1.70,0.0488,0.0648,0,0.000,0.000,0.00,0.00,0.000,0
phase1 acc_mag=9.554 gravity=9.584 motion=0.030 moving_avg=0.053 rms=0.069 mean_rms=0.119 max_rms=0.191 min_rms=0.069 std=0.053 var=0.003 state=standing thr=0.225/0.425/0.925
-5.69,23.25,22.69,0.9591,-0.1870,0.0898,-0.1927,-0.91,-3.68,8.77,-0.06,0.44,0.75,9.55,0,1.70,0.0489,0.0648,0,0.000,0.000,0.00,0.00,0.000,0
-5.69,23.25,22.81,0.9589,-0.1870,0.0899,-0.1937,-1.00,-3.72,8.74,0.38,-1.44,3.12,9.55,0,1.70,0.0490,0.0647,0,0.000,0.000,0.00,0.00,0.000,0
-5.62,23.19,22.56,0.9595,-0.1864,0.0885,-0.1916,-0.91,-3.59,8.72,1.38,-2.12,2.69,9.47,0,1.70,0.0483,0.0648,0,0.000,0.000,0.00,0.00,0.000,0
-5.44,23.06,22.56,0.9598,-0.1859,0.0869,-0.1917,-0.95,-3.67,8.79,1.62,-4.25,1.50,9.57,0,1.70,0.0476,0.0647,0,0.000,0.000,0.00,0.00,0.000,0
phase1 acc_mag=9.646 gravity=9.582 motion=0.063 moving_avg=0.047 rms=0.059 mean_rms=0.094 max_rms=0.178 min_rms=0.058 std=0.044 var=0.002 state=standing thr=0.181/0.381/0.881
-5.31,22.94,22.31,0.9605,-0.1857,0.0845,-0.1892,-1.01,-3.63,8.84,0.44,-5.25,5.00,9.61,0,1.70,0.0465,0.0650,0,0.000,0.000,0.00,0.00,0.000,0
-5.00,22.81,22.00,0.9612,-0.1850,0.0819,-0.1873,-0.77,-3.64,8.83,0.38,-2.25,2.31,9.58,0,1.70,0.0454,0.0650,0,0.000,0.000,0.00,0.00,0.000,0
-4.94,22.75,22.00,0.9613,-0.1851,0.0813,-0.1873,-0.97,-3.45,8.74,-0.44,0.19,-0.62,9.45,0,1.70,0.0451,0.0651,0,0.000,0.000,0.00,0.00,0.000,0
-4.94,22.81,21.94,0.9614,-0.1854,0.0813,-0.1865,-0.76,-3.79,8.91,0.25,-0.31,-2.44,9.71,0,1.70,0.0451,0.0652,0,0.000,0.000,0.00,0.00,0.000,0
phase1 acc_mag=9.387 gravity=9.572 motion=0.186 moving_avg=0.057 rms=0.078 mean_rms=0.072 max_rms=0.166 min_rms=0.056 std=0.017 var=0.000 state=standing thr=0.105/0.350/0.850
-5.00,22.88,21.81,0.9615,-0.1859,0.0816,-0.1853,-0.91,-3.66,8.75,-2.25,-0.38,7.25,9.53,0,1.70,0.0452,0.0655,0,0.000,0.000,0.00,0.00,0.000,0
-5.12,23.00,21.62,0.9615,-0.1867,0.0822,-0.1838,-0.91,-3.66,8.82,-1.25,1.31,-1.19,9.59,0,1.70,0.0454,0.0658,0,0.000,0.000,0.00,0.00,0.000,0
-5.12,23.00,21.69,0.9614,-0.1869,0.0826,-0.1841,-0.84,-3.70,8.83,-0.38,0.69,0.25,9.61,0,1.70,0.0455,0.0658,0,0.000,0.000,0.00,0.00,0.000,0
phase1 acc_mag=9.461 gravity=9.563 motion=0.103 moving_avg=0.057 rms=0.077 mean_rms=0.070 max_rms=0.080 min_rms=0.056 std=0.007 var=0.000 state=standing thr=0.083/0.350/0.850
-5.19,23.12,21.75,0.9611,-0.1877,0.0834,-0.1847,-0.89,-3.56,8.72,-2.50,0.62,1.31,9.46,0,1.70,0.0459,0.0660,0,0.000,0.000,0.00,0.00,0.000,0
-5.19,23.25,21.75,0.9609,-0.1888,0.0839,-0.1845,-0.92,-3.98,8.91,-3.25,-0.31,4.31,9.80,0,1.70,0.0462,0.0664,0,0.000,0.000,0.00,0.00,0.000,0
-5.25,23.31,21.75,0.9608,-0.1890,0.0844,-0.1846,-0.85,-3.81,8.74,0.31,2.56,-7.06,9.57,0,1.70,0.0464,0.0664,0,0.000,0.000,0.00,0.00,0.000,0
-5.19,23.25,22.44,0.9597,-0.1882,0.0850,-0.1910,-0.97,-3.57,8.76,0.06,2.12,-4.31,9.51,0,1.70,0.0470,0.0657,0,0.000,0.000,0.00,0.00,0.000,0
phase1 acc_mag=9.594 gravity=9.564 motion=0.030 moving_avg=0.059 rms=0.081 mean_rms=0.072 max_rms=0.081 min_rms=0.056 std=0.008 var=0.000 state=standing thr=0.087/0.350/0.850
-5.31,23.31,22.44,0.9597,-0.1883,0.0858,-0.1906,-0.89,-3.67,8.78,-1.00,-0.19,2.94,9.56,0,1.70,0.0473,0.0657,0,0.000,0.000,0.00,0.00,0.000,0
-5.31,23.31,22.31,0.9597,-0.1885,0.0860,-0.1897,-0.90,-3.69,8.76,-0.56,0.69,1.31,9.55,0,1.70,0.0473,0.0659,0,0.000,0.000,0.00,0.00,0.000,0
-5.38,23.31,22.12,0.9600,-0.1887,0.0862,-0.1881,-0.84,-3.83,8.85,-0.56,-0.69,2.12,9.68,0,1.70,0.0473,0.0660,0,0.000,0.000,0.00,0.00,0.000,0
phase1 acc_mag=9.518 gravity=9.562 motion=0.044 moving_avg=0.063 rms=0.086 mean_rms=0.074 max_rms=0.086 min_rms=0.056 std=0.008 var=0.000 state=standing thr=0.091/0.350/0.850
-5.44,23.31,22.12,0.9600,-0.1887,0.0864,-0.1878,-1.21,-3.76,8.66,-1.62,1.62,-0.31,9.52,0,1.70,0.0474,0.0660,0,0.000,0.000,0.00,0.00,0.000,0
-5.44,23.31,22.50,0.9595,-0.1880,0.0870,-0.1910,-0.98,-3.66,8.77,0.50,1.38,-2.81,9.55,0,1.70,0.0478,0.0655,0,0.000,0.000,0.00,0.00,0.000,0
-5.50,23.31,22.44,0.9597,-0.1880,0.0874,-0.1900,-1.05,-4.01,8.81,-5.75,0.81,6.88,9.74,0,1.70,0.0478,0.0655,0,0.000,0.000,0.00,0.00,0.000,0
-5.50,23.31,22.38,0.9596,-0.1880,0.0872,-0.1902,-0.82,-3.66,8.82,0.50,0.25,-1.00,9.58,0,1.70,0.0478,0.0655,0,0.000,0.000,0.00,0.00,0.000,0
phase1 acc_mag=9.535 gravity=9.568 motion=0.033 moving_avg=0.074 rms=0.107 mean_rms=0.082 max_rms=0.109 min_rms=0.061 std=0.010 var=0.000 state=slow thr=0.102/0.350/0.850
-5.44,23.25,22.56,0.9594,-0.1878,0.0873,-0.1917,-0.88,-3.87,8.94,1.62,1.56,-7.25,9.78,0,1.70,0.0479,0.0654,0,0.000,0.000,0.00,0.00,0.000,0
-5.38,23.19,23.00,0.9588,-0.1870,0.0872,-0.1955,-0.89,-3.66,8.70,1.38,0.94,-4.88,9.48,0,1.70,0.0480,0.0649,0,0.000,0.000,0.00,0.00,0.000,0
-5.25,23.19,23.56,0.9579,-0.1865,0.0873,-0.2001,-1.06,-3.65,8.82,-0.31,1.12,-3.06,9.60,0,1.70,0.0484,0.0645,0,0.000,0.000,0.00,0.00,0.000,0
-5.31,23.19,23.50,0.9579,-0.1864,0.0875,-0.1998,-0.78,-3.34,8.58,1.69,-1.69,1.19,9.24,0,1.70,0.0484,0.0644,0,0.000,0.000,0.00,0.00,0.000,0
phase1 acc_mag=9.503 gravity=9.571 motion=0.068 moving_avg=0.074 rms=0.111 mean_rms=0.089 max_rms=0.111 min_rms=0.077 std=0.012 var=0.000 state=standing thr=0.114/0.350/0.850
-5.31,23.12,23.31,0.9584,-0.1865,0.0870,-0.1979,-0.80,-3.76,8.81,-0.69,-1.00,3.62,9.61,0,1.70,0.0481,0.0646,0,0.000,0.000,0.00,0.00,0.000,0
-5.31,23.12,23.12,0.9587,-0.1864,0.0866,-0.1965,-1.01,-3.61,8.80,0.88,-0.62,-1.44,9.57,0,1.70,0.0479,0.0647,0,0.000,0.000,0.00,0.00,0.000,0
-5.31,23.12,23.12,0.9587,-0.1865,0.0865,-0.1965,-1.01,-3.52,8.75,-0.25,0.31,-0.25,9.49,0,1.70,0.0478,0.0647,0,0.000,0.000,0.00,0.00,0.000,0
phase1 acc_mag=9.465 gravity=9.572 motion=0.106 moving_avg=0.073 rms=0.110 mean_rms=0.096 max_rms=0.111 min_rms=0.078 std=0.013 var=0.000 state=standing thr=0.122/0.350/0.850
-5.31,23.12,23.00,0.9589,-0.1863,0.0865,-0.1956,-1.03,-3.51,8.73,1.19,-0.44,-2.25,9.47,0,1.70,0.0478,0.0647,0,0.000,0.000,0.00,0.00,0.000,0
-5.38,23.12,22.62,0.9595,-0.1865,0.0864,-0.1925,-0.84,-4.01,8.87,-2.62,-0.75,4.69,9.77,0,1.70,0.0475,0.0649,0,0.000,0.000,0.00,0.00,0.000,0
-5.38,23.12,22.62,0.9596,-0.1865,0.0864,-0.1920,-0.70,-3.83,8.81,-1.00,-0.56,3.75,9.63,0,1.70,0.0475,0.0650,0,0.000,0.000,0.00,0.00,0.000,0
-5.38,23.12,22.69,0.9595,-0.1865,0.0869,-0.1927,-0.98,-3.66,8.74,-0.19,0.88,-0.38,9.53,0,1.70,0.0477,0.0649,0,0.000,0.000,0.00,0.00,0.000,0
phase1 acc_mag=9.562 gravity=9.570 motion=0.008 moving_avg=0.075 rms=0.111 mean_rms=0.102 max_rms=0.111 min_rms=0.080 std=0.011 var=0.000 state=standing thr=0.124/0.350/0.850
-5.50,23.12,22.81,0.9591,-0.1865,0.0881,-0.1938,-1.05,-3.58,8.83,-0.81,2.62,-1.25,9.59,0,1.70,0.0482,0.0647,0,0.000,0.000,0.00,0.00,0.000,0
-5.56,23.12,23.00,0.9588,-0.1862,0.0887,-0.1952,-1.01,-3.71,8.84,0.62,1.31,-2.31,9.64,0,1.70,0.0486,0.0645,0,0.000,0.000,0.00,0.00,0.000,0
-5.69,23.25,22.69,0.9592,-0.1868,0.0897,-0.1921,-1.06,-3.54,8.73,-1.12,-0.12,4.62,9.48,0,1.70,0.0488,0.0648,0,0.000,0.000,0.00,0.00,0.000,0
-5.75,23.25,22.50,0.9594,-0.1873,0.0897,-0.1910,-0.83,-3.84,8.87,0.19,-0.12,2.06,9.70,0,1.70,0.0487,0.0650,0,0.000,0.000,0.00,0.00,0.000,0
phase1 acc_mag=9.602 gravity=9.577 motion=0.025 moving_avg=0.076 rms=0.110 mean_rms=0.108 max_rms=0.112 min_rms=0.088 std=0.005 var=0.000 state=standing thr=0.119/0.350/0.850
-5.75,23.25,22.38,0.9596,-0.1872,0.0897,-0.1899,-0.91,-3.71,8.81,-0.19,-0.94,3.50,9.60,0,1.70,0.0487,0.0650,0,0.000,0.000,0.00,0.00,0.000,0
-5.81,23.25,22.00,0.9602,-0.1871,0.0898,-0.1867,-0.92,-3.66,8.72,-0.81,-0.44,4.94,9.50,0,1.70,0.0485,0.0652,0,0.000,0.000,0.00,0.00,0.000,0
-5.88,23.25,22.00,0.9600,-0.1874,0.0901,-0.1873,-1.04,-3.80,8.83,0.31,1.50,-4.75,9.67,0,1.70,0.0487,0.0652,0,0.000,0.000,0.00,0.00,0.000,0
-5.88,23.25,22.12,0.9600,-0.1873,0.0903,-0.1878,-1.00,-3.71,8.76,-0.69,0.75,0.12,9.57,0,1.70,0.0488,0.0651,0,0.000,0.000,0.00,0.00,0.000,0
phase1 acc_mag=9.525 gravity=9.576 motion=0.050 moving_avg=0.058 rms=0.079 mean_rms=0.106 max_rms=0.112 min_rms=0.079 std=0.008 var=0.000 state=standing thr=0.122/0.350/0.850
-5.88,23.25,22.12,0.9600,-0.1871,0.0905,-0.1879,-1.00,-3.62,8.78,0.50,-0.31,-0.62,9.55,0,1.70,0.0488,0.0651,0,0.000,0.000,0.00,0.00,0.000,0
-5.88,23.25,22.25,0.9596,-0.1871,0.0908,-0.1894,-1.23,-3.53,8.71,0.06,0.69,-1.44,9.48,0,1.70,0.0490,0.0649,0,0.000,0.000,0.00,0.00,0.000,0
-5.94,23.31,22.31,0.9596,-0.1871,0.0911,-0.1894,-0.93,-3.70,8.78,0.25,1.19,-0.19,9.57,0,1.70,0.0492,0.0649,0,0.000,0.000,0.00,0.00,0.000,0
-5.94,23.25,22.44,0.9594,-0.1870,0.0914,-0.1905,-0.89,-3.68,8.77,0.25,0.62,-1.31,9.55,0,1.70,0.0493,0.0648,0,0.000,0.000,0.00,0.00,0.000,0
phase1 acc_mag=9.662 gravity=9.585 motion=0.077 moving_avg=0.057 rms=0.072 mean_rms=0.099 max_rms=0.112 min_rms=0.068 std=0.015 var=0.000 state=standing thr=0.129/0.350/0.850
-6.00,23.25,22.56,0.9591,-0.1868,0.0920,-0.1918,-1.21,-3.74,8.81,1.44,2.12,-5.81,9.65,0,1.70,0.0496,0.0646,0,0.000,0.000,0.00,0.00,0.000,0
-6.00,23.25,22.56,0.9591,-0.1864,0.0923,-0.1921,-0.99,-3.89,8.88,-1.25,1.31,-0.31,9.75,0,1.70,0.0497,0.0644,0,0.000,0.000,0.00,0.00,0.000,0
-6.12,23.31,22.50,0.9592,-0.1868,0.0928,-0.1909,-1.04,-3.76,8.78,-2.50,-1.06,7.31,9.61,0,1.70,0.0499,0.0646,0,0.000,0.000,0.00,0.00,0.000,0
-6.19,23.38,22.06,0.9597,-0.1875,0.0931,-0.1873,-1.09,-3.56,8.73,-1.44,-0.81,4.50,9.49,0,1.70,0.0498,0.0650,0,0.000,0.000,0.00,0.00,0.000,0
phase1 acc_mag=9.554 gravity=9.590 motion=0.036 moving_avg=0.060 rms=0.077 mean_rms=0.093 max_rms=0.112 min_rms=0.068 std=0.016 var=0.000 state=standing thr=0.124/0.350/0.850
-6.31,23.50,21.44,0.9606,-0.1893,0.0931,-0.1812,-1.01,-3.79,8.82,-2.44,-3.12,8.56,9.65,0,1.70,0.0495,0.0660,0,0.000,0.000,0.00,0.00,0.000,0
-6.06,23.56,21.69,0.9600,-0.1898,0.0919,-0.1840,-0.99,-4.09,8.59,2.94,4.12,-30.94,9.57,0,1.70,0.0493,0.0661,0,0.000,0.000,0.00,0.00,0.000,0
-5.31,23.50,25.00,0.9548,-0.1880,0.0905,-0.2117,-1.33,-3.38,8.64,6.56,9.31,-47.69,9.37,0,1.70,0.0505,0.0642,0,0.000,0.000,0.00,0.00,0.000,0
-5.19,23.50,25.88,0.9532,-0.1875,0.0909,-0.2192,-1.08,-3.61,8.69,0.19,0.75,2.69,9.47,0,1.70,0.0511,0.0635,0,0.000,0.000,0.00,0.00,0.000,0
phase1 acc_mag=9.545 gravity=9.587 motion=0.042 moving_avg=0.073 rms=0.093 mean_rms=0.087 max_rms=0.112 min_rms=0.068 std=0.013 var=0.000 state=standing thr=0.113/0.350/0.850
-5.44,23.50,25.38,0.9540,-0.1877,0.0920,-0.2151,-0.91,-3.77,8.82,-2.06,0.06,4.75,9.64,0,1.70,0.0513,0.0637,0,0.000,0.000,0.00,0.00,0.000,0
-5.50,23.56,25.00,0.9547,-0.1882,0.0924,-0.2115,-1.05,-3.64,8.73,-0.56,-1.12,-0.06,9.52,0,1.70,0.0512,0.0640,0,0.000,0.000,0.00,0.00,0.000,0
-5.56,23.56,24.38,0.9557,-0.1884,0.0920,-0.2068,-0.91,-3.87,8.74,-0.75,-3.44,6.75,9.60,0,1.70,0.0508,0.0644,0,0.000,0.000,0.00,0.00,0.000,0
-5.44,23.50,24.50,0.9556,-0.1885,0.0908,-0.2075,-0.89,-3.83,8.73,1.31,-1.12,-4.19,9.57,0,1.70,0.0504,0.0645,0,0.000,0.000,0.00,0.00,0.000,0
phase1 acc_mag=9.628 gravity=9.588 motion=0.039 moving_avg=0.068 rms=0.090 mean_rms=0.083 max_rms=0.095 min_rms=0.068 std=0.007 var=0.000 state=standing thr=0.097/0.350/0.850
-5.31,23.44,24.69,0.9557,-0.1874,0.0898,-0.2081,-0.37,-4.61,9.06,5.62,-2.44,12.56,10.17,0,1.70,0.0500,0.0642,0,0.000,0.000,0.00,0.00,0.000,0
-5.75,23.00,23.75,0.9577,-0.1838,0.0913,-0.2017,-1.08,-3.38,8.67,3.62,-0.31,15.62,9.37,0,1.70,0.0498,0.0631,0,0.000,0.000,0.00,0.00,0.000,0
-6.06,22.81,23.12,0.9589,-0.1823,0.0928,-0.1967,-1.13,-3.51,8.80,0.69,0.06,8.81,9.54,0,1.70,0.0499,0.0626,0,0.000,0.000,0.00,0.00,0.000,0
-5.94,22.81,23.62,0.9578,-0.1819,0.0925,-0.2027,-1.06,-3.33,8.73,3.56,2.62,-23.44,9.40,0,1.70,0.0502,0.0622,0,0.000,0.000,0.00,0.00,0.000,0
phase1 acc_mag=9.490 gravity=9.590 motion=0.099 moving_avg=0.094 rms=0.133 mean_rms=0.092 max_rms=0.134 min_rms=0.068 std=0.019 var=0.000 state=slow thr=0.130/0.350/0.850
-5.81,22.81,24.25,0.9571,-0.1816,0.0923,-0.2060,-0.95,-3.76,8.81,0.25,-0.31,1.06,9.63,0,1.70,0.0503,0.0619,0,0.000,0.000,0.00,0.00,0.000,0
-5.62,22.88,24.94,0.9554,-0.1821,0.0917,-0.2137,-1.12,-3.40,8.79,2.19,2.06,-22.81,9.49,0,1.70,0.0506,0.0618,0,0.000,0.000,0.00,0.00,0.000,0
-5.50,22.94,25.00,0.9559,-0.1837,0.0917,-0.2100,-0.79,-3.58,8.58,-7.75,-2.06,24.06,9.33,0,1.70,0.0505,0.0625,0,0.000,0.000,0.00,0.00,0.000,0
phase1 acc_mag=9.477 gravity=9.570 motion=0.094 moving_avg=0.115 rms=0.154 mean_rms=0.107 max_rms=0.154 min_rms=0.077 std=0.025 var=0.001 state=standing thr=0.158/0.358/0.858
-5.75,22.94,23.50,0.9583,-0.1837,0.0909,-0.1994,-0.85,-3.66,8.70,-2.19,-10.00,28.62,9.48,0,1.70,0.0495,0.0631,0,0.000,0.000,0.00,0.00,0.000,0
-5.75,23.00,22.94,0.9590,-0.1845,0.0898,-0.1954,-0.94,-3.64,8.72,-0.19,1.00,-7.81,9.50,0,1.70,0.0489,0.0638,0,0.000,0.000,0.00,0.00,0.000,0
-5.69,23.06,23.31,0.9584,-0.1849,0.0899,-0.1979,-1.05,-3.60,8.80,0.56,1.06,-7.62,9.57,0,1.70,0.0491,0.0638,0,0.000,0.000,0.00,0.00,0.000,0
-5.62,23.06,23.38,0.9583,-0.1851,0.0900,-0.1983,-0.91,-3.59,8.76,-0.12,1.12,0.00,9.51,0,1.70,0.0492,0.0638,0,0.000,0.000,0.00,0.00,0.000,0
phase1 acc_mag=9.567 gravity=9.568 motion=0.001 moving_avg=0.108 rms=0.151 mean_rms=0.121 max_rms=0.154 min_rms=0.083 std=0.027 var=0.001 state=standing thr=0.174/0.374/0.874
-5.75,23.12,23.44,0.9580,-0.1851,0.0909,-0.1991,-1.04,-3.76,8.78,-0.31,2.25,-1.12,9.61,0,1.70,0.0496,0.0637,0,0.000,0.000,0.00,0.00,0.000,0
-5.81,23.12,23.31,0.9583,-0.1853,0.0917,-0.1974,-0.85,-3.64,8.77,-1.69,-0.38,4.12,9.53,0,1.70,0.0498,0.0638,0,0.000,0.000,0.00,0.00,0.000,0
-5.81,23.19,23.56,0.9576,-0.1854,0.0920,-0.2001,-1.08,-3.53,8.70,3.19,1.25,-7.88,9.45,0,1.70,0.0501,0.0637,0,0.000,0.000,0.00,0.00,0.000,0
-5.75,23.19,23.81,0.9573,-0.1855,0.0917,-0.2018,-1.00,-3.57,8.76,0.12,-0.06,0.50,9.51,0,1.70,0.0501,0.0636,0,0.000,0.000,0.00,0.00,0.000,0
phase1 acc_mag=9.722 gravity=9.570 motion=0.153 moving_avg=0.109 rms=0.152 mean_rms=0.133 max_rms=0.154 min_rms=0.090 std=0.023 var=0.001 state=standing thr=0.178/0.378/0.878
-5.69,23.19,23.88,0.9572,-0.1854,0.0916,-0.2026,-1.05,-3.64,8.83,0.06,-0.69,1.50,9.61,0,1.70,0.0501,0.0636,0,0.000,0.000,0.00,0.00,0.000,0
-5.69,23.25,23.56,0.9576,-0.1864,0.0911,-0.1999,-0.86,-3.90,8.83,-3.12,-1.94,1.56,9.69,0,1.70,0.0498,0.0641,0,0.000,0.000,0.00,0.00,0.000,0
-5.69,23.31,23.44,0.9577,-0.1869,0.0911,-0.1988,-1.31,-3.40,8.67,0.31,-0.06,0.75,9.40,0,1.70,0.0497,0.0644,0,0.000,0.000,0.00,0.00,0.000,0
-5.81,23.38,22.75,0.9588,-0.1880,0.0908,-0.1926,-0.96,-3.85,8.81,-1.06,-2.56,5.88,9.66,0,1.70,0.0493,0.0651,0,0.000,0.000,0.00,0.00,0.000,0
phase1 acc_mag=9.559 gravity=9.561 motion=0.003 moving_avg=0.105 rms=0.141 mean_rms=0.146 max_rms=0.157 min_rms=0.116 std=0.009 var=0.000 state=standing thr=0.164/0.364/0.864
-5.81,23.38,22.50,0.9591,-0.1880,0.0906,-0.1912,-0.86,-3.82,8.71,0.31,0.50,-1.94,9.55,0,1.70,0.0491,0.0652,0,0.000,0.000,0.00,0.00,0.000,0
-5.69,23.38,23.19,0.9579,-0.1876,0.0903,-0.1976,-1.03,-3.74,8.85,0.69,1.38,-6.62,9.66,0,1.70,0.0494,0.0647,0,0.000,0.000,0.00,0.00,0.000,0
-5.56,23.31,23.44,0.9577,-0.1875,0.0898,-0.1991,-1.44,-3.32,8.82,-0.88,-2.38,0.44,9.53,0,1.70,0.0493,0.0647,0,0.000,0.000,0.00,0.00,0.000,0
-5.44,23.38,23.56,0.9574,-0.1882,0.0890,-0.2001,-1.22,-3.78,8.76,1.44,1.19,-10.44,9.62,0,1.70,0.0491,0.0649,0,0.000,0.000,0.00,0.00,0.000,0
phase1 acc_mag=9.591 gravity=9.569 motion=0.022 moving_avg=0.093 rms=0.124 mean_rms=0.145 max_rms=0.157 min_rms=0.124 std=0.010 var=0.000 state=standing thr=0.165/0.365/0.865
-5.31,23.38,23.69,0.9575,-0.1878,0.0881,-0.2006,-0.77,-3.69,8.78,0.69,-1.88,2.06,9.55,0,1.70,0.0488,0.0649,0,0.000,0.000,0.00,0.00,0.000,0
-5.38,23.31,23.50,0.9578,-0.1876,0.0880,-0.1993,-0.89,-3.83,8.79,-1.12,-0.06,5.62,9.63,0,1.70,0.0487,0.0649,0,0.000,0.000,0.00,0.00,0.000,0
-5.38,23.31,23.44,0.9578,-0.1877,0.0883,-0.1988,-0.87,-3.72,8.79,0.38,0.12,-2.12,9.58,0,1.70,0.0488,0.0649,0,0.000,0.000,0.00,0.00,0.000,0
-5.38,23.31,23.69,0.9573,-0.1876,0.0887,-0.2012,-0.88,-3.73,8.81,-0.69,1.25,-1.12,9.61,0,1.70,0.0491,0.0647,0,0.000,0.000,0.00,0.00,0.000,0
phase1 acc_mag=9.600 gravity=9.580 motion=0.020 moving_avg=0.073 rms=0.097 mean_rms=0.138 max_rms=0.157 min_rms=0.097 std=0.018 var=0.000 state=standing thr=0.173/0.373/0.873
-5.44,23.38,23.56,0.9575,-0.1878,0.0891,-0.1999,-0.76,-3.78,8.79,-1.19,-0.06,2.44,9.60,0,1.70,0.0491,0.0648,0,0.000,0.000,0.00,0.00,0.000,0
-5.50,23.38,23.62,0.9573,-0.1878,0.0895,-0.2009,-0.76,-3.76,8.77,-0.06,1.06,-4.31,9.57,0,1.70,0.0494,0.0647,0,0.000,0.000,0.00,0.00,0.000,0
-5.31,23.31,24.81,0.9553,-0.1866,0.0900,-0.2109,-1.13,-3.56,8.75,3.19,3.81,-11.25,9.51,0,1.70,0.0501,0.0637,0,0.000,0.000,0.00,0.00,0.000,0
-5.38,23.31,24.88,0.9553,-0.1865,0.0903,-0.2108,-1.01,-3.58,8.76,-1.94,0.00,4.38,9.52,0,1.70,0.0502,0.0637,0,0.000,0.000,0.00,0.00,0.000,0
phase1 acc_mag=9.830 gravity=9.581 motion=0.249 moving_avg=0.077 rms=0.101 mean_rms=0.126 max_rms=0.157 min_rms=0.095 std=0.022 var=0.000 state=standing thr=0.170/0.370/0.870
-5.44,23.38,24.44,0.9559,-0.1873,0.0908,-0.2073,-0.81,-3.79,8.74,-2.19,0.56,2.88,9.56,0,1.70,0.0502,0.0641,0,0.000,0.000,0.00,0.00,0.000,0
-5.50,23.44,24.75,0.9553,-0.1872,0.0914,-0.2097,-0.91,-3.80,8.83,0.69,0.62,-3.69,9.66,0,1.70,0.0506,0.0639,0,0.000,0.000,0.00,0.00,0.000,0
-5.50,23.44,25.06,0.9544,-0.1871,0.0923,-0.2134,-0.82,-3.88,8.75,-0.25,2.88,-6.88,9.61,0,1.70,0.0512,0.0636,0,0.000,0.000,0.00,0.00,0.000,0
phase1 acc_mag=9.703 gravity=9.585 motion=0.119 moving_avg=0.073 rms=0.094 mean_rms=0.115 max_rms=0.157 min_rms=0.089 std=0.021 var=0.000 state=standing thr=0.157/0.357/0.857
-5.62,23.50,25.25,0.9540,-0.1874,0.0935,-0.2142,-0.61,-4.15,8.75,-6.38,0.44,11.69,9.70,0,1.70,0.0517,0.0635,0,0.000,0.000,0.00,0.00,0.000,0
-5.69,23.50,25.31,0.9541,-0.1868,0.0942,-0.2144,-0.87,-3.81,8.77,-0.06,-0.62,4.50,9.60,0,1.70,0.0520,0.0632,0,0.000,0.000,0.00,0.00,0.000,0
-5.62,23.44,25.38,0.9540,-0.1864,0.0938,-0.2150,-0.98,-4.05,8.45,0.94,-1.56,-2.44,9.42,0,1.70,0.0518,0.0631,0,0.000,0.000,0.00,0.00,0.000,0
-5.56,23.38,25.50,0.9537,-0.1863,0.0933,-0.2169,-0.62,-3.58,8.52,0.19,4.25,-11.00,9.26,0,1.70,0.0518,0.0630,0,0.000,0.000,0.00,0.00,0.000,0
phase1 acc_mag=9.846 gravity=9.587 motion=0.259 moving_avg=0.080 rms=0.104 mean_rms=0.104 max_rms=0.128 min_rms=0.088 std=0.013 var=0.000 state=standing thr=0.129/0.350/0.850
-5.56,23.38,25.81,0.9532,-0.1860,0.0941,-0.2189,-1.02,-3.70,8.80,-0.25,-1.44,4.69,9.60,0,1.70,0.0521,0.0627,0,0.000,0.000,0.00,0.00,0.000,0
-5.50,23.44,25.69,0.9535,-0.1865,0.0931,-0.2177,-1.02,-3.67,8.69,0.81,-1.81,-0.12,9.49,0,1.70,0.0518,0.0630,0,0.000,0.000,0.00,0.00,0.000,0
-5.50,23.44,25.62,0.9537,-0.1867,0.0931,-0.2165,-1.04,-3.65,8.76,-1.19,-1.25,3.25,9.55,0,1.70,0.0517,0.0632,0,0.000,0.000,0.00,0.00,0.000,0
-5.56,23.44,25.00,0.9548,-0.1871,0.0927,-0.2118,-0.89,-3.63,8.73,0.81,-2.00,0.56,9.50,0,1.70,0.0513,0.0636,0,0.000,0.000,0.00,0.00,0.000,0
phase1 acc_mag=9.526 gravity=9.584 motion=0.058 moving_avg=0.078 rms=0.101 mean_rms=0.099 max_rms=0.116 min_rms=0.088 std=0.006 var=0.000 state=standing thr=0.112/0.350/0.850
-5.56,23.44,25.00,0.9547,-0.1871,0.0925,-0.2121,-1.02,-3.84,8.78,0.19,-0.50,0.25,9.64,0,1.70,0.0512,0.0636,0,0.000,0.000,0.00,0.00,0.000,0
-5.50,23.56,25.12,0.9543,-0.1879,0.0926,-0.2130,-0.69,-3.97,8.77,-1.31,2.69,-8.62,9.65,0,1.70,0.0514,0.0638,0,0.000,0.000,0.00,0.00,0.000,0
-5.31,23.56,26.56,0.9517,-0.1873,0.0930,-0.2247,-0.82,-3.83,8.82,2.62,4.44,-20.75,9.65,0,1.70,0.0522,0.0629,0,0.000,0.000,0.00,0.00,0.000,0
-5.19,23.44,27.25,0.9506,-0.1857,0.0928,-0.2307,-0.92,-3.74,8.71,2.62,-0.06,-1.94,9.52,0,1.70,0.0524,0.0621,0,0.000,0.000,0.00,0.00,0.000,0
phase1 acc_mag=9.587 gravity=9.587 motion=0.000 moving_avg=0.076 rms=0.099 mean_rms=0.098 max_rms=0.104 min_rms=0.088 std=0.004 var=0.000 state=standing thr=0.106/0.350/0.850
-5.19,23.19,27.19,0.9511,-0.1840,0.0923,-0.2302,-0.74,-3.47,8.82,2.88,-2.12,0.44,9.51,0,1.70,0.0521,0.0615,0,0.000,0.000,0.00,0.00,0.000,0
-5.12,23.12,27.69,0.9500,-0.1833,0.0926,-0.2352,-1.06,-3.67,8.74,-0.12,4.38,-11.31,9.54,0,1.70,0.0524,0.0609,0,0.000,0.000,0.00,0.00,0.000,0
-5.25,23.25,27.50,0.9504,-0.1842,0.0933,-0.2326,-1.01,-3.80,8.79,-3.94,-1.12,9.25,9.63,0,1.70,0.0526,0.0613,0,0.000,0.000,0.00,0.00,0.000,0
-5.50,23.50,26.56,0.9521,-0.1869,0.0948,-0.2227,-1.13,-3.67,8.69,-5.31,-3.19,23.38,9.50,0,1.70,0.0527,0.0627,0,0.000,0.000,0.00,0.00,0.000,0
phase1 acc_mag=9.625 gravity=9.582 motion=0.044 moving_avg=0.085 rms=0.122 mean_rms=0.103 max_rms=0.123 min_rms=0.088 std=0.011 var=0.000 state=standing thr=0.124/0.350/0.850
-5.88,23.69,25.12,0.9540,-0.1883,0.0960,-0.2128,-0.79,-3.62,8.72,-2.69,-1.12,15.06,9.47,0,1.70,0.0527,0.0637,0,0.000,0.000,0.00,0.00,0.000,0
-6.06,23.81,24.88,0.9539,-0.1888,0.0976,-0.2120,-1.13,-3.63,8.77,0.69,2.88,-13.06,9.56,0,1.70,0.0532,0.0638,0,0.000,0.000,0.00,0.00,0.000,0
-5.88,23.88,25.38,0.9532,-0.1895,0.0968,-0.2146,-1.32,-3.65,8.66,-0.12,0.31,-5.25,9.49,0,1.70,0.0532,0.0639,0,0.000,0.000,0.00,0.00,0.000,0
-5.88,23.88,24.88,0.9541,-0.1899,0.0960,-0.2106,-0.97,-3.61,8.73,-1.00,-3.19,5.88,9.50,0,1.70,0.0526,0.0644,0,0.000,0.000,0.00,0.00,0.000,0
phase1 acc_mag=9.469 gravity=9.582 motion=0.114 moving_avg=0.089 rms=0.128 mean_rms=0.110 max_rms=0.131 min_rms=0.088 std=0.013 var=0.000 state=standing thr=0.137/0.350/0.850
-5.75,23.81,24.75,0.9545,-0.1901,0.0947,-0.2096,-0.96,-3.72,8.71,1.19,-3.19,4.19,9.52,0,1.70,0.0521,0.0646,0,0.000,0.000,0.00,0.00,0.000,0
-5.69,23.75,24.50,0.9550,-0.1894,0.0933,-0.2086,-0.98,-4.09,8.83,3.62,-0.50,-5.88,9.78,0,1.70,0.0515,0.0646,0,0.000,0.000,0.00,0.00,0.000,0
-5.25,23.38,25.88,0.9532,-0.1865,0.0912,-0.2198,-1.54,-3.35,8.63,1.69,1.38,-7.88,9.38,0,1.70,0.0512,0.0631,0,0.000,0.000,0.00,0.00,0.000,0
-5.25,23.44,25.88,0.9532,-0.1868,0.0916,-0.2193,-0.86,-3.70,8.78,-1.00,1.38,-1.50,9.57,0,1.70,0.0513,0.0632,0,0.000,0.000,0.00,0.00,0.000,0
phase1 acc_mag=9.757 gravity=9.586 motion=0.171 moving_avg=0.104 rms=0.166 mean_rms=0.121 max_rms=0.167 min_rms=0.099 std=0.020 var=0.000 state=slow thr=0.162/0.362/0.862
-5.12,23.25,26.56,0.9522,-0.1851,0.0912,-0.2251,-0.94,-3.82,8.88,7.19,0.25,-9.62,9.71,0,1.70,0.0514,0.0623,0,0.000,0.000,0.00,0.00,0.000,0
-5.06,22.62,25.94,0.9551,-0.1807,0.0875,-0.2177,-0.85,-3.57,8.84,2.88,-11.38,26.94,9.57,0,1.70,0.0492,0.0614,0,0.000,0.000,0.00,0.00,0.000,0
-5.00,22.69,23.81,0.9584,-0.1828,0.0844,-0.2022,-0.93,-3.09,8.68,-4.38,-11.50,14.69,9.26,0,1.70,0.0471,0.0633,0,0.000,0.000,0.00,0.00,0.000,0
phase1 acc_mag=9.119 gravity=9.581 motion=0.461 moving_avg=0.127 rms=0.192 mean_rms=0.136 max_rms=0.192 min_rms=0.099 std=0.026 var=0.001 state=slow thr=0.188/0.388/0.888
-4.62,23.00,23.12,0.9591,-0.1876,0.0802,-0.1962,-0.39,-3.28,8.50,-4.81,-11.12,13.81,9.12,0,1.70,0.0455,0.0657,0,0.000,0.000,0.00,0.00,0.000,0
-4.00,22.94,23.62,0.9584,-0.1863,0.0756,-0.2028,-0.06,-3.80,8.96,8.19,4.50,-24.31,9.73,0,1.70,0.0441,0.0653,0,0.000,0.000,0.00,0.00,0.000,0
-4.00,22.31,24.56,0.9579,-0.1813,0.0764,-0.2087,-0.88,-3.35,8.76,7.69,4.50,-3.62,9.42,0,1.70,0.0444,0.0631,0,0.000,0.000,0.00,0.00,0.000,0
-4.06,22.12,24.62,0.9581,-0.1797,0.0766,-0.2095,-0.86,-3.33,8.86,0.19,0.00,1.75,9.50,0,1.70,0.0444,0.0625,0,0.000,0.000,0.00,0.00,0.000,0
phase1 acc_mag=9.570 gravity=9.575 motion=0.005 moving_avg=0.126 rms=0.185 mean_rms=0.154 max_rms=0.199 min_rms=0.119 std=0.028 var=0.001 state=standing thr=0.211/0.411/0.911
-4.19,22.25,24.06,0.9590,-0.1810,0.0771,-0.2039,-0.53,-3.58,8.82,-3.31,0.19,7.56,9.53,0,1.70,0.0443,0.0632,0,0.000,0.000,0.00,0.00,0.000,0
-4.38,22.25,23.62,0.9597,-0.1809,0.0779,-0.2007,-0.88,-3.49,8.80,0.38,-4.06,6.81,9.51,0,1.70,0.0444,0.0632,0,0.000,0.000,0.00,0.00,0.000,0
-4.31,22.31,23.31,0.9600,-0.1816,0.0767,-0.1988,-0.64,-3.82,8.99,-1.56,-0.19,-0.81,9.79,0,1.70,0.0439,0.0636,0,0.000,0.000,0.00,0.00,0.000,0
-4.19,22.19,23.25,0.9604,-0.1809,0.0756,-0.1978,-0.67,-3.45,8.84,1.12,-2.12,2.62,9.51,0,1.70,0.0434,0.0635,0,0.000,0.000,0.00,0.00,0.000,0
phase1 acc_mag=9.518 gravity=9.587 motion=0.068 moving_avg=0.132 rms=0.188 mean_rms=0.168 max_rms=0.199 min_rms=0.127 std=0.025 var=0.001 state=standing thr=0.218/0.418/0.918
-4.06,22.38,23.12,0.9604,-0.1826,0.0743,-0.1965,-0.66,-3.65,8.85,-1.56,-2.88,3.19,9.60,0,1.70,0.0429,0.0643,0,0.000,0.000,0.00,0.00,0.000,0
-4.12,22.38,23.12,0.9603,-0.1827,0.0754,-0.1970,-0.81,-3.83,8.97,0.69,4.81,-2.50,9.79,0,1.70,0.0433,0.0642,0,0.000,0.000,0.00,0.00,0.000,0
-4.19,22.25,23.31,0.9602,-0.1811,0.0759,-0.1985,-0.84,-3.57,8.83,2.50,0.75,-3.50,9.56,0,1.70,0.0435,0.0635,0,0.000,0.000,0.00,0.00,0.000,0
phase1 acc_mag=9.493 gravity=9.577 motion=0.084 moving_avg=0.130 rms=0.186 mean_rms=0.179 max_rms=0.199 min_rms=0.127 std=0.015 var=0.000 state=standing thr=0.210/0.410/0.910
-4.19,22.06,23.25,0.9606,-0.1797,0.0753,-0.1981,-0.79,-3.42,8.82,2.75,-0.69,-4.31,9.49,0,1.70,0.0432,0.0631,0,0.000,0.000,0.00,0.00,0.000,0
-4.19,22.00,23.25,0.9608,-0.1793,0.0753,-0.1980,-0.74,-3.39,8.81,1.06,1.44,-2.25,9.47,0,1.70,0.0431,0.0629,0,0.000,0.000,0.00,0.00,0.000,0
-4.19,21.94,23.25,0.9609,-0.1786,0.0753,-0.1979,-0.64,-3.40,8.89,1.75,-1.06,2.75,9.54,0,1.70,0.0431,0.0627,0,0.000,0.000,0.00,0.00,0.000,0
-4.19,21.88,23.12,0.9611,-0.1782,0.0746,-0.1973,-0.84,-3.54,8.88,-0.12,-2.12,-4.12,9.60,0,1.70,0.0427,0.0626,0,0.000,0.000,0.00,0.00,0.000,0
phase1 acc_mag=9.546 gravity=9.570 motion=0.024 moving_avg=0.106 rms=0.145 mean_rms=0.179 max_rms=0.199 min_rms=0.145 std=0.015 var=0.000 state=standing thr=0.210/0.410/0.910
-4.00,21.81,23.19,0.9612,-0.1782,0.0734,-0.1976,-0.57,-3.40,8.87,0.75,-0.31,-2.38,9.52,0,1.70,0.0423,0.0627,0,0.000,0.000,0.00,0.00,0.000,0
-4.00,21.94,23.12,0.9612,-0.1790,0.0731,-0.1969,-0.57,-3.19,8.81,-0.19,-2.69,3.38,9.39,0,1.70,0.0422,0.0631,0,0.000,0.000,0.00,0.00,0.000,0
-4.00,22.00,22.88,0.9615,-0.1800,0.0729,-0.1946,-0.72,-3.43,8.82,-0.44,0.19,1.81,9.49,0,1.70,0.0420,0.0636,0,0.000,0.000,0.00,0.00,0.000,0
-4.00,22.06,22.88,0.9614,-0.1803,0.0732,-0.1945,-0.50,-3.57,8.84,-1.06,0.75,0.06,9.55,0,1.70,0.0422,0.0636,0,0.000,0.000,0.00,0.00,0.000,0
phase1 acc_mag=9.312 gravity=9.566 motion=0.253 moving_avg=0.094 rms=0.123 mean_rms=0.171 max_rms=0.199 min_rms=0.120 std=0.023 var=0.001 state=standing thr=0.216/0.416/0.916
-4.12,22.12,22.88,0.9612,-0.1804,0.0742,-0.1949,-0.61,-3.50,8.82,-3.88,0.69,4.19,9.51,0,1.70,0.0426,0.0636,0,0.000,0.000,0.00,0.00,0.000,0
-4.12,22.19,22.81,0.9612,-0.1813,0.0743,-0.1942,-0.69,-3.69,8.90,-1.12,0.12,0.31,9.66,0,1.70,0.0426,0.0639,0,0.000,0.000,0.00,0.00,0.000,0
-4.12,22.25,22.88,0.9611,-0.1815,0.0743,-0.1948,-0.54,-3.50,8.82,0.56,-0.38,0.50,9.50,0,1.70,0.0427,0.0640,0,0.000,0.000,0.00,0.00,0.000,0
-4.06,22.25,23.00,0.9608,-0.1815,0.0741,-0.1958,-0.56,-3.80,8.89,-1.50,-0.44,1.81,9.68,0,1.70,0.0427,0.0640,0,0.000,0.000,0.00,0.00,0.000,0
phase1 acc_mag=9.419 gravity=9.561 motion=0.141 moving_avg=0.099 rms=0.126 mean_rms=0.156 max_rms=0.189 min_rms=0.120 std=0.026 var=0.001 state=standing thr=0.208/0.408/0.908
-4.06,22.25,23.06,0.9607,-0.1819,0.0745,-0.1961,-0.91,-3.25,8.76,-4.44,0.38,3.81,9.39,0,1.70,0.0429,0.0641,0,0.000,0.000,0.00,0.00,0.000,0
-4.12,22.31,23.12,0.9604,-0.1821,0.0748,-0.1969,-0.48,-3.48,8.86,-1.00,-0.69,1.06,9.53,0,1.70,0.0431,0.0641,0,0.000,0.000,0.00,0.00,0.000,0
-4.12,22.38,23.38,0.9600,-0.1822,0.0753,-0.1986,-0.79,-3.59,8.80,-0.12,3.19,-1.81,9.54,0,1.70,0.0434,0.0640,0,0.000,0.000,0.00,0.00,0.000,0
-4.25,22.38,23.38,0.9599,-0.1824,0.0766,-0.1987,-0.76,-3.71,8.91,-3.19,0.69,3.56,9.68,0,1.70,0.0439,0.0639,0,0.000,0.000,0.00,0.00,0.000,0
phase1 acc_mag=9.591 gravity=9.558 motion=0.033 moving_avg=0.103 rms=0.129 mean_rms=0.143 max_rms=0.187 min_rms=0.120 std=0.022 var=0.000 state=standing thr=0.187/0.387/0.887
-4.19,22.44,23.69,0.9593,-0.1827,0.0767,-0.2012,-0.70,-3.61,8.81,0.19,-0.50,-1.31,9.55,0,1.70,0.0441,0.0639,0,0.000,0.000,0.00,0.00,0.000,0
-4.12,22.44,23.81,0.9590,-0.1827,0.0762,-0.2025,-0.73,-3.59,8.90,1.31,0.56,-5.06,9.62,0,1.70,0.0440,0.0639,0,0.000,0.000,0.00,0.00,0.000,0
-4.19,22.50,23.44,0.9595,-0.1835,0.0765,-0.1995,-0.60,-3.75,8.84,-1.44,-0.31,1.62,9.62,0,1.70,0.0440,0.0643,0,0.000,0.000,0.00,0.00,0.000,0
phase1 acc_mag=9.584 gravity=9.562 motion=0.022 moving_avg=0.095 rms=0.119 mean_rms=0.131 max_rms=0.148 min_rms=0.119 std=0.009 var=0.000 state=standing thr=0.150/0.350/0.850
-4.19,22.50,23.38,0.9597,-0.1836,0.0762,-0.1990,-0.60,-3.63,8.85,1.81,0.00,-3.06,9.58,0,1.70,0.0439,0.0644,0,0.000,0.000,0.00,0.00,0.000,0
-4.25,22.44,24.31,0.9580,-0.1816,0.0782,-0.2075,-0.83,-3.60,8.87,2.50,6.50,-9.50,9.61,0,1.70,0.0451,0.0631,0,0.000,0.000,0.00,0.00,0.000,0
-4.44,22.31,24.81,0.9574,-0.1804,0.0803,-0.2107,-0.56,-3.51,8.88,0.75,3.00,-4.69,9.56,0,1.70,0.0460,0.0623,0,0.000,0.000,0.00,0.00,0.000,0
-4.56,22.38,25.00,0.9570,-0.1801,0.0818,-0.2123,-0.88,-3.52,8.85,-1.12,3.69,0.56,9.56,0,1.70,0.0466,0.0620,0,0.000,0.000,0.00,0.00,0.000,0
phase1 acc_mag=9.600 gravity=9.565 motion=0.035 moving_avg=0.104 rms=0.152 mean_rms=0.129 max_rms=0.155 min_rms=0.117 std=0.011 var=0.000 state=slow thr=0.151/0.351/0.851
-4.69,22.44,24.75,0.9573,-0.1810,0.0827,-0.2098,-0.80,-3.74,8.85,-0.44,-1.94,4.00,9.64,0,1.70,0.0469,0.0624,0,0.000,0.000,0.00,0.00,0.000,0
-4.75,22.56,24.31,0.9578,-0.1818,0.0827,-0.2066,-0.77,-3.53,8.84,-1.25,-0.69,5.69,9.55,0,1.70,0.0467,0.0628,0,0.000,0.000,0.00,0.00,0.000,0
-4.69,22.56,24.44,0.9575,-0.1821,0.0825,-0.2078,-0.90,-3.64,8.88,0.88,0.38,-5.94,9.64,0,1.70,0.0467,0.0629,0,0.000,0.000,0.00,0.00,0.000,0
-4.69,22.56,24.50,0.9575,-0.1821,0.0825,-0.2081,-0.91,-3.46,8.76,1.00,0.19,-0.69,9.46,0,1.70,0.0467,0.0629,0,0.000,0.000,0.00,0.00,0.000,0
phase1 acc_mag=9.450 gravity=9.584 motion=0.134 moving_avg=0.094 rms=0.140 mean_rms=0.132 max_rms=0.155 min_rms=0.117 std=0.011 var=0.000 state=standing thr=0.155/0.355/0.855
-4.69,22.69,24.12,0.9579,-0.1835,0.0823,-0.2045,-0.73,-3.76,8.84,-1.75,-1.38,2.62,9.63,0,1.70,0.0465,0.0636,0,0.000,0.000,0.00,0.00,0.000,0
-4.75,22.81,23.88,0.9581,-0.1843,0.0827,-0.2031,-0.84,-3.73,8.81,-2.38,-0.31,2.50,9.60,0,1.70,0.0467,0.0639,0,0.000,0.000,0.00,0.00,0.000,0
-4.75,22.88,23.88,0.9580,-0.1849,0.0827,-0.2029,-0.74,-3.88,8.86,-2.56,-0.75,0.44,9.70,0,1.70,0.0467,0.0642,0,0.000,0.000,0.00,0.00,0.000,0
-4.75,22.94,23.75,0.9583,-0.1852,0.0826,-0.2015,-0.99,-3.47,8.76,0.19,-0.94,3.94,9.47,0,1.70,0.0466,0.0643,0,0.000,0.000,0.00,0.00,0.000,0
phase1 acc_mag=9.384 gravity=9.585 motion=0.201 moving_avg=0.082 rms=0.131 mean_rms=0.134 max_rms=0.155 min_rms=0.117 std=0.011 var=0.000 state=standing thr=0.156/0.356/0.856
-4.81,22.94,23.56,0.9585,-0.1856,0.0826,-0.2000,-0.79,-3.68,8.78,0.75,-0.50,1.56,9.55,0,1.70,0.0465,0.0646,0,0.000,0.000,0.00,0.00,0.000,0
-4.75,22.94,23.62,0.9582,-0.1855,0.0825,-0.2015,-0.71,-3.80,8.84,2.69,1.19,-7.19,9.65,0,1.70,0.0466,0.0645,0,0.000,0.000,0.00,0.00,0.000,0
-4.69,22.88,23.88,0.9579,-0.1852,0.0822,-0.2031,-0.76,-3.69,8.78,1.00,-0.94,-0.75,9.55,0,1.70,0.0465,0.0643,0,0.000,0.000,0.00,0.00,0.000,0
-4.69,22.88,23.56,0.9586,-0.1851,0.0814,-0.2004,-0.65,-3.71,8.81,-0.44,-1.94,3.50,9.58,0,1.70,0.0461,0.0645,0,0.000,0.000,0.00,0.00,0.000,0
phase1 acc_mag=9.536 gravity=9.588 motion=0.052 moving_avg=0.080 rms=0.128 mean_rms=0.134 max_rms=0.155 min_rms=0.117 std=0.011 var=0.000 state=standing thr=0.155/0.355/0.855
-4.62,22.88,23.50,0.9589,-0.1852,0.0811,-0.1991,-0.76,-3.70,8.80,0.25,-1.81,4.56,9.58,0,1.70,0.0458,0.0646,0,0.000,0.000,0.00,0.00,0.000,0
-4.62,22.69,23.44,0.9592,-0.1841,0.0804,-0.1990,-0.72,-3.62,8.79,1.44,0.31,1.00,9.53,0,1.70,0.0455,0.0642,0,0.000,0.000,0.00,0.00,0.000,0
-4.62,22.62,23.50,0.9592,-0.1833,0.0804,-0.1998,-0.71,-3.60,8.83,0.12,-0.88,0.94,9.56,0,1.70,0.0455,0.0639,0,0.000,0.000,0.00,0.00,0.000,0
-4.62,22.56,23.44,0.9594,-0.1830,0.0801,-0.1992,-0.73,-3.68,8.87,0.12,-0.50,0.56,9.63,0,1.70,0.0453,0.0638,0,0.000,0.000,0.00,0.00,0.000,0
phase1 acc_mag=9.498 gravity=9.588 motion=0.090 moving_avg=0.082 rms=0.131 mean_rms=0.136 max_rms=0.155 min_rms=0.118 std=0.009 var=0.000 state=standing thr=0.154/0.354/0.854
-4.56,22.56,23.44,0.9595,-0.1828,0.0798,-0.1991,-0.71,-3.73,8.84,0.25,-0.56,-0.75,9.62,0,1.70,0.0452,0.0638,0,0.000,0.000,0.00,0.00,0.000,0
-4.56,22.50,23.44,0.9594,-0.1828,0.0794,-0.1996,-0.57,-3.60,8.71,0.31,1.50,-5.00,9.44,0,1.70,0.0451,0.0638,0,0.000,0.000,0.00,0.00,0.000,0
-4.56,22.56,23.62,0.9590,-0.1829,0.0798,-0.2010,-0.77,-3.49,8.73,-0.56,0.25,3.31,9.43,0,1.70,0.0453,0.0637,0,0.000,0.000,0.00,0.00,0.000,0
-4.62,22.56,23.44,0.9594,-0.1831,0.0801,-0.1992,-0.76,-3.54,8.82,-0.38,0.06,0.56,9.53,0,1.70,0.0453,0.0639,0,0.000,0.000,0.00,0.00,0.000,0
phase1 acc_mag=9.595 gravity=9.576 motion=0.019 moving_avg=0.072 rms=0.090 mean_rms=0.125 max_rms=0.144 min_rms=0.085 std=0.018 var=0.000 state=standing thr=0.161/0.361/0.861
-4.69,22.69,23.25,0.9595,-0.1839,0.0807,-0.1974,-0.81,-3.64,8.81,-1.88,0.69,3.06,9.57,0,1.70,0.0455,0.0642,0,0.000,0.000,0.00,0.00,0.000,0
-4.75,22.75,23.00,0.9598,-0.1846,0.0812,-0.1954,-0.79,-3.74,8.79,-1.00,-0.38,-0.19,9.59,0,1.70,0.0456,0.0645,0,0.000,0.000,0.00,0.00,0.000,0
-4.75,22.81,22.94,0.9597,-0.1850,0.0812,-0.1952,-0.75,-3.75,8.86,-1.69,-0.62,1.75,9.65,0,1.70,0.0456,0.0647,0,0.000,0.000,0.00,0.00,0.000,0
-4.75,22.88,22.88,0.9597,-0.1856,0.0813,-0.1946,-0.79,-3.71,8.80,-1.31,0.62,-1.88,9.58,0,1.70,0.0457,0.0649,0,0.000,0.000,0.00,0.00,0.000,0
phase1 acc_mag=9.570 gravity=9.575 motion=0.005 moving_avg=0.065 rms=0.082 mean_rms=0.113 max_rms=0.136 min_rms=0.082 std=0.022 var=0.000 state=standing thr=0.156/0.356/0.856
-4.81,22.94,22.88,0.9596,-0.1862,0.0818,-0.1945,-0.80,-3.65,8.80,-0.88,0.62,0.94,9.56,0,1.70,0.0459,0.0651,0,0.000,0.000,0.00,0.00,0.000,0
-4.81,23.00,23.00,0.9594,-0.1865,0.0818,-0.1951,-0.87,-3.67,8.80,-1.00,0.31,-0.25,9.57,0,1.70,0.0460,0.0652,0,0.000,0.000,0.00,0.00,0.000,0
-4.81,23.00,22.94,0.9594,-0.1867,0.0819,-0.1950,-0.86,-3.73,8.81,0.00,-0.06,-0.31,9.61,0,1.70,0.0460,0.0653,0,0.000,0.000,0.00,0.00,0.000,0
-4.81,23.06,23.00,0.9591,-0.1870,0.0820,-0.1959,-0.91,-3.59,8.80,-0.81,1.06,-2.62,9.55,0,1.70,0.0461,0.0653,0,0.000,0.000,0.00,0.00,0.000,0
phase1 acc_mag=9.610 gravity=9.572 motion=0.038 moving_avg=0.057 rms=0.073 mean_rms=0.101 max_rms=0.132 min_rms=0.073 std=0.022 var=0.001 state=standing thr=0.146/0.350/0.850
-4.81,23.12,23.06,0.9590,-0.1875,0.0826,-0.1957,-0.90,-3.63,8.80,-0.62,0.62,0.06,9.56,0,1.70,0.0464,0.0655,0,0.000,0.000,0.00,0.00,0.000,0
-4.88,23.19,23.06,0.9589,-0.1878,0.0828,-0.1961,-0.94,-3.61,8.78,-1.00,0.38,-0.19,9.54,0,1.70,0.0465,0.0655,0,0.000,0.000,0.00,0.00,0.000,0
-4.88,23.25,23.06,0.9587,-0.1884,0.0833,-0.1960,-0.94,-3.60,8.71,-1.12,1.12,-1.44,9.47,0,1.70,0.0467,0.0657,0,0.000,0.000,0.00,0.00,0.000,0
-4.88,23.25,23.00,0.9589,-0.1884,0.0831,-0.1953,-0.64,-3.80,8.79,-0.88,-1.44,8.06,9.60,0,1.70,0.0466,0.0658,0,0.000,0.000,0.00,0.00,0.000,0
phase1 acc_mag=9.499 gravity=9.563 motion=0.064 moving_avg=0.054 rms=0.070 mean_rms=0.089 max_rms=0.132 min_rms=0.069 std=0.020 var=0.000 state=standing thr=0.129/0.350/0.850
-4.88,23.25,23.12,0.9586,-0.1885,0.0833,-0.1966,-0.98,-3.61,8.75,0.00,0.50,-1.12,9.52,0,1.70,0.0468,0.0657,0,0.000,0.000,0.00,0.00,0.000,0
-4.88,23.25,23.19,0.9584,-0.1886,0.0835,-0.1971,-0.89,-3.75,8.81,-0.88,1.50,-1.06,9.62,0,1.70,0.0469,0.0657,0,0.000,0.000,0.00,0.00,0.000,0
-4.94,23.31,23.06,0.9587,-0.1887,0.0839,-0.1957,-0.94,-3.67,8.79,-0.50,0.44,-0.44,9.57,0,1.70,0.0470,0.0658,0,0.000,0.000,0.00,0.00,0.000,0
phase1 acc_mag=9.571 gravity=9.567 motion=0.003 moving_avg=0.046 rms=0.058 mean_rms=0.076 max_rms=0.091 min_rms=0.058 std=0.009 var=0.000 state=standing thr=0.095/0.350/0.850
-4.94,23.38,23.12,0.9585,-0.1890,0.0840,-0.1963,-0.82,-3.79,8.75,-0.69,0.00,-0.44,9.57,0,1.70,0.0470,0.0659,0,0.000,0.000,0.00,0.00,0.000,0
-5.00,23.38,23.00,0.9587,-0.1891,0.0843,-0.1952,-0.86,-3.63,8.78,-0.19,0.31,-1.44,9.54,0,1.70,0.0471,0.0660,0,0.000,0.000,0.00,0.00,0.000,0
-5.00,23.38,23.12,0.9583,-0.1895,0.0844,-0.1965,-0.83,-3.70,8.76,-0.75,0.44,-1.06,9.55,0,1.70,0.0473,0.0660,0,0.000,0.000,0.00,0.00,0.000,0
-4.94,23.44,23.19,0.9583,-0.1895,0.0844,-0.1969,-0.96,-3.77,8.79,0.88,0.94,-4.69,9.61,0,1.70,0.0473,0.0660,0,0.000,0.000,0.00,0.00,0.000,0
phase1 acc_mag=9.545 gravity=9.573 motion=0.028 moving_avg=0.039 rms=0.049 mean_rms=0.069 max_rms=0.085 min_rms=0.048 std=0.011 var=0.000 state=standing thr=0.091/0.350/0.850
-4.88,23.44,23.31,0.9581,-0.1898,0.0841,-0.1974,-0.80,-3.77,8.70,-1.56,-0.50,2.19,9.52,0,1.70,0.0472,0.0661,0,0.000,0.000,0.00,0.00,0.000,0
-4.94,23.50,23.12,0.9583,-0.1901,0.0840,-0.1962,-0.78,-3.80,8.76,0.12,-2.81,8.94,9.58,0,1.70,0.0471,0.0663,0,0.000,0.000,0.00,0.00,0.000,0
-5.00,23.44,22.81,0.9588,-0.1900,0.0842,-0.1937,-0.89,-3.72,8.77,-0.81,0.25,2.19,9.57,0,1.70,0.0470,0.0663,0,0.000,0.000,0.00,0.00,0.000,0
-5.00,23.50,22.94,0.9585,-0.1905,0.0844,-0.1947,-0.84,-3.80,8.82,-0.62,1.69,-3.06,9.64,0,1.70,0.0472,0.0665,0,0.000,0.000,0.00,0.00,0.000,0
phase1 acc_mag=9.624 gravity=9.570 motion=0.054 moving_avg=0.044 rms=0.053 mean_rms=0.062 max_rms=0.081 min_rms=0.048 std=0.011 var=0.000 state=standing thr=0.084/0.350/0.850
-4.94,23.56,23.38,0.9576,-0.1903,0.0851,-0.1988,-0.81,-3.71,8.75,0.81,2.94,-4.06,9.54,0,1.70,0.0477,0.0661,0,0.000,0.000,0.00,0.00,0.000,0
-4.88,23.56,23.75,0.9570,-0.1904,0.0850,-0.2015,-1.09,-3.88,8.77,0.94,-1.25,-13.88,9.65,0,1.70,0.0479,0.0660,0,0.000,0.000,0.00,0.00,0.000,0
-4.31,23.38,24.56,0.9562,-0.1893,0.0807,-0.2084,-0.45,-3.74,8.69,2.75,-4.88,2.06,9.47,0,1.70,0.0467,0.0657,0,0.000,0.000,0.00,0.00,0.000,0
-4.31,23.25,24.56,0.9563,-0.1888,0.0805,-0.2083,-0.82,-3.61,8.73,0.19,-0.44,3.69,9.48,0,1.70,0.0465,0.0655,0,0.000,0.000,0.00,0.00,0.000,0
phase1 acc_mag=9.584 gravity=9.569 motion=0.016 moving_avg=0.055 rms=0.079 mean_rms=0.061 max_rms=0.079 min_rms=0.048 std=0.010 var=0.000 state=standing thr=0.080/0.350/0.850
-4.50,23.38,24.00,0.9572,-0.1895,0.0815,-0.2029,-0.86,-3.74,8.86,-2.69,-1.06,11.94,9.66,0,1.70,0.0466,0.0659,0,0.000,0.000,0.00,0.00,0.000,0
-4.62,23.44,23.50,0.9577,-0.1902,0.0820,-0.1998,-0.62,-3.72,8.73,-0.94,-0.62,-2.50,9.51,0,1.70,0.0466,0.0663,0,0.000,0.000,0.00,0.00,0.000,0
-4.50,23.56,23.94,0.9568,-0.1912,0.0818,-0.2029,-0.82,-3.66,8.68,1.88,-2.00,-4.19,9.46,0,1.70,0.0468,0.0665,0,0.000,0.000,0.00,0.00,0.000,0
-4.25,23.50,24.44,0.9556,-0.1901,0.0802,-0.2101,-0.13,-4.11,8.95,2.56,3.06,-19.12,9.85,0,1.70,0.0466,0.0659,0,0.000,0.000,0.00,0.00,0.000,0
phase1 acc_mag=9.461 gravity=9.580 motion=0.119 moving_avg=0.064 rms=0.091 mean_rms=0.064 max_rms=0.091 min_rms=0.048 std=0.013 var=0.000 state=slow thr=0.090/0.350/0.850
-4.06,23.44,24.88,0.9555,-0.1901,0.0795,-0.2109,-0.45,-3.78,8.87,-1.12,-3.62,11.94,9.65,0,1.70,0.0464,0.0660,0,0.000,0.000,0.00,0.00,0.000,0
-4.31,23.38,23.88,0.9573,-0.1900,0.0798,-0.2026,-0.77,-3.62,8.84,-3.00,-4.38,21.44,9.58,0,1.70,0.0459,0.0663,0,0.000,0.000,0.00,0.00,0.000,0
-4.38,23.50,23.31,0.9583,-0.1913,0.0798,-0.1970,-0.81,-3.55,8.69,-1.00,-1.56,5.06,9.42,0,1.70,0.0457,0.0671,0,0.000,0.000,0.00,0.00,0.000,0
-4.44,23.69,23.06,0.9583,-0.1926,0.0801,-0.1957,-1.20,-4.11,8.96,-4.12,1.81,-6.56,9.93,0,1.70,0.0458,0.0676,0,0.000,0.000,0.00,0.00,0.000,0
phase1 acc_mag=9.999 gravity=9.587 motion=0.412 moving_avg=0.084 rms=0.122 mean_rms=0.073 max_rms=0.122 min_rms=0.048 std=0.020 var=0.000 state=slow thr=0.114/0.350/0.850
-4.19,23.81,23.38,0.9573,-0.1943,0.0785,-0.1990,-0.52,-3.87,8.66,0.62,-2.94,-8.44,9.50,0,1.70,0.0455,0.0681,0,0.000,0.000,0.00,0.00,0.000,0
-4.00,23.69,23.81,0.9570,-0.1934,0.0775,-0.2020,-0.74,-3.71,8.70,1.69,0.25,-1.56,9.49,0,1.70,0.0453,0.0678,0,0.000,0.000,0.00,0.00,0.000,0
-4.00,23.62,23.94,0.9568,-0.1927,0.0777,-0.2032,-0.84,-3.43,8.69,0.12,1.62,-4.25,9.38,0,1.70,0.0454,0.0674,0,0.000,0.000,0.00,0.00,0.000,0
-4.00,23.69,23.75,0.9573,-0.1934,0.0776,-0.2005,-0.67,-3.84,8.83,-3.25,-2.56,9.25,9.65,0,1.70,0.0452,0.0678,0,0.000,0.000,0.00,0.00,0.000,0
phase1 acc_mag=9.656 gravity=9.587 motion=0.069 moving_avg=0.106 rms=0.143 mean_rms=0.090 max_rms=0.143 min_rms=0.048 std=0.027 var=0.001 state=standing thr=0.145/0.350/0.850
-4.00,23.75,23.38,0.9577,-0.1942,0.0766,-0.1981,-0.59,-3.57,8.68,2.38,-1.56,-7.19,9.40,0,1.70,0.0447,0.0683,0,0.000,0.000,0.00,0.00,0.000,0
-3.75,23.75,24.06,0.9565,-0.1942,0.0759,-0.2039,-0.72,-3.78,8.78,0.69,0.88,-7.38,9.59,0,1.70,0.0449,0.0681,0,0.000,0.000,0.00,0.00,0.000,0
-3.75,23.75,24.06,0.9565,-0.1938,0.0760,-0.2043,-0.83,-3.54,8.62,-0.81,0.75,-0.56,9.36,0,1.70,0.0449,0.0680,0,0.000,0.000,0.00,0.00,0.000,0
phase1 acc_mag=9.312 gravity=9.582 motion=0.270 moving_avg=0.121 rms=0.155 mean_rms=0.111 max_rms=0.157 min_rms=0.072 std=0.029 var=0.001 state=standing thr=0.169/0.369/0.869
-3.75,23.75,24.06,0.9565,-0.1942,0.0762,-0.2042,-0.86,-3.54,8.57,0.75,0.25,-0.56,9.31,0,1.70,0.0450,0.0681,0,0.000,0.000,0.00,0.00,0.000,0
-3.88,23.75,23.88,0.9567,-0.1942,0.0765,-0.2026,-0.56,-3.56,8.59,0.31,-0.38,-2.06,9.32,0,1.70,0.0450,0.0681,0,0.000,0.000,0.00,0.00,0.000,0
-3.88,23.75,23.81,0.9568,-0.1942,0.0765,-0.2023,-0.62,-3.99,8.81,-0.38,-0.56,3.00,9.69,0,1.70,0.0450,0.0681,0,0.000,0.000,0.00,0.00,0.000,0
-3.88,23.81,23.88,0.9567,-0.1944,0.0768,-0.2026,-0.57,-3.92,8.81,0.00,0.56,-0.50,9.66,0,1.70,0.0451,0.0682,0,0.000,0.000,0.00,0.00,0.000,0
phase1 acc_mag=9.584 gravity=9.588 motion=0.004 moving_avg=0.132 rms=0.163 mean_rms=0.128 max_rms=0.164 min_rms=0.081 std=0.028 var=0.001 state=standing thr=0.185/0.385/0.885
-3.81,23.75,24.38,0.9559,-0.1937,0.0768,-0.2068,-0.70,-3.77,8.83,2.06,2.44,-10.69,9.63,0,1.70,0.0454,0.0677,0,0.000,0.000,0.00,0.00,0.000,0
-3.62,23.56,25.06,0.9550,-0.1920,0.0763,-0.2126,-0.65,-3.70,8.82,4.44,0.38,-7.75,9.59,0,1.70,0.0455,0.0669,0,0.000,0.000,0.00,0.00,0.000,0
-3.56,23.44,25.12,0.9552,-0.1913,0.0755,-0.2130,-0.68,-3.79,8.74,-0.38,-2.56,4.94,9.55,0,1.70,0.0451,0.0667,0,0.000,0.000,0.00,0.00,0.000,0
-3.56,23.44,24.88,0.9556,-0.1914,0.0749,-0.2112,-0.58,-3.96,8.87,-1.81,-1.25,1.69,9.73,0,1.70,0.0448,0.0668,0,0.000,0.000,0.00,0.00,0.000,0
phase1 acc_mag=9.604 gravity=9.584 motion=0.020 moving_avg=0.124 rms=0.157 mean_rms=0.143 max_rms=0.164 min_rms=0.095 std=0.021 var=0.000 state=standing thr=0.185/0.385/0.885
-3.44,23.38,25.25,0.9548,-0.1910,0.0742,-0.2152,-0.63,-3.72,8.89,3.44,0.69,-11.69,9.66,0,1.70,0.0448,0.0666,0,0.000,0.000,0.00,0.00,0.000,0
-3.25,23.38,25.62,0.9544,-0.1908,0.0737,-0.2174,-0.42,-3.90,8.93,-2.12,-1.50,6.88,9.75,0,1.70,0.0447,0.0664,0,0.000,0.000,0.00,0.00,0.000,0
-3.31,23.31,25.44,0.9548,-0.1906,0.0737,-0.2159,-0.40,-3.83,8.86,0.81,0.12,0.00,9.66,0,1.70,0.0446,0.0664,0,0.000,0.000,0.00,0.00,0.000,0
-3.44,23.38,25.12,0.9553,-0.1910,0.0741,-0.2133,-0.53,-3.79,8.74,-1.50,-0.81,3.69,9.54,0,1.70,0.0446,0.0667,0,0.000,0.000,0.00,0.00,0.000,0
phase1 acc_mag=9.480 gravity=9.571 motion=0.091 moving_avg=0.117 rms=0.146 mean_rms=0.153 max_rms=0.164 min_rms=0.127 std=0.011 var=0.000 state=standing thr=0.174/0.374/0.874
-3.50,23.44,25.06,0.9553,-0.1912,0.0748,-0.2126,-0.65,-3.63,8.73,-0.75,1.44,-0.31,9.48,0,1.70,0.0448,0.0667,0,0.000,0.000,0.00,0.00,0.000,0
-3.50,23.50,25.19,0.9549,-0.1917,0.0755,-0.2137,-0.61,-3.95,8.82,-2.00,1.00,0.62,9.68,0,1.70,0.0452,0.0668,0,0.000,0.000,0.00,0.00,0.000,0
-3.56,23.50,25.31,0.9548,-0.1914,0.0758,-0.2146,-0.65,-3.72,8.80,-1.94,0.00,4.81,9.58,0,1.70,0.0454,0.0666,0,0.000,0.000,0.00,0.00,0.000,0
phase1 acc_mag=9.532 gravity=9.568 motion=0.035 moving_avg=0.097 rms=0.125 mean_rms=0.154 max_rms=0.164 min_rms=0.125 std=0.009 var=0.000 state=standing thr=0.172/0.372/0.872
-3.62,23.56,25.00,0.9551,-0.1920,0.0763,-0.2120,-0.66,-3.70,8.76,-0.69,-0.06,1.38,9.53,0,1.70,0.0454,0.0669,0,0.000,0.000,0.00,0.00,0.000,0
-3.69,23.56,25.19,0.9548,-0.1915,0.0771,-0.2139,-0.76,-3.67,8.77,1.25,1.56,-2.75,9.54,0,1.70,0.0458,0.0666,0,0.000,0.000,0.00,0.00,0.000,0
-3.69,23.50,25.19,0.9548,-0.1915,0.0771,-0.2136,-0.60,-3.89,8.84,-0.12,0.31,-0.06,9.68,0,1.70,0.0458,0.0666,0,0.000,0.000,0.00,0.00,0.000,0
-3.81,23.56,25.00,0.9551,-0.1918,0.0775,-0.2120,-0.61,-3.81,8.87,-1.50,-0.19,2.94,9.67,0,1.70,0.0459,0.0667,0,0.000,0.000,0.00,0.00,0.000,0
phase1 acc_mag=9.551 gravity=9.573 motion=0.022 moving_avg=0.079 rms=0.103 mean_rms=0.147 max_rms=0.164 min_rms=0.103 std=0.017 var=0.000 state=standing thr=0.181/0.381/0.881
-3.81,23.56,24.94,0.9553,-0.1920,0.0778,-0.2111,-0.70,-3.84,8.82,-0.88,-0.38,2.38,9.65,0,1.70,0.0459,0.0668,0,0.000,0.000,0.00,0.00,0.000,0
-3.88,23.62,24.75,0.9554,-0.1922,0.0779,-0.2101,-0.66,-3.59,8.70,0.62,0.19,-2.19,9.43,0,1.70,0.0459,0.0669,0,0.000,0.000,0.00,0.00,0.000,0
-3.88,23.56,24.88,0.9553,-0.1920,0.0781,-0.2109,-0.74,-3.63,8.75,1.75,0.56,-2.75,9.50,0,1.70,0.0460,0.0668,0,0.000,0.000,0.00,0.00,0.000,0
-3.88,23.62,24.81,0.9553,-0.1921,0.0782,-0.2104,-0.78,-3.74,8.78,-0.12,0.31,-0.56,9.58,0,1.70,0.0461,0.0668,0,0.000,0.000,0.00,0.00,0.000,0
phase1 acc_mag=9.536 gravity=9.574 motion=0.038 moving_avg=0.073 rms=0.094 mean_rms=0.133 max_rms=0.163 min_rms=0.094 std=0.024 var=0.001 state=standing thr=0.182/0.382/0.882
-3.88,23.62,24.94,0.9551,-0.1922,0.0781,-0.2115,-0.52,-4.05,8.87,0.06,1.94,-6.62,9.76,0,1.70,0.0461,0.0668,0,0.000,0.000,0.00,0.00,0.000,0
-3.81,23.50,25.50,0.9543,-0.1907,0.0785,-0.2163,-0.83,-3.59,8.72,0.38,0.69,-0.50,9.47,0,1.70,0.0465,0.0660,0,0.000,0.000,0.00,0.00,0.000,0
-3.81,23.44,25.44,0.9545,-0.1905,0.0781,-0.2159,-0.62,-3.77,8.79,0.62,-0.94,0.06,9.58,0,1.70,0.0463,0.0660,0,0.000,0.000,0.00,0.00,0.000,0
-3.81,23.50,25.25,0.9548,-0.1909,0.0781,-0.2142,-0.64,-3.80,8.81,-0.69,-1.31,4.69,9.62,0,1.70,0.0462,0.0662,0,0.000,0.000,0.00,0.00,0.000,0
phase1 acc_mag=9.433 gravity=9.568 motion=0.135 moving_avg=0.069 rms=0.087 mean_rms=0.119 max_rms=0.162 min_rms=0.087 std=0.024 var=0.001 state=standing thr=0.167/0.367/0.867
-3.81,23.50,25.06,0.9551,-0.1911,0.0778,-0.2126,-0.68,-3.66,8.73,2.62,-0.94,-1.12,9.49,0,1.70,0.0460,0.0664,0,0.000,0.000,0.00,0.00,0.000,0
-3.88,23.50,25.06,0.9551,-0.1910,0.0780,-0.2126,-0.76,-3.63,8.74,0.94,-0.69,-0.81,9.49,0,1.70,0.0460,0.0663,0,0.000,0.000,0.00,0.00,0.000,0
-3.81,23.44,25.00,0.9553,-0.1909,0.0777,-0.2120,-0.85,-3.60,8.77,1.25,0.88,-3.00,9.52,0,1.70,0.0459,0.0663,0,0.000,0.000,0.00,0.00,0.000,0
-3.94,23.50,24.56,0.9560,-0.1911,0.0778,-0.2086,-0.67,-3.67,8.73,-2.50,-1.25,7.62,9.49,0,1.70,0.0457,0.0666,0,0.000,0.000,0.00,0.00,0.000,0
phase1 acc_mag=9.725 gravity=9.573 motion=0.152 moving_avg=0.068 rms=0.088 mean_rms=0.105 max_rms=0.147 min_rms=0.085 std=0.018 var=0.000 state=standing thr=0.140/0.350/0.850
-4.00,23.56,24.25,0.9564,-0.1918,0.0780,-0.2062,-0.81,-3.89,8.80,0.69,-0.25,-2.00,9.66,0,1.70,0.0457,0.0670,0,0.000,0.000,0.00,0.00,0.000,0
-3.94,23.44,24.56,0.9560,-0.1910,0.0781,-0.2085,-0.70,-3.64,8.81,3.00,2.56,-6.38,9.56,0,1.70,0.0458,0.0665,0,0.000,0.000,0.00,0.00,0.000,0
-3.94,23.38,24.81,0.9559,-0.1901,0.0781,-0.2100,-0.62,-3.67,8.77,-1.50,-0.06,2.94,9.53,0,1.70,0.0458,0.0661,0,0.000,0.000,0.00,0.00,0.000,0
-4.00,23.38,24.62,0.9561,-0.1902,0.0784,-0.2087,-0.65,-3.60,8.74,0.44,-0.75,2.19,9.47,0,1.70,0.0459,0.0662,0,0.000,0.000,0.00,0.00,0.000,0
phase1 acc_mag=9.576 gravity=9.566 motion=0.010 moving_avg=0.068 rms=0.087 mean_rms=0.095 max_rms=0.124 min_rms=0.085 std=0.010 var=0.000 state=standing thr=0.114/0.350/0.850
-4.06,23.44,24.25,0.9566,-0.1908,0.0784,-0.2058,-0.66,-3.79,8.79,-0.94,-0.81,2.19,9.59,0,1.70,0.0457,0.0665,0,0.000,0.000,0.00,0.00,0.000,0
-4.06,23.50,24.44,0.9562,-0.1909,0.0786,-0.2078,-0.72,-3.61,8.67,2.19,1.31,-6.38,9.42,0,1.70,0.0459,0.0665,0,0.000,0.000,0.00,0.00,0.000,0
-4.00,23.38,24.69,0.9559,-0.1903,0.0786,-0.2095,-0.68,-3.66,8.79,3.25,0.25,3.44,9.55,0,1.70,0.0460,0.0662,0,0.000,0.000,0.00,0.00,0.000,0
-4.06,23.31,24.62,0.9562,-0.1893,0.0788,-0.2089,-0.80,-3.84,8.86,0.62,-0.38,-1.38,9.69,0,1.70,0.0460,0.0658,0,0.000,0.000,0.00,0.00,0.000,0
phase1 acc_mag=9.704 gravity=9.568 motion=0.136 moving_avg=0.076 rms=0.096 mean_rms=0.091 max_rms=0.097 min_rms=0.085 std=0.004 var=0.000 state=standing thr=0.099/0.350/0.850
-4.06,23.31,24.31,0.9567,-0.1895,0.0782,-0.2066,-0.69,-3.79,8.77,-0.81,-0.75,4.06,9.58,0,1.70,0.0456,0.0660,0,0.000,0.000,0.00,0.00,0.000,0
-4.06,23.31,24.12,0.9571,-0.1899,0.0779,-0.2045,-0.60,-3.74,8.78,-1.12,-1.62,3.38,9.56,0,1.70,0.0454,0.0663,0,0.000,0.000,0.00,0.00,0.000,0
-4.00,23.31,24.38,0.9567,-0.1896,0.0775,-0.2070,-0.72,-3.78,8.78,1.94,-0.12,-2.50,9.59,0,1.70,0.0454,0.0662,0,0.000,0.000,0.00,0.00,0.000,0
-3.94,23.31,24.31,0.9568,-0.1898,0.0773,-0.2064,-0.64,-3.70,8.73,-0.06,-0.69,1.38,9.50,0,1.70,0.0452,0.0662,0,0.000,0.000,0.00,0.00,0.000,0
phase1 acc_mag=9.389 gravity=9.564 motion=0.174 moving_avg=0.073 rms=0.094 mean_rms=0.091 max_rms=0.097 min_rms=0.085 std=0.004 var=0.000 state=standing thr=0.099/0.350/0.850
-3.94,23.25,24.31,0.9569,-0.1896,0.0771,-0.2059,-0.60,-3.58,8.75,1.69,-0.31,-0.88,9.47,0,1.70,0.0451,0.0662,0,0.000,0.000,0.00,0.00,0.000,0
-3.94,23.31,24.25,0.9570,-0.1898,0.0768,-0.2054,-0.67,-3.80,8.84,0.44,-0.88,3.31,9.65,0,1.70,0.0450,0.0663,0,0.000,0.000,0.00,0.00,0.000,0
-3.94,23.25,24.12,0.9572,-0.1895,0.0767,-0.2051,-0.77,-3.79,8.80,-0.88,-0.44,1.94,9.61,0,1.70,0.0449,0.0662,0,0.000,0.000,0.00,0.00,0.000,0
-3.94,23.19,24.00,0.9576,-0.1893,0.0764,-0.2034,-0.61,-3.68,8.77,-0.81,-1.88,3.38,9.53,0,1.70,0.0447,0.0663,0,0.000,0.000,0.00,0.00,0.000,0
phase1 acc_mag=9.685 gravity=9.568 motion=0.118 moving_avg=0.070 rms=0.085 mean_rms=0.091 max_rms=0.097 min_rms=0.084 std=0.004 var=0.000 state=standing thr=0.099/0.350/0.850
-4.00,23.19,23.75,0.9579,-0.1895,0.0763,-0.2016,-0.73,-3.90,8.91,-0.94,-1.06,7.06,9.75,0,1.70,0.0445,0.0664,0,0.000,0.000,0.00,0.00,0.000,0
-4.06,23.25,23.44,0.9584,-0.1894,0.0769,-0.1994,-0.57,-4.10,8.79,2.88,2.38,-0.31,9.72,0,1.70,0.0446,0.0665,0,0.000,0.000,0.00,0.00,0.000,0
-4.25,23.06,23.94,0.9578,-0.1874,0.0787,-0.2031,-0.63,-3.93,8.74,2.06,4.25,-1.88,9.60,0,1.70,0.0454,0.0654,0,0.000,0.000,0.00,0.00,0.000,0
phase1 acc_mag=9.877 gravity=9.595 motion=0.282 moving_avg=0.082 rms=0.103 mean_rms=0.092 max_rms=0.103 min_rms=0.084 std=0.004 var=0.000 state=slow thr=0.101/0.350/0.850
-4.56,23.06,23.56,0.9586,-0.1867,0.0812,-0.1989,-0.91,-4.12,8.93,1.50,1.44,12.19,9.88,0,1.70,0.0460,0.0651,0,0.000,0.000,0.00,0.00,0.000,0
-5.19,23.12,22.38,0.9602,-0.1873,0.0851,-0.1888,-0.95,-3.81,8.50,-3.62,1.94,16.06,9.36,0,1.70,0.0468,0.0655,0,0.000,0.000,0.00,0.00,0.000,0
-5.75,23.44,21.56,0.9606,-0.1893,0.0884,-0.1831,-0.90,-4.29,8.31,-6.38,4.69,14.25,9.40,0,1.70,0.0478,0.0663,0,0.000,0.000,0.00,0.00,0.000,0
-6.06,23.44,21.31,0.9609,-0.1888,0.0908,-0.1810,-1.09,-3.72,8.32,1.62,-0.25,8.94,9.18,0,1.70,0.0486,0.0660,0,0.000,0.000,0.00,0.00,0.000,0
phase1 acc_mag=9.232 gravity=9.573 motion=0.341 moving_avg=0.121 rms=0.178 mean_rms=0.105 max_rms=0.178 min_rms=0.084 std=0.025 var=0.001 state=slow thr=0.156/0.356/0.856
-6.31,23.44,21.19,0.9609,-0.1890,0.0935,-0.1796,-1.51,-3.94,8.33,-2.69,2.50,4.12,9.34,0,1.70,0.0495,0.0659,0,0.000,0.000,0.00,0.00,0.000,0
-6.44,24.06,21.56,0.9592,-0.1933,0.0957,-0.1830,-0.63,-4.10,8.92,-16.12,4.00,-24.69,9.84,0,1.70,0.0509,0.0672,0,0.000,0.000,0.00,0.00,0.000,0
-6.94,25.25,23.00,0.9542,-0.2024,0.1058,-0.1932,-1.81,-4.06,9.72,-25.94,11.06,-2.50,10.69,0,1.70,0.0560,0.0691,0,0.000,0.000,0.00,0.00,0.000,0
-8.44,25.44,19.12,0.9593,-0.2030,0.1112,-0.1617,-1.84,-4.22,8.91,6.06,-5.25,55.56,10.03,0,1.70,0.0558,0.0707,0,0.000,0.000,0.00,0.00,0.000,0
phase1 acc_mag=9.632 gravity=9.625 motion=0.007 moving_avg=0.210 rms=0.333 mean_rms=0.134 max_rms=0.333 min_rms=0.084 std=0.063 var=0.004 state=slow thr=0.261/0.461/0.961
-8.62,24.94,17.62,0.9622,-0.1998,0.1093,-0.1494,-1.13,-3.95,8.41,1.75,-3.06,-16.44,9.36,0,1.70,0.0540,0.0704,0,0.000,0.000,0.00,0.00,0.000,0
-7.56,25.25,19.81,0.9587,-0.2031,0.1034,-0.1702,-1.92,-3.82,8.39,-2.50,-3.75,-33.25,9.42,0,1.70,0.0535,0.0709,0,0.000,0.000,0.00,0.00,0.000,0
-6.81,25.81,21.44,0.9560,-0.2073,0.1017,-0.1810,-2.49,-4.54,8.27,-11.44,-3.12,-0.62,9.76,0,1.70,0.0539,0.0719,0,0.000,0.000,0.00,0.00,0.000,0
phase1 acc_mag=10.149 gravity=9.621 motion=0.528 moving_avg=0.272 rms=0.378 mean_rms=0.188 max_rms=0.378 min_rms=0.084 std=0.104 var=0.011 state=standing thr=0.397/0.597/1.097
-6.94,26.19,20.94,0.9557,-0.2111,0.1024,-0.1775,-2.16,-5.72,8.10,-6.00,-0.25,0.12,10.15,0,1.70,0.0541,0.0734,0,0.000,0.000,0.00,0.00,0.000,0
-6.81,28.00,22.81,0.9481,-0.2263,0.1083,-0.1953,-0.45,-4.05,9.75,-28.44,7.75,-43.56,10.57,0,1.70,0.0588,0.0773,0,0.000,0.000,0.00,0.00,0.000,0
-6.88,30.19,23.56,0.9434,-0.2413,0.1139,-0.1968,-0.57,-3.11,8.41,-16.69,17.50,-34.25,8.98,0,1.70,0.0620,0.0821,0,0.000,0.000,0.00,0.00,0.000,0
-6.19,30.88,26.62,0.9368,-0.2443,0.1148,-0.2227,-1.04,-4.68,8.82,4.88,0.25,-35.06,10.04,0,1.70,0.0648,0.0813,0,0.000,0.000,0.00,0.00,0.000,0
phase1 acc_mag=9.056 gravity=9.694 motion=0.637 moving_avg=0.381 rms=0.487 mean_rms=0.260 max_rms=0.487 min_rms=0.089 std=0.133 var=0.018 state=standing thr=0.527/0.727/1.227
-6.38,29.38,22.75,0.9468,-0.2365,0.1067,-0.1907,-0.17,-4.45,7.96,10.25,-33.50,95.81,9.12,0,1.70,0.0584,0.0814,0,0.000,0.000,0.00,0.00,0.000,0
-6.75,29.25,18.25,0.9543,-0.2397,0.0983,-0.1489,0.59,-5.60,8.62,-15.25,-38.75,42.81,10.30,0,1.70,0.0518,0.0856,0,0.000,0.000,0.00,0.00,0.000,0
-5.69,29.69,14.88,0.9572,-0.2468,0.0842,-0.1252,-0.01,-5.55,6.81,5.50,-29.12,36.56,8.79,0,1.70,0.0446,0.0903,0,0.000,0.000,0.00,0.00,0.000,0
-5.44,29.25,12.56,0.9613,-0.2438,0.0754,-0.1038,0.27,-7.08,7.66,15.12,-18.06,20.50,10.43,0,1.70,0.0391,0.0906,0,0.000,0.000,0.00,0.00,0.000,0
phase1 acc_mag=9.462 gravity=9.657 motion=0.195 moving_avg=0.492 rms=0.595 mean_rms=0.348 max_rms=0.595 min_rms=0.107 std=0.141 var=0.020 state=standing thr=0.630/0.830/1.330
-6.00,28.69,10.56,0.9634,-0.2408,0.0769,-0.0895,-1.11,-5.81,7.75,26.50,12.19,17.38,9.75,0,1.70,0.0383,0.0900,0,0.000,0.000,0.00,0.00,0.000,0
-7.88,27.25,8.75,0.9667,-0.2280,0.0889,-0.0745,-0.99,-3.98,9.37,-11.12,16.00,37.62,10.23,0,1.70,0.0412,0.0855,0,0.000,0.000,0.00,0.00,0.000,0
-11.31,28.50,6.75,0.9631,-0.2345,0.1182,-0.0585,-4.78,-7.29,7.33,17.94,26.31,-7.50,11.39,0,1.70,0.0510,0.0876,0,0.000,0.000,0.00,0.00,0.000,0
-11.38,27.31,5.62,0.9659,-0.2275,0.1137,-0.0479,0.23,-7.03,9.86,-13.31,-0.62,56.94,12.11,0,1.70,0.0483,0.0857,0,0.000,0.000,0.00,0.00,0.000,0
phase1 acc_mag=9.102 gravity=9.850 motion=0.748 moving_avg=0.671 rms=0.839 mean_rms=0.462 max_rms=0.839 min_rms=0.187 std=0.163 var=0.026 state=slow thr=0.787/0.987/1.487
-12.25,27.31,5.06,0.9658,-0.2260,0.1195,-0.0438,-1.85,-4.16,9.76,-5.25,-5.12,3.31,10.77,0,1.70,0.0501,0.0852,0,0.000,0.000,0.00,0.00,0.000,0
-12.00,26.31,4.69,0.9678,-0.2192,0.1168,-0.0398,-0.90,-3.58,8.63,5.56,-1.19,14.62,9.39,0,1.70,0.0487,0.0830,0,0.000,0.000,0.00,0.00,0.000,0
-12.06,25.94,4.00,0.9688,-0.2167,0.1156,-0.0340,-2.42,-4.02,8.61,-1.75,-5.06,6.69,9.81,0,1.70,0.0477,0.0824,0,0.000,0.000,0.00,0.00,0.000,0
-12.00,26.00,3.19,0.9689,-0.2181,0.1135,-0.0281,-3.60,-3.92,7.49,1.56,-2.62,-12.94,9.19,0,1.70,0.0464,0.0833,0,0.000,0.000,0.00,0.00,0.000,0
phase1 acc_mag=9.058 gravity=9.800 motion=0.742 moving_avg=0.645 rms=0.821 mean_rms=0.582 max_rms=0.845 min_rms=0.338 std=0.176 var=0.031 state=standing thr=0.935/1.135/1.635
-10.62,26.25,4.69,0.9690,-0.2202,0.1048,-0.0402,-0.49,-3.28,8.75,3.19,-11.12,-31.38,9.36,0,1.70,0.0442,0.0837,0,0.000,0.000,0.00,0.00,0.000,0
-10.75,27.38,6.69,0.9651,-0.2292,0.1110,-0.0601,-2.50,-4.71,7.94,-18.00,17.06,-36.56,9.56,0,1.70,0.0483,0.0858,0,0.000,0.000,0.00,0.00,0.000,0
-10.56,29.19,9.38,0.9606,-0.2404,0.1152,-0.0789,-2.26,-4.47,7.65,-23.19,6.81,-11.44,9.14,0,1.70,0.0519,0.0887,0,0.000,0.000,0.00,0.00,0.000,0
-11.94,31.56,9.12,0.9533,-0.2606,0.1320,-0.0767,-2.48,-4.70,7.17,-34.56,31.19,9.31,8.92,0,1.70,0.0583,0.0953,0,0.000,0.000,0.00,0.00,0.000,0
phase1 acc_mag=11.640 gravity=9.742 motion=1.898 moving_avg=0.694 rms=0.861 mean_rms=0.682 max_rms=0.861 min_rms=0.420 std=0.156 var=0.024 state=standing thr=0.995/1.195/1.695
-13.12,34.56,10.62,0.9450,-0.2788,0.1464,-0.0882,-1.97,-5.76,9.16,-34.69,24.88,-4.75,11.00,0,1.70,0.0652,0.1002,0,0.000,0.000,0.00,0.00,0.000,0
-13.56,35.50,11.50,0.9413,-0.2850,0.1527,-0.0969,0.54,-4.97,9.88,-2.75,-2.94,-27.81,11.07,0,1.70,0.0685,0.1014,0,0.000,0.000,0.00,0.00,0.000,0
-13.69,36.12,10.38,0.9406,-0.2910,0.1523,-0.0858,-0.34,-6.39,9.38,-20.25,-14.31,73.38,11.35,0,1.70,0.0673,0.1043,0,0.000,0.000,0.00,0.00,0.000,0
-16.69,35.38,3.81,0.9435,-0.2872,0.1634,-0.0247,-2.75,-4.85,6.40,4.31,-7.75,83.06,8.49,0,1.70,0.0645,0.1068,0,0.000,0.000,0.00,0.00,0.000,0
phase1 acc_mag=7.981 gravity=9.874 motion=1.893 moving_avg=0.813 rms=0.991 mean_rms=0.779 max_rms=0.991 min_rms=0.510 std=0.136 var=0.018 state=standing thr=1.050/1.250/1.750
-16.69,34.19,2.19,0.9464,-0.2816,0.1575,-0.0182,-1.33,-3.97,7.45,15.38,-22.69,-6.88,8.55,0,1.70,0.0617,0.1055,0,0.000,0.000,0.00,0.00,0.000,0
-16.00,33.25,1.12,0.9497,-0.2764,0.1471,-0.0077,-0.86,-6.05,9.01,-4.00,-19.75,17.50,10.89,0,1.70,0.0567,0.1045,0,0.000,0.000,0.00,0.00,0.000,0
-16.44,32.56,357.19,0.9505,-0.2753,0.1423,0.0228,-2.24,-6.19,7.28,2.62,-27.31,61.56,9.81,0,1.70,0.0516,0.1060,0,0.000,0.000,0.00,0.00,0.000,0
-16.62,31.75,354.19,0.9515,-0.2713,0.1358,0.0507,-1.77,-6.01,6.68,1.81,-22.38,33.88,9.16,0,1.70,0.0462,0.1060,0,0.000,0.000,0.00,0.00,0.000,0
phase1 acc_mag=9.034 gravity=9.842 motion=0.808 moving_avg=0.811 rms=1.008 mean_rms=0.872 max_rms=1.040 min_rms=0.607 std=0.108 var=0.012 state=standing thr=1.088/1.288/1.788
-16.62,31.19,352.50,0.9517,-0.2698,0.1327,0.0623,-2.27,-6.02,7.09,-2.31,-7.88,9.94,9.57,0,1.70,0.0438,0.1060,0,0.000,0.000,0.00,0.00,0.000,0
-17.44,31.38,350.81,0.9487,-0.2737,0.1379,0.0779,-2.49,-5.81,7.78,-19.12,12.62,24.69,10.02,0,1.70,0.0438,0.1082,0,0.000,0.000,0.00,0.00,0.000,0
-19.31,31.81,349.44,0.9451,-0.2770,0.1495,0.0871,-3.29,-3.78,8.52,4.81,29.94,21.81,9.88,0,1.70,0.0469,0.1099,0,0.000,0.000,0.00,0.00,0.000,0
-21.19,31.12,349.50,0.9439,-0.2712,0.1675,0.0866,-2.55,-2.58,9.79,3.81,8.31,-7.31,10.44,0,1.70,0.0538,0.1082,0,0.000,0.000,0.00,0.00,0.000,0
phase1 acc_mag=11.735 gravity=9.771 motion=1.964 moving_avg=0.743 rms=0.922 mean_rms=0.915 max_rms=1.040 min_rms=0.807 std=0.078 var=0.006 state=standing thr=1.071/1.271/1.771
-21.12,31.50,349.25,0.9431,-0.2742,0.1656,0.0885,-2.93,-4.55,9.57,-13.31,-7.50,9.56,10.99,0,1.70,0.0528,0.1093,0,0.000,0.000,0.00,0.00,0.000,0
-21.00,31.56,348.38,0.9431,-0.2752,0.1616,0.0939,-3.32,-4.40,7.47,12.62,-6.88,-19.38,9.28,0,1.70,0.0506,0.1099,0,0.000,0.000,0.00,0.00,0.000,0
-20.00,30.25,350.50,0.9484,-0.2630,0.1589,0.0786,-2.11,-3.33,8.84,18.56,1.88,-20.50,9.68,0,1.70,0.0520,0.1048,0,0.000,0.000,0.00,0.00,0.000,0
phase1 acc_mag=9.488 gravity=9.813 motion=0.325 moving_avg=0.778 rms=0.957 mean_rms=0.944 max_rms=1.040 min_rms=0.823 std=0.063 var=0.004 state=standing thr=1.071/1.271/1.771
-19.75,29.69,351.12,0.9504,-0.2576,0.1583,0.0733,-2.78,-3.17,8.50,4.88,-5.62,0.50,9.49,0,1.70,0.0526,0.1026,0,0.000,0.000,0.00,0.00,0.000,0
-19.31,29.75,351.00,0.9507,-0.2585,0.1539,0.0748,-2.65,-3.08,7.92,3.69,-3.81,0.06,8.90,0,1.70,0.0508,0.1029,0,0.000,0.000,0.00,0.00,0.000,0
-18.81,29.81,351.44,0.9515,-0.2587,0.1503,0.0709,-2.71,-3.45,8.54,-4.62,-3.31,-14.94,9.60,0,1.70,0.0499,0.1027,0,0.000,0.000,0.00,0.00,0.000,0
-18.19,29.88,351.44,0.9520,-0.2605,0.1443,0.0712,-1.89,-2.92,8.53,-12.81,-8.62,0.00,9.21,0,1.70,0.0476,0.1033,0,0.000,0.000,0.00,0.00,0.000,0
phase1 acc_mag=9.525 gravity=9.751 motion=0.226 moving_avg=0.698 rms=0.885 mean_rms=0.963 max_rms=1.040 min_rms=0.885 std=0.042 var=0.002 state=standing thr=1.047/1.247/1.747
-17.38,31.00,351.31,0.9506,-0.2689,0.1372,0.0720,-2.16,-4.20,8.68,-14.94,-14.38,-11.38,9.88,0,1.70,0.0444,0.1062,0,0.000,0.000,0.00,0.00,0.000,0
-16.12,31.69,352.19,0.9506,-0.2765,0.1274,0.0612,-1.89,-6.03,9.36,-17.50,-1.81,-33.44,11.29,0,1.70,0.0417,0.1082,0,0.000,0.000,0.00,0.00,0.000,0
-15.75,32.75,356.62,0.9507,-0.2778,0.1348,0.0278,-3.41,-7.43,10.82,13.31,32.88,-75.19,13.56,0,1.70,0.0482,0.1072,0,0.000,0.000,0.00,0.00,0.000,0
-15.00,33.56,359.25,0.9498,-0.2823,0.1346,0.0057,-2.07,-5.75,6.78,-20.19,-15.12,-8.50,9.13,0,1.70,0.0505,0.1076,0,0.000,0.000,0.00,0.00,0.000,0
phase1 acc_mag=8.273 gravity=9.963 motion=1.690 moving_avg=0.767 rms=1.117 mean_rms=0.970 max_rms=1.155 min_rms=0.842 std=0.067 var=0.004 state=slow thr=1.104/1.304/1.804
-14.88,35.50,356.44,0.9447,-0.3010,0.1271,0.0291,-1.75,-4.19,3.57,-31.19,-16.38,37.31,5.78,0,1.70,0.0445,0.1152,1,0.717,0.000,0.00,0.00,0.717,0
-15.19,36.19,356.31,0.9426,-0.3065,0.1295,0.0302,-2.59,-5.96,6.17,3.62,17.44,-32.88,8.96,0,1.70,0.0451,0.1171,1,0.717,0.000,0.00,0.00,0.717,0
-13.62,36.12,1.69,0.9445,-0.3018,0.1287,-0.0193,-0.84,-6.49,8.75,6.81,9.06,-60.94,10.93,0,1.70,0.0509,0.1130,1,0.717,0.000,0.00,0.00,0.717,0
-13.12,36.81,3.00,0.9429,-0.3062,0.1286,-0.0251,-0.57,-5.79,7.94,-7.00,-2.50,13.00,9.84,0,1.70,0.0516,0.1142,1,0.717,0.000,0.00,0.00,0.717,0
phase1 acc_mag=9.506 gravity=9.834 motion=0.328 moving_avg=0.975 rms=1.433 mean_rms=1.042 max_rms=1.438 min_rms=0.842 std=0.186 var=0.034 state=slow thr=1.414/1.614/2.114
-13.56,37.12,2.00,0.9415,-0.3107,0.1296,-0.0164,-1.28,-5.45,7.21,-15.69,-5.00,-1.19,9.13,0,1.70,0.0509,0.1162,1,0.717,0.000,0.00,0.00,0.717,0
-13.81,38.06,1.38,0.9391,-0.3173,0.1311,-0.0117,-1.71,-5.94,7.54,-8.56,5.06,2.25,9.75,0,1.70,0.0507,0.1186,1,0.717,0.000,0.00,0.00,0.717,0
-13.94,37.75,1.25,0.9398,-0.3149,0.1320,-0.0107,-1.31,-5.25,7.47,7.38,-3.31,7.44,9.22,0,1.70,0.0510,0.1178,1,0.717,0.000,0.00,0.00,0.717,0
-13.50,37.06,0.25,0.9425,-0.3108,0.1226,-0.0006,-0.78,-5.09,8.43,1.75,-31.56,14.19,9.88,0,1.70,0.0463,0.1171,1,0.717,0.000,0.00,0.00,0.717,0
phase1 acc_mag=11.123 gravity=9.649 motion=1.474 moving_avg=0.905 rms=1.373 mean_rms=1.145 max_rms=1.439 min_rms=0.842 std=0.227 var=0.051 state=standing thr=1.599/1.799/2.299
-13.00,36.00,357.38,0.9453,-0.3056,0.1124,0.0212,-0.88,-6.17,8.31,28.81,-16.56,36.38,10.39,0,1.70,0.0399,0.1165,1,0.717,0.000,0.00,0.00,0.717,0
-13.94,33.38,355.75,0.9525,-0.2802,0.1157,0.0310,-3.34,-9.40,8.56,46.81,1.25,-26.00,13.14,0,1.70,0.0406,0.1082,1,0.717,0.000,0.00,0.00,0.717,0
-13.81,31.00,355.25,0.9562,-0.2667,0.1140,0.0395,-2.85,-5.43,7.00,0.44,-12.38,71.50,9.31,0,1.70,0.0394,0.1038,1,0.717,0.000,0.00,0.00,0.717,0
-14.88,30.25,351.56,0.9551,-0.2637,0.1154,0.0701,-2.54,-3.96,4.83,4.56,-13.06,39.25,6.74,0,1.70,0.0367,0.1040,2,0.710,0.922,77.82,1.30,1.428,0
phase1 acc_mag=7.322 gravity=9.856 motion=2.535 moving_avg=1.275 rms=1.748 mean_rms=1.268 max_rms=1.748 min_rms=0.842 std=0.258 var=0.066 state=standing thr=1.784/1.984/2.484
-15.31,28.62,351.06,0.9579,-0.2507,0.1185,0.0743,-2.15,-3.64,7.62,25.31,22.75,-13.19,8.71,0,1.70,0.0379,0.0996,2,0.710,0.922,77.82,1.30,1.428,0
-15.69,28.00,353.38,0.9601,-0.2428,0.1281,0.0533,-3.80,-5.21,10.42,2.06,13.56,-18.69,12.25,0,1.70,0.0440,0.0960,2,0.710,0.922,77.82,1.30,1.428,0
-16.75,28.56,353.06,0.9576,-0.2474,0.1360,0.0576,-3.31,-4.95,7.20,-13.25,15.69,32.62,9.34,0,1.70,0.0464,0.0979,2,0.710,0.922,77.82,1.30,1.428,0
phase1 acc_mag=8.183 gravity=9.878 motion=1.695 moving_avg=1.477 rms=1.874 mean_rms=1.450 max_rms=1.874 min_rms=0.842 std=0.259 var=0.067 state=standing thr=1.969/2.169/2.669
-17.75,28.06,353.38,0.9576,-0.2426,0.1453,0.0550,-2.00,-3.44,7.15,18.94,16.56,-25.94,8.18,0,1.70,0.0503,0.0961,2,0.710,0.922,77.82,1.30,1.428,0
-17.56,28.44,355.62,0.9579,-0.2428,0.1487,0.0363,-1.76,-4.54,9.11,-16.50,8.69,-18.56,10.33,0,1.70,0.0535,0.0952,2,0.710,0.922,77.82,1.30,1.428,0
-17.12,29.75,356.81,0.9561,-0.2520,0.1472,0.0261,-2.42,-4.14,8.59,-4.31,-0.44,-28.31,9.84,0,1.70,0.0537,0.0979,2,0.710,0.922,77.82,1.30,1.428,0
-15.50,30.81,359.75,0.9559,-0.2588,0.1392,0.0021,-2.44,-4.78,8.75,5.81,0.50,-46.50,10.26,0,1.70,0.0530,0.0991,2,0.710,0.922,77.82,1.30,1.428,0
phase1 acc_mag=10.580 gravity=9.815 motion=0.765 moving_avg=1.169 rms=1.525 mean_rms=1.583 max_rms=1.875 min_rms=1.356 std=0.176 var=0.031 state=standing thr=1.935/2.135/2.635
-13.81,30.94,3.25,0.9569,-0.2573,0.1321,-0.0273,-2.69,-4.58,8.71,12.12,2.75,-57.12,10.20,0,1.70,0.0534,0.0970,2,0.710,0.922,77.82,1.30,1.428,0
-12.19,31.25,6.75,0.9562,-0.2580,0.1261,-0.0568,-2.96,-6.53,8.22,6.62,0.06,-56.38,10.91,0,1.70,0.0541,0.0958,2,0.710,0.922,77.82,1.30,1.428,0
-11.19,30.62,9.81,0.9567,-0.2501,0.1230,-0.0844,-2.72,-6.02,6.82,12.06,1.75,-23.88,9.49,0,1.70,0.0555,0.0915,2,0.710,0.922,77.82,1.30,1.428,0
-10.50,31.38,10.75,0.9547,-0.2569,0.1199,-0.0902,-1.26,-4.74,6.27,-13.44,-5.19,-9.56,7.96,0,1.70,0.0550,0.0938,2,0.710,0.922,77.82,1.30,1.428,0
phase1 acc_mag=9.665 gravity=9.824 motion=0.159 moving_avg=1.173 rms=1.489 mean_rms=1.591 max_rms=1.875 min_rms=1.370 std=0.169 var=0.029 state=standing thr=1.929/2.129/2.629
-10.44,31.94,12.25,0.9521,-0.2603,0.1233,-0.1025,-2.38,-6.05,7.89,11.38,26.56,-35.81,10.22,0,1.70,0.0576,0.0941,2,0.710,0.922,77.82,1.30,1.428,0
-9.19,31.19,16.12,0.9505,-0.2527,0.1169,-0.1381,-2.48,-6.59,9.67,9.69,-13.19,-52.00,11.96,0,1.70,0.0584,0.0896,2,0.710,0.922,77.82,1.30,1.428,0
-7.12,30.75,16.12,0.9528,-0.2523,0.1008,-0.1351,-0.23,-5.23,6.85,13.12,-17.31,49.31,8.62,0,1.70,0.0521,0.0907,2,0.710,0.922,77.82,1.30,1.428,0
-7.19,29.81,13.88,0.9581,-0.2447,0.0952,-0.1141,-1.16,-5.06,7.31,10.81,-11.12,26.88,8.97,0,1.70,0.0477,0.0894,2,0.710,0.922,77.82,1.30,1.428,0
phase1 acc_mag=9.698 gravity=9.884 motion=0.185 moving_avg=1.322 rms=1.601 mean_rms=1.621 max_rms=1.875 min_rms=1.402 std=0.146 var=0.021 state=standing thr=1.913/2.113/2.613
-8.38,29.44,11.12,0.9601,-0.2437,0.1001,-0.0939,-2.14,-6.47,8.39,-5.56,-2.44,31.94,10.81,0,1.70,0.0476,0.0898,2,0.710,0.922,77.82,1.30,1.428,0
-8.44,29.81,9.44,0.9607,-0.2480,0.0972,-0.0779,-1.82,-6.82,7.46,-15.00,-8.94,23.38,10.27,0,1.70,0.0451,0.0923,2,0.710,0.922,77.82,1.30,1.428,0
-8.50,29.00,9.00,0.9626,-0.2415,0.0962,-0.0759,-1.56,-5.69,8.13,23.38,-2.38,-5.25,10.05,0,1.70,0.0444,0.0901,2,0.710,0.922,77.82,1.30,1.428,0
phase1 acc_mag=9.418 gravity=9.860 motion=0.441 moving_avg=0.951 rms=1.185 mean_rms=1.589 max_rms=1.875 min_rms=1.185 std=0.172 var=0.029 state=standing thr=1.932/2.132/2.632
-8.94,27.44,8.81,0.9657,-0.2285,0.0983,-0.0745,-1.73,-5.11,7.72,13.19,8.00,10.25,9.42,0,1.70,0.0448,0.0853,2,0.710,0.922,77.82,1.30,1.428,0
-10.38,27.94,7.50,0.9639,-0.2338,0.1115,-0.0624,-1.96,-5.06,7.44,-8.12,17.62,20.25,9.21,0,1.70,0.0488,0.0873,2,0.710,0.922,77.82,1.30,1.428,0
-11.69,28.69,7.31,0.9619,-0.2369,0.1222,-0.0612,-2.63,-5.40,7.76,-3.31,14.31,12.31,9.81,0,1.70,0.0528,0.0881,2,0.710,0.922,77.82,1.30,1.428,0
-12.88,28.62,7.31,0.9612,-0.2345,0.1315,-0.0617,-3.24,-4.95,7.69,6.50,21.81,-4.25,9.70,0,1.70,0.0563,0.0869,2,0.710,0.922,77.82,1.30,1.428,0
phase1 acc_mag=10.295 gravity=9.863 motion=0.432 moving_avg=0.763 rms=0.985 mean_rms=1.454 max_rms=1.875 min_rms=0.985 std=0.217 var=0.047 state=standing thr=1.888/2.088/2.588
-13.75,28.25,7.88,0.9608,-0.2291,0.1413,-0.0671,-2.92,-4.83,8.61,8.81,22.06,-2.56,10.30,0,1.70,0.0605,0.0843,2,0.710,0.922,77.82,1.30,1.428,0
-14.88,28.31,7.31,0.9600,-0.2292,0.1494,-0.0586,-2.04,-2.30,5.78,-5.62,-3.31,35.56,6.55,0,1.70,0.0627,0.0845,2,0.710,0.922,77.82,1.30,1.428,0
-15.38,27.50,5.19,0.9620,-0.2250,0.1486,-0.0438,1.38,-1.54,10.54,45.25,-5.50,46.69,10.74,0,1.70,0.0611,0.0840,2,0.710,0.922,77.82,1.30,1.428,0
-19.81,28.00,8.25,0.9532,-0.2222,0.1917,-0.0732,-7.83,-2.85,9.80,-43.31,-11.69,-61.88,12.86,0,1.70,0.0796,0.0791,2,0.710,0.922,77.82,1.30,1.428,0
phase1 acc_mag=16.293 gravity=9.973 motion=6.320 moving_avg=1.236 rms=1.845 mean_rms=1.364 max_rms=1.845 min_rms=0.983 std=0.199 var=0.040 state=slow thr=1.762/1.962/2.462
-18.06,28.81,8.19,0.9548,-0.2274,0.1788,-0.0685,-2.32,-5.31,10.37,-25.25,-12.94,66.00,11.88,0,1.70,0.0745,0.0819,2,0.710,0.922,77.82,1.30,1.428,0
-19.31,28.81,1.50,0.9561,-0.2360,0.1738,-0.0093,-2.15,-3.50,3.83,-18.06,-38.94,53.81,5.62,0,1.70,0.0673,0.0896,3,0.790,0.000,0.00,0.00,2.217,0
-17.62,28.19,1.62,0.9590,-0.2327,0.1613,-0.0138,-2.16,-3.64,9.62,-4.12,-3.94,-19.56,10.51,0,1.70,0.0631,0.0884,3,0.790,0.000,0.00,0.00,2.217,0
-17.81,29.25,1.31,0.9565,-0.2417,0.1630,-0.0110,-5.45,-4.61,9.37,-23.50,-2.81,8.88,11.78,0,1.70,0.0634,0.0918,3,0.790,0.000,0.00,0.00,2.217,0
phase1 acc_mag=9.861 gravity=9.853 motion=0.008 moving_avg=1.381 rms=2.034 mean_rms=1.471 max_rms=2.063 min_rms=0.983 std=0.326 var=0.106 state=standing thr=2.123/2.323/2.823
-17.69,30.94,0.88,0.9531,-0.2559,0.1614,-0.0074,-3.90,-4.41,6.37,-27.62,-4.19,-15.19,8.67,0,1.70,0.0623,0.0971,3,0.790,0.000,0.00,0.00,2.217,0
-16.75,32.69,1.88,0.9495,-0.2723,0.1552,-0.0170,-2.49,-5.43,5.80,-28.50,-6.69,-25.81,8.33,0,1.70,0.0608,0.1024,3,0.790,0.000,0.00,0.00,2.217,0
-15.94,35.62,2.19,0.9436,-0.2939,0.1512,-0.0181,-2.96,-6.72,8.53,-63.19,12.44,-12.19,11.26,0,1.70,0.0592,0.1099,3,0.790,0.000,0.00,0.00,2.217,0
-15.69,39.12,4.31,0.9339,-0.3193,0.1570,-0.0356,-1.57,-7.13,8.63,-15.19,5.19,-47.25,11.30,0,1.70,0.0632,0.1171,3,0.790,0.000,0.00,0.00,2.217,0
phase1 acc_mag=11.493 gravity=9.901 motion=1.592 moving_avg=1.410 rms=2.052 mean_rms=1.562 max_rms=2.063 min_rms=0.983 std=0.395 var=0.156 state=standing thr=2.352/2.552/3.052
-12.69,39.94,8.94,0.9317,-0.3252,0.1411,-0.0790,-0.38,-8.19,9.95,11.00,-5.56,-78.00,12.89,0,1.70,0.0629,0.1167,3,0.790,0.000,0.00,0.00,2.217,0
-10.75,38.88,9.81,0.9357,-0.3188,0.1273,-0.0807,1.94,-6.07,7.70,7.00,-33.81,22.50,9.99,0,1.70,0.0579,0.1152,3,0.790,0.000,0.00,0.00,2.217,0
-13.12,38.62,7.06,0.9359,-0.3163,0.1453,-0.0551,-2.39,-3.07,4.92,-11.88,35.81,48.44,6.27,0,1.70,0.0614,0.1152,4,0.699,1.143,98.04,1.63,2.917,0
-12.38,38.94,9.88,0.9344,-0.3162,0.1425,-0.0809,-2.55,-8.04,10.53,29.81,-27.38,-116.44,13.49,0,1.70,0.0635,0.1136,4,0.699,1.143,98.04,1.63,2.917,0
phase1 acc_mag=15.476 gravity=9.948 motion=5.528 moving_avg=1.762 rms=2.366 mean_rms=1.713 max_rms=2.366 min_rms=0.983 std=0.446 var=0.198 state=standing thr=2.604/2.804/3.304
-7.44,37.81,12.75,0.9384,-0.3123,0.1042,-0.1052,1.33,-6.96,8.84,0.69,-27.19,41.12,11.33,0,1.70,0.0523,0.1128,4,0.699,1.143,98.04,1.63,2.917,0
-10.31,37.81,6.38,0.9411,-0.3144,0.1128,-0.0529,-2.51,-5.31,3.94,-9.38,-12.50,54.94,7.07,0,1.70,0.0491,0.1160,4,0.699,1.143,98.04,1.63,2.917,0
-9.88,36.81,6.56,0.9446,-0.3047,0.1072,-0.0583,-1.76,-6.05,6.59,31.06,-0.06,-48.75,9.12,0,1.70,0.0476,0.1126,4,0.699,1.143,98.04,1.63,2.917,0
-8.56,35.38,8.69,0.9476,-0.2944,0.1011,-0.0721,-0.69,-6.54,7.37,4.50,-4.62,7.12,9.88,0,1.70,0.0468,0.1087,4,0.699,1.143,98.04,1.63,2.917,0
phase1 acc_mag=9.424 gravity=9.866 motion=0.443 moving_avg=1.983 rms=2.492 mean_rms=1.997 max_rms=2.492 min_rms=0.986 std=0.399 var=0.159 state=standing thr=2.795/2.995/3.495
-9.94,35.00,6.12,0.9490,-0.2924,0.1069,-0.0511,-1.96,-6.02,6.34,-1.62,2.75,59.06,8.96,0,1.70,0.0465,0.1088,4,0.699,1.143,98.04,1.63,2.917,0
-12.75,33.69,2.50,0.9516,-0.2808,0.1237,-0.0193,-3.20,-5.75,8.45,8.06,10.06,23.62,10.71,0,1.70,0.0492,0.1059,4,0.699,1.143,98.04,1.63,2.917,0
-14.94,32.25,1.00,0.9531,-0.2692,0.1381,-0.0084,-3.57,-4.33,8.10,34.75,29.75,22.00,9.85,0,1.70,0.0535,0.1022,4,0.699,1.143,98.04,1.63,2.917,0
-15.69,29.38,2.44,0.9589,-0.2428,0.1454,-0.0197,-0.16,-2.16,12.36,5.31,-13.19,9.94,12.55,0,1.70,0.0577,0.0920,4,0.699,1.143,98.04,1.63,2.917,0
phase1 acc_mag=10.716 gravity=9.837 motion=0.879 moving_avg=1.605 rms=2.051 mean_rms=2.201 max_rms=2.492 min_rms=1.849 std=0.193 var=0.037 state=standing thr=2.587/2.787/3.287
-15.62,28.69,0.56,0.9604,-0.2398,0.1414,-0.0012,-1.47,-2.72,8.67,-1.50,-9.06,27.81,9.20,0,1.70,0.0544,0.0921,4,0.699,1.143,98.04,1.63,2.917,0
-15.94,28.94,357.88,0.9593,-0.2454,0.1389,0.0175,-2.26,-4.02,8.31,-6.31,-4.81,15.69,9.50,0,1.70,0.0516,0.0951,4,0.699,1.143,98.04,1.63,2.917,0
-15.44,28.56,357.69,0.9609,-0.2423,0.1327,0.0190,-2.07,-4.47,10.01,8.25,-15.00,2.38,11.16,0,1.70,0.0492,0.0941,4,0.699,1.143,98.04,1.63,2.917,0
phase1 acc_mag=8.412 gravity=9.985 motion=1.573 moving_avg=1.431 rms=1.845 mean_rms=2.173 max_rms=2.492 min_rms=1.831 std=0.226 var=0.051 state=standing thr=2.624/2.824/3.324
-14.88,28.38,356.88,0.9614,-0.2425,0.1271,0.0262,-1.78,-3.39,7.49,-9.94,-5.50,16.56,8.41,0,1.70,0.0464,0.0946,4,0.699,1.143,98.04,1.63,2.917,0
-14.50,28.81,356.62,0.9609,-0.2464,0.1235,0.0281,-2.14,-4.12,8.99,-16.94,-0.06,-9.94,10.12,0,1.70,0.0447,0.0961,4,0.699,1.143,98.04,1.63,2.917,0
-14.56,30.00,356.50,0.9576,-0.2583,0.1238,0.0292,-2.99,-4.46,8.80,-24.62,3.00,3.06,10.31,0,1.70,0.0444,0.1004,4,0.699,1.143,98.04,1.63,2.917,0
-14.81,30.94,356.12,0.9557,-0.2645,0.1249,0.0323,-2.47,-3.72,7.98,-9.50,-0.88,1.38,9.14,0,1.70,0.0443,0.1027,4,0.699,1.143,98.04,1.63,2.917,0
phase1 acc_mag=9.307 gravity=9.801 motion=0.493 moving_avg=1.207 rms=1.667 mean_rms=2.127 max_rms=2.492 min_rms=1.667 std=0.271 var=0.074 state=standing thr=2.670/2.870/3.370
-14.50,31.69,356.00,0.9541,-0.2720,0.1212,0.0328,-1.81,-4.76,8.45,-13.50,-9.06,-6.38,9.87,0,1.70,0.0427,0.1054,4,0.699,1.143,98.04,1.63,2.917,0
-14.44,33.50,356.12,0.9500,-0.2855,0.1219,0.0318,-3.04,-5.55,8.89,-36.50,21.94,-12.75,10.91,0,1.70,0.0427,0.1101,4,0.699,1.143,98.04,1.63,2.917,0
-13.88,35.00,357.06,0.9465,-0.2990,0.1189,0.0256,-0.86,-5.46,6.45,-21.56,-8.88,14.94,8.49,0,1.70,0.0419,0.1144,4,0.699,1.143,98.04,1.63,2.917,0
-13.75,36.19,355.81,0.9437,-0.3084,0.1151,0.0342,-0.72,-5.03,6.62,-6.81,-10.88,-16.56,8.35,0,1.70,0.0392,0.1180,5,0.698,0.473,40.65,0.68,3.614,1
phase1 acc_mag=10.368 gravity=9.683 motion=0.685 moving_avg=1.044 rms=1.361 mean_rms=1.996 max_rms=2.492 min_rms=1.361 std=0.344 var=0.118 state=standing thr=2.684/2.884/3.384
-12.38,36.62,357.81,0.9442,-0.3109,0.1078,0.0178,-1.03,-6.77,9.53,-7.88,3.88,-31.50,11.74,0,1.70,0.0385,0.1182,5,0.698,0.473,40.65,0.68,3.614,0
-11.81,37.31,358.88,0.9429,-0.3158,0.1059,0.0092,-0.96,-6.42,8.04,-14.06,-1.75,2.75,10.33,0,1.70,0.0388,0.1195,5,0.698,0.473,40.65,0.68,3.614,0
-12.19,37.62,358.12,0.9415,-0.3190,0.1072,0.0153,-1.08,-5.46,6.77,0.31,0.12,-7.81,8.76,0,1.70,0.0384,0.1208,5,0.698,0.473,40.65,0.68,3.614,0
-11.44,37.62,359.88,0.9423,-0.3177,0.1053,0.0007,-0.29,-7.14,7.96,-9.94,3.00,-24.31,10.70,0,1.70,0.0396,0.1198,5,0.698,0.473,40.65,0.68,3.614,0
phase1 acc_mag=8.895 gravity=9.854 motion=0.959 moving_avg=1.038 rms=1.307 mean_rms=1.736 max_rms=2.463 min_rms=1.243 std=0.331 var=0.110 state=standing thr=2.398/2.598/3.098
-11.56,37.81,0.69,0.9416,-0.3187,0.1086,-0.0060,-0.30,-6.06,8.50,-1.88,8.88,3.44,10.44,0,1.70,0.0417,0.1198,5,0.698,0.473,40.65,0.68,3.614,0
-12.38,38.06,0.31,0.9400,-0.3208,0.1160,-0.0020,-1.08,-6.00,7.17,-8.56,7.19,12.06,9.41,0,1.70,0.0439,0.1205,5,0.698,0.473,40.65,0.68,3.614,0
-13.12,38.44,0.06,0.9388,-0.3223,0.1215,-0.0007,-0.81,-5.50,7.70,2.81,9.06,4.81,9.50,0,1.70,0.0457,0.1210,5,0.698,0.473,40.65,0.68,3.614,0
-13.44,37.38,0.12,0.9421,-0.3119,0.1236,-0.0018,-0.76,-5.05,7.97,24.38,-3.69,-4.94,9.47,0,1.70,0.0468,0.1174,5,0.698,0.473,40.65,0.68,3.614,0
phase1 acc_mag=10.196 gravity=9.655 motion=0.541 moving_avg=0.876 rms=1.079 mean_rms=1.527 max_rms=1.903 min_rms=1.079 std=0.260 var=0.067 state=standing thr=2.046/2.246/2.746
-13.06,35.31,359.12,0.9485,-0.2947,0.1159,0.0100,-1.05,-6.83,7.79,22.31,-26.12,25.25,10.41,0,1.70,0.0428,0.1123,5,0.698,0.473,40.65,0.68,3.614,0
-12.38,32.44,0.25,0.9550,-0.2744,0.1130,-0.0023,-5.81,-7.31,9.83,55.81,23.50,-81.31,13.56,0,1.70,0.0434,0.1047,5,0.698,0.473,40.65,0.68,3.614,0
-10.38,30.94,0.81,0.9600,-0.2629,0.0958,-0.0070,-2.25,-5.68,6.67,-5.31,-33.12,52.56,9.05,0,1.70,0.0375,0.1007,5,0.698,0.473,40.65,0.68,3.614,0
phase1 acc_mag=7.216 gravity=9.813 motion=2.597 moving_avg=1.197 rms=1.648 mean_rms=1.425 max_rms=1.835 min_rms=1.047 std=0.222 var=0.049 state=standing thr=1.868/2.068/2.568
-11.75,29.75,355.25,0.9610,-0.2551,0.0966,0.0460,-1.67,-2.77,6.45,14.88,-9.69,80.12,7.22,0,1.70,0.0324,0.0998,6,0.740,0.888,72.03,1.20,4.354,0
-14.62,28.69,355.81,0.9608,-0.2451,0.1262,0.0301,-4.27,-3.98,8.19,25.44,52.62,-43.75,10.06,0,1.70,0.0456,0.0957,6,0.740,0.888,72.03,1.20,4.354,0
-15.94,28.56,357.75,0.9601,-0.2423,0.1382,0.0187,-3.34,-2.98,9.17,-2.62,16.31,31.31,10.20,0,1.70,0.0513,0.0941,6,0.740,0.888,72.03,1.20,4.354,0
-17.25,28.94,356.06,0.9577,-0.2455,0.1468,0.0319,-2.94,-3.92,6.69,7.44,2.44,2.38,8.29,0,1.70,0.0531,0.0959,6,0.740,0.888,72.03,1.20,4.354,0
phase1 acc_mag=9.128 gravity=9.825 motion=0.697 moving_avg=1.404 rms=1.814 mean_rms=1.424 max_rms=1.816 min_rms=1.047 std=0.220 var=0.049 state=standing thr=1.865/2.065/2.565
-16.75,28.88,357.19,0.9584,-0.2452,0.1445,0.0234,-1.21,-3.51,8.20,-8.56,-0.31,-9.56,9.00,0,1.70,0.0531,0.0953,6,0.740,0.888,72.03,1.20,4.354,0
-16.75,30.62,356.62,0.9544,-0.2602,0.1435,0.0280,-2.41,-5.30,9.22,-33.31,-0.81,1.38,10.90,0,1.70,0.0519,0.1009,6,0.740,0.888,72.03,1.20,4.354,0
-15.62,32.00,357.44,0.9528,-0.2709,0.1354,0.0212,-2.20,-4.56,9.49,-12.75,-11.44,-22.69,10.76,0,1.70,0.0493,0.1044,6,0.740,0.888,72.03,1.20,4.354,0
-14.44,32.00,358.69,0.9541,-0.2706,0.1281,0.0108,-2.49,-4.85,8.78,5.94,-2.06,-8.31,10.33,0,1.70,0.0477,0.1038,6,0.740,0.888,72.03,1.20,4.354,0
phase1 acc_mag=9.545 gravity=9.815 motion=0.269 moving_avg=1.205 rms=1.675 mean_rms=1.474 max_rms=1.816 min_rms=1.047 std=0.249 var=0.062 state=standing thr=1.972/2.172/2.672
-14.88,32.38,0.56,0.9528,-0.2712,0.1365,-0.0052,-6.56,-5.18,7.07,1.75,22.62,-54.38,10.95,0,1.70,0.0526,0.1031,6,0.740,0.888,72.03,1.20,4.354,0
-11.75,32.38,2.38,0.9554,-0.2721,0.1126,-0.0201,-0.28,-8.59,7.38,-33.56,-31.75,-13.06,11.33,0,1.70,0.0452,0.1031,6,0.740,0.888,72.03,1.20,4.354,0
-10.88,31.44,1.31,0.9585,-0.2665,0.1006,-0.0100,-0.55,-3.41,6.22,-4.19,-15.94,10.62,7.11,0,1.70,0.0396,0.1018,7,0.721,0.957,79.68,1.33,5.075,0
-11.75,32.88,0.75,0.9544,-0.2780,0.1088,-0.0066,-2.70,-5.06,7.21,-16.56,31.00,7.81,9.21,0,1.70,0.0423,0.1058,7,0.721,0.957,79.68,1.33,5.075,0
phase1 acc_mag=10.282 gravity=9.821 motion=0.461 moving_avg=1.473 rms=1.976 mean_rms=1.600 max_rms=1.977 min_rms=1.047 std=0.270 var=0.073 state=standing thr=2.140/2.340/2.840
-11.25,33.00,4.69,0.9541,-0.2740,0.1121,-0.0456,0.38,-6.72,11.22,25.25,-2.88,-74.75,13.08,0,1.70,0.0478,0.1025,7,0.721,0.957,79.68,1.33,5.075,0
-10.12,33.50,7.06,0.9523,-0.2784,0.1100,-0.0592,-1.66,-5.87,7.02,-5.44,13.62,8.00,9.30,0,1.70,0.0485,0.1035,7,0.721,0.957,79.68,1.33,5.075,0
-11.31,33.69,5.19,0.9517,-0.2811,0.1166,-0.0416,-0.52,-4.62,6.68,-9.81,0.31,18.06,8.14,0,1.70,0.0491,0.1051,7,0.721,0.957,79.68,1.33,5.075,0
-11.81,34.69,4.25,0.9491,-0.2894,0.1190,-0.0357,-0.46,-5.69,7.59,-18.25,4.88,14.94,9.50,0,1.70,0.0493,0.1082,8,0.673,2.060,183.49,3.06,5.748,0
phase1 acc_mag=9.704 gravity=9.879 motion=0.174 moving_avg=1.724 rms=2.136 mean_rms=1.782 max_rms=2.137 min_rms=1.094 std=0.220 var=0.049 state=standing thr=2.223/2.423/2.923
-13.12,35.69,3.62,0.9457,-0.2966,0.1296,-0.0302,-2.38,-6.81,8.77,-16.75,11.94,8.50,11.36,0,1.70,0.0526,0.1106,8,0.673,2.060,183.49,3.06,5.748,0
-13.81,35.88,2.81,0.9451,-0.2973,0.1342,-0.0222,-1.02,-5.01,7.60,10.00,-0.12,14.38,9.16,0,1.70,0.0534,0.1112,8,0.673,2.060,183.49,3.06,5.748,0
-14.00,35.31,1.69,0.9462,-0.2947,0.1328,-0.0143,-0.62,-5.04,8.46,11.75,-10.38,9.00,9.87,0,1.70,0.0519,0.1108,8,0.673,2.060,183.49,3.06,5.748,0
phase1 acc_mag=10.514 gravity=9.885 motion=0.629 moving_avg=1.270 rms=1.674 mean_rms=1.859 max_rms=2.137 min_rms=1.663 std=0.150 var=0.023 state=standing thr=2.160/2.360/2.860
-13.06,33.56,0.81,0.9515,-0.2824,0.1213,-0.0068,-0.79,-5.46,8.95,22.75,-36.12,15.31,10.51,0,1.70,0.0469,0.1072,8,0.673,2.060,183.49,3.06,5.748,0
-13.81,31.12,359.50,0.9568,-0.2628,0.1241,0.0037,-5.37,-6.86,7.73,14.94,-10.94,-10.12,11.65,0,1.70,0.0471,0.1007,8,0.673,2.060,183.49,3.06,5.748,0
-13.75,29.50,357.06,0.9604,-0.2507,0.1184,0.0280,-3.01,-3.51,3.98,12.69,-1.00,44.12,6.10,0,1.70,0.0427,0.0976,9,0.714,1.463,122.95,2.05,6.462,0
-14.31,28.50,356.31,0.9617,-0.2444,0.1208,0.0305,-3.60,-5.43,8.69,3.31,6.00,-8.56,10.86,0,1.70,0.0435,0.0955,9,0.714,1.463,122.95,2.05,6.462,0
phase1 acc_mag=9.011 gravity=9.958 motion=0.946 moving_avg=1.399 rms=1.854 mean_rms=1.868 max_rms=2.137 min_rms=1.672 std=0.145 var=0.021 state=standing thr=2.159/2.359/2.859
-14.06,27.94,357.00,0.9636,-0.2380,0.1193,0.0241,-2.25,-4.30,8.21,14.31,-5.75,-12.88,9.54,0,1.70,0.0437,0.0929,9,0.714,1.463,122.95,2.05,6.462,0
-13.62,27.00,356.38,0.9653,-0.2324,0.1147,0.0305,-2.69,-3.50,8.05,11.25,-6.25,24.50,9.18,0,1.70,0.0415,0.0911,9,0.714,1.463,122.95,2.05,6.462,0
-14.44,26.38,355.00,0.9653,-0.2282,0.1194,0.0417,-3.25,-3.67,7.14,5.50,8.00,20.62,8.66,0,1.70,0.0423,0.0901,9,0.714,1.463,122.95,2.05,6.462,0
-15.50,26.00,354.19,0.9644,-0.2258,0.1282,0.0500,-3.23,-4.40,8.10,-1.88,7.62,16.12,9.77,0,1.70,0.0449,0.0897,9,0.714,1.463,122.95,2.05,6.462,0
phase1 acc_mag=9.455 gravity=9.724 motion=0.269 moving_avg=1.345 rms=1.829 mean_rms=1.896 max_rms=2.137 min_rms=1.674 std=0.123 var=0.015 state=standing thr=2.143/2.343/2.843
-17.06,25.62,353.00,0.9630,-0.2231,0.1393,0.0586,-3.15,-4.41,8.69,3.62,22.56,15.50,10.24,0,1.70,0.0484,0.0892,9,0.714,1.463,122.95,2.05,6.462,0
-18.75,26.06,352.75,0.9597,-0.2269,0.1544,0.0602,-4.36,-4.04,8.65,-5.38,13.31,-4.88,10.50,0,1.70,0.0538,0.0908,9,0.714,1.463,122.95,2.05,6.462,0
-18.94,26.12,352.81,0.9596,-0.2269,0.1552,0.0599,-2.81,-4.20,8.45,-1.38,-4.56,1.12,9.85,0,1.70,0.0541,0.0908,9,0.714,1.463,122.95,2.05,6.462,0
phase1 acc_mag=9.652 gravity=9.800 motion=0.148 moving_avg=0.922 rms=1.371 mean_rms=1.820 max_rms=2.137 min_rms=1.371 std=0.189 var=0.036 state=standing thr=2.199/2.399/2.899
-18.69,26.31,353.06,0.9597,-0.2284,0.1532,0.0571,-3.20,-4.00,8.18,2.50,-0.44,-10.31,9.65,0,1.70,0.0536,0.0912,9,0.714,1.463,122.95,2.05,6.462,0
-18.00,26.62,354.25,0.9605,-0.2297,0.1495,0.0478,-3.65,-4.08,8.50,-0.62,-4.75,-18.38,10.11,0,1.70,0.0530,0.0911,9,0.714,1.463,122.95,2.05,6.462,0
-17.19,26.81,354.94,0.9614,-0.2305,0.1442,0.0420,-3.40,-4.00,8.06,0.94,-14.06,-9.12,9.62,0,1.70,0.0516,0.0911,9,0.714,1.463,122.95,2.05,6.462,0
-16.19,27.31,355.25,0.9617,-0.2351,0.1355,0.0397,-3.31,-3.81,7.71,-14.12,-13.19,-6.44,9.22,0,1.70,0.0484,0.0926,9,0.714,1.463,122.95,2.05,6.462,0
phase1 acc_mag=8.971 gravity=9.817 motion=0.846 moving_avg=0.741 rms=1.206 mean_rms=1.654 max_rms=1.976 min_rms=1.206 std=0.236 var=0.055 state=standing thr=2.125/2.325/2.825
-15.25,28.44,355.44,0.9605,-0.2445,0.1274,0.0379,-3.46,-4.76,7.60,-23.38,-8.31,-17.50,9.61,0,1.70,0.0453,0.0959,9,0.714,1.463,122.95,2.05,6.462,0
-14.31,29.31,357.44,0.9600,-0.2501,0.1237,0.0211,-4.30,-6.06,7.99,12.44,6.50,-49.75,10.91,0,1.70,0.0454,0.0971,9,0.714,1.463,122.95,2.05,6.462,0
-13.06,28.69,1.69,0.9626,-0.2416,0.1213,-0.0193,-2.39,-4.01,8.91,12.50,11.12,-45.00,10.06,0,1.70,0.0486,0.0921,9,0.714,1.463,122.95,2.05,6.462,0
-10.38,30.75,6.06,0.9591,-0.2568,0.1075,-0.0509,0.10,-4.26,8.38,-8.81,-18.06,-33.81,9.40,0,1.70,0.0465,0.0963,9,0.714,1.463,122.95,2.05,6.462,0
phase1 acc_mag=8.927 gravity=9.747 motion=0.820 moving_avg=0.712 rms=1.036 mean_rms=1.530 max_rms=1.859 min_rms=1.036 std=0.276 var=0.076 state=standing thr=2.081/2.281/2.781
-9.19,31.38,6.88,0.9580,-0.2631,0.0981,-0.0577,2.11,-3.80,8.96,-5.88,-16.00,-4.19,9.96,0,1.70,0.0437,0.0986,9,0.714,1.463,122.95,2.05,6.462,0
-9.12,31.62,7.50,0.9572,-0.2641,0.1006,-0.0631,-0.60,-5.55,9.31,17.62,-1.12,42.00,10.86,0,1.70,0.0452,0.0986,9,0.714,1.463,122.95,2.05,6.462,0
-10.50,30.69,5.75,0.9594,-0.2565,0.1081,-0.0469,-1.74,-4.57,7.55,-5.19,-0.38,11.12,9.00,0,1.70,0.0463,0.0964,9,0.714,1.463,122.95,2.05,6.462,0
-9.12,30.00,3.00,0.9627,-0.2542,0.0894,-0.0254,-0.52,-4.04,7.89,-3.62,-52.81,25.00,8.88,0,1.70,0.0370,0.0970,9,0.714,1.463,122.95,2.05,6.462,0
phase1 acc_mag=9.539 gravity=9.719 motion=0.180 moving_avg=0.595 rms=0.738 mean_rms=1.315 max_rms=1.854 min_rms=0.712 std=0.352 var=0.124 state=standing thr=2.018/2.218/2.718
-7.44,30.81,1.50,0.9619,-0.2645,0.0686,-0.0121,-0.75,-5.60,8.36,-16.62,-30.81,-4.56,10.09,0,1.70,0.0277,0.1014,9,0.714,1.463,122.95,2.05,6.462,0
-5.94,31.00,359.88,0.9622,-0.2676,0.0516,0.0018,-1.05,-6.50,7.50,-11.12,-30.50,4.06,9.98,0,1.70,0.0197,0.1030,9,0.714,1.463,122.95,2.05,6.462,0
-5.06,30.88,358.19,0.9628,-0.2664,0.0417,0.0147,-0.99,-6.33,7.20,1.00,-11.31,20.88,9.64,0,1.70,0.0145,0.1028,9,0.714,1.463,122.95,2.05,6.462,0
-5.31,30.69,357.25,0.9630,-0.2651,0.0423,0.0228,-1.00,-5.54,7.18,-2.88,-0.25,17.50,9.12,0,1.70,0.0139,0.1025,9,0.714,1.463,122.95,2.05,6.462,0
phase1 acc_mag=9.761 gravity=9.760 motion=0.001 moving_avg=0.576 rms=0.723 mean_rms=1.074 max_rms=1.650 min_rms=0.707 std=0.293 var=0.086 state=standing thr=1.659/1.859/2.359
-6.00,30.94,356.44,0.9620,-0.2675,0.0464,0.0295,-1.11,-5.84,6.95,-4.44,7.38,16.31,9.15,0,1.70,0.0147,0.1035,9,0.714,1.463,122.95,2.05,6.462,0
-7.81,30.69,356.00,0.9617,-0.2651,0.0620,0.0331,-0.45,-4.74,8.93,5.50,47.06,13.75,10.12,0,1.70,0.0203,0.1028,9,0.714,1.463,122.95,2.05,6.462,0
-10.31,30.06,359.81,0.9631,-0.2516,0.0952,-0.0005,-1.29,-1.83,12.80,62.44,26.31,-8.00,12.99,0,1.70,0.0367,0.0969,9,0.714,1.463,122.95,2.05,6.462,0
-12.19,28.38,359.50,0.9642,-0.2417,0.1090,0.0038,-2.12,-2.23,7.73,5.75,-0.88,10.31,8.32,0,1.70,0.0417,0.0934,9,0.714,0.000,0.00,0.00,6.462,0
phase1 acc_mag=8.638 gravity=9.825 motion=1.187 moving_avg=0.840 rms=1.184 mean_rms=0.964 max_rms=1.318 min_rms=0.707 std=0.231 var=0.053 state=standing thr=1.426/1.626/2.126
-12.25,27.56,357.12,0.9657,-0.2368,0.1040,0.0239,-0.54,-2.80,7.94,-4.44,-10.44,25.06,8.44,0,1.70,0.0379,0.0925,9,0.714,0.000,0.00,0.00,6.462,0
-12.19,28.75,357.81,0.9633,-0.2462,0.1055,0.0180,-2.52,-5.41,10.05,-8.19,6.88,-11.12,11.69,0,1.70,0.0389,0.0956,9,0.714,0.000,0.00,0.00,6.462,0
-12.62,28.19,356.69,0.9640,-0.2421,0.1067,0.0276,-2.32,-3.35,8.17,7.94,0.56,18.75,9.13,0,1.70,0.0385,0.0945,9,0.714,0.000,0.00,0.00,6.462,0
phase1 acc_mag=9.603 gravity=9.793 motion=0.190 moving_avg=0.900 rms=1.221 mean_rms=0.963 max_rms=1.266 min_rms=0.707 std=0.228 var=0.052 state=standing thr=1.419/1.619/2.119
-12.81,27.56,356.62,0.9652,-0.2365,0.1082,0.0283,-2.20,-3.71,8.58,10.12,-1.75,0.50,9.60,0,1.70,0.0391,0.0925,9,0.714,0.000,0.00,0.00,6.462,0
-12.50,26.94,356.88,0.9666,-0.2319,0.1055,0.0262,-2.01,-3.12,7.85,-16.50,-3.25,-4.94,8.68,0,1.70,0.0384,0.0908,9,0.714,0.000,0.00,0.00,6.462,0
-12.19,28.25,357.12,0.9642,-0.2429,0.1036,0.0237,-2.18,-4.60,7.90,-25.31,1.62,-15.69,9.40,0,1.70,0.0376,0.0947,9,0.714,0.000,0.00,0.00,6.462,0
-11.12,30.12,0.31,0.9609,-0.2579,0.1000,-0.0070,-3.26,-4.71,7.04,-14.56,-2.81,-52.25,9.08,0,1.70,0.0392,0.0988,9,0.714,0.000,0.00,0.00,6.462,0
phase1 acc_mag=9.771 gravity=9.606 motion=0.165 moving_avg=0.847 rms=1.169 mean_rms=0.976 max_rms=1.239 min_rms=0.707 std=0.233 var=0.054 state=standing thr=1.442/1.642/2.142
-10.69,32.69,1.88,0.9543,-0.2794,0.1041,-0.0157,-2.58,-4.61,7.49,-40.88,20.81,3.50,9.17,0,1.70,0.0415,0.1060,9,0.714,0.000,0.00,0.00,6.462,0
-11.31,35.88,4.31,0.9453,-0.3021,0.1151,-0.0450,-2.92,-7.26,10.64,-29.69,35.69,-88.31,13.21,0,1.70,0.0490,0.1121,9,0.714,0.000,0.00,0.00,6.462,0
-7.88,36.56,10.06,0.9438,-0.3041,0.0994,-0.0831,3.04,-7.72,9.74,-7.62,-22.31,-11.19,12.79,0,1.70,0.0476,0.1115,9,0.714,0.000,0.00,0.00,6.462,0
-9.69,36.44,7.56,0.9446,-0.3031,0.1093,-0.0627,-0.20,-4.32,6.58,-9.06,15.12,43.38,7.87,0,1.70,0.0489,0.1118,9,0.714,0.000,0.00,0.00,6.462,0
phase1 acc_mag=6.770 gravity=9.878 motion=3.108 moving_avg=1.165 rms=1.647 mean_rms=1.113 max_rms=1.647 min_rms=0.707 std=0.268 var=0.072 state=standing thr=1.648/1.848/2.348
-11.56,38.12,6.06,0.9395,-0.3156,0.1236,-0.0502,-2.05,-3.64,6.15,-21.25,16.75,-10.31,7.43,0,1.70,0.0528,0.1161,10,0.742,0.000,0.00,0.00,7.203,0
-10.62,38.62,8.50,0.9374,-0.3184,0.1223,-0.0697,-2.33,-5.44,8.48,21.94,-2.62,-46.25,10.34,0,1.70,0.0547,0.1160,10,0.742,0.000,0.00,0.00,7.203,0
-7.38,38.88,10.12,0.9374,-0.3247,0.0952,-0.0825,1.10,-5.83,8.68,-11.19,-29.38,-3.94,10.51,0,1.70,0.0464,0.1186,10,0.742,0.000,0.00,0.00,7.203,0
-6.50,39.81,8.94,0.9359,-0.3334,0.0872,-0.0735,-0.68,-4.90,6.69,-13.06,-17.44,2.50,8.32,0,1.70,0.0424,0.1223,10,0.742,0.000,0.00,0.00,7.203,0
phase1 acc_mag=9.225 gravity=9.929 motion=0.704 moving_avg=1.291 rms=1.756 mean_rms=1.316 max_rms=1.756 min_rms=0.717 std=0.279 var=0.078 state=standing thr=1.874/2.074/2.574
-5.31,40.75,8.62,0.9338,-0.3424,0.0758,-0.0708,-0.43,-6.68,6.92,-7.44,-19.31,-9.44,9.63,0,1.70,0.0380,0.1257,10,0.742,0.000,0.00,0.00,7.203,0
-4.00,40.44,8.56,0.9351,-0.3416,0.0635,-0.0705,0.13,-5.83,7.70,2.62,-21.12,-1.06,9.66,0,1.70,0.0334,0.1260,10,0.742,0.000,0.00,0.00,7.203,0
-2.75,40.62,8.50,0.9347,-0.3448,0.0502,-0.0702,0.32,-5.90,7.23,-3.25,-12.50,-11.38,9.34,0,1.70,0.0284,0.1275,10,0.742,0.000,0.00,0.00,7.203,0
-2.00,40.50,9.06,0.9350,-0.3438,0.0461,-0.0742,0.88,-5.52,8.12,1.94,0.81,-1.06,9.86,0,1.70,0.0274,0.1272,10,0.742,0.000,0.00,0.00,7.203,0
phase1 acc_mag=9.714 gravity=9.799 motion=0.085 moving_avg=1.010 rms=1.474 mean_rms=1.445 max_rms=1.760 min_rms=1.161 std=0.229 var=0.052 state=standing thr=1.903/2.103/2.603
-3.06,41.75,7.50,0.9320,-0.3533,0.0524,-0.0615,-0.26,-7.54,6.72,-21.31,4.31,17.12,10.10,0,1.70,0.0282,0.1304,10,0.742,0.000,0.00,0.00,7.203,0
-3.94,40.25,6.94,0.9367,-0.3407,0.0575,-0.0569,0.41,-6.04,7.86,18.00,6.56,8.06,9.92,0,1.70,0.0293,0.1263,10,0.742,0.000,0.00,0.00,7.203,0
-4.94,39.19,5.81,0.9401,-0.3317,0.0639,-0.0467,0.08,-5.40,7.39,2.88,5.94,16.00,9.15,0,1.70,0.0302,0.1235,10,0.742,0.000,0.00,0.00,7.203,0
-6.12,38.94,4.50,0.9408,-0.3295,0.0701,-0.0371,-0.08,-5.49,7.36,10.38,3.94,21.25,9.18,0,1.70,0.0313,0.1230,10,0.742,0.000,0.00,0.00,7.203,0
phase1 acc_mag=9.511 gravity=9.773 motion=0.261 moving_avg=0.901 rms=1.425 mean_rms=1.491 max_rms=1.760 min_rms=1.161 std=0.200 var=0.040 state=standing thr=1.892/2.092/2.592
-7.12,37.94,2.69,0.9437,-0.3217,0.0737,-0.0222,0.35,-5.64,7.43,7.62,0.12,28.81,9.33,0,1.70,0.0307,0.1208,10,0.742,0.000,0.00,0.00,7.203,0
-7.31,36.75,1.00,0.9471,-0.3130,0.0704,-0.0084,0.29,-5.49,7.93,11.06,-6.62,15.75,9.65,0,1.70,0.0277,0.1184,10,0.742,0.000,0.00,0.00,7.203,0
-7.50,35.75,0.19,0.9498,-0.3051,0.0696,-0.0018,-0.58,-7.10,9.54,11.31,7.62,5.81,11.91,0,1.70,0.0267,0.1158,10,0.742,0.000,0.00,0.00,7.203,0
-8.31,34.62,0.25,0.9530,-0.2928,0.0778,-0.0035,-2.95,-7.73,10.71,25.88,13.31,-8.19,13.53,0,1.70,0.0300,0.1115,10,0.742,0.000,0.00,0.00,7.203,0
phase1 acc_mag=12.080 gravity=10.070 motion=2.010 moving_avg=1.066 rms=1.593 mean_rms=1.549 max_rms=1.760 min_rms=1.223 std=0.133 var=0.018 state=standing thr=1.816/2.016/2.516
-9.50,32.06,359.69,0.9580,-0.2736,0.0858,0.0022,-2.05,-5.51,7.73,48.31,5.56,47.69,9.71,0,1.70,0.0326,0.1049,10,0.742,0.000,0.00,0.00,7.203,0
-9.94,28.62,357.50,0.9653,-0.2463,0.0845,0.0208,-1.26,-2.10,6.06,30.94,-11.75,51.88,6.54,0,1.70,0.0306,0.0958,11,0.711,0.596,50.34,0.84,7.914,0
-11.81,28.94,355.06,0.9617,-0.2524,0.0986,0.0402,-3.28,-3.59,8.28,-23.31,36.19,-3.50,9.60,0,1.70,0.0339,0.0987,11,0.711,0.596,50.34,0.84,7.914,0
-12.88,31.12,355.25,0.9568,-0.2677,0.1058,0.0395,-3.14,-4.99,8.64,-14.62,-0.81,-2.12,10.46,0,1.70,0.0363,0.1041,11,0.711,0.596,50.34,0.84,7.914,0
phase1 acc_mag=10.179 gravity=9.720 motion=0.460 moving_avg=0.841 rms=1.216 mean_rms=1.496 max_rms=1.760 min_rms=1.216 std=0.148 var=0.022 state=standing thr=1.793/1.993/2.493
-13.25,30.94,355.56,0.9570,-0.2660,0.1099,0.0368,-1.98,-3.60,6.72,1.38,15.62,2.06,7.88,0,1.70,0.0382,0.1034,11,0.711,0.596,50.34,0.84,7.914,0
-14.19,31.00,356.62,0.9564,-0.2648,0.1205,0.0280,-2.01,-4.38,7.73,4.81,31.44,-22.81,9.11,0,1.70,0.0431,0.1027,11,0.711,0.596,50.34,0.84,7.914,0
-14.75,31.25,358.75,0.9552,-0.2649,0.1316,0.0090,-2.66,-4.04,9.17,-9.06,14.94,-12.31,10.37,0,1.70,0.0493,0.1017,11,0.711,0.596,50.34,0.84,7.914,0
-14.50,32.06,359.81,0.9540,-0.2695,0.1313,0.0013,-1.77,-2.71,7.84,-4.25,-1.12,-16.00,8.48,0,1.70,0.0500,0.1029,11,0.711,0.596,50.34,0.84,7.914,0
phase1 acc_mag=8.817 gravity=9.622 motion=0.804 moving_avg=0.870 rms=1.241 mean_rms=1.395 max_rms=1.671 min_rms=1.216 std=0.110 var=0.012 state=standing thr=1.615/1.815/2.315
-13.38,32.94,1.38,0.9528,-0.2762,0.1251,-0.0119,-2.54,-4.31,8.89,-4.44,-3.56,-29.81,10.20,0,1.70,0.0490,0.1047,11,0.711,0.596,50.34,0.84,7.914,0
-12.31,34.25,4.31,0.9496,-0.2858,0.1219,-0.0423,-5.55,-7.29,9.26,-19.62,15.06,-69.44,13.03,0,1.70,0.0511,0.1065,11,0.711,0.596,50.34,0.84,7.914,0
-8.06,34.44,7.88,0.9507,-0.2882,0.0937,-0.0655,-0.52,-8.53,8.49,-28.25,-33.06,-13.31,12.05,0,1.70,0.0432,0.1072,11,0.711,0.596,50.34,0.84,7.914,0
phase1 acc_mag=8.006 gravity=9.898 motion=1.892 moving_avg=1.120 rms=1.485 mean_rms=1.366 max_rms=1.593 min_rms=1.216 std=0.100 var=0.010 state=standing thr=1.566/1.766/2.266
-7.75,35.38,6.75,0.9493,-0.2966,0.0887,-0.0550,-1.09,-5.79,5.42,6.50,-4.56,18.50,8.01,0,1.70,0.0402,0.1107,11,0.711,0.596,50.34,0.84,7.914,0
-9.06,35.56,6.81,0.9476,-0.2967,0.1022,-0.0596,-2.96,-6.23,7.48,10.06,27.62,-30.62,10.17,0,1.70,0.0458,0.1100,12,0.695,0.862,74.44,1.24,8.609,0
-9.44,35.00,8.19,0.9482,-0.2908,0.1078,-0.0681,-0.45,-5.32,7.35,-1.44,2.50,-12.06,9.08,0,1.70,0.0488,0.1074,12,0.695,0.862,74.44,1.24,8.609,0
-9.00,36.06,8.31,0.9455,-0.3013,0.1041,-0.0662,-0.49,-5.30,6.98,-17.31,-15.25,26.75,8.78,0,1.70,0.0474,0.1112,12,0.695,0.862,74.44,1.24,8.609,0
phase1 acc_mag=8.943 gravity=9.822 motion=0.878 moving_avg=1.223 rms=1.559 mean_rms=1.390 max_rms=1.593 min_rms=1.216 std=0.124 var=0.015 state=standing thr=1.637/1.837/2.337
-9.31,36.88,6.81,0.9440,-0.3077,0.1044,-0.0566,-0.19,-6.35,7.32,-4.56,-1.88,14.06,9.69,0,1.70,0.0464,0.1138,12,0.695,0.862,74.44,1.24,8.609,0
-9.62,35.94,6.75,0.9473,-0.2972,0.1062,-0.0556,-1.18,-5.95,7.96,26.38,0.75,2.94,10.01,0,1.70,0.0469,0.1103,12,0.695,0.862,74.44,1.24,8.609,0
-9.88,33.62,5.69,0.9527,-0.2814,0.1044,-0.0477,-0.97,-4.71,8.00,30.19,-9.12,11.75,9.33,0,1.70,0.0452,0.1053,12,0.695,0.862,74.44,1.24,8.609,0
-9.19,31.44,4.75,0.9587,-0.2650,0.0947,-0.0402,-3.29,-6.13,7.83,35.00,-31.94,16.75,10.47,0,1.70,0.0406,0.1001,12,0.695,0.862,74.44,1.24,8.609,0
phase1 acc_mag=10.092 gravity=9.608 motion=0.484 moving_avg=1.016 rms=1.369 mean_rms=1.394 max_rms=1.562 min_rms=1.216 std=0.129 var=0.017 state=standing thr=1.653/1.853/2.353
-9.38,28.75,2.62,0.9653,-0.2441,0.0905,-0.0222,-2.95,-8.93,9.96,22.25,42.38,-21.75,13.70,0,1.70,0.0371,0.0934,12,0.695,0.862,74.44,1.24,8.609,0
-10.81,26.19,2.19,0.9699,-0.2202,0.1025,-0.0156,-3.32,-2.68,5.36,14.62,7.00,41.75,6.85,0,1.70,0.0411,0.0848,12,0.695,0.862,74.44,1.24,8.609,0
-12.81,24.81,358.94,0.9706,-0.2122,0.1127,0.0088,-2.06,-3.51,7.85,-7.44,8.56,35.88,8.84,0,1.70,0.0430,0.0828,13,0.698,1.099,94.49,1.57,9.307,0
phase1 acc_mag=10.967 gravity=9.764 motion=1.203 moving_avg=1.027 rms=1.426 mean_rms=1.417 max_rms=1.562 min_rms=1.234 std=0.119 var=0.014 state=standing thr=1.655/1.855/2.355
-14.88,25.50,358.38,0.9673,-0.2170,0.1302,0.0132,-4.50,-5.02,8.65,-13.62,33.19,-3.31,10.97,0,1.70,0.0492,0.0847,13,0.698,1.099,94.49,1.57,9.307,0
-15.75,24.69,358.88,0.9680,-0.2092,0.1382,0.0092,-3.85,-3.90,8.84,15.38,11.12,7.69,10.40,0,1.70,0.0528,0.0815,13,0.698,1.099,94.49,1.57,9.307,0
-15.81,23.62,359.25,0.9698,-0.1999,0.1395,0.0060,-2.25,-4.01,8.11,5.00,-0.69,-1.56,9.32,0,1.70,0.0536,0.0779,13,0.698,1.099,94.49,1.57,9.307,0
-16.81,22.94,359.69,0.9697,-0.1926,0.1501,0.0023,-3.97,-3.44,8.36,5.25,17.69,-4.44,9.87,0,1.70,0.0580,0.0748,13,0.698,1.099,94.49,1.57,9.307,0
phase1 acc_mag=10.096 gravity=9.872 motion=0.224 moving_avg=1.038 rms=1.431 mean_rms=1.453 max_rms=1.562 min_rms=1.242 std=0.085 var=0.007 state=standing thr=1.622/1.822/2.322
-17.00,22.62,0.56,0.9701,-0.1891,0.1519,-0.0050,-4.12,-3.33,8.44,13.00,-0.75,-10.12,9.96,0,1.70,0.0593,0.0731,13,0.698,1.099,94.49,1.57,9.307,0
-16.38,21.88,1.25,0.9722,-0.1826,0.1464,-0.0102,-4.17,-3.06,8.48,3.75,-10.12,-1.31,9.93,0,1.70,0.0577,0.0704,13,0.698,1.099,94.49,1.57,9.307,0
-15.06,22.06,0.56,0.9733,-0.1861,0.1345,-0.0052,-3.40,-3.20,8.37,-23.19,-21.00,6.12,9.58,0,1.70,0.0528,0.0722,13,0.698,1.099,94.49,1.57,9.307,0
phase1 acc_mag=9.353 gravity=9.623 motion=0.269 moving_avg=0.761 rms=1.149 mean_rms=1.433 max_rms=1.562 min_rms=1.149 std=0.108 var=0.012 state=standing thr=1.650/1.850/2.350
-13.69,23.81,0.31,0.9714,-0.2040,0.1210,-0.0036,-2.96,-3.96,7.94,-24.69,-18.69,-7.81,9.35,0,1.70,0.0473,0.0791,13,0.698,1.099,94.49,1.57,9.307,0
-12.69,25.12,0.56,0.9701,-0.2141,0.1141,-0.0057,-3.14,-4.08,7.70,-7.38,-1.94,-12.06,9.26,0,1.70,0.0448,0.0828,13,0.698,1.099,94.49,1.57,9.307,0
-12.38,26.19,1.00,0.9684,-0.2220,0.1129,-0.0085,-3.20,-3.86,7.42,-17.00,-4.56,-17.25,8.96,0,1.70,0.0445,0.0856,13,0.698,1.099,94.49,1.57,9.307,0
-12.19,28.56,1.94,0.9637,-0.2407,0.1140,-0.0165,-3.22,-3.67,6.91,-40.06,6.19,-36.56,8.46,0,1.70,0.0455,0.0920,13,0.698,1.099,94.49,1.57,9.307,0
phase1 acc_mag=11.650 gravity=9.603 motion=2.047 moving_avg=0.760 rms=1.127 mean_rms=1.342 max_rms=1.562 min_rms=1.083 std=0.152 var=0.023 state=standing thr=1.646/1.846/2.346
-8.19,31.50,11.31,0.9554,-0.2610,0.1006,-0.0948,-2.59,-8.49,14.36,26.62,-42.94,-180.94,16.88,0,1.70,0.0484,0.0959,13,0.698,1.099,94.49,1.57,9.307,0
-5.44,30.75,12.25,0.9579,-0.2584,0.0792,-0.0974,-0.64,-6.01,8.07,-15.88,4.25,67.50,10.08,0,1.70,0.0404,0.0959,13,0.698,1.099,94.49,1.57,9.307,0
-7.75,30.44,7.69,0.9606,-0.2557,0.0875,-0.0648,1.05,-5.20,9.13,15.25,10.12,154.00,10.56,0,1.70,0.0403,0.0960,13,0.698,1.099,94.49,1.57,9.307,0
-13.25,30.31,358.12,0.9583,-0.2602,0.1158,0.0219,-2.27,-3.04,4.85,-32.25,-16.50,68.50,6.16,0,1.70,0.0421,0.1008,14,0.819,0.698,51.11,0.85,10.126,0
phase1 acc_mag=6.938 gravity=9.734 motion=2.796 moving_avg=1.264 rms=2.072 mean_rms=1.423 max_rms=2.072 min_rms=1.083 std=0.277 var=0.077 state=slow thr=1.976/2.176/2.676
-9.44,31.75,0.25,0.9583,-0.2735,0.0824,-0.0073,-0.75,-5.60,7.99,-22.81,-31.19,-86.31,9.79,0,1.70,0.0324,0.1046,14,0.819,0.698,51.11,0.85,10.126,0
-5.81,33.50,3.75,0.9558,-0.2855,0.0628,-0.0318,-1.50,-7.03,7.81,-18.19,-24.50,-47.25,10.61,0,1.70,0.0276,0.1083,14,0.819,0.698,51.11,0.85,10.126,0
-3.56,33.50,4.31,0.9569,-0.2853,0.0417,-0.0341,0.64,-5.71,8.46,18.31,-27.19,19.06,10.23,0,1.70,0.0198,0.1086,14,0.819,0.698,51.11,0.85,10.126,0
phase1 acc_mag=8.020 gravity=9.825 motion=1.804 moving_avg=1.096 rms=1.910 mean_rms=1.525 max_rms=2.072 min_rms=1.083 std=0.343 var=0.117 state=standing thr=2.211/2.411/2.911
-2.44,33.06,2.56,0.9581,-0.2841,0.0289,-0.0219,1.73,-4.12,6.66,-13.69,-28.75,20.06,8.02,0,1.70,0.0135,0.1086,14,0.819,0.698,51.11,0.85,10.126,0
-2.56,33.19,0.31,0.9576,-0.2870,0.0250,-0.0034,-0.80,-6.73,6.71,-17.31,5.19,-2.75,9.54,0,1.70,0.0099,0.1099,14,0.819,0.698,51.11,0.85,10.126,0
-2.94,33.50,1.25,0.9571,-0.2881,0.0302,-0.0108,-1.04,-7.18,6.77,10.12,16.19,-8.12,9.92,0,1.70,0.0128,0.1102,14,0.819,0.698,51.11,0.85,10.126,0
-4.12,32.31,2.25,0.9604,-0.2741,0.0467,-0.0186,-1.34,-5.89,7.53,29.06,35.69,16.00,9.65,0,1.70,0.0200,0.1050,14,0.819,0.698,51.11,0.85,10.126,0
phase1 acc_mag=9.924 gravity=9.732 motion=0.192 moving_avg=1.083 rms=1.904 mean_rms=1.620 max_rms=2.072 min_rms=1.083 std=0.368 var=0.135 state=standing thr=2.356/2.556/3.056
-8.12,30.62,1.12,0.9620,-0.2617,0.0765,-0.0099,-0.70,-3.81,9.73,23.50,62.56,40.56,10.47,0,1.70,0.0305,0.1004,14,0.819,0.698,51.11,0.85,10.126,0
-12.62,29.69,2.56,0.9606,-0.2476,0.1240,-0.0216,-4.08,-3.90,13.70,14.31,50.38,19.44,14.82,0,1.70,0.0498,0.0941,14,0.819,0.698,51.11,0.85,10.126,0
-14.38,28.31,1.19,0.9623,-0.2377,0.1316,-0.0102,-2.80,-4.12,7.86,-3.75,-22.25,5.12,9.31,0,1.70,0.0516,0.0910,14,0.819,0.698,51.11,0.85,10.126,0
-12.44,27.44,359.38,0.9662,-0.2333,0.1093,0.0090,-1.88,-3.26,6.98,-4.31,-18.56,45.94,7.93,0,1.70,0.0414,0.0905,14,0.819,0.698,51.11,0.85,10.126,0
phase1 acc_mag=7.072 gravity=9.876 motion=2.804 moving_avg=1.348 rms=2.092 mean_rms=1.765 max_rms=2.092 min_rms=1.083 std=0.347 var=0.120 state=standing thr=2.458/2.658/3.158
-12.06,26.94,358.62,0.9673,-0.2304,0.1056,0.0115,-1.99,-5.33,7.78,25.56,-0.88,-33.94,9.64,0,1.70,0.0398,0.0896,15,0.708,0.838,71.01,1.18,10.835,0
-12.25,25.62,358.88,0.9695,-0.2187,0.1104,0.0122,-2.39,-3.47,9.34,0.94,23.88,44.50,10.25,0,1.70,0.0417,0.0853,15,0.708,0.838,71.01,1.18,10.835,0
-13.75,24.88,358.38,0.9697,-0.2127,0.1198,0.0137,-2.99,-2.76,8.57,22.44,-3.94,-34.44,9.49,0,1.70,0.0453,0.0832,15,0.708,0.838,71.01,1.18,10.835,0
-11.31,24.19,1.25,0.9731,-0.2054,0.1033,-0.0110,-1.36,-3.04,8.57,3.00,-30.81,-47.88,9.19,0,1.70,0.0411,0.0795,15,0.708,0.838,71.01,1.18,10.835,0
phase1 acc_mag=9.393 gravity=9.930 motion=0.536 moving_avg=1.370 rms=2.032 mean_rms=1.983 max_rms=2.175 min_rms=1.518 std=0.114 var=0.013 state=standing thr=2.211/2.411/2.911
-9.50,24.69,2.75,0.9733,-0.2105,0.0886,-0.0251,-2.37,-3.34,7.88,-6.00,-16.62,-19.56,8.88,0,1.70,0.0366,0.0811,15,0.708,0.838,71.01,1.18,10.835,0
-8.56,25.75,3.75,0.9717,-0.2186,0.0839,-0.0320,-2.61,-3.72,7.37,-14.06,-7.56,-6.50,8.66,0,1.70,0.0354,0.0839,15,0.708,0.838,71.01,1.18,10.835,0
-8.06,27.56,3.50,0.9684,-0.2341,0.0800,-0.0296,-1.60,-5.00,7.92,-48.06,-9.25,7.00,9.50,0,1.70,0.0338,0.0897,15,0.708,0.838,71.01,1.18,10.835,0
-9.44,31.94,3.12,0.9565,-0.2744,0.0951,-0.0291,-3.11,-5.11,5.56,-52.38,25.62,-29.50,8.17,0,1.70,0.0396,0.1039,15,0.708,0.838,71.01,1.18,10.835,0
phase1 acc_mag=10.400 gravity=9.722 motion=0.678 moving_avg=0.958 rms=1.282 mean_rms=1.889 max_rms=2.175 min_rms=1.276 std=0.242 var=0.059 state=standing thr=2.373/2.573/3.073
-8.56,35.75,5.88,0.9481,-0.2998,0.0945,-0.0489,1.66,-7.68,10.47,-49.38,9.62,-41.25,13.09,0,1.70,0.0417,0.1118,15,0.708,0.838,71.01,1.18,10.835,0
-8.19,38.00,7.50,0.9407,-0.3193,0.0960,-0.0613,-0.18,-6.46,9.04,-22.56,-10.56,4.50,11.11,0,1.70,0.0440,0.1178,15,0.708,0.838,71.01,1.18,10.835,0
-9.25,39.62,5.88,0.9368,-0.3309,0.1031,-0.0481,-1.87,-6.59,8.07,-24.06,18.62,20.19,10.59,0,1.70,0.0450,0.1220,15,0.708,0.838,71.01,1.18,10.835,0
-9.38,40.25,5.50,0.9356,-0.3350,0.1021,-0.0447,-1.51,-7.81,9.09,0.81,-14.94,-1.62,12.08,0,1.70,0.0442,0.1235,15,0.708,0.838,71.01,1.18,10.835,0
phase1 acc_mag=10.132 gravity=9.976 motion=0.156 moving_avg=1.028 rms=1.351 mean_rms=1.770 max_rms=2.175 min_rms=1.276 std=0.324 var=0.105 state=standing thr=2.418/2.618/3.118
-8.56,38.94,4.31,0.9397,-0.3275,0.0920,-0.0358,0.35,-5.10,6.84,17.38,-27.19,21.25,8.54,0,1.70,0.0393,0.1218,15,0.708,0.838,71.01,1.18,10.835,0
-8.38,37.56,2.62,0.9444,-0.3171,0.0843,-0.0211,0.92,-4.36,6.95,7.50,-7.38,10.56,8.26,0,1.70,0.0345,0.1191,15,0.708,0.838,71.01,1.18,10.835,0
-7.62,37.56,2.75,0.9446,-0.3179,0.0782,-0.0230,-0.96,-7.04,8.24,-4.25,-18.06,-15.62,10.88,0,1.70,0.0325,0.1194,15,0.708,0.838,71.01,1.18,10.835,0
-6.50,37.44,2.75,0.9454,-0.3181,0.0671,-0.0211,0.39,-7.08,7.52,-2.38,-13.50,15.44,10.34,0,1.70,0.0281,0.1197,15,0.708,0.838,71.01,1.18,10.835,0
phase1 acc_mag=9.254 gravity=9.901 motion=0.648 moving_avg=1.163 rms=1.449 mean_rms=1.668 max_rms=2.175 min_rms=1.276 std=0.342 var=0.117 state=standing thr=2.352/2.552/3.052
-7.06,36.56,1.19,0.9477,-0.3115,0.0684,-0.0101,0.00,-6.01,6.62,15.69,0.50,19.88,8.94,0,1.70,0.0272,0.1178,15,0.708,0.838,71.01,1.18,10.835,0
-8.00,35.81,0.50,0.9495,-0.3047,0.0754,-0.0059,-1.05,-7.63,8.24,7.62,10.31,-13.81,11.28,0,1.70,0.0293,0.1155,15,0.708,0.838,71.01,1.18,10.835,0
-8.06,34.75,1.38,0.9520,-0.2957,0.0777,-0.0118,-1.46,-6.60,8.20,17.56,9.12,-0.25,10.63,0,1.70,0.0310,0.1122,15,0.708,0.838,71.01,1.18,10.835,0
-9.25,34.06,1.19,0.9533,-0.2881,0.0895,-0.0110,-2.35,-5.71,7.55,9.75,22.75,0.50,9.75,0,1.70,0.0354,0.1095,15,0.708,0.838,71.01,1.18,10.835,0
phase1 acc_mag=8.596 gravity=9.799 motion=1.202 moving_avg=0.973 rms=1.171 mean_rms=1.505 max_rms=2.175 min_rms=1.171 std=0.303 var=0.092 state=standing thr=2.110/2.310/2.810
-10.56,32.25,3.12,0.9564,-0.2717,0.1034,-0.0266,-2.66,-4.85,7.68,47.44,37.62,-31.81,9.46,0,1.70,0.0424,0.1028,15,0.708,0.838,71.01,1.18,10.835,0
-12.19,29.94,4.88,0.9601,-0.2490,0.1206,-0.0410,-1.74,-3.16,8.98,16.75,35.06,17.94,9.68,0,1.70,0.0504,0.0936,15,0.708,0.838,71.01,1.18,10.835,0
-15.06,29.81,3.38,0.9581,-0.2463,0.1433,-0.0285,-2.89,-3.22,8.44,-2.94,31.44,25.44,9.48,0,1.70,0.0577,0.0928,15,0.708,0.838,71.01,1.18,10.835,0
-16.06,30.19,3.12,0.9563,-0.2485,0.1517,-0.0264,-2.94,-4.60,10.18,-3.38,-7.50,-5.75,11.55,0,1.70,0.0607,0.0935,15,0.708,0.838,71.01,1.18,10.835,0
phase1 acc_mag=10.865 gravity=9.879 motion=0.986 moving_avg=0.906 rms=1.101 mean_rms=1.307 max_rms=1.499 min_rms=1.075 std=0.131 var=0.017 state=standing thr=1.570/1.770/2.270
-15.50,30.62,2.06,0.9561,-0.2542,0.1445,-0.0177,-2.12,-4.38,7.67,-11.88,-16.38,19.19,9.08,0,1.70,0.0571,0.0962,15,0.708,0.838,71.01,1.18,10.835,0
-15.81,31.06,0.00,0.9548,-0.2603,0.1431,-0.0001,-2.10,-3.28,7.49,-8.88,-1.56,22.38,8.44,0,1.70,0.0547,0.0994,15,0.708,0.838,71.01,1.18,10.835,0
-17.12,31.56,244.38,0.5074,-0.2709,-0.1400,0.8059,-2.38,-3.55,8.77,-16.00,14.75,25.19,9.76,0,1.70,-0.1157,0.0098,15,0.708,0.838,71.01,1.18,10.835,0
phase1 acc_mag=10.270 gravity=9.798 motion=0.472 moving_avg=0.891 rms=1.054 mean_rms=1.248 max_rms=1.459 min_rms=1.054 std=0.136 var=0.018 state=standing thr=1.519/1.719/2.219
-19.25,32.44,243.06,0.4937,-0.2919,-0.1367,0.8077,-3.42,-4.02,8.81,-29.81,31.81,25.00,10.27,0,1.70,-0.1213,0.0135,15,0.708,0.838,71.01,1.18,10.835,0
-21.31,33.81,241.69,0.4830,-0.3082,-0.1381,0.8079,-2.98,-3.60,7.45,-11.88,5.94,-6.00,8.79,0,1.70,-0.1263,0.0149,15,0.708,0.000,0.00,0.00,10.835,0
-20.44,34.81,242.88,0.4906,-0.3068,-0.1459,0.8024,-2.37,-4.59,8.82,-7.00,-11.62,-31.00,10.22,0,1.70,-0.1271,0.0134,15,0.708,0.000,0.00,0.00,10.835,0
-19.31,36.56,244.31,0.5029,-0.3092,-0.1619,0.7908,-5.73,-6.79,9.01,-17.75,11.19,-41.31,12.65,0,1.70,-0.1304,0.0110,15,0.708,0.000,0.00,0.00,10.835,0
phase1 acc_mag=13.538 gravity=9.843 motion=3.695 moving_avg=0.941 rms=1.219 mean_rms=1.182 max_rms=1.459 min_rms=0.981 std=0.149 var=0.022 state=standing thr=1.480/1.680/2.180
-15.56,36.88,247.88,0.5254,-0.2904,-0.1753,0.7803,-2.26,-7.79,8.47,-12.00,-45.06,-20.12,11.73,0,1.70,-0.1275,0.0063,15,0.708,0.000,0.00,0.00,10.835,0
-13.81,37.69,246.50,0.5139,-0.2792,-0.1962,0.7870,-1.52,-5.92,4.12,-19.94,-29.12,10.44,7.37,0,1.70,-0.1282,-0.0044,15,0.708,0.000,0.00,0.00,10.835,0
-13.19,38.38,246.19,0.5129,-0.2780,-0.2032,0.7863,-2.27,-6.58,6.11,-7.38,9.69,-25.19,9.26,0,1.70,-0.1291,-0.0069,16,0.736,0.000,0.00,0.00,11.570,0
-12.50,38.06,250.31,0.5463,-0.2778,-0.1928,0.7662,-2.74,-7.42,8.79,40.38,24.75,-50.56,11.82,0,1.70,-0.1273,0.0016,16,0.736,0.000,0.00,0.00,11.570,0
phase1 acc_mag=9.364 gravity=9.773 motion=0.409 moving_avg=1.027 rms=1.354 mean_rms=1.154 max_rms=1.356 min_rms=0.981 std=0.111 var=0.012 state=standing thr=1.376/1.576/2.076
-12.19,36.62,252.12,0.5560,-0.2726,-0.1835,0.7635,-1.25,-5.15,6.56,-0.62,-3.44,10.44,8.43,0,1.70,-0.1241,0.0046,16,0.736,0.000,0.00,0.00,11.570,0
-12.12,37.00,251.81,0.5535,-0.2736,-0.1884,0.7637,-1.10,-6.04,7.26,-9.62,-1.12,-6.38,9.51,0,1.70,-0.1253,0.0030,16,0.736,0.000,0.00,0.00,11.570,0
-12.00,37.12,251.00,0.5482,-0.2719,-0.1906,0.7676,-1.16,-6.40,7.98,2.44,-10.88,14.62,10.29,0,1.70,-0.1253,0.0011,16,0.736,0.000,0.00,0.00,11.570,0
-12.69,35.62,249.31,0.5374,-0.2646,-0.1786,0.7806,-0.91,-4.76,7.44,34.12,-10.31,30.00,8.88,0,1.70,-0.1210,0.0011,16,0.736,0.000,0.00,0.00,11.570,0
phase1 acc_mag=9.787 gravity=9.657 motion=0.130 moving_avg=1.007 rms=1.346 mean_rms=1.179 max_rms=1.384 min_rms=0.981 std=0.135 var=0.018 state=standing thr=1.450/1.650/2.150
-12.31,33.06,247.94,0.5330,-0.2491,-0.1694,0.7906,-1.29,-6.13,8.16,47.69,-30.62,18.12,10.29,0,1.70,-0.1149,-0.0004,16,0.736,0.000,0.00,0.00,11.570,0
-11.69,29.56,246.94,0.5321,-0.2256,-0.1483,0.8025,-3.95,-8.36,10.76,38.56,13.19,-2.50,14.19,0,1.70,-0.1040,0.0004,16,0.736,0.000,0.00,0.00,11.570,0
-12.69,26.44,246.06,0.5276,-0.2178,-0.1266,0.8112,-3.83,-5.76,10.71,38.06,5.94,48.44,12.75,0,1.70,-0.0974,0.0049,16,0.736,0.000,0.00,0.00,11.570,0
-14.06,23.88,242.06,0.4984,-0.2101,-0.1077,0.8342,-1.93,-3.12,4.58,16.25,-16.56,35.62,5.87,0,1.70,-0.0916,0.0060,17,0.774,1.133,87.85,1.46,12.344,0
phase1 acc_mag=6.119 gravity=9.764 motion=3.645 moving_avg=1.474 rms=1.973 mean_rms=1.288 max_rms=1.973 min_rms=0.981 std=0.233 var=0.054 state=walking thr=1.754/1.954/2.454
-13.62,22.50,239.06,0.4803,-0.1998,-0.1064,0.8474,-1.54,-3.17,9.63,-7.81,-13.25,36.00,10.25,0,1.70,-0.0882,0.0023,17,0.774,1.133,87.85,1.46,12.344,0
-16.31,23.31,236.25,0.4574,-0.2204,-0.1047,0.8551,-4.19,-1.48,7.16,5.56,22.56,19.12,8.43,0,1.70,-0.0945,0.0045,17,0.774,1.133,87.85,1.46,12.344,0
-16.50,23.44,236.12,0.4554,-0.2217,-0.1041,0.8559,-4.47,-3.63,9.29,3.94,-3.12,3.06,10.93,0,1.70,-0.0949,0.0047,17,0.774,1.133,87.85,1.46,12.344,0
phase1 acc_mag=9.805 gravity=9.861 motion=0.056 moving_avg=1.581 rms=2.033 mean_rms=1.475 max_rms=2.034 min_rms=0.981 std=0.341 var=0.117 state=standing thr=2.158/2.358/2.858
-15.56,23.06,236.38,0.4588,-0.2141,-0.1061,0.8558,-1.42,-4.47,8.61,2.38,-7.06,-23.19,9.80,0,1.70,-0.0928,0.0030,17,0.774,1.133,87.85,1.46,12.344,0
-16.50,22.75,236.88,0.4626,-0.2198,-0.0982,0.8532,-2.64,-2.40,8.22,-5.06,22.06,6.88,8.96,0,1.70,-0.0932,0.0072,17,0.774,1.133,87.85,1.46,12.344,0
-17.31,23.50,237.25,0.4641,-0.2293,-0.0992,0.8498,-2.88,-3.00,9.27,-22.25,6.31,-23.19,10.16,0,1.70,-0.0964,0.0088,17,0.774,1.133,87.85,1.46,12.344,0
-15.94,25.25,239.81,0.4842,-0.2286,-0.1151,0.8367,-2.18,-4.41,9.72,-13.69,-10.50,-34.00,10.89,0,1.70,-0.0988,0.0058,17,0.774,1.133,87.85,1.46,12.344,0
phase1 acc_mag=10.577 gravity=9.684 motion=0.893 moving_avg=1.421 rms=1.872 mean_rms=1.661 max_rms=2.037 min_rms=1.196 std=0.312 var=0.097 state=standing thr=2.285/2.485/2.985
-14.75,26.19,241.69,0.4955,-0.2266,-0.1221,0.8296,-2.81,-4.05,8.77,-4.81,-2.31,-28.44,10.06,0,1.70,-0.0994,0.0044,17,0.774,1.133,87.85,1.46,12.344,0
-13.38,26.75,243.69,0.5128,-0.2211,-0.1309,0.8192,-2.38,-3.93,8.69,-7.69,-3.06,-41.56,9.83,0,1.70,-0.0993,0.0024,17,0.774,1.133,87.85,1.46,12.344,0
-11.75,28.12,247.25,0.5345,-0.2205,-0.1408,0.8036,-3.77,-5.66,9.76,-7.81,-2.00,-54.25,11.90,0,1.70,-0.1010,0.0019,17,0.774,1.133,87.85,1.46,12.344,0
-10.69,28.50,247.94,0.5385,-0.2158,-0.1482,0.8010,-2.10,-4.12,6.24,-7.06,-4.38,14.12,7.77,0,1.70,-0.1010,-0.0010,17,0.774,1.133,87.85,1.46,12.344,0
phase1 acc_mag=7.204 gravity=9.816 motion=2.612 moving_avg=1.354 rms=1.807 mean_rms=1.755 max_rms=2.037 min_rms=1.345 std=0.260 var=0.068 state=standing thr=2.276/2.476/2.976
-10.81,28.75,247.38,0.5353,-0.2169,-0.1497,0.8025,-2.01,-4.10,7.55,-5.31,3.38,-7.12,8.82,0,1.70,-0.1017,-0.0016,17,0.774,1.133,87.85,1.46,12.344,0
-10.56,29.81,248.75,0.5449,-0.2220,-0.1570,0.7932,-2.51,-5.77,8.27,-6.88,0.94,-26.75,10.39,0,1.70,-0.1047,-0.0014,17,0.774,1.133,87.85,1.46,12.344,0
-9.19,30.19,250.31,0.5544,-0.2166,-0.1633,0.7868,-0.96,-5.63,7.99,-5.38,-11.81,-12.19,9.82,0,1.70,-0.1044,-0.0034,17,0.774,1.133,87.85,1.46,12.344,0
phase1 acc_mag=9.501 gravity=9.882 motion=0.381 moving_avg=1.331 rms=1.794 mean_rms=1.849 max_rms=2.037 min_rms=1.351 std=0.161 var=0.026 state=standing thr=2.170/2.370/2.870
-8.31,31.06,250.75,0.5565,-0.2155,-0.1741,0.7833,-0.85,-5.57,7.65,-13.00,-7.38,-9.00,9.50,0,1.70,-0.1063,-0.0066,17,0.774,1.133,87.85,1.46,12.344,0
-7.81,33.12,249.19,0.5392,-0.2199,-0.1930,0.7897,-0.80,-6.07,7.66,-9.38,-17.75,52.38,9.81,0,1.70,-0.1111,-0.0135,17,0.774,1.133,87.85,1.46,12.344,0
-8.69,33.19,245.69,0.5178,-0.2202,-0.1962,0.8031,-1.07,-5.02,8.12,-7.25,-13.69,17.19,9.61,0,1.70,-0.1114,-0.0174,17,0.774,1.133,87.85,1.46,12.344,0
-9.44,34.19,243.69,0.5028,-0.2271,-0.2017,0.8093,-1.56,-5.68,7.23,-15.25,-0.31,39.81,9.33,0,1.70,-0.1141,-0.0196,17,0.774,1.133,87.85,1.46,12.344,0
phase1 acc_mag=8.875 gravity=9.792 motion=0.917 moving_avg=0.844 rms=1.060 mean_rms=1.809 max_rms=2.037 min_rms=1.060 std=0.223 var=0.050 state=standing thr=2.255/2.455/2.955
-9.88,34.44,242.25,0.4911,-0.2291,-0.2045,0.8152,-1.55,-5.82,7.50,-10.81,-5.56,11.31,9.62,0,1.70,-0.1149,-0.0217,17,0.774,1.133,87.85,1.46,12.344,0
-9.81,34.38,241.12,0.4843,-0.2258,-0.2062,0.8198,-1.21,-5.89,7.90,4.50,-15.06,16.19,9.93,0,1.70,-0.1140,-0.0239,17,0.774,1.133,87.85,1.46,12.344,0
-9.75,33.44,239.88,0.4758,-0.2180,-0.2011,0.8281,-1.19,-5.52,8.16,16.81,-8.94,11.75,9.92,0,1.70,-0.1105,-0.0251,17,0.774,1.133,87.85,1.46,12.344,0
phase1 acc_mag=10.365 gravity=9.807 motion=0.559 moving_avg=0.694 rms=0.902 mean_rms=1.594 max_rms=2.037 min_rms=0.898 std=0.378 var=0.143 state=standing thr=2.351/2.551/3.051
-9.88,32.12,238.81,0.4703,-0.2125,-0.1943,0.8342,-2.17,-5.76,8.34,12.50,-5.69,11.38,10.37,0,1.70,-0.1075,-0.0249,17,0.774,1.133,87.85,1.46,12.344,0
-10.00,30.50,237.44,0.4615,-0.2040,-0.1839,0.8436,-1.28,-4.50,7.44,10.38,-3.44,13.69,8.79,0,1.70,-0.1028,-0.0244,17,0.774,1.133,87.85,1.46,12.344,0
-9.88,29.69,237.50,0.4634,-0.1999,-0.1792,0.8445,-1.53,-5.21,8.07,12.25,0.19,-2.81,9.73,0,1.70,-0.1007,-0.0235,17,0.774,1.133,87.85,1.46,12.344,0
-10.19,28.75,237.62,0.4656,-0.1991,-0.1699,0.8454,-1.67,-4.72,7.94,10.81,9.38,-2.31,9.39,0,1.70,-0.0990,-0.0204,17,0.774,1.133,87.85,1.46,12.344,0
phase1 acc_mag=9.354 gravity=9.719 motion=0.365 moving_avg=0.622 rms=0.842 mean_rms=1.377 max_rms=1.858 min_rms=0.842 std=0.407 var=0.166 state=standing thr=2.191/2.391/2.891
-11.12,27.69,237.81,0.4677,-0.2019,-0.1581,0.8459,-2.05,-4.40,8.50,18.62,16.94,1.19,9.79,0,1.70,-0.0979,-0.0157,17,0.774,1.133,87.85,1.46,12.344,0
-12.19,26.75,237.81,0.4677,-0.2070,-0.1445,0.8470,-2.53,-4.41,8.67,10.62,18.12,9.56,10.05,0,1.70,-0.0972,-0.0102,17,0.774,0.000,0.00,0.00,12.344,0
-14.44,26.06,236.94,0.4610,-0.2183,-0.1320,0.8500,-2.83,-3.68,8.04,5.19,26.50,29.50,9.28,0,1.70,-0.0985,-0.0046,17,0.774,0.000,0.00,0.00,12.344,0
-16.69,25.50,235.62,0.4491,-0.2335,-0.1182,0.8543,-3.32,-3.10,7.63,3.56,23.19,23.31,8.88,0,1.70,-0.1010,0.0016,17,0.774,0.000,0.00,0.00,12.344,0
phase1 acc_mag=9.291 gravity=9.722 motion=0.431 moving_avg=0.440 rms=0.551 mean_rms=1.155 max_rms=1.804 min_rms=0.551 std=0.413 var=0.170 state=standing thr=1.981/2.181/2.681
-18.25,24.88,234.06,0.4385,-0.2388,-0.1106,0.8593,-3.11,-2.99,8.98,9.94,5.75,31.69,9.96,0,1.70,-0.1015,0.0039,17,0.774,0.000,0.00,0.00,12.344,0
-19.31,23.75,231.94,0.4218,-0.2399,-0.1014,0.8685,-3.37,-3.51,8.96,4.31,-6.38,16.69,10.20,0,1.70,-0.1005,0.0052,17,0.774,0.000,0.00,0.00,12.344,0
-18.25,23.12,231.62,0.4215,-0.2300,-0.1030,0.8711,-3.25,-4.18,9.53,3.62,-20.56,-1.19,10.90,0,1.70,-0.0975,0.0029,17,0.774,0.000,0.00,0.00,12.344,0
-17.31,22.12,231.31,0.4200,-0.2177,-0.0999,0.8753,-2.69,-3.40,8.45,13.00,-9.38,8.56,9.50,0,1.70,-0.0930,0.0016,17,0.774,0.000,0.00,0.00,12.344,0
phase1 acc_mag=8.801 gravity=9.768 motion=0.967 moving_avg=0.453 rms=0.582 mean_rms=0.894 max_rms=1.782 min_rms=0.530 std=0.302 var=0.091 state=standing thr=1.498/1.698/2.198
-16.88,21.50,231.31,0.4212,-0.2128,-0.0981,0.8762,-2.32,-2.61,8.67,5.94,-8.25,-3.62,9.35,0,1.70,-0.0911,0.0015,17,0.774,0.000,0.00,0.00,12.344,0
-16.50,21.12,231.19,0.4207,-0.2088,-0.0972,0.8775,-3.36,-2.65,8.69,-1.50,-5.69,-0.50,9.69,0,1.70,-0.0896,0.0010,17,0.774,0.000,0.00,0.00,12.344,0
-15.81,21.50,231.00,0.4195,-0.2046,-0.1034,0.8784,-3.54,-3.19,8.49,-8.81,-11.25,-7.81,9.74,0,1.70,-0.0892,-0.0020,17,0.774,0.000,0.00,0.00,12.344,0
-15.06,22.06,231.38,0.4220,-0.2014,-0.1103,0.8771,-2.90,-2.91,7.84,-1.50,-5.88,-4.88,8.85,0,1.70,-0.0893,-0.0047,17,0.774,0.000,0.00,0.00,12.344,0
phase1 acc_mag=9.461 gravity=9.696 motion=0.235 moving_avg=0.407 rms=0.522 mean_rms=0.726 max_rms=1.058 min_rms=0.515 std=0.172 var=0.030 state=standing thr=1.070/1.270/1.770
-14.94,22.56,231.94,0.4261,-0.2031,-0.1131,0.8743,-3.00,-3.37,8.09,-2.38,-7.69,-8.38,9.26,0,1.70,-0.0903,-0.0049,17,0.774,0.000,0.00,0.00,12.344,0
-13.62,22.62,232.81,0.4333,-0.1942,-0.1182,0.8721,-3.23,-3.91,8.18,-3.69,-7.94,-24.12,9.62,0,1.70,-0.0882,-0.0076,17,0.774,0.000,0.00,0.00,12.344,0
-13.12,23.69,234.25,0.4437,-0.1960,-0.1260,0.8654,-2.54,-3.78,8.60,-12.56,-2.12,-22.00,9.73,0,1.70,-0.0902,-0.0088,17,0.774,0.000,0.00,0.00,12.344,0
phase1 acc_mag=11.685 gravity=9.640 motion=2.045 moving_avg=0.402 rms=0.543 mean_rms=0.637 max_rms=0.909 min_rms=0.506 std=0.140 var=0.020 state=standing thr=0.918/1.118/1.618
-13.31,25.31,235.12,0.4539,-0.2074,-0.1390,0.8553,-4.80,-5.18,9.31,-46.50,23.19,-76.31,11.69,0,1.70,-0.0962,-0.0099,17,0.774,0.000,0.00,0.00,12.344,0
-10.56,27.88,239.81,0.4814,-0.2037,-0.1578,0.8378,0.92,-5.78,7.55,-7.88,30.75,13.06,9.55,0,1.70,-0.0986,-0.0136,17,0.774,0.000,0.00,0.00,12.344,0
-11.81,27.12,239.69,0.4814,-0.2073,-0.1475,0.8387,-1.22,-3.96,10.40,14.56,-4.44,-4.88,11.20,0,1.70,-0.0979,-0.0096,17,0.774,0.000,0.00,0.00,12.344,0
-11.19,27.00,239.56,0.4794,-0.2006,-0.1510,0.8409,-1.50,-3.32,8.61,-9.81,-21.44,15.75,9.35,0,1.70,-0.0964,-0.0123,17,0.774,0.000,0.00,0.00,12.344,0
phase1 acc_mag=8.650 gravity=9.699 motion=1.048 moving_avg=0.565 rms=0.881 mean_rms=0.627 max_rms=0.881 min_rms=0.506 std=0.125 var=0.016 state=slow thr=0.878/1.078/1.578
-9.31,27.19,237.94,0.4694,-0.1864,-0.1631,0.8475,-0.58,-3.90,7.49,-12.88,-50.38,17.56,8.46,0,1.70,-0.0938,-0.0203,17,0.774,0.000,0.00,0.00,12.344,0
-7.75,27.69,236.12,0.4542,-0.1717,-0.1782,0.8558,-0.45,-4.97,7.54,-5.81,-28.81,16.00,9.04,0,1.70,-0.0912,-0.0298,17,0.774,0.000,0.00,0.00,12.344,0
-6.56,28.06,233.38,0.4353,-0.1616,-0.1890,0.8652,-0.83,-5.03,7.61,-14.38,-31.81,37.25,9.16,0,1.70,-0.0888,-0.0373,17,0.774,0.000,0.00,0.00,12.344,0
-4.75,27.94,230.00,0.4101,-0.1410,-0.2001,0.8786,-1.46,-6.04,7.88,11.56,-54.69,28.50,10.04,0,1.70,-0.0824,-0.0472,17,0.774,0.000,0.00,0.00,12.344,0
phase1 acc_mag=9.548 gravity=9.678 motion=0.130 moving_avg=0.561 rms=0.883 mean_rms=0.668 max_rms=0.893 min_rms=0.506 std=0.158 var=0.025 state=standing thr=0.983/1.183/1.683
-3.44,27.00,227.94,0.3932,-0.1221,-0.2006,0.8890,-0.68,-5.42,7.02,6.38,-17.19,20.06,8.89,0,1.70,-0.0750,-0.0521,17,0.774,0.000,0.00,0.00,12.344,0
-4.31,26.75,226.25,0.3823,-0.1268,-0.1968,0.8939,-1.27,-5.43,8.63,7.06,21.75,34.56,10.27,0,1.70,-0.0754,-0.0510,17,0.774,0.000,0.00,0.00,12.344,0
-7.12,26.06,224.94,0.3704,-0.1483,-0.1808,0.8990,-2.14,-3.66,9.63,6.50,39.62,25.94,10.52,0,1.70,-0.0801,-0.0430,17,0.774,0.000,0.00,0.00,12.344,0
-9.25,25.12,225.19,0.3740,-0.1593,-0.1671,0.8982,-2.02,-2.24,9.28,33.12,10.94,-16.94,9.76,0,1.70,-0.0822,-0.0362,17,0.774,0.000,0.00,0.00,12.344,0
phase1 acc_mag=10.888 gravity=9.669 motion=1.219 moving_avg=0.593 rms=0.903 mean_rms=0.734 max_rms=0.904 min_rms=0.506 std=0.167 var=0.028 state=standing thr=1.067/1.267/1.767
-10.81,25.12,227.56,0.3920,-0.1750,-0.1573,0.8893,0.04,-4.04,9.36,-0.75,43.44,-24.88,10.19,0,1.70,-0.0869,-0.0285,17,0.774,0.000,0.00,0.00,12.344,0
-10.56,24.25,227.25,0.3943,-0.1664,-0.1548,0.8904,-0.17,-2.43,8.84,-6.19,-34.19,-56.25,9.17,0,1.70,-0.0837,-0.0289,17,0.774,0.000,0.00,0.00,12.344,0
-9.25,24.31,229.31,0.4067,-0.1624,-0.1553,0.8855,-1.63,-4.36,8.59,8.50,14.94,-13.88,9.77,0,1.70,-0.0828,-0.0286,17,0.774,0.000,0.00,0.00,12.344,0
phase1 acc_mag=10.186 gravity=9.712 motion=0.474 moving_avg=0.654 rms=0.952 mean_rms=0.812 max_rms=0.952 min_rms=0.506 std=0.146 var=0.021 state=standing thr=1.105/1.305/1.805
-10.44,23.62,231.06,0.4205,-0.1712,-0.1426,0.8795,-1.74,-4.19,9.12,-11.12,31.31,-49.19,10.19,0,1.70,-0.0842,-0.0214,17,0.774,0.000,0.00,0.00,12.344,0
-10.31,23.75,235.00,0.4542,-0.1762,-0.1385,0.8622,-2.36,-3.12,8.83,-1.75,9.06,-48.88,9.66,0,1.70,-0.0859,-0.0158,17,0.774,0.000,0.00,0.00,12.344,0
-8.56,24.88,239.88,0.4862,-0.1732,-0.1472,0.8438,-2.59,-3.90,7.93,-8.62,3.25,-65.88,9.21,0,1.70,-0.0871,-0.0160,17,0.774,0.000,0.00,0.00,12.344,0
-7.12,26.44,244.62,0.5197,-0.1757,-0.1581,0.8210,-2.36,-4.08,6.67,-21.12,10.00,-67.69,8.17,0,1.70,-0.0906,-0.0154,18,0.667,0.000,0.00,0.00,13.011,1
phase1 acc_mag=8.965 gravity=9.568 motion=0.602 moving_avg=0.719 rms=0.990 mean_rms=0.898 max_rms=1.009 min_rms=0.684 std=0.056 var=0.003 state=standing thr=1.009/1.209/1.709
-6.19,28.50,248.38,0.5481,-0.1853,-0.1711,0.7975,-3.18,-5.46,7.64,-4.06,28.88,-56.19,9.91,0,1.70,-0.0966,-0.0139,18,0.667,0.000,0.00,0.00,13.011,0
-4.62,29.81,256.69,0.5992,-0.1926,-0.1751,0.7571,2.40,-4.27,14.18,3.81,37.06,-176.88,15.00,0,1.70,-0.1003,-0.0069,18,0.667,0.000,0.00,0.00,13.011,0
-3.00,31.44,263.94,0.6437,-0.2019,-0.1830,0.7150,0.14,-3.16,6.21,-22.50,0.75,-152.69,6.97,0,1.70,-0.1049,-0.0004,18,0.667,0.000,0.00,0.00,13.011,0
3.88,32.50,272.19,0.6915,-0.1770,-0.2194,0.6651,-2.36,1.88,3.92,89.69,-42.19,-48.62,4.95,0,1.70,-0.1078,-0.0094,19,0.817,2.970,218.18,3.64,13.828,1
phase1 acc_mag=6.819 gravity=9.670 motion=2.851 moving_avg=1.320 rms=2.132 mean_rms=1.065 max_rms=2.132 min_rms=0.864 std=0.345 var=0.119 state=walking thr=1.754/1.954/2.454
-0.94,30.88,262.00,0.6331,-0.1824,-0.1936,0.7270,-2.21,-3.40,10.03,4.50,24.25,-2.62,10.82,0,1.70,-0.1021,-0.0101,19,0.817,2.970,218.18,3.64,13.828,0
0.88,31.31,263.50,0.6412,-0.1738,-0.2067,0.7183,2.15,-6.11,10.21,14.12,-35.00,-7.62,12.09,0,1.70,-0.1030,-0.0148,19,0.817,2.970,218.18,3.64,13.828,0
1.69,31.31,262.31,0.6339,-0.1647,-0.2143,0.7247,1.23,-4.53,6.64,1.50,-14.38,-5.44,8.13,0,1.70,-0.1021,-0.0204,19,0.817,2.970,218.18,3.64,13.828,0
2.31,31.06,261.88,0.6313,-0.1592,-0.2162,0.7275,1.54,-4.55,7.65,-3.81,-2.62,7.06,9.03,0,1.70,-0.1009,-0.0227,19,0.817,2.970,218.18,3.64,13.828,0
phase1 acc_mag=9.636 gravity=9.816 motion=0.180 moving_avg=1.563 rms=2.285 mean_rms=1.335 max_rms=2.285 min_rms=0.864 std=0.560 var=0.314 state=standing thr=2.455/2.655/3.155
1.88,31.56,261.62,0.6284,-0.1656,-0.2176,0.7283,0.84,-5.33,8.06,-9.12,1.69,9.25,9.70,0,1.70,-0.1029,-0.0218,19,0.817,2.970,218.18,3.64,13.828,0
1.88,32.12,261.31,0.6263,-0.1672,-0.2214,0.7286,2.08,-4.76,7.88,-14.00,0.38,5.31,9.44,0,1.70,-0.1042,-0.0226,19,0.817,2.970,218.18,3.64,13.828,0
0.88,32.94,260.62,0.6202,-0.1780,-0.2198,0.7317,0.31,-5.77,7.69,9.38,14.94,16.31,9.62,0,1.70,-0.1066,-0.0202,19,0.817,2.970,218.18,3.64,13.828,0
-0.50,31.94,260.44,0.6210,-0.1817,-0.2072,0.7338,0.97,-4.76,8.74,13.19,30.81,-0.38,10.00,0,1.70,-0.1048,-0.0157,19,0.817,2.970,218.18,3.64,13.828,0
phase1 acc_mag=11.403 gravity=9.775 motion=1.628 moving_avg=1.520 rms=2.274 mean_rms=1.613 max_rms=2.285 min_rms=0.893 std=0.612 var=0.375 state=standing thr=2.837/3.037/3.537
-2.06,31.50,261.50,0.6284,-0.1919,-0.1931,0.7287,-0.57,-5.55,9.84,16.00,21.62,1.69,11.31,0,1.70,-0.1045,-0.0080,19,0.817,2.970,218.18,3.64,13.828,0
-3.94,29.94,260.12,0.6196,-0.1945,-0.1709,0.7410,-1.74,-3.52,6.36,24.75,22.12,42.94,7.47,0,1.70,-0.1000,-0.0024,19,0.817,2.970,218.18,3.64,13.828,0
-6.38,28.50,258.12,0.6101,-0.1995,-0.1542,0.7511,-1.22,-4.37,9.22,8.31,17.19,24.00,10.28,0,1.70,-0.0976,0.0024,20,0.676,0.925,82.08,1.37,14.504,0
-7.56,27.81,258.00,0.6099,-0.2031,-0.1406,0.7530,-2.14,-4.10,8.34,17.69,12.25,5.38,9.54,0,1.70,-0.0955,0.0072,20,0.676,0.925,82.08,1.37,14.504,0
phase1 acc_mag=10.281 gravity=9.719 motion=0.562 moving_avg=1.598 rms=2.316 mean_rms=1.906 max_rms=2.334 min_rms=0.893 std=0.540 var=0.292 state=standing thr=2.987/3.187/3.687
-8.94,26.38,256.50,0.6010,-0.2032,-0.1280,0.7623,-1.43,-2.99,9.38,15.12,12.44,34.06,9.95,0,1.70,-0.0927,0.0098,20,0.676,0.925,82.08,1.37,14.504,0
-9.56,26.00,255.75,0.5975,-0.2042,-0.1226,0.7657,-0.90,-2.80,8.50,7.50,0.62,-12.19,8.99,0,1.70,-0.0918,0.0113,20,0.676,0.925,82.08,1.37,14.504,0
-8.56,26.62,257.56,0.6078,-0.2034,-0.1301,0.7565,-1.27,-3.85,9.04,-19.19,-1.75,-14.88,9.91,0,1.70,-0.0932,0.0101,20,0.676,0.925,82.08,1.37,14.504,0
-9.56,26.94,256.19,0.5983,-0.2100,-0.1287,0.7625,-1.23,-2.19,7.21,-3.31,6.81,34.19,7.63,0,1.70,-0.0948,0.0110,20,0.676,0.925,82.08,1.37,14.504,0
phase1 acc_mag=9.065 gravity=9.779 motion=0.714 moving_avg=1.532 rms=2.287 mean_rms=2.188 max_rms=2.334 min_rms=1.029 std=0.246 var=0.060 state=standing thr=2.679/2.879/3.379
-10.19,27.50,255.50,0.5922,-0.2175,-0.1292,0.7651,-0.71,-3.00,9.19,-7.00,9.38,9.56,9.69,0,1.70,-0.0972,0.0120,20,0.676,0.925,82.08,1.37,14.504,0
-10.81,28.19,255.69,0.5928,-0.2245,-0.1299,0.7624,-1.65,-3.16,9.35,-11.56,3.81,-16.25,10.01,0,1.70,-0.0993,0.0136,20,0.676,0.925,82.08,1.37,14.504,0
-9.94,28.38,256.69,0.5995,-0.2205,-0.1345,0.7575,-0.92,-3.28,9.01,-2.31,-12.50,-21.19,9.63,0,1.70,-0.0991,0.0121,20,0.676,0.925,82.08,1.37,14.504,0
-8.88,29.75,258.31,0.6131,-0.2278,-0.1483,0.7418,-2.15,-6.07,11.59,-49.12,50.81,-74.81,13.26,0,1.70,-0.1040,0.0119,20,0.676,0.925,82.08,1.37,14.504,0
phase1 acc_mag=10.962 gravity=9.772 motion=1.190 moving_avg=0.864 rms=1.223 mean_rms=2.141 max_rms=2.334 min_rms=1.180 std=0.325 var=0.106 state=standing thr=2.791/2.991/3.491
-9.00,31.75,262.00,0.6294,-0.2405,-0.1512,0.7233,-1.80,-6.58,8.48,-3.06,3.81,-5.38,10.88,0,1.70,-0.1077,0.0168,20,0.676,0.925,82.08,1.37,14.504,0
-11.12,31.75,258.56,0.6066,-0.2492,-0.1445,0.7410,-1.32,-3.80,4.29,-13.44,1.88,76.12,5.88,0,1.70,-0.1089,0.0176,21,0.709,0.860,72.82,1.21,15.213,1
-11.75,32.19,257.75,0.6031,-0.2546,-0.1472,0.7415,-2.89,-4.88,7.26,-16.56,1.12,-47.94,9.21,0,1.70,-0.1110,0.0178,21,0.709,0.860,72.82,1.21,15.213,0
-7.81,32.62,263.12,0.6356,-0.2386,-0.1614,0.7163,-0.06,-5.88,9.95,5.19,-25.44,-62.19,11.56,0,1.70,-0.1094,0.0144,21,0.709,0.860,72.82,1.21,15.213,0
phase1 acc_mag=11.184 gravity=9.733 motion=1.451 moving_avg=1.109 rms=1.542 mean_rms=1.953 max_rms=2.334 min_rms=1.137 std=0.446 var=0.199 state=standing thr=2.844/3.044/3.544
-7.69,33.81,261.19,0.6213,-0.2415,-0.1738,0.7249,-1.10,-4.95,6.22,-24.38,-7.56,76.06,8.03,0,1.70,-0.1132,0.0096,21,0.709,0.860,72.82,1.21,15.213,0
-9.06,33.94,258.31,0.6022,-0.2469,-0.1722,0.7394,-1.28,-4.77,7.35,2.62,-8.75,6.50,8.86,0,1.70,-0.1145,0.0085,21,0.709,0.860,72.82,1.21,15.213,0
-7.94,34.38,258.06,0.5992,-0.2418,-0.1831,0.7410,0.24,-5.78,8.33,-12.00,-11.19,15.19,10.14,0,1.70,-0.1155,0.0037,21,0.709,0.860,72.82,1.21,15.213,0
-9.12,35.00,255.81,0.5844,-0.2491,-0.1838,0.7501,-0.76,-4.87,7.89,-4.56,3.12,20.50,9.30,0,1.70,-0.1177,0.0031,21,0.709,0.860,72.82,1.21,15.213,0
phase1 acc_mag=9.366 gravity=9.560 motion=0.193 moving_avg=1.089 rms=1.530 mean_rms=1.800 max_rms=2.334 min_rms=1.137 std=0.431 var=0.186 state=standing thr=2.663/2.863/3.363
-9.50,34.56,255.31,0.5811,-0.2474,-0.1781,0.7546,-0.73,-4.94,8.99,14.31,-1.50,5.62,10.28,0,1.70,-0.1161,0.0037,21,0.709,0.860,72.82,1.21,15.213,0
-9.88,32.56,253.12,0.5682,-0.2350,-0.1680,0.7705,-1.43,-5.56,8.97,23.69,-22.88,32.56,10.65,0,1.70,-0.1106,0.0016,21,0.709,0.860,72.82,1.21,15.213,0
-10.31,30.44,251.25,0.5600,-0.2271,-0.1566,0.7812,-2.25,-7.21,10.48,21.44,7.75,14.44,12.92,0,1.70,-0.1060,0.0019,21,0.709,0.860,72.82,1.21,15.213,0
-10.19,28.56,250.25,0.5544,-0.2137,-0.1458,0.7910,-2.35,-4.41,7.44,30.19,-22.44,20.12,8.96,0,1.70,-0.0999,0.0013,21,0.709,0.860,72.82,1.21,15.213,0
phase1 acc_mag=8.700 gravity=9.831 motion=1.132 moving_avg=1.158 rms=1.578 mean_rms=1.632 max_rms=2.315 min_rms=1.137 std=0.343 var=0.118 state=standing thr=2.317/2.517/3.017
-10.50,26.44,247.62,0.5371,-0.2030,-0.1332,0.8078,-2.08,-4.00,7.19,20.44,-9.50,43.44,8.49,0,1.70,-0.0942,0.0006,21,0.709,0.860,72.82,1.21,15.213,0
-11.38,24.94,244.44,0.5182,-0.1996,-0.1257,0.8220,-1.81,-3.65,7.75,3.06,0.75,41.19,8.76,0,1.70,-0.0917,0.0001,21,0.709,0.860,72.82,1.21,15.213,0
-13.44,23.81,241.88,0.4976,-0.2084,-0.1100,0.8347,-2.42,-2.19,9.37,11.31,21.94,43.12,9.92,0,1.70,-0.0915,0.0047,21,0.709,0.860,72.82,1.21,15.213,0
phase1 acc_mag=9.875 gravity=9.854 motion=0.021 moving_avg=1.227 rms=1.604 mean_rms=1.498 max_rms=1.786 min_rms=1.137 std=0.135 var=0.018 state=standing thr=1.767/1.967/2.467
-14.06,23.81,240.62,0.4904,-0.2101,-0.1107,0.8386,-2.56,-3.58,8.84,-6.62,-12.81,8.06,9.87,0,1.70,-0.0922,0.0041,21,0.709,0.860,72.82,1.21,15.213,0
-13.56,24.31,239.88,0.4849,-0.2077,-0.1182,0.8412,-2.44,-3.96,8.47,1.19,0.00,12.00,9.66,0,1.70,-0.0928,0.0005,21,0.709,0.860,72.82,1.21,15.213,0
-15.00,23.69,238.56,0.4749,-0.2145,-0.1093,0.8464,-2.49,-1.62,8.26,4.44,22.12,17.06,8.78,0,1.70,-0.0934,0.0038,21,0.709,0.860,72.82,1.21,15.213,0
-15.62,24.19,238.38,0.4734,-0.2207,-0.1123,0.8453,-1.04,-2.48,9.41,-22.31,-11.06,-17.38,9.79,0,1.70,-0.0959,0.0038,21,0.709,0.860,72.82,1.21,15.213,0
phase1 acc_mag=9.969 gravity=9.533 motion=0.436 moving_avg=1.094 rms=1.445 mean_rms=1.535 max_rms=1.621 min_rms=1.169 std=0.087 var=0.008 state=standing thr=1.709/1.909/2.409
-14.19,25.62,239.75,0.4824,-0.2182,-0.1246,0.8391,-1.65,-3.71,9.11,-7.19,-14.88,-33.19,9.97,0,1.70,-0.0973,0.0003,21,0.709,0.860,72.82,1.21,15.213,0
-11.06,26.06,242.94,0.5063,-0.2008,-0.1383,0.8271,-1.42,-4.45,9.56,24.00,-21.88,-48.75,10.64,0,1.70,-0.0944,-0.0051,21,0.709,0.860,72.82,1.21,15.213,0
-9.31,26.31,246.06,0.5293,-0.1934,-0.1434,0.8135,-3.44,-5.89,9.73,-27.19,-0.12,-67.38,11.88,0,1.70,-0.0933,-0.0057,21,0.709,0.860,72.82,1.21,15.213,0
-6.69,27.12,249.94,0.5607,-0.1816,-0.1553,0.7928,-1.37,-3.90,6.62,31.00,8.50,-52.56,7.80,0,1.70,-0.0924,-0.0085,21,0.709,0.860,72.82,1.21,15.213,0
phase1 acc_mag=7.126 gravity=9.760 motion=2.634 moving_avg=0.865 rms=1.074 mean_rms=1.483 max_rms=1.621 min_rms=1.036 std=0.174 var=0.030 state=standing thr=1.831/2.031/2.531
-5.75,26.06,254.44,0.5943,-0.1771,-0.1484,0.7703,-1.91,-4.41,7.69,-3.25,15.31,-82.88,9.07,0,1.70,-0.0899,-0.0036,21,0.709,0.860,72.82,1.21,15.213,0
-5.38,26.00,255.75,0.5978,-0.1760,-0.1472,0.7681,-0.93,-4.34,8.39,-2.44,1.38,13.31,9.49,0,1.70,-0.0893,-0.0031,21,0.709,0.860,72.82,1.21,15.213,0
-5.56,26.50,255.81,0.5973,-0.1801,-0.1498,0.7671,-1.28,-5.72,8.62,-3.06,-2.69,2.69,10.42,0,1.70,-0.0910,-0.0029,21,0.709,0.860,72.82,1.21,15.213,0
-5.56,26.56,256.50,0.6019,-0.1811,-0.1491,0.7634,-0.61,-5.01,7.67,6.69,7.94,-2.62,9.18,0,1.70,-0.0912,-0.0019,21,0.709,0.860,72.82,1.21,15.213,0
phase1 acc_mag=9.551 gravity=9.839 motion=0.288 moving_avg=0.845 rms=1.063 mean_rms=1.381 max_rms=1.621 min_rms=1.036 std=0.235 var=0.055 state=standing thr=1.850/2.050/2.550
-6.12,26.06,256.19,0.5998,-0.1819,-0.1423,0.7661,-0.86,-4.40,7.99,9.00,1.19,12.94,9.16,0,1.70,-0.0899,0.0000,21,0.709,0.860,72.82,1.21,15.213,0
-6.38,25.50,254.81,0.5916,-0.1791,-0.1401,0.7735,-0.67,-4.31,8.23,2.19,-12.94,32.38,9.31,0,1.70,-0.0886,-0.0010,21,0.709,0.860,72.82,1.21,15.213,0
-6.19,25.31,252.69,0.5757,-0.1725,-0.1430,0.7864,-0.48,-4.52,8.17,7.38,-19.75,24.81,9.35,0,1.70,-0.0872,-0.0052,21,0.709,0.000,0.00,0.00,15.213,0
-6.19,25.12,250.19,0.5607,-0.1700,-0.1456,0.7972,-0.19,-5.98,11.34,-9.00,-4.81,37.69,12.82,0,1.70,-0.0869,-0.0083,21,0.709,0.000,0.00,0.00,15.213,0
phase1 acc_mag=12.750 gravity=9.757 motion=2.993 moving_avg=0.783 rms=1.036 mean_rms=1.270 max_rms=1.621 min_rms=0.912 std=0.263 var=0.069 state=standing thr=1.795/1.995/2.495
-7.75,23.62,248.56,0.5479,-0.1711,-0.1270,0.8090,-3.34,-3.30,8.08,31.75,7.44,38.62,9.35,0,1.70,-0.0832,-0.0036,21,0.709,0.000,0.00,0.00,15.213,0
-7.94,22.75,246.56,0.5334,-0.1673,-0.1262,0.8195,-1.35,-4.11,7.60,-19.19,-13.44,45.88,8.74,0,1.70,-0.0818,-0.0057,21,0.709,0.000,0.00,0.00,15.213,0
-8.75,23.19,241.75,0.5014,-0.1696,-0.1309,0.8383,-1.85,-4.14,8.53,-11.44,-4.06,49.12,9.66,0,1.70,-0.0831,-0.0099,21,0.709,0.000,0.00,0.00,15.213,0
-9.81,23.06,239.69,0.4861,-0.1742,-0.1281,0.8467,-1.97,-4.08,8.68,2.81,-0.25,27.62,9.79,0,1.70,-0.0839,-0.0095,21,0.709,0.000,0.00,0.00,15.213,0
phase1 acc_mag=9.291 gravity=9.675 motion=0.384 moving_avg=0.790 rms=1.076 mean_rms=1.153 max_rms=1.621 min_rms=0.912 std=0.198 var=0.039 state=standing thr=1.548/1.748/2.248
-11.00,22.69,238.38,0.4760,-0.1804,-0.1216,0.8521,-2.25,-3.17,8.39,3.19,15.31,22.88,9.25,0,1.70,-0.0846,-0.0071,21,0.709,0.000,0.00,0.00,15.213,0
-12.19,22.25,237.00,0.4640,-0.1869,-0.1143,0.8583,-2.34,-2.66,8.82,4.62,11.25,29.25,9.50,0,1.70,-0.0854,-0.0045,21,0.709,0.000,0.00,0.00,15.213,0
-13.44,21.94,235.06,0.4482,-0.1929,-0.1095,0.8660,-2.49,-3.29,9.52,-3.19,2.88,35.56,10.38,0,1.70,-0.0864,-0.0034,21,0.709,0.000,0.00,0.00,15.213,0
-14.06,21.69,233.38,0.4381,-0.1945,-0.1082,0.8709,-2.46,-3.45,9.15,3.06,-2.31,7.31,10.08,0,1.70,-0.0867,-0.0036,21,0.709,0.000,0.00,0.00,15.213,0
phase1 acc_mag=9.843 gravity=9.766 motion=0.077 moving_avg=0.717 rms=1.028 mean_rms=1.056 max_rms=1.218 min_rms=0.912 std=0.050 var=0.003 state=standing thr=1.156/1.356/1.856
-13.94,21.25,233.31,0.4382,-0.1907,-0.1058,0.8720,-2.53,-2.51,8.31,2.75,-6.31,-4.38,9.04,0,1.70,-0.0851,-0.0035,21,0.709,0.000,0.00,0.00,15.213,0
-13.25,20.94,233.56,0.4404,-0.1851,-0.1063,0.8721,-2.29,-2.94,8.73,2.00,-10.00,-6.12,9.49,0,1.70,-0.0833,-0.0045,21,0.709,0.000,0.00,0.00,15.213,0
-12.31,21.12,233.94,0.4435,-0.1796,-0.1111,0.8710,-2.78,-3.02,8.50,-7.19,-11.38,-11.62,9.44,0,1.70,-0.0823,-0.0068,21,0.709,0.000,0.00,0.00,15.213,0
phase1 acc_mag=9.376 gravity=9.647 motion=0.271 moving_avg=0.538 rms=0.833 mean_rms=1.019 max_rms=1.103 min_rms=0.831 std=0.072 var=0.005 state=standing thr=1.163/1.363/1.863
-11.44,22.12,235.06,0.4518,-0.1779,-0.1207,0.8658,-3.19,-3.34,8.16,-8.94,-2.81,-23.31,9.38,0,1.70,-0.0834,-0.0096,21,0.709,0.000,0.00,0.00,15.213,0
-10.69,23.50,237.12,0.4663,-0.1798,-0.1312,0.8562,-2.93,-3.47,7.30,-14.38,3.62,-25.69,8.60,0,1.70,-0.0861,-0.0114,21,0.709,0.000,0.00,0.00,15.213,0
-10.25,25.31,238.88,0.4779,-0.1865,-0.1434,0.8464,-2.69,-4.44,7.96,-24.25,6.75,-21.19,9.50,0,1.70,-0.0905,-0.0129,21,0.709,0.000,0.00,0.00,15.213,0
-10.19,28.50,244.06,0.5211,-0.2061,-0.1597,0.8127,-2.15,-8.86,12.82,-38.00,28.75,-127.88,15.73,0,1.70,-0.1003,-0.0090,21,0.709,0.000,0.00,0.00,15.213,0
phase1 acc_mag=13.097 gravity=9.824 motion=3.274 moving_avg=0.771 rms=1.341 mean_rms=0.992 max_rms=1.341 min_rms=0.831 std=0.104 var=0.011 state=slow thr=1.199/1.399/1.899
-8.94,29.12,248.12,0.5406,-0.2064,-0.1614,0.7994,0.95,-5.44,7.97,-7.19,24.69,-21.69,9.70,0,1.70,-0.1009,-0.0070,21,0.709,0.000,0.00,0.00,15.213,0
-8.69,28.44,250.25,0.5565,-0.2044,-0.1541,0.7904,-2.27,-3.30,9.30,44.81,-16.31,-17.62,10.13,0,1.70,-0.0989,-0.0032,21,0.709,0.000,0.00,0.00,15.213,0
-7.69,27.81,249.69,0.5530,-0.1921,-0.1588,0.7950,-0.80,-2.61,5.87,-13.00,-26.62,0.56,6.47,0,1.70,-0.0962,-0.0080,22,0.740,0.000,0.00,0.00,15.952,0
-5.69,28.62,248.81,0.5469,-0.1818,-0.1741,0.7985,-0.29,-4.72,8.33,-20.56,-13.62,-14.19,9.58,0,1.70,-0.0961,-0.0158,22,0.740,0.000,0.00,0.00,15.952,0
phase1 acc_mag=10.022 gravity=9.653 motion=0.369 moving_avg=0.859 rms=1.432 mean_rms=1.083 max_rms=1.482 min_rms=0.831 std=0.206 var=0.043 state=standing thr=1.496/1.696/2.196
-4.19,29.25,248.75,0.5462,-0.1741,-0.1866,0.7979,0.33,-5.24,8.07,-1.38,-29.06,-7.06,9.63,0,1.70,-0.0963,-0.0215,22,0.740,0.000,0.00,0.00,15.952,0
-3.19,29.44,248.44,0.5438,-0.1666,-0.1942,0.7993,-1.04,-5.30,8.42,-8.25,-7.94,-6.38,10.00,0,1.70,-0.0955,-0.0258,22,0.740,0.000,0.00,0.00,15.952,0
-3.19,29.19,247.25,0.5359,-0.1636,-0.1937,0.8053,0.22,-4.43,7.81,14.44,-13.62,18.00,8.98,0,1.70,-0.0942,-0.0273,22,0.740,0.000,0.00,0.00,15.952,0
-2.81,28.50,245.94,0.5276,-0.1556,-0.1927,0.8126,-0.57,-4.81,7.07,6.62,-13.00,16.06,8.57,0,1.70,-0.0912,-0.0298,22,0.740,0.000,0.00,0.00,15.952,0
phase1 acc_mag=8.605 gravity=9.693 motion=1.088 moving_avg=0.916 rms=1.449 mean_rms=1.154 max_rms=1.482 min_rms=0.831 std=0.248 var=0.061 state=standing thr=1.649/1.849/2.349
-2.75,28.31,244.00,0.5140,-0.1508,-0.1939,0.8219,-0.20,-4.48,7.31,4.00,-8.94,27.25,8.58,0,1.70,-0.0894,-0.0327,22,0.740,0.000,0.00,0.00,15.952,0
-3.44,28.19,242.62,0.5025,-0.1545,-0.1910,0.8289,-1.40,-5.18,7.94,-1.38,6.12,31.44,9.58,0,1.70,-0.0896,-0.0323,22,0.740,0.000,0.00,0.00,15.952,0
-6.00,28.50,240.19,0.4855,-0.1703,-0.1849,0.8373,-1.62,-5.15,11.20,-9.88,31.94,49.56,12.43,0,1.70,-0.0929,-0.0289,22,0.740,0.000,0.00,0.00,15.952,0
-10.75,26.81,237.81,0.4651,-0.1972,-0.1506,0.8498,-2.37,-0.74,8.43,33.69,39.19,54.25,8.79,0,1.70,-0.0950,-0.0145,22,0.740,0.000,0.00,0.00,15.952,0
phase1 acc_mag=7.006 gravity=9.760 motion=2.754 moving_avg=1.110 rms=1.614 mean_rms=1.254 max_rms=1.614 min_rms=0.831 std=0.274 var=0.075 state=standing thr=1.802/2.002/2.502
-13.06,26.50,234.50,0.4434,-0.2072,-0.1464,0.8597,-0.07,-3.99,9.08,-3.69,1.25,7.75,9.92,0,1.70,-0.0972,-0.0136,22,0.740,0.000,0.00,0.00,15.952,0
-12.31,26.88,234.62,0.4453,-0.2029,-0.1523,0.8586,-1.12,-4.38,9.20,0.06,-5.00,-10.38,10.25,0,1.70,-0.0968,-0.0162,22,0.740,0.000,0.00,0.00,15.952,0
-12.25,26.44,234.88,0.4464,-0.2011,-0.1487,0.8592,-1.98,-3.03,8.73,19.00,-3.44,14.62,9.45,0,1.70,-0.0957,-0.0152,22,0.740,0.000,0.00,0.00,15.952,0
phase1 acc_mag=8.891 gravity=9.831 motion=0.940 moving_avg=1.276 rms=1.713 mean_rms=1.424 max_rms=1.713 min_rms=0.846 std=0.228 var=0.052 state=standing thr=1.880/2.080/2.580
-12.62,25.50,234.31,0.4428,-0.1992,-0.1408,0.8628,-2.02,-2.84,8.18,10.50,-0.06,4.25,8.89,0,1.70,-0.0937,-0.0133,22,0.740,0.000,0.00,0.00,15.952,0
-11.81,25.81,234.75,0.4466,-0.1944,-0.1472,0.8608,-1.99,-3.61,8.82,-5.06,-12.62,-7.62,9.74,0,1.70,-0.0932,-0.0160,22,0.740,0.000,0.00,0.00,15.952,0
-10.75,25.94,235.56,0.4523,-0.1884,-0.1512,0.8585,-1.79,-3.50,8.67,-0.38,-9.50,-17.00,9.52,0,1.70,-0.0921,-0.0178,22,0.740,0.000,0.00,0.00,15.952,0
-9.69,26.00,236.56,0.4613,-0.1814,-0.1553,0.8545,-1.84,-4.19,8.53,3.25,-7.56,-17.06,9.68,0,1.70,-0.0907,-0.0196,22,0.740,0.000,0.00,0.00,15.952,0
phase1 acc_mag=9.388 gravity=9.604 motion=0.217 moving_avg=0.977 rms=1.327 mean_rms=1.524 max_rms=1.713 min_rms=1.327 std=0.118 var=0.014 state=standing thr=1.760/1.960/2.460
-8.69,26.25,237.62,0.4683,-0.1771,-0.1595,0.8508,-2.38,-3.88,8.37,-3.88,-9.88,-16.81,9.53,0,1.70,-0.0901,-0.0211,22,0.740,0.000,0.00,0.00,15.952,0
-8.31,26.75,238.44,0.4738,-0.1772,-0.1639,0.8469,-1.72,-4.18,7.86,-7.06,-9.19,-14.19,9.07,0,1.70,-0.0911,-0.0219,22,0.740,0.000,0.00,0.00,15.952,0
-7.94,27.88,239.56,0.4839,-0.1827,-0.1736,0.8380,-2.04,-4.92,9.04,-25.25,13.25,-33.38,10.49,0,1.70,-0.0949,-0.0228,22,0.740,0.000,0.00,0.00,15.952,0
-7.19,29.31,242.19,0.4990,-0.1860,-0.1820,0.8266,0.34,-4.82,8.05,-7.12,-1.19,-26.81,9.39,0,1.70,-0.0978,-0.0230,22,0.740,0.000,0.00,0.00,15.952,0
phase1 acc_mag=8.625 gravity=9.727 motion=1.102 moving_avg=0.816 rms=1.101 mean_rms=1.461 max_rms=1.713 min_rms=1.054 std=0.200 var=0.040 state=standing thr=1.862/2.062/2.562
-6.69,30.44,243.31,0.5057,-0.1887,-0.1905,0.8200,0.21,-4.97,8.11,-26.06,7.12,-19.88,9.51,0,1.70,-0.1004,-0.0243,22,0.740,0.000,0.00,0.00,15.952,0
-6.81,31.00,244.19,0.5112,-0.1940,-0.1924,0.8149,-0.02,-4.71,10.06,-0.38,13.62,-16.50,11.11,0,1.70,-0.1026,-0.0231,22,0.740,0.000,0.00,0.00,15.952,0
-6.44,31.88,245.38,0.5186,-0.1969,-0.1986,0.8080,-0.19,-5.32,9.39,-13.69,-9.75,-7.25,10.79,0,1.70,-0.1048,-0.0233,22,0.740,0.000,0.00,0.00,15.952,0
phase1 acc_mag=7.911 gravity=9.872 motion=1.961 moving_avg=0.828 rms=1.124 mean_rms=1.394 max_rms=1.713 min_rms=1.054 std=0.248 var=0.061 state=standing thr=1.890/2.090/2.590
-5.38,31.94,245.06,0.5165,-0.1887,-0.2050,0.8097,0.64,-4.06,6.76,7.25,-19.88,5.38,7.91,0,1.70,-0.1035,-0.0274,22,0.740,0.000,0.00,0.00,15.952,0
-4.38,31.94,244.69,0.5142,-0.1807,-0.2105,0.8116,0.60,-4.44,7.80,-2.88,-5.81,1.75,9.00,0,1.70,-0.1020,-0.0312,22,0.740,0.000,0.00,0.00,15.952,0
-3.94,32.44,245.19,0.5171,-0.1810,-0.2157,0.8083,-0.05,-5.34,8.62,-9.25,0.31,-13.88,10.14,0,1.70,-0.1031,-0.0323,22,0.740,0.000,0.00,0.00,15.952,0
-3.44,32.62,245.75,0.5213,-0.1788,-0.2186,0.8053,0.77,-5.41,7.81,2.56,-0.25,-4.06,9.53,0,1.70,-0.1032,-0.0331,22,0.740,0.000,0.00,0.00,15.952,0
phase1 acc_mag=9.066 gravity=9.736 motion=0.671 moving_avg=0.681 rms=0.903 mean_rms=1.293 max_rms=1.713 min_rms=0.903 std=0.274 var=0.075 state=standing thr=1.840/2.040/2.540
-3.56,32.44,246.00,0.5234,-0.1802,-0.2163,0.8043,0.60,-4.90,7.37,0.62,5.44,-1.75,8.87,0,1.70,-0.1033,-0.0319,22,0.740,0.000,0.00,0.00,15.952,0
-2.50,32.75,246.81,0.5296,-0.1733,-0.2239,0.7996,0.84,-5.13,7.81,1.25,5.75,-8.19,9.38,0,1.70,-0.1028,-0.0349,22,0.740,0.000,0.00,0.00,15.952,0
-2.19,32.88,248.38,0.5389,-0.1755,-0.2228,0.7932,-0.39,-6.25,9.82,-8.19,31.00,-21.50,11.65,0,1.70,-0.1037,-0.0329,22,0.740,0.000,0.00,0.00,15.952,0
-2.69,32.81,249.81,0.5490,-0.1820,-0.2175,0.7863,-0.92,-4.87,7.71,11.06,12.44,-1.81,9.17,0,1.70,-0.1050,-0.0284,22,0.740,0.000,0.00,0.00,15.952,0
phase1 acc_mag=8.332 gravity=9.721 motion=1.388 moving_avg=0.645 rms=0.836 mean_rms=1.130 max_rms=1.708 min_rms=0.800 std=0.243 var=0.059 state=standing thr=1.617/1.817/2.317
-4.12,31.75,249.75,0.5500,-0.1884,-0.1999,0.7887,-1.21,-3.00,8.16,23.19,28.00,9.12,8.78,0,1.70,-0.1034,-0.0216,22,0.740,0.000,0.00,0.00,15.952,0
-5.75,31.12,249.81,0.5509,-0.1959,-0.1893,0.7889,-1.09,-4.43,8.83,6.31,11.69,1.50,9.94,0,1.70,-0.1035,-0.0166,22,0.740,0.000,0.00,0.00,15.952,0
-6.25,30.69,249.81,0.5512,-0.1973,-0.1836,0.7897,-2.04,-4.45,8.35,7.44,3.88,5.69,9.68,0,1.70,-0.1028,-0.0145,22,0.740,0.000,0.00,0.00,15.952,0
-6.94,29.69,248.75,0.5437,-0.1956,-0.1736,0.7975,-1.97,-3.95,8.47,16.50,1.06,23.12,9.55,0,1.70,-0.1001,-0.0128,22,0.740,0.000,0.00,0.00,15.952,0
phase1 acc_mag=9.611 gravity=9.745 motion=0.133 moving_avg=0.663 rms=0.845 mean_rms=0.988 max_rms=1.240 min_rms=0.800 std=0.131 var=0.017 state=standing thr=1.250/1.450/1.950
-8.06,28.25,246.81,0.5331,-0.1941,-0.1624,0.8074,-2.15,-3.24,8.55,12.75,4.38,25.94,9.39,0,1.70,-0.0973,-0.0110,22,0.740,0.000,0.00,0.00,15.952,0
-8.69,28.06,245.38,0.5209,-0.1956,-0.1606,0.8152,-2.26,-3.94,8.32,-5.06,-7.69,19.25,9.48,0,1.70,-0.0972,-0.0116,22,0.740,0.000,0.00,0.00,15.952,0
-8.81,28.00,243.19,0.5071,-0.1932,-0.1626,0.8240,-2.15,-4.31,8.69,2.88,-13.06,26.19,9.94,0,1.70,-0.0967,-0.0144,22,0.740,0.000,0.00,0.00,15.952,0
phase1 acc_mag=9.397 gravity=9.748 motion=0.351 moving_avg=0.553 rms=0.745 mean_rms=0.922 max_rms=1.133 min_rms=0.745 std=0.126 var=0.016 state=standing thr=1.175/1.375/1.875
-8.94,27.62,241.12,0.4904,-0.1899,-0.1630,0.8348,-1.93,-3.70,8.42,-5.44,-14.38,24.88,9.40,0,1.70,-0.0954,-0.0172,22,0.740,0.000,0.00,0.00,15.952,0
-9.50,27.88,238.31,0.4714,-0.1909,-0.1667,0.8447,-1.92,-4.02,8.15,-9.31,-13.25,32.00,9.29,0,1.70,-0.0959,-0.0203,22,0.740,0.000,0.00,0.00,15.952,0
-10.56,28.19,235.31,0.4485,-0.1964,-0.1689,0.8554,-1.82,-4.19,8.69,-9.31,-6.00,38.62,9.82,0,1.70,-0.0975,-0.0226,22,0.740,0.000,0.00,0.00,15.952,0
-11.31,28.50,232.44,0.4265,-0.1990,-0.1727,0.8652,-1.79,-4.30,8.24,-10.44,-11.31,39.94,9.47,0,1.70,-0.0984,-0.0258,22,0.740,0.000,0.00,0.00,15.952,0
phase1 acc_mag=9.723 gravity=9.669 motion=0.054 moving_avg=0.402 rms=0.586 mean_rms=0.835 max_rms=1.133 min_rms=0.586 std=0.118 var=0.014 state=standing thr=1.071/1.271/1.771
-11.62,28.94,229.50,0.4036,-0.1982,-0.1794,0.8750,-1.61,-4.77,8.10,-13.44,-17.44,39.06,9.54,0,1.70,-0.0984,-0.0308,22,0.740,0.000,0.00,0.00,15.952,0
-11.75,29.19,227.00,0.3843,-0.1964,-0.1850,0.8829,-1.63,-4.96,8.21,-14.12,-15.00,32.56,9.73,0,1.70,-0.0978,-0.0351,22,0.740,0.000,0.00,0.00,15.952,0
-11.56,29.81,225.00,0.3663,-0.1932,-0.1951,0.8890,-1.64,-5.42,8.42,-12.38,-14.56,19.62,10.15,0,1.70,-0.0973,-0.0411,22,0.740,0.000,0.00,0.00,15.952,0
-11.81,30.25,223.25,0.3541,-0.1938,-0.1995,0.8929,-1.71,-5.11,8.31,-4.31,-4.06,31.12,9.90,0,1.70,-0.0975,-0.0438,22,0.740,0.000,0.00,0.00,15.952,0
phase1 acc_mag=9.319 gravity=9.711 motion=0.392 moving_avg=0.359 rms=0.546 mean_rms=0.746 max_rms=0.908 min_rms=0.546 std=0.118 var=0.014 state=standing thr=0.981/1.181/1.681
-12.94,29.94,221.25,0.3365,-0.1999,-0.1957,0.8992,-1.69,-3.92,8.32,-3.06,6.12,27.44,9.35,0,1.70,-0.0982,-0.0435,22,0.740,0.000,0.00,0.00,15.952,0
-13.62,29.94,219.56,0.3251,-0.2015,-0.1962,0.9029,-1.93,-4.07,8.42,-10.69,-6.81,24.88,9.55,0,1.70,-0.0983,-0.0447,22,0.740,0.000,0.00,0.00,15.952,0
-13.69,29.56,217.75,0.3110,-0.1978,-0.1965,0.9086,-1.92,-4.13,8.59,-7.19,-10.50,22.38,9.72,0,1.70,-0.0963,-0.0468,22,0.740,0.000,0.00,0.00,15.952,0
-13.25,30.06,216.69,0.3023,-0.1933,-0.2051,0.9106,-1.74,-5.04,9.17,-15.38,-12.50,-4.44,10.61,0,1.70,-0.0952,-0.0513,22,0.740,0.000,0.00,0.00,15.952,0
phase1 acc_mag=10.147 gravity=9.715 motion=0.431 moving_avg=0.258 rms=0.319 mean_rms=0.661 max_rms=0.847 min_rms=0.309 std=0.159 var=0.025 state=standing thr=0.979/1.179/1.679
-12.00,30.69,217.06,0.3052,-0.1860,-0.2121,0.9095,-1.55,-4.90,8.26,-3.38,-16.56,-11.88,9.73,0,1.70,-0.0936,-0.0545,22,0.740,0.000,0.00,0.00,15.952,0
-11.31,30.94,217.44,0.3089,-0.1812,-0.2166,0.9082,-2.29,-4.88,8.49,-1.56,-2.12,-9.38,10.06,0,1.70,-0.0926,-0.0563,22,0.740,0.000,0.00,0.00,15.952,0
-10.88,31.00,217.94,0.3124,-0.1791,-0.2171,0.9073,-1.66,-4.37,8.10,1.25,-0.56,-5.88,9.35,0,1.70,-0.0921,-0.0564,22,0.740,0.000,0.00,0.00,15.952,0
-10.62,31.06,218.44,0.3161,-0.1780,-0.2179,0.9061,-1.64,-4.59,8.04,0.38,-1.31,-9.56,9.40,0,1.70,-0.0921,-0.0565,22,0.740,0.000,0.00,0.00,15.952,0
phase1 acc_mag=9.262 gravity=9.703 motion=0.441 moving_avg=0.267 rms=0.324 mean_rms=0.550 max_rms=0.845 min_rms=0.309 std=0.175 var=0.031 state=standing thr=0.900/1.100/1.600
-10.25,31.31,218.94,0.3199,-0.1764,-0.2203,0.9044,-1.31,-4.87,7.70,-3.88,-1.94,-5.31,9.20,0,1.70,-0.0920,-0.0571,22,0.740,0.000,0.00,0.00,15.952,0
-10.19,31.56,219.06,0.3210,-0.1772,-0.2227,0.9033,-1.46,-5.27,8.02,-3.00,2.12,-2.44,9.71,0,1.70,-0.0926,-0.0577,22,0.740,0.000,0.00,0.00,15.952,0
-10.12,31.69,219.56,0.3246,-0.1779,-0.2228,0.9019,-1.35,-4.92,7.92,2.81,1.94,-4.00,9.42,0,1.70,-0.0931,-0.0573,22,0.740,0.000,0.00,0.00,15.952,0
-10.19,31.75,219.75,0.3261,-0.1790,-0.2228,0.9011,-1.79,-5.27,8.14,-3.38,5.00,-8.31,9.86,0,1.70,-0.0936,-0.0569,22,0.740,0.000,0.00,0.00,15.952,0
phase1 acc_mag=9.749 gravity=9.694 motion=0.055 moving_avg=0.262 rms=0.323 mean_rms=0.457 max_rms=0.747 min_rms=0.309 std=0.140 var=0.020 state=standing thr=0.738/0.938/1.438
-10.00,32.06,220.38,0.3306,-0.1799,-0.2250,0.8987,-0.19,-5.93,7.86,-1.00,4.56,-13.44,9.85,0,1.70,-0.0944,-0.0571,22,0.740,0.000,0.00,0.00,15.952,0
-9.94,32.25,220.81,0.3340,-0.1807,-0.2260,0.8970,-0.68,-6.34,8.21,-3.69,6.62,-2.69,10.40,0,1.70,-0.0950,-0.0570,22,0.740,0.000,0.00,0.00,15.952,0
-10.19,32.00,220.81,0.3345,-0.1807,-0.2228,0.8976,-0.65,-5.24,7.75,9.69,-8.19,-6.50,9.38,0,1.70,-0.0947,-0.0558,22,0.740,0.000,0.00,0.00,15.952,0
-9.44,31.31,220.62,0.3332,-0.1734,-0.2211,0.9000,-0.78,-5.18,8.13,8.31,-14.06,12.12,9.67,0,1.70,-0.0919,-0.0565,22,0.740,0.000,0.00,0.00,15.952,0
phase1 acc_mag=10.118 gravity=9.735 motion=0.384 moving_avg=0.305 rms=0.370 mean_rms=0.396 max_rms=0.568 min_rms=0.309 std=0.098 var=0.010 state=standing thr=0.592/0.792/1.292
-9.00,30.69,219.31,0.3228,-0.1634,-0.2199,0.9059,-1.79,-4.89,8.28,0.06,-26.12,8.50,9.78,0,1.70,-0.0876,-0.0586,22,0.740,0.000,0.00,0.00,15.952,0
-7.94,30.19,218.12,0.3149,-0.1527,-0.2207,0.9104,-1.59,-4.42,7.62,1.56,-12.62,9.44,8.95,0,1.70,-0.0834,-0.0611,22,0.740,0.000,0.00,0.00,15.952,0
-7.94,30.25,217.81,0.3116,-0.1526,-0.2219,0.9113,-0.98,-5.10,8.41,-3.19,5.94,7.00,9.88,0,1.70,-0.0833,-0.0618,22,0.740,0.000,0.00,0.00,15.952,0
phase1 acc_mag=9.928 gravity=9.704 motion=0.223 moving_avg=0.317 rms=0.399 mean_rms=0.363 max_rms=0.547 min_rms=0.309 std=0.057 var=0.003 state=standing thr=0.477/0.677/1.177
-8.50,30.12,217.25,0.3077,-0.1557,-0.2198,0.9125,-1.34,-5.28,8.30,7.81,0.00,9.62,9.93,0,1.70,-0.0839,-0.0611,22,0.740,0.000,0.00,0.00,15.952,0
-9.25,29.50,216.25,0.3000,-0.1580,-0.2139,0.9161,-1.09,-4.53,8.24,3.50,5.06,12.88,9.47,0,1.70,-0.0836,-0.0594,22,0.740,0.000,0.00,0.00,15.952,0
-9.56,29.12,215.69,0.2955,-0.1585,-0.2100,0.9184,-1.51,-4.41,8.50,2.50,-4.94,6.69,9.69,0,1.70,-0.0831,-0.0584,22,0.740,0.000,0.00,0.00,15.952,0
-9.50,28.81,215.06,0.2909,-0.1557,-0.2090,0.9206,-1.47,-4.82,8.26,-0.19,-3.31,5.06,9.68,0,1.70,-0.0817,-0.0588,22,0.740,0.000,0.00,0.00,15.952,0
phase1 acc_mag=9.819 gravity=9.659 motion=0.160 moving_avg=0.281 rms=0.364 mean_rms=0.357 max_rms=0.416 min_rms=0.311 std=0.033 var=0.001 state=standing thr=0.423/0.623/1.123
-9.62,28.44,214.75,0.2883,-0.1556,-0.2058,0.9221,-1.35,-4.25,8.38,5.50,1.81,5.88,9.49,0,1.70,-0.0811,-0.0580,22,0.740,0.000,0.00,0.00,15.952,0
-9.88,28.25,214.56,0.2872,-0.1566,-0.2041,0.9227,-1.68,-4.38,8.35,1.06,0.19,2.38,9.58,0,1.70,-0.0812,-0.0573,22,0.740,0.000,0.00,0.00,15.952,0
-10.00,28.12,214.19,0.2845,-0.1569,-0.2034,0.9236,-1.55,-4.20,8.17,1.19,1.69,5.50,9.32,0,1.70,-0.0811,-0.0573,22,0.740,0.000,0.00,0.00,15.952,0
-10.56,27.94,213.62,0.2798,-0.1603,-0.2006,0.9251,-1.47,-3.78,8.54,2.88,4.69,9.50,9.45,0,1.70,-0.0818,-0.0563,22,0.740,0.000,0.00,0.00,15.952,0
phase1 acc_mag=9.314 gravity=9.648 motion=0.334 moving_avg=0.261 rms=0.351 mean_rms=0.365 max_rms=0.416 min_rms=0.323 std=0.027 var=0.001 state=standing thr=0.419/0.619/1.119
-11.19,27.88,213.38,0.2776,-0.1658,-0.1984,0.9252,-2.02,-2.54,9.02,0.50,10.50,3.12,9.59,0,1.70,-0.0834,-0.0550,22,0.740,0.000,0.00,0.00,15.952,0
-12.00,28.19,212.81,0.2726,-0.1711,-0.1993,0.9255,-1.88,-3.57,8.52,-4.62,3.94,9.19,9.43,0,1.70,-0.0851,-0.0551,22,0.740,0.000,0.00,0.00,15.952,0
-12.50,28.62,212.38,0.2682,-0.1765,-0.2026,0.9251,-1.70,-4.10,8.70,-9.12,4.81,6.69,9.77,0,1.70,-0.0871,-0.0560,22,0.740,0.000,0.00,0.00,15.952,0
-12.88,29.19,211.94,0.2648,-0.1796,-0.2059,0.9248,-1.05,-4.05,8.53,-8.69,1.38,7.56,9.50,0,1.70,-0.0882,-0.0572,22,0.740,0.000,0.00,0.00,15.952,0
phase1 acc_mag=9.499 gravity=9.656 motion=0.156 moving_avg=0.265 rms=0.351 mean_rms=0.370 max_rms=0.416 min_rms=0.328 std=0.021 var=0.000 state=standing thr=0.412/0.612/1.112
-13.19,29.88,211.81,0.2635,-0.1838,-0.2103,0.9233,-1.73,-3.84,8.52,-10.88,3.81,0.69,9.50,0,1.70,-0.0901,-0.0583,22,0.740,0.000,0.00,0.00,15.952,0
-13.00,29.94,211.94,0.2645,-0.1833,-0.2127,0.9225,-1.54,-3.64,8.49,-15.19,3.00,-2.31,9.36,0,1.70,-0.0902,-0.0591,22,0.740,0.000,0.00,0.00,15.952,0
-12.56,31.50,212.62,0.2690,-0.1841,-0.2239,0.9185,-1.09,-4.53,9.18,-17.75,-6.19,-16.06,10.29,0,1.70,-0.0917,-0.0625,22,0.740,0.000,0.00,0.00,15.952,0
phase1 acc_mag=10.891 gravity=9.645 motion=1.245 moving_avg=0.267 rms=0.364 mean_rms=0.362 max_rms=0.416 min_rms=0.309 std=0.029 var=0.001 state=standing thr=0.420/0.620/1.120
-11.56,32.75,214.00,0.2820,-0.1822,-0.2363,0.9119,-2.39,-5.35,9.18,-16.19,5.19,-32.69,10.89,0,1.70,-0.0931,-0.0657,22,0.740,0.000,0.00,0.00,15.952,0
-9.50,34.12,216.69,0.3002,-0.1740,-0.2482,0.9044,-1.93,-5.84,6.74,-0.50,-7.81,-22.44,9.12,0,1.70,-0.0928,-0.0689,22,0.740,0.000,0.00,0.00,15.952,0
-8.06,34.38,218.06,0.3109,-0.1656,-0.2534,0.9009,0.00,-6.01,7.24,-8.88,-10.06,-17.88,9.41,0,1.70,-0.0912,-0.0707,22,0.740,0.000,0.00,0.00,15.952,0
-8.00,35.44,218.69,0.3151,-0.1694,-0.2609,0.8967,-1.08,-6.23,7.85,-5.44,7.81,-4.06,10.08,0,1.70,-0.0936,-0.0722,22,0.740,0.000,0.00,0.00,15.952,0
phase1 acc_mag=10.037 gravity=9.731 motion=0.306 moving_avg=0.386 rms=0.602 mean_rms=0.384 max_rms=0.602 min_rms=0.309 std=0.072 var=0.005 state=slow thr=0.529/0.729/1.229
-8.06,35.56,218.81,0.3164,-0.1706,-0.2616,0.8958,-1.06,-5.39,7.05,-0.38,3.81,-8.38,8.94,0,1.70,-0.0942,-0.0721,22,0.740,0.000,0.00,0.00,15.952,0
-7.44,35.88,220.06,0.3253,-0.1691,-0.2640,0.8921,-0.23,-5.85,7.38,-3.69,1.88,-20.19,9.42,0,1.70,-0.0947,-0.0722,22,0.740,0.000,0.00,0.00,15.952,0
-7.56,36.06,220.56,0.3293,-0.1724,-0.2643,0.8900,-0.32,-6.13,7.47,2.62,5.81,3.12,9.67,0,1.70,-0.0962,-0.0714,22,0.740,0.000,0.00,0.00,15.952,0
-7.75,35.94,220.81,0.3312,-0.1738,-0.2627,0.8895,0.23,-4.93,7.39,4.31,4.50,-6.38,8.89,0,1.70,-0.0966,-0.0704,22,0.740,0.000,0.00,0.00,15.952,0
phase1 acc_mag=9.895 gravity=9.685 motion=0.210 moving_avg=0.436 rms=0.641 mean_rms=0.433 max_rms=0.641 min_rms=0.309 std=0.122 var=0.015 state=standing thr=0.678/0.878/1.378
-7.75,36.06,221.75,0.3384,-0.1760,-0.2618,0.8865,-0.31,-5.81,7.65,5.06,7.31,-6.75,9.61,0,1.70,-0.0979,-0.0690,22,0.740,0.000,0.00,0.00,15.952,0
-8.31,35.44,221.81,0.3394,-0.1799,-0.2531,0.8879,0.28,-5.29,7.93,16.31,12.19,7.56,9.54,0,1.70,-0.0983,-0.0655,22,0.740,0.000,0.00,0.00,15.952,0
-9.31,33.88,221.25,0.3361,-0.1811,-0.2401,0.8925,-0.04,-5.05,8.54,26.62,-3.12,15.88,9.92,0,1.70,-0.0969,-0.0614,22,0.740,0.000,0.00,0.00,15.952,0
-9.25,31.88,220.12,0.3282,-0.1707,-0.2250,0.9014,0.16,-5.34,7.75,29.62,-16.50,21.38,9.41,0,1.70,-0.0911,-0.0587,22,0.740,0.000,0.00,0.00,15.952,0
phase1 acc_mag=12.129 gravity=9.706 motion=2.424 moving_avg=0.466 rms=0.687 mean_rms=0.497 max_rms=0.687 min_rms=0.309 std=0.139 var=0.019 state=standing thr=0.776/0.976/1.476
-9.38,31.88,222.38,0.3466,-0.1777,-0.2229,0.8937,-3.59,-8.27,8.30,3.38,-2.00,-25.62,12.25,0,1.70,-0.0944,-0.0550,22,0.740,0.000,0.00,0.00,15.952,0
-9.75,30.00,222.12,0.3449,-0.1754,-0.2036,0.8994,-1.33,-4.48,5.09,27.69,18.25,25.25,6.91,0,1.70,-0.0912,-0.0490,22,0.740,0.000,0.00,0.00,15.952,0
-11.50,28.62,221.62,0.3431,-0.1837,-0.1909,0.9012,-2.79,-6.10,8.45,-0.88,19.50,-9.12,10.79,0,1.70,-0.0924,-0.0436,22,0.740,0.000,0.00,0.00,15.952,0
phase1 acc_mag=10.059 gravity=9.812 motion=0.247 moving_avg=0.827 rms=1.282 mean_rms=0.685 max_rms=1.282 min_rms=0.309 std=0.301 var=0.090 state=standing thr=1.286/1.486/1.986
-11.31,28.38,222.62,0.3535,-0.1832,-0.1873,0.8980,-3.16,-5.23,7.99,4.31,13.50,-27.31,10.06,0,1.70,-0.0923,-0.0414,22,0.740,0.000,0.00,0.00,15.952,0
-11.81,27.81,225.19,0.3737,-0.1904,-0.1757,0.8906,-2.54,-3.64,8.25,16.38,32.06,-24.38,9.37,0,1.70,-0.0941,-0.0341,22,0.740,0.000,0.00,0.00,15.952,0
-12.88,27.38,228.19,0.3947,-0.2006,-0.1649,0.8813,-2.43,-3.95,8.37,16.25,23.06,-33.06,9.57,0,1.70,-0.0968,-0.0265,22,0.740,0.000,0.00,0.00,15.952,0
-12.56,27.31,231.69,0.4215,-0.2025,-0.1595,0.8694,-2.07,-4.04,7.81,11.88,16.12,-48.12,9.03,0,1.70,-0.0973,-0.0213,22,0.740,0.000,0.00,0.00,15.952,0
phase1 acc_mag=9.597 gravity=9.695 motion=0.098 moving_avg=0.759 rms=1.241 mean_rms=0.871 max_rms=1.283 min_rms=0.414 std=0.318 var=0.101 state=standing thr=1.506/1.706/2.206
-12.00,27.50,235.81,0.4523,-0.2050,-0.1562,0.8538,-2.05,-4.60,8.39,11.25,23.00,-63.56,9.79,0,1.70,-0.0983,-0.0163,22,0.740,0.000,0.00,0.00,15.952,0
-11.62,27.69,239.81,0.4866,-0.2092,-0.1510,0.8347,-1.98,-4.61,8.62,12.31,27.50,-56.12,9.97,0,1.70,-0.0992,-0.0097,22,0.740,0.000,0.00,0.00,15.952,0
-11.62,27.88,244.00,0.5164,-0.2156,-0.1447,0.8160,-2.26,-4.12,8.53,8.12,29.12,-55.06,9.74,0,1.70,-0.1003,-0.0027,22,0.740,0.000,0.00,0.00,15.952,0
-11.81,28.31,248.31,0.5421,-0.2231,-0.1394,0.7981,-2.04,-4.35,8.32,-7.31,31.69,-53.88,9.61,0,1.70,-0.1014,0.0039,22,0.740,0.000,0.00,0.00,15.952,0
phase1 acc_mag=10.023 gravity=9.697 motion=0.325 moving_avg=0.642 rms=1.161 mean_rms=0.999 max_rms=1.283 min_rms=0.627 std=0.287 var=0.082 state=standing thr=1.573/1.773/2.273
-11.56,29.19,252.75,0.5760,-0.2321,-0.1389,0.7714,-1.89,-4.12,8.59,-6.38,20.62,-72.06,9.71,0,1.70,-0.1036,0.0106,22,0.740,0.000,0.00,0.00,15.952,0
-10.19,30.75,258.62,0.6086,-0.2379,-0.1443,0.7431,-1.70,-4.34,8.59,-4.62,22.69,-68.56,9.77,0,1.70,-0.1058,0.0150,22,0.740,0.000,0.00,0.00,15.952,0
-9.00,31.06,263.56,0.6449,-0.2374,-0.1443,0.7120,-1.88,-4.06,8.63,6.00,14.44,-69.31,9.72,0,1.70,-0.1048,0.0202,22,0.740,0.000,0.00,0.00,15.952,0
-7.44,33.12,270.81,0.6812,-0.2496,-0.1508,0.6714,-6.71,-8.91,10.05,-57.44,57.06,-127.38,15.01,0,1.70,-0.1081,0.0275,22,0.740,0.000,0.00,0.00,15.952,0
phase1 acc_mag=11.231 gravity=9.840 motion=1.392 moving_avg=0.721 rms=1.365 mean_rms=1.117 max_rms=1.365 min_rms=0.641 std=0.217 var=0.047 state=standing thr=1.552/1.752/2.252
-4.19,35.88,277.81,0.7197,-0.2575,-0.1740,0.6208,1.40,-8.23,10.17,-5.56,-8.81,-92.12,13.16,0,1.70,-0.1140,0.0309,22,0.740,0.000,0.00,0.00,15.952,0
-4.69,35.56,281.19,0.7397,-0.2629,-0.1604,0.5984,-1.82,-5.37,5.33,1.50,23.88,-78.94,7.78,0,1.70,-0.1104,0.0394,23,0.731,0.000,0.00,0.00,16.684,0
-0.69,37.00,289.94,0.7766,-0.2637,-0.1770,0.5442,-0.62,-7.91,6.95,-30.31,26.31,-133.12,10.55,0,1.70,-0.1124,0.0434,23,0.731,0.000,0.00,0.00,16.684,0
0.69,38.06,296.25,0.8028,-0.2736,-0.1780,0.4990,-0.48,-7.21,7.78,-4.75,40.62,-23.31,10.62,0,1.70,-0.1118,0.0523,23,0.731,0.000,0.00,0.00,16.684,0
phase1 acc_mag=8.968 gravity=9.655 motion=0.687 moving_avg=0.837 rms=1.429 mean_rms=1.300 max_rms=1.692 min_rms=1.145 std=0.167 var=0.028 state=standing thr=1.633/1.833/2.333
-0.81,38.00,297.94,0.8104,-0.2831,-0.1612,0.4870,0.40,-6.62,6.73,-0.56,28.12,-30.00,9.45,0,1.70,-0.1074,0.0604,23,0.731,0.000,0.00,0.00,16.684,0
0.00,37.81,301.38,0.8287,-0.2831,-0.1578,0.4562,0.48,-6.20,6.62,3.94,34.81,-82.81,9.08,0,1.70,-0.1040,0.0651,23,0.731,0.000,0.00,0.00,16.684,0
2.12,36.69,308.62,0.8553,-0.2750,-0.1542,0.4112,-0.38,-5.70,6.08,19.69,21.88,-79.75,8.34,0,1.70,-0.0980,0.0687,23,0.731,0.000,0.00,0.00,16.684,0
2.75,36.44,313.81,0.8735,-0.2774,-0.1459,0.3724,-0.23,-7.90,9.46,-7.88,62.88,-82.50,12.33,0,1.70,-0.0923,0.0752,23,0.731,0.000,0.00,0.00,16.684,0
phase1 acc_mag=13.198 gravity=9.755 motion=3.443 moving_avg=0.868 rms=1.437 mean_rms=1.319 max_rms=1.692 min_rms=1.147 std=0.167 var=0.028 state=standing thr=1.652/1.852/2.352
1.69,34.12,319.12,0.8958,-0.2694,-0.1172,0.3334,0.45,-5.55,7.41,45.62,56.44,-35.06,9.27,0,1.70,-0.0779,0.0809,23,0.731,0.000,0.00,0.00,16.684,0
0.88,31.75,322.25,0.9125,-0.2551,-0.0944,0.3054,0.24,-2.32,5.76,36.81,33.19,-52.06,6.21,0,1.70,-0.0656,0.0816,23,0.731,0.000,0.00,0.00,16.684,0
0.50,30.69,326.50,0.9233,-0.2523,-0.0809,0.2779,0.44,-5.54,8.39,9.81,46.75,-46.31,10.06,0,1.70,-0.0579,0.0842,23,0.731,0.000,0.00,0.00,16.684,0
-0.44,29.75,330.38,0.9344,-0.2493,-0.0616,0.2466,0.21,-5.78,9.45,18.06,38.19,-33.62,11.08,0,1.70,-0.0476,0.0871,23,0.731,0.000,0.00,0.00,16.684,0
phase1 acc_mag=10.581 gravity=9.714 motion=0.867 moving_avg=1.033 rms=1.566 mean_rms=1.373 max_rms=1.692 min_rms=1.147 std=0.180 var=0.033 state=standing thr=1.733/1.933/2.433
-1.81,28.12,333.38,0.9438,-0.2405,-0.0401,0.2233,-0.20,-3.83,8.21,24.75,39.81,-14.62,9.06,0,1.70,-0.0366,0.0872,23,0.731,0.000,0.00,0.00,16.684,0
-3.06,27.25,335.94,0.9507,-0.2361,-0.0184,0.2002,-0.60,-4.51,9.63,11.06,41.75,-16.06,10.65,0,1.70,-0.0259,0.0883,23,0.731,0.000,0.00,0.00,16.684,0
-3.81,25.94,337.75,0.9556,-0.2267,-0.0095,0.1879,-0.23,-5.79,7.64,21.56,-21.62,-19.88,9.59,0,1.70,-0.0207,0.0859,23,0.731,0.000,0.00,0.00,16.684,0
-3.19,23.94,337.69,0.9601,-0.2073,-0.0113,0.1874,0.08,-4.66,6.52,25.88,8.94,-15.06,8.01,0,1.70,-0.0199,0.0788,23,0.731,0.000,0.00,0.00,16.684,0
phase1 acc_mag=9.748 gravity=9.744 motion=0.004 moving_avg=1.136 rms=1.613 mean_rms=1.460 max_rms=1.692 min_rms=1.147 std=0.160 var=0.025 state=standing thr=1.779/1.979/2.479
-2.31,23.00,341.25,0.9677,-0.1987,-0.0131,0.1548,-1.57,-5.27,6.83,20.56,-9.31,-57.31,8.77,0,1.70,-0.0174,0.0761,23,0.731,0.000,0.00,0.00,16.684,0
-1.88,22.19,346.25,0.9741,-0.1932,-0.0063,0.1174,-1.20,-5.46,9.38,-5.94,44.00,-79.56,10.92,0,1.70,-0.0115,0.0750,23,0.731,0.000,0.00,0.00,16.684,0
-2.94,21.88,350.69,0.9785,-0.1907,0.0128,0.0772,-1.49,-4.66,9.65,0.06,22.81,-17.81,10.82,0,1.70,-0.0009,0.0750,23,0.731,0.000,0.00,0.00,16.684,0
phase1 acc_mag=8.264 gravity=9.520 motion=1.256 moving_avg=1.011 rms=1.291 mean_rms=1.517 max_rms=1.692 min_rms=1.291 std=0.117 var=0.014 state=standing thr=1.752/1.952/2.452
-4.00,20.94,353.94,0.9814,-0.1832,0.0260,0.0516,-1.55,-3.63,7.26,17.88,35.56,-55.38,8.26,0,1.70,0.0064,0.0724,23,0.731,0.000,0.00,0.00,16.684,0
-4.50,20.69,359.12,0.9829,-0.1798,0.0388,0.0070,-0.91,-5.25,8.60,-5.31,27.06,-69.38,10.12,0,1.70,0.0147,0.0708,23,0.731,0.000,0.00,0.00,16.684,0
-4.81,21.06,5.25,0.9808,-0.1801,0.0536,-0.0526,-1.69,-4.29,8.83,7.62,41.50,-81.31,9.96,0,1.70,0.0248,0.0695,23,0.731,0.000,0.00,0.00,16.684,0
-5.75,21.62,12.06,0.9755,-0.1809,0.0706,-0.1032,-2.02,-3.77,8.28,-0.56,45.25,-77.88,9.32,0,1.70,0.0350,0.0677,23,0.731,0.000,0.00,0.00,16.684,0
phase1 acc_mag=9.420 gravity=9.604 motion=0.184 moving_avg=0.852 rms=1.094 mean_rms=1.428 max_rms=1.641 min_rms=1.094 std=0.182 var=0.033 state=standing thr=1.792/1.992/2.492
-6.69,22.50,18.00,0.9655,-0.1829,0.0923,-0.1610,-1.60,-3.91,8.54,-6.19,51.56,-81.62,9.53,0,1.70,0.0474,0.0647,23,0.731,0.000,0.00,0.00,16.684,0
-7.69,23.81,25.19,0.9528,-0.1849,0.1121,-0.2132,-1.61,-3.57,8.45,-2.31,44.69,-82.44,9.31,0,1.70,0.0585,0.0609,23,0.731,0.000,0.00,0.00,16.684,0
-7.56,24.88,32.00,0.9365,-0.1873,0.1245,-0.2691,-1.42,-3.63,8.89,0.50,25.81,-76.81,9.71,0,1.70,0.0668,0.0567,23,0.731,0.000,0.00,0.00,16.684,0
-6.31,25.75,37.38,0.9221,-0.1920,0.1249,-0.3119,-2.07,-4.51,8.85,-4.06,12.94,-77.44,10.15,0,1.70,0.0700,0.0552,23,0.731,0.000,0.00,0.00,16.684,0
phase1 acc_mag=9.694 gravity=9.612 motion=0.081 moving_avg=0.671 rms=0.914 mean_rms=1.356 max_rms=1.641 min_rms=0.912 std=0.249 var=0.062 state=standing thr=1.854/2.054/2.554
-4.81,27.12,42.31,0.9056,-0.2026,0.1254,-0.3508,-2.38,-5.89,9.06,-19.19,3.44,-69.81,11.07,0,1.70,0.0738,0.0558,23,0.731,0.000,0.00,0.00,16.684,0
-1.88,28.31,46.31,0.8894,-0.2203,0.1099,-0.3851,0.44,-6.68,6.49,-12.94,-17.69,-53.94,9.32,0,1.70,0.0731,0.0615,23,0.731,0.000,0.00,0.00,16.684,0
0.06,28.94,49.69,0.8784,-0.2274,0.1046,-0.4072,-0.66,-5.76,8.26,-8.50,4.31,-40.62,10.09,0,1.70,0.0738,0.0628,23,0.731,0.000,0.00,0.00,16.684,0
1.06,29.00,52.25,0.8691,-0.2291,0.1017,-0.4264,-0.46,-5.17,8.14,4.75,7.62,-46.00,9.65,0,1.70,0.0744,0.0623,23,0.731,0.000,0.00,0.00,16.684,0
phase1 acc_mag=9.153 gravity=9.791 motion=0.638 moving_avg=0.581 rms=0.757 mean_rms=1.194 max_rms=1.641 min_rms=0.757 std=0.309 var=0.095 state=standing thr=1.812/2.012/2.512
1.38,29.38,53.94,0.8619,-0.2319,0.1041,-0.4387,-0.16,-5.00,7.21,-9.88,3.25,-10.88,8.78,0,1.70,0.0766,0.0617,23,0.731,0.000,0.00,0.00,16.684,0
1.69,30.00,53.44,0.8628,-0.2394,0.1016,-0.4335,0.75,-5.44,7.90,-9.88,-18.44,14.12,9.62,0,1.70,0.0766,0.0650,23,0.731,0.000,0.00,0.00,16.684,0
2.50,30.44,52.38,0.8660,-0.2466,0.0945,-0.4246,0.60,-6.00,7.85,-2.88,-21.00,13.44,9.90,0,1.70,0.0746,0.0694,23,0.731,0.000,0.00,0.00,16.684,0
3.06,31.00,50.81,0.8699,-0.2534,0.0895,-0.4136,0.91,-5.71,7.68,-4.00,-16.44,19.56,9.61,0,1.70,0.0731,0.0733,23,0.731,0.000,0.00,0.00,16.684,0
phase1 acc_mag=9.490 gravity=9.714 motion=0.224 moving_avg=0.482 rms=0.650 mean_rms=1.017 max_rms=1.641 min_rms=0.650 std=0.281 var=0.079 state=standing thr=1.580/1.780/2.280
3.56,31.38,49.00,0.8754,-0.2596,0.0827,-0.3994,0.88,-5.60,7.60,-3.12,-19.94,23.75,9.48,0,1.70,0.0704,0.0777,23,0.731,0.000,0.00,0.00,16.684,0
3.69,31.75,46.88,0.8819,-0.2641,0.0779,-0.3827,0.72,-5.19,7.72,-2.06,-20.75,37.88,9.33,0,1.70,0.0679,0.0812,23,0.731,0.000,0.00,0.00,16.684,0
3.50,32.62,42.44,0.8942,-0.2733,0.0715,-0.3472,0.95,-5.41,7.38,-5.62,-33.44,59.69,9.20,0,1.70,0.0635,0.0878,23,0.731,0.000,0.00,0.00,16.684,0
phase1 acc_mag=9.293 gravity=9.689 motion=0.396 moving_avg=0.398 rms=0.541 mean_rms=0.836 max_rms=1.127 min_rms=0.541 std=0.195 var=0.038 state=standing thr=1.226/1.426/1.926
3.12,33.25,37.81,0.9080,-0.2800,0.0653,-0.3048,0.99,-5.37,7.52,-1.06,-26.88,60.81,9.29,0,1.70,0.0579,0.0937,23,0.731,0.000,0.00,0.00,16.684,0
0.75,34.25,30.31,0.9222,-0.2862,0.0704,-0.2502,-0.09,-5.57,7.67,-9.69,-26.69,91.88,9.48,0,1.70,0.0546,0.0985,23,0.731,0.000,0.00,0.00,16.684,0
-0.25,34.12,23.00,0.9387,-0.2866,0.0590,-0.1825,0.31,-6.34,7.38,10.81,-48.12,89.12,9.73,0,1.70,0.0431,0.1033,23,0.731,0.000,0.00,0.00,16.684,0
-1.75,32.50,13.00,0.9536,-0.2766,0.0476,-0.1087,2.01,-8.16,8.07,3.19,-36.44,188.44,11.65,0,1.70,0.0302,0.1034,23,0.731,0.000,0.00,0.00,16.684,0
phase1 acc_mag=16.396 gravity=9.714 motion=6.683 moving_avg=0.542 rms=1.002 mean_rms=0.728 max_rms=1.083 min_rms=0.512 std=0.169 var=0.029 state=standing thr=1.066/1.266/1.766
-5.25,33.31,5.12,0.9564,-0.2839,0.0598,-0.0316,-5.14,-8.23,10.95,-9.69,-52.81,124.19,14.63,0,1.70,0.0265,0.1079,23,0.731,0.000,0.00,0.00,16.684,0
-8.50,31.88,355.56,0.9583,-0.2754,0.0669,0.0369,-4.45,-1.15,3.20,5.56,-20.12,132.69,5.60,0,1.70,0.0216,0.1066,24,0.769,0.000,0.00,0.00,17.453,0
-10.81,32.19,346.50,0.9494,-0.2822,0.0630,0.1225,-3.52,-7.00,8.51,-20.31,-54.38,107.62,11.57,0,1.70,0.0101,0.1103,24,0.769,0.000,0.00,0.00,17.453,0
-10.50,31.12,338.06,0.9421,-0.2781,0.0430,0.1826,-2.08,-3.30,7.95,-5.44,-54.56,89.31,8.86,0,1.70,-0.0041,0.1079,24,0.769,0.000,0.00,0.00,17.453,0
phase1 acc_mag=9.273 gravity=9.636 motion=0.363 moving_avg=0.887 rms=1.660 mean_rms=0.848 max_rms=1.686 min_rms=0.512 std=0.387 var=0.150 state=slow thr=1.622/1.822/2.322
-10.38,31.31,333.50,0.9323,-0.2811,0.0283,0.2262,-3.79,-4.40,8.40,-11.75,-49.75,69.00,10.21,0,1.70,-0.0149,0.1074,24,0.769,0.000,0.00,0.00,17.453,0
-9.88,31.69,327.12,0.9196,-0.2845,0.0099,0.2710,-2.24,-4.33,7.74,-28.31,-50.38,68.62,9.15,0,1.70,-0.0272,0.1057,24,0.769,0.000,0.00,0.00,17.453,0
-9.56,33.00,320.19,0.8987,-0.2941,-0.0135,0.3250,-3.24,-5.00,7.73,-38.31,-65.50,88.12,9.76,0,1.70,-0.0431,0.1040,24,0.769,0.000,0.00,0.00,17.453,0
-8.06,34.88,313.25,0.8703,-0.3028,-0.0558,0.3844,-0.69,-5.64,7.81,-37.81,-83.75,66.38,9.66,0,1.70,-0.0660,0.0968,24,0.769,0.000,0.00,0.00,17.453,0
phase1 acc_mag=10.069 gravity=9.683 motion=0.386 moving_avg=0.864 rms=1.659 mean_rms=1.043 max_rms=1.686 min_rms=0.512 std=0.508 var=0.258 state=standing thr=2.059/2.259/2.759
-5.38,36.25,305.69,0.8448,-0.2990,-0.0973,0.4330,-0.03,-4.66,7.20,-25.75,-85.00,65.56,8.58,0,1.70,-0.0847,0.0842,24,0.769,0.000,0.00,0.00,17.453,0
-4.12,38.06,300.81,0.8194,-0.3028,-0.1296,0.4691,-1.28,-4.72,7.77,-24.94,-31.56,35.44,9.18,0,1.70,-0.0993,0.0749,24,0.769,0.000,0.00,0.00,17.453,0
-3.50,39.50,297.50,0.8044,-0.3054,-0.1472,0.4879,-0.07,-3.80,7.04,-8.56,-44.19,37.19,8.00,0,1.70,-0.1070,0.0695,24,0.769,0.000,0.00,0.00,17.453,0
phase1 acc_mag=8.896 gravity=9.575 motion=0.679 moving_avg=0.948 rms=1.694 mean_rms=1.253 max_rms=1.694 min_rms=0.512 std=0.520 var=0.271 state=standing thr=2.294/2.494/2.994
-2.50,40.44,295.44,0.7922,-0.3033,-0.1682,0.5021,-0.94,-5.51,6.92,-16.25,-42.56,8.31,8.90,0,1.70,-0.1142,0.0623,24,0.769,0.000,0.00,0.00,17.453,0
0.25,42.19,293.06,0.7772,-0.2954,-0.2021,0.5175,-1.20,-6.28,7.90,30.25,-49.56,26.25,10.16,0,1.70,-0.1240,0.0500,24,0.769,0.000,0.00,0.00,17.453,0
1.12,40.38,289.38,0.7659,-0.2757,-0.2086,0.5421,-2.21,-5.95,8.88,18.06,-53.56,42.44,10.92,0,1.70,-0.1237,0.0392,24,0.769,0.000,0.00,0.00,17.453,0
1.00,39.94,283.50,0.7322,-0.2619,-0.2198,0.5891,-2.22,-6.43,6.35,0.69,-52.62,102.25,9.31,0,1.70,-0.1261,0.0249,24,0.769,0.000,0.00,0.00,17.453,0
phase1 acc_mag=8.978 gravity=9.935 motion=0.956 moving_avg=1.221 rms=2.049 mean_rms=1.541 max_rms=2.049 min_rms=0.512 std=0.455 var=0.207 state=standing thr=2.452/2.652/3.152
-0.56,40.25,275.56,0.6956,-0.2588,-0.2269,0.6306,0.12,-6.43,6.34,-12.50,-54.19,88.00,9.03,0,1.70,-0.1284,0.0148,24,0.769,0.000,0.00,0.00,17.453,0
-0.88,40.88,269.38,0.6534,-0.2510,-0.2438,0.6712,0.25,-7.95,6.10,-5.94,-48.44,80.38,10.02,0,1.70,-0.1311,0.0002,24,0.769,0.000,0.00,0.00,17.453,0
-2.75,40.62,261.50,0.6119,-0.2464,-0.2461,0.7101,-1.26,-7.23,5.72,4.38,-38.69,92.56,9.30,0,1.70,-0.1302,-0.0096,24,0.769,0.000,0.00,0.00,17.453,0
-5.38,39.56,252.69,0.5574,-0.2404,-0.2422,0.7568,-1.65,-5.81,6.08,11.38,-36.75,97.12,8.57,0,1.70,-0.1268,-0.0197,24,0.769,0.000,0.00,0.00,17.453,0
phase1 acc_mag=9.250 gravity=9.717 motion=0.467 moving_avg=1.022 rms=1.666 mean_rms=1.790 max_rms=2.056 min_rms=1.343 std=0.182 var=0.033 state=standing thr=2.154/2.354/2.854
-6.88,39.31,246.69,0.5098,-0.2374,-0.2453,0.7897,-1.36,-6.65,5.43,-13.25,-39.19,89.00,8.69,0,1.70,-0.1250,-0.0291,24,0.769,0.000,0.00,0.00,17.453,0
-9.06,38.81,239.06,0.4636,-0.2355,-0.2451,0.8182,-1.62,-6.61,5.52,12.00,-37.94,89.19,8.76,0,1.70,-0.1225,-0.0365,24,0.769,0.000,0.00,0.00,17.453,0
-10.69,37.75,232.44,0.4109,-0.2288,-0.2423,0.8486,-1.02,-6.00,6.81,2.69,-32.69,71.56,9.13,0,1.70,-0.1175,-0.0447,24,0.769,0.000,0.00,0.00,17.453,0
phase1 acc_mag=15.613 gravity=9.940 motion=5.674 moving_avg=0.997 rms=1.648 mean_rms=1.745 max_rms=2.056 min_rms=1.337 std=0.236 var=0.055 state=standing thr=2.216/2.416/2.916
-12.62,37.62,227.31,0.3782,-0.2337,-0.2432,0.8621,-2.90,-8.81,12.56,-17.56,-22.56,60.69,15.61,0,1.70,-0.1174,-0.0485,24,0.769,0.000,0.00,0.00,17.453,0
-15.06,36.19,221.75,0.3362,-0.2367,-0.2336,0.8812,-2.31,-5.43,5.42,0.50,-31.19,85.50,8.01,0,1.70,-0.1148,-0.0505,24,0.769,0.000,0.00,0.00,17.453,0
-13.94,34.38,216.31,0.2958,-0.2111,-0.2346,0.9016,-1.67,-5.28,8.04,-6.06,-47.38,21.00,9.76,0,1.70,-0.1039,-0.0596,24,0.769,0.000,0.00,0.00,17.453,0
-12.56,34.62,214.12,0.2756,-0.1931,-0.2465,0.9088,-1.98,-5.38,8.40,-7.44,-36.50,19.44,10.17,0,1.70,-0.0974,-0.0683,24,0.769,0.000,0.00,0.00,17.453,0
phase1 acc_mag=9.289 gravity=9.891 motion=0.601 moving_avg=1.173 rms=1.800 mean_rms=1.767 max_rms=2.056 min_rms=1.337 std=0.233 var=0.054 state=standing thr=2.233/2.433/2.933
-12.44,34.06,210.81,0.2527,-0.1862,-0.2472,0.9167,-2.06,-3.77,7.94,-4.12,-11.62,36.06,9.03,0,1.70,-0.0933,-0.0718,24,0.769,0.000,0.00,0.00,17.453,0
-12.88,33.94,208.62,0.2335,-0.1838,-0.2488,0.9218,-1.80,-3.73,8.26,-2.44,-16.31,18.06,9.24,0,1.70,-0.0910,-0.0746,24,0.769,0.000,0.00,0.00,17.453,0
-12.25,34.44,206.81,0.2203,-0.1762,-0.2570,0.9243,-1.95,-4.20,8.16,-18.69,-23.25,14.06,9.38,0,1.70,-0.0878,-0.0795,24,0.769,0.000,0.00,0.00,17.453,0
phase1 acc_mag=9.971 gravity=9.901 motion=0.070 moving_avg=1.110 rms=1.706 mean_rms=1.790 max_rms=2.056 min_rms=1.337 std=0.229 var=0.052 state=standing thr=2.248/2.448/2.948
-11.81,34.62,204.75,0.2039,-0.1686,-0.2630,0.9278,-1.44,-4.28,8.89,-1.94,-21.06,26.25,9.97,0,1.70,-0.0840,-0.0839,24,0.769,0.000,0.00,0.00,17.453,0
-10.88,34.00,203.25,0.1923,-0.1555,-0.2627,0.9326,-3.17,-7.24,9.51,-15.25,-4.38,-9.12,12.37,0,1.70,-0.0782,-0.0860,24,0.769,0.000,0.00,0.00,17.453,0
-10.00,34.69,203.62,0.1948,-0.1498,-0.2697,0.9310,-1.36,-8.85,8.88,1.31,-11.38,4.25,12.61,0,1.70,-0.0768,-0.0888,24,0.769,0.000,0.00,0.00,17.453,0
-9.56,34.06,202.06,0.1827,-0.1414,-0.2681,0.9353,-0.11,-5.92,6.73,-1.50,-22.50,22.19,8.96,0,1.70,-0.0725,-0.0900,24,0.769,0.000,0.00,0.00,17.453,0
phase1 acc_mag=8.744 gravity=9.882 motion=1.139 moving_avg=1.117 rms=1.611 mean_rms=1.696 max_rms=2.056 min_rms=1.337 std=0.213 var=0.045 state=standing thr=2.121/2.321/2.821
-8.88,34.50,201.38,0.1769,-0.1343,-0.2739,0.9357,-0.83,-5.08,6.07,-12.62,-15.00,-8.19,7.96,0,1.70,-0.0696,-0.0930,24,0.769,0.000,0.00,0.00,17.453,0
-7.81,35.50,201.94,0.1812,-0.1284,-0.2835,0.9329,-0.50,-5.52,5.31,-5.75,-11.25,-5.31,7.68,0,1.70,-0.0684,-0.0965,25,0.751,0.000,0.00,0.00,18.204,0
-7.38,36.25,200.94,0.1730,-0.1223,-0.2933,0.9323,0.05,-6.72,7.36,-18.19,-10.81,-9.00,9.97,0,1.70,-0.0659,-0.1009,25,0.751,0.000,0.00,0.00,18.204,0
-7.31,37.44,201.06,0.1728,-0.1246,-0.3016,0.9293,-0.44,-6.63,7.55,-8.69,11.06,0.81,10.06,0,1.70,-0.0672,-0.1035,25,0.751,0.000,0.00,0.00,18.204,0
phase1 acc_mag=9.792 gravity=9.761 motion=0.031 moving_avg=1.208 rms=1.679 mean_rms=1.641 max_rms=1.806 min_rms=1.337 std=0.157 var=0.025 state=standing thr=1.954/2.154/2.654
-7.62,37.44,201.06,0.1732,-0.1281,-0.3008,0.9291,0.14,-6.05,7.43,3.19,4.31,-3.88,9.58,0,1.70,-0.0684,-0.1029,25,0.751,0.000,0.00,0.00,18.204,0
-8.00,37.06,201.06,0.1733,-0.1307,-0.2969,0.9299,0.41,-5.80,7.51,7.44,7.38,6.00,9.50,0,1.70,-0.0692,-0.1014,25,0.751,0.000,0.00,0.00,18.204,0
-7.38,36.06,201.50,0.1772,-0.1241,-0.2896,0.9324,0.68,-5.63,7.65,24.25,0.94,4.62,9.52,0,1.70,-0.0668,-0.0992,25,0.751,0.000,0.00,0.00,18.204,0
-7.44,33.50,201.00,0.1742,-0.1188,-0.2693,0.9397,0.74,-5.26,7.83,44.06,-9.88,11.44,9.46,0,1.70,-0.0634,-0.0929,25,0.751,0.000,0.00,0.00,18.204,0
phase1 acc_mag=9.207 gravity=9.575 motion=0.368 moving_avg=0.946 rms=1.330 mean_rms=1.685 max_rms=1.806 min_rms=1.330 std=0.108 var=0.012 state=standing thr=1.902/2.102/2.602
-7.81,32.31,202.31,0.1855,-0.1234,-0.2578,0.9402,-2.21,-9.29,11.67,-10.44,45.75,-34.56,15.08,0,1.70,-0.0655,-0.0878,25,0.751,0.000,0.00,0.00,18.204,0
-7.56,31.06,205.69,0.2158,-0.1271,-0.2388,0.9382,-2.52,-9.37,12.41,53.88,16.88,-7.62,15.75,0,1.70,-0.0683,-0.0786,25,0.751,0.000,0.00,0.00,18.204,0
-9.19,28.56,205.31,0.2110,-0.1335,-0.2195,0.9431,-1.07,-3.99,6.08,13.81,-13.50,11.88,7.35,0,1.70,-0.0689,-0.0715,26,0.804,1.236,92.17,1.54,19.008,0
-8.19,28.12,207.25,0.2284,-0.1286,-0.2173,0.9402,-0.85,-3.81,5.87,8.50,-1.25,-38.31,7.05,0,1.70,-0.0682,-0.0700,26,0.804,1.236,92.17,1.54,19.008,0
phase1 acc_mag=7.872 gravity=9.738 motion=1.865 moving_avg=1.447 rms=2.123 mean_rms=1.694 max_rms=2.123 min_rms=1.287 std=0.172 var=0.030 state=slow thr=2.038/2.238/2.738
-7.75,29.06,211.50,0.2624,-0.1349,-0.2208,0.9296,-2.78,-4.93,8.56,-8.56,44.69,-68.31,10.26,0,1.70,-0.0734,-0.0680,26,0.804,1.236,92.17,1.54,19.008,0
-7.69,29.94,216.75,0.3100,-0.1481,-0.2200,0.9130,-2.72,-6.05,8.90,9.88,35.75,-66.06,11.10,0,1.70,-0.0814,-0.0620,26,0.804,1.236,92.17,1.54,19.008,0
-8.00,29.38,222.06,0.3467,-0.1579,-0.2090,0.9006,-0.83,-4.76,7.49,8.31,37.12,-67.62,8.91,0,1.70,-0.0859,-0.0534,26,0.804,1.236,92.17,1.54,19.008,0
phase1 acc_mag=9.952 gravity=9.855 motion=0.096 moving_avg=1.517 rms=2.158 mean_rms=1.769 max_rms=2.160 min_rms=1.287 std=0.253 var=0.064 state=standing thr=2.275/2.475/2.975
-7.69,30.06,227.81,0.3977,-0.1689,-0.2075,0.8776,-1.78,-5.32,8.22,-6.19,34.19,-86.00,9.95,0,1.70,-0.0923,-0.0460,26,0.804,1.236,92.17,1.54,19.008,0
-6.31,31.19,236.00,0.4520,-0.1768,-0.2094,0.8489,-1.59,-4.58,8.63,1.25,36.19,-78.12,9.90,0,1.70,-0.0979,-0.0391,26,0.804,1.236,92.17,1.54,19.008,0
-6.00,32.44,242.75,0.4995,-0.1918,-0.2094,0.8185,-1.48,-4.07,8.33,-8.38,39.75,-75.81,9.39,0,1.70,-0.1046,-0.0302,26,0.804,1.236,92.17,1.54,19.008,0
-3.31,33.50,249.25,0.5442,-0.1889,-0.2193,0.7875,-0.16,-3.86,8.07,15.88,13.81,-80.25,8.95,0,1.70,-0.1072,-0.0280,26,0.804,1.236,92.17,1.54,19.008,0
phase1 acc_mag=10.435 gravity=9.697 motion=0.737 moving_avg=1.290 rms=1.985 mean_rms=1.870 max_rms=2.160 min_rms=1.287 std=0.245 var=0.060 state=standing thr=2.360/2.560/3.060
-0.69,34.06,256.12,0.5897,-0.1863,-0.2266,0.7524,-1.35,-5.80,8.96,-6.19,25.62,-115.00,10.76,0,1.70,-0.1095,-0.0243,26,0.804,1.236,92.17,1.54,19.008,0
-0.38,34.19,261.75,0.6307,-0.1961,-0.2213,0.7175,-3.28,-6.47,8.75,-10.88,47.38,-99.81,11.37,0,1.70,-0.1121,-0.0140,26,0.804,1.236,92.17,1.54,19.008,0
2.88,34.19,268.50,0.6671,-0.1862,-0.2289,0.6841,3.44,-6.67,5.36,20.88,16.94,-28.25,9.22,0,1.70,-0.1120,-0.0129,26,0.804,1.236,92.17,1.54,19.008,0
3.69,34.44,274.25,0.6999,-0.1938,-0.2260,0.6492,0.67,-6.59,7.43,-5.25,41.69,-85.69,9.95,0,1.70,-0.1136,-0.0044,26,0.804,1.236,92.17,1.54,19.008,0
phase1 acc_mag=9.723 gravity=10.030 motion=0.307 moving_avg=1.326 rms=2.035 mean_rms=1.937 max_rms=2.160 min_rms=1.287 std=0.228 var=0.052 state=standing thr=2.392/2.592/3.092
3.94,34.06,279.12,0.7316,-0.2006,-0.2153,0.6150,-0.06,-4.77,6.89,4.50,50.31,-61.81,8.38,0,1.70,-0.1123,0.0057,26,0.804,1.236,92.17,1.54,19.008,0
3.56,34.06,283.94,0.7529,-0.2104,-0.2063,0.5885,1.01,-5.27,7.22,-9.06,39.12,-52.25,9.00,0,1.70,-0.1117,0.0148,26,0.804,1.236,92.17,1.54,19.008,0
3.44,34.56,288.06,0.7750,-0.2234,-0.1991,0.5566,0.92,-5.68,7.33,-10.44,34.69,-44.69,9.32,0,1.70,-0.1115,0.0249,26,0.804,1.236,92.17,1.54,19.008,0
3.25,34.94,291.94,0.7901,-0.2320,-0.1928,0.5336,1.19,-6.04,7.37,-0.62,30.12,-34.88,9.60,0,1.70,-0.1104,0.0322,26,0.804,1.236,92.17,1.54,19.008,0
phase1 acc_mag=9.692 gravity=9.954 motion=0.261 moving_avg=1.346 rms=2.015 mean_rms=2.032 max_rms=2.160 min_rms=1.366 std=0.131 var=0.017 state=standing thr=2.294/2.494/2.994
3.19,34.56,295.38,0.8097,-0.2358,-0.1819,0.5057,0.60,-5.89,7.82,5.38,38.88,-58.00,9.81,0,1.70,-0.1066,0.0396,26,0.804,1.236,92.17,1.54,19.008,0
2.81,33.69,298.56,0.8248,-0.2355,-0.1679,0.4860,0.91,-5.16,7.48,15.38,29.94,-29.38,9.13,0,1.70,-0.1012,0.0451,26,0.804,1.236,92.17,1.54,19.008,0
2.12,32.19,301.62,0.8387,-0.2327,-0.1523,0.4682,1.48,-5.35,8.14,22.50,28.38,-29.25,9.85,0,1.70,-0.0947,0.0496,26,0.804,1.236,92.17,1.54,19.008,0
2.00,30.38,303.88,0.8516,-0.2228,-0.1396,0.4535,0.61,-5.24,7.08,34.62,13.62,-17.12,8.83,0,1.70,-0.0880,0.0506,26,0.804,1.236,92.17,1.54,19.008,0
phase1 acc_mag=8.316 gravity=9.830 motion=1.514 moving_avg=0.721 rms=0.996 mean_rms=1.889 max_rms=2.160 min_rms=0.983 std=0.357 var=0.128 state=standing thr=2.604/2.804/3.304
1.62,28.00,304.69,0.8595,-0.2076,-0.1252,0.4500,-0.37,-7.39,11.27,17.75,58.50,-28.31,13.48,0,1.70,-0.0804,0.0488,26,0.804,1.236,92.17,1.54,19.008,0
0.25,26.75,307.38,0.8739,-0.2029,-0.1027,0.4296,-0.49,-4.02,6.69,48.31,10.38,-23.75,7.82,0,1.70,-0.0708,0.0533,26,0.804,1.236,92.17,1.54,19.008,0
-0.44,24.81,309.19,0.8823,-0.1962,-0.0884,0.4187,0.24,-5.56,8.12,5.12,32.31,-24.44,9.84,0,1.70,-0.0640,0.0544,26,0.804,1.236,92.17,1.54,19.008,0
-0.50,24.38,313.50,0.8982,-0.1961,-0.0787,0.3854,-1.56,-4.75,6.92,4.62,16.50,-59.12,8.54,0,1.70,-0.0585,0.0583,26,0.804,1.236,92.17,1.54,19.008,0
phase1 acc_mag=9.063 gravity=9.883 motion=0.820 moving_avg=0.922 rms=1.333 mean_rms=1.702 max_rms=2.138 min_rms=0.983 std=0.405 var=0.164 state=standing thr=2.511/2.711/3.211
-0.44,24.31,317.62,0.9138,-0.1995,-0.0703,0.3466,-1.37,-4.77,8.82,-6.06,46.19,-72.25,10.12,0,1.70,-0.0534,0.0632,26,0.804,1.236,92.17,1.54,19.008,0
-1.50,24.62,323.38,0.9274,-0.2068,-0.0540,0.3069,-1.83,-4.98,8.65,-1.06,52.31,-89.81,10.15,0,1.70,-0.0454,0.0701,26,0.804,1.236,92.17,1.54,19.008,0
-1.94,24.75,330.31,0.9463,-0.2124,-0.0354,0.2412,-0.99,-4.61,7.67,2.31,49.12,-98.00,9.00,0,1.70,-0.0339,0.0770,26,0.804,1.236,92.17,1.54,19.008,0
-2.62,25.25,339.00,0.9593,-0.2193,-0.0165,0.1772,-1.27,-4.98,8.37,-2.56,57.75,-102.31,9.82,0,1.70,-0.0219,0.0830,26,0.804,0.000,0.00,0.00,19.008,0
phase1 acc_mag=9.924 gravity=9.819 motion=0.106 moving_avg=0.887 rms=1.313 mean_rms=1.559 max_rms=2.060 min_rms=0.983 std=0.389 var=0.152 state=standing thr=2.338/2.538/3.038
-2.75,26.00,347.38,0.9682,-0.2262,0.0002,0.1069,-1.47,-5.06,8.45,-5.62,52.88,-110.06,9.96,0,1.70,-0.0096,0.0876,26,0.804,0.000,0.00,0.00,19.008,0
-3.00,26.94,354.94,0.9712,-0.2349,0.0201,0.0342,-1.74,-4.75,8.35,-10.69,54.88,-87.00,9.76,0,1.70,0.0046,0.0915,26,0.804,0.000,0.00,0.00,19.008,0
-3.62,27.75,3.06,0.9699,-0.2389,0.0394,-0.0260,-1.15,-4.51,8.23,0.75,47.19,-72.56,9.45,0,1.70,0.0178,0.0923,26,0.804,0.000,0.00,0.00,19.008,0
phase1 acc_mag=9.751 gravity=9.655 motion=0.096 moving_avg=0.706 rms=1.110 mean_rms=1.374 max_rms=2.060 min_rms=0.983 std=0.327 var=0.107 state=standing thr=2.029/2.229/2.729
-3.88,29.12,9.19,0.9628,-0.2495,0.0570,-0.0863,-0.72,-4.65,8.54,-10.69,48.69,-99.25,9.75,0,1.70,0.0306,0.0941,26,0.804,0.000,0.00,0.00,19.008,0
-3.69,32.00,18.69,0.9453,-0.2695,0.0805,-0.1655,-1.74,-7.30,8.34,-39.56,53.50,-101.75,11.22,0,1.70,0.0483,0.0966,26,0.804,0.000,0.00,0.00,19.008,0
-2.81,35.06,25.06,0.9305,-0.2884,0.0906,-0.2069,-1.18,-7.80,7.13,-39.00,21.38,-52.88,10.63,0,1.70,0.0576,0.0998,26,0.804,0.000,0.00,0.00,19.008,0
-1.94,36.56,27.31,0.9209,-0.3026,0.0912,-0.2281,-0.98,-5.94,6.38,-19.06,-0.62,-48.38,8.77,0,1.70,0.0612,0.1031,26,0.804,0.000,0.00,0.00,19.008,0
phase1 acc_mag=9.703 gravity=9.752 motion=0.050 moving_avg=0.845 rms=1.226 mean_rms=1.215 max_rms=1.429 min_rms=0.983 std=0.109 var=0.012 state=standing thr=1.433/1.633/2.133
0.00,37.12,31.25,0.9127,-0.3070,0.0858,-0.2556,-0.74,-6.67,6.34,7.69,6.25,-56.06,9.23,0,1.70,0.0627,0.1033,26,0.804,0.000,0.00,0.00,19.008,0
2.25,37.75,34.44,0.9021,-0.3177,0.0743,-0.2825,0.69,-8.15,7.20,-25.69,-14.12,-36.19,10.90,0,1.70,0.0627,0.1062,26,0.804,0.000,0.00,0.00,19.008,0
3.38,37.81,35.12,0.9014,-0.3185,0.0677,-0.2854,1.65,-5.47,6.99,4.88,-0.56,-5.25,9.03,0,1.70,0.0608,0.1071,26,0.804,0.000,0.00,0.00,19.008,0
3.94,37.44,36.38,0.8991,-0.3144,0.0645,-0.2977,0.44,-6.75,6.85,18.00,1.69,-26.56,9.63,0,1.70,0.0606,0.1054,26,0.804,0.000,0.00,0.00,19.008,0
phase1 acc_mag=9.905 gravity=9.727 motion=0.179 moving_avg=0.773 rms=1.076 mean_rms=1.233 max_rms=1.336 min_rms=1.076 std=0.077 var=0.006 state=standing thr=1.388/1.588/2.088
5.06,34.50,35.56,0.9083,-0.2962,0.0461,-0.2918,1.58,-6.19,7.59,64.00,-29.44,26.25,9.92,0,1.70,0.0513,0.1022,26,0.804,0.000,0.00,0.00,19.008,0
5.25,30.75,33.56,0.9234,-0.2645,0.0270,-0.2769,2.94,-5.89,6.97,46.25,-33.81,11.50,9.59,0,1.70,0.0393,0.0947,27,0.712,0.000,0.00,0.00,19.720,0
4.56,26.62,31.31,0.9362,-0.2325,0.0225,-0.2626,2.50,-2.58,7.15,65.44,18.88,76.19,8.00,0,1.70,0.0328,0.0847,27,0.712,0.000,0.00,0.00,19.720,0
phase1 acc_mag=10.128 gravity=9.649 motion=0.479 moving_avg=0.731 rms=1.037 mean_rms=1.161 max_rms=1.336 min_rms=0.823 std=0.131 var=0.017 state=standing thr=1.422/1.622/2.122
2.56,24.88,27.56,0.9499,-0.2125,0.0292,-0.2274,0.82,-6.13,8.02,25.19,-7.19,67.38,10.13,0,1.70,0.0304,0.0781,27,0.712,0.000,0.00,0.00,19.720,0
2.06,20.19,22.94,0.9647,-0.1757,0.0168,-0.1957,2.44,-5.59,11.71,51.88,-13.81,69.44,13.20,0,1.70,0.0203,0.0665,27,0.712,0.000,0.00,0.00,19.720,0
0.75,18.75,19.31,0.9725,-0.1619,0.0207,-0.1657,-2.02,-7.02,9.92,15.75,3.31,83.44,12.32,0,1.70,0.0188,0.0616,27,0.712,0.000,0.00,0.00,19.720,0
0.75,15.81,14.69,0.9822,-0.1376,0.0109,-0.1271,-0.90,-3.48,9.32,57.69,-22.75,45.19,9.99,0,1.70,0.0113,0.0535,27,0.712,0.000,0.00,0.00,19.720,0
phase1 acc_mag=9.317 gravity=9.885 motion=0.568 moving_avg=0.921 rms=1.283 mean_rms=1.134 max_rms=1.283 min_rms=0.823 std=0.115 var=0.013 state=standing thr=1.363/1.563/2.063
1.19,13.62,12.38,0.9870,-0.1192,0.0023,-0.1075,-0.70,-2.36,8.40,17.19,-12.12,8.81,8.75,0,1.70,0.0060,0.0470,27,0.712,0.000,0.00,0.00,19.720,0
0.44,12.06,12.12,0.9888,-0.1050,0.0073,-0.1055,-1.08,-0.78,6.58,15.06,20.75,9.56,6.71,0,1.70,0.0073,0.0412,28,0.691,1.393,120.97,2.02,20.411,0
-1.38,9.56,14.31,0.9877,-0.0792,0.0266,-0.1321,1.99,3.09,10.57,31.94,56.38,-93.38,11.19,0,1.70,0.0147,0.0299,28,0.691,1.393,120.97,2.02,20.411,0
-3.06,7.88,17.69,0.9854,-0.0637,0.0374,-0.1539,-1.10,-1.32,9.44,2.50,22.94,-51.50,9.60,0,1.70,0.0186,0.0228,28,0.691,1.393,120.97,2.02,20.411,0
phase1 acc_mag=9.184 gravity=9.739 motion=0.556 moving_avg=1.149 rms=1.506 mean_rms=1.195 max_rms=1.523 min_rms=0.823 std=0.173 var=0.030 state=standing thr=1.540/1.740/2.240
-3.12,7.12,17.88,0.9854,-0.0570,0.0363,-0.1565,-0.76,-1.82,9.46,3.94,-8.00,-12.44,9.66,0,1.70,0.0179,0.0202,28,0.691,1.393,120.97,2.02,20.411,0
-2.94,7.44,19.62,0.9828,-0.0596,0.0369,-0.1705,-0.06,-2.31,8.81,-14.19,6.62,-23.81,9.11,0,1.70,0.0186,0.0209,28,0.691,1.393,120.97,2.02,20.411,0
-4.56,8.94,21.94,0.9780,-0.0689,0.0541,-0.1896,-0.34,-1.02,9.11,-24.38,28.81,-76.75,9.17,0,1.70,0.0264,0.0229,28,0.691,1.393,120.97,2.02,20.411,0
-5.00,11.81,27.38,0.9637,-0.0929,0.0688,-0.2407,0.08,-0.96,9.29,-41.00,17.12,-72.12,9.34,0,1.70,0.0355,0.0292,28,0.691,1.393,120.97,2.02,20.411,0
phase1 acc_mag=9.803 gravity=9.572 motion=0.231 moving_avg=1.047 rms=1.434 mean_rms=1.249 max_rms=1.523 min_rms=0.823 std=0.202 var=0.041 state=standing thr=1.653/1.853/2.353
-5.06,14.75,30.56,0.9556,-0.1119,0.0771,-0.2615,-1.81,-2.99,9.31,-29.88,-2.88,-38.31,9.94,0,1.70,0.0412,0.0347,28,0.691,1.393,120.97,2.02,20.411,0
-5.56,16.00,27.38,0.9621,-0.1249,0.0787,-0.2292,-3.47,-7.34,11.40,-17.00,-33.19,58.38,14.00,0,1.70,0.0418,0.0409,28,0.691,1.393,120.97,2.02,20.411,0
-2.38,15.31,25.25,0.9665,-0.1257,0.0449,-0.2193,-1.13,-0.82,6.41,19.25,-63.38,-7.56,6.56,0,1.70,0.0284,0.0446,28,0.691,1.393,120.97,2.02,20.411,0
-0.19,17.88,32.56,0.9482,-0.1512,0.0451,-0.2758,-2.33,-5.14,8.92,-26.56,-12.31,12.62,10.56,0,1.70,0.0338,0.0524,29,0.764,1.109,87.08,1.45,21.175,0
phase1 acc_mag=9.930 gravity=9.702 motion=0.229 moving_avg=1.404 rms=1.934 mean_rms=1.367 max_rms=1.935 min_rms=0.823 std=0.294 var=0.087 state=standing thr=1.956/2.156/2.656
-0.62,16.75,23.44,0.9686,-0.1417,0.0355,-0.2014,-1.59,-2.98,9.22,6.44,-37.75,137.69,9.82,0,1.70,0.0252,0.0521,29,0.764,1.109,87.08,1.45,21.175,0
-0.81,17.25,17.31,0.9785,-0.1478,0.0291,-0.1411,0.12,-4.28,8.68,-5.38,-24.62,95.44,9.68,0,1.70,0.0197,0.0562,29,0.764,1.109,87.08,1.45,21.175,0
-0.69,17.69,11.31,0.9833,-0.1525,0.0217,-0.0975,-0.40,-3.91,8.61,-8.69,-28.00,39.56,9.46,0,1.70,0.0145,0.0591,29,0.764,1.109,87.08,1.45,21.175,0
phase1 acc_mag=9.356 gravity=9.783 motion=0.427 moving_avg=1.227 rms=1.787 mean_rms=1.555 max_rms=1.935 min_rms=1.041 std=0.254 var=0.065 state=standing thr=2.064/2.264/2.764
-0.62,18.31,6.38,0.9860,-0.1593,0.0141,-0.0469,-0.36,-3.85,8.52,-4.31,-25.06,95.94,9.36,0,1.70,0.0086,0.0626,29,0.764,1.109,87.08,1.45,21.175,0
-1.31,19.06,356.69,0.9857,-0.1658,0.0073,0.0282,-0.38,-3.60,8.32,-9.19,-25.50,105.44,9.07,0,1.70,0.0010,0.0655,29,0.764,1.109,87.08,1.45,21.175,0
-2.25,19.62,348.81,0.9805,-0.1716,0.0037,0.0956,-0.57,-4.07,8.50,-7.00,-21.44,111.25,9.44,0,1.70,-0.0051,0.0674,29,0.764,1.109,87.08,1.45,21.175,0
-3.56,19.50,340.12,0.9685,-0.1724,0.0014,0.1799,-0.64,-4.66,8.30,-5.94,-26.56,121.25,9.54,0,1.70,-0.0119,0.0669,29,0.764,1.109,87.08,1.45,21.175,0
phase1 acc_mag=9.285 gravity=9.499 motion=0.214 moving_avg=0.989 rms=1.603 mean_rms=1.645 max_rms=1.935 min_rms=1.292 std=0.186 var=0.035 state=standing thr=2.018/2.218/2.718
-4.25,19.12,331.44,0.9551,-0.1702,-0.0042,0.2426,-1.48,-4.24,8.63,-1.88,-36.94,131.44,9.73,0,1.70,-0.0181,0.0646,29,0.764,1.109,87.08,1.45,21.175,0
-4.94,19.50,322.38,0.9292,-0.1745,-0.0133,0.3256,-4.79,-5.29,14.22,-10.69,-20.50,101.31,15.91,0,1.70,-0.0277,0.0631,29,0.764,1.109,87.08,1.45,21.175,0
-7.62,17.31,311.94,0.9011,-0.1641,0.0007,0.4013,-4.74,-1.67,7.30,17.31,-3.06,114.75,8.86,0,1.70,-0.0261,0.0593,29,0.764,1.109,87.08,1.45,21.175,0
-8.12,15.88,303.69,0.8657,-0.1537,-0.0029,0.4763,-1.22,-1.95,7.99,-3.88,-43.38,133.56,8.31,0,1.70,-0.0303,0.0527,29,0.764,1.109,87.08,1.45,21.175,0
phase1 acc_mag=8.946 gravity=9.749 motion=0.803 moving_avg=1.082 rms=1.757 mean_rms=1.690 max_rms=1.935 min_rms=1.432 std=0.163 var=0.027 state=standing thr=2.016/2.216/2.716
-7.88,15.31,295.88,0.8380,-0.1492,-0.0113,0.5247,-1.14,-2.03,8.51,-6.44,-24.00,104.00,8.82,0,1.70,-0.0351,0.0476,29,0.764,1.109,87.08,1.45,21.175,0
-8.06,14.94,289.06,0.8013,-0.1463,-0.0176,0.5798,-3.10,-2.53,9.50,-7.69,-17.38,85.69,10.31,0,1.70,-0.0396,0.0428,29,0.764,1.109,87.08,1.45,21.175,0
-8.31,14.06,282.25,0.7709,-0.1407,-0.0189,0.6209,-1.55,-1.52,8.57,7.19,-19.31,85.56,8.84,0,1.70,-0.0408,0.0387,29,0.764,1.109,87.08,1.45,21.175,0
-8.06,13.19,277.44,0.7448,-0.1328,-0.0216,0.6536,-1.50,-0.94,8.98,0.31,-28.19,76.25,9.15,0,1.70,-0.0411,0.0339,29,0.764,1.109,87.08,1.45,21.175,0
phase1 acc_mag=9.310 gravity=9.807 motion=0.496 moving_avg=1.100 rms=1.764 mean_rms=1.754 max_rms=1.935 min_rms=1.452 std=0.107 var=0.011 state=standing thr=1.967/2.167/2.667
-7.38,13.44,272.00,0.7130,-0.1293,-0.0342,0.6884,-1.92,-2.01,9.33,-19.81,-27.50,67.81,9.74,0,1.70,-0.0454,0.0274,29,0.764,1.109,87.08,1.45,21.175,0
-6.69,13.81,267.69,0.6823,-0.1245,-0.0479,0.7188,-1.45,-2.22,9.09,-14.31,-34.50,69.81,9.47,0,1.70,-0.0489,0.0202,29,0.764,1.109,87.08,1.45,21.175,0
-5.38,14.38,262.81,0.6555,-0.1186,-0.0622,0.7432,-1.17,-2.18,8.93,-10.38,-24.81,56.75,9.27,0,1.70,-0.0516,0.0126,29,0.764,1.109,87.08,1.45,21.175,0
-4.88,15.06,259.38,0.6299,-0.1172,-0.0751,0.7641,-0.63,-2.09,9.57,-21.25,-15.94,39.31,9.82,0,1.70,-0.0547,0.0066,29,0.764,1.109,87.08,1.45,21.175,0
phase1 acc_mag=9.825 gravity=9.613 motion=0.212 moving_avg=0.667 rms=1.162 mean_rms=1.645 max_rms=1.933 min_rms=1.162 std=0.205 var=0.042 state=standing thr=2.055/2.255/2.755
-4.25,16.25,256.81,0.6149,-0.1174,-0.0871,0.7749,-0.93,-2.49,9.29,-16.62,-24.00,28.50,9.66,0,1.70,-0.0578,0.0019,29,0.764,1.109,87.08,1.45,21.175,0
-3.06,17.25,254.75,0.5987,-0.1125,-0.1048,0.7861,0.03,-1.95,8.62,-20.44,-21.62,15.62,8.84,0,1.70,-0.0605,-0.0060,29,0.764,1.109,87.08,1.45,21.175,0
-1.56,18.00,254.25,0.5961,-0.1059,-0.1166,0.7873,0.23,-2.13,8.69,-23.88,-24.38,0.06,8.95,0,1.70,-0.0611,-0.0115,29,0.764,1.109,87.08,1.45,21.175,0
0.44,19.31,255.00,0.6017,-0.0992,-0.1373,0.7806,-0.13,-2.57,10.12,-18.75,-4.06,-21.44,10.44,0,1.70,-0.0640,-0.0190,29,0.764,1.109,87.08,1.45,21.175,0
phase1 acc_mag=10.176 gravity=9.554 motion=0.621 moving_avg=0.725 rms=1.190 mean_rms=1.508 max_rms=1.764 min_rms=1.161 std=0.248 var=0.062 state=standing thr=2.004/2.204/2.704
1.38,19.62,256.06,0.6072,-0.0955,-0.1423,0.7758,0.57,-6.42,11.21,74.56,-24.19,86.12,12.93,0,1.70,-0.0642,-0.0210,29,0.764,1.109,87.08,1.45,21.175,0
1.12,23.12,255.06,0.5970,-0.1140,-0.1653,0.7767,-3.14,-6.39,5.31,-70.44,9.62,32.69,8.88,0,1.70,-0.0749,-0.0242,29,0.764,1.109,87.08,1.45,21.175,0
0.50,23.69,256.38,0.6070,-0.1217,-0.1625,0.7684,-5.73,-6.98,13.23,-3.62,49.19,-79.06,16.02,0,1.70,-0.0769,-0.0204,29,0.764,1.109,87.08,1.45,21.175,0
phase1 acc_mag=11.080 gravity=9.941 motion=1.140 moving_avg=1.223 rms=2.096 mean_rms=1.562 max_rms=2.112 min_rms=1.161 std=0.308 var=0.095 state=standing thr=2.179/2.379/2.879
0.31,22.50,254.00,0.5903,-0.1153,-0.1577,0.7832,0.20,-3.12,10.63,-2.25,-21.38,18.62,11.08,0,1.70,-0.0733,-0.0222,29,0.764,1.109,87.08,1.45,21.175,0
0.44,23.50,251.94,0.5754,-0.1163,-0.1672,0.7921,1.00,-4.81,7.25,-5.81,-16.12,31.94,8.76,0,1.70,-0.0753,-0.0262,29,0.764,0.000,0.00,0.00,21.175,0
0.00,24.19,248.81,0.5529,-0.1186,-0.1729,0.8065,0.34,-4.60,7.49,-10.19,-7.56,51.00,8.80,0,1.70,-0.0765,-0.0295,29,0.764,0.000,0.00,0.00,21.175,0
-1.00,24.69,245.31,0.5274,-0.1233,-0.1752,0.8222,0.35,-4.21,8.46,-5.81,-5.38,65.31,9.46,0,1.70,-0.0775,-0.0316,29,0.764,0.000,0.00,0.00,21.175,0
phase1 acc_mag=9.614 gravity=9.819 motion=0.205 moving_avg=0.973 rms=1.840 mean_rms=1.594 max_rms=2.112 min_rms=1.161 std=0.331 var=0.110 state=standing thr=2.257/2.457/2.957
-2.62,24.94,240.31,0.4905,-0.1290,-0.1749,0.8439,-0.21,-4.71,9.01,-6.50,-5.19,60.38,10.17,0,1.70,-0.0778,-0.0337,29,0.764,0.000,0.00,0.00,21.175,0
-3.94,25.06,236.19,0.4559,-0.1336,-0.1747,0.8624,-0.38,-3.58,8.75,-2.88,-8.56,50.44,9.46,0,1.70,-0.0779,-0.0359,29,0.764,0.000,0.00,0.00,21.175,0
-4.56,25.12,232.62,0.4328,-0.1332,-0.1763,0.8740,-0.68,-4.27,8.57,-2.38,-15.00,50.88,9.60,0,1.70,-0.0771,-0.0386,29,0.764,0.000,0.00,0.00,21.175,0
-5.06,24.38,228.94,0.4011,-0.1283,-0.1723,0.8905,0.87,-3.88,8.28,4.44,-12.31,47.31,9.19,0,1.70,-0.0733,-0.0408,29,0.764,0.000,0.00,0.00,21.175,0
phase1 acc_mag=9.641 gravity=9.830 motion=0.189 moving_avg=0.915 rms=1.822 mean_rms=1.610 max_rms=2.112 min_rms=1.161 std=0.340 var=0.116 state=standing thr=2.291/2.491/2.991
-5.62,23.56,225.88,0.3812,-0.1260,-0.1676,0.9004,0.53,-4.25,8.79,8.25,-7.38,40.62,9.78,0,1.70,-0.0709,-0.0412,29,0.764,0.000,0.00,0.00,21.175,0
-5.38,21.94,223.44,0.3630,-0.1146,-0.1586,0.9110,0.95,-3.38,9.27,14.06,-11.00,-0.19,9.91,0,1.70,-0.0648,-0.0411,29,0.764,0.000,0.00,0.00,21.175,0
-5.19,20.62,223.75,0.3642,-0.1096,-0.1470,0.9131,-0.91,-5.95,11.35,15.00,4.12,29.56,12.85,0,1.70,-0.0615,-0.0377,29,0.764,0.000,0.00,0.00,21.175,0
-5.12,19.00,221.44,0.3490,-0.1011,-0.1378,0.9214,-2.82,-4.39,9.02,15.12,-31.56,78.75,10.42,0,1.70,-0.0565,-0.0367,29,0.764,0.000,0.00,0.00,21.175,0
phase1 acc_mag=7.994 gravity=10.033 motion=2.039 moving_avg=1.098 rms=1.948 mean_rms=1.729 max_rms=2.112 min_rms=1.161 std=0.296 var=0.087 state=standing thr=2.321/2.521/3.021
-5.69,17.00,219.19,0.3303,-0.0995,-0.1215,0.9307,-0.76,-3.75,9.66,-5.56,28.19,17.12,10.39,0,1.70,-0.0531,-0.0321,29,0.764,0.000,0.00,0.00,21.175,0
-6.75,16.62,219.19,0.3316,-0.1047,-0.1155,0.9305,-2.01,-2.95,7.13,16.31,-7.56,9.69,7.97,0,1.70,-0.0543,-0.0291,29,0.764,0.000,0.00,0.00,21.175,0
-6.88,16.38,218.75,0.3268,-0.1057,-0.1132,0.9323,-1.42,-2.71,8.44,2.56,13.62,15.56,8.98,0,1.70,-0.0542,-0.0284,30,0.761,0.000,0.00,0.00,21.936,0
-7.94,16.19,217.50,0.3179,-0.1116,-0.1100,0.9351,-2.69,-2.39,9.47,-5.75,10.62,4.19,10.13,0,1.70,-0.0557,-0.0270,30,0.761,0.000,0.00,0.00,21.936,0
phase1 acc_mag=10.120 gravity=9.944 motion=0.176 moving_avg=1.146 rms=1.959 mean_rms=1.900 max_rms=2.112 min_rms=1.618 std=0.102 var=0.010 state=standing thr=2.104/2.304/2.804
-8.31,16.44,218.31,0.3242,-0.1160,-0.1104,0.9323,-1.48,-2.73,8.91,0.50,7.62,-13.31,9.44,0,1.70,-0.0576,-0.0261,30,0.761,0.000,0.00,0.00,21.936,0
-8.94,16.81,219.25,0.3317,-0.1230,-0.1100,0.9288,-1.32,-2.43,8.61,-8.06,16.19,-14.62,9.04,0,1.70,-0.0603,-0.0246,30,0.761,0.000,0.00,0.00,21.936,0
-9.38,17.44,220.44,0.3426,-0.1310,-0.1132,0.9234,-1.04,-2.46,9.15,-9.81,13.81,-26.12,9.53,0,1.70,-0.0639,-0.0239,30,0.761,0.000,0.00,0.00,21.936,0
-9.62,18.69,222.62,0.3579,-0.1378,-0.1187,0.9159,-1.55,-2.61,9.44,-11.81,10.50,-33.12,9.92,0,1.70,-0.0675,-0.0237,30,0.761,0.000,0.00,0.00,21.936,0
phase1 acc_mag=9.620 gravity=9.576 motion=0.043 moving_avg=0.652 rms=0.994 mean_rms=1.759 max_rms=2.027 min_rms=0.994 std=0.283 var=0.080 state=standing thr=2.325/2.525/3.025
-9.06,19.31,225.06,0.3769,-0.1383,-0.1230,0.9075,-1.02,-2.67,9.11,-10.56,0.38,-42.12,9.55,0,1.70,-0.0687,-0.0238,30,0.761,0.000,0.00,0.00,21.936,0
-7.38,19.94,228.19,0.4063,-0.1280,-0.1321,0.8950,-0.54,-3.28,9.59,-4.31,-16.81,-62.31,10.15,0,1.70,-0.0673,-0.0265,30,0.761,0.000,0.00,0.00,21.936,0
-5.38,20.31,232.19,0.4380,-0.1205,-0.1392,0.8799,-3.74,-4.43,9.76,-20.31,3.56,-72.94,11.35,0,1.70,-0.0668,-0.0279,30,0.761,0.000,0.00,0.00,21.936,0
-1.44,21.62,238.25,0.4785,-0.1029,-0.1573,0.8577,0.87,-6.71,10.00,-14.81,-16.31,-59.25,12.07,0,1.70,-0.0654,-0.0343,30,0.761,0.000,0.00,0.00,21.936,0
phase1 acc_mag=10.068 gravity=9.808 motion=0.260 moving_avg=0.758 rms=1.109 mean_rms=1.579 max_rms=2.027 min_rms=0.973 std=0.404 var=0.164 state=standing thr=2.388/2.588/3.088
-1.06,22.00,240.12,0.4935,-0.1033,-0.1594,0.8488,-1.06,-5.10,7.13,-5.75,3.38,-18.44,8.83,0,1.70,-0.0665,-0.0337,30,0.761,0.000,0.00,0.00,21.936,0
-0.81,22.00,242.81,0.5118,-0.1061,-0.1589,0.8376,0.00,-3.00,7.66,-5.38,8.94,-22.00,8.23,0,1.70,-0.0681,-0.0315,30,0.761,0.000,0.00,0.00,21.936,0
-0.25,23.25,244.81,0.5252,-0.1104,-0.1689,0.8267,-0.22,-4.48,8.82,-20.25,-2.56,-38.12,9.90,0,1.70,-0.0720,-0.0327,30,0.761,0.000,0.00,0.00,21.936,0
1.50,24.06,247.06,0.5422,-0.1027,-0.1832,0.8135,1.39,-4.88,7.64,-7.06,-17.69,-32.00,9.17,0,1.70,-0.0731,-0.0373,30,0.761,0.000,0.00,0.00,21.936,0
phase1 acc_mag=8.933 gravity=9.686 motion=0.752 moving_avg=0.869 rms=1.203 mean_rms=1.445 max_rms=2.027 min_rms=0.973 std=0.406 var=0.165 state=standing thr=2.257/2.457/2.957
3.19,24.31,249.81,0.5594,-0.0971,-0.1891,0.8011,0.04,-4.59,7.55,-2.94,4.31,-45.19,8.84,0,1.70,-0.0734,-0.0389,30,0.761,0.000,0.00,0.00,21.936,0
2.69,24.50,251.50,0.5711,-0.1045,-0.1865,0.7926,0.57,-5.36,10.91,-10.38,10.50,-11.44,12.17,0,1.70,-0.0757,-0.0352,30,0.761,0.000,0.00,0.00,21.936,0
2.88,24.94,252.56,0.5799,-0.1070,-0.1890,0.7852,1.91,-5.11,8.06,1.88,11.38,-27.50,9.73,0,1.70,-0.0775,-0.0346,30,0.761,0.000,0.00,0.00,21.936,0
2.31,24.19,253.25,0.5835,-0.1086,-0.1808,0.7842,0.97,-3.33,7.51,13.31,2.00,10.12,8.27,0,1.70,-0.0763,-0.0314,31,0.672,0.546,48.74,0.81,22.608,0
phase1 acc_mag=8.762 gravity=9.523 motion=0.762 moving_avg=0.896 rms=1.172 mean_rms=1.295 max_rms=2.027 min_rms=0.973 std=0.336 var=0.113 state=standing thr=1.966/2.166/2.666
1.62,23.81,253.12,0.5828,-0.1122,-0.1736,0.7859,0.31,-4.20,8.88,4.69,13.56,4.44,9.83,0,1.70,-0.0757,-0.0284,31,0.672,0.546,48.74,0.81,22.608,0
1.25,22.88,252.62,0.5806,-0.1086,-0.1668,0.7895,0.57,-3.78,8.46,20.12,-8.75,13.12,9.28,0,1.70,-0.0730,-0.0274,31,0.672,0.546,48.74,0.81,22.608,0
1.62,21.19,251.06,0.5704,-0.0933,-0.1571,0.8008,2.05,-3.97,8.04,22.69,-12.12,13.25,9.20,0,1.70,-0.0657,-0.0290,31,0.672,0.546,48.74,0.81,22.608,0
1.25,20.25,250.06,0.5652,-0.0916,-0.1506,0.8058,-2.04,-7.23,13.42,-11.62,34.56,-21.75,15.38,0,1.70,-0.0636,-0.0278,31,0.672,0.546,48.74,0.81,22.608,0
phase1 acc_mag=11.200 gravity=9.852 motion=1.348 moving_avg=1.008 rms=1.527 mean_rms=1.140 max_rms=1.527 min_rms=0.973 std=0.125 var=0.016 state=slow thr=1.389/1.589/2.089
0.56,19.50,250.06,0.5663,-0.0906,-0.1403,0.8071,-1.37,-3.08,4.94,33.44,-16.19,-4.75,5.98,0,1.70,-0.0610,-0.0248,31,0.672,0.546,48.74,0.81,22.608,0
0.62,17.44,249.12,0.5609,-0.0815,-0.1281,0.8139,1.19,-2.63,10.10,16.19,8.56,19.50,10.50,0,1.70,-0.0553,-0.0234,32,0.751,1.977,157.89,2.63,23.359,0
-1.31,17.44,249.38,0.5627,-0.0963,-0.1180,0.8124,-0.67,-3.25,9.00,-5.81,10.31,-18.56,9.59,0,1.70,-0.0579,-0.0167,32,0.751,1.977,157.89,2.63,23.359,0
phase1 acc_mag=9.648 gravity=9.753 motion=0.105 moving_avg=1.223 rms=1.739 mean_rms=1.259 max_rms=1.739 min_rms=0.973 std=0.246 var=0.061 state=standing thr=1.752/1.952/2.452
-1.62,17.69,250.88,0.5742,-0.1034,-0.1164,0.8038,-1.45,-3.82,8.74,-7.06,21.69,-15.44,9.65,0,1.70,-0.0600,-0.0137,32,0.751,1.977,157.89,2.63,23.359,0
-4.44,17.94,251.50,0.5768,-0.1243,-0.1009,0.8011,-1.44,-2.76,8.82,16.00,27.69,7.25,9.35,0,1.70,-0.0631,-0.0036,32,0.751,1.977,157.89,2.63,23.359,0
-5.94,17.56,251.50,0.5770,-0.1317,-0.0926,0.8007,-1.73,-1.82,8.64,2.81,18.69,-23.44,9.00,0,1.70,-0.0636,0.0007,32,0.751,1.977,157.89,2.63,23.359,0
-6.50,18.94,252.75,0.5844,-0.1436,-0.0977,0.7927,-1.76,-3.00,9.15,-41.75,12.06,-13.25,9.79,0,1.70,-0.0684,0.0026,32,0.751,1.977,157.89,2.63,23.359,0
phase1 acc_mag=10.040 gravity=9.577 motion=0.463 moving_avg=1.051 rms=1.620 mean_rms=1.390 max_rms=1.740 min_rms=1.056 std=0.269 var=0.072 state=standing thr=1.928/2.128/2.628
-7.56,20.75,252.12,0.5778,-0.1600,-0.1050,0.7934,-1.95,-2.21,8.98,5.31,11.19,17.25,9.45,0,1.70,-0.0750,0.0036,32,0.751,1.977,157.89,2.63,23.359,0
-8.75,20.94,252.00,0.5765,-0.1688,-0.1002,0.7932,-2.79,-3.93,9.47,-12.00,17.00,-11.94,10.63,0,1.70,-0.0766,0.0071,32,0.751,1.977,157.89,2.63,23.359,0
-8.50,21.25,252.62,0.5810,-0.1689,-0.1031,0.7895,-1.90,-2.82,8.89,2.75,-7.94,-7.19,9.52,0,1.70,-0.0773,0.0067,32,0.751,1.977,157.89,2.63,23.359,0
-7.19,21.38,253.12,0.5845,-0.1614,-0.1102,0.7875,-1.55,-3.51,9.24,-0.19,-18.88,-6.06,10.01,0,1.70,-0.0766,0.0030,32,0.751,1.977,157.89,2.63,23.359,0
phase1 acc_mag=10.499 gravity=9.760 motion=0.739 moving_avg=0.983 rms=1.592 mean_rms=1.475 max_rms=1.740 min_rms=1.056 std=0.259 var=0.067 state=standing thr=1.992/2.192/2.692
-6.50,21.44,254.12,0.5947,-0.1569,-0.1140,0.7803,-1.41,-4.75,9.82,-1.25,-7.44,-49.69,11.00,0,1.70,-0.0761,0.0017,32,0.751,1.977,157.89,2.63,23.359,0
-3.56,21.94,258.00,0.6179,-0.1445,-0.1279,0.7623,-1.15,-3.59,6.91,-0.44,-25.06,-39.88,7.87,0,1.70,-0.0757,-0.0033,32,0.751,1.977,157.89,2.63,23.359,0
-1.31,21.38,257.94,0.6182,-0.1259,-0.1369,0.7637,-0.10,-2.60,8.79,18.62,-19.00,9.75,9.17,0,1.70,-0.0723,-0.0107,32,0.751,1.977,157.89,2.63,23.359,0
-0.81,21.00,258.31,0.6227,-0.1208,-0.1373,0.7608,-0.23,-2.67,8.62,-5.94,1.50,-25.88,9.03,0,1.70,-0.0710,-0.0117,32,0.751,1.977,157.89,2.63,23.359,0
phase1 acc_mag=9.622 gravity=9.736 motion=0.114 moving_avg=0.865 rms=1.484 mean_rms=1.545 max_rms=1.740 min_rms=1.056 std=0.211 var=0.045 state=standing thr=1.968/2.168/2.668
0.25,21.00,261.00,0.6389,-0.1165,-0.1405,0.7473,-0.23,-4.51,8.81,-5.50,-6.06,-48.44,9.90,0,1.70,-0.0707,-0.0122,32,0.751,1.977,157.89,2.63,23.359,0
1.19,21.19,262.81,0.6514,-0.1138,-0.1458,0.7358,0.04,-3.95,8.60,-0.38,0.19,-16.88,9.46,0,1.70,-0.0715,-0.0132,32,0.751,1.977,157.89,2.63,23.359,0
1.94,20.38,264.69,0.6629,-0.1066,-0.1427,0.7272,0.64,-3.73,8.58,21.88,-2.50,-29.12,9.38,0,1.70,-0.0689,-0.0132,32,0.751,1.977,157.89,2.63,23.359,0
2.31,19.69,266.00,0.6721,-0.1017,-0.1393,0.7200,0.12,-4.16,9.02,-3.19,2.06,-12.19,9.93,0,1.70,-0.0667,-0.0128,32,0.751,1.977,157.89,2.63,23.359,0
phase1 acc_mag=9.269 gravity=9.583 motion=0.314 moving_avg=0.533 rms=0.718 mean_rms=1.563 max_rms=1.740 min_rms=0.718 std=0.193 var=0.037 state=standing thr=1.949/2.149/2.649
2.44,19.25,266.69,0.6766,-0.0989,-0.1369,0.7167,0.32,-2.97,8.75,4.75,3.69,-12.12,9.25,0,1.70,-0.0654,-0.0125,32,0.751,1.977,157.89,2.63,23.359,0
2.62,19.19,267.56,0.6821,-0.0988,-0.1367,0.7115,0.49,-3.21,9.03,1.38,-2.81,-9.62,9.60,0,1.70,-0.0654,-0.0119,32,0.751,1.977,157.89,2.63,23.359,0
3.31,19.19,268.75,0.6912,-0.0953,-0.1407,0.7024,0.54,-3.76,9.05,-4.88,-4.00,-28.69,9.81,0,1.70,-0.0657,-0.0132,32,0.751,1.977,157.89,2.63,23.359,0
4.06,19.00,269.94,0.6967,-0.0909,-0.1423,0.6973,0.35,-3.42,8.96,-0.38,-6.25,-2.94,9.60,0,1.70,-0.0650,-0.0143,32,0.751,1.977,157.89,2.63,23.359,0
phase1 acc_mag=9.776 gravity=9.589 motion=0.187 moving_avg=0.373 rms=0.514 mean_rms=1.316 max_rms=1.738 min_rms=0.514 std=0.431 var=0.186 state=standing thr=2.177/2.377/2.877
4.19,18.88,269.56,0.6945,-0.0882,-0.1424,0.6998,0.57,-3.01,9.02,6.31,-5.44,4.06,9.53,0,1.70,-0.0642,-0.0154,32,0.751,1.977,157.89,2.63,23.359,0
4.31,18.75,268.38,0.6876,-0.0857,-0.1436,0.7066,0.72,-2.70,8.82,4.38,-7.94,21.12,9.25,0,1.70,-0.0637,-0.0170,32,0.751,1.977,157.89,2.63,23.359,0
4.31,19.00,267.38,0.6799,-0.0862,-0.1465,0.7133,0.56,-3.29,8.90,-5.38,-4.81,11.50,9.51,0,1.70,-0.0644,-0.0184,32,0.751,1.977,157.89,2.63,23.359,0
4.38,19.50,266.62,0.6757,-0.0876,-0.1497,0.7164,0.83,-3.35,8.98,-5.94,-1.38,9.38,9.62,0,1.70,-0.0656,-0.0192,32,0.751,1.977,157.89,2.63,23.359,0
phase1 acc_mag=9.401 gravity=9.588 motion=0.186 moving_avg=0.306 rms=0.461 mean_rms=1.069 max_rms=1.604 min_rms=0.461 std=0.490 var=0.240 state=standing thr=2.049/2.249/2.749
4.25,20.06,266.56,0.6747,-0.0920,-0.1528,0.7162,0.51,-3.50,8.86,-7.12,1.81,4.62,9.54,0,1.70,-0.0676,-0.0190,32,0.751,1.977,157.89,2.63,23.359,0
3.75,20.56,265.81,0.6695,-0.0969,-0.1537,0.7203,0.36,-3.57,9.00,-4.19,1.69,9.56,9.69,0,1.70,-0.0691,-0.0184,32,0.751,0.000,0.00,0.00,23.359,0
3.44,20.81,265.44,0.6664,-0.1004,-0.1537,0.7226,0.09,-3.63,8.85,-5.06,1.19,7.69,9.57,0,1.70,-0.0700,-0.0177,32,0.751,0.000,0.00,0.00,23.359,0
3.19,21.25,264.50,0.6606,-0.1027,-0.1556,0.7272,0.49,-3.58,8.93,-5.75,-1.50,13.81,9.63,0,1.70,-0.0710,-0.0181,32,0.751,0.000,0.00,0.00,23.359,0
phase1 acc_mag=9.752 gravity=9.479 motion=0.272 moving_avg=0.237 rms=0.380 mean_rms=0.814 max_rms=1.545 min_rms=0.380 std=0.451 var=0.203 state=standing thr=1.716/1.916/2.416
3.12,21.56,264.06,0.6577,-0.1046,-0.1584,0.7290,0.12,-4.05,8.97,-6.69,-1.44,-1.56,9.84,0,1.70,-0.0722,-0.0187,32,0.751,0.000,0.00,0.00,23.359,0
3.19,21.62,263.56,0.6544,-0.1036,-0.1588,0.7321,0.42,-3.53,8.78,-4.19,-2.56,1.50,9.47,0,1.70,-0.0719,-0.0194,32,0.751,0.000,0.00,0.00,23.359,0
3.12,21.69,263.25,0.6525,-0.1042,-0.1594,0.7335,0.45,-3.70,9.05,-4.06,-0.06,-2.88,9.79,0,1.70,-0.0722,-0.0196,32,0.751,0.000,0.00,0.00,23.359,0
3.06,21.94,263.44,0.6531,-0.1061,-0.1600,0.7325,0.07,-3.85,8.70,-1.56,2.88,-0.75,9.51,0,1.70,-0.0729,-0.0192,32,0.751,0.000,0.00,0.00,23.359,0
phase1 acc_mag=9.393 gravity=9.516 motion=0.123 moving_avg=0.155 rms=0.197 mean_rms=0.560 max_rms=1.483 min_rms=0.197 std=0.335 var=0.112 state=standing thr=1.230/1.430/1.930
2.81,22.06,263.50,0.6534,-0.1087,-0.1595,0.7320,0.64,-3.46,8.75,-1.50,5.75,0.50,9.43,0,1.70,-0.0735,-0.0183,32,0.751,0.000,0.00,0.00,23.359,0
2.44,22.31,264.12,0.6572,-0.1133,-0.1585,0.7281,-0.04,-3.97,9.01,-3.00,6.69,-7.50,9.85,0,1.70,-0.0747,-0.0164,32,0.751,0.000,0.00,0.00,23.359,0
2.25,22.31,264.44,0.6593,-0.1151,-0.1572,0.7262,0.22,-3.82,8.87,0.19,2.81,-14.44,9.66,0,1.70,-0.0749,-0.0153,32,0.751,0.000,0.00,0.00,23.359,0
phase1 acc_mag=9.647 gravity=9.531 motion=0.117 moving_avg=0.121 rms=0.153 mean_rms=0.368 max_rms=0.572 min_rms=0.153 std=0.143 var=0.020 state=standing thr=0.654/0.854/1.354
2.31,22.31,264.94,0.6627,-0.1152,-0.1568,0.7232,0.33,-3.78,8.87,0.88,-1.50,-4.75,9.65,0,1.70,-0.0749,-0.0148,32,0.751,0.000,0.00,0.00,23.359,0
2.38,22.25,265.31,0.6647,-0.1152,-0.1563,0.7214,0.29,-3.61,8.67,-2.69,0.88,-7.62,9.40,0,1.70,-0.0748,-0.0145,32,0.751,0.000,0.00,0.00,23.359,0
2.44,22.25,265.94,0.6693,-0.1159,-0.1563,0.7171,0.26,-3.50,8.77,-0.88,4.25,-6.19,9.45,0,1.70,-0.0751,-0.0138,32,0.751,0.000,0.00,0.00,23.359,0
2.38,22.31,266.31,0.6711,-0.1168,-0.1556,0.7153,0.40,-3.42,8.78,0.06,1.38,-8.50,9.43,0,1.70,-0.0752,-0.0132,32,0.751,0.000,0.00,0.00,23.359,0
phase1 acc_mag=9.653 gravity=9.529 motion=0.124 moving_avg=0.125 rms=0.156 mean_rms=0.294 max_rms=0.509 min_rms=0.153 std=0.136 var=0.019 state=standing thr=0.567/0.767/1.267
2.56,22.38,267.19,0.6769,-0.1174,-0.1569,0.7095,0.20,-4.20,8.86,-3.12,2.31,-11.19,9.81,0,1.70,-0.0758,-0.0127,32,0.751,0.000,0.00,0.00,23.359,0
2.69,22.25,267.69,0.6795,-0.1163,-0.1561,0.7074,0.34,-3.44,8.65,4.31,-0.69,-1.44,9.32,0,1.70,-0.0753,-0.0126,32,0.751,0.000,0.00,0.00,23.359,0
2.75,22.19,267.88,0.6815,-0.1160,-0.1563,0.7054,0.55,-3.29,8.68,2.00,1.38,-0.44,9.30,0,1.70,-0.0753,-0.0125,32,0.751,0.000,0.00,0.00,23.359,0
2.69,22.31,268.31,0.6832,-0.1175,-0.1559,0.7036,0.32,-3.55,8.66,0.44,2.31,-3.88,9.36,0,1.70,-0.0757,-0.0118,32,0.751,0.000,0.00,0.00,23.359,0
phase1 acc_mag=9.620 gravity=9.547 motion=0.073 moving_avg=0.134 rms=0.166 mean_rms=0.229 max_rms=0.452 min_rms=0.151 std=0.104 var=0.011 state=standing thr=0.437/0.637/1.137
2.62,22.38,268.44,0.6844,-0.1193,-0.1558,0.7022,0.24,-3.72,8.83,-4.38,3.38,-2.50,9.58,0,1.70,-0.0762,-0.0111,32,0.751,0.000,0.00,0.00,23.359,0
2.56,22.50,268.50,0.6843,-0.1196,-0.1559,0.7022,0.50,-3.63,8.82,-1.19,-1.25,-1.00,9.55,0,1.70,-0.0763,-0.0111,32,0.751,0.000,0.00,0.00,23.359,0
2.56,22.50,268.38,0.6835,-0.1195,-0.1563,0.7029,0.46,-3.69,8.85,1.56,-4.00,6.25,9.60,0,1.70,-0.0763,-0.0113,32,0.751,0.000,0.00,0.00,23.359,0
2.62,22.38,267.94,0.6808,-0.1174,-0.1556,0.7061,0.34,-3.52,8.82,4.31,-1.50,6.88,9.50,0,1.70,-0.0755,-0.0120,32,0.751,0.000,0.00,0.00,23.359,0
phase1 acc_mag=9.623 gravity=9.544 motion=0.080 moving_avg=0.126 rms=0.158 mean_rms=0.175 max_rms=0.282 min_rms=0.151 std=0.027 var=0.001 state=standing thr=0.230/0.430/0.930
2.62,22.12,267.81,0.6804,-0.1163,-0.1547,0.7068,0.31,-3.62,8.77,2.19,-0.44,0.88,9.49,0,1.70,-0.0750,-0.0121,32,0.751,0.000,0.00,0.00,23.359,0
2.69,21.94,267.94,0.6829,-0.1139,-0.1533,0.7051,-0.03,-3.03,8.56,10.38,3.31,-5.88,9.08,0,1.70,-0.0740,-0.0121,32,0.751,0.000,0.00,0.00,23.359,0
3.38,21.50,269.50,0.6915,-0.1095,-0.1537,0.6973,0.49,-2.95,8.70,13.75,-3.81,-6.06,9.20,0,1.70,-0.0731,-0.0126,32,0.751,0.000,0.00,0.00,23.359,0
3.00,20.88,268.44,0.6859,-0.1072,-0.1487,0.7043,0.18,-3.87,8.95,5.12,3.12,21.25,9.75,0,1.70,-0.0710,-0.0125,32,0.751,0.000,0.00,0.00,23.359,0
phase1 acc_mag=9.830 gravity=9.560 motion=0.270 moving_avg=0.152 rms=0.193 mean_rms=0.165 max_rms=0.195 min_rms=0.145 std=0.013 var=0.000 state=slow thr=0.190/0.390/0.890
2.25,19.62,267.44,0.6809,-0.1033,-0.1372,0.7120,0.13,-2.99,8.80,27.50,9.19,22.00,9.29,0,1.70,-0.0668,-0.0109,32,0.751,0.000,0.00,0.00,23.359,0
1.12,17.81,266.12,0.6741,-0.0979,-0.1177,0.7225,-0.20,-2.36,9.14,29.62,11.88,15.50,9.44,0,1.70,-0.0600,-0.0076,32,0.751,0.000,0.00,0.00,23.359,0
0.19,16.00,265.38,0.6714,-0.0932,-0.1038,0.7278,-0.22,-2.06,9.16,24.25,10.00,4.06,9.39,0,1.70,-0.0550,-0.0052,32,0.751,0.000,0.00,0.00,23.359,0
-0.25,15.25,265.06,0.6701,-0.0919,-0.0953,0.7303,-0.23,-2.50,9.15,6.00,6.00,5.56,9.49,0,1.70,-0.0524,-0.0032,32,0.751,0.000,0.00,0.00,23.359,0
phase1 acc_mag=9.388 gravity=9.534 motion=0.146 moving_avg=0.163 rms=0.204 mean_rms=0.171 max_rms=0.206 min_rms=0.145 std=0.017 var=0.000 state=standing thr=0.206/0.406/0.906
-0.56,14.88,265.12,0.6707,-0.0916,-0.0919,0.7303,-0.17,-2.18,9.14,0.31,2.69,-2.19,9.40,0,1.70,-0.0514,-0.0023,32,0.751,0.000,0.00,0.00,23.359,0
-0.69,15.00,264.88,0.6688,-0.0934,-0.0922,0.7318,-0.12,-2.71,9.21,-0.94,0.75,3.62,9.60,0,1.70,-0.0520,-0.0020,32,0.751,0.000,0.00,0.00,23.359,0
-0.81,15.12,264.81,0.6685,-0.0942,-0.0922,0.7319,-0.43,-2.57,9.20,-1.69,1.50,-0.81,9.56,0,1.70,-0.0522,-0.0018,32,0.751,0.000,0.00,0.00,23.359,0
phase1 acc_mag=9.623 gravity=9.530 motion=0.093 moving_avg=0.157 rms=0.201 mean_rms=0.180 max_rms=0.206 min_rms=0.145 std=0.020 var=0.000 state=standing thr=0.220/0.420/0.920
-0.88,15.19,264.62,0.6676,-0.0948,-0.0925,0.7326,-0.26,-2.57,9.27,-1.31,-0.25,2.25,9.62,0,1.70,-0.0525,-0.0018,32,0.751,0.000,0.00,0.00,23.359,0
-0.88,15.25,264.69,0.6675,-0.0957,-0.0927,0.7325,-0.30,-2.53,9.25,-1.50,-0.44,0.38,9.59,0,1.70,-0.0528,-0.0016,32,0.751,0.000,0.00,0.00,23.359,0
-0.94,15.31,264.69,0.6677,-0.0961,-0.0930,0.7324,-0.26,-2.36,9.19,-1.00,-0.50,0.56,9.49,0,1.70,-0.0530,-0.0016,32,0.751,0.000,0.00,0.00,23.359,0
-0.94,15.44,264.56,0.6664,-0.0972,-0.0936,0.7332,-0.43,-2.44,9.18,-0.69,-0.31,3.81,9.51,0,1.70,-0.0535,-0.0016,32,0.751,0.000,0.00,0.00,23.359,0
phase1 acc_mag=9.394 gravity=9.518 motion=0.124 moving_avg=0.139 rms=0.185 mean_rms=0.187 max_rms=0.206 min_rms=0.145 std=0.017 var=0.000 state=standing thr=0.221/0.421/0.921
-1.06,15.50,264.31,0.6652,-0.0977,-0.0937,0.7343,-0.31,-2.31,9.10,0.62,-1.25,2.81,9.39,0,1.70,-0.0536,-0.0015,32,0.751,0.000,0.00,0.00,23.359,0
-1.06,15.56,264.06,0.6633,-0.0982,-0.0944,0.7358,-0.29,-2.51,9.20,-1.31,0.50,2.12,9.54,0,1.70,-0.0540,-0.0017,32,0.751,0.000,0.00,0.00,23.359,0
-1.06,15.62,264.06,0.6635,-0.0985,-0.0945,0.7356,-0.47,-2.46,9.18,0.00,-0.06,-1.50,9.52,0,1.70,-0.0541,-0.0017,32,0.751,0.000,0.00,0.00,23.359,0
-1.19,15.75,263.75,0.6613,-0.0994,-0.0950,0.7375,-0.34,-2.67,9.17,-3.06,-0.44,5.88,9.56,0,1.70,-0.0545,-0.0017,32,0.751,0.000,0.00,0.00,23.359,0
phase1 acc_mag=9.413 gravity=9.506 motion=0.093 moving_avg=0.132 rms=0.181 mean_rms=0.191 max_rms=0.206 min_rms=0.145 std=0.012 var=0.000 state=standing thr=0.214/0.414/0.914
-1.31,15.88,263.44,0.6591,-0.1009,-0.0955,0.7391,-0.48,-2.76,9.22,-2.75,0.94,0.88,9.64,0,1.70,-0.0550,-0.0016,32,0.751,0.000,0.00,0.00,23.359,0
-1.44,15.94,263.44,0.6590,-0.1020,-0.0953,0.7391,-0.40,-2.61,9.13,-0.62,2.25,-1.25,9.50,0,1.70,-0.0553,-0.0013,32,0.751,0.000,0.00,0.00,23.359,0
-1.56,16.00,263.44,0.6592,-0.1035,-0.0949,0.7387,-0.41,-2.50,9.12,-0.75,2.56,-0.88,9.47,0,1.70,-0.0556,-0.0008,32,0.751,0.000,0.00,0.00,23.359,0
-1.81,16.19,263.31,0.6580,-0.1057,-0.0946,0.7396,-0.19,-2.79,9.18,-3.06,1.94,5.44,9.60,0,1.70,-0.0562,-0.0002,32,0.751,0.000,0.00,0.00,23.359,0
phase1 acc_mag=9.520 gravity=9.491 motion=0.030 moving_avg=0.084 rms=0.116 mean_rms=0.182 max_rms=0.206 min_rms=0.116 std=0.026 var=0.001 state=standing thr=0.233/0.433/0.933
-2.00,16.31,263.44,0.6588,-0.1078,-0.0942,0.7385,-0.51,-2.81,9.16,-0.38,2.94,-11.44,9.59,0,1.70,-0.0567,0.0006,32,0.751,0.000,0.00,0.00,23.359,0
-1.75,16.38,265.06,0.6691,-0.1079,-0.0944,0.7292,-0.44,-2.36,9.01,1.00,3.06,-28.25,9.32,0,1.70,-0.0567,0.0013,32,0.751,0.000,0.00,0.00,23.359,0
-1.75,16.44,265.50,0.6720,-0.1093,-0.0946,0.7263,-0.40,-2.76,9.20,-3.31,3.06,-4.00,9.61,0,1.70,-0.0572,0.0019,32,0.751,0.000,0.00,0.00,23.359,0
-1.94,16.62,265.75,0.6734,-0.1115,-0.0944,0.7247,-0.46,-2.67,9.07,-2.19,4.44,-2.12,9.47,0,1.70,-0.0577,0.0027,32,0.751,0.000,0.00,0.00,23.359,0
phase1 acc_mag=9.481 gravity=9.512 motion=0.031 moving_avg=0.070 rms=0.092 mean_rms=0.163 max_rms=0.205 min_rms=0.092 std=0.038 var=0.001 state=standing thr=0.239/0.439/0.939
-2.06,16.69,265.94,0.6743,-0.1125,-0.0938,0.7238,-0.39,-2.72,9.13,-0.94,0.12,-0.69,9.53,0,1.70,-0.0579,0.0032,32,0.751,0.000,0.00,0.00,23.359,0
-2.06,16.75,265.94,0.6743,-0.1130,-0.0941,0.7236,-0.46,-2.86,9.04,-0.75,0.62,0.44,9.49,0,1.70,-0.0581,0.0033,32,0.751,0.000,0.00,0.00,23.359,0
-2.12,16.81,266.06,0.6750,-0.1136,-0.0942,0.7228,-0.39,-2.85,9.17,-0.56,0.44,-2.12,9.61,0,1.70,-0.0583,0.0034,32,0.751,0.000,0.00,0.00,23.359,0
phase1 acc_mag=9.711 gravity=9.519 motion=0.192 moving_avg=0.065 rms=0.086 mean_rms=0.139 max_rms=0.198 min_rms=0.084 std=0.042 var=0.002 state=standing thr=0.222/0.422/0.922
-1.88,16.88,267.50,0.6843,-0.1139,-0.0945,0.7141,-0.36,-2.87,9.27,-0.25,5.38,-32.50,9.71,0,1.70,-0.0584,0.0042,32,0.751,0.000,0.00,0.00,23.359,0
-1.88,16.88,267.88,0.6863,-0.1141,-0.0941,0.7122,-0.54,-2.74,9.00,-1.62,4.44,-9.44,9.42,0,1.70,-0.0583,0.0045,32,0.751,0.000,0.00,0.00,23.359,0
-1.88,16.94,268.06,0.6874,-0.1147,-0.0939,0.7109,-0.50,-2.65,9.01,-0.19,-0.31,0.44,9.40,0,1.70,-0.0584,0.0048,32,0.751,0.000,0.00,0.00,23.359,0
-2.00,16.94,268.06,0.6876,-0.1154,-0.0938,0.7107,-0.42,-2.74,9.13,-1.88,1.88,0.12,9.54,0,1.70,-0.0586,0.0051,32,0.751,0.000,0.00,0.00,23.359,0
phase1 acc_mag=9.471 gravity=9.523 motion=0.052 moving_avg=0.063 rms=0.086 mean_rms=0.118 max_rms=0.185 min_rms=0.084 std=0.037 var=0.001 state=standing thr=0.191/0.391/0.891
-2.06,17.00,268.19,0.6883,-0.1165,-0.0936,0.7099,-0.48,-2.65,9.07,-1.25,1.19,0.44,9.46,0,1.70,-0.0588,0.0055,32,0.751,0.000,0.00,0.00,23.359,0
-2.12,17.06,268.19,0.6882,-0.1171,-0.0935,0.7099,-0.42,-2.66,9.08,0.38,-0.75,3.38,9.47,0,1.70,-0.0590,0.0057,32,0.751,0.000,0.00,0.00,23.359,0
-2.12,17.12,268.19,0.6882,-0.1174,-0.0935,0.7098,-0.41,-2.76,9.06,0.12,-0.56,1.12,9.48,0,1.70,-0.0591,0.0058,32,0.751,0.000,0.00,0.00,23.359,0
-2.19,17.12,268.31,0.6887,-0.1181,-0.0934,0.7092,-0.48,-2.76,9.08,-0.25,1.00,-0.38,9.50,0,1.70,-0.0592,0.0060,32,0.751,0.000,0.00,0.00,23.359,0
phase1 acc_mag=9.509 gravity=9.524 motion=0.014 moving_avg=0.059 rms=0.082 mean_rms=0.098 max_rms=0.160 min_rms=0.082 std=0.019 var=0.000 state=standing thr=0.136/0.350/0.850
-2.19,17.19,268.38,0.6891,-0.1185,-0.0934,0.7087,-0.38,-2.96,9.20,-2.62,1.44,0.44,9.67,0,1.70,-0.0594,0.0062,32,0.751,0.000,0.00,0.00,23.359,0
-2.31,17.31,268.31,0.6887,-0.1198,-0.0935,0.7090,-0.45,-2.75,9.05,-1.62,0.06,0.62,9.47,0,1.70,-0.0597,0.0065,32,0.751,0.000,0.00,0.00,23.359,0
-2.44,17.38,268.44,0.6895,-0.1211,-0.0934,0.7079,-0.48,-2.75,9.11,-0.81,1.25,-0.62,9.53,0,1.70,-0.0601,0.0069,32,0.751,0.000,0.00,0.00,23.359,0
phase1 acc_mag=9.551 gravity=9.523 motion=0.027 moving_avg=0.057 rms=0.079 mean_rms=0.089 max_rms=0.114 min_rms=0.079 std=0.008 var=0.000 state=standing thr=0.105/0.350/0.850
-2.44,17.38,268.38,0.6891,-0.1213,-0.0932,0.7083,-0.52,-2.82,9.11,-0.06,0.88,-0.88,9.55,0,1.70,-0.0601,0.0070,32,0.751,0.000,0.00,0.00,23.359,0
-2.44,17.38,268.56,0.6903,-0.1215,-0.0929,0.7072,-0.57,-2.80,9.07,-1.00,0.25,0.38,9.51,0,1.70,-0.0600,0.0073,32,0.751,0.000,0.00,0.00,23.359,0
-2.56,17.38,268.38,0.6888,-0.1219,-0.0927,0.7086,-0.47,-2.86,8.98,0.38,-0.69,3.00,9.44,0,1.70,-0.0601,0.0073,32,0.751,0.000,0.00,0.00,23.359,0
-2.50,17.38,268.31,0.6887,-0.1215,-0.0928,0.7087,-0.61,-2.75,9.05,0.81,-0.69,-3.12,9.48,0,1.70,-0.0600,0.0072,32,0.751,0.000,0.00,0.00,23.359,0
phase1 acc_mag=9.577 gravity=9.520 motion=0.057 moving_avg=0.047 rms=0.062 mean_rms=0.082 max_rms=0.089 min_rms=0.060 std=0.008 var=0.000 state=standing thr=0.098/0.350/0.850
-2.50,17.38,268.06,0.6870,-0.1213,-0.0930,0.7104,-0.44,-2.94,9.15,-0.50,-0.62,5.06,9.62,0,1.70,-0.0600,0.0069,32,0.751,0.000,0.00,0.00,23.359,0
-2.50,17.44,268.06,0.6871,-0.1216,-0.0932,0.7103,-0.45,-2.83,8.97,-0.31,-1.00,1.12,9.42,0,1.70,-0.0602,0.0069,32,0.751,0.000,0.00,0.00,23.359,0
-2.50,17.44,268.12,0.6873,-0.1213,-0.0936,0.7101,-0.57,-2.80,9.10,0.44,0.25,-1.06,9.54,0,1.70,-0.0602,0.0068,32,0.751,0.000,0.00,0.00,23.359,0
phase1 acc_mag=9.520 gravity=9.513 motion=0.007 moving_avg=0.048 rms=0.065 mean_rms=0.078 max_rms=0.089 min_rms=0.060 std=0.010 var=0.000 state=standing thr=0.098/0.350/0.850
-2.38,17.31,267.88,0.6861,-0.1201,-0.0935,0.7114,-0.36,-2.90,9.06,0.88,-2.81,0.00,9.52,0,1.70,-0.0598,0.0063,32,0.751,0.000,0.00,0.00,23.359,0
-2.25,17.25,268.00,0.6866,-0.1190,-0.0940,0.7110,-0.51,-2.97,9.21,-0.06,-1.12,3.12,9.69,0,1.70,-0.0596,0.0059,32,0.751,0.000,0.00,0.00,23.359,0
-2.25,17.25,267.62,0.6844,-0.1185,-0.0945,0.7132,-0.24,-3.06,9.12,-0.12,-2.88,0.75,9.62,0,1.70,-0.0597,0.0055,32,0.751,0.000,0.00,0.00,23.359,0
-2.12,17.12,267.31,0.6828,-0.1168,-0.0948,0.7150,-0.31,-2.72,9.16,0.81,-3.81,4.62,9.56,0,1.70,-0.0593,0.0048,32,0.751,0.000,0.00,0.00,23.359,0
phase1 acc_mag=9.401 gravity=9.519 motion=0.118 moving_avg=0.050 rms=0.065 mean_rms=0.073 max_rms=0.087 min_rms=0.060 std=0.010 var=0.000 state=standing thr=0.093/0.350/0.850
-2.00,17.06,267.19,0.6819,-0.1154,-0.0952,0.7160,-0.48,-2.69,9.03,0.50,-2.50,0.88,9.43,0,1.70,-0.0590,0.0042,32,0.751,0.000,0.00,0.00,23.359,0
-1.94,17.00,267.12,0.6816,-0.1146,-0.0956,0.7164,-0.33,-2.70,9.13,0.88,-0.25,-2.50,9.53,0,1.70,-0.0589,0.0038,32,0.751,0.000,0.00,0.00,23.359,0
-1.88,17.00,267.31,0.6830,-0.1144,-0.0955,0.7151,-0.33,-2.74,9.09,0.25,0.06,-2.75,9.50,0,1.70,-0.0588,0.0039,32,0.751,0.000,0.00,0.00,23.359,0
-1.88,17.00,267.50,0.6840,-0.1143,-0.0954,0.7142,-0.39,-2.87,9.11,0.94,-0.06,-2.00,9.56,0,1.70,-0.0587,0.0040,32,0.751,0.000,0.00,0.00,23.359,0
phase1 acc_mag=9.504 gravity=9.522 motion=0.017 moving_avg=0.050 rms=0.065 mean_rms=0.069 max_rms=0.084 min_rms=0.060 std=0.008 var=0.000 state=standing thr=0.085/0.350/0.850
-1.81,16.94,267.50,0.6840,-0.1136,-0.0953,0.7142,-0.41,-2.59,9.03,1.06,-0.75,0.88,9.40,0,1.70,-0.0585,0.0039,32,0.751,0.000,0.00,0.00,23.359,0
-1.81,16.94,267.50,0.6839,-0.1138,-0.0949,0.7144,-0.45,-2.68,9.11,-0.50,0.25,0.31,9.51,0,1.70,-0.0585,0.0040,32,0.751,0.000,0.00,0.00,23.359,0
-1.88,16.88,267.50,0.6843,-0.1137,-0.0947,0.7141,-0.36,-2.72,9.08,0.44,-0.38,0.88,9.49,0,1.70,-0.0584,0.0041,32,0.751,0.000,0.00,0.00,23.359,0
-1.88,16.88,267.44,0.6836,-0.1139,-0.0947,0.7147,-0.47,-2.83,9.14,-0.12,0.88,-0.94,9.58,0,1.70,-0.0584,0.0041,32,0.751,0.000,0.00,0.00,23.359,0
phase1 acc_mag=9.456 gravity=9.517 motion=0.061 moving_avg=0.054 rms=0.069 mean_rms=0.065 max_rms=0.076 min_rms=0.060 std=0.004 var=0.000 state=standing thr=0.080/0.350/0.850
-1.88,16.94,267.50,0.6840,-0.1140,-0.0947,0.7143,-0.44,-2.47,9.02,1.38,0.56,-3.25,9.36,0,1.70,-0.0585,0.0041,32,0.751,0.000,0.00,0.00,23.359,0
-1.94,16.94,267.50,0.6840,-0.1143,-0.0944,0.7143,-0.43,-2.67,9.16,-0.19,0.00,1.38,9.55,0,1.70,-0.0585,0.0043,32,0.751,0.000,0.00,0.00,23.359,0
-1.94,16.94,267.44,0.6837,-0.1143,-0.0945,0.7145,-0.37,-3.16,9.27,0.38,0.69,-3.81,9.80,0,1.70,-0.0585,0.0042,32,0.751,0.000,0.00,0.00,23.359,0
-1.94,16.94,267.50,0.6842,-0.1144,-0.0944,0.7141,-0.28,-2.74,9.12,-0.88,0.75,3.00,9.53,0,1.70,-0.0585,0.0044,32,0.751,0.000,0.00,0.00,23.359,0
phase1 acc_mag=9.587 gravity=9.520 motion=0.067 moving_avg=0.057 rms=0.074 mean_rms=0.067 max_rms=0.079 min_rms=0.060 std=0.005 var=0.000 state=standing thr=0.080/0.350/0.850
-1.94,16.88,267.62,0.6847,-0.1146,-0.0941,0.7136,-0.30,-2.69,9.11,0.88,-0.38,-0.88,9.50,0,1.70,-0.0585,0.0045,32,0.751,0.000,0.00,0.00,23.359,0
-1.94,16.88,267.56,0.6845,-0.1145,-0.0941,0.7137,-0.45,-2.94,9.18,-1.50,0.56,1.00,9.65,0,1.70,-0.0585,0.0045,32,0.751,0.000,0.00,0.00,23.359,0
-1.94,16.88,267.56,0.6846,-0.1144,-0.0941,0.7137,-0.43,-2.74,9.05,-0.31,0.62,-0.38,9.47,0,1.70,-0.0584,0.0045,32,0.751,0.000,0.00,0.00,23.359,0
-2.00,16.94,267.50,0.6843,-0.1147,-0.0942,0.7139,-0.38,-2.90,9.17,-0.88,0.12,-0.56,9.63,0,1.70,-0.0585,0.0045,32,0.751,0.000,0.00,0.00,23.359,0
phase1 acc_mag=9.619 gravity=9.525 motion=0.094 moving_avg=0.057 rms=0.075 mean_rms=0.068 max_rms=0.079 min_rms=0.060 std=0.005 var=0.000 state=standing thr=0.080/0.350/0.850
-1.94,16.94,267.62,0.6846,-0.1147,-0.0943,0.7136,-0.45,-2.70,9.15,-0.38,-0.25,1.00,9.55,0,1.70,-0.0586,0.0045,32,0.751,0.000,0.00,0.00,23.359,0
-2.00,16.94,267.50,0.6838,-0.1150,-0.0944,0.7143,-0.39,-2.72,9.14,-0.69,-0.06,2.31,9.54,0,1.70,-0.0587,0.0045,32,0.751,0.000,0.00,0.00,23.359,0
-2.12,17.06,267.31,0.6829,-0.1162,-0.0945,0.7150,-0.44,-2.83,9.06,-2.50,3.12,2.06,9.50,0,1.70,-0.0591,0.0047,32,0.751,0.000,0.00,0.00,23.359,0
phase1 acc_mag=9.578 gravity=9.515 motion=0.063 moving_avg=0.057 rms=0.076 mean_rms=0.070 max_rms=0.079 min_rms=0.064 std=0.005 var=0.000 state=standing thr=0.080/0.350/0.850
-2.31,17.19,267.69,0.6849,-0.1185,-0.0938,0.7127,-0.46,-2.76,9.16,-2.31,3.44,-1.06,9.58,0,1.70,-0.0595,0.0057,32,0.751,0.000,0.00,0.00,23.359,0
-2.25,17.25,267.94,0.6863,-0.1189,-0.0941,0.7114,-0.40,-2.72,9.03,-0.31,-0.56,1.69,9.44,0,1.70,-0.0597,0.0059,32,0.751,0.000,0.00,0.00,23.359,0
-2.25,17.25,267.69,0.6847,-0.1185,-0.0944,0.7130,-0.42,-2.73,9.08,-0.62,-1.19,5.12,9.49,0,1.70,-0.0597,0.0055,32,0.751,0.000,0.00,0.00,23.359,0
-2.25,17.50,267.69,0.6848,-0.1199,-0.0959,0.7124,-0.70,-2.94,9.01,-5.06,0.38,-7.25,9.50,0,1.70,-0.0604,0.0055,32,0.751,0.000,0.00,0.00,23.359,0
phase1 acc_mag=9.410 gravity=9.518 motion=0.109 moving_avg=0.067 rms=0.095 mean_rms=0.074 max_rms=0.095 min_rms=0.065 std=0.007 var=0.000 state=slow thr=0.089/0.350/0.850
-2.19,17.69,267.31,0.6823,-0.1207,-0.0979,0.7144,-0.53,-3.01,8.96,-3.44,-0.44,4.38,9.47,0,1.70,-0.0612,0.0050,32,0.751,0.000,0.00,0.00,23.359,0
-2.19,17.75,267.12,0.6810,-0.1208,-0.0986,0.7155,-0.41,-2.81,9.04,-1.44,-0.69,0.75,9.48,0,1.70,-0.0614,0.0047,32,0.751,0.000,0.00,0.00,23.359,0
-2.12,17.88,267.25,0.6818,-0.1213,-0.0993,0.7146,-0.37,-2.84,9.09,-1.38,-0.19,-0.94,9.53,0,1.70,-0.0617,0.0047,32,0.751,0.000,0.00,0.00,23.359,0
-2.06,17.94,267.44,0.6829,-0.1212,-0.1002,0.7134,-0.46,-3.11,9.07,0.25,-3.12,-4.69,9.60,0,1.70,-0.0619,0.0045,32,0.751,0.000,0.00,0.00,23.359,0
phase1 acc_mag=9.461 gravity=9.522 motion=0.061 moving_avg=0.071 rms=0.099 mean_rms=0.080 max_rms=0.099 min_rms=0.068 std=0.011 var=0.000 state=standing thr=0.102/0.350/0.850
-1.75,18.00,268.19,0.6880,-0.1202,-0.1019,0.7084,-0.42,-3.02,9.26,-0.69,-2.00,-13.56,9.75,0,1.70,-0.0621,0.0042,32,0.751,0.000,0.00,0.00,23.359,0
-1.50,18.00,268.56,0.6898,-0.1188,-0.1028,0.7068,-0.29,-2.75,8.96,0.06,1.00,-2.69,9.38,0,1.70,-0.0620,0.0037,32,0.751,0.000,0.00,0.00,23.359,0
-1.56,18.12,268.56,0.6891,-0.1199,-0.1031,0.7072,-0.40,-2.91,9.13,-1.69,0.62,1.50,9.59,0,1.70,-0.0624,0.0039,32,0.751,0.000,0.00,0.00,23.359,0
-1.56,18.12,268.31,0.6882,-0.1201,-0.1035,0.7079,-0.26,-2.91,9.07,-1.19,1.19,-2.25,9.53,0,1.70,-0.0625,0.0038,32,0.751,0.000,0.00,0.00,23.359,0
phase1 acc_mag=9.535 gravity=9.517 motion=0.018 moving_avg=0.076 rms=0.104 mean_rms=0.087 max_rms=0.107 min_rms=0.071 std=0.013 var=0.000 state=standing thr=0.114/0.350/0.850
-1.62,18.25,268.44,0.6887,-0.1214,-0.1037,0.7073,-0.38,-3.00,9.03,-2.94,1.69,-3.00,9.52,0,1.70,-0.0629,0.0041,32,0.751,0.000,0.00,0.00,23.359,0
-1.56,18.31,268.44,0.6885,-0.1212,-0.1041,0.7075,-0.41,-2.91,8.96,0.25,0.25,1.81,9.43,0,1.70,-0.0630,0.0039,32,0.751,0.000,0.00,0.00,23.359,0
-1.69,18.38,268.31,0.6878,-0.1224,-0.1041,0.7079,-0.26,-3.03,8.97,-4.25,2.94,0.44,9.47,0,1.70,-0.0633,0.0042,32,0.751,0.000,0.00,0.00,23.359,0
-1.94,18.62,268.19,0.6866,-0.1257,-0.1042,0.7084,-0.34,-3.08,8.74,-5.81,3.31,3.06,9.27,0,1.70,-0.0642,0.0050,32,0.751,0.000,0.00,0.00,23.359,0
phase1 acc_mag=9.417 gravity=9.509 motion=0.092 moving_avg=0.082 rms=0.110 mean_rms=0.094 max_rms=0.110 min_rms=0.072 std=0.013 var=0.000 state=standing thr=0.119/0.350/0.850
-2.12,18.88,268.31,0.6872,-0.1280,-0.1047,0.7074,-0.46,-3.31,8.84,0.44,4.00,0.62,9.45,0,1.70,-0.0650,0.0056,32,0.751,0.000,0.00,0.00,23.359,0
-2.56,18.81,268.06,0.6861,-0.1310,-0.1012,0.7084,-0.57,-3.11,8.90,-2.88,8.94,-4.38,9.44,0,1.70,-0.0649,0.0073,32,0.751,0.000,0.00,0.00,23.359,0
-2.75,19.25,269.31,0.6927,-0.1352,-0.1019,0.7010,-0.55,-2.98,9.07,-1.38,4.69,-16.44,9.56,0,1.70,-0.0662,0.0089,32,0.751,0.000,0.00,0.00,23.359,0
-2.88,19.31,269.81,0.6957,-0.1365,-0.1005,0.6980,-0.60,-2.99,9.03,0.44,0.06,0.75,9.53,0,1.70,-0.0661,0.0099,32,0.751,0.000,0.00,0.00,23.359,0
phase1 acc_mag=9.561 gravity=9.509 motion=0.052 moving_avg=0.083 rms=0.110 mean_rms=0.101 max_rms=0.113 min_rms=0.079 std=0.009 var=0.000 state=standing thr=0.120/0.350/0.850
-3.06,19.25,269.25,0.6926,-0.1369,-0.0999,0.7011,-0.61,-3.12,9.05,0.81,-0.69,14.94,9.59,0,1.70,-0.0661,0.0099,32,0.751,0.000,0.00,0.00,23.359,0
-3.31,19.12,269.00,0.6911,-0.1373,-0.0977,0.7028,-0.65,-3.14,9.10,1.69,3.56,-2.75,9.65,0,1.70,-0.0656,0.0105,32,0.751,0.000,0.00,0.00,23.359,0
-3.12,19.00,269.38,0.6935,-0.1359,-0.0976,0.7007,-0.77,-2.96,9.11,2.69,-1.25,-8.62,9.61,0,1.70,-0.0652,0.0103,32,0.751,0.000,0.00,0.00,23.359,0
phase1 acc_mag=9.470 gravity=9.525 motion=0.055 moving_avg=0.083 rms=0.103 mean_rms=0.105 max_rms=0.115 min_rms=0.096 std=0.005 var=0.000 state=standing thr=0.116/0.350/0.850
-3.00,18.75,269.31,0.6932,-0.1339,-0.0973,0.7015,-0.68,-3.02,8.95,1.38,-1.81,3.31,9.47,0,1.70,-0.0645,0.0098,32,0.751,0.000,0.00,0.00,23.359,0
-3.00,18.88,269.25,0.6928,-0.1343,-0.0979,0.7017,-0.62,-3.15,9.02,-0.44,-1.69,3.31,9.57,0,1.70,-0.0648,0.0097,32,0.751,0.000,0.00,0.00,23.359,0
-2.94,18.75,268.81,0.6905,-0.1329,-0.0981,0.7042,-0.53,-3.18,9.07,1.69,-4.88,7.44,9.63,0,1.70,-0.0645,0.0091,32,0.751,0.000,0.00,0.00,23.359,0
-2.75,18.44,268.50,0.6886,-0.1288,-0.0972,0.7069,-0.75,-2.83,9.05,4.88,-3.75,5.50,9.51,0,1.70,-0.0632,0.0080,32,0.751,0.000,0.00,0.00,23.359,0
phase1 acc_mag=9.389 gravity=9.528 motion=0.139 moving_avg=0.078 rms=0.097 mean_rms=0.106 max_rms=0.115 min_rms=0.097 std=0.005 var=0.000 state=standing thr=0.115/0.350/0.850
-2.81,18.25,268.25,0.6873,-0.1289,-0.0964,0.7083,-0.35,-2.80,9.05,-0.19,-1.06,-0.25,9.48,0,1.70,-0.0630,0.0081,32,0.751,0.000,0.00,0.00,23.359,0
-2.88,18.44,268.25,0.6869,-0.1300,-0.0974,0.7084,-0.61,-3.02,9.11,-3.94,-0.31,2.75,9.62,0,1.70,-0.0636,0.0081,32,0.751,0.000,0.00,0.00,23.359,0
-2.75,18.50,268.06,0.6858,-0.1293,-0.0989,0.7094,-0.61,-2.99,9.02,0.88,-3.44,3.19,9.52,0,1.70,-0.0638,0.0074,32,0.751,0.000,0.00,0.00,23.359,0
-2.56,18.38,267.81,0.6844,-0.1271,-0.0992,0.7110,-0.44,-2.99,9.04,0.81,-4.25,3.44,9.53,0,1.70,-0.0633,0.0066,32,0.751,0.000,0.00,0.00,23.359,0
phase1 acc_mag=9.551 gravity=9.535 motion=0.016 moving_avg=0.081 rms=0.100 mean_rms=0.105 max_rms=0.115 min_rms=0.096 std=0.005 var=0.000 state=standing thr=0.116/0.350/0.850
-2.38,18.31,267.88,0.6851,-0.1256,-0.0997,0.7106,-0.48,-2.86,8.97,1.81,-0.44,-3.62,9.43,0,1.70,-0.0630,0.0061,32,0.751,0.000,0.00,0.00,23.359,0
-2.38,18.25,268.06,0.6862,-0.1256,-0.0995,0.7096,-0.43,-3.07,9.11,-1.25,0.69,-0.69,9.62,0,1.70,-0.0630,0.0062,32,0.751,0.000,0.00,0.00,23.359,0
-2.44,18.31,267.81,0.6848,-0.1261,-0.0996,0.7108,-0.47,-2.94,8.95,1.19,-0.31,1.00,9.43,0,1.70,-0.0631,0.0062,32,0.751,0.000,0.00,0.00,23.359,0
-2.38,18.25,268.00,0.6858,-0.1256,-0.0994,0.7100,-0.36,-3.07,9.16,0.19,-1.81,-2.31,9.67,0,1.70,-0.0629,0.0062,32,0.751,0.000,0.00,0.00,23.359,0
phase1 acc_mag=9.499 gravity=9.551 motion=0.052 moving_avg=0.081 rms=0.100 mean_rms=0.104 max_rms=0.115 min_rms=0.096 std=0.006 var=0.000 state=standing thr=0.115/0.350/0.850
-2.25,18.25,268.19,0.6870,-0.1249,-0.0999,0.7089,-0.53,-3.02,8.99,0.25,-1.25,0.31,9.50,0,1.70,-0.0628,0.0060,32,0.751,0.000,0.00,0.00,23.359,0
-2.12,18.19,268.25,0.6877,-0.1238,-0.1002,0.7083,-0.54,-3.04,9.18,-0.44,-1.62,-1.44,9.69,0,1.70,-0.0626,0.0057,32,0.751,0.000,0.00,0.00,23.359,0
-2.00,18.19,268.12,0.6868,-0.1233,-0.1011,0.7091,-0.29,-2.85,8.90,-1.94,-2.12,4.12,9.35,0,1.70,-0.0628,0.0052,32,0.751,0.000,0.00,0.00,23.359,0
-1.88,18.44,268.12,0.6867,-0.1236,-0.1037,0.7088,-0.47,-3.15,9.08,-1.88,-2.00,-2.62,9.62,0,1.70,-0.0635,0.0045,32,0.751,0.000,0.00,0.00,23.359,0
phase1 acc_mag=9.443 gravity=9.548 motion=0.105 moving_avg=0.087 rms=0.111 mean_rms=0.102 max_rms=0.115 min_rms=0.096 std=0.005 var=0.000 state=standing thr=0.112/0.350/0.850
-1.50,18.62,268.44,0.6882,-0.1227,-0.1064,0.7072,-0.28,-3.16,8.98,-3.38,-1.56,-6.44,9.52,0,1.70,-0.0640,0.0037,32,0.751,0.000,0.00,0.00,23.359,0
-1.44,18.62,268.56,0.6889,-0.1224,-0.1070,0.7064,-0.40,-3.14,9.11,0.38,0.31,-3.75,9.64,0,1.70,-0.0641,0.0035,32,0.751,0.000,0.00,0.00,23.359,0
-1.31,18.50,269.00,0.6921,-0.1212,-0.1066,0.7035,-0.37,-2.66,8.95,2.50,-0.62,-2.25,9.34,0,1.70,-0.0636,0.0035,32,0.751,0.000,0.00,0.00,23.359,0
-1.12,18.62,269.19,0.6927,-0.1211,-0.1085,0.7026,-0.65,-3.14,8.69,-5.62,-4.44,-11.25,9.26,0,1.70,-0.0641,0.0031,32,0.751,0.000,0.00,0.00,23.359,0
phase1 acc_mag=10.314 gravity=9.533 motion=0.781 moving_avg=0.105 rms=0.147 mean_rms=0.104 max_rms=0.147 min_rms=0.096 std=0.008 var=0.000 state=slow thr=0.119/0.350/0.850
-0.69,18.62,269.31,0.6938,-0.1184,-0.1109,0.7016,-0.13,-2.94,8.98,2.12,-0.69,-4.31,9.45,0,1.70,-0.0640,0.0017,32,0.751,0.000,0.00,0.00,23.359,0
-0.75,18.56,269.12,0.6929,-0.1185,-0.1102,0.7027,-0.25,-2.85,8.93,0.19,1.12,-0.25,9.38,0,1.70,-0.0638,0.0019,32,0.751,0.000,0.00,0.00,23.359,0
-0.75,18.62,269.25,0.6934,-0.1188,-0.1108,0.7020,-0.33,-2.86,8.97,-6.56,-2.19,2.19,9.42,0,1.70,-0.0641,0.0019,32,0.751,0.000,0.00,0.00,23.359,0
phase1 acc_mag=9.299 gravity=9.529 motion=0.230 moving_avg=0.109 rms=0.151 mean_rms=0.114 max_rms=0.151 min_rms=0.098 std=0.020 var=0.000 state=standing thr=0.153/0.353/0.853
-0.50,19.06,268.88,0.6907,-0.1196,-0.1151,0.7039,0.08,-2.76,8.88,-1.38,-1.19,-0.50,9.30,0,1.70,-0.0655,0.0006,32,0.751,0.000,0.00,0.00,23.359,0
-0.44,19.12,268.94,0.6906,-0.1200,-0.1156,0.7037,-0.06,-3.23,8.92,-0.44,0.69,7.94,9.49,0,1.70,-0.0657,0.0006,32,0.751,0.000,0.00,0.00,23.359,0
-0.75,19.12,268.50,0.6882,-0.1212,-0.1145,0.7061,-0.11,-3.14,9.06,-1.88,1.75,2.25,9.59,0,1.70,-0.0657,0.0010,32,0.751,0.000,0.00,0.00,23.359,0
-0.75,19.12,268.69,0.6894,-0.1210,-0.1144,0.7050,-0.22,-3.23,9.10,-0.88,-1.19,0.12,9.66,0,1.70,-0.0657,0.0011,32,0.751,0.000,0.00,0.00,23.359,0
phase1 acc_mag=9.304 gravity=9.536 motion=0.232 moving_avg=0.112 rms=0.152 mean_rms=0.124 max_rms=0.152 min_rms=0.098 std=0.022 var=0.000 state=standing thr=0.169/0.369/0.869
-0.56,19.06,268.50,0.6884,-0.1195,-0.1150,0.7061,-0.26,-2.97,8.97,1.50,-2.50,-0.06,9.45,0,1.70,-0.0654,0.0004,32,0.751,0.000,0.00,0.00,23.359,0
-0.50,19.12,268.44,0.6881,-0.1189,-0.1157,0.7064,-0.02,-2.54,8.81,4.81,-0.81,-2.19,9.17,0,1.70,-0.0654,0.0000,32,0.751,0.000,0.00,0.00,23.359,0
-0.44,19.12,268.56,0.6885,-0.1193,-0.1163,0.7057,-0.07,-3.16,8.93,-0.75,0.25,-3.31,9.47,0,1.70,-0.0657,0.0000,32,0.751,0.000,0.00,0.00,23.359,0
-0.44,19.19,268.69,0.6892,-0.1197,-0.1165,0.7050,-0.15,-3.11,9.05,-0.81,0.56,-0.75,9.57,0,1.70,-0.0659,0.0001,32,0.751,0.000,0.00,0.00,23.359,0
phase1 acc_mag=9.599 gravity=9.531 motion=0.068 moving_avg=0.118 rms=0.162 mean_rms=0.136 max_rms=0.164 min_rms=0.099 std=0.023 var=0.001 state=standing thr=0.181/0.381/0.881
-0.44,19.25,268.81,0.6903,-0.1201,-0.1163,0.7039,-0.15,-2.99,8.95,-0.56,2.00,-2.94,9.44,0,1.70,-0.0659,0.0004,32,0.751,0.000,0.00,0.00,23.359,0
-0.50,19.19,269.12,0.6920,-0.1205,-0.1158,0.7023,-0.07,-3.02,9.05,0.38,1.44,-3.94,9.54,0,1.70,-0.0659,0.0008,32,0.751,0.000,0.00,0.00,23.359,0
-0.50,19.25,269.12,0.6918,-0.1209,-0.1157,0.7024,0.04,-3.14,9.08,0.75,-1.19,1.88,9.61,0,1.70,-0.0660,0.0009,32,0.751,0.000,0.00,0.00,23.359,0
-0.38,19.25,269.62,0.6961,-0.1207,-0.1160,0.6981,-0.11,-2.95,8.95,2.81,1.94,-15.44,9.42,0,1.70,-0.0660,0.0012,32,0.751,0.000,0.00,0.00,23.359,0
phase1 acc_mag=9.501 gravity=9.532 motion=0.031 moving_avg=0.115 rms=0.157 mean_rms=0.147 max_rms=0.164 min_rms=0.106 std=0.017 var=0.000 state=standing thr=0.181/0.381/0.881
-0.31,19.25,270.06,0.6977,-0.1207,-0.1158,0.6966,-0.05,-2.93,8.95,1.19,-0.31,0.19,9.42,0,1.70,-0.0659,0.0014,32,0.751,0.000,0.00,0.00,23.359,0
-0.31,19.19,270.19,0.6989,-0.1202,-0.1157,0.6955,-0.11,-2.96,8.95,0.50,0.12,-3.88,9.43,0,1.70,-0.0658,0.0014,32,0.751,0.000,0.00,0.00,23.359,0
-0.25,19.19,270.44,0.6999,-0.1202,-0.1159,0.6945,-0.10,-3.09,8.98,-1.31,0.94,-0.62,9.50,0,1.70,-0.0658,0.0015,32,0.751,0.000,0.00,0.00,23.359,0
-0.31,19.25,270.44,0.6996,-0.1216,-0.1158,0.6945,-0.09,-2.94,9.01,-1.94,0.69,4.50,9.48,0,1.70,-0.0662,0.0019,32,0.751,0.000,0.00,0.00,23.359,0
phase1 acc_mag=9.568 gravity=9.526 motion=0.042 moving_avg=0.086 rms=0.114 mean_rms=0.152 max_rms=0.164 min_rms=0.114 std=0.010 var=0.000 state=standing thr=0.172/0.372/0.872
-0.44,19.38,270.25,0.6986,-0.1224,-0.1162,0.6953,0.02,-3.16,8.98,-1.69,-0.25,-2.50,9.52,0,1.70,-0.0665,0.0019,32,0.751,0.000,0.00,0.00,23.359,0
-0.38,19.44,270.38,0.6994,-0.1224,-0.1165,0.6945,-0.23,-2.94,8.90,2.12,0.88,-3.12,9.38,0,1.70,-0.0666,0.0019,32,0.751,0.000,0.00,0.00,23.359,0
-0.44,19.50,270.31,0.6992,-0.1231,-0.1164,0.6946,-0.11,-2.97,8.94,-0.81,1.38,1.38,9.42,0,1.70,-0.0668,0.0021,32,0.751,0.000,0.00,0.00,23.359,0
phase1 acc_mag=9.526 gravity=9.532 motion=0.006 moving_avg=0.078 rms=0.107 mean_rms=0.144 max_rms=0.164 min_rms=0.107 std=0.020 var=0.000 state=standing thr=0.184/0.384/0.884
-0.50,19.56,270.25,0.6984,-0.1241,-0.1166,0.6951,-0.06,-3.12,9.00,-0.19,-0.12,1.00,9.53,0,1.70,-0.0671,0.0022,32,0.751,0.000,0.00,0.00,23.359,0
-0.50,19.62,270.19,0.6982,-0.1244,-0.1169,0.6953,0.00,-3.40,9.07,0.38,0.25,0.06,9.69,0,1.70,-0.0672,0.0022,32,0.751,0.000,0.00,0.00,23.359,0
-0.44,19.62,270.19,0.6982,-0.1240,-0.1172,0.6953,-0.14,-3.01,8.90,0.44,-1.19,1.56,9.40,0,1.70,-0.0672,0.0020,32,0.751,0.000,0.00,0.00,23.359,0
-0.44,19.75,270.31,0.6988,-0.1245,-0.1182,0.6944,-0.16,-3.17,9.01,-1.25,-0.19,-0.75,9.55,0,1.70,-0.0676,0.0020,32,0.751,0.000,0.00,0.00,23.359,0
phase1 acc_mag=9.482 gravity=9.525 motion=0.043 moving_avg=0.073 rms=0.102 mean_rms=0.136 max_rms=0.164 min_rms=0.102 std=0.024 var=0.001 state=standing thr=0.184/0.384/0.884
-0.44,19.75,270.25,0.6982,-0.1246,-0.1181,0.6950,-0.01,-3.08,8.84,0.38,1.50,3.31,9.36,0,1.70,-0.0676,0.0020,32,0.751,0.000,0.00,0.00,23.359,0
-0.69,19.75,270.12,0.6976,-0.1262,-0.1164,0.6956,-0.15,-3.35,8.95,-0.19,3.81,-0.25,9.56,0,1.70,-0.0676,0.0028,32,0.751,0.000,0.00,0.00,23.359,0
-0.75,19.69,270.62,0.7005,-0.1265,-0.1154,0.6928,-0.14,-3.24,9.11,-1.06,2.38,-7.94,9.67,0,1.70,-0.0674,0.0035,32,0.751,0.000,0.00,0.00,23.359,0
-0.69,19.69,270.88,0.7023,-0.1264,-0.1153,0.6910,-0.39,-3.05,9.02,1.25,0.06,-2.75,9.53,0,1.70,-0.0673,0.0036,32,0.751,0.000,0.00,0.00,23.359,0
phase1 acc_mag=9.517 gravity=9.533 motion=0.016 moving_avg=0.066 rms=0.088 mean_rms=0.121 max_rms=0.162 min_rms=0.085 std=0.026 var=0.001 state=standing thr=0.173/0.373/0.873
-0.69,19.56,270.56,0.7004,-0.1254,-0.1151,0.6932,-0.32,-3.03,8.91,2.06,-2.12,5.50,9.42,0,1.70,-0.0670,0.0032,32,0.751,0.000,0.00,0.00,23.359,0
-0.75,19.44,270.12,0.6978,-0.1245,-0.1145,0.6961,0.00,-3.11,8.90,0.69,-0.62,3.56,9.43,0,1.70,-0.0666,0.0029,32,0.751,0.000,0.00,0.00,23.359,0
-0.75,19.50,269.94,0.6967,-0.1250,-0.1148,0.6970,-0.11,-3.43,9.00,-1.38,0.31,1.94,9.63,0,1.70,-0.0668,0.0028,32,0.751,0.000,0.00,0.00,23.359,0
phase1 acc_mag=9.501 gravity=9.532 motion=0.032 moving_avg=0.060 rms=0.081 mean_rms=0.104 max_rms=0.154 min_rms=0.080 std=0.020 var=0.000 state=standing thr=0.145/0.350/0.850
-0.88,19.56,270.06,0.6974,-0.1262,-0.1146,0.6962,-0.37,-3.08,8.98,-0.69,2.50,-0.94,9.50,0,1.70,-0.0671,0.0033,32,0.751,0.000,0.00,0.00,23.359,0
-1.00,19.62,269.81,0.6958,-0.1271,-0.1144,0.6976,-0.18,-3.03,8.97,-1.75,0.12,3.56,9.47,0,1.70,-0.0673,0.0035,32,0.751,0.000,0.00,0.00,23.359,0
-1.06,19.69,269.75,0.6956,-0.1276,-0.1145,0.6977,-0.32,-3.06,8.93,0.56,2.19,-4.12,9.45,0,1.70,-0.0675,0.0036,32,0.751,0.000,0.00,0.00,23.359,0
-1.00,19.56,270.06,0.6972,-0.1265,-0.1137,0.6964,-0.25,-2.97,9.07,3.88,-0.62,-2.19,9.55,0,1.70,-0.0670,0.0036,32,0.751,0.000,0.00,0.00,23.359,0
phase1 acc_mag=9.526 gravity=9.539 motion=0.013 moving_avg=0.067 rms=0.088 mean_rms=0.094 max_rms=0.111 min_rms=0.080 std=0.012 var=0.000 state=standing thr=0.118/0.350/0.850
-0.94,19.44,269.62,0.6948,-0.1254,-0.1141,0.6989,-0.22,-3.35,9.03,0.00,-4.00,7.19,9.63,0,1.70,-0.0668,0.0030,32,0.751,0.000,0.00,0.00,23.359,0
-0.75,19.38,269.44,0.6936,-0.1235,-0.1149,0.7003,0.01,-3.05,8.94,0.00,-2.56,1.69,9.45,0,1.70,-0.0665,0.0021,32,0.751,0.000,0.00,0.00,23.359,0
-0.75,19.38,269.31,0.6928,-0.1232,-0.1152,0.7011,-0.24,-3.30,9.07,0.38,-2.38,4.25,9.65,0,1.70,-0.0665,0.0018,32,0.751,0.000,0.00,0.00,23.359,0
-0.56,19.25,269.25,0.6927,-0.1216,-0.1154,0.7014,-0.30,-2.93,8.88,0.94,-0.75,-1.81,9.36,0,1.70,-0.0661,0.0013,32,0.751,0.000,0.00,0.00,23.359,0
phase1 acc_mag=9.715 gravity=9.543 motion=0.173 moving_avg=0.069 rms=0.092 mean_rms=0.090 max_rms=0.111 min_rms=0.080 std=0.009 var=0.000 state=standing thr=0.108/0.350/0.850
-0.50,19.25,269.25,0.6926,-0.1210,-0.1158,0.7016,-0.20,-3.13,8.96,1.75,-0.19,-3.06,9.49,0,1.70,-0.0660,0.0010,32,0.751,0.000,0.00,0.00,23.359,0
-0.44,19.31,269.19,0.6922,-0.1208,-0.1165,0.7019,-0.18,-3.07,8.97,-2.50,-1.50,2.25,9.48,0,1.70,-0.0662,0.0007,32,0.751,0.000,0.00,0.00,23.359,0
-0.44,19.31,269.19,0.6921,-0.1210,-0.1168,0.7020,0.21,-3.14,8.89,1.75,3.06,1.50,9.43,0,1.70,-0.0663,0.0007,32,0.751,0.000,0.00,0.00,23.359,0
-0.75,19.31,269.06,0.6915,-0.1225,-0.1146,0.7027,-0.38,-3.17,8.98,1.62,1.81,1.81,9.53,0,1.70,-0.0661,0.0017,32,0.751,0.000,0.00,0.00,23.359,0
phase1 acc_mag=9.530 gravity=9.540 motion=0.010 moving_avg=0.072 rms=0.096 mean_rms=0.088 max_rms=0.099 min_rms=0.080 std=0.006 var=0.000 state=standing thr=0.099/0.350/0.850
-0.62,19.38,269.25,0.6924,-0.1224,-0.1160,0.7015,-0.16,-3.28,9.08,-1.25,-3.12,-5.00,9.66,0,1.70,-0.0665,0.0013,32,0.751,0.000,0.00,0.00,23.359,0
-0.44,19.50,269.44,0.6940,-0.1223,-0.1180,0.6996,-0.03,-3.32,9.06,-3.25,-1.62,-3.88,9.65,0,1.70,-0.0670,0.0009,32,0.751,0.000,0.00,0.00,23.359,0
-0.31,19.56,269.50,0.6941,-0.1223,-0.1187,0.6994,0.04,-3.21,8.96,-1.62,0.81,-0.44,9.52,0,1.70,-0.0672,0.0008,32,0.751,0.000,0.00,0.00,23.359,0
-0.44,19.62,269.56,0.6945,-0.1231,-0.1180,0.6990,-0.12,-3.17,9.09,-0.69,0.88,-0.12,9.63,0,1.70,-0.0672,0.0012,32,0.751,0.000,0.00,0.00,23.359,0
phase1 acc_mag=9.544 gravity=9.530 motion=0.014 moving_avg=0.077 rms=0.098 mean_rms=0.090 max_rms=0.099 min_rms=0.080 std=0.007 var=0.000 state=standing thr=0.103/0.350/0.850
-0.38,19.62,269.56,0.6944,-0.1227,-0.1185,0.6990,-0.11,-3.09,8.99,1.69,-2.56,1.94,9.51,0,1.70,-0.0672,0.0010,32,0.751,0.000,0.00,0.00,23.359,0
-0.25,19.62,269.69,0.6952,-0.1221,-0.1193,0.6982,0.00,-3.08,8.96,-1.06,0.56,-4.31,9.47,0,1.70,-0.0673,0.0007,32,0.751,0.000,0.00,0.00,23.359,0
-0.31,19.69,269.75,0.6953,-0.1232,-0.1192,0.6979,0.04,-3.21,9.03,-1.50,0.25,2.44,9.58,0,1.70,-0.0675,0.0010,32,0.751,0.000,0.00,0.00,23.359,0
phase1 acc_mag=9.506 gravity=9.526 motion=0.020 moving_avg=0.076 rms=0.097 mean_rms=0.093 max_rms=0.101 min_rms=0.083 std=0.006 var=0.000 state=standing thr=0.106/0.350/0.850
-0.38,19.88,269.56,0.6938,-0.1243,-0.1200,0.6991,0.03,-3.06,9.00,-2.94,-0.88,4.25,9.51,0,1.70,-0.0681,0.0009,32,0.751,0.000,0.00,0.00,23.359,0
-0.44,20.06,269.25,0.6917,-0.1256,-0.1210,0.7008,-0.26,-3.21,8.95,-2.31,-0.19,1.44,9.51,0,1.70,-0.0687,0.0008,32,0.751,0.000,0.00,0.00,23.359,0
-0.50,20.12,269.00,0.6901,-0.1258,-0.1216,0.7022,0.01,-3.31,9.07,-0.69,-1.38,1.94,9.66,0,1.70,-0.0689,0.0006,32,0.751,0.000,0.00,0.00,23.359,0
-0.50,20.12,269.00,0.6904,-0.1261,-0.1210,0.7020,-0.11,-2.92,8.90,2.75,1.81,2.00,9.37,0,1.70,-0.0688,0.0009,32,0.751,0.000,0.00,0.00,23.359,0
phase1 acc_mag=9.547 gravity=9.528 motion=0.019 moving_avg=0.079 rms=0.100 mean_rms=0.095 max_rms=0.101 min_rms=0.083 std=0.005 var=0.000 state=standing thr=0.106/0.350/0.850
-0.56,20.06,269.06,0.6906,-0.1264,-0.1206,0.7018,0.01,-3.02,8.95,1.44,-0.06,-2.50,9.45,0,1.70,-0.0688,0.0011,32,0.751,0.000,0.00,0.00,23.359,0
-0.56,20.19,268.94,0.6898,-0.1266,-0.1215,0.7024,-0.17,-3.31,8.88,-2.06,-1.50,1.19,9.48,0,1.70,-0.0691,0.0008,32,0.751,0.000,0.00,0.00,23.359,0
-0.44,20.19,268.81,0.6891,-0.1254,-0.1224,0.7032,0.00,-3.11,8.90,3.06,-1.69,1.56,9.43,0,1.70,-0.0690,0.0002,32,0.751,0.000,0.00,0.00,23.359,0
-0.31,20.19,268.75,0.6886,-0.1252,-0.1232,0.7036,0.00,-3.24,8.85,-1.81,-0.31,2.56,9.42,0,1.70,-0.0692,-0.0002,32,0.751,0.000,0.00,0.00,23.359,0
phase1 acc_mag=9.494 gravity=9.522 motion=0.029 moving_avg=0.080 rms=0.101 mean_rms=0.099 max_rms=0.109 min_rms=0.092 std=0.005 var=0.000 state=standing thr=0.109/0.350/0.850
-0.56,20.31,268.50,0.6868,-0.1268,-0.1229,0.7050,-0.16,-3.27,9.01,-1.06,0.31,4.75,9.59,0,1.70,-0.0695,0.0002,32,0.751,0.000,0.00,0.00,23.359,0
-0.38,20.31,268.44,0.6866,-0.1258,-0.1241,0.7052,0.00,-3.31,9.01,2.19,-2.94,-1.31,9.60,0,1.70,-0.0696,-0.0005,32,0.751,0.000,0.00,0.00,23.359,0
-0.12,20.25,268.75,0.6887,-0.1241,-0.1249,0.7033,-0.08,-3.04,8.82,0.94,-0.38,-5.19,9.33,0,1.70,-0.0693,-0.0009,32,0.751,0.000,0.00,0.00,23.359,0
-0.06,20.25,268.81,0.6888,-0.1240,-0.1251,0.7032,0.06,-3.30,9.03,1.50,-1.56,-0.19,9.61,0,1.70,-0.0693,-0.0010,32,0.751,0.000,0.00,0.00,23.359,0
phase1 acc_mag=9.433 gravity=9.531 motion=0.098 moving_avg=0.088 rms=0.109 mean_rms=0.101 max_rms=0.109 min_rms=0.092 std=0.005 var=0.000 state=standing thr=0.112/0.350/0.850
0.00,20.25,268.75,0.6888,-0.1232,-0.1254,0.7033,-0.04,-3.20,8.86,-0.19,-0.25,1.94,9.42,0,1.70,-0.0692,-0.0013,32,0.751,0.000,0.00,0.00,23.359,0
0.00,20.12,268.69,0.6884,-0.1222,-0.1256,0.7039,-0.07,-3.34,8.93,0.00,-1.19,1.62,9.53,0,1.70,-0.0690,-0.0017,32,0.751,0.000,0.00,0.00,23.359,0
0.06,20.19,268.75,0.6888,-0.1221,-0.1259,0.7035,0.15,-3.21,8.96,1.94,-1.56,-5.81,9.52,0,1.70,-0.0690,-0.0018,32,0.751,0.000,0.00,0.00,23.359,0
phase1 acc_mag=9.635 gravity=9.528 motion=0.107 moving_avg=0.090 rms=0.111 mean_rms=0.104 max_rms=0.111 min_rms=0.095 std=0.006 var=0.000 state=standing thr=0.116/0.350/0.850
0.25,20.12,268.94,0.6899,-0.1208,-0.1264,0.7024,0.04,-3.36,9.03,1.69,0.44,-1.69,9.63,0,1.70,-0.0688,-0.0022,32,0.751,0.000,0.00,0.00,23.359,0
0.19,20.19,268.94,0.6901,-0.1213,-0.1265,0.7022,0.02,-3.07,8.82,-0.75,0.50,-1.38,9.34,0,1.70,-0.0690,-0.0020,32,0.751,0.000,0.00,0.00,23.359,0
0.12,20.25,268.94,0.6896,-0.1222,-0.1265,0.7025,0.10,-3.21,9.03,-1.06,0.94,1.94,9.58,0,1.70,-0.0692,-0.0018,32,0.751,0.000,0.00,0.00,23.359,0
0.12,20.25,269.00,0.6902,-0.1227,-0.1265,0.7018,-0.05,-3.24,9.00,-0.38,-0.56,-1.00,9.57,0,1.70,-0.0694,-0.0016,32,0.751,0.000,0.00,0.00,23.359,0
phase1 acc_mag=9.451 gravity=9.531 motion=0.079 moving_avg=0.098 rms=0.118 mean_rms=0.107 max_rms=0.119 min_rms=0.095 std=0.007 var=0.000 state=standing thr=0.120/0.350/0.850
0.25,20.19,269.12,0.6911,-0.1216,-0.1266,0.7011,0.00,-3.43,8.96,0.31,-0.88,-1.25,9.59,0,1.70,-0.0691,-0.0019,32,0.751,0.000,0.00,0.00,23.359,0
0.25,20.12,269.25,0.6918,-0.1213,-0.1265,0.7006,0.00,-3.16,8.92,-2.19,0.88,-2.44,9.46,0,1.70,-0.0690,-0.0019,32,0.751,0.000,0.00,0.00,23.359,0
0.19,20.25,269.19,0.6911,-0.1223,-0.1268,0.7010,-0.03,-3.34,8.94,1.31,-0.44,4.00,9.54,0,1.70,-0.0693,-0.0017,32,0.751,0.000,0.00,0.00,23.359,0
0.19,20.38,269.12,0.6910,-0.1229,-0.1273,0.7009,-0.11,-3.30,8.98,0.06,0.31,0.12,9.57,0,1.70,-0.0696,-0.0017,32,0.751,0.000,0.00,0.00,23.359,0
phase1 acc_mag=9.646 gravity=9.532 motion=0.113 moving_avg=0.092 rms=0.110 mean_rms=0.111 max_rms=0.119 min_rms=0.101 std=0.006 var=0.000 state=standing thr=0.122/0.350/0.850
-0.06,20.38,269.06,0.6903,-0.1249,-0.1259,0.7015,0.13,-3.26,9.03,-1.38,5.19,4.44,9.60,0,1.70,-0.0698,-0.0008,32,0.751,0.000,0.00,0.00,23.359,0
-0.44,20.31,269.19,0.6913,-0.1268,-0.1230,0.7006,0.10,-3.14,9.03,1.88,3.19,-0.25,9.56,0,1.70,-0.0696,0.0006,32,0.751,0.000,0.00,0.00,23.359,0
-0.50,20.19,269.50,0.6932,-0.1268,-0.1213,0.6990,0.10,-3.46,9.02,-1.50,1.44,-0.38,9.66,0,1.70,-0.0691,0.0012,32,0.751,0.000,0.00,0.00,23.359,0
phase1 acc_mag=9.509 gravity=9.529 motion=0.020 moving_avg=0.093 rms=0.118 mean_rms=0.113 max_rms=0.123 min_rms=0.104 std=0.006 var=0.000 state=standing thr=0.124/0.350/0.850
-0.50,20.06,269.75,0.6947,-0.1267,-0.1204,0.6977,-0.31,-3.17,8.96,3.00,0.00,-4.12,9.51,0,1.70,-0.0688,0.0016,32,0.751,0.000,0.00,0.00,23.359,0
-0.44,19.94,269.94,0.6961,-0.1253,-0.1195,0.6967,-0.08,-3.06,8.92,1.75,0.50,-2.88,9.43,0,1.70,-0.0682,0.0016,32,0.751,0.000,0.00,0.00,23.359,0
-0.44,19.94,269.94,0.6962,-0.1257,-0.1197,0.6966,-0.25,-2.92,8.96,2.12,0.81,-3.06,9.43,0,1.70,-0.0684,0.0017,32,0.751,0.000,0.00,0.00,23.359,0
-0.56,19.88,269.94,0.6964,-0.1260,-0.1183,0.6966,-0.34,-3.39,9.08,-0.06,2.31,0.12,9.70,0,1.70,-0.0681,0.0021,32,0.751,0.000,0.00,0.00,23.359,0
phase1 acc_mag=9.544 gravity=9.538 motion=0.007 moving_avg=0.091 rms=0.119 mean_rms=0.115 max_rms=0.123 min_rms=0.108 std=0.005 var=0.000 state=standing thr=0.126/0.350/0.850
-0.75,19.62,269.62,0.6946,-0.1251,-0.1163,0.6989,-0.13,-3.43,8.99,3.62,-0.25,9.06,9.62,0,1.70,-0.0673,0.0022,32,0.751,0.000,0.00,0.00,23.359,0
-0.81,19.31,269.44,0.6937,-0.1235,-0.1142,0.7003,-0.24,-2.88,9.04,3.06,-0.44,2.81,9.49,0,1.70,-0.0663,0.0023,32,0.751,0.000,0.00,0.00,23.359,0
-0.62,19.25,269.31,0.6931,-0.1215,-0.1154,0.7012,0.18,-3.05,8.97,1.75,-3.94,2.38,9.48,0,1.70,-0.0661,0.0013,32,0.751,0.000,0.00,0.00,23.359,0
-0.56,19.12,269.19,0.6926,-0.1207,-0.1148,0.7018,-0.06,-3.17,9.07,1.00,-0.88,2.56,9.61,0,1.70,-0.0657,0.0012,32,0.751,0.000,0.00,0.00,23.359,0
phase1 acc_mag=9.536 gravity=9.540 motion=0.005 moving_avg=0.095 rms=0.123 mean_rms=0.118 max_rms=0.125 min_rms=0.108 std=0.005 var=0.000 state=standing thr=0.129/0.350/0.850
-0.62,19.06,269.06,0.6919,-0.1202,-0.1141,0.7027,-0.21,-3.02,9.07,0.31,0.38,2.31,9.56,0,1.70,-0.0654,0.0012,32,0.751,0.000,0.00,0.00,23.359,0
-0.50,19.00,269.06,0.6918,-0.1193,-0.1146,0.7029,-0.01,-2.86,8.93,0.75,-0.56,-0.06,9.38,0,1.70,-0.0653,0.0008,32,0.751,0.000,0.00,0.00,23.359,0
-0.38,19.06,269.19,0.6927,-0.1190,-0.1154,0.7019,-0.05,-3.04,9.05,-0.75,-2.12,0.62,9.55,0,1.70,-0.0654,0.0006,32,0.751,0.000,0.00,0.00,23.359,0
-0.06,19.12,269.50,0.6943,-0.1178,-0.1176,0.7001,0.06,-3.00,9.04,0.81,-5.56,-5.62,9.52,0,1.70,-0.0656,-0.0002,32,0.751,0.000,0.00,0.00,23.359,0
phase1 acc_mag=9.555 gravity=9.545 motion=0.010 moving_avg=0.088 rms=0.117 mean_rms=0.119 max_rms=0.125 min_rms=0.108 std=0.005 var=0.000 state=standing thr=0.129/0.350/0.850
0.12,19.12,269.62,0.6953,-0.1162,-0.1189,0.6993,0.09,-3.14,9.00,-0.12,-0.19,-1.56,9.53,0,1.70,-0.0656,-0.0009,32,0.751,0.000,0.00,0.00,23.359,0
0.12,19.06,269.69,0.6957,-0.1158,-0.1187,0.6989,-0.01,-3.14,9.03,0.44,-1.94,0.62,9.56,0,1.70,-0.0654,-0.0009,32,0.751,0.000,0.00,0.00,23.359,0
0.12,18.94,269.56,0.6949,-0.1151,-0.1179,0.7000,-0.02,-2.79,9.00,-1.81,-0.56,1.19,9.42,0,1.70,-0.0650,-0.0010,32,0.751,0.000,0.00,0.00,23.359,0
0.19,19.00,269.56,0.6951,-0.1152,-0.1187,0.6996,0.02,-3.02,8.96,-0.31,0.25,-2.69,9.46,0,1.70,-0.0652,-0.0012,32,0.751,0.000,0.00,0.00,23.359,0
phase1 acc_mag=9.581 gravity=9.540 motion=0.041 moving_avg=0.083 rms=0.114 mean_rms=0.119 max_rms=0.125 min_rms=0.108 std=0.005 var=0.000 state=standing thr=0.129/0.350/0.850
0.19,19.12,269.69,0.6955,-0.1160,-0.1196,0.6990,-0.01,-3.14,9.04,-2.12,-0.25,0.12,9.57,0,1.70,-0.0657,-0.0012,32,0.751,0.000,0.00,0.00,23.359,0
0.19,19.25,269.75,0.6958,-0.1169,-0.1198,0.6985,0.05,-3.26,9.10,-1.19,1.94,-1.44,9.67,0,1.70,-0.0660,-0.0009,32,0.751,0.000,0.00,0.00,23.359,0
0.00,19.38,269.88,0.6963,-0.1187,-0.1194,0.6978,0.16,-3.36,9.12,-3.56,3.25,-0.81,9.72,0,1.70,-0.0664,-0.0003,32,0.751,0.000,0.00,0.00,23.359,0
0.00,19.38,270.00,0.6970,-0.1194,-0.1187,0.6970,0.00,-3.23,9.03,0.06,0.56,0.88,9.59,0,1.70,-0.0664,0.0002,32,0.751,0.000,0.00,0.00,23.359,0
phase1 acc_mag=9.475 gravity=9.545 motion=0.070 moving_avg=0.077 rms=0.099 mean_rms=0.116 max_rms=0.125 min_rms=0.097 std=0.009 var=0.000 state=standing thr=0.133/0.350/0.850
-0.06,19.31,270.19,0.6982,-0.1195,-0.1179,0.6959,0.15,-2.75,8.92,0.31,2.31,-4.25,9.34,0,1.70,-0.0662,0.0006,32,0.751,0.000,0.00,0.00,23.359,0
-0.12,19.56,270.50,0.7003,-0.1219,-0.1190,0.6933,-0.35,-3.91,9.40,0.25,-0.94,-2.00,10.19,0,1.70,-0.0671,0.0012,32,0.751,0.000,0.00,0.00,23.359,0
0.00,19.62,270.44,0.6996,-0.1215,-0.1199,0.6939,-0.10,-3.22,8.88,-1.12,-2.62,2.81,9.45,0,1.70,-0.0673,0.0007,32,0.751,0.000,0.00,0.00,23.359,0
0.00,19.56,270.12,0.6974,-0.1201,-0.1203,0.6963,0.02,-2.94,8.83,1.50,-2.81,5.75,9.31,0,1.70,-0.0670,-0.0000,32,0.751,0.000,0.00,0.00,23.359,0
phase1 acc_mag=9.424 gravity=9.535 motion=0.112 moving_avg=0.078 rms=0.109 mean_rms=0.113 max_rms=0.125 min_rms=0.096 std=0.009 var=0.000 state=standing thr=0.132/0.350/0.850
0.00,19.56,269.75,0.6953,-0.1198,-0.1208,0.6983,0.00,-3.23,9.00,-0.75,-1.94,5.25,9.56,0,1.70,-0.0670,-0.0004,32,0.751,0.000,0.00,0.00,23.359,0
0.00,19.62,269.44,0.6934,-0.1198,-0.1214,0.7001,0.04,-3.44,8.99,-3.25,-0.81,2.50,9.63,0,1.70,-0.0672,-0.0008,32,0.751,0.000,0.00,0.00,23.359,0
0.00,19.69,269.31,0.6926,-0.1202,-0.1218,0.7007,0.18,-3.24,9.07,-1.00,-1.00,2.44,9.63,0,1.70,-0.0674,-0.0008,32,0.751,0.000,0.00,0.00,23.359,0
phase1 acc_mag=9.733 gravity=9.531 motion=0.202 moving_avg=0.079 rms=0.112 mean_rms=0.110 max_rms=0.122 min_rms=0.096 std=0.008 var=0.000 state=standing thr=0.126/0.350/0.850
0.00,19.69,269.19,0.6917,-0.1204,-0.1217,0.7017,-0.14,-3.45,9.10,-2.56,0.38,2.50,9.73,0,1.70,-0.0675,-0.0009,32,0.751,0.000,0.00,0.00,23.359,0
0.00,19.69,269.00,0.6907,-0.1200,-0.1218,0.7026,-0.03,-3.17,8.96,-0.56,-0.50,1.00,9.50,0,1.70,-0.0674,-0.0011,32,0.751,0.000,0.00,0.00,23.359,0
0.00,19.75,269.06,0.6912,-0.1207,-0.1219,0.7020,-0.03,-3.15,8.98,-1.06,2.06,-1.31,9.52,0,1.70,-0.0676,-0.0008,32,0.751,0.000,0.00,0.00,23.359,0
-0.06,19.81,269.25,0.6921,-0.1219,-0.1219,0.7009,-0.10,-2.98,8.96,-0.94,1.38,-2.00,9.44,0,1.70,-0.0679,-0.0004,32,0.751,0.000,0.00,0.00,23.359,0
phase1 acc_mag=9.507 gravity=9.525 motion=0.018 moving_avg=0.077 rms=0.110 mean_rms=0.108 max_rms=0.117 min_rms=0.096 std=0.007 var=0.000 state=standing thr=0.121/0.350/0.850
-0.06,19.81,269.38,0.6930,-0.1219,-0.1216,0.7001,0.02,-3.00,8.92,1.81,-0.19,-2.31,9.41,0,1.70,-0.0678,-0.0003,32,0.751,0.000,0.00,0.00,23.359,0
-0.12,19.81,269.44,0.6932,-0.1223,-0.1217,0.6998,-0.16,-3.15,9.06,-0.44,0.50,-0.12,9.59,0,1.70,-0.0680,-0.0002,32,0.751,0.000,0.00,0.00,23.359,0
-0.06,20.06,269.62,0.6943,-0.1235,-0.1233,0.6982,0.09,-3.82,9.28,-6.56,0.19,-6.12,10.04,0,1.70,-0.0687,-0.0001,32,0.751,0.000,0.00,0.00,23.359,0
-0.06,20.06,270.00,0.6966,-0.1241,-0.1229,0.6959,-0.04,-3.23,8.91,1.00,3.31,-6.44,9.48,0,1.70,-0.0688,0.0004,32,0.751,0.000,0.00,0.00,23.359,0
phase1 acc_mag=9.748 gravity=9.524 motion=0.224 moving_avg=0.094 rms=0.134 mean_rms=0.109 max_rms=0.134 min_rms=0.096 std=0.009 var=0.000 state=slow thr=0.127/0.350/0.850
-0.19,19.81,270.12,0.6974,-0.1234,-0.1201,0.6956,-0.12,-3.01,8.96,1.94,0.19,-0.25,9.45,0,1.70,-0.0678,0.0010,32,0.751,0.000,0.00,0.00,23.359,0
-0.19,19.81,270.06,0.6970,-0.1234,-0.1206,0.6960,0.03,-3.21,9.00,-2.25,-1.44,3.12,9.56,0,1.70,-0.0680,0.0008,32,0.751,0.000,0.00,0.00,23.359,0
-0.06,20.00,270.12,0.6973,-0.1236,-0.1223,0.6954,-0.04,-3.15,9.08,-5.44,-1.94,-5.75,9.61,0,1.70,-0.0685,0.0005,32,0.751,0.000,0.00,0.00,23.359,0
0.12,20.38,270.75,0.7013,-0.1257,-0.1252,0.6904,-0.01,-3.47,8.78,-2.62,4.69,-10.94,9.44,0,1.70,-0.0698,0.0007,32,0.751,0.000,0.00,0.00,23.359,0
phase1 acc_mag=9.782 gravity=9.523 motion=0.259 moving_avg=0.098 rms=0.138 mean_rms=0.117 max_rms=0.138 min_rms=0.096 std=0.012 var=0.000 state=standing thr=0.141/0.350/0.850
0.06,20.50,271.75,0.7064,-0.1271,-0.1247,0.6851,0.12,-3.25,9.41,-2.44,2.75,-14.00,9.96,0,1.70,-0.0701,0.0017,32,0.751,0.000,0.00,0.00,23.359,0
0.38,20.56,272.19,0.7090,-0.1261,-0.1266,0.6822,0.18,-3.20,8.53,4.12,-2.69,8.94,9.11,0,1.70,-0.0703,0.0012,32,0.751,0.000,0.00,0.00,23.359,0
0.19,20.69,271.56,0.7054,-0.1274,-0.1266,0.6857,0.00,-3.65,8.97,-2.81,3.19,11.25,9.68,0,1.70,-0.0707,0.0012,32,0.751,0.000,0.00,0.00,23.359,0
phase1 acc_mag=9.569 gravity=9.527 motion=0.043 moving_avg=0.118 rms=0.161 mean_rms=0.127 max_rms=0.161 min_rms=0.104 std=0.019 var=0.000 state=standing thr=0.164/0.364/0.864
0.00,20.62,271.06,0.7021,-0.1279,-0.1252,0.6891,-0.03,-3.36,8.96,0.38,0.31,3.25,9.57,0,1.70,-0.0704,0.0014,32,0.751,0.000,0.00,0.00,23.359,0
-0.19,20.62,270.81,0.7006,-0.1290,-0.1242,0.6907,-0.07,-3.37,9.18,-1.88,1.50,6.06,9.78,0,1.70,-0.0705,0.0018,32,0.751,0.000,0.00,0.00,23.359,0
-0.12,20.75,270.62,0.6992,-0.1288,-0.1262,0.6918,-0.13,-3.57,8.81,-1.38,-5.62,2.25,9.51,0,1.70,-0.0709,0.0011,32,0.751,0.000,0.00,0.00,23.359,0
0.06,20.75,270.31,0.6976,-0.1275,-0.1277,0.6934,0.04,-3.42,8.90,0.12,-2.50,2.38,9.53,0,1.70,-0.0710,0.0002,32,0.751,0.000,0.00,0.00,23.359,0
phase1 acc_mag=9.445 gravity=9.538 motion=0.093 moving_avg=0.126 rms=0.170 mean_rms=0.139 max_rms=0.173 min_rms=0.109 std=0.022 var=0.000 state=standing thr=0.182/0.382/0.882
0.00,20.81,270.12,0.6961,-0.1277,-0.1279,0.6948,-0.01,-3.23,8.87,-0.81,0.19,2.12,9.44,0,1.70,-0.0711,0.0000,32,0.751,0.000,0.00,0.00,23.359,0
0.00,20.75,270.12,0.6967,-0.1277,-0.1270,0.6945,0.14,-3.44,8.83,2.81,1.19,-1.12,9.48,0,1.70,-0.0709,0.0003,32,0.751,0.000,0.00,0.00,23.359,0
0.00,20.44,270.31,0.6973,-0.1260,-0.1253,0.6944,-0.03,-3.26,8.94,0.94,-3.31,7.12,9.52,0,1.70,-0.0699,0.0003,32,0.751,0.000,0.00,0.00,23.359,0
0.00,20.31,270.06,0.6966,-0.1249,-0.1251,0.6953,0.00,-3.19,8.86,2.12,-0.12,-2.75,9.42,0,1.70,-0.0696,0.0000,32,0.751,0.000,0.00,0.00,23.359,0
phase1 acc_mag=9.593 gravity=9.546 motion=0.047 moving_avg=0.128 rms=0.170 mean_rms=0.152 max_rms=0.173 min_rms=0.113 std=0.019 var=0.000 state=standing thr=0.189/0.389/0.889
0.00,20.31,270.06,0.6967,-0.1248,-0.1250,0.6953,0.01,-3.14,8.95,-0.12,-0.31,1.12,9.48,0,1.70,-0.0695,-0.0000,32,0.751,0.000,0.00,0.00,23.359,0
0.00,20.31,269.94,0.6958,-0.1251,-0.1250,0.6961,-0.11,-3.23,8.91,-0.50,-0.75,4.62,9.48,0,1.70,-0.0696,0.0000,32,0.751,0.000,0.00,0.00,23.359,0
0.00,20.31,270.00,0.6960,-0.1252,-0.1249,0.6959,0.00,-3.18,8.93,0.25,1.00,-5.19,9.48,0,1.70,-0.0696,0.0001,32,0.751,0.000,0.00,0.00,23.359,0
0.00,20.44,270.12,0.6969,-0.1255,-0.1260,0.6948,-0.08,-3.59,9.06,-2.06,-0.75,-3.81,9.75,0,1.70,-0.0700,-0.0000,32,0.751,0.000,0.00,0.00,23.359,0
phase1 acc_mag=9.661 gravity=9.552 motion=0.109 moving_avg=0.115 rms=0.155 mean_rms=0.159 max_rms=0.173 min_rms=0.132 std=0.013 var=0.000 state=standing thr=0.185/0.385/0.885
0.19,20.44,270.31,0.6981,-0.1245,-0.1266,0.6936,0.01,-3.13,8.86,0.19,-0.62,-3.12,9.40,0,1.70,-0.0699,-0.0004,32,0.751,0.000,0.00,0.00,23.359,0
0.38,20.50,270.69,0.7004,-0.1240,-0.1275,0.6912,0.01,-2.95,8.80,2.50,-1.19,-4.81,9.28,0,1.70,-0.0700,-0.0005,32,0.751,0.000,0.00,0.00,23.359,0
0.44,20.44,270.88,0.7012,-0.1236,-0.1278,0.6904,0.01,-3.63,9.08,-1.75,0.62,-0.56,9.78,0,1.70,-0.0700,-0.0006,32,0.751,0.000,0.00,0.00,23.359,0
phase1 acc_mag=9.513 gravity=9.524 motion=0.011 moving_avg=0.105 rms=0.133 mean_rms=0.161 max_rms=0.173 min_rms=0.133 std=0.009 var=0.000 state=standing thr=0.180/0.380/0.880
0.44,20.50,270.94,0.7015,-0.1245,-0.1282,0.6898,0.13,-3.33,8.91,-4.00,0.62,2.56,9.51,0,1.70,-0.0703,-0.0004,32,0.751,0.000,0.00,0.00,23.359,0
0.38,20.69,271.44,0.7047,-0.1261,-0.1281,0.6863,-0.03,-3.48,9.05,1.06,1.88,-6.88,9.70,0,1.70,-0.0707,0.0004,32,0.751,0.000,0.00,0.00,23.359,0
0.38,20.69,271.62,0.7057,-0.1266,-0.1279,0.6852,0.01,-3.24,8.89,-0.75,1.50,-2.00,9.46,0,1.70,-0.0708,0.0007,32,0.751,0.000,0.00,0.00,23.359,0
0.38,20.69,271.81,0.7069,-0.1265,-0.1277,0.6840,0.10,-3.21,8.86,1.56,0.00,-1.94,9.42,0,1.70,-0.0707,0.0008,32,0.751,0.000,0.00,0.00,23.359,0
phase1 acc_mag=9.590 gravity=9.541 motion=0.049 moving_avg=0.091 rms=0.117 mean_rms=0.154 max_rms=0.173 min_rms=0.117 std=0.019 var=0.000 state=standing thr=0.191/0.391/0.891
0.44,20.62,271.81,0.7068,-0.1262,-0.1277,0.6842,-0.03,-3.39,9.11,-0.50,-2.06,3.69,9.72,0,1.70,-0.0706,0.0007,32,0.751,0.000,0.00,0.00,23.359,0
0.56,20.81,271.62,0.7059,-0.1257,-0.1301,0.6848,0.08,-3.92,8.98,-1.00,-6.31,-8.44,9.80,0,1.70,-0.0712,-0.0001,32,0.751,0.000,0.00,0.00,23.359,0
1.06,20.62,272.38,0.7099,-0.1227,-0.1312,0.6810,0.27,-3.44,8.92,-0.69,-0.19,-15.31,9.56,0,1.70,-0.0707,-0.0009,32,0.751,0.000,0.00,0.00,23.359,0
1.19,20.62,273.06,0.7142,-0.1227,-0.1310,0.6765,0.25,-3.29,8.94,-0.25,3.06,-2.62,9.53,0,1.70,-0.0706,-0.0004,32,0.751,0.000,0.00,0.00,23.359,0
phase1 acc_mag=9.495 gravity=9.529 motion=0.034 moving_avg=0.090 rms=0.114 mean_rms=0.143 max_rms=0.173 min_rms=0.105 std=0.023 var=0.001 state=standing thr=0.189/0.389/0.889
1.12,20.69,273.31,0.7155,-0.1240,-0.1309,0.6749,0.00,-3.46,8.96,-1.00,1.75,-2.38,9.60,0,1.70,-0.0709,0.0002,32,0.751,0.000,0.00,0.00,23.359,0
1.06,20.75,273.00,0.7134,-0.1238,-0.1309,0.6772,0.22,-3.29,8.97,1.75,-2.56,4.56,9.56,0,1.70,-0.0709,-0.0001,32,0.751,0.000,0.00,0.00,23.359,0
1.06,20.69,272.56,0.7111,-0.1230,-0.1311,0.6797,0.25,-3.24,8.91,0.88,-2.81,6.62,9.48,0,1.70,-0.0707,-0.0006,32,0.751,0.000,0.00,0.00,23.359,0
1.06,20.69,272.38,0.7100,-0.1230,-0.1313,0.6809,0.15,-3.44,9.02,0.00,-0.62,1.44,9.65,0,1.70,-0.0708,-0.0008,32,0.751,0.000,0.00,0.00,23.359,0
phase1 acc_mag=9.505 gravity=9.530 motion=0.025 moving_avg=0.088 rms=0.111 mean_rms=0.131 max_rms=0.168 min_rms=0.105 std=0.021 var=0.000 state=standing thr=0.172/0.372/0.872
1.06,20.69,272.12,0.7087,-0.1226,-0.1318,0.6822,0.15,-3.44,8.89,-0.44,-1.00,4.62,9.53,0,1.70,-0.0708,-0.0012,32,0.751,0.000,0.00,0.00,23.359,0
1.12,20.62,272.06,0.7081,-0.1221,-0.1317,0.6829,0.36,-3.31,8.99,0.38,-0.69,1.12,9.59,0,1.70,-0.0707,-0.0014,32,0.751,0.000,0.00,0.00,23.359,0
1.12,20.62,272.12,0.7087,-0.1221,-0.1318,0.6823,0.14,-3.34,8.84,0.25,0.25,-2.19,9.45,0,1.70,-0.0707,-0.0014,32,0.751,0.000,0.00,0.00,23.359,0
1.19,20.62,272.12,0.7086,-0.1216,-0.1321,0.6824,0.19,-3.20,8.90,0.12,-1.62,2.69,9.46,0,1.70,-0.0706,-0.0016,32,0.751,0.000,0.00,0.00,23.359,0
phase1 acc_mag=9.538 gravity=9.522 motion=0.016 moving_avg=0.088 rms=0.111 mean_rms=0.121 max_rms=0.157 min_rms=0.105 std=0.016 var=0.000 state=standing thr=0.152/0.352/0.852
1.19,20.69,272.06,0.7081,-0.1218,-0.1324,0.6828,0.18,-3.27,8.87,-1.50,-0.44,-1.12,9.46,0,1.70,-0.0708,-0.0017,32,0.751,0.000,0.00,0.00,23.359,0
1.12,20.81,272.19,0.7086,-0.1230,-0.1326,0.6820,0.10,-3.15,8.95,1.44,1.62,0.06,9.49,0,1.70,-0.0712,-0.0013,32,0.751,0.000,0.00,0.00,23.359,0
1.12,20.88,272.19,0.7088,-0.1239,-0.1331,0.6816,0.25,-3.32,8.94,-1.06,0.00,-0.50,9.54,0,1.70,-0.0715,-0.0011,32,0.751,0.000,0.00,0.00,23.359,0
1.12,20.88,272.19,0.7084,-0.1234,-0.1334,0.6820,0.24,-3.41,8.87,0.00,-2.00,2.31,9.51,0,1.70,-0.0714,-0.0014,32,0.751,0.000,0.00,0.00,23.359,0
phase1 acc_mag=9.543 gravity=9.526 motion=0.017 moving_avg=0.074 rms=0.094 mean_rms=0.111 max_rms=0.124 min_rms=0.094 std=0.007 var=0.000 state=standing thr=0.125/0.350/0.850
1.19,20.88,272.25,0.7090,-0.1231,-0.1333,0.6814,-0.06,-3.52,8.95,0.56,0.75,-2.06,9.62,0,1.70,-0.0714,-0.0014,32,0.751,0.000,0.00,0.00,23.359,0
1.19,20.75,272.19,0.7087,-0.1224,-0.1331,0.6820,0.20,-3.28,8.91,1.56,-0.25,0.75,9.50,0,1.70,-0.0711,-0.0016,32,0.751,0.000,0.00,0.00,23.359,0
1.25,20.69,272.00,0.7078,-0.1216,-0.1332,0.6830,0.01,-3.22,8.83,2.38,-2.50,0.88,9.40,0,1.70,-0.0709,-0.0019,32,0.751,0.000,0.00,0.00,23.359,0
1.31,20.69,271.81,0.7066,-0.1210,-0.1338,0.6843,0.06,-3.19,8.87,0.44,-0.06,1.00,9.43,0,1.70,-0.0709,-0.0024,32,0.751,0.000,0.00,0.00,23.359,0
phase1 acc_mag=9.609 gravity=9.524 motion=0.085 moving_avg=0.076 rms=0.099 mean_rms=0.105 max_rms=0.114 min_rms=0.090 std=0.008 var=0.000 state=standing thr=0.122/0.350/0.850
1.31,20.81,271.75,0.7061,-0.1212,-0.1345,0.6846,0.09,-3.52,9.00,-0.88,0.19,-0.69,9.66,0,1.70,-0.0712,-0.0026,32,0.751,0.000,0.00,0.00,23.359,0
1.44,20.75,271.69,0.7054,-0.1200,-0.1346,0.6854,0.14,-3.40,8.84,3.00,-2.06,1.19,9.47,0,1.70,-0.0709,-0.0031,32,0.751,0.000,0.00,0.00,23.359,0
1.44,20.75,271.50,0.7049,-0.1203,-0.1353,0.6858,0.26,-3.79,9.11,-3.44,-0.19,-2.06,9.87,0,1.70,-0.0712,-0.0032,32,0.751,0.000,0.00,0.00,23.359,0
1.50,20.81,271.62,0.7053,-0.1204,-0.1357,0.6853,0.28,-3.25,8.84,-0.81,0.31,1.00,9.42,0,1.70,-0.0713,-0.0033,32,0.751,0.000,0.00,0.00,23.359,0
phase1 acc_mag=9.694 gravity=9.537 motion=0.157 moving_avg=0.083 rms=0.105 mean_rms=0.103 max_rms=0.113 min_rms=0.090 std=0.008 var=0.000 state=standing thr=0.119/0.350/0.850
1.50,20.81,271.69,0.7057,-0.1202,-0.1360,0.6848,0.13,-3.24,8.84,0.19,-1.50,-3.00,9.42,0,1.70,-0.0713,-0.0033,32,0.751,0.000,0.00,0.00,23.359,0
1.69,20.88,271.81,0.7065,-0.1196,-0.1371,0.6839,0.23,-3.46,8.90,-1.56,-2.88,-1.94,9.55,0,1.70,-0.0715,-0.0037,32,0.751,0.000,0.00,0.00,23.359,0
1.94,20.81,271.81,0.7068,-0.1178,-0.1382,0.6837,0.36,-3.46,8.84,-0.44,-0.25,-3.50,9.50,0,1.70,-0.0713,-0.0045,32,0.751,0.000,0.00,0.00,23.359,0
phase1 acc_mag=9.557 gravity=9.525 motion=0.031 moving_avg=0.086 rms=0.108 mean_rms=0.102 max_rms=0.113 min_rms=0.090 std=0.007 var=0.000 state=standing thr=0.117/0.350/0.850
1.88,20.75,271.81,0.7064,-0.1180,-0.1375,0.6842,0.33,-3.28,8.97,-0.75,1.50,-0.88,9.56,0,1.70,-0.0711,-0.0043,32,0.751,0.000,0.00,0.00,23.359,0
1.75,20.75,271.81,0.7064,-0.1183,-0.1369,0.6843,0.31,-3.19,8.89,-1.06,-0.75,0.00,9.45,0,1.70,-0.0711,-0.0041,32,0.751,0.000,0.00,0.00,23.359,0
1.75,20.88,271.81,0.7064,-0.1193,-0.1372,0.6840,0.22,-3.60,9.00,-3.25,1.56,0.38,9.70,0,1.70,-0.0714,-0.0038,32,0.751,0.000,0.00,0.00,23.359,0
2.00,20.75,271.88,0.7067,-0.1172,-0.1384,0.6839,0.45,-3.24,8.91,2.69,-6.12,1.44,9.49,0,1.70,-0.0712,-0.0047,32,0.751,0.000,0.00,0.00,23.359,0
phase1 acc_mag=9.183 gravity=9.532 motion=0.349 moving_avg=0.099 rms=0.134 mean_rms=0.102 max_rms=0.134 min_rms=0.090 std=0.008 var=0.000 state=slow thr=0.118/0.350/0.850
2.31,20.69,271.81,0.7064,-0.1143,-0.1400,0.6844,0.43,-3.65,9.10,2.31,-6.38,1.75,9.81,0,1.70,-0.0709,-0.0060,32,0.751,0.000,0.00,0.00,23.359,0
2.31,20.75,271.88,0.7067,-0.1150,-0.1404,0.6838,0.31,-3.70,8.95,-3.12,3.69,2.00,9.69,0,1.70,-0.0711,-0.0059,32,0.751,0.000,0.00,0.00,23.359,0
2.06,20.69,271.62,0.7054,-0.1158,-0.1385,0.6854,0.35,-3.09,8.96,-2.31,2.69,1.38,9.48,0,1.70,-0.0708,-0.0053,32,0.751,0.000,0.00,0.00,23.359,0
1.94,20.62,271.69,0.7061,-0.1166,-0.1377,0.6848,0.29,-3.46,9.01,-0.75,0.44,-4.38,9.66,0,1.70,-0.0708,-0.0048,32,0.751,0.000,0.00,0.00,23.359,0
phase1 acc_mag=9.506 gravity=9.530 motion=0.025 moving_avg=0.116 rms=0.152 mean_rms=0.112 max_rms=0.153 min_rms=0.090 std=0.020 var=0.000 state=standing thr=0.153/0.353/0.853
1.88,20.56,271.81,0.7067,-0.1166,-0.1367,0.6843,0.36,-3.41,8.93,-1.12,2.94,1.19,9.57,0,1.70,-0.0706,-0.0045,32,0.751,0.000,0.00,0.00,23.359,0
1.75,20.56,271.94,0.7072,-0.1175,-0.1351,0.6839,0.24,-2.95,8.73,-0.50,2.31,2.62,9.22,0,1.70,-0.0704,-0.0037,32,0.751,0.000,0.00,0.00,23.359,0
1.62,20.62,272.00,0.7077,-0.1187,-0.1348,0.6833,0.11,-3.54,8.98,-2.25,2.62,-2.50,9.65,0,1.70,-0.0706,-0.0032,32,0.751,0.000,0.00,0.00,23.359,0
1.50,20.62,271.94,0.7076,-0.1195,-0.1343,0.6833,0.18,-3.33,8.93,-2.06,0.81,-1.31,9.53,0,1.70,-0.0707,-0.0029,32,0.751,0.000,0.00,0.00,23.359,0
phase1 acc_mag=9.677 gravity=9.518 motion=0.159 moving_avg=0.111 rms=0.147 mean_rms=0.124 max_rms=0.155 min_rms=0.091 std=0.023 var=0.001 state=standing thr=0.169/0.369/0.869
1.50,20.69,272.00,0.7078,-0.1200,-0.1345,0.6830,0.22,-3.23,8.85,0.25,0.12,1.94,9.42,0,1.70,-0.0709,-0.0028,32,0.751,0.000,0.00,0.00,23.359,0
1.38,20.62,271.94,0.7073,-0.1201,-0.1335,0.6837,0.20,-3.15,8.89,2.00,1.19,0.38,9.43,0,1.70,-0.0706,-0.0025,32,0.751,0.000,0.00,0.00,23.359,0
1.38,20.62,271.94,0.7072,-0.1204,-0.1339,0.6837,0.26,-3.27,8.87,0.19,-0.69,1.31,9.46,0,1.70,-0.0708,-0.0026,32,0.751,0.000,0.00,0.00,23.359,0
1.38,20.62,271.94,0.7075,-0.1203,-0.1337,0.6835,0.19,-3.39,8.96,-1.19,-0.25,-1.56,9.58,0,1.70,-0.0707,-0.0025,32,0.751,0.000,0.00,0.00,23.359,0
phase1 acc_mag=9.577 gravity=9.518 motion=0.059 moving_avg=0.102 rms=0.140 mean_rms=0.134 max_rms=0.155 min_rms=0.105 std=0.020 var=0.000 state=standing thr=0.173/0.373/0.873
1.38,20.62,271.94,0.7076,-0.1203,-0.1336,0.6833,0.13,-3.54,8.95,-0.12,0.81,-2.38,9.63,0,1.70,-0.0707,-0.0025,32,0.751,0.000,0.00,0.00,23.359,0
1.44,20.56,272.00,0.7078,-0.1194,-0.1336,0.6832,0.29,-3.50,8.98,-1.81,-0.81,0.19,9.64,0,1.70,-0.0705,-0.0027,32,0.751,0.000,0.00,0.00,23.359,0
1.44,20.62,271.94,0.7076,-0.1201,-0.1342,0.6832,0.38,-3.49,9.01,-3.31,0.69,-4.19,9.67,0,1.70,-0.0708,-0.0027,32,0.751,0.000,0.00,0.00,23.359,0
phase1 acc_mag=9.795 gravity=9.528 motion=0.267 moving_avg=0.113 rms=0.151 mean_rms=0.142 max_rms=0.155 min_rms=0.107 std=0.014 var=0.000 state=standing thr=0.170/0.370/0.870
1.44,20.75,271.94,0.7073,-0.1205,-0.1344,0.6834,0.30,-3.76,9.04,-2.06,-0.12,2.44,9.80,0,1.70,-0.0710,-0.0027,32,0.751,0.000,0.00,0.00,23.359,0
1.44,20.75,272.12,0.7084,-0.1207,-0.1343,0.6823,0.22,-3.43,9.00,-0.94,0.31,0.69,9.63,0,1.70,-0.0710,-0.0025,32,0.751,0.000,0.00,0.00,23.359,0
1.38,20.69,272.12,0.7084,-0.1207,-0.1337,0.6825,0.44,-3.27,8.92,2.50,-0.62,1.94,9.51,0,1.70,-0.0709,-0.0023,32,0.751,0.000,0.00,0.00,23.359,0
1.38,20.69,272.25,0.7092,-0.1209,-0.1335,0.6816,-0.04,-3.65,9.02,-1.88,2.44,-6.12,9.73,0,1.70,-0.0708,-0.0021,32,0.751,0.000,0.00,0.00,23.359,0
phase1 acc_mag=9.651 gravity=9.527 motion=0.124 moving_avg=0.097 rms=0.122 mean_rms=0.147 max_rms=0.155 min_rms=0.122 std=0.007 var=0.000 state=standing thr=0.160/0.360/0.860
1.44,20.62,272.38,0.7097,-0.1206,-0.1334,0.6812,0.21,-3.17,8.84,0.75,-1.25,5.25,9.39,0,1.70,-0.0707,-0.0021,32,0.751,0.000,0.00,0.00,23.359,0
1.31,20.69,272.31,0.7095,-0.1212,-0.1330,0.6814,0.10,-3.29,8.94,1.31,-0.44,-0.44,9.53,0,1.70,-0.0708,-0.0018,32,0.751,0.000,0.00,0.00,23.359,0
1.38,20.62,272.25,0.7093,-0.1208,-0.1331,0.6816,0.22,-3.37,8.92,-1.25,-0.69,0.38,9.54,0,1.70,-0.0707,-0.0020,32,0.751,0.000,0.00,0.00,23.359,0
1.44,20.62,272.31,0.7096,-0.1202,-0.1336,0.6813,0.45,-3.14,8.86,0.38,-1.69,-1.00,9.41,0,1.70,-0.0707,-0.0023,32,0.751,0.000,0.00,0.00,23.359,0
phase1 acc_mag=9.521 gravity=9.541 motion=0.020 moving_avg=0.094 rms=0.119 mean_rms=0.140 max_rms=0.155 min_rms=0.113 std=0.013 var=0.000 state=standing thr=0.166/0.366/0.866
1.38,20.69,272.38,0.7100,-0.1211,-0.1332,0.6808,0.09,-3.26,8.89,1.81,2.69,0.38,9.47,0,1.70,-0.0708,-0.0019,32,0.751,0.000,0.00,0.00,23.359,0
1.31,20.62,272.44,0.7103,-0.1213,-0.1327,0.6805,0.15,-3.71,9.06,-1.50,0.56,0.38,9.79,0,1.70,-0.0707,-0.0017,32,0.751,0.000,0.00,0.00,23.359,0
1.31,20.56,272.38,0.7101,-0.1208,-0.1321,0.6810,0.12,-3.13,8.96,0.19,-0.31,-1.12,9.49,0,1.70,-0.0704,-0.0017,32,0.751,0.000,0.00,0.00,23.359,0
1.31,20.56,272.25,0.7092,-0.1207,-0.1325,0.6819,0.10,-3.41,8.96,-0.31,-0.88,0.50,9.59,0,1.70,-0.0705,-0.0019,32,0.751,0.000,0.00,0.00,23.359,0
phase1 acc_mag=9.520 gravity=9.540 motion=0.020 moving_avg=0.089 rms=0.115 mean_rms=0.133 max_rms=0.152 min_rms=0.113 std=0.015 var=0.000 state=standing thr=0.162/0.362/0.862
1.44,20.62,272.19,0.7090,-0.1202,-0.1337,0.6819,0.18,-3.13,8.88,3.88,-2.62,4.75,9.42,0,1.70,-0.0707,-0.0024,32,0.751,0.000,0.00,0.00,23.359,0
1.44,20.69,272.12,0.7086,-0.1202,-0.1341,0.6823,0.22,-3.27,8.90,-1.50,-1.06,-0.94,9.48,0,1.70,-0.0708,-0.0025,32,0.751,0.000,0.00,0.00,23.359,0
1.56,20.75,272.06,0.7080,-0.1204,-0.1353,0.6826,0.24,-3.32,8.93,-1.62,0.88,-0.25,9.53,0,1.70,-0.0712,-0.0028,32,0.751,0.000,0.00,0.00,23.359,0
1.50,20.81,272.00,0.7076,-0.1206,-0.1356,0.6829,0.34,-3.32,8.92,1.44,-0.69,-0.56,9.52,0,1.70,-0.0713,-0.0029,32,0.751,0.000,0.00,0.00,23.359,0
phase1 acc_mag=9.632 gravity=9.546 motion=0.085 moving_avg=0.090 rms=0.117 mean_rms=0.128 max_rms=0.152 min_rms=0.113 std=0.015 var=0.000 state=standing thr=0.157/0.357/0.857
1.56,20.81,272.06,0.7080,-0.1202,-0.1354,0.6826,0.27,-3.48,8.92,3.25,-0.44,0.44,9.58,0,1.70,-0.0712,-0.0029,32,0.751,0.000,0.00,0.00,23.359,0
1.56,20.81,272.06,0.7081,-0.1205,-0.1357,0.6824,0.19,-3.31,8.85,-2.81,1.06,-1.62,9.45,0,1.70,-0.0713,-0.0029,32,0.751,0.000,0.00,0.00,23.359,0
1.56,20.81,272.12,0.7083,-0.1205,-0.1356,0.6822,0.30,-3.17,8.89,1.56,-1.25,2.69,9.44,0,1.70,-0.0713,-0.0029,32,0.751,0.000,0.00,0.00,23.359,0
1.62,20.81,272.19,0.7087,-0.1201,-0.1360,0.6818,0.30,-3.40,8.94,1.19,-1.12,-1.06,9.57,0,1.70,-0.0713,-0.0030,32,0.751,0.000,0.00,0.00,23.359,0
phase1 acc_mag=9.610 gravity=9.536 motion=0.074 moving_avg=0.078 rms=0.100 mean_rms=0.119 max_rms=0.152 min_rms=0.100 std=0.012 var=0.000 state=standing thr=0.144/0.350/0.850
1.56,20.81,272.31,0.7094,-0.1205,-0.1354,0.6812,0.12,-3.27,8.90,-0.25,2.81,-1.00,9.48,0,1.70,-0.0713,-0.0027,32,0.751,0.000,0.00,0.00,23.359,0
1.50,20.81,272.31,0.7095,-0.1207,-0.1349,0.6810,0.33,-3.45,8.95,1.75,1.12,0.75,9.60,0,1.70,-0.0712,-0.0025,32,0.751,0.000,0.00,0.00,23.359,0
1.38,20.69,272.31,0.7095,-0.1208,-0.1337,0.6812,0.19,-3.26,8.96,1.38,-0.19,1.44,9.54,0,1.70,-0.0709,-0.0021,32,0.751,0.000,0.00,0.00,23.359,0
1.44,20.62,272.25,0.7092,-0.1201,-0.1338,0.6817,0.27,-3.31,8.95,-0.50,-0.50,1.56,9.55,0,1.70,-0.0707,-0.0024,32,0.751,0.000,0.00,0.00,23.359,0
phase1 acc_mag=9.504 gravity=9.531 motion=0.027 moving_avg=0.073 rms=0.097 mean_rms=0.111 max_rms=0.120 min_rms=0.097 std=0.008 var=0.000 state=standing thr=0.128/0.350/0.850
1.44,20.62,272.19,0.7090,-0.1202,-0.1337,0.6818,0.30,-3.34,8.95,0.00,0.44,-0.62,9.56,0,1.70,-0.0707,-0.0024,32,0.751,0.000,0.00,0.00,23.359,0
1.38,20.62,272.25,0.7092,-0.1204,-0.1332,0.6818,0.16,-3.26,8.82,1.56,0.69,-1.75,9.40,0,1.70,-0.0706,-0.0022,32,0.751,0.000,0.00,0.00,23.359,0
1.38,20.56,272.19,0.7089,-0.1202,-0.1331,0.6821,0.26,-3.22,8.94,-0.44,-0.69,2.69,9.51,0,1.70,-0.0705,-0.0022,32,0.751,0.000,0.00,0.00,23.359,0
1.38,20.56,272.06,0.7083,-0.1202,-0.1329,0.6829,0.20,-3.24,8.89,-1.38,-0.62,3.31,9.46,0,1.70,-0.0705,-0.0022,32,0.751,0.000,0.00,0.00,23.359,0
phase1 acc_mag=9.456 gravity=9.523 motion=0.067 moving_avg=0.065 rms=0.086 mean_rms=0.105 max_rms=0.118 min_rms=0.085 std=0.012 var=0.000 state=standing thr=0.128/0.350/0.850
1.31,20.56,271.94,0.7076,-0.1202,-0.1328,0.6835,0.22,-3.42,8.95,-0.38,-0.62,2.75,9.58,0,1.70,-0.0705,-0.0023,32,0.751,0.000,0.00,0.00,23.359,0
1.31,20.56,272.00,0.7080,-0.1203,-0.1328,0.6831,0.27,-3.39,8.97,0.38,0.62,-2.62,9.59,0,1.70,-0.0705,-0.0022,32,0.751,0.000,0.00,0.00,23.359,0
1.31,20.56,272.12,0.7087,-0.1200,-0.1324,0.6825,0.25,-3.11,8.89,2.12,1.06,-3.00,9.42,0,1.70,-0.0703,-0.0021,32,0.751,0.000,0.00,0.00,23.359,0
1.25,20.56,272.06,0.7084,-0.1206,-0.1324,0.6827,0.15,-3.26,8.97,-0.81,1.44,-1.06,9.55,0,1.70,-0.0704,-0.0020,32,0.751,0.000,0.00,0.00,23.359,0
phase1 acc_mag=9.491 gravity=9.522 motion=0.031 moving_avg=0.057 rms=0.072 mean_rms=0.096 max_rms=0.117 min_rms=0.071 std=0.014 var=0.000 state=standing thr=0.125/0.350/0.850
1.31,20.56,272.12,0.7086,-0.1205,-0.1323,0.6825,0.36,-3.29,8.92,-0.75,-0.81,1.81,9.51,0,1.70,-0.0704,-0.0020,32,0.751,0.000,0.00,0.00,23.359,0
1.25,20.62,272.06,0.7083,-0.1208,-0.1326,0.6828,0.12,-3.19,8.92,-0.38,0.06,0.38,9.47,0,1.70,-0.0706,-0.0020,32,0.751,0.000,0.00,0.00,23.359,0
1.25,20.62,272.00,0.7078,-0.1213,-0.1327,0.6831,0.17,-3.40,8.93,-0.44,0.31,-0.12,9.56,0,1.70,-0.0707,-0.0019,32,0.751,0.000,0.00,0.00,23.359,0
1.19,20.69,272.00,0.7078,-0.1218,-0.1327,0.6830,0.26,-3.31,8.91,-2.31,0.69,1.25,9.51,0,1.70,-0.0709,-0.0018,32,0.751,0.000,0.00,0.00,23.359,0
phase1 acc_mag=9.498 gravity=9.518 motion=0.020 moving_avg=0.055 rms=0.069 mean_rms=0.087 max_rms=0.109 min_rms=0.069 std=0.013 var=0.000 state=standing thr=0.113/0.350/0.850
1.19,20.75,272.12,0.7083,-0.1225,-0.1328,0.6824,0.06,-3.03,8.84,1.25,0.62,-2.25,9.35,0,1.70,-0.0711,-0.0015,32,0.751,0.000,0.00,0.00,23.359,0
1.12,20.81,271.94,0.7074,-0.1229,-0.1332,0.6832,0.30,-3.45,8.97,-1.19,-0.75,0.19,9.62,0,1.70,-0.0713,-0.0016,32,0.751,0.000,0.00,0.00,23.359,0
1.25,20.88,272.25,0.7090,-0.1229,-0.1335,0.6814,0.06,-3.40,8.92,-0.75,1.56,-2.81,9.55,0,1.70,-0.0714,-0.0015,32,0.751,0.000,0.00,0.00,23.359,0
phase1 acc_mag=9.489 gravity=9.516 motion=0.027 moving_avg=0.052 rms=0.067 mean_rms=0.079 max_rms=0.100 min_rms=0.067 std=0.011 var=0.000 state=standing thr=0.102/0.350/0.850
1.25,20.81,272.44,0.7101,-0.1227,-0.1335,0.6803,0.18,-3.23,8.92,-0.50,0.31,-1.81,9.49,0,1.70,-0.0713,-0.0015,32,0.751,0.000,0.00,0.00,23.359,0
1.31,20.88,272.25,0.7092,-0.1228,-0.1342,0.6812,0.24,-3.40,8.89,0.62,-3.00,1.88,9.52,0,1.70,-0.0715,-0.0017,32,0.751,0.000,0.00,0.00,23.359,0
1.31,20.88,272.12,0.7084,-0.1223,-0.1345,0.6820,0.18,-3.39,8.90,-0.94,0.06,1.38,9.53,0,1.70,-0.0715,-0.0020,32,0.751,0.000,0.00,0.00,23.359,0
1.38,20.94,272.19,0.7086,-0.1224,-0.1348,0.6817,0.24,-3.36,8.92,0.56,-0.56,-2.12,9.53,0,1.70,-0.0716,-0.0021,32,0.751,0.000,0.00,0.00,23.359,0
phase1 acc_mag=9.543 gravity=9.519 motion=0.025 moving_avg=0.050 rms=0.062 mean_rms=0.073 max_rms=0.089 min_rms=0.062 std=0.008 var=0.000 state=standing thr=0.089/0.350/0.850
1.38,20.88,272.25,0.7090,-0.1221,-0.1348,0.6813,0.13,-3.22,8.90,-0.38,-0.12,0.00,9.47,0,1.70,-0.0715,-0.0021,32,0.751,0.000,0.00,0.00,23.359,0
1.44,20.94,272.19,0.7084,-0.1222,-0.1353,0.6818,0.25,-3.10,8.84,0.00,-0.88,2.25,9.37,0,1.70,-0.0717,-0.0023,32,0.751,0.000,0.00,0.00,23.359,0
1.44,21.00,272.12,0.7081,-0.1224,-0.1360,0.6821,0.06,-3.27,8.88,1.38,-0.38,-3.00,9.46,0,1.70,-0.0719,-0.0025,32,0.751,0.000,0.00,0.00,23.359,0
1.50,21.00,272.06,0.7076,-0.1220,-0.1364,0.6825,0.28,-3.39,8.94,0.69,-0.69,-0.38,9.57,0,1.70,-0.0719,-0.0027,32,0.751,0.000,0.00,0.00,23.359,0
phase1 acc_mag=9.547 gravity=9.518 motion=0.029 moving_avg=0.056 rms=0.069 mean_rms=0.069 max_rms=0.080 min_rms=0.061 std=0.005 var=0.000 state=standing thr=0.080/0.350/0.850
1.50,21.00,272.12,0.7080,-0.1218,-0.1364,0.6821,0.22,-3.39,8.89,-1.12,-0.25,1.75,9.52,0,1.70,-0.0718,-0.0027,32,0.751,0.000,0.00,0.00,23.359,0
1.50,21.00,272.12,0.7083,-0.1218,-0.1364,0.6819,0.13,-3.24,8.80,1.44,0.75,-3.88,9.38,0,1.70,-0.0719,-0.0027,32,0.751,0.000,0.00,0.00,23.359,0
1.50,21.00,272.19,0.7083,-0.1219,-0.1365,0.6818,0.22,-3.40,9.00,-0.69,0.25,1.12,9.62,0,1.70,-0.0719,-0.0027,32,0.751,0.000,0.00,0.00,23.359,0
1.62,21.00,272.12,0.7079,-0.1212,-0.1373,0.6821,0.38,-3.20,8.90,-2.81,-1.81,-4.06,9.47,0,1.70,-0.0719,-0.0031,32,0.751,0.000,0.00,0.00,23.359,0
phase1 acc_mag=9.548 gravity=9.515 motion=0.034 moving_avg=0.060 rms=0.074 mean_rms=0.068 max_rms=0.074 min_rms=0.061 std=0.005 var=0.000 state=standing thr=0.080/0.350/0.850
1.69,21.12,272.19,0.7081,-0.1214,-0.1385,0.6817,0.21,-3.58,8.99,-0.12,-2.56,2.00,9.68,0,1.70,-0.0723,-0.0034,32,0.751,0.000,0.00,0.00,23.359,0
1.75,20.94,272.00,0.7074,-0.1199,-0.1374,0.6829,0.32,-3.23,8.76,2.00,0.38,2.50,9.34,0,1.70,-0.0716,-0.0036,32,0.751,0.000,0.00,0.00,23.359,0
1.62,20.94,272.00,0.7075,-0.1207,-0.1371,0.6827,0.47,-3.35,8.90,-2.06,0.44,2.69,9.52,0,1.70,-0.0718,-0.0033,32,0.751,0.000,0.00,0.00,23.359,0
1.56,21.00,272.25,0.7087,-0.1217,-0.1366,0.6813,0.25,-3.44,8.99,-0.56,1.38,-2.50,9.63,0,1.70,-0.0719,-0.0027,32,0.751,0.000,0.00,0.00,23.359,0
phase1 acc_mag=9.406 gravity=9.515 motion=0.109 moving_avg=0.072 rms=0.090 mean_rms=0.071 max_rms=0.090 min_rms=0.061 std=0.009 var=0.000 state=slow thr=0.089/0.350/0.850
1.50,21.12,272.19,0.7082,-0.1230,-0.1367,0.6816,0.20,-3.37,8.93,-1.38,1.31,1.94,9.55,0,1.70,-0.0722,-0.0024,32,0.751,0.000,0.00,0.00,23.359,0
1.38,21.19,272.12,0.7078,-0.1236,-0.1367,0.6819,0.19,-3.30,8.89,0.12,1.06,-2.38,9.48,0,1.70,-0.0724,-0.0023,32,0.751,0.000,0.00,0.00,23.359,0
1.38,21.12,272.19,0.7083,-0.1239,-0.1365,0.6814,0.24,-3.34,8.89,-0.75,0.62,0.06,9.50,0,1.70,-0.0724,-0.0021,32,0.751,0.000,0.00,0.00,23.359,0
phase1 acc_mag=9.450 gravity=9.515 motion=0.065 moving_avg=0.068 rms=0.087 mean_rms=0.075 max_rms=0.090 min_rms=0.061 std=0.011 var=0.000 state=standing thr=0.097/0.350/0.850
1.25,21.19,272.19,0.7084,-0.1251,-0.1359,0.6812,0.10,-3.23,8.88,-0.06,2.25,1.44,9.45,0,1.70,-0.0726,-0.0016,32,0.751,0.000,0.00,0.00,23.359,0
1.12,21.31,272.19,0.7082,-0.1261,-0.1358,0.6813,0.33,-3.59,8.88,-1.75,0.56,1.19,9.58,0,1.70,-0.0728,-0.0013,32,0.751,0.000,0.00,0.00,23.359,0
0.94,21.38,272.12,0.7078,-0.1277,-0.1352,0.6815,0.10,-3.35,8.84,-1.06,3.50,-2.38,9.45,0,1.70,-0.0731,-0.0007,32,0.751,0.000,0.00,0.00,23.359,0
0.88,21.31,272.19,0.7076,-0.1275,-0.1340,0.6819,0.21,-3.39,9.00,2.88,-1.88,9.00,9.62,0,1.70,-0.0727,-0.0005,32,0.751,0.000,0.00,0.00,23.359,0
phase1 acc_mag=9.446 gravity=9.514 motion=0.068 moving_avg=0.072 rms=0.093 mean_rms=0.080 max_rms=0.093 min_rms=0.061 std=0.010 var=0.000 state=standing thr=0.101/0.350/0.850
1.19,21.25,272.19,0.7084,-0.1255,-0.1356,0.6812,0.23,-3.46,8.96,0.25,-4.12,-4.62,9.61,0,1.70,-0.0726,-0.0014,32,0.751,0.000,0.00,0.00,23.359,0
1.38,21.00,272.19,0.7084,-0.1229,-0.1352,0.6817,0.35,-3.48,8.78,4.12,0.81,3.31,9.45,0,1.70,-0.0718,-0.0020,32,0.751,0.000,0.00,0.00,23.359,0
0.94,20.88,272.00,0.7076,-0.1247,-0.1322,0.6829,0.27,-3.30,8.97,0.62,6.31,-0.19,9.56,0,1.70,-0.0715,-0.0008,32,0.751,0.000,0.00,0.00,23.359,0
phase1 acc_mag=9.741 gravity=9.520 motion=0.221 moving_avg=0.079 rms=0.100 mean_rms=0.087 max_rms=0.100 min_rms=0.069 std=0.008 var=0.000 state=standing thr=0.104/0.350/0.850
0.81,20.94,272.00,0.7075,-0.1257,-0.1321,0.6829,0.16,-3.60,9.05,-2.00,-3.50,-0.06,9.74,0,1.70,-0.0717,-0.0005,32,0.751,0.000,0.00,0.00,23.359,0
0.75,20.81,271.88,0.7068,-0.1250,-0.1309,0.6838,-0.05,-3.31,8.89,-2.25,2.69,3.88,9.49,0,1.70,-0.0712,-0.0005,32,0.751,0.000,0.00,0.00,23.359,0
0.62,20.94,271.75,0.7060,-0.1265,-0.1312,0.6844,-0.04,-3.46,9.03,-3.88,-1.44,-2.19,9.67,0,1.70,-0.0717,-0.0002,32,0.751,0.000,0.00,0.00,23.359,0
0.94,21.12,271.69,0.7054,-0.1257,-0.1339,0.6846,0.02,-3.60,8.93,-2.56,-3.75,-2.06,9.63,0,1.70,-0.0722,-0.0012,32,0.751,0.000,0.00,0.00,23.359,0
phase1 acc_mag=9.499 gravity=9.518 motion=0.019 moving_avg=0.084 rms=0.109 mean_rms=0.094 max_rms=0.110 min_rms=0.078 std=0.009 var=0.000 state=standing thr=0.111/0.350/0.850
1.25,21.12,271.69,0.7054,-0.1240,-0.1360,0.6844,0.31,-3.33,8.84,-0.75,-3.94,0.19,9.45,0,1.70,-0.0723,-0.0023,32,0.751,0.000,0.00,0.00,23.359,0
1.44,21.38,271.81,0.7059,-0.1244,-0.1384,0.6834,0.09,-3.54,8.94,-4.12,-3.94,-3.75,9.62,0,1.70,-0.0731,-0.0027,32,0.751,0.000,0.00,0.00,23.359,0
1.75,21.50,272.06,0.7072,-0.1232,-0.1413,0.6818,0.36,-3.58,8.95,-0.62,-3.69,-3.12,9.65,0,1.70,-0.0736,-0.0037,32,0.751,0.000,0.00,0.00,23.359,0
2.06,21.62,272.38,0.7087,-0.1224,-0.1435,0.6799,0.41,-3.48,8.74,-4.94,-0.44,-7.81,9.42,0,1.70,-0.0740,-0.0043,32,0.751,0.000,0.00,0.00,23.359,0
phase1 acc_mag=9.459 gravity=9.521 motion=0.062 moving_avg=0.079 rms=0.103 mean_rms=0.096 max_rms=0.110 min_rms=0.087 std=0.008 var=0.000 state=standing thr=0.113/0.350/0.850
2.12,21.75,272.69,0.7110,-0.1237,-0.1442,0.6771,0.46,-3.51,8.74,-4.06,3.31,-7.75,9.43,0,1.70,-0.0745,-0.0039,32,0.751,0.000,0.00,0.00,23.359,0
2.19,21.88,273.38,0.7145,-0.1250,-0.1446,0.6730,0.41,-3.62,8.96,-2.19,0.69,-6.75,9.67,0,1.70,-0.0750,-0.0032,32,0.751,0.000,0.00,0.00,23.359,0
2.19,22.00,273.69,0.7162,-0.1260,-0.1451,0.6709,0.33,-3.46,8.92,-2.44,1.69,-3.69,9.57,0,1.70,-0.0754,-0.0028,32,0.751,0.000,0.00,0.00,23.359,0
phase1 acc_mag=9.371 gravity=9.518 motion=0.147 moving_avg=0.092 rms=0.115 mean_rms=0.101 max_rms=0.115 min_rms=0.087 std=0.009 var=0.000 state=standing thr=0.118/0.350/0.850
2.12,22.12,273.94,0.7175,-0.1274,-0.1450,0.6693,0.30,-3.34,8.75,-3.75,3.25,-3.12,9.37,0,1.70,-0.0757,-0.0023,32,0.751,0.000,0.00,0.00,23.359,0
2.19,22.31,274.19,0.7186,-0.1286,-0.1461,0.6676,0.53,-3.47,8.88,0.38,0.75,-2.94,9.55,0,1.70,-0.0763,-0.0021,32,0.751,0.000,0.00,0.00,23.359,0
2.06,22.31,274.38,0.7197,-0.1295,-0.1453,0.6664,0.20,-3.57,8.87,2.50,2.50,-1.38,9.56,0,1.70,-0.0763,-0.0014,32,0.751,0.000,0.00,0.00,23.359,0
1.94,22.25,274.50,0.7207,-0.1300,-0.1440,0.6655,0.18,-3.42,8.81,-2.50,0.69,-0.56,9.45,0,1.70,-0.0761,-0.0009,32,0.751,0.000,0.00,0.00,23.359,0
phase1 acc_mag=9.664 gravity=9.526 motion=0.138 moving_avg=0.097 rms=0.118 mean_rms=0.107 max_rms=0.118 min_rms=0.094 std=0.008 var=0.000 state=standing thr=0.123/0.350/0.850
2.12,22.31,274.62,0.7213,-0.1291,-0.1458,0.6647,0.23,-3.67,8.83,-0.94,-2.56,-3.56,9.57,0,1.70,-0.0764,-0.0015,32,0.751,0.000,0.00,0.00,23.359,0
2.31,22.44,274.62,0.7211,-0.1290,-0.1475,0.6645,0.27,-3.79,8.89,-3.50,-2.31,1.44,9.67,0,1.70,-0.0768,-0.0020,32,0.751,0.000,0.00,0.00,23.359,0
2.44,22.50,274.56,0.7206,-0.1283,-0.1486,0.6649,0.38,-3.58,8.81,1.31,-1.56,-1.00,9.52,0,1.70,-0.0769,-0.0025,32,0.751,0.000,0.00,0.00,23.359,0
2.50,22.50,274.62,0.7209,-0.1284,-0.1490,0.6646,0.50,-3.56,8.77,-3.06,0.75,2.19,9.48,0,1.70,-0.0771,-0.0026,32,0.751,0.000,0.00,0.00,23.359,0
phase1 acc_mag=9.639 gravity=9.532 motion=0.107 moving_avg=0.083 rms=0.104 mean_rms=0.110 max_rms=0.118 min_rms=0.097 std=0.007 var=0.000 state=standing thr=0.123/0.350/0.850
2.38,22.62,274.62,0.7208,-0.1298,-0.1488,0.6644,0.33,-3.85,8.88,-2.00,0.69,-1.81,9.68,0,1.70,-0.0774,-0.0021,32,0.751,0.000,0.00,0.00,23.359,0
2.31,22.56,274.62,0.7208,-0.1295,-0.1481,0.6646,0.45,-3.32,8.73,3.62,1.50,-0.88,9.35,0,1.70,-0.0771,-0.0020,32,0.751,0.000,0.00,0.00,23.359,0
2.31,22.56,274.75,0.7215,-0.1301,-0.1479,0.6638,0.13,-3.97,8.96,-1.88,1.38,-1.75,9.80,0,1.70,-0.0772,-0.0017,32,0.751,0.000,0.00,0.00,23.359,0
phase1 acc_mag=9.622 gravity=9.528 motion=0.095 moving_avg=0.094 rms=0.114 mean_rms=0.110 max_rms=0.118 min_rms=0.097 std=0.007 var=0.000 state=standing thr=0.124/0.350/0.850
2.25,22.62,274.88,0.7223,-0.1309,-0.1480,0.6628,0.39,-3.85,8.81,-3.56,2.69,-6.31,9.62,0,1.70,-0.0775,-0.0014,32,0.751,0.000,0.00,0.00,23.359,0
2.25,22.62,275.00,0.7231,-0.1310,-0.1475,0.6620,0.35,-3.69,8.84,0.44,0.50,0.06,9.59,0,1.70,-0.0773,-0.0012,32,0.751,0.000,0.00,0.00,23.359,0
2.19,22.50,275.06,0.7233,-0.1307,-0.1464,0.6620,0.22,-3.76,8.89,-0.25,0.12,0.31,9.65,0,1.70,-0.0770,-0.0010,32,0.751,0.000,0.00,0.00,23.359,0
2.19,22.44,275.06,0.7235,-0.1303,-0.1463,0.6619,0.45,-3.55,8.78,0.12,-0.56,1.25,9.48,0,1.70,-0.0768,-0.0010,32,0.751,0.000,0.00,0.00,23.359,0
phase1 acc_mag=9.523 gravity=9.528 motion=0.004 moving_avg=0.088 rms=0.108 mean_rms=0.112 max_rms=0.118 min_rms=0.101 std=0.005 var=0.000 state=standing thr=0.122/0.350/0.850
2.19,22.44,275.00,0.7232,-0.1303,-0.1462,0.6623,0.28,-3.63,8.86,-1.31,0.00,-0.38,9.58,0,1.70,-0.0768,-0.0010,32,0.751,0.000,0.00,0.00,23.359,0
2.19,22.50,275.06,0.7235,-0.1305,-0.1465,0.6619,0.33,-3.34,8.72,1.69,0.56,-1.50,9.34,0,1.70,-0.0769,-0.0010,32,0.751,0.000,0.00,0.00,23.359,0
2.12,22.56,275.06,0.7235,-0.1313,-0.1462,0.6618,0.33,-3.74,8.91,1.31,0.25,3.31,9.67,0,1.70,-0.0771,-0.0007,32,0.751,0.000,0.00,0.00,23.359,0
2.12,22.56,275.06,0.7234,-0.1313,-0.1464,0.6617,0.27,-3.83,8.92,-1.69,-1.31,0.56,9.71,0,1.70,-0.0771,-0.0007,32,0.751,0.000,0.00,0.00,23.359,0
phase1 acc_mag=9.437 gravity=9.531 motion=0.094 moving_avg=0.084 rms=0.104 mean_rms=0.111 max_rms=0.118 min_rms=0.101 std=0.006 var=0.000 state=standing thr=0.122/0.350/0.850
2.25,22.50,275.12,0.7238,-0.1306,-0.1465,0.6616,0.37,-3.50,8.79,-0.19,1.25,-1.94,9.47,0,1.70,-0.0770,-0.0010,32,0.751,0.000,0.00,0.00,23.359,0
2.19,22.50,275.12,0.7239,-0.1308,-0.1466,0.6614,0.48,-3.40,8.77,2.06,-1.75,-0.69,9.42,0,1.70,-0.0771,-0.0009,32,0.751,0.000,0.00,0.00,23.359,0
2.25,22.50,275.19,0.7244,-0.1309,-0.1470,0.6607,0.40,-3.31,8.75,-1.50,1.06,-2.25,9.36,0,1.70,-0.0772,-0.0009,32,0.751,0.000,0.00,0.00,23.359,0
2.38,22.62,275.31,0.7250,-0.1305,-0.1476,0.6600,0.47,-3.50,8.77,4.75,-1.38,-1.25,9.45,0,1.70,-0.0773,-0.0011,32,0.751,0.000,0.00,0.00,23.359,0
phase1 acc_mag=9.586 gravity=9.532 motion=0.054 moving_avg=0.089 rms=0.112 mean_rms=0.108 max_rms=0.116 min_rms=0.101 std=0.005 var=0.000 state=standing thr=0.119/0.350/0.850
2.50,22.50,275.38,0.7254,-0.1295,-0.1478,0.6597,0.43,-3.70,8.81,-0.06,-1.44,-3.69,9.57,0,1.70,-0.0770,-0.0014,32,0.751,0.000,0.00,0.00,23.359,0
2.44,22.44,275.38,0.7252,-0.1293,-0.1469,0.6602,0.32,-3.43,8.76,1.44,0.88,2.56,9.41,0,1.70,-0.0767,-0.0013,32,0.751,0.000,0.00,0.00,23.359,0
2.50,22.50,275.62,0.7269,-0.1295,-0.1475,0.6581,0.30,-3.89,8.89,-2.12,0.12,-7.31,9.71,0,1.70,-0.0770,-0.0012,32,0.751,0.000,0.00,0.00,23.359,0
phase1 acc_mag=9.445 gravity=9.532 motion=0.087 moving_avg=0.094 rms=0.114 mean_rms=0.109 max_rms=0.116 min_rms=0.101 std=0.005 var=0.000 state=standing thr=0.120/0.350/0.850
2.56,22.38,275.69,0.7272,-0.1282,-0.1472,0.6580,0.43,-3.48,8.77,3.31,-1.81,1.69,9.45,0,1.70,-0.0766,-0.0015,32,0.751,0.000,0.00,0.00,23.359,0
2.62,22.31,275.75,0.7278,-0.1279,-0.1471,0.6575,0.22,-3.90,8.91,-1.56,1.88,0.25,9.73,0,1.70,-0.0765,-0.0015,32,0.751,0.000,0.00,0.00,23.359,0
2.56,22.19,275.75,0.7280,-0.1273,-0.1461,0.6577,0.70,-3.18,8.73,3.94,-0.62,2.94,9.32,0,1.70,-0.0760,-0.0014,32,0.751,0.000,0.00,0.00,23.359,0
2.56,22.19,275.81,0.7280,-0.1276,-0.1461,0.6576,0.43,-3.55,8.84,-0.88,-0.94,-0.25,9.54,0,1.70,-0.0761,-0.0013,32,0.751,0.000,0.00,0.00,23.359,0
phase1 acc_mag=9.479 gravity=9.537 motion=0.058 moving_avg=0.090 rms=0.112 mean_rms=0.110 max_rms=0.116 min_rms=0.102 std=0.005 var=0.000 state=standing thr=0.120/0.350/0.850
2.56,22.19,275.75,0.7277,-0.1273,-0.1462,0.6580,0.31,-3.62,8.84,-0.12,-0.75,2.25,9.56,0,1.70,-0.0760,-0.0014,32,0.751,0.000,0.00,0.00,23.359,0
2.56,22.19,275.62,0.7272,-0.1273,-0.1465,0.6584,0.34,-3.65,8.90,-2.06,-1.25,-0.38,9.63,0,1.70,-0.0761,-0.0015,32,0.751,0.000,0.00,0.00,23.359,0
2.62,22.19,275.56,0.7264,-0.1270,-0.1467,0.6593,0.31,-3.62,8.85,-0.94,-0.31,2.38,9.57,0,1.70,-0.0761,-0.0018,32,0.751,0.000,0.00,0.00,23.359,0
2.50,22.12,275.19,0.7244,-0.1266,-0.1462,0.6617,0.36,-3.44,8.80,-0.31,0.00,3.19,9.46,0,1.70,-0.0759,-0.0020,32,0.751,0.000,0.00,0.00,23.359,0
phase1 acc_mag=9.366 gravity=9.533 motion=0.167 moving_avg=0.093 rms=0.114 mean_rms=0.110 max_rms=0.115 min_rms=0.102 std=0.005 var=0.000 state=standing thr=0.120/0.350/0.850
2.56,22.25,275.19,0.7245,-0.1268,-0.1472,0.6613,0.34,-3.65,8.85,-3.81,-1.12,-0.75,9.58,0,1.70,-0.0762,-0.0022,32,0.751,0.000,0.00,0.00,23.359,0
2.62,22.31,275.00,0.7234,-0.1270,-0.1479,0.6623,0.57,-3.38,8.79,1.75,-1.56,4.94,9.43,0,1.70,-0.0765,-0.0024,32,0.751,0.000,0.00,0.00,23.359,0
2.62,22.38,274.94,0.7228,-0.1273,-0.1487,0.6628,0.53,-3.53,8.85,-0.69,-0.25,0.75,9.54,0,1.70,-0.0768,-0.0026,32,0.751,0.000,0.00,0.00,23.359,0
2.56,22.44,274.94,0.7226,-0.1277,-0.1487,0.6628,0.37,-3.69,8.86,-1.62,0.88,0.38,9.60,0,1.70,-0.0769,-0.0025,32,0.751,0.000,0.00,0.00,23.359,0
phase1 acc_mag=9.568 gravity=9.535 motion=0.033 moving_avg=0.088 rms=0.111 mean_rms=0.111 max_rms=0.115 min_rms=0.102 std=0.004 var=0.000 state=standing thr=0.120/0.350/0.850
2.56,22.44,274.88,0.7223,-0.1278,-0.1483,0.6633,0.60,-3.48,8.77,-0.12,1.12,-2.06,9.45,0,1.70,-0.0768,-0.0024,32,0.751,0.000,0.00,0.00,23.359,0

===== Disconnected =====
